date,AAPL
1996-01-02,
1996-01-03,
1996-01-04,
1996-01-05,
1996-01-08,
1996-01-09,
1996-01-10,
1996-01-11,
1996-01-12,
1996-01-15,
1996-01-16,
1996-01-17,
1996-01-18,
1996-01-19,
1996-01-22,
1996-01-23,
1996-01-24,
1996-01-25,
1996-01-26,
1996-01-29,
1996-01-30,
1996-01-31,
1996-02-01,
1996-02-02,
1996-02-05,
1996-02-06,
1996-02-07,
1996-02-08,
1996-02-09,
1996-02-12,
1996-02-13,
1996-02-14,
1996-02-15,
1996-02-16,
1996-02-20,
1996-02-21,
1996-02-22,
1996-02-23,
1996-02-26,
1996-02-27,
1996-02-28,
1996-02-29,
1996-03-01,
1996-03-04,
1996-03-05,
1996-03-06,
1996-03-07,
1996-03-08,
1996-03-11,
1996-03-12,
1996-03-13,
1996-03-14,
1996-03-15,
1996-03-18,
1996-03-19,
1996-03-20,
1996-03-21,
1996-03-22,
1996-03-25,
1996-03-26,
1996-03-27,
1996-03-28,
1996-03-29,
1996-04-01,
1996-04-02,
1996-04-03,
1996-04-04,
1996-04-08,
1996-04-09,
1996-04-10,
1996-04-11,
1996-04-12,
1996-04-15,
1996-04-16,
1996-04-17,
1996-04-18,
1996-04-19,
1996-04-22,
1996-04-23,
1996-04-24,
1996-04-25,
1996-04-26,
1996-04-29,
1996-04-30,
1996-05-01,
1996-05-02,
1996-05-03,
1996-05-06,
1996-05-07,
1996-05-08,
1996-05-09,
1996-05-10,
1996-05-13,
1996-05-14,
1996-05-15,
1996-05-16,
1996-05-17,
1996-05-20,
1996-05-21,
1996-05-22,
1996-05-23,
1996-05-24,
1996-05-28,
1996-05-29,
1996-05-30,
1996-05-31,
1996-06-03,
1996-06-04,
1996-06-05,
1996-06-06,
1996-06-07,
1996-06-10,
1996-06-11,
1996-06-12,
1996-06-13,
1996-06-14,
1996-06-17,
1996-06-18,
1996-06-19,
1996-06-20,
1996-06-21,
1996-06-24,
1996-06-25,
1996-06-26,
1996-06-27,
1996-06-28,
1996-07-01,
1996-07-02,
1996-07-03,
1996-07-05,
1996-07-08,
1996-07-09,
1996-07-10,
1996-07-11,
1996-07-12,
1996-07-15,
1996-07-16,
1996-07-17,
1996-07-18,
1996-07-19,
1996-07-22,
1996-07-23,
1996-07-24,
1996-07-25,
1996-07-26,
1996-07-29,
1996-07-30,
1996-07-31,
1996-08-01,
1996-08-02,
1996-08-05,
1996-08-06,
1996-08-07,
1996-08-08,
1996-08-09,
1996-08-12,
1996-08-13,
1996-08-14,
1996-08-15,
1996-08-16,
1996-08-19,
1996-08-20,
1996-08-21,
1996-08-22,
1996-08-23,
1996-08-26,
1996-08-27,
1996-08-28,
1996-08-29,
1996-08-30,
1996-09-03,
1996-09-04,
1996-09-05,
1996-09-06,
1996-09-09,
1996-09-10,
1996-09-11,
1996-09-12,
1996-09-13,
1996-09-16,
1996-09-17,
1996-09-18,
1996-09-19,
1996-09-20,
1996-09-23,
1996-09-24,
1996-09-25,
1996-09-26,
1996-09-27,
1996-09-30,
1996-10-01,
1996-10-02,
1996-10-03,
1996-10-04,
1996-10-07,
1996-10-08,
1996-10-09,
1996-10-10,
1996-10-11,
1996-10-14,
1996-10-15,
1996-10-16,
1996-10-17,
1996-10-18,
1996-10-21,
1996-10-22,
1996-10-23,
1996-10-24,
1996-10-25,
1996-10-28,
1996-10-29,
1996-10-30,
1996-10-31,
1996-11-01,
1996-11-04,
1996-11-05,
1996-11-06,
1996-11-07,
1996-11-08,
1996-11-11,
1996-11-12,
1996-11-13,
1996-11-14,
1996-11-15,
1996-11-18,
1996-11-19,
1996-11-20,
1996-11-21,
1996-11-22,
1996-11-25,
1996-11-26,
1996-11-27,
1996-11-29,
1996-12-02,
1996-12-03,
1996-12-04,
1996-12-05,
1996-12-06,
1996-12-09,
1996-12-10,
1996-12-11,
1996-12-12,
1996-12-13,
1996-12-16,
1996-12-17,
1996-12-18,
1996-12-19,
1996-12-20,
1996-12-23,
1996-12-24,
1996-12-26,
1996-12-27,
1996-12-30,
1996-12-31,
1997-01-02,
1997-01-03,
1997-01-06,
1997-01-07,
1997-01-08,
1997-01-09,
1997-01-10,
1997-01-13,
1997-01-14,
1997-01-15,
1997-01-16,
1997-01-17,
1997-01-20,
1997-01-21,
1997-01-22,
1997-01-23,
1997-01-24,
1997-01-27,
1997-01-28,
1997-01-29,
1997-01-30,
1997-01-31,
1997-02-03,
1997-02-04,
1997-02-05,
1997-02-06,
1997-02-07,
1997-02-10,
1997-02-11,
1997-02-12,
1997-02-13,
1997-02-14,
1997-02-18,
1997-02-19,
1997-02-20,
1997-02-21,
1997-02-24,
1997-02-25,
1997-02-26,
1997-02-27,
1997-02-28,
1997-03-03,
1997-03-04,
1997-03-05,
1997-03-06,
1997-03-07,
1997-03-10,
1997-03-11,
1997-03-12,
1997-03-13,
1997-03-14,
1997-03-17,
1997-03-18,
1997-03-19,
1997-03-20,
1997-03-21,
1997-03-24,
1997-03-25,
1997-03-26,
1997-03-27,
1997-03-31,
1997-04-01,
1997-04-02,
1997-04-03,
1997-04-04,
1997-04-07,
1997-04-08,
1997-04-09,
1997-04-10,
1997-04-11,
1997-04-14,
1997-04-15,
1997-04-16,
1997-04-17,
1997-04-18,
1997-04-21,
1997-04-22,
1997-04-23,
1997-04-24,
1997-04-25,
1997-04-28,
1997-04-29,
1997-04-30,
1997-05-01,
1997-05-02,
1997-05-05,
1997-05-06,
1997-05-07,
1997-05-08,
1997-05-09,
1997-05-12,
1997-05-13,
1997-05-14,
1997-05-15,
1997-05-16,
1997-05-19,
1997-05-20,
1997-05-21,
1997-05-22,
1997-05-23,
1997-05-27,
1997-05-28,
1997-05-29,
1997-05-30,
1997-06-02,
1997-06-03,
1997-06-04,
1997-06-05,
1997-06-06,
1997-06-09,
1997-06-10,
1997-06-11,
1997-06-12,
1997-06-13,
1997-06-16,
1997-06-17,
1997-06-18,
1997-06-19,
1997-06-20,
1997-06-23,
1997-06-24,
1997-06-25,
1997-06-26,
1997-06-27,
1997-06-30,
1997-07-01,
1997-07-02,
1997-07-03,
1997-07-07,
1997-07-08,
1997-07-09,
1997-07-10,
1997-07-11,
1997-07-14,
1997-07-15,
1997-07-16,
1997-07-17,
1997-07-18,
1997-07-21,
1997-07-22,
1997-07-23,
1997-07-24,
1997-07-25,
1997-07-28,
1997-07-29,
1997-07-30,
1997-07-31,
1997-08-01,
1997-08-04,
1997-08-05,
1997-08-06,
1997-08-07,
1997-08-08,
1997-08-11,
1997-08-12,
1997-08-13,
1997-08-14,
1997-08-15,
1997-08-18,
1997-08-19,
1997-08-20,
1997-08-21,
1997-08-22,
1997-08-25,
1997-08-26,
1997-08-27,
1997-08-28,
1997-08-29,
1997-09-02,
1997-09-03,
1997-09-04,
1997-09-05,
1997-09-08,
1997-09-09,
1997-09-10,
1997-09-11,
1997-09-12,
1997-09-15,
1997-09-16,
1997-09-17,
1997-09-18,
1997-09-19,
1997-09-22,
1997-09-23,
1997-09-24,
1997-09-25,
1997-09-26,
1997-09-29,
1997-09-30,
1997-10-01,
1997-10-02,
1997-10-03,
1997-10-06,
1997-10-07,
1997-10-08,
1997-10-09,
1997-10-10,
1997-10-13,
1997-10-14,
1997-10-15,
1997-10-16,
1997-10-17,
1997-10-20,
1997-10-21,
1997-10-22,
1997-10-23,
1997-10-24,
1997-10-27,
1997-10-28,
1997-10-29,
1997-10-30,
1997-10-31,
1997-11-03,
1997-11-04,
1997-11-05,
1997-11-06,
1997-11-07,
1997-11-10,
1997-11-11,
1997-11-12,
1997-11-13,
1997-11-14,
1997-11-17,
1997-11-18,
1997-11-19,
1997-11-20,
1997-11-21,
1997-11-24,
1997-11-25,
1997-11-26,
1997-11-28,
1997-12-01,
1997-12-02,
1997-12-03,
1997-12-04,
1997-12-05,
1997-12-08,
1997-12-09,
1997-12-10,
1997-12-11,
1997-12-12,
1997-12-15,
1997-12-16,
1997-12-17,
1997-12-18,
1997-12-19,
1997-12-22,
1997-12-23,
1997-12-24,
1997-12-26,
1997-12-29,
1997-12-30,
1997-12-31,
1998-01-02,
1998-01-05,
1998-01-06,
1998-01-07,
1998-01-08,
1998-01-09,
1998-01-12,
1998-01-13,
1998-01-14,
1998-01-15,
1998-01-16,
1998-01-20,
1998-01-21,
1998-01-22,
1998-01-23,
1998-01-26,
1998-01-27,
1998-01-28,
1998-01-29,
1998-01-30,
1998-02-02,
1998-02-03,
1998-02-04,
1998-02-05,
1998-02-06,
1998-02-09,
1998-02-10,
1998-02-11,
1998-02-12,
1998-02-13,
1998-02-17,
1998-02-18,
1998-02-19,
1998-02-20,
1998-02-23,
1998-02-24,
1998-02-25,
1998-02-26,
1998-02-27,
1998-03-02,
1998-03-03,
1998-03-04,
1998-03-05,
1998-03-06,
1998-03-09,
1998-03-10,
1998-03-11,
1998-03-12,
1998-03-13,
1998-03-16,
1998-03-17,
1998-03-18,
1998-03-19,
1998-03-20,
1998-03-23,
1998-03-24,
1998-03-25,
1998-03-26,
1998-03-27,
1998-03-30,
1998-03-31,
1998-04-01,
1998-04-02,
1998-04-03,
1998-04-06,
1998-04-07,
1998-04-08,
1998-04-09,
1998-04-13,
1998-04-14,
1998-04-15,
1998-04-16,
1998-04-17,
1998-04-20,
1998-04-21,
1998-04-22,
1998-04-23,
1998-04-24,
1998-04-27,
1998-04-28,
1998-04-29,
1998-04-30,
1998-05-01,
1998-05-04,
1998-05-05,
1998-05-06,
1998-05-07,
1998-05-08,
1998-05-11,
1998-05-12,
1998-05-13,
1998-05-14,
1998-05-15,
1998-05-18,
1998-05-19,
1998-05-20,
1998-05-21,
1998-05-22,
1998-05-26,
1998-05-27,
1998-05-28,
1998-05-29,
1998-06-01,
1998-06-02,
1998-06-03,
1998-06-04,
1998-06-05,
1998-06-08,
1998-06-09,
1998-06-10,
1998-06-11,
1998-06-12,
1998-06-15,
1998-06-16,
1998-06-17,
1998-06-18,
1998-06-19,
1998-06-22,
1998-06-23,
1998-06-24,
1998-06-25,
1998-06-26,
1998-06-29,
1998-06-30,
1998-07-01,
1998-07-02,
1998-07-06,
1998-07-07,
1998-07-08,
1998-07-09,
1998-07-10,
1998-07-13,
1998-07-14,
1998-07-15,
1998-07-16,
1998-07-17,
1998-07-20,
1998-07-21,
1998-07-22,
1998-07-23,
1998-07-24,
1998-07-27,
1998-07-28,
1998-07-29,
1998-07-30,
1998-07-31,
1998-08-03,
1998-08-04,
1998-08-05,
1998-08-06,
1998-08-07,
1998-08-10,
1998-08-11,
1998-08-12,
1998-08-13,
1998-08-14,
1998-08-17,
1998-08-18,
1998-08-19,
1998-08-20,
1998-08-21,
1998-08-24,
1998-08-25,
1998-08-26,
1998-08-27,
1998-08-28,
1998-08-31,
1998-09-01,
1998-09-02,
1998-09-03,
1998-09-04,
1998-09-08,
1998-09-09,
1998-09-10,
1998-09-11,
1998-09-14,
1998-09-15,
1998-09-16,
1998-09-17,
1998-09-18,
1998-09-21,
1998-09-22,
1998-09-23,
1998-09-24,
1998-09-25,
1998-09-28,
1998-09-29,
1998-09-30,
1998-10-01,
1998-10-02,
1998-10-05,
1998-10-06,
1998-10-07,
1998-10-08,
1998-10-09,
1998-10-12,
1998-10-13,
1998-10-14,
1998-10-15,
1998-10-16,
1998-10-19,
1998-10-20,
1998-10-21,
1998-10-22,
1998-10-23,
1998-10-26,
1998-10-27,
1998-10-28,
1998-10-29,
1998-10-30,
1998-11-02,
1998-11-03,
1998-11-04,
1998-11-05,
1998-11-06,
1998-11-09,
1998-11-10,
1998-11-11,
1998-11-12,
1998-11-13,
1998-11-16,
1998-11-17,
1998-11-18,
1998-11-19,
1998-11-20,
1998-11-23,
1998-11-24,
1998-11-25,
1998-11-27,
1998-11-30,
1998-12-01,
1998-12-02,
1998-12-03,
1998-12-04,
1998-12-07,
1998-12-08,
1998-12-09,
1998-12-10,
1998-12-11,
1998-12-14,
1998-12-15,
1998-12-16,
1998-12-17,
1998-12-18,
1998-12-21,
1998-12-22,
1998-12-23,
1998-12-24,
1998-12-28,
1998-12-29,
1998-12-30,
1998-12-31,
1999-01-04,
1999-01-05,
1999-01-06,
1999-01-07,
1999-01-08,
1999-01-11,
1999-01-12,
1999-01-13,
1999-01-14,
1999-01-15,
1999-01-19,
1999-01-20,
1999-01-21,
1999-01-22,
1999-01-25,
1999-01-26,
1999-01-27,
1999-01-28,
1999-01-29,
1999-02-01,
1999-02-02,
1999-02-03,
1999-02-04,
1999-02-05,
1999-02-08,
1999-02-09,
1999-02-10,
1999-02-11,
1999-02-12,
1999-02-16,
1999-02-17,
1999-02-18,
1999-02-19,
1999-02-22,
1999-02-23,
1999-02-24,
1999-02-25,
1999-02-26,
1999-03-01,
1999-03-02,
1999-03-03,
1999-03-04,
1999-03-05,
1999-03-08,
1999-03-09,
1999-03-10,
1999-03-11,
1999-03-12,
1999-03-15,
1999-03-16,
1999-03-17,
1999-03-18,
1999-03-19,
1999-03-22,
1999-03-23,
1999-03-24,
1999-03-25,
1999-03-26,
1999-03-29,
1999-03-30,
1999-03-31,
1999-04-01,
1999-04-05,
1999-04-06,
1999-04-07,
1999-04-08,
1999-04-09,
1999-04-12,
1999-04-13,
1999-04-14,
1999-04-15,
1999-04-16,
1999-04-19,
1999-04-20,
1999-04-21,
1999-04-22,
1999-04-23,
1999-04-26,
1999-04-27,
1999-04-28,
1999-04-29,
1999-04-30,
1999-05-03,
1999-05-04,
1999-05-05,
1999-05-06,
1999-05-07,
1999-05-10,
1999-05-11,
1999-05-12,
1999-05-13,
1999-05-14,
1999-05-17,
1999-05-18,
1999-05-19,
1999-05-20,
1999-05-21,
1999-05-24,
1999-05-25,
1999-05-26,
1999-05-27,
1999-05-28,
1999-06-01,
1999-06-02,
1999-06-03,
1999-06-04,
1999-06-07,
1999-06-08,
1999-06-09,
1999-06-10,
1999-06-11,
1999-06-14,
1999-06-15,
1999-06-16,
1999-06-17,
1999-06-18,
1999-06-21,
1999-06-22,
1999-06-23,
1999-06-24,
1999-06-25,
1999-06-28,
1999-06-29,
1999-06-30,
1999-07-01,
1999-07-02,
1999-07-06,
1999-07-07,
1999-07-08,
1999-07-09,
1999-07-12,
1999-07-13,
1999-07-14,
1999-07-15,
1999-07-16,
1999-07-19,
1999-07-20,
1999-07-21,
1999-07-22,
1999-07-23,
1999-07-26,
1999-07-27,
1999-07-28,
1999-07-29,
1999-07-30,
1999-08-02,
1999-08-03,
1999-08-04,
1999-08-05,
1999-08-06,
1999-08-09,
1999-08-10,
1999-08-11,
1999-08-12,
1999-08-13,
1999-08-16,
1999-08-17,
1999-08-18,
1999-08-19,
1999-08-20,
1999-08-23,
1999-08-24,
1999-08-25,
1999-08-26,
1999-08-27,
1999-08-30,
1999-08-31,
1999-09-01,
1999-09-02,
1999-09-03,
1999-09-07,
1999-09-08,
1999-09-09,
1999-09-10,
1999-09-13,
1999-09-14,
1999-09-15,
1999-09-16,
1999-09-17,
1999-09-20,
1999-09-21,
1999-09-22,
1999-09-23,
1999-09-24,
1999-09-27,
1999-09-28,
1999-09-29,
1999-09-30,
1999-10-01,
1999-10-04,
1999-10-05,
1999-10-06,
1999-10-07,
1999-10-08,
1999-10-11,
1999-10-12,
1999-10-13,
1999-10-14,
1999-10-15,
1999-10-18,
1999-10-19,
1999-10-20,
1999-10-21,
1999-10-22,
1999-10-25,
1999-10-26,
1999-10-27,
1999-10-28,
1999-10-29,
1999-11-01,
1999-11-02,
1999-11-03,
1999-11-04,
1999-11-05,
1999-11-08,
1999-11-09,
1999-11-10,
1999-11-11,
1999-11-12,
1999-11-15,
1999-11-16,
1999-11-17,
1999-11-18,
1999-11-19,
1999-11-22,
1999-11-23,
1999-11-24,
1999-11-26,
1999-11-29,
1999-11-30,
1999-12-01,
1999-12-02,
1999-12-03,
1999-12-06,
1999-12-07,
1999-12-08,
1999-12-09,
1999-12-10,
1999-12-13,
1999-12-14,
1999-12-15,
1999-12-16,
1999-12-17,
1999-12-20,
1999-12-21,
1999-12-22,
1999-12-23,
1999-12-27,
1999-12-28,
1999-12-29,
1999-12-30,
1999-12-31,
2000-01-03,
2000-01-04,
2000-01-05,
2000-01-06,
2000-01-07,
2000-01-10,
2000-01-11,
2000-01-12,
2000-01-13,
2000-01-14,
2000-01-18,
2000-01-19,
2000-01-20,
2000-01-21,
2000-01-24,
2000-01-25,
2000-01-26,
2000-01-27,
2000-01-28,
2000-01-31,
2000-02-01,
2000-02-02,
2000-02-03,
2000-02-04,
2000-02-07,
2000-02-08,
2000-02-09,
2000-02-10,
2000-02-11,
2000-02-14,
2000-02-15,
2000-02-16,
2000-02-17,
2000-02-18,
2000-02-22,
2000-02-23,
2000-02-24,
2000-02-25,
2000-02-28,
2000-02-29,
2000-03-01,
2000-03-02,
2000-03-03,
2000-03-06,
2000-03-07,
2000-03-08,
2000-03-09,
2000-03-10,
2000-03-13,
2000-03-14,
2000-03-15,
2000-03-16,
2000-03-17,
2000-03-20,
2000-03-21,
2000-03-22,
2000-03-23,
2000-03-24,
2000-03-27,
2000-03-28,
2000-03-29,
2000-03-30,
2000-03-31,
2000-04-03,
2000-04-04,
2000-04-05,
2000-04-06,
2000-04-07,
2000-04-10,
2000-04-11,
2000-04-12,
2000-04-13,
2000-04-14,
2000-04-17,
2000-04-18,
2000-04-19,
2000-04-20,
2000-04-24,
2000-04-25,
2000-04-26,
2000-04-27,
2000-04-28,
2000-05-01,
2000-05-02,
2000-05-03,
2000-05-04,
2000-05-05,
2000-05-08,
2000-05-09,
2000-05-10,
2000-05-11,
2000-05-12,
2000-05-15,
2000-05-16,
2000-05-17,
2000-05-18,
2000-05-19,
2000-05-22,
2000-05-23,
2000-05-24,
2000-05-25,
2000-05-26,
2000-05-30,
2000-05-31,
2000-06-01,
2000-06-02,
2000-06-05,
2000-06-06,
2000-06-07,
2000-06-08,
2000-06-09,
2000-06-12,
2000-06-13,
2000-06-14,
2000-06-15,
2000-06-16,
2000-06-19,
2000-06-20,
2000-06-21,
2000-06-22,
2000-06-23,
2000-06-26,
2000-06-27,
2000-06-28,
2000-06-29,
2000-06-30,
2000-07-03,
2000-07-05,
2000-07-06,
2000-07-07,
2000-07-10,
2000-07-11,
2000-07-12,
2000-07-13,
2000-07-14,
2000-07-17,
2000-07-18,
2000-07-19,
2000-07-20,
2000-07-21,
2000-07-24,
2000-07-25,
2000-07-26,
2000-07-27,
2000-07-28,
2000-07-31,
2000-08-01,
2000-08-02,
2000-08-03,
2000-08-04,
2000-08-07,
2000-08-08,
2000-08-09,
2000-08-10,
2000-08-11,
2000-08-14,
2000-08-15,
2000-08-16,
2000-08-17,
2000-08-18,
2000-08-21,
2000-08-22,
2000-08-23,
2000-08-24,
2000-08-25,
2000-08-28,
2000-08-29,
2000-08-30,
2000-08-31,
2000-09-01,
2000-09-05,
2000-09-06,
2000-09-07,
2000-09-08,
2000-09-11,
2000-09-12,
2000-09-13,
2000-09-14,
2000-09-15,
2000-09-18,
2000-09-19,
2000-09-20,
2000-09-21,
2000-09-22,
2000-09-25,
2000-09-26,
2000-09-27,
2000-09-28,
2000-09-29,
2000-10-02,
2000-10-03,
2000-10-04,
2000-10-05,
2000-10-06,
2000-10-09,
2000-10-10,
2000-10-11,
2000-10-12,
2000-10-13,
2000-10-16,
2000-10-17,
2000-10-18,
2000-10-19,
2000-10-20,
2000-10-23,
2000-10-24,
2000-10-25,
2000-10-26,
2000-10-27,
2000-10-30,
2000-10-31,
2000-11-01,
2000-11-02,
2000-11-03,
2000-11-06,
2000-11-07,
2000-11-08,
2000-11-09,
2000-11-10,
2000-11-13,
2000-11-14,
2000-11-15,
2000-11-16,
2000-11-17,
2000-11-20,
2000-11-21,
2000-11-22,
2000-11-24,
2000-11-27,
2000-11-28,
2000-11-29,
2000-11-30,
2000-12-01,
2000-12-04,
2000-12-05,
2000-12-06,
2000-12-07,
2000-12-08,
2000-12-11,
2000-12-12,
2000-12-13,
2000-12-14,
2000-12-15,
2000-12-18,
2000-12-19,
2000-12-20,
2000-12-21,
2000-12-22,
2000-12-26,
2000-12-27,
2000-12-28,
2000-12-29,
2001-01-02,
2001-01-03,
2001-01-04,
2001-01-05,
2001-01-08,
2001-01-09,
2001-01-10,
2001-01-11,
2001-01-12,
2001-01-16,
2001-01-17,
2001-01-18,
2001-01-19,
2001-01-22,
2001-01-23,
2001-01-24,
2001-01-25,
2001-01-26,
2001-01-29,
2001-01-30,
2001-01-31,
2001-02-01,
2001-02-02,
2001-02-05,
2001-02-06,
2001-02-07,
2001-02-08,
2001-02-09,
2001-02-12,
2001-02-13,
2001-02-14,
2001-02-15,
2001-02-16,
2001-02-20,
2001-02-21,
2001-02-22,
2001-02-23,
2001-02-26,
2001-02-27,
2001-02-28,
2001-03-01,
2001-03-02,
2001-03-05,
2001-03-06,
2001-03-07,
2001-03-08,
2001-03-09,
2001-03-12,
2001-03-13,
2001-03-14,
2001-03-15,
2001-03-16,
2001-03-19,
2001-03-20,
2001-03-21,
2001-03-22,
2001-03-23,
2001-03-26,
2001-03-27,
2001-03-28,
2001-03-29,
2001-03-30,
2001-04-02,
2001-04-03,
2001-04-04,
2001-04-05,
2001-04-06,
2001-04-09,
2001-04-10,
2001-04-11,
2001-04-12,
2001-04-16,
2001-04-17,
2001-04-18,
2001-04-19,
2001-04-20,
2001-04-23,
2001-04-24,
2001-04-25,
2001-04-26,
2001-04-27,
2001-04-30,
2001-05-01,
2001-05-02,
2001-05-03,
2001-05-04,
2001-05-07,
2001-05-08,
2001-05-09,
2001-05-10,
2001-05-11,
2001-05-14,
2001-05-15,
2001-05-16,
2001-05-17,
2001-05-18,
2001-05-21,
2001-05-22,
2001-05-23,
2001-05-24,
2001-05-25,
2001-05-29,
2001-05-30,
2001-05-31,
2001-06-01,
2001-06-04,
2001-06-05,
2001-06-06,
2001-06-07,
2001-06-08,
2001-06-11,
2001-06-12,
2001-06-13,
2001-06-14,
2001-06-15,
2001-06-18,
2001-06-19,
2001-06-20,
2001-06-21,
2001-06-22,
2001-06-25,
2001-06-26,
2001-06-27,
2001-06-28,
2001-06-29,
2001-07-02,
2001-07-03,
2001-07-05,
2001-07-06,
2001-07-09,
2001-07-10,
2001-07-11,
2001-07-12,
2001-07-13,
2001-07-16,
2001-07-17,
2001-07-18,
2001-07-19,
2001-07-20,
2001-07-23,
2001-07-24,
2001-07-25,
2001-07-26,
2001-07-27,
2001-07-30,
2001-07-31,
2001-08-01,
2001-08-02,
2001-08-03,
2001-08-06,
2001-08-07,
2001-08-08,
2001-08-09,
2001-08-10,
2001-08-13,
2001-08-14,
2001-08-15,
2001-08-16,
2001-08-17,
2001-08-20,
2001-08-21,
2001-08-22,
2001-08-23,
2001-08-24,
2001-08-27,
2001-08-28,
2001-08-29,
2001-08-30,
2001-08-31,
2001-09-04,
2001-09-05,
2001-09-06,
2001-09-07,
2001-09-10,
2001-09-17,
2001-09-18,
2001-09-19,
2001-09-20,
2001-09-21,
2001-09-24,
2001-09-25,
2001-09-26,
2001-09-27,
2001-09-28,
2001-10-01,
2001-10-02,
2001-10-03,
2001-10-04,
2001-10-05,
2001-10-08,
2001-10-09,
2001-10-10,
2001-10-11,
2001-10-12,
2001-10-15,
2001-10-16,
2001-10-17,
2001-10-18,
2001-10-19,
2001-10-22,
2001-10-23,
2001-10-24,
2001-10-25,
2001-10-26,
2001-10-29,
2001-10-30,
2001-10-31,
2001-11-01,
2001-11-02,
2001-11-05,
2001-11-06,
2001-11-07,
2001-11-08,
2001-11-09,
2001-11-12,
2001-11-13,
2001-11-14,
2001-11-15,
2001-11-16,
2001-11-19,
2001-11-20,
2001-11-21,
2001-11-23,
2001-11-26,
2001-11-27,
2001-11-28,
2001-11-29,
2001-11-30,
2001-12-03,
2001-12-04,
2001-12-05,
2001-12-06,
2001-12-07,
2001-12-10,
2001-12-11,
2001-12-12,
2001-12-13,
2001-12-14,
2001-12-17,
2001-12-18,
2001-12-19,
2001-12-20,
2001-12-21,
2001-12-24,
2001-12-26,
2001-12-27,
2001-12-28,
2001-12-31,
2002-01-02,
2002-01-03,
2002-01-04,
2002-01-07,
2002-01-08,
2002-01-09,
2002-01-10,
2002-01-11,
2002-01-14,
2002-01-15,
2002-01-16,
2002-01-17,
2002-01-18,
2002-01-22,
2002-01-23,
2002-01-24,
2002-01-25,
2002-01-28,
2002-01-29,
2002-01-30,
2002-01-31,
2002-02-01,
2002-02-04,
2002-02-05,
2002-02-06,
2002-02-07,
2002-02-08,
2002-02-11,
2002-02-12,
2002-02-13,
2002-02-14,
2002-02-15,
2002-02-19,
2002-02-20,
2002-02-21,
2002-02-22,
2002-02-25,
2002-02-26,
2002-02-27,
2002-02-28,
2002-03-01,
2002-03-04,
2002-03-05,
2002-03-06,
2002-03-07,
2002-03-08,
2002-03-11,
2002-03-12,
2002-03-13,
2002-03-14,
2002-03-15,
2002-03-18,
2002-03-19,
2002-03-20,
2002-03-21,
2002-03-22,
2002-03-25,
2002-03-26,
2002-03-27,0.3948087692260742
2002-03-28,0.3764020502567291
2002-04-01,0.3672429919242859
2002-04-02,0.38776716589927673
2002-04-03,0.38411298394203186
2002-04-04,0.3965763747692108
2002-04-05,0.4259198307991028
2002-04-08,0.43898406624794006
2002-04-09,0.4477969706058502
2002-04-10,0.4402700364589691
2002-04-11,0.4427291452884674
2002-04-12,0.41162943840026855
2002-04-15,0.39505481719970703
2002-04-16,0.3624606728553772
2002-04-17,0.3691364824771881
2002-04-18,0.3731328248977661
2002-04-19,0.37958234548568726
2002-04-22,0.36123332381248474
2002-04-23,0.354165256023407
2002-04-24,0.3627881407737732
2002-04-25,0.3646998405456543
2002-04-26,0.39497485756874084
2002-04-29,0.42017966508865356
2002-04-30,0.43253612518310547
2002-05-01,0.4437471926212311
2002-05-02,0.44903507828712463
2002-05-03,0.45805636048316956
2002-05-06,0.4475829005241394
2002-05-07,0.44374972581863403
2002-05-08,0.44006043672561646
2002-05-09,0.44597405195236206
2002-05-10,0.44422346353530884
2002-05-13,0.44624805450439453
2002-05-14,0.4575350880622864
2002-05-15,0.4641653597354889
2002-05-16,0.46684330701828003
2002-05-17,0.4644779562950134
2002-05-20,0.47227805852890015
2002-05-21,0.45728063583374023
2002-05-22,0.4423460364341736
2002-05-23,0.4406605660915375
2002-05-24,0.4323824942111969
2002-05-28,0.40548357367515564
2002-05-29,0.40177345275878906
2002-05-30,0.4217813014984131
2002-05-31,0.42272526025772095
2002-06-03,0.4155340790748596
2002-06-04,0.4073852002620697
2002-06-05,0.4108556807041168
2002-06-06,0.4148986339569092
2002-06-07,0.4199437201023102
2002-06-10,0.42919597029685974
2002-06-11,0.4250311851501465
2002-06-12,0.42035651206970215
2002-06-13,0.4165578782558441
2002-06-14,0.4172041416168213
2002-06-17,0.42547374963760376
2002-06-18,0.4314490854740143
2002-06-19,0.4440838396549225
2002-06-20,0.4482344090938568
2002-06-21,0.4489010274410248
2002-06-24,0.44535407423973083
2002-06-25,0.4356308579444885
2002-06-26,0.4429917335510254
2002-06-27,0.48575448989868164
2002-06-28,0.4975913166999817
2002-07-01,0.5079869627952576
2002-07-02,0.5178858041763306
2002-07-03,0.5018905401229858
2002-07-05,0.5054858922958374
2002-07-08,0.49806445837020874
2002-07-09,0.4847618639469147
2002-07-10,0.48793429136276245
2002-07-11,0.4874122738838196
2002-07-12,0.5172712206840515
2002-07-15,0.5217877626419067
2002-07-16,0.5244139432907104
2002-07-17,0.5316917896270752
2002-07-18,0.5351397395133972
2002-07-19,0.534152090549469
2002-07-22,0.5235253572463989
2002-07-23,0.5232084393501282
2002-07-24,0.517210841178894
2002-07-25,0.5207897424697876
2002-07-26,0.5246195197105408
2002-07-29,0.596082866191864
2002-07-30,0.5889402031898499
2002-07-31,0.5971007347106934
2002-08-01,0.5845251083374023
2002-08-02,0.5794885158538818
2002-08-05,0.5617852210998535
2002-08-06,0.5401464700698853
2002-08-07,0.5530905723571777
2002-08-08,0.5713104009628296
2002-08-09,0.5656183958053589
2002-08-12,0.5693947672843933
2002-08-13,0.5004684329032898
2002-08-14,0.5096660256385803
2002-08-15,0.5007771253585815
2002-08-16,0.5150846242904663
2002-08-19,0.5099553465843201
2002-08-20,0.5006951093673706
2002-08-21,0.4914751648902893
2002-08-22,0.5187138319015503
2002-08-23,0.5045611262321472
2002-08-26,0.4926491379737854
2002-08-27,0.45480427145957947
2002-08-28,0.45604485273361206
2002-08-29,0.4561552405357361
2002-08-30,0.45381808280944824
2002-09-03,0.44404974579811096
2002-09-04,0.42941418290138245
2002-09-05,0.4344816207885742
2002-09-06,0.42849987745285034
2002-09-09,0.41856813430786133
2002-09-10,0.4095860421657562
2002-09-11,0.4017554223537445
2002-09-12,0.4012416899204254
2002-09-13,0.3963773846626282
2002-09-16,0.38730281591415405
2002-09-17,0.3845876455307007
2002-09-18,0.3848850131034851
2002-09-19,0.38743555545806885
2002-09-20,0.38333117961883545
2002-09-23,0.37964561581611633
2002-09-24,0.3826843202114105
2002-09-25,0.38883069157600403
2002-09-26,0.3939768671989441
2002-09-27,0.36854422092437744
2002-09-30,0.37571388483047485
2002-10-01,0.39013662934303284
2002-10-02,0.41171273589134216
2002-10-03,0.42468076944351196
2002-10-04,0.4337116777896881
2002-10-07,0.439810574054718
2002-10-08,0.4341209828853607
2002-10-09,0.4374775290489197
2002-10-10,0.4469006061553955
2002-10-11,0.44629979133605957
2002-10-14,0.44111284613609314
2002-10-15,0.42979639768600464
2002-10-16,0.4300149083137512
2002-10-17,0.4295662045478821
2002-10-18,0.41938042640686035
2002-10-21,0.4109286665916443
2002-10-22,0.3983911871910095
2002-10-23,0.3965429365634918
2002-10-24,0.40537863969802856
2002-10-25,0.40653911232948303
2002-10-28,0.4239988923072815
2002-10-29,0.4287750720977783
2002-10-30,0.43302908539772034
2002-10-31,0.44094353914260864
2002-11-01,0.4486105442047119
2002-11-04,0.45427125692367554
2002-11-05,0.4531087875366211
2002-11-06,0.44908657670021057
2002-11-07,0.45052534341812134
2002-11-08,0.4478362202644348
2002-11-11,0.44375696778297424
2002-11-12,0.4412895143032074
2002-11-13,0.43723535537719727
2002-11-14,0.44053903222084045
2002-11-15,0.4402443766593933
2002-11-18,0.4418920576572418
2002-11-19,0.4403979778289795
2002-11-20,0.4356067180633545
2002-11-21,0.4354063868522644
2002-11-22,0.4347430169582367
2002-11-25,0.4344924986362457
2002-11-26,0.4316234588623047
2002-11-27,0.4279375970363617
2002-11-29,0.4262341558933258
2002-12-02,0.4247846007347107
2002-12-03,0.42747625708580017
2002-12-04,0.42685413360595703
2002-12-05,0.43083256483078003
2002-12-06,0.43576177954673767
2002-12-09,0.43959540128707886
2002-12-10,0.4403253197669983
2002-12-11,0.4329143166542053
2002-12-12,0.4237629473209381
2002-12-13,0.4202476143836975
2002-12-16,0.4057493209838867
2002-12-17,0.40088462829589844
2002-12-18,0.39777666330337524
2002-12-19,0.39842653274536133
2002-12-20,0.4007415175437927
2002-12-23,0.4062507748603821
2002-12-24,0.40778738260269165
2002-12-26,0.4038248062133789
2002-12-27,0.3596910834312439
2002-12-30,0.35232076048851013
2002-12-31,0.35570430755615234
2003-01-02,0.3441108465194702
2003-01-03,0.34360089898109436
2003-01-06,0.34896788001060486
2003-01-07,0.361833393573761
2003-01-08,0.3670137822628021
2003-01-09,0.3733300566673279
2003-01-10,0.37215933203697205
2003-01-13,0.38053402304649353
2003-01-14,0.3772645592689514
2003-01-15,0.3736952543258667
2003-01-16,0.3719180226325989
2003-01-17,0.3673520088195801
2003-01-21,0.3681653141975403
2003-01-22,0.36273497343063354
2003-01-23,0.3548988699913025
2003-01-24,0.3492610454559326
2003-01-27,0.340612530708313
2003-01-28,0.3423686921596527
2003-01-29,0.34875956177711487
2003-01-30,0.3683152496814728
2003-01-31,0.38812893629074097
2003-02-03,0.4104379117488861
2003-02-04,0.4108554422855377
2003-02-05,0.3970026671886444
2003-02-06,0.41622671484947205
2003-02-07,0.4215325713157654
2003-02-10,0.4080953598022461
2003-02-11,0.39352500438690186
2003-02-12,0.3904547691345215
2003-02-13,0.3749845325946808
2003-02-14,0.3533194065093994
2003-02-18,0.35377684235572815
2003-02-19,0.3582002520561218
2003-02-20,0.34167248010635376
2003-02-21,0.33502593636512756
2003-02-24,0.33597421646118164
2003-02-25,0.3288169503211975
2003-02-26,0.32295507192611694
2003-02-27,0.3196876645088196
2003-02-28,0.31935352087020874
2003-03-03,0.31991079449653625
2003-03-04,0.3211468458175659
2003-03-05,0.32030850648880005
2003-03-06,0.32193881273269653
2003-03-07,0.32441097497940063
2003-03-10,0.3302299380302429
2003-03-11,0.32699769735336304
2003-03-12,0.3278687000274658
2003-03-13,0.330581396818161
2003-03-14,0.33471599221229553
2003-03-17,0.33939188718795776
2003-03-18,0.3454303741455078
2003-03-19,0.3439570963382721
2003-03-20,0.3597446084022522
2003-03-21,0.3716183602809906
2003-03-24,0.36871758103370667
2003-03-25,0.36353784799575806
2003-03-26,0.35074299573898315
2003-03-27,0.33387479186058044
2003-03-28,0.33158278465270996
2003-03-31,0.32644784450531006
2003-04-01,0.3206430971622467
2003-04-02,0.31704312562942505
2003-04-03,0.31655973196029663
2003-04-04,0.31672507524490356
2003-04-07,0.31830334663391113
2003-04-08,0.31794804334640503
2003-04-09,0.31791508197784424
2003-04-10,0.3195432126522064
2003-04-11,0.3171774446964264
2003-04-14,0.3249737024307251
2003-04-15,0.3249984681606293
2003-04-16,0.3264182209968567
2003-04-17,0.34264734387397766
2003-04-21,0.3646123707294464
2003-04-22,0.372783899307251
2003-04-23,0.39125555753707886
2003-04-24,0.35251712799072266
2003-04-25,0.36217230558395386
2003-04-28,0.3554500639438629
2003-04-29,0.34118619561195374
2003-04-30,0.34511256217956543
2003-05-01,0.36279577016830444
2003-05-02,0.3678441643714905
2003-05-05,0.35956650972366333
2003-05-06,0.3730665445327759
2003-05-07,0.41312628984451294
2003-05-08,0.44454342126846313
2003-05-09,0.45952972769737244
2003-05-12,0.4496835172176361
2003-05-13,0.45185956358909607
2003-05-14,0.45225366950035095
2003-05-15,0.40466469526290894
2003-05-16,0.37426379323005676
2003-05-19,0.3510523736476898
2003-05-20,0.3354972004890442
2003-05-21,0.3426685929298401
2003-05-22,0.34798821806907654
2003-05-23,0.3460388779640198
2003-05-27,0.34736257791519165
2003-05-28,0.353311151266098
2003-05-29,0.3611423373222351
2003-05-30,0.3805076777935028
2003-06-02,0.38776904344558716
2003-06-03,0.3902665972709656
2003-06-04,0.4101240038871765
2003-06-05,0.4272514879703522
2003-06-06,0.42946863174438477
2003-06-09,0.44297313690185547
2003-06-10,0.4424889087677002
2003-06-11,0.4381290078163147
2003-06-12,0.43746066093444824
2003-06-13,0.4199671149253845
2003-06-16,0.4111389219760895
2003-06-17,0.4021006226539612
2003-06-18,0.38602739572525024
2003-06-19,0.3910328447818756
2003-06-20,0.40581560134887695
2003-06-23,0.41976824402809143
2003-06-24,0.4395178258419037
2003-06-25,0.43838024139404297
2003-06-26,0.4430611729621887
2003-06-27,0.41259297728538513
2003-06-30,0.4058457314968109
2003-07-01,0.3920384645462036
2003-07-02,0.37884432077407837
2003-07-03,0.358989953994751
2003-07-07,0.35557565093040466
2003-07-08,0.3534197211265564
2003-07-09,0.35576602816581726
2003-07-10,0.35797184705734253
2003-07-11,0.36510202288627625
2003-07-14,0.3646988272666931
2003-07-15,0.36791059374809265
2003-07-16,0.36796125769615173
2003-07-17,0.3833584785461426
2003-07-18,0.3886362314224243
2003-07-21,0.39402469992637634
2003-07-22,0.3923048973083496
2003-07-23,0.3932531774044037
2003-07-24,0.3904934227466583
2003-07-25,0.3945741057395935
2003-07-28,0.4087529182434082
2003-07-29,0.40073031187057495
2003-07-30,0.3966125547885895
2003-07-31,0.38892871141433716
2003-08-01,0.38540011644363403
2003-08-04,0.3771974444389343
2003-08-05,0.37784743309020996
2003-08-06,0.3732806146144867
2003-08-07,0.3697916865348816
2003-08-08,0.37547311186790466
2003-08-11,0.3755558133125305
2003-08-12,0.38619858026504517
2003-08-13,0.374050498008728
2003-08-14,0.361508309841156
2003-08-15,0.35075902938842773
2003-08-18,0.3395863175392151
2003-08-19,0.33354756236076355
2003-08-20,0.3315587341785431
2003-08-21,0.334108829498291
2003-08-22,0.33860084414482117
2003-08-25,0.3500952124595642
2003-08-26,0.35505884885787964
2003-08-27,0.3684786260128021
2003-08-28,0.3667486011981964
2003-08-29,0.3627757430076599
2003-09-02,0.35648030042648315
2003-09-03,0.35133200883865356
2003-09-04,0.3488315939903259
2003-09-05,0.3455590307712555
2003-09-08,0.3485170006752014
2003-09-09,0.34386470913887024
2003-09-10,0.3446303606033325
2003-09-11,0.34551939368247986
2003-09-12,0.3494799733161926
2003-09-15,0.34938400983810425
2003-09-16,0.3492116332054138
2003-09-17,0.34934523701667786
2003-09-18,0.347143292427063
2003-09-19,0.351093590259552
2003-09-22,0.35280147194862366
2003-09-23,0.3518156409263611
2003-09-24,0.34912109375
2003-09-25,0.3532317876815796
2003-09-26,0.36495542526245117
2003-09-29,0.379148930311203
2003-09-30,0.39479753375053406
2003-10-01,0.4151495397090912
2003-10-02,0.4306659698486328
2003-10-03,0.4348708689212799
2003-10-06,0.4212886393070221
2003-10-07,0.3793863356113434
2003-10-08,0.3587300777435303
2003-10-09,0.3480144441127777
2003-10-10,0.34505438804626465
2003-10-13,0.3425895571708679
2003-10-14,0.34264445304870605
2003-10-15,0.33971619606018066
2003-10-16,0.34300902485847473
2003-10-17,0.34483522176742554
2003-10-20,0.34627726674079895
2003-10-21,0.3441345989704132
2003-10-22,0.34926658868789673
2003-10-23,0.3593747019767761
2003-10-24,0.36888110637664795
2003-10-27,0.3719814717769623
2003-10-28,0.3624681830406189
2003-10-29,0.3595847487449646
2003-10-30,0.35620570182800293
2003-10-31,0.3568945527076721
2003-11-03,0.35483407974243164
2003-11-04,0.3517819344997406
2003-11-05,0.35125094652175903
2003-11-06,0.3536655008792877
2003-11-07,0.3513117730617523
2003-11-10,0.3484336733818054
2003-11-11,0.3465335965156555
2003-11-12,0.3465835750102997
2003-11-13,0.3470066487789154
2003-11-14,0.34865960478782654
2003-11-17,0.3496719300746918
2003-11-18,0.3541220426559448
2003-11-19,0.35932570695877075
2003-11-20,0.3636729121208191
2003-11-21,0.37267667055130005
2003-11-24,0.37459200620651245
2003-11-25,0.3714190125465393
2003-11-26,0.3676697015762329
2003-11-28,0.3616103529930115
2003-12-01,0.35990241169929504
2003-12-02,0.35586094856262207
2003-12-03,0.35003527998924255
2003-12-04,0.3500031530857086
2003-12-05,0.3513578176498413
2003-12-08,0.35074305534362793
2003-12-09,0.34669798612594604
2003-12-10,0.34691619873046875
2003-12-11,0.34597450494766235
2003-12-12,0.34703320264816284
2003-12-15,0.3455970883369446
2003-12-16,0.347023606300354
2003-12-17,0.3485538363456726
2003-12-18,0.3475300967693329
2003-12-19,0.34030741453170776
2003-12-22,0.33873888850212097
2003-12-23,0.3349788784980774
2003-12-24,0.33254775404930115
2003-12-26,0.3301776945590973
2003-12-29,0.3547595143318176
2003-12-30,0.3535439372062683
2003-12-31,0.3548901677131653
2004-01-02,0.3533133566379547
2004-01-05,0.35309138894081116
2004-01-06,0.3535592257976532
2004-01-07,0.35396650433540344
2004-01-08,0.3542337119579315
2004-01-09,0.35668179392814636
2004-01-12,0.36047476530075073
2004-01-13,0.3636215627193451
2004-01-14,0.3686813414096832
2004-01-15,0.37151002883911133
2004-01-16,0.3723806142807007
2004-01-20,0.37412288784980774
2004-01-21,0.3721888065338135
2004-01-22,0.3676297068595886
2004-01-23,0.3661632537841797
2004-01-26,0.36180585622787476
2004-01-27,0.32907113432884216
2004-01-28,0.3222496211528778
2004-01-29,0.32903310656547546
2004-01-30,0.34035468101501465
2004-02-02,0.34088823199272156
2004-02-03,0.34868544340133667
2004-02-04,0.3448938727378845
2004-02-05,0.3546737730503082
2004-02-06,0.3575405180454254
2004-02-09,0.34708288311958313
2004-02-10,0.33461958169937134
2004-02-11,0.32727140188217163
2004-02-12,0.3226932883262634
2004-02-13,0.31833747029304504
2004-02-17,0.3246747851371765
2004-02-18,0.3224535286426544
2004-02-19,0.31816455721855164
2004-02-20,0.32479819655418396
2004-02-23,0.3234497308731079
2004-02-24,0.32736214995384216
2004-02-25,0.336772620677948
2004-02-26,0.3245154321193695
2004-02-27,0.3368716239929199
2004-03-01,0.3348016142845154
2004-03-02,0.3328101634979248
2004-03-03,0.3321038782596588
2004-03-04,0.33134204149246216
2004-03-05,0.3317940831184387
2004-03-08,0.34604597091674805
2004-03-09,0.35671064257621765
2004-03-10,0.3669208884239197
2004-03-11,0.376196950674057
2004-03-12,0.38327351212501526
2004-03-15,0.3818580210208893
2004-03-16,0.38222330808639526
2004-03-17,0.38543325662612915
2004-03-18,0.3809398412704468
2004-03-19,0.37578392028808594
2004-03-22,0.3697201609611511
2004-03-23,0.3748071789741516
2004-03-24,0.36740875244140625
2004-03-25,0.3613727390766144
2004-03-26,0.36319130659103394
2004-03-29,0.3374241292476654
2004-03-30,0.3208375871181488
2004-03-31,0.30992305278778076
2004-04-01,0.3065687119960785
2004-04-02,0.3165002167224884
2004-04-05,0.32626205682754517
2004-04-06,0.32454803586006165
2004-04-07,0.33694082498550415
2004-04-08,0.3234233260154724
2004-04-12,0.3221576511859894
2004-04-13,0.3083629608154297
2004-04-14,0.31875529885292053
2004-04-15,0.3259221613407135
2004-04-16,0.36533570289611816
2004-04-19,0.3593362867832184
2004-04-20,0.371521919965744
2004-04-21,0.34361547231674194
2004-04-22,0.3563028573989868
2004-04-23,0.34915977716445923
2004-04-26,0.35894450545310974
2004-04-27,0.3530987501144409
2004-04-28,0.3493807911872864
2004-04-29,0.3411673605442047
2004-04-30,0.35073524713516235
2004-05-03,0.3595886826515198
2004-05-04,0.3719532787799835
2004-05-05,0.3844548165798187
2004-05-06,0.3942306935787201
2004-05-07,0.3996194899082184
2004-05-10,0.4080711901187897
2004-05-11,0.41162538528442383
2004-05-12,0.4048933982849121
2004-05-13,0.4032301902770996
2004-05-14,0.3968312442302704
2004-05-17,0.39491546154022217
2004-05-18,0.391518771648407
2004-05-19,0.379051148891449
2004-05-20,0.3612559735774994
2004-05-21,0.35483694076538086
2004-05-24,0.34269338846206665
2004-05-25,0.3410250246524811
2004-05-26,0.32937154173851013
2004-05-27,0.3298996090888977
2004-05-28,0.3288514018058777
2004-06-01,0.32105857133865356
2004-06-02,0.3229450583457947
2004-06-03,0.3260641098022461
2004-06-04,0.3371778726577759
2004-06-07,0.3361096680164337
2004-06-08,0.32659444212913513
2004-06-09,0.3270793557167053
2004-06-10,0.3200348913669586
2004-06-14,0.3164425492286682
2004-06-15,0.30988427996635437
2004-06-16,0.30542808771133423
2004-06-17,0.316158264875412
2004-06-18,0.32532066106796265
2004-06-21,0.3209015429019928
2004-06-22,0.33046913146972656
2004-06-23,0.3302162289619446
2004-06-24,0.3174746334552765
2004-06-25,0.3109532594680786
2004-06-28,0.2916879653930664
2004-06-29,0.30488917231559753
2004-06-30,0.30407077074050903
2004-07-01,0.3094479441642761
2004-07-02,0.30297327041625977
2004-07-06,0.31572550535202026
2004-07-07,0.30933505296707153
2004-07-08,0.3126203417778015
2004-07-09,0.31559664011001587
2004-07-12,0.3106006681919098
2004-07-13,0.3094739019870758
2004-07-14,0.30691665410995483
2004-07-15,0.307571142911911
2004-07-16,0.331259548664093
2004-07-19,0.31600096821784973
2004-07-20,0.30718177556991577
2004-07-21,0.2972847521305084
2004-07-22,0.2986040413379669
2004-07-23,0.3008232116699219
2004-07-26,0.30473774671554565
2004-07-27,0.3342699408531189
2004-07-28,0.33550477027893066
2004-07-29,0.3396798372268677
2004-07-30,0.33495527505874634
2004-08-02,0.33467984199523926
2004-08-03,0.3359164297580719
2004-08-04,0.33229270577430725
2004-08-05,0.3293279707431793
2004-08-06,0.32665354013442993
2004-08-09,0.3293239176273346
2004-08-10,0.32866764068603516
2004-08-11,0.3277229070663452
2004-08-12,0.3303492069244385
2004-08-13,0.3299071192741394
2004-08-16,0.3299807906150818
2004-08-17,0.3321387469768524
2004-08-18,0.3334750235080719
2004-08-19,0.33442479372024536
2004-08-20,0.33422231674194336
2004-08-23,0.3289256989955902
2004-08-24,0.32518014311790466
2004-08-25,0.3222196698188782
2004-08-26,0.32317420840263367
2004-08-27,0.3298817574977875
2004-08-30,0.317067950963974
2004-08-31,0.3224221169948578
2004-09-01,0.32150349020957947
2004-09-02,0.3346838355064392
2004-09-03,0.33445897698402405
2004-09-07,0.3310725688934326
2004-09-08,0.32829567790031433
2004-09-09,0.32946258783340454
2004-09-10,0.32454049587249756
2004-09-13,0.32779568433761597
2004-09-14,0.3150525689125061
2004-09-15,0.3192259967327118
2004-09-16,0.3125764727592468
2004-09-17,0.3193327784538269
2004-09-20,0.31985682249069214
2004-09-21,0.31446003913879395
2004-09-22,0.31850266456604004
2004-09-23,0.31951165199279785
2004-09-24,0.31281089782714844
2004-09-27,0.3292301595211029
2004-09-28,0.32957932353019714
2004-09-29,0.3297730088233948
2004-09-30,0.328580379486084
2004-10-01,0.3275274336338043
2004-10-04,0.3267925977706909
2004-10-05,0.3251384198665619
2004-10-06,0.324380487203598
2004-10-07,0.3241502642631531
2004-10-08,0.32367631793022156
2004-10-11,0.3235782980918884
2004-10-12,0.3236025869846344
2004-10-13,0.3239656388759613
2004-10-14,0.32531219720840454
2004-10-15,0.3295106291770935
2004-10-18,0.3344743847846985
2004-10-19,0.3384144604206085
2004-10-20,0.34261971712112427
2004-10-21,0.3438621163368225
2004-10-22,0.34186631441116333
2004-10-25,0.3390539884567261
2004-10-26,0.335759699344635
2004-10-27,0.3014705181121826
2004-10-28,0.30253177881240845
2004-10-29,0.30363503098487854
2004-11-01,0.30454856157302856
2004-11-02,0.3072171211242676
2004-11-03,0.30339962244033813
2004-11-04,0.31112390756607056
2004-11-05,0.3150838613510132
2004-11-08,0.3302518427371979
2004-11-09,0.3303483724594116
2004-11-10,0.32701754570007324
2004-11-11,0.3242500424385071
2004-11-12,0.3168773651123047
2004-11-15,0.3053155541419983
2004-11-16,0.30151090025901794
2004-11-17,0.2941369116306305
2004-11-18,0.292349636554718
2004-11-19,0.2884520888328552
2004-11-22,0.29953157901763916
2004-11-23,0.3200828433036804
2004-11-24,0.3177436888217926
2004-11-26,0.32652077078819275
2004-11-29,0.35655635595321655
2004-11-30,0.36150872707366943
2004-12-01,0.3551883399486542
2004-12-02,0.35340067744255066
2004-12-03,0.3544918894767761
2004-12-06,0.36304062604904175
2004-12-07,0.36098185181617737
2004-12-08,0.3712124228477478
2004-12-09,0.3737108111381531
2004-12-10,0.373006671667099
2004-12-13,0.36308553814888
2004-12-14,0.34876877069473267
2004-12-15,0.3420502841472626
2004-12-16,0.33710625767707825
2004-12-17,0.3427177965641022
2004-12-20,0.33626195788383484
2004-12-21,0.3466206192970276
2004-12-22,0.3516604006290436
2004-12-23,0.34212595224380493
2004-12-27,0.27069172263145447
2004-12-28,0.27997061610221863
2004-12-29,0.2788718640804291
2004-12-30,0.28076034784317017
2004-12-31,0.2714168131351471
2005-01-03,0.2663183808326721
2005-01-04,0.27815085649490356
2005-01-05,0.2843281626701355
2005-01-06,0.2814519703388214
2005-01-07,0.29030537605285645
2005-01-10,0.30834895372390747
2005-01-11,0.3251776099205017
2005-01-12,0.38269513845443726
2005-01-13,0.39382320642471313
2005-01-14,0.4220810830593109
2005-01-18,0.42515215277671814
2005-01-19,0.42324742674827576
2005-01-20,0.4082712233066559
2005-01-21,0.39805305004119873
2005-01-24,0.36270672082901
2005-01-25,0.3376545310020447
2005-01-26,0.30972132086753845
2005-01-27,0.30703312158584595
2005-01-28,0.2961524724960327
2005-01-31,0.2953311800956726
2005-02-01,0.29871201515197754
2005-02-02,0.28785982728004456
2005-02-03,0.28818559646606445
2005-02-04,0.2837222218513489
2005-02-07,0.2778100371360779
2005-02-08,0.27685707807540894
2005-02-09,0.27763521671295166
2005-02-10,0.29212746024131775
2005-02-11,0.3043646812438965
2005-02-14,0.30185621976852417
2005-02-15,0.29658880829811096
2005-02-16,0.30688780546188354
2005-02-17,0.3103392720222473
2005-02-18,0.31365638971328735
2005-02-22,0.30528610944747925
2005-02-23,0.310974657535553
2005-02-24,0.3119593560695648
2005-02-25,0.31485405564308167
2005-02-28,0.3197525143623352
2005-03-01,0.349518358707428
2005-03-02,0.3295019865036011
2005-03-03,0.3212072253227234
2005-03-04,0.3617534041404724
2005-03-07,0.3512950837612152
2005-03-08,0.3484623432159424
2005-03-09,0.369794100522995
2005-03-10,0.38444414734840393
2005-03-11,0.382223516702652
2005-03-14,0.3625567555427551
2005-03-15,0.3596245050430298
2005-03-16,0.34837883710861206
2005-03-17,0.36318644881248474
2005-03-18,0.36498621106147766
2005-03-21,0.34334519505500793
2005-03-22,0.3300096392631531
2005-03-23,0.3411547541618347
2005-03-24,0.34604495763778687
2005-03-28,0.3238573968410492
2005-03-29,0.31404954195022583
2005-03-30,0.3229251205921173
2005-03-31,0.3162926733493805
2005-04-01,0.31683674454689026
2005-04-04,0.330050528049469
2005-04-05,0.335723340511322
2005-04-06,0.3220497965812683
2005-04-07,0.3132508397102356
2005-04-08,0.314380019903183
2005-04-11,0.317971408367157
2005-04-12,0.32803183794021606
2005-04-13,0.3293674886226654
2005-04-14,0.3432497978210449
2005-04-15,0.3658509850502014
2005-04-18,0.3803582191467285
2005-04-19,0.3992992639541626
2005-04-20,0.3779951333999634
2005-04-21,0.37818047404289246
2005-04-22,0.3697696328163147
2005-04-25,0.38253650069236755
2005-04-26,0.3585817217826843
2005-04-27,0.36566251516342163
2005-04-28,0.3745993375778198
2005-04-29,0.35632264614105225
2005-05-02,0.3593233823776245
2005-05-03,0.32710000872612
2005-05-04,0.3300636410713196
2005-05-05,0.3164062201976776
2005-05-06,0.32246825098991394
2005-05-09,0.30124250054359436
2005-05-10,0.3000122010707855
2005-05-11,0.3023129105567932
2005-05-12,0.3450773060321808
2005-05-13,0.34650084376335144
2005-05-16,0.34514808654785156
2005-05-17,0.34616559743881226
2005-05-18,0.33043479919433594
2005-05-19,0.3293495178222656
2005-05-20,0.33974823355674744
2005-05-23,0.31380563974380493
2005-05-24,0.3324575424194336
2005-05-25,0.32459625601768494
2005-05-26,0.30668753385543823
2005-05-27,0.2793191373348236
2005-05-31,0.26892581582069397
2005-06-01,0.26549211144447327
2005-06-02,0.2687792479991913
2005-06-03,0.26982736587524414
2005-06-06,0.282919317483902
2005-06-07,0.3046436905860901
2005-06-08,0.31748878955841064
2005-06-09,0.30267801880836487
2005-06-10,0.29626017808914185
2005-06-13,0.30444273352622986
2005-06-14,0.2939624786376953
2005-06-15,0.288701593875885
2005-06-16,0.2887974679470062
2005-06-17,0.2919435203075409
2005-06-20,0.28863629698753357
2005-06-21,0.27969416975975037
2005-06-22,0.279326468706131
2005-06-23,0.2679814100265503
2005-06-24,0.2780004143714905
2005-06-27,0.32609838247299194
2005-06-28,0.3373512625694275
2005-06-29,0.320308119058609
2005-06-30,0.3205935060977936
2005-07-01,0.3189857602119446
2005-07-05,0.31311744451522827
2005-07-06,0.318646639585495
2005-07-07,0.3203961253166199
2005-07-08,0.3258240520954132
2005-07-11,0.3180411458015442
2005-07-12,0.31510117650032043
2005-07-13,0.311097115278244
2005-07-14,0.31003227829933167
2005-07-15,0.3329470455646515
2005-07-18,0.3215792775154114
2005-07-19,0.31807196140289307
2005-07-20,0.3173532485961914
2005-07-21,0.31307774782180786
2005-07-22,0.32261037826538086
2005-07-25,0.31631019711494446
2005-07-26,0.31248360872268677
2005-07-27,0.25525134801864624
2005-07-28,0.2580140233039856
2005-07-29,0.2590042054653168
2005-08-01,0.2981490194797516
2005-08-02,0.2798616290092468
2005-08-03,0.2574256360530853
2005-08-04,0.25298118591308594
2005-08-05,0.23995578289031982
2005-08-08,0.24460232257843018
2005-08-09,0.24517492949962616
2005-08-10,0.24099984765052795
2005-08-11,0.2508290410041809
2005-08-12,0.23556649684906006
2005-08-15,0.2646090090274811
2005-08-16,0.2769242823123932
2005-08-17,0.2618764042854309
2005-08-18,0.25246283411979675
2005-08-19,0.2632603943347931
2005-08-22,0.25956374406814575
2005-08-23,0.2634606957435608
2005-08-24,0.2521490454673767
2005-08-25,0.2752845287322998
2005-08-26,0.25153619050979614
2005-08-29,0.30575987696647644
2005-08-30,0.307414710521698
2005-08-31,0.3078186810016632
2005-09-01,0.3102530837059021
2005-09-02,0.30817660689353943
2005-09-06,0.30454739928245544
2005-09-07,0.3133162260055542
2005-09-08,0.3240134119987488
2005-09-09,0.3162258267402649
2005-09-12,0.310240238904953
2005-09-13,0.3107399046421051
2005-09-14,0.3074818551540375
2005-09-15,0.3074935972690582
2005-09-16,0.3081546425819397
2005-09-19,0.30518636107444763
2005-09-20,0.31282222270965576
2005-09-21,0.3132892847061157
2005-09-22,0.3117953836917877
2005-09-23,0.32013872265815735
2005-09-26,0.31531578302383423
2005-09-27,0.2743533253669739
2005-09-28,0.2546553611755371
2005-09-29,0.2978304624557495
2005-09-30,0.2802412509918213
2005-10-03,0.2689168453216553
2005-10-04,0.25935098528862
2005-10-05,0.2584529519081116
2005-10-06,0.2698215842247009
2005-10-07,0.29852160811424255
2005-10-10,0.2992367148399353
2005-10-11,0.28492167592048645
2005-10-12,0.29844456911087036
2005-10-13,0.3896801471710205
2005-10-14,0.3825230896472931
2005-10-17,0.38327494263648987
2005-10-18,0.3378373086452484
2005-10-19,0.3235776424407959
2005-10-20,0.3467695116996765
2005-10-21,0.3829253017902374
2005-10-24,0.3544657528400421
2005-10-25,0.3279716372489929
2005-10-26,0.2959316372871399
2005-10-27,0.3133772015571594
2005-10-28,0.30923497676849365
2005-10-31,0.3383862376213074
2005-11-01,0.34187108278274536
2005-11-02,0.3440726697444916
2005-11-03,0.33526068925857544
2005-11-04,0.3378255367279053
2005-11-07,0.3231188654899597
2005-11-08,0.32374128699302673
2005-11-09,0.31546750664711
2005-11-10,0.31862086057662964
2005-11-11,0.327325701713562
2005-11-14,0.3043435513973236
2005-11-15,0.30045101046562195
2005-11-16,0.30873382091522217
2005-11-17,0.3062567114830017
2005-11-18,0.30563873052597046
2005-11-21,0.30806583166122437
2005-11-22,0.3015107810497284
2005-11-23,0.30323973298072815
2005-11-25,0.2995189130306244
2005-11-28,0.29094499349594116
2005-11-29,0.29679179191589355
2005-11-30,0.311161071062088
2005-12-01,0.3130004107952118
2005-12-02,0.3013487458229065
2005-12-05,0.31484153866767883
2005-12-06,0.293261855840683
2005-12-07,0.2938278317451477
2005-12-08,0.2948838174343109
2005-12-09,0.2921884059906006
2005-12-12,0.2873249053955078
2005-12-13,0.277643620967865
2005-12-14,0.2791101336479187
2005-12-15,0.2943742871284485
2005-12-16,0.28433677554130554
2005-12-19,0.2821384072303772
2005-12-20,0.2917977273464203
2005-12-21,0.2851516604423523
2005-12-22,0.27693626284599304
2005-12-23,0.27264219522476196
2005-12-27,0.22707490622997284
2005-12-28,0.24208121001720428
2005-12-29,0.23432978987693787
2005-12-30,0.2407342493534088
2006-01-03,0.24599683284759521
2006-01-04,0.2606116235256195
2006-01-05,0.2506253123283386
2006-01-06,0.24284443259239197
2006-01-09,0.2504219710826874
2006-01-10,0.2467627227306366
2006-01-11,0.3234749436378479
2006-01-12,0.2766154408454895
2006-01-13,0.28511375188827515
2006-01-17,0.2684254050254822
2006-01-18,0.2709222137928009
2006-01-19,0.28733545541763306
2006-01-20,0.31683802604675293
2006-01-23,0.3291128873825073
2006-01-24,0.34343868494033813
2006-01-25,0.3163798451423645
2006-01-26,0.39352181553840637
2006-01-27,0.3776519000530243
2006-01-30,0.3736388683319092
2006-01-31,0.39551475644111633
2006-02-01,0.38064390420913696
2006-02-02,0.3552030324935913
2006-02-03,0.34780675172805786
2006-02-06,0.3684033453464508
2006-02-07,0.40526533126831055
2006-02-08,0.39865708351135254
2006-02-09,0.39504700899124146
2006-02-10,0.393035352230072
2006-02-13,0.4327327311038971
2006-02-14,0.4060661196708679
2006-02-15,0.3878355026245117
2006-02-16,0.38385993242263794
2006-02-17,0.34824109077453613
2006-02-21,0.32388126850128174
2006-02-22,0.3306869864463806
2006-02-23,0.33262139558792114
2006-02-24,0.3146122097969055
2006-02-27,0.3152328431606293
2006-02-28,0.31501173973083496
2006-03-01,0.3292039930820465
2006-03-02,0.322226345539093
2006-03-03,0.3296881318092346
2006-03-06,0.33688098192214966
2006-03-07,0.31951549649238586
2006-03-08,0.3205299973487854
2006-03-09,0.33063942193984985
2006-03-10,0.3337874114513397
2006-03-13,0.3474985361099243
2006-03-14,0.3400046229362488
2006-03-15,0.3295598030090332
2006-03-16,0.325807124376297
2006-03-17,0.30976754426956177
2006-03-20,0.3081911504268646
2006-03-21,0.3068883419036865
2006-03-22,0.3157310485839844
2006-03-23,0.32063058018684387
2006-03-24,0.3250264525413513
2006-03-27,0.33109188079833984
2006-03-28,0.3209414780139923
2006-03-29,0.31512540578842163
2006-03-30,0.32928353548049927
2006-03-31,0.3379736840724945
2006-04-03,0.33757835626602173
2006-04-04,0.3351461589336395
2006-04-05,0.30694860219955444
2006-04-06,0.3059225082397461
2006-04-07,0.32201525568962097
2006-04-10,0.33258193731307983
2006-04-11,0.33968040347099304
2006-04-12,0.332912802696228
2006-04-13,0.310124009847641
2006-04-17,0.3034014403820038
2006-04-18,0.3019843101501465
2006-04-19,0.2965985834598541
2006-04-20,0.29490232467651367
2006-04-21,0.3044682443141937
2006-04-24,0.30230623483657837
2006-04-25,0.30437883734703064
2006-04-26,0.3020970821380615
2006-04-27,0.29854196310043335
2006-04-28,0.308927059173584
2006-05-01,0.29959577322006226
2006-05-02,0.30658119916915894
2006-05-03,0.3052331805229187
2006-05-04,0.3067482113838196
2006-05-05,0.32092195749282837
2006-05-08,0.30430784821510315
2006-05-09,0.29994481801986694
2006-05-10,0.29778558015823364
2006-05-11,0.30054786801338196
2006-05-12,0.3076462745666504
2006-05-15,0.33697718381881714
2006-05-16,0.3268154263496399
2006-05-17,0.3318520486354828
2006-05-18,0.3374336361885071
2006-05-19,0.32951289415359497
2006-05-22,0.34915417432785034
2006-05-23,0.33461815118789673
2006-05-24,0.32935938239097595
2006-05-25,0.3657611310482025
2006-05-26,0.3314860165119171
2006-05-30,0.3342234492301941
2006-05-31,0.3256722390651703
2006-06-01,0.2996634840965271
2006-06-02,0.30014532804489136
2006-06-05,0.3071310520172119
2006-06-06,0.3170727789402008
2006-06-07,0.3108793795108795
2006-06-08,0.31004205346107483
2006-06-09,0.31584638357162476
2006-06-12,0.34925130009651184
2006-06-13,0.3654941916465759
2006-06-14,0.39954933524131775
2006-06-15,0.37269991636276245
2006-06-16,0.3810446858406067
2006-06-19,0.3777117133140564
2006-06-20,0.34099313616752625
2006-06-21,0.32624879479408264
2006-06-22,0.31400734186172485
2006-06-23,0.3097704350948334
2006-06-26,0.30838412046432495
2006-06-27,0.3067070543766022
2006-06-28,0.2987271249294281
2006-06-29,0.31941789388656616
2006-06-30,0.32517382502555847
2006-07-03,0.31403738260269165
2006-07-05,0.2901729643344879
2006-07-06,0.2932994067668915
2006-07-07,0.29496365785598755
2006-07-10,0.3127700388431549
2006-07-11,0.31080347299575806
2006-07-12,0.3261392414569855
2006-07-13,0.3286926746368408
2006-07-14,0.36394861340522766
2006-07-17,0.39284977316856384
2006-07-18,0.360979288816452
2006-07-19,0.3628079295158386
2006-07-20,0.3673759996891022
2006-07-21,0.35002321004867554
2006-07-24,0.33242759108543396
2006-07-25,0.3258458971977234
2006-07-26,0.31553271412849426
2006-07-27,0.2996790409088135
2006-07-28,0.3076740801334381
2006-07-31,0.28085118532180786
2006-08-01,0.2918626368045807
2006-08-02,0.2814561426639557
2006-08-03,0.26325416564941406
2006-08-04,0.2840709090232849
2006-08-07,0.3375430107116699
2006-08-08,0.36240726709365845
2006-08-09,0.37650689482688904
2006-08-10,0.38387835025787354
2006-08-11,0.35949447751045227
2006-08-14,0.32777687907218933
2006-08-15,0.30521631240844727
2006-08-16,0.2848808765411377
2006-08-17,0.28564539551734924
2006-08-18,0.2756046652793884
2006-08-21,0.2630976140499115
2006-08-22,0.26057761907577515
2006-08-23,0.26187679171562195
2006-08-24,0.265399307012558
2006-08-25,0.27812451124191284
2006-08-28,0.302570641040802
2006-08-29,0.3022863566875458
2006-08-30,0.306079626083374
2006-08-31,0.2949420213699341
2006-09-01,0.2903638482093811
2006-09-05,0.2835976481437683
2006-09-06,0.3045434057712555
2006-09-07,0.30256375670433044
2006-09-08,0.3141404986381531
2006-09-11,0.30734753608703613
2006-09-12,0.3194133937358856
2006-09-13,0.3557460308074951
2006-09-14,0.33111318945884705
2006-09-15,0.32034599781036377
2006-09-18,0.3096395432949066
2006-09-19,0.30715256929397583
2006-09-20,0.3111063539981842
2006-09-21,0.3023378252983093
2006-09-22,0.307151734828949
2006-09-25,0.30057293176651
2006-09-26,0.3044438064098358
2006-09-27,0.29145848751068115
2006-09-28,0.2848213016986847
2006-09-29,0.2817155718803406
2006-10-02,0.2610853314399719
2006-10-03,0.2800927460193634
2006-10-04,0.2833564579486847
2006-10-05,0.281252920627594
2006-10-06,0.2963849902153015
2006-10-09,0.2794591188430786
2006-10-10,0.277987539768219
2006-10-11,0.278480589389801
2006-10-12,0.2817732095718384
2006-10-13,0.2790713310241699
2006-10-16,0.2792404294013977
2006-10-17,0.27211734652519226
2006-10-18,0.26703086495399475
2006-10-19,0.28320130705833435
2006-10-20,0.30559366941452026
2006-10-23,0.2695778012275696
2006-10-24,0.2831574082374573
2006-10-25,0.2752607762813568
2006-10-26,0.27450498938560486
2006-10-27,0.2830325961112976
2006-10-30,0.28859958052635193
2006-10-31,0.28697288036346436
2006-11-01,0.2856690287590027
2006-11-02,0.2946784496307373
2006-11-03,0.2897089123725891
2006-11-06,0.2823562026023865
2006-11-07,0.2855069935321808
2006-11-08,0.2809901237487793
2006-11-09,0.2892361283302307
2006-11-10,0.2938635051250458
2006-11-13,0.2870907783508301
2006-11-14,0.2873111069202423
2006-11-15,0.2872753441333771
2006-11-16,0.28778380155563354
2006-11-17,0.28419989347457886
2006-11-20,0.2837908864021301
2006-11-21,0.29036039113998413
2006-11-22,0.2785201668739319
2006-11-24,0.284942090511322
2006-11-27,0.2703472971916199
2006-11-28,0.2776600122451782
2006-11-29,0.2752586305141449
2006-11-30,0.28950101137161255
2006-12-01,0.281639039516449
2006-12-04,0.28724536299705505
2006-12-05,0.2747873365879059
2006-12-06,0.2717590928077698
2006-12-07,0.26100412011146545
2006-12-08,0.2882341742515564
2006-12-11,0.2765498161315918
2006-12-12,0.2655874788761139
2006-12-13,0.29357609152793884
2006-12-14,0.26810184121131897
2006-12-15,0.27566495537757874
2006-12-18,0.26822787523269653
2006-12-19,0.28398510813713074
2006-12-20,0.28817152976989746
2006-12-21,0.2810978293418884
2006-12-22,0.300687700510025
2006-12-26,0.2914244532585144
2006-12-27,0.2511679530143738
2006-12-28,0.30016952753067017
2006-12-29,0.26925140619277954
2007-01-03,0.2592132091522217
2007-01-04,0.29983997344970703
2007-01-05,0.2833273708820343
2007-01-08,0.2604653239250183
2007-01-09,0.257661908864975
2007-01-10,0.3632905185222626
2007-01-11,0.3312477171421051
2007-01-12,0.297663152217865
2007-01-16,0.2838900089263916
2007-01-17,0.26461130380630493
2007-01-18,0.27022162079811096
2007-01-19,0.3092406094074249
2007-01-22,0.2839973568916321
2007-01-23,0.2976417541503906
2007-01-24,0.28970783948898315
2007-01-25,0.2587287127971649
2007-01-26,0.2768024802207947
2007-01-29,0.3176780641078949
2007-01-30,0.30942100286483765
2007-01-31,0.29848459362983704
2007-02-01,0.30644848942756653
2007-02-02,0.29973095655441284
2007-02-05,0.3006226420402527
2007-02-06,0.2995677590370178
2007-02-07,0.30562281608581543
2007-02-08,0.30738911032676697
2007-02-09,0.3056362271308899
2007-02-12,0.30689889192581177
2007-02-13,0.3044823706150055
2007-02-14,0.3009755611419678
2007-02-15,0.29539746046066284
2007-02-16,0.2935510575771332
2007-02-20,0.2886761426925659
2007-02-21,0.2963033616542816
2007-02-22,0.3017813563346863
2007-02-23,0.3051699101924896
2007-02-26,0.30172812938690186
2007-02-27,0.2815743088722229
2007-02-28,0.2947467863559723
2007-03-01,0.2925723195075989
2007-03-02,0.31376415491104126
2007-03-05,0.3088659346103668
2007-03-06,0.30771058797836304
2007-03-07,0.29088810086250305
2007-03-08,0.28127068281173706
2007-03-09,0.2687810957431793
2007-03-12,0.2646556794643402
2007-03-13,0.26534873247146606
2007-03-14,0.2660365700721741
2007-03-15,0.2702946066856384
2007-03-16,0.26572877168655396
2007-03-19,0.2595086991786957
2007-03-20,0.26207876205444336
2007-03-21,0.2577405571937561
2007-03-22,0.2590455710887909
2007-03-23,0.26114165782928467
2007-03-26,0.25690194964408875
2007-03-27,0.28409844636917114
2007-03-28,0.28553733229637146
2007-03-29,0.2858465313911438
2007-03-30,0.28742918372154236
2007-04-02,0.28973832726478577
2007-04-03,0.2867186665534973
2007-04-04,0.2851347327232361
2007-04-05,0.28416651487350464
2007-04-09,0.2814340591430664
2007-04-10,0.28186532855033875
2007-04-11,0.2804167866706848
2007-04-12,0.28233855962753296
2007-04-13,0.2833945155143738
2007-04-16,0.2834712862968445
2007-04-17,0.2834181487560272
2007-04-18,0.28530430793762207
2007-04-19,0.2832892835140228
2007-04-20,0.28383615612983704
2007-04-23,0.282314658164978
2007-04-24,0.282479465007782
2007-04-25,0.29713958501815796
2007-04-26,0.286381334066391
2007-04-27,0.3036790192127228
2007-04-30,0.29856154322624207
2007-05-01,0.2874458134174347
2007-05-02,0.2940318286418915
2007-05-03,0.28153127431869507
2007-05-04,0.2838149070739746
2007-05-07,0.28056517243385315
2007-05-08,0.2837744951248169
2007-05-09,0.28674617409706116
2007-05-10,0.2838112413883209
2007-05-11,0.2966599464416504
2007-05-14,0.28970593214035034
2007-05-15,0.28887540102005005
2007-05-16,0.2945055365562439
2007-05-17,0.3020651638507843
2007-05-18,0.29548734426498413
2007-05-21,0.2943430244922638
2007-05-22,0.2944563925266266
2007-05-23,0.2847118377685547
2007-05-24,0.2860821783542633
2007-05-25,0.29369109869003296
2007-05-29,0.27285143733024597
2007-05-30,0.2742908000946045
2007-05-31,0.285643070936203
2007-06-01,0.2800270915031433
2007-06-04,0.2816679775714874
2007-06-05,0.2830525040626526
2007-06-06,0.28400570154190063
2007-06-07,0.2784813642501831
2007-06-08,0.29578885436058044
2007-06-11,0.2955795228481293
2007-06-12,0.3173091411590576
2007-06-13,0.31180882453918457
2007-06-14,0.3124256730079651
2007-06-15,0.2969491481781006
2007-06-18,0.2735781669616699
2007-06-19,0.2839207053184509
2007-06-20,0.2839497923851013
2007-06-21,0.28538551926612854
2007-06-22,0.2875402867794037
2007-06-25,0.28672531247138977
2007-06-26,0.28964146971702576
2007-06-27,0.28149548172950745
2007-06-28,0.2766615152359009
2007-06-29,0.2729864716529846
2007-07-02,0.2789080739021301
2007-07-03,0.28167295455932617
2007-07-05,0.2927803099155426
2007-07-06,0.2874153256416321
2007-07-09,0.27672189474105835
2007-07-10,0.2774962782859802
2007-07-11,0.28252533078193665
2007-07-12,0.2698553502559662
2007-07-13,0.26434439420700073
2007-07-16,0.2605074346065521
2007-07-17,0.26297178864479065
2007-07-18,0.25819817185401917
2007-07-19,0.2579962909221649
2007-07-20,0.25147172808647156
2007-07-23,0.25620123744010925
2007-07-24,0.25814613699913025
2007-07-25,0.27279919385910034
2007-07-26,0.27807992696762085
2007-07-27,0.3142176866531372
2007-07-30,0.31137704849243164
2007-07-31,0.32348427176475525
2007-08-01,0.34926503896713257
2007-08-02,0.39356356859207153
2007-08-03,0.3946317136287689
2007-08-06,0.38561224937438965
2007-08-07,0.40931177139282227
2007-08-08,0.4119783937931061
2007-08-09,0.3952651023864746
2007-08-10,0.4088912606239319
2007-08-13,0.4394577145576477
2007-08-14,0.4106879234313965
2007-08-15,0.3917897641658783
2007-08-16,0.40567708015441895
2007-08-17,0.45623689889907837
2007-08-20,0.4413108229637146
2007-08-21,0.41704902052879333
2007-08-22,0.41972875595092773
2007-08-23,0.38442426919937134
2007-08-24,0.35834193229675293
2007-08-27,0.2944856584072113
2007-08-28,0.26724642515182495
2007-08-29,0.28676730394363403
2007-08-30,0.27627864480018616
2007-08-31,0.29490819573402405
2007-09-04,0.2941155433654785
2007-09-05,0.27992913126945496
2007-09-06,0.33710962533950806
2007-09-07,0.35310569405555725
2007-09-10,0.36537593603134155
2007-09-11,0.3883891701698303
2007-09-12,0.3221726417541504
2007-09-13,0.2852328419685364
2007-09-14,0.27442455291748047
2007-09-17,0.26279932260513306
2007-09-18,0.2599075436592102
2007-09-19,0.2674674987792969
2007-09-20,0.26852917671203613
2007-09-21,0.26534023880958557
2007-09-24,0.2592857778072357
2007-09-25,0.2613307535648346
2007-09-26,0.25974220037460327
2007-09-27,0.26093778014183044
2007-09-28,0.24621303379535675
2007-10-01,0.24103792011737823
2007-10-02,0.2468918114900589
2007-10-03,0.24524588882923126
2007-10-04,0.24587225914001465
2007-10-05,0.25171369314193726
2007-10-08,0.24271734058856964
2007-10-09,0.24240680038928986
2007-10-10,0.269805371761322
2007-10-11,0.24737879633903503
2007-10-12,0.3892490863800049
2007-10-15,0.3330809772014618
2007-10-16,0.3596256971359253
2007-10-17,0.32113030552864075
2007-10-18,0.31061774492263794
2007-10-19,0.26303961873054504
2007-10-22,0.2833315134048462
2007-10-23,0.26632216572761536
2007-10-24,0.2956143617630005
2007-10-25,0.3302440643310547
2007-10-26,0.31052151322364807
2007-10-29,0.275515615940094
2007-10-30,0.254766047000885
2007-10-31,0.2583093047142029
2007-11-01,0.2705211639404297
2007-11-02,0.2614534795284271
2007-11-05,0.2911282777786255
2007-11-06,0.2797791063785553
2007-11-07,0.2764943242073059
2007-11-08,0.2801875174045563
2007-11-09,0.41765397787094116
2007-11-12,0.44924020767211914
2007-11-13,0.5639896988868713
2007-11-14,0.5412818193435669
2007-11-15,0.5719269514083862
2007-11-16,0.5809311270713806
2007-11-19,0.5697368383407593
2007-11-20,0.5307818651199341
2007-11-21,0.5693050622940063
2007-11-23,0.5338945388793945
2007-11-26,0.4113026261329651
2007-11-27,0.41713747382164
2007-11-28,0.41348138451576233
2007-11-29,0.33082765340805054
2007-11-30,0.30865278840065
2007-12-03,0.3368305265903473
2007-12-04,0.3295603394508362
2007-12-05,0.3079525828361511
2007-12-06,0.2955191433429718
2007-12-07,0.2866033911705017
2007-12-10,0.2741156816482544
2007-12-11,0.2559618353843689
2007-12-12,0.2908792495727539
2007-12-13,0.29940900206565857
2007-12-14,0.30727627873420715
2007-12-17,0.29280009865760803
2007-12-18,0.34313398599624634
2007-12-19,0.3522689938545227
2007-12-20,0.3118942379951477
2007-12-21,0.28437548875808716
2007-12-24,0.2673787772655487
2007-12-26,0.25533628463745117
2007-12-27,0.24465277791023254
2007-12-28,0.2536250054836273
2007-12-31,0.25219276547431946
2008-01-02,0.24942341446876526
2008-01-03,0.2839064598083496
2008-01-04,0.2719953656196594
2008-01-07,0.3189392387866974
2008-01-08,0.41810616850852966
2008-01-09,0.4600886404514313
2008-01-10,0.5333913564682007
2008-01-11,0.5444075465202332
2008-01-14,0.523844301700592
2008-01-15,0.4104756712913513
2008-01-16,0.5041259527206421
2008-01-17,0.5499300956726074
2008-01-18,0.5671660900115967
2008-01-22,0.539128303527832
2008-01-23,0.6193813681602478
2008-01-24,0.6491938829421997
2008-01-25,0.611115038394928
2008-01-28,0.5868112444877625
2008-01-29,0.5832014083862305
2008-01-30,0.48850956559181213
2008-01-31,0.48505011200904846
2008-02-01,0.4499813914299011
2008-02-04,0.3880729079246521
2008-02-05,0.35007232427597046
2008-02-06,0.36748021841049194
2008-02-07,0.41162586212158203
2008-02-08,0.49923229217529297
2008-02-11,0.4646841883659363
2008-02-12,0.4127112329006195
2008-02-13,0.40619391202926636
2008-02-14,0.37103915214538574
2008-02-15,0.3384445607662201
2008-02-19,0.3011133074760437
2008-02-20,0.3161526322364807
2008-02-21,0.3409659266471863
2008-02-22,0.33161991834640503
2008-02-25,0.36039453744888306
2008-02-26,0.38546568155288696
2008-02-27,0.39489060640335083
2008-02-28,0.3923584222793579
2008-02-29,0.3719988763332367
2008-03-03,0.37576809525489807
2008-03-04,0.4012392461299896
2008-03-05,0.45873087644577026
2008-03-06,0.4152600169181824
2008-03-07,0.4389646649360657
2008-03-10,0.44887733459472656
2008-03-11,0.42860540747642517
2008-03-12,0.4051404893398285
2008-03-13,0.39434486627578735
2008-03-14,0.4201573431491852
2008-03-17,0.46391525864601135
2008-03-18,0.4643429219722748
2008-03-19,0.4210272431373596
2008-03-20,0.41239356994628906
2008-03-24,0.3565714955329895
2008-03-25,0.3269208073616028
2008-03-26,0.31354135274887085
2008-03-27,0.30982616543769836
2008-03-28,0.31491702795028687
2008-03-31,0.2890310287475586
2008-04-01,0.29595810174942017
2008-04-02,0.2785727381706238
2008-04-03,0.29443466663360596
2008-04-04,0.29223451018333435
2008-04-07,0.28950560092926025
2008-04-08,0.28745412826538086
2008-04-09,0.2870056629180908
2008-04-10,0.28874117136001587
2008-04-11,0.27699190378189087
2008-04-14,0.28374728560447693
2008-04-15,0.3054695129394531
2008-04-16,0.2845388352870941
2008-04-17,0.26336410641670227
2008-04-18,0.2687924802303314
2008-04-21,0.2511502802371979
2008-04-22,0.25089138746261597
2008-04-23,0.2914080023765564
2008-04-24,0.27503934502601624
2008-04-25,0.3389493525028229
2008-04-28,0.312964528799057
2008-04-29,0.2926580011844635
2008-04-30,0.2758302688598633
2008-05-01,0.3048911690711975
2008-05-02,0.27114954590797424
2008-05-05,0.29847103357315063
2008-05-06,0.2783244252204895
2008-05-07,0.27296096086502075
2008-05-08,0.28814005851745605
2008-05-09,0.2734251618385315
2008-05-12,0.2586033344268799
2008-05-13,0.25015878677368164
2008-05-14,0.24683916568756104
2008-05-15,0.25982367992401123
2008-05-16,0.2767353653907776
2008-05-19,0.25015029311180115
2008-05-20,0.2871874272823334
2008-05-21,0.29712051153182983
2008-05-22,0.34215646982192993
2008-05-23,0.36838215589523315
2008-05-27,0.3438548743724823
2008-05-28,0.3012810945510864
2008-05-29,0.2902056872844696
2008-05-30,0.2759819030761719
2008-06-02,0.23377788066864014
2008-06-03,0.2544199526309967
2008-06-04,0.2691236138343811
2008-06-05,0.27696600556373596
2008-06-06,0.24411959946155548
2008-06-09,0.2770112156867981
2008-06-10,0.3897145092487335
2008-06-11,0.33200421929359436
2008-06-12,0.3380109667778015
2008-06-13,0.39473649859428406
2008-06-16,0.4637984335422516
2008-06-17,0.40064144134521484
2008-06-18,0.3535153269767761
2008-06-19,0.33961406350135803
2008-06-20,0.3281576633453369
2008-06-23,0.31126052141189575
2008-06-24,0.3276643753051758
2008-06-25,0.327071875333786
2008-06-26,0.3087386190891266
2008-06-27,0.3317252993583679
2008-06-30,0.3625563383102417
2008-07-01,0.35367971658706665
2008-07-02,0.3887777030467987
2008-07-03,0.3885679244995117
2008-07-07,0.4389936327934265
2008-07-08,0.3871326446533203
2008-07-09,0.37618523836135864
2008-07-10,0.3558790385723114
2008-07-11,0.3869350850582123
2008-07-14,0.43512600660324097
2008-07-15,0.4078618586063385
2008-07-16,0.480413019657135
2008-07-17,0.4191768169403076
2008-07-18,0.3667834401130676
2008-07-21,0.3338100016117096
2008-07-22,0.346084326505661
2008-07-23,0.40884676575660706
2008-07-24,0.38109254837036133
2008-07-25,0.3831610679626465
2008-07-28,0.351538747549057
2008-07-29,0.3297803997993469
2008-07-30,0.3381911814212799
2008-07-31,0.32828789949417114
2008-08-01,0.33790406584739685
2008-08-04,0.3387829661369324
2008-08-05,0.3378349840641022
2008-08-06,0.30561453104019165
2008-08-07,0.3142601549625397
2008-08-08,0.30560964345932007
2008-08-11,0.27628573775291443
2008-08-12,0.3028445243835449
2008-08-13,0.2932299077510834
2008-08-14,0.30599477887153625
2008-08-15,0.28525322675704956
2008-08-18,0.27815133333206177
2008-08-19,0.28177279233932495
2008-08-20,0.28150320053100586
2008-08-21,0.28102293610572815
2008-08-22,0.27801212668418884
2008-08-25,0.2467363178730011
2008-08-26,0.2528889775276184
2008-08-27,0.24228978157043457
2008-08-28,0.24250657856464386
2008-08-29,0.24029573798179626
2008-09-02,0.24785688519477844
2008-09-03,0.2979157269001007
2008-09-04,0.31234410405158997
2008-09-05,0.33695682883262634
2008-09-08,0.4053572118282318
2008-09-09,0.48749202489852905
2008-09-10,0.5473726987838745
2008-09-11,0.5500704646110535
2008-09-12,0.5150484442710876
2008-09-15,0.49174222350120544
2008-09-16,0.5228664875030518
2008-09-17,0.6054506301879883
2008-09-18,0.6292322874069214
2008-09-19,0.6994268894195557
2008-09-22,0.657415509223938
2008-09-23,0.5922900438308716
2008-09-24,0.6252997517585754
2008-09-25,0.5945613980293274
2008-09-26,0.5311230421066284
2008-09-29,0.5799570679664612
2008-09-30,0.7145563364028931
2008-10-01,0.6753833889961243
2008-10-02,0.6755956411361694
2008-10-03,0.7023637294769287
2008-10-06,0.7565966248512268
2008-10-07,0.7699763178825378
2008-10-08,0.7774430513381958
2008-10-09,0.7926894426345825
2008-10-10,0.7771446704864502
2008-10-13,0.796653151512146
2008-10-14,0.7327627539634705
2008-10-15,0.7514225244522095
2008-10-16,0.7369310855865479
2008-10-17,0.7590474486351013
2008-10-20,0.747952401638031
2008-10-21,0.7220506072044373
2008-10-22,0.6826172471046448
2008-10-23,0.6975592374801636
2008-10-24,0.7257609367370605
2008-10-27,0.7507612109184265
2008-10-28,0.7096602320671082
2008-10-29,0.6922136545181274
2008-10-30,0.709514319896698
2008-10-31,0.6484600901603699
2008-11-03,0.6380972862243652
2008-11-04,0.5610325336456299
2008-11-05,0.534294605255127
2008-11-06,0.5180226564407349
2008-11-07,0.5582860112190247
2008-11-10,0.5686677098274231
2008-11-11,0.5718381404876709
2008-11-12,0.5925041437149048
2008-11-13,0.5518304109573364
2008-11-14,0.6455516219139099
2008-11-17,0.6308367848396301
2008-11-18,0.6294375658035278
2008-11-19,0.6181009411811829
2008-11-20,0.6067808270454407
2008-11-21,0.6696062088012695
2008-11-24,0.6777501702308655
2008-11-25,0.6523457765579224
2008-11-26,0.6627016067504883
2008-11-28,0.5912927985191345
2008-12-01,0.5262861847877502
2008-12-02,0.5155957937240601
2008-12-03,0.5625604391098022
2008-12-04,0.583154559135437
2008-12-05,0.5961628556251526
2008-12-08,0.6004263162612915
2008-12-09,0.5387653112411499
2008-12-10,0.5391401648521423
2008-12-11,0.5032655000686646
2008-12-12,0.5027477145195007
2008-12-15,0.549148440361023
2008-12-16,0.48122960329055786
2008-12-17,0.4952164590358734
2008-12-18,0.4505034387111664
2008-12-19,0.40260082483291626
2008-12-22,0.3654993176460266
2008-12-23,0.37547391653060913
2008-12-24,0.3610129952430725
2008-12-26,0.3472124934196472
2008-12-29,0.29262298345565796
2008-12-30,0.2950601875782013
2008-12-31,0.36601942777633667
2009-01-02,0.29405295848846436
2009-01-05,0.31858769059181213
2009-01-06,0.36605221033096313
2009-01-07,0.3918607831001282
2009-01-08,0.3803938925266266
2009-01-09,0.4098133146762848
2009-01-12,0.3892015218734741
2009-01-13,0.36512717604637146
2009-01-14,0.40457138419151306
2009-01-15,0.37856325507164
2009-01-16,0.4513300955295563
2009-01-20,0.4711969494819641
2009-01-21,0.48161712288856506
2009-01-22,0.46497875452041626
2009-01-23,0.5101015567779541
2009-01-26,0.4778803288936615
2009-01-27,0.41661182045936584
2009-01-28,0.3443719744682312
2009-01-29,0.32943636178970337
2009-01-30,0.30270567536354065
2009-02-02,0.3069910705089569
2009-02-03,0.3323943018913269
2009-02-04,0.3277891278266907
2009-02-05,0.32439666986465454
2009-02-06,0.33335310220718384
2009-02-09,0.29472222924232483
2009-02-10,0.301811158657074
2009-02-11,0.37653642892837524
2009-02-12,0.3793470561504364
2009-02-13,0.41130417585372925
2009-02-17,0.3607383370399475
2009-02-18,0.3802272379398346
2009-02-19,0.3849853277206421
2009-02-20,0.3654014468193054
2009-02-23,0.396689236164093
2009-02-24,0.3988344073295593
2009-02-25,0.3947991132736206
2009-02-26,0.43447309732437134
2009-02-27,0.42087262868881226
2009-03-02,0.46220311522483826
2009-03-03,0.4639750123023987
2009-03-04,0.47789448499679565
2009-03-05,0.43179750442504883
2009-03-06,0.4534454345703125
2009-03-09,0.4984210431575775
2009-03-10,0.5025594830513
2009-03-11,0.4665263593196869
2009-03-12,0.45104604959487915
2009-03-13,0.42743244767189026
2009-03-16,0.3951985239982605
2009-03-17,0.4159788191318512
2009-03-18,0.39329445362091064
2009-03-19,0.4400568902492523
2009-03-20,0.4249347150325775
2009-03-23,0.3526023030281067
2009-03-24,0.36875709891319275
2009-03-25,0.3735570013523102
2009-03-26,0.3875385820865631
2009-03-27,0.37126418948173523
2009-03-30,0.34404200315475464
2009-03-31,0.3415008783340454
2009-04-01,0.3240881562232971
2009-04-02,0.32108670473098755
2009-04-03,0.335493266582489
2009-04-06,0.3113669455051422
2009-04-07,0.3268168568611145
2009-04-08,0.3000602722167969
2009-04-09,0.29732444882392883
2009-04-13,0.26557889580726624
2009-04-14,0.28037431836128235
2009-04-15,0.281816691160202
2009-04-16,0.2879323959350586
2009-04-17,0.27513596415519714
2009-04-20,0.27765458822250366
2009-04-21,0.2847645878791809
2009-04-22,0.2984005808830261
2009-04-23,0.30952563881874084
2009-04-24,0.36509034037590027
2009-04-27,0.3374250829219818
2009-04-28,0.3139289319515228
2009-04-29,0.3038734495639801
2009-04-30,0.3060019612312317
2009-05-01,0.29868242144584656
2009-05-04,0.27239400148391724
2009-05-05,0.254922091960907
2009-05-06,0.25044894218444824
2009-05-07,0.2763844430446625
2009-05-08,0.28216102719306946
2009-05-11,0.31778964400291443
2009-05-12,0.284812331199646
2009-05-13,0.3054926097393036
2009-05-14,0.3045153021812439
2009-05-15,0.2958076000213623
2009-05-18,0.2946925163269043
2009-05-19,0.3143238425254822
2009-05-20,0.28205442428588867
2009-05-21,0.31314194202423096
2009-05-22,0.30372610688209534
2009-05-26,0.29129594564437866
2009-05-27,0.2920331358909607
2009-05-28,0.29586872458457947
2009-05-29,0.2967917323112488
2009-06-01,0.258771687746048
2009-06-02,0.25185874104499817
2009-06-03,0.2630312442779541
2009-06-04,0.24850516021251678
2009-06-05,0.2408636063337326
2009-06-08,0.25651678442955017
2009-06-09,0.291096031665802
2009-06-10,0.27525022625923157
2009-06-11,0.2678421139717102
2009-06-12,0.2802388668060303
2009-06-15,0.24720358848571777
2009-06-16,0.2641774117946625
2009-06-17,0.2551722526550293
2009-06-18,0.281615674495697
2009-06-19,0.2602812647819519
2009-06-22,0.24098388850688934
2009-06-23,0.27655425667762756
2009-06-24,0.28900066018104553
2009-06-25,0.2719798684120178
2009-06-26,0.2630056142807007
2009-06-29,0.24008679389953613
2009-06-30,0.24038878083229065
2009-07-01,0.2374604046344757
2009-07-02,0.22637870907783508
2009-07-06,0.2281685620546341
2009-07-07,0.2384839504957199
2009-07-08,0.23615697026252747
2009-07-09,0.26830214262008667
2009-07-10,0.2648637592792511
2009-07-13,0.2555939555168152
2009-07-14,0.25715601444244385
2009-07-15,0.25300678610801697
2009-07-16,0.23031489551067352
2009-07-17,0.232219859957695
2009-07-20,0.21804802119731903
2009-07-21,0.23630699515342712
2009-07-22,0.2387232482433319
2009-07-23,0.24697093665599823
2009-07-24,0.24443188309669495
2009-07-27,0.23834332823753357
2009-07-28,0.24385777115821838
2009-07-29,0.23662538826465607
2009-07-30,0.23151595890522003
2009-07-31,0.22673428058624268
2009-08-03,0.2235710620880127
2009-08-04,0.2232774794101715
2009-08-05,0.21139760315418243
2009-08-06,0.21880145370960236
2009-08-07,0.2175271213054657
2009-08-10,0.21073046326637268
2009-08-11,0.21057748794555664
2009-08-12,0.21155543625354767
2009-08-13,0.21461793780326843
2009-08-14,0.21142986416816711
2009-08-17,0.20683662593364716
2009-08-18,0.2092622071504593
2009-08-19,0.20742985606193542
2009-08-20,0.20799069106578827
2009-08-21,0.19801875948905945
2009-08-24,0.19681164622306824
2009-08-25,0.20051653683185577
2009-08-26,0.2004273235797882
2009-08-27,0.20105116069316864
2009-08-28,0.2174457311630249
2009-08-31,0.21551525592803955
2009-09-01,0.2137952744960785
2009-09-02,0.22861111164093018
2009-09-03,0.22628462314605713
2009-09-04,0.21915116906166077
2009-09-08,0.2040613889694214
2009-09-09,0.20235005021095276
2009-09-10,0.2318859100341797
2009-09-11,0.21977166831493378
2009-09-14,0.2126302272081375
2009-09-15,0.2050427943468094
2009-09-16,0.200540229678154
2009-09-17,0.20638036727905273
2009-09-18,0.21857407689094543
2009-09-21,0.20570632815361023
2009-09-22,0.20852279663085938
2009-09-23,0.20577922463417053
2009-09-24,0.22261500358581543
2009-09-25,0.23540540039539337
2009-09-28,0.2411460131406784
2009-09-29,0.2138454169034958
2009-09-30,0.2210979163646698
2009-10-01,0.242916539311409
2009-10-02,0.23644928634166718
2009-10-05,0.231427401304245
2009-10-06,0.21955141425132751
2009-10-07,0.21507331728935242
2009-10-08,0.21125659346580505
2009-10-09,0.212009459733963
2009-10-12,0.200219064950943
2009-10-13,0.19936677813529968
2009-10-14,0.19539546966552734
2009-10-15,0.19382800161838531
2009-10-16,0.1890704184770584
2009-10-19,0.1948249340057373
2009-10-20,0.21081164479255676
2009-10-21,0.21739713847637177
2009-10-22,0.22769644856452942
2009-10-23,0.2352629452943802
2009-10-26,0.22153456509113312
2009-10-27,0.23186703026294708
2009-10-28,0.25578615069389343
2009-10-29,0.2768112123012543
2009-10-30,0.23956231772899628
2009-11-02,0.2779094874858856
2009-11-03,0.3229658603668213
2009-11-04,0.29702654480934143
2009-11-05,0.2748233675956726
2009-11-06,0.242294043302536
2009-11-09,0.23651012778282166
2009-11-10,0.21926748752593994
2009-11-11,0.21651454269886017
2009-11-12,0.2137105017900467
2009-11-13,0.20836558938026428
2009-11-16,0.20362775027751923
2009-11-17,0.20086804032325745
2009-11-18,0.2000218629837036
2009-11-19,0.20459744334220886
2009-11-20,0.2117794007062912
2009-11-23,0.20198071002960205
2009-11-24,0.19749578833580017
2009-11-25,0.19763517379760742
2009-11-27,0.20137815177440643
2009-11-30,0.22183652222156525
2009-12-01,0.2160828560590744
2009-12-02,0.21239104866981506
2009-12-03,0.22576645016670227
2009-12-04,0.226225808262825
2009-12-07,0.2568977475166321
2009-12-08,0.26052483916282654
2009-12-09,0.2555026113986969
2009-12-10,0.24777185916900635
2009-12-11,0.2456085979938507
2009-12-14,0.23024359345436096
2009-12-15,0.23413196206092834
2009-12-16,0.22502736747264862
2009-12-17,0.219244122505188
2009-12-18,0.2162509709596634
2009-12-21,0.2126419097185135
2009-12-22,0.2158249169588089
2009-12-23,0.2088766098022461
2009-12-24,0.20512323081493378
2009-12-28,0.2225397378206253
2009-12-29,0.22122982144355774
2009-12-30,0.2211863100528717
2009-12-31,0.22155459225177765
2010-01-04,0.21595406532287598
2010-01-05,0.21494249999523163
2010-01-06,0.21642076969146729
2010-01-07,0.22261813282966614
2010-01-08,0.22672414779663086
2010-01-11,0.2245694100856781
2010-01-12,0.22777438163757324
2010-01-13,0.2346268594264984
2010-01-14,0.23446354269981384
2010-01-15,0.22627153992652893
2010-01-19,0.23422250151634216
2010-01-20,0.22999434173107147
2010-01-21,0.23728883266448975
2010-01-22,0.2495691329240799
2010-01-25,0.2657243311405182
2010-01-26,0.2584514021873474
2010-01-27,0.32682186365127563
2010-01-28,0.389407217502594
2010-01-29,0.3458394408226013
2010-02-01,0.3633216619491577
2010-02-02,0.3385295271873474
2010-02-03,0.28952285647392273
2010-02-04,0.27550598978996277
2010-02-05,0.27806732058525085
2010-02-08,0.30317020416259766
2010-02-09,0.27697235345840454
2010-02-10,0.2745699882507324
2010-02-11,0.25286683440208435
2010-02-12,0.24851647019386292
2010-02-16,0.24625930190086365
2010-02-17,0.22411882877349854
2010-02-18,0.22425439953804016
2010-02-19,0.2201894223690033
2010-02-22,0.21566608548164368
2010-02-23,0.21943369507789612
2010-02-24,0.23174962401390076
2010-02-25,0.2277502566576004
2010-02-26,0.24119946360588074
2010-03-01,0.2105114459991455
2010-03-02,0.20113864541053772
2010-03-03,0.20210520923137665
2010-03-04,0.19745464622974396
2010-03-05,0.19700467586517334
2010-03-08,0.19904807209968567
2010-03-09,0.1930077075958252
2010-03-10,0.20696806907653809
2010-03-11,0.20605814456939697
2010-03-12,0.1999119520187378
2010-03-15,0.20215646922588348
2010-03-16,0.21768251061439514
2010-03-17,0.20277974009513855
2010-03-18,0.19730694591999054
2010-03-19,0.2017126977443695
2010-03-22,0.1996711641550064
2010-03-23,0.20005488395690918
2010-03-24,0.20638999342918396
2010-03-25,0.20838360488414764
2010-03-26,0.20660364627838135
2010-03-29,0.23755145072937012
2010-03-30,0.22767500579357147
2010-03-31,0.2287290394306183
2010-04-01,0.22624488174915314
2010-04-05,0.22721652686595917
2010-04-06,0.230330228805542
2010-04-07,0.2241072952747345
2010-04-08,0.22648878395557404
2010-04-09,0.23075886070728302
2010-04-12,0.2221912443637848
2010-04-13,0.22135689854621887
2010-04-14,0.21922019124031067
2010-04-15,0.21756939589977264
2010-04-16,0.21726886928081512
2010-04-19,0.23276564478874207
2010-04-20,0.23775625228881836
2010-04-21,0.23962660133838654
2010-04-22,0.24825482070446014
2010-04-23,0.24824018776416779
2010-04-26,0.2434040755033493
2010-04-27,0.21759304404258728
2010-04-28,0.2458513230085373
2010-04-29,0.27022120356559753
2010-04-30,0.23328633606433868
2010-05-03,0.2638830542564392
2010-05-04,0.23630182445049286
2010-05-05,0.25517958402633667
2010-05-06,0.2947336733341217
2010-05-07,0.5084912776947021
2010-05-10,0.6086875200271606
2010-05-11,0.5027155876159668
2010-05-12,0.47519999742507935
2010-05-13,0.3401339054107666
2010-05-14,0.2847385108470917
2010-05-17,0.2876012325286865
2010-05-18,0.30502045154571533
2010-05-19,0.3059256672859192
2010-05-20,0.35943472385406494
2010-05-21,0.3920554220676422
2010-05-24,0.4192937910556793
2010-05-25,0.3675028383731842
2010-05-26,0.40462714433670044
2010-05-27,0.3504638671875
2010-05-28,0.28783440589904785
2010-06-01,0.312456339597702
2010-06-02,0.2965962588787079
2010-06-03,0.269042432308197
2010-06-04,0.25751668214797974
2010-06-07,0.26145225763320923
2010-06-08,0.2997271716594696
2010-06-09,0.328202486038208
2010-06-10,0.31401747465133667
2010-06-11,0.30275747179985046
2010-06-14,0.27931997179985046
2010-06-15,0.2665002942085266
2010-06-16,0.23550084233283997
2010-06-17,0.22671809792518616
2010-06-18,0.22746829688549042
2010-06-21,0.20390796661376953
2010-06-22,0.22652296721935272
2010-06-23,0.2351251095533371
2010-06-24,0.2622986435890198
2010-06-25,0.2554634213447571
2010-06-28,0.25919613242149353
2010-06-29,0.2631548047065735
2010-06-30,0.3207548260688782
2010-07-01,0.2877328395843506
2010-07-02,0.3478522300720215
2010-07-06,0.30131086707115173
2010-07-07,0.29626381397247314
2010-07-08,0.26099610328674316
2010-07-09,0.2737990617752075
2010-07-12,0.24944834411144257
2010-07-13,0.25210484862327576
2010-07-14,0.29113733768463135
2010-07-15,0.26967471837997437
2010-07-16,0.2698836922645569
2010-07-19,0.2985268831253052
2010-07-20,0.2990816533565521
2010-07-21,0.2877916693687439
2010-07-22,0.324025422334671
2010-07-23,0.26984280347824097
2010-07-26,0.2645642161369324
2010-07-27,0.23434719443321228
2010-07-28,0.23420310020446777
2010-07-29,0.2335328757762909
2010-07-30,0.24087190628051758
2010-08-02,0.23840585350990295
2010-08-03,0.20734122395515442
2010-08-04,0.21056099236011505
2010-08-05,0.21590545773506165
2010-08-06,0.2008112221956253
2010-08-09,0.20790496468544006
2010-08-10,0.19363021850585938
2010-08-11,0.20875868201255798
2010-08-12,0.2095334827899933
2010-08-13,0.21566061675548553
2010-08-16,0.20050445199012756
2010-08-17,0.20379610359668732
2010-08-18,0.19646547734737396
2010-08-19,0.1982523649930954
2010-08-20,0.20244164764881134
2010-08-23,0.1912166029214859
2010-08-24,0.20262594521045685
2010-08-25,0.22329458594322205
2010-08-26,0.22914662957191467
2010-08-27,0.20390769839286804
2010-08-30,0.22688893973827362
2010-08-31,0.20493879914283752
2010-09-01,0.22266586124897003
2010-09-02,0.20440542697906494
2010-09-03,0.19771476089954376
2010-09-07,0.19283390045166016
2010-09-08,0.19061711430549622
2010-09-09,0.188944011926651
2010-09-10,0.18243065476417542
2010-09-13,0.1797986924648285
2010-09-14,0.17241956293582916
2010-09-15,0.17397426068782806
2010-09-16,0.17068254947662354
2010-09-17,0.17109960317611694
2010-09-20,0.17417393624782562
2010-09-21,0.17338672280311584
2010-09-22,0.18450544774532318
2010-09-23,0.18431764841079712
2010-09-24,0.18659767508506775
2010-09-27,0.18291792273521423
2010-09-28,0.1827385127544403
2010-09-29,0.27499258518218994
2010-09-30,0.21087977290153503
2010-10-01,0.2303529679775238
2010-10-04,0.21983876824378967
2010-10-05,0.21620230376720428
2010-10-06,0.19663158059120178
2010-10-07,0.22137515246868134
2010-10-08,0.21430830657482147
2010-10-11,0.20904283225536346
2010-10-12,0.18669992685317993
2010-10-13,0.19881632924079895
2010-10-14,0.1810336858034134
2010-10-15,0.17558836936950684
2010-10-18,0.1851424127817154
2010-10-19,0.18846657872200012
2010-10-20,0.2395351678133011
2010-10-21,0.2188223898410797
2010-10-22,0.21154198050498962
2010-10-25,0.19407731294631958
2010-10-26,0.18851342797279358
2010-10-27,0.19516989588737488
2010-10-28,0.19899463653564453
2010-10-29,0.1985398381948471
2010-11-01,0.18485687673091888
2010-11-02,0.1883428394794464
2010-11-03,0.18146365880966187
2010-11-04,0.20081762969493866
2010-11-05,0.18358536064624786
2010-11-08,0.180912584066391
2010-11-09,0.17398656904697418
2010-11-10,0.17770972847938538
2010-11-11,0.18262025713920593
2010-11-12,0.18244075775146484
2010-11-15,0.214867502450943
2010-11-16,0.20461638271808624
2010-11-17,0.21372158825397491
2010-11-18,0.2178763449192047
2010-11-19,0.19223320484161377
2010-11-22,0.19129186868667603
2010-11-23,0.1969977170228958
2010-11-24,0.1992793083190918
2010-11-26,0.17698578536510468
2010-11-29,0.1787414699792862
2010-11-30,0.18943127989768982
2010-12-01,0.1854076087474823
2010-12-02,0.17134901881217957
2010-12-03,0.17460522055625916
2010-12-06,0.1696690320968628
2010-12-07,0.17224624752998352
2010-12-08,0.1717887818813324
2010-12-09,0.17216244339942932
2010-12-10,0.16951878368854523
2010-12-13,0.1625465601682663
2010-12-14,0.16295918822288513
2010-12-15,0.16714994609355927
2010-12-16,0.16696813702583313
2010-12-17,0.16277380287647247
2010-12-20,0.15714842081069946
2010-12-21,0.16178865730762482
2010-12-22,0.15767642855644226
2010-12-23,0.15583214163780212
2010-12-27,0.15262338519096375
2010-12-28,0.15379522740840912
2010-12-29,0.15251758694648743
2010-12-30,0.15060976147651672
2010-12-31,0.15139085054397583
2011-01-03,0.15230286121368408
2011-01-04,0.15523000061511993
2011-01-05,0.15756642818450928
2011-01-06,0.1562996804714203
2011-01-07,0.15551874041557312
2011-01-10,0.16144168376922607
2011-01-11,0.16073094308376312
2011-01-12,0.16553445160388947
2011-01-13,0.15935656428337097
2011-01-14,0.15697236359119415
2011-01-18,0.15547747910022736
2011-01-19,0.1943860799074173
2011-01-20,0.20275196433067322
2011-01-21,0.20070508122444153
2011-01-24,0.19011250138282776
2011-01-25,0.19347211718559265
2011-01-26,0.19045007228851318
2011-01-27,0.18771374225616455
2011-01-28,0.1760183572769165
2011-01-31,0.19976279139518738
2011-02-01,0.20347273349761963
2011-02-02,0.17618897557258606
2011-02-03,0.17067837715148926
2011-02-04,0.17548221349716187
2011-02-07,0.16755138337612152
2011-02-08,0.1634463518857956
2011-02-09,0.1601903736591339
2011-02-10,0.1614394634962082
2011-02-11,0.18549728393554688
2011-02-14,0.16827863454818726
2011-02-15,0.16007864475250244
2011-02-16,0.15953947603702545
2011-02-17,0.16055530309677124
2011-02-18,0.16314290463924408
2011-02-22,0.17002041637897491
2011-02-23,0.2038186490535736
2011-02-24,0.19918569922447205
2011-02-25,0.20695170760154724
2011-02-28,0.17993304133415222
2011-03-01,0.17804765701293945
2011-03-02,0.20630665123462677
2011-03-03,0.22236664593219757
2011-03-04,0.17443187534809113
2011-03-07,0.1717943400144577
2011-03-08,0.19038668274879456
2011-03-09,0.17979377508163452
2011-03-10,0.19054868817329407
2011-03-11,0.19015741348266602
2011-03-14,0.18506959080696106
2011-03-15,0.18097439408302307
2011-03-16,0.21104364097118378
2011-03-17,0.2616656422615051
2011-03-18,0.21310865879058838
2011-03-21,0.2297491580247879
2011-03-22,0.19229848682880402
2011-03-23,0.18564815819263458
2011-03-24,0.181826651096344
2011-03-25,0.17616578936576843
2011-03-28,0.16575118899345398
2011-03-29,0.16307862102985382
2011-03-30,0.16249558329582214
2011-03-31,0.15518948435783386
2011-04-01,0.15593215823173523
2011-04-04,0.15858064591884613
2011-04-05,0.16424892842769623
2011-04-06,0.17055515944957733
2011-04-07,0.16999423503875732
2011-04-08,0.17186413705348969
2011-04-11,0.169467955827713
2011-04-12,0.17081335186958313
2011-04-13,0.1765013188123703
2011-04-14,0.171138197183609
2011-04-15,0.16791090369224548
2011-04-18,0.16382955014705658
2011-04-19,0.21197862923145294
2011-04-20,0.17548950016498566
2011-04-21,0.16484932601451874
2011-04-25,0.1747364103794098
2011-04-26,0.162491112947464
2011-04-27,0.1623041182756424
2011-04-28,0.16212299466133118
2011-04-29,0.1576053351163864
2011-05-02,0.15770402550697327
2011-05-03,0.16118820011615753
2011-05-04,0.1572648584842682
2011-05-05,0.1769351065158844
2011-05-06,0.17420288920402527
2011-05-09,0.16660138964653015
2011-05-10,0.15758247673511505
2011-05-11,0.15413597226142883
2011-05-12,0.15969254076480865
2011-05-13,0.1690935492515564
2011-05-16,0.160365492105484
2011-05-17,0.16781742870807648
2011-05-18,0.1765764057636261
2011-05-19,0.15773510932922363
2011-05-20,0.15799462795257568
2011-05-23,0.15740010142326355
2011-05-24,0.16622698307037354
2011-05-25,0.16418422758579254
2011-05-26,0.15926983952522278
2011-05-27,0.1524636596441269
2011-05-31,0.1463611125946045
2011-06-01,0.14774206280708313
2011-06-02,0.1581648290157318
2011-06-03,0.16256389021873474
2011-06-06,0.15919330716133118
2011-06-07,0.1793595254421234
2011-06-08,0.18137075006961823
2011-06-09,0.18798241019248962
2011-06-10,0.1774452030658722
2011-06-13,0.1794803887605667
2011-06-14,0.18303167819976807
2011-06-15,0.16615420579910278
2011-06-16,0.17497065663337708
2011-06-17,0.18960484862327576
2011-06-20,0.2011963576078415
2011-06-21,0.2139091193675995
2011-06-22,0.20289655029773712
2011-06-23,0.19325947761535645
2011-06-24,0.22548532485961914
2011-06-27,0.21153655648231506
2011-06-28,0.1949734389781952
2011-06-29,0.17814579606056213
2011-06-30,0.18084053695201874
2011-07-01,0.17635108530521393
2011-07-05,0.16763107478618622
2011-07-06,0.16543278098106384
2011-07-07,0.1681407243013382
2011-07-08,0.1617763340473175
2011-07-11,0.16398830711841583
2011-07-12,0.1719737946987152
2011-07-13,0.18209943175315857
2011-07-14,0.17293550074100494
2011-07-15,0.17678818106651306
2011-07-18,0.16762444376945496
2011-07-19,0.16640569269657135
2011-07-20,0.17036111652851105
2011-07-21,0.18562045693397522
2011-07-22,0.18188238143920898
2011-07-25,0.17124870419502258
2011-07-26,0.17260399460792542
2011-07-27,0.16474661231040955
2011-07-28,0.1837930828332901
2011-07-29,0.18524222075939178
2011-08-01,0.20266962051391602
2011-08-02,0.21622543036937714
2011-08-03,0.21847502887248993
2011-08-04,0.26060670614242554
2011-08-05,0.28648415207862854
2011-08-08,0.391679972410202
2011-08-09,0.4169195294380188
2011-08-10,0.4491737484931946
2011-08-11,0.42835187911987305
2011-08-12,0.36809033155441284
2011-08-15,0.29693490266799927
2011-08-16,0.2605452239513397
2011-08-17,0.2544688880443573
2011-08-18,0.2306506186723709
2011-08-19,0.25825467705726624
2011-08-22,0.26208844780921936
2011-08-23,0.27206718921661377
2011-08-24,0.26258039474487305
2011-08-25,0.25095194578170776
2011-08-26,0.2659218907356262
2011-08-29,0.25496581196784973
2011-08-30,0.2080780267715454
2011-08-31,0.20619380474090576
2011-09-01,0.20298190414905548
2011-09-02,0.19603176414966583
2011-09-06,0.18680158257484436
2011-09-07,0.21374011039733887
2011-09-08,0.17977190017700195
2011-09-09,0.1911102831363678
2011-09-12,0.20210328698158264
2011-09-13,0.21898508071899414
2011-09-14,0.2027672976255417
2011-09-15,0.18730802834033966
2011-09-16,0.17514517903327942
2011-09-19,0.16691753268241882
2011-09-20,0.18852519989013672
2011-09-21,0.19599215686321259
2011-09-22,0.2175666093826294
2011-09-23,0.28305861353874207
2011-09-26,0.2628003656864166
2011-09-27,0.30309122800827026
2011-09-28,0.280154287815094
2011-09-29,0.2796391546726227
2011-09-30,0.2942497730255127
2011-10-03,0.30178767442703247
2011-10-04,0.34444746375083923
2011-10-05,0.42800378799438477
2011-10-06,0.38744938373565674
2011-10-07,0.3847947120666504
2011-10-10,0.3416328728199005
2011-10-11,0.28309640288352966
2011-10-12,0.27880892157554626
2011-10-13,0.26474112272262573
2011-10-14,0.22599685192108154
2011-10-17,0.191423699259758
2011-10-18,0.21419015526771545
2011-10-19,0.2093256413936615
2011-10-20,0.23915421962738037
2011-10-21,0.23878498375415802
2011-10-24,0.2080439031124115
2011-10-25,0.20220398902893066
2011-10-26,0.21168780326843262
2011-10-27,0.22242669761180878
2011-10-28,0.20077013969421387
2011-10-31,0.18341811001300812
2011-11-01,0.18986329436302185
2011-11-02,0.21837440133094788
2011-11-03,0.1945403516292572
2011-11-04,0.19057628512382507
2011-11-07,0.16899289190769196
2011-11-08,0.16975033283233643
2011-11-09,0.16535231471061707
2011-11-10,0.17021246254444122
2011-11-11,0.2029334008693695
2011-11-14,0.20147506892681122
2011-11-15,0.20579449832439423
2011-11-16,0.1927681863307953
2011-11-17,0.1987425982952118
2011-11-18,0.22526486217975616
2011-11-21,0.20572157204151154
2011-11-22,0.2326856553554535
2011-11-23,0.2156832218170166
2011-11-25,0.2307465523481369
2011-11-28,0.21568210422992706
2011-11-29,0.19943471252918243
2011-11-30,0.2224627435207367
2011-12-01,0.19753211736679077
2011-12-02,0.1901843249797821
2011-12-05,0.17513492703437805
2011-12-06,0.17386874556541443
2011-12-07,0.16870471835136414
2011-12-08,0.169558584690094
2011-12-09,0.175733283162117
2011-12-12,0.1608761101961136
2011-12-13,0.1632305085659027
2011-12-14,0.16988816857337952
2011-12-15,0.1831815093755722
2011-12-16,0.1728602945804596
2011-12-19,0.16063283383846283
2011-12-20,0.16020284593105316
2011-12-21,0.15563836693763733
2011-12-22,0.16050612926483154
2011-12-23,0.14744466543197632
2011-12-27,0.12968774139881134
2011-12-28,0.13060060143470764
2011-12-29,0.13204161822795868
2011-12-30,0.1308126300573349
2012-01-03,0.12500891089439392
2012-01-04,0.1267818659543991
2012-01-05,0.12713034451007843
2012-01-06,0.12766686081886292
2012-01-09,0.1250816136598587
2012-01-10,0.1336568146944046
2012-01-11,0.13255681097507477
2012-01-12,0.1336575299501419
2012-01-13,0.13300898671150208
2012-01-17,0.1291937679052353
2012-01-18,0.12705408036708832
2012-01-19,0.12592796981334686
2012-01-20,0.12457256019115448
2012-01-23,0.12522636353969574
2012-01-24,0.1291828751564026
2012-01-25,0.13181957602500916
2012-01-26,0.15165118873119354
2012-01-27,0.1323530226945877
2012-01-30,0.12689411640167236
2012-01-31,0.12964093685150146
2012-02-01,0.1301729679107666
2012-02-02,0.1265355795621872
2012-02-03,0.12434812635183334
2012-02-06,0.11979559808969498
2012-02-07,0.11915403604507446
2012-02-08,0.11992736160755157
2012-02-09,0.12096574157476425
2012-02-10,0.14269742369651794
2012-02-13,0.15194401144981384
2012-02-14,0.15202206373214722
2012-02-15,0.14597009122371674
2012-02-16,0.2336793839931488
2012-02-17,0.23892107605934143
2012-02-21,0.20187528431415558
2012-02-22,0.20281624794006348
2012-02-23,0.212881401181221
2012-02-24,0.21821677684783936
2012-02-27,0.17156192660331726
2012-02-28,0.1827799379825592
2012-02-29,0.1815214902162552
2012-03-01,0.2134973704814911
2012-03-02,0.19693875312805176
2012-03-05,0.16030511260032654
2012-03-06,0.22774644196033478
2012-03-07,0.2518889605998993
2012-03-08,0.26663655042648315
2012-03-09,0.20426258444786072
2012-03-12,0.17561422288417816
2012-03-13,0.1678185760974884
2012-03-14,0.16265684366226196
2012-03-15,0.23834653198719025
2012-03-16,0.2777755856513977
2012-03-19,0.2271096408367157
2012-03-20,0.22593264281749725
2012-03-21,0.22095970809459686
2012-03-22,0.1966220587491989
2012-03-23,0.2011127918958664
2012-03-26,0.18174698948860168
2012-03-27,0.17829455435276031
2012-03-28,0.17064425349235535
2012-03-29,0.1748405247926712
2012-03-30,0.1739199310541153
2012-04-02,0.17090153694152832
2012-04-03,0.16151496767997742
2012-04-04,0.1742897927761078
2012-04-05,0.16646647453308105
2012-04-09,0.15529534220695496
2012-04-10,0.16682322323322296
2012-04-11,0.20234382152557373
2012-04-12,0.20168980956077576
2012-04-13,0.19826295971870422
2012-04-16,0.21912188827991486
2012-04-17,0.29483217000961304
2012-04-18,0.27055996656417847
2012-04-19,0.28322821855545044
2012-04-20,0.29092276096343994
2012-04-23,0.29383325576782227
2012-04-24,0.36015647649765015
2012-04-25,0.31440049409866333
2012-04-26,0.2846265137195587
2012-04-27,0.25831228494644165
2012-04-30,0.22618551552295685
2012-05-01,0.2508971095085144
2012-05-02,0.2620374262332916
2012-05-03,0.25656574964523315
2012-05-04,0.22253915667533875
2012-05-07,0.21243493258953094
2012-05-08,0.24064195156097412
2012-05-09,0.24919554591178894
2012-05-10,0.23912623524665833
2012-05-11,0.20718669891357422
2012-05-14,0.20312924683094025
2012-05-15,0.2074904888868332
2012-05-16,0.22637133300304413
2012-05-17,0.2350432127714157
2012-05-18,0.25638923048973083
2012-05-21,0.2604526877403259
2012-05-22,0.24567250907421112
2012-05-23,0.2600876986980438
2012-05-24,0.2735241949558258
2012-05-25,0.26589280366897583
2012-05-29,0.22516798973083496
2012-05-30,0.2345791608095169
2012-05-31,0.24045558273792267
2012-06-01,0.23364190757274628
2012-06-04,0.21996435523033142
2012-06-05,0.2845943868160248
2012-06-06,0.24155978858470917
2012-06-07,0.19692426919937134
2012-06-08,0.19137778878211975
2012-06-11,0.16945447027683258
2012-06-12,0.20955045521259308
2012-06-13,0.21134550869464874
2012-06-14,0.1867857426404953
2012-06-15,0.1826677918434143
2012-06-18,0.1519632190465927
2012-06-19,0.16770656406879425
2012-06-20,0.1704801619052887
2012-06-21,0.17744329571723938
2012-06-22,0.16554269194602966
2012-06-25,0.15523214638233185
2012-06-26,0.15576782822608948
2012-06-27,0.16228871047496796
2012-06-28,0.1465778946876526
2012-06-29,0.1523798406124115
2012-07-02,0.13754330575466156
2012-07-03,0.14576931297779083
2012-07-05,0.1354839950799942
2012-07-06,0.13790243864059448
2012-07-09,0.14035768806934357
2012-07-10,0.14626416563987732
2012-07-11,0.15505771338939667
2012-07-12,0.1691906750202179
2012-07-13,0.17237265408039093
2012-07-16,0.15165944397449493
2012-07-17,0.1484753042459488
2012-07-18,0.157435804605484
2012-07-19,0.14758601784706116
2012-07-20,0.14665190875530243
2012-07-23,0.13936994969844818
2012-07-24,0.17300431430339813
2012-07-25,0.1711193174123764
2012-07-26,0.18993370234966278
2012-07-27,0.17509829998016357
2012-07-30,0.16105060279369354
2012-07-31,0.1757989227771759
2012-08-01,0.16846232116222382
2012-08-02,0.18023201823234558
2012-08-03,0.18150682747364044
2012-08-06,0.1483267843723297
2012-08-07,0.14550256729125977
2012-08-08,0.1448754370212555
2012-08-09,0.13666144013404846
2012-08-10,0.12809327244758606
2012-08-13,0.12123923003673553
2012-08-14,0.12299717962741852
2012-08-15,0.12936004996299744
2012-08-16,0.126989483833313
2012-08-17,0.12334208190441132
2012-08-20,0.12077634036540985
2012-08-21,0.13433977961540222
2012-08-22,0.17338640987873077
2012-08-23,0.17453160881996155
2012-08-24,0.17597822844982147
2012-08-27,0.15611661970615387
2012-08-28,0.16402992606163025
2012-08-29,0.1492232084274292
2012-08-30,0.13781361281871796
2012-08-31,0.13932658731937408
2012-09-04,0.14612117409706116
2012-09-05,0.14623047411441803
2012-09-06,0.14430661499500275
2012-09-07,0.13702410459518433
2012-09-10,0.13216474652290344
2012-09-11,0.14730122685432434
2012-09-12,0.16828355193138123
2012-09-13,0.20935580134391785
2012-09-14,0.17599080502986908
2012-09-17,0.16009077429771423
2012-09-18,0.15019074082374573
2012-09-19,0.14334669709205627
2012-09-20,0.13590916991233826
2012-09-21,0.1332213431596756
2012-09-24,0.12590792775154114
2012-09-25,0.15150201320648193
2012-09-26,0.1536102592945099
2012-09-27,0.1748778074979782
2012-09-28,0.17099690437316895
2012-10-01,0.16982518136501312
2012-10-02,0.19564110040664673
2012-10-03,0.21975846588611603
2012-10-04,0.1947527527809143
2012-10-05,0.18775717914104462
2012-10-08,0.19280000030994415
2012-10-09,0.2428901493549347
2012-10-10,0.2673059105873108
2012-10-11,0.22617407143115997
2012-10-12,0.22312192618846893
2012-10-15,0.21910980343818665
2012-10-16,0.23305575549602509
2012-10-17,0.21609273552894592
2012-10-18,0.203212708234787
2012-10-19,0.21733173727989197
2012-10-22,0.20386409759521484
2012-10-23,0.22592878341674805
2012-10-24,0.28857970237731934
2012-10-25,0.26830941438674927
2012-10-26,0.24992604553699493
2012-10-31,0.28820061683654785
2012-11-01,0.26506307721138
2012-11-02,0.22640201449394226
2012-11-05,0.22228150069713593
2012-11-06,0.27883005142211914
2012-11-07,0.2278415411710739
2012-11-08,0.2934114336967468
2012-11-09,0.3410836160182953
2012-11-12,0.3168279528617859
2012-11-13,0.28684601187705994
2012-11-14,0.2888604402542114
2012-11-15,0.2845807671546936
2012-11-16,0.3202434182167053
2012-11-19,0.36530202627182007
2012-11-20,0.29623451828956604
2012-11-21,0.2968270182609558
2012-11-23,0.26325055956840515
2012-11-26,0.22893282771110535
2012-11-27,0.22973103821277618
2012-11-28,0.2575271725654602
2012-11-29,0.24598205089569092
2012-11-30,0.23443135619163513
2012-12-03,0.19576841592788696
2012-12-04,0.19767841696739197
2012-12-05,0.21234440803527832
2012-12-06,0.2822090685367584
2012-12-07,0.3337632715702057
2012-12-10,0.31782835721969604
2012-12-11,0.33081600069999695
2012-12-12,0.28295010328292847
2012-12-13,0.28581613302230835
2012-12-14,0.29495686292648315
2012-12-17,0.30259984731674194
2012-12-18,0.35986074805259705
2012-12-19,0.30981767177581787
2012-12-20,0.2707631289958954
2012-12-21,0.2653331160545349
2012-12-24,0.23491954803466797
2012-12-26,0.23301640152931213
2012-12-27,0.21709609031677246
2012-12-28,0.22389233112335205
2012-12-31,0.20184655487537384
2013-01-02,0.25347399711608887
2013-01-03,0.23094184696674347
2013-01-04,0.19839675724506378
2013-01-07,0.20216874778270721
2013-01-08,0.2301086187362671
2013-01-09,0.23357471823692322
2013-01-10,0.21539993584156036
2013-01-11,0.23793646693229675
2013-01-14,0.1990271657705307
2013-01-15,0.2513831853866577
2013-01-16,0.2570623755455017
2013-01-17,0.22549092769622803
2013-01-18,0.213400200009346
2013-01-22,0.18451061844825745
2013-01-23,0.20695844292640686
2013-01-24,0.22299449145793915
2013-01-25,0.2734830975532532
2013-01-28,0.2935333847999573
2013-01-29,0.2991238236427307
2013-01-30,0.24353572726249695
2013-01-31,0.245100736618042
2013-02-01,0.2231285572052002
2013-02-04,0.2369363009929657
2013-02-05,0.2551203668117523
2013-02-06,0.25793594121932983
2013-02-07,0.2949274182319641
2013-02-08,0.2870417535305023
2013-02-11,0.22100567817687988
2013-02-12,0.23749220371246338
2013-02-13,0.26445072889328003
2013-02-14,0.25544625520706177
2013-02-15,0.2314542979001999
2013-02-19,0.206448033452034
2013-02-20,0.22917985916137695
2013-02-21,0.21966585516929626
2013-02-22,0.23186607658863068
2013-02-25,0.19824516773223877
2013-02-26,0.2088051289319992
2013-02-27,0.24428877234458923
2013-02-28,0.29626724123954773
2013-03-01,0.22677138447761536
2013-03-04,0.23134836554527283
2013-03-05,0.23430275917053223
2013-03-06,0.25639086961746216
2013-03-07,0.24417638778686523
2013-03-08,0.24311450123786926
2013-03-11,0.2281954288482666
2013-03-12,0.24491889774799347
2013-03-13,0.24462325870990753
2013-03-14,0.2293325960636139
2013-03-15,0.21094951033592224
2013-03-18,0.20080414414405823
2013-03-19,0.22356100380420685
2013-03-20,0.23843201994895935
2013-03-21,0.2056981772184372
2013-03-22,0.2143929898738861
2013-03-25,0.1866959035396576
2013-03-26,0.20372971892356873
2013-03-27,0.17894604802131653
2013-03-28,0.18794122338294983
2013-04-01,0.1817585676908493
2013-04-02,0.1965385377407074
2013-04-03,0.22437314689159393
2013-04-04,0.20571818947792053
2013-04-05,0.21780523657798767
2013-04-08,0.19413839280605316
2013-04-09,0.19399674236774445
2013-04-10,0.1907401978969574
2013-04-11,0.18945670127868652
2013-04-12,0.1937490999698639
2013-04-15,0.1742544174194336
2013-04-16,0.17780356109142303
2013-04-17,0.17894010245800018
2013-04-18,0.2602580785751343
2013-04-19,0.2585218548774719
2013-04-22,0.2702527642250061
2013-04-23,0.2528822720050812
2013-04-24,0.2569670081138611
2013-04-25,0.35080695152282715
2013-04-26,0.2790006101131439
2013-04-29,0.2548027038574219
2013-04-30,0.25331684947013855
2013-05-01,0.25995853543281555
2013-05-02,0.2653353810310364
2013-05-03,0.22621457278728485
2013-05-06,0.1916399598121643
2013-05-07,0.2030961960554123
2013-05-08,0.2145407497882843
2013-05-09,0.1978081315755844
2013-05-10,0.20008030533790588
2013-05-13,0.19188955426216125
2013-05-14,0.19257852435112
2013-05-15,0.20543769001960754
2013-05-16,0.24642571806907654
2013-05-17,0.27266380190849304
2013-05-20,0.2356777936220169
2013-05-21,0.24159610271453857
2013-05-22,0.2629246711730957
2013-05-23,0.26415830850601196
2013-05-24,0.24345438182353973
2013-05-28,0.20459970831871033
2013-05-29,0.23012539744377136
2013-05-30,0.22247998416423798
2013-05-31,0.192193865776062
2013-06-03,0.18255236744880676
2013-06-04,0.21845754981040955
2013-06-05,0.19622917473316193
2013-06-06,0.20199236273765564
2013-06-07,0.21537776291370392
2013-06-10,0.20299449563026428
2013-06-11,0.24315062165260315
2013-06-12,0.21594779193401337
2013-06-13,0.19837892055511475
2013-06-14,0.2111915796995163
2013-06-17,0.1855962723493576
2013-06-18,0.1951463520526886
2013-06-19,0.1741293966770172
2013-06-20,0.18857140839099884
2013-06-21,0.20559220016002655
2013-06-24,0.21448802947998047
2013-06-25,0.24332967400550842
2013-06-26,0.21564927697181702
2013-06-27,0.20455260574817657
2013-06-28,0.20413918793201447
2013-07-01,0.23389963805675507
2013-07-02,0.2208409309387207
2013-07-03,0.23125433921813965
2013-07-05,0.24462278187274933
2013-07-08,0.20501914620399475
2013-07-09,0.21697214245796204
2013-07-10,0.224788099527359
2013-07-11,0.22910885512828827
2013-07-12,0.20113816857337952
2013-07-15,0.18576951324939728
2013-07-16,0.18056127429008484
2013-07-17,0.18376334011554718
2013-07-18,0.16398033499717712
2013-07-19,0.1554115116596222
2013-07-22,0.1551380306482315
2013-07-23,0.15679991245269775
2013-07-24,0.15590760111808777
2013-07-25,0.184707373380661
2013-07-26,0.16562573611736298
2013-07-29,0.15818944573402405
2013-07-30,0.15601655840873718
2013-07-31,0.1597626507282257
2013-08-01,0.168684184551239
2013-08-02,0.15652188658714294
2013-08-05,0.1410558819770813
2013-08-06,0.1521809846162796
2013-08-07,0.16170313954353333
2013-08-08,0.168020561337471
2013-08-09,0.15071575343608856
2013-08-12,0.14329321682453156
2013-08-13,0.15419070422649384
2013-08-14,0.20796914398670197
2013-08-15,0.20988889038562775
2013-08-16,0.19515153765678406
2013-08-19,0.16531994938850403
2013-08-20,0.17683322727680206
2013-08-21,0.17885902523994446
2013-08-22,0.18680086731910706
2013-08-23,0.18098920583724976
2013-08-26,0.1551194190979004
2013-08-27,0.15391190350055695
2013-08-28,0.1858902871608734
2013-08-29,0.18202626705169678
2013-08-30,0.15966852009296417
2013-09-03,0.15681585669517517
2013-09-04,0.18729832768440247
2013-09-05,0.16941845417022705
2013-09-06,0.14875102043151855
2013-09-09,0.1640833616256714
2013-09-10,0.15635114908218384
2013-09-11,0.23385266959667206
2013-09-12,0.23403999209403992
2013-09-13,0.20308062434196472
2013-09-16,0.17132550477981567
2013-09-17,0.20883360505104065
2013-09-18,0.21347446739673615
2013-09-19,0.2131999284029007
2013-09-20,0.17758893966674805
2013-09-23,0.18150904774665833
2013-09-24,0.23220832645893097
2013-09-25,0.19582156836986542
2013-09-26,0.1941792219877243
2013-09-27,0.16826416552066803
2013-09-30,0.15530546009540558
2013-10-01,0.17279097437858582
2013-10-02,0.17351748049259186
2013-10-03,0.17127224802970886
2013-10-04,0.18434101343154907
2013-10-07,0.16013213992118835
2013-10-08,0.16551542282104492
2013-10-09,0.1821802854537964
2013-10-10,0.18781733512878418
2013-10-11,0.172398641705513
2013-10-14,0.15701839327812195
2013-10-15,0.16210873425006866
2013-10-16,0.16910502314567566
2013-10-17,0.15149572491645813
2013-10-18,0.13923552632331848
2013-10-21,0.1287461519241333
2013-10-22,0.14448918402194977
2013-10-23,0.2213432341814041
2013-10-24,0.18217921257019043
2013-10-25,0.15713146328926086
2013-10-28,0.15429279208183289
2013-10-29,0.15840907394886017
2013-10-30,0.23269712924957275
2013-10-31,0.2160116732120514
2013-11-01,0.18744437396526337
2013-11-04,0.1744442582130432
2013-11-05,0.17041614651679993
2013-11-06,0.17248788475990295
2013-11-07,0.16296207904815674
2013-11-08,0.17980386316776276
2013-11-11,0.1523580551147461
2013-11-12,0.16735519468784332
2013-11-13,0.1582331359386444
2013-11-14,0.1448465883731842
2013-11-15,0.13774271309375763
2013-11-18,0.1325460970401764
2013-11-19,0.13745838403701782
2013-11-20,0.1417333334684372
2013-11-21,0.13702505826950073
2013-11-22,0.13521826267242432
2013-11-25,0.1244935616850853
2013-11-26,0.12375295162200928
2013-11-27,0.12521129846572876
2013-11-29,0.12601670622825623
2013-12-02,0.12618479132652283
2013-12-03,0.15522798895835876
2013-12-04,0.1503070890903473
2013-12-05,0.1573268473148346
2013-12-06,0.1535179316997528
2013-12-09,0.14034906029701233
2013-12-10,0.13564875721931458
2013-12-11,0.13651296496391296
2013-12-12,0.14727574586868286
2013-12-13,0.1413654386997223
2013-12-16,0.13560399413108826
2013-12-17,0.13253562152385712
2013-12-18,0.13351687788963318
2013-12-19,0.1747758835554123
2013-12-20,0.1521580070257187
2013-12-23,0.13091759383678436
2013-12-24,0.13850253820419312
2013-12-26,0.1355408877134323
2013-12-27,0.13119754195213318
2013-12-30,0.12483198940753937
2013-12-31,0.12805812060832977
2014-01-02,0.12390796095132828
2014-01-03,0.12520530819892883
2014-01-06,0.12794770300388336
2014-01-07,0.1507260501384735
2014-01-08,0.1431020200252533
2014-01-09,0.14237210154533386
2014-01-10,0.1485094279050827
2014-01-13,0.14317110180854797
2014-01-14,0.159364253282547
2014-01-15,0.14875759184360504
2014-01-16,0.14382168650627136
2014-01-17,0.14271903038024902
2014-01-21,0.14117681980133057
2014-01-22,0.16087475419044495
2014-01-23,0.16600002348423004
2014-01-24,0.1682690531015396
2014-01-27,0.1643376648426056
2014-01-28,0.1807868778705597
2014-01-29,0.2371443808078766
2014-01-30,0.22519955039024353
2014-01-31,0.18991106748580933
2014-02-03,0.17778894305229187
2014-02-04,0.201750248670578
2014-02-05,0.1881074458360672
2014-02-06,0.18131281435489655
2014-02-07,0.1649097502231598
2014-02-10,0.14945849776268005
2014-02-11,0.15544529259204865
2014-02-12,0.14311590790748596
2014-02-13,0.15032441914081573
2014-02-14,0.13407385349273682
2014-02-18,0.13298757374286652
2014-02-19,0.1305273473262787
2014-02-20,0.15011052787303925
2014-02-21,0.1538015604019165
2014-02-24,0.14321711659431458
2014-02-25,0.15634000301361084
2014-02-26,0.15474359691143036
2014-02-27,0.15418510138988495
2014-02-28,0.15620969235897064
2014-03-03,0.15651802718639374
2014-03-04,0.1717565506696701
2014-03-05,0.15199093520641327
2014-03-06,0.14825399219989777
2014-03-07,0.14073216915130615
2014-03-10,0.13775518536567688
2014-03-11,0.13993477821350098
2014-03-12,0.13728587329387665
2014-03-13,0.13620635867118835
2014-03-14,0.1446273773908615
2014-03-17,0.14275312423706055
2014-03-18,0.13382890820503235
2014-03-19,0.13199353218078613
2014-03-20,0.1368139088153839
2014-03-21,0.13701583445072174
2014-03-24,0.13861720263957977
2014-03-25,0.1527581512928009
2014-03-26,0.14401192963123322
2014-03-27,0.14205560088157654
2014-03-28,0.15221841633319855
2014-03-31,0.13483281433582306
2014-04-01,0.13484133780002594
2014-04-02,0.13068726658821106
2014-04-03,0.1293468177318573
2014-04-04,0.12587173283100128
2014-04-07,0.13240471482276917
2014-04-08,0.14197437465190887
2014-04-09,0.14382466673851013
2014-04-10,0.13555100560188293
2014-04-11,0.14247754216194153
2014-04-14,0.15125176310539246
2014-04-15,0.14384981989860535
2014-04-16,0.1509295552968979
2014-04-17,0.1448945701122284
2014-04-21,0.13251088559627533
2014-04-22,0.13184532523155212
2014-04-23,0.12612660229206085
2014-04-24,0.12742392718791962
2014-04-25,0.14012250304222107
2014-04-28,0.13215774297714233
2014-04-29,0.16494078934192657
2014-04-30,0.1584232598543167
2014-05-01,0.16038337349891663
2014-05-02,0.15500769019126892
2014-05-05,0.14206130802631378
2014-05-06,0.14300954341888428
2014-05-07,0.14512348175048828
2014-05-08,0.1593027561903
2014-05-09,0.14766883850097656
2014-05-12,0.14073967933654785
2014-05-13,0.13358977437019348
2014-05-14,0.13168303668498993
2014-05-15,0.13017745316028595
2014-05-16,0.13663792610168457
2014-05-19,0.1277647167444229
2014-05-20,0.13279110193252563
2014-05-21,0.13395458459854126
2014-05-22,0.1258784383535385
2014-05-23,0.1219400018453598
2014-05-27,0.11926183849573135
2014-05-28,0.12085361778736115
2014-05-29,0.1239866390824318
2014-05-30,0.12433113902807236
2014-06-02,0.13673534989356995
2014-06-03,0.15283389389514923
2014-06-04,0.14495423436164856
2014-06-05,0.1402752846479416
2014-06-06,0.13959123194217682
2014-06-09,0.13799551129341125
2014-06-10,0.16042163968086243
2014-06-11,0.1617000550031662
2014-06-12,0.1494482457637787
2014-06-13,0.16116270422935486
2014-06-16,0.16659888625144958
2014-06-17,0.15640494227409363
2014-06-18,0.15112879872322083
2014-06-19,0.1504335105419159
2014-06-20,0.1479797065258026
2014-06-23,0.14049559831619263
2014-06-24,0.14006300270557404
2014-06-25,0.14295682311058044
2014-06-26,0.1498769223690033
2014-06-27,0.1493636667728424
2014-06-30,0.14447201788425446
2014-07-01,0.14369632303714752
2014-07-02,0.14114513993263245
2014-07-03,0.13500741124153137
2014-07-07,0.14477837085723877
2014-07-08,0.1431887000799179
2014-07-09,0.16228528320789337
2014-07-10,0.15654060244560242
2014-07-11,0.1545550376176834
2014-07-14,0.14566780626773834
2014-07-15,0.13628879189491272
2014-07-16,0.14183250069618225
2014-07-17,0.14444385468959808
2014-07-18,0.16511844098567963
2014-07-21,0.1508178412914276
2014-07-22,0.1372678279876709
2014-07-23,0.13041722774505615
2014-07-24,0.15503713488578796
2014-07-25,0.1528697907924652
2014-07-28,0.14762093126773834
2014-07-29,0.15205205976963043
2014-07-30,0.146841362118721
2014-07-31,0.1527029126882553
2014-08-01,0.16859206557273865
2014-08-04,0.1831839382648468
2014-08-05,0.1647428721189499
2014-08-06,0.18252646923065186
2014-08-07,0.16444052755832672
2014-08-08,0.16667982935905457
2014-08-11,0.17064215242862701
2014-08-12,0.15034650266170502
2014-08-13,0.14940796792507172
2014-08-14,0.13791117072105408
2014-08-15,0.13136771321296692
2014-08-18,0.13669483363628387
2014-08-19,0.12647974491119385
2014-08-20,0.12651705741882324
2014-08-21,0.12933509051799774
2014-08-22,0.12371299415826797
2014-08-25,0.1240324154496193
2014-08-26,0.12246733903884888
2014-08-27,0.11845867335796356
2014-08-28,0.12217996269464493
2014-08-29,0.12128712981939316
2014-09-02,0.11535096168518066
2014-09-03,0.12298157066106796
2014-09-04,0.18714484572410583
2014-09-05,0.17358283698558807
2014-09-08,0.15880824625492096
2014-09-09,0.14705196022987366
2014-09-10,0.27292901277542114
2014-09-11,0.25647133588790894
2014-09-12,0.20060165226459503
2014-09-15,0.19838395714759827
2014-09-16,0.2100302278995514
2014-09-17,0.2140856683254242
2014-09-18,0.2011410892009735
2014-09-19,0.17345695197582245
2014-09-22,0.1709238588809967
2014-09-23,0.17290404438972473
2014-09-24,0.1651310920715332
2014-09-25,0.17103087902069092
2014-09-26,0.2023860216140747
2014-09-29,0.17219002544879913
2014-09-30,0.18066473305225372
2014-10-01,0.17742642760276794
2014-10-02,0.1822841763496399
2014-10-03,0.19176815450191498
2014-10-06,0.17038805782794952
2014-10-07,0.17236563563346863
2014-10-08,0.17796361446380615
2014-10-09,0.1878567636013031
2014-10-10,0.20523247122764587
2014-10-13,0.2187008559703827
2014-10-14,0.2248811423778534
2014-10-15,0.23448923230171204
2014-10-16,0.3020364046096802
2014-10-17,0.2926076054573059
2014-10-20,0.2204163372516632
2014-10-21,0.2020893096923828
2014-10-22,0.21455326676368713
2014-10-23,0.19607748091220856
2014-10-24,0.1784389466047287
2014-10-27,0.15581098198890686
2014-10-28,0.15223006904125214
2014-10-29,0.1437774896621704
2014-10-30,0.15979786217212677
2014-10-31,0.15263140201568604
2014-11-03,0.14100992679595947
2014-11-04,0.1403779685497284
2014-11-05,0.13924409449100494
2014-11-06,0.14278386533260345
2014-11-07,0.13324978947639465
2014-11-10,0.12839840352535248
2014-11-11,0.12129467725753784
2014-11-12,0.12185152620077133
2014-11-13,0.12456925958395004
2014-11-14,0.13219647109508514
2014-11-17,0.1264066994190216
2014-11-18,0.13865813612937927
2014-11-19,0.12984931468963623
2014-11-20,0.14424650371074677
2014-11-21,0.13447465002536774
2014-11-24,0.14336244761943817
2014-11-25,0.1317748725414276
2014-11-26,0.14665848016738892
2014-11-28,0.1345231682062149
2014-12-01,0.15746238827705383
2014-12-02,0.2654268145561218
2014-12-03,0.20912706851959229
2014-12-04,0.1789809614419937
2014-12-05,0.17070308327674866
2014-12-08,0.16989906132221222
2014-12-09,0.2075875997543335
2014-12-10,0.21987085044384003
2014-12-11,0.22413256764411926
2014-12-12,0.2017507255077362
2014-12-15,0.21546074748039246
2014-12-16,0.27970805764198303
2014-12-17,0.2861575484275818
2014-12-18,0.26681748032569885
2014-12-19,0.2130139321088791
2014-12-22,0.20601513981819153
2014-12-23,0.1822635382413864
2014-12-24,0.16626200079917908
2014-12-26,0.16082996129989624
2014-12-29,0.14617571234703064
2014-12-30,0.14153529703617096
2014-12-31,0.14729753136634827
2015-01-02,0.15043070912361145
2015-01-05,0.19123950600624084
2015-01-06,0.2025965452194214
2015-01-07,0.23074457049369812
2015-01-08,0.21541127562522888
2015-01-09,0.19117537140846252
2015-01-12,0.22740188241004944
2015-01-13,0.24087178707122803
2015-01-14,0.2538364827632904
2015-01-15,0.2619493901729584
2015-01-16,0.2670662999153137
2015-01-20,0.24251051247119904
2015-01-21,0.24683637917041779
2015-01-22,0.23422864079475403
2015-01-23,0.22779040038585663
2015-01-26,0.2108893096446991
2015-01-27,0.1969519406557083
2015-01-28,0.23327073454856873
2015-01-29,0.2610815167427063
2015-01-30,0.2315446436405182
2015-02-02,0.22696702182292938
2015-02-03,0.2506949305534363
2015-02-04,0.22583651542663574
2015-02-05,0.21698801219463348
2015-02-06,0.19111283123493195
2015-02-09,0.19557414948940277
2015-02-10,0.19194695353507996
2015-02-11,0.17179837822914124
2015-02-12,0.1638776957988739
2015-02-13,0.17063190042972565
2015-02-17,0.16113895177841187
2015-02-18,0.16325733065605164
2015-02-19,0.14822761714458466
2015-02-20,0.1326664835214615
2015-02-23,0.13181066513061523
2015-02-24,0.13598895072937012
2015-02-25,0.1583191603422165
2015-02-26,0.18295978009700775
2015-02-27,0.2150973081588745
2015-03-02,0.1885586529970169
2015-03-03,0.17886200547218323
2015-03-04,0.1829444020986557
2015-03-05,0.18245139718055725
2015-03-06,0.2002304494380951
2015-03-09,0.21133673191070557
2015-03-10,0.25606292486190796
2015-03-11,0.23296551406383514
2015-03-12,0.23177523910999298
2015-03-13,0.21728332340717316
2015-03-16,0.21236467361450195
2015-03-17,0.19396375119686127
2015-03-18,0.18616780638694763
2015-03-19,0.20804886519908905
2015-03-20,0.18364255130290985
2015-03-23,0.16761326789855957
2015-03-24,0.16095086932182312
2015-03-25,0.1580239236354828
2015-03-26,0.1673925369977951
2015-03-27,0.18803003430366516
2015-03-30,0.16646753251552582
2015-03-31,0.15614596009254456
2015-04-01,0.16049860417842865
2015-04-02,0.18926255404949188
2015-04-06,0.16236016154289246
2015-04-07,0.1585143357515335
2015-04-08,0.1521751582622528
2015-04-09,0.16951949894428253
2015-04-10,0.1635129153728485
2015-04-13,0.1538398265838623
2015-04-14,0.14926160871982574
2015-04-15,0.1448935568332672
2015-04-16,0.13982094824314117
2015-04-17,0.1392558068037033
2015-04-20,0.1454836130142212
2015-04-21,0.13886401057243347
2015-04-22,0.1357838213443756
2015-04-23,0.13825145363807678
2015-04-24,0.13666841387748718
2015-04-27,0.13058127462863922
2015-04-28,0.14354220032691956
2015-04-29,0.2066463977098465
2015-04-30,0.19229111075401306
2015-05-01,0.19362735748291016
2015-05-04,0.17286618053913116
2015-05-05,0.17457939684391022
2015-05-06,0.18754538893699646
2015-05-07,0.21145479381084442
2015-05-08,0.20153102278709412
2015-05-11,0.177267923951149
2015-05-12,0.17707675695419312
2015-05-13,0.17825710773468018
2015-05-14,0.17043328285217285
2015-05-15,0.15131297707557678
2015-05-18,0.15070293843746185
2015-05-19,0.1527106761932373
2015-05-20,0.14419451355934143
2015-05-21,0.141476109623909
2015-05-22,0.1343725621700287
2015-05-26,0.12889496982097626
2015-05-27,0.1453820914030075
2015-05-28,0.1311037838459015
2015-05-29,0.12769469618797302
2015-06-01,0.13554099202156067
2015-06-02,0.134330615401268
2015-06-03,0.13406983017921448
2015-06-04,0.12770530581474304
2015-06-05,0.13830599188804626
2015-06-08,0.13470634818077087
2015-06-09,0.1431514471769333
2015-06-10,0.15153487026691437
2015-06-11,0.13724009692668915
2015-06-12,0.13787338137626648
2015-06-15,0.13518528640270233
2015-06-16,0.14341746270656586
2015-06-17,0.13417237997055054
2015-06-18,0.13633106648921967
2015-06-19,0.12611301243305206
2015-06-22,0.12153375148773193
2015-06-23,0.12099853903055191
2015-06-24,0.1170947328209877
2015-06-25,0.1321454495191574
2015-06-26,0.12732496857643127
2015-06-29,0.12939369678497314
2015-06-30,0.14063946902751923
2015-07-01,0.14866867661476135
2015-07-02,0.13439981639385223
2015-07-06,0.1279943734407425
2015-07-07,0.1379961520433426
2015-07-08,0.15034344792366028
2015-07-09,0.1643715649843216
2015-07-10,0.1801827996969223
2015-07-13,0.15844440460205078
2015-07-14,0.1391601711511612
2015-07-15,0.13537004590034485
2015-07-16,0.1336449682712555
2015-07-17,0.1269311010837555
2015-07-20,0.12662796676158905
2015-07-21,0.12800173461437225
2015-07-22,0.14600905776023865
2015-07-23,0.19191372394561768
2015-07-24,0.1570102870464325
2015-07-27,0.16037771105766296
2015-07-28,0.16512934863567352
2015-07-29,0.1581966131925583
2015-07-30,0.1653604507446289
2015-07-31,0.15883350372314453
2015-08-03,0.15375244617462158
2015-08-04,0.2002614438533783
2015-08-05,0.25375160574913025
2015-08-06,0.23768465220928192
2015-08-07,0.20655491948127747
2015-08-10,0.19960960745811462
2015-08-11,0.18778927624225616
2015-08-12,0.23579147458076477
2015-08-13,0.3003232181072235
2015-08-14,0.2371784746646881
2015-08-17,0.20611512660980225
2015-08-18,0.19623200595378876
2015-08-19,0.1840762048959732
2015-08-20,0.21477465331554413
2015-08-21,0.21940922737121582
2015-08-24,0.3138878345489502
2015-08-25,0.4521201550960541
2015-08-26,0.4207310080528259
2015-08-27,0.42342105507850647
2015-08-28,0.3664969205856323
2015-08-31,0.3184766471385956
2015-09-01,0.307100385427475
2015-09-02,0.3608778715133667
2015-09-03,0.32918792963027954
2015-09-04,0.31199100613594055
2015-09-08,0.2823275625705719
2015-09-09,0.24681691825389862
2015-09-10,0.3011074662208557
2015-09-11,0.2759137749671936
2015-09-14,0.22350159287452698
2015-09-15,0.23635613918304443
2015-09-16,0.20671145617961884
2015-09-17,0.18743328750133514
2015-09-18,0.2541326880455017
2015-09-21,0.23492272198200226
2015-09-22,0.20503278076648712
2015-09-23,0.20707014203071594
2015-09-24,0.1802068054676056
2015-09-25,0.20065085589885712
2015-09-28,0.21035678684711456
2015-09-29,0.22379788756370544
2015-09-30,0.2521612048149109
2015-10-01,0.2439439296722412
2015-10-02,0.25717711448669434
2015-10-05,0.2383308708667755
2015-10-06,0.21070560812950134
2015-10-07,0.22678682208061218
2015-10-08,0.21933507919311523
2015-10-09,0.23062153160572052
2015-10-12,0.21228846907615662
2015-10-13,0.18572691082954407
2015-10-14,0.18585261702537537
2015-10-15,0.19165606796741486
2015-10-16,0.1819407045841217
2015-10-19,0.17219051718711853
2015-10-20,0.16946212947368622
2015-10-21,0.1936197727918625
2015-10-22,0.17882366478443146
2015-10-23,0.1717711240053177
2015-10-26,0.1728801131248474
2015-10-27,0.1820039302110672
2015-10-28,0.191598579287529
2015-10-29,0.21787245571613312
2015-10-30,0.17716725170612335
2015-11-02,0.16543099284172058
2015-11-03,0.1489807367324829
2015-11-04,0.16190196573734283
2015-11-05,0.17133012413978577
2015-11-06,0.16899991035461426
2015-11-09,0.16510535776615143
2015-11-10,0.17229607701301575
2015-11-11,0.19453561305999756
2015-11-12,0.1900363564491272
2015-11-13,0.189195916056633
2015-11-16,0.19769416749477386
2015-11-17,0.20088568329811096
2015-11-18,0.18637970089912415
2015-11-19,0.17908287048339844
2015-11-20,0.17924940586090088
2015-11-23,0.15756529569625854
2015-11-24,0.16574053466320038
2015-11-25,0.17837440967559814
2015-11-27,0.15264436602592468
2015-11-30,0.1544228196144104
2015-12-01,0.15596947073936462
2015-12-02,0.15334951877593994
2015-12-03,0.15965081751346588
2015-12-04,0.1796753853559494
2015-12-07,0.1798320710659027
2015-12-08,0.17838677763938904
2015-12-09,0.1873600035905838
2015-12-10,0.19378319382667542
2015-12-11,0.18596151471138
2015-12-14,0.20199725031852722
2015-12-15,0.2411137819290161
2015-12-16,0.19678634405136108
2015-12-17,0.23913121223449707
2015-12-18,0.20978233218193054
2015-12-21,0.2369753122329712
2015-12-22,0.21726147830486298
2015-12-23,0.20224317908287048
2015-12-24,0.18733085691928864
2015-12-28,0.18274633586406708
2015-12-29,0.16982761025428772
2015-12-30,0.15239495038986206
2015-12-31,0.15459690988063812
2016-01-04,0.15627174079418182
2016-01-05,0.22038576006889343
2016-01-06,0.23111745715141296
2016-01-07,0.24068284034729004
2016-01-08,0.26297199726104736
2016-01-11,0.2688305675983429
2016-01-12,0.2637145519256592
2016-01-13,0.27101555466651917
2016-01-14,0.30838117003440857
2016-01-15,0.320710688829422
2016-01-19,0.3372158408164978
2016-01-20,0.29470792412757874
2016-01-21,0.34145718812942505
2016-01-22,0.3318510055541992
2016-01-25,0.28078436851501465
2016-01-26,0.2700037956237793
2016-01-27,0.28846243023872375
2016-01-28,0.33386263251304626
2016-01-29,0.29215008020401
2016-02-01,0.25877949595451355
2016-02-02,0.23800620436668396
2016-02-03,0.2392795830965042
2016-02-04,0.2845239043235779
2016-02-05,0.2711735963821411
2016-02-08,0.25795185565948486
2016-02-09,0.2857729494571686
2016-02-10,0.2777809798717499
2016-02-11,0.25425562262535095
2016-02-12,0.2794243097305298
2016-02-16,0.21953952312469482
2016-02-17,0.2132466733455658
2016-02-18,0.21090082824230194
2016-02-19,0.20139844715595245
2016-02-22,0.2020503282546997
2016-02-23,0.18235476315021515
2016-02-24,0.16855767369270325
2016-02-25,0.20000505447387695
2016-02-26,0.18028104305267334
2016-02-29,0.17154647409915924
2016-03-01,0.16869644820690155
2016-03-02,0.1753026843070984
2016-03-03,0.16906405985355377
2016-03-04,0.16932731866836548
2016-03-07,0.1834777146577835
2016-03-08,0.17636638879776
2016-03-09,0.18915976583957672
2016-03-10,0.18411412835121155
2016-03-11,0.21110108494758606
2016-03-14,0.168784037232399
2016-03-15,0.15782365202903748
2016-03-16,0.1710730493068695
2016-03-17,0.17346033453941345
2016-03-18,0.16765251755714417
2016-03-21,0.15676213800907135
2016-03-22,0.1823352873325348
2016-03-23,0.16030025482177734
2016-03-24,0.15138468146324158
2016-03-28,0.14784452319145203
2016-03-29,0.14640586078166962
2016-03-30,0.14817874133586884
2016-03-31,0.16846218705177307
2016-04-01,0.15007421374320984
2016-04-04,0.15256357192993164
2016-04-05,0.16779513657093048
2016-04-06,0.1690744161605835
2016-04-07,0.1572461575269699
2016-04-08,0.16340145468711853
2016-04-11,0.16623817384243011
2016-04-12,0.16816148161888123
2016-04-13,0.1683323085308075
2016-04-14,0.15655556321144104
2016-04-15,0.14485594630241394
2016-04-18,0.16947197914123535
2016-04-19,0.15908022224903107
2016-04-20,0.16635333001613617
2016-04-21,0.15732845664024353
2016-04-22,0.15931718051433563
2016-04-25,0.16796940565109253
2016-04-26,0.15625791251659393
2016-04-27,0.16474151611328125
2016-04-28,0.2253952920436859
2016-04-29,0.21208450198173523
2016-05-02,0.2023545801639557
2016-05-03,0.19414806365966797
2016-05-04,0.20445451140403748
2016-05-05,0.20182594656944275
2016-05-06,0.1842070370912552
2016-05-09,0.19261908531188965
2016-05-10,0.1788521260023117
2016-05-11,0.18066154420375824
2016-05-12,0.16844478249549866
2016-05-13,0.20966413617134094
2016-05-16,0.19255195558071136
2016-05-17,0.18174733221530914
2016-05-18,0.19403605163097382
2016-05-19,0.19841286540031433
2016-05-20,0.1914779096841812
2016-05-23,0.16317830979824066
2016-05-24,0.16804450750350952
2016-05-25,0.15380918979644775
2016-05-26,0.15341904759407043
2016-05-27,0.15668050944805145
2016-05-31,0.14791879057884216
2016-06-01,0.14120729267597198
2016-06-02,0.13985343277454376
2016-06-03,0.156374990940094
2016-06-06,0.14378252625465393
2016-06-07,0.1366487741470337
2016-06-08,0.13218894600868225
2016-06-09,0.1260213553905487
2016-06-10,0.13214413821697235
2016-06-13,0.13611550629138947
2016-06-14,0.15931372344493866
2016-06-15,0.1528739035129547
2016-06-16,0.15067130327224731
2016-06-17,0.15566475689411163
2016-06-20,0.16149336099624634
2016-06-21,0.1426188349723816
2016-06-22,0.1572626680135727
2016-06-23,0.14966565370559692
2016-06-24,0.14528807997703552
2016-06-27,0.19144490361213684
2016-06-28,0.18742474913597107
2016-06-29,0.15918900072574615
2016-06-30,0.1567605584859848
2016-07-01,0.14925965666770935
2016-07-05,0.14350643754005432
2016-07-06,0.13603326678276062
2016-07-07,0.15832780301570892
2016-07-08,0.14181461930274963
2016-07-11,0.134682297706604
2016-07-12,0.12589681148529053
2016-07-13,0.12380115687847137
2016-07-14,0.12373100221157074
2016-07-15,0.12230578809976578
2016-07-18,0.12132354825735092
2016-07-19,0.1180364340543747
2016-07-20,0.11753161251544952
2016-07-21,0.11526632308959961
2016-07-22,0.11945562064647675
2016-07-25,0.12029992043972015
2016-07-26,0.1231812983751297
2016-07-27,0.12889418005943298
2016-07-28,0.1436660885810852
2016-07-29,0.12456909567117691
2016-08-01,0.12479660660028458
2016-08-02,0.11886604130268097
2016-08-03,0.13476654887199402
2016-08-04,0.12029151618480682
2016-08-05,0.12456609308719635
2016-08-08,0.11400902271270752
2016-08-09,0.11559535562992096
2016-08-10,0.11813179403543472
2016-08-11,0.11143822968006134
2016-08-12,0.11366386711597443
2016-08-15,0.1082848310470581
2016-08-16,0.10983189195394516
2016-08-17,0.11189297586679459
2016-08-18,0.13008764386177063
2016-08-19,0.11360595375299454
2016-08-22,0.1181427612900734
2016-08-23,0.12245358526706696
2016-08-24,0.11619804054498672
2016-08-25,0.12231521308422089
2016-08-26,0.12562856078147888
2016-08-29,0.13953135907649994
2016-08-30,0.13412080705165863
2016-08-31,0.1349211484193802
2016-09-01,0.1341600865125656
2016-09-02,0.13218829035758972
2016-09-06,0.12801432609558105
2016-09-07,0.12229837477207184
2016-09-08,0.13577276468276978
2016-09-09,0.1502290666103363
2016-09-12,0.15614847838878632
2016-09-13,0.17224979400634766
2016-09-14,0.1862269937992096
2016-09-15,0.23054882884025574
2016-09-16,0.20559866726398468
2016-09-19,0.19498345255851746
2016-09-20,0.1984400749206543
2016-09-21,0.19159355759620667
2016-09-22,0.17919619381427765
2016-09-23,0.1504821926355362
2016-09-26,0.20015911757946014
2016-09-27,0.15766526758670807
2016-09-28,0.15097323060035706
2016-09-29,0.14144062995910645
2016-09-30,0.16214431822299957
2016-10-03,0.14172455668449402
2016-10-04,0.1306435763835907
2016-10-05,0.14852389693260193
2016-10-06,0.13587987422943115
2016-10-07,0.1316654235124588
2016-10-10,0.13450810313224792
2016-10-11,0.13041441142559052
2016-10-12,0.1511583924293518
2016-10-13,0.14250095188617706
2016-10-14,0.14208123087882996
2016-10-17,0.13987880945205688
2016-10-18,0.1350705474615097
2016-10-19,0.12326072156429291
2016-10-20,0.12002699077129364
2016-10-21,0.130742147564888
2016-10-24,0.12153118848800659
2016-10-25,0.11577657610177994
2016-10-26,0.11522182077169418
2016-10-27,0.15136055648326874
2016-10-28,0.13170702755451202
2016-10-31,0.148641899228096
2016-11-01,0.12857751548290253
2016-11-02,0.14269016683101654
2016-11-03,0.1467282474040985
2016-11-04,0.13897283375263214
2016-11-07,0.1492381989955902
2016-11-08,0.1318146139383316
2016-11-09,0.13648192584514618
2016-11-10,0.2234700471162796
2016-11-11,0.24873411655426025
2016-11-14,0.2079990655183792
2016-11-15,0.22283728420734406
2016-11-16,0.19469845294952393
2016-11-17,0.189174085855484
2016-11-18,0.1849689781665802
2016-11-21,0.1591980755329132
2016-11-22,0.15168547630310059
2016-11-23,0.14627942442893982
2016-11-25,0.13976165652275085
2016-11-28,0.12594833970069885
2016-11-29,0.1260901540517807
2016-11-30,0.1314983069896698
2016-12-01,0.13783034682273865
2016-12-02,0.1533776819705963
2016-12-05,0.1499675065279007
2016-12-06,0.1596779078245163
2016-12-07,0.1468479186296463
2016-12-08,0.16131670773029327
2016-12-09,0.15216292440891266
2016-12-12,0.14714685082435608
2016-12-13,0.13957327604293823
2016-12-14,0.15264935791492462
2016-12-15,0.1672978699207306
2016-12-16,0.15639615058898926
2016-12-19,0.13993442058563232
2016-12-20,0.1357656568288803
2016-12-21,0.123235784471035
2016-12-22,0.11725117266178131
2016-12-23,0.11793939769268036
2016-12-27,0.11173935979604721
2016-12-28,0.111361064016819
2016-12-29,0.11721900850534439
2016-12-30,0.11928566545248032
2017-01-03,0.13227710127830505
2017-01-04,0.13698379695415497
2017-01-05,0.12863311171531677
2017-01-06,0.12657201290130615
2017-01-09,0.12860547006130219
2017-01-10,0.1281098872423172
2017-01-11,0.12752282619476318
2017-01-12,0.12624332308769226
2017-01-13,0.13133502006530762
2017-01-17,0.12001524865627289
2017-01-18,0.12476241588592529
2017-01-19,0.12094961106777191
2017-01-20,0.12362650781869888
2017-01-23,0.11940612643957138
2017-01-24,0.11910893023014069
2017-01-25,0.1116892471909523
2017-01-26,0.11317584663629532
2017-01-27,0.11529435217380524
2017-01-30,0.1108868345618248
2017-01-31,0.11673130840063095
2017-02-01,0.11723621934652328
2017-02-02,0.15205149352550507
2017-02-03,0.13390657305717468
2017-02-06,0.12307210266590118
2017-02-07,0.11980841308832169
2017-02-08,0.12075827270746231
2017-02-09,0.11325584352016449
2017-02-10,0.11218168586492538
2017-02-13,0.11346973478794098
2017-02-14,0.10945483297109604
2017-02-15,0.1135411411523819
2017-02-16,0.11924141645431519
2017-02-17,0.12114202976226807
2017-02-21,0.11364474147558212
2017-02-22,0.11287707090377808
2017-02-23,0.11160917580127716
2017-02-24,0.11643549054861069
2017-02-27,0.11488433927297592
2017-02-28,0.11443283408880234
2017-03-01,0.11153745651245117
2017-03-02,0.11362955719232559
2017-03-03,0.11781947314739227
2017-03-06,0.11462433636188507
2017-03-07,0.11266069114208221
2017-03-08,0.11502738296985626
2017-03-09,0.11817586421966553
2017-03-10,0.12984220683574677
2017-03-13,0.1178768053650856
2017-03-14,0.11456598341464996
2017-03-15,0.10980327427387238
2017-03-16,0.11203267425298691
2017-03-17,0.11096719652414322
2017-03-20,0.10720700025558472
2017-03-21,0.10638082027435303
2017-03-22,0.13126827776432037
2017-03-23,0.1327821910381317
2017-03-24,0.12723617255687714
2017-03-27,0.12520763278007507
2017-03-28,0.13003234565258026
2017-03-29,0.1241561621427536
2017-03-30,0.1197013258934021
2017-03-31,0.11698190867900848
2017-04-03,0.11653498560190201
2017-04-04,0.11990933120250702
2017-04-05,0.11634574830532074
2017-04-06,0.12470388412475586
2017-04-07,0.12656228244304657
2017-04-10,0.1200440302491188
2017-04-11,0.11649452149868011
2017-04-12,0.15028831362724304
2017-04-13,0.1348462998867035
2017-04-17,0.12332097440958023
2017-04-18,0.11887085437774658
2017-04-19,0.11819329112768173
2017-04-20,0.11509324610233307
2017-04-21,0.11621828377246857
2017-04-24,0.11387127637863159
2017-04-25,0.11051543056964874
2017-04-26,0.10802008956670761
2017-04-27,0.11472723633050919
2017-04-28,0.10918940603733063
2017-05-01,0.11032649129629135
2017-05-02,0.11331798136234283
2017-05-03,0.11731110513210297
2017-05-04,0.14117112755775452
2017-05-05,0.12053190171718597
2017-05-08,0.11457718908786774
2017-05-09,0.13226333260536194
2017-05-10,0.13329382240772247
2017-05-11,0.12360209226608276
2017-05-12,0.12513461709022522
2017-05-15,0.12750360369682312
2017-05-16,0.12183354794979095
2017-05-17,0.12073276191949844
2017-05-18,0.1896473616361618
2017-05-19,0.15374043583869934
2017-05-22,0.1380465179681778
2017-05-23,0.1334555447101593
2017-05-24,0.1270265281200409
2017-05-25,0.1230650320649147
2017-05-26,0.12059630453586578
2017-05-30,0.11873652040958405
2017-05-31,0.11603430658578873
2017-06-01,0.12333086878061295
2017-06-02,0.11865486949682236
2017-06-05,0.1184629574418068
2017-06-06,0.12128789722919464
2017-06-07,0.12422025203704834
2017-06-08,0.1261788159608841
2017-06-09,0.12539370357990265
2017-06-12,0.20253658294677734
2017-06-13,0.25975891947746277
2017-06-14,0.1816924661397934
2017-06-15,0.18091772496700287
2017-06-16,0.17952470481395721
2017-06-19,0.1612841635942459
2017-06-20,0.15455476939678192
2017-06-21,0.14982405304908752
2017-06-22,0.14868752658367157
2017-06-23,0.13970787823200226
2017-06-26,0.13321331143379211
2017-06-27,0.14727969467639923
2017-06-28,0.16331563889980316
2017-06-29,0.15251418948173523
2017-06-30,0.18428228795528412
2017-07-03,0.15167251229286194
2017-07-05,0.14048276841640472
2017-07-06,0.1443481743335724
2017-07-07,0.1501723825931549
2017-07-10,0.13575610518455505
2017-07-11,0.13294747471809387
2017-07-12,0.13207843899726868
2017-07-13,0.1328921765089035
2017-07-14,0.133519247174263
2017-07-17,0.12386125326156616
2017-07-18,0.13260933756828308
2017-07-19,0.12208893150091171
2017-07-20,0.12107180058956146
2017-07-21,0.12462829053401947
2017-07-24,0.12333698570728302
2017-07-25,0.11972314119338989
2017-07-26,0.12230107933282852
2017-07-27,0.11747974157333374
2017-07-28,0.18404912948608398
2017-07-31,0.1459827870130539
2017-08-01,0.14091679453849792
2017-08-02,0.13330242037773132
2017-08-03,0.18547973036766052
2017-08-04,0.15313050150871277
2017-08-07,0.14468736946582794
2017-08-08,0.12681210041046143
2017-08-09,0.14709888398647308
2017-08-10,0.1488496959209442
2017-08-11,0.1764751374721527
2017-08-14,0.17161385715007782
2017-08-15,0.1432531327009201
2017-08-16,0.13957862555980682
2017-08-17,0.14716993272304535
2017-08-18,0.17006416618824005
2017-08-21,0.1621219366788864
2017-08-22,0.1643129289150238
2017-08-23,0.1375066339969635
2017-08-24,0.13683289289474487
2017-08-25,0.15169665217399597
2017-08-28,0.13689640164375305
2017-08-29,0.13233569264411926
2017-08-30,0.13776081800460815
2017-08-31,0.133721724152565
2017-09-01,0.12559957802295685
2017-09-05,0.11955783516168594
2017-09-06,0.1456325352191925
2017-09-07,0.13566911220550537
2017-09-08,0.14236947894096375
2017-09-11,0.13393652439117432
2017-09-12,0.1313745230436325
2017-09-13,0.19642697274684906
2017-09-14,0.1599917709827423
2017-09-15,0.13356442749500275
2017-09-18,0.1331227719783783
2017-09-19,0.1301964819431305
2017-09-20,0.13180015981197357
2017-09-21,0.16669422388076782
2017-09-22,0.15756940841674805
2017-09-25,0.16688403487205505
2017-09-26,0.17968562245368958
2017-09-27,0.16412045061588287
2017-09-28,0.1464853286743164
2017-09-29,0.140590637922287
2017-10-02,0.1417854130268097
2017-10-03,0.13691936433315277
2017-10-04,0.12965770065784454
2017-10-05,0.1339251697063446
2017-10-06,0.12690094113349915
2017-10-09,0.11939074844121933
2017-10-10,0.12312525510787964
2017-10-11,0.12376165390014648
2017-10-12,0.11778233200311661
2017-10-13,0.1200128048658371
2017-10-16,0.11483526229858398
2017-10-17,0.11641629040241241
2017-10-18,0.11530506610870361
2017-10-19,0.11420098692178726
2017-10-20,0.13517634570598602
2017-10-23,0.12120864540338516
2017-10-24,0.12927524745464325
2017-10-25,0.12119360268115997
2017-10-26,0.13517294824123383
2017-10-27,0.12610474228858948
2017-10-30,0.1453039050102234
2017-10-31,0.14845630526542664
2017-11-01,0.13553932309150696
2017-11-02,0.15396526455879211
2017-11-03,0.16284380853176117
2017-11-06,0.1796998828649521
2017-11-07,0.14787651598453522
2017-11-08,0.14880259335041046
2017-11-09,0.13373513519763947
2017-11-10,0.15559086203575134
2017-11-13,0.13066883385181427
2017-11-14,0.12181614339351654
2017-11-15,0.1351521760225296
2017-11-16,0.14467540383338928
2017-11-17,0.12527881562709808
2017-11-20,0.12990127503871918
2017-11-21,0.11765452474355698
2017-11-22,0.1198694109916687
2017-11-24,0.12356362491846085
2017-11-27,0.11137314885854721
2017-11-28,0.11984489858150482
2017-11-29,0.12516817450523376
2017-11-30,0.16737329959869385
2017-12-01,0.16449573636054993
2017-12-04,0.20625250041484833
2017-12-05,0.1834670603275299
2017-12-06,0.16989417374134064
2017-12-07,0.17694401741027832
2017-12-08,0.16456016898155212
2017-12-11,0.14630639553070068
2017-12-12,0.1498960554599762
2017-12-13,0.13850945234298706
2017-12-14,0.14226210117340088
2017-12-15,0.14282366633415222
2017-12-18,0.1375419795513153
2017-12-19,0.13094264268875122
2017-12-20,0.13290758430957794
2017-12-21,0.13345788419246674
2017-12-22,0.12682534754276276
2017-12-26,0.12026339769363403
2017-12-27,0.14043650031089783
2017-12-28,0.12321680784225464
2017-12-29,0.11625313758850098
2018-01-02,0.11604668200016022
2018-01-03,0.1196679100394249
2018-01-04,0.12334434688091278
2018-01-05,0.12300065904855728
2018-01-08,0.11868499219417572
2018-01-09,0.11957693099975586
2018-01-10,0.12293144315481186
2018-01-11,0.12331633269786835
2018-01-12,0.11621233075857162
2018-01-16,0.11430561542510986
2018-01-17,0.13636979460716248
2018-01-18,0.14648325741291046
2018-01-19,0.1430697739124298
2018-01-22,0.13797619938850403
2018-01-23,0.12797337770462036
2018-01-24,0.1456698328256607
2018-01-25,0.16442644596099854
2018-01-26,0.16192378103733063
2018-01-29,0.14159594476222992
2018-01-30,0.17837314307689667
2018-01-31,0.19200000166893005
2018-02-01,0.1631820946931839
2018-02-02,0.16746215522289276
2018-02-05,0.21855545043945312
2018-02-06,0.30687543749809265
2018-02-07,0.37837162613868713
2018-02-08,0.29346778988838196
2018-02-09,0.30617207288742065
2018-02-12,0.38027459383010864
2018-02-13,0.31079086661338806
2018-02-14,0.26180702447891235
2018-02-15,0.24508288502693176
2018-02-16,0.2427912950515747
2018-02-20,0.23816566169261932
2018-02-21,0.2313232421875
2018-02-22,0.22927618026733398
2018-02-23,0.22186461091041565
2018-02-26,0.1804526001214981
2018-02-27,0.15319958329200745
2018-02-28,0.17449870705604553
2018-03-01,0.16159415245056152
2018-03-02,0.25565871596336365
2018-03-05,0.2460351288318634
2018-03-06,0.21633470058441162
2018-03-07,0.2071428745985031
2018-03-08,0.18928706645965576
2018-03-09,0.1613805592060089
2018-03-12,0.14701798558235168
2018-03-13,0.14301452040672302
2018-03-14,0.17219625413417816
2018-03-15,0.17246344685554504
2018-03-16,0.15261894464492798
2018-03-19,0.14237746596336365
2018-03-20,0.17542114853858948
2018-03-21,0.14918409287929535
2018-03-22,0.18260110914707184
2018-03-23,0.21978123486042023
2018-03-26,0.24134579300880432
2018-03-27,0.20183873176574707
2018-03-28,0.2490691840648651
2018-03-29,0.28430506587028503
2018-04-02,0.23158708214759827
2018-04-03,0.27119940519332886
2018-04-04,0.2577906548976898
2018-04-05,0.2555101215839386
2018-04-06,0.22545957565307617
2018-04-09,0.270084947347641
2018-04-10,0.22486130893230438
2018-04-11,0.22761544585227966
2018-04-12,0.21604864299297333
2018-04-13,0.19594737887382507
2018-04-16,0.19487643241882324
2018-04-17,0.17260268330574036
2018-04-18,0.1549684703350067
2018-04-19,0.15345272421836853
2018-04-20,0.1642947942018509
2018-04-23,0.1922655999660492
2018-04-24,0.17060735821723938
2018-04-25,0.1995624601840973
2018-04-26,0.19811411201953888
2018-04-27,0.17827332019805908
2018-04-30,0.19379091262817383
2018-05-01,0.2108314335346222
2018-05-02,0.1967875063419342
2018-05-03,0.2204706221818924
2018-05-04,0.2169320285320282
2018-05-07,0.1885511726140976
2018-05-08,0.1923578828573227
2018-05-09,0.18574418127536774
2018-05-10,0.15148966014385223
2018-05-11,0.14103932678699493
2018-05-14,0.13591162860393524
2018-05-15,0.12161239236593246
2018-05-16,0.14563675224781036
2018-05-17,0.1286408007144928
2018-05-18,0.12833616137504578
2018-05-21,0.13259044289588928
2018-05-22,0.1244378536939621
2018-05-23,0.12325431406497955
2018-05-24,0.13089925050735474
2018-05-25,0.13710662722587585
2018-05-29,0.12406797707080841
2018-05-30,0.14364150166511536
2018-05-31,0.12492404878139496
2018-06-01,0.13021977245807648
2018-06-04,0.11825068295001984
2018-06-05,0.12069590389728546
2018-06-06,0.1184915080666542
2018-06-07,0.11492495238780975
2018-06-08,0.12563692033290863
2018-06-11,0.1301647275686264
2018-06-12,0.11990158259868622
2018-06-13,0.11617090553045273
2018-06-14,0.12440790235996246
2018-06-15,0.11898548901081085
2018-06-18,0.12964701652526855
2018-06-19,0.127598375082016
2018-06-20,0.14110393822193146
2018-06-21,0.13258956372737885
2018-06-22,0.1429416388273239
2018-06-25,0.1296878457069397
2018-06-26,0.17015989124774933
2018-06-27,0.1663581132888794
2018-06-28,0.1755303591489792
2018-06-29,0.17772427201271057
2018-07-02,0.1992839276790619
2018-07-03,0.1685076504945755
2018-07-05,0.15538787841796875
2018-07-06,0.14516642689704895
2018-07-09,0.13394275307655334
2018-07-10,0.12651588022708893
2018-07-11,0.12157130241394043
2018-07-12,0.129371777176857
2018-07-13,0.12209415435791016
2018-07-16,0.1168351024389267
2018-07-17,0.11600074917078018
2018-07-18,0.11737551540136337
2018-07-19,0.118334099650383
2018-07-20,0.1229037195444107
2018-07-23,0.1220570057630539
2018-07-24,0.11915580928325653
2018-07-25,0.12388043105602264
2018-07-26,0.12077268213033676
2018-07-27,0.12512518465518951
2018-07-30,0.147215336561203
2018-07-31,0.14342370629310608
2018-08-01,0.15287119150161743
2018-08-02,0.19053766131401062
2018-08-03,0.18902651965618134
2018-08-06,0.17016491293907166
2018-08-07,0.15165702998638153
2018-08-08,0.1376986801624298
2018-08-09,0.1381010264158249
2018-08-10,0.1257081925868988
2018-08-13,0.13133764266967773
2018-08-14,0.13800568878650665
2018-08-15,0.12907934188842773
2018-08-16,0.14115716516971588
2018-08-17,0.12808652222156525
2018-08-20,0.13643516600131989
2018-08-21,0.14428822696208954
2018-08-22,0.14017727971076965
2018-08-23,0.13813456892967224
2018-08-24,0.13391757011413574
2018-08-27,0.12482261657714844
2018-08-28,0.12206895649433136
2018-08-29,0.11528366804122925
2018-08-30,0.11628292500972748
2018-08-31,0.14913985133171082
2018-09-04,0.14326801896095276
2018-09-05,0.1501290500164032
2018-09-06,0.17542746663093567
2018-09-07,0.1926575005054474
2018-09-10,0.2217334806919098
2018-09-11,0.2331799566745758
2018-09-12,0.20916759967803955
2018-09-13,0.264222115278244
2018-09-14,0.21305127441883087
2018-09-17,0.2050660103559494
2018-09-18,0.22143983840942383
2018-09-19,0.19301460683345795
2018-09-20,0.19263535737991333
2018-09-21,0.18289275467395782
2018-09-24,0.17517009377479553
2018-09-25,0.1676947921514511
2018-09-26,0.16353105008602142
2018-09-27,0.16621734201908112
2018-09-28,0.15192995965480804
2018-10-01,0.14553549885749817
2018-10-02,0.14503927528858185
2018-10-03,0.1504644900560379
2018-10-04,0.15777406096458435
2018-10-05,0.2031734436750412
2018-10-08,0.23213942348957062
2018-10-09,0.242885559797287
2018-10-10,0.24929913878440857
2018-10-11,0.2943878769874573
2018-10-12,0.3714359402656555
2018-10-15,0.3449796438217163
2018-10-16,0.30694150924682617
2018-10-17,0.24964292347431183
2018-10-18,0.2480946034193039
2018-10-19,0.2577912211418152
2018-10-22,0.2419760674238205
2018-10-23,0.23213286697864532
2018-10-24,0.26918911933898926
2018-10-25,0.2928957939147949
2018-10-26,0.26775985956192017
2018-10-29,0.3366010785102844
2018-10-30,0.3451651930809021
2018-10-31,0.36226528882980347
2018-11-01,0.278230756521225
2018-11-02,0.26585397124290466
2018-11-05,0.3159472644329071
2018-11-06,0.28168365359306335
2018-11-07,0.23550672829151154
2018-11-08,0.21399828791618347
2018-11-09,0.192472904920578
2018-11-12,0.18517127633094788
2018-11-13,0.22581622004508972
2018-11-14,0.26854878664016724
2018-11-15,0.2883695065975189
2018-11-16,0.3009507656097412
2018-11-19,0.26643985509872437
2018-11-20,0.27639350295066833
2018-11-21,0.35442835092544556
2018-11-23,0.26299411058425903
2018-11-26,0.23669838905334473
2018-11-27,0.26083165407180786
2018-11-28,0.259563148021698
2018-11-29,0.25165292620658875
2018-11-30,0.24567267298698425
2018-12-03,0.2203304022550583
2018-12-04,0.22369718551635742
2018-12-06,0.25454583764076233
2018-12-07,0.2930673062801361
2018-12-10,0.2995360791683197
2018-12-11,0.34360426664352417
2018-12-12,0.31859856843948364
2018-12-13,0.2664315104484558
2018-12-14,0.27952465415000916
2018-12-17,0.25963911414146423
2018-12-18,0.2785007059574127
2018-12-19,0.2653137445449829
2018-12-20,0.3346162736415863
2018-12-21,0.36527371406555176
2018-12-24,0.38958653807640076
2018-12-26,0.3598308265209198
2018-12-27,0.3399125039577484
2018-12-28,0.33755964040756226
2018-12-31,0.332996666431427
2019-01-02,0.27469244599342346
2019-01-03,0.29022976756095886
2019-01-04,0.33497923612594604
2019-01-07,0.2908118963241577
2019-01-08,0.30792850255966187
2019-01-09,0.27082911133766174
2019-01-10,0.28990107774734497
2019-01-11,0.25875529646873474
2019-01-14,0.22978942096233368
2019-01-15,0.22226040065288544
2019-01-16,0.22374804317951202
2019-01-17,0.21453061699867249
2019-01-18,0.23738117516040802
2019-01-22,0.22016867995262146
2019-01-23,0.22659894824028015
2019-01-24,0.21281440556049347
2019-01-25,0.20636887848377228
2019-01-28,0.193744495511055
2019-01-29,0.20528265833854675
2019-01-30,0.20917081832885742
2019-01-31,0.24315372109413147
2019-02-01,0.20744171738624573
2019-02-04,0.20471112430095673
2019-02-05,0.19015133380889893
2019-02-06,0.18356093764305115
2019-02-07,0.18735316395759583
2019-02-08,0.20079711079597473
2019-02-11,0.18256038427352905
2019-02-12,0.17845505475997925
2019-02-13,0.15369170904159546
2019-02-14,0.1595025360584259
2019-02-15,0.16859948635101318
2019-02-19,0.16085119545459747
2019-02-20,0.14563098549842834
2019-02-21,0.16138629615306854
2019-02-22,0.15175874531269073
2019-02-25,0.13596618175506592
2019-02-26,0.1469283401966095
2019-02-27,0.1339263617992401
2019-02-28,0.141428604722023
2019-03-01,0.13705840706825256
2019-03-04,0.13483944535255432
2019-03-05,0.15881584584712982
2019-03-06,0.13830947875976562
2019-03-07,0.14076925814151764
2019-03-08,0.16299442946910858
2019-03-11,0.16050557792186737
2019-03-12,0.148156076669693
2019-03-13,0.15584537386894226
2019-03-14,0.14995793998241425
2019-03-15,0.13471947610378265
2019-03-18,0.1373671591281891
2019-03-19,0.13373404741287231
2019-03-20,0.1495150625705719
2019-03-21,0.17385582625865936
2019-03-22,0.1730595827102661
2019-03-25,0.22024555504322052
2019-03-26,0.2539375424385071
2019-03-27,0.2203129529953003
2019-03-28,0.2146344929933548
2019-03-29,0.1904938966035843
2019-04-01,0.17260263860225677
2019-04-02,0.17696785926818848
2019-04-03,0.16064020991325378
2019-04-04,0.16490259766578674
2019-04-05,0.1565748155117035
2019-04-08,0.14361482858657837
2019-04-09,0.149705171585083
2019-04-10,0.1644829511642456
2019-04-11,0.15326903760433197
2019-04-12,0.1490962952375412
2019-04-15,0.15252602100372314
2019-04-16,0.13868507742881775
2019-04-17,0.149507075548172
2019-04-18,0.1560039520263672
2019-04-22,0.14432676136493683
2019-04-23,0.13780438899993896
2019-04-24,0.1366010457277298
2019-04-25,0.13157936930656433
2019-04-26,0.14162923395633698
2019-04-29,0.17067332565784454
2019-04-30,0.1405651569366455
2019-05-01,0.177468940615654
2019-05-02,0.20415964722633362
2019-05-03,0.18632659316062927
2019-05-06,0.1473083794116974
2019-05-07,0.18560567498207092
2019-05-08,0.22296130657196045
2019-05-09,0.20119468867778778
2019-05-10,0.23835556209087372
2019-05-13,0.24478749930858612
2019-05-14,0.28215137124061584
2019-05-15,0.2253120243549347
2019-05-16,0.20963867008686066
2019-05-17,0.20023158192634583
2019-05-20,0.2277279645204544
2019-05-21,0.2515670657157898
2019-05-22,0.19981597363948822
2019-05-23,0.20453588664531708
2019-05-24,0.2355043888092041
2019-05-28,0.18696026504039764
2019-05-29,0.21236152946949005
2019-05-30,0.21076974272727966
2019-05-31,0.18798433244228363
2019-06-03,0.19288340210914612
2019-06-04,0.30902114510536194
2019-06-05,0.22840026021003723
2019-06-06,0.24638152122497559
2019-06-07,0.218374103307724
2019-06-10,0.20509830117225647
2019-06-11,0.20367780327796936
2019-06-12,0.19650913774967194
2019-06-13,0.18135635554790497
2019-06-14,0.18173788487911224
2019-06-17,0.17568548023700714
2019-06-18,0.1630493849515915
2019-06-19,0.18609479069709778
2019-06-20,0.20286718010902405
2019-06-21,0.16916780173778534
2019-06-24,0.16047212481498718
2019-06-25,0.1454017162322998
2019-06-26,0.1562594473361969
2019-06-27,0.1548033356666565
2019-06-28,0.14311647415161133
2019-07-01,0.14298677444458008
2019-07-02,0.1551298201084137
2019-07-03,0.13939249515533447
2019-07-05,0.12007856369018555
2019-07-08,0.1328294724225998
2019-07-09,0.1396021544933319
2019-07-10,0.13173401355743408
2019-07-11,0.1360490620136261
2019-07-12,0.13355791568756104
2019-07-15,0.12269043922424316
2019-07-16,0.12062010914087296
2019-07-17,0.12444724887609482
2019-07-18,0.1218961626291275
2019-07-19,0.12381825596094131
2019-07-22,0.1334001123905182
2019-07-23,0.12314401566982269
2019-07-24,0.1276848167181015
2019-07-25,0.12136701494455338
2019-07-26,0.13430044054985046
2019-07-29,0.13771621882915497
2019-07-30,0.1270502805709839
2019-07-31,0.13674087822437286
2019-08-01,0.22304245829582214
2019-08-02,0.2480601817369461
2019-08-05,0.24715085327625275
2019-08-06,0.25130581855773926
2019-08-07,0.23389196395874023
2019-08-08,0.26176485419273376
2019-08-09,0.20777472853660583
2019-08-12,0.21965685486793518
2019-08-13,0.22260682284832
2019-08-14,0.2884388864040375
2019-08-15,0.27770715951919556
2019-08-16,0.2658318877220154
2019-08-19,0.20842823386192322
2019-08-20,0.1833040416240692
2019-08-21,0.1908886879682541
2019-08-22,0.16770684719085693
2019-08-23,0.17904843389987946
2019-08-26,0.2794974446296692
2019-08-27,0.2031148374080658
2019-08-28,0.19246338307857513
2019-08-29,0.18335941433906555
2019-08-30,0.16611933708190918
2019-09-03,0.1727435290813446
2019-09-04,0.18234358727931976
2019-09-05,0.147999107837677
2019-09-06,0.13820624351501465
2019-09-09,0.1391107141971588
2019-09-10,0.13887545466423035
2019-09-11,0.17963723838329315
2019-09-12,0.16502565145492554
2019-09-13,0.187485009431839
2019-09-16,0.18452385067939758
2019-09-17,0.16732078790664673
2019-09-18,0.15281932055950165
2019-09-19,0.17682641744613647
2019-09-20,0.1574358195066452
2019-09-23,0.18259389698505402
2019-09-24,0.15887032449245453
2019-09-25,0.20599298179149628
2019-09-26,0.18130698800086975
2019-09-27,0.16863664984703064
2019-09-30,0.1959090530872345
2019-10-01,0.16296282410621643
2019-10-02,0.19322094321250916
2019-10-03,0.19601407647132874
2019-10-04,0.230635404586792
2019-10-07,0.18085098266601562
2019-10-08,0.1782839298248291
2019-10-09,0.21424023807048798
2019-10-10,0.17232128977775574
2019-10-11,0.17475250363349915
2019-10-14,0.17921939492225647
2019-10-15,0.15197570621967316
2019-10-16,0.14193619787693024
2019-10-17,0.1361847221851349
2019-10-18,0.13410165905952454
2019-10-21,0.13046753406524658
2019-10-22,0.12278322130441666
2019-10-23,0.12782076001167297
2019-10-24,0.12805739045143127
2019-10-25,0.12815256416797638
2019-10-28,0.12011651694774628
2019-10-29,0.11743342876434326
2019-10-30,0.15140435099601746
2019-10-31,0.14858463406562805
2019-11-01,0.19339032471179962
2019-11-04,0.15753582119941711
2019-11-05,0.1495140641927719
2019-11-06,0.13093110918998718
2019-11-07,0.12453379482030869
2019-11-08,0.12347551435232162
2019-11-11,0.1158701628446579
2019-11-12,0.11676343530416489
2019-11-13,0.12049548327922821
2019-11-14,0.1285204440355301
2019-11-15,0.1385931819677353
2019-11-18,0.12324154376983643
2019-11-19,0.12644818425178528
2019-11-20,0.12579074501991272
2019-11-21,0.15063738822937012
2019-11-22,0.14255383610725403
2019-11-25,0.13531851768493652
2019-11-26,0.11751227080821991
2019-11-27,0.12080615758895874
2019-11-29,0.11176861822605133
2019-12-02,0.10766371339559555
2019-12-03,0.14091134071350098
2019-12-04,0.15795056521892548
2019-12-05,0.13667328655719757
2019-12-06,0.13998724520206451
2019-12-09,0.1202329620718956
2019-12-10,0.13294097781181335
2019-12-11,0.14028072357177734
2019-12-12,0.12838239967823029
2019-12-13,0.18100649118423462
2019-12-16,0.16714628040790558
2019-12-17,0.1351374387741089
2019-12-18,0.1403074711561203
2019-12-19,0.11819832026958466
2019-12-20,0.11197970807552338
2019-12-23,0.11586946249008179
2019-12-24,0.10925263166427612
2019-12-26,0.10389729589223862
2019-12-27,0.10477830469608307
2019-12-30,0.12466452270746231
2019-12-31,0.15190494060516357
2020-01-02,0.1398349106311798
2020-01-03,0.14441156387329102
2020-01-06,0.15349121391773224
2020-01-07,0.14995233714580536
2020-01-08,0.1530594825744629
2020-01-09,0.15754830837249756
2020-01-10,0.16266211867332458
2020-01-13,0.1637733280658722
2020-01-14,0.14377765357494354
2020-01-15,0.17975963652133942
2020-01-16,0.16887208819389343
2020-01-17,0.150527685880661
2020-01-21,0.14007146656513214
2020-01-22,0.13518638908863068
2020-01-23,0.1326216161251068
2020-01-24,0.14401055872440338
2020-01-27,0.16555626690387726
2020-01-28,0.22561559081077576
2020-01-29,0.17933881282806396
2020-01-30,0.22654195129871368
2020-01-31,0.2074280083179474
2020-02-03,0.237280935049057
2020-02-04,0.24932293593883514
2020-02-05,0.2077140361070633
2020-02-06,0.2076086550951004
2020-02-07,0.1775015890598297
2020-02-10,0.17639820277690887
2020-02-11,0.17307710647583008
2020-02-12,0.1688351035118103
2020-02-13,0.15070003271102905
2020-02-14,0.15682575106620789
2020-02-18,0.14246034622192383
2020-02-19,0.16651687026023865
2020-02-20,0.14263145625591278
2020-02-21,0.1740589141845703
2020-02-24,0.19511286914348602
2020-02-25,0.3405591547489166
2020-02-26,0.3638695180416107
2020-02-27,0.3770698606967926
2020-02-28,0.4700237214565277
2020-03-02,0.5956038236618042
2020-03-03,0.5672858953475952
2020-03-04,0.6423708200454712
2020-03-05,0.4922933578491211
2020-03-06,0.41652369499206543
2020-03-09,0.4275989532470703
2020-03-10,0.5116567015647888
2020-03-11,0.5374509692192078
2020-03-12,0.53980553150177
2020-03-13,0.6672543287277222
2020-03-16,0.6942775249481201
2020-03-17,0.7278537154197693
2020-03-18,0.7440298795700073
2020-03-19,0.741242527961731
2020-03-20,0.7118128538131714
2020-03-23,0.6952289342880249
2020-03-24,0.7291087508201599
2020-03-25,0.6294726729393005
2020-03-26,0.6119588613510132
2020-03-27,0.6059158444404602
2020-03-30,0.5006030797958374
2020-03-31,0.413888156414032
2020-04-01,0.4071880877017975
2020-04-02,0.3600671887397766
2020-04-03,0.38411375880241394
2020-04-06,0.3388822674751282
2020-04-07,0.299610435962677
2020-04-08,0.35449132323265076
2020-04-09,0.30399957299232483
2020-04-13,0.311237096786499
2020-04-14,0.28190407156944275
2020-04-15,0.2712254524230957
2020-04-16,0.25383517146110535
2020-04-17,0.2632055878639221
2020-04-20,0.2634173631668091
2020-04-21,0.2519212067127228
2020-04-22,0.30003300309181213
2020-04-23,0.24362805485725403
2020-04-24,0.26614251732826233
2020-04-27,0.2234361171722412
2020-04-28,0.2158123254776001
2020-04-29,0.23408785462379456
2020-04-30,0.2225392609834671
2020-05-01,0.24150510132312775
2020-05-04,0.31201112270355225
2020-05-05,0.26024824380874634
2020-05-06,0.23288574814796448
2020-05-07,0.2293390929698944
2020-05-08,0.19657820463180542
2020-05-11,0.1751413196325302
2020-05-12,0.16829326748847961
2020-05-13,0.2015729695558548
2020-05-14,0.2762796878814697
2020-05-15,0.2781798839569092
2020-05-18,0.2710646092891693
2020-05-19,0.23092560470104218
2020-05-20,0.21228241920471191
2020-05-21,0.1886889785528183
2020-05-22,0.19454888999462128
2020-05-26,0.17578347027301788
2020-05-27,0.18960236012935638
2020-05-28,0.221120685338974
2020-05-29,0.2071898877620697
2020-06-01,0.23173880577087402
2020-06-02,0.18517158925533295
2020-06-03,0.16988728940486908
2020-06-04,0.16047058999538422
2020-06-05,0.15621432662010193
2020-06-08,0.16397130489349365
2020-06-09,0.15385279059410095
2020-06-10,0.1746695637702942
2020-06-11,0.2123986780643463
2020-06-12,0.27210232615470886
2020-06-15,0.3079531788825989
2020-06-16,0.2960459291934967
2020-06-17,0.311301589012146
2020-06-18,0.2359900027513504
2020-06-19,0.20667774975299835
2020-06-22,0.249379962682724
2020-06-23,0.1985497921705246
2020-06-24,0.19961537420749664
2020-06-25,0.25267061591148376
2020-06-26,0.23340900242328644
2020-06-29,0.26857414841651917
2020-06-30,0.2385839968919754
2020-07-01,0.20648185908794403
2020-07-02,0.18422891199588776
2020-07-06,0.17885510623455048
2020-07-07,0.16425859928131104
2020-07-08,0.17330943048000336
2020-07-09,0.1762925088405609
2020-07-10,0.21719233691692352
2020-07-13,0.19381362199783325
2020-07-14,0.2554020285606384
2020-07-15,0.3052346706390381
2020-07-16,0.30215877294540405
2020-07-17,0.2559797167778015
2020-07-20,0.1972229778766632
2020-07-21,0.1742241531610489
2020-07-22,0.2012248933315277
2020-07-23,0.19589926302433014
2020-07-24,0.27939730882644653
2020-07-27,0.29073041677474976
2020-07-28,0.22461116313934326
2020-07-29,0.225650355219841
2020-07-30,0.21608678996562958
2020-07-31,0.23936918377876282
2020-08-03,0.2896050214767456
2020-08-04,0.2826731503009796
2020-08-05,0.24050064384937286
2020-08-06,0.20923559367656708
2020-08-07,0.2236059606075287
2020-08-10,0.24417825043201447
2020-08-11,0.26585566997528076
2020-08-12,0.26191246509552
2020-08-13,0.22789058089256287
2020-08-14,0.24018117785453796
2020-08-17,0.21945826709270477
2020-08-18,0.1991756409406662
2020-08-19,0.1959524154663086
2020-08-20,0.21025829017162323
2020-08-21,0.18020331859588623
2020-08-24,0.23783108592033386
2020-08-25,0.29131731390953064
2020-08-26,0.25155407190322876
2020-08-27,0.2292911559343338
2020-08-28,0.2350357472896576
2020-08-31,0.2183733731508255
2020-09-01,0.3140915334224701
2020-09-02,0.2921102046966553
2020-09-03,0.4277523159980774
2020-09-04,0.5022906064987183
2020-09-08,0.6607364416122437
2020-09-09,0.6764165759086609
2020-09-10,0.5510220527648926
2020-09-11,0.5024281740188599
2020-09-14,0.4935722351074219
2020-09-15,0.38449937105178833
2020-09-16,0.3438199460506439
2020-09-17,0.3356263041496277
2020-09-18,0.377754807472229
2020-09-21,0.3875979781150818
2020-09-22,0.4316708445549011
2020-09-23,0.38203391432762146
2020-09-24,0.37814831733703613
2020-09-25,0.4060615003108978
2020-09-28,0.38148969411849976
2020-09-29,0.34990766644477844
2020-09-30,0.3063216805458069
2020-10-01,0.3194409906864166
2020-10-02,0.29712530970573425
2020-10-05,0.3265783190727234
2020-10-06,0.24517866969108582
2020-10-07,0.3211999535560608
2020-10-08,0.2402956485748291
2020-10-09,0.2096421718597412
2020-10-12,0.19834493100643158
2020-10-13,0.24768278002738953
2020-10-14,0.3482235372066498
2020-10-15,0.2725585103034973
2020-10-16,0.2615439295768738
2020-10-19,0.23720808327198029
2020-10-20,0.27861183881759644
2020-10-21,0.2981984317302704
2020-10-22,0.26994773745536804
2020-10-23,0.2740201950073242
2020-10-26,0.24365636706352234
2020-10-27,0.2736765444278717
2020-10-28,0.2600178122520447
2020-10-29,0.31016188859939575
2020-10-30,0.30156323313713074
2020-11-02,0.3735174536705017
2020-11-03,0.3417794406414032
2020-11-04,0.29359832406044006
2020-11-05,0.3313511312007904
2020-11-06,0.2825236916542053
2020-11-09,0.27530139684677124
2020-11-10,0.347817599773407
2020-11-11,0.36329662799835205
2020-11-12,0.28827375173568726
2020-11-13,0.279568612575531
2020-11-16,0.22771696746349335
2020-11-17,0.225093275308609
2020-11-18,0.2075790911912918
2020-11-19,0.19925831258296967
2020-11-20,0.20787739753723145
2020-11-23,0.17838677763938904
2020-11-24,0.20383360981941223
2020-11-25,0.21594086289405823
2020-11-27,0.20112860202789307
2020-11-30,0.17053143680095673
2020-12-01,0.23447498679161072
2020-12-02,0.2262793779373169
2020-12-03,0.21691937744617462
2020-12-04,0.20276813209056854
2020-12-07,0.1866266429424286
2020-12-08,0.18692360818386078
2020-12-09,0.19050081074237823
2020-12-10,0.23777958750724792
2020-12-11,0.24393466114997864
2020-12-14,0.22988978028297424
2020-12-15,0.21525338292121887
2020-12-17,0.22479155659675598
2020-12-18,0.19075314700603485
2020-12-21,0.20563609898090363
2020-12-22,0.23953625559806824
2020-12-23,0.2640160620212555
2020-12-24,0.22684375941753387
2020-12-28,0.2018204629421234
2020-12-29,0.2075163573026657
2020-12-30,0.2306678593158722
2020-12-31,0.21428418159484863
2021-01-04,0.2114085853099823
2021-01-05,0.2868714928627014
2021-01-06,0.24414214491844177
2021-01-07,0.2909700870513916
2021-01-08,0.2440493106842041
2021-01-11,0.27018430829048157
2021-01-12,0.2603820562362671
2021-01-13,0.24956567585468292
2021-01-14,0.2320519983768463
2021-01-15,0.2240482121706009
2021-01-19,0.2384214699268341
2021-01-20,0.20620694756507874
2021-01-21,0.20935364067554474
2021-01-22,0.21511352062225342
2021-01-25,0.21952171623706818
2021-01-26,0.33729901909828186
2021-01-27,0.2883184850215912
2021-01-28,0.35113978385925293
2021-01-29,0.39168626070022583
2021-02-01,0.42330044507980347
2021-02-02,0.35891851782798767
2021-02-03,0.2777473032474518
2021-02-04,0.2418365776538849
2021-02-05,0.21463021636009216
2021-02-08,0.2083195000886917
2021-02-09,0.19061224162578583
2021-02-10,0.18124623596668243
2021-02-11,0.2001318633556366
2021-02-12,0.183508962392807
2021-02-16,0.16850244998931885
2021-02-17,0.18039345741271973
2021-02-18,0.21885919570922852
2021-02-19,0.2147686928510666
2021-02-22,0.21107809245586395
2021-02-23,0.2524051070213318
2021-02-24,0.35172414779663086
2021-02-25,0.31760305166244507
2021-02-26,0.36748847365379333
2021-03-01,0.3896208703517914
2021-03-02,0.2974308431148529
2021-03-03,0.29935532808303833
2021-03-04,0.3080902099609375
2021-03-05,0.3816930949687958
2021-03-08,0.39390602707862854
2021-03-09,0.364540159702301
2021-03-10,0.3071933388710022
2021-03-11,0.3191916346549988
2021-03-12,0.25569742918014526
2021-03-15,0.2386053502559662
2021-03-16,0.2241635024547577
2021-03-17,0.23553407192230225
2021-03-18,0.256588339805603
2021-03-19,0.23999860882759094
2021-03-22,0.250506192445755
2021-03-24,0.22668687999248505
2021-03-25,0.2261488139629364
2021-03-26,0.26375091075897217
2021-03-29,0.24013610184192657
2021-03-30,0.24435994029045105
2021-03-31,0.241481751203537
2021-04-01,0.2270076721906662
2021-04-05,0.21903696656227112
2021-04-06,0.2134689837694168
2021-04-07,0.21197763085365295
2021-04-09,0.21006660163402557
2021-04-12,0.21137173473834991
2021-04-13,0.2114066332578659
2021-04-14,0.21066853404045105
2021-04-15,0.21228739619255066
2021-04-16,0.2143518030643463
2021-04-19,0.21326038241386414
2021-04-20,0.21369066834449768
2021-04-21,0.2126479148864746
2021-04-22,0.2137112319469452
2021-04-23,0.221382737159729
2021-04-26,0.219805046916008
2021-04-27,0.19730019569396973
2021-04-28,0.19810111820697784
2021-04-29,0.19492313265800476
2021-04-30,0.2090488225221634
2021-05-03,0.21362802386283875
2021-05-04,0.21719150245189667
2021-05-05,0.22692957520484924
2021-05-06,0.21461400389671326
2021-05-07,0.21828913688659668
2021-05-10,0.2221689671278
2021-05-11,0.2146393358707428
2021-05-13,0.22651204466819763
2021-05-14,0.22953744232654572
2021-05-17,0.22431087493896484
2021-05-18,0.22839243710041046
2021-05-19,0.20960107445716858
2021-05-20,0.20925703644752502
2021-05-21,0.20483210682868958
2021-05-24,0.20235243439674377
2021-05-25,0.19764283299446106
2021-05-26,0.1897241175174713
2021-05-27,0.15911950170993805
2021-05-28,0.16244332492351532
2021-06-01,0.16028080880641937
2021-06-02,0.15488100051879883
2021-06-03,0.15794794261455536
2021-06-04,0.1648428589105606
2021-06-07,0.15259681642055511
2021-06-08,0.15931755304336548
2021-06-09,0.16269220411777496
2021-06-10,0.15544703602790833
2021-06-11,0.1604517251253128
2021-06-14,0.15316461026668549
2021-06-15,0.1610601246356964
2021-06-16,0.15712903439998627
2021-06-17,0.1823260635137558
2021-06-18,0.1789468228816986
2021-06-21,0.1895574927330017
2021-06-22,0.18383391201496124
2021-06-23,0.1736081838607788
2021-06-24,0.1615179479122162
2021-06-25,0.15461087226867676
2021-06-28,0.12942399084568024
2021-06-29,0.12371806055307388
2021-06-30,0.12516191601753235
2021-07-01,0.1251559555530548
2021-07-02,0.1238788366317749
2021-07-06,0.12204333394765854
2021-07-07,0.15057878196239471
2021-07-08,0.16540606319904327
2021-07-09,0.19607309997081757
2021-07-12,0.1740035116672516
2021-07-13,0.17130538821220398
2021-07-14,0.1864691525697708
2021-07-15,0.1855204999446869
2021-07-16,0.1969418227672577
2021-07-19,0.19677086174488068
2021-07-20,0.23212043941020966
2021-07-21,0.20061099529266357
2021-07-22,0.1852155476808548
2021-07-23,0.17149007320404053
2021-07-26,0.14897114038467407
2021-07-27,0.15391622483730316
2021-07-28,0.17707887291908264
2021-07-29,0.22912654280662537
2021-07-30,0.1817592829465866
2021-08-02,0.18093058466911316
2021-08-03,0.18009619414806366
2021-08-04,0.17348921298980713
2021-08-05,0.1719813197851181
2021-08-06,0.15792648494243622
2021-08-09,0.15239298343658447
2021-08-10,0.14726734161376953
2021-08-11,0.15236732363700867
2021-08-12,0.15071558952331543
2021-08-13,0.1474204808473587
2021-08-16,0.14518983662128448
2021-08-17,0.18436291813850403
2021-08-18,0.19738712906837463
2021-08-19,0.1961735188961029
2021-08-20,0.21914991736412048
2021-08-23,0.18355384469032288
2021-08-24,0.1600918024778366
2021-08-25,0.15264977514743805
2021-08-26,0.14057889580726624
2021-08-27,0.14621847867965698
2021-08-30,0.14701755344867706
2021-08-31,0.15928368270397186
2021-09-01,0.17437797784805298
2021-09-02,0.17746120691299438
2021-09-03,0.17230884730815887
2021-09-07,0.16095861792564392
2021-09-08,0.16256305575370789
2021-09-09,0.16910788416862488
2021-09-10,0.16549591720104218
2021-09-13,0.2539457678794861
2021-09-14,0.22537140548229218
2021-09-15,0.22061853110790253
2021-09-16,0.19683878123760223
2021-09-17,0.1786232739686966
2021-09-20,0.18598249554634094
2021-09-21,0.2173832207918167
2021-09-22,0.20338979363441467
2021-09-23,0.20236746966838837
2021-09-24,0.1796683520078659
2021-09-27,0.15774458646774292
2021-09-28,0.16685214638710022
2021-09-29,0.1972844898700714
2021-09-30,0.19224366545677185
2021-10-01,0.20472963154315948
2021-10-04,0.2190399169921875
2021-10-05,0.21905207633972168
2021-10-06,0.19623301923274994
2021-10-07,0.208744615316391
2021-10-08,0.17282477021217346
2021-10-11,0.1656252145767212
2021-10-12,0.15984025597572327
2021-10-13,0.17259247601032257
2021-10-14,0.17418578267097473
2021-10-15,0.14876681566238403
2021-10-18,0.1421063393354416
2021-10-19,0.1482304036617279
2021-10-20,0.14311382174491882
2021-10-21,0.14060652256011963
2021-10-22,0.1383032649755478
2021-10-25,0.1397424191236496
2021-10-26,0.13651098310947418
2021-10-27,0.14956440031528473
2021-10-28,0.14605578780174255
2021-11-01,0.15335670113563538
2021-11-02,0.15756277740001678
2021-11-03,0.1583046019077301
2021-11-04,0.15223592519760132
2021-11-05,0.1511753350496292
2021-11-08,0.15153029561042786
2021-11-09,0.13671596348285675
2021-11-10,0.1551586091518402
2021-11-11,0.1655578315258026
2021-11-12,0.13447976112365723
2021-11-15,0.13237610459327698
2021-11-16,0.13967543840408325
2021-11-17,0.13474853336811066
2021-11-18,0.15290577709674835
2021-11-19,0.18886275589466095
2021-11-22,0.18063810467720032
2021-11-23,0.20364877581596375
2021-11-24,0.2279866635799408
2021-11-26,0.21014626324176788
2021-11-29,0.23017947375774384
2021-11-30,0.2148655205965042
2021-12-01,0.27147945761680603
2021-12-02,0.27473339438438416
2021-12-03,0.29907017946243286
2021-12-06,0.30848294496536255
2021-12-07,0.29529866576194763
2021-12-08,0.24078936874866486
2021-12-09,0.2628547251224518
2021-12-10,0.25205767154693604
2021-12-13,0.23882822692394257
2021-12-14,0.2766116261482239
2021-12-15,0.28029027581214905
2021-12-16,0.30801093578338623
2021-12-17,0.30889183282852173
2021-12-20,0.32352009415626526
2021-12-21,0.30867907404899597
2021-12-22,0.2562348246574402
2021-12-23,0.23395442962646484
2021-12-28,0.19556161761283875
2021-12-29,0.21072998642921448
2021-12-30,0.18625269830226898
2021-12-31,0.16961993277072906
2022-01-03,0.17080023884773254
2022-01-04,0.1931886225938797
2022-01-05,0.20367415249347687
2022-01-06,0.23231418430805206
2022-01-07,0.2556975781917572
2022-01-10,0.23312684893608093
2022-01-11,0.2972060441970825
2022-01-12,0.2576529383659363
2022-01-13,0.23565348982810974
2022-01-14,0.2492065131664276
2022-01-18,0.2580314576625824
2022-01-19,0.2571702301502228
2022-01-20,0.2479667365550995
2022-01-21,0.24080058932304382
2022-01-24,0.30923980474472046
2022-01-25,0.3782500624656677
2022-01-26,0.3691680431365967
2022-01-27,0.3899155557155609
2022-01-28,0.36130672693252563
2022-01-31,0.3789329528808594
2022-02-01,0.3082764446735382
2022-02-02,0.29653996229171753
2022-02-03,0.2702100872993469
2022-02-04,0.269858717918396
2022-02-07,0.2688383162021637
2022-02-08,0.23707851767539978
2022-02-09,0.22818300127983093
2022-02-10,0.20190827548503876
2022-02-11,0.24178819358348846
2022-02-14,0.28294697403907776
2022-02-15,0.27998727560043335
2022-02-16,0.21570880711078644
2022-02-17,0.2282169610261917
2022-02-18,0.20763632655143738
2022-02-22,0.23563697934150696
2022-02-23,0.26085907220840454
2022-02-24,0.24039402604103088
2022-02-25,0.33128416538238525
2022-02-28,0.26697641611099243
2022-03-01,0.2796315550804138
2022-03-02,0.2915709316730499
2022-03-03,0.2688918113708496
2022-03-04,0.2624339759349823
2022-03-07,0.269683301448822
2022-03-08,0.2822050154209137
2022-03-09,0.34275132417678833
2022-03-10,0.2814979553222656
2022-03-11,0.27251121401786804
2022-03-14,0.267829030752182
2022-03-15,0.2889590561389923
2022-03-16,0.26696640253067017
2022-03-17,0.2950562834739685
2022-03-18,0.2453300654888153
2022-03-21,0.2322041094303131
2022-03-22,0.2485407143831253
2022-03-23,0.21540871262550354
2022-03-24,0.22252877056598663
2022-03-25,0.22218342125415802
2022-03-28,0.21343059837818146
2022-03-29,0.21973781287670135
2022-03-30,0.21228399872779846
2022-03-31,0.2019420862197876
2022-04-01,0.2021300345659256
2022-04-04,0.21196138858795166
2022-04-05,0.18816348910331726
2022-04-06,0.19685930013656616
2022-04-07,0.2399648129940033
2022-04-08,0.2309926301240921
2022-04-11,0.21827569603919983
2022-04-12,0.2203635424375534
2022-04-13,0.24327139556407928
2022-04-14,0.2087089568376541
2022-04-18,0.20846180617809296
2022-04-19,0.22537049651145935
2022-04-20,0.21498382091522217
2022-04-21,0.22117909789085388
2022-04-22,0.24122019112110138
2022-04-25,0.2536095678806305
2022-04-26,0.3108060956001282
2022-04-27,0.2843204438686371
2022-04-28,0.32898470759391785
2022-04-29,0.31891900300979614
2022-05-02,0.3436834216117859
2022-05-03,0.3694489598274231
2022-05-04,0.3621537685394287
2022-05-05,0.40193042159080505
2022-05-06,0.39036062359809875
2022-05-09,0.4349913001060486
2022-05-10,0.4043756127357483
2022-05-11,0.39828839898109436
2022-05-12,0.41074657440185547
2022-05-13,0.46825486421585083
2022-05-16,0.3550267219543457
2022-05-18,0.36108827590942383
2022-05-19,0.3221900463104248
2022-05-20,0.3720586895942688
2022-05-23,0.36824101209640503
2022-05-24,0.3661916255950928
2022-05-25,0.3578920364379883
2022-05-26,0.36606085300445557
2022-05-27,0.304082453250885
2022-05-31,0.26495665311813354
2022-06-01,0.30550575256347656
2022-06-02,0.2978651523590088
2022-06-03,0.2724805176258087
2022-06-06,0.2730417251586914
2022-06-07,0.262665331363678
2022-06-08,0.25457924604415894
2022-06-09,0.2396731674671173
2022-06-10,0.24534067511558533
2022-06-13,0.27547720074653625
2022-06-14,0.3168509006500244
2022-06-15,0.29767119884490967
2022-06-16,0.3658958673477173
2022-06-17,0.33073264360427856
2022-06-21,0.33131107687950134
2022-06-22,0.2879253923892975
2022-06-23,0.30672329664230347
2022-06-24,0.30987682938575745
2022-06-27,0.2441544532775879
2022-06-28,0.25593671202659607
2022-06-29,0.25277915596961975
2022-06-30,0.2698710858821869
2022-07-01,0.29058313369750977
2022-07-05,0.2872287333011627
2022-07-06,0.29262757301330566
2022-07-07,0.30080437660217285
2022-07-08,0.23328642547130585
2022-07-11,0.22845807671546936
2022-07-12,0.22149062156677246
2022-07-13,0.24103359878063202
2022-07-14,0.28406772017478943
2022-07-15,0.2762235105037689
2022-07-18,0.25757282972335815
2022-07-19,0.2511417269706726
2022-07-20,0.2220492660999298
2022-07-21,0.22095069289207458
2022-07-22,0.23634985089302063
2022-07-25,0.22704656422138214
2022-07-26,0.22940361499786377
2022-07-27,0.2132524996995926
2022-07-28,0.22833797335624695
2022-07-29,0.22346821427345276
2022-08-01,0.22584903240203857
2022-08-02,0.21298818290233612
2022-08-03,0.22293774783611298
2022-08-04,0.19880244135856628
2022-08-05,0.1993875801563263
2022-08-08,0.1909317523241043
2022-08-09,0.20143532752990723
2022-08-10,0.1964966058731079
2022-08-11,0.18735496699810028
2022-08-12,0.183979794383049
2022-08-15,0.16783013939857483
2022-08-16,0.15425200760364532
2022-08-17,0.15395084023475647
2022-08-18,0.18152081966400146
2022-08-19,0.1670648157596588
2022-08-22,0.16230574250221252
2022-08-23,0.1696324497461319
2022-08-24,0.17934389412403107
2022-08-25,0.16655060648918152
2022-08-26,0.1613840013742447
2022-08-29,0.21769241988658905
2022-08-30,0.21630752086639404
2022-08-31,0.23573032021522522
2022-09-01,0.25167906284332275
2022-09-02,0.24670501053333282
2022-09-06,0.2529350519180298
2022-09-08,0.2643921375274658
2022-09-09,0.26541849970817566
2022-09-12,0.2123202532529831
2022-09-13,0.20644068717956543
2022-09-14,0.22647419571876526
2022-09-15,0.23204056918621063
2022-09-16,0.22909316420555115
2022-09-19,0.26267507672309875
2022-09-20,0.23795323073863983
2022-09-21,0.2548455595970154
2022-09-22,0.33133015036582947
2022-09-23,0.28496253490448
2022-09-26,0.2764029800891876
2022-09-27,0.29259157180786133
2022-09-28,0.27978283166885376
2022-09-29,0.3002799153327942
2022-09-30,0.2921100854873657
2022-10-04,0.2950858175754547
2022-10-05,0.2511368989944458
2022-10-06,0.24778690934181213
2022-10-07,0.24531197547912598
2022-10-10,0.2356073409318924
2022-10-11,0.26065269112586975
2022-10-12,0.2716805934906006
2022-10-13,0.2705293297767639
2022-10-14,0.3433353006839752
2022-10-17,0.3306216597557068
2022-10-18,0.2674654424190521
2022-10-19,0.33644992113113403
2022-10-20,0.2908931374549866
2022-10-21,0.26784682273864746
2022-10-24,0.29085463285446167
2022-10-25,0.27932435274124146
2022-10-26,0.23354347050189972
2022-10-27,0.25433045625686646
2022-10-28,0.26495933532714844
2022-10-31,0.3070530295372009
2022-11-01,0.2851499617099762
2022-11-02,0.27874359488487244
2022-11-03,0.3939674496650696
2022-11-04,0.3152235448360443
2022-11-07,0.3606857657432556
2022-11-08,0.3155616819858551
2022-11-09,0.28492578864097595
2022-11-10,0.2700123190879822
2022-11-11,0.27749764919281006
2022-11-14,0.2863277792930603
2022-11-15,0.2585992217063904
2022-11-16,0.3024703860282898
2022-11-17,0.27024388313293457
2022-11-18,0.2542727589607239
2022-11-21,0.2474357634782791
2022-11-22,0.22294001281261444
2022-11-23,0.2015996277332306
2022-11-25,0.21300287544727325
2022-11-28,0.19145898520946503
2022-11-29,0.2002565860748291
2022-11-30,0.2238020896911621
2022-12-01,0.25153297185897827
2022-12-02,0.2535337507724762
2022-12-06,0.24274444580078125
2022-12-07,0.23743462562561035
2022-12-08,0.24102728068828583
2022-12-09,0.23350484669208527
2022-12-12,0.25210005044937134
2022-12-13,0.23998692631721497
2022-12-14,0.27729731798171997
2022-12-15,0.3251960277557373
2022-12-16,0.2909336984157562
2022-12-19,0.29911571741104126
2022-12-20,0.26641443371772766
2022-12-21,0.2596018314361572
2022-12-22,0.2480398714542389
2022-12-23,0.24873802065849304
2022-12-27,0.273569256067276
2022-12-29,0.2456960380077362
2022-12-30,0.23673328757286072
2023-01-03,0.23950859904289246
2023-01-04,0.27078312635421753
2023-01-05,0.3068441152572632
2023-01-06,0.2865830659866333
2023-01-09,0.2930584251880646
2023-01-10,0.26204854249954224
2023-01-11,0.2659527063369751
2023-01-12,0.24379989504814148
2023-01-17,0.28457459807395935
2023-01-18,0.2556280195713043
2023-01-19,0.25345081090927124
2023-01-20,0.24886591732501984
2023-01-23,0.23914754390716553
2023-01-24,0.2463478296995163
2023-01-25,0.233338862657547
2023-01-26,0.24556775391101837
2023-01-27,0.23161502182483673
2023-01-30,0.2205769270658493
2023-01-31,0.22625526785850525
2023-02-01,0.22645390033721924
2023-02-02,0.28361716866493225
2023-02-03,0.2747304439544678
2023-02-06,0.3373776972293854
2023-02-07,0.295276015996933
2023-02-08,0.3076699376106262
2023-02-09,0.2757987976074219
2023-02-10,0.2636696696281433
2023-02-13,0.25788038969039917
2023-02-14,0.23054619133472443
2023-02-15,0.2563547194004059
2023-02-16,0.2590688169002533
2023-02-17,0.2454237937927246
2023-02-21,0.2269694060087204
2023-02-22,0.21246115863323212
2023-02-23,0.23097725212574005
2023-02-24,0.21624842286109924
2023-02-27,0.2102435827255249
2023-02-28,0.19651564955711365
2023-03-01,0.18471989035606384
2023-03-02,0.19068628549575806
2023-03-03,0.18954235315322876
2023-03-06,0.19166429340839386
2023-03-07,0.19857817888259888
2023-03-08,0.20969600975513458
2023-03-09,0.210862398147583
2023-03-10,0.21262383460998535
2023-03-13,0.2482842206954956
2023-03-14,0.26027536392211914
2023-03-15,0.2558160722255707
2023-03-16,0.27875056862831116
2023-03-17,0.26177167892456055
2023-03-20,0.2560245096683502
2023-03-21,0.23927192389965057
2023-03-22,0.21094028651714325
2023-03-23,0.23988381028175354
2023-03-24,0.24789826571941376
2023-03-27,0.23674282431602478
2023-03-28,0.2088526487350464
2023-03-29,0.1866810917854309
2023-03-30,0.16838708519935608
2023-03-31,0.15603217482566833
2023-04-03,0.1468135118484497
2023-04-04,0.14536398649215698
2023-04-05,0.14489607512950897
2023-04-06,0.1485845297574997
2023-04-10,0.14763829112052917
2023-04-11,0.15193960070610046
2023-04-12,0.14515073597431183
2023-04-13,0.1568572223186493
2023-04-14,0.15420977771282196
2023-04-17,0.15907935798168182
2023-04-18,0.15341302752494812
2023-04-19,0.15097762644290924
2023-04-20,0.14492341876029968
2023-04-21,0.14557543396949768
2023-04-24,0.14894632995128632
2023-04-25,0.1430993676185608
2023-04-26,0.14574548602104187
2023-04-27,0.15505239367485046
2023-04-28,0.14916956424713135
2023-05-01,0.15018349885940552
2023-05-02,0.14710325002670288
2023-05-03,0.14645648002624512
2023-05-04,0.18068991601467133
2023-05-05,0.19143378734588623
2023-05-08,0.19324617087841034
2023-05-09,0.17807888984680176
2023-05-10,0.15666241943836212
2023-05-11,0.15622544288635254
2023-05-12,0.1509634256362915
2023-05-15,0.1441149264574051
2023-05-16,0.13638286292552948
2023-05-17,0.1320020705461502
2023-05-18,0.14069601893424988
2023-05-19,0.14165900647640228
2023-05-22,0.14512982964515686
2023-05-23,0.14278294146060944
2023-05-24,0.1413157433271408
2023-05-25,0.14824190735816956
2023-05-26,0.15515641868114471
2023-05-30,0.14965341985225677
2023-05-31,0.15638287365436554
2023-06-01,0.1695483922958374
2023-06-02,0.1650485247373581
2023-06-05,0.15965554118156433
2023-06-06,0.21034379303455353
2023-06-07,0.19751714169979095
2023-06-08,0.19273361563682556
2023-06-09,0.1772419512271881
2023-06-12,0.16970090568065643
2023-06-13,0.15421323478221893
2023-06-14,0.15727180242538452
2023-06-15,0.1672300398349762
2023-06-16,0.15860804915428162
2023-06-22,0.15601129829883575
2023-06-23,0.1493474394083023
2023-06-26,0.14639052748680115
2023-06-27,0.14296969771385193
2023-06-28,0.1377987414598465
2023-06-29,0.1394035965204239
2023-06-30,0.13903892040252686
2023-07-03,0.13774055242538452
2023-07-05,0.1298537254333496
2023-07-06,0.13051407039165497
2023-07-07,0.13123638927936554
2023-07-10,0.1325264275074005
2023-07-11,0.1409701257944107
2023-07-12,0.13909509778022766
2023-07-13,0.14559778571128845
2023-07-14,0.13654467463493347
2023-07-17,0.13206914067268372
2023-07-18,0.13200680911540985
2023-07-19,0.13036233186721802
2023-07-20,0.17450964450836182
2023-07-21,0.17658957839012146
2023-07-24,0.16993367671966553
2023-07-25,0.1594828963279724
2023-07-26,0.1423986852169037
2023-07-27,0.15204040706157684
2023-07-28,0.15702621638774872
2023-07-31,0.14662155508995056
2023-08-01,0.13367614150047302
2023-08-02,0.1302300989627838
2023-08-03,0.13399288058280945
2023-08-04,0.1408509761095047
2023-08-07,0.1888551414012909
2023-08-08,0.20165713131427765
2023-08-09,0.17868134379386902
2023-08-10,0.17411255836486816
2023-08-11,0.18189485371112823
2023-08-14,0.17215780913829803
2023-08-15,0.15956364572048187
2023-08-17,0.1466260403394699
2023-08-18,0.15561595559120178
2023-08-21,0.16722047328948975
2023-08-22,0.15377593040466309
2023-08-23,0.1492375284433365
2023-08-24,0.1458759754896164
2023-08-25,0.1510998010635376
2023-08-28,0.17616842687129974
2023-08-29,0.1636226773262024
2023-08-30,0.15470364689826965
2023-08-31,0.15502150356769562
2023-09-01,0.15456216037273407
2023-09-05,0.14935986697673798
2023-09-06,0.14964619278907776
2023-09-07,0.164107084274292
2023-09-08,0.2046080082654953
2023-09-11,0.18342691659927368
2023-09-12,0.17070800065994263
2023-09-13,0.20699162781238556
2023-09-14,0.2081390619277954
2023-09-15,0.1919134259223938
2023-09-18,0.1876661479473114
2023-09-19,0.1851206123828888
2023-09-20,0.17695407569408417
2023-09-21,0.19136320054531097
2023-09-22,0.18305973708629608
2023-09-26,0.17855985462665558
2023-09-27,0.17215825617313385
2023-09-28,0.1822388470172882
2023-09-29,0.20301969349384308
2023-10-02,0.19418159127235413
2023-10-03,0.1965465098619461
2023-10-04,0.19247162342071533
2023-10-05,0.19340649247169495
2023-10-06,0.17770487070083618
2023-10-09,0.18399515748023987
2023-10-10,0.16467005014419556
2023-10-11,0.15813013911247253
2023-10-12,0.1500338762998581
2023-10-13,0.15390720963478088
2023-10-16,0.1613258570432663
2023-10-17,0.16704320907592773
2023-10-18,0.1753540188074112
2023-10-19,0.17754259705543518
2023-10-20,0.19821755588054657
2023-10-23,0.1907900869846344
2023-10-24,0.1956990510225296
2023-10-25,0.18834124505519867
2023-10-26,0.19320209324359894
2023-10-27,0.2114616334438324
2023-10-30,0.21672670543193817
2023-10-31,0.20258434116840363
2023-11-01,0.1880263239145279
2023-11-02,0.1953664869070053
2023-11-03,0.18362538516521454
2023-11-06,0.20536966621875763
2023-11-07,0.18556270003318787
2023-11-08,0.17314425110816956
2023-11-09,0.16221767663955688
2023-11-10,0.16277292370796204
2023-11-13,0.14808347821235657
2023-11-14,0.13682135939598083
2023-11-15,0.13653942942619324
2023-11-16,0.13447552919387817
2023-11-17,0.14071276783943176
2023-11-20,0.13527411222457886
2023-11-21,0.13197511434555054
2023-11-22,0.1301044225692749
2023-11-24,0.13081634044647217
2023-11-27,0.11663872003555298
2023-11-28,0.12298436462879181
2023-11-29,0.12040873616933823
2023-11-30,0.12061148881912231
2023-12-01,0.12407992780208588
2023-12-04,0.12972882390022278
2023-12-05,0.12661786377429962
2023-12-06,0.15190990269184113
2023-12-07,0.1385531723499298
2023-12-08,0.13482800126075745
2023-12-11,0.13851800560951233
2023-12-12,0.14981403946876526
2023-12-13,0.1348305195569992
2023-12-14,0.14386330544948578
2023-12-18,0.1481810361146927
2023-12-19,0.1380625069141388
2023-12-20,0.1273663341999054
2023-12-21,0.13561834394931793
2023-12-22,0.1363471895456314
2023-12-26,0.1242557168006897
2023-12-27,0.11220207065343857
2023-12-28,0.11544902622699738
2023-12-29,0.11055387556552887
2024-01-02,0.11608400195837021
2024-01-03,0.14252638816833496
2024-01-04,0.1418495774269104
2024-01-05,0.14427591860294342
2024-01-08,0.16207891702651978
2024-01-09,0.14479389786720276
2024-01-10,0.14103665947914124
2024-01-11,0.13744966685771942
2024-01-12,0.14879150688648224
2024-01-16,0.13741454482078552
2024-01-17,0.1550094187259674
2024-01-18,0.1491377204656601
2024-01-19,0.15612004697322845
2024-01-22,0.1484365314245224
2024-01-23,0.1514941155910492
2024-01-24,0.1428588181734085
2024-01-25,0.1419030725955963
2024-01-26,0.1490137130022049
2024-01-29,0.13985967636108398
2024-01-30,0.1393251121044159
2024-01-31,0.15431924164295197
2024-02-01,0.17752423882484436
2024-02-02,0.18004199862480164
2024-02-05,0.22156774997711182
2024-02-06,0.19826248288154602
2024-02-07,0.1718076467514038
2024-02-08,0.16435489058494568
2024-02-09,0.1428711861371994
2024-02-12,0.13417620956897736
2024-02-13,0.13176295161247253
2024-02-14,0.14103727042675018
2024-02-15,0.14106419682502747
2024-02-16,0.1509770154953003
2024-02-20,0.1474684178829193
2024-02-21,0.14759206771850586
2024-02-22,0.14996899664402008
2024-02-23,0.14786191284656525
2024-02-26,0.13728871941566467
2024-02-27,0.13130924105644226
2024-02-28,0.15255574882030487
2024-02-29,0.1434262990951538
2024-03-01,0.16223570704460144
2024-03-04,0.15650875866413116
2024-03-05,0.17976787686347961
2024-03-06,0.18547670543193817
2024-03-07,0.1834135502576828
2024-03-08,0.16766509413719177
2024-03-11,0.18902114033699036
2024-03-12,0.19909732043743134
2024-03-13,0.18090251088142395
2024-03-15,0.15492673218250275
2024-03-18,0.17728887498378754
2024-03-19,0.18321643769741058
2024-03-20,0.1624710112810135
2024-03-21,0.16145479679107666
2024-03-22,0.19899041950702667
2024-03-25,0.17237289249897003
2024-03-26,0.15354564785957336
2024-03-27,0.15395042300224304
2024-03-28,0.15651912987232208
2024-04-01,0.15959906578063965
2024-04-02,0.13594800233840942
2024-04-03,0.13653308153152466
2024-04-04,0.14314332604408264
2024-04-05,0.14637215435504913
2024-04-09,0.1420358121395111
2024-04-10,0.13910473883152008
2024-04-11,0.15258483588695526
2024-04-12,0.1622120440006256
2024-04-15,0.18778161704540253
2024-04-16,0.19395722448825836
2024-04-17,0.21038973331451416
2024-04-18,0.18267413973808289
2024-04-19,0.17305786907672882
2024-04-22,0.18242564797401428
2024-04-23,0.16650167107582092
2024-04-24,0.15593872964382172
2024-04-25,0.1588762253522873
2024-04-26,0.17073068022727966
2024-04-29,0.14964242279529572
2024-04-30,0.16838358342647552
2024-05-01,0.1769026815891266
2024-05-02,0.20471616089344025
2024-05-03,0.1899779736995697
2024-05-06,0.22797591984272003
2024-05-07,0.19462279975414276
2024-05-08,0.18304204940795898
2024-05-09,0.1582469642162323
2024-05-10,0.14484788477420807
2024-05-13,0.14468033611774445
2024-05-14,0.13976022601127625
2024-05-15,0.13593639433383942
2024-05-16,0.13027331233024597
2024-05-17,0.12945690751075745
2024-05-20,0.12384553253650665
2024-05-21,0.12284231185913086
2024-05-22,0.11617229878902435
2024-05-23,0.12342523038387299
2024-05-24,0.13570350408554077
2024-05-28,0.12790457904338837
2024-05-29,0.14024518430233002
2024-05-30,0.13902254402637482
2024-05-31,0.1437310129404068
2024-06-03,0.16129809617996216
2024-06-04,0.16568663716316223
2024-06-05,0.1552189290523529
2024-06-06,0.14708714187145233
2024-06-07,0.13543663918972015
2024-06-10,0.1390811949968338
2024-06-11,0.2256842404603958
2024-06-12,0.23924520611763
2024-06-13,0.3099743723869324
2024-06-14,0.2601790726184845
2024-06-17,0.22589226067066193
2024-06-18,0.23699069023132324
2024-06-20,0.22607700526714325
2024-06-21,0.21872682869434357
2024-06-24,0.24088256061077118
2024-06-25,0.22389478981494904
2024-06-26,0.19494768977165222
2024-06-27,0.19879713654518127
2024-06-28,0.18709929287433624
2024-07-01,0.20306658744812012
2024-07-02,0.21533998847007751
2024-07-03,0.19436688721179962
2024-07-05,0.1921347975730896
2024-07-08,0.18150079250335693
2024-07-09,0.18728330731391907
2024-07-10,0.18111613392829895
2024-07-11,0.1780342310667038
2024-07-12,0.21849127113819122
2024-07-15,0.19771692156791687
2024-07-16,0.21786952018737793
2024-07-17,0.1936846822500229
2024-07-18,0.2148309201002121
2024-07-19,0.24986621737480164
2024-07-22,0.22565531730651855
2024-07-23,0.22467462718486786
2024-07-24,0.20589189231395721
2024-07-25,0.2219490259885788
2024-07-26,0.2620548903942108
2024-07-29,0.24574799835681915
2024-07-30,0.23036769032478333
2024-07-31,0.22071631252765656
2024-08-01,0.23781032860279083
2024-08-02,0.2571919560432434
2024-08-05,0.35046783089637756
2024-08-06,0.4447459280490875
2024-08-07,0.3628023564815521
2024-08-08,0.33521902561187744
2024-08-09,0.307399719953537
2024-08-12,0.279588520526886
2024-08-13,0.2557889223098755
2024-08-14,0.2285594493150711
2024-08-15,0.206777885556221
2024-08-16,0.19407884776592255
2024-08-19,0.16913393139839172
2024-08-20,0.15523815155029297
2024-08-21,0.15660980343818665
2024-08-22,0.1592504233121872
2024-08-23,0.1798129379749298
2024-08-26,0.1827518790960312
2024-08-27,0.16341353952884674
2024-08-28,0.16217191517353058
2024-08-29,0.17800208926200867
2024-08-30,0.21188564598560333
2024-09-03,0.19170907139778137
2024-09-04,0.20156197249889374
2024-09-05,0.21671871840953827
2024-09-06,0.20765133202075958
2024-09-09,0.22786636650562286
2024-09-10,0.25234121084213257
2024-09-11,0.22866173088550568
2024-09-12,0.23619326949119568
2024-09-13,0.2101704627275467
2024-09-16,0.1975991427898407
2024-09-17,0.21583643555641174
2024-09-18,0.20143969357013702
2024-09-19,0.26428717374801636
2024-09-20,0.19823099672794342
2024-09-23,0.23228159546852112
2024-09-24,0.20315416157245636
2024-09-25,0.17723120748996735
2024-09-26,0.17078009247779846
2024-09-27,0.16835537552833557
2024-09-30,0.15767349302768707
2024-10-01,0.18007488548755646
2024-10-02,0.18805080652236938
2024-10-03,0.1629217118024826
2024-10-04,0.16409710049629211
2024-10-07,0.16170445084571838
2024-10-08,0.16321396827697754
2024-10-09,0.15681412816047668
2024-10-10,0.14651837944984436
2024-10-14,0.14565448462963104
2024-10-15,0.14563143253326416
2024-10-16,0.17800506949424744
2024-10-17,0.15558770298957825
2024-10-18,0.1594340205192566
2024-10-21,0.16169998049736023
2024-10-22,0.1485898196697235
2024-10-23,0.1441747546195984
2024-10-24,0.2033090889453888
2024-10-25,0.16403533518314362
2024-10-28,0.16265685856342316
2024-10-29,0.15823540091514587
2024-10-30,0.15398168563842773
2024-10-31,0.1561092585325241
2024-11-01,0.17497150599956512
2024-11-04,0.20903830230236053
2024-11-05,0.1822039633989334
2024-11-06,0.1603095382452011
2024-11-07,0.18806567788124084
2024-11-08,0.1648053228855133
2024-11-11,0.14659909904003143
2024-11-12,0.14920227229595184
2024-11-13,0.1456562727689743
2024-11-14,0.14884385466575623
2024-11-15,0.1541559100151062
2024-11-18,0.15378892421722412
2024-11-19,0.1487375795841217
2024-11-20,0.1490478813648224
2024-11-21,0.1492319405078888
2024-11-22,0.16819831728935242
2024-11-25,0.1511075496673584
2024-11-26,0.16563838720321655
2024-11-27,0.16070391237735748
2024-11-29,0.15302881598472595
2024-12-02,0.13437388837337494
2024-12-03,0.144677072763443
2024-12-04,0.1321382075548172
2024-12-05,0.1326771229505539
2024-12-06,0.1303071826696396
2024-12-09,0.12633392214775085
2024-12-10,0.1437733918428421
2024-12-11,0.13747692108154297
2024-12-12,0.13833501935005188
2024-12-13,0.13390621542930603
2024-12-16,0.13392318785190582
2024-12-17,0.13565170764923096
2024-12-18,0.14024056494235992
2024-12-19,0.17731206119060516
2024-12-20,0.18042095005512238
2024-12-23,0.1821969896554947
2024-12-24,0.16214880347251892
2024-12-26,0.1392485648393631
2024-12-27,0.1416042149066925
2024-12-30,0.15596017241477966
2024-12-31,0.16346262395381927
2025-01-02,0.1568267047405243
2025-01-03,0.1944204866886139
2025-01-06,0.17032887041568756
2025-01-07,0.1683209240436554
2025-01-08,0.1759583055973053
2025-01-10,0.17866595089435577
2025-01-13,0.22064916789531708
2025-01-14,0.2046540081501007
2025-01-15,0.1795167773962021
2025-01-16,0.16986413300037384
2025-01-17,0.1975770890712738
2025-01-21,0.17382749915122986
2025-01-22,0.19990390539169312
2025-01-23,0.18799185752868652
2025-01-24,0.17937111854553223
2025-01-27,0.18198361992835999
2025-01-28,0.24650676548480988
2025-01-29,0.22848105430603027
2025-01-30,0.2260223627090454
2025-01-31,0.2137441337108612
2025-02-03,0.2709323465824127
2025-02-04,0.2742493748664856
2025-02-05,0.22433724999427795
2025-02-06,0.21099591255187988
2025-02-07,0.19899024069309235
2025-02-10,0.23421505093574524
2025-02-11,0.18525582551956177
2025-02-12,0.21891939640045166
2025-02-13,0.22373394668102264
2025-02-14,0.2147643119096756
2025-02-18,0.19901008903980255
2025-02-19,0.2091132402420044
2025-02-20,0.18622757494449615
2025-02-21,0.1942664235830307
2025-02-24,0.2039734572172165
2025-02-25,0.2189536988735199
2025-02-26,0.22202248871326447
2025-02-27,0.2300044745206833
2025-02-28,0.2348872721195221
2025-03-03,0.2559773325920105
2025-03-04,0.2685638964176178
2025-03-05,0.29968440532684326
2025-03-06,0.29474034905433655
2025-03-07,0.28847700357437134
2025-03-10,0.2895422577857971
2025-03-11,0.32509925961494446
2025-03-12,0.3437005877494812
2025-03-13,0.3110003173351288
2025-03-14,0.30023393034935
2025-03-17,0.2875891625881195
2025-03-18,0.2605680525302887
2025-03-19,0.25560346245765686
2025-03-20,0.25015780329704285
2025-03-21,0.2422940731048584
2025-03-24,0.2470639944076538
2025-03-25,0.22266630828380585
2025-03-26,0.2050451934337616
2025-03-27,0.20700767636299133
2025-03-28,0.19941507279872894
2025-03-31,0.21120207011699677
2025-04-01,0.2519918978214264
2025-04-02,0.22361218929290771
2025-04-03,0.20301249623298645
2025-04-04,0.3084903955459595
2025-04-07,0.4036799371242523
2025-04-08,0.5244494676589966
2025-04-09,0.5398179292678833
2025-04-10,0.6407051086425781
2025-04-11,0.672798216342926
2025-04-14,0.6367647051811218
2025-04-15,0.5642211437225342
2025-04-16,0.452439546585083
2025-04-17,0.4027423858642578
2025-04-21,0.37715476751327515
2025-04-22,0.2960526645183563
2025-04-23,0.30827370285987854
2025-04-24,0.35621240735054016
2025-04-25,0.2594253718852997
2025-04-28,0.27053600549697876
2025-04-29,0.2504788041114807
2025-04-30,0.23407593369483948
2025-05-01,0.26623278856277466
2025-05-02,0.2615998387336731
2025-05-05,0.27343517541885376
2025-05-06,0.24631568789482117
2025-05-07,0.24708887934684753
2025-05-08,0.3074013292789459
2025-05-09,0.24903027713298798
2025-05-12,0.22994780540466309
2025-05-13,0.24546568095684052
2025-05-14,0.21149377524852753
2025-05-15,0.2205151617527008
2025-05-16,0.2123231589794159
2025-05-19,0.19340485334396362
2025-05-20,0.21223947405815125
2025-05-21,0.18559518456459045
2025-05-22,0.24476246535778046
2025-05-23,0.21402676403522491
2025-05-27,0.2676418423652649
2025-05-28,0.20588178932666779
2025-05-29,0.19159932434558868
2025-05-30,0.2059105634689331
2025-06-02,0.20727887749671936
2025-06-03,0.18781539797782898
2025-06-04,0.1787768304347992
2025-06-05,0.20118117332458496
2025-06-06,0.2086465060710907
2025-06-09,0.1951732486486435
2025-06-10,0.22928862273693085
2025-06-11,0.217778280377388
2025-06-12,0.20210842788219452
2025-06-13,0.19230657815933228
2025-06-16,0.21357989311218262
2025-06-17,0.19683954119682312
2025-06-18,0.1781395673751831
2025-06-20,0.1915803700685501
2025-06-23,0.21697278320789337
2025-06-24,0.20364955067634583
2025-06-25,0.19681353867053986
2025-06-26,0.18428154289722443
2025-06-27,0.18311528861522675
2025-06-30,0.19113202393054962
2025-07-01,0.23802518844604492
2025-07-02,0.2347545176744461
2025-07-03,0.2298021763563156
2025-07-07,0.1870119571685791
2025-07-08,0.22467175126075745
2025-07-09,0.2006026953458786
2025-07-10,0.19421356916427612
2025-07-11,0.19460026919841766
2025-07-14,0.16527743637561798
2025-07-15,0.1653590202331543
2025-07-16,0.179108127951622
2025-07-17,0.1935434192419052
2025-07-18,0.1634034365415573
2025-07-21,0.1568237841129303
2025-07-22,0.18107084929943085
2025-07-23,0.17816990613937378
2025-07-24,0.16164132952690125
2025-07-25,0.16503457725048065
2025-07-28,0.14488337934017181
2025-07-29,0.13814733922481537
2025-07-30,0.15925411880016327
2025-07-31,0.16287997364997864
2025-08-01,0.18319374322891235
2025-08-04,0.26205912232398987
2025-08-05,0.22716304659843445
2025-08-06,0.2008567750453949
2025-08-07,0.24107985198497772
2025-08-08,0.25137338042259216
2025-08-11,0.2633294463157654
2025-08-12,0.23552413284778595
2025-08-13,0.22326329350471497
2025-08-14,0.2555980086326599
2025-08-15,0.2173503339290619
2025-08-18,0.2062569409608841
2025-08-19,0.18842732906341553
2025-08-20,0.17889520525932312
2025-08-21,0.193442702293396
2025-08-22,0.16849534213542938
2025-08-25,0.19894567131996155
2025-08-26,0.1683018058538437
2025-08-27,0.1724608838558197
2025-08-28,0.1579640507698059
2025-08-29,0.16165269911289215
2025-09-02,0.16872265934944153
2025-09-03,0.2054758071899414
2025-09-04,0.212215855717659
2025-09-05,0.18998655676841736
2025-09-08,0.2004910707473755
2025-09-09,0.18114987015724182
2025-09-10,0.23316457867622375
2025-09-11,0.22697016596794128
2025-09-12,0.19039055705070496
2025-09-15,0.20620302855968475
2025-09-16,0.19561579823493958
2025-09-17,0.2086542397737503
2025-09-18,0.19790920615196228
2025-09-19,0.18638581037521362
2025-09-22,0.22575728595256805
2025-09-23,0.2252778559923172
2025-09-24,0.20367541909217834
2025-09-25,0.17833518981933594
2025-09-26,0.19551973044872284
2025-09-29,0.18725605309009552
2025-09-30,0.16432802379131317
2025-10-01,0.16087858378887177
2025-10-02,0.1712130308151245
2025-10-03,0.16470827162265778
2025-10-06,0.169658362865448
2025-10-07,0.172332763671875
2025-10-08,0.15525847673416138
2025-10-09,0.1445704996585846
2025-10-10,0.1504340022802353
2025-10-13,0.2161680907011032
2025-10-14,0.19163988530635834
2025-10-15,0.1850350946187973
2025-10-16,0.18334519863128662
2025-10-17,0.21345338225364685
2025-10-20,0.20859649777412415
2025-10-21,0.22485581040382385
2025-10-22,0.2096576988697052
2025-10-23,0.22233712673187256
2025-10-24,0.18945100903511047
2025-10-27,0.17263922095298767
2025-10-28,0.16329464316368103
2025-10-29,0.1536426693201065
2025-10-30,0.18467643857002258
2025-11-03,0.19009089469909668
2025-11-04,0.18780919909477234
2025-11-05,0.1901600956916809
2025-11-06,0.1849953830242157
2025-11-07,0.19732357561588287
2025-11-10,0.21184805035591125
2025-11-11,0.2125018835067749
2025-11-12,0.19165675342082977
2025-11-13,0.17514047026634216
2025-11-14,0.1899842917919159
2025-11-17,0.19387570023536682
2025-11-18,0.1999983787536621
2025-11-19,0.22794699668884277
2025-11-20,0.21855998039245605
2025-11-21,0.25973525643348694
2025-11-24,0.25112465023994446
2025-11-25,0.22076468169689178
2025-11-26,0.1995048224925995
2025-11-28,0.16554678976535797
2025-12-01,0.14229977130889893
2025-12-02,0.14345736801624298
2025-12-03,0.16241277754306793
2025-12-04,0.16907794773578644
2025-12-05,0.16014322638511658
2025-12-08,0.14460213482379913
2025-12-09,0.14967738091945648
2025-12-10,0.14296087622642517
2025-12-11,0.15751515328884125
2025-12-12,0.16328811645507812
2025-12-15,0.1758641004562378
2025-12-16,0.18798048794269562
2025-12-17,0.18334797024726868
2025-12-18,0.18061837553977966
2025-12-19,0.2109474241733551
2025-12-22,0.20885631442070007
2025-12-23,0.16776157915592194
2025-12-24,0.14552129805088043
2025-12-26,0.12526710331439972
2025-12-29,0.11706855148077011
2025-12-30,0.1186445951461792
2025-12-31,0.11382021009922028
2026-01-02,0.114876389503479
2026-01-05,0.1555643081665039
2026-01-06,0.17847678065299988
2026-01-07,0.1946829855442047
2026-01-08,0.18395040929317474
2026-01-09,0.19727544486522675
2026-01-12,0.18648770451545715
2026-01-13,0.19840914011001587
2026-01-14,0.18678981065750122
2026-01-15,0.19427892565727234
2026-01-16,0.17997387051582336
2026-01-20,0.1618625372648239
2026-01-21,0.21165962517261505
2026-01-22,0.2346871793270111
2026-01-23,0.21000513434410095
2026-01-26,0.1908734142780304
2026-01-27,0.2005343735218048
2026-01-28,0.18760786950588226
2026-01-29,0.18442927300930023
2026-01-30,0.2128143012523651
2026-02-02,0.2877744734287262
2026-02-03,0.2804063558578491
2026-02-04,0.28384634852409363
2026-02-05,0.29350125789642334
2026-02-06,0.30395618081092834
2026-02-09,0.25952285528182983
2026-02-10,0.23249420523643494
2026-02-11,0.19560758769512177
2026-02-12,0.2529902756214142
2026-02-13,0.26782509684562683
2026-02-17,0.27346163988113403
2026-02-18,0.2752302289009094
2026-02-19,0.2322988510131836
2026-02-20,0.2021750658750534
2026-02-23,0.2234717309474945
2026-02-24,0.21420273184776306
2026-02-25,0.2229488641023636
2026-02-26,0.19260939955711365
2026-02-27,0.207668736577034
2026-03-02,0.23339052498340607
2026-03-03,0.24536216259002686
2026-03-04,0.27921146154403687
2026-03-05,0.24978145956993103
2026-03-06,0.24895915389060974
2026-03-10,0.2327646017074585
2026-03-11,0.2293175458908081
2026-03-12,0.19837860763072968
2026-03-13,0.2033260315656662
2026-03-16,0.20008143782615662
2026-03-17,0.19245412945747375
2026-03-18,0.1658208966255188
2026-03-19,0.17514896392822266
2026-03-20,0.19877490401268005
2026-03-23,0.21268005669116974
2026-03-24,0.23040823638439178
2026-03-25,0.2149975746870041
2026-03-26,0.19465172290802002
2026-03-27,0.2034461945295334
2026-03-30,0.22029311954975128
2026-03-31,0.2028113603591919
2026-04-01,0.2283473014831543
2026-04-02,0.2079785317182541
2026-04-06,0.2127428948879242
2026-04-07,0.19119641184806824
2026-04-08,0.25609201192855835
2026-04-09,0.2178434431552887
2026-04-10,0.18373176455497742
2026-04-15,0.15895040333271027
2026-04-16,0.17286035418510437
2026-04-17,0.17210088670253754
2026-04-20,0.1821974813938141
2026-04-21,0.17365911602973938
2026-04-23,0.19289705157279968
2026-04-24,0.1844361573457718
2026-04-27,0.16984710097312927
2026-04-28,0.16724203526973724
2026-04-29,0.18155892193317413
2026-04-30,0.1684749573469162
2026-05-01,0.20253054797649384
2026-05-04,0.29202035069465637
2026-05-07,0.25336557626724243
2026-05-08,0.23899011313915253
2026-05-11,0.21343450248241425
2026-05-12,0.19517914950847626
2026-05-13,0.19114148616790771
2026-05-14,0.1926344931125641
2026-05-15,0.18633973598480225
2026-05-18,0.19123581051826477
2026-05-19,0.19866105914115906
2026-05-20,0.1859031468629837
2026-05-21,0.18726739287376404
2026-05-22,0.17518894374370575
2026-05-26,0.16100040078163147
2026-05-27,0.16938158869743347
2026-05-28,0.17175740003585815
2026-05-29,0.16094300150871277
2026-06-01,0.1700059026479721
2026-06-02,0.182816743850708
2026-06-03,0.18051749467849731
2026-06-04,0.18836507201194763
2026-06-05,0.1813313066959381
2026-06-08,0.20911607146263123
2026-06-09,0.3113844394683838
2026-06-10,0.2931210994720459
2026-06-11,0.28140535950660706
2026-06-12,0.2524322271347046
2026-06-15,0.23868851363658905
2026-06-16,0.21474695205688477
2026-06-17,0.1961553543806076
2026-06-18,0.2179604023694992
2026-06-22,0.22052593529224396
2026-06-23,0.2145349681377411
2026-06-24,0.24766381084918976
2026-06-25,0.22661082446575165
2026-06-26,0.31726449728012085
2026-06-29,0.3519425094127655
2026-06-30,0.3118831515312195
