Symbol,PN,Type,Date,Volatility
AAPL,14593,QMLE-Trade,1996-1-2,0.170735
AAPL,14593,QMLE-Trade,1996-1-3,0.417636
AAPL,14593,QMLE-Trade,1996-1-4,0.282939
AAPL,14593,QMLE-Trade,1996-1-5,0.514619
AAPL,14593,QMLE-Trade,1996-1-8,0.303104
AAPL,14593,QMLE-Trade,1996-1-9,0.396681
AAPL,14593,QMLE-Trade,1996-1-10,0.6889
AAPL,14593,QMLE-Trade,1996-1-11,0.487402
AAPL,14593,QMLE-Trade,1996-1-12,0.479602
AAPL,14593,QMLE-Trade,1996-1-15,0.31941
AAPL,14593,QMLE-Trade,1996-1-16,0.227819
AAPL,14593,QMLE-Trade,1996-1-17,0.287041
AAPL,14593,QMLE-Trade,1996-1-18,0.661692
AAPL,14593,QMLE-Trade,1996-1-19,0.338709
AAPL,14593,QMLE-Trade,1996-1-22,0.424841
AAPL,14593,QMLE-Trade,1996-1-23,0.68555
AAPL,14593,QMLE-Trade,1996-1-24,0.206386
AAPL,14593,QMLE-Trade,1996-1-25,0.514922
AAPL,14593,QMLE-Trade,1996-1-26,0.857171
AAPL,14593,QMLE-Trade,1996-1-29,0.460257
AAPL,14593,QMLE-Trade,1996-1-30,0.685724
AAPL,14593,QMLE-Trade,1996-1-31,0.336212
AAPL,14593,QMLE-Trade,1996-2-1,0.258663
AAPL,14593,QMLE-Trade,1996-2-2,0.344989
AAPL,14593,QMLE-Trade,1996-2-5,0.186572
AAPL,14593,QMLE-Trade,1996-2-6,0.242538
AAPL,14593,QMLE-Trade,1996-2-7,0.770292
AAPL,14593,QMLE-Trade,1996-2-8,0.237634
AAPL,14593,QMLE-Trade,1996-2-9,0.292234
AAPL,14593,QMLE-Trade,1996-2-12,0.167127
AAPL,14593,QMLE-Trade,1996-2-13,0.482045
AAPL,14593,QMLE-Trade,1996-2-14,0.235115
AAPL,14593,QMLE-Trade,1996-2-15,0.261643
AAPL,14593,QMLE-Trade,1996-2-16,0.235697
AAPL,14593,QMLE-Trade,1996-2-20,0.00507046
AAPL,14593,QMLE-Trade,1996-2-21,0.215581
AAPL,14593,QMLE-Trade,1996-2-22,0.164821
AAPL,14593,QMLE-Trade,1996-2-23,0.116842
AAPL,14593,QMLE-Trade,1996-2-26,0.178832
AAPL,14593,QMLE-Trade,1996-2-27,0.247372
AAPL,14593,QMLE-Trade,1996-2-28,0.281555
AAPL,14593,QMLE-Trade,1996-2-29,0.157305
AAPL,14593,QMLE-Trade,1996-3-1,0.254006
AAPL,14593,QMLE-Trade,1996-3-4,0.273711
AAPL,14593,QMLE-Trade,1996-3-5,0.167945
AAPL,14593,QMLE-Trade,1996-3-6,0.24925
AAPL,14593,QMLE-Trade,1996-3-7,0.374309
AAPL,14593,QMLE-Trade,1996-3-8,0.307247
AAPL,14593,QMLE-Trade,1996-3-11,0.244324
AAPL,14593,QMLE-Trade,1996-3-12,0.324722
AAPL,14593,QMLE-Trade,1996-3-13,0.156871
AAPL,14593,QMLE-Trade,1996-3-14,0.139776
AAPL,14593,QMLE-Trade,1996-3-15,0.244686
AAPL,14593,QMLE-Trade,1996-3-18,0.130482
AAPL,14593,QMLE-Trade,1996-3-19,0.196074
AAPL,14593,QMLE-Trade,1996-3-20,0.224594
AAPL,14593,QMLE-Trade,1996-3-21,0.20732
AAPL,14593,QMLE-Trade,1996-3-22,0.165018
AAPL,14593,QMLE-Trade,1996-3-25,0.393844
AAPL,14593,QMLE-Trade,1996-3-26,0.427687
AAPL,14593,QMLE-Trade,1996-3-27,0.613172
AAPL,14593,QMLE-Trade,1996-3-28,0.47179
AAPL,14593,QMLE-Trade,1996-3-29,0.344861
AAPL,14593,QMLE-Trade,1996-4-1,0.384933
AAPL,14593,QMLE-Trade,1996-4-2,0.288298
AAPL,14593,QMLE-Trade,1996-4-3,0.205695
AAPL,14593,QMLE-Trade,1996-4-4,0.199299
AAPL,14593,QMLE-Trade,1996-4-8,0.262151
AAPL,14593,QMLE-Trade,1996-4-9,0.409169
AAPL,14593,QMLE-Trade,1996-4-10,0.298232
AAPL,14593,QMLE-Trade,1996-4-11,0.292543
AAPL,14593,QMLE-Trade,1996-4-12,0.252499
AAPL,14593,QMLE-Trade,1996-4-15,0.247532
AAPL,14593,QMLE-Trade,1996-4-16,0.121482
AAPL,14593,QMLE-Trade,1996-4-17,0.236627
AAPL,14593,QMLE-Trade,1996-4-18,0.381046
AAPL,14593,QMLE-Trade,1996-4-19,0.274149
AAPL,14593,QMLE-Trade,1996-4-22,0.25266
AAPL,14593,QMLE-Trade,1996-4-23,0.172499
AAPL,14593,QMLE-Trade,1996-4-24,0.19121
AAPL,14593,QMLE-Trade,1996-4-25,0.244227
AAPL,14593,QMLE-Trade,1996-4-26,0.18249
AAPL,14593,QMLE-Trade,1996-4-29,0.173865
AAPL,14593,QMLE-Trade,1996-4-30,0.234277
AAPL,14593,QMLE-Trade,1996-5-1,0.256334
AAPL,14593,QMLE-Trade,1996-5-2,0.330341
AAPL,14593,QMLE-Trade,1996-5-3,0.306589
AAPL,14593,QMLE-Trade,1996-5-6,0.417466
AAPL,14593,QMLE-Trade,1996-5-7,0.334623
AAPL,14593,QMLE-Trade,1996-5-8,0.460659
AAPL,14593,QMLE-Trade,1996-5-9,0.265506
AAPL,14593,QMLE-Trade,1996-5-10,0.373324
AAPL,14593,QMLE-Trade,1996-5-13,0.441758
AAPL,14593,QMLE-Trade,1996-5-14,0.189854
AAPL,14593,QMLE-Trade,1996-5-15,0.326141
AAPL,14593,QMLE-Trade,1996-5-16,0.235756
AAPL,14593,QMLE-Trade,1996-5-17,0.205993
AAPL,14593,QMLE-Trade,1996-5-20,0.182112
AAPL,14593,QMLE-Trade,1996-5-21,0.211505
AAPL,14593,QMLE-Trade,1996-5-22,0.345032
AAPL,14593,QMLE-Trade,1996-5-23,0.312683
AAPL,14593,QMLE-Trade,1996-5-24,0.305448
AAPL,14593,QMLE-Trade,1996-5-28,0.333078
AAPL,14593,QMLE-Trade,1996-5-29,0.328122
AAPL,14593,QMLE-Trade,1996-5-30,0.313215
AAPL,14593,QMLE-Trade,1996-5-31,0.390131
AAPL,14593,QMLE-Trade,1996-6-3,0.379491
AAPL,14593,QMLE-Trade,1996-6-4,0.195802
AAPL,14593,QMLE-Trade,1996-6-5,0.325867
AAPL,14593,QMLE-Trade,1996-6-6,0.360364
AAPL,14593,QMLE-Trade,1996-6-7,0.323215
AAPL,14593,QMLE-Trade,1996-6-10,0.17978
AAPL,14593,QMLE-Trade,1996-6-11,0.0876358
AAPL,14593,QMLE-Trade,1996-6-12,0.197472
AAPL,14593,QMLE-Trade,1996-6-13,0.250943
AAPL,14593,QMLE-Trade,1996-6-14,0.218301
AAPL,14593,QMLE-Trade,1996-6-17,0.215196
AAPL,14593,QMLE-Trade,1996-6-18,0.325638
AAPL,14593,QMLE-Trade,1996-6-19,0.343242
AAPL,14593,QMLE-Trade,1996-6-20,0.249895
AAPL,14593,QMLE-Trade,1996-6-21,0.130624
AAPL,14593,QMLE-Trade,1996-6-24,0.180465
AAPL,14593,QMLE-Trade,1996-6-25,0.40934
AAPL,14593,QMLE-Trade,1996-6-26,0.389879
AAPL,14593,QMLE-Trade,1996-6-27,0.481744
AAPL,14593,QMLE-Trade,1996-6-28,0.11797
AAPL,14593,QMLE-Trade,1996-7-1,0.153687
AAPL,14593,QMLE-Trade,1996-7-2,0.303641
AAPL,14593,QMLE-Trade,1996-7-3,0.319288
AAPL,14593,QMLE-Trade,1996-7-5,0.201081
AAPL,14593,QMLE-Trade,1996-7-8,0.239941
AAPL,14593,QMLE-Trade,1996-7-9,0.323169
AAPL,14593,QMLE-Trade,1996-7-10,0.261593
AAPL,14593,QMLE-Trade,1996-7-11,0.496075
AAPL,14593,QMLE-Trade,1996-7-12,0.523079
AAPL,14593,QMLE-Trade,1996-7-15,0.333873
AAPL,14593,QMLE-Trade,1996-7-16,0.570914
AAPL,14593,QMLE-Trade,1996-7-17,0.310766
AAPL,14593,QMLE-Trade,1996-7-18,0.510133
AAPL,14593,QMLE-Trade,1996-7-19,0.237975
AAPL,14593,QMLE-Trade,1996-7-22,0.372897
AAPL,14593,QMLE-Trade,1996-7-23,0.200041
AAPL,14593,QMLE-Trade,1996-7-24,0.32717
AAPL,14593,QMLE-Trade,1996-7-25,0.302271
AAPL,14593,QMLE-Trade,1996-7-26,0.288027
AAPL,14593,QMLE-Trade,1996-7-29,0.251027
AAPL,14593,QMLE-Trade,1996-7-30,0.396405
AAPL,14593,QMLE-Trade,1996-7-31,0.322147
AAPL,14593,QMLE-Trade,1996-8-1,0.258606
AAPL,14593,QMLE-Trade,1996-8-2,0.305728
AAPL,14593,QMLE-Trade,1996-8-5,0.334209
AAPL,14593,QMLE-Trade,1996-8-6,0.218124
AAPL,14593,QMLE-Trade,1996-8-7,0.357204
AAPL,14593,QMLE-Trade,1996-8-8,0.296355
AAPL,14593,QMLE-Trade,1996-8-9,0.410289
AAPL,14593,QMLE-Trade,1996-8-12,0.381093
AAPL,14593,QMLE-Trade,1996-8-13,0.257655
AAPL,14593,QMLE-Trade,1996-8-14,0.211656
AAPL,14593,QMLE-Trade,1996-8-15,0.176852
AAPL,14593,QMLE-Trade,1996-8-16,0.171131
AAPL,14593,QMLE-Trade,1996-8-19,0.323605
AAPL,14593,QMLE-Trade,1996-8-20,0.190427
AAPL,14593,QMLE-Trade,1996-8-21,0.237321
AAPL,14593,QMLE-Trade,1996-8-22,0.153346
AAPL,14593,QMLE-Trade,1996-8-23,0.396527
AAPL,14593,QMLE-Trade,1996-8-26,0.20813
AAPL,14593,QMLE-Trade,1996-8-27,0.361342
AAPL,14593,QMLE-Trade,1996-8-28,0.334724
AAPL,14593,QMLE-Trade,1996-8-29,0.169487
AAPL,14593,QMLE-Trade,1996-8-30,0.182228
AAPL,14593,QMLE-Trade,1996-9-3,0.268605
AAPL,14593,QMLE-Trade,1996-9-4,0.324388
AAPL,14593,QMLE-Trade,1996-9-5,0.231752
AAPL,14593,QMLE-Trade,1996-9-6,0.372203
AAPL,14593,QMLE-Trade,1996-9-9,0.257783
AAPL,14593,QMLE-Trade,1996-9-10,0.264552
AAPL,14593,QMLE-Trade,1996-9-11,0.252712
AAPL,14593,QMLE-Trade,1996-9-12,0.35507
AAPL,14593,QMLE-Trade,1996-9-13,0.391584
AAPL,14593,QMLE-Trade,1996-9-16,0.399295
AAPL,14593,QMLE-Trade,1996-9-17,0.300916
AAPL,14593,QMLE-Trade,1996-9-18,0.443536
AAPL,14593,QMLE-Trade,1996-9-19,0.233983
AAPL,14593,QMLE-Trade,1996-9-20,0.338631
AAPL,14593,QMLE-Trade,1996-9-23,0.179854
AAPL,14593,QMLE-Trade,1996-9-24,0.288799
AAPL,14593,QMLE-Trade,1996-9-25,0.215889
AAPL,14593,QMLE-Trade,1996-9-26,0.139862
AAPL,14593,QMLE-Trade,1996-9-27,0.0887955
AAPL,14593,QMLE-Trade,1996-9-30,0.179743
AAPL,14593,QMLE-Trade,1996-10-1,0.707331
AAPL,14593,QMLE-Trade,1996-10-2,0.444328
AAPL,14593,QMLE-Trade,1996-10-3,0.392905
AAPL,14593,QMLE-Trade,1996-10-4,0.366917
AAPL,14593,QMLE-Trade,1996-10-7,0.25563
AAPL,14593,QMLE-Trade,1996-10-8,0.340152
AAPL,14593,QMLE-Trade,1996-10-9,0.277816
AAPL,14593,QMLE-Trade,1996-10-10,0.280769
AAPL,14593,QMLE-Trade,1996-10-11,0.236426
AAPL,14593,QMLE-Trade,1996-10-14,0.315162
AAPL,14593,QMLE-Trade,1996-10-15,0.341142
AAPL,14593,QMLE-Trade,1996-10-16,0.444697
AAPL,14593,QMLE-Trade,1996-10-17,0.421807
AAPL,14593,QMLE-Trade,1996-10-18,0.178161
AAPL,14593,QMLE-Trade,1996-10-21,0.282153
AAPL,14593,QMLE-Trade,1996-10-22,0.421554
AAPL,14593,QMLE-Trade,1996-10-23,0.292956
AAPL,14593,QMLE-Trade,1996-10-24,0.253894
AAPL,14593,QMLE-Trade,1996-10-25,0.137171
AAPL,14593,QMLE-Trade,1996-10-28,0.186097
AAPL,14593,QMLE-Trade,1996-10-29,0.359876
AAPL,14593,QMLE-Trade,1996-10-30,0.512221
AAPL,14593,QMLE-Trade,1996-10-31,0.422978
AAPL,14593,QMLE-Trade,1996-11-1,0.386804
AAPL,14593,QMLE-Trade,1996-11-4,0.30544
AAPL,14593,QMLE-Trade,1996-11-5,0.507407
AAPL,14593,QMLE-Trade,1996-11-6,0.256223
AAPL,14593,QMLE-Trade,1996-11-7,0.276207
AAPL,14593,QMLE-Trade,1996-11-8,0.201335
AAPL,14593,QMLE-Trade,1996-11-11,0.188097
AAPL,14593,QMLE-Trade,1996-11-12,0.262401
AAPL,14593,QMLE-Trade,1996-11-13,0.328876
AAPL,14593,QMLE-Trade,1996-11-14,0.180421
AAPL,14593,QMLE-Trade,1996-11-15,0.329511
AAPL,14593,QMLE-Trade,1996-11-18,0.310743
AAPL,14593,QMLE-Trade,1996-11-19,0.293119
AAPL,14593,QMLE-Trade,1996-11-20,0.211055
AAPL,14593,QMLE-Trade,1996-11-21,0.203611
AAPL,14593,QMLE-Trade,1996-11-22,0.223353
AAPL,14593,QMLE-Trade,1996-11-25,0.128019
AAPL,14593,QMLE-Trade,1996-11-26,0.29888
AAPL,14593,QMLE-Trade,1996-11-27,0.20733
AAPL,14593,QMLE-Trade,1996-11-29,0.293846
AAPL,14593,QMLE-Trade,1996-12-2,0.326351
AAPL,14593,QMLE-Trade,1996-12-3,0.225731
AAPL,14593,QMLE-Trade,1996-12-4,0.204361
AAPL,14593,QMLE-Trade,1996-12-5,0.113363
AAPL,14593,QMLE-Trade,1996-12-6,0.363386
AAPL,14593,QMLE-Trade,1996-12-9,0.138786
AAPL,14593,QMLE-Trade,1996-12-10,0.375416
AAPL,14593,QMLE-Trade,1996-12-11,0.236925
AAPL,14593,QMLE-Trade,1996-12-12,0.120421
AAPL,14593,QMLE-Trade,1996-12-13,0.217128
AAPL,14593,QMLE-Trade,1996-12-16,0.354798
AAPL,14593,QMLE-Trade,1996-12-17,0.104542
AAPL,14593,QMLE-Trade,1996-12-18,0.285848
AAPL,14593,QMLE-Trade,1996-12-19,0.277826
AAPL,14593,QMLE-Trade,1996-12-20,0.650345
AAPL,14593,QMLE-Trade,1996-12-23,0.329941
AAPL,14593,QMLE-Trade,1996-12-24,0.230957
AAPL,14593,QMLE-Trade,1996-12-26,0.098459
AAPL,14593,QMLE-Trade,1996-12-27,0.211508
AAPL,14593,QMLE-Trade,1996-12-30,0.363163
AAPL,14593,QMLE-Trade,1996-12-31,0.39631
AAPL,14593,QMLE-Trade,1997-1-2,0.192512
AAPL,14593,QMLE-Trade,1997-1-3,0.427296
AAPL,14593,QMLE-Trade,1997-1-6,0.451301
AAPL,14593,QMLE-Trade,1997-1-7,0.288097
AAPL,14593,QMLE-Trade,1997-1-8,0.264334
AAPL,14593,QMLE-Trade,1997-1-9,0.230484
AAPL,14593,QMLE-Trade,1997-1-10,0.185448
AAPL,14593,QMLE-Trade,1997-1-13,0.138082
AAPL,14593,QMLE-Trade,1997-1-14,0.311463
AAPL,14593,QMLE-Trade,1997-1-15,0.214931
AAPL,14593,QMLE-Trade,1997-1-16,0.177487
AAPL,14593,QMLE-Trade,1997-1-17,0.264182
AAPL,14593,QMLE-Trade,1997-1-20,0.21724
AAPL,14593,QMLE-Trade,1997-1-21,0.288563
AAPL,14593,QMLE-Trade,1997-1-22,0.356992
AAPL,14593,QMLE-Trade,1997-1-23,0.236013
AAPL,14593,QMLE-Trade,1997-1-24,0.244741
AAPL,14593,QMLE-Trade,1997-1-27,0.268412
AAPL,14593,QMLE-Trade,1997-1-28,0.247332
AAPL,14593,QMLE-Trade,1997-1-29,0.105947
AAPL,14593,QMLE-Trade,1997-1-30,0.097692
AAPL,14593,QMLE-Trade,1997-1-31,0.00835064
AAPL,14593,QMLE-Trade,1997-2-3,0.248286
AAPL,14593,QMLE-Trade,1997-2-4,0.44165
AAPL,14593,QMLE-Trade,1997-2-5,0.218304
AAPL,14593,QMLE-Trade,1997-2-6,0.370235
AAPL,14593,QMLE-Trade,1997-2-7,0.366977
AAPL,14593,QMLE-Trade,1997-2-10,0.265974
AAPL,14593,QMLE-Trade,1997-2-11,0.231056
AAPL,14593,QMLE-Trade,1997-2-12,0.140139
AAPL,14593,QMLE-Trade,1997-2-13,0.288343
AAPL,14593,QMLE-Trade,1997-2-14,0.36704
AAPL,14593,QMLE-Trade,1997-2-18,0.461418
AAPL,14593,QMLE-Trade,1997-2-19,0.469648
AAPL,14593,QMLE-Trade,1997-2-20,0.307978
AAPL,14593,QMLE-Trade,1997-2-21,0.39764
AAPL,14593,QMLE-Trade,1997-2-24,0.30949
AAPL,14593,QMLE-Trade,1997-2-25,0.286754
AAPL,14593,QMLE-Trade,1997-2-26,0.268054
AAPL,14593,QMLE-Trade,1997-2-27,0.246097
AAPL,14593,QMLE-Trade,1997-2-28,0.246809
AAPL,14593,QMLE-Trade,1997-3-3,0.225294
AAPL,14593,QMLE-Trade,1997-3-4,0.301149
AAPL,14593,QMLE-Trade,1997-3-5,0.260909
AAPL,14593,QMLE-Trade,1997-3-6,0.265828
AAPL,14593,QMLE-Trade,1997-3-7,0.203542
AAPL,14593,QMLE-Trade,1997-3-10,0.179266
AAPL,14593,QMLE-Trade,1997-3-11,0.295142
AAPL,14593,QMLE-Trade,1997-3-12,0.392988
AAPL,14593,QMLE-Trade,1997-3-13,0.18137
AAPL,14593,QMLE-Trade,1997-3-14,0.405622
AAPL,14593,QMLE-Trade,1997-3-17,0.266041
AAPL,14593,QMLE-Trade,1997-3-18,0.296268
AAPL,14593,QMLE-Trade,1997-3-19,0.274267
AAPL,14593,QMLE-Trade,1997-3-20,0.678861
AAPL,14593,QMLE-Trade,1997-3-21,0.526549
AAPL,14593,QMLE-Trade,1997-3-24,0.233458
AAPL,14593,QMLE-Trade,1997-3-25,0.283058
AAPL,14593,QMLE-Trade,1997-3-26,0.432713
AAPL,14593,QMLE-Trade,1997-3-27,0.846487
AAPL,14593,QMLE-Trade,1997-3-31,0.893879
AAPL,14593,QMLE-Trade,1997-4-1,0.364329
AAPL,14593,QMLE-Trade,1997-4-2,0.292768
AAPL,14593,QMLE-Trade,1997-4-3,0.330114
AAPL,14593,QMLE-Trade,1997-4-4,0.294086
AAPL,14593,QMLE-Trade,1997-4-7,0.392956
AAPL,14593,QMLE-Trade,1997-4-8,0.405172
AAPL,14593,QMLE-Trade,1997-4-9,0.167147
AAPL,14593,QMLE-Trade,1997-4-10,0.287961
AAPL,14593,QMLE-Trade,1997-4-11,0.254877
AAPL,14593,QMLE-Trade,1997-4-14,0.376447
AAPL,14593,QMLE-Trade,1997-4-15,0.343633
AAPL,14593,QMLE-Trade,1997-4-16,0.518544
AAPL,14593,QMLE-Trade,1997-4-17,0.395939
AAPL,14593,QMLE-Trade,1997-4-18,0.344485
AAPL,14593,QMLE-Trade,1997-4-21,0.271942
AAPL,14593,QMLE-Trade,1997-4-22,0.221978
AAPL,14593,QMLE-Trade,1997-4-23,0.143313
AAPL,14593,QMLE-Trade,1997-4-24,0.272169
AAPL,14593,QMLE-Trade,1997-4-25,0.166374
AAPL,14593,QMLE-Trade,1997-4-28,0.403349
AAPL,14593,QMLE-Trade,1997-4-29,0.186849
AAPL,14593,QMLE-Trade,1997-4-30,0.388208
AAPL,14593,QMLE-Trade,1997-5-1,0.234953
AAPL,14593,QMLE-Trade,1997-5-2,0.148114
AAPL,14593,QMLE-Trade,1997-5-5,0.0993478
AAPL,14593,QMLE-Trade,1997-5-6,0.0755011
AAPL,14593,QMLE-Trade,1997-5-7,0.284039
AAPL,14593,QMLE-Trade,1997-5-8,0.274259
AAPL,14593,QMLE-Trade,1997-5-9,0.271898
AAPL,14593,QMLE-Trade,1997-5-12,0.302669
AAPL,14593,QMLE-Trade,1997-5-13,0.595366
AAPL,14593,QMLE-Trade,1997-5-14,0.27398
AAPL,14593,QMLE-Trade,1997-5-15,0.280652
AAPL,14593,QMLE-Trade,1997-5-16,0.123104
AAPL,14593,QMLE-Trade,1997-5-19,0.260287
AAPL,14593,QMLE-Trade,1997-5-20,0.256995
AAPL,14593,QMLE-Trade,1997-5-21,0.369912
AAPL,14593,QMLE-Trade,1997-5-22,0.210524
AAPL,14593,QMLE-Trade,1997-5-23,0.168843
AAPL,14593,QMLE-Trade,1997-5-27,0.374998
AAPL,14593,QMLE-Trade,1997-5-28,0.241625
AAPL,14593,QMLE-Trade,1997-5-29,0.176878
AAPL,14593,QMLE-Trade,1997-5-30,0.144618
AAPL,14593,QMLE-Trade,1997-6-2,0.23378
AAPL,14593,QMLE-Trade,1997-6-3,0.137757
AAPL,14593,QMLE-Trade,1997-6-4,0.129322
AAPL,14593,QMLE-Trade,1997-6-5,0.30734
AAPL,14593,QMLE-Trade,1997-6-6,0.124176
AAPL,14593,QMLE-Trade,1997-6-9,0.230715
AAPL,14593,QMLE-Trade,1997-6-10,0.309719
AAPL,14593,QMLE-Trade,1997-6-11,0.0877805
AAPL,14593,QMLE-Trade,1997-6-12,0.167108
AAPL,14593,QMLE-Trade,1997-6-13,0.143938
AAPL,14593,QMLE-Trade,1997-6-16,0.235842
AAPL,14593,QMLE-Trade,1997-6-17,0.397356
AAPL,14593,QMLE-Trade,1997-6-18,0.328727
AAPL,14593,QMLE-Trade,1997-6-19,0.142434
AAPL,14593,QMLE-Trade,1997-6-20,0.102594
AAPL,14593,QMLE-Trade,1997-6-23,0.128843
AAPL,14593,QMLE-Trade,1997-6-24,0.120134
AAPL,14593,QMLE-Trade,1997-6-25,0.294074
AAPL,14593,QMLE-Trade,1997-6-26,0.308707
AAPL,14593,QMLE-Trade,1997-6-27,0.0914954
AAPL,14593,QMLE-Trade,1997-6-30,0.31759
AAPL,14593,QMLE-Trade,1997-7-1,0.435606
AAPL,14593,QMLE-Trade,1997-7-2,0.312974
AAPL,14593,QMLE-Trade,1997-7-3,0.754116
AAPL,14593,QMLE-Trade,1997-7-7,0.358554
AAPL,14593,QMLE-Trade,1997-7-8,0.251944
AAPL,14593,QMLE-Trade,1997-7-9,0.291805
AAPL,14593,QMLE-Trade,1997-7-10,0.508222
AAPL,14593,QMLE-Trade,1997-7-11,0.686518
AAPL,14593,QMLE-Trade,1997-7-14,0.395255
AAPL,14593,QMLE-Trade,1997-7-15,0.177052
AAPL,14593,QMLE-Trade,1997-7-16,0.373479
AAPL,14593,QMLE-Trade,1997-7-17,0.502762
AAPL,14593,QMLE-Trade,1997-7-18,0.220362
AAPL,14593,QMLE-Trade,1997-7-21,0.625073
AAPL,14593,QMLE-Trade,1997-7-22,0.325433
AAPL,14593,QMLE-Trade,1997-7-23,0.415766
AAPL,14593,QMLE-Trade,1997-7-24,0.288372
AAPL,14593,QMLE-Trade,1997-7-25,0.440607
AAPL,14593,QMLE-Trade,1997-7-28,0.170782
AAPL,14593,QMLE-Trade,1997-7-29,0.134451
AAPL,14593,QMLE-Trade,1997-7-30,0.55092
AAPL,14593,QMLE-Trade,1997-7-31,0.291454
AAPL,14593,QMLE-Trade,1997-8-1,0.51582
AAPL,14593,QMLE-Trade,1997-8-4,0.455189
AAPL,14593,QMLE-Trade,1997-8-5,0.270333
AAPL,14593,QMLE-Trade,1997-8-6,0.487226
AAPL,14593,QMLE-Trade,1997-8-7,0.358765
AAPL,14593,QMLE-Trade,1997-8-8,0.477386
AAPL,14593,QMLE-Trade,1997-8-11,0.542523
AAPL,14593,QMLE-Trade,1997-8-12,0.62021
AAPL,14593,QMLE-Trade,1997-8-13,0.880252
AAPL,14593,QMLE-Trade,1997-8-14,0.652844
AAPL,14593,QMLE-Trade,1997-8-15,0.345868
AAPL,14593,QMLE-Trade,1997-8-18,0.378092
AAPL,14593,QMLE-Trade,1997-8-19,0.404909
AAPL,14593,QMLE-Trade,1997-8-20,0.39142
AAPL,14593,QMLE-Trade,1997-8-21,0.357873
AAPL,14593,QMLE-Trade,1997-8-22,0.397487
AAPL,14593,QMLE-Trade,1997-8-25,0.252128
AAPL,14593,QMLE-Trade,1997-8-26,0.319283
AAPL,14593,QMLE-Trade,1997-8-27,0.46496
AAPL,14593,QMLE-Trade,1997-8-28,0.32079
AAPL,14593,QMLE-Trade,1997-8-29,0.33379
AAPL,14593,QMLE-Trade,1997-9-2,0.332262
AAPL,14593,QMLE-Trade,1997-9-3,0.388727
AAPL,14593,QMLE-Trade,1997-9-4,0.304503
AAPL,14593,QMLE-Trade,1997-9-5,0.415306
AAPL,14593,QMLE-Trade,1997-9-8,0.255929
AAPL,14593,QMLE-Trade,1997-9-9,0.266809
AAPL,14593,QMLE-Trade,1997-9-10,0.425768
AAPL,14593,QMLE-Trade,1997-9-11,0.423503
AAPL,14593,QMLE-Trade,1997-9-12,0.35832
AAPL,14593,QMLE-Trade,1997-9-15,0.391696
AAPL,14593,QMLE-Trade,1997-9-16,0.24051
AAPL,14593,QMLE-Trade,1997-9-17,0.178192
AAPL,14593,QMLE-Trade,1997-9-18,0.35967
AAPL,14593,QMLE-Trade,1997-9-19,0.231332
AAPL,14593,QMLE-Trade,1997-9-22,0.363726
AAPL,14593,QMLE-Trade,1997-9-23,0.298221
AAPL,14593,QMLE-Trade,1997-9-24,0.185471
AAPL,14593,QMLE-Trade,1997-9-25,0.291201
AAPL,14593,QMLE-Trade,1997-9-26,0.369978
AAPL,14593,QMLE-Trade,1997-9-29,0.335291
AAPL,14593,QMLE-Trade,1997-9-30,0.271835
AAPL,14593,QMLE-Trade,1997-10-1,0.241348
AAPL,14593,QMLE-Trade,1997-10-2,0.314202
AAPL,14593,QMLE-Trade,1997-10-3,0.253383
AAPL,14593,QMLE-Trade,1997-10-6,0.202582
AAPL,14593,QMLE-Trade,1997-10-7,0.0426806
AAPL,14593,QMLE-Trade,1997-10-8,0.151652
AAPL,14593,QMLE-Trade,1997-10-9,0.618985
AAPL,14593,QMLE-Trade,1997-10-10,0.521485
AAPL,14593,QMLE-Trade,1997-10-13,0.273179
AAPL,14593,QMLE-Trade,1997-10-14,0.333592
AAPL,14593,QMLE-Trade,1997-10-15,0.674275
AAPL,14593,QMLE-Trade,1997-10-16,0.544497
AAPL,14593,QMLE-Trade,1997-10-17,0.45714
AAPL,14593,QMLE-Trade,1997-10-20,0.445844
AAPL,14593,QMLE-Trade,1997-10-21,0.282997
AAPL,14593,QMLE-Trade,1997-10-22,0.302367
AAPL,14593,QMLE-Trade,1997-10-23,0.431441
AAPL,14593,QMLE-Trade,1997-10-24,0.756109
AAPL,14593,QMLE-Trade,1997-10-27,0.987089
AAPL,14593,QMLE-Trade,1997-10-28,0.856495
AAPL,14593,QMLE-Trade,1997-10-29,0.754732
AAPL,14593,QMLE-Trade,1997-10-30,0.294209
AAPL,14593,QMLE-Trade,1997-10-31,0.409108
AAPL,14593,QMLE-Trade,1997-11-3,0.40986
AAPL,14593,QMLE-Trade,1997-11-4,0.394555
AAPL,14593,QMLE-Trade,1997-11-5,0.266139
AAPL,14593,QMLE-Trade,1997-11-6,0.387247
AAPL,14593,QMLE-Trade,1997-11-7,0.498507
AAPL,14593,QMLE-Trade,1997-11-10,1.02044
AAPL,14593,QMLE-Trade,1997-11-11,0.471058
AAPL,14593,QMLE-Trade,1997-11-12,0.544421
AAPL,14593,QMLE-Trade,1997-11-13,0.437909
AAPL,14593,QMLE-Trade,1997-11-14,0.162412
AAPL,14593,QMLE-Trade,1997-11-17,0.237635
AAPL,14593,QMLE-Trade,1997-11-18,0.209128
AAPL,14593,QMLE-Trade,1997-11-19,0.216116
AAPL,14593,QMLE-Trade,1997-11-20,0.205614
AAPL,14593,QMLE-Trade,1997-11-21,0.321728
AAPL,14593,QMLE-Trade,1997-11-24,0.358436
AAPL,14593,QMLE-Trade,1997-11-25,0.610558
AAPL,14593,QMLE-Trade,1997-11-26,0.175082
AAPL,14593,QMLE-Trade,1997-11-28,0.00010339
AAPL,14593,QMLE-Trade,1997-12-1,0.417037
AAPL,14593,QMLE-Trade,1997-12-2,0.668151
AAPL,14593,QMLE-Trade,1997-12-3,0.321528
AAPL,14593,QMLE-Trade,1997-12-4,0.26128
AAPL,14593,QMLE-Trade,1997-12-5,0.33073
AAPL,14593,QMLE-Trade,1997-12-8,0.161024
AAPL,14593,QMLE-Trade,1997-12-9,0.391279
AAPL,14593,QMLE-Trade,1997-12-10,0.453678
AAPL,14593,QMLE-Trade,1997-12-11,0.529854
AAPL,14593,QMLE-Trade,1997-12-12,0.312189
AAPL,14593,QMLE-Trade,1997-12-15,0.317292
AAPL,14593,QMLE-Trade,1997-12-16,0.319676
AAPL,14593,QMLE-Trade,1997-12-17,0.360416
AAPL,14593,QMLE-Trade,1997-12-18,0.185748
AAPL,14593,QMLE-Trade,1997-12-19,0.432385
AAPL,14593,QMLE-Trade,1997-12-22,0.528166
AAPL,14593,QMLE-Trade,1997-12-23,0.369265
AAPL,14593,QMLE-Trade,1997-12-24,0.298489
AAPL,14593,QMLE-Trade,1997-12-26,0.306056
AAPL,14593,QMLE-Trade,1997-12-29,0.359327
AAPL,14593,QMLE-Trade,1997-12-30,0.474313
AAPL,14593,QMLE-Trade,1997-12-31,0.571111
AAPL,14593,QMLE-Trade,1998-1-2,1.02891
AAPL,14593,QMLE-Trade,1998-1-5,0.640256
AAPL,14593,QMLE-Trade,1998-1-6,3
AAPL,14593,QMLE-Trade,1998-1-7,0.598266
AAPL,14593,QMLE-Trade,1998-1-8,0.728736
AAPL,14593,QMLE-Trade,1998-1-9,0.834719
AAPL,14593,QMLE-Trade,1998-1-12,0.870505
AAPL,14593,QMLE-Trade,1998-1-13,0.339233
AAPL,14593,QMLE-Trade,1998-1-14,0.403063
AAPL,14593,QMLE-Trade,1998-1-15,0.595277
AAPL,14593,QMLE-Trade,1998-1-16,0.379013
AAPL,14593,QMLE-Trade,1998-1-20,0.34664
AAPL,14593,QMLE-Trade,1998-1-21,0.328083
AAPL,14593,QMLE-Trade,1998-1-22,0.439375
AAPL,14593,QMLE-Trade,1998-1-23,0.292913
AAPL,14593,QMLE-Trade,1998-1-26,0.42157
AAPL,14593,QMLE-Trade,1998-1-27,0.389566
AAPL,14593,QMLE-Trade,1998-1-28,0.368727
AAPL,14593,QMLE-Trade,1998-1-29,0.226872
AAPL,14593,QMLE-Trade,1998-1-30,0.356648
AAPL,14593,QMLE-Trade,1998-2-2,0.49826
AAPL,14593,QMLE-Trade,1998-2-3,0.403647
AAPL,14593,QMLE-Trade,1998-2-4,0.220556
AAPL,14593,QMLE-Trade,1998-2-5,0.308419
AAPL,14593,QMLE-Trade,1998-2-6,0.292873
AAPL,14593,QMLE-Trade,1998-2-9,0.365709
AAPL,14593,QMLE-Trade,1998-2-10,0.19594
AAPL,14593,QMLE-Trade,1998-2-11,0.27028
AAPL,14593,QMLE-Trade,1998-2-12,0.204847
AAPL,14593,QMLE-Trade,1998-2-13,0.334888
AAPL,14593,QMLE-Trade,1998-2-17,0.191773
AAPL,14593,QMLE-Trade,1998-2-18,0.487996
AAPL,14593,QMLE-Trade,1998-2-19,0.538752
AAPL,14593,QMLE-Trade,1998-2-20,0.296905
AAPL,14593,QMLE-Trade,1998-2-23,0.515396
AAPL,14593,QMLE-Trade,1998-2-24,0.371074
AAPL,14593,QMLE-Trade,1998-2-25,0.567738
AAPL,14593,QMLE-Trade,1998-2-26,0.492299
AAPL,14593,QMLE-Trade,1998-2-27,0.453761
AAPL,14593,QMLE-Trade,1998-3-2,0.373195
AAPL,14593,QMLE-Trade,1998-3-3,0.385284
AAPL,14593,QMLE-Trade,1998-3-4,0.444976
AAPL,14593,QMLE-Trade,1998-3-5,0.610964
AAPL,14593,QMLE-Trade,1998-3-6,0.430749
AAPL,14593,QMLE-Trade,1998-3-9,0.416699
AAPL,14593,QMLE-Trade,1998-3-10,0.538973
AAPL,14593,QMLE-Trade,1998-3-11,0.508689
AAPL,14593,QMLE-Trade,1998-3-12,0.476117
AAPL,14593,QMLE-Trade,1998-3-13,0.343915
AAPL,14593,QMLE-Trade,1998-3-16,0.387418
AAPL,14593,QMLE-Trade,1998-3-17,0.321502
AAPL,14593,QMLE-Trade,1998-3-18,0.303374
AAPL,14593,QMLE-Trade,1998-3-19,0.186932
AAPL,14593,QMLE-Trade,1998-3-20,0.406674
AAPL,14593,QMLE-Trade,1998-3-23,0.565814
AAPL,14593,QMLE-Trade,1998-3-24,0.394055
AAPL,14593,QMLE-Trade,1998-3-25,0.499764
AAPL,14593,QMLE-Trade,1998-3-26,0.3215
AAPL,14593,QMLE-Trade,1998-3-27,0.369009
AAPL,14593,QMLE-Trade,1998-3-30,0.302521
AAPL,14593,QMLE-Trade,1998-3-31,0.298248
AAPL,14593,QMLE-Trade,1998-4-1,0.195584
AAPL,14593,QMLE-Trade,1998-4-2,0.24679
AAPL,14593,QMLE-Trade,1998-4-3,0.182476
AAPL,14593,QMLE-Trade,1998-4-6,0.283201
AAPL,14593,QMLE-Trade,1998-4-7,0.415964
AAPL,14593,QMLE-Trade,1998-4-8,0.344295
AAPL,14593,QMLE-Trade,1998-4-9,0.346741
AAPL,14593,QMLE-Trade,1998-4-13,0.40872
AAPL,14593,QMLE-Trade,1998-4-14,0.383149
AAPL,14593,QMLE-Trade,1998-4-15,0.297545
AAPL,14593,QMLE-Trade,1998-4-16,0.335513
AAPL,14593,QMLE-Trade,1998-4-17,0.253633
AAPL,14593,QMLE-Trade,1998-4-20,0.354852
AAPL,14593,QMLE-Trade,1998-4-21,0.269119
AAPL,14593,QMLE-Trade,1998-4-22,0.356112
AAPL,14593,QMLE-Trade,1998-4-23,0.505561
AAPL,14593,QMLE-Trade,1998-4-24,0.535476
AAPL,14593,QMLE-Trade,1998-4-27,0.312358
AAPL,14593,QMLE-Trade,1998-4-28,0.440006
AAPL,14593,QMLE-Trade,1998-4-29,0.295984
AAPL,14593,QMLE-Trade,1998-4-30,0.27537
AAPL,14593,QMLE-Trade,1998-5-1,0.331587
AAPL,14593,QMLE-Trade,1998-5-4,0.303075
AAPL,14593,QMLE-Trade,1998-5-5,0.207749
AAPL,14593,QMLE-Trade,1998-5-6,0.395921
AAPL,14593,QMLE-Trade,1998-5-7,0.264866
AAPL,14593,QMLE-Trade,1998-5-8,0.253644
AAPL,14593,QMLE-Trade,1998-5-11,0.236598
AAPL,14593,QMLE-Trade,1998-5-12,0.30779
AAPL,14593,QMLE-Trade,1998-5-13,0.376743
AAPL,14593,QMLE-Trade,1998-5-14,0.29466
AAPL,14593,QMLE-Trade,1998-5-15,0.357764
AAPL,14593,QMLE-Trade,1998-5-18,0.324833
AAPL,14593,QMLE-Trade,1998-5-19,0.0537987
AAPL,14593,QMLE-Trade,1998-5-20,0.285475
AAPL,14593,QMLE-Trade,1998-5-21,0.332049
AAPL,14593,QMLE-Trade,1998-5-22,0.47811
AAPL,14593,QMLE-Trade,1998-5-26,0.386608
AAPL,14593,QMLE-Trade,1998-5-27,0.622784
AAPL,14593,QMLE-Trade,1998-5-28,0.46698
AAPL,14593,QMLE-Trade,1998-5-29,0.37016
AAPL,14593,QMLE-Trade,1998-6-1,0.5801
AAPL,14593,QMLE-Trade,1998-6-2,0.603922
AAPL,14593,QMLE-Trade,1998-6-3,0.316796
AAPL,14593,QMLE-Trade,1998-6-4,0.383986
AAPL,14593,QMLE-Trade,1998-6-5,0.345245
AAPL,14593,QMLE-Trade,1998-6-8,0.339528
AAPL,14593,QMLE-Trade,1998-6-9,0.254831
AAPL,14593,QMLE-Trade,1998-6-10,0.533234
AAPL,14593,QMLE-Trade,1998-6-11,0.257279
AAPL,14593,QMLE-Trade,1998-6-12,0.501092
AAPL,14593,QMLE-Trade,1998-6-15,0.388034
AAPL,14593,QMLE-Trade,1998-6-16,0.335549
AAPL,14593,QMLE-Trade,1998-6-17,0.320029
AAPL,14593,QMLE-Trade,1998-6-18,0.235939
AAPL,14593,QMLE-Trade,1998-6-19,0.417753
AAPL,14593,QMLE-Trade,1998-6-22,0.264962
AAPL,14593,QMLE-Trade,1998-6-23,0.329587
AAPL,14593,QMLE-Trade,1998-6-24,0.534985
AAPL,14593,QMLE-Trade,1998-6-25,0.188537
AAPL,14593,QMLE-Trade,1998-6-26,0.324698
AAPL,14593,QMLE-Trade,1998-6-29,0.198432
AAPL,14593,QMLE-Trade,1998-6-30,0.304153
AAPL,14593,QMLE-Trade,1998-7-1,0.330735
AAPL,14593,QMLE-Trade,1998-7-2,0.283743
AAPL,14593,QMLE-Trade,1998-7-6,0.389632
AAPL,14593,QMLE-Trade,1998-7-7,0.341655
AAPL,14593,QMLE-Trade,1998-7-8,0.493335
AAPL,14593,QMLE-Trade,1998-7-9,0.543621
AAPL,14593,QMLE-Trade,1998-7-10,0.186074
AAPL,14593,QMLE-Trade,1998-7-13,0.433399
AAPL,14593,QMLE-Trade,1998-7-14,0.357008
AAPL,14593,QMLE-Trade,1998-7-15,0.298064
AAPL,14593,QMLE-Trade,1998-7-16,0.578629
AAPL,14593,QMLE-Trade,1998-7-17,0.36968
AAPL,14593,QMLE-Trade,1998-7-20,0.320697
AAPL,14593,QMLE-Trade,1998-7-21,0.341999
AAPL,14593,QMLE-Trade,1998-7-22,0.477171
AAPL,14593,QMLE-Trade,1998-7-23,0.416708
AAPL,14593,QMLE-Trade,1998-7-24,0.57737
AAPL,14593,QMLE-Trade,1998-7-27,0.523075
AAPL,14593,QMLE-Trade,1998-7-28,0.435921
AAPL,14593,QMLE-Trade,1998-7-29,0.597082
AAPL,14593,QMLE-Trade,1998-7-30,0.34529
AAPL,14593,QMLE-Trade,1998-7-31,0.513626
AAPL,14593,QMLE-Trade,1998-8-3,0.554787
AAPL,14593,QMLE-Trade,1998-8-4,0.785868
AAPL,14593,QMLE-Trade,1998-8-5,0.506956
AAPL,14593,QMLE-Trade,1998-8-6,0.546813
AAPL,14593,QMLE-Trade,1998-8-7,0.462582
AAPL,14593,QMLE-Trade,1998-8-10,0.323569
AAPL,14593,QMLE-Trade,1998-8-11,0.87704
AAPL,14593,QMLE-Trade,1998-8-12,0.531834
AAPL,14593,QMLE-Trade,1998-8-13,0.444023
AAPL,14593,QMLE-Trade,1998-8-14,0.368687
AAPL,14593,QMLE-Trade,1998-8-17,0.416447
AAPL,14593,QMLE-Trade,1998-8-18,0.299892
AAPL,14593,QMLE-Trade,1998-8-19,0.392781
AAPL,14593,QMLE-Trade,1998-8-20,0.281015
AAPL,14593,QMLE-Trade,1998-8-21,0.816411
AAPL,14593,QMLE-Trade,1998-8-24,0.622317
AAPL,14593,QMLE-Trade,1998-8-25,0.46857
AAPL,14593,QMLE-Trade,1998-8-26,0.472001
AAPL,14593,QMLE-Trade,1998-8-27,0.974862
AAPL,14593,QMLE-Trade,1998-8-28,0.795049
AAPL,14593,QMLE-Trade,1998-8-31,0.900376
AAPL,14593,QMLE-Trade,1998-9-1,0.9182
AAPL,14593,QMLE-Trade,1998-9-2,0.633807
AAPL,14593,QMLE-Trade,1998-9-3,0.591424
AAPL,14593,QMLE-Trade,1998-9-4,0.71952
AAPL,14593,QMLE-Trade,1998-9-8,0.276704
AAPL,14593,QMLE-Trade,1998-9-9,0.389365
AAPL,14593,QMLE-Trade,1998-9-10,0.796696
AAPL,14593,QMLE-Trade,1998-9-11,0.703178
AAPL,14593,QMLE-Trade,1998-9-14,0.495464
AAPL,14593,QMLE-Trade,1998-9-15,0.459208
AAPL,14593,QMLE-Trade,1998-9-16,0.448344
AAPL,14593,QMLE-Trade,1998-9-17,0.459871
AAPL,14593,QMLE-Trade,1998-9-18,0.400889
AAPL,14593,QMLE-Trade,1998-9-21,0.477331
AAPL,14593,QMLE-Trade,1998-9-22,0.306929
AAPL,14593,QMLE-Trade,1998-9-23,0.301982
AAPL,14593,QMLE-Trade,1998-9-24,0.445333
AAPL,14593,QMLE-Trade,1998-9-25,0.481526
AAPL,14593,QMLE-Trade,1998-9-28,0.389919
AAPL,14593,QMLE-Trade,1998-9-29,0.371639
AAPL,14593,QMLE-Trade,1998-9-30,0.348554
AAPL,14593,QMLE-Trade,1998-10-1,0.534933
AAPL,14593,QMLE-Trade,1998-10-2,0.627898
AAPL,14593,QMLE-Trade,1998-10-5,0.556401
AAPL,14593,QMLE-Trade,1998-10-6,0.436111
AAPL,14593,QMLE-Trade,1998-10-7,0.675824
AAPL,14593,QMLE-Trade,1998-10-8,0.895935
AAPL,14593,QMLE-Trade,1998-10-9,0.567054
AAPL,14593,QMLE-Trade,1998-10-12,0.501276
AAPL,14593,QMLE-Trade,1998-10-13,0.831077
AAPL,14593,QMLE-Trade,1998-10-14,1.02601
AAPL,14593,QMLE-Trade,1998-10-15,0.574313
AAPL,14593,QMLE-Trade,1998-10-16,0.493423
AAPL,14593,QMLE-Trade,1998-10-19,0.527026
AAPL,14593,QMLE-Trade,1998-10-20,0.440182
AAPL,14593,QMLE-Trade,1998-10-21,0.589845
AAPL,14593,QMLE-Trade,1998-10-22,0.501298
AAPL,14593,QMLE-Trade,1998-10-23,0.397672
AAPL,14593,QMLE-Trade,1998-10-26,0.425588
AAPL,14593,QMLE-Trade,1998-10-27,0.577021
AAPL,14593,QMLE-Trade,1998-10-28,0.498029
AAPL,14593,QMLE-Trade,1998-10-29,0.506304
AAPL,14593,QMLE-Trade,1998-10-30,0.397049
AAPL,14593,QMLE-Trade,1998-11-2,0.186354
AAPL,14593,QMLE-Trade,1998-11-3,0.290915
AAPL,14593,QMLE-Trade,1998-11-4,0.343462
AAPL,14593,QMLE-Trade,1998-11-5,0.343836
AAPL,14593,QMLE-Trade,1998-11-6,0.359557
AAPL,14593,QMLE-Trade,1998-11-9,0.503358
AAPL,14593,QMLE-Trade,1998-11-10,0.278565
AAPL,14593,QMLE-Trade,1998-11-11,0.506953
AAPL,14593,QMLE-Trade,1998-11-12,0.550602
AAPL,14593,QMLE-Trade,1998-11-13,0.37347
AAPL,14593,QMLE-Trade,1998-11-16,0.326984
AAPL,14593,QMLE-Trade,1998-11-17,0.310165
AAPL,14593,QMLE-Trade,1998-11-18,0.251155
AAPL,14593,QMLE-Trade,1998-11-19,0.477412
AAPL,14593,QMLE-Trade,1998-11-20,0.375205
AAPL,14593,QMLE-Trade,1998-11-23,0.364871
AAPL,14593,QMLE-Trade,1998-11-24,0.31155
AAPL,14593,QMLE-Trade,1998-11-25,0.267952
AAPL,14593,QMLE-Trade,1998-11-27,0.152414
AAPL,14593,QMLE-Trade,1998-11-30,0.456269
AAPL,14593,QMLE-Trade,1998-12-1,0.430331
AAPL,14593,QMLE-Trade,1998-12-2,0.691294
AAPL,14593,QMLE-Trade,1998-12-3,0.485803
AAPL,14593,QMLE-Trade,1998-12-4,0.411634
AAPL,14593,QMLE-Trade,1998-12-7,0.307972
AAPL,14593,QMLE-Trade,1998-12-8,0.463731
AAPL,14593,QMLE-Trade,1998-12-9,0.427378
AAPL,14593,QMLE-Trade,1998-12-10,0.3787
AAPL,14593,QMLE-Trade,1998-12-11,0.518997
AAPL,14593,QMLE-Trade,1998-12-14,0.440675
AAPL,14593,QMLE-Trade,1998-12-15,0.26304
AAPL,14593,QMLE-Trade,1998-12-16,0.329747
AAPL,14593,QMLE-Trade,1998-12-17,0.291653
AAPL,14593,QMLE-Trade,1998-12-18,0.552314
AAPL,14593,QMLE-Trade,1998-12-21,0.332104
AAPL,14593,QMLE-Trade,1998-12-22,0.662188
AAPL,14593,QMLE-Trade,1998-12-23,0.527505
AAPL,14593,QMLE-Trade,1998-12-24,0.30811
AAPL,14593,QMLE-Trade,1998-12-28,0.292296
AAPL,14593,QMLE-Trade,1998-12-29,0.25586
AAPL,14593,QMLE-Trade,1998-12-30,0.330573
AAPL,14593,QMLE-Trade,1998-12-31,0.26125
AAPL,14593,QMLE-Trade,1999-1-4,0.411929
AAPL,14593,QMLE-Trade,1999-1-5,0.500596
AAPL,14593,QMLE-Trade,1999-1-6,0.418042
AAPL,14593,QMLE-Trade,1999-1-7,0.675067
AAPL,14593,QMLE-Trade,1999-1-8,0.408219
AAPL,14593,QMLE-Trade,1999-1-11,0.306319
AAPL,14593,QMLE-Trade,1999-1-12,0.439121
AAPL,14593,QMLE-Trade,1999-1-13,0.633849
AAPL,14593,QMLE-Trade,1999-1-14,0.643032
AAPL,14593,QMLE-Trade,1999-1-15,0.469737
AAPL,14593,QMLE-Trade,1999-1-19,0.328721
AAPL,14593,QMLE-Trade,1999-1-20,0.325469
AAPL,14593,QMLE-Trade,1999-1-21,0.681645
AAPL,14593,QMLE-Trade,1999-1-22,0.635728
AAPL,14593,QMLE-Trade,1999-1-25,0.191317
AAPL,14593,QMLE-Trade,1999-1-26,0.256097
AAPL,14593,QMLE-Trade,1999-1-27,0.321477
AAPL,14593,QMLE-Trade,1999-1-28,0.320436
AAPL,14593,QMLE-Trade,1999-1-29,0.363483
AAPL,14593,QMLE-Trade,1999-2-1,0.350294
AAPL,14593,QMLE-Trade,1999-2-2,0.365371
AAPL,14593,QMLE-Trade,1999-2-3,0.324487
AAPL,14593,QMLE-Trade,1999-2-4,0.374744
AAPL,14593,QMLE-Trade,1999-2-5,0.519678
AAPL,14593,QMLE-Trade,1999-2-8,0.50568
AAPL,14593,QMLE-Trade,1999-2-9,0.462679
AAPL,14593,QMLE-Trade,1999-2-10,0.45062
AAPL,14593,QMLE-Trade,1999-2-11,0.275268
AAPL,14593,QMLE-Trade,1999-2-12,0.489993
AAPL,14593,QMLE-Trade,1999-2-16,0.298253
AAPL,14593,QMLE-Trade,1999-2-17,0.379563
AAPL,14593,QMLE-Trade,1999-2-18,0.419754
AAPL,14593,QMLE-Trade,1999-2-19,0.498585
AAPL,14593,QMLE-Trade,1999-2-22,0.359285
AAPL,14593,QMLE-Trade,1999-2-23,0.458278
AAPL,14593,QMLE-Trade,1999-2-24,0.403004
AAPL,14593,QMLE-Trade,1999-2-25,0.428912
AAPL,14593,QMLE-Trade,1999-2-26,0.436312
AAPL,14593,QMLE-Trade,1999-3-1,0.460573
AAPL,14593,QMLE-Trade,1999-3-2,0.0636778
AAPL,14593,QMLE-Trade,1999-3-3,0.452018
AAPL,14593,QMLE-Trade,1999-3-4,0.52514
AAPL,14593,QMLE-Trade,1999-3-5,0.436781
AAPL,14593,QMLE-Trade,1999-3-8,0.391702
AAPL,14593,QMLE-Trade,1999-3-9,0.414512
AAPL,14593,QMLE-Trade,1999-3-10,0.403215
AAPL,14593,QMLE-Trade,1999-3-11,0.437762
AAPL,14593,QMLE-Trade,1999-3-12,0.332165
AAPL,14593,QMLE-Trade,1999-3-15,0.447567
AAPL,14593,QMLE-Trade,1999-3-16,0.280183
AAPL,14593,QMLE-Trade,1999-3-17,0.426901
AAPL,14593,QMLE-Trade,1999-3-18,0.254445
AAPL,14593,QMLE-Trade,1999-3-19,0.456951
AAPL,14593,QMLE-Trade,1999-3-22,0.758327
AAPL,14593,QMLE-Trade,1999-3-23,0.575452
AAPL,14593,QMLE-Trade,1999-3-24,0.439626
AAPL,14593,QMLE-Trade,1999-3-25,0.318158
AAPL,14593,QMLE-Trade,1999-3-26,0.317503
AAPL,14593,QMLE-Trade,1999-3-29,0.380639
AAPL,14593,QMLE-Trade,1999-3-30,0.414213
AAPL,14593,QMLE-Trade,1999-3-31,0.25381
AAPL,14593,QMLE-Trade,1999-4-1,0.223924
AAPL,14593,QMLE-Trade,1999-4-5,0.327715
AAPL,14593,QMLE-Trade,1999-4-6,0.384392
AAPL,14593,QMLE-Trade,1999-4-7,0.284212
AAPL,14593,QMLE-Trade,1999-4-8,0.320509
AAPL,14593,QMLE-Trade,1999-4-9,0.263067
AAPL,14593,QMLE-Trade,1999-4-12,0.416223
AAPL,14593,QMLE-Trade,1999-4-13,0.420605
AAPL,14593,QMLE-Trade,1999-4-14,0.573847
AAPL,14593,QMLE-Trade,1999-4-15,0.437812
AAPL,14593,QMLE-Trade,1999-4-16,0.357752
AAPL,14593,QMLE-Trade,1999-4-19,0.497568
AAPL,14593,QMLE-Trade,1999-4-20,0.510334
AAPL,14593,QMLE-Trade,1999-4-21,0.32616
AAPL,14593,QMLE-Trade,1999-4-22,0.369603
AAPL,14593,QMLE-Trade,1999-4-23,0.519341
AAPL,14593,QMLE-Trade,1999-4-26,0.418259
AAPL,14593,QMLE-Trade,1999-4-27,0.490404
AAPL,14593,QMLE-Trade,1999-4-28,0.40728
AAPL,14593,QMLE-Trade,1999-4-29,0.660093
AAPL,14593,QMLE-Trade,1999-4-30,0.760614
AAPL,14593,QMLE-Trade,1999-5-3,0.630257
AAPL,14593,QMLE-Trade,1999-5-4,0.406773
AAPL,14593,QMLE-Trade,1999-5-5,0.53607
AAPL,14593,QMLE-Trade,1999-5-6,0.622975
AAPL,14593,QMLE-Trade,1999-5-7,0.586913
AAPL,14593,QMLE-Trade,1999-5-10,0.496
AAPL,14593,QMLE-Trade,1999-5-11,0.610711
AAPL,14593,QMLE-Trade,1999-5-12,0.463964
AAPL,14593,QMLE-Trade,1999-5-13,0.39537
AAPL,14593,QMLE-Trade,1999-5-14,0.489651
AAPL,14593,QMLE-Trade,1999-5-17,0.408111
AAPL,14593,QMLE-Trade,1999-5-18,0.241382
AAPL,14593,QMLE-Trade,1999-5-19,0.382673
AAPL,14593,QMLE-Trade,1999-5-20,0.374104
AAPL,14593,QMLE-Trade,1999-5-21,0.457168
AAPL,14593,QMLE-Trade,1999-5-24,0.483634
AAPL,14593,QMLE-Trade,1999-5-25,0.524076
AAPL,14593,QMLE-Trade,1999-5-26,0.549605
AAPL,14593,QMLE-Trade,1999-5-27,0.54375
AAPL,14593,QMLE-Trade,1999-5-28,0.315005
AAPL,14593,QMLE-Trade,1999-6-1,0.335657
AAPL,14593,QMLE-Trade,1999-6-2,0.640445
AAPL,14593,QMLE-Trade,1999-6-3,0.368226
AAPL,14593,QMLE-Trade,1999-6-4,0.215218
AAPL,14593,QMLE-Trade,1999-6-7,0.331066
AAPL,14593,QMLE-Trade,1999-6-8,0.237613
AAPL,14593,QMLE-Trade,1999-6-9,0.198766
AAPL,14593,QMLE-Trade,1999-6-10,0.230841
AAPL,14593,QMLE-Trade,1999-6-11,0.308648
AAPL,14593,QMLE-Trade,1999-6-14,0.334427
AAPL,14593,QMLE-Trade,1999-6-15,0.223307
AAPL,14593,QMLE-Trade,1999-6-16,0.293074
AAPL,14593,QMLE-Trade,1999-6-17,0.319133
AAPL,14593,QMLE-Trade,1999-6-18,0.355124
AAPL,14593,QMLE-Trade,1999-6-21,0.286004
AAPL,14593,QMLE-Trade,1999-6-22,0.295326
AAPL,14593,QMLE-Trade,1999-6-23,0.262297
AAPL,14593,QMLE-Trade,1999-6-24,0.274402
AAPL,14593,QMLE-Trade,1999-6-25,0.175883
AAPL,14593,QMLE-Trade,1999-6-28,0.148454
AAPL,14593,QMLE-Trade,1999-6-29,0.57037
AAPL,14593,QMLE-Trade,1999-6-30,0.486124
AAPL,14593,QMLE-Trade,1999-7-1,0.325731
AAPL,14593,QMLE-Trade,1999-7-2,0.367
AAPL,14593,QMLE-Trade,1999-7-6,0.554885
AAPL,14593,QMLE-Trade,1999-7-7,0.669707
AAPL,14593,QMLE-Trade,1999-7-8,0.57547
AAPL,14593,QMLE-Trade,1999-7-9,0.402299
AAPL,14593,QMLE-Trade,1999-7-12,0.30068
AAPL,14593,QMLE-Trade,1999-7-13,0.36773
AAPL,14593,QMLE-Trade,1999-7-14,0.451049
AAPL,14593,QMLE-Trade,1999-7-15,0.644414
AAPL,14593,QMLE-Trade,1999-7-16,0.412673
AAPL,14593,QMLE-Trade,1999-7-19,0.523799
AAPL,14593,QMLE-Trade,1999-7-20,0.549702
AAPL,14593,QMLE-Trade,1999-7-21,0.63118
AAPL,14593,QMLE-Trade,1999-7-22,0.358402
AAPL,14593,QMLE-Trade,1999-7-23,0.288254
AAPL,14593,QMLE-Trade,1999-7-26,0.275622
AAPL,14593,QMLE-Trade,1999-7-27,0.256682
AAPL,14593,QMLE-Trade,1999-7-28,0.340317
AAPL,14593,QMLE-Trade,1999-7-29,0.361383
AAPL,14593,QMLE-Trade,1999-7-30,0.305395
AAPL,14593,QMLE-Trade,1999-8-2,0.450225
AAPL,14593,QMLE-Trade,1999-8-3,0.475967
AAPL,14593,QMLE-Trade,1999-8-4,0.282134
AAPL,14593,QMLE-Trade,1999-8-5,0.417168
AAPL,14593,QMLE-Trade,1999-8-6,0.309709
AAPL,14593,QMLE-Trade,1999-8-9,0.271183
AAPL,14593,QMLE-Trade,1999-8-10,0.303365
AAPL,14593,QMLE-Trade,1999-8-11,0.491372
AAPL,14593,QMLE-Trade,1999-8-12,0.396422
AAPL,14593,QMLE-Trade,1999-8-13,0.364749
AAPL,14593,QMLE-Trade,1999-8-16,0.186182
AAPL,14593,QMLE-Trade,1999-8-17,0.327717
AAPL,14593,QMLE-Trade,1999-8-18,0.298877
AAPL,14593,QMLE-Trade,1999-8-19,0.22046
AAPL,14593,QMLE-Trade,1999-8-20,0.168828
AAPL,14593,QMLE-Trade,1999-8-23,0.209329
AAPL,14593,QMLE-Trade,1999-8-24,0.213148
AAPL,14593,QMLE-Trade,1999-8-25,0.261636
AAPL,14593,QMLE-Trade,1999-8-26,0.36481
AAPL,14593,QMLE-Trade,1999-8-27,0.283919
AAPL,14593,QMLE-Trade,1999-8-30,0.277071
AAPL,14593,QMLE-Trade,1999-8-31,0.573236
AAPL,14593,QMLE-Trade,1999-9-1,0.458149
AAPL,14593,QMLE-Trade,1999-9-2,0.442679
AAPL,14593,QMLE-Trade,1999-9-3,0.609411
AAPL,14593,QMLE-Trade,1999-9-7,0.442486
AAPL,14593,QMLE-Trade,1999-9-8,0.483321
AAPL,14593,QMLE-Trade,1999-9-9,0.308114
AAPL,14593,QMLE-Trade,1999-9-10,0.34923
AAPL,14593,QMLE-Trade,1999-9-13,0.276398
AAPL,14593,QMLE-Trade,1999-9-14,0.475675
AAPL,14593,QMLE-Trade,1999-9-15,0.357439
AAPL,14593,QMLE-Trade,1999-9-16,0.508187
AAPL,14593,QMLE-Trade,1999-9-17,0.258963
AAPL,14593,QMLE-Trade,1999-9-20,0.340263
AAPL,14593,QMLE-Trade,1999-9-21,0.344933
AAPL,14593,QMLE-Trade,1999-9-22,0.444263
AAPL,14593,QMLE-Trade,1999-9-23,0.503688
AAPL,14593,QMLE-Trade,1999-9-24,0.562042
AAPL,14593,QMLE-Trade,1999-9-27,0.561256
AAPL,14593,QMLE-Trade,1999-9-28,0.709601
AAPL,14593,QMLE-Trade,1999-9-29,0.689438
AAPL,14593,QMLE-Trade,1999-9-30,0.645292
AAPL,14593,QMLE-Trade,1999-10-1,0.508177
AAPL,14593,QMLE-Trade,1999-10-4,0.319207
AAPL,14593,QMLE-Trade,1999-10-5,0.609501
AAPL,14593,QMLE-Trade,1999-10-6,0.448492
AAPL,14593,QMLE-Trade,1999-10-7,0.383307
AAPL,14593,QMLE-Trade,1999-10-8,0.477258
AAPL,14593,QMLE-Trade,1999-10-11,0.342613
AAPL,14593,QMLE-Trade,1999-10-12,0.478677
AAPL,14593,QMLE-Trade,1999-10-13,0.58626
AAPL,14593,QMLE-Trade,1999-10-14,0.546707
AAPL,14593,QMLE-Trade,1999-10-15,0.600471
AAPL,14593,QMLE-Trade,1999-10-18,0.537733
AAPL,14593,QMLE-Trade,1999-10-19,0.615464
AAPL,14593,QMLE-Trade,1999-10-20,0.445471
AAPL,14593,QMLE-Trade,1999-10-21,0.605151
AAPL,14593,QMLE-Trade,1999-10-22,0.411999
AAPL,14593,QMLE-Trade,1999-10-25,0.412197
AAPL,14593,QMLE-Trade,1999-10-26,0.292102
AAPL,14593,QMLE-Trade,1999-10-27,0.292771
AAPL,14593,QMLE-Trade,1999-10-28,0.403857
AAPL,14593,QMLE-Trade,1999-10-29,0.354518
AAPL,14593,QMLE-Trade,1999-11-1,0.31121
AAPL,14593,QMLE-Trade,1999-11-2,0.555485
AAPL,14593,QMLE-Trade,1999-11-3,0.436426
AAPL,14593,QMLE-Trade,1999-11-4,0.4821
AAPL,14593,QMLE-Trade,1999-11-5,0.420511
AAPL,14593,QMLE-Trade,1999-11-8,0.583355
AAPL,14593,QMLE-Trade,1999-11-9,0.59464
AAPL,14593,QMLE-Trade,1999-11-10,0.639014
AAPL,14593,QMLE-Trade,1999-11-11,0.359645
AAPL,14593,QMLE-Trade,1999-11-12,0.461637
AAPL,14593,QMLE-Trade,1999-11-15,0.492585
AAPL,14593,QMLE-Trade,1999-11-16,0.431152
AAPL,14593,QMLE-Trade,1999-11-17,0.433159
AAPL,14593,QMLE-Trade,1999-11-18,0.383359
AAPL,14593,QMLE-Trade,1999-11-19,0.397829
AAPL,14593,QMLE-Trade,1999-11-22,0.288523
AAPL,14593,QMLE-Trade,1999-11-23,0.778553
AAPL,14593,QMLE-Trade,1999-11-24,0.436289
AAPL,14593,QMLE-Trade,1999-11-26,0.125089
AAPL,14593,QMLE-Trade,1999-11-29,0.59024
AAPL,14593,QMLE-Trade,1999-11-30,0.583247
AAPL,14593,QMLE-Trade,1999-12-1,0.627598
AAPL,14593,QMLE-Trade,1999-12-2,0.519426
AAPL,14593,QMLE-Trade,1999-12-3,0.39894
AAPL,14593,QMLE-Trade,1999-12-6,0.41495
AAPL,14593,QMLE-Trade,1999-12-7,0.527667
AAPL,14593,QMLE-Trade,1999-12-8,0.459486
AAPL,14593,QMLE-Trade,1999-12-9,0.678101
AAPL,14593,QMLE-Trade,1999-12-10,0.871203
AAPL,14593,QMLE-Trade,1999-12-13,0.453581
AAPL,14593,QMLE-Trade,1999-12-14,0.549329
AAPL,14593,QMLE-Trade,1999-12-15,0.744538
AAPL,14593,QMLE-Trade,1999-12-16,0.575004
AAPL,14593,QMLE-Trade,1999-12-17,0.519269
AAPL,14593,QMLE-Trade,1999-12-20,0.370347
AAPL,14593,QMLE-Trade,1999-12-21,0.578447
AAPL,14593,QMLE-Trade,1999-12-22,0.455391
AAPL,14593,QMLE-Trade,1999-12-23,0.456868
AAPL,14593,QMLE-Trade,1999-12-27,0.484559
AAPL,14593,QMLE-Trade,1999-12-28,0.47185
AAPL,14593,QMLE-Trade,1999-12-29,0.71213
AAPL,14593,QMLE-Trade,1999-12-30,0.524202
AAPL,14593,QMLE-Trade,1999-12-31,0.462572
AAPL,14593,QMLE-Trade,2000-1-3,0.803326
AAPL,14593,QMLE-Trade,2000-1-4,0.68615
AAPL,14593,QMLE-Trade,2000-1-5,1.05613
AAPL,14593,QMLE-Trade,2000-1-6,0.656024
AAPL,14593,QMLE-Trade,2000-1-7,0.780092
AAPL,14593,QMLE-Trade,2000-1-10,0.728264
AAPL,14593,QMLE-Trade,2000-1-11,0.601444
AAPL,14593,QMLE-Trade,2000-1-12,0.761007
AAPL,14593,QMLE-Trade,2000-1-13,0.706454
AAPL,14593,QMLE-Trade,2000-1-14,0.585701
AAPL,14593,QMLE-Trade,2000-1-18,0.621335
AAPL,14593,QMLE-Trade,2000-1-19,0.703962
AAPL,14593,QMLE-Trade,2000-1-20,0.453835
AAPL,14593,QMLE-Trade,2000-1-21,0.349667
AAPL,14593,QMLE-Trade,2000-1-24,0.650662
AAPL,14593,QMLE-Trade,2000-1-25,0.756898
AAPL,14593,QMLE-Trade,2000-1-26,0.530495
AAPL,14593,QMLE-Trade,2000-1-27,0.760949
AAPL,14593,QMLE-Trade,2000-1-28,0.634788
AAPL,14593,QMLE-Trade,2000-1-31,0.834991
AAPL,14593,QMLE-Trade,2000-2-1,0.661919
AAPL,14593,QMLE-Trade,2000-2-2,0.592012
AAPL,14593,QMLE-Trade,2000-2-3,0.445085
AAPL,14593,QMLE-Trade,2000-2-4,0.43783
AAPL,14593,QMLE-Trade,2000-2-7,0.522126
AAPL,14593,QMLE-Trade,2000-2-8,0.533682
AAPL,14593,QMLE-Trade,2000-2-9,0.502583
AAPL,14593,QMLE-Trade,2000-2-10,0.487255
AAPL,14593,QMLE-Trade,2000-2-11,0.53303
AAPL,14593,QMLE-Trade,2000-2-14,0.582777
AAPL,14593,QMLE-Trade,2000-2-15,0.497673
AAPL,14593,QMLE-Trade,2000-2-16,0.337454
AAPL,14593,QMLE-Trade,2000-2-17,0.239114
AAPL,14593,QMLE-Trade,2000-2-18,0.368067
AAPL,14593,QMLE-Trade,2000-2-22,0.811505
AAPL,14593,QMLE-Trade,2000-2-23,0.582636
AAPL,14593,QMLE-Trade,2000-2-24,0.503408
AAPL,14593,QMLE-Trade,2000-2-25,0.506658
AAPL,14593,QMLE-Trade,2000-2-28,0.611661
AAPL,14593,QMLE-Trade,2000-2-29,0.42474
AAPL,14593,QMLE-Trade,2000-3-1,0.82693
AAPL,14593,QMLE-Trade,2000-3-2,0.580783
AAPL,14593,QMLE-Trade,2000-3-3,0.62322
AAPL,14593,QMLE-Trade,2000-3-6,0.619764
AAPL,14593,QMLE-Trade,2000-3-7,0.601359
AAPL,14593,QMLE-Trade,2000-3-8,0.700497
AAPL,14593,QMLE-Trade,2000-3-9,0.497758
AAPL,14593,QMLE-Trade,2000-3-10,0.568537
AAPL,14593,QMLE-Trade,2000-3-13,0.525847
AAPL,14593,QMLE-Trade,2000-3-14,0.537551
AAPL,14593,QMLE-Trade,2000-3-15,0.618397
AAPL,14593,QMLE-Trade,2000-3-16,0.608613
AAPL,14593,QMLE-Trade,2000-3-17,0.508871
AAPL,14593,QMLE-Trade,2000-3-20,0.547681
AAPL,14593,QMLE-Trade,2000-3-21,0.695691
AAPL,14593,QMLE-Trade,2000-3-22,0.74383
AAPL,14593,QMLE-Trade,2000-3-23,0.609702
AAPL,14593,QMLE-Trade,2000-3-24,0.659696
AAPL,14593,QMLE-Trade,2000-3-27,0.730454
AAPL,14593,QMLE-Trade,2000-3-28,0.461789
AAPL,14593,QMLE-Trade,2000-3-29,0.561682
AAPL,14593,QMLE-Trade,2000-3-30,0.755451
AAPL,14593,QMLE-Trade,2000-3-31,0.72232
AAPL,14593,QMLE-Trade,2000-4-3,0.982483
AAPL,14593,QMLE-Trade,2000-4-4,1.46546
AAPL,14593,QMLE-Trade,2000-4-5,0.935141
AAPL,14593,QMLE-Trade,2000-4-6,0.644682
AAPL,14593,QMLE-Trade,2000-4-7,0.448111
AAPL,14593,QMLE-Trade,2000-4-10,0.637494
AAPL,14593,QMLE-Trade,2000-4-11,0.87103
AAPL,14593,QMLE-Trade,2000-4-12,0.892242
AAPL,14593,QMLE-Trade,2000-4-13,1.05954
AAPL,14593,QMLE-Trade,2000-4-14,1.03012
AAPL,14593,QMLE-Trade,2000-4-17,1.11825
AAPL,14593,QMLE-Trade,2000-4-18,0.827022
AAPL,14593,QMLE-Trade,2000-4-19,0.780556
AAPL,14593,QMLE-Trade,2000-4-20,0.593121
AAPL,14593,QMLE-Trade,2000-4-24,0.571948
AAPL,14593,QMLE-Trade,2000-4-25,0.622516
AAPL,14593,QMLE-Trade,2000-4-26,0.64955
AAPL,14593,QMLE-Trade,2000-4-27,0.724298
AAPL,14593,QMLE-Trade,2000-4-28,0.58779
AAPL,14593,QMLE-Trade,2000-5-1,0.502762
AAPL,14593,QMLE-Trade,2000-5-2,0.503259
AAPL,14593,QMLE-Trade,2000-5-3,0.780736
AAPL,14593,QMLE-Trade,2000-5-4,0.434406
AAPL,14593,QMLE-Trade,2000-5-5,0.427137
AAPL,14593,QMLE-Trade,2000-5-8,0.525703
AAPL,14593,QMLE-Trade,2000-5-9,0.572106
AAPL,14593,QMLE-Trade,2000-5-10,0.635815
AAPL,14593,QMLE-Trade,2000-5-11,0.54145
AAPL,14593,QMLE-Trade,2000-5-12,0.450728
AAPL,14593,QMLE-Trade,2000-5-15,0.592845
AAPL,14593,QMLE-Trade,2000-5-16,0.651821
AAPL,14593,QMLE-Trade,2000-5-17,0.494917
AAPL,14593,QMLE-Trade,2000-5-18,0.476517
AAPL,14593,QMLE-Trade,2000-5-19,0.397006
AAPL,14593,QMLE-Trade,2000-5-22,0.805112
AAPL,14593,QMLE-Trade,2000-5-23,0.867607
AAPL,14593,QMLE-Trade,2000-5-24,1.16467
AAPL,14593,QMLE-Trade,2000-5-25,0.691037
AAPL,14593,QMLE-Trade,2000-5-26,0.57901
AAPL,14593,QMLE-Trade,2000-5-30,0.682328
AAPL,14593,QMLE-Trade,2000-5-31,0.692919
AAPL,14593,QMLE-Trade,2000-6-1,0.908423
AAPL,14593,QMLE-Trade,2000-6-2,0.766073
AAPL,14593,QMLE-Trade,2000-6-5,0.573705
AAPL,14593,QMLE-Trade,2000-6-6,0.624201
AAPL,14593,QMLE-Trade,2000-6-7,0.595282
AAPL,14593,QMLE-Trade,2000-6-8,0.448739
AAPL,14593,QMLE-Trade,2000-6-9,0.521049
AAPL,14593,QMLE-Trade,2000-6-12,0.53015
AAPL,14593,QMLE-Trade,2000-6-13,0.705334
AAPL,14593,QMLE-Trade,2000-6-14,0.572096
AAPL,14593,QMLE-Trade,2000-6-15,0.586251
AAPL,14593,QMLE-Trade,2000-6-16,0.414245
AAPL,14593,QMLE-Trade,2000-6-19,0.642977
AAPL,14593,QMLE-Trade,2000-6-20,0.531835
AAPL,14593,QMLE-Trade,2000-6-21,0.775454
AAPL,14593,QMLE-Trade,2000-6-22,1.02961
AAPL,14593,QMLE-Trade,2000-6-23,0.804004
AAPL,14593,QMLE-Trade,2000-6-26,0.689662
AAPL,14593,QMLE-Trade,2000-6-27,0.590686
AAPL,14593,QMLE-Trade,2000-6-28,0.797243
AAPL,14593,QMLE-Trade,2000-6-29,0.812538
AAPL,14593,QMLE-Trade,2000-6-30,0.73124
AAPL,14593,QMLE-Trade,2000-7-3,0.488023
AAPL,14593,QMLE-Trade,2000-7-5,0.551127
AAPL,14593,QMLE-Trade,2000-7-6,0.701774
AAPL,14593,QMLE-Trade,2000-7-7,0.520279
AAPL,14593,QMLE-Trade,2000-7-10,0.693976
AAPL,14593,QMLE-Trade,2000-7-11,0.652744
AAPL,14593,QMLE-Trade,2000-7-12,0.583839
AAPL,14593,QMLE-Trade,2000-7-13,0.647316
AAPL,14593,QMLE-Trade,2000-7-14,0.508271
AAPL,14593,QMLE-Trade,2000-7-17,0.388774
AAPL,14593,QMLE-Trade,2000-7-18,0.51379
AAPL,14593,QMLE-Trade,2000-7-19,0.599973
AAPL,14593,QMLE-Trade,2000-7-20,0.568866
AAPL,14593,QMLE-Trade,2000-7-21,0.512551
AAPL,14593,QMLE-Trade,2000-7-24,0.666371
AAPL,14593,QMLE-Trade,2000-7-25,0.529367
AAPL,14593,QMLE-Trade,2000-7-26,0.482134
AAPL,14593,QMLE-Trade,2000-7-27,0.544304
AAPL,14593,QMLE-Trade,2000-7-28,0.750389
AAPL,14593,QMLE-Trade,2000-7-31,0.73424
AAPL,14593,QMLE-Trade,2000-8-1,0.532291
AAPL,14593,QMLE-Trade,2000-8-2,0.55567
AAPL,14593,QMLE-Trade,2000-8-3,0.69923
AAPL,14593,QMLE-Trade,2000-8-4,0.692221
AAPL,14593,QMLE-Trade,2000-8-7,0.447281
AAPL,14593,QMLE-Trade,2000-8-8,0.366686
AAPL,14593,QMLE-Trade,2000-8-9,0.307693
AAPL,14593,QMLE-Trade,2000-8-10,0.340076
AAPL,14593,QMLE-Trade,2000-8-11,0.438506
AAPL,14593,QMLE-Trade,2000-8-14,0.355411
AAPL,14593,QMLE-Trade,2000-8-15,0.341428
AAPL,14593,QMLE-Trade,2000-8-16,0.338139
AAPL,14593,QMLE-Trade,2000-8-17,0.50401
AAPL,14593,QMLE-Trade,2000-8-18,0.514711
AAPL,14593,QMLE-Trade,2000-8-21,0.535721
AAPL,14593,QMLE-Trade,2000-8-22,0.425352
AAPL,14593,QMLE-Trade,2000-8-23,0.457608
AAPL,14593,QMLE-Trade,2000-8-24,0.434225
AAPL,14593,QMLE-Trade,2000-8-25,0.313065
AAPL,14593,QMLE-Trade,2000-8-28,0.323616
AAPL,14593,QMLE-Trade,2000-8-29,0.399807
AAPL,14593,QMLE-Trade,2000-8-30,0.249187
AAPL,14593,QMLE-Trade,2000-8-31,0.334491
AAPL,14593,QMLE-Trade,2000-9-1,0.407265
AAPL,14593,QMLE-Trade,2000-9-5,0.296054
AAPL,14593,QMLE-Trade,2000-9-6,0.406003
AAPL,14593,QMLE-Trade,2000-9-7,0.533451
AAPL,14593,QMLE-Trade,2000-9-8,0.475636
AAPL,14593,QMLE-Trade,2000-9-11,0.507135
AAPL,14593,QMLE-Trade,2000-9-12,0.639032
AAPL,14593,QMLE-Trade,2000-9-13,0.546704
AAPL,14593,QMLE-Trade,2000-9-14,0.389351
AAPL,14593,QMLE-Trade,2000-9-15,0.497651
AAPL,14593,QMLE-Trade,2000-9-18,0.799725
AAPL,14593,QMLE-Trade,2000-9-19,0.582474
AAPL,14593,QMLE-Trade,2000-9-20,0.563711
AAPL,14593,QMLE-Trade,2000-9-21,0.468649
AAPL,14593,QMLE-Trade,2000-9-22,0.4107
AAPL,14593,QMLE-Trade,2000-9-25,0.461207
AAPL,14593,QMLE-Trade,2000-9-26,0.590916
AAPL,14593,QMLE-Trade,2000-9-27,0.591863
AAPL,14593,QMLE-Trade,2000-9-28,0.569366
AAPL,14593,QMLE-Trade,2000-9-29,0.719513
AAPL,14593,QMLE-Trade,2000-10-2,0.537668
AAPL,14593,QMLE-Trade,2000-10-3,0.698307
AAPL,14593,QMLE-Trade,2000-10-4,0.815593
AAPL,14593,QMLE-Trade,2000-10-5,0.685359
AAPL,14593,QMLE-Trade,2000-10-6,0.538339
AAPL,14593,QMLE-Trade,2000-10-9,0.654241
AAPL,14593,QMLE-Trade,2000-10-10,0.583737
AAPL,14593,QMLE-Trade,2000-10-11,0.884955
AAPL,14593,QMLE-Trade,2000-10-12,0.709347
AAPL,14593,QMLE-Trade,2000-10-13,0.822244
AAPL,14593,QMLE-Trade,2000-10-16,0.61443
AAPL,14593,QMLE-Trade,2000-10-17,0.746113
AAPL,14593,QMLE-Trade,2000-10-18,1.26533
AAPL,14593,QMLE-Trade,2000-10-19,0.801047
AAPL,14593,QMLE-Trade,2000-10-20,0.688066
AAPL,14593,QMLE-Trade,2000-10-23,0.59824
AAPL,14593,QMLE-Trade,2000-10-24,0.561169
AAPL,14593,QMLE-Trade,2000-10-25,0.518647
AAPL,14593,QMLE-Trade,2000-10-26,0.82852
AAPL,14593,QMLE-Trade,2000-10-27,0.733224
AAPL,14593,QMLE-Trade,2000-10-30,0.69516
AAPL,14593,QMLE-Trade,2000-10-31,0.542307
AAPL,14593,QMLE-Trade,2000-11-1,0.68461
AAPL,14593,QMLE-Trade,2000-11-2,0.544143
AAPL,14593,QMLE-Trade,2000-11-3,0.5231
AAPL,14593,QMLE-Trade,2000-11-6,0.514098
AAPL,14593,QMLE-Trade,2000-11-7,0.522803
AAPL,14593,QMLE-Trade,2000-11-8,0.698298
AAPL,14593,QMLE-Trade,2000-11-9,0.88411
AAPL,14593,QMLE-Trade,2000-11-10,0.468549
AAPL,14593,QMLE-Trade,2000-11-13,0.789997
AAPL,14593,QMLE-Trade,2000-11-14,0.650812
AAPL,14593,QMLE-Trade,2000-11-15,0.525115
AAPL,14593,QMLE-Trade,2000-11-16,0.325924
AAPL,14593,QMLE-Trade,2000-11-17,0.646692
AAPL,14593,QMLE-Trade,2000-11-20,0.449688
AAPL,14593,QMLE-Trade,2000-11-21,0.549614
AAPL,14593,QMLE-Trade,2000-11-22,0.362656
AAPL,14593,QMLE-Trade,2000-11-24,0.364938
AAPL,14593,QMLE-Trade,2000-11-27,0.546518
AAPL,14593,QMLE-Trade,2000-11-28,0.351245
AAPL,14593,QMLE-Trade,2000-11-29,0.520528
AAPL,14593,QMLE-Trade,2000-11-30,0.630157
AAPL,14593,QMLE-Trade,2000-12-1,0.548524
AAPL,14593,QMLE-Trade,2000-12-4,0.54167
AAPL,14593,QMLE-Trade,2000-12-5,0.751557
AAPL,14593,QMLE-Trade,2000-12-6,0.48265
AAPL,14593,QMLE-Trade,2000-12-7,0.702689
AAPL,14593,QMLE-Trade,2000-12-8,0.707554
AAPL,14593,QMLE-Trade,2000-12-11,0.465093
AAPL,14593,QMLE-Trade,2000-12-12,0.567056
AAPL,14593,QMLE-Trade,2000-12-13,0.46475
AAPL,14593,QMLE-Trade,2000-12-14,0.474464
AAPL,14593,QMLE-Trade,2000-12-15,0.494884
AAPL,14593,QMLE-Trade,2000-12-18,0.477982
AAPL,14593,QMLE-Trade,2000-12-19,0.747932
AAPL,14593,QMLE-Trade,2000-12-20,0.648084
AAPL,14593,QMLE-Trade,2000-12-21,0.733565
AAPL,14593,QMLE-Trade,2000-12-22,0.505226
AAPL,14593,QMLE-Trade,2000-12-26,0.677169
AAPL,14593,QMLE-Trade,2000-12-27,0.525792
AAPL,14593,QMLE-Trade,2000-12-28,0.396755
AAPL,14593,QMLE-Trade,2000-12-29,0.513271
AAPL,14593,QMLE-Trade,2001-1-2,0.522743
AAPL,14593,QMLE-Trade,2001-1-3,1.18447
AAPL,14593,QMLE-Trade,2001-1-4,0.98859
AAPL,14593,QMLE-Trade,2001-1-5,0.97404
AAPL,14593,QMLE-Trade,2001-1-8,0.536558
AAPL,14593,QMLE-Trade,2001-1-9,0.894145
AAPL,14593,QMLE-Trade,2001-1-10,0.591498
AAPL,14593,QMLE-Trade,2001-1-11,0.83566
AAPL,14593,QMLE-Trade,2001-1-12,0.563765
AAPL,14593,QMLE-Trade,2001-1-16,0.310979
AAPL,14593,QMLE-Trade,2001-1-17,0.560504
AAPL,14593,QMLE-Trade,2001-1-18,0.540799
AAPL,14593,QMLE-Trade,2001-1-19,0.485829
AAPL,14593,QMLE-Trade,2001-1-22,0.844445
AAPL,14593,QMLE-Trade,2001-1-23,0.579215
AAPL,14593,QMLE-Trade,2001-1-24,0.58976
AAPL,14593,QMLE-Trade,2001-1-25,0.329932
AAPL,14593,QMLE-Trade,2001-1-26,0.427427
AAPL,14593,QMLE-Trade,2001-1-29,0.686257
AAPL,14593,QMLE-Trade,2001-1-30,0.674374
AAPL,14593,QMLE-Trade,2001-1-31,0.893644
AAPL,14593,QMLE-Trade,2001-2-1,0.66977
AAPL,14593,QMLE-Trade,2001-2-2,0.715356
AAPL,14593,QMLE-Trade,2001-2-5,0.541701
AAPL,14593,QMLE-Trade,2001-2-6,0.489961
AAPL,14593,QMLE-Trade,2001-2-7,0.611739
AAPL,14593,QMLE-Trade,2001-2-8,0.558266
AAPL,14593,QMLE-Trade,2001-2-9,0.634218
AAPL,14593,QMLE-Trade,2001-2-12,0.652047
AAPL,14593,QMLE-Trade,2001-2-13,0.545825
AAPL,14593,QMLE-Trade,2001-2-14,0.580624
AAPL,14593,QMLE-Trade,2001-2-15,0.658822
AAPL,14593,QMLE-Trade,2001-2-16,0.554444
AAPL,14593,QMLE-Trade,2001-2-20,0.464478
AAPL,14593,QMLE-Trade,2001-2-21,0.677841
AAPL,14593,QMLE-Trade,2001-2-22,0.927971
AAPL,14593,QMLE-Trade,2001-2-23,0.421367
AAPL,14593,QMLE-Trade,2001-2-26,0.771122
AAPL,14593,QMLE-Trade,2001-2-27,0.510459
AAPL,14593,QMLE-Trade,2001-2-28,0.742696
AAPL,14593,QMLE-Trade,2001-3-1,0.981974
AAPL,14593,QMLE-Trade,2001-3-2,1.02095
AAPL,14593,QMLE-Trade,2001-3-5,0.806117
AAPL,14593,QMLE-Trade,2001-3-6,0.734568
AAPL,14593,QMLE-Trade,2001-3-7,0.58893
AAPL,14593,QMLE-Trade,2001-3-8,0.512574
AAPL,14593,QMLE-Trade,2001-3-9,0.405835
AAPL,14593,QMLE-Trade,2001-3-12,1.03738
AAPL,14593,QMLE-Trade,2001-3-13,0.821896
AAPL,14593,QMLE-Trade,2001-3-14,1.56597
AAPL,14593,QMLE-Trade,2001-3-15,0.641299
AAPL,14593,QMLE-Trade,2001-3-16,0.816072
AAPL,14593,QMLE-Trade,2001-3-19,0.635768
AAPL,14593,QMLE-Trade,2001-3-20,0.559852
AAPL,14593,QMLE-Trade,2001-3-21,0.823359
AAPL,14593,QMLE-Trade,2001-3-22,0.521731
AAPL,14593,QMLE-Trade,2001-3-23,0.771197
AAPL,14593,QMLE-Trade,2001-3-26,0.514493
AAPL,14593,QMLE-Trade,2001-3-27,0.523143
AAPL,14593,QMLE-Trade,2001-3-28,0.434321
AAPL,14593,QMLE-Trade,2001-3-29,0.961045
AAPL,14593,QMLE-Trade,2001-3-30,0.67093
AAPL,14593,QMLE-Trade,2001-4-2,0.613711
AAPL,14593,QMLE-Trade,2001-4-3,0.566837
AAPL,14593,QMLE-Trade,2001-4-4,0.733732
AAPL,14593,QMLE-Trade,2001-4-5,0.65781
AAPL,14593,QMLE-Trade,2001-4-6,0.80935
AAPL,14593,QMLE-Trade,2001-4-9,0.686153
AAPL,14593,QMLE-Trade,2001-4-10,0.790418
AAPL,14593,QMLE-Trade,2001-4-11,0.780772
AAPL,14593,QMLE-Trade,2001-4-12,0.915749
AAPL,14593,QMLE-Trade,2001-4-16,0.626252
AAPL,14593,QMLE-Trade,2001-4-17,0.644503
AAPL,14593,QMLE-Trade,2001-4-18,0.969788
AAPL,14593,QMLE-Trade,2001-4-19,0.717582
AAPL,14593,QMLE-Trade,2001-4-20,0.582144
AAPL,14593,QMLE-Trade,2001-4-23,0.564865
AAPL,14593,QMLE-Trade,2001-4-24,0.792112
AAPL,14593,QMLE-Trade,2001-4-25,0.700133
AAPL,14593,QMLE-Trade,2001-4-26,0.763045
AAPL,14593,QMLE-Trade,2001-4-27,0.636406
AAPL,14593,QMLE-Trade,2001-4-30,0.597928
AAPL,14593,QMLE-Trade,2001-5-1,0.825039
AAPL,14593,QMLE-Trade,2001-5-2,0.655614
AAPL,14593,QMLE-Trade,2001-5-3,0.58534
AAPL,14593,QMLE-Trade,2001-5-4,0.819609
AAPL,14593,QMLE-Trade,2001-5-7,0.5761
AAPL,14593,QMLE-Trade,2001-5-8,0.563865
AAPL,14593,QMLE-Trade,2001-5-9,0.531121
AAPL,14593,QMLE-Trade,2001-5-10,0.472459
AAPL,14593,QMLE-Trade,2001-5-11,0.505596
AAPL,14593,QMLE-Trade,2001-5-14,0.359075
AAPL,14593,QMLE-Trade,2001-5-15,0.724152
AAPL,14593,QMLE-Trade,2001-5-16,0.606876
AAPL,14593,QMLE-Trade,2001-5-17,0.424626
AAPL,14593,QMLE-Trade,2001-5-18,0.374551
AAPL,14593,QMLE-Trade,2001-5-21,0.446862
AAPL,14593,QMLE-Trade,2001-5-22,0.429818
AAPL,14593,QMLE-Trade,2001-5-23,0.578057
AAPL,14593,QMLE-Trade,2001-5-24,0.487339
AAPL,14593,QMLE-Trade,2001-5-25,0.388425
AAPL,14593,QMLE-Trade,2001-5-29,0.558083
AAPL,14593,QMLE-Trade,2001-5-30,0.521573
AAPL,14593,QMLE-Trade,2001-5-31,0.515745
AAPL,14593,QMLE-Trade,2001-6-1,0.546381
AAPL,14593,QMLE-Trade,2001-6-4,0.503915
AAPL,14593,QMLE-Trade,2001-6-5,0.51391
AAPL,14593,QMLE-Trade,2001-6-6,0.456425
AAPL,14593,QMLE-Trade,2001-6-7,0.565891
AAPL,14593,QMLE-Trade,2001-6-8,0.558262
AAPL,14593,QMLE-Trade,2001-6-11,0.538225
AAPL,14593,QMLE-Trade,2001-6-12,0.461763
AAPL,14593,QMLE-Trade,2001-6-13,0.725555
AAPL,14593,QMLE-Trade,2001-6-14,0.509553
AAPL,14593,QMLE-Trade,2001-6-15,0.736235
AAPL,14593,QMLE-Trade,2001-6-18,0.615478
AAPL,14593,QMLE-Trade,2001-6-19,0.576109
AAPL,14593,QMLE-Trade,2001-6-20,0.694331
AAPL,14593,QMLE-Trade,2001-6-21,0.874493
AAPL,14593,QMLE-Trade,2001-6-22,0.712813
AAPL,14593,QMLE-Trade,2001-6-25,0.696623
AAPL,14593,QMLE-Trade,2001-6-26,0.423528
AAPL,14593,QMLE-Trade,2001-6-27,0.597558
AAPL,14593,QMLE-Trade,2001-6-28,0.605228
AAPL,14593,QMLE-Trade,2001-6-29,0.483612
AAPL,14593,QMLE-Trade,2001-7-2,0.495477
AAPL,14593,QMLE-Trade,2001-7-3,0.461037
AAPL,14593,QMLE-Trade,2001-7-5,0.465527
AAPL,14593,QMLE-Trade,2001-7-6,0.552401
AAPL,14593,QMLE-Trade,2001-7-9,0.546502
AAPL,14593,QMLE-Trade,2001-7-10,0.626738
AAPL,14593,QMLE-Trade,2001-7-11,0.633746
AAPL,14593,QMLE-Trade,2001-7-12,0.485085
AAPL,14593,QMLE-Trade,2001-7-13,0.536536
AAPL,14593,QMLE-Trade,2001-7-16,0.385229
AAPL,14593,QMLE-Trade,2001-7-17,0.675165
AAPL,14593,QMLE-Trade,2001-7-18,0.640526
AAPL,14593,QMLE-Trade,2001-7-19,0.525245
AAPL,14593,QMLE-Trade,2001-7-20,0.366313
AAPL,14593,QMLE-Trade,2001-7-23,0.598126
AAPL,14593,QMLE-Trade,2001-7-24,0.423145
AAPL,14593,QMLE-Trade,2001-7-25,0.715701
AAPL,14593,QMLE-Trade,2001-7-26,0.48972
AAPL,14593,QMLE-Trade,2001-7-27,0.618483
AAPL,14593,QMLE-Trade,2001-7-30,0.502876
AAPL,14593,QMLE-Trade,2001-7-31,0.630103
AAPL,14593,QMLE-Trade,2001-8-1,0.484927
AAPL,14593,QMLE-Trade,2001-8-2,0.507199
AAPL,14593,QMLE-Trade,2001-8-3,0.522234
AAPL,14593,QMLE-Trade,2001-8-6,0.458639
AAPL,14593,QMLE-Trade,2001-8-7,0.485717
AAPL,14593,QMLE-Trade,2001-8-8,0.503954
AAPL,14593,QMLE-Trade,2001-8-9,0.480514
AAPL,14593,QMLE-Trade,2001-8-10,0.470865
AAPL,14593,QMLE-Trade,2001-8-13,0.371571
AAPL,14593,QMLE-Trade,2001-8-14,0.416759
AAPL,14593,QMLE-Trade,2001-8-15,0.425458
AAPL,14593,QMLE-Trade,2001-8-16,0.327092
AAPL,14593,QMLE-Trade,2001-8-17,0.479497
AAPL,14593,QMLE-Trade,2001-8-20,0.291528
AAPL,14593,QMLE-Trade,2001-8-21,0.230618
AAPL,14593,QMLE-Trade,2001-8-22,0.507526
AAPL,14593,QMLE-Trade,2001-8-23,0.494343
AAPL,14593,QMLE-Trade,2001-8-24,0.498993
AAPL,14593,QMLE-Trade,2001-8-27,0.46101
AAPL,14593,QMLE-Trade,2001-8-28,0.459473
AAPL,14593,QMLE-Trade,2001-8-29,0.50403
AAPL,14593,QMLE-Trade,2001-8-30,0.581027
AAPL,14593,QMLE-Trade,2001-8-31,0.643452
AAPL,14593,QMLE-Trade,2001-9-4,0.683152
AAPL,14593,QMLE-Trade,2001-9-5,0.62877
AAPL,14593,QMLE-Trade,2001-9-6,0.733838
AAPL,14593,QMLE-Trade,2001-9-7,0.59642
AAPL,14593,QMLE-Trade,2001-9-10,0.478618
AAPL,14593,QMLE-Trade,2001-9-17,0.826622
AAPL,14593,QMLE-Trade,2001-9-18,0.717777
AAPL,14593,QMLE-Trade,2001-9-19,1.0276
AAPL,14593,QMLE-Trade,2001-9-20,0.999299
AAPL,14593,QMLE-Trade,2001-9-21,1.19151
AAPL,14593,QMLE-Trade,2001-9-24,0.603527
AAPL,14593,QMLE-Trade,2001-9-25,0.62521
AAPL,14593,QMLE-Trade,2001-9-26,0.417985
AAPL,14593,QMLE-Trade,2001-9-27,0.357342
AAPL,14593,QMLE-Trade,2001-9-28,0.482675
AAPL,14593,QMLE-Trade,2001-10-1,0.541387
AAPL,14593,QMLE-Trade,2001-10-2,0.702607
AAPL,14593,QMLE-Trade,2001-10-3,0.533139
AAPL,14593,QMLE-Trade,2001-10-4,0.937888
AAPL,14593,QMLE-Trade,2001-10-5,0.58137
AAPL,14593,QMLE-Trade,2001-10-8,0.699522
AAPL,14593,QMLE-Trade,2001-10-9,0.588977
AAPL,14593,QMLE-Trade,2001-10-10,0.578471
AAPL,14593,QMLE-Trade,2001-10-11,0.653799
AAPL,14593,QMLE-Trade,2001-10-12,0.72501
AAPL,14593,QMLE-Trade,2001-10-15,0.552139
AAPL,14593,QMLE-Trade,2001-10-16,0.397203
AAPL,14593,QMLE-Trade,2001-10-17,0.738503
AAPL,14593,QMLE-Trade,2001-10-18,0.603279
AAPL,14593,QMLE-Trade,2001-10-19,0.376427
AAPL,14593,QMLE-Trade,2001-10-22,0.499057
AAPL,14593,QMLE-Trade,2001-10-23,0.695343
AAPL,14593,QMLE-Trade,2001-10-24,0.724206
AAPL,14593,QMLE-Trade,2001-10-25,0.635652
AAPL,14593,QMLE-Trade,2001-10-26,0.499816
AAPL,14593,QMLE-Trade,2001-10-29,0.70933
AAPL,14593,QMLE-Trade,2001-10-30,0.620396
AAPL,14593,QMLE-Trade,2001-10-31,0.726861
AAPL,14593,QMLE-Trade,2001-11-1,0.908602
AAPL,14593,QMLE-Trade,2001-11-2,0.513958
AAPL,14593,QMLE-Trade,2001-11-5,0.431993
AAPL,14593,QMLE-Trade,2001-11-6,0.545023
AAPL,14593,QMLE-Trade,2001-11-7,0.560016
AAPL,14593,QMLE-Trade,2001-11-8,0.607869
AAPL,14593,QMLE-Trade,2001-11-9,0.486971
AAPL,14593,QMLE-Trade,2001-11-12,0.818647
AAPL,14593,QMLE-Trade,2001-11-13,0.515182
AAPL,14593,QMLE-Trade,2001-11-14,0.519536
AAPL,14593,QMLE-Trade,2001-11-15,0.494758
AAPL,14593,QMLE-Trade,2001-11-16,0.541388
AAPL,14593,QMLE-Trade,2001-11-19,0.496325
AAPL,14593,QMLE-Trade,2001-11-20,0.38561
AAPL,14593,QMLE-Trade,2001-11-21,0.496092
AAPL,14593,QMLE-Trade,2001-11-23,0.210355
AAPL,14593,QMLE-Trade,2001-11-26,0.627029
AAPL,14593,QMLE-Trade,2001-11-27,0.538922
AAPL,14593,QMLE-Trade,2001-11-28,0.520419
AAPL,14593,QMLE-Trade,2001-11-29,0.490837
AAPL,14593,QMLE-Trade,2001-11-30,0.523188
AAPL,14593,QMLE-Trade,2001-12-3,0.522064
AAPL,14593,QMLE-Trade,2001-12-4,0.528618
AAPL,14593,QMLE-Trade,2001-12-5,0.618362
AAPL,14593,QMLE-Trade,2001-12-6,0.586231
AAPL,14593,QMLE-Trade,2001-12-7,0.436898
AAPL,14593,QMLE-Trade,2001-12-10,0.452179
AAPL,14593,QMLE-Trade,2001-12-11,0.506928
AAPL,14593,QMLE-Trade,2001-12-12,0.501832
AAPL,14593,QMLE-Trade,2001-12-13,0.542846
AAPL,14593,QMLE-Trade,2001-12-14,0.438395
AAPL,14593,QMLE-Trade,2001-12-17,0.369136
AAPL,14593,QMLE-Trade,2001-12-18,0.488662
AAPL,14593,QMLE-Trade,2001-12-19,0.552522
AAPL,14593,QMLE-Trade,2001-12-20,0.384766
AAPL,14593,QMLE-Trade,2001-12-21,0.539554
AAPL,14593,QMLE-Trade,2001-12-24,0.351328
AAPL,14593,QMLE-Trade,2001-12-26,0.466076
AAPL,14593,QMLE-Trade,2001-12-27,0.445295
AAPL,14593,QMLE-Trade,2001-12-28,0.518449
AAPL,14593,QMLE-Trade,2001-12-31,0.314011
AAPL,14593,QMLE-Trade,2002-1-2,0.534108
AAPL,14593,QMLE-Trade,2002-1-3,0.26853
AAPL,14593,QMLE-Trade,2002-1-4,0.431948
AAPL,14593,QMLE-Trade,2002-1-7,0.462126
AAPL,14593,QMLE-Trade,2002-1-8,0.425694
AAPL,14593,QMLE-Trade,2002-1-9,0.482895
AAPL,14593,QMLE-Trade,2002-1-10,0.571462
AAPL,14593,QMLE-Trade,2002-1-11,0.553477
AAPL,14593,QMLE-Trade,2002-1-14,0.3634
AAPL,14593,QMLE-Trade,2002-1-15,0.443593
AAPL,14593,QMLE-Trade,2002-1-16,0.430251
AAPL,14593,QMLE-Trade,2002-1-17,0.412409
AAPL,14593,QMLE-Trade,2002-1-18,0.470173
AAPL,14593,QMLE-Trade,2002-1-22,0.228617
AAPL,14593,QMLE-Trade,2002-1-23,0.558623
AAPL,14593,QMLE-Trade,2002-1-24,0.270553
AAPL,14593,QMLE-Trade,2002-1-25,0.477992
AAPL,14593,QMLE-Trade,2002-1-28,0.415926
AAPL,14593,QMLE-Trade,2002-1-29,0.303736
AAPL,14593,QMLE-Trade,2002-1-30,0.451314
AAPL,14593,QMLE-Trade,2002-1-31,0.314565
AAPL,14593,QMLE-Trade,2002-2-1,0.364361
AAPL,14593,QMLE-Trade,2002-2-4,0.324986
AAPL,14593,QMLE-Trade,2002-2-5,0.397775
AAPL,14593,QMLE-Trade,2002-2-6,0.633777
AAPL,14593,QMLE-Trade,2002-2-7,0.50474
AAPL,14593,QMLE-Trade,2002-2-8,0.444568
AAPL,14593,QMLE-Trade,2002-2-11,0.538374
AAPL,14593,QMLE-Trade,2002-2-12,0.322159
AAPL,14593,QMLE-Trade,2002-2-13,0.232434
AAPL,14593,QMLE-Trade,2002-2-14,0.419838
AAPL,14593,QMLE-Trade,2002-2-15,0.458429
AAPL,14593,QMLE-Trade,2002-2-19,0.486923
AAPL,14593,QMLE-Trade,2002-2-20,0.455961
AAPL,14593,QMLE-Trade,2002-2-21,0.62536
AAPL,14593,QMLE-Trade,2002-2-22,0.66309
AAPL,14593,QMLE-Trade,2002-2-25,0.613903
AAPL,14593,QMLE-Trade,2002-2-26,0.538268
AAPL,14593,QMLE-Trade,2002-2-27,0.750912
AAPL,14593,QMLE-Trade,2002-2-28,0.580614
AAPL,14593,QMLE-Trade,2002-3-1,0.648087
AAPL,14593,QMLE-Trade,2002-3-4,0.512668
AAPL,14593,QMLE-Trade,2002-3-5,0.620038
AAPL,14593,QMLE-Trade,2002-3-6,0.601096
AAPL,14593,QMLE-Trade,2002-3-7,0.583358
AAPL,14593,QMLE-Trade,2002-3-8,0.448741
AAPL,14593,QMLE-Trade,2002-3-11,0.476449
AAPL,14593,QMLE-Trade,2002-3-12,0.421815
AAPL,14593,QMLE-Trade,2002-3-13,0.340517
AAPL,14593,QMLE-Trade,2002-3-14,0.360138
AAPL,14593,QMLE-Trade,2002-3-15,0.354432
AAPL,14593,QMLE-Trade,2002-3-18,0.306771
AAPL,14593,QMLE-Trade,2002-3-19,0.34905
AAPL,14593,QMLE-Trade,2002-3-20,0.264164
AAPL,14593,QMLE-Trade,2002-3-21,0.473797
AAPL,14593,QMLE-Trade,2002-3-22,0.353165
AAPL,14593,QMLE-Trade,2002-3-25,0.405819
AAPL,14593,QMLE-Trade,2002-3-26,0.391914
AAPL,14593,QMLE-Trade,2002-3-27,0.270748
AAPL,14593,QMLE-Trade,2002-3-28,0.286935
AAPL,14593,QMLE-Trade,2002-4-1,0.473595
AAPL,14593,QMLE-Trade,2002-4-2,0.341605
AAPL,14593,QMLE-Trade,2002-4-3,0.427656
AAPL,14593,QMLE-Trade,2002-4-4,0.58549
AAPL,14593,QMLE-Trade,2002-4-5,0.487892
AAPL,14593,QMLE-Trade,2002-4-8,0.488632
AAPL,14593,QMLE-Trade,2002-4-9,0.407981
AAPL,14593,QMLE-Trade,2002-4-10,0.44691
AAPL,14593,QMLE-Trade,2002-4-11,0.283733
AAPL,14593,QMLE-Trade,2002-4-12,0.315238
AAPL,14593,QMLE-Trade,2002-4-15,0.193137
AAPL,14593,QMLE-Trade,2002-4-16,0.37822
AAPL,14593,QMLE-Trade,2002-4-17,0.379482
AAPL,14593,QMLE-Trade,2002-4-18,0.397234
AAPL,14593,QMLE-Trade,2002-4-19,0.253706
AAPL,14593,QMLE-Trade,2002-4-22,0.276707
AAPL,14593,QMLE-Trade,2002-4-23,0.381821
AAPL,14593,QMLE-Trade,2002-4-24,0.334123
AAPL,14593,QMLE-Trade,2002-4-25,0.550145
AAPL,14593,QMLE-Trade,2002-4-26,0.42162
AAPL,14593,QMLE-Trade,2002-4-29,0.478621
AAPL,14593,QMLE-Trade,2002-4-30,0.383497
AAPL,14593,QMLE-Trade,2002-5-1,0.466918
AAPL,14593,QMLE-Trade,2002-5-2,0.461202
AAPL,14593,QMLE-Trade,2002-5-3,0.356893
AAPL,14593,QMLE-Trade,2002-5-6,0.359081
AAPL,14593,QMLE-Trade,2002-5-7,0.481483
AAPL,14593,QMLE-Trade,2002-5-8,0.5261
AAPL,14593,QMLE-Trade,2002-5-9,0.398565
AAPL,14593,QMLE-Trade,2002-5-10,0.500925
AAPL,14593,QMLE-Trade,2002-5-13,0.525952
AAPL,14593,QMLE-Trade,2002-5-14,0.389551
AAPL,14593,QMLE-Trade,2002-5-15,0.629601
AAPL,14593,QMLE-Trade,2002-5-16,0.439126
AAPL,14593,QMLE-Trade,2002-5-17,0.530769
AAPL,14593,QMLE-Trade,2002-5-20,0.203167
AAPL,14593,QMLE-Trade,2002-5-21,0.35721
AAPL,14593,QMLE-Trade,2002-5-22,0.484599
AAPL,14593,QMLE-Trade,2002-5-23,0.553061
AAPL,14593,QMLE-Trade,2002-5-24,0.395718
AAPL,14593,QMLE-Trade,2002-5-28,0.397543
AAPL,14593,QMLE-Trade,2002-5-29,0.392567
AAPL,14593,QMLE-Trade,2002-5-30,0.341263
AAPL,14593,QMLE-Trade,2002-5-31,0.432818
AAPL,14593,QMLE-Trade,2002-6-3,0.451587
AAPL,14593,QMLE-Trade,2002-6-4,0.468586
AAPL,14593,QMLE-Trade,2002-6-5,0.448428
AAPL,14593,QMLE-Trade,2002-6-6,0.451613
AAPL,14593,QMLE-Trade,2002-6-7,0.450004
AAPL,14593,QMLE-Trade,2002-6-10,0.314084
AAPL,14593,QMLE-Trade,2002-6-11,0.418576
AAPL,14593,QMLE-Trade,2002-6-12,0.459503
AAPL,14593,QMLE-Trade,2002-6-13,0.515974
AAPL,14593,QMLE-Trade,2002-6-14,0.798785
AAPL,14593,QMLE-Trade,2002-6-17,0.430683
AAPL,14593,QMLE-Trade,2002-6-18,0.383163
AAPL,14593,QMLE-Trade,2002-6-19,0.504728
AAPL,14593,QMLE-Trade,2002-6-20,0.479403
AAPL,14593,QMLE-Trade,2002-6-21,0.47202
AAPL,14593,QMLE-Trade,2002-6-24,0.753954
AAPL,14593,QMLE-Trade,2002-6-25,0.471339
AAPL,14593,QMLE-Trade,2002-6-26,0.680467
AAPL,14593,QMLE-Trade,2002-6-27,0.751493
AAPL,14593,QMLE-Trade,2002-6-28,0.549154
AAPL,14593,QMLE-Trade,2002-7-1,0.636608
AAPL,14593,QMLE-Trade,2002-7-2,0.337864
AAPL,14593,QMLE-Trade,2002-7-3,0.587928
AAPL,14593,QMLE-Trade,2002-7-5,0.671863
AAPL,14593,QMLE-Trade,2002-7-8,0.547376
AAPL,14593,QMLE-Trade,2002-7-9,0.625859
AAPL,14593,QMLE-Trade,2002-7-10,0.622772
AAPL,14593,QMLE-Trade,2002-7-11,0.903457
AAPL,14593,QMLE-Trade,2002-7-12,0.641225
AAPL,14593,QMLE-Trade,2002-7-15,0.790697
AAPL,14593,QMLE-Trade,2002-7-16,0.660269
AAPL,14593,QMLE-Trade,2002-7-17,0.712476
AAPL,14593,QMLE-Trade,2002-7-18,0.49594
AAPL,14593,QMLE-Trade,2002-7-19,0.575419
AAPL,14593,QMLE-Trade,2002-7-22,0.710649
AAPL,14593,QMLE-Trade,2002-7-23,0.698395
AAPL,14593,QMLE-Trade,2002-7-24,0.94709
AAPL,14593,QMLE-Trade,2002-7-25,0.920392
AAPL,14593,QMLE-Trade,2002-7-26,0.584994
AAPL,14593,QMLE-Trade,2002-7-29,0.547174
AAPL,14593,QMLE-Trade,2002-7-30,0.766705
AAPL,14593,QMLE-Trade,2002-7-31,0.5524
AAPL,14593,QMLE-Trade,2002-8-1,0.626886
AAPL,14593,QMLE-Trade,2002-8-2,0.546075
AAPL,14593,QMLE-Trade,2002-8-5,0.505886
AAPL,14593,QMLE-Trade,2002-8-6,0.721347
AAPL,14593,QMLE-Trade,2002-8-7,0.790232
AAPL,14593,QMLE-Trade,2002-8-8,0.604836
AAPL,14593,QMLE-Trade,2002-8-9,0.636569
AAPL,14593,QMLE-Trade,2002-8-12,0.22131
AAPL,14593,QMLE-Trade,2002-8-13,0.654274
AAPL,14593,QMLE-Trade,2002-8-14,0.455054
AAPL,14593,QMLE-Trade,2002-8-15,0.741723
AAPL,14593,QMLE-Trade,2002-8-16,0.561195
AAPL,14593,QMLE-Trade,2002-8-19,0.476792
AAPL,14593,QMLE-Trade,2002-8-20,0.47866
AAPL,14593,QMLE-Trade,2002-8-21,0.556374
AAPL,14593,QMLE-Trade,2002-8-22,0.47407
AAPL,14593,QMLE-Trade,2002-8-23,0.42829
AAPL,14593,QMLE-Trade,2002-8-26,0.474292
AAPL,14593,QMLE-Trade,2002-8-27,0.544287
AAPL,14593,QMLE-Trade,2002-8-28,0.475608
AAPL,14593,QMLE-Trade,2002-8-29,0.451202
AAPL,14593,QMLE-Trade,2002-8-30,0.386025
AAPL,14593,QMLE-Trade,2002-9-3,0.294856
AAPL,14593,QMLE-Trade,2002-9-4,0.546098
AAPL,14593,QMLE-Trade,2002-9-5,0.369714
AAPL,14593,QMLE-Trade,2002-9-6,0.349654
AAPL,14593,QMLE-Trade,2002-9-9,0.319765
AAPL,14593,QMLE-Trade,2002-9-10,0.304889
AAPL,14593,QMLE-Trade,2002-9-11,0.374054
AAPL,14593,QMLE-Trade,2002-9-12,0.257829
AAPL,14593,QMLE-Trade,2002-9-13,0.263088
AAPL,14593,QMLE-Trade,2002-9-16,0.284828
AAPL,14593,QMLE-Trade,2002-9-17,0.326747
AAPL,14593,QMLE-Trade,2002-9-18,0.358149
AAPL,14593,QMLE-Trade,2002-9-19,0.228105
AAPL,14593,QMLE-Trade,2002-9-20,0.238298
AAPL,14593,QMLE-Trade,2002-9-23,0.348069
AAPL,14593,QMLE-Trade,2002-9-24,0.412867
AAPL,14593,QMLE-Trade,2002-9-25,0.387961
AAPL,14593,QMLE-Trade,2002-9-26,0.504673
AAPL,14593,QMLE-Trade,2002-9-27,0.429344
AAPL,14593,QMLE-Trade,2002-9-30,0.343447
AAPL,14593,QMLE-Trade,2002-10-1,0.487799
AAPL,14593,QMLE-Trade,2002-10-2,0.522804
AAPL,14593,QMLE-Trade,2002-10-3,0.531824
AAPL,14593,QMLE-Trade,2002-10-4,0.396732
AAPL,14593,QMLE-Trade,2002-10-7,0.399054
AAPL,14593,QMLE-Trade,2002-10-8,0.493516
AAPL,14593,QMLE-Trade,2002-10-9,0.454095
AAPL,14593,QMLE-Trade,2002-10-10,0.525767
AAPL,14593,QMLE-Trade,2002-10-11,0.423228
AAPL,14593,QMLE-Trade,2002-10-14,0.336078
AAPL,14593,QMLE-Trade,2002-10-15,0.422031
AAPL,14593,QMLE-Trade,2002-10-16,0.426582
AAPL,14593,QMLE-Trade,2002-10-17,0.380793
AAPL,14593,QMLE-Trade,2002-10-18,0.368485
AAPL,14593,QMLE-Trade,2002-10-21,0.37229
AAPL,14593,QMLE-Trade,2002-10-22,0.41954
AAPL,14593,QMLE-Trade,2002-10-23,0.471001
AAPL,14593,QMLE-Trade,2002-10-24,0.424734
AAPL,14593,QMLE-Trade,2002-10-25,0.471806
AAPL,14593,QMLE-Trade,2002-10-28,0.499516
AAPL,14593,QMLE-Trade,2002-10-29,0.448791
AAPL,14593,QMLE-Trade,2002-10-30,0.509092
AAPL,14593,QMLE-Trade,2002-10-31,0.471735
AAPL,14593,QMLE-Trade,2002-11-1,0.449546
AAPL,14593,QMLE-Trade,2002-11-4,0.368708
AAPL,14593,QMLE-Trade,2002-11-5,0.414349
AAPL,14593,QMLE-Trade,2002-11-6,0.529825
AAPL,14593,QMLE-Trade,2002-11-7,0.414283
AAPL,14593,QMLE-Trade,2002-11-8,0.424859
AAPL,14593,QMLE-Trade,2002-11-11,0.412293
AAPL,14593,QMLE-Trade,2002-11-12,0.442131
AAPL,14593,QMLE-Trade,2002-11-13,0.604185
AAPL,14593,QMLE-Trade,2002-11-14,0.361201
AAPL,14593,QMLE-Trade,2002-11-15,0.386549
AAPL,14593,QMLE-Trade,2002-11-18,0.414752
AAPL,14593,QMLE-Trade,2002-11-19,0.454714
AAPL,14593,QMLE-Trade,2002-11-20,0.410047
AAPL,14593,QMLE-Trade,2002-11-21,0.426376
AAPL,14593,QMLE-Trade,2002-11-22,0.422729
AAPL,14593,QMLE-Trade,2002-11-25,0.395944
AAPL,14593,QMLE-Trade,2002-11-26,0.401393
AAPL,14593,QMLE-Trade,2002-11-27,0.377551
AAPL,14593,QMLE-Trade,2002-11-29,0.499287
AAPL,14593,QMLE-Trade,2002-12-2,0.478356
AAPL,14593,QMLE-Trade,2002-12-3,0.366209
AAPL,14593,QMLE-Trade,2002-12-4,0.594362
AAPL,14593,QMLE-Trade,2002-12-5,0.442584
AAPL,14593,QMLE-Trade,2002-12-6,0.442551
AAPL,14593,QMLE-Trade,2002-12-9,0.320021
AAPL,14593,QMLE-Trade,2002-12-10,0.361404
AAPL,14593,QMLE-Trade,2002-12-11,0.309293
AAPL,14593,QMLE-Trade,2002-12-12,0.336112
AAPL,14593,QMLE-Trade,2002-12-13,0.354206
AAPL,14593,QMLE-Trade,2002-12-16,0.389632
AAPL,14593,QMLE-Trade,2002-12-17,0.389957
AAPL,14593,QMLE-Trade,2002-12-18,0.280266
AAPL,14593,QMLE-Trade,2002-12-19,0.517905
AAPL,14593,QMLE-Trade,2002-12-20,0.393142
AAPL,14593,QMLE-Trade,2002-12-23,0.304257
AAPL,14593,QMLE-Trade,2002-12-24,0.223164
AAPL,14593,QMLE-Trade,2002-12-26,0.349873
AAPL,14593,QMLE-Trade,2002-12-27,0.310023
AAPL,14593,QMLE-Trade,2002-12-30,0.379427
AAPL,14593,QMLE-Trade,2002-12-31,0.295845
AAPL,14593,QMLE-Trade,2003-1-2,0.398673
AAPL,14593,QMLE-Trade,2003-1-3,0.383541
AAPL,14593,QMLE-Trade,2003-1-6,0.363382
AAPL,14593,QMLE-Trade,2003-1-7,0.42368
AAPL,14593,QMLE-Trade,2003-1-8,0.339588
AAPL,14593,QMLE-Trade,2003-1-9,0.351251
AAPL,14593,QMLE-Trade,2003-1-10,0.382894
AAPL,14593,QMLE-Trade,2003-1-13,0.373421
AAPL,14593,QMLE-Trade,2003-1-14,0.336035
AAPL,14593,QMLE-Trade,2003-1-15,0.352666
AAPL,14593,QMLE-Trade,2003-1-16,0.388263
AAPL,14593,QMLE-Trade,2003-1-17,0.330087
AAPL,14593,QMLE-Trade,2003-1-21,0.266462
AAPL,14593,QMLE-Trade,2003-1-22,0.299221
AAPL,14593,QMLE-Trade,2003-1-23,0.313506
AAPL,14593,QMLE-Trade,2003-1-24,0.404437
AAPL,14593,QMLE-Trade,2003-1-27,0.507093
AAPL,14593,QMLE-Trade,2003-1-28,0.34956
AAPL,14593,QMLE-Trade,2003-1-29,0.376092
AAPL,14593,QMLE-Trade,2003-1-30,0.425543
AAPL,14593,QMLE-Trade,2003-1-31,0.47326
AAPL,14593,QMLE-Trade,2003-2-3,0.382721
AAPL,14593,QMLE-Trade,2003-2-4,0.417655
AAPL,14593,QMLE-Trade,2003-2-5,0.507675
AAPL,14593,QMLE-Trade,2003-2-6,0.341302
AAPL,14593,QMLE-Trade,2003-2-7,0.298721
AAPL,14593,QMLE-Trade,2003-2-10,0.44456
AAPL,14593,QMLE-Trade,2003-2-11,0.354553
AAPL,14593,QMLE-Trade,2003-2-12,0.289637
AAPL,14593,QMLE-Trade,2003-2-13,0.353452
AAPL,14593,QMLE-Trade,2003-2-14,0.348391
AAPL,14593,QMLE-Trade,2003-2-18,0.317076
AAPL,14593,QMLE-Trade,2003-2-19,0.283556
AAPL,14593,QMLE-Trade,2003-2-20,0.273142
AAPL,14593,QMLE-Trade,2003-2-21,0.304092
AAPL,14593,QMLE-Trade,2003-2-24,0.276253
AAPL,14593,QMLE-Trade,2003-2-25,0.280364
AAPL,14593,QMLE-Trade,2003-2-26,0.273018
AAPL,14593,QMLE-Trade,2003-2-27,0.343329
AAPL,14593,QMLE-Trade,2003-2-28,0.279636
AAPL,14593,QMLE-Trade,2003-3-3,0.292886
AAPL,14593,QMLE-Trade,2003-3-4,0.281949
AAPL,14593,QMLE-Trade,2003-3-5,0.312923
AAPL,14593,QMLE-Trade,2003-3-6,0.336374
AAPL,14593,QMLE-Trade,2003-3-7,0.401535
AAPL,14593,QMLE-Trade,2003-3-10,0.239701
AAPL,14593,QMLE-Trade,2003-3-11,0.274701
AAPL,14593,QMLE-Trade,2003-3-12,0.372151
AAPL,14593,QMLE-Trade,2003-3-13,0.34764
AAPL,14593,QMLE-Trade,2003-3-14,0.41596
AAPL,14593,QMLE-Trade,2003-3-17,0.435839
AAPL,14593,QMLE-Trade,2003-3-18,0.318025
AAPL,14593,QMLE-Trade,2003-3-19,0.345881
AAPL,14593,QMLE-Trade,2003-3-20,0.359883
AAPL,14593,QMLE-Trade,2003-3-21,0.351006
AAPL,14593,QMLE-Trade,2003-3-24,0.282454
AAPL,14593,QMLE-Trade,2003-3-25,0.309528
AAPL,14593,QMLE-Trade,2003-3-26,0.278454
AAPL,14593,QMLE-Trade,2003-3-27,0.297913
AAPL,14593,QMLE-Trade,2003-3-28,0.272573
AAPL,14593,QMLE-Trade,2003-3-31,0.256889
AAPL,14593,QMLE-Trade,2003-4-1,0.29012
AAPL,14593,QMLE-Trade,2003-4-2,0.272624
AAPL,14593,QMLE-Trade,2003-4-3,0.349421
AAPL,14593,QMLE-Trade,2003-4-4,0.312689
AAPL,14593,QMLE-Trade,2003-4-7,0.266927
AAPL,14593,QMLE-Trade,2003-4-8,0.248709
AAPL,14593,QMLE-Trade,2003-4-9,0.299911
AAPL,14593,QMLE-Trade,2003-4-10,0.216159
AAPL,14593,QMLE-Trade,2003-4-11,0.687818
AAPL,14593,QMLE-Trade,2003-4-14,0.290935
AAPL,14593,QMLE-Trade,2003-4-15,0.305789
AAPL,14593,QMLE-Trade,2003-4-16,0.680024
AAPL,14593,QMLE-Trade,2003-4-17,0.401727
AAPL,14593,QMLE-Trade,2003-4-21,0.251143
AAPL,14593,QMLE-Trade,2003-4-22,0.303933
AAPL,14593,QMLE-Trade,2003-4-23,0.29397
AAPL,14593,QMLE-Trade,2003-4-24,0.502145
AAPL,14593,QMLE-Trade,2003-4-25,0.319211
AAPL,14593,QMLE-Trade,2003-4-28,0.400188
AAPL,14593,QMLE-Trade,2003-4-29,0.395629
AAPL,14593,QMLE-Trade,2003-4-30,0.3923
AAPL,14593,QMLE-Trade,2003-5-1,0.337565
AAPL,14593,QMLE-Trade,2003-5-2,0.262054
AAPL,14593,QMLE-Trade,2003-5-5,0.731618
AAPL,14593,QMLE-Trade,2003-5-6,0.610318
AAPL,14593,QMLE-Trade,2003-5-7,0.553035
AAPL,14593,QMLE-Trade,2003-5-8,0.417432
AAPL,14593,QMLE-Trade,2003-5-9,0.31959
AAPL,14593,QMLE-Trade,2003-5-12,0.431495
AAPL,14593,QMLE-Trade,2003-5-13,0.369616
AAPL,14593,QMLE-Trade,2003-5-14,0.308503
AAPL,14593,QMLE-Trade,2003-5-15,0.359817
AAPL,14593,QMLE-Trade,2003-5-16,0.326334
AAPL,14593,QMLE-Trade,2003-5-19,0.277313
AAPL,14593,QMLE-Trade,2003-5-20,0.429515
AAPL,14593,QMLE-Trade,2003-5-21,0.455286
AAPL,14593,QMLE-Trade,2003-5-22,0.31483
AAPL,14593,QMLE-Trade,2003-5-23,0.312308
AAPL,14593,QMLE-Trade,2003-5-27,0.422941
AAPL,14593,QMLE-Trade,2003-5-28,0.384072
AAPL,14593,QMLE-Trade,2003-5-29,0.444513
AAPL,14593,QMLE-Trade,2003-5-30,0.454786
AAPL,14593,QMLE-Trade,2003-6-2,0.412515
AAPL,14593,QMLE-Trade,2003-6-3,0.446812
AAPL,14593,QMLE-Trade,2003-6-4,0.43073
AAPL,14593,QMLE-Trade,2003-6-5,0.433522
AAPL,14593,QMLE-Trade,2003-6-6,0.494362
AAPL,14593,QMLE-Trade,2003-6-9,0.424722
AAPL,14593,QMLE-Trade,2003-6-10,0.417028
AAPL,14593,QMLE-Trade,2003-6-11,0.421915
AAPL,14593,QMLE-Trade,2003-6-12,0.339815
AAPL,14593,QMLE-Trade,2003-6-13,0.404561
AAPL,14593,QMLE-Trade,2003-6-16,0.389468
AAPL,14593,QMLE-Trade,2003-6-17,0.364152
AAPL,14593,QMLE-Trade,2003-6-18,0.473338
AAPL,14593,QMLE-Trade,2003-6-19,0.509627
AAPL,14593,QMLE-Trade,2003-6-20,0.473239
AAPL,14593,QMLE-Trade,2003-6-23,0.45368
AAPL,14593,QMLE-Trade,2003-6-24,0.383866
AAPL,14593,QMLE-Trade,2003-6-25,0.444845
AAPL,14593,QMLE-Trade,2003-6-26,0.282689
AAPL,14593,QMLE-Trade,2003-6-27,0.410303
AAPL,14593,QMLE-Trade,2003-6-30,0.29663
AAPL,14593,QMLE-Trade,2003-7-1,0.408389
AAPL,14593,QMLE-Trade,2003-7-2,0.270396
AAPL,14593,QMLE-Trade,2003-7-3,0.4705
AAPL,14593,QMLE-Trade,2003-7-7,0.370647
AAPL,14593,QMLE-Trade,2003-7-8,0.391102
AAPL,14593,QMLE-Trade,2003-7-9,0.40637
AAPL,14593,QMLE-Trade,2003-7-10,0.372365
AAPL,14593,QMLE-Trade,2003-7-11,0.369562
AAPL,14593,QMLE-Trade,2003-7-14,0.357668
AAPL,14593,QMLE-Trade,2003-7-15,0.407178
AAPL,14593,QMLE-Trade,2003-7-16,0.495514
AAPL,14593,QMLE-Trade,2003-7-17,0.463894
AAPL,14593,QMLE-Trade,2003-7-18,0.379907
AAPL,14593,QMLE-Trade,2003-7-21,0.355674
AAPL,14593,QMLE-Trade,2003-7-22,0.430398
AAPL,14593,QMLE-Trade,2003-7-23,0.3488
AAPL,14593,QMLE-Trade,2003-7-24,0.460589
AAPL,14593,QMLE-Trade,2003-7-25,0.482419
AAPL,14593,QMLE-Trade,2003-7-28,0.363735
AAPL,14593,QMLE-Trade,2003-7-29,0.404825
AAPL,14593,QMLE-Trade,2003-7-30,0.245395
AAPL,14593,QMLE-Trade,2003-7-31,0.387744
AAPL,14593,QMLE-Trade,2003-8-1,0.386194
AAPL,14593,QMLE-Trade,2003-8-4,0.403184
AAPL,14593,QMLE-Trade,2003-8-5,0.434445
AAPL,14593,QMLE-Trade,2003-8-6,0.406029
AAPL,14593,QMLE-Trade,2003-8-7,0.396926
AAPL,14593,QMLE-Trade,2003-8-8,0.34801
AAPL,14593,QMLE-Trade,2003-8-11,0.314069
AAPL,14593,QMLE-Trade,2003-8-12,0.253332
AAPL,14593,QMLE-Trade,2003-8-13,0.285937
AAPL,14593,QMLE-Trade,2003-8-14,0.327846
AAPL,14593,QMLE-Trade,2003-8-15,0.272316
AAPL,14593,QMLE-Trade,2003-8-18,0.335537
AAPL,14593,QMLE-Trade,2003-8-19,0.387429
AAPL,14593,QMLE-Trade,2003-8-20,0.402243
AAPL,14593,QMLE-Trade,2003-8-21,0.355639
AAPL,14593,QMLE-Trade,2003-8-22,0.433302
AAPL,14593,QMLE-Trade,2003-8-25,0.274486
AAPL,14593,QMLE-Trade,2003-8-26,0.394943
AAPL,14593,QMLE-Trade,2003-8-27,0.24157
AAPL,14593,QMLE-Trade,2003-8-28,0.319271
AAPL,14593,QMLE-Trade,2003-8-29,0.29349
AAPL,14593,QMLE-Trade,2003-9-2,0.310134
AAPL,14593,QMLE-Trade,2003-9-3,0.313927
AAPL,14593,QMLE-Trade,2003-9-4,0.324055
AAPL,14593,QMLE-Trade,2003-9-5,0.350431
AAPL,14593,QMLE-Trade,2003-9-8,0.235388
AAPL,14593,QMLE-Trade,2003-9-9,0.283533
AAPL,14593,QMLE-Trade,2003-9-10,0.367393
AAPL,14593,QMLE-Trade,2003-9-11,0.392382
AAPL,14593,QMLE-Trade,2003-9-12,0.275652
AAPL,14593,QMLE-Trade,2003-9-15,0.309554
AAPL,14593,QMLE-Trade,2003-9-16,0.327433
AAPL,14593,QMLE-Trade,2003-9-17,0.27846
AAPL,14593,QMLE-Trade,2003-9-18,0.350833
AAPL,14593,QMLE-Trade,2003-9-19,0.332465
AAPL,14593,QMLE-Trade,2003-9-22,0.336504
AAPL,14593,QMLE-Trade,2003-9-23,0.296104
AAPL,14593,QMLE-Trade,2003-9-24,0.383595
AAPL,14593,QMLE-Trade,2003-9-25,0.619258
AAPL,14593,QMLE-Trade,2003-9-26,0.494569
AAPL,14593,QMLE-Trade,2003-9-29,0.427725
AAPL,14593,QMLE-Trade,2003-9-30,0.463481
AAPL,14593,QMLE-Trade,2003-10-1,0.402297
AAPL,14593,QMLE-Trade,2003-10-2,0.28547
AAPL,14593,QMLE-Trade,2003-10-3,0.331389
AAPL,14593,QMLE-Trade,2003-10-6,0.221972
AAPL,14593,QMLE-Trade,2003-10-7,0.344021
AAPL,14593,QMLE-Trade,2003-10-8,0.333905
AAPL,14593,QMLE-Trade,2003-10-9,0.484574
AAPL,14593,QMLE-Trade,2003-10-10,0.301728
AAPL,14593,QMLE-Trade,2003-10-13,0.24075
AAPL,14593,QMLE-Trade,2003-10-14,0.275788
AAPL,14593,QMLE-Trade,2003-10-15,0.272423
AAPL,14593,QMLE-Trade,2003-10-16,0.495673
AAPL,14593,QMLE-Trade,2003-10-17,0.359047
AAPL,14593,QMLE-Trade,2003-10-20,0.417038
AAPL,14593,QMLE-Trade,2003-10-21,0.315863
AAPL,14593,QMLE-Trade,2003-10-22,0.330922
AAPL,14593,QMLE-Trade,2003-10-23,0.392565
AAPL,14593,QMLE-Trade,2003-10-24,0.303359
AAPL,14593,QMLE-Trade,2003-10-27,0.246607
AAPL,14593,QMLE-Trade,2003-10-28,0.32373
AAPL,14593,QMLE-Trade,2003-10-29,0.338997
AAPL,14593,QMLE-Trade,2003-10-30,0.357062
AAPL,14593,QMLE-Trade,2003-10-31,0.242489
AAPL,14593,QMLE-Trade,2003-11-3,0.284695
AAPL,14593,QMLE-Trade,2003-11-4,0.283951
AAPL,14593,QMLE-Trade,2003-11-5,0.358096
AAPL,14593,QMLE-Trade,2003-11-6,0.222263
AAPL,14593,QMLE-Trade,2003-11-7,0.228321
AAPL,14593,QMLE-Trade,2003-11-10,0.287975
AAPL,14593,QMLE-Trade,2003-11-11,0.239849
AAPL,14593,QMLE-Trade,2003-11-12,0.337252
AAPL,14593,QMLE-Trade,2003-11-13,0.390976
AAPL,14593,QMLE-Trade,2003-11-14,0.386338
AAPL,14593,QMLE-Trade,2003-11-17,0.355685
AAPL,14593,QMLE-Trade,2003-11-18,0.348034
AAPL,14593,QMLE-Trade,2003-11-19,0.390109
AAPL,14593,QMLE-Trade,2003-11-20,0.438738
AAPL,14593,QMLE-Trade,2003-11-21,0.345978
AAPL,14593,QMLE-Trade,2003-11-24,0.296506
AAPL,14593,QMLE-Trade,2003-11-25,0.303872
AAPL,14593,QMLE-Trade,2003-11-26,0.389766
AAPL,14593,QMLE-Trade,2003-11-28,0.332885
AAPL,14593,QMLE-Trade,2003-12-1,0.340441
AAPL,14593,QMLE-Trade,2003-12-2,0.317126
AAPL,14593,QMLE-Trade,2003-12-3,0.346813
AAPL,14593,QMLE-Trade,2003-12-4,0.302404
AAPL,14593,QMLE-Trade,2003-12-5,0.289294
AAPL,14593,QMLE-Trade,2003-12-8,0.335214
AAPL,14593,QMLE-Trade,2003-12-9,0.362868
AAPL,14593,QMLE-Trade,2003-12-10,0.304817
AAPL,14593,QMLE-Trade,2003-12-11,0.348404
AAPL,14593,QMLE-Trade,2003-12-12,0.292749
AAPL,14593,QMLE-Trade,2003-12-15,0.337858
AAPL,14593,QMLE-Trade,2003-12-16,0.316242
AAPL,14593,QMLE-Trade,2003-12-17,0.322975
AAPL,14593,QMLE-Trade,2003-12-18,0.153933
AAPL,14593,QMLE-Trade,2003-12-19,0.331362
AAPL,14593,QMLE-Trade,2003-12-22,0.259389
AAPL,14593,QMLE-Trade,2003-12-23,0.222594
AAPL,14593,QMLE-Trade,2003-12-24,0.294476
AAPL,14593,QMLE-Trade,2003-12-26,0.307697
AAPL,14593,QMLE-Trade,2003-12-29,0.199799
AAPL,14593,QMLE-Trade,2003-12-30,0.215445
AAPL,14593,QMLE-Trade,2003-12-31,0.238892
AAPL,14593,QMLE-Trade,2004-1-2,0.258243
AAPL,14593,QMLE-Trade,2004-1-5,0.266104
AAPL,14593,QMLE-Trade,2004-1-6,0.363264
AAPL,14593,QMLE-Trade,2004-1-7,0.300416
AAPL,14593,QMLE-Trade,2004-1-8,0.339866
AAPL,14593,QMLE-Trade,2004-1-9,0.419542
AAPL,14593,QMLE-Trade,2004-1-12,0.318128
AAPL,14593,QMLE-Trade,2004-1-13,0.454095
AAPL,14593,QMLE-Trade,2004-1-14,0.269694
AAPL,14593,QMLE-Trade,2004-1-15,0.430315
AAPL,14593,QMLE-Trade,2004-1-16,0.300368
AAPL,14593,QMLE-Trade,2004-1-20,0.272553
AAPL,14593,QMLE-Trade,2004-1-21,0.31377
AAPL,14593,QMLE-Trade,2004-1-22,0.278399
AAPL,14593,QMLE-Trade,2004-1-23,0.311853
AAPL,14593,QMLE-Trade,2004-1-26,0.210153
AAPL,14593,QMLE-Trade,2004-1-27,0.286303
AAPL,14593,QMLE-Trade,2004-1-28,0.408913
AAPL,14593,QMLE-Trade,2004-1-29,0.436504
AAPL,14593,QMLE-Trade,2004-1-30,0.321747
AAPL,14593,QMLE-Trade,2004-2-2,0.375539
AAPL,14593,QMLE-Trade,2004-2-3,0.268862
AAPL,14593,QMLE-Trade,2004-2-4,0.309402
AAPL,14593,QMLE-Trade,2004-2-5,0.338955
AAPL,14593,QMLE-Trade,2004-2-6,0.292644
AAPL,14593,QMLE-Trade,2004-2-9,0.258662
AAPL,14593,QMLE-Trade,2004-2-10,0.225355
AAPL,14593,QMLE-Trade,2004-2-11,0.284826
AAPL,14593,QMLE-Trade,2004-2-12,0.208964
AAPL,14593,QMLE-Trade,2004-2-13,0.426006
AAPL,14593,QMLE-Trade,2004-2-17,0.28975
AAPL,14593,QMLE-Trade,2004-2-18,0.225985
AAPL,14593,QMLE-Trade,2004-2-19,0.366867
AAPL,14593,QMLE-Trade,2004-2-20,0.225905
AAPL,14593,QMLE-Trade,2004-2-23,0.340236
AAPL,14593,QMLE-Trade,2004-2-24,0.359018
AAPL,14593,QMLE-Trade,2004-2-25,0.223657
AAPL,14593,QMLE-Trade,2004-2-26,0.180774
AAPL,14593,QMLE-Trade,2004-2-27,0.252061
AAPL,14593,QMLE-Trade,2004-3-1,0.217416
AAPL,14593,QMLE-Trade,2004-3-2,0.226702
AAPL,14593,QMLE-Trade,2004-3-3,0.254012
AAPL,14593,QMLE-Trade,2004-3-4,0.261229
AAPL,14593,QMLE-Trade,2004-3-5,0.734645
AAPL,14593,QMLE-Trade,2004-3-8,0.490554
AAPL,14593,QMLE-Trade,2004-3-9,0.443291
AAPL,14593,QMLE-Trade,2004-3-10,0.430846
AAPL,14593,QMLE-Trade,2004-3-11,0.44023
AAPL,14593,QMLE-Trade,2004-3-12,0.329016
AAPL,14593,QMLE-Trade,2004-3-15,0.371715
AAPL,14593,QMLE-Trade,2004-3-16,0.433294
AAPL,14593,QMLE-Trade,2004-3-17,0.328235
AAPL,14593,QMLE-Trade,2004-3-18,0.378418
AAPL,14593,QMLE-Trade,2004-3-19,0.323964
AAPL,14593,QMLE-Trade,2004-3-22,0.482814
AAPL,14593,QMLE-Trade,2004-3-23,0.28623
AAPL,14593,QMLE-Trade,2004-3-24,0.299025
AAPL,14593,QMLE-Trade,2004-3-25,0.385097
AAPL,14593,QMLE-Trade,2004-3-26,0.251101
AAPL,14593,QMLE-Trade,2004-3-29,0.243622
AAPL,14593,QMLE-Trade,2004-3-30,0.241269
AAPL,14593,QMLE-Trade,2004-3-31,0.272486
AAPL,14593,QMLE-Trade,2004-4-1,0.350904
AAPL,14593,QMLE-Trade,2004-4-2,0.371926
AAPL,14593,QMLE-Trade,2004-4-5,0.303329
AAPL,14593,QMLE-Trade,2004-4-6,0.372194
AAPL,14593,QMLE-Trade,2004-4-7,0.264605
AAPL,14593,QMLE-Trade,2004-4-8,0.288399
AAPL,14593,QMLE-Trade,2004-4-12,0.220372
AAPL,14593,QMLE-Trade,2004-4-13,0.340012
AAPL,14593,QMLE-Trade,2004-4-14,0.341132
AAPL,14593,QMLE-Trade,2004-4-15,0.54479
AAPL,14593,QMLE-Trade,2004-4-16,0.333123
AAPL,14593,QMLE-Trade,2004-4-19,0.400515
AAPL,14593,QMLE-Trade,2004-4-20,0.247248
AAPL,14593,QMLE-Trade,2004-4-21,0.384712
AAPL,14593,QMLE-Trade,2004-4-22,0.309776
AAPL,14593,QMLE-Trade,2004-4-23,0.377892
AAPL,14593,QMLE-Trade,2004-4-26,0.270041
AAPL,14593,QMLE-Trade,2004-4-27,0.327753
AAPL,14593,QMLE-Trade,2004-4-28,0.352023
AAPL,14593,QMLE-Trade,2004-4-29,0.48336
AAPL,14593,QMLE-Trade,2004-4-30,0.475302
AAPL,14593,QMLE-Trade,2004-5-3,0.401767
AAPL,14593,QMLE-Trade,2004-5-4,0.530221
AAPL,14593,QMLE-Trade,2004-5-5,0.395607
AAPL,14593,QMLE-Trade,2004-5-6,0.414856
AAPL,14593,QMLE-Trade,2004-5-7,0.369087
AAPL,14593,QMLE-Trade,2004-5-10,0.400029
AAPL,14593,QMLE-Trade,2004-5-11,0.320086
AAPL,14593,QMLE-Trade,2004-5-12,0.477721
AAPL,14593,QMLE-Trade,2004-5-13,0.377829
AAPL,14593,QMLE-Trade,2004-5-14,0.397007
AAPL,14593,QMLE-Trade,2004-5-17,0.44629
AAPL,14593,QMLE-Trade,2004-5-18,0.254434
AAPL,14593,QMLE-Trade,2004-5-19,0.212892
AAPL,14593,QMLE-Trade,2004-5-20,0.334805
AAPL,14593,QMLE-Trade,2004-5-21,0.24543
AAPL,14593,QMLE-Trade,2004-5-24,0.359057
AAPL,14593,QMLE-Trade,2004-5-25,0.25967
AAPL,14593,QMLE-Trade,2004-5-26,0.361526
AAPL,14593,QMLE-Trade,2004-5-27,0.310608
AAPL,14593,QMLE-Trade,2004-5-28,0.251061
AAPL,14593,QMLE-Trade,2004-6-1,0.299132
AAPL,14593,QMLE-Trade,2004-6-2,0.312889
AAPL,14593,QMLE-Trade,2004-6-3,0.403424
AAPL,14593,QMLE-Trade,2004-6-4,0.309216
AAPL,14593,QMLE-Trade,2004-6-7,0.248695
AAPL,14593,QMLE-Trade,2004-6-8,0.298778
AAPL,14593,QMLE-Trade,2004-6-9,0.247997
AAPL,14593,QMLE-Trade,2004-6-10,0.255929
AAPL,14593,QMLE-Trade,2004-6-14,0.215757
AAPL,14593,QMLE-Trade,2004-6-15,0.220379
AAPL,14593,QMLE-Trade,2004-6-16,0.377934
AAPL,14593,QMLE-Trade,2004-6-17,0.387051
AAPL,14593,QMLE-Trade,2004-6-18,0.267969
AAPL,14593,QMLE-Trade,2004-6-21,0.369712
AAPL,14593,QMLE-Trade,2004-6-22,0.305512
AAPL,14593,QMLE-Trade,2004-6-23,0.19759
AAPL,14593,QMLE-Trade,2004-6-24,0.212625
AAPL,14593,QMLE-Trade,2004-6-25,0.264436
AAPL,14593,QMLE-Trade,2004-6-28,0.405882
AAPL,14593,QMLE-Trade,2004-6-29,0.325424
AAPL,14593,QMLE-Trade,2004-6-30,0.376317
AAPL,14593,QMLE-Trade,2004-7-1,0.255744
AAPL,14593,QMLE-Trade,2004-7-2,0.431436
AAPL,14593,QMLE-Trade,2004-7-6,0.268301
AAPL,14593,QMLE-Trade,2004-7-7,0.295046
AAPL,14593,QMLE-Trade,2004-7-8,0.301289
AAPL,14593,QMLE-Trade,2004-7-9,0.261646
AAPL,14593,QMLE-Trade,2004-7-12,0.327399
AAPL,14593,QMLE-Trade,2004-7-13,0.295595
AAPL,14593,QMLE-Trade,2004-7-14,0.329967
AAPL,14593,QMLE-Trade,2004-7-15,0.518938
AAPL,14593,QMLE-Trade,2004-7-16,0.255431
AAPL,14593,QMLE-Trade,2004-7-19,0.227828
AAPL,14593,QMLE-Trade,2004-7-20,0.203384
AAPL,14593,QMLE-Trade,2004-7-21,0.297161
AAPL,14593,QMLE-Trade,2004-7-22,0.306619
AAPL,14593,QMLE-Trade,2004-7-23,0.348507
AAPL,14593,QMLE-Trade,2004-7-26,0.366194
AAPL,14593,QMLE-Trade,2004-7-27,0.344016
AAPL,14593,QMLE-Trade,2004-7-28,0.415479
AAPL,14593,QMLE-Trade,2004-7-29,0.257936
AAPL,14593,QMLE-Trade,2004-7-30,0.283083
AAPL,14593,QMLE-Trade,2004-8-2,0.301706
AAPL,14593,QMLE-Trade,2004-8-3,0.258693
AAPL,14593,QMLE-Trade,2004-8-4,0.257868
AAPL,14593,QMLE-Trade,2004-8-5,0.261234
AAPL,14593,QMLE-Trade,2004-8-6,0.349569
AAPL,14593,QMLE-Trade,2004-8-9,0.299847
AAPL,14593,QMLE-Trade,2004-8-10,0.297151
AAPL,14593,QMLE-Trade,2004-8-11,0.330289
AAPL,14593,QMLE-Trade,2004-8-12,0.293244
AAPL,14593,QMLE-Trade,2004-8-13,0.299159
AAPL,14593,QMLE-Trade,2004-8-16,0.325396
AAPL,14593,QMLE-Trade,2004-8-17,0.318746
AAPL,14593,QMLE-Trade,2004-8-18,0.316024
AAPL,14593,QMLE-Trade,2004-8-19,0.317465
AAPL,14593,QMLE-Trade,2004-8-20,0.230225
AAPL,14593,QMLE-Trade,2004-8-23,0.225969
AAPL,14593,QMLE-Trade,2004-8-24,0.230916
AAPL,14593,QMLE-Trade,2004-8-25,0.288466
AAPL,14593,QMLE-Trade,2004-8-26,0.378106
AAPL,14593,QMLE-Trade,2004-8-27,0.228694
AAPL,14593,QMLE-Trade,2004-8-30,0.309656
AAPL,14593,QMLE-Trade,2004-8-31,0.289306
AAPL,14593,QMLE-Trade,2004-9-1,0.396868
AAPL,14593,QMLE-Trade,2004-9-2,0.325468
AAPL,14593,QMLE-Trade,2004-9-3,0.279609
AAPL,14593,QMLE-Trade,2004-9-7,0.26566
AAPL,14593,QMLE-Trade,2004-9-8,0.294938
AAPL,14593,QMLE-Trade,2004-9-9,0.26743
AAPL,14593,QMLE-Trade,2004-9-10,0.300194
AAPL,14593,QMLE-Trade,2004-9-13,0.198109
AAPL,14593,QMLE-Trade,2004-9-14,0.282935
AAPL,14593,QMLE-Trade,2004-9-15,0.230914
AAPL,14593,QMLE-Trade,2004-9-16,0.31604
AAPL,14593,QMLE-Trade,2004-9-17,0.295406
AAPL,14593,QMLE-Trade,2004-9-20,0.238764
AAPL,14593,QMLE-Trade,2004-9-21,0.294446
AAPL,14593,QMLE-Trade,2004-9-22,0.289277
AAPL,14593,QMLE-Trade,2004-9-23,0.225797
AAPL,14593,QMLE-Trade,2004-9-24,0.348168
AAPL,14593,QMLE-Trade,2004-9-27,0.277712
AAPL,14593,QMLE-Trade,2004-9-28,0.256965
AAPL,14593,QMLE-Trade,2004-9-29,0.237569
AAPL,14593,QMLE-Trade,2004-9-30,0.237135
AAPL,14593,QMLE-Trade,2004-10-1,0.224483
AAPL,14593,QMLE-Trade,2004-10-4,0.17812
AAPL,14593,QMLE-Trade,2004-10-5,0.262132
AAPL,14593,QMLE-Trade,2004-10-6,0.227625
AAPL,14593,QMLE-Trade,2004-10-7,0.264576
AAPL,14593,QMLE-Trade,2004-10-8,0.235726
AAPL,14593,QMLE-Trade,2004-10-11,0.241686
AAPL,14593,QMLE-Trade,2004-10-12,0.264268
AAPL,14593,QMLE-Trade,2004-10-13,0.338122
AAPL,14593,QMLE-Trade,2004-10-14,0.47655
AAPL,14593,QMLE-Trade,2004-10-15,0.367581
AAPL,14593,QMLE-Trade,2004-10-18,0.35752
AAPL,14593,QMLE-Trade,2004-10-19,0.352829
AAPL,14593,QMLE-Trade,2004-10-20,0.293921
AAPL,14593,QMLE-Trade,2004-10-21,0.219843
AAPL,14593,QMLE-Trade,2004-10-22,0.237647
AAPL,14593,QMLE-Trade,2004-10-25,0.239501
AAPL,14593,QMLE-Trade,2004-10-26,0.270428
AAPL,14593,QMLE-Trade,2004-10-27,0.327862
AAPL,14593,QMLE-Trade,2004-10-28,0.317298
AAPL,14593,QMLE-Trade,2004-10-29,0.307177
AAPL,14593,QMLE-Trade,2004-11-1,0.321106
AAPL,14593,QMLE-Trade,2004-11-2,0.250561
AAPL,14593,QMLE-Trade,2004-11-3,0.347235
AAPL,14593,QMLE-Trade,2004-11-4,0.33303
AAPL,14593,QMLE-Trade,2004-11-5,0.442393
AAPL,14593,QMLE-Trade,2004-11-8,0.322948
AAPL,14593,QMLE-Trade,2004-11-9,0.297153
AAPL,14593,QMLE-Trade,2004-11-10,0.298157
AAPL,14593,QMLE-Trade,2004-11-11,0.257645
AAPL,14593,QMLE-Trade,2004-11-12,0.203622
AAPL,14593,QMLE-Trade,2004-11-15,0.246403
AAPL,14593,QMLE-Trade,2004-11-16,0.210278
AAPL,14593,QMLE-Trade,2004-11-17,0.251556
AAPL,14593,QMLE-Trade,2004-11-18,0.227149
AAPL,14593,QMLE-Trade,2004-11-19,0.415254
AAPL,14593,QMLE-Trade,2004-11-22,0.559931
AAPL,14593,QMLE-Trade,2004-11-23,0.302559
AAPL,14593,QMLE-Trade,2004-11-24,0.361999
AAPL,14593,QMLE-Trade,2004-11-26,0.297076
AAPL,14593,QMLE-Trade,2004-11-29,0.353964
AAPL,14593,QMLE-Trade,2004-11-30,0.281286
AAPL,14593,QMLE-Trade,2004-12-1,0.296557
AAPL,14593,QMLE-Trade,2004-12-2,0.318004
AAPL,14593,QMLE-Trade,2004-12-3,0.401914
AAPL,14593,QMLE-Trade,2004-12-6,0.347689
AAPL,14593,QMLE-Trade,2004-12-7,0.428706
AAPL,14593,QMLE-Trade,2004-12-8,0.393517
AAPL,14593,QMLE-Trade,2004-12-9,0.367287
AAPL,14593,QMLE-Trade,2004-12-10,0.295828
AAPL,14593,QMLE-Trade,2004-12-13,0.21648
AAPL,14593,QMLE-Trade,2004-12-14,0.219314
AAPL,14593,QMLE-Trade,2004-12-15,0.216523
AAPL,14593,QMLE-Trade,2004-12-16,0.324108
AAPL,14593,QMLE-Trade,2004-12-17,0.235866
AAPL,14593,QMLE-Trade,2004-12-20,0.387766
AAPL,14593,QMLE-Trade,2004-12-21,0.376182
AAPL,14593,QMLE-Trade,2004-12-22,0.250194
AAPL,14593,QMLE-Trade,2004-12-23,0.140796
AAPL,14593,QMLE-Trade,2004-12-27,0.280921
AAPL,14593,QMLE-Trade,2004-12-28,0.242045
AAPL,14593,QMLE-Trade,2004-12-29,0.26251
AAPL,14593,QMLE-Trade,2004-12-30,0.195726
AAPL,14593,QMLE-Trade,2004-12-31,0.175623
AAPL,14593,QMLE-Trade,2005-1-3,0.354838
AAPL,14593,QMLE-Trade,2005-1-4,0.365428
AAPL,14593,QMLE-Trade,2005-1-5,0.291009
AAPL,14593,QMLE-Trade,2005-1-6,0.331
AAPL,14593,QMLE-Trade,2005-1-7,0.433662
AAPL,14593,QMLE-Trade,2005-1-10,0.446226
AAPL,14593,QMLE-Trade,2005-1-11,0.784519
AAPL,14593,QMLE-Trade,2005-1-12,0.476377
AAPL,14593,QMLE-Trade,2005-1-13,0.470577
AAPL,14593,QMLE-Trade,2005-1-14,0.391788
AAPL,14593,QMLE-Trade,2005-1-18,0.346877
AAPL,14593,QMLE-Trade,2005-1-19,0.255655
AAPL,14593,QMLE-Trade,2005-1-20,0.300343
AAPL,14593,QMLE-Trade,2005-1-21,0.252086
AAPL,14593,QMLE-Trade,2005-1-24,0.273071
AAPL,14593,QMLE-Trade,2005-1-25,0.274731
AAPL,14593,QMLE-Trade,2005-1-26,0.266371
AAPL,14593,QMLE-Trade,2005-1-27,0.221587
AAPL,14593,QMLE-Trade,2005-1-28,0.26692
AAPL,14593,QMLE-Trade,2005-1-31,0.310612
AAPL,14593,QMLE-Trade,2005-2-1,0.213278
AAPL,14593,QMLE-Trade,2005-2-2,0.261094
AAPL,14593,QMLE-Trade,2005-2-3,0.230001
AAPL,14593,QMLE-Trade,2005-2-4,0.195339
AAPL,14593,QMLE-Trade,2005-2-7,0.220719
AAPL,14593,QMLE-Trade,2005-2-8,0.243422
AAPL,14593,QMLE-Trade,2005-2-9,0.38958
AAPL,14593,QMLE-Trade,2005-2-10,0.410552
AAPL,14593,QMLE-Trade,2005-2-11,0.311239
AAPL,14593,QMLE-Trade,2005-2-14,0.259987
AAPL,14593,QMLE-Trade,2005-2-15,0.354359
AAPL,14593,QMLE-Trade,2005-2-16,0.340046
AAPL,14593,QMLE-Trade,2005-2-17,0.337659
AAPL,14593,QMLE-Trade,2005-2-18,0.264076
AAPL,14593,QMLE-Trade,2005-2-22,0.32861
AAPL,14593,QMLE-Trade,2005-2-23,0.31863
AAPL,14593,QMLE-Trade,2005-2-24,0.331527
AAPL,14593,QMLE-Trade,2005-2-25,0.239526
AAPL,14593,QMLE-Trade,2005-2-28,0.417326
AAPL,14593,QMLE-Trade,2005-3-1,0.275672
AAPL,14593,QMLE-Trade,2005-3-2,0.25935
AAPL,14593,QMLE-Trade,2005-3-3,0.498169
AAPL,14593,QMLE-Trade,2005-3-4,0.34828
AAPL,14593,QMLE-Trade,2005-3-7,0.338529
AAPL,14593,QMLE-Trade,2005-3-8,0.442392
AAPL,14593,QMLE-Trade,2005-3-9,0.465055
AAPL,14593,QMLE-Trade,2005-3-10,0.40319
AAPL,14593,QMLE-Trade,2005-3-11,0.320042
AAPL,14593,QMLE-Trade,2005-3-14,0.332464
AAPL,14593,QMLE-Trade,2005-3-15,0.292767
AAPL,14593,QMLE-Trade,2005-3-16,0.396156
AAPL,14593,QMLE-Trade,2005-3-17,0.380039
AAPL,14593,QMLE-Trade,2005-3-18,0.276639
AAPL,14593,QMLE-Trade,2005-3-21,0.256445
AAPL,14593,QMLE-Trade,2005-3-22,0.348155
AAPL,14593,QMLE-Trade,2005-3-23,0.361363
AAPL,14593,QMLE-Trade,2005-3-24,0.237635
AAPL,14593,QMLE-Trade,2005-3-28,0.193707
AAPL,14593,QMLE-Trade,2005-3-29,0.29984
AAPL,14593,QMLE-Trade,2005-3-30,0.246138
AAPL,14593,QMLE-Trade,2005-3-31,0.2634
AAPL,14593,QMLE-Trade,2005-4-1,0.376026
AAPL,14593,QMLE-Trade,2005-4-4,0.382904
AAPL,14593,QMLE-Trade,2005-4-5,0.258508
AAPL,14593,QMLE-Trade,2005-4-6,0.207333
AAPL,14593,QMLE-Trade,2005-4-7,0.235987
AAPL,14593,QMLE-Trade,2005-4-8,0.270475
AAPL,14593,QMLE-Trade,2005-4-11,0.352921
AAPL,14593,QMLE-Trade,2005-4-12,0.335618
AAPL,14593,QMLE-Trade,2005-4-13,0.425131
AAPL,14593,QMLE-Trade,2005-4-14,0.560246
AAPL,14593,QMLE-Trade,2005-4-15,0.559279
AAPL,14593,QMLE-Trade,2005-4-18,0.602603
AAPL,14593,QMLE-Trade,2005-4-19,0.360312
AAPL,14593,QMLE-Trade,2005-4-20,0.411566
AAPL,14593,QMLE-Trade,2005-4-21,0.365773
AAPL,14593,QMLE-Trade,2005-4-22,0.475541
AAPL,14593,QMLE-Trade,2005-4-25,0.30357
AAPL,14593,QMLE-Trade,2005-4-26,0.347982
AAPL,14593,QMLE-Trade,2005-4-27,0.408411
AAPL,14593,QMLE-Trade,2005-4-28,0.333165
AAPL,14593,QMLE-Trade,2005-4-29,0.376501
AAPL,14593,QMLE-Trade,2005-5-2,0.230999
AAPL,14593,QMLE-Trade,2005-5-3,0.297015
AAPL,14593,QMLE-Trade,2005-5-4,0.241377
AAPL,14593,QMLE-Trade,2005-5-5,0.310491
AAPL,14593,QMLE-Trade,2005-5-6,0.188776
AAPL,14593,QMLE-Trade,2005-5-9,0.224108
AAPL,14593,QMLE-Trade,2005-5-10,0.261245
AAPL,14593,QMLE-Trade,2005-5-11,0.547528
AAPL,14593,QMLE-Trade,2005-5-12,0.423264
AAPL,14593,QMLE-Trade,2005-5-13,0.37221
AAPL,14593,QMLE-Trade,2005-5-16,0.361392
AAPL,14593,QMLE-Trade,2005-5-17,0.276062
AAPL,14593,QMLE-Trade,2005-5-18,0.292171
AAPL,14593,QMLE-Trade,2005-5-19,0.341664
AAPL,14593,QMLE-Trade,2005-5-20,0.204072
AAPL,14593,QMLE-Trade,2005-5-23,0.348573
AAPL,14593,QMLE-Trade,2005-5-24,0.303998
AAPL,14593,QMLE-Trade,2005-5-25,0.218984
AAPL,14593,QMLE-Trade,2005-5-26,0.238624
AAPL,14593,QMLE-Trade,2005-5-27,0.211706
AAPL,14593,QMLE-Trade,2005-5-31,0.223141
AAPL,14593,QMLE-Trade,2005-6-1,0.246321
AAPL,14593,QMLE-Trade,2005-6-2,0.241227
AAPL,14593,QMLE-Trade,2005-6-3,0.315037
AAPL,14593,QMLE-Trade,2005-6-6,0.370832
AAPL,14593,QMLE-Trade,2005-6-7,0.346634
AAPL,14593,QMLE-Trade,2005-6-8,0.243549
AAPL,14593,QMLE-Trade,2005-6-9,0.284189
AAPL,14593,QMLE-Trade,2005-6-10,0.356989
AAPL,14593,QMLE-Trade,2005-6-13,0.266712
AAPL,14593,QMLE-Trade,2005-6-14,0.252745
AAPL,14593,QMLE-Trade,2005-6-15,0.284501
AAPL,14593,QMLE-Trade,2005-6-16,0.3148
AAPL,14593,QMLE-Trade,2005-6-17,0.264312
AAPL,14593,QMLE-Trade,2005-6-20,0.223477
AAPL,14593,QMLE-Trade,2005-6-21,0.266226
AAPL,14593,QMLE-Trade,2005-6-22,0.196329
AAPL,14593,QMLE-Trade,2005-6-23,0.30922
AAPL,14593,QMLE-Trade,2005-6-24,0.297896
AAPL,14593,QMLE-Trade,2005-6-27,0.363098
AAPL,14593,QMLE-Trade,2005-6-28,0.193139
AAPL,14593,QMLE-Trade,2005-6-29,0.256226
AAPL,14593,QMLE-Trade,2005-6-30,0.250776
AAPL,14593,QMLE-Trade,2005-7-1,0.209757
AAPL,14593,QMLE-Trade,2005-7-5,0.268147
AAPL,14593,QMLE-Trade,2005-7-6,0.269414
AAPL,14593,QMLE-Trade,2005-7-7,0.302547
AAPL,14593,QMLE-Trade,2005-7-8,0.214958
AAPL,14593,QMLE-Trade,2005-7-11,0.218364
AAPL,14593,QMLE-Trade,2005-7-12,0.196504
AAPL,14593,QMLE-Trade,2005-7-13,0.20849
AAPL,14593,QMLE-Trade,2005-7-14,0.415777
AAPL,14593,QMLE-Trade,2005-7-15,0.230308
AAPL,14593,QMLE-Trade,2005-7-18,0.222173
AAPL,14593,QMLE-Trade,2005-7-19,0.234058
AAPL,14593,QMLE-Trade,2005-7-20,0.219084
AAPL,14593,QMLE-Trade,2005-7-21,0.3083
AAPL,14593,QMLE-Trade,2005-7-22,0.217745
AAPL,14593,QMLE-Trade,2005-7-25,0.199611
AAPL,14593,QMLE-Trade,2005-7-26,0.245211
AAPL,14593,QMLE-Trade,2005-7-27,0.25659
AAPL,14593,QMLE-Trade,2005-7-28,0.253679
AAPL,14593,QMLE-Trade,2005-7-29,0.39941
AAPL,14593,QMLE-Trade,2005-8-1,0.278271
AAPL,14593,QMLE-Trade,2005-8-2,0.206145
AAPL,14593,QMLE-Trade,2005-8-3,0.215025
AAPL,14593,QMLE-Trade,2005-8-4,0.167373
AAPL,14593,QMLE-Trade,2005-8-5,0.207077
AAPL,14593,QMLE-Trade,2005-8-8,0.212
AAPL,14593,QMLE-Trade,2005-8-9,0.195703
AAPL,14593,QMLE-Trade,2005-8-10,0.247441
AAPL,14593,QMLE-Trade,2005-8-11,0.171549
AAPL,14593,QMLE-Trade,2005-8-12,0.319127
AAPL,14593,QMLE-Trade,2005-8-15,0.327983
AAPL,14593,QMLE-Trade,2005-8-16,0.246385
AAPL,14593,QMLE-Trade,2005-8-17,0.215587
AAPL,14593,QMLE-Trade,2005-8-18,0.268438
AAPL,14593,QMLE-Trade,2005-8-19,0.243571
AAPL,14593,QMLE-Trade,2005-8-22,0.258886
AAPL,14593,QMLE-Trade,2005-8-23,0.21226
AAPL,14593,QMLE-Trade,2005-8-24,0.31102
AAPL,14593,QMLE-Trade,2005-8-25,0.201309
AAPL,14593,QMLE-Trade,2005-8-26,0.212823
AAPL,14593,QMLE-Trade,2005-8-29,0.233813
AAPL,14593,QMLE-Trade,2005-8-30,0.244232
AAPL,14593,QMLE-Trade,2005-8-31,0.255965
AAPL,14593,QMLE-Trade,2005-9-1,0.228032
AAPL,14593,QMLE-Trade,2005-9-2,0.198415
AAPL,14593,QMLE-Trade,2005-9-6,0.295731
AAPL,14593,QMLE-Trade,2005-9-7,0.354852
AAPL,14593,QMLE-Trade,2005-9-8,0.256833
AAPL,14593,QMLE-Trade,2005-9-9,0.210699
AAPL,14593,QMLE-Trade,2005-9-12,0.244915
AAPL,14593,QMLE-Trade,2005-9-13,0.229175
AAPL,14593,QMLE-Trade,2005-9-14,0.234117
AAPL,14593,QMLE-Trade,2005-9-15,0.236487
AAPL,14593,QMLE-Trade,2005-9-16,0.209253
AAPL,14593,QMLE-Trade,2005-9-19,0.287935
AAPL,14593,QMLE-Trade,2005-9-20,0.268627
AAPL,14593,QMLE-Trade,2005-9-21,0.249489
AAPL,14593,QMLE-Trade,2005-9-22,0.313442
AAPL,14593,QMLE-Trade,2005-9-23,0.261097
AAPL,14593,QMLE-Trade,2005-9-26,0.295325
AAPL,14593,QMLE-Trade,2005-9-27,0.219347
AAPL,14593,QMLE-Trade,2005-9-28,0.374737
AAPL,14593,QMLE-Trade,2005-9-29,0.286334
AAPL,14593,QMLE-Trade,2005-9-30,0.250066
AAPL,14593,QMLE-Trade,2005-10-3,0.225685
AAPL,14593,QMLE-Trade,2005-10-4,0.234044
AAPL,14593,QMLE-Trade,2005-10-5,0.284548
AAPL,14593,QMLE-Trade,2005-10-6,0.37536
AAPL,14593,QMLE-Trade,2005-10-7,0.347627
AAPL,14593,QMLE-Trade,2005-10-10,0.283485
AAPL,14593,QMLE-Trade,2005-10-11,0.330371
AAPL,14593,QMLE-Trade,2005-10-12,0.621137
AAPL,14593,QMLE-Trade,2005-10-13,0.442544
AAPL,14593,QMLE-Trade,2005-10-14,0.406769
AAPL,14593,QMLE-Trade,2005-10-17,0.281602
AAPL,14593,QMLE-Trade,2005-10-18,0.278838
AAPL,14593,QMLE-Trade,2005-10-19,0.369756
AAPL,14593,QMLE-Trade,2005-10-20,0.462351
AAPL,14593,QMLE-Trade,2005-10-21,0.349031
AAPL,14593,QMLE-Trade,2005-10-24,0.295177
AAPL,14593,QMLE-Trade,2005-10-25,0.245407
AAPL,14593,QMLE-Trade,2005-10-26,0.275679
AAPL,14593,QMLE-Trade,2005-10-27,0.267268
AAPL,14593,QMLE-Trade,2005-10-28,0.407325
AAPL,14593,QMLE-Trade,2005-10-31,0.365396
AAPL,14593,QMLE-Trade,2005-11-1,0.351365
AAPL,14593,QMLE-Trade,2005-11-2,0.305104
AAPL,14593,QMLE-Trade,2005-11-3,0.342787
AAPL,14593,QMLE-Trade,2005-11-4,0.286992
AAPL,14593,QMLE-Trade,2005-11-7,0.3052
AAPL,14593,QMLE-Trade,2005-11-8,0.271754
AAPL,14593,QMLE-Trade,2005-11-9,0.299215
AAPL,14593,QMLE-Trade,2005-11-10,0.333637
AAPL,14593,QMLE-Trade,2005-11-11,0.224363
AAPL,14593,QMLE-Trade,2005-11-14,0.220001
AAPL,14593,QMLE-Trade,2005-11-15,0.27699
AAPL,14593,QMLE-Trade,2005-11-16,0.267655
AAPL,14593,QMLE-Trade,2005-11-17,0.257188
AAPL,14593,QMLE-Trade,2005-11-18,0.264284
AAPL,14593,QMLE-Trade,2005-11-21,0.234816
AAPL,14593,QMLE-Trade,2005-11-22,0.24925
AAPL,14593,QMLE-Trade,2005-11-23,0.232155
AAPL,14593,QMLE-Trade,2005-11-25,0.292547
AAPL,14593,QMLE-Trade,2005-11-28,0.306953
AAPL,14593,QMLE-Trade,2005-11-29,0.363936
AAPL,14593,QMLE-Trade,2005-11-30,0.305997
AAPL,14593,QMLE-Trade,2005-12-1,0.236565
AAPL,14593,QMLE-Trade,2005-12-2,0.340632
AAPL,14593,QMLE-Trade,2005-12-5,0.241975
AAPL,14593,QMLE-Trade,2005-12-6,0.272027
AAPL,14593,QMLE-Trade,2005-12-7,0.260632
AAPL,14593,QMLE-Trade,2005-12-8,0.278633
AAPL,14593,QMLE-Trade,2005-12-9,0.234609
AAPL,14593,QMLE-Trade,2005-12-12,0.185347
AAPL,14593,QMLE-Trade,2005-12-13,0.220219
AAPL,14593,QMLE-Trade,2005-12-14,0.342916
AAPL,14593,QMLE-Trade,2005-12-15,0.243982
AAPL,14593,QMLE-Trade,2005-12-16,0.207809
AAPL,14593,QMLE-Trade,2005-12-19,0.266097
AAPL,14593,QMLE-Trade,2005-12-20,0.2567
AAPL,14593,QMLE-Trade,2005-12-21,0.199263
AAPL,14593,QMLE-Trade,2005-12-22,0.166568
AAPL,14593,QMLE-Trade,2005-12-23,0.142601
AAPL,14593,QMLE-Trade,2005-12-27,0.222966
AAPL,14593,QMLE-Trade,2005-12-28,0.19293
AAPL,14593,QMLE-Trade,2005-12-29,0.224332
AAPL,14593,QMLE-Trade,2005-12-30,0.243825
AAPL,14593,QMLE-Trade,2006-1-3,0.299381
AAPL,14593,QMLE-Trade,2006-1-4,0.250556
AAPL,14593,QMLE-Trade,2006-1-5,0.215931
AAPL,14593,QMLE-Trade,2006-1-6,0.243428
AAPL,14593,QMLE-Trade,2006-1-9,0.221179
AAPL,14593,QMLE-Trade,2006-1-10,0.522625
AAPL,14593,QMLE-Trade,2006-1-11,0.268365
AAPL,14593,QMLE-Trade,2006-1-12,0.300565
AAPL,14593,QMLE-Trade,2006-1-13,0.24338
AAPL,14593,QMLE-Trade,2006-1-17,0.260439
AAPL,14593,QMLE-Trade,2006-1-18,0.309655
AAPL,14593,QMLE-Trade,2006-1-19,0.38107
AAPL,14593,QMLE-Trade,2006-1-20,0.385578
AAPL,14593,QMLE-Trade,2006-1-23,0.394701
AAPL,14593,QMLE-Trade,2006-1-24,0.323105
AAPL,14593,QMLE-Trade,2006-1-25,0.523653
AAPL,14593,QMLE-Trade,2006-1-26,0.47642
AAPL,14593,QMLE-Trade,2006-1-27,0.419503
AAPL,14593,QMLE-Trade,2006-1-30,0.491064
AAPL,14593,QMLE-Trade,2006-1-31,0.405622
AAPL,14593,QMLE-Trade,2006-2-1,0.327987
AAPL,14593,QMLE-Trade,2006-2-2,0.326575
AAPL,14593,QMLE-Trade,2006-2-3,0.417858
AAPL,14593,QMLE-Trade,2006-2-6,0.585527
AAPL,14593,QMLE-Trade,2006-2-7,0.486832
AAPL,14593,QMLE-Trade,2006-2-8,0.461069
AAPL,14593,QMLE-Trade,2006-2-9,0.450121
AAPL,14593,QMLE-Trade,2006-2-10,0.610461
AAPL,14593,QMLE-Trade,2006-2-13,0.42119
AAPL,14593,QMLE-Trade,2006-2-14,0.381441
AAPL,14593,QMLE-Trade,2006-2-15,0.393801
AAPL,14593,QMLE-Trade,2006-2-16,0.298803
AAPL,14593,QMLE-Trade,2006-2-17,0.252633
AAPL,14593,QMLE-Trade,2006-2-21,0.316971
AAPL,14593,QMLE-Trade,2006-2-22,0.346797
AAPL,14593,QMLE-Trade,2006-2-23,0.294386
AAPL,14593,QMLE-Trade,2006-2-24,0.238596
AAPL,14593,QMLE-Trade,2006-2-27,0.28972
AAPL,14593,QMLE-Trade,2006-2-28,0.493288
AAPL,14593,QMLE-Trade,2006-3-1,0.308403
AAPL,14593,QMLE-Trade,2006-3-2,0.266974
AAPL,14593,QMLE-Trade,2006-3-3,0.311178
AAPL,14593,QMLE-Trade,2006-3-6,0.339343
AAPL,14593,QMLE-Trade,2006-3-7,0.33322
AAPL,14593,QMLE-Trade,2006-3-8,0.35246
AAPL,14593,QMLE-Trade,2006-3-9,0.33696
AAPL,14593,QMLE-Trade,2006-3-10,0.442643
AAPL,14593,QMLE-Trade,2006-3-13,0.297661
AAPL,14593,QMLE-Trade,2006-3-14,0.256531
AAPL,14593,QMLE-Trade,2006-3-15,0.288568
AAPL,14593,QMLE-Trade,2006-3-16,0.27518
AAPL,14593,QMLE-Trade,2006-3-17,0.277043
AAPL,14593,QMLE-Trade,2006-3-20,0.245176
AAPL,14593,QMLE-Trade,2006-3-21,0.366075
AAPL,14593,QMLE-Trade,2006-3-22,0.362485
AAPL,14593,QMLE-Trade,2006-3-23,0.337682
AAPL,14593,QMLE-Trade,2006-3-24,0.314333
AAPL,14593,QMLE-Trade,2006-3-27,0.306643
AAPL,14593,QMLE-Trade,2006-3-28,0.329749
AAPL,14593,QMLE-Trade,2006-3-29,0.452509
AAPL,14593,QMLE-Trade,2006-3-30,0.375847
AAPL,14593,QMLE-Trade,2006-3-31,0.268156
AAPL,14593,QMLE-Trade,2006-4-3,0.297617
AAPL,14593,QMLE-Trade,2006-4-4,0.289879
AAPL,14593,QMLE-Trade,2006-4-5,0.371836
AAPL,14593,QMLE-Trade,2006-4-6,0.40192
AAPL,14593,QMLE-Trade,2006-4-7,0.358946
AAPL,14593,QMLE-Trade,2006-4-10,0.290308
AAPL,14593,QMLE-Trade,2006-4-11,0.335286
AAPL,14593,QMLE-Trade,2006-4-12,0.273791
AAPL,14593,QMLE-Trade,2006-4-13,0.30338
AAPL,14593,QMLE-Trade,2006-4-17,0.280685
AAPL,14593,QMLE-Trade,2006-4-18,0.288494
AAPL,14593,QMLE-Trade,2006-4-19,0.258374
AAPL,14593,QMLE-Trade,2006-4-20,0.380665
AAPL,14593,QMLE-Trade,2006-4-21,0.294063
AAPL,14593,QMLE-Trade,2006-4-24,0.293253
AAPL,14593,QMLE-Trade,2006-4-25,0.222122
AAPL,14593,QMLE-Trade,2006-4-26,0.247664
AAPL,14593,QMLE-Trade,2006-4-27,0.304466
AAPL,14593,QMLE-Trade,2006-4-28,0.242151
AAPL,14593,QMLE-Trade,2006-5-1,0.28332
AAPL,14593,QMLE-Trade,2006-5-2,0.268278
AAPL,14593,QMLE-Trade,2006-5-3,0.279412
AAPL,14593,QMLE-Trade,2006-5-4,0.337775
AAPL,14593,QMLE-Trade,2006-5-5,0.24201
AAPL,14593,QMLE-Trade,2006-5-8,0.241235
AAPL,14593,QMLE-Trade,2006-5-9,0.242498
AAPL,14593,QMLE-Trade,2006-5-10,0.266264
AAPL,14593,QMLE-Trade,2006-5-11,0.292849
AAPL,14593,QMLE-Trade,2006-5-12,0.41166
AAPL,14593,QMLE-Trade,2006-5-15,0.307543
AAPL,14593,QMLE-Trade,2006-5-16,0.334825
AAPL,14593,QMLE-Trade,2006-5-17,0.352431
AAPL,14593,QMLE-Trade,2006-5-18,0.322889
AAPL,14593,QMLE-Trade,2006-5-19,0.404242
AAPL,14593,QMLE-Trade,2006-5-22,0.31789
AAPL,14593,QMLE-Trade,2006-5-23,0.317137
AAPL,14593,QMLE-Trade,2006-5-24,0.475955
AAPL,14593,QMLE-Trade,2006-5-25,0.288328
AAPL,14593,QMLE-Trade,2006-5-26,0.2598
AAPL,14593,QMLE-Trade,2006-5-30,0.245074
AAPL,14593,QMLE-Trade,2006-5-31,0.340936
AAPL,14593,QMLE-Trade,2006-6-1,0.311843
AAPL,14593,QMLE-Trade,2006-6-2,0.329049
AAPL,14593,QMLE-Trade,2006-6-5,0.24924
AAPL,14593,QMLE-Trade,2006-6-6,0.336567
AAPL,14593,QMLE-Trade,2006-6-7,0.320264
AAPL,14593,QMLE-Trade,2006-6-8,0.483067
AAPL,14593,QMLE-Trade,2006-6-9,0.365547
AAPL,14593,QMLE-Trade,2006-6-12,0.37233
AAPL,14593,QMLE-Trade,2006-6-13,0.461611
AAPL,14593,QMLE-Trade,2006-6-14,0.376039
AAPL,14593,QMLE-Trade,2006-6-15,0.362595
AAPL,14593,QMLE-Trade,2006-6-16,0.330593
AAPL,14593,QMLE-Trade,2006-6-19,0.315622
AAPL,14593,QMLE-Trade,2006-6-20,0.29229
AAPL,14593,QMLE-Trade,2006-6-21,0.284249
AAPL,14593,QMLE-Trade,2006-6-22,0.327664
AAPL,14593,QMLE-Trade,2006-6-23,0.312934
AAPL,14593,QMLE-Trade,2006-6-26,0.250965
AAPL,14593,QMLE-Trade,2006-6-27,0.229682
AAPL,14593,QMLE-Trade,2006-6-28,0.35499
AAPL,14593,QMLE-Trade,2006-6-29,0.347294
AAPL,14593,QMLE-Trade,2006-6-30,0.274328
AAPL,14593,QMLE-Trade,2006-7-3,0.166458
AAPL,14593,QMLE-Trade,2006-7-5,0.230295
AAPL,14593,QMLE-Trade,2006-7-6,0.250049
AAPL,14593,QMLE-Trade,2006-7-7,0.341592
AAPL,14593,QMLE-Trade,2006-7-10,0.285559
AAPL,14593,QMLE-Trade,2006-7-11,0.347756
AAPL,14593,QMLE-Trade,2006-7-12,0.333444
AAPL,14593,QMLE-Trade,2006-7-13,0.473596
AAPL,14593,QMLE-Trade,2006-7-14,0.503436
AAPL,14593,QMLE-Trade,2006-7-17,0.339806
AAPL,14593,QMLE-Trade,2006-7-18,0.377167
AAPL,14593,QMLE-Trade,2006-7-19,0.420056
AAPL,14593,QMLE-Trade,2006-7-20,0.358268
AAPL,14593,QMLE-Trade,2006-7-21,0.302669
AAPL,14593,QMLE-Trade,2006-7-24,0.308608
AAPL,14593,QMLE-Trade,2006-7-25,0.286819
AAPL,14593,QMLE-Trade,2006-7-26,0.308561
AAPL,14593,QMLE-Trade,2006-7-27,0.328887
AAPL,14593,QMLE-Trade,2006-7-28,0.249299
AAPL,14593,QMLE-Trade,2006-7-31,0.29096
AAPL,14593,QMLE-Trade,2006-8-1,0.267717
AAPL,14593,QMLE-Trade,2006-8-2,0.222886
AAPL,14593,QMLE-Trade,2006-8-3,0.294619
AAPL,14593,QMLE-Trade,2006-8-4,0.457752
AAPL,14593,QMLE-Trade,2006-8-7,0.448844
AAPL,14593,QMLE-Trade,2006-8-8,0.382015
AAPL,14593,QMLE-Trade,2006-8-9,0.365679
AAPL,14593,QMLE-Trade,2006-8-10,0.350925
AAPL,14593,QMLE-Trade,2006-8-11,0.314129
AAPL,14593,QMLE-Trade,2006-8-14,0.284034
AAPL,14593,QMLE-Trade,2006-8-15,0.255997
AAPL,14593,QMLE-Trade,2006-8-16,0.282227
AAPL,14593,QMLE-Trade,2006-8-17,0.259343
AAPL,14593,QMLE-Trade,2006-8-18,0.224651
AAPL,14593,QMLE-Trade,2006-8-21,0.223281
AAPL,14593,QMLE-Trade,2006-8-22,0.238314
AAPL,14593,QMLE-Trade,2006-8-23,0.252688
AAPL,14593,QMLE-Trade,2006-8-24,0.287753
AAPL,14593,QMLE-Trade,2006-8-25,0.248168
AAPL,14593,QMLE-Trade,2006-8-28,0.24662
AAPL,14593,QMLE-Trade,2006-8-29,0.264721
AAPL,14593,QMLE-Trade,2006-8-30,0.218339
AAPL,14593,QMLE-Trade,2006-8-31,0.201161
AAPL,14593,QMLE-Trade,2006-9-1,0.172069
AAPL,14593,QMLE-Trade,2006-9-5,0.280354
AAPL,14593,QMLE-Trade,2006-9-6,0.264488
AAPL,14593,QMLE-Trade,2006-9-7,0.304033
AAPL,14593,QMLE-Trade,2006-9-8,0.257751
AAPL,14593,QMLE-Trade,2006-9-11,0.309635
AAPL,14593,QMLE-Trade,2006-9-12,0.447457
AAPL,14593,QMLE-Trade,2006-9-13,0.306116
AAPL,14593,QMLE-Trade,2006-9-14,0.268427
AAPL,14593,QMLE-Trade,2006-9-15,0.246905
AAPL,14593,QMLE-Trade,2006-9-18,0.263812
AAPL,14593,QMLE-Trade,2006-9-19,0.284934
AAPL,14593,QMLE-Trade,2006-9-20,0.244992
AAPL,14593,QMLE-Trade,2006-9-21,0.266361
AAPL,14593,QMLE-Trade,2006-9-22,0.239184
AAPL,14593,QMLE-Trade,2006-9-25,0.26098
AAPL,14593,QMLE-Trade,2006-9-26,0.263392
AAPL,14593,QMLE-Trade,2006-9-27,0.240706
AAPL,14593,QMLE-Trade,2006-9-28,0.230913
AAPL,14593,QMLE-Trade,2006-9-29,0.157287
AAPL,14593,QMLE-Trade,2006-10-2,0.241997
AAPL,14593,QMLE-Trade,2006-10-3,0.255493
AAPL,14593,QMLE-Trade,2006-10-4,0.241747
AAPL,14593,QMLE-Trade,2006-10-5,0.28262
AAPL,14593,QMLE-Trade,2006-10-6,0.220378
AAPL,14593,QMLE-Trade,2006-10-9,0.220145
AAPL,14593,QMLE-Trade,2006-10-10,0.227028
AAPL,14593,QMLE-Trade,2006-10-11,0.244039
AAPL,14593,QMLE-Trade,2006-10-12,0.231238
AAPL,14593,QMLE-Trade,2006-10-13,0.230368
AAPL,14593,QMLE-Trade,2006-10-16,0.204808
AAPL,14593,QMLE-Trade,2006-10-17,0.18983
AAPL,14593,QMLE-Trade,2006-10-18,0.25473
AAPL,14593,QMLE-Trade,2006-10-19,0.326938
AAPL,14593,QMLE-Trade,2006-10-20,0.181528
AAPL,14593,QMLE-Trade,2006-10-23,0.234835
AAPL,14593,QMLE-Trade,2006-10-24,0.214861
AAPL,14593,QMLE-Trade,2006-10-25,0.221164
AAPL,14593,QMLE-Trade,2006-10-26,0.183145
AAPL,14593,QMLE-Trade,2006-10-27,0.217839
AAPL,14593,QMLE-Trade,2006-10-30,0.209967
AAPL,14593,QMLE-Trade,2006-10-31,0.203015
AAPL,14593,QMLE-Trade,2006-11-1,0.247412
AAPL,14593,QMLE-Trade,2006-11-2,0.219665
AAPL,14593,QMLE-Trade,2006-11-3,0.178499
AAPL,14593,QMLE-Trade,2006-11-6,0.199406
AAPL,14593,QMLE-Trade,2006-11-7,0.178544
AAPL,14593,QMLE-Trade,2006-11-8,0.227005
AAPL,14593,QMLE-Trade,2006-11-9,0.246516
AAPL,14593,QMLE-Trade,2006-11-10,0.20627
AAPL,14593,QMLE-Trade,2006-11-13,0.204934
AAPL,14593,QMLE-Trade,2006-11-14,0.208022
AAPL,14593,QMLE-Trade,2006-11-15,0.213952
AAPL,14593,QMLE-Trade,2006-11-16,0.193833
AAPL,14593,QMLE-Trade,2006-11-17,0.192495
AAPL,14593,QMLE-Trade,2006-11-20,0.22935
AAPL,14593,QMLE-Trade,2006-11-21,0.160627
AAPL,14593,QMLE-Trade,2006-11-22,0.201039
AAPL,14593,QMLE-Trade,2006-11-24,0.259135
AAPL,14593,QMLE-Trade,2006-11-27,0.284095
AAPL,14593,QMLE-Trade,2006-11-28,0.262842
AAPL,14593,QMLE-Trade,2006-11-29,0.307625
AAPL,14593,QMLE-Trade,2006-11-30,0.265185
AAPL,14593,QMLE-Trade,2006-12-1,0.278857
AAPL,14593,QMLE-Trade,2006-12-4,0.225133
AAPL,14593,QMLE-Trade,2006-12-5,0.21647
AAPL,14593,QMLE-Trade,2006-12-6,0.179839
AAPL,14593,QMLE-Trade,2006-12-7,0.301715
AAPL,14593,QMLE-Trade,2006-12-8,0.252829
AAPL,14593,QMLE-Trade,2006-12-11,0.207613
AAPL,14593,QMLE-Trade,2006-12-12,0.321871
AAPL,14593,QMLE-Trade,2006-12-13,0.214693
AAPL,14593,QMLE-Trade,2006-12-14,0.246082
AAPL,14593,QMLE-Trade,2006-12-15,0.217247
AAPL,14593,QMLE-Trade,2006-12-18,0.278641
AAPL,14593,QMLE-Trade,2006-12-19,0.294193
AAPL,14593,QMLE-Trade,2006-12-20,0.260349
AAPL,14593,QMLE-Trade,2006-12-21,0.323909
AAPL,14593,QMLE-Trade,2006-12-22,0.285878
AAPL,14593,QMLE-Trade,2006-12-26,0.214852
AAPL,14593,QMLE-Trade,2006-12-27,0.356146
AAPL,14593,QMLE-Trade,2006-12-28,0.252286
AAPL,14593,QMLE-Trade,2006-12-29,0.231841
AAPL,14593,QMLE-Trade,2007-1-3,0.351283
AAPL,14593,QMLE-Trade,2007-1-4,0.292609
AAPL,14593,QMLE-Trade,2007-1-5,0.235062
AAPL,14593,QMLE-Trade,2007-1-8,0.232804
AAPL,14593,QMLE-Trade,2007-1-9,0.561438
AAPL,14593,QMLE-Trade,2007-1-10,0.379266
AAPL,14593,QMLE-Trade,2007-1-11,0.286529
AAPL,14593,QMLE-Trade,2007-1-12,0.252766
AAPL,14593,QMLE-Trade,2007-1-16,0.216259
AAPL,14593,QMLE-Trade,2007-1-17,0.244087
AAPL,14593,QMLE-Trade,2007-1-18,0.35259
AAPL,14593,QMLE-Trade,2007-1-19,0.277507
AAPL,14593,QMLE-Trade,2007-1-22,0.337991
AAPL,14593,QMLE-Trade,2007-1-23,0.314052
AAPL,14593,QMLE-Trade,2007-1-24,0.225043
AAPL,14593,QMLE-Trade,2007-1-25,0.277615
AAPL,14593,QMLE-Trade,2007-1-26,0.288005
AAPL,14593,QMLE-Trade,2007-1-29,0.238226
AAPL,14593,QMLE-Trade,2007-1-30,0.165281
AAPL,14593,QMLE-Trade,2007-1-31,0.239381
AAPL,14593,QMLE-Trade,2007-2-1,0.193907
AAPL,14593,QMLE-Trade,2007-2-2,0.204568
AAPL,14593,QMLE-Trade,2007-2-5,0.194069
AAPL,14593,QMLE-Trade,2007-2-6,0.243271
AAPL,14593,QMLE-Trade,2007-2-7,0.248299
AAPL,14593,QMLE-Trade,2007-2-8,0.229533
AAPL,14593,QMLE-Trade,2007-2-9,0.235085
AAPL,14593,QMLE-Trade,2007-2-12,0.220153
AAPL,14593,QMLE-Trade,2007-2-13,0.19845
AAPL,14593,QMLE-Trade,2007-2-14,0.157388
AAPL,14593,QMLE-Trade,2007-2-15,0.148324
AAPL,14593,QMLE-Trade,2007-2-16,0.0977529
AAPL,14593,QMLE-Trade,2007-2-20,0.188489
AAPL,14593,QMLE-Trade,2007-2-21,0.231195
AAPL,14593,QMLE-Trade,2007-2-22,0.245727
AAPL,14593,QMLE-Trade,2007-2-23,0.20451
AAPL,14593,QMLE-Trade,2007-2-26,0.266162
AAPL,14593,QMLE-Trade,2007-2-27,0.330993
AAPL,14593,QMLE-Trade,2007-2-28,0.283512
AAPL,14593,QMLE-Trade,2007-3-1,0.353005
AAPL,14593,QMLE-Trade,2007-3-2,0.28451
AAPL,14593,QMLE-Trade,2007-3-5,0.301577
AAPL,14593,QMLE-Trade,2007-3-6,0.211872
AAPL,14593,QMLE-Trade,2007-3-7,0.220417
AAPL,14593,QMLE-Trade,2007-3-8,0.164583
AAPL,14593,QMLE-Trade,2007-3-9,0.178988
AAPL,14593,QMLE-Trade,2007-3-12,0.194135
AAPL,14593,QMLE-Trade,2007-3-13,0.206305
AAPL,14593,QMLE-Trade,2007-3-14,0.225092
AAPL,14593,QMLE-Trade,2007-3-15,0.178433
AAPL,14593,QMLE-Trade,2007-3-16,0.13025
AAPL,14593,QMLE-Trade,2007-3-19,0.17741
AAPL,14593,QMLE-Trade,2007-3-20,0.15114
AAPL,14593,QMLE-Trade,2007-3-21,0.171615
AAPL,14593,QMLE-Trade,2007-3-22,0.177882
AAPL,14593,QMLE-Trade,2007-3-23,0.139539
AAPL,14593,QMLE-Trade,2007-3-26,0.176448
AAPL,14593,QMLE-Trade,2007-3-27,0.199893
AAPL,14593,QMLE-Trade,2007-3-28,0.202089
AAPL,14593,QMLE-Trade,2007-3-29,0.198045
AAPL,14593,QMLE-Trade,2007-3-30,0.217452
AAPL,14593,QMLE-Trade,2007-4-2,0.168584
AAPL,14593,QMLE-Trade,2007-4-3,0.15527
AAPL,14593,QMLE-Trade,2007-4-4,0.154757
AAPL,14593,QMLE-Trade,2007-4-5,0.130509
AAPL,14593,QMLE-Trade,2007-4-9,0.153479
AAPL,14593,QMLE-Trade,2007-4-10,0.122738
AAPL,14593,QMLE-Trade,2007-4-11,0.173978
AAPL,14593,QMLE-Trade,2007-4-12,0.181204
AAPL,14593,QMLE-Trade,2007-4-13,0.17796
AAPL,14593,QMLE-Trade,2007-4-16,0.150297
AAPL,14593,QMLE-Trade,2007-4-17,0.188485
AAPL,14593,QMLE-Trade,2007-4-18,0.154624
AAPL,14593,QMLE-Trade,2007-4-19,0.17421
AAPL,14593,QMLE-Trade,2007-4-20,0.132266
AAPL,14593,QMLE-Trade,2007-4-23,0.158805
AAPL,14593,QMLE-Trade,2007-4-24,0.358449
AAPL,14593,QMLE-Trade,2007-4-25,0.162807
AAPL,14593,QMLE-Trade,2007-4-26,0.372363
AAPL,14593,QMLE-Trade,2007-4-27,0.205632
AAPL,14593,QMLE-Trade,2007-4-30,0.156898
AAPL,14593,QMLE-Trade,2007-5-1,0.214929
AAPL,14593,QMLE-Trade,2007-5-2,0.136101
AAPL,14593,QMLE-Trade,2007-5-3,0.194745
AAPL,14593,QMLE-Trade,2007-5-4,0.129928
AAPL,14593,QMLE-Trade,2007-5-7,0.211095
AAPL,14593,QMLE-Trade,2007-5-8,0.23569
AAPL,14593,QMLE-Trade,2007-5-9,0.18815
AAPL,14593,QMLE-Trade,2007-5-10,0.30716
AAPL,14593,QMLE-Trade,2007-5-11,0.193108
AAPL,14593,QMLE-Trade,2007-5-14,0.192975
AAPL,14593,QMLE-Trade,2007-5-15,0.249266
AAPL,14593,QMLE-Trade,2007-5-16,0.38243
AAPL,14593,QMLE-Trade,2007-5-17,0.224744
AAPL,14593,QMLE-Trade,2007-5-18,0.153998
AAPL,14593,QMLE-Trade,2007-5-21,0.202612
AAPL,14593,QMLE-Trade,2007-5-22,0.184332
AAPL,14593,QMLE-Trade,2007-5-23,0.222802
AAPL,14593,QMLE-Trade,2007-5-24,0.291815
AAPL,14593,QMLE-Trade,2007-5-25,0.195108
AAPL,14593,QMLE-Trade,2007-5-29,0.203512
AAPL,14593,QMLE-Trade,2007-5-30,0.277408
AAPL,14593,QMLE-Trade,2007-5-31,0.24356
AAPL,14593,QMLE-Trade,2007-6-1,0.248876
AAPL,14593,QMLE-Trade,2007-6-4,0.252327
AAPL,14593,QMLE-Trade,2007-6-5,0.254303
AAPL,14593,QMLE-Trade,2007-6-6,0.218935
AAPL,14593,QMLE-Trade,2007-6-7,0.316214
AAPL,14593,QMLE-Trade,2007-6-8,0.305695
AAPL,14593,QMLE-Trade,2007-6-11,0.398293
AAPL,14593,QMLE-Trade,2007-6-12,0.33862
AAPL,14593,QMLE-Trade,2007-6-13,0.329969
AAPL,14593,QMLE-Trade,2007-6-14,0.252665
AAPL,14593,QMLE-Trade,2007-6-15,0.128127
AAPL,14593,QMLE-Trade,2007-6-18,0.226969
AAPL,14593,QMLE-Trade,2007-6-19,0.235734
AAPL,14593,QMLE-Trade,2007-6-20,0.246392
AAPL,14593,QMLE-Trade,2007-6-21,0.263188
AAPL,14593,QMLE-Trade,2007-6-22,0.260516
AAPL,14593,QMLE-Trade,2007-6-25,0.279581
AAPL,14593,QMLE-Trade,2007-6-26,0.338863
AAPL,14593,QMLE-Trade,2007-6-27,0.284002
AAPL,14593,QMLE-Trade,2007-6-28,0.250228
AAPL,14593,QMLE-Trade,2007-6-29,0.272585
AAPL,14593,QMLE-Trade,2007-7-2,0.282014
AAPL,14593,QMLE-Trade,2007-7-3,0.3388
AAPL,14593,QMLE-Trade,2007-7-5,0.279055
AAPL,14593,QMLE-Trade,2007-7-6,0.217919
AAPL,14593,QMLE-Trade,2007-7-9,0.243885
AAPL,14593,QMLE-Trade,2007-7-10,0.289688
AAPL,14593,QMLE-Trade,2007-7-11,0.211999
AAPL,14593,QMLE-Trade,2007-7-12,0.190631
AAPL,14593,QMLE-Trade,2007-7-13,0.181156
AAPL,14593,QMLE-Trade,2007-7-16,0.225005
AAPL,14593,QMLE-Trade,2007-7-17,0.195031
AAPL,14593,QMLE-Trade,2007-7-18,0.207238
AAPL,14593,QMLE-Trade,2007-7-19,0.149951
AAPL,14593,QMLE-Trade,2007-7-20,0.209442
AAPL,14593,QMLE-Trade,2007-7-23,0.232765
AAPL,14593,QMLE-Trade,2007-7-24,0.354195
AAPL,14593,QMLE-Trade,2007-7-25,0.34844
AAPL,14593,QMLE-Trade,2007-7-26,0.558509
AAPL,14593,QMLE-Trade,2007-7-27,0.394932
AAPL,14593,QMLE-Trade,2007-7-30,0.435032
AAPL,14593,QMLE-Trade,2007-7-31,0.515876
AAPL,14593,QMLE-Trade,2007-8-1,0.610022
AAPL,14593,QMLE-Trade,2007-8-2,0.360041
AAPL,14593,QMLE-Trade,2007-8-3,0.289167
AAPL,14593,QMLE-Trade,2007-8-6,0.484133
AAPL,14593,QMLE-Trade,2007-8-7,0.422652
AAPL,14593,QMLE-Trade,2007-8-8,0.376032
AAPL,14593,QMLE-Trade,2007-8-9,0.484099
AAPL,14593,QMLE-Trade,2007-8-10,0.693915
AAPL,14593,QMLE-Trade,2007-8-13,0.364785
AAPL,14593,QMLE-Trade,2007-8-14,0.369779
AAPL,14593,QMLE-Trade,2007-8-15,0.441998
AAPL,14593,QMLE-Trade,2007-8-16,0.787038
AAPL,14593,QMLE-Trade,2007-8-17,0.426633
AAPL,14593,QMLE-Trade,2007-8-20,0.33796
AAPL,14593,QMLE-Trade,2007-8-21,0.415065
AAPL,14593,QMLE-Trade,2007-8-22,0.265278
AAPL,14593,QMLE-Trade,2007-8-23,0.289096
AAPL,14593,QMLE-Trade,2007-8-24,0.262177
AAPL,14593,QMLE-Trade,2007-8-27,0.216429
AAPL,14593,QMLE-Trade,2007-8-28,0.357497
AAPL,14593,QMLE-Trade,2007-8-29,0.261273
AAPL,14593,QMLE-Trade,2007-8-30,0.359322
AAPL,14593,QMLE-Trade,2007-8-31,0.252889
AAPL,14593,QMLE-Trade,2007-9-4,0.254376
AAPL,14593,QMLE-Trade,2007-9-5,0.57119
AAPL,14593,QMLE-Trade,2007-9-6,0.457217
AAPL,14593,QMLE-Trade,2007-9-7,0.30354
AAPL,14593,QMLE-Trade,2007-9-10,0.313384
AAPL,14593,QMLE-Trade,2007-9-11,0.294365
AAPL,14593,QMLE-Trade,2007-9-12,0.252054
AAPL,14593,QMLE-Trade,2007-9-13,0.229756
AAPL,14593,QMLE-Trade,2007-9-14,0.211105
AAPL,14593,QMLE-Trade,2007-9-17,0.237408
AAPL,14593,QMLE-Trade,2007-9-18,0.293977
AAPL,14593,QMLE-Trade,2007-9-19,0.267982
AAPL,14593,QMLE-Trade,2007-9-20,0.216799
AAPL,14593,QMLE-Trade,2007-9-21,0.184397
AAPL,14593,QMLE-Trade,2007-9-24,0.259376
AAPL,14593,QMLE-Trade,2007-9-25,0.252545
AAPL,14593,QMLE-Trade,2007-9-26,0.255873
AAPL,14593,QMLE-Trade,2007-9-27,0.201465
AAPL,14593,QMLE-Trade,2007-9-28,0.184125
AAPL,14593,QMLE-Trade,2007-10-1,0.218655
AAPL,14593,QMLE-Trade,2007-10-2,0.214875
AAPL,14593,QMLE-Trade,2007-10-3,0.219334
AAPL,14593,QMLE-Trade,2007-10-4,0.237906
AAPL,14593,QMLE-Trade,2007-10-5,0.198426
AAPL,14593,QMLE-Trade,2007-10-8,0.200986
AAPL,14593,QMLE-Trade,2007-10-9,0.299814
AAPL,14593,QMLE-Trade,2007-10-10,0.208085
AAPL,14593,QMLE-Trade,2007-10-11,0.816934
AAPL,14593,QMLE-Trade,2007-10-12,0.323708
AAPL,14593,QMLE-Trade,2007-10-15,0.377703
AAPL,14593,QMLE-Trade,2007-10-16,0.288002
AAPL,14593,QMLE-Trade,2007-10-17,0.270249
AAPL,14593,QMLE-Trade,2007-10-18,0.214036
AAPL,14593,QMLE-Trade,2007-10-19,0.296705
AAPL,14593,QMLE-Trade,2007-10-22,0.252765
AAPL,14593,QMLE-Trade,2007-10-23,0.340577
AAPL,14593,QMLE-Trade,2007-10-24,0.412845
AAPL,14593,QMLE-Trade,2007-10-25,0.313712
AAPL,14593,QMLE-Trade,2007-10-26,0.224405
AAPL,14593,QMLE-Trade,2007-10-29,0.166316
AAPL,14593,QMLE-Trade,2007-10-30,0.224886
AAPL,14593,QMLE-Trade,2007-10-31,0.301344
AAPL,14593,QMLE-Trade,2007-11-1,0.262682
AAPL,14593,QMLE-Trade,2007-11-2,0.355503
AAPL,14593,QMLE-Trade,2007-11-5,0.278825
AAPL,14593,QMLE-Trade,2007-11-6,0.257881
AAPL,14593,QMLE-Trade,2007-11-7,0.280479
AAPL,14593,QMLE-Trade,2007-11-8,0.845057
AAPL,14593,QMLE-Trade,2007-11-9,0.595909
AAPL,14593,QMLE-Trade,2007-11-12,0.827844
AAPL,14593,QMLE-Trade,2007-11-13,0.467882
AAPL,14593,QMLE-Trade,2007-11-14,0.550385
AAPL,14593,QMLE-Trade,2007-11-15,0.637405
AAPL,14593,QMLE-Trade,2007-11-16,0.578501
AAPL,14593,QMLE-Trade,2007-11-19,0.508777
AAPL,14593,QMLE-Trade,2007-11-20,0.626871
AAPL,14593,QMLE-Trade,2007-11-21,0.49514
AAPL,14593,QMLE-Trade,2007-11-23,0.274938
AAPL,14593,QMLE-Trade,2007-11-26,0.379113
AAPL,14593,QMLE-Trade,2007-11-27,0.436087
AAPL,14593,QMLE-Trade,2007-11-28,0.266403
AAPL,14593,QMLE-Trade,2007-11-29,0.284971
AAPL,14593,QMLE-Trade,2007-11-30,0.375441
AAPL,14593,QMLE-Trade,2007-12-3,0.362975
AAPL,14593,QMLE-Trade,2007-12-4,0.315726
AAPL,14593,QMLE-Trade,2007-12-5,0.250091
AAPL,14593,QMLE-Trade,2007-12-6,0.23469
AAPL,14593,QMLE-Trade,2007-12-7,0.246858
AAPL,14593,QMLE-Trade,2007-12-10,0.21476
AAPL,14593,QMLE-Trade,2007-12-11,0.397203
AAPL,14593,QMLE-Trade,2007-12-12,0.377858
AAPL,14593,QMLE-Trade,2007-12-13,0.343965
AAPL,14593,QMLE-Trade,2007-12-14,0.251625
AAPL,14593,QMLE-Trade,2007-12-17,0.386735
AAPL,14593,QMLE-Trade,2007-12-18,0.432737
AAPL,14593,QMLE-Trade,2007-12-19,0.280222
AAPL,14593,QMLE-Trade,2007-12-20,0.212827
AAPL,14593,QMLE-Trade,2007-12-21,0.168798
AAPL,14593,QMLE-Trade,2007-12-24,0.200536
AAPL,14593,QMLE-Trade,2007-12-26,0.22053
AAPL,14593,QMLE-Trade,2007-12-27,0.261347
AAPL,14593,QMLE-Trade,2007-12-28,0.24195
AAPL,14593,QMLE-Trade,2007-12-31,0.219229
AAPL,14593,QMLE-Trade,2008-1-2,0.343489
AAPL,14593,QMLE-Trade,2008-1-3,0.268677
AAPL,14593,QMLE-Trade,2008-1-4,0.417181
AAPL,14593,QMLE-Trade,2008-1-7,0.714343
AAPL,14593,QMLE-Trade,2008-1-8,0.552834
AAPL,14593,QMLE-Trade,2008-1-9,0.6762
AAPL,14593,QMLE-Trade,2008-1-10,0.53021
AAPL,14593,QMLE-Trade,2008-1-11,0.473894
AAPL,14593,QMLE-Trade,2008-1-14,0.281922
AAPL,14593,QMLE-Trade,2008-1-15,0.71422
AAPL,14593,QMLE-Trade,2008-1-16,0.764329
AAPL,14593,QMLE-Trade,2008-1-17,0.671202
AAPL,14593,QMLE-Trade,2008-1-18,0.505916
AAPL,14593,QMLE-Trade,2008-1-22,0.821169
AAPL,14593,QMLE-Trade,2008-1-23,0.891687
AAPL,14593,QMLE-Trade,2008-1-24,0.61309
AAPL,14593,QMLE-Trade,2008-1-25,0.540546
AAPL,14593,QMLE-Trade,2008-1-28,0.5568
AAPL,14593,QMLE-Trade,2008-1-29,0.398415
AAPL,14593,QMLE-Trade,2008-1-30,0.488853
AAPL,14593,QMLE-Trade,2008-1-31,0.443443
AAPL,14593,QMLE-Trade,2008-2-1,0.352591
AAPL,14593,QMLE-Trade,2008-2-4,0.324751
AAPL,14593,QMLE-Trade,2008-2-5,0.382429
AAPL,14593,QMLE-Trade,2008-2-6,0.505554
AAPL,14593,QMLE-Trade,2008-2-7,0.717568
AAPL,14593,QMLE-Trade,2008-2-8,0.478747
AAPL,14593,QMLE-Trade,2008-2-11,0.349376
AAPL,14593,QMLE-Trade,2008-2-12,0.364256
AAPL,14593,QMLE-Trade,2008-2-13,0.339112
AAPL,14593,QMLE-Trade,2008-2-14,0.338567
AAPL,14593,QMLE-Trade,2008-2-15,0.283379
AAPL,14593,QMLE-Trade,2008-2-19,0.331318
AAPL,14593,QMLE-Trade,2008-2-20,0.394421
AAPL,14593,QMLE-Trade,2008-2-21,0.359862
AAPL,14593,QMLE-Trade,2008-2-22,0.417373
AAPL,14593,QMLE-Trade,2008-2-25,0.438354
AAPL,14593,QMLE-Trade,2008-2-26,0.419062
AAPL,14593,QMLE-Trade,2008-2-27,0.401479
AAPL,14593,QMLE-Trade,2008-2-28,0.342829
AAPL,14593,QMLE-Trade,2008-2-29,0.379218
AAPL,14593,QMLE-Trade,2008-3-3,0.466747
AAPL,14593,QMLE-Trade,2008-3-4,0.612894
AAPL,14593,QMLE-Trade,2008-3-5,0.403607
AAPL,14593,QMLE-Trade,2008-3-6,0.440569
AAPL,14593,QMLE-Trade,2008-3-7,0.45248
AAPL,14593,QMLE-Trade,2008-3-10,0.414148
AAPL,14593,QMLE-Trade,2008-3-11,0.405809
AAPL,14593,QMLE-Trade,2008-3-12,0.383162
AAPL,14593,QMLE-Trade,2008-3-13,0.467937
AAPL,14593,QMLE-Trade,2008-3-14,0.582177
AAPL,14593,QMLE-Trade,2008-3-17,0.506706
AAPL,14593,QMLE-Trade,2008-3-18,0.370919
AAPL,14593,QMLE-Trade,2008-3-19,0.367777
AAPL,14593,QMLE-Trade,2008-3-20,0.282362
AAPL,14593,QMLE-Trade,2008-3-24,0.297782
AAPL,14593,QMLE-Trade,2008-3-25,0.324519
AAPL,14593,QMLE-Trade,2008-3-26,0.329104
AAPL,14593,QMLE-Trade,2008-3-27,0.343092
AAPL,14593,QMLE-Trade,2008-3-28,0.273372
AAPL,14593,QMLE-Trade,2008-3-31,0.29513
AAPL,14593,QMLE-Trade,2008-4-1,0.264549
AAPL,14593,QMLE-Trade,2008-4-2,0.312921
AAPL,14593,QMLE-Trade,2008-4-3,0.311027
AAPL,14593,QMLE-Trade,2008-4-4,0.296656
AAPL,14593,QMLE-Trade,2008-4-7,0.290679
AAPL,14593,QMLE-Trade,2008-4-8,0.287243
AAPL,14593,QMLE-Trade,2008-4-9,0.296215
AAPL,14593,QMLE-Trade,2008-4-10,0.27136
AAPL,14593,QMLE-Trade,2008-4-11,0.291267
AAPL,14593,QMLE-Trade,2008-4-14,0.342506
AAPL,14593,QMLE-Trade,2008-4-15,0.282258
AAPL,14593,QMLE-Trade,2008-4-16,0.234293
AAPL,14593,QMLE-Trade,2008-4-17,0.257191
AAPL,14593,QMLE-Trade,2008-4-18,0.224077
AAPL,14593,QMLE-Trade,2008-4-21,0.238808
AAPL,14593,QMLE-Trade,2008-4-22,0.347437
AAPL,14593,QMLE-Trade,2008-4-23,0.284672
AAPL,14593,QMLE-Trade,2008-4-24,0.432651
AAPL,14593,QMLE-Trade,2008-4-25,0.318727
AAPL,14593,QMLE-Trade,2008-4-28,0.263852
AAPL,14593,QMLE-Trade,2008-4-29,0.245767
AAPL,14593,QMLE-Trade,2008-4-30,0.322177
AAPL,14593,QMLE-Trade,2008-5-1,0.257738
AAPL,14593,QMLE-Trade,2008-5-2,0.328968
AAPL,14593,QMLE-Trade,2008-5-5,0.271136
AAPL,14593,QMLE-Trade,2008-5-6,0.256734
AAPL,14593,QMLE-Trade,2008-5-7,0.302587
AAPL,14593,QMLE-Trade,2008-5-8,0.262213
AAPL,14593,QMLE-Trade,2008-5-9,0.237099
AAPL,14593,QMLE-Trade,2008-5-12,0.22432
AAPL,14593,QMLE-Trade,2008-5-13,0.223621
AAPL,14593,QMLE-Trade,2008-5-14,0.266458
AAPL,14593,QMLE-Trade,2008-5-15,0.304678
AAPL,14593,QMLE-Trade,2008-5-16,0.226169
AAPL,14593,QMLE-Trade,2008-5-19,0.31556
AAPL,14593,QMLE-Trade,2008-5-20,0.32342
AAPL,14593,QMLE-Trade,2008-5-21,0.416895
AAPL,14593,QMLE-Trade,2008-5-22,0.448642
AAPL,14593,QMLE-Trade,2008-5-23,0.326901
AAPL,14593,QMLE-Trade,2008-5-27,0.247353
AAPL,14593,QMLE-Trade,2008-5-28,0.252997
AAPL,14593,QMLE-Trade,2008-5-29,0.253139
AAPL,14593,QMLE-Trade,2008-5-30,0.175566
AAPL,14593,QMLE-Trade,2008-6-2,0.253273
AAPL,14593,QMLE-Trade,2008-6-3,0.287231
AAPL,14593,QMLE-Trade,2008-6-4,0.292125
AAPL,14593,QMLE-Trade,2008-6-5,0.203005
AAPL,14593,QMLE-Trade,2008-6-6,0.285407
AAPL,14593,QMLE-Trade,2008-6-9,0.603937
AAPL,14593,QMLE-Trade,2008-6-10,0.331404
AAPL,14593,QMLE-Trade,2008-6-11,0.337633
AAPL,14593,QMLE-Trade,2008-6-12,0.447292
AAPL,14593,QMLE-Trade,2008-6-13,0.574275
AAPL,14593,QMLE-Trade,2008-6-16,0.396049
AAPL,14593,QMLE-Trade,2008-6-17,0.299446
AAPL,14593,QMLE-Trade,2008-6-18,0.301145
AAPL,14593,QMLE-Trade,2008-6-19,0.315178
AAPL,14593,QMLE-Trade,2008-6-20,0.310724
AAPL,14593,QMLE-Trade,2008-6-23,0.356896
AAPL,14593,QMLE-Trade,2008-6-24,0.341608
AAPL,14593,QMLE-Trade,2008-6-25,0.294735
AAPL,14593,QMLE-Trade,2008-6-26,0.350565
AAPL,14593,QMLE-Trade,2008-6-27,0.419237
AAPL,14593,QMLE-Trade,2008-6-30,0.376184
AAPL,14593,QMLE-Trade,2008-7-1,0.427084
AAPL,14593,QMLE-Trade,2008-7-2,0.404528
AAPL,14593,QMLE-Trade,2008-7-3,0.515091
AAPL,14593,QMLE-Trade,2008-7-7,0.364802
AAPL,14593,QMLE-Trade,2008-7-8,0.365211
AAPL,14593,QMLE-Trade,2008-7-9,0.342452
AAPL,14593,QMLE-Trade,2008-7-10,0.448184
AAPL,14593,QMLE-Trade,2008-7-11,0.527708
AAPL,14593,QMLE-Trade,2008-7-14,0.41025
AAPL,14593,QMLE-Trade,2008-7-15,0.538833
AAPL,14593,QMLE-Trade,2008-7-16,0.389535
AAPL,14593,QMLE-Trade,2008-7-17,0.333466
AAPL,14593,QMLE-Trade,2008-7-18,0.299322
AAPL,14593,QMLE-Trade,2008-7-21,0.375116
AAPL,14593,QMLE-Trade,2008-7-22,0.525351
AAPL,14593,QMLE-Trade,2008-7-23,0.395401
AAPL,14593,QMLE-Trade,2008-7-24,0.373866
AAPL,14593,QMLE-Trade,2008-7-25,0.321121
AAPL,14593,QMLE-Trade,2008-7-28,0.323474
AAPL,14593,QMLE-Trade,2008-7-29,0.356406
AAPL,14593,QMLE-Trade,2008-7-30,0.336325
AAPL,14593,QMLE-Trade,2008-7-31,0.352635
AAPL,14593,QMLE-Trade,2008-8-1,0.348345
AAPL,14593,QMLE-Trade,2008-8-4,0.347447
AAPL,14593,QMLE-Trade,2008-8-5,0.282921
AAPL,14593,QMLE-Trade,2008-8-6,0.318196
AAPL,14593,QMLE-Trade,2008-8-7,0.306238
AAPL,14593,QMLE-Trade,2008-8-8,0.2519
AAPL,14593,QMLE-Trade,2008-8-11,0.318506
AAPL,14593,QMLE-Trade,2008-8-12,0.294794
AAPL,14593,QMLE-Trade,2008-8-13,0.321496
AAPL,14593,QMLE-Trade,2008-8-14,0.266048
AAPL,14593,QMLE-Trade,2008-8-15,0.263252
AAPL,14593,QMLE-Trade,2008-8-18,0.279458
AAPL,14593,QMLE-Trade,2008-8-19,0.283828
AAPL,14593,QMLE-Trade,2008-8-20,0.278592
AAPL,14593,QMLE-Trade,2008-8-21,0.270027
AAPL,14593,QMLE-Trade,2008-8-22,0.202945
AAPL,14593,QMLE-Trade,2008-8-25,0.236397
AAPL,14593,QMLE-Trade,2008-8-26,0.219385
AAPL,14593,QMLE-Trade,2008-8-27,0.225527
AAPL,14593,QMLE-Trade,2008-8-28,0.217747
AAPL,14593,QMLE-Trade,2008-8-29,0.239145
AAPL,14593,QMLE-Trade,2008-9-2,0.354518
AAPL,14593,QMLE-Trade,2008-9-3,0.349606
AAPL,14593,QMLE-Trade,2008-9-4,0.36578
AAPL,14593,QMLE-Trade,2008-9-5,0.482903
AAPL,14593,QMLE-Trade,2008-9-8,0.625856
AAPL,14593,QMLE-Trade,2008-9-9,0.648367
AAPL,14593,QMLE-Trade,2008-9-10,0.552661
AAPL,14593,QMLE-Trade,2008-9-11,0.474191
AAPL,14593,QMLE-Trade,2008-9-12,0.476308
AAPL,14593,QMLE-Trade,2008-9-15,0.592094
AAPL,14593,QMLE-Trade,2008-9-16,0.817039
AAPL,14593,QMLE-Trade,2008-9-17,0.731691
AAPL,14593,QMLE-Trade,2008-9-18,0.951281
AAPL,14593,QMLE-Trade,2008-9-19,0.665239
AAPL,14593,QMLE-Trade,2008-9-22,0.530703
AAPL,14593,QMLE-Trade,2008-9-23,0.684979
AAPL,14593,QMLE-Trade,2008-9-24,0.636758
AAPL,14593,QMLE-Trade,2008-9-25,0.491735
AAPL,14593,QMLE-Trade,2008-9-26,0.617455
AAPL,14593,QMLE-Trade,2008-9-29,1.74404
AAPL,14593,QMLE-Trade,2008-9-30,0.692618
AAPL,14593,QMLE-Trade,2008-10-1,0.679529
AAPL,14593,QMLE-Trade,2008-10-2,0.829519
AAPL,14593,QMLE-Trade,2008-10-3,1.74843
AAPL,14593,QMLE-Trade,2008-10-6,1.2083
AAPL,14593,QMLE-Trade,2008-10-7,1.14128
AAPL,14593,QMLE-Trade,2008-10-8,1.41124
AAPL,14593,QMLE-Trade,2008-10-9,1.08582
AAPL,14593,QMLE-Trade,2008-10-10,1.70759
AAPL,14593,QMLE-Trade,2008-10-13,0.683456
AAPL,14593,QMLE-Trade,2008-10-14,1.06911
AAPL,14593,QMLE-Trade,2008-10-15,0.893893
AAPL,14593,QMLE-Trade,2008-10-16,1.28994
AAPL,14593,QMLE-Trade,2008-10-17,0.902923
AAPL,14593,QMLE-Trade,2008-10-20,0.787804
AAPL,14593,QMLE-Trade,2008-10-21,0.666523
AAPL,14593,QMLE-Trade,2008-10-22,0.866989
AAPL,14593,QMLE-Trade,2008-10-23,1.04708
AAPL,14593,QMLE-Trade,2008-10-24,1.16426
AAPL,14593,QMLE-Trade,2008-10-27,0.72909
AAPL,14593,QMLE-Trade,2008-10-28,0.709742
AAPL,14593,QMLE-Trade,2008-10-29,0.877865
AAPL,14593,QMLE-Trade,2008-10-30,0.636196
AAPL,14593,QMLE-Trade,2008-10-31,0.63576
AAPL,14593,QMLE-Trade,2008-11-3,0.477119
AAPL,14593,QMLE-Trade,2008-11-4,0.51233
AAPL,14593,QMLE-Trade,2008-11-5,0.520728
AAPL,14593,QMLE-Trade,2008-11-6,0.651161
AAPL,14593,QMLE-Trade,2008-11-7,0.600892
AAPL,14593,QMLE-Trade,2008-11-10,0.574405
AAPL,14593,QMLE-Trade,2008-11-11,0.616724
AAPL,14593,QMLE-Trade,2008-11-12,0.526728
AAPL,14593,QMLE-Trade,2008-11-13,0.861881
AAPL,14593,QMLE-Trade,2008-11-14,0.673571
AAPL,14593,QMLE-Trade,2008-11-17,0.645684
AAPL,14593,QMLE-Trade,2008-11-18,0.596325
AAPL,14593,QMLE-Trade,2008-11-19,0.625506
AAPL,14593,QMLE-Trade,2008-11-20,0.886108
AAPL,14593,QMLE-Trade,2008-11-21,0.80689
AAPL,14593,QMLE-Trade,2008-11-24,0.647102
AAPL,14593,QMLE-Trade,2008-11-25,0.698218
AAPL,14593,QMLE-Trade,2008-11-26,0.546694
AAPL,14593,QMLE-Trade,2008-11-28,0.469398
AAPL,14593,QMLE-Trade,2008-12-1,0.501675
AAPL,14593,QMLE-Trade,2008-12-2,0.664999
AAPL,14593,QMLE-Trade,2008-12-3,0.653027
AAPL,14593,QMLE-Trade,2008-12-4,0.621944
AAPL,14593,QMLE-Trade,2008-12-5,0.60857
AAPL,14593,QMLE-Trade,2008-12-8,0.48927
AAPL,14593,QMLE-Trade,2008-12-9,0.537695
AAPL,14593,QMLE-Trade,2008-12-10,0.488159
AAPL,14593,QMLE-Trade,2008-12-11,0.517239
AAPL,14593,QMLE-Trade,2008-12-12,0.612771
AAPL,14593,QMLE-Trade,2008-12-15,0.443679
AAPL,14593,QMLE-Trade,2008-12-16,0.491563
AAPL,14593,QMLE-Trade,2008-12-17,0.423371
AAPL,14593,QMLE-Trade,2008-12-18,0.382185
AAPL,14593,QMLE-Trade,2008-12-19,0.33781
AAPL,14593,QMLE-Trade,2008-12-22,0.393786
AAPL,14593,QMLE-Trade,2008-12-23,0.371331
AAPL,14593,QMLE-Trade,2008-12-24,0.345782
AAPL,14593,QMLE-Trade,2008-12-26,0.244763
AAPL,14593,QMLE-Trade,2008-12-29,0.280752
AAPL,14593,QMLE-Trade,2008-12-30,0.466396
AAPL,14593,QMLE-Trade,2008-12-31,0.271298
AAPL,14593,QMLE-Trade,2009-1-2,0.312374
AAPL,14593,QMLE-Trade,2009-1-5,0.413167
AAPL,14593,QMLE-Trade,2009-1-6,0.47043
AAPL,14593,QMLE-Trade,2009-1-7,0.38152
AAPL,14593,QMLE-Trade,2009-1-8,0.420322
AAPL,14593,QMLE-Trade,2009-1-9,0.383704
AAPL,14593,QMLE-Trade,2009-1-12,0.357926
AAPL,14593,QMLE-Trade,2009-1-13,0.445682
AAPL,14593,QMLE-Trade,2009-1-14,0.383834
AAPL,14593,QMLE-Trade,2009-1-15,0.535427
AAPL,14593,QMLE-Trade,2009-1-16,0.509604
AAPL,14593,QMLE-Trade,2009-1-20,0.501628
AAPL,14593,QMLE-Trade,2009-1-21,0.439316
AAPL,14593,QMLE-Trade,2009-1-22,0.567571
AAPL,14593,QMLE-Trade,2009-1-23,0.473314
AAPL,14593,QMLE-Trade,2009-1-26,0.367241
AAPL,14593,QMLE-Trade,2009-1-27,0.286017
AAPL,14593,QMLE-Trade,2009-1-28,0.323148
AAPL,14593,QMLE-Trade,2009-1-29,0.295453
AAPL,14593,QMLE-Trade,2009-1-30,0.314849
AAPL,14593,QMLE-Trade,2009-2-2,0.361445
AAPL,14593,QMLE-Trade,2009-2-3,0.337766
AAPL,14593,QMLE-Trade,2009-2-4,0.323426
AAPL,14593,QMLE-Trade,2009-2-5,0.343004
AAPL,14593,QMLE-Trade,2009-2-6,0.270124
AAPL,14593,QMLE-Trade,2009-2-9,0.301755
AAPL,14593,QMLE-Trade,2009-2-10,0.469632
AAPL,14593,QMLE-Trade,2009-2-11,0.415512
AAPL,14593,QMLE-Trade,2009-2-12,0.435374
AAPL,14593,QMLE-Trade,2009-2-13,0.320305
AAPL,14593,QMLE-Trade,2009-2-17,0.397081
AAPL,14593,QMLE-Trade,2009-2-18,0.409357
AAPL,14593,QMLE-Trade,2009-2-19,0.368005
AAPL,14593,QMLE-Trade,2009-2-20,0.421072
AAPL,14593,QMLE-Trade,2009-2-23,0.416009
AAPL,14593,QMLE-Trade,2009-2-24,0.402416
AAPL,14593,QMLE-Trade,2009-2-25,0.473586
AAPL,14593,QMLE-Trade,2009-2-26,0.427769
AAPL,14593,QMLE-Trade,2009-2-27,0.505846
AAPL,14593,QMLE-Trade,2009-3-2,0.473576
AAPL,14593,QMLE-Trade,2009-3-3,0.497344
AAPL,14593,QMLE-Trade,2009-3-4,0.395169
AAPL,14593,QMLE-Trade,2009-3-5,0.472815
AAPL,14593,QMLE-Trade,2009-3-6,0.571467
AAPL,14593,QMLE-Trade,2009-3-9,0.532769
AAPL,14593,QMLE-Trade,2009-3-10,0.422423
AAPL,14593,QMLE-Trade,2009-3-11,0.422713
AAPL,14593,QMLE-Trade,2009-3-12,0.423413
AAPL,14593,QMLE-Trade,2009-3-13,0.388545
AAPL,14593,QMLE-Trade,2009-3-16,0.439745
AAPL,14593,QMLE-Trade,2009-3-17,0.39073
AAPL,14593,QMLE-Trade,2009-3-18,0.493256
AAPL,14593,QMLE-Trade,2009-3-19,0.427407
AAPL,14593,QMLE-Trade,2009-3-20,0.302443
AAPL,14593,QMLE-Trade,2009-3-23,0.364264
AAPL,14593,QMLE-Trade,2009-3-24,0.404667
AAPL,14593,QMLE-Trade,2009-3-25,0.428124
AAPL,14593,QMLE-Trade,2009-3-26,0.361636
AAPL,14593,QMLE-Trade,2009-3-27,0.320242
AAPL,14593,QMLE-Trade,2009-3-30,0.328487
AAPL,14593,QMLE-Trade,2009-3-31,0.297204
AAPL,14593,QMLE-Trade,2009-4-1,0.304445
AAPL,14593,QMLE-Trade,2009-4-2,0.346727
AAPL,14593,QMLE-Trade,2009-4-3,0.301566
AAPL,14593,QMLE-Trade,2009-4-6,0.339052
AAPL,14593,QMLE-Trade,2009-4-7,0.28127
AAPL,14593,QMLE-Trade,2009-4-8,0.282577
AAPL,14593,QMLE-Trade,2009-4-9,0.221546
AAPL,14593,QMLE-Trade,2009-4-13,0.269413
AAPL,14593,QMLE-Trade,2009-4-14,0.281717
AAPL,14593,QMLE-Trade,2009-4-15,0.296278
AAPL,14593,QMLE-Trade,2009-4-16,0.269019
AAPL,14593,QMLE-Trade,2009-4-17,0.274586
AAPL,14593,QMLE-Trade,2009-4-20,0.289595
AAPL,14593,QMLE-Trade,2009-4-21,0.311454
AAPL,14593,QMLE-Trade,2009-4-22,0.328451
AAPL,14593,QMLE-Trade,2009-4-23,0.446318
AAPL,14593,QMLE-Trade,2009-4-24,0.352911
AAPL,14593,QMLE-Trade,2009-4-27,0.296875
AAPL,14593,QMLE-Trade,2009-4-28,0.278661
AAPL,14593,QMLE-Trade,2009-4-29,0.290599
AAPL,14593,QMLE-Trade,2009-4-30,0.281696
AAPL,14593,QMLE-Trade,2009-5-1,0.234292
AAPL,14593,QMLE-Trade,2009-5-4,0.217282
AAPL,14593,QMLE-Trade,2009-5-5,0.223795
AAPL,14593,QMLE-Trade,2009-5-6,0.294734
AAPL,14593,QMLE-Trade,2009-5-7,0.301424
AAPL,14593,QMLE-Trade,2009-5-8,0.37785
AAPL,14593,QMLE-Trade,2009-5-11,0.28002
AAPL,14593,QMLE-Trade,2009-5-12,0.322622
AAPL,14593,QMLE-Trade,2009-5-13,0.306572
AAPL,14593,QMLE-Trade,2009-5-14,0.281457
AAPL,14593,QMLE-Trade,2009-5-15,0.283982
AAPL,14593,QMLE-Trade,2009-5-18,0.330409
AAPL,14593,QMLE-Trade,2009-5-19,0.260542
AAPL,14593,QMLE-Trade,2009-5-20,0.335173
AAPL,14593,QMLE-Trade,2009-5-21,0.308257
AAPL,14593,QMLE-Trade,2009-5-22,0.281242
AAPL,14593,QMLE-Trade,2009-5-26,0.285712
AAPL,14593,QMLE-Trade,2009-5-27,0.295392
AAPL,14593,QMLE-Trade,2009-5-28,0.299969
AAPL,14593,QMLE-Trade,2009-5-29,0.212352
AAPL,14593,QMLE-Trade,2009-6-1,0.216576
AAPL,14593,QMLE-Trade,2009-6-2,0.256688
AAPL,14593,QMLE-Trade,2009-6-3,0.223666
AAPL,14593,QMLE-Trade,2009-6-4,0.21343
AAPL,14593,QMLE-Trade,2009-6-5,0.262032
AAPL,14593,QMLE-Trade,2009-6-8,0.341854
AAPL,14593,QMLE-Trade,2009-6-9,0.280829
AAPL,14593,QMLE-Trade,2009-6-10,0.25701
AAPL,14593,QMLE-Trade,2009-6-11,0.285502
AAPL,14593,QMLE-Trade,2009-6-12,0.201884
AAPL,14593,QMLE-Trade,2009-6-15,0.253563
AAPL,14593,QMLE-Trade,2009-6-16,0.234879
AAPL,14593,QMLE-Trade,2009-6-17,0.30652
AAPL,14593,QMLE-Trade,2009-6-18,0.247534
AAPL,14593,QMLE-Trade,2009-6-19,0.203019
AAPL,14593,QMLE-Trade,2009-6-22,0.301011
AAPL,14593,QMLE-Trade,2009-6-23,0.313865
AAPL,14593,QMLE-Trade,2009-6-24,0.264309
AAPL,14593,QMLE-Trade,2009-6-25,0.242816
AAPL,14593,QMLE-Trade,2009-6-26,0.181023
AAPL,14593,QMLE-Trade,2009-6-29,0.207534
AAPL,14593,QMLE-Trade,2009-6-30,0.203809
AAPL,14593,QMLE-Trade,2009-7-1,0.176902
AAPL,14593,QMLE-Trade,2009-7-2,0.20088
AAPL,14593,QMLE-Trade,2009-7-6,0.237132
AAPL,14593,QMLE-Trade,2009-7-7,0.218625
AAPL,14593,QMLE-Trade,2009-7-8,0.31262
AAPL,14593,QMLE-Trade,2009-7-9,0.269747
AAPL,14593,QMLE-Trade,2009-7-10,0.236495
AAPL,14593,QMLE-Trade,2009-7-13,0.242747
AAPL,14593,QMLE-Trade,2009-7-14,0.230105
AAPL,14593,QMLE-Trade,2009-7-15,0.164143
AAPL,14593,QMLE-Trade,2009-7-16,0.196896
AAPL,14593,QMLE-Trade,2009-7-17,0.153437
AAPL,14593,QMLE-Trade,2009-7-20,0.241617
AAPL,14593,QMLE-Trade,2009-7-21,0.23146
AAPL,14593,QMLE-Trade,2009-7-22,0.251584
AAPL,14593,QMLE-Trade,2009-7-23,0.232693
AAPL,14593,QMLE-Trade,2009-7-24,0.213453
AAPL,14593,QMLE-Trade,2009-7-27,0.232639
AAPL,14593,QMLE-Trade,2009-7-28,0.207078
AAPL,14593,QMLE-Trade,2009-7-29,0.19842
AAPL,14593,QMLE-Trade,2009-7-30,0.190651
AAPL,14593,QMLE-Trade,2009-7-31,0.18842
AAPL,14593,QMLE-Trade,2009-8-3,0.193299
AAPL,14593,QMLE-Trade,2009-8-4,0.151651
AAPL,14593,QMLE-Trade,2009-8-5,0.193483
AAPL,14593,QMLE-Trade,2009-8-6,0.186636
AAPL,14593,QMLE-Trade,2009-8-7,0.159709
AAPL,14593,QMLE-Trade,2009-8-10,0.165706
AAPL,14593,QMLE-Trade,2009-8-11,0.173203
AAPL,14593,QMLE-Trade,2009-8-12,0.185544
AAPL,14593,QMLE-Trade,2009-8-13,0.168491
AAPL,14593,QMLE-Trade,2009-8-14,0.151903
AAPL,14593,QMLE-Trade,2009-8-17,0.168621
AAPL,14593,QMLE-Trade,2009-8-18,0.160406
AAPL,14593,QMLE-Trade,2009-8-19,0.164393
AAPL,14593,QMLE-Trade,2009-8-20,0.117475
AAPL,14593,QMLE-Trade,2009-8-21,0.125263
AAPL,14593,QMLE-Trade,2009-8-24,0.151992
AAPL,14593,QMLE-Trade,2009-8-25,0.148802
AAPL,14593,QMLE-Trade,2009-8-26,0.161924
AAPL,14593,QMLE-Trade,2009-8-27,0.215191
AAPL,14593,QMLE-Trade,2009-8-28,0.200985
AAPL,14593,QMLE-Trade,2009-8-31,0.188844
AAPL,14593,QMLE-Trade,2009-9-1,0.228791
AAPL,14593,QMLE-Trade,2009-9-2,0.214785
AAPL,14593,QMLE-Trade,2009-9-3,0.189106
AAPL,14593,QMLE-Trade,2009-9-4,0.139406
AAPL,14593,QMLE-Trade,2009-9-8,0.145683
AAPL,14593,QMLE-Trade,2009-9-9,0.245166
AAPL,14593,QMLE-Trade,2009-9-10,0.199851
AAPL,14593,QMLE-Trade,2009-9-11,0.177851
AAPL,14593,QMLE-Trade,2009-9-14,0.154756
AAPL,14593,QMLE-Trade,2009-9-15,0.143377
AAPL,14593,QMLE-Trade,2009-9-16,0.168549
AAPL,14593,QMLE-Trade,2009-9-17,0.20714
AAPL,14593,QMLE-Trade,2009-9-18,0.162096
AAPL,14593,QMLE-Trade,2009-9-21,0.174949
AAPL,14593,QMLE-Trade,2009-9-22,0.165118
AAPL,14593,QMLE-Trade,2009-9-23,0.218911
AAPL,14593,QMLE-Trade,2009-9-24,0.248337
AAPL,14593,QMLE-Trade,2009-9-25,0.254769
AAPL,14593,QMLE-Trade,2009-9-28,0.167529
AAPL,14593,QMLE-Trade,2009-9-29,0.200942
AAPL,14593,QMLE-Trade,2009-9-30,0.259908
AAPL,14593,QMLE-Trade,2009-10-1,0.228707
AAPL,14593,QMLE-Trade,2009-10-2,0.214857
AAPL,14593,QMLE-Trade,2009-10-5,0.184618
AAPL,14593,QMLE-Trade,2009-10-6,0.179933
AAPL,14593,QMLE-Trade,2009-10-7,0.169574
AAPL,14593,QMLE-Trade,2009-10-8,0.178665
AAPL,14593,QMLE-Trade,2009-10-9,0.135846
AAPL,14593,QMLE-Trade,2009-10-12,0.146398
AAPL,14593,QMLE-Trade,2009-10-13,0.131694
AAPL,14593,QMLE-Trade,2009-10-14,0.129954
AAPL,14593,QMLE-Trade,2009-10-15,0.102809
AAPL,14593,QMLE-Trade,2009-10-16,0.150323
AAPL,14593,QMLE-Trade,2009-10-19,0.215113
AAPL,14593,QMLE-Trade,2009-10-20,0.218596
AAPL,14593,QMLE-Trade,2009-10-21,0.238153
AAPL,14593,QMLE-Trade,2009-10-22,0.246169
AAPL,14593,QMLE-Trade,2009-10-23,0.196777
AAPL,14593,QMLE-Trade,2009-10-26,0.225021
AAPL,14593,QMLE-Trade,2009-10-27,0.281225
AAPL,14593,QMLE-Trade,2009-10-28,0.319781
AAPL,14593,QMLE-Trade,2009-10-29,0.214097
AAPL,14593,QMLE-Trade,2009-10-30,0.309775
AAPL,14593,QMLE-Trade,2009-11-2,0.400506
AAPL,14593,QMLE-Trade,2009-11-3,0.310879
AAPL,14593,QMLE-Trade,2009-11-4,0.255663
AAPL,14593,QMLE-Trade,2009-11-5,0.185863
AAPL,14593,QMLE-Trade,2009-11-6,0.196362
AAPL,14593,QMLE-Trade,2009-11-9,0.161148
AAPL,14593,QMLE-Trade,2009-11-10,0.178092
AAPL,14593,QMLE-Trade,2009-11-11,0.186097
AAPL,14593,QMLE-Trade,2009-11-12,0.174573
AAPL,14593,QMLE-Trade,2009-11-13,0.161769
AAPL,14593,QMLE-Trade,2009-11-16,0.154334
AAPL,14593,QMLE-Trade,2009-11-17,0.155357
AAPL,14593,QMLE-Trade,2009-11-18,0.17568
AAPL,14593,QMLE-Trade,2009-11-19,0.199876
AAPL,14593,QMLE-Trade,2009-11-20,0.157648
AAPL,14593,QMLE-Trade,2009-11-23,0.142071
AAPL,14593,QMLE-Trade,2009-11-24,0.147901
AAPL,14593,QMLE-Trade,2009-11-25,0.113545
AAPL,14593,QMLE-Trade,2009-11-27,0.219881
AAPL,14593,QMLE-Trade,2009-11-30,0.174367
AAPL,14593,QMLE-Trade,2009-12-1,0.155438
AAPL,14593,QMLE-Trade,2009-12-2,0.201444
AAPL,14593,QMLE-Trade,2009-12-3,0.204225
AAPL,14593,QMLE-Trade,2009-12-4,0.296253
AAPL,14593,QMLE-Trade,2009-12-7,0.269029
AAPL,14593,QMLE-Trade,2009-12-8,0.235626
AAPL,14593,QMLE-Trade,2009-12-9,0.207077
AAPL,14593,QMLE-Trade,2009-12-10,0.224955
AAPL,14593,QMLE-Trade,2009-12-11,0.186248
AAPL,14593,QMLE-Trade,2009-12-14,0.211449
AAPL,14593,QMLE-Trade,2009-12-15,0.179318
AAPL,14593,QMLE-Trade,2009-12-16,0.168498
AAPL,14593,QMLE-Trade,2009-12-17,0.161966
AAPL,14593,QMLE-Trade,2009-12-18,0.157295
AAPL,14593,QMLE-Trade,2009-12-21,0.175626
AAPL,14593,QMLE-Trade,2009-12-22,0.142132
AAPL,14593,QMLE-Trade,2009-12-23,0.12949
AAPL,14593,QMLE-Trade,2009-12-24,0.186528
AAPL,14593,QMLE-Trade,2009-12-28,0.17442
AAPL,14593,QMLE-Trade,2009-12-29,0.167036
AAPL,14593,QMLE-Trade,2009-12-30,0.160773
AAPL,14593,QMLE-Trade,2009-12-31,0.132492
AAPL,14593,QMLE-Trade,2010-1-4,0.137377
AAPL,14593,QMLE-Trade,2010-1-5,0.154511
AAPL,14593,QMLE-Trade,2010-1-6,0.190704
AAPL,14593,QMLE-Trade,2010-1-7,0.197195
AAPL,14593,QMLE-Trade,2010-1-8,0.171887
AAPL,14593,QMLE-Trade,2010-1-11,0.184432
AAPL,14593,QMLE-Trade,2010-1-12,0.217228
AAPL,14593,QMLE-Trade,2010-1-13,0.210072
AAPL,14593,QMLE-Trade,2010-1-14,0.161997
AAPL,14593,QMLE-Trade,2010-1-15,0.206249
AAPL,14593,QMLE-Trade,2010-1-19,0.189922
AAPL,14593,QMLE-Trade,2010-1-20,0.226176
AAPL,14593,QMLE-Trade,2010-1-21,0.25801
AAPL,14593,QMLE-Trade,2010-1-22,0.301457
AAPL,14593,QMLE-Trade,2010-1-25,0.239653
AAPL,14593,QMLE-Trade,2010-1-26,0.405666
AAPL,14593,QMLE-Trade,2010-1-27,0.552954
AAPL,14593,QMLE-Trade,2010-1-28,0.350176
AAPL,14593,QMLE-Trade,2010-1-29,0.37013
AAPL,14593,QMLE-Trade,2010-2-1,0.331951
AAPL,14593,QMLE-Trade,2010-2-2,0.250831
AAPL,14593,QMLE-Trade,2010-2-3,0.241593
AAPL,14593,QMLE-Trade,2010-2-4,0.272031
AAPL,14593,QMLE-Trade,2010-2-5,0.345733
AAPL,14593,QMLE-Trade,2010-2-8,0.251282
AAPL,14593,QMLE-Trade,2010-2-9,0.249578
AAPL,14593,QMLE-Trade,2010-2-10,0.198938
AAPL,14593,QMLE-Trade,2010-2-11,0.210357
AAPL,14593,QMLE-Trade,2010-2-12,0.209895
AAPL,14593,QMLE-Trade,2010-2-16,0.130938
AAPL,14593,QMLE-Trade,2010-2-17,0.152579
AAPL,14593,QMLE-Trade,2010-2-18,0.141364
AAPL,14593,QMLE-Trade,2010-2-19,0.126284
AAPL,14593,QMLE-Trade,2010-2-22,0.149411
AAPL,14593,QMLE-Trade,2010-2-23,0.199351
AAPL,14593,QMLE-Trade,2010-2-24,0.169078
AAPL,14593,QMLE-Trade,2010-2-25,0.215147
AAPL,14593,QMLE-Trade,2010-2-26,0.155394
AAPL,14593,QMLE-Trade,2010-3-1,0.130632
AAPL,14593,QMLE-Trade,2010-3-2,0.145233
AAPL,14593,QMLE-Trade,2010-3-3,0.132799
AAPL,14593,QMLE-Trade,2010-3-4,0.133902
AAPL,14593,QMLE-Trade,2010-3-5,0.142969
AAPL,14593,QMLE-Trade,2010-3-8,0.113594
AAPL,14593,QMLE-Trade,2010-3-9,0.176332
AAPL,14593,QMLE-Trade,2010-3-10,0.16409
AAPL,14593,QMLE-Trade,2010-3-11,0.136043
AAPL,14593,QMLE-Trade,2010-3-12,0.147033
AAPL,14593,QMLE-Trade,2010-3-15,0.203426
AAPL,14593,QMLE-Trade,2010-3-16,0.140269
AAPL,14593,QMLE-Trade,2010-3-17,0.122057
AAPL,14593,QMLE-Trade,2010-3-18,0.149035
AAPL,14593,QMLE-Trade,2010-3-19,0.144359
AAPL,14593,QMLE-Trade,2010-3-22,0.144746
AAPL,14593,QMLE-Trade,2010-3-23,0.166993
AAPL,14593,QMLE-Trade,2010-3-24,0.169825
AAPL,14593,QMLE-Trade,2010-3-25,0.159285
AAPL,14593,QMLE-Trade,2010-3-26,0.195872
AAPL,14593,QMLE-Trade,2010-3-29,0.123927
AAPL,14593,QMLE-Trade,2010-3-30,0.150263
AAPL,14593,QMLE-Trade,2010-3-31,0.134276
AAPL,14593,QMLE-Trade,2010-4-1,0.155665
AAPL,14593,QMLE-Trade,2010-4-5,0.16821
AAPL,14593,QMLE-Trade,2010-4-6,0.114918
AAPL,14593,QMLE-Trade,2010-4-7,0.14528
AAPL,14593,QMLE-Trade,2010-4-8,0.175452
AAPL,14593,QMLE-Trade,2010-4-9,0.100469
AAPL,14593,QMLE-Trade,2010-4-12,0.105176
AAPL,14593,QMLE-Trade,2010-4-13,0.0927484
AAPL,14593,QMLE-Trade,2010-4-14,0.0949018
AAPL,14593,QMLE-Trade,2010-4-15,0.0920129
AAPL,14593,QMLE-Trade,2010-4-16,0.221521
AAPL,14593,QMLE-Trade,2010-4-19,0.208066
AAPL,14593,QMLE-Trade,2010-4-20,0.19238
AAPL,14593,QMLE-Trade,2010-4-21,0.213278
AAPL,14593,QMLE-Trade,2010-4-22,0.213533
AAPL,14593,QMLE-Trade,2010-4-23,0.189692
AAPL,14593,QMLE-Trade,2010-4-26,0.153211
AAPL,14593,QMLE-Trade,2010-4-27,0.260858
AAPL,14593,QMLE-Trade,2010-4-28,0.320659
AAPL,14593,QMLE-Trade,2010-4-29,0.177427
AAPL,14593,QMLE-Trade,2010-4-30,0.262114
AAPL,14593,QMLE-Trade,2010-5-3,0.187204
AAPL,14593,QMLE-Trade,2010-5-4,0.268927
AAPL,14593,QMLE-Trade,2010-5-5,0.359891
AAPL,14593,QMLE-Trade,2010-5-6,1.80633
AAPL,14593,QMLE-Trade,2010-5-7,0.782258
AAPL,14593,QMLE-Trade,2010-5-10,0.343073
AAPL,14593,QMLE-Trade,2010-5-11,0.353067
AAPL,14593,QMLE-Trade,2010-5-12,0.252181
AAPL,14593,QMLE-Trade,2010-5-13,0.259539
AAPL,14593,QMLE-Trade,2010-5-14,0.295305
AAPL,14593,QMLE-Trade,2010-5-17,0.355615
AAPL,14593,QMLE-Trade,2010-5-18,0.325099
AAPL,14593,QMLE-Trade,2010-5-19,0.429095
AAPL,14593,QMLE-Trade,2010-5-20,0.456044
AAPL,14593,QMLE-Trade,2010-5-21,0.474725
AAPL,14593,QMLE-Trade,2010-5-24,0.30336
AAPL,14593,QMLE-Trade,2010-5-25,0.428704
AAPL,14593,QMLE-Trade,2010-5-26,0.330779
AAPL,14593,QMLE-Trade,2010-5-27,0.211683
AAPL,14593,QMLE-Trade,2010-5-28,0.302527
AAPL,14593,QMLE-Trade,2010-6-1,0.284441
AAPL,14593,QMLE-Trade,2010-6-2,0.243827
AAPL,14593,QMLE-Trade,2010-6-3,0.230084
AAPL,14593,QMLE-Trade,2010-6-4,0.256987
AAPL,14593,QMLE-Trade,2010-6-7,0.348342
AAPL,14593,QMLE-Trade,2010-6-8,0.394484
AAPL,14593,QMLE-Trade,2010-6-9,0.345189
AAPL,14593,QMLE-Trade,2010-6-10,0.309384
AAPL,14593,QMLE-Trade,2010-6-11,0.251354
AAPL,14593,QMLE-Trade,2010-6-14,0.227795
AAPL,14593,QMLE-Trade,2010-6-15,0.169129
AAPL,14593,QMLE-Trade,2010-6-16,0.181144
AAPL,14593,QMLE-Trade,2010-6-17,0.206632
AAPL,14593,QMLE-Trade,2010-6-18,0.143636
AAPL,14593,QMLE-Trade,2010-6-21,0.230915
AAPL,14593,QMLE-Trade,2010-6-22,0.245354
AAPL,14593,QMLE-Trade,2010-6-23,0.304106
AAPL,14593,QMLE-Trade,2010-6-24,0.266034
AAPL,14593,QMLE-Trade,2010-6-25,0.270421
AAPL,14593,QMLE-Trade,2010-6-28,0.270172
AAPL,14593,QMLE-Trade,2010-6-29,0.387556
AAPL,14593,QMLE-Trade,2010-6-30,0.292355
AAPL,14593,QMLE-Trade,2010-7-1,0.419238
AAPL,14593,QMLE-Trade,2010-7-2,0.298396
AAPL,14593,QMLE-Trade,2010-7-6,0.285465
AAPL,14593,QMLE-Trade,2010-7-7,0.20877
AAPL,14593,QMLE-Trade,2010-7-8,0.254229
AAPL,14593,QMLE-Trade,2010-7-9,0.215311
AAPL,14593,QMLE-Trade,2010-7-12,0.235396
AAPL,14593,QMLE-Trade,2010-7-13,0.341725
AAPL,14593,QMLE-Trade,2010-7-14,0.281615
AAPL,14593,QMLE-Trade,2010-7-15,0.278574
AAPL,14593,QMLE-Trade,2010-7-16,0.332718
AAPL,14593,QMLE-Trade,2010-7-19,0.322184
AAPL,14593,QMLE-Trade,2010-7-20,0.286259
AAPL,14593,QMLE-Trade,2010-7-21,0.359327
AAPL,14593,QMLE-Trade,2010-7-22,0.237862
AAPL,14593,QMLE-Trade,2010-7-23,0.234794
AAPL,14593,QMLE-Trade,2010-7-26,0.175021
AAPL,14593,QMLE-Trade,2010-7-27,0.198782
AAPL,14593,QMLE-Trade,2010-7-28,0.210975
AAPL,14593,QMLE-Trade,2010-7-29,0.237121
AAPL,14593,QMLE-Trade,2010-7-30,0.234618
AAPL,14593,QMLE-Trade,2010-8-2,0.144846
AAPL,14593,QMLE-Trade,2010-8-3,0.168927
AAPL,14593,QMLE-Trade,2010-8-4,0.1888
AAPL,14593,QMLE-Trade,2010-8-5,0.14024
AAPL,14593,QMLE-Trade,2010-8-6,0.174863
AAPL,14593,QMLE-Trade,2010-8-9,0.123661
AAPL,14593,QMLE-Trade,2010-8-10,0.190304
AAPL,14593,QMLE-Trade,2010-8-11,0.184914
AAPL,14593,QMLE-Trade,2010-8-12,0.201598
AAPL,14593,QMLE-Trade,2010-8-13,0.146798
AAPL,14593,QMLE-Trade,2010-8-16,0.162852
AAPL,14593,QMLE-Trade,2010-8-17,0.137022
AAPL,14593,QMLE-Trade,2010-8-18,0.147709
AAPL,14593,QMLE-Trade,2010-8-19,0.166512
AAPL,14593,QMLE-Trade,2010-8-20,0.120554
AAPL,14593,QMLE-Trade,2010-8-23,0.173944
AAPL,14593,QMLE-Trade,2010-8-24,0.235786
AAPL,14593,QMLE-Trade,2010-8-25,0.237097
AAPL,14593,QMLE-Trade,2010-8-26,0.211709
AAPL,14593,QMLE-Trade,2010-8-27,0.273894
AAPL,14593,QMLE-Trade,2010-8-30,0.179192
AAPL,14593,QMLE-Trade,2010-8-31,0.233485
AAPL,14593,QMLE-Trade,2010-9-1,0.163603
AAPL,14593,QMLE-Trade,2010-9-2,0.145319
AAPL,14593,QMLE-Trade,2010-9-3,0.141094
AAPL,14593,QMLE-Trade,2010-9-7,0.153915
AAPL,14593,QMLE-Trade,2010-9-8,0.162447
AAPL,14593,QMLE-Trade,2010-9-9,0.141725
AAPL,14593,QMLE-Trade,2010-9-10,0.145148
AAPL,14593,QMLE-Trade,2010-9-13,0.106375
AAPL,14593,QMLE-Trade,2010-9-14,0.132117
AAPL,14593,QMLE-Trade,2010-9-15,0.112102
AAPL,14593,QMLE-Trade,2010-9-16,0.120673
AAPL,14593,QMLE-Trade,2010-9-17,0.142142
AAPL,14593,QMLE-Trade,2010-9-20,0.134913
AAPL,14593,QMLE-Trade,2010-9-21,0.194274
AAPL,14593,QMLE-Trade,2010-9-22,0.178284
AAPL,14593,QMLE-Trade,2010-9-23,0.183788
AAPL,14593,QMLE-Trade,2010-9-24,0.153119
AAPL,14593,QMLE-Trade,2010-9-27,0.153334
AAPL,14593,QMLE-Trade,2010-9-28,0.520545
AAPL,14593,QMLE-Trade,2010-9-29,0.189596
AAPL,14593,QMLE-Trade,2010-9-30,0.250317
AAPL,14593,QMLE-Trade,2010-10-1,0.211937
AAPL,14593,QMLE-Trade,2010-10-4,0.201082
AAPL,14593,QMLE-Trade,2010-10-5,0.139992
AAPL,14593,QMLE-Trade,2010-10-6,0.218574
AAPL,14593,QMLE-Trade,2010-10-7,0.190425
AAPL,14593,QMLE-Trade,2010-10-8,0.177625
AAPL,14593,QMLE-Trade,2010-10-11,0.136906
AAPL,14593,QMLE-Trade,2010-10-12,0.187264
AAPL,14593,QMLE-Trade,2010-10-13,0.127054
AAPL,14593,QMLE-Trade,2010-10-14,0.113009
AAPL,14593,QMLE-Trade,2010-10-15,0.163752
AAPL,14593,QMLE-Trade,2010-10-18,0.17187
AAPL,14593,QMLE-Trade,2010-10-19,0.352573
AAPL,14593,QMLE-Trade,2010-10-20,0.244865
AAPL,14593,QMLE-Trade,2010-10-21,0.221987
AAPL,14593,QMLE-Trade,2010-10-22,0.162734
AAPL,14593,QMLE-Trade,2010-10-25,0.147222
AAPL,14593,QMLE-Trade,2010-10-26,0.155155
AAPL,14593,QMLE-Trade,2010-10-27,0.179233
AAPL,14593,QMLE-Trade,2010-10-28,0.189522
AAPL,14593,QMLE-Trade,2010-10-29,0.146206
AAPL,14593,QMLE-Trade,2010-11-1,0.165849
AAPL,14593,QMLE-Trade,2010-11-2,0.142092
AAPL,14593,QMLE-Trade,2010-11-3,0.207943
AAPL,14593,QMLE-Trade,2010-11-4,0.142683
AAPL,14593,QMLE-Trade,2010-11-5,0.13978
AAPL,14593,QMLE-Trade,2010-11-8,0.11909
AAPL,14593,QMLE-Trade,2010-11-9,0.142741
AAPL,14593,QMLE-Trade,2010-11-10,0.163617
AAPL,14593,QMLE-Trade,2010-11-11,0.159167
AAPL,14593,QMLE-Trade,2010-11-12,0.258859
AAPL,14593,QMLE-Trade,2010-11-15,0.205752
AAPL,14593,QMLE-Trade,2010-11-16,0.218754
AAPL,14593,QMLE-Trade,2010-11-17,0.215882
AAPL,14593,QMLE-Trade,2010-11-18,0.135011
AAPL,14593,QMLE-Trade,2010-11-19,0.149106
AAPL,14593,QMLE-Trade,2010-11-22,0.177547
AAPL,14593,QMLE-Trade,2010-11-23,0.191191
AAPL,14593,QMLE-Trade,2010-11-24,0.112014
AAPL,14593,QMLE-Trade,2010-11-26,0.149901
AAPL,14593,QMLE-Trade,2010-11-29,0.191908
AAPL,14593,QMLE-Trade,2010-11-30,0.17404
AAPL,14593,QMLE-Trade,2010-12-1,0.119072
AAPL,14593,QMLE-Trade,2010-12-2,0.143235
AAPL,14593,QMLE-Trade,2010-12-3,0.122378
AAPL,14593,QMLE-Trade,2010-12-6,0.142269
AAPL,14593,QMLE-Trade,2010-12-7,0.141913
AAPL,14593,QMLE-Trade,2010-12-8,0.142464
AAPL,14593,QMLE-Trade,2010-12-9,0.130536
AAPL,14593,QMLE-Trade,2010-12-10,0.0961974
AAPL,14593,QMLE-Trade,2010-12-13,0.110798
AAPL,14593,QMLE-Trade,2010-12-14,0.136119
AAPL,14593,QMLE-Trade,2010-12-15,0.132098
AAPL,14593,QMLE-Trade,2010-12-16,0.106654
AAPL,14593,QMLE-Trade,2010-12-17,0.068609
AAPL,14593,QMLE-Trade,2010-12-20,0.117842
AAPL,14593,QMLE-Trade,2010-12-21,0.0834217
AAPL,14593,QMLE-Trade,2010-12-22,0.0745462
AAPL,14593,QMLE-Trade,2010-12-23,0.0693448
AAPL,14593,QMLE-Trade,2010-12-27,0.0891486
AAPL,14593,QMLE-Trade,2010-12-28,0.0734542
AAPL,14593,QMLE-Trade,2010-12-29,0.0521024
AAPL,14593,QMLE-Trade,2010-12-30,0.0751318
AAPL,14593,QMLE-Trade,2010-12-31,0.0829572
AAPL,14593,QMLE-Trade,2011-1-3,0.110682
AAPL,14593,QMLE-Trade,2011-1-4,0.119325
AAPL,14593,QMLE-Trade,2011-1-5,0.100263
AAPL,14593,QMLE-Trade,2011-1-6,0.0942036
AAPL,14593,QMLE-Trade,2011-1-7,0.140027
AAPL,14593,QMLE-Trade,2011-1-10,0.122306
AAPL,14593,QMLE-Trade,2011-1-11,0.147446
AAPL,14593,QMLE-Trade,2011-1-12,0.0981253
AAPL,14593,QMLE-Trade,2011-1-13,0.0892248
AAPL,14593,QMLE-Trade,2011-1-14,0.0855339
AAPL,14593,QMLE-Trade,2011-1-18,0.287791
AAPL,14593,QMLE-Trade,2011-1-19,0.247567
AAPL,14593,QMLE-Trade,2011-1-20,0.217057
AAPL,14593,QMLE-Trade,2011-1-21,0.176023
AAPL,14593,QMLE-Trade,2011-1-24,0.188014
AAPL,14593,QMLE-Trade,2011-1-25,0.175121
AAPL,14593,QMLE-Trade,2011-1-26,0.162865
AAPL,14593,QMLE-Trade,2011-1-27,0.118734
AAPL,14593,QMLE-Trade,2011-1-28,0.220624
AAPL,14593,QMLE-Trade,2011-1-31,0.2212
AAPL,14593,QMLE-Trade,2011-2-1,0.118262
AAPL,14593,QMLE-Trade,2011-2-2,0.123483
AAPL,14593,QMLE-Trade,2011-2-3,0.161075
AAPL,14593,QMLE-Trade,2011-2-4,0.11986
AAPL,14593,QMLE-Trade,2011-2-7,0.110094
AAPL,14593,QMLE-Trade,2011-2-8,0.0998327
AAPL,14593,QMLE-Trade,2011-2-9,0.121658
AAPL,14593,QMLE-Trade,2011-2-10,0.244866
AAPL,14593,QMLE-Trade,2011-2-11,0.126484
AAPL,14593,QMLE-Trade,2011-2-14,0.0832352
AAPL,14593,QMLE-Trade,2011-2-15,0.104589
AAPL,14593,QMLE-Trade,2011-2-16,0.121534
AAPL,14593,QMLE-Trade,2011-2-17,0.138466
AAPL,14593,QMLE-Trade,2011-2-18,0.170847
AAPL,14593,QMLE-Trade,2011-2-22,0.285756
AAPL,14593,QMLE-Trade,2011-2-23,0.221859
AAPL,14593,QMLE-Trade,2011-2-24,0.236683
AAPL,14593,QMLE-Trade,2011-2-25,0.122631
AAPL,14593,QMLE-Trade,2011-2-28,0.13391
AAPL,14593,QMLE-Trade,2011-3-1,0.219715
AAPL,14593,QMLE-Trade,2011-3-2,0.246405
AAPL,14593,QMLE-Trade,2011-3-3,0.119664
AAPL,14593,QMLE-Trade,2011-3-4,0.131677
AAPL,14593,QMLE-Trade,2011-3-7,0.19989
AAPL,14593,QMLE-Trade,2011-3-8,0.161482
AAPL,14593,QMLE-Trade,2011-3-9,0.190076
AAPL,14593,QMLE-Trade,2011-3-10,0.189287
AAPL,14593,QMLE-Trade,2011-3-11,0.176123
AAPL,14593,QMLE-Trade,2011-3-14,0.161256
AAPL,14593,QMLE-Trade,2011-3-15,0.23627
AAPL,14593,QMLE-Trade,2011-3-16,0.33846
AAPL,14593,QMLE-Trade,2011-3-17,0.189971
AAPL,14593,QMLE-Trade,2011-3-18,0.225704
AAPL,14593,QMLE-Trade,2011-3-21,0.138001
AAPL,14593,QMLE-Trade,2011-3-22,0.141916
AAPL,14593,QMLE-Trade,2011-3-23,0.14956
AAPL,14593,QMLE-Trade,2011-3-24,0.147779
AAPL,14593,QMLE-Trade,2011-3-25,0.11624
AAPL,14593,QMLE-Trade,2011-3-28,0.127641
AAPL,14593,QMLE-Trade,2011-3-29,0.143156
AAPL,14593,QMLE-Trade,2011-3-30,0.112048
AAPL,14593,QMLE-Trade,2011-3-31,0.128191
AAPL,14593,QMLE-Trade,2011-4-1,0.140841
AAPL,14593,QMLE-Trade,2011-4-4,0.163414
AAPL,14593,QMLE-Trade,2011-4-5,0.181032
AAPL,14593,QMLE-Trade,2011-4-6,0.169352
AAPL,14593,QMLE-Trade,2011-4-7,0.169916
AAPL,14593,QMLE-Trade,2011-4-8,0.15621
AAPL,14593,QMLE-Trade,2011-4-11,0.160955
AAPL,14593,QMLE-Trade,2011-4-12,0.175995
AAPL,14593,QMLE-Trade,2011-4-13,0.151731
AAPL,14593,QMLE-Trade,2011-4-14,0.142793
AAPL,14593,QMLE-Trade,2011-4-15,0.132131
AAPL,14593,QMLE-Trade,2011-4-18,0.295609
AAPL,14593,QMLE-Trade,2011-4-19,0.144302
AAPL,14593,QMLE-Trade,2011-4-20,0.1227
AAPL,14593,QMLE-Trade,2011-4-21,0.168824
AAPL,14593,QMLE-Trade,2011-4-25,0.11934
AAPL,14593,QMLE-Trade,2011-4-26,0.148374
AAPL,14593,QMLE-Trade,2011-4-27,0.148569
AAPL,14593,QMLE-Trade,2011-4-28,0.131921
AAPL,14593,QMLE-Trade,2011-4-29,0.139934
AAPL,14593,QMLE-Trade,2011-5-2,0.160919
AAPL,14593,QMLE-Trade,2011-5-3,0.137693
AAPL,14593,QMLE-Trade,2011-5-4,0.210342
AAPL,14593,QMLE-Trade,2011-5-5,0.179549
AAPL,14593,QMLE-Trade,2011-5-6,0.14975
AAPL,14593,QMLE-Trade,2011-5-9,0.118943
AAPL,14593,QMLE-Trade,2011-5-10,0.11671
AAPL,14593,QMLE-Trade,2011-5-11,0.151817
AAPL,14593,QMLE-Trade,2011-5-12,0.181699
AAPL,14593,QMLE-Trade,2011-5-13,0.138161
AAPL,14593,QMLE-Trade,2011-5-16,0.172741
AAPL,14593,QMLE-Trade,2011-5-17,0.195324
AAPL,14593,QMLE-Trade,2011-5-18,0.114608
AAPL,14593,QMLE-Trade,2011-5-19,0.134171
AAPL,14593,QMLE-Trade,2011-5-20,0.13459
AAPL,14593,QMLE-Trade,2011-5-23,0.172034
AAPL,14593,QMLE-Trade,2011-5-24,0.155511
AAPL,14593,QMLE-Trade,2011-5-25,0.13836
AAPL,14593,QMLE-Trade,2011-5-26,0.11638
AAPL,14593,QMLE-Trade,2011-5-27,0.0956721
AAPL,14593,QMLE-Trade,2011-5-31,0.128201
AAPL,14593,QMLE-Trade,2011-6-1,0.17608
AAPL,14593,QMLE-Trade,2011-6-2,0.17104
AAPL,14593,QMLE-Trade,2011-6-3,0.146388
AAPL,14593,QMLE-Trade,2011-6-6,0.225545
AAPL,14593,QMLE-Trade,2011-6-7,0.200081
AAPL,14593,QMLE-Trade,2011-6-8,0.209227
AAPL,14593,QMLE-Trade,2011-6-9,0.163197
AAPL,14593,QMLE-Trade,2011-6-10,0.170601
AAPL,14593,QMLE-Trade,2011-6-13,0.178729
AAPL,14593,QMLE-Trade,2011-6-14,0.120776
AAPL,14593,QMLE-Trade,2011-6-15,0.176644
AAPL,14593,QMLE-Trade,2011-6-16,0.210694
AAPL,14593,QMLE-Trade,2011-6-17,0.230039
AAPL,14593,QMLE-Trade,2011-6-20,0.246478
AAPL,14593,QMLE-Trade,2011-6-21,0.206554
AAPL,14593,QMLE-Trade,2011-6-22,0.179267
AAPL,14593,QMLE-Trade,2011-6-23,0.25968
AAPL,14593,QMLE-Trade,2011-6-24,0.198339
AAPL,14593,QMLE-Trade,2011-6-27,0.15368
AAPL,14593,QMLE-Trade,2011-6-28,0.119606
AAPL,14593,QMLE-Trade,2011-6-29,0.178709
AAPL,14593,QMLE-Trade,2011-6-30,0.156449
AAPL,14593,QMLE-Trade,2011-7-1,0.125381
AAPL,14593,QMLE-Trade,2011-7-5,0.140604
AAPL,14593,QMLE-Trade,2011-7-6,0.165732
AAPL,14593,QMLE-Trade,2011-7-7,0.121596
AAPL,14593,QMLE-Trade,2011-7-8,0.156753
AAPL,14593,QMLE-Trade,2011-7-11,0.191644
AAPL,14593,QMLE-Trade,2011-7-12,0.210312
AAPL,14593,QMLE-Trade,2011-7-13,0.141715
AAPL,14593,QMLE-Trade,2011-7-14,0.17862
AAPL,14593,QMLE-Trade,2011-7-15,0.120328
AAPL,14593,QMLE-Trade,2011-7-18,0.14237
AAPL,14593,QMLE-Trade,2011-7-19,0.171152
AAPL,14593,QMLE-Trade,2011-7-20,0.226882
AAPL,14593,QMLE-Trade,2011-7-21,0.173263
AAPL,14593,QMLE-Trade,2011-7-22,0.129252
AAPL,14593,QMLE-Trade,2011-7-25,0.165495
AAPL,14593,QMLE-Trade,2011-7-26,0.133695
AAPL,14593,QMLE-Trade,2011-7-27,0.20763
AAPL,14593,QMLE-Trade,2011-7-28,0.19373
AAPL,14593,QMLE-Trade,2011-7-29,0.23495
AAPL,14593,QMLE-Trade,2011-8-1,0.244108
AAPL,14593,QMLE-Trade,2011-8-2,0.22536
AAPL,14593,QMLE-Trade,2011-8-3,0.307349
AAPL,14593,QMLE-Trade,2011-8-4,0.328687
AAPL,14593,QMLE-Trade,2011-8-5,0.578729
AAPL,14593,QMLE-Trade,2011-8-8,0.53632
AAPL,14593,QMLE-Trade,2011-8-9,0.554066
AAPL,14593,QMLE-Trade,2011-8-10,0.443072
AAPL,14593,QMLE-Trade,2011-8-11,0.307133
AAPL,14593,QMLE-Trade,2011-8-12,0.200504
AAPL,14593,QMLE-Trade,2011-8-15,0.179266
AAPL,14593,QMLE-Trade,2011-8-16,0.22262
AAPL,14593,QMLE-Trade,2011-8-17,0.198338
AAPL,14593,QMLE-Trade,2011-8-18,0.289464
AAPL,14593,QMLE-Trade,2011-8-19,0.2905
AAPL,14593,QMLE-Trade,2011-8-22,0.302536
AAPL,14593,QMLE-Trade,2011-8-23,0.265583
AAPL,14593,QMLE-Trade,2011-8-24,0.235351
AAPL,14593,QMLE-Trade,2011-8-25,0.271865
AAPL,14593,QMLE-Trade,2011-8-26,0.234728
AAPL,14593,QMLE-Trade,2011-8-29,0.129772
AAPL,14593,QMLE-Trade,2011-8-30,0.181624
AAPL,14593,QMLE-Trade,2011-8-31,0.197042
AAPL,14593,QMLE-Trade,2011-9-1,0.19044
AAPL,14593,QMLE-Trade,2011-9-2,0.174381
AAPL,14593,QMLE-Trade,2011-9-6,0.256645
AAPL,14593,QMLE-Trade,2011-9-7,0.134874
AAPL,14593,QMLE-Trade,2011-9-8,0.193553
AAPL,14593,QMLE-Trade,2011-9-9,0.217826
AAPL,14593,QMLE-Trade,2011-9-12,0.245783
AAPL,14593,QMLE-Trade,2011-9-13,0.186711
AAPL,14593,QMLE-Trade,2011-9-14,0.151751
AAPL,14593,QMLE-Trade,2011-9-15,0.14395
AAPL,14593,QMLE-Trade,2011-9-16,0.127834
AAPL,14593,QMLE-Trade,2011-9-19,0.225638
AAPL,14593,QMLE-Trade,2011-9-20,0.224564
AAPL,14593,QMLE-Trade,2011-9-21,0.262672
AAPL,14593,QMLE-Trade,2011-9-22,0.372805
AAPL,14593,QMLE-Trade,2011-9-23,0.269697
AAPL,14593,QMLE-Trade,2011-9-26,0.347802
AAPL,14593,QMLE-Trade,2011-9-27,0.274182
AAPL,14593,QMLE-Trade,2011-9-28,0.276039
AAPL,14593,QMLE-Trade,2011-9-29,0.305292
AAPL,14593,QMLE-Trade,2011-9-30,0.315876
AAPL,14593,QMLE-Trade,2011-10-3,0.409014
AAPL,14593,QMLE-Trade,2011-10-4,0.605096
AAPL,14593,QMLE-Trade,2011-10-5,0.418626
AAPL,14593,QMLE-Trade,2011-10-6,0.396956
AAPL,14593,QMLE-Trade,2011-10-7,0.302108
AAPL,14593,QMLE-Trade,2011-10-10,0.206009
AAPL,14593,QMLE-Trade,2011-10-11,0.241557
AAPL,14593,QMLE-Trade,2011-10-12,0.23615
AAPL,14593,QMLE-Trade,2011-10-13,0.180451
AAPL,14593,QMLE-Trade,2011-10-14,0.129739
AAPL,14593,QMLE-Trade,2011-10-17,0.244002
AAPL,14593,QMLE-Trade,2011-10-18,0.211332
AAPL,14593,QMLE-Trade,2011-10-19,0.274817
AAPL,14593,QMLE-Trade,2011-10-20,0.249331
AAPL,14593,QMLE-Trade,2011-10-21,0.170156
AAPL,14593,QMLE-Trade,2011-10-24,0.179911
AAPL,14593,QMLE-Trade,2011-10-25,0.211913
AAPL,14593,QMLE-Trade,2011-10-26,0.22807
AAPL,14593,QMLE-Trade,2011-10-27,0.175578
AAPL,14593,QMLE-Trade,2011-10-28,0.151593
AAPL,14593,QMLE-Trade,2011-10-31,0.189889
AAPL,14593,QMLE-Trade,2011-11-1,0.251387
AAPL,14593,QMLE-Trade,2011-11-2,0.173242
AAPL,14593,QMLE-Trade,2011-11-3,0.17733
AAPL,14593,QMLE-Trade,2011-11-4,0.123429
AAPL,14593,QMLE-Trade,2011-11-7,0.150436
AAPL,14593,QMLE-Trade,2011-11-8,0.1423
AAPL,14593,QMLE-Trade,2011-11-9,0.170661
AAPL,14593,QMLE-Trade,2011-11-10,0.264974
AAPL,14593,QMLE-Trade,2011-11-11,0.219805
AAPL,14593,QMLE-Trade,2011-11-14,0.218315
AAPL,14593,QMLE-Trade,2011-11-15,0.170272
AAPL,14593,QMLE-Trade,2011-11-16,0.190107
AAPL,14593,QMLE-Trade,2011-11-17,0.244149
AAPL,14593,QMLE-Trade,2011-11-18,0.185317
AAPL,14593,QMLE-Trade,2011-11-21,0.258516
AAPL,14593,QMLE-Trade,2011-11-22,0.206159
AAPL,14593,QMLE-Trade,2011-11-23,0.242176
AAPL,14593,QMLE-Trade,2011-11-25,0.199086
AAPL,14593,QMLE-Trade,2011-11-28,0.169307
AAPL,14593,QMLE-Trade,2011-11-29,0.240087
AAPL,14593,QMLE-Trade,2011-11-30,0.170087
AAPL,14593,QMLE-Trade,2011-12-1,0.175779
AAPL,14593,QMLE-Trade,2011-12-2,0.145729
AAPL,14593,QMLE-Trade,2011-12-5,0.165061
AAPL,14593,QMLE-Trade,2011-12-6,0.154334
AAPL,14593,QMLE-Trade,2011-12-7,0.163736
AAPL,14593,QMLE-Trade,2011-12-8,0.187736
AAPL,14593,QMLE-Trade,2011-12-9,0.128539
AAPL,14593,QMLE-Trade,2011-12-12,0.153341
AAPL,14593,QMLE-Trade,2011-12-13,0.175143
AAPL,14593,QMLE-Trade,2011-12-14,0.208731
AAPL,14593,QMLE-Trade,2011-12-15,0.162395
AAPL,14593,QMLE-Trade,2011-12-16,0.125157
AAPL,14593,QMLE-Trade,2011-12-19,0.14143
AAPL,14593,QMLE-Trade,2011-12-20,0.124553
AAPL,14593,QMLE-Trade,2011-12-21,0.154307
AAPL,14593,QMLE-Trade,2011-12-22,0.0864202
AAPL,14593,QMLE-Trade,2011-12-23,0.0704529
AAPL,14593,QMLE-Trade,2011-12-27,0.106933
AAPL,14593,QMLE-Trade,2011-12-28,0.117958
AAPL,14593,QMLE-Trade,2011-12-29,0.1079
AAPL,14593,QMLE-Trade,2011-12-30,0.0678896
AAPL,14593,QMLE-Trade,2012-1-3,0.104025
AAPL,14593,QMLE-Trade,2012-1-4,0.102451
AAPL,14593,QMLE-Trade,2012-1-5,0.105722
AAPL,14593,QMLE-Trade,2012-1-6,0.0829131
AAPL,14593,QMLE-Trade,2012-1-9,0.141811
AAPL,14593,QMLE-Trade,2012-1-10,0.116616
AAPL,14593,QMLE-Trade,2012-1-11,0.121065
AAPL,14593,QMLE-Trade,2012-1-12,0.114279
AAPL,14593,QMLE-Trade,2012-1-13,0.0912207
AAPL,14593,QMLE-Trade,2012-1-17,0.0880038
AAPL,14593,QMLE-Trade,2012-1-18,0.0882317
AAPL,14593,QMLE-Trade,2012-1-19,0.0830197
AAPL,14593,QMLE-Trade,2012-1-20,0.0943096
AAPL,14593,QMLE-Trade,2012-1-23,0.121369
AAPL,14593,QMLE-Trade,2012-1-24,0.124428
AAPL,14593,QMLE-Trade,2012-1-25,0.196548
AAPL,14593,QMLE-Trade,2012-1-26,0.106268
AAPL,14593,QMLE-Trade,2012-1-27,0.0979
AAPL,14593,QMLE-Trade,2012-1-30,0.124102
AAPL,14593,QMLE-Trade,2012-1-31,0.119593
AAPL,14593,QMLE-Trade,2012-2-1,0.0990254
AAPL,14593,QMLE-Trade,2012-2-2,0.0981856
AAPL,14593,QMLE-Trade,2012-2-3,0.0757575
AAPL,14593,QMLE-Trade,2012-2-6,0.0936395
AAPL,14593,QMLE-Trade,2012-2-7,0.105183
AAPL,14593,QMLE-Trade,2012-2-8,0.106671
AAPL,14593,QMLE-Trade,2012-2-9,0.204141
AAPL,14593,QMLE-Trade,2012-2-10,0.187068
AAPL,14593,QMLE-Trade,2012-2-13,0.167737
AAPL,14593,QMLE-Trade,2012-2-14,0.138307
AAPL,14593,QMLE-Trade,2012-2-15,0.390551
AAPL,14593,QMLE-Trade,2012-2-16,0.2868
AAPL,14593,QMLE-Trade,2012-2-17,0.18794
AAPL,14593,QMLE-Trade,2012-2-21,0.193683
AAPL,14593,QMLE-Trade,2012-2-22,0.205634
AAPL,14593,QMLE-Trade,2012-2-23,0.214326
AAPL,14593,QMLE-Trade,2012-2-24,0.104444
AAPL,14593,QMLE-Trade,2012-2-27,0.167695
AAPL,14593,QMLE-Trade,2012-2-28,0.164536
AAPL,14593,QMLE-Trade,2012-2-29,0.255551
AAPL,14593,QMLE-Trade,2012-3-1,0.204115
AAPL,14593,QMLE-Trade,2012-3-2,0.120359
AAPL,14593,QMLE-Trade,2012-3-5,0.307602
AAPL,14593,QMLE-Trade,2012-3-6,0.304848
AAPL,14593,QMLE-Trade,2012-3-7,0.314785
AAPL,14593,QMLE-Trade,2012-3-8,0.161674
AAPL,14593,QMLE-Trade,2012-3-9,0.112023
AAPL,14593,QMLE-Trade,2012-3-12,0.121462
AAPL,14593,QMLE-Trade,2012-3-13,0.135098
AAPL,14593,QMLE-Trade,2012-3-14,0.327042
AAPL,14593,QMLE-Trade,2012-3-15,0.334854
AAPL,14593,QMLE-Trade,2012-3-16,0.22194
AAPL,14593,QMLE-Trade,2012-3-19,0.238397
AAPL,14593,QMLE-Trade,2012-3-20,0.231379
AAPL,14593,QMLE-Trade,2012-3-21,0.170648
AAPL,14593,QMLE-Trade,2012-3-22,0.181542
AAPL,14593,QMLE-Trade,2012-3-23,0.133348
AAPL,14593,QMLE-Trade,2012-3-26,0.132551
AAPL,14593,QMLE-Trade,2012-3-27,0.148557
AAPL,14593,QMLE-Trade,2012-3-28,0.184362
AAPL,14593,QMLE-Trade,2012-3-29,0.180893
AAPL,14593,QMLE-Trade,2012-3-30,0.176711
AAPL,14593,QMLE-Trade,2012-4-2,0.155132
AAPL,14593,QMLE-Trade,2012-4-3,0.192767
AAPL,14593,QMLE-Trade,2012-4-4,0.165089
AAPL,14593,QMLE-Trade,2012-4-5,0.132016
AAPL,14593,QMLE-Trade,2012-4-9,0.172987
AAPL,14593,QMLE-Trade,2012-4-10,0.255309
AAPL,14593,QMLE-Trade,2012-4-11,0.228791
AAPL,14593,QMLE-Trade,2012-4-12,0.213134
AAPL,14593,QMLE-Trade,2012-4-13,0.253286
AAPL,14593,QMLE-Trade,2012-4-16,0.406864
AAPL,14593,QMLE-Trade,2012-4-17,0.300498
AAPL,14593,QMLE-Trade,2012-4-18,0.316073
AAPL,14593,QMLE-Trade,2012-4-19,0.311632
AAPL,14593,QMLE-Trade,2012-4-20,0.306035
AAPL,14593,QMLE-Trade,2012-4-23,0.443587
AAPL,14593,QMLE-Trade,2012-4-24,0.313762
AAPL,14593,QMLE-Trade,2012-4-25,0.257483
AAPL,14593,QMLE-Trade,2012-4-26,0.204019
AAPL,14593,QMLE-Trade,2012-4-27,0.159184
AAPL,14593,QMLE-Trade,2012-4-30,0.236177
AAPL,14593,QMLE-Trade,2012-5-1,0.257995
AAPL,14593,QMLE-Trade,2012-5-2,0.253336
AAPL,14593,QMLE-Trade,2012-5-3,0.193793
AAPL,14593,QMLE-Trade,2012-5-4,0.197585
AAPL,14593,QMLE-Trade,2012-5-7,0.259813
AAPL,14593,QMLE-Trade,2012-5-8,0.271473
AAPL,14593,QMLE-Trade,2012-5-9,0.246263
AAPL,14593,QMLE-Trade,2012-5-10,0.175
AAPL,14593,QMLE-Trade,2012-5-11,0.180298
AAPL,14593,QMLE-Trade,2012-5-14,0.197315
AAPL,14593,QMLE-Trade,2012-5-15,0.236921
AAPL,14593,QMLE-Trade,2012-5-16,0.24729
AAPL,14593,QMLE-Trade,2012-5-17,0.284072
AAPL,14593,QMLE-Trade,2012-5-18,0.288455
AAPL,14593,QMLE-Trade,2012-5-21,0.258379
AAPL,14593,QMLE-Trade,2012-5-22,0.282748
AAPL,14593,QMLE-Trade,2012-5-23,0.295905
AAPL,14593,QMLE-Trade,2012-5-24,0.27052
AAPL,14593,QMLE-Trade,2012-5-25,0.177806
AAPL,14593,QMLE-Trade,2012-5-29,0.213055
AAPL,14593,QMLE-Trade,2012-5-30,0.224694
AAPL,14593,QMLE-Trade,2012-5-31,0.217587
AAPL,14593,QMLE-Trade,2012-6-1,0.199265
AAPL,14593,QMLE-Trade,2012-6-4,0.339395
AAPL,14593,QMLE-Trade,2012-6-5,0.236246
AAPL,14593,QMLE-Trade,2012-6-6,0.152186
AAPL,14593,QMLE-Trade,2012-6-7,0.16391
AAPL,14593,QMLE-Trade,2012-6-8,0.112295
AAPL,14593,QMLE-Trade,2012-6-11,0.22949
AAPL,14593,QMLE-Trade,2012-6-12,0.219351
AAPL,14593,QMLE-Trade,2012-6-13,0.169063
AAPL,14593,QMLE-Trade,2012-6-14,0.172046
AAPL,14593,QMLE-Trade,2012-6-15,0.105523
AAPL,14593,QMLE-Trade,2012-6-18,0.178989
AAPL,14593,QMLE-Trade,2012-6-19,0.173973
AAPL,14593,QMLE-Trade,2012-6-20,0.189796
AAPL,14593,QMLE-Trade,2012-6-21,0.150345
AAPL,14593,QMLE-Trade,2012-6-22,0.13784
AAPL,14593,QMLE-Trade,2012-6-25,0.152408
AAPL,14593,QMLE-Trade,2012-6-26,0.175825
AAPL,14593,QMLE-Trade,2012-6-27,0.117544
AAPL,14593,QMLE-Trade,2012-6-28,0.152396
AAPL,14593,QMLE-Trade,2012-6-29,0.0980476
AAPL,14593,QMLE-Trade,2012-7-2,0.155398
AAPL,14593,QMLE-Trade,2012-7-3,0.107328
AAPL,14593,QMLE-Trade,2012-7-5,0.135376
AAPL,14593,QMLE-Trade,2012-7-6,0.140706
AAPL,14593,QMLE-Trade,2012-7-9,0.158611
AAPL,14593,QMLE-Trade,2012-7-10,0.179019
AAPL,14593,QMLE-Trade,2012-7-11,0.203985
AAPL,14593,QMLE-Trade,2012-7-12,0.196082
AAPL,14593,QMLE-Trade,2012-7-13,0.121342
AAPL,14593,QMLE-Trade,2012-7-16,0.136499
AAPL,14593,QMLE-Trade,2012-7-17,0.164314
AAPL,14593,QMLE-Trade,2012-7-18,0.122756
AAPL,14593,QMLE-Trade,2012-7-19,0.134215
AAPL,14593,QMLE-Trade,2012-7-20,0.113482
AAPL,14593,QMLE-Trade,2012-7-23,0.23202
AAPL,14593,QMLE-Trade,2012-7-24,0.188692
AAPL,14593,QMLE-Trade,2012-7-25,0.240079
AAPL,14593,QMLE-Trade,2012-7-26,0.177309
AAPL,14593,QMLE-Trade,2012-7-27,0.14687
AAPL,14593,QMLE-Trade,2012-7-30,0.190668
AAPL,14593,QMLE-Trade,2012-7-31,0.160333
AAPL,14593,QMLE-Trade,2012-8-1,0.19119
AAPL,14593,QMLE-Trade,2012-8-2,0.18409
AAPL,14593,QMLE-Trade,2012-8-3,0.101467
AAPL,14593,QMLE-Trade,2012-8-6,0.122929
AAPL,14593,QMLE-Trade,2012-8-7,0.134636
AAPL,14593,QMLE-Trade,2012-8-8,0.111031
AAPL,14593,QMLE-Trade,2012-8-9,0.088202
AAPL,14593,QMLE-Trade,2012-8-10,0.0739537
AAPL,14593,QMLE-Trade,2012-8-13,0.100098
AAPL,14593,QMLE-Trade,2012-8-14,0.129228
AAPL,14593,QMLE-Trade,2012-8-15,0.110712
AAPL,14593,QMLE-Trade,2012-8-16,0.0948967
AAPL,14593,QMLE-Trade,2012-8-17,0.0885325
AAPL,14593,QMLE-Trade,2012-8-20,0.149792
AAPL,14593,QMLE-Trade,2012-8-21,0.25253
AAPL,14593,QMLE-Trade,2012-8-22,0.205478
AAPL,14593,QMLE-Trade,2012-8-23,0.200848
AAPL,14593,QMLE-Trade,2012-8-24,0.140183
AAPL,14593,QMLE-Trade,2012-8-27,0.174759
AAPL,14593,QMLE-Trade,2012-8-28,0.119576
AAPL,14593,QMLE-Trade,2012-8-29,0.0907881
AAPL,14593,QMLE-Trade,2012-8-30,0.120526
AAPL,14593,QMLE-Trade,2012-8-31,0.15068
AAPL,14593,QMLE-Trade,2012-9-4,0.148988
AAPL,14593,QMLE-Trade,2012-9-5,0.142649
AAPL,14593,QMLE-Trade,2012-9-6,0.118413
AAPL,14593,QMLE-Trade,2012-9-7,0.108371
AAPL,14593,QMLE-Trade,2012-9-10,0.174097
AAPL,14593,QMLE-Trade,2012-9-11,0.209254
AAPL,14593,QMLE-Trade,2012-9-12,0.290712
AAPL,14593,QMLE-Trade,2012-9-13,0.16955
AAPL,14593,QMLE-Trade,2012-9-14,0.142266
AAPL,14593,QMLE-Trade,2012-9-17,0.123055
AAPL,14593,QMLE-Trade,2012-9-18,0.113357
AAPL,14593,QMLE-Trade,2012-9-19,0.0952922
AAPL,14593,QMLE-Trade,2012-9-20,0.102601
AAPL,14593,QMLE-Trade,2012-9-21,0.0774857
AAPL,14593,QMLE-Trade,2012-9-24,0.209689
AAPL,14593,QMLE-Trade,2012-9-25,0.170314
AAPL,14593,QMLE-Trade,2012-9-26,0.237596
AAPL,14593,QMLE-Trade,2012-9-27,0.200658
AAPL,14593,QMLE-Trade,2012-9-28,0.185771
AAPL,14593,QMLE-Trade,2012-10-1,0.234988
AAPL,14593,QMLE-Trade,2012-10-2,0.259668
AAPL,14593,QMLE-Trade,2012-10-3,0.180075
AAPL,14593,QMLE-Trade,2012-10-4,0.161722
AAPL,14593,QMLE-Trade,2012-10-5,0.183684
AAPL,14593,QMLE-Trade,2012-10-8,0.285576
AAPL,14593,QMLE-Trade,2012-10-9,0.320149
AAPL,14593,QMLE-Trade,2012-10-10,0.218839
AAPL,14593,QMLE-Trade,2012-10-11,0.215377
AAPL,14593,QMLE-Trade,2012-10-12,0.208291
AAPL,14593,QMLE-Trade,2012-10-15,0.239889
AAPL,14593,QMLE-Trade,2012-10-16,0.197991
AAPL,14593,QMLE-Trade,2012-10-17,0.173936
AAPL,14593,QMLE-Trade,2012-10-18,0.211775
AAPL,14593,QMLE-Trade,2012-10-19,0.188745
AAPL,14593,QMLE-Trade,2012-10-22,0.247034
AAPL,14593,QMLE-Trade,2012-10-23,0.370261
AAPL,14593,QMLE-Trade,2012-10-24,0.29891
AAPL,14593,QMLE-Trade,2012-10-25,0.255128
AAPL,14593,QMLE-Trade,2012-10-26,0.337072
AAPL,14593,QMLE-Trade,2012-10-31,0.274267
AAPL,14593,QMLE-Trade,2012-11-1,0.186812
AAPL,14593,QMLE-Trade,2012-11-2,0.189278
AAPL,14593,QMLE-Trade,2012-11-5,0.299058
AAPL,14593,QMLE-Trade,2012-11-6,0.184229
AAPL,14593,QMLE-Trade,2012-11-7,0.336969
AAPL,14593,QMLE-Trade,2012-11-8,0.420781
AAPL,14593,QMLE-Trade,2012-11-9,0.354625
AAPL,14593,QMLE-Trade,2012-11-12,0.305874
AAPL,14593,QMLE-Trade,2012-11-13,0.308647
AAPL,14593,QMLE-Trade,2012-11-14,0.285373
AAPL,14593,QMLE-Trade,2012-11-15,0.347621
AAPL,14593,QMLE-Trade,2012-11-16,0.429123
AAPL,14593,QMLE-Trade,2012-11-19,0.261619
AAPL,14593,QMLE-Trade,2012-11-20,0.287584
AAPL,14593,QMLE-Trade,2012-11-21,0.22499
AAPL,14593,QMLE-Trade,2012-11-23,0.16785
AAPL,14593,QMLE-Trade,2012-11-26,0.199806
AAPL,14593,QMLE-Trade,2012-11-27,0.261574
AAPL,14593,QMLE-Trade,2012-11-28,0.233822
AAPL,14593,QMLE-Trade,2012-11-29,0.225096
AAPL,14593,QMLE-Trade,2012-11-30,0.157051
AAPL,14593,QMLE-Trade,2012-12-3,0.187558
AAPL,14593,QMLE-Trade,2012-12-4,0.226273
AAPL,14593,QMLE-Trade,2012-12-5,0.369851
AAPL,14593,QMLE-Trade,2012-12-6,0.439719
AAPL,14593,QMLE-Trade,2012-12-7,0.370369
AAPL,14593,QMLE-Trade,2012-12-10,0.396687
AAPL,14593,QMLE-Trade,2012-12-11,0.283948
AAPL,14593,QMLE-Trade,2012-12-12,0.290781
AAPL,14593,QMLE-Trade,2012-12-13,0.293494
AAPL,14593,QMLE-Trade,2012-12-14,0.298241
AAPL,14593,QMLE-Trade,2012-12-17,0.410933
AAPL,14593,QMLE-Trade,2012-12-18,0.295047
AAPL,14593,QMLE-Trade,2012-12-19,0.238734
AAPL,14593,QMLE-Trade,2012-12-20,0.246302
AAPL,14593,QMLE-Trade,2012-12-21,0.191265
AAPL,14593,QMLE-Trade,2012-12-24,0.205065
AAPL,14593,QMLE-Trade,2012-12-26,0.183115
AAPL,14593,QMLE-Trade,2012-12-27,0.210782
AAPL,14593,QMLE-Trade,2012-12-28,0.176484
AAPL,14593,QMLE-Trade,2012-12-31,0.294814
AAPL,14593,QMLE-Trade,2013-1-2,0.238182
AAPL,14593,QMLE-Trade,2013-1-3,0.178878
AAPL,14593,QMLE-Trade,2013-1-4,0.198598
AAPL,14593,QMLE-Trade,2013-1-7,0.248875
AAPL,14593,QMLE-Trade,2013-1-8,0.245836
AAPL,14593,QMLE-Trade,2013-1-9,0.205628
AAPL,14593,QMLE-Trade,2013-1-10,0.251615
AAPL,14593,QMLE-Trade,2013-1-11,0.165375
AAPL,14593,QMLE-Trade,2013-1-14,0.283204
AAPL,14593,QMLE-Trade,2013-1-15,0.280357
AAPL,14593,QMLE-Trade,2013-1-16,0.211999
AAPL,14593,QMLE-Trade,2013-1-17,0.194565
AAPL,14593,QMLE-Trade,2013-1-18,0.143494
AAPL,14593,QMLE-Trade,2013-1-22,0.207812
AAPL,14593,QMLE-Trade,2013-1-23,0.234616
AAPL,14593,QMLE-Trade,2013-1-24,0.331098
AAPL,14593,QMLE-Trade,2013-1-25,0.344725
AAPL,14593,QMLE-Trade,2013-1-28,0.348823
AAPL,14593,QMLE-Trade,2013-1-29,0.231202
AAPL,14593,QMLE-Trade,2013-1-30,0.238264
AAPL,14593,QMLE-Trade,2013-1-31,0.191424
AAPL,14593,QMLE-Trade,2013-2-1,0.221097
AAPL,14593,QMLE-Trade,2013-2-4,0.254347
AAPL,14593,QMLE-Trade,2013-2-5,0.257853
AAPL,14593,QMLE-Trade,2013-2-6,0.331519
AAPL,14593,QMLE-Trade,2013-2-7,0.31336
AAPL,14593,QMLE-Trade,2013-2-8,0.181636
AAPL,14593,QMLE-Trade,2013-2-11,0.229877
AAPL,14593,QMLE-Trade,2013-2-12,0.27773
AAPL,14593,QMLE-Trade,2013-2-13,0.253307
AAPL,14593,QMLE-Trade,2013-2-14,0.206934
AAPL,14593,QMLE-Trade,2013-2-15,0.166003
AAPL,14593,QMLE-Trade,2013-2-19,0.225697
AAPL,14593,QMLE-Trade,2013-2-20,0.210704
AAPL,14593,QMLE-Trade,2013-2-21,0.240834
AAPL,14593,QMLE-Trade,2013-2-22,0.168289
AAPL,14593,QMLE-Trade,2013-2-25,0.203951
AAPL,14593,QMLE-Trade,2013-2-26,0.277146
AAPL,14593,QMLE-Trade,2013-2-27,0.376408
AAPL,14593,QMLE-Trade,2013-2-28,0.206722
AAPL,14593,QMLE-Trade,2013-3-1,0.226421
AAPL,14593,QMLE-Trade,2013-3-4,0.230221
AAPL,14593,QMLE-Trade,2013-3-5,0.27131
AAPL,14593,QMLE-Trade,2013-3-6,0.241831
AAPL,14593,QMLE-Trade,2013-3-7,0.237011
AAPL,14593,QMLE-Trade,2013-3-8,0.205756
AAPL,14593,QMLE-Trade,2013-3-11,0.247777
AAPL,14593,QMLE-Trade,2013-3-12,0.252078
AAPL,14593,QMLE-Trade,2013-3-13,0.218313
AAPL,14593,QMLE-Trade,2013-3-14,0.18502
AAPL,14593,QMLE-Trade,2013-3-15,0.173837
AAPL,14593,QMLE-Trade,2013-3-18,0.230941
AAPL,14593,QMLE-Trade,2013-3-19,0.255582
AAPL,14593,QMLE-Trade,2013-3-20,0.185898
AAPL,14593,QMLE-Trade,2013-3-21,0.21272
AAPL,14593,QMLE-Trade,2013-3-22,0.156018
AAPL,14593,QMLE-Trade,2013-3-25,0.208877
AAPL,14593,QMLE-Trade,2013-3-26,0.155855
AAPL,14593,QMLE-Trade,2013-3-27,0.182997
AAPL,14593,QMLE-Trade,2013-3-28,0.170102
AAPL,14593,QMLE-Trade,2013-4-1,0.206899
AAPL,14593,QMLE-Trade,2013-4-2,0.263172
AAPL,14593,QMLE-Trade,2013-4-3,0.213285
AAPL,14593,QMLE-Trade,2013-4-4,0.239178
AAPL,14593,QMLE-Trade,2013-4-5,0.181829
AAPL,14593,QMLE-Trade,2013-4-8,0.186263
AAPL,14593,QMLE-Trade,2013-4-9,0.176774
AAPL,14593,QMLE-Trade,2013-4-10,0.176812
AAPL,14593,QMLE-Trade,2013-4-11,0.186815
AAPL,14593,QMLE-Trade,2013-4-12,0.151268
AAPL,14593,QMLE-Trade,2013-4-15,0.173047
AAPL,14593,QMLE-Trade,2013-4-16,0.178069
AAPL,14593,QMLE-Trade,2013-4-17,0.371805
AAPL,14593,QMLE-Trade,2013-4-18,0.303225
AAPL,14593,QMLE-Trade,2013-4-19,0.326514
AAPL,14593,QMLE-Trade,2013-4-22,0.275322
AAPL,14593,QMLE-Trade,2013-4-23,0.272525
AAPL,14593,QMLE-Trade,2013-4-24,0.467412
AAPL,14593,QMLE-Trade,2013-4-25,0.262764
AAPL,14593,QMLE-Trade,2013-4-26,0.224579
AAPL,14593,QMLE-Trade,2013-4-29,0.221648
AAPL,14593,QMLE-Trade,2013-4-30,0.246393
AAPL,14593,QMLE-Trade,2013-5-1,0.261806
AAPL,14593,QMLE-Trade,2013-5-2,0.190725
AAPL,14593,QMLE-Trade,2013-5-3,0.133799
AAPL,14593,QMLE-Trade,2013-5-6,0.179088
AAPL,14593,QMLE-Trade,2013-5-7,0.220137
AAPL,14593,QMLE-Trade,2013-5-8,0.190006
AAPL,14593,QMLE-Trade,2013-5-9,0.199703
AAPL,14593,QMLE-Trade,2013-5-10,0.185106
AAPL,14593,QMLE-Trade,2013-5-13,0.192622
AAPL,14593,QMLE-Trade,2013-5-14,0.222545
AAPL,14593,QMLE-Trade,2013-5-15,0.298851
AAPL,14593,QMLE-Trade,2013-5-16,0.328723
AAPL,14593,QMLE-Trade,2013-5-17,0.239719
AAPL,14593,QMLE-Trade,2013-5-20,0.251647
AAPL,14593,QMLE-Trade,2013-5-21,0.283348
AAPL,14593,QMLE-Trade,2013-5-22,0.277215
AAPL,14593,QMLE-Trade,2013-5-23,0.230841
AAPL,14593,QMLE-Trade,2013-5-24,0.152316
AAPL,14593,QMLE-Trade,2013-5-28,0.219534
AAPL,14593,QMLE-Trade,2013-5-29,0.205427
AAPL,14593,QMLE-Trade,2013-5-30,0.160799
AAPL,14593,QMLE-Trade,2013-5-31,0.156396
AAPL,14593,QMLE-Trade,2013-6-3,0.236131
AAPL,14593,QMLE-Trade,2013-6-4,0.189
AAPL,14593,QMLE-Trade,2013-6-5,0.213303
AAPL,14593,QMLE-Trade,2013-6-6,0.236054
AAPL,14593,QMLE-Trade,2013-6-7,0.20235
AAPL,14593,QMLE-Trade,2013-6-10,0.282923
AAPL,14593,QMLE-Trade,2013-6-11,0.214315
AAPL,14593,QMLE-Trade,2013-6-12,0.182406
AAPL,14593,QMLE-Trade,2013-6-13,0.206536
AAPL,14593,QMLE-Trade,2013-6-14,0.157105
AAPL,14593,QMLE-Trade,2013-6-17,0.187063
AAPL,14593,QMLE-Trade,2013-6-18,0.145238
AAPL,14593,QMLE-Trade,2013-6-19,0.190536
AAPL,14593,QMLE-Trade,2013-6-20,0.219895
AAPL,14593,QMLE-Trade,2013-6-21,0.239579
AAPL,14593,QMLE-Trade,2013-6-24,0.290729
AAPL,14593,QMLE-Trade,2013-6-25,0.220562
AAPL,14593,QMLE-Trade,2013-6-26,0.20078
AAPL,14593,QMLE-Trade,2013-6-27,0.195493
AAPL,14593,QMLE-Trade,2013-6-28,0.252295
AAPL,14593,QMLE-Trade,2013-7-1,0.213843
AAPL,14593,QMLE-Trade,2013-7-2,0.236828
AAPL,14593,QMLE-Trade,2013-7-3,0.259124
AAPL,14593,QMLE-Trade,2013-7-5,0.177619
AAPL,14593,QMLE-Trade,2013-7-8,0.218571
AAPL,14593,QMLE-Trade,2013-7-9,0.228985
AAPL,14593,QMLE-Trade,2013-7-10,0.235228
AAPL,14593,QMLE-Trade,2013-7-11,0.176226
AAPL,14593,QMLE-Trade,2013-7-12,0.157548
AAPL,14593,QMLE-Trade,2013-7-15,0.158237
AAPL,14593,QMLE-Trade,2013-7-16,0.176214
AAPL,14593,QMLE-Trade,2013-7-17,0.137676
AAPL,14593,QMLE-Trade,2013-7-18,0.131864
AAPL,14593,QMLE-Trade,2013-7-19,0.14714
AAPL,14593,QMLE-Trade,2013-7-22,0.158925
AAPL,14593,QMLE-Trade,2013-7-23,0.15972
AAPL,14593,QMLE-Trade,2013-7-24,0.226312
AAPL,14593,QMLE-Trade,2013-7-25,0.160104
AAPL,14593,QMLE-Trade,2013-7-26,0.147595
AAPL,14593,QMLE-Trade,2013-7-29,0.148638
AAPL,14593,QMLE-Trade,2013-7-30,0.158077
AAPL,14593,QMLE-Trade,2013-7-31,0.175147
AAPL,14593,QMLE-Trade,2013-8-1,0.140363
AAPL,14593,QMLE-Trade,2013-8-2,0.106933
AAPL,14593,QMLE-Trade,2013-8-5,0.155592
AAPL,14593,QMLE-Trade,2013-8-6,0.175142
AAPL,14593,QMLE-Trade,2013-8-7,0.18149
AAPL,14593,QMLE-Trade,2013-8-8,0.132331
AAPL,14593,QMLE-Trade,2013-8-9,0.124607
AAPL,14593,QMLE-Trade,2013-8-12,0.161761
AAPL,14593,QMLE-Trade,2013-8-13,0.276045
AAPL,14593,QMLE-Trade,2013-8-14,0.242151
AAPL,14593,QMLE-Trade,2013-8-15,0.203142
AAPL,14593,QMLE-Trade,2013-8-16,0.134284
AAPL,14593,QMLE-Trade,2013-8-19,0.177167
AAPL,14593,QMLE-Trade,2013-8-20,0.176452
AAPL,14593,QMLE-Trade,2013-8-21,0.188609
AAPL,14593,QMLE-Trade,2013-8-22,0.170055
AAPL,14593,QMLE-Trade,2013-8-23,0.112138
AAPL,14593,QMLE-Trade,2013-8-26,0.140253
AAPL,14593,QMLE-Trade,2013-8-27,0.219041
AAPL,14593,QMLE-Trade,2013-8-28,0.197503
AAPL,14593,QMLE-Trade,2013-8-29,0.140531
AAPL,14593,QMLE-Trade,2013-8-30,0.144616
AAPL,14593,QMLE-Trade,2013-9-3,0.215232
AAPL,14593,QMLE-Trade,2013-9-4,0.164469
AAPL,14593,QMLE-Trade,2013-9-5,0.117321
AAPL,14593,QMLE-Trade,2013-9-6,0.166528
AAPL,14593,QMLE-Trade,2013-9-9,0.144983
AAPL,14593,QMLE-Trade,2013-9-10,0.329408
AAPL,14593,QMLE-Trade,2013-9-11,0.282167
AAPL,14593,QMLE-Trade,2013-9-12,0.204773
AAPL,14593,QMLE-Trade,2013-9-13,0.132515
AAPL,14593,QMLE-Trade,2013-9-16,0.2239
AAPL,14593,QMLE-Trade,2013-9-17,0.220254
AAPL,14593,QMLE-Trade,2013-9-18,0.213089
AAPL,14593,QMLE-Trade,2013-9-19,0.137152
AAPL,14593,QMLE-Trade,2013-9-20,0.16191
AAPL,14593,QMLE-Trade,2013-9-23,0.274745
AAPL,14593,QMLE-Trade,2013-9-24,0.19013
AAPL,14593,QMLE-Trade,2013-9-25,0.192947
AAPL,14593,QMLE-Trade,2013-9-26,0.130052
AAPL,14593,QMLE-Trade,2013-9-27,0.121004
AAPL,14593,QMLE-Trade,2013-9-30,0.178528
AAPL,14593,QMLE-Trade,2013-10-1,0.177702
AAPL,14593,QMLE-Trade,2013-10-2,0.168354
AAPL,14593,QMLE-Trade,2013-10-3,0.196863
AAPL,14593,QMLE-Trade,2013-10-4,0.145603
AAPL,14593,QMLE-Trade,2013-10-7,0.168656
AAPL,14593,QMLE-Trade,2013-10-8,0.205336
AAPL,14593,QMLE-Trade,2013-10-9,0.204265
AAPL,14593,QMLE-Trade,2013-10-10,0.159883
AAPL,14593,QMLE-Trade,2013-10-11,0.130866
AAPL,14593,QMLE-Trade,2013-10-14,0.155235
AAPL,14593,QMLE-Trade,2013-10-15,0.171718
AAPL,14593,QMLE-Trade,2013-10-16,0.130103
AAPL,14593,QMLE-Trade,2013-10-17,0.105783
AAPL,14593,QMLE-Trade,2013-10-18,0.0886275
AAPL,14593,QMLE-Trade,2013-10-21,0.15603
AAPL,14593,QMLE-Trade,2013-10-22,0.355507
AAPL,14593,QMLE-Trade,2013-10-23,0.194089
AAPL,14593,QMLE-Trade,2013-10-24,0.137875
AAPL,14593,QMLE-Trade,2013-10-25,0.140509
AAPL,14593,QMLE-Trade,2013-10-28,0.155045
AAPL,14593,QMLE-Trade,2013-10-29,0.316319
AAPL,14593,QMLE-Trade,2013-10-30,0.226932
AAPL,14593,QMLE-Trade,2013-10-31,0.167842
AAPL,14593,QMLE-Trade,2013-11-1,0.149425
AAPL,14593,QMLE-Trade,2013-11-4,0.160591
AAPL,14593,QMLE-Trade,2013-11-5,0.167128
AAPL,14593,QMLE-Trade,2013-11-6,0.144547
AAPL,14593,QMLE-Trade,2013-11-7,0.185873
AAPL,14593,QMLE-Trade,2013-11-8,0.119324
AAPL,14593,QMLE-Trade,2013-11-11,0.179545
AAPL,14593,QMLE-Trade,2013-11-12,0.153249
AAPL,14593,QMLE-Trade,2013-11-13,0.124656
AAPL,14593,QMLE-Trade,2013-11-14,0.115925
AAPL,14593,QMLE-Trade,2013-11-15,0.111044
AAPL,14593,QMLE-Trade,2013-11-18,0.134032
AAPL,14593,QMLE-Trade,2013-11-19,0.142567
AAPL,14593,QMLE-Trade,2013-11-20,0.127871
AAPL,14593,QMLE-Trade,2013-11-21,0.125391
AAPL,14593,QMLE-Trade,2013-11-22,0.0953503
AAPL,14593,QMLE-Trade,2013-11-25,0.106369
AAPL,14593,QMLE-Trade,2013-11-26,0.113643
AAPL,14593,QMLE-Trade,2013-11-27,0.116243
AAPL,14593,QMLE-Trade,2013-11-29,0.115936
AAPL,14593,QMLE-Trade,2013-12-2,0.197854
AAPL,14593,QMLE-Trade,2013-12-3,0.165035
AAPL,14593,QMLE-Trade,2013-12-4,0.17527
AAPL,14593,QMLE-Trade,2013-12-5,0.159066
AAPL,14593,QMLE-Trade,2013-12-6,0.12271
AAPL,14593,QMLE-Trade,2013-12-9,0.117183
AAPL,14593,QMLE-Trade,2013-12-10,0.126218
AAPL,14593,QMLE-Trade,2013-12-11,0.15594
AAPL,14593,QMLE-Trade,2013-12-12,0.135498
AAPL,14593,QMLE-Trade,2013-12-13,0.123392
AAPL,14593,QMLE-Trade,2013-12-16,0.119625
AAPL,14593,QMLE-Trade,2013-12-17,0.127602
AAPL,14593,QMLE-Trade,2013-12-18,0.232341
AAPL,14593,QMLE-Trade,2013-12-19,0.151621
AAPL,14593,QMLE-Trade,2013-12-20,0.0905348
AAPL,14593,QMLE-Trade,2013-12-23,0.134159
AAPL,14593,QMLE-Trade,2013-12-24,0.12688
AAPL,14593,QMLE-Trade,2013-12-26,0.112167
AAPL,14593,QMLE-Trade,2013-12-27,0.0948996
AAPL,14593,QMLE-Trade,2013-12-30,0.119873
AAPL,14593,QMLE-Trade,2013-12-31,0.101027
AAPL,14593,QMLE-Trade,2014-1-2,0.117937
AAPL,14593,QMLE-Trade,2014-1-3,0.125697
AAPL,14593,QMLE-Trade,2014-1-6,0.191716
AAPL,14593,QMLE-Trade,2014-1-7,0.143634
AAPL,14593,QMLE-Trade,2014-1-8,0.144863
AAPL,14593,QMLE-Trade,2014-1-9,0.159405
AAPL,14593,QMLE-Trade,2014-1-10,0.136494
AAPL,14593,QMLE-Trade,2014-1-13,0.181901
AAPL,14593,QMLE-Trade,2014-1-14,0.139115
AAPL,14593,QMLE-Trade,2014-1-15,0.131701
AAPL,14593,QMLE-Trade,2014-1-16,0.133677
AAPL,14593,QMLE-Trade,2014-1-17,0.134646
AAPL,14593,QMLE-Trade,2014-1-21,0.188144
AAPL,14593,QMLE-Trade,2014-1-22,0.184526
AAPL,14593,QMLE-Trade,2014-1-23,0.18433
AAPL,14593,QMLE-Trade,2014-1-24,0.170723
AAPL,14593,QMLE-Trade,2014-1-27,0.207907
AAPL,14593,QMLE-Trade,2014-1-28,0.32151
AAPL,14593,QMLE-Trade,2014-1-29,0.260475
AAPL,14593,QMLE-Trade,2014-1-30,0.17534
AAPL,14593,QMLE-Trade,2014-1-31,0.151503
AAPL,14593,QMLE-Trade,2014-2-3,0.207455
AAPL,14593,QMLE-Trade,2014-2-4,0.172138
AAPL,14593,QMLE-Trade,2014-2-5,0.164678
AAPL,14593,QMLE-Trade,2014-2-6,0.134773
AAPL,14593,QMLE-Trade,2014-2-7,0.115708
AAPL,14593,QMLE-Trade,2014-2-10,0.157481
AAPL,14593,QMLE-Trade,2014-2-11,0.12913
AAPL,14593,QMLE-Trade,2014-2-12,0.156303
AAPL,14593,QMLE-Trade,2014-2-13,0.107657
AAPL,14593,QMLE-Trade,2014-2-14,0.122334
AAPL,14593,QMLE-Trade,2014-2-18,0.118549
AAPL,14593,QMLE-Trade,2014-2-19,0.175863
AAPL,14593,QMLE-Trade,2014-2-20,0.169612
AAPL,14593,QMLE-Trade,2014-2-21,0.136177
AAPL,14593,QMLE-Trade,2014-2-24,0.174599
AAPL,14593,QMLE-Trade,2014-2-25,0.160974
AAPL,14593,QMLE-Trade,2014-2-26,0.162572
AAPL,14593,QMLE-Trade,2014-2-27,0.162192
AAPL,14593,QMLE-Trade,2014-2-28,0.159398
AAPL,14593,QMLE-Trade,2014-3-3,0.192262
AAPL,14593,QMLE-Trade,2014-3-4,0.135334
AAPL,14593,QMLE-Trade,2014-3-5,0.138946
AAPL,14593,QMLE-Trade,2014-3-6,0.120882
AAPL,14593,QMLE-Trade,2014-3-7,0.124134
AAPL,14593,QMLE-Trade,2014-3-10,0.137003
AAPL,14593,QMLE-Trade,2014-3-11,0.130503
AAPL,14593,QMLE-Trade,2014-3-12,0.131598
AAPL,14593,QMLE-Trade,2014-3-13,0.158135
AAPL,14593,QMLE-Trade,2014-3-14,0.14833
AAPL,14593,QMLE-Trade,2014-3-17,0.118749
AAPL,14593,QMLE-Trade,2014-3-18,0.121361
AAPL,14593,QMLE-Trade,2014-3-19,0.138795
AAPL,14593,QMLE-Trade,2014-3-20,0.135845
AAPL,14593,QMLE-Trade,2014-3-21,0.140791
AAPL,14593,QMLE-Trade,2014-3-24,0.177119
AAPL,14593,QMLE-Trade,2014-3-25,0.140731
AAPL,14593,QMLE-Trade,2014-3-26,0.139946
AAPL,14593,QMLE-Trade,2014-3-27,0.167312
AAPL,14593,QMLE-Trade,2014-3-28,0.109082
AAPL,14593,QMLE-Trade,2014-3-31,0.124285
AAPL,14593,QMLE-Trade,2014-4-1,0.11339
AAPL,14593,QMLE-Trade,2014-4-2,0.115703
AAPL,14593,QMLE-Trade,2014-4-3,0.107603
AAPL,14593,QMLE-Trade,2014-4-4,0.135836
AAPL,14593,QMLE-Trade,2014-4-7,0.156756
AAPL,14593,QMLE-Trade,2014-4-8,0.15369
AAPL,14593,QMLE-Trade,2014-4-9,0.12776
AAPL,14593,QMLE-Trade,2014-4-10,0.151192
AAPL,14593,QMLE-Trade,2014-4-11,0.167818
AAPL,14593,QMLE-Trade,2014-4-14,0.140041
AAPL,14593,QMLE-Trade,2014-4-15,0.161151
AAPL,14593,QMLE-Trade,2014-4-16,0.138202
AAPL,14593,QMLE-Trade,2014-4-17,0.105939
AAPL,14593,QMLE-Trade,2014-4-21,0.118874
AAPL,14593,QMLE-Trade,2014-4-22,0.103026
AAPL,14593,QMLE-Trade,2014-4-23,0.116329
AAPL,14593,QMLE-Trade,2014-4-24,0.155312
AAPL,14593,QMLE-Trade,2014-4-25,0.124271
AAPL,14593,QMLE-Trade,2014-4-28,0.217046
AAPL,14593,QMLE-Trade,2014-4-29,0.173413
AAPL,14593,QMLE-Trade,2014-4-30,0.1795
AAPL,14593,QMLE-Trade,2014-5-1,0.157757
AAPL,14593,QMLE-Trade,2014-5-2,0.12316
AAPL,14593,QMLE-Trade,2014-5-5,0.134922
AAPL,14593,QMLE-Trade,2014-5-6,0.140702
AAPL,14593,QMLE-Trade,2014-5-7,0.176716
AAPL,14593,QMLE-Trade,2014-5-8,0.135922
AAPL,14593,QMLE-Trade,2014-5-9,0.131628
AAPL,14593,QMLE-Trade,2014-5-12,0.117229
AAPL,14593,QMLE-Trade,2014-5-13,0.121635
AAPL,14593,QMLE-Trade,2014-5-14,0.120574
AAPL,14593,QMLE-Trade,2014-5-15,0.142106
AAPL,14593,QMLE-Trade,2014-5-16,0.107687
AAPL,14593,QMLE-Trade,2014-5-19,0.135148
AAPL,14593,QMLE-Trade,2014-5-20,0.135694
AAPL,14593,QMLE-Trade,2014-5-21,0.106567
AAPL,14593,QMLE-Trade,2014-5-22,0.101579
AAPL,14593,QMLE-Trade,2014-5-23,0.0828649
AAPL,14593,QMLE-Trade,2014-5-27,0.107925
AAPL,14593,QMLE-Trade,2014-5-28,0.120407
AAPL,14593,QMLE-Trade,2014-5-29,0.116182
AAPL,14593,QMLE-Trade,2014-5-30,0.158523
AAPL,14593,QMLE-Trade,2014-6-2,0.18818
AAPL,14593,QMLE-Trade,2014-6-3,0.147805
AAPL,14593,QMLE-Trade,2014-6-4,0.134434
AAPL,14593,QMLE-Trade,2014-6-5,0.134374
AAPL,14593,QMLE-Trade,2014-6-6,0.128639
AAPL,14593,QMLE-Trade,2014-6-9,0.189354
AAPL,14593,QMLE-Trade,2014-6-10,0.175686
AAPL,14593,QMLE-Trade,2014-6-11,0.139066
AAPL,14593,QMLE-Trade,2014-6-12,0.175955
AAPL,14593,QMLE-Trade,2014-6-13,0.183046
AAPL,14593,QMLE-Trade,2014-6-16,0.152121
AAPL,14593,QMLE-Trade,2014-6-17,0.141678
AAPL,14593,QMLE-Trade,2014-6-18,0.143942
AAPL,14593,QMLE-Trade,2014-6-19,0.138996
AAPL,14593,QMLE-Trade,2014-6-20,0.124256
AAPL,14593,QMLE-Trade,2014-6-23,0.133162
AAPL,14593,QMLE-Trade,2014-6-24,0.14352
AAPL,14593,QMLE-Trade,2014-6-25,0.16189
AAPL,14593,QMLE-Trade,2014-6-26,0.160173
AAPL,14593,QMLE-Trade,2014-6-27,0.144144
AAPL,14593,QMLE-Trade,2014-6-30,0.143267
AAPL,14593,QMLE-Trade,2014-7-1,0.136585
AAPL,14593,QMLE-Trade,2014-7-2,0.1212
AAPL,14593,QMLE-Trade,2014-7-3,0.153746
AAPL,14593,QMLE-Trade,2014-7-7,0.143757
AAPL,14593,QMLE-Trade,2014-7-8,0.191834
AAPL,14593,QMLE-Trade,2014-7-9,0.165705
AAPL,14593,QMLE-Trade,2014-7-10,0.160424
AAPL,14593,QMLE-Trade,2014-7-11,0.135402
AAPL,14593,QMLE-Trade,2014-7-14,0.11511
AAPL,14593,QMLE-Trade,2014-7-15,0.140449
AAPL,14593,QMLE-Trade,2014-7-16,0.145443
AAPL,14593,QMLE-Trade,2014-7-17,0.19588
AAPL,14593,QMLE-Trade,2014-7-18,0.147272
AAPL,14593,QMLE-Trade,2014-7-21,0.118088
AAPL,14593,QMLE-Trade,2014-7-22,0.109112
AAPL,14593,QMLE-Trade,2014-7-23,0.184527
AAPL,14593,QMLE-Trade,2014-7-24,0.162678
AAPL,14593,QMLE-Trade,2014-7-25,0.142778
AAPL,14593,QMLE-Trade,2014-7-28,0.15892
AAPL,14593,QMLE-Trade,2014-7-29,0.139684
AAPL,14593,QMLE-Trade,2014-7-30,0.162711
AAPL,14593,QMLE-Trade,2014-7-31,0.197042
AAPL,14593,QMLE-Trade,2014-8-1,0.216839
AAPL,14593,QMLE-Trade,2014-8-4,0.154061
AAPL,14593,QMLE-Trade,2014-8-5,0.206688
AAPL,14593,QMLE-Trade,2014-8-6,0.147686
AAPL,14593,QMLE-Trade,2014-8-7,0.165217
AAPL,14593,QMLE-Trade,2014-8-8,0.174817
AAPL,14593,QMLE-Trade,2014-8-11,0.118476
AAPL,14593,QMLE-Trade,2014-8-12,0.139908
AAPL,14593,QMLE-Trade,2014-8-13,0.110591
AAPL,14593,QMLE-Trade,2014-8-14,0.107322
AAPL,14593,QMLE-Trade,2014-8-15,0.13875
AAPL,14593,QMLE-Trade,2014-8-18,0.0965024
AAPL,14593,QMLE-Trade,2014-8-19,0.113417
AAPL,14593,QMLE-Trade,2014-8-20,0.126862
AAPL,14593,QMLE-Trade,2014-8-21,0.100529
AAPL,14593,QMLE-Trade,2014-8-22,0.110615
AAPL,14593,QMLE-Trade,2014-8-25,0.104518
AAPL,14593,QMLE-Trade,2014-8-26,0.095064
AAPL,14593,QMLE-Trade,2014-8-27,0.115399
AAPL,14593,QMLE-Trade,2014-8-28,0.109008
AAPL,14593,QMLE-Trade,2014-8-29,0.0812839
AAPL,14593,QMLE-Trade,2014-9-2,0.12458
AAPL,14593,QMLE-Trade,2014-9-3,0.318271
AAPL,14593,QMLE-Trade,2014-9-4,0.212509
AAPL,14593,QMLE-Trade,2014-9-5,0.167494
AAPL,14593,QMLE-Trade,2014-9-8,0.135688
AAPL,14593,QMLE-Trade,2014-9-9,0.492206
AAPL,14593,QMLE-Trade,2014-9-10,0.306954
AAPL,14593,QMLE-Trade,2014-9-11,0.17384
AAPL,14593,QMLE-Trade,2014-9-12,0.174917
AAPL,14593,QMLE-Trade,2014-9-15,0.198764
AAPL,14593,QMLE-Trade,2014-9-16,0.213497
AAPL,14593,QMLE-Trade,2014-9-17,0.185746
AAPL,14593,QMLE-Trade,2014-9-18,0.129314
AAPL,14593,QMLE-Trade,2014-9-19,0.142119
AAPL,14593,QMLE-Trade,2014-9-22,0.177801
AAPL,14593,QMLE-Trade,2014-9-23,0.166212
AAPL,14593,QMLE-Trade,2014-9-24,0.181582
AAPL,14593,QMLE-Trade,2014-9-25,0.247884
AAPL,14593,QMLE-Trade,2014-9-26,0.155688
AAPL,14593,QMLE-Trade,2014-9-29,0.185748
AAPL,14593,QMLE-Trade,2014-9-30,0.178424
AAPL,14593,QMLE-Trade,2014-10-1,0.190847
AAPL,14593,QMLE-Trade,2014-10-2,0.208763
AAPL,14593,QMLE-Trade,2014-10-3,0.159996
AAPL,14593,QMLE-Trade,2014-10-6,0.173336
AAPL,14593,QMLE-Trade,2014-10-7,0.186205
AAPL,14593,QMLE-Trade,2014-10-8,0.205082
AAPL,14593,QMLE-Trade,2014-10-9,0.236093
AAPL,14593,QMLE-Trade,2014-10-10,0.255073
AAPL,14593,QMLE-Trade,2014-10-13,0.259228
AAPL,14593,QMLE-Trade,2014-10-14,0.27103
AAPL,14593,QMLE-Trade,2014-10-15,0.413489
AAPL,14593,QMLE-Trade,2014-10-16,0.351027
AAPL,14593,QMLE-Trade,2014-10-17,0.197541
AAPL,14593,QMLE-Trade,2014-10-20,0.172285
AAPL,14593,QMLE-Trade,2014-10-21,0.202651
AAPL,14593,QMLE-Trade,2014-10-22,0.165743
AAPL,14593,QMLE-Trade,2014-10-23,0.138647
AAPL,14593,QMLE-Trade,2014-10-24,0.112559
AAPL,14593,QMLE-Trade,2014-10-27,0.123321
AAPL,14593,QMLE-Trade,2014-10-28,0.111379
AAPL,14593,QMLE-Trade,2014-10-29,0.165675
AAPL,14593,QMLE-Trade,2014-10-30,0.143234
AAPL,14593,QMLE-Trade,2014-10-31,0.115107
AAPL,14593,QMLE-Trade,2014-11-3,0.126221
AAPL,14593,QMLE-Trade,2014-11-4,0.129095
AAPL,14593,QMLE-Trade,2014-11-5,0.144529
AAPL,14593,QMLE-Trade,2014-11-6,0.113232
AAPL,14593,QMLE-Trade,2014-11-7,0.105872
AAPL,14593,QMLE-Trade,2014-11-10,0.0835999
AAPL,14593,QMLE-Trade,2014-11-11,0.102759
AAPL,14593,QMLE-Trade,2014-11-12,0.118562
AAPL,14593,QMLE-Trade,2014-11-13,0.145721
AAPL,14593,QMLE-Trade,2014-11-14,0.114616
AAPL,14593,QMLE-Trade,2014-11-17,0.16125
AAPL,14593,QMLE-Trade,2014-11-18,0.118761
AAPL,14593,QMLE-Trade,2014-11-19,0.170255
AAPL,14593,QMLE-Trade,2014-11-20,0.12702
AAPL,14593,QMLE-Trade,2014-11-21,0.159616
AAPL,14593,QMLE-Trade,2014-11-24,0.113675
AAPL,14593,QMLE-Trade,2014-11-25,0.168608
AAPL,14593,QMLE-Trade,2014-11-26,0.12212
AAPL,14593,QMLE-Trade,2014-11-28,0.184878
AAPL,14593,QMLE-Trade,2014-12-1,0.500482
AAPL,14593,QMLE-Trade,2014-12-2,0.236737
AAPL,14593,QMLE-Trade,2014-12-3,0.180897
AAPL,14593,QMLE-Trade,2014-12-4,0.165636
AAPL,14593,QMLE-Trade,2014-12-5,0.165993
AAPL,14593,QMLE-Trade,2014-12-8,0.240942
AAPL,14593,QMLE-Trade,2014-12-9,0.254347
AAPL,14593,QMLE-Trade,2014-12-10,0.254764
AAPL,14593,QMLE-Trade,2014-12-11,0.206397
AAPL,14593,QMLE-Trade,2014-12-12,0.230712
AAPL,14593,QMLE-Trade,2014-12-15,0.35103
AAPL,14593,QMLE-Trade,2014-12-16,0.34256
AAPL,14593,QMLE-Trade,2014-12-17,0.296653
AAPL,14593,QMLE-Trade,2014-12-18,0.185641
AAPL,14593,QMLE-Trade,2014-12-19,0.18189
AAPL,14593,QMLE-Trade,2014-12-22,0.136639
AAPL,14593,QMLE-Trade,2014-12-23,0.119115
AAPL,14593,QMLE-Trade,2014-12-24,0.127566
AAPL,14593,QMLE-Trade,2014-12-26,0.103082
AAPL,14593,QMLE-Trade,2014-12-29,0.12393
AAPL,14593,QMLE-Trade,2014-12-30,0.155889
AAPL,14593,QMLE-Trade,2014-12-31,0.166736
AAPL,14593,QMLE-Trade,2015-1-2,0.263409
AAPL,14593,QMLE-Trade,2015-1-5,0.26076
AAPL,14593,QMLE-Trade,2015-1-6,0.303385
AAPL,14593,QMLE-Trade,2015-1-7,0.241177
AAPL,14593,QMLE-Trade,2015-1-8,0.179061
AAPL,14593,QMLE-Trade,2015-1-9,0.243773
AAPL,14593,QMLE-Trade,2015-1-12,0.251989
AAPL,14593,QMLE-Trade,2015-1-13,0.269576
AAPL,14593,QMLE-Trade,2015-1-14,0.277566
AAPL,14593,QMLE-Trade,2015-1-15,0.28626
AAPL,14593,QMLE-Trade,2015-1-16,0.236556
AAPL,14593,QMLE-Trade,2015-1-20,0.249662
AAPL,14593,QMLE-Trade,2015-1-21,0.221944
AAPL,14593,QMLE-Trade,2015-1-22,0.209477
AAPL,14593,QMLE-Trade,2015-1-23,0.18188
AAPL,14593,QMLE-Trade,2015-1-26,0.167132
AAPL,14593,QMLE-Trade,2015-1-27,0.246677
AAPL,14593,QMLE-Trade,2015-1-28,0.297689
AAPL,14593,QMLE-Trade,2015-1-29,0.238607
AAPL,14593,QMLE-Trade,2015-1-30,0.236594
AAPL,14593,QMLE-Trade,2015-2-2,0.279077
AAPL,14593,QMLE-Trade,2015-2-3,0.226419
AAPL,14593,QMLE-Trade,2015-2-4,0.21131
AAPL,14593,QMLE-Trade,2015-2-5,0.159217
AAPL,14593,QMLE-Trade,2015-2-6,0.176532
AAPL,14593,QMLE-Trade,2015-2-9,0.17094
AAPL,14593,QMLE-Trade,2015-2-10,0.139787
AAPL,14593,QMLE-Trade,2015-2-11,0.144179
AAPL,14593,QMLE-Trade,2015-2-12,0.171746
AAPL,14593,QMLE-Trade,2015-2-13,0.155454
AAPL,14593,QMLE-Trade,2015-2-17,0.170646
AAPL,14593,QMLE-Trade,2015-2-18,0.136066
AAPL,14593,QMLE-Trade,2015-2-19,0.101076
AAPL,14593,QMLE-Trade,2015-2-20,0.113687
AAPL,14593,QMLE-Trade,2015-2-23,0.132871
AAPL,14593,QMLE-Trade,2015-2-24,0.189603
AAPL,14593,QMLE-Trade,2015-2-25,0.232222
AAPL,14593,QMLE-Trade,2015-2-26,0.285
AAPL,14593,QMLE-Trade,2015-2-27,0.212805
AAPL,14593,QMLE-Trade,2015-3-2,0.186626
AAPL,14593,QMLE-Trade,2015-3-3,0.187085
AAPL,14593,QMLE-Trade,2015-3-4,0.177102
AAPL,14593,QMLE-Trade,2015-3-5,0.20441
AAPL,14593,QMLE-Trade,2015-3-6,0.219568
AAPL,14593,QMLE-Trade,2015-3-9,0.299049
AAPL,14593,QMLE-Trade,2015-3-10,0.252386
AAPL,14593,QMLE-Trade,2015-3-11,0.251186
AAPL,14593,QMLE-Trade,2015-3-12,0.219504
AAPL,14593,QMLE-Trade,2015-3-13,0.205623
AAPL,14593,QMLE-Trade,2015-3-16,0.16841
AAPL,14593,QMLE-Trade,2015-3-17,0.15738
AAPL,14593,QMLE-Trade,2015-3-18,0.205861
AAPL,14593,QMLE-Trade,2015-3-19,0.164803
AAPL,14593,QMLE-Trade,2015-3-20,0.14752
AAPL,14593,QMLE-Trade,2015-3-23,0.147342
AAPL,14593,QMLE-Trade,2015-3-24,0.152378
AAPL,14593,QMLE-Trade,2015-3-25,0.177396
AAPL,14593,QMLE-Trade,2015-3-26,0.220055
AAPL,14593,QMLE-Trade,2015-3-27,0.164946
AAPL,14593,QMLE-Trade,2015-3-30,0.144167
AAPL,14593,QMLE-Trade,2015-3-31,0.160832
AAPL,14593,QMLE-Trade,2015-4-1,0.220438
AAPL,14593,QMLE-Trade,2015-4-2,0.152986
AAPL,14593,QMLE-Trade,2015-4-6,0.149539
AAPL,14593,QMLE-Trade,2015-4-7,0.139455
AAPL,14593,QMLE-Trade,2015-4-8,0.184519
AAPL,14593,QMLE-Trade,2015-4-9,0.169176
AAPL,14593,QMLE-Trade,2015-4-10,0.147313
AAPL,14593,QMLE-Trade,2015-4-13,0.139603
AAPL,14593,QMLE-Trade,2015-4-14,0.134691
AAPL,14593,QMLE-Trade,2015-4-15,0.129507
AAPL,14593,QMLE-Trade,2015-4-16,0.133019
AAPL,14593,QMLE-Trade,2015-4-17,0.151631
AAPL,14593,QMLE-Trade,2015-4-20,0.131993
AAPL,14593,QMLE-Trade,2015-4-21,0.12766
AAPL,14593,QMLE-Trade,2015-4-22,0.138012
AAPL,14593,QMLE-Trade,2015-4-23,0.133665
AAPL,14593,QMLE-Trade,2015-4-24,0.116654
AAPL,14593,QMLE-Trade,2015-4-27,0.158227
AAPL,14593,QMLE-Trade,2015-4-28,0.301321
AAPL,14593,QMLE-Trade,2015-4-29,0.226234
AAPL,14593,QMLE-Trade,2015-4-30,0.223048
AAPL,14593,QMLE-Trade,2015-5-1,0.167313
AAPL,14593,QMLE-Trade,2015-5-4,0.172049
AAPL,14593,QMLE-Trade,2015-5-5,0.196032
AAPL,14593,QMLE-Trade,2015-5-6,0.235196
AAPL,14593,QMLE-Trade,2015-5-7,0.201943
AAPL,14593,QMLE-Trade,2015-5-8,0.151352
AAPL,14593,QMLE-Trade,2015-5-11,0.170724
AAPL,14593,QMLE-Trade,2015-5-12,0.17817
AAPL,14593,QMLE-Trade,2015-5-13,0.165309
AAPL,14593,QMLE-Trade,2015-5-14,0.124046
AAPL,14593,QMLE-Trade,2015-5-15,0.13744
AAPL,14593,QMLE-Trade,2015-5-18,0.150008
AAPL,14593,QMLE-Trade,2015-5-19,0.134489
AAPL,14593,QMLE-Trade,2015-5-20,0.135359
AAPL,14593,QMLE-Trade,2015-5-21,0.118561
AAPL,14593,QMLE-Trade,2015-5-22,0.110917
AAPL,14593,QMLE-Trade,2015-5-26,0.159628
AAPL,14593,QMLE-Trade,2015-5-27,0.120123
AAPL,14593,QMLE-Trade,2015-5-28,0.115118
AAPL,14593,QMLE-Trade,2015-5-29,0.138183
AAPL,14593,QMLE-Trade,2015-6-1,0.134089
AAPL,14593,QMLE-Trade,2015-6-2,0.133028
AAPL,14593,QMLE-Trade,2015-6-3,0.115574
AAPL,14593,QMLE-Trade,2015-6-4,0.144781
AAPL,14593,QMLE-Trade,2015-6-5,0.132409
AAPL,14593,QMLE-Trade,2015-6-8,0.153653
AAPL,14593,QMLE-Trade,2015-6-9,0.167798
AAPL,14593,QMLE-Trade,2015-6-10,0.127567
AAPL,14593,QMLE-Trade,2015-6-11,0.132846
AAPL,14593,QMLE-Trade,2015-6-12,0.127104
AAPL,14593,QMLE-Trade,2015-6-15,0.148801
AAPL,14593,QMLE-Trade,2015-6-16,0.123448
AAPL,14593,QMLE-Trade,2015-6-17,0.13312
AAPL,14593,QMLE-Trade,2015-6-18,0.106304
AAPL,14593,QMLE-Trade,2015-6-19,0.100605
AAPL,14593,QMLE-Trade,2015-6-22,0.105738
AAPL,14593,QMLE-Trade,2015-6-23,0.0963176
AAPL,14593,QMLE-Trade,2015-6-24,0.142505
AAPL,14593,QMLE-Trade,2015-6-25,0.124705
AAPL,14593,QMLE-Trade,2015-6-26,0.129847
AAPL,14593,QMLE-Trade,2015-6-29,0.159066
AAPL,14593,QMLE-Trade,2015-6-30,0.172502
AAPL,14593,QMLE-Trade,2015-7-1,0.125602
AAPL,14593,QMLE-Trade,2015-7-2,0.107741
AAPL,14593,QMLE-Trade,2015-7-6,0.142236
AAPL,14593,QMLE-Trade,2015-7-7,0.169717
AAPL,14593,QMLE-Trade,2015-7-8,0.195647
AAPL,14593,QMLE-Trade,2015-7-9,0.219158
AAPL,14593,QMLE-Trade,2015-7-10,0.159761
AAPL,14593,QMLE-Trade,2015-7-13,0.111594
AAPL,14593,QMLE-Trade,2015-7-14,0.113686
AAPL,14593,QMLE-Trade,2015-7-15,0.116713
AAPL,14593,QMLE-Trade,2015-7-16,0.101195
AAPL,14593,QMLE-Trade,2015-7-17,0.110138
AAPL,14593,QMLE-Trade,2015-7-20,0.121077
AAPL,14593,QMLE-Trade,2015-7-21,0.173155
AAPL,14593,QMLE-Trade,2015-7-22,0.278601
AAPL,14593,QMLE-Trade,2015-7-23,0.167393
AAPL,14593,QMLE-Trade,2015-7-24,0.170752
AAPL,14593,QMLE-Trade,2015-7-27,0.174758
AAPL,14593,QMLE-Trade,2015-7-28,0.15385
AAPL,14593,QMLE-Trade,2015-7-29,0.168636
AAPL,14593,QMLE-Trade,2015-7-30,0.150324
AAPL,14593,QMLE-Trade,2015-7-31,0.14172
AAPL,14593,QMLE-Trade,2015-8-3,0.243323
AAPL,14593,QMLE-Trade,2015-8-4,0.355634
AAPL,14593,QMLE-Trade,2015-8-5,0.28592
AAPL,14593,QMLE-Trade,2015-8-6,0.210622
AAPL,14593,QMLE-Trade,2015-8-7,0.19179
AAPL,14593,QMLE-Trade,2015-8-10,0.165027
AAPL,14593,QMLE-Trade,2015-8-11,0.255261
AAPL,14593,QMLE-Trade,2015-8-12,0.375099
AAPL,14593,QMLE-Trade,2015-8-13,0.228281
AAPL,14593,QMLE-Trade,2015-8-14,0.177749
AAPL,14593,QMLE-Trade,2015-8-17,0.174287
AAPL,14593,QMLE-Trade,2015-8-18,0.160733
AAPL,14593,QMLE-Trade,2015-8-19,0.225146
AAPL,14593,QMLE-Trade,2015-8-20,0.231574
AAPL,14593,QMLE-Trade,2015-8-21,0.430307
AAPL,14593,QMLE-Trade,2015-8-24,1.03541
AAPL,14593,QMLE-Trade,2015-8-25,0.50552
AAPL,14593,QMLE-Trade,2015-8-26,0.508069
AAPL,14593,QMLE-Trade,2015-8-27,0.355083
AAPL,14593,QMLE-Trade,2015-8-28,0.267987
AAPL,14593,QMLE-Trade,2015-8-31,0.256997
AAPL,14593,QMLE-Trade,2015-9-1,0.364978
AAPL,14593,QMLE-Trade,2015-9-2,0.296074
AAPL,14593,QMLE-Trade,2015-9-3,0.288429
AAPL,14593,QMLE-Trade,2015-9-4,0.259738
AAPL,14593,QMLE-Trade,2015-9-8,0.20991
AAPL,14593,QMLE-Trade,2015-9-9,0.327301
AAPL,14593,QMLE-Trade,2015-9-10,0.276191
AAPL,14593,QMLE-Trade,2015-9-11,0.181968
AAPL,14593,QMLE-Trade,2015-9-14,0.219845
AAPL,14593,QMLE-Trade,2015-9-15,0.172573
AAPL,14593,QMLE-Trade,2015-9-16,0.150738
AAPL,14593,QMLE-Trade,2015-9-17,0.28609
AAPL,14593,QMLE-Trade,2015-9-18,0.244155
AAPL,14593,QMLE-Trade,2015-9-21,0.190866
AAPL,14593,QMLE-Trade,2015-9-22,0.204211
AAPL,14593,QMLE-Trade,2015-9-23,0.156551
AAPL,14593,QMLE-Trade,2015-9-24,0.201479
AAPL,14593,QMLE-Trade,2015-9-25,0.218245
AAPL,14593,QMLE-Trade,2015-9-28,0.241388
AAPL,14593,QMLE-Trade,2015-9-29,0.291482
AAPL,14593,QMLE-Trade,2015-9-30,0.269032
AAPL,14593,QMLE-Trade,2015-10-1,0.286238
AAPL,14593,QMLE-Trade,2015-10-2,0.245559
AAPL,14593,QMLE-Trade,2015-10-5,0.192227
AAPL,14593,QMLE-Trade,2015-10-6,0.222908
AAPL,14593,QMLE-Trade,2015-10-7,0.212117
AAPL,14593,QMLE-Trade,2015-10-8,0.233908
AAPL,14593,QMLE-Trade,2015-10-9,0.199846
AAPL,14593,QMLE-Trade,2015-10-12,0.151889
AAPL,14593,QMLE-Trade,2015-10-13,0.161977
AAPL,14593,QMLE-Trade,2015-10-14,0.181376
AAPL,14593,QMLE-Trade,2015-10-15,0.168157
AAPL,14593,QMLE-Trade,2015-10-16,0.156196
AAPL,14593,QMLE-Trade,2015-10-19,0.160329
AAPL,14593,QMLE-Trade,2015-10-20,0.212918
AAPL,14593,QMLE-Trade,2015-10-21,0.18335
AAPL,14593,QMLE-Trade,2015-10-22,0.171171
AAPL,14593,QMLE-Trade,2015-10-23,0.175891
AAPL,14593,QMLE-Trade,2015-10-26,0.195464
AAPL,14593,QMLE-Trade,2015-10-27,0.212979
AAPL,14593,QMLE-Trade,2015-10-28,0.261735
AAPL,14593,QMLE-Trade,2015-10-29,0.168567
AAPL,14593,QMLE-Trade,2015-10-30,0.150516
AAPL,14593,QMLE-Trade,2015-11-2,0.120288
AAPL,14593,QMLE-Trade,2015-11-3,0.1591
AAPL,14593,QMLE-Trade,2015-11-4,0.177926
AAPL,14593,QMLE-Trade,2015-11-5,0.172457
AAPL,14593,QMLE-Trade,2015-11-6,0.164947
AAPL,14593,QMLE-Trade,2015-11-9,0.181787
AAPL,14593,QMLE-Trade,2015-11-10,0.224167
AAPL,14593,QMLE-Trade,2015-11-11,0.209773
AAPL,14593,QMLE-Trade,2015-11-12,0.204835
AAPL,14593,QMLE-Trade,2015-11-13,0.218898
AAPL,14593,QMLE-Trade,2015-11-16,0.221461
AAPL,14593,QMLE-Trade,2015-11-17,0.190123
AAPL,14593,QMLE-Trade,2015-11-18,0.17556
AAPL,14593,QMLE-Trade,2015-11-19,0.176885
AAPL,14593,QMLE-Trade,2015-11-20,0.131594
AAPL,14593,QMLE-Trade,2015-11-23,0.158834
AAPL,14593,QMLE-Trade,2015-11-24,0.185222
AAPL,14593,QMLE-Trade,2015-11-25,0.12769
AAPL,14593,QMLE-Trade,2015-11-27,0.144285
AAPL,14593,QMLE-Trade,2015-11-30,0.151966
AAPL,14593,QMLE-Trade,2015-12-1,0.149779
AAPL,14593,QMLE-Trade,2015-12-2,0.165942
AAPL,14593,QMLE-Trade,2015-12-3,0.20567
AAPL,14593,QMLE-Trade,2015-12-4,0.199863
AAPL,14593,QMLE-Trade,2015-12-7,0.192876
AAPL,14593,QMLE-Trade,2015-12-8,0.207168
AAPL,14593,QMLE-Trade,2015-12-9,0.215221
AAPL,14593,QMLE-Trade,2015-12-10,0.195165
AAPL,14593,QMLE-Trade,2015-12-11,0.223635
AAPL,14593,QMLE-Trade,2015-12-14,0.294529
AAPL,14593,QMLE-Trade,2015-12-15,0.195017
AAPL,14593,QMLE-Trade,2015-12-16,0.274931
AAPL,14593,QMLE-Trade,2015-12-17,0.209227
AAPL,14593,QMLE-Trade,2015-12-18,0.258821
AAPL,14593,QMLE-Trade,2015-12-21,0.214373
AAPL,14593,QMLE-Trade,2015-12-22,0.184958
AAPL,14593,QMLE-Trade,2015-12-23,0.159337
AAPL,14593,QMLE-Trade,2015-12-24,0.160048
AAPL,14593,QMLE-Trade,2015-12-28,0.148022
AAPL,14593,QMLE-Trade,2015-12-29,0.122638
AAPL,14593,QMLE-Trade,2015-12-30,0.144336
AAPL,14593,QMLE-Trade,2015-12-31,0.154156
AAPL,14593,QMLE-Trade,2016-1-4,0.279929
AAPL,14593,QMLE-Trade,2016-1-5,0.288701
AAPL,14593,QMLE-Trade,2016-1-6,0.293945
AAPL,14593,QMLE-Trade,2016-1-7,0.320629
AAPL,14593,QMLE-Trade,2016-1-8,0.315908
AAPL,14593,QMLE-Trade,2016-1-11,0.288546
AAPL,14593,QMLE-Trade,2016-1-12,0.283202
AAPL,14593,QMLE-Trade,2016-1-13,0.339074
AAPL,14593,QMLE-Trade,2016-1-14,0.346154
AAPL,14593,QMLE-Trade,2016-1-15,0.374288
AAPL,14593,QMLE-Trade,2016-1-19,0.284169
AAPL,14593,QMLE-Trade,2016-1-20,0.382066
AAPL,14593,QMLE-Trade,2016-1-21,0.349202
AAPL,14593,QMLE-Trade,2016-1-22,0.249428
AAPL,14593,QMLE-Trade,2016-1-25,0.239976
AAPL,14593,QMLE-Trade,2016-1-26,0.28759
AAPL,14593,QMLE-Trade,2016-1-27,0.382799
AAPL,14593,QMLE-Trade,2016-1-28,0.291538
AAPL,14593,QMLE-Trade,2016-1-29,0.23218
AAPL,14593,QMLE-Trade,2016-2-1,0.200985
AAPL,14593,QMLE-Trade,2016-2-2,0.213071
AAPL,14593,QMLE-Trade,2016-2-3,0.303974
AAPL,14593,QMLE-Trade,2016-2-4,0.279169
AAPL,14593,QMLE-Trade,2016-2-5,0.257707
AAPL,14593,QMLE-Trade,2016-2-8,0.312082
AAPL,14593,QMLE-Trade,2016-2-9,0.294606
AAPL,14593,QMLE-Trade,2016-2-10,0.249214
AAPL,14593,QMLE-Trade,2016-2-11,0.297628
AAPL,14593,QMLE-Trade,2016-2-12,0.178972
AAPL,14593,QMLE-Trade,2016-2-16,0.181887
AAPL,14593,QMLE-Trade,2016-2-17,0.18771
AAPL,14593,QMLE-Trade,2016-2-18,0.178571
AAPL,14593,QMLE-Trade,2016-2-19,0.187051
AAPL,14593,QMLE-Trade,2016-2-22,0.156073
AAPL,14593,QMLE-Trade,2016-2-23,0.139947
AAPL,14593,QMLE-Trade,2016-2-24,0.209422
AAPL,14593,QMLE-Trade,2016-2-25,0.172288
AAPL,14593,QMLE-Trade,2016-2-26,0.172341
AAPL,14593,QMLE-Trade,2016-2-29,0.166861
AAPL,14593,QMLE-Trade,2016-3-1,0.180791
AAPL,14593,QMLE-Trade,2016-3-2,0.168228
AAPL,14593,QMLE-Trade,2016-3-3,0.170431
AAPL,14593,QMLE-Trade,2016-3-4,0.195198
AAPL,14593,QMLE-Trade,2016-3-7,0.177878
AAPL,14593,QMLE-Trade,2016-3-8,0.203438
AAPL,14593,QMLE-Trade,2016-3-9,0.189916
AAPL,14593,QMLE-Trade,2016-3-10,0.236588
AAPL,14593,QMLE-Trade,2016-3-11,0.146309
AAPL,14593,QMLE-Trade,2016-3-14,0.135433
AAPL,14593,QMLE-Trade,2016-3-15,0.16582
AAPL,14593,QMLE-Trade,2016-3-16,0.172268
AAPL,14593,QMLE-Trade,2016-3-17,0.1649
AAPL,14593,QMLE-Trade,2016-3-18,0.145956
AAPL,14593,QMLE-Trade,2016-3-21,0.1985
AAPL,14593,QMLE-Trade,2016-3-22,0.153354
AAPL,14593,QMLE-Trade,2016-3-23,0.142627
AAPL,14593,QMLE-Trade,2016-3-24,0.135821
AAPL,14593,QMLE-Trade,2016-3-28,0.137829
AAPL,14593,QMLE-Trade,2016-3-29,0.145121
AAPL,14593,QMLE-Trade,2016-3-30,0.186623
AAPL,14593,QMLE-Trade,2016-3-31,0.143887
AAPL,14593,QMLE-Trade,2016-4-1,0.15293
AAPL,14593,QMLE-Trade,2016-4-4,0.18211
AAPL,14593,QMLE-Trade,2016-4-5,0.181064
AAPL,14593,QMLE-Trade,2016-4-6,0.154847
AAPL,14593,QMLE-Trade,2016-4-7,0.168835
AAPL,14593,QMLE-Trade,2016-4-8,0.172774
AAPL,14593,QMLE-Trade,2016-4-11,0.175856
AAPL,14593,QMLE-Trade,2016-4-12,0.174341
AAPL,14593,QMLE-Trade,2016-4-13,0.149273
AAPL,14593,QMLE-Trade,2016-4-14,0.12772
AAPL,14593,QMLE-Trade,2016-4-15,0.181942
AAPL,14593,QMLE-Trade,2016-4-18,0.157704
AAPL,14593,QMLE-Trade,2016-4-19,0.174428
AAPL,14593,QMLE-Trade,2016-4-20,0.153601
AAPL,14593,QMLE-Trade,2016-4-21,0.159885
AAPL,14593,QMLE-Trade,2016-4-22,0.176895
AAPL,14593,QMLE-Trade,2016-4-25,0.151635
AAPL,14593,QMLE-Trade,2016-4-26,0.169941
AAPL,14593,QMLE-Trade,2016-4-27,0.28037
AAPL,14593,QMLE-Trade,2016-4-28,0.242977
AAPL,14593,QMLE-Trade,2016-4-29,0.216687
AAPL,14593,QMLE-Trade,2016-5-2,0.194065
AAPL,14593,QMLE-Trade,2016-5-3,0.207443
AAPL,14593,QMLE-Trade,2016-5-4,0.199221
AAPL,14593,QMLE-Trade,2016-5-5,0.167286
AAPL,14593,QMLE-Trade,2016-5-6,0.1852
AAPL,14593,QMLE-Trade,2016-5-9,0.163569
AAPL,14593,QMLE-Trade,2016-5-10,0.176828
AAPL,14593,QMLE-Trade,2016-5-11,0.159781
AAPL,14593,QMLE-Trade,2016-5-12,0.237047
AAPL,14593,QMLE-Trade,2016-5-13,0.202731
AAPL,14593,QMLE-Trade,2016-5-16,0.182302
AAPL,14593,QMLE-Trade,2016-5-17,0.202755
AAPL,14593,QMLE-Trade,2016-5-18,0.207324
AAPL,14593,QMLE-Trade,2016-5-19,0.192797
AAPL,14593,QMLE-Trade,2016-5-20,0.137419
AAPL,14593,QMLE-Trade,2016-5-23,0.156263
AAPL,14593,QMLE-Trade,2016-5-24,0.133313
AAPL,14593,QMLE-Trade,2016-5-25,0.143773
AAPL,14593,QMLE-Trade,2016-5-26,0.153872
AAPL,14593,QMLE-Trade,2016-5-27,0.14057
AAPL,14593,QMLE-Trade,2016-5-31,0.131397
AAPL,14593,QMLE-Trade,2016-6-1,0.133021
AAPL,14593,QMLE-Trade,2016-6-2,0.167554
AAPL,14593,QMLE-Trade,2016-6-3,0.140929
AAPL,14593,QMLE-Trade,2016-6-6,0.126688
AAPL,14593,QMLE-Trade,2016-6-7,0.118721
AAPL,14593,QMLE-Trade,2016-6-8,0.107929
AAPL,14593,QMLE-Trade,2016-6-9,0.126314
AAPL,14593,QMLE-Trade,2016-6-10,0.135727
AAPL,14593,QMLE-Trade,2016-6-13,0.181007
AAPL,14593,QMLE-Trade,2016-6-14,0.163606
AAPL,14593,QMLE-Trade,2016-6-15,0.156593
AAPL,14593,QMLE-Trade,2016-6-16,0.162853
AAPL,14593,QMLE-Trade,2016-6-17,0.170448
AAPL,14593,QMLE-Trade,2016-6-20,0.129917
AAPL,14593,QMLE-Trade,2016-6-21,0.158976
AAPL,14593,QMLE-Trade,2016-6-22,0.143968
AAPL,14593,QMLE-Trade,2016-6-23,0.137005
AAPL,14593,QMLE-Trade,2016-6-24,0.231856
AAPL,14593,QMLE-Trade,2016-6-27,0.211629
AAPL,14593,QMLE-Trade,2016-6-28,0.149271
AAPL,14593,QMLE-Trade,2016-6-29,0.147991
AAPL,14593,QMLE-Trade,2016-6-30,0.135384
AAPL,14593,QMLE-Trade,2016-7-1,0.128611
AAPL,14593,QMLE-Trade,2016-7-5,0.117219
AAPL,14593,QMLE-Trade,2016-7-6,0.169981
AAPL,14593,QMLE-Trade,2016-7-7,0.131506
AAPL,14593,QMLE-Trade,2016-7-8,0.118674
AAPL,14593,QMLE-Trade,2016-7-11,0.1013
AAPL,14593,QMLE-Trade,2016-7-12,0.103482
AAPL,14593,QMLE-Trade,2016-7-13,0.1082
AAPL,14593,QMLE-Trade,2016-7-14,0.106864
AAPL,14593,QMLE-Trade,2016-7-15,0.106942
AAPL,14593,QMLE-Trade,2016-7-18,0.0993488
AAPL,14593,QMLE-Trade,2016-7-19,0.100513
AAPL,14593,QMLE-Trade,2016-7-20,0.0951732
AAPL,14593,QMLE-Trade,2016-7-21,0.109898
AAPL,14593,QMLE-Trade,2016-7-22,0.111032
AAPL,14593,QMLE-Trade,2016-7-25,0.117776
AAPL,14593,QMLE-Trade,2016-7-26,0.131706
AAPL,14593,QMLE-Trade,2016-7-27,0.160384
AAPL,14593,QMLE-Trade,2016-7-28,0.114137
AAPL,14593,QMLE-Trade,2016-7-29,0.113651
AAPL,14593,QMLE-Trade,2016-8-1,0.0990033
AAPL,14593,QMLE-Trade,2016-8-2,0.13575
AAPL,14593,QMLE-Trade,2016-8-3,0.102624
AAPL,14593,QMLE-Trade,2016-8-4,0.114806
AAPL,14593,QMLE-Trade,2016-8-5,0.0885488
AAPL,14593,QMLE-Trade,2016-8-8,0.0974938
AAPL,14593,QMLE-Trade,2016-8-9,0.106922
AAPL,14593,QMLE-Trade,2016-8-10,0.0896549
AAPL,14593,QMLE-Trade,2016-8-11,0.0979244
AAPL,14593,QMLE-Trade,2016-8-12,0.0829141
AAPL,14593,QMLE-Trade,2016-8-15,0.0908788
AAPL,14593,QMLE-Trade,2016-8-16,0.0974525
AAPL,14593,QMLE-Trade,2016-8-17,0.140531
AAPL,14593,QMLE-Trade,2016-8-18,0.0966168
AAPL,14593,QMLE-Trade,2016-8-19,0.108704
AAPL,14593,QMLE-Trade,2016-8-22,0.118182
AAPL,14593,QMLE-Trade,2016-8-23,0.1013
AAPL,14593,QMLE-Trade,2016-8-24,0.11614
AAPL,14593,QMLE-Trade,2016-8-25,0.122611
AAPL,14593,QMLE-Trade,2016-8-26,0.154472
AAPL,14593,QMLE-Trade,2016-8-29,0.131351
AAPL,14593,QMLE-Trade,2016-8-30,0.129234
AAPL,14593,QMLE-Trade,2016-8-31,0.126023
AAPL,14593,QMLE-Trade,2016-9-1,0.121777
AAPL,14593,QMLE-Trade,2016-9-2,0.115799
AAPL,14593,QMLE-Trade,2016-9-6,0.102186
AAPL,14593,QMLE-Trade,2016-9-7,0.145104
AAPL,14593,QMLE-Trade,2016-9-8,0.174622
AAPL,14593,QMLE-Trade,2016-9-9,0.175089
AAPL,14593,QMLE-Trade,2016-9-12,0.194441
AAPL,14593,QMLE-Trade,2016-9-13,0.200571
AAPL,14593,QMLE-Trade,2016-9-14,0.269098
AAPL,14593,QMLE-Trade,2016-9-15,0.202403
AAPL,14593,QMLE-Trade,2016-9-16,0.178702
AAPL,14593,QMLE-Trade,2016-9-19,0.190383
AAPL,14593,QMLE-Trade,2016-9-20,0.183286
AAPL,14593,QMLE-Trade,2016-9-21,0.174729
AAPL,14593,QMLE-Trade,2016-9-22,0.12293
AAPL,14593,QMLE-Trade,2016-9-23,0.232512
AAPL,14593,QMLE-Trade,2016-9-26,0.140145
AAPL,14593,QMLE-Trade,2016-9-27,0.141384
AAPL,14593,QMLE-Trade,2016-9-28,0.126609
AAPL,14593,QMLE-Trade,2016-9-29,0.173604
AAPL,14593,QMLE-Trade,2016-9-30,0.135505
AAPL,14593,QMLE-Trade,2016-10-3,0.110173
AAPL,14593,QMLE-Trade,2016-10-4,0.160758
AAPL,14593,QMLE-Trade,2016-10-5,0.122639
AAPL,14593,QMLE-Trade,2016-10-6,0.122536
AAPL,14593,QMLE-Trade,2016-10-7,0.131971
AAPL,14593,QMLE-Trade,2016-10-10,0.117781
AAPL,14593,QMLE-Trade,2016-10-11,0.175124
AAPL,14593,QMLE-Trade,2016-10-12,0.143295
AAPL,14593,QMLE-Trade,2016-10-13,0.141054
AAPL,14593,QMLE-Trade,2016-10-14,0.133944
AAPL,14593,QMLE-Trade,2016-10-17,0.12066
AAPL,14593,QMLE-Trade,2016-10-18,0.0965264
AAPL,14593,QMLE-Trade,2016-10-19,0.0963907
AAPL,14593,QMLE-Trade,2016-10-20,0.134122
AAPL,14593,QMLE-Trade,2016-10-21,0.101938
AAPL,14593,QMLE-Trade,2016-10-24,0.0872579
AAPL,14593,QMLE-Trade,2016-10-25,0.0895492
AAPL,14593,QMLE-Trade,2016-10-26,0.2
AAPL,14593,QMLE-Trade,2016-10-27,0.128098
AAPL,14593,QMLE-Trade,2016-10-28,0.170221
AAPL,14593,QMLE-Trade,2016-10-31,0.11098
AAPL,14593,QMLE-Trade,2016-11-1,0.154331
AAPL,14593,QMLE-Trade,2016-11-2,0.160673
AAPL,14593,QMLE-Trade,2016-11-3,0.136385
AAPL,14593,QMLE-Trade,2016-11-4,0.161904
AAPL,14593,QMLE-Trade,2016-11-7,0.113163
AAPL,14593,QMLE-Trade,2016-11-8,0.132988
AAPL,14593,QMLE-Trade,2016-11-9,0.345829
AAPL,14593,QMLE-Trade,2016-11-10,0.347321
AAPL,14593,QMLE-Trade,2016-11-11,0.232687
AAPL,14593,QMLE-Trade,2016-11-14,0.255889
AAPL,14593,QMLE-Trade,2016-11-15,0.190612
AAPL,14593,QMLE-Trade,2016-11-16,0.182403
AAPL,14593,QMLE-Trade,2016-11-17,0.177119
AAPL,14593,QMLE-Trade,2016-11-18,0.125789
AAPL,14593,QMLE-Trade,2016-11-21,0.125322
AAPL,14593,QMLE-Trade,2016-11-22,0.12399
AAPL,14593,QMLE-Trade,2016-11-23,0.116998
AAPL,14593,QMLE-Trade,2016-11-25,0.114877
AAPL,14593,QMLE-Trade,2016-11-28,0.117549
AAPL,14593,QMLE-Trade,2016-11-29,0.132823
AAPL,14593,QMLE-Trade,2016-11-30,0.145853
AAPL,14593,QMLE-Trade,2016-12-1,0.173879
AAPL,14593,QMLE-Trade,2016-12-2,0.154778
AAPL,14593,QMLE-Trade,2016-12-5,0.167053
AAPL,14593,QMLE-Trade,2016-12-6,0.135629
AAPL,14593,QMLE-Trade,2016-12-7,0.167973
AAPL,14593,QMLE-Trade,2016-12-8,0.151284
AAPL,14593,QMLE-Trade,2016-12-9,0.141165
AAPL,14593,QMLE-Trade,2016-12-12,0.129168
AAPL,14593,QMLE-Trade,2016-12-13,0.160222
AAPL,14593,QMLE-Trade,2016-12-14,0.190183
AAPL,14593,QMLE-Trade,2016-12-15,0.158452
AAPL,14593,QMLE-Trade,2016-12-16,0.118954
AAPL,14593,QMLE-Trade,2016-12-19,0.117837
AAPL,14593,QMLE-Trade,2016-12-20,0.0957862
AAPL,14593,QMLE-Trade,2016-12-21,0.0929184
AAPL,14593,QMLE-Trade,2016-12-22,0.104538
AAPL,14593,QMLE-Trade,2016-12-23,0.0750541
AAPL,14593,QMLE-Trade,2016-12-27,0.0826431
AAPL,14593,QMLE-Trade,2016-12-28,0.10679
AAPL,14593,QMLE-Trade,2016-12-29,0.109429
AAPL,14593,QMLE-Trade,2016-12-30,0.144768
AAPL,14593,QMLE-Trade,2017-1-3,0.145592
AAPL,14593,QMLE-Trade,2017-1-4,0.113022
AAPL,14593,QMLE-Trade,2017-1-5,0.110283
AAPL,14593,QMLE-Trade,2017-1-6,0.119358
AAPL,14593,QMLE-Trade,2017-1-9,0.120671
AAPL,14593,QMLE-Trade,2017-1-10,0.120428
AAPL,14593,QMLE-Trade,2017-1-11,0.11561
AAPL,14593,QMLE-Trade,2017-1-12,0.129855
AAPL,14593,QMLE-Trade,2017-1-13,0.0923961
AAPL,14593,QMLE-Trade,2017-1-17,0.115528
AAPL,14593,QMLE-Trade,2017-1-18,0.10355
AAPL,14593,QMLE-Trade,2017-1-19,0.114361
AAPL,14593,QMLE-Trade,2017-1-20,0.10062
AAPL,14593,QMLE-Trade,2017-1-23,0.100752
AAPL,14593,QMLE-Trade,2017-1-24,0.0735178
AAPL,14593,QMLE-Trade,2017-1-25,0.0888454
AAPL,14593,QMLE-Trade,2017-1-26,0.101944
AAPL,14593,QMLE-Trade,2017-1-27,0.08459
AAPL,14593,QMLE-Trade,2017-1-30,0.107237
AAPL,14593,QMLE-Trade,2017-1-31,0.10332
AAPL,14593,QMLE-Trade,2017-2-1,0.191376
AAPL,14593,QMLE-Trade,2017-2-2,0.129509
AAPL,14593,QMLE-Trade,2017-2-3,0.0959529
AAPL,14593,QMLE-Trade,2017-2-6,0.0932699
AAPL,14593,QMLE-Trade,2017-2-7,0.100829
AAPL,14593,QMLE-Trade,2017-2-8,0.0868781
AAPL,14593,QMLE-Trade,2017-2-9,0.0894433
AAPL,14593,QMLE-Trade,2017-2-10,0.0946487
AAPL,14593,QMLE-Trade,2017-2-13,0.0794254
AAPL,14593,QMLE-Trade,2017-2-14,0.0980056
AAPL,14593,QMLE-Trade,2017-2-15,0.112977
AAPL,14593,QMLE-Trade,2017-2-16,0.114106
AAPL,14593,QMLE-Trade,2017-2-17,0.0870001
AAPL,14593,QMLE-Trade,2017-2-21,0.0871515
AAPL,14593,QMLE-Trade,2017-2-22,0.0851895
AAPL,14593,QMLE-Trade,2017-2-23,0.104652
AAPL,14593,QMLE-Trade,2017-2-24,0.10401
AAPL,14593,QMLE-Trade,2017-2-27,0.100789
AAPL,14593,QMLE-Trade,2017-2-28,0.0901379
AAPL,14593,QMLE-Trade,2017-3-1,0.0994557
AAPL,14593,QMLE-Trade,2017-3-2,0.112324
AAPL,14593,QMLE-Trade,2017-3-3,0.0989521
AAPL,14593,QMLE-Trade,2017-3-6,0.0927669
AAPL,14593,QMLE-Trade,2017-3-7,0.102617
AAPL,14593,QMLE-Trade,2017-3-8,0.111894
AAPL,14593,QMLE-Trade,2017-3-9,0.142709
AAPL,14593,QMLE-Trade,2017-3-10,0.101158
AAPL,14593,QMLE-Trade,2017-3-13,0.0933087
AAPL,14593,QMLE-Trade,2017-3-14,0.0791881
AAPL,14593,QMLE-Trade,2017-3-15,0.0934402
AAPL,14593,QMLE-Trade,2017-3-16,0.0898811
AAPL,14593,QMLE-Trade,2017-3-17,0.0758957
AAPL,14593,QMLE-Trade,2017-3-20,0.0767771
AAPL,14593,QMLE-Trade,2017-3-21,0.1603
AAPL,14593,QMLE-Trade,2017-3-22,0.148842
AAPL,14593,QMLE-Trade,2017-3-23,0.127227
AAPL,14593,QMLE-Trade,2017-3-24,0.115893
AAPL,14593,QMLE-Trade,2017-3-27,0.130049
AAPL,14593,QMLE-Trade,2017-3-28,0.111572
AAPL,14593,QMLE-Trade,2017-3-29,0.100363
AAPL,14593,QMLE-Trade,2017-3-30,0.0956087
AAPL,14593,QMLE-Trade,2017-3-31,0.0979641
AAPL,14593,QMLE-Trade,2017-4-3,0.110791
AAPL,14593,QMLE-Trade,2017-4-4,0.0975493
AAPL,14593,QMLE-Trade,2017-4-5,0.125176
AAPL,14593,QMLE-Trade,2017-4-6,0.126306
AAPL,14593,QMLE-Trade,2017-4-7,0.1033
AAPL,14593,QMLE-Trade,2017-4-10,0.094769
AAPL,14593,QMLE-Trade,2017-4-11,0.187201
AAPL,14593,QMLE-Trade,2017-4-12,0.136428
AAPL,14593,QMLE-Trade,2017-4-13,0.103176
AAPL,14593,QMLE-Trade,2017-4-17,0.0958257
AAPL,14593,QMLE-Trade,2017-4-18,0.0994461
AAPL,14593,QMLE-Trade,2017-4-19,0.0916693
AAPL,14593,QMLE-Trade,2017-4-20,0.0993644
AAPL,14593,QMLE-Trade,2017-4-21,0.0917994
AAPL,14593,QMLE-Trade,2017-4-24,0.0811123
AAPL,14593,QMLE-Trade,2017-4-25,0.0748355
AAPL,14593,QMLE-Trade,2017-4-26,0.10867
AAPL,14593,QMLE-Trade,2017-4-27,0.0844406
AAPL,14593,QMLE-Trade,2017-4-28,0.0912746
AAPL,14593,QMLE-Trade,2017-5-1,0.103191
AAPL,14593,QMLE-Trade,2017-5-2,0.115232
AAPL,14593,QMLE-Trade,2017-5-3,0.176345
AAPL,14593,QMLE-Trade,2017-5-4,0.107476
AAPL,14593,QMLE-Trade,2017-5-5,0.0888235
AAPL,14593,QMLE-Trade,2017-5-8,0.145214
AAPL,14593,QMLE-Trade,2017-5-9,0.143266
AAPL,14593,QMLE-Trade,2017-5-10,0.111598
AAPL,14593,QMLE-Trade,2017-5-11,0.117625
AAPL,14593,QMLE-Trade,2017-5-12,0.124723
AAPL,14593,QMLE-Trade,2017-5-15,0.107571
AAPL,14593,QMLE-Trade,2017-5-16,0.106711
AAPL,14593,QMLE-Trade,2017-5-17,0.282355
AAPL,14593,QMLE-Trade,2017-5-18,0.163057
AAPL,14593,QMLE-Trade,2017-5-19,0.12589
AAPL,14593,QMLE-Trade,2017-5-22,0.11944
AAPL,14593,QMLE-Trade,2017-5-23,0.107923
AAPL,14593,QMLE-Trade,2017-5-24,0.102656
AAPL,14593,QMLE-Trade,2017-5-25,0.100695
AAPL,14593,QMLE-Trade,2017-5-26,0.0956711
AAPL,14593,QMLE-Trade,2017-5-30,0.0902066
AAPL,14593,QMLE-Trade,2017-5-31,0.121767
AAPL,14593,QMLE-Trade,2017-6-1,0.0988272
AAPL,14593,QMLE-Trade,2017-6-2,0.102562
AAPL,14593,QMLE-Trade,2017-6-5,0.114148
AAPL,14593,QMLE-Trade,2017-6-6,0.121484
AAPL,14593,QMLE-Trade,2017-6-7,0.124932
AAPL,14593,QMLE-Trade,2017-6-8,0.119646
AAPL,14593,QMLE-Trade,2017-6-9,0.32101
AAPL,14593,QMLE-Trade,2017-6-12,0.419925
AAPL,14593,QMLE-Trade,2017-6-13,0.175702
AAPL,14593,QMLE-Trade,2017-6-14,0.190919
AAPL,14593,QMLE-Trade,2017-6-15,0.184618
AAPL,14593,QMLE-Trade,2017-6-16,0.145974
AAPL,14593,QMLE-Trade,2017-6-19,0.13856
AAPL,14593,QMLE-Trade,2017-6-20,0.134068
AAPL,14593,QMLE-Trade,2017-6-21,0.136759
AAPL,14593,QMLE-Trade,2017-6-22,0.118421
AAPL,14593,QMLE-Trade,2017-6-23,0.109243
AAPL,14593,QMLE-Trade,2017-6-26,0.152568
AAPL,14593,QMLE-Trade,2017-6-27,0.182585
AAPL,14593,QMLE-Trade,2017-6-28,0.158263
AAPL,14593,QMLE-Trade,2017-6-29,0.221183
AAPL,14593,QMLE-Trade,2017-6-30,0.150547
AAPL,14593,QMLE-Trade,2017-7-3,0.129058
AAPL,14593,QMLE-Trade,2017-7-5,0.142413
AAPL,14593,QMLE-Trade,2017-7-6,0.155996
AAPL,14593,QMLE-Trade,2017-7-7,0.123112
AAPL,14593,QMLE-Trade,2017-7-10,0.121061
AAPL,14593,QMLE-Trade,2017-7-11,0.121841
AAPL,14593,QMLE-Trade,2017-7-12,0.126009
AAPL,14593,QMLE-Trade,2017-7-13,0.128375
AAPL,14593,QMLE-Trade,2017-7-14,0.10236
AAPL,14593,QMLE-Trade,2017-7-17,0.131278
AAPL,14593,QMLE-Trade,2017-7-18,0.100785
AAPL,14593,QMLE-Trade,2017-7-19,0.103227
AAPL,14593,QMLE-Trade,2017-7-20,0.116367
AAPL,14593,QMLE-Trade,2017-7-21,0.112101
AAPL,14593,QMLE-Trade,2017-7-24,0.101823
AAPL,14593,QMLE-Trade,2017-7-25,0.112039
AAPL,14593,QMLE-Trade,2017-7-26,0.102636
AAPL,14593,QMLE-Trade,2017-7-27,0.27613
AAPL,14593,QMLE-Trade,2017-7-28,0.142538
AAPL,14593,QMLE-Trade,2017-7-31,0.138881
AAPL,14593,QMLE-Trade,2017-8-1,0.122574
AAPL,14593,QMLE-Trade,2017-8-2,0.243128
AAPL,14593,QMLE-Trade,2017-8-3,0.151379
AAPL,14593,QMLE-Trade,2017-8-4,0.139213
AAPL,14593,QMLE-Trade,2017-8-7,0.0990823
AAPL,14593,QMLE-Trade,2017-8-8,0.157021
AAPL,14593,QMLE-Trade,2017-8-9,0.155562
AAPL,14593,QMLE-Trade,2017-8-10,0.21098
AAPL,14593,QMLE-Trade,2017-8-11,0.190733
AAPL,14593,QMLE-Trade,2017-8-14,0.125595
AAPL,14593,QMLE-Trade,2017-8-15,0.127137
AAPL,14593,QMLE-Trade,2017-8-16,0.149884
AAPL,14593,QMLE-Trade,2017-8-17,0.195774
AAPL,14593,QMLE-Trade,2017-8-18,0.17256
AAPL,14593,QMLE-Trade,2017-8-21,0.175711
AAPL,14593,QMLE-Trade,2017-8-22,0.11548
AAPL,14593,QMLE-Trade,2017-8-23,0.125592
AAPL,14593,QMLE-Trade,2017-8-24,0.16117
AAPL,14593,QMLE-Trade,2017-8-25,0.126524
AAPL,14593,QMLE-Trade,2017-8-28,0.121828
AAPL,14593,QMLE-Trade,2017-8-29,0.142974
AAPL,14593,QMLE-Trade,2017-8-30,0.12932
AAPL,14593,QMLE-Trade,2017-8-31,0.10759
AAPL,14593,QMLE-Trade,2017-9-1,0.0950524
AAPL,14593,QMLE-Trade,2017-9-5,0.182982
AAPL,14593,QMLE-Trade,2017-9-6,0.133658
AAPL,14593,QMLE-Trade,2017-9-7,0.156998
AAPL,14593,QMLE-Trade,2017-9-8,0.128094
AAPL,14593,QMLE-Trade,2017-9-11,0.126621
AAPL,14593,QMLE-Trade,2017-9-12,0.298419
AAPL,14593,QMLE-Trade,2017-9-13,0.160823
AAPL,14593,QMLE-Trade,2017-9-14,0.0995148
AAPL,14593,QMLE-Trade,2017-9-15,0.12421
AAPL,14593,QMLE-Trade,2017-9-18,0.119737
AAPL,14593,QMLE-Trade,2017-9-19,0.129588
AAPL,14593,QMLE-Trade,2017-9-20,0.216421
AAPL,14593,QMLE-Trade,2017-9-21,0.171041
AAPL,14593,QMLE-Trade,2017-9-22,0.191426
AAPL,14593,QMLE-Trade,2017-9-25,0.212855
AAPL,14593,QMLE-Trade,2017-9-26,0.167397
AAPL,14593,QMLE-Trade,2017-9-27,0.130353
AAPL,14593,QMLE-Trade,2017-9-28,0.124722
AAPL,14593,QMLE-Trade,2017-9-29,0.13476
AAPL,14593,QMLE-Trade,2017-10-2,0.127344
AAPL,14593,QMLE-Trade,2017-10-3,0.111444
AAPL,14593,QMLE-Trade,2017-10-4,0.128578
AAPL,14593,QMLE-Trade,2017-10-5,0.108976
AAPL,14593,QMLE-Trade,2017-10-6,0.0904459
AAPL,14593,QMLE-Trade,2017-10-9,0.112681
AAPL,14593,QMLE-Trade,2017-10-10,0.116446
AAPL,14593,QMLE-Trade,2017-10-11,0.0967379
AAPL,14593,QMLE-Trade,2017-10-12,0.11066
AAPL,14593,QMLE-Trade,2017-10-13,0.0933138
AAPL,14593,QMLE-Trade,2017-10-16,0.10439
AAPL,14593,QMLE-Trade,2017-10-17,0.100552
AAPL,14593,QMLE-Trade,2017-10-18,0.097592
AAPL,14593,QMLE-Trade,2017-10-19,0.164322
AAPL,14593,QMLE-Trade,2017-10-20,0.10658
AAPL,14593,QMLE-Trade,2017-10-23,0.135255
AAPL,14593,QMLE-Trade,2017-10-24,0.106822
AAPL,14593,QMLE-Trade,2017-10-25,0.150977
AAPL,14593,QMLE-Trade,2017-10-26,0.123966
AAPL,14593,QMLE-Trade,2017-10-27,0.173299
AAPL,14593,QMLE-Trade,2017-10-30,0.170082
AAPL,14593,QMLE-Trade,2017-10-31,0.132938
AAPL,14593,QMLE-Trade,2017-11-1,0.178748
AAPL,14593,QMLE-Trade,2017-11-2,0.189096
AAPL,14593,QMLE-Trade,2017-11-3,0.217006
AAPL,14593,QMLE-Trade,2017-11-6,0.13679
AAPL,14593,QMLE-Trade,2017-11-7,0.148914
AAPL,14593,QMLE-Trade,2017-11-8,0.113136
AAPL,14593,QMLE-Trade,2017-11-9,0.173696
AAPL,14593,QMLE-Trade,2017-11-10,0.105649
AAPL,14593,QMLE-Trade,2017-11-13,0.0929942
AAPL,14593,QMLE-Trade,2017-11-14,0.142762
AAPL,14593,QMLE-Trade,2017-11-15,0.160407
AAPL,14593,QMLE-Trade,2017-11-16,0.104662
AAPL,14593,QMLE-Trade,2017-11-17,0.128827
AAPL,14593,QMLE-Trade,2017-11-20,0.0903836
AAPL,14593,QMLE-Trade,2017-11-21,0.110709
AAPL,14593,QMLE-Trade,2017-11-22,0.123922
AAPL,14593,QMLE-Trade,2017-11-24,0.0747951
AAPL,14593,QMLE-Trade,2017-11-27,0.124696
AAPL,14593,QMLE-Trade,2017-11-28,0.13161
AAPL,14593,QMLE-Trade,2017-11-29,0.227684
AAPL,14593,QMLE-Trade,2017-11-30,0.195896
AAPL,14593,QMLE-Trade,2017-12-1,0.277711
AAPL,14593,QMLE-Trade,2017-12-4,0.21255
AAPL,14593,QMLE-Trade,2017-12-5,0.182473
AAPL,14593,QMLE-Trade,2017-12-6,0.195528
AAPL,14593,QMLE-Trade,2017-12-7,0.16587
AAPL,14593,QMLE-Trade,2017-12-8,0.127678
AAPL,14593,QMLE-Trade,2017-12-11,0.145419
AAPL,14593,QMLE-Trade,2017-12-12,0.118816
AAPL,14593,QMLE-Trade,2017-12-13,0.137238
AAPL,14593,QMLE-Trade,2017-12-14,0.138139
AAPL,14593,QMLE-Trade,2017-12-15,0.127041
AAPL,14593,QMLE-Trade,2017-12-18,0.115125
AAPL,14593,QMLE-Trade,2017-12-19,0.129179
AAPL,14593,QMLE-Trade,2017-12-20,0.131663
AAPL,14593,QMLE-Trade,2017-12-21,0.115369
AAPL,14593,QMLE-Trade,2017-12-22,0.101571
AAPL,14593,QMLE-Trade,2017-12-26,0.158725
AAPL,14593,QMLE-Trade,2017-12-27,0.103553
AAPL,14593,QMLE-Trade,2017-12-28,0.0901434
AAPL,14593,QMLE-Trade,2017-12-29,0.0993196
AAPL,14593,QMLE-Trade,2018-1-2,0.114591
AAPL,14593,QMLE-Trade,2018-1-3,0.123773
AAPL,14593,QMLE-Trade,2018-1-4,0.119188
AAPL,14593,QMLE-Trade,2018-1-5,0.104763
AAPL,14593,QMLE-Trade,2018-1-8,0.110765
AAPL,14593,QMLE-Trade,2018-1-9,0.121337
AAPL,14593,QMLE-Trade,2018-1-10,0.120051
AAPL,14593,QMLE-Trade,2018-1-11,0.0962006
AAPL,14593,QMLE-Trade,2018-1-12,0.0956433
AAPL,14593,QMLE-Trade,2018-1-16,0.162617
AAPL,14593,QMLE-Trade,2018-1-17,0.173468
AAPL,14593,QMLE-Trade,2018-1-18,0.153826
AAPL,14593,QMLE-Trade,2018-1-19,0.138565
AAPL,14593,QMLE-Trade,2018-1-22,0.114373
AAPL,14593,QMLE-Trade,2018-1-23,0.163421
AAPL,14593,QMLE-Trade,2018-1-24,0.198376
AAPL,14593,QMLE-Trade,2018-1-25,0.18125
AAPL,14593,QMLE-Trade,2018-1-26,0.135058
AAPL,14593,QMLE-Trade,2018-1-29,0.218706
AAPL,14593,QMLE-Trade,2018-1-30,0.233582
AAPL,14593,QMLE-Trade,2018-1-31,0.162971
AAPL,14593,QMLE-Trade,2018-2-1,0.176714
AAPL,14593,QMLE-Trade,2018-2-2,0.27938
AAPL,14593,QMLE-Trade,2018-2-5,0.492382
AAPL,14593,QMLE-Trade,2018-2-6,0.644535
AAPL,14593,QMLE-Trade,2018-2-7,0.297772
AAPL,14593,QMLE-Trade,2018-2-8,0.353489
AAPL,14593,QMLE-Trade,2018-2-9,0.519069
AAPL,14593,QMLE-Trade,2018-2-12,0.294902
AAPL,14593,QMLE-Trade,2018-2-13,0.218106
AAPL,14593,QMLE-Trade,2018-2-14,0.204879
AAPL,14593,QMLE-Trade,2018-2-15,0.210829
AAPL,14593,QMLE-Trade,2018-2-16,0.209762
AAPL,14593,QMLE-Trade,2018-2-20,0.204223
AAPL,14593,QMLE-Trade,2018-2-21,0.207411
AAPL,14593,QMLE-Trade,2018-2-22,0.200017
AAPL,14593,QMLE-Trade,2018-2-23,0.130959
AAPL,14593,QMLE-Trade,2018-2-26,0.142217
AAPL,14593,QMLE-Trade,2018-2-27,0.193013
AAPL,14593,QMLE-Trade,2018-2-28,0.167243
AAPL,14593,QMLE-Trade,2018-3-1,0.324769
AAPL,14593,QMLE-Trade,2018-3-2,0.267416
AAPL,14593,QMLE-Trade,2018-3-5,0.196191
AAPL,14593,QMLE-Trade,2018-3-6,0.184418
AAPL,14593,QMLE-Trade,2018-3-7,0.180299
AAPL,14593,QMLE-Trade,2018-3-8,0.147763
AAPL,14593,QMLE-Trade,2018-3-9,0.134511
AAPL,14593,QMLE-Trade,2018-3-12,0.139253
AAPL,14593,QMLE-Trade,2018-3-13,0.197761
AAPL,14593,QMLE-Trade,2018-3-14,0.185839
AAPL,14593,QMLE-Trade,2018-3-15,0.136684
AAPL,14593,QMLE-Trade,2018-3-16,0.125816
AAPL,14593,QMLE-Trade,2018-3-19,0.198673
AAPL,14593,QMLE-Trade,2018-3-20,0.144562
AAPL,14593,QMLE-Trade,2018-3-21,0.200668
AAPL,14593,QMLE-Trade,2018-3-22,0.25269
AAPL,14593,QMLE-Trade,2018-3-23,0.275054
AAPL,14593,QMLE-Trade,2018-3-26,0.227004
AAPL,14593,QMLE-Trade,2018-3-27,0.316907
AAPL,14593,QMLE-Trade,2018-3-28,0.376206
AAPL,14593,QMLE-Trade,2018-3-29,0.239751
AAPL,14593,QMLE-Trade,2018-4-2,0.31848
AAPL,14593,QMLE-Trade,2018-4-3,0.277346
AAPL,14593,QMLE-Trade,2018-4-4,0.268317
AAPL,14593,QMLE-Trade,2018-4-5,0.206021
AAPL,14593,QMLE-Trade,2018-4-6,0.290673
AAPL,14593,QMLE-Trade,2018-4-9,0.200694
AAPL,14593,QMLE-Trade,2018-4-10,0.215123
AAPL,14593,QMLE-Trade,2018-4-11,0.197721
AAPL,14593,QMLE-Trade,2018-4-12,0.16922
AAPL,14593,QMLE-Trade,2018-4-13,0.177911
AAPL,14593,QMLE-Trade,2018-4-16,0.143772
AAPL,14593,QMLE-Trade,2018-4-17,0.123117
AAPL,14593,QMLE-Trade,2018-4-18,0.136631
AAPL,14593,QMLE-Trade,2018-4-19,0.165092
AAPL,14593,QMLE-Trade,2018-4-20,0.220149
AAPL,14593,QMLE-Trade,2018-4-23,0.176209
AAPL,14593,QMLE-Trade,2018-4-24,0.234018
AAPL,14593,QMLE-Trade,2018-4-25,0.225859
AAPL,14593,QMLE-Trade,2018-4-26,0.155063
AAPL,14593,QMLE-Trade,2018-4-27,0.19525
AAPL,14593,QMLE-Trade,2018-4-30,0.229445
AAPL,14593,QMLE-Trade,2018-5-1,0.197963
AAPL,14593,QMLE-Trade,2018-5-2,0.232538
AAPL,14593,QMLE-Trade,2018-5-3,0.218414
AAPL,14593,QMLE-Trade,2018-5-4,0.171857
AAPL,14593,QMLE-Trade,2018-5-7,0.189378
AAPL,14593,QMLE-Trade,2018-5-8,0.185121
AAPL,14593,QMLE-Trade,2018-5-9,0.128523
AAPL,14593,QMLE-Trade,2018-5-10,0.125954
AAPL,14593,QMLE-Trade,2018-5-11,0.130998
AAPL,14593,QMLE-Trade,2018-5-14,0.106808
AAPL,14593,QMLE-Trade,2018-5-15,0.167
AAPL,14593,QMLE-Trade,2018-5-16,0.115671
AAPL,14593,QMLE-Trade,2018-5-17,0.122063
AAPL,14593,QMLE-Trade,2018-5-18,0.131533
AAPL,14593,QMLE-Trade,2018-5-21,0.116954
AAPL,14593,QMLE-Trade,2018-5-22,0.115585
AAPL,14593,QMLE-Trade,2018-5-23,0.13566
AAPL,14593,QMLE-Trade,2018-5-24,0.145344
AAPL,14593,QMLE-Trade,2018-5-25,0.109217
AAPL,14593,QMLE-Trade,2018-5-29,0.156656
AAPL,14593,QMLE-Trade,2018-5-30,0.108144
AAPL,14593,QMLE-Trade,2018-5-31,0.131576
AAPL,14593,QMLE-Trade,2018-6-1,0.0979491
AAPL,14593,QMLE-Trade,2018-6-4,0.118891
AAPL,14593,QMLE-Trade,2018-6-5,0.111068
AAPL,14593,QMLE-Trade,2018-6-6,0.104817
AAPL,14593,QMLE-Trade,2018-6-7,0.132184
AAPL,14593,QMLE-Trade,2018-6-8,0.13792
AAPL,14593,QMLE-Trade,2018-6-11,0.104328
AAPL,14593,QMLE-Trade,2018-6-12,0.0987507
AAPL,14593,QMLE-Trade,2018-6-13,0.129312
AAPL,14593,QMLE-Trade,2018-6-14,0.114175
AAPL,14593,QMLE-Trade,2018-6-15,0.1379
AAPL,14593,QMLE-Trade,2018-6-18,0.123612
AAPL,14593,QMLE-Trade,2018-6-19,0.154013
AAPL,14593,QMLE-Trade,2018-6-20,0.125161
AAPL,14593,QMLE-Trade,2018-6-21,0.150806
AAPL,14593,QMLE-Trade,2018-6-22,0.115714
AAPL,14593,QMLE-Trade,2018-6-25,0.205391
AAPL,14593,QMLE-Trade,2018-6-26,0.170224
AAPL,14593,QMLE-Trade,2018-6-27,0.18397
AAPL,14593,QMLE-Trade,2018-6-28,0.175257
AAPL,14593,QMLE-Trade,2018-6-29,0.225333
AAPL,14593,QMLE-Trade,2018-7-2,0.139527
AAPL,14593,QMLE-Trade,2018-7-3,0.13901
AAPL,14593,QMLE-Trade,2018-7-5,0.133363
AAPL,14593,QMLE-Trade,2018-7-6,0.125211
AAPL,14593,QMLE-Trade,2018-7-9,0.111208
AAPL,14593,QMLE-Trade,2018-7-10,0.108359
AAPL,14593,QMLE-Trade,2018-7-11,0.139712
AAPL,14593,QMLE-Trade,2018-7-12,0.10623
AAPL,14593,QMLE-Trade,2018-7-13,0.0965252
AAPL,14593,QMLE-Trade,2018-7-16,0.104077
AAPL,14593,QMLE-Trade,2018-7-17,0.116271
AAPL,14593,QMLE-Trade,2018-7-18,0.112339
AAPL,14593,QMLE-Trade,2018-7-19,0.122178
AAPL,14593,QMLE-Trade,2018-7-20,0.112752
AAPL,14593,QMLE-Trade,2018-7-23,0.106094
AAPL,14593,QMLE-Trade,2018-7-24,0.125437
AAPL,14593,QMLE-Trade,2018-7-25,0.110248
AAPL,14593,QMLE-Trade,2018-7-26,0.126533
AAPL,14593,QMLE-Trade,2018-7-27,0.171117
AAPL,14593,QMLE-Trade,2018-7-30,0.14138
AAPL,14593,QMLE-Trade,2018-7-31,0.157558
AAPL,14593,QMLE-Trade,2018-8-1,0.222021
AAPL,14593,QMLE-Trade,2018-8-2,0.19682
AAPL,14593,QMLE-Trade,2018-8-3,0.152527
AAPL,14593,QMLE-Trade,2018-8-6,0.129316
AAPL,14593,QMLE-Trade,2018-8-7,0.1244
AAPL,14593,QMLE-Trade,2018-8-8,0.141182
AAPL,14593,QMLE-Trade,2018-8-9,0.109189
AAPL,14593,QMLE-Trade,2018-8-10,0.134236
AAPL,14593,QMLE-Trade,2018-8-13,0.144694
AAPL,14593,QMLE-Trade,2018-8-14,0.117234
AAPL,14593,QMLE-Trade,2018-8-15,0.149844
AAPL,14593,QMLE-Trade,2018-8-16,0.110618
AAPL,14593,QMLE-Trade,2018-8-17,0.144138
AAPL,14593,QMLE-Trade,2018-8-20,0.151994
AAPL,14593,QMLE-Trade,2018-8-21,0.136995
AAPL,14593,QMLE-Trade,2018-8-22,0.130513
AAPL,14593,QMLE-Trade,2018-8-23,0.126732
AAPL,14593,QMLE-Trade,2018-8-24,0.114185
AAPL,14593,QMLE-Trade,2018-8-27,0.113359
AAPL,14593,QMLE-Trade,2018-8-28,0.0986512
AAPL,14593,QMLE-Trade,2018-8-29,0.108404
AAPL,14593,QMLE-Trade,2018-8-30,0.182586
AAPL,14593,QMLE-Trade,2018-8-31,0.148749
AAPL,14593,QMLE-Trade,2018-9-4,0.151814
AAPL,14593,QMLE-Trade,2018-9-5,0.191134
AAPL,14593,QMLE-Trade,2018-9-6,0.214171
AAPL,14593,QMLE-Trade,2018-9-7,0.245855
AAPL,14593,QMLE-Trade,2018-9-10,0.244022
AAPL,14593,QMLE-Trade,2018-9-11,0.193094
AAPL,14593,QMLE-Trade,2018-9-12,0.294123
AAPL,14593,QMLE-Trade,2018-9-13,0.194077
AAPL,14593,QMLE-Trade,2018-9-14,0.1929
AAPL,14593,QMLE-Trade,2018-9-17,0.225743
AAPL,14593,QMLE-Trade,2018-9-18,0.185721
AAPL,14593,QMLE-Trade,2018-9-19,0.188605
AAPL,14593,QMLE-Trade,2018-9-20,0.176103
AAPL,14593,QMLE-Trade,2018-9-21,0.172559
AAPL,14593,QMLE-Trade,2018-9-24,0.163659
AAPL,14593,QMLE-Trade,2018-9-25,0.162161
AAPL,14593,QMLE-Trade,2018-9-26,0.172219
AAPL,14593,QMLE-Trade,2018-9-27,0.14329
AAPL,14593,QMLE-Trade,2018-9-28,0.139577
AAPL,14593,QMLE-Trade,2018-10-1,0.145701
AAPL,14593,QMLE-Trade,2018-10-2,0.159645
AAPL,14593,QMLE-Trade,2018-10-3,0.167522
AAPL,14593,QMLE-Trade,2018-10-4,0.242293
AAPL,14593,QMLE-Trade,2018-10-5,0.263828
AAPL,14593,QMLE-Trade,2018-10-8,0.256356
AAPL,14593,QMLE-Trade,2018-10-9,0.254302
AAPL,14593,QMLE-Trade,2018-10-10,0.340606
AAPL,14593,QMLE-Trade,2018-10-11,0.495197
AAPL,14593,QMLE-Trade,2018-10-12,0.348669
AAPL,14593,QMLE-Trade,2018-10-15,0.271808
AAPL,14593,QMLE-Trade,2018-10-16,0.206243
AAPL,14593,QMLE-Trade,2018-10-17,0.252337
AAPL,14593,QMLE-Trade,2018-10-18,0.280424
AAPL,14593,QMLE-Trade,2018-10-19,0.241726
AAPL,14593,QMLE-Trade,2018-10-22,0.223512
AAPL,14593,QMLE-Trade,2018-10-23,0.301352
AAPL,14593,QMLE-Trade,2018-10-24,0.33511
AAPL,14593,QMLE-Trade,2018-10-25,0.260719
AAPL,14593,QMLE-Trade,2018-10-26,0.383087
AAPL,14593,QMLE-Trade,2018-10-29,0.388227
AAPL,14593,QMLE-Trade,2018-10-30,0.404047
AAPL,14593,QMLE-Trade,2018-10-31,0.231707
AAPL,14593,QMLE-Trade,2018-11-1,0.242483
AAPL,14593,QMLE-Trade,2018-11-2,0.354804
AAPL,14593,QMLE-Trade,2018-11-5,0.29635
AAPL,14593,QMLE-Trade,2018-11-6,0.204574
AAPL,14593,QMLE-Trade,2018-11-7,0.183617
AAPL,14593,QMLE-Trade,2018-11-8,0.177861
AAPL,14593,QMLE-Trade,2018-11-9,0.18694
AAPL,14593,QMLE-Trade,2018-11-12,0.25829
AAPL,14593,QMLE-Trade,2018-11-13,0.316715
AAPL,14593,QMLE-Trade,2018-11-14,0.320493
AAPL,14593,QMLE-Trade,2018-11-15,0.31654
AAPL,14593,QMLE-Trade,2018-11-16,0.248217
AAPL,14593,QMLE-Trade,2018-11-19,0.276665
AAPL,14593,QMLE-Trade,2018-11-20,0.43966
AAPL,14593,QMLE-Trade,2018-11-21,0.236989
AAPL,14593,QMLE-Trade,2018-11-23,0.203448
AAPL,14593,QMLE-Trade,2018-11-26,0.256199
AAPL,14593,QMLE-Trade,2018-11-27,0.282135
AAPL,14593,QMLE-Trade,2018-11-28,0.256786
AAPL,14593,QMLE-Trade,2018-11-29,0.236782
AAPL,14593,QMLE-Trade,2018-11-30,0.200198
AAPL,14593,QMLE-Trade,2018-12-3,0.220334
AAPL,14593,QMLE-Trade,2018-12-4,0.280813
AAPL,14593,QMLE-Trade,2018-12-6,0.343687
AAPL,14593,QMLE-Trade,2018-12-7,0.323492
AAPL,14593,QMLE-Trade,2018-12-10,0.384088
AAPL,14593,QMLE-Trade,2018-12-11,0.31929
AAPL,14593,QMLE-Trade,2018-12-12,0.234022
AAPL,14593,QMLE-Trade,2018-12-13,0.272149
AAPL,14593,QMLE-Trade,2018-12-14,0.258364
AAPL,14593,QMLE-Trade,2018-12-17,0.29864
AAPL,14593,QMLE-Trade,2018-12-18,0.265351
AAPL,14593,QMLE-Trade,2018-12-19,0.394685
AAPL,14593,QMLE-Trade,2018-12-20,0.432437
AAPL,14593,QMLE-Trade,2018-12-21,0.440742
AAPL,14593,QMLE-Trade,2018-12-24,0.34725
AAPL,14593,QMLE-Trade,2018-12-26,0.370319
AAPL,14593,QMLE-Trade,2018-12-27,0.359783
AAPL,14593,QMLE-Trade,2018-12-28,0.347516
AAPL,14593,QMLE-Trade,2018-12-31,0.224712
AAPL,14593,QMLE-Trade,2019-1-2,0.279286
AAPL,14593,QMLE-Trade,2019-1-3,0.371176
AAPL,14593,QMLE-Trade,2019-1-4,0.27353
AAPL,14593,QMLE-Trade,2019-1-7,0.317051
AAPL,14593,QMLE-Trade,2019-1-8,0.241706
AAPL,14593,QMLE-Trade,2019-1-9,0.291036
AAPL,14593,QMLE-Trade,2019-1-10,0.230144
AAPL,14593,QMLE-Trade,2019-1-11,0.183589
AAPL,14593,QMLE-Trade,2019-1-14,0.18448
AAPL,14593,QMLE-Trade,2019-1-15,0.196823
AAPL,14593,QMLE-Trade,2019-1-16,0.185807
AAPL,14593,QMLE-Trade,2019-1-17,0.231806
AAPL,14593,QMLE-Trade,2019-1-18,0.202867
AAPL,14593,QMLE-Trade,2019-1-22,0.218552
AAPL,14593,QMLE-Trade,2019-1-23,0.197017
AAPL,14593,QMLE-Trade,2019-1-24,0.190473
AAPL,14593,QMLE-Trade,2019-1-25,0.172061
AAPL,14593,QMLE-Trade,2019-1-28,0.198157
AAPL,14593,QMLE-Trade,2019-1-29,0.208478
AAPL,14593,QMLE-Trade,2019-1-30,0.267244
AAPL,14593,QMLE-Trade,2019-1-31,0.203594
AAPL,14593,QMLE-Trade,2019-2-1,0.199349
AAPL,14593,QMLE-Trade,2019-2-4,0.176988
AAPL,14593,QMLE-Trade,2019-2-5,0.170397
AAPL,14593,QMLE-Trade,2019-2-6,0.182236
AAPL,14593,QMLE-Trade,2019-2-7,0.207852
AAPL,14593,QMLE-Trade,2019-2-8,0.177419
AAPL,14593,QMLE-Trade,2019-2-11,0.171235
AAPL,14593,QMLE-Trade,2019-2-12,0.127606
AAPL,14593,QMLE-Trade,2019-2-13,0.147314
AAPL,14593,QMLE-Trade,2019-2-14,0.16853
AAPL,14593,QMLE-Trade,2019-2-15,0.156049
AAPL,14593,QMLE-Trade,2019-2-19,0.129129
AAPL,14593,QMLE-Trade,2019-2-20,0.163245
AAPL,14593,QMLE-Trade,2019-2-21,0.147026
AAPL,14593,QMLE-Trade,2019-2-22,0.11762
AAPL,14593,QMLE-Trade,2019-2-25,0.145416
AAPL,14593,QMLE-Trade,2019-2-26,0.128312
AAPL,14593,QMLE-Trade,2019-2-27,0.147952
AAPL,14593,QMLE-Trade,2019-2-28,0.13154
AAPL,14593,QMLE-Trade,2019-3-1,0.130482
AAPL,14593,QMLE-Trade,2019-3-4,0.177903
AAPL,14593,QMLE-Trade,2019-3-5,0.126351
AAPL,14593,QMLE-Trade,2019-3-6,0.136509
AAPL,14593,QMLE-Trade,2019-3-7,0.179393
AAPL,14593,QMLE-Trade,2019-3-8,0.169779
AAPL,14593,QMLE-Trade,2019-3-11,0.135928
AAPL,14593,QMLE-Trade,2019-3-12,0.155175
AAPL,14593,QMLE-Trade,2019-3-13,0.14849
AAPL,14593,QMLE-Trade,2019-3-14,0.121081
AAPL,14593,QMLE-Trade,2019-3-15,0.133998
AAPL,14593,QMLE-Trade,2019-3-18,0.130552
AAPL,14593,QMLE-Trade,2019-3-19,0.16539
AAPL,14593,QMLE-Trade,2019-3-20,0.197798
AAPL,14593,QMLE-Trade,2019-3-21,0.179158
AAPL,14593,QMLE-Trade,2019-3-22,0.249181
AAPL,14593,QMLE-Trade,2019-3-25,0.290723
AAPL,14593,QMLE-Trade,2019-3-26,0.260959
AAPL,14593,QMLE-Trade,2019-3-27,0.240101
AAPL,14593,QMLE-Trade,2019-3-28,0.187691
AAPL,14593,QMLE-Trade,2019-3-29,0.155881
AAPL,14593,QMLE-Trade,2019-4-1,0.17009
AAPL,14593,QMLE-Trade,2019-4-2,0.141854
AAPL,14593,QMLE-Trade,2019-4-3,0.158038
AAPL,14593,QMLE-Trade,2019-4-4,0.144638
AAPL,14593,QMLE-Trade,2019-4-5,0.123901
AAPL,14593,QMLE-Trade,2019-4-8,0.14437
AAPL,14593,QMLE-Trade,2019-4-9,0.174295
AAPL,14593,QMLE-Trade,2019-4-10,0.150636
AAPL,14593,QMLE-Trade,2019-4-11,0.144914
AAPL,14593,QMLE-Trade,2019-4-12,0.153412
AAPL,14593,QMLE-Trade,2019-4-15,0.124567
AAPL,14593,QMLE-Trade,2019-4-16,0.153494
AAPL,14593,QMLE-Trade,2019-4-17,0.165244
AAPL,14593,QMLE-Trade,2019-4-18,0.139943
AAPL,14593,QMLE-Trade,2019-4-22,0.129415
AAPL,14593,QMLE-Trade,2019-4-23,0.130696
AAPL,14593,QMLE-Trade,2019-4-24,0.122245
AAPL,14593,QMLE-Trade,2019-4-25,0.14794
AAPL,14593,QMLE-Trade,2019-4-26,0.198314
AAPL,14593,QMLE-Trade,2019-4-29,0.130042
AAPL,14593,QMLE-Trade,2019-4-30,0.205237
AAPL,14593,QMLE-Trade,2019-5-1,0.24781
AAPL,14593,QMLE-Trade,2019-5-2,0.206346
AAPL,14593,QMLE-Trade,2019-5-3,0.125277
AAPL,14593,QMLE-Trade,2019-5-6,0.205163
AAPL,14593,QMLE-Trade,2019-5-7,0.269061
AAPL,14593,QMLE-Trade,2019-5-8,0.22259
AAPL,14593,QMLE-Trade,2019-5-9,0.285648
AAPL,14593,QMLE-Trade,2019-5-10,0.290611
AAPL,14593,QMLE-Trade,2019-5-13,0.355227
AAPL,14593,QMLE-Trade,2019-5-14,0.232502
AAPL,14593,QMLE-Trade,2019-5-15,0.207077
AAPL,14593,QMLE-Trade,2019-5-16,0.192727
AAPL,14593,QMLE-Trade,2019-5-17,0.24308
AAPL,14593,QMLE-Trade,2019-5-20,0.284285
AAPL,14593,QMLE-Trade,2019-5-21,0.183293
AAPL,14593,QMLE-Trade,2019-5-22,0.199722
AAPL,14593,QMLE-Trade,2019-5-23,0.251795
AAPL,14593,QMLE-Trade,2019-5-24,0.171742
AAPL,14593,QMLE-Trade,2019-5-28,0.214333
AAPL,14593,QMLE-Trade,2019-5-29,0.213377
AAPL,14593,QMLE-Trade,2019-5-30,0.18055
AAPL,14593,QMLE-Trade,2019-5-31,0.187926
AAPL,14593,QMLE-Trade,2019-6-3,0.428353
AAPL,14593,QMLE-Trade,2019-6-4,0.214051
AAPL,14593,QMLE-Trade,2019-6-5,0.231843
AAPL,14593,QMLE-Trade,2019-6-6,0.189304
AAPL,14593,QMLE-Trade,2019-6-7,0.201229
AAPL,14593,QMLE-Trade,2019-6-10,0.203601
AAPL,14593,QMLE-Trade,2019-6-11,0.196361
AAPL,14593,QMLE-Trade,2019-6-12,0.17048
AAPL,14593,QMLE-Trade,2019-6-13,0.178311
AAPL,14593,QMLE-Trade,2019-6-14,0.174435
AAPL,14593,QMLE-Trade,2019-6-17,0.156757
AAPL,14593,QMLE-Trade,2019-6-18,0.199075
AAPL,14593,QMLE-Trade,2019-6-19,0.222892
AAPL,14593,QMLE-Trade,2019-6-20,0.152777
AAPL,14593,QMLE-Trade,2019-6-21,0.142179
AAPL,14593,QMLE-Trade,2019-6-24,0.131207
AAPL,14593,QMLE-Trade,2019-6-25,0.168564
AAPL,14593,QMLE-Trade,2019-6-26,0.146226
AAPL,14593,QMLE-Trade,2019-6-27,0.127029
AAPL,14593,QMLE-Trade,2019-6-28,0.13272
AAPL,14593,QMLE-Trade,2019-7-1,0.158743
AAPL,14593,QMLE-Trade,2019-7-2,0.129641
AAPL,14593,QMLE-Trade,2019-7-3,0.0899779
AAPL,14593,QMLE-Trade,2019-7-5,0.12955
AAPL,14593,QMLE-Trade,2019-7-8,0.144564
AAPL,14593,QMLE-Trade,2019-7-9,0.126607
AAPL,14593,QMLE-Trade,2019-7-10,0.135702
AAPL,14593,QMLE-Trade,2019-7-11,0.13063
AAPL,14593,QMLE-Trade,2019-7-12,0.107538
AAPL,14593,QMLE-Trade,2019-7-15,0.107977
AAPL,14593,QMLE-Trade,2019-7-16,0.120496
AAPL,14593,QMLE-Trade,2019-7-17,0.11538
AAPL,14593,QMLE-Trade,2019-7-18,0.120616
AAPL,14593,QMLE-Trade,2019-7-19,0.140468
AAPL,14593,QMLE-Trade,2019-7-22,0.115145
AAPL,14593,QMLE-Trade,2019-7-23,0.126228
AAPL,14593,QMLE-Trade,2019-7-24,0.112178
AAPL,14593,QMLE-Trade,2019-7-25,0.141225
AAPL,14593,QMLE-Trade,2019-7-26,0.146004
AAPL,14593,QMLE-Trade,2019-7-29,0.119836
AAPL,14593,QMLE-Trade,2019-7-30,0.141309
AAPL,14593,QMLE-Trade,2019-7-31,0.306958
AAPL,14593,QMLE-Trade,2019-8-1,0.330227
AAPL,14593,QMLE-Trade,2019-8-2,0.303986
AAPL,14593,QMLE-Trade,2019-8-5,0.294893
AAPL,14593,QMLE-Trade,2019-8-6,0.249091
AAPL,14593,QMLE-Trade,2019-8-7,0.289659
AAPL,14593,QMLE-Trade,2019-8-8,0.177753
AAPL,14593,QMLE-Trade,2019-8-9,0.20567
AAPL,14593,QMLE-Trade,2019-8-12,0.210121
AAPL,14593,QMLE-Trade,2019-8-13,0.324604
AAPL,14593,QMLE-Trade,2019-8-14,0.298864
AAPL,14593,QMLE-Trade,2019-8-15,0.278086
AAPL,14593,QMLE-Trade,2019-8-16,0.172752
AAPL,14593,QMLE-Trade,2019-8-19,0.141668
AAPL,14593,QMLE-Trade,2019-8-20,0.170721
AAPL,14593,QMLE-Trade,2019-8-21,0.136063
AAPL,14593,QMLE-Trade,2019-8-22,0.170177
AAPL,14593,QMLE-Trade,2019-8-23,0.353364
AAPL,14593,QMLE-Trade,2019-8-26,0.19775
AAPL,14593,QMLE-Trade,2019-8-27,0.190137
AAPL,14593,QMLE-Trade,2019-8-28,0.171267
AAPL,14593,QMLE-Trade,2019-8-29,0.141212
AAPL,14593,QMLE-Trade,2019-8-30,0.165201
AAPL,14593,QMLE-Trade,2019-9-3,0.183765
AAPL,14593,QMLE-Trade,2019-9-4,0.115792
AAPL,14593,QMLE-Trade,2019-9-5,0.119502
AAPL,14593,QMLE-Trade,2019-9-6,0.13161
AAPL,14593,QMLE-Trade,2019-9-9,0.134337
AAPL,14593,QMLE-Trade,2019-9-10,0.219004
AAPL,14593,QMLE-Trade,2019-9-11,0.170398
AAPL,14593,QMLE-Trade,2019-9-12,0.213203
AAPL,14593,QMLE-Trade,2019-9-13,0.195729
AAPL,14593,QMLE-Trade,2019-9-16,0.155237
AAPL,14593,QMLE-Trade,2019-9-17,0.130312
AAPL,14593,QMLE-Trade,2019-9-18,0.185895
AAPL,14593,QMLE-Trade,2019-9-19,0.141408
AAPL,14593,QMLE-Trade,2019-9-20,0.200173
AAPL,14593,QMLE-Trade,2019-9-23,0.145445
AAPL,14593,QMLE-Trade,2019-9-24,0.245325
AAPL,14593,QMLE-Trade,2019-9-25,0.180071
AAPL,14593,QMLE-Trade,2019-9-26,0.161381
AAPL,14593,QMLE-Trade,2019-9-27,0.211705
AAPL,14593,QMLE-Trade,2019-9-30,0.144421
AAPL,14593,QMLE-Trade,2019-10-1,0.207348
AAPL,14593,QMLE-Trade,2019-10-2,0.208111
AAPL,14593,QMLE-Trade,2019-10-3,0.265668
AAPL,14593,QMLE-Trade,2019-10-4,0.162694
AAPL,14593,QMLE-Trade,2019-10-7,0.167484
AAPL,14593,QMLE-Trade,2019-10-8,0.233281
AAPL,14593,QMLE-Trade,2019-10-9,0.150789
AAPL,14593,QMLE-Trade,2019-10-10,0.165802
AAPL,14593,QMLE-Trade,2019-10-11,0.179448
AAPL,14593,QMLE-Trade,2019-10-14,0.129865
AAPL,14593,QMLE-Trade,2019-10-15,0.124263
AAPL,14593,QMLE-Trade,2019-10-16,0.121782
AAPL,14593,QMLE-Trade,2019-10-17,0.125183
AAPL,14593,QMLE-Trade,2019-10-18,0.123046
AAPL,14593,QMLE-Trade,2019-10-21,0.107981
AAPL,14593,QMLE-Trade,2019-10-22,0.126342
AAPL,14593,QMLE-Trade,2019-10-23,0.126653
AAPL,14593,QMLE-Trade,2019-10-24,0.125591
AAPL,14593,QMLE-Trade,2019-10-25,0.104091
AAPL,14593,QMLE-Trade,2019-10-28,0.104552
AAPL,14593,QMLE-Trade,2019-10-29,0.184478
AAPL,14593,QMLE-Trade,2019-10-30,0.160016
AAPL,14593,QMLE-Trade,2019-10-31,0.223857
AAPL,14593,QMLE-Trade,2019-11-1,0.133706
AAPL,14593,QMLE-Trade,2019-11-4,0.134759
AAPL,14593,QMLE-Trade,2019-11-5,0.10934
AAPL,14593,QMLE-Trade,2019-11-6,0.116962
AAPL,14593,QMLE-Trade,2019-11-7,0.118596
AAPL,14593,QMLE-Trade,2019-11-8,0.100711
AAPL,14593,QMLE-Trade,2019-11-11,0.107279
AAPL,14593,QMLE-Trade,2019-11-12,0.119262
AAPL,14593,QMLE-Trade,2019-11-13,0.136157
AAPL,14593,QMLE-Trade,2019-11-14,0.14855
AAPL,14593,QMLE-Trade,2019-11-15,0.102632
AAPL,14593,QMLE-Trade,2019-11-18,0.11949
AAPL,14593,QMLE-Trade,2019-11-19,0.122841
AAPL,14593,QMLE-Trade,2019-11-20,0.177215
AAPL,14593,QMLE-Trade,2019-11-21,0.14112
AAPL,14593,QMLE-Trade,2019-11-22,0.121972
AAPL,14593,QMLE-Trade,2019-11-25,0.0856648
AAPL,14593,QMLE-Trade,2019-11-26,0.118619
AAPL,14593,QMLE-Trade,2019-11-27,0.095443
AAPL,14593,QMLE-Trade,2019-11-29,0.0891701
AAPL,14593,QMLE-Trade,2019-12-2,0.172734
AAPL,14593,QMLE-Trade,2019-12-3,0.183547
AAPL,14593,QMLE-Trade,2019-12-4,0.117658
AAPL,14593,QMLE-Trade,2019-12-5,0.129539
AAPL,14593,QMLE-Trade,2019-12-6,0.096227
AAPL,14593,QMLE-Trade,2019-12-9,0.14417
AAPL,14593,QMLE-Trade,2019-12-10,0.149813
AAPL,14593,QMLE-Trade,2019-12-11,0.116573
AAPL,14593,QMLE-Trade,2019-12-12,0.217903
AAPL,14593,QMLE-Trade,2019-12-13,0.168238
AAPL,14593,QMLE-Trade,2019-12-16,0.103894
AAPL,14593,QMLE-Trade,2019-12-17,0.132079
AAPL,14593,QMLE-Trade,2019-12-18,0.0959557
AAPL,14593,QMLE-Trade,2019-12-19,0.095483
AAPL,14593,QMLE-Trade,2019-12-20,0.11075
AAPL,14593,QMLE-Trade,2019-12-23,0.092709
AAPL,14593,QMLE-Trade,2019-12-24,0.0776463
AAPL,14593,QMLE-Trade,2019-12-26,0.0843855
AAPL,14593,QMLE-Trade,2019-12-27,0.149712
AAPL,14593,QMLE-Trade,2019-12-30,0.184371
AAPL,14593,QMLE-Trade,2019-12-31,0.128615
AAPL,14593,QMLE-Trade,2020-1-2,0.141073
AAPL,14593,QMLE-Trade,2020-1-3,0.16269
AAPL,14593,QMLE-Trade,2020-1-6,0.152508
AAPL,14593,QMLE-Trade,2020-1-7,0.155245
AAPL,14593,QMLE-Trade,2020-1-8,0.161875
AAPL,14593,QMLE-Trade,2020-1-9,0.169703
AAPL,14593,QMLE-Trade,2020-1-10,0.166686
AAPL,14593,QMLE-Trade,2020-1-13,0.126216
AAPL,14593,QMLE-Trade,2020-1-14,0.210738
AAPL,14593,QMLE-Trade,2020-1-15,0.168235
AAPL,14593,QMLE-Trade,2020-1-16,0.135611
AAPL,14593,QMLE-Trade,2020-1-17,0.123746
AAPL,14593,QMLE-Trade,2020-1-21,0.132631
AAPL,14593,QMLE-Trade,2020-1-22,0.131156
AAPL,14593,QMLE-Trade,2020-1-23,0.155961
AAPL,14593,QMLE-Trade,2020-1-24,0.187967
AAPL,14593,QMLE-Trade,2020-1-27,0.282716
AAPL,14593,QMLE-Trade,2020-1-28,0.152407
AAPL,14593,QMLE-Trade,2020-1-29,0.247935
AAPL,14593,QMLE-Trade,2020-1-30,0.202587
AAPL,14593,QMLE-Trade,2020-1-31,0.265766
AAPL,14593,QMLE-Trade,2020-2-3,0.264141
AAPL,14593,QMLE-Trade,2020-2-4,0.18572
AAPL,14593,QMLE-Trade,2020-2-5,0.198225
AAPL,14593,QMLE-Trade,2020-2-6,0.159509
AAPL,14593,QMLE-Trade,2020-2-7,0.17831
AAPL,14593,QMLE-Trade,2020-2-10,0.173832
AAPL,14593,QMLE-Trade,2020-2-11,0.169299
AAPL,14593,QMLE-Trade,2020-2-12,0.134702
AAPL,14593,QMLE-Trade,2020-2-13,0.160981
AAPL,14593,QMLE-Trade,2020-2-14,0.132855
AAPL,14593,QMLE-Trade,2020-2-18,0.189085
AAPL,14593,QMLE-Trade,2020-2-19,0.123965
AAPL,14593,QMLE-Trade,2020-2-20,0.198658
AAPL,14593,QMLE-Trade,2020-2-21,0.218327
AAPL,14593,QMLE-Trade,2020-2-24,0.564373
AAPL,14593,QMLE-Trade,2020-2-25,0.432298
AAPL,14593,QMLE-Trade,2020-2-26,0.387179
AAPL,14593,QMLE-Trade,2020-2-27,0.569674
AAPL,14593,QMLE-Trade,2020-2-28,0.95711
AAPL,14593,QMLE-Trade,2020-3-2,0.548102
AAPL,14593,QMLE-Trade,2020-3-3,0.781723
AAPL,14593,QMLE-Trade,2020-3-4,0.3762
AAPL,14593,QMLE-Trade,2020-3-5,0.386335
AAPL,14593,QMLE-Trade,2020-3-6,0.462855
AAPL,14593,QMLE-Trade,2020-3-9,0.719513
AAPL,14593,QMLE-Trade,2020-3-10,0.59673
AAPL,14593,QMLE-Trade,2020-3-11,0.547303
AAPL,14593,QMLE-Trade,2020-3-12,1.03893
AAPL,14593,QMLE-Trade,2020-3-13,0.877367
AAPL,14593,QMLE-Trade,2020-3-16,0.929857
AAPL,14593,QMLE-Trade,2020-3-17,0.896455
AAPL,14593,QMLE-Trade,2020-3-18,0.915844
AAPL,14593,QMLE-Trade,2020-3-19,0.758188
AAPL,14593,QMLE-Trade,2020-3-20,0.767733
AAPL,14593,QMLE-Trade,2020-3-23,1.00347
AAPL,14593,QMLE-Trade,2020-3-24,0.541482
AAPL,14593,QMLE-Trade,2020-3-25,0.625873
AAPL,14593,QMLE-Trade,2020-3-26,0.605632
AAPL,14593,QMLE-Trade,2020-3-27,0.447113
AAPL,14593,QMLE-Trade,2020-3-30,0.355417
AAPL,14593,QMLE-Trade,2020-3-31,0.41809
AAPL,14593,QMLE-Trade,2020-4-1,0.356181
AAPL,14593,QMLE-Trade,2020-4-2,0.420316
AAPL,14593,QMLE-Trade,2020-4-3,0.322488
AAPL,14593,QMLE-Trade,2020-4-6,0.2759
AAPL,14593,QMLE-Trade,2020-4-7,0.400942
AAPL,14593,QMLE-Trade,2020-4-8,0.296489
AAPL,14593,QMLE-Trade,2020-4-9,0.315701
AAPL,14593,QMLE-Trade,2020-4-13,0.263784
AAPL,14593,QMLE-Trade,2020-4-14,0.265232
AAPL,14593,QMLE-Trade,2020-4-15,0.242775
AAPL,14593,QMLE-Trade,2020-4-16,0.270382
AAPL,14593,QMLE-Trade,2020-4-17,0.268849
AAPL,14593,QMLE-Trade,2020-4-20,0.246979
AAPL,14593,QMLE-Trade,2020-4-21,0.335456
AAPL,14593,QMLE-Trade,2020-4-22,0.219455
AAPL,14593,QMLE-Trade,2020-4-23,0.270118
AAPL,14593,QMLE-Trade,2020-4-24,0.202272
AAPL,14593,QMLE-Trade,2020-4-27,0.210754
AAPL,14593,QMLE-Trade,2020-4-28,0.245246
AAPL,14593,QMLE-Trade,2020-4-29,0.225458
AAPL,14593,QMLE-Trade,2020-4-30,0.253544
AAPL,14593,QMLE-Trade,2020-5-1,0.375221
AAPL,14593,QMLE-Trade,2020-5-4,0.248898
AAPL,14593,QMLE-Trade,2020-5-5,0.207494
AAPL,14593,QMLE-Trade,2020-5-6,0.217842
AAPL,14593,QMLE-Trade,2020-5-7,0.183089
AAPL,14593,QMLE-Trade,2020-5-8,0.160293
AAPL,14593,QMLE-Trade,2020-5-11,0.161725
AAPL,14593,QMLE-Trade,2020-5-12,0.227751
AAPL,14593,QMLE-Trade,2020-5-13,0.34873
AAPL,14593,QMLE-Trade,2020-5-14,0.303596
AAPL,14593,QMLE-Trade,2020-5-15,0.265796
AAPL,14593,QMLE-Trade,2020-5-18,0.200024
AAPL,14593,QMLE-Trade,2020-5-19,0.19641
AAPL,14593,QMLE-Trade,2020-5-20,0.175378
AAPL,14593,QMLE-Trade,2020-5-21,0.200574
AAPL,14593,QMLE-Trade,2020-5-22,0.167077
AAPL,14593,QMLE-Trade,2020-5-26,0.196413
AAPL,14593,QMLE-Trade,2020-5-27,0.244238
AAPL,14593,QMLE-Trade,2020-5-28,0.205555
AAPL,14593,QMLE-Trade,2020-5-29,0.242567
AAPL,14593,QMLE-Trade,2020-6-1,0.1541
AAPL,14593,QMLE-Trade,2020-6-2,0.153521
AAPL,14593,QMLE-Trade,2020-6-3,0.151585
AAPL,14593,QMLE-Trade,2020-6-4,0.158309
AAPL,14593,QMLE-Trade,2020-6-5,0.170796
AAPL,14593,QMLE-Trade,2020-6-8,0.14599
AAPL,14593,QMLE-Trade,2020-6-9,0.188396
AAPL,14593,QMLE-Trade,2020-6-10,0.243462
AAPL,14593,QMLE-Trade,2020-6-11,0.327561
AAPL,14593,QMLE-Trade,2020-6-12,0.34974
AAPL,14593,QMLE-Trade,2020-6-15,0.296989
AAPL,14593,QMLE-Trade,2020-6-16,0.319648
AAPL,14593,QMLE-Trade,2020-6-17,0.194416
AAPL,14593,QMLE-Trade,2020-6-18,0.179414
AAPL,14593,QMLE-Trade,2020-6-19,0.273941
AAPL,14593,QMLE-Trade,2020-6-22,0.18193
AAPL,14593,QMLE-Trade,2020-6-23,0.193243
AAPL,14593,QMLE-Trade,2020-6-24,0.284548
AAPL,14593,QMLE-Trade,2020-6-25,0.238395
AAPL,14593,QMLE-Trade,2020-6-26,0.284104
AAPL,14593,QMLE-Trade,2020-6-29,0.229787
AAPL,14593,QMLE-Trade,2020-6-30,0.188362
AAPL,14593,QMLE-Trade,2020-7-1,0.175992
AAPL,14593,QMLE-Trade,2020-7-2,0.17928
AAPL,14593,QMLE-Trade,2020-7-6,0.156928
AAPL,14593,QMLE-Trade,2020-7-7,0.179041
AAPL,14593,QMLE-Trade,2020-7-8,0.180218
AAPL,14593,QMLE-Trade,2020-7-9,0.239994
AAPL,14593,QMLE-Trade,2020-7-10,0.182879
AAPL,14593,QMLE-Trade,2020-7-13,0.290114
AAPL,14593,QMLE-Trade,2020-7-14,0.353541
AAPL,14593,QMLE-Trade,2020-7-15,0.303449
AAPL,14593,QMLE-Trade,2020-7-16,0.23341
AAPL,14593,QMLE-Trade,2020-7-17,0.169984
AAPL,14593,QMLE-Trade,2020-7-20,0.166049
AAPL,14593,QMLE-Trade,2020-7-21,0.221575
AAPL,14593,QMLE-Trade,2020-7-22,0.194887
AAPL,14593,QMLE-Trade,2020-7-23,0.333059
AAPL,14593,QMLE-Trade,2020-7-24,0.344241
AAPL,14593,QMLE-Trade,2020-7-27,0.214655
AAPL,14593,QMLE-Trade,2020-7-28,0.217339
AAPL,14593,QMLE-Trade,2020-7-29,0.198171
AAPL,14593,QMLE-Trade,2020-7-30,0.237827
AAPL,14593,QMLE-Trade,2020-7-31,0.32582
AAPL,14593,QMLE-Trade,2020-8-3,0.306173
AAPL,14593,QMLE-Trade,2020-8-4,0.231599
AAPL,14593,QMLE-Trade,2020-8-5,0.182871
AAPL,14593,QMLE-Trade,2020-8-6,0.211909
AAPL,14593,QMLE-Trade,2020-8-7,0.24759
AAPL,14593,QMLE-Trade,2020-8-10,0.284311
AAPL,14593,QMLE-Trade,2020-8-11,0.275927
AAPL,14593,QMLE-Trade,2020-8-12,0.218467
AAPL,14593,QMLE-Trade,2020-8-13,0.242304
AAPL,14593,QMLE-Trade,2020-8-14,0.206453
AAPL,14593,QMLE-Trade,2020-8-17,0.174559
AAPL,14593,QMLE-Trade,2020-8-18,0.177004
AAPL,14593,QMLE-Trade,2020-8-19,0.207407
AAPL,14593,QMLE-Trade,2020-8-20,0.163537
AAPL,14593,QMLE-Trade,2020-8-21,0.26646
AAPL,14593,QMLE-Trade,2020-8-24,0.365215
AAPL,14593,QMLE-Trade,2020-8-25,0.273792
AAPL,14593,QMLE-Trade,2020-8-26,0.20108
AAPL,14593,QMLE-Trade,2020-8-27,0.246385
AAPL,14593,QMLE-Trade,2020-8-28,0.216511
AAPL,14593,QMLE-Trade,2020-8-31,0.392751
AAPL,14593,QMLE-Trade,2020-9-1,0.291821
AAPL,14593,QMLE-Trade,2020-9-2,0.577674
AAPL,14593,QMLE-Trade,2020-9-3,0.61711
AAPL,14593,QMLE-Trade,2020-9-4,0.969847
AAPL,14593,QMLE-Trade,2020-9-8,0.753854
AAPL,14593,QMLE-Trade,2020-9-9,0.449039
AAPL,14593,QMLE-Trade,2020-9-10,0.529175
AAPL,14593,QMLE-Trade,2020-9-11,0.545788
AAPL,14593,QMLE-Trade,2020-9-14,0.33015
AAPL,14593,QMLE-Trade,2020-9-15,0.34087
AAPL,14593,QMLE-Trade,2020-9-16,0.359451
AAPL,14593,QMLE-Trade,2020-9-17,0.428589
AAPL,14593,QMLE-Trade,2020-9-18,0.412105
AAPL,14593,QMLE-Trade,2020-9-21,0.485986
AAPL,14593,QMLE-Trade,2020-9-22,0.368668
AAPL,14593,QMLE-Trade,2020-9-23,0.392436
AAPL,14593,QMLE-Trade,2020-9-24,0.461599
AAPL,14593,QMLE-Trade,2020-9-25,0.367368
AAPL,14593,QMLE-Trade,2020-9-28,0.318667
AAPL,14593,QMLE-Trade,2020-9-29,0.254815
AAPL,14593,QMLE-Trade,2020-9-30,0.305995
AAPL,14593,QMLE-Trade,2020-10-1,0.273036
AAPL,14593,QMLE-Trade,2020-10-2,0.341401
AAPL,14593,QMLE-Trade,2020-10-5,0.187822
AAPL,14593,QMLE-Trade,2020-10-6,0.359762
AAPL,14593,QMLE-Trade,2020-10-7,0.201284
AAPL,14593,QMLE-Trade,2020-10-8,0.172342
AAPL,14593,QMLE-Trade,2020-10-9,0.169279
AAPL,14593,QMLE-Trade,2020-10-12,0.25996
AAPL,14593,QMLE-Trade,2020-10-13,0.461739
AAPL,14593,QMLE-Trade,2020-10-14,0.290183
AAPL,14593,QMLE-Trade,2020-10-15,0.267098
AAPL,14593,QMLE-Trade,2020-10-16,0.218807
AAPL,14593,QMLE-Trade,2020-10-19,0.289852
AAPL,14593,QMLE-Trade,2020-10-20,0.315701
AAPL,14593,QMLE-Trade,2020-10-21,0.257629
AAPL,14593,QMLE-Trade,2020-10-22,0.271324
AAPL,14593,QMLE-Trade,2020-10-23,0.223665
AAPL,14593,QMLE-Trade,2020-10-26,0.291513
AAPL,14593,QMLE-Trade,2020-10-27,0.262055
AAPL,14593,QMLE-Trade,2020-10-28,0.352253
AAPL,14593,QMLE-Trade,2020-10-29,0.310793
AAPL,14593,QMLE-Trade,2020-10-30,0.446626
AAPL,14593,QMLE-Trade,2020-11-2,0.33971
AAPL,14593,QMLE-Trade,2020-11-3,0.266287
AAPL,14593,QMLE-Trade,2020-11-4,0.343229
AAPL,14593,QMLE-Trade,2020-11-5,0.2725
AAPL,14593,QMLE-Trade,2020-11-6,0.271445
AAPL,14593,QMLE-Trade,2020-11-9,0.406927
AAPL,14593,QMLE-Trade,2020-11-10,0.415057
AAPL,14593,QMLE-Trade,2020-11-11,0.252099
AAPL,14593,QMLE-Trade,2020-11-12,0.254562
AAPL,14593,QMLE-Trade,2020-11-13,0.19583
AAPL,14593,QMLE-Trade,2020-11-16,0.220631
AAPL,14593,QMLE-Trade,2020-11-17,0.197946
AAPL,14593,QMLE-Trade,2020-11-18,0.192896
AAPL,14593,QMLE-Trade,2020-11-19,0.209123
AAPL,14593,QMLE-Trade,2020-11-20,0.160761
AAPL,14593,QMLE-Trade,2020-11-23,0.212072
AAPL,14593,QMLE-Trade,2020-11-24,0.228242
AAPL,14593,QMLE-Trade,2020-11-25,0.194095
AAPL,14593,QMLE-Trade,2020-11-27,0.140701
AAPL,14593,QMLE-Trade,2020-11-30,0.262722
AAPL,14593,QMLE-Trade,2020-12-1,0.240217
AAPL,14593,QMLE-Trade,2020-12-2,0.20988
AAPL,14593,QMLE-Trade,2020-12-3,0.179957
AAPL,14593,QMLE-Trade,2020-12-4,0.170415
AAPL,14593,QMLE-Trade,2020-12-7,0.184214
AAPL,14593,QMLE-Trade,2020-12-8,0.193696
AAPL,14593,QMLE-Trade,2020-12-9,0.267144
AAPL,14593,QMLE-Trade,2020-12-10,0.256752
AAPL,14593,QMLE-Trade,2020-12-11,0.218051
AAPL,14593,QMLE-Trade,2020-12-14,0.194209
AAPL,14593,QMLE-Trade,2020-12-15,0.223095
AAPL,14593,QMLE-Trade,2020-12-17,0.173263
AAPL,14593,QMLE-Trade,2020-12-18,0.205515
AAPL,14593,QMLE-Trade,2020-12-21,0.260612
AAPL,14593,QMLE-Trade,2020-12-22,0.291861
AAPL,14593,QMLE-Trade,2020-12-23,0.205917
AAPL,14593,QMLE-Trade,2020-12-24,0.169311
AAPL,14593,QMLE-Trade,2020-12-28,0.20048
AAPL,14593,QMLE-Trade,2020-12-29,0.250411
AAPL,14593,QMLE-Trade,2020-12-30,0.208697
AAPL,14593,QMLE-Trade,2020-12-31,0.199039
AAPL,14593,QMLE-Trade,2021-1-4,0.333888
AAPL,14593,QMLE-Trade,2021-1-5,0.23347
AAPL,14593,QMLE-Trade,2021-1-6,0.310811
AAPL,14593,QMLE-Trade,2021-1-7,0.215012
AAPL,14593,QMLE-Trade,2021-1-8,0.277677
AAPL,14593,QMLE-Trade,2021-1-11,0.25513
AAPL,14593,QMLE-Trade,2021-1-12,0.242711
AAPL,14593,QMLE-Trade,2021-1-13,0.213013
AAPL,14593,QMLE-Trade,2021-1-14,0.212268
AAPL,14593,QMLE-Trade,2021-1-15,0.243329
AAPL,14593,QMLE-Trade,2021-1-19,0.187582
AAPL,14593,QMLE-Trade,2021-1-20,0.200896
AAPL,14593,QMLE-Trade,2021-1-21,0.214109
AAPL,14593,QMLE-Trade,2021-1-22,0.223224
AAPL,14593,QMLE-Trade,2021-1-25,0.452835
AAPL,14593,QMLE-Trade,2021-1-26,0.277715
AAPL,14593,QMLE-Trade,2021-1-27,0.395564
AAPL,14593,QMLE-Trade,2021-1-28,0.440172
AAPL,14593,QMLE-Trade,2021-1-29,0.48991
AAPL,14593,QMLE-Trade,2021-2-1,0.316933
AAPL,14593,QMLE-Trade,2021-2-2,0.222805
AAPL,14593,QMLE-Trade,2021-2-3,0.208726
AAPL,14593,QMLE-Trade,2021-2-4,0.196155
AAPL,14593,QMLE-Trade,2021-2-5,0.202653
AAPL,14593,QMLE-Trade,2021-2-8,0.175951
AAPL,14593,QMLE-Trade,2021-2-9,0.17024
AAPL,14593,QMLE-Trade,2021-2-10,0.208692
AAPL,14593,QMLE-Trade,2021-2-11,0.172394
AAPL,14593,QMLE-Trade,2021-2-12,0.152247
AAPL,14593,QMLE-Trade,2021-2-16,0.183156
AAPL,14593,QMLE-Trade,2021-2-17,0.247204
AAPL,14593,QMLE-Trade,2021-2-18,0.213407
AAPL,14593,QMLE-Trade,2021-2-19,0.199522
AAPL,14593,QMLE-Trade,2021-2-22,0.271213
AAPL,14593,QMLE-Trade,2021-2-23,0.48141
AAPL,14593,QMLE-Trade,2021-2-24,0.316978
AAPL,14593,QMLE-Trade,2021-2-25,0.398556
AAPL,14593,QMLE-Trade,2021-2-26,0.417348
AAPL,14593,QMLE-Trade,2021-3-1,0.258152
AAPL,14593,QMLE-Trade,2021-3-2,0.282507
AAPL,14593,QMLE-Trade,2021-3-3,0.316508
AAPL,14593,QMLE-Trade,2021-3-4,0.485751
AAPL,14593,QMLE-Trade,2021-3-5,0.435432
AAPL,14593,QMLE-Trade,2021-3-8,0.349478
AAPL,14593,QMLE-Trade,2021-3-9,0.264244
AAPL,14593,QMLE-Trade,2021-3-10,0.321234
AAPL,14593,QMLE-Trade,2021-3-11,0.226311
AAPL,14593,QMLE-Trade,2021-3-12,0.216234
AAPL,14593,QMLE-Trade,2021-3-15,0.203618
AAPL,14593,QMLE-Trade,2021-3-16,0.240288
AAPL,14593,QMLE-Trade,2021-3-17,0.273148
AAPL,14593,QMLE-Trade,2021-3-18,0.233531
AAPL,14593,QMLE-Trade,2021-3-19,0.245496
AAPL,14593,QMLE-Trade,2021-3-22,0.207008
AAPL,14593,QMLE-Trade,2021-3-24,0.217114
AAPL,14593,QMLE-Trade,2021-3-25,0.284177
AAPL,14593,QMLE-Trade,2021-3-26,0.227531
AAPL,14593,QMLE-Trade,2021-3-29,0.214206
AAPL,14593,QMLE-Trade,2021-3-30,0.184246
AAPL,14593,QMLE-Trade,2021-3-31,0.188751
AAPL,14593,QMLE-Trade,2021-4-1,0.157195
AAPL,14593,QMLE-Trade,2021-4-5,0.170049
AAPL,14593,QMLE-Trade,2021-4-6,0.176779
AAPL,14593,QMLE-Trade,2021-4-7,0.170728
AAPL,14593,QMLE-Trade,2021-4-9,0.163546
AAPL,14593,QMLE-Trade,2021-4-12,0.173433
AAPL,14593,QMLE-Trade,2021-4-13,0.171086
AAPL,14593,QMLE-Trade,2021-4-14,0.19907
AAPL,14593,QMLE-Trade,2021-4-15,0.17403
AAPL,14593,QMLE-Trade,2021-4-16,0.14837
AAPL,14593,QMLE-Trade,2021-4-19,0.188896
AAPL,14593,QMLE-Trade,2021-4-20,0.207667
AAPL,14593,QMLE-Trade,2021-4-21,0.171906
AAPL,14593,QMLE-Trade,2021-4-22,0.222707
AAPL,14593,QMLE-Trade,2021-4-23,0.15555
AAPL,14593,QMLE-Trade,2021-4-26,0.14797
AAPL,14593,QMLE-Trade,2021-4-27,0.169786
AAPL,14593,QMLE-Trade,2021-4-28,0.191258
AAPL,14593,QMLE-Trade,2021-4-29,0.259493
AAPL,14593,QMLE-Trade,2021-4-30,0.197403
AAPL,14593,QMLE-Trade,2021-5-3,0.179969
AAPL,14593,QMLE-Trade,2021-5-4,0.236087
AAPL,14593,QMLE-Trade,2021-5-5,0.200438
AAPL,14593,QMLE-Trade,2021-5-6,0.214436
AAPL,14593,QMLE-Trade,2021-5-7,0.199089
AAPL,14593,QMLE-Trade,2021-5-10,0.192451
AAPL,14593,QMLE-Trade,2021-5-11,0.266024
AAPL,14593,QMLE-Trade,2021-5-13,0.247043
AAPL,14593,QMLE-Trade,2021-5-14,0.171663
AAPL,14593,QMLE-Trade,2021-5-17,0.196375
AAPL,14593,QMLE-Trade,2021-5-18,0.166207
AAPL,14593,QMLE-Trade,2021-5-19,0.232088
AAPL,14593,QMLE-Trade,2021-5-20,0.162704
AAPL,14593,QMLE-Trade,2021-5-21,0.171303
AAPL,14593,QMLE-Trade,2021-5-24,0.136856
AAPL,14593,QMLE-Trade,2021-5-25,0.155865
AAPL,14593,QMLE-Trade,2021-5-26,0.123313
AAPL,14593,QMLE-Trade,2021-5-27,0.145178
AAPL,14593,QMLE-Trade,2021-5-28,0.138489
AAPL,14593,QMLE-Trade,2021-6-1,0.126203
AAPL,14593,QMLE-Trade,2021-6-2,0.134603
AAPL,14593,QMLE-Trade,2021-6-3,0.157783
AAPL,14593,QMLE-Trade,2021-6-4,0.115677
AAPL,14593,QMLE-Trade,2021-6-7,0.138159
AAPL,14593,QMLE-Trade,2021-6-8,0.149163
AAPL,14593,QMLE-Trade,2021-6-9,0.129413
AAPL,14593,QMLE-Trade,2021-6-10,0.13976
AAPL,14593,QMLE-Trade,2021-6-11,0.118035
AAPL,14593,QMLE-Trade,2021-6-14,0.149106
AAPL,14593,QMLE-Trade,2021-6-15,0.133975
AAPL,14593,QMLE-Trade,2021-6-16,0.204069
AAPL,14593,QMLE-Trade,2021-6-17,0.172484
AAPL,14593,QMLE-Trade,2021-6-18,0.189855
AAPL,14593,QMLE-Trade,2021-6-21,0.15753
AAPL,14593,QMLE-Trade,2021-6-22,0.1453
AAPL,14593,QMLE-Trade,2021-6-23,0.121638
AAPL,14593,QMLE-Trade,2021-6-24,0.120555
AAPL,14593,QMLE-Trade,2021-6-25,0.123363
AAPL,14593,QMLE-Trade,2021-6-28,0.113315
AAPL,14593,QMLE-Trade,2021-6-29,0.119892
AAPL,14593,QMLE-Trade,2021-6-30,0.119977
AAPL,14593,QMLE-Trade,2021-7-1,0.11676
AAPL,14593,QMLE-Trade,2021-7-2,0.111943
AAPL,14593,QMLE-Trade,2021-7-6,0.177955
AAPL,14593,QMLE-Trade,2021-7-7,0.186778
AAPL,14593,QMLE-Trade,2021-7-8,0.219317
AAPL,14593,QMLE-Trade,2021-7-9,0.154518
AAPL,14593,QMLE-Trade,2021-7-12,0.159434
AAPL,14593,QMLE-Trade,2021-7-13,0.196
AAPL,14593,QMLE-Trade,2021-7-14,0.193895
AAPL,14593,QMLE-Trade,2021-7-15,0.203084
AAPL,14593,QMLE-Trade,2021-7-16,0.194184
AAPL,14593,QMLE-Trade,2021-7-19,0.255335
AAPL,14593,QMLE-Trade,2021-7-20,0.186703
AAPL,14593,QMLE-Trade,2021-7-21,0.165331
AAPL,14593,QMLE-Trade,2021-7-22,0.154096
AAPL,14593,QMLE-Trade,2021-7-23,0.13228
AAPL,14593,QMLE-Trade,2021-7-26,0.155728
AAPL,14593,QMLE-Trade,2021-7-27,0.197051
AAPL,14593,QMLE-Trade,2021-7-28,0.275275
AAPL,14593,QMLE-Trade,2021-7-29,0.153259
AAPL,14593,QMLE-Trade,2021-7-30,0.165807
AAPL,14593,QMLE-Trade,2021-8-2,0.17535
AAPL,14593,QMLE-Trade,2021-8-3,0.177144
AAPL,14593,QMLE-Trade,2021-8-4,0.169536
AAPL,14593,QMLE-Trade,2021-8-5,0.144685
AAPL,14593,QMLE-Trade,2021-8-6,0.143869
AAPL,14593,QMLE-Trade,2021-8-9,0.141759
AAPL,14593,QMLE-Trade,2021-8-10,0.156234
AAPL,14593,QMLE-Trade,2021-8-11,0.149422
AAPL,14593,QMLE-Trade,2021-8-12,0.142148
AAPL,14593,QMLE-Trade,2021-8-13,0.139407
AAPL,14593,QMLE-Trade,2021-8-16,0.21193
AAPL,14593,QMLE-Trade,2021-8-17,0.21777
AAPL,14593,QMLE-Trade,2021-8-18,0.1969
AAPL,14593,QMLE-Trade,2021-8-19,0.226512
AAPL,14593,QMLE-Trade,2021-8-20,0.162074
AAPL,14593,QMLE-Trade,2021-8-23,0.137118
AAPL,14593,QMLE-Trade,2021-8-24,0.141221
AAPL,14593,QMLE-Trade,2021-8-25,0.132761
AAPL,14593,QMLE-Trade,2021-8-26,0.147767
AAPL,14593,QMLE-Trade,2021-8-27,0.145145
AAPL,14593,QMLE-Trade,2021-8-30,0.166824
AAPL,14593,QMLE-Trade,2021-8-31,0.184166
AAPL,14593,QMLE-Trade,2021-9-1,0.179202
AAPL,14593,QMLE-Trade,2021-9-2,0.164777
AAPL,14593,QMLE-Trade,2021-9-3,0.148022
AAPL,14593,QMLE-Trade,2021-9-7,0.160571
AAPL,14593,QMLE-Trade,2021-9-8,0.173708
AAPL,14593,QMLE-Trade,2021-9-9,0.162527
AAPL,14593,QMLE-Trade,2021-9-10,0.324224
AAPL,14593,QMLE-Trade,2021-9-13,0.223261
AAPL,14593,QMLE-Trade,2021-9-14,0.212412
AAPL,14593,QMLE-Trade,2021-9-15,0.173501
AAPL,14593,QMLE-Trade,2021-9-16,0.165046
AAPL,14593,QMLE-Trade,2021-9-17,0.188913
AAPL,14593,QMLE-Trade,2021-9-20,0.242034
AAPL,14593,QMLE-Trade,2021-9-21,0.19962
AAPL,14593,QMLE-Trade,2021-9-22,0.196205
AAPL,14593,QMLE-Trade,2021-9-23,0.160158
AAPL,14593,QMLE-Trade,2021-9-24,0.142615
AAPL,14593,QMLE-Trade,2021-9-27,0.173889
AAPL,14593,QMLE-Trade,2021-9-28,0.227793
AAPL,14593,QMLE-Trade,2021-9-29,0.195307
AAPL,14593,QMLE-Trade,2021-9-30,0.210151
AAPL,14593,QMLE-Trade,2021-10-1,0.22939
AAPL,14593,QMLE-Trade,2021-10-4,0.225222
AAPL,14593,QMLE-Trade,2021-10-5,0.180564
AAPL,14593,QMLE-Trade,2021-10-6,0.213905
AAPL,14593,QMLE-Trade,2021-10-7,0.150352
AAPL,14593,QMLE-Trade,2021-10-8,0.159205
AAPL,14593,QMLE-Trade,2021-10-11,0.155307
AAPL,14593,QMLE-Trade,2021-10-12,0.187268
AAPL,14593,QMLE-Trade,2021-10-13,0.178481
AAPL,14593,QMLE-Trade,2021-10-14,0.126831
AAPL,14593,QMLE-Trade,2021-10-15,0.130849
AAPL,14593,QMLE-Trade,2021-10-18,0.154641
AAPL,14593,QMLE-Trade,2021-10-19,0.142973
AAPL,14593,QMLE-Trade,2021-10-20,0.135796
AAPL,14593,QMLE-Trade,2021-10-21,0.132776
AAPL,14593,QMLE-Trade,2021-10-22,0.14034
AAPL,14593,QMLE-Trade,2021-10-25,0.132649
AAPL,14593,QMLE-Trade,2021-10-26,0.161859
AAPL,14593,QMLE-Trade,2021-10-27,0.148233
AAPL,14593,QMLE-Trade,2021-10-28,0.16187
AAPL,14593,QMLE-Trade,2021-11-1,0.16462
AAPL,14593,QMLE-Trade,2021-11-2,0.162145
AAPL,14593,QMLE-Trade,2021-11-3,0.14722
AAPL,14593,QMLE-Trade,2021-11-4,0.148713
AAPL,14593,QMLE-Trade,2021-11-5,0.150464
AAPL,14593,QMLE-Trade,2021-11-8,0.120932
AAPL,14593,QMLE-Trade,2021-11-9,0.16865
AAPL,14593,QMLE-Trade,2021-11-10,0.182366
AAPL,14593,QMLE-Trade,2021-11-11,0.108774
AAPL,14593,QMLE-Trade,2021-11-12,0.120585
AAPL,14593,QMLE-Trade,2021-11-15,0.141666
AAPL,14593,QMLE-Trade,2021-11-16,0.127997
AAPL,14593,QMLE-Trade,2021-11-17,0.171562
AAPL,14593,QMLE-Trade,2021-11-18,0.234754
AAPL,14593,QMLE-Trade,2021-11-19,0.193258
AAPL,14593,QMLE-Trade,2021-11-22,0.225585
AAPL,14593,QMLE-Trade,2021-11-23,0.25445
AAPL,14593,QMLE-Trade,2021-11-24,0.206102
AAPL,14593,QMLE-Trade,2021-11-26,0.236875
AAPL,14593,QMLE-Trade,2021-11-29,0.206904
AAPL,14593,QMLE-Trade,2021-11-30,0.311557
AAPL,14593,QMLE-Trade,2021-12-1,0.298994
AAPL,14593,QMLE-Trade,2021-12-2,0.338662
AAPL,14593,QMLE-Trade,2021-12-3,0.336491
AAPL,14593,QMLE-Trade,2021-12-6,0.29959
AAPL,14593,QMLE-Trade,2021-12-7,0.199947
AAPL,14593,QMLE-Trade,2021-12-8,0.257059
AAPL,14593,QMLE-Trade,2021-12-9,0.241137
AAPL,14593,QMLE-Trade,2021-12-10,0.229103
AAPL,14593,QMLE-Trade,2021-12-13,0.30744
AAPL,14593,QMLE-Trade,2021-12-14,0.304978
AAPL,14593,QMLE-Trade,2021-12-15,0.346134
AAPL,14593,QMLE-Trade,2021-12-16,0.332152
AAPL,14593,QMLE-Trade,2021-12-17,0.350125
AAPL,14593,QMLE-Trade,2021-12-20,0.309079
AAPL,14593,QMLE-Trade,2021-12-21,0.220895
AAPL,14593,QMLE-Trade,2021-12-22,0.200602
AAPL,14593,QMLE-Trade,2021-12-23,0.152464
AAPL,14593,QMLE-Trade,2021-12-28,0.203471
AAPL,14593,QMLE-Trade,2021-12-29,0.173523
AAPL,14593,QMLE-Trade,2021-12-30,0.157769
AAPL,14593,QMLE-Trade,2021-12-31,0.168411
AAPL,14593,QMLE-Trade,2022-1-3,0.209829
AAPL,14593,QMLE-Trade,2022-1-4,0.219496
AAPL,14593,QMLE-Trade,2022-1-5,0.263604
AAPL,14593,QMLE-Trade,2022-1-6,0.290139
AAPL,14593,QMLE-Trade,2022-1-7,0.232095
AAPL,14593,QMLE-Trade,2022-1-10,0.341561
AAPL,14593,QMLE-Trade,2022-1-11,0.251825
AAPL,14593,QMLE-Trade,2022-1-12,0.215027
AAPL,14593,QMLE-Trade,2022-1-13,0.245358
AAPL,14593,QMLE-Trade,2022-1-14,0.26363
AAPL,14593,QMLE-Trade,2022-1-18,0.260623
AAPL,14593,QMLE-Trade,2022-1-19,0.250009
AAPL,14593,QMLE-Trade,2022-1-20,0.237334
AAPL,14593,QMLE-Trade,2022-1-21,0.361867
AAPL,14593,QMLE-Trade,2022-1-24,0.506697
AAPL,14593,QMLE-Trade,2022-1-25,0.423371
AAPL,14593,QMLE-Trade,2022-1-26,0.439614
AAPL,14593,QMLE-Trade,2022-1-27,0.35332
AAPL,14593,QMLE-Trade,2022-1-28,0.379852
AAPL,14593,QMLE-Trade,2022-1-31,0.264265
AAPL,14593,QMLE-Trade,2022-2-1,0.274782
AAPL,14593,QMLE-Trade,2022-2-2,0.248208
AAPL,14593,QMLE-Trade,2022-2-3,0.264149
AAPL,14593,QMLE-Trade,2022-2-4,0.270745
AAPL,14593,QMLE-Trade,2022-2-7,0.223611
AAPL,14593,QMLE-Trade,2022-2-8,0.214201
AAPL,14593,QMLE-Trade,2022-2-9,0.177319
AAPL,14593,QMLE-Trade,2022-2-10,0.252416
AAPL,14593,QMLE-Trade,2022-2-11,0.32967
AAPL,14593,QMLE-Trade,2022-2-14,0.313125
AAPL,14593,QMLE-Trade,2022-2-15,0.186355
AAPL,14593,QMLE-Trade,2022-2-16,0.215396
AAPL,14593,QMLE-Trade,2022-2-17,0.182479
AAPL,14593,QMLE-Trade,2022-2-18,0.238675
AAPL,14593,QMLE-Trade,2022-2-22,0.289906
AAPL,14593,QMLE-Trade,2022-2-23,0.250221
AAPL,14593,QMLE-Trade,2022-2-24,0.422209
AAPL,14593,QMLE-Trade,2022-2-25,0.267589
AAPL,14593,QMLE-Trade,2022-2-28,0.290544
AAPL,14593,QMLE-Trade,2022-3-1,0.303923
AAPL,14593,QMLE-Trade,2022-3-2,0.263767
AAPL,14593,QMLE-Trade,2022-3-3,0.256424
AAPL,14593,QMLE-Trade,2022-3-4,0.279822
AAPL,14593,QMLE-Trade,2022-3-7,0.302846
AAPL,14593,QMLE-Trade,2022-3-8,0.429006
AAPL,14593,QMLE-Trade,2022-3-9,0.278582
AAPL,14593,QMLE-Trade,2022-3-10,0.26849
AAPL,14593,QMLE-Trade,2022-3-11,0.257758
AAPL,14593,QMLE-Trade,2022-3-14,0.301313
AAPL,14593,QMLE-Trade,2022-3-15,0.265201
AAPL,14593,QMLE-Trade,2022-3-16,0.330629
AAPL,14593,QMLE-Trade,2022-3-17,0.230255
AAPL,14593,QMLE-Trade,2022-3-18,0.216146
AAPL,14593,QMLE-Trade,2022-3-21,0.247207
AAPL,14593,QMLE-Trade,2022-3-22,0.198158
AAPL,14593,QMLE-Trade,2022-3-23,0.220413
AAPL,14593,QMLE-Trade,2022-3-24,0.227313
AAPL,14593,QMLE-Trade,2022-3-25,0.209607
AAPL,14593,QMLE-Trade,2022-3-28,0.224405
AAPL,14593,QMLE-Trade,2022-3-29,0.208348
AAPL,14593,QMLE-Trade,2022-3-30,0.193418
AAPL,14593,QMLE-Trade,2022-3-31,0.19933
AAPL,14593,QMLE-Trade,2022-4-1,0.21849
AAPL,14593,QMLE-Trade,2022-4-4,0.176752
AAPL,14593,QMLE-Trade,2022-4-5,0.1981
AAPL,14593,QMLE-Trade,2022-4-6,0.272289
AAPL,14593,QMLE-Trade,2022-4-7,0.243644
AAPL,14593,QMLE-Trade,2022-4-8,0.214891
AAPL,14593,QMLE-Trade,2022-4-11,0.214028
AAPL,14593,QMLE-Trade,2022-4-12,0.253183
AAPL,14593,QMLE-Trade,2022-4-13,0.194768
AAPL,14593,QMLE-Trade,2022-4-14,0.202968
AAPL,14593,QMLE-Trade,2022-4-18,0.233913
AAPL,14593,QMLE-Trade,2022-4-19,0.214088
AAPL,14593,QMLE-Trade,2022-4-20,0.228329
AAPL,14593,QMLE-Trade,2022-4-21,0.257622
AAPL,14593,QMLE-Trade,2022-4-22,0.271879
AAPL,14593,QMLE-Trade,2022-4-25,0.373015
AAPL,14593,QMLE-Trade,2022-4-26,0.292076
AAPL,14593,QMLE-Trade,2022-4-27,0.36626
AAPL,14593,QMLE-Trade,2022-4-28,0.331844
AAPL,14593,QMLE-Trade,2022-4-29,0.370547
AAPL,14593,QMLE-Trade,2022-5-2,0.418667
AAPL,14593,QMLE-Trade,2022-5-3,0.381902
AAPL,14593,QMLE-Trade,2022-5-4,0.45529
AAPL,14593,QMLE-Trade,2022-5-5,0.40849
AAPL,14593,QMLE-Trade,2022-5-6,0.491072
AAPL,14593,QMLE-Trade,2022-5-9,0.41154
AAPL,14593,QMLE-Trade,2022-5-10,0.398928
AAPL,14593,QMLE-Trade,2022-5-11,0.434385
AAPL,14593,QMLE-Trade,2022-5-12,0.556228
AAPL,14593,QMLE-Trade,2022-5-13,0.312488
AAPL,14593,QMLE-Trade,2022-5-16,0.348269
AAPL,14593,QMLE-Trade,2022-5-18,0.299297
AAPL,14593,QMLE-Trade,2022-5-19,0.413625
AAPL,14593,QMLE-Trade,2022-5-20,0.415672
AAPL,14593,QMLE-Trade,2022-5-23,0.389911
AAPL,14593,QMLE-Trade,2022-5-24,0.36594
AAPL,14593,QMLE-Trade,2022-5-25,0.375521
AAPL,14593,QMLE-Trade,2022-5-26,0.26685
AAPL,14593,QMLE-Trade,2022-5-27,0.223889
AAPL,14593,QMLE-Trade,2022-5-31,0.312154
AAPL,14593,QMLE-Trade,2022-6-1,0.301181
AAPL,14593,QMLE-Trade,2022-6-2,0.268231
AAPL,14593,QMLE-Trade,2022-6-3,0.279692
AAPL,14593,QMLE-Trade,2022-6-6,0.258408
AAPL,14593,QMLE-Trade,2022-6-7,0.241875
AAPL,14593,QMLE-Trade,2022-6-8,0.223736
AAPL,14593,QMLE-Trade,2022-6-9,0.240093
AAPL,14593,QMLE-Trade,2022-6-10,0.293382
AAPL,14593,QMLE-Trade,2022-6-13,0.373274
AAPL,14593,QMLE-Trade,2022-6-14,0.322578
AAPL,14593,QMLE-Trade,2022-6-15,0.465512
AAPL,14593,QMLE-Trade,2022-6-16,0.34143
AAPL,14593,QMLE-Trade,2022-6-17,0.339012
AAPL,14593,QMLE-Trade,2022-6-21,0.255378
AAPL,14593,QMLE-Trade,2022-6-22,0.304913
AAPL,14593,QMLE-Trade,2022-6-23,0.309389
AAPL,14593,QMLE-Trade,2022-6-24,0.218438
AAPL,14593,QMLE-Trade,2022-6-27,0.252877
AAPL,14593,QMLE-Trade,2022-6-28,0.255245
AAPL,14593,QMLE-Trade,2022-6-29,0.288959
AAPL,14593,QMLE-Trade,2022-6-30,0.312623
AAPL,14593,QMLE-Trade,2022-7-1,0.293612
AAPL,14593,QMLE-Trade,2022-7-5,0.299027
AAPL,14593,QMLE-Trade,2022-7-6,0.312846
AAPL,14593,QMLE-Trade,2022-7-7,0.196188
AAPL,14593,QMLE-Trade,2022-7-8,0.213369
AAPL,14593,QMLE-Trade,2022-7-11,0.217004
AAPL,14593,QMLE-Trade,2022-7-12,0.259943
AAPL,14593,QMLE-Trade,2022-7-13,0.323738
AAPL,14593,QMLE-Trade,2022-7-14,0.282626
AAPL,14593,QMLE-Trade,2022-7-15,0.243407
AAPL,14593,QMLE-Trade,2022-7-18,0.241428
AAPL,14593,QMLE-Trade,2022-7-19,0.204896
AAPL,14593,QMLE-Trade,2022-7-20,0.216832
AAPL,14593,QMLE-Trade,2022-7-21,0.247349
AAPL,14593,QMLE-Trade,2022-7-22,0.226302
AAPL,14593,QMLE-Trade,2022-7-25,0.227618
AAPL,14593,QMLE-Trade,2022-7-26,0.197778
AAPL,14593,QMLE-Trade,2022-7-27,0.228186
AAPL,14593,QMLE-Trade,2022-7-28,0.221924
AAPL,14593,QMLE-Trade,2022-7-29,0.225533
AAPL,14593,QMLE-Trade,2022-8-1,0.203012
AAPL,14593,QMLE-Trade,2022-8-2,0.221177
AAPL,14593,QMLE-Trade,2022-8-3,0.181939
AAPL,14593,QMLE-Trade,2022-8-4,0.19128
AAPL,14593,QMLE-Trade,2022-8-5,0.182619
AAPL,14593,QMLE-Trade,2022-8-8,0.204046
AAPL,14593,QMLE-Trade,2022-8-9,0.195181
AAPL,14593,QMLE-Trade,2022-8-10,0.17801
AAPL,14593,QMLE-Trade,2022-8-11,0.17619
AAPL,14593,QMLE-Trade,2022-8-12,0.152305
AAPL,14593,QMLE-Trade,2022-8-15,0.13899
AAPL,14593,QMLE-Trade,2022-8-16,0.149153
AAPL,14593,QMLE-Trade,2022-8-17,0.201293
AAPL,14593,QMLE-Trade,2022-8-18,0.163614
AAPL,14593,QMLE-Trade,2022-8-19,0.154323
AAPL,14593,QMLE-Trade,2022-8-22,0.168737
AAPL,14593,QMLE-Trade,2022-8-23,0.183967
AAPL,14593,QMLE-Trade,2022-8-24,0.159659
AAPL,14593,QMLE-Trade,2022-8-25,0.152941
AAPL,14593,QMLE-Trade,2022-8-26,0.252344
AAPL,14593,QMLE-Trade,2022-8-29,0.224633
AAPL,14593,QMLE-Trade,2022-8-30,0.24425
AAPL,14593,QMLE-Trade,2022-8-31,0.258479
AAPL,14593,QMLE-Trade,2022-9-1,0.246376
AAPL,14593,QMLE-Trade,2022-9-2,0.254747
AAPL,14593,QMLE-Trade,2022-9-6,0.272825
AAPL,14593,QMLE-Trade,2022-9-8,0.270355
AAPL,14593,QMLE-Trade,2022-9-9,0.177906
AAPL,14593,QMLE-Trade,2022-9-12,0.192034
AAPL,14593,QMLE-Trade,2022-9-13,0.237665
AAPL,14593,QMLE-Trade,2022-9-14,0.243065
AAPL,14593,QMLE-Trade,2022-9-15,0.225898
AAPL,14593,QMLE-Trade,2022-9-16,0.280202
AAPL,14593,QMLE-Trade,2022-9-19,0.227874
AAPL,14593,QMLE-Trade,2022-9-20,0.260983
AAPL,14593,QMLE-Trade,2022-9-21,0.40146
AAPL,14593,QMLE-Trade,2022-9-22,0.279078
AAPL,14593,QMLE-Trade,2022-9-23,0.26229
AAPL,14593,QMLE-Trade,2022-9-26,0.296833
AAPL,14593,QMLE-Trade,2022-9-27,0.281738
AAPL,14593,QMLE-Trade,2022-9-28,0.31854
AAPL,14593,QMLE-Trade,2022-9-29,0.293022
AAPL,14593,QMLE-Trade,2022-9-30,0.300199
AAPL,14593,QMLE-Trade,2022-10-4,0.223915
AAPL,14593,QMLE-Trade,2022-10-5,0.237237
AAPL,14593,QMLE-Trade,2022-10-6,0.240996
AAPL,14593,QMLE-Trade,2022-10-7,0.230581
AAPL,14593,QMLE-Trade,2022-10-10,0.273538
AAPL,14593,QMLE-Trade,2022-10-11,0.283198
AAPL,14593,QMLE-Trade,2022-10-12,0.273
AAPL,14593,QMLE-Trade,2022-10-13,0.411457
AAPL,14593,QMLE-Trade,2022-10-14,0.343579
AAPL,14593,QMLE-Trade,2022-10-17,0.230345
AAPL,14593,QMLE-Trade,2022-10-18,0.379383
AAPL,14593,QMLE-Trade,2022-10-19,0.282084
AAPL,14593,QMLE-Trade,2022-10-20,0.254413
AAPL,14593,QMLE-Trade,2022-10-21,0.297435
AAPL,14593,QMLE-Trade,2022-10-24,0.281776
AAPL,14593,QMLE-Trade,2022-10-25,0.205134
AAPL,14593,QMLE-Trade,2022-10-26,0.257981
AAPL,14593,QMLE-Trade,2022-10-27,0.277143
AAPL,14593,QMLE-Trade,2022-10-28,0.350966
AAPL,14593,QMLE-Trade,2022-10-31,0.277883
AAPL,14593,QMLE-Trade,2022-11-1,0.272238
AAPL,14593,QMLE-Trade,2022-11-2,0.53014
AAPL,14593,QMLE-Trade,2022-11-3,0.284786
AAPL,14593,QMLE-Trade,2022-11-4,0.395162
AAPL,14593,QMLE-Trade,2022-11-7,0.289935
AAPL,14593,QMLE-Trade,2022-11-8,0.272882
AAPL,14593,QMLE-Trade,2022-11-9,0.255518
AAPL,14593,QMLE-Trade,2022-11-10,0.286456
AAPL,14593,QMLE-Trade,2022-11-11,0.29884
AAPL,14593,QMLE-Trade,2022-11-14,0.243832
AAPL,14593,QMLE-Trade,2022-11-15,0.332014
AAPL,14593,QMLE-Trade,2022-11-16,0.257667
AAPL,14593,QMLE-Trade,2022-11-17,0.24202
AAPL,14593,QMLE-Trade,2022-11-18,0.235956
AAPL,14593,QMLE-Trade,2022-11-21,0.206435
AAPL,14593,QMLE-Trade,2022-11-22,0.181825
AAPL,14593,QMLE-Trade,2022-11-23,0.216043
AAPL,14593,QMLE-Trade,2022-11-25,0.152733
AAPL,14593,QMLE-Trade,2022-11-28,0.207721
AAPL,14593,QMLE-Trade,2022-11-29,0.259171
AAPL,14593,QMLE-Trade,2022-11-30,0.309727
AAPL,14593,QMLE-Trade,2022-12-1,0.238952
AAPL,14593,QMLE-Trade,2022-12-2,0.207137
AAPL,14593,QMLE-Trade,2022-12-6,0.22281
AAPL,14593,QMLE-Trade,2022-12-7,0.261922
AAPL,14593,QMLE-Trade,2022-12-8,0.224116
AAPL,14593,QMLE-Trade,2022-12-9,0.273239
AAPL,14593,QMLE-Trade,2022-12-12,0.215158
AAPL,14593,QMLE-Trade,2022-12-13,0.351987
AAPL,14593,QMLE-Trade,2022-12-14,0.430771
AAPL,14593,QMLE-Trade,2022-12-15,0.251882
AAPL,14593,QMLE-Trade,2022-12-16,0.283889
AAPL,14593,QMLE-Trade,2022-12-19,0.221145
AAPL,14593,QMLE-Trade,2022-12-20,0.275033
AAPL,14593,QMLE-Trade,2022-12-21,0.229495
AAPL,14593,QMLE-Trade,2022-12-22,0.255543
AAPL,14593,QMLE-Trade,2022-12-23,0.297273
AAPL,14593,QMLE-Trade,2022-12-27,0.225425
AAPL,14593,QMLE-Trade,2022-12-29,0.227484
AAPL,14593,QMLE-Trade,2022-12-30,0.236731
AAPL,14593,QMLE-Trade,2023-1-3,0.301877
AAPL,14593,QMLE-Trade,2023-1-4,0.355808
AAPL,14593,QMLE-Trade,2023-1-5,0.281166
AAPL,14593,QMLE-Trade,2023-1-6,0.309326
AAPL,14593,QMLE-Trade,2023-1-9,0.236385
AAPL,14593,QMLE-Trade,2023-1-10,0.263667
AAPL,14593,QMLE-Trade,2023-1-11,0.217707
AAPL,14593,QMLE-Trade,2023-1-12,0.322769
AAPL,14593,QMLE-Trade,2023-1-17,0.236342
AAPL,14593,QMLE-Trade,2023-1-18,0.251707
AAPL,14593,QMLE-Trade,2023-1-19,0.245155
AAPL,14593,QMLE-Trade,2023-1-20,0.227902
AAPL,14593,QMLE-Trade,2023-1-23,0.250215
AAPL,14593,QMLE-Trade,2023-1-24,0.218796
AAPL,14593,QMLE-Trade,2023-1-25,0.256715
AAPL,14593,QMLE-Trade,2023-1-26,0.21441
AAPL,14593,QMLE-Trade,2023-1-27,0.204489
AAPL,14593,QMLE-Trade,2023-1-30,0.226482
AAPL,14593,QMLE-Trade,2023-1-31,0.222679
AAPL,14593,QMLE-Trade,2023-2-1,0.35673
AAPL,14593,QMLE-Trade,2023-2-2,0.274438
AAPL,14593,QMLE-Trade,2023-2-3,0.437294
AAPL,14593,QMLE-Trade,2023-2-6,0.265535
AAPL,14593,QMLE-Trade,2023-2-7,0.325842
AAPL,14593,QMLE-Trade,2023-2-8,0.246451
AAPL,14593,QMLE-Trade,2023-2-9,0.246313
AAPL,14593,QMLE-Trade,2023-2-10,0.247799
AAPL,14593,QMLE-Trade,2023-2-13,0.197325
AAPL,14593,QMLE-Trade,2023-2-14,0.281275
AAPL,14593,QMLE-Trade,2023-2-15,0.262301
AAPL,14593,QMLE-Trade,2023-2-16,0.234021
AAPL,14593,QMLE-Trade,2023-2-17,0.204941
AAPL,14593,QMLE-Trade,2023-2-21,0.190331
AAPL,14593,QMLE-Trade,2023-2-22,0.244098
AAPL,14593,QMLE-Trade,2023-2-23,0.19699
AAPL,14593,QMLE-Trade,2023-2-24,0.200813
AAPL,14593,QMLE-Trade,2023-2-27,0.17748
AAPL,14593,QMLE-Trade,2023-2-28,0.166493
AAPL,14593,QMLE-Trade,2023-3-1,0.194549
AAPL,14593,QMLE-Trade,2023-3-2,0.184179
AAPL,14593,QMLE-Trade,2023-3-3,0.193753
AAPL,14593,QMLE-Trade,2023-3-6,0.205211
AAPL,14593,QMLE-Trade,2023-3-7,0.221618
AAPL,14593,QMLE-Trade,2023-3-8,0.209497
AAPL,14593,QMLE-Trade,2023-3-9,0.211209
AAPL,14593,QMLE-Trade,2023-3-10,0.292271
AAPL,14593,QMLE-Trade,2023-3-13,0.273175
AAPL,14593,QMLE-Trade,2023-3-14,0.25205
AAPL,14593,QMLE-Trade,2023-3-15,0.309215
AAPL,14593,QMLE-Trade,2023-3-16,0.243054
AAPL,14593,QMLE-Trade,2023-3-17,0.247852
AAPL,14593,QMLE-Trade,2023-3-20,0.215592
AAPL,14593,QMLE-Trade,2023-3-21,0.174572
AAPL,14593,QMLE-Trade,2023-3-22,0.272398
AAPL,14593,QMLE-Trade,2023-3-23,0.252762
AAPL,14593,QMLE-Trade,2023-3-24,0.229047
AAPL,14593,QMLE-Trade,2023-3-27,0.174823
AAPL,14593,QMLE-Trade,2023-3-28,0.155204
AAPL,14593,QMLE-Trade,2023-3-29,0.138927
AAPL,14593,QMLE-Trade,2023-3-30,0.133618
AAPL,14593,QMLE-Trade,2023-3-31,0.131963
AAPL,14593,QMLE-Trade,2023-4-3,0.14395
AAPL,14593,QMLE-Trade,2023-4-4,0.144857
AAPL,14593,QMLE-Trade,2023-4-5,0.154691
AAPL,14593,QMLE-Trade,2023-4-6,0.144413
AAPL,14593,QMLE-Trade,2023-4-10,0.157287
AAPL,14593,QMLE-Trade,2023-4-11,0.130298
AAPL,14593,QMLE-Trade,2023-4-12,0.175295
AAPL,14593,QMLE-Trade,2023-4-13,0.147522
AAPL,14593,QMLE-Trade,2023-4-14,0.165555
AAPL,14593,QMLE-Trade,2023-4-17,0.142313
AAPL,14593,QMLE-Trade,2023-4-18,0.144482
AAPL,14593,QMLE-Trade,2023-4-19,0.131847
AAPL,14593,QMLE-Trade,2023-4-20,0.143596
AAPL,14593,QMLE-Trade,2023-4-21,0.153977
AAPL,14593,QMLE-Trade,2023-4-24,0.130427
AAPL,14593,QMLE-Trade,2023-4-25,0.149342
AAPL,14593,QMLE-Trade,2023-4-26,0.170737
AAPL,14593,QMLE-Trade,2023-4-27,0.139661
AAPL,14593,QMLE-Trade,2023-4-28,0.149661
AAPL,14593,QMLE-Trade,2023-5-1,0.140642
AAPL,14593,QMLE-Trade,2023-5-2,0.144212
AAPL,14593,QMLE-Trade,2023-5-3,0.233279
AAPL,14593,QMLE-Trade,2023-5-4,0.204612
AAPL,14593,QMLE-Trade,2023-5-5,0.19619
AAPL,14593,QMLE-Trade,2023-5-8,0.157738
AAPL,14593,QMLE-Trade,2023-5-9,0.123768
AAPL,14593,QMLE-Trade,2023-5-10,0.15071
AAPL,14593,QMLE-Trade,2023-5-11,0.139238
AAPL,14593,QMLE-Trade,2023-5-12,0.133913
AAPL,14593,QMLE-Trade,2023-5-15,0.122501
AAPL,14593,QMLE-Trade,2023-5-16,0.122426
AAPL,14593,QMLE-Trade,2023-5-17,0.156288
AAPL,14593,QMLE-Trade,2023-5-18,0.141602
AAPL,14593,QMLE-Trade,2023-5-19,0.150641
AAPL,14593,QMLE-Trade,2023-5-22,0.137707
AAPL,14593,QMLE-Trade,2023-5-23,0.136781
AAPL,14593,QMLE-Trade,2023-5-24,0.157689
AAPL,14593,QMLE-Trade,2023-5-25,0.164179
AAPL,14593,QMLE-Trade,2023-5-26,0.137369
AAPL,14593,QMLE-Trade,2023-5-30,0.164407
AAPL,14593,QMLE-Trade,2023-5-31,0.186888
AAPL,14593,QMLE-Trade,2023-6-1,0.156472
AAPL,14593,QMLE-Trade,2023-6-2,0.148733
AAPL,14593,QMLE-Trade,2023-6-5,0.283415
AAPL,14593,QMLE-Trade,2023-6-6,0.183429
AAPL,14593,QMLE-Trade,2023-6-7,0.183282
AAPL,14593,QMLE-Trade,2023-6-8,0.155042
AAPL,14593,QMLE-Trade,2023-6-9,0.156211
AAPL,14593,QMLE-Trade,2023-6-12,0.128718
AAPL,14593,QMLE-Trade,2023-6-13,0.159607
AAPL,14593,QMLE-Trade,2023-6-14,0.183839
AAPL,14593,QMLE-Trade,2023-6-15,0.145581
AAPL,14593,QMLE-Trade,2023-6-16,0.150211
AAPL,14593,QMLE-Trade,2023-6-22,0.136201
AAPL,14593,QMLE-Trade,2023-6-23,0.138881
AAPL,14593,QMLE-Trade,2023-6-26,0.138113
AAPL,14593,QMLE-Trade,2023-6-27,0.126586
AAPL,14593,QMLE-Trade,2023-6-28,0.142743
AAPL,14593,QMLE-Trade,2023-6-29,0.136424
AAPL,14593,QMLE-Trade,2023-6-30,0.133959
AAPL,14593,QMLE-Trade,2023-7-3,0.109479
AAPL,14593,QMLE-Trade,2023-7-5,0.128683
AAPL,14593,QMLE-Trade,2023-7-6,0.128387
AAPL,14593,QMLE-Trade,2023-7-7,0.13135
AAPL,14593,QMLE-Trade,2023-7-10,0.156635
AAPL,14593,QMLE-Trade,2023-7-11,0.134146
AAPL,14593,QMLE-Trade,2023-7-12,0.157894
AAPL,14593,QMLE-Trade,2023-7-13,0.116263
AAPL,14593,QMLE-Trade,2023-7-14,0.119869
AAPL,14593,QMLE-Trade,2023-7-17,0.127641
AAPL,14593,QMLE-Trade,2023-7-18,0.12197
AAPL,14593,QMLE-Trade,2023-7-19,0.265048
AAPL,14593,QMLE-Trade,2023-7-20,0.180782
AAPL,14593,QMLE-Trade,2023-7-21,0.16631
AAPL,14593,QMLE-Trade,2023-7-24,0.142724
AAPL,14593,QMLE-Trade,2023-7-25,0.109164
AAPL,14593,QMLE-Trade,2023-7-26,0.167042
AAPL,14593,QMLE-Trade,2023-7-27,0.163884
AAPL,14593,QMLE-Trade,2023-7-28,0.134551
AAPL,14593,QMLE-Trade,2023-7-31,0.109025
AAPL,14593,QMLE-Trade,2023-8-1,0.119991
AAPL,14593,QMLE-Trade,2023-8-2,0.138805
AAPL,14593,QMLE-Trade,2023-8-3,0.151551
AAPL,14593,QMLE-Trade,2023-8-4,0.281497
AAPL,14593,QMLE-Trade,2023-8-7,0.225336
AAPL,14593,QMLE-Trade,2023-8-8,0.15494
AAPL,14593,QMLE-Trade,2023-8-9,0.163082
AAPL,14593,QMLE-Trade,2023-8-10,0.18721
AAPL,14593,QMLE-Trade,2023-8-11,0.157003
AAPL,14593,QMLE-Trade,2023-8-14,0.139754
AAPL,14593,QMLE-Trade,2023-8-15,0.128571
AAPL,14593,QMLE-Trade,2023-8-17,0.172702
AAPL,14593,QMLE-Trade,2023-8-18,0.186048
AAPL,14593,QMLE-Trade,2023-8-21,0.136487
AAPL,14593,QMLE-Trade,2023-8-22,0.142414
AAPL,14593,QMLE-Trade,2023-8-23,0.138899
AAPL,14593,QMLE-Trade,2023-8-24,0.158719
AAPL,14593,QMLE-Trade,2023-8-25,0.208722
AAPL,14593,QMLE-Trade,2023-8-28,0.154928
AAPL,14593,QMLE-Trade,2023-8-29,0.14475
AAPL,14593,QMLE-Trade,2023-8-30,0.152837
AAPL,14593,QMLE-Trade,2023-8-31,0.152422
AAPL,14593,QMLE-Trade,2023-9-1,0.140964
AAPL,14593,QMLE-Trade,2023-9-5,0.148822
AAPL,14593,QMLE-Trade,2023-9-6,0.185465
AAPL,14593,QMLE-Trade,2023-9-7,0.26085
AAPL,14593,QMLE-Trade,2023-9-8,0.169316
AAPL,14593,QMLE-Trade,2023-9-11,0.156741
AAPL,14593,QMLE-Trade,2023-9-12,0.245901
AAPL,14593,QMLE-Trade,2023-9-13,0.212986
AAPL,14593,QMLE-Trade,2023-9-14,0.176513
AAPL,14593,QMLE-Trade,2023-9-15,0.181124
AAPL,14593,QMLE-Trade,2023-9-18,0.183097
AAPL,14593,QMLE-Trade,2023-9-19,0.16676
AAPL,14593,QMLE-Trade,2023-9-20,0.2047
AAPL,14593,QMLE-Trade,2023-9-21,0.178387
AAPL,14593,QMLE-Trade,2023-9-22,0.175265
AAPL,14593,QMLE-Trade,2023-9-26,0.16732
AAPL,14593,QMLE-Trade,2023-9-27,0.193234
AAPL,14593,QMLE-Trade,2023-9-28,0.227365
AAPL,14593,QMLE-Trade,2023-9-29,0.191795
AAPL,14593,QMLE-Trade,2023-10-2,0.203303
AAPL,14593,QMLE-Trade,2023-10-3,0.190921
AAPL,14593,QMLE-Trade,2023-10-4,0.195026
AAPL,14593,QMLE-Trade,2023-10-5,0.161853
AAPL,14593,QMLE-Trade,2023-10-6,0.189107
AAPL,14593,QMLE-Trade,2023-10-9,0.145765
AAPL,14593,QMLE-Trade,2023-10-10,0.149009
AAPL,14593,QMLE-Trade,2023-10-11,0.138472
AAPL,14593,QMLE-Trade,2023-10-12,0.157552
AAPL,14593,QMLE-Trade,2023-10-13,0.171479
AAPL,14593,QMLE-Trade,2023-10-16,0.17639
AAPL,14593,QMLE-Trade,2023-10-17,0.189718
AAPL,14593,QMLE-Trade,2023-10-18,0.184235
AAPL,14593,QMLE-Trade,2023-10-19,0.223717
AAPL,14593,QMLE-Trade,2023-10-20,0.188514
AAPL,14593,QMLE-Trade,2023-10-23,0.202702
AAPL,14593,QMLE-Trade,2023-10-24,0.182884
AAPL,14593,QMLE-Trade,2023-10-25,0.198099
AAPL,14593,QMLE-Trade,2023-10-26,0.229349
AAPL,14593,QMLE-Trade,2023-10-27,0.22707
AAPL,14593,QMLE-Trade,2023-10-30,0.194182
AAPL,14593,QMLE-Trade,2023-10-31,0.171601
AAPL,14593,QMLE-Trade,2023-11-1,0.198673
AAPL,14593,QMLE-Trade,2023-11-2,0.171486
AAPL,14593,QMLE-Trade,2023-11-3,0.226008
AAPL,14593,QMLE-Trade,2023-11-6,0.17225
AAPL,14593,QMLE-Trade,2023-11-7,0.1584
AAPL,14593,QMLE-Trade,2023-11-8,0.145728
AAPL,14593,QMLE-Trade,2023-11-9,0.159051
AAPL,14593,QMLE-Trade,2023-11-10,0.129012
AAPL,14593,QMLE-Trade,2023-11-13,0.114808
AAPL,14593,QMLE-Trade,2023-11-14,0.132013
AAPL,14593,QMLE-Trade,2023-11-15,0.129755
AAPL,14593,QMLE-Trade,2023-11-16,0.149044
AAPL,14593,QMLE-Trade,2023-11-17,0.128428
AAPL,14593,QMLE-Trade,2023-11-20,0.122916
AAPL,14593,QMLE-Trade,2023-11-21,0.121118
AAPL,14593,QMLE-Trade,2023-11-22,0.126059
AAPL,14593,QMLE-Trade,2023-11-24,0.0925348
AAPL,14593,QMLE-Trade,2023-11-27,0.121029
AAPL,14593,QMLE-Trade,2023-11-28,0.113649
AAPL,14593,QMLE-Trade,2023-11-29,0.115579
AAPL,14593,QMLE-Trade,2023-11-30,0.124795
AAPL,14593,QMLE-Trade,2023-12-1,0.13612
AAPL,14593,QMLE-Trade,2023-12-4,0.123938
AAPL,14593,QMLE-Trade,2023-12-5,0.179129
AAPL,14593,QMLE-Trade,2023-12-6,0.134914
AAPL,14593,QMLE-Trade,2023-12-7,0.128028
AAPL,14593,QMLE-Trade,2023-12-8,0.138161
AAPL,14593,QMLE-Trade,2023-12-11,0.160747
AAPL,14593,QMLE-Trade,2023-12-12,0.12219
AAPL,14593,QMLE-Trade,2023-12-13,0.14835
AAPL,14593,QMLE-Trade,2023-12-14,0.156209
AAPL,14593,QMLE-Trade,2023-12-18,0.130164
AAPL,14593,QMLE-Trade,2023-12-19,0.108709
AAPL,14593,QMLE-Trade,2023-12-20,0.137615
AAPL,14593,QMLE-Trade,2023-12-21,0.138091
AAPL,14593,QMLE-Trade,2023-12-22,0.10686
AAPL,14593,QMLE-Trade,2023-12-26,0.0820314
AAPL,14593,QMLE-Trade,2023-12-27,0.10601
AAPL,14593,QMLE-Trade,2023-12-28,0.0914512
AAPL,14593,QMLE-Trade,2023-12-29,0.11412
AAPL,14593,QMLE-Trade,2024-1-2,0.181529
AAPL,14593,QMLE-Trade,2024-1-3,0.160317
AAPL,14593,QMLE-Trade,2024-1-4,0.154851
AAPL,14593,QMLE-Trade,2024-1-5,0.182137
AAPL,14593,QMLE-Trade,2024-1-8,0.135998
AAPL,14593,QMLE-Trade,2024-1-9,0.129876
AAPL,14593,QMLE-Trade,2024-1-10,0.12743
AAPL,14593,QMLE-Trade,2024-1-11,0.158547
AAPL,14593,QMLE-Trade,2024-1-12,0.131371
AAPL,14593,QMLE-Trade,2024-1-16,0.171767
AAPL,14593,QMLE-Trade,2024-1-17,0.153948
AAPL,14593,QMLE-Trade,2024-1-18,0.165025
AAPL,14593,QMLE-Trade,2024-1-19,0.145147
AAPL,14593,QMLE-Trade,2024-1-22,0.152313
AAPL,14593,QMLE-Trade,2024-1-23,0.135481
AAPL,14593,QMLE-Trade,2024-1-24,0.137343
AAPL,14593,QMLE-Trade,2024-1-25,0.156076
AAPL,14593,QMLE-Trade,2024-1-26,0.131067
AAPL,14593,QMLE-Trade,2024-1-29,0.136675
AAPL,14593,QMLE-Trade,2024-1-30,0.174966
AAPL,14593,QMLE-Trade,2024-1-31,0.213642
AAPL,14593,QMLE-Trade,2024-2-1,0.194641
AAPL,14593,QMLE-Trade,2024-2-2,0.271217
AAPL,14593,QMLE-Trade,2024-2-5,0.19284
AAPL,14593,QMLE-Trade,2024-2-6,0.143092
AAPL,14593,QMLE-Trade,2024-2-7,0.144913
AAPL,14593,QMLE-Trade,2024-2-8,0.109638
AAPL,14593,QMLE-Trade,2024-2-9,0.11293
AAPL,14593,QMLE-Trade,2024-2-12,0.123631
AAPL,14593,QMLE-Trade,2024-2-13,0.159465
AAPL,14593,QMLE-Trade,2024-2-14,0.149831
AAPL,14593,QMLE-Trade,2024-2-15,0.168074
AAPL,14593,QMLE-Trade,2024-2-16,0.148173
AAPL,14593,QMLE-Trade,2024-2-20,0.146269
AAPL,14593,QMLE-Trade,2024-2-21,0.151303
AAPL,14593,QMLE-Trade,2024-2-22,0.144941
AAPL,14593,QMLE-Trade,2024-2-23,0.121854
AAPL,14593,QMLE-Trade,2024-2-26,0.118218
AAPL,14593,QMLE-Trade,2024-2-27,0.168337
AAPL,14593,QMLE-Trade,2024-2-28,0.141463
AAPL,14593,QMLE-Trade,2024-2-29,0.181785
AAPL,14593,QMLE-Trade,2024-3-1,0.163593
AAPL,14593,QMLE-Trade,2024-3-4,0.205984
AAPL,14593,QMLE-Trade,2024-3-5,0.208308
AAPL,14593,QMLE-Trade,2024-3-6,0.198745
AAPL,14593,QMLE-Trade,2024-3-7,0.163007
AAPL,14593,QMLE-Trade,2024-3-8,0.200798
AAPL,14593,QMLE-Trade,2024-3-11,0.212751
AAPL,14593,QMLE-Trade,2024-3-12,0.175693
AAPL,14593,QMLE-Trade,2024-3-13,0.129059
AAPL,14593,QMLE-Trade,2024-3-15,0.182033
AAPL,14593,QMLE-Trade,2024-3-18,0.189068
AAPL,14593,QMLE-Trade,2024-3-19,0.152312
AAPL,14593,QMLE-Trade,2024-3-20,0.1577
AAPL,14593,QMLE-Trade,2024-3-21,0.224801
AAPL,14593,QMLE-Trade,2024-3-22,0.170362
AAPL,14593,QMLE-Trade,2024-3-25,0.139752
AAPL,14593,QMLE-Trade,2024-3-26,0.147293
AAPL,14593,QMLE-Trade,2024-3-27,0.156879
AAPL,14593,QMLE-Trade,2024-3-28,0.163063
AAPL,14593,QMLE-Trade,2024-4-1,0.113407
AAPL,14593,QMLE-Trade,2024-4-2,0.131033
AAPL,14593,QMLE-Trade,2024-4-3,0.148235
AAPL,14593,QMLE-Trade,2024-4-4,0.152635
AAPL,14593,QMLE-Trade,2024-4-5,0.141679
AAPL,14593,QMLE-Trade,2024-4-9,0.136921
AAPL,14593,QMLE-Trade,2024-4-10,0.166637
AAPL,14593,QMLE-Trade,2024-4-11,0.177684
AAPL,14593,QMLE-Trade,2024-4-12,0.219275
AAPL,14593,QMLE-Trade,2024-4-15,0.217042
AAPL,14593,QMLE-Trade,2024-4-16,0.237925
AAPL,14593,QMLE-Trade,2024-4-17,0.174142
AAPL,14593,QMLE-Trade,2024-4-18,0.159672
AAPL,14593,QMLE-Trade,2024-4-19,0.181205
AAPL,14593,QMLE-Trade,2024-4-22,0.152603
AAPL,14593,QMLE-Trade,2024-4-23,0.143462
AAPL,14593,QMLE-Trade,2024-4-24,0.158488
AAPL,14593,QMLE-Trade,2024-4-25,0.18554
AAPL,14593,QMLE-Trade,2024-4-26,0.138247
AAPL,14593,QMLE-Trade,2024-4-29,0.179984
AAPL,14593,QMLE-Trade,2024-4-30,0.190961
AAPL,14593,QMLE-Trade,2024-5-1,0.233519
AAPL,14593,QMLE-Trade,2024-5-2,0.195596
AAPL,14593,QMLE-Trade,2024-5-3,0.258467
AAPL,14593,QMLE-Trade,2024-5-6,0.189064
AAPL,14593,QMLE-Trade,2024-5-7,0.170086
AAPL,14593,QMLE-Trade,2024-5-8,0.129828
AAPL,14593,QMLE-Trade,2024-5-9,0.119923
AAPL,14593,QMLE-Trade,2024-5-10,0.136175
AAPL,14593,QMLE-Trade,2024-5-13,0.132893
AAPL,14593,QMLE-Trade,2024-5-14,0.133095
AAPL,14593,QMLE-Trade,2024-5-15,0.123912
AAPL,14593,QMLE-Trade,2024-5-16,0.126089
AAPL,14593,QMLE-Trade,2024-5-17,0.113497
AAPL,14593,QMLE-Trade,2024-5-20,0.114977
AAPL,14593,QMLE-Trade,2024-5-21,0.10018
AAPL,14593,QMLE-Trade,2024-5-22,0.125193
AAPL,14593,QMLE-Trade,2024-5-23,0.150693
AAPL,14593,QMLE-Trade,2024-5-24,0.125846
AAPL,14593,QMLE-Trade,2024-5-28,0.152022
AAPL,14593,QMLE-Trade,2024-5-29,0.143145
AAPL,14593,QMLE-Trade,2024-5-30,0.150182
AAPL,14593,QMLE-Trade,2024-5-31,0.179174
AAPL,14593,QMLE-Trade,2024-6-3,0.179005
AAPL,14593,QMLE-Trade,2024-6-4,0.15446
AAPL,14593,QMLE-Trade,2024-6-5,0.138887
AAPL,14593,QMLE-Trade,2024-6-6,0.120183
AAPL,14593,QMLE-Trade,2024-6-7,0.136125
AAPL,14593,QMLE-Trade,2024-6-10,0.319168
AAPL,14593,QMLE-Trade,2024-6-11,0.2886
AAPL,14593,QMLE-Trade,2024-6-12,0.419951
AAPL,14593,QMLE-Trade,2024-6-13,0.269898
AAPL,14593,QMLE-Trade,2024-6-14,0.204293
AAPL,14593,QMLE-Trade,2024-6-17,0.225612
AAPL,14593,QMLE-Trade,2024-6-18,0.20494
AAPL,14593,QMLE-Trade,2024-6-20,0.205247
AAPL,14593,QMLE-Trade,2024-6-21,0.252207
AAPL,14593,QMLE-Trade,2024-6-24,0.229212
AAPL,14593,QMLE-Trade,2024-6-25,0.180472
AAPL,14593,QMLE-Trade,2024-6-26,0.193206
AAPL,14593,QMLE-Trade,2024-6-27,0.176163
AAPL,14593,QMLE-Trade,2024-6-28,0.209156
AAPL,14593,QMLE-Trade,2024-7-1,0.22874
AAPL,14593,QMLE-Trade,2024-7-2,0.192131
AAPL,14593,QMLE-Trade,2024-7-3,0.191849
AAPL,14593,QMLE-Trade,2024-7-5,0.172634
AAPL,14593,QMLE-Trade,2024-7-8,0.187231
AAPL,14593,QMLE-Trade,2024-7-9,0.176679
AAPL,14593,QMLE-Trade,2024-7-10,0.175909
AAPL,14593,QMLE-Trade,2024-7-11,0.250095
AAPL,14593,QMLE-Trade,2024-7-12,0.202263
AAPL,14593,QMLE-Trade,2024-7-15,0.237565
AAPL,14593,QMLE-Trade,2024-7-16,0.185824
AAPL,14593,QMLE-Trade,2024-7-17,0.225143
AAPL,14593,QMLE-Trade,2024-7-18,0.279183
AAPL,14593,QMLE-Trade,2024-7-19,0.226984
AAPL,14593,QMLE-Trade,2024-7-22,0.228341
AAPL,14593,QMLE-Trade,2024-7-23,0.193457
AAPL,14593,QMLE-Trade,2024-7-24,0.22599
AAPL,14593,QMLE-Trade,2024-7-25,0.291916
AAPL,14593,QMLE-Trade,2024-7-26,0.25626
AAPL,14593,QMLE-Trade,2024-7-29,0.231276
AAPL,14593,QMLE-Trade,2024-7-30,0.213564
AAPL,14593,QMLE-Trade,2024-7-31,0.242505
AAPL,14593,QMLE-Trade,2024-8-1,0.271649
AAPL,14593,QMLE-Trade,2024-8-2,0.463453
AAPL,14593,QMLE-Trade,2024-8-5,0.720387
AAPL,14593,QMLE-Trade,2024-8-6,0.367848
AAPL,14593,QMLE-Trade,2024-8-7,0.330731
AAPL,14593,QMLE-Trade,2024-8-8,0.276787
AAPL,14593,QMLE-Trade,2024-8-9,0.235354
AAPL,14593,QMLE-Trade,2024-8-12,0.209173
AAPL,14593,QMLE-Trade,2024-8-13,0.188805
AAPL,14593,QMLE-Trade,2024-8-14,0.183055
AAPL,14593,QMLE-Trade,2024-8-15,0.178424
AAPL,14593,QMLE-Trade,2024-8-16,0.149099
AAPL,14593,QMLE-Trade,2024-8-19,0.138236
AAPL,14593,QMLE-Trade,2024-8-20,0.151828
AAPL,14593,QMLE-Trade,2024-8-21,0.161038
AAPL,14593,QMLE-Trade,2024-8-22,0.198052
AAPL,14593,QMLE-Trade,2024-8-23,0.198664
AAPL,14593,QMLE-Trade,2024-8-26,0.160417
AAPL,14593,QMLE-Trade,2024-8-27,0.157605
AAPL,14593,QMLE-Trade,2024-8-28,0.184171
AAPL,14593,QMLE-Trade,2024-8-29,0.23957
AAPL,14593,QMLE-Trade,2024-8-30,0.196013
AAPL,14593,QMLE-Trade,2024-9-3,0.213055
AAPL,14593,QMLE-Trade,2024-9-4,0.232794
AAPL,14593,QMLE-Trade,2024-9-5,0.209754
AAPL,14593,QMLE-Trade,2024-9-6,0.240496
AAPL,14593,QMLE-Trade,2024-9-9,0.276992
AAPL,14593,QMLE-Trade,2024-9-10,0.230804
AAPL,14593,QMLE-Trade,2024-9-11,0.241933
AAPL,14593,QMLE-Trade,2024-9-12,0.194094
AAPL,14593,QMLE-Trade,2024-9-13,0.179118
AAPL,14593,QMLE-Trade,2024-9-16,0.214555
AAPL,14593,QMLE-Trade,2024-9-17,0.194295
AAPL,14593,QMLE-Trade,2024-9-18,0.312257
AAPL,14593,QMLE-Trade,2024-9-19,0.180615
AAPL,14593,QMLE-Trade,2024-9-20,0.249959
AAPL,14593,QMLE-Trade,2024-9-23,0.190771
AAPL,14593,QMLE-Trade,2024-9-24,0.15069
AAPL,14593,QMLE-Trade,2024-9-25,0.150548
AAPL,14593,QMLE-Trade,2024-9-26,0.156397
AAPL,14593,QMLE-Trade,2024-9-27,0.148729
AAPL,14593,QMLE-Trade,2024-9-30,0.193963
AAPL,14593,QMLE-Trade,2024-10-1,0.208099
AAPL,14593,QMLE-Trade,2024-10-2,0.156173
AAPL,14593,QMLE-Trade,2024-10-3,0.162766
AAPL,14593,QMLE-Trade,2024-10-4,0.157041
AAPL,14593,QMLE-Trade,2024-10-7,0.161392
AAPL,14593,QMLE-Trade,2024-10-8,0.149399
AAPL,14593,QMLE-Trade,2024-10-9,0.135088
AAPL,14593,QMLE-Trade,2024-10-10,0.141782
AAPL,14593,QMLE-Trade,2024-10-14,0.143292
AAPL,14593,QMLE-Trade,2024-10-15,0.204247
AAPL,14593,QMLE-Trade,2024-10-16,0.151502
AAPL,14593,QMLE-Trade,2024-10-17,0.164625
AAPL,14593,QMLE-Trade,2024-10-18,0.165637
AAPL,14593,QMLE-Trade,2024-10-21,0.136811
AAPL,14593,QMLE-Trade,2024-10-22,0.133578
AAPL,14593,QMLE-Trade,2024-10-23,0.243724
AAPL,14593,QMLE-Trade,2024-10-24,0.156131
AAPL,14593,QMLE-Trade,2024-10-25,0.16308
AAPL,14593,QMLE-Trade,2024-10-28,0.155487
AAPL,14593,QMLE-Trade,2024-10-29,0.149749
AAPL,14593,QMLE-Trade,2024-10-30,0.155757
AAPL,14593,QMLE-Trade,2024-10-31,0.1896
AAPL,14593,QMLE-Trade,2024-11-1,0.246595
AAPL,14593,QMLE-Trade,2024-11-4,0.186254
AAPL,14593,QMLE-Trade,2024-11-5,0.145529
AAPL,14593,QMLE-Trade,2024-11-6,0.199032
AAPL,14593,QMLE-Trade,2024-11-7,0.153892
AAPL,14593,QMLE-Trade,2024-11-8,0.125907
AAPL,14593,QMLE-Trade,2024-11-11,0.144057
AAPL,14593,QMLE-Trade,2024-11-12,0.143592
AAPL,14593,QMLE-Trade,2024-11-13,0.152845
AAPL,14593,QMLE-Trade,2024-11-14,0.161865
AAPL,14593,QMLE-Trade,2024-11-15,0.160029
AAPL,14593,QMLE-Trade,2024-11-18,0.148141
AAPL,14593,QMLE-Trade,2024-11-19,0.148549
AAPL,14593,QMLE-Trade,2024-11-20,0.14949
AAPL,14593,QMLE-Trade,2024-11-21,0.184383
AAPL,14593,QMLE-Trade,2024-11-22,0.146678
AAPL,14593,QMLE-Trade,2024-11-25,0.176206
AAPL,14593,QMLE-Trade,2024-11-26,0.160887
AAPL,14593,QMLE-Trade,2024-11-27,0.146457
AAPL,14593,QMLE-Trade,2024-11-29,0.111486
AAPL,14593,QMLE-Trade,2024-12-2,0.142976
AAPL,14593,QMLE-Trade,2024-12-3,0.118779
AAPL,14593,QMLE-Trade,2024-12-4,0.126253
AAPL,14593,QMLE-Trade,2024-12-5,0.124621
AAPL,14593,QMLE-Trade,2024-12-6,0.118464
AAPL,14593,QMLE-Trade,2024-12-9,0.15698
AAPL,14593,QMLE-Trade,2024-12-10,0.136578
AAPL,14593,QMLE-Trade,2024-12-11,0.1388
AAPL,14593,QMLE-Trade,2024-12-12,0.12779
AAPL,14593,QMLE-Trade,2024-12-13,0.129227
AAPL,14593,QMLE-Trade,2024-12-16,0.133188
AAPL,14593,QMLE-Trade,2024-12-17,0.14179
AAPL,14593,QMLE-Trade,2024-12-18,0.210834
AAPL,14593,QMLE-Trade,2024-12-19,0.202352
AAPL,14593,QMLE-Trade,2024-12-20,0.19797
AAPL,14593,QMLE-Trade,2024-12-23,0.153612
AAPL,14593,QMLE-Trade,2024-12-24,0.109847
AAPL,14593,QMLE-Trade,2024-12-26,0.126505
AAPL,14593,QMLE-Trade,2024-12-27,0.158719
AAPL,14593,QMLE-Trade,2024-12-30,0.17378
AAPL,14593,QMLE-Trade,2024-12-31,0.161567
AAPL,14593,QMLE-Trade,2025-1-2,0.227678
AAPL,14593,QMLE-Trade,2025-1-3,0.173477
AAPL,14593,QMLE-Trade,2025-1-6,0.165116
AAPL,14593,QMLE-Trade,2025-1-7,0.175666
AAPL,14593,QMLE-Trade,2025-1-8,0.178973
AAPL,14593,QMLE-Trade,2025-1-10,0.248737
AAPL,14593,QMLE-Trade,2025-1-13,0.212774
AAPL,14593,QMLE-Trade,2025-1-14,0.169919
AAPL,14593,QMLE-Trade,2025-1-15,0.155022
AAPL,14593,QMLE-Trade,2025-1-16,0.204943
AAPL,14593,QMLE-Trade,2025-1-17,0.161727
AAPL,14593,QMLE-Trade,2025-1-21,0.211195
AAPL,14593,QMLE-Trade,2025-1-22,0.190539
AAPL,14593,QMLE-Trade,2025-1-23,0.177224
AAPL,14593,QMLE-Trade,2025-1-24,0.179859
AAPL,14593,QMLE-Trade,2025-1-27,0.29085
AAPL,14593,QMLE-Trade,2025-1-28,0.243052
AAPL,14593,QMLE-Trade,2025-1-29,0.234365
AAPL,14593,QMLE-Trade,2025-1-30,0.208575
AAPL,14593,QMLE-Trade,2025-1-31,0.305946
AAPL,14593,QMLE-Trade,2025-2-3,0.295972
AAPL,14593,QMLE-Trade,2025-2-4,0.204929
AAPL,14593,QMLE-Trade,2025-2-5,0.191231
AAPL,14593,QMLE-Trade,2025-2-6,0.177221
AAPL,14593,QMLE-Trade,2025-2-7,0.242769
AAPL,14593,QMLE-Trade,2025-2-10,0.159709
AAPL,14593,QMLE-Trade,2025-2-11,0.231137
AAPL,14593,QMLE-Trade,2025-2-12,0.237501
AAPL,14593,QMLE-Trade,2025-2-13,0.219815
AAPL,14593,QMLE-Trade,2025-2-14,0.190687
AAPL,14593,QMLE-Trade,2025-2-18,0.208037
AAPL,14593,QMLE-Trade,2025-2-19,0.171208
AAPL,14593,QMLE-Trade,2025-2-20,0.188974
AAPL,14593,QMLE-Trade,2025-2-21,0.208616
AAPL,14593,QMLE-Trade,2025-2-24,0.234947
AAPL,14593,QMLE-Trade,2025-2-25,0.23617
AAPL,14593,QMLE-Trade,2025-2-26,0.243272
AAPL,14593,QMLE-Trade,2025-2-27,0.245948
AAPL,14593,QMLE-Trade,2025-2-28,0.274934
AAPL,14593,QMLE-Trade,2025-3-3,0.288956
AAPL,14593,QMLE-Trade,2025-3-4,0.339713
AAPL,14593,QMLE-Trade,2025-3-5,0.318401
AAPL,14593,QMLE-Trade,2025-3-6,0.30056
AAPL,14593,QMLE-Trade,2025-3-7,0.297335
AAPL,14593,QMLE-Trade,2025-3-10,0.358958
AAPL,14593,QMLE-Trade,2025-3-11,0.38702
AAPL,14593,QMLE-Trade,2025-3-12,0.314311
AAPL,14593,QMLE-Trade,2025-3-13,0.300128
AAPL,14593,QMLE-Trade,2025-3-14,0.278936
AAPL,14593,QMLE-Trade,2025-3-17,0.237839
AAPL,14593,QMLE-Trade,2025-3-18,0.238451
AAPL,14593,QMLE-Trade,2025-3-19,0.238258
AAPL,14593,QMLE-Trade,2025-3-20,0.235054
AAPL,14593,QMLE-Trade,2025-3-21,0.248837
AAPL,14593,QMLE-Trade,2025-3-24,0.211314
AAPL,14593,QMLE-Trade,2025-3-25,0.189382
AAPL,14593,QMLE-Trade,2025-3-26,0.200185
AAPL,14593,QMLE-Trade,2025-3-27,0.190816
AAPL,14593,QMLE-Trade,2025-3-28,0.215954
AAPL,14593,QMLE-Trade,2025-3-31,0.287395
AAPL,14593,QMLE-Trade,2025-4-1,0.22804
AAPL,14593,QMLE-Trade,2025-4-2,0.193587
AAPL,14593,QMLE-Trade,2025-4-3,0.400758
AAPL,14593,QMLE-Trade,2025-4-4,0.619258
AAPL,14593,QMLE-Trade,2025-4-7,1.02208
AAPL,14593,QMLE-Trade,2025-4-8,0.656129
AAPL,14593,QMLE-Trade,2025-4-9,1.01889
AAPL,14593,QMLE-Trade,2025-4-10,0.772474
AAPL,14593,QMLE-Trade,2025-4-11,0.572428
AAPL,14593,QMLE-Trade,2025-4-14,0.457184
AAPL,14593,QMLE-Trade,2025-4-15,0.319756
AAPL,14593,QMLE-Trade,2025-4-16,0.323788
AAPL,14593,QMLE-Trade,2025-4-17,0.335368
AAPL,14593,QMLE-Trade,2025-4-21,0.246791
AAPL,14593,QMLE-Trade,2025-4-22,0.307862
AAPL,14593,QMLE-Trade,2025-4-23,0.416066
AAPL,14593,QMLE-Trade,2025-4-24,0.222554
AAPL,14593,QMLE-Trade,2025-4-25,0.259936
AAPL,14593,QMLE-Trade,2025-4-28,0.229855
AAPL,14593,QMLE-Trade,2025-4-29,0.212973
AAPL,14593,QMLE-Trade,2025-4-30,0.27199
AAPL,14593,QMLE-Trade,2025-5-1,0.266672
AAPL,14593,QMLE-Trade,2025-5-2,0.2935
AAPL,14593,QMLE-Trade,2025-5-5,0.239541
AAPL,14593,QMLE-Trade,2025-5-6,0.241966
AAPL,14593,QMLE-Trade,2025-5-7,0.349727
AAPL,14593,QMLE-Trade,2025-5-8,0.232553
AAPL,14593,QMLE-Trade,2025-5-9,0.208257
AAPL,14593,QMLE-Trade,2025-5-12,0.23876
AAPL,14593,QMLE-Trade,2025-5-13,0.187871
AAPL,14593,QMLE-Trade,2025-5-14,0.210866
AAPL,14593,QMLE-Trade,2025-5-15,0.201859
AAPL,14593,QMLE-Trade,2025-5-16,0.179842
AAPL,14593,QMLE-Trade,2025-5-19,0.215486
AAPL,14593,QMLE-Trade,2025-5-20,0.171239
AAPL,14593,QMLE-Trade,2025-5-21,0.27648
AAPL,14593,QMLE-Trade,2025-5-22,0.214187
AAPL,14593,QMLE-Trade,2025-5-23,0.306183
AAPL,14593,QMLE-Trade,2025-5-27,0.185458
AAPL,14593,QMLE-Trade,2025-5-28,0.166693
AAPL,14593,QMLE-Trade,2025-5-29,0.19787
AAPL,14593,QMLE-Trade,2025-5-30,0.201586
AAPL,14593,QMLE-Trade,2025-6-2,0.17469
AAPL,14593,QMLE-Trade,2025-6-3,0.165386
AAPL,14593,QMLE-Trade,2025-6-4,0.211684
AAPL,14593,QMLE-Trade,2025-6-5,0.220178
AAPL,14593,QMLE-Trade,2025-6-6,0.191873
AAPL,14593,QMLE-Trade,2025-6-9,0.248508
AAPL,14593,QMLE-Trade,2025-6-10,0.222104
AAPL,14593,QMLE-Trade,2025-6-11,0.191747
AAPL,14593,QMLE-Trade,2025-6-12,0.175931
AAPL,14593,QMLE-Trade,2025-6-13,0.216159
AAPL,14593,QMLE-Trade,2025-6-16,0.188414
AAPL,14593,QMLE-Trade,2025-6-17,0.159683
AAPL,14593,QMLE-Trade,2025-6-18,0.191314
AAPL,14593,QMLE-Trade,2025-6-20,0.234899
AAPL,14593,QMLE-Trade,2025-6-23,0.20644
AAPL,14593,QMLE-Trade,2025-6-24,0.191837
AAPL,14593,QMLE-Trade,2025-6-25,0.171471
AAPL,14593,QMLE-Trade,2025-6-26,0.177233
AAPL,14593,QMLE-Trade,2025-6-27,0.191982
AAPL,14593,QMLE-Trade,2025-6-30,0.272987
AAPL,14593,QMLE-Trade,2025-7-1,0.255833
AAPL,14593,QMLE-Trade,2025-7-2,0.241159
AAPL,14593,QMLE-Trade,2025-7-3,0.160605
AAPL,14593,QMLE-Trade,2025-7-7,0.230645
AAPL,14593,QMLE-Trade,2025-7-8,0.186882
AAPL,14593,QMLE-Trade,2025-7-9,0.183116
AAPL,14593,QMLE-Trade,2025-7-10,0.190916
AAPL,14593,QMLE-Trade,2025-7-11,0.144098
AAPL,14593,QMLE-Trade,2025-7-14,0.156555
AAPL,14593,QMLE-Trade,2025-7-15,0.184062
AAPL,14593,QMLE-Trade,2025-7-16,0.210567
AAPL,14593,QMLE-Trade,2025-7-17,0.150403
AAPL,14593,QMLE-Trade,2025-7-18,0.145174
AAPL,14593,QMLE-Trade,2025-7-21,0.193204
AAPL,14593,QMLE-Trade,2025-7-22,0.182819
AAPL,14593,QMLE-Trade,2025-7-23,0.151232
AAPL,14593,QMLE-Trade,2025-7-24,0.162548
AAPL,14593,QMLE-Trade,2025-7-25,0.123775
AAPL,14593,QMLE-Trade,2025-7-28,0.11994
AAPL,14593,QMLE-Trade,2025-7-29,0.173709
AAPL,14593,QMLE-Trade,2025-7-30,0.174725
AAPL,14593,QMLE-Trade,2025-7-31,0.210337
AAPL,14593,QMLE-Trade,2025-8-1,0.357372
AAPL,14593,QMLE-Trade,2025-8-4,0.238321
AAPL,14593,QMLE-Trade,2025-8-5,0.186616
AAPL,14593,QMLE-Trade,2025-8-6,0.257279
AAPL,14593,QMLE-Trade,2025-8-7,0.262246
AAPL,14593,QMLE-Trade,2025-8-8,0.277807
AAPL,14593,QMLE-Trade,2025-8-11,0.224172
AAPL,14593,QMLE-Trade,2025-8-12,0.213941
AAPL,14593,QMLE-Trade,2025-8-13,0.27244
AAPL,14593,QMLE-Trade,2025-8-14,0.197073
AAPL,14593,QMLE-Trade,2025-8-15,0.190529
AAPL,14593,QMLE-Trade,2025-8-18,0.167739
AAPL,14593,QMLE-Trade,2025-8-19,0.163583
AAPL,14593,QMLE-Trade,2025-8-20,0.197694
AAPL,14593,QMLE-Trade,2025-8-21,0.151713
AAPL,14593,QMLE-Trade,2025-8-22,0.220975
AAPL,14593,QMLE-Trade,2025-8-25,0.153589
AAPL,14593,QMLE-Trade,2025-8-26,0.172589
AAPL,14593,QMLE-Trade,2025-8-27,0.144964
AAPL,14593,QMLE-Trade,2025-8-28,0.157983
AAPL,14593,QMLE-Trade,2025-8-29,0.172827
AAPL,14593,QMLE-Trade,2025-9-2,0.234064
AAPL,14593,QMLE-Trade,2025-9-3,0.238186
AAPL,14593,QMLE-Trade,2025-9-4,0.189497
AAPL,14593,QMLE-Trade,2025-9-5,0.207322
AAPL,14593,QMLE-Trade,2025-9-8,0.166219
AAPL,14593,QMLE-Trade,2025-9-9,0.25931
AAPL,14593,QMLE-Trade,2025-9-10,0.235523
AAPL,14593,QMLE-Trade,2025-9-11,0.1731
AAPL,14593,QMLE-Trade,2025-9-12,0.210631
AAPL,14593,QMLE-Trade,2025-9-15,0.187943
AAPL,14593,QMLE-Trade,2025-9-16,0.214137
AAPL,14593,QMLE-Trade,2025-9-17,0.19215
AAPL,14593,QMLE-Trade,2025-9-18,0.179003
AAPL,14593,QMLE-Trade,2025-9-19,0.250019
AAPL,14593,QMLE-Trade,2025-9-22,0.237991
AAPL,14593,QMLE-Trade,2025-9-23,0.198689
AAPL,14593,QMLE-Trade,2025-9-24,0.15568
AAPL,14593,QMLE-Trade,2025-9-25,0.195928
AAPL,14593,QMLE-Trade,2025-9-26,0.176778
AAPL,14593,QMLE-Trade,2025-9-29,0.142436
AAPL,14593,QMLE-Trade,2025-9-30,0.151426
AAPL,14593,QMLE-Trade,2025-10-1,0.175675
AAPL,14593,QMLE-Trade,2025-10-2,0.163413
AAPL,14593,QMLE-Trade,2025-10-3,0.17398
AAPL,14593,QMLE-Trade,2025-10-6,0.17794
AAPL,14593,QMLE-Trade,2025-10-7,0.144922
AAPL,14593,QMLE-Trade,2025-10-8,0.12899
AAPL,14593,QMLE-Trade,2025-10-9,0.146811
AAPL,14593,QMLE-Trade,2025-10-10,0.268239
AAPL,14593,QMLE-Trade,2025-10-13,0.198617
AAPL,14593,QMLE-Trade,2025-10-14,0.192044
AAPL,14593,QMLE-Trade,2025-10-15,0.184031
AAPL,14593,QMLE-Trade,2025-10-16,0.229573
AAPL,14593,QMLE-Trade,2025-10-17,0.209466
AAPL,14593,QMLE-Trade,2025-10-20,0.235333
AAPL,14593,QMLE-Trade,2025-10-21,0.208212
AAPL,14593,QMLE-Trade,2025-10-22,0.229944
AAPL,14593,QMLE-Trade,2025-10-23,0.167535
AAPL,14593,QMLE-Trade,2025-10-24,0.16322
AAPL,14593,QMLE-Trade,2025-10-27,0.159347
AAPL,14593,QMLE-Trade,2025-10-28,0.145306
AAPL,14593,QMLE-Trade,2025-10-29,0.201615
AAPL,14593,QMLE-Trade,2025-10-30,0.192779
AAPL,14593,QMLE-Trade,2025-11-3,0.182897
AAPL,14593,QMLE-Trade,2025-11-4,0.19129
AAPL,14593,QMLE-Trade,2025-11-5,0.181915
AAPL,14593,QMLE-Trade,2025-11-6,0.203153
AAPL,14593,QMLE-Trade,2025-11-7,0.220543
AAPL,14593,QMLE-Trade,2025-11-10,0.212533
AAPL,14593,QMLE-Trade,2025-11-11,0.179638
AAPL,14593,QMLE-Trade,2025-11-12,0.165616
AAPL,14593,QMLE-Trade,2025-11-13,0.199144
AAPL,14593,QMLE-Trade,2025-11-14,0.196113
AAPL,14593,QMLE-Trade,2025-11-17,0.201334
AAPL,14593,QMLE-Trade,2025-11-18,0.245002
AAPL,14593,QMLE-Trade,2025-11-19,0.214899
AAPL,14593,QMLE-Trade,2025-11-20,0.286506
AAPL,14593,QMLE-Trade,2025-11-21,0.253031
AAPL,14593,QMLE-Trade,2025-11-24,0.203736
AAPL,14593,QMLE-Trade,2025-11-25,0.190158
AAPL,14593,QMLE-Trade,2025-11-26,0.148479
AAPL,14593,QMLE-Trade,2025-11-28,0.126213
AAPL,14593,QMLE-Trade,2025-12-1,0.143612
AAPL,14593,QMLE-Trade,2025-12-2,0.172929
AAPL,14593,QMLE-Trade,2025-12-3,0.171036
AAPL,14593,QMLE-Trade,2025-12-4,0.151956
AAPL,14593,QMLE-Trade,2025-12-5,0.132784
AAPL,14593,QMLE-Trade,2025-12-8,0.151261
AAPL,14593,QMLE-Trade,2025-12-9,0.137553
AAPL,14593,QMLE-Trade,2025-12-10,0.162448
AAPL,14593,QMLE-Trade,2025-12-11,0.166445
AAPL,14593,QMLE-Trade,2025-12-12,0.179898
AAPL,14593,QMLE-Trade,2025-12-15,0.193467
AAPL,14593,QMLE-Trade,2025-12-16,0.179866
AAPL,14593,QMLE-Trade,2025-12-17,0.177318
AAPL,14593,QMLE-Trade,2025-12-18,0.226286
AAPL,14593,QMLE-Trade,2025-12-19,0.209898
AAPL,14593,QMLE-Trade,2025-12-22,0.141166
AAPL,14593,QMLE-Trade,2025-12-23,0.130763
AAPL,14593,QMLE-Trade,2025-12-24,0.109169
AAPL,14593,QMLE-Trade,2025-12-26,0.0992269
AAPL,14593,QMLE-Trade,2025-12-29,0.111501
AAPL,14593,QMLE-Trade,2025-12-30,0.0968937
AAPL,14593,QMLE-Trade,2025-12-31,0.102564
AAPL,14593,QMLE-Trade,2026-1-2,0.181884
AAPL,14593,QMLE-Trade,2026-1-5,0.191356
AAPL,14593,QMLE-Trade,2026-1-6,0.1959
AAPL,14593,QMLE-Trade,2026-1-7,0.17639
AAPL,14593,QMLE-Trade,2026-1-8,0.201409
AAPL,14593,QMLE-Trade,2026-1-9,0.181528
AAPL,14593,QMLE-Trade,2026-1-12,0.200529
AAPL,14593,QMLE-Trade,2026-1-13,0.181246
AAPL,14593,QMLE-Trade,2026-1-14,0.194605
AAPL,14593,QMLE-Trade,2026-1-15,0.172617
AAPL,14593,QMLE-Trade,2026-1-16,0.148552
AAPL,14593,QMLE-Trade,2026-1-20,0.237421
AAPL,14593,QMLE-Trade,2026-1-21,0.252163
AAPL,14593,QMLE-Trade,2026-1-22,0.192806
AAPL,14593,QMLE-Trade,2026-1-23,0.17715
AAPL,14593,QMLE-Trade,2026-1-26,0.208762
AAPL,14593,QMLE-Trade,2026-1-27,0.182747
AAPL,14593,QMLE-Trade,2026-1-28,0.180004
AAPL,14593,QMLE-Trade,2026-1-29,0.228593
AAPL,14593,QMLE-Trade,2026-1-30,0.341589
AAPL,14593,QMLE-Trade,2026-2-2,0.284855
AAPL,14593,QMLE-Trade,2026-2-3,0.285442
AAPL,14593,QMLE-Trade,2026-2-4,0.311219
AAPL,14593,QMLE-Trade,2026-2-5,0.321632
AAPL,14593,QMLE-Trade,2026-2-6,0.241276
AAPL,14593,QMLE-Trade,2026-2-9,0.219419
AAPL,14593,QMLE-Trade,2026-2-10,0.181082
AAPL,14593,QMLE-Trade,2026-2-11,0.285736
AAPL,14593,QMLE-Trade,2026-2-12,0.288419
AAPL,14593,QMLE-Trade,2026-2-13,0.27681
AAPL,14593,QMLE-Trade,2026-2-17,0.28241
AAPL,14593,QMLE-Trade,2026-2-18,0.214483
AAPL,14593,QMLE-Trade,2026-2-19,0.18632
AAPL,14593,QMLE-Trade,2026-2-20,0.237448
AAPL,14593,QMLE-Trade,2026-2-23,0.214002
AAPL,14593,QMLE-Trade,2026-2-24,0.225032
AAPL,14593,QMLE-Trade,2026-2-25,0.179272
AAPL,14593,QMLE-Trade,2026-2-26,0.210627
AAPL,14593,QMLE-Trade,2026-2-27,0.252249
AAPL,14593,QMLE-Trade,2026-3-2,0.253959
AAPL,14593,QMLE-Trade,2026-3-3,0.30022
AAPL,14593,QMLE-Trade,2026-3-4,0.240586
AAPL,14593,QMLE-Trade,2026-3-5,0.245034
AAPL,14593,QMLE-Trade,2026-3-6,0.229627
AAPL,14593,QMLE-Trade,2026-3-10,0.227173
AAPL,14593,QMLE-Trade,2026-3-11,0.183028
AAPL,14593,QMLE-Trade,2026-3-12,0.202794
AAPL,14593,QMLE-Trade,2026-3-13,0.201743
AAPL,14593,QMLE-Trade,2026-3-16,0.186242
AAPL,14593,QMLE-Trade,2026-3-17,0.149307
AAPL,14593,QMLE-Trade,2026-3-18,0.177952
AAPL,14593,QMLE-Trade,2026-3-19,0.213923
AAPL,14593,QMLE-Trade,2026-3-20,0.219273
AAPL,14593,QMLE-Trade,2026-3-23,0.237636
AAPL,14593,QMLE-Trade,2026-3-24,0.20805
AAPL,14593,QMLE-Trade,2026-3-25,0.181085
AAPL,14593,QMLE-Trade,2026-3-26,0.2101
AAPL,14593,QMLE-Trade,2026-3-27,0.233593
AAPL,14593,QMLE-Trade,2026-3-30,0.193701
AAPL,14593,QMLE-Trade,2026-3-31,0.24066
AAPL,14593,QMLE-Trade,2026-4-1,0.202986
AAPL,14593,QMLE-Trade,2026-4-2,0.21229
AAPL,14593,QMLE-Trade,2026-4-6,0.182781
AAPL,14593,QMLE-Trade,2026-4-7,0.294726
AAPL,14593,QMLE-Trade,2026-4-8,0.206467
AAPL,14593,QMLE-Trade,2026-4-9,0.157854
AAPL,14593,QMLE-Trade,2026-4-10,0.147465
AAPL,14593,QMLE-Trade,2026-4-15,0.182555
AAPL,14593,QMLE-Trade,2026-4-16,0.172335
AAPL,14593,QMLE-Trade,2026-4-17,0.184474
AAPL,14593,QMLE-Trade,2026-4-20,0.169172
AAPL,14593,QMLE-Trade,2026-4-21,0.201816
AAPL,14593,QMLE-Trade,2026-4-23,0.181678
AAPL,14593,QMLE-Trade,2026-4-24,0.157996
AAPL,14593,QMLE-Trade,2026-4-27,0.165918
AAPL,14593,QMLE-Trade,2026-4-28,0.190968
AAPL,14593,QMLE-Trade,2026-4-29,0.159051
AAPL,14593,QMLE-Trade,2026-4-30,0.221021
AAPL,14593,QMLE-Trade,2026-5-1,0.367374
AAPL,14593,QMLE-Trade,2026-5-4,0.231857
AAPL,14593,QMLE-Trade,2026-5-7,0.225094
AAPL,14593,QMLE-Trade,2026-5-8,0.207442
AAPL,14593,QMLE-Trade,2026-5-11,0.185613
AAPL,14593,QMLE-Trade,2026-5-12,0.189788
AAPL,14593,QMLE-Trade,2026-5-13,0.194751
AAPL,14593,QMLE-Trade,2026-5-14,0.182185
AAPL,14593,QMLE-Trade,2026-5-15,0.193484
AAPL,14593,QMLE-Trade,2026-5-18,0.203745
AAPL,14593,QMLE-Trade,2026-5-19,0.177716
AAPL,14593,QMLE-Trade,2026-5-20,0.187074
AAPL,14593,QMLE-Trade,2026-5-21,0.169189
AAPL,14593,QMLE-Trade,2026-5-22,0.150479
AAPL,14593,QMLE-Trade,2026-5-26,0.173943
AAPL,14593,QMLE-Trade,2026-5-27,0.172962
AAPL,14593,QMLE-Trade,2026-5-28,0.152339
AAPL,14593,QMLE-Trade,2026-5-29,0.173626
AAPL,14593,QMLE-Trade,2026-6-1,0.189561
AAPL,14593,QMLE-Trade,2026-6-2,0.177387
AAPL,14593,QMLE-Trade,2026-6-3,0.190499
AAPL,14593,QMLE-Trade,2026-6-4,0.177715
AAPL,14593,QMLE-Trade,2026-6-5,0.221676
AAPL,14593,QMLE-Trade,2026-6-8,0.39553
AAPL,14593,QMLE-Trade,2026-6-9,0.291955
AAPL,14593,QMLE-Trade,2026-6-10,0.271573
AAPL,14593,QMLE-Trade,2026-6-11,0.246544
AAPL,14593,QMLE-Trade,2026-6-12,0.234907
AAPL,14593,QMLE-Trade,2026-6-15,0.205
AAPL,14593,QMLE-Trade,2026-6-16,0.187037
AAPL,14593,QMLE-Trade,2026-6-17,0.229971
AAPL,14593,QMLE-Trade,2026-6-18,0.224031
AAPL,14593,QMLE-Trade,2026-6-22,0.210026
AAPL,14593,QMLE-Trade,2026-6-23,0.267037
AAPL,14593,QMLE-Trade,2026-6-24,0.219895
AAPL,14593,QMLE-Trade,2026-6-25,0.386248
AAPL,14593,QMLE-Trade,2026-6-26,0.406007
AAPL,14593,QMLE-Trade,2026-6-29,0.293845
AAPL,14593,QMLE-Trade,2026-6-30,0.249458
AAPL,14593,QMLE-Quote,1996-1-2,0.0614111
AAPL,14593,QMLE-Quote,1996-1-3,0.427424
AAPL,14593,QMLE-Quote,1996-1-4,0.244175
AAPL,14593,QMLE-Quote,1996-1-5,0.582935
AAPL,14593,QMLE-Quote,1996-1-8,0.277088
AAPL,14593,QMLE-Quote,1996-1-9,0.418055
AAPL,14593,QMLE-Quote,1996-1-10,0.603384
AAPL,14593,QMLE-Quote,1996-1-11,0.884815
AAPL,14593,QMLE-Quote,1996-1-12,0.44906
AAPL,14593,QMLE-Quote,1996-1-15,0.424944
AAPL,14593,QMLE-Quote,1996-1-16,0.292347
AAPL,14593,QMLE-Quote,1996-1-17,0.135412
AAPL,14593,QMLE-Quote,1996-1-18,0.648734
AAPL,14593,QMLE-Quote,1996-1-19,0.568787
AAPL,14593,QMLE-Quote,1996-1-22,0.367773
AAPL,14593,QMLE-Quote,1996-1-23,0.674474
AAPL,14593,QMLE-Quote,1996-1-24,0.0874895
AAPL,14593,QMLE-Quote,1996-1-25,0.27068
AAPL,14593,QMLE-Quote,1996-1-26,0.74017
AAPL,14593,QMLE-Quote,1996-1-29,0.175134
AAPL,14593,QMLE-Quote,1996-1-30,0.552852
AAPL,14593,QMLE-Quote,1996-1-31,0.12554
AAPL,14593,QMLE-Quote,1996-2-1,0.235137
AAPL,14593,QMLE-Quote,1996-2-2,0.124204
AAPL,14593,QMLE-Quote,1996-2-5,0.177665
AAPL,14593,QMLE-Quote,1996-2-6,0.259817
AAPL,14593,QMLE-Quote,1996-2-7,0.855832
AAPL,14593,QMLE-Quote,1996-2-8,0.208833
AAPL,14593,QMLE-Quote,1996-2-9,0.283456
AAPL,14593,QMLE-Quote,1996-2-12,0.12279
AAPL,14593,QMLE-Quote,1996-2-13,0.50675
AAPL,14593,QMLE-Quote,1996-2-14,0.189061
AAPL,14593,QMLE-Quote,1996-2-15,0.22224
AAPL,14593,QMLE-Quote,1996-2-16,0.304479
AAPL,14593,QMLE-Quote,1996-2-21,0.111366
AAPL,14593,QMLE-Quote,1996-2-22,0.0135831
AAPL,14593,QMLE-Quote,1996-2-23,0.0193127
AAPL,14593,QMLE-Quote,1996-2-26,0.17416
AAPL,14593,QMLE-Quote,1996-2-27,0.369943
AAPL,14593,QMLE-Quote,1996-2-28,0.273752
AAPL,14593,QMLE-Quote,1996-2-29,0.0910953
AAPL,14593,QMLE-Quote,1996-3-1,0.316943
AAPL,14593,QMLE-Quote,1996-3-4,0.34135
AAPL,14593,QMLE-Quote,1996-3-5,0.135451
AAPL,14593,QMLE-Quote,1996-3-6,0.142057
AAPL,14593,QMLE-Quote,1996-3-7,0.43081
AAPL,14593,QMLE-Quote,1996-3-8,0.37659
AAPL,14593,QMLE-Quote,1996-3-11,0.174543
AAPL,14593,QMLE-Quote,1996-3-12,0.274306
AAPL,14593,QMLE-Quote,1996-3-13,0.0749111
AAPL,14593,QMLE-Quote,1996-3-14,0.0348342
AAPL,14593,QMLE-Quote,1996-3-15,0.0868366
AAPL,14593,QMLE-Quote,1996-3-19,0.279586
AAPL,14593,QMLE-Quote,1996-3-20,0.171843
AAPL,14593,QMLE-Quote,1996-3-25,0.430349
AAPL,14593,QMLE-Quote,1996-3-26,0.334929
AAPL,14593,QMLE-Quote,1996-3-27,0.588746
AAPL,14593,QMLE-Quote,1996-3-28,0.596908
AAPL,14593,QMLE-Quote,1996-3-29,0.420039
AAPL,14593,QMLE-Quote,1996-4-1,0.345977
AAPL,14593,QMLE-Quote,1996-4-2,0.179966
AAPL,14593,QMLE-Quote,1996-4-3,0.198899
AAPL,14593,QMLE-Quote,1996-4-4,0.214439
AAPL,14593,QMLE-Quote,1996-4-8,0.351025
AAPL,14593,QMLE-Quote,1996-4-9,0.442655
AAPL,14593,QMLE-Quote,1996-4-10,0.0403852
AAPL,14593,QMLE-Quote,1996-4-11,0.384043
AAPL,14593,QMLE-Quote,1996-4-12,0.122351
AAPL,14593,QMLE-Quote,1996-4-15,0.291725
AAPL,14593,QMLE-Quote,1996-4-16,0.0158895
AAPL,14593,QMLE-Quote,1996-4-17,0.281807
AAPL,14593,QMLE-Quote,1996-4-18,0.621981
AAPL,14593,QMLE-Quote,1996-4-19,0.213782
AAPL,14593,QMLE-Quote,1996-4-22,0.0695304
AAPL,14593,QMLE-Quote,1996-4-23,0.166332
AAPL,14593,QMLE-Quote,1996-4-24,0.158854
AAPL,14593,QMLE-Quote,1996-4-25,0.197594
AAPL,14593,QMLE-Quote,1996-4-26,0.00789037
AAPL,14593,QMLE-Quote,1996-4-29,0.0617831
AAPL,14593,QMLE-Quote,1996-4-30,0.220715
AAPL,14593,QMLE-Quote,1996-5-1,0.402868
AAPL,14593,QMLE-Quote,1996-5-2,0.371718
AAPL,14593,QMLE-Quote,1996-5-3,0.243547
AAPL,14593,QMLE-Quote,1996-5-6,0.361171
AAPL,14593,QMLE-Quote,1996-5-7,0.392143
AAPL,14593,QMLE-Quote,1996-5-8,0.564975
AAPL,14593,QMLE-Quote,1996-5-9,0.3994
AAPL,14593,QMLE-Quote,1996-5-10,0.355759
AAPL,14593,QMLE-Quote,1996-5-13,0.761424
AAPL,14593,QMLE-Quote,1996-5-14,0.0125139
AAPL,14593,QMLE-Quote,1996-5-15,0.359433
AAPL,14593,QMLE-Quote,1996-5-16,0.264459
AAPL,14593,QMLE-Quote,1996-5-17,0.275433
AAPL,14593,QMLE-Quote,1996-5-20,0.00860645
AAPL,14593,QMLE-Quote,1996-5-21,0.22104
AAPL,14593,QMLE-Quote,1996-5-22,0.29213
AAPL,14593,QMLE-Quote,1996-5-23,0.286999
AAPL,14593,QMLE-Quote,1996-5-24,0.32665
AAPL,14593,QMLE-Quote,1996-5-28,0.2463
AAPL,14593,QMLE-Quote,1996-5-29,0.30191
AAPL,14593,QMLE-Quote,1996-5-30,0.281316
AAPL,14593,QMLE-Quote,1996-5-31,0.31491
AAPL,14593,QMLE-Quote,1996-6-3,0.409963
AAPL,14593,QMLE-Quote,1996-6-4,0.366442
AAPL,14593,QMLE-Quote,1996-6-5,0.0948288
AAPL,14593,QMLE-Quote,1996-6-6,0.395035
AAPL,14593,QMLE-Quote,1996-6-7,0.299188
AAPL,14593,QMLE-Quote,1996-6-10,0.282248
AAPL,14593,QMLE-Quote,1996-6-13,0.306267
AAPL,14593,QMLE-Quote,1996-6-14,0.237697
AAPL,14593,QMLE-Quote,1996-6-17,0.141539
AAPL,14593,QMLE-Quote,1996-6-18,0.362633
AAPL,14593,QMLE-Quote,1996-6-19,0.291364
AAPL,14593,QMLE-Quote,1996-6-20,0.283212
AAPL,14593,QMLE-Quote,1996-6-25,0.695843
AAPL,14593,QMLE-Quote,1996-6-26,0.449642
AAPL,14593,QMLE-Quote,1996-6-27,0.440723
AAPL,14593,QMLE-Quote,1996-7-2,0.275134
AAPL,14593,QMLE-Quote,1996-7-3,0.319789
AAPL,14593,QMLE-Quote,1996-7-5,0.07341
AAPL,14593,QMLE-Quote,1996-7-8,0.309668
AAPL,14593,QMLE-Quote,1996-7-9,0.494216
AAPL,14593,QMLE-Quote,1996-7-10,0.21593
AAPL,14593,QMLE-Quote,1996-7-11,0.881642
AAPL,14593,QMLE-Quote,1996-7-12,0.706198
AAPL,14593,QMLE-Quote,1996-7-15,0.464419
AAPL,14593,QMLE-Quote,1996-7-16,0.887246
AAPL,14593,QMLE-Quote,1996-7-17,0.225028
AAPL,14593,QMLE-Quote,1996-7-18,0.394
AAPL,14593,QMLE-Quote,1996-7-19,0.050485
AAPL,14593,QMLE-Quote,1996-7-22,0.312484
AAPL,14593,QMLE-Quote,1996-7-23,0.0787727
AAPL,14593,QMLE-Quote,1996-7-24,0.355755
AAPL,14593,QMLE-Quote,1996-7-25,0.134966
AAPL,14593,QMLE-Quote,1996-7-26,0.267701
AAPL,14593,QMLE-Quote,1996-7-29,0.246969
AAPL,14593,QMLE-Quote,1996-7-30,0.514071
AAPL,14593,QMLE-Quote,1996-7-31,0.254724
AAPL,14593,QMLE-Quote,1996-8-1,0.263339
AAPL,14593,QMLE-Quote,1996-8-2,0.306128
AAPL,14593,QMLE-Quote,1996-8-5,0.308934
AAPL,14593,QMLE-Quote,1996-8-6,0.203964
AAPL,14593,QMLE-Quote,1996-8-7,0.376737
AAPL,14593,QMLE-Quote,1996-8-8,0.228787
AAPL,14593,QMLE-Quote,1996-8-9,0.445029
AAPL,14593,QMLE-Quote,1996-8-12,0.345638
AAPL,14593,QMLE-Quote,1996-8-13,0.325358
AAPL,14593,QMLE-Quote,1996-8-14,0.0206092
AAPL,14593,QMLE-Quote,1996-8-15,0.161675
AAPL,14593,QMLE-Quote,1996-8-16,0.21818
AAPL,14593,QMLE-Quote,1996-8-19,0.333127
AAPL,14593,QMLE-Quote,1996-8-20,0.0945302
AAPL,14593,QMLE-Quote,1996-8-21,0.306334
AAPL,14593,QMLE-Quote,1996-8-23,0.387061
AAPL,14593,QMLE-Quote,1996-8-26,0.163283
AAPL,14593,QMLE-Quote,1996-8-27,0.333552
AAPL,14593,QMLE-Quote,1996-8-28,0.0328224
AAPL,14593,QMLE-Quote,1996-8-29,0.130075
AAPL,14593,QMLE-Quote,1996-8-30,0.133057
AAPL,14593,QMLE-Quote,1996-9-3,0.323251
AAPL,14593,QMLE-Quote,1996-9-4,0.276844
AAPL,14593,QMLE-Quote,1996-9-5,0.18827
AAPL,14593,QMLE-Quote,1996-9-6,0.406836
AAPL,14593,QMLE-Quote,1996-9-9,0.257359
AAPL,14593,QMLE-Quote,1996-9-10,0.24581
AAPL,14593,QMLE-Quote,1996-9-11,0.327597
AAPL,14593,QMLE-Quote,1996-9-12,0.387064
AAPL,14593,QMLE-Quote,1996-9-13,0.361408
AAPL,14593,QMLE-Quote,1996-9-16,0.571351
AAPL,14593,QMLE-Quote,1996-9-17,0.27003
AAPL,14593,QMLE-Quote,1996-9-18,0.419774
AAPL,14593,QMLE-Quote,1996-9-19,0.00184001
AAPL,14593,QMLE-Quote,1996-9-20,0.462005
AAPL,14593,QMLE-Quote,1996-9-24,0.233666
AAPL,14593,QMLE-Quote,1996-9-25,0.248346
AAPL,14593,QMLE-Quote,1996-10-1,0.709991
AAPL,14593,QMLE-Quote,1996-10-2,0.11302
AAPL,14593,QMLE-Quote,1996-10-3,0.442751
AAPL,14593,QMLE-Quote,1996-10-4,0.473819
AAPL,14593,QMLE-Quote,1996-10-7,0.124662
AAPL,14593,QMLE-Quote,1996-10-8,0.362005
AAPL,14593,QMLE-Quote,1996-10-9,0.361795
AAPL,14593,QMLE-Quote,1996-10-10,0.264515
AAPL,14593,QMLE-Quote,1996-10-11,0.141861
AAPL,14593,QMLE-Quote,1996-10-14,0.27492
AAPL,14593,QMLE-Quote,1996-10-15,0.345937
AAPL,14593,QMLE-Quote,1996-10-16,0.45908
AAPL,14593,QMLE-Quote,1996-10-17,0.529853
AAPL,14593,QMLE-Quote,1996-10-18,0.181696
AAPL,14593,QMLE-Quote,1996-10-21,0.351059
AAPL,14593,QMLE-Quote,1996-10-22,0.491879
AAPL,14593,QMLE-Quote,1996-10-23,0.225987
AAPL,14593,QMLE-Quote,1996-10-24,0.321203
AAPL,14593,QMLE-Quote,1996-10-28,0.197769
AAPL,14593,QMLE-Quote,1996-10-29,0.402912
AAPL,14593,QMLE-Quote,1996-10-30,0.412372
AAPL,14593,QMLE-Quote,1996-10-31,0.453383
AAPL,14593,QMLE-Quote,1996-11-1,0.454493
AAPL,14593,QMLE-Quote,1996-11-4,0.286189
AAPL,14593,QMLE-Quote,1996-11-5,0.517991
AAPL,14593,QMLE-Quote,1996-11-6,0.335335
AAPL,14593,QMLE-Quote,1996-11-7,0.165124
AAPL,14593,QMLE-Quote,1996-11-8,0.0871995
AAPL,14593,QMLE-Quote,1996-11-11,0.140517
AAPL,14593,QMLE-Quote,1996-11-12,0.248851
AAPL,14593,QMLE-Quote,1996-11-13,0.289177
AAPL,14593,QMLE-Quote,1996-11-15,0.402043
AAPL,14593,QMLE-Quote,1996-11-18,0.188972
AAPL,14593,QMLE-Quote,1996-11-19,0.000563537
AAPL,14593,QMLE-Quote,1996-11-20,0.105473
AAPL,14593,QMLE-Quote,1996-11-21,0.170238
AAPL,14593,QMLE-Quote,1996-11-22,0.187773
AAPL,14593,QMLE-Quote,1996-11-25,0.102845
AAPL,14593,QMLE-Quote,1996-11-26,0.3473
AAPL,14593,QMLE-Quote,1996-11-27,0.0837327
AAPL,14593,QMLE-Quote,1996-12-2,0.363312
AAPL,14593,QMLE-Quote,1996-12-3,0.156837
AAPL,14593,QMLE-Quote,1996-12-4,0.087535
AAPL,14593,QMLE-Quote,1996-12-5,0.0121447
AAPL,14593,QMLE-Quote,1996-12-6,0.455025
AAPL,14593,QMLE-Quote,1996-12-10,0.289162
AAPL,14593,QMLE-Quote,1996-12-11,0.00611541
AAPL,14593,QMLE-Quote,1996-12-12,0.014965
AAPL,14593,QMLE-Quote,1996-12-13,0.143325
AAPL,14593,QMLE-Quote,1996-12-16,0.280782
AAPL,14593,QMLE-Quote,1996-12-17,0.0347096
AAPL,14593,QMLE-Quote,1996-12-18,0.195693
AAPL,14593,QMLE-Quote,1996-12-19,0.315612
AAPL,14593,QMLE-Quote,1996-12-20,0.977941
AAPL,14593,QMLE-Quote,1996-12-23,0.301557
AAPL,14593,QMLE-Quote,1996-12-27,0.20628
AAPL,14593,QMLE-Quote,1996-12-30,0.559391
AAPL,14593,QMLE-Quote,1996-12-31,0.490013
AAPL,14593,QMLE-Quote,1997-1-2,0.0250703
AAPL,14593,QMLE-Quote,1997-1-3,0.361193
AAPL,14593,QMLE-Quote,1997-1-6,0.468349
AAPL,14593,QMLE-Quote,1997-1-7,0.206949
AAPL,14593,QMLE-Quote,1997-1-8,0.437171
AAPL,14593,QMLE-Quote,1997-1-14,0.27163
AAPL,14593,QMLE-Quote,1997-1-15,0.265088
AAPL,14593,QMLE-Quote,1997-1-20,0.215176
AAPL,14593,QMLE-Quote,1997-1-21,0.150449
AAPL,14593,QMLE-Quote,1997-1-22,0.104985
AAPL,14593,QMLE-Quote,1997-1-24,0.128944
AAPL,14593,QMLE-Quote,1997-1-27,0.32556
AAPL,14593,QMLE-Quote,1997-1-29,0.012517
AAPL,14593,QMLE-Quote,1997-2-3,0.301236
AAPL,14593,QMLE-Quote,1997-2-4,0.729482
AAPL,14593,QMLE-Quote,1997-2-6,0.367987
AAPL,14593,QMLE-Quote,1997-2-7,0.54494
AAPL,14593,QMLE-Quote,1997-2-10,0.240675
AAPL,14593,QMLE-Quote,1997-2-12,0.13733
AAPL,14593,QMLE-Quote,1997-2-13,0.36663
AAPL,14593,QMLE-Quote,1997-2-14,0.102991
AAPL,14593,QMLE-Quote,1997-2-18,0.622851
AAPL,14593,QMLE-Quote,1997-2-19,0.271922
AAPL,14593,QMLE-Quote,1997-2-20,0.352689
AAPL,14593,QMLE-Quote,1997-2-21,0.587576
AAPL,14593,QMLE-Quote,1997-2-24,0.342991
AAPL,14593,QMLE-Quote,1997-2-25,0.391471
AAPL,14593,QMLE-Quote,1997-2-26,0.0150891
AAPL,14593,QMLE-Quote,1997-2-27,0.0974651
AAPL,14593,QMLE-Quote,1997-2-28,0.300963
AAPL,14593,QMLE-Quote,1997-3-3,0.272783
AAPL,14593,QMLE-Quote,1997-3-4,0.0646525
AAPL,14593,QMLE-Quote,1997-3-5,0.286909
AAPL,14593,QMLE-Quote,1997-3-6,0.256943
AAPL,14593,QMLE-Quote,1997-3-11,0.359796
AAPL,14593,QMLE-Quote,1997-3-12,0.124793
AAPL,14593,QMLE-Quote,1997-3-13,0.00936662
AAPL,14593,QMLE-Quote,1997-3-14,0.17111
AAPL,14593,QMLE-Quote,1997-3-18,0.155259
AAPL,14593,QMLE-Quote,1997-3-19,0.344748
AAPL,14593,QMLE-Quote,1997-3-20,0.694704
AAPL,14593,QMLE-Quote,1997-3-21,0.561912
AAPL,14593,QMLE-Quote,1997-3-24,0.0835961
AAPL,14593,QMLE-Quote,1997-3-25,0.18464
AAPL,14593,QMLE-Quote,1997-3-26,0.23375
AAPL,14593,QMLE-Quote,1997-3-27,0.950581
AAPL,14593,QMLE-Quote,1997-3-31,1.12217
AAPL,14593,QMLE-Quote,1997-4-1,0.00566492
AAPL,14593,QMLE-Quote,1997-4-2,0.18257
AAPL,14593,QMLE-Quote,1997-4-3,0.22226
AAPL,14593,QMLE-Quote,1997-4-4,0.426228
AAPL,14593,QMLE-Quote,1997-4-7,0.135741
AAPL,14593,QMLE-Quote,1997-4-8,0.451399
AAPL,14593,QMLE-Quote,1997-4-9,0.140535
AAPL,14593,QMLE-Quote,1997-4-10,0.390062
AAPL,14593,QMLE-Quote,1997-4-11,0.26492
AAPL,14593,QMLE-Quote,1997-4-14,0.361875
AAPL,14593,QMLE-Quote,1997-4-15,0.402494
AAPL,14593,QMLE-Quote,1997-4-16,0.203818
AAPL,14593,QMLE-Quote,1997-4-17,0.530857
AAPL,14593,QMLE-Quote,1997-4-18,0.25684
AAPL,14593,QMLE-Quote,1997-4-21,0.342823
AAPL,14593,QMLE-Quote,1997-4-22,0.46095
AAPL,14593,QMLE-Quote,1997-4-23,0.135098
AAPL,14593,QMLE-Quote,1997-4-24,0.282922
AAPL,14593,QMLE-Quote,1997-4-25,0.105125
AAPL,14593,QMLE-Quote,1997-4-28,0.111153
AAPL,14593,QMLE-Quote,1997-4-29,0.143191
AAPL,14593,QMLE-Quote,1997-4-30,0.119202
AAPL,14593,QMLE-Quote,1997-5-1,0.0361767
AAPL,14593,QMLE-Quote,1997-5-2,0.124158
AAPL,14593,QMLE-Quote,1997-5-5,0.0515088
AAPL,14593,QMLE-Quote,1997-5-7,0.264967
AAPL,14593,QMLE-Quote,1997-5-8,0.32729
AAPL,14593,QMLE-Quote,1997-5-9,0.213855
AAPL,14593,QMLE-Quote,1997-5-12,0.224195
AAPL,14593,QMLE-Quote,1997-5-13,0.5963
AAPL,14593,QMLE-Quote,1997-5-14,0.0939867
AAPL,14593,QMLE-Quote,1997-5-15,0.0661093
AAPL,14593,QMLE-Quote,1997-5-16,0.129858
AAPL,14593,QMLE-Quote,1997-5-19,0.326521
AAPL,14593,QMLE-Quote,1997-5-20,0.248345
AAPL,14593,QMLE-Quote,1997-5-21,0.309022
AAPL,14593,QMLE-Quote,1997-5-23,0.0163249
AAPL,14593,QMLE-Quote,1997-5-27,0.244639
AAPL,14593,QMLE-Quote,1997-5-29,0.174848
AAPL,14593,QMLE-Quote,1997-6-2,0.129495
AAPL,14593,QMLE-Quote,1997-6-3,0.165075
AAPL,14593,QMLE-Quote,1997-6-4,0.084354
AAPL,14593,QMLE-Quote,1997-6-5,0.311429
AAPL,14593,QMLE-Quote,1997-6-6,0.00288437
AAPL,14593,QMLE-Quote,1997-6-9,0.12954
AAPL,14593,QMLE-Quote,1997-6-10,0.380844
AAPL,14593,QMLE-Quote,1997-6-11,0.0574251
AAPL,14593,QMLE-Quote,1997-6-12,0.118837
AAPL,14593,QMLE-Quote,1997-6-13,0.132319
AAPL,14593,QMLE-Quote,1997-6-16,0.279789
AAPL,14593,QMLE-Quote,1997-6-17,0.422738
AAPL,14593,QMLE-Quote,1997-6-18,0.29526
AAPL,14593,QMLE-Quote,1997-6-19,0.109193
AAPL,14593,QMLE-Quote,1997-6-20,0.0931036
AAPL,14593,QMLE-Quote,1997-6-23,0.134766
AAPL,14593,QMLE-Quote,1997-6-24,0.118021
AAPL,14593,QMLE-Quote,1997-6-25,0.212756
AAPL,14593,QMLE-Quote,1997-6-26,0.296516
AAPL,14593,QMLE-Quote,1997-6-27,0.105901
AAPL,14593,QMLE-Quote,1997-6-30,0.337589
AAPL,14593,QMLE-Quote,1997-7-1,0.537692
AAPL,14593,QMLE-Quote,1997-7-2,0.144526
AAPL,14593,QMLE-Quote,1997-7-3,0.648717
AAPL,14593,QMLE-Quote,1997-7-7,0.294087
AAPL,14593,QMLE-Quote,1997-7-8,0.230953
AAPL,14593,QMLE-Quote,1997-7-9,0.226377
AAPL,14593,QMLE-Quote,1997-7-10,0.546143
AAPL,14593,QMLE-Quote,1997-7-11,0.883911
AAPL,14593,QMLE-Quote,1997-7-14,0.398445
AAPL,14593,QMLE-Quote,1997-7-15,0.166824
AAPL,14593,QMLE-Quote,1997-7-16,0.371959
AAPL,14593,QMLE-Quote,1997-7-17,0.567345
AAPL,14593,QMLE-Quote,1997-7-18,0.227252
AAPL,14593,QMLE-Quote,1997-7-21,0.674665
AAPL,14593,QMLE-Quote,1997-7-22,0.392273
AAPL,14593,QMLE-Quote,1997-7-23,0.365936
AAPL,14593,QMLE-Quote,1997-7-24,0.274584
AAPL,14593,QMLE-Quote,1997-7-25,0.54926
AAPL,14593,QMLE-Quote,1997-7-28,0.16938
AAPL,14593,QMLE-Quote,1997-7-29,0.0526902
AAPL,14593,QMLE-Quote,1997-7-30,0.466791
AAPL,14593,QMLE-Quote,1997-7-31,0.338315
AAPL,14593,QMLE-Quote,1997-8-1,0.519454
AAPL,14593,QMLE-Quote,1997-8-4,0.36608
AAPL,14593,QMLE-Quote,1997-8-5,0.277586
AAPL,14593,QMLE-Quote,1997-8-6,0.809632
AAPL,14593,QMLE-Quote,1997-8-7,0.465144
AAPL,14593,QMLE-Quote,1997-8-8,0.659782
AAPL,14593,QMLE-Quote,1997-8-11,0.810532
AAPL,14593,QMLE-Quote,1997-8-12,0.559875
AAPL,14593,QMLE-Quote,1997-8-13,1.09195
AAPL,14593,QMLE-Quote,1997-8-14,0.53859
AAPL,14593,QMLE-Quote,1997-8-15,0.304445
AAPL,14593,QMLE-Quote,1997-8-18,0.373397
AAPL,14593,QMLE-Quote,1997-8-19,0.371569
AAPL,14593,QMLE-Quote,1997-8-20,0.343325
AAPL,14593,QMLE-Quote,1997-8-21,0.417764
AAPL,14593,QMLE-Quote,1997-8-22,0.390333
AAPL,14593,QMLE-Quote,1997-8-25,0.290316
AAPL,14593,QMLE-Quote,1997-8-26,0.341733
AAPL,14593,QMLE-Quote,1997-8-27,0.395999
AAPL,14593,QMLE-Quote,1997-8-28,0.393539
AAPL,14593,QMLE-Quote,1997-8-29,0.217619
AAPL,14593,QMLE-Quote,1997-9-2,0.278672
AAPL,14593,QMLE-Quote,1997-9-3,0.442283
AAPL,14593,QMLE-Quote,1997-9-4,0.338661
AAPL,14593,QMLE-Quote,1997-9-5,0.367973
AAPL,14593,QMLE-Quote,1997-9-8,0.241015
AAPL,14593,QMLE-Quote,1997-9-9,0.190193
AAPL,14593,QMLE-Quote,1997-9-10,0.461588
AAPL,14593,QMLE-Quote,1997-9-11,0.424468
AAPL,14593,QMLE-Quote,1997-9-12,0.458708
AAPL,14593,QMLE-Quote,1997-9-15,0.338916
AAPL,14593,QMLE-Quote,1997-9-16,0.0857809
AAPL,14593,QMLE-Quote,1997-9-17,0.169485
AAPL,14593,QMLE-Quote,1997-9-18,0.316531
AAPL,14593,QMLE-Quote,1997-9-19,0.254281
AAPL,14593,QMLE-Quote,1997-9-22,0.376454
AAPL,14593,QMLE-Quote,1997-9-23,0.36228
AAPL,14593,QMLE-Quote,1997-9-24,0.168297
AAPL,14593,QMLE-Quote,1997-9-25,0.352957
AAPL,14593,QMLE-Quote,1997-9-26,0.362183
AAPL,14593,QMLE-Quote,1997-9-29,0.291993
AAPL,14593,QMLE-Quote,1997-9-30,0.194589
AAPL,14593,QMLE-Quote,1997-10-1,0.00839407
AAPL,14593,QMLE-Quote,1997-10-2,0.334404
AAPL,14593,QMLE-Quote,1997-10-3,0.302057
AAPL,14593,QMLE-Quote,1997-10-6,0.222577
AAPL,14593,QMLE-Quote,1997-10-7,0.00404743
AAPL,14593,QMLE-Quote,1997-10-8,0.147349
AAPL,14593,QMLE-Quote,1997-10-9,0.675512
AAPL,14593,QMLE-Quote,1997-10-10,0.531197
AAPL,14593,QMLE-Quote,1997-10-13,0.309764
AAPL,14593,QMLE-Quote,1997-10-14,0.281369
AAPL,14593,QMLE-Quote,1997-10-15,0.804043
AAPL,14593,QMLE-Quote,1997-10-16,0.592122
AAPL,14593,QMLE-Quote,1997-10-17,0.452504
AAPL,14593,QMLE-Quote,1997-10-20,0.585348
AAPL,14593,QMLE-Quote,1997-10-21,0.32779
AAPL,14593,QMLE-Quote,1997-10-22,0.276086
AAPL,14593,QMLE-Quote,1997-10-23,0.395764
AAPL,14593,QMLE-Quote,1997-10-24,0.864201
AAPL,14593,QMLE-Quote,1997-10-27,0.93928
AAPL,14593,QMLE-Quote,1997-10-28,0.885363
AAPL,14593,QMLE-Quote,1997-10-29,0.708112
AAPL,14593,QMLE-Quote,1997-10-30,0.291076
AAPL,14593,QMLE-Quote,1997-10-31,0.325271
AAPL,14593,QMLE-Quote,1997-11-3,0.44844
AAPL,14593,QMLE-Quote,1997-11-4,0.292223
AAPL,14593,QMLE-Quote,1997-11-5,0.28448
AAPL,14593,QMLE-Quote,1997-11-6,0.519917
AAPL,14593,QMLE-Quote,1997-11-7,0.555655
AAPL,14593,QMLE-Quote,1997-11-10,1.27373
AAPL,14593,QMLE-Quote,1997-11-11,0.503449
AAPL,14593,QMLE-Quote,1997-11-12,0.623364
AAPL,14593,QMLE-Quote,1997-11-13,0.395867
AAPL,14593,QMLE-Quote,1997-11-14,0.227554
AAPL,14593,QMLE-Quote,1997-11-17,0.171331
AAPL,14593,QMLE-Quote,1997-11-18,0.175228
AAPL,14593,QMLE-Quote,1997-11-19,0.160498
AAPL,14593,QMLE-Quote,1997-11-20,0.146632
AAPL,14593,QMLE-Quote,1997-11-21,0.392166
AAPL,14593,QMLE-Quote,1997-11-24,0.319151
AAPL,14593,QMLE-Quote,1997-11-25,0.609455
AAPL,14593,QMLE-Quote,1997-11-26,0.188066
AAPL,14593,QMLE-Quote,1997-11-28,0.034458
AAPL,14593,QMLE-Quote,1997-12-1,0.466996
AAPL,14593,QMLE-Quote,1997-12-2,0.756531
AAPL,14593,QMLE-Quote,1997-12-3,0.355149
AAPL,14593,QMLE-Quote,1997-12-4,0.199962
AAPL,14593,QMLE-Quote,1997-12-5,0.277498
AAPL,14593,QMLE-Quote,1997-12-8,0.184818
AAPL,14593,QMLE-Quote,1997-12-9,0.425095
AAPL,14593,QMLE-Quote,1997-12-10,0.387407
AAPL,14593,QMLE-Quote,1997-12-11,0.515447
AAPL,14593,QMLE-Quote,1997-12-12,0.400968
AAPL,14593,QMLE-Quote,1997-12-15,0.571761
AAPL,14593,QMLE-Quote,1997-12-16,0.353465
AAPL,14593,QMLE-Quote,1997-12-17,0.386951
AAPL,14593,QMLE-Quote,1997-12-18,0.103963
AAPL,14593,QMLE-Quote,1997-12-19,0.496517
AAPL,14593,QMLE-Quote,1997-12-22,0.451465
AAPL,14593,QMLE-Quote,1997-12-23,0.376487
AAPL,14593,QMLE-Quote,1997-12-24,0.251215
AAPL,14593,QMLE-Quote,1997-12-26,0.274415
AAPL,14593,QMLE-Quote,1997-12-29,0.318736
AAPL,14593,QMLE-Quote,1997-12-30,0.543001
AAPL,14593,QMLE-Quote,1997-12-31,0.587908
AAPL,14593,QMLE-Quote,1998-1-2,1.00533
AAPL,14593,QMLE-Quote,1998-1-5,0.718158
AAPL,14593,QMLE-Quote,1998-1-6,3
AAPL,14593,QMLE-Quote,1998-1-7,0.733927
AAPL,14593,QMLE-Quote,1998-1-8,0.704215
AAPL,14593,QMLE-Quote,1998-1-9,0.956218
AAPL,14593,QMLE-Quote,1998-1-12,0.873346
AAPL,14593,QMLE-Quote,1998-1-13,0.387534
AAPL,14593,QMLE-Quote,1998-1-14,0.476076
AAPL,14593,QMLE-Quote,1998-1-15,0.698433
AAPL,14593,QMLE-Quote,1998-1-16,0.285905
AAPL,14593,QMLE-Quote,1998-1-20,0.389924
AAPL,14593,QMLE-Quote,1998-1-21,0.335084
AAPL,14593,QMLE-Quote,1998-1-22,0.399448
AAPL,14593,QMLE-Quote,1998-1-23,0.280657
AAPL,14593,QMLE-Quote,1998-1-26,0.371367
AAPL,14593,QMLE-Quote,1998-1-27,0.381542
AAPL,14593,QMLE-Quote,1998-1-28,0.311936
AAPL,14593,QMLE-Quote,1998-1-29,0.223798
AAPL,14593,QMLE-Quote,1998-1-30,0.443689
AAPL,14593,QMLE-Quote,1998-2-2,0.453965
AAPL,14593,QMLE-Quote,1998-2-3,0.481795
AAPL,14593,QMLE-Quote,1998-2-4,0.212959
AAPL,14593,QMLE-Quote,1998-2-5,0.224801
AAPL,14593,QMLE-Quote,1998-2-6,0.234608
AAPL,14593,QMLE-Quote,1998-2-9,0.406887
AAPL,14593,QMLE-Quote,1998-2-10,0.219815
AAPL,14593,QMLE-Quote,1998-2-11,0.360911
AAPL,14593,QMLE-Quote,1998-2-12,0.157512
AAPL,14593,QMLE-Quote,1998-2-13,0.297206
AAPL,14593,QMLE-Quote,1998-2-17,0.0463617
AAPL,14593,QMLE-Quote,1998-2-18,0.565861
AAPL,14593,QMLE-Quote,1998-2-19,0.607351
AAPL,14593,QMLE-Quote,1998-2-20,0.293343
AAPL,14593,QMLE-Quote,1998-2-23,0.499309
AAPL,14593,QMLE-Quote,1998-2-24,0.537728
AAPL,14593,QMLE-Quote,1998-2-25,0.583614
AAPL,14593,QMLE-Quote,1998-2-26,0.616356
AAPL,14593,QMLE-Quote,1998-2-27,0.466977
AAPL,14593,QMLE-Quote,1998-3-2,0.550269
AAPL,14593,QMLE-Quote,1998-3-3,0.494356
AAPL,14593,QMLE-Quote,1998-3-4,0.664327
AAPL,14593,QMLE-Quote,1998-3-5,0.596416
AAPL,14593,QMLE-Quote,1998-3-6,0.394582
AAPL,14593,QMLE-Quote,1998-3-9,0.481844
AAPL,14593,QMLE-Quote,1998-3-10,0.545422
AAPL,14593,QMLE-Quote,1998-3-11,0.629832
AAPL,14593,QMLE-Quote,1998-3-12,0.559232
AAPL,14593,QMLE-Quote,1998-3-13,0.417594
AAPL,14593,QMLE-Quote,1998-3-16,0.40536
AAPL,14593,QMLE-Quote,1998-3-17,0.330855
AAPL,14593,QMLE-Quote,1998-3-18,0.275754
AAPL,14593,QMLE-Quote,1998-3-19,0.144016
AAPL,14593,QMLE-Quote,1998-3-20,0.443003
AAPL,14593,QMLE-Quote,1998-3-23,0.661566
AAPL,14593,QMLE-Quote,1998-3-24,0.408202
AAPL,14593,QMLE-Quote,1998-3-25,0.520632
AAPL,14593,QMLE-Quote,1998-3-26,0.259499
AAPL,14593,QMLE-Quote,1998-3-27,0.328651
AAPL,14593,QMLE-Quote,1998-3-30,0.291057
AAPL,14593,QMLE-Quote,1998-3-31,0.243371
AAPL,14593,QMLE-Quote,1998-4-1,0.141489
AAPL,14593,QMLE-Quote,1998-4-2,0.226808
AAPL,14593,QMLE-Quote,1998-4-3,0.159569
AAPL,14593,QMLE-Quote,1998-4-6,0.215202
AAPL,14593,QMLE-Quote,1998-4-7,0.444267
AAPL,14593,QMLE-Quote,1998-4-8,0.243242
AAPL,14593,QMLE-Quote,1998-4-9,0.361518
AAPL,14593,QMLE-Quote,1998-4-13,0.505167
AAPL,14593,QMLE-Quote,1998-4-14,0.433926
AAPL,14593,QMLE-Quote,1998-4-15,0.275541
AAPL,14593,QMLE-Quote,1998-4-16,0.475307
AAPL,14593,QMLE-Quote,1998-4-17,0.27735
AAPL,14593,QMLE-Quote,1998-4-20,0.372466
AAPL,14593,QMLE-Quote,1998-4-21,0.319712
AAPL,14593,QMLE-Quote,1998-4-22,0.420994
AAPL,14593,QMLE-Quote,1998-4-23,0.438762
AAPL,14593,QMLE-Quote,1998-4-24,0.445485
AAPL,14593,QMLE-Quote,1998-4-27,0.296515
AAPL,14593,QMLE-Quote,1998-4-28,0.551086
AAPL,14593,QMLE-Quote,1998-4-29,0.332637
AAPL,14593,QMLE-Quote,1998-4-30,0.216083
AAPL,14593,QMLE-Quote,1998-5-1,0.347122
AAPL,14593,QMLE-Quote,1998-5-4,0.321289
AAPL,14593,QMLE-Quote,1998-5-5,0.215934
AAPL,14593,QMLE-Quote,1998-5-6,0.457888
AAPL,14593,QMLE-Quote,1998-5-7,0.223487
AAPL,14593,QMLE-Quote,1998-5-8,0.233533
AAPL,14593,QMLE-Quote,1998-5-11,0.271654
AAPL,14593,QMLE-Quote,1998-5-12,0.298503
AAPL,14593,QMLE-Quote,1998-5-13,0.366364
AAPL,14593,QMLE-Quote,1998-5-14,0.243518
AAPL,14593,QMLE-Quote,1998-5-15,0.342237
AAPL,14593,QMLE-Quote,1998-5-18,0.300817
AAPL,14593,QMLE-Quote,1998-5-19,0.00375795
AAPL,14593,QMLE-Quote,1998-5-20,0.326128
AAPL,14593,QMLE-Quote,1998-5-21,0.288775
AAPL,14593,QMLE-Quote,1998-5-22,0.4934
AAPL,14593,QMLE-Quote,1998-5-26,0.488106
AAPL,14593,QMLE-Quote,1998-5-27,0.700298
AAPL,14593,QMLE-Quote,1998-5-28,0.491846
AAPL,14593,QMLE-Quote,1998-5-29,0.357389
AAPL,14593,QMLE-Quote,1998-6-1,0.509303
AAPL,14593,QMLE-Quote,1998-6-2,0.521304
AAPL,14593,QMLE-Quote,1998-6-3,0.343421
AAPL,14593,QMLE-Quote,1998-6-4,0.489872
AAPL,14593,QMLE-Quote,1998-6-5,0.349306
AAPL,14593,QMLE-Quote,1998-6-8,0.388311
AAPL,14593,QMLE-Quote,1998-6-9,0.243466
AAPL,14593,QMLE-Quote,1998-6-10,0.479416
AAPL,14593,QMLE-Quote,1998-6-11,0.223138
AAPL,14593,QMLE-Quote,1998-6-12,0.416071
AAPL,14593,QMLE-Quote,1998-6-15,0.302621
AAPL,14593,QMLE-Quote,1998-6-16,0.375935
AAPL,14593,QMLE-Quote,1998-6-17,0.295039
AAPL,14593,QMLE-Quote,1998-6-18,0.252319
AAPL,14593,QMLE-Quote,1998-6-19,0.368352
AAPL,14593,QMLE-Quote,1998-6-22,0.210097
AAPL,14593,QMLE-Quote,1998-6-23,0.306475
AAPL,14593,QMLE-Quote,1998-6-24,0.577314
AAPL,14593,QMLE-Quote,1998-6-25,0.231248
AAPL,14593,QMLE-Quote,1998-6-26,0.284471
AAPL,14593,QMLE-Quote,1998-6-29,0.235832
AAPL,14593,QMLE-Quote,1998-6-30,0.301593
AAPL,14593,QMLE-Quote,1998-7-1,0.382651
AAPL,14593,QMLE-Quote,1998-7-2,0.277681
AAPL,14593,QMLE-Quote,1998-7-6,0.332939
AAPL,14593,QMLE-Quote,1998-7-7,0.271065
AAPL,14593,QMLE-Quote,1998-7-8,0.460518
AAPL,14593,QMLE-Quote,1998-7-9,0.585188
AAPL,14593,QMLE-Quote,1998-7-10,0.182974
AAPL,14593,QMLE-Quote,1998-7-13,0.446129
AAPL,14593,QMLE-Quote,1998-7-14,0.343395
AAPL,14593,QMLE-Quote,1998-7-15,0.352342
AAPL,14593,QMLE-Quote,1998-7-16,0.644447
AAPL,14593,QMLE-Quote,1998-7-17,0.322586
AAPL,14593,QMLE-Quote,1998-7-20,0.291379
AAPL,14593,QMLE-Quote,1998-7-21,0.314462
AAPL,14593,QMLE-Quote,1998-7-22,0.476593
AAPL,14593,QMLE-Quote,1998-7-23,0.397792
AAPL,14593,QMLE-Quote,1998-7-24,0.55206
AAPL,14593,QMLE-Quote,1998-7-27,0.575137
AAPL,14593,QMLE-Quote,1998-7-28,0.419417
AAPL,14593,QMLE-Quote,1998-7-29,0.472098
AAPL,14593,QMLE-Quote,1998-7-30,0.317598
AAPL,14593,QMLE-Quote,1998-7-31,0.590978
AAPL,14593,QMLE-Quote,1998-8-3,0.575709
AAPL,14593,QMLE-Quote,1998-8-4,0.813577
AAPL,14593,QMLE-Quote,1998-8-5,0.461939
AAPL,14593,QMLE-Quote,1998-8-6,0.591259
AAPL,14593,QMLE-Quote,1998-8-7,0.437976
AAPL,14593,QMLE-Quote,1998-8-10,0.315529
AAPL,14593,QMLE-Quote,1998-8-11,0.9934
AAPL,14593,QMLE-Quote,1998-8-12,0.360229
AAPL,14593,QMLE-Quote,1998-8-13,0.430721
AAPL,14593,QMLE-Quote,1998-8-14,0.333964
AAPL,14593,QMLE-Quote,1998-8-17,0.420634
AAPL,14593,QMLE-Quote,1998-8-18,0.26907
AAPL,14593,QMLE-Quote,1998-8-19,0.407993
AAPL,14593,QMLE-Quote,1998-8-20,0.223999
AAPL,14593,QMLE-Quote,1998-8-21,0.797069
AAPL,14593,QMLE-Quote,1998-8-24,0.682114
AAPL,14593,QMLE-Quote,1998-8-25,0.443053
AAPL,14593,QMLE-Quote,1998-8-26,0.440527
AAPL,14593,QMLE-Quote,1998-8-27,1.02364
AAPL,14593,QMLE-Quote,1998-8-28,0.784485
AAPL,14593,QMLE-Quote,1998-8-31,0.993545
AAPL,14593,QMLE-Quote,1998-9-1,1.00653
AAPL,14593,QMLE-Quote,1998-9-2,0.591138
AAPL,14593,QMLE-Quote,1998-9-3,0.585868
AAPL,14593,QMLE-Quote,1998-9-4,0.750416
AAPL,14593,QMLE-Quote,1998-9-8,0.319919
AAPL,14593,QMLE-Quote,1998-9-9,0.44062
AAPL,14593,QMLE-Quote,1998-9-10,0.766132
AAPL,14593,QMLE-Quote,1998-9-11,0.747554
AAPL,14593,QMLE-Quote,1998-9-14,0.372411
AAPL,14593,QMLE-Quote,1998-9-15,0.397797
AAPL,14593,QMLE-Quote,1998-9-16,0.50341
AAPL,14593,QMLE-Quote,1998-9-17,0.455359
AAPL,14593,QMLE-Quote,1998-9-18,0.439759
AAPL,14593,QMLE-Quote,1998-9-21,0.384403
AAPL,14593,QMLE-Quote,1998-9-22,0.405062
AAPL,14593,QMLE-Quote,1998-9-23,0.290489
AAPL,14593,QMLE-Quote,1998-9-24,0.542757
AAPL,14593,QMLE-Quote,1998-9-25,0.498687
AAPL,14593,QMLE-Quote,1998-9-28,0.447466
AAPL,14593,QMLE-Quote,1998-9-29,0.40509
AAPL,14593,QMLE-Quote,1998-9-30,0.320177
AAPL,14593,QMLE-Quote,1998-10-1,0.476059
AAPL,14593,QMLE-Quote,1998-10-2,0.601936
AAPL,14593,QMLE-Quote,1998-10-5,0.615238
AAPL,14593,QMLE-Quote,1998-10-6,0.420797
AAPL,14593,QMLE-Quote,1998-10-7,0.619657
AAPL,14593,QMLE-Quote,1998-10-8,1.02797
AAPL,14593,QMLE-Quote,1998-10-9,0.538845
AAPL,14593,QMLE-Quote,1998-10-12,0.571817
AAPL,14593,QMLE-Quote,1998-10-13,0.910888
AAPL,14593,QMLE-Quote,1998-10-14,1.23296
AAPL,14593,QMLE-Quote,1998-10-15,0.666314
AAPL,14593,QMLE-Quote,1998-10-16,0.470441
AAPL,14593,QMLE-Quote,1998-10-19,0.535576
AAPL,14593,QMLE-Quote,1998-10-20,0.450772
AAPL,14593,QMLE-Quote,1998-10-21,0.516473
AAPL,14593,QMLE-Quote,1998-10-22,0.505837
AAPL,14593,QMLE-Quote,1998-10-23,0.361768
AAPL,14593,QMLE-Quote,1998-10-26,0.418238
AAPL,14593,QMLE-Quote,1998-10-27,0.616424
AAPL,14593,QMLE-Quote,1998-10-28,0.523575
AAPL,14593,QMLE-Quote,1998-10-29,0.536541
AAPL,14593,QMLE-Quote,1998-10-30,0.398621
AAPL,14593,QMLE-Quote,1998-11-2,0.162507
AAPL,14593,QMLE-Quote,1998-11-3,0.238561
AAPL,14593,QMLE-Quote,1998-11-4,0.28706
AAPL,14593,QMLE-Quote,1998-11-5,0.315259
AAPL,14593,QMLE-Quote,1998-11-6,0.364265
AAPL,14593,QMLE-Quote,1998-11-9,0.491926
AAPL,14593,QMLE-Quote,1998-11-10,0.259476
AAPL,14593,QMLE-Quote,1998-11-11,0.570534
AAPL,14593,QMLE-Quote,1998-11-12,0.448703
AAPL,14593,QMLE-Quote,1998-11-13,0.397103
AAPL,14593,QMLE-Quote,1998-11-16,0.303243
AAPL,14593,QMLE-Quote,1998-11-17,0.285472
AAPL,14593,QMLE-Quote,1998-11-18,0.331886
AAPL,14593,QMLE-Quote,1998-11-19,0.401742
AAPL,14593,QMLE-Quote,1998-11-20,0.455837
AAPL,14593,QMLE-Quote,1998-11-23,0.412396
AAPL,14593,QMLE-Quote,1998-11-24,0.257594
AAPL,14593,QMLE-Quote,1998-11-25,0.285301
AAPL,14593,QMLE-Quote,1998-11-27,0.113862
AAPL,14593,QMLE-Quote,1998-11-30,0.45531
AAPL,14593,QMLE-Quote,1998-12-1,0.466704
AAPL,14593,QMLE-Quote,1998-12-2,0.79326
AAPL,14593,QMLE-Quote,1998-12-3,0.486304
AAPL,14593,QMLE-Quote,1998-12-4,0.434471
AAPL,14593,QMLE-Quote,1998-12-7,0.275756
AAPL,14593,QMLE-Quote,1998-12-8,0.381487
AAPL,14593,QMLE-Quote,1998-12-9,0.453317
AAPL,14593,QMLE-Quote,1998-12-10,0.334859
AAPL,14593,QMLE-Quote,1998-12-11,0.517967
AAPL,14593,QMLE-Quote,1998-12-14,0.477407
AAPL,14593,QMLE-Quote,1998-12-15,0.210698
AAPL,14593,QMLE-Quote,1998-12-16,0.339592
AAPL,14593,QMLE-Quote,1998-12-17,0.297856
AAPL,14593,QMLE-Quote,1998-12-18,0.594111
AAPL,14593,QMLE-Quote,1998-12-21,0.337108
AAPL,14593,QMLE-Quote,1998-12-22,0.640494
AAPL,14593,QMLE-Quote,1998-12-23,0.520989
AAPL,14593,QMLE-Quote,1998-12-24,0.317273
AAPL,14593,QMLE-Quote,1998-12-28,0.345638
AAPL,14593,QMLE-Quote,1998-12-29,0.296786
AAPL,14593,QMLE-Quote,1998-12-30,0.353947
AAPL,14593,QMLE-Quote,1998-12-31,0.267882
AAPL,14593,QMLE-Quote,1999-1-4,0.46637
AAPL,14593,QMLE-Quote,1999-1-5,0.466974
AAPL,14593,QMLE-Quote,1999-1-6,0.503669
AAPL,14593,QMLE-Quote,1999-1-7,0.6559
AAPL,14593,QMLE-Quote,1999-1-8,0.470724
AAPL,14593,QMLE-Quote,1999-1-11,0.307181
AAPL,14593,QMLE-Quote,1999-1-12,0.436761
AAPL,14593,QMLE-Quote,1999-1-13,0.665199
AAPL,14593,QMLE-Quote,1999-1-14,0.727349
AAPL,14593,QMLE-Quote,1999-1-15,0.557402
AAPL,14593,QMLE-Quote,1999-1-19,0.341672
AAPL,14593,QMLE-Quote,1999-1-20,0.293195
AAPL,14593,QMLE-Quote,1999-1-21,0.676328
AAPL,14593,QMLE-Quote,1999-1-22,0.590386
AAPL,14593,QMLE-Quote,1999-1-25,0.16943
AAPL,14593,QMLE-Quote,1999-1-26,0.220313
AAPL,14593,QMLE-Quote,1999-1-27,0.340822
AAPL,14593,QMLE-Quote,1999-1-28,0.279456
AAPL,14593,QMLE-Quote,1999-1-29,0.403278
AAPL,14593,QMLE-Quote,1999-2-1,0.302023
AAPL,14593,QMLE-Quote,1999-2-2,0.32827
AAPL,14593,QMLE-Quote,1999-2-3,0.345014
AAPL,14593,QMLE-Quote,1999-2-4,0.442784
AAPL,14593,QMLE-Quote,1999-2-5,0.57099
AAPL,14593,QMLE-Quote,1999-2-8,0.577637
AAPL,14593,QMLE-Quote,1999-2-9,0.471705
AAPL,14593,QMLE-Quote,1999-2-10,0.463611
AAPL,14593,QMLE-Quote,1999-2-11,0.340852
AAPL,14593,QMLE-Quote,1999-2-12,0.482285
AAPL,14593,QMLE-Quote,1999-2-16,0.280346
AAPL,14593,QMLE-Quote,1999-2-17,0.325749
AAPL,14593,QMLE-Quote,1999-2-18,0.348
AAPL,14593,QMLE-Quote,1999-2-19,0.590515
AAPL,14593,QMLE-Quote,1999-2-22,0.34004
AAPL,14593,QMLE-Quote,1999-2-23,0.483947
AAPL,14593,QMLE-Quote,1999-2-24,0.385072
AAPL,14593,QMLE-Quote,1999-2-25,0.42057
AAPL,14593,QMLE-Quote,1999-2-26,0.497404
AAPL,14593,QMLE-Quote,1999-3-1,0.45419
AAPL,14593,QMLE-Quote,1999-3-3,0.452181
AAPL,14593,QMLE-Quote,1999-3-4,0.522972
AAPL,14593,QMLE-Quote,1999-3-5,0.527913
AAPL,14593,QMLE-Quote,1999-3-8,0.36429
AAPL,14593,QMLE-Quote,1999-3-9,0.345053
AAPL,14593,QMLE-Quote,1999-3-10,0.40864
AAPL,14593,QMLE-Quote,1999-3-11,0.471244
AAPL,14593,QMLE-Quote,1999-3-12,0.384684
AAPL,14593,QMLE-Quote,1999-3-15,0.430916
AAPL,14593,QMLE-Quote,1999-3-16,0.273372
AAPL,14593,QMLE-Quote,1999-3-17,0.458305
AAPL,14593,QMLE-Quote,1999-3-18,0.26089
AAPL,14593,QMLE-Quote,1999-3-19,0.403651
AAPL,14593,QMLE-Quote,1999-3-22,0.837718
AAPL,14593,QMLE-Quote,1999-3-23,0.562282
AAPL,14593,QMLE-Quote,1999-3-24,0.450185
AAPL,14593,QMLE-Quote,1999-3-25,0.446162
AAPL,14593,QMLE-Quote,1999-3-26,0.312788
AAPL,14593,QMLE-Quote,1999-3-29,0.474063
AAPL,14593,QMLE-Quote,1999-3-30,0.355005
AAPL,14593,QMLE-Quote,1999-3-31,0.257615
AAPL,14593,QMLE-Quote,1999-4-1,0.288289
AAPL,14593,QMLE-Quote,1999-4-5,0.339878
AAPL,14593,QMLE-Quote,1999-4-6,0.322544
AAPL,14593,QMLE-Quote,1999-4-7,0.331119
AAPL,14593,QMLE-Quote,1999-4-8,0.400918
AAPL,14593,QMLE-Quote,1999-4-9,0.244804
AAPL,14593,QMLE-Quote,1999-4-12,0.427722
AAPL,14593,QMLE-Quote,1999-4-13,0.448839
AAPL,14593,QMLE-Quote,1999-4-14,0.582055
AAPL,14593,QMLE-Quote,1999-4-15,0.518645
AAPL,14593,QMLE-Quote,1999-4-16,0.237765
AAPL,14593,QMLE-Quote,1999-4-19,0.486458
AAPL,14593,QMLE-Quote,1999-4-20,0.506561
AAPL,14593,QMLE-Quote,1999-4-21,0.315823
AAPL,14593,QMLE-Quote,1999-4-22,0.311521
AAPL,14593,QMLE-Quote,1999-4-23,0.488812
AAPL,14593,QMLE-Quote,1999-4-26,0.330549
AAPL,14593,QMLE-Quote,1999-4-27,0.498401
AAPL,14593,QMLE-Quote,1999-4-28,0.332821
AAPL,14593,QMLE-Quote,1999-4-29,0.675153
AAPL,14593,QMLE-Quote,1999-4-30,0.805769
AAPL,14593,QMLE-Quote,1999-5-3,0.613766
AAPL,14593,QMLE-Quote,1999-5-4,0.356925
AAPL,14593,QMLE-Quote,1999-5-5,0.512866
AAPL,14593,QMLE-Quote,1999-5-6,0.620665
AAPL,14593,QMLE-Quote,1999-5-7,0.556605
AAPL,14593,QMLE-Quote,1999-5-10,0.501317
AAPL,14593,QMLE-Quote,1999-5-11,0.529174
AAPL,14593,QMLE-Quote,1999-5-12,0.474845
AAPL,14593,QMLE-Quote,1999-5-13,0.377407
AAPL,14593,QMLE-Quote,1999-5-14,0.449972
AAPL,14593,QMLE-Quote,1999-5-17,0.409407
AAPL,14593,QMLE-Quote,1999-5-18,0.230822
AAPL,14593,QMLE-Quote,1999-5-19,0.399495
AAPL,14593,QMLE-Quote,1999-5-20,0.344692
AAPL,14593,QMLE-Quote,1999-5-21,0.560378
AAPL,14593,QMLE-Quote,1999-5-24,0.413517
AAPL,14593,QMLE-Quote,1999-5-25,0.512355
AAPL,14593,QMLE-Quote,1999-5-26,0.514041
AAPL,14593,QMLE-Quote,1999-5-27,0.432194
AAPL,14593,QMLE-Quote,1999-5-28,0.265246
AAPL,14593,QMLE-Quote,1999-6-1,0.300116
AAPL,14593,QMLE-Quote,1999-6-2,0.61318
AAPL,14593,QMLE-Quote,1999-6-3,0.326863
AAPL,14593,QMLE-Quote,1999-6-4,0.230381
AAPL,14593,QMLE-Quote,1999-6-7,0.313901
AAPL,14593,QMLE-Quote,1999-6-8,0.203852
AAPL,14593,QMLE-Quote,1999-6-9,0.183941
AAPL,14593,QMLE-Quote,1999-6-10,0.17927
AAPL,14593,QMLE-Quote,1999-6-11,0.312779
AAPL,14593,QMLE-Quote,1999-6-14,0.338922
AAPL,14593,QMLE-Quote,1999-6-15,0.240859
AAPL,14593,QMLE-Quote,1999-6-16,0.27213
AAPL,14593,QMLE-Quote,1999-6-17,0.363781
AAPL,14593,QMLE-Quote,1999-6-18,0.371897
AAPL,14593,QMLE-Quote,1999-6-21,0.277002
AAPL,14593,QMLE-Quote,1999-6-22,0.29287
AAPL,14593,QMLE-Quote,1999-6-23,0.259714
AAPL,14593,QMLE-Quote,1999-6-24,0.289457
AAPL,14593,QMLE-Quote,1999-6-25,0.159712
AAPL,14593,QMLE-Quote,1999-6-28,0.144384
AAPL,14593,QMLE-Quote,1999-6-29,0.566438
AAPL,14593,QMLE-Quote,1999-6-30,0.567752
AAPL,14593,QMLE-Quote,1999-7-1,0.30808
AAPL,14593,QMLE-Quote,1999-7-2,0.361721
AAPL,14593,QMLE-Quote,1999-7-6,0.55682
AAPL,14593,QMLE-Quote,1999-7-7,0.637808
AAPL,14593,QMLE-Quote,1999-7-8,0.594108
AAPL,14593,QMLE-Quote,1999-7-9,0.39437
AAPL,14593,QMLE-Quote,1999-7-12,0.313536
AAPL,14593,QMLE-Quote,1999-7-13,0.345507
AAPL,14593,QMLE-Quote,1999-7-14,0.418022
AAPL,14593,QMLE-Quote,1999-7-15,0.630148
AAPL,14593,QMLE-Quote,1999-7-16,0.396644
AAPL,14593,QMLE-Quote,1999-7-19,0.504372
AAPL,14593,QMLE-Quote,1999-7-20,0.504576
AAPL,14593,QMLE-Quote,1999-7-21,0.663082
AAPL,14593,QMLE-Quote,1999-7-22,0.347312
AAPL,14593,QMLE-Quote,1999-7-23,0.281657
AAPL,14593,QMLE-Quote,1999-7-26,0.27557
AAPL,14593,QMLE-Quote,1999-7-27,0.244343
AAPL,14593,QMLE-Quote,1999-7-28,0.335699
AAPL,14593,QMLE-Quote,1999-7-29,0.378723
AAPL,14593,QMLE-Quote,1999-7-30,0.269142
AAPL,14593,QMLE-Quote,1999-8-2,0.479422
AAPL,14593,QMLE-Quote,1999-8-3,0.532893
AAPL,14593,QMLE-Quote,1999-8-4,0.234663
AAPL,14593,QMLE-Quote,1999-8-5,0.433537
AAPL,14593,QMLE-Quote,1999-8-6,0.267191
AAPL,14593,QMLE-Quote,1999-8-9,0.245521
AAPL,14593,QMLE-Quote,1999-8-10,0.296805
AAPL,14593,QMLE-Quote,1999-8-11,0.512679
AAPL,14593,QMLE-Quote,1999-8-12,0.388478
AAPL,14593,QMLE-Quote,1999-8-13,0.315031
AAPL,14593,QMLE-Quote,1999-8-16,0.162875
AAPL,14593,QMLE-Quote,1999-8-17,0.266928
AAPL,14593,QMLE-Quote,1999-8-18,0.277586
AAPL,14593,QMLE-Quote,1999-8-19,0.22932
AAPL,14593,QMLE-Quote,1999-8-20,0.200138
AAPL,14593,QMLE-Quote,1999-8-23,0.193111
AAPL,14593,QMLE-Quote,1999-8-24,0.281195
AAPL,14593,QMLE-Quote,1999-8-25,0.26555
AAPL,14593,QMLE-Quote,1999-8-26,0.342966
AAPL,14593,QMLE-Quote,1999-8-27,0.299089
AAPL,14593,QMLE-Quote,1999-8-30,0.272707
AAPL,14593,QMLE-Quote,1999-8-31,0.598305
AAPL,14593,QMLE-Quote,1999-9-1,0.449066
AAPL,14593,QMLE-Quote,1999-9-2,0.48364
AAPL,14593,QMLE-Quote,1999-9-3,0.618597
AAPL,14593,QMLE-Quote,1999-9-7,0.42927
AAPL,14593,QMLE-Quote,1999-9-8,0.5272
AAPL,14593,QMLE-Quote,1999-9-9,0.311302
AAPL,14593,QMLE-Quote,1999-9-10,0.363218
AAPL,14593,QMLE-Quote,1999-9-13,0.281121
AAPL,14593,QMLE-Quote,1999-9-14,0.442997
AAPL,14593,QMLE-Quote,1999-9-15,0.394782
AAPL,14593,QMLE-Quote,1999-9-16,0.47446
AAPL,14593,QMLE-Quote,1999-9-17,0.256519
AAPL,14593,QMLE-Quote,1999-9-20,0.3368
AAPL,14593,QMLE-Quote,1999-9-21,0.424617
AAPL,14593,QMLE-Quote,1999-9-22,0.410156
AAPL,14593,QMLE-Quote,1999-9-23,0.555248
AAPL,14593,QMLE-Quote,1999-9-24,0.637001
AAPL,14593,QMLE-Quote,1999-9-27,0.543823
AAPL,14593,QMLE-Quote,1999-9-28,0.716083
AAPL,14593,QMLE-Quote,1999-9-29,0.687395
AAPL,14593,QMLE-Quote,1999-9-30,0.607987
AAPL,14593,QMLE-Quote,1999-10-1,0.513075
AAPL,14593,QMLE-Quote,1999-10-4,0.309215
AAPL,14593,QMLE-Quote,1999-10-5,0.664943
AAPL,14593,QMLE-Quote,1999-10-6,0.504935
AAPL,14593,QMLE-Quote,1999-10-7,0.433854
AAPL,14593,QMLE-Quote,1999-10-8,0.516012
AAPL,14593,QMLE-Quote,1999-10-11,0.408977
AAPL,14593,QMLE-Quote,1999-10-12,0.4644
AAPL,14593,QMLE-Quote,1999-10-13,0.613849
AAPL,14593,QMLE-Quote,1999-10-14,0.590591
AAPL,14593,QMLE-Quote,1999-10-15,0.64272
AAPL,14593,QMLE-Quote,1999-10-18,0.572484
AAPL,14593,QMLE-Quote,1999-10-19,0.567483
AAPL,14593,QMLE-Quote,1999-10-20,0.481257
AAPL,14593,QMLE-Quote,1999-10-21,0.615811
AAPL,14593,QMLE-Quote,1999-10-22,0.43505
AAPL,14593,QMLE-Quote,1999-10-25,0.368283
AAPL,14593,QMLE-Quote,1999-10-26,0.297386
AAPL,14593,QMLE-Quote,1999-10-27,0.300938
AAPL,14593,QMLE-Quote,1999-10-28,0.393517
AAPL,14593,QMLE-Quote,1999-10-29,0.362631
AAPL,14593,QMLE-Quote,1999-11-1,0.289809
AAPL,14593,QMLE-Quote,1999-11-2,0.567328
AAPL,14593,QMLE-Quote,1999-11-3,0.444071
AAPL,14593,QMLE-Quote,1999-11-4,0.498497
AAPL,14593,QMLE-Quote,1999-11-5,0.380377
AAPL,14593,QMLE-Quote,1999-11-8,0.633784
AAPL,14593,QMLE-Quote,1999-11-9,0.629267
AAPL,14593,QMLE-Quote,1999-11-10,0.625127
AAPL,14593,QMLE-Quote,1999-11-11,0.342043
AAPL,14593,QMLE-Quote,1999-11-12,0.448994
AAPL,14593,QMLE-Quote,1999-11-15,0.47942
AAPL,14593,QMLE-Quote,1999-11-16,0.441068
AAPL,14593,QMLE-Quote,1999-11-17,0.477244
AAPL,14593,QMLE-Quote,1999-11-18,0.388543
AAPL,14593,QMLE-Quote,1999-11-19,0.395631
AAPL,14593,QMLE-Quote,1999-11-22,0.279984
AAPL,14593,QMLE-Quote,1999-11-23,0.767901
AAPL,14593,QMLE-Quote,1999-11-24,0.425887
AAPL,14593,QMLE-Quote,1999-11-26,0.159858
AAPL,14593,QMLE-Quote,1999-11-29,0.602866
AAPL,14593,QMLE-Quote,1999-11-30,0.603742
AAPL,14593,QMLE-Quote,1999-12-1,0.590243
AAPL,14593,QMLE-Quote,1999-12-2,0.47498
AAPL,14593,QMLE-Quote,1999-12-3,0.387357
AAPL,14593,QMLE-Quote,1999-12-6,0.48935
AAPL,14593,QMLE-Quote,1999-12-7,0.479716
AAPL,14593,QMLE-Quote,1999-12-8,0.478829
AAPL,14593,QMLE-Quote,1999-12-9,0.787153
AAPL,14593,QMLE-Quote,1999-12-10,0.811691
AAPL,14593,QMLE-Quote,1999-12-13,0.44341
AAPL,14593,QMLE-Quote,1999-12-14,0.521396
AAPL,14593,QMLE-Quote,1999-12-15,0.731346
AAPL,14593,QMLE-Quote,1999-12-16,0.501214
AAPL,14593,QMLE-Quote,1999-12-17,0.540839
AAPL,14593,QMLE-Quote,1999-12-20,0.417041
AAPL,14593,QMLE-Quote,1999-12-21,0.543701
AAPL,14593,QMLE-Quote,1999-12-22,0.526548
AAPL,14593,QMLE-Quote,1999-12-23,0.448576
AAPL,14593,QMLE-Quote,1999-12-27,0.517232
AAPL,14593,QMLE-Quote,1999-12-28,0.441758
AAPL,14593,QMLE-Quote,1999-12-29,0.927798
AAPL,14593,QMLE-Quote,1999-12-30,0.489823
AAPL,14593,QMLE-Quote,1999-12-31,0.443751
AAPL,14593,QMLE-Quote,2000-1-3,0.914343
AAPL,14593,QMLE-Quote,2000-1-4,0.7395
AAPL,14593,QMLE-Quote,2000-1-5,1.07166
AAPL,14593,QMLE-Quote,2000-1-6,0.663383
AAPL,14593,QMLE-Quote,2000-1-7,0.687853
AAPL,14593,QMLE-Quote,2000-1-10,0.71978
AAPL,14593,QMLE-Quote,2000-1-11,0.52616
AAPL,14593,QMLE-Quote,2000-1-12,0.813871
AAPL,14593,QMLE-Quote,2000-1-13,0.666581
AAPL,14593,QMLE-Quote,2000-1-14,0.5745
AAPL,14593,QMLE-Quote,2000-1-18,0.589855
AAPL,14593,QMLE-Quote,2000-1-19,0.697071
AAPL,14593,QMLE-Quote,2000-1-20,0.453557
AAPL,14593,QMLE-Quote,2000-1-21,0.285808
AAPL,14593,QMLE-Quote,2000-1-24,0.662081
AAPL,14593,QMLE-Quote,2000-1-25,0.778225
AAPL,14593,QMLE-Quote,2000-1-26,0.505234
AAPL,14593,QMLE-Quote,2000-1-27,0.763378
AAPL,14593,QMLE-Quote,2000-1-28,0.611425
AAPL,14593,QMLE-Quote,2000-1-31,0.922205
AAPL,14593,QMLE-Quote,2000-2-1,0.69162
AAPL,14593,QMLE-Quote,2000-2-2,0.550435
AAPL,14593,QMLE-Quote,2000-2-3,0.449974
AAPL,14593,QMLE-Quote,2000-2-4,0.401592
AAPL,14593,QMLE-Quote,2000-2-7,0.51606
AAPL,14593,QMLE-Quote,2000-2-8,0.513992
AAPL,14593,QMLE-Quote,2000-2-9,0.460028
AAPL,14593,QMLE-Quote,2000-2-10,0.498308
AAPL,14593,QMLE-Quote,2000-2-11,0.509947
AAPL,14593,QMLE-Quote,2000-2-14,0.580183
AAPL,14593,QMLE-Quote,2000-2-15,0.460709
AAPL,14593,QMLE-Quote,2000-2-16,0.346702
AAPL,14593,QMLE-Quote,2000-2-17,0.236797
AAPL,14593,QMLE-Quote,2000-2-18,0.326274
AAPL,14593,QMLE-Quote,2000-2-22,0.783383
AAPL,14593,QMLE-Quote,2000-2-23,0.570632
AAPL,14593,QMLE-Quote,2000-2-24,0.479323
AAPL,14593,QMLE-Quote,2000-2-25,0.44885
AAPL,14593,QMLE-Quote,2000-2-28,0.616109
AAPL,14593,QMLE-Quote,2000-2-29,0.502328
AAPL,14593,QMLE-Quote,2000-3-1,0.82725
AAPL,14593,QMLE-Quote,2000-3-2,0.53996
AAPL,14593,QMLE-Quote,2000-3-3,0.65135
AAPL,14593,QMLE-Quote,2000-3-6,0.688331
AAPL,14593,QMLE-Quote,2000-3-7,0.593428
AAPL,14593,QMLE-Quote,2000-3-8,0.67621
AAPL,14593,QMLE-Quote,2000-3-9,0.505398
AAPL,14593,QMLE-Quote,2000-3-10,0.524384
AAPL,14593,QMLE-Quote,2000-3-13,0.513101
AAPL,14593,QMLE-Quote,2000-3-14,0.51314
AAPL,14593,QMLE-Quote,2000-3-15,0.61622
AAPL,14593,QMLE-Quote,2000-3-16,0.637164
AAPL,14593,QMLE-Quote,2000-3-17,0.502772
AAPL,14593,QMLE-Quote,2000-3-20,0.561439
AAPL,14593,QMLE-Quote,2000-3-21,0.670345
AAPL,14593,QMLE-Quote,2000-3-22,0.766575
AAPL,14593,QMLE-Quote,2000-3-23,0.661649
AAPL,14593,QMLE-Quote,2000-3-24,0.612786
AAPL,14593,QMLE-Quote,2000-3-27,0.695697
AAPL,14593,QMLE-Quote,2000-3-28,0.458885
AAPL,14593,QMLE-Quote,2000-3-29,0.544472
AAPL,14593,QMLE-Quote,2000-3-30,0.695277
AAPL,14593,QMLE-Quote,2000-3-31,0.717862
AAPL,14593,QMLE-Quote,2000-4-3,1.07582
AAPL,14593,QMLE-Quote,2000-4-4,1.47714
AAPL,14593,QMLE-Quote,2000-4-5,0.877865
AAPL,14593,QMLE-Quote,2000-4-6,0.659224
AAPL,14593,QMLE-Quote,2000-4-7,0.48359
AAPL,14593,QMLE-Quote,2000-4-10,0.632433
AAPL,14593,QMLE-Quote,2000-4-11,0.915709
AAPL,14593,QMLE-Quote,2000-4-12,0.933165
AAPL,14593,QMLE-Quote,2000-4-13,1.17554
AAPL,14593,QMLE-Quote,2000-4-14,1.04709
AAPL,14593,QMLE-Quote,2000-4-17,1.19274
AAPL,14593,QMLE-Quote,2000-4-18,0.852732
AAPL,14593,QMLE-Quote,2000-4-19,0.753344
AAPL,14593,QMLE-Quote,2000-4-20,0.587217
AAPL,14593,QMLE-Quote,2000-4-24,0.540942
AAPL,14593,QMLE-Quote,2000-4-25,0.59807
AAPL,14593,QMLE-Quote,2000-4-26,0.609238
AAPL,14593,QMLE-Quote,2000-4-27,0.688202
AAPL,14593,QMLE-Quote,2000-4-28,0.600685
AAPL,14593,QMLE-Quote,2000-5-1,0.45839
AAPL,14593,QMLE-Quote,2000-5-2,0.479901
AAPL,14593,QMLE-Quote,2000-5-3,0.738031
AAPL,14593,QMLE-Quote,2000-5-4,0.453481
AAPL,14593,QMLE-Quote,2000-5-5,0.383171
AAPL,14593,QMLE-Quote,2000-5-8,0.38467
AAPL,14593,QMLE-Quote,2000-5-9,0.528986
AAPL,14593,QMLE-Quote,2000-5-10,0.632521
AAPL,14593,QMLE-Quote,2000-5-11,0.560062
AAPL,14593,QMLE-Quote,2000-5-12,0.479131
AAPL,14593,QMLE-Quote,2000-5-15,0.648771
AAPL,14593,QMLE-Quote,2000-5-16,0.655776
AAPL,14593,QMLE-Quote,2000-5-17,0.470005
AAPL,14593,QMLE-Quote,2000-5-18,0.456775
AAPL,14593,QMLE-Quote,2000-5-19,0.486443
AAPL,14593,QMLE-Quote,2000-5-22,0.863979
AAPL,14593,QMLE-Quote,2000-5-23,0.946064
AAPL,14593,QMLE-Quote,2000-5-24,1.15914
AAPL,14593,QMLE-Quote,2000-5-25,0.672908
AAPL,14593,QMLE-Quote,2000-5-26,0.534104
AAPL,14593,QMLE-Quote,2000-5-30,0.766399
AAPL,14593,QMLE-Quote,2000-5-31,0.746679
AAPL,14593,QMLE-Quote,2000-6-1,0.929564
AAPL,14593,QMLE-Quote,2000-6-2,0.732017
AAPL,14593,QMLE-Quote,2000-6-5,0.582881
AAPL,14593,QMLE-Quote,2000-6-6,0.59754
AAPL,14593,QMLE-Quote,2000-6-7,0.622486
AAPL,14593,QMLE-Quote,2000-6-8,0.456254
AAPL,14593,QMLE-Quote,2000-6-9,0.491785
AAPL,14593,QMLE-Quote,2000-6-12,0.506163
AAPL,14593,QMLE-Quote,2000-6-13,0.784452
AAPL,14593,QMLE-Quote,2000-6-14,0.55789
AAPL,14593,QMLE-Quote,2000-6-15,0.531249
AAPL,14593,QMLE-Quote,2000-6-16,0.396178
AAPL,14593,QMLE-Quote,2000-6-19,0.606083
AAPL,14593,QMLE-Quote,2000-6-20,0.537704
AAPL,14593,QMLE-Quote,2000-6-21,0.799436
AAPL,14593,QMLE-Quote,2000-6-22,1.0574
AAPL,14593,QMLE-Quote,2000-6-23,0.743623
AAPL,14593,QMLE-Quote,2000-6-26,0.660009
AAPL,14593,QMLE-Quote,2000-6-27,0.576629
AAPL,14593,QMLE-Quote,2000-6-28,0.723917
AAPL,14593,QMLE-Quote,2000-6-29,0.732769
AAPL,14593,QMLE-Quote,2000-6-30,0.763684
AAPL,14593,QMLE-Quote,2000-7-3,0.489061
AAPL,14593,QMLE-Quote,2000-7-5,0.542841
AAPL,14593,QMLE-Quote,2000-7-6,0.643445
AAPL,14593,QMLE-Quote,2000-7-7,0.47912
AAPL,14593,QMLE-Quote,2000-7-10,0.735831
AAPL,14593,QMLE-Quote,2000-7-11,0.662421
AAPL,14593,QMLE-Quote,2000-7-12,0.516637
AAPL,14593,QMLE-Quote,2000-7-13,0.691254
AAPL,14593,QMLE-Quote,2000-7-14,0.463603
AAPL,14593,QMLE-Quote,2000-7-17,0.378335
AAPL,14593,QMLE-Quote,2000-7-18,0.525209
AAPL,14593,QMLE-Quote,2000-7-19,0.637977
AAPL,14593,QMLE-Quote,2000-7-20,0.572466
AAPL,14593,QMLE-Quote,2000-7-21,0.512572
AAPL,14593,QMLE-Quote,2000-7-24,0.647395
AAPL,14593,QMLE-Quote,2000-7-25,0.559022
AAPL,14593,QMLE-Quote,2000-7-26,0.478907
AAPL,14593,QMLE-Quote,2000-7-27,0.609089
AAPL,14593,QMLE-Quote,2000-7-28,0.775326
AAPL,14593,QMLE-Quote,2000-7-31,0.693307
AAPL,14593,QMLE-Quote,2000-8-1,0.565063
AAPL,14593,QMLE-Quote,2000-8-2,0.624951
AAPL,14593,QMLE-Quote,2000-8-3,0.798095
AAPL,14593,QMLE-Quote,2000-8-4,0.683106
AAPL,14593,QMLE-Quote,2000-8-7,0.398467
AAPL,14593,QMLE-Quote,2000-8-8,0.331067
AAPL,14593,QMLE-Quote,2000-8-9,0.338501
AAPL,14593,QMLE-Quote,2000-8-10,0.223129
AAPL,14593,QMLE-Quote,2000-8-11,0.399125
AAPL,14593,QMLE-Quote,2000-8-14,0.322274
AAPL,14593,QMLE-Quote,2000-8-15,0.35742
AAPL,14593,QMLE-Quote,2000-8-16,0.356542
AAPL,14593,QMLE-Quote,2000-8-17,0.444686
AAPL,14593,QMLE-Quote,2000-8-18,0.513757
AAPL,14593,QMLE-Quote,2000-8-21,0.48674
AAPL,14593,QMLE-Quote,2000-8-22,0.39441
AAPL,14593,QMLE-Quote,2000-8-23,0.433984
AAPL,14593,QMLE-Quote,2000-8-24,0.38297
AAPL,14593,QMLE-Quote,2000-8-25,0.324729
AAPL,14593,QMLE-Quote,2000-8-28,0.265108
AAPL,14593,QMLE-Quote,2000-8-29,0.36376
AAPL,14593,QMLE-Quote,2000-8-30,0.248791
AAPL,14593,QMLE-Quote,2000-8-31,0.320458
AAPL,14593,QMLE-Quote,2000-9-1,0.415712
AAPL,14593,QMLE-Quote,2000-9-5,0.309804
AAPL,14593,QMLE-Quote,2000-9-6,0.424603
AAPL,14593,QMLE-Quote,2000-9-7,0.477722
AAPL,14593,QMLE-Quote,2000-9-8,0.492745
AAPL,14593,QMLE-Quote,2000-9-11,0.4757
AAPL,14593,QMLE-Quote,2000-9-12,0.616028
AAPL,14593,QMLE-Quote,2000-9-13,0.558294
AAPL,14593,QMLE-Quote,2000-9-14,0.388083
AAPL,14593,QMLE-Quote,2000-9-15,0.477989
AAPL,14593,QMLE-Quote,2000-9-18,0.750892
AAPL,14593,QMLE-Quote,2000-9-19,0.538497
AAPL,14593,QMLE-Quote,2000-9-20,0.527519
AAPL,14593,QMLE-Quote,2000-9-21,0.534822
AAPL,14593,QMLE-Quote,2000-9-22,0.419451
AAPL,14593,QMLE-Quote,2000-9-25,0.528224
AAPL,14593,QMLE-Quote,2000-9-26,0.59081
AAPL,14593,QMLE-Quote,2000-9-27,0.661789
AAPL,14593,QMLE-Quote,2000-9-28,0.593273
AAPL,14593,QMLE-Quote,2000-9-29,0.882962
AAPL,14593,QMLE-Quote,2000-10-2,0.748282
AAPL,14593,QMLE-Quote,2000-10-3,0.7505
AAPL,14593,QMLE-Quote,2000-10-4,0.95199
AAPL,14593,QMLE-Quote,2000-10-5,0.711866
AAPL,14593,QMLE-Quote,2000-10-6,0.574326
AAPL,14593,QMLE-Quote,2000-10-9,0.661844
AAPL,14593,QMLE-Quote,2000-10-10,0.687757
AAPL,14593,QMLE-Quote,2000-10-11,0.870241
AAPL,14593,QMLE-Quote,2000-10-12,0.633902
AAPL,14593,QMLE-Quote,2000-10-13,0.860259
AAPL,14593,QMLE-Quote,2000-10-16,0.734844
AAPL,14593,QMLE-Quote,2000-10-17,0.720518
AAPL,14593,QMLE-Quote,2000-10-18,1.23422
AAPL,14593,QMLE-Quote,2000-10-19,0.841994
AAPL,14593,QMLE-Quote,2000-10-20,0.79128
AAPL,14593,QMLE-Quote,2000-10-23,0.512525
AAPL,14593,QMLE-Quote,2000-10-24,0.563805
AAPL,14593,QMLE-Quote,2000-10-25,0.503579
AAPL,14593,QMLE-Quote,2000-10-26,0.979391
AAPL,14593,QMLE-Quote,2000-10-27,0.736019
AAPL,14593,QMLE-Quote,2000-10-30,0.731234
AAPL,14593,QMLE-Quote,2000-10-31,0.416499
AAPL,14593,QMLE-Quote,2000-11-1,0.592673
AAPL,14593,QMLE-Quote,2000-11-2,0.582457
AAPL,14593,QMLE-Quote,2000-11-3,0.589121
AAPL,14593,QMLE-Quote,2000-11-6,0.511491
AAPL,14593,QMLE-Quote,2000-11-7,0.624579
AAPL,14593,QMLE-Quote,2000-11-8,0.623551
AAPL,14593,QMLE-Quote,2000-11-9,0.857602
AAPL,14593,QMLE-Quote,2000-11-10,0.595266
AAPL,14593,QMLE-Quote,2000-11-13,0.793975
AAPL,14593,QMLE-Quote,2000-11-14,0.623498
AAPL,14593,QMLE-Quote,2000-11-15,0.527296
AAPL,14593,QMLE-Quote,2000-11-16,0.392502
AAPL,14593,QMLE-Quote,2000-11-17,0.591893
AAPL,14593,QMLE-Quote,2000-11-20,0.415436
AAPL,14593,QMLE-Quote,2000-11-21,0.575776
AAPL,14593,QMLE-Quote,2000-11-22,0.381989
AAPL,14593,QMLE-Quote,2000-11-24,0.459455
AAPL,14593,QMLE-Quote,2000-11-27,0.762407
AAPL,14593,QMLE-Quote,2000-11-28,0.243954
AAPL,14593,QMLE-Quote,2000-11-29,0.365386
AAPL,14593,QMLE-Quote,2000-11-30,0.628598
AAPL,14593,QMLE-Quote,2000-12-1,0.555627
AAPL,14593,QMLE-Quote,2000-12-4,0.363566
AAPL,14593,QMLE-Quote,2000-12-5,0.712245
AAPL,14593,QMLE-Quote,2000-12-6,0.796875
AAPL,14593,QMLE-Quote,2000-12-7,0.661398
AAPL,14593,QMLE-Quote,2000-12-8,0.652471
AAPL,14593,QMLE-Quote,2000-12-11,0.454482
AAPL,14593,QMLE-Quote,2000-12-12,0.568597
AAPL,14593,QMLE-Quote,2000-12-13,0.236066
AAPL,14593,QMLE-Quote,2000-12-14,0.564975
AAPL,14593,QMLE-Quote,2000-12-15,0.442475
AAPL,14593,QMLE-Quote,2000-12-18,0.428022
AAPL,14593,QMLE-Quote,2000-12-19,0.716646
AAPL,14593,QMLE-Quote,2000-12-20,0.603144
AAPL,14593,QMLE-Quote,2000-12-21,0.673551
AAPL,14593,QMLE-Quote,2000-12-22,0.531364
AAPL,14593,QMLE-Quote,2000-12-26,0.570368
AAPL,14593,QMLE-Quote,2000-12-27,0.484634
AAPL,14593,QMLE-Quote,2000-12-28,0.58253
AAPL,14593,QMLE-Quote,2000-12-29,0.482731
AAPL,14593,QMLE-Quote,2001-1-2,0.510341
AAPL,14593,QMLE-Quote,2001-1-3,1.22922
AAPL,14593,QMLE-Quote,2001-1-4,1.00747
AAPL,14593,QMLE-Quote,2001-1-5,0.907936
AAPL,14593,QMLE-Quote,2001-1-8,0.623376
AAPL,14593,QMLE-Quote,2001-1-9,0.679137
AAPL,14593,QMLE-Quote,2001-1-10,0.574203
AAPL,14593,QMLE-Quote,2001-1-11,0.951935
AAPL,14593,QMLE-Quote,2001-1-12,0.450961
AAPL,14593,QMLE-Quote,2001-1-16,0.213966
AAPL,14593,QMLE-Quote,2001-1-17,0.571267
AAPL,14593,QMLE-Quote,2001-1-18,0.515103
AAPL,14593,QMLE-Quote,2001-1-19,0.640743
AAPL,14593,QMLE-Quote,2001-1-22,0.921217
AAPL,14593,QMLE-Quote,2001-1-23,0.568763
AAPL,14593,QMLE-Quote,2001-1-24,0.527775
AAPL,14593,QMLE-Quote,2001-1-25,0.284507
AAPL,14593,QMLE-Quote,2001-1-26,0.476693
AAPL,14593,QMLE-Quote,2001-1-29,0.808698
AAPL,14593,QMLE-Quote,2001-1-30,0.591758
AAPL,14593,QMLE-Quote,2001-1-31,0.805121
AAPL,14593,QMLE-Quote,2001-2-1,0.69839
AAPL,14593,QMLE-Quote,2001-2-2,0.633134
AAPL,14593,QMLE-Quote,2001-2-5,0.594176
AAPL,14593,QMLE-Quote,2001-2-6,0.510733
AAPL,14593,QMLE-Quote,2001-2-7,0.578116
AAPL,14593,QMLE-Quote,2001-2-8,0.473273
AAPL,14593,QMLE-Quote,2001-2-9,0.622574
AAPL,14593,QMLE-Quote,2001-2-12,0.603662
AAPL,14593,QMLE-Quote,2001-2-13,0.481162
AAPL,14593,QMLE-Quote,2001-2-14,0.66127
AAPL,14593,QMLE-Quote,2001-2-15,0.667091
AAPL,14593,QMLE-Quote,2001-2-16,0.376088
AAPL,14593,QMLE-Quote,2001-2-20,0.383122
AAPL,14593,QMLE-Quote,2001-2-21,0.696679
AAPL,14593,QMLE-Quote,2001-2-22,1.01927
AAPL,14593,QMLE-Quote,2001-2-23,0.265168
AAPL,14593,QMLE-Quote,2001-2-26,0.64222
AAPL,14593,QMLE-Quote,2001-2-27,0.586323
AAPL,14593,QMLE-Quote,2001-2-28,0.677395
AAPL,14593,QMLE-Quote,2001-3-1,0.869737
AAPL,14593,QMLE-Quote,2001-3-2,1.07078
AAPL,14593,QMLE-Quote,2001-3-5,0.749555
AAPL,14593,QMLE-Quote,2001-3-6,0.659607
AAPL,14593,QMLE-Quote,2001-3-7,0.428546
AAPL,14593,QMLE-Quote,2001-3-8,0.438845
AAPL,14593,QMLE-Quote,2001-3-9,0.342401
AAPL,14593,QMLE-Quote,2001-3-12,0.958581
AAPL,14593,QMLE-Quote,2001-3-13,0.785676
AAPL,14593,QMLE-Quote,2001-3-14,1.39178
AAPL,14593,QMLE-Quote,2001-3-15,0.66578
AAPL,14593,QMLE-Quote,2001-3-16,0.983001
AAPL,14593,QMLE-Quote,2001-3-19,0.521929
AAPL,14593,QMLE-Quote,2001-3-20,0.54143
AAPL,14593,QMLE-Quote,2001-3-21,0.790277
AAPL,14593,QMLE-Quote,2001-3-22,0.404728
AAPL,14593,QMLE-Quote,2001-3-23,0.8558
AAPL,14593,QMLE-Quote,2001-3-26,0.496069
AAPL,14593,QMLE-Quote,2001-3-27,0.524871
AAPL,14593,QMLE-Quote,2001-3-28,0.397863
AAPL,14593,QMLE-Quote,2001-3-29,0.935488
AAPL,14593,QMLE-Quote,2001-3-30,0.649548
AAPL,14593,QMLE-Quote,2001-4-2,0.522192
AAPL,14593,QMLE-Quote,2001-4-3,0.578425
AAPL,14593,QMLE-Quote,2001-4-4,0.735147
AAPL,14593,QMLE-Quote,2001-4-5,0.665663
AAPL,14593,QMLE-Quote,2001-4-6,0.849279
AAPL,14593,QMLE-Quote,2001-4-9,0.706655
AAPL,14593,QMLE-Quote,2001-4-10,0.785547
AAPL,14593,QMLE-Quote,2001-4-11,0.805731
AAPL,14593,QMLE-Quote,2001-4-12,0.949503
AAPL,14593,QMLE-Quote,2001-4-16,0.62119
AAPL,14593,QMLE-Quote,2001-4-17,0.592466
AAPL,14593,QMLE-Quote,2001-4-18,1.08118
AAPL,14593,QMLE-Quote,2001-4-19,0.825542
AAPL,14593,QMLE-Quote,2001-4-20,0.580122
AAPL,14593,QMLE-Quote,2001-4-23,0.53479
AAPL,14593,QMLE-Quote,2001-4-24,0.736172
AAPL,14593,QMLE-Quote,2001-4-25,0.628134
AAPL,14593,QMLE-Quote,2001-4-26,0.786946
AAPL,14593,QMLE-Quote,2001-4-27,0.567597
AAPL,14593,QMLE-Quote,2001-4-30,0.598897
AAPL,14593,QMLE-Quote,2001-5-1,0.841583
AAPL,14593,QMLE-Quote,2001-5-2,0.615209
AAPL,14593,QMLE-Quote,2001-5-3,0.616826
AAPL,14593,QMLE-Quote,2001-5-4,0.826953
AAPL,14593,QMLE-Quote,2001-5-7,0.584535
AAPL,14593,QMLE-Quote,2001-5-8,0.587505
AAPL,14593,QMLE-Quote,2001-5-9,0.483548
AAPL,14593,QMLE-Quote,2001-5-10,0.496088
AAPL,14593,QMLE-Quote,2001-5-11,0.459385
AAPL,14593,QMLE-Quote,2001-5-14,0.357362
AAPL,14593,QMLE-Quote,2001-5-15,0.656015
AAPL,14593,QMLE-Quote,2001-5-16,0.619865
AAPL,14593,QMLE-Quote,2001-5-17,0.442468
AAPL,14593,QMLE-Quote,2001-5-18,0.333661
AAPL,14593,QMLE-Quote,2001-5-21,0.452368
AAPL,14593,QMLE-Quote,2001-5-22,0.441726
AAPL,14593,QMLE-Quote,2001-5-23,0.572793
AAPL,14593,QMLE-Quote,2001-5-24,0.472332
AAPL,14593,QMLE-Quote,2001-5-25,0.367743
AAPL,14593,QMLE-Quote,2001-5-29,0.54782
AAPL,14593,QMLE-Quote,2001-5-30,0.465588
AAPL,14593,QMLE-Quote,2001-5-31,0.567738
AAPL,14593,QMLE-Quote,2001-6-1,0.555917
AAPL,14593,QMLE-Quote,2001-6-4,0.449025
AAPL,14593,QMLE-Quote,2001-6-5,0.477856
AAPL,14593,QMLE-Quote,2001-6-6,0.436884
AAPL,14593,QMLE-Quote,2001-6-7,0.56463
AAPL,14593,QMLE-Quote,2001-6-8,0.532617
AAPL,14593,QMLE-Quote,2001-6-11,0.499197
AAPL,14593,QMLE-Quote,2001-6-12,0.47574
AAPL,14593,QMLE-Quote,2001-6-13,0.698963
AAPL,14593,QMLE-Quote,2001-6-14,0.510685
AAPL,14593,QMLE-Quote,2001-6-15,0.687524
AAPL,14593,QMLE-Quote,2001-6-18,0.5953
AAPL,14593,QMLE-Quote,2001-6-19,0.540852
AAPL,14593,QMLE-Quote,2001-6-20,0.637729
AAPL,14593,QMLE-Quote,2001-6-21,0.823567
AAPL,14593,QMLE-Quote,2001-6-22,0.699262
AAPL,14593,QMLE-Quote,2001-6-25,0.623393
AAPL,14593,QMLE-Quote,2001-6-26,0.318156
AAPL,14593,QMLE-Quote,2001-6-27,0.614443
AAPL,14593,QMLE-Quote,2001-6-28,0.554223
AAPL,14593,QMLE-Quote,2001-6-29,0.457045
AAPL,14593,QMLE-Quote,2001-7-2,0.50079
AAPL,14593,QMLE-Quote,2001-7-3,0.461947
AAPL,14593,QMLE-Quote,2001-7-5,0.404901
AAPL,14593,QMLE-Quote,2001-7-6,0.496049
AAPL,14593,QMLE-Quote,2001-7-9,0.57176
AAPL,14593,QMLE-Quote,2001-7-10,0.611839
AAPL,14593,QMLE-Quote,2001-7-11,0.610201
AAPL,14593,QMLE-Quote,2001-7-12,0.496145
AAPL,14593,QMLE-Quote,2001-7-13,0.555678
AAPL,14593,QMLE-Quote,2001-7-16,0.394192
AAPL,14593,QMLE-Quote,2001-7-17,0.679897
AAPL,14593,QMLE-Quote,2001-7-18,0.65379
AAPL,14593,QMLE-Quote,2001-7-19,0.469596
AAPL,14593,QMLE-Quote,2001-7-20,0.354575
AAPL,14593,QMLE-Quote,2001-7-23,0.573585
AAPL,14593,QMLE-Quote,2001-7-24,0.381952
AAPL,14593,QMLE-Quote,2001-7-25,0.703332
AAPL,14593,QMLE-Quote,2001-7-26,0.483128
AAPL,14593,QMLE-Quote,2001-7-27,0.542559
AAPL,14593,QMLE-Quote,2001-7-30,0.543116
AAPL,14593,QMLE-Quote,2001-7-31,0.576285
AAPL,14593,QMLE-Quote,2001-8-1,0.438498
AAPL,14593,QMLE-Quote,2001-8-2,0.512503
AAPL,14593,QMLE-Quote,2001-8-3,0.481469
AAPL,14593,QMLE-Quote,2001-8-6,0.475267
AAPL,14593,QMLE-Quote,2001-8-7,0.468645
AAPL,14593,QMLE-Quote,2001-8-8,0.501146
AAPL,14593,QMLE-Quote,2001-8-9,0.466417
AAPL,14593,QMLE-Quote,2001-8-10,0.476103
AAPL,14593,QMLE-Quote,2001-8-13,0.348036
AAPL,14593,QMLE-Quote,2001-8-14,0.37327
AAPL,14593,QMLE-Quote,2001-8-15,0.457144
AAPL,14593,QMLE-Quote,2001-8-16,0.301817
AAPL,14593,QMLE-Quote,2001-8-17,0.559901
AAPL,14593,QMLE-Quote,2001-8-20,0.279851
AAPL,14593,QMLE-Quote,2001-8-21,0.222466
AAPL,14593,QMLE-Quote,2001-8-22,0.466651
AAPL,14593,QMLE-Quote,2001-8-23,0.48446
AAPL,14593,QMLE-Quote,2001-8-24,0.491902
AAPL,14593,QMLE-Quote,2001-8-27,0.450658
AAPL,14593,QMLE-Quote,2001-8-28,0.449861
AAPL,14593,QMLE-Quote,2001-8-29,0.499899
AAPL,14593,QMLE-Quote,2001-8-30,0.582486
AAPL,14593,QMLE-Quote,2001-8-31,0.590471
AAPL,14593,QMLE-Quote,2001-9-4,0.695337
AAPL,14593,QMLE-Quote,2001-9-5,0.63597
AAPL,14593,QMLE-Quote,2001-9-6,0.73321
AAPL,14593,QMLE-Quote,2001-9-7,0.555095
AAPL,14593,QMLE-Quote,2001-9-10,0.435325
AAPL,14593,QMLE-Quote,2001-9-17,0.884287
AAPL,14593,QMLE-Quote,2001-9-18,0.759218
AAPL,14593,QMLE-Quote,2001-9-19,0.965639
AAPL,14593,QMLE-Quote,2001-9-20,0.896383
AAPL,14593,QMLE-Quote,2001-9-21,1.14907
AAPL,14593,QMLE-Quote,2001-9-24,0.598904
AAPL,14593,QMLE-Quote,2001-9-25,0.603092
AAPL,14593,QMLE-Quote,2001-9-26,0.417239
AAPL,14593,QMLE-Quote,2001-9-27,0.376344
AAPL,14593,QMLE-Quote,2001-9-28,0.467958
AAPL,14593,QMLE-Quote,2001-10-1,0.5898
AAPL,14593,QMLE-Quote,2001-10-2,0.679618
AAPL,14593,QMLE-Quote,2001-10-3,0.489543
AAPL,14593,QMLE-Quote,2001-10-4,0.88624
AAPL,14593,QMLE-Quote,2001-10-5,0.561014
AAPL,14593,QMLE-Quote,2001-10-8,0.640052
AAPL,14593,QMLE-Quote,2001-10-9,0.550438
AAPL,14593,QMLE-Quote,2001-10-10,0.525249
AAPL,14593,QMLE-Quote,2001-10-11,0.524718
AAPL,14593,QMLE-Quote,2001-10-12,0.706722
AAPL,14593,QMLE-Quote,2001-10-15,0.526075
AAPL,14593,QMLE-Quote,2001-10-16,0.380484
AAPL,14593,QMLE-Quote,2001-10-17,0.683119
AAPL,14593,QMLE-Quote,2001-10-18,0.597812
AAPL,14593,QMLE-Quote,2001-10-19,0.357672
AAPL,14593,QMLE-Quote,2001-10-22,0.451681
AAPL,14593,QMLE-Quote,2001-10-23,0.676889
AAPL,14593,QMLE-Quote,2001-10-24,0.680949
AAPL,14593,QMLE-Quote,2001-10-25,0.62513
AAPL,14593,QMLE-Quote,2001-10-26,0.473542
AAPL,14593,QMLE-Quote,2001-10-29,0.665219
AAPL,14593,QMLE-Quote,2001-10-30,0.570668
AAPL,14593,QMLE-Quote,2001-10-31,0.705228
AAPL,14593,QMLE-Quote,2001-11-1,0.881385
AAPL,14593,QMLE-Quote,2001-11-2,0.511548
AAPL,14593,QMLE-Quote,2001-11-5,0.453175
AAPL,14593,QMLE-Quote,2001-11-6,0.469914
AAPL,14593,QMLE-Quote,2001-11-7,0.495105
AAPL,14593,QMLE-Quote,2001-11-8,0.57305
AAPL,14593,QMLE-Quote,2001-11-9,0.48295
AAPL,14593,QMLE-Quote,2001-11-12,0.746225
AAPL,14593,QMLE-Quote,2001-11-13,0.470273
AAPL,14593,QMLE-Quote,2001-11-14,0.496326
AAPL,14593,QMLE-Quote,2001-11-15,0.510261
AAPL,14593,QMLE-Quote,2001-11-16,0.52364
AAPL,14593,QMLE-Quote,2001-11-19,0.491576
AAPL,14593,QMLE-Quote,2001-11-20,0.317829
AAPL,14593,QMLE-Quote,2001-11-21,0.461611
AAPL,14593,QMLE-Quote,2001-11-23,0.210623
AAPL,14593,QMLE-Quote,2001-11-26,0.614757
AAPL,14593,QMLE-Quote,2001-11-27,0.53005
AAPL,14593,QMLE-Quote,2001-11-28,0.480188
AAPL,14593,QMLE-Quote,2001-11-29,0.490839
AAPL,14593,QMLE-Quote,2001-11-30,0.501947
AAPL,14593,QMLE-Quote,2001-12-3,0.529042
AAPL,14593,QMLE-Quote,2001-12-4,0.498313
AAPL,14593,QMLE-Quote,2001-12-5,0.580208
AAPL,14593,QMLE-Quote,2001-12-6,0.547466
AAPL,14593,QMLE-Quote,2001-12-7,0.371278
AAPL,14593,QMLE-Quote,2001-12-10,0.389214
AAPL,14593,QMLE-Quote,2001-12-11,0.477066
AAPL,14593,QMLE-Quote,2001-12-12,0.488297
AAPL,14593,QMLE-Quote,2001-12-13,0.566498
AAPL,14593,QMLE-Quote,2001-12-14,0.413141
AAPL,14593,QMLE-Quote,2001-12-17,0.385285
AAPL,14593,QMLE-Quote,2001-12-18,0.487777
AAPL,14593,QMLE-Quote,2001-12-19,0.49163
AAPL,14593,QMLE-Quote,2001-12-20,0.37571
AAPL,14593,QMLE-Quote,2001-12-21,0.492097
AAPL,14593,QMLE-Quote,2001-12-24,0.154288
AAPL,14593,QMLE-Quote,2001-12-26,0.438273
AAPL,14593,QMLE-Quote,2001-12-27,0.455915
AAPL,14593,QMLE-Quote,2001-12-28,0.504258
AAPL,14593,QMLE-Quote,2001-12-31,0.320655
AAPL,14593,QMLE-Quote,2002-1-2,0.488747
AAPL,14593,QMLE-Quote,2002-1-3,0.277814
AAPL,14593,QMLE-Quote,2002-1-4,0.402923
AAPL,14593,QMLE-Quote,2002-1-7,0.449909
AAPL,14593,QMLE-Quote,2002-1-8,0.424751
AAPL,14593,QMLE-Quote,2002-1-9,0.481325
AAPL,14593,QMLE-Quote,2002-1-10,0.563952
AAPL,14593,QMLE-Quote,2002-1-11,0.571199
AAPL,14593,QMLE-Quote,2002-1-14,0.344449
AAPL,14593,QMLE-Quote,2002-1-15,0.456614
AAPL,14593,QMLE-Quote,2002-1-16,0.397634
AAPL,14593,QMLE-Quote,2002-1-17,0.407223
AAPL,14593,QMLE-Quote,2002-1-18,0.465351
AAPL,14593,QMLE-Quote,2002-1-22,0.221349
AAPL,14593,QMLE-Quote,2002-1-23,0.527926
AAPL,14593,QMLE-Quote,2002-1-24,0.280951
AAPL,14593,QMLE-Quote,2002-1-25,0.457281
AAPL,14593,QMLE-Quote,2002-1-28,0.403764
AAPL,14593,QMLE-Quote,2002-1-29,0.325076
AAPL,14593,QMLE-Quote,2002-1-30,0.459677
AAPL,14593,QMLE-Quote,2002-1-31,0.255686
AAPL,14593,QMLE-Quote,2002-2-1,0.336612
AAPL,14593,QMLE-Quote,2002-2-4,0.304864
AAPL,14593,QMLE-Quote,2002-2-5,0.367395
AAPL,14593,QMLE-Quote,2002-2-6,0.610772
AAPL,14593,QMLE-Quote,2002-2-7,0.445365
AAPL,14593,QMLE-Quote,2002-2-8,0.448089
AAPL,14593,QMLE-Quote,2002-2-11,0.576139
AAPL,14593,QMLE-Quote,2002-2-12,0.348501
AAPL,14593,QMLE-Quote,2002-2-13,0.215148
AAPL,14593,QMLE-Quote,2002-2-14,0.415382
AAPL,14593,QMLE-Quote,2002-2-15,0.46406
AAPL,14593,QMLE-Quote,2002-2-19,0.460332
AAPL,14593,QMLE-Quote,2002-2-20,0.453291
AAPL,14593,QMLE-Quote,2002-2-21,0.654235
AAPL,14593,QMLE-Quote,2002-2-22,0.633934
AAPL,14593,QMLE-Quote,2002-2-25,0.58851
AAPL,14593,QMLE-Quote,2002-2-26,0.524142
AAPL,14593,QMLE-Quote,2002-2-27,0.755415
AAPL,14593,QMLE-Quote,2002-2-28,0.597305
AAPL,14593,QMLE-Quote,2002-3-1,0.612205
AAPL,14593,QMLE-Quote,2002-3-4,0.576571
AAPL,14593,QMLE-Quote,2002-3-5,0.628325
AAPL,14593,QMLE-Quote,2002-3-6,0.595461
AAPL,14593,QMLE-Quote,2002-3-7,0.56341
AAPL,14593,QMLE-Quote,2002-3-8,0.44574
AAPL,14593,QMLE-Quote,2002-3-11,0.448092
AAPL,14593,QMLE-Quote,2002-3-12,0.39535
AAPL,14593,QMLE-Quote,2002-3-13,0.319086
AAPL,14593,QMLE-Quote,2002-3-14,0.37588
AAPL,14593,QMLE-Quote,2002-3-15,0.343285
AAPL,14593,QMLE-Quote,2002-3-18,0.285588
AAPL,14593,QMLE-Quote,2002-3-19,0.320816
AAPL,14593,QMLE-Quote,2002-3-20,0.242339
AAPL,14593,QMLE-Quote,2002-3-21,0.448847
AAPL,14593,QMLE-Quote,2002-3-22,0.358982
AAPL,14593,QMLE-Quote,2002-3-25,0.404443
AAPL,14593,QMLE-Quote,2002-3-26,0.359572
AAPL,14593,QMLE-Quote,2002-3-27,0.228317
AAPL,14593,QMLE-Quote,2002-3-28,0.266501
AAPL,14593,QMLE-Quote,2002-4-1,0.415753
AAPL,14593,QMLE-Quote,2002-4-2,0.341633
AAPL,14593,QMLE-Quote,2002-4-3,0.39617
AAPL,14593,QMLE-Quote,2002-4-4,0.576573
AAPL,14593,QMLE-Quote,2002-4-5,0.498563
AAPL,14593,QMLE-Quote,2002-4-8,0.477072
AAPL,14593,QMLE-Quote,2002-4-9,0.381603
AAPL,14593,QMLE-Quote,2002-4-10,0.429108
AAPL,14593,QMLE-Quote,2002-4-11,0.253267
AAPL,14593,QMLE-Quote,2002-4-12,0.311014
AAPL,14593,QMLE-Quote,2002-4-15,0.200899
AAPL,14593,QMLE-Quote,2002-4-16,0.331899
AAPL,14593,QMLE-Quote,2002-4-17,0.369904
AAPL,14593,QMLE-Quote,2002-4-18,0.387317
AAPL,14593,QMLE-Quote,2002-4-19,0.223927
AAPL,14593,QMLE-Quote,2002-4-22,0.270127
AAPL,14593,QMLE-Quote,2002-4-23,0.359165
AAPL,14593,QMLE-Quote,2002-4-24,0.326667
AAPL,14593,QMLE-Quote,2002-4-25,0.500992
AAPL,14593,QMLE-Quote,2002-4-26,0.409938
AAPL,14593,QMLE-Quote,2002-4-29,0.492768
AAPL,14593,QMLE-Quote,2002-4-30,0.372519
AAPL,14593,QMLE-Quote,2002-5-1,0.443615
AAPL,14593,QMLE-Quote,2002-5-2,0.444022
AAPL,14593,QMLE-Quote,2002-5-3,0.381651
AAPL,14593,QMLE-Quote,2002-5-6,0.33911
AAPL,14593,QMLE-Quote,2002-5-7,0.455752
AAPL,14593,QMLE-Quote,2002-5-8,0.525024
AAPL,14593,QMLE-Quote,2002-5-9,0.385552
AAPL,14593,QMLE-Quote,2002-5-10,0.463749
AAPL,14593,QMLE-Quote,2002-5-13,0.542464
AAPL,14593,QMLE-Quote,2002-5-14,0.34922
AAPL,14593,QMLE-Quote,2002-5-15,0.620346
AAPL,14593,QMLE-Quote,2002-5-16,0.42589
AAPL,14593,QMLE-Quote,2002-5-17,0.510503
AAPL,14593,QMLE-Quote,2002-5-20,0.172041
AAPL,14593,QMLE-Quote,2002-5-21,0.353384
AAPL,14593,QMLE-Quote,2002-5-22,0.471896
AAPL,14593,QMLE-Quote,2002-5-23,0.564873
AAPL,14593,QMLE-Quote,2002-5-24,0.412051
AAPL,14593,QMLE-Quote,2002-5-28,0.362565
AAPL,14593,QMLE-Quote,2002-5-29,0.387145
AAPL,14593,QMLE-Quote,2002-5-30,0.356503
AAPL,14593,QMLE-Quote,2002-5-31,0.39114
AAPL,14593,QMLE-Quote,2002-6-3,0.428923
AAPL,14593,QMLE-Quote,2002-6-4,0.489387
AAPL,14593,QMLE-Quote,2002-6-5,0.412634
AAPL,14593,QMLE-Quote,2002-6-6,0.445767
AAPL,14593,QMLE-Quote,2002-6-7,0.406068
AAPL,14593,QMLE-Quote,2002-6-10,0.315109
AAPL,14593,QMLE-Quote,2002-6-11,0.403146
AAPL,14593,QMLE-Quote,2002-6-12,0.43609
AAPL,14593,QMLE-Quote,2002-6-13,0.488152
AAPL,14593,QMLE-Quote,2002-6-14,0.828571
AAPL,14593,QMLE-Quote,2002-6-17,0.42886
AAPL,14593,QMLE-Quote,2002-6-18,0.398959
AAPL,14593,QMLE-Quote,2002-6-19,0.478054
AAPL,14593,QMLE-Quote,2002-6-20,0.537494
AAPL,14593,QMLE-Quote,2002-6-21,0.467635
AAPL,14593,QMLE-Quote,2002-6-24,0.703323
AAPL,14593,QMLE-Quote,2002-6-25,0.413049
AAPL,14593,QMLE-Quote,2002-6-26,0.62888
AAPL,14593,QMLE-Quote,2002-6-27,0.706888
AAPL,14593,QMLE-Quote,2002-6-28,0.503731
AAPL,14593,QMLE-Quote,2002-7-1,0.608939
AAPL,14593,QMLE-Quote,2002-7-2,0.317667
AAPL,14593,QMLE-Quote,2002-7-3,0.558839
AAPL,14593,QMLE-Quote,2002-7-5,0.5478
AAPL,14593,QMLE-Quote,2002-7-8,0.528105
AAPL,14593,QMLE-Quote,2002-7-9,0.629777
AAPL,14593,QMLE-Quote,2002-7-10,0.588977
AAPL,14593,QMLE-Quote,2002-7-11,0.904196
AAPL,14593,QMLE-Quote,2002-7-12,0.620022
AAPL,14593,QMLE-Quote,2002-7-15,0.787271
AAPL,14593,QMLE-Quote,2002-7-16,0.603399
AAPL,14593,QMLE-Quote,2002-7-17,0.660245
AAPL,14593,QMLE-Quote,2002-7-18,0.448014
AAPL,14593,QMLE-Quote,2002-7-19,0.56942
AAPL,14593,QMLE-Quote,2002-7-22,0.748819
AAPL,14593,QMLE-Quote,2002-7-23,0.609636
AAPL,14593,QMLE-Quote,2002-7-24,0.958197
AAPL,14593,QMLE-Quote,2002-7-25,0.951141
AAPL,14593,QMLE-Quote,2002-7-26,0.655843
AAPL,14593,QMLE-Quote,2002-7-29,0.542548
AAPL,14593,QMLE-Quote,2002-7-30,0.796443
AAPL,14593,QMLE-Quote,2002-7-31,0.532025
AAPL,14593,QMLE-Quote,2002-8-1,0.578364
AAPL,14593,QMLE-Quote,2002-8-2,0.497324
AAPL,14593,QMLE-Quote,2002-8-5,0.50646
AAPL,14593,QMLE-Quote,2002-8-6,0.714464
AAPL,14593,QMLE-Quote,2002-8-7,0.781054
AAPL,14593,QMLE-Quote,2002-8-8,0.633105
AAPL,14593,QMLE-Quote,2002-8-9,0.575095
AAPL,14593,QMLE-Quote,2002-8-12,0.235751
AAPL,14593,QMLE-Quote,2002-8-13,0.629051
AAPL,14593,QMLE-Quote,2002-8-14,0.452153
AAPL,14593,QMLE-Quote,2002-8-15,0.745166
AAPL,14593,QMLE-Quote,2002-8-16,0.581876
AAPL,14593,QMLE-Quote,2002-8-19,0.475795
AAPL,14593,QMLE-Quote,2002-8-20,0.505326
AAPL,14593,QMLE-Quote,2002-8-21,0.560684
AAPL,14593,QMLE-Quote,2002-8-22,0.48326
AAPL,14593,QMLE-Quote,2002-8-23,0.439257
AAPL,14593,QMLE-Quote,2002-8-26,0.433911
AAPL,14593,QMLE-Quote,2002-8-27,0.526474
AAPL,14593,QMLE-Quote,2002-8-28,0.447304
AAPL,14593,QMLE-Quote,2002-8-29,0.43691
AAPL,14593,QMLE-Quote,2002-8-30,0.420886
AAPL,14593,QMLE-Quote,2002-9-3,0.276286
AAPL,14593,QMLE-Quote,2002-9-4,0.5526
AAPL,14593,QMLE-Quote,2002-9-5,0.343116
AAPL,14593,QMLE-Quote,2002-9-6,0.373572
AAPL,14593,QMLE-Quote,2002-9-9,0.270455
AAPL,14593,QMLE-Quote,2002-9-10,0.306153
AAPL,14593,QMLE-Quote,2002-9-11,0.379684
AAPL,14593,QMLE-Quote,2002-9-12,0.233561
AAPL,14593,QMLE-Quote,2002-9-13,0.268812
AAPL,14593,QMLE-Quote,2002-9-16,0.346756
AAPL,14593,QMLE-Quote,2002-9-17,0.3317
AAPL,14593,QMLE-Quote,2002-9-18,0.306264
AAPL,14593,QMLE-Quote,2002-9-19,0.243939
AAPL,14593,QMLE-Quote,2002-9-20,0.230373
AAPL,14593,QMLE-Quote,2002-9-23,0.378759
AAPL,14593,QMLE-Quote,2002-9-24,0.389816
AAPL,14593,QMLE-Quote,2002-9-25,0.370597
AAPL,14593,QMLE-Quote,2002-9-26,0.475353
AAPL,14593,QMLE-Quote,2002-9-27,0.457315
AAPL,14593,QMLE-Quote,2002-9-30,0.330048
AAPL,14593,QMLE-Quote,2002-10-1,0.512626
AAPL,14593,QMLE-Quote,2002-10-2,0.508359
AAPL,14593,QMLE-Quote,2002-10-3,0.540415
AAPL,14593,QMLE-Quote,2002-10-4,0.402985
AAPL,14593,QMLE-Quote,2002-10-7,0.408983
AAPL,14593,QMLE-Quote,2002-10-8,0.500002
AAPL,14593,QMLE-Quote,2002-10-9,0.432336
AAPL,14593,QMLE-Quote,2002-10-10,0.498125
AAPL,14593,QMLE-Quote,2002-10-11,0.386454
AAPL,14593,QMLE-Quote,2002-10-14,0.348798
AAPL,14593,QMLE-Quote,2002-10-15,0.390179
AAPL,14593,QMLE-Quote,2002-10-16,0.421206
AAPL,14593,QMLE-Quote,2002-10-17,0.40382
AAPL,14593,QMLE-Quote,2002-10-18,0.328539
AAPL,14593,QMLE-Quote,2002-10-21,0.34677
AAPL,14593,QMLE-Quote,2002-10-22,0.421618
AAPL,14593,QMLE-Quote,2002-10-23,0.463595
AAPL,14593,QMLE-Quote,2002-10-24,0.45861
AAPL,14593,QMLE-Quote,2002-10-25,0.433059
AAPL,14593,QMLE-Quote,2002-10-28,0.458316
AAPL,14593,QMLE-Quote,2002-10-29,0.444525
AAPL,14593,QMLE-Quote,2002-10-30,0.466966
AAPL,14593,QMLE-Quote,2002-10-31,0.497825
AAPL,14593,QMLE-Quote,2002-11-1,0.438962
AAPL,14593,QMLE-Quote,2002-11-4,0.36288
AAPL,14593,QMLE-Quote,2002-11-5,0.426635
AAPL,14593,QMLE-Quote,2002-11-6,0.547426
AAPL,14593,QMLE-Quote,2002-11-7,0.428227
AAPL,14593,QMLE-Quote,2002-11-8,0.342005
AAPL,14593,QMLE-Quote,2002-11-11,0.362934
AAPL,14593,QMLE-Quote,2002-11-12,0.433176
AAPL,14593,QMLE-Quote,2002-11-13,0.624152
AAPL,14593,QMLE-Quote,2002-11-14,0.372039
AAPL,14593,QMLE-Quote,2002-11-15,0.389557
AAPL,14593,QMLE-Quote,2002-11-18,0.419692
AAPL,14593,QMLE-Quote,2002-11-19,0.474516
AAPL,14593,QMLE-Quote,2002-11-20,0.343707
AAPL,14593,QMLE-Quote,2002-11-21,0.422543
AAPL,14593,QMLE-Quote,2002-11-22,0.386636
AAPL,14593,QMLE-Quote,2002-11-25,0.364135
AAPL,14593,QMLE-Quote,2002-11-26,0.373808
AAPL,14593,QMLE-Quote,2002-11-27,0.381644
AAPL,14593,QMLE-Quote,2002-11-29,0.5503
AAPL,14593,QMLE-Quote,2002-12-2,0.46555
AAPL,14593,QMLE-Quote,2002-12-3,0.314233
AAPL,14593,QMLE-Quote,2002-12-4,0.597775
AAPL,14593,QMLE-Quote,2002-12-5,0.449419
AAPL,14593,QMLE-Quote,2002-12-6,0.444184
AAPL,14593,QMLE-Quote,2002-12-9,0.279424
AAPL,14593,QMLE-Quote,2002-12-10,0.365174
AAPL,14593,QMLE-Quote,2002-12-11,0.359454
AAPL,14593,QMLE-Quote,2002-12-12,0.310454
AAPL,14593,QMLE-Quote,2002-12-13,0.334446
AAPL,14593,QMLE-Quote,2002-12-16,0.363086
AAPL,14593,QMLE-Quote,2002-12-17,0.382107
AAPL,14593,QMLE-Quote,2002-12-18,0.28456
AAPL,14593,QMLE-Quote,2002-12-19,0.474141
AAPL,14593,QMLE-Quote,2002-12-20,0.384139
AAPL,14593,QMLE-Quote,2002-12-23,0.28107
AAPL,14593,QMLE-Quote,2002-12-24,0.234211
AAPL,14593,QMLE-Quote,2002-12-26,0.313941
AAPL,14593,QMLE-Quote,2002-12-27,0.240244
AAPL,14593,QMLE-Quote,2002-12-30,0.336375
AAPL,14593,QMLE-Quote,2002-12-31,0.322567
AAPL,14593,QMLE-Quote,2003-1-2,0.390073
AAPL,14593,QMLE-Quote,2003-1-3,0.389394
AAPL,14593,QMLE-Quote,2003-1-6,0.337114
AAPL,14593,QMLE-Quote,2003-1-7,0.42951
AAPL,14593,QMLE-Quote,2003-1-8,0.33538
AAPL,14593,QMLE-Quote,2003-1-9,0.319601
AAPL,14593,QMLE-Quote,2003-1-10,0.365618
AAPL,14593,QMLE-Quote,2003-1-13,0.363489
AAPL,14593,QMLE-Quote,2003-1-14,0.335226
AAPL,14593,QMLE-Quote,2003-1-15,0.273338
AAPL,14593,QMLE-Quote,2003-1-16,0.426704
AAPL,14593,QMLE-Quote,2003-1-17,0.301892
AAPL,14593,QMLE-Quote,2003-1-21,0.271708
AAPL,14593,QMLE-Quote,2003-1-22,0.270179
AAPL,14593,QMLE-Quote,2003-1-23,0.343637
AAPL,14593,QMLE-Quote,2003-1-24,0.401822
AAPL,14593,QMLE-Quote,2003-1-27,0.477383
AAPL,14593,QMLE-Quote,2003-1-28,0.355949
AAPL,14593,QMLE-Quote,2003-1-29,0.358454
AAPL,14593,QMLE-Quote,2003-1-30,0.399072
AAPL,14593,QMLE-Quote,2003-1-31,0.500403
AAPL,14593,QMLE-Quote,2003-2-3,0.370639
AAPL,14593,QMLE-Quote,2003-2-4,0.4475
AAPL,14593,QMLE-Quote,2003-2-5,0.496506
AAPL,14593,QMLE-Quote,2003-2-6,0.372945
AAPL,14593,QMLE-Quote,2003-2-7,0.29469
AAPL,14593,QMLE-Quote,2003-2-10,0.427201
AAPL,14593,QMLE-Quote,2003-2-11,0.312084
AAPL,14593,QMLE-Quote,2003-2-12,0.289856
AAPL,14593,QMLE-Quote,2003-2-13,0.350549
AAPL,14593,QMLE-Quote,2003-2-14,0.342887
AAPL,14593,QMLE-Quote,2003-2-18,0.322346
AAPL,14593,QMLE-Quote,2003-2-19,0.283868
AAPL,14593,QMLE-Quote,2003-2-20,0.230462
AAPL,14593,QMLE-Quote,2003-2-21,0.257721
AAPL,14593,QMLE-Quote,2003-2-24,0.254571
AAPL,14593,QMLE-Quote,2003-2-25,0.301978
AAPL,14593,QMLE-Quote,2003-2-26,0.257104
AAPL,14593,QMLE-Quote,2003-2-27,0.350965
AAPL,14593,QMLE-Quote,2003-2-28,0.223914
AAPL,14593,QMLE-Quote,2003-3-3,0.298628
AAPL,14593,QMLE-Quote,2003-3-4,0.288412
AAPL,14593,QMLE-Quote,2003-3-5,0.310178
AAPL,14593,QMLE-Quote,2003-3-6,0.329587
AAPL,14593,QMLE-Quote,2003-3-7,0.388551
AAPL,14593,QMLE-Quote,2003-3-10,0.236646
AAPL,14593,QMLE-Quote,2003-3-11,0.274251
AAPL,14593,QMLE-Quote,2003-3-12,0.332569
AAPL,14593,QMLE-Quote,2003-3-13,0.356427
AAPL,14593,QMLE-Quote,2003-3-14,0.406267
AAPL,14593,QMLE-Quote,2003-3-17,0.384325
AAPL,14593,QMLE-Quote,2003-3-18,0.35291
AAPL,14593,QMLE-Quote,2003-3-19,0.366281
AAPL,14593,QMLE-Quote,2003-3-20,0.358407
AAPL,14593,QMLE-Quote,2003-3-21,0.32302
AAPL,14593,QMLE-Quote,2003-3-24,0.276444
AAPL,14593,QMLE-Quote,2003-3-25,0.280457
AAPL,14593,QMLE-Quote,2003-3-26,0.269194
AAPL,14593,QMLE-Quote,2003-3-27,0.298582
AAPL,14593,QMLE-Quote,2003-3-28,0.254889
AAPL,14593,QMLE-Quote,2003-3-31,0.254658
AAPL,14593,QMLE-Quote,2003-4-1,0.290181
AAPL,14593,QMLE-Quote,2003-4-2,0.283615
AAPL,14593,QMLE-Quote,2003-4-3,0.354765
AAPL,14593,QMLE-Quote,2003-4-4,0.318496
AAPL,14593,QMLE-Quote,2003-4-7,0.284914
AAPL,14593,QMLE-Quote,2003-4-8,0.245433
AAPL,14593,QMLE-Quote,2003-4-9,0.304942
AAPL,14593,QMLE-Quote,2003-4-10,0.195491
AAPL,14593,QMLE-Quote,2003-4-11,0.696032
AAPL,14593,QMLE-Quote,2003-4-14,0.279828
AAPL,14593,QMLE-Quote,2003-4-15,0.345152
AAPL,14593,QMLE-Quote,2003-4-16,0.631803
AAPL,14593,QMLE-Quote,2003-4-17,0.418906
AAPL,14593,QMLE-Quote,2003-4-21,0.243105
AAPL,14593,QMLE-Quote,2003-4-22,0.296637
AAPL,14593,QMLE-Quote,2003-4-23,0.276162
AAPL,14593,QMLE-Quote,2003-4-24,0.499452
AAPL,14593,QMLE-Quote,2003-4-25,0.298556
AAPL,14593,QMLE-Quote,2003-4-28,0.392309
AAPL,14593,QMLE-Quote,2003-4-29,0.382583
AAPL,14593,QMLE-Quote,2003-4-30,0.378338
AAPL,14593,QMLE-Quote,2003-5-1,0.325124
AAPL,14593,QMLE-Quote,2003-5-2,0.297638
AAPL,14593,QMLE-Quote,2003-5-5,0.706696
AAPL,14593,QMLE-Quote,2003-5-6,0.656944
AAPL,14593,QMLE-Quote,2003-5-7,0.539545
AAPL,14593,QMLE-Quote,2003-5-8,0.428444
AAPL,14593,QMLE-Quote,2003-5-9,0.327785
AAPL,14593,QMLE-Quote,2003-5-12,0.414472
AAPL,14593,QMLE-Quote,2003-5-13,0.356675
AAPL,14593,QMLE-Quote,2003-5-14,0.285679
AAPL,14593,QMLE-Quote,2003-5-15,0.34383
AAPL,14593,QMLE-Quote,2003-5-16,0.332806
AAPL,14593,QMLE-Quote,2003-5-19,0.30918
AAPL,14593,QMLE-Quote,2003-5-20,0.406
AAPL,14593,QMLE-Quote,2003-5-21,0.403727
AAPL,14593,QMLE-Quote,2003-5-22,0.296436
AAPL,14593,QMLE-Quote,2003-5-23,0.340134
AAPL,14593,QMLE-Quote,2003-5-27,0.422185
AAPL,14593,QMLE-Quote,2003-5-28,0.359843
AAPL,14593,QMLE-Quote,2003-5-29,0.43002
AAPL,14593,QMLE-Quote,2003-5-30,0.440748
AAPL,14593,QMLE-Quote,2003-6-2,0.430426
AAPL,14593,QMLE-Quote,2003-6-3,0.436767
AAPL,14593,QMLE-Quote,2003-6-4,0.436994
AAPL,14593,QMLE-Quote,2003-6-5,0.432842
AAPL,14593,QMLE-Quote,2003-6-6,0.497683
AAPL,14593,QMLE-Quote,2003-6-9,0.444588
AAPL,14593,QMLE-Quote,2003-6-10,0.412785
AAPL,14593,QMLE-Quote,2003-6-11,0.442991
AAPL,14593,QMLE-Quote,2003-6-12,0.32257
AAPL,14593,QMLE-Quote,2003-6-13,0.399219
AAPL,14593,QMLE-Quote,2003-6-16,0.387153
AAPL,14593,QMLE-Quote,2003-6-17,0.357028
AAPL,14593,QMLE-Quote,2003-6-18,0.46521
AAPL,14593,QMLE-Quote,2003-6-19,0.522491
AAPL,14593,QMLE-Quote,2003-6-20,0.481104
AAPL,14593,QMLE-Quote,2003-6-23,0.472562
AAPL,14593,QMLE-Quote,2003-6-24,0.376264
AAPL,14593,QMLE-Quote,2003-6-25,0.473479
AAPL,14593,QMLE-Quote,2003-6-26,0.291116
AAPL,14593,QMLE-Quote,2003-6-27,0.395968
AAPL,14593,QMLE-Quote,2003-6-30,0.312798
AAPL,14593,QMLE-Quote,2003-7-1,0.370853
AAPL,14593,QMLE-Quote,2003-7-2,0.264709
AAPL,14593,QMLE-Quote,2003-7-3,0.472442
AAPL,14593,QMLE-Quote,2003-7-7,0.377378
AAPL,14593,QMLE-Quote,2003-7-8,0.375202
AAPL,14593,QMLE-Quote,2003-7-9,0.366078
AAPL,14593,QMLE-Quote,2003-7-10,0.36546
AAPL,14593,QMLE-Quote,2003-7-11,0.403753
AAPL,14593,QMLE-Quote,2003-7-14,0.338967
AAPL,14593,QMLE-Quote,2003-7-15,0.372536
AAPL,14593,QMLE-Quote,2003-7-16,0.458069
AAPL,14593,QMLE-Quote,2003-7-17,0.476111
AAPL,14593,QMLE-Quote,2003-7-18,0.387261
AAPL,14593,QMLE-Quote,2003-7-21,0.34572
AAPL,14593,QMLE-Quote,2003-7-22,0.418355
AAPL,14593,QMLE-Quote,2003-7-23,0.323309
AAPL,14593,QMLE-Quote,2003-7-24,0.452457
AAPL,14593,QMLE-Quote,2003-7-25,0.486167
AAPL,14593,QMLE-Quote,2003-7-28,0.34154
AAPL,14593,QMLE-Quote,2003-7-29,0.415881
AAPL,14593,QMLE-Quote,2003-7-30,0.254368
AAPL,14593,QMLE-Quote,2003-7-31,0.383103
AAPL,14593,QMLE-Quote,2003-8-1,0.384058
AAPL,14593,QMLE-Quote,2003-8-4,0.396022
AAPL,14593,QMLE-Quote,2003-8-5,0.40707
AAPL,14593,QMLE-Quote,2003-8-6,0.418517
AAPL,14593,QMLE-Quote,2003-8-7,0.420379
AAPL,14593,QMLE-Quote,2003-8-8,0.338378
AAPL,14593,QMLE-Quote,2003-8-11,0.307744
AAPL,14593,QMLE-Quote,2003-8-12,0.248419
AAPL,14593,QMLE-Quote,2003-8-13,0.295321
AAPL,14593,QMLE-Quote,2003-8-14,0.333111
AAPL,14593,QMLE-Quote,2003-8-15,0.26073
AAPL,14593,QMLE-Quote,2003-8-18,0.31738
AAPL,14593,QMLE-Quote,2003-8-19,0.341307
AAPL,14593,QMLE-Quote,2003-8-20,0.424933
AAPL,14593,QMLE-Quote,2003-8-21,0.374162
AAPL,14593,QMLE-Quote,2003-8-22,0.402499
AAPL,14593,QMLE-Quote,2003-8-25,0.295436
AAPL,14593,QMLE-Quote,2003-8-26,0.417399
AAPL,14593,QMLE-Quote,2003-8-27,0.241015
AAPL,14593,QMLE-Quote,2003-8-28,0.294151
AAPL,14593,QMLE-Quote,2003-8-29,0.277472
AAPL,14593,QMLE-Quote,2003-9-2,0.314216
AAPL,14593,QMLE-Quote,2003-9-3,0.32449
AAPL,14593,QMLE-Quote,2003-9-4,0.331117
AAPL,14593,QMLE-Quote,2003-9-5,0.360527
AAPL,14593,QMLE-Quote,2003-9-8,0.257071
AAPL,14593,QMLE-Quote,2003-9-9,0.271596
AAPL,14593,QMLE-Quote,2003-9-10,0.385104
AAPL,14593,QMLE-Quote,2003-9-11,0.390007
AAPL,14593,QMLE-Quote,2003-9-12,0.278022
AAPL,14593,QMLE-Quote,2003-9-15,0.328961
AAPL,14593,QMLE-Quote,2003-9-16,0.313166
AAPL,14593,QMLE-Quote,2003-9-17,0.281562
AAPL,14593,QMLE-Quote,2003-9-18,0.340858
AAPL,14593,QMLE-Quote,2003-9-19,0.323102
AAPL,14593,QMLE-Quote,2003-9-22,0.318457
AAPL,14593,QMLE-Quote,2003-9-23,0.297764
AAPL,14593,QMLE-Quote,2003-9-24,0.37357
AAPL,14593,QMLE-Quote,2003-9-25,0.642766
AAPL,14593,QMLE-Quote,2003-9-26,0.476648
AAPL,14593,QMLE-Quote,2003-9-29,0.426009
AAPL,14593,QMLE-Quote,2003-9-30,0.440514
AAPL,14593,QMLE-Quote,2003-10-1,0.399425
AAPL,14593,QMLE-Quote,2003-10-2,0.301816
AAPL,14593,QMLE-Quote,2003-10-3,0.33805
AAPL,14593,QMLE-Quote,2003-10-6,0.211736
AAPL,14593,QMLE-Quote,2003-10-7,0.368056
AAPL,14593,QMLE-Quote,2003-10-8,0.327017
AAPL,14593,QMLE-Quote,2003-10-9,0.452182
AAPL,14593,QMLE-Quote,2003-10-10,0.310442
AAPL,14593,QMLE-Quote,2003-10-13,0.232864
AAPL,14593,QMLE-Quote,2003-10-14,0.264059
AAPL,14593,QMLE-Quote,2003-10-15,0.261786
AAPL,14593,QMLE-Quote,2003-10-16,0.498226
AAPL,14593,QMLE-Quote,2003-10-17,0.358467
AAPL,14593,QMLE-Quote,2003-10-20,0.43276
AAPL,14593,QMLE-Quote,2003-10-21,0.311885
AAPL,14593,QMLE-Quote,2003-10-22,0.35108
AAPL,14593,QMLE-Quote,2003-10-23,0.34074
AAPL,14593,QMLE-Quote,2003-10-24,0.296763
AAPL,14593,QMLE-Quote,2003-10-27,0.231509
AAPL,14593,QMLE-Quote,2003-10-28,0.324822
AAPL,14593,QMLE-Quote,2003-10-29,0.331039
AAPL,14593,QMLE-Quote,2003-10-30,0.401869
AAPL,14593,QMLE-Quote,2003-10-31,0.24755
AAPL,14593,QMLE-Quote,2003-11-3,0.282317
AAPL,14593,QMLE-Quote,2003-11-4,0.278649
AAPL,14593,QMLE-Quote,2003-11-5,0.307444
AAPL,14593,QMLE-Quote,2003-11-6,0.207131
AAPL,14593,QMLE-Quote,2003-11-7,0.218027
AAPL,14593,QMLE-Quote,2003-11-10,0.292703
AAPL,14593,QMLE-Quote,2003-11-11,0.237029
AAPL,14593,QMLE-Quote,2003-11-12,0.331943
AAPL,14593,QMLE-Quote,2003-11-13,0.380567
AAPL,14593,QMLE-Quote,2003-11-14,0.373393
AAPL,14593,QMLE-Quote,2003-11-17,0.332149
AAPL,14593,QMLE-Quote,2003-11-18,0.371947
AAPL,14593,QMLE-Quote,2003-11-19,0.360114
AAPL,14593,QMLE-Quote,2003-11-20,0.448134
AAPL,14593,QMLE-Quote,2003-11-21,0.361181
AAPL,14593,QMLE-Quote,2003-11-24,0.312512
AAPL,14593,QMLE-Quote,2003-11-25,0.283575
AAPL,14593,QMLE-Quote,2003-11-26,0.371597
AAPL,14593,QMLE-Quote,2003-11-28,0.349519
AAPL,14593,QMLE-Quote,2003-12-1,0.345967
AAPL,14593,QMLE-Quote,2003-12-2,0.353278
AAPL,14593,QMLE-Quote,2003-12-3,0.384356
AAPL,14593,QMLE-Quote,2003-12-4,0.287152
AAPL,14593,QMLE-Quote,2003-12-5,0.290659
AAPL,14593,QMLE-Quote,2003-12-8,0.325555
AAPL,14593,QMLE-Quote,2003-12-9,0.377428
AAPL,14593,QMLE-Quote,2003-12-10,0.309837
AAPL,14593,QMLE-Quote,2003-12-11,0.344516
AAPL,14593,QMLE-Quote,2003-12-12,0.284447
AAPL,14593,QMLE-Quote,2003-12-15,0.343199
AAPL,14593,QMLE-Quote,2003-12-16,0.250829
AAPL,14593,QMLE-Quote,2003-12-17,0.323297
AAPL,14593,QMLE-Quote,2003-12-18,0.158219
AAPL,14593,QMLE-Quote,2003-12-19,0.319629
AAPL,14593,QMLE-Quote,2003-12-22,0.295029
AAPL,14593,QMLE-Quote,2003-12-23,0.233954
AAPL,14593,QMLE-Quote,2003-12-24,0.296627
AAPL,14593,QMLE-Quote,2003-12-26,0.250566
AAPL,14593,QMLE-Quote,2003-12-29,0.189844
AAPL,14593,QMLE-Quote,2003-12-30,0.221299
AAPL,14593,QMLE-Quote,2003-12-31,0.238522
AAPL,14593,QMLE-Quote,2004-1-2,0.250232
AAPL,14593,QMLE-Quote,2004-1-5,0.271324
AAPL,14593,QMLE-Quote,2004-1-6,0.371881
AAPL,14593,QMLE-Quote,2004-1-7,0.315962
AAPL,14593,QMLE-Quote,2004-1-8,0.369484
AAPL,14593,QMLE-Quote,2004-1-9,0.401449
AAPL,14593,QMLE-Quote,2004-1-12,0.322194
AAPL,14593,QMLE-Quote,2004-1-13,0.449508
AAPL,14593,QMLE-Quote,2004-1-14,0.29047
AAPL,14593,QMLE-Quote,2004-1-15,0.420131
AAPL,14593,QMLE-Quote,2004-1-16,0.291145
AAPL,14593,QMLE-Quote,2004-1-20,0.260965
AAPL,14593,QMLE-Quote,2004-1-21,0.302402
AAPL,14593,QMLE-Quote,2004-1-22,0.311802
AAPL,14593,QMLE-Quote,2004-1-23,0.283196
AAPL,14593,QMLE-Quote,2004-1-26,0.222577
AAPL,14593,QMLE-Quote,2004-1-27,0.311659
AAPL,14593,QMLE-Quote,2004-1-28,0.417882
AAPL,14593,QMLE-Quote,2004-1-29,0.435184
AAPL,14593,QMLE-Quote,2004-1-30,0.297204
AAPL,14593,QMLE-Quote,2004-2-2,0.350775
AAPL,14593,QMLE-Quote,2004-2-3,0.289049
AAPL,14593,QMLE-Quote,2004-2-4,0.318296
AAPL,14593,QMLE-Quote,2004-2-5,0.313311
AAPL,14593,QMLE-Quote,2004-2-6,0.284327
AAPL,14593,QMLE-Quote,2004-2-9,0.205171
AAPL,14593,QMLE-Quote,2004-2-10,0.217574
AAPL,14593,QMLE-Quote,2004-2-11,0.278759
AAPL,14593,QMLE-Quote,2004-2-12,0.172613
AAPL,14593,QMLE-Quote,2004-2-13,0.423177
AAPL,14593,QMLE-Quote,2004-2-17,0.28497
AAPL,14593,QMLE-Quote,2004-2-18,0.21427
AAPL,14593,QMLE-Quote,2004-2-19,0.35144
AAPL,14593,QMLE-Quote,2004-2-20,0.219566
AAPL,14593,QMLE-Quote,2004-2-23,0.292904
AAPL,14593,QMLE-Quote,2004-2-24,0.360857
AAPL,14593,QMLE-Quote,2004-2-25,0.208762
AAPL,14593,QMLE-Quote,2004-2-26,0.158505
AAPL,14593,QMLE-Quote,2004-2-27,0.260908
AAPL,14593,QMLE-Quote,2004-3-1,0.208702
AAPL,14593,QMLE-Quote,2004-3-2,0.221182
AAPL,14593,QMLE-Quote,2004-3-3,0.237554
AAPL,14593,QMLE-Quote,2004-3-4,0.278513
AAPL,14593,QMLE-Quote,2004-3-5,0.68538
AAPL,14593,QMLE-Quote,2004-3-8,0.510334
AAPL,14593,QMLE-Quote,2004-3-9,0.415787
AAPL,14593,QMLE-Quote,2004-3-10,0.42317
AAPL,14593,QMLE-Quote,2004-3-11,0.409602
AAPL,14593,QMLE-Quote,2004-3-12,0.321341
AAPL,14593,QMLE-Quote,2004-3-15,0.358245
AAPL,14593,QMLE-Quote,2004-3-16,0.424309
AAPL,14593,QMLE-Quote,2004-3-17,0.314135
AAPL,14593,QMLE-Quote,2004-3-18,0.349493
AAPL,14593,QMLE-Quote,2004-3-19,0.321457
AAPL,14593,QMLE-Quote,2004-3-22,0.462214
AAPL,14593,QMLE-Quote,2004-3-23,0.28892
AAPL,14593,QMLE-Quote,2004-3-24,0.293689
AAPL,14593,QMLE-Quote,2004-3-25,0.393277
AAPL,14593,QMLE-Quote,2004-3-26,0.245321
AAPL,14593,QMLE-Quote,2004-3-29,0.250694
AAPL,14593,QMLE-Quote,2004-3-30,0.264175
AAPL,14593,QMLE-Quote,2004-3-31,0.264134
AAPL,14593,QMLE-Quote,2004-4-1,0.371049
AAPL,14593,QMLE-Quote,2004-4-2,0.374372
AAPL,14593,QMLE-Quote,2004-4-5,0.339947
AAPL,14593,QMLE-Quote,2004-4-6,0.383926
AAPL,14593,QMLE-Quote,2004-4-7,0.265422
AAPL,14593,QMLE-Quote,2004-4-8,0.2923
AAPL,14593,QMLE-Quote,2004-4-12,0.198225
AAPL,14593,QMLE-Quote,2004-4-13,0.346563
AAPL,14593,QMLE-Quote,2004-4-14,0.34938
AAPL,14593,QMLE-Quote,2004-4-15,0.550815
AAPL,14593,QMLE-Quote,2004-4-16,0.34786
AAPL,14593,QMLE-Quote,2004-4-19,0.39138
AAPL,14593,QMLE-Quote,2004-4-20,0.252388
AAPL,14593,QMLE-Quote,2004-4-21,0.395511
AAPL,14593,QMLE-Quote,2004-4-22,0.324469
AAPL,14593,QMLE-Quote,2004-4-23,0.35718
AAPL,14593,QMLE-Quote,2004-4-26,0.27934
AAPL,14593,QMLE-Quote,2004-4-27,0.272281
AAPL,14593,QMLE-Quote,2004-4-28,0.330528
AAPL,14593,QMLE-Quote,2004-4-29,0.480843
AAPL,14593,QMLE-Quote,2004-4-30,0.464511
AAPL,14593,QMLE-Quote,2004-5-3,0.370278
AAPL,14593,QMLE-Quote,2004-5-4,0.516368
AAPL,14593,QMLE-Quote,2004-5-5,0.4081
AAPL,14593,QMLE-Quote,2004-5-6,0.400696
AAPL,14593,QMLE-Quote,2004-5-7,0.369972
AAPL,14593,QMLE-Quote,2004-5-10,0.398721
AAPL,14593,QMLE-Quote,2004-5-11,0.30764
AAPL,14593,QMLE-Quote,2004-5-12,0.466472
AAPL,14593,QMLE-Quote,2004-5-13,0.380314
AAPL,14593,QMLE-Quote,2004-5-14,0.36575
AAPL,14593,QMLE-Quote,2004-5-17,0.440299
AAPL,14593,QMLE-Quote,2004-5-18,0.242445
AAPL,14593,QMLE-Quote,2004-5-19,0.206437
AAPL,14593,QMLE-Quote,2004-5-20,0.318505
AAPL,14593,QMLE-Quote,2004-5-21,0.238241
AAPL,14593,QMLE-Quote,2004-5-24,0.36536
AAPL,14593,QMLE-Quote,2004-5-25,0.250069
AAPL,14593,QMLE-Quote,2004-5-26,0.343799
AAPL,14593,QMLE-Quote,2004-5-27,0.287339
AAPL,14593,QMLE-Quote,2004-5-28,0.229477
AAPL,14593,QMLE-Quote,2004-6-1,0.295772
AAPL,14593,QMLE-Quote,2004-6-2,0.321856
AAPL,14593,QMLE-Quote,2004-6-3,0.373443
AAPL,14593,QMLE-Quote,2004-6-4,0.294443
AAPL,14593,QMLE-Quote,2004-6-7,0.239798
AAPL,14593,QMLE-Quote,2004-6-8,0.302685
AAPL,14593,QMLE-Quote,2004-6-9,0.257238
AAPL,14593,QMLE-Quote,2004-6-10,0.255744
AAPL,14593,QMLE-Quote,2004-6-14,0.232154
AAPL,14593,QMLE-Quote,2004-6-15,0.228956
AAPL,14593,QMLE-Quote,2004-6-16,0.370677
AAPL,14593,QMLE-Quote,2004-6-17,0.371218
AAPL,14593,QMLE-Quote,2004-6-18,0.29053
AAPL,14593,QMLE-Quote,2004-6-21,0.362352
AAPL,14593,QMLE-Quote,2004-6-22,0.33065
AAPL,14593,QMLE-Quote,2004-6-23,0.186293
AAPL,14593,QMLE-Quote,2004-6-24,0.226758
AAPL,14593,QMLE-Quote,2004-6-25,0.267138
AAPL,14593,QMLE-Quote,2004-6-28,0.407305
AAPL,14593,QMLE-Quote,2004-6-29,0.299441
AAPL,14593,QMLE-Quote,2004-6-30,0.363114
AAPL,14593,QMLE-Quote,2004-7-1,0.228006
AAPL,14593,QMLE-Quote,2004-7-2,0.423677
AAPL,14593,QMLE-Quote,2004-7-6,0.251036
AAPL,14593,QMLE-Quote,2004-7-7,0.28418
AAPL,14593,QMLE-Quote,2004-7-8,0.323298
AAPL,14593,QMLE-Quote,2004-7-9,0.264454
AAPL,14593,QMLE-Quote,2004-7-12,0.312714
AAPL,14593,QMLE-Quote,2004-7-13,0.265947
AAPL,14593,QMLE-Quote,2004-7-14,0.347084
AAPL,14593,QMLE-Quote,2004-7-15,0.539088
AAPL,14593,QMLE-Quote,2004-7-16,0.260996
AAPL,14593,QMLE-Quote,2004-7-19,0.253415
AAPL,14593,QMLE-Quote,2004-7-20,0.194568
AAPL,14593,QMLE-Quote,2004-7-21,0.327131
AAPL,14593,QMLE-Quote,2004-7-22,0.29518
AAPL,14593,QMLE-Quote,2004-7-23,0.346851
AAPL,14593,QMLE-Quote,2004-7-26,0.369885
AAPL,14593,QMLE-Quote,2004-7-27,0.331789
AAPL,14593,QMLE-Quote,2004-7-28,0.444527
AAPL,14593,QMLE-Quote,2004-7-29,0.247892
AAPL,14593,QMLE-Quote,2004-7-30,0.28223
AAPL,14593,QMLE-Quote,2004-8-2,0.267956
AAPL,14593,QMLE-Quote,2004-8-3,0.254214
AAPL,14593,QMLE-Quote,2004-8-4,0.25508
AAPL,14593,QMLE-Quote,2004-8-5,0.278862
AAPL,14593,QMLE-Quote,2004-8-6,0.356162
AAPL,14593,QMLE-Quote,2004-8-9,0.319309
AAPL,14593,QMLE-Quote,2004-8-10,0.276622
AAPL,14593,QMLE-Quote,2004-8-11,0.32019
AAPL,14593,QMLE-Quote,2004-8-12,0.282932
AAPL,14593,QMLE-Quote,2004-8-13,0.283152
AAPL,14593,QMLE-Quote,2004-8-16,0.327404
AAPL,14593,QMLE-Quote,2004-8-17,0.337215
AAPL,14593,QMLE-Quote,2004-8-18,0.321689
AAPL,14593,QMLE-Quote,2004-8-19,0.305028
AAPL,14593,QMLE-Quote,2004-8-20,0.23415
AAPL,14593,QMLE-Quote,2004-8-23,0.237899
AAPL,14593,QMLE-Quote,2004-8-24,0.236058
AAPL,14593,QMLE-Quote,2004-8-25,0.300679
AAPL,14593,QMLE-Quote,2004-8-26,0.375535
AAPL,14593,QMLE-Quote,2004-8-27,0.228379
AAPL,14593,QMLE-Quote,2004-8-30,0.307887
AAPL,14593,QMLE-Quote,2004-8-31,0.295868
AAPL,14593,QMLE-Quote,2004-9-1,0.372756
AAPL,14593,QMLE-Quote,2004-9-2,0.309887
AAPL,14593,QMLE-Quote,2004-9-3,0.300561
AAPL,14593,QMLE-Quote,2004-9-7,0.25914
AAPL,14593,QMLE-Quote,2004-9-8,0.315733
AAPL,14593,QMLE-Quote,2004-9-9,0.268171
AAPL,14593,QMLE-Quote,2004-9-10,0.309004
AAPL,14593,QMLE-Quote,2004-9-13,0.225304
AAPL,14593,QMLE-Quote,2004-9-14,0.281224
AAPL,14593,QMLE-Quote,2004-9-15,0.232617
AAPL,14593,QMLE-Quote,2004-9-16,0.31557
AAPL,14593,QMLE-Quote,2004-9-17,0.286731
AAPL,14593,QMLE-Quote,2004-9-20,0.257873
AAPL,14593,QMLE-Quote,2004-9-21,0.303454
AAPL,14593,QMLE-Quote,2004-9-22,0.286789
AAPL,14593,QMLE-Quote,2004-9-23,0.218112
AAPL,14593,QMLE-Quote,2004-9-24,0.33456
AAPL,14593,QMLE-Quote,2004-9-27,0.261957
AAPL,14593,QMLE-Quote,2004-9-28,0.247412
AAPL,14593,QMLE-Quote,2004-9-29,0.219493
AAPL,14593,QMLE-Quote,2004-9-30,0.256513
AAPL,14593,QMLE-Quote,2004-10-1,0.210289
AAPL,14593,QMLE-Quote,2004-10-4,0.164318
AAPL,14593,QMLE-Quote,2004-10-5,0.254487
AAPL,14593,QMLE-Quote,2004-10-6,0.224634
AAPL,14593,QMLE-Quote,2004-10-7,0.252137
AAPL,14593,QMLE-Quote,2004-10-8,0.22397
AAPL,14593,QMLE-Quote,2004-10-11,0.228883
AAPL,14593,QMLE-Quote,2004-10-12,0.267061
AAPL,14593,QMLE-Quote,2004-10-13,0.341293
AAPL,14593,QMLE-Quote,2004-10-14,0.4911
AAPL,14593,QMLE-Quote,2004-10-15,0.368011
AAPL,14593,QMLE-Quote,2004-10-18,0.355202
AAPL,14593,QMLE-Quote,2004-10-19,0.329411
AAPL,14593,QMLE-Quote,2004-10-20,0.286146
AAPL,14593,QMLE-Quote,2004-10-21,0.230491
AAPL,14593,QMLE-Quote,2004-10-22,0.227268
AAPL,14593,QMLE-Quote,2004-10-25,0.233724
AAPL,14593,QMLE-Quote,2004-10-26,0.275351
AAPL,14593,QMLE-Quote,2004-10-27,0.343335
AAPL,14593,QMLE-Quote,2004-10-28,0.298098
AAPL,14593,QMLE-Quote,2004-10-29,0.316278
AAPL,14593,QMLE-Quote,2004-11-1,0.30747
AAPL,14593,QMLE-Quote,2004-11-2,0.249724
AAPL,14593,QMLE-Quote,2004-11-3,0.337945
AAPL,14593,QMLE-Quote,2004-11-4,0.30279
AAPL,14593,QMLE-Quote,2004-11-5,0.410911
AAPL,14593,QMLE-Quote,2004-11-8,0.323852
AAPL,14593,QMLE-Quote,2004-11-9,0.282141
AAPL,14593,QMLE-Quote,2004-11-10,0.299823
AAPL,14593,QMLE-Quote,2004-11-11,0.246299
AAPL,14593,QMLE-Quote,2004-11-12,0.215689
AAPL,14593,QMLE-Quote,2004-11-15,0.227285
AAPL,14593,QMLE-Quote,2004-11-16,0.202393
AAPL,14593,QMLE-Quote,2004-11-17,0.255631
AAPL,14593,QMLE-Quote,2004-11-18,0.239111
AAPL,14593,QMLE-Quote,2004-11-19,0.457349
AAPL,14593,QMLE-Quote,2004-11-22,0.555374
AAPL,14593,QMLE-Quote,2004-11-23,0.297437
AAPL,14593,QMLE-Quote,2004-11-24,0.334693
AAPL,14593,QMLE-Quote,2004-11-26,0.300776
AAPL,14593,QMLE-Quote,2004-11-29,0.34247
AAPL,14593,QMLE-Quote,2004-11-30,0.27877
AAPL,14593,QMLE-Quote,2004-12-1,0.302062
AAPL,14593,QMLE-Quote,2004-12-2,0.308592
AAPL,14593,QMLE-Quote,2004-12-3,0.420387
AAPL,14593,QMLE-Quote,2004-12-6,0.367646
AAPL,14593,QMLE-Quote,2004-12-7,0.412647
AAPL,14593,QMLE-Quote,2004-12-8,0.388893
AAPL,14593,QMLE-Quote,2004-12-9,0.363581
AAPL,14593,QMLE-Quote,2004-12-10,0.282276
AAPL,14593,QMLE-Quote,2004-12-13,0.225249
AAPL,14593,QMLE-Quote,2004-12-14,0.212112
AAPL,14593,QMLE-Quote,2004-12-15,0.209615
AAPL,14593,QMLE-Quote,2004-12-16,0.304288
AAPL,14593,QMLE-Quote,2004-12-17,0.231741
AAPL,14593,QMLE-Quote,2004-12-20,0.368464
AAPL,14593,QMLE-Quote,2004-12-21,0.395422
AAPL,14593,QMLE-Quote,2004-12-22,0.232004
AAPL,14593,QMLE-Quote,2004-12-23,0.130895
AAPL,14593,QMLE-Quote,2004-12-27,0.299273
AAPL,14593,QMLE-Quote,2004-12-28,0.236392
AAPL,14593,QMLE-Quote,2004-12-29,0.254398
AAPL,14593,QMLE-Quote,2004-12-30,0.165623
AAPL,14593,QMLE-Quote,2004-12-31,0.186429
AAPL,14593,QMLE-Quote,2005-1-3,0.354902
AAPL,14593,QMLE-Quote,2005-1-4,0.368475
AAPL,14593,QMLE-Quote,2005-1-5,0.279922
AAPL,14593,QMLE-Quote,2005-1-6,0.336776
AAPL,14593,QMLE-Quote,2005-1-7,0.430853
AAPL,14593,QMLE-Quote,2005-1-10,0.439377
AAPL,14593,QMLE-Quote,2005-1-11,0.805754
AAPL,14593,QMLE-Quote,2005-1-12,0.478711
AAPL,14593,QMLE-Quote,2005-1-13,0.458312
AAPL,14593,QMLE-Quote,2005-1-14,0.391607
AAPL,14593,QMLE-Quote,2005-1-18,0.308108
AAPL,14593,QMLE-Quote,2005-1-19,0.260065
AAPL,14593,QMLE-Quote,2005-1-20,0.299249
AAPL,14593,QMLE-Quote,2005-1-21,0.236493
AAPL,14593,QMLE-Quote,2005-1-24,0.258243
AAPL,14593,QMLE-Quote,2005-1-25,0.272566
AAPL,14593,QMLE-Quote,2005-1-26,0.270115
AAPL,14593,QMLE-Quote,2005-1-27,0.230514
AAPL,14593,QMLE-Quote,2005-1-28,0.250674
AAPL,14593,QMLE-Quote,2005-1-31,0.292216
AAPL,14593,QMLE-Quote,2005-2-1,0.215953
AAPL,14593,QMLE-Quote,2005-2-2,0.258266
AAPL,14593,QMLE-Quote,2005-2-3,0.222598
AAPL,14593,QMLE-Quote,2005-2-4,0.188389
AAPL,14593,QMLE-Quote,2005-2-7,0.224176
AAPL,14593,QMLE-Quote,2005-2-8,0.231374
AAPL,14593,QMLE-Quote,2005-2-9,0.390798
AAPL,14593,QMLE-Quote,2005-2-10,0.428143
AAPL,14593,QMLE-Quote,2005-2-11,0.316798
AAPL,14593,QMLE-Quote,2005-2-14,0.269729
AAPL,14593,QMLE-Quote,2005-2-15,0.35483
AAPL,14593,QMLE-Quote,2005-2-16,0.33748
AAPL,14593,QMLE-Quote,2005-2-17,0.31765
AAPL,14593,QMLE-Quote,2005-2-18,0.254531
AAPL,14593,QMLE-Quote,2005-2-22,0.331409
AAPL,14593,QMLE-Quote,2005-2-23,0.305887
AAPL,14593,QMLE-Quote,2005-2-24,0.338065
AAPL,14593,QMLE-Quote,2005-2-25,0.227247
AAPL,14593,QMLE-Quote,2005-2-28,0.442678
AAPL,14593,QMLE-Quote,2005-3-1,0.272064
AAPL,14593,QMLE-Quote,2005-3-2,0.273482
AAPL,14593,QMLE-Quote,2005-3-3,0.500384
AAPL,14593,QMLE-Quote,2005-3-4,0.346758
AAPL,14593,QMLE-Quote,2005-3-7,0.336306
AAPL,14593,QMLE-Quote,2005-3-8,0.442371
AAPL,14593,QMLE-Quote,2005-3-9,0.425771
AAPL,14593,QMLE-Quote,2005-3-10,0.395806
AAPL,14593,QMLE-Quote,2005-3-11,0.327136
AAPL,14593,QMLE-Quote,2005-3-14,0.334522
AAPL,14593,QMLE-Quote,2005-3-15,0.298596
AAPL,14593,QMLE-Quote,2005-3-16,0.388892
AAPL,14593,QMLE-Quote,2005-3-17,0.364887
AAPL,14593,QMLE-Quote,2005-3-18,0.271461
AAPL,14593,QMLE-Quote,2005-3-21,0.24897
AAPL,14593,QMLE-Quote,2005-3-22,0.338618
AAPL,14593,QMLE-Quote,2005-3-23,0.362401
AAPL,14593,QMLE-Quote,2005-3-24,0.216665
AAPL,14593,QMLE-Quote,2005-3-28,0.191252
AAPL,14593,QMLE-Quote,2005-3-29,0.299074
AAPL,14593,QMLE-Quote,2005-3-30,0.238101
AAPL,14593,QMLE-Quote,2005-3-31,0.268811
AAPL,14593,QMLE-Quote,2005-4-1,0.387916
AAPL,14593,QMLE-Quote,2005-4-4,0.387095
AAPL,14593,QMLE-Quote,2005-4-5,0.252975
AAPL,14593,QMLE-Quote,2005-4-6,0.207197
AAPL,14593,QMLE-Quote,2005-4-7,0.230418
AAPL,14593,QMLE-Quote,2005-4-8,0.258958
AAPL,14593,QMLE-Quote,2005-4-11,0.336041
AAPL,14593,QMLE-Quote,2005-4-12,0.339119
AAPL,14593,QMLE-Quote,2005-4-13,0.402125
AAPL,14593,QMLE-Quote,2005-4-14,0.59946
AAPL,14593,QMLE-Quote,2005-4-15,0.614234
AAPL,14593,QMLE-Quote,2005-4-18,0.61043
AAPL,14593,QMLE-Quote,2005-4-19,0.353146
AAPL,14593,QMLE-Quote,2005-4-20,0.404198
AAPL,14593,QMLE-Quote,2005-4-21,0.345823
AAPL,14593,QMLE-Quote,2005-4-22,0.445572
AAPL,14593,QMLE-Quote,2005-4-25,0.29859
AAPL,14593,QMLE-Quote,2005-4-26,0.346783
AAPL,14593,QMLE-Quote,2005-4-27,0.409531
AAPL,14593,QMLE-Quote,2005-4-28,0.318052
AAPL,14593,QMLE-Quote,2005-4-29,0.363952
AAPL,14593,QMLE-Quote,2005-5-2,0.219976
AAPL,14593,QMLE-Quote,2005-5-3,0.301265
AAPL,14593,QMLE-Quote,2005-5-4,0.236238
AAPL,14593,QMLE-Quote,2005-5-5,0.314256
AAPL,14593,QMLE-Quote,2005-5-6,0.177708
AAPL,14593,QMLE-Quote,2005-5-9,0.212982
AAPL,14593,QMLE-Quote,2005-5-10,0.250677
AAPL,14593,QMLE-Quote,2005-5-11,0.528786
AAPL,14593,QMLE-Quote,2005-5-12,0.430881
AAPL,14593,QMLE-Quote,2005-5-13,0.344066
AAPL,14593,QMLE-Quote,2005-5-16,0.371563
AAPL,14593,QMLE-Quote,2005-5-17,0.273207
AAPL,14593,QMLE-Quote,2005-5-18,0.296293
AAPL,14593,QMLE-Quote,2005-5-19,0.338253
AAPL,14593,QMLE-Quote,2005-5-20,0.206515
AAPL,14593,QMLE-Quote,2005-5-23,0.360198
AAPL,14593,QMLE-Quote,2005-5-24,0.292374
AAPL,14593,QMLE-Quote,2005-5-25,0.221546
AAPL,14593,QMLE-Quote,2005-5-26,0.244741
AAPL,14593,QMLE-Quote,2005-5-27,0.225745
AAPL,14593,QMLE-Quote,2005-5-31,0.216502
AAPL,14593,QMLE-Quote,2005-6-1,0.249024
AAPL,14593,QMLE-Quote,2005-6-2,0.248021
AAPL,14593,QMLE-Quote,2005-6-3,0.322705
AAPL,14593,QMLE-Quote,2005-6-6,0.35297
AAPL,14593,QMLE-Quote,2005-6-7,0.334935
AAPL,14593,QMLE-Quote,2005-6-8,0.235346
AAPL,14593,QMLE-Quote,2005-6-9,0.265932
AAPL,14593,QMLE-Quote,2005-6-10,0.402186
AAPL,14593,QMLE-Quote,2005-6-13,0.268539
AAPL,14593,QMLE-Quote,2005-6-14,0.23524
AAPL,14593,QMLE-Quote,2005-6-15,0.276604
AAPL,14593,QMLE-Quote,2005-6-16,0.328588
AAPL,14593,QMLE-Quote,2005-6-17,0.268381
AAPL,14593,QMLE-Quote,2005-6-20,0.228002
AAPL,14593,QMLE-Quote,2005-6-21,0.280374
AAPL,14593,QMLE-Quote,2005-6-22,0.214708
AAPL,14593,QMLE-Quote,2005-6-23,0.299418
AAPL,14593,QMLE-Quote,2005-6-24,0.313427
AAPL,14593,QMLE-Quote,2005-6-27,0.358516
AAPL,14593,QMLE-Quote,2005-6-28,0.202383
AAPL,14593,QMLE-Quote,2005-6-29,0.262782
AAPL,14593,QMLE-Quote,2005-6-30,0.251163
AAPL,14593,QMLE-Quote,2005-7-1,0.215529
AAPL,14593,QMLE-Quote,2005-7-5,0.261188
AAPL,14593,QMLE-Quote,2005-7-6,0.26402
AAPL,14593,QMLE-Quote,2005-7-7,0.299804
AAPL,14593,QMLE-Quote,2005-7-8,0.218017
AAPL,14593,QMLE-Quote,2005-7-11,0.215768
AAPL,14593,QMLE-Quote,2005-7-12,0.205939
AAPL,14593,QMLE-Quote,2005-7-13,0.203002
AAPL,14593,QMLE-Quote,2005-7-14,0.428522
AAPL,14593,QMLE-Quote,2005-7-15,0.236116
AAPL,14593,QMLE-Quote,2005-7-18,0.22555
AAPL,14593,QMLE-Quote,2005-7-19,0.220304
AAPL,14593,QMLE-Quote,2005-7-20,0.218753
AAPL,14593,QMLE-Quote,2005-7-21,0.307527
AAPL,14593,QMLE-Quote,2005-7-22,0.216937
AAPL,14593,QMLE-Quote,2005-7-25,0.20051
AAPL,14593,QMLE-Quote,2005-7-26,0.245657
AAPL,14593,QMLE-Quote,2005-7-27,0.254299
AAPL,14593,QMLE-Quote,2005-7-28,0.255883
AAPL,14593,QMLE-Quote,2005-7-29,0.398933
AAPL,14593,QMLE-Quote,2005-8-1,0.297525
AAPL,14593,QMLE-Quote,2005-8-2,0.200491
AAPL,14593,QMLE-Quote,2005-8-3,0.224529
AAPL,14593,QMLE-Quote,2005-8-4,0.153789
AAPL,14593,QMLE-Quote,2005-8-5,0.202683
AAPL,14593,QMLE-Quote,2005-8-8,0.215991
AAPL,14593,QMLE-Quote,2005-8-9,0.210388
AAPL,14593,QMLE-Quote,2005-8-10,0.259513
AAPL,14593,QMLE-Quote,2005-8-11,0.171321
AAPL,14593,QMLE-Quote,2005-8-12,0.318146
AAPL,14593,QMLE-Quote,2005-8-15,0.335717
AAPL,14593,QMLE-Quote,2005-8-16,0.26338
AAPL,14593,QMLE-Quote,2005-8-17,0.215052
AAPL,14593,QMLE-Quote,2005-8-18,0.262187
AAPL,14593,QMLE-Quote,2005-8-19,0.222206
AAPL,14593,QMLE-Quote,2005-8-22,0.261594
AAPL,14593,QMLE-Quote,2005-8-23,0.210543
AAPL,14593,QMLE-Quote,2005-8-24,0.303283
AAPL,14593,QMLE-Quote,2005-8-25,0.216359
AAPL,14593,QMLE-Quote,2005-8-26,0.206801
AAPL,14593,QMLE-Quote,2005-8-29,0.235771
AAPL,14593,QMLE-Quote,2005-8-30,0.241104
AAPL,14593,QMLE-Quote,2005-8-31,0.257475
AAPL,14593,QMLE-Quote,2005-9-1,0.252958
AAPL,14593,QMLE-Quote,2005-9-2,0.195563
AAPL,14593,QMLE-Quote,2005-9-6,0.289401
AAPL,14593,QMLE-Quote,2005-9-7,0.339839
AAPL,14593,QMLE-Quote,2005-9-8,0.248588
AAPL,14593,QMLE-Quote,2005-9-9,0.20867
AAPL,14593,QMLE-Quote,2005-9-12,0.238517
AAPL,14593,QMLE-Quote,2005-9-13,0.224959
AAPL,14593,QMLE-Quote,2005-9-14,0.252563
AAPL,14593,QMLE-Quote,2005-9-15,0.246802
AAPL,14593,QMLE-Quote,2005-9-16,0.209422
AAPL,14593,QMLE-Quote,2005-9-19,0.254843
AAPL,14593,QMLE-Quote,2005-9-20,0.27462
AAPL,14593,QMLE-Quote,2005-9-21,0.253971
AAPL,14593,QMLE-Quote,2005-9-22,0.310858
AAPL,14593,QMLE-Quote,2005-9-23,0.256532
AAPL,14593,QMLE-Quote,2005-9-26,0.278764
AAPL,14593,QMLE-Quote,2005-9-27,0.217642
AAPL,14593,QMLE-Quote,2005-9-28,0.387204
AAPL,14593,QMLE-Quote,2005-9-29,0.252205
AAPL,14593,QMLE-Quote,2005-9-30,0.261387
AAPL,14593,QMLE-Quote,2005-10-3,0.235746
AAPL,14593,QMLE-Quote,2005-10-4,0.225993
AAPL,14593,QMLE-Quote,2005-10-5,0.281033
AAPL,14593,QMLE-Quote,2005-10-6,0.377789
AAPL,14593,QMLE-Quote,2005-10-7,0.346415
AAPL,14593,QMLE-Quote,2005-10-10,0.283413
AAPL,14593,QMLE-Quote,2005-10-11,0.320741
AAPL,14593,QMLE-Quote,2005-10-12,0.66678
AAPL,14593,QMLE-Quote,2005-10-13,0.438984
AAPL,14593,QMLE-Quote,2005-10-14,0.411452
AAPL,14593,QMLE-Quote,2005-10-17,0.290307
AAPL,14593,QMLE-Quote,2005-10-18,0.265887
AAPL,14593,QMLE-Quote,2005-10-19,0.354447
AAPL,14593,QMLE-Quote,2005-10-20,0.458493
AAPL,14593,QMLE-Quote,2005-10-21,0.353115
AAPL,14593,QMLE-Quote,2005-10-24,0.311441
AAPL,14593,QMLE-Quote,2005-10-25,0.231879
AAPL,14593,QMLE-Quote,2005-10-26,0.261252
AAPL,14593,QMLE-Quote,2005-10-27,0.258592
AAPL,14593,QMLE-Quote,2005-10-28,0.383176
AAPL,14593,QMLE-Quote,2005-10-31,0.350428
AAPL,14593,QMLE-Quote,2005-11-1,0.344474
AAPL,14593,QMLE-Quote,2005-11-2,0.296616
AAPL,14593,QMLE-Quote,2005-11-3,0.339668
AAPL,14593,QMLE-Quote,2005-11-4,0.296699
AAPL,14593,QMLE-Quote,2005-11-7,0.296465
AAPL,14593,QMLE-Quote,2005-11-8,0.263745
AAPL,14593,QMLE-Quote,2005-11-9,0.295046
AAPL,14593,QMLE-Quote,2005-11-10,0.344059
AAPL,14593,QMLE-Quote,2005-11-11,0.218564
AAPL,14593,QMLE-Quote,2005-11-14,0.224046
AAPL,14593,QMLE-Quote,2005-11-15,0.269351
AAPL,14593,QMLE-Quote,2005-11-16,0.260115
AAPL,14593,QMLE-Quote,2005-11-17,0.241087
AAPL,14593,QMLE-Quote,2005-11-18,0.266235
AAPL,14593,QMLE-Quote,2005-11-21,0.236237
AAPL,14593,QMLE-Quote,2005-11-22,0.24877
AAPL,14593,QMLE-Quote,2005-11-23,0.233193
AAPL,14593,QMLE-Quote,2005-11-25,0.290768
AAPL,14593,QMLE-Quote,2005-11-28,0.308406
AAPL,14593,QMLE-Quote,2005-11-29,0.357254
AAPL,14593,QMLE-Quote,2005-11-30,0.293534
AAPL,14593,QMLE-Quote,2005-12-1,0.23533
AAPL,14593,QMLE-Quote,2005-12-2,0.334632
AAPL,14593,QMLE-Quote,2005-12-5,0.247199
AAPL,14593,QMLE-Quote,2005-12-6,0.273219
AAPL,14593,QMLE-Quote,2005-12-7,0.260553
AAPL,14593,QMLE-Quote,2005-12-8,0.274774
AAPL,14593,QMLE-Quote,2005-12-9,0.231079
AAPL,14593,QMLE-Quote,2005-12-12,0.173004
AAPL,14593,QMLE-Quote,2005-12-13,0.206738
AAPL,14593,QMLE-Quote,2005-12-14,0.332041
AAPL,14593,QMLE-Quote,2005-12-15,0.238338
AAPL,14593,QMLE-Quote,2005-12-16,0.204216
AAPL,14593,QMLE-Quote,2005-12-19,0.24738
AAPL,14593,QMLE-Quote,2005-12-20,0.258327
AAPL,14593,QMLE-Quote,2005-12-21,0.186587
AAPL,14593,QMLE-Quote,2005-12-22,0.162131
AAPL,14593,QMLE-Quote,2005-12-23,0.134804
AAPL,14593,QMLE-Quote,2005-12-27,0.21442
AAPL,14593,QMLE-Quote,2005-12-28,0.185014
AAPL,14593,QMLE-Quote,2005-12-29,0.218771
AAPL,14593,QMLE-Quote,2005-12-30,0.243843
AAPL,14593,QMLE-Quote,2006-1-3,0.280057
AAPL,14593,QMLE-Quote,2006-1-4,0.25387
AAPL,14593,QMLE-Quote,2006-1-5,0.215759
AAPL,14593,QMLE-Quote,2006-1-6,0.239404
AAPL,14593,QMLE-Quote,2006-1-9,0.218798
AAPL,14593,QMLE-Quote,2006-1-10,0.570783
AAPL,14593,QMLE-Quote,2006-1-11,0.271907
AAPL,14593,QMLE-Quote,2006-1-12,0.292318
AAPL,14593,QMLE-Quote,2006-1-13,0.246045
AAPL,14593,QMLE-Quote,2006-1-17,0.250699
AAPL,14593,QMLE-Quote,2006-1-18,0.305837
AAPL,14593,QMLE-Quote,2006-1-19,0.379514
AAPL,14593,QMLE-Quote,2006-1-20,0.361272
AAPL,14593,QMLE-Quote,2006-1-23,0.382919
AAPL,14593,QMLE-Quote,2006-1-24,0.325279
AAPL,14593,QMLE-Quote,2006-1-25,0.518515
AAPL,14593,QMLE-Quote,2006-1-26,0.481653
AAPL,14593,QMLE-Quote,2006-1-27,0.437106
AAPL,14593,QMLE-Quote,2006-1-30,0.479886
AAPL,14593,QMLE-Quote,2006-1-31,0.409958
AAPL,14593,QMLE-Quote,2006-2-1,0.360793
AAPL,14593,QMLE-Quote,2006-2-2,0.326506
AAPL,14593,QMLE-Quote,2006-2-3,0.428523
AAPL,14593,QMLE-Quote,2006-2-6,0.576065
AAPL,14593,QMLE-Quote,2006-2-7,0.474607
AAPL,14593,QMLE-Quote,2006-2-8,0.48877
AAPL,14593,QMLE-Quote,2006-2-9,0.447091
AAPL,14593,QMLE-Quote,2006-2-10,0.590132
AAPL,14593,QMLE-Quote,2006-2-13,0.38934
AAPL,14593,QMLE-Quote,2006-2-14,0.368557
AAPL,14593,QMLE-Quote,2006-2-15,0.383235
AAPL,14593,QMLE-Quote,2006-2-16,0.295018
AAPL,14593,QMLE-Quote,2006-2-17,0.258565
AAPL,14593,QMLE-Quote,2006-2-21,0.293055
AAPL,14593,QMLE-Quote,2006-2-22,0.339828
AAPL,14593,QMLE-Quote,2006-2-23,0.290392
AAPL,14593,QMLE-Quote,2006-2-24,0.227287
AAPL,14593,QMLE-Quote,2006-2-27,0.300454
AAPL,14593,QMLE-Quote,2006-2-28,0.51029
AAPL,14593,QMLE-Quote,2006-3-1,0.318556
AAPL,14593,QMLE-Quote,2006-3-2,0.275829
AAPL,14593,QMLE-Quote,2006-3-3,0.296323
AAPL,14593,QMLE-Quote,2006-3-6,0.325486
AAPL,14593,QMLE-Quote,2006-3-7,0.325123
AAPL,14593,QMLE-Quote,2006-3-8,0.353229
AAPL,14593,QMLE-Quote,2006-3-9,0.343687
AAPL,14593,QMLE-Quote,2006-3-10,0.43851
AAPL,14593,QMLE-Quote,2006-3-13,0.305466
AAPL,14593,QMLE-Quote,2006-3-14,0.239855
AAPL,14593,QMLE-Quote,2006-3-15,0.284332
AAPL,14593,QMLE-Quote,2006-3-16,0.251692
AAPL,14593,QMLE-Quote,2006-3-17,0.265541
AAPL,14593,QMLE-Quote,2006-3-20,0.258638
AAPL,14593,QMLE-Quote,2006-3-21,0.358588
AAPL,14593,QMLE-Quote,2006-3-22,0.364067
AAPL,14593,QMLE-Quote,2006-3-23,0.339507
AAPL,14593,QMLE-Quote,2006-3-24,0.315018
AAPL,14593,QMLE-Quote,2006-3-27,0.296942
AAPL,14593,QMLE-Quote,2006-3-28,0.325741
AAPL,14593,QMLE-Quote,2006-3-29,0.446182
AAPL,14593,QMLE-Quote,2006-3-30,0.37592
AAPL,14593,QMLE-Quote,2006-3-31,0.260829
AAPL,14593,QMLE-Quote,2006-4-3,0.297944
AAPL,14593,QMLE-Quote,2006-4-4,0.2881
AAPL,14593,QMLE-Quote,2006-4-5,0.378215
AAPL,14593,QMLE-Quote,2006-4-6,0.394522
AAPL,14593,QMLE-Quote,2006-4-7,0.352695
AAPL,14593,QMLE-Quote,2006-4-10,0.299526
AAPL,14593,QMLE-Quote,2006-4-11,0.332445
AAPL,14593,QMLE-Quote,2006-4-12,0.265831
AAPL,14593,QMLE-Quote,2006-4-13,0.303083
AAPL,14593,QMLE-Quote,2006-4-17,0.273805
AAPL,14593,QMLE-Quote,2006-4-18,0.275696
AAPL,14593,QMLE-Quote,2006-4-19,0.252261
AAPL,14593,QMLE-Quote,2006-4-20,0.380772
AAPL,14593,QMLE-Quote,2006-4-21,0.286765
AAPL,14593,QMLE-Quote,2006-4-24,0.292426
AAPL,14593,QMLE-Quote,2006-4-25,0.222905
AAPL,14593,QMLE-Quote,2006-4-26,0.253103
AAPL,14593,QMLE-Quote,2006-4-27,0.296358
AAPL,14593,QMLE-Quote,2006-4-28,0.250026
AAPL,14593,QMLE-Quote,2006-5-1,0.273293
AAPL,14593,QMLE-Quote,2006-5-2,0.263938
AAPL,14593,QMLE-Quote,2006-5-3,0.281654
AAPL,14593,QMLE-Quote,2006-5-4,0.337029
AAPL,14593,QMLE-Quote,2006-5-5,0.238607
AAPL,14593,QMLE-Quote,2006-5-8,0.242764
AAPL,14593,QMLE-Quote,2006-5-9,0.243595
AAPL,14593,QMLE-Quote,2006-5-10,0.282683
AAPL,14593,QMLE-Quote,2006-5-11,0.30621
AAPL,14593,QMLE-Quote,2006-5-12,0.39382
AAPL,14593,QMLE-Quote,2006-5-15,0.316201
AAPL,14593,QMLE-Quote,2006-5-16,0.343429
AAPL,14593,QMLE-Quote,2006-5-17,0.343236
AAPL,14593,QMLE-Quote,2006-5-18,0.327257
AAPL,14593,QMLE-Quote,2006-5-19,0.384318
AAPL,14593,QMLE-Quote,2006-5-22,0.312447
AAPL,14593,QMLE-Quote,2006-5-23,0.313005
AAPL,14593,QMLE-Quote,2006-5-24,0.469101
AAPL,14593,QMLE-Quote,2006-5-25,0.280558
AAPL,14593,QMLE-Quote,2006-5-26,0.276022
AAPL,14593,QMLE-Quote,2006-5-30,0.21904
AAPL,14593,QMLE-Quote,2006-5-31,0.343295
AAPL,14593,QMLE-Quote,2006-6-1,0.313526
AAPL,14593,QMLE-Quote,2006-6-2,0.313149
AAPL,14593,QMLE-Quote,2006-6-5,0.251475
AAPL,14593,QMLE-Quote,2006-6-6,0.328216
AAPL,14593,QMLE-Quote,2006-6-7,0.312288
AAPL,14593,QMLE-Quote,2006-6-8,0.471687
AAPL,14593,QMLE-Quote,2006-6-9,0.370667
AAPL,14593,QMLE-Quote,2006-6-12,0.381017
AAPL,14593,QMLE-Quote,2006-6-13,0.45932
AAPL,14593,QMLE-Quote,2006-6-14,0.379885
AAPL,14593,QMLE-Quote,2006-6-15,0.361682
AAPL,14593,QMLE-Quote,2006-6-16,0.327527
AAPL,14593,QMLE-Quote,2006-6-19,0.314561
AAPL,14593,QMLE-Quote,2006-6-20,0.287188
AAPL,14593,QMLE-Quote,2006-6-21,0.271556
AAPL,14593,QMLE-Quote,2006-6-22,0.324782
AAPL,14593,QMLE-Quote,2006-6-23,0.317255
AAPL,14593,QMLE-Quote,2006-6-26,0.210921
AAPL,14593,QMLE-Quote,2006-6-27,0.229746
AAPL,14593,QMLE-Quote,2006-6-28,0.349942
AAPL,14593,QMLE-Quote,2006-6-29,0.329583
AAPL,14593,QMLE-Quote,2006-6-30,0.29445
AAPL,14593,QMLE-Quote,2006-7-3,0.186928
AAPL,14593,QMLE-Quote,2006-7-5,0.237983
AAPL,14593,QMLE-Quote,2006-7-6,0.260154
AAPL,14593,QMLE-Quote,2006-7-7,0.338372
AAPL,14593,QMLE-Quote,2006-7-10,0.276656
AAPL,14593,QMLE-Quote,2006-7-11,0.340602
AAPL,14593,QMLE-Quote,2006-7-12,0.338391
AAPL,14593,QMLE-Quote,2006-7-13,0.461375
AAPL,14593,QMLE-Quote,2006-7-14,0.467898
AAPL,14593,QMLE-Quote,2006-7-17,0.338872
AAPL,14593,QMLE-Quote,2006-7-18,0.391638
AAPL,14593,QMLE-Quote,2006-7-19,0.417878
AAPL,14593,QMLE-Quote,2006-7-20,0.358332
AAPL,14593,QMLE-Quote,2006-7-21,0.311655
AAPL,14593,QMLE-Quote,2006-7-24,0.295334
AAPL,14593,QMLE-Quote,2006-7-25,0.247721
AAPL,14593,QMLE-Quote,2006-7-26,0.301112
AAPL,14593,QMLE-Quote,2006-7-27,0.3173
AAPL,14593,QMLE-Quote,2006-7-28,0.239331
AAPL,14593,QMLE-Quote,2006-7-31,0.286795
AAPL,14593,QMLE-Quote,2006-8-1,0.264406
AAPL,14593,QMLE-Quote,2006-8-2,0.227469
AAPL,14593,QMLE-Quote,2006-8-3,0.288997
AAPL,14593,QMLE-Quote,2006-8-4,0.472034
AAPL,14593,QMLE-Quote,2006-8-7,0.452624
AAPL,14593,QMLE-Quote,2006-8-8,0.358822
AAPL,14593,QMLE-Quote,2006-8-9,0.363752
AAPL,14593,QMLE-Quote,2006-8-10,0.35394
AAPL,14593,QMLE-Quote,2006-8-11,0.307718
AAPL,14593,QMLE-Quote,2006-8-14,0.283189
AAPL,14593,QMLE-Quote,2006-8-15,0.238787
AAPL,14593,QMLE-Quote,2006-8-16,0.284616
AAPL,14593,QMLE-Quote,2006-8-17,0.261753
AAPL,14593,QMLE-Quote,2006-8-18,0.215325
AAPL,14593,QMLE-Quote,2006-8-21,0.218226
AAPL,14593,QMLE-Quote,2006-8-22,0.253334
AAPL,14593,QMLE-Quote,2006-8-23,0.239982
AAPL,14593,QMLE-Quote,2006-8-24,0.27685
AAPL,14593,QMLE-Quote,2006-8-25,0.237561
AAPL,14593,QMLE-Quote,2006-8-28,0.217085
AAPL,14593,QMLE-Quote,2006-8-29,0.26108
AAPL,14593,QMLE-Quote,2006-8-30,0.220982
AAPL,14593,QMLE-Quote,2006-8-31,0.196132
AAPL,14593,QMLE-Quote,2006-9-1,0.17177
AAPL,14593,QMLE-Quote,2006-9-5,0.280463
AAPL,14593,QMLE-Quote,2006-9-6,0.258368
AAPL,14593,QMLE-Quote,2006-9-7,0.312533
AAPL,14593,QMLE-Quote,2006-9-8,0.249586
AAPL,14593,QMLE-Quote,2006-9-11,0.299166
AAPL,14593,QMLE-Quote,2006-9-12,0.441367
AAPL,14593,QMLE-Quote,2006-9-13,0.306253
AAPL,14593,QMLE-Quote,2006-9-14,0.269201
AAPL,14593,QMLE-Quote,2006-9-15,0.242721
AAPL,14593,QMLE-Quote,2006-9-18,0.263153
AAPL,14593,QMLE-Quote,2006-9-19,0.278427
AAPL,14593,QMLE-Quote,2006-9-20,0.227268
AAPL,14593,QMLE-Quote,2006-9-21,0.269353
AAPL,14593,QMLE-Quote,2006-9-22,0.2369
AAPL,14593,QMLE-Quote,2006-9-25,0.241248
AAPL,14593,QMLE-Quote,2006-9-26,0.264017
AAPL,14593,QMLE-Quote,2006-9-27,0.231232
AAPL,14593,QMLE-Quote,2006-9-28,0.232958
AAPL,14593,QMLE-Quote,2006-9-29,0.152993
AAPL,14593,QMLE-Quote,2006-10-2,0.249099
AAPL,14593,QMLE-Quote,2006-10-3,0.258642
AAPL,14593,QMLE-Quote,2006-10-4,0.243984
AAPL,14593,QMLE-Quote,2006-10-5,0.277692
AAPL,14593,QMLE-Quote,2006-10-6,0.224152
AAPL,14593,QMLE-Quote,2006-10-9,0.220368
AAPL,14593,QMLE-Quote,2006-10-10,0.234932
AAPL,14593,QMLE-Quote,2006-10-11,0.244679
AAPL,14593,QMLE-Quote,2006-10-12,0.224133
AAPL,14593,QMLE-Quote,2006-10-13,0.226144
AAPL,14593,QMLE-Quote,2006-10-16,0.203128
AAPL,14593,QMLE-Quote,2006-10-17,0.182695
AAPL,14593,QMLE-Quote,2006-10-18,0.259291
AAPL,14593,QMLE-Quote,2006-10-19,0.316595
AAPL,14593,QMLE-Quote,2006-10-20,0.18975
AAPL,14593,QMLE-Quote,2006-10-23,0.237868
AAPL,14593,QMLE-Quote,2006-10-24,0.220193
AAPL,14593,QMLE-Quote,2006-10-25,0.208759
AAPL,14593,QMLE-Quote,2006-10-26,0.17464
AAPL,14593,QMLE-Quote,2006-10-27,0.217092
AAPL,14593,QMLE-Quote,2006-10-30,0.206326
AAPL,14593,QMLE-Quote,2006-10-31,0.201478
AAPL,14593,QMLE-Quote,2006-11-1,0.256385
AAPL,14593,QMLE-Quote,2006-11-2,0.225674
AAPL,14593,QMLE-Quote,2006-11-3,0.181534
AAPL,14593,QMLE-Quote,2006-11-6,0.206822
AAPL,14593,QMLE-Quote,2006-11-7,0.170021
AAPL,14593,QMLE-Quote,2006-11-8,0.225921
AAPL,14593,QMLE-Quote,2006-11-9,0.256634
AAPL,14593,QMLE-Quote,2006-11-10,0.212629
AAPL,14593,QMLE-Quote,2006-11-13,0.221028
AAPL,14593,QMLE-Quote,2006-11-14,0.212223
AAPL,14593,QMLE-Quote,2006-11-15,0.215709
AAPL,14593,QMLE-Quote,2006-11-16,0.193422
AAPL,14593,QMLE-Quote,2006-11-17,0.204498
AAPL,14593,QMLE-Quote,2006-11-20,0.227371
AAPL,14593,QMLE-Quote,2006-11-21,0.160425
AAPL,14593,QMLE-Quote,2006-11-22,0.186256
AAPL,14593,QMLE-Quote,2006-11-24,0.264214
AAPL,14593,QMLE-Quote,2006-11-27,0.286553
AAPL,14593,QMLE-Quote,2006-11-28,0.256216
AAPL,14593,QMLE-Quote,2006-11-29,0.30767
AAPL,14593,QMLE-Quote,2006-11-30,0.254812
AAPL,14593,QMLE-Quote,2006-12-1,0.266242
AAPL,14593,QMLE-Quote,2006-12-4,0.222257
AAPL,14593,QMLE-Quote,2006-12-5,0.192493
AAPL,14593,QMLE-Quote,2006-12-6,0.181056
AAPL,14593,QMLE-Quote,2006-12-7,0.298366
AAPL,14593,QMLE-Quote,2006-12-8,0.257116
AAPL,14593,QMLE-Quote,2006-12-11,0.224622
AAPL,14593,QMLE-Quote,2006-12-12,0.305229
AAPL,14593,QMLE-Quote,2006-12-13,0.215837
AAPL,14593,QMLE-Quote,2006-12-14,0.245318
AAPL,14593,QMLE-Quote,2006-12-15,0.21687
AAPL,14593,QMLE-Quote,2006-12-18,0.299386
AAPL,14593,QMLE-Quote,2006-12-19,0.293856
AAPL,14593,QMLE-Quote,2006-12-20,0.25581
AAPL,14593,QMLE-Quote,2006-12-21,0.345307
AAPL,14593,QMLE-Quote,2006-12-22,0.304872
AAPL,14593,QMLE-Quote,2006-12-26,0.220045
AAPL,14593,QMLE-Quote,2006-12-27,0.364205
AAPL,14593,QMLE-Quote,2006-12-28,0.248409
AAPL,14593,QMLE-Quote,2006-12-29,0.230057
AAPL,14593,QMLE-Quote,2007-1-3,0.35063
AAPL,14593,QMLE-Quote,2007-1-4,0.277918
AAPL,14593,QMLE-Quote,2007-1-5,0.24229
AAPL,14593,QMLE-Quote,2007-1-8,0.228072
AAPL,14593,QMLE-Quote,2007-1-9,0.635635
AAPL,14593,QMLE-Quote,2007-1-10,0.391629
AAPL,14593,QMLE-Quote,2007-1-11,0.284484
AAPL,14593,QMLE-Quote,2007-1-12,0.252885
AAPL,14593,QMLE-Quote,2007-1-16,0.211163
AAPL,14593,QMLE-Quote,2007-1-17,0.265576
AAPL,14593,QMLE-Quote,2007-1-18,0.379624
AAPL,14593,QMLE-Quote,2007-1-19,0.28712
AAPL,14593,QMLE-Quote,2007-1-22,0.333191
AAPL,14593,QMLE-Quote,2007-1-23,0.328311
AAPL,14593,QMLE-Quote,2007-1-24,0.224544
AAPL,14593,QMLE-Quote,2007-1-25,0.28038
AAPL,14593,QMLE-Quote,2007-1-26,0.28485
AAPL,14593,QMLE-Quote,2007-1-29,0.229948
AAPL,14593,QMLE-Quote,2007-1-30,0.150985
AAPL,14593,QMLE-Quote,2007-1-31,0.238426
AAPL,14593,QMLE-Quote,2007-2-1,0.18855
AAPL,14593,QMLE-Quote,2007-2-2,0.209046
AAPL,14593,QMLE-Quote,2007-2-5,0.188522
AAPL,14593,QMLE-Quote,2007-2-6,0.251932
AAPL,14593,QMLE-Quote,2007-2-7,0.234164
AAPL,14593,QMLE-Quote,2007-2-8,0.207105
AAPL,14593,QMLE-Quote,2007-2-9,0.234204
AAPL,14593,QMLE-Quote,2007-2-12,0.209226
AAPL,14593,QMLE-Quote,2007-2-13,0.189353
AAPL,14593,QMLE-Quote,2007-2-14,0.153386
AAPL,14593,QMLE-Quote,2007-2-15,0.143556
AAPL,14593,QMLE-Quote,2007-2-16,0.0904196
AAPL,14593,QMLE-Quote,2007-2-20,0.190394
AAPL,14593,QMLE-Quote,2007-2-21,0.233266
AAPL,14593,QMLE-Quote,2007-2-22,0.243102
AAPL,14593,QMLE-Quote,2007-2-23,0.201618
AAPL,14593,QMLE-Quote,2007-2-26,0.257876
AAPL,14593,QMLE-Quote,2007-2-27,0.330835
AAPL,14593,QMLE-Quote,2007-2-28,0.259984
AAPL,14593,QMLE-Quote,2007-3-1,0.345014
AAPL,14593,QMLE-Quote,2007-3-2,0.282323
AAPL,14593,QMLE-Quote,2007-3-5,0.302608
AAPL,14593,QMLE-Quote,2007-3-6,0.19325
AAPL,14593,QMLE-Quote,2007-3-7,0.208204
AAPL,14593,QMLE-Quote,2007-3-8,0.153586
AAPL,14593,QMLE-Quote,2007-3-9,0.160363
AAPL,14593,QMLE-Quote,2007-3-12,0.182637
AAPL,14593,QMLE-Quote,2007-3-13,0.204329
AAPL,14593,QMLE-Quote,2007-3-14,0.217793
AAPL,14593,QMLE-Quote,2007-3-15,0.168056
AAPL,14593,QMLE-Quote,2007-3-16,0.118208
AAPL,14593,QMLE-Quote,2007-3-19,0.185708
AAPL,14593,QMLE-Quote,2007-3-20,0.151203
AAPL,14593,QMLE-Quote,2007-3-21,0.167368
AAPL,14593,QMLE-Quote,2007-3-22,0.174415
AAPL,14593,QMLE-Quote,2007-3-23,0.133645
AAPL,14593,QMLE-Quote,2007-3-26,0.175436
AAPL,14593,QMLE-Quote,2007-3-27,0.198252
AAPL,14593,QMLE-Quote,2007-3-28,0.203325
AAPL,14593,QMLE-Quote,2007-3-29,0.195382
AAPL,14593,QMLE-Quote,2007-3-30,0.217872
AAPL,14593,QMLE-Quote,2007-4-2,0.162634
AAPL,14593,QMLE-Quote,2007-4-3,0.162812
AAPL,14593,QMLE-Quote,2007-4-4,0.140665
AAPL,14593,QMLE-Quote,2007-4-5,0.128926
AAPL,14593,QMLE-Quote,2007-4-9,0.158859
AAPL,14593,QMLE-Quote,2007-4-10,0.128911
AAPL,14593,QMLE-Quote,2007-4-11,0.170508
AAPL,14593,QMLE-Quote,2007-4-12,0.180431
AAPL,14593,QMLE-Quote,2007-4-13,0.172694
AAPL,14593,QMLE-Quote,2007-4-16,0.148453
AAPL,14593,QMLE-Quote,2007-4-17,0.188898
AAPL,14593,QMLE-Quote,2007-4-18,0.15816
AAPL,14593,QMLE-Quote,2007-4-19,0.175195
AAPL,14593,QMLE-Quote,2007-4-20,0.133679
AAPL,14593,QMLE-Quote,2007-4-23,0.164405
AAPL,14593,QMLE-Quote,2007-4-24,0.358508
AAPL,14593,QMLE-Quote,2007-4-25,0.167834
AAPL,14593,QMLE-Quote,2007-4-26,0.389523
AAPL,14593,QMLE-Quote,2007-4-27,0.215064
AAPL,14593,QMLE-Quote,2007-4-30,0.151751
AAPL,14593,QMLE-Quote,2007-5-1,0.198709
AAPL,14593,QMLE-Quote,2007-5-2,0.127516
AAPL,14593,QMLE-Quote,2007-5-3,0.183498
AAPL,14593,QMLE-Quote,2007-5-4,0.123918
AAPL,14593,QMLE-Quote,2007-5-7,0.20832
AAPL,14593,QMLE-Quote,2007-5-8,0.235961
AAPL,14593,QMLE-Quote,2007-5-9,0.203051
AAPL,14593,QMLE-Quote,2007-5-10,0.302236
AAPL,14593,QMLE-Quote,2007-5-11,0.196134
AAPL,14593,QMLE-Quote,2007-5-14,0.188323
AAPL,14593,QMLE-Quote,2007-5-15,0.246464
AAPL,14593,QMLE-Quote,2007-5-16,0.421337
AAPL,14593,QMLE-Quote,2007-5-17,0.233214
AAPL,14593,QMLE-Quote,2007-5-18,0.139299
AAPL,14593,QMLE-Quote,2007-5-21,0.198874
AAPL,14593,QMLE-Quote,2007-5-22,0.184247
AAPL,14593,QMLE-Quote,2007-5-23,0.217484
AAPL,14593,QMLE-Quote,2007-5-24,0.282358
AAPL,14593,QMLE-Quote,2007-5-25,0.195279
AAPL,14593,QMLE-Quote,2007-5-29,0.199526
AAPL,14593,QMLE-Quote,2007-5-30,0.267033
AAPL,14593,QMLE-Quote,2007-5-31,0.240872
AAPL,14593,QMLE-Quote,2007-6-1,0.249895
AAPL,14593,QMLE-Quote,2007-6-4,0.250126
AAPL,14593,QMLE-Quote,2007-6-5,0.257836
AAPL,14593,QMLE-Quote,2007-6-6,0.217105
AAPL,14593,QMLE-Quote,2007-6-7,0.322632
AAPL,14593,QMLE-Quote,2007-6-8,0.309411
AAPL,14593,QMLE-Quote,2007-6-11,0.408087
AAPL,14593,QMLE-Quote,2007-6-12,0.332259
AAPL,14593,QMLE-Quote,2007-6-13,0.326776
AAPL,14593,QMLE-Quote,2007-6-14,0.245567
AAPL,14593,QMLE-Quote,2007-6-15,0.114888
AAPL,14593,QMLE-Quote,2007-6-18,0.225755
AAPL,14593,QMLE-Quote,2007-6-19,0.230743
AAPL,14593,QMLE-Quote,2007-6-20,0.239761
AAPL,14593,QMLE-Quote,2007-6-21,0.258972
AAPL,14593,QMLE-Quote,2007-6-22,0.254714
AAPL,14593,QMLE-Quote,2007-6-25,0.273471
AAPL,14593,QMLE-Quote,2007-6-26,0.344118
AAPL,14593,QMLE-Quote,2007-6-27,0.277822
AAPL,14593,QMLE-Quote,2007-6-28,0.257921
AAPL,14593,QMLE-Quote,2007-6-29,0.27703
AAPL,14593,QMLE-Quote,2007-7-2,0.282008
AAPL,14593,QMLE-Quote,2007-7-3,0.336824
AAPL,14593,QMLE-Quote,2007-7-5,0.302796
AAPL,14593,QMLE-Quote,2007-7-6,0.240669
AAPL,14593,QMLE-Quote,2007-7-9,0.240764
AAPL,14593,QMLE-Quote,2007-7-10,0.280306
AAPL,14593,QMLE-Quote,2007-7-11,0.212995
AAPL,14593,QMLE-Quote,2007-7-12,0.189583
AAPL,14593,QMLE-Quote,2007-7-13,0.176374
AAPL,14593,QMLE-Quote,2007-7-16,0.229382
AAPL,14593,QMLE-Quote,2007-7-17,0.190336
AAPL,14593,QMLE-Quote,2007-7-18,0.217732
AAPL,14593,QMLE-Quote,2007-7-19,0.144468
AAPL,14593,QMLE-Quote,2007-7-20,0.218524
AAPL,14593,QMLE-Quote,2007-7-23,0.226207
AAPL,14593,QMLE-Quote,2007-7-24,0.367714
AAPL,14593,QMLE-Quote,2007-7-25,0.346765
AAPL,14593,QMLE-Quote,2007-7-26,0.583417
AAPL,14593,QMLE-Quote,2007-7-27,0.380865
AAPL,14593,QMLE-Quote,2007-7-30,0.385276
AAPL,14593,QMLE-Quote,2007-7-31,0.521425
AAPL,14593,QMLE-Quote,2007-8-1,0.664626
AAPL,14593,QMLE-Quote,2007-8-2,0.344304
AAPL,14593,QMLE-Quote,2007-8-3,0.280932
AAPL,14593,QMLE-Quote,2007-8-6,0.464994
AAPL,14593,QMLE-Quote,2007-8-7,0.411983
AAPL,14593,QMLE-Quote,2007-8-8,0.370158
AAPL,14593,QMLE-Quote,2007-8-9,0.475623
AAPL,14593,QMLE-Quote,2007-8-10,0.646542
AAPL,14593,QMLE-Quote,2007-8-13,0.334923
AAPL,14593,QMLE-Quote,2007-8-14,0.341263
AAPL,14593,QMLE-Quote,2007-8-15,0.430305
AAPL,14593,QMLE-Quote,2007-8-16,0.752605
AAPL,14593,QMLE-Quote,2007-8-17,0.439163
AAPL,14593,QMLE-Quote,2007-8-20,0.318204
AAPL,14593,QMLE-Quote,2007-8-21,0.411464
AAPL,14593,QMLE-Quote,2007-8-22,0.265724
AAPL,14593,QMLE-Quote,2007-8-23,0.293831
AAPL,14593,QMLE-Quote,2007-8-24,0.269427
AAPL,14593,QMLE-Quote,2007-8-27,0.214707
AAPL,14593,QMLE-Quote,2007-8-28,0.353759
AAPL,14593,QMLE-Quote,2007-8-29,0.260114
AAPL,14593,QMLE-Quote,2007-8-30,0.360054
AAPL,14593,QMLE-Quote,2007-8-31,0.249962
AAPL,14593,QMLE-Quote,2007-9-4,0.247849
AAPL,14593,QMLE-Quote,2007-9-5,0.575153
AAPL,14593,QMLE-Quote,2007-9-6,0.447015
AAPL,14593,QMLE-Quote,2007-9-7,0.313074
AAPL,14593,QMLE-Quote,2007-9-10,0.317699
AAPL,14593,QMLE-Quote,2007-9-11,0.275246
AAPL,14593,QMLE-Quote,2007-9-12,0.259255
AAPL,14593,QMLE-Quote,2007-9-13,0.221179
AAPL,14593,QMLE-Quote,2007-9-14,0.201788
AAPL,14593,QMLE-Quote,2007-9-17,0.22225
AAPL,14593,QMLE-Quote,2007-9-18,0.296746
AAPL,14593,QMLE-Quote,2007-9-19,0.236691
AAPL,14593,QMLE-Quote,2007-9-20,0.206148
AAPL,14593,QMLE-Quote,2007-9-21,0.180065
AAPL,14593,QMLE-Quote,2007-9-24,0.262571
AAPL,14593,QMLE-Quote,2007-9-25,0.245688
AAPL,14593,QMLE-Quote,2007-9-26,0.271583
AAPL,14593,QMLE-Quote,2007-9-27,0.200492
AAPL,14593,QMLE-Quote,2007-9-28,0.185063
AAPL,14593,QMLE-Quote,2007-10-1,0.216975
AAPL,14593,QMLE-Quote,2007-10-2,0.216462
AAPL,14593,QMLE-Quote,2007-10-3,0.217533
AAPL,14593,QMLE-Quote,2007-10-4,0.246302
AAPL,14593,QMLE-Quote,2007-10-5,0.204386
AAPL,14593,QMLE-Quote,2007-10-8,0.222811
AAPL,14593,QMLE-Quote,2007-10-9,0.31033
AAPL,14593,QMLE-Quote,2007-10-10,0.210047
AAPL,14593,QMLE-Quote,2007-10-11,1.11898
AAPL,14593,QMLE-Quote,2007-10-12,0.317509
AAPL,14593,QMLE-Quote,2007-10-15,0.361779
AAPL,14593,QMLE-Quote,2007-10-16,0.292682
AAPL,14593,QMLE-Quote,2007-10-17,0.261703
AAPL,14593,QMLE-Quote,2007-10-18,0.211281
AAPL,14593,QMLE-Quote,2007-10-19,0.287985
AAPL,14593,QMLE-Quote,2007-10-22,0.246408
AAPL,14593,QMLE-Quote,2007-10-23,0.341005
AAPL,14593,QMLE-Quote,2007-10-24,0.408033
AAPL,14593,QMLE-Quote,2007-10-25,0.304852
AAPL,14593,QMLE-Quote,2007-10-26,0.2144
AAPL,14593,QMLE-Quote,2007-10-29,0.158492
AAPL,14593,QMLE-Quote,2007-10-30,0.220842
AAPL,14593,QMLE-Quote,2007-10-31,0.30314
AAPL,14593,QMLE-Quote,2007-11-1,0.25665
AAPL,14593,QMLE-Quote,2007-11-2,0.343801
AAPL,14593,QMLE-Quote,2007-11-5,0.27138
AAPL,14593,QMLE-Quote,2007-11-6,0.259699
AAPL,14593,QMLE-Quote,2007-11-7,0.277894
AAPL,14593,QMLE-Quote,2007-11-8,0.909416
AAPL,14593,QMLE-Quote,2007-11-9,0.611057
AAPL,14593,QMLE-Quote,2007-11-12,0.884896
AAPL,14593,QMLE-Quote,2007-11-13,0.468741
AAPL,14593,QMLE-Quote,2007-11-14,0.535535
AAPL,14593,QMLE-Quote,2007-11-15,0.641162
AAPL,14593,QMLE-Quote,2007-11-16,0.58358
AAPL,14593,QMLE-Quote,2007-11-19,0.521805
AAPL,14593,QMLE-Quote,2007-11-20,0.608839
AAPL,14593,QMLE-Quote,2007-11-21,0.513545
AAPL,14593,QMLE-Quote,2007-11-23,0.281289
AAPL,14593,QMLE-Quote,2007-11-26,0.355677
AAPL,14593,QMLE-Quote,2007-11-27,0.404499
AAPL,14593,QMLE-Quote,2007-11-28,0.24933
AAPL,14593,QMLE-Quote,2007-11-29,0.268646
AAPL,14593,QMLE-Quote,2007-11-30,0.370788
AAPL,14593,QMLE-Quote,2007-12-3,0.353014
AAPL,14593,QMLE-Quote,2007-12-4,0.317476
AAPL,14593,QMLE-Quote,2007-12-5,0.235507
AAPL,14593,QMLE-Quote,2007-12-6,0.234729
AAPL,14593,QMLE-Quote,2007-12-7,0.244462
AAPL,14593,QMLE-Quote,2007-12-10,0.225129
AAPL,14593,QMLE-Quote,2007-12-11,0.414652
AAPL,14593,QMLE-Quote,2007-12-12,0.367005
AAPL,14593,QMLE-Quote,2007-12-13,0.335012
AAPL,14593,QMLE-Quote,2007-12-14,0.245489
AAPL,14593,QMLE-Quote,2007-12-17,0.385634
AAPL,14593,QMLE-Quote,2007-12-18,0.448835
AAPL,14593,QMLE-Quote,2007-12-19,0.28097
AAPL,14593,QMLE-Quote,2007-12-20,0.206107
AAPL,14593,QMLE-Quote,2007-12-21,0.166784
AAPL,14593,QMLE-Quote,2007-12-24,0.223004
AAPL,14593,QMLE-Quote,2007-12-26,0.2288
AAPL,14593,QMLE-Quote,2007-12-27,0.268074
AAPL,14593,QMLE-Quote,2007-12-28,0.238804
AAPL,14593,QMLE-Quote,2007-12-31,0.222732
AAPL,14593,QMLE-Quote,2008-1-2,0.333269
AAPL,14593,QMLE-Quote,2008-1-3,0.25955
AAPL,14593,QMLE-Quote,2008-1-4,0.427079
AAPL,14593,QMLE-Quote,2008-1-7,0.762596
AAPL,14593,QMLE-Quote,2008-1-8,0.559713
AAPL,14593,QMLE-Quote,2008-1-9,0.666348
AAPL,14593,QMLE-Quote,2008-1-10,0.537846
AAPL,14593,QMLE-Quote,2008-1-11,0.456802
AAPL,14593,QMLE-Quote,2008-1-14,0.273888
AAPL,14593,QMLE-Quote,2008-1-15,0.688164
AAPL,14593,QMLE-Quote,2008-1-16,0.806449
AAPL,14593,QMLE-Quote,2008-1-17,0.670742
AAPL,14593,QMLE-Quote,2008-1-18,0.480006
AAPL,14593,QMLE-Quote,2008-1-22,0.832123
AAPL,14593,QMLE-Quote,2008-1-23,0.935265
AAPL,14593,QMLE-Quote,2008-1-24,0.605681
AAPL,14593,QMLE-Quote,2008-1-25,0.522118
AAPL,14593,QMLE-Quote,2008-1-28,0.533082
AAPL,14593,QMLE-Quote,2008-1-29,0.394477
AAPL,14593,QMLE-Quote,2008-1-30,0.495278
AAPL,14593,QMLE-Quote,2008-1-31,0.440454
AAPL,14593,QMLE-Quote,2008-2-1,0.343361
AAPL,14593,QMLE-Quote,2008-2-4,0.319016
AAPL,14593,QMLE-Quote,2008-2-5,0.401832
AAPL,14593,QMLE-Quote,2008-2-6,0.494721
AAPL,14593,QMLE-Quote,2008-2-7,0.680371
AAPL,14593,QMLE-Quote,2008-2-8,0.450744
AAPL,14593,QMLE-Quote,2008-2-11,0.325414
AAPL,14593,QMLE-Quote,2008-2-12,0.356315
AAPL,14593,QMLE-Quote,2008-2-13,0.3307
AAPL,14593,QMLE-Quote,2008-2-14,0.330751
AAPL,14593,QMLE-Quote,2008-2-15,0.260589
AAPL,14593,QMLE-Quote,2008-2-19,0.333183
AAPL,14593,QMLE-Quote,2008-2-20,0.386645
AAPL,14593,QMLE-Quote,2008-2-21,0.349911
AAPL,14593,QMLE-Quote,2008-2-22,0.434715
AAPL,14593,QMLE-Quote,2008-2-25,0.437424
AAPL,14593,QMLE-Quote,2008-2-26,0.438496
AAPL,14593,QMLE-Quote,2008-2-27,0.400593
AAPL,14593,QMLE-Quote,2008-2-28,0.355554
AAPL,14593,QMLE-Quote,2008-2-29,0.370345
AAPL,14593,QMLE-Quote,2008-3-3,0.475571
AAPL,14593,QMLE-Quote,2008-3-4,0.605557
AAPL,14593,QMLE-Quote,2008-3-5,0.414996
AAPL,14593,QMLE-Quote,2008-3-6,0.44093
AAPL,14593,QMLE-Quote,2008-3-7,0.451791
AAPL,14593,QMLE-Quote,2008-3-10,0.39032
AAPL,14593,QMLE-Quote,2008-3-11,0.402723
AAPL,14593,QMLE-Quote,2008-3-12,0.38276
AAPL,14593,QMLE-Quote,2008-3-13,0.453767
AAPL,14593,QMLE-Quote,2008-3-14,0.585536
AAPL,14593,QMLE-Quote,2008-3-17,0.509554
AAPL,14593,QMLE-Quote,2008-3-18,0.370508
AAPL,14593,QMLE-Quote,2008-3-19,0.379402
AAPL,14593,QMLE-Quote,2008-3-20,0.279786
AAPL,14593,QMLE-Quote,2008-3-24,0.295694
AAPL,14593,QMLE-Quote,2008-3-25,0.337316
AAPL,14593,QMLE-Quote,2008-3-26,0.33764
AAPL,14593,QMLE-Quote,2008-3-27,0.350045
AAPL,14593,QMLE-Quote,2008-3-28,0.285899
AAPL,14593,QMLE-Quote,2008-3-31,0.308765
AAPL,14593,QMLE-Quote,2008-4-1,0.276975
AAPL,14593,QMLE-Quote,2008-4-2,0.327632
AAPL,14593,QMLE-Quote,2008-4-3,0.3211
AAPL,14593,QMLE-Quote,2008-4-4,0.308913
AAPL,14593,QMLE-Quote,2008-4-7,0.300743
AAPL,14593,QMLE-Quote,2008-4-8,0.29246
AAPL,14593,QMLE-Quote,2008-4-9,0.296208
AAPL,14593,QMLE-Quote,2008-4-10,0.283866
AAPL,14593,QMLE-Quote,2008-4-11,0.29816
AAPL,14593,QMLE-Quote,2008-4-14,0.328114
AAPL,14593,QMLE-Quote,2008-4-15,0.275503
AAPL,14593,QMLE-Quote,2008-4-16,0.234152
AAPL,14593,QMLE-Quote,2008-4-17,0.270413
AAPL,14593,QMLE-Quote,2008-4-18,0.230793
AAPL,14593,QMLE-Quote,2008-4-21,0.241165
AAPL,14593,QMLE-Quote,2008-4-22,0.37276
AAPL,14593,QMLE-Quote,2008-4-23,0.296269
AAPL,14593,QMLE-Quote,2008-4-24,0.485258
AAPL,14593,QMLE-Quote,2008-4-25,0.324505
AAPL,14593,QMLE-Quote,2008-4-28,0.27641
AAPL,14593,QMLE-Quote,2008-4-29,0.242379
AAPL,14593,QMLE-Quote,2008-4-30,0.335022
AAPL,14593,QMLE-Quote,2008-5-1,0.254772
AAPL,14593,QMLE-Quote,2008-5-2,0.347966
AAPL,14593,QMLE-Quote,2008-5-5,0.276504
AAPL,14593,QMLE-Quote,2008-5-6,0.266184
AAPL,14593,QMLE-Quote,2008-5-7,0.32116
AAPL,14593,QMLE-Quote,2008-5-8,0.273978
AAPL,14593,QMLE-Quote,2008-5-9,0.234249
AAPL,14593,QMLE-Quote,2008-5-12,0.240761
AAPL,14593,QMLE-Quote,2008-5-13,0.221058
AAPL,14593,QMLE-Quote,2008-5-14,0.262224
AAPL,14593,QMLE-Quote,2008-5-15,0.314398
AAPL,14593,QMLE-Quote,2008-5-16,0.227539
AAPL,14593,QMLE-Quote,2008-5-19,0.312289
AAPL,14593,QMLE-Quote,2008-5-20,0.338056
AAPL,14593,QMLE-Quote,2008-5-21,0.411377
AAPL,14593,QMLE-Quote,2008-5-22,0.462789
AAPL,14593,QMLE-Quote,2008-5-23,0.332585
AAPL,14593,QMLE-Quote,2008-5-27,0.251798
AAPL,14593,QMLE-Quote,2008-5-28,0.239525
AAPL,14593,QMLE-Quote,2008-5-29,0.237306
AAPL,14593,QMLE-Quote,2008-5-30,0.164608
AAPL,14593,QMLE-Quote,2008-6-2,0.240515
AAPL,14593,QMLE-Quote,2008-6-3,0.288268
AAPL,14593,QMLE-Quote,2008-6-4,0.282933
AAPL,14593,QMLE-Quote,2008-6-5,0.199235
AAPL,14593,QMLE-Quote,2008-6-6,0.275526
AAPL,14593,QMLE-Quote,2008-6-9,0.662854
AAPL,14593,QMLE-Quote,2008-6-10,0.344158
AAPL,14593,QMLE-Quote,2008-6-11,0.343099
AAPL,14593,QMLE-Quote,2008-6-12,0.464085
AAPL,14593,QMLE-Quote,2008-6-13,0.604612
AAPL,14593,QMLE-Quote,2008-6-16,0.405022
AAPL,14593,QMLE-Quote,2008-6-17,0.290682
AAPL,14593,QMLE-Quote,2008-6-18,0.307621
AAPL,14593,QMLE-Quote,2008-6-19,0.317634
AAPL,14593,QMLE-Quote,2008-6-20,0.296017
AAPL,14593,QMLE-Quote,2008-6-23,0.374523
AAPL,14593,QMLE-Quote,2008-6-24,0.314116
AAPL,14593,QMLE-Quote,2008-6-25,0.275088
AAPL,14593,QMLE-Quote,2008-6-26,0.348569
AAPL,14593,QMLE-Quote,2008-6-27,0.436312
AAPL,14593,QMLE-Quote,2008-6-30,0.377374
AAPL,14593,QMLE-Quote,2008-7-1,0.428815
AAPL,14593,QMLE-Quote,2008-7-2,0.405644
AAPL,14593,QMLE-Quote,2008-7-3,0.529684
AAPL,14593,QMLE-Quote,2008-7-7,0.348931
AAPL,14593,QMLE-Quote,2008-7-8,0.370277
AAPL,14593,QMLE-Quote,2008-7-9,0.348347
AAPL,14593,QMLE-Quote,2008-7-10,0.446061
AAPL,14593,QMLE-Quote,2008-7-11,0.541593
AAPL,14593,QMLE-Quote,2008-7-14,0.403744
AAPL,14593,QMLE-Quote,2008-7-15,0.566894
AAPL,14593,QMLE-Quote,2008-7-16,0.376983
AAPL,14593,QMLE-Quote,2008-7-17,0.312303
AAPL,14593,QMLE-Quote,2008-7-18,0.308461
AAPL,14593,QMLE-Quote,2008-7-21,0.390542
AAPL,14593,QMLE-Quote,2008-7-22,0.563734
AAPL,14593,QMLE-Quote,2008-7-23,0.426295
AAPL,14593,QMLE-Quote,2008-7-24,0.381496
AAPL,14593,QMLE-Quote,2008-7-25,0.309337
AAPL,14593,QMLE-Quote,2008-7-28,0.33526
AAPL,14593,QMLE-Quote,2008-7-29,0.351525
AAPL,14593,QMLE-Quote,2008-7-30,0.334345
AAPL,14593,QMLE-Quote,2008-7-31,0.352928
AAPL,14593,QMLE-Quote,2008-8-1,0.326428
AAPL,14593,QMLE-Quote,2008-8-4,0.343257
AAPL,14593,QMLE-Quote,2008-8-5,0.267466
AAPL,14593,QMLE-Quote,2008-8-6,0.322832
AAPL,14593,QMLE-Quote,2008-8-7,0.307316
AAPL,14593,QMLE-Quote,2008-8-8,0.236666
AAPL,14593,QMLE-Quote,2008-8-11,0.31668
AAPL,14593,QMLE-Quote,2008-8-12,0.319207
AAPL,14593,QMLE-Quote,2008-8-13,0.338071
AAPL,14593,QMLE-Quote,2008-8-14,0.270765
AAPL,14593,QMLE-Quote,2008-8-15,0.2593
AAPL,14593,QMLE-Quote,2008-8-18,0.274204
AAPL,14593,QMLE-Quote,2008-8-19,0.280304
AAPL,14593,QMLE-Quote,2008-8-20,0.260212
AAPL,14593,QMLE-Quote,2008-8-21,0.267804
AAPL,14593,QMLE-Quote,2008-8-22,0.195714
AAPL,14593,QMLE-Quote,2008-8-25,0.229743
AAPL,14593,QMLE-Quote,2008-8-26,0.212731
AAPL,14593,QMLE-Quote,2008-8-27,0.213596
AAPL,14593,QMLE-Quote,2008-8-28,0.213034
AAPL,14593,QMLE-Quote,2008-8-29,0.242569
AAPL,14593,QMLE-Quote,2008-9-2,0.36214
AAPL,14593,QMLE-Quote,2008-9-3,0.375685
AAPL,14593,QMLE-Quote,2008-9-4,0.37364
AAPL,14593,QMLE-Quote,2008-9-5,0.492
AAPL,14593,QMLE-Quote,2008-9-8,0.661163
AAPL,14593,QMLE-Quote,2008-9-9,0.654364
AAPL,14593,QMLE-Quote,2008-9-10,0.571195
AAPL,14593,QMLE-Quote,2008-9-11,0.490893
AAPL,14593,QMLE-Quote,2008-9-12,0.466991
AAPL,14593,QMLE-Quote,2008-9-15,0.599104
AAPL,14593,QMLE-Quote,2008-9-16,0.830667
AAPL,14593,QMLE-Quote,2008-9-17,0.805235
AAPL,14593,QMLE-Quote,2008-9-18,1.07121
AAPL,14593,QMLE-Quote,2008-9-19,0.737174
AAPL,14593,QMLE-Quote,2008-9-22,0.514772
AAPL,14593,QMLE-Quote,2008-9-23,0.658238
AAPL,14593,QMLE-Quote,2008-9-24,0.634313
AAPL,14593,QMLE-Quote,2008-9-25,0.45127
AAPL,14593,QMLE-Quote,2008-9-26,0.639152
AAPL,14593,QMLE-Quote,2008-9-29,1.83713
AAPL,14593,QMLE-Quote,2008-9-30,0.649171
AAPL,14593,QMLE-Quote,2008-10-1,0.661132
AAPL,14593,QMLE-Quote,2008-10-2,0.797649
AAPL,14593,QMLE-Quote,2008-10-3,1.76048
AAPL,14593,QMLE-Quote,2008-10-6,1.27567
AAPL,14593,QMLE-Quote,2008-10-7,1.16958
AAPL,14593,QMLE-Quote,2008-10-8,1.52705
AAPL,14593,QMLE-Quote,2008-10-9,1.19079
AAPL,14593,QMLE-Quote,2008-10-10,1.91693
AAPL,14593,QMLE-Quote,2008-10-13,0.712597
AAPL,14593,QMLE-Quote,2008-10-14,1.09248
AAPL,14593,QMLE-Quote,2008-10-15,0.919697
AAPL,14593,QMLE-Quote,2008-10-16,1.34041
AAPL,14593,QMLE-Quote,2008-10-17,0.911869
AAPL,14593,QMLE-Quote,2008-10-20,0.771536
AAPL,14593,QMLE-Quote,2008-10-21,0.651361
AAPL,14593,QMLE-Quote,2008-10-22,0.917715
AAPL,14593,QMLE-Quote,2008-10-23,1.0194
AAPL,14593,QMLE-Quote,2008-10-24,1.082
AAPL,14593,QMLE-Quote,2008-10-27,0.736125
AAPL,14593,QMLE-Quote,2008-10-28,0.706968
AAPL,14593,QMLE-Quote,2008-10-29,0.887898
AAPL,14593,QMLE-Quote,2008-10-30,0.628649
AAPL,14593,QMLE-Quote,2008-10-31,0.666905
AAPL,14593,QMLE-Quote,2008-11-3,0.472933
AAPL,14593,QMLE-Quote,2008-11-4,0.504299
AAPL,14593,QMLE-Quote,2008-11-5,0.508862
AAPL,14593,QMLE-Quote,2008-11-6,0.637159
AAPL,14593,QMLE-Quote,2008-11-7,0.621234
AAPL,14593,QMLE-Quote,2008-11-10,0.596299
AAPL,14593,QMLE-Quote,2008-11-11,0.658106
AAPL,14593,QMLE-Quote,2008-11-12,0.518409
AAPL,14593,QMLE-Quote,2008-11-13,0.903444
AAPL,14593,QMLE-Quote,2008-11-14,0.698001
AAPL,14593,QMLE-Quote,2008-11-17,0.610882
AAPL,14593,QMLE-Quote,2008-11-18,0.618775
AAPL,14593,QMLE-Quote,2008-11-19,0.553335
AAPL,14593,QMLE-Quote,2008-11-20,0.875772
AAPL,14593,QMLE-Quote,2008-11-21,0.808532
AAPL,14593,QMLE-Quote,2008-11-24,0.695939
AAPL,14593,QMLE-Quote,2008-11-25,0.720237
AAPL,14593,QMLE-Quote,2008-11-26,0.580151
AAPL,14593,QMLE-Quote,2008-11-28,0.459072
AAPL,14593,QMLE-Quote,2008-12-1,0.501005
AAPL,14593,QMLE-Quote,2008-12-2,0.651544
AAPL,14593,QMLE-Quote,2008-12-3,0.669506
AAPL,14593,QMLE-Quote,2008-12-4,0.637972
AAPL,14593,QMLE-Quote,2008-12-5,0.607785
AAPL,14593,QMLE-Quote,2008-12-8,0.501847
AAPL,14593,QMLE-Quote,2008-12-9,0.536598
AAPL,14593,QMLE-Quote,2008-12-10,0.495209
AAPL,14593,QMLE-Quote,2008-12-11,0.537085
AAPL,14593,QMLE-Quote,2008-12-12,0.657282
AAPL,14593,QMLE-Quote,2008-12-15,0.440259
AAPL,14593,QMLE-Quote,2008-12-16,0.493145
AAPL,14593,QMLE-Quote,2008-12-17,0.42685
AAPL,14593,QMLE-Quote,2008-12-18,0.36806
AAPL,14593,QMLE-Quote,2008-12-19,0.330493
AAPL,14593,QMLE-Quote,2008-12-22,0.402386
AAPL,14593,QMLE-Quote,2008-12-23,0.381322
AAPL,14593,QMLE-Quote,2008-12-24,0.328753
AAPL,14593,QMLE-Quote,2008-12-26,0.254831
AAPL,14593,QMLE-Quote,2008-12-29,0.274038
AAPL,14593,QMLE-Quote,2008-12-30,0.458172
AAPL,14593,QMLE-Quote,2008-12-31,0.277079
AAPL,14593,QMLE-Quote,2009-1-2,0.310318
AAPL,14593,QMLE-Quote,2009-1-5,0.408018
AAPL,14593,QMLE-Quote,2009-1-6,0.473904
AAPL,14593,QMLE-Quote,2009-1-7,0.384389
AAPL,14593,QMLE-Quote,2009-1-8,0.406424
AAPL,14593,QMLE-Quote,2009-1-9,0.393899
AAPL,14593,QMLE-Quote,2009-1-12,0.320702
AAPL,14593,QMLE-Quote,2009-1-13,0.416706
AAPL,14593,QMLE-Quote,2009-1-14,0.359976
AAPL,14593,QMLE-Quote,2009-1-15,0.562381
AAPL,14593,QMLE-Quote,2009-1-16,0.523827
AAPL,14593,QMLE-Quote,2009-1-20,0.500049
AAPL,14593,QMLE-Quote,2009-1-21,0.407702
AAPL,14593,QMLE-Quote,2009-1-22,0.585048
AAPL,14593,QMLE-Quote,2009-1-23,0.461667
AAPL,14593,QMLE-Quote,2009-1-26,0.357993
AAPL,14593,QMLE-Quote,2009-1-27,0.272392
AAPL,14593,QMLE-Quote,2009-1-28,0.312413
AAPL,14593,QMLE-Quote,2009-1-29,0.301063
AAPL,14593,QMLE-Quote,2009-1-30,0.332007
AAPL,14593,QMLE-Quote,2009-2-2,0.356388
AAPL,14593,QMLE-Quote,2009-2-3,0.328342
AAPL,14593,QMLE-Quote,2009-2-4,0.324252
AAPL,14593,QMLE-Quote,2009-2-5,0.340375
AAPL,14593,QMLE-Quote,2009-2-6,0.275819
AAPL,14593,QMLE-Quote,2009-2-9,0.295606
AAPL,14593,QMLE-Quote,2009-2-10,0.42927
AAPL,14593,QMLE-Quote,2009-2-11,0.420946
AAPL,14593,QMLE-Quote,2009-2-12,0.437643
AAPL,14593,QMLE-Quote,2009-2-13,0.331179
AAPL,14593,QMLE-Quote,2009-2-17,0.367938
AAPL,14593,QMLE-Quote,2009-2-18,0.395457
AAPL,14593,QMLE-Quote,2009-2-19,0.369346
AAPL,14593,QMLE-Quote,2009-2-20,0.420669
AAPL,14593,QMLE-Quote,2009-2-23,0.404897
AAPL,14593,QMLE-Quote,2009-2-24,0.384576
AAPL,14593,QMLE-Quote,2009-2-25,0.476999
AAPL,14593,QMLE-Quote,2009-2-26,0.429946
AAPL,14593,QMLE-Quote,2009-2-27,0.528513
AAPL,14593,QMLE-Quote,2009-3-2,0.489893
AAPL,14593,QMLE-Quote,2009-3-3,0.482173
AAPL,14593,QMLE-Quote,2009-3-4,0.377633
AAPL,14593,QMLE-Quote,2009-3-5,0.45904
AAPL,14593,QMLE-Quote,2009-3-6,0.602239
AAPL,14593,QMLE-Quote,2009-3-9,0.554319
AAPL,14593,QMLE-Quote,2009-3-10,0.452731
AAPL,14593,QMLE-Quote,2009-3-11,0.438446
AAPL,14593,QMLE-Quote,2009-3-12,0.42996
AAPL,14593,QMLE-Quote,2009-3-13,0.410734
AAPL,14593,QMLE-Quote,2009-3-16,0.394967
AAPL,14593,QMLE-Quote,2009-3-17,0.397905
AAPL,14593,QMLE-Quote,2009-3-18,0.478835
AAPL,14593,QMLE-Quote,2009-3-19,0.429457
AAPL,14593,QMLE-Quote,2009-3-20,0.286367
AAPL,14593,QMLE-Quote,2009-3-23,0.362725
AAPL,14593,QMLE-Quote,2009-3-24,0.396387
AAPL,14593,QMLE-Quote,2009-3-25,0.424455
AAPL,14593,QMLE-Quote,2009-3-26,0.356657
AAPL,14593,QMLE-Quote,2009-3-27,0.302016
AAPL,14593,QMLE-Quote,2009-3-30,0.328505
AAPL,14593,QMLE-Quote,2009-3-31,0.289447
AAPL,14593,QMLE-Quote,2009-4-1,0.301008
AAPL,14593,QMLE-Quote,2009-4-2,0.350976
AAPL,14593,QMLE-Quote,2009-4-3,0.303209
AAPL,14593,QMLE-Quote,2009-4-6,0.336352
AAPL,14593,QMLE-Quote,2009-4-7,0.286503
AAPL,14593,QMLE-Quote,2009-4-8,0.285216
AAPL,14593,QMLE-Quote,2009-4-9,0.2227
AAPL,14593,QMLE-Quote,2009-4-13,0.273869
AAPL,14593,QMLE-Quote,2009-4-14,0.272195
AAPL,14593,QMLE-Quote,2009-4-15,0.285899
AAPL,14593,QMLE-Quote,2009-4-16,0.267239
AAPL,14593,QMLE-Quote,2009-4-17,0.270302
AAPL,14593,QMLE-Quote,2009-4-20,0.29513
AAPL,14593,QMLE-Quote,2009-4-21,0.31216
AAPL,14593,QMLE-Quote,2009-4-22,0.333616
AAPL,14593,QMLE-Quote,2009-4-23,0.429275
AAPL,14593,QMLE-Quote,2009-4-24,0.352277
AAPL,14593,QMLE-Quote,2009-4-27,0.296115
AAPL,14593,QMLE-Quote,2009-4-28,0.272455
AAPL,14593,QMLE-Quote,2009-4-29,0.28496
AAPL,14593,QMLE-Quote,2009-4-30,0.265626
AAPL,14593,QMLE-Quote,2009-5-1,0.226475
AAPL,14593,QMLE-Quote,2009-5-4,0.220676
AAPL,14593,QMLE-Quote,2009-5-5,0.224927
AAPL,14593,QMLE-Quote,2009-5-6,0.284291
AAPL,14593,QMLE-Quote,2009-5-7,0.300143
AAPL,14593,QMLE-Quote,2009-5-8,0.38872
AAPL,14593,QMLE-Quote,2009-5-11,0.287184
AAPL,14593,QMLE-Quote,2009-5-12,0.310113
AAPL,14593,QMLE-Quote,2009-5-13,0.31207
AAPL,14593,QMLE-Quote,2009-5-14,0.298792
AAPL,14593,QMLE-Quote,2009-5-15,0.289624
AAPL,14593,QMLE-Quote,2009-5-18,0.326842
AAPL,14593,QMLE-Quote,2009-5-19,0.252922
AAPL,14593,QMLE-Quote,2009-5-20,0.331991
AAPL,14593,QMLE-Quote,2009-5-21,0.305811
AAPL,14593,QMLE-Quote,2009-5-22,0.275786
AAPL,14593,QMLE-Quote,2009-5-26,0.279603
AAPL,14593,QMLE-Quote,2009-5-27,0.295765
AAPL,14593,QMLE-Quote,2009-5-28,0.285556
AAPL,14593,QMLE-Quote,2009-5-29,0.208275
AAPL,14593,QMLE-Quote,2009-6-1,0.220847
AAPL,14593,QMLE-Quote,2009-6-2,0.250415
AAPL,14593,QMLE-Quote,2009-6-3,0.218356
AAPL,14593,QMLE-Quote,2009-6-4,0.222377
AAPL,14593,QMLE-Quote,2009-6-5,0.260582
AAPL,14593,QMLE-Quote,2009-6-8,0.339571
AAPL,14593,QMLE-Quote,2009-6-9,0.280503
AAPL,14593,QMLE-Quote,2009-6-10,0.261368
AAPL,14593,QMLE-Quote,2009-6-11,0.287788
AAPL,14593,QMLE-Quote,2009-6-12,0.205712
AAPL,14593,QMLE-Quote,2009-6-15,0.259048
AAPL,14593,QMLE-Quote,2009-6-16,0.224985
AAPL,14593,QMLE-Quote,2009-6-17,0.310059
AAPL,14593,QMLE-Quote,2009-6-18,0.218114
AAPL,14593,QMLE-Quote,2009-6-19,0.197649
AAPL,14593,QMLE-Quote,2009-6-22,0.301749
AAPL,14593,QMLE-Quote,2009-6-23,0.332245
AAPL,14593,QMLE-Quote,2009-6-24,0.261297
AAPL,14593,QMLE-Quote,2009-6-25,0.228582
AAPL,14593,QMLE-Quote,2009-6-26,0.182486
AAPL,14593,QMLE-Quote,2009-6-29,0.208226
AAPL,14593,QMLE-Quote,2009-6-30,0.196183
AAPL,14593,QMLE-Quote,2009-7-1,0.166976
AAPL,14593,QMLE-Quote,2009-7-2,0.204542
AAPL,14593,QMLE-Quote,2009-7-6,0.227349
AAPL,14593,QMLE-Quote,2009-7-7,0.221118
AAPL,14593,QMLE-Quote,2009-7-8,0.327064
AAPL,14593,QMLE-Quote,2009-7-9,0.267304
AAPL,14593,QMLE-Quote,2009-7-10,0.235091
AAPL,14593,QMLE-Quote,2009-7-13,0.234355
AAPL,14593,QMLE-Quote,2009-7-14,0.224144
AAPL,14593,QMLE-Quote,2009-7-15,0.162953
AAPL,14593,QMLE-Quote,2009-7-16,0.207313
AAPL,14593,QMLE-Quote,2009-7-17,0.141848
AAPL,14593,QMLE-Quote,2009-7-20,0.250167
AAPL,14593,QMLE-Quote,2009-7-21,0.228874
AAPL,14593,QMLE-Quote,2009-7-22,0.273023
AAPL,14593,QMLE-Quote,2009-7-23,0.218075
AAPL,14593,QMLE-Quote,2009-7-24,0.20807
AAPL,14593,QMLE-Quote,2009-7-27,0.231554
AAPL,14593,QMLE-Quote,2009-7-28,0.191177
AAPL,14593,QMLE-Quote,2009-7-29,0.191335
AAPL,14593,QMLE-Quote,2009-7-30,0.178872
AAPL,14593,QMLE-Quote,2009-7-31,0.185406
AAPL,14593,QMLE-Quote,2009-8-3,0.192751
AAPL,14593,QMLE-Quote,2009-8-4,0.152317
AAPL,14593,QMLE-Quote,2009-8-5,0.188625
AAPL,14593,QMLE-Quote,2009-8-6,0.175012
AAPL,14593,QMLE-Quote,2009-8-7,0.1528
AAPL,14593,QMLE-Quote,2009-8-10,0.165374
AAPL,14593,QMLE-Quote,2009-8-11,0.160589
AAPL,14593,QMLE-Quote,2009-8-12,0.188694
AAPL,14593,QMLE-Quote,2009-8-13,0.174503
AAPL,14593,QMLE-Quote,2009-8-14,0.144471
AAPL,14593,QMLE-Quote,2009-8-17,0.167009
AAPL,14593,QMLE-Quote,2009-8-18,0.161733
AAPL,14593,QMLE-Quote,2009-8-19,0.14481
AAPL,14593,QMLE-Quote,2009-8-20,0.118419
AAPL,14593,QMLE-Quote,2009-8-21,0.119042
AAPL,14593,QMLE-Quote,2009-8-24,0.156405
AAPL,14593,QMLE-Quote,2009-8-25,0.148422
AAPL,14593,QMLE-Quote,2009-8-26,0.155342
AAPL,14593,QMLE-Quote,2009-8-27,0.210366
AAPL,14593,QMLE-Quote,2009-8-28,0.218136
AAPL,14593,QMLE-Quote,2009-8-31,0.178456
AAPL,14593,QMLE-Quote,2009-9-1,0.233785
AAPL,14593,QMLE-Quote,2009-9-2,0.216618
AAPL,14593,QMLE-Quote,2009-9-3,0.182812
AAPL,14593,QMLE-Quote,2009-9-4,0.137948
AAPL,14593,QMLE-Quote,2009-9-8,0.14487
AAPL,14593,QMLE-Quote,2009-9-9,0.245899
AAPL,14593,QMLE-Quote,2009-9-10,0.193051
AAPL,14593,QMLE-Quote,2009-9-11,0.162673
AAPL,14593,QMLE-Quote,2009-9-14,0.149673
AAPL,14593,QMLE-Quote,2009-9-15,0.139556
AAPL,14593,QMLE-Quote,2009-9-16,0.16959
AAPL,14593,QMLE-Quote,2009-9-17,0.215161
AAPL,14593,QMLE-Quote,2009-9-18,0.159705
AAPL,14593,QMLE-Quote,2009-9-21,0.17876
AAPL,14593,QMLE-Quote,2009-9-22,0.170766
AAPL,14593,QMLE-Quote,2009-9-23,0.212205
AAPL,14593,QMLE-Quote,2009-9-24,0.25738
AAPL,14593,QMLE-Quote,2009-9-25,0.255181
AAPL,14593,QMLE-Quote,2009-9-28,0.158763
AAPL,14593,QMLE-Quote,2009-9-29,0.192088
AAPL,14593,QMLE-Quote,2009-9-30,0.234765
AAPL,14593,QMLE-Quote,2009-10-1,0.211133
AAPL,14593,QMLE-Quote,2009-10-2,0.201642
AAPL,14593,QMLE-Quote,2009-10-5,0.194836
AAPL,14593,QMLE-Quote,2009-10-6,0.166385
AAPL,14593,QMLE-Quote,2009-10-7,0.1682
AAPL,14593,QMLE-Quote,2009-10-8,0.179998
AAPL,14593,QMLE-Quote,2009-10-9,0.134272
AAPL,14593,QMLE-Quote,2009-10-12,0.144211
AAPL,14593,QMLE-Quote,2009-10-13,0.130615
AAPL,14593,QMLE-Quote,2009-10-14,0.136682
AAPL,14593,QMLE-Quote,2009-10-15,0.102208
AAPL,14593,QMLE-Quote,2009-10-16,0.146806
AAPL,14593,QMLE-Quote,2009-10-19,0.217851
AAPL,14593,QMLE-Quote,2009-10-20,0.230398
AAPL,14593,QMLE-Quote,2009-10-21,0.228666
AAPL,14593,QMLE-Quote,2009-10-22,0.258409
AAPL,14593,QMLE-Quote,2009-10-23,0.201546
AAPL,14593,QMLE-Quote,2009-10-26,0.217473
AAPL,14593,QMLE-Quote,2009-10-27,0.286833
AAPL,14593,QMLE-Quote,2009-10-28,0.344522
AAPL,14593,QMLE-Quote,2009-10-29,0.214199
AAPL,14593,QMLE-Quote,2009-10-30,0.316173
AAPL,14593,QMLE-Quote,2009-11-2,0.407483
AAPL,14593,QMLE-Quote,2009-11-3,0.291833
AAPL,14593,QMLE-Quote,2009-11-4,0.249902
AAPL,14593,QMLE-Quote,2009-11-5,0.181643
AAPL,14593,QMLE-Quote,2009-11-6,0.185409
AAPL,14593,QMLE-Quote,2009-11-9,0.150979
AAPL,14593,QMLE-Quote,2009-11-10,0.172682
AAPL,14593,QMLE-Quote,2009-11-11,0.187443
AAPL,14593,QMLE-Quote,2009-11-12,0.166404
AAPL,14593,QMLE-Quote,2009-11-13,0.145827
AAPL,14593,QMLE-Quote,2009-11-16,0.153568
AAPL,14593,QMLE-Quote,2009-11-17,0.16127
AAPL,14593,QMLE-Quote,2009-11-18,0.165536
AAPL,14593,QMLE-Quote,2009-11-19,0.199085
AAPL,14593,QMLE-Quote,2009-11-20,0.141645
AAPL,14593,QMLE-Quote,2009-11-23,0.119434
AAPL,14593,QMLE-Quote,2009-11-24,0.154142
AAPL,14593,QMLE-Quote,2009-11-25,0.114608
AAPL,14593,QMLE-Quote,2009-11-27,0.220204
AAPL,14593,QMLE-Quote,2009-11-30,0.153983
AAPL,14593,QMLE-Quote,2009-12-1,0.163993
AAPL,14593,QMLE-Quote,2009-12-2,0.208889
AAPL,14593,QMLE-Quote,2009-12-3,0.199056
AAPL,14593,QMLE-Quote,2009-12-4,0.313301
AAPL,14593,QMLE-Quote,2009-12-7,0.277325
AAPL,14593,QMLE-Quote,2009-12-8,0.232799
AAPL,14593,QMLE-Quote,2009-12-9,0.207629
AAPL,14593,QMLE-Quote,2009-12-10,0.212069
AAPL,14593,QMLE-Quote,2009-12-11,0.183249
AAPL,14593,QMLE-Quote,2009-12-14,0.203126
AAPL,14593,QMLE-Quote,2009-12-15,0.179858
AAPL,14593,QMLE-Quote,2009-12-16,0.174143
AAPL,14593,QMLE-Quote,2009-12-17,0.156938
AAPL,14593,QMLE-Quote,2009-12-18,0.166319
AAPL,14593,QMLE-Quote,2009-12-21,0.17231
AAPL,14593,QMLE-Quote,2009-12-22,0.141144
AAPL,14593,QMLE-Quote,2009-12-23,0.129247
AAPL,14593,QMLE-Quote,2009-12-24,0.206107
AAPL,14593,QMLE-Quote,2009-12-28,0.18779
AAPL,14593,QMLE-Quote,2009-12-29,0.163609
AAPL,14593,QMLE-Quote,2009-12-30,0.172001
AAPL,14593,QMLE-Quote,2009-12-31,0.152121
AAPL,14593,QMLE-Quote,2010-1-4,0.139677
AAPL,14593,QMLE-Quote,2010-1-5,0.161565
AAPL,14593,QMLE-Quote,2010-1-6,0.189976
AAPL,14593,QMLE-Quote,2010-1-7,0.207486
AAPL,14593,QMLE-Quote,2010-1-8,0.165492
AAPL,14593,QMLE-Quote,2010-1-11,0.186573
AAPL,14593,QMLE-Quote,2010-1-12,0.218531
AAPL,14593,QMLE-Quote,2010-1-13,0.217396
AAPL,14593,QMLE-Quote,2010-1-14,0.163432
AAPL,14593,QMLE-Quote,2010-1-15,0.184721
AAPL,14593,QMLE-Quote,2010-1-19,0.173921
AAPL,14593,QMLE-Quote,2010-1-20,0.213931
AAPL,14593,QMLE-Quote,2010-1-21,0.252589
AAPL,14593,QMLE-Quote,2010-1-22,0.307801
AAPL,14593,QMLE-Quote,2010-1-25,0.254984
AAPL,14593,QMLE-Quote,2010-1-26,0.443992
AAPL,14593,QMLE-Quote,2010-1-27,0.581383
AAPL,14593,QMLE-Quote,2010-1-28,0.354117
AAPL,14593,QMLE-Quote,2010-1-29,0.369702
AAPL,14593,QMLE-Quote,2010-2-1,0.33123
AAPL,14593,QMLE-Quote,2010-2-2,0.241375
AAPL,14593,QMLE-Quote,2010-2-3,0.221616
AAPL,14593,QMLE-Quote,2010-2-4,0.26715
AAPL,14593,QMLE-Quote,2010-2-5,0.324237
AAPL,14593,QMLE-Quote,2010-2-8,0.241304
AAPL,14593,QMLE-Quote,2010-2-9,0.224576
AAPL,14593,QMLE-Quote,2010-2-10,0.179612
AAPL,14593,QMLE-Quote,2010-2-11,0.192667
AAPL,14593,QMLE-Quote,2010-2-12,0.215102
AAPL,14593,QMLE-Quote,2010-2-16,0.114176
AAPL,14593,QMLE-Quote,2010-2-17,0.153796
AAPL,14593,QMLE-Quote,2010-2-18,0.142859
AAPL,14593,QMLE-Quote,2010-2-19,0.125616
AAPL,14593,QMLE-Quote,2010-2-22,0.155856
AAPL,14593,QMLE-Quote,2010-2-23,0.191364
AAPL,14593,QMLE-Quote,2010-2-24,0.163232
AAPL,14593,QMLE-Quote,2010-2-25,0.224812
AAPL,14593,QMLE-Quote,2010-2-26,0.163572
AAPL,14593,QMLE-Quote,2010-3-1,0.128577
AAPL,14593,QMLE-Quote,2010-3-2,0.154401
AAPL,14593,QMLE-Quote,2010-3-3,0.127965
AAPL,14593,QMLE-Quote,2010-3-4,0.132677
AAPL,14593,QMLE-Quote,2010-3-5,0.149619
AAPL,14593,QMLE-Quote,2010-3-8,0.12815
AAPL,14593,QMLE-Quote,2010-3-9,0.193525
AAPL,14593,QMLE-Quote,2010-3-10,0.167146
AAPL,14593,QMLE-Quote,2010-3-11,0.140121
AAPL,14593,QMLE-Quote,2010-3-12,0.153213
AAPL,14593,QMLE-Quote,2010-3-15,0.201423
AAPL,14593,QMLE-Quote,2010-3-16,0.148177
AAPL,14593,QMLE-Quote,2010-3-17,0.126568
AAPL,14593,QMLE-Quote,2010-3-18,0.146694
AAPL,14593,QMLE-Quote,2010-3-19,0.135939
AAPL,14593,QMLE-Quote,2010-3-22,0.146903
AAPL,14593,QMLE-Quote,2010-3-23,0.163625
AAPL,14593,QMLE-Quote,2010-3-24,0.171217
AAPL,14593,QMLE-Quote,2010-3-25,0.16757
AAPL,14593,QMLE-Quote,2010-3-26,0.188526
AAPL,14593,QMLE-Quote,2010-3-29,0.122617
AAPL,14593,QMLE-Quote,2010-3-30,0.151952
AAPL,14593,QMLE-Quote,2010-3-31,0.129671
AAPL,14593,QMLE-Quote,2010-4-1,0.170433
AAPL,14593,QMLE-Quote,2010-4-5,0.191043
AAPL,14593,QMLE-Quote,2010-4-6,0.12594
AAPL,14593,QMLE-Quote,2010-4-7,0.153307
AAPL,14593,QMLE-Quote,2010-4-8,0.184729
AAPL,14593,QMLE-Quote,2010-4-9,0.0969702
AAPL,14593,QMLE-Quote,2010-4-12,0.0901599
AAPL,14593,QMLE-Quote,2010-4-13,0.0898611
AAPL,14593,QMLE-Quote,2010-4-14,0.0928164
AAPL,14593,QMLE-Quote,2010-4-15,0.0910109
AAPL,14593,QMLE-Quote,2010-4-16,0.237684
AAPL,14593,QMLE-Quote,2010-4-19,0.217951
AAPL,14593,QMLE-Quote,2010-4-20,0.202074
AAPL,14593,QMLE-Quote,2010-4-21,0.252065
AAPL,14593,QMLE-Quote,2010-4-22,0.23354
AAPL,14593,QMLE-Quote,2010-4-23,0.206299
AAPL,14593,QMLE-Quote,2010-4-26,0.168909
AAPL,14593,QMLE-Quote,2010-4-27,0.269112
AAPL,14593,QMLE-Quote,2010-4-28,0.347007
AAPL,14593,QMLE-Quote,2010-4-29,0.186036
AAPL,14593,QMLE-Quote,2010-4-30,0.279553
AAPL,14593,QMLE-Quote,2010-5-3,0.186113
AAPL,14593,QMLE-Quote,2010-5-4,0.285829
AAPL,14593,QMLE-Quote,2010-5-5,0.385709
AAPL,14593,QMLE-Quote,2010-5-6,2.22723
AAPL,14593,QMLE-Quote,2010-5-7,0.895898
AAPL,14593,QMLE-Quote,2010-5-10,0.339303
AAPL,14593,QMLE-Quote,2010-5-11,0.306761
AAPL,14593,QMLE-Quote,2010-5-12,0.217408
AAPL,14593,QMLE-Quote,2010-5-13,0.256571
AAPL,14593,QMLE-Quote,2010-5-14,0.29741
AAPL,14593,QMLE-Quote,2010-5-17,0.343827
AAPL,14593,QMLE-Quote,2010-5-18,0.330964
AAPL,14593,QMLE-Quote,2010-5-19,0.439071
AAPL,14593,QMLE-Quote,2010-5-20,0.437313
AAPL,14593,QMLE-Quote,2010-5-21,0.432056
AAPL,14593,QMLE-Quote,2010-5-24,0.272224
AAPL,14593,QMLE-Quote,2010-5-25,0.427622
AAPL,14593,QMLE-Quote,2010-5-26,0.307918
AAPL,14593,QMLE-Quote,2010-5-27,0.203457
AAPL,14593,QMLE-Quote,2010-5-28,0.293518
AAPL,14593,QMLE-Quote,2010-6-1,0.254504
AAPL,14593,QMLE-Quote,2010-6-2,0.23297
AAPL,14593,QMLE-Quote,2010-6-3,0.215116
AAPL,14593,QMLE-Quote,2010-6-4,0.254896
AAPL,14593,QMLE-Quote,2010-6-7,0.328771
AAPL,14593,QMLE-Quote,2010-6-8,0.385019
AAPL,14593,QMLE-Quote,2010-6-9,0.351311
AAPL,14593,QMLE-Quote,2010-6-10,0.303818
AAPL,14593,QMLE-Quote,2010-6-11,0.237172
AAPL,14593,QMLE-Quote,2010-6-14,0.227376
AAPL,14593,QMLE-Quote,2010-6-15,0.158651
AAPL,14593,QMLE-Quote,2010-6-16,0.183525
AAPL,14593,QMLE-Quote,2010-6-17,0.208744
AAPL,14593,QMLE-Quote,2010-6-18,0.137722
AAPL,14593,QMLE-Quote,2010-6-21,0.23066
AAPL,14593,QMLE-Quote,2010-6-22,0.233017
AAPL,14593,QMLE-Quote,2010-6-23,0.291869
AAPL,14593,QMLE-Quote,2010-6-24,0.262629
AAPL,14593,QMLE-Quote,2010-6-25,0.246031
AAPL,14593,QMLE-Quote,2010-6-28,0.254434
AAPL,14593,QMLE-Quote,2010-6-29,0.400793
AAPL,14593,QMLE-Quote,2010-6-30,0.283279
AAPL,14593,QMLE-Quote,2010-7-1,0.405154
AAPL,14593,QMLE-Quote,2010-7-2,0.263795
AAPL,14593,QMLE-Quote,2010-7-6,0.251668
AAPL,14593,QMLE-Quote,2010-7-7,0.192875
AAPL,14593,QMLE-Quote,2010-7-8,0.247191
AAPL,14593,QMLE-Quote,2010-7-9,0.208988
AAPL,14593,QMLE-Quote,2010-7-12,0.242316
AAPL,14593,QMLE-Quote,2010-7-13,0.344916
AAPL,14593,QMLE-Quote,2010-7-14,0.276696
AAPL,14593,QMLE-Quote,2010-7-15,0.28773
AAPL,14593,QMLE-Quote,2010-7-16,0.32631
AAPL,14593,QMLE-Quote,2010-7-19,0.320085
AAPL,14593,QMLE-Quote,2010-7-20,0.279261
AAPL,14593,QMLE-Quote,2010-7-21,0.323049
AAPL,14593,QMLE-Quote,2010-7-22,0.218657
AAPL,14593,QMLE-Quote,2010-7-23,0.204562
AAPL,14593,QMLE-Quote,2010-7-26,0.156018
AAPL,14593,QMLE-Quote,2010-7-27,0.191212
AAPL,14593,QMLE-Quote,2010-7-28,0.205739
AAPL,14593,QMLE-Quote,2010-7-29,0.216343
AAPL,14593,QMLE-Quote,2010-7-30,0.201959
AAPL,14593,QMLE-Quote,2010-8-2,0.137229
AAPL,14593,QMLE-Quote,2010-8-3,0.168606
AAPL,14593,QMLE-Quote,2010-8-4,0.190274
AAPL,14593,QMLE-Quote,2010-8-5,0.129966
AAPL,14593,QMLE-Quote,2010-8-6,0.169678
AAPL,14593,QMLE-Quote,2010-8-9,0.120274
AAPL,14593,QMLE-Quote,2010-8-10,0.168317
AAPL,14593,QMLE-Quote,2010-8-11,0.186112
AAPL,14593,QMLE-Quote,2010-8-12,0.204735
AAPL,14593,QMLE-Quote,2010-8-13,0.147685
AAPL,14593,QMLE-Quote,2010-8-16,0.154481
AAPL,14593,QMLE-Quote,2010-8-17,0.141355
AAPL,14593,QMLE-Quote,2010-8-18,0.139056
AAPL,14593,QMLE-Quote,2010-8-19,0.163737
AAPL,14593,QMLE-Quote,2010-8-20,0.117816
AAPL,14593,QMLE-Quote,2010-8-23,0.173382
AAPL,14593,QMLE-Quote,2010-8-24,0.241869
AAPL,14593,QMLE-Quote,2010-8-25,0.231209
AAPL,14593,QMLE-Quote,2010-8-26,0.209755
AAPL,14593,QMLE-Quote,2010-8-27,0.253765
AAPL,14593,QMLE-Quote,2010-8-30,0.179973
AAPL,14593,QMLE-Quote,2010-8-31,0.2362
AAPL,14593,QMLE-Quote,2010-9-1,0.155603
AAPL,14593,QMLE-Quote,2010-9-2,0.143058
AAPL,14593,QMLE-Quote,2010-9-3,0.14034
AAPL,14593,QMLE-Quote,2010-9-7,0.146498
AAPL,14593,QMLE-Quote,2010-9-8,0.156981
AAPL,14593,QMLE-Quote,2010-9-9,0.137749
AAPL,14593,QMLE-Quote,2010-9-10,0.145455
AAPL,14593,QMLE-Quote,2010-9-13,0.107644
AAPL,14593,QMLE-Quote,2010-9-14,0.131393
AAPL,14593,QMLE-Quote,2010-9-15,0.103845
AAPL,14593,QMLE-Quote,2010-9-16,0.116618
AAPL,14593,QMLE-Quote,2010-9-17,0.143911
AAPL,14593,QMLE-Quote,2010-9-20,0.143761
AAPL,14593,QMLE-Quote,2010-9-21,0.194895
AAPL,14593,QMLE-Quote,2010-9-22,0.180028
AAPL,14593,QMLE-Quote,2010-9-23,0.18494
AAPL,14593,QMLE-Quote,2010-9-24,0.163374
AAPL,14593,QMLE-Quote,2010-9-27,0.155831
AAPL,14593,QMLE-Quote,2010-9-28,0.691685
AAPL,14593,QMLE-Quote,2010-9-29,0.190202
AAPL,14593,QMLE-Quote,2010-9-30,0.260146
AAPL,14593,QMLE-Quote,2010-10-1,0.198033
AAPL,14593,QMLE-Quote,2010-10-4,0.205067
AAPL,14593,QMLE-Quote,2010-10-5,0.135334
AAPL,14593,QMLE-Quote,2010-10-6,0.235982
AAPL,14593,QMLE-Quote,2010-10-7,0.181999
AAPL,14593,QMLE-Quote,2010-10-8,0.175203
AAPL,14593,QMLE-Quote,2010-10-11,0.128144
AAPL,14593,QMLE-Quote,2010-10-12,0.175803
AAPL,14593,QMLE-Quote,2010-10-13,0.112617
AAPL,14593,QMLE-Quote,2010-10-14,0.103744
AAPL,14593,QMLE-Quote,2010-10-15,0.142915
AAPL,14593,QMLE-Quote,2010-10-18,0.167513
AAPL,14593,QMLE-Quote,2010-10-19,0.355648
AAPL,14593,QMLE-Quote,2010-10-20,0.238273
AAPL,14593,QMLE-Quote,2010-10-21,0.19284
AAPL,14593,QMLE-Quote,2010-10-22,0.158206
AAPL,14593,QMLE-Quote,2010-10-25,0.139436
AAPL,14593,QMLE-Quote,2010-10-26,0.151863
AAPL,14593,QMLE-Quote,2010-10-27,0.190214
AAPL,14593,QMLE-Quote,2010-10-28,0.188539
AAPL,14593,QMLE-Quote,2010-10-29,0.139986
AAPL,14593,QMLE-Quote,2010-11-1,0.149069
AAPL,14593,QMLE-Quote,2010-11-2,0.13031
AAPL,14593,QMLE-Quote,2010-11-3,0.206626
AAPL,14593,QMLE-Quote,2010-11-4,0.129629
AAPL,14593,QMLE-Quote,2010-11-5,0.130913
AAPL,14593,QMLE-Quote,2010-11-8,0.100949
AAPL,14593,QMLE-Quote,2010-11-9,0.134168
AAPL,14593,QMLE-Quote,2010-11-10,0.153256
AAPL,14593,QMLE-Quote,2010-11-11,0.139519
AAPL,14593,QMLE-Quote,2010-11-12,0.25366
AAPL,14593,QMLE-Quote,2010-11-15,0.21046
AAPL,14593,QMLE-Quote,2010-11-16,0.217998
AAPL,14593,QMLE-Quote,2010-11-17,0.219488
AAPL,14593,QMLE-Quote,2010-11-18,0.129277
AAPL,14593,QMLE-Quote,2010-11-19,0.139931
AAPL,14593,QMLE-Quote,2010-11-22,0.174732
AAPL,14593,QMLE-Quote,2010-11-23,0.184365
AAPL,14593,QMLE-Quote,2010-11-24,0.105383
AAPL,14593,QMLE-Quote,2010-11-26,0.1489
AAPL,14593,QMLE-Quote,2010-11-29,0.203453
AAPL,14593,QMLE-Quote,2010-11-30,0.170382
AAPL,14593,QMLE-Quote,2010-12-1,0.10388
AAPL,14593,QMLE-Quote,2010-12-2,0.14626
AAPL,14593,QMLE-Quote,2010-12-3,0.119161
AAPL,14593,QMLE-Quote,2010-12-6,0.14901
AAPL,14593,QMLE-Quote,2010-12-7,0.138603
AAPL,14593,QMLE-Quote,2010-12-8,0.144683
AAPL,14593,QMLE-Quote,2010-12-9,0.126755
AAPL,14593,QMLE-Quote,2010-12-10,0.0940363
AAPL,14593,QMLE-Quote,2010-12-13,0.105048
AAPL,14593,QMLE-Quote,2010-12-14,0.133039
AAPL,14593,QMLE-Quote,2010-12-15,0.136221
AAPL,14593,QMLE-Quote,2010-12-16,0.102947
AAPL,14593,QMLE-Quote,2010-12-17,0.0657155
AAPL,14593,QMLE-Quote,2010-12-20,0.113858
AAPL,14593,QMLE-Quote,2010-12-21,0.0768513
AAPL,14593,QMLE-Quote,2010-12-22,0.0767664
AAPL,14593,QMLE-Quote,2010-12-23,0.0705643
AAPL,14593,QMLE-Quote,2010-12-27,0.0850376
AAPL,14593,QMLE-Quote,2010-12-28,0.0715964
AAPL,14593,QMLE-Quote,2010-12-29,0.0454598
AAPL,14593,QMLE-Quote,2010-12-30,0.072897
AAPL,14593,QMLE-Quote,2010-12-31,0.088977
AAPL,14593,QMLE-Quote,2011-1-3,0.103135
AAPL,14593,QMLE-Quote,2011-1-4,0.114617
AAPL,14593,QMLE-Quote,2011-1-5,0.0876981
AAPL,14593,QMLE-Quote,2011-1-6,0.0927957
AAPL,14593,QMLE-Quote,2011-1-7,0.13502
AAPL,14593,QMLE-Quote,2011-1-10,0.11293
AAPL,14593,QMLE-Quote,2011-1-11,0.15144
AAPL,14593,QMLE-Quote,2011-1-12,0.0962533
AAPL,14593,QMLE-Quote,2011-1-13,0.0878909
AAPL,14593,QMLE-Quote,2011-1-14,0.0822577
AAPL,14593,QMLE-Quote,2011-1-18,0.250575
AAPL,14593,QMLE-Quote,2011-1-19,0.278809
AAPL,14593,QMLE-Quote,2011-1-20,0.208278
AAPL,14593,QMLE-Quote,2011-1-21,0.172441
AAPL,14593,QMLE-Quote,2011-1-24,0.18316
AAPL,14593,QMLE-Quote,2011-1-25,0.179327
AAPL,14593,QMLE-Quote,2011-1-26,0.138751
AAPL,14593,QMLE-Quote,2011-1-27,0.119208
AAPL,14593,QMLE-Quote,2011-1-28,0.218278
AAPL,14593,QMLE-Quote,2011-1-31,0.225647
AAPL,14593,QMLE-Quote,2011-2-1,0.117527
AAPL,14593,QMLE-Quote,2011-2-2,0.107765
AAPL,14593,QMLE-Quote,2011-2-3,0.15143
AAPL,14593,QMLE-Quote,2011-2-4,0.117422
AAPL,14593,QMLE-Quote,2011-2-7,0.104015
AAPL,14593,QMLE-Quote,2011-2-8,0.0958162
AAPL,14593,QMLE-Quote,2011-2-9,0.118549
AAPL,14593,QMLE-Quote,2011-2-10,0.275245
AAPL,14593,QMLE-Quote,2011-2-11,0.12152
AAPL,14593,QMLE-Quote,2011-2-14,0.08241
AAPL,14593,QMLE-Quote,2011-2-15,0.0986344
AAPL,14593,QMLE-Quote,2011-2-16,0.117868
AAPL,14593,QMLE-Quote,2011-2-17,0.135422
AAPL,14593,QMLE-Quote,2011-2-18,0.171541
AAPL,14593,QMLE-Quote,2011-2-22,0.289212
AAPL,14593,QMLE-Quote,2011-2-23,0.224039
AAPL,14593,QMLE-Quote,2011-2-24,0.213677
AAPL,14593,QMLE-Quote,2011-2-25,0.113158
AAPL,14593,QMLE-Quote,2011-2-28,0.128992
AAPL,14593,QMLE-Quote,2011-3-1,0.217423
AAPL,14593,QMLE-Quote,2011-3-2,0.22928
AAPL,14593,QMLE-Quote,2011-3-3,0.0997921
AAPL,14593,QMLE-Quote,2011-3-4,0.125144
AAPL,14593,QMLE-Quote,2011-3-7,0.190737
AAPL,14593,QMLE-Quote,2011-3-8,0.145874
AAPL,14593,QMLE-Quote,2011-3-9,0.179542
AAPL,14593,QMLE-Quote,2011-3-10,0.184437
AAPL,14593,QMLE-Quote,2011-3-11,0.142836
AAPL,14593,QMLE-Quote,2011-3-14,0.160971
AAPL,14593,QMLE-Quote,2011-3-15,0.230238
AAPL,14593,QMLE-Quote,2011-3-16,0.37141
AAPL,14593,QMLE-Quote,2011-3-17,0.190794
AAPL,14593,QMLE-Quote,2011-3-18,0.219071
AAPL,14593,QMLE-Quote,2011-3-21,0.138219
AAPL,14593,QMLE-Quote,2011-3-22,0.141146
AAPL,14593,QMLE-Quote,2011-3-23,0.143843
AAPL,14593,QMLE-Quote,2011-3-24,0.146162
AAPL,14593,QMLE-Quote,2011-3-25,0.113551
AAPL,14593,QMLE-Quote,2011-3-28,0.124857
AAPL,14593,QMLE-Quote,2011-3-29,0.137206
AAPL,14593,QMLE-Quote,2011-3-30,0.117429
AAPL,14593,QMLE-Quote,2011-3-31,0.133583
AAPL,14593,QMLE-Quote,2011-4-1,0.145379
AAPL,14593,QMLE-Quote,2011-4-4,0.16967
AAPL,14593,QMLE-Quote,2011-4-5,0.18643
AAPL,14593,QMLE-Quote,2011-4-6,0.179233
AAPL,14593,QMLE-Quote,2011-4-7,0.183652
AAPL,14593,QMLE-Quote,2011-4-8,0.153131
AAPL,14593,QMLE-Quote,2011-4-11,0.164138
AAPL,14593,QMLE-Quote,2011-4-12,0.178826
AAPL,14593,QMLE-Quote,2011-4-13,0.145026
AAPL,14593,QMLE-Quote,2011-4-14,0.137347
AAPL,14593,QMLE-Quote,2011-4-15,0.142655
AAPL,14593,QMLE-Quote,2011-4-18,0.310088
AAPL,14593,QMLE-Quote,2011-4-19,0.158626
AAPL,14593,QMLE-Quote,2011-4-20,0.123575
AAPL,14593,QMLE-Quote,2011-4-21,0.160322
AAPL,14593,QMLE-Quote,2011-4-25,0.118269
AAPL,14593,QMLE-Quote,2011-4-26,0.137521
AAPL,14593,QMLE-Quote,2011-4-27,0.14723
AAPL,14593,QMLE-Quote,2011-4-28,0.136022
AAPL,14593,QMLE-Quote,2011-4-29,0.148356
AAPL,14593,QMLE-Quote,2011-5-2,0.17163
AAPL,14593,QMLE-Quote,2011-5-3,0.138422
AAPL,14593,QMLE-Quote,2011-5-4,0.205841
AAPL,14593,QMLE-Quote,2011-5-5,0.170942
AAPL,14593,QMLE-Quote,2011-5-6,0.122629
AAPL,14593,QMLE-Quote,2011-5-9,0.119743
AAPL,14593,QMLE-Quote,2011-5-10,0.113621
AAPL,14593,QMLE-Quote,2011-5-11,0.146201
AAPL,14593,QMLE-Quote,2011-5-12,0.170542
AAPL,14593,QMLE-Quote,2011-5-13,0.127601
AAPL,14593,QMLE-Quote,2011-5-16,0.16617
AAPL,14593,QMLE-Quote,2011-5-17,0.207992
AAPL,14593,QMLE-Quote,2011-5-18,0.108415
AAPL,14593,QMLE-Quote,2011-5-19,0.131858
AAPL,14593,QMLE-Quote,2011-5-20,0.131699
AAPL,14593,QMLE-Quote,2011-5-23,0.178334
AAPL,14593,QMLE-Quote,2011-5-24,0.15758
AAPL,14593,QMLE-Quote,2011-5-25,0.141399
AAPL,14593,QMLE-Quote,2011-5-26,0.105367
AAPL,14593,QMLE-Quote,2011-5-27,0.0926569
AAPL,14593,QMLE-Quote,2011-5-31,0.123402
AAPL,14593,QMLE-Quote,2011-6-1,0.188776
AAPL,14593,QMLE-Quote,2011-6-2,0.160054
AAPL,14593,QMLE-Quote,2011-6-3,0.146949
AAPL,14593,QMLE-Quote,2011-6-6,0.221674
AAPL,14593,QMLE-Quote,2011-6-7,0.204627
AAPL,14593,QMLE-Quote,2011-6-8,0.206018
AAPL,14593,QMLE-Quote,2011-6-9,0.169013
AAPL,14593,QMLE-Quote,2011-6-10,0.173555
AAPL,14593,QMLE-Quote,2011-6-13,0.178621
AAPL,14593,QMLE-Quote,2011-6-14,0.116238
AAPL,14593,QMLE-Quote,2011-6-15,0.172423
AAPL,14593,QMLE-Quote,2011-6-16,0.208371
AAPL,14593,QMLE-Quote,2011-6-17,0.230182
AAPL,14593,QMLE-Quote,2011-6-20,0.25753
AAPL,14593,QMLE-Quote,2011-6-21,0.22255
AAPL,14593,QMLE-Quote,2011-6-22,0.179076
AAPL,14593,QMLE-Quote,2011-6-23,0.257454
AAPL,14593,QMLE-Quote,2011-6-24,0.200679
AAPL,14593,QMLE-Quote,2011-6-27,0.145746
AAPL,14593,QMLE-Quote,2011-6-28,0.117829
AAPL,14593,QMLE-Quote,2011-6-29,0.175001
AAPL,14593,QMLE-Quote,2011-6-30,0.144904
AAPL,14593,QMLE-Quote,2011-7-1,0.119103
AAPL,14593,QMLE-Quote,2011-7-5,0.138773
AAPL,14593,QMLE-Quote,2011-7-6,0.159477
AAPL,14593,QMLE-Quote,2011-7-7,0.118482
AAPL,14593,QMLE-Quote,2011-7-8,0.153857
AAPL,14593,QMLE-Quote,2011-7-11,0.201351
AAPL,14593,QMLE-Quote,2011-7-12,0.223333
AAPL,14593,QMLE-Quote,2011-7-13,0.140076
AAPL,14593,QMLE-Quote,2011-7-14,0.171104
AAPL,14593,QMLE-Quote,2011-7-15,0.108342
AAPL,14593,QMLE-Quote,2011-7-18,0.14552
AAPL,14593,QMLE-Quote,2011-7-19,0.170479
AAPL,14593,QMLE-Quote,2011-7-20,0.250165
AAPL,14593,QMLE-Quote,2011-7-21,0.17458
AAPL,14593,QMLE-Quote,2011-7-22,0.125488
AAPL,14593,QMLE-Quote,2011-7-25,0.160832
AAPL,14593,QMLE-Quote,2011-7-26,0.145033
AAPL,14593,QMLE-Quote,2011-7-27,0.226985
AAPL,14593,QMLE-Quote,2011-7-28,0.211332
AAPL,14593,QMLE-Quote,2011-7-29,0.249391
AAPL,14593,QMLE-Quote,2011-8-1,0.237
AAPL,14593,QMLE-Quote,2011-8-2,0.220758
AAPL,14593,QMLE-Quote,2011-8-3,0.305595
AAPL,14593,QMLE-Quote,2011-8-4,0.321785
AAPL,14593,QMLE-Quote,2011-8-5,0.577727
AAPL,14593,QMLE-Quote,2011-8-8,0.534934
AAPL,14593,QMLE-Quote,2011-8-9,0.553762
AAPL,14593,QMLE-Quote,2011-8-10,0.425561
AAPL,14593,QMLE-Quote,2011-8-11,0.279229
AAPL,14593,QMLE-Quote,2011-8-12,0.188329
AAPL,14593,QMLE-Quote,2011-8-15,0.164123
AAPL,14593,QMLE-Quote,2011-8-16,0.220116
AAPL,14593,QMLE-Quote,2011-8-17,0.20601
AAPL,14593,QMLE-Quote,2011-8-18,0.303474
AAPL,14593,QMLE-Quote,2011-8-19,0.277984
AAPL,14593,QMLE-Quote,2011-8-22,0.288123
AAPL,14593,QMLE-Quote,2011-8-23,0.270705
AAPL,14593,QMLE-Quote,2011-8-24,0.234131
AAPL,14593,QMLE-Quote,2011-8-25,0.28688
AAPL,14593,QMLE-Quote,2011-8-26,0.232251
AAPL,14593,QMLE-Quote,2011-8-29,0.125933
AAPL,14593,QMLE-Quote,2011-8-30,0.174031
AAPL,14593,QMLE-Quote,2011-8-31,0.198934
AAPL,14593,QMLE-Quote,2011-9-1,0.181592
AAPL,14593,QMLE-Quote,2011-9-2,0.162244
AAPL,14593,QMLE-Quote,2011-9-6,0.253477
AAPL,14593,QMLE-Quote,2011-9-7,0.1426
AAPL,14593,QMLE-Quote,2011-9-8,0.194331
AAPL,14593,QMLE-Quote,2011-9-9,0.230701
AAPL,14593,QMLE-Quote,2011-9-12,0.255451
AAPL,14593,QMLE-Quote,2011-9-13,0.180722
AAPL,14593,QMLE-Quote,2011-9-14,0.152398
AAPL,14593,QMLE-Quote,2011-9-15,0.142897
AAPL,14593,QMLE-Quote,2011-9-16,0.121707
AAPL,14593,QMLE-Quote,2011-9-19,0.248989
AAPL,14593,QMLE-Quote,2011-9-20,0.251274
AAPL,14593,QMLE-Quote,2011-9-21,0.275612
AAPL,14593,QMLE-Quote,2011-9-22,0.411146
AAPL,14593,QMLE-Quote,2011-9-23,0.276283
AAPL,14593,QMLE-Quote,2011-9-26,0.378282
AAPL,14593,QMLE-Quote,2011-9-27,0.278189
AAPL,14593,QMLE-Quote,2011-9-28,0.265522
AAPL,14593,QMLE-Quote,2011-9-29,0.325979
AAPL,14593,QMLE-Quote,2011-9-30,0.298487
AAPL,14593,QMLE-Quote,2011-10-3,0.389694
AAPL,14593,QMLE-Quote,2011-10-4,0.61292
AAPL,14593,QMLE-Quote,2011-10-5,0.415675
AAPL,14593,QMLE-Quote,2011-10-6,0.390259
AAPL,14593,QMLE-Quote,2011-10-7,0.299178
AAPL,14593,QMLE-Quote,2011-10-10,0.20531
AAPL,14593,QMLE-Quote,2011-10-11,0.239008
AAPL,14593,QMLE-Quote,2011-10-12,0.238584
AAPL,14593,QMLE-Quote,2011-10-13,0.178278
AAPL,14593,QMLE-Quote,2011-10-14,0.129011
AAPL,14593,QMLE-Quote,2011-10-17,0.263195
AAPL,14593,QMLE-Quote,2011-10-18,0.204704
AAPL,14593,QMLE-Quote,2011-10-19,0.287359
AAPL,14593,QMLE-Quote,2011-10-20,0.255536
AAPL,14593,QMLE-Quote,2011-10-21,0.18271
AAPL,14593,QMLE-Quote,2011-10-24,0.197045
AAPL,14593,QMLE-Quote,2011-10-25,0.231826
AAPL,14593,QMLE-Quote,2011-10-26,0.225896
AAPL,14593,QMLE-Quote,2011-10-27,0.184987
AAPL,14593,QMLE-Quote,2011-10-28,0.151711
AAPL,14593,QMLE-Quote,2011-10-31,0.187323
AAPL,14593,QMLE-Quote,2011-11-1,0.234066
AAPL,14593,QMLE-Quote,2011-11-2,0.167305
AAPL,14593,QMLE-Quote,2011-11-3,0.175979
AAPL,14593,QMLE-Quote,2011-11-4,0.124564
AAPL,14593,QMLE-Quote,2011-11-7,0.143507
AAPL,14593,QMLE-Quote,2011-11-8,0.145799
AAPL,14593,QMLE-Quote,2011-11-9,0.172607
AAPL,14593,QMLE-Quote,2011-11-10,0.287422
AAPL,14593,QMLE-Quote,2011-11-11,0.257142
AAPL,14593,QMLE-Quote,2011-11-14,0.219398
AAPL,14593,QMLE-Quote,2011-11-15,0.177013
AAPL,14593,QMLE-Quote,2011-11-16,0.195329
AAPL,14593,QMLE-Quote,2011-11-17,0.246824
AAPL,14593,QMLE-Quote,2011-11-18,0.197455
AAPL,14593,QMLE-Quote,2011-11-21,0.255063
AAPL,14593,QMLE-Quote,2011-11-22,0.212469
AAPL,14593,QMLE-Quote,2011-11-23,0.236188
AAPL,14593,QMLE-Quote,2011-11-25,0.216071
AAPL,14593,QMLE-Quote,2011-11-28,0.173986
AAPL,14593,QMLE-Quote,2011-11-29,0.245424
AAPL,14593,QMLE-Quote,2011-11-30,0.174132
AAPL,14593,QMLE-Quote,2011-12-1,0.170773
AAPL,14593,QMLE-Quote,2011-12-2,0.139527
AAPL,14593,QMLE-Quote,2011-12-5,0.152344
AAPL,14593,QMLE-Quote,2011-12-6,0.154708
AAPL,14593,QMLE-Quote,2011-12-7,0.154936
AAPL,14593,QMLE-Quote,2011-12-8,0.188043
AAPL,14593,QMLE-Quote,2011-12-9,0.121031
AAPL,14593,QMLE-Quote,2011-12-12,0.135538
AAPL,14593,QMLE-Quote,2011-12-13,0.171232
AAPL,14593,QMLE-Quote,2011-12-14,0.21168
AAPL,14593,QMLE-Quote,2011-12-15,0.157481
AAPL,14593,QMLE-Quote,2011-12-16,0.121122
AAPL,14593,QMLE-Quote,2011-12-19,0.138241
AAPL,14593,QMLE-Quote,2011-12-20,0.117717
AAPL,14593,QMLE-Quote,2011-12-21,0.162082
AAPL,14593,QMLE-Quote,2011-12-22,0.0833286
AAPL,14593,QMLE-Quote,2011-12-23,0.0696925
AAPL,14593,QMLE-Quote,2011-12-27,0.104236
AAPL,14593,QMLE-Quote,2011-12-28,0.12039
AAPL,14593,QMLE-Quote,2011-12-29,0.106472
AAPL,14593,QMLE-Quote,2011-12-30,0.0681461
AAPL,14593,QMLE-Quote,2012-1-3,0.102043
AAPL,14593,QMLE-Quote,2012-1-4,0.107876
AAPL,14593,QMLE-Quote,2012-1-5,0.114474
AAPL,14593,QMLE-Quote,2012-1-6,0.0814477
AAPL,14593,QMLE-Quote,2012-1-9,0.142753
AAPL,14593,QMLE-Quote,2012-1-10,0.12103
AAPL,14593,QMLE-Quote,2012-1-11,0.12719
AAPL,14593,QMLE-Quote,2012-1-12,0.118933
AAPL,14593,QMLE-Quote,2012-1-13,0.0847041
AAPL,14593,QMLE-Quote,2012-1-17,0.0854229
AAPL,14593,QMLE-Quote,2012-1-18,0.0852622
AAPL,14593,QMLE-Quote,2012-1-19,0.0811763
AAPL,14593,QMLE-Quote,2012-1-20,0.0963634
AAPL,14593,QMLE-Quote,2012-1-23,0.123224
AAPL,14593,QMLE-Quote,2012-1-24,0.125517
AAPL,14593,QMLE-Quote,2012-1-25,0.201883
AAPL,14593,QMLE-Quote,2012-1-26,0.107511
AAPL,14593,QMLE-Quote,2012-1-27,0.100858
AAPL,14593,QMLE-Quote,2012-1-30,0.127101
AAPL,14593,QMLE-Quote,2012-1-31,0.132289
AAPL,14593,QMLE-Quote,2012-2-1,0.109393
AAPL,14593,QMLE-Quote,2012-2-2,0.100205
AAPL,14593,QMLE-Quote,2012-2-3,0.0747192
AAPL,14593,QMLE-Quote,2012-2-6,0.0953322
AAPL,14593,QMLE-Quote,2012-2-7,0.104689
AAPL,14593,QMLE-Quote,2012-2-8,0.103439
AAPL,14593,QMLE-Quote,2012-2-9,0.208855
AAPL,14593,QMLE-Quote,2012-2-10,0.205719
AAPL,14593,QMLE-Quote,2012-2-13,0.168891
AAPL,14593,QMLE-Quote,2012-2-14,0.140684
AAPL,14593,QMLE-Quote,2012-2-15,0.409012
AAPL,14593,QMLE-Quote,2012-2-16,0.280563
AAPL,14593,QMLE-Quote,2012-2-17,0.201368
AAPL,14593,QMLE-Quote,2012-2-21,0.195644
AAPL,14593,QMLE-Quote,2012-2-22,0.206873
AAPL,14593,QMLE-Quote,2012-2-23,0.219115
AAPL,14593,QMLE-Quote,2012-2-24,0.0987476
AAPL,14593,QMLE-Quote,2012-2-27,0.1655
AAPL,14593,QMLE-Quote,2012-2-28,0.162565
AAPL,14593,QMLE-Quote,2012-2-29,0.264113
AAPL,14593,QMLE-Quote,2012-3-1,0.204535
AAPL,14593,QMLE-Quote,2012-3-2,0.118407
AAPL,14593,QMLE-Quote,2012-3-5,0.329564
AAPL,14593,QMLE-Quote,2012-3-6,0.28377
AAPL,14593,QMLE-Quote,2012-3-7,0.300226
AAPL,14593,QMLE-Quote,2012-3-8,0.154449
AAPL,14593,QMLE-Quote,2012-3-9,0.106994
AAPL,14593,QMLE-Quote,2012-3-12,0.110199
AAPL,14593,QMLE-Quote,2012-3-13,0.13251
AAPL,14593,QMLE-Quote,2012-3-14,0.344393
AAPL,14593,QMLE-Quote,2012-3-15,0.345528
AAPL,14593,QMLE-Quote,2012-3-16,0.230154
AAPL,14593,QMLE-Quote,2012-3-19,0.232666
AAPL,14593,QMLE-Quote,2012-3-20,0.22026
AAPL,14593,QMLE-Quote,2012-3-21,0.171091
AAPL,14593,QMLE-Quote,2012-3-22,0.176213
AAPL,14593,QMLE-Quote,2012-3-23,0.134021
AAPL,14593,QMLE-Quote,2012-3-26,0.130537
AAPL,14593,QMLE-Quote,2012-3-27,0.136471
AAPL,14593,QMLE-Quote,2012-3-28,0.185093
AAPL,14593,QMLE-Quote,2012-3-29,0.183013
AAPL,14593,QMLE-Quote,2012-3-30,0.17586
AAPL,14593,QMLE-Quote,2012-4-2,0.151125
AAPL,14593,QMLE-Quote,2012-4-3,0.183047
AAPL,14593,QMLE-Quote,2012-4-4,0.163274
AAPL,14593,QMLE-Quote,2012-4-5,0.132629
AAPL,14593,QMLE-Quote,2012-4-9,0.167169
AAPL,14593,QMLE-Quote,2012-4-10,0.25787
AAPL,14593,QMLE-Quote,2012-4-11,0.233937
AAPL,14593,QMLE-Quote,2012-4-12,0.200328
AAPL,14593,QMLE-Quote,2012-4-13,0.248324
AAPL,14593,QMLE-Quote,2012-4-16,0.413951
AAPL,14593,QMLE-Quote,2012-4-17,0.298381
AAPL,14593,QMLE-Quote,2012-4-18,0.312075
AAPL,14593,QMLE-Quote,2012-4-19,0.325738
AAPL,14593,QMLE-Quote,2012-4-20,0.319053
AAPL,14593,QMLE-Quote,2012-4-23,0.411509
AAPL,14593,QMLE-Quote,2012-4-24,0.317661
AAPL,14593,QMLE-Quote,2012-4-25,0.246872
AAPL,14593,QMLE-Quote,2012-4-26,0.200339
AAPL,14593,QMLE-Quote,2012-4-27,0.152383
AAPL,14593,QMLE-Quote,2012-4-30,0.222253
AAPL,14593,QMLE-Quote,2012-5-1,0.259741
AAPL,14593,QMLE-Quote,2012-5-2,0.238793
AAPL,14593,QMLE-Quote,2012-5-3,0.185501
AAPL,14593,QMLE-Quote,2012-5-4,0.186395
AAPL,14593,QMLE-Quote,2012-5-7,0.241576
AAPL,14593,QMLE-Quote,2012-5-8,0.264964
AAPL,14593,QMLE-Quote,2012-5-9,0.235967
AAPL,14593,QMLE-Quote,2012-5-10,0.146135
AAPL,14593,QMLE-Quote,2012-5-11,0.179207
AAPL,14593,QMLE-Quote,2012-5-14,0.187039
AAPL,14593,QMLE-Quote,2012-5-15,0.226275
AAPL,14593,QMLE-Quote,2012-5-16,0.223194
AAPL,14593,QMLE-Quote,2012-5-17,0.276566
AAPL,14593,QMLE-Quote,2012-5-18,0.306184
AAPL,14593,QMLE-Quote,2012-5-21,0.250684
AAPL,14593,QMLE-Quote,2012-5-22,0.288438
AAPL,14593,QMLE-Quote,2012-5-23,0.295674
AAPL,14593,QMLE-Quote,2012-5-24,0.268675
AAPL,14593,QMLE-Quote,2012-5-25,0.174352
AAPL,14593,QMLE-Quote,2012-5-29,0.207888
AAPL,14593,QMLE-Quote,2012-5-30,0.215521
AAPL,14593,QMLE-Quote,2012-5-31,0.211634
AAPL,14593,QMLE-Quote,2012-6-1,0.185861
AAPL,14593,QMLE-Quote,2012-6-4,0.346671
AAPL,14593,QMLE-Quote,2012-6-5,0.229515
AAPL,14593,QMLE-Quote,2012-6-6,0.148087
AAPL,14593,QMLE-Quote,2012-6-7,0.155
AAPL,14593,QMLE-Quote,2012-6-8,0.106543
AAPL,14593,QMLE-Quote,2012-6-11,0.222971
AAPL,14593,QMLE-Quote,2012-6-12,0.220056
AAPL,14593,QMLE-Quote,2012-6-13,0.154567
AAPL,14593,QMLE-Quote,2012-6-14,0.161808
AAPL,14593,QMLE-Quote,2012-6-15,0.0957093
AAPL,14593,QMLE-Quote,2012-6-18,0.173104
AAPL,14593,QMLE-Quote,2012-6-19,0.168076
AAPL,14593,QMLE-Quote,2012-6-20,0.178337
AAPL,14593,QMLE-Quote,2012-6-21,0.149277
AAPL,14593,QMLE-Quote,2012-6-22,0.134682
AAPL,14593,QMLE-Quote,2012-6-25,0.150854
AAPL,14593,QMLE-Quote,2012-6-26,0.178814
AAPL,14593,QMLE-Quote,2012-6-27,0.115506
AAPL,14593,QMLE-Quote,2012-6-28,0.154251
AAPL,14593,QMLE-Quote,2012-6-29,0.104269
AAPL,14593,QMLE-Quote,2012-7-2,0.149116
AAPL,14593,QMLE-Quote,2012-7-3,0.105884
AAPL,14593,QMLE-Quote,2012-7-5,0.130883
AAPL,14593,QMLE-Quote,2012-7-6,0.145598
AAPL,14593,QMLE-Quote,2012-7-9,0.151798
AAPL,14593,QMLE-Quote,2012-7-10,0.174672
AAPL,14593,QMLE-Quote,2012-7-11,0.198212
AAPL,14593,QMLE-Quote,2012-7-12,0.192462
AAPL,14593,QMLE-Quote,2012-7-13,0.118388
AAPL,14593,QMLE-Quote,2012-7-16,0.137401
AAPL,14593,QMLE-Quote,2012-7-17,0.167364
AAPL,14593,QMLE-Quote,2012-7-18,0.11861
AAPL,14593,QMLE-Quote,2012-7-19,0.12672
AAPL,14593,QMLE-Quote,2012-7-20,0.109746
AAPL,14593,QMLE-Quote,2012-7-23,0.225923
AAPL,14593,QMLE-Quote,2012-7-24,0.181514
AAPL,14593,QMLE-Quote,2012-7-25,0.246722
AAPL,14593,QMLE-Quote,2012-7-26,0.185564
AAPL,14593,QMLE-Quote,2012-7-27,0.149482
AAPL,14593,QMLE-Quote,2012-7-30,0.184037
AAPL,14593,QMLE-Quote,2012-7-31,0.160818
AAPL,14593,QMLE-Quote,2012-8-1,0.195058
AAPL,14593,QMLE-Quote,2012-8-2,0.176735
AAPL,14593,QMLE-Quote,2012-8-3,0.0953826
AAPL,14593,QMLE-Quote,2012-8-6,0.1123
AAPL,14593,QMLE-Quote,2012-8-7,0.132435
AAPL,14593,QMLE-Quote,2012-8-8,0.0971278
AAPL,14593,QMLE-Quote,2012-8-9,0.0820158
AAPL,14593,QMLE-Quote,2012-8-10,0.0721904
AAPL,14593,QMLE-Quote,2012-8-13,0.0979455
AAPL,14593,QMLE-Quote,2012-8-14,0.125331
AAPL,14593,QMLE-Quote,2012-8-15,0.111031
AAPL,14593,QMLE-Quote,2012-8-16,0.0905626
AAPL,14593,QMLE-Quote,2012-8-17,0.0884245
AAPL,14593,QMLE-Quote,2012-8-20,0.14504
AAPL,14593,QMLE-Quote,2012-8-21,0.260141
AAPL,14593,QMLE-Quote,2012-8-22,0.209411
AAPL,14593,QMLE-Quote,2012-8-23,0.192278
AAPL,14593,QMLE-Quote,2012-8-24,0.14024
AAPL,14593,QMLE-Quote,2012-8-27,0.167149
AAPL,14593,QMLE-Quote,2012-8-28,0.108232
AAPL,14593,QMLE-Quote,2012-8-29,0.0856026
AAPL,14593,QMLE-Quote,2012-8-30,0.119067
AAPL,14593,QMLE-Quote,2012-8-31,0.149507
AAPL,14593,QMLE-Quote,2012-9-4,0.142086
AAPL,14593,QMLE-Quote,2012-9-5,0.143898
AAPL,14593,QMLE-Quote,2012-9-6,0.122583
AAPL,14593,QMLE-Quote,2012-9-7,0.0972752
AAPL,14593,QMLE-Quote,2012-9-10,0.177621
AAPL,14593,QMLE-Quote,2012-9-11,0.209618
AAPL,14593,QMLE-Quote,2012-9-12,0.282968
AAPL,14593,QMLE-Quote,2012-9-13,0.165334
AAPL,14593,QMLE-Quote,2012-9-14,0.127103
AAPL,14593,QMLE-Quote,2012-9-17,0.119198
AAPL,14593,QMLE-Quote,2012-9-18,0.111686
AAPL,14593,QMLE-Quote,2012-9-19,0.0947425
AAPL,14593,QMLE-Quote,2012-9-20,0.102477
AAPL,14593,QMLE-Quote,2012-9-21,0.0770091
AAPL,14593,QMLE-Quote,2012-9-24,0.211065
AAPL,14593,QMLE-Quote,2012-9-25,0.182521
AAPL,14593,QMLE-Quote,2012-9-26,0.235657
AAPL,14593,QMLE-Quote,2012-9-27,0.193046
AAPL,14593,QMLE-Quote,2012-9-28,0.183405
AAPL,14593,QMLE-Quote,2012-10-1,0.234304
AAPL,14593,QMLE-Quote,2012-10-2,0.267179
AAPL,14593,QMLE-Quote,2012-10-3,0.185855
AAPL,14593,QMLE-Quote,2012-10-4,0.161994
AAPL,14593,QMLE-Quote,2012-10-5,0.191101
AAPL,14593,QMLE-Quote,2012-10-8,0.284816
AAPL,14593,QMLE-Quote,2012-10-9,0.338744
AAPL,14593,QMLE-Quote,2012-10-10,0.217571
AAPL,14593,QMLE-Quote,2012-10-11,0.218345
AAPL,14593,QMLE-Quote,2012-10-12,0.213535
AAPL,14593,QMLE-Quote,2012-10-15,0.229783
AAPL,14593,QMLE-Quote,2012-10-16,0.178254
AAPL,14593,QMLE-Quote,2012-10-17,0.161163
AAPL,14593,QMLE-Quote,2012-10-18,0.20184
AAPL,14593,QMLE-Quote,2012-10-19,0.180219
AAPL,14593,QMLE-Quote,2012-10-22,0.259585
AAPL,14593,QMLE-Quote,2012-10-23,0.37462
AAPL,14593,QMLE-Quote,2012-10-24,0.283511
AAPL,14593,QMLE-Quote,2012-10-25,0.253023
AAPL,14593,QMLE-Quote,2012-10-26,0.360965
AAPL,14593,QMLE-Quote,2012-10-31,0.300739
AAPL,14593,QMLE-Quote,2012-11-1,0.196754
AAPL,14593,QMLE-Quote,2012-11-2,0.181733
AAPL,14593,QMLE-Quote,2012-11-5,0.274123
AAPL,14593,QMLE-Quote,2012-11-6,0.173346
AAPL,14593,QMLE-Quote,2012-11-7,0.334313
AAPL,14593,QMLE-Quote,2012-11-8,0.431253
AAPL,14593,QMLE-Quote,2012-11-9,0.355084
AAPL,14593,QMLE-Quote,2012-11-12,0.291215
AAPL,14593,QMLE-Quote,2012-11-13,0.291862
AAPL,14593,QMLE-Quote,2012-11-14,0.260329
AAPL,14593,QMLE-Quote,2012-11-15,0.326621
AAPL,14593,QMLE-Quote,2012-11-16,0.411554
AAPL,14593,QMLE-Quote,2012-11-19,0.240017
AAPL,14593,QMLE-Quote,2012-11-20,0.281141
AAPL,14593,QMLE-Quote,2012-11-21,0.218339
AAPL,14593,QMLE-Quote,2012-11-23,0.147914
AAPL,14593,QMLE-Quote,2012-11-26,0.187269
AAPL,14593,QMLE-Quote,2012-11-27,0.260957
AAPL,14593,QMLE-Quote,2012-11-28,0.226665
AAPL,14593,QMLE-Quote,2012-11-29,0.197246
AAPL,14593,QMLE-Quote,2012-11-30,0.13408
AAPL,14593,QMLE-Quote,2012-12-3,0.168603
AAPL,14593,QMLE-Quote,2012-12-4,0.216408
AAPL,14593,QMLE-Quote,2012-12-5,0.377795
AAPL,14593,QMLE-Quote,2012-12-6,0.460837
AAPL,14593,QMLE-Quote,2012-12-7,0.381044
AAPL,14593,QMLE-Quote,2012-12-10,0.396829
AAPL,14593,QMLE-Quote,2012-12-11,0.291399
AAPL,14593,QMLE-Quote,2012-12-12,0.286941
AAPL,14593,QMLE-Quote,2012-12-13,0.288107
AAPL,14593,QMLE-Quote,2012-12-14,0.298368
AAPL,14593,QMLE-Quote,2012-12-17,0.400857
AAPL,14593,QMLE-Quote,2012-12-18,0.276977
AAPL,14593,QMLE-Quote,2012-12-19,0.222789
AAPL,14593,QMLE-Quote,2012-12-20,0.223082
AAPL,14593,QMLE-Quote,2012-12-21,0.183482
AAPL,14593,QMLE-Quote,2012-12-24,0.189266
AAPL,14593,QMLE-Quote,2012-12-26,0.178877
AAPL,14593,QMLE-Quote,2012-12-27,0.20212
AAPL,14593,QMLE-Quote,2012-12-28,0.149754
AAPL,14593,QMLE-Quote,2012-12-31,0.307121
AAPL,14593,QMLE-Quote,2013-1-2,0.226738
AAPL,14593,QMLE-Quote,2013-1-3,0.162717
AAPL,14593,QMLE-Quote,2013-1-4,0.197089
AAPL,14593,QMLE-Quote,2013-1-7,0.24568
AAPL,14593,QMLE-Quote,2013-1-8,0.24294
AAPL,14593,QMLE-Quote,2013-1-9,0.196122
AAPL,14593,QMLE-Quote,2013-1-10,0.245737
AAPL,14593,QMLE-Quote,2013-1-11,0.170919
AAPL,14593,QMLE-Quote,2013-1-14,0.263481
AAPL,14593,QMLE-Quote,2013-1-15,0.286766
AAPL,14593,QMLE-Quote,2013-1-16,0.207948
AAPL,14593,QMLE-Quote,2013-1-17,0.193043
AAPL,14593,QMLE-Quote,2013-1-18,0.144095
AAPL,14593,QMLE-Quote,2013-1-22,0.197223
AAPL,14593,QMLE-Quote,2013-1-23,0.22841
AAPL,14593,QMLE-Quote,2013-1-24,0.369542
AAPL,14593,QMLE-Quote,2013-1-25,0.35805
AAPL,14593,QMLE-Quote,2013-1-28,0.338354
AAPL,14593,QMLE-Quote,2013-1-29,0.238056
AAPL,14593,QMLE-Quote,2013-1-30,0.22161
AAPL,14593,QMLE-Quote,2013-1-31,0.177297
AAPL,14593,QMLE-Quote,2013-2-1,0.226284
AAPL,14593,QMLE-Quote,2013-2-4,0.221884
AAPL,14593,QMLE-Quote,2013-2-5,0.247659
AAPL,14593,QMLE-Quote,2013-2-6,0.315571
AAPL,14593,QMLE-Quote,2013-2-7,0.311446
AAPL,14593,QMLE-Quote,2013-2-8,0.184572
AAPL,14593,QMLE-Quote,2013-2-11,0.216349
AAPL,14593,QMLE-Quote,2013-2-12,0.284805
AAPL,14593,QMLE-Quote,2013-2-13,0.254489
AAPL,14593,QMLE-Quote,2013-2-14,0.203575
AAPL,14593,QMLE-Quote,2013-2-15,0.162673
AAPL,14593,QMLE-Quote,2013-2-19,0.2296
AAPL,14593,QMLE-Quote,2013-2-20,0.210902
AAPL,14593,QMLE-Quote,2013-2-21,0.228151
AAPL,14593,QMLE-Quote,2013-2-22,0.172389
AAPL,14593,QMLE-Quote,2013-2-25,0.199166
AAPL,14593,QMLE-Quote,2013-2-26,0.276005
AAPL,14593,QMLE-Quote,2013-2-27,0.403248
AAPL,14593,QMLE-Quote,2013-2-28,0.210445
AAPL,14593,QMLE-Quote,2013-3-1,0.223026
AAPL,14593,QMLE-Quote,2013-3-4,0.227
AAPL,14593,QMLE-Quote,2013-3-5,0.270343
AAPL,14593,QMLE-Quote,2013-3-6,0.24066
AAPL,14593,QMLE-Quote,2013-3-7,0.232552
AAPL,14593,QMLE-Quote,2013-3-8,0.208165
AAPL,14593,QMLE-Quote,2013-3-11,0.252613
AAPL,14593,QMLE-Quote,2013-3-12,0.247424
AAPL,14593,QMLE-Quote,2013-3-13,0.210618
AAPL,14593,QMLE-Quote,2013-3-14,0.179577
AAPL,14593,QMLE-Quote,2013-3-15,0.178644
AAPL,14593,QMLE-Quote,2013-3-18,0.225091
AAPL,14593,QMLE-Quote,2013-3-19,0.246959
AAPL,14593,QMLE-Quote,2013-3-20,0.181557
AAPL,14593,QMLE-Quote,2013-3-21,0.195284
AAPL,14593,QMLE-Quote,2013-3-22,0.157303
AAPL,14593,QMLE-Quote,2013-3-25,0.213941
AAPL,14593,QMLE-Quote,2013-3-26,0.158496
AAPL,14593,QMLE-Quote,2013-3-27,0.183525
AAPL,14593,QMLE-Quote,2013-3-28,0.169221
AAPL,14593,QMLE-Quote,2013-4-1,0.204587
AAPL,14593,QMLE-Quote,2013-4-2,0.274495
AAPL,14593,QMLE-Quote,2013-4-3,0.219554
AAPL,14593,QMLE-Quote,2013-4-4,0.234467
AAPL,14593,QMLE-Quote,2013-4-5,0.179597
AAPL,14593,QMLE-Quote,2013-4-8,0.187545
AAPL,14593,QMLE-Quote,2013-4-9,0.166413
AAPL,14593,QMLE-Quote,2013-4-10,0.171412
AAPL,14593,QMLE-Quote,2013-4-11,0.181539
AAPL,14593,QMLE-Quote,2013-4-12,0.132925
AAPL,14593,QMLE-Quote,2013-4-15,0.166178
AAPL,14593,QMLE-Quote,2013-4-16,0.186442
AAPL,14593,QMLE-Quote,2013-4-17,0.386238
AAPL,14593,QMLE-Quote,2013-4-18,0.297128
AAPL,14593,QMLE-Quote,2013-4-19,0.349261
AAPL,14593,QMLE-Quote,2013-4-22,0.279224
AAPL,14593,QMLE-Quote,2013-4-23,0.28938
AAPL,14593,QMLE-Quote,2013-4-24,0.504499
AAPL,14593,QMLE-Quote,2013-4-25,0.277691
AAPL,14593,QMLE-Quote,2013-4-26,0.215527
AAPL,14593,QMLE-Quote,2013-4-29,0.224768
AAPL,14593,QMLE-Quote,2013-4-30,0.247421
AAPL,14593,QMLE-Quote,2013-5-1,0.262368
AAPL,14593,QMLE-Quote,2013-5-2,0.192921
AAPL,14593,QMLE-Quote,2013-5-3,0.128561
AAPL,14593,QMLE-Quote,2013-5-6,0.163447
AAPL,14593,QMLE-Quote,2013-5-7,0.210155
AAPL,14593,QMLE-Quote,2013-5-8,0.163895
AAPL,14593,QMLE-Quote,2013-5-9,0.19063
AAPL,14593,QMLE-Quote,2013-5-10,0.192266
AAPL,14593,QMLE-Quote,2013-5-13,0.194594
AAPL,14593,QMLE-Quote,2013-5-14,0.236614
AAPL,14593,QMLE-Quote,2013-5-15,0.310586
AAPL,14593,QMLE-Quote,2013-5-16,0.333119
AAPL,14593,QMLE-Quote,2013-5-17,0.259707
AAPL,14593,QMLE-Quote,2013-5-20,0.251468
AAPL,14593,QMLE-Quote,2013-5-21,0.307564
AAPL,14593,QMLE-Quote,2013-5-22,0.270016
AAPL,14593,QMLE-Quote,2013-5-23,0.233218
AAPL,14593,QMLE-Quote,2013-5-24,0.160508
AAPL,14593,QMLE-Quote,2013-5-28,0.204442
AAPL,14593,QMLE-Quote,2013-5-29,0.186479
AAPL,14593,QMLE-Quote,2013-5-30,0.161592
AAPL,14593,QMLE-Quote,2013-5-31,0.151057
AAPL,14593,QMLE-Quote,2013-6-3,0.222083
AAPL,14593,QMLE-Quote,2013-6-4,0.182341
AAPL,14593,QMLE-Quote,2013-6-5,0.204509
AAPL,14593,QMLE-Quote,2013-6-6,0.224585
AAPL,14593,QMLE-Quote,2013-6-7,0.19671
AAPL,14593,QMLE-Quote,2013-6-10,0.282967
AAPL,14593,QMLE-Quote,2013-6-11,0.225476
AAPL,14593,QMLE-Quote,2013-6-12,0.181035
AAPL,14593,QMLE-Quote,2013-6-13,0.217686
AAPL,14593,QMLE-Quote,2013-6-14,0.147998
AAPL,14593,QMLE-Quote,2013-6-17,0.176081
AAPL,14593,QMLE-Quote,2013-6-18,0.124838
AAPL,14593,QMLE-Quote,2013-6-19,0.170115
AAPL,14593,QMLE-Quote,2013-6-20,0.23166
AAPL,14593,QMLE-Quote,2013-6-21,0.241058
AAPL,14593,QMLE-Quote,2013-6-24,0.275642
AAPL,14593,QMLE-Quote,2013-6-25,0.2215
AAPL,14593,QMLE-Quote,2013-6-26,0.201807
AAPL,14593,QMLE-Quote,2013-6-27,0.187738
AAPL,14593,QMLE-Quote,2013-6-28,0.233732
AAPL,14593,QMLE-Quote,2013-7-1,0.20555
AAPL,14593,QMLE-Quote,2013-7-2,0.229174
AAPL,14593,QMLE-Quote,2013-7-3,0.25755
AAPL,14593,QMLE-Quote,2013-7-5,0.171184
AAPL,14593,QMLE-Quote,2013-7-8,0.198514
AAPL,14593,QMLE-Quote,2013-7-9,0.216972
AAPL,14593,QMLE-Quote,2013-7-10,0.222898
AAPL,14593,QMLE-Quote,2013-7-11,0.161666
AAPL,14593,QMLE-Quote,2013-7-12,0.15025
AAPL,14593,QMLE-Quote,2013-7-15,0.155413
AAPL,14593,QMLE-Quote,2013-7-16,0.176398
AAPL,14593,QMLE-Quote,2013-7-17,0.131172
AAPL,14593,QMLE-Quote,2013-7-18,0.121324
AAPL,14593,QMLE-Quote,2013-7-19,0.152037
AAPL,14593,QMLE-Quote,2013-7-22,0.165887
AAPL,14593,QMLE-Quote,2013-7-23,0.15351
AAPL,14593,QMLE-Quote,2013-7-24,0.214802
AAPL,14593,QMLE-Quote,2013-7-25,0.17791
AAPL,14593,QMLE-Quote,2013-7-26,0.137339
AAPL,14593,QMLE-Quote,2013-7-29,0.155269
AAPL,14593,QMLE-Quote,2013-7-30,0.156776
AAPL,14593,QMLE-Quote,2013-7-31,0.160162
AAPL,14593,QMLE-Quote,2013-8-1,0.121973
AAPL,14593,QMLE-Quote,2013-8-2,0.108849
AAPL,14593,QMLE-Quote,2013-8-5,0.142366
AAPL,14593,QMLE-Quote,2013-8-6,0.170445
AAPL,14593,QMLE-Quote,2013-8-7,0.157929
AAPL,14593,QMLE-Quote,2013-8-8,0.130643
AAPL,14593,QMLE-Quote,2013-8-9,0.133217
AAPL,14593,QMLE-Quote,2013-8-12,0.170127
AAPL,14593,QMLE-Quote,2013-8-13,0.290321
AAPL,14593,QMLE-Quote,2013-8-14,0.245439
AAPL,14593,QMLE-Quote,2013-8-15,0.196238
AAPL,14593,QMLE-Quote,2013-8-16,0.133736
AAPL,14593,QMLE-Quote,2013-8-19,0.178814
AAPL,14593,QMLE-Quote,2013-8-20,0.1717
AAPL,14593,QMLE-Quote,2013-8-21,0.182072
AAPL,14593,QMLE-Quote,2013-8-22,0.178461
AAPL,14593,QMLE-Quote,2013-8-23,0.117538
AAPL,14593,QMLE-Quote,2013-8-26,0.148028
AAPL,14593,QMLE-Quote,2013-8-27,0.216247
AAPL,14593,QMLE-Quote,2013-8-28,0.210375
AAPL,14593,QMLE-Quote,2013-8-29,0.14414
AAPL,14593,QMLE-Quote,2013-8-30,0.142519
AAPL,14593,QMLE-Quote,2013-9-3,0.204576
AAPL,14593,QMLE-Quote,2013-9-4,0.162307
AAPL,14593,QMLE-Quote,2013-9-5,0.110669
AAPL,14593,QMLE-Quote,2013-9-6,0.174633
AAPL,14593,QMLE-Quote,2013-9-9,0.136315
AAPL,14593,QMLE-Quote,2013-9-10,0.334836
AAPL,14593,QMLE-Quote,2013-9-11,0.248479
AAPL,14593,QMLE-Quote,2013-9-12,0.20468
AAPL,14593,QMLE-Quote,2013-9-13,0.13192
AAPL,14593,QMLE-Quote,2013-9-16,0.215613
AAPL,14593,QMLE-Quote,2013-9-17,0.210239
AAPL,14593,QMLE-Quote,2013-9-18,0.215856
AAPL,14593,QMLE-Quote,2013-9-19,0.133407
AAPL,14593,QMLE-Quote,2013-9-20,0.154982
AAPL,14593,QMLE-Quote,2013-9-23,0.280689
AAPL,14593,QMLE-Quote,2013-9-24,0.190992
AAPL,14593,QMLE-Quote,2013-9-25,0.184365
AAPL,14593,QMLE-Quote,2013-9-26,0.129729
AAPL,14593,QMLE-Quote,2013-9-27,0.119534
AAPL,14593,QMLE-Quote,2013-9-30,0.183838
AAPL,14593,QMLE-Quote,2013-10-1,0.171928
AAPL,14593,QMLE-Quote,2013-10-2,0.167395
AAPL,14593,QMLE-Quote,2013-10-3,0.184817
AAPL,14593,QMLE-Quote,2013-10-4,0.142913
AAPL,14593,QMLE-Quote,2013-10-7,0.157575
AAPL,14593,QMLE-Quote,2013-10-8,0.191479
AAPL,14593,QMLE-Quote,2013-10-9,0.187994
AAPL,14593,QMLE-Quote,2013-10-10,0.14945
AAPL,14593,QMLE-Quote,2013-10-11,0.126587
AAPL,14593,QMLE-Quote,2013-10-14,0.156643
AAPL,14593,QMLE-Quote,2013-10-15,0.16956
AAPL,14593,QMLE-Quote,2013-10-16,0.112344
AAPL,14593,QMLE-Quote,2013-10-17,0.0915525
AAPL,14593,QMLE-Quote,2013-10-18,0.0801692
AAPL,14593,QMLE-Quote,2013-10-21,0.157718
AAPL,14593,QMLE-Quote,2013-10-22,0.3741
AAPL,14593,QMLE-Quote,2013-10-23,0.193103
AAPL,14593,QMLE-Quote,2013-10-24,0.135297
AAPL,14593,QMLE-Quote,2013-10-25,0.1354
AAPL,14593,QMLE-Quote,2013-10-28,0.160092
AAPL,14593,QMLE-Quote,2013-10-29,0.310684
AAPL,14593,QMLE-Quote,2013-10-30,0.228448
AAPL,14593,QMLE-Quote,2013-10-31,0.161605
AAPL,14593,QMLE-Quote,2013-11-1,0.147524
AAPL,14593,QMLE-Quote,2013-11-4,0.1456
AAPL,14593,QMLE-Quote,2013-11-5,0.160715
AAPL,14593,QMLE-Quote,2013-11-6,0.139149
AAPL,14593,QMLE-Quote,2013-11-7,0.182257
AAPL,14593,QMLE-Quote,2013-11-8,0.113701
AAPL,14593,QMLE-Quote,2013-11-11,0.157052
AAPL,14593,QMLE-Quote,2013-11-12,0.140736
AAPL,14593,QMLE-Quote,2013-11-13,0.122608
AAPL,14593,QMLE-Quote,2013-11-14,0.105921
AAPL,14593,QMLE-Quote,2013-11-15,0.10224
AAPL,14593,QMLE-Quote,2013-11-18,0.125627
AAPL,14593,QMLE-Quote,2013-11-19,0.152018
AAPL,14593,QMLE-Quote,2013-11-20,0.120424
AAPL,14593,QMLE-Quote,2013-11-21,0.116521
AAPL,14593,QMLE-Quote,2013-11-22,0.0896838
AAPL,14593,QMLE-Quote,2013-11-25,0.110778
AAPL,14593,QMLE-Quote,2013-11-26,0.1112
AAPL,14593,QMLE-Quote,2013-11-27,0.116439
AAPL,14593,QMLE-Quote,2013-11-29,0.123877
AAPL,14593,QMLE-Quote,2013-12-2,0.202803
AAPL,14593,QMLE-Quote,2013-12-3,0.158905
AAPL,14593,QMLE-Quote,2013-12-4,0.166683
AAPL,14593,QMLE-Quote,2013-12-5,0.164384
AAPL,14593,QMLE-Quote,2013-12-6,0.116395
AAPL,14593,QMLE-Quote,2013-12-9,0.123061
AAPL,14593,QMLE-Quote,2013-12-10,0.129062
AAPL,14593,QMLE-Quote,2013-12-11,0.165668
AAPL,14593,QMLE-Quote,2013-12-12,0.145787
AAPL,14593,QMLE-Quote,2013-12-13,0.134701
AAPL,14593,QMLE-Quote,2013-12-16,0.127741
AAPL,14593,QMLE-Quote,2013-12-17,0.143091
AAPL,14593,QMLE-Quote,2013-12-18,0.250932
AAPL,14593,QMLE-Quote,2013-12-19,0.166359
AAPL,14593,QMLE-Quote,2013-12-20,0.0927741
AAPL,14593,QMLE-Quote,2013-12-23,0.139676
AAPL,14593,QMLE-Quote,2013-12-24,0.144578
AAPL,14593,QMLE-Quote,2013-12-26,0.112656
AAPL,14593,QMLE-Quote,2013-12-27,0.098395
AAPL,14593,QMLE-Quote,2013-12-30,0.124381
AAPL,14593,QMLE-Quote,2013-12-31,0.106863
AAPL,14593,QMLE-Quote,2014-1-2,0.12442
AAPL,14593,QMLE-Quote,2014-1-3,0.129902
AAPL,14593,QMLE-Quote,2014-1-6,0.207958
AAPL,14593,QMLE-Quote,2014-1-7,0.153648
AAPL,14593,QMLE-Quote,2014-1-8,0.143737
AAPL,14593,QMLE-Quote,2014-1-9,0.172478
AAPL,14593,QMLE-Quote,2014-1-10,0.152901
AAPL,14593,QMLE-Quote,2014-1-13,0.190027
AAPL,14593,QMLE-Quote,2014-1-14,0.14031
AAPL,14593,QMLE-Quote,2014-1-15,0.139301
AAPL,14593,QMLE-Quote,2014-1-16,0.124726
AAPL,14593,QMLE-Quote,2014-1-17,0.129285
AAPL,14593,QMLE-Quote,2014-1-21,0.189813
AAPL,14593,QMLE-Quote,2014-1-22,0.19765
AAPL,14593,QMLE-Quote,2014-1-23,0.183423
AAPL,14593,QMLE-Quote,2014-1-24,0.163927
AAPL,14593,QMLE-Quote,2014-1-27,0.195343
AAPL,14593,QMLE-Quote,2014-1-28,0.349497
AAPL,14593,QMLE-Quote,2014-1-29,0.264253
AAPL,14593,QMLE-Quote,2014-1-30,0.198895
AAPL,14593,QMLE-Quote,2014-1-31,0.155786
AAPL,14593,QMLE-Quote,2014-2-3,0.20256
AAPL,14593,QMLE-Quote,2014-2-4,0.163254
AAPL,14593,QMLE-Quote,2014-2-5,0.160392
AAPL,14593,QMLE-Quote,2014-2-6,0.130011
AAPL,14593,QMLE-Quote,2014-2-7,0.124618
AAPL,14593,QMLE-Quote,2014-2-10,0.156946
AAPL,14593,QMLE-Quote,2014-2-11,0.1287
AAPL,14593,QMLE-Quote,2014-2-12,0.152171
AAPL,14593,QMLE-Quote,2014-2-13,0.116143
AAPL,14593,QMLE-Quote,2014-2-14,0.128955
AAPL,14593,QMLE-Quote,2014-2-18,0.126263
AAPL,14593,QMLE-Quote,2014-2-19,0.179877
AAPL,14593,QMLE-Quote,2014-2-20,0.163539
AAPL,14593,QMLE-Quote,2014-2-21,0.13818
AAPL,14593,QMLE-Quote,2014-2-24,0.183407
AAPL,14593,QMLE-Quote,2014-2-25,0.151597
AAPL,14593,QMLE-Quote,2014-2-26,0.181038
AAPL,14593,QMLE-Quote,2014-2-27,0.1648
AAPL,14593,QMLE-Quote,2014-2-28,0.159188
AAPL,14593,QMLE-Quote,2014-3-3,0.188665
AAPL,14593,QMLE-Quote,2014-3-4,0.138222
AAPL,14593,QMLE-Quote,2014-3-5,0.143051
AAPL,14593,QMLE-Quote,2014-3-6,0.108621
AAPL,14593,QMLE-Quote,2014-3-7,0.120688
AAPL,14593,QMLE-Quote,2014-3-10,0.131801
AAPL,14593,QMLE-Quote,2014-3-11,0.125194
AAPL,14593,QMLE-Quote,2014-3-12,0.127432
AAPL,14593,QMLE-Quote,2014-3-13,0.150871
AAPL,14593,QMLE-Quote,2014-3-14,0.139629
AAPL,14593,QMLE-Quote,2014-3-17,0.115967
AAPL,14593,QMLE-Quote,2014-3-18,0.117592
AAPL,14593,QMLE-Quote,2014-3-19,0.135603
AAPL,14593,QMLE-Quote,2014-3-20,0.133941
AAPL,14593,QMLE-Quote,2014-3-21,0.117938
AAPL,14593,QMLE-Quote,2014-3-24,0.179527
AAPL,14593,QMLE-Quote,2014-3-25,0.139775
AAPL,14593,QMLE-Quote,2014-3-26,0.140413
AAPL,14593,QMLE-Quote,2014-3-27,0.160841
AAPL,14593,QMLE-Quote,2014-3-28,0.109789
AAPL,14593,QMLE-Quote,2014-3-31,0.118378
AAPL,14593,QMLE-Quote,2014-4-1,0.116413
AAPL,14593,QMLE-Quote,2014-4-2,0.105466
AAPL,14593,QMLE-Quote,2014-4-3,0.100609
AAPL,14593,QMLE-Quote,2014-4-4,0.130364
AAPL,14593,QMLE-Quote,2014-4-7,0.159211
AAPL,14593,QMLE-Quote,2014-4-8,0.168681
AAPL,14593,QMLE-Quote,2014-4-9,0.127058
AAPL,14593,QMLE-Quote,2014-4-10,0.146992
AAPL,14593,QMLE-Quote,2014-4-11,0.14859
AAPL,14593,QMLE-Quote,2014-4-14,0.131761
AAPL,14593,QMLE-Quote,2014-4-15,0.157157
AAPL,14593,QMLE-Quote,2014-4-16,0.131814
AAPL,14593,QMLE-Quote,2014-4-17,0.100414
AAPL,14593,QMLE-Quote,2014-4-21,0.111177
AAPL,14593,QMLE-Quote,2014-4-22,0.0881831
AAPL,14593,QMLE-Quote,2014-4-23,0.112257
AAPL,14593,QMLE-Quote,2014-4-24,0.160163
AAPL,14593,QMLE-Quote,2014-4-25,0.115266
AAPL,14593,QMLE-Quote,2014-4-28,0.228524
AAPL,14593,QMLE-Quote,2014-4-29,0.191445
AAPL,14593,QMLE-Quote,2014-4-30,0.17737
AAPL,14593,QMLE-Quote,2014-5-1,0.159089
AAPL,14593,QMLE-Quote,2014-5-2,0.121648
AAPL,14593,QMLE-Quote,2014-5-5,0.122522
AAPL,14593,QMLE-Quote,2014-5-6,0.136647
AAPL,14593,QMLE-Quote,2014-5-7,0.175069
AAPL,14593,QMLE-Quote,2014-5-8,0.123696
AAPL,14593,QMLE-Quote,2014-5-9,0.131293
AAPL,14593,QMLE-Quote,2014-5-12,0.107707
AAPL,14593,QMLE-Quote,2014-5-13,0.109153
AAPL,14593,QMLE-Quote,2014-5-14,0.110383
AAPL,14593,QMLE-Quote,2014-5-15,0.133107
AAPL,14593,QMLE-Quote,2014-5-16,0.102288
AAPL,14593,QMLE-Quote,2014-5-19,0.121758
AAPL,14593,QMLE-Quote,2014-5-20,0.131909
AAPL,14593,QMLE-Quote,2014-5-21,0.0945971
AAPL,14593,QMLE-Quote,2014-5-22,0.107042
AAPL,14593,QMLE-Quote,2014-5-23,0.0888005
AAPL,14593,QMLE-Quote,2014-5-27,0.122683
AAPL,14593,QMLE-Quote,2014-5-28,0.124246
AAPL,14593,QMLE-Quote,2014-5-29,0.122751
AAPL,14593,QMLE-Quote,2014-5-30,0.17279
AAPL,14593,QMLE-Quote,2014-6-2,0.206583
AAPL,14593,QMLE-Quote,2014-6-3,0.146109
AAPL,14593,QMLE-Quote,2014-6-4,0.136484
AAPL,14593,QMLE-Quote,2014-6-5,0.138298
AAPL,14593,QMLE-Quote,2014-6-6,0.137239
AAPL,14593,QMLE-Quote,2014-6-9,0.193261
AAPL,14593,QMLE-Quote,2014-6-10,0.187003
AAPL,14593,QMLE-Quote,2014-6-11,0.145586
AAPL,14593,QMLE-Quote,2014-6-12,0.180349
AAPL,14593,QMLE-Quote,2014-6-13,0.195003
AAPL,14593,QMLE-Quote,2014-6-16,0.157171
AAPL,14593,QMLE-Quote,2014-6-17,0.147372
AAPL,14593,QMLE-Quote,2014-6-18,0.145239
AAPL,14593,QMLE-Quote,2014-6-19,0.153404
AAPL,14593,QMLE-Quote,2014-6-20,0.146362
AAPL,14593,QMLE-Quote,2014-6-23,0.149956
AAPL,14593,QMLE-Quote,2014-6-24,0.147808
AAPL,14593,QMLE-Quote,2014-6-25,0.172366
AAPL,14593,QMLE-Quote,2014-6-26,0.14159
AAPL,14593,QMLE-Quote,2014-6-27,0.140814
AAPL,14593,QMLE-Quote,2014-6-30,0.143101
AAPL,14593,QMLE-Quote,2014-7-1,0.125655
AAPL,14593,QMLE-Quote,2014-7-2,0.132991
AAPL,14593,QMLE-Quote,2014-7-3,0.129705
AAPL,14593,QMLE-Quote,2014-7-7,0.149946
AAPL,14593,QMLE-Quote,2014-7-8,0.203672
AAPL,14593,QMLE-Quote,2014-7-9,0.163423
AAPL,14593,QMLE-Quote,2014-7-10,0.162167
AAPL,14593,QMLE-Quote,2014-7-11,0.123314
AAPL,14593,QMLE-Quote,2014-7-14,0.119063
AAPL,14593,QMLE-Quote,2014-7-15,0.144574
AAPL,14593,QMLE-Quote,2014-7-16,0.155109
AAPL,14593,QMLE-Quote,2014-7-17,0.216324
AAPL,14593,QMLE-Quote,2014-7-18,0.156614
AAPL,14593,QMLE-Quote,2014-7-21,0.11671
AAPL,14593,QMLE-Quote,2014-7-22,0.119968
AAPL,14593,QMLE-Quote,2014-7-23,0.190776
AAPL,14593,QMLE-Quote,2014-7-24,0.152014
AAPL,14593,QMLE-Quote,2014-7-25,0.143117
AAPL,14593,QMLE-Quote,2014-7-28,0.166018
AAPL,14593,QMLE-Quote,2014-7-29,0.134339
AAPL,14593,QMLE-Quote,2014-7-30,0.168033
AAPL,14593,QMLE-Quote,2014-7-31,0.185806
AAPL,14593,QMLE-Quote,2014-8-1,0.216067
AAPL,14593,QMLE-Quote,2014-8-4,0.152989
AAPL,14593,QMLE-Quote,2014-8-5,0.213798
AAPL,14593,QMLE-Quote,2014-8-6,0.141243
AAPL,14593,QMLE-Quote,2014-8-7,0.172276
AAPL,14593,QMLE-Quote,2014-8-8,0.175453
AAPL,14593,QMLE-Quote,2014-8-11,0.1128
AAPL,14593,QMLE-Quote,2014-8-12,0.137747
AAPL,14593,QMLE-Quote,2014-8-13,0.109147
AAPL,14593,QMLE-Quote,2014-8-14,0.110952
AAPL,14593,QMLE-Quote,2014-8-15,0.135954
AAPL,14593,QMLE-Quote,2014-8-18,0.106934
AAPL,14593,QMLE-Quote,2014-8-19,0.111586
AAPL,14593,QMLE-Quote,2014-8-20,0.126924
AAPL,14593,QMLE-Quote,2014-8-21,0.102154
AAPL,14593,QMLE-Quote,2014-8-22,0.110067
AAPL,14593,QMLE-Quote,2014-8-25,0.106623
AAPL,14593,QMLE-Quote,2014-8-26,0.106875
AAPL,14593,QMLE-Quote,2014-8-27,0.115943
AAPL,14593,QMLE-Quote,2014-8-28,0.122777
AAPL,14593,QMLE-Quote,2014-8-29,0.0909909
AAPL,14593,QMLE-Quote,2014-9-2,0.126097
AAPL,14593,QMLE-Quote,2014-9-3,0.324325
AAPL,14593,QMLE-Quote,2014-9-4,0.219694
AAPL,14593,QMLE-Quote,2014-9-5,0.185302
AAPL,14593,QMLE-Quote,2014-9-8,0.12274
AAPL,14593,QMLE-Quote,2014-9-9,0.524324
AAPL,14593,QMLE-Quote,2014-9-10,0.320207
AAPL,14593,QMLE-Quote,2014-9-11,0.201738
AAPL,14593,QMLE-Quote,2014-9-12,0.177125
AAPL,14593,QMLE-Quote,2014-9-15,0.199376
AAPL,14593,QMLE-Quote,2014-9-16,0.223617
AAPL,14593,QMLE-Quote,2014-9-17,0.179203
AAPL,14593,QMLE-Quote,2014-9-18,0.100038
AAPL,14593,QMLE-Quote,2014-9-19,0.144222
AAPL,14593,QMLE-Quote,2014-9-22,0.164768
AAPL,14593,QMLE-Quote,2014-9-23,0.165901
AAPL,14593,QMLE-Quote,2014-9-24,0.170692
AAPL,14593,QMLE-Quote,2014-9-25,0.241809
AAPL,14593,QMLE-Quote,2014-9-26,0.171393
AAPL,14593,QMLE-Quote,2014-9-29,0.20582
AAPL,14593,QMLE-Quote,2014-9-30,0.188994
AAPL,14593,QMLE-Quote,2014-10-1,0.182097
AAPL,14593,QMLE-Quote,2014-10-2,0.203703
AAPL,14593,QMLE-Quote,2014-10-3,0.162345
AAPL,14593,QMLE-Quote,2014-10-6,0.15552
AAPL,14593,QMLE-Quote,2014-10-7,0.1678
AAPL,14593,QMLE-Quote,2014-10-8,0.203436
AAPL,14593,QMLE-Quote,2014-10-9,0.227581
AAPL,14593,QMLE-Quote,2014-10-10,0.241017
AAPL,14593,QMLE-Quote,2014-10-13,0.231942
AAPL,14593,QMLE-Quote,2014-10-14,0.259664
AAPL,14593,QMLE-Quote,2014-10-15,0.443129
AAPL,14593,QMLE-Quote,2014-10-16,0.343158
AAPL,14593,QMLE-Quote,2014-10-17,0.198825
AAPL,14593,QMLE-Quote,2014-10-20,0.171163
AAPL,14593,QMLE-Quote,2014-10-21,0.209961
AAPL,14593,QMLE-Quote,2014-10-22,0.169601
AAPL,14593,QMLE-Quote,2014-10-23,0.135776
AAPL,14593,QMLE-Quote,2014-10-24,0.115977
AAPL,14593,QMLE-Quote,2014-10-27,0.117745
AAPL,14593,QMLE-Quote,2014-10-28,0.103458
AAPL,14593,QMLE-Quote,2014-10-29,0.168043
AAPL,14593,QMLE-Quote,2014-10-30,0.142606
AAPL,14593,QMLE-Quote,2014-10-31,0.117346
AAPL,14593,QMLE-Quote,2014-11-3,0.129619
AAPL,14593,QMLE-Quote,2014-11-4,0.160445
AAPL,14593,QMLE-Quote,2014-11-5,0.13704
AAPL,14593,QMLE-Quote,2014-11-6,0.114138
AAPL,14593,QMLE-Quote,2014-11-7,0.105207
AAPL,14593,QMLE-Quote,2014-11-10,0.0832639
AAPL,14593,QMLE-Quote,2014-11-11,0.110133
AAPL,14593,QMLE-Quote,2014-11-12,0.127568
AAPL,14593,QMLE-Quote,2014-11-13,0.159334
AAPL,14593,QMLE-Quote,2014-11-14,0.122031
AAPL,14593,QMLE-Quote,2014-11-17,0.175793
AAPL,14593,QMLE-Quote,2014-11-18,0.12241
AAPL,14593,QMLE-Quote,2014-11-19,0.158792
AAPL,14593,QMLE-Quote,2014-11-20,0.128198
AAPL,14593,QMLE-Quote,2014-11-21,0.15881
AAPL,14593,QMLE-Quote,2014-11-24,0.110599
AAPL,14593,QMLE-Quote,2014-11-25,0.164514
AAPL,14593,QMLE-Quote,2014-11-26,0.13041
AAPL,14593,QMLE-Quote,2014-11-28,0.16177
AAPL,14593,QMLE-Quote,2014-12-1,0.730627
AAPL,14593,QMLE-Quote,2014-12-2,0.245954
AAPL,14593,QMLE-Quote,2014-12-3,0.174091
AAPL,14593,QMLE-Quote,2014-12-4,0.155687
AAPL,14593,QMLE-Quote,2014-12-5,0.156951
AAPL,14593,QMLE-Quote,2014-12-8,0.234733
AAPL,14593,QMLE-Quote,2014-12-9,0.248211
AAPL,14593,QMLE-Quote,2014-12-10,0.255713
AAPL,14593,QMLE-Quote,2014-12-11,0.204304
AAPL,14593,QMLE-Quote,2014-12-12,0.225232
AAPL,14593,QMLE-Quote,2014-12-15,0.375156
AAPL,14593,QMLE-Quote,2014-12-16,0.348465
AAPL,14593,QMLE-Quote,2014-12-17,0.29539
AAPL,14593,QMLE-Quote,2014-12-18,0.185199
AAPL,14593,QMLE-Quote,2014-12-19,0.161721
AAPL,14593,QMLE-Quote,2014-12-22,0.140945
AAPL,14593,QMLE-Quote,2014-12-23,0.119205
AAPL,14593,QMLE-Quote,2014-12-24,0.126416
AAPL,14593,QMLE-Quote,2014-12-26,0.1105
AAPL,14593,QMLE-Quote,2014-12-29,0.124967
AAPL,14593,QMLE-Quote,2014-12-30,0.144727
AAPL,14593,QMLE-Quote,2014-12-31,0.166005
AAPL,14593,QMLE-Quote,2015-1-2,0.264585
AAPL,14593,QMLE-Quote,2015-1-5,0.245147
AAPL,14593,QMLE-Quote,2015-1-6,0.313341
AAPL,14593,QMLE-Quote,2015-1-7,0.230316
AAPL,14593,QMLE-Quote,2015-1-8,0.174027
AAPL,14593,QMLE-Quote,2015-1-9,0.242774
AAPL,14593,QMLE-Quote,2015-1-12,0.25857
AAPL,14593,QMLE-Quote,2015-1-13,0.232064
AAPL,14593,QMLE-Quote,2015-1-14,0.260508
AAPL,14593,QMLE-Quote,2015-1-15,0.291636
AAPL,14593,QMLE-Quote,2015-1-16,0.241015
AAPL,14593,QMLE-Quote,2015-1-20,0.239555
AAPL,14593,QMLE-Quote,2015-1-21,0.2316
AAPL,14593,QMLE-Quote,2015-1-22,0.211278
AAPL,14593,QMLE-Quote,2015-1-23,0.199155
AAPL,14593,QMLE-Quote,2015-1-26,0.178389
AAPL,14593,QMLE-Quote,2015-1-27,0.296643
AAPL,14593,QMLE-Quote,2015-1-28,0.306811
AAPL,14593,QMLE-Quote,2015-1-29,0.255845
AAPL,14593,QMLE-Quote,2015-1-30,0.232824
AAPL,14593,QMLE-Quote,2015-2-2,0.26783
AAPL,14593,QMLE-Quote,2015-2-3,0.207444
AAPL,14593,QMLE-Quote,2015-2-4,0.182904
AAPL,14593,QMLE-Quote,2015-2-5,0.126906
AAPL,14593,QMLE-Quote,2015-2-6,0.153198
AAPL,14593,QMLE-Quote,2015-2-9,0.154394
AAPL,14593,QMLE-Quote,2015-2-10,0.127905
AAPL,14593,QMLE-Quote,2015-2-11,0.125204
AAPL,14593,QMLE-Quote,2015-2-12,0.169652
AAPL,14593,QMLE-Quote,2015-2-13,0.15392
AAPL,14593,QMLE-Quote,2015-2-17,0.172981
AAPL,14593,QMLE-Quote,2015-2-18,0.115576
AAPL,14593,QMLE-Quote,2015-2-19,0.102409
AAPL,14593,QMLE-Quote,2015-2-20,0.101511
AAPL,14593,QMLE-Quote,2015-2-23,0.131814
AAPL,14593,QMLE-Quote,2015-2-24,0.186686
AAPL,14593,QMLE-Quote,2015-2-25,0.230098
AAPL,14593,QMLE-Quote,2015-2-26,0.269539
AAPL,14593,QMLE-Quote,2015-2-27,0.20927
AAPL,14593,QMLE-Quote,2015-3-2,0.18728
AAPL,14593,QMLE-Quote,2015-3-3,0.180648
AAPL,14593,QMLE-Quote,2015-3-4,0.165689
AAPL,14593,QMLE-Quote,2015-3-5,0.170551
AAPL,14593,QMLE-Quote,2015-3-6,0.217682
AAPL,14593,QMLE-Quote,2015-3-9,0.272538
AAPL,14593,QMLE-Quote,2015-3-10,0.25163
AAPL,14593,QMLE-Quote,2015-3-11,0.237161
AAPL,14593,QMLE-Quote,2015-3-12,0.20804
AAPL,14593,QMLE-Quote,2015-3-13,0.197012
AAPL,14593,QMLE-Quote,2015-3-16,0.156309
AAPL,14593,QMLE-Quote,2015-3-17,0.156053
AAPL,14593,QMLE-Quote,2015-3-18,0.179346
AAPL,14593,QMLE-Quote,2015-3-19,0.155932
AAPL,14593,QMLE-Quote,2015-3-20,0.158506
AAPL,14593,QMLE-Quote,2015-3-23,0.150573
AAPL,14593,QMLE-Quote,2015-3-24,0.136226
AAPL,14593,QMLE-Quote,2015-3-25,0.177803
AAPL,14593,QMLE-Quote,2015-3-26,0.216253
AAPL,14593,QMLE-Quote,2015-3-27,0.165329
AAPL,14593,QMLE-Quote,2015-3-30,0.136675
AAPL,14593,QMLE-Quote,2015-3-31,0.169266
AAPL,14593,QMLE-Quote,2015-4-1,0.22231
AAPL,14593,QMLE-Quote,2015-4-2,0.151338
AAPL,14593,QMLE-Quote,2015-4-6,0.138598
AAPL,14593,QMLE-Quote,2015-4-7,0.135095
AAPL,14593,QMLE-Quote,2015-4-8,0.187466
AAPL,14593,QMLE-Quote,2015-4-9,0.167606
AAPL,14593,QMLE-Quote,2015-4-10,0.144503
AAPL,14593,QMLE-Quote,2015-4-13,0.132498
AAPL,14593,QMLE-Quote,2015-4-14,0.134379
AAPL,14593,QMLE-Quote,2015-4-15,0.12224
AAPL,14593,QMLE-Quote,2015-4-16,0.117685
AAPL,14593,QMLE-Quote,2015-4-17,0.14362
AAPL,14593,QMLE-Quote,2015-4-20,0.128525
AAPL,14593,QMLE-Quote,2015-4-21,0.129192
AAPL,14593,QMLE-Quote,2015-4-22,0.130927
AAPL,14593,QMLE-Quote,2015-4-23,0.139425
AAPL,14593,QMLE-Quote,2015-4-24,0.123865
AAPL,14593,QMLE-Quote,2015-4-27,0.178254
AAPL,14593,QMLE-Quote,2015-4-28,0.321498
AAPL,14593,QMLE-Quote,2015-4-29,0.239658
AAPL,14593,QMLE-Quote,2015-4-30,0.226048
AAPL,14593,QMLE-Quote,2015-5-1,0.176983
AAPL,14593,QMLE-Quote,2015-5-4,0.170915
AAPL,14593,QMLE-Quote,2015-5-5,0.199194
AAPL,14593,QMLE-Quote,2015-5-6,0.247402
AAPL,14593,QMLE-Quote,2015-5-7,0.201734
AAPL,14593,QMLE-Quote,2015-5-8,0.157658
AAPL,14593,QMLE-Quote,2015-5-11,0.164785
AAPL,14593,QMLE-Quote,2015-5-12,0.166031
AAPL,14593,QMLE-Quote,2015-5-13,0.150119
AAPL,14593,QMLE-Quote,2015-5-14,0.125836
AAPL,14593,QMLE-Quote,2015-5-15,0.134327
AAPL,14593,QMLE-Quote,2015-5-18,0.154413
AAPL,14593,QMLE-Quote,2015-5-19,0.127484
AAPL,14593,QMLE-Quote,2015-5-20,0.134102
AAPL,14593,QMLE-Quote,2015-5-21,0.115316
AAPL,14593,QMLE-Quote,2015-5-22,0.117935
AAPL,14593,QMLE-Quote,2015-5-26,0.158673
AAPL,14593,QMLE-Quote,2015-5-27,0.117934
AAPL,14593,QMLE-Quote,2015-5-28,0.111271
AAPL,14593,QMLE-Quote,2015-5-29,0.128829
AAPL,14593,QMLE-Quote,2015-6-1,0.131115
AAPL,14593,QMLE-Quote,2015-6-2,0.13327
AAPL,14593,QMLE-Quote,2015-6-3,0.106858
AAPL,14593,QMLE-Quote,2015-6-4,0.142347
AAPL,14593,QMLE-Quote,2015-6-5,0.134508
AAPL,14593,QMLE-Quote,2015-6-8,0.157845
AAPL,14593,QMLE-Quote,2015-6-9,0.172272
AAPL,14593,QMLE-Quote,2015-6-10,0.126918
AAPL,14593,QMLE-Quote,2015-6-11,0.137131
AAPL,14593,QMLE-Quote,2015-6-12,0.123301
AAPL,14593,QMLE-Quote,2015-6-15,0.147407
AAPL,14593,QMLE-Quote,2015-6-16,0.116581
AAPL,14593,QMLE-Quote,2015-6-17,0.131764
AAPL,14593,QMLE-Quote,2015-6-18,0.100595
AAPL,14593,QMLE-Quote,2015-6-19,0.0917892
AAPL,14593,QMLE-Quote,2015-6-22,0.108645
AAPL,14593,QMLE-Quote,2015-6-23,0.0992634
AAPL,14593,QMLE-Quote,2015-6-24,0.154632
AAPL,14593,QMLE-Quote,2015-6-25,0.118233
AAPL,14593,QMLE-Quote,2015-6-26,0.13156
AAPL,14593,QMLE-Quote,2015-6-29,0.148245
AAPL,14593,QMLE-Quote,2015-6-30,0.170895
AAPL,14593,QMLE-Quote,2015-7-1,0.120535
AAPL,14593,QMLE-Quote,2015-7-2,0.0972371
AAPL,14593,QMLE-Quote,2015-7-6,0.124767
AAPL,14593,QMLE-Quote,2015-7-7,0.163784
AAPL,14593,QMLE-Quote,2015-7-8,0.205
AAPL,14593,QMLE-Quote,2015-7-9,0.219828
AAPL,14593,QMLE-Quote,2015-7-10,0.169798
AAPL,14593,QMLE-Quote,2015-7-13,0.125432
AAPL,14593,QMLE-Quote,2015-7-14,0.113836
AAPL,14593,QMLE-Quote,2015-7-15,0.116773
AAPL,14593,QMLE-Quote,2015-7-16,0.0946796
AAPL,14593,QMLE-Quote,2015-7-17,0.11537
AAPL,14593,QMLE-Quote,2015-7-20,0.132756
AAPL,14593,QMLE-Quote,2015-7-21,0.194051
AAPL,14593,QMLE-Quote,2015-7-22,0.303094
AAPL,14593,QMLE-Quote,2015-7-23,0.188992
AAPL,14593,QMLE-Quote,2015-7-24,0.180196
AAPL,14593,QMLE-Quote,2015-7-27,0.177252
AAPL,14593,QMLE-Quote,2015-7-28,0.135805
AAPL,14593,QMLE-Quote,2015-7-29,0.159666
AAPL,14593,QMLE-Quote,2015-7-30,0.129075
AAPL,14593,QMLE-Quote,2015-7-31,0.144652
AAPL,14593,QMLE-Quote,2015-8-3,0.235471
AAPL,14593,QMLE-Quote,2015-8-4,0.359676
AAPL,14593,QMLE-Quote,2015-8-5,0.32303
AAPL,14593,QMLE-Quote,2015-8-6,0.234312
AAPL,14593,QMLE-Quote,2015-8-7,0.203426
AAPL,14593,QMLE-Quote,2015-8-10,0.169328
AAPL,14593,QMLE-Quote,2015-8-11,0.261279
AAPL,14593,QMLE-Quote,2015-8-12,0.396836
AAPL,14593,QMLE-Quote,2015-8-13,0.257526
AAPL,14593,QMLE-Quote,2015-8-14,0.176854
AAPL,14593,QMLE-Quote,2015-8-17,0.187979
AAPL,14593,QMLE-Quote,2015-8-18,0.171356
AAPL,14593,QMLE-Quote,2015-8-19,0.190772
AAPL,14593,QMLE-Quote,2015-8-20,0.226437
AAPL,14593,QMLE-Quote,2015-8-21,0.449582
AAPL,14593,QMLE-Quote,2015-8-24,1.01618
AAPL,14593,QMLE-Quote,2015-8-25,0.571348
AAPL,14593,QMLE-Quote,2015-8-26,0.493661
AAPL,14593,QMLE-Quote,2015-8-27,0.354532
AAPL,14593,QMLE-Quote,2015-8-28,0.271724
AAPL,14593,QMLE-Quote,2015-8-31,0.257491
AAPL,14593,QMLE-Quote,2015-9-1,0.374161
AAPL,14593,QMLE-Quote,2015-9-2,0.301784
AAPL,14593,QMLE-Quote,2015-9-3,0.295743
AAPL,14593,QMLE-Quote,2015-9-4,0.261473
AAPL,14593,QMLE-Quote,2015-9-8,0.213068
AAPL,14593,QMLE-Quote,2015-9-9,0.342854
AAPL,14593,QMLE-Quote,2015-9-10,0.275273
AAPL,14593,QMLE-Quote,2015-9-11,0.180712
AAPL,14593,QMLE-Quote,2015-9-14,0.232166
AAPL,14593,QMLE-Quote,2015-9-15,0.181102
AAPL,14593,QMLE-Quote,2015-9-16,0.137297
AAPL,14593,QMLE-Quote,2015-9-17,0.261245
AAPL,14593,QMLE-Quote,2015-9-18,0.237583
AAPL,14593,QMLE-Quote,2015-9-21,0.179698
AAPL,14593,QMLE-Quote,2015-9-22,0.179456
AAPL,14593,QMLE-Quote,2015-9-23,0.155016
AAPL,14593,QMLE-Quote,2015-9-24,0.199741
AAPL,14593,QMLE-Quote,2015-9-25,0.219618
AAPL,14593,QMLE-Quote,2015-9-28,0.238826
AAPL,14593,QMLE-Quote,2015-9-29,0.301821
AAPL,14593,QMLE-Quote,2015-9-30,0.274856
AAPL,14593,QMLE-Quote,2015-10-1,0.290098
AAPL,14593,QMLE-Quote,2015-10-2,0.243912
AAPL,14593,QMLE-Quote,2015-10-5,0.208942
AAPL,14593,QMLE-Quote,2015-10-6,0.230326
AAPL,14593,QMLE-Quote,2015-10-7,0.204068
AAPL,14593,QMLE-Quote,2015-10-8,0.224608
AAPL,14593,QMLE-Quote,2015-10-9,0.199394
AAPL,14593,QMLE-Quote,2015-10-12,0.154221
AAPL,14593,QMLE-Quote,2015-10-13,0.16224
AAPL,14593,QMLE-Quote,2015-10-14,0.177813
AAPL,14593,QMLE-Quote,2015-10-15,0.172614
AAPL,14593,QMLE-Quote,2015-10-16,0.143813
AAPL,14593,QMLE-Quote,2015-10-19,0.155187
AAPL,14593,QMLE-Quote,2015-10-20,0.209909
AAPL,14593,QMLE-Quote,2015-10-21,0.195317
AAPL,14593,QMLE-Quote,2015-10-22,0.160616
AAPL,14593,QMLE-Quote,2015-10-23,0.159552
AAPL,14593,QMLE-Quote,2015-10-26,0.208177
AAPL,14593,QMLE-Quote,2015-10-27,0.213157
AAPL,14593,QMLE-Quote,2015-10-28,0.263797
AAPL,14593,QMLE-Quote,2015-10-29,0.177678
AAPL,14593,QMLE-Quote,2015-10-30,0.157103
AAPL,14593,QMLE-Quote,2015-11-2,0.115322
AAPL,14593,QMLE-Quote,2015-11-3,0.159405
AAPL,14593,QMLE-Quote,2015-11-4,0.18086
AAPL,14593,QMLE-Quote,2015-11-5,0.172606
AAPL,14593,QMLE-Quote,2015-11-6,0.161254
AAPL,14593,QMLE-Quote,2015-11-9,0.180637
AAPL,14593,QMLE-Quote,2015-11-10,0.220904
AAPL,14593,QMLE-Quote,2015-11-11,0.209358
AAPL,14593,QMLE-Quote,2015-11-12,0.182042
AAPL,14593,QMLE-Quote,2015-11-13,0.211552
AAPL,14593,QMLE-Quote,2015-11-16,0.211042
AAPL,14593,QMLE-Quote,2015-11-17,0.182815
AAPL,14593,QMLE-Quote,2015-11-18,0.172018
AAPL,14593,QMLE-Quote,2015-11-19,0.175967
AAPL,14593,QMLE-Quote,2015-11-20,0.137139
AAPL,14593,QMLE-Quote,2015-11-23,0.160899
AAPL,14593,QMLE-Quote,2015-11-24,0.1797
AAPL,14593,QMLE-Quote,2015-11-25,0.123804
AAPL,14593,QMLE-Quote,2015-11-27,0.130606
AAPL,14593,QMLE-Quote,2015-11-30,0.152711
AAPL,14593,QMLE-Quote,2015-12-1,0.155013
AAPL,14593,QMLE-Quote,2015-12-2,0.163425
AAPL,14593,QMLE-Quote,2015-12-3,0.195495
AAPL,14593,QMLE-Quote,2015-12-4,0.181211
AAPL,14593,QMLE-Quote,2015-12-7,0.191101
AAPL,14593,QMLE-Quote,2015-12-8,0.189896
AAPL,14593,QMLE-Quote,2015-12-9,0.202573
AAPL,14593,QMLE-Quote,2015-12-10,0.196003
AAPL,14593,QMLE-Quote,2015-12-11,0.201287
AAPL,14593,QMLE-Quote,2015-12-14,0.310036
AAPL,14593,QMLE-Quote,2015-12-15,0.19008
AAPL,14593,QMLE-Quote,2015-12-16,0.277518
AAPL,14593,QMLE-Quote,2015-12-17,0.20493
AAPL,14593,QMLE-Quote,2015-12-18,0.271426
AAPL,14593,QMLE-Quote,2015-12-21,0.214974
AAPL,14593,QMLE-Quote,2015-12-22,0.186646
AAPL,14593,QMLE-Quote,2015-12-23,0.158029
AAPL,14593,QMLE-Quote,2015-12-24,0.147182
AAPL,14593,QMLE-Quote,2015-12-28,0.1455
AAPL,14593,QMLE-Quote,2015-12-29,0.125301
AAPL,14593,QMLE-Quote,2015-12-30,0.14766
AAPL,14593,QMLE-Quote,2015-12-31,0.157668
AAPL,14593,QMLE-Quote,2016-1-4,0.278024
AAPL,14593,QMLE-Quote,2016-1-5,0.2985
AAPL,14593,QMLE-Quote,2016-1-6,0.283044
AAPL,14593,QMLE-Quote,2016-1-7,0.319307
AAPL,14593,QMLE-Quote,2016-1-8,0.311124
AAPL,14593,QMLE-Quote,2016-1-11,0.283286
AAPL,14593,QMLE-Quote,2016-1-12,0.270012
AAPL,14593,QMLE-Quote,2016-1-13,0.321524
AAPL,14593,QMLE-Quote,2016-1-14,0.331737
AAPL,14593,QMLE-Quote,2016-1-15,0.317378
AAPL,14593,QMLE-Quote,2016-1-19,0.268191
AAPL,14593,QMLE-Quote,2016-1-20,0.369403
AAPL,14593,QMLE-Quote,2016-1-21,0.347286
AAPL,14593,QMLE-Quote,2016-1-22,0.235923
AAPL,14593,QMLE-Quote,2016-1-25,0.249479
AAPL,14593,QMLE-Quote,2016-1-26,0.278005
AAPL,14593,QMLE-Quote,2016-1-27,0.380161
AAPL,14593,QMLE-Quote,2016-1-28,0.297548
AAPL,14593,QMLE-Quote,2016-1-29,0.2118
AAPL,14593,QMLE-Quote,2016-2-1,0.190985
AAPL,14593,QMLE-Quote,2016-2-2,0.20968
AAPL,14593,QMLE-Quote,2016-2-3,0.303924
AAPL,14593,QMLE-Quote,2016-2-4,0.269266
AAPL,14593,QMLE-Quote,2016-2-5,0.263684
AAPL,14593,QMLE-Quote,2016-2-8,0.324971
AAPL,14593,QMLE-Quote,2016-2-9,0.296382
AAPL,14593,QMLE-Quote,2016-2-10,0.246113
AAPL,14593,QMLE-Quote,2016-2-11,0.295336
AAPL,14593,QMLE-Quote,2016-2-12,0.180361
AAPL,14593,QMLE-Quote,2016-2-16,0.189966
AAPL,14593,QMLE-Quote,2016-2-17,0.186993
AAPL,14593,QMLE-Quote,2016-2-18,0.188592
AAPL,14593,QMLE-Quote,2016-2-19,0.181115
AAPL,14593,QMLE-Quote,2016-2-22,0.164639
AAPL,14593,QMLE-Quote,2016-2-23,0.140863
AAPL,14593,QMLE-Quote,2016-2-24,0.227087
AAPL,14593,QMLE-Quote,2016-2-25,0.183929
AAPL,14593,QMLE-Quote,2016-2-26,0.186864
AAPL,14593,QMLE-Quote,2016-2-29,0.173505
AAPL,14593,QMLE-Quote,2016-3-1,0.196915
AAPL,14593,QMLE-Quote,2016-3-2,0.184437
AAPL,14593,QMLE-Quote,2016-3-3,0.185199
AAPL,14593,QMLE-Quote,2016-3-4,0.234419
AAPL,14593,QMLE-Quote,2016-3-7,0.192604
AAPL,14593,QMLE-Quote,2016-3-8,0.201609
AAPL,14593,QMLE-Quote,2016-3-9,0.1944
AAPL,14593,QMLE-Quote,2016-3-10,0.239639
AAPL,14593,QMLE-Quote,2016-3-11,0.136407
AAPL,14593,QMLE-Quote,2016-3-14,0.137475
AAPL,14593,QMLE-Quote,2016-3-15,0.17041
AAPL,14593,QMLE-Quote,2016-3-16,0.175704
AAPL,14593,QMLE-Quote,2016-3-17,0.165957
AAPL,14593,QMLE-Quote,2016-3-18,0.142142
AAPL,14593,QMLE-Quote,2016-3-21,0.207236
AAPL,14593,QMLE-Quote,2016-3-22,0.159183
AAPL,14593,QMLE-Quote,2016-3-23,0.147261
AAPL,14593,QMLE-Quote,2016-3-24,0.136638
AAPL,14593,QMLE-Quote,2016-3-28,0.138402
AAPL,14593,QMLE-Quote,2016-3-29,0.14571
AAPL,14593,QMLE-Quote,2016-3-30,0.195655
AAPL,14593,QMLE-Quote,2016-3-31,0.145912
AAPL,14593,QMLE-Quote,2016-4-1,0.14762
AAPL,14593,QMLE-Quote,2016-4-4,0.179326
AAPL,14593,QMLE-Quote,2016-4-5,0.177246
AAPL,14593,QMLE-Quote,2016-4-6,0.156532
AAPL,14593,QMLE-Quote,2016-4-7,0.171579
AAPL,14593,QMLE-Quote,2016-4-8,0.170062
AAPL,14593,QMLE-Quote,2016-4-11,0.178112
AAPL,14593,QMLE-Quote,2016-4-12,0.167423
AAPL,14593,QMLE-Quote,2016-4-13,0.141935
AAPL,14593,QMLE-Quote,2016-4-14,0.134712
AAPL,14593,QMLE-Quote,2016-4-15,0.179349
AAPL,14593,QMLE-Quote,2016-4-18,0.180149
AAPL,14593,QMLE-Quote,2016-4-19,0.171611
AAPL,14593,QMLE-Quote,2016-4-20,0.160177
AAPL,14593,QMLE-Quote,2016-4-21,0.154678
AAPL,14593,QMLE-Quote,2016-4-22,0.185304
AAPL,14593,QMLE-Quote,2016-4-25,0.153984
AAPL,14593,QMLE-Quote,2016-4-26,0.169666
AAPL,14593,QMLE-Quote,2016-4-27,0.264234
AAPL,14593,QMLE-Quote,2016-4-28,0.249668
AAPL,14593,QMLE-Quote,2016-4-29,0.226682
AAPL,14593,QMLE-Quote,2016-5-2,0.20387
AAPL,14593,QMLE-Quote,2016-5-3,0.2143
AAPL,14593,QMLE-Quote,2016-5-4,0.189399
AAPL,14593,QMLE-Quote,2016-5-5,0.163522
AAPL,14593,QMLE-Quote,2016-5-6,0.182391
AAPL,14593,QMLE-Quote,2016-5-9,0.160459
AAPL,14593,QMLE-Quote,2016-5-10,0.16627
AAPL,14593,QMLE-Quote,2016-5-11,0.170952
AAPL,14593,QMLE-Quote,2016-5-12,0.244444
AAPL,14593,QMLE-Quote,2016-5-13,0.20359
AAPL,14593,QMLE-Quote,2016-5-16,0.176668
AAPL,14593,QMLE-Quote,2016-5-17,0.195292
AAPL,14593,QMLE-Quote,2016-5-18,0.217241
AAPL,14593,QMLE-Quote,2016-5-19,0.195358
AAPL,14593,QMLE-Quote,2016-5-20,0.130711
AAPL,14593,QMLE-Quote,2016-5-23,0.156692
AAPL,14593,QMLE-Quote,2016-5-24,0.123266
AAPL,14593,QMLE-Quote,2016-5-25,0.13304
AAPL,14593,QMLE-Quote,2016-5-26,0.162331
AAPL,14593,QMLE-Quote,2016-5-27,0.133128
AAPL,14593,QMLE-Quote,2016-5-31,0.129735
AAPL,14593,QMLE-Quote,2016-6-1,0.137958
AAPL,14593,QMLE-Quote,2016-6-2,0.168816
AAPL,14593,QMLE-Quote,2016-6-3,0.139733
AAPL,14593,QMLE-Quote,2016-6-6,0.13002
AAPL,14593,QMLE-Quote,2016-6-7,0.117061
AAPL,14593,QMLE-Quote,2016-6-8,0.107579
AAPL,14593,QMLE-Quote,2016-6-9,0.1287
AAPL,14593,QMLE-Quote,2016-6-10,0.118505
AAPL,14593,QMLE-Quote,2016-6-13,0.185401
AAPL,14593,QMLE-Quote,2016-6-14,0.165759
AAPL,14593,QMLE-Quote,2016-6-15,0.134953
AAPL,14593,QMLE-Quote,2016-6-16,0.155478
AAPL,14593,QMLE-Quote,2016-6-17,0.164466
AAPL,14593,QMLE-Quote,2016-6-20,0.132171
AAPL,14593,QMLE-Quote,2016-6-21,0.15427
AAPL,14593,QMLE-Quote,2016-6-22,0.140621
AAPL,14593,QMLE-Quote,2016-6-23,0.133247
AAPL,14593,QMLE-Quote,2016-6-24,0.234983
AAPL,14593,QMLE-Quote,2016-6-27,0.209454
AAPL,14593,QMLE-Quote,2016-6-28,0.148335
AAPL,14593,QMLE-Quote,2016-6-29,0.145106
AAPL,14593,QMLE-Quote,2016-6-30,0.137152
AAPL,14593,QMLE-Quote,2016-7-1,0.103382
AAPL,14593,QMLE-Quote,2016-7-5,0.114926
AAPL,14593,QMLE-Quote,2016-7-6,0.168734
AAPL,14593,QMLE-Quote,2016-7-7,0.123778
AAPL,14593,QMLE-Quote,2016-7-8,0.0994082
AAPL,14593,QMLE-Quote,2016-7-11,0.0931262
AAPL,14593,QMLE-Quote,2016-7-12,0.0851127
AAPL,14593,QMLE-Quote,2016-7-13,0.10492
AAPL,14593,QMLE-Quote,2016-7-14,0.104292
AAPL,14593,QMLE-Quote,2016-7-15,0.101707
AAPL,14593,QMLE-Quote,2016-7-18,0.0979768
AAPL,14593,QMLE-Quote,2016-7-19,0.117892
AAPL,14593,QMLE-Quote,2016-7-20,0.106119
AAPL,14593,QMLE-Quote,2016-7-21,0.117678
AAPL,14593,QMLE-Quote,2016-7-22,0.11387
AAPL,14593,QMLE-Quote,2016-7-25,0.131849
AAPL,14593,QMLE-Quote,2016-7-26,0.13449
AAPL,14593,QMLE-Quote,2016-7-27,0.18015
AAPL,14593,QMLE-Quote,2016-7-28,0.123504
AAPL,14593,QMLE-Quote,2016-7-29,0.118515
AAPL,14593,QMLE-Quote,2016-8-1,0.103481
AAPL,14593,QMLE-Quote,2016-8-2,0.153874
AAPL,14593,QMLE-Quote,2016-8-3,0.0944014
AAPL,14593,QMLE-Quote,2016-8-4,0.117506
AAPL,14593,QMLE-Quote,2016-8-5,0.0928063
AAPL,14593,QMLE-Quote,2016-8-8,0.105101
AAPL,14593,QMLE-Quote,2016-8-9,0.0946913
AAPL,14593,QMLE-Quote,2016-8-10,0.102549
AAPL,14593,QMLE-Quote,2016-8-11,0.101603
AAPL,14593,QMLE-Quote,2016-8-12,0.0830413
AAPL,14593,QMLE-Quote,2016-8-15,0.0885957
AAPL,14593,QMLE-Quote,2016-8-16,0.102437
AAPL,14593,QMLE-Quote,2016-8-17,0.136065
AAPL,14593,QMLE-Quote,2016-8-18,0.0993846
AAPL,14593,QMLE-Quote,2016-8-19,0.107723
AAPL,14593,QMLE-Quote,2016-8-22,0.118351
AAPL,14593,QMLE-Quote,2016-8-23,0.0827437
AAPL,14593,QMLE-Quote,2016-8-24,0.109035
AAPL,14593,QMLE-Quote,2016-8-25,0.125106
AAPL,14593,QMLE-Quote,2016-8-26,0.151558
AAPL,14593,QMLE-Quote,2016-8-29,0.134141
AAPL,14593,QMLE-Quote,2016-8-30,0.132722
AAPL,14593,QMLE-Quote,2016-8-31,0.119349
AAPL,14593,QMLE-Quote,2016-9-1,0.116063
AAPL,14593,QMLE-Quote,2016-9-2,0.119824
AAPL,14593,QMLE-Quote,2016-9-6,0.10166
AAPL,14593,QMLE-Quote,2016-9-7,0.145971
AAPL,14593,QMLE-Quote,2016-9-8,0.196528
AAPL,14593,QMLE-Quote,2016-9-9,0.182118
AAPL,14593,QMLE-Quote,2016-9-12,0.194961
AAPL,14593,QMLE-Quote,2016-9-13,0.206415
AAPL,14593,QMLE-Quote,2016-9-14,0.298448
AAPL,14593,QMLE-Quote,2016-9-15,0.210744
AAPL,14593,QMLE-Quote,2016-9-16,0.194024
AAPL,14593,QMLE-Quote,2016-9-19,0.193096
AAPL,14593,QMLE-Quote,2016-9-20,0.168757
AAPL,14593,QMLE-Quote,2016-9-21,0.172116
AAPL,14593,QMLE-Quote,2016-9-22,0.113959
AAPL,14593,QMLE-Quote,2016-9-23,0.228978
AAPL,14593,QMLE-Quote,2016-9-26,0.137096
AAPL,14593,QMLE-Quote,2016-9-27,0.14078
AAPL,14593,QMLE-Quote,2016-9-28,0.123364
AAPL,14593,QMLE-Quote,2016-9-29,0.170421
AAPL,14593,QMLE-Quote,2016-9-30,0.131759
AAPL,14593,QMLE-Quote,2016-10-3,0.0968165
AAPL,14593,QMLE-Quote,2016-10-4,0.162321
AAPL,14593,QMLE-Quote,2016-10-5,0.117398
AAPL,14593,QMLE-Quote,2016-10-6,0.117237
AAPL,14593,QMLE-Quote,2016-10-7,0.12774
AAPL,14593,QMLE-Quote,2016-10-10,0.115571
AAPL,14593,QMLE-Quote,2016-10-11,0.183206
AAPL,14593,QMLE-Quote,2016-10-12,0.147556
AAPL,14593,QMLE-Quote,2016-10-13,0.131671
AAPL,14593,QMLE-Quote,2016-10-14,0.129541
AAPL,14593,QMLE-Quote,2016-10-17,0.118136
AAPL,14593,QMLE-Quote,2016-10-18,0.0952229
AAPL,14593,QMLE-Quote,2016-10-19,0.100082
AAPL,14593,QMLE-Quote,2016-10-20,0.132939
AAPL,14593,QMLE-Quote,2016-10-21,0.096153
AAPL,14593,QMLE-Quote,2016-10-24,0.10127
AAPL,14593,QMLE-Quote,2016-10-25,0.0897234
AAPL,14593,QMLE-Quote,2016-10-26,0.199282
AAPL,14593,QMLE-Quote,2016-10-27,0.134112
AAPL,14593,QMLE-Quote,2016-10-28,0.169804
AAPL,14593,QMLE-Quote,2016-10-31,0.112848
AAPL,14593,QMLE-Quote,2016-11-1,0.156938
AAPL,14593,QMLE-Quote,2016-11-2,0.149447
AAPL,14593,QMLE-Quote,2016-11-3,0.129324
AAPL,14593,QMLE-Quote,2016-11-4,0.158543
AAPL,14593,QMLE-Quote,2016-11-7,0.122425
AAPL,14593,QMLE-Quote,2016-11-8,0.137607
AAPL,14593,QMLE-Quote,2016-11-9,0.324358
AAPL,14593,QMLE-Quote,2016-11-10,0.362285
AAPL,14593,QMLE-Quote,2016-11-11,0.241332
AAPL,14593,QMLE-Quote,2016-11-14,0.264761
AAPL,14593,QMLE-Quote,2016-11-15,0.187052
AAPL,14593,QMLE-Quote,2016-11-16,0.189604
AAPL,14593,QMLE-Quote,2016-11-17,0.177348
AAPL,14593,QMLE-Quote,2016-11-18,0.120401
AAPL,14593,QMLE-Quote,2016-11-21,0.1328
AAPL,14593,QMLE-Quote,2016-11-22,0.124794
AAPL,14593,QMLE-Quote,2016-11-23,0.119423
AAPL,14593,QMLE-Quote,2016-11-25,0.11291
AAPL,14593,QMLE-Quote,2016-11-28,0.115639
AAPL,14593,QMLE-Quote,2016-11-29,0.145796
AAPL,14593,QMLE-Quote,2016-11-30,0.166419
AAPL,14593,QMLE-Quote,2016-12-1,0.181186
AAPL,14593,QMLE-Quote,2016-12-2,0.164275
AAPL,14593,QMLE-Quote,2016-12-5,0.182549
AAPL,14593,QMLE-Quote,2016-12-6,0.136377
AAPL,14593,QMLE-Quote,2016-12-7,0.171241
AAPL,14593,QMLE-Quote,2016-12-8,0.152579
AAPL,14593,QMLE-Quote,2016-12-9,0.138378
AAPL,14593,QMLE-Quote,2016-12-12,0.135785
AAPL,14593,QMLE-Quote,2016-12-13,0.154498
AAPL,14593,QMLE-Quote,2016-12-14,0.183015
AAPL,14593,QMLE-Quote,2016-12-15,0.172658
AAPL,14593,QMLE-Quote,2016-12-16,0.116557
AAPL,14593,QMLE-Quote,2016-12-19,0.110737
AAPL,14593,QMLE-Quote,2016-12-20,0.0966273
AAPL,14593,QMLE-Quote,2016-12-21,0.0952492
AAPL,14593,QMLE-Quote,2016-12-22,0.112461
AAPL,14593,QMLE-Quote,2016-12-23,0.0867517
AAPL,14593,QMLE-Quote,2016-12-27,0.0870849
AAPL,14593,QMLE-Quote,2016-12-28,0.112512
AAPL,14593,QMLE-Quote,2016-12-29,0.103492
AAPL,14593,QMLE-Quote,2016-12-30,0.140315
AAPL,14593,QMLE-Quote,2017-1-3,0.155735
AAPL,14593,QMLE-Quote,2017-1-4,0.0999954
AAPL,14593,QMLE-Quote,2017-1-5,0.116515
AAPL,14593,QMLE-Quote,2017-1-6,0.121708
AAPL,14593,QMLE-Quote,2017-1-9,0.124402
AAPL,14593,QMLE-Quote,2017-1-10,0.125934
AAPL,14593,QMLE-Quote,2017-1-11,0.118753
AAPL,14593,QMLE-Quote,2017-1-12,0.125818
AAPL,14593,QMLE-Quote,2017-1-13,0.0890972
AAPL,14593,QMLE-Quote,2017-1-17,0.119331
AAPL,14593,QMLE-Quote,2017-1-18,0.104873
AAPL,14593,QMLE-Quote,2017-1-19,0.0987205
AAPL,14593,QMLE-Quote,2017-1-20,0.0879324
AAPL,14593,QMLE-Quote,2017-1-23,0.102077
AAPL,14593,QMLE-Quote,2017-1-24,0.0663024
AAPL,14593,QMLE-Quote,2017-1-25,0.0964642
AAPL,14593,QMLE-Quote,2017-1-26,0.100714
AAPL,14593,QMLE-Quote,2017-1-27,0.0761765
AAPL,14593,QMLE-Quote,2017-1-30,0.119141
AAPL,14593,QMLE-Quote,2017-1-31,0.108908
AAPL,14593,QMLE-Quote,2017-2-1,0.191133
AAPL,14593,QMLE-Quote,2017-2-2,0.129079
AAPL,14593,QMLE-Quote,2017-2-3,0.0970867
AAPL,14593,QMLE-Quote,2017-2-6,0.0923689
AAPL,14593,QMLE-Quote,2017-2-7,0.104882
AAPL,14593,QMLE-Quote,2017-2-8,0.0821033
AAPL,14593,QMLE-Quote,2017-2-9,0.099207
AAPL,14593,QMLE-Quote,2017-2-10,0.0998481
AAPL,14593,QMLE-Quote,2017-2-13,0.0827265
AAPL,14593,QMLE-Quote,2017-2-14,0.106736
AAPL,14593,QMLE-Quote,2017-2-15,0.122486
AAPL,14593,QMLE-Quote,2017-2-16,0.105051
AAPL,14593,QMLE-Quote,2017-2-17,0.0843039
AAPL,14593,QMLE-Quote,2017-2-21,0.0889359
AAPL,14593,QMLE-Quote,2017-2-22,0.0757757
AAPL,14593,QMLE-Quote,2017-2-23,0.0943615
AAPL,14593,QMLE-Quote,2017-2-24,0.104513
AAPL,14593,QMLE-Quote,2017-2-27,0.0916782
AAPL,14593,QMLE-Quote,2017-2-28,0.0902436
AAPL,14593,QMLE-Quote,2017-3-1,0.101668
AAPL,14593,QMLE-Quote,2017-3-2,0.113013
AAPL,14593,QMLE-Quote,2017-3-3,0.0983405
AAPL,14593,QMLE-Quote,2017-3-6,0.0791226
AAPL,14593,QMLE-Quote,2017-3-7,0.0944914
AAPL,14593,QMLE-Quote,2017-3-8,0.100982
AAPL,14593,QMLE-Quote,2017-3-9,0.140352
AAPL,14593,QMLE-Quote,2017-3-10,0.0933848
AAPL,14593,QMLE-Quote,2017-3-13,0.0857958
AAPL,14593,QMLE-Quote,2017-3-14,0.0744864
AAPL,14593,QMLE-Quote,2017-3-15,0.0879648
AAPL,14593,QMLE-Quote,2017-3-16,0.0817532
AAPL,14593,QMLE-Quote,2017-3-17,0.0688104
AAPL,14593,QMLE-Quote,2017-3-20,0.0726504
AAPL,14593,QMLE-Quote,2017-3-21,0.15904
AAPL,14593,QMLE-Quote,2017-3-22,0.140161
AAPL,14593,QMLE-Quote,2017-3-23,0.112397
AAPL,14593,QMLE-Quote,2017-3-24,0.113393
AAPL,14593,QMLE-Quote,2017-3-27,0.138808
AAPL,14593,QMLE-Quote,2017-3-28,0.114005
AAPL,14593,QMLE-Quote,2017-3-29,0.101594
AAPL,14593,QMLE-Quote,2017-3-30,0.100268
AAPL,14593,QMLE-Quote,2017-3-31,0.0915233
AAPL,14593,QMLE-Quote,2017-4-3,0.103272
AAPL,14593,QMLE-Quote,2017-4-4,0.0915262
AAPL,14593,QMLE-Quote,2017-4-5,0.120485
AAPL,14593,QMLE-Quote,2017-4-6,0.122692
AAPL,14593,QMLE-Quote,2017-4-7,0.0989571
AAPL,14593,QMLE-Quote,2017-4-10,0.082164
AAPL,14593,QMLE-Quote,2017-4-11,0.196931
AAPL,14593,QMLE-Quote,2017-4-12,0.134685
AAPL,14593,QMLE-Quote,2017-4-13,0.0956828
AAPL,14593,QMLE-Quote,2017-4-17,0.0803476
AAPL,14593,QMLE-Quote,2017-4-18,0.0982268
AAPL,14593,QMLE-Quote,2017-4-19,0.0898102
AAPL,14593,QMLE-Quote,2017-4-20,0.0944963
AAPL,14593,QMLE-Quote,2017-4-21,0.0857853
AAPL,14593,QMLE-Quote,2017-4-24,0.069521
AAPL,14593,QMLE-Quote,2017-4-25,0.0729584
AAPL,14593,QMLE-Quote,2017-4-26,0.113899
AAPL,14593,QMLE-Quote,2017-4-27,0.0800642
AAPL,14593,QMLE-Quote,2017-4-28,0.0828801
AAPL,14593,QMLE-Quote,2017-5-1,0.10172
AAPL,14593,QMLE-Quote,2017-5-2,0.110401
AAPL,14593,QMLE-Quote,2017-5-3,0.172133
AAPL,14593,QMLE-Quote,2017-5-4,0.113403
AAPL,14593,QMLE-Quote,2017-5-5,0.0903328
AAPL,14593,QMLE-Quote,2017-5-8,0.148238
AAPL,14593,QMLE-Quote,2017-5-9,0.143428
AAPL,14593,QMLE-Quote,2017-5-10,0.106589
AAPL,14593,QMLE-Quote,2017-5-11,0.117601
AAPL,14593,QMLE-Quote,2017-5-12,0.122546
AAPL,14593,QMLE-Quote,2017-5-15,0.111222
AAPL,14593,QMLE-Quote,2017-5-16,0.0920146
AAPL,14593,QMLE-Quote,2017-5-17,0.227141
AAPL,14593,QMLE-Quote,2017-5-18,0.165246
AAPL,14593,QMLE-Quote,2017-5-19,0.122336
AAPL,14593,QMLE-Quote,2017-5-22,0.104654
AAPL,14593,QMLE-Quote,2017-5-23,0.100736
AAPL,14593,QMLE-Quote,2017-5-24,0.0978659
AAPL,14593,QMLE-Quote,2017-5-25,0.103963
AAPL,14593,QMLE-Quote,2017-5-26,0.0833872
AAPL,14593,QMLE-Quote,2017-5-30,0.0847002
AAPL,14593,QMLE-Quote,2017-5-31,0.113538
AAPL,14593,QMLE-Quote,2017-6-1,0.0925435
AAPL,14593,QMLE-Quote,2017-6-2,0.0983061
AAPL,14593,QMLE-Quote,2017-6-5,0.110097
AAPL,14593,QMLE-Quote,2017-6-6,0.127951
AAPL,14593,QMLE-Quote,2017-6-7,0.11936
AAPL,14593,QMLE-Quote,2017-6-8,0.112502
AAPL,14593,QMLE-Quote,2017-6-9,0.314332
AAPL,14593,QMLE-Quote,2017-6-12,0.416819
AAPL,14593,QMLE-Quote,2017-6-13,0.178503
AAPL,14593,QMLE-Quote,2017-6-14,0.196164
AAPL,14593,QMLE-Quote,2017-6-15,0.18399
AAPL,14593,QMLE-Quote,2017-6-16,0.142141
AAPL,14593,QMLE-Quote,2017-6-19,0.119669
AAPL,14593,QMLE-Quote,2017-6-20,0.13476
AAPL,14593,QMLE-Quote,2017-6-21,0.131378
AAPL,14593,QMLE-Quote,2017-6-22,0.119786
AAPL,14593,QMLE-Quote,2017-6-23,0.106561
AAPL,14593,QMLE-Quote,2017-6-26,0.159496
AAPL,14593,QMLE-Quote,2017-6-27,0.175881
AAPL,14593,QMLE-Quote,2017-6-28,0.161372
AAPL,14593,QMLE-Quote,2017-6-29,0.223822
AAPL,14593,QMLE-Quote,2017-6-30,0.134288
AAPL,14593,QMLE-Quote,2017-7-3,0.122947
AAPL,14593,QMLE-Quote,2017-7-5,0.139656
AAPL,14593,QMLE-Quote,2017-7-6,0.166514
AAPL,14593,QMLE-Quote,2017-7-7,0.124692
AAPL,14593,QMLE-Quote,2017-7-10,0.119704
AAPL,14593,QMLE-Quote,2017-7-11,0.120454
AAPL,14593,QMLE-Quote,2017-7-12,0.132062
AAPL,14593,QMLE-Quote,2017-7-13,0.136618
AAPL,14593,QMLE-Quote,2017-7-14,0.108029
AAPL,14593,QMLE-Quote,2017-7-17,0.138225
AAPL,14593,QMLE-Quote,2017-7-18,0.104818
AAPL,14593,QMLE-Quote,2017-7-19,0.103183
AAPL,14593,QMLE-Quote,2017-7-20,0.112556
AAPL,14593,QMLE-Quote,2017-7-21,0.113822
AAPL,14593,QMLE-Quote,2017-7-24,0.102676
AAPL,14593,QMLE-Quote,2017-7-25,0.10786
AAPL,14593,QMLE-Quote,2017-7-26,0.103497
AAPL,14593,QMLE-Quote,2017-7-27,0.253457
AAPL,14593,QMLE-Quote,2017-7-28,0.129889
AAPL,14593,QMLE-Quote,2017-7-31,0.150974
AAPL,14593,QMLE-Quote,2017-8-1,0.131891
AAPL,14593,QMLE-Quote,2017-8-2,0.238848
AAPL,14593,QMLE-Quote,2017-8-3,0.161512
AAPL,14593,QMLE-Quote,2017-8-4,0.144523
AAPL,14593,QMLE-Quote,2017-8-7,0.101404
AAPL,14593,QMLE-Quote,2017-8-8,0.154996
AAPL,14593,QMLE-Quote,2017-8-9,0.160454
AAPL,14593,QMLE-Quote,2017-8-10,0.217715
AAPL,14593,QMLE-Quote,2017-8-11,0.208119
AAPL,14593,QMLE-Quote,2017-8-14,0.126707
AAPL,14593,QMLE-Quote,2017-8-15,0.126553
AAPL,14593,QMLE-Quote,2017-8-16,0.157219
AAPL,14593,QMLE-Quote,2017-8-17,0.201433
AAPL,14593,QMLE-Quote,2017-8-18,0.185765
AAPL,14593,QMLE-Quote,2017-8-21,0.178267
AAPL,14593,QMLE-Quote,2017-8-22,0.115625
AAPL,14593,QMLE-Quote,2017-8-23,0.133454
AAPL,14593,QMLE-Quote,2017-8-24,0.169981
AAPL,14593,QMLE-Quote,2017-8-25,0.125722
AAPL,14593,QMLE-Quote,2017-8-28,0.121376
AAPL,14593,QMLE-Quote,2017-8-29,0.142193
AAPL,14593,QMLE-Quote,2017-8-30,0.13062
AAPL,14593,QMLE-Quote,2017-8-31,0.109693
AAPL,14593,QMLE-Quote,2017-9-1,0.0848544
AAPL,14593,QMLE-Quote,2017-9-5,0.176748
AAPL,14593,QMLE-Quote,2017-9-6,0.142608
AAPL,14593,QMLE-Quote,2017-9-7,0.157647
AAPL,14593,QMLE-Quote,2017-9-8,0.123802
AAPL,14593,QMLE-Quote,2017-9-11,0.121613
AAPL,14593,QMLE-Quote,2017-9-12,0.316806
AAPL,14593,QMLE-Quote,2017-9-13,0.164872
AAPL,14593,QMLE-Quote,2017-9-14,0.103611
AAPL,14593,QMLE-Quote,2017-9-15,0.118373
AAPL,14593,QMLE-Quote,2017-9-18,0.12498
AAPL,14593,QMLE-Quote,2017-9-19,0.132806
AAPL,14593,QMLE-Quote,2017-9-20,0.216951
AAPL,14593,QMLE-Quote,2017-9-21,0.175053
AAPL,14593,QMLE-Quote,2017-9-22,0.193876
AAPL,14593,QMLE-Quote,2017-9-25,0.208407
AAPL,14593,QMLE-Quote,2017-9-26,0.169025
AAPL,14593,QMLE-Quote,2017-9-27,0.134928
AAPL,14593,QMLE-Quote,2017-9-28,0.114831
AAPL,14593,QMLE-Quote,2017-9-29,0.13632
AAPL,14593,QMLE-Quote,2017-10-2,0.134311
AAPL,14593,QMLE-Quote,2017-10-3,0.112272
AAPL,14593,QMLE-Quote,2017-10-4,0.132359
AAPL,14593,QMLE-Quote,2017-10-5,0.108257
AAPL,14593,QMLE-Quote,2017-10-6,0.094492
AAPL,14593,QMLE-Quote,2017-10-9,0.101529
AAPL,14593,QMLE-Quote,2017-10-10,0.115005
AAPL,14593,QMLE-Quote,2017-10-11,0.09946
AAPL,14593,QMLE-Quote,2017-10-12,0.100537
AAPL,14593,QMLE-Quote,2017-10-13,0.084837
AAPL,14593,QMLE-Quote,2017-10-16,0.109991
AAPL,14593,QMLE-Quote,2017-10-17,0.117068
AAPL,14593,QMLE-Quote,2017-10-18,0.0905078
AAPL,14593,QMLE-Quote,2017-10-19,0.163989
AAPL,14593,QMLE-Quote,2017-10-20,0.111885
AAPL,14593,QMLE-Quote,2017-10-23,0.131159
AAPL,14593,QMLE-Quote,2017-10-24,0.0984375
AAPL,14593,QMLE-Quote,2017-10-25,0.144899
AAPL,14593,QMLE-Quote,2017-10-26,0.118655
AAPL,14593,QMLE-Quote,2017-10-27,0.167528
AAPL,14593,QMLE-Quote,2017-10-30,0.16287
AAPL,14593,QMLE-Quote,2017-10-31,0.1258
AAPL,14593,QMLE-Quote,2017-11-1,0.179515
AAPL,14593,QMLE-Quote,2017-11-2,0.195742
AAPL,14593,QMLE-Quote,2017-11-3,0.238793
AAPL,14593,QMLE-Quote,2017-11-6,0.137383
AAPL,14593,QMLE-Quote,2017-11-7,0.142597
AAPL,14593,QMLE-Quote,2017-11-8,0.112641
AAPL,14593,QMLE-Quote,2017-11-9,0.163891
AAPL,14593,QMLE-Quote,2017-11-10,0.10076
AAPL,14593,QMLE-Quote,2017-11-13,0.0930597
AAPL,14593,QMLE-Quote,2017-11-14,0.139347
AAPL,14593,QMLE-Quote,2017-11-15,0.154858
AAPL,14593,QMLE-Quote,2017-11-16,0.0992636
AAPL,14593,QMLE-Quote,2017-11-17,0.119273
AAPL,14593,QMLE-Quote,2017-11-20,0.0870434
AAPL,14593,QMLE-Quote,2017-11-21,0.101421
AAPL,14593,QMLE-Quote,2017-11-22,0.123903
AAPL,14593,QMLE-Quote,2017-11-24,0.0665378
AAPL,14593,QMLE-Quote,2017-11-27,0.122059
AAPL,14593,QMLE-Quote,2017-11-28,0.125388
AAPL,14593,QMLE-Quote,2017-11-29,0.238921
AAPL,14593,QMLE-Quote,2017-11-30,0.20533
AAPL,14593,QMLE-Quote,2017-12-1,0.247794
AAPL,14593,QMLE-Quote,2017-12-4,0.211215
AAPL,14593,QMLE-Quote,2017-12-5,0.189741
AAPL,14593,QMLE-Quote,2017-12-6,0.208485
AAPL,14593,QMLE-Quote,2017-12-7,0.17158
AAPL,14593,QMLE-Quote,2017-12-8,0.118488
AAPL,14593,QMLE-Quote,2017-12-11,0.137244
AAPL,14593,QMLE-Quote,2017-12-12,0.109823
AAPL,14593,QMLE-Quote,2017-12-13,0.126368
AAPL,14593,QMLE-Quote,2017-12-14,0.124251
AAPL,14593,QMLE-Quote,2017-12-15,0.101637
AAPL,14593,QMLE-Quote,2017-12-18,0.111263
AAPL,14593,QMLE-Quote,2017-12-19,0.130505
AAPL,14593,QMLE-Quote,2017-12-20,0.128146
AAPL,14593,QMLE-Quote,2017-12-21,0.112874
AAPL,14593,QMLE-Quote,2017-12-22,0.0871297
AAPL,14593,QMLE-Quote,2017-12-26,0.203863
AAPL,14593,QMLE-Quote,2017-12-27,0.102994
AAPL,14593,QMLE-Quote,2017-12-28,0.0900731
AAPL,14593,QMLE-Quote,2017-12-29,0.0855257
AAPL,14593,QMLE-Quote,2018-1-2,0.119952
AAPL,14593,QMLE-Quote,2018-1-3,0.116694
AAPL,14593,QMLE-Quote,2018-1-4,0.121589
AAPL,14593,QMLE-Quote,2018-1-5,0.0949631
AAPL,14593,QMLE-Quote,2018-1-8,0.104906
AAPL,14593,QMLE-Quote,2018-1-9,0.110671
AAPL,14593,QMLE-Quote,2018-1-10,0.110497
AAPL,14593,QMLE-Quote,2018-1-11,0.092821
AAPL,14593,QMLE-Quote,2018-1-12,0.0842048
AAPL,14593,QMLE-Quote,2018-1-16,0.15138
AAPL,14593,QMLE-Quote,2018-1-17,0.171159
AAPL,14593,QMLE-Quote,2018-1-18,0.149681
AAPL,14593,QMLE-Quote,2018-1-19,0.134561
AAPL,14593,QMLE-Quote,2018-1-22,0.111687
AAPL,14593,QMLE-Quote,2018-1-23,0.148399
AAPL,14593,QMLE-Quote,2018-1-24,0.195016
AAPL,14593,QMLE-Quote,2018-1-25,0.172854
AAPL,14593,QMLE-Quote,2018-1-26,0.130948
AAPL,14593,QMLE-Quote,2018-1-29,0.21553
AAPL,14593,QMLE-Quote,2018-1-30,0.21253
AAPL,14593,QMLE-Quote,2018-1-31,0.167436
AAPL,14593,QMLE-Quote,2018-2-1,0.18516
AAPL,14593,QMLE-Quote,2018-2-2,0.27999
AAPL,14593,QMLE-Quote,2018-2-5,0.473803
AAPL,14593,QMLE-Quote,2018-2-6,0.600292
AAPL,14593,QMLE-Quote,2018-2-7,0.298269
AAPL,14593,QMLE-Quote,2018-2-8,0.357407
AAPL,14593,QMLE-Quote,2018-2-9,0.533192
AAPL,14593,QMLE-Quote,2018-2-12,0.2867
AAPL,14593,QMLE-Quote,2018-2-13,0.205954
AAPL,14593,QMLE-Quote,2018-2-14,0.201081
AAPL,14593,QMLE-Quote,2018-2-15,0.210633
AAPL,14593,QMLE-Quote,2018-2-16,0.212531
AAPL,14593,QMLE-Quote,2018-2-20,0.195838
AAPL,14593,QMLE-Quote,2018-2-21,0.192089
AAPL,14593,QMLE-Quote,2018-2-22,0.189383
AAPL,14593,QMLE-Quote,2018-2-23,0.123659
AAPL,14593,QMLE-Quote,2018-2-26,0.155997
AAPL,14593,QMLE-Quote,2018-2-27,0.17865
AAPL,14593,QMLE-Quote,2018-2-28,0.162801
AAPL,14593,QMLE-Quote,2018-3-1,0.329088
AAPL,14593,QMLE-Quote,2018-3-2,0.278595
AAPL,14593,QMLE-Quote,2018-3-5,0.191543
AAPL,14593,QMLE-Quote,2018-3-6,0.179133
AAPL,14593,QMLE-Quote,2018-3-7,0.173568
AAPL,14593,QMLE-Quote,2018-3-8,0.147387
AAPL,14593,QMLE-Quote,2018-3-9,0.117391
AAPL,14593,QMLE-Quote,2018-3-12,0.144105
AAPL,14593,QMLE-Quote,2018-3-13,0.196386
AAPL,14593,QMLE-Quote,2018-3-14,0.195542
AAPL,14593,QMLE-Quote,2018-3-15,0.137187
AAPL,14593,QMLE-Quote,2018-3-16,0.122538
AAPL,14593,QMLE-Quote,2018-3-19,0.197831
AAPL,14593,QMLE-Quote,2018-3-20,0.144949
AAPL,14593,QMLE-Quote,2018-3-21,0.167506
AAPL,14593,QMLE-Quote,2018-3-22,0.263432
AAPL,14593,QMLE-Quote,2018-3-23,0.267418
AAPL,14593,QMLE-Quote,2018-3-26,0.222298
AAPL,14593,QMLE-Quote,2018-3-27,0.302417
AAPL,14593,QMLE-Quote,2018-3-28,0.366568
AAPL,14593,QMLE-Quote,2018-3-29,0.239357
AAPL,14593,QMLE-Quote,2018-4-2,0.31036
AAPL,14593,QMLE-Quote,2018-4-3,0.273014
AAPL,14593,QMLE-Quote,2018-4-4,0.27614
AAPL,14593,QMLE-Quote,2018-4-5,0.204023
AAPL,14593,QMLE-Quote,2018-4-6,0.280793
AAPL,14593,QMLE-Quote,2018-4-9,0.199485
AAPL,14593,QMLE-Quote,2018-4-10,0.207601
AAPL,14593,QMLE-Quote,2018-4-11,0.197632
AAPL,14593,QMLE-Quote,2018-4-12,0.159559
AAPL,14593,QMLE-Quote,2018-4-13,0.180095
AAPL,14593,QMLE-Quote,2018-4-16,0.124839
AAPL,14593,QMLE-Quote,2018-4-17,0.125536
AAPL,14593,QMLE-Quote,2018-4-18,0.135793
AAPL,14593,QMLE-Quote,2018-4-19,0.16901
AAPL,14593,QMLE-Quote,2018-4-20,0.241806
AAPL,14593,QMLE-Quote,2018-4-23,0.17559
AAPL,14593,QMLE-Quote,2018-4-24,0.238558
AAPL,14593,QMLE-Quote,2018-4-25,0.22893
AAPL,14593,QMLE-Quote,2018-4-26,0.154227
AAPL,14593,QMLE-Quote,2018-4-27,0.200187
AAPL,14593,QMLE-Quote,2018-4-30,0.241287
AAPL,14593,QMLE-Quote,2018-5-1,0.199227
AAPL,14593,QMLE-Quote,2018-5-2,0.25053
AAPL,14593,QMLE-Quote,2018-5-3,0.216168
AAPL,14593,QMLE-Quote,2018-5-4,0.175455
AAPL,14593,QMLE-Quote,2018-5-7,0.186812
AAPL,14593,QMLE-Quote,2018-5-8,0.173352
AAPL,14593,QMLE-Quote,2018-5-9,0.12742
AAPL,14593,QMLE-Quote,2018-5-10,0.117584
AAPL,14593,QMLE-Quote,2018-5-11,0.127054
AAPL,14593,QMLE-Quote,2018-5-14,0.114244
AAPL,14593,QMLE-Quote,2018-5-15,0.167767
AAPL,14593,QMLE-Quote,2018-5-16,0.11843
AAPL,14593,QMLE-Quote,2018-5-17,0.127514
AAPL,14593,QMLE-Quote,2018-5-18,0.128718
AAPL,14593,QMLE-Quote,2018-5-21,0.116451
AAPL,14593,QMLE-Quote,2018-5-22,0.104903
AAPL,14593,QMLE-Quote,2018-5-23,0.14156
AAPL,14593,QMLE-Quote,2018-5-24,0.144286
AAPL,14593,QMLE-Quote,2018-5-25,0.113269
AAPL,14593,QMLE-Quote,2018-5-29,0.158298
AAPL,14593,QMLE-Quote,2018-5-30,0.112803
AAPL,14593,QMLE-Quote,2018-5-31,0.127201
AAPL,14593,QMLE-Quote,2018-6-1,0.0943115
AAPL,14593,QMLE-Quote,2018-6-4,0.12361
AAPL,14593,QMLE-Quote,2018-6-5,0.112209
AAPL,14593,QMLE-Quote,2018-6-6,0.106548
AAPL,14593,QMLE-Quote,2018-6-7,0.132472
AAPL,14593,QMLE-Quote,2018-6-8,0.141169
AAPL,14593,QMLE-Quote,2018-6-11,0.0991413
AAPL,14593,QMLE-Quote,2018-6-12,0.10154
AAPL,14593,QMLE-Quote,2018-6-13,0.130714
AAPL,14593,QMLE-Quote,2018-6-14,0.116353
AAPL,14593,QMLE-Quote,2018-6-15,0.127815
AAPL,14593,QMLE-Quote,2018-6-18,0.126263
AAPL,14593,QMLE-Quote,2018-6-19,0.157282
AAPL,14593,QMLE-Quote,2018-6-20,0.119314
AAPL,14593,QMLE-Quote,2018-6-21,0.150608
AAPL,14593,QMLE-Quote,2018-6-22,0.115432
AAPL,14593,QMLE-Quote,2018-6-25,0.212399
AAPL,14593,QMLE-Quote,2018-6-26,0.169056
AAPL,14593,QMLE-Quote,2018-6-27,0.179896
AAPL,14593,QMLE-Quote,2018-6-28,0.182512
AAPL,14593,QMLE-Quote,2018-6-29,0.319758
AAPL,14593,QMLE-Quote,2018-7-2,0.13825
AAPL,14593,QMLE-Quote,2018-7-3,0.137002
AAPL,14593,QMLE-Quote,2018-7-5,0.125715
AAPL,14593,QMLE-Quote,2018-7-6,0.116076
AAPL,14593,QMLE-Quote,2018-7-9,0.110697
AAPL,14593,QMLE-Quote,2018-7-10,0.115849
AAPL,14593,QMLE-Quote,2018-7-11,0.136462
AAPL,14593,QMLE-Quote,2018-7-12,0.109204
AAPL,14593,QMLE-Quote,2018-7-13,0.084952
AAPL,14593,QMLE-Quote,2018-7-16,0.105487
AAPL,14593,QMLE-Quote,2018-7-17,0.113217
AAPL,14593,QMLE-Quote,2018-7-18,0.115443
AAPL,14593,QMLE-Quote,2018-7-19,0.129328
AAPL,14593,QMLE-Quote,2018-7-20,0.113125
AAPL,14593,QMLE-Quote,2018-7-23,0.107271
AAPL,14593,QMLE-Quote,2018-7-24,0.125846
AAPL,14593,QMLE-Quote,2018-7-25,0.111888
AAPL,14593,QMLE-Quote,2018-7-26,0.134957
AAPL,14593,QMLE-Quote,2018-7-27,0.163016
AAPL,14593,QMLE-Quote,2018-7-30,0.131907
AAPL,14593,QMLE-Quote,2018-7-31,0.156716
AAPL,14593,QMLE-Quote,2018-8-1,0.235469
AAPL,14593,QMLE-Quote,2018-8-2,0.203539
AAPL,14593,QMLE-Quote,2018-8-3,0.175864
AAPL,14593,QMLE-Quote,2018-8-6,0.131224
AAPL,14593,QMLE-Quote,2018-8-7,0.123127
AAPL,14593,QMLE-Quote,2018-8-8,0.152976
AAPL,14593,QMLE-Quote,2018-8-9,0.118466
AAPL,14593,QMLE-Quote,2018-8-10,0.13814
AAPL,14593,QMLE-Quote,2018-8-13,0.144582
AAPL,14593,QMLE-Quote,2018-8-14,0.125937
AAPL,14593,QMLE-Quote,2018-8-15,0.147725
AAPL,14593,QMLE-Quote,2018-8-16,0.110915
AAPL,14593,QMLE-Quote,2018-8-17,0.145392
AAPL,14593,QMLE-Quote,2018-8-20,0.148116
AAPL,14593,QMLE-Quote,2018-8-21,0.137193
AAPL,14593,QMLE-Quote,2018-8-22,0.141271
AAPL,14593,QMLE-Quote,2018-8-23,0.123404
AAPL,14593,QMLE-Quote,2018-8-24,0.114579
AAPL,14593,QMLE-Quote,2018-8-27,0.115345
AAPL,14593,QMLE-Quote,2018-8-28,0.105226
AAPL,14593,QMLE-Quote,2018-8-29,0.104879
AAPL,14593,QMLE-Quote,2018-8-30,0.188663
AAPL,14593,QMLE-Quote,2018-8-31,0.160855
AAPL,14593,QMLE-Quote,2018-9-4,0.159599
AAPL,14593,QMLE-Quote,2018-9-5,0.199945
AAPL,14593,QMLE-Quote,2018-9-6,0.243323
AAPL,14593,QMLE-Quote,2018-9-7,0.266952
AAPL,14593,QMLE-Quote,2018-9-10,0.258325
AAPL,14593,QMLE-Quote,2018-9-11,0.200603
AAPL,14593,QMLE-Quote,2018-9-12,0.322771
AAPL,14593,QMLE-Quote,2018-9-13,0.213291
AAPL,14593,QMLE-Quote,2018-9-14,0.207136
AAPL,14593,QMLE-Quote,2018-9-17,0.231274
AAPL,14593,QMLE-Quote,2018-9-18,0.203612
AAPL,14593,QMLE-Quote,2018-9-19,0.191452
AAPL,14593,QMLE-Quote,2018-9-20,0.171099
AAPL,14593,QMLE-Quote,2018-9-21,0.174469
AAPL,14593,QMLE-Quote,2018-9-24,0.17045
AAPL,14593,QMLE-Quote,2018-9-25,0.155882
AAPL,14593,QMLE-Quote,2018-9-26,0.172957
AAPL,14593,QMLE-Quote,2018-9-27,0.140135
AAPL,14593,QMLE-Quote,2018-9-28,0.134277
AAPL,14593,QMLE-Quote,2018-10-1,0.132444
AAPL,14593,QMLE-Quote,2018-10-2,0.147599
AAPL,14593,QMLE-Quote,2018-10-3,0.178673
AAPL,14593,QMLE-Quote,2018-10-4,0.23149
AAPL,14593,QMLE-Quote,2018-10-5,0.23997
AAPL,14593,QMLE-Quote,2018-10-8,0.250895
AAPL,14593,QMLE-Quote,2018-10-9,0.229221
AAPL,14593,QMLE-Quote,2018-10-10,0.326706
AAPL,14593,QMLE-Quote,2018-10-11,0.48746
AAPL,14593,QMLE-Quote,2018-10-12,0.308454
AAPL,14593,QMLE-Quote,2018-10-15,0.268188
AAPL,14593,QMLE-Quote,2018-10-16,0.19116
AAPL,14593,QMLE-Quote,2018-10-17,0.229841
AAPL,14593,QMLE-Quote,2018-10-18,0.277722
AAPL,14593,QMLE-Quote,2018-10-19,0.230945
AAPL,14593,QMLE-Quote,2018-10-22,0.225888
AAPL,14593,QMLE-Quote,2018-10-23,0.277969
AAPL,14593,QMLE-Quote,2018-10-24,0.324506
AAPL,14593,QMLE-Quote,2018-10-25,0.258297
AAPL,14593,QMLE-Quote,2018-10-26,0.3695
AAPL,14593,QMLE-Quote,2018-10-29,0.360835
AAPL,14593,QMLE-Quote,2018-10-30,0.408989
AAPL,14593,QMLE-Quote,2018-10-31,0.221004
AAPL,14593,QMLE-Quote,2018-11-1,0.242657
AAPL,14593,QMLE-Quote,2018-11-2,0.369689
AAPL,14593,QMLE-Quote,2018-11-5,0.273061
AAPL,14593,QMLE-Quote,2018-11-6,0.194618
AAPL,14593,QMLE-Quote,2018-11-7,0.172013
AAPL,14593,QMLE-Quote,2018-11-8,0.181108
AAPL,14593,QMLE-Quote,2018-11-9,0.179852
AAPL,14593,QMLE-Quote,2018-11-12,0.267775
AAPL,14593,QMLE-Quote,2018-11-13,0.337426
AAPL,14593,QMLE-Quote,2018-11-14,0.333511
AAPL,14593,QMLE-Quote,2018-11-15,0.315392
AAPL,14593,QMLE-Quote,2018-11-16,0.242701
AAPL,14593,QMLE-Quote,2018-11-19,0.284085
AAPL,14593,QMLE-Quote,2018-11-20,0.435541
AAPL,14593,QMLE-Quote,2018-11-21,0.241715
AAPL,14593,QMLE-Quote,2018-11-23,0.195258
AAPL,14593,QMLE-Quote,2018-11-26,0.247928
AAPL,14593,QMLE-Quote,2018-11-27,0.290454
AAPL,14593,QMLE-Quote,2018-11-28,0.242913
AAPL,14593,QMLE-Quote,2018-11-29,0.239759
AAPL,14593,QMLE-Quote,2018-11-30,0.187576
AAPL,14593,QMLE-Quote,2018-12-3,0.211635
AAPL,14593,QMLE-Quote,2018-12-4,0.287982
AAPL,14593,QMLE-Quote,2018-12-6,0.348281
AAPL,14593,QMLE-Quote,2018-12-7,0.30728
AAPL,14593,QMLE-Quote,2018-12-10,0.377085
AAPL,14593,QMLE-Quote,2018-12-11,0.303243
AAPL,14593,QMLE-Quote,2018-12-12,0.229823
AAPL,14593,QMLE-Quote,2018-12-13,0.270855
AAPL,14593,QMLE-Quote,2018-12-14,0.250642
AAPL,14593,QMLE-Quote,2018-12-17,0.288454
AAPL,14593,QMLE-Quote,2018-12-18,0.244142
AAPL,14593,QMLE-Quote,2018-12-19,0.391743
AAPL,14593,QMLE-Quote,2018-12-20,0.421331
AAPL,14593,QMLE-Quote,2018-12-21,0.385292
AAPL,14593,QMLE-Quote,2018-12-24,0.363481
AAPL,14593,QMLE-Quote,2018-12-26,0.358908
AAPL,14593,QMLE-Quote,2018-12-27,0.36927
AAPL,14593,QMLE-Quote,2018-12-28,0.331444
AAPL,14593,QMLE-Quote,2018-12-31,0.235748
AAPL,14593,QMLE-Quote,2019-1-2,0.271807
AAPL,14593,QMLE-Quote,2019-1-3,0.407663
AAPL,14593,QMLE-Quote,2019-1-4,0.274869
AAPL,14593,QMLE-Quote,2019-1-7,0.273712
AAPL,14593,QMLE-Quote,2019-1-8,0.209979
AAPL,14593,QMLE-Quote,2019-1-9,0.2719
AAPL,14593,QMLE-Quote,2019-1-10,0.216071
AAPL,14593,QMLE-Quote,2019-1-11,0.166416
AAPL,14593,QMLE-Quote,2019-1-14,0.18468
AAPL,14593,QMLE-Quote,2019-1-15,0.190067
AAPL,14593,QMLE-Quote,2019-1-16,0.172118
AAPL,14593,QMLE-Quote,2019-1-17,0.249191
AAPL,14593,QMLE-Quote,2019-1-18,0.199872
AAPL,14593,QMLE-Quote,2019-1-22,0.208078
AAPL,14593,QMLE-Quote,2019-1-23,0.191334
AAPL,14593,QMLE-Quote,2019-1-24,0.185361
AAPL,14593,QMLE-Quote,2019-1-25,0.163531
AAPL,14593,QMLE-Quote,2019-1-28,0.204164
AAPL,14593,QMLE-Quote,2019-1-29,0.223649
AAPL,14593,QMLE-Quote,2019-1-30,0.293772
AAPL,14593,QMLE-Quote,2019-1-31,0.215746
AAPL,14593,QMLE-Quote,2019-2-1,0.201371
AAPL,14593,QMLE-Quote,2019-2-4,0.171438
AAPL,14593,QMLE-Quote,2019-2-5,0.171577
AAPL,14593,QMLE-Quote,2019-2-6,0.180417
AAPL,14593,QMLE-Quote,2019-2-7,0.202089
AAPL,14593,QMLE-Quote,2019-2-8,0.17393
AAPL,14593,QMLE-Quote,2019-2-11,0.168123
AAPL,14593,QMLE-Quote,2019-2-12,0.123522
AAPL,14593,QMLE-Quote,2019-2-13,0.149543
AAPL,14593,QMLE-Quote,2019-2-14,0.170095
AAPL,14593,QMLE-Quote,2019-2-15,0.150795
AAPL,14593,QMLE-Quote,2019-2-19,0.136568
AAPL,14593,QMLE-Quote,2019-2-20,0.167374
AAPL,14593,QMLE-Quote,2019-2-21,0.147092
AAPL,14593,QMLE-Quote,2019-2-22,0.12219
AAPL,14593,QMLE-Quote,2019-2-25,0.142174
AAPL,14593,QMLE-Quote,2019-2-26,0.135041
AAPL,14593,QMLE-Quote,2019-2-27,0.145892
AAPL,14593,QMLE-Quote,2019-2-28,0.134114
AAPL,14593,QMLE-Quote,2019-3-1,0.131486
AAPL,14593,QMLE-Quote,2019-3-4,0.179599
AAPL,14593,QMLE-Quote,2019-3-5,0.138558
AAPL,14593,QMLE-Quote,2019-3-6,0.140122
AAPL,14593,QMLE-Quote,2019-3-7,0.17988
AAPL,14593,QMLE-Quote,2019-3-8,0.170291
AAPL,14593,QMLE-Quote,2019-3-11,0.135707
AAPL,14593,QMLE-Quote,2019-3-12,0.156102
AAPL,14593,QMLE-Quote,2019-3-13,0.146935
AAPL,14593,QMLE-Quote,2019-3-14,0.122487
AAPL,14593,QMLE-Quote,2019-3-15,0.136164
AAPL,14593,QMLE-Quote,2019-3-18,0.135529
AAPL,14593,QMLE-Quote,2019-3-19,0.173376
AAPL,14593,QMLE-Quote,2019-3-20,0.195158
AAPL,14593,QMLE-Quote,2019-3-21,0.184103
AAPL,14593,QMLE-Quote,2019-3-22,0.26011
AAPL,14593,QMLE-Quote,2019-3-25,0.301574
AAPL,14593,QMLE-Quote,2019-3-26,0.267596
AAPL,14593,QMLE-Quote,2019-3-27,0.235487
AAPL,14593,QMLE-Quote,2019-3-28,0.18249
AAPL,14593,QMLE-Quote,2019-3-29,0.153939
AAPL,14593,QMLE-Quote,2019-4-1,0.168618
AAPL,14593,QMLE-Quote,2019-4-2,0.137019
AAPL,14593,QMLE-Quote,2019-4-3,0.143361
AAPL,14593,QMLE-Quote,2019-4-4,0.13727
AAPL,14593,QMLE-Quote,2019-4-5,0.133669
AAPL,14593,QMLE-Quote,2019-4-8,0.151915
AAPL,14593,QMLE-Quote,2019-4-9,0.181671
AAPL,14593,QMLE-Quote,2019-4-10,0.158814
AAPL,14593,QMLE-Quote,2019-4-11,0.121941
AAPL,14593,QMLE-Quote,2019-4-12,0.144482
AAPL,14593,QMLE-Quote,2019-4-15,0.112484
AAPL,14593,QMLE-Quote,2019-4-16,0.143934
AAPL,14593,QMLE-Quote,2019-4-17,0.169744
AAPL,14593,QMLE-Quote,2019-4-18,0.122479
AAPL,14593,QMLE-Quote,2019-4-22,0.11475
AAPL,14593,QMLE-Quote,2019-4-23,0.129637
AAPL,14593,QMLE-Quote,2019-4-24,0.12579
AAPL,14593,QMLE-Quote,2019-4-25,0.136202
AAPL,14593,QMLE-Quote,2019-4-26,0.184515
AAPL,14593,QMLE-Quote,2019-4-29,0.122667
AAPL,14593,QMLE-Quote,2019-4-30,0.201561
AAPL,14593,QMLE-Quote,2019-5-1,0.241512
AAPL,14593,QMLE-Quote,2019-5-2,0.209759
AAPL,14593,QMLE-Quote,2019-5-3,0.135105
AAPL,14593,QMLE-Quote,2019-5-6,0.187056
AAPL,14593,QMLE-Quote,2019-5-7,0.261923
AAPL,14593,QMLE-Quote,2019-5-8,0.225661
AAPL,14593,QMLE-Quote,2019-5-9,0.330379
AAPL,14593,QMLE-Quote,2019-5-10,0.308373
AAPL,14593,QMLE-Quote,2019-5-13,0.375803
AAPL,14593,QMLE-Quote,2019-5-14,0.229725
AAPL,14593,QMLE-Quote,2019-5-15,0.209843
AAPL,14593,QMLE-Quote,2019-5-16,0.188089
AAPL,14593,QMLE-Quote,2019-5-17,0.25114
AAPL,14593,QMLE-Quote,2019-5-20,0.284755
AAPL,14593,QMLE-Quote,2019-5-21,0.181886
AAPL,14593,QMLE-Quote,2019-5-22,0.199575
AAPL,14593,QMLE-Quote,2019-5-23,0.242505
AAPL,14593,QMLE-Quote,2019-5-24,0.159554
AAPL,14593,QMLE-Quote,2019-5-28,0.205699
AAPL,14593,QMLE-Quote,2019-5-29,0.20887
AAPL,14593,QMLE-Quote,2019-5-30,0.174956
AAPL,14593,QMLE-Quote,2019-5-31,0.186255
AAPL,14593,QMLE-Quote,2019-6-3,0.464162
AAPL,14593,QMLE-Quote,2019-6-4,0.196382
AAPL,14593,QMLE-Quote,2019-6-5,0.236108
AAPL,14593,QMLE-Quote,2019-6-6,0.183213
AAPL,14593,QMLE-Quote,2019-6-7,0.187136
AAPL,14593,QMLE-Quote,2019-6-10,0.193872
AAPL,14593,QMLE-Quote,2019-6-11,0.20076
AAPL,14593,QMLE-Quote,2019-6-12,0.15675
AAPL,14593,QMLE-Quote,2019-6-13,0.175278
AAPL,14593,QMLE-Quote,2019-6-14,0.156841
AAPL,14593,QMLE-Quote,2019-6-17,0.133287
AAPL,14593,QMLE-Quote,2019-6-18,0.194834
AAPL,14593,QMLE-Quote,2019-6-19,0.194075
AAPL,14593,QMLE-Quote,2019-6-20,0.156672
AAPL,14593,QMLE-Quote,2019-6-21,0.134991
AAPL,14593,QMLE-Quote,2019-6-24,0.131291
AAPL,14593,QMLE-Quote,2019-6-25,0.165075
AAPL,14593,QMLE-Quote,2019-6-26,0.151416
AAPL,14593,QMLE-Quote,2019-6-27,0.109702
AAPL,14593,QMLE-Quote,2019-6-28,0.134143
AAPL,14593,QMLE-Quote,2019-7-1,0.15868
AAPL,14593,QMLE-Quote,2019-7-2,0.121234
AAPL,14593,QMLE-Quote,2019-7-3,0.0764478
AAPL,14593,QMLE-Quote,2019-7-5,0.113044
AAPL,14593,QMLE-Quote,2019-7-8,0.142149
AAPL,14593,QMLE-Quote,2019-7-9,0.125825
AAPL,14593,QMLE-Quote,2019-7-10,0.130214
AAPL,14593,QMLE-Quote,2019-7-11,0.119535
AAPL,14593,QMLE-Quote,2019-7-12,0.0963849
AAPL,14593,QMLE-Quote,2019-7-15,0.105509
AAPL,14593,QMLE-Quote,2019-7-16,0.122387
AAPL,14593,QMLE-Quote,2019-7-17,0.115843
AAPL,14593,QMLE-Quote,2019-7-18,0.123313
AAPL,14593,QMLE-Quote,2019-7-19,0.149598
AAPL,14593,QMLE-Quote,2019-7-22,0.116311
AAPL,14593,QMLE-Quote,2019-7-23,0.117353
AAPL,14593,QMLE-Quote,2019-7-24,0.110538
AAPL,14593,QMLE-Quote,2019-7-25,0.133818
AAPL,14593,QMLE-Quote,2019-7-26,0.139975
AAPL,14593,QMLE-Quote,2019-7-29,0.123578
AAPL,14593,QMLE-Quote,2019-7-30,0.141248
AAPL,14593,QMLE-Quote,2019-7-31,0.353519
AAPL,14593,QMLE-Quote,2019-8-1,0.408532
AAPL,14593,QMLE-Quote,2019-8-2,0.291345
AAPL,14593,QMLE-Quote,2019-8-5,0.316975
AAPL,14593,QMLE-Quote,2019-8-6,0.246443
AAPL,14593,QMLE-Quote,2019-8-7,0.260446
AAPL,14593,QMLE-Quote,2019-8-8,0.175742
AAPL,14593,QMLE-Quote,2019-8-9,0.204731
AAPL,14593,QMLE-Quote,2019-8-12,0.193111
AAPL,14593,QMLE-Quote,2019-8-13,0.36382
AAPL,14593,QMLE-Quote,2019-8-14,0.288797
AAPL,14593,QMLE-Quote,2019-8-15,0.275815
AAPL,14593,QMLE-Quote,2019-8-16,0.171025
AAPL,14593,QMLE-Quote,2019-8-19,0.132044
AAPL,14593,QMLE-Quote,2019-8-20,0.154941
AAPL,14593,QMLE-Quote,2019-8-21,0.118393
AAPL,14593,QMLE-Quote,2019-8-22,0.157071
AAPL,14593,QMLE-Quote,2019-8-23,0.332637
AAPL,14593,QMLE-Quote,2019-8-26,0.182283
AAPL,14593,QMLE-Quote,2019-8-27,0.19829
AAPL,14593,QMLE-Quote,2019-8-28,0.16307
AAPL,14593,QMLE-Quote,2019-8-29,0.14387
AAPL,14593,QMLE-Quote,2019-8-30,0.174897
AAPL,14593,QMLE-Quote,2019-9-3,0.167487
AAPL,14593,QMLE-Quote,2019-9-4,0.1118
AAPL,14593,QMLE-Quote,2019-9-5,0.114692
AAPL,14593,QMLE-Quote,2019-9-6,0.130911
AAPL,14593,QMLE-Quote,2019-9-9,0.140975
AAPL,14593,QMLE-Quote,2019-9-10,0.216044
AAPL,14593,QMLE-Quote,2019-9-11,0.176014
AAPL,14593,QMLE-Quote,2019-9-12,0.226933
AAPL,14593,QMLE-Quote,2019-9-13,0.200142
AAPL,14593,QMLE-Quote,2019-9-16,0.155362
AAPL,14593,QMLE-Quote,2019-9-17,0.123451
AAPL,14593,QMLE-Quote,2019-9-18,0.185898
AAPL,14593,QMLE-Quote,2019-9-19,0.142213
AAPL,14593,QMLE-Quote,2019-9-20,0.196469
AAPL,14593,QMLE-Quote,2019-9-23,0.154167
AAPL,14593,QMLE-Quote,2019-9-24,0.246691
AAPL,14593,QMLE-Quote,2019-9-25,0.191329
AAPL,14593,QMLE-Quote,2019-9-26,0.161287
AAPL,14593,QMLE-Quote,2019-9-27,0.202204
AAPL,14593,QMLE-Quote,2019-9-30,0.137844
AAPL,14593,QMLE-Quote,2019-10-1,0.206463
AAPL,14593,QMLE-Quote,2019-10-2,0.202263
AAPL,14593,QMLE-Quote,2019-10-3,0.262213
AAPL,14593,QMLE-Quote,2019-10-4,0.155924
AAPL,14593,QMLE-Quote,2019-10-7,0.169408
AAPL,14593,QMLE-Quote,2019-10-8,0.252324
AAPL,14593,QMLE-Quote,2019-10-9,0.140492
AAPL,14593,QMLE-Quote,2019-10-10,0.161885
AAPL,14593,QMLE-Quote,2019-10-11,0.186628
AAPL,14593,QMLE-Quote,2019-10-14,0.137111
AAPL,14593,QMLE-Quote,2019-10-15,0.123105
AAPL,14593,QMLE-Quote,2019-10-16,0.127355
AAPL,14593,QMLE-Quote,2019-10-17,0.120713
AAPL,14593,QMLE-Quote,2019-10-18,0.125494
AAPL,14593,QMLE-Quote,2019-10-21,0.112033
AAPL,14593,QMLE-Quote,2019-10-22,0.125415
AAPL,14593,QMLE-Quote,2019-10-23,0.133303
AAPL,14593,QMLE-Quote,2019-10-24,0.126689
AAPL,14593,QMLE-Quote,2019-10-25,0.104523
AAPL,14593,QMLE-Quote,2019-10-28,0.106465
AAPL,14593,QMLE-Quote,2019-10-29,0.192667
AAPL,14593,QMLE-Quote,2019-10-30,0.177044
AAPL,14593,QMLE-Quote,2019-10-31,0.262347
AAPL,14593,QMLE-Quote,2019-11-1,0.149191
AAPL,14593,QMLE-Quote,2019-11-4,0.142832
AAPL,14593,QMLE-Quote,2019-11-5,0.113349
AAPL,14593,QMLE-Quote,2019-11-6,0.118939
AAPL,14593,QMLE-Quote,2019-11-7,0.125125
AAPL,14593,QMLE-Quote,2019-11-8,0.109371
AAPL,14593,QMLE-Quote,2019-11-11,0.112819
AAPL,14593,QMLE-Quote,2019-11-12,0.120865
AAPL,14593,QMLE-Quote,2019-11-13,0.144779
AAPL,14593,QMLE-Quote,2019-11-14,0.146139
AAPL,14593,QMLE-Quote,2019-11-15,0.10893
AAPL,14593,QMLE-Quote,2019-11-18,0.119905
AAPL,14593,QMLE-Quote,2019-11-19,0.117379
AAPL,14593,QMLE-Quote,2019-11-20,0.181713
AAPL,14593,QMLE-Quote,2019-11-21,0.132398
AAPL,14593,QMLE-Quote,2019-11-22,0.119199
AAPL,14593,QMLE-Quote,2019-11-25,0.0894528
AAPL,14593,QMLE-Quote,2019-11-26,0.119598
AAPL,14593,QMLE-Quote,2019-11-27,0.0874924
AAPL,14593,QMLE-Quote,2019-11-29,0.0848089
AAPL,14593,QMLE-Quote,2019-12-2,0.170195
AAPL,14593,QMLE-Quote,2019-12-3,0.180923
AAPL,14593,QMLE-Quote,2019-12-4,0.110527
AAPL,14593,QMLE-Quote,2019-12-5,0.125133
AAPL,14593,QMLE-Quote,2019-12-6,0.096138
AAPL,14593,QMLE-Quote,2019-12-9,0.138093
AAPL,14593,QMLE-Quote,2019-12-10,0.150294
AAPL,14593,QMLE-Quote,2019-12-11,0.115919
AAPL,14593,QMLE-Quote,2019-12-12,0.224682
AAPL,14593,QMLE-Quote,2019-12-13,0.185649
AAPL,14593,QMLE-Quote,2019-12-16,0.106772
AAPL,14593,QMLE-Quote,2019-12-17,0.109864
AAPL,14593,QMLE-Quote,2019-12-18,0.0960788
AAPL,14593,QMLE-Quote,2019-12-19,0.100347
AAPL,14593,QMLE-Quote,2019-12-20,0.116112
AAPL,14593,QMLE-Quote,2019-12-23,0.0872183
AAPL,14593,QMLE-Quote,2019-12-24,0.0779622
AAPL,14593,QMLE-Quote,2019-12-26,0.082362
AAPL,14593,QMLE-Quote,2019-12-27,0.159667
AAPL,14593,QMLE-Quote,2019-12-30,0.184471
AAPL,14593,QMLE-Quote,2019-12-31,0.139081
AAPL,14593,QMLE-Quote,2020-1-2,0.141626
AAPL,14593,QMLE-Quote,2020-1-3,0.176238
AAPL,14593,QMLE-Quote,2020-1-6,0.154486
AAPL,14593,QMLE-Quote,2020-1-7,0.156201
AAPL,14593,QMLE-Quote,2020-1-8,0.155466
AAPL,14593,QMLE-Quote,2020-1-9,0.169995
AAPL,14593,QMLE-Quote,2020-1-10,0.157878
AAPL,14593,QMLE-Quote,2020-1-13,0.117051
AAPL,14593,QMLE-Quote,2020-1-14,0.221078
AAPL,14593,QMLE-Quote,2020-1-15,0.16812
AAPL,14593,QMLE-Quote,2020-1-16,0.134272
AAPL,14593,QMLE-Quote,2020-1-17,0.119386
AAPL,14593,QMLE-Quote,2020-1-21,0.127176
AAPL,14593,QMLE-Quote,2020-1-22,0.123549
AAPL,14593,QMLE-Quote,2020-1-23,0.140514
AAPL,14593,QMLE-Quote,2020-1-24,0.180808
AAPL,14593,QMLE-Quote,2020-1-27,0.280364
AAPL,14593,QMLE-Quote,2020-1-28,0.141878
AAPL,14593,QMLE-Quote,2020-1-29,0.246839
AAPL,14593,QMLE-Quote,2020-1-30,0.209937
AAPL,14593,QMLE-Quote,2020-1-31,0.277487
AAPL,14593,QMLE-Quote,2020-2-3,0.260079
AAPL,14593,QMLE-Quote,2020-2-4,0.178754
AAPL,14593,QMLE-Quote,2020-2-5,0.197983
AAPL,14593,QMLE-Quote,2020-2-6,0.163757
AAPL,14593,QMLE-Quote,2020-2-7,0.179192
AAPL,14593,QMLE-Quote,2020-2-10,0.17603
AAPL,14593,QMLE-Quote,2020-2-11,0.162833
AAPL,14593,QMLE-Quote,2020-2-12,0.127635
AAPL,14593,QMLE-Quote,2020-2-13,0.163972
AAPL,14593,QMLE-Quote,2020-2-14,0.127762
AAPL,14593,QMLE-Quote,2020-2-18,0.190115
AAPL,14593,QMLE-Quote,2020-2-19,0.114538
AAPL,14593,QMLE-Quote,2020-2-20,0.19936
AAPL,14593,QMLE-Quote,2020-2-21,0.221563
AAPL,14593,QMLE-Quote,2020-2-24,0.414581
AAPL,14593,QMLE-Quote,2020-2-25,0.431292
AAPL,14593,QMLE-Quote,2020-2-26,0.406232
AAPL,14593,QMLE-Quote,2020-2-27,0.588716
AAPL,14593,QMLE-Quote,2020-2-28,0.995509
AAPL,14593,QMLE-Quote,2020-3-2,0.472475
AAPL,14593,QMLE-Quote,2020-3-3,0.773287
AAPL,14593,QMLE-Quote,2020-3-4,0.383836
AAPL,14593,QMLE-Quote,2020-3-5,0.409183
AAPL,14593,QMLE-Quote,2020-3-6,0.457783
AAPL,14593,QMLE-Quote,2020-3-9,0.78582
AAPL,14593,QMLE-Quote,2020-3-10,0.6435
AAPL,14593,QMLE-Quote,2020-3-11,0.556593
AAPL,14593,QMLE-Quote,2020-3-12,1.16152
AAPL,14593,QMLE-Quote,2020-3-13,0.89148
AAPL,14593,QMLE-Quote,2020-3-16,0.993539
AAPL,14593,QMLE-Quote,2020-3-17,0.876131
AAPL,14593,QMLE-Quote,2020-3-18,0.816718
AAPL,14593,QMLE-Quote,2020-3-19,0.746656
AAPL,14593,QMLE-Quote,2020-3-20,0.628155
AAPL,14593,QMLE-Quote,2020-3-23,0.946114
AAPL,14593,QMLE-Quote,2020-3-24,0.501762
AAPL,14593,QMLE-Quote,2020-3-25,0.635208
AAPL,14593,QMLE-Quote,2020-3-26,0.58456
AAPL,14593,QMLE-Quote,2020-3-27,0.392986
AAPL,14593,QMLE-Quote,2020-3-30,0.332228
AAPL,14593,QMLE-Quote,2020-3-31,0.393173
AAPL,14593,QMLE-Quote,2020-4-1,0.301463
AAPL,14593,QMLE-Quote,2020-4-2,0.394595
AAPL,14593,QMLE-Quote,2020-4-3,0.295174
AAPL,14593,QMLE-Quote,2020-4-6,0.271863
AAPL,14593,QMLE-Quote,2020-4-7,0.391639
AAPL,14593,QMLE-Quote,2020-4-8,0.289389
AAPL,14593,QMLE-Quote,2020-4-9,0.306917
AAPL,14593,QMLE-Quote,2020-4-13,0.262096
AAPL,14593,QMLE-Quote,2020-4-14,0.270256
AAPL,14593,QMLE-Quote,2020-4-15,0.233853
AAPL,14593,QMLE-Quote,2020-4-16,0.271558
AAPL,14593,QMLE-Quote,2020-4-17,0.267132
AAPL,14593,QMLE-Quote,2020-4-20,0.241186
AAPL,14593,QMLE-Quote,2020-4-21,0.336477
AAPL,14593,QMLE-Quote,2020-4-22,0.213806
AAPL,14593,QMLE-Quote,2020-4-23,0.274569
AAPL,14593,QMLE-Quote,2020-4-24,0.207905
AAPL,14593,QMLE-Quote,2020-4-27,0.213076
AAPL,14593,QMLE-Quote,2020-4-28,0.242639
AAPL,14593,QMLE-Quote,2020-4-29,0.22558
AAPL,14593,QMLE-Quote,2020-4-30,0.258902
AAPL,14593,QMLE-Quote,2020-5-1,0.379792
AAPL,14593,QMLE-Quote,2020-5-4,0.232798
AAPL,14593,QMLE-Quote,2020-5-5,0.204889
AAPL,14593,QMLE-Quote,2020-5-6,0.226529
AAPL,14593,QMLE-Quote,2020-5-7,0.182232
AAPL,14593,QMLE-Quote,2020-5-8,0.13963
AAPL,14593,QMLE-Quote,2020-5-11,0.149265
AAPL,14593,QMLE-Quote,2020-5-12,0.230816
AAPL,14593,QMLE-Quote,2020-5-13,0.332927
AAPL,14593,QMLE-Quote,2020-5-14,0.296135
AAPL,14593,QMLE-Quote,2020-5-15,0.263018
AAPL,14593,QMLE-Quote,2020-5-18,0.198014
AAPL,14593,QMLE-Quote,2020-5-19,0.193911
AAPL,14593,QMLE-Quote,2020-5-20,0.169029
AAPL,14593,QMLE-Quote,2020-5-21,0.19815
AAPL,14593,QMLE-Quote,2020-5-22,0.159206
AAPL,14593,QMLE-Quote,2020-5-26,0.201736
AAPL,14593,QMLE-Quote,2020-5-27,0.259438
AAPL,14593,QMLE-Quote,2020-5-28,0.210422
AAPL,14593,QMLE-Quote,2020-5-29,0.255145
AAPL,14593,QMLE-Quote,2020-6-1,0.14426
AAPL,14593,QMLE-Quote,2020-6-2,0.153823
AAPL,14593,QMLE-Quote,2020-6-3,0.160115
AAPL,14593,QMLE-Quote,2020-6-4,0.150282
AAPL,14593,QMLE-Quote,2020-6-5,0.174923
AAPL,14593,QMLE-Quote,2020-6-8,0.134534
AAPL,14593,QMLE-Quote,2020-6-9,0.197621
AAPL,14593,QMLE-Quote,2020-6-10,0.266206
AAPL,14593,QMLE-Quote,2020-6-11,0.370054
AAPL,14593,QMLE-Quote,2020-6-12,0.385246
AAPL,14593,QMLE-Quote,2020-6-15,0.315507
AAPL,14593,QMLE-Quote,2020-6-16,0.322567
AAPL,14593,QMLE-Quote,2020-6-17,0.194421
AAPL,14593,QMLE-Quote,2020-6-18,0.172777
AAPL,14593,QMLE-Quote,2020-6-19,0.275153
AAPL,14593,QMLE-Quote,2020-6-22,0.180553
AAPL,14593,QMLE-Quote,2020-6-23,0.204991
AAPL,14593,QMLE-Quote,2020-6-24,0.300354
AAPL,14593,QMLE-Quote,2020-6-25,0.249613
AAPL,14593,QMLE-Quote,2020-6-26,0.289263
AAPL,14593,QMLE-Quote,2020-6-29,0.238612
AAPL,14593,QMLE-Quote,2020-6-30,0.186612
AAPL,14593,QMLE-Quote,2020-7-1,0.172336
AAPL,14593,QMLE-Quote,2020-7-2,0.174069
AAPL,14593,QMLE-Quote,2020-7-6,0.144509
AAPL,14593,QMLE-Quote,2020-7-7,0.180331
AAPL,14593,QMLE-Quote,2020-7-8,0.186304
AAPL,14593,QMLE-Quote,2020-7-9,0.249442
AAPL,14593,QMLE-Quote,2020-7-10,0.172044
AAPL,14593,QMLE-Quote,2020-7-13,0.289259
AAPL,14593,QMLE-Quote,2020-7-14,0.373418
AAPL,14593,QMLE-Quote,2020-7-15,0.32123
AAPL,14593,QMLE-Quote,2020-7-16,0.238844
AAPL,14593,QMLE-Quote,2020-7-17,0.164414
AAPL,14593,QMLE-Quote,2020-7-20,0.150225
AAPL,14593,QMLE-Quote,2020-7-21,0.221463
AAPL,14593,QMLE-Quote,2020-7-22,0.189018
AAPL,14593,QMLE-Quote,2020-7-23,0.335859
AAPL,14593,QMLE-Quote,2020-7-24,0.356196
AAPL,14593,QMLE-Quote,2020-7-27,0.223464
AAPL,14593,QMLE-Quote,2020-7-28,0.215464
AAPL,14593,QMLE-Quote,2020-7-29,0.194272
AAPL,14593,QMLE-Quote,2020-7-30,0.245159
AAPL,14593,QMLE-Quote,2020-7-31,0.321977
AAPL,14593,QMLE-Quote,2020-8-3,0.338619
AAPL,14593,QMLE-Quote,2020-8-4,0.241134
AAPL,14593,QMLE-Quote,2020-8-5,0.185799
AAPL,14593,QMLE-Quote,2020-8-6,0.229058
AAPL,14593,QMLE-Quote,2020-8-7,0.269703
AAPL,14593,QMLE-Quote,2020-8-10,0.304961
AAPL,14593,QMLE-Quote,2020-8-11,0.282477
AAPL,14593,QMLE-Quote,2020-8-12,0.215727
AAPL,14593,QMLE-Quote,2020-8-13,0.256204
AAPL,14593,QMLE-Quote,2020-8-14,0.198483
AAPL,14593,QMLE-Quote,2020-8-17,0.16999
AAPL,14593,QMLE-Quote,2020-8-18,0.183019
AAPL,14593,QMLE-Quote,2020-8-19,0.210356
AAPL,14593,QMLE-Quote,2020-8-20,0.152569
AAPL,14593,QMLE-Quote,2020-8-21,0.263178
AAPL,14593,QMLE-Quote,2020-8-24,0.409282
AAPL,14593,QMLE-Quote,2020-8-25,0.251129
AAPL,14593,QMLE-Quote,2020-8-26,0.207351
AAPL,14593,QMLE-Quote,2020-8-27,0.250647
AAPL,14593,QMLE-Quote,2020-8-28,0.236363
AAPL,14593,QMLE-Quote,2020-8-31,0.418166
AAPL,14593,QMLE-Quote,2020-9-1,0.322585
AAPL,14593,QMLE-Quote,2020-9-2,0.638072
AAPL,14593,QMLE-Quote,2020-9-3,0.67417
AAPL,14593,QMLE-Quote,2020-9-4,1.08542
AAPL,14593,QMLE-Quote,2020-9-8,0.690844
AAPL,14593,QMLE-Quote,2020-9-9,0.413006
AAPL,14593,QMLE-Quote,2020-9-10,0.484997
AAPL,14593,QMLE-Quote,2020-9-11,0.510415
AAPL,14593,QMLE-Quote,2020-9-14,0.357408
AAPL,14593,QMLE-Quote,2020-9-15,0.398439
AAPL,14593,QMLE-Quote,2020-9-16,0.356652
AAPL,14593,QMLE-Quote,2020-9-17,0.445956
AAPL,14593,QMLE-Quote,2020-9-18,0.412435
AAPL,14593,QMLE-Quote,2020-9-21,0.506032
AAPL,14593,QMLE-Quote,2020-9-22,0.406944
AAPL,14593,QMLE-Quote,2020-9-23,0.376914
AAPL,14593,QMLE-Quote,2020-9-24,0.482238
AAPL,14593,QMLE-Quote,2020-9-25,0.328642
AAPL,14593,QMLE-Quote,2020-9-28,0.287308
AAPL,14593,QMLE-Quote,2020-9-29,0.221927
AAPL,14593,QMLE-Quote,2020-9-30,0.279752
AAPL,14593,QMLE-Quote,2020-10-1,0.254959
AAPL,14593,QMLE-Quote,2020-10-2,0.330578
AAPL,14593,QMLE-Quote,2020-10-5,0.185608
AAPL,14593,QMLE-Quote,2020-10-6,0.35092
AAPL,14593,QMLE-Quote,2020-10-7,0.208619
AAPL,14593,QMLE-Quote,2020-10-8,0.169821
AAPL,14593,QMLE-Quote,2020-10-9,0.137019
AAPL,14593,QMLE-Quote,2020-10-12,0.293588
AAPL,14593,QMLE-Quote,2020-10-13,0.493803
AAPL,14593,QMLE-Quote,2020-10-14,0.306446
AAPL,14593,QMLE-Quote,2020-10-15,0.306653
AAPL,14593,QMLE-Quote,2020-10-16,0.210341
AAPL,14593,QMLE-Quote,2020-10-19,0.29819
AAPL,14593,QMLE-Quote,2020-10-20,0.314891
AAPL,14593,QMLE-Quote,2020-10-21,0.259085
AAPL,14593,QMLE-Quote,2020-10-22,0.275108
AAPL,14593,QMLE-Quote,2020-10-23,0.230082
AAPL,14593,QMLE-Quote,2020-10-26,0.281338
AAPL,14593,QMLE-Quote,2020-10-27,0.263333
AAPL,14593,QMLE-Quote,2020-10-28,0.331861
AAPL,14593,QMLE-Quote,2020-10-29,0.353114
AAPL,14593,QMLE-Quote,2020-10-30,0.428189
AAPL,14593,QMLE-Quote,2020-11-2,0.355073
AAPL,14593,QMLE-Quote,2020-11-3,0.251986
AAPL,14593,QMLE-Quote,2020-11-4,0.32121
AAPL,14593,QMLE-Quote,2020-11-5,0.268413
AAPL,14593,QMLE-Quote,2020-11-6,0.2742
AAPL,14593,QMLE-Quote,2020-11-9,0.415205
AAPL,14593,QMLE-Quote,2020-11-10,0.422458
AAPL,14593,QMLE-Quote,2020-11-11,0.252805
AAPL,14593,QMLE-Quote,2020-11-12,0.255636
AAPL,14593,QMLE-Quote,2020-11-13,0.197608
AAPL,14593,QMLE-Quote,2020-11-16,0.22347
AAPL,14593,QMLE-Quote,2020-11-17,0.188995
AAPL,14593,QMLE-Quote,2020-11-18,0.199489
AAPL,14593,QMLE-Quote,2020-11-19,0.201855
AAPL,14593,QMLE-Quote,2020-11-20,0.148478
AAPL,14593,QMLE-Quote,2020-11-23,0.233278
AAPL,14593,QMLE-Quote,2020-11-24,0.231785
AAPL,14593,QMLE-Quote,2020-11-25,0.194923
AAPL,14593,QMLE-Quote,2020-11-27,0.132911
AAPL,14593,QMLE-Quote,2020-11-30,0.288185
AAPL,14593,QMLE-Quote,2020-12-1,0.242918
AAPL,14593,QMLE-Quote,2020-12-2,0.214958
AAPL,14593,QMLE-Quote,2020-12-3,0.179028
AAPL,14593,QMLE-Quote,2020-12-4,0.17434
AAPL,14593,QMLE-Quote,2020-12-7,0.185687
AAPL,14593,QMLE-Quote,2020-12-8,0.18581
AAPL,14593,QMLE-Quote,2020-12-9,0.2654
AAPL,14593,QMLE-Quote,2020-12-10,0.271071
AAPL,14593,QMLE-Quote,2020-12-11,0.211537
AAPL,14593,QMLE-Quote,2020-12-14,0.18447
AAPL,14593,QMLE-Quote,2020-12-15,0.235004
AAPL,14593,QMLE-Quote,2020-12-17,0.174865
AAPL,14593,QMLE-Quote,2020-12-18,0.221457
AAPL,14593,QMLE-Quote,2020-12-21,0.261589
AAPL,14593,QMLE-Quote,2020-12-22,0.323353
AAPL,14593,QMLE-Quote,2020-12-23,0.219673
AAPL,14593,QMLE-Quote,2020-12-24,0.167779
AAPL,14593,QMLE-Quote,2020-12-28,0.206411
AAPL,14593,QMLE-Quote,2020-12-29,0.279219
AAPL,14593,QMLE-Quote,2020-12-30,0.214496
AAPL,14593,QMLE-Quote,2020-12-31,0.21693
AAPL,14593,QMLE-Quote,2021-1-4,0.338541
AAPL,14593,QMLE-Quote,2021-1-5,0.243449
AAPL,14593,QMLE-Quote,2021-1-6,0.309393
AAPL,14593,QMLE-Quote,2021-1-7,0.2291
AAPL,14593,QMLE-Quote,2021-1-8,0.294454
AAPL,14593,QMLE-Quote,2021-1-11,0.249674
AAPL,14593,QMLE-Quote,2021-1-12,0.244944
AAPL,14593,QMLE-Quote,2021-1-13,0.215284
AAPL,14593,QMLE-Quote,2021-1-14,0.207784
AAPL,14593,QMLE-Quote,2021-1-15,0.248601
AAPL,14593,QMLE-Quote,2021-1-19,0.197088
AAPL,14593,QMLE-Quote,2021-1-20,0.212099
AAPL,14593,QMLE-Quote,2021-1-21,0.223317
AAPL,14593,QMLE-Quote,2021-1-22,0.260599
AAPL,14593,QMLE-Quote,2021-1-25,0.44851
AAPL,14593,QMLE-Quote,2021-1-26,0.287804
AAPL,14593,QMLE-Quote,2021-1-27,0.389623
AAPL,14593,QMLE-Quote,2021-1-28,0.405506
AAPL,14593,QMLE-Quote,2021-1-29,0.446964
AAPL,14593,QMLE-Quote,2021-2-1,0.313571
AAPL,14593,QMLE-Quote,2021-2-2,0.223689
AAPL,14593,QMLE-Quote,2021-2-3,0.203499
AAPL,14593,QMLE-Quote,2021-2-4,0.210687
AAPL,14593,QMLE-Quote,2021-2-5,0.186637
AAPL,14593,QMLE-Quote,2021-2-8,0.173756
AAPL,14593,QMLE-Quote,2021-2-9,0.167206
AAPL,14593,QMLE-Quote,2021-2-10,0.208007
AAPL,14593,QMLE-Quote,2021-2-11,0.170048
AAPL,14593,QMLE-Quote,2021-2-12,0.148182
AAPL,14593,QMLE-Quote,2021-2-16,0.188383
AAPL,14593,QMLE-Quote,2021-2-17,0.234875
AAPL,14593,QMLE-Quote,2021-2-18,0.207036
AAPL,14593,QMLE-Quote,2021-2-19,0.198243
AAPL,14593,QMLE-Quote,2021-2-22,0.316447
AAPL,14593,QMLE-Quote,2021-2-23,0.43337
AAPL,14593,QMLE-Quote,2021-2-24,0.321627
AAPL,14593,QMLE-Quote,2021-2-25,0.429472
AAPL,14593,QMLE-Quote,2021-2-26,0.418442
AAPL,14593,QMLE-Quote,2021-3-1,0.236481
AAPL,14593,QMLE-Quote,2021-3-2,0.281408
AAPL,14593,QMLE-Quote,2021-3-3,0.316199
AAPL,14593,QMLE-Quote,2021-3-4,0.468009
AAPL,14593,QMLE-Quote,2021-3-5,0.415061
AAPL,14593,QMLE-Quote,2021-3-8,0.339972
AAPL,14593,QMLE-Quote,2021-3-9,0.275474
AAPL,14593,QMLE-Quote,2021-3-10,0.313843
AAPL,14593,QMLE-Quote,2021-3-11,0.230688
AAPL,14593,QMLE-Quote,2021-3-12,0.206227
AAPL,14593,QMLE-Quote,2021-3-15,0.220493
AAPL,14593,QMLE-Quote,2021-3-16,0.264641
AAPL,14593,QMLE-Quote,2021-3-17,0.274575
AAPL,14593,QMLE-Quote,2021-3-18,0.231684
AAPL,14593,QMLE-Quote,2021-3-19,0.25098
AAPL,14593,QMLE-Quote,2021-3-22,0.201526
AAPL,14593,QMLE-Quote,2021-3-24,0.192105
AAPL,14593,QMLE-Quote,2021-3-25,0.28351
AAPL,14593,QMLE-Quote,2021-3-26,0.221994
AAPL,14593,QMLE-Quote,2021-3-29,0.222736
AAPL,14593,QMLE-Quote,2021-3-30,0.188173
AAPL,14593,QMLE-Quote,2021-3-31,0.187024
AAPL,14593,QMLE-Quote,2021-4-1,0.157801
AAPL,14593,QMLE-Quote,2021-4-5,0.176157
AAPL,14593,QMLE-Quote,2021-4-6,0.184708
AAPL,14593,QMLE-Quote,2021-4-7,0.163449
AAPL,14593,QMLE-Quote,2021-4-9,0.166125
AAPL,14593,QMLE-Quote,2021-4-12,0.173351
AAPL,14593,QMLE-Quote,2021-4-13,0.180021
AAPL,14593,QMLE-Quote,2021-4-14,0.198993
AAPL,14593,QMLE-Quote,2021-4-15,0.17458
AAPL,14593,QMLE-Quote,2021-4-16,0.134021
AAPL,14593,QMLE-Quote,2021-4-19,0.193611
AAPL,14593,QMLE-Quote,2021-4-20,0.213959
AAPL,14593,QMLE-Quote,2021-4-21,0.173954
AAPL,14593,QMLE-Quote,2021-4-22,0.21885
AAPL,14593,QMLE-Quote,2021-4-23,0.151231
AAPL,14593,QMLE-Quote,2021-4-26,0.148301
AAPL,14593,QMLE-Quote,2021-4-27,0.153162
AAPL,14593,QMLE-Quote,2021-4-28,0.179221
AAPL,14593,QMLE-Quote,2021-4-29,0.278019
AAPL,14593,QMLE-Quote,2021-4-30,0.188701
AAPL,14593,QMLE-Quote,2021-5-3,0.177345
AAPL,14593,QMLE-Quote,2021-5-4,0.24401
AAPL,14593,QMLE-Quote,2021-5-5,0.206381
AAPL,14593,QMLE-Quote,2021-5-6,0.21781
AAPL,14593,QMLE-Quote,2021-5-7,0.197469
AAPL,14593,QMLE-Quote,2021-5-10,0.186625
AAPL,14593,QMLE-Quote,2021-5-11,0.279734
AAPL,14593,QMLE-Quote,2021-5-13,0.2348
AAPL,14593,QMLE-Quote,2021-5-14,0.169279
AAPL,14593,QMLE-Quote,2021-5-17,0.196055
AAPL,14593,QMLE-Quote,2021-5-18,0.153673
AAPL,14593,QMLE-Quote,2021-5-19,0.230504
AAPL,14593,QMLE-Quote,2021-5-20,0.145466
AAPL,14593,QMLE-Quote,2021-5-21,0.169283
AAPL,14593,QMLE-Quote,2021-5-24,0.120216
AAPL,14593,QMLE-Quote,2021-5-25,0.146502
AAPL,14593,QMLE-Quote,2021-5-26,0.121348
AAPL,14593,QMLE-Quote,2021-5-27,0.16024
AAPL,14593,QMLE-Quote,2021-5-28,0.142991
AAPL,14593,QMLE-Quote,2021-6-1,0.127209
AAPL,14593,QMLE-Quote,2021-6-2,0.144353
AAPL,14593,QMLE-Quote,2021-6-3,0.139225
AAPL,14593,QMLE-Quote,2021-6-4,0.116765
AAPL,14593,QMLE-Quote,2021-6-7,0.125851
AAPL,14593,QMLE-Quote,2021-6-8,0.151212
AAPL,14593,QMLE-Quote,2021-6-9,0.116328
AAPL,14593,QMLE-Quote,2021-6-10,0.131503
AAPL,14593,QMLE-Quote,2021-6-11,0.127074
AAPL,14593,QMLE-Quote,2021-6-14,0.155318
AAPL,14593,QMLE-Quote,2021-6-15,0.13484
AAPL,14593,QMLE-Quote,2021-6-16,0.220877
AAPL,14593,QMLE-Quote,2021-6-17,0.170376
AAPL,14593,QMLE-Quote,2021-6-18,0.184412
AAPL,14593,QMLE-Quote,2021-6-21,0.156135
AAPL,14593,QMLE-Quote,2021-6-22,0.148709
AAPL,14593,QMLE-Quote,2021-6-23,0.12248
AAPL,14593,QMLE-Quote,2021-6-24,0.120987
AAPL,14593,QMLE-Quote,2021-6-25,0.111219
AAPL,14593,QMLE-Quote,2021-6-28,0.116153
AAPL,14593,QMLE-Quote,2021-6-29,0.129915
AAPL,14593,QMLE-Quote,2021-6-30,0.115905
AAPL,14593,QMLE-Quote,2021-7-1,0.116738
AAPL,14593,QMLE-Quote,2021-7-2,0.122736
AAPL,14593,QMLE-Quote,2021-7-6,0.200907
AAPL,14593,QMLE-Quote,2021-7-7,0.191161
AAPL,14593,QMLE-Quote,2021-7-8,0.227187
AAPL,14593,QMLE-Quote,2021-7-9,0.170665
AAPL,14593,QMLE-Quote,2021-7-12,0.162755
AAPL,14593,QMLE-Quote,2021-7-13,0.199401
AAPL,14593,QMLE-Quote,2021-7-14,0.203535
AAPL,14593,QMLE-Quote,2021-7-15,0.205989
AAPL,14593,QMLE-Quote,2021-7-16,0.199484
AAPL,14593,QMLE-Quote,2021-7-19,0.242258
AAPL,14593,QMLE-Quote,2021-7-20,0.199968
AAPL,14593,QMLE-Quote,2021-7-21,0.173354
AAPL,14593,QMLE-Quote,2021-7-22,0.163142
AAPL,14593,QMLE-Quote,2021-7-23,0.13268
AAPL,14593,QMLE-Quote,2021-7-26,0.15164
AAPL,14593,QMLE-Quote,2021-7-27,0.194562
AAPL,14593,QMLE-Quote,2021-7-28,0.26627
AAPL,14593,QMLE-Quote,2021-7-29,0.15186
AAPL,14593,QMLE-Quote,2021-7-30,0.161654
AAPL,14593,QMLE-Quote,2021-8-2,0.163274
AAPL,14593,QMLE-Quote,2021-8-3,0.176381
AAPL,14593,QMLE-Quote,2021-8-4,0.171402
AAPL,14593,QMLE-Quote,2021-8-5,0.123017
AAPL,14593,QMLE-Quote,2021-8-6,0.129326
AAPL,14593,QMLE-Quote,2021-8-9,0.129029
AAPL,14593,QMLE-Quote,2021-8-10,0.150578
AAPL,14593,QMLE-Quote,2021-8-11,0.148606
AAPL,14593,QMLE-Quote,2021-8-12,0.145967
AAPL,14593,QMLE-Quote,2021-8-13,0.140513
AAPL,14593,QMLE-Quote,2021-8-16,0.215821
AAPL,14593,QMLE-Quote,2021-8-17,0.216122
AAPL,14593,QMLE-Quote,2021-8-18,0.189174
AAPL,14593,QMLE-Quote,2021-8-19,0.224757
AAPL,14593,QMLE-Quote,2021-8-20,0.153784
AAPL,14593,QMLE-Quote,2021-8-23,0.145332
AAPL,14593,QMLE-Quote,2021-8-24,0.137112
AAPL,14593,QMLE-Quote,2021-8-25,0.136009
AAPL,14593,QMLE-Quote,2021-8-26,0.149819
AAPL,14593,QMLE-Quote,2021-8-27,0.146172
AAPL,14593,QMLE-Quote,2021-8-30,0.157831
AAPL,14593,QMLE-Quote,2021-8-31,0.191806
AAPL,14593,QMLE-Quote,2021-9-1,0.174604
AAPL,14593,QMLE-Quote,2021-9-2,0.145757
AAPL,14593,QMLE-Quote,2021-9-3,0.148123
AAPL,14593,QMLE-Quote,2021-9-7,0.152266
AAPL,14593,QMLE-Quote,2021-9-8,0.178711
AAPL,14593,QMLE-Quote,2021-9-9,0.156956
AAPL,14593,QMLE-Quote,2021-9-10,0.302063
AAPL,14593,QMLE-Quote,2021-9-13,0.220303
AAPL,14593,QMLE-Quote,2021-9-14,0.209833
AAPL,14593,QMLE-Quote,2021-9-15,0.174874
AAPL,14593,QMLE-Quote,2021-9-16,0.144328
AAPL,14593,QMLE-Quote,2021-9-17,0.168464
AAPL,14593,QMLE-Quote,2021-9-20,0.227853
AAPL,14593,QMLE-Quote,2021-9-21,0.189571
AAPL,14593,QMLE-Quote,2021-9-22,0.191435
AAPL,14593,QMLE-Quote,2021-9-23,0.159956
AAPL,14593,QMLE-Quote,2021-9-24,0.124764
AAPL,14593,QMLE-Quote,2021-9-27,0.177488
AAPL,14593,QMLE-Quote,2021-9-28,0.227798
AAPL,14593,QMLE-Quote,2021-9-29,0.194538
AAPL,14593,QMLE-Quote,2021-9-30,0.19578
AAPL,14593,QMLE-Quote,2021-10-1,0.217815
AAPL,14593,QMLE-Quote,2021-10-4,0.211971
AAPL,14593,QMLE-Quote,2021-10-5,0.164641
AAPL,14593,QMLE-Quote,2021-10-6,0.209596
AAPL,14593,QMLE-Quote,2021-10-7,0.136788
AAPL,14593,QMLE-Quote,2021-10-8,0.149574
AAPL,14593,QMLE-Quote,2021-10-11,0.137441
AAPL,14593,QMLE-Quote,2021-10-12,0.19588
AAPL,14593,QMLE-Quote,2021-10-13,0.172312
AAPL,14593,QMLE-Quote,2021-10-14,0.118137
AAPL,14593,QMLE-Quote,2021-10-15,0.11374
AAPL,14593,QMLE-Quote,2021-10-18,0.145275
AAPL,14593,QMLE-Quote,2021-10-19,0.164522
AAPL,14593,QMLE-Quote,2021-10-20,0.145708
AAPL,14593,QMLE-Quote,2021-10-21,0.154623
AAPL,14593,QMLE-Quote,2021-10-22,0.137282
AAPL,14593,QMLE-Quote,2021-10-25,0.134694
AAPL,14593,QMLE-Quote,2021-10-26,0.159818
AAPL,14593,QMLE-Quote,2021-10-27,0.144149
AAPL,14593,QMLE-Quote,2021-10-28,0.164484
AAPL,14593,QMLE-Quote,2021-11-1,0.169898
AAPL,14593,QMLE-Quote,2021-11-2,0.174285
AAPL,14593,QMLE-Quote,2021-11-3,0.145298
AAPL,14593,QMLE-Quote,2021-11-4,0.147907
AAPL,14593,QMLE-Quote,2021-11-5,0.153458
AAPL,14593,QMLE-Quote,2021-11-8,0.12458
AAPL,14593,QMLE-Quote,2021-11-9,0.162805
AAPL,14593,QMLE-Quote,2021-11-10,0.17875
AAPL,14593,QMLE-Quote,2021-11-11,0.119932
AAPL,14593,QMLE-Quote,2021-11-12,0.128361
AAPL,14593,QMLE-Quote,2021-11-15,0.149896
AAPL,14593,QMLE-Quote,2021-11-16,0.14005
AAPL,14593,QMLE-Quote,2021-11-17,0.201115
AAPL,14593,QMLE-Quote,2021-11-18,0.272642
AAPL,14593,QMLE-Quote,2021-11-19,0.206373
AAPL,14593,QMLE-Quote,2021-11-22,0.250712
AAPL,14593,QMLE-Quote,2021-11-23,0.282271
AAPL,14593,QMLE-Quote,2021-11-24,0.214311
AAPL,14593,QMLE-Quote,2021-11-26,0.217188
AAPL,14593,QMLE-Quote,2021-11-29,0.224609
AAPL,14593,QMLE-Quote,2021-11-30,0.302793
AAPL,14593,QMLE-Quote,2021-12-1,0.306181
AAPL,14593,QMLE-Quote,2021-12-2,0.362956
AAPL,14593,QMLE-Quote,2021-12-3,0.379223
AAPL,14593,QMLE-Quote,2021-12-6,0.304255
AAPL,14593,QMLE-Quote,2021-12-7,0.205622
AAPL,14593,QMLE-Quote,2021-12-8,0.244783
AAPL,14593,QMLE-Quote,2021-12-9,0.237831
AAPL,14593,QMLE-Quote,2021-12-10,0.203083
AAPL,14593,QMLE-Quote,2021-12-13,0.297014
AAPL,14593,QMLE-Quote,2021-12-14,0.29727
AAPL,14593,QMLE-Quote,2021-12-15,0.321918
AAPL,14593,QMLE-Quote,2021-12-16,0.329605
AAPL,14593,QMLE-Quote,2021-12-17,0.343323
AAPL,14593,QMLE-Quote,2021-12-20,0.296645
AAPL,14593,QMLE-Quote,2021-12-21,0.221661
AAPL,14593,QMLE-Quote,2021-12-22,0.198839
AAPL,14593,QMLE-Quote,2021-12-23,0.154366
AAPL,14593,QMLE-Quote,2021-12-28,0.198051
AAPL,14593,QMLE-Quote,2021-12-29,0.176699
AAPL,14593,QMLE-Quote,2021-12-30,0.135691
AAPL,14593,QMLE-Quote,2021-12-31,0.173875
AAPL,14593,QMLE-Quote,2022-1-3,0.229223
AAPL,14593,QMLE-Quote,2022-1-4,0.213828
AAPL,14593,QMLE-Quote,2022-1-5,0.240509
AAPL,14593,QMLE-Quote,2022-1-6,0.257217
AAPL,14593,QMLE-Quote,2022-1-7,0.221512
AAPL,14593,QMLE-Quote,2022-1-10,0.319166
AAPL,14593,QMLE-Quote,2022-1-11,0.230944
AAPL,14593,QMLE-Quote,2022-1-12,0.204008
AAPL,14593,QMLE-Quote,2022-1-13,0.23747
AAPL,14593,QMLE-Quote,2022-1-14,0.244236
AAPL,14593,QMLE-Quote,2022-1-18,0.253047
AAPL,14593,QMLE-Quote,2022-1-19,0.254624
AAPL,14593,QMLE-Quote,2022-1-20,0.228502
AAPL,14593,QMLE-Quote,2022-1-21,0.375867
AAPL,14593,QMLE-Quote,2022-1-24,0.506405
AAPL,14593,QMLE-Quote,2022-1-25,0.38927
AAPL,14593,QMLE-Quote,2022-1-26,0.471734
AAPL,14593,QMLE-Quote,2022-1-27,0.347973
AAPL,14593,QMLE-Quote,2022-1-28,0.405419
AAPL,14593,QMLE-Quote,2022-1-31,0.270174
AAPL,14593,QMLE-Quote,2022-2-1,0.235458
AAPL,14593,QMLE-Quote,2022-2-2,0.238172
AAPL,14593,QMLE-Quote,2022-2-3,0.261555
AAPL,14593,QMLE-Quote,2022-2-4,0.267717
AAPL,14593,QMLE-Quote,2022-2-7,0.212729
AAPL,14593,QMLE-Quote,2022-2-8,0.211412
AAPL,14593,QMLE-Quote,2022-2-9,0.172552
AAPL,14593,QMLE-Quote,2022-2-10,0.24249
AAPL,14593,QMLE-Quote,2022-2-11,0.308872
AAPL,14593,QMLE-Quote,2022-2-14,0.319337
AAPL,14593,QMLE-Quote,2022-2-15,0.187021
AAPL,14593,QMLE-Quote,2022-2-16,0.204385
AAPL,14593,QMLE-Quote,2022-2-17,0.17403
AAPL,14593,QMLE-Quote,2022-2-18,0.229767
AAPL,14593,QMLE-Quote,2022-2-22,0.295356
AAPL,14593,QMLE-Quote,2022-2-23,0.251277
AAPL,14593,QMLE-Quote,2022-2-24,0.427599
AAPL,14593,QMLE-Quote,2022-2-25,0.266116
AAPL,14593,QMLE-Quote,2022-2-28,0.275171
AAPL,14593,QMLE-Quote,2022-3-1,0.277857
AAPL,14593,QMLE-Quote,2022-3-2,0.254266
AAPL,14593,QMLE-Quote,2022-3-3,0.239398
AAPL,14593,QMLE-Quote,2022-3-4,0.270424
AAPL,14593,QMLE-Quote,2022-3-7,0.297024
AAPL,14593,QMLE-Quote,2022-3-8,0.42613
AAPL,14593,QMLE-Quote,2022-3-9,0.26862
AAPL,14593,QMLE-Quote,2022-3-10,0.269499
AAPL,14593,QMLE-Quote,2022-3-11,0.25539
AAPL,14593,QMLE-Quote,2022-3-14,0.292334
AAPL,14593,QMLE-Quote,2022-3-15,0.268187
AAPL,14593,QMLE-Quote,2022-3-16,0.309768
AAPL,14593,QMLE-Quote,2022-3-17,0.215494
AAPL,14593,QMLE-Quote,2022-3-18,0.216396
AAPL,14593,QMLE-Quote,2022-3-21,0.243347
AAPL,14593,QMLE-Quote,2022-3-22,0.190283
AAPL,14593,QMLE-Quote,2022-3-23,0.225956
AAPL,14593,QMLE-Quote,2022-3-24,0.246378
AAPL,14593,QMLE-Quote,2022-3-25,0.213177
AAPL,14593,QMLE-Quote,2022-3-28,0.213438
AAPL,14593,QMLE-Quote,2022-3-29,0.198915
AAPL,14593,QMLE-Quote,2022-3-30,0.190226
AAPL,14593,QMLE-Quote,2022-3-31,0.21061
AAPL,14593,QMLE-Quote,2022-4-1,0.231094
AAPL,14593,QMLE-Quote,2022-4-4,0.176416
AAPL,14593,QMLE-Quote,2022-4-5,0.203805
AAPL,14593,QMLE-Quote,2022-4-6,0.278515
AAPL,14593,QMLE-Quote,2022-4-7,0.24406
AAPL,14593,QMLE-Quote,2022-4-8,0.210718
AAPL,14593,QMLE-Quote,2022-4-11,0.200566
AAPL,14593,QMLE-Quote,2022-4-12,0.248175
AAPL,14593,QMLE-Quote,2022-4-13,0.18951
AAPL,14593,QMLE-Quote,2022-4-14,0.203208
AAPL,14593,QMLE-Quote,2022-4-18,0.231021
AAPL,14593,QMLE-Quote,2022-4-19,0.210285
AAPL,14593,QMLE-Quote,2022-4-20,0.228064
AAPL,14593,QMLE-Quote,2022-4-21,0.262126
AAPL,14593,QMLE-Quote,2022-4-22,0.277321
AAPL,14593,QMLE-Quote,2022-4-25,0.389036
AAPL,14593,QMLE-Quote,2022-4-26,0.30696
AAPL,14593,QMLE-Quote,2022-4-27,0.389571
AAPL,14593,QMLE-Quote,2022-4-28,0.361254
AAPL,14593,QMLE-Quote,2022-4-29,0.406902
AAPL,14593,QMLE-Quote,2022-5-2,0.445535
AAPL,14593,QMLE-Quote,2022-5-3,0.381415
AAPL,14593,QMLE-Quote,2022-5-4,0.439846
AAPL,14593,QMLE-Quote,2022-5-5,0.395894
AAPL,14593,QMLE-Quote,2022-5-6,0.447518
AAPL,14593,QMLE-Quote,2022-5-9,0.38909
AAPL,14593,QMLE-Quote,2022-5-10,0.370743
AAPL,14593,QMLE-Quote,2022-5-11,0.435312
AAPL,14593,QMLE-Quote,2022-5-12,0.639314
AAPL,14593,QMLE-Quote,2022-5-13,0.336166
AAPL,14593,QMLE-Quote,2022-5-16,0.35656
AAPL,14593,QMLE-Quote,2022-5-18,0.310333
AAPL,14593,QMLE-Quote,2022-5-19,0.425763
AAPL,14593,QMLE-Quote,2022-5-20,0.419013
AAPL,14593,QMLE-Quote,2022-5-23,0.419456
AAPL,14593,QMLE-Quote,2022-5-24,0.361694
AAPL,14593,QMLE-Quote,2022-5-25,0.357293
AAPL,14593,QMLE-Quote,2022-5-26,0.270442
AAPL,14593,QMLE-Quote,2022-5-27,0.2078
AAPL,14593,QMLE-Quote,2022-5-31,0.320156
AAPL,14593,QMLE-Quote,2022-6-1,0.313205
AAPL,14593,QMLE-Quote,2022-6-2,0.271431
AAPL,14593,QMLE-Quote,2022-6-3,0.279431
AAPL,14593,QMLE-Quote,2022-6-6,0.267244
AAPL,14593,QMLE-Quote,2022-6-7,0.257263
AAPL,14593,QMLE-Quote,2022-6-8,0.228762
AAPL,14593,QMLE-Quote,2022-6-9,0.218632
AAPL,14593,QMLE-Quote,2022-6-10,0.312496
AAPL,14593,QMLE-Quote,2022-6-13,0.397147
AAPL,14593,QMLE-Quote,2022-6-14,0.295662
AAPL,14593,QMLE-Quote,2022-6-15,0.495558
AAPL,14593,QMLE-Quote,2022-6-16,0.331751
AAPL,14593,QMLE-Quote,2022-6-17,0.340912
AAPL,14593,QMLE-Quote,2022-6-21,0.253964
AAPL,14593,QMLE-Quote,2022-6-22,0.296147
AAPL,14593,QMLE-Quote,2022-6-23,0.309215
AAPL,14593,QMLE-Quote,2022-6-24,0.201056
AAPL,14593,QMLE-Quote,2022-6-27,0.247164
AAPL,14593,QMLE-Quote,2022-6-28,0.244742
AAPL,14593,QMLE-Quote,2022-6-29,0.307051
AAPL,14593,QMLE-Quote,2022-6-30,0.338498
AAPL,14593,QMLE-Quote,2022-7-1,0.287455
AAPL,14593,QMLE-Quote,2022-7-5,0.292112
AAPL,14593,QMLE-Quote,2022-7-6,0.297107
AAPL,14593,QMLE-Quote,2022-7-7,0.194125
AAPL,14593,QMLE-Quote,2022-7-8,0.184713
AAPL,14593,QMLE-Quote,2022-7-11,0.194969
AAPL,14593,QMLE-Quote,2022-7-12,0.253989
AAPL,14593,QMLE-Quote,2022-7-13,0.344932
AAPL,14593,QMLE-Quote,2022-7-14,0.270743
AAPL,14593,QMLE-Quote,2022-7-15,0.249364
AAPL,14593,QMLE-Quote,2022-7-18,0.231121
AAPL,14593,QMLE-Quote,2022-7-19,0.198465
AAPL,14593,QMLE-Quote,2022-7-20,0.20481
AAPL,14593,QMLE-Quote,2022-7-21,0.22908
AAPL,14593,QMLE-Quote,2022-7-22,0.22084
AAPL,14593,QMLE-Quote,2022-7-25,0.201809
AAPL,14593,QMLE-Quote,2022-7-26,0.173482
AAPL,14593,QMLE-Quote,2022-7-27,0.218336
AAPL,14593,QMLE-Quote,2022-7-28,0.203903
AAPL,14593,QMLE-Quote,2022-7-29,0.248967
AAPL,14593,QMLE-Quote,2022-8-1,0.227481
AAPL,14593,QMLE-Quote,2022-8-2,0.221904
AAPL,14593,QMLE-Quote,2022-8-3,0.202604
AAPL,14593,QMLE-Quote,2022-8-4,0.193008
AAPL,14593,QMLE-Quote,2022-8-5,0.193319
AAPL,14593,QMLE-Quote,2022-8-8,0.204324
AAPL,14593,QMLE-Quote,2022-8-9,0.197242
AAPL,14593,QMLE-Quote,2022-8-10,0.181378
AAPL,14593,QMLE-Quote,2022-8-11,0.177859
AAPL,14593,QMLE-Quote,2022-8-12,0.149426
AAPL,14593,QMLE-Quote,2022-8-15,0.145855
AAPL,14593,QMLE-Quote,2022-8-16,0.160887
AAPL,14593,QMLE-Quote,2022-8-17,0.208467
AAPL,14593,QMLE-Quote,2022-8-18,0.161832
AAPL,14593,QMLE-Quote,2022-8-19,0.165805
AAPL,14593,QMLE-Quote,2022-8-22,0.157889
AAPL,14593,QMLE-Quote,2022-8-23,0.183074
AAPL,14593,QMLE-Quote,2022-8-24,0.153035
AAPL,14593,QMLE-Quote,2022-8-25,0.15084
AAPL,14593,QMLE-Quote,2022-8-26,0.253498
AAPL,14593,QMLE-Quote,2022-8-29,0.234512
AAPL,14593,QMLE-Quote,2022-8-30,0.244739
AAPL,14593,QMLE-Quote,2022-8-31,0.232359
AAPL,14593,QMLE-Quote,2022-9-1,0.25665
AAPL,14593,QMLE-Quote,2022-9-2,0.256619
AAPL,14593,QMLE-Quote,2022-9-6,0.261794
AAPL,14593,QMLE-Quote,2022-9-8,0.253301
AAPL,14593,QMLE-Quote,2022-9-9,0.187266
AAPL,14593,QMLE-Quote,2022-9-12,0.19546
AAPL,14593,QMLE-Quote,2022-9-13,0.253095
AAPL,14593,QMLE-Quote,2022-9-14,0.257646
AAPL,14593,QMLE-Quote,2022-9-15,0.250087
AAPL,14593,QMLE-Quote,2022-9-16,0.307071
AAPL,14593,QMLE-Quote,2022-9-19,0.225562
AAPL,14593,QMLE-Quote,2022-9-20,0.261982
AAPL,14593,QMLE-Quote,2022-9-21,0.408113
AAPL,14593,QMLE-Quote,2022-9-22,0.268594
AAPL,14593,QMLE-Quote,2022-9-23,0.254123
AAPL,14593,QMLE-Quote,2022-9-26,0.284093
AAPL,14593,QMLE-Quote,2022-9-27,0.284215
AAPL,14593,QMLE-Quote,2022-9-28,0.332116
AAPL,14593,QMLE-Quote,2022-9-29,0.31862
AAPL,14593,QMLE-Quote,2022-9-30,0.325586
AAPL,14593,QMLE-Quote,2022-10-4,0.226759
AAPL,14593,QMLE-Quote,2022-10-5,0.234661
AAPL,14593,QMLE-Quote,2022-10-6,0.237004
AAPL,14593,QMLE-Quote,2022-10-7,0.217885
AAPL,14593,QMLE-Quote,2022-10-10,0.272138
AAPL,14593,QMLE-Quote,2022-10-11,0.261055
AAPL,14593,QMLE-Quote,2022-10-12,0.273897
AAPL,14593,QMLE-Quote,2022-10-13,0.414468
AAPL,14593,QMLE-Quote,2022-10-14,0.34253
AAPL,14593,QMLE-Quote,2022-10-17,0.21307
AAPL,14593,QMLE-Quote,2022-10-18,0.37285
AAPL,14593,QMLE-Quote,2022-10-19,0.271395
AAPL,14593,QMLE-Quote,2022-10-20,0.2512
AAPL,14593,QMLE-Quote,2022-10-21,0.285438
AAPL,14593,QMLE-Quote,2022-10-24,0.315618
AAPL,14593,QMLE-Quote,2022-10-25,0.184118
AAPL,14593,QMLE-Quote,2022-10-26,0.263287
AAPL,14593,QMLE-Quote,2022-10-27,0.28252
AAPL,14593,QMLE-Quote,2022-10-28,0.376983
AAPL,14593,QMLE-Quote,2022-10-31,0.273672
AAPL,14593,QMLE-Quote,2022-11-1,0.261302
AAPL,14593,QMLE-Quote,2022-11-2,0.45923
AAPL,14593,QMLE-Quote,2022-11-3,0.280291
AAPL,14593,QMLE-Quote,2022-11-4,0.409598
AAPL,14593,QMLE-Quote,2022-11-7,0.297012
AAPL,14593,QMLE-Quote,2022-11-8,0.280495
AAPL,14593,QMLE-Quote,2022-11-9,0.261062
AAPL,14593,QMLE-Quote,2022-11-10,0.290639
AAPL,14593,QMLE-Quote,2022-11-11,0.342109
AAPL,14593,QMLE-Quote,2022-11-14,0.254938
AAPL,14593,QMLE-Quote,2022-11-15,0.358502
AAPL,14593,QMLE-Quote,2022-11-16,0.250187
AAPL,14593,QMLE-Quote,2022-11-17,0.255545
AAPL,14593,QMLE-Quote,2022-11-18,0.236937
AAPL,14593,QMLE-Quote,2022-11-21,0.20525
AAPL,14593,QMLE-Quote,2022-11-22,0.167621
AAPL,14593,QMLE-Quote,2022-11-23,0.216601
AAPL,14593,QMLE-Quote,2022-11-25,0.150069
AAPL,14593,QMLE-Quote,2022-11-28,0.209474
AAPL,14593,QMLE-Quote,2022-11-29,0.254117
AAPL,14593,QMLE-Quote,2022-11-30,0.332464
AAPL,14593,QMLE-Quote,2022-12-1,0.234739
AAPL,14593,QMLE-Quote,2022-12-2,0.21641
AAPL,14593,QMLE-Quote,2022-12-6,0.234717
AAPL,14593,QMLE-Quote,2022-12-7,0.283493
AAPL,14593,QMLE-Quote,2022-12-8,0.242191
AAPL,14593,QMLE-Quote,2022-12-9,0.27954
AAPL,14593,QMLE-Quote,2022-12-12,0.193749
AAPL,14593,QMLE-Quote,2022-12-13,0.338759
AAPL,14593,QMLE-Quote,2022-12-14,0.425319
AAPL,14593,QMLE-Quote,2022-12-15,0.252729
AAPL,14593,QMLE-Quote,2022-12-16,0.296869
AAPL,14593,QMLE-Quote,2022-12-19,0.23371
AAPL,14593,QMLE-Quote,2022-12-20,0.282849
AAPL,14593,QMLE-Quote,2022-12-21,0.252092
AAPL,14593,QMLE-Quote,2022-12-22,0.263642
AAPL,14593,QMLE-Quote,2022-12-23,0.317904
AAPL,14593,QMLE-Quote,2022-12-27,0.221093
AAPL,14593,QMLE-Quote,2022-12-29,0.237296
AAPL,14593,QMLE-Quote,2022-12-30,0.22855
AAPL,14593,QMLE-Quote,2023-1-3,0.322403
AAPL,14593,QMLE-Quote,2023-1-4,0.36347
AAPL,14593,QMLE-Quote,2023-1-5,0.313586
AAPL,14593,QMLE-Quote,2023-1-6,0.336441
AAPL,14593,QMLE-Quote,2023-1-9,0.228313
AAPL,14593,QMLE-Quote,2023-1-10,0.2742
AAPL,14593,QMLE-Quote,2023-1-11,0.22421
AAPL,14593,QMLE-Quote,2023-1-12,0.299878
AAPL,14593,QMLE-Quote,2023-1-17,0.23804
AAPL,14593,QMLE-Quote,2023-1-18,0.237135
AAPL,14593,QMLE-Quote,2023-1-19,0.24616
AAPL,14593,QMLE-Quote,2023-1-20,0.220528
AAPL,14593,QMLE-Quote,2023-1-23,0.242191
AAPL,14593,QMLE-Quote,2023-1-24,0.226741
AAPL,14593,QMLE-Quote,2023-1-25,0.243965
AAPL,14593,QMLE-Quote,2023-1-26,0.224958
AAPL,14593,QMLE-Quote,2023-1-27,0.208733
AAPL,14593,QMLE-Quote,2023-1-30,0.221886
AAPL,14593,QMLE-Quote,2023-1-31,0.232519
AAPL,14593,QMLE-Quote,2023-2-1,0.326383
AAPL,14593,QMLE-Quote,2023-2-2,0.253851
AAPL,14593,QMLE-Quote,2023-2-3,0.44758
AAPL,14593,QMLE-Quote,2023-2-6,0.241125
AAPL,14593,QMLE-Quote,2023-2-7,0.321756
AAPL,14593,QMLE-Quote,2023-2-8,0.242363
AAPL,14593,QMLE-Quote,2023-2-9,0.236619
AAPL,14593,QMLE-Quote,2023-2-10,0.240064
AAPL,14593,QMLE-Quote,2023-2-13,0.177008
AAPL,14593,QMLE-Quote,2023-2-14,0.263182
AAPL,14593,QMLE-Quote,2023-2-15,0.238983
AAPL,14593,QMLE-Quote,2023-2-16,0.22079
AAPL,14593,QMLE-Quote,2023-2-17,0.192666
AAPL,14593,QMLE-Quote,2023-2-21,0.179621
AAPL,14593,QMLE-Quote,2023-2-22,0.240618
AAPL,14593,QMLE-Quote,2023-2-23,0.185171
AAPL,14593,QMLE-Quote,2023-2-24,0.183748
AAPL,14593,QMLE-Quote,2023-2-27,0.18182
AAPL,14593,QMLE-Quote,2023-2-28,0.16397
AAPL,14593,QMLE-Quote,2023-3-1,0.20437
AAPL,14593,QMLE-Quote,2023-3-2,0.189015
AAPL,14593,QMLE-Quote,2023-3-3,0.199369
AAPL,14593,QMLE-Quote,2023-3-6,0.20873
AAPL,14593,QMLE-Quote,2023-3-7,0.226909
AAPL,14593,QMLE-Quote,2023-3-8,0.200844
AAPL,14593,QMLE-Quote,2023-3-9,0.217046
AAPL,14593,QMLE-Quote,2023-3-10,0.285627
AAPL,14593,QMLE-Quote,2023-3-13,0.300499
AAPL,14593,QMLE-Quote,2023-3-14,0.25502
AAPL,14593,QMLE-Quote,2023-3-15,0.298428
AAPL,14593,QMLE-Quote,2023-3-16,0.225908
AAPL,14593,QMLE-Quote,2023-3-17,0.259802
AAPL,14593,QMLE-Quote,2023-3-20,0.212955
AAPL,14593,QMLE-Quote,2023-3-21,0.171974
AAPL,14593,QMLE-Quote,2023-3-22,0.282003
AAPL,14593,QMLE-Quote,2023-3-23,0.24166
AAPL,14593,QMLE-Quote,2023-3-24,0.228236
AAPL,14593,QMLE-Quote,2023-3-27,0.166639
AAPL,14593,QMLE-Quote,2023-3-28,0.146509
AAPL,14593,QMLE-Quote,2023-3-29,0.124468
AAPL,14593,QMLE-Quote,2023-3-30,0.128908
AAPL,14593,QMLE-Quote,2023-3-31,0.11831
AAPL,14593,QMLE-Quote,2023-4-3,0.154031
AAPL,14593,QMLE-Quote,2023-4-4,0.136444
AAPL,14593,QMLE-Quote,2023-4-5,0.153928
AAPL,14593,QMLE-Quote,2023-4-6,0.143937
AAPL,14593,QMLE-Quote,2023-4-10,0.158655
AAPL,14593,QMLE-Quote,2023-4-11,0.129835
AAPL,14593,QMLE-Quote,2023-4-12,0.180981
AAPL,14593,QMLE-Quote,2023-4-13,0.148403
AAPL,14593,QMLE-Quote,2023-4-14,0.179641
AAPL,14593,QMLE-Quote,2023-4-17,0.135441
AAPL,14593,QMLE-Quote,2023-4-18,0.150495
AAPL,14593,QMLE-Quote,2023-4-19,0.135985
AAPL,14593,QMLE-Quote,2023-4-20,0.146667
AAPL,14593,QMLE-Quote,2023-4-21,0.156875
AAPL,14593,QMLE-Quote,2023-4-24,0.128883
AAPL,14593,QMLE-Quote,2023-4-25,0.155565
AAPL,14593,QMLE-Quote,2023-4-26,0.184274
AAPL,14593,QMLE-Quote,2023-4-27,0.151801
AAPL,14593,QMLE-Quote,2023-4-28,0.148903
AAPL,14593,QMLE-Quote,2023-5-1,0.145751
AAPL,14593,QMLE-Quote,2023-5-2,0.144221
AAPL,14593,QMLE-Quote,2023-5-3,0.233949
AAPL,14593,QMLE-Quote,2023-5-4,0.20721
AAPL,14593,QMLE-Quote,2023-5-5,0.202397
AAPL,14593,QMLE-Quote,2023-5-8,0.169591
AAPL,14593,QMLE-Quote,2023-5-9,0.126964
AAPL,14593,QMLE-Quote,2023-5-10,0.153734
AAPL,14593,QMLE-Quote,2023-5-11,0.149414
AAPL,14593,QMLE-Quote,2023-5-12,0.132829
AAPL,14593,QMLE-Quote,2023-5-15,0.105296
AAPL,14593,QMLE-Quote,2023-5-16,0.116566
AAPL,14593,QMLE-Quote,2023-5-17,0.145191
AAPL,14593,QMLE-Quote,2023-5-18,0.13741
AAPL,14593,QMLE-Quote,2023-5-19,0.142914
AAPL,14593,QMLE-Quote,2023-5-22,0.134849
AAPL,14593,QMLE-Quote,2023-5-23,0.132682
AAPL,14593,QMLE-Quote,2023-5-24,0.152331
AAPL,14593,QMLE-Quote,2023-5-25,0.176029
AAPL,14593,QMLE-Quote,2023-5-26,0.138043
AAPL,14593,QMLE-Quote,2023-5-30,0.172678
AAPL,14593,QMLE-Quote,2023-5-31,0.199574
AAPL,14593,QMLE-Quote,2023-6-1,0.150534
AAPL,14593,QMLE-Quote,2023-6-2,0.152942
AAPL,14593,QMLE-Quote,2023-6-5,0.287116
AAPL,14593,QMLE-Quote,2023-6-6,0.198796
AAPL,14593,QMLE-Quote,2023-6-7,0.188792
AAPL,14593,QMLE-Quote,2023-6-8,0.15643
AAPL,14593,QMLE-Quote,2023-6-9,0.144609
AAPL,14593,QMLE-Quote,2023-6-12,0.116432
AAPL,14593,QMLE-Quote,2023-6-13,0.166444
AAPL,14593,QMLE-Quote,2023-6-14,0.166961
AAPL,14593,QMLE-Quote,2023-6-15,0.139241
AAPL,14593,QMLE-Quote,2023-6-16,0.145169
AAPL,14593,QMLE-Quote,2023-6-22,0.140448
AAPL,14593,QMLE-Quote,2023-6-23,0.14481
AAPL,14593,QMLE-Quote,2023-6-26,0.140632
AAPL,14593,QMLE-Quote,2023-6-27,0.117142
AAPL,14593,QMLE-Quote,2023-6-28,0.136385
AAPL,14593,QMLE-Quote,2023-6-29,0.133348
AAPL,14593,QMLE-Quote,2023-6-30,0.121822
AAPL,14593,QMLE-Quote,2023-7-3,0.10081
AAPL,14593,QMLE-Quote,2023-7-5,0.128633
AAPL,14593,QMLE-Quote,2023-7-6,0.130066
AAPL,14593,QMLE-Quote,2023-7-7,0.13069
AAPL,14593,QMLE-Quote,2023-7-10,0.171444
AAPL,14593,QMLE-Quote,2023-7-11,0.142185
AAPL,14593,QMLE-Quote,2023-7-12,0.150499
AAPL,14593,QMLE-Quote,2023-7-13,0.116908
AAPL,14593,QMLE-Quote,2023-7-14,0.113959
AAPL,14593,QMLE-Quote,2023-7-17,0.127155
AAPL,14593,QMLE-Quote,2023-7-18,0.122898
AAPL,14593,QMLE-Quote,2023-7-19,0.285648
AAPL,14593,QMLE-Quote,2023-7-20,0.170965
AAPL,14593,QMLE-Quote,2023-7-21,0.166517
AAPL,14593,QMLE-Quote,2023-7-24,0.133523
AAPL,14593,QMLE-Quote,2023-7-25,0.0993235
AAPL,14593,QMLE-Quote,2023-7-26,0.166118
AAPL,14593,QMLE-Quote,2023-7-27,0.160883
AAPL,14593,QMLE-Quote,2023-7-28,0.135008
AAPL,14593,QMLE-Quote,2023-7-31,0.0988705
AAPL,14593,QMLE-Quote,2023-8-1,0.115082
AAPL,14593,QMLE-Quote,2023-8-2,0.139921
AAPL,14593,QMLE-Quote,2023-8-3,0.152893
AAPL,14593,QMLE-Quote,2023-8-4,0.321555
AAPL,14593,QMLE-Quote,2023-8-7,0.245575
AAPL,14593,QMLE-Quote,2023-8-8,0.163825
AAPL,14593,QMLE-Quote,2023-8-9,0.162077
AAPL,14593,QMLE-Quote,2023-8-10,0.189617
AAPL,14593,QMLE-Quote,2023-8-11,0.154814
AAPL,14593,QMLE-Quote,2023-8-14,0.145252
AAPL,14593,QMLE-Quote,2023-8-15,0.120598
AAPL,14593,QMLE-Quote,2023-8-17,0.178343
AAPL,14593,QMLE-Quote,2023-8-18,0.176932
AAPL,14593,QMLE-Quote,2023-8-21,0.14049
AAPL,14593,QMLE-Quote,2023-8-22,0.142304
AAPL,14593,QMLE-Quote,2023-8-23,0.12489
AAPL,14593,QMLE-Quote,2023-8-24,0.168212
AAPL,14593,QMLE-Quote,2023-8-25,0.223189
AAPL,14593,QMLE-Quote,2023-8-28,0.152879
AAPL,14593,QMLE-Quote,2023-8-29,0.152253
AAPL,14593,QMLE-Quote,2023-8-30,0.152915
AAPL,14593,QMLE-Quote,2023-8-31,0.148549
AAPL,14593,QMLE-Quote,2023-9-1,0.143097
AAPL,14593,QMLE-Quote,2023-9-5,0.13813
AAPL,14593,QMLE-Quote,2023-9-6,0.19953
AAPL,14593,QMLE-Quote,2023-9-7,0.28051
AAPL,14593,QMLE-Quote,2023-9-8,0.178581
AAPL,14593,QMLE-Quote,2023-9-11,0.150698
AAPL,14593,QMLE-Quote,2023-9-12,0.235862
AAPL,14593,QMLE-Quote,2023-9-13,0.213727
AAPL,14593,QMLE-Quote,2023-9-14,0.180089
AAPL,14593,QMLE-Quote,2023-9-15,0.180601
AAPL,14593,QMLE-Quote,2023-9-18,0.188655
AAPL,14593,QMLE-Quote,2023-9-19,0.147451
AAPL,14593,QMLE-Quote,2023-9-20,0.189623
AAPL,14593,QMLE-Quote,2023-9-21,0.187848
AAPL,14593,QMLE-Quote,2023-9-22,0.171334
AAPL,14593,QMLE-Quote,2023-9-26,0.170664
AAPL,14593,QMLE-Quote,2023-9-27,0.188039
AAPL,14593,QMLE-Quote,2023-9-28,0.23765
AAPL,14593,QMLE-Quote,2023-9-29,0.184896
AAPL,14593,QMLE-Quote,2023-10-2,0.200099
AAPL,14593,QMLE-Quote,2023-10-3,0.18127
AAPL,14593,QMLE-Quote,2023-10-4,0.178163
AAPL,14593,QMLE-Quote,2023-10-5,0.152067
AAPL,14593,QMLE-Quote,2023-10-6,0.16569
AAPL,14593,QMLE-Quote,2023-10-9,0.13855
AAPL,14593,QMLE-Quote,2023-10-10,0.14455
AAPL,14593,QMLE-Quote,2023-10-11,0.135972
AAPL,14593,QMLE-Quote,2023-10-12,0.158486
AAPL,14593,QMLE-Quote,2023-10-13,0.179492
AAPL,14593,QMLE-Quote,2023-10-16,0.178094
AAPL,14593,QMLE-Quote,2023-10-17,0.189737
AAPL,14593,QMLE-Quote,2023-10-18,0.191938
AAPL,14593,QMLE-Quote,2023-10-19,0.218315
AAPL,14593,QMLE-Quote,2023-10-20,0.182484
AAPL,14593,QMLE-Quote,2023-10-23,0.207437
AAPL,14593,QMLE-Quote,2023-10-24,0.18468
AAPL,14593,QMLE-Quote,2023-10-25,0.187265
AAPL,14593,QMLE-Quote,2023-10-26,0.226973
AAPL,14593,QMLE-Quote,2023-10-27,0.225184
AAPL,14593,QMLE-Quote,2023-10-30,0.202097
AAPL,14593,QMLE-Quote,2023-10-31,0.176295
AAPL,14593,QMLE-Quote,2023-11-1,0.195533
AAPL,14593,QMLE-Quote,2023-11-2,0.150666
AAPL,14593,QMLE-Quote,2023-11-3,0.247834
AAPL,14593,QMLE-Quote,2023-11-6,0.168476
AAPL,14593,QMLE-Quote,2023-11-7,0.157241
AAPL,14593,QMLE-Quote,2023-11-8,0.145857
AAPL,14593,QMLE-Quote,2023-11-9,0.165959
AAPL,14593,QMLE-Quote,2023-11-10,0.125227
AAPL,14593,QMLE-Quote,2023-11-13,0.121415
AAPL,14593,QMLE-Quote,2023-11-14,0.142797
AAPL,14593,QMLE-Quote,2023-11-15,0.136854
AAPL,14593,QMLE-Quote,2023-11-16,0.157964
AAPL,14593,QMLE-Quote,2023-11-17,0.137874
AAPL,14593,QMLE-Quote,2023-11-20,0.115672
AAPL,14593,QMLE-Quote,2023-11-21,0.0984854
AAPL,14593,QMLE-Quote,2023-11-22,0.120053
AAPL,14593,QMLE-Quote,2023-11-24,0.0776795
AAPL,14593,QMLE-Quote,2023-11-27,0.105455
AAPL,14593,QMLE-Quote,2023-11-28,0.111199
AAPL,14593,QMLE-Quote,2023-11-29,0.110328
AAPL,14593,QMLE-Quote,2023-11-30,0.115552
AAPL,14593,QMLE-Quote,2023-12-1,0.134134
AAPL,14593,QMLE-Quote,2023-12-4,0.118681
AAPL,14593,QMLE-Quote,2023-12-5,0.194461
AAPL,14593,QMLE-Quote,2023-12-6,0.136036
AAPL,14593,QMLE-Quote,2023-12-7,0.121672
AAPL,14593,QMLE-Quote,2023-12-8,0.121103
AAPL,14593,QMLE-Quote,2023-12-11,0.150788
AAPL,14593,QMLE-Quote,2023-12-12,0.105317
AAPL,14593,QMLE-Quote,2023-12-13,0.139601
AAPL,14593,QMLE-Quote,2023-12-14,0.165482
AAPL,14593,QMLE-Quote,2023-12-18,0.131948
AAPL,14593,QMLE-Quote,2023-12-19,0.111369
AAPL,14593,QMLE-Quote,2023-12-20,0.125832
AAPL,14593,QMLE-Quote,2023-12-21,0.138919
AAPL,14593,QMLE-Quote,2023-12-22,0.108043
AAPL,14593,QMLE-Quote,2023-12-26,0.0797624
AAPL,14593,QMLE-Quote,2023-12-27,0.110748
AAPL,14593,QMLE-Quote,2023-12-28,0.0926618
AAPL,14593,QMLE-Quote,2023-12-29,0.112342
AAPL,14593,QMLE-Quote,2024-1-2,0.204311
AAPL,14593,QMLE-Quote,2024-1-3,0.151784
AAPL,14593,QMLE-Quote,2024-1-4,0.157609
AAPL,14593,QMLE-Quote,2024-1-5,0.181452
AAPL,14593,QMLE-Quote,2024-1-8,0.134845
AAPL,14593,QMLE-Quote,2024-1-9,0.130747
AAPL,14593,QMLE-Quote,2024-1-10,0.122953
AAPL,14593,QMLE-Quote,2024-1-11,0.159797
AAPL,14593,QMLE-Quote,2024-1-12,0.127373
AAPL,14593,QMLE-Quote,2024-1-16,0.170812
AAPL,14593,QMLE-Quote,2024-1-17,0.159879
AAPL,14593,QMLE-Quote,2024-1-18,0.176385
AAPL,14593,QMLE-Quote,2024-1-19,0.14322
AAPL,14593,QMLE-Quote,2024-1-22,0.154759
AAPL,14593,QMLE-Quote,2024-1-23,0.131468
AAPL,14593,QMLE-Quote,2024-1-24,0.137187
AAPL,14593,QMLE-Quote,2024-1-25,0.155498
AAPL,14593,QMLE-Quote,2024-1-26,0.119037
AAPL,14593,QMLE-Quote,2024-1-29,0.139144
AAPL,14593,QMLE-Quote,2024-1-30,0.189401
AAPL,14593,QMLE-Quote,2024-1-31,0.21437
AAPL,14593,QMLE-Quote,2024-2-1,0.169014
AAPL,14593,QMLE-Quote,2024-2-2,0.300499
AAPL,14593,QMLE-Quote,2024-2-5,0.212995
AAPL,14593,QMLE-Quote,2024-2-6,0.151423
AAPL,14593,QMLE-Quote,2024-2-7,0.145586
AAPL,14593,QMLE-Quote,2024-2-8,0.111558
AAPL,14593,QMLE-Quote,2024-2-9,0.108864
AAPL,14593,QMLE-Quote,2024-2-12,0.108575
AAPL,14593,QMLE-Quote,2024-2-13,0.151368
AAPL,14593,QMLE-Quote,2024-2-14,0.145218
AAPL,14593,QMLE-Quote,2024-2-15,0.188097
AAPL,14593,QMLE-Quote,2024-2-16,0.156314
AAPL,14593,QMLE-Quote,2024-2-20,0.146405
AAPL,14593,QMLE-Quote,2024-2-21,0.149482
AAPL,14593,QMLE-Quote,2024-2-22,0.147878
AAPL,14593,QMLE-Quote,2024-2-23,0.117329
AAPL,14593,QMLE-Quote,2024-2-26,0.116245
AAPL,14593,QMLE-Quote,2024-2-27,0.180978
AAPL,14593,QMLE-Quote,2024-2-28,0.144428
AAPL,14593,QMLE-Quote,2024-2-29,0.205592
AAPL,14593,QMLE-Quote,2024-3-1,0.181859
AAPL,14593,QMLE-Quote,2024-3-4,0.204889
AAPL,14593,QMLE-Quote,2024-3-5,0.193935
AAPL,14593,QMLE-Quote,2024-3-6,0.206944
AAPL,14593,QMLE-Quote,2024-3-7,0.166226
AAPL,14593,QMLE-Quote,2024-3-8,0.200375
AAPL,14593,QMLE-Quote,2024-3-11,0.217426
AAPL,14593,QMLE-Quote,2024-3-12,0.170713
AAPL,14593,QMLE-Quote,2024-3-13,0.125447
AAPL,14593,QMLE-Quote,2024-3-15,0.177593
AAPL,14593,QMLE-Quote,2024-3-18,0.18574
AAPL,14593,QMLE-Quote,2024-3-19,0.147148
AAPL,14593,QMLE-Quote,2024-3-20,0.149324
AAPL,14593,QMLE-Quote,2024-3-21,0.2302
AAPL,14593,QMLE-Quote,2024-3-22,0.161937
AAPL,14593,QMLE-Quote,2024-3-25,0.141148
AAPL,14593,QMLE-Quote,2024-3-26,0.13079
AAPL,14593,QMLE-Quote,2024-3-27,0.160023
AAPL,14593,QMLE-Quote,2024-3-28,0.137784
AAPL,14593,QMLE-Quote,2024-4-1,0.105704
AAPL,14593,QMLE-Quote,2024-4-2,0.122432
AAPL,14593,QMLE-Quote,2024-4-3,0.140385
AAPL,14593,QMLE-Quote,2024-4-4,0.146085
AAPL,14593,QMLE-Quote,2024-4-5,0.137982
AAPL,14593,QMLE-Quote,2024-4-9,0.138723
AAPL,14593,QMLE-Quote,2024-4-10,0.165289
AAPL,14593,QMLE-Quote,2024-4-11,0.173914
AAPL,14593,QMLE-Quote,2024-4-12,0.229195
AAPL,14593,QMLE-Quote,2024-4-15,0.236069
AAPL,14593,QMLE-Quote,2024-4-16,0.238529
AAPL,14593,QMLE-Quote,2024-4-17,0.172804
AAPL,14593,QMLE-Quote,2024-4-18,0.159518
AAPL,14593,QMLE-Quote,2024-4-19,0.17361
AAPL,14593,QMLE-Quote,2024-4-22,0.141309
AAPL,14593,QMLE-Quote,2024-4-23,0.146129
AAPL,14593,QMLE-Quote,2024-4-24,0.165158
AAPL,14593,QMLE-Quote,2024-4-25,0.183019
AAPL,14593,QMLE-Quote,2024-4-26,0.134534
AAPL,14593,QMLE-Quote,2024-4-29,0.178402
AAPL,14593,QMLE-Quote,2024-4-30,0.195745
AAPL,14593,QMLE-Quote,2024-5-1,0.206949
AAPL,14593,QMLE-Quote,2024-5-2,0.186116
AAPL,14593,QMLE-Quote,2024-5-3,0.260616
AAPL,14593,QMLE-Quote,2024-5-6,0.204036
AAPL,14593,QMLE-Quote,2024-5-7,0.179427
AAPL,14593,QMLE-Quote,2024-5-8,0.112067
AAPL,14593,QMLE-Quote,2024-5-9,0.119866
AAPL,14593,QMLE-Quote,2024-5-10,0.14452
AAPL,14593,QMLE-Quote,2024-5-13,0.138218
AAPL,14593,QMLE-Quote,2024-5-14,0.131676
AAPL,14593,QMLE-Quote,2024-5-15,0.125506
AAPL,14593,QMLE-Quote,2024-5-16,0.126073
AAPL,14593,QMLE-Quote,2024-5-17,0.0952569
AAPL,14593,QMLE-Quote,2024-5-20,0.125465
AAPL,14593,QMLE-Quote,2024-5-21,0.0891046
AAPL,14593,QMLE-Quote,2024-5-22,0.123425
AAPL,14593,QMLE-Quote,2024-5-23,0.156679
AAPL,14593,QMLE-Quote,2024-5-24,0.122432
AAPL,14593,QMLE-Quote,2024-5-28,0.153964
AAPL,14593,QMLE-Quote,2024-5-29,0.137035
AAPL,14593,QMLE-Quote,2024-5-30,0.145488
AAPL,14593,QMLE-Quote,2024-5-31,0.189528
AAPL,14593,QMLE-Quote,2024-6-3,0.182354
AAPL,14593,QMLE-Quote,2024-6-4,0.156632
AAPL,14593,QMLE-Quote,2024-6-5,0.143348
AAPL,14593,QMLE-Quote,2024-6-6,0.114961
AAPL,14593,QMLE-Quote,2024-6-7,0.142735
AAPL,14593,QMLE-Quote,2024-6-10,0.302615
AAPL,14593,QMLE-Quote,2024-6-11,0.284806
AAPL,14593,QMLE-Quote,2024-6-12,0.415124
AAPL,14593,QMLE-Quote,2024-6-13,0.26471
AAPL,14593,QMLE-Quote,2024-6-14,0.210385
AAPL,14593,QMLE-Quote,2024-6-17,0.244315
AAPL,14593,QMLE-Quote,2024-6-18,0.214626
AAPL,14593,QMLE-Quote,2024-6-20,0.210196
AAPL,14593,QMLE-Quote,2024-6-21,0.262461
AAPL,14593,QMLE-Quote,2024-6-24,0.251193
AAPL,14593,QMLE-Quote,2024-6-25,0.194167
AAPL,14593,QMLE-Quote,2024-6-26,0.200152
AAPL,14593,QMLE-Quote,2024-6-27,0.190776
AAPL,14593,QMLE-Quote,2024-6-28,0.204615
AAPL,14593,QMLE-Quote,2024-7-1,0.238487
AAPL,14593,QMLE-Quote,2024-7-2,0.211763
AAPL,14593,QMLE-Quote,2024-7-3,0.201679
AAPL,14593,QMLE-Quote,2024-7-5,0.176812
AAPL,14593,QMLE-Quote,2024-7-8,0.198102
AAPL,14593,QMLE-Quote,2024-7-9,0.182927
AAPL,14593,QMLE-Quote,2024-7-10,0.17546
AAPL,14593,QMLE-Quote,2024-7-11,0.258112
AAPL,14593,QMLE-Quote,2024-7-12,0.194272
AAPL,14593,QMLE-Quote,2024-7-15,0.253021
AAPL,14593,QMLE-Quote,2024-7-16,0.185472
AAPL,14593,QMLE-Quote,2024-7-17,0.234644
AAPL,14593,QMLE-Quote,2024-7-18,0.274021
AAPL,14593,QMLE-Quote,2024-7-19,0.228979
AAPL,14593,QMLE-Quote,2024-7-22,0.226862
AAPL,14593,QMLE-Quote,2024-7-23,0.205751
AAPL,14593,QMLE-Quote,2024-7-24,0.21598
AAPL,14593,QMLE-Quote,2024-7-25,0.298975
AAPL,14593,QMLE-Quote,2024-7-26,0.263025
AAPL,14593,QMLE-Quote,2024-7-29,0.212599
AAPL,14593,QMLE-Quote,2024-7-30,0.201044
AAPL,14593,QMLE-Quote,2024-7-31,0.248523
AAPL,14593,QMLE-Quote,2024-8-1,0.281021
AAPL,14593,QMLE-Quote,2024-8-2,0.493959
AAPL,14593,QMLE-Quote,2024-8-5,0.706443
AAPL,14593,QMLE-Quote,2024-8-6,0.367699
AAPL,14593,QMLE-Quote,2024-8-7,0.313969
AAPL,14593,QMLE-Quote,2024-8-8,0.246809
AAPL,14593,QMLE-Quote,2024-8-9,0.21663
AAPL,14593,QMLE-Quote,2024-8-12,0.194556
AAPL,14593,QMLE-Quote,2024-8-13,0.175845
AAPL,14593,QMLE-Quote,2024-8-14,0.16765
AAPL,14593,QMLE-Quote,2024-8-15,0.158631
AAPL,14593,QMLE-Quote,2024-8-16,0.132174
AAPL,14593,QMLE-Quote,2024-8-19,0.136807
AAPL,14593,QMLE-Quote,2024-8-20,0.147598
AAPL,14593,QMLE-Quote,2024-8-21,0.155565
AAPL,14593,QMLE-Quote,2024-8-22,0.196622
AAPL,14593,QMLE-Quote,2024-8-23,0.200871
AAPL,14593,QMLE-Quote,2024-8-26,0.150556
AAPL,14593,QMLE-Quote,2024-8-27,0.141067
AAPL,14593,QMLE-Quote,2024-8-28,0.184554
AAPL,14593,QMLE-Quote,2024-8-29,0.23941
AAPL,14593,QMLE-Quote,2024-8-30,0.172532
AAPL,14593,QMLE-Quote,2024-9-3,0.224042
AAPL,14593,QMLE-Quote,2024-9-4,0.248618
AAPL,14593,QMLE-Quote,2024-9-5,0.217533
AAPL,14593,QMLE-Quote,2024-9-6,0.253136
AAPL,14593,QMLE-Quote,2024-9-9,0.279617
AAPL,14593,QMLE-Quote,2024-9-10,0.244085
AAPL,14593,QMLE-Quote,2024-9-11,0.244454
AAPL,14593,QMLE-Quote,2024-9-12,0.194723
AAPL,14593,QMLE-Quote,2024-9-13,0.167421
AAPL,14593,QMLE-Quote,2024-9-16,0.227829
AAPL,14593,QMLE-Quote,2024-9-17,0.182752
AAPL,14593,QMLE-Quote,2024-9-18,0.306691
AAPL,14593,QMLE-Quote,2024-9-19,0.186366
AAPL,14593,QMLE-Quote,2024-9-20,0.279878
AAPL,14593,QMLE-Quote,2024-9-23,0.180883
AAPL,14593,QMLE-Quote,2024-9-24,0.150093
AAPL,14593,QMLE-Quote,2024-9-25,0.148064
AAPL,14593,QMLE-Quote,2024-9-26,0.159123
AAPL,14593,QMLE-Quote,2024-9-27,0.144818
AAPL,14593,QMLE-Quote,2024-9-30,0.199058
AAPL,14593,QMLE-Quote,2024-10-1,0.200652
AAPL,14593,QMLE-Quote,2024-10-2,0.147106
AAPL,14593,QMLE-Quote,2024-10-3,0.170951
AAPL,14593,QMLE-Quote,2024-10-4,0.152697
AAPL,14593,QMLE-Quote,2024-10-7,0.162507
AAPL,14593,QMLE-Quote,2024-10-8,0.143551
AAPL,14593,QMLE-Quote,2024-10-9,0.13595
AAPL,14593,QMLE-Quote,2024-10-10,0.143567
AAPL,14593,QMLE-Quote,2024-10-14,0.141869
AAPL,14593,QMLE-Quote,2024-10-15,0.216171
AAPL,14593,QMLE-Quote,2024-10-16,0.132549
AAPL,14593,QMLE-Quote,2024-10-17,0.160499
AAPL,14593,QMLE-Quote,2024-10-18,0.153708
AAPL,14593,QMLE-Quote,2024-10-21,0.134379
AAPL,14593,QMLE-Quote,2024-10-22,0.125776
AAPL,14593,QMLE-Quote,2024-10-23,0.255552
AAPL,14593,QMLE-Quote,2024-10-24,0.139864
AAPL,14593,QMLE-Quote,2024-10-25,0.15958
AAPL,14593,QMLE-Quote,2024-10-28,0.131485
AAPL,14593,QMLE-Quote,2024-10-29,0.136531
AAPL,14593,QMLE-Quote,2024-10-30,0.157097
AAPL,14593,QMLE-Quote,2024-10-31,0.183803
AAPL,14593,QMLE-Quote,2024-11-1,0.258392
AAPL,14593,QMLE-Quote,2024-11-4,0.183722
AAPL,14593,QMLE-Quote,2024-11-5,0.159744
AAPL,14593,QMLE-Quote,2024-11-6,0.209403
AAPL,14593,QMLE-Quote,2024-11-7,0.158399
AAPL,14593,QMLE-Quote,2024-11-8,0.125218
AAPL,14593,QMLE-Quote,2024-11-11,0.143055
AAPL,14593,QMLE-Quote,2024-11-12,0.145392
AAPL,14593,QMLE-Quote,2024-11-13,0.161448
AAPL,14593,QMLE-Quote,2024-11-14,0.16008
AAPL,14593,QMLE-Quote,2024-11-15,0.144118
AAPL,14593,QMLE-Quote,2024-11-18,0.151101
AAPL,14593,QMLE-Quote,2024-11-19,0.15642
AAPL,14593,QMLE-Quote,2024-11-20,0.152627
AAPL,14593,QMLE-Quote,2024-11-21,0.179652
AAPL,14593,QMLE-Quote,2024-11-22,0.144454
AAPL,14593,QMLE-Quote,2024-11-25,0.185958
AAPL,14593,QMLE-Quote,2024-11-26,0.154022
AAPL,14593,QMLE-Quote,2024-11-27,0.146683
AAPL,14593,QMLE-Quote,2024-11-29,0.122204
AAPL,14593,QMLE-Quote,2024-12-2,0.149852
AAPL,14593,QMLE-Quote,2024-12-3,0.122002
AAPL,14593,QMLE-Quote,2024-12-4,0.133557
AAPL,14593,QMLE-Quote,2024-12-5,0.116673
AAPL,14593,QMLE-Quote,2024-12-6,0.108077
AAPL,14593,QMLE-Quote,2024-12-9,0.169218
AAPL,14593,QMLE-Quote,2024-12-10,0.141819
AAPL,14593,QMLE-Quote,2024-12-11,0.138041
AAPL,14593,QMLE-Quote,2024-12-12,0.128267
AAPL,14593,QMLE-Quote,2024-12-13,0.116105
AAPL,14593,QMLE-Quote,2024-12-16,0.132331
AAPL,14593,QMLE-Quote,2024-12-17,0.158372
AAPL,14593,QMLE-Quote,2024-12-18,0.188684
AAPL,14593,QMLE-Quote,2024-12-19,0.210609
AAPL,14593,QMLE-Quote,2024-12-20,0.203412
AAPL,14593,QMLE-Quote,2024-12-23,0.161543
AAPL,14593,QMLE-Quote,2024-12-24,0.112082
AAPL,14593,QMLE-Quote,2024-12-26,0.119386
AAPL,14593,QMLE-Quote,2024-12-27,0.161018
AAPL,14593,QMLE-Quote,2024-12-30,0.162366
AAPL,14593,QMLE-Quote,2024-12-31,0.158331
AAPL,14593,QMLE-Quote,2025-1-2,0.240026
AAPL,14593,QMLE-Quote,2025-1-3,0.182631
AAPL,14593,QMLE-Quote,2025-1-6,0.170661
AAPL,14593,QMLE-Quote,2025-1-7,0.171633
AAPL,14593,QMLE-Quote,2025-1-8,0.18275
AAPL,14593,QMLE-Quote,2025-1-10,0.246383
AAPL,14593,QMLE-Quote,2025-1-13,0.220079
AAPL,14593,QMLE-Quote,2025-1-14,0.169757
AAPL,14593,QMLE-Quote,2025-1-15,0.159469
AAPL,14593,QMLE-Quote,2025-1-16,0.222094
AAPL,14593,QMLE-Quote,2025-1-17,0.178649
AAPL,14593,QMLE-Quote,2025-1-21,0.227023
AAPL,14593,QMLE-Quote,2025-1-22,0.185403
AAPL,14593,QMLE-Quote,2025-1-23,0.17857
AAPL,14593,QMLE-Quote,2025-1-24,0.162243
AAPL,14593,QMLE-Quote,2025-1-27,0.318552
AAPL,14593,QMLE-Quote,2025-1-28,0.245118
AAPL,14593,QMLE-Quote,2025-1-29,0.237147
AAPL,14593,QMLE-Quote,2025-1-30,0.211402
AAPL,14593,QMLE-Quote,2025-1-31,0.305566
AAPL,14593,QMLE-Quote,2025-2-3,0.274682
AAPL,14593,QMLE-Quote,2025-2-4,0.216077
AAPL,14593,QMLE-Quote,2025-2-5,0.200875
AAPL,14593,QMLE-Quote,2025-2-6,0.178736
AAPL,14593,QMLE-Quote,2025-2-7,0.253865
AAPL,14593,QMLE-Quote,2025-2-10,0.166001
AAPL,14593,QMLE-Quote,2025-2-11,0.231102
AAPL,14593,QMLE-Quote,2025-2-12,0.224792
AAPL,14593,QMLE-Quote,2025-2-13,0.219524
AAPL,14593,QMLE-Quote,2025-2-14,0.190362
AAPL,14593,QMLE-Quote,2025-2-18,0.204011
AAPL,14593,QMLE-Quote,2025-2-19,0.177244
AAPL,14593,QMLE-Quote,2025-2-20,0.191676
AAPL,14593,QMLE-Quote,2025-2-21,0.190697
AAPL,14593,QMLE-Quote,2025-2-24,0.229817
AAPL,14593,QMLE-Quote,2025-2-25,0.237688
AAPL,14593,QMLE-Quote,2025-2-26,0.238134
AAPL,14593,QMLE-Quote,2025-2-27,0.239391
AAPL,14593,QMLE-Quote,2025-2-28,0.270958
AAPL,14593,QMLE-Quote,2025-3-3,0.280498
AAPL,14593,QMLE-Quote,2025-3-4,0.335317
AAPL,14593,QMLE-Quote,2025-3-5,0.320693
AAPL,14593,QMLE-Quote,2025-3-6,0.287926
AAPL,14593,QMLE-Quote,2025-3-7,0.297254
AAPL,14593,QMLE-Quote,2025-3-10,0.344176
AAPL,14593,QMLE-Quote,2025-3-11,0.375641
AAPL,14593,QMLE-Quote,2025-3-12,0.288211
AAPL,14593,QMLE-Quote,2025-3-13,0.284602
AAPL,14593,QMLE-Quote,2025-3-14,0.279486
AAPL,14593,QMLE-Quote,2025-3-17,0.231913
AAPL,14593,QMLE-Quote,2025-3-18,0.217299
AAPL,14593,QMLE-Quote,2025-3-19,0.228824
AAPL,14593,QMLE-Quote,2025-3-20,0.219108
AAPL,14593,QMLE-Quote,2025-3-21,0.248299
AAPL,14593,QMLE-Quote,2025-3-24,0.209264
AAPL,14593,QMLE-Quote,2025-3-25,0.181923
AAPL,14593,QMLE-Quote,2025-3-26,0.190819
AAPL,14593,QMLE-Quote,2025-3-27,0.183259
AAPL,14593,QMLE-Quote,2025-3-28,0.21875
AAPL,14593,QMLE-Quote,2025-3-31,0.318043
AAPL,14593,QMLE-Quote,2025-4-1,0.224886
AAPL,14593,QMLE-Quote,2025-4-2,0.186512
AAPL,14593,QMLE-Quote,2025-4-3,0.40084
AAPL,14593,QMLE-Quote,2025-4-4,0.586178
AAPL,14593,QMLE-Quote,2025-4-7,1.13768
AAPL,14593,QMLE-Quote,2025-4-8,0.643337
AAPL,14593,QMLE-Quote,2025-4-9,1.16014
AAPL,14593,QMLE-Quote,2025-4-10,0.758762
AAPL,14593,QMLE-Quote,2025-4-11,0.583099
AAPL,14593,QMLE-Quote,2025-4-14,0.449358
AAPL,14593,QMLE-Quote,2025-4-15,0.311469
AAPL,14593,QMLE-Quote,2025-4-16,0.319415
AAPL,14593,QMLE-Quote,2025-4-17,0.331386
AAPL,14593,QMLE-Quote,2025-4-21,0.252659
AAPL,14593,QMLE-Quote,2025-4-22,0.293494
AAPL,14593,QMLE-Quote,2025-4-23,0.376874
AAPL,14593,QMLE-Quote,2025-4-24,0.226548
AAPL,14593,QMLE-Quote,2025-4-25,0.246751
AAPL,14593,QMLE-Quote,2025-4-28,0.230025
AAPL,14593,QMLE-Quote,2025-4-29,0.202026
AAPL,14593,QMLE-Quote,2025-4-30,0.292754
AAPL,14593,QMLE-Quote,2025-5-1,0.25469
AAPL,14593,QMLE-Quote,2025-5-2,0.350238
AAPL,14593,QMLE-Quote,2025-5-5,0.23799
AAPL,14593,QMLE-Quote,2025-5-6,0.254733
AAPL,14593,QMLE-Quote,2025-5-7,0.346819
AAPL,14593,QMLE-Quote,2025-5-8,0.22931
AAPL,14593,QMLE-Quote,2025-5-9,0.20653
AAPL,14593,QMLE-Quote,2025-5-12,0.256977
AAPL,14593,QMLE-Quote,2025-5-13,0.200271
AAPL,14593,QMLE-Quote,2025-5-14,0.206326
AAPL,14593,QMLE-Quote,2025-5-15,0.195457
AAPL,14593,QMLE-Quote,2025-5-16,0.169197
AAPL,14593,QMLE-Quote,2025-5-19,0.224995
AAPL,14593,QMLE-Quote,2025-5-20,0.169914
AAPL,14593,QMLE-Quote,2025-5-21,0.278484
AAPL,14593,QMLE-Quote,2025-5-22,0.215526
AAPL,14593,QMLE-Quote,2025-5-23,0.321733
AAPL,14593,QMLE-Quote,2025-5-27,0.170987
AAPL,14593,QMLE-Quote,2025-5-28,0.177868
AAPL,14593,QMLE-Quote,2025-5-29,0.202518
AAPL,14593,QMLE-Quote,2025-5-30,0.216725
AAPL,14593,QMLE-Quote,2025-6-2,0.18241
AAPL,14593,QMLE-Quote,2025-6-3,0.178256
AAPL,14593,QMLE-Quote,2025-6-4,0.234684
AAPL,14593,QMLE-Quote,2025-6-5,0.21856
AAPL,14593,QMLE-Quote,2025-6-6,0.218787
AAPL,14593,QMLE-Quote,2025-6-9,0.274596
AAPL,14593,QMLE-Quote,2025-6-10,0.244099
AAPL,14593,QMLE-Quote,2025-6-11,0.186489
AAPL,14593,QMLE-Quote,2025-6-12,0.183965
AAPL,14593,QMLE-Quote,2025-6-13,0.202685
AAPL,14593,QMLE-Quote,2025-6-16,0.174795
AAPL,14593,QMLE-Quote,2025-6-17,0.15929
AAPL,14593,QMLE-Quote,2025-6-18,0.197658
AAPL,14593,QMLE-Quote,2025-6-20,0.23318
AAPL,14593,QMLE-Quote,2025-6-23,0.206908
AAPL,14593,QMLE-Quote,2025-6-24,0.184767
AAPL,14593,QMLE-Quote,2025-6-25,0.172239
AAPL,14593,QMLE-Quote,2025-6-26,0.181185
AAPL,14593,QMLE-Quote,2025-6-27,0.174992
AAPL,14593,QMLE-Quote,2025-6-30,0.269589
AAPL,14593,QMLE-Quote,2025-7-1,0.270086
AAPL,14593,QMLE-Quote,2025-7-2,0.236137
AAPL,14593,QMLE-Quote,2025-7-3,0.150773
AAPL,14593,QMLE-Quote,2025-7-7,0.262599
AAPL,14593,QMLE-Quote,2025-7-8,0.186776
AAPL,14593,QMLE-Quote,2025-7-9,0.174474
AAPL,14593,QMLE-Quote,2025-7-10,0.182266
AAPL,14593,QMLE-Quote,2025-7-11,0.137942
AAPL,14593,QMLE-Quote,2025-7-14,0.148409
AAPL,14593,QMLE-Quote,2025-7-15,0.188136
AAPL,14593,QMLE-Quote,2025-7-16,0.196352
AAPL,14593,QMLE-Quote,2025-7-17,0.126706
AAPL,14593,QMLE-Quote,2025-7-18,0.134268
AAPL,14593,QMLE-Quote,2025-7-21,0.195639
AAPL,14593,QMLE-Quote,2025-7-22,0.183217
AAPL,14593,QMLE-Quote,2025-7-23,0.155775
AAPL,14593,QMLE-Quote,2025-7-24,0.164991
AAPL,14593,QMLE-Quote,2025-7-25,0.103988
AAPL,14593,QMLE-Quote,2025-7-28,0.113689
AAPL,14593,QMLE-Quote,2025-7-29,0.169231
AAPL,14593,QMLE-Quote,2025-7-30,0.169837
AAPL,14593,QMLE-Quote,2025-7-31,0.204586
AAPL,14593,QMLE-Quote,2025-8-1,0.391698
AAPL,14593,QMLE-Quote,2025-8-4,0.237374
AAPL,14593,QMLE-Quote,2025-8-5,0.19134
AAPL,14593,QMLE-Quote,2025-8-6,0.265768
AAPL,14593,QMLE-Quote,2025-8-7,0.288928
AAPL,14593,QMLE-Quote,2025-8-8,0.273725
AAPL,14593,QMLE-Quote,2025-8-11,0.228915
AAPL,14593,QMLE-Quote,2025-8-12,0.212315
AAPL,14593,QMLE-Quote,2025-8-13,0.301354
AAPL,14593,QMLE-Quote,2025-8-14,0.205674
AAPL,14593,QMLE-Quote,2025-8-15,0.196141
AAPL,14593,QMLE-Quote,2025-8-18,0.169888
AAPL,14593,QMLE-Quote,2025-8-19,0.162155
AAPL,14593,QMLE-Quote,2025-8-20,0.198492
AAPL,14593,QMLE-Quote,2025-8-21,0.157308
AAPL,14593,QMLE-Quote,2025-8-22,0.2229
AAPL,14593,QMLE-Quote,2025-8-25,0.15383
AAPL,14593,QMLE-Quote,2025-8-26,0.175419
AAPL,14593,QMLE-Quote,2025-8-27,0.145571
AAPL,14593,QMLE-Quote,2025-8-28,0.168449
AAPL,14593,QMLE-Quote,2025-8-29,0.17601
AAPL,14593,QMLE-Quote,2025-9-2,0.191321
AAPL,14593,QMLE-Quote,2025-9-3,0.217582
AAPL,14593,QMLE-Quote,2025-9-4,0.19464
AAPL,14593,QMLE-Quote,2025-9-5,0.201187
AAPL,14593,QMLE-Quote,2025-9-8,0.140285
AAPL,14593,QMLE-Quote,2025-9-9,0.243626
AAPL,14593,QMLE-Quote,2025-9-10,0.202588
AAPL,14593,QMLE-Quote,2025-9-11,0.153414
AAPL,14593,QMLE-Quote,2025-9-12,0.194363
AAPL,14593,QMLE-Quote,2025-9-15,0.170363
AAPL,14593,QMLE-Quote,2025-9-16,0.191191
AAPL,14593,QMLE-Quote,2025-9-17,0.168964
AAPL,14593,QMLE-Quote,2025-9-18,0.172462
AAPL,14593,QMLE-Quote,2025-9-19,0.233692
AAPL,14593,QMLE-Quote,2025-9-22,0.2318
AAPL,14593,QMLE-Quote,2025-9-23,0.168999
AAPL,14593,QMLE-Quote,2025-9-24,0.149408
AAPL,14593,QMLE-Quote,2025-9-25,0.196323
AAPL,14593,QMLE-Quote,2025-9-26,0.156671
AAPL,14593,QMLE-Quote,2025-9-29,0.126408
AAPL,14593,QMLE-Quote,2025-9-30,0.151234
AAPL,14593,QMLE-Quote,2025-10-1,0.166204
AAPL,14593,QMLE-Quote,2025-10-2,0.168905
AAPL,14593,QMLE-Quote,2025-10-3,0.178928
AAPL,14593,QMLE-Quote,2025-10-6,0.177845
AAPL,14593,QMLE-Quote,2025-10-7,0.132636
AAPL,14593,QMLE-Quote,2025-10-8,0.133052
AAPL,14593,QMLE-Quote,2025-10-9,0.145581
AAPL,14593,QMLE-Quote,2025-10-10,0.268649
AAPL,14593,QMLE-Quote,2025-10-13,0.213504
AAPL,14593,QMLE-Quote,2025-10-14,0.194263
AAPL,14593,QMLE-Quote,2025-10-15,0.191196
AAPL,14593,QMLE-Quote,2025-10-16,0.218621
AAPL,14593,QMLE-Quote,2025-10-17,0.210172
AAPL,14593,QMLE-Quote,2025-10-20,0.240541
AAPL,14593,QMLE-Quote,2025-10-21,0.208973
AAPL,14593,QMLE-Quote,2025-10-22,0.240179
AAPL,14593,QMLE-Quote,2025-10-23,0.161697
AAPL,14593,QMLE-Quote,2025-10-24,0.155661
AAPL,14593,QMLE-Quote,2025-10-27,0.15065
AAPL,14593,QMLE-Quote,2025-10-28,0.13621
AAPL,14593,QMLE-Quote,2025-10-29,0.193013
AAPL,14593,QMLE-Quote,2025-10-30,0.192178
AAPL,14593,QMLE-Quote,2025-11-3,0.181354
AAPL,14593,QMLE-Quote,2025-11-4,0.183382
AAPL,14593,QMLE-Quote,2025-11-5,0.178792
AAPL,14593,QMLE-Quote,2025-11-6,0.197635
AAPL,14593,QMLE-Quote,2025-11-7,0.217557
AAPL,14593,QMLE-Quote,2025-11-10,0.170215
AAPL,14593,QMLE-Quote,2025-11-11,0.185891
AAPL,14593,QMLE-Quote,2025-11-12,0.165948
AAPL,14593,QMLE-Quote,2025-11-13,0.190906
AAPL,14593,QMLE-Quote,2025-11-14,0.19651
AAPL,14593,QMLE-Quote,2025-11-17,0.199778
AAPL,14593,QMLE-Quote,2025-11-18,0.252771
AAPL,14593,QMLE-Quote,2025-11-19,0.220523
AAPL,14593,QMLE-Quote,2025-11-20,0.307212
AAPL,14593,QMLE-Quote,2025-11-21,0.261048
AAPL,14593,QMLE-Quote,2025-11-24,0.219614
AAPL,14593,QMLE-Quote,2025-11-25,0.243457
AAPL,14593,QMLE-Quote,2025-11-26,0.139545
AAPL,14593,QMLE-Quote,2025-11-28,0.13018
AAPL,14593,QMLE-Quote,2025-12-1,0.142557
AAPL,14593,QMLE-Quote,2025-12-2,0.195298
AAPL,14593,QMLE-Quote,2025-12-3,0.176332
AAPL,14593,QMLE-Quote,2025-12-4,0.157728
AAPL,14593,QMLE-Quote,2025-12-5,0.146667
AAPL,14593,QMLE-Quote,2025-12-8,0.1562
AAPL,14593,QMLE-Quote,2025-12-9,0.135437
AAPL,14593,QMLE-Quote,2025-12-10,0.160673
AAPL,14593,QMLE-Quote,2025-12-11,0.167933
AAPL,14593,QMLE-Quote,2025-12-12,0.183489
AAPL,14593,QMLE-Quote,2025-12-15,0.194239
AAPL,14593,QMLE-Quote,2025-12-16,0.177099
AAPL,14593,QMLE-Quote,2025-12-17,0.174026
AAPL,14593,QMLE-Quote,2025-12-18,0.221808
AAPL,14593,QMLE-Quote,2025-12-19,0.211246
AAPL,14593,QMLE-Quote,2025-12-22,0.133943
AAPL,14593,QMLE-Quote,2025-12-23,0.123166
AAPL,14593,QMLE-Quote,2025-12-24,0.115904
AAPL,14593,QMLE-Quote,2025-12-26,0.0980414
AAPL,14593,QMLE-Quote,2025-12-29,0.107515
AAPL,14593,QMLE-Quote,2025-12-30,0.105723
AAPL,14593,QMLE-Quote,2025-12-31,0.0918439
AAPL,14593,QMLE-Quote,2026-1-2,0.196343
AAPL,14593,QMLE-Quote,2026-1-5,0.190601
AAPL,14593,QMLE-Quote,2026-1-6,0.187627
AAPL,14593,QMLE-Quote,2026-1-7,0.169442
AAPL,14593,QMLE-Quote,2026-1-8,0.18817
AAPL,14593,QMLE-Quote,2026-1-9,0.182379
AAPL,14593,QMLE-Quote,2026-1-12,0.191134
AAPL,14593,QMLE-Quote,2026-1-13,0.196424
AAPL,14593,QMLE-Quote,2026-1-14,0.200611
AAPL,14593,QMLE-Quote,2026-1-15,0.168971
AAPL,14593,QMLE-Quote,2026-1-16,0.146165
AAPL,14593,QMLE-Quote,2026-1-20,0.244032
AAPL,14593,QMLE-Quote,2026-1-21,0.263867
AAPL,14593,QMLE-Quote,2026-1-22,0.193234
AAPL,14593,QMLE-Quote,2026-1-23,0.189274
AAPL,14593,QMLE-Quote,2026-1-26,0.20038
AAPL,14593,QMLE-Quote,2026-1-27,0.182227
AAPL,14593,QMLE-Quote,2026-1-28,0.179572
AAPL,14593,QMLE-Quote,2026-1-29,0.206125
AAPL,14593,QMLE-Quote,2026-1-30,0.348933
AAPL,14593,QMLE-Quote,2026-2-2,0.291716
AAPL,14593,QMLE-Quote,2026-2-3,0.28435
AAPL,14593,QMLE-Quote,2026-2-4,0.317256
AAPL,14593,QMLE-Quote,2026-2-5,0.331369
AAPL,14593,QMLE-Quote,2026-2-6,0.244934
AAPL,14593,QMLE-Quote,2026-2-9,0.231725
AAPL,14593,QMLE-Quote,2026-2-10,0.179151
AAPL,14593,QMLE-Quote,2026-2-11,0.323732
AAPL,14593,QMLE-Quote,2026-2-12,0.269336
AAPL,14593,QMLE-Quote,2026-2-13,0.260971
AAPL,14593,QMLE-Quote,2026-2-17,0.313875
AAPL,14593,QMLE-Quote,2026-2-18,0.207536
AAPL,14593,QMLE-Quote,2026-2-19,0.186952
AAPL,14593,QMLE-Quote,2026-2-20,0.24464
AAPL,14593,QMLE-Quote,2026-2-23,0.217463
AAPL,14593,QMLE-Quote,2026-2-24,0.229518
AAPL,14593,QMLE-Quote,2026-2-25,0.160618
AAPL,14593,QMLE-Quote,2026-2-26,0.213069
AAPL,14593,QMLE-Quote,2026-2-27,0.250595
AAPL,14593,QMLE-Quote,2026-3-2,0.272462
AAPL,14593,QMLE-Quote,2026-3-3,0.300713
AAPL,14593,QMLE-Quote,2026-3-4,0.227748
AAPL,14593,QMLE-Quote,2026-3-5,0.230485
AAPL,14593,QMLE-Quote,2026-3-6,0.242879
AAPL,14593,QMLE-Quote,2026-3-10,0.213561
AAPL,14593,QMLE-Quote,2026-3-11,0.171602
AAPL,14593,QMLE-Quote,2026-3-12,0.191141
AAPL,14593,QMLE-Quote,2026-3-13,0.194841
AAPL,14593,QMLE-Quote,2026-3-16,0.209265
AAPL,14593,QMLE-Quote,2026-3-17,0.141571
AAPL,14593,QMLE-Quote,2026-3-18,0.175453
AAPL,14593,QMLE-Quote,2026-3-19,0.239882
AAPL,14593,QMLE-Quote,2026-3-20,0.221637
AAPL,14593,QMLE-Quote,2026-3-23,0.230544
AAPL,14593,QMLE-Quote,2026-3-24,0.213895
AAPL,14593,QMLE-Quote,2026-3-25,0.160431
AAPL,14593,QMLE-Quote,2026-3-26,0.202476
AAPL,14593,QMLE-Quote,2026-3-27,0.229712
AAPL,14593,QMLE-Quote,2026-3-30,0.190709
AAPL,14593,QMLE-Quote,2026-3-31,0.226208
AAPL,14593,QMLE-Quote,2026-4-1,0.177096
AAPL,14593,QMLE-Quote,2026-4-2,0.209632
AAPL,14593,QMLE-Quote,2026-4-6,0.175486
AAPL,14593,QMLE-Quote,2026-4-7,0.2908
AAPL,14593,QMLE-Quote,2026-4-8,0.202689
AAPL,14593,QMLE-Quote,2026-4-9,0.140093
AAPL,14593,QMLE-Quote,2026-4-10,0.141686
AAPL,14593,QMLE-Quote,2026-4-15,0.189924
AAPL,14593,QMLE-Quote,2026-4-16,0.163112
AAPL,14593,QMLE-Quote,2026-4-17,0.185532
AAPL,14593,QMLE-Quote,2026-4-20,0.17585
AAPL,14593,QMLE-Quote,2026-4-21,0.199301
AAPL,14593,QMLE-Quote,2026-4-23,0.187415
AAPL,14593,QMLE-Quote,2026-4-24,0.164304
AAPL,14593,QMLE-Quote,2026-4-27,0.174232
AAPL,14593,QMLE-Quote,2026-4-28,0.203456
AAPL,14593,QMLE-Quote,2026-4-29,0.152737
AAPL,14593,QMLE-Quote,2026-4-30,0.239151
AAPL,14593,QMLE-Quote,2026-5-1,0.33806
AAPL,14593,QMLE-Quote,2026-5-4,0.231443
AAPL,14593,QMLE-Quote,2026-5-7,0.214814
AAPL,14593,QMLE-Quote,2026-5-8,0.198483
AAPL,14593,QMLE-Quote,2026-5-11,0.182064
AAPL,14593,QMLE-Quote,2026-5-12,0.173818
AAPL,14593,QMLE-Quote,2026-5-13,0.181728
AAPL,14593,QMLE-Quote,2026-5-14,0.176027
AAPL,14593,QMLE-Quote,2026-5-15,0.205861
AAPL,14593,QMLE-Quote,2026-5-18,0.208682
AAPL,14593,QMLE-Quote,2026-5-19,0.166605
AAPL,14593,QMLE-Quote,2026-5-20,0.182029
AAPL,14593,QMLE-Quote,2026-5-21,0.155052
AAPL,14593,QMLE-Quote,2026-5-22,0.159053
AAPL,14593,QMLE-Quote,2026-5-26,0.168618
AAPL,14593,QMLE-Quote,2026-5-27,0.183444
AAPL,14593,QMLE-Quote,2026-5-28,0.161315
AAPL,14593,QMLE-Quote,2026-5-29,0.181099
AAPL,14593,QMLE-Quote,2026-6-1,0.201656
AAPL,14593,QMLE-Quote,2026-6-2,0.166617
AAPL,14593,QMLE-Quote,2026-6-3,0.186235
AAPL,14593,QMLE-Quote,2026-6-4,0.174815
AAPL,14593,QMLE-Quote,2026-6-5,0.216108
AAPL,14593,QMLE-Quote,2026-6-8,0.414582
AAPL,14593,QMLE-Quote,2026-6-9,0.290536
AAPL,14593,QMLE-Quote,2026-6-10,0.270797
AAPL,14593,QMLE-Quote,2026-6-11,0.238552
AAPL,14593,QMLE-Quote,2026-6-12,0.222074
AAPL,14593,QMLE-Quote,2026-6-15,0.182492
AAPL,14593,QMLE-Quote,2026-6-16,0.177945
AAPL,14593,QMLE-Quote,2026-6-17,0.240571
AAPL,14593,QMLE-Quote,2026-6-18,0.233435
AAPL,14593,QMLE-Quote,2026-6-22,0.219058
AAPL,14593,QMLE-Quote,2026-6-23,0.256388
AAPL,14593,QMLE-Quote,2026-6-24,0.250431
AAPL,14593,QMLE-Quote,2026-6-25,0.399758
AAPL,14593,QMLE-Quote,2026-6-26,0.415829
AAPL,14593,QMLE-Quote,2026-6-29,0.262879
AAPL,14593,QMLE-Quote,2026-6-30,0.235197
