Symbol,PN,Type,Date,Volatility
CAT,18542,QMLE-Trade,1996-1-2,0.237751
CAT,18542,QMLE-Trade,1996-1-3,0.343952
CAT,18542,QMLE-Trade,1996-1-4,0.179384
CAT,18542,QMLE-Trade,1996-1-5,0.331932
CAT,18542,QMLE-Trade,1996-1-8,0.154398
CAT,18542,QMLE-Trade,1996-1-9,0.23851
CAT,18542,QMLE-Trade,1996-1-10,0.365699
CAT,18542,QMLE-Trade,1996-1-11,0.098904
CAT,18542,QMLE-Trade,1996-1-12,0.344649
CAT,18542,QMLE-Trade,1996-1-15,0.245605
CAT,18542,QMLE-Trade,1996-1-16,0.30494
CAT,18542,QMLE-Trade,1996-1-17,0.42575
CAT,18542,QMLE-Trade,1996-1-18,0.822184
CAT,18542,QMLE-Trade,1996-1-19,0.309123
CAT,18542,QMLE-Trade,1996-1-22,0.422754
CAT,18542,QMLE-Trade,1996-1-23,0.25979
CAT,18542,QMLE-Trade,1996-1-24,0.127884
CAT,18542,QMLE-Trade,1996-1-25,0.218734
CAT,18542,QMLE-Trade,1996-1-26,0.375995
CAT,18542,QMLE-Trade,1996-1-29,0.201307
CAT,18542,QMLE-Trade,1996-1-30,0.200352
CAT,18542,QMLE-Trade,1996-1-31,0.322369
CAT,18542,QMLE-Trade,1996-2-1,0.2308
CAT,18542,QMLE-Trade,1996-2-2,0.301337
CAT,18542,QMLE-Trade,1996-2-5,0.239952
CAT,18542,QMLE-Trade,1996-2-6,0.149824
CAT,18542,QMLE-Trade,1996-2-7,0.22912
CAT,18542,QMLE-Trade,1996-2-8,0.163147
CAT,18542,QMLE-Trade,1996-2-9,0.23005
CAT,18542,QMLE-Trade,1996-2-12,0.318409
CAT,18542,QMLE-Trade,1996-2-13,0.278899
CAT,18542,QMLE-Trade,1996-2-14,0.187355
CAT,18542,QMLE-Trade,1996-2-15,0.145722
CAT,18542,QMLE-Trade,1996-2-16,0.259832
CAT,18542,QMLE-Trade,1996-2-20,0.232994
CAT,18542,QMLE-Trade,1996-2-21,0.237123
CAT,18542,QMLE-Trade,1996-2-22,0.221702
CAT,18542,QMLE-Trade,1996-2-23,0.300742
CAT,18542,QMLE-Trade,1996-2-26,0.246949
CAT,18542,QMLE-Trade,1996-2-27,0.309119
CAT,18542,QMLE-Trade,1996-2-28,0.274026
CAT,18542,QMLE-Trade,1996-2-29,0.247225
CAT,18542,QMLE-Trade,1996-3-1,0.40856
CAT,18542,QMLE-Trade,1996-3-4,0.275466
CAT,18542,QMLE-Trade,1996-3-5,0.157649
CAT,18542,QMLE-Trade,1996-3-6,0.251886
CAT,18542,QMLE-Trade,1996-3-7,0.247964
CAT,18542,QMLE-Trade,1996-3-8,0.307608
CAT,18542,QMLE-Trade,1996-3-11,0.367184
CAT,18542,QMLE-Trade,1996-3-12,0.346526
CAT,18542,QMLE-Trade,1996-3-13,0.188373
CAT,18542,QMLE-Trade,1996-3-14,0.0971476
CAT,18542,QMLE-Trade,1996-3-15,0.210715
CAT,18542,QMLE-Trade,1996-3-18,0.220017
CAT,18542,QMLE-Trade,1996-3-19,0.330088
CAT,18542,QMLE-Trade,1996-3-20,0.294206
CAT,18542,QMLE-Trade,1996-3-21,0.112532
CAT,18542,QMLE-Trade,1996-3-22,0.141779
CAT,18542,QMLE-Trade,1996-3-25,0.299418
CAT,18542,QMLE-Trade,1996-3-26,0.185242
CAT,18542,QMLE-Trade,1996-3-27,0.167568
CAT,18542,QMLE-Trade,1996-3-28,0.214506
CAT,18542,QMLE-Trade,1996-3-29,0.177526
CAT,18542,QMLE-Trade,1996-4-1,0.195331
CAT,18542,QMLE-Trade,1996-4-2,0.275537
CAT,18542,QMLE-Trade,1996-4-3,0.25334
CAT,18542,QMLE-Trade,1996-4-4,0.200771
CAT,18542,QMLE-Trade,1996-4-8,0.240542
CAT,18542,QMLE-Trade,1996-4-9,0.16527
CAT,18542,QMLE-Trade,1996-4-10,0.219799
CAT,18542,QMLE-Trade,1996-4-11,0.353369
CAT,18542,QMLE-Trade,1996-4-12,0.289826
CAT,18542,QMLE-Trade,1996-4-15,0.210663
CAT,18542,QMLE-Trade,1996-4-16,0.376507
CAT,18542,QMLE-Trade,1996-4-17,0.226416
CAT,18542,QMLE-Trade,1996-4-18,0.328683
CAT,18542,QMLE-Trade,1996-4-19,0.10356
CAT,18542,QMLE-Trade,1996-4-22,0.069422
CAT,18542,QMLE-Trade,1996-4-23,0.21347
CAT,18542,QMLE-Trade,1996-4-24,0.152585
CAT,18542,QMLE-Trade,1996-4-25,0.297682
CAT,18542,QMLE-Trade,1996-4-26,0.173917
CAT,18542,QMLE-Trade,1996-4-29,0.165771
CAT,18542,QMLE-Trade,1996-4-30,0.119656
CAT,18542,QMLE-Trade,1996-5-1,0.255083
CAT,18542,QMLE-Trade,1996-5-2,0.35689
CAT,18542,QMLE-Trade,1996-5-3,0.212617
CAT,18542,QMLE-Trade,1996-5-6,0.126879
CAT,18542,QMLE-Trade,1996-5-7,0.0765793
CAT,18542,QMLE-Trade,1996-5-8,0.170219
CAT,18542,QMLE-Trade,1996-5-9,0.184114
CAT,18542,QMLE-Trade,1996-5-10,0.141698
CAT,18542,QMLE-Trade,1996-5-13,0.0958414
CAT,18542,QMLE-Trade,1996-5-14,0.251889
CAT,18542,QMLE-Trade,1996-5-15,0.246881
CAT,18542,QMLE-Trade,1996-5-16,0.24755
CAT,18542,QMLE-Trade,1996-5-17,0.146069
CAT,18542,QMLE-Trade,1996-5-20,0.130275
CAT,18542,QMLE-Trade,1996-5-21,0.0882669
CAT,18542,QMLE-Trade,1996-5-22,0.208626
CAT,18542,QMLE-Trade,1996-5-23,0.436939
CAT,18542,QMLE-Trade,1996-5-24,0.153687
CAT,18542,QMLE-Trade,1996-5-28,0.160246
CAT,18542,QMLE-Trade,1996-5-29,0.0937633
CAT,18542,QMLE-Trade,1996-5-30,0.15379
CAT,18542,QMLE-Trade,1996-5-31,0.00233958
CAT,18542,QMLE-Trade,1996-6-3,0.224111
CAT,18542,QMLE-Trade,1996-6-4,0.152489
CAT,18542,QMLE-Trade,1996-6-5,0.198244
CAT,18542,QMLE-Trade,1996-6-6,0.148908
CAT,18542,QMLE-Trade,1996-6-7,0.346918
CAT,18542,QMLE-Trade,1996-6-10,0.24861
CAT,18542,QMLE-Trade,1996-6-11,0.215681
CAT,18542,QMLE-Trade,1996-6-12,0.277289
CAT,18542,QMLE-Trade,1996-6-13,0.269483
CAT,18542,QMLE-Trade,1996-6-14,0.158054
CAT,18542,QMLE-Trade,1996-6-17,0.158105
CAT,18542,QMLE-Trade,1996-6-18,0.361054
CAT,18542,QMLE-Trade,1996-6-19,0.254316
CAT,18542,QMLE-Trade,1996-6-20,0.236674
CAT,18542,QMLE-Trade,1996-6-21,0.276968
CAT,18542,QMLE-Trade,1996-6-24,0.246396
CAT,18542,QMLE-Trade,1996-6-25,0.165274
CAT,18542,QMLE-Trade,1996-6-26,0.292425
CAT,18542,QMLE-Trade,1996-6-27,0.115203
CAT,18542,QMLE-Trade,1996-6-28,0.234162
CAT,18542,QMLE-Trade,1996-7-1,0.400813
CAT,18542,QMLE-Trade,1996-7-2,0.177275
CAT,18542,QMLE-Trade,1996-7-3,0.315703
CAT,18542,QMLE-Trade,1996-7-5,0.479966
CAT,18542,QMLE-Trade,1996-7-8,0.22604
CAT,18542,QMLE-Trade,1996-7-9,0.107214
CAT,18542,QMLE-Trade,1996-7-10,0.17318
CAT,18542,QMLE-Trade,1996-7-11,0.264725
CAT,18542,QMLE-Trade,1996-7-12,0.32652
CAT,18542,QMLE-Trade,1996-7-15,0.380369
CAT,18542,QMLE-Trade,1996-7-16,0.783645
CAT,18542,QMLE-Trade,1996-7-17,0.339193
CAT,18542,QMLE-Trade,1996-7-18,0.19326
CAT,18542,QMLE-Trade,1996-7-19,0.201072
CAT,18542,QMLE-Trade,1996-7-22,0.146568
CAT,18542,QMLE-Trade,1996-7-23,0.210387
CAT,18542,QMLE-Trade,1996-7-24,0.262626
CAT,18542,QMLE-Trade,1996-7-25,0.38241
CAT,18542,QMLE-Trade,1996-7-26,0.306839
CAT,18542,QMLE-Trade,1996-7-29,0.0894408
CAT,18542,QMLE-Trade,1996-7-30,0.181701
CAT,18542,QMLE-Trade,1996-7-31,0.214972
CAT,18542,QMLE-Trade,1996-8-1,0.260943
CAT,18542,QMLE-Trade,1996-8-2,0.16727
CAT,18542,QMLE-Trade,1996-8-5,0.103029
CAT,18542,QMLE-Trade,1996-8-6,0.135248
CAT,18542,QMLE-Trade,1996-8-7,0.125502
CAT,18542,QMLE-Trade,1996-8-8,0.197453
CAT,18542,QMLE-Trade,1996-8-9,0.0676947
CAT,18542,QMLE-Trade,1996-8-12,0.238968
CAT,18542,QMLE-Trade,1996-8-13,0.129066
CAT,18542,QMLE-Trade,1996-8-14,0.0710681
CAT,18542,QMLE-Trade,1996-8-15,0.0896123
CAT,18542,QMLE-Trade,1996-8-16,0.0150707
CAT,18542,QMLE-Trade,1996-8-19,0.238665
CAT,18542,QMLE-Trade,1996-8-20,0.244069
CAT,18542,QMLE-Trade,1996-8-21,0.198649
CAT,18542,QMLE-Trade,1996-8-22,0.0462514
CAT,18542,QMLE-Trade,1996-8-23,0.12701
CAT,18542,QMLE-Trade,1996-8-26,0.17301
CAT,18542,QMLE-Trade,1996-8-27,0.0794303
CAT,18542,QMLE-Trade,1996-8-28,0.134795
CAT,18542,QMLE-Trade,1996-8-29,0.111244
CAT,18542,QMLE-Trade,1996-8-30,0.137589
CAT,18542,QMLE-Trade,1996-9-3,0.0788745
CAT,18542,QMLE-Trade,1996-9-4,0.245375
CAT,18542,QMLE-Trade,1996-9-5,0.199707
CAT,18542,QMLE-Trade,1996-9-6,0.283294
CAT,18542,QMLE-Trade,1996-9-9,0.16669
CAT,18542,QMLE-Trade,1996-9-10,0.196412
CAT,18542,QMLE-Trade,1996-9-11,0.174528
CAT,18542,QMLE-Trade,1996-9-12,0.184397
CAT,18542,QMLE-Trade,1996-9-13,0.229608
CAT,18542,QMLE-Trade,1996-9-16,0.13276
CAT,18542,QMLE-Trade,1996-9-17,0.248457
CAT,18542,QMLE-Trade,1996-9-18,0.186826
CAT,18542,QMLE-Trade,1996-9-19,0.233266
CAT,18542,QMLE-Trade,1996-9-20,0.109327
CAT,18542,QMLE-Trade,1996-9-23,0.0608735
CAT,18542,QMLE-Trade,1996-9-24,0.219331
CAT,18542,QMLE-Trade,1996-9-25,0.158861
CAT,18542,QMLE-Trade,1996-9-26,0.136042
CAT,18542,QMLE-Trade,1996-9-27,0.177219
CAT,18542,QMLE-Trade,1996-9-30,0.228509
CAT,18542,QMLE-Trade,1996-10-1,0.252929
CAT,18542,QMLE-Trade,1996-10-2,0.185726
CAT,18542,QMLE-Trade,1996-10-3,0.204346
CAT,18542,QMLE-Trade,1996-10-4,0.183055
CAT,18542,QMLE-Trade,1996-10-7,0.136984
CAT,18542,QMLE-Trade,1996-10-8,0.0500783
CAT,18542,QMLE-Trade,1996-10-9,0.108836
CAT,18542,QMLE-Trade,1996-10-10,0.159556
CAT,18542,QMLE-Trade,1996-10-11,0.161939
CAT,18542,QMLE-Trade,1996-10-14,0.192109
CAT,18542,QMLE-Trade,1996-10-15,0.373563
CAT,18542,QMLE-Trade,1996-10-16,0.322598
CAT,18542,QMLE-Trade,1996-10-17,0.248445
CAT,18542,QMLE-Trade,1996-10-18,0.0592685
CAT,18542,QMLE-Trade,1996-10-21,0.135548
CAT,18542,QMLE-Trade,1996-10-22,0.134772
CAT,18542,QMLE-Trade,1996-10-23,0.191442
CAT,18542,QMLE-Trade,1996-10-24,0.178143
CAT,18542,QMLE-Trade,1996-10-25,0.197654
CAT,18542,QMLE-Trade,1996-10-28,0.194173
CAT,18542,QMLE-Trade,1996-10-29,0.219518
CAT,18542,QMLE-Trade,1996-10-30,0.234945
CAT,18542,QMLE-Trade,1996-10-31,0.119423
CAT,18542,QMLE-Trade,1996-11-1,0.280662
CAT,18542,QMLE-Trade,1996-11-4,0.143189
CAT,18542,QMLE-Trade,1996-11-5,0.0258473
CAT,18542,QMLE-Trade,1996-11-6,0.131323
CAT,18542,QMLE-Trade,1996-11-7,0.247638
CAT,18542,QMLE-Trade,1996-11-8,0.183583
CAT,18542,QMLE-Trade,1996-11-11,0.00200954
CAT,18542,QMLE-Trade,1996-11-12,0.274995
CAT,18542,QMLE-Trade,1996-11-13,0.27537
CAT,18542,QMLE-Trade,1996-11-14,0.171242
CAT,18542,QMLE-Trade,1996-11-15,0.198934
CAT,18542,QMLE-Trade,1996-11-18,0.147461
CAT,18542,QMLE-Trade,1996-11-19,0.0317896
CAT,18542,QMLE-Trade,1996-11-20,0.183797
CAT,18542,QMLE-Trade,1996-11-21,0.16126
CAT,18542,QMLE-Trade,1996-11-22,0.385707
CAT,18542,QMLE-Trade,1996-11-25,0.21531
CAT,18542,QMLE-Trade,1996-11-26,0.283157
CAT,18542,QMLE-Trade,1996-11-27,0.148609
CAT,18542,QMLE-Trade,1996-11-29,0.179616
CAT,18542,QMLE-Trade,1996-12-2,0.230907
CAT,18542,QMLE-Trade,1996-12-3,0.200389
CAT,18542,QMLE-Trade,1996-12-4,0.115097
CAT,18542,QMLE-Trade,1996-12-5,0.354284
CAT,18542,QMLE-Trade,1996-12-6,0.203381
CAT,18542,QMLE-Trade,1996-12-9,0.0731028
CAT,18542,QMLE-Trade,1996-12-10,0.217393
CAT,18542,QMLE-Trade,1996-12-11,0.268965
CAT,18542,QMLE-Trade,1996-12-12,0.105297
CAT,18542,QMLE-Trade,1996-12-13,0.211653
CAT,18542,QMLE-Trade,1996-12-16,0.263315
CAT,18542,QMLE-Trade,1996-12-17,0.164455
CAT,18542,QMLE-Trade,1996-12-18,0.354341
CAT,18542,QMLE-Trade,1996-12-19,0.248098
CAT,18542,QMLE-Trade,1996-12-20,0.189857
CAT,18542,QMLE-Trade,1996-12-23,0.17114
CAT,18542,QMLE-Trade,1996-12-24,0.0897102
CAT,18542,QMLE-Trade,1996-12-26,0.106611
CAT,18542,QMLE-Trade,1996-12-27,0.0721386
CAT,18542,QMLE-Trade,1996-12-30,0.160461
CAT,18542,QMLE-Trade,1996-12-31,0.218312
CAT,18542,QMLE-Trade,1997-1-2,0.300803
CAT,18542,QMLE-Trade,1997-1-3,0.290087
CAT,18542,QMLE-Trade,1997-1-6,0.239902
CAT,18542,QMLE-Trade,1997-1-7,0.241404
CAT,18542,QMLE-Trade,1997-1-8,0.218598
CAT,18542,QMLE-Trade,1997-1-9,0.234012
CAT,18542,QMLE-Trade,1997-1-10,0.316985
CAT,18542,QMLE-Trade,1997-1-13,0.158839
CAT,18542,QMLE-Trade,1997-1-14,0.13058
CAT,18542,QMLE-Trade,1997-1-15,0.0623339
CAT,18542,QMLE-Trade,1997-1-16,0.0595443
CAT,18542,QMLE-Trade,1997-1-17,0.167123
CAT,18542,QMLE-Trade,1997-1-20,0.074811
CAT,18542,QMLE-Trade,1997-1-21,0.279116
CAT,18542,QMLE-Trade,1997-1-22,0.223106
CAT,18542,QMLE-Trade,1997-1-23,0.235138
CAT,18542,QMLE-Trade,1997-1-24,0.129671
CAT,18542,QMLE-Trade,1997-1-27,0.115146
CAT,18542,QMLE-Trade,1997-1-28,0.207758
CAT,18542,QMLE-Trade,1997-1-29,0.0575048
CAT,18542,QMLE-Trade,1997-1-30,0.127834
CAT,18542,QMLE-Trade,1997-1-31,0.14979
CAT,18542,QMLE-Trade,1997-2-3,0.15394
CAT,18542,QMLE-Trade,1997-2-4,0.183968
CAT,18542,QMLE-Trade,1997-2-5,0.137984
CAT,18542,QMLE-Trade,1997-2-6,0.000874373
CAT,18542,QMLE-Trade,1997-2-7,0.348055
CAT,18542,QMLE-Trade,1997-2-10,0.190457
CAT,18542,QMLE-Trade,1997-2-11,0.189455
CAT,18542,QMLE-Trade,1997-2-12,0.139337
CAT,18542,QMLE-Trade,1997-2-13,0.399827
CAT,18542,QMLE-Trade,1997-2-14,0.262368
CAT,18542,QMLE-Trade,1997-2-18,0.186272
CAT,18542,QMLE-Trade,1997-2-19,0.301833
CAT,18542,QMLE-Trade,1997-2-20,0.126634
CAT,18542,QMLE-Trade,1997-2-21,0.0915956
CAT,18542,QMLE-Trade,1997-2-24,0.221936
CAT,18542,QMLE-Trade,1997-2-25,0.183522
CAT,18542,QMLE-Trade,1997-2-26,0.315816
CAT,18542,QMLE-Trade,1997-2-27,0.19834
CAT,18542,QMLE-Trade,1997-2-28,0.0775066
CAT,18542,QMLE-Trade,1997-3-3,0.092999
CAT,18542,QMLE-Trade,1997-3-4,0.173481
CAT,18542,QMLE-Trade,1997-3-5,0.141934
CAT,18542,QMLE-Trade,1997-3-6,0.167513
CAT,18542,QMLE-Trade,1997-3-7,0.128974
CAT,18542,QMLE-Trade,1997-3-10,0.219518
CAT,18542,QMLE-Trade,1997-3-11,0.191747
CAT,18542,QMLE-Trade,1997-3-12,0.151113
CAT,18542,QMLE-Trade,1997-3-13,0.192876
CAT,18542,QMLE-Trade,1997-3-14,0.17172
CAT,18542,QMLE-Trade,1997-3-17,0.0763816
CAT,18542,QMLE-Trade,1997-3-18,0.145747
CAT,18542,QMLE-Trade,1997-3-19,0.159252
CAT,18542,QMLE-Trade,1997-3-20,0.26043
CAT,18542,QMLE-Trade,1997-3-21,0.0791604
CAT,18542,QMLE-Trade,1997-3-24,0.235109
CAT,18542,QMLE-Trade,1997-3-25,0.239273
CAT,18542,QMLE-Trade,1997-3-26,0.189799
CAT,18542,QMLE-Trade,1997-3-27,0.172916
CAT,18542,QMLE-Trade,1997-3-31,0.272864
CAT,18542,QMLE-Trade,1997-4-1,0.208792
CAT,18542,QMLE-Trade,1997-4-2,0.265807
CAT,18542,QMLE-Trade,1997-4-3,0.158437
CAT,18542,QMLE-Trade,1997-4-4,0.367368
CAT,18542,QMLE-Trade,1997-4-7,0.118801
CAT,18542,QMLE-Trade,1997-4-8,0.0200666
CAT,18542,QMLE-Trade,1997-4-9,0.0661421
CAT,18542,QMLE-Trade,1997-4-10,0.176603
CAT,18542,QMLE-Trade,1997-4-11,0.177338
CAT,18542,QMLE-Trade,1997-4-14,0.261401
CAT,18542,QMLE-Trade,1997-4-15,0.421827
CAT,18542,QMLE-Trade,1997-4-16,0.414079
CAT,18542,QMLE-Trade,1997-4-17,0.17487
CAT,18542,QMLE-Trade,1997-4-18,0.201731
CAT,18542,QMLE-Trade,1997-4-21,0.170796
CAT,18542,QMLE-Trade,1997-4-22,0.272029
CAT,18542,QMLE-Trade,1997-4-23,0.290013
CAT,18542,QMLE-Trade,1997-4-24,0.287357
CAT,18542,QMLE-Trade,1997-4-25,0.314552
CAT,18542,QMLE-Trade,1997-4-28,0.183552
CAT,18542,QMLE-Trade,1997-4-29,0.297396
CAT,18542,QMLE-Trade,1997-4-30,0.356398
CAT,18542,QMLE-Trade,1997-5-1,0.234463
CAT,18542,QMLE-Trade,1997-5-2,0.313843
CAT,18542,QMLE-Trade,1997-5-5,0.267468
CAT,18542,QMLE-Trade,1997-5-6,0.154288
CAT,18542,QMLE-Trade,1997-5-7,0.161997
CAT,18542,QMLE-Trade,1997-5-8,0.299895
CAT,18542,QMLE-Trade,1997-5-9,0.221955
CAT,18542,QMLE-Trade,1997-5-12,0.132986
CAT,18542,QMLE-Trade,1997-5-13,0.231311
CAT,18542,QMLE-Trade,1997-5-14,0.33798
CAT,18542,QMLE-Trade,1997-5-15,0.412745
CAT,18542,QMLE-Trade,1997-5-16,0.249339
CAT,18542,QMLE-Trade,1997-5-19,0.292341
CAT,18542,QMLE-Trade,1997-5-20,0.272063
CAT,18542,QMLE-Trade,1997-5-21,0.432358
CAT,18542,QMLE-Trade,1997-5-22,0.0211638
CAT,18542,QMLE-Trade,1997-5-23,0.18025
CAT,18542,QMLE-Trade,1997-5-27,0.243088
CAT,18542,QMLE-Trade,1997-5-28,0.174293
CAT,18542,QMLE-Trade,1997-5-29,0.109499
CAT,18542,QMLE-Trade,1997-5-30,0.256579
CAT,18542,QMLE-Trade,1997-6-2,0.161441
CAT,18542,QMLE-Trade,1997-6-3,0.231665
CAT,18542,QMLE-Trade,1997-6-4,0.103782
CAT,18542,QMLE-Trade,1997-6-5,0.180842
CAT,18542,QMLE-Trade,1997-6-6,0.316154
CAT,18542,QMLE-Trade,1997-6-9,0.27536
CAT,18542,QMLE-Trade,1997-6-10,0.272369
CAT,18542,QMLE-Trade,1997-6-11,0.261887
CAT,18542,QMLE-Trade,1997-6-12,0.184854
CAT,18542,QMLE-Trade,1997-6-13,0.259039
CAT,18542,QMLE-Trade,1997-6-16,0.108925
CAT,18542,QMLE-Trade,1997-6-17,0.164122
CAT,18542,QMLE-Trade,1997-6-18,0.00171213
CAT,18542,QMLE-Trade,1997-6-19,0.152953
CAT,18542,QMLE-Trade,1997-6-20,0.132807
CAT,18542,QMLE-Trade,1997-6-23,0.163362
CAT,18542,QMLE-Trade,1997-6-24,0.274104
CAT,18542,QMLE-Trade,1997-6-25,0.240872
CAT,18542,QMLE-Trade,1997-6-26,0.275379
CAT,18542,QMLE-Trade,1997-6-27,0.223907
CAT,18542,QMLE-Trade,1997-6-30,0.248228
CAT,18542,QMLE-Trade,1997-7-1,0.286285
CAT,18542,QMLE-Trade,1997-7-2,0.292097
CAT,18542,QMLE-Trade,1997-7-3,0.174746
CAT,18542,QMLE-Trade,1997-7-7,0.134188
CAT,18542,QMLE-Trade,1997-7-8,0.160889
CAT,18542,QMLE-Trade,1997-7-9,0.258408
CAT,18542,QMLE-Trade,1997-7-10,0.182968
CAT,18542,QMLE-Trade,1997-7-11,0.211498
CAT,18542,QMLE-Trade,1997-7-14,0.276007
CAT,18542,QMLE-Trade,1997-7-15,0.233768
CAT,18542,QMLE-Trade,1997-7-16,0.169366
CAT,18542,QMLE-Trade,1997-7-17,0.138537
CAT,18542,QMLE-Trade,1997-7-18,0.320969
CAT,18542,QMLE-Trade,1997-7-21,0.354636
CAT,18542,QMLE-Trade,1997-7-22,0.591482
CAT,18542,QMLE-Trade,1997-7-23,0.280502
CAT,18542,QMLE-Trade,1997-7-24,0.238045
CAT,18542,QMLE-Trade,1997-7-25,0.259741
CAT,18542,QMLE-Trade,1997-7-28,0.174229
CAT,18542,QMLE-Trade,1997-7-29,0.270064
CAT,18542,QMLE-Trade,1997-7-30,0.236041
CAT,18542,QMLE-Trade,1997-7-31,0.383261
CAT,18542,QMLE-Trade,1997-8-1,0.379569
CAT,18542,QMLE-Trade,1997-8-4,0.305548
CAT,18542,QMLE-Trade,1997-8-5,0.176193
CAT,18542,QMLE-Trade,1997-8-6,0.337082
CAT,18542,QMLE-Trade,1997-8-7,0.247734
CAT,18542,QMLE-Trade,1997-8-8,0.358308
CAT,18542,QMLE-Trade,1997-8-11,0.317765
CAT,18542,QMLE-Trade,1997-8-12,0.264247
CAT,18542,QMLE-Trade,1997-8-13,0.134159
CAT,18542,QMLE-Trade,1997-8-14,0.282276
CAT,18542,QMLE-Trade,1997-8-15,0.22326
CAT,18542,QMLE-Trade,1997-8-18,0.220044
CAT,18542,QMLE-Trade,1997-8-19,0.322681
CAT,18542,QMLE-Trade,1997-8-20,0.30352
CAT,18542,QMLE-Trade,1997-8-21,0.359529
CAT,18542,QMLE-Trade,1997-8-22,0.377128
CAT,18542,QMLE-Trade,1997-8-25,0.218755
CAT,18542,QMLE-Trade,1997-8-26,0.335211
CAT,18542,QMLE-Trade,1997-8-27,0.323528
CAT,18542,QMLE-Trade,1997-8-28,0.48128
CAT,18542,QMLE-Trade,1997-8-29,0.313228
CAT,18542,QMLE-Trade,1997-9-2,0.307119
CAT,18542,QMLE-Trade,1997-9-3,0.158633
CAT,18542,QMLE-Trade,1997-9-4,0.41307
CAT,18542,QMLE-Trade,1997-9-5,0.294079
CAT,18542,QMLE-Trade,1997-9-8,0.0849965
CAT,18542,QMLE-Trade,1997-9-9,0.198144
CAT,18542,QMLE-Trade,1997-9-10,0.245825
CAT,18542,QMLE-Trade,1997-9-11,0.308883
CAT,18542,QMLE-Trade,1997-9-12,0.197385
CAT,18542,QMLE-Trade,1997-9-15,0.314751
CAT,18542,QMLE-Trade,1997-9-16,0.270233
CAT,18542,QMLE-Trade,1997-9-17,0.412174
CAT,18542,QMLE-Trade,1997-9-18,0.294706
CAT,18542,QMLE-Trade,1997-9-19,0.176441
CAT,18542,QMLE-Trade,1997-9-22,0.142589
CAT,18542,QMLE-Trade,1997-9-23,0.261529
CAT,18542,QMLE-Trade,1997-9-24,0.229952
CAT,18542,QMLE-Trade,1997-9-25,0.255099
CAT,18542,QMLE-Trade,1997-9-26,0.148024
CAT,18542,QMLE-Trade,1997-9-29,0.188826
CAT,18542,QMLE-Trade,1997-9-30,0.238974
CAT,18542,QMLE-Trade,1997-10-1,0.353233
CAT,18542,QMLE-Trade,1997-10-2,0.264851
CAT,18542,QMLE-Trade,1997-10-3,0.374378
CAT,18542,QMLE-Trade,1997-10-6,0.261235
CAT,18542,QMLE-Trade,1997-10-7,0.261672
CAT,18542,QMLE-Trade,1997-10-8,0.209791
CAT,18542,QMLE-Trade,1997-10-9,0.278861
CAT,18542,QMLE-Trade,1997-10-10,0.207384
CAT,18542,QMLE-Trade,1997-10-13,0.115501
CAT,18542,QMLE-Trade,1997-10-14,0.253971
CAT,18542,QMLE-Trade,1997-10-15,0.347149
CAT,18542,QMLE-Trade,1997-10-16,0.345133
CAT,18542,QMLE-Trade,1997-10-17,0.383939
CAT,18542,QMLE-Trade,1997-10-20,0.185639
CAT,18542,QMLE-Trade,1997-10-21,0.166877
CAT,18542,QMLE-Trade,1997-10-22,0.184022
CAT,18542,QMLE-Trade,1997-10-23,0.279227
CAT,18542,QMLE-Trade,1997-10-24,0.335164
CAT,18542,QMLE-Trade,1997-10-27,0.522927
CAT,18542,QMLE-Trade,1997-10-28,0.79364
CAT,18542,QMLE-Trade,1997-10-29,0.547574
CAT,18542,QMLE-Trade,1997-10-30,0.291211
CAT,18542,QMLE-Trade,1997-10-31,0.313206
CAT,18542,QMLE-Trade,1997-11-3,0.216216
CAT,18542,QMLE-Trade,1997-11-4,0.315444
CAT,18542,QMLE-Trade,1997-11-5,0.489463
CAT,18542,QMLE-Trade,1997-11-6,0.12575
CAT,18542,QMLE-Trade,1997-11-7,0.550745
CAT,18542,QMLE-Trade,1997-11-10,0.252033
CAT,18542,QMLE-Trade,1997-11-11,0.535706
CAT,18542,QMLE-Trade,1997-11-12,0.48844
CAT,18542,QMLE-Trade,1997-11-13,0.454049
CAT,18542,QMLE-Trade,1997-11-14,0.748125
CAT,18542,QMLE-Trade,1997-11-17,0.234528
CAT,18542,QMLE-Trade,1997-11-18,0.268506
CAT,18542,QMLE-Trade,1997-11-19,0.35551
CAT,18542,QMLE-Trade,1997-11-20,0.14734
CAT,18542,QMLE-Trade,1997-11-21,0.278658
CAT,18542,QMLE-Trade,1997-11-24,0.320491
CAT,18542,QMLE-Trade,1997-11-25,0.31399
CAT,18542,QMLE-Trade,1997-11-26,0.065229
CAT,18542,QMLE-Trade,1997-11-28,0.220717
CAT,18542,QMLE-Trade,1997-12-1,0.275731
CAT,18542,QMLE-Trade,1997-12-2,0.327911
CAT,18542,QMLE-Trade,1997-12-3,0.36034
CAT,18542,QMLE-Trade,1997-12-4,0.293283
CAT,18542,QMLE-Trade,1997-12-5,0.438527
CAT,18542,QMLE-Trade,1997-12-8,0.15414
CAT,18542,QMLE-Trade,1997-12-9,0.303704
CAT,18542,QMLE-Trade,1997-12-10,0.299734
CAT,18542,QMLE-Trade,1997-12-11,0.333802
CAT,18542,QMLE-Trade,1997-12-12,0.30746
CAT,18542,QMLE-Trade,1997-12-15,0.156408
CAT,18542,QMLE-Trade,1997-12-16,0.368751
CAT,18542,QMLE-Trade,1997-12-17,0.345341
CAT,18542,QMLE-Trade,1997-12-18,0.290879
CAT,18542,QMLE-Trade,1997-12-19,0.491114
CAT,18542,QMLE-Trade,1997-12-22,0.331279
CAT,18542,QMLE-Trade,1997-12-23,0.268404
CAT,18542,QMLE-Trade,1997-12-24,0.240648
CAT,18542,QMLE-Trade,1997-12-26,0.258337
CAT,18542,QMLE-Trade,1997-12-29,0.192354
CAT,18542,QMLE-Trade,1997-12-30,0.30522
CAT,18542,QMLE-Trade,1997-12-31,0.292857
CAT,18542,QMLE-Trade,1998-1-2,0.121993
CAT,18542,QMLE-Trade,1998-1-5,0.335241
CAT,18542,QMLE-Trade,1998-1-6,0.259937
CAT,18542,QMLE-Trade,1998-1-7,0.303589
CAT,18542,QMLE-Trade,1998-1-8,0.313037
CAT,18542,QMLE-Trade,1998-1-9,0.243387
CAT,18542,QMLE-Trade,1998-1-12,0.583637
CAT,18542,QMLE-Trade,1998-1-13,0.288974
CAT,18542,QMLE-Trade,1998-1-14,0.152444
CAT,18542,QMLE-Trade,1998-1-15,0.203643
CAT,18542,QMLE-Trade,1998-1-16,0.431172
CAT,18542,QMLE-Trade,1998-1-20,0.172754
CAT,18542,QMLE-Trade,1998-1-21,0.53414
CAT,18542,QMLE-Trade,1998-1-22,0.252001
CAT,18542,QMLE-Trade,1998-1-23,0.222073
CAT,18542,QMLE-Trade,1998-1-26,0.186383
CAT,18542,QMLE-Trade,1998-1-27,0.314276
CAT,18542,QMLE-Trade,1998-1-28,0.243794
CAT,18542,QMLE-Trade,1998-1-29,0.279258
CAT,18542,QMLE-Trade,1998-1-30,0.278244
CAT,18542,QMLE-Trade,1998-2-2,0.314736
CAT,18542,QMLE-Trade,1998-2-3,0.249996
CAT,18542,QMLE-Trade,1998-2-4,0.207934
CAT,18542,QMLE-Trade,1998-2-5,0.353413
CAT,18542,QMLE-Trade,1998-2-6,0.341742
CAT,18542,QMLE-Trade,1998-2-9,0.313878
CAT,18542,QMLE-Trade,1998-2-10,0.325155
CAT,18542,QMLE-Trade,1998-2-11,0.257415
CAT,18542,QMLE-Trade,1998-2-12,0.340392
CAT,18542,QMLE-Trade,1998-2-13,0.230853
CAT,18542,QMLE-Trade,1998-2-17,0.21375
CAT,18542,QMLE-Trade,1998-2-18,0.299484
CAT,18542,QMLE-Trade,1998-2-19,0.204484
CAT,18542,QMLE-Trade,1998-2-20,0.416635
CAT,18542,QMLE-Trade,1998-2-23,0.189504
CAT,18542,QMLE-Trade,1998-2-24,0.244115
CAT,18542,QMLE-Trade,1998-2-25,0.323787
CAT,18542,QMLE-Trade,1998-2-26,0.129231
CAT,18542,QMLE-Trade,1998-2-27,0.268745
CAT,18542,QMLE-Trade,1998-3-2,0.311053
CAT,18542,QMLE-Trade,1998-3-3,0.372884
CAT,18542,QMLE-Trade,1998-3-4,0.207328
CAT,18542,QMLE-Trade,1998-3-5,0.199944
CAT,18542,QMLE-Trade,1998-3-6,0.267626
CAT,18542,QMLE-Trade,1998-3-9,0.203907
CAT,18542,QMLE-Trade,1998-3-10,0.182192
CAT,18542,QMLE-Trade,1998-3-11,0.201069
CAT,18542,QMLE-Trade,1998-3-12,0.248587
CAT,18542,QMLE-Trade,1998-3-13,0.255881
CAT,18542,QMLE-Trade,1998-3-16,0.261294
CAT,18542,QMLE-Trade,1998-3-17,0.185943
CAT,18542,QMLE-Trade,1998-3-18,0.163912
CAT,18542,QMLE-Trade,1998-3-19,0.581404
CAT,18542,QMLE-Trade,1998-3-20,0.236135
CAT,18542,QMLE-Trade,1998-3-23,0.334621
CAT,18542,QMLE-Trade,1998-3-24,0.201114
CAT,18542,QMLE-Trade,1998-3-25,0.263797
CAT,18542,QMLE-Trade,1998-3-26,0.244471
CAT,18542,QMLE-Trade,1998-3-27,0.272978
CAT,18542,QMLE-Trade,1998-3-30,0.141045
CAT,18542,QMLE-Trade,1998-3-31,0.222025
CAT,18542,QMLE-Trade,1998-4-1,0.341509
CAT,18542,QMLE-Trade,1998-4-2,0.220052
CAT,18542,QMLE-Trade,1998-4-3,0.287827
CAT,18542,QMLE-Trade,1998-4-6,0.0876293
CAT,18542,QMLE-Trade,1998-4-7,0.246156
CAT,18542,QMLE-Trade,1998-4-8,0.241279
CAT,18542,QMLE-Trade,1998-4-9,0.157405
CAT,18542,QMLE-Trade,1998-4-13,0.254337
CAT,18542,QMLE-Trade,1998-4-14,0.296102
CAT,18542,QMLE-Trade,1998-4-15,0.328622
CAT,18542,QMLE-Trade,1998-4-16,0.261014
CAT,18542,QMLE-Trade,1998-4-17,0.334357
CAT,18542,QMLE-Trade,1998-4-20,0.183082
CAT,18542,QMLE-Trade,1998-4-21,0.143107
CAT,18542,QMLE-Trade,1998-4-22,0.271895
CAT,18542,QMLE-Trade,1998-4-23,0.11192
CAT,18542,QMLE-Trade,1998-4-24,0.175837
CAT,18542,QMLE-Trade,1998-4-27,0.253389
CAT,18542,QMLE-Trade,1998-4-28,0.085647
CAT,18542,QMLE-Trade,1998-4-29,0.140231
CAT,18542,QMLE-Trade,1998-4-30,0.288976
CAT,18542,QMLE-Trade,1998-5-1,0.185532
CAT,18542,QMLE-Trade,1998-5-4,0.2176
CAT,18542,QMLE-Trade,1998-5-5,0.30445
CAT,18542,QMLE-Trade,1998-5-6,0.182675
CAT,18542,QMLE-Trade,1998-5-7,0.319927
CAT,18542,QMLE-Trade,1998-5-8,0.150929
CAT,18542,QMLE-Trade,1998-5-11,0.164089
CAT,18542,QMLE-Trade,1998-5-12,0.210897
CAT,18542,QMLE-Trade,1998-5-13,0.211712
CAT,18542,QMLE-Trade,1998-5-14,0.244619
CAT,18542,QMLE-Trade,1998-5-15,0.289577
CAT,18542,QMLE-Trade,1998-5-18,0.271932
CAT,18542,QMLE-Trade,1998-5-19,0.190233
CAT,18542,QMLE-Trade,1998-5-20,0.250603
CAT,18542,QMLE-Trade,1998-5-21,0.286748
CAT,18542,QMLE-Trade,1998-5-22,0.333975
CAT,18542,QMLE-Trade,1998-5-26,0.283457
CAT,18542,QMLE-Trade,1998-5-27,0.25275
CAT,18542,QMLE-Trade,1998-5-28,0.278662
CAT,18542,QMLE-Trade,1998-5-29,0.347813
CAT,18542,QMLE-Trade,1998-6-1,0.298439
CAT,18542,QMLE-Trade,1998-6-2,0.177052
CAT,18542,QMLE-Trade,1998-6-3,0.323594
CAT,18542,QMLE-Trade,1998-6-4,0.253134
CAT,18542,QMLE-Trade,1998-6-5,0.267493
CAT,18542,QMLE-Trade,1998-6-8,0.164113
CAT,18542,QMLE-Trade,1998-6-9,0.280245
CAT,18542,QMLE-Trade,1998-6-10,0.311653
CAT,18542,QMLE-Trade,1998-6-11,0.241544
CAT,18542,QMLE-Trade,1998-6-12,0.314157
CAT,18542,QMLE-Trade,1998-6-15,0.465671
CAT,18542,QMLE-Trade,1998-6-16,0.202722
CAT,18542,QMLE-Trade,1998-6-17,0.329466
CAT,18542,QMLE-Trade,1998-6-18,0.237018
CAT,18542,QMLE-Trade,1998-6-19,0.386953
CAT,18542,QMLE-Trade,1998-6-22,0.216579
CAT,18542,QMLE-Trade,1998-6-23,0.28758
CAT,18542,QMLE-Trade,1998-6-24,0.288591
CAT,18542,QMLE-Trade,1998-6-25,0.299042
CAT,18542,QMLE-Trade,1998-6-26,0.389614
CAT,18542,QMLE-Trade,1998-6-29,0.269293
CAT,18542,QMLE-Trade,1998-6-30,0.197204
CAT,18542,QMLE-Trade,1998-7-1,0.248058
CAT,18542,QMLE-Trade,1998-7-2,0.277611
CAT,18542,QMLE-Trade,1998-7-6,0.234773
CAT,18542,QMLE-Trade,1998-7-7,0.150229
CAT,18542,QMLE-Trade,1998-7-8,0.152981
CAT,18542,QMLE-Trade,1998-7-9,0.404584
CAT,18542,QMLE-Trade,1998-7-10,0.26617
CAT,18542,QMLE-Trade,1998-7-13,0.235848
CAT,18542,QMLE-Trade,1998-7-14,0.360787
CAT,18542,QMLE-Trade,1998-7-15,0.586962
CAT,18542,QMLE-Trade,1998-7-16,0.310132
CAT,18542,QMLE-Trade,1998-7-17,0.203031
CAT,18542,QMLE-Trade,1998-7-20,0.338397
CAT,18542,QMLE-Trade,1998-7-21,0.312981
CAT,18542,QMLE-Trade,1998-7-22,0.241825
CAT,18542,QMLE-Trade,1998-7-23,0.380109
CAT,18542,QMLE-Trade,1998-7-24,0.22133
CAT,18542,QMLE-Trade,1998-7-27,0.205927
CAT,18542,QMLE-Trade,1998-7-28,0.337162
CAT,18542,QMLE-Trade,1998-7-29,0.366439
CAT,18542,QMLE-Trade,1998-7-30,0.248794
CAT,18542,QMLE-Trade,1998-7-31,0.345951
CAT,18542,QMLE-Trade,1998-8-3,0.190135
CAT,18542,QMLE-Trade,1998-8-4,0.544565
CAT,18542,QMLE-Trade,1998-8-5,0.44625
CAT,18542,QMLE-Trade,1998-8-6,0.28486
CAT,18542,QMLE-Trade,1998-8-7,0.391987
CAT,18542,QMLE-Trade,1998-8-10,0.241406
CAT,18542,QMLE-Trade,1998-8-11,0.455393
CAT,18542,QMLE-Trade,1998-8-12,0.420317
CAT,18542,QMLE-Trade,1998-8-13,0.389878
CAT,18542,QMLE-Trade,1998-8-14,0.330516
CAT,18542,QMLE-Trade,1998-8-17,0.356374
CAT,18542,QMLE-Trade,1998-8-18,0.272305
CAT,18542,QMLE-Trade,1998-8-19,0.335409
CAT,18542,QMLE-Trade,1998-8-20,0.28926
CAT,18542,QMLE-Trade,1998-8-21,0.524766
CAT,18542,QMLE-Trade,1998-8-24,0.379148
CAT,18542,QMLE-Trade,1998-8-25,0.27389
CAT,18542,QMLE-Trade,1998-8-26,0.332696
CAT,18542,QMLE-Trade,1998-8-27,0.4166
CAT,18542,QMLE-Trade,1998-8-28,0.488933
CAT,18542,QMLE-Trade,1998-8-31,0.623647
CAT,18542,QMLE-Trade,1998-9-1,0.696798
CAT,18542,QMLE-Trade,1998-9-2,0.550056
CAT,18542,QMLE-Trade,1998-9-3,0.517938
CAT,18542,QMLE-Trade,1998-9-4,0.450549
CAT,18542,QMLE-Trade,1998-9-8,0.550726
CAT,18542,QMLE-Trade,1998-9-9,0.493589
CAT,18542,QMLE-Trade,1998-9-10,0.502795
CAT,18542,QMLE-Trade,1998-9-11,0.57526
CAT,18542,QMLE-Trade,1998-9-14,0.43852
CAT,18542,QMLE-Trade,1998-9-15,0.481334
CAT,18542,QMLE-Trade,1998-9-16,0.421239
CAT,18542,QMLE-Trade,1998-9-17,0.539784
CAT,18542,QMLE-Trade,1998-9-18,0.524915
CAT,18542,QMLE-Trade,1998-9-21,0.581168
CAT,18542,QMLE-Trade,1998-9-22,0.477901
CAT,18542,QMLE-Trade,1998-9-23,0.465163
CAT,18542,QMLE-Trade,1998-9-24,0.507616
CAT,18542,QMLE-Trade,1998-9-25,0.435657
CAT,18542,QMLE-Trade,1998-9-28,0.379884
CAT,18542,QMLE-Trade,1998-9-29,0.655768
CAT,18542,QMLE-Trade,1998-9-30,0.675735
CAT,18542,QMLE-Trade,1998-10-1,0.6248
CAT,18542,QMLE-Trade,1998-10-2,0.574467
CAT,18542,QMLE-Trade,1998-10-5,0.641031
CAT,18542,QMLE-Trade,1998-10-6,0.296974
CAT,18542,QMLE-Trade,1998-10-7,0.857367
CAT,18542,QMLE-Trade,1998-10-8,1.00144
CAT,18542,QMLE-Trade,1998-10-9,0.578385
CAT,18542,QMLE-Trade,1998-10-12,0.321495
CAT,18542,QMLE-Trade,1998-10-13,0.503713
CAT,18542,QMLE-Trade,1998-10-14,0.601694
CAT,18542,QMLE-Trade,1998-10-15,0.925473
CAT,18542,QMLE-Trade,1998-10-16,0.647108
CAT,18542,QMLE-Trade,1998-10-19,0.432637
CAT,18542,QMLE-Trade,1998-10-20,0.470266
CAT,18542,QMLE-Trade,1998-10-21,0.497216
CAT,18542,QMLE-Trade,1998-10-22,0.574504
CAT,18542,QMLE-Trade,1998-10-23,0.340733
CAT,18542,QMLE-Trade,1998-10-26,0.341138
CAT,18542,QMLE-Trade,1998-10-27,0.409
CAT,18542,QMLE-Trade,1998-10-28,0.406718
CAT,18542,QMLE-Trade,1998-10-29,0.352257
CAT,18542,QMLE-Trade,1998-10-30,0.353795
CAT,18542,QMLE-Trade,1998-11-2,0.329973
CAT,18542,QMLE-Trade,1998-11-3,0.36507
CAT,18542,QMLE-Trade,1998-11-4,0.362969
CAT,18542,QMLE-Trade,1998-11-5,0.533684
CAT,18542,QMLE-Trade,1998-11-6,0.353067
CAT,18542,QMLE-Trade,1998-11-9,0.302636
CAT,18542,QMLE-Trade,1998-11-10,0.378279
CAT,18542,QMLE-Trade,1998-11-11,0.391512
CAT,18542,QMLE-Trade,1998-11-12,0.292974
CAT,18542,QMLE-Trade,1998-11-13,0.260425
CAT,18542,QMLE-Trade,1998-11-16,0.348903
CAT,18542,QMLE-Trade,1998-11-17,0.292134
CAT,18542,QMLE-Trade,1998-11-18,0.306781
CAT,18542,QMLE-Trade,1998-11-19,0.291113
CAT,18542,QMLE-Trade,1998-11-20,0.298106
CAT,18542,QMLE-Trade,1998-11-23,0.424774
CAT,18542,QMLE-Trade,1998-11-24,0.121432
CAT,18542,QMLE-Trade,1998-11-25,0.242662
CAT,18542,QMLE-Trade,1998-11-27,0.195594
CAT,18542,QMLE-Trade,1998-11-30,0.408869
CAT,18542,QMLE-Trade,1998-12-1,0.334233
CAT,18542,QMLE-Trade,1998-12-2,0.267771
CAT,18542,QMLE-Trade,1998-12-3,0.260858
CAT,18542,QMLE-Trade,1998-12-4,0.375824
CAT,18542,QMLE-Trade,1998-12-7,0.260859
CAT,18542,QMLE-Trade,1998-12-8,0.240539
CAT,18542,QMLE-Trade,1998-12-9,0.308554
CAT,18542,QMLE-Trade,1998-12-10,0.349072
CAT,18542,QMLE-Trade,1998-12-11,0.441358
CAT,18542,QMLE-Trade,1998-12-14,0.367345
CAT,18542,QMLE-Trade,1998-12-15,0.45527
CAT,18542,QMLE-Trade,1998-12-16,0.532904
CAT,18542,QMLE-Trade,1998-12-17,0.30851
CAT,18542,QMLE-Trade,1998-12-18,0.330575
CAT,18542,QMLE-Trade,1998-12-21,0.306081
CAT,18542,QMLE-Trade,1998-12-22,0.23274
CAT,18542,QMLE-Trade,1998-12-23,0.187986
CAT,18542,QMLE-Trade,1998-12-24,0.228322
CAT,18542,QMLE-Trade,1998-12-28,0.224781
CAT,18542,QMLE-Trade,1998-12-29,0.346603
CAT,18542,QMLE-Trade,1998-12-30,0.264999
CAT,18542,QMLE-Trade,1998-12-31,0.448889
CAT,18542,QMLE-Trade,1999-1-4,0.389002
CAT,18542,QMLE-Trade,1999-1-5,0.516605
CAT,18542,QMLE-Trade,1999-1-6,0.214194
CAT,18542,QMLE-Trade,1999-1-7,0.230627
CAT,18542,QMLE-Trade,1999-1-8,0.379509
CAT,18542,QMLE-Trade,1999-1-11,0.319744
CAT,18542,QMLE-Trade,1999-1-12,0.344595
CAT,18542,QMLE-Trade,1999-1-13,0.376909
CAT,18542,QMLE-Trade,1999-1-14,0.321397
CAT,18542,QMLE-Trade,1999-1-15,0.211037
CAT,18542,QMLE-Trade,1999-1-19,0.479625
CAT,18542,QMLE-Trade,1999-1-20,0.390327
CAT,18542,QMLE-Trade,1999-1-21,0.418969
CAT,18542,QMLE-Trade,1999-1-22,0.385751
CAT,18542,QMLE-Trade,1999-1-25,0.294181
CAT,18542,QMLE-Trade,1999-1-26,0.218724
CAT,18542,QMLE-Trade,1999-1-27,0.239236
CAT,18542,QMLE-Trade,1999-1-28,0.282346
CAT,18542,QMLE-Trade,1999-1-29,0.261613
CAT,18542,QMLE-Trade,1999-2-1,0.230638
CAT,18542,QMLE-Trade,1999-2-2,0.244395
CAT,18542,QMLE-Trade,1999-2-3,0.459964
CAT,18542,QMLE-Trade,1999-2-4,0.468588
CAT,18542,QMLE-Trade,1999-2-5,0.372372
CAT,18542,QMLE-Trade,1999-2-8,0.324083
CAT,18542,QMLE-Trade,1999-2-9,0.378966
CAT,18542,QMLE-Trade,1999-2-10,0.328417
CAT,18542,QMLE-Trade,1999-2-11,0.26155
CAT,18542,QMLE-Trade,1999-2-12,0.326476
CAT,18542,QMLE-Trade,1999-2-16,0.482522
CAT,18542,QMLE-Trade,1999-2-17,0.285533
CAT,18542,QMLE-Trade,1999-2-18,0.316806
CAT,18542,QMLE-Trade,1999-2-19,0.280011
CAT,18542,QMLE-Trade,1999-2-22,0.234977
CAT,18542,QMLE-Trade,1999-2-23,0.305298
CAT,18542,QMLE-Trade,1999-2-24,0.277249
CAT,18542,QMLE-Trade,1999-2-25,0.278242
CAT,18542,QMLE-Trade,1999-2-26,0.334607
CAT,18542,QMLE-Trade,1999-3-1,0.399196
CAT,18542,QMLE-Trade,1999-3-2,0.436066
CAT,18542,QMLE-Trade,1999-3-3,0.3286
CAT,18542,QMLE-Trade,1999-3-4,0.224674
CAT,18542,QMLE-Trade,1999-3-5,0.299514
CAT,18542,QMLE-Trade,1999-3-8,0.351866
CAT,18542,QMLE-Trade,1999-3-9,0.218597
CAT,18542,QMLE-Trade,1999-3-10,0.307843
CAT,18542,QMLE-Trade,1999-3-11,0.199351
CAT,18542,QMLE-Trade,1999-3-12,0.559352
CAT,18542,QMLE-Trade,1999-3-15,0.283106
CAT,18542,QMLE-Trade,1999-3-16,0.270333
CAT,18542,QMLE-Trade,1999-3-17,0.344815
CAT,18542,QMLE-Trade,1999-3-18,0.346169
CAT,18542,QMLE-Trade,1999-3-19,0.232773
CAT,18542,QMLE-Trade,1999-3-22,0.168185
CAT,18542,QMLE-Trade,1999-3-23,0.277427
CAT,18542,QMLE-Trade,1999-3-24,0.366507
CAT,18542,QMLE-Trade,1999-3-25,0.240544
CAT,18542,QMLE-Trade,1999-3-26,0.263503
CAT,18542,QMLE-Trade,1999-3-29,0.292799
CAT,18542,QMLE-Trade,1999-3-30,0.3378
CAT,18542,QMLE-Trade,1999-3-31,0.302268
CAT,18542,QMLE-Trade,1999-4-1,0.287233
CAT,18542,QMLE-Trade,1999-4-5,0.319206
CAT,18542,QMLE-Trade,1999-4-6,0.326002
CAT,18542,QMLE-Trade,1999-4-7,0.18313
CAT,18542,QMLE-Trade,1999-4-8,0.333532
CAT,18542,QMLE-Trade,1999-4-9,0.301882
CAT,18542,QMLE-Trade,1999-4-12,0.341428
CAT,18542,QMLE-Trade,1999-4-13,0.564192
CAT,18542,QMLE-Trade,1999-4-14,0.543727
CAT,18542,QMLE-Trade,1999-4-15,0.593492
CAT,18542,QMLE-Trade,1999-4-16,0.586104
CAT,18542,QMLE-Trade,1999-4-19,0.630579
CAT,18542,QMLE-Trade,1999-4-20,0.46162
CAT,18542,QMLE-Trade,1999-4-21,0.346726
CAT,18542,QMLE-Trade,1999-4-22,0.49115
CAT,18542,QMLE-Trade,1999-4-23,0.424001
CAT,18542,QMLE-Trade,1999-4-26,0.434354
CAT,18542,QMLE-Trade,1999-4-27,0.559338
CAT,18542,QMLE-Trade,1999-4-28,0.503093
CAT,18542,QMLE-Trade,1999-4-29,0.441535
CAT,18542,QMLE-Trade,1999-4-30,0.59303
CAT,18542,QMLE-Trade,1999-5-3,0.262625
CAT,18542,QMLE-Trade,1999-5-4,0.232706
CAT,18542,QMLE-Trade,1999-5-5,0.286262
CAT,18542,QMLE-Trade,1999-5-6,0.337257
CAT,18542,QMLE-Trade,1999-5-7,0.418761
CAT,18542,QMLE-Trade,1999-5-10,0.361914
CAT,18542,QMLE-Trade,1999-5-11,0.436931
CAT,18542,QMLE-Trade,1999-5-12,0.230437
CAT,18542,QMLE-Trade,1999-5-13,0.214832
CAT,18542,QMLE-Trade,1999-5-14,0.52811
CAT,18542,QMLE-Trade,1999-5-17,0.275077
CAT,18542,QMLE-Trade,1999-5-18,0.512066
CAT,18542,QMLE-Trade,1999-5-19,0.326872
CAT,18542,QMLE-Trade,1999-5-20,0.298252
CAT,18542,QMLE-Trade,1999-5-21,0.305014
CAT,18542,QMLE-Trade,1999-5-24,0.298167
CAT,18542,QMLE-Trade,1999-5-25,0.329443
CAT,18542,QMLE-Trade,1999-5-26,0.346864
CAT,18542,QMLE-Trade,1999-5-27,0.420584
CAT,18542,QMLE-Trade,1999-5-28,0.348747
CAT,18542,QMLE-Trade,1999-6-1,0.630236
CAT,18542,QMLE-Trade,1999-6-2,0.44411
CAT,18542,QMLE-Trade,1999-6-3,0.425857
CAT,18542,QMLE-Trade,1999-6-4,0.261118
CAT,18542,QMLE-Trade,1999-6-7,0.341003
CAT,18542,QMLE-Trade,1999-6-8,0.277585
CAT,18542,QMLE-Trade,1999-6-9,0.311424
CAT,18542,QMLE-Trade,1999-6-10,0.363908
CAT,18542,QMLE-Trade,1999-6-11,0.282641
CAT,18542,QMLE-Trade,1999-6-14,0.301631
CAT,18542,QMLE-Trade,1999-6-15,0.197652
CAT,18542,QMLE-Trade,1999-6-16,0.436614
CAT,18542,QMLE-Trade,1999-6-17,0.068662
CAT,18542,QMLE-Trade,1999-6-18,0.403244
CAT,18542,QMLE-Trade,1999-6-21,0.353614
CAT,18542,QMLE-Trade,1999-6-22,0.223149
CAT,18542,QMLE-Trade,1999-6-23,0.184114
CAT,18542,QMLE-Trade,1999-6-24,0.381763
CAT,18542,QMLE-Trade,1999-6-25,0.229498
CAT,18542,QMLE-Trade,1999-6-28,0.248969
CAT,18542,QMLE-Trade,1999-6-29,0.193422
CAT,18542,QMLE-Trade,1999-6-30,0.364153
CAT,18542,QMLE-Trade,1999-7-1,0.340713
CAT,18542,QMLE-Trade,1999-7-2,0.239448
CAT,18542,QMLE-Trade,1999-7-6,0.244074
CAT,18542,QMLE-Trade,1999-7-7,0.244609
CAT,18542,QMLE-Trade,1999-7-8,0.239197
CAT,18542,QMLE-Trade,1999-7-9,0.298431
CAT,18542,QMLE-Trade,1999-7-12,0.300615
CAT,18542,QMLE-Trade,1999-7-13,0.0868831
CAT,18542,QMLE-Trade,1999-7-14,0.213213
CAT,18542,QMLE-Trade,1999-7-15,0.307355
CAT,18542,QMLE-Trade,1999-7-16,0.45225
CAT,18542,QMLE-Trade,1999-7-19,0.221648
CAT,18542,QMLE-Trade,1999-7-20,0.219368
CAT,18542,QMLE-Trade,1999-7-21,0.209259
CAT,18542,QMLE-Trade,1999-7-22,0.148226
CAT,18542,QMLE-Trade,1999-7-23,0.15366
CAT,18542,QMLE-Trade,1999-7-26,0.375116
CAT,18542,QMLE-Trade,1999-7-27,0.201266
CAT,18542,QMLE-Trade,1999-7-28,0.286414
CAT,18542,QMLE-Trade,1999-7-29,0.353977
CAT,18542,QMLE-Trade,1999-7-30,0.249422
CAT,18542,QMLE-Trade,1999-8-2,0.129357
CAT,18542,QMLE-Trade,1999-8-3,0.238204
CAT,18542,QMLE-Trade,1999-8-4,0.271619
CAT,18542,QMLE-Trade,1999-8-5,0.297513
CAT,18542,QMLE-Trade,1999-8-6,0.231445
CAT,18542,QMLE-Trade,1999-8-9,0.253727
CAT,18542,QMLE-Trade,1999-8-10,0.338548
CAT,18542,QMLE-Trade,1999-8-11,0.334513
CAT,18542,QMLE-Trade,1999-8-12,0.390322
CAT,18542,QMLE-Trade,1999-8-13,0.103307
CAT,18542,QMLE-Trade,1999-8-16,0.253139
CAT,18542,QMLE-Trade,1999-8-17,0.278791
CAT,18542,QMLE-Trade,1999-8-18,0.297423
CAT,18542,QMLE-Trade,1999-8-19,0.345455
CAT,18542,QMLE-Trade,1999-8-20,0.182997
CAT,18542,QMLE-Trade,1999-8-23,0.225942
CAT,18542,QMLE-Trade,1999-8-24,0.323032
CAT,18542,QMLE-Trade,1999-8-25,0.218569
CAT,18542,QMLE-Trade,1999-8-26,0.139488
CAT,18542,QMLE-Trade,1999-8-27,0.231526
CAT,18542,QMLE-Trade,1999-8-30,0.218961
CAT,18542,QMLE-Trade,1999-8-31,0.39196
CAT,18542,QMLE-Trade,1999-9-1,0.303337
CAT,18542,QMLE-Trade,1999-9-2,0.377558
CAT,18542,QMLE-Trade,1999-9-3,0.27952
CAT,18542,QMLE-Trade,1999-9-7,0.280575
CAT,18542,QMLE-Trade,1999-9-8,0.223306
CAT,18542,QMLE-Trade,1999-9-9,0.314186
CAT,18542,QMLE-Trade,1999-9-10,0.32769
CAT,18542,QMLE-Trade,1999-9-13,0.301275
CAT,18542,QMLE-Trade,1999-9-14,0.480594
CAT,18542,QMLE-Trade,1999-9-15,0.309198
CAT,18542,QMLE-Trade,1999-9-16,0.38857
CAT,18542,QMLE-Trade,1999-9-17,0.361094
CAT,18542,QMLE-Trade,1999-9-20,0.340793
CAT,18542,QMLE-Trade,1999-9-21,0.286303
CAT,18542,QMLE-Trade,1999-9-22,0.403599
CAT,18542,QMLE-Trade,1999-9-23,0.450208
CAT,18542,QMLE-Trade,1999-9-24,0.450084
CAT,18542,QMLE-Trade,1999-9-27,0.18845
CAT,18542,QMLE-Trade,1999-9-28,0.280886
CAT,18542,QMLE-Trade,1999-9-29,0.431801
CAT,18542,QMLE-Trade,1999-9-30,0.402047
CAT,18542,QMLE-Trade,1999-10-1,0.362307
CAT,18542,QMLE-Trade,1999-10-4,0.274295
CAT,18542,QMLE-Trade,1999-10-5,0.391989
CAT,18542,QMLE-Trade,1999-10-6,0.314896
CAT,18542,QMLE-Trade,1999-10-7,0.13781
CAT,18542,QMLE-Trade,1999-10-8,0.251119
CAT,18542,QMLE-Trade,1999-10-11,0.241395
CAT,18542,QMLE-Trade,1999-10-12,0.311177
CAT,18542,QMLE-Trade,1999-10-13,0.32975
CAT,18542,QMLE-Trade,1999-10-14,0.490979
CAT,18542,QMLE-Trade,1999-10-15,0.675458
CAT,18542,QMLE-Trade,1999-10-18,0.418586
CAT,18542,QMLE-Trade,1999-10-19,0.345534
CAT,18542,QMLE-Trade,1999-10-20,0.293992
CAT,18542,QMLE-Trade,1999-10-21,0.367967
CAT,18542,QMLE-Trade,1999-10-22,0.459782
CAT,18542,QMLE-Trade,1999-10-25,0.26356
CAT,18542,QMLE-Trade,1999-10-26,0.236598
CAT,18542,QMLE-Trade,1999-10-27,0.184819
CAT,18542,QMLE-Trade,1999-10-28,0.293407
CAT,18542,QMLE-Trade,1999-10-29,0.524661
CAT,18542,QMLE-Trade,1999-11-1,0.219497
CAT,18542,QMLE-Trade,1999-11-2,0.365087
CAT,18542,QMLE-Trade,1999-11-3,0.326497
CAT,18542,QMLE-Trade,1999-11-4,0.291636
CAT,18542,QMLE-Trade,1999-11-5,0.371005
CAT,18542,QMLE-Trade,1999-11-8,0.278252
CAT,18542,QMLE-Trade,1999-11-9,0.239666
CAT,18542,QMLE-Trade,1999-11-10,0.231618
CAT,18542,QMLE-Trade,1999-11-11,0.396742
CAT,18542,QMLE-Trade,1999-11-12,0.342092
CAT,18542,QMLE-Trade,1999-11-15,0.31514
CAT,18542,QMLE-Trade,1999-11-16,0.426395
CAT,18542,QMLE-Trade,1999-11-17,0.464343
CAT,18542,QMLE-Trade,1999-11-18,0.17278
CAT,18542,QMLE-Trade,1999-11-19,0.586908
CAT,18542,QMLE-Trade,1999-11-22,0.546576
CAT,18542,QMLE-Trade,1999-11-23,0.260253
CAT,18542,QMLE-Trade,1999-11-24,0.308601
CAT,18542,QMLE-Trade,1999-11-26,0.187973
CAT,18542,QMLE-Trade,1999-11-29,0.330066
CAT,18542,QMLE-Trade,1999-11-30,0.457571
CAT,18542,QMLE-Trade,1999-12-1,0.301054
CAT,18542,QMLE-Trade,1999-12-2,0.26993
CAT,18542,QMLE-Trade,1999-12-3,0.281376
CAT,18542,QMLE-Trade,1999-12-6,0.226243
CAT,18542,QMLE-Trade,1999-12-7,0.278365
CAT,18542,QMLE-Trade,1999-12-8,0.354484
CAT,18542,QMLE-Trade,1999-12-9,0.261216
CAT,18542,QMLE-Trade,1999-12-10,0.372839
CAT,18542,QMLE-Trade,1999-12-13,0.239504
CAT,18542,QMLE-Trade,1999-12-14,0.436906
CAT,18542,QMLE-Trade,1999-12-15,0.361889
CAT,18542,QMLE-Trade,1999-12-16,0.424598
CAT,18542,QMLE-Trade,1999-12-17,0.43086
CAT,18542,QMLE-Trade,1999-12-20,0.221846
CAT,18542,QMLE-Trade,1999-12-21,0.382064
CAT,18542,QMLE-Trade,1999-12-22,0.286889
CAT,18542,QMLE-Trade,1999-12-23,0.363107
CAT,18542,QMLE-Trade,1999-12-27,0.406016
CAT,18542,QMLE-Trade,1999-12-28,0.319493
CAT,18542,QMLE-Trade,1999-12-29,0.397405
CAT,18542,QMLE-Trade,1999-12-30,0.286178
CAT,18542,QMLE-Trade,1999-12-31,0.412859
CAT,18542,QMLE-Trade,2000-1-3,0.279341
CAT,18542,QMLE-Trade,2000-1-4,0.464534
CAT,18542,QMLE-Trade,2000-1-5,0.395218
CAT,18542,QMLE-Trade,2000-1-6,0.372416
CAT,18542,QMLE-Trade,2000-1-7,0.610689
CAT,18542,QMLE-Trade,2000-1-10,0.396396
CAT,18542,QMLE-Trade,2000-1-11,0.431031
CAT,18542,QMLE-Trade,2000-1-12,0.380367
CAT,18542,QMLE-Trade,2000-1-13,0.349042
CAT,18542,QMLE-Trade,2000-1-14,0.332807
CAT,18542,QMLE-Trade,2000-1-18,0.29502
CAT,18542,QMLE-Trade,2000-1-19,0.244773
CAT,18542,QMLE-Trade,2000-1-20,0.539779
CAT,18542,QMLE-Trade,2000-1-21,0.586681
CAT,18542,QMLE-Trade,2000-1-24,0.647148
CAT,18542,QMLE-Trade,2000-1-25,0.666618
CAT,18542,QMLE-Trade,2000-1-26,0.342804
CAT,18542,QMLE-Trade,2000-1-27,0.365131
CAT,18542,QMLE-Trade,2000-1-28,0.417496
CAT,18542,QMLE-Trade,2000-1-31,0.401262
CAT,18542,QMLE-Trade,2000-2-1,0.52975
CAT,18542,QMLE-Trade,2000-2-2,0.360629
CAT,18542,QMLE-Trade,2000-2-3,0.273709
CAT,18542,QMLE-Trade,2000-2-4,0.365903
CAT,18542,QMLE-Trade,2000-2-7,0.296311
CAT,18542,QMLE-Trade,2000-2-8,0.465606
CAT,18542,QMLE-Trade,2000-2-9,0.497721
CAT,18542,QMLE-Trade,2000-2-10,0.54409
CAT,18542,QMLE-Trade,2000-2-11,0.638169
CAT,18542,QMLE-Trade,2000-2-14,0.523745
CAT,18542,QMLE-Trade,2000-2-15,0.465125
CAT,18542,QMLE-Trade,2000-2-16,0.59199
CAT,18542,QMLE-Trade,2000-2-17,0.53709
CAT,18542,QMLE-Trade,2000-2-18,0.325851
CAT,18542,QMLE-Trade,2000-2-22,0.389853
CAT,18542,QMLE-Trade,2000-2-23,0.556218
CAT,18542,QMLE-Trade,2000-2-24,0.544086
CAT,18542,QMLE-Trade,2000-2-25,0.588985
CAT,18542,QMLE-Trade,2000-2-28,0.458361
CAT,18542,QMLE-Trade,2000-2-29,0.391405
CAT,18542,QMLE-Trade,2000-3-1,0.213866
CAT,18542,QMLE-Trade,2000-3-2,0.3957
CAT,18542,QMLE-Trade,2000-3-3,0.626775
CAT,18542,QMLE-Trade,2000-3-6,0.498745
CAT,18542,QMLE-Trade,2000-3-7,0.808373
CAT,18542,QMLE-Trade,2000-3-8,0.729468
CAT,18542,QMLE-Trade,2000-3-9,0.416716
CAT,18542,QMLE-Trade,2000-3-10,0.682535
CAT,18542,QMLE-Trade,2000-3-13,0.409597
CAT,18542,QMLE-Trade,2000-3-14,0.373544
CAT,18542,QMLE-Trade,2000-3-15,0.622762
CAT,18542,QMLE-Trade,2000-3-16,0.610962
CAT,18542,QMLE-Trade,2000-3-17,0.402018
CAT,18542,QMLE-Trade,2000-3-20,0.501139
CAT,18542,QMLE-Trade,2000-3-21,0.461351
CAT,18542,QMLE-Trade,2000-3-22,0.288185
CAT,18542,QMLE-Trade,2000-3-23,0.346378
CAT,18542,QMLE-Trade,2000-3-24,0.333618
CAT,18542,QMLE-Trade,2000-3-27,0.524973
CAT,18542,QMLE-Trade,2000-3-28,0.417705
CAT,18542,QMLE-Trade,2000-3-29,0.415329
CAT,18542,QMLE-Trade,2000-3-30,0.52445
CAT,18542,QMLE-Trade,2000-3-31,0.348295
CAT,18542,QMLE-Trade,2000-4-3,0.638603
CAT,18542,QMLE-Trade,2000-4-4,0.904349
CAT,18542,QMLE-Trade,2000-4-5,0.565607
CAT,18542,QMLE-Trade,2000-4-6,0.339928
CAT,18542,QMLE-Trade,2000-4-7,0.231836
CAT,18542,QMLE-Trade,2000-4-10,0.261936
CAT,18542,QMLE-Trade,2000-4-11,0.509096
CAT,18542,QMLE-Trade,2000-4-12,0.498771
CAT,18542,QMLE-Trade,2000-4-13,0.507958
CAT,18542,QMLE-Trade,2000-4-14,0.739458
CAT,18542,QMLE-Trade,2000-4-17,0.637442
CAT,18542,QMLE-Trade,2000-4-18,0.539655
CAT,18542,QMLE-Trade,2000-4-19,0.524233
CAT,18542,QMLE-Trade,2000-4-20,0.217854
CAT,18542,QMLE-Trade,2000-4-24,0.295817
CAT,18542,QMLE-Trade,2000-4-25,0.39862
CAT,18542,QMLE-Trade,2000-4-26,0.349623
CAT,18542,QMLE-Trade,2000-4-27,0.521761
CAT,18542,QMLE-Trade,2000-4-28,0.481887
CAT,18542,QMLE-Trade,2000-5-1,0.357587
CAT,18542,QMLE-Trade,2000-5-2,0.396749
CAT,18542,QMLE-Trade,2000-5-3,0.343413
CAT,18542,QMLE-Trade,2000-5-4,0.229996
CAT,18542,QMLE-Trade,2000-5-5,0.247716
CAT,18542,QMLE-Trade,2000-5-8,0.276078
CAT,18542,QMLE-Trade,2000-5-9,0.48431
CAT,18542,QMLE-Trade,2000-5-10,0.349865
CAT,18542,QMLE-Trade,2000-5-11,0.465024
CAT,18542,QMLE-Trade,2000-5-12,0.37333
CAT,18542,QMLE-Trade,2000-5-15,0.299677
CAT,18542,QMLE-Trade,2000-5-16,0.345899
CAT,18542,QMLE-Trade,2000-5-17,0.236332
CAT,18542,QMLE-Trade,2000-5-18,0.277451
CAT,18542,QMLE-Trade,2000-5-19,0.412971
CAT,18542,QMLE-Trade,2000-5-22,0.420609
CAT,18542,QMLE-Trade,2000-5-23,0.503373
CAT,18542,QMLE-Trade,2000-5-24,0.373979
CAT,18542,QMLE-Trade,2000-5-25,0.420435
CAT,18542,QMLE-Trade,2000-5-26,0.360438
CAT,18542,QMLE-Trade,2000-5-30,0.299188
CAT,18542,QMLE-Trade,2000-5-31,0.294812
CAT,18542,QMLE-Trade,2000-6-1,0.198081
CAT,18542,QMLE-Trade,2000-6-2,0.462495
CAT,18542,QMLE-Trade,2000-6-5,0.50991
CAT,18542,QMLE-Trade,2000-6-6,0.27964
CAT,18542,QMLE-Trade,2000-6-7,0.233358
CAT,18542,QMLE-Trade,2000-6-8,0.202247
CAT,18542,QMLE-Trade,2000-6-9,0.266091
CAT,18542,QMLE-Trade,2000-6-12,0.4427
CAT,18542,QMLE-Trade,2000-6-13,0.278659
CAT,18542,QMLE-Trade,2000-6-14,0.342031
CAT,18542,QMLE-Trade,2000-6-15,0.342825
CAT,18542,QMLE-Trade,2000-6-16,0.303178
CAT,18542,QMLE-Trade,2000-6-19,0.236439
CAT,18542,QMLE-Trade,2000-6-20,0.240821
CAT,18542,QMLE-Trade,2000-6-21,0.218212
CAT,18542,QMLE-Trade,2000-6-22,0.231915
CAT,18542,QMLE-Trade,2000-6-23,0.316014
CAT,18542,QMLE-Trade,2000-6-26,0.359784
CAT,18542,QMLE-Trade,2000-6-27,0.542282
CAT,18542,QMLE-Trade,2000-6-28,0.36084
CAT,18542,QMLE-Trade,2000-6-29,0.242335
CAT,18542,QMLE-Trade,2000-6-30,0.4148
CAT,18542,QMLE-Trade,2000-7-3,0.419277
CAT,18542,QMLE-Trade,2000-7-5,0.362221
CAT,18542,QMLE-Trade,2000-7-6,0.258201
CAT,18542,QMLE-Trade,2000-7-7,0.202034
CAT,18542,QMLE-Trade,2000-7-10,0.360249
CAT,18542,QMLE-Trade,2000-7-11,0.438667
CAT,18542,QMLE-Trade,2000-7-12,0.326931
CAT,18542,QMLE-Trade,2000-7-13,0.248376
CAT,18542,QMLE-Trade,2000-7-14,0.37458
CAT,18542,QMLE-Trade,2000-7-17,0.29443
CAT,18542,QMLE-Trade,2000-7-18,0.331168
CAT,18542,QMLE-Trade,2000-7-19,0.367292
CAT,18542,QMLE-Trade,2000-7-20,0.406022
CAT,18542,QMLE-Trade,2000-7-21,0.211106
CAT,18542,QMLE-Trade,2000-7-24,0.144398
CAT,18542,QMLE-Trade,2000-7-25,0.174783
CAT,18542,QMLE-Trade,2000-7-26,0.20418
CAT,18542,QMLE-Trade,2000-7-27,0.250214
CAT,18542,QMLE-Trade,2000-7-28,0.274969
CAT,18542,QMLE-Trade,2000-7-31,0.348168
CAT,18542,QMLE-Trade,2000-8-1,0.161947
CAT,18542,QMLE-Trade,2000-8-2,0.317271
CAT,18542,QMLE-Trade,2000-8-3,0.379385
CAT,18542,QMLE-Trade,2000-8-4,0.262392
CAT,18542,QMLE-Trade,2000-8-7,0.398475
CAT,18542,QMLE-Trade,2000-8-8,0.385829
CAT,18542,QMLE-Trade,2000-8-9,0.227226
CAT,18542,QMLE-Trade,2000-8-10,0.345331
CAT,18542,QMLE-Trade,2000-8-11,0.335854
CAT,18542,QMLE-Trade,2000-8-14,0.270151
CAT,18542,QMLE-Trade,2000-8-15,0.335146
CAT,18542,QMLE-Trade,2000-8-16,0.2513
CAT,18542,QMLE-Trade,2000-8-17,0.228438
CAT,18542,QMLE-Trade,2000-8-18,0.191249
CAT,18542,QMLE-Trade,2000-8-21,0.18629
CAT,18542,QMLE-Trade,2000-8-22,0.165082
CAT,18542,QMLE-Trade,2000-8-23,0.238459
CAT,18542,QMLE-Trade,2000-8-24,0.170451
CAT,18542,QMLE-Trade,2000-8-25,0.233436
CAT,18542,QMLE-Trade,2000-8-28,0.322735
CAT,18542,QMLE-Trade,2000-8-29,0.404929
CAT,18542,QMLE-Trade,2000-8-30,0.5177
CAT,18542,QMLE-Trade,2000-8-31,0.459302
CAT,18542,QMLE-Trade,2000-9-1,0.334035
CAT,18542,QMLE-Trade,2000-9-5,0.387468
CAT,18542,QMLE-Trade,2000-9-6,0.412559
CAT,18542,QMLE-Trade,2000-9-7,0.210143
CAT,18542,QMLE-Trade,2000-9-8,0.258966
CAT,18542,QMLE-Trade,2000-9-11,0.449626
CAT,18542,QMLE-Trade,2000-9-12,0.294412
CAT,18542,QMLE-Trade,2000-9-13,0.364527
CAT,18542,QMLE-Trade,2000-9-14,0.331092
CAT,18542,QMLE-Trade,2000-9-15,0.412705
CAT,18542,QMLE-Trade,2000-9-18,0.370672
CAT,18542,QMLE-Trade,2000-9-19,0.497243
CAT,18542,QMLE-Trade,2000-9-20,0.309316
CAT,18542,QMLE-Trade,2000-9-21,0.293529
CAT,18542,QMLE-Trade,2000-9-22,0.358336
CAT,18542,QMLE-Trade,2000-9-25,0.302045
CAT,18542,QMLE-Trade,2000-9-26,0.254239
CAT,18542,QMLE-Trade,2000-9-27,0.414396
CAT,18542,QMLE-Trade,2000-9-28,0.473648
CAT,18542,QMLE-Trade,2000-9-29,0.287154
CAT,18542,QMLE-Trade,2000-10-2,0.875243
CAT,18542,QMLE-Trade,2000-10-3,0.430601
CAT,18542,QMLE-Trade,2000-10-4,0.376859
CAT,18542,QMLE-Trade,2000-10-5,0.294277
CAT,18542,QMLE-Trade,2000-10-6,0.428683
CAT,18542,QMLE-Trade,2000-10-9,0.286755
CAT,18542,QMLE-Trade,2000-10-10,0.26503
CAT,18542,QMLE-Trade,2000-10-11,0.507263
CAT,18542,QMLE-Trade,2000-10-12,0.619866
CAT,18542,QMLE-Trade,2000-10-13,0.326126
CAT,18542,QMLE-Trade,2000-10-16,0.242639
CAT,18542,QMLE-Trade,2000-10-17,0.354954
CAT,18542,QMLE-Trade,2000-10-18,0.335427
CAT,18542,QMLE-Trade,2000-10-19,0.262919
CAT,18542,QMLE-Trade,2000-10-20,0.348816
CAT,18542,QMLE-Trade,2000-10-23,0.45125
CAT,18542,QMLE-Trade,2000-10-24,0.22782
CAT,18542,QMLE-Trade,2000-10-25,0.226123
CAT,18542,QMLE-Trade,2000-10-26,0.32631
CAT,18542,QMLE-Trade,2000-10-27,0.309863
CAT,18542,QMLE-Trade,2000-10-30,0.627689
CAT,18542,QMLE-Trade,2000-10-31,0.540348
CAT,18542,QMLE-Trade,2000-11-1,0.403798
CAT,18542,QMLE-Trade,2000-11-2,0.493009
CAT,18542,QMLE-Trade,2000-11-3,0.16488
CAT,18542,QMLE-Trade,2000-11-6,0.350922
CAT,18542,QMLE-Trade,2000-11-7,0.272605
CAT,18542,QMLE-Trade,2000-11-8,0.389121
CAT,18542,QMLE-Trade,2000-11-9,0.465878
CAT,18542,QMLE-Trade,2000-11-10,0.28542
CAT,18542,QMLE-Trade,2000-11-13,0.296007
CAT,18542,QMLE-Trade,2000-11-14,0.269459
CAT,18542,QMLE-Trade,2000-11-15,0.260523
CAT,18542,QMLE-Trade,2000-11-16,0.263721
CAT,18542,QMLE-Trade,2000-11-17,0.341266
CAT,18542,QMLE-Trade,2000-11-20,0.24437
CAT,18542,QMLE-Trade,2000-11-21,0.206076
CAT,18542,QMLE-Trade,2000-11-22,0.244203
CAT,18542,QMLE-Trade,2000-11-24,0.255782
CAT,18542,QMLE-Trade,2000-11-27,0.341913
CAT,18542,QMLE-Trade,2000-11-28,0.206401
CAT,18542,QMLE-Trade,2000-11-29,0.257176
CAT,18542,QMLE-Trade,2000-11-30,0.454464
CAT,18542,QMLE-Trade,2000-12-1,0.383107
CAT,18542,QMLE-Trade,2000-12-4,0.503855
CAT,18542,QMLE-Trade,2000-12-5,0.521137
CAT,18542,QMLE-Trade,2000-12-6,0.280924
CAT,18542,QMLE-Trade,2000-12-7,0.227689
CAT,18542,QMLE-Trade,2000-12-8,0.22763
CAT,18542,QMLE-Trade,2000-12-11,0.352416
CAT,18542,QMLE-Trade,2000-12-12,0.561978
CAT,18542,QMLE-Trade,2000-12-13,0.333775
CAT,18542,QMLE-Trade,2000-12-14,0.327681
CAT,18542,QMLE-Trade,2000-12-15,0.28687
CAT,18542,QMLE-Trade,2000-12-18,0.437473
CAT,18542,QMLE-Trade,2000-12-19,0.566525
CAT,18542,QMLE-Trade,2000-12-20,0.379629
CAT,18542,QMLE-Trade,2000-12-21,0.52617
CAT,18542,QMLE-Trade,2000-12-22,0.369836
CAT,18542,QMLE-Trade,2000-12-26,0.252052
CAT,18542,QMLE-Trade,2000-12-27,0.33186
CAT,18542,QMLE-Trade,2000-12-28,0.311695
CAT,18542,QMLE-Trade,2000-12-29,0.315479
CAT,18542,QMLE-Trade,2001-1-2,0.357705
CAT,18542,QMLE-Trade,2001-1-3,0.917509
CAT,18542,QMLE-Trade,2001-1-4,0.555468
CAT,18542,QMLE-Trade,2001-1-5,0.519566
CAT,18542,QMLE-Trade,2001-1-8,0.277058
CAT,18542,QMLE-Trade,2001-1-9,0.211354
CAT,18542,QMLE-Trade,2001-1-10,0.357094
CAT,18542,QMLE-Trade,2001-1-11,0.408928
CAT,18542,QMLE-Trade,2001-1-12,0.402745
CAT,18542,QMLE-Trade,2001-1-16,0.380077
CAT,18542,QMLE-Trade,2001-1-17,0.397146
CAT,18542,QMLE-Trade,2001-1-18,0.440786
CAT,18542,QMLE-Trade,2001-1-19,0.433582
CAT,18542,QMLE-Trade,2001-1-22,0.50754
CAT,18542,QMLE-Trade,2001-1-23,0.274352
CAT,18542,QMLE-Trade,2001-1-24,0.423591
CAT,18542,QMLE-Trade,2001-1-25,0.366451
CAT,18542,QMLE-Trade,2001-1-26,0.314638
CAT,18542,QMLE-Trade,2001-1-29,0.287223
CAT,18542,QMLE-Trade,2001-1-30,0.349358
CAT,18542,QMLE-Trade,2001-1-31,0.282877
CAT,18542,QMLE-Trade,2001-2-1,0.103918
CAT,18542,QMLE-Trade,2001-2-2,0.27282
CAT,18542,QMLE-Trade,2001-2-5,0.194361
CAT,18542,QMLE-Trade,2001-2-6,0.197307
CAT,18542,QMLE-Trade,2001-2-7,0.142602
CAT,18542,QMLE-Trade,2001-2-8,0.196705
CAT,18542,QMLE-Trade,2001-2-9,0.222699
CAT,18542,QMLE-Trade,2001-2-12,0.260475
CAT,18542,QMLE-Trade,2001-2-13,0.266383
CAT,18542,QMLE-Trade,2001-2-14,0.280224
CAT,18542,QMLE-Trade,2001-2-15,0.303742
CAT,18542,QMLE-Trade,2001-2-16,0.255313
CAT,18542,QMLE-Trade,2001-2-20,0.381896
CAT,18542,QMLE-Trade,2001-2-21,0.25355
CAT,18542,QMLE-Trade,2001-2-22,0.326858
CAT,18542,QMLE-Trade,2001-2-23,0.314673
CAT,18542,QMLE-Trade,2001-2-26,0.299098
CAT,18542,QMLE-Trade,2001-2-27,0.332395
CAT,18542,QMLE-Trade,2001-2-28,0.366205
CAT,18542,QMLE-Trade,2001-3-1,0.341314
CAT,18542,QMLE-Trade,2001-3-2,0.331195
CAT,18542,QMLE-Trade,2001-3-5,0.35595
CAT,18542,QMLE-Trade,2001-3-6,0.37572
CAT,18542,QMLE-Trade,2001-3-7,0.307697
CAT,18542,QMLE-Trade,2001-3-8,0.320029
CAT,18542,QMLE-Trade,2001-3-9,0.395353
CAT,18542,QMLE-Trade,2001-3-12,0.434414
CAT,18542,QMLE-Trade,2001-3-13,0.315458
CAT,18542,QMLE-Trade,2001-3-14,0.375898
CAT,18542,QMLE-Trade,2001-3-15,0.223641
CAT,18542,QMLE-Trade,2001-3-16,0.294389
CAT,18542,QMLE-Trade,2001-3-19,0.298553
CAT,18542,QMLE-Trade,2001-3-20,0.406016
CAT,18542,QMLE-Trade,2001-3-21,0.54776
CAT,18542,QMLE-Trade,2001-3-22,0.532001
CAT,18542,QMLE-Trade,2001-3-23,0.428634
CAT,18542,QMLE-Trade,2001-3-26,0.322094
CAT,18542,QMLE-Trade,2001-3-27,0.329173
CAT,18542,QMLE-Trade,2001-3-28,0.418498
CAT,18542,QMLE-Trade,2001-3-29,0.589492
CAT,18542,QMLE-Trade,2001-3-30,0.352777
CAT,18542,QMLE-Trade,2001-4-2,0.415941
CAT,18542,QMLE-Trade,2001-4-3,0.501584
CAT,18542,QMLE-Trade,2001-4-4,0.433989
CAT,18542,QMLE-Trade,2001-4-5,0.319979
CAT,18542,QMLE-Trade,2001-4-6,0.364856
CAT,18542,QMLE-Trade,2001-4-9,0.274629
CAT,18542,QMLE-Trade,2001-4-10,0.356366
CAT,18542,QMLE-Trade,2001-4-11,0.231241
CAT,18542,QMLE-Trade,2001-4-12,0.366259
CAT,18542,QMLE-Trade,2001-4-16,0.375362
CAT,18542,QMLE-Trade,2001-4-17,0.289151
CAT,18542,QMLE-Trade,2001-4-18,0.764135
CAT,18542,QMLE-Trade,2001-4-19,0.31792
CAT,18542,QMLE-Trade,2001-4-20,0.233751
CAT,18542,QMLE-Trade,2001-4-23,0.17536
CAT,18542,QMLE-Trade,2001-4-24,0.227896
CAT,18542,QMLE-Trade,2001-4-25,0.332621
CAT,18542,QMLE-Trade,2001-4-26,0.282898
CAT,18542,QMLE-Trade,2001-4-27,0.276421
CAT,18542,QMLE-Trade,2001-4-30,0.263074
CAT,18542,QMLE-Trade,2001-5-1,0.288326
CAT,18542,QMLE-Trade,2001-5-2,0.330254
CAT,18542,QMLE-Trade,2001-5-3,0.279031
CAT,18542,QMLE-Trade,2001-5-4,0.238879
CAT,18542,QMLE-Trade,2001-5-7,0.268817
CAT,18542,QMLE-Trade,2001-5-8,0.169836
CAT,18542,QMLE-Trade,2001-5-9,0.27616
CAT,18542,QMLE-Trade,2001-5-10,0.260291
CAT,18542,QMLE-Trade,2001-5-11,0.268835
CAT,18542,QMLE-Trade,2001-5-14,0.180574
CAT,18542,QMLE-Trade,2001-5-15,0.296417
CAT,18542,QMLE-Trade,2001-5-16,0.388275
CAT,18542,QMLE-Trade,2001-5-17,0.231064
CAT,18542,QMLE-Trade,2001-5-18,0.238798
CAT,18542,QMLE-Trade,2001-5-21,0.203657
CAT,18542,QMLE-Trade,2001-5-22,0.271375
CAT,18542,QMLE-Trade,2001-5-23,0.324195
CAT,18542,QMLE-Trade,2001-5-24,0.188796
CAT,18542,QMLE-Trade,2001-5-25,0.205481
CAT,18542,QMLE-Trade,2001-5-29,0.3342
CAT,18542,QMLE-Trade,2001-5-30,0.252856
CAT,18542,QMLE-Trade,2001-5-31,0.180385
CAT,18542,QMLE-Trade,2001-6-1,0.236709
CAT,18542,QMLE-Trade,2001-6-4,0.226837
CAT,18542,QMLE-Trade,2001-6-5,0.268045
CAT,18542,QMLE-Trade,2001-6-6,0.200053
CAT,18542,QMLE-Trade,2001-6-7,0.194795
CAT,18542,QMLE-Trade,2001-6-8,0.192902
CAT,18542,QMLE-Trade,2001-6-11,0.196898
CAT,18542,QMLE-Trade,2001-6-12,0.196729
CAT,18542,QMLE-Trade,2001-6-13,0.217582
CAT,18542,QMLE-Trade,2001-6-14,0.235036
CAT,18542,QMLE-Trade,2001-6-15,0.145617
CAT,18542,QMLE-Trade,2001-6-18,0.176991
CAT,18542,QMLE-Trade,2001-6-19,0.207087
CAT,18542,QMLE-Trade,2001-6-20,0.247666
CAT,18542,QMLE-Trade,2001-6-21,0.233472
CAT,18542,QMLE-Trade,2001-6-22,0.206719
CAT,18542,QMLE-Trade,2001-6-25,0.224407
CAT,18542,QMLE-Trade,2001-6-26,0.261021
CAT,18542,QMLE-Trade,2001-6-27,0.273918
CAT,18542,QMLE-Trade,2001-6-28,0.301258
CAT,18542,QMLE-Trade,2001-6-29,0.283709
CAT,18542,QMLE-Trade,2001-7-2,0.233521
CAT,18542,QMLE-Trade,2001-7-3,0.200837
CAT,18542,QMLE-Trade,2001-7-5,0.186298
CAT,18542,QMLE-Trade,2001-7-6,0.278968
CAT,18542,QMLE-Trade,2001-7-9,0.289439
CAT,18542,QMLE-Trade,2001-7-10,0.2825
CAT,18542,QMLE-Trade,2001-7-11,0.322676
CAT,18542,QMLE-Trade,2001-7-12,0.350641
CAT,18542,QMLE-Trade,2001-7-13,0.138834
CAT,18542,QMLE-Trade,2001-7-16,0.325854
CAT,18542,QMLE-Trade,2001-7-17,0.504966
CAT,18542,QMLE-Trade,2001-7-18,0.333676
CAT,18542,QMLE-Trade,2001-7-19,0.301178
CAT,18542,QMLE-Trade,2001-7-20,0.285163
CAT,18542,QMLE-Trade,2001-7-23,0.266256
CAT,18542,QMLE-Trade,2001-7-24,0.283378
CAT,18542,QMLE-Trade,2001-7-25,0.242109
CAT,18542,QMLE-Trade,2001-7-26,0.281883
CAT,18542,QMLE-Trade,2001-7-27,0.143946
CAT,18542,QMLE-Trade,2001-7-30,0.241504
CAT,18542,QMLE-Trade,2001-7-31,0.26264
CAT,18542,QMLE-Trade,2001-8-1,0.24017
CAT,18542,QMLE-Trade,2001-8-2,0.266715
CAT,18542,QMLE-Trade,2001-8-3,0.232975
CAT,18542,QMLE-Trade,2001-8-6,0.235205
CAT,18542,QMLE-Trade,2001-8-7,0.186727
CAT,18542,QMLE-Trade,2001-8-8,0.195149
CAT,18542,QMLE-Trade,2001-8-9,0.273117
CAT,18542,QMLE-Trade,2001-8-10,0.391845
CAT,18542,QMLE-Trade,2001-8-13,0.213584
CAT,18542,QMLE-Trade,2001-8-14,0.23544
CAT,18542,QMLE-Trade,2001-8-15,0.250343
CAT,18542,QMLE-Trade,2001-8-16,0.178176
CAT,18542,QMLE-Trade,2001-8-17,0.309647
CAT,18542,QMLE-Trade,2001-8-20,0.225293
CAT,18542,QMLE-Trade,2001-8-21,0.152189
CAT,18542,QMLE-Trade,2001-8-22,0.17428
CAT,18542,QMLE-Trade,2001-8-23,0.32501
CAT,18542,QMLE-Trade,2001-8-24,0.289704
CAT,18542,QMLE-Trade,2001-8-27,0.156269
CAT,18542,QMLE-Trade,2001-8-28,0.193405
CAT,18542,QMLE-Trade,2001-8-29,0.258216
CAT,18542,QMLE-Trade,2001-8-30,0.308883
CAT,18542,QMLE-Trade,2001-8-31,0.312461
CAT,18542,QMLE-Trade,2001-9-4,0.366123
CAT,18542,QMLE-Trade,2001-9-5,0.302854
CAT,18542,QMLE-Trade,2001-9-6,0.238333
CAT,18542,QMLE-Trade,2001-9-7,0.322439
CAT,18542,QMLE-Trade,2001-9-10,0.407614
CAT,18542,QMLE-Trade,2001-9-17,0.617063
CAT,18542,QMLE-Trade,2001-9-18,0.441035
CAT,18542,QMLE-Trade,2001-9-19,0.571587
CAT,18542,QMLE-Trade,2001-9-20,0.583541
CAT,18542,QMLE-Trade,2001-9-21,0.911717
CAT,18542,QMLE-Trade,2001-9-24,0.491709
CAT,18542,QMLE-Trade,2001-9-25,0.491298
CAT,18542,QMLE-Trade,2001-9-26,0.435578
CAT,18542,QMLE-Trade,2001-9-27,0.394701
CAT,18542,QMLE-Trade,2001-9-28,0.451259
CAT,18542,QMLE-Trade,2001-10-1,0.31381
CAT,18542,QMLE-Trade,2001-10-2,0.322613
CAT,18542,QMLE-Trade,2001-10-3,0.461701
CAT,18542,QMLE-Trade,2001-10-4,0.3179
CAT,18542,QMLE-Trade,2001-10-5,0.380889
CAT,18542,QMLE-Trade,2001-10-8,0.293885
CAT,18542,QMLE-Trade,2001-10-9,0.223778
CAT,18542,QMLE-Trade,2001-10-10,0.343085
CAT,18542,QMLE-Trade,2001-10-11,0.390344
CAT,18542,QMLE-Trade,2001-10-12,0.37522
CAT,18542,QMLE-Trade,2001-10-15,0.230666
CAT,18542,QMLE-Trade,2001-10-16,0.357018
CAT,18542,QMLE-Trade,2001-10-17,0.340773
CAT,18542,QMLE-Trade,2001-10-18,0.30113
CAT,18542,QMLE-Trade,2001-10-19,0.256839
CAT,18542,QMLE-Trade,2001-10-22,0.204915
CAT,18542,QMLE-Trade,2001-10-23,0.260904
CAT,18542,QMLE-Trade,2001-10-24,0.342854
CAT,18542,QMLE-Trade,2001-10-25,0.29627
CAT,18542,QMLE-Trade,2001-10-26,0.274375
CAT,18542,QMLE-Trade,2001-10-29,0.37357
CAT,18542,QMLE-Trade,2001-10-30,0.322306
CAT,18542,QMLE-Trade,2001-10-31,0.384729
CAT,18542,QMLE-Trade,2001-11-1,0.367516
CAT,18542,QMLE-Trade,2001-11-2,0.339811
CAT,18542,QMLE-Trade,2001-11-5,0.193841
CAT,18542,QMLE-Trade,2001-11-6,0.278053
CAT,18542,QMLE-Trade,2001-11-7,0.349244
CAT,18542,QMLE-Trade,2001-11-8,0.277205
CAT,18542,QMLE-Trade,2001-11-9,0.327399
CAT,18542,QMLE-Trade,2001-11-12,0.447267
CAT,18542,QMLE-Trade,2001-11-13,0.179596
CAT,18542,QMLE-Trade,2001-11-14,0.202139
CAT,18542,QMLE-Trade,2001-11-15,0.274748
CAT,18542,QMLE-Trade,2001-11-16,0.180076
CAT,18542,QMLE-Trade,2001-11-19,0.260039
CAT,18542,QMLE-Trade,2001-11-20,0.249768
CAT,18542,QMLE-Trade,2001-11-21,0.205664
CAT,18542,QMLE-Trade,2001-11-23,0.132362
CAT,18542,QMLE-Trade,2001-11-26,0.194575
CAT,18542,QMLE-Trade,2001-11-27,0.307652
CAT,18542,QMLE-Trade,2001-11-28,0.233178
CAT,18542,QMLE-Trade,2001-11-29,0.352454
CAT,18542,QMLE-Trade,2001-11-30,0.21418
CAT,18542,QMLE-Trade,2001-12-3,0.2116
CAT,18542,QMLE-Trade,2001-12-4,0.228956
CAT,18542,QMLE-Trade,2001-12-5,0.332621
CAT,18542,QMLE-Trade,2001-12-6,0.301011
CAT,18542,QMLE-Trade,2001-12-7,0.290261
CAT,18542,QMLE-Trade,2001-12-10,0.253303
CAT,18542,QMLE-Trade,2001-12-11,0.234725
CAT,18542,QMLE-Trade,2001-12-12,0.220907
CAT,18542,QMLE-Trade,2001-12-13,0.202116
CAT,18542,QMLE-Trade,2001-12-14,0.275828
CAT,18542,QMLE-Trade,2001-12-17,0.293275
CAT,18542,QMLE-Trade,2001-12-18,0.261683
CAT,18542,QMLE-Trade,2001-12-19,0.248258
CAT,18542,QMLE-Trade,2001-12-20,0.233988
CAT,18542,QMLE-Trade,2001-12-21,0.128269
CAT,18542,QMLE-Trade,2001-12-24,0.238427
CAT,18542,QMLE-Trade,2001-12-26,0.193672
CAT,18542,QMLE-Trade,2001-12-27,0.185364
CAT,18542,QMLE-Trade,2001-12-28,0.191266
CAT,18542,QMLE-Trade,2001-12-31,0.175978
CAT,18542,QMLE-Trade,2002-1-2,0.257816
CAT,18542,QMLE-Trade,2002-1-3,0.149214
CAT,18542,QMLE-Trade,2002-1-4,0.182588
CAT,18542,QMLE-Trade,2002-1-7,0.200884
CAT,18542,QMLE-Trade,2002-1-8,0.275885
CAT,18542,QMLE-Trade,2002-1-9,0.28622
CAT,18542,QMLE-Trade,2002-1-10,0.231191
CAT,18542,QMLE-Trade,2002-1-11,0.204367
CAT,18542,QMLE-Trade,2002-1-14,0.216966
CAT,18542,QMLE-Trade,2002-1-15,0.19761
CAT,18542,QMLE-Trade,2002-1-16,0.275758
CAT,18542,QMLE-Trade,2002-1-17,0.230165
CAT,18542,QMLE-Trade,2002-1-18,0.192509
CAT,18542,QMLE-Trade,2002-1-22,0.345492
CAT,18542,QMLE-Trade,2002-1-23,0.358864
CAT,18542,QMLE-Trade,2002-1-24,0.282297
CAT,18542,QMLE-Trade,2002-1-25,0.236839
CAT,18542,QMLE-Trade,2002-1-28,0.195428
CAT,18542,QMLE-Trade,2002-1-29,0.22356
CAT,18542,QMLE-Trade,2002-1-30,0.407583
CAT,18542,QMLE-Trade,2002-1-31,0.289276
CAT,18542,QMLE-Trade,2002-2-1,0.270488
CAT,18542,QMLE-Trade,2002-2-4,0.365843
CAT,18542,QMLE-Trade,2002-2-5,0.357723
CAT,18542,QMLE-Trade,2002-2-6,0.337341
CAT,18542,QMLE-Trade,2002-2-7,0.25317
CAT,18542,QMLE-Trade,2002-2-8,0.31983
CAT,18542,QMLE-Trade,2002-2-11,0.241492
CAT,18542,QMLE-Trade,2002-2-12,0.257268
CAT,18542,QMLE-Trade,2002-2-13,0.216221
CAT,18542,QMLE-Trade,2002-2-14,0.206154
CAT,18542,QMLE-Trade,2002-2-15,0.229403
CAT,18542,QMLE-Trade,2002-2-19,0.268393
CAT,18542,QMLE-Trade,2002-2-20,0.303544
CAT,18542,QMLE-Trade,2002-2-21,0.286656
CAT,18542,QMLE-Trade,2002-2-22,0.295432
CAT,18542,QMLE-Trade,2002-2-25,0.333038
CAT,18542,QMLE-Trade,2002-2-26,0.339069
CAT,18542,QMLE-Trade,2002-2-27,0.304843
CAT,18542,QMLE-Trade,2002-2-28,0.247352
CAT,18542,QMLE-Trade,2002-3-1,0.350518
CAT,18542,QMLE-Trade,2002-3-4,0.27216
CAT,18542,QMLE-Trade,2002-3-5,0.30524
CAT,18542,QMLE-Trade,2002-3-6,0.260401
CAT,18542,QMLE-Trade,2002-3-7,0.203993
CAT,18542,QMLE-Trade,2002-3-8,0.214352
CAT,18542,QMLE-Trade,2002-3-11,0.191773
CAT,18542,QMLE-Trade,2002-3-12,0.185497
CAT,18542,QMLE-Trade,2002-3-13,0.253945
CAT,18542,QMLE-Trade,2002-3-14,0.294644
CAT,18542,QMLE-Trade,2002-3-15,0.208581
CAT,18542,QMLE-Trade,2002-3-18,0.189389
CAT,18542,QMLE-Trade,2002-3-19,0.227341
CAT,18542,QMLE-Trade,2002-3-20,0.22343
CAT,18542,QMLE-Trade,2002-3-21,0.253748
CAT,18542,QMLE-Trade,2002-3-22,0.269555
CAT,18542,QMLE-Trade,2002-3-25,0.242213
CAT,18542,QMLE-Trade,2002-3-26,0.279266
CAT,18542,QMLE-Trade,2002-3-27,0.285883
CAT,18542,QMLE-Trade,2002-3-28,0.196107
CAT,18542,QMLE-Trade,2002-4-1,0.272768
CAT,18542,QMLE-Trade,2002-4-2,0.246234
CAT,18542,QMLE-Trade,2002-4-3,0.273535
CAT,18542,QMLE-Trade,2002-4-4,0.290435
CAT,18542,QMLE-Trade,2002-4-5,0.242574
CAT,18542,QMLE-Trade,2002-4-8,0.257393
CAT,18542,QMLE-Trade,2002-4-9,0.274038
CAT,18542,QMLE-Trade,2002-4-10,0.226086
CAT,18542,QMLE-Trade,2002-4-11,0.225885
CAT,18542,QMLE-Trade,2002-4-12,0.188673
CAT,18542,QMLE-Trade,2002-4-15,0.249036
CAT,18542,QMLE-Trade,2002-4-16,0.286288
CAT,18542,QMLE-Trade,2002-4-17,0.224674
CAT,18542,QMLE-Trade,2002-4-18,0.258911
CAT,18542,QMLE-Trade,2002-4-19,0.116341
CAT,18542,QMLE-Trade,2002-4-22,0.272894
CAT,18542,QMLE-Trade,2002-4-23,0.277815
CAT,18542,QMLE-Trade,2002-4-24,0.294715
CAT,18542,QMLE-Trade,2002-4-25,0.327682
CAT,18542,QMLE-Trade,2002-4-26,0.283523
CAT,18542,QMLE-Trade,2002-4-29,0.283435
CAT,18542,QMLE-Trade,2002-4-30,0.270578
CAT,18542,QMLE-Trade,2002-5-1,0.366365
CAT,18542,QMLE-Trade,2002-5-2,0.279535
CAT,18542,QMLE-Trade,2002-5-3,0.22394
CAT,18542,QMLE-Trade,2002-5-6,0.267561
CAT,18542,QMLE-Trade,2002-5-7,0.249257
CAT,18542,QMLE-Trade,2002-5-8,0.193121
CAT,18542,QMLE-Trade,2002-5-9,0.295627
CAT,18542,QMLE-Trade,2002-5-10,0.182599
CAT,18542,QMLE-Trade,2002-5-13,0.241428
CAT,18542,QMLE-Trade,2002-5-14,0.18421
CAT,18542,QMLE-Trade,2002-5-15,0.251325
CAT,18542,QMLE-Trade,2002-5-16,0.248531
CAT,18542,QMLE-Trade,2002-5-17,0.192106
CAT,18542,QMLE-Trade,2002-5-20,0.248013
CAT,18542,QMLE-Trade,2002-5-21,0.216996
CAT,18542,QMLE-Trade,2002-5-22,0.23116
CAT,18542,QMLE-Trade,2002-5-23,0.190007
CAT,18542,QMLE-Trade,2002-5-24,0.169101
CAT,18542,QMLE-Trade,2002-5-28,0.201876
CAT,18542,QMLE-Trade,2002-5-29,0.209378
CAT,18542,QMLE-Trade,2002-5-30,0.279416
CAT,18542,QMLE-Trade,2002-5-31,0.19495
CAT,18542,QMLE-Trade,2002-6-3,0.265283
CAT,18542,QMLE-Trade,2002-6-4,0.352841
CAT,18542,QMLE-Trade,2002-6-5,0.255634
CAT,18542,QMLE-Trade,2002-6-6,0.355591
CAT,18542,QMLE-Trade,2002-6-7,0.175141
CAT,18542,QMLE-Trade,2002-6-10,0.254949
CAT,18542,QMLE-Trade,2002-6-11,0.338009
CAT,18542,QMLE-Trade,2002-6-12,0.375921
CAT,18542,QMLE-Trade,2002-6-13,0.220025
CAT,18542,QMLE-Trade,2002-6-14,0.331735
CAT,18542,QMLE-Trade,2002-6-17,0.310727
CAT,18542,QMLE-Trade,2002-6-18,0.292928
CAT,18542,QMLE-Trade,2002-6-19,0.265694
CAT,18542,QMLE-Trade,2002-6-20,0.272796
CAT,18542,QMLE-Trade,2002-6-21,0.29699
CAT,18542,QMLE-Trade,2002-6-24,0.45726
CAT,18542,QMLE-Trade,2002-6-25,0.315152
CAT,18542,QMLE-Trade,2002-6-26,0.395688
CAT,18542,QMLE-Trade,2002-6-27,0.333284
CAT,18542,QMLE-Trade,2002-6-28,0.254615
CAT,18542,QMLE-Trade,2002-7-1,0.276361
CAT,18542,QMLE-Trade,2002-7-2,0.485596
CAT,18542,QMLE-Trade,2002-7-3,0.312521
CAT,18542,QMLE-Trade,2002-7-5,0.415043
CAT,18542,QMLE-Trade,2002-7-8,0.362217
CAT,18542,QMLE-Trade,2002-7-9,0.330068
CAT,18542,QMLE-Trade,2002-7-10,0.420031
CAT,18542,QMLE-Trade,2002-7-11,0.56719
CAT,18542,QMLE-Trade,2002-7-12,0.457556
CAT,18542,QMLE-Trade,2002-7-15,0.526676
CAT,18542,QMLE-Trade,2002-7-16,0.60531
CAT,18542,QMLE-Trade,2002-7-17,0.442958
CAT,18542,QMLE-Trade,2002-7-18,0.339613
CAT,18542,QMLE-Trade,2002-7-19,0.375667
CAT,18542,QMLE-Trade,2002-7-22,0.763469
CAT,18542,QMLE-Trade,2002-7-23,0.551338
CAT,18542,QMLE-Trade,2002-7-24,0.805253
CAT,18542,QMLE-Trade,2002-7-25,0.680094
CAT,18542,QMLE-Trade,2002-7-26,0.437545
CAT,18542,QMLE-Trade,2002-7-29,0.435411
CAT,18542,QMLE-Trade,2002-7-30,0.393112
CAT,18542,QMLE-Trade,2002-7-31,0.409478
CAT,18542,QMLE-Trade,2002-8-1,0.538902
CAT,18542,QMLE-Trade,2002-8-2,0.442355
CAT,18542,QMLE-Trade,2002-8-5,0.373909
CAT,18542,QMLE-Trade,2002-8-6,0.483717
CAT,18542,QMLE-Trade,2002-8-7,0.385852
CAT,18542,QMLE-Trade,2002-8-8,0.419809
CAT,18542,QMLE-Trade,2002-8-9,0.382062
CAT,18542,QMLE-Trade,2002-8-12,0.361314
CAT,18542,QMLE-Trade,2002-8-13,0.370073
CAT,18542,QMLE-Trade,2002-8-14,0.352031
CAT,18542,QMLE-Trade,2002-8-15,0.441407
CAT,18542,QMLE-Trade,2002-8-16,0.241041
CAT,18542,QMLE-Trade,2002-8-19,0.300381
CAT,18542,QMLE-Trade,2002-8-20,0.271851
CAT,18542,QMLE-Trade,2002-8-21,0.305018
CAT,18542,QMLE-Trade,2002-8-22,0.322394
CAT,18542,QMLE-Trade,2002-8-23,0.173493
CAT,18542,QMLE-Trade,2002-8-26,0.266677
CAT,18542,QMLE-Trade,2002-8-27,0.293632
CAT,18542,QMLE-Trade,2002-8-28,0.313381
CAT,18542,QMLE-Trade,2002-8-29,0.358271
CAT,18542,QMLE-Trade,2002-8-30,0.314748
CAT,18542,QMLE-Trade,2002-9-3,0.303153
CAT,18542,QMLE-Trade,2002-9-4,0.335033
CAT,18542,QMLE-Trade,2002-9-5,0.311361
CAT,18542,QMLE-Trade,2002-9-6,0.259522
CAT,18542,QMLE-Trade,2002-9-9,0.21468
CAT,18542,QMLE-Trade,2002-9-10,0.213358
CAT,18542,QMLE-Trade,2002-9-11,0.492833
CAT,18542,QMLE-Trade,2002-9-12,0.277476
CAT,18542,QMLE-Trade,2002-9-13,0.340969
CAT,18542,QMLE-Trade,2002-9-16,0.411765
CAT,18542,QMLE-Trade,2002-9-17,0.369891
CAT,18542,QMLE-Trade,2002-9-18,0.373126
CAT,18542,QMLE-Trade,2002-9-19,0.360953
CAT,18542,QMLE-Trade,2002-9-20,0.403171
CAT,18542,QMLE-Trade,2002-9-23,0.409052
CAT,18542,QMLE-Trade,2002-9-24,0.374086
CAT,18542,QMLE-Trade,2002-9-25,0.341905
CAT,18542,QMLE-Trade,2002-9-26,0.316136
CAT,18542,QMLE-Trade,2002-9-27,0.346931
CAT,18542,QMLE-Trade,2002-9-30,0.356025
CAT,18542,QMLE-Trade,2002-10-1,0.341344
CAT,18542,QMLE-Trade,2002-10-2,0.392719
CAT,18542,QMLE-Trade,2002-10-3,0.443762
CAT,18542,QMLE-Trade,2002-10-4,0.627738
CAT,18542,QMLE-Trade,2002-10-7,0.341743
CAT,18542,QMLE-Trade,2002-10-8,0.479832
CAT,18542,QMLE-Trade,2002-10-9,0.48067
CAT,18542,QMLE-Trade,2002-10-10,0.410135
CAT,18542,QMLE-Trade,2002-10-11,0.376943
CAT,18542,QMLE-Trade,2002-10-14,0.27835
CAT,18542,QMLE-Trade,2002-10-15,0.317032
CAT,18542,QMLE-Trade,2002-10-16,0.488795
CAT,18542,QMLE-Trade,2002-10-17,0.257166
CAT,18542,QMLE-Trade,2002-10-18,0.328394
CAT,18542,QMLE-Trade,2002-10-21,0.324518
CAT,18542,QMLE-Trade,2002-10-22,0.3253
CAT,18542,QMLE-Trade,2002-10-23,0.355343
CAT,18542,QMLE-Trade,2002-10-24,0.366118
CAT,18542,QMLE-Trade,2002-10-25,0.471077
CAT,18542,QMLE-Trade,2002-10-28,0.379826
CAT,18542,QMLE-Trade,2002-10-29,0.382464
CAT,18542,QMLE-Trade,2002-10-30,0.353504
CAT,18542,QMLE-Trade,2002-10-31,0.320617
CAT,18542,QMLE-Trade,2002-11-1,0.398477
CAT,18542,QMLE-Trade,2002-11-4,0.257099
CAT,18542,QMLE-Trade,2002-11-5,0.273975
CAT,18542,QMLE-Trade,2002-11-6,0.35746
CAT,18542,QMLE-Trade,2002-11-7,0.350897
CAT,18542,QMLE-Trade,2002-11-8,0.296069
CAT,18542,QMLE-Trade,2002-11-11,0.214647
CAT,18542,QMLE-Trade,2002-11-12,0.252294
CAT,18542,QMLE-Trade,2002-11-13,0.391535
CAT,18542,QMLE-Trade,2002-11-14,0.30662
CAT,18542,QMLE-Trade,2002-11-15,0.279119
CAT,18542,QMLE-Trade,2002-11-18,0.23811
CAT,18542,QMLE-Trade,2002-11-19,0.280704
CAT,18542,QMLE-Trade,2002-11-20,0.323927
CAT,18542,QMLE-Trade,2002-11-21,0.264172
CAT,18542,QMLE-Trade,2002-11-22,0.355453
CAT,18542,QMLE-Trade,2002-11-25,0.287578
CAT,18542,QMLE-Trade,2002-11-26,0.285886
CAT,18542,QMLE-Trade,2002-11-27,0.268408
CAT,18542,QMLE-Trade,2002-11-29,0.195122
CAT,18542,QMLE-Trade,2002-12-2,0.290895
CAT,18542,QMLE-Trade,2002-12-3,0.295133
CAT,18542,QMLE-Trade,2002-12-4,0.232754
CAT,18542,QMLE-Trade,2002-12-5,0.234701
CAT,18542,QMLE-Trade,2002-12-6,0.298306
CAT,18542,QMLE-Trade,2002-12-9,0.213738
CAT,18542,QMLE-Trade,2002-12-10,0.27711
CAT,18542,QMLE-Trade,2002-12-11,0.279678
CAT,18542,QMLE-Trade,2002-12-12,0.316566
CAT,18542,QMLE-Trade,2002-12-13,0.246583
CAT,18542,QMLE-Trade,2002-12-16,0.231246
CAT,18542,QMLE-Trade,2002-12-17,0.221381
CAT,18542,QMLE-Trade,2002-12-18,0.254847
CAT,18542,QMLE-Trade,2002-12-19,0.284669
CAT,18542,QMLE-Trade,2002-12-20,0.20338
CAT,18542,QMLE-Trade,2002-12-23,0.221257
CAT,18542,QMLE-Trade,2002-12-24,0.174018
CAT,18542,QMLE-Trade,2002-12-26,0.217824
CAT,18542,QMLE-Trade,2002-12-27,0.275162
CAT,18542,QMLE-Trade,2002-12-30,0.261974
CAT,18542,QMLE-Trade,2002-12-31,0.200889
CAT,18542,QMLE-Trade,2003-1-2,0.274446
CAT,18542,QMLE-Trade,2003-1-3,0.179727
CAT,18542,QMLE-Trade,2003-1-6,0.207809
CAT,18542,QMLE-Trade,2003-1-7,0.223033
CAT,18542,QMLE-Trade,2003-1-8,0.296634
CAT,18542,QMLE-Trade,2003-1-9,0.245636
CAT,18542,QMLE-Trade,2003-1-10,0.300688
CAT,18542,QMLE-Trade,2003-1-13,0.218679
CAT,18542,QMLE-Trade,2003-1-14,0.315139
CAT,18542,QMLE-Trade,2003-1-15,0.199725
CAT,18542,QMLE-Trade,2003-1-16,0.235886
CAT,18542,QMLE-Trade,2003-1-17,0.230153
CAT,18542,QMLE-Trade,2003-1-21,0.179287
CAT,18542,QMLE-Trade,2003-1-22,0.30904
CAT,18542,QMLE-Trade,2003-1-23,0.442681
CAT,18542,QMLE-Trade,2003-1-24,0.382867
CAT,18542,QMLE-Trade,2003-1-27,0.321226
CAT,18542,QMLE-Trade,2003-1-28,0.30227
CAT,18542,QMLE-Trade,2003-1-29,0.363218
CAT,18542,QMLE-Trade,2003-1-30,0.298544
CAT,18542,QMLE-Trade,2003-1-31,0.372971
CAT,18542,QMLE-Trade,2003-2-3,0.233155
CAT,18542,QMLE-Trade,2003-2-4,0.264585
CAT,18542,QMLE-Trade,2003-2-5,0.326946
CAT,18542,QMLE-Trade,2003-2-6,0.317191
CAT,18542,QMLE-Trade,2003-2-7,0.335191
CAT,18542,QMLE-Trade,2003-2-10,0.316926
CAT,18542,QMLE-Trade,2003-2-11,0.21308
CAT,18542,QMLE-Trade,2003-2-12,0.261062
CAT,18542,QMLE-Trade,2003-2-13,0.301316
CAT,18542,QMLE-Trade,2003-2-14,0.369721
CAT,18542,QMLE-Trade,2003-2-18,0.259142
CAT,18542,QMLE-Trade,2003-2-19,0.235406
CAT,18542,QMLE-Trade,2003-2-20,0.239444
CAT,18542,QMLE-Trade,2003-2-21,0.254913
CAT,18542,QMLE-Trade,2003-2-24,0.201809
CAT,18542,QMLE-Trade,2003-2-25,0.262269
CAT,18542,QMLE-Trade,2003-2-26,0.205373
CAT,18542,QMLE-Trade,2003-2-27,0.274516
CAT,18542,QMLE-Trade,2003-2-28,0.24828
CAT,18542,QMLE-Trade,2003-3-3,0.166969
CAT,18542,QMLE-Trade,2003-3-4,0.219935
CAT,18542,QMLE-Trade,2003-3-5,0.288102
CAT,18542,QMLE-Trade,2003-3-6,0.25522
CAT,18542,QMLE-Trade,2003-3-7,0.37913
CAT,18542,QMLE-Trade,2003-3-10,0.234807
CAT,18542,QMLE-Trade,2003-3-11,0.260021
CAT,18542,QMLE-Trade,2003-3-12,0.279681
CAT,18542,QMLE-Trade,2003-3-13,0.270761
CAT,18542,QMLE-Trade,2003-3-14,0.299086
CAT,18542,QMLE-Trade,2003-3-17,0.412854
CAT,18542,QMLE-Trade,2003-3-18,0.312254
CAT,18542,QMLE-Trade,2003-3-19,0.356929
CAT,18542,QMLE-Trade,2003-3-20,0.299561
CAT,18542,QMLE-Trade,2003-3-21,0.334783
CAT,18542,QMLE-Trade,2003-3-24,0.276107
CAT,18542,QMLE-Trade,2003-3-25,0.240597
CAT,18542,QMLE-Trade,2003-3-26,0.302689
CAT,18542,QMLE-Trade,2003-3-27,0.263307
CAT,18542,QMLE-Trade,2003-3-28,0.243364
CAT,18542,QMLE-Trade,2003-3-31,0.273786
CAT,18542,QMLE-Trade,2003-4-1,0.297488
CAT,18542,QMLE-Trade,2003-4-2,0.201518
CAT,18542,QMLE-Trade,2003-4-3,0.223591
CAT,18542,QMLE-Trade,2003-4-4,0.274209
CAT,18542,QMLE-Trade,2003-4-7,0.269323
CAT,18542,QMLE-Trade,2003-4-8,0.261022
CAT,18542,QMLE-Trade,2003-4-9,0.265249
CAT,18542,QMLE-Trade,2003-4-10,0.22623
CAT,18542,QMLE-Trade,2003-4-11,0.26477
CAT,18542,QMLE-Trade,2003-4-14,0.162097
CAT,18542,QMLE-Trade,2003-4-15,0.204692
CAT,18542,QMLE-Trade,2003-4-16,0.315374
CAT,18542,QMLE-Trade,2003-4-17,0.211213
CAT,18542,QMLE-Trade,2003-4-21,0.235008
CAT,18542,QMLE-Trade,2003-4-22,0.291082
CAT,18542,QMLE-Trade,2003-4-23,0.203836
CAT,18542,QMLE-Trade,2003-4-24,0.229867
CAT,18542,QMLE-Trade,2003-4-25,0.230175
CAT,18542,QMLE-Trade,2003-4-28,0.196267
CAT,18542,QMLE-Trade,2003-4-29,0.25076
CAT,18542,QMLE-Trade,2003-4-30,0.27895
CAT,18542,QMLE-Trade,2003-5-1,0.21191
CAT,18542,QMLE-Trade,2003-5-2,0.205482
CAT,18542,QMLE-Trade,2003-5-5,0.195329
CAT,18542,QMLE-Trade,2003-5-6,0.225039
CAT,18542,QMLE-Trade,2003-5-7,0.231537
CAT,18542,QMLE-Trade,2003-5-8,0.218995
CAT,18542,QMLE-Trade,2003-5-9,0.210917
CAT,18542,QMLE-Trade,2003-5-12,0.176831
CAT,18542,QMLE-Trade,2003-5-13,0.21081
CAT,18542,QMLE-Trade,2003-5-14,0.224038
CAT,18542,QMLE-Trade,2003-5-15,0.168021
CAT,18542,QMLE-Trade,2003-5-16,0.193255
CAT,18542,QMLE-Trade,2003-5-19,0.214556
CAT,18542,QMLE-Trade,2003-5-20,0.180718
CAT,18542,QMLE-Trade,2003-5-21,0.206313
CAT,18542,QMLE-Trade,2003-5-22,0.237714
CAT,18542,QMLE-Trade,2003-5-23,0.227621
CAT,18542,QMLE-Trade,2003-5-27,0.218795
CAT,18542,QMLE-Trade,2003-5-28,0.202885
CAT,18542,QMLE-Trade,2003-5-29,0.248323
CAT,18542,QMLE-Trade,2003-5-30,0.222685
CAT,18542,QMLE-Trade,2003-6-2,0.206871
CAT,18542,QMLE-Trade,2003-6-3,0.215127
CAT,18542,QMLE-Trade,2003-6-4,0.180748
CAT,18542,QMLE-Trade,2003-6-5,0.247508
CAT,18542,QMLE-Trade,2003-6-6,0.289828
CAT,18542,QMLE-Trade,2003-6-9,0.194026
CAT,18542,QMLE-Trade,2003-6-10,0.215165
CAT,18542,QMLE-Trade,2003-6-11,0.199772
CAT,18542,QMLE-Trade,2003-6-12,0.206801
CAT,18542,QMLE-Trade,2003-6-13,0.161632
CAT,18542,QMLE-Trade,2003-6-16,0.229163
CAT,18542,QMLE-Trade,2003-6-17,0.245028
CAT,18542,QMLE-Trade,2003-6-18,0.185441
CAT,18542,QMLE-Trade,2003-6-19,0.23347
CAT,18542,QMLE-Trade,2003-6-20,0.152603
CAT,18542,QMLE-Trade,2003-6-23,0.184399
CAT,18542,QMLE-Trade,2003-6-24,0.214117
CAT,18542,QMLE-Trade,2003-6-25,0.21668
CAT,18542,QMLE-Trade,2003-6-26,0.182611
CAT,18542,QMLE-Trade,2003-6-27,0.212197
CAT,18542,QMLE-Trade,2003-6-30,0.240509
CAT,18542,QMLE-Trade,2003-7-1,0.305771
CAT,18542,QMLE-Trade,2003-7-2,0.22204
CAT,18542,QMLE-Trade,2003-7-3,0.339577
CAT,18542,QMLE-Trade,2003-7-7,0.188717
CAT,18542,QMLE-Trade,2003-7-8,0.18398
CAT,18542,QMLE-Trade,2003-7-9,0.213871
CAT,18542,QMLE-Trade,2003-7-10,0.173058
CAT,18542,QMLE-Trade,2003-7-11,0.209983
CAT,18542,QMLE-Trade,2003-7-14,0.155086
CAT,18542,QMLE-Trade,2003-7-15,0.190154
CAT,18542,QMLE-Trade,2003-7-16,0.196238
CAT,18542,QMLE-Trade,2003-7-17,0.388793
CAT,18542,QMLE-Trade,2003-7-18,0.266019
CAT,18542,QMLE-Trade,2003-7-21,0.186817
CAT,18542,QMLE-Trade,2003-7-22,0.165979
CAT,18542,QMLE-Trade,2003-7-23,0.156027
CAT,18542,QMLE-Trade,2003-7-24,0.171361
CAT,18542,QMLE-Trade,2003-7-25,0.184877
CAT,18542,QMLE-Trade,2003-7-28,0.142551
CAT,18542,QMLE-Trade,2003-7-29,0.177229
CAT,18542,QMLE-Trade,2003-7-30,0.143586
CAT,18542,QMLE-Trade,2003-7-31,0.19167
CAT,18542,QMLE-Trade,2003-8-1,0.226497
CAT,18542,QMLE-Trade,2003-8-4,0.208613
CAT,18542,QMLE-Trade,2003-8-5,0.205215
CAT,18542,QMLE-Trade,2003-8-6,0.207531
CAT,18542,QMLE-Trade,2003-8-7,0.227212
CAT,18542,QMLE-Trade,2003-8-8,0.166907
CAT,18542,QMLE-Trade,2003-8-11,0.184749
CAT,18542,QMLE-Trade,2003-8-12,0.222482
CAT,18542,QMLE-Trade,2003-8-13,0.157434
CAT,18542,QMLE-Trade,2003-8-14,0.198196
CAT,18542,QMLE-Trade,2003-8-15,0.200164
CAT,18542,QMLE-Trade,2003-8-18,0.156945
CAT,18542,QMLE-Trade,2003-8-19,0.177922
CAT,18542,QMLE-Trade,2003-8-20,0.17633
CAT,18542,QMLE-Trade,2003-8-21,0.259799
CAT,18542,QMLE-Trade,2003-8-22,0.193733
CAT,18542,QMLE-Trade,2003-8-25,0.216572
CAT,18542,QMLE-Trade,2003-8-26,0.220607
CAT,18542,QMLE-Trade,2003-8-27,0.176303
CAT,18542,QMLE-Trade,2003-8-28,0.214713
CAT,18542,QMLE-Trade,2003-8-29,0.141336
CAT,18542,QMLE-Trade,2003-9-2,0.23621
CAT,18542,QMLE-Trade,2003-9-3,0.190225
CAT,18542,QMLE-Trade,2003-9-4,0.165231
CAT,18542,QMLE-Trade,2003-9-5,0.151085
CAT,18542,QMLE-Trade,2003-9-8,0.163186
CAT,18542,QMLE-Trade,2003-9-9,0.18188
CAT,18542,QMLE-Trade,2003-9-10,0.168989
CAT,18542,QMLE-Trade,2003-9-11,0.222636
CAT,18542,QMLE-Trade,2003-9-12,0.182065
CAT,18542,QMLE-Trade,2003-9-15,0.180178
CAT,18542,QMLE-Trade,2003-9-16,0.13071
CAT,18542,QMLE-Trade,2003-9-17,0.139103
CAT,18542,QMLE-Trade,2003-9-18,0.202838
CAT,18542,QMLE-Trade,2003-9-19,0.159498
CAT,18542,QMLE-Trade,2003-9-22,0.219028
CAT,18542,QMLE-Trade,2003-9-23,0.162478
CAT,18542,QMLE-Trade,2003-9-24,0.20527
CAT,18542,QMLE-Trade,2003-9-25,0.258315
CAT,18542,QMLE-Trade,2003-9-26,0.242411
CAT,18542,QMLE-Trade,2003-9-29,0.232788
CAT,18542,QMLE-Trade,2003-9-30,0.286983
CAT,18542,QMLE-Trade,2003-10-1,0.254524
CAT,18542,QMLE-Trade,2003-10-2,0.274945
CAT,18542,QMLE-Trade,2003-10-3,0.273935
CAT,18542,QMLE-Trade,2003-10-6,0.190862
CAT,18542,QMLE-Trade,2003-10-7,0.111624
CAT,18542,QMLE-Trade,2003-10-8,0.15943
CAT,18542,QMLE-Trade,2003-10-9,0.226244
CAT,18542,QMLE-Trade,2003-10-10,0.178616
CAT,18542,QMLE-Trade,2003-10-13,0.183164
CAT,18542,QMLE-Trade,2003-10-14,0.150919
CAT,18542,QMLE-Trade,2003-10-15,0.176649
CAT,18542,QMLE-Trade,2003-10-16,0.289452
CAT,18542,QMLE-Trade,2003-10-17,0.189382
CAT,18542,QMLE-Trade,2003-10-20,0.164139
CAT,18542,QMLE-Trade,2003-10-21,0.152991
CAT,18542,QMLE-Trade,2003-10-22,0.161311
CAT,18542,QMLE-Trade,2003-10-23,0.172208
CAT,18542,QMLE-Trade,2003-10-24,0.193032
CAT,18542,QMLE-Trade,2003-10-27,0.132557
CAT,18542,QMLE-Trade,2003-10-28,0.171543
CAT,18542,QMLE-Trade,2003-10-29,0.137696
CAT,18542,QMLE-Trade,2003-10-30,0.197139
CAT,18542,QMLE-Trade,2003-10-31,0.187116
CAT,18542,QMLE-Trade,2003-11-3,0.191548
CAT,18542,QMLE-Trade,2003-11-4,0.132689
CAT,18542,QMLE-Trade,2003-11-5,0.220065
CAT,18542,QMLE-Trade,2003-11-6,0.13318
CAT,18542,QMLE-Trade,2003-11-7,0.125649
CAT,18542,QMLE-Trade,2003-11-10,0.193491
CAT,18542,QMLE-Trade,2003-11-11,0.121179
CAT,18542,QMLE-Trade,2003-11-12,0.165997
CAT,18542,QMLE-Trade,2003-11-13,0.179542
CAT,18542,QMLE-Trade,2003-11-14,0.17744
CAT,18542,QMLE-Trade,2003-11-17,0.1122
CAT,18542,QMLE-Trade,2003-11-18,0.189165
CAT,18542,QMLE-Trade,2003-11-19,0.141914
CAT,18542,QMLE-Trade,2003-11-20,0.15391
CAT,18542,QMLE-Trade,2003-11-21,0.129574
CAT,18542,QMLE-Trade,2003-11-24,0.155473
CAT,18542,QMLE-Trade,2003-11-25,0.219008
CAT,18542,QMLE-Trade,2003-11-26,0.171958
CAT,18542,QMLE-Trade,2003-11-28,0.118676
CAT,18542,QMLE-Trade,2003-12-1,0.206048
CAT,18542,QMLE-Trade,2003-12-2,0.169744
CAT,18542,QMLE-Trade,2003-12-3,0.160197
CAT,18542,QMLE-Trade,2003-12-4,0.111207
CAT,18542,QMLE-Trade,2003-12-5,0.230846
CAT,18542,QMLE-Trade,2003-12-8,0.144642
CAT,18542,QMLE-Trade,2003-12-9,0.125915
CAT,18542,QMLE-Trade,2003-12-10,0.128659
CAT,18542,QMLE-Trade,2003-12-11,0.202573
CAT,18542,QMLE-Trade,2003-12-12,0.162885
CAT,18542,QMLE-Trade,2003-12-15,0.165246
CAT,18542,QMLE-Trade,2003-12-16,0.188719
CAT,18542,QMLE-Trade,2003-12-17,0.179047
CAT,18542,QMLE-Trade,2003-12-18,0.20411
CAT,18542,QMLE-Trade,2003-12-19,0.178005
CAT,18542,QMLE-Trade,2003-12-22,0.140485
CAT,18542,QMLE-Trade,2003-12-23,0.186186
CAT,18542,QMLE-Trade,2003-12-24,0.154078
CAT,18542,QMLE-Trade,2003-12-26,0.160034
CAT,18542,QMLE-Trade,2003-12-29,0.165675
CAT,18542,QMLE-Trade,2003-12-30,0.116004
CAT,18542,QMLE-Trade,2003-12-31,0.119896
CAT,18542,QMLE-Trade,2004-1-2,0.185989
CAT,18542,QMLE-Trade,2004-1-5,0.170639
CAT,18542,QMLE-Trade,2004-1-6,0.147118
CAT,18542,QMLE-Trade,2004-1-7,0.148312
CAT,18542,QMLE-Trade,2004-1-8,0.17346
CAT,18542,QMLE-Trade,2004-1-9,0.210129
CAT,18542,QMLE-Trade,2004-1-12,0.201449
CAT,18542,QMLE-Trade,2004-1-13,0.219786
CAT,18542,QMLE-Trade,2004-1-14,0.17241
CAT,18542,QMLE-Trade,2004-1-15,0.242172
CAT,18542,QMLE-Trade,2004-1-16,0.230026
CAT,18542,QMLE-Trade,2004-1-20,0.148695
CAT,18542,QMLE-Trade,2004-1-21,0.24232
CAT,18542,QMLE-Trade,2004-1-22,0.17876
CAT,18542,QMLE-Trade,2004-1-23,0.196601
CAT,18542,QMLE-Trade,2004-1-26,0.260855
CAT,18542,QMLE-Trade,2004-1-27,0.395581
CAT,18542,QMLE-Trade,2004-1-28,0.303474
CAT,18542,QMLE-Trade,2004-1-29,0.283397
CAT,18542,QMLE-Trade,2004-1-30,0.169062
CAT,18542,QMLE-Trade,2004-2-2,0.163764
CAT,18542,QMLE-Trade,2004-2-3,0.190427
CAT,18542,QMLE-Trade,2004-2-4,0.209302
CAT,18542,QMLE-Trade,2004-2-5,0.242058
CAT,18542,QMLE-Trade,2004-2-6,0.260657
CAT,18542,QMLE-Trade,2004-2-9,0.190045
CAT,18542,QMLE-Trade,2004-2-10,0.178182
CAT,18542,QMLE-Trade,2004-2-11,0.245046
CAT,18542,QMLE-Trade,2004-2-12,0.175641
CAT,18542,QMLE-Trade,2004-2-13,0.224982
CAT,18542,QMLE-Trade,2004-2-17,0.198131
CAT,18542,QMLE-Trade,2004-2-18,0.164058
CAT,18542,QMLE-Trade,2004-2-19,0.248885
CAT,18542,QMLE-Trade,2004-2-20,0.251271
CAT,18542,QMLE-Trade,2004-2-23,0.257782
CAT,18542,QMLE-Trade,2004-2-24,0.196172
CAT,18542,QMLE-Trade,2004-2-25,0.207695
CAT,18542,QMLE-Trade,2004-2-26,0.152599
CAT,18542,QMLE-Trade,2004-2-27,0.204268
CAT,18542,QMLE-Trade,2004-3-1,0.21327
CAT,18542,QMLE-Trade,2004-3-2,0.215136
CAT,18542,QMLE-Trade,2004-3-3,0.191293
CAT,18542,QMLE-Trade,2004-3-4,0.164612
CAT,18542,QMLE-Trade,2004-3-5,0.195525
CAT,18542,QMLE-Trade,2004-3-8,0.182293
CAT,18542,QMLE-Trade,2004-3-9,0.201222
CAT,18542,QMLE-Trade,2004-3-10,0.274489
CAT,18542,QMLE-Trade,2004-3-11,0.306437
CAT,18542,QMLE-Trade,2004-3-12,0.249059
CAT,18542,QMLE-Trade,2004-3-15,0.182981
CAT,18542,QMLE-Trade,2004-3-16,0.265595
CAT,18542,QMLE-Trade,2004-3-17,0.229902
CAT,18542,QMLE-Trade,2004-3-18,0.26268
CAT,18542,QMLE-Trade,2004-3-19,0.212676
CAT,18542,QMLE-Trade,2004-3-22,0.231706
CAT,18542,QMLE-Trade,2004-3-23,0.211364
CAT,18542,QMLE-Trade,2004-3-24,0.229545
CAT,18542,QMLE-Trade,2004-3-25,0.208217
CAT,18542,QMLE-Trade,2004-3-26,0.150737
CAT,18542,QMLE-Trade,2004-3-29,0.138944
CAT,18542,QMLE-Trade,2004-3-30,0.168323
CAT,18542,QMLE-Trade,2004-3-31,0.219916
CAT,18542,QMLE-Trade,2004-4-1,0.210982
CAT,18542,QMLE-Trade,2004-4-2,0.196661
CAT,18542,QMLE-Trade,2004-4-5,0.151937
CAT,18542,QMLE-Trade,2004-4-6,0.164578
CAT,18542,QMLE-Trade,2004-4-7,0.171074
CAT,18542,QMLE-Trade,2004-4-8,0.167021
CAT,18542,QMLE-Trade,2004-4-12,0.147985
CAT,18542,QMLE-Trade,2004-4-13,0.206563
CAT,18542,QMLE-Trade,2004-4-14,0.242359
CAT,18542,QMLE-Trade,2004-4-15,0.21909
CAT,18542,QMLE-Trade,2004-4-16,0.205876
CAT,18542,QMLE-Trade,2004-4-19,0.163633
CAT,18542,QMLE-Trade,2004-4-20,0.19792
CAT,18542,QMLE-Trade,2004-4-21,0.259919
CAT,18542,QMLE-Trade,2004-4-22,0.262699
CAT,18542,QMLE-Trade,2004-4-23,0.232409
CAT,18542,QMLE-Trade,2004-4-26,0.211706
CAT,18542,QMLE-Trade,2004-4-27,0.204863
CAT,18542,QMLE-Trade,2004-4-28,0.201753
CAT,18542,QMLE-Trade,2004-4-29,0.255812
CAT,18542,QMLE-Trade,2004-4-30,0.319132
CAT,18542,QMLE-Trade,2004-5-3,0.211788
CAT,18542,QMLE-Trade,2004-5-4,0.265406
CAT,18542,QMLE-Trade,2004-5-5,0.196802
CAT,18542,QMLE-Trade,2004-5-6,0.232208
CAT,18542,QMLE-Trade,2004-5-7,0.204449
CAT,18542,QMLE-Trade,2004-5-10,0.318251
CAT,18542,QMLE-Trade,2004-5-11,0.202626
CAT,18542,QMLE-Trade,2004-5-12,0.288127
CAT,18542,QMLE-Trade,2004-5-13,0.295331
CAT,18542,QMLE-Trade,2004-5-14,0.297349
CAT,18542,QMLE-Trade,2004-5-17,0.31623
CAT,18542,QMLE-Trade,2004-5-18,0.250806
CAT,18542,QMLE-Trade,2004-5-19,0.254602
CAT,18542,QMLE-Trade,2004-5-20,0.225904
CAT,18542,QMLE-Trade,2004-5-21,0.231564
CAT,18542,QMLE-Trade,2004-5-24,0.23771
CAT,18542,QMLE-Trade,2004-5-25,0.214035
CAT,18542,QMLE-Trade,2004-5-26,0.172797
CAT,18542,QMLE-Trade,2004-5-27,0.17303
CAT,18542,QMLE-Trade,2004-5-28,0.161844
CAT,18542,QMLE-Trade,2004-6-1,0.199479
CAT,18542,QMLE-Trade,2004-6-2,0.164166
CAT,18542,QMLE-Trade,2004-6-3,0.167007
CAT,18542,QMLE-Trade,2004-6-4,0.233146
CAT,18542,QMLE-Trade,2004-6-7,0.161292
CAT,18542,QMLE-Trade,2004-6-8,0.170852
CAT,18542,QMLE-Trade,2004-6-9,0.165585
CAT,18542,QMLE-Trade,2004-6-10,0.148679
CAT,18542,QMLE-Trade,2004-6-14,0.158089
CAT,18542,QMLE-Trade,2004-6-15,0.188065
CAT,18542,QMLE-Trade,2004-6-16,0.142614
CAT,18542,QMLE-Trade,2004-6-17,0.135306
CAT,18542,QMLE-Trade,2004-6-18,0.158168
CAT,18542,QMLE-Trade,2004-6-21,0.146439
CAT,18542,QMLE-Trade,2004-6-22,0.187273
CAT,18542,QMLE-Trade,2004-6-23,0.162641
CAT,18542,QMLE-Trade,2004-6-24,0.146806
CAT,18542,QMLE-Trade,2004-6-25,0.16529
CAT,18542,QMLE-Trade,2004-6-28,0.166693
CAT,18542,QMLE-Trade,2004-6-29,0.137754
CAT,18542,QMLE-Trade,2004-6-30,0.207648
CAT,18542,QMLE-Trade,2004-7-1,0.201756
CAT,18542,QMLE-Trade,2004-7-2,0.182466
CAT,18542,QMLE-Trade,2004-7-6,0.14503
CAT,18542,QMLE-Trade,2004-7-7,0.147532
CAT,18542,QMLE-Trade,2004-7-8,0.18398
CAT,18542,QMLE-Trade,2004-7-9,0.140211
CAT,18542,QMLE-Trade,2004-7-12,0.163627
CAT,18542,QMLE-Trade,2004-7-13,0.15623
CAT,18542,QMLE-Trade,2004-7-14,0.179616
CAT,18542,QMLE-Trade,2004-7-15,0.135282
CAT,18542,QMLE-Trade,2004-7-16,0.151664
CAT,18542,QMLE-Trade,2004-7-19,0.195362
CAT,18542,QMLE-Trade,2004-7-20,0.195674
CAT,18542,QMLE-Trade,2004-7-21,0.222152
CAT,18542,QMLE-Trade,2004-7-22,0.456455
CAT,18542,QMLE-Trade,2004-7-23,0.23734
CAT,18542,QMLE-Trade,2004-7-26,0.192987
CAT,18542,QMLE-Trade,2004-7-27,0.200613
CAT,18542,QMLE-Trade,2004-7-28,0.222008
CAT,18542,QMLE-Trade,2004-7-29,0.183598
CAT,18542,QMLE-Trade,2004-7-30,0.182314
CAT,18542,QMLE-Trade,2004-8-2,0.144606
CAT,18542,QMLE-Trade,2004-8-3,0.164264
CAT,18542,QMLE-Trade,2004-8-4,0.174087
CAT,18542,QMLE-Trade,2004-8-5,0.203347
CAT,18542,QMLE-Trade,2004-8-6,0.315896
CAT,18542,QMLE-Trade,2004-8-9,0.158173
CAT,18542,QMLE-Trade,2004-8-10,0.17713
CAT,18542,QMLE-Trade,2004-8-11,0.211249
CAT,18542,QMLE-Trade,2004-8-12,0.159426
CAT,18542,QMLE-Trade,2004-8-13,0.136993
CAT,18542,QMLE-Trade,2004-8-16,0.18007
CAT,18542,QMLE-Trade,2004-8-17,0.219921
CAT,18542,QMLE-Trade,2004-8-18,0.179797
CAT,18542,QMLE-Trade,2004-8-19,0.153195
CAT,18542,QMLE-Trade,2004-8-20,0.175318
CAT,18542,QMLE-Trade,2004-8-23,0.175526
CAT,18542,QMLE-Trade,2004-8-24,0.148644
CAT,18542,QMLE-Trade,2004-8-25,0.130317
CAT,18542,QMLE-Trade,2004-8-26,0.134534
CAT,18542,QMLE-Trade,2004-8-27,0.125097
CAT,18542,QMLE-Trade,2004-8-30,0.125341
CAT,18542,QMLE-Trade,2004-8-31,0.149838
CAT,18542,QMLE-Trade,2004-9-1,0.217329
CAT,18542,QMLE-Trade,2004-9-2,0.101963
CAT,18542,QMLE-Trade,2004-9-3,0.130368
CAT,18542,QMLE-Trade,2004-9-7,0.170764
CAT,18542,QMLE-Trade,2004-9-8,0.152882
CAT,18542,QMLE-Trade,2004-9-9,0.132526
CAT,18542,QMLE-Trade,2004-9-10,0.14973
CAT,18542,QMLE-Trade,2004-9-13,0.144385
CAT,18542,QMLE-Trade,2004-9-14,0.12843
CAT,18542,QMLE-Trade,2004-9-15,0.135679
CAT,18542,QMLE-Trade,2004-9-16,0.113948
CAT,18542,QMLE-Trade,2004-9-17,0.131844
CAT,18542,QMLE-Trade,2004-9-20,0.14743
CAT,18542,QMLE-Trade,2004-9-21,0.158721
CAT,18542,QMLE-Trade,2004-9-22,0.156963
CAT,18542,QMLE-Trade,2004-9-23,0.186631
CAT,18542,QMLE-Trade,2004-9-24,0.164654
CAT,18542,QMLE-Trade,2004-9-27,0.140246
CAT,18542,QMLE-Trade,2004-9-28,0.271775
CAT,18542,QMLE-Trade,2004-9-29,0.294718
CAT,18542,QMLE-Trade,2004-9-30,0.195842
CAT,18542,QMLE-Trade,2004-10-1,0.186419
CAT,18542,QMLE-Trade,2004-10-4,0.155896
CAT,18542,QMLE-Trade,2004-10-5,0.165289
CAT,18542,QMLE-Trade,2004-10-6,0.146637
CAT,18542,QMLE-Trade,2004-10-7,0.143068
CAT,18542,QMLE-Trade,2004-10-8,0.207224
CAT,18542,QMLE-Trade,2004-10-11,0.133153
CAT,18542,QMLE-Trade,2004-10-12,0.171503
CAT,18542,QMLE-Trade,2004-10-13,0.212428
CAT,18542,QMLE-Trade,2004-10-14,0.182671
CAT,18542,QMLE-Trade,2004-10-15,0.194623
CAT,18542,QMLE-Trade,2004-10-18,0.171868
CAT,18542,QMLE-Trade,2004-10-19,0.237424
CAT,18542,QMLE-Trade,2004-10-20,0.242504
CAT,18542,QMLE-Trade,2004-10-21,0.478765
CAT,18542,QMLE-Trade,2004-10-22,0.183869
CAT,18542,QMLE-Trade,2004-10-25,0.202461
CAT,18542,QMLE-Trade,2004-10-26,0.170411
CAT,18542,QMLE-Trade,2004-10-27,0.198766
CAT,18542,QMLE-Trade,2004-10-28,0.220314
CAT,18542,QMLE-Trade,2004-10-29,0.179857
CAT,18542,QMLE-Trade,2004-11-1,0.203642
CAT,18542,QMLE-Trade,2004-11-2,0.228376
CAT,18542,QMLE-Trade,2004-11-3,0.225573
CAT,18542,QMLE-Trade,2004-11-4,0.193139
CAT,18542,QMLE-Trade,2004-11-5,0.254072
CAT,18542,QMLE-Trade,2004-11-8,0.153887
CAT,18542,QMLE-Trade,2004-11-9,0.141627
CAT,18542,QMLE-Trade,2004-11-10,0.162135
CAT,18542,QMLE-Trade,2004-11-11,0.133367
CAT,18542,QMLE-Trade,2004-11-12,0.144461
CAT,18542,QMLE-Trade,2004-11-15,0.196285
CAT,18542,QMLE-Trade,2004-11-16,0.183661
CAT,18542,QMLE-Trade,2004-11-17,0.175315
CAT,18542,QMLE-Trade,2004-11-18,0.182397
CAT,18542,QMLE-Trade,2004-11-19,0.163951
CAT,18542,QMLE-Trade,2004-11-22,0.154152
CAT,18542,QMLE-Trade,2004-11-23,0.247367
CAT,18542,QMLE-Trade,2004-11-24,0.178582
CAT,18542,QMLE-Trade,2004-11-26,0.116285
CAT,18542,QMLE-Trade,2004-11-29,0.187671
CAT,18542,QMLE-Trade,2004-11-30,0.251714
CAT,18542,QMLE-Trade,2004-12-1,0.214293
CAT,18542,QMLE-Trade,2004-12-2,0.229294
CAT,18542,QMLE-Trade,2004-12-3,0.21385
CAT,18542,QMLE-Trade,2004-12-6,0.160934
CAT,18542,QMLE-Trade,2004-12-7,0.18977
CAT,18542,QMLE-Trade,2004-12-8,0.187839
CAT,18542,QMLE-Trade,2004-12-9,0.188283
CAT,18542,QMLE-Trade,2004-12-10,0.164599
CAT,18542,QMLE-Trade,2004-12-13,0.144664
CAT,18542,QMLE-Trade,2004-12-14,0.161874
CAT,18542,QMLE-Trade,2004-12-15,0.165141
CAT,18542,QMLE-Trade,2004-12-16,0.170918
CAT,18542,QMLE-Trade,2004-12-17,0.205416
CAT,18542,QMLE-Trade,2004-12-20,0.173392
CAT,18542,QMLE-Trade,2004-12-21,0.131509
CAT,18542,QMLE-Trade,2004-12-22,0.161071
CAT,18542,QMLE-Trade,2004-12-23,0.119343
CAT,18542,QMLE-Trade,2004-12-27,0.172855
CAT,18542,QMLE-Trade,2004-12-28,0.138499
CAT,18542,QMLE-Trade,2004-12-29,0.124492
CAT,18542,QMLE-Trade,2004-12-30,0.0959141
CAT,18542,QMLE-Trade,2004-12-31,0.160281
CAT,18542,QMLE-Trade,2005-1-3,0.198163
CAT,18542,QMLE-Trade,2005-1-4,0.23183
CAT,18542,QMLE-Trade,2005-1-5,0.235546
CAT,18542,QMLE-Trade,2005-1-6,0.213134
CAT,18542,QMLE-Trade,2005-1-7,0.193797
CAT,18542,QMLE-Trade,2005-1-10,0.152231
CAT,18542,QMLE-Trade,2005-1-11,0.173549
CAT,18542,QMLE-Trade,2005-1-12,0.208576
CAT,18542,QMLE-Trade,2005-1-13,0.162062
CAT,18542,QMLE-Trade,2005-1-14,0.136644
CAT,18542,QMLE-Trade,2005-1-18,0.193425
CAT,18542,QMLE-Trade,2005-1-19,0.12523
CAT,18542,QMLE-Trade,2005-1-20,0.180402
CAT,18542,QMLE-Trade,2005-1-21,0.206228
CAT,18542,QMLE-Trade,2005-1-24,0.170303
CAT,18542,QMLE-Trade,2005-1-25,0.188947
CAT,18542,QMLE-Trade,2005-1-26,0.113815
CAT,18542,QMLE-Trade,2005-1-27,0.278965
CAT,18542,QMLE-Trade,2005-1-28,0.169338
CAT,18542,QMLE-Trade,2005-1-31,0.196102
CAT,18542,QMLE-Trade,2005-2-1,0.174421
CAT,18542,QMLE-Trade,2005-2-2,0.186501
CAT,18542,QMLE-Trade,2005-2-3,0.173461
CAT,18542,QMLE-Trade,2005-2-4,0.152908
CAT,18542,QMLE-Trade,2005-2-7,0.163972
CAT,18542,QMLE-Trade,2005-2-8,0.150592
CAT,18542,QMLE-Trade,2005-2-9,0.1941
CAT,18542,QMLE-Trade,2005-2-10,0.189103
CAT,18542,QMLE-Trade,2005-2-11,0.190905
CAT,18542,QMLE-Trade,2005-2-14,0.141286
CAT,18542,QMLE-Trade,2005-2-15,0.182522
CAT,18542,QMLE-Trade,2005-2-16,0.155024
CAT,18542,QMLE-Trade,2005-2-17,0.148671
CAT,18542,QMLE-Trade,2005-2-18,0.173425
CAT,18542,QMLE-Trade,2005-2-22,0.202708
CAT,18542,QMLE-Trade,2005-2-23,0.152914
CAT,18542,QMLE-Trade,2005-2-24,0.201486
CAT,18542,QMLE-Trade,2005-2-25,0.19057
CAT,18542,QMLE-Trade,2005-2-28,0.231585
CAT,18542,QMLE-Trade,2005-3-1,0.22525
CAT,18542,QMLE-Trade,2005-3-2,0.153048
CAT,18542,QMLE-Trade,2005-3-3,0.17704
CAT,18542,QMLE-Trade,2005-3-4,0.172714
CAT,18542,QMLE-Trade,2005-3-7,0.169
CAT,18542,QMLE-Trade,2005-3-8,0.160214
CAT,18542,QMLE-Trade,2005-3-9,0.162403
CAT,18542,QMLE-Trade,2005-3-10,0.218427
CAT,18542,QMLE-Trade,2005-3-11,0.21432
CAT,18542,QMLE-Trade,2005-3-14,0.188767
CAT,18542,QMLE-Trade,2005-3-15,0.129605
CAT,18542,QMLE-Trade,2005-3-16,0.209763
CAT,18542,QMLE-Trade,2005-3-17,0.138135
CAT,18542,QMLE-Trade,2005-3-18,0.1963
CAT,18542,QMLE-Trade,2005-3-21,0.252829
CAT,18542,QMLE-Trade,2005-3-22,0.193765
CAT,18542,QMLE-Trade,2005-3-23,0.179975
CAT,18542,QMLE-Trade,2005-3-24,0.160571
CAT,18542,QMLE-Trade,2005-3-28,0.140167
CAT,18542,QMLE-Trade,2005-3-29,0.263554
CAT,18542,QMLE-Trade,2005-3-30,0.194743
CAT,18542,QMLE-Trade,2005-3-31,0.180091
CAT,18542,QMLE-Trade,2005-4-1,0.208027
CAT,18542,QMLE-Trade,2005-4-4,0.191325
CAT,18542,QMLE-Trade,2005-4-5,0.178628
CAT,18542,QMLE-Trade,2005-4-6,0.137681
CAT,18542,QMLE-Trade,2005-4-7,0.130218
CAT,18542,QMLE-Trade,2005-4-8,0.132028
CAT,18542,QMLE-Trade,2005-4-11,0.120823
CAT,18542,QMLE-Trade,2005-4-12,0.192697
CAT,18542,QMLE-Trade,2005-4-13,0.199402
CAT,18542,QMLE-Trade,2005-4-14,0.247616
CAT,18542,QMLE-Trade,2005-4-15,0.314646
CAT,18542,QMLE-Trade,2005-4-18,0.324105
CAT,18542,QMLE-Trade,2005-4-19,0.232042
CAT,18542,QMLE-Trade,2005-4-20,0.322363
CAT,18542,QMLE-Trade,2005-4-21,0.283124
CAT,18542,QMLE-Trade,2005-4-22,0.211387
CAT,18542,QMLE-Trade,2005-4-25,0.187598
CAT,18542,QMLE-Trade,2005-4-26,0.238334
CAT,18542,QMLE-Trade,2005-4-27,0.242183
CAT,18542,QMLE-Trade,2005-4-28,0.193092
CAT,18542,QMLE-Trade,2005-4-29,0.268175
CAT,18542,QMLE-Trade,2005-5-2,0.195541
CAT,18542,QMLE-Trade,2005-5-3,0.262962
CAT,18542,QMLE-Trade,2005-5-4,0.170863
CAT,18542,QMLE-Trade,2005-5-5,0.168683
CAT,18542,QMLE-Trade,2005-5-6,0.16925
CAT,18542,QMLE-Trade,2005-5-9,0.156071
CAT,18542,QMLE-Trade,2005-5-10,0.148791
CAT,18542,QMLE-Trade,2005-5-11,0.217292
CAT,18542,QMLE-Trade,2005-5-12,0.236121
CAT,18542,QMLE-Trade,2005-5-13,0.245216
CAT,18542,QMLE-Trade,2005-5-16,0.157286
CAT,18542,QMLE-Trade,2005-5-17,0.204749
CAT,18542,QMLE-Trade,2005-5-18,0.209958
CAT,18542,QMLE-Trade,2005-5-19,0.204077
CAT,18542,QMLE-Trade,2005-5-20,0.18655
CAT,18542,QMLE-Trade,2005-5-23,0.158795
CAT,18542,QMLE-Trade,2005-5-24,0.180186
CAT,18542,QMLE-Trade,2005-5-25,0.149082
CAT,18542,QMLE-Trade,2005-5-26,0.140006
CAT,18542,QMLE-Trade,2005-5-27,0.127836
CAT,18542,QMLE-Trade,2005-5-31,0.134668
CAT,18542,QMLE-Trade,2005-6-1,0.241016
CAT,18542,QMLE-Trade,2005-6-2,0.186882
CAT,18542,QMLE-Trade,2005-6-3,0.152628
CAT,18542,QMLE-Trade,2005-6-6,0.178171
CAT,18542,QMLE-Trade,2005-6-7,0.189049
CAT,18542,QMLE-Trade,2005-6-8,0.259633
CAT,18542,QMLE-Trade,2005-6-9,0.191405
CAT,18542,QMLE-Trade,2005-6-10,0.173058
CAT,18542,QMLE-Trade,2005-6-13,0.196345
CAT,18542,QMLE-Trade,2005-6-14,0.213493
CAT,18542,QMLE-Trade,2005-6-15,0.205763
CAT,18542,QMLE-Trade,2005-6-16,0.159135
CAT,18542,QMLE-Trade,2005-6-17,0.17469
CAT,18542,QMLE-Trade,2005-6-20,0.142774
CAT,18542,QMLE-Trade,2005-6-21,0.182783
CAT,18542,QMLE-Trade,2005-6-22,0.186781
CAT,18542,QMLE-Trade,2005-6-23,0.203624
CAT,18542,QMLE-Trade,2005-6-24,0.218429
CAT,18542,QMLE-Trade,2005-6-27,0.202853
CAT,18542,QMLE-Trade,2005-6-28,0.151186
CAT,18542,QMLE-Trade,2005-6-29,0.207785
CAT,18542,QMLE-Trade,2005-6-30,0.167972
CAT,18542,QMLE-Trade,2005-7-1,0.117644
CAT,18542,QMLE-Trade,2005-7-5,0.149072
CAT,18542,QMLE-Trade,2005-7-6,0.137539
CAT,18542,QMLE-Trade,2005-7-7,0.264378
CAT,18542,QMLE-Trade,2005-7-8,0.172624
CAT,18542,QMLE-Trade,2005-7-11,0.17817
CAT,18542,QMLE-Trade,2005-7-12,0.170758
CAT,18542,QMLE-Trade,2005-7-13,0.138167
CAT,18542,QMLE-Trade,2005-7-14,0.199004
CAT,18542,QMLE-Trade,2005-7-15,0.180179
CAT,18542,QMLE-Trade,2005-7-18,0.212403
CAT,18542,QMLE-Trade,2005-7-19,0.175217
CAT,18542,QMLE-Trade,2005-7-20,0.177446
CAT,18542,QMLE-Trade,2005-7-21,0.3035
CAT,18542,QMLE-Trade,2005-7-22,0.178009
CAT,18542,QMLE-Trade,2005-7-25,0.14154
CAT,18542,QMLE-Trade,2005-7-26,0.184103
CAT,18542,QMLE-Trade,2005-7-27,0.242302
CAT,18542,QMLE-Trade,2005-7-28,0.194352
CAT,18542,QMLE-Trade,2005-7-29,0.178315
CAT,18542,QMLE-Trade,2005-8-1,0.170983
CAT,18542,QMLE-Trade,2005-8-2,0.144411
CAT,18542,QMLE-Trade,2005-8-3,0.11174
CAT,18542,QMLE-Trade,2005-8-4,0.120701
CAT,18542,QMLE-Trade,2005-8-5,0.138142
CAT,18542,QMLE-Trade,2005-8-8,0.145843
CAT,18542,QMLE-Trade,2005-8-9,0.121858
CAT,18542,QMLE-Trade,2005-8-10,0.177567
CAT,18542,QMLE-Trade,2005-8-11,0.172881
CAT,18542,QMLE-Trade,2005-8-12,0.168196
CAT,18542,QMLE-Trade,2005-8-15,0.151493
CAT,18542,QMLE-Trade,2005-8-16,0.169781
CAT,18542,QMLE-Trade,2005-8-17,0.196132
CAT,18542,QMLE-Trade,2005-8-18,0.221978
CAT,18542,QMLE-Trade,2005-8-19,0.202765
CAT,18542,QMLE-Trade,2005-8-22,0.188023
CAT,18542,QMLE-Trade,2005-8-23,0.227213
CAT,18542,QMLE-Trade,2005-8-24,0.243879
CAT,18542,QMLE-Trade,2005-8-25,0.200826
CAT,18542,QMLE-Trade,2005-8-26,0.186657
CAT,18542,QMLE-Trade,2005-8-29,0.178487
CAT,18542,QMLE-Trade,2005-8-30,0.238827
CAT,18542,QMLE-Trade,2005-8-31,0.279537
CAT,18542,QMLE-Trade,2005-9-1,0.246752
CAT,18542,QMLE-Trade,2005-9-2,0.250036
CAT,18542,QMLE-Trade,2005-9-6,0.199078
CAT,18542,QMLE-Trade,2005-9-7,0.129586
CAT,18542,QMLE-Trade,2005-9-8,0.192057
CAT,18542,QMLE-Trade,2005-9-9,0.140769
CAT,18542,QMLE-Trade,2005-9-12,0.146228
CAT,18542,QMLE-Trade,2005-9-13,0.183798
CAT,18542,QMLE-Trade,2005-9-14,0.200325
CAT,18542,QMLE-Trade,2005-9-15,0.198577
CAT,18542,QMLE-Trade,2005-9-16,0.170618
CAT,18542,QMLE-Trade,2005-9-19,0.192372
CAT,18542,QMLE-Trade,2005-9-20,0.211577
CAT,18542,QMLE-Trade,2005-9-21,0.205722
CAT,18542,QMLE-Trade,2005-9-22,0.201569
CAT,18542,QMLE-Trade,2005-9-23,0.174097
CAT,18542,QMLE-Trade,2005-9-26,0.197948
CAT,18542,QMLE-Trade,2005-9-27,0.178206
CAT,18542,QMLE-Trade,2005-9-28,0.343875
CAT,18542,QMLE-Trade,2005-9-29,0.208915
CAT,18542,QMLE-Trade,2005-9-30,0.224531
CAT,18542,QMLE-Trade,2005-10-3,0.193064
CAT,18542,QMLE-Trade,2005-10-4,0.218432
CAT,18542,QMLE-Trade,2005-10-5,0.232709
CAT,18542,QMLE-Trade,2005-10-6,0.278518
CAT,18542,QMLE-Trade,2005-10-7,0.219721
CAT,18542,QMLE-Trade,2005-10-10,0.207716
CAT,18542,QMLE-Trade,2005-10-11,0.232433
CAT,18542,QMLE-Trade,2005-10-12,0.238503
CAT,18542,QMLE-Trade,2005-10-13,0.285553
CAT,18542,QMLE-Trade,2005-10-14,0.193654
CAT,18542,QMLE-Trade,2005-10-17,0.191428
CAT,18542,QMLE-Trade,2005-10-18,0.152052
CAT,18542,QMLE-Trade,2005-10-19,0.250601
CAT,18542,QMLE-Trade,2005-10-20,0.370824
CAT,18542,QMLE-Trade,2005-10-21,0.667278
CAT,18542,QMLE-Trade,2005-10-24,0.203567
CAT,18542,QMLE-Trade,2005-10-25,0.191784
CAT,18542,QMLE-Trade,2005-10-26,0.204551
CAT,18542,QMLE-Trade,2005-10-27,0.15818
CAT,18542,QMLE-Trade,2005-10-28,0.186846
CAT,18542,QMLE-Trade,2005-10-31,0.246851
CAT,18542,QMLE-Trade,2005-11-1,0.173351
CAT,18542,QMLE-Trade,2005-11-2,0.182199
CAT,18542,QMLE-Trade,2005-11-3,0.210061
CAT,18542,QMLE-Trade,2005-11-4,0.124879
CAT,18542,QMLE-Trade,2005-11-7,0.194573
CAT,18542,QMLE-Trade,2005-11-8,0.169601
CAT,18542,QMLE-Trade,2005-11-9,0.126957
CAT,18542,QMLE-Trade,2005-11-10,0.188739
CAT,18542,QMLE-Trade,2005-11-11,0.18679
CAT,18542,QMLE-Trade,2005-11-14,0.127413
CAT,18542,QMLE-Trade,2005-11-15,0.128057
CAT,18542,QMLE-Trade,2005-11-16,0.190629
CAT,18542,QMLE-Trade,2005-11-17,0.144199
CAT,18542,QMLE-Trade,2005-11-18,0.205414
CAT,18542,QMLE-Trade,2005-11-21,0.15249
CAT,18542,QMLE-Trade,2005-11-22,0.208323
CAT,18542,QMLE-Trade,2005-11-23,0.2254
CAT,18542,QMLE-Trade,2005-11-25,0.118092
CAT,18542,QMLE-Trade,2005-11-28,0.19805
CAT,18542,QMLE-Trade,2005-11-29,0.15535
CAT,18542,QMLE-Trade,2005-11-30,0.217682
CAT,18542,QMLE-Trade,2005-12-1,0.136035
CAT,18542,QMLE-Trade,2005-12-2,0.155746
CAT,18542,QMLE-Trade,2005-12-5,0.226335
CAT,18542,QMLE-Trade,2005-12-6,0.15623
CAT,18542,QMLE-Trade,2005-12-7,0.24525
CAT,18542,QMLE-Trade,2005-12-8,0.205513
CAT,18542,QMLE-Trade,2005-12-9,0.220507
CAT,18542,QMLE-Trade,2005-12-12,0.179259
CAT,18542,QMLE-Trade,2005-12-13,0.228758
CAT,18542,QMLE-Trade,2005-12-14,0.180241
CAT,18542,QMLE-Trade,2005-12-15,0.215486
CAT,18542,QMLE-Trade,2005-12-16,0.156498
CAT,18542,QMLE-Trade,2005-12-19,0.281076
CAT,18542,QMLE-Trade,2005-12-20,0.194412
CAT,18542,QMLE-Trade,2005-12-21,0.184978
CAT,18542,QMLE-Trade,2005-12-22,0.151082
CAT,18542,QMLE-Trade,2005-12-23,0.138302
CAT,18542,QMLE-Trade,2005-12-27,0.189099
CAT,18542,QMLE-Trade,2005-12-28,0.18492
CAT,18542,QMLE-Trade,2005-12-29,0.128699
CAT,18542,QMLE-Trade,2005-12-30,0.128038
CAT,18542,QMLE-Trade,2006-1-3,0.202055
CAT,18542,QMLE-Trade,2006-1-4,0.230966
CAT,18542,QMLE-Trade,2006-1-5,0.165704
CAT,18542,QMLE-Trade,2006-1-6,0.218068
CAT,18542,QMLE-Trade,2006-1-9,0.184854
CAT,18542,QMLE-Trade,2006-1-10,0.188505
CAT,18542,QMLE-Trade,2006-1-11,0.198744
CAT,18542,QMLE-Trade,2006-1-12,0.243126
CAT,18542,QMLE-Trade,2006-1-13,0.1803
CAT,18542,QMLE-Trade,2006-1-17,0.186782
CAT,18542,QMLE-Trade,2006-1-18,0.17146
CAT,18542,QMLE-Trade,2006-1-19,0.171393
CAT,18542,QMLE-Trade,2006-1-20,0.231398
CAT,18542,QMLE-Trade,2006-1-23,0.229083
CAT,18542,QMLE-Trade,2006-1-24,0.2087
CAT,18542,QMLE-Trade,2006-1-25,0.319659
CAT,18542,QMLE-Trade,2006-1-26,0.344153
CAT,18542,QMLE-Trade,2006-1-27,0.329229
CAT,18542,QMLE-Trade,2006-1-30,0.293104
CAT,18542,QMLE-Trade,2006-1-31,0.215527
CAT,18542,QMLE-Trade,2006-2-1,0.212021
CAT,18542,QMLE-Trade,2006-2-2,0.194002
CAT,18542,QMLE-Trade,2006-2-3,0.198863
CAT,18542,QMLE-Trade,2006-2-6,0.178157
CAT,18542,QMLE-Trade,2006-2-7,0.217795
CAT,18542,QMLE-Trade,2006-2-8,0.22257
CAT,18542,QMLE-Trade,2006-2-9,0.222861
CAT,18542,QMLE-Trade,2006-2-10,0.23265
CAT,18542,QMLE-Trade,2006-2-13,0.167278
CAT,18542,QMLE-Trade,2006-2-14,0.228078
CAT,18542,QMLE-Trade,2006-2-15,0.23579
CAT,18542,QMLE-Trade,2006-2-16,0.1309
CAT,18542,QMLE-Trade,2006-2-17,0.135164
CAT,18542,QMLE-Trade,2006-2-21,0.182544
CAT,18542,QMLE-Trade,2006-2-22,0.175194
CAT,18542,QMLE-Trade,2006-2-23,0.191178
CAT,18542,QMLE-Trade,2006-2-24,0.185169
CAT,18542,QMLE-Trade,2006-2-27,0.169279
CAT,18542,QMLE-Trade,2006-2-28,0.173555
CAT,18542,QMLE-Trade,2006-3-1,0.196279
CAT,18542,QMLE-Trade,2006-3-2,0.179794
CAT,18542,QMLE-Trade,2006-3-3,0.187688
CAT,18542,QMLE-Trade,2006-3-6,0.175978
CAT,18542,QMLE-Trade,2006-3-7,0.232227
CAT,18542,QMLE-Trade,2006-3-8,0.272319
CAT,18542,QMLE-Trade,2006-3-9,0.188314
CAT,18542,QMLE-Trade,2006-3-10,0.211091
CAT,18542,QMLE-Trade,2006-3-13,0.177441
CAT,18542,QMLE-Trade,2006-3-14,0.157569
CAT,18542,QMLE-Trade,2006-3-15,0.234278
CAT,18542,QMLE-Trade,2006-3-16,0.188412
CAT,18542,QMLE-Trade,2006-3-17,0.13368
CAT,18542,QMLE-Trade,2006-3-20,0.15352
CAT,18542,QMLE-Trade,2006-3-21,0.189887
CAT,18542,QMLE-Trade,2006-3-22,0.213869
CAT,18542,QMLE-Trade,2006-3-23,0.234091
CAT,18542,QMLE-Trade,2006-3-24,0.226154
CAT,18542,QMLE-Trade,2006-3-27,0.215161
CAT,18542,QMLE-Trade,2006-3-28,0.184154
CAT,18542,QMLE-Trade,2006-3-29,0.216339
CAT,18542,QMLE-Trade,2006-3-30,0.236617
CAT,18542,QMLE-Trade,2006-3-31,0.176903
CAT,18542,QMLE-Trade,2006-4-3,0.270325
CAT,18542,QMLE-Trade,2006-4-4,0.270121
CAT,18542,QMLE-Trade,2006-4-5,0.254765
CAT,18542,QMLE-Trade,2006-4-6,0.207533
CAT,18542,QMLE-Trade,2006-4-7,0.219175
CAT,18542,QMLE-Trade,2006-4-10,0.165413
CAT,18542,QMLE-Trade,2006-4-11,0.218251
CAT,18542,QMLE-Trade,2006-4-12,0.191076
CAT,18542,QMLE-Trade,2006-4-13,0.200867
CAT,18542,QMLE-Trade,2006-4-17,0.23048
CAT,18542,QMLE-Trade,2006-4-18,0.22614
CAT,18542,QMLE-Trade,2006-4-19,0.227745
CAT,18542,QMLE-Trade,2006-4-20,0.24245
CAT,18542,QMLE-Trade,2006-4-21,0.255688
CAT,18542,QMLE-Trade,2006-4-24,0.328197
CAT,18542,QMLE-Trade,2006-4-25,0.242692
CAT,18542,QMLE-Trade,2006-4-26,0.217114
CAT,18542,QMLE-Trade,2006-4-27,0.241864
CAT,18542,QMLE-Trade,2006-4-28,0.163272
CAT,18542,QMLE-Trade,2006-5-1,0.208908
CAT,18542,QMLE-Trade,2006-5-2,0.169717
CAT,18542,QMLE-Trade,2006-5-3,0.198314
CAT,18542,QMLE-Trade,2006-5-4,0.15925
CAT,18542,QMLE-Trade,2006-5-5,0.178133
CAT,18542,QMLE-Trade,2006-5-8,0.185097
CAT,18542,QMLE-Trade,2006-5-9,0.135231
CAT,18542,QMLE-Trade,2006-5-10,0.244677
CAT,18542,QMLE-Trade,2006-5-11,0.203361
CAT,18542,QMLE-Trade,2006-5-12,0.237628
CAT,18542,QMLE-Trade,2006-5-15,0.268479
CAT,18542,QMLE-Trade,2006-5-16,0.256969
CAT,18542,QMLE-Trade,2006-5-17,0.230843
CAT,18542,QMLE-Trade,2006-5-18,0.237268
CAT,18542,QMLE-Trade,2006-5-19,0.303489
CAT,18542,QMLE-Trade,2006-5-22,0.263868
CAT,18542,QMLE-Trade,2006-5-23,0.258691
CAT,18542,QMLE-Trade,2006-5-24,0.325366
CAT,18542,QMLE-Trade,2006-5-25,0.248414
CAT,18542,QMLE-Trade,2006-5-26,0.224037
CAT,18542,QMLE-Trade,2006-5-30,0.255046
CAT,18542,QMLE-Trade,2006-5-31,0.316084
CAT,18542,QMLE-Trade,2006-6-1,0.249361
CAT,18542,QMLE-Trade,2006-6-2,0.261454
CAT,18542,QMLE-Trade,2006-6-5,0.306393
CAT,18542,QMLE-Trade,2006-6-6,0.290116
CAT,18542,QMLE-Trade,2006-6-7,0.276655
CAT,18542,QMLE-Trade,2006-6-8,0.448029
CAT,18542,QMLE-Trade,2006-6-9,0.290176
CAT,18542,QMLE-Trade,2006-6-12,0.234036
CAT,18542,QMLE-Trade,2006-6-13,0.364718
CAT,18542,QMLE-Trade,2006-6-14,0.296441
CAT,18542,QMLE-Trade,2006-6-15,0.300211
CAT,18542,QMLE-Trade,2006-6-16,0.248908
CAT,18542,QMLE-Trade,2006-6-19,0.257825
CAT,18542,QMLE-Trade,2006-6-20,0.208745
CAT,18542,QMLE-Trade,2006-6-21,0.268654
CAT,18542,QMLE-Trade,2006-6-22,0.291389
CAT,18542,QMLE-Trade,2006-6-23,0.308467
CAT,18542,QMLE-Trade,2006-6-26,0.223529
CAT,18542,QMLE-Trade,2006-6-27,0.442072
CAT,18542,QMLE-Trade,2006-6-28,0.224525
CAT,18542,QMLE-Trade,2006-6-29,0.260116
CAT,18542,QMLE-Trade,2006-6-30,0.212892
CAT,18542,QMLE-Trade,2006-7-3,0.176205
CAT,18542,QMLE-Trade,2006-7-5,0.178132
CAT,18542,QMLE-Trade,2006-7-6,0.211073
CAT,18542,QMLE-Trade,2006-7-7,0.249809
CAT,18542,QMLE-Trade,2006-7-10,0.244022
CAT,18542,QMLE-Trade,2006-7-11,0.251009
CAT,18542,QMLE-Trade,2006-7-12,0.21307
CAT,18542,QMLE-Trade,2006-7-13,0.245824
CAT,18542,QMLE-Trade,2006-7-14,0.253268
CAT,18542,QMLE-Trade,2006-7-17,0.24871
CAT,18542,QMLE-Trade,2006-7-18,0.368479
CAT,18542,QMLE-Trade,2006-7-19,0.406679
CAT,18542,QMLE-Trade,2006-7-20,0.348752
CAT,18542,QMLE-Trade,2006-7-21,0.642783
CAT,18542,QMLE-Trade,2006-7-24,0.306451
CAT,18542,QMLE-Trade,2006-7-25,0.27324
CAT,18542,QMLE-Trade,2006-7-26,0.25391
CAT,18542,QMLE-Trade,2006-7-27,0.331821
CAT,18542,QMLE-Trade,2006-7-28,0.293179
CAT,18542,QMLE-Trade,2006-7-31,0.232345
CAT,18542,QMLE-Trade,2006-8-1,0.224598
CAT,18542,QMLE-Trade,2006-8-2,0.273008
CAT,18542,QMLE-Trade,2006-8-3,0.22071
CAT,18542,QMLE-Trade,2006-8-4,0.248958
CAT,18542,QMLE-Trade,2006-8-7,0.232203
CAT,18542,QMLE-Trade,2006-8-8,0.267684
CAT,18542,QMLE-Trade,2006-8-9,0.316301
CAT,18542,QMLE-Trade,2006-8-10,0.274433
CAT,18542,QMLE-Trade,2006-8-11,0.243698
CAT,18542,QMLE-Trade,2006-8-14,0.263016
CAT,18542,QMLE-Trade,2006-8-15,0.230348
CAT,18542,QMLE-Trade,2006-8-16,0.220851
CAT,18542,QMLE-Trade,2006-8-17,0.206896
CAT,18542,QMLE-Trade,2006-8-18,0.249014
CAT,18542,QMLE-Trade,2006-8-21,0.204557
CAT,18542,QMLE-Trade,2006-8-22,0.22659
CAT,18542,QMLE-Trade,2006-8-23,0.210221
CAT,18542,QMLE-Trade,2006-8-24,0.202627
CAT,18542,QMLE-Trade,2006-8-25,0.198324
CAT,18542,QMLE-Trade,2006-8-28,0.200128
CAT,18542,QMLE-Trade,2006-8-29,0.252203
CAT,18542,QMLE-Trade,2006-8-30,0.198175
CAT,18542,QMLE-Trade,2006-8-31,0.17198
CAT,18542,QMLE-Trade,2006-9-1,0.188904
CAT,18542,QMLE-Trade,2006-9-5,0.2486
CAT,18542,QMLE-Trade,2006-9-6,0.221637
CAT,18542,QMLE-Trade,2006-9-7,0.205081
CAT,18542,QMLE-Trade,2006-9-8,0.149503
CAT,18542,QMLE-Trade,2006-9-11,0.205106
CAT,18542,QMLE-Trade,2006-9-12,0.224761
CAT,18542,QMLE-Trade,2006-9-13,0.207812
CAT,18542,QMLE-Trade,2006-9-14,0.201044
CAT,18542,QMLE-Trade,2006-9-15,0.192583
CAT,18542,QMLE-Trade,2006-9-18,0.215358
CAT,18542,QMLE-Trade,2006-9-19,0.250569
CAT,18542,QMLE-Trade,2006-9-20,0.191057
CAT,18542,QMLE-Trade,2006-9-21,0.230043
CAT,18542,QMLE-Trade,2006-9-22,0.245165
CAT,18542,QMLE-Trade,2006-9-25,0.280546
CAT,18542,QMLE-Trade,2006-9-26,0.240199
CAT,18542,QMLE-Trade,2006-9-27,0.349861
CAT,18542,QMLE-Trade,2006-9-28,0.269351
CAT,18542,QMLE-Trade,2006-9-29,0.250931
CAT,18542,QMLE-Trade,2006-10-2,0.184674
CAT,18542,QMLE-Trade,2006-10-3,0.233465
CAT,18542,QMLE-Trade,2006-10-4,0.413091
CAT,18542,QMLE-Trade,2006-10-5,0.266916
CAT,18542,QMLE-Trade,2006-10-6,0.255797
CAT,18542,QMLE-Trade,2006-10-9,0.226801
CAT,18542,QMLE-Trade,2006-10-10,0.229597
CAT,18542,QMLE-Trade,2006-10-11,0.245111
CAT,18542,QMLE-Trade,2006-10-12,0.196843
CAT,18542,QMLE-Trade,2006-10-13,0.176564
CAT,18542,QMLE-Trade,2006-10-16,0.177379
CAT,18542,QMLE-Trade,2006-10-17,0.200836
CAT,18542,QMLE-Trade,2006-10-18,0.236512
CAT,18542,QMLE-Trade,2006-10-19,0.211163
CAT,18542,QMLE-Trade,2006-10-20,0.437852
CAT,18542,QMLE-Trade,2006-10-23,0.229211
CAT,18542,QMLE-Trade,2006-10-24,0.198479
CAT,18542,QMLE-Trade,2006-10-25,0.185922
CAT,18542,QMLE-Trade,2006-10-26,0.162006
CAT,18542,QMLE-Trade,2006-10-27,0.157262
CAT,18542,QMLE-Trade,2006-10-30,0.195105
CAT,18542,QMLE-Trade,2006-10-31,0.154357
CAT,18542,QMLE-Trade,2006-11-1,0.167364
CAT,18542,QMLE-Trade,2006-11-2,0.190791
CAT,18542,QMLE-Trade,2006-11-3,0.189364
CAT,18542,QMLE-Trade,2006-11-6,0.148034
CAT,18542,QMLE-Trade,2006-11-7,0.130603
CAT,18542,QMLE-Trade,2006-11-8,0.179978
CAT,18542,QMLE-Trade,2006-11-9,0.178217
CAT,18542,QMLE-Trade,2006-11-10,0.152318
CAT,18542,QMLE-Trade,2006-11-13,0.194899
CAT,18542,QMLE-Trade,2006-11-14,0.18038
CAT,18542,QMLE-Trade,2006-11-15,0.173024
CAT,18542,QMLE-Trade,2006-11-16,0.164599
CAT,18542,QMLE-Trade,2006-11-17,0.199361
CAT,18542,QMLE-Trade,2006-11-20,0.160548
CAT,18542,QMLE-Trade,2006-11-21,0.251006
CAT,18542,QMLE-Trade,2006-11-22,0.199194
CAT,18542,QMLE-Trade,2006-11-24,0.17324
CAT,18542,QMLE-Trade,2006-11-27,0.199838
CAT,18542,QMLE-Trade,2006-11-28,0.246752
CAT,18542,QMLE-Trade,2006-11-29,0.199329
CAT,18542,QMLE-Trade,2006-11-30,0.249067
CAT,18542,QMLE-Trade,2006-12-1,0.224234
CAT,18542,QMLE-Trade,2006-12-4,0.166458
CAT,18542,QMLE-Trade,2006-12-5,0.196165
CAT,18542,QMLE-Trade,2006-12-6,0.178711
CAT,18542,QMLE-Trade,2006-12-7,0.191837
CAT,18542,QMLE-Trade,2006-12-8,0.188659
CAT,18542,QMLE-Trade,2006-12-11,0.168684
CAT,18542,QMLE-Trade,2006-12-12,0.247745
CAT,18542,QMLE-Trade,2006-12-13,0.150666
CAT,18542,QMLE-Trade,2006-12-14,0.169729
CAT,18542,QMLE-Trade,2006-12-15,0.186909
CAT,18542,QMLE-Trade,2006-12-18,0.16358
CAT,18542,QMLE-Trade,2006-12-19,0.170204
CAT,18542,QMLE-Trade,2006-12-20,0.158423
CAT,18542,QMLE-Trade,2006-12-21,0.14195
CAT,18542,QMLE-Trade,2006-12-22,0.142382
CAT,18542,QMLE-Trade,2006-12-26,0.133086
CAT,18542,QMLE-Trade,2006-12-27,0.106048
CAT,18542,QMLE-Trade,2006-12-28,0.137838
CAT,18542,QMLE-Trade,2006-12-29,0.105864
CAT,18542,QMLE-Trade,2007-1-3,0.234846
CAT,18542,QMLE-Trade,2007-1-4,0.170338
CAT,18542,QMLE-Trade,2007-1-5,0.150947
CAT,18542,QMLE-Trade,2007-1-8,0.155297
CAT,18542,QMLE-Trade,2007-1-9,0.146277
CAT,18542,QMLE-Trade,2007-1-10,0.16641
CAT,18542,QMLE-Trade,2007-1-11,0.138405
CAT,18542,QMLE-Trade,2007-1-12,0.136701
CAT,18542,QMLE-Trade,2007-1-16,0.148793
CAT,18542,QMLE-Trade,2007-1-17,0.194819
CAT,18542,QMLE-Trade,2007-1-18,0.193163
CAT,18542,QMLE-Trade,2007-1-19,0.12049
CAT,18542,QMLE-Trade,2007-1-22,0.159722
CAT,18542,QMLE-Trade,2007-1-23,0.171146
CAT,18542,QMLE-Trade,2007-1-24,0.157599
CAT,18542,QMLE-Trade,2007-1-25,0.158505
CAT,18542,QMLE-Trade,2007-1-26,0.251933
CAT,18542,QMLE-Trade,2007-1-29,0.166025
CAT,18542,QMLE-Trade,2007-1-30,0.138961
CAT,18542,QMLE-Trade,2007-1-31,0.178818
CAT,18542,QMLE-Trade,2007-2-1,0.162426
CAT,18542,QMLE-Trade,2007-2-2,0.164633
CAT,18542,QMLE-Trade,2007-2-5,0.160413
CAT,18542,QMLE-Trade,2007-2-6,0.12326
CAT,18542,QMLE-Trade,2007-2-7,0.124774
CAT,18542,QMLE-Trade,2007-2-8,0.176613
CAT,18542,QMLE-Trade,2007-2-9,0.210308
CAT,18542,QMLE-Trade,2007-2-12,0.134478
CAT,18542,QMLE-Trade,2007-2-13,0.132544
CAT,18542,QMLE-Trade,2007-2-14,0.172083
CAT,18542,QMLE-Trade,2007-2-15,0.249119
CAT,18542,QMLE-Trade,2007-2-16,0.161141
CAT,18542,QMLE-Trade,2007-2-20,0.142629
CAT,18542,QMLE-Trade,2007-2-21,0.15598
CAT,18542,QMLE-Trade,2007-2-22,0.162321
CAT,18542,QMLE-Trade,2007-2-23,0.134839
CAT,18542,QMLE-Trade,2007-2-26,0.118013
CAT,18542,QMLE-Trade,2007-2-27,0.338703
CAT,18542,QMLE-Trade,2007-2-28,0.282625
CAT,18542,QMLE-Trade,2007-3-1,0.299087
CAT,18542,QMLE-Trade,2007-3-2,0.214624
CAT,18542,QMLE-Trade,2007-3-5,0.253409
CAT,18542,QMLE-Trade,2007-3-6,0.222165
CAT,18542,QMLE-Trade,2007-3-7,0.209378
CAT,18542,QMLE-Trade,2007-3-8,0.161174
CAT,18542,QMLE-Trade,2007-3-9,0.208006
CAT,18542,QMLE-Trade,2007-3-12,0.1557
CAT,18542,QMLE-Trade,2007-3-13,0.210659
CAT,18542,QMLE-Trade,2007-3-14,0.213643
CAT,18542,QMLE-Trade,2007-3-15,0.179919
CAT,18542,QMLE-Trade,2007-3-16,0.177102
CAT,18542,QMLE-Trade,2007-3-19,0.17712
CAT,18542,QMLE-Trade,2007-3-20,0.139564
CAT,18542,QMLE-Trade,2007-3-21,0.148435
CAT,18542,QMLE-Trade,2007-3-22,0.144853
CAT,18542,QMLE-Trade,2007-3-23,0.141312
CAT,18542,QMLE-Trade,2007-3-26,0.143428
CAT,18542,QMLE-Trade,2007-3-27,0.130563
CAT,18542,QMLE-Trade,2007-3-28,0.15604
CAT,18542,QMLE-Trade,2007-3-29,0.179478
CAT,18542,QMLE-Trade,2007-3-30,0.196945
CAT,18542,QMLE-Trade,2007-4-2,0.184036
CAT,18542,QMLE-Trade,2007-4-3,0.159738
CAT,18542,QMLE-Trade,2007-4-4,0.125898
CAT,18542,QMLE-Trade,2007-4-5,0.107388
CAT,18542,QMLE-Trade,2007-4-9,0.123212
CAT,18542,QMLE-Trade,2007-4-10,0.147594
CAT,18542,QMLE-Trade,2007-4-11,0.178519
CAT,18542,QMLE-Trade,2007-4-12,0.140692
CAT,18542,QMLE-Trade,2007-4-13,0.151359
CAT,18542,QMLE-Trade,2007-4-16,0.130256
CAT,18542,QMLE-Trade,2007-4-17,0.11259
CAT,18542,QMLE-Trade,2007-4-18,0.192529
CAT,18542,QMLE-Trade,2007-4-19,0.211208
CAT,18542,QMLE-Trade,2007-4-20,0.342886
CAT,18542,QMLE-Trade,2007-4-23,0.221224
CAT,18542,QMLE-Trade,2007-4-24,0.147708
CAT,18542,QMLE-Trade,2007-4-25,0.167534
CAT,18542,QMLE-Trade,2007-4-26,0.142108
CAT,18542,QMLE-Trade,2007-4-27,0.17815
CAT,18542,QMLE-Trade,2007-4-30,0.165237
CAT,18542,QMLE-Trade,2007-5-1,0.224173
CAT,18542,QMLE-Trade,2007-5-2,0.156852
CAT,18542,QMLE-Trade,2007-5-3,0.14945
CAT,18542,QMLE-Trade,2007-5-4,0.187574
CAT,18542,QMLE-Trade,2007-5-7,0.1724
CAT,18542,QMLE-Trade,2007-5-8,0.13669
CAT,18542,QMLE-Trade,2007-5-9,0.175792
CAT,18542,QMLE-Trade,2007-5-10,0.193935
CAT,18542,QMLE-Trade,2007-5-11,0.175772
CAT,18542,QMLE-Trade,2007-5-14,0.176225
CAT,18542,QMLE-Trade,2007-5-15,0.20341
CAT,18542,QMLE-Trade,2007-5-16,0.217207
CAT,18542,QMLE-Trade,2007-5-17,0.219827
CAT,18542,QMLE-Trade,2007-5-18,0.150353
CAT,18542,QMLE-Trade,2007-5-21,0.146364
CAT,18542,QMLE-Trade,2007-5-22,0.138778
CAT,18542,QMLE-Trade,2007-5-23,0.162748
CAT,18542,QMLE-Trade,2007-5-24,0.169752
CAT,18542,QMLE-Trade,2007-5-25,0.201414
CAT,18542,QMLE-Trade,2007-5-29,0.128239
CAT,18542,QMLE-Trade,2007-5-30,0.24103
CAT,18542,QMLE-Trade,2007-5-31,0.15877
CAT,18542,QMLE-Trade,2007-6-1,0.158643
CAT,18542,QMLE-Trade,2007-6-4,0.153684
CAT,18542,QMLE-Trade,2007-6-5,0.182798
CAT,18542,QMLE-Trade,2007-6-6,0.179842
CAT,18542,QMLE-Trade,2007-6-7,0.216348
CAT,18542,QMLE-Trade,2007-6-8,0.175864
CAT,18542,QMLE-Trade,2007-6-11,0.171223
CAT,18542,QMLE-Trade,2007-6-12,0.192746
CAT,18542,QMLE-Trade,2007-6-13,0.197997
CAT,18542,QMLE-Trade,2007-6-14,0.169278
CAT,18542,QMLE-Trade,2007-6-15,0.137333
CAT,18542,QMLE-Trade,2007-6-18,0.157007
CAT,18542,QMLE-Trade,2007-6-19,0.189759
CAT,18542,QMLE-Trade,2007-6-20,0.207463
CAT,18542,QMLE-Trade,2007-6-21,0.235382
CAT,18542,QMLE-Trade,2007-6-22,0.211374
CAT,18542,QMLE-Trade,2007-6-25,0.212002
CAT,18542,QMLE-Trade,2007-6-26,0.197299
CAT,18542,QMLE-Trade,2007-6-27,0.220507
CAT,18542,QMLE-Trade,2007-6-28,0.204312
CAT,18542,QMLE-Trade,2007-6-29,0.196207
CAT,18542,QMLE-Trade,2007-7-2,0.151276
CAT,18542,QMLE-Trade,2007-7-3,0.299848
CAT,18542,QMLE-Trade,2007-7-5,0.164312
CAT,18542,QMLE-Trade,2007-7-6,0.140514
CAT,18542,QMLE-Trade,2007-7-9,0.157762
CAT,18542,QMLE-Trade,2007-7-10,0.196777
CAT,18542,QMLE-Trade,2007-7-11,0.146555
CAT,18542,QMLE-Trade,2007-7-12,0.173024
CAT,18542,QMLE-Trade,2007-7-13,0.191207
CAT,18542,QMLE-Trade,2007-7-16,0.207097
CAT,18542,QMLE-Trade,2007-7-17,0.169804
CAT,18542,QMLE-Trade,2007-7-18,0.241966
CAT,18542,QMLE-Trade,2007-7-19,0.172661
CAT,18542,QMLE-Trade,2007-7-20,0.372048
CAT,18542,QMLE-Trade,2007-7-23,0.224347
CAT,18542,QMLE-Trade,2007-7-24,0.202675
CAT,18542,QMLE-Trade,2007-7-25,0.246979
CAT,18542,QMLE-Trade,2007-7-26,0.373698
CAT,18542,QMLE-Trade,2007-7-27,0.393447
CAT,18542,QMLE-Trade,2007-7-30,0.287922
CAT,18542,QMLE-Trade,2007-7-31,0.253508
CAT,18542,QMLE-Trade,2007-8-1,0.338559
CAT,18542,QMLE-Trade,2007-8-2,0.238503
CAT,18542,QMLE-Trade,2007-8-3,0.2759
CAT,18542,QMLE-Trade,2007-8-6,0.381807
CAT,18542,QMLE-Trade,2007-8-7,0.372346
CAT,18542,QMLE-Trade,2007-8-8,0.367977
CAT,18542,QMLE-Trade,2007-8-9,0.336955
CAT,18542,QMLE-Trade,2007-8-10,0.440599
CAT,18542,QMLE-Trade,2007-8-13,0.270033
CAT,18542,QMLE-Trade,2007-8-14,0.26346
CAT,18542,QMLE-Trade,2007-8-15,0.368371
CAT,18542,QMLE-Trade,2007-8-16,0.546778
CAT,18542,QMLE-Trade,2007-8-17,0.429205
CAT,18542,QMLE-Trade,2007-8-20,0.268395
CAT,18542,QMLE-Trade,2007-8-21,0.282029
CAT,18542,QMLE-Trade,2007-8-22,0.241119
CAT,18542,QMLE-Trade,2007-8-23,0.255278
CAT,18542,QMLE-Trade,2007-8-24,0.215363
CAT,18542,QMLE-Trade,2007-8-27,0.229944
CAT,18542,QMLE-Trade,2007-8-28,0.199609
CAT,18542,QMLE-Trade,2007-8-29,0.251983
CAT,18542,QMLE-Trade,2007-8-30,0.277391
CAT,18542,QMLE-Trade,2007-8-31,0.244149
CAT,18542,QMLE-Trade,2007-9-4,0.192015
CAT,18542,QMLE-Trade,2007-9-5,0.22487
CAT,18542,QMLE-Trade,2007-9-6,0.252438
CAT,18542,QMLE-Trade,2007-9-7,0.257452
CAT,18542,QMLE-Trade,2007-9-10,0.23
CAT,18542,QMLE-Trade,2007-9-11,0.226575
CAT,18542,QMLE-Trade,2007-9-12,0.232866
CAT,18542,QMLE-Trade,2007-9-13,0.17431
CAT,18542,QMLE-Trade,2007-9-14,0.197087
CAT,18542,QMLE-Trade,2007-9-17,0.209252
CAT,18542,QMLE-Trade,2007-9-18,0.251243
CAT,18542,QMLE-Trade,2007-9-19,0.28547
CAT,18542,QMLE-Trade,2007-9-20,0.195468
CAT,18542,QMLE-Trade,2007-9-21,0.179408
CAT,18542,QMLE-Trade,2007-9-24,0.269864
CAT,18542,QMLE-Trade,2007-9-25,0.227355
CAT,18542,QMLE-Trade,2007-9-26,0.228929
CAT,18542,QMLE-Trade,2007-9-27,0.221248
CAT,18542,QMLE-Trade,2007-9-28,0.204289
CAT,18542,QMLE-Trade,2007-10-1,0.168254
CAT,18542,QMLE-Trade,2007-10-2,0.19412
CAT,18542,QMLE-Trade,2007-10-3,0.202475
CAT,18542,QMLE-Trade,2007-10-4,0.205741
CAT,18542,QMLE-Trade,2007-10-5,0.207242
CAT,18542,QMLE-Trade,2007-10-8,0.15458
CAT,18542,QMLE-Trade,2007-10-9,0.164
CAT,18542,QMLE-Trade,2007-10-10,0.186159
CAT,18542,QMLE-Trade,2007-10-11,0.30168
CAT,18542,QMLE-Trade,2007-10-12,0.272961
CAT,18542,QMLE-Trade,2007-10-15,0.297486
CAT,18542,QMLE-Trade,2007-10-16,0.244155
CAT,18542,QMLE-Trade,2007-10-17,0.300542
CAT,18542,QMLE-Trade,2007-10-18,0.308208
CAT,18542,QMLE-Trade,2007-10-19,0.359937
CAT,18542,QMLE-Trade,2007-10-22,0.370902
CAT,18542,QMLE-Trade,2007-10-23,0.245441
CAT,18542,QMLE-Trade,2007-10-24,0.308948
CAT,18542,QMLE-Trade,2007-10-25,0.348283
CAT,18542,QMLE-Trade,2007-10-26,0.278259
CAT,18542,QMLE-Trade,2007-10-29,0.172427
CAT,18542,QMLE-Trade,2007-10-30,0.248444
CAT,18542,QMLE-Trade,2007-10-31,0.305937
CAT,18542,QMLE-Trade,2007-11-1,0.273551
CAT,18542,QMLE-Trade,2007-11-2,0.34665
CAT,18542,QMLE-Trade,2007-11-5,0.275056
CAT,18542,QMLE-Trade,2007-11-6,0.238313
CAT,18542,QMLE-Trade,2007-11-7,0.272366
CAT,18542,QMLE-Trade,2007-11-8,0.308621
CAT,18542,QMLE-Trade,2007-11-9,0.34958
CAT,18542,QMLE-Trade,2007-11-12,0.259714
CAT,18542,QMLE-Trade,2007-11-13,0.275418
CAT,18542,QMLE-Trade,2007-11-14,0.240615
CAT,18542,QMLE-Trade,2007-11-15,0.248355
CAT,18542,QMLE-Trade,2007-11-16,0.272563
CAT,18542,QMLE-Trade,2007-11-19,0.241126
CAT,18542,QMLE-Trade,2007-11-20,0.323119
CAT,18542,QMLE-Trade,2007-11-21,0.311011
CAT,18542,QMLE-Trade,2007-11-23,0.205248
CAT,18542,QMLE-Trade,2007-11-26,0.276052
CAT,18542,QMLE-Trade,2007-11-27,0.271051
CAT,18542,QMLE-Trade,2007-11-28,0.248789
CAT,18542,QMLE-Trade,2007-11-29,0.251715
CAT,18542,QMLE-Trade,2007-11-30,0.249028
CAT,18542,QMLE-Trade,2007-12-3,0.251983
CAT,18542,QMLE-Trade,2007-12-4,0.194064
CAT,18542,QMLE-Trade,2007-12-5,0.188609
CAT,18542,QMLE-Trade,2007-12-6,0.171937
CAT,18542,QMLE-Trade,2007-12-7,0.222332
CAT,18542,QMLE-Trade,2007-12-10,0.219643
CAT,18542,QMLE-Trade,2007-12-11,0.234275
CAT,18542,QMLE-Trade,2007-12-12,0.271903
CAT,18542,QMLE-Trade,2007-12-13,0.23593
CAT,18542,QMLE-Trade,2007-12-14,0.185578
CAT,18542,QMLE-Trade,2007-12-17,0.211358
CAT,18542,QMLE-Trade,2007-12-18,0.267908
CAT,18542,QMLE-Trade,2007-12-19,0.23449
CAT,18542,QMLE-Trade,2007-12-20,0.220808
CAT,18542,QMLE-Trade,2007-12-21,0.211407
CAT,18542,QMLE-Trade,2007-12-24,0.21873
CAT,18542,QMLE-Trade,2007-12-26,0.163648
CAT,18542,QMLE-Trade,2007-12-27,0.197857
CAT,18542,QMLE-Trade,2007-12-28,0.204589
CAT,18542,QMLE-Trade,2007-12-31,0.170823
CAT,18542,QMLE-Trade,2008-1-2,0.252756
CAT,18542,QMLE-Trade,2008-1-3,0.286229
CAT,18542,QMLE-Trade,2008-1-4,0.265981
CAT,18542,QMLE-Trade,2008-1-7,0.261376
CAT,18542,QMLE-Trade,2008-1-8,0.25594
CAT,18542,QMLE-Trade,2008-1-9,0.334001
CAT,18542,QMLE-Trade,2008-1-10,0.366056
CAT,18542,QMLE-Trade,2008-1-11,0.370424
CAT,18542,QMLE-Trade,2008-1-14,0.281351
CAT,18542,QMLE-Trade,2008-1-15,0.242729
CAT,18542,QMLE-Trade,2008-1-16,0.350153
CAT,18542,QMLE-Trade,2008-1-17,0.357087
CAT,18542,QMLE-Trade,2008-1-18,0.529396
CAT,18542,QMLE-Trade,2008-1-22,0.61934
CAT,18542,QMLE-Trade,2008-1-23,0.621381
CAT,18542,QMLE-Trade,2008-1-24,0.46905
CAT,18542,QMLE-Trade,2008-1-25,0.488309
CAT,18542,QMLE-Trade,2008-1-28,0.357595
CAT,18542,QMLE-Trade,2008-1-29,0.273634
CAT,18542,QMLE-Trade,2008-1-30,0.394438
CAT,18542,QMLE-Trade,2008-1-31,0.421334
CAT,18542,QMLE-Trade,2008-2-1,0.348728
CAT,18542,QMLE-Trade,2008-2-4,0.244611
CAT,18542,QMLE-Trade,2008-2-5,0.280032
CAT,18542,QMLE-Trade,2008-2-6,0.297664
CAT,18542,QMLE-Trade,2008-2-7,0.333247
CAT,18542,QMLE-Trade,2008-2-8,0.326955
CAT,18542,QMLE-Trade,2008-2-11,0.306874
CAT,18542,QMLE-Trade,2008-2-12,0.275679
CAT,18542,QMLE-Trade,2008-2-13,0.348586
CAT,18542,QMLE-Trade,2008-2-14,0.280567
CAT,18542,QMLE-Trade,2008-2-15,0.248785
CAT,18542,QMLE-Trade,2008-2-19,0.257038
CAT,18542,QMLE-Trade,2008-2-20,0.313386
CAT,18542,QMLE-Trade,2008-2-21,0.272209
CAT,18542,QMLE-Trade,2008-2-22,0.313208
CAT,18542,QMLE-Trade,2008-2-25,0.32779
CAT,18542,QMLE-Trade,2008-2-26,0.303052
CAT,18542,QMLE-Trade,2008-2-27,0.267888
CAT,18542,QMLE-Trade,2008-2-28,0.266774
CAT,18542,QMLE-Trade,2008-2-29,0.224064
CAT,18542,QMLE-Trade,2008-3-3,0.257848
CAT,18542,QMLE-Trade,2008-3-4,0.289294
CAT,18542,QMLE-Trade,2008-3-5,0.304312
CAT,18542,QMLE-Trade,2008-3-6,0.26994
CAT,18542,QMLE-Trade,2008-3-7,0.325339
CAT,18542,QMLE-Trade,2008-3-10,0.302976
CAT,18542,QMLE-Trade,2008-3-11,0.303913
CAT,18542,QMLE-Trade,2008-3-12,0.335364
CAT,18542,QMLE-Trade,2008-3-13,0.416781
CAT,18542,QMLE-Trade,2008-3-14,0.467618
CAT,18542,QMLE-Trade,2008-3-17,0.446924
CAT,18542,QMLE-Trade,2008-3-18,0.325445
CAT,18542,QMLE-Trade,2008-3-19,0.357284
CAT,18542,QMLE-Trade,2008-3-20,0.324227
CAT,18542,QMLE-Trade,2008-3-24,0.254548
CAT,18542,QMLE-Trade,2008-3-25,0.264999
CAT,18542,QMLE-Trade,2008-3-26,0.254496
CAT,18542,QMLE-Trade,2008-3-27,0.237289
CAT,18542,QMLE-Trade,2008-3-28,0.247374
CAT,18542,QMLE-Trade,2008-3-31,0.2027
CAT,18542,QMLE-Trade,2008-4-1,0.225149
CAT,18542,QMLE-Trade,2008-4-2,0.202293
CAT,18542,QMLE-Trade,2008-4-3,0.236655
CAT,18542,QMLE-Trade,2008-4-4,0.27272
CAT,18542,QMLE-Trade,2008-4-7,0.196155
CAT,18542,QMLE-Trade,2008-4-8,0.18411
CAT,18542,QMLE-Trade,2008-4-9,0.183119
CAT,18542,QMLE-Trade,2008-4-10,0.20512
CAT,18542,QMLE-Trade,2008-4-11,0.219878
CAT,18542,QMLE-Trade,2008-4-14,0.209864
CAT,18542,QMLE-Trade,2008-4-15,0.213687
CAT,18542,QMLE-Trade,2008-4-16,0.196361
CAT,18542,QMLE-Trade,2008-4-17,0.306224
CAT,18542,QMLE-Trade,2008-4-18,0.338666
CAT,18542,QMLE-Trade,2008-4-21,0.255859
CAT,18542,QMLE-Trade,2008-4-22,0.20126
CAT,18542,QMLE-Trade,2008-4-23,0.225014
CAT,18542,QMLE-Trade,2008-4-24,0.286885
CAT,18542,QMLE-Trade,2008-4-25,0.284544
CAT,18542,QMLE-Trade,2008-4-28,0.218445
CAT,18542,QMLE-Trade,2008-4-29,0.231448
CAT,18542,QMLE-Trade,2008-4-30,0.291346
CAT,18542,QMLE-Trade,2008-5-1,0.277316
CAT,18542,QMLE-Trade,2008-5-2,0.27018
CAT,18542,QMLE-Trade,2008-5-5,0.214915
CAT,18542,QMLE-Trade,2008-5-6,0.182317
CAT,18542,QMLE-Trade,2008-5-7,0.203936
CAT,18542,QMLE-Trade,2008-5-8,0.189728
CAT,18542,QMLE-Trade,2008-5-9,0.229518
CAT,18542,QMLE-Trade,2008-5-12,0.184146
CAT,18542,QMLE-Trade,2008-5-13,0.176167
CAT,18542,QMLE-Trade,2008-5-14,0.261963
CAT,18542,QMLE-Trade,2008-5-15,0.362641
CAT,18542,QMLE-Trade,2008-5-16,0.1648
CAT,18542,QMLE-Trade,2008-5-19,0.197378
CAT,18542,QMLE-Trade,2008-5-20,0.245783
CAT,18542,QMLE-Trade,2008-5-21,0.257133
CAT,18542,QMLE-Trade,2008-5-22,0.220834
CAT,18542,QMLE-Trade,2008-5-23,0.242257
CAT,18542,QMLE-Trade,2008-5-27,0.187297
CAT,18542,QMLE-Trade,2008-5-28,0.214754
CAT,18542,QMLE-Trade,2008-5-29,0.19244
CAT,18542,QMLE-Trade,2008-5-30,0.179743
CAT,18542,QMLE-Trade,2008-6-2,0.166163
CAT,18542,QMLE-Trade,2008-6-3,0.206917
CAT,18542,QMLE-Trade,2008-6-4,0.206497
CAT,18542,QMLE-Trade,2008-6-5,0.202469
CAT,18542,QMLE-Trade,2008-6-6,0.212143
CAT,18542,QMLE-Trade,2008-6-9,0.236128
CAT,18542,QMLE-Trade,2008-6-10,0.208134
CAT,18542,QMLE-Trade,2008-6-11,0.245978
CAT,18542,QMLE-Trade,2008-6-12,0.252752
CAT,18542,QMLE-Trade,2008-6-13,0.241259
CAT,18542,QMLE-Trade,2008-6-16,0.215175
CAT,18542,QMLE-Trade,2008-6-17,0.21756
CAT,18542,QMLE-Trade,2008-6-18,0.236112
CAT,18542,QMLE-Trade,2008-6-19,0.23983
CAT,18542,QMLE-Trade,2008-6-20,0.204166
CAT,18542,QMLE-Trade,2008-6-23,0.172484
CAT,18542,QMLE-Trade,2008-6-24,0.220828
CAT,18542,QMLE-Trade,2008-6-25,0.243287
CAT,18542,QMLE-Trade,2008-6-26,0.317246
CAT,18542,QMLE-Trade,2008-6-27,0.222227
CAT,18542,QMLE-Trade,2008-6-30,0.275826
CAT,18542,QMLE-Trade,2008-7-1,0.367496
CAT,18542,QMLE-Trade,2008-7-2,0.278887
CAT,18542,QMLE-Trade,2008-7-3,0.35173
CAT,18542,QMLE-Trade,2008-7-7,0.280029
CAT,18542,QMLE-Trade,2008-7-8,0.32302
CAT,18542,QMLE-Trade,2008-7-9,0.272689
CAT,18542,QMLE-Trade,2008-7-10,0.373425
CAT,18542,QMLE-Trade,2008-7-11,0.427256
CAT,18542,QMLE-Trade,2008-7-14,0.343202
CAT,18542,QMLE-Trade,2008-7-15,0.407539
CAT,18542,QMLE-Trade,2008-7-16,0.373905
CAT,18542,QMLE-Trade,2008-7-17,0.360242
CAT,18542,QMLE-Trade,2008-7-18,0.268588
CAT,18542,QMLE-Trade,2008-7-21,0.303265
CAT,18542,QMLE-Trade,2008-7-22,0.409937
CAT,18542,QMLE-Trade,2008-7-23,0.333237
CAT,18542,QMLE-Trade,2008-7-24,0.301174
CAT,18542,QMLE-Trade,2008-7-25,0.325398
CAT,18542,QMLE-Trade,2008-7-28,0.343852
CAT,18542,QMLE-Trade,2008-7-29,0.327951
CAT,18542,QMLE-Trade,2008-7-30,0.261164
CAT,18542,QMLE-Trade,2008-7-31,0.265435
CAT,18542,QMLE-Trade,2008-8-1,0.287629
CAT,18542,QMLE-Trade,2008-8-4,0.254933
CAT,18542,QMLE-Trade,2008-8-5,0.269139
CAT,18542,QMLE-Trade,2008-8-6,0.304656
CAT,18542,QMLE-Trade,2008-8-7,0.225178
CAT,18542,QMLE-Trade,2008-8-8,0.293264
CAT,18542,QMLE-Trade,2008-8-11,0.268563
CAT,18542,QMLE-Trade,2008-8-12,0.298016
CAT,18542,QMLE-Trade,2008-8-13,0.46195
CAT,18542,QMLE-Trade,2008-8-14,0.274525
CAT,18542,QMLE-Trade,2008-8-15,0.281646
CAT,18542,QMLE-Trade,2008-8-18,0.248715
CAT,18542,QMLE-Trade,2008-8-19,0.227427
CAT,18542,QMLE-Trade,2008-8-20,0.273682
CAT,18542,QMLE-Trade,2008-8-21,0.296107
CAT,18542,QMLE-Trade,2008-8-22,0.232767
CAT,18542,QMLE-Trade,2008-8-25,0.213135
CAT,18542,QMLE-Trade,2008-8-26,0.23541
CAT,18542,QMLE-Trade,2008-8-27,0.224329
CAT,18542,QMLE-Trade,2008-8-28,0.196813
CAT,18542,QMLE-Trade,2008-8-29,0.239296
CAT,18542,QMLE-Trade,2008-9-2,0.251099
CAT,18542,QMLE-Trade,2008-9-3,0.251916
CAT,18542,QMLE-Trade,2008-9-4,0.386841
CAT,18542,QMLE-Trade,2008-9-5,0.285714
CAT,18542,QMLE-Trade,2008-9-8,0.415286
CAT,18542,QMLE-Trade,2008-9-9,0.324151
CAT,18542,QMLE-Trade,2008-9-10,0.367761
CAT,18542,QMLE-Trade,2008-9-11,0.42312
CAT,18542,QMLE-Trade,2008-9-12,0.394414
CAT,18542,QMLE-Trade,2008-9-15,0.496022
CAT,18542,QMLE-Trade,2008-9-16,0.754743
CAT,18542,QMLE-Trade,2008-9-17,0.688321
CAT,18542,QMLE-Trade,2008-9-18,0.70001
CAT,18542,QMLE-Trade,2008-9-19,1.02204
CAT,18542,QMLE-Trade,2008-9-22,0.582705
CAT,18542,QMLE-Trade,2008-9-23,0.651108
CAT,18542,QMLE-Trade,2008-9-24,0.45769
CAT,18542,QMLE-Trade,2008-9-25,0.411101
CAT,18542,QMLE-Trade,2008-9-26,0.399136
CAT,18542,QMLE-Trade,2008-9-29,0.88707
CAT,18542,QMLE-Trade,2008-9-30,0.445618
CAT,18542,QMLE-Trade,2008-10-1,0.61701
CAT,18542,QMLE-Trade,2008-10-2,0.625275
CAT,18542,QMLE-Trade,2008-10-3,0.810341
CAT,18542,QMLE-Trade,2008-10-6,1.1093
CAT,18542,QMLE-Trade,2008-10-7,1.02759
CAT,18542,QMLE-Trade,2008-10-8,1.36822
CAT,18542,QMLE-Trade,2008-10-9,1.05823
CAT,18542,QMLE-Trade,2008-10-10,2.83941
CAT,18542,QMLE-Trade,2008-10-13,0.877762
CAT,18542,QMLE-Trade,2008-10-14,1.25729
CAT,18542,QMLE-Trade,2008-10-15,0.967526
CAT,18542,QMLE-Trade,2008-10-16,1.28405
CAT,18542,QMLE-Trade,2008-10-17,0.911423
CAT,18542,QMLE-Trade,2008-10-20,0.744328
CAT,18542,QMLE-Trade,2008-10-21,0.905332
CAT,18542,QMLE-Trade,2008-10-22,0.777953
CAT,18542,QMLE-Trade,2008-10-23,1.28864
CAT,18542,QMLE-Trade,2008-10-24,1.3091
CAT,18542,QMLE-Trade,2008-10-27,1.01685
CAT,18542,QMLE-Trade,2008-10-28,0.985978
CAT,18542,QMLE-Trade,2008-10-29,1.06708
CAT,18542,QMLE-Trade,2008-10-30,0.848233
CAT,18542,QMLE-Trade,2008-10-31,0.797895
CAT,18542,QMLE-Trade,2008-11-3,0.551321
CAT,18542,QMLE-Trade,2008-11-4,0.532321
CAT,18542,QMLE-Trade,2008-11-5,0.63536
CAT,18542,QMLE-Trade,2008-11-6,0.722293
CAT,18542,QMLE-Trade,2008-11-7,0.669199
CAT,18542,QMLE-Trade,2008-11-10,0.570284
CAT,18542,QMLE-Trade,2008-11-11,0.648736
CAT,18542,QMLE-Trade,2008-11-12,0.670007
CAT,18542,QMLE-Trade,2008-11-13,1.02287
CAT,18542,QMLE-Trade,2008-11-14,0.930413
CAT,18542,QMLE-Trade,2008-11-17,0.872476
CAT,18542,QMLE-Trade,2008-11-18,0.799906
CAT,18542,QMLE-Trade,2008-11-19,0.839179
CAT,18542,QMLE-Trade,2008-11-20,1.07865
CAT,18542,QMLE-Trade,2008-11-21,1.16959
CAT,18542,QMLE-Trade,2008-11-24,0.8704
CAT,18542,QMLE-Trade,2008-11-25,0.776842
CAT,18542,QMLE-Trade,2008-11-26,0.653362
CAT,18542,QMLE-Trade,2008-11-28,0.585826
CAT,18542,QMLE-Trade,2008-12-1,0.610959
CAT,18542,QMLE-Trade,2008-12-2,0.711015
CAT,18542,QMLE-Trade,2008-12-3,0.762966
CAT,18542,QMLE-Trade,2008-12-4,0.698423
CAT,18542,QMLE-Trade,2008-12-5,0.686848
CAT,18542,QMLE-Trade,2008-12-8,0.681473
CAT,18542,QMLE-Trade,2008-12-9,0.662251
CAT,18542,QMLE-Trade,2008-12-10,0.530651
CAT,18542,QMLE-Trade,2008-12-11,0.548597
CAT,18542,QMLE-Trade,2008-12-12,0.781243
CAT,18542,QMLE-Trade,2008-12-15,0.593294
CAT,18542,QMLE-Trade,2008-12-16,0.567165
CAT,18542,QMLE-Trade,2008-12-17,0.453649
CAT,18542,QMLE-Trade,2008-12-18,0.445366
CAT,18542,QMLE-Trade,2008-12-19,0.549087
CAT,18542,QMLE-Trade,2008-12-22,0.469067
CAT,18542,QMLE-Trade,2008-12-23,0.490891
CAT,18542,QMLE-Trade,2008-12-24,0.333349
CAT,18542,QMLE-Trade,2008-12-26,0.225813
CAT,18542,QMLE-Trade,2008-12-29,0.30047
CAT,18542,QMLE-Trade,2008-12-30,0.294065
CAT,18542,QMLE-Trade,2008-12-31,0.304426
CAT,18542,QMLE-Trade,2009-1-2,0.279449
CAT,18542,QMLE-Trade,2009-1-5,0.448456
CAT,18542,QMLE-Trade,2009-1-6,0.433024
CAT,18542,QMLE-Trade,2009-1-7,0.441935
CAT,18542,QMLE-Trade,2009-1-8,0.456777
CAT,18542,QMLE-Trade,2009-1-9,0.487746
CAT,18542,QMLE-Trade,2009-1-12,0.347469
CAT,18542,QMLE-Trade,2009-1-13,0.491635
CAT,18542,QMLE-Trade,2009-1-14,0.493359
CAT,18542,QMLE-Trade,2009-1-15,0.569871
CAT,18542,QMLE-Trade,2009-1-16,0.651122
CAT,18542,QMLE-Trade,2009-1-20,0.561827
CAT,18542,QMLE-Trade,2009-1-21,0.528687
CAT,18542,QMLE-Trade,2009-1-22,0.582399
CAT,18542,QMLE-Trade,2009-1-23,0.787861
CAT,18542,QMLE-Trade,2009-1-26,0.885587
CAT,18542,QMLE-Trade,2009-1-27,0.462469
CAT,18542,QMLE-Trade,2009-1-28,0.404664
CAT,18542,QMLE-Trade,2009-1-29,0.362181
CAT,18542,QMLE-Trade,2009-1-30,0.455667
CAT,18542,QMLE-Trade,2009-2-2,0.548892
CAT,18542,QMLE-Trade,2009-2-3,0.512463
CAT,18542,QMLE-Trade,2009-2-4,0.461149
CAT,18542,QMLE-Trade,2009-2-5,0.483101
CAT,18542,QMLE-Trade,2009-2-6,0.462744
CAT,18542,QMLE-Trade,2009-2-9,0.373694
CAT,18542,QMLE-Trade,2009-2-10,0.626223
CAT,18542,QMLE-Trade,2009-2-11,0.529871
CAT,18542,QMLE-Trade,2009-2-12,0.46779
CAT,18542,QMLE-Trade,2009-2-13,0.430277
CAT,18542,QMLE-Trade,2009-2-17,0.478491
CAT,18542,QMLE-Trade,2009-2-18,0.622286
CAT,18542,QMLE-Trade,2009-2-19,0.441946
CAT,18542,QMLE-Trade,2009-2-20,0.660279
CAT,18542,QMLE-Trade,2009-2-23,0.530332
CAT,18542,QMLE-Trade,2009-2-24,0.525892
CAT,18542,QMLE-Trade,2009-2-25,0.786165
CAT,18542,QMLE-Trade,2009-2-26,0.559586
CAT,18542,QMLE-Trade,2009-2-27,0.740866
CAT,18542,QMLE-Trade,2009-3-2,0.657741
CAT,18542,QMLE-Trade,2009-3-3,0.669736
CAT,18542,QMLE-Trade,2009-3-4,0.864872
CAT,18542,QMLE-Trade,2009-3-5,0.700153
CAT,18542,QMLE-Trade,2009-3-6,0.712537
CAT,18542,QMLE-Trade,2009-3-9,0.61444
CAT,18542,QMLE-Trade,2009-3-10,0.641146
CAT,18542,QMLE-Trade,2009-3-11,0.624209
CAT,18542,QMLE-Trade,2009-3-12,0.572731
CAT,18542,QMLE-Trade,2009-3-13,0.618974
CAT,18542,QMLE-Trade,2009-3-16,0.464858
CAT,18542,QMLE-Trade,2009-3-17,0.562482
CAT,18542,QMLE-Trade,2009-3-18,0.651056
CAT,18542,QMLE-Trade,2009-3-19,0.528445
CAT,18542,QMLE-Trade,2009-3-20,0.513717
CAT,18542,QMLE-Trade,2009-3-23,0.560965
CAT,18542,QMLE-Trade,2009-3-24,0.640151
CAT,18542,QMLE-Trade,2009-3-25,0.671767
CAT,18542,QMLE-Trade,2009-3-26,0.606141
CAT,18542,QMLE-Trade,2009-3-27,0.521107
CAT,18542,QMLE-Trade,2009-3-30,0.595976
CAT,18542,QMLE-Trade,2009-3-31,0.474111
CAT,18542,QMLE-Trade,2009-4-1,0.539793
CAT,18542,QMLE-Trade,2009-4-2,0.535151
CAT,18542,QMLE-Trade,2009-4-3,0.557786
CAT,18542,QMLE-Trade,2009-4-6,0.54434
CAT,18542,QMLE-Trade,2009-4-7,0.368273
CAT,18542,QMLE-Trade,2009-4-8,0.412692
CAT,18542,QMLE-Trade,2009-4-9,0.421464
CAT,18542,QMLE-Trade,2009-4-13,0.448652
CAT,18542,QMLE-Trade,2009-4-14,0.482953
CAT,18542,QMLE-Trade,2009-4-15,0.465652
CAT,18542,QMLE-Trade,2009-4-16,0.48629
CAT,18542,QMLE-Trade,2009-4-17,0.545533
CAT,18542,QMLE-Trade,2009-4-20,0.497966
CAT,18542,QMLE-Trade,2009-4-21,0.895872
CAT,18542,QMLE-Trade,2009-4-22,0.686944
CAT,18542,QMLE-Trade,2009-4-23,0.49784
CAT,18542,QMLE-Trade,2009-4-24,0.555868
CAT,18542,QMLE-Trade,2009-4-27,0.535431
CAT,18542,QMLE-Trade,2009-4-28,0.45614
CAT,18542,QMLE-Trade,2009-4-29,0.488626
CAT,18542,QMLE-Trade,2009-4-30,0.50949
CAT,18542,QMLE-Trade,2009-5-1,0.449668
CAT,18542,QMLE-Trade,2009-5-4,0.425621
CAT,18542,QMLE-Trade,2009-5-5,0.437374
CAT,18542,QMLE-Trade,2009-5-6,0.516245
CAT,18542,QMLE-Trade,2009-5-7,0.546071
CAT,18542,QMLE-Trade,2009-5-8,0.496372
CAT,18542,QMLE-Trade,2009-5-11,0.451859
CAT,18542,QMLE-Trade,2009-5-12,0.417779
CAT,18542,QMLE-Trade,2009-5-13,0.48479
CAT,18542,QMLE-Trade,2009-5-14,0.473077
CAT,18542,QMLE-Trade,2009-5-15,0.504115
CAT,18542,QMLE-Trade,2009-5-18,0.434768
CAT,18542,QMLE-Trade,2009-5-19,0.406426
CAT,18542,QMLE-Trade,2009-5-20,0.501332
CAT,18542,QMLE-Trade,2009-5-21,0.518025
CAT,18542,QMLE-Trade,2009-5-22,0.428557
CAT,18542,QMLE-Trade,2009-5-26,0.483798
CAT,18542,QMLE-Trade,2009-5-27,0.379882
CAT,18542,QMLE-Trade,2009-5-28,0.486898
CAT,18542,QMLE-Trade,2009-5-29,0.401462
CAT,18542,QMLE-Trade,2009-6-1,0.373306
CAT,18542,QMLE-Trade,2009-6-2,0.345095
CAT,18542,QMLE-Trade,2009-6-3,0.351273
CAT,18542,QMLE-Trade,2009-6-4,0.359461
CAT,18542,QMLE-Trade,2009-6-5,0.449782
CAT,18542,QMLE-Trade,2009-6-8,0.406594
CAT,18542,QMLE-Trade,2009-6-9,0.374684
CAT,18542,QMLE-Trade,2009-6-10,0.432153
CAT,18542,QMLE-Trade,2009-6-11,0.329037
CAT,18542,QMLE-Trade,2009-6-12,0.276037
CAT,18542,QMLE-Trade,2009-6-15,0.269755
CAT,18542,QMLE-Trade,2009-6-16,0.33507
CAT,18542,QMLE-Trade,2009-6-17,0.399615
CAT,18542,QMLE-Trade,2009-6-18,0.416668
CAT,18542,QMLE-Trade,2009-6-19,0.299762
CAT,18542,QMLE-Trade,2009-6-22,0.320226
CAT,18542,QMLE-Trade,2009-6-23,0.363592
CAT,18542,QMLE-Trade,2009-6-24,0.448687
CAT,18542,QMLE-Trade,2009-6-25,0.424171
CAT,18542,QMLE-Trade,2009-6-26,0.370857
CAT,18542,QMLE-Trade,2009-6-29,0.350158
CAT,18542,QMLE-Trade,2009-6-30,0.362905
CAT,18542,QMLE-Trade,2009-7-1,0.323472
CAT,18542,QMLE-Trade,2009-7-2,0.247234
CAT,18542,QMLE-Trade,2009-7-6,0.377831
CAT,18542,QMLE-Trade,2009-7-7,0.334023
CAT,18542,QMLE-Trade,2009-7-8,0.421792
CAT,18542,QMLE-Trade,2009-7-9,0.406489
CAT,18542,QMLE-Trade,2009-7-10,0.3665
CAT,18542,QMLE-Trade,2009-7-13,0.353696
CAT,18542,QMLE-Trade,2009-7-14,0.3254
CAT,18542,QMLE-Trade,2009-7-15,0.307242
CAT,18542,QMLE-Trade,2009-7-16,0.361775
CAT,18542,QMLE-Trade,2009-7-17,0.259764
CAT,18542,QMLE-Trade,2009-7-20,0.502435
CAT,18542,QMLE-Trade,2009-7-21,0.739123
CAT,18542,QMLE-Trade,2009-7-22,0.465031
CAT,18542,QMLE-Trade,2009-7-23,0.36633
CAT,18542,QMLE-Trade,2009-7-24,0.385796
CAT,18542,QMLE-Trade,2009-7-27,0.352911
CAT,18542,QMLE-Trade,2009-7-28,0.391668
CAT,18542,QMLE-Trade,2009-7-29,0.400176
CAT,18542,QMLE-Trade,2009-7-30,0.293083
CAT,18542,QMLE-Trade,2009-7-31,0.363066
CAT,18542,QMLE-Trade,2009-8-3,0.326026
CAT,18542,QMLE-Trade,2009-8-4,0.385364
CAT,18542,QMLE-Trade,2009-8-5,0.390699
CAT,18542,QMLE-Trade,2009-8-6,0.360023
CAT,18542,QMLE-Trade,2009-8-7,0.31635
CAT,18542,QMLE-Trade,2009-8-10,0.285723
CAT,18542,QMLE-Trade,2009-8-11,0.365704
CAT,18542,QMLE-Trade,2009-8-12,0.376832
CAT,18542,QMLE-Trade,2009-8-13,0.320928
CAT,18542,QMLE-Trade,2009-8-14,0.337314
CAT,18542,QMLE-Trade,2009-8-17,0.360043
CAT,18542,QMLE-Trade,2009-8-18,0.256164
CAT,18542,QMLE-Trade,2009-8-19,0.385509
CAT,18542,QMLE-Trade,2009-8-20,0.248697
CAT,18542,QMLE-Trade,2009-8-21,0.249376
CAT,18542,QMLE-Trade,2009-8-24,0.260585
CAT,18542,QMLE-Trade,2009-8-25,0.355064
CAT,18542,QMLE-Trade,2009-8-26,0.3319
CAT,18542,QMLE-Trade,2009-8-27,0.286983
CAT,18542,QMLE-Trade,2009-8-28,0.364763
CAT,18542,QMLE-Trade,2009-8-31,0.299016
CAT,18542,QMLE-Trade,2009-9-1,0.453287
CAT,18542,QMLE-Trade,2009-9-2,0.379571
CAT,18542,QMLE-Trade,2009-9-3,0.328647
CAT,18542,QMLE-Trade,2009-9-4,0.308729
CAT,18542,QMLE-Trade,2009-9-8,0.254221
CAT,18542,QMLE-Trade,2009-9-9,0.277009
CAT,18542,QMLE-Trade,2009-9-10,0.295879
CAT,18542,QMLE-Trade,2009-9-11,0.305297
CAT,18542,QMLE-Trade,2009-9-14,0.272266
CAT,18542,QMLE-Trade,2009-9-15,0.33586
CAT,18542,QMLE-Trade,2009-9-16,0.307723
CAT,18542,QMLE-Trade,2009-9-17,0.352931
CAT,18542,QMLE-Trade,2009-9-18,0.320169
CAT,18542,QMLE-Trade,2009-9-21,0.33215
CAT,18542,QMLE-Trade,2009-9-22,0.27954
CAT,18542,QMLE-Trade,2009-9-23,0.346402
CAT,18542,QMLE-Trade,2009-9-24,0.382984
CAT,18542,QMLE-Trade,2009-9-25,0.366553
CAT,18542,QMLE-Trade,2009-9-28,0.264851
CAT,18542,QMLE-Trade,2009-9-29,0.326956
CAT,18542,QMLE-Trade,2009-9-30,0.364461
CAT,18542,QMLE-Trade,2009-10-1,0.348462
CAT,18542,QMLE-Trade,2009-10-2,0.417038
CAT,18542,QMLE-Trade,2009-10-5,0.330908
CAT,18542,QMLE-Trade,2009-10-6,0.32716
CAT,18542,QMLE-Trade,2009-10-7,0.318051
CAT,18542,QMLE-Trade,2009-10-8,0.319024
CAT,18542,QMLE-Trade,2009-10-9,0.242762
CAT,18542,QMLE-Trade,2009-10-12,0.231986
CAT,18542,QMLE-Trade,2009-10-13,0.259807
CAT,18542,QMLE-Trade,2009-10-14,0.237678
CAT,18542,QMLE-Trade,2009-10-15,0.250935
CAT,18542,QMLE-Trade,2009-10-16,0.235104
CAT,18542,QMLE-Trade,2009-10-19,0.343445
CAT,18542,QMLE-Trade,2009-10-20,0.420061
CAT,18542,QMLE-Trade,2009-10-21,0.333819
CAT,18542,QMLE-Trade,2009-10-22,0.354455
CAT,18542,QMLE-Trade,2009-10-23,0.403561
CAT,18542,QMLE-Trade,2009-10-26,0.374248
CAT,18542,QMLE-Trade,2009-10-27,0.396057
CAT,18542,QMLE-Trade,2009-10-28,0.37556
CAT,18542,QMLE-Trade,2009-10-29,0.314282
CAT,18542,QMLE-Trade,2009-10-30,0.480825
CAT,18542,QMLE-Trade,2009-11-2,0.499211
CAT,18542,QMLE-Trade,2009-11-3,0.421949
CAT,18542,QMLE-Trade,2009-11-4,0.440617
CAT,18542,QMLE-Trade,2009-11-5,0.252974
CAT,18542,QMLE-Trade,2009-11-6,0.352502
CAT,18542,QMLE-Trade,2009-11-9,0.195819
CAT,18542,QMLE-Trade,2009-11-10,0.250608
CAT,18542,QMLE-Trade,2009-11-11,0.255426
CAT,18542,QMLE-Trade,2009-11-12,0.286399
CAT,18542,QMLE-Trade,2009-11-13,0.281407
CAT,18542,QMLE-Trade,2009-11-16,0.230293
CAT,18542,QMLE-Trade,2009-11-17,0.24852
CAT,18542,QMLE-Trade,2009-11-18,0.237751
CAT,18542,QMLE-Trade,2009-11-19,0.254894
CAT,18542,QMLE-Trade,2009-11-20,0.242359
CAT,18542,QMLE-Trade,2009-11-23,0.253656
CAT,18542,QMLE-Trade,2009-11-24,0.252129
CAT,18542,QMLE-Trade,2009-11-25,0.211652
CAT,18542,QMLE-Trade,2009-11-27,0.354077
CAT,18542,QMLE-Trade,2009-11-30,0.262231
CAT,18542,QMLE-Trade,2009-12-1,0.192663
CAT,18542,QMLE-Trade,2009-12-2,0.228241
CAT,18542,QMLE-Trade,2009-12-3,0.249529
CAT,18542,QMLE-Trade,2009-12-4,0.288756
CAT,18542,QMLE-Trade,2009-12-7,0.212233
CAT,18542,QMLE-Trade,2009-12-8,0.23286
CAT,18542,QMLE-Trade,2009-12-9,0.258185
CAT,18542,QMLE-Trade,2009-12-10,0.194238
CAT,18542,QMLE-Trade,2009-12-11,0.220216
CAT,18542,QMLE-Trade,2009-12-14,0.166378
CAT,18542,QMLE-Trade,2009-12-15,0.178071
CAT,18542,QMLE-Trade,2009-12-16,0.184901
CAT,18542,QMLE-Trade,2009-12-17,0.213939
CAT,18542,QMLE-Trade,2009-12-18,0.196909
CAT,18542,QMLE-Trade,2009-12-21,0.183197
CAT,18542,QMLE-Trade,2009-12-22,0.177842
CAT,18542,QMLE-Trade,2009-12-23,0.147258
CAT,18542,QMLE-Trade,2009-12-24,0.158723
CAT,18542,QMLE-Trade,2009-12-28,0.104693
CAT,18542,QMLE-Trade,2009-12-29,0.130787
CAT,18542,QMLE-Trade,2009-12-30,0.156424
CAT,18542,QMLE-Trade,2009-12-31,0.132007
CAT,18542,QMLE-Trade,2010-1-4,0.170938
CAT,18542,QMLE-Trade,2010-1-5,0.192921
CAT,18542,QMLE-Trade,2010-1-6,0.165116
CAT,18542,QMLE-Trade,2010-1-7,0.209082
CAT,18542,QMLE-Trade,2010-1-8,0.169394
CAT,18542,QMLE-Trade,2010-1-11,0.300165
CAT,18542,QMLE-Trade,2010-1-12,0.297406
CAT,18542,QMLE-Trade,2010-1-13,0.261143
CAT,18542,QMLE-Trade,2010-1-14,0.1956
CAT,18542,QMLE-Trade,2010-1-15,0.260325
CAT,18542,QMLE-Trade,2010-1-19,0.253873
CAT,18542,QMLE-Trade,2010-1-20,0.293783
CAT,18542,QMLE-Trade,2010-1-21,0.338023
CAT,18542,QMLE-Trade,2010-1-22,0.402842
CAT,18542,QMLE-Trade,2010-1-25,0.333777
CAT,18542,QMLE-Trade,2010-1-26,0.368603
CAT,18542,QMLE-Trade,2010-1-27,0.557201
CAT,18542,QMLE-Trade,2010-1-28,0.399026
CAT,18542,QMLE-Trade,2010-1-29,0.393115
CAT,18542,QMLE-Trade,2010-2-1,0.314265
CAT,18542,QMLE-Trade,2010-2-2,0.279618
CAT,18542,QMLE-Trade,2010-2-3,0.268886
CAT,18542,QMLE-Trade,2010-2-4,0.336766
CAT,18542,QMLE-Trade,2010-2-5,0.461316
CAT,18542,QMLE-Trade,2010-2-8,0.374864
CAT,18542,QMLE-Trade,2010-2-9,0.425673
CAT,18542,QMLE-Trade,2010-2-10,0.345239
CAT,18542,QMLE-Trade,2010-2-11,0.315136
CAT,18542,QMLE-Trade,2010-2-12,0.352628
CAT,18542,QMLE-Trade,2010-2-16,0.221409
CAT,18542,QMLE-Trade,2010-2-17,0.252623
CAT,18542,QMLE-Trade,2010-2-18,0.234155
CAT,18542,QMLE-Trade,2010-2-19,0.216539
CAT,18542,QMLE-Trade,2010-2-22,0.216973
CAT,18542,QMLE-Trade,2010-2-23,0.254085
CAT,18542,QMLE-Trade,2010-2-24,0.283946
CAT,18542,QMLE-Trade,2010-2-25,0.34005
CAT,18542,QMLE-Trade,2010-2-26,0.24364
CAT,18542,QMLE-Trade,2010-3-1,0.199117
CAT,18542,QMLE-Trade,2010-3-2,0.187781
CAT,18542,QMLE-Trade,2010-3-3,0.207631
CAT,18542,QMLE-Trade,2010-3-4,0.203039
CAT,18542,QMLE-Trade,2010-3-5,0.17069
CAT,18542,QMLE-Trade,2010-3-8,0.17366
CAT,18542,QMLE-Trade,2010-3-9,0.166908
CAT,18542,QMLE-Trade,2010-3-10,0.186955
CAT,18542,QMLE-Trade,2010-3-11,0.175524
CAT,18542,QMLE-Trade,2010-3-12,0.205105
CAT,18542,QMLE-Trade,2010-3-15,0.211585
CAT,18542,QMLE-Trade,2010-3-16,0.173122
CAT,18542,QMLE-Trade,2010-3-17,0.171908
CAT,18542,QMLE-Trade,2010-3-18,0.179265
CAT,18542,QMLE-Trade,2010-3-19,0.232157
CAT,18542,QMLE-Trade,2010-3-22,0.186317
CAT,18542,QMLE-Trade,2010-3-23,0.239165
CAT,18542,QMLE-Trade,2010-3-24,0.239513
CAT,18542,QMLE-Trade,2010-3-25,0.213428
CAT,18542,QMLE-Trade,2010-3-26,0.244238
CAT,18542,QMLE-Trade,2010-3-29,0.156297
CAT,18542,QMLE-Trade,2010-3-30,0.178066
CAT,18542,QMLE-Trade,2010-3-31,0.198315
CAT,18542,QMLE-Trade,2010-4-1,0.182102
CAT,18542,QMLE-Trade,2010-4-5,0.0998878
CAT,18542,QMLE-Trade,2010-4-6,0.141794
CAT,18542,QMLE-Trade,2010-4-7,0.181412
CAT,18542,QMLE-Trade,2010-4-8,0.168867
CAT,18542,QMLE-Trade,2010-4-9,0.150842
CAT,18542,QMLE-Trade,2010-4-12,0.156163
CAT,18542,QMLE-Trade,2010-4-13,0.163776
CAT,18542,QMLE-Trade,2010-4-14,0.140235
CAT,18542,QMLE-Trade,2010-4-15,0.194757
CAT,18542,QMLE-Trade,2010-4-16,0.245418
CAT,18542,QMLE-Trade,2010-4-19,0.251469
CAT,18542,QMLE-Trade,2010-4-20,0.191666
CAT,18542,QMLE-Trade,2010-4-21,0.195105
CAT,18542,QMLE-Trade,2010-4-22,0.218731
CAT,18542,QMLE-Trade,2010-4-23,0.258867
CAT,18542,QMLE-Trade,2010-4-26,0.312517
CAT,18542,QMLE-Trade,2010-4-27,0.29006
CAT,18542,QMLE-Trade,2010-4-28,0.28694
CAT,18542,QMLE-Trade,2010-4-29,0.187119
CAT,18542,QMLE-Trade,2010-4-30,0.263743
CAT,18542,QMLE-Trade,2010-5-3,0.236358
CAT,18542,QMLE-Trade,2010-5-4,0.297511
CAT,18542,QMLE-Trade,2010-5-5,0.378672
CAT,18542,QMLE-Trade,2010-5-6,0.794353
CAT,18542,QMLE-Trade,2010-5-7,0.685621
CAT,18542,QMLE-Trade,2010-5-10,0.306946
CAT,18542,QMLE-Trade,2010-5-11,0.304717
CAT,18542,QMLE-Trade,2010-5-12,0.248592
CAT,18542,QMLE-Trade,2010-5-13,0.283906
CAT,18542,QMLE-Trade,2010-5-14,0.314259
CAT,18542,QMLE-Trade,2010-5-17,0.353614
CAT,18542,QMLE-Trade,2010-5-18,0.363785
CAT,18542,QMLE-Trade,2010-5-19,0.46611
CAT,18542,QMLE-Trade,2010-5-20,0.545909
CAT,18542,QMLE-Trade,2010-5-21,0.540751
CAT,18542,QMLE-Trade,2010-5-24,0.365707
CAT,18542,QMLE-Trade,2010-5-25,0.486713
CAT,18542,QMLE-Trade,2010-5-26,0.417307
CAT,18542,QMLE-Trade,2010-5-27,0.360644
CAT,18542,QMLE-Trade,2010-5-28,0.410842
CAT,18542,QMLE-Trade,2010-6-1,0.3922
CAT,18542,QMLE-Trade,2010-6-2,0.349311
CAT,18542,QMLE-Trade,2010-6-3,0.326831
CAT,18542,QMLE-Trade,2010-6-4,0.339082
CAT,18542,QMLE-Trade,2010-6-7,0.373842
CAT,18542,QMLE-Trade,2010-6-8,0.488509
CAT,18542,QMLE-Trade,2010-6-9,0.382659
CAT,18542,QMLE-Trade,2010-6-10,0.323708
CAT,18542,QMLE-Trade,2010-6-11,0.28942
CAT,18542,QMLE-Trade,2010-6-14,0.292049
CAT,18542,QMLE-Trade,2010-6-15,0.252768
CAT,18542,QMLE-Trade,2010-6-16,0.269761
CAT,18542,QMLE-Trade,2010-6-17,0.281008
CAT,18542,QMLE-Trade,2010-6-18,0.217071
CAT,18542,QMLE-Trade,2010-6-21,0.274314
CAT,18542,QMLE-Trade,2010-6-22,0.314278
CAT,18542,QMLE-Trade,2010-6-23,0.361511
CAT,18542,QMLE-Trade,2010-6-24,0.344993
CAT,18542,QMLE-Trade,2010-6-25,0.318379
CAT,18542,QMLE-Trade,2010-6-28,0.307788
CAT,18542,QMLE-Trade,2010-6-29,0.346687
CAT,18542,QMLE-Trade,2010-6-30,0.33009
CAT,18542,QMLE-Trade,2010-7-1,0.426837
CAT,18542,QMLE-Trade,2010-7-2,0.321887
CAT,18542,QMLE-Trade,2010-7-6,0.324846
CAT,18542,QMLE-Trade,2010-7-7,0.3159
CAT,18542,QMLE-Trade,2010-7-8,0.291733
CAT,18542,QMLE-Trade,2010-7-9,0.237527
CAT,18542,QMLE-Trade,2010-7-12,0.231736
CAT,18542,QMLE-Trade,2010-7-13,0.229343
CAT,18542,QMLE-Trade,2010-7-14,0.276698
CAT,18542,QMLE-Trade,2010-7-15,0.276702
CAT,18542,QMLE-Trade,2010-7-16,0.269561
CAT,18542,QMLE-Trade,2010-7-19,0.26232
CAT,18542,QMLE-Trade,2010-7-20,0.286184
CAT,18542,QMLE-Trade,2010-7-21,0.31495
CAT,18542,QMLE-Trade,2010-7-22,0.368316
CAT,18542,QMLE-Trade,2010-7-23,0.295955
CAT,18542,QMLE-Trade,2010-7-26,0.163797
CAT,18542,QMLE-Trade,2010-7-27,0.258248
CAT,18542,QMLE-Trade,2010-7-28,0.236896
CAT,18542,QMLE-Trade,2010-7-29,0.267349
CAT,18542,QMLE-Trade,2010-7-30,0.280703
CAT,18542,QMLE-Trade,2010-8-2,0.191856
CAT,18542,QMLE-Trade,2010-8-3,0.184045
CAT,18542,QMLE-Trade,2010-8-4,0.224098
CAT,18542,QMLE-Trade,2010-8-5,0.195436
CAT,18542,QMLE-Trade,2010-8-6,0.234425
CAT,18542,QMLE-Trade,2010-8-9,0.157694
CAT,18542,QMLE-Trade,2010-8-10,0.257217
CAT,18542,QMLE-Trade,2010-8-11,0.237551
CAT,18542,QMLE-Trade,2010-8-12,0.26684
CAT,18542,QMLE-Trade,2010-8-13,0.265407
CAT,18542,QMLE-Trade,2010-8-16,0.234874
CAT,18542,QMLE-Trade,2010-8-17,0.198932
CAT,18542,QMLE-Trade,2010-8-18,0.223342
CAT,18542,QMLE-Trade,2010-8-19,0.297842
CAT,18542,QMLE-Trade,2010-8-20,0.232549
CAT,18542,QMLE-Trade,2010-8-23,0.220069
CAT,18542,QMLE-Trade,2010-8-24,0.319564
CAT,18542,QMLE-Trade,2010-8-25,0.26773
CAT,18542,QMLE-Trade,2010-8-26,0.27298
CAT,18542,QMLE-Trade,2010-8-27,0.298036
CAT,18542,QMLE-Trade,2010-8-30,0.233671
CAT,18542,QMLE-Trade,2010-8-31,0.310245
CAT,18542,QMLE-Trade,2010-9-1,0.261671
CAT,18542,QMLE-Trade,2010-9-2,0.191324
CAT,18542,QMLE-Trade,2010-9-3,0.226663
CAT,18542,QMLE-Trade,2010-9-7,0.204063
CAT,18542,QMLE-Trade,2010-9-8,0.225965
CAT,18542,QMLE-Trade,2010-9-9,0.223038
CAT,18542,QMLE-Trade,2010-9-10,0.193459
CAT,18542,QMLE-Trade,2010-9-13,0.150642
CAT,18542,QMLE-Trade,2010-9-14,0.185218
CAT,18542,QMLE-Trade,2010-9-15,0.212916
CAT,18542,QMLE-Trade,2010-9-16,0.187703
CAT,18542,QMLE-Trade,2010-9-17,0.23105
CAT,18542,QMLE-Trade,2010-9-20,0.156125
CAT,18542,QMLE-Trade,2010-9-21,0.202065
CAT,18542,QMLE-Trade,2010-9-22,0.200729
CAT,18542,QMLE-Trade,2010-9-23,0.228121
CAT,18542,QMLE-Trade,2010-9-24,0.191684
CAT,18542,QMLE-Trade,2010-9-27,0.188266
CAT,18542,QMLE-Trade,2010-9-28,0.237716
CAT,18542,QMLE-Trade,2010-9-29,0.1266
CAT,18542,QMLE-Trade,2010-9-30,0.249414
CAT,18542,QMLE-Trade,2010-10-1,0.229086
CAT,18542,QMLE-Trade,2010-10-4,0.233056
CAT,18542,QMLE-Trade,2010-10-5,0.191544
CAT,18542,QMLE-Trade,2010-10-6,0.167472
CAT,18542,QMLE-Trade,2010-10-7,0.215019
CAT,18542,QMLE-Trade,2010-10-8,0.219633
CAT,18542,QMLE-Trade,2010-10-11,0.183784
CAT,18542,QMLE-Trade,2010-10-12,0.184246
CAT,18542,QMLE-Trade,2010-10-13,0.218291
CAT,18542,QMLE-Trade,2010-10-14,0.181449
CAT,18542,QMLE-Trade,2010-10-15,0.247727
CAT,18542,QMLE-Trade,2010-10-18,0.166899
CAT,18542,QMLE-Trade,2010-10-19,0.256527
CAT,18542,QMLE-Trade,2010-10-20,0.211387
CAT,18542,QMLE-Trade,2010-10-21,0.353331
CAT,18542,QMLE-Trade,2010-10-22,0.218367
CAT,18542,QMLE-Trade,2010-10-25,0.19237
CAT,18542,QMLE-Trade,2010-10-26,0.178404
CAT,18542,QMLE-Trade,2010-10-27,0.205114
CAT,18542,QMLE-Trade,2010-10-28,0.222495
CAT,18542,QMLE-Trade,2010-10-29,0.187316
CAT,18542,QMLE-Trade,2010-11-1,0.190026
CAT,18542,QMLE-Trade,2010-11-2,0.142105
CAT,18542,QMLE-Trade,2010-11-3,0.316191
CAT,18542,QMLE-Trade,2010-11-4,0.168378
CAT,18542,QMLE-Trade,2010-11-5,0.185062
CAT,18542,QMLE-Trade,2010-11-8,0.165459
CAT,18542,QMLE-Trade,2010-11-9,0.181413
CAT,18542,QMLE-Trade,2010-11-10,0.239946
CAT,18542,QMLE-Trade,2010-11-11,0.219626
CAT,18542,QMLE-Trade,2010-11-12,0.251744
CAT,18542,QMLE-Trade,2010-11-15,0.342092
CAT,18542,QMLE-Trade,2010-11-16,0.270243
CAT,18542,QMLE-Trade,2010-11-17,0.212753
CAT,18542,QMLE-Trade,2010-11-18,0.147246
CAT,18542,QMLE-Trade,2010-11-19,0.16201
CAT,18542,QMLE-Trade,2010-11-22,0.186071
CAT,18542,QMLE-Trade,2010-11-23,0.214464
CAT,18542,QMLE-Trade,2010-11-24,0.144554
CAT,18542,QMLE-Trade,2010-11-26,0.189321
CAT,18542,QMLE-Trade,2010-11-29,0.178383
CAT,18542,QMLE-Trade,2010-11-30,0.208596
CAT,18542,QMLE-Trade,2010-12-1,0.209946
CAT,18542,QMLE-Trade,2010-12-2,0.156909
CAT,18542,QMLE-Trade,2010-12-3,0.174462
CAT,18542,QMLE-Trade,2010-12-6,0.127397
CAT,18542,QMLE-Trade,2010-12-7,0.202104
CAT,18542,QMLE-Trade,2010-12-8,0.189824
CAT,18542,QMLE-Trade,2010-12-9,0.160487
CAT,18542,QMLE-Trade,2010-12-10,0.128121
CAT,18542,QMLE-Trade,2010-12-13,0.159078
CAT,18542,QMLE-Trade,2010-12-14,0.162656
CAT,18542,QMLE-Trade,2010-12-15,0.200511
CAT,18542,QMLE-Trade,2010-12-16,0.177474
CAT,18542,QMLE-Trade,2010-12-17,0.131519
CAT,18542,QMLE-Trade,2010-12-20,0.108335
CAT,18542,QMLE-Trade,2010-12-21,0.131574
CAT,18542,QMLE-Trade,2010-12-22,0.109147
CAT,18542,QMLE-Trade,2010-12-23,0.115161
CAT,18542,QMLE-Trade,2010-12-27,0.107506
CAT,18542,QMLE-Trade,2010-12-28,0.126347
CAT,18542,QMLE-Trade,2010-12-29,0.0973784
CAT,18542,QMLE-Trade,2010-12-30,0.092837
CAT,18542,QMLE-Trade,2010-12-31,0.0949231
CAT,18542,QMLE-Trade,2011-1-3,0.114817
CAT,18542,QMLE-Trade,2011-1-4,0.17131
CAT,18542,QMLE-Trade,2011-1-5,0.149784
CAT,18542,QMLE-Trade,2011-1-6,0.159418
CAT,18542,QMLE-Trade,2011-1-7,0.193174
CAT,18542,QMLE-Trade,2011-1-10,0.184109
CAT,18542,QMLE-Trade,2011-1-11,0.159347
CAT,18542,QMLE-Trade,2011-1-12,0.151761
CAT,18542,QMLE-Trade,2011-1-13,0.165831
CAT,18542,QMLE-Trade,2011-1-14,0.154362
CAT,18542,QMLE-Trade,2011-1-18,0.157749
CAT,18542,QMLE-Trade,2011-1-19,0.17839
CAT,18542,QMLE-Trade,2011-1-20,0.233315
CAT,18542,QMLE-Trade,2011-1-21,0.207046
CAT,18542,QMLE-Trade,2011-1-24,0.219532
CAT,18542,QMLE-Trade,2011-1-25,0.203087
CAT,18542,QMLE-Trade,2011-1-26,0.201042
CAT,18542,QMLE-Trade,2011-1-27,0.345751
CAT,18542,QMLE-Trade,2011-1-28,0.243015
CAT,18542,QMLE-Trade,2011-1-31,0.189777
CAT,18542,QMLE-Trade,2011-2-1,0.196097
CAT,18542,QMLE-Trade,2011-2-2,0.165947
CAT,18542,QMLE-Trade,2011-2-3,0.160836
CAT,18542,QMLE-Trade,2011-2-4,0.18087
CAT,18542,QMLE-Trade,2011-2-7,0.147592
CAT,18542,QMLE-Trade,2011-2-8,0.150454
CAT,18542,QMLE-Trade,2011-2-9,0.147061
CAT,18542,QMLE-Trade,2011-2-10,0.16807
CAT,18542,QMLE-Trade,2011-2-11,0.159047
CAT,18542,QMLE-Trade,2011-2-14,0.144947
CAT,18542,QMLE-Trade,2011-2-15,0.169876
CAT,18542,QMLE-Trade,2011-2-16,0.180511
CAT,18542,QMLE-Trade,2011-2-17,0.143513
CAT,18542,QMLE-Trade,2011-2-18,0.165148
CAT,18542,QMLE-Trade,2011-2-22,0.218684
CAT,18542,QMLE-Trade,2011-2-23,0.310592
CAT,18542,QMLE-Trade,2011-2-24,0.311348
CAT,18542,QMLE-Trade,2011-2-25,0.186505
CAT,18542,QMLE-Trade,2011-2-28,0.168112
CAT,18542,QMLE-Trade,2011-3-1,0.249627
CAT,18542,QMLE-Trade,2011-3-2,0.27566
CAT,18542,QMLE-Trade,2011-3-3,0.183479
CAT,18542,QMLE-Trade,2011-3-4,0.223697
CAT,18542,QMLE-Trade,2011-3-7,0.234801
CAT,18542,QMLE-Trade,2011-3-8,0.215739
CAT,18542,QMLE-Trade,2011-3-9,0.245083
CAT,18542,QMLE-Trade,2011-3-10,0.286311
CAT,18542,QMLE-Trade,2011-3-11,0.286171
CAT,18542,QMLE-Trade,2011-3-14,0.286354
CAT,18542,QMLE-Trade,2011-3-15,0.285606
CAT,18542,QMLE-Trade,2011-3-16,0.397523
CAT,18542,QMLE-Trade,2011-3-17,0.273106
CAT,18542,QMLE-Trade,2011-3-18,0.209615
CAT,18542,QMLE-Trade,2011-3-21,0.166469
CAT,18542,QMLE-Trade,2011-3-22,0.181487
CAT,18542,QMLE-Trade,2011-3-23,0.203744
CAT,18542,QMLE-Trade,2011-3-24,0.195768
CAT,18542,QMLE-Trade,2011-3-25,0.158053
CAT,18542,QMLE-Trade,2011-3-28,0.137543
CAT,18542,QMLE-Trade,2011-3-29,0.151483
CAT,18542,QMLE-Trade,2011-3-30,0.137569
CAT,18542,QMLE-Trade,2011-3-31,0.131158
CAT,18542,QMLE-Trade,2011-4-1,0.150717
CAT,18542,QMLE-Trade,2011-4-4,0.142543
CAT,18542,QMLE-Trade,2011-4-5,0.159583
CAT,18542,QMLE-Trade,2011-4-6,0.153437
CAT,18542,QMLE-Trade,2011-4-7,0.221587
CAT,18542,QMLE-Trade,2011-4-8,0.160712
CAT,18542,QMLE-Trade,2011-4-11,0.167492
CAT,18542,QMLE-Trade,2011-4-12,0.200185
CAT,18542,QMLE-Trade,2011-4-13,0.179597
CAT,18542,QMLE-Trade,2011-4-14,0.190496
CAT,18542,QMLE-Trade,2011-4-15,0.170218
CAT,18542,QMLE-Trade,2011-4-18,0.250205
CAT,18542,QMLE-Trade,2011-4-19,0.172685
CAT,18542,QMLE-Trade,2011-4-20,0.147405
CAT,18542,QMLE-Trade,2011-4-21,0.145949
CAT,18542,QMLE-Trade,2011-4-25,0.142807
CAT,18542,QMLE-Trade,2011-4-26,0.190797
CAT,18542,QMLE-Trade,2011-4-27,0.183011
CAT,18542,QMLE-Trade,2011-4-28,0.171256
CAT,18542,QMLE-Trade,2011-4-29,0.207843
CAT,18542,QMLE-Trade,2011-5-2,0.190005
CAT,18542,QMLE-Trade,2011-5-3,0.20898
CAT,18542,QMLE-Trade,2011-5-4,0.238346
CAT,18542,QMLE-Trade,2011-5-5,0.275096
CAT,18542,QMLE-Trade,2011-5-6,0.266825
CAT,18542,QMLE-Trade,2011-5-9,0.20804
CAT,18542,QMLE-Trade,2011-5-10,0.131596
CAT,18542,QMLE-Trade,2011-5-11,0.209519
CAT,18542,QMLE-Trade,2011-5-12,0.256624
CAT,18542,QMLE-Trade,2011-5-13,0.247538
CAT,18542,QMLE-Trade,2011-5-16,0.245148
CAT,18542,QMLE-Trade,2011-5-17,0.292625
CAT,18542,QMLE-Trade,2011-5-18,0.213496
CAT,18542,QMLE-Trade,2011-5-19,0.214182
CAT,18542,QMLE-Trade,2011-5-20,0.212523
CAT,18542,QMLE-Trade,2011-5-23,0.249862
CAT,18542,QMLE-Trade,2011-5-24,0.224233
CAT,18542,QMLE-Trade,2011-5-25,0.22422
CAT,18542,QMLE-Trade,2011-5-26,0.241576
CAT,18542,QMLE-Trade,2011-5-27,0.171659
CAT,18542,QMLE-Trade,2011-5-31,0.228062
CAT,18542,QMLE-Trade,2011-6-1,0.244805
CAT,18542,QMLE-Trade,2011-6-2,0.264832
CAT,18542,QMLE-Trade,2011-6-3,0.271319
CAT,18542,QMLE-Trade,2011-6-6,0.234472
CAT,18542,QMLE-Trade,2011-6-7,0.196213
CAT,18542,QMLE-Trade,2011-6-8,0.249639
CAT,18542,QMLE-Trade,2011-6-9,0.187721
CAT,18542,QMLE-Trade,2011-6-10,0.223229
CAT,18542,QMLE-Trade,2011-6-13,0.227269
CAT,18542,QMLE-Trade,2011-6-14,0.174583
CAT,18542,QMLE-Trade,2011-6-15,0.271149
CAT,18542,QMLE-Trade,2011-6-16,0.252938
CAT,18542,QMLE-Trade,2011-6-17,0.250559
CAT,18542,QMLE-Trade,2011-6-20,0.215133
CAT,18542,QMLE-Trade,2011-6-21,0.197134
CAT,18542,QMLE-Trade,2011-6-22,0.206342
CAT,18542,QMLE-Trade,2011-6-23,0.326105
CAT,18542,QMLE-Trade,2011-6-24,0.274494
CAT,18542,QMLE-Trade,2011-6-27,0.215092
CAT,18542,QMLE-Trade,2011-6-28,0.185495
CAT,18542,QMLE-Trade,2011-6-29,0.228934
CAT,18542,QMLE-Trade,2011-6-30,0.176839
CAT,18542,QMLE-Trade,2011-7-1,0.208606
CAT,18542,QMLE-Trade,2011-7-5,0.209955
CAT,18542,QMLE-Trade,2011-7-6,0.213488
CAT,18542,QMLE-Trade,2011-7-7,0.157061
CAT,18542,QMLE-Trade,2011-7-8,0.23729
CAT,18542,QMLE-Trade,2011-7-11,0.223603
CAT,18542,QMLE-Trade,2011-7-12,0.280135
CAT,18542,QMLE-Trade,2011-7-13,0.222636
CAT,18542,QMLE-Trade,2011-7-14,0.280965
CAT,18542,QMLE-Trade,2011-7-15,0.270617
CAT,18542,QMLE-Trade,2011-7-18,0.251552
CAT,18542,QMLE-Trade,2011-7-19,0.19072
CAT,18542,QMLE-Trade,2011-7-20,0.210945
CAT,18542,QMLE-Trade,2011-7-21,0.208891
CAT,18542,QMLE-Trade,2011-7-22,0.355671
CAT,18542,QMLE-Trade,2011-7-25,0.249502
CAT,18542,QMLE-Trade,2011-7-26,0.212773
CAT,18542,QMLE-Trade,2011-7-27,0.254842
CAT,18542,QMLE-Trade,2011-7-28,0.250905
CAT,18542,QMLE-Trade,2011-7-29,0.367294
CAT,18542,QMLE-Trade,2011-8-1,0.352684
CAT,18542,QMLE-Trade,2011-8-2,0.317654
CAT,18542,QMLE-Trade,2011-8-3,0.472907
CAT,18542,QMLE-Trade,2011-8-4,0.499397
CAT,18542,QMLE-Trade,2011-8-5,0.705861
CAT,18542,QMLE-Trade,2011-8-8,0.74638
CAT,18542,QMLE-Trade,2011-8-9,0.770425
CAT,18542,QMLE-Trade,2011-8-10,0.793466
CAT,18542,QMLE-Trade,2011-8-11,0.601567
CAT,18542,QMLE-Trade,2011-8-12,0.467215
CAT,18542,QMLE-Trade,2011-8-15,0.318622
CAT,18542,QMLE-Trade,2011-8-16,0.407364
CAT,18542,QMLE-Trade,2011-8-17,0.309892
CAT,18542,QMLE-Trade,2011-8-18,0.476304
CAT,18542,QMLE-Trade,2011-8-19,0.450834
CAT,18542,QMLE-Trade,2011-8-22,0.463561
CAT,18542,QMLE-Trade,2011-8-23,0.372422
CAT,18542,QMLE-Trade,2011-8-24,0.413571
CAT,18542,QMLE-Trade,2011-8-25,0.437428
CAT,18542,QMLE-Trade,2011-8-26,0.489029
CAT,18542,QMLE-Trade,2011-8-29,0.276447
CAT,18542,QMLE-Trade,2011-8-30,0.358015
CAT,18542,QMLE-Trade,2011-8-31,0.363025
CAT,18542,QMLE-Trade,2011-9-1,0.412396
CAT,18542,QMLE-Trade,2011-9-2,0.363043
CAT,18542,QMLE-Trade,2011-9-6,0.436426
CAT,18542,QMLE-Trade,2011-9-7,0.273549
CAT,18542,QMLE-Trade,2011-9-8,0.412878
CAT,18542,QMLE-Trade,2011-9-9,0.423977
CAT,18542,QMLE-Trade,2011-9-12,0.443231
CAT,18542,QMLE-Trade,2011-9-13,0.390561
CAT,18542,QMLE-Trade,2011-9-14,0.387412
CAT,18542,QMLE-Trade,2011-9-15,0.355954
CAT,18542,QMLE-Trade,2011-9-16,0.325176
CAT,18542,QMLE-Trade,2011-9-19,0.336081
CAT,18542,QMLE-Trade,2011-9-20,0.339069
CAT,18542,QMLE-Trade,2011-9-21,0.38834
CAT,18542,QMLE-Trade,2011-9-22,0.63734
CAT,18542,QMLE-Trade,2011-9-23,0.490527
CAT,18542,QMLE-Trade,2011-9-26,0.451676
CAT,18542,QMLE-Trade,2011-9-27,0.356263
CAT,18542,QMLE-Trade,2011-9-28,0.43621
CAT,18542,QMLE-Trade,2011-9-29,0.443006
CAT,18542,QMLE-Trade,2011-9-30,0.473977
CAT,18542,QMLE-Trade,2011-10-3,0.498216
CAT,18542,QMLE-Trade,2011-10-4,0.606773
CAT,18542,QMLE-Trade,2011-10-5,0.497432
CAT,18542,QMLE-Trade,2011-10-6,0.419927
CAT,18542,QMLE-Trade,2011-10-7,0.497403
CAT,18542,QMLE-Trade,2011-10-10,0.320232
CAT,18542,QMLE-Trade,2011-10-11,0.388681
CAT,18542,QMLE-Trade,2011-10-12,0.32227
CAT,18542,QMLE-Trade,2011-10-13,0.398132
CAT,18542,QMLE-Trade,2011-10-14,0.257414
CAT,18542,QMLE-Trade,2011-10-17,0.345424
CAT,18542,QMLE-Trade,2011-10-18,0.438018
CAT,18542,QMLE-Trade,2011-10-19,0.386798
CAT,18542,QMLE-Trade,2011-10-20,0.420156
CAT,18542,QMLE-Trade,2011-10-21,0.263632
CAT,18542,QMLE-Trade,2011-10-24,0.305574
CAT,18542,QMLE-Trade,2011-10-25,0.370682
CAT,18542,QMLE-Trade,2011-10-26,0.375675
CAT,18542,QMLE-Trade,2011-10-27,0.269382
CAT,18542,QMLE-Trade,2011-10-28,0.27952
CAT,18542,QMLE-Trade,2011-10-31,0.286166
CAT,18542,QMLE-Trade,2011-11-1,0.448623
CAT,18542,QMLE-Trade,2011-11-2,0.347327
CAT,18542,QMLE-Trade,2011-11-3,0.360961
CAT,18542,QMLE-Trade,2011-11-4,0.300053
CAT,18542,QMLE-Trade,2011-11-7,0.296475
CAT,18542,QMLE-Trade,2011-11-8,0.285045
CAT,18542,QMLE-Trade,2011-11-9,0.341958
CAT,18542,QMLE-Trade,2011-11-10,0.310309
CAT,18542,QMLE-Trade,2011-11-11,0.191703
CAT,18542,QMLE-Trade,2011-11-14,0.267882
CAT,18542,QMLE-Trade,2011-11-15,0.238935
CAT,18542,QMLE-Trade,2011-11-16,0.278325
CAT,18542,QMLE-Trade,2011-11-17,0.35505
CAT,18542,QMLE-Trade,2011-11-18,0.27004
CAT,18542,QMLE-Trade,2011-11-21,0.323373
CAT,18542,QMLE-Trade,2011-11-22,0.299281
CAT,18542,QMLE-Trade,2011-11-23,0.296872
CAT,18542,QMLE-Trade,2011-11-25,0.287395
CAT,18542,QMLE-Trade,2011-11-28,0.240116
CAT,18542,QMLE-Trade,2011-11-29,0.266149
CAT,18542,QMLE-Trade,2011-11-30,0.186872
CAT,18542,QMLE-Trade,2011-12-1,0.231949
CAT,18542,QMLE-Trade,2011-12-2,0.230603
CAT,18542,QMLE-Trade,2011-12-5,0.236192
CAT,18542,QMLE-Trade,2011-12-6,0.204825
CAT,18542,QMLE-Trade,2011-12-7,0.234961
CAT,18542,QMLE-Trade,2011-12-8,0.293725
CAT,18542,QMLE-Trade,2011-12-9,0.205244
CAT,18542,QMLE-Trade,2011-12-12,0.199691
CAT,18542,QMLE-Trade,2011-12-13,0.271305
CAT,18542,QMLE-Trade,2011-12-14,0.339508
CAT,18542,QMLE-Trade,2011-12-15,0.275412
CAT,18542,QMLE-Trade,2011-12-16,0.248001
CAT,18542,QMLE-Trade,2011-12-19,0.244606
CAT,18542,QMLE-Trade,2011-12-20,0.211655
CAT,18542,QMLE-Trade,2011-12-21,0.267958
CAT,18542,QMLE-Trade,2011-12-22,0.203597
CAT,18542,QMLE-Trade,2011-12-23,0.130544
CAT,18542,QMLE-Trade,2011-12-27,0.153866
CAT,18542,QMLE-Trade,2011-12-28,0.210294
CAT,18542,QMLE-Trade,2011-12-29,0.174328
CAT,18542,QMLE-Trade,2011-12-30,0.143
CAT,18542,QMLE-Trade,2012-1-3,0.215374
CAT,18542,QMLE-Trade,2012-1-4,0.189432
CAT,18542,QMLE-Trade,2012-1-5,0.229724
CAT,18542,QMLE-Trade,2012-1-6,0.188452
CAT,18542,QMLE-Trade,2012-1-9,0.157707
CAT,18542,QMLE-Trade,2012-1-10,0.140725
CAT,18542,QMLE-Trade,2012-1-11,0.151186
CAT,18542,QMLE-Trade,2012-1-12,0.178156
CAT,18542,QMLE-Trade,2012-1-13,0.21505
CAT,18542,QMLE-Trade,2012-1-17,0.156317
CAT,18542,QMLE-Trade,2012-1-18,0.164423
CAT,18542,QMLE-Trade,2012-1-19,0.156052
CAT,18542,QMLE-Trade,2012-1-20,0.170612
CAT,18542,QMLE-Trade,2012-1-23,0.167757
CAT,18542,QMLE-Trade,2012-1-24,0.174583
CAT,18542,QMLE-Trade,2012-1-25,0.201949
CAT,18542,QMLE-Trade,2012-1-26,0.254363
CAT,18542,QMLE-Trade,2012-1-27,0.229499
CAT,18542,QMLE-Trade,2012-1-30,0.183583
CAT,18542,QMLE-Trade,2012-1-31,0.24816
CAT,18542,QMLE-Trade,2012-2-1,0.181865
CAT,18542,QMLE-Trade,2012-2-2,0.167718
CAT,18542,QMLE-Trade,2012-2-3,0.173058
CAT,18542,QMLE-Trade,2012-2-6,0.182145
CAT,18542,QMLE-Trade,2012-2-7,0.153813
CAT,18542,QMLE-Trade,2012-2-8,0.14107
CAT,18542,QMLE-Trade,2012-2-9,0.189719
CAT,18542,QMLE-Trade,2012-2-10,0.189301
CAT,18542,QMLE-Trade,2012-2-13,0.158763
CAT,18542,QMLE-Trade,2012-2-14,0.169991
CAT,18542,QMLE-Trade,2012-2-15,0.233505
CAT,18542,QMLE-Trade,2012-2-16,0.194416
CAT,18542,QMLE-Trade,2012-2-17,0.130735
CAT,18542,QMLE-Trade,2012-2-21,0.17663
CAT,18542,QMLE-Trade,2012-2-22,0.190092
CAT,18542,QMLE-Trade,2012-2-23,0.186808
CAT,18542,QMLE-Trade,2012-2-24,0.176752
CAT,18542,QMLE-Trade,2012-2-27,0.188242
CAT,18542,QMLE-Trade,2012-2-28,0.180446
CAT,18542,QMLE-Trade,2012-2-29,0.201221
CAT,18542,QMLE-Trade,2012-3-1,0.22881
CAT,18542,QMLE-Trade,2012-3-2,0.177227
CAT,18542,QMLE-Trade,2012-3-5,0.259659
CAT,18542,QMLE-Trade,2012-3-6,0.334215
CAT,18542,QMLE-Trade,2012-3-7,0.214688
CAT,18542,QMLE-Trade,2012-3-8,0.199556
CAT,18542,QMLE-Trade,2012-3-9,0.191698
CAT,18542,QMLE-Trade,2012-3-12,0.195402
CAT,18542,QMLE-Trade,2012-3-13,0.228499
CAT,18542,QMLE-Trade,2012-3-14,0.197204
CAT,18542,QMLE-Trade,2012-3-15,0.192245
CAT,18542,QMLE-Trade,2012-3-16,0.137464
CAT,18542,QMLE-Trade,2012-3-19,0.156789
CAT,18542,QMLE-Trade,2012-3-20,0.167733
CAT,18542,QMLE-Trade,2012-3-21,0.193786
CAT,18542,QMLE-Trade,2012-3-22,0.21893
CAT,18542,QMLE-Trade,2012-3-23,0.190041
CAT,18542,QMLE-Trade,2012-3-26,0.16496
CAT,18542,QMLE-Trade,2012-3-27,0.164517
CAT,18542,QMLE-Trade,2012-3-28,0.244432
CAT,18542,QMLE-Trade,2012-3-29,0.265828
CAT,18542,QMLE-Trade,2012-3-30,0.216779
CAT,18542,QMLE-Trade,2012-4-2,0.210797
CAT,18542,QMLE-Trade,2012-4-3,0.225464
CAT,18542,QMLE-Trade,2012-4-4,0.219353
CAT,18542,QMLE-Trade,2012-4-5,0.186289
CAT,18542,QMLE-Trade,2012-4-9,0.169339
CAT,18542,QMLE-Trade,2012-4-10,0.25419
CAT,18542,QMLE-Trade,2012-4-11,0.221735
CAT,18542,QMLE-Trade,2012-4-12,0.214792
CAT,18542,QMLE-Trade,2012-4-13,0.235223
CAT,18542,QMLE-Trade,2012-4-16,0.277203
CAT,18542,QMLE-Trade,2012-4-17,0.203761
CAT,18542,QMLE-Trade,2012-4-18,0.20829
CAT,18542,QMLE-Trade,2012-4-19,0.24881
CAT,18542,QMLE-Trade,2012-4-20,0.210895
CAT,18542,QMLE-Trade,2012-4-23,0.223623
CAT,18542,QMLE-Trade,2012-4-24,0.216314
CAT,18542,QMLE-Trade,2012-4-25,0.356734
CAT,18542,QMLE-Trade,2012-4-26,0.224618
CAT,18542,QMLE-Trade,2012-4-27,0.183212
CAT,18542,QMLE-Trade,2012-4-30,0.183044
CAT,18542,QMLE-Trade,2012-5-1,0.196387
CAT,18542,QMLE-Trade,2012-5-2,0.175668
CAT,18542,QMLE-Trade,2012-5-3,0.20472
CAT,18542,QMLE-Trade,2012-5-4,0.213072
CAT,18542,QMLE-Trade,2012-5-7,0.207514
CAT,18542,QMLE-Trade,2012-5-8,0.298943
CAT,18542,QMLE-Trade,2012-5-9,0.304747
CAT,18542,QMLE-Trade,2012-5-10,0.259873
CAT,18542,QMLE-Trade,2012-5-11,0.23538
CAT,18542,QMLE-Trade,2012-5-14,0.198083
CAT,18542,QMLE-Trade,2012-5-15,0.235994
CAT,18542,QMLE-Trade,2012-5-16,0.279212
CAT,18542,QMLE-Trade,2012-5-17,0.336045
CAT,18542,QMLE-Trade,2012-5-18,0.263009
CAT,18542,QMLE-Trade,2012-5-21,0.23909
CAT,18542,QMLE-Trade,2012-5-22,0.26585
CAT,18542,QMLE-Trade,2012-5-23,0.301191
CAT,18542,QMLE-Trade,2012-5-24,0.277546
CAT,18542,QMLE-Trade,2012-5-25,0.254115
CAT,18542,QMLE-Trade,2012-5-29,0.258043
CAT,18542,QMLE-Trade,2012-5-30,0.248137
CAT,18542,QMLE-Trade,2012-5-31,0.336865
CAT,18542,QMLE-Trade,2012-6-1,0.323826
CAT,18542,QMLE-Trade,2012-6-4,0.263622
CAT,18542,QMLE-Trade,2012-6-5,0.27519
CAT,18542,QMLE-Trade,2012-6-6,0.236944
CAT,18542,QMLE-Trade,2012-6-7,0.288157
CAT,18542,QMLE-Trade,2012-6-8,0.239971
CAT,18542,QMLE-Trade,2012-6-11,0.275836
CAT,18542,QMLE-Trade,2012-6-12,0.310659
CAT,18542,QMLE-Trade,2012-6-13,0.277941
CAT,18542,QMLE-Trade,2012-6-14,0.275547
CAT,18542,QMLE-Trade,2012-6-15,0.203723
CAT,18542,QMLE-Trade,2012-6-18,0.232225
CAT,18542,QMLE-Trade,2012-6-19,0.197603
CAT,18542,QMLE-Trade,2012-6-20,0.328102
CAT,18542,QMLE-Trade,2012-6-21,0.237381
CAT,18542,QMLE-Trade,2012-6-22,0.200061
CAT,18542,QMLE-Trade,2012-6-25,0.261001
CAT,18542,QMLE-Trade,2012-6-26,0.227558
CAT,18542,QMLE-Trade,2012-6-27,0.194968
CAT,18542,QMLE-Trade,2012-6-28,0.279565
CAT,18542,QMLE-Trade,2012-6-29,0.201059
CAT,18542,QMLE-Trade,2012-7-2,0.255605
CAT,18542,QMLE-Trade,2012-7-3,0.238764
CAT,18542,QMLE-Trade,2012-7-5,0.246541
CAT,18542,QMLE-Trade,2012-7-6,0.199883
CAT,18542,QMLE-Trade,2012-7-9,0.198006
CAT,18542,QMLE-Trade,2012-7-10,0.314168
CAT,18542,QMLE-Trade,2012-7-11,0.308208
CAT,18542,QMLE-Trade,2012-7-12,0.261632
CAT,18542,QMLE-Trade,2012-7-13,0.198356
CAT,18542,QMLE-Trade,2012-7-16,0.199842
CAT,18542,QMLE-Trade,2012-7-17,0.247489
CAT,18542,QMLE-Trade,2012-7-18,0.271371
CAT,18542,QMLE-Trade,2012-7-19,0.249927
CAT,18542,QMLE-Trade,2012-7-20,0.224997
CAT,18542,QMLE-Trade,2012-7-23,0.309842
CAT,18542,QMLE-Trade,2012-7-24,0.308085
CAT,18542,QMLE-Trade,2012-7-25,0.400921
CAT,18542,QMLE-Trade,2012-7-26,0.289866
CAT,18542,QMLE-Trade,2012-7-27,0.267591
CAT,18542,QMLE-Trade,2012-7-30,0.235372
CAT,18542,QMLE-Trade,2012-7-31,0.225546
CAT,18542,QMLE-Trade,2012-8-1,0.249674
CAT,18542,QMLE-Trade,2012-8-2,0.319401
CAT,18542,QMLE-Trade,2012-8-3,0.204453
CAT,18542,QMLE-Trade,2012-8-6,0.18445
CAT,18542,QMLE-Trade,2012-8-7,0.165158
CAT,18542,QMLE-Trade,2012-8-8,0.20611
CAT,18542,QMLE-Trade,2012-8-9,0.161236
CAT,18542,QMLE-Trade,2012-8-10,0.16698
CAT,18542,QMLE-Trade,2012-8-13,0.170294
CAT,18542,QMLE-Trade,2012-8-14,0.193218
CAT,18542,QMLE-Trade,2012-8-15,0.205652
CAT,18542,QMLE-Trade,2012-8-16,0.159627
CAT,18542,QMLE-Trade,2012-8-17,0.175858
CAT,18542,QMLE-Trade,2012-8-20,0.153919
CAT,18542,QMLE-Trade,2012-8-21,0.180665
CAT,18542,QMLE-Trade,2012-8-22,0.244087
CAT,18542,QMLE-Trade,2012-8-23,0.206796
CAT,18542,QMLE-Trade,2012-8-24,0.197232
CAT,18542,QMLE-Trade,2012-8-27,0.192309
CAT,18542,QMLE-Trade,2012-8-28,0.157514
CAT,18542,QMLE-Trade,2012-8-29,0.18937
CAT,18542,QMLE-Trade,2012-8-30,0.162921
CAT,18542,QMLE-Trade,2012-8-31,0.205396
CAT,18542,QMLE-Trade,2012-9-4,0.202633
CAT,18542,QMLE-Trade,2012-9-5,0.195862
CAT,18542,QMLE-Trade,2012-9-6,0.178955
CAT,18542,QMLE-Trade,2012-9-7,0.214776
CAT,18542,QMLE-Trade,2012-9-10,0.163276
CAT,18542,QMLE-Trade,2012-9-11,0.168866
CAT,18542,QMLE-Trade,2012-9-12,0.180047
CAT,18542,QMLE-Trade,2012-9-13,0.239321
CAT,18542,QMLE-Trade,2012-9-14,0.235074
CAT,18542,QMLE-Trade,2012-9-17,0.199879
CAT,18542,QMLE-Trade,2012-9-18,0.184086
CAT,18542,QMLE-Trade,2012-9-19,0.185527
CAT,18542,QMLE-Trade,2012-9-20,0.190493
CAT,18542,QMLE-Trade,2012-9-21,0.198059
CAT,18542,QMLE-Trade,2012-9-24,0.204247
CAT,18542,QMLE-Trade,2012-9-25,0.27357
CAT,18542,QMLE-Trade,2012-9-26,0.264115
CAT,18542,QMLE-Trade,2012-9-27,0.210968
CAT,18542,QMLE-Trade,2012-9-28,0.210985
CAT,18542,QMLE-Trade,2012-10-1,0.217567
CAT,18542,QMLE-Trade,2012-10-2,0.219493
CAT,18542,QMLE-Trade,2012-10-3,0.180569
CAT,18542,QMLE-Trade,2012-10-4,0.153141
CAT,18542,QMLE-Trade,2012-10-5,0.164678
CAT,18542,QMLE-Trade,2012-10-8,0.161656
CAT,18542,QMLE-Trade,2012-10-9,0.188008
CAT,18542,QMLE-Trade,2012-10-10,0.211418
CAT,18542,QMLE-Trade,2012-10-11,0.236622
CAT,18542,QMLE-Trade,2012-10-12,0.1887
CAT,18542,QMLE-Trade,2012-10-15,0.17538
CAT,18542,QMLE-Trade,2012-10-16,0.13475
CAT,18542,QMLE-Trade,2012-10-17,0.178203
CAT,18542,QMLE-Trade,2012-10-18,0.192989
CAT,18542,QMLE-Trade,2012-10-19,0.189715
CAT,18542,QMLE-Trade,2012-10-22,0.426521
CAT,18542,QMLE-Trade,2012-10-23,0.21768
CAT,18542,QMLE-Trade,2012-10-24,0.191566
CAT,18542,QMLE-Trade,2012-10-25,0.173865
CAT,18542,QMLE-Trade,2012-10-26,0.20494
CAT,18542,QMLE-Trade,2012-10-31,0.20322
CAT,18542,QMLE-Trade,2012-11-1,0.189332
CAT,18542,QMLE-Trade,2012-11-2,0.182501
CAT,18542,QMLE-Trade,2012-11-5,0.176043
CAT,18542,QMLE-Trade,2012-11-6,0.145512
CAT,18542,QMLE-Trade,2012-11-7,0.262996
CAT,18542,QMLE-Trade,2012-11-8,0.238128
CAT,18542,QMLE-Trade,2012-11-9,0.222812
CAT,18542,QMLE-Trade,2012-11-12,0.145239
CAT,18542,QMLE-Trade,2012-11-13,0.176977
CAT,18542,QMLE-Trade,2012-11-14,0.204734
CAT,18542,QMLE-Trade,2012-11-15,0.243947
CAT,18542,QMLE-Trade,2012-11-16,0.242959
CAT,18542,QMLE-Trade,2012-11-19,0.163704
CAT,18542,QMLE-Trade,2012-11-20,0.195259
CAT,18542,QMLE-Trade,2012-11-21,0.163171
CAT,18542,QMLE-Trade,2012-11-23,0.166445
CAT,18542,QMLE-Trade,2012-11-26,0.150598
CAT,18542,QMLE-Trade,2012-11-27,0.149579
CAT,18542,QMLE-Trade,2012-11-28,0.216463
CAT,18542,QMLE-Trade,2012-11-29,0.187023
CAT,18542,QMLE-Trade,2012-11-30,0.135465
CAT,18542,QMLE-Trade,2012-12-3,0.156458
CAT,18542,QMLE-Trade,2012-12-4,0.176407
CAT,18542,QMLE-Trade,2012-12-5,0.187413
CAT,18542,QMLE-Trade,2012-12-6,0.167911
CAT,18542,QMLE-Trade,2012-12-7,0.175724
CAT,18542,QMLE-Trade,2012-12-10,0.129964
CAT,18542,QMLE-Trade,2012-12-11,0.155589
CAT,18542,QMLE-Trade,2012-12-12,0.186391
CAT,18542,QMLE-Trade,2012-12-13,0.185968
CAT,18542,QMLE-Trade,2012-12-14,0.152628
CAT,18542,QMLE-Trade,2012-12-17,0.123487
CAT,18542,QMLE-Trade,2012-12-18,0.133133
CAT,18542,QMLE-Trade,2012-12-19,0.124927
CAT,18542,QMLE-Trade,2012-12-20,0.188678
CAT,18542,QMLE-Trade,2012-12-21,0.269128
CAT,18542,QMLE-Trade,2012-12-24,0.142662
CAT,18542,QMLE-Trade,2012-12-26,0.148939
CAT,18542,QMLE-Trade,2012-12-27,0.194565
CAT,18542,QMLE-Trade,2012-12-28,0.154586
CAT,18542,QMLE-Trade,2012-12-31,0.245423
CAT,18542,QMLE-Trade,2013-1-2,0.177647
CAT,18542,QMLE-Trade,2013-1-3,0.129632
CAT,18542,QMLE-Trade,2013-1-4,0.113765
CAT,18542,QMLE-Trade,2013-1-7,0.103956
CAT,18542,QMLE-Trade,2013-1-8,0.117711
CAT,18542,QMLE-Trade,2013-1-9,0.0969198
CAT,18542,QMLE-Trade,2013-1-10,0.124865
CAT,18542,QMLE-Trade,2013-1-11,0.113853
CAT,18542,QMLE-Trade,2013-1-14,0.110678
CAT,18542,QMLE-Trade,2013-1-15,0.125152
CAT,18542,QMLE-Trade,2013-1-16,0.112924
CAT,18542,QMLE-Trade,2013-1-17,0.137545
CAT,18542,QMLE-Trade,2013-1-18,0.139331
CAT,18542,QMLE-Trade,2013-1-22,0.172169
CAT,18542,QMLE-Trade,2013-1-23,0.111658
CAT,18542,QMLE-Trade,2013-1-24,0.169654
CAT,18542,QMLE-Trade,2013-1-25,0.204966
CAT,18542,QMLE-Trade,2013-1-28,0.308725
CAT,18542,QMLE-Trade,2013-1-29,0.201729
CAT,18542,QMLE-Trade,2013-1-30,0.13037
CAT,18542,QMLE-Trade,2013-1-31,0.117944
CAT,18542,QMLE-Trade,2013-2-1,0.11777
CAT,18542,QMLE-Trade,2013-2-4,0.120607
CAT,18542,QMLE-Trade,2013-2-5,0.123106
CAT,18542,QMLE-Trade,2013-2-6,0.14056
CAT,18542,QMLE-Trade,2013-2-7,0.184684
CAT,18542,QMLE-Trade,2013-2-8,0.142437
CAT,18542,QMLE-Trade,2013-2-11,0.105575
CAT,18542,QMLE-Trade,2013-2-12,0.119496
CAT,18542,QMLE-Trade,2013-2-13,0.153162
CAT,18542,QMLE-Trade,2013-2-14,0.120318
CAT,18542,QMLE-Trade,2013-2-15,0.148739
CAT,18542,QMLE-Trade,2013-2-19,0.128913
CAT,18542,QMLE-Trade,2013-2-20,0.20857
CAT,18542,QMLE-Trade,2013-2-21,0.19574
CAT,18542,QMLE-Trade,2013-2-22,0.16875
CAT,18542,QMLE-Trade,2013-2-25,0.206747
CAT,18542,QMLE-Trade,2013-2-26,0.23859
CAT,18542,QMLE-Trade,2013-2-27,0.187193
CAT,18542,QMLE-Trade,2013-2-28,0.148625
CAT,18542,QMLE-Trade,2013-3-1,0.224615
CAT,18542,QMLE-Trade,2013-3-4,0.182338
CAT,18542,QMLE-Trade,2013-3-5,0.154736
CAT,18542,QMLE-Trade,2013-3-6,0.152856
CAT,18542,QMLE-Trade,2013-3-7,0.148901
CAT,18542,QMLE-Trade,2013-3-8,0.138746
CAT,18542,QMLE-Trade,2013-3-11,0.131362
CAT,18542,QMLE-Trade,2013-3-12,0.162273
CAT,18542,QMLE-Trade,2013-3-13,0.140877
CAT,18542,QMLE-Trade,2013-3-14,0.144032
CAT,18542,QMLE-Trade,2013-3-15,0.12374
CAT,18542,QMLE-Trade,2013-3-18,0.164753
CAT,18542,QMLE-Trade,2013-3-19,0.182601
CAT,18542,QMLE-Trade,2013-3-20,0.212052
CAT,18542,QMLE-Trade,2013-3-21,0.198513
CAT,18542,QMLE-Trade,2013-3-22,0.130156
CAT,18542,QMLE-Trade,2013-3-25,0.182305
CAT,18542,QMLE-Trade,2013-3-26,0.124402
CAT,18542,QMLE-Trade,2013-3-27,0.1595
CAT,18542,QMLE-Trade,2013-3-28,0.179993
CAT,18542,QMLE-Trade,2013-4-1,0.122081
CAT,18542,QMLE-Trade,2013-4-2,0.113327
CAT,18542,QMLE-Trade,2013-4-3,0.20641
CAT,18542,QMLE-Trade,2013-4-4,0.140737
CAT,18542,QMLE-Trade,2013-4-5,0.173807
CAT,18542,QMLE-Trade,2013-4-8,0.173275
CAT,18542,QMLE-Trade,2013-4-9,0.166776
CAT,18542,QMLE-Trade,2013-4-10,0.148598
CAT,18542,QMLE-Trade,2013-4-11,0.151674
CAT,18542,QMLE-Trade,2013-4-12,0.139339
CAT,18542,QMLE-Trade,2013-4-15,0.186587
CAT,18542,QMLE-Trade,2013-4-16,0.16323
CAT,18542,QMLE-Trade,2013-4-17,0.21279
CAT,18542,QMLE-Trade,2013-4-18,0.248412
CAT,18542,QMLE-Trade,2013-4-19,0.193877
CAT,18542,QMLE-Trade,2013-4-22,0.347668
CAT,18542,QMLE-Trade,2013-4-23,0.284582
CAT,18542,QMLE-Trade,2013-4-24,0.153658
CAT,18542,QMLE-Trade,2013-4-25,0.148031
CAT,18542,QMLE-Trade,2013-4-26,0.154055
CAT,18542,QMLE-Trade,2013-4-29,0.178486
CAT,18542,QMLE-Trade,2013-4-30,0.196002
CAT,18542,QMLE-Trade,2013-5-1,0.190342
CAT,18542,QMLE-Trade,2013-5-2,0.122927
CAT,18542,QMLE-Trade,2013-5-3,0.158566
CAT,18542,QMLE-Trade,2013-5-6,0.150862
CAT,18542,QMLE-Trade,2013-5-7,0.139978
CAT,18542,QMLE-Trade,2013-5-8,0.165622
CAT,18542,QMLE-Trade,2013-5-9,0.15428
CAT,18542,QMLE-Trade,2013-5-10,0.197644
CAT,18542,QMLE-Trade,2013-5-13,0.178424
CAT,18542,QMLE-Trade,2013-5-14,0.154752
CAT,18542,QMLE-Trade,2013-5-15,0.134044
CAT,18542,QMLE-Trade,2013-5-16,0.178253
CAT,18542,QMLE-Trade,2013-5-17,0.144553
CAT,18542,QMLE-Trade,2013-5-20,0.151948
CAT,18542,QMLE-Trade,2013-5-21,0.161918
CAT,18542,QMLE-Trade,2013-5-22,0.245398
CAT,18542,QMLE-Trade,2013-5-23,0.17188
CAT,18542,QMLE-Trade,2013-5-24,0.138687
CAT,18542,QMLE-Trade,2013-5-28,0.163817
CAT,18542,QMLE-Trade,2013-5-29,0.163252
CAT,18542,QMLE-Trade,2013-5-30,0.167157
CAT,18542,QMLE-Trade,2013-5-31,0.147599
CAT,18542,QMLE-Trade,2013-6-3,0.14541
CAT,18542,QMLE-Trade,2013-6-4,0.15302
CAT,18542,QMLE-Trade,2013-6-5,0.161041
CAT,18542,QMLE-Trade,2013-6-6,0.180806
CAT,18542,QMLE-Trade,2013-6-7,0.164666
CAT,18542,QMLE-Trade,2013-6-10,0.151509
CAT,18542,QMLE-Trade,2013-6-11,0.182415
CAT,18542,QMLE-Trade,2013-6-12,0.165072
CAT,18542,QMLE-Trade,2013-6-13,0.148137
CAT,18542,QMLE-Trade,2013-6-14,0.155578
CAT,18542,QMLE-Trade,2013-6-17,0.199731
CAT,18542,QMLE-Trade,2013-6-18,0.12871
CAT,18542,QMLE-Trade,2013-6-19,0.201572
CAT,18542,QMLE-Trade,2013-6-20,0.234009
CAT,18542,QMLE-Trade,2013-6-21,0.251078
CAT,18542,QMLE-Trade,2013-6-24,0.239915
CAT,18542,QMLE-Trade,2013-6-25,0.210589
CAT,18542,QMLE-Trade,2013-6-26,0.145393
CAT,18542,QMLE-Trade,2013-6-27,0.157981
CAT,18542,QMLE-Trade,2013-6-28,0.175299
CAT,18542,QMLE-Trade,2013-7-1,0.163211
CAT,18542,QMLE-Trade,2013-7-2,0.148381
CAT,18542,QMLE-Trade,2013-7-3,0.199511
CAT,18542,QMLE-Trade,2013-7-5,0.147071
CAT,18542,QMLE-Trade,2013-7-8,0.121391
CAT,18542,QMLE-Trade,2013-7-9,0.160329
CAT,18542,QMLE-Trade,2013-7-10,0.167109
CAT,18542,QMLE-Trade,2013-7-11,0.143078
CAT,18542,QMLE-Trade,2013-7-12,0.119577
CAT,18542,QMLE-Trade,2013-7-15,0.121886
CAT,18542,QMLE-Trade,2013-7-16,0.127406
CAT,18542,QMLE-Trade,2013-7-17,0.247659
CAT,18542,QMLE-Trade,2013-7-18,0.153068
CAT,18542,QMLE-Trade,2013-7-19,0.146619
CAT,18542,QMLE-Trade,2013-7-22,0.15778
CAT,18542,QMLE-Trade,2013-7-23,0.133443
CAT,18542,QMLE-Trade,2013-7-24,0.270214
CAT,18542,QMLE-Trade,2013-7-25,0.158272
CAT,18542,QMLE-Trade,2013-7-26,0.112373
CAT,18542,QMLE-Trade,2013-7-29,0.169309
CAT,18542,QMLE-Trade,2013-7-30,0.149684
CAT,18542,QMLE-Trade,2013-7-31,0.153074
CAT,18542,QMLE-Trade,2013-8-1,0.142557
CAT,18542,QMLE-Trade,2013-8-2,0.136197
CAT,18542,QMLE-Trade,2013-8-5,0.148235
CAT,18542,QMLE-Trade,2013-8-6,0.148548
CAT,18542,QMLE-Trade,2013-8-7,0.139036
CAT,18542,QMLE-Trade,2013-8-8,0.157407
CAT,18542,QMLE-Trade,2013-8-9,0.16654
CAT,18542,QMLE-Trade,2013-8-12,0.160526
CAT,18542,QMLE-Trade,2013-8-13,0.171361
CAT,18542,QMLE-Trade,2013-8-14,0.189048
CAT,18542,QMLE-Trade,2013-8-15,0.198298
CAT,18542,QMLE-Trade,2013-8-16,0.181841
CAT,18542,QMLE-Trade,2013-8-19,0.171685
CAT,18542,QMLE-Trade,2013-8-20,0.194746
CAT,18542,QMLE-Trade,2013-8-21,0.17571
CAT,18542,QMLE-Trade,2013-8-22,0.178266
CAT,18542,QMLE-Trade,2013-8-23,0.174254
CAT,18542,QMLE-Trade,2013-8-26,0.146225
CAT,18542,QMLE-Trade,2013-8-27,0.168517
CAT,18542,QMLE-Trade,2013-8-28,0.184992
CAT,18542,QMLE-Trade,2013-8-29,0.185769
CAT,18542,QMLE-Trade,2013-8-30,0.160897
CAT,18542,QMLE-Trade,2013-9-3,0.172723
CAT,18542,QMLE-Trade,2013-9-4,0.140941
CAT,18542,QMLE-Trade,2013-9-5,0.139267
CAT,18542,QMLE-Trade,2013-9-6,0.177229
CAT,18542,QMLE-Trade,2013-9-9,0.194966
CAT,18542,QMLE-Trade,2013-9-10,0.166183
CAT,18542,QMLE-Trade,2013-9-11,0.125964
CAT,18542,QMLE-Trade,2013-9-12,0.125051
CAT,18542,QMLE-Trade,2013-9-13,0.135971
CAT,18542,QMLE-Trade,2013-9-16,0.15125
CAT,18542,QMLE-Trade,2013-9-17,0.161293
CAT,18542,QMLE-Trade,2013-9-18,0.173361
CAT,18542,QMLE-Trade,2013-9-19,0.142689
CAT,18542,QMLE-Trade,2013-9-20,0.198858
CAT,18542,QMLE-Trade,2013-9-23,0.16252
CAT,18542,QMLE-Trade,2013-9-24,0.151881
CAT,18542,QMLE-Trade,2013-9-25,0.151445
CAT,18542,QMLE-Trade,2013-9-26,0.135978
CAT,18542,QMLE-Trade,2013-9-27,0.12519
CAT,18542,QMLE-Trade,2013-9-30,0.126197
CAT,18542,QMLE-Trade,2013-10-1,0.136064
CAT,18542,QMLE-Trade,2013-10-2,0.155591
CAT,18542,QMLE-Trade,2013-10-3,0.133527
CAT,18542,QMLE-Trade,2013-10-4,0.117822
CAT,18542,QMLE-Trade,2013-10-7,0.137016
CAT,18542,QMLE-Trade,2013-10-8,0.138172
CAT,18542,QMLE-Trade,2013-10-9,0.137602
CAT,18542,QMLE-Trade,2013-10-10,0.121877
CAT,18542,QMLE-Trade,2013-10-11,0.120244
CAT,18542,QMLE-Trade,2013-10-14,0.118234
CAT,18542,QMLE-Trade,2013-10-15,0.136339
CAT,18542,QMLE-Trade,2013-10-16,0.122699
CAT,18542,QMLE-Trade,2013-10-17,0.0946137
CAT,18542,QMLE-Trade,2013-10-18,0.137095
CAT,18542,QMLE-Trade,2013-10-21,0.113598
CAT,18542,QMLE-Trade,2013-10-22,0.141288
CAT,18542,QMLE-Trade,2013-10-23,0.253088
CAT,18542,QMLE-Trade,2013-10-24,0.169231
CAT,18542,QMLE-Trade,2013-10-25,0.144799
CAT,18542,QMLE-Trade,2013-10-28,0.129576
CAT,18542,QMLE-Trade,2013-10-29,0.130909
CAT,18542,QMLE-Trade,2013-10-30,0.148464
CAT,18542,QMLE-Trade,2013-10-31,0.142718
CAT,18542,QMLE-Trade,2013-11-1,0.147748
CAT,18542,QMLE-Trade,2013-11-4,0.0988815
CAT,18542,QMLE-Trade,2013-11-5,0.108937
CAT,18542,QMLE-Trade,2013-11-6,0.0952446
CAT,18542,QMLE-Trade,2013-11-7,0.168627
CAT,18542,QMLE-Trade,2013-11-8,0.134673
CAT,18542,QMLE-Trade,2013-11-11,0.110972
CAT,18542,QMLE-Trade,2013-11-12,0.0973267
CAT,18542,QMLE-Trade,2013-11-13,0.114146
CAT,18542,QMLE-Trade,2013-11-14,0.113544
CAT,18542,QMLE-Trade,2013-11-15,0.0967278
CAT,18542,QMLE-Trade,2013-11-18,0.111215
CAT,18542,QMLE-Trade,2013-11-19,0.135487
CAT,18542,QMLE-Trade,2013-11-20,0.177047
CAT,18542,QMLE-Trade,2013-11-21,0.122209
CAT,18542,QMLE-Trade,2013-11-22,0.123265
CAT,18542,QMLE-Trade,2013-11-25,0.136313
CAT,18542,QMLE-Trade,2013-11-26,0.106091
CAT,18542,QMLE-Trade,2013-11-27,0.0837373
CAT,18542,QMLE-Trade,2013-11-29,0.120984
CAT,18542,QMLE-Trade,2013-12-2,0.116753
CAT,18542,QMLE-Trade,2013-12-3,0.11964
CAT,18542,QMLE-Trade,2013-12-4,0.168669
CAT,18542,QMLE-Trade,2013-12-5,0.1297
CAT,18542,QMLE-Trade,2013-12-6,0.137579
CAT,18542,QMLE-Trade,2013-12-9,0.114214
CAT,18542,QMLE-Trade,2013-12-10,0.105958
CAT,18542,QMLE-Trade,2013-12-11,0.141509
CAT,18542,QMLE-Trade,2013-12-12,0.102891
CAT,18542,QMLE-Trade,2013-12-13,0.0983364
CAT,18542,QMLE-Trade,2013-12-16,0.115964
CAT,18542,QMLE-Trade,2013-12-17,0.119452
CAT,18542,QMLE-Trade,2013-12-18,0.166397
CAT,18542,QMLE-Trade,2013-12-19,0.111856
CAT,18542,QMLE-Trade,2013-12-20,0.0998138
CAT,18542,QMLE-Trade,2013-12-23,0.101994
CAT,18542,QMLE-Trade,2013-12-24,0.113761
CAT,18542,QMLE-Trade,2013-12-26,0.112323
CAT,18542,QMLE-Trade,2013-12-27,0.108218
CAT,18542,QMLE-Trade,2013-12-30,0.0965417
CAT,18542,QMLE-Trade,2013-12-31,0.090677
CAT,18542,QMLE-Trade,2014-1-2,0.153679
CAT,18542,QMLE-Trade,2014-1-3,0.110804
CAT,18542,QMLE-Trade,2014-1-6,0.154527
CAT,18542,QMLE-Trade,2014-1-7,0.117801
CAT,18542,QMLE-Trade,2014-1-8,0.150309
CAT,18542,QMLE-Trade,2014-1-9,0.118905
CAT,18542,QMLE-Trade,2014-1-10,0.137586
CAT,18542,QMLE-Trade,2014-1-13,0.133923
CAT,18542,QMLE-Trade,2014-1-14,0.129774
CAT,18542,QMLE-Trade,2014-1-15,0.16687
CAT,18542,QMLE-Trade,2014-1-16,0.13606
CAT,18542,QMLE-Trade,2014-1-17,0.129747
CAT,18542,QMLE-Trade,2014-1-21,0.151965
CAT,18542,QMLE-Trade,2014-1-22,0.151182
CAT,18542,QMLE-Trade,2014-1-23,0.153308
CAT,18542,QMLE-Trade,2014-1-24,0.21422
CAT,18542,QMLE-Trade,2014-1-27,0.412925
CAT,18542,QMLE-Trade,2014-1-28,0.158994
CAT,18542,QMLE-Trade,2014-1-29,0.213865
CAT,18542,QMLE-Trade,2014-1-30,0.177044
CAT,18542,QMLE-Trade,2014-1-31,0.185567
CAT,18542,QMLE-Trade,2014-2-3,0.217247
CAT,18542,QMLE-Trade,2014-2-4,0.189521
CAT,18542,QMLE-Trade,2014-2-5,0.209639
CAT,18542,QMLE-Trade,2014-2-6,0.188148
CAT,18542,QMLE-Trade,2014-2-7,0.156272
CAT,18542,QMLE-Trade,2014-2-10,0.165953
CAT,18542,QMLE-Trade,2014-2-11,0.143432
CAT,18542,QMLE-Trade,2014-2-12,0.167976
CAT,18542,QMLE-Trade,2014-2-13,0.126697
CAT,18542,QMLE-Trade,2014-2-14,0.122391
CAT,18542,QMLE-Trade,2014-2-18,0.129222
CAT,18542,QMLE-Trade,2014-2-19,0.148402
CAT,18542,QMLE-Trade,2014-2-20,0.204076
CAT,18542,QMLE-Trade,2014-2-21,0.155365
CAT,18542,QMLE-Trade,2014-2-24,0.128014
CAT,18542,QMLE-Trade,2014-2-25,0.16504
CAT,18542,QMLE-Trade,2014-2-26,0.149698
CAT,18542,QMLE-Trade,2014-2-27,0.150014
CAT,18542,QMLE-Trade,2014-2-28,0.165985
CAT,18542,QMLE-Trade,2014-3-3,0.183368
CAT,18542,QMLE-Trade,2014-3-4,0.131172
CAT,18542,QMLE-Trade,2014-3-5,0.148605
CAT,18542,QMLE-Trade,2014-3-6,0.147045
CAT,18542,QMLE-Trade,2014-3-7,0.144055
CAT,18542,QMLE-Trade,2014-3-10,0.134836
CAT,18542,QMLE-Trade,2014-3-11,0.152146
CAT,18542,QMLE-Trade,2014-3-12,0.148645
CAT,18542,QMLE-Trade,2014-3-13,0.171126
CAT,18542,QMLE-Trade,2014-3-14,0.175561
CAT,18542,QMLE-Trade,2014-3-17,0.139919
CAT,18542,QMLE-Trade,2014-3-18,0.110617
CAT,18542,QMLE-Trade,2014-3-19,0.152592
CAT,18542,QMLE-Trade,2014-3-20,0.152552
CAT,18542,QMLE-Trade,2014-3-21,0.116929
CAT,18542,QMLE-Trade,2014-3-24,0.150962
CAT,18542,QMLE-Trade,2014-3-25,0.167039
CAT,18542,QMLE-Trade,2014-3-26,0.160315
CAT,18542,QMLE-Trade,2014-3-27,0.158931
CAT,18542,QMLE-Trade,2014-3-28,0.115961
CAT,18542,QMLE-Trade,2014-3-31,0.201581
CAT,18542,QMLE-Trade,2014-4-1,0.139076
CAT,18542,QMLE-Trade,2014-4-2,0.16107
CAT,18542,QMLE-Trade,2014-4-3,0.175855
CAT,18542,QMLE-Trade,2014-4-4,0.125634
CAT,18542,QMLE-Trade,2014-4-7,0.141691
CAT,18542,QMLE-Trade,2014-4-8,0.184809
CAT,18542,QMLE-Trade,2014-4-9,0.154557
CAT,18542,QMLE-Trade,2014-4-10,0.172109
CAT,18542,QMLE-Trade,2014-4-11,0.197173
CAT,18542,QMLE-Trade,2014-4-14,0.18108
CAT,18542,QMLE-Trade,2014-4-15,0.199331
CAT,18542,QMLE-Trade,2014-4-16,0.147566
CAT,18542,QMLE-Trade,2014-4-17,0.110146
CAT,18542,QMLE-Trade,2014-4-21,0.152967
CAT,18542,QMLE-Trade,2014-4-22,0.122194
CAT,18542,QMLE-Trade,2014-4-23,0.185172
CAT,18542,QMLE-Trade,2014-4-24,0.283853
CAT,18542,QMLE-Trade,2014-4-25,0.177458
CAT,18542,QMLE-Trade,2014-4-28,0.164886
CAT,18542,QMLE-Trade,2014-4-29,0.141714
CAT,18542,QMLE-Trade,2014-4-30,0.157577
CAT,18542,QMLE-Trade,2014-5-1,0.134107
CAT,18542,QMLE-Trade,2014-5-2,0.120604
CAT,18542,QMLE-Trade,2014-5-5,0.143069
CAT,18542,QMLE-Trade,2014-5-6,0.11868
CAT,18542,QMLE-Trade,2014-5-7,0.137968
CAT,18542,QMLE-Trade,2014-5-8,0.12041
CAT,18542,QMLE-Trade,2014-5-9,0.124609
CAT,18542,QMLE-Trade,2014-5-12,0.107283
CAT,18542,QMLE-Trade,2014-5-13,0.10677
CAT,18542,QMLE-Trade,2014-5-14,0.114794
CAT,18542,QMLE-Trade,2014-5-15,0.14811
CAT,18542,QMLE-Trade,2014-5-16,0.136028
CAT,18542,QMLE-Trade,2014-5-19,0.123778
CAT,18542,QMLE-Trade,2014-5-20,0.204806
CAT,18542,QMLE-Trade,2014-5-21,0.162338
CAT,18542,QMLE-Trade,2014-5-22,0.13233
CAT,18542,QMLE-Trade,2014-5-23,0.102762
CAT,18542,QMLE-Trade,2014-5-27,0.102425
CAT,18542,QMLE-Trade,2014-5-28,0.123056
CAT,18542,QMLE-Trade,2014-5-29,0.12626
CAT,18542,QMLE-Trade,2014-5-30,0.117492
CAT,18542,QMLE-Trade,2014-6-2,0.120426
CAT,18542,QMLE-Trade,2014-6-3,0.12445
CAT,18542,QMLE-Trade,2014-6-4,0.109528
CAT,18542,QMLE-Trade,2014-6-5,0.144727
CAT,18542,QMLE-Trade,2014-6-6,0.095461
CAT,18542,QMLE-Trade,2014-6-9,0.126474
CAT,18542,QMLE-Trade,2014-6-10,0.101683
CAT,18542,QMLE-Trade,2014-6-11,0.0908865
CAT,18542,QMLE-Trade,2014-6-12,0.143068
CAT,18542,QMLE-Trade,2014-6-13,0.13462
CAT,18542,QMLE-Trade,2014-6-16,0.128103
CAT,18542,QMLE-Trade,2014-6-17,0.119883
CAT,18542,QMLE-Trade,2014-6-18,0.136151
CAT,18542,QMLE-Trade,2014-6-19,0.111643
CAT,18542,QMLE-Trade,2014-6-20,0.105887
CAT,18542,QMLE-Trade,2014-6-23,0.113956
CAT,18542,QMLE-Trade,2014-6-24,0.151796
CAT,18542,QMLE-Trade,2014-6-25,0.130073
CAT,18542,QMLE-Trade,2014-6-26,0.134771
CAT,18542,QMLE-Trade,2014-6-27,0.140663
CAT,18542,QMLE-Trade,2014-6-30,0.145742
CAT,18542,QMLE-Trade,2014-7-1,0.12086
CAT,18542,QMLE-Trade,2014-7-2,0.112998
CAT,18542,QMLE-Trade,2014-7-3,0.148026
CAT,18542,QMLE-Trade,2014-7-7,0.13402
CAT,18542,QMLE-Trade,2014-7-8,0.129146
CAT,18542,QMLE-Trade,2014-7-9,0.100911
CAT,18542,QMLE-Trade,2014-7-10,0.132164
CAT,18542,QMLE-Trade,2014-7-11,0.122148
CAT,18542,QMLE-Trade,2014-7-14,0.11055
CAT,18542,QMLE-Trade,2014-7-15,0.12414
CAT,18542,QMLE-Trade,2014-7-16,0.123499
CAT,18542,QMLE-Trade,2014-7-17,0.131975
CAT,18542,QMLE-Trade,2014-7-18,0.11172
CAT,18542,QMLE-Trade,2014-7-21,0.127446
CAT,18542,QMLE-Trade,2014-7-22,0.127939
CAT,18542,QMLE-Trade,2014-7-23,0.173315
CAT,18542,QMLE-Trade,2014-7-24,0.258988
CAT,18542,QMLE-Trade,2014-7-25,0.114675
CAT,18542,QMLE-Trade,2014-7-28,0.160948
CAT,18542,QMLE-Trade,2014-7-29,0.160164
CAT,18542,QMLE-Trade,2014-7-30,0.177961
CAT,18542,QMLE-Trade,2014-7-31,0.190851
CAT,18542,QMLE-Trade,2014-8-1,0.220367
CAT,18542,QMLE-Trade,2014-8-4,0.155771
CAT,18542,QMLE-Trade,2014-8-5,0.189463
CAT,18542,QMLE-Trade,2014-8-6,0.122027
CAT,18542,QMLE-Trade,2014-8-7,0.178533
CAT,18542,QMLE-Trade,2014-8-8,0.130328
CAT,18542,QMLE-Trade,2014-8-11,0.138924
CAT,18542,QMLE-Trade,2014-8-12,0.134439
CAT,18542,QMLE-Trade,2014-8-13,0.118096
CAT,18542,QMLE-Trade,2014-8-14,0.104133
CAT,18542,QMLE-Trade,2014-8-15,0.151695
CAT,18542,QMLE-Trade,2014-8-18,0.0919562
CAT,18542,QMLE-Trade,2014-8-19,0.103732
CAT,18542,QMLE-Trade,2014-8-20,0.12375
CAT,18542,QMLE-Trade,2014-8-21,0.110496
CAT,18542,QMLE-Trade,2014-8-22,0.141799
CAT,18542,QMLE-Trade,2014-8-25,0.107122
CAT,18542,QMLE-Trade,2014-8-26,0.0798829
CAT,18542,QMLE-Trade,2014-8-27,0.085806
CAT,18542,QMLE-Trade,2014-8-28,0.0990361
CAT,18542,QMLE-Trade,2014-8-29,0.090655
CAT,18542,QMLE-Trade,2014-9-2,0.0992732
CAT,18542,QMLE-Trade,2014-9-3,0.128869
CAT,18542,QMLE-Trade,2014-9-4,0.115787
CAT,18542,QMLE-Trade,2014-9-5,0.122386
CAT,18542,QMLE-Trade,2014-9-8,0.130261
CAT,18542,QMLE-Trade,2014-9-9,0.125124
CAT,18542,QMLE-Trade,2014-9-10,0.145614
CAT,18542,QMLE-Trade,2014-9-11,0.131662
CAT,18542,QMLE-Trade,2014-9-12,0.126891
CAT,18542,QMLE-Trade,2014-9-15,0.136623
CAT,18542,QMLE-Trade,2014-9-16,0.155712
CAT,18542,QMLE-Trade,2014-9-17,0.134666
CAT,18542,QMLE-Trade,2014-9-18,0.118348
CAT,18542,QMLE-Trade,2014-9-19,0.171031
CAT,18542,QMLE-Trade,2014-9-22,0.121903
CAT,18542,QMLE-Trade,2014-9-23,0.146223
CAT,18542,QMLE-Trade,2014-9-24,0.123275
CAT,18542,QMLE-Trade,2014-9-25,0.152101
CAT,18542,QMLE-Trade,2014-9-26,0.129652
CAT,18542,QMLE-Trade,2014-9-29,0.154207
CAT,18542,QMLE-Trade,2014-9-30,0.144078
CAT,18542,QMLE-Trade,2014-10-1,0.164836
CAT,18542,QMLE-Trade,2014-10-2,0.167855
CAT,18542,QMLE-Trade,2014-10-3,0.143838
CAT,18542,QMLE-Trade,2014-10-6,0.145748
CAT,18542,QMLE-Trade,2014-10-7,0.167
CAT,18542,QMLE-Trade,2014-10-8,0.197767
CAT,18542,QMLE-Trade,2014-10-9,0.252459
CAT,18542,QMLE-Trade,2014-10-10,0.291064
CAT,18542,QMLE-Trade,2014-10-13,0.262866
CAT,18542,QMLE-Trade,2014-10-14,0.272172
CAT,18542,QMLE-Trade,2014-10-15,0.395304
CAT,18542,QMLE-Trade,2014-10-16,0.380095
CAT,18542,QMLE-Trade,2014-10-17,0.221658
CAT,18542,QMLE-Trade,2014-10-20,0.224733
CAT,18542,QMLE-Trade,2014-10-21,0.171859
CAT,18542,QMLE-Trade,2014-10-22,0.194974
CAT,18542,QMLE-Trade,2014-10-23,0.339003
CAT,18542,QMLE-Trade,2014-10-24,0.195151
CAT,18542,QMLE-Trade,2014-10-27,0.184145
CAT,18542,QMLE-Trade,2014-10-28,0.185137
CAT,18542,QMLE-Trade,2014-10-29,0.188584
CAT,18542,QMLE-Trade,2014-10-30,0.192818
CAT,18542,QMLE-Trade,2014-10-31,0.18605
CAT,18542,QMLE-Trade,2014-11-3,0.164006
CAT,18542,QMLE-Trade,2014-11-4,0.185437
CAT,18542,QMLE-Trade,2014-11-5,0.163611
CAT,18542,QMLE-Trade,2014-11-6,0.157452
CAT,18542,QMLE-Trade,2014-11-7,0.13544
CAT,18542,QMLE-Trade,2014-11-10,0.134958
CAT,18542,QMLE-Trade,2014-11-11,0.128238
CAT,18542,QMLE-Trade,2014-11-12,0.141932
CAT,18542,QMLE-Trade,2014-11-13,0.179989
CAT,18542,QMLE-Trade,2014-11-14,0.151182
CAT,18542,QMLE-Trade,2014-11-17,0.118437
CAT,18542,QMLE-Trade,2014-11-18,0.127125
CAT,18542,QMLE-Trade,2014-11-19,0.162199
CAT,18542,QMLE-Trade,2014-11-20,0.152029
CAT,18542,QMLE-Trade,2014-11-21,0.189066
CAT,18542,QMLE-Trade,2014-11-24,0.129308
CAT,18542,QMLE-Trade,2014-11-25,0.134875
CAT,18542,QMLE-Trade,2014-11-26,0.12033
CAT,18542,QMLE-Trade,2014-11-28,0.308166
CAT,18542,QMLE-Trade,2014-12-1,0.22321
CAT,18542,QMLE-Trade,2014-12-2,0.195657
CAT,18542,QMLE-Trade,2014-12-3,0.169309
CAT,18542,QMLE-Trade,2014-12-4,0.164098
CAT,18542,QMLE-Trade,2014-12-5,0.139836
CAT,18542,QMLE-Trade,2014-12-8,0.176953
CAT,18542,QMLE-Trade,2014-12-9,0.241645
CAT,18542,QMLE-Trade,2014-12-10,0.218573
CAT,18542,QMLE-Trade,2014-12-11,0.212138
CAT,18542,QMLE-Trade,2014-12-12,0.226467
CAT,18542,QMLE-Trade,2014-12-15,0.21664
CAT,18542,QMLE-Trade,2014-12-16,0.283393
CAT,18542,QMLE-Trade,2014-12-17,0.282181
CAT,18542,QMLE-Trade,2014-12-18,0.188029
CAT,18542,QMLE-Trade,2014-12-19,0.156845
CAT,18542,QMLE-Trade,2014-12-22,0.177507
CAT,18542,QMLE-Trade,2014-12-23,0.169092
CAT,18542,QMLE-Trade,2014-12-24,0.145117
CAT,18542,QMLE-Trade,2014-12-26,0.109966
CAT,18542,QMLE-Trade,2014-12-29,0.0928522
CAT,18542,QMLE-Trade,2014-12-30,0.106594
CAT,18542,QMLE-Trade,2014-12-31,0.181169
CAT,18542,QMLE-Trade,2015-1-2,0.201861
CAT,18542,QMLE-Trade,2015-1-5,0.216823
CAT,18542,QMLE-Trade,2015-1-6,0.24343
CAT,18542,QMLE-Trade,2015-1-7,0.221066
CAT,18542,QMLE-Trade,2015-1-8,0.157545
CAT,18542,QMLE-Trade,2015-1-9,0.172883
CAT,18542,QMLE-Trade,2015-1-12,0.181715
CAT,18542,QMLE-Trade,2015-1-13,0.187399
CAT,18542,QMLE-Trade,2015-1-14,0.227311
CAT,18542,QMLE-Trade,2015-1-15,0.241435
CAT,18542,QMLE-Trade,2015-1-16,0.183818
CAT,18542,QMLE-Trade,2015-1-20,0.182757
CAT,18542,QMLE-Trade,2015-1-21,0.172782
CAT,18542,QMLE-Trade,2015-1-22,0.209762
CAT,18542,QMLE-Trade,2015-1-23,0.195354
CAT,18542,QMLE-Trade,2015-1-26,0.170255
CAT,18542,QMLE-Trade,2015-1-27,0.383698
CAT,18542,QMLE-Trade,2015-1-28,0.222889
CAT,18542,QMLE-Trade,2015-1-29,0.227435
CAT,18542,QMLE-Trade,2015-1-30,0.212527
CAT,18542,QMLE-Trade,2015-2-2,0.240947
CAT,18542,QMLE-Trade,2015-2-3,0.2349
CAT,18542,QMLE-Trade,2015-2-4,0.253754
CAT,18542,QMLE-Trade,2015-2-5,0.214428
CAT,18542,QMLE-Trade,2015-2-6,0.198855
CAT,18542,QMLE-Trade,2015-2-9,0.165617
CAT,18542,QMLE-Trade,2015-2-10,0.20149
CAT,18542,QMLE-Trade,2015-2-11,0.184161
CAT,18542,QMLE-Trade,2015-2-12,0.181506
CAT,18542,QMLE-Trade,2015-2-13,0.162385
CAT,18542,QMLE-Trade,2015-2-17,0.149336
CAT,18542,QMLE-Trade,2015-2-18,0.181195
CAT,18542,QMLE-Trade,2015-2-19,0.199581
CAT,18542,QMLE-Trade,2015-2-20,0.187481
CAT,18542,QMLE-Trade,2015-2-23,0.156087
CAT,18542,QMLE-Trade,2015-2-24,0.156304
CAT,18542,QMLE-Trade,2015-2-25,0.127943
CAT,18542,QMLE-Trade,2015-2-26,0.194007
CAT,18542,QMLE-Trade,2015-2-27,0.147628
CAT,18542,QMLE-Trade,2015-3-2,0.16179
CAT,18542,QMLE-Trade,2015-3-3,0.137992
CAT,18542,QMLE-Trade,2015-3-4,0.152786
CAT,18542,QMLE-Trade,2015-3-5,0.163106
CAT,18542,QMLE-Trade,2015-3-6,0.155011
CAT,18542,QMLE-Trade,2015-3-9,0.136769
CAT,18542,QMLE-Trade,2015-3-10,0.163773
CAT,18542,QMLE-Trade,2015-3-11,0.137097
CAT,18542,QMLE-Trade,2015-3-12,0.119548
CAT,18542,QMLE-Trade,2015-3-13,0.164972
CAT,18542,QMLE-Trade,2015-3-16,0.146455
CAT,18542,QMLE-Trade,2015-3-17,0.146579
CAT,18542,QMLE-Trade,2015-3-18,0.204259
CAT,18542,QMLE-Trade,2015-3-19,0.156217
CAT,18542,QMLE-Trade,2015-3-20,0.136508
CAT,18542,QMLE-Trade,2015-3-23,0.145735
CAT,18542,QMLE-Trade,2015-3-24,0.188364
CAT,18542,QMLE-Trade,2015-3-25,0.141298
CAT,18542,QMLE-Trade,2015-3-26,0.174191
CAT,18542,QMLE-Trade,2015-3-27,0.123258
CAT,18542,QMLE-Trade,2015-3-30,0.143973
CAT,18542,QMLE-Trade,2015-3-31,0.171661
CAT,18542,QMLE-Trade,2015-4-1,0.150512
CAT,18542,QMLE-Trade,2015-4-2,0.142544
CAT,18542,QMLE-Trade,2015-4-6,0.146862
CAT,18542,QMLE-Trade,2015-4-7,0.157464
CAT,18542,QMLE-Trade,2015-4-8,0.191302
CAT,18542,QMLE-Trade,2015-4-9,0.18275
CAT,18542,QMLE-Trade,2015-4-10,0.153321
CAT,18542,QMLE-Trade,2015-4-13,0.150519
CAT,18542,QMLE-Trade,2015-4-14,0.145128
CAT,18542,QMLE-Trade,2015-4-15,0.163936
CAT,18542,QMLE-Trade,2015-4-16,0.196346
CAT,18542,QMLE-Trade,2015-4-17,0.19669
CAT,18542,QMLE-Trade,2015-4-20,0.165661
CAT,18542,QMLE-Trade,2015-4-21,0.152827
CAT,18542,QMLE-Trade,2015-4-22,0.184567
CAT,18542,QMLE-Trade,2015-4-23,0.331943
CAT,18542,QMLE-Trade,2015-4-24,0.178869
CAT,18542,QMLE-Trade,2015-4-27,0.158804
CAT,18542,QMLE-Trade,2015-4-28,0.162297
CAT,18542,QMLE-Trade,2015-4-29,0.198401
CAT,18542,QMLE-Trade,2015-4-30,0.169155
CAT,18542,QMLE-Trade,2015-5-1,0.138827
CAT,18542,QMLE-Trade,2015-5-4,0.112686
CAT,18542,QMLE-Trade,2015-5-5,0.151421
CAT,18542,QMLE-Trade,2015-5-6,0.158524
CAT,18542,QMLE-Trade,2015-5-7,0.159444
CAT,18542,QMLE-Trade,2015-5-8,0.152519
CAT,18542,QMLE-Trade,2015-5-11,0.156839
CAT,18542,QMLE-Trade,2015-5-12,0.184504
CAT,18542,QMLE-Trade,2015-5-13,0.138345
CAT,18542,QMLE-Trade,2015-5-14,0.125697
CAT,18542,QMLE-Trade,2015-5-15,0.136451
CAT,18542,QMLE-Trade,2015-5-18,0.11891
CAT,18542,QMLE-Trade,2015-5-19,0.167689
CAT,18542,QMLE-Trade,2015-5-20,0.150097
CAT,18542,QMLE-Trade,2015-5-21,0.1613
CAT,18542,QMLE-Trade,2015-5-22,0.125183
CAT,18542,QMLE-Trade,2015-5-26,0.133287
CAT,18542,QMLE-Trade,2015-5-27,0.147686
CAT,18542,QMLE-Trade,2015-5-28,0.166198
CAT,18542,QMLE-Trade,2015-5-29,0.161061
CAT,18542,QMLE-Trade,2015-6-1,0.172011
CAT,18542,QMLE-Trade,2015-6-2,0.158873
CAT,18542,QMLE-Trade,2015-6-3,0.18827
CAT,18542,QMLE-Trade,2015-6-4,0.163836
CAT,18542,QMLE-Trade,2015-6-5,0.146577
CAT,18542,QMLE-Trade,2015-6-8,0.115809
CAT,18542,QMLE-Trade,2015-6-9,0.152562
CAT,18542,QMLE-Trade,2015-6-10,0.126775
CAT,18542,QMLE-Trade,2015-6-11,0.115154
CAT,18542,QMLE-Trade,2015-6-12,0.130018
CAT,18542,QMLE-Trade,2015-6-15,0.135065
CAT,18542,QMLE-Trade,2015-6-16,0.136048
CAT,18542,QMLE-Trade,2015-6-17,0.129209
CAT,18542,QMLE-Trade,2015-6-18,0.147822
CAT,18542,QMLE-Trade,2015-6-19,0.126696
CAT,18542,QMLE-Trade,2015-6-22,0.106076
CAT,18542,QMLE-Trade,2015-6-23,0.11201
CAT,18542,QMLE-Trade,2015-6-24,0.182807
CAT,18542,QMLE-Trade,2015-6-25,0.115417
CAT,18542,QMLE-Trade,2015-6-26,0.1543
CAT,18542,QMLE-Trade,2015-6-29,0.15915
CAT,18542,QMLE-Trade,2015-6-30,0.196248
CAT,18542,QMLE-Trade,2015-7-1,0.160228
CAT,18542,QMLE-Trade,2015-7-2,0.162032
CAT,18542,QMLE-Trade,2015-7-6,0.152993
CAT,18542,QMLE-Trade,2015-7-7,0.187829
CAT,18542,QMLE-Trade,2015-7-8,0.190624
CAT,18542,QMLE-Trade,2015-7-9,0.158131
CAT,18542,QMLE-Trade,2015-7-10,0.148933
CAT,18542,QMLE-Trade,2015-7-13,0.121142
CAT,18542,QMLE-Trade,2015-7-14,0.109635
CAT,18542,QMLE-Trade,2015-7-15,0.127847
CAT,18542,QMLE-Trade,2015-7-16,0.136237
CAT,18542,QMLE-Trade,2015-7-17,0.0945606
CAT,18542,QMLE-Trade,2015-7-20,0.111648
CAT,18542,QMLE-Trade,2015-7-21,0.183823
CAT,18542,QMLE-Trade,2015-7-22,0.194841
CAT,18542,QMLE-Trade,2015-7-23,0.332594
CAT,18542,QMLE-Trade,2015-7-24,0.207045
CAT,18542,QMLE-Trade,2015-7-27,0.153621
CAT,18542,QMLE-Trade,2015-7-28,0.248806
CAT,18542,QMLE-Trade,2015-7-29,0.217167
CAT,18542,QMLE-Trade,2015-7-30,0.164425
CAT,18542,QMLE-Trade,2015-7-31,0.146054
CAT,18542,QMLE-Trade,2015-8-3,0.181318
CAT,18542,QMLE-Trade,2015-8-4,0.178064
CAT,18542,QMLE-Trade,2015-8-5,0.175042
CAT,18542,QMLE-Trade,2015-8-6,0.183952
CAT,18542,QMLE-Trade,2015-8-7,0.19553
CAT,18542,QMLE-Trade,2015-8-10,0.206704
CAT,18542,QMLE-Trade,2015-8-11,0.234648
CAT,18542,QMLE-Trade,2015-8-12,0.235187
CAT,18542,QMLE-Trade,2015-8-13,0.188696
CAT,18542,QMLE-Trade,2015-8-14,0.164124
CAT,18542,QMLE-Trade,2015-8-17,0.141092
CAT,18542,QMLE-Trade,2015-8-18,0.144373
CAT,18542,QMLE-Trade,2015-8-19,0.205611
CAT,18542,QMLE-Trade,2015-8-20,0.216021
CAT,18542,QMLE-Trade,2015-8-21,0.240978
CAT,18542,QMLE-Trade,2015-8-24,0.619561
CAT,18542,QMLE-Trade,2015-8-25,0.340683
CAT,18542,QMLE-Trade,2015-8-26,0.313408
CAT,18542,QMLE-Trade,2015-8-27,0.250894
CAT,18542,QMLE-Trade,2015-8-28,0.228984
CAT,18542,QMLE-Trade,2015-8-31,0.204284
CAT,18542,QMLE-Trade,2015-9-1,0.295002
CAT,18542,QMLE-Trade,2015-9-2,0.251603
CAT,18542,QMLE-Trade,2015-9-3,0.306123
CAT,18542,QMLE-Trade,2015-9-4,0.25504
CAT,18542,QMLE-Trade,2015-9-8,0.164008
CAT,18542,QMLE-Trade,2015-9-9,0.201957
CAT,18542,QMLE-Trade,2015-9-10,0.208698
CAT,18542,QMLE-Trade,2015-9-11,0.177845
CAT,18542,QMLE-Trade,2015-9-14,0.135971
CAT,18542,QMLE-Trade,2015-9-15,0.191713
CAT,18542,QMLE-Trade,2015-9-16,0.16419
CAT,18542,QMLE-Trade,2015-9-17,0.27019
CAT,18542,QMLE-Trade,2015-9-18,0.182745
CAT,18542,QMLE-Trade,2015-9-21,0.167325
CAT,18542,QMLE-Trade,2015-9-22,0.19532
CAT,18542,QMLE-Trade,2015-9-23,0.160758
CAT,18542,QMLE-Trade,2015-9-24,0.428351
CAT,18542,QMLE-Trade,2015-9-25,0.243157
CAT,18542,QMLE-Trade,2015-9-28,0.187952
CAT,18542,QMLE-Trade,2015-9-29,0.246433
CAT,18542,QMLE-Trade,2015-9-30,0.219537
CAT,18542,QMLE-Trade,2015-10-1,0.261596
CAT,18542,QMLE-Trade,2015-10-2,0.217673
CAT,18542,QMLE-Trade,2015-10-5,0.258913
CAT,18542,QMLE-Trade,2015-10-6,0.29477
CAT,18542,QMLE-Trade,2015-10-7,0.337642
CAT,18542,QMLE-Trade,2015-10-8,0.241996
CAT,18542,QMLE-Trade,2015-10-9,0.249399
CAT,18542,QMLE-Trade,2015-10-12,0.222244
CAT,18542,QMLE-Trade,2015-10-13,0.239377
CAT,18542,QMLE-Trade,2015-10-14,0.207737
CAT,18542,QMLE-Trade,2015-10-15,0.22731
CAT,18542,QMLE-Trade,2015-10-16,0.224286
CAT,18542,QMLE-Trade,2015-10-19,0.167996
CAT,18542,QMLE-Trade,2015-10-20,0.267897
CAT,18542,QMLE-Trade,2015-10-21,0.258054
CAT,18542,QMLE-Trade,2015-10-22,0.501818
CAT,18542,QMLE-Trade,2015-10-23,0.337894
CAT,18542,QMLE-Trade,2015-10-26,0.208441
CAT,18542,QMLE-Trade,2015-10-27,0.339049
CAT,18542,QMLE-Trade,2015-10-28,0.302526
CAT,18542,QMLE-Trade,2015-10-29,0.218155
CAT,18542,QMLE-Trade,2015-10-30,0.193003
CAT,18542,QMLE-Trade,2015-11-2,0.193828
CAT,18542,QMLE-Trade,2015-11-3,0.191196
CAT,18542,QMLE-Trade,2015-11-4,0.227904
CAT,18542,QMLE-Trade,2015-11-5,0.229419
CAT,18542,QMLE-Trade,2015-11-6,0.235941
CAT,18542,QMLE-Trade,2015-11-9,0.211084
CAT,18542,QMLE-Trade,2015-11-10,0.199151
CAT,18542,QMLE-Trade,2015-11-11,0.182224
CAT,18542,QMLE-Trade,2015-11-12,0.295568
CAT,18542,QMLE-Trade,2015-11-13,0.258088
CAT,18542,QMLE-Trade,2015-11-16,0.248988
CAT,18542,QMLE-Trade,2015-11-17,0.282189
CAT,18542,QMLE-Trade,2015-11-18,0.203073
CAT,18542,QMLE-Trade,2015-11-19,0.232956
CAT,18542,QMLE-Trade,2015-11-20,0.20214
CAT,18542,QMLE-Trade,2015-11-23,0.202185
CAT,18542,QMLE-Trade,2015-11-24,0.206834
CAT,18542,QMLE-Trade,2015-11-25,0.191083
CAT,18542,QMLE-Trade,2015-11-27,0.204461
CAT,18542,QMLE-Trade,2015-11-30,0.195329
CAT,18542,QMLE-Trade,2015-12-1,0.261138
CAT,18542,QMLE-Trade,2015-12-2,0.20254
CAT,18542,QMLE-Trade,2015-12-3,0.209756
CAT,18542,QMLE-Trade,2015-12-4,0.2071
CAT,18542,QMLE-Trade,2015-12-7,0.196046
CAT,18542,QMLE-Trade,2015-12-8,0.246653
CAT,18542,QMLE-Trade,2015-12-9,0.259909
CAT,18542,QMLE-Trade,2015-12-10,0.211646
CAT,18542,QMLE-Trade,2015-12-11,0.245873
CAT,18542,QMLE-Trade,2015-12-14,0.268874
CAT,18542,QMLE-Trade,2015-12-15,0.210588
CAT,18542,QMLE-Trade,2015-12-16,0.329264
CAT,18542,QMLE-Trade,2015-12-17,0.226971
CAT,18542,QMLE-Trade,2015-12-18,0.286457
CAT,18542,QMLE-Trade,2015-12-21,0.262287
CAT,18542,QMLE-Trade,2015-12-22,0.274175
CAT,18542,QMLE-Trade,2015-12-23,0.228316
CAT,18542,QMLE-Trade,2015-12-24,0.267556
CAT,18542,QMLE-Trade,2015-12-28,0.196917
CAT,18542,QMLE-Trade,2015-12-29,0.166609
CAT,18542,QMLE-Trade,2015-12-30,0.188418
CAT,18542,QMLE-Trade,2015-12-31,0.203671
CAT,18542,QMLE-Trade,2016-1-4,0.326096
CAT,18542,QMLE-Trade,2016-1-5,0.234883
CAT,18542,QMLE-Trade,2016-1-6,0.23842
CAT,18542,QMLE-Trade,2016-1-7,0.27488
CAT,18542,QMLE-Trade,2016-1-8,0.268434
CAT,18542,QMLE-Trade,2016-1-11,0.280043
CAT,18542,QMLE-Trade,2016-1-12,0.308989
CAT,18542,QMLE-Trade,2016-1-13,0.320882
CAT,18542,QMLE-Trade,2016-1-14,0.330473
CAT,18542,QMLE-Trade,2016-1-15,0.309449
CAT,18542,QMLE-Trade,2016-1-19,0.306698
CAT,18542,QMLE-Trade,2016-1-20,0.399866
CAT,18542,QMLE-Trade,2016-1-21,0.416407
CAT,18542,QMLE-Trade,2016-1-22,0.399934
CAT,18542,QMLE-Trade,2016-1-25,0.430434
CAT,18542,QMLE-Trade,2016-1-26,0.301667
CAT,18542,QMLE-Trade,2016-1-27,0.40346
CAT,18542,QMLE-Trade,2016-1-28,0.592158
CAT,18542,QMLE-Trade,2016-1-29,0.329845
CAT,18542,QMLE-Trade,2016-2-1,0.288584
CAT,18542,QMLE-Trade,2016-2-2,0.27518
CAT,18542,QMLE-Trade,2016-2-3,0.356412
CAT,18542,QMLE-Trade,2016-2-4,0.450121
CAT,18542,QMLE-Trade,2016-2-5,0.354251
CAT,18542,QMLE-Trade,2016-2-8,0.302338
CAT,18542,QMLE-Trade,2016-2-9,0.325128
CAT,18542,QMLE-Trade,2016-2-10,0.372099
CAT,18542,QMLE-Trade,2016-2-11,0.409212
CAT,18542,QMLE-Trade,2016-2-12,0.325553
CAT,18542,QMLE-Trade,2016-2-16,0.289454
CAT,18542,QMLE-Trade,2016-2-17,0.263474
CAT,18542,QMLE-Trade,2016-2-18,0.337997
CAT,18542,QMLE-Trade,2016-2-19,0.269654
CAT,18542,QMLE-Trade,2016-2-22,0.251857
CAT,18542,QMLE-Trade,2016-2-23,0.269457
CAT,18542,QMLE-Trade,2016-2-24,0.335551
CAT,18542,QMLE-Trade,2016-2-25,0.247884
CAT,18542,QMLE-Trade,2016-2-26,0.253607
CAT,18542,QMLE-Trade,2016-2-29,0.253783
CAT,18542,QMLE-Trade,2016-3-1,0.254546
CAT,18542,QMLE-Trade,2016-3-2,0.248778
CAT,18542,QMLE-Trade,2016-3-3,0.262768
CAT,18542,QMLE-Trade,2016-3-4,0.318018
CAT,18542,QMLE-Trade,2016-3-7,0.30967
CAT,18542,QMLE-Trade,2016-3-8,0.315143
CAT,18542,QMLE-Trade,2016-3-9,0.306105
CAT,18542,QMLE-Trade,2016-3-10,0.307653
CAT,18542,QMLE-Trade,2016-3-11,0.198906
CAT,18542,QMLE-Trade,2016-3-14,0.221102
CAT,18542,QMLE-Trade,2016-3-15,0.252601
CAT,18542,QMLE-Trade,2016-3-16,0.26821
CAT,18542,QMLE-Trade,2016-3-17,0.330468
CAT,18542,QMLE-Trade,2016-3-18,0.273375
CAT,18542,QMLE-Trade,2016-3-21,0.205704
CAT,18542,QMLE-Trade,2016-3-22,0.193558
CAT,18542,QMLE-Trade,2016-3-23,0.209384
CAT,18542,QMLE-Trade,2016-3-24,0.259919
CAT,18542,QMLE-Trade,2016-3-28,0.205573
CAT,18542,QMLE-Trade,2016-3-29,0.216961
CAT,18542,QMLE-Trade,2016-3-30,0.197038
CAT,18542,QMLE-Trade,2016-3-31,0.180313
CAT,18542,QMLE-Trade,2016-4-1,0.218394
CAT,18542,QMLE-Trade,2016-4-4,0.199056
CAT,18542,QMLE-Trade,2016-4-5,0.228404
CAT,18542,QMLE-Trade,2016-4-6,0.230152
CAT,18542,QMLE-Trade,2016-4-7,0.221799
CAT,18542,QMLE-Trade,2016-4-8,0.198571
CAT,18542,QMLE-Trade,2016-4-11,0.232651
CAT,18542,QMLE-Trade,2016-4-12,0.222737
CAT,18542,QMLE-Trade,2016-4-13,0.209109
CAT,18542,QMLE-Trade,2016-4-14,0.172654
CAT,18542,QMLE-Trade,2016-4-15,0.163781
CAT,18542,QMLE-Trade,2016-4-18,0.198494
CAT,18542,QMLE-Trade,2016-4-19,0.224705
CAT,18542,QMLE-Trade,2016-4-20,0.17937
CAT,18542,QMLE-Trade,2016-4-21,0.21636
CAT,18542,QMLE-Trade,2016-4-22,0.349548
CAT,18542,QMLE-Trade,2016-4-25,0.273463
CAT,18542,QMLE-Trade,2016-4-26,0.180547
CAT,18542,QMLE-Trade,2016-4-27,0.187526
CAT,18542,QMLE-Trade,2016-4-28,0.205786
CAT,18542,QMLE-Trade,2016-4-29,0.230851
CAT,18542,QMLE-Trade,2016-5-2,0.203769
CAT,18542,QMLE-Trade,2016-5-3,0.224817
CAT,18542,QMLE-Trade,2016-5-4,0.272122
CAT,18542,QMLE-Trade,2016-5-5,0.275895
CAT,18542,QMLE-Trade,2016-5-6,0.215956
CAT,18542,QMLE-Trade,2016-5-9,0.216364
CAT,18542,QMLE-Trade,2016-5-10,0.21399
CAT,18542,QMLE-Trade,2016-5-11,0.203031
CAT,18542,QMLE-Trade,2016-5-12,0.251474
CAT,18542,QMLE-Trade,2016-5-13,0.243717
CAT,18542,QMLE-Trade,2016-5-16,0.219783
CAT,18542,QMLE-Trade,2016-5-17,0.240174
CAT,18542,QMLE-Trade,2016-5-18,0.275164
CAT,18542,QMLE-Trade,2016-5-19,0.254233
CAT,18542,QMLE-Trade,2016-5-20,0.229137
CAT,18542,QMLE-Trade,2016-5-23,0.181508
CAT,18542,QMLE-Trade,2016-5-24,0.193993
CAT,18542,QMLE-Trade,2016-5-25,0.179724
CAT,18542,QMLE-Trade,2016-5-26,0.190029
CAT,18542,QMLE-Trade,2016-5-27,0.164892
CAT,18542,QMLE-Trade,2016-5-31,0.157463
CAT,18542,QMLE-Trade,2016-6-1,0.195433
CAT,18542,QMLE-Trade,2016-6-2,0.195829
CAT,18542,QMLE-Trade,2016-6-3,0.183279
CAT,18542,QMLE-Trade,2016-6-6,0.137951
CAT,18542,QMLE-Trade,2016-6-7,0.151907
CAT,18542,QMLE-Trade,2016-6-8,0.164543
CAT,18542,QMLE-Trade,2016-6-9,0.174448
CAT,18542,QMLE-Trade,2016-6-10,0.189538
CAT,18542,QMLE-Trade,2016-6-13,0.194873
CAT,18542,QMLE-Trade,2016-6-14,0.186934
CAT,18542,QMLE-Trade,2016-6-15,0.189817
CAT,18542,QMLE-Trade,2016-6-16,0.205306
CAT,18542,QMLE-Trade,2016-6-17,0.201444
CAT,18542,QMLE-Trade,2016-6-20,0.173
CAT,18542,QMLE-Trade,2016-6-21,0.174314
CAT,18542,QMLE-Trade,2016-6-22,0.144421
CAT,18542,QMLE-Trade,2016-6-23,0.148502
CAT,18542,QMLE-Trade,2016-6-24,0.241957
CAT,18542,QMLE-Trade,2016-6-27,0.265655
CAT,18542,QMLE-Trade,2016-6-28,0.248746
CAT,18542,QMLE-Trade,2016-6-29,0.207978
CAT,18542,QMLE-Trade,2016-6-30,0.216197
CAT,18542,QMLE-Trade,2016-7-1,0.177752
CAT,18542,QMLE-Trade,2016-7-5,0.202229
CAT,18542,QMLE-Trade,2016-7-6,0.222653
CAT,18542,QMLE-Trade,2016-7-7,0.202772
CAT,18542,QMLE-Trade,2016-7-8,0.182722
CAT,18542,QMLE-Trade,2016-7-11,0.165553
CAT,18542,QMLE-Trade,2016-7-12,0.150605
CAT,18542,QMLE-Trade,2016-7-13,0.175099
CAT,18542,QMLE-Trade,2016-7-14,0.164595
CAT,18542,QMLE-Trade,2016-7-15,0.122939
CAT,18542,QMLE-Trade,2016-7-18,0.125964
CAT,18542,QMLE-Trade,2016-7-19,0.120304
CAT,18542,QMLE-Trade,2016-7-20,0.124703
CAT,18542,QMLE-Trade,2016-7-21,0.169711
CAT,18542,QMLE-Trade,2016-7-22,0.131799
CAT,18542,QMLE-Trade,2016-7-25,0.1398
CAT,18542,QMLE-Trade,2016-7-26,0.285753
CAT,18542,QMLE-Trade,2016-7-27,0.17675
CAT,18542,QMLE-Trade,2016-7-28,0.156939
CAT,18542,QMLE-Trade,2016-7-29,0.147393
CAT,18542,QMLE-Trade,2016-8-1,0.202872
CAT,18542,QMLE-Trade,2016-8-2,0.175562
CAT,18542,QMLE-Trade,2016-8-3,0.172164
CAT,18542,QMLE-Trade,2016-8-4,0.159399
CAT,18542,QMLE-Trade,2016-8-5,0.130617
CAT,18542,QMLE-Trade,2016-8-8,0.134259
CAT,18542,QMLE-Trade,2016-8-9,0.115054
CAT,18542,QMLE-Trade,2016-8-10,0.122912
CAT,18542,QMLE-Trade,2016-8-11,0.115369
CAT,18542,QMLE-Trade,2016-8-12,0.14599
CAT,18542,QMLE-Trade,2016-8-15,0.118157
CAT,18542,QMLE-Trade,2016-8-16,0.109484
CAT,18542,QMLE-Trade,2016-8-17,0.131108
CAT,18542,QMLE-Trade,2016-8-18,0.160926
CAT,18542,QMLE-Trade,2016-8-19,0.164844
CAT,18542,QMLE-Trade,2016-8-22,0.137775
CAT,18542,QMLE-Trade,2016-8-23,0.126876
CAT,18542,QMLE-Trade,2016-8-24,0.113353
CAT,18542,QMLE-Trade,2016-8-25,0.108542
CAT,18542,QMLE-Trade,2016-8-26,0.177964
CAT,18542,QMLE-Trade,2016-8-29,0.092592
CAT,18542,QMLE-Trade,2016-8-30,0.121379
CAT,18542,QMLE-Trade,2016-8-31,0.127856
CAT,18542,QMLE-Trade,2016-9-1,0.140045
CAT,18542,QMLE-Trade,2016-9-2,0.139377
CAT,18542,QMLE-Trade,2016-9-6,0.110115
CAT,18542,QMLE-Trade,2016-9-7,0.157087
CAT,18542,QMLE-Trade,2016-9-8,0.135127
CAT,18542,QMLE-Trade,2016-9-9,0.161485
CAT,18542,QMLE-Trade,2016-9-12,0.191222
CAT,18542,QMLE-Trade,2016-9-13,0.20072
CAT,18542,QMLE-Trade,2016-9-14,0.196067
CAT,18542,QMLE-Trade,2016-9-15,0.159383
CAT,18542,QMLE-Trade,2016-9-16,0.156715
CAT,18542,QMLE-Trade,2016-9-19,0.149842
CAT,18542,QMLE-Trade,2016-9-20,0.111581
CAT,18542,QMLE-Trade,2016-9-21,0.171158
CAT,18542,QMLE-Trade,2016-9-22,0.126945
CAT,18542,QMLE-Trade,2016-9-23,0.102362
CAT,18542,QMLE-Trade,2016-9-26,0.126607
CAT,18542,QMLE-Trade,2016-9-27,0.139315
CAT,18542,QMLE-Trade,2016-9-28,0.18934
CAT,18542,QMLE-Trade,2016-9-29,0.229778
CAT,18542,QMLE-Trade,2016-9-30,0.165006
CAT,18542,QMLE-Trade,2016-10-3,0.156941
CAT,18542,QMLE-Trade,2016-10-4,0.165369
CAT,18542,QMLE-Trade,2016-10-5,0.134543
CAT,18542,QMLE-Trade,2016-10-6,0.141817
CAT,18542,QMLE-Trade,2016-10-7,0.173318
CAT,18542,QMLE-Trade,2016-10-10,0.120788
CAT,18542,QMLE-Trade,2016-10-11,0.219329
CAT,18542,QMLE-Trade,2016-10-12,0.132486
CAT,18542,QMLE-Trade,2016-10-13,0.130567
CAT,18542,QMLE-Trade,2016-10-14,0.126018
CAT,18542,QMLE-Trade,2016-10-17,0.125435
CAT,18542,QMLE-Trade,2016-10-18,0.123839
CAT,18542,QMLE-Trade,2016-10-19,0.157769
CAT,18542,QMLE-Trade,2016-10-20,0.139411
CAT,18542,QMLE-Trade,2016-10-21,0.130796
CAT,18542,QMLE-Trade,2016-10-24,0.150147
CAT,18542,QMLE-Trade,2016-10-25,0.367905
CAT,18542,QMLE-Trade,2016-10-26,0.19375
CAT,18542,QMLE-Trade,2016-10-27,0.15007
CAT,18542,QMLE-Trade,2016-10-28,0.228228
CAT,18542,QMLE-Trade,2016-10-31,0.157785
CAT,18542,QMLE-Trade,2016-11-1,0.18756
CAT,18542,QMLE-Trade,2016-11-2,0.208197
CAT,18542,QMLE-Trade,2016-11-3,0.174823
CAT,18542,QMLE-Trade,2016-11-4,0.166693
CAT,18542,QMLE-Trade,2016-11-7,0.165734
CAT,18542,QMLE-Trade,2016-11-8,0.147611
CAT,18542,QMLE-Trade,2016-11-9,0.423171
CAT,18542,QMLE-Trade,2016-11-10,0.299535
CAT,18542,QMLE-Trade,2016-11-11,0.281228
CAT,18542,QMLE-Trade,2016-11-14,0.241719
CAT,18542,QMLE-Trade,2016-11-15,0.21771
CAT,18542,QMLE-Trade,2016-11-16,0.162144
CAT,18542,QMLE-Trade,2016-11-17,0.17791
CAT,18542,QMLE-Trade,2016-11-18,0.146518
CAT,18542,QMLE-Trade,2016-11-21,0.157723
CAT,18542,QMLE-Trade,2016-11-22,0.119111
CAT,18542,QMLE-Trade,2016-11-23,0.247917
CAT,18542,QMLE-Trade,2016-11-25,0.188206
CAT,18542,QMLE-Trade,2016-11-28,0.174707
CAT,18542,QMLE-Trade,2016-11-29,0.146154
CAT,18542,QMLE-Trade,2016-11-30,0.168035
CAT,18542,QMLE-Trade,2016-12-1,0.430015
CAT,18542,QMLE-Trade,2016-12-2,0.185807
CAT,18542,QMLE-Trade,2016-12-5,0.127039
CAT,18542,QMLE-Trade,2016-12-6,0.13861
CAT,18542,QMLE-Trade,2016-12-7,0.149424
CAT,18542,QMLE-Trade,2016-12-8,0.162553
CAT,18542,QMLE-Trade,2016-12-9,0.152128
CAT,18542,QMLE-Trade,2016-12-12,0.171831
CAT,18542,QMLE-Trade,2016-12-13,0.149062
CAT,18542,QMLE-Trade,2016-12-14,0.189528
CAT,18542,QMLE-Trade,2016-12-15,0.211196
CAT,18542,QMLE-Trade,2016-12-16,0.182992
CAT,18542,QMLE-Trade,2016-12-19,0.21177
CAT,18542,QMLE-Trade,2016-12-20,0.18627
CAT,18542,QMLE-Trade,2016-12-21,0.110569
CAT,18542,QMLE-Trade,2016-12-22,0.109412
CAT,18542,QMLE-Trade,2016-12-23,0.110959
CAT,18542,QMLE-Trade,2016-12-27,0.118495
CAT,18542,QMLE-Trade,2016-12-28,0.172205
CAT,18542,QMLE-Trade,2016-12-29,0.1334
CAT,18542,QMLE-Trade,2016-12-30,0.142827
CAT,18542,QMLE-Trade,2017-1-3,0.170244
CAT,18542,QMLE-Trade,2017-1-4,0.143936
CAT,18542,QMLE-Trade,2017-1-5,0.168993
CAT,18542,QMLE-Trade,2017-1-6,0.15873
CAT,18542,QMLE-Trade,2017-1-9,0.137399
CAT,18542,QMLE-Trade,2017-1-10,0.139226
CAT,18542,QMLE-Trade,2017-1-11,0.17862
CAT,18542,QMLE-Trade,2017-1-12,0.192934
CAT,18542,QMLE-Trade,2017-1-13,0.130865
CAT,18542,QMLE-Trade,2017-1-17,0.163822
CAT,18542,QMLE-Trade,2017-1-18,0.127859
CAT,18542,QMLE-Trade,2017-1-19,0.111452
CAT,18542,QMLE-Trade,2017-1-20,0.166754
CAT,18542,QMLE-Trade,2017-1-23,0.115999
CAT,18542,QMLE-Trade,2017-1-24,0.132073
CAT,18542,QMLE-Trade,2017-1-25,0.171407
CAT,18542,QMLE-Trade,2017-1-26,0.383892
CAT,18542,QMLE-Trade,2017-1-27,0.241462
CAT,18542,QMLE-Trade,2017-1-30,0.203355
CAT,18542,QMLE-Trade,2017-1-31,0.187448
CAT,18542,QMLE-Trade,2017-2-1,0.194141
CAT,18542,QMLE-Trade,2017-2-2,0.145166
CAT,18542,QMLE-Trade,2017-2-3,0.167378
CAT,18542,QMLE-Trade,2017-2-6,0.123553
CAT,18542,QMLE-Trade,2017-2-7,0.199981
CAT,18542,QMLE-Trade,2017-2-8,0.139214
CAT,18542,QMLE-Trade,2017-2-9,0.17018
CAT,18542,QMLE-Trade,2017-2-10,0.184033
CAT,18542,QMLE-Trade,2017-2-13,0.172107
CAT,18542,QMLE-Trade,2017-2-14,0.152056
CAT,18542,QMLE-Trade,2017-2-15,0.130782
CAT,18542,QMLE-Trade,2017-2-16,0.126643
CAT,18542,QMLE-Trade,2017-2-17,0.15624
CAT,18542,QMLE-Trade,2017-2-21,0.127375
CAT,18542,QMLE-Trade,2017-2-22,0.130223
CAT,18542,QMLE-Trade,2017-2-23,0.204352
CAT,18542,QMLE-Trade,2017-2-24,0.178915
CAT,18542,QMLE-Trade,2017-2-27,0.190454
CAT,18542,QMLE-Trade,2017-2-28,0.135256
CAT,18542,QMLE-Trade,2017-3-1,0.171468
CAT,18542,QMLE-Trade,2017-3-2,0.52666
CAT,18542,QMLE-Trade,2017-3-3,0.237898
CAT,18542,QMLE-Trade,2017-3-6,0.145721
CAT,18542,QMLE-Trade,2017-3-7,0.186047
CAT,18542,QMLE-Trade,2017-3-8,0.22152
CAT,18542,QMLE-Trade,2017-3-9,0.235942
CAT,18542,QMLE-Trade,2017-3-10,0.241729
CAT,18542,QMLE-Trade,2017-3-13,0.176428
CAT,18542,QMLE-Trade,2017-3-14,0.171542
CAT,18542,QMLE-Trade,2017-3-15,0.180049
CAT,18542,QMLE-Trade,2017-3-16,0.158371
CAT,18542,QMLE-Trade,2017-3-17,0.144158
CAT,18542,QMLE-Trade,2017-3-20,0.137917
CAT,18542,QMLE-Trade,2017-3-21,0.21687
CAT,18542,QMLE-Trade,2017-3-22,0.231685
CAT,18542,QMLE-Trade,2017-3-23,0.173171
CAT,18542,QMLE-Trade,2017-3-24,0.173859
CAT,18542,QMLE-Trade,2017-3-27,0.186815
CAT,18542,QMLE-Trade,2017-3-28,0.160083
CAT,18542,QMLE-Trade,2017-3-29,0.151598
CAT,18542,QMLE-Trade,2017-3-30,0.138393
CAT,18542,QMLE-Trade,2017-3-31,0.15982
CAT,18542,QMLE-Trade,2017-4-3,0.168212
CAT,18542,QMLE-Trade,2017-4-4,0.174794
CAT,18542,QMLE-Trade,2017-4-5,0.191522
CAT,18542,QMLE-Trade,2017-4-6,0.182326
CAT,18542,QMLE-Trade,2017-4-7,0.167331
CAT,18542,QMLE-Trade,2017-4-10,0.159894
CAT,18542,QMLE-Trade,2017-4-11,0.190066
CAT,18542,QMLE-Trade,2017-4-12,0.187308
CAT,18542,QMLE-Trade,2017-4-13,0.176672
CAT,18542,QMLE-Trade,2017-4-17,0.156329
CAT,18542,QMLE-Trade,2017-4-18,0.171551
CAT,18542,QMLE-Trade,2017-4-19,0.20146
CAT,18542,QMLE-Trade,2017-4-20,0.157516
CAT,18542,QMLE-Trade,2017-4-21,0.178401
CAT,18542,QMLE-Trade,2017-4-24,0.153984
CAT,18542,QMLE-Trade,2017-4-25,0.257022
CAT,18542,QMLE-Trade,2017-4-26,0.202178
CAT,18542,QMLE-Trade,2017-4-27,0.15804
CAT,18542,QMLE-Trade,2017-4-28,0.151372
CAT,18542,QMLE-Trade,2017-5-1,0.156915
CAT,18542,QMLE-Trade,2017-5-2,0.163067
CAT,18542,QMLE-Trade,2017-5-3,0.182922
CAT,18542,QMLE-Trade,2017-5-4,0.198739
CAT,18542,QMLE-Trade,2017-5-5,0.138417
CAT,18542,QMLE-Trade,2017-5-8,0.150703
CAT,18542,QMLE-Trade,2017-5-9,0.140594
CAT,18542,QMLE-Trade,2017-5-10,0.168546
CAT,18542,QMLE-Trade,2017-5-11,0.212441
CAT,18542,QMLE-Trade,2017-5-12,0.130432
CAT,18542,QMLE-Trade,2017-5-15,0.117724
CAT,18542,QMLE-Trade,2017-5-16,0.130256
CAT,18542,QMLE-Trade,2017-5-17,0.18966
CAT,18542,QMLE-Trade,2017-5-18,0.216673
CAT,18542,QMLE-Trade,2017-5-19,0.170081
CAT,18542,QMLE-Trade,2017-5-22,0.138375
CAT,18542,QMLE-Trade,2017-5-23,0.140484
CAT,18542,QMLE-Trade,2017-5-24,0.160559
CAT,18542,QMLE-Trade,2017-5-25,0.159363
CAT,18542,QMLE-Trade,2017-5-26,0.128536
CAT,18542,QMLE-Trade,2017-5-30,0.121822
CAT,18542,QMLE-Trade,2017-5-31,0.166002
CAT,18542,QMLE-Trade,2017-6-1,0.157357
CAT,18542,QMLE-Trade,2017-6-2,0.149715
CAT,18542,QMLE-Trade,2017-6-5,0.129943
CAT,18542,QMLE-Trade,2017-6-6,0.151182
CAT,18542,QMLE-Trade,2017-6-7,0.15194
CAT,18542,QMLE-Trade,2017-6-8,0.17204
CAT,18542,QMLE-Trade,2017-6-9,0.16727
CAT,18542,QMLE-Trade,2017-6-12,0.184861
CAT,18542,QMLE-Trade,2017-6-13,0.116747
CAT,18542,QMLE-Trade,2017-6-14,0.167944
CAT,18542,QMLE-Trade,2017-6-15,0.174968
CAT,18542,QMLE-Trade,2017-6-16,0.136919
CAT,18542,QMLE-Trade,2017-6-19,0.122464
CAT,18542,QMLE-Trade,2017-6-20,0.176912
CAT,18542,QMLE-Trade,2017-6-21,0.231355
CAT,18542,QMLE-Trade,2017-6-22,0.165072
CAT,18542,QMLE-Trade,2017-6-23,0.157833
CAT,18542,QMLE-Trade,2017-6-26,0.148957
CAT,18542,QMLE-Trade,2017-6-27,0.163442
CAT,18542,QMLE-Trade,2017-6-28,0.14883
CAT,18542,QMLE-Trade,2017-6-29,0.200689
CAT,18542,QMLE-Trade,2017-6-30,0.146956
CAT,18542,QMLE-Trade,2017-7-3,0.188359
CAT,18542,QMLE-Trade,2017-7-5,0.148704
CAT,18542,QMLE-Trade,2017-7-6,0.16137
CAT,18542,QMLE-Trade,2017-7-7,0.14249
CAT,18542,QMLE-Trade,2017-7-10,0.171507
CAT,18542,QMLE-Trade,2017-7-11,0.152145
CAT,18542,QMLE-Trade,2017-7-12,0.144197
CAT,18542,QMLE-Trade,2017-7-13,0.133362
CAT,18542,QMLE-Trade,2017-7-14,0.17053
CAT,18542,QMLE-Trade,2017-7-17,0.145313
CAT,18542,QMLE-Trade,2017-7-18,0.136869
CAT,18542,QMLE-Trade,2017-7-19,0.115642
CAT,18542,QMLE-Trade,2017-7-20,0.127613
CAT,18542,QMLE-Trade,2017-7-21,0.196291
CAT,18542,QMLE-Trade,2017-7-24,0.185937
CAT,18542,QMLE-Trade,2017-7-25,0.313641
CAT,18542,QMLE-Trade,2017-7-26,0.174313
CAT,18542,QMLE-Trade,2017-7-27,0.135814
CAT,18542,QMLE-Trade,2017-7-28,0.161293
CAT,18542,QMLE-Trade,2017-7-31,0.114209
CAT,18542,QMLE-Trade,2017-8-1,0.150899
CAT,18542,QMLE-Trade,2017-8-2,0.140575
CAT,18542,QMLE-Trade,2017-8-3,0.123838
CAT,18542,QMLE-Trade,2017-8-4,0.10916
CAT,18542,QMLE-Trade,2017-8-7,0.091495
CAT,18542,QMLE-Trade,2017-8-8,0.111151
CAT,18542,QMLE-Trade,2017-8-9,0.171012
CAT,18542,QMLE-Trade,2017-8-10,0.143477
CAT,18542,QMLE-Trade,2017-8-11,0.12378
CAT,18542,QMLE-Trade,2017-8-14,0.115352
CAT,18542,QMLE-Trade,2017-8-15,0.0972188
CAT,18542,QMLE-Trade,2017-8-16,0.120341
CAT,18542,QMLE-Trade,2017-8-17,0.125863
CAT,18542,QMLE-Trade,2017-8-18,0.198256
CAT,18542,QMLE-Trade,2017-8-21,0.111149
CAT,18542,QMLE-Trade,2017-8-22,0.125188
CAT,18542,QMLE-Trade,2017-8-23,0.114817
CAT,18542,QMLE-Trade,2017-8-24,0.0909635
CAT,18542,QMLE-Trade,2017-8-25,0.116994
CAT,18542,QMLE-Trade,2017-8-28,0.0896816
CAT,18542,QMLE-Trade,2017-8-29,0.113029
CAT,18542,QMLE-Trade,2017-8-30,0.128538
CAT,18542,QMLE-Trade,2017-8-31,0.125796
CAT,18542,QMLE-Trade,2017-9-1,0.11752
CAT,18542,QMLE-Trade,2017-9-5,0.147782
CAT,18542,QMLE-Trade,2017-9-6,0.130614
CAT,18542,QMLE-Trade,2017-9-7,0.127661
CAT,18542,QMLE-Trade,2017-9-8,0.14025
CAT,18542,QMLE-Trade,2017-9-11,0.141734
CAT,18542,QMLE-Trade,2017-9-12,0.22434
CAT,18542,QMLE-Trade,2017-9-13,0.121402
CAT,18542,QMLE-Trade,2017-9-14,0.126786
CAT,18542,QMLE-Trade,2017-9-15,0.128218
CAT,18542,QMLE-Trade,2017-9-18,0.156028
CAT,18542,QMLE-Trade,2017-9-19,0.0980114
CAT,18542,QMLE-Trade,2017-9-20,0.111598
CAT,18542,QMLE-Trade,2017-9-21,0.109451
CAT,18542,QMLE-Trade,2017-9-22,0.10421
CAT,18542,QMLE-Trade,2017-9-25,0.111074
CAT,18542,QMLE-Trade,2017-9-26,0.0826112
CAT,18542,QMLE-Trade,2017-9-27,0.113868
CAT,18542,QMLE-Trade,2017-9-28,0.112811
CAT,18542,QMLE-Trade,2017-9-29,0.0878806
CAT,18542,QMLE-Trade,2017-10-2,0.116392
CAT,18542,QMLE-Trade,2017-10-3,0.101861
CAT,18542,QMLE-Trade,2017-10-4,0.111283
CAT,18542,QMLE-Trade,2017-10-5,0.105154
CAT,18542,QMLE-Trade,2017-10-6,0.106164
CAT,18542,QMLE-Trade,2017-10-9,0.0839282
CAT,18542,QMLE-Trade,2017-10-10,0.120238
CAT,18542,QMLE-Trade,2017-10-11,0.106572
CAT,18542,QMLE-Trade,2017-10-12,0.0970689
CAT,18542,QMLE-Trade,2017-10-13,0.146607
CAT,18542,QMLE-Trade,2017-10-16,0.115972
CAT,18542,QMLE-Trade,2017-10-17,0.107224
CAT,18542,QMLE-Trade,2017-10-18,0.126401
CAT,18542,QMLE-Trade,2017-10-19,0.134494
CAT,18542,QMLE-Trade,2017-10-20,0.111979
CAT,18542,QMLE-Trade,2017-10-23,0.139952
CAT,18542,QMLE-Trade,2017-10-24,0.41602
CAT,18542,QMLE-Trade,2017-10-25,0.19469
CAT,18542,QMLE-Trade,2017-10-26,0.136801
CAT,18542,QMLE-Trade,2017-10-27,0.135771
CAT,18542,QMLE-Trade,2017-10-30,0.121994
CAT,18542,QMLE-Trade,2017-10-31,0.126943
CAT,18542,QMLE-Trade,2017-11-1,0.144134
CAT,18542,QMLE-Trade,2017-11-2,0.108958
CAT,18542,QMLE-Trade,2017-11-3,0.0688839
CAT,18542,QMLE-Trade,2017-11-6,0.110444
CAT,18542,QMLE-Trade,2017-11-7,0.118665
CAT,18542,QMLE-Trade,2017-11-8,0.113503
CAT,18542,QMLE-Trade,2017-11-9,0.162171
CAT,18542,QMLE-Trade,2017-11-10,0.103793
CAT,18542,QMLE-Trade,2017-11-13,0.13729
CAT,18542,QMLE-Trade,2017-11-14,0.13965
CAT,18542,QMLE-Trade,2017-11-15,0.186875
CAT,18542,QMLE-Trade,2017-11-16,0.139881
CAT,18542,QMLE-Trade,2017-11-17,0.12387
CAT,18542,QMLE-Trade,2017-11-20,0.118385
CAT,18542,QMLE-Trade,2017-11-21,0.0833935
CAT,18542,QMLE-Trade,2017-11-22,0.0947463
CAT,18542,QMLE-Trade,2017-11-24,0.0749563
CAT,18542,QMLE-Trade,2017-11-27,0.106159
CAT,18542,QMLE-Trade,2017-11-28,0.128525
CAT,18542,QMLE-Trade,2017-11-29,0.15729
CAT,18542,QMLE-Trade,2017-11-30,0.316499
CAT,18542,QMLE-Trade,2017-12-1,0.30718
CAT,18542,QMLE-Trade,2017-12-4,0.196705
CAT,18542,QMLE-Trade,2017-12-5,0.193024
CAT,18542,QMLE-Trade,2017-12-6,0.180622
CAT,18542,QMLE-Trade,2017-12-7,0.171339
CAT,18542,QMLE-Trade,2017-12-8,0.149513
CAT,18542,QMLE-Trade,2017-12-11,0.116151
CAT,18542,QMLE-Trade,2017-12-12,0.136862
CAT,18542,QMLE-Trade,2017-12-13,0.218292
CAT,18542,QMLE-Trade,2017-12-14,0.147156
CAT,18542,QMLE-Trade,2017-12-15,0.125657
CAT,18542,QMLE-Trade,2017-12-18,0.186168
CAT,18542,QMLE-Trade,2017-12-19,0.135342
CAT,18542,QMLE-Trade,2017-12-20,0.130516
CAT,18542,QMLE-Trade,2017-12-21,0.14625
CAT,18542,QMLE-Trade,2017-12-22,0.111667
CAT,18542,QMLE-Trade,2017-12-26,0.118494
CAT,18542,QMLE-Trade,2017-12-27,0.0914869
CAT,18542,QMLE-Trade,2017-12-28,0.105421
CAT,18542,QMLE-Trade,2017-12-29,0.0985244
CAT,18542,QMLE-Trade,2018-1-2,0.165972
CAT,18542,QMLE-Trade,2018-1-3,0.143932
CAT,18542,QMLE-Trade,2018-1-4,0.170052
CAT,18542,QMLE-Trade,2018-1-5,0.111943
CAT,18542,QMLE-Trade,2018-1-8,0.169609
CAT,18542,QMLE-Trade,2018-1-9,0.129693
CAT,18542,QMLE-Trade,2018-1-10,0.158876
CAT,18542,QMLE-Trade,2018-1-11,0.140849
CAT,18542,QMLE-Trade,2018-1-12,0.129141
CAT,18542,QMLE-Trade,2018-1-16,0.266616
CAT,18542,QMLE-Trade,2018-1-17,0.17115
CAT,18542,QMLE-Trade,2018-1-18,0.191546
CAT,18542,QMLE-Trade,2018-1-19,0.15594
CAT,18542,QMLE-Trade,2018-1-22,0.133964
CAT,18542,QMLE-Trade,2018-1-23,0.160755
CAT,18542,QMLE-Trade,2018-1-24,0.205702
CAT,18542,QMLE-Trade,2018-1-25,0.485009
CAT,18542,QMLE-Trade,2018-1-26,0.320983
CAT,18542,QMLE-Trade,2018-1-29,0.344104
CAT,18542,QMLE-Trade,2018-1-30,0.289606
CAT,18542,QMLE-Trade,2018-1-31,0.239705
CAT,18542,QMLE-Trade,2018-2-1,0.256913
CAT,18542,QMLE-Trade,2018-2-2,0.216513
CAT,18542,QMLE-Trade,2018-2-5,0.846558
CAT,18542,QMLE-Trade,2018-2-6,0.779639
CAT,18542,QMLE-Trade,2018-2-7,0.38874
CAT,18542,QMLE-Trade,2018-2-8,0.475002
CAT,18542,QMLE-Trade,2018-2-9,0.589752
CAT,18542,QMLE-Trade,2018-2-12,0.324473
CAT,18542,QMLE-Trade,2018-2-13,0.24873
CAT,18542,QMLE-Trade,2018-2-14,0.296536
CAT,18542,QMLE-Trade,2018-2-15,0.225701
CAT,18542,QMLE-Trade,2018-2-16,0.253592
CAT,18542,QMLE-Trade,2018-2-20,0.274108
CAT,18542,QMLE-Trade,2018-2-21,0.258186
CAT,18542,QMLE-Trade,2018-2-22,0.264193
CAT,18542,QMLE-Trade,2018-2-23,0.220804
CAT,18542,QMLE-Trade,2018-2-26,0.193372
CAT,18542,QMLE-Trade,2018-2-27,0.226811
CAT,18542,QMLE-Trade,2018-2-28,0.246607
CAT,18542,QMLE-Trade,2018-3-1,0.470665
CAT,18542,QMLE-Trade,2018-3-2,0.350021
CAT,18542,QMLE-Trade,2018-3-5,0.312914
CAT,18542,QMLE-Trade,2018-3-6,0.284285
CAT,18542,QMLE-Trade,2018-3-7,0.298784
CAT,18542,QMLE-Trade,2018-3-8,0.214265
CAT,18542,QMLE-Trade,2018-3-9,0.198769
CAT,18542,QMLE-Trade,2018-3-12,0.234596
CAT,18542,QMLE-Trade,2018-3-13,0.263
CAT,18542,QMLE-Trade,2018-3-14,0.274936
CAT,18542,QMLE-Trade,2018-3-15,0.223323
CAT,18542,QMLE-Trade,2018-3-16,0.190266
CAT,18542,QMLE-Trade,2018-3-19,0.258997
CAT,18542,QMLE-Trade,2018-3-20,0.236571
CAT,18542,QMLE-Trade,2018-3-21,0.252464
CAT,18542,QMLE-Trade,2018-3-22,0.313369
CAT,18542,QMLE-Trade,2018-3-23,0.337465
CAT,18542,QMLE-Trade,2018-3-26,0.259904
CAT,18542,QMLE-Trade,2018-3-27,0.335932
CAT,18542,QMLE-Trade,2018-3-28,0.397955
CAT,18542,QMLE-Trade,2018-3-29,0.244197
CAT,18542,QMLE-Trade,2018-4-2,0.316522
CAT,18542,QMLE-Trade,2018-4-3,0.290283
CAT,18542,QMLE-Trade,2018-4-4,0.389021
CAT,18542,QMLE-Trade,2018-4-5,0.307848
CAT,18542,QMLE-Trade,2018-4-6,0.358863
CAT,18542,QMLE-Trade,2018-4-9,0.275852
CAT,18542,QMLE-Trade,2018-4-10,0.288523
CAT,18542,QMLE-Trade,2018-4-11,0.279987
CAT,18542,QMLE-Trade,2018-4-12,0.22811
CAT,18542,QMLE-Trade,2018-4-13,0.235563
CAT,18542,QMLE-Trade,2018-4-16,0.207226
CAT,18542,QMLE-Trade,2018-4-17,0.197457
CAT,18542,QMLE-Trade,2018-4-18,0.190275
CAT,18542,QMLE-Trade,2018-4-19,0.211775
CAT,18542,QMLE-Trade,2018-4-20,0.22109
CAT,18542,QMLE-Trade,2018-4-23,0.231064
CAT,18542,QMLE-Trade,2018-4-24,0.685074
CAT,18542,QMLE-Trade,2018-4-25,0.417325
CAT,18542,QMLE-Trade,2018-4-26,0.28168
CAT,18542,QMLE-Trade,2018-4-27,0.238476
CAT,18542,QMLE-Trade,2018-4-30,0.2374
CAT,18542,QMLE-Trade,2018-5-1,0.279893
CAT,18542,QMLE-Trade,2018-5-2,0.284105
CAT,18542,QMLE-Trade,2018-5-3,0.38371
CAT,18542,QMLE-Trade,2018-5-4,0.287602
CAT,18542,QMLE-Trade,2018-5-7,0.273198
CAT,18542,QMLE-Trade,2018-5-8,0.280315
CAT,18542,QMLE-Trade,2018-5-9,0.245141
CAT,18542,QMLE-Trade,2018-5-10,0.185598
CAT,18542,QMLE-Trade,2018-5-11,0.206453
CAT,18542,QMLE-Trade,2018-5-14,0.173838
CAT,18542,QMLE-Trade,2018-5-15,0.247837
CAT,18542,QMLE-Trade,2018-5-16,0.168506
CAT,18542,QMLE-Trade,2018-5-17,0.192216
CAT,18542,QMLE-Trade,2018-5-18,0.210448
CAT,18542,QMLE-Trade,2018-5-21,0.23823
CAT,18542,QMLE-Trade,2018-5-22,0.165066
CAT,18542,QMLE-Trade,2018-5-23,0.218946
CAT,18542,QMLE-Trade,2018-5-24,0.221701
CAT,18542,QMLE-Trade,2018-5-25,0.133112
CAT,18542,QMLE-Trade,2018-5-29,0.248211
CAT,18542,QMLE-Trade,2018-5-30,0.185879
CAT,18542,QMLE-Trade,2018-5-31,0.231554
CAT,18542,QMLE-Trade,2018-6-1,0.183888
CAT,18542,QMLE-Trade,2018-6-4,0.151064
CAT,18542,QMLE-Trade,2018-6-5,0.140445
CAT,18542,QMLE-Trade,2018-6-6,0.139136
CAT,18542,QMLE-Trade,2018-6-7,0.238098
CAT,18542,QMLE-Trade,2018-6-8,0.203959
CAT,18542,QMLE-Trade,2018-6-11,0.172537
CAT,18542,QMLE-Trade,2018-6-12,0.141415
CAT,18542,QMLE-Trade,2018-6-13,0.177942
CAT,18542,QMLE-Trade,2018-6-14,0.20757
CAT,18542,QMLE-Trade,2018-6-15,0.297446
CAT,18542,QMLE-Trade,2018-6-18,0.187142
CAT,18542,QMLE-Trade,2018-6-19,0.253269
CAT,18542,QMLE-Trade,2018-6-20,0.187248
CAT,18542,QMLE-Trade,2018-6-21,0.218477
CAT,18542,QMLE-Trade,2018-6-22,0.215583
CAT,18542,QMLE-Trade,2018-6-25,0.291554
CAT,18542,QMLE-Trade,2018-6-26,0.178865
CAT,18542,QMLE-Trade,2018-6-27,0.282294
CAT,18542,QMLE-Trade,2018-6-28,0.253306
CAT,18542,QMLE-Trade,2018-6-29,0.205576
CAT,18542,QMLE-Trade,2018-7-2,0.228783
CAT,18542,QMLE-Trade,2018-7-3,0.17901
CAT,18542,QMLE-Trade,2018-7-5,0.193275
CAT,18542,QMLE-Trade,2018-7-6,0.176813
CAT,18542,QMLE-Trade,2018-7-9,0.215514
CAT,18542,QMLE-Trade,2018-7-10,0.19803
CAT,18542,QMLE-Trade,2018-7-11,0.222635
CAT,18542,QMLE-Trade,2018-7-12,0.203514
CAT,18542,QMLE-Trade,2018-7-13,0.17999
CAT,18542,QMLE-Trade,2018-7-16,0.179414
CAT,18542,QMLE-Trade,2018-7-17,0.189577
CAT,18542,QMLE-Trade,2018-7-18,0.189486
CAT,18542,QMLE-Trade,2018-7-19,0.182772
CAT,18542,QMLE-Trade,2018-7-20,0.16575
CAT,18542,QMLE-Trade,2018-7-23,0.159388
CAT,18542,QMLE-Trade,2018-7-24,0.23842
CAT,18542,QMLE-Trade,2018-7-25,0.206364
CAT,18542,QMLE-Trade,2018-7-26,0.195233
CAT,18542,QMLE-Trade,2018-7-27,0.211893
CAT,18542,QMLE-Trade,2018-7-30,0.507687
CAT,18542,QMLE-Trade,2018-7-31,0.318073
CAT,18542,QMLE-Trade,2018-8-1,0.228964
CAT,18542,QMLE-Trade,2018-8-2,0.229216
CAT,18542,QMLE-Trade,2018-8-3,0.175482
CAT,18542,QMLE-Trade,2018-8-6,0.172525
CAT,18542,QMLE-Trade,2018-8-7,0.18211
CAT,18542,QMLE-Trade,2018-8-8,0.184929
CAT,18542,QMLE-Trade,2018-8-9,0.178426
CAT,18542,QMLE-Trade,2018-8-10,0.192391
CAT,18542,QMLE-Trade,2018-8-13,0.175718
CAT,18542,QMLE-Trade,2018-8-14,0.150359
CAT,18542,QMLE-Trade,2018-8-15,0.264087
CAT,18542,QMLE-Trade,2018-8-16,0.190799
CAT,18542,QMLE-Trade,2018-8-17,0.214256
CAT,18542,QMLE-Trade,2018-8-20,0.155061
CAT,18542,QMLE-Trade,2018-8-21,0.149224
CAT,18542,QMLE-Trade,2018-8-22,0.16463
CAT,18542,QMLE-Trade,2018-8-23,0.180887
CAT,18542,QMLE-Trade,2018-8-24,0.165203
CAT,18542,QMLE-Trade,2018-8-27,0.156984
CAT,18542,QMLE-Trade,2018-8-28,0.172012
CAT,18542,QMLE-Trade,2018-8-29,0.147972
CAT,18542,QMLE-Trade,2018-8-30,0.187755
CAT,18542,QMLE-Trade,2018-8-31,0.140086
CAT,18542,QMLE-Trade,2018-9-4,0.194098
CAT,18542,QMLE-Trade,2018-9-5,0.194365
CAT,18542,QMLE-Trade,2018-9-6,0.190588
CAT,18542,QMLE-Trade,2018-9-7,0.210802
CAT,18542,QMLE-Trade,2018-9-10,0.127711
CAT,18542,QMLE-Trade,2018-9-11,0.155699
CAT,18542,QMLE-Trade,2018-9-12,0.222319
CAT,18542,QMLE-Trade,2018-9-13,0.178359
CAT,18542,QMLE-Trade,2018-9-14,0.224791
CAT,18542,QMLE-Trade,2018-9-17,0.217451
CAT,18542,QMLE-Trade,2018-9-18,0.217834
CAT,18542,QMLE-Trade,2018-9-19,0.194996
CAT,18542,QMLE-Trade,2018-9-20,0.262732
CAT,18542,QMLE-Trade,2018-9-21,0.190105
CAT,18542,QMLE-Trade,2018-9-24,0.167493
CAT,18542,QMLE-Trade,2018-9-25,0.173714
CAT,18542,QMLE-Trade,2018-9-26,0.185678
CAT,18542,QMLE-Trade,2018-9-27,0.167005
CAT,18542,QMLE-Trade,2018-9-28,0.154639
CAT,18542,QMLE-Trade,2018-10-1,0.172863
CAT,18542,QMLE-Trade,2018-10-2,0.18035
CAT,18542,QMLE-Trade,2018-10-3,0.174157
CAT,18542,QMLE-Trade,2018-10-4,0.226522
CAT,18542,QMLE-Trade,2018-10-5,0.216522
CAT,18542,QMLE-Trade,2018-10-8,0.247226
CAT,18542,QMLE-Trade,2018-10-9,0.223198
CAT,18542,QMLE-Trade,2018-10-10,0.325889
CAT,18542,QMLE-Trade,2018-10-11,0.491688
CAT,18542,QMLE-Trade,2018-10-12,0.349522
CAT,18542,QMLE-Trade,2018-10-15,0.241809
CAT,18542,QMLE-Trade,2018-10-16,0.215667
CAT,18542,QMLE-Trade,2018-10-17,0.241241
CAT,18542,QMLE-Trade,2018-10-18,0.354786
CAT,18542,QMLE-Trade,2018-10-19,0.320062
CAT,18542,QMLE-Trade,2018-10-22,0.268126
CAT,18542,QMLE-Trade,2018-10-23,0.71266
CAT,18542,QMLE-Trade,2018-10-24,0.38846
CAT,18542,QMLE-Trade,2018-10-25,0.442773
CAT,18542,QMLE-Trade,2018-10-26,0.421366
CAT,18542,QMLE-Trade,2018-10-29,0.394233
CAT,18542,QMLE-Trade,2018-10-30,0.407834
CAT,18542,QMLE-Trade,2018-10-31,0.32812
CAT,18542,QMLE-Trade,2018-11-1,0.344617
CAT,18542,QMLE-Trade,2018-11-2,0.418555
CAT,18542,QMLE-Trade,2018-11-5,0.288493
CAT,18542,QMLE-Trade,2018-11-6,0.286802
CAT,18542,QMLE-Trade,2018-11-7,0.301374
CAT,18542,QMLE-Trade,2018-11-8,0.316461
CAT,18542,QMLE-Trade,2018-11-9,0.343224
CAT,18542,QMLE-Trade,2018-11-12,0.329458
CAT,18542,QMLE-Trade,2018-11-13,0.368892
CAT,18542,QMLE-Trade,2018-11-14,0.344483
CAT,18542,QMLE-Trade,2018-11-15,0.410847
CAT,18542,QMLE-Trade,2018-11-16,0.325179
CAT,18542,QMLE-Trade,2018-11-19,0.299825
CAT,18542,QMLE-Trade,2018-11-20,0.391533
CAT,18542,QMLE-Trade,2018-11-21,0.312223
CAT,18542,QMLE-Trade,2018-11-23,0.2404
CAT,18542,QMLE-Trade,2018-11-26,0.219339
CAT,18542,QMLE-Trade,2018-11-27,0.289497
CAT,18542,QMLE-Trade,2018-11-28,0.284311
CAT,18542,QMLE-Trade,2018-11-29,0.327672
CAT,18542,QMLE-Trade,2018-11-30,0.273374
CAT,18542,QMLE-Trade,2018-12-3,0.295783
CAT,18542,QMLE-Trade,2018-12-4,0.369749
CAT,18542,QMLE-Trade,2018-12-6,0.448902
CAT,18542,QMLE-Trade,2018-12-7,0.421323
CAT,18542,QMLE-Trade,2018-12-10,0.419782
CAT,18542,QMLE-Trade,2018-12-11,0.37118
CAT,18542,QMLE-Trade,2018-12-12,0.345788
CAT,18542,QMLE-Trade,2018-12-13,0.37173
CAT,18542,QMLE-Trade,2018-12-14,0.332538
CAT,18542,QMLE-Trade,2018-12-17,0.379894
CAT,18542,QMLE-Trade,2018-12-18,0.346288
CAT,18542,QMLE-Trade,2018-12-19,0.499813
CAT,18542,QMLE-Trade,2018-12-20,0.495541
CAT,18542,QMLE-Trade,2018-12-21,0.417206
CAT,18542,QMLE-Trade,2018-12-24,0.362864
CAT,18542,QMLE-Trade,2018-12-26,0.375326
CAT,18542,QMLE-Trade,2018-12-27,0.454135
CAT,18542,QMLE-Trade,2018-12-28,0.451572
CAT,18542,QMLE-Trade,2018-12-31,0.30847
CAT,18542,QMLE-Trade,2019-1-2,0.383314
CAT,18542,QMLE-Trade,2019-1-3,0.41401
CAT,18542,QMLE-Trade,2019-1-4,0.361359
CAT,18542,QMLE-Trade,2019-1-7,0.339438
CAT,18542,QMLE-Trade,2019-1-8,0.30595
CAT,18542,QMLE-Trade,2019-1-9,0.278798
CAT,18542,QMLE-Trade,2019-1-10,0.297509
CAT,18542,QMLE-Trade,2019-1-11,0.231018
CAT,18542,QMLE-Trade,2019-1-14,0.225842
CAT,18542,QMLE-Trade,2019-1-15,0.270082
CAT,18542,QMLE-Trade,2019-1-16,0.188899
CAT,18542,QMLE-Trade,2019-1-17,0.315654
CAT,18542,QMLE-Trade,2019-1-18,0.290804
CAT,18542,QMLE-Trade,2019-1-22,0.281446
CAT,18542,QMLE-Trade,2019-1-23,0.245985
CAT,18542,QMLE-Trade,2019-1-24,0.215149
CAT,18542,QMLE-Trade,2019-1-25,0.253582
CAT,18542,QMLE-Trade,2019-1-28,0.445432
CAT,18542,QMLE-Trade,2019-1-29,0.230159
CAT,18542,QMLE-Trade,2019-1-30,0.25707
CAT,18542,QMLE-Trade,2019-1-31,0.25758
CAT,18542,QMLE-Trade,2019-2-1,0.228039
CAT,18542,QMLE-Trade,2019-2-4,0.190819
CAT,18542,QMLE-Trade,2019-2-5,0.176754
CAT,18542,QMLE-Trade,2019-2-6,0.166499
CAT,18542,QMLE-Trade,2019-2-7,0.242854
CAT,18542,QMLE-Trade,2019-2-8,0.221542
CAT,18542,QMLE-Trade,2019-2-11,0.200392
CAT,18542,QMLE-Trade,2019-2-12,0.206198
CAT,18542,QMLE-Trade,2019-2-13,0.205743
CAT,18542,QMLE-Trade,2019-2-14,0.206563
CAT,18542,QMLE-Trade,2019-2-15,0.206718
CAT,18542,QMLE-Trade,2019-2-19,0.160184
CAT,18542,QMLE-Trade,2019-2-20,0.231859
CAT,18542,QMLE-Trade,2019-2-21,0.208793
CAT,18542,QMLE-Trade,2019-2-22,0.19815
CAT,18542,QMLE-Trade,2019-2-25,0.161467
CAT,18542,QMLE-Trade,2019-2-26,0.289661
CAT,18542,QMLE-Trade,2019-2-27,0.196354
CAT,18542,QMLE-Trade,2019-2-28,0.164068
CAT,18542,QMLE-Trade,2019-3-1,0.173653
CAT,18542,QMLE-Trade,2019-3-4,0.186005
CAT,18542,QMLE-Trade,2019-3-5,0.170585
CAT,18542,QMLE-Trade,2019-3-6,0.171658
CAT,18542,QMLE-Trade,2019-3-7,0.219842
CAT,18542,QMLE-Trade,2019-3-8,0.174652
CAT,18542,QMLE-Trade,2019-3-11,0.146318
CAT,18542,QMLE-Trade,2019-3-12,0.158539
CAT,18542,QMLE-Trade,2019-3-13,0.166272
CAT,18542,QMLE-Trade,2019-3-14,0.147301
CAT,18542,QMLE-Trade,2019-3-15,0.174276
CAT,18542,QMLE-Trade,2019-3-18,0.151308
CAT,18542,QMLE-Trade,2019-3-19,0.182763
CAT,18542,QMLE-Trade,2019-3-20,0.232778
CAT,18542,QMLE-Trade,2019-3-21,0.177748
CAT,18542,QMLE-Trade,2019-3-22,0.232762
CAT,18542,QMLE-Trade,2019-3-25,0.237334
CAT,18542,QMLE-Trade,2019-3-26,0.171293
CAT,18542,QMLE-Trade,2019-3-27,0.175578
CAT,18542,QMLE-Trade,2019-3-28,0.147885
CAT,18542,QMLE-Trade,2019-3-29,0.190097
CAT,18542,QMLE-Trade,2019-4-1,0.197418
CAT,18542,QMLE-Trade,2019-4-2,0.173316
CAT,18542,QMLE-Trade,2019-4-3,0.201928
CAT,18542,QMLE-Trade,2019-4-4,0.170221
CAT,18542,QMLE-Trade,2019-4-5,0.156325
CAT,18542,QMLE-Trade,2019-4-8,0.171
CAT,18542,QMLE-Trade,2019-4-9,0.188448
CAT,18542,QMLE-Trade,2019-4-10,0.168625
CAT,18542,QMLE-Trade,2019-4-11,0.171428
CAT,18542,QMLE-Trade,2019-4-12,0.175474
CAT,18542,QMLE-Trade,2019-4-15,0.182825
CAT,18542,QMLE-Trade,2019-4-16,0.164598
CAT,18542,QMLE-Trade,2019-4-17,0.187943
CAT,18542,QMLE-Trade,2019-4-18,0.229444
CAT,18542,QMLE-Trade,2019-4-22,0.119576
CAT,18542,QMLE-Trade,2019-4-23,0.169384
CAT,18542,QMLE-Trade,2019-4-24,0.339343
CAT,18542,QMLE-Trade,2019-4-25,0.248538
CAT,18542,QMLE-Trade,2019-4-26,0.184588
CAT,18542,QMLE-Trade,2019-4-29,0.16563
CAT,18542,QMLE-Trade,2019-4-30,0.175717
CAT,18542,QMLE-Trade,2019-5-1,0.194503
CAT,18542,QMLE-Trade,2019-5-2,0.267311
CAT,18542,QMLE-Trade,2019-5-3,0.155161
CAT,18542,QMLE-Trade,2019-5-6,0.216919
CAT,18542,QMLE-Trade,2019-5-7,0.259042
CAT,18542,QMLE-Trade,2019-5-8,0.228263
CAT,18542,QMLE-Trade,2019-5-9,0.27525
CAT,18542,QMLE-Trade,2019-5-10,0.27005
CAT,18542,QMLE-Trade,2019-5-13,0.320377
CAT,18542,QMLE-Trade,2019-5-14,0.223012
CAT,18542,QMLE-Trade,2019-5-15,0.230385
CAT,18542,QMLE-Trade,2019-5-16,0.17832
CAT,18542,QMLE-Trade,2019-5-17,0.256048
CAT,18542,QMLE-Trade,2019-5-20,0.206593
CAT,18542,QMLE-Trade,2019-5-21,0.177781
CAT,18542,QMLE-Trade,2019-5-22,0.217
CAT,18542,QMLE-Trade,2019-5-23,0.235271
CAT,18542,QMLE-Trade,2019-5-24,0.169507
CAT,18542,QMLE-Trade,2019-5-28,0.181226
CAT,18542,QMLE-Trade,2019-5-29,0.214052
CAT,18542,QMLE-Trade,2019-5-30,0.160792
CAT,18542,QMLE-Trade,2019-5-31,0.196951
CAT,18542,QMLE-Trade,2019-6-3,0.243623
CAT,18542,QMLE-Trade,2019-6-4,0.177238
CAT,18542,QMLE-Trade,2019-6-5,0.198256
CAT,18542,QMLE-Trade,2019-6-6,0.165453
CAT,18542,QMLE-Trade,2019-6-7,0.167801
CAT,18542,QMLE-Trade,2019-6-10,0.195669
CAT,18542,QMLE-Trade,2019-6-11,0.199449
CAT,18542,QMLE-Trade,2019-6-12,0.165601
CAT,18542,QMLE-Trade,2019-6-13,0.186385
CAT,18542,QMLE-Trade,2019-6-14,0.15516
CAT,18542,QMLE-Trade,2019-6-17,0.147573
CAT,18542,QMLE-Trade,2019-6-18,0.204148
CAT,18542,QMLE-Trade,2019-6-19,0.209954
CAT,18542,QMLE-Trade,2019-6-20,0.189374
CAT,18542,QMLE-Trade,2019-6-21,0.179105
CAT,18542,QMLE-Trade,2019-6-24,0.161287
CAT,18542,QMLE-Trade,2019-6-25,0.176503
CAT,18542,QMLE-Trade,2019-6-26,0.137521
CAT,18542,QMLE-Trade,2019-6-27,0.148747
CAT,18542,QMLE-Trade,2019-6-28,0.131951
CAT,18542,QMLE-Trade,2019-7-1,0.234197
CAT,18542,QMLE-Trade,2019-7-2,0.165478
CAT,18542,QMLE-Trade,2019-7-3,0.123704
CAT,18542,QMLE-Trade,2019-7-5,0.170655
CAT,18542,QMLE-Trade,2019-7-8,0.141852
CAT,18542,QMLE-Trade,2019-7-9,0.132711
CAT,18542,QMLE-Trade,2019-7-10,0.177401
CAT,18542,QMLE-Trade,2019-7-11,0.127693
CAT,18542,QMLE-Trade,2019-7-12,0.149414
CAT,18542,QMLE-Trade,2019-7-15,0.16097
CAT,18542,QMLE-Trade,2019-7-16,0.184599
CAT,18542,QMLE-Trade,2019-7-17,0.216984
CAT,18542,QMLE-Trade,2019-7-18,0.167049
CAT,18542,QMLE-Trade,2019-7-19,0.187982
CAT,18542,QMLE-Trade,2019-7-22,0.163989
CAT,18542,QMLE-Trade,2019-7-23,0.152426
CAT,18542,QMLE-Trade,2019-7-24,0.335028
CAT,18542,QMLE-Trade,2019-7-25,0.230832
CAT,18542,QMLE-Trade,2019-7-26,0.145544
CAT,18542,QMLE-Trade,2019-7-29,0.138007
CAT,18542,QMLE-Trade,2019-7-30,0.189422
CAT,18542,QMLE-Trade,2019-7-31,0.207199
CAT,18542,QMLE-Trade,2019-8-1,0.291264
CAT,18542,QMLE-Trade,2019-8-2,0.282351
CAT,18542,QMLE-Trade,2019-8-5,0.288605
CAT,18542,QMLE-Trade,2019-8-6,0.248171
CAT,18542,QMLE-Trade,2019-8-7,0.290856
CAT,18542,QMLE-Trade,2019-8-8,0.200938
CAT,18542,QMLE-Trade,2019-8-9,0.210949
CAT,18542,QMLE-Trade,2019-8-12,0.201044
CAT,18542,QMLE-Trade,2019-8-13,0.27447
CAT,18542,QMLE-Trade,2019-8-14,0.26647
CAT,18542,QMLE-Trade,2019-8-15,0.238869
CAT,18542,QMLE-Trade,2019-8-16,0.218213
CAT,18542,QMLE-Trade,2019-8-19,0.145506
CAT,18542,QMLE-Trade,2019-8-20,0.16534
CAT,18542,QMLE-Trade,2019-8-21,0.160504
CAT,18542,QMLE-Trade,2019-8-22,0.164637
CAT,18542,QMLE-Trade,2019-8-23,0.284189
CAT,18542,QMLE-Trade,2019-8-26,0.210306
CAT,18542,QMLE-Trade,2019-8-27,0.182629
CAT,18542,QMLE-Trade,2019-8-28,0.198794
CAT,18542,QMLE-Trade,2019-8-29,0.167705
CAT,18542,QMLE-Trade,2019-8-30,0.16065
CAT,18542,QMLE-Trade,2019-9-3,0.231047
CAT,18542,QMLE-Trade,2019-9-4,0.149412
CAT,18542,QMLE-Trade,2019-9-5,0.191252
CAT,18542,QMLE-Trade,2019-9-6,0.169936
CAT,18542,QMLE-Trade,2019-9-9,0.166121
CAT,18542,QMLE-Trade,2019-9-10,0.244132
CAT,18542,QMLE-Trade,2019-9-11,0.218585
CAT,18542,QMLE-Trade,2019-9-12,0.272902
CAT,18542,QMLE-Trade,2019-9-13,0.210883
CAT,18542,QMLE-Trade,2019-9-16,0.17866
CAT,18542,QMLE-Trade,2019-9-17,0.16414
CAT,18542,QMLE-Trade,2019-9-18,0.199038
CAT,18542,QMLE-Trade,2019-9-19,0.153755
CAT,18542,QMLE-Trade,2019-9-20,0.226394
CAT,18542,QMLE-Trade,2019-9-23,0.170702
CAT,18542,QMLE-Trade,2019-9-24,0.22505
CAT,18542,QMLE-Trade,2019-9-25,0.187805
CAT,18542,QMLE-Trade,2019-9-26,0.166618
CAT,18542,QMLE-Trade,2019-9-27,0.195081
CAT,18542,QMLE-Trade,2019-9-30,0.141643
CAT,18542,QMLE-Trade,2019-10-1,0.210837
CAT,18542,QMLE-Trade,2019-10-2,0.246066
CAT,18542,QMLE-Trade,2019-10-3,0.271087
CAT,18542,QMLE-Trade,2019-10-4,0.18439
CAT,18542,QMLE-Trade,2019-10-7,0.179676
CAT,18542,QMLE-Trade,2019-10-8,0.217347
CAT,18542,QMLE-Trade,2019-10-9,0.156937
CAT,18542,QMLE-Trade,2019-10-10,0.181519
CAT,18542,QMLE-Trade,2019-10-11,0.255566
CAT,18542,QMLE-Trade,2019-10-14,0.205821
CAT,18542,QMLE-Trade,2019-10-15,0.168702
CAT,18542,QMLE-Trade,2019-10-16,0.179055
CAT,18542,QMLE-Trade,2019-10-17,0.160121
CAT,18542,QMLE-Trade,2019-10-18,0.192822
CAT,18542,QMLE-Trade,2019-10-21,0.158948
CAT,18542,QMLE-Trade,2019-10-22,0.173305
CAT,18542,QMLE-Trade,2019-10-23,0.421425
CAT,18542,QMLE-Trade,2019-10-24,0.248802
CAT,18542,QMLE-Trade,2019-10-25,0.236956
CAT,18542,QMLE-Trade,2019-10-28,0.221303
CAT,18542,QMLE-Trade,2019-10-29,0.234018
CAT,18542,QMLE-Trade,2019-10-30,0.191622
CAT,18542,QMLE-Trade,2019-10-31,0.211177
CAT,18542,QMLE-Trade,2019-11-1,0.195026
CAT,18542,QMLE-Trade,2019-11-4,0.188003
CAT,18542,QMLE-Trade,2019-11-5,0.165204
CAT,18542,QMLE-Trade,2019-11-6,0.209682
CAT,18542,QMLE-Trade,2019-11-7,0.189758
CAT,18542,QMLE-Trade,2019-11-8,0.184228
CAT,18542,QMLE-Trade,2019-11-11,0.151892
CAT,18542,QMLE-Trade,2019-11-12,0.143342
CAT,18542,QMLE-Trade,2019-11-13,0.186571
CAT,18542,QMLE-Trade,2019-11-14,0.178175
CAT,18542,QMLE-Trade,2019-11-15,0.145849
CAT,18542,QMLE-Trade,2019-11-18,0.155739
CAT,18542,QMLE-Trade,2019-11-19,0.1405
CAT,18542,QMLE-Trade,2019-11-20,0.208894
CAT,18542,QMLE-Trade,2019-11-21,0.187755
CAT,18542,QMLE-Trade,2019-11-22,0.163299
CAT,18542,QMLE-Trade,2019-11-25,0.170832
CAT,18542,QMLE-Trade,2019-11-26,0.139746
CAT,18542,QMLE-Trade,2019-11-27,0.200659
CAT,18542,QMLE-Trade,2019-11-29,0.132684
CAT,18542,QMLE-Trade,2019-12-2,0.222361
CAT,18542,QMLE-Trade,2019-12-3,0.238292
CAT,18542,QMLE-Trade,2019-12-4,0.161512
CAT,18542,QMLE-Trade,2019-12-5,0.162241
CAT,18542,QMLE-Trade,2019-12-6,0.130333
CAT,18542,QMLE-Trade,2019-12-9,0.111042
CAT,18542,QMLE-Trade,2019-12-10,0.153972
CAT,18542,QMLE-Trade,2019-12-11,0.129001
CAT,18542,QMLE-Trade,2019-12-12,0.217526
CAT,18542,QMLE-Trade,2019-12-13,0.251058
CAT,18542,QMLE-Trade,2019-12-16,0.15905
CAT,18542,QMLE-Trade,2019-12-17,0.155401
CAT,18542,QMLE-Trade,2019-12-18,0.121001
CAT,18542,QMLE-Trade,2019-12-19,0.126534
CAT,18542,QMLE-Trade,2019-12-20,0.177006
CAT,18542,QMLE-Trade,2019-12-23,0.108934
CAT,18542,QMLE-Trade,2019-12-24,0.0947908
CAT,18542,QMLE-Trade,2019-12-26,0.121733
CAT,18542,QMLE-Trade,2019-12-27,0.103972
CAT,18542,QMLE-Trade,2019-12-30,0.116914
CAT,18542,QMLE-Trade,2019-12-31,0.144318
CAT,18542,QMLE-Trade,2020-1-2,0.164668
CAT,18542,QMLE-Trade,2020-1-3,0.208892
CAT,18542,QMLE-Trade,2020-1-6,0.132596
CAT,18542,QMLE-Trade,2020-1-7,0.139228
CAT,18542,QMLE-Trade,2020-1-8,0.169376
CAT,18542,QMLE-Trade,2020-1-9,0.131945
CAT,18542,QMLE-Trade,2020-1-10,0.104407
CAT,18542,QMLE-Trade,2020-1-13,0.107764
CAT,18542,QMLE-Trade,2020-1-14,0.147248
CAT,18542,QMLE-Trade,2020-1-15,0.132536
CAT,18542,QMLE-Trade,2020-1-16,0.113295
CAT,18542,QMLE-Trade,2020-1-17,0.143201
CAT,18542,QMLE-Trade,2020-1-21,0.140207
CAT,18542,QMLE-Trade,2020-1-22,0.163467
CAT,18542,QMLE-Trade,2020-1-23,0.208549
CAT,18542,QMLE-Trade,2020-1-24,0.195623
CAT,18542,QMLE-Trade,2020-1-27,0.225679
CAT,18542,QMLE-Trade,2020-1-28,0.169405
CAT,18542,QMLE-Trade,2020-1-29,0.16083
CAT,18542,QMLE-Trade,2020-1-30,0.267465
CAT,18542,QMLE-Trade,2020-1-31,0.341125
CAT,18542,QMLE-Trade,2020-2-3,0.237122
CAT,18542,QMLE-Trade,2020-2-4,0.209682
CAT,18542,QMLE-Trade,2020-2-5,0.191775
CAT,18542,QMLE-Trade,2020-2-6,0.185982
CAT,18542,QMLE-Trade,2020-2-7,0.203624
CAT,18542,QMLE-Trade,2020-2-10,0.147332
CAT,18542,QMLE-Trade,2020-2-11,0.151092
CAT,18542,QMLE-Trade,2020-2-12,0.177242
CAT,18542,QMLE-Trade,2020-2-13,0.183158
CAT,18542,QMLE-Trade,2020-2-14,0.144037
CAT,18542,QMLE-Trade,2020-2-18,0.179343
CAT,18542,QMLE-Trade,2020-2-19,0.131557
CAT,18542,QMLE-Trade,2020-2-20,0.201163
CAT,18542,QMLE-Trade,2020-2-21,0.217527
CAT,18542,QMLE-Trade,2020-2-24,0.24714
CAT,18542,QMLE-Trade,2020-2-25,0.322563
CAT,18542,QMLE-Trade,2020-2-26,0.32656
CAT,18542,QMLE-Trade,2020-2-27,0.447198
CAT,18542,QMLE-Trade,2020-2-28,0.581838
CAT,18542,QMLE-Trade,2020-3-2,0.38467
CAT,18542,QMLE-Trade,2020-3-3,0.572037
CAT,18542,QMLE-Trade,2020-3-4,0.328814
CAT,18542,QMLE-Trade,2020-3-5,0.350165
CAT,18542,QMLE-Trade,2020-3-6,0.435767
CAT,18542,QMLE-Trade,2020-3-9,0.547913
CAT,18542,QMLE-Trade,2020-3-10,0.499939
CAT,18542,QMLE-Trade,2020-3-11,0.639633
CAT,18542,QMLE-Trade,2020-3-12,0.862194
CAT,18542,QMLE-Trade,2020-3-13,0.796956
CAT,18542,QMLE-Trade,2020-3-16,0.912489
CAT,18542,QMLE-Trade,2020-3-17,0.974423
CAT,18542,QMLE-Trade,2020-3-18,1.14928
CAT,18542,QMLE-Trade,2020-3-19,1.01853
CAT,18542,QMLE-Trade,2020-3-20,0.952782
CAT,18542,QMLE-Trade,2020-3-23,1.13449
CAT,18542,QMLE-Trade,2020-3-24,0.705295
CAT,18542,QMLE-Trade,2020-3-25,0.84946
CAT,18542,QMLE-Trade,2020-3-26,0.817806
CAT,18542,QMLE-Trade,2020-3-27,0.678448
CAT,18542,QMLE-Trade,2020-3-30,0.527532
CAT,18542,QMLE-Trade,2020-3-31,0.643454
CAT,18542,QMLE-Trade,2020-4-1,0.644352
CAT,18542,QMLE-Trade,2020-4-2,0.587049
CAT,18542,QMLE-Trade,2020-4-3,0.477861
CAT,18542,QMLE-Trade,2020-4-6,0.439741
CAT,18542,QMLE-Trade,2020-4-7,0.597048
CAT,18542,QMLE-Trade,2020-4-8,0.45131
CAT,18542,QMLE-Trade,2020-4-9,0.443136
CAT,18542,QMLE-Trade,2020-4-13,0.488089
CAT,18542,QMLE-Trade,2020-4-14,0.415428
CAT,18542,QMLE-Trade,2020-4-15,0.37046
CAT,18542,QMLE-Trade,2020-4-16,0.339635
CAT,18542,QMLE-Trade,2020-4-17,0.33502
CAT,18542,QMLE-Trade,2020-4-20,0.375522
CAT,18542,QMLE-Trade,2020-4-21,0.3713
CAT,18542,QMLE-Trade,2020-4-22,0.302408
CAT,18542,QMLE-Trade,2020-4-23,0.351962
CAT,18542,QMLE-Trade,2020-4-24,0.265666
CAT,18542,QMLE-Trade,2020-4-27,0.321357
CAT,18542,QMLE-Trade,2020-4-28,0.438612
CAT,18542,QMLE-Trade,2020-4-29,0.294813
CAT,18542,QMLE-Trade,2020-4-30,0.302035
CAT,18542,QMLE-Trade,2020-5-1,0.269475
CAT,18542,QMLE-Trade,2020-5-4,0.271945
CAT,18542,QMLE-Trade,2020-5-5,0.24408
CAT,18542,QMLE-Trade,2020-5-6,0.295511
CAT,18542,QMLE-Trade,2020-5-7,0.266652
CAT,18542,QMLE-Trade,2020-5-8,0.219231
CAT,18542,QMLE-Trade,2020-5-11,0.268415
CAT,18542,QMLE-Trade,2020-5-12,0.252326
CAT,18542,QMLE-Trade,2020-5-13,0.362397
CAT,18542,QMLE-Trade,2020-5-14,0.404421
CAT,18542,QMLE-Trade,2020-5-15,0.317251
CAT,18542,QMLE-Trade,2020-5-18,0.296652
CAT,18542,QMLE-Trade,2020-5-19,0.282373
CAT,18542,QMLE-Trade,2020-5-20,0.26987
CAT,18542,QMLE-Trade,2020-5-21,0.229227
CAT,18542,QMLE-Trade,2020-5-22,0.236493
CAT,18542,QMLE-Trade,2020-5-26,0.255542
CAT,18542,QMLE-Trade,2020-5-27,0.3072
CAT,18542,QMLE-Trade,2020-5-28,0.289658
CAT,18542,QMLE-Trade,2020-5-29,0.354438
CAT,18542,QMLE-Trade,2020-6-1,0.258775
CAT,18542,QMLE-Trade,2020-6-2,0.227717
CAT,18542,QMLE-Trade,2020-6-3,0.224794
CAT,18542,QMLE-Trade,2020-6-4,0.263359
CAT,18542,QMLE-Trade,2020-6-5,0.405291
CAT,18542,QMLE-Trade,2020-6-8,0.319531
CAT,18542,QMLE-Trade,2020-6-9,0.273484
CAT,18542,QMLE-Trade,2020-6-10,0.336435
CAT,18542,QMLE-Trade,2020-6-11,0.444417
CAT,18542,QMLE-Trade,2020-6-12,0.473824
CAT,18542,QMLE-Trade,2020-6-15,0.40481
CAT,18542,QMLE-Trade,2020-6-16,0.465926
CAT,18542,QMLE-Trade,2020-6-17,0.273626
CAT,18542,QMLE-Trade,2020-6-18,0.301201
CAT,18542,QMLE-Trade,2020-6-19,0.360161
CAT,18542,QMLE-Trade,2020-6-22,0.283733
CAT,18542,QMLE-Trade,2020-6-23,0.228396
CAT,18542,QMLE-Trade,2020-6-24,0.297962
CAT,18542,QMLE-Trade,2020-6-25,0.280258
CAT,18542,QMLE-Trade,2020-6-26,0.273894
CAT,18542,QMLE-Trade,2020-6-29,0.244203
CAT,18542,QMLE-Trade,2020-6-30,0.254624
CAT,18542,QMLE-Trade,2020-7-1,0.289099
CAT,18542,QMLE-Trade,2020-7-2,0.232361
CAT,18542,QMLE-Trade,2020-7-6,0.232383
CAT,18542,QMLE-Trade,2020-7-7,0.194657
CAT,18542,QMLE-Trade,2020-7-8,0.217437
CAT,18542,QMLE-Trade,2020-7-9,0.230911
CAT,18542,QMLE-Trade,2020-7-10,0.207052
CAT,18542,QMLE-Trade,2020-7-13,0.219389
CAT,18542,QMLE-Trade,2020-7-14,0.290079
CAT,18542,QMLE-Trade,2020-7-15,0.302528
CAT,18542,QMLE-Trade,2020-7-16,0.213968
CAT,18542,QMLE-Trade,2020-7-17,0.184978
CAT,18542,QMLE-Trade,2020-7-20,0.197935
CAT,18542,QMLE-Trade,2020-7-21,0.230661
CAT,18542,QMLE-Trade,2020-7-22,0.188308
CAT,18542,QMLE-Trade,2020-7-23,0.210087
CAT,18542,QMLE-Trade,2020-7-24,0.194775
CAT,18542,QMLE-Trade,2020-7-27,0.19634
CAT,18542,QMLE-Trade,2020-7-28,0.16672
CAT,18542,QMLE-Trade,2020-7-29,0.165397
CAT,18542,QMLE-Trade,2020-7-30,0.256006
CAT,18542,QMLE-Trade,2020-7-31,0.487054
CAT,18542,QMLE-Trade,2020-8-3,0.219101
CAT,18542,QMLE-Trade,2020-8-4,0.192114
CAT,18542,QMLE-Trade,2020-8-5,0.217174
CAT,18542,QMLE-Trade,2020-8-6,0.191816
CAT,18542,QMLE-Trade,2020-8-7,0.172853
CAT,18542,QMLE-Trade,2020-8-10,0.219442
CAT,18542,QMLE-Trade,2020-8-11,0.294526
CAT,18542,QMLE-Trade,2020-8-12,0.207377
CAT,18542,QMLE-Trade,2020-8-13,0.197563
CAT,18542,QMLE-Trade,2020-8-14,0.193112
CAT,18542,QMLE-Trade,2020-8-17,0.149662
CAT,18542,QMLE-Trade,2020-8-18,0.178923
CAT,18542,QMLE-Trade,2020-8-19,0.186317
CAT,18542,QMLE-Trade,2020-8-20,0.191299
CAT,18542,QMLE-Trade,2020-8-21,0.218388
CAT,18542,QMLE-Trade,2020-8-24,0.202404
CAT,18542,QMLE-Trade,2020-8-25,0.204734
CAT,18542,QMLE-Trade,2020-8-26,0.19431
CAT,18542,QMLE-Trade,2020-8-27,0.195573
CAT,18542,QMLE-Trade,2020-8-28,0.218302
CAT,18542,QMLE-Trade,2020-8-31,0.166761
CAT,18542,QMLE-Trade,2020-9-1,0.19335
CAT,18542,QMLE-Trade,2020-9-2,0.26914
CAT,18542,QMLE-Trade,2020-9-3,0.36145
CAT,18542,QMLE-Trade,2020-9-4,0.370079
CAT,18542,QMLE-Trade,2020-9-8,0.308358
CAT,18542,QMLE-Trade,2020-9-9,0.308092
CAT,18542,QMLE-Trade,2020-9-10,0.292313
CAT,18542,QMLE-Trade,2020-9-11,0.251101
CAT,18542,QMLE-Trade,2020-9-14,0.233564
CAT,18542,QMLE-Trade,2020-9-15,0.264928
CAT,18542,QMLE-Trade,2020-9-16,0.210948
CAT,18542,QMLE-Trade,2020-9-17,0.276241
CAT,18542,QMLE-Trade,2020-9-18,0.283137
CAT,18542,QMLE-Trade,2020-9-21,0.327377
CAT,18542,QMLE-Trade,2020-9-22,0.243135
CAT,18542,QMLE-Trade,2020-9-23,0.25568
CAT,18542,QMLE-Trade,2020-9-24,0.277229
CAT,18542,QMLE-Trade,2020-9-25,0.247937
CAT,18542,QMLE-Trade,2020-9-28,0.216554
CAT,18542,QMLE-Trade,2020-9-29,0.208096
CAT,18542,QMLE-Trade,2020-9-30,0.253493
CAT,18542,QMLE-Trade,2020-10-1,0.254063
CAT,18542,QMLE-Trade,2020-10-2,0.299192
CAT,18542,QMLE-Trade,2020-10-5,0.241874
CAT,18542,QMLE-Trade,2020-10-6,0.288283
CAT,18542,QMLE-Trade,2020-10-7,0.20282
CAT,18542,QMLE-Trade,2020-10-8,0.194149
CAT,18542,QMLE-Trade,2020-10-9,0.181494
CAT,18542,QMLE-Trade,2020-10-12,0.212545
CAT,18542,QMLE-Trade,2020-10-13,0.204774
CAT,18542,QMLE-Trade,2020-10-14,0.1804
CAT,18542,QMLE-Trade,2020-10-15,0.21756
CAT,18542,QMLE-Trade,2020-10-16,0.194484
CAT,18542,QMLE-Trade,2020-10-19,0.205297
CAT,18542,QMLE-Trade,2020-10-20,0.207239
CAT,18542,QMLE-Trade,2020-10-21,0.216149
CAT,18542,QMLE-Trade,2020-10-22,0.213737
CAT,18542,QMLE-Trade,2020-10-23,0.181477
CAT,18542,QMLE-Trade,2020-10-26,0.271855
CAT,18542,QMLE-Trade,2020-10-27,0.37693
CAT,18542,QMLE-Trade,2020-10-28,0.395231
CAT,18542,QMLE-Trade,2020-10-29,0.317727
CAT,18542,QMLE-Trade,2020-10-30,0.338017
CAT,18542,QMLE-Trade,2020-11-2,0.303498
CAT,18542,QMLE-Trade,2020-11-3,0.284179
CAT,18542,QMLE-Trade,2020-11-4,0.417256
CAT,18542,QMLE-Trade,2020-11-5,0.288261
CAT,18542,QMLE-Trade,2020-11-6,0.270865
CAT,18542,QMLE-Trade,2020-11-9,0.465046
CAT,18542,QMLE-Trade,2020-11-10,0.321358
CAT,18542,QMLE-Trade,2020-11-11,0.255295
CAT,18542,QMLE-Trade,2020-11-12,0.254068
CAT,18542,QMLE-Trade,2020-11-13,0.231649
CAT,18542,QMLE-Trade,2020-11-16,0.245083
CAT,18542,QMLE-Trade,2020-11-17,0.212962
CAT,18542,QMLE-Trade,2020-11-18,0.209346
CAT,18542,QMLE-Trade,2020-11-19,0.256849
CAT,18542,QMLE-Trade,2020-11-20,0.239759
CAT,18542,QMLE-Trade,2020-11-23,0.206649
CAT,18542,QMLE-Trade,2020-11-24,0.20963
CAT,18542,QMLE-Trade,2020-11-25,0.226097
CAT,18542,QMLE-Trade,2020-11-27,0.180125
CAT,18542,QMLE-Trade,2020-11-30,0.243064
CAT,18542,QMLE-Trade,2020-12-1,0.224573
CAT,18542,QMLE-Trade,2020-12-2,0.200518
CAT,18542,QMLE-Trade,2020-12-3,0.183628
CAT,18542,QMLE-Trade,2020-12-4,0.196913
CAT,18542,QMLE-Trade,2020-12-7,0.199985
CAT,18542,QMLE-Trade,2020-12-8,0.196766
CAT,18542,QMLE-Trade,2020-12-9,0.179825
CAT,18542,QMLE-Trade,2020-12-10,0.175753
CAT,18542,QMLE-Trade,2020-12-11,0.196744
CAT,18542,QMLE-Trade,2020-12-14,0.223761
CAT,18542,QMLE-Trade,2020-12-15,0.183947
CAT,18542,QMLE-Trade,2020-12-17,0.156205
CAT,18542,QMLE-Trade,2020-12-18,0.206793
CAT,18542,QMLE-Trade,2020-12-21,0.236179
CAT,18542,QMLE-Trade,2020-12-22,0.200515
CAT,18542,QMLE-Trade,2020-12-23,0.154048
CAT,18542,QMLE-Trade,2020-12-24,0.116028
CAT,18542,QMLE-Trade,2020-12-28,0.147792
CAT,18542,QMLE-Trade,2020-12-29,0.179345
CAT,18542,QMLE-Trade,2020-12-30,0.215359
CAT,18542,QMLE-Trade,2020-12-31,0.166856
CAT,18542,QMLE-Trade,2021-1-4,0.302288
CAT,18542,QMLE-Trade,2021-1-5,0.237186
CAT,18542,QMLE-Trade,2021-1-6,0.349793
CAT,18542,QMLE-Trade,2021-1-7,0.270951
CAT,18542,QMLE-Trade,2021-1-8,0.222774
CAT,18542,QMLE-Trade,2021-1-11,0.228647
CAT,18542,QMLE-Trade,2021-1-12,0.197241
CAT,18542,QMLE-Trade,2021-1-13,0.187093
CAT,18542,QMLE-Trade,2021-1-14,0.186061
CAT,18542,QMLE-Trade,2021-1-15,0.243452
CAT,18542,QMLE-Trade,2021-1-19,0.214942
CAT,18542,QMLE-Trade,2021-1-20,0.241187
CAT,18542,QMLE-Trade,2021-1-21,0.191324
CAT,18542,QMLE-Trade,2021-1-22,0.218586
CAT,18542,QMLE-Trade,2021-1-25,0.264334
CAT,18542,QMLE-Trade,2021-1-26,0.200948
CAT,18542,QMLE-Trade,2021-1-27,0.38294
CAT,18542,QMLE-Trade,2021-1-28,0.300663
CAT,18542,QMLE-Trade,2021-1-29,0.442517
CAT,18542,QMLE-Trade,2021-2-1,0.277847
CAT,18542,QMLE-Trade,2021-2-2,0.291552
CAT,18542,QMLE-Trade,2021-2-3,0.203852
CAT,18542,QMLE-Trade,2021-2-4,0.206949
CAT,18542,QMLE-Trade,2021-2-5,0.231177
CAT,18542,QMLE-Trade,2021-2-8,0.190137
CAT,18542,QMLE-Trade,2021-2-9,0.195015
CAT,18542,QMLE-Trade,2021-2-11,0.219788
CAT,18542,QMLE-Trade,2021-2-12,0.160641
CAT,18542,QMLE-Trade,2021-2-16,0.267289
CAT,18542,QMLE-Trade,2021-2-17,0.263295
CAT,18542,QMLE-Trade,2021-2-18,0.218852
CAT,18542,QMLE-Trade,2021-2-19,0.312245
CAT,18542,QMLE-Trade,2021-2-22,0.287861
CAT,18542,QMLE-Trade,2021-2-23,0.34632
CAT,18542,QMLE-Trade,2021-2-24,0.319059
CAT,18542,QMLE-Trade,2021-2-25,0.294176
CAT,18542,QMLE-Trade,2021-2-26,0.316216
CAT,18542,QMLE-Trade,2021-3-1,0.249448
CAT,18542,QMLE-Trade,2021-3-2,0.236755
CAT,18542,QMLE-Trade,2021-3-3,0.272306
CAT,18542,QMLE-Trade,2021-3-4,0.378684
CAT,18542,QMLE-Trade,2021-3-5,0.362231
CAT,18542,QMLE-Trade,2021-3-8,0.28261
CAT,18542,QMLE-Trade,2021-3-9,0.233094
CAT,18542,QMLE-Trade,2021-3-10,0.222508
CAT,18542,QMLE-Trade,2021-3-11,0.234147
CAT,18542,QMLE-Trade,2021-3-12,0.206448
CAT,18542,QMLE-Trade,2021-3-15,0.250962
CAT,18542,QMLE-Trade,2021-3-16,0.240573
CAT,18542,QMLE-Trade,2021-3-17,0.226272
CAT,18542,QMLE-Trade,2021-3-18,0.296067
CAT,18542,QMLE-Trade,2021-3-19,0.297498
CAT,18542,QMLE-Trade,2021-3-22,0.207825
CAT,18542,QMLE-Trade,2021-3-24,0.303879
CAT,18542,QMLE-Trade,2021-3-25,0.301972
CAT,18542,QMLE-Trade,2021-3-26,0.246036
CAT,18542,QMLE-Trade,2021-3-29,0.263342
CAT,18542,QMLE-Trade,2021-3-30,0.210398
CAT,18542,QMLE-Trade,2021-3-31,0.246181
CAT,18542,QMLE-Trade,2021-4-1,0.266928
CAT,18542,QMLE-Trade,2021-4-5,0.215077
CAT,18542,QMLE-Trade,2021-4-6,0.186573
CAT,18542,QMLE-Trade,2021-4-7,0.201064
CAT,18542,QMLE-Trade,2021-4-9,0.159168
CAT,18542,QMLE-Trade,2021-4-12,0.167564
CAT,18542,QMLE-Trade,2021-4-13,0.199251
CAT,18542,QMLE-Trade,2021-4-14,0.186324
CAT,18542,QMLE-Trade,2021-4-15,0.180925
CAT,18542,QMLE-Trade,2021-4-16,0.167969
CAT,18542,QMLE-Trade,2021-4-19,0.176383
CAT,18542,QMLE-Trade,2021-4-20,0.198985
CAT,18542,QMLE-Trade,2021-4-21,0.207303
CAT,18542,QMLE-Trade,2021-4-22,0.23101
CAT,18542,QMLE-Trade,2021-4-23,0.181674
CAT,18542,QMLE-Trade,2021-4-26,0.180036
CAT,18542,QMLE-Trade,2021-4-27,0.16971
CAT,18542,QMLE-Trade,2021-4-28,0.189035
CAT,18542,QMLE-Trade,2021-4-29,0.381833
CAT,18542,QMLE-Trade,2021-4-30,0.221841
CAT,18542,QMLE-Trade,2021-5-3,0.200001
CAT,18542,QMLE-Trade,2021-5-4,0.230495
CAT,18542,QMLE-Trade,2021-5-5,0.219126
CAT,18542,QMLE-Trade,2021-5-6,0.236125
CAT,18542,QMLE-Trade,2021-5-7,0.227764
CAT,18542,QMLE-Trade,2021-5-10,0.223094
CAT,18542,QMLE-Trade,2021-5-11,0.278838
CAT,18542,QMLE-Trade,2021-5-13,0.255664
CAT,18542,QMLE-Trade,2021-5-14,0.195786
CAT,18542,QMLE-Trade,2021-5-17,0.228957
CAT,18542,QMLE-Trade,2021-5-18,0.205386
CAT,18542,QMLE-Trade,2021-5-19,0.290218
CAT,18542,QMLE-Trade,2021-5-20,0.246604
CAT,18542,QMLE-Trade,2021-5-21,0.219051
CAT,18542,QMLE-Trade,2021-5-24,0.175402
CAT,18542,QMLE-Trade,2021-5-25,0.174868
CAT,18542,QMLE-Trade,2021-5-26,0.169896
CAT,18542,QMLE-Trade,2021-5-27,0.194292
CAT,18542,QMLE-Trade,2021-5-28,0.191608
CAT,18542,QMLE-Trade,2021-6-1,0.187878
CAT,18542,QMLE-Trade,2021-6-2,0.194343
CAT,18542,QMLE-Trade,2021-6-3,0.186983
CAT,18542,QMLE-Trade,2021-6-4,0.160606
CAT,18542,QMLE-Trade,2021-6-7,0.158577
CAT,18542,QMLE-Trade,2021-6-8,0.17972
CAT,18542,QMLE-Trade,2021-6-9,0.151776
CAT,18542,QMLE-Trade,2021-6-10,0.191294
CAT,18542,QMLE-Trade,2021-6-11,0.221994
CAT,18542,QMLE-Trade,2021-6-14,0.234396
CAT,18542,QMLE-Trade,2021-6-15,0.196538
CAT,18542,QMLE-Trade,2021-6-16,0.222468
CAT,18542,QMLE-Trade,2021-6-17,0.257542
CAT,18542,QMLE-Trade,2021-6-18,0.30908
CAT,18542,QMLE-Trade,2021-6-21,0.238522
CAT,18542,QMLE-Trade,2021-6-22,0.201766
CAT,18542,QMLE-Trade,2021-6-23,0.191612
CAT,18542,QMLE-Trade,2021-6-24,0.239146
CAT,18542,QMLE-Trade,2021-6-25,0.210708
CAT,18542,QMLE-Trade,2021-6-28,0.205253
CAT,18542,QMLE-Trade,2021-6-29,0.188382
CAT,18542,QMLE-Trade,2021-6-30,0.166463
CAT,18542,QMLE-Trade,2021-7-1,0.1613
CAT,18542,QMLE-Trade,2021-7-2,0.147827
CAT,18542,QMLE-Trade,2021-7-6,0.206297
CAT,18542,QMLE-Trade,2021-7-7,0.217811
CAT,18542,QMLE-Trade,2021-7-8,0.271552
CAT,18542,QMLE-Trade,2021-7-9,0.204345
CAT,18542,QMLE-Trade,2021-7-12,0.196942
CAT,18542,QMLE-Trade,2021-7-13,0.168237
CAT,18542,QMLE-Trade,2021-7-14,0.187618
CAT,18542,QMLE-Trade,2021-7-15,0.203736
CAT,18542,QMLE-Trade,2021-7-16,0.176935
CAT,18542,QMLE-Trade,2021-7-19,0.27799
CAT,18542,QMLE-Trade,2021-7-20,0.226428
CAT,18542,QMLE-Trade,2021-7-21,0.192384
CAT,18542,QMLE-Trade,2021-7-22,0.195017
CAT,18542,QMLE-Trade,2021-7-23,0.174802
CAT,18542,QMLE-Trade,2021-7-26,0.168594
CAT,18542,QMLE-Trade,2021-7-27,0.220889
CAT,18542,QMLE-Trade,2021-7-28,0.2159
CAT,18542,QMLE-Trade,2021-7-29,0.225209
CAT,18542,QMLE-Trade,2021-7-30,0.285107
CAT,18542,QMLE-Trade,2021-8-2,0.204356
CAT,18542,QMLE-Trade,2021-8-3,0.203347
CAT,18542,QMLE-Trade,2021-8-4,0.189413
CAT,18542,QMLE-Trade,2021-8-5,0.177131
CAT,18542,QMLE-Trade,2021-8-6,0.186595
CAT,18542,QMLE-Trade,2021-8-9,0.188982
CAT,18542,QMLE-Trade,2021-8-10,0.185591
CAT,18542,QMLE-Trade,2021-8-11,0.271654
CAT,18542,QMLE-Trade,2021-8-12,0.229687
CAT,18542,QMLE-Trade,2021-8-13,0.171413
CAT,18542,QMLE-Trade,2021-8-16,0.21312
CAT,18542,QMLE-Trade,2021-8-17,0.211183
CAT,18542,QMLE-Trade,2021-8-18,0.18783
CAT,18542,QMLE-Trade,2021-8-19,0.240277
CAT,18542,QMLE-Trade,2021-8-20,0.207247
CAT,18542,QMLE-Trade,2021-8-23,0.17397
CAT,18542,QMLE-Trade,2021-8-24,0.180755
CAT,18542,QMLE-Trade,2021-8-25,0.150459
CAT,18542,QMLE-Trade,2021-8-26,0.196656
CAT,18542,QMLE-Trade,2021-8-27,0.142574
CAT,18542,QMLE-Trade,2021-8-30,0.150935
CAT,18542,QMLE-Trade,2021-8-31,0.17815
CAT,18542,QMLE-Trade,2021-9-1,0.200476
CAT,18542,QMLE-Trade,2021-9-2,0.170017
CAT,18542,QMLE-Trade,2021-9-3,0.164925
CAT,18542,QMLE-Trade,2021-9-7,0.175801
CAT,18542,QMLE-Trade,2021-9-8,0.189555
CAT,18542,QMLE-Trade,2021-9-9,0.177195
CAT,18542,QMLE-Trade,2021-9-10,0.174737
CAT,18542,QMLE-Trade,2021-9-13,0.184732
CAT,18542,QMLE-Trade,2021-9-14,0.181674
CAT,18542,QMLE-Trade,2021-9-15,0.193761
CAT,18542,QMLE-Trade,2021-9-16,0.163108
CAT,18542,QMLE-Trade,2021-9-17,0.200641
CAT,18542,QMLE-Trade,2021-9-20,0.32923
CAT,18542,QMLE-Trade,2021-9-21,0.241743
CAT,18542,QMLE-Trade,2021-9-22,0.225434
CAT,18542,QMLE-Trade,2021-9-23,0.173457
CAT,18542,QMLE-Trade,2021-9-24,0.172313
CAT,18542,QMLE-Trade,2021-9-27,0.194835
CAT,18542,QMLE-Trade,2021-9-28,0.2568
CAT,18542,QMLE-Trade,2021-9-29,0.191296
CAT,18542,QMLE-Trade,2021-9-30,0.236077
CAT,18542,QMLE-Trade,2021-10-1,0.242805
CAT,18542,QMLE-Trade,2021-10-4,0.239547
CAT,18542,QMLE-Trade,2021-10-5,0.221238
CAT,18542,QMLE-Trade,2021-10-6,0.271454
CAT,18542,QMLE-Trade,2021-10-7,0.174137
CAT,18542,QMLE-Trade,2021-10-8,0.170403
CAT,18542,QMLE-Trade,2021-10-11,0.180782
CAT,18542,QMLE-Trade,2021-10-12,0.224238
CAT,18542,QMLE-Trade,2021-10-13,0.192277
CAT,18542,QMLE-Trade,2021-10-14,0.193144
CAT,18542,QMLE-Trade,2021-10-15,0.164538
CAT,18542,QMLE-Trade,2021-10-18,0.179829
CAT,18542,QMLE-Trade,2021-10-19,0.17564
CAT,18542,QMLE-Trade,2021-10-20,0.154531
CAT,18542,QMLE-Trade,2021-10-21,0.165152
CAT,18542,QMLE-Trade,2021-10-22,0.177588
CAT,18542,QMLE-Trade,2021-10-25,0.152229
CAT,18542,QMLE-Trade,2021-10-26,0.171839
CAT,18542,QMLE-Trade,2021-10-27,0.193017
CAT,18542,QMLE-Trade,2021-10-28,0.324292
CAT,18542,QMLE-Trade,2021-11-1,0.189185
CAT,18542,QMLE-Trade,2021-11-2,0.226517
CAT,18542,QMLE-Trade,2021-11-3,0.199242
CAT,18542,QMLE-Trade,2021-11-4,0.16735
CAT,18542,QMLE-Trade,2021-11-5,0.178441
CAT,18542,QMLE-Trade,2021-11-8,0.268127
CAT,18542,QMLE-Trade,2021-11-9,0.209387
CAT,18542,QMLE-Trade,2021-11-10,0.175815
CAT,18542,QMLE-Trade,2021-11-11,0.16825
CAT,18542,QMLE-Trade,2021-11-12,0.134665
CAT,18542,QMLE-Trade,2021-11-15,0.157961
CAT,18542,QMLE-Trade,2021-11-16,0.162062
CAT,18542,QMLE-Trade,2021-11-17,0.179542
CAT,18542,QMLE-Trade,2021-11-18,0.177001
CAT,18542,QMLE-Trade,2021-11-19,0.20884
CAT,18542,QMLE-Trade,2021-11-22,0.200295
CAT,18542,QMLE-Trade,2021-11-23,0.22038
CAT,18542,QMLE-Trade,2021-11-24,0.265328
CAT,18542,QMLE-Trade,2021-11-26,0.303519
CAT,18542,QMLE-Trade,2021-11-29,0.27279
CAT,18542,QMLE-Trade,2021-11-30,0.325924
CAT,18542,QMLE-Trade,2021-12-1,0.266386
CAT,18542,QMLE-Trade,2021-12-2,0.299489
CAT,18542,QMLE-Trade,2021-12-3,0.278607
CAT,18542,QMLE-Trade,2021-12-6,0.254507
CAT,18542,QMLE-Trade,2021-12-7,0.194245
CAT,18542,QMLE-Trade,2021-12-8,0.183571
CAT,18542,QMLE-Trade,2021-12-9,0.20188
CAT,18542,QMLE-Trade,2021-12-10,0.175423
CAT,18542,QMLE-Trade,2021-12-13,0.168176
CAT,18542,QMLE-Trade,2021-12-14,0.207285
CAT,18542,QMLE-Trade,2021-12-15,0.229984
CAT,18542,QMLE-Trade,2021-12-16,0.23163
CAT,18542,QMLE-Trade,2021-12-17,0.243055
CAT,18542,QMLE-Trade,2021-12-20,0.253475
CAT,18542,QMLE-Trade,2021-12-21,0.209819
CAT,18542,QMLE-Trade,2021-12-22,0.205059
CAT,18542,QMLE-Trade,2021-12-23,0.141486
CAT,18542,QMLE-Trade,2021-12-28,0.138372
CAT,18542,QMLE-Trade,2021-12-29,0.132808
CAT,18542,QMLE-Trade,2021-12-30,0.133978
CAT,18542,QMLE-Trade,2021-12-31,0.121691
CAT,18542,QMLE-Trade,2022-1-3,0.181715
CAT,18542,QMLE-Trade,2022-1-4,0.217786
CAT,18542,QMLE-Trade,2022-1-5,0.250773
CAT,18542,QMLE-Trade,2022-1-6,0.249774
CAT,18542,QMLE-Trade,2022-1-7,0.182816
CAT,18542,QMLE-Trade,2022-1-10,0.242607
CAT,18542,QMLE-Trade,2022-1-11,0.21218
CAT,18542,QMLE-Trade,2022-1-12,0.210303
CAT,18542,QMLE-Trade,2022-1-13,0.213029
CAT,18542,QMLE-Trade,2022-1-14,0.233818
CAT,18542,QMLE-Trade,2022-1-18,0.234841
CAT,18542,QMLE-Trade,2022-1-19,0.244729
CAT,18542,QMLE-Trade,2022-1-20,0.265794
CAT,18542,QMLE-Trade,2022-1-21,0.324205
CAT,18542,QMLE-Trade,2022-1-24,0.420896
CAT,18542,QMLE-Trade,2022-1-25,0.380384
CAT,18542,QMLE-Trade,2022-1-26,0.392411
CAT,18542,QMLE-Trade,2022-1-27,0.343499
CAT,18542,QMLE-Trade,2022-1-28,0.495347
CAT,18542,QMLE-Trade,2022-1-31,0.326482
CAT,18542,QMLE-Trade,2022-2-1,0.254092
CAT,18542,QMLE-Trade,2022-2-2,0.253678
CAT,18542,QMLE-Trade,2022-2-3,0.221049
CAT,18542,QMLE-Trade,2022-2-4,0.230343
CAT,18542,QMLE-Trade,2022-2-7,0.185999
CAT,18542,QMLE-Trade,2022-2-8,0.19823
CAT,18542,QMLE-Trade,2022-2-9,0.150715
CAT,18542,QMLE-Trade,2022-2-10,0.220177
CAT,18542,QMLE-Trade,2022-2-11,0.27327
CAT,18542,QMLE-Trade,2022-2-14,0.258436
CAT,18542,QMLE-Trade,2022-2-15,0.21388
CAT,18542,QMLE-Trade,2022-2-16,0.197872
CAT,18542,QMLE-Trade,2022-2-17,0.203643
CAT,18542,QMLE-Trade,2022-2-18,0.282703
CAT,18542,QMLE-Trade,2022-2-22,0.275598
CAT,18542,QMLE-Trade,2022-2-23,0.24997
CAT,18542,QMLE-Trade,2022-2-24,0.359596
CAT,18542,QMLE-Trade,2022-2-25,0.261972
CAT,18542,QMLE-Trade,2022-2-28,0.293642
CAT,18542,QMLE-Trade,2022-3-1,0.312357
CAT,18542,QMLE-Trade,2022-3-2,0.288229
CAT,18542,QMLE-Trade,2022-3-3,0.263021
CAT,18542,QMLE-Trade,2022-3-4,0.298555
CAT,18542,QMLE-Trade,2022-3-7,0.327131
CAT,18542,QMLE-Trade,2022-3-8,0.426718
CAT,18542,QMLE-Trade,2022-3-9,0.351877
CAT,18542,QMLE-Trade,2022-3-10,0.308055
CAT,18542,QMLE-Trade,2022-3-11,0.266041
CAT,18542,QMLE-Trade,2022-3-14,0.277268
CAT,18542,QMLE-Trade,2022-3-15,0.279676
CAT,18542,QMLE-Trade,2022-3-16,0.329024
CAT,18542,QMLE-Trade,2022-3-17,0.221294
CAT,18542,QMLE-Trade,2022-3-18,0.22808
CAT,18542,QMLE-Trade,2022-3-21,0.239393
CAT,18542,QMLE-Trade,2022-3-22,0.203071
CAT,18542,QMLE-Trade,2022-3-23,0.209501
CAT,18542,QMLE-Trade,2022-3-24,0.220692
CAT,18542,QMLE-Trade,2022-3-25,0.173981
CAT,18542,QMLE-Trade,2022-3-28,0.192944
CAT,18542,QMLE-Trade,2022-3-29,0.264149
CAT,18542,QMLE-Trade,2022-3-30,0.228526
CAT,18542,QMLE-Trade,2022-3-31,0.20929
CAT,18542,QMLE-Trade,2022-4-1,0.217521
CAT,18542,QMLE-Trade,2022-4-4,0.231374
CAT,18542,QMLE-Trade,2022-4-5,0.240729
CAT,18542,QMLE-Trade,2022-4-6,0.237288
CAT,18542,QMLE-Trade,2022-4-7,0.218125
CAT,18542,QMLE-Trade,2022-4-8,0.19435
CAT,18542,QMLE-Trade,2022-4-11,0.223448
CAT,18542,QMLE-Trade,2022-4-12,0.235201
CAT,18542,QMLE-Trade,2022-4-13,0.196903
CAT,18542,QMLE-Trade,2022-4-14,0.259287
CAT,18542,QMLE-Trade,2022-4-18,0.267155
CAT,18542,QMLE-Trade,2022-4-19,0.220493
CAT,18542,QMLE-Trade,2022-4-20,0.220827
CAT,18542,QMLE-Trade,2022-4-21,0.245433
CAT,18542,QMLE-Trade,2022-4-22,0.335638
CAT,18542,QMLE-Trade,2022-4-25,0.383967
CAT,18542,QMLE-Trade,2022-4-26,0.307371
CAT,18542,QMLE-Trade,2022-4-27,0.419566
CAT,18542,QMLE-Trade,2022-4-28,0.495173
CAT,18542,QMLE-Trade,2022-4-29,0.301154
CAT,18542,QMLE-Trade,2022-5-2,0.379987
CAT,18542,QMLE-Trade,2022-5-3,0.307439
CAT,18542,QMLE-Trade,2022-5-4,0.349243
CAT,18542,QMLE-Trade,2022-5-5,0.396479
CAT,18542,QMLE-Trade,2022-5-6,0.394947
CAT,18542,QMLE-Trade,2022-5-9,0.364224
CAT,18542,QMLE-Trade,2022-5-10,0.3768
CAT,18542,QMLE-Trade,2022-5-11,0.37077
CAT,18542,QMLE-Trade,2022-5-12,0.416904
CAT,18542,QMLE-Trade,2022-5-13,0.299094
CAT,18542,QMLE-Trade,2022-5-16,0.308402
CAT,18542,QMLE-Trade,2022-5-18,0.36241
CAT,18542,QMLE-Trade,2022-5-19,0.363628
CAT,18542,QMLE-Trade,2022-5-20,0.385191
CAT,18542,QMLE-Trade,2022-5-23,0.311265
CAT,18542,QMLE-Trade,2022-5-24,0.303735
CAT,18542,QMLE-Trade,2022-5-25,0.283732
CAT,18542,QMLE-Trade,2022-5-26,0.226762
CAT,18542,QMLE-Trade,2022-5-27,0.239845
CAT,18542,QMLE-Trade,2022-5-31,0.299804
CAT,18542,QMLE-Trade,2022-6-1,0.26504
CAT,18542,QMLE-Trade,2022-6-2,0.297184
CAT,18542,QMLE-Trade,2022-6-3,0.246425
CAT,18542,QMLE-Trade,2022-6-6,0.213568
CAT,18542,QMLE-Trade,2022-6-7,0.184896
CAT,18542,QMLE-Trade,2022-6-8,0.262102
CAT,18542,QMLE-Trade,2022-6-9,0.236437
CAT,18542,QMLE-Trade,2022-6-10,0.280221
CAT,18542,QMLE-Trade,2022-6-13,0.31823
CAT,18542,QMLE-Trade,2022-6-14,0.307385
CAT,18542,QMLE-Trade,2022-6-15,0.389048
CAT,18542,QMLE-Trade,2022-6-16,0.31108
CAT,18542,QMLE-Trade,2022-6-17,0.377602
CAT,18542,QMLE-Trade,2022-6-21,0.249778
CAT,18542,QMLE-Trade,2022-6-22,0.29166
CAT,18542,QMLE-Trade,2022-6-23,0.348812
CAT,18542,QMLE-Trade,2022-6-24,0.305994
CAT,18542,QMLE-Trade,2022-6-27,0.330275
CAT,18542,QMLE-Trade,2022-6-28,0.279668
CAT,18542,QMLE-Trade,2022-6-29,0.304054
CAT,18542,QMLE-Trade,2022-6-30,0.30963
CAT,18542,QMLE-Trade,2022-7-1,0.342575
CAT,18542,QMLE-Trade,2022-7-5,0.329642
CAT,18542,QMLE-Trade,2022-7-6,0.29465
CAT,18542,QMLE-Trade,2022-7-7,0.324019
CAT,18542,QMLE-Trade,2022-7-8,0.280763
CAT,18542,QMLE-Trade,2022-7-11,0.303378
CAT,18542,QMLE-Trade,2022-7-12,0.300867
CAT,18542,QMLE-Trade,2022-7-13,0.336187
CAT,18542,QMLE-Trade,2022-7-14,0.317966
CAT,18542,QMLE-Trade,2022-7-15,0.305129
CAT,18542,QMLE-Trade,2022-7-18,0.257263
CAT,18542,QMLE-Trade,2022-7-19,0.241079
CAT,18542,QMLE-Trade,2022-7-20,0.285071
CAT,18542,QMLE-Trade,2022-7-21,0.268624
CAT,18542,QMLE-Trade,2022-7-22,0.24759
CAT,18542,QMLE-Trade,2022-7-25,0.242662
CAT,18542,QMLE-Trade,2022-7-26,0.232411
CAT,18542,QMLE-Trade,2022-7-27,0.244132
CAT,18542,QMLE-Trade,2022-7-28,0.269534
CAT,18542,QMLE-Trade,2022-7-29,0.25045
CAT,18542,QMLE-Trade,2022-8-1,0.324958
CAT,18542,QMLE-Trade,2022-8-2,0.406763
CAT,18542,QMLE-Trade,2022-8-3,0.289439
CAT,18542,QMLE-Trade,2022-8-4,0.293184
CAT,18542,QMLE-Trade,2022-8-5,0.251725
CAT,18542,QMLE-Trade,2022-8-8,0.258292
CAT,18542,QMLE-Trade,2022-8-9,0.228917
CAT,18542,QMLE-Trade,2022-8-10,0.215885
CAT,18542,QMLE-Trade,2022-8-11,0.233857
CAT,18542,QMLE-Trade,2022-8-12,0.18696
CAT,18542,QMLE-Trade,2022-8-15,0.247235
CAT,18542,QMLE-Trade,2022-8-16,0.214146
CAT,18542,QMLE-Trade,2022-8-17,0.204812
CAT,18542,QMLE-Trade,2022-8-18,0.188219
CAT,18542,QMLE-Trade,2022-8-19,0.220024
CAT,18542,QMLE-Trade,2022-8-22,0.218117
CAT,18542,QMLE-Trade,2022-8-23,0.249689
CAT,18542,QMLE-Trade,2022-8-24,0.191189
CAT,18542,QMLE-Trade,2022-8-25,0.175838
CAT,18542,QMLE-Trade,2022-8-26,0.282964
CAT,18542,QMLE-Trade,2022-8-29,0.246662
CAT,18542,QMLE-Trade,2022-8-30,0.262086
CAT,18542,QMLE-Trade,2022-8-31,0.270801
CAT,18542,QMLE-Trade,2022-9-1,0.26872
CAT,18542,QMLE-Trade,2022-9-2,0.286672
CAT,18542,QMLE-Trade,2022-9-6,0.262738
CAT,18542,QMLE-Trade,2022-9-8,0.295989
CAT,18542,QMLE-Trade,2022-9-9,0.23798
CAT,18542,QMLE-Trade,2022-9-12,0.196561
CAT,18542,QMLE-Trade,2022-9-13,0.24866
CAT,18542,QMLE-Trade,2022-9-14,0.245165
CAT,18542,QMLE-Trade,2022-9-15,0.261018
CAT,18542,QMLE-Trade,2022-9-16,0.2906
CAT,18542,QMLE-Trade,2022-9-19,0.265259
CAT,18542,QMLE-Trade,2022-9-20,0.251645
CAT,18542,QMLE-Trade,2022-9-21,0.371975
CAT,18542,QMLE-Trade,2022-9-22,0.304005
CAT,18542,QMLE-Trade,2022-9-23,0.320835
CAT,18542,QMLE-Trade,2022-9-26,0.342676
CAT,18542,QMLE-Trade,2022-9-27,0.305704
CAT,18542,QMLE-Trade,2022-9-28,0.30723
CAT,18542,QMLE-Trade,2022-9-29,0.293248
CAT,18542,QMLE-Trade,2022-9-30,0.324772
CAT,18542,QMLE-Trade,2022-10-4,0.271377
CAT,18542,QMLE-Trade,2022-10-5,0.266101
CAT,18542,QMLE-Trade,2022-10-6,0.261951
CAT,18542,QMLE-Trade,2022-10-7,0.258636
CAT,18542,QMLE-Trade,2022-10-10,0.281627
CAT,18542,QMLE-Trade,2022-10-11,0.288467
CAT,18542,QMLE-Trade,2022-10-12,0.23991
CAT,18542,QMLE-Trade,2022-10-13,0.44126
CAT,18542,QMLE-Trade,2022-10-14,0.336807
CAT,18542,QMLE-Trade,2022-10-17,0.265984
CAT,18542,QMLE-Trade,2022-10-18,0.28941
CAT,18542,QMLE-Trade,2022-10-19,0.262176
CAT,18542,QMLE-Trade,2022-10-20,0.273877
CAT,18542,QMLE-Trade,2022-10-21,0.336461
CAT,18542,QMLE-Trade,2022-10-24,0.327692
CAT,18542,QMLE-Trade,2022-10-25,0.220538
CAT,18542,QMLE-Trade,2022-10-26,0.288382
CAT,18542,QMLE-Trade,2022-10-27,0.56378
CAT,18542,QMLE-Trade,2022-10-28,0.301803
CAT,18542,QMLE-Trade,2022-10-31,0.276738
CAT,18542,QMLE-Trade,2022-11-1,0.236508
CAT,18542,QMLE-Trade,2022-11-2,0.36898
CAT,18542,QMLE-Trade,2022-11-3,0.305457
CAT,18542,QMLE-Trade,2022-11-4,0.342992
CAT,18542,QMLE-Trade,2022-11-7,0.267211
CAT,18542,QMLE-Trade,2022-11-8,0.25536
CAT,18542,QMLE-Trade,2022-11-9,0.291005
CAT,18542,QMLE-Trade,2022-11-10,0.282372
CAT,18542,QMLE-Trade,2022-11-11,0.284934
CAT,18542,QMLE-Trade,2022-11-14,0.222119
CAT,18542,QMLE-Trade,2022-11-15,0.286496
CAT,18542,QMLE-Trade,2022-11-16,0.243099
CAT,18542,QMLE-Trade,2022-11-17,0.254316
CAT,18542,QMLE-Trade,2022-11-18,0.208146
CAT,18542,QMLE-Trade,2022-11-21,0.209515
CAT,18542,QMLE-Trade,2022-11-22,0.161763
CAT,18542,QMLE-Trade,2022-11-23,0.192258
CAT,18542,QMLE-Trade,2022-11-25,0.107441
CAT,18542,QMLE-Trade,2022-11-28,0.183399
CAT,18542,QMLE-Trade,2022-11-29,0.190466
CAT,18542,QMLE-Trade,2022-11-30,0.250714
CAT,18542,QMLE-Trade,2022-12-1,0.209981
CAT,18542,QMLE-Trade,2022-12-2,0.235744
CAT,18542,QMLE-Trade,2022-12-6,0.227599
CAT,18542,QMLE-Trade,2022-12-7,0.204601
CAT,18542,QMLE-Trade,2022-12-8,0.189785
CAT,18542,QMLE-Trade,2022-12-9,0.174807
CAT,18542,QMLE-Trade,2022-12-12,0.177163
CAT,18542,QMLE-Trade,2022-12-13,0.269985
CAT,18542,QMLE-Trade,2022-12-14,0.321293
CAT,18542,QMLE-Trade,2022-12-15,0.219795
CAT,18542,QMLE-Trade,2022-12-16,0.246652
CAT,18542,QMLE-Trade,2022-12-19,0.188233
CAT,18542,QMLE-Trade,2022-12-20,0.17057
CAT,18542,QMLE-Trade,2022-12-21,0.182678
CAT,18542,QMLE-Trade,2022-12-22,0.212617
CAT,18542,QMLE-Trade,2022-12-23,0.207589
CAT,18542,QMLE-Trade,2022-12-27,0.181259
CAT,18542,QMLE-Trade,2022-12-29,0.155325
CAT,18542,QMLE-Trade,2022-12-30,0.138474
CAT,18542,QMLE-Trade,2023-1-3,0.26675
CAT,18542,QMLE-Trade,2023-1-4,0.239297
CAT,18542,QMLE-Trade,2023-1-5,0.22168
CAT,18542,QMLE-Trade,2023-1-6,0.214178
CAT,18542,QMLE-Trade,2023-1-9,0.219334
CAT,18542,QMLE-Trade,2023-1-10,0.188803
CAT,18542,QMLE-Trade,2023-1-11,0.157768
CAT,18542,QMLE-Trade,2023-1-12,0.241813
CAT,18542,QMLE-Trade,2023-1-17,0.183482
CAT,18542,QMLE-Trade,2023-1-18,0.197139
CAT,18542,QMLE-Trade,2023-1-19,0.21601
CAT,18542,QMLE-Trade,2023-1-20,0.182478
CAT,18542,QMLE-Trade,2023-1-23,0.18265
CAT,18542,QMLE-Trade,2023-1-24,0.212021
CAT,18542,QMLE-Trade,2023-1-25,0.181321
CAT,18542,QMLE-Trade,2023-1-26,0.209549
CAT,18542,QMLE-Trade,2023-1-27,0.167483
CAT,18542,QMLE-Trade,2023-1-30,0.192621
CAT,18542,QMLE-Trade,2023-1-31,0.367779
CAT,18542,QMLE-Trade,2023-2-1,0.314127
CAT,18542,QMLE-Trade,2023-2-2,0.277514
CAT,18542,QMLE-Trade,2023-2-3,0.244485
CAT,18542,QMLE-Trade,2023-2-6,0.185876
CAT,18542,QMLE-Trade,2023-2-7,0.228061
CAT,18542,QMLE-Trade,2023-2-8,0.22116
CAT,18542,QMLE-Trade,2023-2-9,0.206063
CAT,18542,QMLE-Trade,2023-2-10,0.201467
CAT,18542,QMLE-Trade,2023-2-13,0.207576
CAT,18542,QMLE-Trade,2023-2-14,0.232184
CAT,18542,QMLE-Trade,2023-2-15,0.174463
CAT,18542,QMLE-Trade,2023-2-16,0.197193
CAT,18542,QMLE-Trade,2023-2-17,0.267155
CAT,18542,QMLE-Trade,2023-2-21,0.228255
CAT,18542,QMLE-Trade,2023-2-22,0.208305
CAT,18542,QMLE-Trade,2023-2-23,0.221245
CAT,18542,QMLE-Trade,2023-2-24,0.219497
CAT,18542,QMLE-Trade,2023-2-27,0.164713
CAT,18542,QMLE-Trade,2023-2-28,0.18353
CAT,18542,QMLE-Trade,2023-3-1,0.236418
CAT,18542,QMLE-Trade,2023-3-2,0.18473
CAT,18542,QMLE-Trade,2023-3-3,0.17171
CAT,18542,QMLE-Trade,2023-3-6,0.193579
CAT,18542,QMLE-Trade,2023-3-7,0.219481
CAT,18542,QMLE-Trade,2023-3-8,0.217378
CAT,18542,QMLE-Trade,2023-3-9,0.214285
CAT,18542,QMLE-Trade,2023-3-10,0.363848
CAT,18542,QMLE-Trade,2023-3-13,0.466864
CAT,18542,QMLE-Trade,2023-3-14,0.291499
CAT,18542,QMLE-Trade,2023-3-15,0.364718
CAT,18542,QMLE-Trade,2023-3-16,0.298317
CAT,18542,QMLE-Trade,2023-3-17,0.304409
CAT,18542,QMLE-Trade,2023-3-20,0.296444
CAT,18542,QMLE-Trade,2023-3-21,0.23823
CAT,18542,QMLE-Trade,2023-3-22,0.281985
CAT,18542,QMLE-Trade,2023-3-23,0.271199
CAT,18542,QMLE-Trade,2023-3-24,0.295846
CAT,18542,QMLE-Trade,2023-3-27,0.231113
CAT,18542,QMLE-Trade,2023-3-28,0.18046
CAT,18542,QMLE-Trade,2023-3-29,0.168352
CAT,18542,QMLE-Trade,2023-3-30,0.162573
CAT,18542,QMLE-Trade,2023-3-31,0.16387
CAT,18542,QMLE-Trade,2023-4-3,0.190424
CAT,18542,QMLE-Trade,2023-4-4,0.224304
CAT,18542,QMLE-Trade,2023-4-5,0.263886
CAT,18542,QMLE-Trade,2023-4-6,0.220342
CAT,18542,QMLE-Trade,2023-4-10,0.24222
CAT,18542,QMLE-Trade,2023-4-11,0.232978
CAT,18542,QMLE-Trade,2023-4-12,0.219538
CAT,18542,QMLE-Trade,2023-4-13,0.200781
CAT,18542,QMLE-Trade,2023-4-14,0.209141
CAT,18542,QMLE-Trade,2023-4-17,0.167856
CAT,18542,QMLE-Trade,2023-4-18,0.183777
CAT,18542,QMLE-Trade,2023-4-19,0.158138
CAT,18542,QMLE-Trade,2023-4-20,0.170823
CAT,18542,QMLE-Trade,2023-4-21,0.215578
CAT,18542,QMLE-Trade,2023-4-24,0.173187
CAT,18542,QMLE-Trade,2023-4-25,0.176151
CAT,18542,QMLE-Trade,2023-4-26,0.215953
CAT,18542,QMLE-Trade,2023-4-27,0.420797
CAT,18542,QMLE-Trade,2023-4-28,0.262283
CAT,18542,QMLE-Trade,2023-5-1,0.183801
CAT,18542,QMLE-Trade,2023-5-2,0.238349
CAT,18542,QMLE-Trade,2023-5-3,0.290652
CAT,18542,QMLE-Trade,2023-5-4,0.284443
CAT,18542,QMLE-Trade,2023-5-5,0.220177
CAT,18542,QMLE-Trade,2023-5-8,0.21796
CAT,18542,QMLE-Trade,2023-5-9,0.195855
CAT,18542,QMLE-Trade,2023-5-10,0.233909
CAT,18542,QMLE-Trade,2023-5-11,0.226012
CAT,18542,QMLE-Trade,2023-5-12,0.200636
CAT,18542,QMLE-Trade,2023-5-15,0.155973
CAT,18542,QMLE-Trade,2023-5-16,0.183395
CAT,18542,QMLE-Trade,2023-5-17,0.197491
CAT,18542,QMLE-Trade,2023-5-18,0.209833
CAT,18542,QMLE-Trade,2023-5-19,0.280587
CAT,18542,QMLE-Trade,2023-5-22,0.228436
CAT,18542,QMLE-Trade,2023-5-23,0.191949
CAT,18542,QMLE-Trade,2023-5-24,0.210414
CAT,18542,QMLE-Trade,2023-5-25,0.245421
CAT,18542,QMLE-Trade,2023-5-26,0.194573
CAT,18542,QMLE-Trade,2023-5-30,0.247644
CAT,18542,QMLE-Trade,2023-5-31,0.231893
CAT,18542,QMLE-Trade,2023-6-1,0.225879
CAT,18542,QMLE-Trade,2023-6-2,0.309678
CAT,18542,QMLE-Trade,2023-6-5,0.287231
CAT,18542,QMLE-Trade,2023-6-6,0.246376
CAT,18542,QMLE-Trade,2023-6-7,0.294805
CAT,18542,QMLE-Trade,2023-6-8,0.260572
CAT,18542,QMLE-Trade,2023-6-9,0.233705
CAT,18542,QMLE-Trade,2023-6-12,0.243354
CAT,18542,QMLE-Trade,2023-6-13,0.23968
CAT,18542,QMLE-Trade,2023-6-14,0.26935
CAT,18542,QMLE-Trade,2023-6-15,0.204832
CAT,18542,QMLE-Trade,2023-6-16,0.258215
CAT,18542,QMLE-Trade,2023-6-22,0.219119
CAT,18542,QMLE-Trade,2023-6-23,0.23734
CAT,18542,QMLE-Trade,2023-6-26,0.181587
CAT,18542,QMLE-Trade,2023-6-27,0.157103
CAT,18542,QMLE-Trade,2023-6-28,0.18449
CAT,18542,QMLE-Trade,2023-6-29,0.205416
CAT,18542,QMLE-Trade,2023-6-30,0.179492
CAT,18542,QMLE-Trade,2023-7-3,0.159969
CAT,18542,QMLE-Trade,2023-7-5,0.199023
CAT,18542,QMLE-Trade,2023-7-6,0.222083
CAT,18542,QMLE-Trade,2023-7-7,0.19087
CAT,18542,QMLE-Trade,2023-7-10,0.198003
CAT,18542,QMLE-Trade,2023-7-11,0.203577
CAT,18542,QMLE-Trade,2023-7-12,0.223025
CAT,18542,QMLE-Trade,2023-7-13,0.165729
CAT,18542,QMLE-Trade,2023-7-14,0.176534
CAT,18542,QMLE-Trade,2023-7-17,0.20651
CAT,18542,QMLE-Trade,2023-7-18,0.185583
CAT,18542,QMLE-Trade,2023-7-19,0.191649
CAT,18542,QMLE-Trade,2023-7-20,0.187637
CAT,18542,QMLE-Trade,2023-7-21,0.187655
CAT,18542,QMLE-Trade,2023-7-24,0.158463
CAT,18542,QMLE-Trade,2023-7-25,0.15699
CAT,18542,QMLE-Trade,2023-7-26,0.189017
CAT,18542,QMLE-Trade,2023-7-27,0.203962
CAT,18542,QMLE-Trade,2023-7-28,0.174143
CAT,18542,QMLE-Trade,2023-7-31,0.184048
CAT,18542,QMLE-Trade,2023-8-1,0.378699
CAT,18542,QMLE-Trade,2023-8-2,0.32692
CAT,18542,QMLE-Trade,2023-8-3,0.221392
CAT,18542,QMLE-Trade,2023-8-4,0.189289
CAT,18542,QMLE-Trade,2023-8-7,0.186109
CAT,18542,QMLE-Trade,2023-8-8,0.179239
CAT,18542,QMLE-Trade,2023-8-9,0.200704
CAT,18542,QMLE-Trade,2023-8-10,0.216096
CAT,18542,QMLE-Trade,2023-8-11,0.178338
CAT,18542,QMLE-Trade,2023-8-14,0.154494
CAT,18542,QMLE-Trade,2023-8-15,0.19579
CAT,18542,QMLE-Trade,2023-8-17,0.20225
CAT,18542,QMLE-Trade,2023-8-18,0.238758
CAT,18542,QMLE-Trade,2023-8-21,0.19465
CAT,18542,QMLE-Trade,2023-8-22,0.176396
CAT,18542,QMLE-Trade,2023-8-23,0.146043
CAT,18542,QMLE-Trade,2023-8-24,0.180228
CAT,18542,QMLE-Trade,2023-8-25,0.204139
CAT,18542,QMLE-Trade,2023-8-28,0.160107
CAT,18542,QMLE-Trade,2023-8-29,0.163117
CAT,18542,QMLE-Trade,2023-8-30,0.15712
CAT,18542,QMLE-Trade,2023-8-31,0.172604
CAT,18542,QMLE-Trade,2023-9-1,0.179704
CAT,18542,QMLE-Trade,2023-9-5,0.192088
CAT,18542,QMLE-Trade,2023-9-6,0.170471
CAT,18542,QMLE-Trade,2023-9-7,0.176417
CAT,18542,QMLE-Trade,2023-9-8,0.150716
CAT,18542,QMLE-Trade,2023-9-11,0.152148
CAT,18542,QMLE-Trade,2023-9-12,0.163364
CAT,18542,QMLE-Trade,2023-9-13,0.183172
CAT,18542,QMLE-Trade,2023-9-14,0.188503
CAT,18542,QMLE-Trade,2023-9-15,0.199221
CAT,18542,QMLE-Trade,2023-9-18,0.1408
CAT,18542,QMLE-Trade,2023-9-19,0.171945
CAT,18542,QMLE-Trade,2023-9-20,0.193988
CAT,18542,QMLE-Trade,2023-9-21,0.204402
CAT,18542,QMLE-Trade,2023-9-22,0.18772
CAT,18542,QMLE-Trade,2023-9-26,0.172706
CAT,18542,QMLE-Trade,2023-9-27,0.201966
CAT,18542,QMLE-Trade,2023-9-28,0.193644
CAT,18542,QMLE-Trade,2023-9-29,0.24426
CAT,18542,QMLE-Trade,2023-10-2,0.239509
CAT,18542,QMLE-Trade,2023-10-3,0.208883
CAT,18542,QMLE-Trade,2023-10-4,0.271407
CAT,18542,QMLE-Trade,2023-10-5,0.24354
CAT,18542,QMLE-Trade,2023-10-6,0.240592
CAT,18542,QMLE-Trade,2023-10-9,0.204197
CAT,18542,QMLE-Trade,2023-10-10,0.18208
CAT,18542,QMLE-Trade,2023-10-11,0.168572
CAT,18542,QMLE-Trade,2023-10-12,0.221095
CAT,18542,QMLE-Trade,2023-10-13,0.235292
CAT,18542,QMLE-Trade,2023-10-16,0.238158
CAT,18542,QMLE-Trade,2023-10-17,0.201956
CAT,18542,QMLE-Trade,2023-10-18,0.309308
CAT,18542,QMLE-Trade,2023-10-19,0.310403
CAT,18542,QMLE-Trade,2023-10-20,0.285077
CAT,18542,QMLE-Trade,2023-10-23,0.249865
CAT,18542,QMLE-Trade,2023-10-24,0.265842
CAT,18542,QMLE-Trade,2023-10-25,0.244043
CAT,18542,QMLE-Trade,2023-10-26,0.262493
CAT,18542,QMLE-Trade,2023-10-27,0.240735
CAT,18542,QMLE-Trade,2023-10-30,0.244784
CAT,18542,QMLE-Trade,2023-10-31,0.434338
CAT,18542,QMLE-Trade,2023-11-1,0.301138
CAT,18542,QMLE-Trade,2023-11-2,0.246246
CAT,18542,QMLE-Trade,2023-11-3,0.235547
CAT,18542,QMLE-Trade,2023-11-6,0.195911
CAT,18542,QMLE-Trade,2023-11-7,0.198305
CAT,18542,QMLE-Trade,2023-11-9,0.209202
CAT,18542,QMLE-Trade,2023-11-10,0.170641
CAT,18542,QMLE-Trade,2023-11-13,0.196315
CAT,18542,QMLE-Trade,2023-11-14,0.171278
CAT,18542,QMLE-Trade,2023-11-15,0.201518
CAT,18542,QMLE-Trade,2023-11-16,0.202816
CAT,18542,QMLE-Trade,2023-11-17,0.154008
CAT,18542,QMLE-Trade,2023-11-20,0.187553
CAT,18542,QMLE-Trade,2023-11-21,0.127719
CAT,18542,QMLE-Trade,2023-11-22,0.205849
CAT,18542,QMLE-Trade,2023-11-24,0.117589
CAT,18542,QMLE-Trade,2023-11-27,0.139198
CAT,18542,QMLE-Trade,2023-11-28,0.148586
CAT,18542,QMLE-Trade,2023-11-29,0.159938
CAT,18542,QMLE-Trade,2023-11-30,0.180354
CAT,18542,QMLE-Trade,2023-12-1,0.194578
CAT,18542,QMLE-Trade,2023-12-4,0.18791
CAT,18542,QMLE-Trade,2023-12-5,0.166765
CAT,18542,QMLE-Trade,2023-12-6,0.181393
CAT,18542,QMLE-Trade,2023-12-7,0.152116
CAT,18542,QMLE-Trade,2023-12-8,0.159806
CAT,18542,QMLE-Trade,2023-12-11,0.146813
CAT,18542,QMLE-Trade,2023-12-12,0.127634
CAT,18542,QMLE-Trade,2023-12-13,0.170113
CAT,18542,QMLE-Trade,2023-12-14,0.231916
CAT,18542,QMLE-Trade,2023-12-18,0.169317
CAT,18542,QMLE-Trade,2023-12-19,0.148191
CAT,18542,QMLE-Trade,2023-12-20,0.19433
CAT,18542,QMLE-Trade,2023-12-21,0.20772
CAT,18542,QMLE-Trade,2023-12-22,0.173654
CAT,18542,QMLE-Trade,2023-12-26,0.135263
CAT,18542,QMLE-Trade,2023-12-27,0.134039
CAT,18542,QMLE-Trade,2023-12-28,0.138624
CAT,18542,QMLE-Trade,2023-12-29,0.142057
CAT,18542,QMLE-Trade,2024-1-2,0.198464
CAT,18542,QMLE-Trade,2024-1-3,0.23751
CAT,18542,QMLE-Trade,2024-1-4,0.174477
CAT,18542,QMLE-Trade,2024-1-5,0.209533
CAT,18542,QMLE-Trade,2024-1-8,0.163626
CAT,18542,QMLE-Trade,2024-1-9,0.174368
CAT,18542,QMLE-Trade,2024-1-10,0.16617
CAT,18542,QMLE-Trade,2024-1-11,0.203389
CAT,18542,QMLE-Trade,2024-1-12,0.184777
CAT,18542,QMLE-Trade,2024-1-16,0.186067
CAT,18542,QMLE-Trade,2024-1-17,0.228796
CAT,18542,QMLE-Trade,2024-1-18,0.187492
CAT,18542,QMLE-Trade,2024-1-19,0.205153
CAT,18542,QMLE-Trade,2024-1-22,0.173426
CAT,18542,QMLE-Trade,2024-1-23,0.161709
CAT,18542,QMLE-Trade,2024-1-24,0.186572
CAT,18542,QMLE-Trade,2024-1-25,0.239012
CAT,18542,QMLE-Trade,2024-1-26,0.183983
CAT,18542,QMLE-Trade,2024-1-29,0.140844
CAT,18542,QMLE-Trade,2024-1-30,0.156356
CAT,18542,QMLE-Trade,2024-1-31,0.268615
CAT,18542,QMLE-Trade,2024-2-1,0.203883
CAT,18542,QMLE-Trade,2024-2-2,0.232642
CAT,18542,QMLE-Trade,2024-2-5,0.425423
CAT,18542,QMLE-Trade,2024-2-6,0.242316
CAT,18542,QMLE-Trade,2024-2-7,0.196319
CAT,18542,QMLE-Trade,2024-2-8,0.162336
CAT,18542,QMLE-Trade,2024-2-9,0.178437
CAT,18542,QMLE-Trade,2024-2-12,0.176256
CAT,18542,QMLE-Trade,2024-2-13,0.261586
CAT,18542,QMLE-Trade,2024-2-14,0.185797
CAT,18542,QMLE-Trade,2024-2-15,0.207164
CAT,18542,QMLE-Trade,2024-2-16,0.214177
CAT,18542,QMLE-Trade,2024-2-20,0.22067
CAT,18542,QMLE-Trade,2024-2-21,0.164653
CAT,18542,QMLE-Trade,2024-2-23,0.146819
CAT,18542,QMLE-Trade,2024-2-26,0.149483
CAT,18542,QMLE-Trade,2024-2-27,0.146475
CAT,18542,QMLE-Trade,2024-2-28,0.130907
CAT,18542,QMLE-Trade,2024-2-29,0.153663
CAT,18542,QMLE-Trade,2024-3-1,0.163761
CAT,18542,QMLE-Trade,2024-3-4,0.148158
CAT,18542,QMLE-Trade,2024-3-5,0.178133
CAT,18542,QMLE-Trade,2024-3-6,0.194179
CAT,18542,QMLE-Trade,2024-3-7,0.162869
CAT,18542,QMLE-Trade,2024-3-11,0.190625
CAT,18542,QMLE-Trade,2024-3-12,0.169522
CAT,18542,QMLE-Trade,2024-3-13,0.161467
CAT,18542,QMLE-Trade,2024-3-15,0.199807
CAT,18542,QMLE-Trade,2024-3-18,0.151126
CAT,18542,QMLE-Trade,2024-3-19,0.154754
CAT,18542,QMLE-Trade,2024-3-20,0.221865
CAT,18542,QMLE-Trade,2024-3-21,0.183021
CAT,18542,QMLE-Trade,2024-3-22,0.128622
CAT,18542,QMLE-Trade,2024-3-25,0.143417
CAT,18542,QMLE-Trade,2024-3-26,0.133907
CAT,18542,QMLE-Trade,2024-3-27,0.135216
CAT,18542,QMLE-Trade,2024-3-28,0.135094
CAT,18542,QMLE-Trade,2024-4-1,0.152462
CAT,18542,QMLE-Trade,2024-4-2,0.15358
CAT,18542,QMLE-Trade,2024-4-3,0.182223
CAT,18542,QMLE-Trade,2024-4-4,0.190648
CAT,18542,QMLE-Trade,2024-4-5,0.200602
CAT,18542,QMLE-Trade,2024-4-9,0.189556
CAT,18542,QMLE-Trade,2024-4-10,0.234843
CAT,18542,QMLE-Trade,2024-4-11,0.178311
CAT,18542,QMLE-Trade,2024-4-12,0.199066
CAT,18542,QMLE-Trade,2024-4-15,0.233018
CAT,18542,QMLE-Trade,2024-4-16,0.260155
CAT,18542,QMLE-Trade,2024-4-17,0.232662
CAT,18542,QMLE-Trade,2024-4-18,0.199119
CAT,18542,QMLE-Trade,2024-4-19,0.240369
CAT,18542,QMLE-Trade,2024-4-22,0.178782
CAT,18542,QMLE-Trade,2024-4-23,0.166956
CAT,18542,QMLE-Trade,2024-4-24,0.21785
CAT,18542,QMLE-Trade,2024-4-25,0.455652
CAT,18542,QMLE-Trade,2024-4-26,0.232211
CAT,18542,QMLE-Trade,2024-4-29,0.18229
CAT,18542,QMLE-Trade,2024-4-30,0.205981
CAT,18542,QMLE-Trade,2024-5-1,0.27825
CAT,18542,QMLE-Trade,2024-5-2,0.206201
CAT,18542,QMLE-Trade,2024-5-3,0.198378
CAT,18542,QMLE-Trade,2024-5-6,0.16917
CAT,18542,QMLE-Trade,2024-5-7,0.146569
CAT,18542,QMLE-Trade,2024-5-8,0.195712
CAT,18542,QMLE-Trade,2024-5-9,0.134119
CAT,18542,QMLE-Trade,2024-5-10,0.149071
CAT,18542,QMLE-Trade,2024-5-13,0.150137
CAT,18542,QMLE-Trade,2024-5-14,0.140335
CAT,18542,QMLE-Trade,2024-5-15,0.152999
CAT,18542,QMLE-Trade,2024-5-16,0.175461
CAT,18542,QMLE-Trade,2024-5-17,0.155633
CAT,18542,QMLE-Trade,2024-5-20,0.144701
CAT,18542,QMLE-Trade,2024-5-21,0.133595
CAT,18542,QMLE-Trade,2024-5-22,0.157017
CAT,18542,QMLE-Trade,2024-5-23,0.203715
CAT,18542,QMLE-Trade,2024-5-24,0.158068
CAT,18542,QMLE-Trade,2024-5-28,0.178192
CAT,18542,QMLE-Trade,2024-5-29,0.179231
CAT,18542,QMLE-Trade,2024-5-30,0.194524
CAT,18542,QMLE-Trade,2024-5-31,0.182295
CAT,18542,QMLE-Trade,2024-6-3,0.265105
CAT,18542,QMLE-Trade,2024-6-5,0.191638
CAT,18542,QMLE-Trade,2024-6-6,0.176541
CAT,18542,QMLE-Trade,2024-6-7,0.19142
CAT,18542,QMLE-Trade,2024-6-10,0.134673
CAT,18542,QMLE-Trade,2024-6-11,0.163412
CAT,18542,QMLE-Trade,2024-6-12,0.296376
CAT,18542,QMLE-Trade,2024-6-13,0.177775
CAT,18542,QMLE-Trade,2024-6-14,0.216601
CAT,18542,QMLE-Trade,2024-6-17,0.207708
CAT,18542,QMLE-Trade,2024-6-18,0.164575
CAT,18542,QMLE-Trade,2024-6-20,0.194325
CAT,18542,QMLE-Trade,2024-6-21,0.207718
CAT,18542,QMLE-Trade,2024-6-24,0.193204
CAT,18542,QMLE-Trade,2024-6-25,0.174545
CAT,18542,QMLE-Trade,2024-6-26,0.151598
CAT,18542,QMLE-Trade,2024-6-27,0.169591
CAT,18542,QMLE-Trade,2024-6-28,0.190085
CAT,18542,QMLE-Trade,2024-7-1,0.210216
CAT,18542,QMLE-Trade,2024-7-2,0.132838
CAT,18542,QMLE-Trade,2024-7-3,0.145284
CAT,18542,QMLE-Trade,2024-7-5,0.162406
CAT,18542,QMLE-Trade,2024-7-8,0.15115
CAT,18542,QMLE-Trade,2024-7-9,0.12976
CAT,18542,QMLE-Trade,2024-7-10,0.194637
CAT,18542,QMLE-Trade,2024-7-11,0.201457
CAT,18542,QMLE-Trade,2024-7-12,0.166142
CAT,18542,QMLE-Trade,2024-7-15,0.216349
CAT,18542,QMLE-Trade,2024-7-16,0.223382
CAT,18542,QMLE-Trade,2024-7-18,0.271255
CAT,18542,QMLE-Trade,2024-7-19,0.242913
CAT,18542,QMLE-Trade,2024-7-22,0.21163
CAT,18542,QMLE-Trade,2024-7-23,0.199915
CAT,18542,QMLE-Trade,2024-7-24,0.20287
CAT,18542,QMLE-Trade,2024-7-25,0.260153
CAT,18542,QMLE-Trade,2024-7-26,0.238564
CAT,18542,QMLE-Trade,2024-7-29,0.237695
CAT,18542,QMLE-Trade,2024-7-30,0.227615
CAT,18542,QMLE-Trade,2024-7-31,0.269983
CAT,18542,QMLE-Trade,2024-8-1,0.29598
CAT,18542,QMLE-Trade,2024-8-2,0.334909
CAT,18542,QMLE-Trade,2024-8-5,0.380793
CAT,18542,QMLE-Trade,2024-8-6,0.460073
CAT,18542,QMLE-Trade,2024-8-7,0.277391
CAT,18542,QMLE-Trade,2024-8-8,0.259136
CAT,18542,QMLE-Trade,2024-8-9,0.20372
CAT,18542,QMLE-Trade,2024-8-12,0.227714
CAT,18542,QMLE-Trade,2024-8-13,0.197669
CAT,18542,QMLE-Trade,2024-8-14,0.193933
CAT,18542,QMLE-Trade,2024-8-15,0.204676
CAT,18542,QMLE-Trade,2024-8-16,0.164719
CAT,18542,QMLE-Trade,2024-8-19,0.143956
CAT,18542,QMLE-Trade,2024-8-20,0.150865
CAT,18542,QMLE-Trade,2024-8-21,0.152881
CAT,18542,QMLE-Trade,2024-8-22,0.149931
CAT,18542,QMLE-Trade,2024-8-23,0.211186
CAT,18542,QMLE-Trade,2024-8-26,0.182319
CAT,18542,QMLE-Trade,2024-8-27,0.147074
CAT,18542,QMLE-Trade,2024-8-28,0.162544
CAT,18542,QMLE-Trade,2024-8-29,0.20203
CAT,18542,QMLE-Trade,2024-8-30,0.177604
CAT,18542,QMLE-Trade,2024-9-3,0.243102
CAT,18542,QMLE-Trade,2024-9-4,0.216592
CAT,18542,QMLE-Trade,2024-9-5,0.234346
CAT,18542,QMLE-Trade,2024-9-6,0.260625
CAT,18542,QMLE-Trade,2024-9-9,0.204984
CAT,18542,QMLE-Trade,2024-9-10,0.207054
CAT,18542,QMLE-Trade,2024-9-11,0.250602
CAT,18542,QMLE-Trade,2024-9-12,0.194077
CAT,18542,QMLE-Trade,2024-9-13,0.191701
CAT,18542,QMLE-Trade,2024-9-16,0.185631
CAT,18542,QMLE-Trade,2024-9-17,0.195729
CAT,18542,QMLE-Trade,2024-9-18,0.321881
CAT,18542,QMLE-Trade,2024-9-19,0.240256
CAT,18542,QMLE-Trade,2024-9-20,0.1941
CAT,18542,QMLE-Trade,2024-9-23,0.206061
CAT,18542,QMLE-Trade,2024-9-24,0.26489
CAT,18542,QMLE-Trade,2024-9-25,0.200669
CAT,18542,QMLE-Trade,2024-9-26,0.286792
CAT,18542,QMLE-Trade,2024-9-27,0.200626
CAT,18542,QMLE-Trade,2024-9-30,0.179521
CAT,18542,QMLE-Trade,2024-10-1,0.268153
CAT,18542,QMLE-Trade,2024-10-2,0.179846
CAT,18542,QMLE-Trade,2024-10-3,0.210694
CAT,18542,QMLE-Trade,2024-10-4,0.205541
CAT,18542,QMLE-Trade,2024-10-7,0.212981
CAT,18542,QMLE-Trade,2024-10-8,0.248635
CAT,18542,QMLE-Trade,2024-10-9,0.152716
CAT,18542,QMLE-Trade,2024-10-10,0.146621
CAT,18542,QMLE-Trade,2024-10-14,0.234323
CAT,18542,QMLE-Trade,2024-10-15,0.20156
CAT,18542,QMLE-Trade,2024-10-16,0.1644
CAT,18542,QMLE-Trade,2024-10-17,0.134936
CAT,18542,QMLE-Trade,2024-10-18,0.138245
CAT,18542,QMLE-Trade,2024-10-21,0.159477
CAT,18542,QMLE-Trade,2024-10-22,0.153823
CAT,18542,QMLE-Trade,2024-10-23,0.179042
CAT,18542,QMLE-Trade,2024-10-24,0.178435
CAT,18542,QMLE-Trade,2024-10-25,0.164763
CAT,18542,QMLE-Trade,2024-10-28,0.149288
CAT,18542,QMLE-Trade,2024-10-29,0.171482
CAT,18542,QMLE-Trade,2024-10-30,0.33812
CAT,18542,QMLE-Trade,2024-10-31,0.22228
CAT,18542,QMLE-Trade,2024-11-1,0.177672
CAT,18542,QMLE-Trade,2024-11-4,0.202805
CAT,18542,QMLE-Trade,2024-11-5,0.167325
CAT,18542,QMLE-Trade,2024-11-6,0.333758
CAT,18542,QMLE-Trade,2024-11-7,0.237479
CAT,18542,QMLE-Trade,2024-11-8,0.255467
CAT,18542,QMLE-Trade,2024-11-11,0.15462
CAT,18542,QMLE-Trade,2024-11-12,0.15382
CAT,18542,QMLE-Trade,2024-11-13,0.169156
CAT,18542,QMLE-Trade,2024-11-14,0.150362
CAT,18542,QMLE-Trade,2024-11-15,0.170633
CAT,18542,QMLE-Trade,2024-11-18,0.15577
CAT,18542,QMLE-Trade,2024-11-19,0.162819
CAT,18542,QMLE-Trade,2024-11-20,0.165336
CAT,18542,QMLE-Trade,2024-11-21,0.191257
CAT,18542,QMLE-Trade,2024-11-22,0.146453
CAT,18542,QMLE-Trade,2024-11-25,0.187491
CAT,18542,QMLE-Trade,2024-11-26,0.192259
CAT,18542,QMLE-Trade,2024-11-27,0.135782
CAT,18542,QMLE-Trade,2024-11-29,0.152278
CAT,18542,QMLE-Trade,2024-12-2,0.146488
CAT,18542,QMLE-Trade,2024-12-3,0.159518
CAT,18542,QMLE-Trade,2024-12-4,0.135569
CAT,18542,QMLE-Trade,2024-12-5,0.117428
CAT,18542,QMLE-Trade,2024-12-6,0.138409
CAT,18542,QMLE-Trade,2024-12-9,0.203702
CAT,18542,QMLE-Trade,2024-12-10,0.201554
CAT,18542,QMLE-Trade,2024-12-11,0.153075
CAT,18542,QMLE-Trade,2024-12-12,0.17834
CAT,18542,QMLE-Trade,2024-12-13,0.145125
CAT,18542,QMLE-Trade,2024-12-16,0.142027
CAT,18542,QMLE-Trade,2024-12-17,0.171276
CAT,18542,QMLE-Trade,2024-12-18,0.231076
CAT,18542,QMLE-Trade,2024-12-19,0.19811
CAT,18542,QMLE-Trade,2024-12-20,0.225966
CAT,18542,QMLE-Trade,2024-12-23,0.17588
CAT,18542,QMLE-Trade,2024-12-24,0.128058
CAT,18542,QMLE-Trade,2024-12-26,0.132377
CAT,18542,QMLE-Trade,2024-12-27,0.156278
CAT,18542,QMLE-Trade,2024-12-30,0.180951
CAT,18542,QMLE-Trade,2024-12-31,0.172829
CAT,18542,QMLE-Trade,2025-1-2,0.224112
CAT,18542,QMLE-Trade,2025-1-3,0.155741
CAT,18542,QMLE-Trade,2025-1-6,0.189608
CAT,18542,QMLE-Trade,2025-1-7,0.193708
CAT,18542,QMLE-Trade,2025-1-8,0.169228
CAT,18542,QMLE-Trade,2025-1-10,0.223722
CAT,18542,QMLE-Trade,2025-1-13,0.204246
CAT,18542,QMLE-Trade,2025-1-14,0.188145
CAT,18542,QMLE-Trade,2025-1-15,0.181411
CAT,18542,QMLE-Trade,2025-1-16,0.150491
CAT,18542,QMLE-Trade,2025-1-17,0.179824
CAT,18542,QMLE-Trade,2025-1-21,0.21791
CAT,18542,QMLE-Trade,2025-1-22,0.168874
CAT,18542,QMLE-Trade,2025-1-23,0.163167
CAT,18542,QMLE-Trade,2025-1-24,0.122731
CAT,18542,QMLE-Trade,2025-1-27,0.236248
CAT,18542,QMLE-Trade,2025-1-28,0.180127
CAT,18542,QMLE-Trade,2025-1-29,0.216919
CAT,18542,QMLE-Trade,2025-1-30,0.359424
CAT,18542,QMLE-Trade,2025-1-31,0.209251
CAT,18542,QMLE-Trade,2025-2-3,0.262721
CAT,18542,QMLE-Trade,2025-2-4,0.266536
CAT,18542,QMLE-Trade,2025-2-5,0.136793
CAT,18542,QMLE-Trade,2025-2-6,0.162497
CAT,18542,QMLE-Trade,2025-2-7,0.192976
CAT,18542,QMLE-Trade,2025-2-10,0.12776
CAT,18542,QMLE-Trade,2025-2-11,0.128973
CAT,18542,QMLE-Trade,2025-2-12,0.174528
CAT,18542,QMLE-Trade,2025-2-13,0.163635
CAT,18542,QMLE-Trade,2025-2-14,0.143925
CAT,18542,QMLE-Trade,2025-2-18,0.160488
CAT,18542,QMLE-Trade,2025-2-19,0.14119
CAT,18542,QMLE-Trade,2025-2-20,0.193768
CAT,18542,QMLE-Trade,2025-2-21,0.166969
CAT,18542,QMLE-Trade,2025-2-24,0.216163
CAT,18542,QMLE-Trade,2025-2-25,0.204984
CAT,18542,QMLE-Trade,2025-2-26,0.214009
CAT,18542,QMLE-Trade,2025-2-27,0.212749
CAT,18542,QMLE-Trade,2025-2-28,0.21843
CAT,18542,QMLE-Trade,2025-3-3,0.277873
CAT,18542,QMLE-Trade,2025-3-4,0.293399
CAT,18542,QMLE-Trade,2025-3-5,0.284224
CAT,18542,QMLE-Trade,2025-3-6,0.262502
CAT,18542,QMLE-Trade,2025-3-7,0.314994
CAT,18542,QMLE-Trade,2025-3-10,0.322313
CAT,18542,QMLE-Trade,2025-3-11,0.344646
CAT,18542,QMLE-Trade,2025-3-12,0.250666
CAT,18542,QMLE-Trade,2025-3-13,0.22837
CAT,18542,QMLE-Trade,2025-3-14,0.210119
CAT,18542,QMLE-Trade,2025-3-17,0.166878
CAT,18542,QMLE-Trade,2025-3-18,0.211073
CAT,18542,QMLE-Trade,2025-3-19,0.170136
CAT,18542,QMLE-Trade,2025-3-20,0.169465
CAT,18542,QMLE-Trade,2025-3-21,0.193828
CAT,18542,QMLE-Trade,2025-3-24,0.161848
CAT,18542,QMLE-Trade,2025-3-25,0.168539
CAT,18542,QMLE-Trade,2025-3-26,0.172512
CAT,18542,QMLE-Trade,2025-3-27,0.201497
CAT,18542,QMLE-Trade,2025-3-28,0.196358
CAT,18542,QMLE-Trade,2025-3-31,0.222037
CAT,18542,QMLE-Trade,2025-4-1,0.223684
CAT,18542,QMLE-Trade,2025-4-2,0.209341
CAT,18542,QMLE-Trade,2025-4-3,0.364459
CAT,18542,QMLE-Trade,2025-4-4,0.535774
CAT,18542,QMLE-Trade,2025-4-7,0.794292
CAT,18542,QMLE-Trade,2025-4-8,0.521986
CAT,18542,QMLE-Trade,2025-4-9,0.733789
CAT,18542,QMLE-Trade,2025-4-10,0.57198
CAT,18542,QMLE-Trade,2025-4-11,0.465727
CAT,18542,QMLE-Trade,2025-4-14,0.354593
CAT,18542,QMLE-Trade,2025-4-15,0.273409
CAT,18542,QMLE-Trade,2025-4-16,0.295235
CAT,18542,QMLE-Trade,2025-4-17,0.323844
CAT,18542,QMLE-Trade,2025-4-21,0.255257
CAT,18542,QMLE-Trade,2025-4-22,0.23594
CAT,18542,QMLE-Trade,2025-4-23,0.366579
CAT,18542,QMLE-Trade,2025-4-24,0.205567
CAT,18542,QMLE-Trade,2025-4-25,0.186603
CAT,18542,QMLE-Trade,2025-4-28,0.198888
CAT,18542,QMLE-Trade,2025-4-29,0.191408
CAT,18542,QMLE-Trade,2025-4-30,0.383822
CAT,18542,QMLE-Trade,2025-5-1,0.269215
CAT,18542,QMLE-Trade,2025-5-2,0.195586
CAT,18542,QMLE-Trade,2025-5-5,0.178127
CAT,18542,QMLE-Trade,2025-5-6,0.201126
CAT,18542,QMLE-Trade,2025-5-7,0.233987
CAT,18542,QMLE-Trade,2025-5-8,0.191952
CAT,18542,QMLE-Trade,2025-5-9,0.166602
CAT,18542,QMLE-Trade,2025-5-12,0.286389
CAT,18542,QMLE-Trade,2025-5-13,0.217613
CAT,18542,QMLE-Trade,2025-5-14,0.151303
CAT,18542,QMLE-Trade,2025-5-15,0.149036
CAT,18542,QMLE-Trade,2025-5-16,0.148188
CAT,18542,QMLE-Trade,2025-5-19,0.133762
CAT,18542,QMLE-Trade,2025-5-20,0.120751
CAT,18542,QMLE-Trade,2025-5-21,0.180737
CAT,18542,QMLE-Trade,2025-5-22,0.155341
CAT,18542,QMLE-Trade,2025-5-23,0.169438
CAT,18542,QMLE-Trade,2025-5-27,0.136953
CAT,18542,QMLE-Trade,2025-5-28,0.130331
CAT,18542,QMLE-Trade,2025-5-29,0.152051
CAT,18542,QMLE-Trade,2025-5-30,0.164692
CAT,18542,QMLE-Trade,2025-6-2,0.154639
CAT,18542,QMLE-Trade,2025-6-3,0.143033
CAT,18542,QMLE-Trade,2025-6-4,0.110435
CAT,18542,QMLE-Trade,2025-6-5,0.183865
CAT,18542,QMLE-Trade,2025-6-6,0.144593
CAT,18542,QMLE-Trade,2025-6-9,0.127922
CAT,18542,QMLE-Trade,2025-6-10,0.141801
CAT,18542,QMLE-Trade,2025-6-11,0.168031
CAT,18542,QMLE-Trade,2025-6-12,0.139933
CAT,18542,QMLE-Trade,2025-6-13,0.163586
CAT,18542,QMLE-Trade,2025-6-16,0.136773
CAT,18542,QMLE-Trade,2025-6-17,0.134408
CAT,18542,QMLE-Trade,2025-6-18,0.166138
CAT,18542,QMLE-Trade,2025-6-20,0.164324
CAT,18542,QMLE-Trade,2025-6-23,0.189645
CAT,18542,QMLE-Trade,2025-6-24,0.13512
CAT,18542,QMLE-Trade,2025-6-25,0.133377
CAT,18542,QMLE-Trade,2025-6-26,0.121654
CAT,18542,QMLE-Trade,2025-6-27,0.148046
CAT,18542,QMLE-Trade,2025-6-30,0.119149
CAT,18542,QMLE-Trade,2025-7-1,0.16845
CAT,18542,QMLE-Trade,2025-7-2,0.159115
CAT,18542,QMLE-Trade,2025-7-3,0.130119
CAT,18542,QMLE-Trade,2025-7-7,0.164235
CAT,18542,QMLE-Trade,2025-7-8,0.148082
CAT,18542,QMLE-Trade,2025-7-9,0.160504
CAT,18542,QMLE-Trade,2025-7-10,0.135736
CAT,18542,QMLE-Trade,2025-7-11,0.138829
CAT,18542,QMLE-Trade,2025-7-14,0.144558
CAT,18542,QMLE-Trade,2025-7-15,0.13656
CAT,18542,QMLE-Trade,2025-7-16,0.188025
CAT,18542,QMLE-Trade,2025-7-17,0.176717
CAT,18542,QMLE-Trade,2025-7-18,0.139741
CAT,18542,QMLE-Trade,2025-7-22,0.159275
CAT,18542,QMLE-Trade,2025-7-23,0.173787
CAT,18542,QMLE-Trade,2025-7-24,0.135153
CAT,18542,QMLE-Trade,2025-7-25,0.109563
CAT,18542,QMLE-Trade,2025-7-28,0.134441
CAT,18542,QMLE-Trade,2025-7-29,0.157983
CAT,18542,QMLE-Trade,2025-7-30,0.20116
CAT,18542,QMLE-Trade,2025-7-31,0.158421
CAT,18542,QMLE-Trade,2025-8-1,0.236347
CAT,18542,QMLE-Trade,2025-8-4,0.16742
CAT,18542,QMLE-Trade,2025-8-5,0.347985
CAT,18542,QMLE-Trade,2025-8-6,0.181379
CAT,18542,QMLE-Trade,2025-8-7,0.249184
CAT,18542,QMLE-Trade,2025-8-8,0.142829
CAT,18542,QMLE-Trade,2025-8-11,0.178162
CAT,18542,QMLE-Trade,2025-8-12,0.14768
CAT,18542,QMLE-Trade,2025-8-13,0.136238
CAT,18542,QMLE-Trade,2025-8-14,0.207116
CAT,18542,QMLE-Trade,2025-8-15,0.190753
CAT,18542,QMLE-Trade,2025-8-18,0.140595
CAT,18542,QMLE-Trade,2025-8-19,0.16998
CAT,18542,QMLE-Trade,2025-8-20,0.184595
CAT,18542,QMLE-Trade,2025-8-21,0.154982
CAT,18542,QMLE-Trade,2025-8-22,0.200406
CAT,18542,QMLE-Trade,2025-8-25,0.116595
CAT,18542,QMLE-Trade,2025-8-26,0.143832
CAT,18542,QMLE-Trade,2025-8-27,0.112455
CAT,18542,QMLE-Trade,2025-8-28,0.108061
CAT,18542,QMLE-Trade,2025-8-29,0.235308
CAT,18542,QMLE-Trade,2025-9-2,0.163027
CAT,18542,QMLE-Trade,2025-9-3,0.135507
CAT,18542,QMLE-Trade,2025-9-4,0.108439
CAT,18542,QMLE-Trade,2025-9-5,0.181642
CAT,18542,QMLE-Trade,2025-9-8,0.148139
CAT,18542,QMLE-Trade,2025-9-9,0.131479
CAT,18542,QMLE-Trade,2025-9-10,0.167368
CAT,18542,QMLE-Trade,2025-9-11,0.184493
CAT,18542,QMLE-Trade,2025-9-12,0.128183
CAT,18542,QMLE-Trade,2025-9-15,0.202326
CAT,18542,QMLE-Trade,2025-9-16,0.149682
CAT,18542,QMLE-Trade,2025-9-17,0.31393
CAT,18542,QMLE-Trade,2025-9-18,0.25507
CAT,18542,QMLE-Trade,2025-9-19,0.202695
CAT,18542,QMLE-Trade,2025-9-22,0.180868
CAT,18542,QMLE-Trade,2025-9-23,0.23663
CAT,18542,QMLE-Trade,2025-9-24,0.199181
CAT,18542,QMLE-Trade,2025-9-25,0.222603
CAT,18542,QMLE-Trade,2025-9-26,0.155973
CAT,18542,QMLE-Trade,2025-9-29,0.156193
CAT,18542,QMLE-Trade,2025-9-30,0.160879
CAT,18542,QMLE-Trade,2025-10-1,0.191574
CAT,18542,QMLE-Trade,2025-10-2,0.26212
CAT,18542,QMLE-Trade,2025-10-3,0.194214
CAT,18542,QMLE-Trade,2025-10-6,0.210132
CAT,18542,QMLE-Trade,2025-10-7,0.209394
CAT,18542,QMLE-Trade,2025-10-8,0.214695
CAT,18542,QMLE-Trade,2025-10-9,0.204104
CAT,18542,QMLE-Trade,2025-10-10,0.333692
CAT,18542,QMLE-Trade,2025-10-13,0.247715
CAT,18542,QMLE-Trade,2025-10-14,0.263365
CAT,18542,QMLE-Trade,2025-10-15,0.236258
CAT,18542,QMLE-Trade,2025-10-16,0.27683
CAT,18542,QMLE-Trade,2025-10-17,0.250267
CAT,18542,QMLE-Trade,2025-10-20,0.20077
CAT,18542,QMLE-Trade,2025-10-21,0.211132
CAT,18542,QMLE-Trade,2025-10-22,0.25187
CAT,18542,QMLE-Trade,2025-10-23,0.240129
CAT,18542,QMLE-Trade,2025-10-24,0.172237
CAT,18542,QMLE-Trade,2025-10-27,0.165233
CAT,18542,QMLE-Trade,2025-10-28,0.211327
CAT,18542,QMLE-Trade,2025-10-29,0.535592
CAT,18542,QMLE-Trade,2025-10-30,0.25241
CAT,18542,QMLE-Trade,2025-11-3,0.220824
CAT,18542,QMLE-Trade,2025-11-4,0.308554
CAT,18542,QMLE-Trade,2025-11-5,0.277124
CAT,18542,QMLE-Trade,2025-11-6,0.30907
CAT,18542,QMLE-Trade,2025-11-7,0.306653
CAT,18542,QMLE-Trade,2025-11-10,0.230734
CAT,18542,QMLE-Trade,2025-11-11,0.226318
CAT,18542,QMLE-Trade,2025-11-12,0.248617
CAT,18542,QMLE-Trade,2025-11-13,0.331314
CAT,18542,QMLE-Trade,2025-11-14,0.314064
CAT,18542,QMLE-Trade,2025-11-17,0.26618
CAT,18542,QMLE-Trade,2025-11-18,0.32742
CAT,18542,QMLE-Trade,2025-11-19,0.265664
CAT,18542,QMLE-Trade,2025-11-20,0.367319
CAT,18542,QMLE-Trade,2025-11-21,0.387279
CAT,18542,QMLE-Trade,2025-11-24,0.23777
CAT,18542,QMLE-Trade,2025-11-25,0.259571
CAT,18542,QMLE-Trade,2025-11-26,0.232068
CAT,18542,QMLE-Trade,2025-11-28,0.125393
CAT,18542,QMLE-Trade,2025-12-1,0.188063
CAT,18542,QMLE-Trade,2025-12-2,0.216421
CAT,18542,QMLE-Trade,2025-12-3,0.288554
CAT,18542,QMLE-Trade,2025-12-4,0.197432
CAT,18542,QMLE-Trade,2025-12-5,0.196731
CAT,18542,QMLE-Trade,2025-12-8,0.227149
CAT,18542,QMLE-Trade,2025-12-9,0.179456
CAT,18542,QMLE-Trade,2025-12-10,0.250234
CAT,18542,QMLE-Trade,2025-12-11,0.251045
CAT,18542,QMLE-Trade,2025-12-12,0.380353
CAT,18542,QMLE-Trade,2025-12-15,0.344902
CAT,18542,QMLE-Trade,2025-12-16,0.253462
CAT,18542,QMLE-Trade,2025-12-17,0.333793
CAT,18542,QMLE-Trade,2025-12-18,0.270801
CAT,18542,QMLE-Trade,2025-12-19,0.259339
CAT,18542,QMLE-Trade,2025-12-22,0.188829
CAT,18542,QMLE-Trade,2025-12-23,0.161668
CAT,18542,QMLE-Trade,2025-12-24,0.126239
CAT,18542,QMLE-Trade,2025-12-26,0.140055
CAT,18542,QMLE-Trade,2025-12-29,0.165955
CAT,18542,QMLE-Trade,2025-12-30,0.138797
CAT,18542,QMLE-Trade,2025-12-31,0.118924
CAT,18542,QMLE-Trade,2026-1-2,0.236607
CAT,18542,QMLE-Trade,2026-1-5,0.269052
CAT,18542,QMLE-Trade,2026-1-6,0.247099
CAT,18542,QMLE-Trade,2026-1-7,0.268084
CAT,18542,QMLE-Trade,2026-1-8,0.251943
CAT,18542,QMLE-Trade,2026-1-9,0.21576
CAT,18542,QMLE-Trade,2026-1-12,0.186726
CAT,18542,QMLE-Trade,2026-1-13,0.206898
CAT,18542,QMLE-Trade,2026-1-14,0.252546
CAT,18542,QMLE-Trade,2026-1-15,0.209242
CAT,18542,QMLE-Trade,2026-1-16,0.196189
CAT,18542,QMLE-Trade,2026-1-20,0.288188
CAT,18542,QMLE-Trade,2026-1-21,0.253244
CAT,18542,QMLE-Trade,2026-1-22,0.21956
CAT,18542,QMLE-Trade,2026-1-23,0.227606
CAT,18542,QMLE-Trade,2026-1-26,0.247739
CAT,18542,QMLE-Trade,2026-1-27,0.221731
CAT,18542,QMLE-Trade,2026-1-28,0.254801
CAT,18542,QMLE-Trade,2026-1-29,0.543633
CAT,18542,QMLE-Trade,2026-1-30,0.355119
CAT,18542,QMLE-Trade,2026-2-2,0.301838
CAT,18542,QMLE-Trade,2026-2-3,0.330053
CAT,18542,QMLE-Trade,2026-2-4,0.4408
CAT,18542,QMLE-Trade,2026-2-5,0.394501
CAT,18542,QMLE-Trade,2026-2-6,0.301841
CAT,18542,QMLE-Trade,2026-2-9,0.245542
CAT,18542,QMLE-Trade,2026-2-10,0.263806
CAT,18542,QMLE-Trade,2026-2-11,0.314005
CAT,18542,QMLE-Trade,2026-2-12,0.394873
CAT,18542,QMLE-Trade,2026-2-13,0.38095
CAT,18542,QMLE-Trade,2026-2-17,0.381244
CAT,18542,QMLE-Trade,2026-2-18,0.27453
CAT,18542,QMLE-Trade,2026-2-19,0.271612
CAT,18542,QMLE-Trade,2026-2-20,0.298141
CAT,18542,QMLE-Trade,2026-2-23,0.258545
CAT,18542,QMLE-Trade,2026-2-24,0.236413
CAT,18542,QMLE-Trade,2026-2-25,0.248937
CAT,18542,QMLE-Trade,2026-2-27,0.263373
CAT,18542,QMLE-Trade,2026-3-2,0.311966
CAT,18542,QMLE-Trade,2026-3-3,0.428281
CAT,18542,QMLE-Trade,2026-3-4,0.327833
CAT,18542,QMLE-Trade,2026-3-5,0.37269
CAT,18542,QMLE-Trade,2026-3-6,0.36783
CAT,18542,QMLE-Trade,2026-3-10,0.328396
CAT,18542,QMLE-Trade,2026-3-11,0.288497
CAT,18542,QMLE-Trade,2026-3-12,0.341909
CAT,18542,QMLE-Trade,2026-3-13,0.321152
CAT,18542,QMLE-Trade,2026-3-16,0.25973
CAT,18542,QMLE-Trade,2026-3-17,0.232969
CAT,18542,QMLE-Trade,2026-3-18,0.269079
CAT,18542,QMLE-Trade,2026-3-19,0.342874
CAT,18542,QMLE-Trade,2026-3-20,0.325868
CAT,18542,QMLE-Trade,2026-3-23,0.322022
CAT,18542,QMLE-Trade,2026-3-24,0.316355
CAT,18542,QMLE-Trade,2026-3-25,0.282225
CAT,18542,QMLE-Trade,2026-3-26,0.326629
CAT,18542,QMLE-Trade,2026-3-27,0.299058
CAT,18542,QMLE-Trade,2026-3-30,0.412929
CAT,18542,QMLE-Trade,2026-3-31,0.385549
CAT,18542,QMLE-Trade,2026-4-1,0.284366
CAT,18542,QMLE-Trade,2026-4-2,0.342402
CAT,18542,QMLE-Trade,2026-4-6,0.266219
CAT,18542,QMLE-Trade,2026-4-7,0.293884
CAT,18542,QMLE-Trade,2026-4-8,0.276799
CAT,18542,QMLE-Trade,2026-4-9,0.250436
CAT,18542,QMLE-Trade,2026-4-10,0.229775
CAT,18542,QMLE-Trade,2026-4-14,0.218384
CAT,18542,QMLE-Trade,2026-4-15,0.303715
CAT,18542,QMLE-Trade,2026-4-16,0.256656
CAT,18542,QMLE-Trade,2026-4-17,0.235292
CAT,18542,QMLE-Trade,2026-4-20,0.204417
CAT,18542,QMLE-Trade,2026-4-21,0.264965
CAT,18542,QMLE-Trade,2026-4-22,0.226296
CAT,18542,QMLE-Trade,2026-4-23,0.268282
CAT,18542,QMLE-Trade,2026-4-24,0.232271
CAT,18542,QMLE-Trade,2026-4-27,0.251687
CAT,18542,QMLE-Trade,2026-4-28,0.288164
CAT,18542,QMLE-Trade,2026-4-29,0.247741
CAT,18542,QMLE-Trade,2026-4-30,0.424532
CAT,18542,QMLE-Trade,2026-5-1,0.310329
CAT,18542,QMLE-Trade,2026-5-4,0.286807
CAT,18542,QMLE-Trade,2026-5-5,0.243676
CAT,18542,QMLE-Trade,2026-5-6,0.272021
CAT,18542,QMLE-Trade,2026-5-7,0.302541
CAT,18542,QMLE-Trade,2026-5-8,0.218768
CAT,18542,QMLE-Trade,2026-5-11,0.268669
CAT,18542,QMLE-Trade,2026-5-12,0.265223
CAT,18542,QMLE-Trade,2026-5-13,0.272605
CAT,18542,QMLE-Trade,2026-5-14,0.252656
CAT,18542,QMLE-Trade,2026-5-15,0.279219
CAT,18542,QMLE-Trade,2026-5-18,0.339561
CAT,18542,QMLE-Trade,2026-5-19,0.337285
CAT,18542,QMLE-Trade,2026-5-20,0.280058
CAT,18542,QMLE-Trade,2026-5-21,0.29714
CAT,18542,QMLE-Trade,2026-5-22,0.271145
CAT,18542,QMLE-Trade,2026-5-26,0.248966
CAT,18542,QMLE-Trade,2026-5-27,0.270526
CAT,18542,QMLE-Trade,2026-5-28,0.243736
CAT,18542,QMLE-Trade,2026-5-29,0.222945
CAT,18542,QMLE-Trade,2026-6-1,0.244492
CAT,18542,QMLE-Trade,2026-6-2,0.256105
CAT,18542,QMLE-Trade,2026-6-3,0.250417
CAT,18542,QMLE-Trade,2026-6-4,0.322888
CAT,18542,QMLE-Trade,2026-6-5,0.345035
CAT,18542,QMLE-Trade,2026-6-8,0.296445
CAT,18542,QMLE-Trade,2026-6-9,0.435851
CAT,18542,QMLE-Trade,2026-6-10,0.404863
CAT,18542,QMLE-Trade,2026-6-11,0.412762
CAT,18542,QMLE-Trade,2026-6-12,0.363395
CAT,18542,QMLE-Trade,2026-6-15,0.261966
CAT,18542,QMLE-Trade,2026-6-16,0.287182
CAT,18542,QMLE-Trade,2026-6-17,0.360285
CAT,18542,QMLE-Trade,2026-6-18,0.312921
CAT,18542,QMLE-Trade,2026-6-22,0.276929
CAT,18542,QMLE-Trade,2026-6-23,0.349464
CAT,18542,QMLE-Trade,2026-6-24,0.327291
CAT,18542,QMLE-Trade,2026-6-25,0.366273
CAT,18542,QMLE-Trade,2026-6-26,0.39341
CAT,18542,QMLE-Trade,2026-6-29,0.351891
CAT,18542,QMLE-Trade,2026-6-30,0.282519
CAT,18542,QMLE-Trade,2026-7-1,0.39032
CAT,18542,QMLE-Trade,2026-7-2,0.416611
CAT,18542,QMLE-Trade,2026-7-6,0.278701
CAT,18542,QMLE-Trade,2026-7-7,0.420929
CAT,18542,QMLE-Trade,2026-7-8,0.303721
CAT,18542,QMLE-Trade,2026-7-9,0.283674
CAT,18542,QMLE-Trade,2026-7-10,0.282451
CAT,18542,QMLE-Trade,2026-7-13,0.301827
CAT,18542,QMLE-Trade,2026-7-14,0.278186
CAT,18542,QMLE-Trade,2026-7-15,0.36054
CAT,18542,QMLE-Trade,2026-7-16,0.340608
CAT,18542,QMLE-Trade,2026-7-17,0.389521
CAT,18542,QMLE-Trade,2026-7-20,0.285525
CAT,18542,QMLE-Trade,2026-7-21,0.243421
CAT,18542,QMLE-Trade,2026-7-22,0.256385
CAT,18542,QMLE-Trade,2026-7-23,0.325399
CAT,18542,QMLE-Trade,2026-7-24,0.314173
CAT,18542,QMLE-Trade,2026-7-27,0.370424
CAT,18542,QMLE-Trade,2026-7-28,0.356435
CAT,18542,QMLE-Quote,1996-1-2,0.345656
CAT,18542,QMLE-Quote,1996-1-3,0.269301
CAT,18542,QMLE-Quote,1996-1-4,0.148882
CAT,18542,QMLE-Quote,1996-1-5,0.298954
CAT,18542,QMLE-Quote,1996-1-8,0.110382
CAT,18542,QMLE-Quote,1996-1-9,0.249079
CAT,18542,QMLE-Quote,1996-1-10,0.309165
CAT,18542,QMLE-Quote,1996-1-11,0.0841056
CAT,18542,QMLE-Quote,1996-1-12,0.32894
CAT,18542,QMLE-Quote,1996-1-15,0.185808
CAT,18542,QMLE-Quote,1996-1-16,0.348961
CAT,18542,QMLE-Quote,1996-1-17,0.342034
CAT,18542,QMLE-Quote,1996-1-18,0.696744
CAT,18542,QMLE-Quote,1996-1-19,0.289078
CAT,18542,QMLE-Quote,1996-1-22,0.417614
CAT,18542,QMLE-Quote,1996-1-23,0.279802
CAT,18542,QMLE-Quote,1996-1-24,0.090542
CAT,18542,QMLE-Quote,1996-1-25,0.257528
CAT,18542,QMLE-Quote,1996-1-26,0.410762
CAT,18542,QMLE-Quote,1996-1-29,0.21465
CAT,18542,QMLE-Quote,1996-1-30,0.197332
CAT,18542,QMLE-Quote,1996-1-31,0.273542
CAT,18542,QMLE-Quote,1996-2-1,0.154793
CAT,18542,QMLE-Quote,1996-2-2,0.23454
CAT,18542,QMLE-Quote,1996-2-5,0.230407
CAT,18542,QMLE-Quote,1996-2-6,0.125253
CAT,18542,QMLE-Quote,1996-2-7,0.0489275
CAT,18542,QMLE-Quote,1996-2-8,0.171663
CAT,18542,QMLE-Quote,1996-2-9,0.182727
CAT,18542,QMLE-Quote,1996-2-12,0.380029
CAT,18542,QMLE-Quote,1996-2-13,0.305236
CAT,18542,QMLE-Quote,1996-2-14,0.167651
CAT,18542,QMLE-Quote,1996-2-15,0.1563
CAT,18542,QMLE-Quote,1996-2-16,0.197043
CAT,18542,QMLE-Quote,1996-2-20,0.213676
CAT,18542,QMLE-Quote,1996-2-21,0.224285
CAT,18542,QMLE-Quote,1996-2-22,0.277235
CAT,18542,QMLE-Quote,1996-2-23,0.286973
CAT,18542,QMLE-Quote,1996-2-26,0.257066
CAT,18542,QMLE-Quote,1996-2-27,0.356068
CAT,18542,QMLE-Quote,1996-2-28,0.304071
CAT,18542,QMLE-Quote,1996-2-29,0.243139
CAT,18542,QMLE-Quote,1996-3-1,0.447998
CAT,18542,QMLE-Quote,1996-3-4,0.346456
CAT,18542,QMLE-Quote,1996-3-5,0.162716
CAT,18542,QMLE-Quote,1996-3-6,0.291123
CAT,18542,QMLE-Quote,1996-3-7,0.205455
CAT,18542,QMLE-Quote,1996-3-8,0.303199
CAT,18542,QMLE-Quote,1996-3-11,0.274248
CAT,18542,QMLE-Quote,1996-3-12,0.34791
CAT,18542,QMLE-Quote,1996-3-13,0.208769
CAT,18542,QMLE-Quote,1996-3-14,0.14623
CAT,18542,QMLE-Quote,1996-3-15,0.168189
CAT,18542,QMLE-Quote,1996-3-18,0.303261
CAT,18542,QMLE-Quote,1996-3-19,0.3587
CAT,18542,QMLE-Quote,1996-3-20,0.301825
CAT,18542,QMLE-Quote,1996-3-21,0.122115
CAT,18542,QMLE-Quote,1996-3-22,0.172253
CAT,18542,QMLE-Quote,1996-3-25,0.143342
CAT,18542,QMLE-Quote,1996-3-26,0.185538
CAT,18542,QMLE-Quote,1996-3-27,0.185146
CAT,18542,QMLE-Quote,1996-3-28,0.241903
CAT,18542,QMLE-Quote,1996-3-29,0.192196
CAT,18542,QMLE-Quote,1996-4-1,0.194901
CAT,18542,QMLE-Quote,1996-4-2,0.289907
CAT,18542,QMLE-Quote,1996-4-3,0.205493
CAT,18542,QMLE-Quote,1996-4-4,0.211618
CAT,18542,QMLE-Quote,1996-4-8,0.210317
CAT,18542,QMLE-Quote,1996-4-9,0.197603
CAT,18542,QMLE-Quote,1996-4-10,0.229691
CAT,18542,QMLE-Quote,1996-4-11,0.350099
CAT,18542,QMLE-Quote,1996-4-12,0.215032
CAT,18542,QMLE-Quote,1996-4-15,0.186699
CAT,18542,QMLE-Quote,1996-4-16,0.31813
CAT,18542,QMLE-Quote,1996-4-17,0.230518
CAT,18542,QMLE-Quote,1996-4-18,0.285025
CAT,18542,QMLE-Quote,1996-4-19,0.11633
CAT,18542,QMLE-Quote,1996-4-22,0.0323465
CAT,18542,QMLE-Quote,1996-4-23,0.256837
CAT,18542,QMLE-Quote,1996-4-24,0.155275
CAT,18542,QMLE-Quote,1996-4-25,0.304696
CAT,18542,QMLE-Quote,1996-4-26,0.222474
CAT,18542,QMLE-Quote,1996-4-29,0.207229
CAT,18542,QMLE-Quote,1996-4-30,0.0993411
CAT,18542,QMLE-Quote,1996-5-1,0.267526
CAT,18542,QMLE-Quote,1996-5-2,0.270847
CAT,18542,QMLE-Quote,1996-5-3,0.26831
CAT,18542,QMLE-Quote,1996-5-6,0.181387
CAT,18542,QMLE-Quote,1996-5-7,0.0826652
CAT,18542,QMLE-Quote,1996-5-8,0.214559
CAT,18542,QMLE-Quote,1996-5-9,0.194992
CAT,18542,QMLE-Quote,1996-5-10,0.117173
CAT,18542,QMLE-Quote,1996-5-13,0.103696
CAT,18542,QMLE-Quote,1996-5-14,0.251118
CAT,18542,QMLE-Quote,1996-5-15,0.180692
CAT,18542,QMLE-Quote,1996-5-16,0.230278
CAT,18542,QMLE-Quote,1996-5-17,0.208954
CAT,18542,QMLE-Quote,1996-5-20,0.131803
CAT,18542,QMLE-Quote,1996-5-21,0.119429
CAT,18542,QMLE-Quote,1996-5-22,0.179805
CAT,18542,QMLE-Quote,1996-5-23,0.353056
CAT,18542,QMLE-Quote,1996-5-24,0.1507
CAT,18542,QMLE-Quote,1996-5-28,0.0824778
CAT,18542,QMLE-Quote,1996-5-29,0.0068091
CAT,18542,QMLE-Quote,1996-5-30,0.140013
CAT,18542,QMLE-Quote,1996-5-31,0.0388803
CAT,18542,QMLE-Quote,1996-6-3,0.159482
CAT,18542,QMLE-Quote,1996-6-4,0.173509
CAT,18542,QMLE-Quote,1996-6-5,0.170232
CAT,18542,QMLE-Quote,1996-6-6,0.123575
CAT,18542,QMLE-Quote,1996-6-7,0.32966
CAT,18542,QMLE-Quote,1996-6-10,0.216657
CAT,18542,QMLE-Quote,1996-6-11,0.198905
CAT,18542,QMLE-Quote,1996-6-12,0.304964
CAT,18542,QMLE-Quote,1996-6-13,0.203742
CAT,18542,QMLE-Quote,1996-6-14,0.120298
CAT,18542,QMLE-Quote,1996-6-17,0.126677
CAT,18542,QMLE-Quote,1996-6-18,0.384794
CAT,18542,QMLE-Quote,1996-6-19,0.25
CAT,18542,QMLE-Quote,1996-6-20,0.259109
CAT,18542,QMLE-Quote,1996-6-21,0.184688
CAT,18542,QMLE-Quote,1996-6-24,0.211536
CAT,18542,QMLE-Quote,1996-6-25,0.144789
CAT,18542,QMLE-Quote,1996-6-26,0.267062
CAT,18542,QMLE-Quote,1996-6-27,0.127159
CAT,18542,QMLE-Quote,1996-6-28,0.189205
CAT,18542,QMLE-Quote,1996-7-1,0.368271
CAT,18542,QMLE-Quote,1996-7-2,0.168785
CAT,18542,QMLE-Quote,1996-7-3,0.204161
CAT,18542,QMLE-Quote,1996-7-5,0.454568
CAT,18542,QMLE-Quote,1996-7-8,0.225013
CAT,18542,QMLE-Quote,1996-7-9,0.104951
CAT,18542,QMLE-Quote,1996-7-10,0.199009
CAT,18542,QMLE-Quote,1996-7-11,0.282366
CAT,18542,QMLE-Quote,1996-7-12,0.461363
CAT,18542,QMLE-Quote,1996-7-15,0.349507
CAT,18542,QMLE-Quote,1996-7-16,0.729914
CAT,18542,QMLE-Quote,1996-7-17,0.357688
CAT,18542,QMLE-Quote,1996-7-18,0.194924
CAT,18542,QMLE-Quote,1996-7-19,0.207989
CAT,18542,QMLE-Quote,1996-7-22,0.165234
CAT,18542,QMLE-Quote,1996-7-23,0.164308
CAT,18542,QMLE-Quote,1996-7-24,0.310995
CAT,18542,QMLE-Quote,1996-7-25,0.433336
CAT,18542,QMLE-Quote,1996-7-26,0.305369
CAT,18542,QMLE-Quote,1996-7-29,0.195774
CAT,18542,QMLE-Quote,1996-7-30,0.229397
CAT,18542,QMLE-Quote,1996-7-31,0.331643
CAT,18542,QMLE-Quote,1996-8-1,0.228115
CAT,18542,QMLE-Quote,1996-8-2,0.158601
CAT,18542,QMLE-Quote,1996-8-5,0.0730913
CAT,18542,QMLE-Quote,1996-8-6,0.150544
CAT,18542,QMLE-Quote,1996-8-7,0.107814
CAT,18542,QMLE-Quote,1996-8-8,0.154915
CAT,18542,QMLE-Quote,1996-8-9,0.0423507
CAT,18542,QMLE-Quote,1996-8-12,0.182548
CAT,18542,QMLE-Quote,1996-8-13,0.106244
CAT,18542,QMLE-Quote,1996-8-14,0.0416566
CAT,18542,QMLE-Quote,1996-8-15,0.0916667
CAT,18542,QMLE-Quote,1996-8-16,0.00820278
CAT,18542,QMLE-Quote,1996-8-19,0.163753
CAT,18542,QMLE-Quote,1996-8-20,0.288888
CAT,18542,QMLE-Quote,1996-8-21,0.164647
CAT,18542,QMLE-Quote,1996-8-22,0.0981787
CAT,18542,QMLE-Quote,1996-8-23,0.167189
CAT,18542,QMLE-Quote,1996-8-26,0.0770468
CAT,18542,QMLE-Quote,1996-8-27,0.138864
CAT,18542,QMLE-Quote,1996-8-28,0.12954
CAT,18542,QMLE-Quote,1996-8-29,0.13153
CAT,18542,QMLE-Quote,1996-8-30,0.119128
CAT,18542,QMLE-Quote,1996-9-3,0.111773
CAT,18542,QMLE-Quote,1996-9-4,0.211631
CAT,18542,QMLE-Quote,1996-9-5,0.193316
CAT,18542,QMLE-Quote,1996-9-6,0.269267
CAT,18542,QMLE-Quote,1996-9-9,0.191832
CAT,18542,QMLE-Quote,1996-9-10,0.196575
CAT,18542,QMLE-Quote,1996-9-11,0.226104
CAT,18542,QMLE-Quote,1996-9-12,0.169564
CAT,18542,QMLE-Quote,1996-9-13,0.206926
CAT,18542,QMLE-Quote,1996-9-16,0.0985216
CAT,18542,QMLE-Quote,1996-9-17,0.219151
CAT,18542,QMLE-Quote,1996-9-18,0.173988
CAT,18542,QMLE-Quote,1996-9-19,0.251857
CAT,18542,QMLE-Quote,1996-9-20,0.12729
CAT,18542,QMLE-Quote,1996-9-23,0.0120273
CAT,18542,QMLE-Quote,1996-9-24,0.265914
CAT,18542,QMLE-Quote,1996-9-25,0.186066
CAT,18542,QMLE-Quote,1996-9-26,0.145953
CAT,18542,QMLE-Quote,1996-9-27,0.0885737
CAT,18542,QMLE-Quote,1996-9-30,0.197357
CAT,18542,QMLE-Quote,1996-10-1,0.198967
CAT,18542,QMLE-Quote,1996-10-2,0.00185889
CAT,18542,QMLE-Quote,1996-10-3,0.187198
CAT,18542,QMLE-Quote,1996-10-4,0.197223
CAT,18542,QMLE-Quote,1996-10-7,0.294599
CAT,18542,QMLE-Quote,1996-10-8,0.123254
CAT,18542,QMLE-Quote,1996-10-9,0.138751
CAT,18542,QMLE-Quote,1996-10-10,0.143636
CAT,18542,QMLE-Quote,1996-10-11,0.215904
CAT,18542,QMLE-Quote,1996-10-14,0.202044
CAT,18542,QMLE-Quote,1996-10-15,0.378204
CAT,18542,QMLE-Quote,1996-10-16,0.300888
CAT,18542,QMLE-Quote,1996-10-17,0.188867
CAT,18542,QMLE-Quote,1996-10-18,0.0670422
CAT,18542,QMLE-Quote,1996-10-21,0.165464
CAT,18542,QMLE-Quote,1996-10-22,0.119398
CAT,18542,QMLE-Quote,1996-10-23,0.187531
CAT,18542,QMLE-Quote,1996-10-24,0.134358
CAT,18542,QMLE-Quote,1996-10-25,0.19456
CAT,18542,QMLE-Quote,1996-10-28,0.166225
CAT,18542,QMLE-Quote,1996-10-29,0.205902
CAT,18542,QMLE-Quote,1996-10-30,0.201352
CAT,18542,QMLE-Quote,1996-10-31,0.095948
CAT,18542,QMLE-Quote,1996-11-1,0.286317
CAT,18542,QMLE-Quote,1996-11-4,0.13021
CAT,18542,QMLE-Quote,1996-11-5,0.0333434
CAT,18542,QMLE-Quote,1996-11-6,0.166868
CAT,18542,QMLE-Quote,1996-11-7,0.216635
CAT,18542,QMLE-Quote,1996-11-8,0.219471
CAT,18542,QMLE-Quote,1996-11-11,0.00146138
CAT,18542,QMLE-Quote,1996-11-12,0.230521
CAT,18542,QMLE-Quote,1996-11-13,0.240747
CAT,18542,QMLE-Quote,1996-11-14,0.0871582
CAT,18542,QMLE-Quote,1996-11-15,0.239948
CAT,18542,QMLE-Quote,1996-11-18,0.179756
CAT,18542,QMLE-Quote,1996-11-19,0.107625
CAT,18542,QMLE-Quote,1996-11-20,0.24745
CAT,18542,QMLE-Quote,1996-11-21,0.164066
CAT,18542,QMLE-Quote,1996-11-22,0.282348
CAT,18542,QMLE-Quote,1996-11-25,0.20057
CAT,18542,QMLE-Quote,1996-11-26,0.258408
CAT,18542,QMLE-Quote,1996-11-27,0.193294
CAT,18542,QMLE-Quote,1996-11-29,0.204937
CAT,18542,QMLE-Quote,1996-12-2,0.210453
CAT,18542,QMLE-Quote,1996-12-3,0.199278
CAT,18542,QMLE-Quote,1996-12-4,0.176594
CAT,18542,QMLE-Quote,1996-12-5,0.211518
CAT,18542,QMLE-Quote,1996-12-6,0.268991
CAT,18542,QMLE-Quote,1996-12-9,0.065664
CAT,18542,QMLE-Quote,1996-12-10,0.184705
CAT,18542,QMLE-Quote,1996-12-11,0.29265
CAT,18542,QMLE-Quote,1996-12-12,0.140923
CAT,18542,QMLE-Quote,1996-12-13,0.240054
CAT,18542,QMLE-Quote,1996-12-16,0.212946
CAT,18542,QMLE-Quote,1996-12-17,0.193654
CAT,18542,QMLE-Quote,1996-12-18,0.272768
CAT,18542,QMLE-Quote,1996-12-19,0.242741
CAT,18542,QMLE-Quote,1996-12-20,0.179379
CAT,18542,QMLE-Quote,1996-12-23,0.16441
CAT,18542,QMLE-Quote,1996-12-24,0.147393
CAT,18542,QMLE-Quote,1996-12-26,0.0834071
CAT,18542,QMLE-Quote,1996-12-27,0.0487639
CAT,18542,QMLE-Quote,1996-12-30,0.18548
CAT,18542,QMLE-Quote,1996-12-31,0.233319
CAT,18542,QMLE-Quote,1997-1-2,0.34268
CAT,18542,QMLE-Quote,1997-1-3,0.181624
CAT,18542,QMLE-Quote,1997-1-6,0.218465
CAT,18542,QMLE-Quote,1997-1-7,0.253614
CAT,18542,QMLE-Quote,1997-1-8,0.200448
CAT,18542,QMLE-Quote,1997-1-9,0.219874
CAT,18542,QMLE-Quote,1997-1-10,0.369852
CAT,18542,QMLE-Quote,1997-1-13,0.200536
CAT,18542,QMLE-Quote,1997-1-14,0.157974
CAT,18542,QMLE-Quote,1997-1-15,0.108659
CAT,18542,QMLE-Quote,1997-1-16,0.062309
CAT,18542,QMLE-Quote,1997-1-17,0.316687
CAT,18542,QMLE-Quote,1997-1-20,0.0994526
CAT,18542,QMLE-Quote,1997-1-21,0.187514
CAT,18542,QMLE-Quote,1997-1-22,0.202422
CAT,18542,QMLE-Quote,1997-1-23,0.244573
CAT,18542,QMLE-Quote,1997-1-24,0.159152
CAT,18542,QMLE-Quote,1997-1-27,0.18263
CAT,18542,QMLE-Quote,1997-1-28,0.173768
CAT,18542,QMLE-Quote,1997-1-29,0.108286
CAT,18542,QMLE-Quote,1997-1-30,0.152533
CAT,18542,QMLE-Quote,1997-1-31,0.0241846
CAT,18542,QMLE-Quote,1997-2-3,0.127865
CAT,18542,QMLE-Quote,1997-2-4,0.22745
CAT,18542,QMLE-Quote,1997-2-5,0.167086
CAT,18542,QMLE-Quote,1997-2-6,0.0251349
CAT,18542,QMLE-Quote,1997-2-7,0.314988
CAT,18542,QMLE-Quote,1997-2-10,0.201891
CAT,18542,QMLE-Quote,1997-2-11,0.178591
CAT,18542,QMLE-Quote,1997-2-12,0.0984974
CAT,18542,QMLE-Quote,1997-2-13,0.363967
CAT,18542,QMLE-Quote,1997-2-14,0.226926
CAT,18542,QMLE-Quote,1997-2-18,0.212472
CAT,18542,QMLE-Quote,1997-2-19,0.309633
CAT,18542,QMLE-Quote,1997-2-20,0.142131
CAT,18542,QMLE-Quote,1997-2-21,0.108177
CAT,18542,QMLE-Quote,1997-2-24,0.170768
CAT,18542,QMLE-Quote,1997-2-25,0.17846
CAT,18542,QMLE-Quote,1997-2-26,0.250829
CAT,18542,QMLE-Quote,1997-2-27,0.150282
CAT,18542,QMLE-Quote,1997-2-28,0.127203
CAT,18542,QMLE-Quote,1997-3-3,0.113288
CAT,18542,QMLE-Quote,1997-3-4,0.162825
CAT,18542,QMLE-Quote,1997-3-5,0.202436
CAT,18542,QMLE-Quote,1997-3-6,0.0692288
CAT,18542,QMLE-Quote,1997-3-7,0.116445
CAT,18542,QMLE-Quote,1997-3-10,0.217841
CAT,18542,QMLE-Quote,1997-3-11,0.187253
CAT,18542,QMLE-Quote,1997-3-12,0.106912
CAT,18542,QMLE-Quote,1997-3-13,0.188075
CAT,18542,QMLE-Quote,1997-3-14,0.151238
CAT,18542,QMLE-Quote,1997-3-17,0.292435
CAT,18542,QMLE-Quote,1997-3-18,0.129128
CAT,18542,QMLE-Quote,1997-3-19,0.225132
CAT,18542,QMLE-Quote,1997-3-20,0.155273
CAT,18542,QMLE-Quote,1997-3-21,0.0736045
CAT,18542,QMLE-Quote,1997-3-24,0.213958
CAT,18542,QMLE-Quote,1997-3-25,0.176738
CAT,18542,QMLE-Quote,1997-3-26,0.181708
CAT,18542,QMLE-Quote,1997-3-27,0.270292
CAT,18542,QMLE-Quote,1997-3-31,0.218582
CAT,18542,QMLE-Quote,1997-4-1,0.244543
CAT,18542,QMLE-Quote,1997-4-2,0.255552
CAT,18542,QMLE-Quote,1997-4-3,0.102496
CAT,18542,QMLE-Quote,1997-4-4,0.392937
CAT,18542,QMLE-Quote,1997-4-7,0.169495
CAT,18542,QMLE-Quote,1997-4-8,0.1294
CAT,18542,QMLE-Quote,1997-4-9,0.00604472
CAT,18542,QMLE-Quote,1997-4-10,0.154799
CAT,18542,QMLE-Quote,1997-4-11,0.156072
CAT,18542,QMLE-Quote,1997-4-14,0.341918
CAT,18542,QMLE-Quote,1997-4-15,0.288337
CAT,18542,QMLE-Quote,1997-4-16,0.270627
CAT,18542,QMLE-Quote,1997-4-17,0.222409
CAT,18542,QMLE-Quote,1997-4-18,0.214285
CAT,18542,QMLE-Quote,1997-4-21,0.179543
CAT,18542,QMLE-Quote,1997-4-22,0.27703
CAT,18542,QMLE-Quote,1997-4-23,0.258509
CAT,18542,QMLE-Quote,1997-4-24,0.251493
CAT,18542,QMLE-Quote,1997-4-25,0.275058
CAT,18542,QMLE-Quote,1997-4-28,0.19034
CAT,18542,QMLE-Quote,1997-4-29,0.234911
CAT,18542,QMLE-Quote,1997-4-30,0.246115
CAT,18542,QMLE-Quote,1997-5-1,0.259497
CAT,18542,QMLE-Quote,1997-5-2,0.338032
CAT,18542,QMLE-Quote,1997-5-5,0.216671
CAT,18542,QMLE-Quote,1997-5-6,0.246963
CAT,18542,QMLE-Quote,1997-5-7,0.211543
CAT,18542,QMLE-Quote,1997-5-8,0.240956
CAT,18542,QMLE-Quote,1997-5-9,0.217458
CAT,18542,QMLE-Quote,1997-5-12,0.182447
CAT,18542,QMLE-Quote,1997-5-13,0.23666
CAT,18542,QMLE-Quote,1997-5-14,0.313345
CAT,18542,QMLE-Quote,1997-5-15,0.299824
CAT,18542,QMLE-Quote,1997-5-16,0.270946
CAT,18542,QMLE-Quote,1997-5-19,0.27639
CAT,18542,QMLE-Quote,1997-5-20,0.231876
CAT,18542,QMLE-Quote,1997-5-21,0.425611
CAT,18542,QMLE-Quote,1997-5-22,0.213051
CAT,18542,QMLE-Quote,1997-5-23,0.160259
CAT,18542,QMLE-Quote,1997-5-27,0.212215
CAT,18542,QMLE-Quote,1997-5-28,0.167685
CAT,18542,QMLE-Quote,1997-5-29,0.109999
CAT,18542,QMLE-Quote,1997-5-30,0.111028
CAT,18542,QMLE-Quote,1997-6-2,0.186469
CAT,18542,QMLE-Quote,1997-6-3,0.225502
CAT,18542,QMLE-Quote,1997-6-4,0.116359
CAT,18542,QMLE-Quote,1997-6-5,0.16146
CAT,18542,QMLE-Quote,1997-6-6,0.304843
CAT,18542,QMLE-Quote,1997-6-9,0.240651
CAT,18542,QMLE-Quote,1997-6-10,0.291769
CAT,18542,QMLE-Quote,1997-6-11,0.285278
CAT,18542,QMLE-Quote,1997-6-12,0.191744
CAT,18542,QMLE-Quote,1997-6-13,0.220457
CAT,18542,QMLE-Quote,1997-6-16,0.0973002
CAT,18542,QMLE-Quote,1997-6-17,0.255324
CAT,18542,QMLE-Quote,1997-6-18,0.00144849
CAT,18542,QMLE-Quote,1997-6-19,0.142027
CAT,18542,QMLE-Quote,1997-6-20,0.079464
CAT,18542,QMLE-Quote,1997-6-23,0.188273
CAT,18542,QMLE-Quote,1997-6-24,0.279147
CAT,18542,QMLE-Quote,1997-6-25,0.225908
CAT,18542,QMLE-Quote,1997-6-26,0.286927
CAT,18542,QMLE-Quote,1997-6-27,0.220728
CAT,18542,QMLE-Quote,1997-6-30,0.222288
CAT,18542,QMLE-Quote,1997-7-1,0.255203
CAT,18542,QMLE-Quote,1997-7-2,0.267924
CAT,18542,QMLE-Quote,1997-7-3,0.215893
CAT,18542,QMLE-Quote,1997-7-7,0.0877545
CAT,18542,QMLE-Quote,1997-7-8,0.186129
CAT,18542,QMLE-Quote,1997-7-9,0.195834
CAT,18542,QMLE-Quote,1997-7-10,0.178028
CAT,18542,QMLE-Quote,1997-7-11,0.196385
CAT,18542,QMLE-Quote,1997-7-14,0.27935
CAT,18542,QMLE-Quote,1997-7-15,0.222038
CAT,18542,QMLE-Quote,1997-7-16,0.193064
CAT,18542,QMLE-Quote,1997-7-17,0.135715
CAT,18542,QMLE-Quote,1997-7-18,0.262428
CAT,18542,QMLE-Quote,1997-7-21,0.32539
CAT,18542,QMLE-Quote,1997-7-22,0.645626
CAT,18542,QMLE-Quote,1997-7-23,0.377013
CAT,18542,QMLE-Quote,1997-7-24,0.234982
CAT,18542,QMLE-Quote,1997-7-25,0.254666
CAT,18542,QMLE-Quote,1997-7-28,0.173208
CAT,18542,QMLE-Quote,1997-7-29,0.273804
CAT,18542,QMLE-Quote,1997-7-30,0.238666
CAT,18542,QMLE-Quote,1997-7-31,0.435822
CAT,18542,QMLE-Quote,1997-8-1,0.420479
CAT,18542,QMLE-Quote,1997-8-4,0.29277
CAT,18542,QMLE-Quote,1997-8-5,0.26711
CAT,18542,QMLE-Quote,1997-8-6,0.302976
CAT,18542,QMLE-Quote,1997-8-7,0.229927
CAT,18542,QMLE-Quote,1997-8-8,0.374081
CAT,18542,QMLE-Quote,1997-8-11,0.311742
CAT,18542,QMLE-Quote,1997-8-12,0.259299
CAT,18542,QMLE-Quote,1997-8-13,0.142421
CAT,18542,QMLE-Quote,1997-8-14,0.323632
CAT,18542,QMLE-Quote,1997-8-15,0.186177
CAT,18542,QMLE-Quote,1997-8-18,0.184424
CAT,18542,QMLE-Quote,1997-8-19,0.303847
CAT,18542,QMLE-Quote,1997-8-20,0.323658
CAT,18542,QMLE-Quote,1997-8-21,0.302764
CAT,18542,QMLE-Quote,1997-8-22,0.392761
CAT,18542,QMLE-Quote,1997-8-25,0.160567
CAT,18542,QMLE-Quote,1997-8-26,0.330585
CAT,18542,QMLE-Quote,1997-8-27,0.333654
CAT,18542,QMLE-Quote,1997-8-28,0.483564
CAT,18542,QMLE-Quote,1997-8-29,0.336479
CAT,18542,QMLE-Quote,1997-9-2,0.455031
CAT,18542,QMLE-Quote,1997-9-3,0.169665
CAT,18542,QMLE-Quote,1997-9-4,0.482689
CAT,18542,QMLE-Quote,1997-9-5,0.259508
CAT,18542,QMLE-Quote,1997-9-8,0.0823769
CAT,18542,QMLE-Quote,1997-9-9,0.129399
CAT,18542,QMLE-Quote,1997-9-10,0.260228
CAT,18542,QMLE-Quote,1997-9-11,0.229041
CAT,18542,QMLE-Quote,1997-9-12,0.227513
CAT,18542,QMLE-Quote,1997-9-15,0.28254
CAT,18542,QMLE-Quote,1997-9-16,0.279042
CAT,18542,QMLE-Quote,1997-9-17,0.418406
CAT,18542,QMLE-Quote,1997-9-18,0.286034
CAT,18542,QMLE-Quote,1997-9-19,0.0954565
CAT,18542,QMLE-Quote,1997-9-22,0.163739
CAT,18542,QMLE-Quote,1997-9-23,0.251864
CAT,18542,QMLE-Quote,1997-9-24,0.250474
CAT,18542,QMLE-Quote,1997-9-25,0.216699
CAT,18542,QMLE-Quote,1997-9-26,0.124863
CAT,18542,QMLE-Quote,1997-9-29,0.170954
CAT,18542,QMLE-Quote,1997-9-30,0.263072
CAT,18542,QMLE-Quote,1997-10-1,0.345894
CAT,18542,QMLE-Quote,1997-10-2,0.243679
CAT,18542,QMLE-Quote,1997-10-3,0.328408
CAT,18542,QMLE-Quote,1997-10-6,0.244916
CAT,18542,QMLE-Quote,1997-10-7,0.254812
CAT,18542,QMLE-Quote,1997-10-8,0.235582
CAT,18542,QMLE-Quote,1997-10-9,0.258639
CAT,18542,QMLE-Quote,1997-10-10,0.148163
CAT,18542,QMLE-Quote,1997-10-13,0.114977
CAT,18542,QMLE-Quote,1997-10-14,0.227209
CAT,18542,QMLE-Quote,1997-10-15,0.371763
CAT,18542,QMLE-Quote,1997-10-16,0.323635
CAT,18542,QMLE-Quote,1997-10-17,0.344557
CAT,18542,QMLE-Quote,1997-10-20,0.236307
CAT,18542,QMLE-Quote,1997-10-21,0.096041
CAT,18542,QMLE-Quote,1997-10-22,0.214859
CAT,18542,QMLE-Quote,1997-10-23,0.316393
CAT,18542,QMLE-Quote,1997-10-24,0.260295
CAT,18542,QMLE-Quote,1997-10-27,0.497264
CAT,18542,QMLE-Quote,1997-10-28,0.991697
CAT,18542,QMLE-Quote,1997-10-29,0.590842
CAT,18542,QMLE-Quote,1997-10-30,0.312523
CAT,18542,QMLE-Quote,1997-10-31,0.263511
CAT,18542,QMLE-Quote,1997-11-3,0.269956
CAT,18542,QMLE-Quote,1997-11-4,0.32486
CAT,18542,QMLE-Quote,1997-11-5,0.489455
CAT,18542,QMLE-Quote,1997-11-6,0.149145
CAT,18542,QMLE-Quote,1997-11-7,0.452256
CAT,18542,QMLE-Quote,1997-11-10,0.276892
CAT,18542,QMLE-Quote,1997-11-11,0.586229
CAT,18542,QMLE-Quote,1997-11-12,0.545485
CAT,18542,QMLE-Quote,1997-11-13,0.524948
CAT,18542,QMLE-Quote,1997-11-14,0.645876
CAT,18542,QMLE-Quote,1997-11-17,0.21573
CAT,18542,QMLE-Quote,1997-11-18,0.29072
CAT,18542,QMLE-Quote,1997-11-19,0.394652
CAT,18542,QMLE-Quote,1997-11-20,0.0650912
CAT,18542,QMLE-Quote,1997-11-21,0.262622
CAT,18542,QMLE-Quote,1997-11-24,0.391644
CAT,18542,QMLE-Quote,1997-11-25,0.294751
CAT,18542,QMLE-Quote,1997-11-26,0.0701943
CAT,18542,QMLE-Quote,1997-11-28,0.233514
CAT,18542,QMLE-Quote,1997-12-1,0.250223
CAT,18542,QMLE-Quote,1997-12-2,0.329185
CAT,18542,QMLE-Quote,1997-12-3,0.341911
CAT,18542,QMLE-Quote,1997-12-4,0.317571
CAT,18542,QMLE-Quote,1997-12-5,0.348831
CAT,18542,QMLE-Quote,1997-12-8,0.20239
CAT,18542,QMLE-Quote,1997-12-9,0.326554
CAT,18542,QMLE-Quote,1997-12-10,0.265723
CAT,18542,QMLE-Quote,1997-12-11,0.325569
CAT,18542,QMLE-Quote,1997-12-12,0.262778
CAT,18542,QMLE-Quote,1997-12-15,0.172187
CAT,18542,QMLE-Quote,1997-12-16,0.467419
CAT,18542,QMLE-Quote,1997-12-17,0.405125
CAT,18542,QMLE-Quote,1997-12-18,0.286591
CAT,18542,QMLE-Quote,1997-12-19,0.502827
CAT,18542,QMLE-Quote,1997-12-22,0.260292
CAT,18542,QMLE-Quote,1997-12-23,0.278747
CAT,18542,QMLE-Quote,1997-12-24,0.26324
CAT,18542,QMLE-Quote,1997-12-26,0.251981
CAT,18542,QMLE-Quote,1997-12-29,0.196231
CAT,18542,QMLE-Quote,1997-12-30,0.264301
CAT,18542,QMLE-Quote,1997-12-31,0.266972
CAT,18542,QMLE-Quote,1998-1-2,0.161657
CAT,18542,QMLE-Quote,1998-1-5,0.31464
CAT,18542,QMLE-Quote,1998-1-6,0.234471
CAT,18542,QMLE-Quote,1998-1-7,0.321157
CAT,18542,QMLE-Quote,1998-1-8,0.327832
CAT,18542,QMLE-Quote,1998-1-9,0.233067
CAT,18542,QMLE-Quote,1998-1-12,0.486484
CAT,18542,QMLE-Quote,1998-1-13,0.270909
CAT,18542,QMLE-Quote,1998-1-14,0.201586
CAT,18542,QMLE-Quote,1998-1-15,0.179285
CAT,18542,QMLE-Quote,1998-1-16,0.379164
CAT,18542,QMLE-Quote,1998-1-20,0.291723
CAT,18542,QMLE-Quote,1998-1-21,0.481195
CAT,18542,QMLE-Quote,1998-1-22,0.317874
CAT,18542,QMLE-Quote,1998-1-23,0.249093
CAT,18542,QMLE-Quote,1998-1-26,0.200841
CAT,18542,QMLE-Quote,1998-1-27,0.315465
CAT,18542,QMLE-Quote,1998-1-28,0.256662
CAT,18542,QMLE-Quote,1998-1-29,0.322572
CAT,18542,QMLE-Quote,1998-1-30,0.358481
CAT,18542,QMLE-Quote,1998-2-2,0.397074
CAT,18542,QMLE-Quote,1998-2-3,0.234797
CAT,18542,QMLE-Quote,1998-2-4,0.175478
CAT,18542,QMLE-Quote,1998-2-5,0.331416
CAT,18542,QMLE-Quote,1998-2-6,0.302145
CAT,18542,QMLE-Quote,1998-2-9,0.326151
CAT,18542,QMLE-Quote,1998-2-10,0.335996
CAT,18542,QMLE-Quote,1998-2-11,0.231509
CAT,18542,QMLE-Quote,1998-2-12,0.429929
CAT,18542,QMLE-Quote,1998-2-13,0.228186
CAT,18542,QMLE-Quote,1998-2-17,0.24379
CAT,18542,QMLE-Quote,1998-2-18,0.264815
CAT,18542,QMLE-Quote,1998-2-19,0.208745
CAT,18542,QMLE-Quote,1998-2-20,0.438009
CAT,18542,QMLE-Quote,1998-2-23,0.199091
CAT,18542,QMLE-Quote,1998-2-24,0.326308
CAT,18542,QMLE-Quote,1998-2-25,0.244869
CAT,18542,QMLE-Quote,1998-2-26,0.104843
CAT,18542,QMLE-Quote,1998-2-27,0.286096
CAT,18542,QMLE-Quote,1998-3-2,0.266851
CAT,18542,QMLE-Quote,1998-3-3,0.344907
CAT,18542,QMLE-Quote,1998-3-4,0.187102
CAT,18542,QMLE-Quote,1998-3-5,0.211175
CAT,18542,QMLE-Quote,1998-3-6,0.253596
CAT,18542,QMLE-Quote,1998-3-9,0.214242
CAT,18542,QMLE-Quote,1998-3-10,0.175375
CAT,18542,QMLE-Quote,1998-3-11,0.224078
CAT,18542,QMLE-Quote,1998-3-12,0.316298
CAT,18542,QMLE-Quote,1998-3-13,0.277159
CAT,18542,QMLE-Quote,1998-3-16,0.252064
CAT,18542,QMLE-Quote,1998-3-17,0.160442
CAT,18542,QMLE-Quote,1998-3-18,0.155226
CAT,18542,QMLE-Quote,1998-3-19,0.496266
CAT,18542,QMLE-Quote,1998-3-20,0.251874
CAT,18542,QMLE-Quote,1998-3-23,0.292042
CAT,18542,QMLE-Quote,1998-3-24,0.248739
CAT,18542,QMLE-Quote,1998-3-25,0.236949
CAT,18542,QMLE-Quote,1998-3-26,0.255997
CAT,18542,QMLE-Quote,1998-3-27,0.258902
CAT,18542,QMLE-Quote,1998-3-30,0.139897
CAT,18542,QMLE-Quote,1998-3-31,0.200843
CAT,18542,QMLE-Quote,1998-4-1,0.325921
CAT,18542,QMLE-Quote,1998-4-2,0.195223
CAT,18542,QMLE-Quote,1998-4-3,0.254076
CAT,18542,QMLE-Quote,1998-4-6,0.101432
CAT,18542,QMLE-Quote,1998-4-7,0.261692
CAT,18542,QMLE-Quote,1998-4-8,0.275648
CAT,18542,QMLE-Quote,1998-4-9,0.197091
CAT,18542,QMLE-Quote,1998-4-13,0.297098
CAT,18542,QMLE-Quote,1998-4-14,0.248157
CAT,18542,QMLE-Quote,1998-4-15,0.324519
CAT,18542,QMLE-Quote,1998-4-16,0.250679
CAT,18542,QMLE-Quote,1998-4-17,0.309055
CAT,18542,QMLE-Quote,1998-4-20,0.171304
CAT,18542,QMLE-Quote,1998-4-21,0.173368
CAT,18542,QMLE-Quote,1998-4-22,0.2394
CAT,18542,QMLE-Quote,1998-4-23,0.0973964
CAT,18542,QMLE-Quote,1998-4-24,0.18525
CAT,18542,QMLE-Quote,1998-4-27,0.264018
CAT,18542,QMLE-Quote,1998-4-28,0.104902
CAT,18542,QMLE-Quote,1998-4-29,0.139888
CAT,18542,QMLE-Quote,1998-4-30,0.247652
CAT,18542,QMLE-Quote,1998-5-1,0.19354
CAT,18542,QMLE-Quote,1998-5-4,0.217814
CAT,18542,QMLE-Quote,1998-5-5,0.240895
CAT,18542,QMLE-Quote,1998-5-6,0.208556
CAT,18542,QMLE-Quote,1998-5-7,0.226578
CAT,18542,QMLE-Quote,1998-5-8,0.138067
CAT,18542,QMLE-Quote,1998-5-11,0.136725
CAT,18542,QMLE-Quote,1998-5-12,0.206286
CAT,18542,QMLE-Quote,1998-5-13,0.21538
CAT,18542,QMLE-Quote,1998-5-14,0.262099
CAT,18542,QMLE-Quote,1998-5-15,0.295513
CAT,18542,QMLE-Quote,1998-5-18,0.24783
CAT,18542,QMLE-Quote,1998-5-19,0.222372
CAT,18542,QMLE-Quote,1998-5-20,0.236981
CAT,18542,QMLE-Quote,1998-5-21,0.293503
CAT,18542,QMLE-Quote,1998-5-22,0.347405
CAT,18542,QMLE-Quote,1998-5-26,0.243811
CAT,18542,QMLE-Quote,1998-5-27,0.23866
CAT,18542,QMLE-Quote,1998-5-28,0.239816
CAT,18542,QMLE-Quote,1998-5-29,0.307919
CAT,18542,QMLE-Quote,1998-6-1,0.288773
CAT,18542,QMLE-Quote,1998-6-2,0.208247
CAT,18542,QMLE-Quote,1998-6-3,0.317443
CAT,18542,QMLE-Quote,1998-6-4,0.269567
CAT,18542,QMLE-Quote,1998-6-5,0.281068
CAT,18542,QMLE-Quote,1998-6-8,0.176391
CAT,18542,QMLE-Quote,1998-6-9,0.317957
CAT,18542,QMLE-Quote,1998-6-10,0.362012
CAT,18542,QMLE-Quote,1998-6-11,0.246381
CAT,18542,QMLE-Quote,1998-6-12,0.328716
CAT,18542,QMLE-Quote,1998-6-15,0.481625
CAT,18542,QMLE-Quote,1998-6-16,0.235932
CAT,18542,QMLE-Quote,1998-6-17,0.30921
CAT,18542,QMLE-Quote,1998-6-18,0.255991
CAT,18542,QMLE-Quote,1998-6-19,0.353485
CAT,18542,QMLE-Quote,1998-6-22,0.20753
CAT,18542,QMLE-Quote,1998-6-23,0.277156
CAT,18542,QMLE-Quote,1998-6-24,0.296696
CAT,18542,QMLE-Quote,1998-6-25,0.28713
CAT,18542,QMLE-Quote,1998-6-26,0.304045
CAT,18542,QMLE-Quote,1998-6-29,0.286263
CAT,18542,QMLE-Quote,1998-6-30,0.25494
CAT,18542,QMLE-Quote,1998-7-1,0.243922
CAT,18542,QMLE-Quote,1998-7-2,0.272618
CAT,18542,QMLE-Quote,1998-7-6,0.246176
CAT,18542,QMLE-Quote,1998-7-7,0.163012
CAT,18542,QMLE-Quote,1998-7-8,0.178789
CAT,18542,QMLE-Quote,1998-7-9,0.447643
CAT,18542,QMLE-Quote,1998-7-10,0.251626
CAT,18542,QMLE-Quote,1998-7-13,0.283889
CAT,18542,QMLE-Quote,1998-7-14,0.384788
CAT,18542,QMLE-Quote,1998-7-15,0.5718
CAT,18542,QMLE-Quote,1998-7-16,0.313918
CAT,18542,QMLE-Quote,1998-7-17,0.252703
CAT,18542,QMLE-Quote,1998-7-20,0.332791
CAT,18542,QMLE-Quote,1998-7-21,0.306847
CAT,18542,QMLE-Quote,1998-7-22,0.251822
CAT,18542,QMLE-Quote,1998-7-23,0.416142
CAT,18542,QMLE-Quote,1998-7-24,0.274378
CAT,18542,QMLE-Quote,1998-7-27,0.230555
CAT,18542,QMLE-Quote,1998-7-28,0.347611
CAT,18542,QMLE-Quote,1998-7-29,0.361117
CAT,18542,QMLE-Quote,1998-7-30,0.278414
CAT,18542,QMLE-Quote,1998-7-31,0.376948
CAT,18542,QMLE-Quote,1998-8-3,0.202297
CAT,18542,QMLE-Quote,1998-8-4,0.467639
CAT,18542,QMLE-Quote,1998-8-5,0.42406
CAT,18542,QMLE-Quote,1998-8-6,0.268347
CAT,18542,QMLE-Quote,1998-8-7,0.446069
CAT,18542,QMLE-Quote,1998-8-10,0.246026
CAT,18542,QMLE-Quote,1998-8-11,0.513596
CAT,18542,QMLE-Quote,1998-8-12,0.413076
CAT,18542,QMLE-Quote,1998-8-13,0.395512
CAT,18542,QMLE-Quote,1998-8-14,0.332684
CAT,18542,QMLE-Quote,1998-8-17,0.355483
CAT,18542,QMLE-Quote,1998-8-18,0.261172
CAT,18542,QMLE-Quote,1998-8-19,0.329251
CAT,18542,QMLE-Quote,1998-8-20,0.28082
CAT,18542,QMLE-Quote,1998-8-21,0.522801
CAT,18542,QMLE-Quote,1998-8-24,0.39447
CAT,18542,QMLE-Quote,1998-8-25,0.27764
CAT,18542,QMLE-Quote,1998-8-26,0.343961
CAT,18542,QMLE-Quote,1998-8-27,0.348043
CAT,18542,QMLE-Quote,1998-8-28,0.420452
CAT,18542,QMLE-Quote,1998-8-31,0.563006
CAT,18542,QMLE-Quote,1998-9-1,0.792881
CAT,18542,QMLE-Quote,1998-9-2,0.558796
CAT,18542,QMLE-Quote,1998-9-3,0.613367
CAT,18542,QMLE-Quote,1998-9-4,0.512949
CAT,18542,QMLE-Quote,1998-9-8,0.596213
CAT,18542,QMLE-Quote,1998-9-9,0.484314
CAT,18542,QMLE-Quote,1998-9-10,0.550425
CAT,18542,QMLE-Quote,1998-9-11,0.595706
CAT,18542,QMLE-Quote,1998-9-14,0.400861
CAT,18542,QMLE-Quote,1998-9-15,0.52993
CAT,18542,QMLE-Quote,1998-9-16,0.432203
CAT,18542,QMLE-Quote,1998-9-17,0.546753
CAT,18542,QMLE-Quote,1998-9-18,0.527514
CAT,18542,QMLE-Quote,1998-9-21,0.626885
CAT,18542,QMLE-Quote,1998-9-22,0.409771
CAT,18542,QMLE-Quote,1998-9-23,0.48537
CAT,18542,QMLE-Quote,1998-9-24,0.573689
CAT,18542,QMLE-Quote,1998-9-25,0.420607
CAT,18542,QMLE-Quote,1998-9-28,0.395774
CAT,18542,QMLE-Quote,1998-9-29,0.643782
CAT,18542,QMLE-Quote,1998-9-30,0.639994
CAT,18542,QMLE-Quote,1998-10-1,0.578352
CAT,18542,QMLE-Quote,1998-10-2,0.537979
CAT,18542,QMLE-Quote,1998-10-5,0.690054
CAT,18542,QMLE-Quote,1998-10-6,0.275532
CAT,18542,QMLE-Quote,1998-10-7,0.735424
CAT,18542,QMLE-Quote,1998-10-8,1.02362
CAT,18542,QMLE-Quote,1998-10-9,0.627041
CAT,18542,QMLE-Quote,1998-10-12,0.362404
CAT,18542,QMLE-Quote,1998-10-13,0.513028
CAT,18542,QMLE-Quote,1998-10-14,0.620292
CAT,18542,QMLE-Quote,1998-10-15,0.886502
CAT,18542,QMLE-Quote,1998-10-16,0.662868
CAT,18542,QMLE-Quote,1998-10-19,0.498179
CAT,18542,QMLE-Quote,1998-10-20,0.389158
CAT,18542,QMLE-Quote,1998-10-21,0.467798
CAT,18542,QMLE-Quote,1998-10-22,0.501455
CAT,18542,QMLE-Quote,1998-10-23,0.336838
CAT,18542,QMLE-Quote,1998-10-26,0.288885
CAT,18542,QMLE-Quote,1998-10-27,0.397909
CAT,18542,QMLE-Quote,1998-10-28,0.343775
CAT,18542,QMLE-Quote,1998-10-29,0.40461
CAT,18542,QMLE-Quote,1998-10-30,0.334162
CAT,18542,QMLE-Quote,1998-11-2,0.385945
CAT,18542,QMLE-Quote,1998-11-3,0.360649
CAT,18542,QMLE-Quote,1998-11-4,0.414575
CAT,18542,QMLE-Quote,1998-11-5,0.480886
CAT,18542,QMLE-Quote,1998-11-6,0.36143
CAT,18542,QMLE-Quote,1998-11-9,0.326731
CAT,18542,QMLE-Quote,1998-11-10,0.35313
CAT,18542,QMLE-Quote,1998-11-11,0.485286
CAT,18542,QMLE-Quote,1998-11-12,0.278128
CAT,18542,QMLE-Quote,1998-11-13,0.256892
CAT,18542,QMLE-Quote,1998-11-16,0.342393
CAT,18542,QMLE-Quote,1998-11-17,0.274685
CAT,18542,QMLE-Quote,1998-11-18,0.348173
CAT,18542,QMLE-Quote,1998-11-19,0.324185
CAT,18542,QMLE-Quote,1998-11-20,0.298643
CAT,18542,QMLE-Quote,1998-11-23,0.339827
CAT,18542,QMLE-Quote,1998-11-24,0.0911113
CAT,18542,QMLE-Quote,1998-11-25,0.224582
CAT,18542,QMLE-Quote,1998-11-27,0.246507
CAT,18542,QMLE-Quote,1998-11-30,0.425622
CAT,18542,QMLE-Quote,1998-12-1,0.266423
CAT,18542,QMLE-Quote,1998-12-2,0.294503
CAT,18542,QMLE-Quote,1998-12-3,0.209586
CAT,18542,QMLE-Quote,1998-12-4,0.363489
CAT,18542,QMLE-Quote,1998-12-7,0.27583
CAT,18542,QMLE-Quote,1998-12-8,0.279004
CAT,18542,QMLE-Quote,1998-12-9,0.350765
CAT,18542,QMLE-Quote,1998-12-10,0.34248
CAT,18542,QMLE-Quote,1998-12-11,0.444483
CAT,18542,QMLE-Quote,1998-12-14,0.350939
CAT,18542,QMLE-Quote,1998-12-15,0.479908
CAT,18542,QMLE-Quote,1998-12-16,0.547285
CAT,18542,QMLE-Quote,1998-12-17,0.301574
CAT,18542,QMLE-Quote,1998-12-18,0.321297
CAT,18542,QMLE-Quote,1998-12-21,0.305658
CAT,18542,QMLE-Quote,1998-12-22,0.160223
CAT,18542,QMLE-Quote,1998-12-23,0.156402
CAT,18542,QMLE-Quote,1998-12-24,0.20414
CAT,18542,QMLE-Quote,1998-12-28,0.204742
CAT,18542,QMLE-Quote,1998-12-29,0.335075
CAT,18542,QMLE-Quote,1998-12-30,0.221583
CAT,18542,QMLE-Quote,1998-12-31,0.424511
CAT,18542,QMLE-Quote,1999-1-4,0.378868
CAT,18542,QMLE-Quote,1999-1-5,0.46602
CAT,18542,QMLE-Quote,1999-1-6,0.224519
CAT,18542,QMLE-Quote,1999-1-7,0.22508
CAT,18542,QMLE-Quote,1999-1-8,0.309215
CAT,18542,QMLE-Quote,1999-1-11,0.304056
CAT,18542,QMLE-Quote,1999-1-12,0.335098
CAT,18542,QMLE-Quote,1999-1-13,0.310107
CAT,18542,QMLE-Quote,1999-1-14,0.345499
CAT,18542,QMLE-Quote,1999-1-15,0.22294
CAT,18542,QMLE-Quote,1999-1-19,0.449244
CAT,18542,QMLE-Quote,1999-1-20,0.412738
CAT,18542,QMLE-Quote,1999-1-21,0.342639
CAT,18542,QMLE-Quote,1999-1-22,0.306373
CAT,18542,QMLE-Quote,1999-1-25,0.28746
CAT,18542,QMLE-Quote,1999-1-26,0.269791
CAT,18542,QMLE-Quote,1999-1-27,0.289812
CAT,18542,QMLE-Quote,1999-1-28,0.281418
CAT,18542,QMLE-Quote,1999-1-29,0.273815
CAT,18542,QMLE-Quote,1999-2-1,0.251894
CAT,18542,QMLE-Quote,1999-2-2,0.226999
CAT,18542,QMLE-Quote,1999-2-3,0.388253
CAT,18542,QMLE-Quote,1999-2-4,0.543016
CAT,18542,QMLE-Quote,1999-2-5,0.35284
CAT,18542,QMLE-Quote,1999-2-8,0.288701
CAT,18542,QMLE-Quote,1999-2-9,0.426065
CAT,18542,QMLE-Quote,1999-2-10,0.275195
CAT,18542,QMLE-Quote,1999-2-11,0.28398
CAT,18542,QMLE-Quote,1999-2-12,0.371174
CAT,18542,QMLE-Quote,1999-2-16,0.364868
CAT,18542,QMLE-Quote,1999-2-17,0.283154
CAT,18542,QMLE-Quote,1999-2-18,0.348042
CAT,18542,QMLE-Quote,1999-2-19,0.265618
CAT,18542,QMLE-Quote,1999-2-22,0.252454
CAT,18542,QMLE-Quote,1999-2-23,0.375434
CAT,18542,QMLE-Quote,1999-2-24,0.267816
CAT,18542,QMLE-Quote,1999-2-25,0.273613
CAT,18542,QMLE-Quote,1999-2-26,0.3303
CAT,18542,QMLE-Quote,1999-3-1,0.389581
CAT,18542,QMLE-Quote,1999-3-2,0.502309
CAT,18542,QMLE-Quote,1999-3-3,0.333554
CAT,18542,QMLE-Quote,1999-3-4,0.224066
CAT,18542,QMLE-Quote,1999-3-5,0.207953
CAT,18542,QMLE-Quote,1999-3-8,0.28907
CAT,18542,QMLE-Quote,1999-3-9,0.216249
CAT,18542,QMLE-Quote,1999-3-10,0.275595
CAT,18542,QMLE-Quote,1999-3-11,0.166903
CAT,18542,QMLE-Quote,1999-3-12,0.563575
CAT,18542,QMLE-Quote,1999-3-15,0.250741
CAT,18542,QMLE-Quote,1999-3-16,0.239818
CAT,18542,QMLE-Quote,1999-3-17,0.300096
CAT,18542,QMLE-Quote,1999-3-18,0.320596
CAT,18542,QMLE-Quote,1999-3-19,0.233822
CAT,18542,QMLE-Quote,1999-3-22,0.184111
CAT,18542,QMLE-Quote,1999-3-23,0.328723
CAT,18542,QMLE-Quote,1999-3-24,0.349278
CAT,18542,QMLE-Quote,1999-3-25,0.248792
CAT,18542,QMLE-Quote,1999-3-26,0.276828
CAT,18542,QMLE-Quote,1999-3-29,0.253271
CAT,18542,QMLE-Quote,1999-3-30,0.30423
CAT,18542,QMLE-Quote,1999-3-31,0.291366
CAT,18542,QMLE-Quote,1999-4-1,0.2762
CAT,18542,QMLE-Quote,1999-4-5,0.318592
CAT,18542,QMLE-Quote,1999-4-6,0.281871
CAT,18542,QMLE-Quote,1999-4-7,0.210019
CAT,18542,QMLE-Quote,1999-4-8,0.304123
CAT,18542,QMLE-Quote,1999-4-9,0.354884
CAT,18542,QMLE-Quote,1999-4-12,0.365018
CAT,18542,QMLE-Quote,1999-4-13,0.499424
CAT,18542,QMLE-Quote,1999-4-14,0.545566
CAT,18542,QMLE-Quote,1999-4-15,0.608869
CAT,18542,QMLE-Quote,1999-4-16,0.587063
CAT,18542,QMLE-Quote,1999-4-19,0.592924
CAT,18542,QMLE-Quote,1999-4-20,0.41032
CAT,18542,QMLE-Quote,1999-4-21,0.367743
CAT,18542,QMLE-Quote,1999-4-22,0.498402
CAT,18542,QMLE-Quote,1999-4-23,0.401405
CAT,18542,QMLE-Quote,1999-4-26,0.426565
CAT,18542,QMLE-Quote,1999-4-27,0.389365
CAT,18542,QMLE-Quote,1999-4-28,0.455431
CAT,18542,QMLE-Quote,1999-4-29,0.503276
CAT,18542,QMLE-Quote,1999-4-30,0.584839
CAT,18542,QMLE-Quote,1999-5-3,0.254498
CAT,18542,QMLE-Quote,1999-5-4,0.25897
CAT,18542,QMLE-Quote,1999-5-5,0.290054
CAT,18542,QMLE-Quote,1999-5-6,0.281529
CAT,18542,QMLE-Quote,1999-5-7,0.416557
CAT,18542,QMLE-Quote,1999-5-10,0.30797
CAT,18542,QMLE-Quote,1999-5-11,0.387486
CAT,18542,QMLE-Quote,1999-5-12,0.227371
CAT,18542,QMLE-Quote,1999-5-13,0.263035
CAT,18542,QMLE-Quote,1999-5-14,0.529786
CAT,18542,QMLE-Quote,1999-5-17,0.257899
CAT,18542,QMLE-Quote,1999-5-18,0.470798
CAT,18542,QMLE-Quote,1999-5-19,0.296516
CAT,18542,QMLE-Quote,1999-5-20,0.282761
CAT,18542,QMLE-Quote,1999-5-21,0.285622
CAT,18542,QMLE-Quote,1999-5-24,0.265956
CAT,18542,QMLE-Quote,1999-5-25,0.350772
CAT,18542,QMLE-Quote,1999-5-26,0.323557
CAT,18542,QMLE-Quote,1999-5-27,0.410628
CAT,18542,QMLE-Quote,1999-5-28,0.345116
CAT,18542,QMLE-Quote,1999-6-1,0.553917
CAT,18542,QMLE-Quote,1999-6-2,0.363279
CAT,18542,QMLE-Quote,1999-6-3,0.405528
CAT,18542,QMLE-Quote,1999-6-4,0.256433
CAT,18542,QMLE-Quote,1999-6-7,0.321148
CAT,18542,QMLE-Quote,1999-6-8,0.282319
CAT,18542,QMLE-Quote,1999-6-9,0.300656
CAT,18542,QMLE-Quote,1999-6-10,0.26554
CAT,18542,QMLE-Quote,1999-6-11,0.327082
CAT,18542,QMLE-Quote,1999-6-14,0.315312
CAT,18542,QMLE-Quote,1999-6-15,0.268072
CAT,18542,QMLE-Quote,1999-6-16,0.352197
CAT,18542,QMLE-Quote,1999-6-17,0.00408497
CAT,18542,QMLE-Quote,1999-6-18,0.346677
CAT,18542,QMLE-Quote,1999-6-21,0.37926
CAT,18542,QMLE-Quote,1999-6-22,0.212398
CAT,18542,QMLE-Quote,1999-6-23,0.209081
CAT,18542,QMLE-Quote,1999-6-24,0.370325
CAT,18542,QMLE-Quote,1999-6-25,0.231475
CAT,18542,QMLE-Quote,1999-6-28,0.198758
CAT,18542,QMLE-Quote,1999-6-29,0.187481
CAT,18542,QMLE-Quote,1999-6-30,0.329186
CAT,18542,QMLE-Quote,1999-7-1,0.346087
CAT,18542,QMLE-Quote,1999-7-2,0.23414
CAT,18542,QMLE-Quote,1999-7-6,0.274645
CAT,18542,QMLE-Quote,1999-7-7,0.255362
CAT,18542,QMLE-Quote,1999-7-8,0.196607
CAT,18542,QMLE-Quote,1999-7-9,0.228944
CAT,18542,QMLE-Quote,1999-7-12,0.234186
CAT,18542,QMLE-Quote,1999-7-13,0.147385
CAT,18542,QMLE-Quote,1999-7-14,0.187307
CAT,18542,QMLE-Quote,1999-7-15,0.252608
CAT,18542,QMLE-Quote,1999-7-16,0.428341
CAT,18542,QMLE-Quote,1999-7-19,0.277385
CAT,18542,QMLE-Quote,1999-7-20,0.215849
CAT,18542,QMLE-Quote,1999-7-21,0.230638
CAT,18542,QMLE-Quote,1999-7-22,0.149082
CAT,18542,QMLE-Quote,1999-7-23,0.134606
CAT,18542,QMLE-Quote,1999-7-26,0.334936
CAT,18542,QMLE-Quote,1999-7-27,0.204879
CAT,18542,QMLE-Quote,1999-7-28,0.253375
CAT,18542,QMLE-Quote,1999-7-29,0.302622
CAT,18542,QMLE-Quote,1999-7-30,0.324614
CAT,18542,QMLE-Quote,1999-8-2,0.151162
CAT,18542,QMLE-Quote,1999-8-3,0.243246
CAT,18542,QMLE-Quote,1999-8-4,0.224863
CAT,18542,QMLE-Quote,1999-8-5,0.276011
CAT,18542,QMLE-Quote,1999-8-6,0.237209
CAT,18542,QMLE-Quote,1999-8-9,0.244847
CAT,18542,QMLE-Quote,1999-8-10,0.367262
CAT,18542,QMLE-Quote,1999-8-11,0.259517
CAT,18542,QMLE-Quote,1999-8-12,0.406774
CAT,18542,QMLE-Quote,1999-8-13,0.163177
CAT,18542,QMLE-Quote,1999-8-16,0.26486
CAT,18542,QMLE-Quote,1999-8-17,0.267483
CAT,18542,QMLE-Quote,1999-8-18,0.266377
CAT,18542,QMLE-Quote,1999-8-19,0.33999
CAT,18542,QMLE-Quote,1999-8-20,0.165546
CAT,18542,QMLE-Quote,1999-8-23,0.232789
CAT,18542,QMLE-Quote,1999-8-24,0.313064
CAT,18542,QMLE-Quote,1999-8-25,0.195534
CAT,18542,QMLE-Quote,1999-8-26,0.128688
CAT,18542,QMLE-Quote,1999-8-27,0.244871
CAT,18542,QMLE-Quote,1999-8-30,0.237124
CAT,18542,QMLE-Quote,1999-8-31,0.346377
CAT,18542,QMLE-Quote,1999-9-1,0.347959
CAT,18542,QMLE-Quote,1999-9-2,0.390111
CAT,18542,QMLE-Quote,1999-9-3,0.264855
CAT,18542,QMLE-Quote,1999-9-7,0.243217
CAT,18542,QMLE-Quote,1999-9-8,0.23554
CAT,18542,QMLE-Quote,1999-9-9,0.29586
CAT,18542,QMLE-Quote,1999-9-10,0.290259
CAT,18542,QMLE-Quote,1999-9-13,0.333987
CAT,18542,QMLE-Quote,1999-9-14,0.448277
CAT,18542,QMLE-Quote,1999-9-15,0.267369
CAT,18542,QMLE-Quote,1999-9-16,0.365343
CAT,18542,QMLE-Quote,1999-9-17,0.427438
CAT,18542,QMLE-Quote,1999-9-20,0.359981
CAT,18542,QMLE-Quote,1999-9-21,0.208447
CAT,18542,QMLE-Quote,1999-9-22,0.425773
CAT,18542,QMLE-Quote,1999-9-23,0.467259
CAT,18542,QMLE-Quote,1999-9-24,0.37099
CAT,18542,QMLE-Quote,1999-9-27,0.245282
CAT,18542,QMLE-Quote,1999-9-28,0.305008
CAT,18542,QMLE-Quote,1999-9-29,0.408532
CAT,18542,QMLE-Quote,1999-9-30,0.385297
CAT,18542,QMLE-Quote,1999-10-1,0.369135
CAT,18542,QMLE-Quote,1999-10-4,0.188188
CAT,18542,QMLE-Quote,1999-10-5,0.422215
CAT,18542,QMLE-Quote,1999-10-6,0.309086
CAT,18542,QMLE-Quote,1999-10-7,0.169261
CAT,18542,QMLE-Quote,1999-10-8,0.222194
CAT,18542,QMLE-Quote,1999-10-11,0.280614
CAT,18542,QMLE-Quote,1999-10-12,0.292588
CAT,18542,QMLE-Quote,1999-10-13,0.306596
CAT,18542,QMLE-Quote,1999-10-14,0.469733
CAT,18542,QMLE-Quote,1999-10-15,0.736965
CAT,18542,QMLE-Quote,1999-10-18,0.440527
CAT,18542,QMLE-Quote,1999-10-19,0.379394
CAT,18542,QMLE-Quote,1999-10-20,0.302975
CAT,18542,QMLE-Quote,1999-10-21,0.290474
CAT,18542,QMLE-Quote,1999-10-22,0.454171
CAT,18542,QMLE-Quote,1999-10-25,0.234728
CAT,18542,QMLE-Quote,1999-10-26,0.239086
CAT,18542,QMLE-Quote,1999-10-27,0.276585
CAT,18542,QMLE-Quote,1999-10-28,0.342024
CAT,18542,QMLE-Quote,1999-10-29,0.491597
CAT,18542,QMLE-Quote,1999-11-1,0.246748
CAT,18542,QMLE-Quote,1999-11-2,0.304361
CAT,18542,QMLE-Quote,1999-11-3,0.334878
CAT,18542,QMLE-Quote,1999-11-4,0.328143
CAT,18542,QMLE-Quote,1999-11-5,0.342044
CAT,18542,QMLE-Quote,1999-11-8,0.259114
CAT,18542,QMLE-Quote,1999-11-9,0.189834
CAT,18542,QMLE-Quote,1999-11-10,0.207155
CAT,18542,QMLE-Quote,1999-11-11,0.323119
CAT,18542,QMLE-Quote,1999-11-12,0.376764
CAT,18542,QMLE-Quote,1999-11-15,0.330241
CAT,18542,QMLE-Quote,1999-11-16,0.443469
CAT,18542,QMLE-Quote,1999-11-17,0.447265
CAT,18542,QMLE-Quote,1999-11-18,0.220675
CAT,18542,QMLE-Quote,1999-11-19,0.576411
CAT,18542,QMLE-Quote,1999-11-22,0.48769
CAT,18542,QMLE-Quote,1999-11-23,0.263647
CAT,18542,QMLE-Quote,1999-11-24,0.270926
CAT,18542,QMLE-Quote,1999-11-26,0.206513
CAT,18542,QMLE-Quote,1999-11-29,0.339922
CAT,18542,QMLE-Quote,1999-11-30,0.493867
CAT,18542,QMLE-Quote,1999-12-1,0.290137
CAT,18542,QMLE-Quote,1999-12-2,0.273699
CAT,18542,QMLE-Quote,1999-12-3,0.290767
CAT,18542,QMLE-Quote,1999-12-6,0.220182
CAT,18542,QMLE-Quote,1999-12-7,0.299971
CAT,18542,QMLE-Quote,1999-12-8,0.312501
CAT,18542,QMLE-Quote,1999-12-9,0.27566
CAT,18542,QMLE-Quote,1999-12-10,0.348342
CAT,18542,QMLE-Quote,1999-12-13,0.299429
CAT,18542,QMLE-Quote,1999-12-14,0.489432
CAT,18542,QMLE-Quote,1999-12-15,0.333495
CAT,18542,QMLE-Quote,1999-12-16,0.429154
CAT,18542,QMLE-Quote,1999-12-17,0.400132
CAT,18542,QMLE-Quote,1999-12-20,0.254959
CAT,18542,QMLE-Quote,1999-12-21,0.373025
CAT,18542,QMLE-Quote,1999-12-22,0.267292
CAT,18542,QMLE-Quote,1999-12-23,0.404798
CAT,18542,QMLE-Quote,1999-12-27,0.358867
CAT,18542,QMLE-Quote,1999-12-28,0.317882
CAT,18542,QMLE-Quote,1999-12-29,0.394049
CAT,18542,QMLE-Quote,1999-12-30,0.258359
CAT,18542,QMLE-Quote,1999-12-31,0.423973
CAT,18542,QMLE-Quote,2000-1-3,0.23759
CAT,18542,QMLE-Quote,2000-1-4,0.449727
CAT,18542,QMLE-Quote,2000-1-5,0.339324
CAT,18542,QMLE-Quote,2000-1-6,0.34102
CAT,18542,QMLE-Quote,2000-1-7,0.558176
CAT,18542,QMLE-Quote,2000-1-10,0.402415
CAT,18542,QMLE-Quote,2000-1-11,0.457262
CAT,18542,QMLE-Quote,2000-1-12,0.41076
CAT,18542,QMLE-Quote,2000-1-13,0.341258
CAT,18542,QMLE-Quote,2000-1-14,0.282854
CAT,18542,QMLE-Quote,2000-1-18,0.324966
CAT,18542,QMLE-Quote,2000-1-19,0.311928
CAT,18542,QMLE-Quote,2000-1-20,0.465274
CAT,18542,QMLE-Quote,2000-1-21,0.650884
CAT,18542,QMLE-Quote,2000-1-24,0.604591
CAT,18542,QMLE-Quote,2000-1-25,0.605047
CAT,18542,QMLE-Quote,2000-1-26,0.350426
CAT,18542,QMLE-Quote,2000-1-27,0.35671
CAT,18542,QMLE-Quote,2000-1-28,0.381434
CAT,18542,QMLE-Quote,2000-1-31,0.360914
CAT,18542,QMLE-Quote,2000-2-1,0.478088
CAT,18542,QMLE-Quote,2000-2-2,0.412233
CAT,18542,QMLE-Quote,2000-2-3,0.261556
CAT,18542,QMLE-Quote,2000-2-4,0.301799
CAT,18542,QMLE-Quote,2000-2-7,0.220167
CAT,18542,QMLE-Quote,2000-2-8,0.431074
CAT,18542,QMLE-Quote,2000-2-9,0.464629
CAT,18542,QMLE-Quote,2000-2-10,0.501535
CAT,18542,QMLE-Quote,2000-2-11,0.589796
CAT,18542,QMLE-Quote,2000-2-14,0.305643
CAT,18542,QMLE-Quote,2000-2-15,0.485745
CAT,18542,QMLE-Quote,2000-2-16,0.573721
CAT,18542,QMLE-Quote,2000-2-17,0.461693
CAT,18542,QMLE-Quote,2000-2-18,0.282865
CAT,18542,QMLE-Quote,2000-2-22,0.457478
CAT,18542,QMLE-Quote,2000-2-23,0.510176
CAT,18542,QMLE-Quote,2000-2-24,0.576697
CAT,18542,QMLE-Quote,2000-2-25,0.505457
CAT,18542,QMLE-Quote,2000-2-28,0.475619
CAT,18542,QMLE-Quote,2000-2-29,0.378026
CAT,18542,QMLE-Quote,2000-3-1,0.224832
CAT,18542,QMLE-Quote,2000-3-2,0.369673
CAT,18542,QMLE-Quote,2000-3-3,0.53717
CAT,18542,QMLE-Quote,2000-3-6,0.371582
CAT,18542,QMLE-Quote,2000-3-7,0.930474
CAT,18542,QMLE-Quote,2000-3-8,0.446274
CAT,18542,QMLE-Quote,2000-3-9,0.408067
CAT,18542,QMLE-Quote,2000-3-10,0.651317
CAT,18542,QMLE-Quote,2000-3-13,0.372526
CAT,18542,QMLE-Quote,2000-3-14,0.361433
CAT,18542,QMLE-Quote,2000-3-15,0.601953
CAT,18542,QMLE-Quote,2000-3-16,0.763815
CAT,18542,QMLE-Quote,2000-3-17,0.536453
CAT,18542,QMLE-Quote,2000-3-20,0.484541
CAT,18542,QMLE-Quote,2000-3-21,0.376543
CAT,18542,QMLE-Quote,2000-3-22,0.349413
CAT,18542,QMLE-Quote,2000-3-23,0.352472
CAT,18542,QMLE-Quote,2000-3-24,0.25713
CAT,18542,QMLE-Quote,2000-3-27,0.543843
CAT,18542,QMLE-Quote,2000-3-28,0.224083
CAT,18542,QMLE-Quote,2000-3-29,0.417853
CAT,18542,QMLE-Quote,2000-3-30,0.56627
CAT,18542,QMLE-Quote,2000-3-31,0.376892
CAT,18542,QMLE-Quote,2000-4-3,0.69353
CAT,18542,QMLE-Quote,2000-4-4,1.04313
CAT,18542,QMLE-Quote,2000-4-5,0.556459
CAT,18542,QMLE-Quote,2000-4-6,0.326383
CAT,18542,QMLE-Quote,2000-4-7,0.185282
CAT,18542,QMLE-Quote,2000-4-10,0.239012
CAT,18542,QMLE-Quote,2000-4-11,0.439407
CAT,18542,QMLE-Quote,2000-4-12,0.495133
CAT,18542,QMLE-Quote,2000-4-13,0.528481
CAT,18542,QMLE-Quote,2000-4-14,0.734895
CAT,18542,QMLE-Quote,2000-4-17,0.624556
CAT,18542,QMLE-Quote,2000-4-18,0.541024
CAT,18542,QMLE-Quote,2000-4-19,0.549429
CAT,18542,QMLE-Quote,2000-4-20,0.122832
CAT,18542,QMLE-Quote,2000-4-24,0.31855
CAT,18542,QMLE-Quote,2000-4-25,0.412957
CAT,18542,QMLE-Quote,2000-4-26,0.300148
CAT,18542,QMLE-Quote,2000-4-27,0.565129
CAT,18542,QMLE-Quote,2000-4-28,0.360089
CAT,18542,QMLE-Quote,2000-5-1,0.382441
CAT,18542,QMLE-Quote,2000-5-2,0.287684
CAT,18542,QMLE-Quote,2000-5-3,0.386803
CAT,18542,QMLE-Quote,2000-5-4,0.23932
CAT,18542,QMLE-Quote,2000-5-5,0.243777
CAT,18542,QMLE-Quote,2000-5-8,0.297483
CAT,18542,QMLE-Quote,2000-5-9,0.437138
CAT,18542,QMLE-Quote,2000-5-10,0.305457
CAT,18542,QMLE-Quote,2000-5-11,0.388225
CAT,18542,QMLE-Quote,2000-5-12,0.306323
CAT,18542,QMLE-Quote,2000-5-15,0.169574
CAT,18542,QMLE-Quote,2000-5-16,0.486928
CAT,18542,QMLE-Quote,2000-5-17,0.148155
CAT,18542,QMLE-Quote,2000-5-18,0.136586
CAT,18542,QMLE-Quote,2000-5-19,0.325182
CAT,18542,QMLE-Quote,2000-5-22,0.423391
CAT,18542,QMLE-Quote,2000-5-23,0.360415
CAT,18542,QMLE-Quote,2000-5-24,0.314942
CAT,18542,QMLE-Quote,2000-5-25,0.431395
CAT,18542,QMLE-Quote,2000-5-26,0.369281
CAT,18542,QMLE-Quote,2000-5-30,0.321182
CAT,18542,QMLE-Quote,2000-5-31,0.248663
CAT,18542,QMLE-Quote,2000-6-1,0.185102
CAT,18542,QMLE-Quote,2000-6-2,0.328304
CAT,18542,QMLE-Quote,2000-6-5,0.526104
CAT,18542,QMLE-Quote,2000-6-6,0.334003
CAT,18542,QMLE-Quote,2000-6-7,0.222573
CAT,18542,QMLE-Quote,2000-6-8,0.205838
CAT,18542,QMLE-Quote,2000-6-9,0.248613
CAT,18542,QMLE-Quote,2000-6-12,0.299873
CAT,18542,QMLE-Quote,2000-6-13,0.341207
CAT,18542,QMLE-Quote,2000-6-14,0.352468
CAT,18542,QMLE-Quote,2000-6-15,0.390761
CAT,18542,QMLE-Quote,2000-6-16,0.297818
CAT,18542,QMLE-Quote,2000-6-19,0.474017
CAT,18542,QMLE-Quote,2000-6-20,0.249154
CAT,18542,QMLE-Quote,2000-6-21,0.246659
CAT,18542,QMLE-Quote,2000-6-22,0.197634
CAT,18542,QMLE-Quote,2000-6-23,0.216993
CAT,18542,QMLE-Quote,2000-6-26,0.275532
CAT,18542,QMLE-Quote,2000-6-27,0.383887
CAT,18542,QMLE-Quote,2000-6-28,0.274083
CAT,18542,QMLE-Quote,2000-6-29,0.456784
CAT,18542,QMLE-Quote,2000-6-30,0.829152
CAT,18542,QMLE-Quote,2000-7-3,0.383607
CAT,18542,QMLE-Quote,2000-7-5,0.41459
CAT,18542,QMLE-Quote,2000-7-6,0.305323
CAT,18542,QMLE-Quote,2000-7-7,0.242652
CAT,18542,QMLE-Quote,2000-7-10,0.602681
CAT,18542,QMLE-Quote,2000-7-11,0.461191
CAT,18542,QMLE-Quote,2000-7-12,0.242509
CAT,18542,QMLE-Quote,2000-7-13,0.250073
CAT,18542,QMLE-Quote,2000-7-14,0.546072
CAT,18542,QMLE-Quote,2000-7-17,0.355192
CAT,18542,QMLE-Quote,2000-7-18,0.450006
CAT,18542,QMLE-Quote,2000-7-19,0.17484
CAT,18542,QMLE-Quote,2000-7-20,0.325669
CAT,18542,QMLE-Quote,2000-7-21,0.387475
CAT,18542,QMLE-Quote,2000-7-24,0.18574
CAT,18542,QMLE-Quote,2000-7-25,0.175479
CAT,18542,QMLE-Quote,2000-7-26,0.204413
CAT,18542,QMLE-Quote,2000-7-27,0.234837
CAT,18542,QMLE-Quote,2000-7-28,0.266977
CAT,18542,QMLE-Quote,2000-7-31,0.369371
CAT,18542,QMLE-Quote,2000-8-1,0.244689
CAT,18542,QMLE-Quote,2000-8-2,0.260069
CAT,18542,QMLE-Quote,2000-8-3,0.295205
CAT,18542,QMLE-Quote,2000-8-4,0.264162
CAT,18542,QMLE-Quote,2000-8-7,0.43504
CAT,18542,QMLE-Quote,2000-8-8,0.39045
CAT,18542,QMLE-Quote,2000-8-9,0.231501
CAT,18542,QMLE-Quote,2000-8-10,0.241108
CAT,18542,QMLE-Quote,2000-8-11,0.286876
CAT,18542,QMLE-Quote,2000-8-14,0.257037
CAT,18542,QMLE-Quote,2000-8-15,0.209581
CAT,18542,QMLE-Quote,2000-8-16,0.317379
CAT,18542,QMLE-Quote,2000-8-17,0.228693
CAT,18542,QMLE-Quote,2000-8-18,0.248294
CAT,18542,QMLE-Quote,2000-8-21,0.197069
CAT,18542,QMLE-Quote,2000-8-22,0.26338
CAT,18542,QMLE-Quote,2000-8-23,0.262162
CAT,18542,QMLE-Quote,2000-8-24,0.186348
CAT,18542,QMLE-Quote,2000-8-25,0.287843
CAT,18542,QMLE-Quote,2000-8-28,0.282241
CAT,18542,QMLE-Quote,2000-8-29,0.341379
CAT,18542,QMLE-Quote,2000-8-30,0.390284
CAT,18542,QMLE-Quote,2000-8-31,0.351126
CAT,18542,QMLE-Quote,2000-9-1,0.327381
CAT,18542,QMLE-Quote,2000-9-5,0.346405
CAT,18542,QMLE-Quote,2000-9-6,0.355126
CAT,18542,QMLE-Quote,2000-9-7,0.214671
CAT,18542,QMLE-Quote,2000-9-8,0.231181
CAT,18542,QMLE-Quote,2000-9-11,0.352067
CAT,18542,QMLE-Quote,2000-9-12,0.25679
CAT,18542,QMLE-Quote,2000-9-13,0.269969
CAT,18542,QMLE-Quote,2000-9-14,0.156696
CAT,18542,QMLE-Quote,2000-9-15,0.273988
CAT,18542,QMLE-Quote,2000-9-18,0.435465
CAT,18542,QMLE-Quote,2000-9-19,0.38892
CAT,18542,QMLE-Quote,2000-9-20,0.287288
CAT,18542,QMLE-Quote,2000-9-21,0.287679
CAT,18542,QMLE-Quote,2000-9-22,0.304519
CAT,18542,QMLE-Quote,2000-9-25,0.268245
CAT,18542,QMLE-Quote,2000-9-26,0.272571
CAT,18542,QMLE-Quote,2000-9-27,0.375838
CAT,18542,QMLE-Quote,2000-9-28,0.330405
CAT,18542,QMLE-Quote,2000-9-29,0.611068
CAT,18542,QMLE-Quote,2000-10-2,0.781579
CAT,18542,QMLE-Quote,2000-10-3,0.404985
CAT,18542,QMLE-Quote,2000-10-4,0.30617
CAT,18542,QMLE-Quote,2000-10-5,0.27014
CAT,18542,QMLE-Quote,2000-10-6,0.277153
CAT,18542,QMLE-Quote,2000-10-9,0.392225
CAT,18542,QMLE-Quote,2000-10-10,0.335786
CAT,18542,QMLE-Quote,2000-10-11,0.465764
CAT,18542,QMLE-Quote,2000-10-12,0.368969
CAT,18542,QMLE-Quote,2000-10-13,0.319919
CAT,18542,QMLE-Quote,2000-10-16,0.261593
CAT,18542,QMLE-Quote,2000-10-17,0.236025
CAT,18542,QMLE-Quote,2000-10-18,1.51781
CAT,18542,QMLE-Quote,2000-10-19,0.332406
CAT,18542,QMLE-Quote,2000-10-20,0.418003
CAT,18542,QMLE-Quote,2000-10-23,0.377646
CAT,18542,QMLE-Quote,2000-10-24,0.228347
CAT,18542,QMLE-Quote,2000-10-25,0.223906
CAT,18542,QMLE-Quote,2000-10-26,0.337347
CAT,18542,QMLE-Quote,2000-10-27,0.272876
CAT,18542,QMLE-Quote,2000-10-30,0.58767
CAT,18542,QMLE-Quote,2000-10-31,0.540594
CAT,18542,QMLE-Quote,2000-11-1,0.35372
CAT,18542,QMLE-Quote,2000-11-2,0.28835
CAT,18542,QMLE-Quote,2000-11-3,0.244179
CAT,18542,QMLE-Quote,2000-11-6,0.287235
CAT,18542,QMLE-Quote,2000-11-7,0.252346
CAT,18542,QMLE-Quote,2000-11-8,0.396795
CAT,18542,QMLE-Quote,2000-11-9,0.402966
CAT,18542,QMLE-Quote,2000-11-10,0.28148
CAT,18542,QMLE-Quote,2000-11-13,0.313769
CAT,18542,QMLE-Quote,2000-11-14,0.264712
CAT,18542,QMLE-Quote,2000-11-15,0.268471
CAT,18542,QMLE-Quote,2000-11-16,0.20526
CAT,18542,QMLE-Quote,2000-11-17,0.334257
CAT,18542,QMLE-Quote,2000-11-20,0.241596
CAT,18542,QMLE-Quote,2000-11-21,0.249165
CAT,18542,QMLE-Quote,2000-11-22,0.283192
CAT,18542,QMLE-Quote,2000-11-24,0.272638
CAT,18542,QMLE-Quote,2000-11-27,0.273259
CAT,18542,QMLE-Quote,2000-11-28,0.315864
CAT,18542,QMLE-Quote,2000-11-29,0.292182
CAT,18542,QMLE-Quote,2000-11-30,0.415364
CAT,18542,QMLE-Quote,2000-12-1,0.387338
CAT,18542,QMLE-Quote,2000-12-4,0.231177
CAT,18542,QMLE-Quote,2000-12-5,0.466052
CAT,18542,QMLE-Quote,2000-12-6,0.27525
CAT,18542,QMLE-Quote,2000-12-7,0.222671
CAT,18542,QMLE-Quote,2000-12-8,0.149093
CAT,18542,QMLE-Quote,2000-12-11,0.297978
CAT,18542,QMLE-Quote,2000-12-12,0.377542
CAT,18542,QMLE-Quote,2000-12-13,0.187823
CAT,18542,QMLE-Quote,2000-12-14,0.246417
CAT,18542,QMLE-Quote,2000-12-15,0.290411
CAT,18542,QMLE-Quote,2000-12-18,0.249831
CAT,18542,QMLE-Quote,2000-12-19,0.54922
CAT,18542,QMLE-Quote,2000-12-20,0.28372
CAT,18542,QMLE-Quote,2000-12-21,0.379925
CAT,18542,QMLE-Quote,2000-12-22,0.235365
CAT,18542,QMLE-Quote,2000-12-26,0.137226
CAT,18542,QMLE-Quote,2000-12-27,0.33571
CAT,18542,QMLE-Quote,2000-12-28,0.291243
CAT,18542,QMLE-Quote,2000-12-29,0.307913
CAT,18542,QMLE-Quote,2001-1-2,0.317886
CAT,18542,QMLE-Quote,2001-1-3,0.653293
CAT,18542,QMLE-Quote,2001-1-4,0.564351
CAT,18542,QMLE-Quote,2001-1-5,0.486541
CAT,18542,QMLE-Quote,2001-1-8,0.429111
CAT,18542,QMLE-Quote,2001-1-9,0.296717
CAT,18542,QMLE-Quote,2001-1-10,0.243124
CAT,18542,QMLE-Quote,2001-1-11,0.476463
CAT,18542,QMLE-Quote,2001-1-12,0.342223
CAT,18542,QMLE-Quote,2001-1-16,0.357044
CAT,18542,QMLE-Quote,2001-1-17,0.38858
CAT,18542,QMLE-Quote,2001-1-18,0.440809
CAT,18542,QMLE-Quote,2001-1-19,0.415401
CAT,18542,QMLE-Quote,2001-1-22,0.600497
CAT,18542,QMLE-Quote,2001-1-23,0.187915
CAT,18542,QMLE-Quote,2001-1-24,0.331876
CAT,18542,QMLE-Quote,2001-1-25,0.339029
CAT,18542,QMLE-Quote,2001-1-26,0.327579
CAT,18542,QMLE-Quote,2001-1-29,0.434897
CAT,18542,QMLE-Quote,2001-1-30,0.319632
CAT,18542,QMLE-Quote,2001-1-31,0.197571
CAT,18542,QMLE-Quote,2001-2-1,0.0864512
CAT,18542,QMLE-Quote,2001-2-2,0.26434
CAT,18542,QMLE-Quote,2001-2-5,0.0977937
CAT,18542,QMLE-Quote,2001-2-6,0.13656
CAT,18542,QMLE-Quote,2001-2-7,0.11325
CAT,18542,QMLE-Quote,2001-2-8,0.171836
CAT,18542,QMLE-Quote,2001-2-9,0.19399
CAT,18542,QMLE-Quote,2001-2-12,0.268941
CAT,18542,QMLE-Quote,2001-2-13,0.31434
CAT,18542,QMLE-Quote,2001-2-14,0.235445
CAT,18542,QMLE-Quote,2001-2-15,0.254125
CAT,18542,QMLE-Quote,2001-2-16,0.223455
CAT,18542,QMLE-Quote,2001-2-20,0.432913
CAT,18542,QMLE-Quote,2001-2-21,0.218135
CAT,18542,QMLE-Quote,2001-2-22,0.244735
CAT,18542,QMLE-Quote,2001-2-23,0.118347
CAT,18542,QMLE-Quote,2001-2-26,0.146992
CAT,18542,QMLE-Quote,2001-2-27,0.320919
CAT,18542,QMLE-Quote,2001-2-28,0.299657
CAT,18542,QMLE-Quote,2001-3-1,0.308139
CAT,18542,QMLE-Quote,2001-3-2,0.281947
CAT,18542,QMLE-Quote,2001-3-5,0.233135
CAT,18542,QMLE-Quote,2001-3-6,0.290795
CAT,18542,QMLE-Quote,2001-3-7,0.178977
CAT,18542,QMLE-Quote,2001-3-8,0.102884
CAT,18542,QMLE-Quote,2001-3-9,0.332208
CAT,18542,QMLE-Quote,2001-3-12,0.32029
CAT,18542,QMLE-Quote,2001-3-13,0.251867
CAT,18542,QMLE-Quote,2001-3-14,0.326083
CAT,18542,QMLE-Quote,2001-3-15,0.222834
CAT,18542,QMLE-Quote,2001-3-16,0.278104
CAT,18542,QMLE-Quote,2001-3-19,0.366315
CAT,18542,QMLE-Quote,2001-3-20,0.260414
CAT,18542,QMLE-Quote,2001-3-21,0.725677
CAT,18542,QMLE-Quote,2001-3-22,0.508053
CAT,18542,QMLE-Quote,2001-3-23,0.42326
CAT,18542,QMLE-Quote,2001-3-26,0.317918
CAT,18542,QMLE-Quote,2001-3-27,0.314036
CAT,18542,QMLE-Quote,2001-3-28,0.290787
CAT,18542,QMLE-Quote,2001-3-29,0.404918
CAT,18542,QMLE-Quote,2001-3-30,0.247531
CAT,18542,QMLE-Quote,2001-4-2,0.415252
CAT,18542,QMLE-Quote,2001-4-3,0.557139
CAT,18542,QMLE-Quote,2001-4-4,0.443427
CAT,18542,QMLE-Quote,2001-4-5,0.281134
CAT,18542,QMLE-Quote,2001-4-6,0.193244
CAT,18542,QMLE-Quote,2001-4-9,0.137914
CAT,18542,QMLE-Quote,2001-4-10,0.180901
CAT,18542,QMLE-Quote,2001-4-11,0.0959627
CAT,18542,QMLE-Quote,2001-4-12,0.506557
CAT,18542,QMLE-Quote,2001-4-16,0.284878
CAT,18542,QMLE-Quote,2001-4-17,0.218983
CAT,18542,QMLE-Quote,2001-4-18,0.646615
CAT,18542,QMLE-Quote,2001-4-19,0.283708
CAT,18542,QMLE-Quote,2001-4-20,0.443105
CAT,18542,QMLE-Quote,2001-4-23,0.181501
CAT,18542,QMLE-Quote,2001-4-24,0.118783
CAT,18542,QMLE-Quote,2001-4-25,0.284213
CAT,18542,QMLE-Quote,2001-4-26,0.241207
CAT,18542,QMLE-Quote,2001-4-27,0.230745
CAT,18542,QMLE-Quote,2001-4-30,0.278199
CAT,18542,QMLE-Quote,2001-5-1,0.257499
CAT,18542,QMLE-Quote,2001-5-2,0.200747
CAT,18542,QMLE-Quote,2001-5-3,0.275558
CAT,18542,QMLE-Quote,2001-5-4,0.230622
CAT,18542,QMLE-Quote,2001-5-7,0.183722
CAT,18542,QMLE-Quote,2001-5-8,0.0711445
CAT,18542,QMLE-Quote,2001-5-9,0.172217
CAT,18542,QMLE-Quote,2001-5-10,0.131855
CAT,18542,QMLE-Quote,2001-5-11,0.207267
CAT,18542,QMLE-Quote,2001-5-14,0.176324
CAT,18542,QMLE-Quote,2001-5-15,0.310648
CAT,18542,QMLE-Quote,2001-5-16,0.367294
CAT,18542,QMLE-Quote,2001-5-17,0.21653
CAT,18542,QMLE-Quote,2001-5-18,0.206244
CAT,18542,QMLE-Quote,2001-5-21,0.218984
CAT,18542,QMLE-Quote,2001-5-22,0.217992
CAT,18542,QMLE-Quote,2001-5-23,0.189582
CAT,18542,QMLE-Quote,2001-5-24,0.080443
CAT,18542,QMLE-Quote,2001-5-25,0.192035
CAT,18542,QMLE-Quote,2001-5-29,0.210463
CAT,18542,QMLE-Quote,2001-5-30,0.129122
CAT,18542,QMLE-Quote,2001-5-31,0.0762855
CAT,18542,QMLE-Quote,2001-6-1,0.127959
CAT,18542,QMLE-Quote,2001-6-4,0.18142
CAT,18542,QMLE-Quote,2001-6-5,0.133118
CAT,18542,QMLE-Quote,2001-6-6,0.210516
CAT,18542,QMLE-Quote,2001-6-7,0.102246
CAT,18542,QMLE-Quote,2001-6-8,0.172214
CAT,18542,QMLE-Quote,2001-6-11,0.198119
CAT,18542,QMLE-Quote,2001-6-12,0.210751
CAT,18542,QMLE-Quote,2001-6-13,0.0686279
CAT,18542,QMLE-Quote,2001-6-14,0.238704
CAT,18542,QMLE-Quote,2001-6-15,0.126337
CAT,18542,QMLE-Quote,2001-6-18,0.161354
CAT,18542,QMLE-Quote,2001-6-19,0.111642
CAT,18542,QMLE-Quote,2001-6-20,0.200589
CAT,18542,QMLE-Quote,2001-6-21,0.165499
CAT,18542,QMLE-Quote,2001-6-22,0.120304
CAT,18542,QMLE-Quote,2001-6-25,0.189473
CAT,18542,QMLE-Quote,2001-6-26,0.263137
CAT,18542,QMLE-Quote,2001-6-27,0.279853
CAT,18542,QMLE-Quote,2001-6-28,0.252189
CAT,18542,QMLE-Quote,2001-6-29,0.221976
CAT,18542,QMLE-Quote,2001-7-2,0.253678
CAT,18542,QMLE-Quote,2001-7-3,0.0703705
CAT,18542,QMLE-Quote,2001-7-5,0.0755843
CAT,18542,QMLE-Quote,2001-7-6,0.300012
CAT,18542,QMLE-Quote,2001-7-9,0.266581
CAT,18542,QMLE-Quote,2001-7-10,0.147793
CAT,18542,QMLE-Quote,2001-7-11,0.307057
CAT,18542,QMLE-Quote,2001-7-12,0.4602
CAT,18542,QMLE-Quote,2001-7-13,0.0508396
CAT,18542,QMLE-Quote,2001-7-16,0.141968
CAT,18542,QMLE-Quote,2001-7-17,0.514571
CAT,18542,QMLE-Quote,2001-7-18,0.11955
CAT,18542,QMLE-Quote,2001-7-19,0.228434
CAT,18542,QMLE-Quote,2001-7-20,0.229471
CAT,18542,QMLE-Quote,2001-7-23,0.165243
CAT,18542,QMLE-Quote,2001-7-24,0.13811
CAT,18542,QMLE-Quote,2001-7-25,0.174629
CAT,18542,QMLE-Quote,2001-7-26,0.26919
CAT,18542,QMLE-Quote,2001-7-27,0.0468676
CAT,18542,QMLE-Quote,2001-7-30,0.252313
CAT,18542,QMLE-Quote,2001-7-31,0.0893124
CAT,18542,QMLE-Quote,2001-8-1,0.140938
CAT,18542,QMLE-Quote,2001-8-2,0.251192
CAT,18542,QMLE-Quote,2001-8-3,0.234632
CAT,18542,QMLE-Quote,2001-8-6,0.166409
CAT,18542,QMLE-Quote,2001-8-7,0.187084
CAT,18542,QMLE-Quote,2001-8-8,0.180549
CAT,18542,QMLE-Quote,2001-8-9,0.264574
CAT,18542,QMLE-Quote,2001-8-10,0.359273
CAT,18542,QMLE-Quote,2001-8-13,0.18997
CAT,18542,QMLE-Quote,2001-8-14,0.208985
CAT,18542,QMLE-Quote,2001-8-15,0.257207
CAT,18542,QMLE-Quote,2001-8-16,0.188085
CAT,18542,QMLE-Quote,2001-8-17,0.268828
CAT,18542,QMLE-Quote,2001-8-20,0.207031
CAT,18542,QMLE-Quote,2001-8-21,0.148989
CAT,18542,QMLE-Quote,2001-8-22,0.191378
CAT,18542,QMLE-Quote,2001-8-23,0.319204
CAT,18542,QMLE-Quote,2001-8-24,0.242399
CAT,18542,QMLE-Quote,2001-8-27,0.171396
CAT,18542,QMLE-Quote,2001-8-28,0.157168
CAT,18542,QMLE-Quote,2001-8-29,0.225397
CAT,18542,QMLE-Quote,2001-8-30,0.268057
CAT,18542,QMLE-Quote,2001-8-31,0.292188
CAT,18542,QMLE-Quote,2001-9-4,0.343269
CAT,18542,QMLE-Quote,2001-9-5,0.316089
CAT,18542,QMLE-Quote,2001-9-6,0.207443
CAT,18542,QMLE-Quote,2001-9-7,0.245325
CAT,18542,QMLE-Quote,2001-9-10,0.300245
CAT,18542,QMLE-Quote,2001-9-17,0.601698
CAT,18542,QMLE-Quote,2001-9-18,0.412393
CAT,18542,QMLE-Quote,2001-9-19,0.452192
CAT,18542,QMLE-Quote,2001-9-20,0.587243
CAT,18542,QMLE-Quote,2001-9-21,0.899625
CAT,18542,QMLE-Quote,2001-9-24,0.347798
CAT,18542,QMLE-Quote,2001-9-25,0.343199
CAT,18542,QMLE-Quote,2001-9-26,0.339193
CAT,18542,QMLE-Quote,2001-9-27,0.340073
CAT,18542,QMLE-Quote,2001-9-28,0.346106
CAT,18542,QMLE-Quote,2001-10-1,0.324464
CAT,18542,QMLE-Quote,2001-10-2,0.277485
CAT,18542,QMLE-Quote,2001-10-3,0.444168
CAT,18542,QMLE-Quote,2001-10-4,0.31505
CAT,18542,QMLE-Quote,2001-10-5,0.329967
CAT,18542,QMLE-Quote,2001-10-8,0.298956
CAT,18542,QMLE-Quote,2001-10-9,0.233949
CAT,18542,QMLE-Quote,2001-10-10,0.31277
CAT,18542,QMLE-Quote,2001-10-11,0.385626
CAT,18542,QMLE-Quote,2001-10-12,0.331741
CAT,18542,QMLE-Quote,2001-10-15,0.204237
CAT,18542,QMLE-Quote,2001-10-16,0.381069
CAT,18542,QMLE-Quote,2001-10-17,0.249734
CAT,18542,QMLE-Quote,2001-10-18,0.276128
CAT,18542,QMLE-Quote,2001-10-19,0.232839
CAT,18542,QMLE-Quote,2001-10-22,0.161314
CAT,18542,QMLE-Quote,2001-10-23,0.256511
CAT,18542,QMLE-Quote,2001-10-24,0.327286
CAT,18542,QMLE-Quote,2001-10-25,0.307349
CAT,18542,QMLE-Quote,2001-10-26,0.251077
CAT,18542,QMLE-Quote,2001-10-29,0.325634
CAT,18542,QMLE-Quote,2001-10-30,0.33451
CAT,18542,QMLE-Quote,2001-10-31,0.259698
CAT,18542,QMLE-Quote,2001-11-1,0.443512
CAT,18542,QMLE-Quote,2001-11-2,0.288529
CAT,18542,QMLE-Quote,2001-11-5,0.332249
CAT,18542,QMLE-Quote,2001-11-6,0.303327
CAT,18542,QMLE-Quote,2001-11-7,0.273083
CAT,18542,QMLE-Quote,2001-11-8,0.251502
CAT,18542,QMLE-Quote,2001-11-9,0.327758
CAT,18542,QMLE-Quote,2001-11-12,0.402531
CAT,18542,QMLE-Quote,2001-11-13,0.103093
CAT,18542,QMLE-Quote,2001-11-14,0.199924
CAT,18542,QMLE-Quote,2001-11-15,0.766934
CAT,18542,QMLE-Quote,2001-11-16,0.175562
CAT,18542,QMLE-Quote,2001-11-19,0.208408
CAT,18542,QMLE-Quote,2001-11-20,0.258001
CAT,18542,QMLE-Quote,2001-11-21,0.203587
CAT,18542,QMLE-Quote,2001-11-23,0.15767
CAT,18542,QMLE-Quote,2001-11-26,0.356166
CAT,18542,QMLE-Quote,2001-11-27,0.273163
CAT,18542,QMLE-Quote,2001-11-28,0.19106
CAT,18542,QMLE-Quote,2001-11-29,0.206024
CAT,18542,QMLE-Quote,2001-11-30,0.106489
CAT,18542,QMLE-Quote,2001-12-3,0.70382
CAT,18542,QMLE-Quote,2001-12-4,0.14206
CAT,18542,QMLE-Quote,2001-12-5,0.277573
CAT,18542,QMLE-Quote,2001-12-6,0.239864
CAT,18542,QMLE-Quote,2001-12-7,0.277378
CAT,18542,QMLE-Quote,2001-12-10,0.228436
CAT,18542,QMLE-Quote,2001-12-11,0.220762
CAT,18542,QMLE-Quote,2001-12-12,0.186765
CAT,18542,QMLE-Quote,2001-12-13,0.153772
CAT,18542,QMLE-Quote,2001-12-14,0.289814
CAT,18542,QMLE-Quote,2001-12-17,0.212718
CAT,18542,QMLE-Quote,2001-12-18,0.384757
CAT,18542,QMLE-Quote,2001-12-19,0.282394
CAT,18542,QMLE-Quote,2001-12-20,0.164391
CAT,18542,QMLE-Quote,2001-12-21,0.19763
CAT,18542,QMLE-Quote,2001-12-24,0.243666
CAT,18542,QMLE-Quote,2001-12-26,0.175933
CAT,18542,QMLE-Quote,2001-12-27,0.614773
CAT,18542,QMLE-Quote,2001-12-28,0.273851
CAT,18542,QMLE-Quote,2001-12-31,0.194918
CAT,18542,QMLE-Quote,2002-1-2,0.204604
CAT,18542,QMLE-Quote,2002-1-3,0.159243
CAT,18542,QMLE-Quote,2002-1-4,0.167935
CAT,18542,QMLE-Quote,2002-1-7,0.279917
CAT,18542,QMLE-Quote,2002-1-8,0.12532
CAT,18542,QMLE-Quote,2002-1-9,0.193289
CAT,18542,QMLE-Quote,2002-1-10,0.166647
CAT,18542,QMLE-Quote,2002-1-11,0.188703
CAT,18542,QMLE-Quote,2002-1-14,0.218571
CAT,18542,QMLE-Quote,2002-1-15,0.097902
CAT,18542,QMLE-Quote,2002-1-16,0.266563
CAT,18542,QMLE-Quote,2002-1-17,0.111815
CAT,18542,QMLE-Quote,2002-1-18,0.0754357
CAT,18542,QMLE-Quote,2002-1-22,0.309917
CAT,18542,QMLE-Quote,2002-1-23,0.259173
CAT,18542,QMLE-Quote,2002-1-24,0.21361
CAT,18542,QMLE-Quote,2002-1-25,0.235399
CAT,18542,QMLE-Quote,2002-1-28,0.219142
CAT,18542,QMLE-Quote,2002-1-29,0.206194
CAT,18542,QMLE-Quote,2002-1-30,0.372852
CAT,18542,QMLE-Quote,2002-1-31,0.233284
CAT,18542,QMLE-Quote,2002-2-1,0.284151
CAT,18542,QMLE-Quote,2002-2-4,0.410327
CAT,18542,QMLE-Quote,2002-2-5,0.345284
CAT,18542,QMLE-Quote,2002-2-6,0.249927
CAT,18542,QMLE-Quote,2002-2-7,0.197448
CAT,18542,QMLE-Quote,2002-2-8,0.210628
CAT,18542,QMLE-Quote,2002-2-11,0.193694
CAT,18542,QMLE-Quote,2002-2-12,0.176913
CAT,18542,QMLE-Quote,2002-2-13,0.174733
CAT,18542,QMLE-Quote,2002-2-14,0.176563
CAT,18542,QMLE-Quote,2002-2-15,0.214589
CAT,18542,QMLE-Quote,2002-2-19,0.213367
CAT,18542,QMLE-Quote,2002-2-20,0.218725
CAT,18542,QMLE-Quote,2002-2-21,0.193733
CAT,18542,QMLE-Quote,2002-2-22,0.251943
CAT,18542,QMLE-Quote,2002-2-25,0.233127
CAT,18542,QMLE-Quote,2002-2-26,0.21539
CAT,18542,QMLE-Quote,2002-2-27,0.164765
CAT,18542,QMLE-Quote,2002-2-28,0.20649
CAT,18542,QMLE-Quote,2002-3-1,0.317424
CAT,18542,QMLE-Quote,2002-3-4,0.189132
CAT,18542,QMLE-Quote,2002-3-5,0.209371
CAT,18542,QMLE-Quote,2002-3-6,0.174385
CAT,18542,QMLE-Quote,2002-3-7,0.164538
CAT,18542,QMLE-Quote,2002-3-8,0.163601
CAT,18542,QMLE-Quote,2002-3-11,0.175247
CAT,18542,QMLE-Quote,2002-3-12,0.157438
CAT,18542,QMLE-Quote,2002-3-13,0.202001
CAT,18542,QMLE-Quote,2002-3-14,0.193555
CAT,18542,QMLE-Quote,2002-3-15,0.166265
CAT,18542,QMLE-Quote,2002-3-18,0.120669
CAT,18542,QMLE-Quote,2002-3-19,0.159082
CAT,18542,QMLE-Quote,2002-3-20,0.130155
CAT,18542,QMLE-Quote,2002-3-21,0.170437
CAT,18542,QMLE-Quote,2002-3-22,0.155866
CAT,18542,QMLE-Quote,2002-3-25,0.558096
CAT,18542,QMLE-Quote,2002-3-26,0.21311
CAT,18542,QMLE-Quote,2002-3-27,0.327055
CAT,18542,QMLE-Quote,2002-3-28,0.143031
CAT,18542,QMLE-Quote,2002-4-1,0.185398
CAT,18542,QMLE-Quote,2002-4-2,0.192426
CAT,18542,QMLE-Quote,2002-4-3,0.275819
CAT,18542,QMLE-Quote,2002-4-4,0.193312
CAT,18542,QMLE-Quote,2002-4-5,0.185425
CAT,18542,QMLE-Quote,2002-4-8,0.223064
CAT,18542,QMLE-Quote,2002-4-9,0.218266
CAT,18542,QMLE-Quote,2002-4-10,0.152297
CAT,18542,QMLE-Quote,2002-4-11,0.176248
CAT,18542,QMLE-Quote,2002-4-12,0.142171
CAT,18542,QMLE-Quote,2002-4-15,0.173628
CAT,18542,QMLE-Quote,2002-4-16,0.20786
CAT,18542,QMLE-Quote,2002-4-17,0.180216
CAT,18542,QMLE-Quote,2002-4-18,0.218258
CAT,18542,QMLE-Quote,2002-4-19,0.109495
CAT,18542,QMLE-Quote,2002-4-22,0.271211
CAT,18542,QMLE-Quote,2002-4-23,0.200909
CAT,18542,QMLE-Quote,2002-4-24,0.226391
CAT,18542,QMLE-Quote,2002-4-25,0.222672
CAT,18542,QMLE-Quote,2002-4-26,0.208935
CAT,18542,QMLE-Quote,2002-4-29,0.269158
CAT,18542,QMLE-Quote,2002-4-30,0.20693
CAT,18542,QMLE-Quote,2002-5-1,0.206216
CAT,18542,QMLE-Quote,2002-5-2,0.205147
CAT,18542,QMLE-Quote,2002-5-3,0.213974
CAT,18542,QMLE-Quote,2002-5-6,0.19259
CAT,18542,QMLE-Quote,2002-5-7,0.197479
CAT,18542,QMLE-Quote,2002-5-8,0.196361
CAT,18542,QMLE-Quote,2002-5-9,0.192818
CAT,18542,QMLE-Quote,2002-5-10,0.155927
CAT,18542,QMLE-Quote,2002-5-13,0.174402
CAT,18542,QMLE-Quote,2002-5-14,0.153057
CAT,18542,QMLE-Quote,2002-5-15,0.16065
CAT,18542,QMLE-Quote,2002-5-16,0.389641
CAT,18542,QMLE-Quote,2002-5-17,0.142695
CAT,18542,QMLE-Quote,2002-5-20,0.234828
CAT,18542,QMLE-Quote,2002-5-21,0.167307
CAT,18542,QMLE-Quote,2002-5-22,0.196916
CAT,18542,QMLE-Quote,2002-5-23,0.156607
CAT,18542,QMLE-Quote,2002-5-24,0.177565
CAT,18542,QMLE-Quote,2002-5-28,0.143999
CAT,18542,QMLE-Quote,2002-5-29,0.149926
CAT,18542,QMLE-Quote,2002-5-30,0.280615
CAT,18542,QMLE-Quote,2002-5-31,0.848958
CAT,18542,QMLE-Quote,2002-6-3,0.238229
CAT,18542,QMLE-Quote,2002-6-4,0.318808
CAT,18542,QMLE-Quote,2002-6-5,0.321421
CAT,18542,QMLE-Quote,2002-6-6,0.243153
CAT,18542,QMLE-Quote,2002-6-7,0.188488
CAT,18542,QMLE-Quote,2002-6-10,0.858838
CAT,18542,QMLE-Quote,2002-6-11,0.217218
CAT,18542,QMLE-Quote,2002-6-12,0.281529
CAT,18542,QMLE-Quote,2002-6-13,0.168798
CAT,18542,QMLE-Quote,2002-6-14,0.25823
CAT,18542,QMLE-Quote,2002-6-17,0.279018
CAT,18542,QMLE-Quote,2002-6-18,0.239986
CAT,18542,QMLE-Quote,2002-6-19,0.197101
CAT,18542,QMLE-Quote,2002-6-20,0.322864
CAT,18542,QMLE-Quote,2002-6-21,0.213594
CAT,18542,QMLE-Quote,2002-6-24,0.33064
CAT,18542,QMLE-Quote,2002-6-25,0.189466
CAT,18542,QMLE-Quote,2002-6-26,0.262065
CAT,18542,QMLE-Quote,2002-6-27,0.250321
CAT,18542,QMLE-Quote,2002-6-28,0.192408
CAT,18542,QMLE-Quote,2002-7-1,0.214638
CAT,18542,QMLE-Quote,2002-7-2,0.285713
CAT,18542,QMLE-Quote,2002-7-3,0.256403
CAT,18542,QMLE-Quote,2002-7-5,0.246301
CAT,18542,QMLE-Quote,2002-7-8,0.300709
CAT,18542,QMLE-Quote,2002-7-9,0.281859
CAT,18542,QMLE-Quote,2002-7-10,0.247671
CAT,18542,QMLE-Quote,2002-7-11,0.342293
CAT,18542,QMLE-Quote,2002-7-12,0.324149
CAT,18542,QMLE-Quote,2002-7-15,0.380456
CAT,18542,QMLE-Quote,2002-7-16,0.801889
CAT,18542,QMLE-Quote,2002-7-17,0.345169
CAT,18542,QMLE-Quote,2002-7-18,0.343421
CAT,18542,QMLE-Quote,2002-7-19,0.352564
CAT,18542,QMLE-Quote,2002-7-22,0.610065
CAT,18542,QMLE-Quote,2002-7-23,0.424909
CAT,18542,QMLE-Quote,2002-7-24,0.551361
CAT,18542,QMLE-Quote,2002-7-25,0.41854
CAT,18542,QMLE-Quote,2002-7-26,0.251845
CAT,18542,QMLE-Quote,2002-7-29,0.408206
CAT,18542,QMLE-Quote,2002-7-30,0.273528
CAT,18542,QMLE-Quote,2002-7-31,0.405786
CAT,18542,QMLE-Quote,2002-8-1,0.366534
CAT,18542,QMLE-Quote,2002-8-2,0.31103
CAT,18542,QMLE-Quote,2002-8-5,0.318612
CAT,18542,QMLE-Quote,2002-8-6,0.411214
CAT,18542,QMLE-Quote,2002-8-7,0.277128
CAT,18542,QMLE-Quote,2002-8-8,0.292608
CAT,18542,QMLE-Quote,2002-8-9,0.317065
CAT,18542,QMLE-Quote,2002-8-12,0.325943
CAT,18542,QMLE-Quote,2002-8-13,0.206684
CAT,18542,QMLE-Quote,2002-8-14,0.635791
CAT,18542,QMLE-Quote,2002-8-15,0.293261
CAT,18542,QMLE-Quote,2002-8-16,0.26518
CAT,18542,QMLE-Quote,2002-8-19,1.1061
CAT,18542,QMLE-Quote,2002-8-20,0.220255
CAT,18542,QMLE-Quote,2002-8-21,0.218591
CAT,18542,QMLE-Quote,2002-8-22,0.256576
CAT,18542,QMLE-Quote,2002-8-23,0.175899
CAT,18542,QMLE-Quote,2002-8-26,0.292267
CAT,18542,QMLE-Quote,2002-8-27,0.233593
CAT,18542,QMLE-Quote,2002-8-28,0.330817
CAT,18542,QMLE-Quote,2002-8-29,0.373265
CAT,18542,QMLE-Quote,2002-8-30,0.323173
CAT,18542,QMLE-Quote,2002-9-3,0.224231
CAT,18542,QMLE-Quote,2002-9-4,0.307581
CAT,18542,QMLE-Quote,2002-9-5,0.307297
CAT,18542,QMLE-Quote,2002-9-6,0.180572
CAT,18542,QMLE-Quote,2002-9-9,0.223017
CAT,18542,QMLE-Quote,2002-9-10,0.1805
CAT,18542,QMLE-Quote,2002-9-11,0.382692
CAT,18542,QMLE-Quote,2002-9-12,0.269796
CAT,18542,QMLE-Quote,2002-9-13,0.380967
CAT,18542,QMLE-Quote,2002-9-16,0.306771
CAT,18542,QMLE-Quote,2002-9-17,0.27857
CAT,18542,QMLE-Quote,2002-9-18,0.533082
CAT,18542,QMLE-Quote,2002-9-19,0.271723
CAT,18542,QMLE-Quote,2002-9-20,0.332022
CAT,18542,QMLE-Quote,2002-9-23,0.286042
CAT,18542,QMLE-Quote,2002-9-24,0.31143
CAT,18542,QMLE-Quote,2002-9-25,0.249357
CAT,18542,QMLE-Quote,2002-9-26,0.265127
CAT,18542,QMLE-Quote,2002-9-27,0.3183
CAT,18542,QMLE-Quote,2002-9-30,0.350318
CAT,18542,QMLE-Quote,2002-10-1,0.250229
CAT,18542,QMLE-Quote,2002-10-2,0.282539
CAT,18542,QMLE-Quote,2002-10-3,0.322494
CAT,18542,QMLE-Quote,2002-10-4,0.402761
CAT,18542,QMLE-Quote,2002-10-7,0.263855
CAT,18542,QMLE-Quote,2002-10-8,0.515588
CAT,18542,QMLE-Quote,2002-10-9,1.66171
CAT,18542,QMLE-Quote,2002-10-10,0.204214
CAT,18542,QMLE-Quote,2002-10-11,0.278805
CAT,18542,QMLE-Quote,2002-10-14,0.275714
CAT,18542,QMLE-Quote,2002-10-15,0.25482
CAT,18542,QMLE-Quote,2002-10-16,0.274068
CAT,18542,QMLE-Quote,2002-10-17,0.274063
CAT,18542,QMLE-Quote,2002-10-18,0.232394
CAT,18542,QMLE-Quote,2002-10-21,0.274421
CAT,18542,QMLE-Quote,2002-10-22,0.305635
CAT,18542,QMLE-Quote,2002-10-23,0.291636
CAT,18542,QMLE-Quote,2002-10-24,0.247547
CAT,18542,QMLE-Quote,2002-10-25,0.368299
CAT,18542,QMLE-Quote,2002-10-28,0.249853
CAT,18542,QMLE-Quote,2002-10-29,0.313049
CAT,18542,QMLE-Quote,2002-10-30,0.343657
CAT,18542,QMLE-Quote,2002-10-31,0.272931
CAT,18542,QMLE-Quote,2002-11-1,0.283672
CAT,18542,QMLE-Quote,2002-11-4,0.226706
CAT,18542,QMLE-Quote,2002-11-5,0.20056
CAT,18542,QMLE-Quote,2002-11-6,0.228473
CAT,18542,QMLE-Quote,2002-11-7,0.318734
CAT,18542,QMLE-Quote,2002-11-8,0.255667
CAT,18542,QMLE-Quote,2002-11-11,0.185226
CAT,18542,QMLE-Quote,2002-11-12,0.277885
CAT,18542,QMLE-Quote,2002-11-13,0.373949
CAT,18542,QMLE-Quote,2002-11-14,0.0925173
CAT,18542,QMLE-Quote,2002-11-15,0.325152
CAT,18542,QMLE-Quote,2002-11-18,0.249388
CAT,18542,QMLE-Quote,2002-11-19,0.260661
CAT,18542,QMLE-Quote,2002-11-20,0.278369
CAT,18542,QMLE-Quote,2002-11-21,0.242087
CAT,18542,QMLE-Quote,2002-11-22,0.34152
CAT,18542,QMLE-Quote,2002-11-25,0.291601
CAT,18542,QMLE-Quote,2002-11-26,0.28718
CAT,18542,QMLE-Quote,2002-11-27,0.247071
CAT,18542,QMLE-Quote,2002-11-29,0.0653884
CAT,18542,QMLE-Quote,2002-12-2,0.394567
CAT,18542,QMLE-Quote,2002-12-3,0.304433
CAT,18542,QMLE-Quote,2002-12-4,0.225995
CAT,18542,QMLE-Quote,2002-12-5,0.234202
CAT,18542,QMLE-Quote,2002-12-6,0.255365
CAT,18542,QMLE-Quote,2002-12-9,0.131895
CAT,18542,QMLE-Quote,2002-12-10,0.212451
CAT,18542,QMLE-Quote,2002-12-11,0.258476
CAT,18542,QMLE-Quote,2002-12-12,0.238646
CAT,18542,QMLE-Quote,2002-12-13,0.2452
CAT,18542,QMLE-Quote,2002-12-16,0.234227
CAT,18542,QMLE-Quote,2002-12-17,0.227671
CAT,18542,QMLE-Quote,2002-12-18,0.227651
CAT,18542,QMLE-Quote,2002-12-19,0.256808
CAT,18542,QMLE-Quote,2002-12-20,0.141853
CAT,18542,QMLE-Quote,2002-12-23,0.123791
CAT,18542,QMLE-Quote,2002-12-24,0.151292
CAT,18542,QMLE-Quote,2002-12-26,0.167009
CAT,18542,QMLE-Quote,2002-12-27,0.235458
CAT,18542,QMLE-Quote,2002-12-30,0.285693
CAT,18542,QMLE-Quote,2002-12-31,0.135034
CAT,18542,QMLE-Quote,2003-1-2,0.155231
CAT,18542,QMLE-Quote,2003-1-3,0.163121
CAT,18542,QMLE-Quote,2003-1-6,0.164816
CAT,18542,QMLE-Quote,2003-1-7,0.237818
CAT,18542,QMLE-Quote,2003-1-8,0.229983
CAT,18542,QMLE-Quote,2003-1-9,0.217336
CAT,18542,QMLE-Quote,2003-1-10,0.282507
CAT,18542,QMLE-Quote,2003-1-13,0.217684
CAT,18542,QMLE-Quote,2003-1-14,0.31814
CAT,18542,QMLE-Quote,2003-1-15,0.18402
CAT,18542,QMLE-Quote,2003-1-16,0.176342
CAT,18542,QMLE-Quote,2003-1-17,0.179455
CAT,18542,QMLE-Quote,2003-1-21,0.137143
CAT,18542,QMLE-Quote,2003-1-22,0.361604
CAT,18542,QMLE-Quote,2003-1-23,0.515637
CAT,18542,QMLE-Quote,2003-1-24,0.233508
CAT,18542,QMLE-Quote,2003-1-27,0.344719
CAT,18542,QMLE-Quote,2003-1-28,0.144099
CAT,18542,QMLE-Quote,2003-1-29,0.182141
CAT,18542,QMLE-Quote,2003-1-30,0.297811
CAT,18542,QMLE-Quote,2003-1-31,0.321407
CAT,18542,QMLE-Quote,2003-2-3,0.255057
CAT,18542,QMLE-Quote,2003-2-4,0.20566
CAT,18542,QMLE-Quote,2003-2-5,0.302173
CAT,18542,QMLE-Quote,2003-2-6,0.347188
CAT,18542,QMLE-Quote,2003-2-7,0.346164
CAT,18542,QMLE-Quote,2003-2-10,0.27746
CAT,18542,QMLE-Quote,2003-2-11,0.229389
CAT,18542,QMLE-Quote,2003-2-12,0.270041
CAT,18542,QMLE-Quote,2003-2-13,0.395147
CAT,18542,QMLE-Quote,2003-2-14,0.416816
CAT,18542,QMLE-Quote,2003-2-18,0.24125
CAT,18542,QMLE-Quote,2003-2-19,0.160097
CAT,18542,QMLE-Quote,2003-2-20,0.109648
CAT,18542,QMLE-Quote,2003-2-21,0.13951
CAT,18542,QMLE-Quote,2003-2-24,0.0856859
CAT,18542,QMLE-Quote,2003-2-25,0.145539
CAT,18542,QMLE-Quote,2003-2-26,0.224512
CAT,18542,QMLE-Quote,2003-2-27,0.264358
CAT,18542,QMLE-Quote,2003-2-28,0.233851
CAT,18542,QMLE-Quote,2003-3-3,0.15251
CAT,18542,QMLE-Quote,2003-3-4,0.212819
CAT,18542,QMLE-Quote,2003-3-5,0.272395
CAT,18542,QMLE-Quote,2003-3-6,0.210614
CAT,18542,QMLE-Quote,2003-3-7,0.391667
CAT,18542,QMLE-Quote,2003-3-10,0.255492
CAT,18542,QMLE-Quote,2003-3-11,0.24679
CAT,18542,QMLE-Quote,2003-3-12,0.195922
CAT,18542,QMLE-Quote,2003-3-13,0.310774
CAT,18542,QMLE-Quote,2003-3-14,0.318665
CAT,18542,QMLE-Quote,2003-3-17,0.29494
CAT,18542,QMLE-Quote,2003-3-18,0.321355
CAT,18542,QMLE-Quote,2003-3-19,0.287867
CAT,18542,QMLE-Quote,2003-3-20,0.238513
CAT,18542,QMLE-Quote,2003-3-21,0.279012
CAT,18542,QMLE-Quote,2003-3-24,0.235514
CAT,18542,QMLE-Quote,2003-3-25,0.250826
CAT,18542,QMLE-Quote,2003-3-26,0.296553
CAT,18542,QMLE-Quote,2003-3-27,0.30728
CAT,18542,QMLE-Quote,2003-3-28,0.250182
CAT,18542,QMLE-Quote,2003-3-31,0.210569
CAT,18542,QMLE-Quote,2003-4-1,0.257625
CAT,18542,QMLE-Quote,2003-4-2,0.195367
CAT,18542,QMLE-Quote,2003-4-3,0.202462
CAT,18542,QMLE-Quote,2003-4-4,0.161579
CAT,18542,QMLE-Quote,2003-4-7,0.230032
CAT,18542,QMLE-Quote,2003-4-8,0.185005
CAT,18542,QMLE-Quote,2003-4-9,0.272755
CAT,18542,QMLE-Quote,2003-4-10,0.198679
CAT,18542,QMLE-Quote,2003-4-11,0.124778
CAT,18542,QMLE-Quote,2003-4-14,0.156865
CAT,18542,QMLE-Quote,2003-4-15,0.168866
CAT,18542,QMLE-Quote,2003-4-16,0.425331
CAT,18542,QMLE-Quote,2003-4-17,0.23658
CAT,18542,QMLE-Quote,2003-4-21,0.224056
CAT,18542,QMLE-Quote,2003-4-22,0.273909
CAT,18542,QMLE-Quote,2003-4-23,0.156627
CAT,18542,QMLE-Quote,2003-4-24,0.238293
CAT,18542,QMLE-Quote,2003-4-25,0.215022
CAT,18542,QMLE-Quote,2003-4-28,0.183942
CAT,18542,QMLE-Quote,2003-4-29,0.249949
CAT,18542,QMLE-Quote,2003-4-30,0.271186
CAT,18542,QMLE-Quote,2003-5-1,0.151875
CAT,18542,QMLE-Quote,2003-5-2,0.221788
CAT,18542,QMLE-Quote,2003-5-5,0.193119
CAT,18542,QMLE-Quote,2003-5-6,0.236183
CAT,18542,QMLE-Quote,2003-5-7,0.261086
CAT,18542,QMLE-Quote,2003-5-8,0.211785
CAT,18542,QMLE-Quote,2003-5-9,0.219973
CAT,18542,QMLE-Quote,2003-5-12,0.177584
CAT,18542,QMLE-Quote,2003-5-13,0.189309
CAT,18542,QMLE-Quote,2003-5-14,0.21796
CAT,18542,QMLE-Quote,2003-5-15,0.163997
CAT,18542,QMLE-Quote,2003-5-16,0.188519
CAT,18542,QMLE-Quote,2003-5-19,0.208099
CAT,18542,QMLE-Quote,2003-5-20,0.172915
CAT,18542,QMLE-Quote,2003-5-21,0.204556
CAT,18542,QMLE-Quote,2003-5-22,0.201907
CAT,18542,QMLE-Quote,2003-5-23,0.195328
CAT,18542,QMLE-Quote,2003-5-27,0.236025
CAT,18542,QMLE-Quote,2003-5-28,0.19613
CAT,18542,QMLE-Quote,2003-5-29,0.24387
CAT,18542,QMLE-Quote,2003-5-30,0.457255
CAT,18542,QMLE-Quote,2003-6-2,0.188209
CAT,18542,QMLE-Quote,2003-6-3,0.227562
CAT,18542,QMLE-Quote,2003-6-4,0.185302
CAT,18542,QMLE-Quote,2003-6-5,0.208877
CAT,18542,QMLE-Quote,2003-6-6,0.27247
CAT,18542,QMLE-Quote,2003-6-9,0.146568
CAT,18542,QMLE-Quote,2003-6-10,0.202749
CAT,18542,QMLE-Quote,2003-6-11,0.189141
CAT,18542,QMLE-Quote,2003-6-12,0.222488
CAT,18542,QMLE-Quote,2003-6-13,0.220855
CAT,18542,QMLE-Quote,2003-6-16,0.274188
CAT,18542,QMLE-Quote,2003-6-17,0.214019
CAT,18542,QMLE-Quote,2003-6-18,0.213628
CAT,18542,QMLE-Quote,2003-6-19,0.197703
CAT,18542,QMLE-Quote,2003-6-20,0.150622
CAT,18542,QMLE-Quote,2003-6-23,0.17984
CAT,18542,QMLE-Quote,2003-6-24,0.203558
CAT,18542,QMLE-Quote,2003-6-25,0.163804
CAT,18542,QMLE-Quote,2003-6-26,0.154741
CAT,18542,QMLE-Quote,2003-6-27,0.196757
CAT,18542,QMLE-Quote,2003-6-30,0.217964
CAT,18542,QMLE-Quote,2003-7-1,0.419317
CAT,18542,QMLE-Quote,2003-7-2,0.153182
CAT,18542,QMLE-Quote,2003-7-3,0.334839
CAT,18542,QMLE-Quote,2003-7-7,0.180898
CAT,18542,QMLE-Quote,2003-7-8,0.11797
CAT,18542,QMLE-Quote,2003-7-9,0.229813
CAT,18542,QMLE-Quote,2003-7-10,0.156253
CAT,18542,QMLE-Quote,2003-7-11,0.159363
CAT,18542,QMLE-Quote,2003-7-14,0.242508
CAT,18542,QMLE-Quote,2003-7-15,0.1894
CAT,18542,QMLE-Quote,2003-7-16,0.141961
CAT,18542,QMLE-Quote,2003-7-17,0.414077
CAT,18542,QMLE-Quote,2003-7-18,0.278299
CAT,18542,QMLE-Quote,2003-7-21,0.17661
CAT,18542,QMLE-Quote,2003-7-22,0.168275
CAT,18542,QMLE-Quote,2003-7-23,0.153349
CAT,18542,QMLE-Quote,2003-7-24,0.166048
CAT,18542,QMLE-Quote,2003-7-25,0.191778
CAT,18542,QMLE-Quote,2003-7-28,0.150175
CAT,18542,QMLE-Quote,2003-7-29,0.185034
CAT,18542,QMLE-Quote,2003-7-30,0.132605
CAT,18542,QMLE-Quote,2003-7-31,0.117551
CAT,18542,QMLE-Quote,2003-8-1,0.219234
CAT,18542,QMLE-Quote,2003-8-4,0.230008
CAT,18542,QMLE-Quote,2003-8-5,0.196541
CAT,18542,QMLE-Quote,2003-8-6,0.173753
CAT,18542,QMLE-Quote,2003-8-7,0.212839
CAT,18542,QMLE-Quote,2003-8-8,0.117836
CAT,18542,QMLE-Quote,2003-8-11,0.121246
CAT,18542,QMLE-Quote,2003-8-12,0.219656
CAT,18542,QMLE-Quote,2003-8-13,0.167863
CAT,18542,QMLE-Quote,2003-8-14,0.102271
CAT,18542,QMLE-Quote,2003-8-15,0.21236
CAT,18542,QMLE-Quote,2003-8-18,0.169735
CAT,18542,QMLE-Quote,2003-8-19,0.182677
CAT,18542,QMLE-Quote,2003-8-20,0.186783
CAT,18542,QMLE-Quote,2003-8-21,0.248708
CAT,18542,QMLE-Quote,2003-8-22,0.182949
CAT,18542,QMLE-Quote,2003-8-25,0.0812311
CAT,18542,QMLE-Quote,2003-8-26,0.215354
CAT,18542,QMLE-Quote,2003-8-27,0.303818
CAT,18542,QMLE-Quote,2003-8-28,0.201065
CAT,18542,QMLE-Quote,2003-8-29,0.133911
CAT,18542,QMLE-Quote,2003-9-2,0.246616
CAT,18542,QMLE-Quote,2003-9-3,0.194586
CAT,18542,QMLE-Quote,2003-9-4,0.162965
CAT,18542,QMLE-Quote,2003-9-5,0.246994
CAT,18542,QMLE-Quote,2003-9-8,0.150939
CAT,18542,QMLE-Quote,2003-9-9,0.193672
CAT,18542,QMLE-Quote,2003-9-10,0.175516
CAT,18542,QMLE-Quote,2003-9-11,0.199088
CAT,18542,QMLE-Quote,2003-9-12,0.20074
CAT,18542,QMLE-Quote,2003-9-15,0.176657
CAT,18542,QMLE-Quote,2003-9-16,0.104976
CAT,18542,QMLE-Quote,2003-9-17,0.138225
CAT,18542,QMLE-Quote,2003-9-18,0.230317
CAT,18542,QMLE-Quote,2003-9-19,0.19778
CAT,18542,QMLE-Quote,2003-9-22,0.239169
CAT,18542,QMLE-Quote,2003-9-23,0.160422
CAT,18542,QMLE-Quote,2003-9-24,0.187814
CAT,18542,QMLE-Quote,2003-9-25,0.240756
CAT,18542,QMLE-Quote,2003-9-26,0.254944
CAT,18542,QMLE-Quote,2003-9-29,0.236575
CAT,18542,QMLE-Quote,2003-9-30,0.252041
CAT,18542,QMLE-Quote,2003-10-1,0.259136
CAT,18542,QMLE-Quote,2003-10-2,0.278851
CAT,18542,QMLE-Quote,2003-10-3,0.247146
CAT,18542,QMLE-Quote,2003-10-6,0.100167
CAT,18542,QMLE-Quote,2003-10-7,0.143034
CAT,18542,QMLE-Quote,2003-10-8,0.190487
CAT,18542,QMLE-Quote,2003-10-9,0.220059
CAT,18542,QMLE-Quote,2003-10-10,0.080918
CAT,18542,QMLE-Quote,2003-10-13,0.207858
CAT,18542,QMLE-Quote,2003-10-14,0.134909
CAT,18542,QMLE-Quote,2003-10-15,0.208088
CAT,18542,QMLE-Quote,2003-10-16,0.304745
CAT,18542,QMLE-Quote,2003-10-17,0.187997
CAT,18542,QMLE-Quote,2003-10-20,0.0287885
CAT,18542,QMLE-Quote,2003-10-21,0.163014
CAT,18542,QMLE-Quote,2003-10-22,0.0969581
CAT,18542,QMLE-Quote,2003-10-23,0.1615
CAT,18542,QMLE-Quote,2003-10-24,0.234417
CAT,18542,QMLE-Quote,2003-10-27,0.129283
CAT,18542,QMLE-Quote,2003-10-28,0.173526
CAT,18542,QMLE-Quote,2003-10-29,0.130171
CAT,18542,QMLE-Quote,2003-10-30,0.175587
CAT,18542,QMLE-Quote,2003-10-31,0.129607
CAT,18542,QMLE-Quote,2003-11-3,0.174821
CAT,18542,QMLE-Quote,2003-11-4,0.114497
CAT,18542,QMLE-Quote,2003-11-5,0.19915
CAT,18542,QMLE-Quote,2003-11-6,0.0981683
CAT,18542,QMLE-Quote,2003-11-7,0.164832
CAT,18542,QMLE-Quote,2003-11-10,0.190856
CAT,18542,QMLE-Quote,2003-11-11,0.127609
CAT,18542,QMLE-Quote,2003-11-12,0.187538
CAT,18542,QMLE-Quote,2003-11-13,0.166045
CAT,18542,QMLE-Quote,2003-11-14,0.20405
CAT,18542,QMLE-Quote,2003-11-17,0.0745739
CAT,18542,QMLE-Quote,2003-11-18,0.157137
CAT,18542,QMLE-Quote,2003-11-19,0.142796
CAT,18542,QMLE-Quote,2003-11-20,0.143649
CAT,18542,QMLE-Quote,2003-11-21,0.136256
CAT,18542,QMLE-Quote,2003-11-24,0.136211
CAT,18542,QMLE-Quote,2003-11-25,0.185038
CAT,18542,QMLE-Quote,2003-11-26,0.146684
CAT,18542,QMLE-Quote,2003-11-28,0.110321
CAT,18542,QMLE-Quote,2003-12-1,0.137732
CAT,18542,QMLE-Quote,2003-12-2,0.168555
CAT,18542,QMLE-Quote,2003-12-3,0.144718
CAT,18542,QMLE-Quote,2003-12-4,0.0928327
CAT,18542,QMLE-Quote,2003-12-5,0.241264
CAT,18542,QMLE-Quote,2003-12-8,0.135748
CAT,18542,QMLE-Quote,2003-12-9,0.166503
CAT,18542,QMLE-Quote,2003-12-10,0.12718
CAT,18542,QMLE-Quote,2003-12-11,0.223401
CAT,18542,QMLE-Quote,2003-12-12,0.120264
CAT,18542,QMLE-Quote,2003-12-15,0.126674
CAT,18542,QMLE-Quote,2003-12-16,0.166726
CAT,18542,QMLE-Quote,2003-12-17,0.198587
CAT,18542,QMLE-Quote,2003-12-18,0.206967
CAT,18542,QMLE-Quote,2003-12-19,0.181879
CAT,18542,QMLE-Quote,2003-12-22,0.139026
CAT,18542,QMLE-Quote,2003-12-23,0.179761
CAT,18542,QMLE-Quote,2003-12-24,0.0982456
CAT,18542,QMLE-Quote,2003-12-26,0.122459
CAT,18542,QMLE-Quote,2003-12-29,0.154222
CAT,18542,QMLE-Quote,2003-12-30,0.112126
CAT,18542,QMLE-Quote,2003-12-31,0.14011
CAT,18542,QMLE-Quote,2004-1-2,0.215716
CAT,18542,QMLE-Quote,2004-1-5,0.152996
CAT,18542,QMLE-Quote,2004-1-6,0.144707
CAT,18542,QMLE-Quote,2004-1-7,0.144191
CAT,18542,QMLE-Quote,2004-1-8,0.168944
CAT,18542,QMLE-Quote,2004-1-9,0.160773
CAT,18542,QMLE-Quote,2004-1-12,0.2025
CAT,18542,QMLE-Quote,2004-1-13,0.215808
CAT,18542,QMLE-Quote,2004-1-14,0.156897
CAT,18542,QMLE-Quote,2004-1-15,0.207697
CAT,18542,QMLE-Quote,2004-1-16,0.223458
CAT,18542,QMLE-Quote,2004-1-20,0.169324
CAT,18542,QMLE-Quote,2004-1-21,0.233969
CAT,18542,QMLE-Quote,2004-1-22,0.17827
CAT,18542,QMLE-Quote,2004-1-23,0.197071
CAT,18542,QMLE-Quote,2004-1-26,0.193584
CAT,18542,QMLE-Quote,2004-1-27,0.396941
CAT,18542,QMLE-Quote,2004-1-28,0.293424
CAT,18542,QMLE-Quote,2004-1-29,0.285994
CAT,18542,QMLE-Quote,2004-1-30,0.203195
CAT,18542,QMLE-Quote,2004-2-2,0.134786
CAT,18542,QMLE-Quote,2004-2-3,0.146914
CAT,18542,QMLE-Quote,2004-2-4,0.18332
CAT,18542,QMLE-Quote,2004-2-5,0.249702
CAT,18542,QMLE-Quote,2004-2-6,0.263059
CAT,18542,QMLE-Quote,2004-2-9,0.182221
CAT,18542,QMLE-Quote,2004-2-10,0.161454
CAT,18542,QMLE-Quote,2004-2-11,0.198949
CAT,18542,QMLE-Quote,2004-2-12,0.186524
CAT,18542,QMLE-Quote,2004-2-13,0.249568
CAT,18542,QMLE-Quote,2004-2-17,0.200354
CAT,18542,QMLE-Quote,2004-2-18,0.189922
CAT,18542,QMLE-Quote,2004-2-19,0.26281
CAT,18542,QMLE-Quote,2004-2-20,0.211687
CAT,18542,QMLE-Quote,2004-2-23,0.214145
CAT,18542,QMLE-Quote,2004-2-24,0.197166
CAT,18542,QMLE-Quote,2004-2-25,0.212019
CAT,18542,QMLE-Quote,2004-2-26,0.146802
CAT,18542,QMLE-Quote,2004-2-27,0.129382
CAT,18542,QMLE-Quote,2004-3-1,0.182441
CAT,18542,QMLE-Quote,2004-3-2,0.166628
CAT,18542,QMLE-Quote,2004-3-3,0.182102
CAT,18542,QMLE-Quote,2004-3-4,0.141311
CAT,18542,QMLE-Quote,2004-3-5,0.195558
CAT,18542,QMLE-Quote,2004-3-8,0.180416
CAT,18542,QMLE-Quote,2004-3-9,0.182269
CAT,18542,QMLE-Quote,2004-3-10,0.248727
CAT,18542,QMLE-Quote,2004-3-11,0.263717
CAT,18542,QMLE-Quote,2004-3-12,0.246952
CAT,18542,QMLE-Quote,2004-3-15,0.188774
CAT,18542,QMLE-Quote,2004-3-16,0.272727
CAT,18542,QMLE-Quote,2004-3-17,0.178425
CAT,18542,QMLE-Quote,2004-3-18,0.214477
CAT,18542,QMLE-Quote,2004-3-19,0.185083
CAT,18542,QMLE-Quote,2004-3-22,0.244744
CAT,18542,QMLE-Quote,2004-3-23,0.226313
CAT,18542,QMLE-Quote,2004-3-24,0.195621
CAT,18542,QMLE-Quote,2004-3-25,0.192293
CAT,18542,QMLE-Quote,2004-3-26,0.14492
CAT,18542,QMLE-Quote,2004-3-29,0.138124
CAT,18542,QMLE-Quote,2004-3-30,0.151807
CAT,18542,QMLE-Quote,2004-3-31,0.181084
CAT,18542,QMLE-Quote,2004-4-1,0.186181
CAT,18542,QMLE-Quote,2004-4-2,0.189034
CAT,18542,QMLE-Quote,2004-4-5,0.159342
CAT,18542,QMLE-Quote,2004-4-6,0.148024
CAT,18542,QMLE-Quote,2004-4-7,0.168552
CAT,18542,QMLE-Quote,2004-4-8,0.16292
CAT,18542,QMLE-Quote,2004-4-12,0.143042
CAT,18542,QMLE-Quote,2004-4-13,0.169396
CAT,18542,QMLE-Quote,2004-4-14,0.270308
CAT,18542,QMLE-Quote,2004-4-15,0.20768
CAT,18542,QMLE-Quote,2004-4-16,0.166992
CAT,18542,QMLE-Quote,2004-4-19,0.164511
CAT,18542,QMLE-Quote,2004-4-20,0.186394
CAT,18542,QMLE-Quote,2004-4-21,0.250931
CAT,18542,QMLE-Quote,2004-4-22,0.24901
CAT,18542,QMLE-Quote,2004-4-23,0.209108
CAT,18542,QMLE-Quote,2004-4-26,0.180716
CAT,18542,QMLE-Quote,2004-4-27,0.150562
CAT,18542,QMLE-Quote,2004-4-28,0.173408
CAT,18542,QMLE-Quote,2004-4-29,0.236529
CAT,18542,QMLE-Quote,2004-4-30,0.241368
CAT,18542,QMLE-Quote,2004-5-3,0.335883
CAT,18542,QMLE-Quote,2004-5-4,0.186037
CAT,18542,QMLE-Quote,2004-5-5,0.175651
CAT,18542,QMLE-Quote,2004-5-6,0.255956
CAT,18542,QMLE-Quote,2004-5-7,0.168976
CAT,18542,QMLE-Quote,2004-5-10,0.31842
CAT,18542,QMLE-Quote,2004-5-11,0.188364
CAT,18542,QMLE-Quote,2004-5-12,0.282798
CAT,18542,QMLE-Quote,2004-5-13,0.233992
CAT,18542,QMLE-Quote,2004-5-14,0.287654
CAT,18542,QMLE-Quote,2004-5-17,0.23919
CAT,18542,QMLE-Quote,2004-5-18,0.21071
CAT,18542,QMLE-Quote,2004-5-19,0.181722
CAT,18542,QMLE-Quote,2004-5-20,0.233182
CAT,18542,QMLE-Quote,2004-5-21,0.215472
CAT,18542,QMLE-Quote,2004-5-24,0.262278
CAT,18542,QMLE-Quote,2004-5-25,0.191663
CAT,18542,QMLE-Quote,2004-5-26,0.153557
CAT,18542,QMLE-Quote,2004-5-27,0.171169
CAT,18542,QMLE-Quote,2004-5-28,0.136773
CAT,18542,QMLE-Quote,2004-6-1,0.165158
CAT,18542,QMLE-Quote,2004-6-2,0.190584
CAT,18542,QMLE-Quote,2004-6-3,0.21054
CAT,18542,QMLE-Quote,2004-6-4,0.169452
CAT,18542,QMLE-Quote,2004-6-7,0.0939972
CAT,18542,QMLE-Quote,2004-6-8,0.159231
CAT,18542,QMLE-Quote,2004-6-9,0.161323
CAT,18542,QMLE-Quote,2004-6-10,0.0805031
CAT,18542,QMLE-Quote,2004-6-14,0.108154
CAT,18542,QMLE-Quote,2004-6-15,0.141528
CAT,18542,QMLE-Quote,2004-6-16,0.151557
CAT,18542,QMLE-Quote,2004-6-17,0.120005
CAT,18542,QMLE-Quote,2004-6-18,0.161514
CAT,18542,QMLE-Quote,2004-6-21,0.1042
CAT,18542,QMLE-Quote,2004-6-22,0.184434
CAT,18542,QMLE-Quote,2004-6-23,0.159234
CAT,18542,QMLE-Quote,2004-6-24,0.184561
CAT,18542,QMLE-Quote,2004-6-25,0.159198
CAT,18542,QMLE-Quote,2004-6-28,0.155049
CAT,18542,QMLE-Quote,2004-6-29,0.156755
CAT,18542,QMLE-Quote,2004-6-30,0.290155
CAT,18542,QMLE-Quote,2004-7-1,0.161829
CAT,18542,QMLE-Quote,2004-7-2,0.183598
CAT,18542,QMLE-Quote,2004-7-6,0.147229
CAT,18542,QMLE-Quote,2004-7-7,0.11112
CAT,18542,QMLE-Quote,2004-7-8,0.178483
CAT,18542,QMLE-Quote,2004-7-9,0.192157
CAT,18542,QMLE-Quote,2004-7-12,0.11872
CAT,18542,QMLE-Quote,2004-7-13,0.132045
CAT,18542,QMLE-Quote,2004-7-14,0.374934
CAT,18542,QMLE-Quote,2004-7-15,0.153489
CAT,18542,QMLE-Quote,2004-7-16,0.141377
CAT,18542,QMLE-Quote,2004-7-19,0.16192
CAT,18542,QMLE-Quote,2004-7-20,0.157057
CAT,18542,QMLE-Quote,2004-7-21,0.42577
CAT,18542,QMLE-Quote,2004-7-22,0.441253
CAT,18542,QMLE-Quote,2004-7-23,0.156929
CAT,18542,QMLE-Quote,2004-7-26,0.161379
CAT,18542,QMLE-Quote,2004-7-27,0.165129
CAT,18542,QMLE-Quote,2004-7-28,0.230945
CAT,18542,QMLE-Quote,2004-7-29,0.18955
CAT,18542,QMLE-Quote,2004-7-30,0.17789
CAT,18542,QMLE-Quote,2004-8-2,0.145238
CAT,18542,QMLE-Quote,2004-8-3,0.165197
CAT,18542,QMLE-Quote,2004-8-4,0.170622
CAT,18542,QMLE-Quote,2004-8-5,0.206958
CAT,18542,QMLE-Quote,2004-8-6,0.305844
CAT,18542,QMLE-Quote,2004-8-9,0.170271
CAT,18542,QMLE-Quote,2004-8-10,0.175431
CAT,18542,QMLE-Quote,2004-8-11,0.211579
CAT,18542,QMLE-Quote,2004-8-12,0.163346
CAT,18542,QMLE-Quote,2004-8-13,0.136187
CAT,18542,QMLE-Quote,2004-8-16,0.163314
CAT,18542,QMLE-Quote,2004-8-17,0.21658
CAT,18542,QMLE-Quote,2004-8-18,0.160133
CAT,18542,QMLE-Quote,2004-8-19,0.162842
CAT,18542,QMLE-Quote,2004-8-20,0.18528
CAT,18542,QMLE-Quote,2004-8-23,0.165015
CAT,18542,QMLE-Quote,2004-8-24,0.15181
CAT,18542,QMLE-Quote,2004-8-25,0.133336
CAT,18542,QMLE-Quote,2004-8-26,0.129117
CAT,18542,QMLE-Quote,2004-8-27,0.119126
CAT,18542,QMLE-Quote,2004-8-30,0.120351
CAT,18542,QMLE-Quote,2004-8-31,0.145447
CAT,18542,QMLE-Quote,2004-9-1,0.214305
CAT,18542,QMLE-Quote,2004-9-2,0.107936
CAT,18542,QMLE-Quote,2004-9-3,0.130095
CAT,18542,QMLE-Quote,2004-9-7,0.166736
CAT,18542,QMLE-Quote,2004-9-8,0.168045
CAT,18542,QMLE-Quote,2004-9-9,0.131499
CAT,18542,QMLE-Quote,2004-9-10,0.15391
CAT,18542,QMLE-Quote,2004-9-13,0.117386
CAT,18542,QMLE-Quote,2004-9-14,0.12662
CAT,18542,QMLE-Quote,2004-9-15,0.133242
CAT,18542,QMLE-Quote,2004-9-16,0.11849
CAT,18542,QMLE-Quote,2004-9-17,0.13349
CAT,18542,QMLE-Quote,2004-9-20,0.149806
CAT,18542,QMLE-Quote,2004-9-21,0.165483
CAT,18542,QMLE-Quote,2004-9-22,0.149569
CAT,18542,QMLE-Quote,2004-9-23,0.191909
CAT,18542,QMLE-Quote,2004-9-24,0.150578
CAT,18542,QMLE-Quote,2004-9-27,0.145183
CAT,18542,QMLE-Quote,2004-9-28,0.282354
CAT,18542,QMLE-Quote,2004-9-29,0.281227
CAT,18542,QMLE-Quote,2004-9-30,0.196751
CAT,18542,QMLE-Quote,2004-10-1,0.187064
CAT,18542,QMLE-Quote,2004-10-4,0.161533
CAT,18542,QMLE-Quote,2004-10-5,0.164407
CAT,18542,QMLE-Quote,2004-10-6,0.147403
CAT,18542,QMLE-Quote,2004-10-7,0.153675
CAT,18542,QMLE-Quote,2004-10-8,0.205562
CAT,18542,QMLE-Quote,2004-10-11,0.143323
CAT,18542,QMLE-Quote,2004-10-12,0.154555
CAT,18542,QMLE-Quote,2004-10-13,0.198379
CAT,18542,QMLE-Quote,2004-10-14,0.180884
CAT,18542,QMLE-Quote,2004-10-15,0.188648
CAT,18542,QMLE-Quote,2004-10-18,0.187831
CAT,18542,QMLE-Quote,2004-10-19,0.21584
CAT,18542,QMLE-Quote,2004-10-20,0.230847
CAT,18542,QMLE-Quote,2004-10-21,0.517222
CAT,18542,QMLE-Quote,2004-10-22,0.194564
CAT,18542,QMLE-Quote,2004-10-25,0.219346
CAT,18542,QMLE-Quote,2004-10-26,0.173012
CAT,18542,QMLE-Quote,2004-10-27,0.197321
CAT,18542,QMLE-Quote,2004-10-28,0.222515
CAT,18542,QMLE-Quote,2004-10-29,0.19807
CAT,18542,QMLE-Quote,2004-11-1,0.19583
CAT,18542,QMLE-Quote,2004-11-2,0.221776
CAT,18542,QMLE-Quote,2004-11-3,0.231549
CAT,18542,QMLE-Quote,2004-11-4,0.193152
CAT,18542,QMLE-Quote,2004-11-5,0.253638
CAT,18542,QMLE-Quote,2004-11-8,0.157447
CAT,18542,QMLE-Quote,2004-11-9,0.141719
CAT,18542,QMLE-Quote,2004-11-10,0.175991
CAT,18542,QMLE-Quote,2004-11-11,0.145122
CAT,18542,QMLE-Quote,2004-11-12,0.148687
CAT,18542,QMLE-Quote,2004-11-15,0.196844
CAT,18542,QMLE-Quote,2004-11-16,0.139435
CAT,18542,QMLE-Quote,2004-11-17,0.20703
CAT,18542,QMLE-Quote,2004-11-18,0.191926
CAT,18542,QMLE-Quote,2004-11-19,0.165277
CAT,18542,QMLE-Quote,2004-11-22,0.118166
CAT,18542,QMLE-Quote,2004-11-23,0.231259
CAT,18542,QMLE-Quote,2004-11-24,0.167256
CAT,18542,QMLE-Quote,2004-11-26,0.127734
CAT,18542,QMLE-Quote,2004-11-29,0.193958
CAT,18542,QMLE-Quote,2004-11-30,0.240875
CAT,18542,QMLE-Quote,2004-12-1,0.197014
CAT,18542,QMLE-Quote,2004-12-2,0.233786
CAT,18542,QMLE-Quote,2004-12-3,0.206513
CAT,18542,QMLE-Quote,2004-12-6,0.177681
CAT,18542,QMLE-Quote,2004-12-7,0.187208
CAT,18542,QMLE-Quote,2004-12-8,0.185623
CAT,18542,QMLE-Quote,2004-12-9,0.202621
CAT,18542,QMLE-Quote,2004-12-10,0.155924
CAT,18542,QMLE-Quote,2004-12-13,0.145505
CAT,18542,QMLE-Quote,2004-12-14,0.165746
CAT,18542,QMLE-Quote,2004-12-15,0.166835
CAT,18542,QMLE-Quote,2004-12-16,0.11875
CAT,18542,QMLE-Quote,2004-12-17,0.216144
CAT,18542,QMLE-Quote,2004-12-20,0.179874
CAT,18542,QMLE-Quote,2004-12-21,0.127068
CAT,18542,QMLE-Quote,2004-12-22,0.159466
CAT,18542,QMLE-Quote,2004-12-23,0.129498
CAT,18542,QMLE-Quote,2004-12-27,0.168256
CAT,18542,QMLE-Quote,2004-12-28,0.13478
CAT,18542,QMLE-Quote,2004-12-29,0.131625
CAT,18542,QMLE-Quote,2004-12-30,0.0969377
CAT,18542,QMLE-Quote,2004-12-31,0.147606
CAT,18542,QMLE-Quote,2005-1-3,0.199645
CAT,18542,QMLE-Quote,2005-1-4,0.225544
CAT,18542,QMLE-Quote,2005-1-5,0.237648
CAT,18542,QMLE-Quote,2005-1-6,0.21197
CAT,18542,QMLE-Quote,2005-1-7,0.187034
CAT,18542,QMLE-Quote,2005-1-10,0.163648
CAT,18542,QMLE-Quote,2005-1-11,0.159592
CAT,18542,QMLE-Quote,2005-1-12,0.213182
CAT,18542,QMLE-Quote,2005-1-13,0.153155
CAT,18542,QMLE-Quote,2005-1-14,0.1427
CAT,18542,QMLE-Quote,2005-1-18,0.183174
CAT,18542,QMLE-Quote,2005-1-19,0.134697
CAT,18542,QMLE-Quote,2005-1-20,0.157648
CAT,18542,QMLE-Quote,2005-1-21,0.212085
CAT,18542,QMLE-Quote,2005-1-24,0.177153
CAT,18542,QMLE-Quote,2005-1-25,0.149879
CAT,18542,QMLE-Quote,2005-1-26,0.0735107
CAT,18542,QMLE-Quote,2005-1-27,0.278961
CAT,18542,QMLE-Quote,2005-1-28,0.169211
CAT,18542,QMLE-Quote,2005-1-31,0.19853
CAT,18542,QMLE-Quote,2005-2-1,0.160694
CAT,18542,QMLE-Quote,2005-2-2,0.187416
CAT,18542,QMLE-Quote,2005-2-3,0.183804
CAT,18542,QMLE-Quote,2005-2-4,0.158202
CAT,18542,QMLE-Quote,2005-2-7,0.168947
CAT,18542,QMLE-Quote,2005-2-8,0.142795
CAT,18542,QMLE-Quote,2005-2-9,0.199991
CAT,18542,QMLE-Quote,2005-2-10,0.181662
CAT,18542,QMLE-Quote,2005-2-11,0.183124
CAT,18542,QMLE-Quote,2005-2-14,0.155081
CAT,18542,QMLE-Quote,2005-2-15,0.114417
CAT,18542,QMLE-Quote,2005-2-16,0.13758
CAT,18542,QMLE-Quote,2005-2-17,0.148986
CAT,18542,QMLE-Quote,2005-2-18,0.155502
CAT,18542,QMLE-Quote,2005-2-22,0.205876
CAT,18542,QMLE-Quote,2005-2-23,0.152076
CAT,18542,QMLE-Quote,2005-2-24,0.196995
CAT,18542,QMLE-Quote,2005-2-25,0.194707
CAT,18542,QMLE-Quote,2005-2-28,0.208291
CAT,18542,QMLE-Quote,2005-3-1,0.225496
CAT,18542,QMLE-Quote,2005-3-2,0.175729
CAT,18542,QMLE-Quote,2005-3-3,0.173368
CAT,18542,QMLE-Quote,2005-3-4,0.162909
CAT,18542,QMLE-Quote,2005-3-7,0.165037
CAT,18542,QMLE-Quote,2005-3-8,0.157871
CAT,18542,QMLE-Quote,2005-3-9,0.165795
CAT,18542,QMLE-Quote,2005-3-10,0.222461
CAT,18542,QMLE-Quote,2005-3-11,0.228979
CAT,18542,QMLE-Quote,2005-3-14,0.191648
CAT,18542,QMLE-Quote,2005-3-15,0.1311
CAT,18542,QMLE-Quote,2005-3-16,0.209659
CAT,18542,QMLE-Quote,2005-3-17,0.129292
CAT,18542,QMLE-Quote,2005-3-18,0.185977
CAT,18542,QMLE-Quote,2005-3-21,0.24358
CAT,18542,QMLE-Quote,2005-3-22,0.197513
CAT,18542,QMLE-Quote,2005-3-23,0.177458
CAT,18542,QMLE-Quote,2005-3-24,0.160854
CAT,18542,QMLE-Quote,2005-3-28,0.137916
CAT,18542,QMLE-Quote,2005-3-29,0.267726
CAT,18542,QMLE-Quote,2005-3-30,0.202239
CAT,18542,QMLE-Quote,2005-3-31,0.197904
CAT,18542,QMLE-Quote,2005-4-1,0.206296
CAT,18542,QMLE-Quote,2005-4-4,0.183243
CAT,18542,QMLE-Quote,2005-4-5,0.180401
CAT,18542,QMLE-Quote,2005-4-6,0.143196
CAT,18542,QMLE-Quote,2005-4-7,0.135277
CAT,18542,QMLE-Quote,2005-4-8,0.133567
CAT,18542,QMLE-Quote,2005-4-11,0.113809
CAT,18542,QMLE-Quote,2005-4-12,0.200371
CAT,18542,QMLE-Quote,2005-4-13,0.189112
CAT,18542,QMLE-Quote,2005-4-14,0.251004
CAT,18542,QMLE-Quote,2005-4-15,0.307792
CAT,18542,QMLE-Quote,2005-4-18,0.314391
CAT,18542,QMLE-Quote,2005-4-19,0.22114
CAT,18542,QMLE-Quote,2005-4-20,0.338192
CAT,18542,QMLE-Quote,2005-4-21,0.271163
CAT,18542,QMLE-Quote,2005-4-22,0.206306
CAT,18542,QMLE-Quote,2005-4-25,0.175967
CAT,18542,QMLE-Quote,2005-4-26,0.231794
CAT,18542,QMLE-Quote,2005-4-27,0.267923
CAT,18542,QMLE-Quote,2005-4-28,0.213812
CAT,18542,QMLE-Quote,2005-4-29,0.26939
CAT,18542,QMLE-Quote,2005-5-2,0.194184
CAT,18542,QMLE-Quote,2005-5-3,0.264873
CAT,18542,QMLE-Quote,2005-5-4,0.1575
CAT,18542,QMLE-Quote,2005-5-5,0.172164
CAT,18542,QMLE-Quote,2005-5-6,0.172982
CAT,18542,QMLE-Quote,2005-5-9,0.156669
CAT,18542,QMLE-Quote,2005-5-10,0.156024
CAT,18542,QMLE-Quote,2005-5-11,0.204672
CAT,18542,QMLE-Quote,2005-5-12,0.246807
CAT,18542,QMLE-Quote,2005-5-13,0.232847
CAT,18542,QMLE-Quote,2005-5-16,0.174913
CAT,18542,QMLE-Quote,2005-5-17,0.198272
CAT,18542,QMLE-Quote,2005-5-18,0.129413
CAT,18542,QMLE-Quote,2005-5-19,0.219714
CAT,18542,QMLE-Quote,2005-5-20,0.182829
CAT,18542,QMLE-Quote,2005-5-23,0.157874
CAT,18542,QMLE-Quote,2005-5-24,0.157462
CAT,18542,QMLE-Quote,2005-5-25,0.147665
CAT,18542,QMLE-Quote,2005-5-26,0.129406
CAT,18542,QMLE-Quote,2005-5-27,0.133008
CAT,18542,QMLE-Quote,2005-5-31,0.134765
CAT,18542,QMLE-Quote,2005-6-1,0.245811
CAT,18542,QMLE-Quote,2005-6-2,0.188474
CAT,18542,QMLE-Quote,2005-6-3,0.157893
CAT,18542,QMLE-Quote,2005-6-6,0.176538
CAT,18542,QMLE-Quote,2005-6-7,0.19651
CAT,18542,QMLE-Quote,2005-6-8,0.231391
CAT,18542,QMLE-Quote,2005-6-9,0.19175
CAT,18542,QMLE-Quote,2005-6-10,0.174214
CAT,18542,QMLE-Quote,2005-6-13,0.199585
CAT,18542,QMLE-Quote,2005-6-14,0.205054
CAT,18542,QMLE-Quote,2005-6-15,0.196302
CAT,18542,QMLE-Quote,2005-6-16,0.166598
CAT,18542,QMLE-Quote,2005-6-17,0.178591
CAT,18542,QMLE-Quote,2005-6-20,0.148005
CAT,18542,QMLE-Quote,2005-6-21,0.18047
CAT,18542,QMLE-Quote,2005-6-22,0.173207
CAT,18542,QMLE-Quote,2005-6-23,0.187813
CAT,18542,QMLE-Quote,2005-6-24,0.223383
CAT,18542,QMLE-Quote,2005-6-27,0.207836
CAT,18542,QMLE-Quote,2005-6-28,0.153813
CAT,18542,QMLE-Quote,2005-6-29,0.203517
CAT,18542,QMLE-Quote,2005-6-30,0.171775
CAT,18542,QMLE-Quote,2005-7-1,0.115534
CAT,18542,QMLE-Quote,2005-7-5,0.140502
CAT,18542,QMLE-Quote,2005-7-6,0.142493
CAT,18542,QMLE-Quote,2005-7-7,0.189587
CAT,18542,QMLE-Quote,2005-7-8,0.122283
CAT,18542,QMLE-Quote,2005-7-11,0.166348
CAT,18542,QMLE-Quote,2005-7-12,0.168393
CAT,18542,QMLE-Quote,2005-7-13,0.137416
CAT,18542,QMLE-Quote,2005-7-14,0.199513
CAT,18542,QMLE-Quote,2005-7-15,0.176613
CAT,18542,QMLE-Quote,2005-7-18,0.224504
CAT,18542,QMLE-Quote,2005-7-19,0.174881
CAT,18542,QMLE-Quote,2005-7-20,0.183775
CAT,18542,QMLE-Quote,2005-7-21,0.31002
CAT,18542,QMLE-Quote,2005-7-22,0.171213
CAT,18542,QMLE-Quote,2005-7-25,0.141824
CAT,18542,QMLE-Quote,2005-7-26,0.198366
CAT,18542,QMLE-Quote,2005-7-27,0.198562
CAT,18542,QMLE-Quote,2005-7-28,0.190307
CAT,18542,QMLE-Quote,2005-7-29,0.188236
CAT,18542,QMLE-Quote,2005-8-1,0.153497
CAT,18542,QMLE-Quote,2005-8-2,0.117845
CAT,18542,QMLE-Quote,2005-8-3,0.111121
CAT,18542,QMLE-Quote,2005-8-4,0.122417
CAT,18542,QMLE-Quote,2005-8-5,0.143222
CAT,18542,QMLE-Quote,2005-8-8,0.133306
CAT,18542,QMLE-Quote,2005-8-9,0.123563
CAT,18542,QMLE-Quote,2005-8-10,0.190575
CAT,18542,QMLE-Quote,2005-8-11,0.176575
CAT,18542,QMLE-Quote,2005-8-12,0.160089
CAT,18542,QMLE-Quote,2005-8-15,0.152327
CAT,18542,QMLE-Quote,2005-8-16,0.145358
CAT,18542,QMLE-Quote,2005-8-17,0.202147
CAT,18542,QMLE-Quote,2005-8-18,0.23071
CAT,18542,QMLE-Quote,2005-8-19,0.211671
CAT,18542,QMLE-Quote,2005-8-22,0.189587
CAT,18542,QMLE-Quote,2005-8-23,0.219902
CAT,18542,QMLE-Quote,2005-8-24,0.238577
CAT,18542,QMLE-Quote,2005-8-25,0.208771
CAT,18542,QMLE-Quote,2005-8-26,0.195565
CAT,18542,QMLE-Quote,2005-8-29,0.191911
CAT,18542,QMLE-Quote,2005-8-30,0.242021
CAT,18542,QMLE-Quote,2005-8-31,0.275261
CAT,18542,QMLE-Quote,2005-9-1,0.253195
CAT,18542,QMLE-Quote,2005-9-2,0.242669
CAT,18542,QMLE-Quote,2005-9-6,0.181727
CAT,18542,QMLE-Quote,2005-9-7,0.130003
CAT,18542,QMLE-Quote,2005-9-8,0.192588
CAT,18542,QMLE-Quote,2005-9-9,0.150059
CAT,18542,QMLE-Quote,2005-9-12,0.149985
CAT,18542,QMLE-Quote,2005-9-13,0.186812
CAT,18542,QMLE-Quote,2005-9-14,0.177179
CAT,18542,QMLE-Quote,2005-9-15,0.199051
CAT,18542,QMLE-Quote,2005-9-16,0.181088
CAT,18542,QMLE-Quote,2005-9-19,0.195184
CAT,18542,QMLE-Quote,2005-9-20,0.202601
CAT,18542,QMLE-Quote,2005-9-21,0.207386
CAT,18542,QMLE-Quote,2005-9-22,0.203219
CAT,18542,QMLE-Quote,2005-9-23,0.116528
CAT,18542,QMLE-Quote,2005-9-26,0.223536
CAT,18542,QMLE-Quote,2005-9-27,0.189232
CAT,18542,QMLE-Quote,2005-9-28,0.1974
CAT,18542,QMLE-Quote,2005-9-29,0.220747
CAT,18542,QMLE-Quote,2005-9-30,0.231035
CAT,18542,QMLE-Quote,2005-10-3,0.183993
CAT,18542,QMLE-Quote,2005-10-4,0.211156
CAT,18542,QMLE-Quote,2005-10-5,0.217771
CAT,18542,QMLE-Quote,2005-10-6,0.273883
CAT,18542,QMLE-Quote,2005-10-7,0.229419
CAT,18542,QMLE-Quote,2005-10-10,0.197467
CAT,18542,QMLE-Quote,2005-10-11,0.219023
CAT,18542,QMLE-Quote,2005-10-12,0.23984
CAT,18542,QMLE-Quote,2005-10-13,0.304154
CAT,18542,QMLE-Quote,2005-10-14,0.202369
CAT,18542,QMLE-Quote,2005-10-17,0.214803
CAT,18542,QMLE-Quote,2005-10-18,0.163299
CAT,18542,QMLE-Quote,2005-10-19,0.252522
CAT,18542,QMLE-Quote,2005-10-20,0.372553
CAT,18542,QMLE-Quote,2005-10-21,0.643903
CAT,18542,QMLE-Quote,2005-10-24,0.197349
CAT,18542,QMLE-Quote,2005-10-25,0.192317
CAT,18542,QMLE-Quote,2005-10-26,0.217626
CAT,18542,QMLE-Quote,2005-10-27,0.173758
CAT,18542,QMLE-Quote,2005-10-28,0.179767
CAT,18542,QMLE-Quote,2005-10-31,0.239197
CAT,18542,QMLE-Quote,2005-11-1,0.179718
CAT,18542,QMLE-Quote,2005-11-2,0.191213
CAT,18542,QMLE-Quote,2005-11-3,0.200492
CAT,18542,QMLE-Quote,2005-11-4,0.135544
CAT,18542,QMLE-Quote,2005-11-7,0.201254
CAT,18542,QMLE-Quote,2005-11-8,0.171182
CAT,18542,QMLE-Quote,2005-11-9,0.124685
CAT,18542,QMLE-Quote,2005-11-10,0.160291
CAT,18542,QMLE-Quote,2005-11-11,0.177046
CAT,18542,QMLE-Quote,2005-11-14,0.130494
CAT,18542,QMLE-Quote,2005-11-15,0.115658
CAT,18542,QMLE-Quote,2005-11-16,0.174346
CAT,18542,QMLE-Quote,2005-11-17,0.141808
CAT,18542,QMLE-Quote,2005-11-18,0.216135
CAT,18542,QMLE-Quote,2005-11-21,0.145911
CAT,18542,QMLE-Quote,2005-11-22,0.200134
CAT,18542,QMLE-Quote,2005-11-23,0.1037
CAT,18542,QMLE-Quote,2005-11-25,0.125919
CAT,18542,QMLE-Quote,2005-11-28,0.201185
CAT,18542,QMLE-Quote,2005-11-29,0.172829
CAT,18542,QMLE-Quote,2005-11-30,0.156646
CAT,18542,QMLE-Quote,2005-12-1,0.120469
CAT,18542,QMLE-Quote,2005-12-2,0.168691
CAT,18542,QMLE-Quote,2005-12-5,0.241546
CAT,18542,QMLE-Quote,2005-12-6,0.174838
CAT,18542,QMLE-Quote,2005-12-7,0.249999
CAT,18542,QMLE-Quote,2005-12-8,0.209186
CAT,18542,QMLE-Quote,2005-12-9,0.218485
CAT,18542,QMLE-Quote,2005-12-12,0.19271
CAT,18542,QMLE-Quote,2005-12-13,0.219824
CAT,18542,QMLE-Quote,2005-12-14,0.186146
CAT,18542,QMLE-Quote,2005-12-15,0.193016
CAT,18542,QMLE-Quote,2005-12-16,0.159611
CAT,18542,QMLE-Quote,2005-12-19,0.2594
CAT,18542,QMLE-Quote,2005-12-20,0.195032
CAT,18542,QMLE-Quote,2005-12-21,0.196142
CAT,18542,QMLE-Quote,2005-12-22,0.14458
CAT,18542,QMLE-Quote,2005-12-23,0.126141
CAT,18542,QMLE-Quote,2005-12-27,0.178736
CAT,18542,QMLE-Quote,2005-12-28,0.186206
CAT,18542,QMLE-Quote,2005-12-29,0.140679
CAT,18542,QMLE-Quote,2005-12-30,0.132592
CAT,18542,QMLE-Quote,2006-1-3,0.210871
CAT,18542,QMLE-Quote,2006-1-4,0.210762
CAT,18542,QMLE-Quote,2006-1-5,0.15894
CAT,18542,QMLE-Quote,2006-1-6,0.205855
CAT,18542,QMLE-Quote,2006-1-9,0.161695
CAT,18542,QMLE-Quote,2006-1-10,0.18443
CAT,18542,QMLE-Quote,2006-1-11,0.193528
CAT,18542,QMLE-Quote,2006-1-12,0.221831
CAT,18542,QMLE-Quote,2006-1-13,0.166144
CAT,18542,QMLE-Quote,2006-1-17,0.187711
CAT,18542,QMLE-Quote,2006-1-18,0.162989
CAT,18542,QMLE-Quote,2006-1-19,0.182798
CAT,18542,QMLE-Quote,2006-1-20,0.235051
CAT,18542,QMLE-Quote,2006-1-23,0.22319
CAT,18542,QMLE-Quote,2006-1-24,0.221452
CAT,18542,QMLE-Quote,2006-1-25,0.313659
CAT,18542,QMLE-Quote,2006-1-26,0.356905
CAT,18542,QMLE-Quote,2006-1-27,0.438971
CAT,18542,QMLE-Quote,2006-1-30,0.312373
CAT,18542,QMLE-Quote,2006-1-31,0.202258
CAT,18542,QMLE-Quote,2006-2-1,0.224098
CAT,18542,QMLE-Quote,2006-2-2,0.195635
CAT,18542,QMLE-Quote,2006-2-3,0.219663
CAT,18542,QMLE-Quote,2006-2-6,0.192258
CAT,18542,QMLE-Quote,2006-2-7,0.216529
CAT,18542,QMLE-Quote,2006-2-8,0.202903
CAT,18542,QMLE-Quote,2006-2-9,0.194932
CAT,18542,QMLE-Quote,2006-2-10,0.210275
CAT,18542,QMLE-Quote,2006-2-13,0.165257
CAT,18542,QMLE-Quote,2006-2-14,0.236967
CAT,18542,QMLE-Quote,2006-2-15,0.235067
CAT,18542,QMLE-Quote,2006-2-16,0.137083
CAT,18542,QMLE-Quote,2006-2-17,0.124354
CAT,18542,QMLE-Quote,2006-2-21,0.188225
CAT,18542,QMLE-Quote,2006-2-22,0.166117
CAT,18542,QMLE-Quote,2006-2-23,0.197741
CAT,18542,QMLE-Quote,2006-2-24,0.174512
CAT,18542,QMLE-Quote,2006-2-27,0.169523
CAT,18542,QMLE-Quote,2006-2-28,0.17682
CAT,18542,QMLE-Quote,2006-3-1,0.199237
CAT,18542,QMLE-Quote,2006-3-2,0.178882
CAT,18542,QMLE-Quote,2006-3-3,0.18767
CAT,18542,QMLE-Quote,2006-3-6,0.168215
CAT,18542,QMLE-Quote,2006-3-7,0.241577
CAT,18542,QMLE-Quote,2006-3-8,0.27431
CAT,18542,QMLE-Quote,2006-3-9,0.194031
CAT,18542,QMLE-Quote,2006-3-10,0.193744
CAT,18542,QMLE-Quote,2006-3-13,0.178056
CAT,18542,QMLE-Quote,2006-3-14,0.159339
CAT,18542,QMLE-Quote,2006-3-15,0.244259
CAT,18542,QMLE-Quote,2006-3-16,0.196286
CAT,18542,QMLE-Quote,2006-3-17,0.134531
CAT,18542,QMLE-Quote,2006-3-20,0.158893
CAT,18542,QMLE-Quote,2006-3-21,0.185069
CAT,18542,QMLE-Quote,2006-3-22,0.222027
CAT,18542,QMLE-Quote,2006-3-23,0.238855
CAT,18542,QMLE-Quote,2006-3-24,0.180927
CAT,18542,QMLE-Quote,2006-3-27,0.203846
CAT,18542,QMLE-Quote,2006-3-28,0.19144
CAT,18542,QMLE-Quote,2006-3-29,0.227505
CAT,18542,QMLE-Quote,2006-3-30,0.233343
CAT,18542,QMLE-Quote,2006-3-31,0.172397
CAT,18542,QMLE-Quote,2006-4-3,0.27253
CAT,18542,QMLE-Quote,2006-4-4,0.264154
CAT,18542,QMLE-Quote,2006-4-5,0.258717
CAT,18542,QMLE-Quote,2006-4-6,0.205023
CAT,18542,QMLE-Quote,2006-4-7,0.222293
CAT,18542,QMLE-Quote,2006-4-10,0.168444
CAT,18542,QMLE-Quote,2006-4-11,0.194284
CAT,18542,QMLE-Quote,2006-4-12,0.21953
CAT,18542,QMLE-Quote,2006-4-13,0.206685
CAT,18542,QMLE-Quote,2006-4-17,0.231295
CAT,18542,QMLE-Quote,2006-4-18,0.222936
CAT,18542,QMLE-Quote,2006-4-19,0.217737
CAT,18542,QMLE-Quote,2006-4-20,0.246668
CAT,18542,QMLE-Quote,2006-4-21,0.250348
CAT,18542,QMLE-Quote,2006-4-24,0.36176
CAT,18542,QMLE-Quote,2006-4-25,0.261095
CAT,18542,QMLE-Quote,2006-4-26,0.236138
CAT,18542,QMLE-Quote,2006-4-27,0.232956
CAT,18542,QMLE-Quote,2006-4-28,0.162826
CAT,18542,QMLE-Quote,2006-5-1,0.218176
CAT,18542,QMLE-Quote,2006-5-2,0.177364
CAT,18542,QMLE-Quote,2006-5-3,0.211568
CAT,18542,QMLE-Quote,2006-5-4,0.146133
CAT,18542,QMLE-Quote,2006-5-5,0.17764
CAT,18542,QMLE-Quote,2006-5-8,0.180414
CAT,18542,QMLE-Quote,2006-5-9,0.135935
CAT,18542,QMLE-Quote,2006-5-10,0.243497
CAT,18542,QMLE-Quote,2006-5-11,0.204295
CAT,18542,QMLE-Quote,2006-5-12,0.226412
CAT,18542,QMLE-Quote,2006-5-15,0.273689
CAT,18542,QMLE-Quote,2006-5-16,0.268167
CAT,18542,QMLE-Quote,2006-5-17,0.231639
CAT,18542,QMLE-Quote,2006-5-18,0.189296
CAT,18542,QMLE-Quote,2006-5-19,0.295074
CAT,18542,QMLE-Quote,2006-5-22,0.270426
CAT,18542,QMLE-Quote,2006-5-23,0.265032
CAT,18542,QMLE-Quote,2006-5-24,0.357557
CAT,18542,QMLE-Quote,2006-5-25,0.254393
CAT,18542,QMLE-Quote,2006-5-26,0.226119
CAT,18542,QMLE-Quote,2006-5-30,0.276628
CAT,18542,QMLE-Quote,2006-5-31,0.312717
CAT,18542,QMLE-Quote,2006-6-1,0.236808
CAT,18542,QMLE-Quote,2006-6-2,0.259232
CAT,18542,QMLE-Quote,2006-6-5,0.310456
CAT,18542,QMLE-Quote,2006-6-6,0.274562
CAT,18542,QMLE-Quote,2006-6-7,0.27821
CAT,18542,QMLE-Quote,2006-6-8,0.432305
CAT,18542,QMLE-Quote,2006-6-9,0.290201
CAT,18542,QMLE-Quote,2006-6-12,0.250153
CAT,18542,QMLE-Quote,2006-6-13,0.364508
CAT,18542,QMLE-Quote,2006-6-14,0.288746
CAT,18542,QMLE-Quote,2006-6-15,0.276801
CAT,18542,QMLE-Quote,2006-6-16,0.250563
CAT,18542,QMLE-Quote,2006-6-19,0.261975
CAT,18542,QMLE-Quote,2006-6-20,0.211262
CAT,18542,QMLE-Quote,2006-6-21,0.282295
CAT,18542,QMLE-Quote,2006-6-22,0.284096
CAT,18542,QMLE-Quote,2006-6-23,0.321323
CAT,18542,QMLE-Quote,2006-6-26,0.227829
CAT,18542,QMLE-Quote,2006-6-27,0.292209
CAT,18542,QMLE-Quote,2006-6-28,0.235142
CAT,18542,QMLE-Quote,2006-6-29,0.256032
CAT,18542,QMLE-Quote,2006-6-30,0.221421
CAT,18542,QMLE-Quote,2006-7-3,0.160285
CAT,18542,QMLE-Quote,2006-7-5,0.193109
CAT,18542,QMLE-Quote,2006-7-6,0.226754
CAT,18542,QMLE-Quote,2006-7-7,0.254667
CAT,18542,QMLE-Quote,2006-7-10,0.229496
CAT,18542,QMLE-Quote,2006-7-11,0.250912
CAT,18542,QMLE-Quote,2006-7-12,0.213677
CAT,18542,QMLE-Quote,2006-7-13,0.243177
CAT,18542,QMLE-Quote,2006-7-14,0.243177
CAT,18542,QMLE-Quote,2006-7-17,0.266963
CAT,18542,QMLE-Quote,2006-7-18,0.370978
CAT,18542,QMLE-Quote,2006-7-19,0.38936
CAT,18542,QMLE-Quote,2006-7-20,0.353857
CAT,18542,QMLE-Quote,2006-7-21,0.516882
CAT,18542,QMLE-Quote,2006-7-24,0.318958
CAT,18542,QMLE-Quote,2006-7-25,0.283006
CAT,18542,QMLE-Quote,2006-7-26,0.253179
CAT,18542,QMLE-Quote,2006-7-27,0.319858
CAT,18542,QMLE-Quote,2006-7-28,0.283031
CAT,18542,QMLE-Quote,2006-7-31,0.217423
CAT,18542,QMLE-Quote,2006-8-1,0.223371
CAT,18542,QMLE-Quote,2006-8-2,0.2591
CAT,18542,QMLE-Quote,2006-8-3,0.212616
CAT,18542,QMLE-Quote,2006-8-4,0.261663
CAT,18542,QMLE-Quote,2006-8-7,0.238335
CAT,18542,QMLE-Quote,2006-8-8,0.27196
CAT,18542,QMLE-Quote,2006-8-9,0.318136
CAT,18542,QMLE-Quote,2006-8-10,0.264366
CAT,18542,QMLE-Quote,2006-8-11,0.244162
CAT,18542,QMLE-Quote,2006-8-14,0.275658
CAT,18542,QMLE-Quote,2006-8-15,0.225187
CAT,18542,QMLE-Quote,2006-8-16,0.22926
CAT,18542,QMLE-Quote,2006-8-17,0.198099
CAT,18542,QMLE-Quote,2006-8-18,0.252214
CAT,18542,QMLE-Quote,2006-8-21,0.188701
CAT,18542,QMLE-Quote,2006-8-22,0.225781
CAT,18542,QMLE-Quote,2006-8-23,0.201794
CAT,18542,QMLE-Quote,2006-8-24,0.220223
CAT,18542,QMLE-Quote,2006-8-25,0.190776
CAT,18542,QMLE-Quote,2006-8-28,0.197658
CAT,18542,QMLE-Quote,2006-8-29,0.245241
CAT,18542,QMLE-Quote,2006-8-30,0.193698
CAT,18542,QMLE-Quote,2006-8-31,0.167599
CAT,18542,QMLE-Quote,2006-9-1,0.168061
CAT,18542,QMLE-Quote,2006-9-5,0.24655
CAT,18542,QMLE-Quote,2006-9-6,0.223531
CAT,18542,QMLE-Quote,2006-9-7,0.198577
CAT,18542,QMLE-Quote,2006-9-8,0.146527
CAT,18542,QMLE-Quote,2006-9-11,0.196803
CAT,18542,QMLE-Quote,2006-9-12,0.211835
CAT,18542,QMLE-Quote,2006-9-13,0.206445
CAT,18542,QMLE-Quote,2006-9-14,0.20188
CAT,18542,QMLE-Quote,2006-9-15,0.19111
CAT,18542,QMLE-Quote,2006-9-18,0.217379
CAT,18542,QMLE-Quote,2006-9-19,0.238314
CAT,18542,QMLE-Quote,2006-9-20,0.196025
CAT,18542,QMLE-Quote,2006-9-21,0.232158
CAT,18542,QMLE-Quote,2006-9-22,0.256075
CAT,18542,QMLE-Quote,2006-9-25,0.279435
CAT,18542,QMLE-Quote,2006-9-26,0.247685
CAT,18542,QMLE-Quote,2006-9-27,0.335858
CAT,18542,QMLE-Quote,2006-9-28,0.274193
CAT,18542,QMLE-Quote,2006-9-29,0.237807
CAT,18542,QMLE-Quote,2006-10-2,0.18621
CAT,18542,QMLE-Quote,2006-10-3,0.246893
CAT,18542,QMLE-Quote,2006-10-4,0.22324
CAT,18542,QMLE-Quote,2006-10-5,0.259225
CAT,18542,QMLE-Quote,2006-10-6,0.256093
CAT,18542,QMLE-Quote,2006-10-9,0.218692
CAT,18542,QMLE-Quote,2006-10-10,0.255859
CAT,18542,QMLE-Quote,2006-10-11,0.249792
CAT,18542,QMLE-Quote,2006-10-12,0.18898
CAT,18542,QMLE-Quote,2006-10-13,0.164812
CAT,18542,QMLE-Quote,2006-10-16,0.175332
CAT,18542,QMLE-Quote,2006-10-17,0.207341
CAT,18542,QMLE-Quote,2006-10-18,0.243127
CAT,18542,QMLE-Quote,2006-10-19,0.205997
CAT,18542,QMLE-Quote,2006-10-20,0.428746
CAT,18542,QMLE-Quote,2006-10-23,0.22421
CAT,18542,QMLE-Quote,2006-10-24,0.187567
CAT,18542,QMLE-Quote,2006-10-25,0.178988
CAT,18542,QMLE-Quote,2006-10-26,0.170564
CAT,18542,QMLE-Quote,2006-10-27,0.166329
CAT,18542,QMLE-Quote,2006-10-30,0.214483
CAT,18542,QMLE-Quote,2006-10-31,0.148612
CAT,18542,QMLE-Quote,2006-11-1,0.154795
CAT,18542,QMLE-Quote,2006-11-2,0.185629
CAT,18542,QMLE-Quote,2006-11-3,0.180504
CAT,18542,QMLE-Quote,2006-11-6,0.142428
CAT,18542,QMLE-Quote,2006-11-7,0.125167
CAT,18542,QMLE-Quote,2006-11-8,0.182701
CAT,18542,QMLE-Quote,2006-11-9,0.182392
CAT,18542,QMLE-Quote,2006-11-10,0.16168
CAT,18542,QMLE-Quote,2006-11-13,0.204398
CAT,18542,QMLE-Quote,2006-11-14,0.192036
CAT,18542,QMLE-Quote,2006-11-15,0.171487
CAT,18542,QMLE-Quote,2006-11-16,0.155538
CAT,18542,QMLE-Quote,2006-11-17,0.206994
CAT,18542,QMLE-Quote,2006-11-20,0.16115
CAT,18542,QMLE-Quote,2006-11-21,0.259903
CAT,18542,QMLE-Quote,2006-11-22,0.195692
CAT,18542,QMLE-Quote,2006-11-24,0.181638
CAT,18542,QMLE-Quote,2006-11-27,0.195066
CAT,18542,QMLE-Quote,2006-11-28,0.222581
CAT,18542,QMLE-Quote,2006-11-29,0.193235
CAT,18542,QMLE-Quote,2006-11-30,0.242054
CAT,18542,QMLE-Quote,2006-12-1,0.213704
CAT,18542,QMLE-Quote,2006-12-4,0.1356
CAT,18542,QMLE-Quote,2006-12-5,0.198855
CAT,18542,QMLE-Quote,2006-12-6,0.168302
CAT,18542,QMLE-Quote,2006-12-7,0.174537
CAT,18542,QMLE-Quote,2006-12-8,0.181986
CAT,18542,QMLE-Quote,2006-12-11,0.17215
CAT,18542,QMLE-Quote,2006-12-12,0.265325
CAT,18542,QMLE-Quote,2006-12-13,0.160156
CAT,18542,QMLE-Quote,2006-12-14,0.17023
CAT,18542,QMLE-Quote,2006-12-15,0.19701
CAT,18542,QMLE-Quote,2006-12-18,0.153603
CAT,18542,QMLE-Quote,2006-12-19,0.164663
CAT,18542,QMLE-Quote,2006-12-20,0.164024
CAT,18542,QMLE-Quote,2006-12-21,0.137891
CAT,18542,QMLE-Quote,2006-12-22,0.135053
CAT,18542,QMLE-Quote,2006-12-26,0.14351
CAT,18542,QMLE-Quote,2006-12-27,0.101543
CAT,18542,QMLE-Quote,2006-12-28,0.135008
CAT,18542,QMLE-Quote,2006-12-29,0.103553
CAT,18542,QMLE-Quote,2007-1-3,0.23149
CAT,18542,QMLE-Quote,2007-1-4,0.138931
CAT,18542,QMLE-Quote,2007-1-5,0.159222
CAT,18542,QMLE-Quote,2007-1-8,0.145438
CAT,18542,QMLE-Quote,2007-1-9,0.140926
CAT,18542,QMLE-Quote,2007-1-10,0.162003
CAT,18542,QMLE-Quote,2007-1-11,0.137095
CAT,18542,QMLE-Quote,2007-1-12,0.136818
CAT,18542,QMLE-Quote,2007-1-16,0.136883
CAT,18542,QMLE-Quote,2007-1-17,0.190614
CAT,18542,QMLE-Quote,2007-1-18,0.179041
CAT,18542,QMLE-Quote,2007-1-19,0.113911
CAT,18542,QMLE-Quote,2007-1-22,0.15851
CAT,18542,QMLE-Quote,2007-1-23,0.173054
CAT,18542,QMLE-Quote,2007-1-24,0.164039
CAT,18542,QMLE-Quote,2007-1-25,0.158727
CAT,18542,QMLE-Quote,2007-1-26,0.233567
CAT,18542,QMLE-Quote,2007-1-29,0.172338
CAT,18542,QMLE-Quote,2007-1-30,0.13292
CAT,18542,QMLE-Quote,2007-1-31,0.173606
CAT,18542,QMLE-Quote,2007-2-1,0.17434
CAT,18542,QMLE-Quote,2007-2-2,0.139369
CAT,18542,QMLE-Quote,2007-2-5,0.162697
CAT,18542,QMLE-Quote,2007-2-6,0.109578
CAT,18542,QMLE-Quote,2007-2-7,0.121248
CAT,18542,QMLE-Quote,2007-2-8,0.170103
CAT,18542,QMLE-Quote,2007-2-9,0.14302
CAT,18542,QMLE-Quote,2007-2-12,0.13315
CAT,18542,QMLE-Quote,2007-2-13,0.13814
CAT,18542,QMLE-Quote,2007-2-14,0.180432
CAT,18542,QMLE-Quote,2007-2-15,0.258734
CAT,18542,QMLE-Quote,2007-2-16,0.138801
CAT,18542,QMLE-Quote,2007-2-20,0.143809
CAT,18542,QMLE-Quote,2007-2-21,0.17291
CAT,18542,QMLE-Quote,2007-2-22,0.15466
CAT,18542,QMLE-Quote,2007-2-23,0.126148
CAT,18542,QMLE-Quote,2007-2-26,0.0963701
CAT,18542,QMLE-Quote,2007-2-27,0.343795
CAT,18542,QMLE-Quote,2007-2-28,0.263564
CAT,18542,QMLE-Quote,2007-3-1,0.298107
CAT,18542,QMLE-Quote,2007-3-2,0.218155
CAT,18542,QMLE-Quote,2007-3-5,0.243064
CAT,18542,QMLE-Quote,2007-3-6,0.206987
CAT,18542,QMLE-Quote,2007-3-7,0.202176
CAT,18542,QMLE-Quote,2007-3-8,0.158993
CAT,18542,QMLE-Quote,2007-3-9,0.209179
CAT,18542,QMLE-Quote,2007-3-12,0.146668
CAT,18542,QMLE-Quote,2007-3-13,0.196856
CAT,18542,QMLE-Quote,2007-3-14,0.22336
CAT,18542,QMLE-Quote,2007-3-15,0.18132
CAT,18542,QMLE-Quote,2007-3-16,0.184159
CAT,18542,QMLE-Quote,2007-3-19,0.168777
CAT,18542,QMLE-Quote,2007-3-20,0.140445
CAT,18542,QMLE-Quote,2007-3-21,0.149883
CAT,18542,QMLE-Quote,2007-3-22,0.142662
CAT,18542,QMLE-Quote,2007-3-23,0.144
CAT,18542,QMLE-Quote,2007-3-26,0.149109
CAT,18542,QMLE-Quote,2007-3-27,0.129588
CAT,18542,QMLE-Quote,2007-3-28,0.165704
CAT,18542,QMLE-Quote,2007-3-29,0.175304
CAT,18542,QMLE-Quote,2007-3-30,0.194585
CAT,18542,QMLE-Quote,2007-4-2,0.201656
CAT,18542,QMLE-Quote,2007-4-3,0.160824
CAT,18542,QMLE-Quote,2007-4-4,0.128391
CAT,18542,QMLE-Quote,2007-4-5,0.11174
CAT,18542,QMLE-Quote,2007-4-9,0.111237
CAT,18542,QMLE-Quote,2007-4-10,0.151825
CAT,18542,QMLE-Quote,2007-4-11,0.172402
CAT,18542,QMLE-Quote,2007-4-12,0.140517
CAT,18542,QMLE-Quote,2007-4-13,0.153769
CAT,18542,QMLE-Quote,2007-4-16,0.112021
CAT,18542,QMLE-Quote,2007-4-17,0.0984628
CAT,18542,QMLE-Quote,2007-4-18,0.189489
CAT,18542,QMLE-Quote,2007-4-19,0.210549
CAT,18542,QMLE-Quote,2007-4-20,0.333946
CAT,18542,QMLE-Quote,2007-4-23,0.212374
CAT,18542,QMLE-Quote,2007-4-24,0.150647
CAT,18542,QMLE-Quote,2007-4-25,0.158962
CAT,18542,QMLE-Quote,2007-4-26,0.147871
CAT,18542,QMLE-Quote,2007-4-27,0.174577
CAT,18542,QMLE-Quote,2007-4-30,0.166057
CAT,18542,QMLE-Quote,2007-5-1,0.232077
CAT,18542,QMLE-Quote,2007-5-2,0.164105
CAT,18542,QMLE-Quote,2007-5-3,0.145396
CAT,18542,QMLE-Quote,2007-5-4,0.149325
CAT,18542,QMLE-Quote,2007-5-7,0.134064
CAT,18542,QMLE-Quote,2007-5-8,0.141499
CAT,18542,QMLE-Quote,2007-5-9,0.167372
CAT,18542,QMLE-Quote,2007-5-10,0.18286
CAT,18542,QMLE-Quote,2007-5-11,0.16521
CAT,18542,QMLE-Quote,2007-5-14,0.156144
CAT,18542,QMLE-Quote,2007-5-15,0.193594
CAT,18542,QMLE-Quote,2007-5-16,0.21776
CAT,18542,QMLE-Quote,2007-5-17,0.229026
CAT,18542,QMLE-Quote,2007-5-18,0.155799
CAT,18542,QMLE-Quote,2007-5-21,0.142068
CAT,18542,QMLE-Quote,2007-5-22,0.14934
CAT,18542,QMLE-Quote,2007-5-23,0.162364
CAT,18542,QMLE-Quote,2007-5-24,0.170724
CAT,18542,QMLE-Quote,2007-5-25,0.182253
CAT,18542,QMLE-Quote,2007-5-29,0.124041
CAT,18542,QMLE-Quote,2007-5-30,0.2372
CAT,18542,QMLE-Quote,2007-5-31,0.160361
CAT,18542,QMLE-Quote,2007-6-1,0.157426
CAT,18542,QMLE-Quote,2007-6-4,0.150664
CAT,18542,QMLE-Quote,2007-6-5,0.183759
CAT,18542,QMLE-Quote,2007-6-6,0.1732
CAT,18542,QMLE-Quote,2007-6-7,0.209672
CAT,18542,QMLE-Quote,2007-6-8,0.174738
CAT,18542,QMLE-Quote,2007-6-11,0.172127
CAT,18542,QMLE-Quote,2007-6-12,0.19575
CAT,18542,QMLE-Quote,2007-6-13,0.206183
CAT,18542,QMLE-Quote,2007-6-14,0.165932
CAT,18542,QMLE-Quote,2007-6-15,0.133848
CAT,18542,QMLE-Quote,2007-6-18,0.147849
CAT,18542,QMLE-Quote,2007-6-19,0.213883
CAT,18542,QMLE-Quote,2007-6-20,0.202375
CAT,18542,QMLE-Quote,2007-6-21,0.229159
CAT,18542,QMLE-Quote,2007-6-22,0.194156
CAT,18542,QMLE-Quote,2007-6-25,0.201364
CAT,18542,QMLE-Quote,2007-6-26,0.197081
CAT,18542,QMLE-Quote,2007-6-27,0.206684
CAT,18542,QMLE-Quote,2007-6-28,0.207729
CAT,18542,QMLE-Quote,2007-6-29,0.200022
CAT,18542,QMLE-Quote,2007-7-2,0.164092
CAT,18542,QMLE-Quote,2007-7-3,0.229401
CAT,18542,QMLE-Quote,2007-7-5,0.172199
CAT,18542,QMLE-Quote,2007-7-6,0.148761
CAT,18542,QMLE-Quote,2007-7-9,0.171217
CAT,18542,QMLE-Quote,2007-7-10,0.193423
CAT,18542,QMLE-Quote,2007-7-11,0.143278
CAT,18542,QMLE-Quote,2007-7-12,0.17195
CAT,18542,QMLE-Quote,2007-7-13,0.194035
CAT,18542,QMLE-Quote,2007-7-16,0.190995
CAT,18542,QMLE-Quote,2007-7-17,0.170848
CAT,18542,QMLE-Quote,2007-7-18,0.227857
CAT,18542,QMLE-Quote,2007-7-19,0.163088
CAT,18542,QMLE-Quote,2007-7-20,0.361346
CAT,18542,QMLE-Quote,2007-7-23,0.212475
CAT,18542,QMLE-Quote,2007-7-24,0.225933
CAT,18542,QMLE-Quote,2007-7-25,0.242367
CAT,18542,QMLE-Quote,2007-7-26,0.377665
CAT,18542,QMLE-Quote,2007-7-27,0.422838
CAT,18542,QMLE-Quote,2007-7-30,0.244123
CAT,18542,QMLE-Quote,2007-7-31,0.23645
CAT,18542,QMLE-Quote,2007-8-1,0.339628
CAT,18542,QMLE-Quote,2007-8-2,0.231936
CAT,18542,QMLE-Quote,2007-8-3,0.249272
CAT,18542,QMLE-Quote,2007-8-6,0.403309
CAT,18542,QMLE-Quote,2007-8-7,0.382429
CAT,18542,QMLE-Quote,2007-8-8,0.368198
CAT,18542,QMLE-Quote,2007-8-9,0.343477
CAT,18542,QMLE-Quote,2007-8-10,0.438458
CAT,18542,QMLE-Quote,2007-8-13,0.260986
CAT,18542,QMLE-Quote,2007-8-14,0.257433
CAT,18542,QMLE-Quote,2007-8-15,0.363068
CAT,18542,QMLE-Quote,2007-8-16,0.559423
CAT,18542,QMLE-Quote,2007-8-17,0.428731
CAT,18542,QMLE-Quote,2007-8-20,0.283846
CAT,18542,QMLE-Quote,2007-8-21,0.288778
CAT,18542,QMLE-Quote,2007-8-22,0.227522
CAT,18542,QMLE-Quote,2007-8-23,0.249591
CAT,18542,QMLE-Quote,2007-8-24,0.195388
CAT,18542,QMLE-Quote,2007-8-27,0.203401
CAT,18542,QMLE-Quote,2007-8-28,0.16457
CAT,18542,QMLE-Quote,2007-8-29,0.245869
CAT,18542,QMLE-Quote,2007-8-30,0.273744
CAT,18542,QMLE-Quote,2007-8-31,0.242719
CAT,18542,QMLE-Quote,2007-9-4,0.195185
CAT,18542,QMLE-Quote,2007-9-5,0.228501
CAT,18542,QMLE-Quote,2007-9-6,0.234639
CAT,18542,QMLE-Quote,2007-9-7,0.241578
CAT,18542,QMLE-Quote,2007-9-10,0.232106
CAT,18542,QMLE-Quote,2007-9-11,0.229457
CAT,18542,QMLE-Quote,2007-9-12,0.227974
CAT,18542,QMLE-Quote,2007-9-13,0.174245
CAT,18542,QMLE-Quote,2007-9-14,0.196845
CAT,18542,QMLE-Quote,2007-9-17,0.219001
CAT,18542,QMLE-Quote,2007-9-18,0.263915
CAT,18542,QMLE-Quote,2007-9-19,0.295795
CAT,18542,QMLE-Quote,2007-9-20,0.185921
CAT,18542,QMLE-Quote,2007-9-21,0.165234
CAT,18542,QMLE-Quote,2007-9-24,0.272487
CAT,18542,QMLE-Quote,2007-9-25,0.22506
CAT,18542,QMLE-Quote,2007-9-26,0.216624
CAT,18542,QMLE-Quote,2007-9-27,0.216
CAT,18542,QMLE-Quote,2007-9-28,0.20434
CAT,18542,QMLE-Quote,2007-10-1,0.1634
CAT,18542,QMLE-Quote,2007-10-2,0.191185
CAT,18542,QMLE-Quote,2007-10-3,0.190244
CAT,18542,QMLE-Quote,2007-10-4,0.210651
CAT,18542,QMLE-Quote,2007-10-5,0.208497
CAT,18542,QMLE-Quote,2007-10-8,0.152646
CAT,18542,QMLE-Quote,2007-10-9,0.190418
CAT,18542,QMLE-Quote,2007-10-10,0.183637
CAT,18542,QMLE-Quote,2007-10-11,0.304799
CAT,18542,QMLE-Quote,2007-10-12,0.277601
CAT,18542,QMLE-Quote,2007-10-15,0.28561
CAT,18542,QMLE-Quote,2007-10-16,0.249986
CAT,18542,QMLE-Quote,2007-10-17,0.287093
CAT,18542,QMLE-Quote,2007-10-18,0.299244
CAT,18542,QMLE-Quote,2007-10-19,0.339184
CAT,18542,QMLE-Quote,2007-10-22,0.367243
CAT,18542,QMLE-Quote,2007-10-23,0.25014
CAT,18542,QMLE-Quote,2007-10-24,0.304991
CAT,18542,QMLE-Quote,2007-10-25,0.302001
CAT,18542,QMLE-Quote,2007-10-26,0.275427
CAT,18542,QMLE-Quote,2007-10-29,0.146607
CAT,18542,QMLE-Quote,2007-10-30,0.255563
CAT,18542,QMLE-Quote,2007-10-31,0.290269
CAT,18542,QMLE-Quote,2007-11-1,0.25996
CAT,18542,QMLE-Quote,2007-11-2,0.32908
CAT,18542,QMLE-Quote,2007-11-5,0.253988
CAT,18542,QMLE-Quote,2007-11-6,0.233175
CAT,18542,QMLE-Quote,2007-11-7,0.249814
CAT,18542,QMLE-Quote,2007-11-8,0.267801
CAT,18542,QMLE-Quote,2007-11-9,0.353267
CAT,18542,QMLE-Quote,2007-11-12,0.235947
CAT,18542,QMLE-Quote,2007-11-13,0.285151
CAT,18542,QMLE-Quote,2007-11-14,0.25038
CAT,18542,QMLE-Quote,2007-11-15,0.239129
CAT,18542,QMLE-Quote,2007-11-16,0.27349
CAT,18542,QMLE-Quote,2007-11-19,0.242196
CAT,18542,QMLE-Quote,2007-11-20,0.296455
CAT,18542,QMLE-Quote,2007-11-21,0.309931
CAT,18542,QMLE-Quote,2007-11-23,0.203868
CAT,18542,QMLE-Quote,2007-11-26,0.27827
CAT,18542,QMLE-Quote,2007-11-27,0.250973
CAT,18542,QMLE-Quote,2007-11-28,0.262107
CAT,18542,QMLE-Quote,2007-11-29,0.257765
CAT,18542,QMLE-Quote,2007-11-30,0.248192
CAT,18542,QMLE-Quote,2007-12-3,0.23639
CAT,18542,QMLE-Quote,2007-12-4,0.19519
CAT,18542,QMLE-Quote,2007-12-5,0.198009
CAT,18542,QMLE-Quote,2007-12-6,0.170927
CAT,18542,QMLE-Quote,2007-12-7,0.231427
CAT,18542,QMLE-Quote,2007-12-10,0.217879
CAT,18542,QMLE-Quote,2007-12-11,0.236613
CAT,18542,QMLE-Quote,2007-12-12,0.279103
CAT,18542,QMLE-Quote,2007-12-13,0.234458
CAT,18542,QMLE-Quote,2007-12-14,0.181522
CAT,18542,QMLE-Quote,2007-12-17,0.202726
CAT,18542,QMLE-Quote,2007-12-18,0.258827
CAT,18542,QMLE-Quote,2007-12-19,0.227865
CAT,18542,QMLE-Quote,2007-12-20,0.224589
CAT,18542,QMLE-Quote,2007-12-21,0.19555
CAT,18542,QMLE-Quote,2007-12-24,0.294772
CAT,18542,QMLE-Quote,2007-12-26,0.155613
CAT,18542,QMLE-Quote,2007-12-27,0.206445
CAT,18542,QMLE-Quote,2007-12-28,0.202756
CAT,18542,QMLE-Quote,2007-12-31,0.179641
CAT,18542,QMLE-Quote,2008-1-2,0.248013
CAT,18542,QMLE-Quote,2008-1-3,0.293941
CAT,18542,QMLE-Quote,2008-1-4,0.266126
CAT,18542,QMLE-Quote,2008-1-7,0.265168
CAT,18542,QMLE-Quote,2008-1-8,0.235884
CAT,18542,QMLE-Quote,2008-1-9,0.355378
CAT,18542,QMLE-Quote,2008-1-10,0.366972
CAT,18542,QMLE-Quote,2008-1-11,0.378413
CAT,18542,QMLE-Quote,2008-1-14,0.254233
CAT,18542,QMLE-Quote,2008-1-15,0.244867
CAT,18542,QMLE-Quote,2008-1-16,0.346457
CAT,18542,QMLE-Quote,2008-1-17,0.348127
CAT,18542,QMLE-Quote,2008-1-18,0.542134
CAT,18542,QMLE-Quote,2008-1-22,0.608863
CAT,18542,QMLE-Quote,2008-1-23,0.61932
CAT,18542,QMLE-Quote,2008-1-24,0.471653
CAT,18542,QMLE-Quote,2008-1-25,0.498948
CAT,18542,QMLE-Quote,2008-1-28,0.361434
CAT,18542,QMLE-Quote,2008-1-29,0.293195
CAT,18542,QMLE-Quote,2008-1-30,0.37327
CAT,18542,QMLE-Quote,2008-1-31,0.415424
CAT,18542,QMLE-Quote,2008-2-1,0.334375
CAT,18542,QMLE-Quote,2008-2-4,0.242786
CAT,18542,QMLE-Quote,2008-2-5,0.260339
CAT,18542,QMLE-Quote,2008-2-6,0.290328
CAT,18542,QMLE-Quote,2008-2-7,0.326857
CAT,18542,QMLE-Quote,2008-2-8,0.318036
CAT,18542,QMLE-Quote,2008-2-11,0.311816
CAT,18542,QMLE-Quote,2008-2-12,0.29292
CAT,18542,QMLE-Quote,2008-2-13,0.320721
CAT,18542,QMLE-Quote,2008-2-14,0.264365
CAT,18542,QMLE-Quote,2008-2-15,0.251563
CAT,18542,QMLE-Quote,2008-2-19,0.250139
CAT,18542,QMLE-Quote,2008-2-20,0.287477
CAT,18542,QMLE-Quote,2008-2-21,0.263004
CAT,18542,QMLE-Quote,2008-2-22,0.305794
CAT,18542,QMLE-Quote,2008-2-25,0.324657
CAT,18542,QMLE-Quote,2008-2-26,0.280592
CAT,18542,QMLE-Quote,2008-2-27,0.250474
CAT,18542,QMLE-Quote,2008-2-28,0.243092
CAT,18542,QMLE-Quote,2008-2-29,0.205587
CAT,18542,QMLE-Quote,2008-3-3,0.239832
CAT,18542,QMLE-Quote,2008-3-4,0.274799
CAT,18542,QMLE-Quote,2008-3-5,0.284289
CAT,18542,QMLE-Quote,2008-3-6,0.281889
CAT,18542,QMLE-Quote,2008-3-7,0.303004
CAT,18542,QMLE-Quote,2008-3-10,0.278759
CAT,18542,QMLE-Quote,2008-3-11,0.301517
CAT,18542,QMLE-Quote,2008-3-12,0.319887
CAT,18542,QMLE-Quote,2008-3-13,0.411153
CAT,18542,QMLE-Quote,2008-3-14,0.467514
CAT,18542,QMLE-Quote,2008-3-17,0.45894
CAT,18542,QMLE-Quote,2008-3-18,0.303535
CAT,18542,QMLE-Quote,2008-3-19,0.353638
CAT,18542,QMLE-Quote,2008-3-20,0.319642
CAT,18542,QMLE-Quote,2008-3-24,0.244321
CAT,18542,QMLE-Quote,2008-3-25,0.272074
CAT,18542,QMLE-Quote,2008-3-26,0.247216
CAT,18542,QMLE-Quote,2008-3-27,0.235077
CAT,18542,QMLE-Quote,2008-3-28,0.218148
CAT,18542,QMLE-Quote,2008-3-31,0.201211
CAT,18542,QMLE-Quote,2008-4-1,0.213982
CAT,18542,QMLE-Quote,2008-4-2,0.204694
CAT,18542,QMLE-Quote,2008-4-3,0.238705
CAT,18542,QMLE-Quote,2008-4-4,0.226461
CAT,18542,QMLE-Quote,2008-4-7,0.196971
CAT,18542,QMLE-Quote,2008-4-8,0.201234
CAT,18542,QMLE-Quote,2008-4-9,0.189889
CAT,18542,QMLE-Quote,2008-4-10,0.218112
CAT,18542,QMLE-Quote,2008-4-11,0.200602
CAT,18542,QMLE-Quote,2008-4-14,0.220101
CAT,18542,QMLE-Quote,2008-4-15,0.232307
CAT,18542,QMLE-Quote,2008-4-16,0.19569
CAT,18542,QMLE-Quote,2008-4-17,0.305127
CAT,18542,QMLE-Quote,2008-4-18,0.318045
CAT,18542,QMLE-Quote,2008-4-21,0.240792
CAT,18542,QMLE-Quote,2008-4-22,0.201234
CAT,18542,QMLE-Quote,2008-4-23,0.242152
CAT,18542,QMLE-Quote,2008-4-24,0.29515
CAT,18542,QMLE-Quote,2008-4-25,0.254834
CAT,18542,QMLE-Quote,2008-4-28,0.216841
CAT,18542,QMLE-Quote,2008-4-29,0.218376
CAT,18542,QMLE-Quote,2008-4-30,0.289791
CAT,18542,QMLE-Quote,2008-5-1,0.258777
CAT,18542,QMLE-Quote,2008-5-2,0.253159
CAT,18542,QMLE-Quote,2008-5-5,0.193551
CAT,18542,QMLE-Quote,2008-5-6,0.154832
CAT,18542,QMLE-Quote,2008-5-7,0.193626
CAT,18542,QMLE-Quote,2008-5-8,0.178085
CAT,18542,QMLE-Quote,2008-5-9,0.18125
CAT,18542,QMLE-Quote,2008-5-12,0.173691
CAT,18542,QMLE-Quote,2008-5-13,0.185046
CAT,18542,QMLE-Quote,2008-5-14,0.244476
CAT,18542,QMLE-Quote,2008-5-15,0.328144
CAT,18542,QMLE-Quote,2008-5-16,0.164961
CAT,18542,QMLE-Quote,2008-5-19,0.202927
CAT,18542,QMLE-Quote,2008-5-20,0.238705
CAT,18542,QMLE-Quote,2008-5-21,0.23807
CAT,18542,QMLE-Quote,2008-5-22,0.222861
CAT,18542,QMLE-Quote,2008-5-23,0.230499
CAT,18542,QMLE-Quote,2008-5-27,0.163931
CAT,18542,QMLE-Quote,2008-5-28,0.211601
CAT,18542,QMLE-Quote,2008-5-29,0.208644
CAT,18542,QMLE-Quote,2008-5-30,0.172648
CAT,18542,QMLE-Quote,2008-6-2,0.152798
CAT,18542,QMLE-Quote,2008-6-3,0.188937
CAT,18542,QMLE-Quote,2008-6-4,0.2033
CAT,18542,QMLE-Quote,2008-6-5,0.177679
CAT,18542,QMLE-Quote,2008-6-6,0.215078
CAT,18542,QMLE-Quote,2008-6-9,0.236833
CAT,18542,QMLE-Quote,2008-6-10,0.218535
CAT,18542,QMLE-Quote,2008-6-11,0.255699
CAT,18542,QMLE-Quote,2008-6-12,0.244558
CAT,18542,QMLE-Quote,2008-6-13,0.21014
CAT,18542,QMLE-Quote,2008-6-16,0.202899
CAT,18542,QMLE-Quote,2008-6-17,0.20007
CAT,18542,QMLE-Quote,2008-6-18,0.239627
CAT,18542,QMLE-Quote,2008-6-19,0.232952
CAT,18542,QMLE-Quote,2008-6-20,0.206728
CAT,18542,QMLE-Quote,2008-6-23,0.169689
CAT,18542,QMLE-Quote,2008-6-24,0.231838
CAT,18542,QMLE-Quote,2008-6-25,0.244936
CAT,18542,QMLE-Quote,2008-6-26,0.310499
CAT,18542,QMLE-Quote,2008-6-27,0.210305
CAT,18542,QMLE-Quote,2008-6-30,0.285461
CAT,18542,QMLE-Quote,2008-7-1,0.367766
CAT,18542,QMLE-Quote,2008-7-2,0.284049
CAT,18542,QMLE-Quote,2008-7-3,0.332802
CAT,18542,QMLE-Quote,2008-7-7,0.287164
CAT,18542,QMLE-Quote,2008-7-8,0.358918
CAT,18542,QMLE-Quote,2008-7-9,0.271447
CAT,18542,QMLE-Quote,2008-7-10,0.390378
CAT,18542,QMLE-Quote,2008-7-11,0.453009
CAT,18542,QMLE-Quote,2008-7-14,0.329325
CAT,18542,QMLE-Quote,2008-7-15,0.419921
CAT,18542,QMLE-Quote,2008-7-16,0.428984
CAT,18542,QMLE-Quote,2008-7-17,0.38561
CAT,18542,QMLE-Quote,2008-7-18,0.293516
CAT,18542,QMLE-Quote,2008-7-21,0.309801
CAT,18542,QMLE-Quote,2008-7-22,0.431962
CAT,18542,QMLE-Quote,2008-7-23,0.352666
CAT,18542,QMLE-Quote,2008-7-24,0.320662
CAT,18542,QMLE-Quote,2008-7-25,0.335434
CAT,18542,QMLE-Quote,2008-7-28,0.342862
CAT,18542,QMLE-Quote,2008-7-29,0.33437
CAT,18542,QMLE-Quote,2008-7-30,0.286487
CAT,18542,QMLE-Quote,2008-7-31,0.268116
CAT,18542,QMLE-Quote,2008-8-1,0.288221
CAT,18542,QMLE-Quote,2008-8-4,0.272242
CAT,18542,QMLE-Quote,2008-8-5,0.275141
CAT,18542,QMLE-Quote,2008-8-6,0.311213
CAT,18542,QMLE-Quote,2008-8-7,0.202639
CAT,18542,QMLE-Quote,2008-8-8,0.311473
CAT,18542,QMLE-Quote,2008-8-11,0.271725
CAT,18542,QMLE-Quote,2008-8-12,0.284355
CAT,18542,QMLE-Quote,2008-8-13,0.539599
CAT,18542,QMLE-Quote,2008-8-14,0.303448
CAT,18542,QMLE-Quote,2008-8-15,0.286122
CAT,18542,QMLE-Quote,2008-8-18,0.253514
CAT,18542,QMLE-Quote,2008-8-19,0.23212
CAT,18542,QMLE-Quote,2008-8-20,0.283455
CAT,18542,QMLE-Quote,2008-8-21,0.302073
CAT,18542,QMLE-Quote,2008-8-22,0.276221
CAT,18542,QMLE-Quote,2008-8-25,0.197965
CAT,18542,QMLE-Quote,2008-8-26,0.234943
CAT,18542,QMLE-Quote,2008-8-27,0.223951
CAT,18542,QMLE-Quote,2008-8-28,0.201143
CAT,18542,QMLE-Quote,2008-8-29,0.233653
CAT,18542,QMLE-Quote,2008-9-2,0.26762
CAT,18542,QMLE-Quote,2008-9-3,0.260145
CAT,18542,QMLE-Quote,2008-9-4,0.390743
CAT,18542,QMLE-Quote,2008-9-5,0.289542
CAT,18542,QMLE-Quote,2008-9-8,0.432733
CAT,18542,QMLE-Quote,2008-9-9,0.336884
CAT,18542,QMLE-Quote,2008-9-10,0.380873
CAT,18542,QMLE-Quote,2008-9-11,0.446172
CAT,18542,QMLE-Quote,2008-9-12,0.404255
CAT,18542,QMLE-Quote,2008-9-15,0.493329
CAT,18542,QMLE-Quote,2008-9-16,0.748698
CAT,18542,QMLE-Quote,2008-9-17,0.710108
CAT,18542,QMLE-Quote,2008-9-18,0.704292
CAT,18542,QMLE-Quote,2008-9-19,1.12581
CAT,18542,QMLE-Quote,2008-9-22,0.609061
CAT,18542,QMLE-Quote,2008-9-23,0.66518
CAT,18542,QMLE-Quote,2008-9-24,0.408184
CAT,18542,QMLE-Quote,2008-9-25,0.438934
CAT,18542,QMLE-Quote,2008-9-26,0.4039
CAT,18542,QMLE-Quote,2008-9-29,0.911673
CAT,18542,QMLE-Quote,2008-9-30,0.432113
CAT,18542,QMLE-Quote,2008-10-1,0.609168
CAT,18542,QMLE-Quote,2008-10-2,0.63362
CAT,18542,QMLE-Quote,2008-10-3,0.767095
CAT,18542,QMLE-Quote,2008-10-6,1.08656
CAT,18542,QMLE-Quote,2008-10-7,1.06711
CAT,18542,QMLE-Quote,2008-10-8,1.28027
CAT,18542,QMLE-Quote,2008-10-9,1.05968
CAT,18542,QMLE-Quote,2008-10-10,2.13034
CAT,18542,QMLE-Quote,2008-10-13,0.858655
CAT,18542,QMLE-Quote,2008-10-14,1.24162
CAT,18542,QMLE-Quote,2008-10-15,0.980466
CAT,18542,QMLE-Quote,2008-10-16,1.31229
CAT,18542,QMLE-Quote,2008-10-17,0.939594
CAT,18542,QMLE-Quote,2008-10-20,0.785507
CAT,18542,QMLE-Quote,2008-10-21,0.932767
CAT,18542,QMLE-Quote,2008-10-22,0.744212
CAT,18542,QMLE-Quote,2008-10-23,1.32668
CAT,18542,QMLE-Quote,2008-10-24,1.23864
CAT,18542,QMLE-Quote,2008-10-27,1.00808
CAT,18542,QMLE-Quote,2008-10-28,1.06229
CAT,18542,QMLE-Quote,2008-10-29,1.06751
CAT,18542,QMLE-Quote,2008-10-30,0.856413
CAT,18542,QMLE-Quote,2008-10-31,0.779162
CAT,18542,QMLE-Quote,2008-11-3,0.535938
CAT,18542,QMLE-Quote,2008-11-4,0.531703
CAT,18542,QMLE-Quote,2008-11-5,0.639524
CAT,18542,QMLE-Quote,2008-11-6,0.732193
CAT,18542,QMLE-Quote,2008-11-7,0.670029
CAT,18542,QMLE-Quote,2008-11-10,0.577898
CAT,18542,QMLE-Quote,2008-11-11,0.659811
CAT,18542,QMLE-Quote,2008-11-12,0.665163
CAT,18542,QMLE-Quote,2008-11-13,1.05789
CAT,18542,QMLE-Quote,2008-11-14,0.936001
CAT,18542,QMLE-Quote,2008-11-17,0.894288
CAT,18542,QMLE-Quote,2008-11-18,0.785609
CAT,18542,QMLE-Quote,2008-11-19,0.837246
CAT,18542,QMLE-Quote,2008-11-20,1.10926
CAT,18542,QMLE-Quote,2008-11-21,1.12378
CAT,18542,QMLE-Quote,2008-11-24,0.836054
CAT,18542,QMLE-Quote,2008-11-25,0.789565
CAT,18542,QMLE-Quote,2008-11-26,0.65291
CAT,18542,QMLE-Quote,2008-11-28,0.61248
CAT,18542,QMLE-Quote,2008-12-1,0.608637
CAT,18542,QMLE-Quote,2008-12-2,0.706706
CAT,18542,QMLE-Quote,2008-12-3,0.782732
CAT,18542,QMLE-Quote,2008-12-4,0.693971
CAT,18542,QMLE-Quote,2008-12-5,0.666894
CAT,18542,QMLE-Quote,2008-12-8,0.721062
CAT,18542,QMLE-Quote,2008-12-9,0.64773
CAT,18542,QMLE-Quote,2008-12-10,0.520806
CAT,18542,QMLE-Quote,2008-12-11,0.567126
CAT,18542,QMLE-Quote,2008-12-12,0.792726
CAT,18542,QMLE-Quote,2008-12-15,0.608216
CAT,18542,QMLE-Quote,2008-12-16,0.568929
CAT,18542,QMLE-Quote,2008-12-17,0.447739
CAT,18542,QMLE-Quote,2008-12-18,0.439331
CAT,18542,QMLE-Quote,2008-12-19,0.545368
CAT,18542,QMLE-Quote,2008-12-22,0.487434
CAT,18542,QMLE-Quote,2008-12-23,0.445406
CAT,18542,QMLE-Quote,2008-12-24,0.306291
CAT,18542,QMLE-Quote,2008-12-26,0.240415
CAT,18542,QMLE-Quote,2008-12-29,0.280283
CAT,18542,QMLE-Quote,2008-12-30,0.285885
CAT,18542,QMLE-Quote,2008-12-31,0.320632
CAT,18542,QMLE-Quote,2009-1-2,0.287102
CAT,18542,QMLE-Quote,2009-1-5,0.443734
CAT,18542,QMLE-Quote,2009-1-6,0.435665
CAT,18542,QMLE-Quote,2009-1-7,0.391282
CAT,18542,QMLE-Quote,2009-1-8,0.466362
CAT,18542,QMLE-Quote,2009-1-9,0.491268
CAT,18542,QMLE-Quote,2009-1-12,0.352413
CAT,18542,QMLE-Quote,2009-1-13,0.497853
CAT,18542,QMLE-Quote,2009-1-14,0.505371
CAT,18542,QMLE-Quote,2009-1-15,0.581568
CAT,18542,QMLE-Quote,2009-1-16,0.636228
CAT,18542,QMLE-Quote,2009-1-20,0.584807
CAT,18542,QMLE-Quote,2009-1-21,0.512823
CAT,18542,QMLE-Quote,2009-1-22,0.589607
CAT,18542,QMLE-Quote,2009-1-23,0.732302
CAT,18542,QMLE-Quote,2009-1-26,0.955752
CAT,18542,QMLE-Quote,2009-1-27,0.465624
CAT,18542,QMLE-Quote,2009-1-28,0.409166
CAT,18542,QMLE-Quote,2009-1-29,0.362056
CAT,18542,QMLE-Quote,2009-1-30,0.507972
CAT,18542,QMLE-Quote,2009-2-2,0.54868
CAT,18542,QMLE-Quote,2009-2-3,0.508151
CAT,18542,QMLE-Quote,2009-2-4,0.491944
CAT,18542,QMLE-Quote,2009-2-5,0.432793
CAT,18542,QMLE-Quote,2009-2-6,0.463469
CAT,18542,QMLE-Quote,2009-2-9,0.403372
CAT,18542,QMLE-Quote,2009-2-10,0.657165
CAT,18542,QMLE-Quote,2009-2-11,0.546691
CAT,18542,QMLE-Quote,2009-2-12,0.488876
CAT,18542,QMLE-Quote,2009-2-13,0.434011
CAT,18542,QMLE-Quote,2009-2-17,0.451839
CAT,18542,QMLE-Quote,2009-2-18,0.621464
CAT,18542,QMLE-Quote,2009-2-19,0.453067
CAT,18542,QMLE-Quote,2009-2-20,0.665078
CAT,18542,QMLE-Quote,2009-2-23,0.504032
CAT,18542,QMLE-Quote,2009-2-24,0.522693
CAT,18542,QMLE-Quote,2009-2-25,0.785914
CAT,18542,QMLE-Quote,2009-2-26,0.604802
CAT,18542,QMLE-Quote,2009-2-27,0.817945
CAT,18542,QMLE-Quote,2009-3-2,0.658686
CAT,18542,QMLE-Quote,2009-3-3,0.642888
CAT,18542,QMLE-Quote,2009-3-4,0.897109
CAT,18542,QMLE-Quote,2009-3-5,0.694261
CAT,18542,QMLE-Quote,2009-3-6,0.766725
CAT,18542,QMLE-Quote,2009-3-9,0.60341
CAT,18542,QMLE-Quote,2009-3-10,0.677917
CAT,18542,QMLE-Quote,2009-3-11,0.689745
CAT,18542,QMLE-Quote,2009-3-12,0.587365
CAT,18542,QMLE-Quote,2009-3-13,0.674228
CAT,18542,QMLE-Quote,2009-3-16,0.528672
CAT,18542,QMLE-Quote,2009-3-17,0.551753
CAT,18542,QMLE-Quote,2009-3-18,0.716415
CAT,18542,QMLE-Quote,2009-3-19,0.575793
CAT,18542,QMLE-Quote,2009-3-20,0.523662
CAT,18542,QMLE-Quote,2009-3-23,0.557994
CAT,18542,QMLE-Quote,2009-3-24,0.681592
CAT,18542,QMLE-Quote,2009-3-25,0.684433
CAT,18542,QMLE-Quote,2009-3-26,0.645314
CAT,18542,QMLE-Quote,2009-3-27,0.517734
CAT,18542,QMLE-Quote,2009-3-30,0.634591
CAT,18542,QMLE-Quote,2009-3-31,0.505882
CAT,18542,QMLE-Quote,2009-4-1,0.584172
CAT,18542,QMLE-Quote,2009-4-2,0.530541
CAT,18542,QMLE-Quote,2009-4-3,0.592691
CAT,18542,QMLE-Quote,2009-4-6,0.549045
CAT,18542,QMLE-Quote,2009-4-7,0.388364
CAT,18542,QMLE-Quote,2009-4-8,0.44974
CAT,18542,QMLE-Quote,2009-4-9,0.460927
CAT,18542,QMLE-Quote,2009-4-13,0.479821
CAT,18542,QMLE-Quote,2009-4-14,0.486124
CAT,18542,QMLE-Quote,2009-4-15,0.450157
CAT,18542,QMLE-Quote,2009-4-16,0.485058
CAT,18542,QMLE-Quote,2009-4-17,0.523906
CAT,18542,QMLE-Quote,2009-4-20,0.497566
CAT,18542,QMLE-Quote,2009-4-21,0.946627
CAT,18542,QMLE-Quote,2009-4-22,0.722033
CAT,18542,QMLE-Quote,2009-4-23,0.487146
CAT,18542,QMLE-Quote,2009-4-24,0.57834
CAT,18542,QMLE-Quote,2009-4-27,0.523642
CAT,18542,QMLE-Quote,2009-4-28,0.457132
CAT,18542,QMLE-Quote,2009-4-29,0.503075
CAT,18542,QMLE-Quote,2009-4-30,0.536313
CAT,18542,QMLE-Quote,2009-5-1,0.465025
CAT,18542,QMLE-Quote,2009-5-4,0.428904
CAT,18542,QMLE-Quote,2009-5-5,0.402558
CAT,18542,QMLE-Quote,2009-5-6,0.52156
CAT,18542,QMLE-Quote,2009-5-7,0.580767
CAT,18542,QMLE-Quote,2009-5-8,0.529982
CAT,18542,QMLE-Quote,2009-5-11,0.448659
CAT,18542,QMLE-Quote,2009-5-12,0.44583
CAT,18542,QMLE-Quote,2009-5-13,0.498621
CAT,18542,QMLE-Quote,2009-5-14,0.489109
CAT,18542,QMLE-Quote,2009-5-15,0.518901
CAT,18542,QMLE-Quote,2009-5-18,0.461885
CAT,18542,QMLE-Quote,2009-5-19,0.41064
CAT,18542,QMLE-Quote,2009-5-20,0.544451
CAT,18542,QMLE-Quote,2009-5-21,0.513166
CAT,18542,QMLE-Quote,2009-5-22,0.420231
CAT,18542,QMLE-Quote,2009-5-26,0.453109
CAT,18542,QMLE-Quote,2009-5-27,0.401485
CAT,18542,QMLE-Quote,2009-5-28,0.498883
CAT,18542,QMLE-Quote,2009-5-29,0.409989
CAT,18542,QMLE-Quote,2009-6-1,0.360234
CAT,18542,QMLE-Quote,2009-6-2,0.325697
CAT,18542,QMLE-Quote,2009-6-3,0.344707
CAT,18542,QMLE-Quote,2009-6-4,0.340599
CAT,18542,QMLE-Quote,2009-6-5,0.476522
CAT,18542,QMLE-Quote,2009-6-8,0.385081
CAT,18542,QMLE-Quote,2009-6-9,0.35225
CAT,18542,QMLE-Quote,2009-6-10,0.436266
CAT,18542,QMLE-Quote,2009-6-11,0.333317
CAT,18542,QMLE-Quote,2009-6-12,0.268692
CAT,18542,QMLE-Quote,2009-6-15,0.262906
CAT,18542,QMLE-Quote,2009-6-16,0.343358
CAT,18542,QMLE-Quote,2009-6-17,0.40044
CAT,18542,QMLE-Quote,2009-6-18,0.443894
CAT,18542,QMLE-Quote,2009-6-19,0.304933
CAT,18542,QMLE-Quote,2009-6-22,0.339117
CAT,18542,QMLE-Quote,2009-6-23,0.337933
CAT,18542,QMLE-Quote,2009-6-24,0.511639
CAT,18542,QMLE-Quote,2009-6-25,0.438148
CAT,18542,QMLE-Quote,2009-6-26,0.354849
CAT,18542,QMLE-Quote,2009-6-29,0.352483
CAT,18542,QMLE-Quote,2009-6-30,0.343272
CAT,18542,QMLE-Quote,2009-7-1,0.354728
CAT,18542,QMLE-Quote,2009-7-2,0.238616
CAT,18542,QMLE-Quote,2009-7-6,0.353482
CAT,18542,QMLE-Quote,2009-7-7,0.336582
CAT,18542,QMLE-Quote,2009-7-8,0.437331
CAT,18542,QMLE-Quote,2009-7-9,0.396348
CAT,18542,QMLE-Quote,2009-7-10,0.366944
CAT,18542,QMLE-Quote,2009-7-13,0.351722
CAT,18542,QMLE-Quote,2009-7-14,0.322652
CAT,18542,QMLE-Quote,2009-7-15,0.302117
CAT,18542,QMLE-Quote,2009-7-16,0.360366
CAT,18542,QMLE-Quote,2009-7-17,0.250233
CAT,18542,QMLE-Quote,2009-7-20,0.514796
CAT,18542,QMLE-Quote,2009-7-21,0.711093
CAT,18542,QMLE-Quote,2009-7-22,0.465159
CAT,18542,QMLE-Quote,2009-7-23,0.323427
CAT,18542,QMLE-Quote,2009-7-24,0.361233
CAT,18542,QMLE-Quote,2009-7-27,0.346184
CAT,18542,QMLE-Quote,2009-7-28,0.400008
CAT,18542,QMLE-Quote,2009-7-29,0.422586
CAT,18542,QMLE-Quote,2009-7-30,0.29185
CAT,18542,QMLE-Quote,2009-7-31,0.35729
CAT,18542,QMLE-Quote,2009-8-3,0.332509
CAT,18542,QMLE-Quote,2009-8-4,0.394375
CAT,18542,QMLE-Quote,2009-8-5,0.416841
CAT,18542,QMLE-Quote,2009-8-6,0.35285
CAT,18542,QMLE-Quote,2009-8-7,0.302185
CAT,18542,QMLE-Quote,2009-8-10,0.274184
CAT,18542,QMLE-Quote,2009-8-11,0.402384
CAT,18542,QMLE-Quote,2009-8-12,0.37563
CAT,18542,QMLE-Quote,2009-8-13,0.32393
CAT,18542,QMLE-Quote,2009-8-14,0.363356
CAT,18542,QMLE-Quote,2009-8-17,0.39509
CAT,18542,QMLE-Quote,2009-8-18,0.268469
CAT,18542,QMLE-Quote,2009-8-19,0.376334
CAT,18542,QMLE-Quote,2009-8-20,0.247916
CAT,18542,QMLE-Quote,2009-8-21,0.240492
CAT,18542,QMLE-Quote,2009-8-24,0.277342
CAT,18542,QMLE-Quote,2009-8-25,0.323868
CAT,18542,QMLE-Quote,2009-8-26,0.326232
CAT,18542,QMLE-Quote,2009-8-27,0.30319
CAT,18542,QMLE-Quote,2009-8-28,0.371095
CAT,18542,QMLE-Quote,2009-8-31,0.303104
CAT,18542,QMLE-Quote,2009-9-1,0.448876
CAT,18542,QMLE-Quote,2009-9-2,0.400946
CAT,18542,QMLE-Quote,2009-9-3,0.291143
CAT,18542,QMLE-Quote,2009-9-4,0.29906
CAT,18542,QMLE-Quote,2009-9-8,0.238957
CAT,18542,QMLE-Quote,2009-9-9,0.284878
CAT,18542,QMLE-Quote,2009-9-10,0.285419
CAT,18542,QMLE-Quote,2009-9-11,0.29434
CAT,18542,QMLE-Quote,2009-9-14,0.24684
CAT,18542,QMLE-Quote,2009-9-15,0.339948
CAT,18542,QMLE-Quote,2009-9-16,0.277281
CAT,18542,QMLE-Quote,2009-9-17,0.363484
CAT,18542,QMLE-Quote,2009-9-18,0.292341
CAT,18542,QMLE-Quote,2009-9-21,0.335656
CAT,18542,QMLE-Quote,2009-9-22,0.288952
CAT,18542,QMLE-Quote,2009-9-23,0.339281
CAT,18542,QMLE-Quote,2009-9-24,0.384312
CAT,18542,QMLE-Quote,2009-9-25,0.359612
CAT,18542,QMLE-Quote,2009-9-28,0.246957
CAT,18542,QMLE-Quote,2009-9-29,0.306704
CAT,18542,QMLE-Quote,2009-9-30,0.371539
CAT,18542,QMLE-Quote,2009-10-1,0.328522
CAT,18542,QMLE-Quote,2009-10-2,0.42417
CAT,18542,QMLE-Quote,2009-10-5,0.284485
CAT,18542,QMLE-Quote,2009-10-6,0.299055
CAT,18542,QMLE-Quote,2009-10-7,0.267078
CAT,18542,QMLE-Quote,2009-10-8,0.289299
CAT,18542,QMLE-Quote,2009-10-9,0.234686
CAT,18542,QMLE-Quote,2009-10-12,0.214602
CAT,18542,QMLE-Quote,2009-10-13,0.227359
CAT,18542,QMLE-Quote,2009-10-14,0.245654
CAT,18542,QMLE-Quote,2009-10-15,0.236508
CAT,18542,QMLE-Quote,2009-10-16,0.222332
CAT,18542,QMLE-Quote,2009-10-19,0.343019
CAT,18542,QMLE-Quote,2009-10-20,0.409612
CAT,18542,QMLE-Quote,2009-10-21,0.331981
CAT,18542,QMLE-Quote,2009-10-22,0.370148
CAT,18542,QMLE-Quote,2009-10-23,0.395169
CAT,18542,QMLE-Quote,2009-10-26,0.373727
CAT,18542,QMLE-Quote,2009-10-27,0.393535
CAT,18542,QMLE-Quote,2009-10-28,0.378321
CAT,18542,QMLE-Quote,2009-10-29,0.306188
CAT,18542,QMLE-Quote,2009-10-30,0.46485
CAT,18542,QMLE-Quote,2009-11-2,0.493383
CAT,18542,QMLE-Quote,2009-11-3,0.421372
CAT,18542,QMLE-Quote,2009-11-4,0.436969
CAT,18542,QMLE-Quote,2009-11-5,0.261081
CAT,18542,QMLE-Quote,2009-11-6,0.351999
CAT,18542,QMLE-Quote,2009-11-9,0.172626
CAT,18542,QMLE-Quote,2009-11-10,0.237021
CAT,18542,QMLE-Quote,2009-11-11,0.22923
CAT,18542,QMLE-Quote,2009-11-12,0.277614
CAT,18542,QMLE-Quote,2009-11-13,0.263028
CAT,18542,QMLE-Quote,2009-11-16,0.216562
CAT,18542,QMLE-Quote,2009-11-17,0.249415
CAT,18542,QMLE-Quote,2009-11-18,0.237675
CAT,18542,QMLE-Quote,2009-11-19,0.247397
CAT,18542,QMLE-Quote,2009-11-20,0.230695
CAT,18542,QMLE-Quote,2009-11-23,0.263489
CAT,18542,QMLE-Quote,2009-11-24,0.25524
CAT,18542,QMLE-Quote,2009-11-25,0.210656
CAT,18542,QMLE-Quote,2009-11-27,0.327924
CAT,18542,QMLE-Quote,2009-11-30,0.243844
CAT,18542,QMLE-Quote,2009-12-1,0.203222
CAT,18542,QMLE-Quote,2009-12-2,0.240807
CAT,18542,QMLE-Quote,2009-12-3,0.241882
CAT,18542,QMLE-Quote,2009-12-4,0.300647
CAT,18542,QMLE-Quote,2009-12-7,0.188975
CAT,18542,QMLE-Quote,2009-12-8,0.209943
CAT,18542,QMLE-Quote,2009-12-9,0.25723
CAT,18542,QMLE-Quote,2009-12-10,0.184769
CAT,18542,QMLE-Quote,2009-12-11,0.216914
CAT,18542,QMLE-Quote,2009-12-14,0.148447
CAT,18542,QMLE-Quote,2009-12-15,0.168906
CAT,18542,QMLE-Quote,2009-12-16,0.190432
CAT,18542,QMLE-Quote,2009-12-17,0.209923
CAT,18542,QMLE-Quote,2009-12-18,0.183281
CAT,18542,QMLE-Quote,2009-12-21,0.180178
CAT,18542,QMLE-Quote,2009-12-22,0.160278
CAT,18542,QMLE-Quote,2009-12-23,0.147976
CAT,18542,QMLE-Quote,2009-12-24,0.164269
CAT,18542,QMLE-Quote,2009-12-28,0.100018
CAT,18542,QMLE-Quote,2009-12-29,0.130031
CAT,18542,QMLE-Quote,2009-12-30,0.143864
CAT,18542,QMLE-Quote,2009-12-31,0.125305
CAT,18542,QMLE-Quote,2010-1-4,0.161457
CAT,18542,QMLE-Quote,2010-1-5,0.199709
CAT,18542,QMLE-Quote,2010-1-6,0.16125
CAT,18542,QMLE-Quote,2010-1-7,0.203666
CAT,18542,QMLE-Quote,2010-1-8,0.168213
CAT,18542,QMLE-Quote,2010-1-11,0.325515
CAT,18542,QMLE-Quote,2010-1-12,0.326124
CAT,18542,QMLE-Quote,2010-1-13,0.246826
CAT,18542,QMLE-Quote,2010-1-14,0.206689
CAT,18542,QMLE-Quote,2010-1-15,0.225362
CAT,18542,QMLE-Quote,2010-1-19,0.266913
CAT,18542,QMLE-Quote,2010-1-20,0.302136
CAT,18542,QMLE-Quote,2010-1-21,0.375737
CAT,18542,QMLE-Quote,2010-1-22,0.419407
CAT,18542,QMLE-Quote,2010-1-25,0.333718
CAT,18542,QMLE-Quote,2010-1-26,0.388032
CAT,18542,QMLE-Quote,2010-1-27,0.585444
CAT,18542,QMLE-Quote,2010-1-28,0.394213
CAT,18542,QMLE-Quote,2010-1-29,0.357404
CAT,18542,QMLE-Quote,2010-2-1,0.321025
CAT,18542,QMLE-Quote,2010-2-2,0.266321
CAT,18542,QMLE-Quote,2010-2-3,0.296439
CAT,18542,QMLE-Quote,2010-2-4,0.335779
CAT,18542,QMLE-Quote,2010-2-5,0.464176
CAT,18542,QMLE-Quote,2010-2-8,0.354563
CAT,18542,QMLE-Quote,2010-2-9,0.399903
CAT,18542,QMLE-Quote,2010-2-10,0.345132
CAT,18542,QMLE-Quote,2010-2-11,0.320908
CAT,18542,QMLE-Quote,2010-2-12,0.335847
CAT,18542,QMLE-Quote,2010-2-16,0.226091
CAT,18542,QMLE-Quote,2010-2-17,0.262612
CAT,18542,QMLE-Quote,2010-2-18,0.229292
CAT,18542,QMLE-Quote,2010-2-19,0.21749
CAT,18542,QMLE-Quote,2010-2-22,0.222808
CAT,18542,QMLE-Quote,2010-2-23,0.256254
CAT,18542,QMLE-Quote,2010-2-24,0.282813
CAT,18542,QMLE-Quote,2010-2-25,0.3603
CAT,18542,QMLE-Quote,2010-2-26,0.249897
CAT,18542,QMLE-Quote,2010-3-1,0.19848
CAT,18542,QMLE-Quote,2010-3-2,0.184084
CAT,18542,QMLE-Quote,2010-3-3,0.216492
CAT,18542,QMLE-Quote,2010-3-4,0.197305
CAT,18542,QMLE-Quote,2010-3-5,0.181433
CAT,18542,QMLE-Quote,2010-3-8,0.162405
CAT,18542,QMLE-Quote,2010-3-9,0.164073
CAT,18542,QMLE-Quote,2010-3-10,0.193019
CAT,18542,QMLE-Quote,2010-3-11,0.181105
CAT,18542,QMLE-Quote,2010-3-12,0.198695
CAT,18542,QMLE-Quote,2010-3-15,0.220428
CAT,18542,QMLE-Quote,2010-3-16,0.183806
CAT,18542,QMLE-Quote,2010-3-17,0.165306
CAT,18542,QMLE-Quote,2010-3-18,0.183747
CAT,18542,QMLE-Quote,2010-3-19,0.211289
CAT,18542,QMLE-Quote,2010-3-22,0.183458
CAT,18542,QMLE-Quote,2010-3-23,0.245777
CAT,18542,QMLE-Quote,2010-3-24,0.239877
CAT,18542,QMLE-Quote,2010-3-25,0.225949
CAT,18542,QMLE-Quote,2010-3-26,0.232056
CAT,18542,QMLE-Quote,2010-3-29,0.162484
CAT,18542,QMLE-Quote,2010-3-30,0.187261
CAT,18542,QMLE-Quote,2010-3-31,0.187156
CAT,18542,QMLE-Quote,2010-4-1,0.174187
CAT,18542,QMLE-Quote,2010-4-5,0.104622
CAT,18542,QMLE-Quote,2010-4-6,0.147918
CAT,18542,QMLE-Quote,2010-4-7,0.182924
CAT,18542,QMLE-Quote,2010-4-8,0.168815
CAT,18542,QMLE-Quote,2010-4-9,0.156165
CAT,18542,QMLE-Quote,2010-4-12,0.156211
CAT,18542,QMLE-Quote,2010-4-13,0.169138
CAT,18542,QMLE-Quote,2010-4-14,0.142257
CAT,18542,QMLE-Quote,2010-4-15,0.220498
CAT,18542,QMLE-Quote,2010-4-16,0.239731
CAT,18542,QMLE-Quote,2010-4-19,0.242163
CAT,18542,QMLE-Quote,2010-4-20,0.183805
CAT,18542,QMLE-Quote,2010-4-21,0.196769
CAT,18542,QMLE-Quote,2010-4-22,0.202455
CAT,18542,QMLE-Quote,2010-4-23,0.246637
CAT,18542,QMLE-Quote,2010-4-26,0.301537
CAT,18542,QMLE-Quote,2010-4-27,0.296246
CAT,18542,QMLE-Quote,2010-4-28,0.306081
CAT,18542,QMLE-Quote,2010-4-29,0.191212
CAT,18542,QMLE-Quote,2010-4-30,0.254844
CAT,18542,QMLE-Quote,2010-5-3,0.24371
CAT,18542,QMLE-Quote,2010-5-4,0.318747
CAT,18542,QMLE-Quote,2010-5-5,0.407904
CAT,18542,QMLE-Quote,2010-5-6,0.807505
CAT,18542,QMLE-Quote,2010-5-7,0.676638
CAT,18542,QMLE-Quote,2010-5-10,0.341101
CAT,18542,QMLE-Quote,2010-5-11,0.305376
CAT,18542,QMLE-Quote,2010-5-12,0.238643
CAT,18542,QMLE-Quote,2010-5-13,0.307272
CAT,18542,QMLE-Quote,2010-5-14,0.311289
CAT,18542,QMLE-Quote,2010-5-17,0.375639
CAT,18542,QMLE-Quote,2010-5-18,0.357711
CAT,18542,QMLE-Quote,2010-5-19,0.482808
CAT,18542,QMLE-Quote,2010-5-20,0.571233
CAT,18542,QMLE-Quote,2010-5-21,0.554106
CAT,18542,QMLE-Quote,2010-5-24,0.384272
CAT,18542,QMLE-Quote,2010-5-25,0.509863
CAT,18542,QMLE-Quote,2010-5-26,0.398752
CAT,18542,QMLE-Quote,2010-5-27,0.30754
CAT,18542,QMLE-Quote,2010-5-28,0.374914
CAT,18542,QMLE-Quote,2010-6-1,0.394833
CAT,18542,QMLE-Quote,2010-6-2,0.347477
CAT,18542,QMLE-Quote,2010-6-3,0.310605
CAT,18542,QMLE-Quote,2010-6-4,0.333463
CAT,18542,QMLE-Quote,2010-6-7,0.35108
CAT,18542,QMLE-Quote,2010-6-8,0.50219
CAT,18542,QMLE-Quote,2010-6-9,0.398383
CAT,18542,QMLE-Quote,2010-6-10,0.321536
CAT,18542,QMLE-Quote,2010-6-11,0.27977
CAT,18542,QMLE-Quote,2010-6-14,0.285788
CAT,18542,QMLE-Quote,2010-6-15,0.243392
CAT,18542,QMLE-Quote,2010-6-16,0.265068
CAT,18542,QMLE-Quote,2010-6-17,0.292453
CAT,18542,QMLE-Quote,2010-6-18,0.205158
CAT,18542,QMLE-Quote,2010-6-21,0.271168
CAT,18542,QMLE-Quote,2010-6-22,0.316132
CAT,18542,QMLE-Quote,2010-6-23,0.354444
CAT,18542,QMLE-Quote,2010-6-24,0.339715
CAT,18542,QMLE-Quote,2010-6-25,0.320703
CAT,18542,QMLE-Quote,2010-6-28,0.316976
CAT,18542,QMLE-Quote,2010-6-29,0.344255
CAT,18542,QMLE-Quote,2010-6-30,0.327105
CAT,18542,QMLE-Quote,2010-7-1,0.414482
CAT,18542,QMLE-Quote,2010-7-2,0.309124
CAT,18542,QMLE-Quote,2010-7-6,0.323484
CAT,18542,QMLE-Quote,2010-7-7,0.301959
CAT,18542,QMLE-Quote,2010-7-8,0.287574
CAT,18542,QMLE-Quote,2010-7-9,0.242698
CAT,18542,QMLE-Quote,2010-7-12,0.227478
CAT,18542,QMLE-Quote,2010-7-13,0.23008
CAT,18542,QMLE-Quote,2010-7-14,0.265013
CAT,18542,QMLE-Quote,2010-7-15,0.272364
CAT,18542,QMLE-Quote,2010-7-16,0.263424
CAT,18542,QMLE-Quote,2010-7-19,0.263193
CAT,18542,QMLE-Quote,2010-7-20,0.27589
CAT,18542,QMLE-Quote,2010-7-21,0.328104
CAT,18542,QMLE-Quote,2010-7-22,0.382085
CAT,18542,QMLE-Quote,2010-7-23,0.264656
CAT,18542,QMLE-Quote,2010-7-26,0.162947
CAT,18542,QMLE-Quote,2010-7-27,0.282033
CAT,18542,QMLE-Quote,2010-7-28,0.230798
CAT,18542,QMLE-Quote,2010-7-29,0.270092
CAT,18542,QMLE-Quote,2010-7-30,0.280297
CAT,18542,QMLE-Quote,2010-8-2,0.19468
CAT,18542,QMLE-Quote,2010-8-3,0.192557
CAT,18542,QMLE-Quote,2010-8-4,0.219604
CAT,18542,QMLE-Quote,2010-8-5,0.195138
CAT,18542,QMLE-Quote,2010-8-6,0.235706
CAT,18542,QMLE-Quote,2010-8-9,0.168036
CAT,18542,QMLE-Quote,2010-8-10,0.268367
CAT,18542,QMLE-Quote,2010-8-11,0.241354
CAT,18542,QMLE-Quote,2010-8-12,0.22592
CAT,18542,QMLE-Quote,2010-8-13,0.247455
CAT,18542,QMLE-Quote,2010-8-16,0.251452
CAT,18542,QMLE-Quote,2010-8-17,0.18157
CAT,18542,QMLE-Quote,2010-8-18,0.227415
CAT,18542,QMLE-Quote,2010-8-19,0.299479
CAT,18542,QMLE-Quote,2010-8-20,0.244571
CAT,18542,QMLE-Quote,2010-8-23,0.214487
CAT,18542,QMLE-Quote,2010-8-24,0.309211
CAT,18542,QMLE-Quote,2010-8-25,0.267379
CAT,18542,QMLE-Quote,2010-8-26,0.269879
CAT,18542,QMLE-Quote,2010-8-27,0.291987
CAT,18542,QMLE-Quote,2010-8-30,0.233827
CAT,18542,QMLE-Quote,2010-8-31,0.318748
CAT,18542,QMLE-Quote,2010-9-1,0.28552
CAT,18542,QMLE-Quote,2010-9-2,0.197744
CAT,18542,QMLE-Quote,2010-9-3,0.235795
CAT,18542,QMLE-Quote,2010-9-7,0.218082
CAT,18542,QMLE-Quote,2010-9-8,0.238508
CAT,18542,QMLE-Quote,2010-9-9,0.217061
CAT,18542,QMLE-Quote,2010-9-10,0.187301
CAT,18542,QMLE-Quote,2010-9-13,0.150143
CAT,18542,QMLE-Quote,2010-9-14,0.190268
CAT,18542,QMLE-Quote,2010-9-15,0.185858
CAT,18542,QMLE-Quote,2010-9-16,0.20037
CAT,18542,QMLE-Quote,2010-9-17,0.238768
CAT,18542,QMLE-Quote,2010-9-20,0.14232
CAT,18542,QMLE-Quote,2010-9-21,0.194571
CAT,18542,QMLE-Quote,2010-9-22,0.200897
CAT,18542,QMLE-Quote,2010-9-23,0.213065
CAT,18542,QMLE-Quote,2010-9-24,0.201944
CAT,18542,QMLE-Quote,2010-9-27,0.187812
CAT,18542,QMLE-Quote,2010-9-28,0.241566
CAT,18542,QMLE-Quote,2010-9-29,0.126174
CAT,18542,QMLE-Quote,2010-9-30,0.241011
CAT,18542,QMLE-Quote,2010-10-1,0.225537
CAT,18542,QMLE-Quote,2010-10-4,0.224604
CAT,18542,QMLE-Quote,2010-10-5,0.18228
CAT,18542,QMLE-Quote,2010-10-6,0.170864
CAT,18542,QMLE-Quote,2010-10-7,0.220251
CAT,18542,QMLE-Quote,2010-10-8,0.228193
CAT,18542,QMLE-Quote,2010-10-11,0.179788
CAT,18542,QMLE-Quote,2010-10-12,0.194287
CAT,18542,QMLE-Quote,2010-10-13,0.239183
CAT,18542,QMLE-Quote,2010-10-14,0.183168
CAT,18542,QMLE-Quote,2010-10-15,0.242003
CAT,18542,QMLE-Quote,2010-10-18,0.149531
CAT,18542,QMLE-Quote,2010-10-19,0.253066
CAT,18542,QMLE-Quote,2010-10-20,0.203313
CAT,18542,QMLE-Quote,2010-10-21,0.355437
CAT,18542,QMLE-Quote,2010-10-22,0.227604
CAT,18542,QMLE-Quote,2010-10-25,0.189024
CAT,18542,QMLE-Quote,2010-10-26,0.184692
CAT,18542,QMLE-Quote,2010-10-27,0.200133
CAT,18542,QMLE-Quote,2010-10-28,0.21326
CAT,18542,QMLE-Quote,2010-10-29,0.187988
CAT,18542,QMLE-Quote,2010-11-1,0.183244
CAT,18542,QMLE-Quote,2010-11-2,0.142655
CAT,18542,QMLE-Quote,2010-11-3,0.324378
CAT,18542,QMLE-Quote,2010-11-4,0.180234
CAT,18542,QMLE-Quote,2010-11-5,0.193941
CAT,18542,QMLE-Quote,2010-11-8,0.167797
CAT,18542,QMLE-Quote,2010-11-9,0.183356
CAT,18542,QMLE-Quote,2010-11-10,0.25447
CAT,18542,QMLE-Quote,2010-11-11,0.226682
CAT,18542,QMLE-Quote,2010-11-12,0.250452
CAT,18542,QMLE-Quote,2010-11-15,0.346367
CAT,18542,QMLE-Quote,2010-11-16,0.268187
CAT,18542,QMLE-Quote,2010-11-17,0.203908
CAT,18542,QMLE-Quote,2010-11-18,0.145485
CAT,18542,QMLE-Quote,2010-11-19,0.169522
CAT,18542,QMLE-Quote,2010-11-22,0.180423
CAT,18542,QMLE-Quote,2010-11-23,0.214903
CAT,18542,QMLE-Quote,2010-11-24,0.142172
CAT,18542,QMLE-Quote,2010-11-26,0.168848
CAT,18542,QMLE-Quote,2010-11-29,0.188716
CAT,18542,QMLE-Quote,2010-11-30,0.196663
CAT,18542,QMLE-Quote,2010-12-1,0.201925
CAT,18542,QMLE-Quote,2010-12-2,0.1498
CAT,18542,QMLE-Quote,2010-12-3,0.174569
CAT,18542,QMLE-Quote,2010-12-6,0.12647
CAT,18542,QMLE-Quote,2010-12-7,0.202498
CAT,18542,QMLE-Quote,2010-12-8,0.189749
CAT,18542,QMLE-Quote,2010-12-9,0.164285
CAT,18542,QMLE-Quote,2010-12-10,0.12089
CAT,18542,QMLE-Quote,2010-12-13,0.158843
CAT,18542,QMLE-Quote,2010-12-14,0.159562
CAT,18542,QMLE-Quote,2010-12-15,0.209764
CAT,18542,QMLE-Quote,2010-12-16,0.176058
CAT,18542,QMLE-Quote,2010-12-17,0.140095
CAT,18542,QMLE-Quote,2010-12-20,0.108296
CAT,18542,QMLE-Quote,2010-12-21,0.13918
CAT,18542,QMLE-Quote,2010-12-22,0.106245
CAT,18542,QMLE-Quote,2010-12-23,0.100701
CAT,18542,QMLE-Quote,2010-12-27,0.111682
CAT,18542,QMLE-Quote,2010-12-28,0.126049
CAT,18542,QMLE-Quote,2010-12-29,0.0951974
CAT,18542,QMLE-Quote,2010-12-30,0.0882791
CAT,18542,QMLE-Quote,2010-12-31,0.0913127
CAT,18542,QMLE-Quote,2011-1-3,0.108962
CAT,18542,QMLE-Quote,2011-1-4,0.156013
CAT,18542,QMLE-Quote,2011-1-5,0.140419
CAT,18542,QMLE-Quote,2011-1-6,0.158026
CAT,18542,QMLE-Quote,2011-1-7,0.197714
CAT,18542,QMLE-Quote,2011-1-10,0.182414
CAT,18542,QMLE-Quote,2011-1-11,0.166985
CAT,18542,QMLE-Quote,2011-1-12,0.14222
CAT,18542,QMLE-Quote,2011-1-13,0.136605
CAT,18542,QMLE-Quote,2011-1-14,0.155135
CAT,18542,QMLE-Quote,2011-1-18,0.161673
CAT,18542,QMLE-Quote,2011-1-19,0.175098
CAT,18542,QMLE-Quote,2011-1-20,0.238835
CAT,18542,QMLE-Quote,2011-1-21,0.203373
CAT,18542,QMLE-Quote,2011-1-24,0.205156
CAT,18542,QMLE-Quote,2011-1-25,0.206362
CAT,18542,QMLE-Quote,2011-1-26,0.201449
CAT,18542,QMLE-Quote,2011-1-27,0.338763
CAT,18542,QMLE-Quote,2011-1-28,0.241217
CAT,18542,QMLE-Quote,2011-1-31,0.192148
CAT,18542,QMLE-Quote,2011-2-1,0.1937
CAT,18542,QMLE-Quote,2011-2-2,0.175021
CAT,18542,QMLE-Quote,2011-2-3,0.147954
CAT,18542,QMLE-Quote,2011-2-4,0.182777
CAT,18542,QMLE-Quote,2011-2-7,0.138579
CAT,18542,QMLE-Quote,2011-2-8,0.156779
CAT,18542,QMLE-Quote,2011-2-9,0.141745
CAT,18542,QMLE-Quote,2011-2-10,0.173361
CAT,18542,QMLE-Quote,2011-2-11,0.156398
CAT,18542,QMLE-Quote,2011-2-14,0.138021
CAT,18542,QMLE-Quote,2011-2-15,0.163011
CAT,18542,QMLE-Quote,2011-2-16,0.167145
CAT,18542,QMLE-Quote,2011-2-17,0.124647
CAT,18542,QMLE-Quote,2011-2-18,0.181297
CAT,18542,QMLE-Quote,2011-2-22,0.225903
CAT,18542,QMLE-Quote,2011-2-23,0.318617
CAT,18542,QMLE-Quote,2011-2-24,0.311059
CAT,18542,QMLE-Quote,2011-2-25,0.179838
CAT,18542,QMLE-Quote,2011-2-28,0.175223
CAT,18542,QMLE-Quote,2011-3-1,0.245291
CAT,18542,QMLE-Quote,2011-3-2,0.271573
CAT,18542,QMLE-Quote,2011-3-3,0.178595
CAT,18542,QMLE-Quote,2011-3-4,0.227818
CAT,18542,QMLE-Quote,2011-3-7,0.243635
CAT,18542,QMLE-Quote,2011-3-8,0.215547
CAT,18542,QMLE-Quote,2011-3-9,0.259187
CAT,18542,QMLE-Quote,2011-3-10,0.283514
CAT,18542,QMLE-Quote,2011-3-11,0.282708
CAT,18542,QMLE-Quote,2011-3-14,0.295222
CAT,18542,QMLE-Quote,2011-3-15,0.278285
CAT,18542,QMLE-Quote,2011-3-16,0.381891
CAT,18542,QMLE-Quote,2011-3-17,0.27674
CAT,18542,QMLE-Quote,2011-3-18,0.192193
CAT,18542,QMLE-Quote,2011-3-21,0.152714
CAT,18542,QMLE-Quote,2011-3-22,0.182319
CAT,18542,QMLE-Quote,2011-3-23,0.179862
CAT,18542,QMLE-Quote,2011-3-24,0.187364
CAT,18542,QMLE-Quote,2011-3-25,0.145778
CAT,18542,QMLE-Quote,2011-3-28,0.135837
CAT,18542,QMLE-Quote,2011-3-29,0.152275
CAT,18542,QMLE-Quote,2011-3-30,0.128574
CAT,18542,QMLE-Quote,2011-3-31,0.129117
CAT,18542,QMLE-Quote,2011-4-1,0.148616
CAT,18542,QMLE-Quote,2011-4-4,0.144105
CAT,18542,QMLE-Quote,2011-4-5,0.160771
CAT,18542,QMLE-Quote,2011-4-6,0.148111
CAT,18542,QMLE-Quote,2011-4-7,0.227384
CAT,18542,QMLE-Quote,2011-4-8,0.158826
CAT,18542,QMLE-Quote,2011-4-11,0.166408
CAT,18542,QMLE-Quote,2011-4-12,0.198353
CAT,18542,QMLE-Quote,2011-4-13,0.182733
CAT,18542,QMLE-Quote,2011-4-14,0.192961
CAT,18542,QMLE-Quote,2011-4-15,0.168095
CAT,18542,QMLE-Quote,2011-4-18,0.286508
CAT,18542,QMLE-Quote,2011-4-19,0.178383
CAT,18542,QMLE-Quote,2011-4-20,0.150124
CAT,18542,QMLE-Quote,2011-4-21,0.141063
CAT,18542,QMLE-Quote,2011-4-25,0.135514
CAT,18542,QMLE-Quote,2011-4-26,0.190392
CAT,18542,QMLE-Quote,2011-4-27,0.188902
CAT,18542,QMLE-Quote,2011-4-28,0.172561
CAT,18542,QMLE-Quote,2011-4-29,0.212548
CAT,18542,QMLE-Quote,2011-5-2,0.197572
CAT,18542,QMLE-Quote,2011-5-3,0.207435
CAT,18542,QMLE-Quote,2011-5-4,0.24237
CAT,18542,QMLE-Quote,2011-5-5,0.300729
CAT,18542,QMLE-Quote,2011-5-6,0.253036
CAT,18542,QMLE-Quote,2011-5-9,0.201331
CAT,18542,QMLE-Quote,2011-5-10,0.148388
CAT,18542,QMLE-Quote,2011-5-11,0.211346
CAT,18542,QMLE-Quote,2011-5-12,0.269184
CAT,18542,QMLE-Quote,2011-5-13,0.242351
CAT,18542,QMLE-Quote,2011-5-16,0.26348
CAT,18542,QMLE-Quote,2011-5-17,0.320525
CAT,18542,QMLE-Quote,2011-5-18,0.229397
CAT,18542,QMLE-Quote,2011-5-19,0.17374
CAT,18542,QMLE-Quote,2011-5-20,0.190517
CAT,18542,QMLE-Quote,2011-5-23,0.250883
CAT,18542,QMLE-Quote,2011-5-24,0.217338
CAT,18542,QMLE-Quote,2011-5-25,0.237531
CAT,18542,QMLE-Quote,2011-5-26,0.235193
CAT,18542,QMLE-Quote,2011-5-27,0.169732
CAT,18542,QMLE-Quote,2011-5-31,0.236138
CAT,18542,QMLE-Quote,2011-6-1,0.24042
CAT,18542,QMLE-Quote,2011-6-2,0.274547
CAT,18542,QMLE-Quote,2011-6-3,0.283014
CAT,18542,QMLE-Quote,2011-6-6,0.238115
CAT,18542,QMLE-Quote,2011-6-7,0.205432
CAT,18542,QMLE-Quote,2011-6-8,0.250616
CAT,18542,QMLE-Quote,2011-6-9,0.193985
CAT,18542,QMLE-Quote,2011-6-10,0.236011
CAT,18542,QMLE-Quote,2011-6-13,0.239446
CAT,18542,QMLE-Quote,2011-6-14,0.169614
CAT,18542,QMLE-Quote,2011-6-15,0.273964
CAT,18542,QMLE-Quote,2011-6-16,0.255106
CAT,18542,QMLE-Quote,2011-6-17,0.237253
CAT,18542,QMLE-Quote,2011-6-20,0.23297
CAT,18542,QMLE-Quote,2011-6-21,0.198397
CAT,18542,QMLE-Quote,2011-6-22,0.209621
CAT,18542,QMLE-Quote,2011-6-23,0.340147
CAT,18542,QMLE-Quote,2011-6-24,0.282007
CAT,18542,QMLE-Quote,2011-6-27,0.214922
CAT,18542,QMLE-Quote,2011-6-28,0.19613
CAT,18542,QMLE-Quote,2011-6-29,0.25183
CAT,18542,QMLE-Quote,2011-6-30,0.189039
CAT,18542,QMLE-Quote,2011-7-1,0.230912
CAT,18542,QMLE-Quote,2011-7-5,0.204046
CAT,18542,QMLE-Quote,2011-7-6,0.221852
CAT,18542,QMLE-Quote,2011-7-7,0.151592
CAT,18542,QMLE-Quote,2011-7-8,0.251056
CAT,18542,QMLE-Quote,2011-7-11,0.209869
CAT,18542,QMLE-Quote,2011-7-12,0.305
CAT,18542,QMLE-Quote,2011-7-13,0.2162
CAT,18542,QMLE-Quote,2011-7-14,0.274713
CAT,18542,QMLE-Quote,2011-7-15,0.276648
CAT,18542,QMLE-Quote,2011-7-18,0.265647
CAT,18542,QMLE-Quote,2011-7-19,0.20681
CAT,18542,QMLE-Quote,2011-7-20,0.20283
CAT,18542,QMLE-Quote,2011-7-21,0.201244
CAT,18542,QMLE-Quote,2011-7-22,0.35965
CAT,18542,QMLE-Quote,2011-7-25,0.253
CAT,18542,QMLE-Quote,2011-7-26,0.20289
CAT,18542,QMLE-Quote,2011-7-27,0.254761
CAT,18542,QMLE-Quote,2011-7-28,0.258775
CAT,18542,QMLE-Quote,2011-7-29,0.35877
CAT,18542,QMLE-Quote,2011-8-1,0.366797
CAT,18542,QMLE-Quote,2011-8-2,0.32232
CAT,18542,QMLE-Quote,2011-8-3,0.485139
CAT,18542,QMLE-Quote,2011-8-4,0.507042
CAT,18542,QMLE-Quote,2011-8-5,0.719744
CAT,18542,QMLE-Quote,2011-8-8,0.761553
CAT,18542,QMLE-Quote,2011-8-9,0.847021
CAT,18542,QMLE-Quote,2011-8-10,0.769469
CAT,18542,QMLE-Quote,2011-8-11,0.634838
CAT,18542,QMLE-Quote,2011-8-12,0.474447
CAT,18542,QMLE-Quote,2011-8-15,0.306612
CAT,18542,QMLE-Quote,2011-8-16,0.400833
CAT,18542,QMLE-Quote,2011-8-17,0.290344
CAT,18542,QMLE-Quote,2011-8-18,0.48772
CAT,18542,QMLE-Quote,2011-8-19,0.442042
CAT,18542,QMLE-Quote,2011-8-22,0.470564
CAT,18542,QMLE-Quote,2011-8-23,0.34755
CAT,18542,QMLE-Quote,2011-8-24,0.403017
CAT,18542,QMLE-Quote,2011-8-25,0.433912
CAT,18542,QMLE-Quote,2011-8-26,0.514785
CAT,18542,QMLE-Quote,2011-8-29,0.279034
CAT,18542,QMLE-Quote,2011-8-30,0.355507
CAT,18542,QMLE-Quote,2011-8-31,0.382019
CAT,18542,QMLE-Quote,2011-9-1,0.436616
CAT,18542,QMLE-Quote,2011-9-2,0.359227
CAT,18542,QMLE-Quote,2011-9-6,0.408601
CAT,18542,QMLE-Quote,2011-9-7,0.282939
CAT,18542,QMLE-Quote,2011-9-8,0.375154
CAT,18542,QMLE-Quote,2011-9-9,0.416569
CAT,18542,QMLE-Quote,2011-9-12,0.439811
CAT,18542,QMLE-Quote,2011-9-13,0.382574
CAT,18542,QMLE-Quote,2011-9-14,0.405551
CAT,18542,QMLE-Quote,2011-9-15,0.356059
CAT,18542,QMLE-Quote,2011-9-16,0.296569
CAT,18542,QMLE-Quote,2011-9-19,0.318433
CAT,18542,QMLE-Quote,2011-9-20,0.341155
CAT,18542,QMLE-Quote,2011-9-21,0.403644
CAT,18542,QMLE-Quote,2011-9-22,0.660859
CAT,18542,QMLE-Quote,2011-9-23,0.489984
CAT,18542,QMLE-Quote,2011-9-26,0.430866
CAT,18542,QMLE-Quote,2011-9-27,0.361449
CAT,18542,QMLE-Quote,2011-9-28,0.401973
CAT,18542,QMLE-Quote,2011-9-29,0.439762
CAT,18542,QMLE-Quote,2011-9-30,0.47955
CAT,18542,QMLE-Quote,2011-10-3,0.510166
CAT,18542,QMLE-Quote,2011-10-4,0.636983
CAT,18542,QMLE-Quote,2011-10-5,0.476177
CAT,18542,QMLE-Quote,2011-10-6,0.400619
CAT,18542,QMLE-Quote,2011-10-7,0.45473
CAT,18542,QMLE-Quote,2011-10-10,0.33463
CAT,18542,QMLE-Quote,2011-10-11,0.381525
CAT,18542,QMLE-Quote,2011-10-12,0.314065
CAT,18542,QMLE-Quote,2011-10-13,0.387247
CAT,18542,QMLE-Quote,2011-10-14,0.254783
CAT,18542,QMLE-Quote,2011-10-17,0.356852
CAT,18542,QMLE-Quote,2011-10-18,0.449879
CAT,18542,QMLE-Quote,2011-10-19,0.390255
CAT,18542,QMLE-Quote,2011-10-20,0.419585
CAT,18542,QMLE-Quote,2011-10-21,0.262397
CAT,18542,QMLE-Quote,2011-10-24,0.325573
CAT,18542,QMLE-Quote,2011-10-25,0.390124
CAT,18542,QMLE-Quote,2011-10-26,0.376112
CAT,18542,QMLE-Quote,2011-10-27,0.288301
CAT,18542,QMLE-Quote,2011-10-28,0.28071
CAT,18542,QMLE-Quote,2011-10-31,0.288892
CAT,18542,QMLE-Quote,2011-11-1,0.489288
CAT,18542,QMLE-Quote,2011-11-2,0.324306
CAT,18542,QMLE-Quote,2011-11-3,0.361659
CAT,18542,QMLE-Quote,2011-11-4,0.311892
CAT,18542,QMLE-Quote,2011-11-7,0.295931
CAT,18542,QMLE-Quote,2011-11-8,0.289818
CAT,18542,QMLE-Quote,2011-11-9,0.33427
CAT,18542,QMLE-Quote,2011-11-10,0.316492
CAT,18542,QMLE-Quote,2011-11-11,0.195521
CAT,18542,QMLE-Quote,2011-11-14,0.276407
CAT,18542,QMLE-Quote,2011-11-15,0.240624
CAT,18542,QMLE-Quote,2011-11-16,0.268519
CAT,18542,QMLE-Quote,2011-11-17,0.360882
CAT,18542,QMLE-Quote,2011-11-18,0.266832
CAT,18542,QMLE-Quote,2011-11-21,0.349732
CAT,18542,QMLE-Quote,2011-11-22,0.292176
CAT,18542,QMLE-Quote,2011-11-23,0.306673
CAT,18542,QMLE-Quote,2011-11-25,0.295356
CAT,18542,QMLE-Quote,2011-11-28,0.254111
CAT,18542,QMLE-Quote,2011-11-29,0.258868
CAT,18542,QMLE-Quote,2011-11-30,0.193329
CAT,18542,QMLE-Quote,2011-12-1,0.227308
CAT,18542,QMLE-Quote,2011-12-2,0.227156
CAT,18542,QMLE-Quote,2011-12-5,0.232346
CAT,18542,QMLE-Quote,2011-12-6,0.213276
CAT,18542,QMLE-Quote,2011-12-7,0.238961
CAT,18542,QMLE-Quote,2011-12-8,0.292728
CAT,18542,QMLE-Quote,2011-12-9,0.196618
CAT,18542,QMLE-Quote,2011-12-12,0.203313
CAT,18542,QMLE-Quote,2011-12-13,0.271907
CAT,18542,QMLE-Quote,2011-12-14,0.334271
CAT,18542,QMLE-Quote,2011-12-15,0.288193
CAT,18542,QMLE-Quote,2011-12-16,0.253826
CAT,18542,QMLE-Quote,2011-12-19,0.237779
CAT,18542,QMLE-Quote,2011-12-20,0.221104
CAT,18542,QMLE-Quote,2011-12-21,0.276243
CAT,18542,QMLE-Quote,2011-12-22,0.209184
CAT,18542,QMLE-Quote,2011-12-23,0.14425
CAT,18542,QMLE-Quote,2011-12-27,0.161052
CAT,18542,QMLE-Quote,2011-12-28,0.226521
CAT,18542,QMLE-Quote,2011-12-29,0.178318
CAT,18542,QMLE-Quote,2011-12-30,0.147584
CAT,18542,QMLE-Quote,2012-1-3,0.217132
CAT,18542,QMLE-Quote,2012-1-4,0.195641
CAT,18542,QMLE-Quote,2012-1-5,0.236793
CAT,18542,QMLE-Quote,2012-1-6,0.179331
CAT,18542,QMLE-Quote,2012-1-9,0.157022
CAT,18542,QMLE-Quote,2012-1-10,0.147441
CAT,18542,QMLE-Quote,2012-1-11,0.153267
CAT,18542,QMLE-Quote,2012-1-12,0.201003
CAT,18542,QMLE-Quote,2012-1-13,0.207516
CAT,18542,QMLE-Quote,2012-1-17,0.171459
CAT,18542,QMLE-Quote,2012-1-18,0.174513
CAT,18542,QMLE-Quote,2012-1-19,0.168783
CAT,18542,QMLE-Quote,2012-1-20,0.168376
CAT,18542,QMLE-Quote,2012-1-23,0.173455
CAT,18542,QMLE-Quote,2012-1-24,0.181039
CAT,18542,QMLE-Quote,2012-1-25,0.217411
CAT,18542,QMLE-Quote,2012-1-26,0.275629
CAT,18542,QMLE-Quote,2012-1-27,0.249843
CAT,18542,QMLE-Quote,2012-1-30,0.203283
CAT,18542,QMLE-Quote,2012-1-31,0.253994
CAT,18542,QMLE-Quote,2012-2-1,0.177016
CAT,18542,QMLE-Quote,2012-2-2,0.154458
CAT,18542,QMLE-Quote,2012-2-3,0.173613
CAT,18542,QMLE-Quote,2012-2-6,0.162886
CAT,18542,QMLE-Quote,2012-2-7,0.137548
CAT,18542,QMLE-Quote,2012-2-8,0.13729
CAT,18542,QMLE-Quote,2012-2-9,0.187718
CAT,18542,QMLE-Quote,2012-2-10,0.192964
CAT,18542,QMLE-Quote,2012-2-13,0.172394
CAT,18542,QMLE-Quote,2012-2-14,0.179166
CAT,18542,QMLE-Quote,2012-2-15,0.23686
CAT,18542,QMLE-Quote,2012-2-16,0.189067
CAT,18542,QMLE-Quote,2012-2-17,0.118527
CAT,18542,QMLE-Quote,2012-2-21,0.181007
CAT,18542,QMLE-Quote,2012-2-22,0.196001
CAT,18542,QMLE-Quote,2012-2-23,0.187397
CAT,18542,QMLE-Quote,2012-2-24,0.17276
CAT,18542,QMLE-Quote,2012-2-27,0.184956
CAT,18542,QMLE-Quote,2012-2-28,0.174663
CAT,18542,QMLE-Quote,2012-2-29,0.206373
CAT,18542,QMLE-Quote,2012-3-1,0.244961
CAT,18542,QMLE-Quote,2012-3-2,0.179092
CAT,18542,QMLE-Quote,2012-3-5,0.271971
CAT,18542,QMLE-Quote,2012-3-6,0.351959
CAT,18542,QMLE-Quote,2012-3-7,0.201605
CAT,18542,QMLE-Quote,2012-3-8,0.192782
CAT,18542,QMLE-Quote,2012-3-9,0.196045
CAT,18542,QMLE-Quote,2012-3-12,0.192731
CAT,18542,QMLE-Quote,2012-3-13,0.230115
CAT,18542,QMLE-Quote,2012-3-14,0.193907
CAT,18542,QMLE-Quote,2012-3-15,0.194481
CAT,18542,QMLE-Quote,2012-3-16,0.133853
CAT,18542,QMLE-Quote,2012-3-19,0.156974
CAT,18542,QMLE-Quote,2012-3-20,0.159004
CAT,18542,QMLE-Quote,2012-3-21,0.18868
CAT,18542,QMLE-Quote,2012-3-22,0.210265
CAT,18542,QMLE-Quote,2012-3-23,0.186512
CAT,18542,QMLE-Quote,2012-3-26,0.17908
CAT,18542,QMLE-Quote,2012-3-27,0.174421
CAT,18542,QMLE-Quote,2012-3-28,0.252745
CAT,18542,QMLE-Quote,2012-3-29,0.282881
CAT,18542,QMLE-Quote,2012-3-30,0.224083
CAT,18542,QMLE-Quote,2012-4-2,0.218927
CAT,18542,QMLE-Quote,2012-4-3,0.22693
CAT,18542,QMLE-Quote,2012-4-4,0.181942
CAT,18542,QMLE-Quote,2012-4-5,0.151259
CAT,18542,QMLE-Quote,2012-4-9,0.160671
CAT,18542,QMLE-Quote,2012-4-10,0.258811
CAT,18542,QMLE-Quote,2012-4-11,0.216608
CAT,18542,QMLE-Quote,2012-4-12,0.213397
CAT,18542,QMLE-Quote,2012-4-13,0.221541
CAT,18542,QMLE-Quote,2012-4-16,0.276158
CAT,18542,QMLE-Quote,2012-4-17,0.197902
CAT,18542,QMLE-Quote,2012-4-18,0.204959
CAT,18542,QMLE-Quote,2012-4-19,0.236371
CAT,18542,QMLE-Quote,2012-4-20,0.200768
CAT,18542,QMLE-Quote,2012-4-23,0.205745
CAT,18542,QMLE-Quote,2012-4-24,0.208461
CAT,18542,QMLE-Quote,2012-4-25,0.339781
CAT,18542,QMLE-Quote,2012-4-26,0.232947
CAT,18542,QMLE-Quote,2012-4-27,0.162888
CAT,18542,QMLE-Quote,2012-4-30,0.171176
CAT,18542,QMLE-Quote,2012-5-1,0.2003
CAT,18542,QMLE-Quote,2012-5-2,0.177655
CAT,18542,QMLE-Quote,2012-5-3,0.186469
CAT,18542,QMLE-Quote,2012-5-4,0.205615
CAT,18542,QMLE-Quote,2012-5-7,0.191509
CAT,18542,QMLE-Quote,2012-5-8,0.284672
CAT,18542,QMLE-Quote,2012-5-9,0.309795
CAT,18542,QMLE-Quote,2012-5-10,0.245704
CAT,18542,QMLE-Quote,2012-5-11,0.230422
CAT,18542,QMLE-Quote,2012-5-14,0.183118
CAT,18542,QMLE-Quote,2012-5-15,0.237141
CAT,18542,QMLE-Quote,2012-5-16,0.277047
CAT,18542,QMLE-Quote,2012-5-17,0.337771
CAT,18542,QMLE-Quote,2012-5-18,0.281123
CAT,18542,QMLE-Quote,2012-5-21,0.233338
CAT,18542,QMLE-Quote,2012-5-22,0.26953
CAT,18542,QMLE-Quote,2012-5-23,0.299358
CAT,18542,QMLE-Quote,2012-5-24,0.292259
CAT,18542,QMLE-Quote,2012-5-25,0.246745
CAT,18542,QMLE-Quote,2012-5-29,0.243928
CAT,18542,QMLE-Quote,2012-5-30,0.245776
CAT,18542,QMLE-Quote,2012-5-31,0.331426
CAT,18542,QMLE-Quote,2012-6-1,0.311091
CAT,18542,QMLE-Quote,2012-6-4,0.250516
CAT,18542,QMLE-Quote,2012-6-5,0.278749
CAT,18542,QMLE-Quote,2012-6-6,0.226231
CAT,18542,QMLE-Quote,2012-6-7,0.294381
CAT,18542,QMLE-Quote,2012-6-8,0.241302
CAT,18542,QMLE-Quote,2012-6-11,0.305259
CAT,18542,QMLE-Quote,2012-6-12,0.307594
CAT,18542,QMLE-Quote,2012-6-13,0.289731
CAT,18542,QMLE-Quote,2012-6-14,0.271436
CAT,18542,QMLE-Quote,2012-6-15,0.200527
CAT,18542,QMLE-Quote,2012-6-18,0.227707
CAT,18542,QMLE-Quote,2012-6-19,0.196003
CAT,18542,QMLE-Quote,2012-6-20,0.329315
CAT,18542,QMLE-Quote,2012-6-21,0.23686
CAT,18542,QMLE-Quote,2012-6-22,0.176433
CAT,18542,QMLE-Quote,2012-6-25,0.264672
CAT,18542,QMLE-Quote,2012-6-26,0.225164
CAT,18542,QMLE-Quote,2012-6-27,0.184816
CAT,18542,QMLE-Quote,2012-6-28,0.267974
CAT,18542,QMLE-Quote,2012-6-29,0.208164
CAT,18542,QMLE-Quote,2012-7-2,0.238414
CAT,18542,QMLE-Quote,2012-7-3,0.251701
CAT,18542,QMLE-Quote,2012-7-5,0.236958
CAT,18542,QMLE-Quote,2012-7-6,0.195224
CAT,18542,QMLE-Quote,2012-7-9,0.18928
CAT,18542,QMLE-Quote,2012-7-10,0.348841
CAT,18542,QMLE-Quote,2012-7-11,0.305364
CAT,18542,QMLE-Quote,2012-7-12,0.265526
CAT,18542,QMLE-Quote,2012-7-13,0.193036
CAT,18542,QMLE-Quote,2012-7-16,0.199757
CAT,18542,QMLE-Quote,2012-7-17,0.247242
CAT,18542,QMLE-Quote,2012-7-18,0.272634
CAT,18542,QMLE-Quote,2012-7-19,0.249545
CAT,18542,QMLE-Quote,2012-7-20,0.222492
CAT,18542,QMLE-Quote,2012-7-23,0.300399
CAT,18542,QMLE-Quote,2012-7-24,0.315241
CAT,18542,QMLE-Quote,2012-7-25,0.420681
CAT,18542,QMLE-Quote,2012-7-26,0.272146
CAT,18542,QMLE-Quote,2012-7-27,0.286146
CAT,18542,QMLE-Quote,2012-7-30,0.234395
CAT,18542,QMLE-Quote,2012-7-31,0.231152
CAT,18542,QMLE-Quote,2012-8-1,0.247408
CAT,18542,QMLE-Quote,2012-8-2,0.311636
CAT,18542,QMLE-Quote,2012-8-3,0.202789
CAT,18542,QMLE-Quote,2012-8-6,0.173254
CAT,18542,QMLE-Quote,2012-8-7,0.16084
CAT,18542,QMLE-Quote,2012-8-8,0.197156
CAT,18542,QMLE-Quote,2012-8-9,0.165662
CAT,18542,QMLE-Quote,2012-8-10,0.172169
CAT,18542,QMLE-Quote,2012-8-13,0.170808
CAT,18542,QMLE-Quote,2012-8-14,0.186183
CAT,18542,QMLE-Quote,2012-8-15,0.206712
CAT,18542,QMLE-Quote,2012-8-16,0.163255
CAT,18542,QMLE-Quote,2012-8-17,0.164903
CAT,18542,QMLE-Quote,2012-8-20,0.154437
CAT,18542,QMLE-Quote,2012-8-21,0.19097
CAT,18542,QMLE-Quote,2012-8-22,0.248165
CAT,18542,QMLE-Quote,2012-8-23,0.193857
CAT,18542,QMLE-Quote,2012-8-24,0.181301
CAT,18542,QMLE-Quote,2012-8-27,0.177048
CAT,18542,QMLE-Quote,2012-8-28,0.150732
CAT,18542,QMLE-Quote,2012-8-29,0.193968
CAT,18542,QMLE-Quote,2012-8-30,0.156578
CAT,18542,QMLE-Quote,2012-8-31,0.203853
CAT,18542,QMLE-Quote,2012-9-4,0.218538
CAT,18542,QMLE-Quote,2012-9-5,0.189372
CAT,18542,QMLE-Quote,2012-9-6,0.188313
CAT,18542,QMLE-Quote,2012-9-7,0.196953
CAT,18542,QMLE-Quote,2012-9-10,0.16882
CAT,18542,QMLE-Quote,2012-9-11,0.163825
CAT,18542,QMLE-Quote,2012-9-12,0.192417
CAT,18542,QMLE-Quote,2012-9-13,0.240379
CAT,18542,QMLE-Quote,2012-9-14,0.235094
CAT,18542,QMLE-Quote,2012-9-17,0.206861
CAT,18542,QMLE-Quote,2012-9-18,0.186819
CAT,18542,QMLE-Quote,2012-9-19,0.173844
CAT,18542,QMLE-Quote,2012-9-20,0.212631
CAT,18542,QMLE-Quote,2012-9-21,0.204755
CAT,18542,QMLE-Quote,2012-9-24,0.21301
CAT,18542,QMLE-Quote,2012-9-25,0.265576
CAT,18542,QMLE-Quote,2012-9-26,0.259093
CAT,18542,QMLE-Quote,2012-9-27,0.217104
CAT,18542,QMLE-Quote,2012-9-28,0.220792
CAT,18542,QMLE-Quote,2012-10-1,0.225788
CAT,18542,QMLE-Quote,2012-10-2,0.209864
CAT,18542,QMLE-Quote,2012-10-3,0.164883
CAT,18542,QMLE-Quote,2012-10-4,0.164186
CAT,18542,QMLE-Quote,2012-10-5,0.164312
CAT,18542,QMLE-Quote,2012-10-8,0.156842
CAT,18542,QMLE-Quote,2012-10-9,0.182806
CAT,18542,QMLE-Quote,2012-10-10,0.224275
CAT,18542,QMLE-Quote,2012-10-11,0.21678
CAT,18542,QMLE-Quote,2012-10-12,0.188443
CAT,18542,QMLE-Quote,2012-10-15,0.177749
CAT,18542,QMLE-Quote,2012-10-16,0.126354
CAT,18542,QMLE-Quote,2012-10-17,0.171566
CAT,18542,QMLE-Quote,2012-10-18,0.195807
CAT,18542,QMLE-Quote,2012-10-19,0.184361
CAT,18542,QMLE-Quote,2012-10-22,0.381151
CAT,18542,QMLE-Quote,2012-10-23,0.218963
CAT,18542,QMLE-Quote,2012-10-24,0.189732
CAT,18542,QMLE-Quote,2012-10-25,0.164808
CAT,18542,QMLE-Quote,2012-10-26,0.195253
CAT,18542,QMLE-Quote,2012-10-31,0.196903
CAT,18542,QMLE-Quote,2012-11-1,0.179355
CAT,18542,QMLE-Quote,2012-11-2,0.198464
CAT,18542,QMLE-Quote,2012-11-5,0.169414
CAT,18542,QMLE-Quote,2012-11-6,0.150532
CAT,18542,QMLE-Quote,2012-11-7,0.269905
CAT,18542,QMLE-Quote,2012-11-8,0.224761
CAT,18542,QMLE-Quote,2012-11-9,0.228418
CAT,18542,QMLE-Quote,2012-11-12,0.147007
CAT,18542,QMLE-Quote,2012-11-13,0.174863
CAT,18542,QMLE-Quote,2012-11-14,0.233612
CAT,18542,QMLE-Quote,2012-11-15,0.268995
CAT,18542,QMLE-Quote,2012-11-16,0.240161
CAT,18542,QMLE-Quote,2012-11-19,0.153923
CAT,18542,QMLE-Quote,2012-11-20,0.192261
CAT,18542,QMLE-Quote,2012-11-21,0.162116
CAT,18542,QMLE-Quote,2012-11-23,0.168026
CAT,18542,QMLE-Quote,2012-11-26,0.150381
CAT,18542,QMLE-Quote,2012-11-27,0.135609
CAT,18542,QMLE-Quote,2012-11-28,0.215613
CAT,18542,QMLE-Quote,2012-11-29,0.188341
CAT,18542,QMLE-Quote,2012-11-30,0.143548
CAT,18542,QMLE-Quote,2012-12-3,0.154252
CAT,18542,QMLE-Quote,2012-12-4,0.182607
CAT,18542,QMLE-Quote,2012-12-5,0.197582
CAT,18542,QMLE-Quote,2012-12-6,0.173066
CAT,18542,QMLE-Quote,2012-12-7,0.169918
CAT,18542,QMLE-Quote,2012-12-10,0.123603
CAT,18542,QMLE-Quote,2012-12-11,0.161081
CAT,18542,QMLE-Quote,2012-12-12,0.18261
CAT,18542,QMLE-Quote,2012-12-13,0.167073
CAT,18542,QMLE-Quote,2012-12-14,0.158295
CAT,18542,QMLE-Quote,2012-12-17,0.128436
CAT,18542,QMLE-Quote,2012-12-18,0.122941
CAT,18542,QMLE-Quote,2012-12-19,0.11756
CAT,18542,QMLE-Quote,2012-12-20,0.169758
CAT,18542,QMLE-Quote,2012-12-21,0.253446
CAT,18542,QMLE-Quote,2012-12-24,0.141865
CAT,18542,QMLE-Quote,2012-12-26,0.151372
CAT,18542,QMLE-Quote,2012-12-27,0.185433
CAT,18542,QMLE-Quote,2012-12-28,0.143874
CAT,18542,QMLE-Quote,2012-12-31,0.251338
CAT,18542,QMLE-Quote,2013-1-2,0.179454
CAT,18542,QMLE-Quote,2013-1-3,0.129428
CAT,18542,QMLE-Quote,2013-1-4,0.114865
CAT,18542,QMLE-Quote,2013-1-7,0.109154
CAT,18542,QMLE-Quote,2013-1-8,0.132354
CAT,18542,QMLE-Quote,2013-1-9,0.10364
CAT,18542,QMLE-Quote,2013-1-10,0.123286
CAT,18542,QMLE-Quote,2013-1-11,0.114215
CAT,18542,QMLE-Quote,2013-1-14,0.123251
CAT,18542,QMLE-Quote,2013-1-15,0.127364
CAT,18542,QMLE-Quote,2013-1-16,0.111923
CAT,18542,QMLE-Quote,2013-1-17,0.132428
CAT,18542,QMLE-Quote,2013-1-18,0.13272
CAT,18542,QMLE-Quote,2013-1-22,0.19775
CAT,18542,QMLE-Quote,2013-1-23,0.112532
CAT,18542,QMLE-Quote,2013-1-24,0.159997
CAT,18542,QMLE-Quote,2013-1-25,0.19865
CAT,18542,QMLE-Quote,2013-1-28,0.289261
CAT,18542,QMLE-Quote,2013-1-29,0.208855
CAT,18542,QMLE-Quote,2013-1-30,0.125123
CAT,18542,QMLE-Quote,2013-1-31,0.114788
CAT,18542,QMLE-Quote,2013-2-1,0.10876
CAT,18542,QMLE-Quote,2013-2-4,0.133685
CAT,18542,QMLE-Quote,2013-2-5,0.122853
CAT,18542,QMLE-Quote,2013-2-6,0.139241
CAT,18542,QMLE-Quote,2013-2-7,0.192707
CAT,18542,QMLE-Quote,2013-2-8,0.154087
CAT,18542,QMLE-Quote,2013-2-11,0.095062
CAT,18542,QMLE-Quote,2013-2-12,0.115508
CAT,18542,QMLE-Quote,2013-2-13,0.132019
CAT,18542,QMLE-Quote,2013-2-14,0.120004
CAT,18542,QMLE-Quote,2013-2-15,0.136646
CAT,18542,QMLE-Quote,2013-2-19,0.126906
CAT,18542,QMLE-Quote,2013-2-20,0.212814
CAT,18542,QMLE-Quote,2013-2-21,0.194654
CAT,18542,QMLE-Quote,2013-2-22,0.172412
CAT,18542,QMLE-Quote,2013-2-25,0.189506
CAT,18542,QMLE-Quote,2013-2-26,0.225867
CAT,18542,QMLE-Quote,2013-2-27,0.18999
CAT,18542,QMLE-Quote,2013-2-28,0.154927
CAT,18542,QMLE-Quote,2013-3-1,0.215641
CAT,18542,QMLE-Quote,2013-3-4,0.178605
CAT,18542,QMLE-Quote,2013-3-5,0.157629
CAT,18542,QMLE-Quote,2013-3-6,0.172515
CAT,18542,QMLE-Quote,2013-3-7,0.148979
CAT,18542,QMLE-Quote,2013-3-8,0.134866
CAT,18542,QMLE-Quote,2013-3-11,0.13499
CAT,18542,QMLE-Quote,2013-3-12,0.1724
CAT,18542,QMLE-Quote,2013-3-13,0.150606
CAT,18542,QMLE-Quote,2013-3-14,0.144505
CAT,18542,QMLE-Quote,2013-3-15,0.123566
CAT,18542,QMLE-Quote,2013-3-18,0.153596
CAT,18542,QMLE-Quote,2013-3-19,0.177733
CAT,18542,QMLE-Quote,2013-3-20,0.224401
CAT,18542,QMLE-Quote,2013-3-21,0.192617
CAT,18542,QMLE-Quote,2013-3-22,0.122869
CAT,18542,QMLE-Quote,2013-3-25,0.171883
CAT,18542,QMLE-Quote,2013-3-26,0.0978167
CAT,18542,QMLE-Quote,2013-3-27,0.145734
CAT,18542,QMLE-Quote,2013-3-28,0.164546
CAT,18542,QMLE-Quote,2013-4-1,0.104863
CAT,18542,QMLE-Quote,2013-4-2,0.126508
CAT,18542,QMLE-Quote,2013-4-3,0.19874
CAT,18542,QMLE-Quote,2013-4-4,0.139826
CAT,18542,QMLE-Quote,2013-4-5,0.169905
CAT,18542,QMLE-Quote,2013-4-8,0.17909
CAT,18542,QMLE-Quote,2013-4-9,0.168122
CAT,18542,QMLE-Quote,2013-4-10,0.1436
CAT,18542,QMLE-Quote,2013-4-11,0.14314
CAT,18542,QMLE-Quote,2013-4-12,0.135365
CAT,18542,QMLE-Quote,2013-4-15,0.193014
CAT,18542,QMLE-Quote,2013-4-16,0.150355
CAT,18542,QMLE-Quote,2013-4-17,0.211324
CAT,18542,QMLE-Quote,2013-4-18,0.237287
CAT,18542,QMLE-Quote,2013-4-19,0.201635
CAT,18542,QMLE-Quote,2013-4-22,0.330729
CAT,18542,QMLE-Quote,2013-4-23,0.253691
CAT,18542,QMLE-Quote,2013-4-24,0.16735
CAT,18542,QMLE-Quote,2013-4-25,0.153055
CAT,18542,QMLE-Quote,2013-4-26,0.161311
CAT,18542,QMLE-Quote,2013-4-29,0.176795
CAT,18542,QMLE-Quote,2013-4-30,0.188567
CAT,18542,QMLE-Quote,2013-5-1,0.197756
CAT,18542,QMLE-Quote,2013-5-2,0.128052
CAT,18542,QMLE-Quote,2013-5-3,0.171881
CAT,18542,QMLE-Quote,2013-5-6,0.147095
CAT,18542,QMLE-Quote,2013-5-7,0.138064
CAT,18542,QMLE-Quote,2013-5-8,0.167546
CAT,18542,QMLE-Quote,2013-5-9,0.146173
CAT,18542,QMLE-Quote,2013-5-10,0.211783
CAT,18542,QMLE-Quote,2013-5-13,0.17703
CAT,18542,QMLE-Quote,2013-5-14,0.151382
CAT,18542,QMLE-Quote,2013-5-15,0.139186
CAT,18542,QMLE-Quote,2013-5-16,0.175683
CAT,18542,QMLE-Quote,2013-5-17,0.154463
CAT,18542,QMLE-Quote,2013-5-20,0.156294
CAT,18542,QMLE-Quote,2013-5-21,0.155915
CAT,18542,QMLE-Quote,2013-5-22,0.251552
CAT,18542,QMLE-Quote,2013-5-23,0.170509
CAT,18542,QMLE-Quote,2013-5-24,0.129335
CAT,18542,QMLE-Quote,2013-5-28,0.161942
CAT,18542,QMLE-Quote,2013-5-29,0.189202
CAT,18542,QMLE-Quote,2013-5-30,0.171837
CAT,18542,QMLE-Quote,2013-5-31,0.146925
CAT,18542,QMLE-Quote,2013-6-3,0.141664
CAT,18542,QMLE-Quote,2013-6-4,0.153823
CAT,18542,QMLE-Quote,2013-6-5,0.164068
CAT,18542,QMLE-Quote,2013-6-6,0.179219
CAT,18542,QMLE-Quote,2013-6-7,0.16322
CAT,18542,QMLE-Quote,2013-6-10,0.143725
CAT,18542,QMLE-Quote,2013-6-11,0.177104
CAT,18542,QMLE-Quote,2013-6-12,0.164579
CAT,18542,QMLE-Quote,2013-6-13,0.140274
CAT,18542,QMLE-Quote,2013-6-14,0.165281
CAT,18542,QMLE-Quote,2013-6-17,0.188258
CAT,18542,QMLE-Quote,2013-6-18,0.123525
CAT,18542,QMLE-Quote,2013-6-19,0.205693
CAT,18542,QMLE-Quote,2013-6-20,0.238191
CAT,18542,QMLE-Quote,2013-6-21,0.258092
CAT,18542,QMLE-Quote,2013-6-24,0.237715
CAT,18542,QMLE-Quote,2013-6-25,0.192628
CAT,18542,QMLE-Quote,2013-6-26,0.148004
CAT,18542,QMLE-Quote,2013-6-27,0.141716
CAT,18542,QMLE-Quote,2013-6-28,0.166418
CAT,18542,QMLE-Quote,2013-7-1,0.151887
CAT,18542,QMLE-Quote,2013-7-2,0.15399
CAT,18542,QMLE-Quote,2013-7-3,0.198746
CAT,18542,QMLE-Quote,2013-7-5,0.148453
CAT,18542,QMLE-Quote,2013-7-8,0.117008
CAT,18542,QMLE-Quote,2013-7-9,0.155537
CAT,18542,QMLE-Quote,2013-7-10,0.1686
CAT,18542,QMLE-Quote,2013-7-11,0.156444
CAT,18542,QMLE-Quote,2013-7-12,0.119874
CAT,18542,QMLE-Quote,2013-7-15,0.12195
CAT,18542,QMLE-Quote,2013-7-16,0.128665
CAT,18542,QMLE-Quote,2013-7-17,0.247542
CAT,18542,QMLE-Quote,2013-7-18,0.169015
CAT,18542,QMLE-Quote,2013-7-19,0.144268
CAT,18542,QMLE-Quote,2013-7-22,0.167901
CAT,18542,QMLE-Quote,2013-7-23,0.157749
CAT,18542,QMLE-Quote,2013-7-24,0.277945
CAT,18542,QMLE-Quote,2013-7-25,0.164042
CAT,18542,QMLE-Quote,2013-7-26,0.11203
CAT,18542,QMLE-Quote,2013-7-29,0.175944
CAT,18542,QMLE-Quote,2013-7-30,0.153658
CAT,18542,QMLE-Quote,2013-7-31,0.148605
CAT,18542,QMLE-Quote,2013-8-1,0.134716
CAT,18542,QMLE-Quote,2013-8-2,0.14181
CAT,18542,QMLE-Quote,2013-8-5,0.142781
CAT,18542,QMLE-Quote,2013-8-6,0.149507
CAT,18542,QMLE-Quote,2013-8-7,0.134948
CAT,18542,QMLE-Quote,2013-8-8,0.165118
CAT,18542,QMLE-Quote,2013-8-9,0.169556
CAT,18542,QMLE-Quote,2013-8-12,0.176394
CAT,18542,QMLE-Quote,2013-8-13,0.16815
CAT,18542,QMLE-Quote,2013-8-14,0.186559
CAT,18542,QMLE-Quote,2013-8-15,0.19343
CAT,18542,QMLE-Quote,2013-8-16,0.173788
CAT,18542,QMLE-Quote,2013-8-19,0.161699
CAT,18542,QMLE-Quote,2013-8-20,0.172107
CAT,18542,QMLE-Quote,2013-8-21,0.176178
CAT,18542,QMLE-Quote,2013-8-22,0.165382
CAT,18542,QMLE-Quote,2013-8-23,0.17658
CAT,18542,QMLE-Quote,2013-8-26,0.150002
CAT,18542,QMLE-Quote,2013-8-27,0.156419
CAT,18542,QMLE-Quote,2013-8-28,0.197951
CAT,18542,QMLE-Quote,2013-8-29,0.178374
CAT,18542,QMLE-Quote,2013-8-30,0.146632
CAT,18542,QMLE-Quote,2013-9-3,0.165937
CAT,18542,QMLE-Quote,2013-9-4,0.140319
CAT,18542,QMLE-Quote,2013-9-5,0.138724
CAT,18542,QMLE-Quote,2013-9-6,0.181496
CAT,18542,QMLE-Quote,2013-9-9,0.177173
CAT,18542,QMLE-Quote,2013-9-10,0.1644
CAT,18542,QMLE-Quote,2013-9-11,0.127993
CAT,18542,QMLE-Quote,2013-9-12,0.117702
CAT,18542,QMLE-Quote,2013-9-13,0.116645
CAT,18542,QMLE-Quote,2013-9-16,0.146034
CAT,18542,QMLE-Quote,2013-9-17,0.158026
CAT,18542,QMLE-Quote,2013-9-18,0.167822
CAT,18542,QMLE-Quote,2013-9-19,0.137941
CAT,18542,QMLE-Quote,2013-9-20,0.189738
CAT,18542,QMLE-Quote,2013-9-23,0.157873
CAT,18542,QMLE-Quote,2013-9-24,0.152973
CAT,18542,QMLE-Quote,2013-9-25,0.140476
CAT,18542,QMLE-Quote,2013-9-26,0.138707
CAT,18542,QMLE-Quote,2013-9-27,0.120743
CAT,18542,QMLE-Quote,2013-9-30,0.126952
CAT,18542,QMLE-Quote,2013-10-1,0.123632
CAT,18542,QMLE-Quote,2013-10-2,0.140905
CAT,18542,QMLE-Quote,2013-10-3,0.122653
CAT,18542,QMLE-Quote,2013-10-4,0.11199
CAT,18542,QMLE-Quote,2013-10-7,0.137563
CAT,18542,QMLE-Quote,2013-10-8,0.122667
CAT,18542,QMLE-Quote,2013-10-9,0.147767
CAT,18542,QMLE-Quote,2013-10-10,0.125998
CAT,18542,QMLE-Quote,2013-10-11,0.105423
CAT,18542,QMLE-Quote,2013-10-14,0.110622
CAT,18542,QMLE-Quote,2013-10-15,0.137306
CAT,18542,QMLE-Quote,2013-10-16,0.127099
CAT,18542,QMLE-Quote,2013-10-17,0.0924972
CAT,18542,QMLE-Quote,2013-10-18,0.140579
CAT,18542,QMLE-Quote,2013-10-21,0.115269
CAT,18542,QMLE-Quote,2013-10-22,0.14275
CAT,18542,QMLE-Quote,2013-10-23,0.261011
CAT,18542,QMLE-Quote,2013-10-24,0.174533
CAT,18542,QMLE-Quote,2013-10-25,0.149361
CAT,18542,QMLE-Quote,2013-10-28,0.121856
CAT,18542,QMLE-Quote,2013-10-29,0.132072
CAT,18542,QMLE-Quote,2013-10-30,0.135782
CAT,18542,QMLE-Quote,2013-10-31,0.160061
CAT,18542,QMLE-Quote,2013-11-1,0.151732
CAT,18542,QMLE-Quote,2013-11-4,0.0910741
CAT,18542,QMLE-Quote,2013-11-5,0.108978
CAT,18542,QMLE-Quote,2013-11-6,0.0952678
CAT,18542,QMLE-Quote,2013-11-7,0.152056
CAT,18542,QMLE-Quote,2013-11-8,0.122364
CAT,18542,QMLE-Quote,2013-11-11,0.0943761
CAT,18542,QMLE-Quote,2013-11-12,0.0947563
CAT,18542,QMLE-Quote,2013-11-13,0.107637
CAT,18542,QMLE-Quote,2013-11-14,0.101602
CAT,18542,QMLE-Quote,2013-11-15,0.0933203
CAT,18542,QMLE-Quote,2013-11-18,0.122428
CAT,18542,QMLE-Quote,2013-11-19,0.138801
CAT,18542,QMLE-Quote,2013-11-20,0.169365
CAT,18542,QMLE-Quote,2013-11-21,0.138573
CAT,18542,QMLE-Quote,2013-11-22,0.100964
CAT,18542,QMLE-Quote,2013-11-25,0.142282
CAT,18542,QMLE-Quote,2013-11-26,0.0980214
CAT,18542,QMLE-Quote,2013-11-27,0.0891509
CAT,18542,QMLE-Quote,2013-11-29,0.124184
CAT,18542,QMLE-Quote,2013-12-2,0.128126
CAT,18542,QMLE-Quote,2013-12-3,0.110525
CAT,18542,QMLE-Quote,2013-12-4,0.158554
CAT,18542,QMLE-Quote,2013-12-5,0.118114
CAT,18542,QMLE-Quote,2013-12-6,0.1323
CAT,18542,QMLE-Quote,2013-12-9,0.116976
CAT,18542,QMLE-Quote,2013-12-10,0.114112
CAT,18542,QMLE-Quote,2013-12-11,0.136475
CAT,18542,QMLE-Quote,2013-12-12,0.107224
CAT,18542,QMLE-Quote,2013-12-13,0.0952054
CAT,18542,QMLE-Quote,2013-12-16,0.11257
CAT,18542,QMLE-Quote,2013-12-17,0.119267
CAT,18542,QMLE-Quote,2013-12-18,0.178867
CAT,18542,QMLE-Quote,2013-12-19,0.105258
CAT,18542,QMLE-Quote,2013-12-20,0.103594
CAT,18542,QMLE-Quote,2013-12-23,0.0940659
CAT,18542,QMLE-Quote,2013-12-24,0.120635
CAT,18542,QMLE-Quote,2013-12-26,0.127764
CAT,18542,QMLE-Quote,2013-12-27,0.12028
CAT,18542,QMLE-Quote,2013-12-30,0.0955358
CAT,18542,QMLE-Quote,2013-12-31,0.0984163
CAT,18542,QMLE-Quote,2014-1-2,0.150449
CAT,18542,QMLE-Quote,2014-1-3,0.102919
CAT,18542,QMLE-Quote,2014-1-6,0.164568
CAT,18542,QMLE-Quote,2014-1-7,0.126345
CAT,18542,QMLE-Quote,2014-1-8,0.155574
CAT,18542,QMLE-Quote,2014-1-9,0.124145
CAT,18542,QMLE-Quote,2014-1-10,0.135942
CAT,18542,QMLE-Quote,2014-1-13,0.146866
CAT,18542,QMLE-Quote,2014-1-14,0.119438
CAT,18542,QMLE-Quote,2014-1-15,0.171837
CAT,18542,QMLE-Quote,2014-1-16,0.137421
CAT,18542,QMLE-Quote,2014-1-17,0.118463
CAT,18542,QMLE-Quote,2014-1-21,0.166582
CAT,18542,QMLE-Quote,2014-1-22,0.141853
CAT,18542,QMLE-Quote,2014-1-23,0.164841
CAT,18542,QMLE-Quote,2014-1-24,0.229239
CAT,18542,QMLE-Quote,2014-1-27,0.43436
CAT,18542,QMLE-Quote,2014-1-28,0.153304
CAT,18542,QMLE-Quote,2014-1-29,0.210042
CAT,18542,QMLE-Quote,2014-1-30,0.181294
CAT,18542,QMLE-Quote,2014-1-31,0.19919
CAT,18542,QMLE-Quote,2014-2-3,0.224789
CAT,18542,QMLE-Quote,2014-2-4,0.195285
CAT,18542,QMLE-Quote,2014-2-5,0.205698
CAT,18542,QMLE-Quote,2014-2-6,0.166599
CAT,18542,QMLE-Quote,2014-2-7,0.16214
CAT,18542,QMLE-Quote,2014-2-10,0.149372
CAT,18542,QMLE-Quote,2014-2-11,0.152585
CAT,18542,QMLE-Quote,2014-2-12,0.169836
CAT,18542,QMLE-Quote,2014-2-13,0.132236
CAT,18542,QMLE-Quote,2014-2-14,0.124236
CAT,18542,QMLE-Quote,2014-2-18,0.126627
CAT,18542,QMLE-Quote,2014-2-19,0.151379
CAT,18542,QMLE-Quote,2014-2-20,0.201358
CAT,18542,QMLE-Quote,2014-2-21,0.156441
CAT,18542,QMLE-Quote,2014-2-24,0.127474
CAT,18542,QMLE-Quote,2014-2-25,0.164504
CAT,18542,QMLE-Quote,2014-2-26,0.146953
CAT,18542,QMLE-Quote,2014-2-27,0.149324
CAT,18542,QMLE-Quote,2014-2-28,0.158794
CAT,18542,QMLE-Quote,2014-3-3,0.168302
CAT,18542,QMLE-Quote,2014-3-4,0.129722
CAT,18542,QMLE-Quote,2014-3-5,0.158374
CAT,18542,QMLE-Quote,2014-3-6,0.175046
CAT,18542,QMLE-Quote,2014-3-7,0.152599
CAT,18542,QMLE-Quote,2014-3-10,0.130955
CAT,18542,QMLE-Quote,2014-3-11,0.151773
CAT,18542,QMLE-Quote,2014-3-12,0.155156
CAT,18542,QMLE-Quote,2014-3-13,0.168086
CAT,18542,QMLE-Quote,2014-3-14,0.179476
CAT,18542,QMLE-Quote,2014-3-17,0.13883
CAT,18542,QMLE-Quote,2014-3-18,0.101095
CAT,18542,QMLE-Quote,2014-3-19,0.144309
CAT,18542,QMLE-Quote,2014-3-20,0.177126
CAT,18542,QMLE-Quote,2014-3-21,0.0988418
CAT,18542,QMLE-Quote,2014-3-24,0.146633
CAT,18542,QMLE-Quote,2014-3-25,0.180797
CAT,18542,QMLE-Quote,2014-3-26,0.170698
CAT,18542,QMLE-Quote,2014-3-27,0.154158
CAT,18542,QMLE-Quote,2014-3-28,0.102118
CAT,18542,QMLE-Quote,2014-3-31,0.189352
CAT,18542,QMLE-Quote,2014-4-1,0.132463
CAT,18542,QMLE-Quote,2014-4-2,0.15772
CAT,18542,QMLE-Quote,2014-4-3,0.192301
CAT,18542,QMLE-Quote,2014-4-4,0.113775
CAT,18542,QMLE-Quote,2014-4-7,0.123653
CAT,18542,QMLE-Quote,2014-4-8,0.192557
CAT,18542,QMLE-Quote,2014-4-9,0.158439
CAT,18542,QMLE-Quote,2014-4-10,0.166441
CAT,18542,QMLE-Quote,2014-4-11,0.182592
CAT,18542,QMLE-Quote,2014-4-14,0.1798
CAT,18542,QMLE-Quote,2014-4-15,0.206568
CAT,18542,QMLE-Quote,2014-4-16,0.152765
CAT,18542,QMLE-Quote,2014-4-17,0.113074
CAT,18542,QMLE-Quote,2014-4-21,0.143752
CAT,18542,QMLE-Quote,2014-4-22,0.124152
CAT,18542,QMLE-Quote,2014-4-23,0.177757
CAT,18542,QMLE-Quote,2014-4-24,0.311575
CAT,18542,QMLE-Quote,2014-4-25,0.180974
CAT,18542,QMLE-Quote,2014-4-28,0.160106
CAT,18542,QMLE-Quote,2014-4-29,0.132958
CAT,18542,QMLE-Quote,2014-4-30,0.137242
CAT,18542,QMLE-Quote,2014-5-1,0.116095
CAT,18542,QMLE-Quote,2014-5-2,0.118526
CAT,18542,QMLE-Quote,2014-5-5,0.13596
CAT,18542,QMLE-Quote,2014-5-6,0.121563
CAT,18542,QMLE-Quote,2014-5-7,0.149539
CAT,18542,QMLE-Quote,2014-5-8,0.117618
CAT,18542,QMLE-Quote,2014-5-9,0.113887
CAT,18542,QMLE-Quote,2014-5-12,0.115162
CAT,18542,QMLE-Quote,2014-5-13,0.112995
CAT,18542,QMLE-Quote,2014-5-14,0.111142
CAT,18542,QMLE-Quote,2014-5-15,0.158243
CAT,18542,QMLE-Quote,2014-5-16,0.11959
CAT,18542,QMLE-Quote,2014-5-19,0.126574
CAT,18542,QMLE-Quote,2014-5-20,0.199708
CAT,18542,QMLE-Quote,2014-5-21,0.146693
CAT,18542,QMLE-Quote,2014-5-22,0.130997
CAT,18542,QMLE-Quote,2014-5-23,0.111568
CAT,18542,QMLE-Quote,2014-5-27,0.100779
CAT,18542,QMLE-Quote,2014-5-28,0.121619
CAT,18542,QMLE-Quote,2014-5-29,0.120416
CAT,18542,QMLE-Quote,2014-5-30,0.11784
CAT,18542,QMLE-Quote,2014-6-2,0.130383
CAT,18542,QMLE-Quote,2014-6-3,0.120386
CAT,18542,QMLE-Quote,2014-6-4,0.115029
CAT,18542,QMLE-Quote,2014-6-5,0.140529
CAT,18542,QMLE-Quote,2014-6-6,0.0910366
CAT,18542,QMLE-Quote,2014-6-9,0.13537
CAT,18542,QMLE-Quote,2014-6-10,0.0877009
CAT,18542,QMLE-Quote,2014-6-11,0.0915344
CAT,18542,QMLE-Quote,2014-6-12,0.143629
CAT,18542,QMLE-Quote,2014-6-13,0.125094
CAT,18542,QMLE-Quote,2014-6-16,0.133845
CAT,18542,QMLE-Quote,2014-6-17,0.114289
CAT,18542,QMLE-Quote,2014-6-18,0.123614
CAT,18542,QMLE-Quote,2014-6-19,0.104898
CAT,18542,QMLE-Quote,2014-6-20,0.117433
CAT,18542,QMLE-Quote,2014-6-23,0.124545
CAT,18542,QMLE-Quote,2014-6-24,0.150822
CAT,18542,QMLE-Quote,2014-6-25,0.129225
CAT,18542,QMLE-Quote,2014-6-26,0.12203
CAT,18542,QMLE-Quote,2014-6-27,0.127931
CAT,18542,QMLE-Quote,2014-6-30,0.149012
CAT,18542,QMLE-Quote,2014-7-1,0.121321
CAT,18542,QMLE-Quote,2014-7-2,0.105441
CAT,18542,QMLE-Quote,2014-7-3,0.14086
CAT,18542,QMLE-Quote,2014-7-7,0.119692
CAT,18542,QMLE-Quote,2014-7-8,0.128644
CAT,18542,QMLE-Quote,2014-7-9,0.0985827
CAT,18542,QMLE-Quote,2014-7-10,0.136308
CAT,18542,QMLE-Quote,2014-7-11,0.119142
CAT,18542,QMLE-Quote,2014-7-14,0.104399
CAT,18542,QMLE-Quote,2014-7-15,0.116357
CAT,18542,QMLE-Quote,2014-7-16,0.117316
CAT,18542,QMLE-Quote,2014-7-17,0.145419
CAT,18542,QMLE-Quote,2014-7-18,0.116282
CAT,18542,QMLE-Quote,2014-7-21,0.114048
CAT,18542,QMLE-Quote,2014-7-22,0.121185
CAT,18542,QMLE-Quote,2014-7-23,0.168867
CAT,18542,QMLE-Quote,2014-7-24,0.280501
CAT,18542,QMLE-Quote,2014-7-25,0.114656
CAT,18542,QMLE-Quote,2014-7-28,0.158358
CAT,18542,QMLE-Quote,2014-7-29,0.159691
CAT,18542,QMLE-Quote,2014-7-30,0.174069
CAT,18542,QMLE-Quote,2014-7-31,0.200121
CAT,18542,QMLE-Quote,2014-8-1,0.212931
CAT,18542,QMLE-Quote,2014-8-4,0.148972
CAT,18542,QMLE-Quote,2014-8-5,0.185064
CAT,18542,QMLE-Quote,2014-8-6,0.123384
CAT,18542,QMLE-Quote,2014-8-7,0.190592
CAT,18542,QMLE-Quote,2014-8-8,0.130512
CAT,18542,QMLE-Quote,2014-8-11,0.120656
CAT,18542,QMLE-Quote,2014-8-12,0.133605
CAT,18542,QMLE-Quote,2014-8-13,0.115523
CAT,18542,QMLE-Quote,2014-8-14,0.113859
CAT,18542,QMLE-Quote,2014-8-15,0.150426
CAT,18542,QMLE-Quote,2014-8-18,0.102513
CAT,18542,QMLE-Quote,2014-8-19,0.0999122
CAT,18542,QMLE-Quote,2014-8-20,0.139508
CAT,18542,QMLE-Quote,2014-8-21,0.109312
CAT,18542,QMLE-Quote,2014-8-22,0.15042
CAT,18542,QMLE-Quote,2014-8-25,0.126604
CAT,18542,QMLE-Quote,2014-8-26,0.0937936
CAT,18542,QMLE-Quote,2014-8-27,0.0858591
CAT,18542,QMLE-Quote,2014-8-28,0.10704
CAT,18542,QMLE-Quote,2014-8-29,0.0942584
CAT,18542,QMLE-Quote,2014-9-2,0.102859
CAT,18542,QMLE-Quote,2014-9-3,0.124818
CAT,18542,QMLE-Quote,2014-9-4,0.126942
CAT,18542,QMLE-Quote,2014-9-5,0.119451
CAT,18542,QMLE-Quote,2014-9-8,0.12653
CAT,18542,QMLE-Quote,2014-9-9,0.109168
CAT,18542,QMLE-Quote,2014-9-10,0.137998
CAT,18542,QMLE-Quote,2014-9-11,0.126388
CAT,18542,QMLE-Quote,2014-9-12,0.111626
CAT,18542,QMLE-Quote,2014-9-15,0.150237
CAT,18542,QMLE-Quote,2014-9-16,0.149245
CAT,18542,QMLE-Quote,2014-9-17,0.147101
CAT,18542,QMLE-Quote,2014-9-18,0.114018
CAT,18542,QMLE-Quote,2014-9-19,0.167686
CAT,18542,QMLE-Quote,2014-9-22,0.122919
CAT,18542,QMLE-Quote,2014-9-23,0.174714
CAT,18542,QMLE-Quote,2014-9-24,0.120343
CAT,18542,QMLE-Quote,2014-9-25,0.142119
CAT,18542,QMLE-Quote,2014-9-26,0.111535
CAT,18542,QMLE-Quote,2014-9-29,0.166865
CAT,18542,QMLE-Quote,2014-9-30,0.149846
CAT,18542,QMLE-Quote,2014-10-1,0.157814
CAT,18542,QMLE-Quote,2014-10-2,0.158913
CAT,18542,QMLE-Quote,2014-10-3,0.155962
CAT,18542,QMLE-Quote,2014-10-6,0.143275
CAT,18542,QMLE-Quote,2014-10-7,0.169172
CAT,18542,QMLE-Quote,2014-10-8,0.204906
CAT,18542,QMLE-Quote,2014-10-9,0.245908
CAT,18542,QMLE-Quote,2014-10-10,0.32346
CAT,18542,QMLE-Quote,2014-10-13,0.262794
CAT,18542,QMLE-Quote,2014-10-14,0.277717
CAT,18542,QMLE-Quote,2014-10-15,0.421217
CAT,18542,QMLE-Quote,2014-10-16,0.391028
CAT,18542,QMLE-Quote,2014-10-17,0.21903
CAT,18542,QMLE-Quote,2014-10-20,0.216313
CAT,18542,QMLE-Quote,2014-10-21,0.173613
CAT,18542,QMLE-Quote,2014-10-22,0.198518
CAT,18542,QMLE-Quote,2014-10-23,0.358616
CAT,18542,QMLE-Quote,2014-10-24,0.20299
CAT,18542,QMLE-Quote,2014-10-27,0.191048
CAT,18542,QMLE-Quote,2014-10-28,0.183761
CAT,18542,QMLE-Quote,2014-10-29,0.184155
CAT,18542,QMLE-Quote,2014-10-30,0.206766
CAT,18542,QMLE-Quote,2014-10-31,0.17925
CAT,18542,QMLE-Quote,2014-11-3,0.164158
CAT,18542,QMLE-Quote,2014-11-4,0.185053
CAT,18542,QMLE-Quote,2014-11-5,0.15743
CAT,18542,QMLE-Quote,2014-11-6,0.153982
CAT,18542,QMLE-Quote,2014-11-7,0.125309
CAT,18542,QMLE-Quote,2014-11-10,0.127081
CAT,18542,QMLE-Quote,2014-11-11,0.135916
CAT,18542,QMLE-Quote,2014-11-12,0.141301
CAT,18542,QMLE-Quote,2014-11-13,0.183802
CAT,18542,QMLE-Quote,2014-11-14,0.144885
CAT,18542,QMLE-Quote,2014-11-17,0.11673
CAT,18542,QMLE-Quote,2014-11-18,0.131527
CAT,18542,QMLE-Quote,2014-11-19,0.156596
CAT,18542,QMLE-Quote,2014-11-20,0.150867
CAT,18542,QMLE-Quote,2014-11-21,0.202592
CAT,18542,QMLE-Quote,2014-11-24,0.122659
CAT,18542,QMLE-Quote,2014-11-25,0.133084
CAT,18542,QMLE-Quote,2014-11-26,0.11015
CAT,18542,QMLE-Quote,2014-11-28,0.338755
CAT,18542,QMLE-Quote,2014-12-1,0.22588
CAT,18542,QMLE-Quote,2014-12-2,0.201115
CAT,18542,QMLE-Quote,2014-12-3,0.160641
CAT,18542,QMLE-Quote,2014-12-4,0.156019
CAT,18542,QMLE-Quote,2014-12-5,0.139756
CAT,18542,QMLE-Quote,2014-12-8,0.176335
CAT,18542,QMLE-Quote,2014-12-9,0.255991
CAT,18542,QMLE-Quote,2014-12-10,0.212691
CAT,18542,QMLE-Quote,2014-12-11,0.214138
CAT,18542,QMLE-Quote,2014-12-12,0.225785
CAT,18542,QMLE-Quote,2014-12-15,0.188359
CAT,18542,QMLE-Quote,2014-12-16,0.275329
CAT,18542,QMLE-Quote,2014-12-17,0.293469
CAT,18542,QMLE-Quote,2014-12-18,0.175478
CAT,18542,QMLE-Quote,2014-12-19,0.144344
CAT,18542,QMLE-Quote,2014-12-22,0.132757
CAT,18542,QMLE-Quote,2014-12-23,0.151833
CAT,18542,QMLE-Quote,2014-12-24,0.142857
CAT,18542,QMLE-Quote,2014-12-26,0.0966444
CAT,18542,QMLE-Quote,2014-12-29,0.0853242
CAT,18542,QMLE-Quote,2014-12-30,0.0995006
CAT,18542,QMLE-Quote,2014-12-31,0.193405
CAT,18542,QMLE-Quote,2015-1-2,0.209942
CAT,18542,QMLE-Quote,2015-1-5,0.254469
CAT,18542,QMLE-Quote,2015-1-6,0.244834
CAT,18542,QMLE-Quote,2015-1-7,0.225245
CAT,18542,QMLE-Quote,2015-1-8,0.166068
CAT,18542,QMLE-Quote,2015-1-9,0.165094
CAT,18542,QMLE-Quote,2015-1-12,0.185763
CAT,18542,QMLE-Quote,2015-1-13,0.184623
CAT,18542,QMLE-Quote,2015-1-14,0.244349
CAT,18542,QMLE-Quote,2015-1-15,0.245025
CAT,18542,QMLE-Quote,2015-1-16,0.18203
CAT,18542,QMLE-Quote,2015-1-20,0.174248
CAT,18542,QMLE-Quote,2015-1-21,0.167902
CAT,18542,QMLE-Quote,2015-1-22,0.217135
CAT,18542,QMLE-Quote,2015-1-23,0.212859
CAT,18542,QMLE-Quote,2015-1-26,0.173497
CAT,18542,QMLE-Quote,2015-1-27,0.44338
CAT,18542,QMLE-Quote,2015-1-28,0.243212
CAT,18542,QMLE-Quote,2015-1-29,0.243802
CAT,18542,QMLE-Quote,2015-1-30,0.207393
CAT,18542,QMLE-Quote,2015-2-2,0.219432
CAT,18542,QMLE-Quote,2015-2-3,0.248498
CAT,18542,QMLE-Quote,2015-2-4,0.242331
CAT,18542,QMLE-Quote,2015-2-5,0.201712
CAT,18542,QMLE-Quote,2015-2-6,0.206384
CAT,18542,QMLE-Quote,2015-2-9,0.153786
CAT,18542,QMLE-Quote,2015-2-10,0.218234
CAT,18542,QMLE-Quote,2015-2-11,0.184732
CAT,18542,QMLE-Quote,2015-2-12,0.163624
CAT,18542,QMLE-Quote,2015-2-13,0.150492
CAT,18542,QMLE-Quote,2015-2-17,0.151872
CAT,18542,QMLE-Quote,2015-2-18,0.175654
CAT,18542,QMLE-Quote,2015-2-19,0.218381
CAT,18542,QMLE-Quote,2015-2-20,0.184618
CAT,18542,QMLE-Quote,2015-2-23,0.145338
CAT,18542,QMLE-Quote,2015-2-24,0.158045
CAT,18542,QMLE-Quote,2015-2-25,0.125341
CAT,18542,QMLE-Quote,2015-2-26,0.196326
CAT,18542,QMLE-Quote,2015-2-27,0.135196
CAT,18542,QMLE-Quote,2015-3-2,0.132375
CAT,18542,QMLE-Quote,2015-3-3,0.131003
CAT,18542,QMLE-Quote,2015-3-4,0.159246
CAT,18542,QMLE-Quote,2015-3-5,0.151448
CAT,18542,QMLE-Quote,2015-3-6,0.139521
CAT,18542,QMLE-Quote,2015-3-9,0.137615
CAT,18542,QMLE-Quote,2015-3-10,0.144455
CAT,18542,QMLE-Quote,2015-3-11,0.136423
CAT,18542,QMLE-Quote,2015-3-12,0.108324
CAT,18542,QMLE-Quote,2015-3-13,0.173251
CAT,18542,QMLE-Quote,2015-3-16,0.143172
CAT,18542,QMLE-Quote,2015-3-17,0.156862
CAT,18542,QMLE-Quote,2015-3-18,0.204032
CAT,18542,QMLE-Quote,2015-3-19,0.139387
CAT,18542,QMLE-Quote,2015-3-20,0.144644
CAT,18542,QMLE-Quote,2015-3-23,0.155598
CAT,18542,QMLE-Quote,2015-3-24,0.171641
CAT,18542,QMLE-Quote,2015-3-25,0.119814
CAT,18542,QMLE-Quote,2015-3-26,0.160576
CAT,18542,QMLE-Quote,2015-3-27,0.121865
CAT,18542,QMLE-Quote,2015-3-30,0.141551
CAT,18542,QMLE-Quote,2015-3-31,0.181431
CAT,18542,QMLE-Quote,2015-4-1,0.158761
CAT,18542,QMLE-Quote,2015-4-2,0.13735
CAT,18542,QMLE-Quote,2015-4-6,0.149808
CAT,18542,QMLE-Quote,2015-4-7,0.165336
CAT,18542,QMLE-Quote,2015-4-8,0.209754
CAT,18542,QMLE-Quote,2015-4-9,0.185109
CAT,18542,QMLE-Quote,2015-4-10,0.15534
CAT,18542,QMLE-Quote,2015-4-13,0.158409
CAT,18542,QMLE-Quote,2015-4-14,0.145855
CAT,18542,QMLE-Quote,2015-4-15,0.166799
CAT,18542,QMLE-Quote,2015-4-16,0.175946
CAT,18542,QMLE-Quote,2015-4-17,0.201943
CAT,18542,QMLE-Quote,2015-4-20,0.175436
CAT,18542,QMLE-Quote,2015-4-21,0.14433
CAT,18542,QMLE-Quote,2015-4-22,0.184921
CAT,18542,QMLE-Quote,2015-4-23,0.319136
CAT,18542,QMLE-Quote,2015-4-24,0.161268
CAT,18542,QMLE-Quote,2015-4-27,0.158999
CAT,18542,QMLE-Quote,2015-4-28,0.170664
CAT,18542,QMLE-Quote,2015-4-29,0.194977
CAT,18542,QMLE-Quote,2015-4-30,0.162357
CAT,18542,QMLE-Quote,2015-5-1,0.151584
CAT,18542,QMLE-Quote,2015-5-4,0.10061
CAT,18542,QMLE-Quote,2015-5-5,0.153806
CAT,18542,QMLE-Quote,2015-5-6,0.150986
CAT,18542,QMLE-Quote,2015-5-7,0.156447
CAT,18542,QMLE-Quote,2015-5-8,0.123181
CAT,18542,QMLE-Quote,2015-5-11,0.159305
CAT,18542,QMLE-Quote,2015-5-12,0.188091
CAT,18542,QMLE-Quote,2015-5-13,0.145144
CAT,18542,QMLE-Quote,2015-5-14,0.10966
CAT,18542,QMLE-Quote,2015-5-15,0.161257
CAT,18542,QMLE-Quote,2015-5-18,0.104031
CAT,18542,QMLE-Quote,2015-5-19,0.183652
CAT,18542,QMLE-Quote,2015-5-20,0.162198
CAT,18542,QMLE-Quote,2015-5-21,0.14833
CAT,18542,QMLE-Quote,2015-5-22,0.126446
CAT,18542,QMLE-Quote,2015-5-26,0.136197
CAT,18542,QMLE-Quote,2015-5-27,0.159204
CAT,18542,QMLE-Quote,2015-5-28,0.177649
CAT,18542,QMLE-Quote,2015-5-29,0.158405
CAT,18542,QMLE-Quote,2015-6-1,0.185277
CAT,18542,QMLE-Quote,2015-6-2,0.149569
CAT,18542,QMLE-Quote,2015-6-3,0.169218
CAT,18542,QMLE-Quote,2015-6-4,0.162429
CAT,18542,QMLE-Quote,2015-6-5,0.122643
CAT,18542,QMLE-Quote,2015-6-8,0.123683
CAT,18542,QMLE-Quote,2015-6-9,0.148491
CAT,18542,QMLE-Quote,2015-6-10,0.124484
CAT,18542,QMLE-Quote,2015-6-11,0.116544
CAT,18542,QMLE-Quote,2015-6-12,0.136681
CAT,18542,QMLE-Quote,2015-6-15,0.147372
CAT,18542,QMLE-Quote,2015-6-16,0.125627
CAT,18542,QMLE-Quote,2015-6-17,0.133151
CAT,18542,QMLE-Quote,2015-6-18,0.13905
CAT,18542,QMLE-Quote,2015-6-19,0.119026
CAT,18542,QMLE-Quote,2015-6-22,0.100763
CAT,18542,QMLE-Quote,2015-6-23,0.08203
CAT,18542,QMLE-Quote,2015-6-24,0.114838
CAT,18542,QMLE-Quote,2015-6-25,0.111789
CAT,18542,QMLE-Quote,2015-6-26,0.142526
CAT,18542,QMLE-Quote,2015-6-29,0.154103
CAT,18542,QMLE-Quote,2015-6-30,0.188927
CAT,18542,QMLE-Quote,2015-7-1,0.191756
CAT,18542,QMLE-Quote,2015-7-2,0.160709
CAT,18542,QMLE-Quote,2015-7-6,0.150938
CAT,18542,QMLE-Quote,2015-7-7,0.18892
CAT,18542,QMLE-Quote,2015-7-8,0.194449
CAT,18542,QMLE-Quote,2015-7-9,0.170788
CAT,18542,QMLE-Quote,2015-7-10,0.154377
CAT,18542,QMLE-Quote,2015-7-13,0.122146
CAT,18542,QMLE-Quote,2015-7-14,0.118515
CAT,18542,QMLE-Quote,2015-7-15,0.135725
CAT,18542,QMLE-Quote,2015-7-16,0.12121
CAT,18542,QMLE-Quote,2015-7-17,0.0924676
CAT,18542,QMLE-Quote,2015-7-20,0.115908
CAT,18542,QMLE-Quote,2015-7-21,0.191482
CAT,18542,QMLE-Quote,2015-7-22,0.220893
CAT,18542,QMLE-Quote,2015-7-23,0.355053
CAT,18542,QMLE-Quote,2015-7-24,0.196042
CAT,18542,QMLE-Quote,2015-7-27,0.159152
CAT,18542,QMLE-Quote,2015-7-28,0.234268
CAT,18542,QMLE-Quote,2015-7-29,0.207378
CAT,18542,QMLE-Quote,2015-7-30,0.163569
CAT,18542,QMLE-Quote,2015-7-31,0.151234
CAT,18542,QMLE-Quote,2015-8-3,0.194239
CAT,18542,QMLE-Quote,2015-8-4,0.189468
CAT,18542,QMLE-Quote,2015-8-5,0.181865
CAT,18542,QMLE-Quote,2015-8-6,0.195984
CAT,18542,QMLE-Quote,2015-8-7,0.199379
CAT,18542,QMLE-Quote,2015-8-10,0.202466
CAT,18542,QMLE-Quote,2015-8-11,0.226384
CAT,18542,QMLE-Quote,2015-8-12,0.23667
CAT,18542,QMLE-Quote,2015-8-13,0.182271
CAT,18542,QMLE-Quote,2015-8-14,0.172341
CAT,18542,QMLE-Quote,2015-8-17,0.144618
CAT,18542,QMLE-Quote,2015-8-18,0.135085
CAT,18542,QMLE-Quote,2015-8-19,0.20518
CAT,18542,QMLE-Quote,2015-8-20,0.222701
CAT,18542,QMLE-Quote,2015-8-21,0.232575
CAT,18542,QMLE-Quote,2015-8-24,0.617272
CAT,18542,QMLE-Quote,2015-8-25,0.329763
CAT,18542,QMLE-Quote,2015-8-26,0.305005
CAT,18542,QMLE-Quote,2015-8-27,0.218589
CAT,18542,QMLE-Quote,2015-8-28,0.221167
CAT,18542,QMLE-Quote,2015-8-31,0.196382
CAT,18542,QMLE-Quote,2015-9-1,0.284005
CAT,18542,QMLE-Quote,2015-9-2,0.246476
CAT,18542,QMLE-Quote,2015-9-3,0.307559
CAT,18542,QMLE-Quote,2015-9-4,0.242282
CAT,18542,QMLE-Quote,2015-9-8,0.162113
CAT,18542,QMLE-Quote,2015-9-9,0.193226
CAT,18542,QMLE-Quote,2015-9-10,0.208509
CAT,18542,QMLE-Quote,2015-9-11,0.186639
CAT,18542,QMLE-Quote,2015-9-14,0.137453
CAT,18542,QMLE-Quote,2015-9-15,0.188474
CAT,18542,QMLE-Quote,2015-9-16,0.153652
CAT,18542,QMLE-Quote,2015-9-17,0.268519
CAT,18542,QMLE-Quote,2015-9-18,0.20745
CAT,18542,QMLE-Quote,2015-9-21,0.16844
CAT,18542,QMLE-Quote,2015-9-22,0.188582
CAT,18542,QMLE-Quote,2015-9-23,0.167647
CAT,18542,QMLE-Quote,2015-9-24,0.429893
CAT,18542,QMLE-Quote,2015-9-25,0.251284
CAT,18542,QMLE-Quote,2015-9-28,0.181051
CAT,18542,QMLE-Quote,2015-9-29,0.240289
CAT,18542,QMLE-Quote,2015-9-30,0.229019
CAT,18542,QMLE-Quote,2015-10-1,0.273031
CAT,18542,QMLE-Quote,2015-10-2,0.228633
CAT,18542,QMLE-Quote,2015-10-5,0.250288
CAT,18542,QMLE-Quote,2015-10-6,0.295589
CAT,18542,QMLE-Quote,2015-10-7,0.35935
CAT,18542,QMLE-Quote,2015-10-8,0.248114
CAT,18542,QMLE-Quote,2015-10-9,0.24813
CAT,18542,QMLE-Quote,2015-10-12,0.216368
CAT,18542,QMLE-Quote,2015-10-13,0.23893
CAT,18542,QMLE-Quote,2015-10-14,0.200904
CAT,18542,QMLE-Quote,2015-10-15,0.218437
CAT,18542,QMLE-Quote,2015-10-16,0.231633
CAT,18542,QMLE-Quote,2015-10-19,0.151874
CAT,18542,QMLE-Quote,2015-10-20,0.256816
CAT,18542,QMLE-Quote,2015-10-21,0.242986
CAT,18542,QMLE-Quote,2015-10-22,0.546666
CAT,18542,QMLE-Quote,2015-10-23,0.344158
CAT,18542,QMLE-Quote,2015-10-26,0.214639
CAT,18542,QMLE-Quote,2015-10-27,0.374161
CAT,18542,QMLE-Quote,2015-10-28,0.303424
CAT,18542,QMLE-Quote,2015-10-29,0.194459
CAT,18542,QMLE-Quote,2015-10-30,0.228584
CAT,18542,QMLE-Quote,2015-11-2,0.205289
CAT,18542,QMLE-Quote,2015-11-3,0.184221
CAT,18542,QMLE-Quote,2015-11-4,0.230711
CAT,18542,QMLE-Quote,2015-11-5,0.225416
CAT,18542,QMLE-Quote,2015-11-6,0.24054
CAT,18542,QMLE-Quote,2015-11-9,0.204818
CAT,18542,QMLE-Quote,2015-11-10,0.200953
CAT,18542,QMLE-Quote,2015-11-11,0.176356
CAT,18542,QMLE-Quote,2015-11-12,0.309491
CAT,18542,QMLE-Quote,2015-11-13,0.250035
CAT,18542,QMLE-Quote,2015-11-16,0.243371
CAT,18542,QMLE-Quote,2015-11-17,0.261963
CAT,18542,QMLE-Quote,2015-11-18,0.192318
CAT,18542,QMLE-Quote,2015-11-19,0.217722
CAT,18542,QMLE-Quote,2015-11-20,0.142031
CAT,18542,QMLE-Quote,2015-11-23,0.212275
CAT,18542,QMLE-Quote,2015-11-24,0.21966
CAT,18542,QMLE-Quote,2015-11-25,0.191455
CAT,18542,QMLE-Quote,2015-11-27,0.172404
CAT,18542,QMLE-Quote,2015-11-30,0.19599
CAT,18542,QMLE-Quote,2015-12-1,0.271403
CAT,18542,QMLE-Quote,2015-12-2,0.184659
CAT,18542,QMLE-Quote,2015-12-3,0.2061
CAT,18542,QMLE-Quote,2015-12-4,0.179702
CAT,18542,QMLE-Quote,2015-12-7,0.197553
CAT,18542,QMLE-Quote,2015-12-8,0.247725
CAT,18542,QMLE-Quote,2015-12-9,0.246051
CAT,18542,QMLE-Quote,2015-12-10,0.210767
CAT,18542,QMLE-Quote,2015-12-11,0.25167
CAT,18542,QMLE-Quote,2015-12-14,0.27136
CAT,18542,QMLE-Quote,2015-12-15,0.214053
CAT,18542,QMLE-Quote,2015-12-16,0.309263
CAT,18542,QMLE-Quote,2015-12-17,0.238093
CAT,18542,QMLE-Quote,2015-12-18,0.29354
CAT,18542,QMLE-Quote,2015-12-21,0.247059
CAT,18542,QMLE-Quote,2015-12-22,0.292005
CAT,18542,QMLE-Quote,2015-12-23,0.219879
CAT,18542,QMLE-Quote,2015-12-24,0.23707
CAT,18542,QMLE-Quote,2015-12-28,0.1846
CAT,18542,QMLE-Quote,2015-12-29,0.161226
CAT,18542,QMLE-Quote,2015-12-30,0.189131
CAT,18542,QMLE-Quote,2015-12-31,0.193744
CAT,18542,QMLE-Quote,2016-1-4,0.327287
CAT,18542,QMLE-Quote,2016-1-5,0.234787
CAT,18542,QMLE-Quote,2016-1-6,0.232035
CAT,18542,QMLE-Quote,2016-1-7,0.284199
CAT,18542,QMLE-Quote,2016-1-8,0.269763
CAT,18542,QMLE-Quote,2016-1-11,0.270719
CAT,18542,QMLE-Quote,2016-1-12,0.30813
CAT,18542,QMLE-Quote,2016-1-13,0.300776
CAT,18542,QMLE-Quote,2016-1-14,0.334005
CAT,18542,QMLE-Quote,2016-1-15,0.301224
CAT,18542,QMLE-Quote,2016-1-19,0.324982
CAT,18542,QMLE-Quote,2016-1-20,0.415023
CAT,18542,QMLE-Quote,2016-1-21,0.431092
CAT,18542,QMLE-Quote,2016-1-22,0.394803
CAT,18542,QMLE-Quote,2016-1-25,0.416573
CAT,18542,QMLE-Quote,2016-1-26,0.306636
CAT,18542,QMLE-Quote,2016-1-27,0.460522
CAT,18542,QMLE-Quote,2016-1-28,0.6215
CAT,18542,QMLE-Quote,2016-1-29,0.32578
CAT,18542,QMLE-Quote,2016-2-1,0.281402
CAT,18542,QMLE-Quote,2016-2-2,0.252147
CAT,18542,QMLE-Quote,2016-2-3,0.355431
CAT,18542,QMLE-Quote,2016-2-4,0.510593
CAT,18542,QMLE-Quote,2016-2-5,0.360871
CAT,18542,QMLE-Quote,2016-2-8,0.273343
CAT,18542,QMLE-Quote,2016-2-9,0.309882
CAT,18542,QMLE-Quote,2016-2-10,0.370445
CAT,18542,QMLE-Quote,2016-2-11,0.397165
CAT,18542,QMLE-Quote,2016-2-12,0.337193
CAT,18542,QMLE-Quote,2016-2-16,0.282912
CAT,18542,QMLE-Quote,2016-2-17,0.271815
CAT,18542,QMLE-Quote,2016-2-18,0.344817
CAT,18542,QMLE-Quote,2016-2-19,0.267169
CAT,18542,QMLE-Quote,2016-2-22,0.232303
CAT,18542,QMLE-Quote,2016-2-23,0.21492
CAT,18542,QMLE-Quote,2016-2-24,0.362649
CAT,18542,QMLE-Quote,2016-2-25,0.242822
CAT,18542,QMLE-Quote,2016-2-26,0.254805
CAT,18542,QMLE-Quote,2016-2-29,0.230665
CAT,18542,QMLE-Quote,2016-3-1,0.249172
CAT,18542,QMLE-Quote,2016-3-2,0.242855
CAT,18542,QMLE-Quote,2016-3-3,0.278882
CAT,18542,QMLE-Quote,2016-3-4,0.342707
CAT,18542,QMLE-Quote,2016-3-7,0.311988
CAT,18542,QMLE-Quote,2016-3-8,0.315279
CAT,18542,QMLE-Quote,2016-3-9,0.31264
CAT,18542,QMLE-Quote,2016-3-10,0.286469
CAT,18542,QMLE-Quote,2016-3-11,0.177508
CAT,18542,QMLE-Quote,2016-3-14,0.21031
CAT,18542,QMLE-Quote,2016-3-15,0.241522
CAT,18542,QMLE-Quote,2016-3-16,0.277257
CAT,18542,QMLE-Quote,2016-3-17,0.365726
CAT,18542,QMLE-Quote,2016-3-18,0.276352
CAT,18542,QMLE-Quote,2016-3-21,0.200659
CAT,18542,QMLE-Quote,2016-3-22,0.174635
CAT,18542,QMLE-Quote,2016-3-23,0.223009
CAT,18542,QMLE-Quote,2016-3-24,0.268615
CAT,18542,QMLE-Quote,2016-3-28,0.215558
CAT,18542,QMLE-Quote,2016-3-29,0.208743
CAT,18542,QMLE-Quote,2016-3-30,0.195642
CAT,18542,QMLE-Quote,2016-3-31,0.17726
CAT,18542,QMLE-Quote,2016-4-1,0.238049
CAT,18542,QMLE-Quote,2016-4-4,0.195202
CAT,18542,QMLE-Quote,2016-4-5,0.234204
CAT,18542,QMLE-Quote,2016-4-6,0.237167
CAT,18542,QMLE-Quote,2016-4-7,0.221757
CAT,18542,QMLE-Quote,2016-4-8,0.194739
CAT,18542,QMLE-Quote,2016-4-11,0.216053
CAT,18542,QMLE-Quote,2016-4-12,0.226345
CAT,18542,QMLE-Quote,2016-4-13,0.195182
CAT,18542,QMLE-Quote,2016-4-14,0.177605
CAT,18542,QMLE-Quote,2016-4-15,0.171939
CAT,18542,QMLE-Quote,2016-4-18,0.193081
CAT,18542,QMLE-Quote,2016-4-19,0.220006
CAT,18542,QMLE-Quote,2016-4-20,0.182419
CAT,18542,QMLE-Quote,2016-4-21,0.246924
CAT,18542,QMLE-Quote,2016-4-22,0.375665
CAT,18542,QMLE-Quote,2016-4-25,0.270829
CAT,18542,QMLE-Quote,2016-4-26,0.184665
CAT,18542,QMLE-Quote,2016-4-27,0.198049
CAT,18542,QMLE-Quote,2016-4-28,0.193331
CAT,18542,QMLE-Quote,2016-4-29,0.226433
CAT,18542,QMLE-Quote,2016-5-2,0.211015
CAT,18542,QMLE-Quote,2016-5-3,0.232952
CAT,18542,QMLE-Quote,2016-5-4,0.264903
CAT,18542,QMLE-Quote,2016-5-5,0.27621
CAT,18542,QMLE-Quote,2016-5-6,0.24325
CAT,18542,QMLE-Quote,2016-5-9,0.224302
CAT,18542,QMLE-Quote,2016-5-10,0.2115
CAT,18542,QMLE-Quote,2016-5-11,0.190357
CAT,18542,QMLE-Quote,2016-5-12,0.2397
CAT,18542,QMLE-Quote,2016-5-13,0.245582
CAT,18542,QMLE-Quote,2016-5-16,0.217024
CAT,18542,QMLE-Quote,2016-5-17,0.236632
CAT,18542,QMLE-Quote,2016-5-18,0.271724
CAT,18542,QMLE-Quote,2016-5-19,0.248157
CAT,18542,QMLE-Quote,2016-5-20,0.224154
CAT,18542,QMLE-Quote,2016-5-23,0.178138
CAT,18542,QMLE-Quote,2016-5-24,0.173243
CAT,18542,QMLE-Quote,2016-5-25,0.154582
CAT,18542,QMLE-Quote,2016-5-26,0.177555
CAT,18542,QMLE-Quote,2016-5-27,0.157105
CAT,18542,QMLE-Quote,2016-5-31,0.162981
CAT,18542,QMLE-Quote,2016-6-1,0.191543
CAT,18542,QMLE-Quote,2016-6-2,0.1956
CAT,18542,QMLE-Quote,2016-6-3,0.185372
CAT,18542,QMLE-Quote,2016-6-6,0.160574
CAT,18542,QMLE-Quote,2016-6-7,0.171354
CAT,18542,QMLE-Quote,2016-6-8,0.150401
CAT,18542,QMLE-Quote,2016-6-9,0.168984
CAT,18542,QMLE-Quote,2016-6-10,0.163292
CAT,18542,QMLE-Quote,2016-6-13,0.189874
CAT,18542,QMLE-Quote,2016-6-14,0.187082
CAT,18542,QMLE-Quote,2016-6-15,0.19928
CAT,18542,QMLE-Quote,2016-6-16,0.200287
CAT,18542,QMLE-Quote,2016-6-17,0.206326
CAT,18542,QMLE-Quote,2016-6-20,0.159869
CAT,18542,QMLE-Quote,2016-6-21,0.174611
CAT,18542,QMLE-Quote,2016-6-22,0.138407
CAT,18542,QMLE-Quote,2016-6-23,0.145578
CAT,18542,QMLE-Quote,2016-6-24,0.244745
CAT,18542,QMLE-Quote,2016-6-27,0.25276
CAT,18542,QMLE-Quote,2016-6-28,0.255569
CAT,18542,QMLE-Quote,2016-6-29,0.216035
CAT,18542,QMLE-Quote,2016-6-30,0.199963
CAT,18542,QMLE-Quote,2016-7-1,0.172862
CAT,18542,QMLE-Quote,2016-7-5,0.195779
CAT,18542,QMLE-Quote,2016-7-6,0.239448
CAT,18542,QMLE-Quote,2016-7-7,0.207039
CAT,18542,QMLE-Quote,2016-7-8,0.180149
CAT,18542,QMLE-Quote,2016-7-11,0.164634
CAT,18542,QMLE-Quote,2016-7-12,0.136025
CAT,18542,QMLE-Quote,2016-7-13,0.173848
CAT,18542,QMLE-Quote,2016-7-14,0.157112
CAT,18542,QMLE-Quote,2016-7-15,0.119308
CAT,18542,QMLE-Quote,2016-7-18,0.124189
CAT,18542,QMLE-Quote,2016-7-19,0.117108
CAT,18542,QMLE-Quote,2016-7-20,0.136238
CAT,18542,QMLE-Quote,2016-7-21,0.168517
CAT,18542,QMLE-Quote,2016-7-22,0.132103
CAT,18542,QMLE-Quote,2016-7-25,0.149631
CAT,18542,QMLE-Quote,2016-7-26,0.307933
CAT,18542,QMLE-Quote,2016-7-27,0.176285
CAT,18542,QMLE-Quote,2016-7-28,0.162806
CAT,18542,QMLE-Quote,2016-7-29,0.151356
CAT,18542,QMLE-Quote,2016-8-1,0.209478
CAT,18542,QMLE-Quote,2016-8-2,0.171493
CAT,18542,QMLE-Quote,2016-8-3,0.144551
CAT,18542,QMLE-Quote,2016-8-4,0.15412
CAT,18542,QMLE-Quote,2016-8-5,0.124587
CAT,18542,QMLE-Quote,2016-8-8,0.145489
CAT,18542,QMLE-Quote,2016-8-9,0.116094
CAT,18542,QMLE-Quote,2016-8-10,0.13013
CAT,18542,QMLE-Quote,2016-8-11,0.119603
CAT,18542,QMLE-Quote,2016-8-12,0.144694
CAT,18542,QMLE-Quote,2016-8-15,0.119318
CAT,18542,QMLE-Quote,2016-8-16,0.108205
CAT,18542,QMLE-Quote,2016-8-17,0.135145
CAT,18542,QMLE-Quote,2016-8-18,0.150159
CAT,18542,QMLE-Quote,2016-8-19,0.13274
CAT,18542,QMLE-Quote,2016-8-22,0.133884
CAT,18542,QMLE-Quote,2016-8-23,0.120033
CAT,18542,QMLE-Quote,2016-8-24,0.111407
CAT,18542,QMLE-Quote,2016-8-25,0.0930689
CAT,18542,QMLE-Quote,2016-8-26,0.163744
CAT,18542,QMLE-Quote,2016-8-29,0.109323
CAT,18542,QMLE-Quote,2016-8-30,0.120834
CAT,18542,QMLE-Quote,2016-8-31,0.130779
CAT,18542,QMLE-Quote,2016-9-1,0.13607
CAT,18542,QMLE-Quote,2016-9-2,0.135963
CAT,18542,QMLE-Quote,2016-9-6,0.105436
CAT,18542,QMLE-Quote,2016-9-7,0.1533
CAT,18542,QMLE-Quote,2016-9-8,0.148816
CAT,18542,QMLE-Quote,2016-9-9,0.158788
CAT,18542,QMLE-Quote,2016-9-12,0.189398
CAT,18542,QMLE-Quote,2016-9-13,0.209114
CAT,18542,QMLE-Quote,2016-9-14,0.21449
CAT,18542,QMLE-Quote,2016-9-15,0.162823
CAT,18542,QMLE-Quote,2016-9-16,0.149533
CAT,18542,QMLE-Quote,2016-9-19,0.155483
CAT,18542,QMLE-Quote,2016-9-20,0.117704
CAT,18542,QMLE-Quote,2016-9-21,0.151744
CAT,18542,QMLE-Quote,2016-9-22,0.127167
CAT,18542,QMLE-Quote,2016-9-23,0.114549
CAT,18542,QMLE-Quote,2016-9-26,0.12536
CAT,18542,QMLE-Quote,2016-9-27,0.151677
CAT,18542,QMLE-Quote,2016-9-28,0.187055
CAT,18542,QMLE-Quote,2016-9-29,0.233738
CAT,18542,QMLE-Quote,2016-9-30,0.169495
CAT,18542,QMLE-Quote,2016-10-3,0.160818
CAT,18542,QMLE-Quote,2016-10-4,0.165244
CAT,18542,QMLE-Quote,2016-10-5,0.137357
CAT,18542,QMLE-Quote,2016-10-6,0.130375
CAT,18542,QMLE-Quote,2016-10-7,0.175494
CAT,18542,QMLE-Quote,2016-10-10,0.121011
CAT,18542,QMLE-Quote,2016-10-11,0.22374
CAT,18542,QMLE-Quote,2016-10-12,0.12449
CAT,18542,QMLE-Quote,2016-10-13,0.134732
CAT,18542,QMLE-Quote,2016-10-14,0.118161
CAT,18542,QMLE-Quote,2016-10-17,0.109762
CAT,18542,QMLE-Quote,2016-10-18,0.134132
CAT,18542,QMLE-Quote,2016-10-19,0.136743
CAT,18542,QMLE-Quote,2016-10-20,0.14515
CAT,18542,QMLE-Quote,2016-10-21,0.13643
CAT,18542,QMLE-Quote,2016-10-24,0.149253
CAT,18542,QMLE-Quote,2016-10-25,0.39096
CAT,18542,QMLE-Quote,2016-10-26,0.198366
CAT,18542,QMLE-Quote,2016-10-27,0.160533
CAT,18542,QMLE-Quote,2016-10-28,0.231393
CAT,18542,QMLE-Quote,2016-10-31,0.155867
CAT,18542,QMLE-Quote,2016-11-1,0.189416
CAT,18542,QMLE-Quote,2016-11-2,0.196408
CAT,18542,QMLE-Quote,2016-11-3,0.173487
CAT,18542,QMLE-Quote,2016-11-4,0.150891
CAT,18542,QMLE-Quote,2016-11-7,0.169685
CAT,18542,QMLE-Quote,2016-11-8,0.150512
CAT,18542,QMLE-Quote,2016-11-9,0.483042
CAT,18542,QMLE-Quote,2016-11-10,0.294958
CAT,18542,QMLE-Quote,2016-11-11,0.284666
CAT,18542,QMLE-Quote,2016-11-14,0.262143
CAT,18542,QMLE-Quote,2016-11-15,0.239737
CAT,18542,QMLE-Quote,2016-11-16,0.16838
CAT,18542,QMLE-Quote,2016-11-17,0.172378
CAT,18542,QMLE-Quote,2016-11-18,0.151374
CAT,18542,QMLE-Quote,2016-11-21,0.152866
CAT,18542,QMLE-Quote,2016-11-22,0.118668
CAT,18542,QMLE-Quote,2016-11-23,0.257453
CAT,18542,QMLE-Quote,2016-11-25,0.19243
CAT,18542,QMLE-Quote,2016-11-28,0.144422
CAT,18542,QMLE-Quote,2016-11-29,0.143871
CAT,18542,QMLE-Quote,2016-11-30,0.159976
CAT,18542,QMLE-Quote,2016-12-1,0.438359
CAT,18542,QMLE-Quote,2016-12-2,0.163358
CAT,18542,QMLE-Quote,2016-12-5,0.108642
CAT,18542,QMLE-Quote,2016-12-6,0.11629
CAT,18542,QMLE-Quote,2016-12-7,0.133952
CAT,18542,QMLE-Quote,2016-12-8,0.149995
CAT,18542,QMLE-Quote,2016-12-9,0.140363
CAT,18542,QMLE-Quote,2016-12-12,0.171512
CAT,18542,QMLE-Quote,2016-12-13,0.150994
CAT,18542,QMLE-Quote,2016-12-14,0.180759
CAT,18542,QMLE-Quote,2016-12-15,0.208962
CAT,18542,QMLE-Quote,2016-12-16,0.187579
CAT,18542,QMLE-Quote,2016-12-19,0.201769
CAT,18542,QMLE-Quote,2016-12-20,0.183882
CAT,18542,QMLE-Quote,2016-12-21,0.110275
CAT,18542,QMLE-Quote,2016-12-22,0.0985438
CAT,18542,QMLE-Quote,2016-12-23,0.0937124
CAT,18542,QMLE-Quote,2016-12-27,0.11677
CAT,18542,QMLE-Quote,2016-12-28,0.148951
CAT,18542,QMLE-Quote,2016-12-29,0.108114
CAT,18542,QMLE-Quote,2016-12-30,0.127587
CAT,18542,QMLE-Quote,2017-1-3,0.167789
CAT,18542,QMLE-Quote,2017-1-4,0.144825
CAT,18542,QMLE-Quote,2017-1-5,0.164326
CAT,18542,QMLE-Quote,2017-1-6,0.158815
CAT,18542,QMLE-Quote,2017-1-9,0.136483
CAT,18542,QMLE-Quote,2017-1-10,0.126742
CAT,18542,QMLE-Quote,2017-1-11,0.167415
CAT,18542,QMLE-Quote,2017-1-12,0.192128
CAT,18542,QMLE-Quote,2017-1-13,0.125294
CAT,18542,QMLE-Quote,2017-1-17,0.14533
CAT,18542,QMLE-Quote,2017-1-18,0.117611
CAT,18542,QMLE-Quote,2017-1-19,0.105228
CAT,18542,QMLE-Quote,2017-1-20,0.157139
CAT,18542,QMLE-Quote,2017-1-23,0.11653
CAT,18542,QMLE-Quote,2017-1-24,0.116945
CAT,18542,QMLE-Quote,2017-1-25,0.156878
CAT,18542,QMLE-Quote,2017-1-26,0.408243
CAT,18542,QMLE-Quote,2017-1-27,0.24324
CAT,18542,QMLE-Quote,2017-1-30,0.192003
CAT,18542,QMLE-Quote,2017-1-31,0.186456
CAT,18542,QMLE-Quote,2017-2-1,0.205431
CAT,18542,QMLE-Quote,2017-2-2,0.150674
CAT,18542,QMLE-Quote,2017-2-3,0.172319
CAT,18542,QMLE-Quote,2017-2-6,0.104885
CAT,18542,QMLE-Quote,2017-2-7,0.186758
CAT,18542,QMLE-Quote,2017-2-8,0.119405
CAT,18542,QMLE-Quote,2017-2-9,0.174792
CAT,18542,QMLE-Quote,2017-2-10,0.160041
CAT,18542,QMLE-Quote,2017-2-13,0.154517
CAT,18542,QMLE-Quote,2017-2-14,0.145974
CAT,18542,QMLE-Quote,2017-2-15,0.123214
CAT,18542,QMLE-Quote,2017-2-16,0.121884
CAT,18542,QMLE-Quote,2017-2-17,0.145894
CAT,18542,QMLE-Quote,2017-2-21,0.122348
CAT,18542,QMLE-Quote,2017-2-22,0.129464
CAT,18542,QMLE-Quote,2017-2-23,0.203764
CAT,18542,QMLE-Quote,2017-2-24,0.191553
CAT,18542,QMLE-Quote,2017-2-27,0.200238
CAT,18542,QMLE-Quote,2017-2-28,0.130173
CAT,18542,QMLE-Quote,2017-3-1,0.16624
CAT,18542,QMLE-Quote,2017-3-2,0.518063
CAT,18542,QMLE-Quote,2017-3-3,0.217906
CAT,18542,QMLE-Quote,2017-3-6,0.137954
CAT,18542,QMLE-Quote,2017-3-7,0.1879
CAT,18542,QMLE-Quote,2017-3-8,0.237592
CAT,18542,QMLE-Quote,2017-3-9,0.239885
CAT,18542,QMLE-Quote,2017-3-10,0.239016
CAT,18542,QMLE-Quote,2017-3-13,0.152148
CAT,18542,QMLE-Quote,2017-3-14,0.136263
CAT,18542,QMLE-Quote,2017-3-15,0.157888
CAT,18542,QMLE-Quote,2017-3-16,0.146355
CAT,18542,QMLE-Quote,2017-3-17,0.127905
CAT,18542,QMLE-Quote,2017-3-20,0.137337
CAT,18542,QMLE-Quote,2017-3-21,0.20961
CAT,18542,QMLE-Quote,2017-3-22,0.213494
CAT,18542,QMLE-Quote,2017-3-23,0.133032
CAT,18542,QMLE-Quote,2017-3-24,0.154575
CAT,18542,QMLE-Quote,2017-3-27,0.189705
CAT,18542,QMLE-Quote,2017-3-28,0.155526
CAT,18542,QMLE-Quote,2017-3-29,0.148354
CAT,18542,QMLE-Quote,2017-3-30,0.143863
CAT,18542,QMLE-Quote,2017-3-31,0.141225
CAT,18542,QMLE-Quote,2017-4-3,0.156056
CAT,18542,QMLE-Quote,2017-4-4,0.169072
CAT,18542,QMLE-Quote,2017-4-5,0.187752
CAT,18542,QMLE-Quote,2017-4-6,0.183352
CAT,18542,QMLE-Quote,2017-4-7,0.166996
CAT,18542,QMLE-Quote,2017-4-10,0.166472
CAT,18542,QMLE-Quote,2017-4-11,0.188015
CAT,18542,QMLE-Quote,2017-4-12,0.183234
CAT,18542,QMLE-Quote,2017-4-13,0.1723
CAT,18542,QMLE-Quote,2017-4-17,0.148589
CAT,18542,QMLE-Quote,2017-4-18,0.164449
CAT,18542,QMLE-Quote,2017-4-19,0.194093
CAT,18542,QMLE-Quote,2017-4-20,0.149418
CAT,18542,QMLE-Quote,2017-4-21,0.163962
CAT,18542,QMLE-Quote,2017-4-24,0.157938
CAT,18542,QMLE-Quote,2017-4-25,0.221775
CAT,18542,QMLE-Quote,2017-4-26,0.208406
CAT,18542,QMLE-Quote,2017-4-27,0.154765
CAT,18542,QMLE-Quote,2017-4-28,0.139868
CAT,18542,QMLE-Quote,2017-5-1,0.149746
CAT,18542,QMLE-Quote,2017-5-2,0.165765
CAT,18542,QMLE-Quote,2017-5-3,0.176937
CAT,18542,QMLE-Quote,2017-5-4,0.203139
CAT,18542,QMLE-Quote,2017-5-5,0.139681
CAT,18542,QMLE-Quote,2017-5-8,0.159603
CAT,18542,QMLE-Quote,2017-5-9,0.143705
CAT,18542,QMLE-Quote,2017-5-10,0.165281
CAT,18542,QMLE-Quote,2017-5-11,0.210809
CAT,18542,QMLE-Quote,2017-5-12,0.127775
CAT,18542,QMLE-Quote,2017-5-15,0.117912
CAT,18542,QMLE-Quote,2017-5-16,0.148979
CAT,18542,QMLE-Quote,2017-5-17,0.173173
CAT,18542,QMLE-Quote,2017-5-18,0.229768
CAT,18542,QMLE-Quote,2017-5-19,0.172293
CAT,18542,QMLE-Quote,2017-5-22,0.136302
CAT,18542,QMLE-Quote,2017-5-23,0.112237
CAT,18542,QMLE-Quote,2017-5-24,0.160445
CAT,18542,QMLE-Quote,2017-5-25,0.153629
CAT,18542,QMLE-Quote,2017-5-26,0.112273
CAT,18542,QMLE-Quote,2017-5-30,0.114984
CAT,18542,QMLE-Quote,2017-5-31,0.169885
CAT,18542,QMLE-Quote,2017-6-1,0.154194
CAT,18542,QMLE-Quote,2017-6-2,0.151288
CAT,18542,QMLE-Quote,2017-6-5,0.135887
CAT,18542,QMLE-Quote,2017-6-6,0.145786
CAT,18542,QMLE-Quote,2017-6-7,0.147271
CAT,18542,QMLE-Quote,2017-6-8,0.163232
CAT,18542,QMLE-Quote,2017-6-9,0.172459
CAT,18542,QMLE-Quote,2017-6-12,0.174844
CAT,18542,QMLE-Quote,2017-6-13,0.115792
CAT,18542,QMLE-Quote,2017-6-14,0.168423
CAT,18542,QMLE-Quote,2017-6-15,0.190565
CAT,18542,QMLE-Quote,2017-6-16,0.147311
CAT,18542,QMLE-Quote,2017-6-19,0.10831
CAT,18542,QMLE-Quote,2017-6-20,0.166738
CAT,18542,QMLE-Quote,2017-6-21,0.223095
CAT,18542,QMLE-Quote,2017-6-22,0.156903
CAT,18542,QMLE-Quote,2017-6-23,0.156377
CAT,18542,QMLE-Quote,2017-6-26,0.156115
CAT,18542,QMLE-Quote,2017-6-27,0.147007
CAT,18542,QMLE-Quote,2017-6-28,0.155313
CAT,18542,QMLE-Quote,2017-6-29,0.201318
CAT,18542,QMLE-Quote,2017-6-30,0.1438
CAT,18542,QMLE-Quote,2017-7-3,0.187009
CAT,18542,QMLE-Quote,2017-7-5,0.157056
CAT,18542,QMLE-Quote,2017-7-6,0.152562
CAT,18542,QMLE-Quote,2017-7-7,0.135815
CAT,18542,QMLE-Quote,2017-7-10,0.139891
CAT,18542,QMLE-Quote,2017-7-11,0.165658
CAT,18542,QMLE-Quote,2017-7-12,0.150058
CAT,18542,QMLE-Quote,2017-7-13,0.127457
CAT,18542,QMLE-Quote,2017-7-14,0.175078
CAT,18542,QMLE-Quote,2017-7-17,0.146558
CAT,18542,QMLE-Quote,2017-7-18,0.13791
CAT,18542,QMLE-Quote,2017-7-19,0.105484
CAT,18542,QMLE-Quote,2017-7-20,0.12514
CAT,18542,QMLE-Quote,2017-7-21,0.202105
CAT,18542,QMLE-Quote,2017-7-24,0.188871
CAT,18542,QMLE-Quote,2017-7-25,0.315169
CAT,18542,QMLE-Quote,2017-7-26,0.161817
CAT,18542,QMLE-Quote,2017-7-27,0.144776
CAT,18542,QMLE-Quote,2017-7-28,0.15508
CAT,18542,QMLE-Quote,2017-7-31,0.107053
CAT,18542,QMLE-Quote,2017-8-1,0.125845
CAT,18542,QMLE-Quote,2017-8-2,0.13221
CAT,18542,QMLE-Quote,2017-8-3,0.120356
CAT,18542,QMLE-Quote,2017-8-4,0.109166
CAT,18542,QMLE-Quote,2017-8-7,0.085251
CAT,18542,QMLE-Quote,2017-8-8,0.104414
CAT,18542,QMLE-Quote,2017-8-9,0.172843
CAT,18542,QMLE-Quote,2017-8-10,0.13955
CAT,18542,QMLE-Quote,2017-8-11,0.114047
CAT,18542,QMLE-Quote,2017-8-14,0.10911
CAT,18542,QMLE-Quote,2017-8-15,0.102939
CAT,18542,QMLE-Quote,2017-8-16,0.113981
CAT,18542,QMLE-Quote,2017-8-17,0.127558
CAT,18542,QMLE-Quote,2017-8-18,0.208456
CAT,18542,QMLE-Quote,2017-8-21,0.11187
CAT,18542,QMLE-Quote,2017-8-22,0.13323
CAT,18542,QMLE-Quote,2017-8-23,0.103994
CAT,18542,QMLE-Quote,2017-8-24,0.0910569
CAT,18542,QMLE-Quote,2017-8-25,0.104849
CAT,18542,QMLE-Quote,2017-8-28,0.0979357
CAT,18542,QMLE-Quote,2017-8-29,0.11063
CAT,18542,QMLE-Quote,2017-8-30,0.146609
CAT,18542,QMLE-Quote,2017-8-31,0.119412
CAT,18542,QMLE-Quote,2017-9-1,0.125364
CAT,18542,QMLE-Quote,2017-9-5,0.152077
CAT,18542,QMLE-Quote,2017-9-6,0.134933
CAT,18542,QMLE-Quote,2017-9-7,0.129068
CAT,18542,QMLE-Quote,2017-9-8,0.170485
CAT,18542,QMLE-Quote,2017-9-11,0.144803
CAT,18542,QMLE-Quote,2017-9-12,0.24029
CAT,18542,QMLE-Quote,2017-9-13,0.116525
CAT,18542,QMLE-Quote,2017-9-14,0.140646
CAT,18542,QMLE-Quote,2017-9-15,0.114761
CAT,18542,QMLE-Quote,2017-9-18,0.124367
CAT,18542,QMLE-Quote,2017-9-19,0.0981432
CAT,18542,QMLE-Quote,2017-9-20,0.107647
CAT,18542,QMLE-Quote,2017-9-21,0.101064
CAT,18542,QMLE-Quote,2017-9-22,0.103179
CAT,18542,QMLE-Quote,2017-9-25,0.105675
CAT,18542,QMLE-Quote,2017-9-26,0.0808546
CAT,18542,QMLE-Quote,2017-9-27,0.103566
CAT,18542,QMLE-Quote,2017-9-28,0.0896552
CAT,18542,QMLE-Quote,2017-9-29,0.0911157
CAT,18542,QMLE-Quote,2017-10-2,0.117078
CAT,18542,QMLE-Quote,2017-10-3,0.105238
CAT,18542,QMLE-Quote,2017-10-4,0.108879
CAT,18542,QMLE-Quote,2017-10-5,0.107845
CAT,18542,QMLE-Quote,2017-10-6,0.0995931
CAT,18542,QMLE-Quote,2017-10-9,0.0832623
CAT,18542,QMLE-Quote,2017-10-10,0.116464
CAT,18542,QMLE-Quote,2017-10-11,0.0993908
CAT,18542,QMLE-Quote,2017-10-12,0.0887506
CAT,18542,QMLE-Quote,2017-10-13,0.165138
CAT,18542,QMLE-Quote,2017-10-16,0.104166
CAT,18542,QMLE-Quote,2017-10-17,0.111946
CAT,18542,QMLE-Quote,2017-10-18,0.0996275
CAT,18542,QMLE-Quote,2017-10-19,0.133516
CAT,18542,QMLE-Quote,2017-10-20,0.112477
CAT,18542,QMLE-Quote,2017-10-23,0.142696
CAT,18542,QMLE-Quote,2017-10-24,0.408394
CAT,18542,QMLE-Quote,2017-10-25,0.190072
CAT,18542,QMLE-Quote,2017-10-26,0.141612
CAT,18542,QMLE-Quote,2017-10-27,0.127258
CAT,18542,QMLE-Quote,2017-10-30,0.1149
CAT,18542,QMLE-Quote,2017-10-31,0.103112
CAT,18542,QMLE-Quote,2017-11-1,0.115123
CAT,18542,QMLE-Quote,2017-11-2,0.114512
CAT,18542,QMLE-Quote,2017-11-3,0.0628375
CAT,18542,QMLE-Quote,2017-11-6,0.109078
CAT,18542,QMLE-Quote,2017-11-7,0.115947
CAT,18542,QMLE-Quote,2017-11-8,0.1047
CAT,18542,QMLE-Quote,2017-11-9,0.177689
CAT,18542,QMLE-Quote,2017-11-10,0.117193
CAT,18542,QMLE-Quote,2017-11-13,0.166948
CAT,18542,QMLE-Quote,2017-11-14,0.126406
CAT,18542,QMLE-Quote,2017-11-15,0.19561
CAT,18542,QMLE-Quote,2017-11-16,0.129609
CAT,18542,QMLE-Quote,2017-11-17,0.125755
CAT,18542,QMLE-Quote,2017-11-20,0.0990282
CAT,18542,QMLE-Quote,2017-11-21,0.0777402
CAT,18542,QMLE-Quote,2017-11-22,0.0945227
CAT,18542,QMLE-Quote,2017-11-24,0.0766051
CAT,18542,QMLE-Quote,2017-11-27,0.105442
CAT,18542,QMLE-Quote,2017-11-28,0.112935
CAT,18542,QMLE-Quote,2017-11-29,0.159004
CAT,18542,QMLE-Quote,2017-11-30,0.308521
CAT,18542,QMLE-Quote,2017-12-1,0.309759
CAT,18542,QMLE-Quote,2017-12-4,0.207822
CAT,18542,QMLE-Quote,2017-12-5,0.186792
CAT,18542,QMLE-Quote,2017-12-6,0.174581
CAT,18542,QMLE-Quote,2017-12-7,0.162676
CAT,18542,QMLE-Quote,2017-12-8,0.136783
CAT,18542,QMLE-Quote,2017-12-11,0.104846
CAT,18542,QMLE-Quote,2017-12-12,0.138093
CAT,18542,QMLE-Quote,2017-12-13,0.230146
CAT,18542,QMLE-Quote,2017-12-14,0.149334
CAT,18542,QMLE-Quote,2017-12-15,0.109792
CAT,18542,QMLE-Quote,2017-12-18,0.180857
CAT,18542,QMLE-Quote,2017-12-19,0.133809
CAT,18542,QMLE-Quote,2017-12-20,0.119815
CAT,18542,QMLE-Quote,2017-12-21,0.140492
CAT,18542,QMLE-Quote,2017-12-22,0.116136
CAT,18542,QMLE-Quote,2017-12-26,0.111528
CAT,18542,QMLE-Quote,2017-12-27,0.0912628
CAT,18542,QMLE-Quote,2017-12-28,0.110747
CAT,18542,QMLE-Quote,2017-12-29,0.0943332
CAT,18542,QMLE-Quote,2018-1-2,0.158544
CAT,18542,QMLE-Quote,2018-1-3,0.124265
CAT,18542,QMLE-Quote,2018-1-4,0.180451
CAT,18542,QMLE-Quote,2018-1-5,0.105739
CAT,18542,QMLE-Quote,2018-1-8,0.16293
CAT,18542,QMLE-Quote,2018-1-9,0.131946
CAT,18542,QMLE-Quote,2018-1-10,0.149033
CAT,18542,QMLE-Quote,2018-1-11,0.14107
CAT,18542,QMLE-Quote,2018-1-12,0.127212
CAT,18542,QMLE-Quote,2018-1-16,0.255078
CAT,18542,QMLE-Quote,2018-1-17,0.158717
CAT,18542,QMLE-Quote,2018-1-18,0.172022
CAT,18542,QMLE-Quote,2018-1-19,0.158587
CAT,18542,QMLE-Quote,2018-1-22,0.14794
CAT,18542,QMLE-Quote,2018-1-23,0.172819
CAT,18542,QMLE-Quote,2018-1-24,0.211769
CAT,18542,QMLE-Quote,2018-1-25,0.417465
CAT,18542,QMLE-Quote,2018-1-26,0.339364
CAT,18542,QMLE-Quote,2018-1-29,0.292726
CAT,18542,QMLE-Quote,2018-1-30,0.26946
CAT,18542,QMLE-Quote,2018-1-31,0.238508
CAT,18542,QMLE-Quote,2018-2-1,0.241338
CAT,18542,QMLE-Quote,2018-2-2,0.223506
CAT,18542,QMLE-Quote,2018-2-5,0.830622
CAT,18542,QMLE-Quote,2018-2-6,0.729843
CAT,18542,QMLE-Quote,2018-2-7,0.324075
CAT,18542,QMLE-Quote,2018-2-8,0.456092
CAT,18542,QMLE-Quote,2018-2-9,0.568499
CAT,18542,QMLE-Quote,2018-2-12,0.292275
CAT,18542,QMLE-Quote,2018-2-13,0.244363
CAT,18542,QMLE-Quote,2018-2-14,0.254807
CAT,18542,QMLE-Quote,2018-2-15,0.217032
CAT,18542,QMLE-Quote,2018-2-16,0.239876
CAT,18542,QMLE-Quote,2018-2-20,0.247332
CAT,18542,QMLE-Quote,2018-2-21,0.235513
CAT,18542,QMLE-Quote,2018-2-22,0.249209
CAT,18542,QMLE-Quote,2018-2-23,0.19329
CAT,18542,QMLE-Quote,2018-2-26,0.179181
CAT,18542,QMLE-Quote,2018-2-27,0.236975
CAT,18542,QMLE-Quote,2018-2-28,0.248403
CAT,18542,QMLE-Quote,2018-3-1,0.469334
CAT,18542,QMLE-Quote,2018-3-2,0.358047
CAT,18542,QMLE-Quote,2018-3-5,0.311458
CAT,18542,QMLE-Quote,2018-3-6,0.278269
CAT,18542,QMLE-Quote,2018-3-7,0.292158
CAT,18542,QMLE-Quote,2018-3-8,0.219556
CAT,18542,QMLE-Quote,2018-3-9,0.188882
CAT,18542,QMLE-Quote,2018-3-12,0.243951
CAT,18542,QMLE-Quote,2018-3-13,0.260618
CAT,18542,QMLE-Quote,2018-3-14,0.274169
CAT,18542,QMLE-Quote,2018-3-15,0.232954
CAT,18542,QMLE-Quote,2018-3-16,0.178058
CAT,18542,QMLE-Quote,2018-3-19,0.254578
CAT,18542,QMLE-Quote,2018-3-20,0.227883
CAT,18542,QMLE-Quote,2018-3-21,0.24775
CAT,18542,QMLE-Quote,2018-3-22,0.301593
CAT,18542,QMLE-Quote,2018-3-23,0.327394
CAT,18542,QMLE-Quote,2018-3-26,0.263881
CAT,18542,QMLE-Quote,2018-3-27,0.344372
CAT,18542,QMLE-Quote,2018-3-28,0.395911
CAT,18542,QMLE-Quote,2018-3-29,0.257612
CAT,18542,QMLE-Quote,2018-4-2,0.316528
CAT,18542,QMLE-Quote,2018-4-3,0.316969
CAT,18542,QMLE-Quote,2018-4-4,0.38818
CAT,18542,QMLE-Quote,2018-4-5,0.333979
CAT,18542,QMLE-Quote,2018-4-6,0.32609
CAT,18542,QMLE-Quote,2018-4-9,0.275369
CAT,18542,QMLE-Quote,2018-4-10,0.290626
CAT,18542,QMLE-Quote,2018-4-11,0.290568
CAT,18542,QMLE-Quote,2018-4-12,0.243492
CAT,18542,QMLE-Quote,2018-4-13,0.235329
CAT,18542,QMLE-Quote,2018-4-16,0.208449
CAT,18542,QMLE-Quote,2018-4-17,0.175342
CAT,18542,QMLE-Quote,2018-4-18,0.188368
CAT,18542,QMLE-Quote,2018-4-19,0.192609
CAT,18542,QMLE-Quote,2018-4-20,0.206501
CAT,18542,QMLE-Quote,2018-4-23,0.250443
CAT,18542,QMLE-Quote,2018-4-24,0.663541
CAT,18542,QMLE-Quote,2018-4-25,0.428862
CAT,18542,QMLE-Quote,2018-4-26,0.29865
CAT,18542,QMLE-Quote,2018-4-27,0.204146
CAT,18542,QMLE-Quote,2018-4-30,0.228052
CAT,18542,QMLE-Quote,2018-5-1,0.287877
CAT,18542,QMLE-Quote,2018-5-2,0.279821
CAT,18542,QMLE-Quote,2018-5-3,0.393339
CAT,18542,QMLE-Quote,2018-5-4,0.302616
CAT,18542,QMLE-Quote,2018-5-7,0.271511
CAT,18542,QMLE-Quote,2018-5-8,0.271075
CAT,18542,QMLE-Quote,2018-5-9,0.239498
CAT,18542,QMLE-Quote,2018-5-10,0.178727
CAT,18542,QMLE-Quote,2018-5-11,0.189341
CAT,18542,QMLE-Quote,2018-5-14,0.169466
CAT,18542,QMLE-Quote,2018-5-15,0.256525
CAT,18542,QMLE-Quote,2018-5-16,0.169654
CAT,18542,QMLE-Quote,2018-5-17,0.192507
CAT,18542,QMLE-Quote,2018-5-18,0.207065
CAT,18542,QMLE-Quote,2018-5-21,0.250227
CAT,18542,QMLE-Quote,2018-5-22,0.160703
CAT,18542,QMLE-Quote,2018-5-23,0.215253
CAT,18542,QMLE-Quote,2018-5-24,0.23153
CAT,18542,QMLE-Quote,2018-5-25,0.136443
CAT,18542,QMLE-Quote,2018-5-29,0.228406
CAT,18542,QMLE-Quote,2018-5-30,0.181855
CAT,18542,QMLE-Quote,2018-5-31,0.232879
CAT,18542,QMLE-Quote,2018-6-1,0.178952
CAT,18542,QMLE-Quote,2018-6-4,0.150975
CAT,18542,QMLE-Quote,2018-6-5,0.142898
CAT,18542,QMLE-Quote,2018-6-6,0.142715
CAT,18542,QMLE-Quote,2018-6-7,0.218916
CAT,18542,QMLE-Quote,2018-6-8,0.200809
CAT,18542,QMLE-Quote,2018-6-11,0.170426
CAT,18542,QMLE-Quote,2018-6-12,0.144784
CAT,18542,QMLE-Quote,2018-6-13,0.183415
CAT,18542,QMLE-Quote,2018-6-14,0.218206
CAT,18542,QMLE-Quote,2018-6-15,0.297584
CAT,18542,QMLE-Quote,2018-6-18,0.171254
CAT,18542,QMLE-Quote,2018-6-19,0.282552
CAT,18542,QMLE-Quote,2018-6-20,0.182493
CAT,18542,QMLE-Quote,2018-6-21,0.210513
CAT,18542,QMLE-Quote,2018-6-22,0.215653
CAT,18542,QMLE-Quote,2018-6-25,0.307549
CAT,18542,QMLE-Quote,2018-6-26,0.17159
CAT,18542,QMLE-Quote,2018-6-27,0.267783
CAT,18542,QMLE-Quote,2018-6-28,0.252726
CAT,18542,QMLE-Quote,2018-6-29,0.19668
CAT,18542,QMLE-Quote,2018-7-2,0.234909
CAT,18542,QMLE-Quote,2018-7-3,0.192856
CAT,18542,QMLE-Quote,2018-7-5,0.193235
CAT,18542,QMLE-Quote,2018-7-6,0.169653
CAT,18542,QMLE-Quote,2018-7-9,0.215342
CAT,18542,QMLE-Quote,2018-7-10,0.191709
CAT,18542,QMLE-Quote,2018-7-11,0.208849
CAT,18542,QMLE-Quote,2018-7-12,0.19464
CAT,18542,QMLE-Quote,2018-7-13,0.187111
CAT,18542,QMLE-Quote,2018-7-16,0.177989
CAT,18542,QMLE-Quote,2018-7-17,0.178741
CAT,18542,QMLE-Quote,2018-7-18,0.187182
CAT,18542,QMLE-Quote,2018-7-19,0.179073
CAT,18542,QMLE-Quote,2018-7-20,0.170648
CAT,18542,QMLE-Quote,2018-7-23,0.120408
CAT,18542,QMLE-Quote,2018-7-24,0.235754
CAT,18542,QMLE-Quote,2018-7-25,0.201465
CAT,18542,QMLE-Quote,2018-7-26,0.198381
CAT,18542,QMLE-Quote,2018-7-27,0.211551
CAT,18542,QMLE-Quote,2018-7-30,0.487634
CAT,18542,QMLE-Quote,2018-7-31,0.284097
CAT,18542,QMLE-Quote,2018-8-1,0.228865
CAT,18542,QMLE-Quote,2018-8-2,0.229132
CAT,18542,QMLE-Quote,2018-8-3,0.160448
CAT,18542,QMLE-Quote,2018-8-6,0.164313
CAT,18542,QMLE-Quote,2018-8-7,0.212349
CAT,18542,QMLE-Quote,2018-8-8,0.183087
CAT,18542,QMLE-Quote,2018-8-9,0.1518
CAT,18542,QMLE-Quote,2018-8-10,0.201467
CAT,18542,QMLE-Quote,2018-8-13,0.176545
CAT,18542,QMLE-Quote,2018-8-14,0.156363
CAT,18542,QMLE-Quote,2018-8-15,0.270535
CAT,18542,QMLE-Quote,2018-8-16,0.201951
CAT,18542,QMLE-Quote,2018-8-17,0.220022
CAT,18542,QMLE-Quote,2018-8-20,0.157575
CAT,18542,QMLE-Quote,2018-8-21,0.1443
CAT,18542,QMLE-Quote,2018-8-22,0.151269
CAT,18542,QMLE-Quote,2018-8-23,0.188138
CAT,18542,QMLE-Quote,2018-8-24,0.155722
CAT,18542,QMLE-Quote,2018-8-27,0.163739
CAT,18542,QMLE-Quote,2018-8-28,0.166991
CAT,18542,QMLE-Quote,2018-8-29,0.133824
CAT,18542,QMLE-Quote,2018-8-30,0.195068
CAT,18542,QMLE-Quote,2018-8-31,0.137929
CAT,18542,QMLE-Quote,2018-9-4,0.203863
CAT,18542,QMLE-Quote,2018-9-5,0.211307
CAT,18542,QMLE-Quote,2018-9-6,0.193304
CAT,18542,QMLE-Quote,2018-9-7,0.204949
CAT,18542,QMLE-Quote,2018-9-10,0.127385
CAT,18542,QMLE-Quote,2018-9-11,0.14378
CAT,18542,QMLE-Quote,2018-9-12,0.232775
CAT,18542,QMLE-Quote,2018-9-13,0.171674
CAT,18542,QMLE-Quote,2018-9-14,0.243315
CAT,18542,QMLE-Quote,2018-9-17,0.217697
CAT,18542,QMLE-Quote,2018-9-18,0.227891
CAT,18542,QMLE-Quote,2018-9-19,0.191177
CAT,18542,QMLE-Quote,2018-9-20,0.273315
CAT,18542,QMLE-Quote,2018-9-21,0.189424
CAT,18542,QMLE-Quote,2018-9-24,0.154837
CAT,18542,QMLE-Quote,2018-9-25,0.181058
CAT,18542,QMLE-Quote,2018-9-26,0.149811
CAT,18542,QMLE-Quote,2018-9-27,0.192215
CAT,18542,QMLE-Quote,2018-9-28,0.144173
CAT,18542,QMLE-Quote,2018-10-1,0.172916
CAT,18542,QMLE-Quote,2018-10-2,0.18309
CAT,18542,QMLE-Quote,2018-10-3,0.179565
CAT,18542,QMLE-Quote,2018-10-4,0.230532
CAT,18542,QMLE-Quote,2018-10-5,0.206379
CAT,18542,QMLE-Quote,2018-10-8,0.202954
CAT,18542,QMLE-Quote,2018-10-9,0.23069
CAT,18542,QMLE-Quote,2018-10-10,0.324698
CAT,18542,QMLE-Quote,2018-10-11,0.473878
CAT,18542,QMLE-Quote,2018-10-12,0.345833
CAT,18542,QMLE-Quote,2018-10-15,0.230693
CAT,18542,QMLE-Quote,2018-10-16,0.215766
CAT,18542,QMLE-Quote,2018-10-17,0.238274
CAT,18542,QMLE-Quote,2018-10-18,0.37012
CAT,18542,QMLE-Quote,2018-10-19,0.318718
CAT,18542,QMLE-Quote,2018-10-22,0.275241
CAT,18542,QMLE-Quote,2018-10-23,0.645415
CAT,18542,QMLE-Quote,2018-10-24,0.417065
CAT,18542,QMLE-Quote,2018-10-25,0.40208
CAT,18542,QMLE-Quote,2018-10-26,0.425374
CAT,18542,QMLE-Quote,2018-10-29,0.383098
CAT,18542,QMLE-Quote,2018-10-30,0.411018
CAT,18542,QMLE-Quote,2018-10-31,0.330326
CAT,18542,QMLE-Quote,2018-11-1,0.357195
CAT,18542,QMLE-Quote,2018-11-2,0.433094
CAT,18542,QMLE-Quote,2018-11-5,0.282076
CAT,18542,QMLE-Quote,2018-11-6,0.302241
CAT,18542,QMLE-Quote,2018-11-7,0.311513
CAT,18542,QMLE-Quote,2018-11-8,0.299164
CAT,18542,QMLE-Quote,2018-11-9,0.324626
CAT,18542,QMLE-Quote,2018-11-12,0.305557
CAT,18542,QMLE-Quote,2018-11-13,0.389737
CAT,18542,QMLE-Quote,2018-11-14,0.350142
CAT,18542,QMLE-Quote,2018-11-15,0.420416
CAT,18542,QMLE-Quote,2018-11-16,0.342588
CAT,18542,QMLE-Quote,2018-11-19,0.307645
CAT,18542,QMLE-Quote,2018-11-20,0.352
CAT,18542,QMLE-Quote,2018-11-21,0.285525
CAT,18542,QMLE-Quote,2018-11-23,0.259541
CAT,18542,QMLE-Quote,2018-11-26,0.221297
CAT,18542,QMLE-Quote,2018-11-27,0.297838
CAT,18542,QMLE-Quote,2018-11-28,0.287954
CAT,18542,QMLE-Quote,2018-11-29,0.306875
CAT,18542,QMLE-Quote,2018-11-30,0.279316
CAT,18542,QMLE-Quote,2018-12-3,0.297145
CAT,18542,QMLE-Quote,2018-12-4,0.358113
CAT,18542,QMLE-Quote,2018-12-6,0.453411
CAT,18542,QMLE-Quote,2018-12-7,0.426254
CAT,18542,QMLE-Quote,2018-12-10,0.423937
CAT,18542,QMLE-Quote,2018-12-11,0.379787
CAT,18542,QMLE-Quote,2018-12-12,0.343545
CAT,18542,QMLE-Quote,2018-12-13,0.358769
CAT,18542,QMLE-Quote,2018-12-14,0.33134
CAT,18542,QMLE-Quote,2018-12-17,0.382003
CAT,18542,QMLE-Quote,2018-12-18,0.324234
CAT,18542,QMLE-Quote,2018-12-19,0.475197
CAT,18542,QMLE-Quote,2018-12-20,0.485442
CAT,18542,QMLE-Quote,2018-12-21,0.397252
CAT,18542,QMLE-Quote,2018-12-24,0.353656
CAT,18542,QMLE-Quote,2018-12-26,0.371047
CAT,18542,QMLE-Quote,2018-12-27,0.473634
CAT,18542,QMLE-Quote,2018-12-28,0.38962
CAT,18542,QMLE-Quote,2018-12-31,0.299335
CAT,18542,QMLE-Quote,2019-1-2,0.368474
CAT,18542,QMLE-Quote,2019-1-3,0.406004
CAT,18542,QMLE-Quote,2019-1-4,0.342104
CAT,18542,QMLE-Quote,2019-1-7,0.308963
CAT,18542,QMLE-Quote,2019-1-8,0.31463
CAT,18542,QMLE-Quote,2019-1-9,0.26422
CAT,18542,QMLE-Quote,2019-1-10,0.300761
CAT,18542,QMLE-Quote,2019-1-11,0.22917
CAT,18542,QMLE-Quote,2019-1-14,0.223399
CAT,18542,QMLE-Quote,2019-1-15,0.253594
CAT,18542,QMLE-Quote,2019-1-16,0.19453
CAT,18542,QMLE-Quote,2019-1-17,0.351353
CAT,18542,QMLE-Quote,2019-1-18,0.295883
CAT,18542,QMLE-Quote,2019-1-22,0.292114
CAT,18542,QMLE-Quote,2019-1-23,0.212566
CAT,18542,QMLE-Quote,2019-1-24,0.207595
CAT,18542,QMLE-Quote,2019-1-25,0.239366
CAT,18542,QMLE-Quote,2019-1-28,0.403298
CAT,18542,QMLE-Quote,2019-1-29,0.252212
CAT,18542,QMLE-Quote,2019-1-30,0.261142
CAT,18542,QMLE-Quote,2019-1-31,0.233984
CAT,18542,QMLE-Quote,2019-2-1,0.227965
CAT,18542,QMLE-Quote,2019-2-4,0.146543
CAT,18542,QMLE-Quote,2019-2-5,0.154104
CAT,18542,QMLE-Quote,2019-2-6,0.170794
CAT,18542,QMLE-Quote,2019-2-7,0.23006
CAT,18542,QMLE-Quote,2019-2-8,0.209971
CAT,18542,QMLE-Quote,2019-2-11,0.177607
CAT,18542,QMLE-Quote,2019-2-12,0.23005
CAT,18542,QMLE-Quote,2019-2-13,0.220126
CAT,18542,QMLE-Quote,2019-2-14,0.203345
CAT,18542,QMLE-Quote,2019-2-15,0.223069
CAT,18542,QMLE-Quote,2019-2-19,0.168112
CAT,18542,QMLE-Quote,2019-2-20,0.245062
CAT,18542,QMLE-Quote,2019-2-21,0.203732
CAT,18542,QMLE-Quote,2019-2-22,0.196418
CAT,18542,QMLE-Quote,2019-2-25,0.15191
CAT,18542,QMLE-Quote,2019-2-26,0.266032
CAT,18542,QMLE-Quote,2019-2-27,0.190728
CAT,18542,QMLE-Quote,2019-2-28,0.155476
CAT,18542,QMLE-Quote,2019-3-1,0.175041
CAT,18542,QMLE-Quote,2019-3-4,0.165487
CAT,18542,QMLE-Quote,2019-3-5,0.1709
CAT,18542,QMLE-Quote,2019-3-6,0.147197
CAT,18542,QMLE-Quote,2019-3-7,0.222641
CAT,18542,QMLE-Quote,2019-3-8,0.168369
CAT,18542,QMLE-Quote,2019-3-11,0.134229
CAT,18542,QMLE-Quote,2019-3-12,0.14244
CAT,18542,QMLE-Quote,2019-3-13,0.154191
CAT,18542,QMLE-Quote,2019-3-14,0.151708
CAT,18542,QMLE-Quote,2019-3-15,0.165759
CAT,18542,QMLE-Quote,2019-3-18,0.144668
CAT,18542,QMLE-Quote,2019-3-19,0.182825
CAT,18542,QMLE-Quote,2019-3-20,0.244182
CAT,18542,QMLE-Quote,2019-3-21,0.176085
CAT,18542,QMLE-Quote,2019-3-22,0.225699
CAT,18542,QMLE-Quote,2019-3-25,0.231734
CAT,18542,QMLE-Quote,2019-3-26,0.16851
CAT,18542,QMLE-Quote,2019-3-27,0.173378
CAT,18542,QMLE-Quote,2019-3-28,0.149644
CAT,18542,QMLE-Quote,2019-3-29,0.180968
CAT,18542,QMLE-Quote,2019-4-1,0.196222
CAT,18542,QMLE-Quote,2019-4-2,0.172059
CAT,18542,QMLE-Quote,2019-4-3,0.212207
CAT,18542,QMLE-Quote,2019-4-4,0.165846
CAT,18542,QMLE-Quote,2019-4-5,0.167336
CAT,18542,QMLE-Quote,2019-4-8,0.175286
CAT,18542,QMLE-Quote,2019-4-9,0.230913
CAT,18542,QMLE-Quote,2019-4-10,0.173013
CAT,18542,QMLE-Quote,2019-4-11,0.181365
CAT,18542,QMLE-Quote,2019-4-12,0.174163
CAT,18542,QMLE-Quote,2019-4-15,0.179107
CAT,18542,QMLE-Quote,2019-4-16,0.140947
CAT,18542,QMLE-Quote,2019-4-17,0.199832
CAT,18542,QMLE-Quote,2019-4-18,0.197186
CAT,18542,QMLE-Quote,2019-4-22,0.115051
CAT,18542,QMLE-Quote,2019-4-23,0.16019
CAT,18542,QMLE-Quote,2019-4-24,0.327046
CAT,18542,QMLE-Quote,2019-4-25,0.255492
CAT,18542,QMLE-Quote,2019-4-26,0.181991
CAT,18542,QMLE-Quote,2019-4-29,0.184686
CAT,18542,QMLE-Quote,2019-4-30,0.180039
CAT,18542,QMLE-Quote,2019-5-1,0.187481
CAT,18542,QMLE-Quote,2019-5-2,0.287876
CAT,18542,QMLE-Quote,2019-5-3,0.140536
CAT,18542,QMLE-Quote,2019-5-6,0.207923
CAT,18542,QMLE-Quote,2019-5-7,0.250649
CAT,18542,QMLE-Quote,2019-5-8,0.233531
CAT,18542,QMLE-Quote,2019-5-9,0.272269
CAT,18542,QMLE-Quote,2019-5-10,0.264964
CAT,18542,QMLE-Quote,2019-5-13,0.317441
CAT,18542,QMLE-Quote,2019-5-14,0.214976
CAT,18542,QMLE-Quote,2019-5-15,0.220553
CAT,18542,QMLE-Quote,2019-5-16,0.175497
CAT,18542,QMLE-Quote,2019-5-17,0.23714
CAT,18542,QMLE-Quote,2019-5-20,0.17068
CAT,18542,QMLE-Quote,2019-5-21,0.163884
CAT,18542,QMLE-Quote,2019-5-22,0.225248
CAT,18542,QMLE-Quote,2019-5-23,0.220559
CAT,18542,QMLE-Quote,2019-5-24,0.178422
CAT,18542,QMLE-Quote,2019-5-28,0.144422
CAT,18542,QMLE-Quote,2019-5-29,0.207121
CAT,18542,QMLE-Quote,2019-5-30,0.149466
CAT,18542,QMLE-Quote,2019-5-31,0.17143
CAT,18542,QMLE-Quote,2019-6-3,0.25174
CAT,18542,QMLE-Quote,2019-6-4,0.196537
CAT,18542,QMLE-Quote,2019-6-5,0.196576
CAT,18542,QMLE-Quote,2019-6-6,0.165006
CAT,18542,QMLE-Quote,2019-6-7,0.158898
CAT,18542,QMLE-Quote,2019-6-10,0.185819
CAT,18542,QMLE-Quote,2019-6-11,0.209442
CAT,18542,QMLE-Quote,2019-6-12,0.168536
CAT,18542,QMLE-Quote,2019-6-13,0.198928
CAT,18542,QMLE-Quote,2019-6-14,0.156513
CAT,18542,QMLE-Quote,2019-6-17,0.15448
CAT,18542,QMLE-Quote,2019-6-18,0.221217
CAT,18542,QMLE-Quote,2019-6-19,0.172104
CAT,18542,QMLE-Quote,2019-6-20,0.18622
CAT,18542,QMLE-Quote,2019-6-21,0.177324
CAT,18542,QMLE-Quote,2019-6-24,0.131801
CAT,18542,QMLE-Quote,2019-6-25,0.172675
CAT,18542,QMLE-Quote,2019-6-26,0.12185
CAT,18542,QMLE-Quote,2019-6-27,0.138923
CAT,18542,QMLE-Quote,2019-6-28,0.140686
CAT,18542,QMLE-Quote,2019-7-1,0.230044
CAT,18542,QMLE-Quote,2019-7-2,0.170644
CAT,18542,QMLE-Quote,2019-7-3,0.115706
CAT,18542,QMLE-Quote,2019-7-5,0.151041
CAT,18542,QMLE-Quote,2019-7-8,0.136919
CAT,18542,QMLE-Quote,2019-7-9,0.133642
CAT,18542,QMLE-Quote,2019-7-10,0.182069
CAT,18542,QMLE-Quote,2019-7-11,0.113235
CAT,18542,QMLE-Quote,2019-7-12,0.160565
CAT,18542,QMLE-Quote,2019-7-15,0.146774
CAT,18542,QMLE-Quote,2019-7-16,0.175437
CAT,18542,QMLE-Quote,2019-7-17,0.205661
CAT,18542,QMLE-Quote,2019-7-18,0.172389
CAT,18542,QMLE-Quote,2019-7-19,0.184901
CAT,18542,QMLE-Quote,2019-7-22,0.158908
CAT,18542,QMLE-Quote,2019-7-23,0.149016
CAT,18542,QMLE-Quote,2019-7-24,0.330061
CAT,18542,QMLE-Quote,2019-7-25,0.236663
CAT,18542,QMLE-Quote,2019-7-26,0.147446
CAT,18542,QMLE-Quote,2019-7-29,0.1303
CAT,18542,QMLE-Quote,2019-7-30,0.189097
CAT,18542,QMLE-Quote,2019-7-31,0.205538
CAT,18542,QMLE-Quote,2019-8-1,0.30395
CAT,18542,QMLE-Quote,2019-8-2,0.288856
CAT,18542,QMLE-Quote,2019-8-5,0.282332
CAT,18542,QMLE-Quote,2019-8-6,0.266312
CAT,18542,QMLE-Quote,2019-8-7,0.317153
CAT,18542,QMLE-Quote,2019-8-8,0.214509
CAT,18542,QMLE-Quote,2019-8-9,0.211884
CAT,18542,QMLE-Quote,2019-8-12,0.205902
CAT,18542,QMLE-Quote,2019-8-13,0.290271
CAT,18542,QMLE-Quote,2019-8-14,0.268592
CAT,18542,QMLE-Quote,2019-8-15,0.204723
CAT,18542,QMLE-Quote,2019-8-16,0.240951
CAT,18542,QMLE-Quote,2019-8-19,0.150691
CAT,18542,QMLE-Quote,2019-8-20,0.183174
CAT,18542,QMLE-Quote,2019-8-21,0.161905
CAT,18542,QMLE-Quote,2019-8-22,0.167299
CAT,18542,QMLE-Quote,2019-8-23,0.286013
CAT,18542,QMLE-Quote,2019-8-26,0.218444
CAT,18542,QMLE-Quote,2019-8-27,0.175099
CAT,18542,QMLE-Quote,2019-8-28,0.175731
CAT,18542,QMLE-Quote,2019-8-29,0.169024
CAT,18542,QMLE-Quote,2019-8-30,0.163857
CAT,18542,QMLE-Quote,2019-9-3,0.258364
CAT,18542,QMLE-Quote,2019-9-4,0.146044
CAT,18542,QMLE-Quote,2019-9-5,0.201223
CAT,18542,QMLE-Quote,2019-9-6,0.168454
CAT,18542,QMLE-Quote,2019-9-9,0.168215
CAT,18542,QMLE-Quote,2019-9-10,0.235341
CAT,18542,QMLE-Quote,2019-9-11,0.207718
CAT,18542,QMLE-Quote,2019-9-12,0.270708
CAT,18542,QMLE-Quote,2019-9-13,0.216133
CAT,18542,QMLE-Quote,2019-9-16,0.183657
CAT,18542,QMLE-Quote,2019-9-17,0.180276
CAT,18542,QMLE-Quote,2019-9-18,0.190881
CAT,18542,QMLE-Quote,2019-9-19,0.148799
CAT,18542,QMLE-Quote,2019-9-20,0.212133
CAT,18542,QMLE-Quote,2019-9-23,0.160716
CAT,18542,QMLE-Quote,2019-9-24,0.224852
CAT,18542,QMLE-Quote,2019-9-25,0.182488
CAT,18542,QMLE-Quote,2019-9-26,0.15966
CAT,18542,QMLE-Quote,2019-9-27,0.193189
CAT,18542,QMLE-Quote,2019-9-30,0.146443
CAT,18542,QMLE-Quote,2019-10-1,0.236235
CAT,18542,QMLE-Quote,2019-10-2,0.266112
CAT,18542,QMLE-Quote,2019-10-3,0.264716
CAT,18542,QMLE-Quote,2019-10-4,0.191353
CAT,18542,QMLE-Quote,2019-10-7,0.179008
CAT,18542,QMLE-Quote,2019-10-8,0.223768
CAT,18542,QMLE-Quote,2019-10-9,0.142441
CAT,18542,QMLE-Quote,2019-10-10,0.185633
CAT,18542,QMLE-Quote,2019-10-11,0.268135
CAT,18542,QMLE-Quote,2019-10-14,0.160027
CAT,18542,QMLE-Quote,2019-10-15,0.162135
CAT,18542,QMLE-Quote,2019-10-16,0.187267
CAT,18542,QMLE-Quote,2019-10-17,0.161687
CAT,18542,QMLE-Quote,2019-10-18,0.217967
CAT,18542,QMLE-Quote,2019-10-21,0.168244
CAT,18542,QMLE-Quote,2019-10-22,0.171845
CAT,18542,QMLE-Quote,2019-10-23,0.457108
CAT,18542,QMLE-Quote,2019-10-24,0.235182
CAT,18542,QMLE-Quote,2019-10-25,0.249385
CAT,18542,QMLE-Quote,2019-10-28,0.216013
CAT,18542,QMLE-Quote,2019-10-29,0.200846
CAT,18542,QMLE-Quote,2019-10-30,0.187421
CAT,18542,QMLE-Quote,2019-10-31,0.235237
CAT,18542,QMLE-Quote,2019-11-1,0.158622
CAT,18542,QMLE-Quote,2019-11-4,0.20494
CAT,18542,QMLE-Quote,2019-11-5,0.167302
CAT,18542,QMLE-Quote,2019-11-6,0.217522
CAT,18542,QMLE-Quote,2019-11-7,0.206041
CAT,18542,QMLE-Quote,2019-11-8,0.19285
CAT,18542,QMLE-Quote,2019-11-11,0.147929
CAT,18542,QMLE-Quote,2019-11-12,0.136324
CAT,18542,QMLE-Quote,2019-11-13,0.179505
CAT,18542,QMLE-Quote,2019-11-14,0.161186
CAT,18542,QMLE-Quote,2019-11-15,0.169517
CAT,18542,QMLE-Quote,2019-11-18,0.156075
CAT,18542,QMLE-Quote,2019-11-19,0.145653
CAT,18542,QMLE-Quote,2019-11-20,0.196771
CAT,18542,QMLE-Quote,2019-11-21,0.191979
CAT,18542,QMLE-Quote,2019-11-22,0.163559
CAT,18542,QMLE-Quote,2019-11-25,0.177918
CAT,18542,QMLE-Quote,2019-11-26,0.121901
CAT,18542,QMLE-Quote,2019-11-27,0.203331
CAT,18542,QMLE-Quote,2019-11-29,0.119929
CAT,18542,QMLE-Quote,2019-12-2,0.218317
CAT,18542,QMLE-Quote,2019-12-3,0.210972
CAT,18542,QMLE-Quote,2019-12-4,0.123099
CAT,18542,QMLE-Quote,2019-12-5,0.171148
CAT,18542,QMLE-Quote,2019-12-6,0.132426
CAT,18542,QMLE-Quote,2019-12-9,0.104085
CAT,18542,QMLE-Quote,2019-12-10,0.15009
CAT,18542,QMLE-Quote,2019-12-11,0.117787
CAT,18542,QMLE-Quote,2019-12-12,0.205694
CAT,18542,QMLE-Quote,2019-12-13,0.228586
CAT,18542,QMLE-Quote,2019-12-16,0.149747
CAT,18542,QMLE-Quote,2019-12-17,0.146443
CAT,18542,QMLE-Quote,2019-12-18,0.117754
CAT,18542,QMLE-Quote,2019-12-19,0.12739
CAT,18542,QMLE-Quote,2019-12-20,0.284091
CAT,18542,QMLE-Quote,2019-12-23,0.10066
CAT,18542,QMLE-Quote,2019-12-24,0.100358
CAT,18542,QMLE-Quote,2019-12-26,0.112506
CAT,18542,QMLE-Quote,2019-12-27,0.0959401
CAT,18542,QMLE-Quote,2019-12-30,0.119839
CAT,18542,QMLE-Quote,2019-12-31,0.153831
CAT,18542,QMLE-Quote,2020-1-2,0.162086
CAT,18542,QMLE-Quote,2020-1-3,0.180738
CAT,18542,QMLE-Quote,2020-1-6,0.11891
CAT,18542,QMLE-Quote,2020-1-7,0.133322
CAT,18542,QMLE-Quote,2020-1-8,0.130786
CAT,18542,QMLE-Quote,2020-1-9,0.126811
CAT,18542,QMLE-Quote,2020-1-10,0.103413
CAT,18542,QMLE-Quote,2020-1-13,0.0768861
CAT,18542,QMLE-Quote,2020-1-14,0.147742
CAT,18542,QMLE-Quote,2020-1-15,0.120654
CAT,18542,QMLE-Quote,2020-1-16,0.106875
CAT,18542,QMLE-Quote,2020-1-17,0.142061
CAT,18542,QMLE-Quote,2020-1-21,0.138786
CAT,18542,QMLE-Quote,2020-1-22,0.170989
CAT,18542,QMLE-Quote,2020-1-23,0.209742
CAT,18542,QMLE-Quote,2020-1-24,0.189469
CAT,18542,QMLE-Quote,2020-1-27,0.195328
CAT,18542,QMLE-Quote,2020-1-28,0.180615
CAT,18542,QMLE-Quote,2020-1-29,0.158846
CAT,18542,QMLE-Quote,2020-1-30,0.244952
CAT,18542,QMLE-Quote,2020-1-31,0.358561
CAT,18542,QMLE-Quote,2020-2-3,0.234461
CAT,18542,QMLE-Quote,2020-2-4,0.22687
CAT,18542,QMLE-Quote,2020-2-5,0.186145
CAT,18542,QMLE-Quote,2020-2-6,0.177404
CAT,18542,QMLE-Quote,2020-2-7,0.193641
CAT,18542,QMLE-Quote,2020-2-10,0.135292
CAT,18542,QMLE-Quote,2020-2-11,0.132941
CAT,18542,QMLE-Quote,2020-2-12,0.176872
CAT,18542,QMLE-Quote,2020-2-13,0.190066
CAT,18542,QMLE-Quote,2020-2-14,0.138419
CAT,18542,QMLE-Quote,2020-2-18,0.174586
CAT,18542,QMLE-Quote,2020-2-19,0.133955
CAT,18542,QMLE-Quote,2020-2-20,0.195388
CAT,18542,QMLE-Quote,2020-2-21,0.213437
CAT,18542,QMLE-Quote,2020-2-24,0.239482
CAT,18542,QMLE-Quote,2020-2-25,0.301683
CAT,18542,QMLE-Quote,2020-2-26,0.328063
CAT,18542,QMLE-Quote,2020-2-27,0.426888
CAT,18542,QMLE-Quote,2020-2-28,0.594196
CAT,18542,QMLE-Quote,2020-3-2,0.383157
CAT,18542,QMLE-Quote,2020-3-3,0.601686
CAT,18542,QMLE-Quote,2020-3-4,0.321016
CAT,18542,QMLE-Quote,2020-3-5,0.305023
CAT,18542,QMLE-Quote,2020-3-6,0.409414
CAT,18542,QMLE-Quote,2020-3-9,0.546321
CAT,18542,QMLE-Quote,2020-3-10,0.526964
CAT,18542,QMLE-Quote,2020-3-11,0.640572
CAT,18542,QMLE-Quote,2020-3-12,0.905458
CAT,18542,QMLE-Quote,2020-3-13,0.911315
CAT,18542,QMLE-Quote,2020-3-16,1.08376
CAT,18542,QMLE-Quote,2020-3-17,1.03636
CAT,18542,QMLE-Quote,2020-3-18,1.28489
CAT,18542,QMLE-Quote,2020-3-19,1.08517
CAT,18542,QMLE-Quote,2020-3-20,0.967864
CAT,18542,QMLE-Quote,2020-3-23,1.09465
CAT,18542,QMLE-Quote,2020-3-24,0.691153
CAT,18542,QMLE-Quote,2020-3-25,0.865329
CAT,18542,QMLE-Quote,2020-3-26,0.773467
CAT,18542,QMLE-Quote,2020-3-27,0.662853
CAT,18542,QMLE-Quote,2020-3-30,0.548927
CAT,18542,QMLE-Quote,2020-3-31,0.553189
CAT,18542,QMLE-Quote,2020-4-1,0.53764
CAT,18542,QMLE-Quote,2020-4-2,0.58308
CAT,18542,QMLE-Quote,2020-4-3,0.469387
CAT,18542,QMLE-Quote,2020-4-6,0.430076
CAT,18542,QMLE-Quote,2020-4-7,0.563085
CAT,18542,QMLE-Quote,2020-4-8,0.436443
CAT,18542,QMLE-Quote,2020-4-9,0.446873
CAT,18542,QMLE-Quote,2020-4-13,0.515335
CAT,18542,QMLE-Quote,2020-4-14,0.448494
CAT,18542,QMLE-Quote,2020-4-15,0.350006
CAT,18542,QMLE-Quote,2020-4-16,0.338607
CAT,18542,QMLE-Quote,2020-4-17,0.321637
CAT,18542,QMLE-Quote,2020-4-20,0.34756
CAT,18542,QMLE-Quote,2020-4-21,0.33021
CAT,18542,QMLE-Quote,2020-4-22,0.291054
CAT,18542,QMLE-Quote,2020-4-23,0.356635
CAT,18542,QMLE-Quote,2020-4-24,0.254476
CAT,18542,QMLE-Quote,2020-4-27,0.325445
CAT,18542,QMLE-Quote,2020-4-28,0.461461
CAT,18542,QMLE-Quote,2020-4-29,0.296645
CAT,18542,QMLE-Quote,2020-4-30,0.285189
CAT,18542,QMLE-Quote,2020-5-1,0.265465
CAT,18542,QMLE-Quote,2020-5-4,0.271689
CAT,18542,QMLE-Quote,2020-5-5,0.236555
CAT,18542,QMLE-Quote,2020-5-6,0.286425
CAT,18542,QMLE-Quote,2020-5-7,0.248106
CAT,18542,QMLE-Quote,2020-5-8,0.228045
CAT,18542,QMLE-Quote,2020-5-11,0.276951
CAT,18542,QMLE-Quote,2020-5-12,0.258508
CAT,18542,QMLE-Quote,2020-5-13,0.387009
CAT,18542,QMLE-Quote,2020-5-14,0.407023
CAT,18542,QMLE-Quote,2020-5-15,0.325649
CAT,18542,QMLE-Quote,2020-5-18,0.3171
CAT,18542,QMLE-Quote,2020-5-19,0.304902
CAT,18542,QMLE-Quote,2020-5-20,0.265135
CAT,18542,QMLE-Quote,2020-5-21,0.231666
CAT,18542,QMLE-Quote,2020-5-22,0.228146
CAT,18542,QMLE-Quote,2020-5-26,0.255505
CAT,18542,QMLE-Quote,2020-5-27,0.310093
CAT,18542,QMLE-Quote,2020-5-28,0.319271
CAT,18542,QMLE-Quote,2020-5-29,0.388374
CAT,18542,QMLE-Quote,2020-6-1,0.288196
CAT,18542,QMLE-Quote,2020-6-2,0.231062
CAT,18542,QMLE-Quote,2020-6-3,0.231881
CAT,18542,QMLE-Quote,2020-6-4,0.268572
CAT,18542,QMLE-Quote,2020-6-5,0.404444
CAT,18542,QMLE-Quote,2020-6-8,0.33573
CAT,18542,QMLE-Quote,2020-6-9,0.286626
CAT,18542,QMLE-Quote,2020-6-10,0.3394
CAT,18542,QMLE-Quote,2020-6-11,0.452644
CAT,18542,QMLE-Quote,2020-6-12,0.494768
CAT,18542,QMLE-Quote,2020-6-15,0.408704
CAT,18542,QMLE-Quote,2020-6-16,0.500763
CAT,18542,QMLE-Quote,2020-6-17,0.238617
CAT,18542,QMLE-Quote,2020-6-18,0.297442
CAT,18542,QMLE-Quote,2020-6-19,0.369092
CAT,18542,QMLE-Quote,2020-6-22,0.263501
CAT,18542,QMLE-Quote,2020-6-23,0.231693
CAT,18542,QMLE-Quote,2020-6-24,0.298435
CAT,18542,QMLE-Quote,2020-6-25,0.286329
CAT,18542,QMLE-Quote,2020-6-26,0.247747
CAT,18542,QMLE-Quote,2020-6-29,0.245819
CAT,18542,QMLE-Quote,2020-6-30,0.234646
CAT,18542,QMLE-Quote,2020-7-1,0.284121
CAT,18542,QMLE-Quote,2020-7-2,0.237758
CAT,18542,QMLE-Quote,2020-7-6,0.207673
CAT,18542,QMLE-Quote,2020-7-7,0.188743
CAT,18542,QMLE-Quote,2020-7-8,0.197011
CAT,18542,QMLE-Quote,2020-7-9,0.254603
CAT,18542,QMLE-Quote,2020-7-10,0.220867
CAT,18542,QMLE-Quote,2020-7-13,0.223714
CAT,18542,QMLE-Quote,2020-7-14,0.286603
CAT,18542,QMLE-Quote,2020-7-15,0.284456
CAT,18542,QMLE-Quote,2020-7-16,0.21339
CAT,18542,QMLE-Quote,2020-7-17,0.184945
CAT,18542,QMLE-Quote,2020-7-20,0.205754
CAT,18542,QMLE-Quote,2020-7-21,0.240057
CAT,18542,QMLE-Quote,2020-7-22,0.192845
CAT,18542,QMLE-Quote,2020-7-23,0.181809
CAT,18542,QMLE-Quote,2020-7-24,0.185724
CAT,18542,QMLE-Quote,2020-7-27,0.199076
CAT,18542,QMLE-Quote,2020-7-28,0.173148
CAT,18542,QMLE-Quote,2020-7-29,0.166684
CAT,18542,QMLE-Quote,2020-7-30,0.261756
CAT,18542,QMLE-Quote,2020-7-31,0.629337
CAT,18542,QMLE-Quote,2020-8-3,0.222258
CAT,18542,QMLE-Quote,2020-8-4,0.192663
CAT,18542,QMLE-Quote,2020-8-5,0.226389
CAT,18542,QMLE-Quote,2020-8-6,0.184084
CAT,18542,QMLE-Quote,2020-8-7,0.168065
CAT,18542,QMLE-Quote,2020-8-10,0.217933
CAT,18542,QMLE-Quote,2020-8-11,0.326108
CAT,18542,QMLE-Quote,2020-8-12,0.211517
CAT,18542,QMLE-Quote,2020-8-13,0.188121
CAT,18542,QMLE-Quote,2020-8-14,0.211812
CAT,18542,QMLE-Quote,2020-8-17,0.153129
CAT,18542,QMLE-Quote,2020-8-18,0.167497
CAT,18542,QMLE-Quote,2020-8-19,0.196818
CAT,18542,QMLE-Quote,2020-8-20,0.195377
CAT,18542,QMLE-Quote,2020-8-21,0.222038
CAT,18542,QMLE-Quote,2020-8-24,0.197172
CAT,18542,QMLE-Quote,2020-8-25,0.19451
CAT,18542,QMLE-Quote,2020-8-26,0.201331
CAT,18542,QMLE-Quote,2020-8-27,0.195001
CAT,18542,QMLE-Quote,2020-8-28,0.214285
CAT,18542,QMLE-Quote,2020-8-31,0.171738
CAT,18542,QMLE-Quote,2020-9-1,0.163295
CAT,18542,QMLE-Quote,2020-9-2,0.271968
CAT,18542,QMLE-Quote,2020-9-3,0.350882
CAT,18542,QMLE-Quote,2020-9-4,0.37282
CAT,18542,QMLE-Quote,2020-9-8,0.309784
CAT,18542,QMLE-Quote,2020-9-9,0.322892
CAT,18542,QMLE-Quote,2020-9-10,0.297671
CAT,18542,QMLE-Quote,2020-9-11,0.241869
CAT,18542,QMLE-Quote,2020-9-14,0.250027
CAT,18542,QMLE-Quote,2020-9-15,0.259942
CAT,18542,QMLE-Quote,2020-9-16,0.23696
CAT,18542,QMLE-Quote,2020-9-17,0.265179
CAT,18542,QMLE-Quote,2020-9-18,0.305148
CAT,18542,QMLE-Quote,2020-9-21,0.33025
CAT,18542,QMLE-Quote,2020-9-22,0.235857
CAT,18542,QMLE-Quote,2020-9-23,0.279844
CAT,18542,QMLE-Quote,2020-9-24,0.281296
CAT,18542,QMLE-Quote,2020-9-25,0.27089
CAT,18542,QMLE-Quote,2020-9-28,0.211479
CAT,18542,QMLE-Quote,2020-9-29,0.211987
CAT,18542,QMLE-Quote,2020-9-30,0.268609
CAT,18542,QMLE-Quote,2020-10-1,0.249044
CAT,18542,QMLE-Quote,2020-10-2,0.2993
CAT,18542,QMLE-Quote,2020-10-5,0.243159
CAT,18542,QMLE-Quote,2020-10-6,0.290263
CAT,18542,QMLE-Quote,2020-10-7,0.210167
CAT,18542,QMLE-Quote,2020-10-8,0.192613
CAT,18542,QMLE-Quote,2020-10-9,0.184871
CAT,18542,QMLE-Quote,2020-10-12,0.198711
CAT,18542,QMLE-Quote,2020-10-13,0.217982
CAT,18542,QMLE-Quote,2020-10-14,0.189327
CAT,18542,QMLE-Quote,2020-10-15,0.214869
CAT,18542,QMLE-Quote,2020-10-16,0.200759
CAT,18542,QMLE-Quote,2020-10-19,0.20337
CAT,18542,QMLE-Quote,2020-10-20,0.212957
CAT,18542,QMLE-Quote,2020-10-21,0.206407
CAT,18542,QMLE-Quote,2020-10-22,0.208608
CAT,18542,QMLE-Quote,2020-10-23,0.191687
CAT,18542,QMLE-Quote,2020-10-26,0.273974
CAT,18542,QMLE-Quote,2020-10-27,0.399309
CAT,18542,QMLE-Quote,2020-10-28,0.420688
CAT,18542,QMLE-Quote,2020-10-29,0.286124
CAT,18542,QMLE-Quote,2020-10-30,0.3216
CAT,18542,QMLE-Quote,2020-11-2,0.288452
CAT,18542,QMLE-Quote,2020-11-3,0.256578
CAT,18542,QMLE-Quote,2020-11-4,0.44338
CAT,18542,QMLE-Quote,2020-11-5,0.294594
CAT,18542,QMLE-Quote,2020-11-6,0.269695
CAT,18542,QMLE-Quote,2020-11-9,0.487488
CAT,18542,QMLE-Quote,2020-11-10,0.333111
CAT,18542,QMLE-Quote,2020-11-11,0.261367
CAT,18542,QMLE-Quote,2020-11-12,0.247933
CAT,18542,QMLE-Quote,2020-11-13,0.230452
CAT,18542,QMLE-Quote,2020-11-16,0.236765
CAT,18542,QMLE-Quote,2020-11-17,0.202524
CAT,18542,QMLE-Quote,2020-11-18,0.206341
CAT,18542,QMLE-Quote,2020-11-19,0.248517
CAT,18542,QMLE-Quote,2020-11-20,0.223182
CAT,18542,QMLE-Quote,2020-11-23,0.203845
CAT,18542,QMLE-Quote,2020-11-24,0.206648
CAT,18542,QMLE-Quote,2020-11-25,0.252063
CAT,18542,QMLE-Quote,2020-11-27,0.166071
CAT,18542,QMLE-Quote,2020-11-30,0.234214
CAT,18542,QMLE-Quote,2020-12-1,0.228323
CAT,18542,QMLE-Quote,2020-12-2,0.153083
CAT,18542,QMLE-Quote,2020-12-3,0.16202
CAT,18542,QMLE-Quote,2020-12-4,0.19859
CAT,18542,QMLE-Quote,2020-12-7,0.199415
CAT,18542,QMLE-Quote,2020-12-8,0.187029
CAT,18542,QMLE-Quote,2020-12-9,0.17635
CAT,18542,QMLE-Quote,2020-12-10,0.159931
CAT,18542,QMLE-Quote,2020-12-11,0.181477
CAT,18542,QMLE-Quote,2020-12-14,0.211577
CAT,18542,QMLE-Quote,2020-12-15,0.169632
CAT,18542,QMLE-Quote,2020-12-17,0.155001
CAT,18542,QMLE-Quote,2020-12-18,0.204916
CAT,18542,QMLE-Quote,2020-12-21,0.218548
CAT,18542,QMLE-Quote,2020-12-22,0.205173
CAT,18542,QMLE-Quote,2020-12-23,0.151406
CAT,18542,QMLE-Quote,2020-12-24,0.117756
CAT,18542,QMLE-Quote,2020-12-28,0.136959
CAT,18542,QMLE-Quote,2020-12-29,0.177072
CAT,18542,QMLE-Quote,2020-12-30,0.200993
CAT,18542,QMLE-Quote,2020-12-31,0.160071
CAT,18542,QMLE-Quote,2021-1-4,0.300927
CAT,18542,QMLE-Quote,2021-1-5,0.240348
CAT,18542,QMLE-Quote,2021-1-6,0.351139
CAT,18542,QMLE-Quote,2021-1-7,0.253407
CAT,18542,QMLE-Quote,2021-1-8,0.230893
CAT,18542,QMLE-Quote,2021-1-11,0.248136
CAT,18542,QMLE-Quote,2021-1-12,0.205951
CAT,18542,QMLE-Quote,2021-1-13,0.188301
CAT,18542,QMLE-Quote,2021-1-14,0.162446
CAT,18542,QMLE-Quote,2021-1-15,0.248934
CAT,18542,QMLE-Quote,2021-1-19,0.226221
CAT,18542,QMLE-Quote,2021-1-20,0.237165
CAT,18542,QMLE-Quote,2021-1-21,0.188272
CAT,18542,QMLE-Quote,2021-1-22,0.195928
CAT,18542,QMLE-Quote,2021-1-25,0.247925
CAT,18542,QMLE-Quote,2021-1-26,0.211414
CAT,18542,QMLE-Quote,2021-1-27,0.383457
CAT,18542,QMLE-Quote,2021-1-28,0.28791
CAT,18542,QMLE-Quote,2021-1-29,0.458924
CAT,18542,QMLE-Quote,2021-2-1,0.285649
CAT,18542,QMLE-Quote,2021-2-2,0.317123
CAT,18542,QMLE-Quote,2021-2-3,0.181359
CAT,18542,QMLE-Quote,2021-2-4,0.224385
CAT,18542,QMLE-Quote,2021-2-5,0.244
CAT,18542,QMLE-Quote,2021-2-8,0.176987
CAT,18542,QMLE-Quote,2021-2-9,0.190094
CAT,18542,QMLE-Quote,2021-2-11,0.214072
CAT,18542,QMLE-Quote,2021-2-12,0.166285
CAT,18542,QMLE-Quote,2021-2-16,0.281205
CAT,18542,QMLE-Quote,2021-2-17,0.233742
CAT,18542,QMLE-Quote,2021-2-18,0.206577
CAT,18542,QMLE-Quote,2021-2-19,0.310392
CAT,18542,QMLE-Quote,2021-2-22,0.288937
CAT,18542,QMLE-Quote,2021-2-23,0.339277
CAT,18542,QMLE-Quote,2021-2-24,0.307141
CAT,18542,QMLE-Quote,2021-2-25,0.28937
CAT,18542,QMLE-Quote,2021-2-26,0.289678
CAT,18542,QMLE-Quote,2021-3-1,0.236538
CAT,18542,QMLE-Quote,2021-3-2,0.243016
CAT,18542,QMLE-Quote,2021-3-3,0.282036
CAT,18542,QMLE-Quote,2021-3-4,0.390249
CAT,18542,QMLE-Quote,2021-3-5,0.37793
CAT,18542,QMLE-Quote,2021-3-8,0.296876
CAT,18542,QMLE-Quote,2021-3-9,0.246862
CAT,18542,QMLE-Quote,2021-3-10,0.221354
CAT,18542,QMLE-Quote,2021-3-11,0.23602
CAT,18542,QMLE-Quote,2021-3-12,0.206577
CAT,18542,QMLE-Quote,2021-3-15,0.245048
CAT,18542,QMLE-Quote,2021-3-16,0.233527
CAT,18542,QMLE-Quote,2021-3-17,0.212937
CAT,18542,QMLE-Quote,2021-3-18,0.287669
CAT,18542,QMLE-Quote,2021-3-19,0.279377
CAT,18542,QMLE-Quote,2021-3-22,0.209108
CAT,18542,QMLE-Quote,2021-3-24,0.30789
CAT,18542,QMLE-Quote,2021-3-25,0.308026
CAT,18542,QMLE-Quote,2021-3-26,0.265034
CAT,18542,QMLE-Quote,2021-3-29,0.266562
CAT,18542,QMLE-Quote,2021-3-30,0.194401
CAT,18542,QMLE-Quote,2021-3-31,0.250951
CAT,18542,QMLE-Quote,2021-4-1,0.282203
CAT,18542,QMLE-Quote,2021-4-5,0.207199
CAT,18542,QMLE-Quote,2021-4-6,0.185564
CAT,18542,QMLE-Quote,2021-4-7,0.198252
CAT,18542,QMLE-Quote,2021-4-9,0.15585
CAT,18542,QMLE-Quote,2021-4-12,0.158892
CAT,18542,QMLE-Quote,2021-4-13,0.18342
CAT,18542,QMLE-Quote,2021-4-14,0.18775
CAT,18542,QMLE-Quote,2021-4-15,0.167029
CAT,18542,QMLE-Quote,2021-4-16,0.167435
CAT,18542,QMLE-Quote,2021-4-19,0.181663
CAT,18542,QMLE-Quote,2021-4-20,0.205451
CAT,18542,QMLE-Quote,2021-4-21,0.20164
CAT,18542,QMLE-Quote,2021-4-22,0.228692
CAT,18542,QMLE-Quote,2021-4-23,0.19253
CAT,18542,QMLE-Quote,2021-4-26,0.178583
CAT,18542,QMLE-Quote,2021-4-27,0.169232
CAT,18542,QMLE-Quote,2021-4-28,0.203174
CAT,18542,QMLE-Quote,2021-4-29,0.374478
CAT,18542,QMLE-Quote,2021-4-30,0.225775
CAT,18542,QMLE-Quote,2021-5-3,0.193433
CAT,18542,QMLE-Quote,2021-5-4,0.236773
CAT,18542,QMLE-Quote,2021-5-5,0.208415
CAT,18542,QMLE-Quote,2021-5-6,0.236417
CAT,18542,QMLE-Quote,2021-5-7,0.240226
CAT,18542,QMLE-Quote,2021-5-10,0.212955
CAT,18542,QMLE-Quote,2021-5-11,0.285892
CAT,18542,QMLE-Quote,2021-5-13,0.255191
CAT,18542,QMLE-Quote,2021-5-14,0.193469
CAT,18542,QMLE-Quote,2021-5-17,0.226146
CAT,18542,QMLE-Quote,2021-5-18,0.206989
CAT,18542,QMLE-Quote,2021-5-19,0.302482
CAT,18542,QMLE-Quote,2021-5-20,0.229915
CAT,18542,QMLE-Quote,2021-5-21,0.203264
CAT,18542,QMLE-Quote,2021-5-24,0.168368
CAT,18542,QMLE-Quote,2021-5-25,0.179823
CAT,18542,QMLE-Quote,2021-5-26,0.174875
CAT,18542,QMLE-Quote,2021-5-27,0.173396
CAT,18542,QMLE-Quote,2021-5-28,0.188913
CAT,18542,QMLE-Quote,2021-6-1,0.184003
CAT,18542,QMLE-Quote,2021-6-2,0.177884
CAT,18542,QMLE-Quote,2021-6-3,0.170599
CAT,18542,QMLE-Quote,2021-6-4,0.156147
CAT,18542,QMLE-Quote,2021-6-7,0.152002
CAT,18542,QMLE-Quote,2021-6-8,0.169822
CAT,18542,QMLE-Quote,2021-6-9,0.148692
CAT,18542,QMLE-Quote,2021-6-10,0.191439
CAT,18542,QMLE-Quote,2021-6-11,0.235688
CAT,18542,QMLE-Quote,2021-6-14,0.244356
CAT,18542,QMLE-Quote,2021-6-15,0.194643
CAT,18542,QMLE-Quote,2021-6-16,0.230583
CAT,18542,QMLE-Quote,2021-6-17,0.273782
CAT,18542,QMLE-Quote,2021-6-18,0.329842
CAT,18542,QMLE-Quote,2021-6-21,0.243897
CAT,18542,QMLE-Quote,2021-6-22,0.202561
CAT,18542,QMLE-Quote,2021-6-23,0.183695
CAT,18542,QMLE-Quote,2021-6-24,0.25206
CAT,18542,QMLE-Quote,2021-6-25,0.228254
CAT,18542,QMLE-Quote,2021-6-28,0.195136
CAT,18542,QMLE-Quote,2021-6-29,0.16559
CAT,18542,QMLE-Quote,2021-6-30,0.142159
CAT,18542,QMLE-Quote,2021-7-1,0.168569
CAT,18542,QMLE-Quote,2021-7-2,0.146518
CAT,18542,QMLE-Quote,2021-7-6,0.202404
CAT,18542,QMLE-Quote,2021-7-7,0.19681
CAT,18542,QMLE-Quote,2021-7-8,0.259689
CAT,18542,QMLE-Quote,2021-7-9,0.168922
CAT,18542,QMLE-Quote,2021-7-12,0.173567
CAT,18542,QMLE-Quote,2021-7-13,0.148988
CAT,18542,QMLE-Quote,2021-7-14,0.180163
CAT,18542,QMLE-Quote,2021-7-15,0.19366
CAT,18542,QMLE-Quote,2021-7-16,0.157072
CAT,18542,QMLE-Quote,2021-7-19,0.257986
CAT,18542,QMLE-Quote,2021-7-20,0.21244
CAT,18542,QMLE-Quote,2021-7-21,0.182579
CAT,18542,QMLE-Quote,2021-7-22,0.167423
CAT,18542,QMLE-Quote,2021-7-23,0.155372
CAT,18542,QMLE-Quote,2021-7-26,0.165118
CAT,18542,QMLE-Quote,2021-7-27,0.182831
CAT,18542,QMLE-Quote,2021-7-28,0.213809
CAT,18542,QMLE-Quote,2021-7-29,0.213585
CAT,18542,QMLE-Quote,2021-7-30,0.294017
CAT,18542,QMLE-Quote,2021-8-2,0.215648
CAT,18542,QMLE-Quote,2021-8-3,0.210086
CAT,18542,QMLE-Quote,2021-8-4,0.201221
CAT,18542,QMLE-Quote,2021-8-5,0.176314
CAT,18542,QMLE-Quote,2021-8-6,0.181854
CAT,18542,QMLE-Quote,2021-8-9,0.179893
CAT,18542,QMLE-Quote,2021-8-10,0.181425
CAT,18542,QMLE-Quote,2021-8-11,0.28911
CAT,18542,QMLE-Quote,2021-8-12,0.263252
CAT,18542,QMLE-Quote,2021-8-13,0.158869
CAT,18542,QMLE-Quote,2021-8-16,0.214614
CAT,18542,QMLE-Quote,2021-8-17,0.223524
CAT,18542,QMLE-Quote,2021-8-18,0.17943
CAT,18542,QMLE-Quote,2021-8-19,0.241155
CAT,18542,QMLE-Quote,2021-8-20,0.186518
CAT,18542,QMLE-Quote,2021-8-23,0.179164
CAT,18542,QMLE-Quote,2021-8-24,0.199858
CAT,18542,QMLE-Quote,2021-8-25,0.152676
CAT,18542,QMLE-Quote,2021-8-26,0.194837
CAT,18542,QMLE-Quote,2021-8-27,0.14743
CAT,18542,QMLE-Quote,2021-8-30,0.14761
CAT,18542,QMLE-Quote,2021-8-31,0.176139
CAT,18542,QMLE-Quote,2021-9-1,0.187411
CAT,18542,QMLE-Quote,2021-9-2,0.185461
CAT,18542,QMLE-Quote,2021-9-3,0.169724
CAT,18542,QMLE-Quote,2021-9-7,0.181855
CAT,18542,QMLE-Quote,2021-9-8,0.193488
CAT,18542,QMLE-Quote,2021-9-9,0.186141
CAT,18542,QMLE-Quote,2021-9-10,0.188797
CAT,18542,QMLE-Quote,2021-9-13,0.191365
CAT,18542,QMLE-Quote,2021-9-14,0.190857
CAT,18542,QMLE-Quote,2021-9-15,0.192424
CAT,18542,QMLE-Quote,2021-9-16,0.166116
CAT,18542,QMLE-Quote,2021-9-17,0.191552
CAT,18542,QMLE-Quote,2021-9-20,0.332933
CAT,18542,QMLE-Quote,2021-9-21,0.249258
CAT,18542,QMLE-Quote,2021-9-22,0.239851
CAT,18542,QMLE-Quote,2021-9-23,0.169997
CAT,18542,QMLE-Quote,2021-9-24,0.161255
CAT,18542,QMLE-Quote,2021-9-27,0.205956
CAT,18542,QMLE-Quote,2021-9-28,0.257126
CAT,18542,QMLE-Quote,2021-9-29,0.194363
CAT,18542,QMLE-Quote,2021-9-30,0.238895
CAT,18542,QMLE-Quote,2021-10-1,0.244274
CAT,18542,QMLE-Quote,2021-10-4,0.234987
CAT,18542,QMLE-Quote,2021-10-5,0.19238
CAT,18542,QMLE-Quote,2021-10-6,0.266136
CAT,18542,QMLE-Quote,2021-10-7,0.165569
CAT,18542,QMLE-Quote,2021-10-8,0.182941
CAT,18542,QMLE-Quote,2021-10-11,0.201252
CAT,18542,QMLE-Quote,2021-10-12,0.240012
CAT,18542,QMLE-Quote,2021-10-13,0.200698
CAT,18542,QMLE-Quote,2021-10-14,0.221562
CAT,18542,QMLE-Quote,2021-10-15,0.159249
CAT,18542,QMLE-Quote,2021-10-18,0.178226
CAT,18542,QMLE-Quote,2021-10-19,0.181375
CAT,18542,QMLE-Quote,2021-10-20,0.155299
CAT,18542,QMLE-Quote,2021-10-21,0.159222
CAT,18542,QMLE-Quote,2021-10-22,0.181328
CAT,18542,QMLE-Quote,2021-10-25,0.128884
CAT,18542,QMLE-Quote,2021-10-26,0.148793
CAT,18542,QMLE-Quote,2021-10-27,0.187772
CAT,18542,QMLE-Quote,2021-10-28,0.398265
CAT,18542,QMLE-Quote,2021-11-1,0.1795
CAT,18542,QMLE-Quote,2021-11-2,0.223216
CAT,18542,QMLE-Quote,2021-11-3,0.220703
CAT,18542,QMLE-Quote,2021-11-4,0.150795
CAT,18542,QMLE-Quote,2021-11-5,0.19099
CAT,18542,QMLE-Quote,2021-11-8,0.240157
CAT,18542,QMLE-Quote,2021-11-9,0.2182
CAT,18542,QMLE-Quote,2021-11-10,0.183788
CAT,18542,QMLE-Quote,2021-11-11,0.148746
CAT,18542,QMLE-Quote,2021-11-12,0.1394
CAT,18542,QMLE-Quote,2021-11-15,0.147843
CAT,18542,QMLE-Quote,2021-11-16,0.153186
CAT,18542,QMLE-Quote,2021-11-17,0.176614
CAT,18542,QMLE-Quote,2021-11-18,0.16624
CAT,18542,QMLE-Quote,2021-11-19,0.206297
CAT,18542,QMLE-Quote,2021-11-22,0.193097
CAT,18542,QMLE-Quote,2021-11-23,0.217997
CAT,18542,QMLE-Quote,2021-11-24,0.214217
CAT,18542,QMLE-Quote,2021-11-26,0.281429
CAT,18542,QMLE-Quote,2021-11-29,0.238367
CAT,18542,QMLE-Quote,2021-11-30,0.312862
CAT,18542,QMLE-Quote,2021-12-1,0.299553
CAT,18542,QMLE-Quote,2021-12-2,0.302494
CAT,18542,QMLE-Quote,2021-12-3,0.277344
CAT,18542,QMLE-Quote,2021-12-6,0.214729
CAT,18542,QMLE-Quote,2021-12-7,0.177391
CAT,18542,QMLE-Quote,2021-12-8,0.177649
CAT,18542,QMLE-Quote,2021-12-9,0.182041
CAT,18542,QMLE-Quote,2021-12-10,0.164316
CAT,18542,QMLE-Quote,2021-12-13,0.173658
CAT,18542,QMLE-Quote,2021-12-14,0.206655
CAT,18542,QMLE-Quote,2021-12-15,0.214322
CAT,18542,QMLE-Quote,2021-12-16,0.239405
CAT,18542,QMLE-Quote,2021-12-17,0.24018
CAT,18542,QMLE-Quote,2021-12-20,0.256023
CAT,18542,QMLE-Quote,2021-12-21,0.202489
CAT,18542,QMLE-Quote,2021-12-22,0.218241
CAT,18542,QMLE-Quote,2021-12-23,0.146943
CAT,18542,QMLE-Quote,2021-12-28,0.133909
CAT,18542,QMLE-Quote,2021-12-29,0.136035
CAT,18542,QMLE-Quote,2021-12-30,0.135021
CAT,18542,QMLE-Quote,2021-12-31,0.126337
CAT,18542,QMLE-Quote,2022-1-3,0.195478
CAT,18542,QMLE-Quote,2022-1-4,0.240297
CAT,18542,QMLE-Quote,2022-1-5,0.272853
CAT,18542,QMLE-Quote,2022-1-6,0.261233
CAT,18542,QMLE-Quote,2022-1-7,0.217385
CAT,18542,QMLE-Quote,2022-1-10,0.271682
CAT,18542,QMLE-Quote,2022-1-11,0.22828
CAT,18542,QMLE-Quote,2022-1-12,0.22012
CAT,18542,QMLE-Quote,2022-1-13,0.211452
CAT,18542,QMLE-Quote,2022-1-14,0.217161
CAT,18542,QMLE-Quote,2022-1-18,0.248792
CAT,18542,QMLE-Quote,2022-1-19,0.253883
CAT,18542,QMLE-Quote,2022-1-20,0.25928
CAT,18542,QMLE-Quote,2022-1-21,0.341573
CAT,18542,QMLE-Quote,2022-1-24,0.433955
CAT,18542,QMLE-Quote,2022-1-25,0.356209
CAT,18542,QMLE-Quote,2022-1-26,0.351661
CAT,18542,QMLE-Quote,2022-1-27,0.341229
CAT,18542,QMLE-Quote,2022-1-28,0.527804
CAT,18542,QMLE-Quote,2022-1-31,0.327343
CAT,18542,QMLE-Quote,2022-2-1,0.254576
CAT,18542,QMLE-Quote,2022-2-2,0.227953
CAT,18542,QMLE-Quote,2022-2-3,0.228758
CAT,18542,QMLE-Quote,2022-2-4,0.243897
CAT,18542,QMLE-Quote,2022-2-7,0.196702
CAT,18542,QMLE-Quote,2022-2-8,0.237277
CAT,18542,QMLE-Quote,2022-2-9,0.162497
CAT,18542,QMLE-Quote,2022-2-10,0.226975
CAT,18542,QMLE-Quote,2022-2-11,0.287796
CAT,18542,QMLE-Quote,2022-2-14,0.264876
CAT,18542,QMLE-Quote,2022-2-15,0.224908
CAT,18542,QMLE-Quote,2022-2-16,0.196906
CAT,18542,QMLE-Quote,2022-2-17,0.201461
CAT,18542,QMLE-Quote,2022-2-18,0.305874
CAT,18542,QMLE-Quote,2022-2-22,0.288219
CAT,18542,QMLE-Quote,2022-2-23,0.248756
CAT,18542,QMLE-Quote,2022-2-24,0.391753
CAT,18542,QMLE-Quote,2022-2-25,0.27602
CAT,18542,QMLE-Quote,2022-2-28,0.279029
CAT,18542,QMLE-Quote,2022-3-1,0.296713
CAT,18542,QMLE-Quote,2022-3-2,0.280532
CAT,18542,QMLE-Quote,2022-3-3,0.263337
CAT,18542,QMLE-Quote,2022-3-4,0.30251
CAT,18542,QMLE-Quote,2022-3-7,0.333625
CAT,18542,QMLE-Quote,2022-3-8,0.408396
CAT,18542,QMLE-Quote,2022-3-9,0.362367
CAT,18542,QMLE-Quote,2022-3-10,0.33985
CAT,18542,QMLE-Quote,2022-3-11,0.289933
CAT,18542,QMLE-Quote,2022-3-14,0.272985
CAT,18542,QMLE-Quote,2022-3-15,0.320585
CAT,18542,QMLE-Quote,2022-3-16,0.337092
CAT,18542,QMLE-Quote,2022-3-17,0.231129
CAT,18542,QMLE-Quote,2022-3-18,0.214756
CAT,18542,QMLE-Quote,2022-3-21,0.255769
CAT,18542,QMLE-Quote,2022-3-22,0.211332
CAT,18542,QMLE-Quote,2022-3-23,0.206256
CAT,18542,QMLE-Quote,2022-3-24,0.223214
CAT,18542,QMLE-Quote,2022-3-25,0.157756
CAT,18542,QMLE-Quote,2022-3-28,0.191338
CAT,18542,QMLE-Quote,2022-3-29,0.287969
CAT,18542,QMLE-Quote,2022-3-30,0.234811
CAT,18542,QMLE-Quote,2022-3-31,0.198707
CAT,18542,QMLE-Quote,2022-4-1,0.210843
CAT,18542,QMLE-Quote,2022-4-4,0.225348
CAT,18542,QMLE-Quote,2022-4-5,0.223087
CAT,18542,QMLE-Quote,2022-4-6,0.240419
CAT,18542,QMLE-Quote,2022-4-7,0.199939
CAT,18542,QMLE-Quote,2022-4-8,0.18719
CAT,18542,QMLE-Quote,2022-4-11,0.217051
CAT,18542,QMLE-Quote,2022-4-12,0.232916
CAT,18542,QMLE-Quote,2022-4-13,0.212023
CAT,18542,QMLE-Quote,2022-4-14,0.242368
CAT,18542,QMLE-Quote,2022-4-18,0.288231
CAT,18542,QMLE-Quote,2022-4-19,0.264863
CAT,18542,QMLE-Quote,2022-4-20,0.249594
CAT,18542,QMLE-Quote,2022-4-21,0.247192
CAT,18542,QMLE-Quote,2022-4-22,0.346073
CAT,18542,QMLE-Quote,2022-4-25,0.435293
CAT,18542,QMLE-Quote,2022-4-26,0.329237
CAT,18542,QMLE-Quote,2022-4-27,0.414676
CAT,18542,QMLE-Quote,2022-4-28,0.493635
CAT,18542,QMLE-Quote,2022-4-29,0.308439
CAT,18542,QMLE-Quote,2022-5-2,0.355304
CAT,18542,QMLE-Quote,2022-5-3,0.301948
CAT,18542,QMLE-Quote,2022-5-4,0.37611
CAT,18542,QMLE-Quote,2022-5-5,0.385348
CAT,18542,QMLE-Quote,2022-5-6,0.393889
CAT,18542,QMLE-Quote,2022-5-9,0.339267
CAT,18542,QMLE-Quote,2022-5-10,0.38636
CAT,18542,QMLE-Quote,2022-5-11,0.392456
CAT,18542,QMLE-Quote,2022-5-12,0.409671
CAT,18542,QMLE-Quote,2022-5-13,0.31074
CAT,18542,QMLE-Quote,2022-5-16,0.307911
CAT,18542,QMLE-Quote,2022-5-18,0.39256
CAT,18542,QMLE-Quote,2022-5-19,0.363585
CAT,18542,QMLE-Quote,2022-5-20,0.383491
CAT,18542,QMLE-Quote,2022-5-23,0.335407
CAT,18542,QMLE-Quote,2022-5-24,0.307331
CAT,18542,QMLE-Quote,2022-5-25,0.290926
CAT,18542,QMLE-Quote,2022-5-26,0.193735
CAT,18542,QMLE-Quote,2022-5-27,0.220295
CAT,18542,QMLE-Quote,2022-5-31,0.268249
CAT,18542,QMLE-Quote,2022-6-1,0.255698
CAT,18542,QMLE-Quote,2022-6-2,0.269416
CAT,18542,QMLE-Quote,2022-6-3,0.247576
CAT,18542,QMLE-Quote,2022-6-6,0.189686
CAT,18542,QMLE-Quote,2022-6-7,0.176772
CAT,18542,QMLE-Quote,2022-6-8,0.258064
CAT,18542,QMLE-Quote,2022-6-9,0.235671
CAT,18542,QMLE-Quote,2022-6-10,0.299777
CAT,18542,QMLE-Quote,2022-6-13,0.33417
CAT,18542,QMLE-Quote,2022-6-14,0.313737
CAT,18542,QMLE-Quote,2022-6-15,0.3658
CAT,18542,QMLE-Quote,2022-6-16,0.334044
CAT,18542,QMLE-Quote,2022-6-17,0.375038
CAT,18542,QMLE-Quote,2022-6-21,0.263446
CAT,18542,QMLE-Quote,2022-6-22,0.329392
CAT,18542,QMLE-Quote,2022-6-23,0.333501
CAT,18542,QMLE-Quote,2022-6-24,0.317555
CAT,18542,QMLE-Quote,2022-6-27,0.354214
CAT,18542,QMLE-Quote,2022-6-28,0.273684
CAT,18542,QMLE-Quote,2022-6-29,0.309163
CAT,18542,QMLE-Quote,2022-6-30,0.307981
CAT,18542,QMLE-Quote,2022-7-1,0.307
CAT,18542,QMLE-Quote,2022-7-5,0.329672
CAT,18542,QMLE-Quote,2022-7-6,0.289618
CAT,18542,QMLE-Quote,2022-7-7,0.335786
CAT,18542,QMLE-Quote,2022-7-8,0.306086
CAT,18542,QMLE-Quote,2022-7-11,0.293874
CAT,18542,QMLE-Quote,2022-7-12,0.31176
CAT,18542,QMLE-Quote,2022-7-13,0.310976
CAT,18542,QMLE-Quote,2022-7-14,0.295881
CAT,18542,QMLE-Quote,2022-7-15,0.293622
CAT,18542,QMLE-Quote,2022-7-18,0.230812
CAT,18542,QMLE-Quote,2022-7-19,0.23887
CAT,18542,QMLE-Quote,2022-7-20,0.249994
CAT,18542,QMLE-Quote,2022-7-21,0.247631
CAT,18542,QMLE-Quote,2022-7-22,0.230447
CAT,18542,QMLE-Quote,2022-7-25,0.260707
CAT,18542,QMLE-Quote,2022-7-26,0.257356
CAT,18542,QMLE-Quote,2022-7-27,0.240229
CAT,18542,QMLE-Quote,2022-7-28,0.277426
CAT,18542,QMLE-Quote,2022-7-29,0.266441
CAT,18542,QMLE-Quote,2022-8-1,0.317985
CAT,18542,QMLE-Quote,2022-8-2,0.410652
CAT,18542,QMLE-Quote,2022-8-3,0.325055
CAT,18542,QMLE-Quote,2022-8-4,0.285989
CAT,18542,QMLE-Quote,2022-8-5,0.205902
CAT,18542,QMLE-Quote,2022-8-8,0.20879
CAT,18542,QMLE-Quote,2022-8-9,0.222007
CAT,18542,QMLE-Quote,2022-8-10,0.213299
CAT,18542,QMLE-Quote,2022-8-11,0.227372
CAT,18542,QMLE-Quote,2022-8-12,0.1696
CAT,18542,QMLE-Quote,2022-8-15,0.191614
CAT,18542,QMLE-Quote,2022-8-16,0.212812
CAT,18542,QMLE-Quote,2022-8-17,0.185018
CAT,18542,QMLE-Quote,2022-8-18,0.156365
CAT,18542,QMLE-Quote,2022-8-19,0.216202
CAT,18542,QMLE-Quote,2022-8-22,0.198934
CAT,18542,QMLE-Quote,2022-8-23,0.221312
CAT,18542,QMLE-Quote,2022-8-24,0.192596
CAT,18542,QMLE-Quote,2022-8-25,0.180053
CAT,18542,QMLE-Quote,2022-8-26,0.274549
CAT,18542,QMLE-Quote,2022-8-29,0.238918
CAT,18542,QMLE-Quote,2022-8-30,0.266781
CAT,18542,QMLE-Quote,2022-8-31,0.264202
CAT,18542,QMLE-Quote,2022-9-1,0.27486
CAT,18542,QMLE-Quote,2022-9-2,0.277222
CAT,18542,QMLE-Quote,2022-9-6,0.267625
CAT,18542,QMLE-Quote,2022-9-8,0.289065
CAT,18542,QMLE-Quote,2022-9-9,0.249219
CAT,18542,QMLE-Quote,2022-9-12,0.177973
CAT,18542,QMLE-Quote,2022-9-13,0.243497
CAT,18542,QMLE-Quote,2022-9-14,0.240038
CAT,18542,QMLE-Quote,2022-9-15,0.246479
CAT,18542,QMLE-Quote,2022-9-16,0.245452
CAT,18542,QMLE-Quote,2022-9-19,0.238819
CAT,18542,QMLE-Quote,2022-9-20,0.242716
CAT,18542,QMLE-Quote,2022-9-21,0.377578
CAT,18542,QMLE-Quote,2022-9-22,0.316051
CAT,18542,QMLE-Quote,2022-9-23,0.330063
CAT,18542,QMLE-Quote,2022-9-26,0.319893
CAT,18542,QMLE-Quote,2022-9-27,0.291209
CAT,18542,QMLE-Quote,2022-9-28,0.296931
CAT,18542,QMLE-Quote,2022-9-29,0.305297
CAT,18542,QMLE-Quote,2022-9-30,0.323032
CAT,18542,QMLE-Quote,2022-10-4,0.215813
CAT,18542,QMLE-Quote,2022-10-5,0.241483
CAT,18542,QMLE-Quote,2022-10-6,0.277272
CAT,18542,QMLE-Quote,2022-10-7,0.250957
CAT,18542,QMLE-Quote,2022-10-10,0.278714
CAT,18542,QMLE-Quote,2022-10-11,0.278753
CAT,18542,QMLE-Quote,2022-10-12,0.259808
CAT,18542,QMLE-Quote,2022-10-13,0.442466
CAT,18542,QMLE-Quote,2022-10-14,0.319389
CAT,18542,QMLE-Quote,2022-10-17,0.24473
CAT,18542,QMLE-Quote,2022-10-18,0.263533
CAT,18542,QMLE-Quote,2022-10-19,0.251738
CAT,18542,QMLE-Quote,2022-10-20,0.261546
CAT,18542,QMLE-Quote,2022-10-21,0.309429
CAT,18542,QMLE-Quote,2022-10-24,0.315711
CAT,18542,QMLE-Quote,2022-10-25,0.223034
CAT,18542,QMLE-Quote,2022-10-26,0.291267
CAT,18542,QMLE-Quote,2022-10-27,0.651795
CAT,18542,QMLE-Quote,2022-10-28,0.281926
CAT,18542,QMLE-Quote,2022-10-31,0.254678
CAT,18542,QMLE-Quote,2022-11-1,0.214074
CAT,18542,QMLE-Quote,2022-11-2,0.362236
CAT,18542,QMLE-Quote,2022-11-3,0.313503
CAT,18542,QMLE-Quote,2022-11-4,0.330151
CAT,18542,QMLE-Quote,2022-11-7,0.244623
CAT,18542,QMLE-Quote,2022-11-8,0.262344
CAT,18542,QMLE-Quote,2022-11-9,0.26394
CAT,18542,QMLE-Quote,2022-11-10,0.289385
CAT,18542,QMLE-Quote,2022-11-11,0.287552
CAT,18542,QMLE-Quote,2022-11-14,0.217919
CAT,18542,QMLE-Quote,2022-11-15,0.278067
CAT,18542,QMLE-Quote,2022-11-16,0.229354
CAT,18542,QMLE-Quote,2022-11-17,0.248315
CAT,18542,QMLE-Quote,2022-11-18,0.226577
CAT,18542,QMLE-Quote,2022-11-21,0.215089
CAT,18542,QMLE-Quote,2022-11-22,0.157981
CAT,18542,QMLE-Quote,2022-11-23,0.179965
CAT,18542,QMLE-Quote,2022-11-25,0.0858696
CAT,18542,QMLE-Quote,2022-11-28,0.194766
CAT,18542,QMLE-Quote,2022-11-29,0.198528
CAT,18542,QMLE-Quote,2022-11-30,0.252084
CAT,18542,QMLE-Quote,2022-12-1,0.22541
CAT,18542,QMLE-Quote,2022-12-2,0.245433
CAT,18542,QMLE-Quote,2022-12-6,0.214899
CAT,18542,QMLE-Quote,2022-12-7,0.224163
CAT,18542,QMLE-Quote,2022-12-8,0.189333
CAT,18542,QMLE-Quote,2022-12-9,0.17172
CAT,18542,QMLE-Quote,2022-12-12,0.185044
CAT,18542,QMLE-Quote,2022-12-13,0.253578
CAT,18542,QMLE-Quote,2022-12-14,0.309942
CAT,18542,QMLE-Quote,2022-12-15,0.21639
CAT,18542,QMLE-Quote,2022-12-16,0.256547
CAT,18542,QMLE-Quote,2022-12-19,0.200131
CAT,18542,QMLE-Quote,2022-12-20,0.175265
CAT,18542,QMLE-Quote,2022-12-21,0.189078
CAT,18542,QMLE-Quote,2022-12-22,0.210675
CAT,18542,QMLE-Quote,2022-12-23,0.212407
CAT,18542,QMLE-Quote,2022-12-27,0.198405
CAT,18542,QMLE-Quote,2022-12-29,0.153372
CAT,18542,QMLE-Quote,2022-12-30,0.134404
CAT,18542,QMLE-Quote,2023-1-3,0.293879
CAT,18542,QMLE-Quote,2023-1-4,0.250772
CAT,18542,QMLE-Quote,2023-1-5,0.20948
CAT,18542,QMLE-Quote,2023-1-6,0.224852
CAT,18542,QMLE-Quote,2023-1-9,0.210004
CAT,18542,QMLE-Quote,2023-1-10,0.18377
CAT,18542,QMLE-Quote,2023-1-11,0.155449
CAT,18542,QMLE-Quote,2023-1-12,0.224271
CAT,18542,QMLE-Quote,2023-1-17,0.185884
CAT,18542,QMLE-Quote,2023-1-18,0.195992
CAT,18542,QMLE-Quote,2023-1-19,0.22627
CAT,18542,QMLE-Quote,2023-1-20,0.18696
CAT,18542,QMLE-Quote,2023-1-23,0.184032
CAT,18542,QMLE-Quote,2023-1-24,0.221063
CAT,18542,QMLE-Quote,2023-1-25,0.174775
CAT,18542,QMLE-Quote,2023-1-26,0.23258
CAT,18542,QMLE-Quote,2023-1-27,0.167313
CAT,18542,QMLE-Quote,2023-1-30,0.185233
CAT,18542,QMLE-Quote,2023-1-31,0.414034
CAT,18542,QMLE-Quote,2023-2-1,0.297969
CAT,18542,QMLE-Quote,2023-2-2,0.318351
CAT,18542,QMLE-Quote,2023-2-3,0.267928
CAT,18542,QMLE-Quote,2023-2-6,0.206436
CAT,18542,QMLE-Quote,2023-2-7,0.233483
CAT,18542,QMLE-Quote,2023-2-8,0.224801
CAT,18542,QMLE-Quote,2023-2-9,0.211528
CAT,18542,QMLE-Quote,2023-2-10,0.201176
CAT,18542,QMLE-Quote,2023-2-13,0.212566
CAT,18542,QMLE-Quote,2023-2-14,0.229796
CAT,18542,QMLE-Quote,2023-2-15,0.158217
CAT,18542,QMLE-Quote,2023-2-16,0.182673
CAT,18542,QMLE-Quote,2023-2-17,0.287097
CAT,18542,QMLE-Quote,2023-2-21,0.220039
CAT,18542,QMLE-Quote,2023-2-22,0.202874
CAT,18542,QMLE-Quote,2023-2-23,0.205916
CAT,18542,QMLE-Quote,2023-2-24,0.209982
CAT,18542,QMLE-Quote,2023-2-27,0.148204
CAT,18542,QMLE-Quote,2023-2-28,0.163347
CAT,18542,QMLE-Quote,2023-3-1,0.221769
CAT,18542,QMLE-Quote,2023-3-2,0.194475
CAT,18542,QMLE-Quote,2023-3-3,0.16493
CAT,18542,QMLE-Quote,2023-3-6,0.175783
CAT,18542,QMLE-Quote,2023-3-7,0.221512
CAT,18542,QMLE-Quote,2023-3-8,0.20462
CAT,18542,QMLE-Quote,2023-3-9,0.218108
CAT,18542,QMLE-Quote,2023-3-10,0.382806
CAT,18542,QMLE-Quote,2023-3-13,0.501794
CAT,18542,QMLE-Quote,2023-3-14,0.286736
CAT,18542,QMLE-Quote,2023-3-15,0.357387
CAT,18542,QMLE-Quote,2023-3-16,0.289271
CAT,18542,QMLE-Quote,2023-3-17,0.297102
CAT,18542,QMLE-Quote,2023-3-20,0.278242
CAT,18542,QMLE-Quote,2023-3-21,0.225024
CAT,18542,QMLE-Quote,2023-3-22,0.282381
CAT,18542,QMLE-Quote,2023-3-23,0.267741
CAT,18542,QMLE-Quote,2023-3-24,0.275058
CAT,18542,QMLE-Quote,2023-3-27,0.21508
CAT,18542,QMLE-Quote,2023-3-28,0.182961
CAT,18542,QMLE-Quote,2023-3-29,0.140833
CAT,18542,QMLE-Quote,2023-3-30,0.136927
CAT,18542,QMLE-Quote,2023-3-31,0.157716
CAT,18542,QMLE-Quote,2023-4-3,0.178134
CAT,18542,QMLE-Quote,2023-4-4,0.236654
CAT,18542,QMLE-Quote,2023-4-5,0.261706
CAT,18542,QMLE-Quote,2023-4-6,0.215943
CAT,18542,QMLE-Quote,2023-4-10,0.236152
CAT,18542,QMLE-Quote,2023-4-11,0.220002
CAT,18542,QMLE-Quote,2023-4-12,0.238004
CAT,18542,QMLE-Quote,2023-4-13,0.197929
CAT,18542,QMLE-Quote,2023-4-14,0.211825
CAT,18542,QMLE-Quote,2023-4-17,0.155262
CAT,18542,QMLE-Quote,2023-4-18,0.18337
CAT,18542,QMLE-Quote,2023-4-19,0.149545
CAT,18542,QMLE-Quote,2023-4-20,0.175952
CAT,18542,QMLE-Quote,2023-4-21,0.215429
CAT,18542,QMLE-Quote,2023-4-24,0.175629
CAT,18542,QMLE-Quote,2023-4-25,0.185302
CAT,18542,QMLE-Quote,2023-4-26,0.224444
CAT,18542,QMLE-Quote,2023-4-27,0.508382
CAT,18542,QMLE-Quote,2023-4-28,0.260963
CAT,18542,QMLE-Quote,2023-5-1,0.204797
CAT,18542,QMLE-Quote,2023-5-2,0.258295
CAT,18542,QMLE-Quote,2023-5-3,0.301162
CAT,18542,QMLE-Quote,2023-5-4,0.312091
CAT,18542,QMLE-Quote,2023-5-5,0.214192
CAT,18542,QMLE-Quote,2023-5-8,0.215034
CAT,18542,QMLE-Quote,2023-5-9,0.196599
CAT,18542,QMLE-Quote,2023-5-10,0.259219
CAT,18542,QMLE-Quote,2023-5-11,0.219944
CAT,18542,QMLE-Quote,2023-5-12,0.202358
CAT,18542,QMLE-Quote,2023-5-15,0.153534
CAT,18542,QMLE-Quote,2023-5-16,0.17639
CAT,18542,QMLE-Quote,2023-5-17,0.198593
CAT,18542,QMLE-Quote,2023-5-18,0.208742
CAT,18542,QMLE-Quote,2023-5-19,0.271639
CAT,18542,QMLE-Quote,2023-5-22,0.228143
CAT,18542,QMLE-Quote,2023-5-23,0.206742
CAT,18542,QMLE-Quote,2023-5-24,0.208962
CAT,18542,QMLE-Quote,2023-5-25,0.249069
CAT,18542,QMLE-Quote,2023-5-26,0.19632
CAT,18542,QMLE-Quote,2023-5-30,0.264443
CAT,18542,QMLE-Quote,2023-5-31,0.235988
CAT,18542,QMLE-Quote,2023-6-1,0.218398
CAT,18542,QMLE-Quote,2023-6-2,0.310916
CAT,18542,QMLE-Quote,2023-6-5,0.325695
CAT,18542,QMLE-Quote,2023-6-6,0.24056
CAT,18542,QMLE-Quote,2023-6-7,0.304963
CAT,18542,QMLE-Quote,2023-6-8,0.256768
CAT,18542,QMLE-Quote,2023-6-9,0.211895
CAT,18542,QMLE-Quote,2023-6-12,0.25375
CAT,18542,QMLE-Quote,2023-6-13,0.250254
CAT,18542,QMLE-Quote,2023-6-14,0.275453
CAT,18542,QMLE-Quote,2023-6-15,0.198255
CAT,18542,QMLE-Quote,2023-6-16,0.23341
CAT,18542,QMLE-Quote,2023-6-22,0.215642
CAT,18542,QMLE-Quote,2023-6-23,0.23002
CAT,18542,QMLE-Quote,2023-6-26,0.190177
CAT,18542,QMLE-Quote,2023-6-27,0.155468
CAT,18542,QMLE-Quote,2023-6-28,0.192363
CAT,18542,QMLE-Quote,2023-6-29,0.200535
CAT,18542,QMLE-Quote,2023-6-30,0.165326
CAT,18542,QMLE-Quote,2023-7-3,0.155721
CAT,18542,QMLE-Quote,2023-7-5,0.179778
CAT,18542,QMLE-Quote,2023-7-6,0.233553
CAT,18542,QMLE-Quote,2023-7-7,0.213616
CAT,18542,QMLE-Quote,2023-7-10,0.205563
CAT,18542,QMLE-Quote,2023-7-11,0.218993
CAT,18542,QMLE-Quote,2023-7-12,0.221521
CAT,18542,QMLE-Quote,2023-7-13,0.174888
CAT,18542,QMLE-Quote,2023-7-14,0.156311
CAT,18542,QMLE-Quote,2023-7-17,0.199433
CAT,18542,QMLE-Quote,2023-7-18,0.164088
CAT,18542,QMLE-Quote,2023-7-19,0.188392
CAT,18542,QMLE-Quote,2023-7-20,0.181184
CAT,18542,QMLE-Quote,2023-7-21,0.193742
CAT,18542,QMLE-Quote,2023-7-24,0.152659
CAT,18542,QMLE-Quote,2023-7-25,0.158409
CAT,18542,QMLE-Quote,2023-7-26,0.180326
CAT,18542,QMLE-Quote,2023-7-27,0.184733
CAT,18542,QMLE-Quote,2023-7-28,0.179503
CAT,18542,QMLE-Quote,2023-7-31,0.180016
CAT,18542,QMLE-Quote,2023-8-1,0.412629
CAT,18542,QMLE-Quote,2023-8-2,0.324624
CAT,18542,QMLE-Quote,2023-8-3,0.233721
CAT,18542,QMLE-Quote,2023-8-4,0.205302
CAT,18542,QMLE-Quote,2023-8-7,0.182176
CAT,18542,QMLE-Quote,2023-8-8,0.181478
CAT,18542,QMLE-Quote,2023-8-9,0.197175
CAT,18542,QMLE-Quote,2023-8-10,0.205625
CAT,18542,QMLE-Quote,2023-8-11,0.170853
CAT,18542,QMLE-Quote,2023-8-14,0.144161
CAT,18542,QMLE-Quote,2023-8-15,0.201049
CAT,18542,QMLE-Quote,2023-8-17,0.187055
CAT,18542,QMLE-Quote,2023-8-18,0.242627
CAT,18542,QMLE-Quote,2023-8-21,0.199622
CAT,18542,QMLE-Quote,2023-8-22,0.172255
CAT,18542,QMLE-Quote,2023-8-23,0.15669
CAT,18542,QMLE-Quote,2023-8-24,0.181293
CAT,18542,QMLE-Quote,2023-8-25,0.21625
CAT,18542,QMLE-Quote,2023-8-28,0.157541
CAT,18542,QMLE-Quote,2023-8-29,0.159319
CAT,18542,QMLE-Quote,2023-8-30,0.15695
CAT,18542,QMLE-Quote,2023-8-31,0.171843
CAT,18542,QMLE-Quote,2023-9-1,0.18218
CAT,18542,QMLE-Quote,2023-9-5,0.199216
CAT,18542,QMLE-Quote,2023-9-6,0.167942
CAT,18542,QMLE-Quote,2023-9-7,0.18922
CAT,18542,QMLE-Quote,2023-9-8,0.151518
CAT,18542,QMLE-Quote,2023-9-11,0.145507
CAT,18542,QMLE-Quote,2023-9-12,0.172201
CAT,18542,QMLE-Quote,2023-9-13,0.186323
CAT,18542,QMLE-Quote,2023-9-14,0.197716
CAT,18542,QMLE-Quote,2023-9-15,0.206961
CAT,18542,QMLE-Quote,2023-9-18,0.153541
CAT,18542,QMLE-Quote,2023-9-19,0.182682
CAT,18542,QMLE-Quote,2023-9-20,0.200729
CAT,18542,QMLE-Quote,2023-9-21,0.184182
CAT,18542,QMLE-Quote,2023-9-22,0.203172
CAT,18542,QMLE-Quote,2023-9-26,0.180983
CAT,18542,QMLE-Quote,2023-9-27,0.228204
CAT,18542,QMLE-Quote,2023-9-28,0.203581
CAT,18542,QMLE-Quote,2023-9-29,0.269823
CAT,18542,QMLE-Quote,2023-10-2,0.257899
CAT,18542,QMLE-Quote,2023-10-3,0.214261
CAT,18542,QMLE-Quote,2023-10-4,0.264087
CAT,18542,QMLE-Quote,2023-10-5,0.244301
CAT,18542,QMLE-Quote,2023-10-6,0.240288
CAT,18542,QMLE-Quote,2023-10-9,0.218389
CAT,18542,QMLE-Quote,2023-10-10,0.191442
CAT,18542,QMLE-Quote,2023-10-11,0.167281
CAT,18542,QMLE-Quote,2023-10-12,0.221049
CAT,18542,QMLE-Quote,2023-10-13,0.253652
CAT,18542,QMLE-Quote,2023-10-16,0.21192
CAT,18542,QMLE-Quote,2023-10-17,0.203631
CAT,18542,QMLE-Quote,2023-10-18,0.353728
CAT,18542,QMLE-Quote,2023-10-19,0.307967
CAT,18542,QMLE-Quote,2023-10-20,0.281774
CAT,18542,QMLE-Quote,2023-10-23,0.261032
CAT,18542,QMLE-Quote,2023-10-24,0.254949
CAT,18542,QMLE-Quote,2023-10-25,0.232711
CAT,18542,QMLE-Quote,2023-10-26,0.260702
CAT,18542,QMLE-Quote,2023-10-27,0.24766
CAT,18542,QMLE-Quote,2023-10-30,0.284914
CAT,18542,QMLE-Quote,2023-10-31,0.437739
CAT,18542,QMLE-Quote,2023-11-1,0.322021
CAT,18542,QMLE-Quote,2023-11-2,0.270506
CAT,18542,QMLE-Quote,2023-11-3,0.249594
CAT,18542,QMLE-Quote,2023-11-6,0.196727
CAT,18542,QMLE-Quote,2023-11-7,0.201263
CAT,18542,QMLE-Quote,2023-11-9,0.18833
CAT,18542,QMLE-Quote,2023-11-10,0.171713
CAT,18542,QMLE-Quote,2023-11-13,0.183917
CAT,18542,QMLE-Quote,2023-11-14,0.186529
CAT,18542,QMLE-Quote,2023-11-15,0.197663
CAT,18542,QMLE-Quote,2023-11-16,0.197577
CAT,18542,QMLE-Quote,2023-11-17,0.15513
CAT,18542,QMLE-Quote,2023-11-20,0.184258
CAT,18542,QMLE-Quote,2023-11-21,0.132667
CAT,18542,QMLE-Quote,2023-11-22,0.20149
CAT,18542,QMLE-Quote,2023-11-24,0.114907
CAT,18542,QMLE-Quote,2023-11-27,0.151832
CAT,18542,QMLE-Quote,2023-11-28,0.147486
CAT,18542,QMLE-Quote,2023-11-29,0.1671
CAT,18542,QMLE-Quote,2023-11-30,0.182194
CAT,18542,QMLE-Quote,2023-12-1,0.194879
CAT,18542,QMLE-Quote,2023-12-4,0.163447
CAT,18542,QMLE-Quote,2023-12-5,0.165045
CAT,18542,QMLE-Quote,2023-12-6,0.193557
CAT,18542,QMLE-Quote,2023-12-7,0.152166
CAT,18542,QMLE-Quote,2023-12-8,0.1523
CAT,18542,QMLE-Quote,2023-12-11,0.136999
CAT,18542,QMLE-Quote,2023-12-12,0.142516
CAT,18542,QMLE-Quote,2023-12-13,0.175923
CAT,18542,QMLE-Quote,2023-12-14,0.249637
CAT,18542,QMLE-Quote,2023-12-18,0.184651
CAT,18542,QMLE-Quote,2023-12-19,0.160542
CAT,18542,QMLE-Quote,2023-12-20,0.211953
CAT,18542,QMLE-Quote,2023-12-21,0.227848
CAT,18542,QMLE-Quote,2023-12-22,0.169196
CAT,18542,QMLE-Quote,2023-12-26,0.141659
CAT,18542,QMLE-Quote,2023-12-27,0.142145
CAT,18542,QMLE-Quote,2023-12-28,0.128861
CAT,18542,QMLE-Quote,2023-12-29,0.146694
CAT,18542,QMLE-Quote,2024-1-2,0.223082
CAT,18542,QMLE-Quote,2024-1-3,0.230559
CAT,18542,QMLE-Quote,2024-1-4,0.170711
CAT,18542,QMLE-Quote,2024-1-5,0.221874
CAT,18542,QMLE-Quote,2024-1-8,0.170293
CAT,18542,QMLE-Quote,2024-1-9,0.184173
CAT,18542,QMLE-Quote,2024-1-10,0.17595
CAT,18542,QMLE-Quote,2024-1-11,0.213649
CAT,18542,QMLE-Quote,2024-1-12,0.194878
CAT,18542,QMLE-Quote,2024-1-16,0.187843
CAT,18542,QMLE-Quote,2024-1-17,0.242155
CAT,18542,QMLE-Quote,2024-1-18,0.188888
CAT,18542,QMLE-Quote,2024-1-19,0.185632
CAT,18542,QMLE-Quote,2024-1-22,0.170295
CAT,18542,QMLE-Quote,2024-1-23,0.172026
CAT,18542,QMLE-Quote,2024-1-24,0.203246
CAT,18542,QMLE-Quote,2024-1-25,0.256975
CAT,18542,QMLE-Quote,2024-1-26,0.178468
CAT,18542,QMLE-Quote,2024-1-29,0.152041
CAT,18542,QMLE-Quote,2024-1-30,0.147995
CAT,18542,QMLE-Quote,2024-1-31,0.2704
CAT,18542,QMLE-Quote,2024-2-1,0.19559
CAT,18542,QMLE-Quote,2024-2-2,0.235614
CAT,18542,QMLE-Quote,2024-2-5,0.47657
CAT,18542,QMLE-Quote,2024-2-6,0.273844
CAT,18542,QMLE-Quote,2024-2-7,0.215118
CAT,18542,QMLE-Quote,2024-2-8,0.184316
CAT,18542,QMLE-Quote,2024-2-9,0.204275
CAT,18542,QMLE-Quote,2024-2-12,0.175545
CAT,18542,QMLE-Quote,2024-2-13,0.195857
CAT,18542,QMLE-Quote,2024-2-14,0.195078
CAT,18542,QMLE-Quote,2024-2-15,0.228493
CAT,18542,QMLE-Quote,2024-2-16,0.22855
CAT,18542,QMLE-Quote,2024-2-20,0.208899
CAT,18542,QMLE-Quote,2024-2-21,0.168743
CAT,18542,QMLE-Quote,2024-2-23,0.148932
CAT,18542,QMLE-Quote,2024-2-26,0.157073
CAT,18542,QMLE-Quote,2024-2-27,0.135881
CAT,18542,QMLE-Quote,2024-2-28,0.145305
CAT,18542,QMLE-Quote,2024-2-29,0.155053
CAT,18542,QMLE-Quote,2024-3-1,0.178284
CAT,18542,QMLE-Quote,2024-3-4,0.170002
CAT,18542,QMLE-Quote,2024-3-5,0.179059
CAT,18542,QMLE-Quote,2024-3-6,0.205103
CAT,18542,QMLE-Quote,2024-3-7,0.181603
CAT,18542,QMLE-Quote,2024-3-11,0.20286
CAT,18542,QMLE-Quote,2024-3-12,0.177134
CAT,18542,QMLE-Quote,2024-3-13,0.171718
CAT,18542,QMLE-Quote,2024-3-15,0.200043
CAT,18542,QMLE-Quote,2024-3-18,0.184766
CAT,18542,QMLE-Quote,2024-3-19,0.154463
CAT,18542,QMLE-Quote,2024-3-20,0.242012
CAT,18542,QMLE-Quote,2024-3-21,0.185837
CAT,18542,QMLE-Quote,2024-3-22,0.131971
CAT,18542,QMLE-Quote,2024-3-25,0.144914
CAT,18542,QMLE-Quote,2024-3-26,0.133019
CAT,18542,QMLE-Quote,2024-3-27,0.139839
CAT,18542,QMLE-Quote,2024-3-28,0.128256
CAT,18542,QMLE-Quote,2024-4-1,0.146271
CAT,18542,QMLE-Quote,2024-4-2,0.157151
CAT,18542,QMLE-Quote,2024-4-3,0.201925
CAT,18542,QMLE-Quote,2024-4-4,0.197207
CAT,18542,QMLE-Quote,2024-4-5,0.20569
CAT,18542,QMLE-Quote,2024-4-9,0.198142
CAT,18542,QMLE-Quote,2024-4-10,0.244888
CAT,18542,QMLE-Quote,2024-4-11,0.191975
CAT,18542,QMLE-Quote,2024-4-12,0.202206
CAT,18542,QMLE-Quote,2024-4-15,0.225341
CAT,18542,QMLE-Quote,2024-4-16,0.266574
CAT,18542,QMLE-Quote,2024-4-17,0.24811
CAT,18542,QMLE-Quote,2024-4-18,0.206465
CAT,18542,QMLE-Quote,2024-4-19,0.217294
CAT,18542,QMLE-Quote,2024-4-22,0.174754
CAT,18542,QMLE-Quote,2024-4-23,0.166235
CAT,18542,QMLE-Quote,2024-4-24,0.224745
CAT,18542,QMLE-Quote,2024-4-25,0.444151
CAT,18542,QMLE-Quote,2024-4-26,0.262336
CAT,18542,QMLE-Quote,2024-4-29,0.18737
CAT,18542,QMLE-Quote,2024-4-30,0.218314
CAT,18542,QMLE-Quote,2024-5-1,0.315812
CAT,18542,QMLE-Quote,2024-5-2,0.222466
CAT,18542,QMLE-Quote,2024-5-3,0.207553
CAT,18542,QMLE-Quote,2024-5-6,0.154056
CAT,18542,QMLE-Quote,2024-5-7,0.146741
CAT,18542,QMLE-Quote,2024-5-8,0.166238
CAT,18542,QMLE-Quote,2024-5-9,0.127906
CAT,18542,QMLE-Quote,2024-5-10,0.159756
CAT,18542,QMLE-Quote,2024-5-13,0.156916
CAT,18542,QMLE-Quote,2024-5-14,0.150631
CAT,18542,QMLE-Quote,2024-5-15,0.153022
CAT,18542,QMLE-Quote,2024-5-16,0.180296
CAT,18542,QMLE-Quote,2024-5-17,0.163304
CAT,18542,QMLE-Quote,2024-5-20,0.16047
CAT,18542,QMLE-Quote,2024-5-21,0.140333
CAT,18542,QMLE-Quote,2024-5-22,0.167664
CAT,18542,QMLE-Quote,2024-5-23,0.190168
CAT,18542,QMLE-Quote,2024-5-24,0.177822
CAT,18542,QMLE-Quote,2024-5-28,0.19115
CAT,18542,QMLE-Quote,2024-5-29,0.18267
CAT,18542,QMLE-Quote,2024-5-30,0.22266
CAT,18542,QMLE-Quote,2024-5-31,0.184134
CAT,18542,QMLE-Quote,2024-6-3,0.293415
CAT,18542,QMLE-Quote,2024-6-5,0.199467
CAT,18542,QMLE-Quote,2024-6-6,0.177454
CAT,18542,QMLE-Quote,2024-6-7,0.20248
CAT,18542,QMLE-Quote,2024-6-10,0.136415
CAT,18542,QMLE-Quote,2024-6-11,0.166124
CAT,18542,QMLE-Quote,2024-6-12,0.296942
CAT,18542,QMLE-Quote,2024-6-13,0.216052
CAT,18542,QMLE-Quote,2024-6-14,0.227215
CAT,18542,QMLE-Quote,2024-6-17,0.22336
CAT,18542,QMLE-Quote,2024-6-18,0.176067
CAT,18542,QMLE-Quote,2024-6-20,0.216337
CAT,18542,QMLE-Quote,2024-6-21,0.213452
CAT,18542,QMLE-Quote,2024-6-24,0.225625
CAT,18542,QMLE-Quote,2024-6-25,0.189567
CAT,18542,QMLE-Quote,2024-6-26,0.171051
CAT,18542,QMLE-Quote,2024-6-27,0.169534
CAT,18542,QMLE-Quote,2024-6-28,0.211611
CAT,18542,QMLE-Quote,2024-7-1,0.201103
CAT,18542,QMLE-Quote,2024-7-2,0.14455
CAT,18542,QMLE-Quote,2024-7-3,0.141073
CAT,18542,QMLE-Quote,2024-7-5,0.170227
CAT,18542,QMLE-Quote,2024-7-8,0.17457
CAT,18542,QMLE-Quote,2024-7-9,0.1391
CAT,18542,QMLE-Quote,2024-7-10,0.219578
CAT,18542,QMLE-Quote,2024-7-11,0.193014
CAT,18542,QMLE-Quote,2024-7-12,0.182164
CAT,18542,QMLE-Quote,2024-7-15,0.233495
CAT,18542,QMLE-Quote,2024-7-16,0.237506
CAT,18542,QMLE-Quote,2024-7-18,0.275162
CAT,18542,QMLE-Quote,2024-7-19,0.282236
CAT,18542,QMLE-Quote,2024-7-22,0.23754
CAT,18542,QMLE-Quote,2024-7-23,0.208138
CAT,18542,QMLE-Quote,2024-7-24,0.2031
CAT,18542,QMLE-Quote,2024-7-25,0.272179
CAT,18542,QMLE-Quote,2024-7-26,0.226538
CAT,18542,QMLE-Quote,2024-7-29,0.242677
CAT,18542,QMLE-Quote,2024-7-30,0.235955
CAT,18542,QMLE-Quote,2024-7-31,0.274136
CAT,18542,QMLE-Quote,2024-8-1,0.321803
CAT,18542,QMLE-Quote,2024-8-2,0.340428
CAT,18542,QMLE-Quote,2024-8-5,0.420447
CAT,18542,QMLE-Quote,2024-8-6,0.534657
CAT,18542,QMLE-Quote,2024-8-7,0.281922
CAT,18542,QMLE-Quote,2024-8-8,0.285082
CAT,18542,QMLE-Quote,2024-8-9,0.192915
CAT,18542,QMLE-Quote,2024-8-12,0.213485
CAT,18542,QMLE-Quote,2024-8-13,0.217113
CAT,18542,QMLE-Quote,2024-8-14,0.220756
CAT,18542,QMLE-Quote,2024-8-15,0.202053
CAT,18542,QMLE-Quote,2024-8-16,0.173009
CAT,18542,QMLE-Quote,2024-8-19,0.129427
CAT,18542,QMLE-Quote,2024-8-20,0.145181
CAT,18542,QMLE-Quote,2024-8-21,0.169831
CAT,18542,QMLE-Quote,2024-8-22,0.145388
CAT,18542,QMLE-Quote,2024-8-23,0.226118
CAT,18542,QMLE-Quote,2024-8-26,0.212147
CAT,18542,QMLE-Quote,2024-8-27,0.148138
CAT,18542,QMLE-Quote,2024-8-28,0.183266
CAT,18542,QMLE-Quote,2024-8-29,0.198565
CAT,18542,QMLE-Quote,2024-8-30,0.200966
CAT,18542,QMLE-Quote,2024-9-3,0.267669
CAT,18542,QMLE-Quote,2024-9-4,0.235991
CAT,18542,QMLE-Quote,2024-9-5,0.262372
CAT,18542,QMLE-Quote,2024-9-6,0.270032
CAT,18542,QMLE-Quote,2024-9-9,0.189688
CAT,18542,QMLE-Quote,2024-9-10,0.256205
CAT,18542,QMLE-Quote,2024-9-11,0.263663
CAT,18542,QMLE-Quote,2024-9-12,0.201312
CAT,18542,QMLE-Quote,2024-9-13,0.233636
CAT,18542,QMLE-Quote,2024-9-16,0.190589
CAT,18542,QMLE-Quote,2024-9-17,0.208298
CAT,18542,QMLE-Quote,2024-9-18,0.371826
CAT,18542,QMLE-Quote,2024-9-19,0.263251
CAT,18542,QMLE-Quote,2024-9-20,0.230752
CAT,18542,QMLE-Quote,2024-9-23,0.240297
CAT,18542,QMLE-Quote,2024-9-24,0.304951
CAT,18542,QMLE-Quote,2024-9-25,0.210487
CAT,18542,QMLE-Quote,2024-9-26,0.292905
CAT,18542,QMLE-Quote,2024-9-27,0.230636
CAT,18542,QMLE-Quote,2024-9-30,0.200362
CAT,18542,QMLE-Quote,2024-10-1,0.288114
CAT,18542,QMLE-Quote,2024-10-2,0.208324
CAT,18542,QMLE-Quote,2024-10-3,0.23922
CAT,18542,QMLE-Quote,2024-10-4,0.255756
CAT,18542,QMLE-Quote,2024-10-7,0.208576
CAT,18542,QMLE-Quote,2024-10-8,0.273039
CAT,18542,QMLE-Quote,2024-10-9,0.16596
CAT,18542,QMLE-Quote,2024-10-10,0.165181
CAT,18542,QMLE-Quote,2024-10-14,0.273541
CAT,18542,QMLE-Quote,2024-10-15,0.201209
CAT,18542,QMLE-Quote,2024-10-16,0.183147
CAT,18542,QMLE-Quote,2024-10-17,0.144102
CAT,18542,QMLE-Quote,2024-10-18,0.152083
CAT,18542,QMLE-Quote,2024-10-21,0.137032
CAT,18542,QMLE-Quote,2024-10-22,0.143733
CAT,18542,QMLE-Quote,2024-10-23,0.196771
CAT,18542,QMLE-Quote,2024-10-24,0.170229
CAT,18542,QMLE-Quote,2024-10-25,0.167345
CAT,18542,QMLE-Quote,2024-10-28,0.148389
CAT,18542,QMLE-Quote,2024-10-29,0.186655
CAT,18542,QMLE-Quote,2024-10-30,0.339423
CAT,18542,QMLE-Quote,2024-10-31,0.217518
CAT,18542,QMLE-Quote,2024-11-1,0.201884
CAT,18542,QMLE-Quote,2024-11-4,0.212776
CAT,18542,QMLE-Quote,2024-11-5,0.197083
CAT,18542,QMLE-Quote,2024-11-6,0.315509
CAT,18542,QMLE-Quote,2024-11-7,0.252681
CAT,18542,QMLE-Quote,2024-11-8,0.283298
CAT,18542,QMLE-Quote,2024-11-11,0.166783
CAT,18542,QMLE-Quote,2024-11-12,0.157521
CAT,18542,QMLE-Quote,2024-11-13,0.208223
CAT,18542,QMLE-Quote,2024-11-14,0.154906
CAT,18542,QMLE-Quote,2024-11-15,0.189377
CAT,18542,QMLE-Quote,2024-11-18,0.139681
CAT,18542,QMLE-Quote,2024-11-19,0.167635
CAT,18542,QMLE-Quote,2024-11-20,0.178011
CAT,18542,QMLE-Quote,2024-11-21,0.191045
CAT,18542,QMLE-Quote,2024-11-22,0.152554
CAT,18542,QMLE-Quote,2024-11-25,0.188306
CAT,18542,QMLE-Quote,2024-11-26,0.153656
CAT,18542,QMLE-Quote,2024-11-27,0.153786
CAT,18542,QMLE-Quote,2024-11-29,0.15303
CAT,18542,QMLE-Quote,2024-12-2,0.153966
CAT,18542,QMLE-Quote,2024-12-3,0.130186
CAT,18542,QMLE-Quote,2024-12-4,0.133565
CAT,18542,QMLE-Quote,2024-12-5,0.134225
CAT,18542,QMLE-Quote,2024-12-6,0.146349
CAT,18542,QMLE-Quote,2024-12-9,0.20056
CAT,18542,QMLE-Quote,2024-12-10,0.209628
CAT,18542,QMLE-Quote,2024-12-11,0.150404
CAT,18542,QMLE-Quote,2024-12-12,0.187098
CAT,18542,QMLE-Quote,2024-12-13,0.15594
CAT,18542,QMLE-Quote,2024-12-16,0.161846
CAT,18542,QMLE-Quote,2024-12-17,0.193423
CAT,18542,QMLE-Quote,2024-12-18,0.253314
CAT,18542,QMLE-Quote,2024-12-19,0.219514
CAT,18542,QMLE-Quote,2024-12-20,0.2055
CAT,18542,QMLE-Quote,2024-12-23,0.178847
CAT,18542,QMLE-Quote,2024-12-24,0.0945251
CAT,18542,QMLE-Quote,2024-12-26,0.114192
CAT,18542,QMLE-Quote,2024-12-27,0.164543
CAT,18542,QMLE-Quote,2024-12-30,0.16729
CAT,18542,QMLE-Quote,2024-12-31,0.188347
CAT,18542,QMLE-Quote,2025-1-2,0.224754
CAT,18542,QMLE-Quote,2025-1-3,0.174953
CAT,18542,QMLE-Quote,2025-1-6,0.19172
CAT,18542,QMLE-Quote,2025-1-7,0.199237
CAT,18542,QMLE-Quote,2025-1-8,0.178118
CAT,18542,QMLE-Quote,2025-1-10,0.246019
CAT,18542,QMLE-Quote,2025-1-13,0.20812
CAT,18542,QMLE-Quote,2025-1-14,0.235416
CAT,18542,QMLE-Quote,2025-1-15,0.194497
CAT,18542,QMLE-Quote,2025-1-16,0.158263
CAT,18542,QMLE-Quote,2025-1-17,0.151533
CAT,18542,QMLE-Quote,2025-1-21,0.24178
CAT,18542,QMLE-Quote,2025-1-22,0.176191
CAT,18542,QMLE-Quote,2025-1-23,0.185689
CAT,18542,QMLE-Quote,2025-1-24,0.132739
CAT,18542,QMLE-Quote,2025-1-27,0.247559
CAT,18542,QMLE-Quote,2025-1-28,0.215194
CAT,18542,QMLE-Quote,2025-1-29,0.244995
CAT,18542,QMLE-Quote,2025-1-30,0.369711
CAT,18542,QMLE-Quote,2025-1-31,0.210533
CAT,18542,QMLE-Quote,2025-2-3,0.304911
CAT,18542,QMLE-Quote,2025-2-4,0.261769
CAT,18542,QMLE-Quote,2025-2-5,0.141683
CAT,18542,QMLE-Quote,2025-2-6,0.175069
CAT,18542,QMLE-Quote,2025-2-7,0.218039
CAT,18542,QMLE-Quote,2025-2-10,0.138699
CAT,18542,QMLE-Quote,2025-2-11,0.129494
CAT,18542,QMLE-Quote,2025-2-12,0.171021
CAT,18542,QMLE-Quote,2025-2-13,0.181198
CAT,18542,QMLE-Quote,2025-2-14,0.157337
CAT,18542,QMLE-Quote,2025-2-18,0.196763
CAT,18542,QMLE-Quote,2025-2-19,0.166503
CAT,18542,QMLE-Quote,2025-2-20,0.168713
CAT,18542,QMLE-Quote,2025-2-21,0.201203
CAT,18542,QMLE-Quote,2025-2-24,0.238532
CAT,18542,QMLE-Quote,2025-2-25,0.229859
CAT,18542,QMLE-Quote,2025-2-26,0.213659
CAT,18542,QMLE-Quote,2025-2-27,0.238625
CAT,18542,QMLE-Quote,2025-2-28,0.231487
CAT,18542,QMLE-Quote,2025-3-3,0.273539
CAT,18542,QMLE-Quote,2025-3-4,0.32187
CAT,18542,QMLE-Quote,2025-3-5,0.304599
CAT,18542,QMLE-Quote,2025-3-6,0.283906
CAT,18542,QMLE-Quote,2025-3-7,0.313791
CAT,18542,QMLE-Quote,2025-3-10,0.329575
CAT,18542,QMLE-Quote,2025-3-11,0.359217
CAT,18542,QMLE-Quote,2025-3-12,0.321076
CAT,18542,QMLE-Quote,2025-3-13,0.246404
CAT,18542,QMLE-Quote,2025-3-14,0.235322
CAT,18542,QMLE-Quote,2025-3-17,0.177031
CAT,18542,QMLE-Quote,2025-3-18,0.247813
CAT,18542,QMLE-Quote,2025-3-19,0.184826
CAT,18542,QMLE-Quote,2025-3-20,0.167918
CAT,18542,QMLE-Quote,2025-3-21,0.213622
CAT,18542,QMLE-Quote,2025-3-24,0.153669
CAT,18542,QMLE-Quote,2025-3-25,0.207211
CAT,18542,QMLE-Quote,2025-3-26,0.187112
CAT,18542,QMLE-Quote,2025-3-27,0.234083
CAT,18542,QMLE-Quote,2025-3-28,0.19668
CAT,18542,QMLE-Quote,2025-3-31,0.260179
CAT,18542,QMLE-Quote,2025-4-1,0.227805
CAT,18542,QMLE-Quote,2025-4-2,0.23943
CAT,18542,QMLE-Quote,2025-4-3,0.38281
CAT,18542,QMLE-Quote,2025-4-4,0.574886
CAT,18542,QMLE-Quote,2025-4-7,0.933223
CAT,18542,QMLE-Quote,2025-4-8,0.537693
CAT,18542,QMLE-Quote,2025-4-9,0.895125
CAT,18542,QMLE-Quote,2025-4-10,0.616512
CAT,18542,QMLE-Quote,2025-4-11,0.488533
CAT,18542,QMLE-Quote,2025-4-14,0.361407
CAT,18542,QMLE-Quote,2025-4-15,0.263743
CAT,18542,QMLE-Quote,2025-4-16,0.266187
CAT,18542,QMLE-Quote,2025-4-17,0.303852
CAT,18542,QMLE-Quote,2025-4-21,0.200373
CAT,18542,QMLE-Quote,2025-4-22,0.231399
CAT,18542,QMLE-Quote,2025-4-23,0.321425
CAT,18542,QMLE-Quote,2025-4-24,0.210497
CAT,18542,QMLE-Quote,2025-4-25,0.18878
CAT,18542,QMLE-Quote,2025-4-28,0.20016
CAT,18542,QMLE-Quote,2025-4-29,0.212796
CAT,18542,QMLE-Quote,2025-4-30,0.452651
CAT,18542,QMLE-Quote,2025-5-1,0.273797
CAT,18542,QMLE-Quote,2025-5-2,0.186558
CAT,18542,QMLE-Quote,2025-5-5,0.161581
CAT,18542,QMLE-Quote,2025-5-6,0.18808
CAT,18542,QMLE-Quote,2025-5-7,0.216915
CAT,18542,QMLE-Quote,2025-5-8,0.198466
CAT,18542,QMLE-Quote,2025-5-9,0.164444
CAT,18542,QMLE-Quote,2025-5-12,0.394137
CAT,18542,QMLE-Quote,2025-5-13,0.238823
CAT,18542,QMLE-Quote,2025-5-14,0.149062
CAT,18542,QMLE-Quote,2025-5-15,0.129558
CAT,18542,QMLE-Quote,2025-5-16,0.149756
CAT,18542,QMLE-Quote,2025-5-19,0.139
CAT,18542,QMLE-Quote,2025-5-20,0.129892
CAT,18542,QMLE-Quote,2025-5-21,0.169204
CAT,18542,QMLE-Quote,2025-5-22,0.153097
CAT,18542,QMLE-Quote,2025-5-23,0.17463
CAT,18542,QMLE-Quote,2025-5-27,0.13274
CAT,18542,QMLE-Quote,2025-5-28,0.135881
CAT,18542,QMLE-Quote,2025-5-29,0.166544
CAT,18542,QMLE-Quote,2025-5-30,0.170261
CAT,18542,QMLE-Quote,2025-6-2,0.183137
CAT,18542,QMLE-Quote,2025-6-3,0.153925
CAT,18542,QMLE-Quote,2025-6-4,0.128365
CAT,18542,QMLE-Quote,2025-6-5,0.197787
CAT,18542,QMLE-Quote,2025-6-6,0.162942
CAT,18542,QMLE-Quote,2025-6-9,0.15554
CAT,18542,QMLE-Quote,2025-6-10,0.142742
CAT,18542,QMLE-Quote,2025-6-11,0.202304
CAT,18542,QMLE-Quote,2025-6-12,0.172195
CAT,18542,QMLE-Quote,2025-6-13,0.178311
CAT,18542,QMLE-Quote,2025-6-16,0.158992
CAT,18542,QMLE-Quote,2025-6-17,0.136965
CAT,18542,QMLE-Quote,2025-6-18,0.172634
CAT,18542,QMLE-Quote,2025-6-20,0.183615
CAT,18542,QMLE-Quote,2025-6-23,0.208531
CAT,18542,QMLE-Quote,2025-6-24,0.162933
CAT,18542,QMLE-Quote,2025-6-25,0.142529
CAT,18542,QMLE-Quote,2025-6-26,0.132209
CAT,18542,QMLE-Quote,2025-6-27,0.154964
CAT,18542,QMLE-Quote,2025-6-30,0.127065
CAT,18542,QMLE-Quote,2025-7-1,0.173166
CAT,18542,QMLE-Quote,2025-7-2,0.144998
CAT,18542,QMLE-Quote,2025-7-3,0.150544
CAT,18542,QMLE-Quote,2025-7-7,0.177883
CAT,18542,QMLE-Quote,2025-7-8,0.151741
CAT,18542,QMLE-Quote,2025-7-9,0.177723
CAT,18542,QMLE-Quote,2025-7-10,0.141234
CAT,18542,QMLE-Quote,2025-7-11,0.145339
CAT,18542,QMLE-Quote,2025-7-14,0.16791
CAT,18542,QMLE-Quote,2025-7-15,0.162756
CAT,18542,QMLE-Quote,2025-7-16,0.21697
CAT,18542,QMLE-Quote,2025-7-17,0.182574
CAT,18542,QMLE-Quote,2025-7-18,0.179381
CAT,18542,QMLE-Quote,2025-7-22,0.168985
CAT,18542,QMLE-Quote,2025-7-23,0.190913
CAT,18542,QMLE-Quote,2025-7-24,0.134852
CAT,18542,QMLE-Quote,2025-7-25,0.108316
CAT,18542,QMLE-Quote,2025-7-28,0.148507
CAT,18542,QMLE-Quote,2025-7-29,0.156932
CAT,18542,QMLE-Quote,2025-7-30,0.183561
CAT,18542,QMLE-Quote,2025-7-31,0.193871
CAT,18542,QMLE-Quote,2025-8-1,0.246958
CAT,18542,QMLE-Quote,2025-8-4,0.165864
CAT,18542,QMLE-Quote,2025-8-5,0.381085
CAT,18542,QMLE-Quote,2025-8-6,0.195996
CAT,18542,QMLE-Quote,2025-8-7,0.272649
CAT,18542,QMLE-Quote,2025-8-8,0.137328
CAT,18542,QMLE-Quote,2025-8-11,0.185395
CAT,18542,QMLE-Quote,2025-8-12,0.165759
CAT,18542,QMLE-Quote,2025-8-13,0.130602
CAT,18542,QMLE-Quote,2025-8-14,0.222468
CAT,18542,QMLE-Quote,2025-8-15,0.245267
CAT,18542,QMLE-Quote,2025-8-18,0.149912
CAT,18542,QMLE-Quote,2025-8-19,0.197938
CAT,18542,QMLE-Quote,2025-8-20,0.194905
CAT,18542,QMLE-Quote,2025-8-21,0.160826
CAT,18542,QMLE-Quote,2025-8-22,0.219805
CAT,18542,QMLE-Quote,2025-8-25,0.12038
CAT,18542,QMLE-Quote,2025-8-26,0.148179
CAT,18542,QMLE-Quote,2025-8-27,0.108266
CAT,18542,QMLE-Quote,2025-8-28,0.103703
CAT,18542,QMLE-Quote,2025-8-29,0.293673
CAT,18542,QMLE-Quote,2025-9-2,0.19083
CAT,18542,QMLE-Quote,2025-9-3,0.146522
CAT,18542,QMLE-Quote,2025-9-4,0.108011
CAT,18542,QMLE-Quote,2025-9-5,0.209938
CAT,18542,QMLE-Quote,2025-9-8,0.185038
CAT,18542,QMLE-Quote,2025-9-9,0.162891
CAT,18542,QMLE-Quote,2025-9-10,0.210981
CAT,18542,QMLE-Quote,2025-9-11,0.211044
CAT,18542,QMLE-Quote,2025-9-12,0.16269
CAT,18542,QMLE-Quote,2025-9-15,0.27797
CAT,18542,QMLE-Quote,2025-9-16,0.159701
CAT,18542,QMLE-Quote,2025-9-17,0.348251
CAT,18542,QMLE-Quote,2025-9-18,0.29807
CAT,18542,QMLE-Quote,2025-9-19,0.224331
CAT,18542,QMLE-Quote,2025-9-22,0.202462
CAT,18542,QMLE-Quote,2025-9-23,0.28768
CAT,18542,QMLE-Quote,2025-9-24,0.223784
CAT,18542,QMLE-Quote,2025-9-25,0.218096
CAT,18542,QMLE-Quote,2025-9-26,0.154334
CAT,18542,QMLE-Quote,2025-9-29,0.145758
CAT,18542,QMLE-Quote,2025-9-30,0.172126
CAT,18542,QMLE-Quote,2025-10-1,0.196077
CAT,18542,QMLE-Quote,2025-10-2,0.226193
CAT,18542,QMLE-Quote,2025-10-3,0.215023
CAT,18542,QMLE-Quote,2025-10-6,0.229486
CAT,18542,QMLE-Quote,2025-10-7,0.224742
CAT,18542,QMLE-Quote,2025-10-8,0.216832
CAT,18542,QMLE-Quote,2025-10-9,0.218994
CAT,18542,QMLE-Quote,2025-10-10,0.339184
CAT,18542,QMLE-Quote,2025-10-13,0.279834
CAT,18542,QMLE-Quote,2025-10-14,0.303656
CAT,18542,QMLE-Quote,2025-10-15,0.267869
CAT,18542,QMLE-Quote,2025-10-16,0.317833
CAT,18542,QMLE-Quote,2025-10-17,0.286373
CAT,18542,QMLE-Quote,2025-10-20,0.225935
CAT,18542,QMLE-Quote,2025-10-21,0.223806
CAT,18542,QMLE-Quote,2025-10-22,0.268738
CAT,18542,QMLE-Quote,2025-10-23,0.194066
CAT,18542,QMLE-Quote,2025-10-24,0.162197
CAT,18542,QMLE-Quote,2025-10-27,0.181169
CAT,18542,QMLE-Quote,2025-10-28,0.239379
CAT,18542,QMLE-Quote,2025-10-29,0.574392
CAT,18542,QMLE-Quote,2025-10-30,0.273565
CAT,18542,QMLE-Quote,2025-11-3,0.243686
CAT,18542,QMLE-Quote,2025-11-4,0.345187
CAT,18542,QMLE-Quote,2025-11-5,0.300056
CAT,18542,QMLE-Quote,2025-11-6,0.330663
CAT,18542,QMLE-Quote,2025-11-7,0.310977
CAT,18542,QMLE-Quote,2025-11-10,0.257588
CAT,18542,QMLE-Quote,2025-11-11,0.240558
CAT,18542,QMLE-Quote,2025-11-12,0.26777
CAT,18542,QMLE-Quote,2025-11-13,0.320326
CAT,18542,QMLE-Quote,2025-11-14,0.306717
CAT,18542,QMLE-Quote,2025-11-17,0.268443
CAT,18542,QMLE-Quote,2025-11-18,0.346632
CAT,18542,QMLE-Quote,2025-11-19,0.262935
CAT,18542,QMLE-Quote,2025-11-20,0.369745
CAT,18542,QMLE-Quote,2025-11-21,0.407214
CAT,18542,QMLE-Quote,2025-11-24,0.232269
CAT,18542,QMLE-Quote,2025-11-25,0.27804
CAT,18542,QMLE-Quote,2025-11-26,0.214071
CAT,18542,QMLE-Quote,2025-11-28,0.111985
CAT,18542,QMLE-Quote,2025-12-1,0.204412
CAT,18542,QMLE-Quote,2025-12-2,0.223865
CAT,18542,QMLE-Quote,2025-12-3,0.313683
CAT,18542,QMLE-Quote,2025-12-4,0.22439
CAT,18542,QMLE-Quote,2025-12-5,0.184159
CAT,18542,QMLE-Quote,2025-12-8,0.239039
CAT,18542,QMLE-Quote,2025-12-9,0.187898
CAT,18542,QMLE-Quote,2025-12-10,0.263141
CAT,18542,QMLE-Quote,2025-12-11,0.249964
CAT,18542,QMLE-Quote,2025-12-12,0.428117
CAT,18542,QMLE-Quote,2025-12-15,0.376089
CAT,18542,QMLE-Quote,2025-12-16,0.271775
CAT,18542,QMLE-Quote,2025-12-17,0.371823
CAT,18542,QMLE-Quote,2025-12-18,0.306232
CAT,18542,QMLE-Quote,2025-12-19,0.220561
CAT,18542,QMLE-Quote,2025-12-22,0.204352
CAT,18542,QMLE-Quote,2025-12-23,0.164466
CAT,18542,QMLE-Quote,2025-12-24,0.139869
CAT,18542,QMLE-Quote,2025-12-26,0.140651
CAT,18542,QMLE-Quote,2025-12-29,0.184492
CAT,18542,QMLE-Quote,2025-12-30,0.142647
CAT,18542,QMLE-Quote,2025-12-31,0.128159
CAT,18542,QMLE-Quote,2026-1-2,0.24606
CAT,18542,QMLE-Quote,2026-1-5,0.287672
CAT,18542,QMLE-Quote,2026-1-6,0.250962
CAT,18542,QMLE-Quote,2026-1-7,0.281431
CAT,18542,QMLE-Quote,2026-1-8,0.258448
CAT,18542,QMLE-Quote,2026-1-9,0.228238
CAT,18542,QMLE-Quote,2026-1-12,0.182667
CAT,18542,QMLE-Quote,2026-1-13,0.227701
CAT,18542,QMLE-Quote,2026-1-14,0.286928
CAT,18542,QMLE-Quote,2026-1-15,0.211198
CAT,18542,QMLE-Quote,2026-1-16,0.193398
CAT,18542,QMLE-Quote,2026-1-20,0.303283
CAT,18542,QMLE-Quote,2026-1-21,0.283612
CAT,18542,QMLE-Quote,2026-1-22,0.241592
CAT,18542,QMLE-Quote,2026-1-23,0.278481
CAT,18542,QMLE-Quote,2026-1-26,0.310272
CAT,18542,QMLE-Quote,2026-1-27,0.250222
CAT,18542,QMLE-Quote,2026-1-28,0.300787
CAT,18542,QMLE-Quote,2026-1-29,0.629473
CAT,18542,QMLE-Quote,2026-1-30,0.413742
CAT,18542,QMLE-Quote,2026-2-2,0.342725
CAT,18542,QMLE-Quote,2026-2-3,0.368507
CAT,18542,QMLE-Quote,2026-2-4,0.506576
CAT,18542,QMLE-Quote,2026-2-5,0.37723
CAT,18542,QMLE-Quote,2026-2-6,0.328646
CAT,18542,QMLE-Quote,2026-2-9,0.240271
CAT,18542,QMLE-Quote,2026-2-10,0.351744
CAT,18542,QMLE-Quote,2026-2-11,0.34643
CAT,18542,QMLE-Quote,2026-2-12,0.414783
CAT,18542,QMLE-Quote,2026-2-13,0.419336
CAT,18542,QMLE-Quote,2026-2-17,0.458416
CAT,18542,QMLE-Quote,2026-2-18,0.309461
CAT,18542,QMLE-Quote,2026-2-19,0.348184
CAT,18542,QMLE-Quote,2026-2-20,0.324235
CAT,18542,QMLE-Quote,2026-2-23,0.221086
CAT,18542,QMLE-Quote,2026-2-24,0.253119
CAT,18542,QMLE-Quote,2026-2-25,0.259309
CAT,18542,QMLE-Quote,2026-2-27,0.290355
CAT,18542,QMLE-Quote,2026-3-2,0.360035
CAT,18542,QMLE-Quote,2026-3-3,0.467095
CAT,18542,QMLE-Quote,2026-3-4,0.360418
CAT,18542,QMLE-Quote,2026-3-5,0.347378
CAT,18542,QMLE-Quote,2026-3-6,0.378064
CAT,18542,QMLE-Quote,2026-3-10,0.330945
CAT,18542,QMLE-Quote,2026-3-11,0.326062
CAT,18542,QMLE-Quote,2026-3-12,0.362139
CAT,18542,QMLE-Quote,2026-3-13,0.299835
CAT,18542,QMLE-Quote,2026-3-16,0.275621
CAT,18542,QMLE-Quote,2026-3-17,0.253345
CAT,18542,QMLE-Quote,2026-3-18,0.324162
CAT,18542,QMLE-Quote,2026-3-19,0.371658
CAT,18542,QMLE-Quote,2026-3-20,0.332253
CAT,18542,QMLE-Quote,2026-3-23,0.286541
CAT,18542,QMLE-Quote,2026-3-24,0.334318
CAT,18542,QMLE-Quote,2026-3-25,0.283301
CAT,18542,QMLE-Quote,2026-3-26,0.369869
CAT,18542,QMLE-Quote,2026-3-27,0.325681
CAT,18542,QMLE-Quote,2026-3-30,0.43168
CAT,18542,QMLE-Quote,2026-3-31,0.375679
CAT,18542,QMLE-Quote,2026-4-1,0.248254
CAT,18542,QMLE-Quote,2026-4-2,0.361005
CAT,18542,QMLE-Quote,2026-4-6,0.277249
CAT,18542,QMLE-Quote,2026-4-7,0.309707
CAT,18542,QMLE-Quote,2026-4-8,0.296112
CAT,18542,QMLE-Quote,2026-4-9,0.276775
CAT,18542,QMLE-Quote,2026-4-10,0.19615
CAT,18542,QMLE-Quote,2026-4-14,0.224211
CAT,18542,QMLE-Quote,2026-4-15,0.314099
CAT,18542,QMLE-Quote,2026-4-16,0.27984
CAT,18542,QMLE-Quote,2026-4-17,0.234389
CAT,18542,QMLE-Quote,2026-4-20,0.227993
CAT,18542,QMLE-Quote,2026-4-21,0.294551
CAT,18542,QMLE-Quote,2026-4-22,0.232246
CAT,18542,QMLE-Quote,2026-4-23,0.308777
CAT,18542,QMLE-Quote,2026-4-24,0.234561
CAT,18542,QMLE-Quote,2026-4-27,0.278474
CAT,18542,QMLE-Quote,2026-4-28,0.337933
CAT,18542,QMLE-Quote,2026-4-29,0.196485
CAT,18542,QMLE-Quote,2026-4-30,0.455553
CAT,18542,QMLE-Quote,2026-5-1,0.319927
CAT,18542,QMLE-Quote,2026-5-4,0.348004
CAT,18542,QMLE-Quote,2026-5-5,0.297867
CAT,18542,QMLE-Quote,2026-5-6,0.285919
CAT,18542,QMLE-Quote,2026-5-7,0.345791
CAT,18542,QMLE-Quote,2026-5-8,0.21545
CAT,18542,QMLE-Quote,2026-5-11,0.303515
CAT,18542,QMLE-Quote,2026-5-12,0.292221
CAT,18542,QMLE-Quote,2026-5-13,0.197513
CAT,18542,QMLE-Quote,2026-5-14,0.266348
CAT,18542,QMLE-Quote,2026-5-15,0.317283
CAT,18542,QMLE-Quote,2026-5-18,0.387431
CAT,18542,QMLE-Quote,2026-5-19,0.379034
CAT,18542,QMLE-Quote,2026-5-20,0.301857
CAT,18542,QMLE-Quote,2026-5-21,0.304072
CAT,18542,QMLE-Quote,2026-5-22,0.270031
CAT,18542,QMLE-Quote,2026-5-26,0.229871
CAT,18542,QMLE-Quote,2026-5-27,0.338805
CAT,18542,QMLE-Quote,2026-5-28,0.297903
CAT,18542,QMLE-Quote,2026-5-29,0.25034
CAT,18542,QMLE-Quote,2026-6-1,0.250914
CAT,18542,QMLE-Quote,2026-6-2,0.295218
CAT,18542,QMLE-Quote,2026-6-3,0.287217
CAT,18542,QMLE-Quote,2026-6-4,0.32419
CAT,18542,QMLE-Quote,2026-6-5,0.342631
CAT,18542,QMLE-Quote,2026-6-8,0.320669
CAT,18542,QMLE-Quote,2026-6-9,0.494051
CAT,18542,QMLE-Quote,2026-6-10,0.43712
CAT,18542,QMLE-Quote,2026-6-11,0.421516
CAT,18542,QMLE-Quote,2026-6-12,0.329973
CAT,18542,QMLE-Quote,2026-6-15,0.226592
CAT,18542,QMLE-Quote,2026-6-16,0.295594
CAT,18542,QMLE-Quote,2026-6-17,0.355446
CAT,18542,QMLE-Quote,2026-6-18,0.324648
CAT,18542,QMLE-Quote,2026-6-22,0.301074
CAT,18542,QMLE-Quote,2026-6-23,0.317392
CAT,18542,QMLE-Quote,2026-6-24,0.337097
CAT,18542,QMLE-Quote,2026-6-25,0.389932
CAT,18542,QMLE-Quote,2026-6-26,0.417758
CAT,18542,QMLE-Quote,2026-6-29,0.396585
CAT,18542,QMLE-Quote,2026-6-30,0.242386
CAT,18542,QMLE-Quote,2026-7-1,0.422348
CAT,18542,QMLE-Quote,2026-7-2,0.514069
CAT,18542,QMLE-Quote,2026-7-6,0.290028
CAT,18542,QMLE-Quote,2026-7-7,0.432249
CAT,18542,QMLE-Quote,2026-7-8,0.329637
CAT,18542,QMLE-Quote,2026-7-9,0.287124
CAT,18542,QMLE-Quote,2026-7-10,0.27816
CAT,18542,QMLE-Quote,2026-7-13,0.315742
CAT,18542,QMLE-Quote,2026-7-14,0.284192
CAT,18542,QMLE-Quote,2026-7-15,0.385992
CAT,18542,QMLE-Quote,2026-7-16,0.334534
CAT,18542,QMLE-Quote,2026-7-17,0.407104
CAT,18542,QMLE-Quote,2026-7-20,0.27276
CAT,18542,QMLE-Quote,2026-7-21,0.287966
CAT,18542,QMLE-Quote,2026-7-22,0.252353
CAT,18542,QMLE-Quote,2026-7-23,0.34533
CAT,18542,QMLE-Quote,2026-7-24,0.324553
CAT,18542,QMLE-Quote,2026-7-27,0.395181
CAT,18542,QMLE-Quote,2026-7-28,0.396472
