Symbol,PN,Type,Date,Volatility
CSCO,76076,QMLE-Trade,1996-1-2,0.52119
CSCO,76076,QMLE-Trade,1996-1-3,0.370493
CSCO,76076,QMLE-Trade,1996-1-4,0.524149
CSCO,76076,QMLE-Trade,1996-1-5,0.500855
CSCO,76076,QMLE-Trade,1996-1-8,0.181113
CSCO,76076,QMLE-Trade,1996-1-9,0.316768
CSCO,76076,QMLE-Trade,1996-1-10,0.819632
CSCO,76076,QMLE-Trade,1996-1-11,0.363532
CSCO,76076,QMLE-Trade,1996-1-12,0.503591
CSCO,76076,QMLE-Trade,1996-1-15,0.425996
CSCO,76076,QMLE-Trade,1996-1-16,0.851597
CSCO,76076,QMLE-Trade,1996-1-17,0.904598
CSCO,76076,QMLE-Trade,1996-1-18,0.42009
CSCO,76076,QMLE-Trade,1996-1-19,0.706475
CSCO,76076,QMLE-Trade,1996-1-22,0.693703
CSCO,76076,QMLE-Trade,1996-1-23,0.25983
CSCO,76076,QMLE-Trade,1996-1-24,0.232142
CSCO,76076,QMLE-Trade,1996-1-25,0.293372
CSCO,76076,QMLE-Trade,1996-1-26,0.379467
CSCO,76076,QMLE-Trade,1996-1-29,0.252842
CSCO,76076,QMLE-Trade,1996-1-30,0.201969
CSCO,76076,QMLE-Trade,1996-1-31,0.306552
CSCO,76076,QMLE-Trade,1996-2-1,0.189383
CSCO,76076,QMLE-Trade,1996-2-2,0.186687
CSCO,76076,QMLE-Trade,1996-2-5,0.213629
CSCO,76076,QMLE-Trade,1996-2-6,0.213583
CSCO,76076,QMLE-Trade,1996-2-7,0.285824
CSCO,76076,QMLE-Trade,1996-2-8,0.225152
CSCO,76076,QMLE-Trade,1996-2-9,0.385008
CSCO,76076,QMLE-Trade,1996-2-12,0.194149
CSCO,76076,QMLE-Trade,1996-2-13,0.202654
CSCO,76076,QMLE-Trade,1996-2-14,0.294069
CSCO,76076,QMLE-Trade,1996-2-15,0.263998
CSCO,76076,QMLE-Trade,1996-2-16,0.22398
CSCO,76076,QMLE-Trade,1996-2-20,0.46702
CSCO,76076,QMLE-Trade,1996-2-21,0.393187
CSCO,76076,QMLE-Trade,1996-2-22,0.168001
CSCO,76076,QMLE-Trade,1996-2-23,0.376245
CSCO,76076,QMLE-Trade,1996-2-26,0.348906
CSCO,76076,QMLE-Trade,1996-2-27,0.360139
CSCO,76076,QMLE-Trade,1996-2-28,0.304368
CSCO,76076,QMLE-Trade,1996-2-29,0.539344
CSCO,76076,QMLE-Trade,1996-3-1,0.692185
CSCO,76076,QMLE-Trade,1996-3-4,0.462748
CSCO,76076,QMLE-Trade,1996-3-5,0.490031
CSCO,76076,QMLE-Trade,1996-3-6,0.437324
CSCO,76076,QMLE-Trade,1996-3-7,0.451699
CSCO,76076,QMLE-Trade,1996-3-8,0.574858
CSCO,76076,QMLE-Trade,1996-3-11,0.515691
CSCO,76076,QMLE-Trade,1996-3-12,0.445349
CSCO,76076,QMLE-Trade,1996-3-13,0.308063
CSCO,76076,QMLE-Trade,1996-3-14,0.302344
CSCO,76076,QMLE-Trade,1996-3-15,0.477222
CSCO,76076,QMLE-Trade,1996-3-18,0.292939
CSCO,76076,QMLE-Trade,1996-3-19,0.359034
CSCO,76076,QMLE-Trade,1996-3-20,0.700299
CSCO,76076,QMLE-Trade,1996-3-21,0.383379
CSCO,76076,QMLE-Trade,1996-3-22,0.262607
CSCO,76076,QMLE-Trade,1996-3-25,0.3408
CSCO,76076,QMLE-Trade,1996-3-26,0.446037
CSCO,76076,QMLE-Trade,1996-3-27,0.352568
CSCO,76076,QMLE-Trade,1996-3-28,0.398023
CSCO,76076,QMLE-Trade,1996-3-29,0.287377
CSCO,76076,QMLE-Trade,1996-4-1,0.283418
CSCO,76076,QMLE-Trade,1996-4-2,0.226375
CSCO,76076,QMLE-Trade,1996-4-3,0.349319
CSCO,76076,QMLE-Trade,1996-4-4,0.347807
CSCO,76076,QMLE-Trade,1996-4-8,0.50241
CSCO,76076,QMLE-Trade,1996-4-9,0.304773
CSCO,76076,QMLE-Trade,1996-4-10,0.403564
CSCO,76076,QMLE-Trade,1996-4-11,0.558062
CSCO,76076,QMLE-Trade,1996-4-12,0.415911
CSCO,76076,QMLE-Trade,1996-4-15,0.383206
CSCO,76076,QMLE-Trade,1996-4-16,0.261116
CSCO,76076,QMLE-Trade,1996-4-17,0.269402
CSCO,76076,QMLE-Trade,1996-4-18,0.250316
CSCO,76076,QMLE-Trade,1996-4-19,0.299642
CSCO,76076,QMLE-Trade,1996-4-22,0.25403
CSCO,76076,QMLE-Trade,1996-4-23,0.300845
CSCO,76076,QMLE-Trade,1996-4-24,0.403039
CSCO,76076,QMLE-Trade,1996-4-25,0.211154
CSCO,76076,QMLE-Trade,1996-4-26,0.239578
CSCO,76076,QMLE-Trade,1996-4-29,0.176744
CSCO,76076,QMLE-Trade,1996-4-30,0.139941
CSCO,76076,QMLE-Trade,1996-5-1,0.288721
CSCO,76076,QMLE-Trade,1996-5-2,0.24045
CSCO,76076,QMLE-Trade,1996-5-3,0.170503
CSCO,76076,QMLE-Trade,1996-5-6,0.296351
CSCO,76076,QMLE-Trade,1996-5-7,0.288839
CSCO,76076,QMLE-Trade,1996-5-8,0.306237
CSCO,76076,QMLE-Trade,1996-5-9,0.212578
CSCO,76076,QMLE-Trade,1996-5-10,0.191722
CSCO,76076,QMLE-Trade,1996-5-13,0.187125
CSCO,76076,QMLE-Trade,1996-5-14,0.21517
CSCO,76076,QMLE-Trade,1996-5-15,0.250405
CSCO,76076,QMLE-Trade,1996-5-16,0.210701
CSCO,76076,QMLE-Trade,1996-5-17,0.16104
CSCO,76076,QMLE-Trade,1996-5-20,0.134094
CSCO,76076,QMLE-Trade,1996-5-21,0.145017
CSCO,76076,QMLE-Trade,1996-5-22,0.203298
CSCO,76076,QMLE-Trade,1996-5-23,0.229742
CSCO,76076,QMLE-Trade,1996-5-24,0.153158
CSCO,76076,QMLE-Trade,1996-5-28,0.206609
CSCO,76076,QMLE-Trade,1996-5-29,0.218406
CSCO,76076,QMLE-Trade,1996-5-30,0.166512
CSCO,76076,QMLE-Trade,1996-5-31,0.238413
CSCO,76076,QMLE-Trade,1996-6-3,0.294377
CSCO,76076,QMLE-Trade,1996-6-4,0.2027
CSCO,76076,QMLE-Trade,1996-6-5,0.190203
CSCO,76076,QMLE-Trade,1996-6-6,0.269403
CSCO,76076,QMLE-Trade,1996-6-7,0.235687
CSCO,76076,QMLE-Trade,1996-6-10,0.163073
CSCO,76076,QMLE-Trade,1996-6-11,0.21059
CSCO,76076,QMLE-Trade,1996-6-12,0.186173
CSCO,76076,QMLE-Trade,1996-6-13,0.21938
CSCO,76076,QMLE-Trade,1996-6-14,0.251931
CSCO,76076,QMLE-Trade,1996-6-17,0.231283
CSCO,76076,QMLE-Trade,1996-6-18,0.257634
CSCO,76076,QMLE-Trade,1996-6-19,0.298866
CSCO,76076,QMLE-Trade,1996-6-20,0.587166
CSCO,76076,QMLE-Trade,1996-6-21,0.306764
CSCO,76076,QMLE-Trade,1996-6-24,0.26689
CSCO,76076,QMLE-Trade,1996-6-25,0.208703
CSCO,76076,QMLE-Trade,1996-6-26,0.489638
CSCO,76076,QMLE-Trade,1996-6-27,0.298943
CSCO,76076,QMLE-Trade,1996-6-28,0.246202
CSCO,76076,QMLE-Trade,1996-7-1,0.545569
CSCO,76076,QMLE-Trade,1996-7-2,0.217137
CSCO,76076,QMLE-Trade,1996-7-3,0.15729
CSCO,76076,QMLE-Trade,1996-7-5,0.353654
CSCO,76076,QMLE-Trade,1996-7-8,0.264674
CSCO,76076,QMLE-Trade,1996-7-9,0.223878
CSCO,76076,QMLE-Trade,1996-7-10,0.367042
CSCO,76076,QMLE-Trade,1996-7-11,0.484024
CSCO,76076,QMLE-Trade,1996-7-12,0.422082
CSCO,76076,QMLE-Trade,1996-7-15,0.447969
CSCO,76076,QMLE-Trade,1996-7-16,0.663324
CSCO,76076,QMLE-Trade,1996-7-17,0.597109
CSCO,76076,QMLE-Trade,1996-7-18,0.400638
CSCO,76076,QMLE-Trade,1996-7-19,0.369657
CSCO,76076,QMLE-Trade,1996-7-22,0.411603
CSCO,76076,QMLE-Trade,1996-7-23,0.616883
CSCO,76076,QMLE-Trade,1996-7-24,0.922734
CSCO,76076,QMLE-Trade,1996-7-25,0.286205
CSCO,76076,QMLE-Trade,1996-7-26,0.400168
CSCO,76076,QMLE-Trade,1996-7-29,0.3992
CSCO,76076,QMLE-Trade,1996-7-30,0.246261
CSCO,76076,QMLE-Trade,1996-7-31,0.304316
CSCO,76076,QMLE-Trade,1996-8-1,0.396276
CSCO,76076,QMLE-Trade,1996-8-2,0.379112
CSCO,76076,QMLE-Trade,1996-8-5,0.267592
CSCO,76076,QMLE-Trade,1996-8-6,0.352423
CSCO,76076,QMLE-Trade,1996-8-7,0.341866
CSCO,76076,QMLE-Trade,1996-8-8,0.358584
CSCO,76076,QMLE-Trade,1996-8-9,0.3297
CSCO,76076,QMLE-Trade,1996-8-12,0.269889
CSCO,76076,QMLE-Trade,1996-8-13,0.263042
CSCO,76076,QMLE-Trade,1996-8-14,0.248993
CSCO,76076,QMLE-Trade,1996-8-15,0.255898
CSCO,76076,QMLE-Trade,1996-8-16,0.391219
CSCO,76076,QMLE-Trade,1996-8-19,0.281741
CSCO,76076,QMLE-Trade,1996-8-20,0.292529
CSCO,76076,QMLE-Trade,1996-8-21,0.302708
CSCO,76076,QMLE-Trade,1996-8-22,0.285714
CSCO,76076,QMLE-Trade,1996-8-23,0.305621
CSCO,76076,QMLE-Trade,1996-8-26,0.252636
CSCO,76076,QMLE-Trade,1996-8-27,0.230142
CSCO,76076,QMLE-Trade,1996-8-28,0.228541
CSCO,76076,QMLE-Trade,1996-8-29,0.304944
CSCO,76076,QMLE-Trade,1996-8-30,0.162784
CSCO,76076,QMLE-Trade,1996-9-3,0.425546
CSCO,76076,QMLE-Trade,1996-9-4,0.20465
CSCO,76076,QMLE-Trade,1996-9-5,0.322128
CSCO,76076,QMLE-Trade,1996-9-6,0.352117
CSCO,76076,QMLE-Trade,1996-9-9,0.257757
CSCO,76076,QMLE-Trade,1996-9-10,0.430367
CSCO,76076,QMLE-Trade,1996-9-11,0.292093
CSCO,76076,QMLE-Trade,1996-9-12,0.548167
CSCO,76076,QMLE-Trade,1996-9-13,0.276991
CSCO,76076,QMLE-Trade,1996-9-16,0.320539
CSCO,76076,QMLE-Trade,1996-9-17,0.257207
CSCO,76076,QMLE-Trade,1996-9-18,0.193172
CSCO,76076,QMLE-Trade,1996-9-19,0.208334
CSCO,76076,QMLE-Trade,1996-9-20,0.310185
CSCO,76076,QMLE-Trade,1996-9-23,0.219027
CSCO,76076,QMLE-Trade,1996-9-24,0.240132
CSCO,76076,QMLE-Trade,1996-9-25,0.1852
CSCO,76076,QMLE-Trade,1996-9-26,0.399443
CSCO,76076,QMLE-Trade,1996-9-27,0.248076
CSCO,76076,QMLE-Trade,1996-9-30,0.270359
CSCO,76076,QMLE-Trade,1996-10-1,0.373076
CSCO,76076,QMLE-Trade,1996-10-2,0.497648
CSCO,76076,QMLE-Trade,1996-10-3,0.289288
CSCO,76076,QMLE-Trade,1996-10-4,0.229881
CSCO,76076,QMLE-Trade,1996-10-7,0.182975
CSCO,76076,QMLE-Trade,1996-10-8,0.34489
CSCO,76076,QMLE-Trade,1996-10-9,0.283553
CSCO,76076,QMLE-Trade,1996-10-10,0.247249
CSCO,76076,QMLE-Trade,1996-10-11,0.157416
CSCO,76076,QMLE-Trade,1996-10-14,0.106117
CSCO,76076,QMLE-Trade,1996-10-15,0.210032
CSCO,76076,QMLE-Trade,1996-10-16,0.209391
CSCO,76076,QMLE-Trade,1996-10-17,0.149965
CSCO,76076,QMLE-Trade,1996-10-18,0.202196
CSCO,76076,QMLE-Trade,1996-10-21,0.368561
CSCO,76076,QMLE-Trade,1996-10-22,0.231865
CSCO,76076,QMLE-Trade,1996-10-23,0.425792
CSCO,76076,QMLE-Trade,1996-10-24,0.364095
CSCO,76076,QMLE-Trade,1996-10-25,0.251097
CSCO,76076,QMLE-Trade,1996-10-28,0.271702
CSCO,76076,QMLE-Trade,1996-10-29,0.2969
CSCO,76076,QMLE-Trade,1996-10-30,0.224023
CSCO,76076,QMLE-Trade,1996-10-31,0.285256
CSCO,76076,QMLE-Trade,1996-11-1,0.427323
CSCO,76076,QMLE-Trade,1996-11-4,0.344628
CSCO,76076,QMLE-Trade,1996-11-5,0.292213
CSCO,76076,QMLE-Trade,1996-11-6,0.370743
CSCO,76076,QMLE-Trade,1996-11-7,0.327887
CSCO,76076,QMLE-Trade,1996-11-8,0.298527
CSCO,76076,QMLE-Trade,1996-11-11,0.225911
CSCO,76076,QMLE-Trade,1996-11-12,0.258459
CSCO,76076,QMLE-Trade,1996-11-13,0.266058
CSCO,76076,QMLE-Trade,1996-11-14,0.236002
CSCO,76076,QMLE-Trade,1996-11-15,0.279616
CSCO,76076,QMLE-Trade,1996-11-18,0.350872
CSCO,76076,QMLE-Trade,1996-11-19,0.261506
CSCO,76076,QMLE-Trade,1996-11-20,0.282004
CSCO,76076,QMLE-Trade,1996-11-21,0.262074
CSCO,76076,QMLE-Trade,1996-11-22,0.257798
CSCO,76076,QMLE-Trade,1996-11-25,0.295967
CSCO,76076,QMLE-Trade,1996-11-26,0.597624
CSCO,76076,QMLE-Trade,1996-11-27,0.314356
CSCO,76076,QMLE-Trade,1996-11-29,0.118302
CSCO,76076,QMLE-Trade,1996-12-2,0.304277
CSCO,76076,QMLE-Trade,1996-12-3,0.288545
CSCO,76076,QMLE-Trade,1996-12-4,0.387148
CSCO,76076,QMLE-Trade,1996-12-5,0.305964
CSCO,76076,QMLE-Trade,1996-12-6,0.429713
CSCO,76076,QMLE-Trade,1996-12-9,0.224526
CSCO,76076,QMLE-Trade,1996-12-10,0.192591
CSCO,76076,QMLE-Trade,1996-12-11,0.653462
CSCO,76076,QMLE-Trade,1996-12-12,0.299711
CSCO,76076,QMLE-Trade,1996-12-13,0.295057
CSCO,76076,QMLE-Trade,1996-12-16,0.282883
CSCO,76076,QMLE-Trade,1996-12-17,0.265535
CSCO,76076,QMLE-Trade,1996-12-18,0.255367
CSCO,76076,QMLE-Trade,1996-12-19,0.210668
CSCO,76076,QMLE-Trade,1996-12-20,0.223362
CSCO,76076,QMLE-Trade,1996-12-23,0.189654
CSCO,76076,QMLE-Trade,1996-12-24,0.280066
CSCO,76076,QMLE-Trade,1996-12-26,0.234536
CSCO,76076,QMLE-Trade,1996-12-27,0.214665
CSCO,76076,QMLE-Trade,1996-12-30,0.192416
CSCO,76076,QMLE-Trade,1996-12-31,0.137447
CSCO,76076,QMLE-Trade,1997-1-2,0.312658
CSCO,76076,QMLE-Trade,1997-1-3,0.254949
CSCO,76076,QMLE-Trade,1997-1-6,0.17304
CSCO,76076,QMLE-Trade,1997-1-7,0.221234
CSCO,76076,QMLE-Trade,1997-1-8,0.293951
CSCO,76076,QMLE-Trade,1997-1-9,0.243251
CSCO,76076,QMLE-Trade,1997-1-10,0.251492
CSCO,76076,QMLE-Trade,1997-1-13,0.212707
CSCO,76076,QMLE-Trade,1997-1-14,0.212859
CSCO,76076,QMLE-Trade,1997-1-15,0.22531
CSCO,76076,QMLE-Trade,1997-1-16,0.206141
CSCO,76076,QMLE-Trade,1997-1-17,0.198668
CSCO,76076,QMLE-Trade,1997-1-20,0.15376
CSCO,76076,QMLE-Trade,1997-1-21,0.181106
CSCO,76076,QMLE-Trade,1997-1-22,0.163215
CSCO,76076,QMLE-Trade,1997-1-23,0.21607
CSCO,76076,QMLE-Trade,1997-1-24,0.288994
CSCO,76076,QMLE-Trade,1997-1-27,0.200262
CSCO,76076,QMLE-Trade,1997-1-28,0.24764
CSCO,76076,QMLE-Trade,1997-1-29,0.279882
CSCO,76076,QMLE-Trade,1997-1-30,0.203232
CSCO,76076,QMLE-Trade,1997-1-31,0.200141
CSCO,76076,QMLE-Trade,1997-2-3,0.319651
CSCO,76076,QMLE-Trade,1997-2-4,0.34865
CSCO,76076,QMLE-Trade,1997-2-5,0.282305
CSCO,76076,QMLE-Trade,1997-2-6,0.299816
CSCO,76076,QMLE-Trade,1997-2-7,0.398622
CSCO,76076,QMLE-Trade,1997-2-10,0.35499
CSCO,76076,QMLE-Trade,1997-2-11,0.331882
CSCO,76076,QMLE-Trade,1997-2-12,0.284257
CSCO,76076,QMLE-Trade,1997-2-13,0.242114
CSCO,76076,QMLE-Trade,1997-2-14,0.238009
CSCO,76076,QMLE-Trade,1997-2-18,0.208945
CSCO,76076,QMLE-Trade,1997-2-19,0.250616
CSCO,76076,QMLE-Trade,1997-2-20,0.295726
CSCO,76076,QMLE-Trade,1997-2-21,0.379955
CSCO,76076,QMLE-Trade,1997-2-24,0.341106
CSCO,76076,QMLE-Trade,1997-2-25,0.468198
CSCO,76076,QMLE-Trade,1997-2-26,0.37198
CSCO,76076,QMLE-Trade,1997-2-27,0.426122
CSCO,76076,QMLE-Trade,1997-2-28,0.480603
CSCO,76076,QMLE-Trade,1997-3-3,0.341628
CSCO,76076,QMLE-Trade,1997-3-4,0.284724
CSCO,76076,QMLE-Trade,1997-3-5,0.259259
CSCO,76076,QMLE-Trade,1997-3-6,0.356624
CSCO,76076,QMLE-Trade,1997-3-7,0.413769
CSCO,76076,QMLE-Trade,1997-3-10,0.460469
CSCO,76076,QMLE-Trade,1997-3-11,0.52208
CSCO,76076,QMLE-Trade,1997-3-12,0.42858
CSCO,76076,QMLE-Trade,1997-3-13,0.43433
CSCO,76076,QMLE-Trade,1997-3-14,0.390866
CSCO,76076,QMLE-Trade,1997-3-17,0.467164
CSCO,76076,QMLE-Trade,1997-3-18,0.353485
CSCO,76076,QMLE-Trade,1997-3-19,0.501067
CSCO,76076,QMLE-Trade,1997-3-20,0.389217
CSCO,76076,QMLE-Trade,1997-3-21,0.392279
CSCO,76076,QMLE-Trade,1997-3-24,0.358133
CSCO,76076,QMLE-Trade,1997-3-25,0.364525
CSCO,76076,QMLE-Trade,1997-3-26,0.380429
CSCO,76076,QMLE-Trade,1997-3-27,0.504198
CSCO,76076,QMLE-Trade,1997-3-31,0.56219
CSCO,76076,QMLE-Trade,1997-4-1,0.580282
CSCO,76076,QMLE-Trade,1997-4-2,0.417058
CSCO,76076,QMLE-Trade,1997-4-3,0.490267
CSCO,76076,QMLE-Trade,1997-4-4,0.467032
CSCO,76076,QMLE-Trade,1997-4-7,0.324717
CSCO,76076,QMLE-Trade,1997-4-8,0.354735
CSCO,76076,QMLE-Trade,1997-4-9,0.374387
CSCO,76076,QMLE-Trade,1997-4-10,0.457941
CSCO,76076,QMLE-Trade,1997-4-11,0.48686
CSCO,76076,QMLE-Trade,1997-4-14,0.434019
CSCO,76076,QMLE-Trade,1997-4-15,0.45125
CSCO,76076,QMLE-Trade,1997-4-16,0.32705
CSCO,76076,QMLE-Trade,1997-4-17,0.432929
CSCO,76076,QMLE-Trade,1997-4-18,0.401162
CSCO,76076,QMLE-Trade,1997-4-21,0.38605
CSCO,76076,QMLE-Trade,1997-4-22,0.524671
CSCO,76076,QMLE-Trade,1997-4-23,0.447864
CSCO,76076,QMLE-Trade,1997-4-24,0.443089
CSCO,76076,QMLE-Trade,1997-4-25,0.400568
CSCO,76076,QMLE-Trade,1997-4-28,0.386232
CSCO,76076,QMLE-Trade,1997-4-29,0.303836
CSCO,76076,QMLE-Trade,1997-4-30,0.466686
CSCO,76076,QMLE-Trade,1997-5-1,0.412439
CSCO,76076,QMLE-Trade,1997-5-2,0.357302
CSCO,76076,QMLE-Trade,1997-5-5,0.393649
CSCO,76076,QMLE-Trade,1997-5-6,0.476044
CSCO,76076,QMLE-Trade,1997-5-7,0.402074
CSCO,76076,QMLE-Trade,1997-5-8,0.331701
CSCO,76076,QMLE-Trade,1997-5-9,0.353346
CSCO,76076,QMLE-Trade,1997-5-12,0.251725
CSCO,76076,QMLE-Trade,1997-5-13,0.32068
CSCO,76076,QMLE-Trade,1997-5-14,0.370689
CSCO,76076,QMLE-Trade,1997-5-15,0.267527
CSCO,76076,QMLE-Trade,1997-5-16,0.197434
CSCO,76076,QMLE-Trade,1997-5-19,0.285267
CSCO,76076,QMLE-Trade,1997-5-20,0.302901
CSCO,76076,QMLE-Trade,1997-5-21,0.331113
CSCO,76076,QMLE-Trade,1997-5-22,0.352728
CSCO,76076,QMLE-Trade,1997-5-23,0.221769
CSCO,76076,QMLE-Trade,1997-5-27,0.300532
CSCO,76076,QMLE-Trade,1997-5-28,0.250981
CSCO,76076,QMLE-Trade,1997-5-29,0.317823
CSCO,76076,QMLE-Trade,1997-5-30,0.491605
CSCO,76076,QMLE-Trade,1997-6-2,0.363282
CSCO,76076,QMLE-Trade,1997-6-3,0.32081
CSCO,76076,QMLE-Trade,1997-6-4,0.455974
CSCO,76076,QMLE-Trade,1997-6-5,0.226823
CSCO,76076,QMLE-Trade,1997-6-6,0.352583
CSCO,76076,QMLE-Trade,1997-6-9,0.287408
CSCO,76076,QMLE-Trade,1997-6-10,0.327365
CSCO,76076,QMLE-Trade,1997-6-11,0.322698
CSCO,76076,QMLE-Trade,1997-6-12,0.298541
CSCO,76076,QMLE-Trade,1997-6-13,0.349822
CSCO,76076,QMLE-Trade,1997-6-16,0.315467
CSCO,76076,QMLE-Trade,1997-6-17,0.292607
CSCO,76076,QMLE-Trade,1997-6-18,0.341837
CSCO,76076,QMLE-Trade,1997-6-19,0.230919
CSCO,76076,QMLE-Trade,1997-6-20,0.250638
CSCO,76076,QMLE-Trade,1997-6-23,0.242462
CSCO,76076,QMLE-Trade,1997-6-24,0.289
CSCO,76076,QMLE-Trade,1997-6-25,0.371765
CSCO,76076,QMLE-Trade,1997-6-26,0.394763
CSCO,76076,QMLE-Trade,1997-6-27,0.296471
CSCO,76076,QMLE-Trade,1997-6-30,0.31304
CSCO,76076,QMLE-Trade,1997-7-1,0.301336
CSCO,76076,QMLE-Trade,1997-7-2,0.302819
CSCO,76076,QMLE-Trade,1997-7-3,0.254596
CSCO,76076,QMLE-Trade,1997-7-7,0.219322
CSCO,76076,QMLE-Trade,1997-7-8,0.241614
CSCO,76076,QMLE-Trade,1997-7-9,0.264457
CSCO,76076,QMLE-Trade,1997-7-10,0.289999
CSCO,76076,QMLE-Trade,1997-7-11,0.235268
CSCO,76076,QMLE-Trade,1997-7-14,0.242165
CSCO,76076,QMLE-Trade,1997-7-15,0.248343
CSCO,76076,QMLE-Trade,1997-7-16,0.200526
CSCO,76076,QMLE-Trade,1997-7-17,0.296398
CSCO,76076,QMLE-Trade,1997-7-18,0.348829
CSCO,76076,QMLE-Trade,1997-7-21,0.280059
CSCO,76076,QMLE-Trade,1997-7-22,0.250313
CSCO,76076,QMLE-Trade,1997-7-23,0.193837
CSCO,76076,QMLE-Trade,1997-7-24,0.28696
CSCO,76076,QMLE-Trade,1997-7-25,0.192063
CSCO,76076,QMLE-Trade,1997-7-28,0.271638
CSCO,76076,QMLE-Trade,1997-7-29,0.337112
CSCO,76076,QMLE-Trade,1997-7-30,0.303211
CSCO,76076,QMLE-Trade,1997-7-31,0.23561
CSCO,76076,QMLE-Trade,1997-8-1,0.258171
CSCO,76076,QMLE-Trade,1997-8-4,0.218722
CSCO,76076,QMLE-Trade,1997-8-5,0.221947
CSCO,76076,QMLE-Trade,1997-8-6,0.193629
CSCO,76076,QMLE-Trade,1997-8-7,0.240999
CSCO,76076,QMLE-Trade,1997-8-8,0.285749
CSCO,76076,QMLE-Trade,1997-8-11,0.271897
CSCO,76076,QMLE-Trade,1997-8-12,0.247464
CSCO,76076,QMLE-Trade,1997-8-13,0.260425
CSCO,76076,QMLE-Trade,1997-8-14,0.278639
CSCO,76076,QMLE-Trade,1997-8-15,0.29279
CSCO,76076,QMLE-Trade,1997-8-18,0.368302
CSCO,76076,QMLE-Trade,1997-8-19,0.307996
CSCO,76076,QMLE-Trade,1997-8-20,0.263008
CSCO,76076,QMLE-Trade,1997-8-21,0.302614
CSCO,76076,QMLE-Trade,1997-8-22,0.417126
CSCO,76076,QMLE-Trade,1997-8-25,0.280829
CSCO,76076,QMLE-Trade,1997-8-26,0.244364
CSCO,76076,QMLE-Trade,1997-8-27,0.277905
CSCO,76076,QMLE-Trade,1997-8-28,0.415341
CSCO,76076,QMLE-Trade,1997-8-29,0.307498
CSCO,76076,QMLE-Trade,1997-9-2,0.254677
CSCO,76076,QMLE-Trade,1997-9-3,0.242134
CSCO,76076,QMLE-Trade,1997-9-4,0.219444
CSCO,76076,QMLE-Trade,1997-9-5,0.196117
CSCO,76076,QMLE-Trade,1997-9-8,0.260815
CSCO,76076,QMLE-Trade,1997-9-9,0.269305
CSCO,76076,QMLE-Trade,1997-9-10,0.282241
CSCO,76076,QMLE-Trade,1997-9-11,0.30122
CSCO,76076,QMLE-Trade,1997-9-12,0.279336
CSCO,76076,QMLE-Trade,1997-9-15,0.280263
CSCO,76076,QMLE-Trade,1997-9-16,0.336154
CSCO,76076,QMLE-Trade,1997-9-17,0.284294
CSCO,76076,QMLE-Trade,1997-9-18,0.221268
CSCO,76076,QMLE-Trade,1997-9-19,0.199008
CSCO,76076,QMLE-Trade,1997-9-22,0.267322
CSCO,76076,QMLE-Trade,1997-9-23,0.230544
CSCO,76076,QMLE-Trade,1997-9-24,0.273822
CSCO,76076,QMLE-Trade,1997-9-25,0.291987
CSCO,76076,QMLE-Trade,1997-9-26,0.266549
CSCO,76076,QMLE-Trade,1997-9-29,0.250446
CSCO,76076,QMLE-Trade,1997-9-30,0.247443
CSCO,76076,QMLE-Trade,1997-10-1,0.249326
CSCO,76076,QMLE-Trade,1997-10-2,0.260518
CSCO,76076,QMLE-Trade,1997-10-3,0.140331
CSCO,76076,QMLE-Trade,1997-10-6,0.165889
CSCO,76076,QMLE-Trade,1997-10-7,0.18134
CSCO,76076,QMLE-Trade,1997-10-8,0.245079
CSCO,76076,QMLE-Trade,1997-10-9,0.236382
CSCO,76076,QMLE-Trade,1997-10-10,0.18246
CSCO,76076,QMLE-Trade,1997-10-13,0.15493
CSCO,76076,QMLE-Trade,1997-10-14,0.241514
CSCO,76076,QMLE-Trade,1997-10-15,0.299539
CSCO,76076,QMLE-Trade,1997-10-16,0.294868
CSCO,76076,QMLE-Trade,1997-10-17,0.337498
CSCO,76076,QMLE-Trade,1997-10-20,0.267935
CSCO,76076,QMLE-Trade,1997-10-21,0.261966
CSCO,76076,QMLE-Trade,1997-10-22,0.325434
CSCO,76076,QMLE-Trade,1997-10-23,0.411993
CSCO,76076,QMLE-Trade,1997-10-24,0.408881
CSCO,76076,QMLE-Trade,1997-10-27,0.476701
CSCO,76076,QMLE-Trade,1997-10-28,0.566474
CSCO,76076,QMLE-Trade,1997-10-29,0.432824
CSCO,76076,QMLE-Trade,1997-10-30,0.423617
CSCO,76076,QMLE-Trade,1997-10-31,0.348172
CSCO,76076,QMLE-Trade,1997-11-3,0.244355
CSCO,76076,QMLE-Trade,1997-11-4,0.371409
CSCO,76076,QMLE-Trade,1997-11-5,0.276525
CSCO,76076,QMLE-Trade,1997-11-6,0.193255
CSCO,76076,QMLE-Trade,1997-11-7,0.40507
CSCO,76076,QMLE-Trade,1997-11-10,0.315967
CSCO,76076,QMLE-Trade,1997-11-11,0.266364
CSCO,76076,QMLE-Trade,1997-11-12,0.339234
CSCO,76076,QMLE-Trade,1997-11-13,0.378569
CSCO,76076,QMLE-Trade,1997-11-14,0.301242
CSCO,76076,QMLE-Trade,1997-11-17,0.23124
CSCO,76076,QMLE-Trade,1997-11-18,0.278202
CSCO,76076,QMLE-Trade,1997-11-19,0.254607
CSCO,76076,QMLE-Trade,1997-11-20,0.21125
CSCO,76076,QMLE-Trade,1997-11-21,0.182705
CSCO,76076,QMLE-Trade,1997-11-24,0.231817
CSCO,76076,QMLE-Trade,1997-11-25,0.285486
CSCO,76076,QMLE-Trade,1997-11-26,0.0791433
CSCO,76076,QMLE-Trade,1997-11-28,0.209055
CSCO,76076,QMLE-Trade,1997-12-1,0.219432
CSCO,76076,QMLE-Trade,1997-12-2,0.287854
CSCO,76076,QMLE-Trade,1997-12-3,0.280652
CSCO,76076,QMLE-Trade,1997-12-4,0.337091
CSCO,76076,QMLE-Trade,1997-12-5,0.298361
CSCO,76076,QMLE-Trade,1997-12-8,0.236628
CSCO,76076,QMLE-Trade,1997-12-9,0.343734
CSCO,76076,QMLE-Trade,1997-12-10,0.339595
CSCO,76076,QMLE-Trade,1997-12-11,0.371005
CSCO,76076,QMLE-Trade,1997-12-12,0.523364
CSCO,76076,QMLE-Trade,1997-12-15,0.507904
CSCO,76076,QMLE-Trade,1997-12-16,0.426955
CSCO,76076,QMLE-Trade,1997-12-17,0.347313
CSCO,76076,QMLE-Trade,1997-12-18,0.544121
CSCO,76076,QMLE-Trade,1997-12-19,0.559909
CSCO,76076,QMLE-Trade,1997-12-22,0.425008
CSCO,76076,QMLE-Trade,1997-12-23,0.531349
CSCO,76076,QMLE-Trade,1997-12-24,0.598718
CSCO,76076,QMLE-Trade,1997-12-26,0.503538
CSCO,76076,QMLE-Trade,1997-12-29,0.377895
CSCO,76076,QMLE-Trade,1997-12-30,0.248697
CSCO,76076,QMLE-Trade,1997-12-31,0.384176
CSCO,76076,QMLE-Trade,1998-1-2,0.357303
CSCO,76076,QMLE-Trade,1998-1-5,0.505275
CSCO,76076,QMLE-Trade,1998-1-6,0.4515
CSCO,76076,QMLE-Trade,1998-1-7,0.431267
CSCO,76076,QMLE-Trade,1998-1-8,0.471982
CSCO,76076,QMLE-Trade,1998-1-9,0.600636
CSCO,76076,QMLE-Trade,1998-1-12,0.38253
CSCO,76076,QMLE-Trade,1998-1-13,0.39693
CSCO,76076,QMLE-Trade,1998-1-14,0.278097
CSCO,76076,QMLE-Trade,1998-1-15,0.283563
CSCO,76076,QMLE-Trade,1998-1-16,0.197045
CSCO,76076,QMLE-Trade,1998-1-20,0.253925
CSCO,76076,QMLE-Trade,1998-1-21,0.303471
CSCO,76076,QMLE-Trade,1998-1-22,0.322517
CSCO,76076,QMLE-Trade,1998-1-23,0.370623
CSCO,76076,QMLE-Trade,1998-1-26,0.332273
CSCO,76076,QMLE-Trade,1998-1-27,0.373752
CSCO,76076,QMLE-Trade,1998-1-28,0.322506
CSCO,76076,QMLE-Trade,1998-1-29,0.307595
CSCO,76076,QMLE-Trade,1998-1-30,0.247806
CSCO,76076,QMLE-Trade,1998-2-2,0.241059
CSCO,76076,QMLE-Trade,1998-2-3,0.384114
CSCO,76076,QMLE-Trade,1998-2-4,0.345243
CSCO,76076,QMLE-Trade,1998-2-5,0.345647
CSCO,76076,QMLE-Trade,1998-2-6,0.352386
CSCO,76076,QMLE-Trade,1998-2-9,0.398479
CSCO,76076,QMLE-Trade,1998-2-10,0.295298
CSCO,76076,QMLE-Trade,1998-2-11,0.262265
CSCO,76076,QMLE-Trade,1998-2-12,0.30792
CSCO,76076,QMLE-Trade,1998-2-13,0.264332
CSCO,76076,QMLE-Trade,1998-2-17,0.219305
CSCO,76076,QMLE-Trade,1998-2-18,0.207917
CSCO,76076,QMLE-Trade,1998-2-19,0.170468
CSCO,76076,QMLE-Trade,1998-2-20,0.223092
CSCO,76076,QMLE-Trade,1998-2-23,0.218324
CSCO,76076,QMLE-Trade,1998-2-24,0.317701
CSCO,76076,QMLE-Trade,1998-2-25,0.274812
CSCO,76076,QMLE-Trade,1998-2-26,0.19038
CSCO,76076,QMLE-Trade,1998-2-27,0.295306
CSCO,76076,QMLE-Trade,1998-3-2,0.30281
CSCO,76076,QMLE-Trade,1998-3-3,0.293188
CSCO,76076,QMLE-Trade,1998-3-4,0.254059
CSCO,76076,QMLE-Trade,1998-3-5,0.338638
CSCO,76076,QMLE-Trade,1998-3-6,0.335611
CSCO,76076,QMLE-Trade,1998-3-9,0.34597
CSCO,76076,QMLE-Trade,1998-3-10,0.276513
CSCO,76076,QMLE-Trade,1998-3-11,0.338337
CSCO,76076,QMLE-Trade,1998-3-12,0.247405
CSCO,76076,QMLE-Trade,1998-3-13,0.197271
CSCO,76076,QMLE-Trade,1998-3-16,0.172726
CSCO,76076,QMLE-Trade,1998-3-17,0.259193
CSCO,76076,QMLE-Trade,1998-3-18,0.279053
CSCO,76076,QMLE-Trade,1998-3-19,0.225413
CSCO,76076,QMLE-Trade,1998-3-20,0.174259
CSCO,76076,QMLE-Trade,1998-3-23,0.218191
CSCO,76076,QMLE-Trade,1998-3-24,0.191089
CSCO,76076,QMLE-Trade,1998-3-25,0.177551
CSCO,76076,QMLE-Trade,1998-3-26,0.195399
CSCO,76076,QMLE-Trade,1998-3-27,0.190547
CSCO,76076,QMLE-Trade,1998-3-30,0.217933
CSCO,76076,QMLE-Trade,1998-3-31,0.191936
CSCO,76076,QMLE-Trade,1998-4-1,0.174747
CSCO,76076,QMLE-Trade,1998-4-2,0.17162
CSCO,76076,QMLE-Trade,1998-4-3,0.194101
CSCO,76076,QMLE-Trade,1998-4-6,0.248808
CSCO,76076,QMLE-Trade,1998-4-7,0.215279
CSCO,76076,QMLE-Trade,1998-4-8,0.27654
CSCO,76076,QMLE-Trade,1998-4-9,0.309433
CSCO,76076,QMLE-Trade,1998-4-13,0.214506
CSCO,76076,QMLE-Trade,1998-4-14,0.256245
CSCO,76076,QMLE-Trade,1998-4-15,0.300986
CSCO,76076,QMLE-Trade,1998-4-16,0.217408
CSCO,76076,QMLE-Trade,1998-4-17,0.196456
CSCO,76076,QMLE-Trade,1998-4-20,0.266103
CSCO,76076,QMLE-Trade,1998-4-21,0.246607
CSCO,76076,QMLE-Trade,1998-4-22,0.184404
CSCO,76076,QMLE-Trade,1998-4-23,0.244487
CSCO,76076,QMLE-Trade,1998-4-24,0.338003
CSCO,76076,QMLE-Trade,1998-4-27,0.323446
CSCO,76076,QMLE-Trade,1998-4-28,0.272284
CSCO,76076,QMLE-Trade,1998-4-29,0.245624
CSCO,76076,QMLE-Trade,1998-4-30,0.267902
CSCO,76076,QMLE-Trade,1998-5-1,0.226811
CSCO,76076,QMLE-Trade,1998-5-4,0.207166
CSCO,76076,QMLE-Trade,1998-5-5,0.310724
CSCO,76076,QMLE-Trade,1998-5-6,0.265153
CSCO,76076,QMLE-Trade,1998-5-7,0.19138
CSCO,76076,QMLE-Trade,1998-5-8,0.214734
CSCO,76076,QMLE-Trade,1998-5-11,0.192196
CSCO,76076,QMLE-Trade,1998-5-12,0.259376
CSCO,76076,QMLE-Trade,1998-5-13,0.200274
CSCO,76076,QMLE-Trade,1998-5-14,0.239104
CSCO,76076,QMLE-Trade,1998-5-15,0.162777
CSCO,76076,QMLE-Trade,1998-5-18,0.212211
CSCO,76076,QMLE-Trade,1998-5-19,0.23035
CSCO,76076,QMLE-Trade,1998-5-20,0.262226
CSCO,76076,QMLE-Trade,1998-5-21,0.257382
CSCO,76076,QMLE-Trade,1998-5-22,0.285855
CSCO,76076,QMLE-Trade,1998-5-26,0.264838
CSCO,76076,QMLE-Trade,1998-5-27,0.293992
CSCO,76076,QMLE-Trade,1998-5-28,0.300284
CSCO,76076,QMLE-Trade,1998-5-29,0.259211
CSCO,76076,QMLE-Trade,1998-6-1,0.327913
CSCO,76076,QMLE-Trade,1998-6-2,0.28074
CSCO,76076,QMLE-Trade,1998-6-3,0.248461
CSCO,76076,QMLE-Trade,1998-6-4,0.253572
CSCO,76076,QMLE-Trade,1998-6-5,0.338287
CSCO,76076,QMLE-Trade,1998-6-8,0.26069
CSCO,76076,QMLE-Trade,1998-6-9,0.252887
CSCO,76076,QMLE-Trade,1998-6-10,0.308973
CSCO,76076,QMLE-Trade,1998-6-11,0.287738
CSCO,76076,QMLE-Trade,1998-6-12,0.301
CSCO,76076,QMLE-Trade,1998-6-15,0.305018
CSCO,76076,QMLE-Trade,1998-6-16,0.278563
CSCO,76076,QMLE-Trade,1998-6-17,0.246212
CSCO,76076,QMLE-Trade,1998-6-18,0.275178
CSCO,76076,QMLE-Trade,1998-6-19,0.210995
CSCO,76076,QMLE-Trade,1998-6-22,0.23809
CSCO,76076,QMLE-Trade,1998-6-23,0.203589
CSCO,76076,QMLE-Trade,1998-6-24,0.290685
CSCO,76076,QMLE-Trade,1998-6-25,0.336066
CSCO,76076,QMLE-Trade,1998-6-26,0.227252
CSCO,76076,QMLE-Trade,1998-6-29,0.20436
CSCO,76076,QMLE-Trade,1998-6-30,0.294806
CSCO,76076,QMLE-Trade,1998-7-1,0.211804
CSCO,76076,QMLE-Trade,1998-7-2,0.271933
CSCO,76076,QMLE-Trade,1998-7-6,0.157432
CSCO,76076,QMLE-Trade,1998-7-7,0.249472
CSCO,76076,QMLE-Trade,1998-7-8,0.208572
CSCO,76076,QMLE-Trade,1998-7-9,0.266262
CSCO,76076,QMLE-Trade,1998-7-10,0.257238
CSCO,76076,QMLE-Trade,1998-7-13,0.215478
CSCO,76076,QMLE-Trade,1998-7-14,0.23713
CSCO,76076,QMLE-Trade,1998-7-15,0.214061
CSCO,76076,QMLE-Trade,1998-7-16,0.210888
CSCO,76076,QMLE-Trade,1998-7-17,0.268561
CSCO,76076,QMLE-Trade,1998-7-20,0.276379
CSCO,76076,QMLE-Trade,1998-7-21,0.327827
CSCO,76076,QMLE-Trade,1998-7-22,0.43026
CSCO,76076,QMLE-Trade,1998-7-23,0.346132
CSCO,76076,QMLE-Trade,1998-7-24,0.446198
CSCO,76076,QMLE-Trade,1998-7-27,0.37224
CSCO,76076,QMLE-Trade,1998-7-28,0.451792
CSCO,76076,QMLE-Trade,1998-7-29,0.326415
CSCO,76076,QMLE-Trade,1998-7-30,0.278942
CSCO,76076,QMLE-Trade,1998-7-31,0.336194
CSCO,76076,QMLE-Trade,1998-8-3,0.391766
CSCO,76076,QMLE-Trade,1998-8-4,0.401401
CSCO,76076,QMLE-Trade,1998-8-5,0.417701
CSCO,76076,QMLE-Trade,1998-8-6,0.345579
CSCO,76076,QMLE-Trade,1998-8-7,0.3812
CSCO,76076,QMLE-Trade,1998-8-10,0.34419
CSCO,76076,QMLE-Trade,1998-8-11,0.375868
CSCO,76076,QMLE-Trade,1998-8-12,0.29293
CSCO,76076,QMLE-Trade,1998-8-13,0.213827
CSCO,76076,QMLE-Trade,1998-8-14,0.239728
CSCO,76076,QMLE-Trade,1998-8-17,0.270283
CSCO,76076,QMLE-Trade,1998-8-18,0.199623
CSCO,76076,QMLE-Trade,1998-8-19,0.275111
CSCO,76076,QMLE-Trade,1998-8-20,0.348827
CSCO,76076,QMLE-Trade,1998-8-21,0.340712
CSCO,76076,QMLE-Trade,1998-8-24,0.263231
CSCO,76076,QMLE-Trade,1998-8-25,0.250239
CSCO,76076,QMLE-Trade,1998-8-26,0.290529
CSCO,76076,QMLE-Trade,1998-8-27,0.395681
CSCO,76076,QMLE-Trade,1998-8-28,0.499308
CSCO,76076,QMLE-Trade,1998-8-31,0.610251
CSCO,76076,QMLE-Trade,1998-9-1,0.647373
CSCO,76076,QMLE-Trade,1998-9-2,0.427958
CSCO,76076,QMLE-Trade,1998-9-3,0.506936
CSCO,76076,QMLE-Trade,1998-9-4,0.470425
CSCO,76076,QMLE-Trade,1998-9-8,0.363339
CSCO,76076,QMLE-Trade,1998-9-9,0.386718
CSCO,76076,QMLE-Trade,1998-9-10,0.426951
CSCO,76076,QMLE-Trade,1998-9-11,0.38401
CSCO,76076,QMLE-Trade,1998-9-14,0.237289
CSCO,76076,QMLE-Trade,1998-9-15,0.31747
CSCO,76076,QMLE-Trade,1998-9-16,0.382472
CSCO,76076,QMLE-Trade,1998-9-17,0.297101
CSCO,76076,QMLE-Trade,1998-9-18,0.306755
CSCO,76076,QMLE-Trade,1998-9-21,0.383041
CSCO,76076,QMLE-Trade,1998-9-22,0.32811
CSCO,76076,QMLE-Trade,1998-9-23,0.323795
CSCO,76076,QMLE-Trade,1998-9-24,0.291811
CSCO,76076,QMLE-Trade,1998-9-25,0.385908
CSCO,76076,QMLE-Trade,1998-9-28,0.356222
CSCO,76076,QMLE-Trade,1998-9-29,0.461768
CSCO,76076,QMLE-Trade,1998-9-30,0.313239
CSCO,76076,QMLE-Trade,1998-10-1,0.468529
CSCO,76076,QMLE-Trade,1998-10-2,0.558703
CSCO,76076,QMLE-Trade,1998-10-5,0.667722
CSCO,76076,QMLE-Trade,1998-10-6,0.656567
CSCO,76076,QMLE-Trade,1998-10-7,0.578212
CSCO,76076,QMLE-Trade,1998-10-8,0.994877
CSCO,76076,QMLE-Trade,1998-10-9,0.601971
CSCO,76076,QMLE-Trade,1998-10-12,0.427749
CSCO,76076,QMLE-Trade,1998-10-13,0.542352
CSCO,76076,QMLE-Trade,1998-10-14,0.495864
CSCO,76076,QMLE-Trade,1998-10-15,0.569565
CSCO,76076,QMLE-Trade,1998-10-16,0.459132
CSCO,76076,QMLE-Trade,1998-10-19,0.454177
CSCO,76076,QMLE-Trade,1998-10-20,0.399132
CSCO,76076,QMLE-Trade,1998-10-21,0.527149
CSCO,76076,QMLE-Trade,1998-10-22,0.440708
CSCO,76076,QMLE-Trade,1998-10-23,0.361816
CSCO,76076,QMLE-Trade,1998-10-26,0.391479
CSCO,76076,QMLE-Trade,1998-10-27,0.353812
CSCO,76076,QMLE-Trade,1998-10-28,0.38553
CSCO,76076,QMLE-Trade,1998-10-29,0.352937
CSCO,76076,QMLE-Trade,1998-10-30,0.293058
CSCO,76076,QMLE-Trade,1998-11-2,0.261899
CSCO,76076,QMLE-Trade,1998-11-3,0.28018
CSCO,76076,QMLE-Trade,1998-11-4,0.304486
CSCO,76076,QMLE-Trade,1998-11-5,0.315744
CSCO,76076,QMLE-Trade,1998-11-6,0.239423
CSCO,76076,QMLE-Trade,1998-11-9,0.280775
CSCO,76076,QMLE-Trade,1998-11-10,0.300841
CSCO,76076,QMLE-Trade,1998-11-11,0.374157
CSCO,76076,QMLE-Trade,1998-11-12,0.247861
CSCO,76076,QMLE-Trade,1998-11-13,0.194417
CSCO,76076,QMLE-Trade,1998-11-16,0.312057
CSCO,76076,QMLE-Trade,1998-11-17,0.556934
CSCO,76076,QMLE-Trade,1998-11-18,0.557708
CSCO,76076,QMLE-Trade,1998-11-19,0.262667
CSCO,76076,QMLE-Trade,1998-11-20,0.259228
CSCO,76076,QMLE-Trade,1998-11-23,0.21393
CSCO,76076,QMLE-Trade,1998-11-24,0.201414
CSCO,76076,QMLE-Trade,1998-11-25,0.240602
CSCO,76076,QMLE-Trade,1998-11-27,0.199624
CSCO,76076,QMLE-Trade,1998-11-30,0.344755
CSCO,76076,QMLE-Trade,1998-12-1,0.342502
CSCO,76076,QMLE-Trade,1998-12-2,0.343385
CSCO,76076,QMLE-Trade,1998-12-3,0.388147
CSCO,76076,QMLE-Trade,1998-12-4,0.333934
CSCO,76076,QMLE-Trade,1998-12-7,0.285406
CSCO,76076,QMLE-Trade,1998-12-8,0.353353
CSCO,76076,QMLE-Trade,1998-12-9,0.303371
CSCO,76076,QMLE-Trade,1998-12-10,0.42034
CSCO,76076,QMLE-Trade,1998-12-11,0.402683
CSCO,76076,QMLE-Trade,1998-12-14,0.363812
CSCO,76076,QMLE-Trade,1998-12-15,0.374643
CSCO,76076,QMLE-Trade,1998-12-16,0.250435
CSCO,76076,QMLE-Trade,1998-12-17,0.227133
CSCO,76076,QMLE-Trade,1998-12-18,0.0940305
CSCO,76076,QMLE-Trade,1998-12-21,0.273948
CSCO,76076,QMLE-Trade,1998-12-22,0.366348
CSCO,76076,QMLE-Trade,1998-12-23,0.218552
CSCO,76076,QMLE-Trade,1998-12-24,0.246051
CSCO,76076,QMLE-Trade,1998-12-28,0.259207
CSCO,76076,QMLE-Trade,1998-12-29,0.289468
CSCO,76076,QMLE-Trade,1998-12-30,0.316636
CSCO,76076,QMLE-Trade,1998-12-31,0.250455
CSCO,76076,QMLE-Trade,1999-1-4,0.282589
CSCO,76076,QMLE-Trade,1999-1-5,0.19662
CSCO,76076,QMLE-Trade,1999-1-6,0.252491
CSCO,76076,QMLE-Trade,1999-1-7,0.502741
CSCO,76076,QMLE-Trade,1999-1-8,0.289772
CSCO,76076,QMLE-Trade,1999-1-11,0.365968
CSCO,76076,QMLE-Trade,1999-1-12,0.428969
CSCO,76076,QMLE-Trade,1999-1-13,0.541478
CSCO,76076,QMLE-Trade,1999-1-14,0.50199
CSCO,76076,QMLE-Trade,1999-1-15,0.282595
CSCO,76076,QMLE-Trade,1999-1-19,0.409265
CSCO,76076,QMLE-Trade,1999-1-20,0.361705
CSCO,76076,QMLE-Trade,1999-1-21,0.445974
CSCO,76076,QMLE-Trade,1999-1-22,0.563639
CSCO,76076,QMLE-Trade,1999-1-25,0.436823
CSCO,76076,QMLE-Trade,1999-1-26,0.35131
CSCO,76076,QMLE-Trade,1999-1-27,0.362945
CSCO,76076,QMLE-Trade,1999-1-28,0.290446
CSCO,76076,QMLE-Trade,1999-1-29,0.428433
CSCO,76076,QMLE-Trade,1999-2-1,0.324473
CSCO,76076,QMLE-Trade,1999-2-2,0.433377
CSCO,76076,QMLE-Trade,1999-2-3,0.367514
CSCO,76076,QMLE-Trade,1999-2-4,0.425911
CSCO,76076,QMLE-Trade,1999-2-5,0.459592
CSCO,76076,QMLE-Trade,1999-2-8,0.434769
CSCO,76076,QMLE-Trade,1999-2-9,0.400293
CSCO,76076,QMLE-Trade,1999-2-10,0.527086
CSCO,76076,QMLE-Trade,1999-2-11,0.368784
CSCO,76076,QMLE-Trade,1999-2-12,0.403716
CSCO,76076,QMLE-Trade,1999-2-16,0.40439
CSCO,76076,QMLE-Trade,1999-2-17,0.378833
CSCO,76076,QMLE-Trade,1999-2-18,0.488275
CSCO,76076,QMLE-Trade,1999-2-19,0.335775
CSCO,76076,QMLE-Trade,1999-2-22,0.342451
CSCO,76076,QMLE-Trade,1999-2-23,0.424921
CSCO,76076,QMLE-Trade,1999-2-24,0.305303
CSCO,76076,QMLE-Trade,1999-2-25,0.458643
CSCO,76076,QMLE-Trade,1999-2-26,0.352669
CSCO,76076,QMLE-Trade,1999-3-1,0.36037
CSCO,76076,QMLE-Trade,1999-3-2,0.167257
CSCO,76076,QMLE-Trade,1999-3-3,0.297896
CSCO,76076,QMLE-Trade,1999-3-4,0.342767
CSCO,76076,QMLE-Trade,1999-3-5,0.240755
CSCO,76076,QMLE-Trade,1999-3-8,0.303345
CSCO,76076,QMLE-Trade,1999-3-9,0.258478
CSCO,76076,QMLE-Trade,1999-3-10,0.29683
CSCO,76076,QMLE-Trade,1999-3-11,0.285467
CSCO,76076,QMLE-Trade,1999-3-12,0.336114
CSCO,76076,QMLE-Trade,1999-3-15,0.254825
CSCO,76076,QMLE-Trade,1999-3-16,0.27658
CSCO,76076,QMLE-Trade,1999-3-17,0.246583
CSCO,76076,QMLE-Trade,1999-3-18,0.185539
CSCO,76076,QMLE-Trade,1999-3-19,0.259734
CSCO,76076,QMLE-Trade,1999-3-22,0.289148
CSCO,76076,QMLE-Trade,1999-3-23,0.375544
CSCO,76076,QMLE-Trade,1999-3-24,0.326181
CSCO,76076,QMLE-Trade,1999-3-25,0.153978
CSCO,76076,QMLE-Trade,1999-3-26,0.285034
CSCO,76076,QMLE-Trade,1999-3-29,0.283261
CSCO,76076,QMLE-Trade,1999-3-30,0.316255
CSCO,76076,QMLE-Trade,1999-3-31,0.282134
CSCO,76076,QMLE-Trade,1999-4-1,0.274697
CSCO,76076,QMLE-Trade,1999-4-5,0.245426
CSCO,76076,QMLE-Trade,1999-4-6,0.22827
CSCO,76076,QMLE-Trade,1999-4-7,0.391797
CSCO,76076,QMLE-Trade,1999-4-8,0.379059
CSCO,76076,QMLE-Trade,1999-4-9,0.236716
CSCO,76076,QMLE-Trade,1999-4-12,0.293487
CSCO,76076,QMLE-Trade,1999-4-13,0.272056
CSCO,76076,QMLE-Trade,1999-4-14,0.329059
CSCO,76076,QMLE-Trade,1999-4-15,0.378093
CSCO,76076,QMLE-Trade,1999-4-16,0.391378
CSCO,76076,QMLE-Trade,1999-4-19,0.567299
CSCO,76076,QMLE-Trade,1999-4-20,0.444853
CSCO,76076,QMLE-Trade,1999-4-21,0.417088
CSCO,76076,QMLE-Trade,1999-4-22,0.325066
CSCO,76076,QMLE-Trade,1999-4-23,0.442389
CSCO,76076,QMLE-Trade,1999-4-26,0.279653
CSCO,76076,QMLE-Trade,1999-4-27,0.391872
CSCO,76076,QMLE-Trade,1999-4-28,0.349423
CSCO,76076,QMLE-Trade,1999-4-29,0.348505
CSCO,76076,QMLE-Trade,1999-4-30,0.335928
CSCO,76076,QMLE-Trade,1999-5-3,0.336438
CSCO,76076,QMLE-Trade,1999-5-4,0.379595
CSCO,76076,QMLE-Trade,1999-5-5,0.466024
CSCO,76076,QMLE-Trade,1999-5-6,0.425869
CSCO,76076,QMLE-Trade,1999-5-7,0.53384
CSCO,76076,QMLE-Trade,1999-5-10,0.382164
CSCO,76076,QMLE-Trade,1999-5-11,0.306746
CSCO,76076,QMLE-Trade,1999-5-12,0.224629
CSCO,76076,QMLE-Trade,1999-5-13,0.321776
CSCO,76076,QMLE-Trade,1999-5-14,0.368208
CSCO,76076,QMLE-Trade,1999-5-17,0.35067
CSCO,76076,QMLE-Trade,1999-5-18,0.304968
CSCO,76076,QMLE-Trade,1999-5-19,0.321144
CSCO,76076,QMLE-Trade,1999-5-20,0.25854
CSCO,76076,QMLE-Trade,1999-5-21,0.280078
CSCO,76076,QMLE-Trade,1999-5-24,0.370208
CSCO,76076,QMLE-Trade,1999-5-25,0.291748
CSCO,76076,QMLE-Trade,1999-5-26,0.469604
CSCO,76076,QMLE-Trade,1999-5-27,0.392741
CSCO,76076,QMLE-Trade,1999-5-28,0.284013
CSCO,76076,QMLE-Trade,1999-6-1,0.360043
CSCO,76076,QMLE-Trade,1999-6-2,0.419597
CSCO,76076,QMLE-Trade,1999-6-3,0.372272
CSCO,76076,QMLE-Trade,1999-6-4,0.327948
CSCO,76076,QMLE-Trade,1999-6-7,0.227739
CSCO,76076,QMLE-Trade,1999-6-8,0.309404
CSCO,76076,QMLE-Trade,1999-6-9,0.267772
CSCO,76076,QMLE-Trade,1999-6-10,0.297637
CSCO,76076,QMLE-Trade,1999-6-11,0.278688
CSCO,76076,QMLE-Trade,1999-6-14,0.319745
CSCO,76076,QMLE-Trade,1999-6-15,0.315385
CSCO,76076,QMLE-Trade,1999-6-16,0.238277
CSCO,76076,QMLE-Trade,1999-6-17,0.29104
CSCO,76076,QMLE-Trade,1999-6-18,0.190137
CSCO,76076,QMLE-Trade,1999-6-21,0.297242
CSCO,76076,QMLE-Trade,1999-6-22,0.303642
CSCO,76076,QMLE-Trade,1999-6-23,0.292776
CSCO,76076,QMLE-Trade,1999-6-24,0.300392
CSCO,76076,QMLE-Trade,1999-6-25,0.279966
CSCO,76076,QMLE-Trade,1999-6-28,0.210553
CSCO,76076,QMLE-Trade,1999-6-29,0.266364
CSCO,76076,QMLE-Trade,1999-6-30,0.452477
CSCO,76076,QMLE-Trade,1999-7-1,0.323045
CSCO,76076,QMLE-Trade,1999-7-2,0.206526
CSCO,76076,QMLE-Trade,1999-7-6,0.227009
CSCO,76076,QMLE-Trade,1999-7-7,0.308669
CSCO,76076,QMLE-Trade,1999-7-8,0.338001
CSCO,76076,QMLE-Trade,1999-7-9,0.272197
CSCO,76076,QMLE-Trade,1999-7-12,0.268101
CSCO,76076,QMLE-Trade,1999-7-13,0.300938
CSCO,76076,QMLE-Trade,1999-7-14,0.260163
CSCO,76076,QMLE-Trade,1999-7-15,0.242968
CSCO,76076,QMLE-Trade,1999-7-16,0.287703
CSCO,76076,QMLE-Trade,1999-7-19,0.261346
CSCO,76076,QMLE-Trade,1999-7-20,0.28033
CSCO,76076,QMLE-Trade,1999-7-21,0.344764
CSCO,76076,QMLE-Trade,1999-7-22,0.325277
CSCO,76076,QMLE-Trade,1999-7-23,0.305923
CSCO,76076,QMLE-Trade,1999-7-26,0.289239
CSCO,76076,QMLE-Trade,1999-7-27,0.262142
CSCO,76076,QMLE-Trade,1999-7-28,0.321987
CSCO,76076,QMLE-Trade,1999-7-29,0.312048
CSCO,76076,QMLE-Trade,1999-7-30,0.34916
CSCO,76076,QMLE-Trade,1999-8-2,0.29061
CSCO,76076,QMLE-Trade,1999-8-3,0.398176
CSCO,76076,QMLE-Trade,1999-8-4,0.425182
CSCO,76076,QMLE-Trade,1999-8-5,0.422944
CSCO,76076,QMLE-Trade,1999-8-6,0.517874
CSCO,76076,QMLE-Trade,1999-8-9,0.339553
CSCO,76076,QMLE-Trade,1999-8-10,0.455906
CSCO,76076,QMLE-Trade,1999-8-11,0.333104
CSCO,76076,QMLE-Trade,1999-8-12,0.253267
CSCO,76076,QMLE-Trade,1999-8-13,0.209661
CSCO,76076,QMLE-Trade,1999-8-16,0.254059
CSCO,76076,QMLE-Trade,1999-8-17,0.204821
CSCO,76076,QMLE-Trade,1999-8-18,0.201514
CSCO,76076,QMLE-Trade,1999-8-19,0.236608
CSCO,76076,QMLE-Trade,1999-8-20,0.275096
CSCO,76076,QMLE-Trade,1999-8-23,0.160682
CSCO,76076,QMLE-Trade,1999-8-24,0.390024
CSCO,76076,QMLE-Trade,1999-8-25,0.216381
CSCO,76076,QMLE-Trade,1999-8-26,0.295065
CSCO,76076,QMLE-Trade,1999-8-27,0.293374
CSCO,76076,QMLE-Trade,1999-8-30,0.297736
CSCO,76076,QMLE-Trade,1999-8-31,0.397797
CSCO,76076,QMLE-Trade,1999-9-1,0.282895
CSCO,76076,QMLE-Trade,1999-9-2,0.254846
CSCO,76076,QMLE-Trade,1999-9-3,0.182099
CSCO,76076,QMLE-Trade,1999-9-7,0.255862
CSCO,76076,QMLE-Trade,1999-9-8,0.292095
CSCO,76076,QMLE-Trade,1999-9-9,0.249252
CSCO,76076,QMLE-Trade,1999-9-10,0.249205
CSCO,76076,QMLE-Trade,1999-9-13,0.236564
CSCO,76076,QMLE-Trade,1999-9-14,0.31672
CSCO,76076,QMLE-Trade,1999-9-15,0.265853
CSCO,76076,QMLE-Trade,1999-9-16,0.303931
CSCO,76076,QMLE-Trade,1999-9-17,0.2812
CSCO,76076,QMLE-Trade,1999-9-20,0.214149
CSCO,76076,QMLE-Trade,1999-9-21,0.264254
CSCO,76076,QMLE-Trade,1999-9-22,0.313495
CSCO,76076,QMLE-Trade,1999-9-23,0.353268
CSCO,76076,QMLE-Trade,1999-9-24,0.408047
CSCO,76076,QMLE-Trade,1999-9-27,0.327259
CSCO,76076,QMLE-Trade,1999-9-28,0.351737
CSCO,76076,QMLE-Trade,1999-9-29,0.320036
CSCO,76076,QMLE-Trade,1999-9-30,0.430569
CSCO,76076,QMLE-Trade,1999-10-1,0.384711
CSCO,76076,QMLE-Trade,1999-10-4,0.257775
CSCO,76076,QMLE-Trade,1999-10-5,0.334574
CSCO,76076,QMLE-Trade,1999-10-6,0.231561
CSCO,76076,QMLE-Trade,1999-10-7,0.245902
CSCO,76076,QMLE-Trade,1999-10-8,0.348222
CSCO,76076,QMLE-Trade,1999-10-11,0.142231
CSCO,76076,QMLE-Trade,1999-10-12,0.250734
CSCO,76076,QMLE-Trade,1999-10-13,0.313567
CSCO,76076,QMLE-Trade,1999-10-14,0.33314
CSCO,76076,QMLE-Trade,1999-10-15,0.354989
CSCO,76076,QMLE-Trade,1999-10-18,0.436051
CSCO,76076,QMLE-Trade,1999-10-19,0.360842
CSCO,76076,QMLE-Trade,1999-10-20,0.253141
CSCO,76076,QMLE-Trade,1999-10-21,0.336118
CSCO,76076,QMLE-Trade,1999-10-22,0.32189
CSCO,76076,QMLE-Trade,1999-10-25,0.40682
CSCO,76076,QMLE-Trade,1999-10-26,0.296382
CSCO,76076,QMLE-Trade,1999-10-27,0.358239
CSCO,76076,QMLE-Trade,1999-10-28,0.302521
CSCO,76076,QMLE-Trade,1999-10-29,0.267349
CSCO,76076,QMLE-Trade,1999-11-1,0.25668
CSCO,76076,QMLE-Trade,1999-11-2,0.312303
CSCO,76076,QMLE-Trade,1999-11-3,0.313026
CSCO,76076,QMLE-Trade,1999-11-4,0.247173
CSCO,76076,QMLE-Trade,1999-11-5,0.311245
CSCO,76076,QMLE-Trade,1999-11-8,0.250539
CSCO,76076,QMLE-Trade,1999-11-9,0.273692
CSCO,76076,QMLE-Trade,1999-11-10,0.332013
CSCO,76076,QMLE-Trade,1999-11-11,0.376878
CSCO,76076,QMLE-Trade,1999-11-12,0.329043
CSCO,76076,QMLE-Trade,1999-11-15,0.235637
CSCO,76076,QMLE-Trade,1999-11-16,0.221859
CSCO,76076,QMLE-Trade,1999-11-17,0.278963
CSCO,76076,QMLE-Trade,1999-11-18,0.282926
CSCO,76076,QMLE-Trade,1999-11-19,0.281567
CSCO,76076,QMLE-Trade,1999-11-22,0.190061
CSCO,76076,QMLE-Trade,1999-11-23,0.22037
CSCO,76076,QMLE-Trade,1999-11-24,0.303847
CSCO,76076,QMLE-Trade,1999-11-26,0.311757
CSCO,76076,QMLE-Trade,1999-11-29,0.319997
CSCO,76076,QMLE-Trade,1999-11-30,0.278987
CSCO,76076,QMLE-Trade,1999-12-1,0.360868
CSCO,76076,QMLE-Trade,1999-12-2,0.226775
CSCO,76076,QMLE-Trade,1999-12-3,0.321913
CSCO,76076,QMLE-Trade,1999-12-6,0.347464
CSCO,76076,QMLE-Trade,1999-12-7,0.298874
CSCO,76076,QMLE-Trade,1999-12-8,0.237542
CSCO,76076,QMLE-Trade,1999-12-9,0.430765
CSCO,76076,QMLE-Trade,1999-12-10,0.401666
CSCO,76076,QMLE-Trade,1999-12-13,0.342589
CSCO,76076,QMLE-Trade,1999-12-14,0.270964
CSCO,76076,QMLE-Trade,1999-12-15,0.380022
CSCO,76076,QMLE-Trade,1999-12-16,0.256561
CSCO,76076,QMLE-Trade,1999-12-17,0.219653
CSCO,76076,QMLE-Trade,1999-12-20,0.257808
CSCO,76076,QMLE-Trade,1999-12-21,0.240548
CSCO,76076,QMLE-Trade,1999-12-22,0.308578
CSCO,76076,QMLE-Trade,1999-12-23,0.212442
CSCO,76076,QMLE-Trade,1999-12-27,0.273998
CSCO,76076,QMLE-Trade,1999-12-28,0.312668
CSCO,76076,QMLE-Trade,1999-12-29,0.214496
CSCO,76076,QMLE-Trade,1999-12-30,0.201661
CSCO,76076,QMLE-Trade,1999-12-31,0.189467
CSCO,76076,QMLE-Trade,2000-1-3,0.377373
CSCO,76076,QMLE-Trade,2000-1-4,0.338505
CSCO,76076,QMLE-Trade,2000-1-5,0.434063
CSCO,76076,QMLE-Trade,2000-1-6,0.389667
CSCO,76076,QMLE-Trade,2000-1-7,0.320581
CSCO,76076,QMLE-Trade,2000-1-10,0.31588
CSCO,76076,QMLE-Trade,2000-1-11,0.29831
CSCO,76076,QMLE-Trade,2000-1-12,0.370316
CSCO,76076,QMLE-Trade,2000-1-13,0.298658
CSCO,76076,QMLE-Trade,2000-1-14,0.37181
CSCO,76076,QMLE-Trade,2000-1-18,0.36674
CSCO,76076,QMLE-Trade,2000-1-19,0.36033
CSCO,76076,QMLE-Trade,2000-1-20,0.354824
CSCO,76076,QMLE-Trade,2000-1-21,0.25645
CSCO,76076,QMLE-Trade,2000-1-24,0.325309
CSCO,76076,QMLE-Trade,2000-1-25,0.542123
CSCO,76076,QMLE-Trade,2000-1-26,0.414452
CSCO,76076,QMLE-Trade,2000-1-27,0.412843
CSCO,76076,QMLE-Trade,2000-1-28,0.606949
CSCO,76076,QMLE-Trade,2000-1-31,0.590856
CSCO,76076,QMLE-Trade,2000-2-1,0.48239
CSCO,76076,QMLE-Trade,2000-2-2,0.40024
CSCO,76076,QMLE-Trade,2000-2-3,0.33274
CSCO,76076,QMLE-Trade,2000-2-4,0.299016
CSCO,76076,QMLE-Trade,2000-2-7,0.26471
CSCO,76076,QMLE-Trade,2000-2-8,0.265709
CSCO,76076,QMLE-Trade,2000-2-9,0.270386
CSCO,76076,QMLE-Trade,2000-2-10,0.319646
CSCO,76076,QMLE-Trade,2000-2-11,0.260279
CSCO,76076,QMLE-Trade,2000-2-14,0.393097
CSCO,76076,QMLE-Trade,2000-2-15,0.345731
CSCO,76076,QMLE-Trade,2000-2-16,0.310044
CSCO,76076,QMLE-Trade,2000-2-17,0.274354
CSCO,76076,QMLE-Trade,2000-2-18,0.316134
CSCO,76076,QMLE-Trade,2000-2-22,0.353919
CSCO,76076,QMLE-Trade,2000-2-23,0.402266
CSCO,76076,QMLE-Trade,2000-2-24,0.465971
CSCO,76076,QMLE-Trade,2000-2-25,0.338276
CSCO,76076,QMLE-Trade,2000-2-28,0.480787
CSCO,76076,QMLE-Trade,2000-2-29,0.438599
CSCO,76076,QMLE-Trade,2000-3-1,0.355206
CSCO,76076,QMLE-Trade,2000-3-2,0.361544
CSCO,76076,QMLE-Trade,2000-3-3,0.264599
CSCO,76076,QMLE-Trade,2000-3-6,0.298706
CSCO,76076,QMLE-Trade,2000-3-7,0.414048
CSCO,76076,QMLE-Trade,2000-3-8,0.39319
CSCO,76076,QMLE-Trade,2000-3-9,0.407636
CSCO,76076,QMLE-Trade,2000-3-10,0.317663
CSCO,76076,QMLE-Trade,2000-3-13,0.464653
CSCO,76076,QMLE-Trade,2000-3-14,0.332411
CSCO,76076,QMLE-Trade,2000-3-15,0.441338
CSCO,76076,QMLE-Trade,2000-3-16,0.561489
CSCO,76076,QMLE-Trade,2000-3-17,0.274852
CSCO,76076,QMLE-Trade,2000-3-20,0.32502
CSCO,76076,QMLE-Trade,2000-3-21,0.41264
CSCO,76076,QMLE-Trade,2000-3-22,0.386216
CSCO,76076,QMLE-Trade,2000-3-23,0.477961
CSCO,76076,QMLE-Trade,2000-3-24,0.440753
CSCO,76076,QMLE-Trade,2000-3-27,0.302469
CSCO,76076,QMLE-Trade,2000-3-28,0.345448
CSCO,76076,QMLE-Trade,2000-3-29,0.427861
CSCO,76076,QMLE-Trade,2000-3-30,0.60012
CSCO,76076,QMLE-Trade,2000-3-31,0.574254
CSCO,76076,QMLE-Trade,2000-4-3,0.471536
CSCO,76076,QMLE-Trade,2000-4-4,0.843183
CSCO,76076,QMLE-Trade,2000-4-5,0.803627
CSCO,76076,QMLE-Trade,2000-4-6,0.423666
CSCO,76076,QMLE-Trade,2000-4-7,0.402615
CSCO,76076,QMLE-Trade,2000-4-10,0.467056
CSCO,76076,QMLE-Trade,2000-4-11,0.559381
CSCO,76076,QMLE-Trade,2000-4-12,0.471396
CSCO,76076,QMLE-Trade,2000-4-13,0.539188
CSCO,76076,QMLE-Trade,2000-4-14,0.923238
CSCO,76076,QMLE-Trade,2000-4-17,0.958287
CSCO,76076,QMLE-Trade,2000-4-18,0.446135
CSCO,76076,QMLE-Trade,2000-4-19,0.506432
CSCO,76076,QMLE-Trade,2000-4-20,0.42292
CSCO,76076,QMLE-Trade,2000-4-24,0.505863
CSCO,76076,QMLE-Trade,2000-4-25,0.45376
CSCO,76076,QMLE-Trade,2000-4-26,0.488943
CSCO,76076,QMLE-Trade,2000-4-27,0.710964
CSCO,76076,QMLE-Trade,2000-4-28,0.373113
CSCO,76076,QMLE-Trade,2000-5-1,0.424344
CSCO,76076,QMLE-Trade,2000-5-2,0.370193
CSCO,76076,QMLE-Trade,2000-5-3,0.466264
CSCO,76076,QMLE-Trade,2000-5-4,0.422022
CSCO,76076,QMLE-Trade,2000-5-5,0.419955
CSCO,76076,QMLE-Trade,2000-5-8,0.387824
CSCO,76076,QMLE-Trade,2000-5-9,0.464793
CSCO,76076,QMLE-Trade,2000-5-10,0.608669
CSCO,76076,QMLE-Trade,2000-5-11,0.508903
CSCO,76076,QMLE-Trade,2000-5-12,0.436902
CSCO,76076,QMLE-Trade,2000-5-15,0.39112
CSCO,76076,QMLE-Trade,2000-5-16,0.508635
CSCO,76076,QMLE-Trade,2000-5-17,0.314373
CSCO,76076,QMLE-Trade,2000-5-18,0.347017
CSCO,76076,QMLE-Trade,2000-5-19,0.476113
CSCO,76076,QMLE-Trade,2000-5-22,0.692844
CSCO,76076,QMLE-Trade,2000-5-23,0.590692
CSCO,76076,QMLE-Trade,2000-5-24,0.847742
CSCO,76076,QMLE-Trade,2000-5-25,0.508524
CSCO,76076,QMLE-Trade,2000-5-26,0.81327
CSCO,76076,QMLE-Trade,2000-5-30,0.399983
CSCO,76076,QMLE-Trade,2000-5-31,0.63506
CSCO,76076,QMLE-Trade,2000-6-1,0.476368
CSCO,76076,QMLE-Trade,2000-6-2,0.29995
CSCO,76076,QMLE-Trade,2000-6-5,0.445399
CSCO,76076,QMLE-Trade,2000-6-6,0.400658
CSCO,76076,QMLE-Trade,2000-6-7,0.435798
CSCO,76076,QMLE-Trade,2000-6-8,0.292228
CSCO,76076,QMLE-Trade,2000-6-9,0.204891
CSCO,76076,QMLE-Trade,2000-6-12,0.309181
CSCO,76076,QMLE-Trade,2000-6-13,0.419497
CSCO,76076,QMLE-Trade,2000-6-14,0.344308
CSCO,76076,QMLE-Trade,2000-6-15,0.250745
CSCO,76076,QMLE-Trade,2000-6-16,0.259038
CSCO,76076,QMLE-Trade,2000-6-19,0.342532
CSCO,76076,QMLE-Trade,2000-6-20,0.312878
CSCO,76076,QMLE-Trade,2000-6-21,0.289988
CSCO,76076,QMLE-Trade,2000-6-22,0.330628
CSCO,76076,QMLE-Trade,2000-6-23,0.439323
CSCO,76076,QMLE-Trade,2000-6-26,0.445263
CSCO,76076,QMLE-Trade,2000-6-27,0.422824
CSCO,76076,QMLE-Trade,2000-6-28,0.408261
CSCO,76076,QMLE-Trade,2000-6-29,0.370259
CSCO,76076,QMLE-Trade,2000-6-30,0.389059
CSCO,76076,QMLE-Trade,2000-7-3,0.356404
CSCO,76076,QMLE-Trade,2000-7-5,0.357697
CSCO,76076,QMLE-Trade,2000-7-6,0.406395
CSCO,76076,QMLE-Trade,2000-7-7,0.387302
CSCO,76076,QMLE-Trade,2000-7-10,0.331599
CSCO,76076,QMLE-Trade,2000-7-11,0.464679
CSCO,76076,QMLE-Trade,2000-7-12,0.318382
CSCO,76076,QMLE-Trade,2000-7-13,0.4354
CSCO,76076,QMLE-Trade,2000-7-14,0.247619
CSCO,76076,QMLE-Trade,2000-7-17,0.287789
CSCO,76076,QMLE-Trade,2000-7-18,0.273872
CSCO,76076,QMLE-Trade,2000-7-19,0.330715
CSCO,76076,QMLE-Trade,2000-7-20,0.311778
CSCO,76076,QMLE-Trade,2000-7-21,0.29228
CSCO,76076,QMLE-Trade,2000-7-24,0.393124
CSCO,76076,QMLE-Trade,2000-7-25,0.406869
CSCO,76076,QMLE-Trade,2000-7-26,0.385913
CSCO,76076,QMLE-Trade,2000-7-27,0.4214
CSCO,76076,QMLE-Trade,2000-7-28,0.590476
CSCO,76076,QMLE-Trade,2000-7-31,0.524659
CSCO,76076,QMLE-Trade,2000-8-1,0.377649
CSCO,76076,QMLE-Trade,2000-8-2,0.387272
CSCO,76076,QMLE-Trade,2000-8-3,0.62757
CSCO,76076,QMLE-Trade,2000-8-4,0.406907
CSCO,76076,QMLE-Trade,2000-8-7,0.336925
CSCO,76076,QMLE-Trade,2000-8-8,0.305901
CSCO,76076,QMLE-Trade,2000-8-9,0.334687
CSCO,76076,QMLE-Trade,2000-8-10,0.330712
CSCO,76076,QMLE-Trade,2000-8-11,0.326219
CSCO,76076,QMLE-Trade,2000-8-14,0.304484
CSCO,76076,QMLE-Trade,2000-8-15,0.30799
CSCO,76076,QMLE-Trade,2000-8-16,0.254603
CSCO,76076,QMLE-Trade,2000-8-17,0.238951
CSCO,76076,QMLE-Trade,2000-8-18,0.230498
CSCO,76076,QMLE-Trade,2000-8-21,0.177933
CSCO,76076,QMLE-Trade,2000-8-22,0.266319
CSCO,76076,QMLE-Trade,2000-8-23,0.311344
CSCO,76076,QMLE-Trade,2000-8-24,0.196611
CSCO,76076,QMLE-Trade,2000-8-25,0.183787
CSCO,76076,QMLE-Trade,2000-8-28,0.183959
CSCO,76076,QMLE-Trade,2000-8-29,0.189363
CSCO,76076,QMLE-Trade,2000-8-30,0.184467
CSCO,76076,QMLE-Trade,2000-8-31,0.21208
CSCO,76076,QMLE-Trade,2000-9-1,0.174727
CSCO,76076,QMLE-Trade,2000-9-5,0.289728
CSCO,76076,QMLE-Trade,2000-9-6,0.319855
CSCO,76076,QMLE-Trade,2000-9-7,0.361837
CSCO,76076,QMLE-Trade,2000-9-8,0.296661
CSCO,76076,QMLE-Trade,2000-9-11,0.373188
CSCO,76076,QMLE-Trade,2000-9-12,0.380058
CSCO,76076,QMLE-Trade,2000-9-13,0.551728
CSCO,76076,QMLE-Trade,2000-9-14,0.353065
CSCO,76076,QMLE-Trade,2000-9-15,0.402843
CSCO,76076,QMLE-Trade,2000-9-18,0.459157
CSCO,76076,QMLE-Trade,2000-9-19,0.498785
CSCO,76076,QMLE-Trade,2000-9-20,0.399102
CSCO,76076,QMLE-Trade,2000-9-21,0.429679
CSCO,76076,QMLE-Trade,2000-9-22,0.446709
CSCO,76076,QMLE-Trade,2000-9-25,0.344609
CSCO,76076,QMLE-Trade,2000-9-26,0.51659
CSCO,76076,QMLE-Trade,2000-9-27,0.504377
CSCO,76076,QMLE-Trade,2000-9-28,0.520639
CSCO,76076,QMLE-Trade,2000-9-29,0.481816
CSCO,76076,QMLE-Trade,2000-10-2,0.579382
CSCO,76076,QMLE-Trade,2000-10-3,0.503999
CSCO,76076,QMLE-Trade,2000-10-4,0.552565
CSCO,76076,QMLE-Trade,2000-10-5,0.545163
CSCO,76076,QMLE-Trade,2000-10-6,0.511466
CSCO,76076,QMLE-Trade,2000-10-9,0.50815
CSCO,76076,QMLE-Trade,2000-10-10,0.593802
CSCO,76076,QMLE-Trade,2000-10-11,0.818923
CSCO,76076,QMLE-Trade,2000-10-12,0.710452
CSCO,76076,QMLE-Trade,2000-10-13,0.832572
CSCO,76076,QMLE-Trade,2000-10-16,0.579467
CSCO,76076,QMLE-Trade,2000-10-17,0.485901
CSCO,76076,QMLE-Trade,2000-10-18,0.709195
CSCO,76076,QMLE-Trade,2000-10-19,0.768185
CSCO,76076,QMLE-Trade,2000-10-20,0.468854
CSCO,76076,QMLE-Trade,2000-10-23,0.540824
CSCO,76076,QMLE-Trade,2000-10-24,0.410522
CSCO,76076,QMLE-Trade,2000-10-25,0.52623
CSCO,76076,QMLE-Trade,2000-10-26,0.742643
CSCO,76076,QMLE-Trade,2000-10-27,0.637058
CSCO,76076,QMLE-Trade,2000-10-30,0.721755
CSCO,76076,QMLE-Trade,2000-10-31,0.57614
CSCO,76076,QMLE-Trade,2000-11-1,0.553909
CSCO,76076,QMLE-Trade,2000-11-2,0.504222
CSCO,76076,QMLE-Trade,2000-11-3,0.413156
CSCO,76076,QMLE-Trade,2000-11-6,0.330023
CSCO,76076,QMLE-Trade,2000-11-7,0.52474
CSCO,76076,QMLE-Trade,2000-11-8,0.497311
CSCO,76076,QMLE-Trade,2000-11-9,0.575128
CSCO,76076,QMLE-Trade,2000-11-10,0.415308
CSCO,76076,QMLE-Trade,2000-11-13,0.603644
CSCO,76076,QMLE-Trade,2000-11-14,0.537983
CSCO,76076,QMLE-Trade,2000-11-15,0.57918
CSCO,76076,QMLE-Trade,2000-11-16,0.396331
CSCO,76076,QMLE-Trade,2000-11-17,0.699607
CSCO,76076,QMLE-Trade,2000-11-20,0.658869
CSCO,76076,QMLE-Trade,2000-11-21,0.595815
CSCO,76076,QMLE-Trade,2000-11-22,0.630348
CSCO,76076,QMLE-Trade,2000-11-24,0.318306
CSCO,76076,QMLE-Trade,2000-11-27,0.44669
CSCO,76076,QMLE-Trade,2000-11-28,0.496098
CSCO,76076,QMLE-Trade,2000-11-29,0.578349
CSCO,76076,QMLE-Trade,2000-11-30,0.672883
CSCO,76076,QMLE-Trade,2000-12-1,0.61845
CSCO,76076,QMLE-Trade,2000-12-4,0.847644
CSCO,76076,QMLE-Trade,2000-12-5,0.545076
CSCO,76076,QMLE-Trade,2000-12-6,0.643305
CSCO,76076,QMLE-Trade,2000-12-7,0.444541
CSCO,76076,QMLE-Trade,2000-12-8,0.437224
CSCO,76076,QMLE-Trade,2000-12-11,0.405932
CSCO,76076,QMLE-Trade,2000-12-12,0.377958
CSCO,76076,QMLE-Trade,2000-12-13,0.544073
CSCO,76076,QMLE-Trade,2000-12-14,0.458281
CSCO,76076,QMLE-Trade,2000-12-15,0.563504
CSCO,76076,QMLE-Trade,2000-12-18,0.681591
CSCO,76076,QMLE-Trade,2000-12-19,0.700054
CSCO,76076,QMLE-Trade,2000-12-20,0.750258
CSCO,76076,QMLE-Trade,2000-12-21,0.839226
CSCO,76076,QMLE-Trade,2000-12-22,0.532479
CSCO,76076,QMLE-Trade,2000-12-26,0.435268
CSCO,76076,QMLE-Trade,2000-12-27,0.522024
CSCO,76076,QMLE-Trade,2000-12-28,0.604827
CSCO,76076,QMLE-Trade,2000-12-29,0.627208
CSCO,76076,QMLE-Trade,2001-1-2,0.693921
CSCO,76076,QMLE-Trade,2001-1-3,2.35916
CSCO,76076,QMLE-Trade,2001-1-4,0.721186
CSCO,76076,QMLE-Trade,2001-1-5,0.686716
CSCO,76076,QMLE-Trade,2001-1-8,0.776486
CSCO,76076,QMLE-Trade,2001-1-9,0.741254
CSCO,76076,QMLE-Trade,2001-1-10,0.888192
CSCO,76076,QMLE-Trade,2001-1-11,0.766097
CSCO,76076,QMLE-Trade,2001-1-12,0.65744
CSCO,76076,QMLE-Trade,2001-1-16,0.609466
CSCO,76076,QMLE-Trade,2001-1-17,0.544434
CSCO,76076,QMLE-Trade,2001-1-18,0.548552
CSCO,76076,QMLE-Trade,2001-1-19,0.487485
CSCO,76076,QMLE-Trade,2001-1-22,0.575347
CSCO,76076,QMLE-Trade,2001-1-23,0.586451
CSCO,76076,QMLE-Trade,2001-1-24,0.494197
CSCO,76076,QMLE-Trade,2001-1-25,0.526614
CSCO,76076,QMLE-Trade,2001-1-26,0.561838
CSCO,76076,QMLE-Trade,2001-1-29,0.602267
CSCO,76076,QMLE-Trade,2001-1-30,0.404159
CSCO,76076,QMLE-Trade,2001-1-31,0.493161
CSCO,76076,QMLE-Trade,2001-2-1,0.520606
CSCO,76076,QMLE-Trade,2001-2-2,0.500544
CSCO,76076,QMLE-Trade,2001-2-5,0.501627
CSCO,76076,QMLE-Trade,2001-2-6,0.529891
CSCO,76076,QMLE-Trade,2001-2-7,0.639913
CSCO,76076,QMLE-Trade,2001-2-8,0.481757
CSCO,76076,QMLE-Trade,2001-2-9,0.589814
CSCO,76076,QMLE-Trade,2001-2-12,0.625863
CSCO,76076,QMLE-Trade,2001-2-13,0.517781
CSCO,76076,QMLE-Trade,2001-2-14,0.593121
CSCO,76076,QMLE-Trade,2001-2-15,0.519715
CSCO,76076,QMLE-Trade,2001-2-16,0.486836
CSCO,76076,QMLE-Trade,2001-2-20,0.607818
CSCO,76076,QMLE-Trade,2001-2-21,0.693096
CSCO,76076,QMLE-Trade,2001-2-22,0.83065
CSCO,76076,QMLE-Trade,2001-2-23,0.899001
CSCO,76076,QMLE-Trade,2001-2-26,0.694138
CSCO,76076,QMLE-Trade,2001-2-27,0.783623
CSCO,76076,QMLE-Trade,2001-2-28,0.804882
CSCO,76076,QMLE-Trade,2001-3-1,0.852638
CSCO,76076,QMLE-Trade,2001-3-2,0.712339
CSCO,76076,QMLE-Trade,2001-3-5,0.444459
CSCO,76076,QMLE-Trade,2001-3-6,0.513385
CSCO,76076,QMLE-Trade,2001-3-7,0.550976
CSCO,76076,QMLE-Trade,2001-3-8,0.457879
CSCO,76076,QMLE-Trade,2001-3-9,0.644786
CSCO,76076,QMLE-Trade,2001-3-12,0.767698
CSCO,76076,QMLE-Trade,2001-3-13,0.707964
CSCO,76076,QMLE-Trade,2001-3-14,0.75891
CSCO,76076,QMLE-Trade,2001-3-15,0.496156
CSCO,76076,QMLE-Trade,2001-3-16,0.718565
CSCO,76076,QMLE-Trade,2001-3-19,0.5799
CSCO,76076,QMLE-Trade,2001-3-20,0.784994
CSCO,76076,QMLE-Trade,2001-3-21,0.760308
CSCO,76076,QMLE-Trade,2001-3-22,0.775234
CSCO,76076,QMLE-Trade,2001-3-23,0.657607
CSCO,76076,QMLE-Trade,2001-3-26,0.615725
CSCO,76076,QMLE-Trade,2001-3-27,0.691254
CSCO,76076,QMLE-Trade,2001-3-28,0.800736
CSCO,76076,QMLE-Trade,2001-3-29,0.883641
CSCO,76076,QMLE-Trade,2001-3-30,0.642812
CSCO,76076,QMLE-Trade,2001-4-2,0.713947
CSCO,76076,QMLE-Trade,2001-4-3,0.866689
CSCO,76076,QMLE-Trade,2001-4-4,1.11317
CSCO,76076,QMLE-Trade,2001-4-5,0.818306
CSCO,76076,QMLE-Trade,2001-4-6,0.940155
CSCO,76076,QMLE-Trade,2001-4-9,0.527158
CSCO,76076,QMLE-Trade,2001-4-10,0.593057
CSCO,76076,QMLE-Trade,2001-4-11,0.409108
CSCO,76076,QMLE-Trade,2001-4-12,0.629928
CSCO,76076,QMLE-Trade,2001-4-16,0.7433
CSCO,76076,QMLE-Trade,2001-4-17,0.831989
CSCO,76076,QMLE-Trade,2001-4-18,1.07251
CSCO,76076,QMLE-Trade,2001-4-19,0.517076
CSCO,76076,QMLE-Trade,2001-4-20,0.5852
CSCO,76076,QMLE-Trade,2001-4-23,0.466969
CSCO,76076,QMLE-Trade,2001-4-24,0.50486
CSCO,76076,QMLE-Trade,2001-4-25,0.475192
CSCO,76076,QMLE-Trade,2001-4-26,0.509873
CSCO,76076,QMLE-Trade,2001-4-27,0.527632
CSCO,76076,QMLE-Trade,2001-4-30,0.394184
CSCO,76076,QMLE-Trade,2001-5-1,0.503692
CSCO,76076,QMLE-Trade,2001-5-2,0.478437
CSCO,76076,QMLE-Trade,2001-5-3,0.457571
CSCO,76076,QMLE-Trade,2001-5-4,0.721155
CSCO,76076,QMLE-Trade,2001-5-7,0.449307
CSCO,76076,QMLE-Trade,2001-5-8,0.409868
CSCO,76076,QMLE-Trade,2001-5-9,0.438191
CSCO,76076,QMLE-Trade,2001-5-10,0.318499
CSCO,76076,QMLE-Trade,2001-5-11,0.367245
CSCO,76076,QMLE-Trade,2001-5-14,0.289756
CSCO,76076,QMLE-Trade,2001-5-15,0.683715
CSCO,76076,QMLE-Trade,2001-5-16,0.549238
CSCO,76076,QMLE-Trade,2001-5-17,0.613773
CSCO,76076,QMLE-Trade,2001-5-18,0.340835
CSCO,76076,QMLE-Trade,2001-5-21,0.588395
CSCO,76076,QMLE-Trade,2001-5-22,0.523386
CSCO,76076,QMLE-Trade,2001-5-23,0.293337
CSCO,76076,QMLE-Trade,2001-5-24,0.515064
CSCO,76076,QMLE-Trade,2001-5-25,0.308598
CSCO,76076,QMLE-Trade,2001-5-29,0.354225
CSCO,76076,QMLE-Trade,2001-5-30,0.391826
CSCO,76076,QMLE-Trade,2001-5-31,0.485768
CSCO,76076,QMLE-Trade,2001-6-1,0.416799
CSCO,76076,QMLE-Trade,2001-6-4,0.411644
CSCO,76076,QMLE-Trade,2001-6-5,0.515767
CSCO,76076,QMLE-Trade,2001-6-6,0.485554
CSCO,76076,QMLE-Trade,2001-6-7,0.443193
CSCO,76076,QMLE-Trade,2001-6-8,0.410172
CSCO,76076,QMLE-Trade,2001-6-11,0.395913
CSCO,76076,QMLE-Trade,2001-6-12,0.561214
CSCO,76076,QMLE-Trade,2001-6-13,0.416389
CSCO,76076,QMLE-Trade,2001-6-14,0.395868
CSCO,76076,QMLE-Trade,2001-6-15,0.342043
CSCO,76076,QMLE-Trade,2001-6-18,0.477053
CSCO,76076,QMLE-Trade,2001-6-19,0.377035
CSCO,76076,QMLE-Trade,2001-6-20,0.478484
CSCO,76076,QMLE-Trade,2001-6-21,0.622296
CSCO,76076,QMLE-Trade,2001-6-22,0.575252
CSCO,76076,QMLE-Trade,2001-6-25,0.443733
CSCO,76076,QMLE-Trade,2001-6-26,0.356095
CSCO,76076,QMLE-Trade,2001-6-27,0.378906
CSCO,76076,QMLE-Trade,2001-6-28,0.395368
CSCO,76076,QMLE-Trade,2001-6-29,0.449107
CSCO,76076,QMLE-Trade,2001-7-2,0.373371
CSCO,76076,QMLE-Trade,2001-7-3,0.351509
CSCO,76076,QMLE-Trade,2001-7-5,0.276307
CSCO,76076,QMLE-Trade,2001-7-6,0.319148
CSCO,76076,QMLE-Trade,2001-7-9,0.331559
CSCO,76076,QMLE-Trade,2001-7-10,0.403278
CSCO,76076,QMLE-Trade,2001-7-11,0.670462
CSCO,76076,QMLE-Trade,2001-7-12,0.353766
CSCO,76076,QMLE-Trade,2001-7-13,0.49719
CSCO,76076,QMLE-Trade,2001-7-16,0.373216
CSCO,76076,QMLE-Trade,2001-7-17,0.426694
CSCO,76076,QMLE-Trade,2001-7-18,0.520265
CSCO,76076,QMLE-Trade,2001-7-19,0.553835
CSCO,76076,QMLE-Trade,2001-7-20,0.510002
CSCO,76076,QMLE-Trade,2001-7-23,0.392886
CSCO,76076,QMLE-Trade,2001-7-24,0.483798
CSCO,76076,QMLE-Trade,2001-7-25,0.52268
CSCO,76076,QMLE-Trade,2001-7-26,0.465964
CSCO,76076,QMLE-Trade,2001-7-27,0.413827
CSCO,76076,QMLE-Trade,2001-7-30,0.40131
CSCO,76076,QMLE-Trade,2001-7-31,0.344556
CSCO,76076,QMLE-Trade,2001-8-1,0.328795
CSCO,76076,QMLE-Trade,2001-8-2,0.533461
CSCO,76076,QMLE-Trade,2001-8-3,0.448598
CSCO,76076,QMLE-Trade,2001-8-6,0.308366
CSCO,76076,QMLE-Trade,2001-8-7,0.33111
CSCO,76076,QMLE-Trade,2001-8-8,0.411178
CSCO,76076,QMLE-Trade,2001-8-9,0.470433
CSCO,76076,QMLE-Trade,2001-8-10,0.481654
CSCO,76076,QMLE-Trade,2001-8-13,0.370039
CSCO,76076,QMLE-Trade,2001-8-14,0.288703
CSCO,76076,QMLE-Trade,2001-8-15,0.336775
CSCO,76076,QMLE-Trade,2001-8-16,0.456747
CSCO,76076,QMLE-Trade,2001-8-17,0.404458
CSCO,76076,QMLE-Trade,2001-8-20,0.431919
CSCO,76076,QMLE-Trade,2001-8-21,0.41001
CSCO,76076,QMLE-Trade,2001-8-22,0.465363
CSCO,76076,QMLE-Trade,2001-8-23,0.502618
CSCO,76076,QMLE-Trade,2001-8-24,0.365658
CSCO,76076,QMLE-Trade,2001-8-27,0.32091
CSCO,76076,QMLE-Trade,2001-8-28,0.380062
CSCO,76076,QMLE-Trade,2001-8-29,0.387744
CSCO,76076,QMLE-Trade,2001-8-30,0.43803
CSCO,76076,QMLE-Trade,2001-8-31,0.547613
CSCO,76076,QMLE-Trade,2001-9-4,0.53105
CSCO,76076,QMLE-Trade,2001-9-5,0.804146
CSCO,76076,QMLE-Trade,2001-9-6,0.843682
CSCO,76076,QMLE-Trade,2001-9-7,0.729131
CSCO,76076,QMLE-Trade,2001-9-10,0.595916
CSCO,76076,QMLE-Trade,2001-9-17,0.897774
CSCO,76076,QMLE-Trade,2001-9-18,0.546261
CSCO,76076,QMLE-Trade,2001-9-19,0.914182
CSCO,76076,QMLE-Trade,2001-9-20,0.781271
CSCO,76076,QMLE-Trade,2001-9-21,0.706566
CSCO,76076,QMLE-Trade,2001-9-24,0.535561
CSCO,76076,QMLE-Trade,2001-9-25,0.67753
CSCO,76076,QMLE-Trade,2001-9-26,0.549464
CSCO,76076,QMLE-Trade,2001-9-27,0.679493
CSCO,76076,QMLE-Trade,2001-9-28,0.535869
CSCO,76076,QMLE-Trade,2001-10-1,0.58806
CSCO,76076,QMLE-Trade,2001-10-2,0.602957
CSCO,76076,QMLE-Trade,2001-10-3,1.46187
CSCO,76076,QMLE-Trade,2001-10-4,0.865374
CSCO,76076,QMLE-Trade,2001-10-5,0.701289
CSCO,76076,QMLE-Trade,2001-10-8,0.613347
CSCO,76076,QMLE-Trade,2001-10-9,0.492853
CSCO,76076,QMLE-Trade,2001-10-10,0.525454
CSCO,76076,QMLE-Trade,2001-10-11,0.487747
CSCO,76076,QMLE-Trade,2001-10-12,0.650412
CSCO,76076,QMLE-Trade,2001-10-15,0.525678
CSCO,76076,QMLE-Trade,2001-10-16,0.498029
CSCO,76076,QMLE-Trade,2001-10-17,0.611641
CSCO,76076,QMLE-Trade,2001-10-18,0.625652
CSCO,76076,QMLE-Trade,2001-10-19,0.479384
CSCO,76076,QMLE-Trade,2001-10-22,0.599041
CSCO,76076,QMLE-Trade,2001-10-23,0.54585
CSCO,76076,QMLE-Trade,2001-10-24,0.502931
CSCO,76076,QMLE-Trade,2001-10-25,0.489949
CSCO,76076,QMLE-Trade,2001-10-26,0.543005
CSCO,76076,QMLE-Trade,2001-10-29,0.605439
CSCO,76076,QMLE-Trade,2001-10-30,0.672539
CSCO,76076,QMLE-Trade,2001-10-31,0.547886
CSCO,76076,QMLE-Trade,2001-11-1,0.556616
CSCO,76076,QMLE-Trade,2001-11-2,0.49747
CSCO,76076,QMLE-Trade,2001-11-5,0.335331
CSCO,76076,QMLE-Trade,2001-11-6,0.432671
CSCO,76076,QMLE-Trade,2001-11-7,0.537174
CSCO,76076,QMLE-Trade,2001-11-8,0.42954
CSCO,76076,QMLE-Trade,2001-11-9,0.36949
CSCO,76076,QMLE-Trade,2001-11-12,0.655265
CSCO,76076,QMLE-Trade,2001-11-13,0.452077
CSCO,76076,QMLE-Trade,2001-11-14,0.336312
CSCO,76076,QMLE-Trade,2001-11-15,0.381965
CSCO,76076,QMLE-Trade,2001-11-16,0.279852
CSCO,76076,QMLE-Trade,2001-11-19,0.28731
CSCO,76076,QMLE-Trade,2001-11-20,0.324777
CSCO,76076,QMLE-Trade,2001-11-21,0.45509
CSCO,76076,QMLE-Trade,2001-11-23,0.316801
CSCO,76076,QMLE-Trade,2001-11-26,0.280626
CSCO,76076,QMLE-Trade,2001-11-27,0.499667
CSCO,76076,QMLE-Trade,2001-11-28,0.458121
CSCO,76076,QMLE-Trade,2001-11-29,0.460138
CSCO,76076,QMLE-Trade,2001-11-30,0.441258
CSCO,76076,QMLE-Trade,2001-12-3,0.289049
CSCO,76076,QMLE-Trade,2001-12-4,0.359374
CSCO,76076,QMLE-Trade,2001-12-5,0.449056
CSCO,76076,QMLE-Trade,2001-12-6,0.367462
CSCO,76076,QMLE-Trade,2001-12-7,0.391604
CSCO,76076,QMLE-Trade,2001-12-10,0.353353
CSCO,76076,QMLE-Trade,2001-12-11,0.35712
CSCO,76076,QMLE-Trade,2001-12-12,0.404328
CSCO,76076,QMLE-Trade,2001-12-13,0.358878
CSCO,76076,QMLE-Trade,2001-12-14,0.397854
CSCO,76076,QMLE-Trade,2001-12-17,0.284292
CSCO,76076,QMLE-Trade,2001-12-18,0.365589
CSCO,76076,QMLE-Trade,2001-12-19,0.367582
CSCO,76076,QMLE-Trade,2001-12-20,0.417766
CSCO,76076,QMLE-Trade,2001-12-21,0.376166
CSCO,76076,QMLE-Trade,2001-12-24,0.275041
CSCO,76076,QMLE-Trade,2001-12-26,0.318239
CSCO,76076,QMLE-Trade,2001-12-27,0.245666
CSCO,76076,QMLE-Trade,2001-12-28,0.300445
CSCO,76076,QMLE-Trade,2001-12-31,0.262897
CSCO,76076,QMLE-Trade,2002-1-2,0.530856
CSCO,76076,QMLE-Trade,2002-1-3,0.480773
CSCO,76076,QMLE-Trade,2002-1-4,0.420201
CSCO,76076,QMLE-Trade,2002-1-7,0.383253
CSCO,76076,QMLE-Trade,2002-1-8,0.374107
CSCO,76076,QMLE-Trade,2002-1-9,0.332023
CSCO,76076,QMLE-Trade,2002-1-10,0.480731
CSCO,76076,QMLE-Trade,2002-1-11,0.360724
CSCO,76076,QMLE-Trade,2002-1-14,0.321984
CSCO,76076,QMLE-Trade,2002-1-15,0.324091
CSCO,76076,QMLE-Trade,2002-1-16,0.332923
CSCO,76076,QMLE-Trade,2002-1-17,0.283853
CSCO,76076,QMLE-Trade,2002-1-18,0.390229
CSCO,76076,QMLE-Trade,2002-1-22,0.364215
CSCO,76076,QMLE-Trade,2002-1-23,0.399372
CSCO,76076,QMLE-Trade,2002-1-24,0.356197
CSCO,76076,QMLE-Trade,2002-1-25,0.239886
CSCO,76076,QMLE-Trade,2002-1-28,0.384102
CSCO,76076,QMLE-Trade,2002-1-29,0.40581
CSCO,76076,QMLE-Trade,2002-1-30,0.811275
CSCO,76076,QMLE-Trade,2002-1-31,0.33236
CSCO,76076,QMLE-Trade,2002-2-1,0.466264
CSCO,76076,QMLE-Trade,2002-2-4,0.361213
CSCO,76076,QMLE-Trade,2002-2-5,0.313221
CSCO,76076,QMLE-Trade,2002-2-6,0.53407
CSCO,76076,QMLE-Trade,2002-2-7,0.388344
CSCO,76076,QMLE-Trade,2002-2-8,0.536734
CSCO,76076,QMLE-Trade,2002-2-11,0.555103
CSCO,76076,QMLE-Trade,2002-2-12,0.402827
CSCO,76076,QMLE-Trade,2002-2-13,0.26333
CSCO,76076,QMLE-Trade,2002-2-14,0.279537
CSCO,76076,QMLE-Trade,2002-2-15,0.272413
CSCO,76076,QMLE-Trade,2002-2-19,0.277965
CSCO,76076,QMLE-Trade,2002-2-20,0.344604
CSCO,76076,QMLE-Trade,2002-2-21,0.420699
CSCO,76076,QMLE-Trade,2002-2-22,0.843189
CSCO,76076,QMLE-Trade,2002-2-25,0.43919
CSCO,76076,QMLE-Trade,2002-2-26,0.423611
CSCO,76076,QMLE-Trade,2002-2-27,0.584181
CSCO,76076,QMLE-Trade,2002-2-28,0.744414
CSCO,76076,QMLE-Trade,2002-3-1,0.42735
CSCO,76076,QMLE-Trade,2002-3-4,0.712232
CSCO,76076,QMLE-Trade,2002-3-5,0.501347
CSCO,76076,QMLE-Trade,2002-3-6,0.473307
CSCO,76076,QMLE-Trade,2002-3-7,0.437692
CSCO,76076,QMLE-Trade,2002-3-8,0.307673
CSCO,76076,QMLE-Trade,2002-3-11,0.367587
CSCO,76076,QMLE-Trade,2002-3-12,0.298193
CSCO,76076,QMLE-Trade,2002-3-13,0.232444
CSCO,76076,QMLE-Trade,2002-3-14,0.342365
CSCO,76076,QMLE-Trade,2002-3-15,0.307061
CSCO,76076,QMLE-Trade,2002-3-18,0.283867
CSCO,76076,QMLE-Trade,2002-3-19,0.414543
CSCO,76076,QMLE-Trade,2002-3-20,0.282907
CSCO,76076,QMLE-Trade,2002-3-21,0.326633
CSCO,76076,QMLE-Trade,2002-3-22,0.437218
CSCO,76076,QMLE-Trade,2002-3-25,0.33013
CSCO,76076,QMLE-Trade,2002-3-26,0.367125
CSCO,76076,QMLE-Trade,2002-3-27,0.356339
CSCO,76076,QMLE-Trade,2002-3-28,0.355673
CSCO,76076,QMLE-Trade,2002-4-1,0.376164
CSCO,76076,QMLE-Trade,2002-4-2,0.374194
CSCO,76076,QMLE-Trade,2002-4-3,0.347165
CSCO,76076,QMLE-Trade,2002-4-4,0.424103
CSCO,76076,QMLE-Trade,2002-4-5,0.390544
CSCO,76076,QMLE-Trade,2002-4-8,0.36659
CSCO,76076,QMLE-Trade,2002-4-9,0.564606
CSCO,76076,QMLE-Trade,2002-4-10,0.52019
CSCO,76076,QMLE-Trade,2002-4-11,0.356961
CSCO,76076,QMLE-Trade,2002-4-12,0.264724
CSCO,76076,QMLE-Trade,2002-4-15,0.354445
CSCO,76076,QMLE-Trade,2002-4-16,0.216147
CSCO,76076,QMLE-Trade,2002-4-17,0.397909
CSCO,76076,QMLE-Trade,2002-4-18,0.609959
CSCO,76076,QMLE-Trade,2002-4-19,0.383262
CSCO,76076,QMLE-Trade,2002-4-22,0.370134
CSCO,76076,QMLE-Trade,2002-4-23,0.412726
CSCO,76076,QMLE-Trade,2002-4-24,0.427728
CSCO,76076,QMLE-Trade,2002-4-25,0.554412
CSCO,76076,QMLE-Trade,2002-4-26,0.466621
CSCO,76076,QMLE-Trade,2002-4-29,0.459413
CSCO,76076,QMLE-Trade,2002-4-30,0.533465
CSCO,76076,QMLE-Trade,2002-5-1,0.556379
CSCO,76076,QMLE-Trade,2002-5-2,0.540971
CSCO,76076,QMLE-Trade,2002-5-3,0.524332
CSCO,76076,QMLE-Trade,2002-5-6,0.408638
CSCO,76076,QMLE-Trade,2002-5-7,0.755449
CSCO,76076,QMLE-Trade,2002-5-8,0.497184
CSCO,76076,QMLE-Trade,2002-5-9,0.433334
CSCO,76076,QMLE-Trade,2002-5-10,0.337876
CSCO,76076,QMLE-Trade,2002-5-13,0.546875
CSCO,76076,QMLE-Trade,2002-5-14,0.396849
CSCO,76076,QMLE-Trade,2002-5-15,0.522514
CSCO,76076,QMLE-Trade,2002-5-16,0.382703
CSCO,76076,QMLE-Trade,2002-5-17,0.360727
CSCO,76076,QMLE-Trade,2002-5-20,0.400266
CSCO,76076,QMLE-Trade,2002-5-21,0.339767
CSCO,76076,QMLE-Trade,2002-5-22,0.429164
CSCO,76076,QMLE-Trade,2002-5-23,0.478316
CSCO,76076,QMLE-Trade,2002-5-24,0.341617
CSCO,76076,QMLE-Trade,2002-5-28,0.318953
CSCO,76076,QMLE-Trade,2002-5-29,0.272112
CSCO,76076,QMLE-Trade,2002-5-30,0.386535
CSCO,76076,QMLE-Trade,2002-5-31,0.388815
CSCO,76076,QMLE-Trade,2002-6-3,0.444107
CSCO,76076,QMLE-Trade,2002-6-4,0.479999
CSCO,76076,QMLE-Trade,2002-6-5,0.47121
CSCO,76076,QMLE-Trade,2002-6-6,0.27986
CSCO,76076,QMLE-Trade,2002-6-7,0.556272
CSCO,76076,QMLE-Trade,2002-6-10,0.430596
CSCO,76076,QMLE-Trade,2002-6-11,0.457251
CSCO,76076,QMLE-Trade,2002-6-12,0.635197
CSCO,76076,QMLE-Trade,2002-6-13,0.45123
CSCO,76076,QMLE-Trade,2002-6-14,0.642861
CSCO,76076,QMLE-Trade,2002-6-17,0.424415
CSCO,76076,QMLE-Trade,2002-6-18,0.379563
CSCO,76076,QMLE-Trade,2002-6-19,0.460122
CSCO,76076,QMLE-Trade,2002-6-20,0.473916
CSCO,76076,QMLE-Trade,2002-6-21,0.446661
CSCO,76076,QMLE-Trade,2002-6-24,0.571575
CSCO,76076,QMLE-Trade,2002-6-25,0.616759
CSCO,76076,QMLE-Trade,2002-6-26,0.859231
CSCO,76076,QMLE-Trade,2002-6-27,0.659051
CSCO,76076,QMLE-Trade,2002-6-28,0.58475
CSCO,76076,QMLE-Trade,2002-7-1,0.563404
CSCO,76076,QMLE-Trade,2002-7-2,0.679516
CSCO,76076,QMLE-Trade,2002-7-3,0.563507
CSCO,76076,QMLE-Trade,2002-7-5,0.526201
CSCO,76076,QMLE-Trade,2002-7-8,0.496469
CSCO,76076,QMLE-Trade,2002-7-9,0.490153
CSCO,76076,QMLE-Trade,2002-7-10,0.55087
CSCO,76076,QMLE-Trade,2002-7-11,0.716594
CSCO,76076,QMLE-Trade,2002-7-12,0.600075
CSCO,76076,QMLE-Trade,2002-7-15,0.561948
CSCO,76076,QMLE-Trade,2002-7-16,0.636657
CSCO,76076,QMLE-Trade,2002-7-17,0.41901
CSCO,76076,QMLE-Trade,2002-7-18,0.469675
CSCO,76076,QMLE-Trade,2002-7-19,0.374759
CSCO,76076,QMLE-Trade,2002-7-22,0.728468
CSCO,76076,QMLE-Trade,2002-7-23,0.665316
CSCO,76076,QMLE-Trade,2002-7-24,0.847848
CSCO,76076,QMLE-Trade,2002-7-25,0.901623
CSCO,76076,QMLE-Trade,2002-7-26,0.605724
CSCO,76076,QMLE-Trade,2002-7-29,0.465331
CSCO,76076,QMLE-Trade,2002-7-30,0.493122
CSCO,76076,QMLE-Trade,2002-7-31,0.53945
CSCO,76076,QMLE-Trade,2002-8-1,0.791897
CSCO,76076,QMLE-Trade,2002-8-2,0.638169
CSCO,76076,QMLE-Trade,2002-8-5,0.628565
CSCO,76076,QMLE-Trade,2002-8-6,0.56363
CSCO,76076,QMLE-Trade,2002-8-7,0.582269
CSCO,76076,QMLE-Trade,2002-8-8,0.538804
CSCO,76076,QMLE-Trade,2002-8-9,0.32369
CSCO,76076,QMLE-Trade,2002-8-12,0.340878
CSCO,76076,QMLE-Trade,2002-8-13,0.520463
CSCO,76076,QMLE-Trade,2002-8-14,0.586475
CSCO,76076,QMLE-Trade,2002-8-15,0.555964
CSCO,76076,QMLE-Trade,2002-8-16,0.431077
CSCO,76076,QMLE-Trade,2002-8-19,0.333295
CSCO,76076,QMLE-Trade,2002-8-20,0.398594
CSCO,76076,QMLE-Trade,2002-8-21,0.395149
CSCO,76076,QMLE-Trade,2002-8-22,0.337969
CSCO,76076,QMLE-Trade,2002-8-23,0.389604
CSCO,76076,QMLE-Trade,2002-8-26,0.426065
CSCO,76076,QMLE-Trade,2002-8-27,0.443007
CSCO,76076,QMLE-Trade,2002-8-28,0.301361
CSCO,76076,QMLE-Trade,2002-8-29,0.4905
CSCO,76076,QMLE-Trade,2002-8-30,0.44301
CSCO,76076,QMLE-Trade,2002-9-3,0.402713
CSCO,76076,QMLE-Trade,2002-9-4,0.422327
CSCO,76076,QMLE-Trade,2002-9-5,0.36448
CSCO,76076,QMLE-Trade,2002-9-6,0.33124
CSCO,76076,QMLE-Trade,2002-9-9,0.397798
CSCO,76076,QMLE-Trade,2002-9-10,0.179599
CSCO,76076,QMLE-Trade,2002-9-11,0.518648
CSCO,76076,QMLE-Trade,2002-9-12,0.301979
CSCO,76076,QMLE-Trade,2002-9-13,0.38206
CSCO,76076,QMLE-Trade,2002-9-16,0.359356
CSCO,76076,QMLE-Trade,2002-9-17,0.372706
CSCO,76076,QMLE-Trade,2002-9-18,0.401377
CSCO,76076,QMLE-Trade,2002-9-19,0.375951
CSCO,76076,QMLE-Trade,2002-9-20,0.371088
CSCO,76076,QMLE-Trade,2002-9-23,0.338654
CSCO,76076,QMLE-Trade,2002-9-24,0.486103
CSCO,76076,QMLE-Trade,2002-9-25,0.59191
CSCO,76076,QMLE-Trade,2002-9-26,0.427311
CSCO,76076,QMLE-Trade,2002-9-27,0.447907
CSCO,76076,QMLE-Trade,2002-9-30,0.46451
CSCO,76076,QMLE-Trade,2002-10-1,0.64307
CSCO,76076,QMLE-Trade,2002-10-2,0.604861
CSCO,76076,QMLE-Trade,2002-10-3,0.576932
CSCO,76076,QMLE-Trade,2002-10-4,0.553997
CSCO,76076,QMLE-Trade,2002-10-7,0.610455
CSCO,76076,QMLE-Trade,2002-10-8,0.828369
CSCO,76076,QMLE-Trade,2002-10-9,0.74807
CSCO,76076,QMLE-Trade,2002-10-10,0.848475
CSCO,76076,QMLE-Trade,2002-10-11,0.556995
CSCO,76076,QMLE-Trade,2002-10-14,0.469706
CSCO,76076,QMLE-Trade,2002-10-15,0.546928
CSCO,76076,QMLE-Trade,2002-10-16,0.488869
CSCO,76076,QMLE-Trade,2002-10-17,0.552795
CSCO,76076,QMLE-Trade,2002-10-18,0.684937
CSCO,76076,QMLE-Trade,2002-10-21,0.513015
CSCO,76076,QMLE-Trade,2002-10-22,0.723571
CSCO,76076,QMLE-Trade,2002-10-23,0.5887
CSCO,76076,QMLE-Trade,2002-10-24,0.636239
CSCO,76076,QMLE-Trade,2002-10-25,0.572594
CSCO,76076,QMLE-Trade,2002-10-28,0.573986
CSCO,76076,QMLE-Trade,2002-10-29,0.66109
CSCO,76076,QMLE-Trade,2002-10-30,0.654161
CSCO,76076,QMLE-Trade,2002-10-31,0.562055
CSCO,76076,QMLE-Trade,2002-11-1,0.554551
CSCO,76076,QMLE-Trade,2002-11-4,0.503712
CSCO,76076,QMLE-Trade,2002-11-5,0.515028
CSCO,76076,QMLE-Trade,2002-11-6,0.577554
CSCO,76076,QMLE-Trade,2002-11-7,0.506413
CSCO,76076,QMLE-Trade,2002-11-8,0.456047
CSCO,76076,QMLE-Trade,2002-11-11,0.522725
CSCO,76076,QMLE-Trade,2002-11-12,0.537034
CSCO,76076,QMLE-Trade,2002-11-13,0.568115
CSCO,76076,QMLE-Trade,2002-11-14,0.353666
CSCO,76076,QMLE-Trade,2002-11-15,0.520354
CSCO,76076,QMLE-Trade,2002-11-18,0.370322
CSCO,76076,QMLE-Trade,2002-11-19,0.478143
CSCO,76076,QMLE-Trade,2002-11-20,0.398137
CSCO,76076,QMLE-Trade,2002-11-21,0.388382
CSCO,76076,QMLE-Trade,2002-11-22,0.412351
CSCO,76076,QMLE-Trade,2002-11-25,0.304476
CSCO,76076,QMLE-Trade,2002-11-26,0.387464
CSCO,76076,QMLE-Trade,2002-11-27,0.307972
CSCO,76076,QMLE-Trade,2002-11-29,0.293448
CSCO,76076,QMLE-Trade,2002-12-2,0.357891
CSCO,76076,QMLE-Trade,2002-12-3,0.340605
CSCO,76076,QMLE-Trade,2002-12-4,0.501054
CSCO,76076,QMLE-Trade,2002-12-5,0.472905
CSCO,76076,QMLE-Trade,2002-12-6,0.512261
CSCO,76076,QMLE-Trade,2002-12-9,0.366716
CSCO,76076,QMLE-Trade,2002-12-10,0.415946
CSCO,76076,QMLE-Trade,2002-12-11,0.361155
CSCO,76076,QMLE-Trade,2002-12-12,0.399526
CSCO,76076,QMLE-Trade,2002-12-13,0.375415
CSCO,76076,QMLE-Trade,2002-12-16,0.376126
CSCO,76076,QMLE-Trade,2002-12-17,0.339265
CSCO,76076,QMLE-Trade,2002-12-18,0.342756
CSCO,76076,QMLE-Trade,2002-12-19,0.423072
CSCO,76076,QMLE-Trade,2002-12-20,0.433358
CSCO,76076,QMLE-Trade,2002-12-23,0.321228
CSCO,76076,QMLE-Trade,2002-12-24,0.328799
CSCO,76076,QMLE-Trade,2002-12-26,0.272959
CSCO,76076,QMLE-Trade,2002-12-27,0.249651
CSCO,76076,QMLE-Trade,2002-12-30,0.26803
CSCO,76076,QMLE-Trade,2002-12-31,0.295538
CSCO,76076,QMLE-Trade,2003-1-2,0.353463
CSCO,76076,QMLE-Trade,2003-1-3,0.364988
CSCO,76076,QMLE-Trade,2003-1-6,0.270055
CSCO,76076,QMLE-Trade,2003-1-7,0.391477
CSCO,76076,QMLE-Trade,2003-1-8,0.301978
CSCO,76076,QMLE-Trade,2003-1-9,0.260487
CSCO,76076,QMLE-Trade,2003-1-10,0.317497
CSCO,76076,QMLE-Trade,2003-1-13,0.311615
CSCO,76076,QMLE-Trade,2003-1-14,0.263883
CSCO,76076,QMLE-Trade,2003-1-15,0.264547
CSCO,76076,QMLE-Trade,2003-1-16,0.328225
CSCO,76076,QMLE-Trade,2003-1-17,0.323725
CSCO,76076,QMLE-Trade,2003-1-21,0.340644
CSCO,76076,QMLE-Trade,2003-1-22,0.328172
CSCO,76076,QMLE-Trade,2003-1-23,0.334793
CSCO,76076,QMLE-Trade,2003-1-24,0.345339
CSCO,76076,QMLE-Trade,2003-1-27,0.475749
CSCO,76076,QMLE-Trade,2003-1-28,0.359054
CSCO,76076,QMLE-Trade,2003-1-29,0.404342
CSCO,76076,QMLE-Trade,2003-1-30,0.367669
CSCO,76076,QMLE-Trade,2003-1-31,0.519886
CSCO,76076,QMLE-Trade,2003-2-3,0.352678
CSCO,76076,QMLE-Trade,2003-2-4,0.332439
CSCO,76076,QMLE-Trade,2003-2-5,0.37971
CSCO,76076,QMLE-Trade,2003-2-6,0.334965
CSCO,76076,QMLE-Trade,2003-2-7,0.347747
CSCO,76076,QMLE-Trade,2003-2-10,0.301021
CSCO,76076,QMLE-Trade,2003-2-11,0.282379
CSCO,76076,QMLE-Trade,2003-2-12,0.292627
CSCO,76076,QMLE-Trade,2003-2-13,0.297214
CSCO,76076,QMLE-Trade,2003-2-14,0.34251
CSCO,76076,QMLE-Trade,2003-2-18,0.274247
CSCO,76076,QMLE-Trade,2003-2-19,0.244285
CSCO,76076,QMLE-Trade,2003-2-20,0.272439
CSCO,76076,QMLE-Trade,2003-2-21,0.295162
CSCO,76076,QMLE-Trade,2003-2-24,0.269454
CSCO,76076,QMLE-Trade,2003-2-25,0.330842
CSCO,76076,QMLE-Trade,2003-2-26,0.289497
CSCO,76076,QMLE-Trade,2003-2-27,0.321584
CSCO,76076,QMLE-Trade,2003-2-28,0.284443
CSCO,76076,QMLE-Trade,2003-3-3,0.294899
CSCO,76076,QMLE-Trade,2003-3-4,0.256195
CSCO,76076,QMLE-Trade,2003-3-5,0.277408
CSCO,76076,QMLE-Trade,2003-3-6,0.275378
CSCO,76076,QMLE-Trade,2003-3-7,0.268926
CSCO,76076,QMLE-Trade,2003-3-10,0.194757
CSCO,76076,QMLE-Trade,2003-3-11,0.249625
CSCO,76076,QMLE-Trade,2003-3-12,0.352027
CSCO,76076,QMLE-Trade,2003-3-13,0.310227
CSCO,76076,QMLE-Trade,2003-3-14,0.385557
CSCO,76076,QMLE-Trade,2003-3-17,0.431311
CSCO,76076,QMLE-Trade,2003-3-18,0.347642
CSCO,76076,QMLE-Trade,2003-3-19,0.324107
CSCO,76076,QMLE-Trade,2003-3-20,0.31616
CSCO,76076,QMLE-Trade,2003-3-21,0.34589
CSCO,76076,QMLE-Trade,2003-3-24,0.282159
CSCO,76076,QMLE-Trade,2003-3-25,0.311429
CSCO,76076,QMLE-Trade,2003-3-26,0.290028
CSCO,76076,QMLE-Trade,2003-3-27,0.23446
CSCO,76076,QMLE-Trade,2003-3-28,0.234057
CSCO,76076,QMLE-Trade,2003-3-31,0.257939
CSCO,76076,QMLE-Trade,2003-4-1,0.288883
CSCO,76076,QMLE-Trade,2003-4-2,0.245129
CSCO,76076,QMLE-Trade,2003-4-3,0.286308
CSCO,76076,QMLE-Trade,2003-4-4,0.317192
CSCO,76076,QMLE-Trade,2003-4-7,0.275254
CSCO,76076,QMLE-Trade,2003-4-8,0.285559
CSCO,76076,QMLE-Trade,2003-4-9,0.325218
CSCO,76076,QMLE-Trade,2003-4-10,0.229514
CSCO,76076,QMLE-Trade,2003-4-11,0.339278
CSCO,76076,QMLE-Trade,2003-4-14,0.261387
CSCO,76076,QMLE-Trade,2003-4-15,0.215365
CSCO,76076,QMLE-Trade,2003-4-16,0.303777
CSCO,76076,QMLE-Trade,2003-4-17,0.277973
CSCO,76076,QMLE-Trade,2003-4-21,0.27227
CSCO,76076,QMLE-Trade,2003-4-22,0.269128
CSCO,76076,QMLE-Trade,2003-4-23,0.299831
CSCO,76076,QMLE-Trade,2003-4-24,0.283471
CSCO,76076,QMLE-Trade,2003-4-25,0.343907
CSCO,76076,QMLE-Trade,2003-4-28,0.290245
CSCO,76076,QMLE-Trade,2003-4-29,0.305188
CSCO,76076,QMLE-Trade,2003-4-30,0.304077
CSCO,76076,QMLE-Trade,2003-5-1,0.244057
CSCO,76076,QMLE-Trade,2003-5-2,0.263032
CSCO,76076,QMLE-Trade,2003-5-5,0.233618
CSCO,76076,QMLE-Trade,2003-5-6,0.290354
CSCO,76076,QMLE-Trade,2003-5-7,0.277214
CSCO,76076,QMLE-Trade,2003-5-8,0.273069
CSCO,76076,QMLE-Trade,2003-5-9,0.21219
CSCO,76076,QMLE-Trade,2003-5-12,0.230439
CSCO,76076,QMLE-Trade,2003-5-13,0.243326
CSCO,76076,QMLE-Trade,2003-5-14,0.252208
CSCO,76076,QMLE-Trade,2003-5-15,0.248238
CSCO,76076,QMLE-Trade,2003-5-16,0.226744
CSCO,76076,QMLE-Trade,2003-5-19,0.241334
CSCO,76076,QMLE-Trade,2003-5-20,0.257058
CSCO,76076,QMLE-Trade,2003-5-21,0.272344
CSCO,76076,QMLE-Trade,2003-5-22,0.195485
CSCO,76076,QMLE-Trade,2003-5-23,0.2066
CSCO,76076,QMLE-Trade,2003-5-27,0.248778
CSCO,76076,QMLE-Trade,2003-5-28,0.254466
CSCO,76076,QMLE-Trade,2003-5-29,0.374644
CSCO,76076,QMLE-Trade,2003-5-30,0.315909
CSCO,76076,QMLE-Trade,2003-6-2,0.275372
CSCO,76076,QMLE-Trade,2003-6-3,0.2763
CSCO,76076,QMLE-Trade,2003-6-4,0.240532
CSCO,76076,QMLE-Trade,2003-6-5,0.251485
CSCO,76076,QMLE-Trade,2003-6-6,0.364589
CSCO,76076,QMLE-Trade,2003-6-9,0.348772
CSCO,76076,QMLE-Trade,2003-6-10,0.259912
CSCO,76076,QMLE-Trade,2003-6-11,0.28656
CSCO,76076,QMLE-Trade,2003-6-12,0.253171
CSCO,76076,QMLE-Trade,2003-6-13,0.265197
CSCO,76076,QMLE-Trade,2003-6-16,0.22802
CSCO,76076,QMLE-Trade,2003-6-17,0.262176
CSCO,76076,QMLE-Trade,2003-6-18,0.255213
CSCO,76076,QMLE-Trade,2003-6-19,0.300384
CSCO,76076,QMLE-Trade,2003-6-20,0.343148
CSCO,76076,QMLE-Trade,2003-6-23,0.302163
CSCO,76076,QMLE-Trade,2003-6-24,0.322654
CSCO,76076,QMLE-Trade,2003-6-25,0.343909
CSCO,76076,QMLE-Trade,2003-6-26,0.284867
CSCO,76076,QMLE-Trade,2003-6-27,0.30065
CSCO,76076,QMLE-Trade,2003-6-30,0.235557
CSCO,76076,QMLE-Trade,2003-7-1,0.369202
CSCO,76076,QMLE-Trade,2003-7-2,0.22867
CSCO,76076,QMLE-Trade,2003-7-3,0.335426
CSCO,76076,QMLE-Trade,2003-7-7,0.229832
CSCO,76076,QMLE-Trade,2003-7-8,0.273082
CSCO,76076,QMLE-Trade,2003-7-9,0.338817
CSCO,76076,QMLE-Trade,2003-7-10,0.32825
CSCO,76076,QMLE-Trade,2003-7-11,0.290284
CSCO,76076,QMLE-Trade,2003-7-14,0.329274
CSCO,76076,QMLE-Trade,2003-7-15,0.393752
CSCO,76076,QMLE-Trade,2003-7-16,0.340317
CSCO,76076,QMLE-Trade,2003-7-17,0.328431
CSCO,76076,QMLE-Trade,2003-7-18,0.323272
CSCO,76076,QMLE-Trade,2003-7-21,0.353615
CSCO,76076,QMLE-Trade,2003-7-22,0.360329
CSCO,76076,QMLE-Trade,2003-7-23,0.365936
CSCO,76076,QMLE-Trade,2003-7-24,0.344434
CSCO,76076,QMLE-Trade,2003-7-25,0.365988
CSCO,76076,QMLE-Trade,2003-7-28,0.30809
CSCO,76076,QMLE-Trade,2003-7-29,0.390898
CSCO,76076,QMLE-Trade,2003-7-30,0.264874
CSCO,76076,QMLE-Trade,2003-7-31,0.270752
CSCO,76076,QMLE-Trade,2003-8-1,0.306314
CSCO,76076,QMLE-Trade,2003-8-4,0.287419
CSCO,76076,QMLE-Trade,2003-8-5,0.316752
CSCO,76076,QMLE-Trade,2003-8-6,0.353487
CSCO,76076,QMLE-Trade,2003-8-7,0.282685
CSCO,76076,QMLE-Trade,2003-8-8,0.212557
CSCO,76076,QMLE-Trade,2003-8-11,0.218549
CSCO,76076,QMLE-Trade,2003-8-12,0.211697
CSCO,76076,QMLE-Trade,2003-8-13,0.226684
CSCO,76076,QMLE-Trade,2003-8-14,0.227086
CSCO,76076,QMLE-Trade,2003-8-15,0.179372
CSCO,76076,QMLE-Trade,2003-8-18,0.206367
CSCO,76076,QMLE-Trade,2003-8-19,0.24143
CSCO,76076,QMLE-Trade,2003-8-20,0.260674
CSCO,76076,QMLE-Trade,2003-8-21,0.239109
CSCO,76076,QMLE-Trade,2003-8-22,0.27964
CSCO,76076,QMLE-Trade,2003-8-25,0.227942
CSCO,76076,QMLE-Trade,2003-8-26,0.284693
CSCO,76076,QMLE-Trade,2003-8-27,0.209898
CSCO,76076,QMLE-Trade,2003-8-28,0.207489
CSCO,76076,QMLE-Trade,2003-8-29,0.184254
CSCO,76076,QMLE-Trade,2003-9-2,0.240077
CSCO,76076,QMLE-Trade,2003-9-3,0.320887
CSCO,76076,QMLE-Trade,2003-9-4,0.239416
CSCO,76076,QMLE-Trade,2003-9-5,0.252432
CSCO,76076,QMLE-Trade,2003-9-8,0.207946
CSCO,76076,QMLE-Trade,2003-9-9,0.238476
CSCO,76076,QMLE-Trade,2003-9-10,0.251726
CSCO,76076,QMLE-Trade,2003-9-11,0.271407
CSCO,76076,QMLE-Trade,2003-9-12,0.298636
CSCO,76076,QMLE-Trade,2003-9-15,0.204778
CSCO,76076,QMLE-Trade,2003-9-16,0.256369
CSCO,76076,QMLE-Trade,2003-9-17,0.251632
CSCO,76076,QMLE-Trade,2003-9-18,0.247395
CSCO,76076,QMLE-Trade,2003-9-19,0.209874
CSCO,76076,QMLE-Trade,2003-9-22,0.241089
CSCO,76076,QMLE-Trade,2003-9-23,0.221828
CSCO,76076,QMLE-Trade,2003-9-24,0.314173
CSCO,76076,QMLE-Trade,2003-9-25,0.304848
CSCO,76076,QMLE-Trade,2003-9-26,0.382996
CSCO,76076,QMLE-Trade,2003-9-29,0.28174
CSCO,76076,QMLE-Trade,2003-9-30,0.34922
CSCO,76076,QMLE-Trade,2003-10-1,0.242949
CSCO,76076,QMLE-Trade,2003-10-2,0.22188
CSCO,76076,QMLE-Trade,2003-10-3,0.305205
CSCO,76076,QMLE-Trade,2003-10-6,0.214553
CSCO,76076,QMLE-Trade,2003-10-7,0.276538
CSCO,76076,QMLE-Trade,2003-10-8,0.244873
CSCO,76076,QMLE-Trade,2003-10-9,0.287545
CSCO,76076,QMLE-Trade,2003-10-10,0.241636
CSCO,76076,QMLE-Trade,2003-10-13,0.194678
CSCO,76076,QMLE-Trade,2003-10-14,0.186044
CSCO,76076,QMLE-Trade,2003-10-15,0.246163
CSCO,76076,QMLE-Trade,2003-10-16,0.207206
CSCO,76076,QMLE-Trade,2003-10-17,0.2184
CSCO,76076,QMLE-Trade,2003-10-20,0.189699
CSCO,76076,QMLE-Trade,2003-10-21,0.187397
CSCO,76076,QMLE-Trade,2003-10-22,0.182825
CSCO,76076,QMLE-Trade,2003-10-23,0.25702
CSCO,76076,QMLE-Trade,2003-10-24,0.297383
CSCO,76076,QMLE-Trade,2003-10-27,0.267862
CSCO,76076,QMLE-Trade,2003-10-28,0.276409
CSCO,76076,QMLE-Trade,2003-10-29,0.25933
CSCO,76076,QMLE-Trade,2003-10-30,0.25788
CSCO,76076,QMLE-Trade,2003-10-31,0.196536
CSCO,76076,QMLE-Trade,2003-11-3,0.213348
CSCO,76076,QMLE-Trade,2003-11-4,0.267418
CSCO,76076,QMLE-Trade,2003-11-5,0.2596
CSCO,76076,QMLE-Trade,2003-11-6,0.248135
CSCO,76076,QMLE-Trade,2003-11-7,0.212857
CSCO,76076,QMLE-Trade,2003-11-10,0.231604
CSCO,76076,QMLE-Trade,2003-11-11,0.220553
CSCO,76076,QMLE-Trade,2003-11-12,0.201743
CSCO,76076,QMLE-Trade,2003-11-13,0.237815
CSCO,76076,QMLE-Trade,2003-11-14,0.252111
CSCO,76076,QMLE-Trade,2003-11-17,0.246317
CSCO,76076,QMLE-Trade,2003-11-18,0.241514
CSCO,76076,QMLE-Trade,2003-11-19,0.270897
CSCO,76076,QMLE-Trade,2003-11-20,0.29795
CSCO,76076,QMLE-Trade,2003-11-21,0.242589
CSCO,76076,QMLE-Trade,2003-11-24,0.20271
CSCO,76076,QMLE-Trade,2003-11-25,0.231041
CSCO,76076,QMLE-Trade,2003-11-26,0.231637
CSCO,76076,QMLE-Trade,2003-11-28,0.169315
CSCO,76076,QMLE-Trade,2003-12-1,0.145404
CSCO,76076,QMLE-Trade,2003-12-2,0.159165
CSCO,76076,QMLE-Trade,2003-12-3,0.243957
CSCO,76076,QMLE-Trade,2003-12-4,0.203179
CSCO,76076,QMLE-Trade,2003-12-5,0.192318
CSCO,76076,QMLE-Trade,2003-12-8,0.186386
CSCO,76076,QMLE-Trade,2003-12-9,0.258616
CSCO,76076,QMLE-Trade,2003-12-10,0.350279
CSCO,76076,QMLE-Trade,2003-12-11,0.305598
CSCO,76076,QMLE-Trade,2003-12-12,0.203021
CSCO,76076,QMLE-Trade,2003-12-15,0.248566
CSCO,76076,QMLE-Trade,2003-12-16,0.266056
CSCO,76076,QMLE-Trade,2003-12-17,0.236705
CSCO,76076,QMLE-Trade,2003-12-18,0.2155
CSCO,76076,QMLE-Trade,2003-12-19,0.229106
CSCO,76076,QMLE-Trade,2003-12-22,0.164908
CSCO,76076,QMLE-Trade,2003-12-23,0.153683
CSCO,76076,QMLE-Trade,2003-12-24,0.114087
CSCO,76076,QMLE-Trade,2003-12-26,0.115568
CSCO,76076,QMLE-Trade,2003-12-29,0.149407
CSCO,76076,QMLE-Trade,2003-12-30,0.17346
CSCO,76076,QMLE-Trade,2003-12-31,0.148915
CSCO,76076,QMLE-Trade,2004-1-2,0.178672
CSCO,76076,QMLE-Trade,2004-1-5,0.181567
CSCO,76076,QMLE-Trade,2004-1-6,0.167336
CSCO,76076,QMLE-Trade,2004-1-7,0.218028
CSCO,76076,QMLE-Trade,2004-1-8,0.224804
CSCO,76076,QMLE-Trade,2004-1-9,0.306198
CSCO,76076,QMLE-Trade,2004-1-12,0.223024
CSCO,76076,QMLE-Trade,2004-1-13,0.270279
CSCO,76076,QMLE-Trade,2004-1-14,0.228553
CSCO,76076,QMLE-Trade,2004-1-15,0.289961
CSCO,76076,QMLE-Trade,2004-1-16,0.371248
CSCO,76076,QMLE-Trade,2004-1-20,0.293842
CSCO,76076,QMLE-Trade,2004-1-21,0.297305
CSCO,76076,QMLE-Trade,2004-1-22,0.29672
CSCO,76076,QMLE-Trade,2004-1-23,0.352926
CSCO,76076,QMLE-Trade,2004-1-26,0.240104
CSCO,76076,QMLE-Trade,2004-1-27,0.274952
CSCO,76076,QMLE-Trade,2004-1-28,0.350719
CSCO,76076,QMLE-Trade,2004-1-29,0.437824
CSCO,76076,QMLE-Trade,2004-1-30,0.338949
CSCO,76076,QMLE-Trade,2004-2-2,0.353579
CSCO,76076,QMLE-Trade,2004-2-3,0.296565
CSCO,76076,QMLE-Trade,2004-2-4,0.336525
CSCO,76076,QMLE-Trade,2004-2-5,0.305873
CSCO,76076,QMLE-Trade,2004-2-6,0.261078
CSCO,76076,QMLE-Trade,2004-2-9,0.258431
CSCO,76076,QMLE-Trade,2004-2-10,0.211468
CSCO,76076,QMLE-Trade,2004-2-11,0.281234
CSCO,76076,QMLE-Trade,2004-2-12,0.208092
CSCO,76076,QMLE-Trade,2004-2-13,0.231662
CSCO,76076,QMLE-Trade,2004-2-17,0.175421
CSCO,76076,QMLE-Trade,2004-2-18,0.148822
CSCO,76076,QMLE-Trade,2004-2-19,0.189157
CSCO,76076,QMLE-Trade,2004-2-20,0.324111
CSCO,76076,QMLE-Trade,2004-2-23,0.2961
CSCO,76076,QMLE-Trade,2004-2-24,0.360514
CSCO,76076,QMLE-Trade,2004-2-25,0.262537
CSCO,76076,QMLE-Trade,2004-2-26,0.25636
CSCO,76076,QMLE-Trade,2004-2-27,0.305529
CSCO,76076,QMLE-Trade,2004-3-1,0.213118
CSCO,76076,QMLE-Trade,2004-3-2,0.256047
CSCO,76076,QMLE-Trade,2004-3-3,0.24978
CSCO,76076,QMLE-Trade,2004-3-4,0.181901
CSCO,76076,QMLE-Trade,2004-3-5,0.337563
CSCO,76076,QMLE-Trade,2004-3-8,0.289335
CSCO,76076,QMLE-Trade,2004-3-9,0.308441
CSCO,76076,QMLE-Trade,2004-3-10,0.308973
CSCO,76076,QMLE-Trade,2004-3-11,0.326531
CSCO,76076,QMLE-Trade,2004-3-12,0.304898
CSCO,76076,QMLE-Trade,2004-3-15,0.346464
CSCO,76076,QMLE-Trade,2004-3-16,0.32044
CSCO,76076,QMLE-Trade,2004-3-17,0.189297
CSCO,76076,QMLE-Trade,2004-3-18,0.273473
CSCO,76076,QMLE-Trade,2004-3-19,0.255688
CSCO,76076,QMLE-Trade,2004-3-22,0.279562
CSCO,76076,QMLE-Trade,2004-3-23,0.271566
CSCO,76076,QMLE-Trade,2004-3-24,0.317631
CSCO,76076,QMLE-Trade,2004-3-25,0.233947
CSCO,76076,QMLE-Trade,2004-3-26,0.215517
CSCO,76076,QMLE-Trade,2004-3-29,0.183525
CSCO,76076,QMLE-Trade,2004-3-30,0.197422
CSCO,76076,QMLE-Trade,2004-3-31,0.23222
CSCO,76076,QMLE-Trade,2004-4-1,0.223547
CSCO,76076,QMLE-Trade,2004-4-2,0.197628
CSCO,76076,QMLE-Trade,2004-4-5,0.164401
CSCO,76076,QMLE-Trade,2004-4-6,0.176584
CSCO,76076,QMLE-Trade,2004-4-7,0.218779
CSCO,76076,QMLE-Trade,2004-4-8,0.222126
CSCO,76076,QMLE-Trade,2004-4-12,0.16506
CSCO,76076,QMLE-Trade,2004-4-13,0.246572
CSCO,76076,QMLE-Trade,2004-4-14,0.253276
CSCO,76076,QMLE-Trade,2004-4-15,0.335005
CSCO,76076,QMLE-Trade,2004-4-16,0.326374
CSCO,76076,QMLE-Trade,2004-4-19,0.226706
CSCO,76076,QMLE-Trade,2004-4-20,0.29356
CSCO,76076,QMLE-Trade,2004-4-21,0.328333
CSCO,76076,QMLE-Trade,2004-4-22,0.364654
CSCO,76076,QMLE-Trade,2004-4-23,0.38948
CSCO,76076,QMLE-Trade,2004-4-26,0.243253
CSCO,76076,QMLE-Trade,2004-4-27,0.293523
CSCO,76076,QMLE-Trade,2004-4-28,0.324302
CSCO,76076,QMLE-Trade,2004-4-29,0.367963
CSCO,76076,QMLE-Trade,2004-4-30,0.422474
CSCO,76076,QMLE-Trade,2004-5-3,0.314837
CSCO,76076,QMLE-Trade,2004-5-4,0.366481
CSCO,76076,QMLE-Trade,2004-5-5,0.310145
CSCO,76076,QMLE-Trade,2004-5-6,0.328957
CSCO,76076,QMLE-Trade,2004-5-7,0.359483
CSCO,76076,QMLE-Trade,2004-5-10,0.34524
CSCO,76076,QMLE-Trade,2004-5-11,0.276151
CSCO,76076,QMLE-Trade,2004-5-12,0.397922
CSCO,76076,QMLE-Trade,2004-5-13,0.306998
CSCO,76076,QMLE-Trade,2004-5-14,0.304021
CSCO,76076,QMLE-Trade,2004-5-17,0.283347
CSCO,76076,QMLE-Trade,2004-5-18,0.182194
CSCO,76076,QMLE-Trade,2004-5-19,0.268527
CSCO,76076,QMLE-Trade,2004-5-20,0.270384
CSCO,76076,QMLE-Trade,2004-5-21,0.215556
CSCO,76076,QMLE-Trade,2004-5-24,0.246165
CSCO,76076,QMLE-Trade,2004-5-25,0.255134
CSCO,76076,QMLE-Trade,2004-5-26,0.188108
CSCO,76076,QMLE-Trade,2004-5-27,0.171899
CSCO,76076,QMLE-Trade,2004-5-28,0.169779
CSCO,76076,QMLE-Trade,2004-6-1,0.181534
CSCO,76076,QMLE-Trade,2004-6-2,0.212241
CSCO,76076,QMLE-Trade,2004-6-3,0.210768
CSCO,76076,QMLE-Trade,2004-6-4,0.231742
CSCO,76076,QMLE-Trade,2004-6-7,0.219617
CSCO,76076,QMLE-Trade,2004-6-8,0.1813
CSCO,76076,QMLE-Trade,2004-6-9,0.166207
CSCO,76076,QMLE-Trade,2004-6-10,0.141313
CSCO,76076,QMLE-Trade,2004-6-14,0.194222
CSCO,76076,QMLE-Trade,2004-6-15,0.196644
CSCO,76076,QMLE-Trade,2004-6-16,0.155556
CSCO,76076,QMLE-Trade,2004-6-17,0.195009
CSCO,76076,QMLE-Trade,2004-6-18,0.207582
CSCO,76076,QMLE-Trade,2004-6-21,0.221021
CSCO,76076,QMLE-Trade,2004-6-22,0.281764
CSCO,76076,QMLE-Trade,2004-6-23,0.239713
CSCO,76076,QMLE-Trade,2004-6-24,0.254617
CSCO,76076,QMLE-Trade,2004-6-25,0.22867
CSCO,76076,QMLE-Trade,2004-6-28,0.237915
CSCO,76076,QMLE-Trade,2004-6-29,0.221352
CSCO,76076,QMLE-Trade,2004-6-30,0.221487
CSCO,76076,QMLE-Trade,2004-7-1,0.303514
CSCO,76076,QMLE-Trade,2004-7-2,0.282948
CSCO,76076,QMLE-Trade,2004-7-6,0.24558
CSCO,76076,QMLE-Trade,2004-7-7,0.232497
CSCO,76076,QMLE-Trade,2004-7-8,0.302227
CSCO,76076,QMLE-Trade,2004-7-9,0.2374
CSCO,76076,QMLE-Trade,2004-7-12,0.208885
CSCO,76076,QMLE-Trade,2004-7-13,0.208385
CSCO,76076,QMLE-Trade,2004-7-14,0.274007
CSCO,76076,QMLE-Trade,2004-7-15,0.303603
CSCO,76076,QMLE-Trade,2004-7-16,0.263824
CSCO,76076,QMLE-Trade,2004-7-19,0.330717
CSCO,76076,QMLE-Trade,2004-7-20,0.245513
CSCO,76076,QMLE-Trade,2004-7-21,0.348127
CSCO,76076,QMLE-Trade,2004-7-22,0.363466
CSCO,76076,QMLE-Trade,2004-7-23,0.315875
CSCO,76076,QMLE-Trade,2004-7-26,0.346886
CSCO,76076,QMLE-Trade,2004-7-27,0.334407
CSCO,76076,QMLE-Trade,2004-7-28,0.314026
CSCO,76076,QMLE-Trade,2004-7-29,0.290725
CSCO,76076,QMLE-Trade,2004-7-30,0.266061
CSCO,76076,QMLE-Trade,2004-8-2,0.308238
CSCO,76076,QMLE-Trade,2004-8-3,0.222354
CSCO,76076,QMLE-Trade,2004-8-4,0.330106
CSCO,76076,QMLE-Trade,2004-8-5,0.269217
CSCO,76076,QMLE-Trade,2004-8-6,0.341685
CSCO,76076,QMLE-Trade,2004-8-9,0.259642
CSCO,76076,QMLE-Trade,2004-8-10,0.248313
CSCO,76076,QMLE-Trade,2004-8-11,0.297733
CSCO,76076,QMLE-Trade,2004-8-12,0.398905
CSCO,76076,QMLE-Trade,2004-8-13,0.28894
CSCO,76076,QMLE-Trade,2004-8-16,0.269848
CSCO,76076,QMLE-Trade,2004-8-17,0.199471
CSCO,76076,QMLE-Trade,2004-8-18,0.277156
CSCO,76076,QMLE-Trade,2004-8-19,0.255553
CSCO,76076,QMLE-Trade,2004-8-20,0.209642
CSCO,76076,QMLE-Trade,2004-8-23,0.238287
CSCO,76076,QMLE-Trade,2004-8-24,0.223163
CSCO,76076,QMLE-Trade,2004-8-25,0.204199
CSCO,76076,QMLE-Trade,2004-8-26,0.202149
CSCO,76076,QMLE-Trade,2004-8-27,0.201753
CSCO,76076,QMLE-Trade,2004-8-30,0.163561
CSCO,76076,QMLE-Trade,2004-8-31,0.306665
CSCO,76076,QMLE-Trade,2004-9-1,0.276258
CSCO,76076,QMLE-Trade,2004-9-2,0.217913
CSCO,76076,QMLE-Trade,2004-9-3,0.276005
CSCO,76076,QMLE-Trade,2004-9-7,0.204694
CSCO,76076,QMLE-Trade,2004-9-8,0.296308
CSCO,76076,QMLE-Trade,2004-9-9,0.220403
CSCO,76076,QMLE-Trade,2004-9-10,0.189371
CSCO,76076,QMLE-Trade,2004-9-13,0.234216
CSCO,76076,QMLE-Trade,2004-9-14,0.250941
CSCO,76076,QMLE-Trade,2004-9-15,0.190101
CSCO,76076,QMLE-Trade,2004-9-16,0.185506
CSCO,76076,QMLE-Trade,2004-9-17,0.203602
CSCO,76076,QMLE-Trade,2004-9-20,0.292029
CSCO,76076,QMLE-Trade,2004-9-21,0.216203
CSCO,76076,QMLE-Trade,2004-9-22,0.201074
CSCO,76076,QMLE-Trade,2004-9-23,0.219911
CSCO,76076,QMLE-Trade,2004-9-24,0.281031
CSCO,76076,QMLE-Trade,2004-9-27,0.213905
CSCO,76076,QMLE-Trade,2004-9-28,0.221815
CSCO,76076,QMLE-Trade,2004-9-29,0.219651
CSCO,76076,QMLE-Trade,2004-9-30,0.212755
CSCO,76076,QMLE-Trade,2004-10-1,0.247343
CSCO,76076,QMLE-Trade,2004-10-4,0.226126
CSCO,76076,QMLE-Trade,2004-10-5,0.182862
CSCO,76076,QMLE-Trade,2004-10-6,0.225891
CSCO,76076,QMLE-Trade,2004-10-7,0.285971
CSCO,76076,QMLE-Trade,2004-10-8,0.242677
CSCO,76076,QMLE-Trade,2004-10-11,0.164886
CSCO,76076,QMLE-Trade,2004-10-12,0.258949
CSCO,76076,QMLE-Trade,2004-10-13,0.28919
CSCO,76076,QMLE-Trade,2004-10-14,0.272436
CSCO,76076,QMLE-Trade,2004-10-15,0.293558
CSCO,76076,QMLE-Trade,2004-10-18,0.259846
CSCO,76076,QMLE-Trade,2004-10-19,0.281631
CSCO,76076,QMLE-Trade,2004-10-20,0.252461
CSCO,76076,QMLE-Trade,2004-10-21,0.256968
CSCO,76076,QMLE-Trade,2004-10-22,0.252151
CSCO,76076,QMLE-Trade,2004-10-25,0.238751
CSCO,76076,QMLE-Trade,2004-10-26,0.229522
CSCO,76076,QMLE-Trade,2004-10-27,0.316092
CSCO,76076,QMLE-Trade,2004-10-28,0.319125
CSCO,76076,QMLE-Trade,2004-10-29,0.233659
CSCO,76076,QMLE-Trade,2004-11-1,0.252181
CSCO,76076,QMLE-Trade,2004-11-2,0.219633
CSCO,76076,QMLE-Trade,2004-11-3,0.286224
CSCO,76076,QMLE-Trade,2004-11-4,0.258397
CSCO,76076,QMLE-Trade,2004-11-5,0.208608
CSCO,76076,QMLE-Trade,2004-11-8,0.182716
CSCO,76076,QMLE-Trade,2004-11-9,0.183422
CSCO,76076,QMLE-Trade,2004-11-10,0.274331
CSCO,76076,QMLE-Trade,2004-11-11,0.193923
CSCO,76076,QMLE-Trade,2004-11-12,0.168229
CSCO,76076,QMLE-Trade,2004-11-15,0.24399
CSCO,76076,QMLE-Trade,2004-11-16,0.181354
CSCO,76076,QMLE-Trade,2004-11-17,0.247375
CSCO,76076,QMLE-Trade,2004-11-18,0.219776
CSCO,76076,QMLE-Trade,2004-11-19,0.186984
CSCO,76076,QMLE-Trade,2004-11-22,0.213746
CSCO,76076,QMLE-Trade,2004-11-23,0.16284
CSCO,76076,QMLE-Trade,2004-11-24,0.159883
CSCO,76076,QMLE-Trade,2004-11-26,0.172402
CSCO,76076,QMLE-Trade,2004-11-29,0.20169
CSCO,76076,QMLE-Trade,2004-11-30,0.257589
CSCO,76076,QMLE-Trade,2004-12-1,0.20257
CSCO,76076,QMLE-Trade,2004-12-2,0.220974
CSCO,76076,QMLE-Trade,2004-12-3,0.228705
CSCO,76076,QMLE-Trade,2004-12-6,0.185011
CSCO,76076,QMLE-Trade,2004-12-7,0.288842
CSCO,76076,QMLE-Trade,2004-12-8,0.234396
CSCO,76076,QMLE-Trade,2004-12-9,0.266358
CSCO,76076,QMLE-Trade,2004-12-10,0.216897
CSCO,76076,QMLE-Trade,2004-12-13,0.187587
CSCO,76076,QMLE-Trade,2004-12-14,0.196346
CSCO,76076,QMLE-Trade,2004-12-15,0.199387
CSCO,76076,QMLE-Trade,2004-12-16,0.218707
CSCO,76076,QMLE-Trade,2004-12-17,0.247368
CSCO,76076,QMLE-Trade,2004-12-20,0.199693
CSCO,76076,QMLE-Trade,2004-12-21,0.214713
CSCO,76076,QMLE-Trade,2004-12-22,0.215368
CSCO,76076,QMLE-Trade,2004-12-23,0.176615
CSCO,76076,QMLE-Trade,2004-12-27,0.166529
CSCO,76076,QMLE-Trade,2004-12-28,0.150198
CSCO,76076,QMLE-Trade,2004-12-29,0.122862
CSCO,76076,QMLE-Trade,2004-12-30,0.109648
CSCO,76076,QMLE-Trade,2004-12-31,0.102645
CSCO,76076,QMLE-Trade,2005-1-3,0.238482
CSCO,76076,QMLE-Trade,2005-1-4,0.298542
CSCO,76076,QMLE-Trade,2005-1-5,0.304849
CSCO,76076,QMLE-Trade,2005-1-6,0.231599
CSCO,76076,QMLE-Trade,2005-1-7,0.226786
CSCO,76076,QMLE-Trade,2005-1-10,0.183263
CSCO,76076,QMLE-Trade,2005-1-11,0.194493
CSCO,76076,QMLE-Trade,2005-1-12,0.23856
CSCO,76076,QMLE-Trade,2005-1-13,0.180364
CSCO,76076,QMLE-Trade,2005-1-14,0.1686
CSCO,76076,QMLE-Trade,2005-1-18,0.14788
CSCO,76076,QMLE-Trade,2005-1-19,0.206408
CSCO,76076,QMLE-Trade,2005-1-20,0.276641
CSCO,76076,QMLE-Trade,2005-1-21,0.205849
CSCO,76076,QMLE-Trade,2005-1-24,0.29039
CSCO,76076,QMLE-Trade,2005-1-25,0.22576
CSCO,76076,QMLE-Trade,2005-1-26,0.256812
CSCO,76076,QMLE-Trade,2005-1-27,0.262957
CSCO,76076,QMLE-Trade,2005-1-28,0.296405
CSCO,76076,QMLE-Trade,2005-1-31,0.194361
CSCO,76076,QMLE-Trade,2005-2-1,0.171141
CSCO,76076,QMLE-Trade,2005-2-2,0.163222
CSCO,76076,QMLE-Trade,2005-2-3,0.228833
CSCO,76076,QMLE-Trade,2005-2-4,0.186955
CSCO,76076,QMLE-Trade,2005-2-7,0.152266
CSCO,76076,QMLE-Trade,2005-2-8,0.203508
CSCO,76076,QMLE-Trade,2005-2-9,0.298401
CSCO,76076,QMLE-Trade,2005-2-10,0.20776
CSCO,76076,QMLE-Trade,2005-2-11,0.242563
CSCO,76076,QMLE-Trade,2005-2-14,0.20203
CSCO,76076,QMLE-Trade,2005-2-15,0.215285
CSCO,76076,QMLE-Trade,2005-2-16,0.183126
CSCO,76076,QMLE-Trade,2005-2-17,0.1404
CSCO,76076,QMLE-Trade,2005-2-18,0.18461
CSCO,76076,QMLE-Trade,2005-2-22,0.214593
CSCO,76076,QMLE-Trade,2005-2-23,0.202665
CSCO,76076,QMLE-Trade,2005-2-24,0.163225
CSCO,76076,QMLE-Trade,2005-2-25,0.138264
CSCO,76076,QMLE-Trade,2005-2-28,0.192264
CSCO,76076,QMLE-Trade,2005-3-1,0.207761
CSCO,76076,QMLE-Trade,2005-3-2,0.206138
CSCO,76076,QMLE-Trade,2005-3-3,0.168443
CSCO,76076,QMLE-Trade,2005-3-4,0.138419
CSCO,76076,QMLE-Trade,2005-3-7,0.201738
CSCO,76076,QMLE-Trade,2005-3-8,0.232344
CSCO,76076,QMLE-Trade,2005-3-9,0.224971
CSCO,76076,QMLE-Trade,2005-3-10,0.218624
CSCO,76076,QMLE-Trade,2005-3-11,0.216169
CSCO,76076,QMLE-Trade,2005-3-14,0.145999
CSCO,76076,QMLE-Trade,2005-3-15,0.220619
CSCO,76076,QMLE-Trade,2005-3-16,0.206695
CSCO,76076,QMLE-Trade,2005-3-17,0.211961
CSCO,76076,QMLE-Trade,2005-3-18,0.203751
CSCO,76076,QMLE-Trade,2005-3-21,0.199603
CSCO,76076,QMLE-Trade,2005-3-22,0.221117
CSCO,76076,QMLE-Trade,2005-3-23,0.221007
CSCO,76076,QMLE-Trade,2005-3-24,0.193101
CSCO,76076,QMLE-Trade,2005-3-28,0.189821
CSCO,76076,QMLE-Trade,2005-3-29,0.178528
CSCO,76076,QMLE-Trade,2005-3-30,0.163075
CSCO,76076,QMLE-Trade,2005-3-31,0.175096
CSCO,76076,QMLE-Trade,2005-4-1,0.210533
CSCO,76076,QMLE-Trade,2005-4-4,0.195125
CSCO,76076,QMLE-Trade,2005-4-5,0.194407
CSCO,76076,QMLE-Trade,2005-4-6,0.211798
CSCO,76076,QMLE-Trade,2005-4-7,0.201001
CSCO,76076,QMLE-Trade,2005-4-8,0.169112
CSCO,76076,QMLE-Trade,2005-4-11,0.175827
CSCO,76076,QMLE-Trade,2005-4-12,0.352852
CSCO,76076,QMLE-Trade,2005-4-13,0.22243
CSCO,76076,QMLE-Trade,2005-4-14,0.242981
CSCO,76076,QMLE-Trade,2005-4-15,0.277047
CSCO,76076,QMLE-Trade,2005-4-18,0.259546
CSCO,76076,QMLE-Trade,2005-4-19,0.196817
CSCO,76076,QMLE-Trade,2005-4-20,0.24224
CSCO,76076,QMLE-Trade,2005-4-21,0.17887
CSCO,76076,QMLE-Trade,2005-4-22,0.221966
CSCO,76076,QMLE-Trade,2005-4-25,0.170575
CSCO,76076,QMLE-Trade,2005-4-26,0.223929
CSCO,76076,QMLE-Trade,2005-4-27,0.214508
CSCO,76076,QMLE-Trade,2005-4-28,0.191427
CSCO,76076,QMLE-Trade,2005-4-29,0.185129
CSCO,76076,QMLE-Trade,2005-5-2,0.135834
CSCO,76076,QMLE-Trade,2005-5-3,0.198793
CSCO,76076,QMLE-Trade,2005-5-4,0.179061
CSCO,76076,QMLE-Trade,2005-5-5,0.26167
CSCO,76076,QMLE-Trade,2005-5-6,0.161935
CSCO,76076,QMLE-Trade,2005-5-9,0.13931
CSCO,76076,QMLE-Trade,2005-5-10,0.180676
CSCO,76076,QMLE-Trade,2005-5-11,0.24465
CSCO,76076,QMLE-Trade,2005-5-12,0.205523
CSCO,76076,QMLE-Trade,2005-5-13,0.254201
CSCO,76076,QMLE-Trade,2005-5-16,0.198242
CSCO,76076,QMLE-Trade,2005-5-17,0.17215
CSCO,76076,QMLE-Trade,2005-5-18,0.15879
CSCO,76076,QMLE-Trade,2005-5-19,0.155919
CSCO,76076,QMLE-Trade,2005-5-20,0.115373
CSCO,76076,QMLE-Trade,2005-5-23,0.150267
CSCO,76076,QMLE-Trade,2005-5-24,0.2049
CSCO,76076,QMLE-Trade,2005-5-25,0.179751
CSCO,76076,QMLE-Trade,2005-5-26,0.138438
CSCO,76076,QMLE-Trade,2005-5-27,0.108268
CSCO,76076,QMLE-Trade,2005-5-31,0.180944
CSCO,76076,QMLE-Trade,2005-6-1,0.202687
CSCO,76076,QMLE-Trade,2005-6-2,0.161089
CSCO,76076,QMLE-Trade,2005-6-3,0.178602
CSCO,76076,QMLE-Trade,2005-6-6,0.161888
CSCO,76076,QMLE-Trade,2005-6-7,0.233589
CSCO,76076,QMLE-Trade,2005-6-8,0.20161
CSCO,76076,QMLE-Trade,2005-6-9,0.222189
CSCO,76076,QMLE-Trade,2005-6-10,0.182579
CSCO,76076,QMLE-Trade,2005-6-13,0.164153
CSCO,76076,QMLE-Trade,2005-6-14,0.165814
CSCO,76076,QMLE-Trade,2005-6-15,0.17487
CSCO,76076,QMLE-Trade,2005-6-16,0.154844
CSCO,76076,QMLE-Trade,2005-6-17,0.223988
CSCO,76076,QMLE-Trade,2005-6-20,0.159161
CSCO,76076,QMLE-Trade,2005-6-21,0.21498
CSCO,76076,QMLE-Trade,2005-6-22,0.169724
CSCO,76076,QMLE-Trade,2005-6-23,0.223052
CSCO,76076,QMLE-Trade,2005-6-24,0.220976
CSCO,76076,QMLE-Trade,2005-6-27,0.199494
CSCO,76076,QMLE-Trade,2005-6-28,0.155224
CSCO,76076,QMLE-Trade,2005-6-29,0.214414
CSCO,76076,QMLE-Trade,2005-6-30,0.217456
CSCO,76076,QMLE-Trade,2005-7-1,0.148144
CSCO,76076,QMLE-Trade,2005-7-5,0.199071
CSCO,76076,QMLE-Trade,2005-7-6,0.208448
CSCO,76076,QMLE-Trade,2005-7-7,0.246359
CSCO,76076,QMLE-Trade,2005-7-8,0.17549
CSCO,76076,QMLE-Trade,2005-7-11,0.18185
CSCO,76076,QMLE-Trade,2005-7-12,0.200421
CSCO,76076,QMLE-Trade,2005-7-13,0.161897
CSCO,76076,QMLE-Trade,2005-7-14,0.19282
CSCO,76076,QMLE-Trade,2005-7-15,0.140575
CSCO,76076,QMLE-Trade,2005-7-18,0.137526
CSCO,76076,QMLE-Trade,2005-7-19,0.168249
CSCO,76076,QMLE-Trade,2005-7-20,0.235757
CSCO,76076,QMLE-Trade,2005-7-21,0.222389
CSCO,76076,QMLE-Trade,2005-7-22,0.170997
CSCO,76076,QMLE-Trade,2005-7-25,0.190297
CSCO,76076,QMLE-Trade,2005-7-26,0.170759
CSCO,76076,QMLE-Trade,2005-7-27,0.17612
CSCO,76076,QMLE-Trade,2005-7-28,0.167461
CSCO,76076,QMLE-Trade,2005-7-29,0.170803
CSCO,76076,QMLE-Trade,2005-8-1,0.145278
CSCO,76076,QMLE-Trade,2005-8-2,0.166231
CSCO,76076,QMLE-Trade,2005-8-3,0.193181
CSCO,76076,QMLE-Trade,2005-8-4,0.1883
CSCO,76076,QMLE-Trade,2005-8-5,0.15779
CSCO,76076,QMLE-Trade,2005-8-8,0.155525
CSCO,76076,QMLE-Trade,2005-8-9,0.172629
CSCO,76076,QMLE-Trade,2005-8-10,0.226489
CSCO,76076,QMLE-Trade,2005-8-11,0.270909
CSCO,76076,QMLE-Trade,2005-8-12,0.159568
CSCO,76076,QMLE-Trade,2005-8-15,0.170331
CSCO,76076,QMLE-Trade,2005-8-16,0.153684
CSCO,76076,QMLE-Trade,2005-8-17,0.172831
CSCO,76076,QMLE-Trade,2005-8-18,0.155897
CSCO,76076,QMLE-Trade,2005-8-19,0.117868
CSCO,76076,QMLE-Trade,2005-8-22,0.142594
CSCO,76076,QMLE-Trade,2005-8-23,0.1444
CSCO,76076,QMLE-Trade,2005-8-24,0.137455
CSCO,76076,QMLE-Trade,2005-8-25,0.116003
CSCO,76076,QMLE-Trade,2005-8-26,0.129829
CSCO,76076,QMLE-Trade,2005-8-29,0.179739
CSCO,76076,QMLE-Trade,2005-8-30,0.163868
CSCO,76076,QMLE-Trade,2005-8-31,0.167441
CSCO,76076,QMLE-Trade,2005-9-1,0.227641
CSCO,76076,QMLE-Trade,2005-9-2,0.177031
CSCO,76076,QMLE-Trade,2005-9-6,0.133164
CSCO,76076,QMLE-Trade,2005-9-7,0.171693
CSCO,76076,QMLE-Trade,2005-9-8,0.135575
CSCO,76076,QMLE-Trade,2005-9-9,0.150933
CSCO,76076,QMLE-Trade,2005-9-12,0.154229
CSCO,76076,QMLE-Trade,2005-9-13,0.141658
CSCO,76076,QMLE-Trade,2005-9-14,0.181011
CSCO,76076,QMLE-Trade,2005-9-15,0.16204
CSCO,76076,QMLE-Trade,2005-9-16,0.185937
CSCO,76076,QMLE-Trade,2005-9-19,0.15108
CSCO,76076,QMLE-Trade,2005-9-20,0.234835
CSCO,76076,QMLE-Trade,2005-9-21,0.178789
CSCO,76076,QMLE-Trade,2005-9-22,0.179895
CSCO,76076,QMLE-Trade,2005-9-23,0.163778
CSCO,76076,QMLE-Trade,2005-9-26,0.16596
CSCO,76076,QMLE-Trade,2005-9-27,0.168633
CSCO,76076,QMLE-Trade,2005-9-28,0.169734
CSCO,76076,QMLE-Trade,2005-9-29,0.204902
CSCO,76076,QMLE-Trade,2005-9-30,0.154509
CSCO,76076,QMLE-Trade,2005-10-3,0.161162
CSCO,76076,QMLE-Trade,2005-10-4,0.160694
CSCO,76076,QMLE-Trade,2005-10-5,0.205511
CSCO,76076,QMLE-Trade,2005-10-6,0.210102
CSCO,76076,QMLE-Trade,2005-10-7,0.16282
CSCO,76076,QMLE-Trade,2005-10-10,0.22508
CSCO,76076,QMLE-Trade,2005-10-11,0.204074
CSCO,76076,QMLE-Trade,2005-10-12,0.242933
CSCO,76076,QMLE-Trade,2005-10-13,0.228076
CSCO,76076,QMLE-Trade,2005-10-14,0.164984
CSCO,76076,QMLE-Trade,2005-10-17,0.135974
CSCO,76076,QMLE-Trade,2005-10-18,0.152178
CSCO,76076,QMLE-Trade,2005-10-19,0.197849
CSCO,76076,QMLE-Trade,2005-10-20,0.185612
CSCO,76076,QMLE-Trade,2005-10-21,0.178686
CSCO,76076,QMLE-Trade,2005-10-24,0.190793
CSCO,76076,QMLE-Trade,2005-10-25,0.189713
CSCO,76076,QMLE-Trade,2005-10-26,0.162033
CSCO,76076,QMLE-Trade,2005-10-27,0.168688
CSCO,76076,QMLE-Trade,2005-10-28,0.154986
CSCO,76076,QMLE-Trade,2005-10-31,0.192244
CSCO,76076,QMLE-Trade,2005-11-1,0.188241
CSCO,76076,QMLE-Trade,2005-11-2,0.187194
CSCO,76076,QMLE-Trade,2005-11-3,0.17621
CSCO,76076,QMLE-Trade,2005-11-4,0.218484
CSCO,76076,QMLE-Trade,2005-11-7,0.175438
CSCO,76076,QMLE-Trade,2005-11-8,0.119089
CSCO,76076,QMLE-Trade,2005-11-9,0.155674
CSCO,76076,QMLE-Trade,2005-11-10,0.200174
CSCO,76076,QMLE-Trade,2005-11-11,0.172749
CSCO,76076,QMLE-Trade,2005-11-14,0.143662
CSCO,76076,QMLE-Trade,2005-11-15,0.149069
CSCO,76076,QMLE-Trade,2005-11-16,0.129729
CSCO,76076,QMLE-Trade,2005-11-17,0.129266
CSCO,76076,QMLE-Trade,2005-11-18,0.196015
CSCO,76076,QMLE-Trade,2005-11-21,0.0787996
CSCO,76076,QMLE-Trade,2005-11-22,0.203806
CSCO,76076,QMLE-Trade,2005-11-23,0.152316
CSCO,76076,QMLE-Trade,2005-11-25,0.176939
CSCO,76076,QMLE-Trade,2005-11-28,0.135743
CSCO,76076,QMLE-Trade,2005-11-29,0.201712
CSCO,76076,QMLE-Trade,2005-11-30,0.202015
CSCO,76076,QMLE-Trade,2005-12-1,0.129438
CSCO,76076,QMLE-Trade,2005-12-2,0.124853
CSCO,76076,QMLE-Trade,2005-12-5,0.159104
CSCO,76076,QMLE-Trade,2005-12-6,0.1462
CSCO,76076,QMLE-Trade,2005-12-7,0.205513
CSCO,76076,QMLE-Trade,2005-12-8,0.167217
CSCO,76076,QMLE-Trade,2005-12-9,0.132659
CSCO,76076,QMLE-Trade,2005-12-12,0.146602
CSCO,76076,QMLE-Trade,2005-12-13,0.150065
CSCO,76076,QMLE-Trade,2005-12-14,0.147257
CSCO,76076,QMLE-Trade,2005-12-15,0.154072
CSCO,76076,QMLE-Trade,2005-12-16,0.144641
CSCO,76076,QMLE-Trade,2005-12-19,0.140757
CSCO,76076,QMLE-Trade,2005-12-20,0.139065
CSCO,76076,QMLE-Trade,2005-12-21,0.146063
CSCO,76076,QMLE-Trade,2005-12-22,0.112601
CSCO,76076,QMLE-Trade,2005-12-23,0.0898567
CSCO,76076,QMLE-Trade,2005-12-27,0.109808
CSCO,76076,QMLE-Trade,2005-12-28,0.145271
CSCO,76076,QMLE-Trade,2005-12-29,0.119459
CSCO,76076,QMLE-Trade,2005-12-30,0.10501
CSCO,76076,QMLE-Trade,2006-1-3,0.163711
CSCO,76076,QMLE-Trade,2006-1-4,0.190698
CSCO,76076,QMLE-Trade,2006-1-5,0.256851
CSCO,76076,QMLE-Trade,2006-1-6,0.268328
CSCO,76076,QMLE-Trade,2006-1-9,0.115302
CSCO,76076,QMLE-Trade,2006-1-10,0.211519
CSCO,76076,QMLE-Trade,2006-1-11,0.206153
CSCO,76076,QMLE-Trade,2006-1-12,0.192099
CSCO,76076,QMLE-Trade,2006-1-13,0.205454
CSCO,76076,QMLE-Trade,2006-1-17,0.198042
CSCO,76076,QMLE-Trade,2006-1-18,0.223535
CSCO,76076,QMLE-Trade,2006-1-19,0.179163
CSCO,76076,QMLE-Trade,2006-1-20,0.320185
CSCO,76076,QMLE-Trade,2006-1-23,0.219578
CSCO,76076,QMLE-Trade,2006-1-24,0.210106
CSCO,76076,QMLE-Trade,2006-1-25,0.252602
CSCO,76076,QMLE-Trade,2006-1-26,0.268057
CSCO,76076,QMLE-Trade,2006-1-27,0.267694
CSCO,76076,QMLE-Trade,2006-1-30,0.208766
CSCO,76076,QMLE-Trade,2006-1-31,0.274618
CSCO,76076,QMLE-Trade,2006-2-1,0.1988
CSCO,76076,QMLE-Trade,2006-2-2,0.237599
CSCO,76076,QMLE-Trade,2006-2-3,0.214753
CSCO,76076,QMLE-Trade,2006-2-6,0.171918
CSCO,76076,QMLE-Trade,2006-2-7,0.282205
CSCO,76076,QMLE-Trade,2006-2-8,0.23027
CSCO,76076,QMLE-Trade,2006-2-9,0.240381
CSCO,76076,QMLE-Trade,2006-2-10,0.195521
CSCO,76076,QMLE-Trade,2006-2-13,0.198323
CSCO,76076,QMLE-Trade,2006-2-14,0.171036
CSCO,76076,QMLE-Trade,2006-2-15,0.183258
CSCO,76076,QMLE-Trade,2006-2-16,0.138813
CSCO,76076,QMLE-Trade,2006-2-17,0.110564
CSCO,76076,QMLE-Trade,2006-2-21,0.214191
CSCO,76076,QMLE-Trade,2006-2-22,0.173957
CSCO,76076,QMLE-Trade,2006-2-23,0.169981
CSCO,76076,QMLE-Trade,2006-2-24,0.117399
CSCO,76076,QMLE-Trade,2006-2-27,0.0787202
CSCO,76076,QMLE-Trade,2006-2-28,0.189206
CSCO,76076,QMLE-Trade,2006-3-1,0.272964
CSCO,76076,QMLE-Trade,2006-3-2,0.224818
CSCO,76076,QMLE-Trade,2006-3-3,0.26934
CSCO,76076,QMLE-Trade,2006-3-6,0.347691
CSCO,76076,QMLE-Trade,2006-3-7,0.245667
CSCO,76076,QMLE-Trade,2006-3-8,0.237389
CSCO,76076,QMLE-Trade,2006-3-9,0.191938
CSCO,76076,QMLE-Trade,2006-3-10,0.266073
CSCO,76076,QMLE-Trade,2006-3-13,0.206247
CSCO,76076,QMLE-Trade,2006-3-14,0.197078
CSCO,76076,QMLE-Trade,2006-3-15,0.192986
CSCO,76076,QMLE-Trade,2006-3-16,0.186255
CSCO,76076,QMLE-Trade,2006-3-17,0.244796
CSCO,76076,QMLE-Trade,2006-3-20,0.197654
CSCO,76076,QMLE-Trade,2006-3-21,0.267743
CSCO,76076,QMLE-Trade,2006-3-22,0.246595
CSCO,76076,QMLE-Trade,2006-3-23,0.226766
CSCO,76076,QMLE-Trade,2006-3-24,0.166647
CSCO,76076,QMLE-Trade,2006-3-27,0.17866
CSCO,76076,QMLE-Trade,2006-3-28,0.217794
CSCO,76076,QMLE-Trade,2006-3-29,0.243966
CSCO,76076,QMLE-Trade,2006-3-30,0.189128
CSCO,76076,QMLE-Trade,2006-3-31,0.131222
CSCO,76076,QMLE-Trade,2006-4-3,0.183439
CSCO,76076,QMLE-Trade,2006-4-4,0.223062
CSCO,76076,QMLE-Trade,2006-4-5,0.211944
CSCO,76076,QMLE-Trade,2006-4-6,0.216811
CSCO,76076,QMLE-Trade,2006-4-7,0.255025
CSCO,76076,QMLE-Trade,2006-4-10,0.189021
CSCO,76076,QMLE-Trade,2006-4-11,0.166334
CSCO,76076,QMLE-Trade,2006-4-12,0.178594
CSCO,76076,QMLE-Trade,2006-4-13,0.183283
CSCO,76076,QMLE-Trade,2006-4-17,0.215376
CSCO,76076,QMLE-Trade,2006-4-18,0.282499
CSCO,76076,QMLE-Trade,2006-4-19,0.186388
CSCO,76076,QMLE-Trade,2006-4-20,0.209796
CSCO,76076,QMLE-Trade,2006-4-21,0.241455
CSCO,76076,QMLE-Trade,2006-4-24,0.177628
CSCO,76076,QMLE-Trade,2006-4-25,0.212205
CSCO,76076,QMLE-Trade,2006-4-26,0.221893
CSCO,76076,QMLE-Trade,2006-4-27,0.297572
CSCO,76076,QMLE-Trade,2006-4-28,0.265504
CSCO,76076,QMLE-Trade,2006-5-1,0.213204
CSCO,76076,QMLE-Trade,2006-5-2,0.220059
CSCO,76076,QMLE-Trade,2006-5-3,0.248208
CSCO,76076,QMLE-Trade,2006-5-4,0.178453
CSCO,76076,QMLE-Trade,2006-5-5,0.189535
CSCO,76076,QMLE-Trade,2006-5-8,0.150508
CSCO,76076,QMLE-Trade,2006-5-9,0.192729
CSCO,76076,QMLE-Trade,2006-5-10,0.338038
CSCO,76076,QMLE-Trade,2006-5-11,0.318129
CSCO,76076,QMLE-Trade,2006-5-12,0.335683
CSCO,76076,QMLE-Trade,2006-5-15,0.218023
CSCO,76076,QMLE-Trade,2006-5-16,0.17409
CSCO,76076,QMLE-Trade,2006-5-17,0.227564
CSCO,76076,QMLE-Trade,2006-5-18,0.19937
CSCO,76076,QMLE-Trade,2006-5-19,0.273943
CSCO,76076,QMLE-Trade,2006-5-22,0.278757
CSCO,76076,QMLE-Trade,2006-5-23,0.234472
CSCO,76076,QMLE-Trade,2006-5-24,0.401431
CSCO,76076,QMLE-Trade,2006-5-25,0.20432
CSCO,76076,QMLE-Trade,2006-5-26,0.219539
CSCO,76076,QMLE-Trade,2006-5-30,0.229777
CSCO,76076,QMLE-Trade,2006-5-31,0.293582
CSCO,76076,QMLE-Trade,2006-6-1,0.274225
CSCO,76076,QMLE-Trade,2006-6-2,0.283902
CSCO,76076,QMLE-Trade,2006-6-5,0.196309
CSCO,76076,QMLE-Trade,2006-6-6,0.301499
CSCO,76076,QMLE-Trade,2006-6-7,0.212628
CSCO,76076,QMLE-Trade,2006-6-8,0.371099
CSCO,76076,QMLE-Trade,2006-6-9,0.294211
CSCO,76076,QMLE-Trade,2006-6-12,0.227901
CSCO,76076,QMLE-Trade,2006-6-13,0.348774
CSCO,76076,QMLE-Trade,2006-6-14,0.280896
CSCO,76076,QMLE-Trade,2006-6-15,0.231426
CSCO,76076,QMLE-Trade,2006-6-16,0.183741
CSCO,76076,QMLE-Trade,2006-6-19,0.212898
CSCO,76076,QMLE-Trade,2006-6-20,0.219979
CSCO,76076,QMLE-Trade,2006-6-21,0.224892
CSCO,76076,QMLE-Trade,2006-6-22,0.226288
CSCO,76076,QMLE-Trade,2006-6-23,0.194852
CSCO,76076,QMLE-Trade,2006-6-26,0.175029
CSCO,76076,QMLE-Trade,2006-6-27,0.187357
CSCO,76076,QMLE-Trade,2006-6-28,0.216744
CSCO,76076,QMLE-Trade,2006-6-29,0.281253
CSCO,76076,QMLE-Trade,2006-6-30,0.242218
CSCO,76076,QMLE-Trade,2006-7-3,0.201402
CSCO,76076,QMLE-Trade,2006-7-5,0.204708
CSCO,76076,QMLE-Trade,2006-7-6,0.194413
CSCO,76076,QMLE-Trade,2006-7-7,0.211609
CSCO,76076,QMLE-Trade,2006-7-10,0.218712
CSCO,76076,QMLE-Trade,2006-7-11,0.274857
CSCO,76076,QMLE-Trade,2006-7-12,0.202176
CSCO,76076,QMLE-Trade,2006-7-13,0.282397
CSCO,76076,QMLE-Trade,2006-7-14,0.293027
CSCO,76076,QMLE-Trade,2006-7-17,0.288642
CSCO,76076,QMLE-Trade,2006-7-18,0.302298
CSCO,76076,QMLE-Trade,2006-7-19,0.288031
CSCO,76076,QMLE-Trade,2006-7-20,0.243262
CSCO,76076,QMLE-Trade,2006-7-21,0.223681
CSCO,76076,QMLE-Trade,2006-7-24,0.233735
CSCO,76076,QMLE-Trade,2006-7-25,0.284658
CSCO,76076,QMLE-Trade,2006-7-26,0.248185
CSCO,76076,QMLE-Trade,2006-7-27,0.242639
CSCO,76076,QMLE-Trade,2006-7-28,0.193975
CSCO,76076,QMLE-Trade,2006-7-31,0.253151
CSCO,76076,QMLE-Trade,2006-8-1,0.212917
CSCO,76076,QMLE-Trade,2006-8-2,0.243215
CSCO,76076,QMLE-Trade,2006-8-3,0.23938
CSCO,76076,QMLE-Trade,2006-8-4,0.262911
CSCO,76076,QMLE-Trade,2006-8-7,0.246313
CSCO,76076,QMLE-Trade,2006-8-8,0.286762
CSCO,76076,QMLE-Trade,2006-8-9,0.304943
CSCO,76076,QMLE-Trade,2006-8-10,0.255348
CSCO,76076,QMLE-Trade,2006-8-11,0.222842
CSCO,76076,QMLE-Trade,2006-8-14,0.212039
CSCO,76076,QMLE-Trade,2006-8-15,0.270297
CSCO,76076,QMLE-Trade,2006-8-16,0.215672
CSCO,76076,QMLE-Trade,2006-8-17,0.232479
CSCO,76076,QMLE-Trade,2006-8-18,0.217045
CSCO,76076,QMLE-Trade,2006-8-21,0.195793
CSCO,76076,QMLE-Trade,2006-8-22,0.225066
CSCO,76076,QMLE-Trade,2006-8-23,0.239686
CSCO,76076,QMLE-Trade,2006-8-24,0.211894
CSCO,76076,QMLE-Trade,2006-8-25,0.208003
CSCO,76076,QMLE-Trade,2006-8-28,0.205245
CSCO,76076,QMLE-Trade,2006-8-29,0.213773
CSCO,76076,QMLE-Trade,2006-8-30,0.188138
CSCO,76076,QMLE-Trade,2006-8-31,0.157201
CSCO,76076,QMLE-Trade,2006-9-1,0.209446
CSCO,76076,QMLE-Trade,2006-9-5,0.216154
CSCO,76076,QMLE-Trade,2006-9-6,0.2586
CSCO,76076,QMLE-Trade,2006-9-7,0.30814
CSCO,76076,QMLE-Trade,2006-9-8,0.23792
CSCO,76076,QMLE-Trade,2006-9-11,0.240838
CSCO,76076,QMLE-Trade,2006-9-12,0.188913
CSCO,76076,QMLE-Trade,2006-9-13,0.215901
CSCO,76076,QMLE-Trade,2006-9-14,0.161061
CSCO,76076,QMLE-Trade,2006-9-15,0.181525
CSCO,76076,QMLE-Trade,2006-9-18,0.192733
CSCO,76076,QMLE-Trade,2006-9-19,0.253143
CSCO,76076,QMLE-Trade,2006-9-20,0.221589
CSCO,76076,QMLE-Trade,2006-9-21,0.244723
CSCO,76076,QMLE-Trade,2006-9-22,0.251781
CSCO,76076,QMLE-Trade,2006-9-25,0.230506
CSCO,76076,QMLE-Trade,2006-9-26,0.265759
CSCO,76076,QMLE-Trade,2006-9-27,0.227542
CSCO,76076,QMLE-Trade,2006-9-28,0.191907
CSCO,76076,QMLE-Trade,2006-9-29,0.193294
CSCO,76076,QMLE-Trade,2006-10-2,0.202168
CSCO,76076,QMLE-Trade,2006-10-3,0.211458
CSCO,76076,QMLE-Trade,2006-10-4,0.214723
CSCO,76076,QMLE-Trade,2006-10-5,0.133596
CSCO,76076,QMLE-Trade,2006-10-6,0.197628
CSCO,76076,QMLE-Trade,2006-10-9,0.133918
CSCO,76076,QMLE-Trade,2006-10-10,0.186546
CSCO,76076,QMLE-Trade,2006-10-11,0.203563
CSCO,76076,QMLE-Trade,2006-10-12,0.176606
CSCO,76076,QMLE-Trade,2006-10-13,0.15804
CSCO,76076,QMLE-Trade,2006-10-16,0.157457
CSCO,76076,QMLE-Trade,2006-10-17,0.191896
CSCO,76076,QMLE-Trade,2006-10-18,0.211122
CSCO,76076,QMLE-Trade,2006-10-19,0.219887
CSCO,76076,QMLE-Trade,2006-10-20,0.200632
CSCO,76076,QMLE-Trade,2006-10-23,0.177831
CSCO,76076,QMLE-Trade,2006-10-24,0.172328
CSCO,76076,QMLE-Trade,2006-10-25,0.208808
CSCO,76076,QMLE-Trade,2006-10-26,0.181524
CSCO,76076,QMLE-Trade,2006-10-27,0.213404
CSCO,76076,QMLE-Trade,2006-10-30,0.239879
CSCO,76076,QMLE-Trade,2006-10-31,0.195074
CSCO,76076,QMLE-Trade,2006-11-1,0.202138
CSCO,76076,QMLE-Trade,2006-11-2,0.185212
CSCO,76076,QMLE-Trade,2006-11-3,0.228176
CSCO,76076,QMLE-Trade,2006-11-6,0.186082
CSCO,76076,QMLE-Trade,2006-11-7,0.139225
CSCO,76076,QMLE-Trade,2006-11-8,0.247019
CSCO,76076,QMLE-Trade,2006-11-9,0.288574
CSCO,76076,QMLE-Trade,2006-11-10,0.178756
CSCO,76076,QMLE-Trade,2006-11-13,0.151905
CSCO,76076,QMLE-Trade,2006-11-14,0.186064
CSCO,76076,QMLE-Trade,2006-11-15,0.157604
CSCO,76076,QMLE-Trade,2006-11-16,0.198471
CSCO,76076,QMLE-Trade,2006-11-17,0.161241
CSCO,76076,QMLE-Trade,2006-11-20,0.19702
CSCO,76076,QMLE-Trade,2006-11-21,0.173157
CSCO,76076,QMLE-Trade,2006-11-22,0.138362
CSCO,76076,QMLE-Trade,2006-11-24,0.145444
CSCO,76076,QMLE-Trade,2006-11-27,0.247946
CSCO,76076,QMLE-Trade,2006-11-28,0.278224
CSCO,76076,QMLE-Trade,2006-11-29,0.210448
CSCO,76076,QMLE-Trade,2006-11-30,0.180081
CSCO,76076,QMLE-Trade,2006-12-1,0.219725
CSCO,76076,QMLE-Trade,2006-12-4,0.20368
CSCO,76076,QMLE-Trade,2006-12-5,0.223488
CSCO,76076,QMLE-Trade,2006-12-6,0.172003
CSCO,76076,QMLE-Trade,2006-12-7,0.17087
CSCO,76076,QMLE-Trade,2006-12-8,0.181607
CSCO,76076,QMLE-Trade,2006-12-11,0.169437
CSCO,76076,QMLE-Trade,2006-12-12,0.22994
CSCO,76076,QMLE-Trade,2006-12-13,0.15138
CSCO,76076,QMLE-Trade,2006-12-14,0.146132
CSCO,76076,QMLE-Trade,2006-12-15,0.157798
CSCO,76076,QMLE-Trade,2006-12-18,0.165865
CSCO,76076,QMLE-Trade,2006-12-19,0.196222
CSCO,76076,QMLE-Trade,2006-12-20,0.122373
CSCO,76076,QMLE-Trade,2006-12-21,0.182289
CSCO,76076,QMLE-Trade,2006-12-22,0.150484
CSCO,76076,QMLE-Trade,2006-12-26,0.145427
CSCO,76076,QMLE-Trade,2006-12-27,0.114523
CSCO,76076,QMLE-Trade,2006-12-28,0.132922
CSCO,76076,QMLE-Trade,2006-12-29,0.130856
CSCO,76076,QMLE-Trade,2007-1-3,0.241702
CSCO,76076,QMLE-Trade,2007-1-4,0.201305
CSCO,76076,QMLE-Trade,2007-1-5,0.225655
CSCO,76076,QMLE-Trade,2007-1-8,0.20963
CSCO,76076,QMLE-Trade,2007-1-9,0.184098
CSCO,76076,QMLE-Trade,2007-1-10,0.191236
CSCO,76076,QMLE-Trade,2007-1-11,0.163193
CSCO,76076,QMLE-Trade,2007-1-12,0.181241
CSCO,76076,QMLE-Trade,2007-1-16,0.205033
CSCO,76076,QMLE-Trade,2007-1-17,0.275741
CSCO,76076,QMLE-Trade,2007-1-18,0.307166
CSCO,76076,QMLE-Trade,2007-1-19,0.245686
CSCO,76076,QMLE-Trade,2007-1-22,0.248838
CSCO,76076,QMLE-Trade,2007-1-23,0.262401
CSCO,76076,QMLE-Trade,2007-1-24,0.226887
CSCO,76076,QMLE-Trade,2007-1-25,0.278594
CSCO,76076,QMLE-Trade,2007-1-26,0.302087
CSCO,76076,QMLE-Trade,2007-1-29,0.208996
CSCO,76076,QMLE-Trade,2007-1-30,0.175872
CSCO,76076,QMLE-Trade,2007-1-31,0.262998
CSCO,76076,QMLE-Trade,2007-2-1,0.250246
CSCO,76076,QMLE-Trade,2007-2-2,0.211128
CSCO,76076,QMLE-Trade,2007-2-5,0.182448
CSCO,76076,QMLE-Trade,2007-2-6,0.216332
CSCO,76076,QMLE-Trade,2007-2-7,0.264213
CSCO,76076,QMLE-Trade,2007-2-8,0.216907
CSCO,76076,QMLE-Trade,2007-2-9,0.21205
CSCO,76076,QMLE-Trade,2007-2-12,0.189761
CSCO,76076,QMLE-Trade,2007-2-13,0.193107
CSCO,76076,QMLE-Trade,2007-2-14,0.176669
CSCO,76076,QMLE-Trade,2007-2-15,0.167989
CSCO,76076,QMLE-Trade,2007-2-16,0.0992839
CSCO,76076,QMLE-Trade,2007-2-20,0.172154
CSCO,76076,QMLE-Trade,2007-2-21,0.188498
CSCO,76076,QMLE-Trade,2007-2-22,0.183252
CSCO,76076,QMLE-Trade,2007-2-23,0.203213
CSCO,76076,QMLE-Trade,2007-2-26,0.205352
CSCO,76076,QMLE-Trade,2007-2-27,0.471784
CSCO,76076,QMLE-Trade,2007-2-28,0.275616
CSCO,76076,QMLE-Trade,2007-3-1,0.372784
CSCO,76076,QMLE-Trade,2007-3-2,0.277424
CSCO,76076,QMLE-Trade,2007-3-5,0.306681
CSCO,76076,QMLE-Trade,2007-3-6,0.21005
CSCO,76076,QMLE-Trade,2007-3-7,0.212969
CSCO,76076,QMLE-Trade,2007-3-8,0.174004
CSCO,76076,QMLE-Trade,2007-3-9,0.203341
CSCO,76076,QMLE-Trade,2007-3-12,0.209851
CSCO,76076,QMLE-Trade,2007-3-13,0.258462
CSCO,76076,QMLE-Trade,2007-3-14,0.274846
CSCO,76076,QMLE-Trade,2007-3-15,0.190726
CSCO,76076,QMLE-Trade,2007-3-16,0.19018
CSCO,76076,QMLE-Trade,2007-3-19,0.168511
CSCO,76076,QMLE-Trade,2007-3-20,0.17017
CSCO,76076,QMLE-Trade,2007-3-21,0.232727
CSCO,76076,QMLE-Trade,2007-3-22,0.184984
CSCO,76076,QMLE-Trade,2007-3-23,0.179999
CSCO,76076,QMLE-Trade,2007-3-26,0.203442
CSCO,76076,QMLE-Trade,2007-3-27,0.175154
CSCO,76076,QMLE-Trade,2007-3-28,0.212331
CSCO,76076,QMLE-Trade,2007-3-29,0.236776
CSCO,76076,QMLE-Trade,2007-3-30,0.230374
CSCO,76076,QMLE-Trade,2007-4-2,0.201255
CSCO,76076,QMLE-Trade,2007-4-3,0.176876
CSCO,76076,QMLE-Trade,2007-4-4,0.151781
CSCO,76076,QMLE-Trade,2007-4-5,0.120497
CSCO,76076,QMLE-Trade,2007-4-9,0.134338
CSCO,76076,QMLE-Trade,2007-4-10,0.124058
CSCO,76076,QMLE-Trade,2007-4-11,0.213855
CSCO,76076,QMLE-Trade,2007-4-12,0.193549
CSCO,76076,QMLE-Trade,2007-4-13,0.31496
CSCO,76076,QMLE-Trade,2007-4-16,0.192436
CSCO,76076,QMLE-Trade,2007-4-17,0.199377
CSCO,76076,QMLE-Trade,2007-4-18,0.216854
CSCO,76076,QMLE-Trade,2007-4-19,0.178678
CSCO,76076,QMLE-Trade,2007-4-20,0.154975
CSCO,76076,QMLE-Trade,2007-4-23,0.131151
CSCO,76076,QMLE-Trade,2007-4-24,0.182142
CSCO,76076,QMLE-Trade,2007-4-25,0.149754
CSCO,76076,QMLE-Trade,2007-4-26,0.198808
CSCO,76076,QMLE-Trade,2007-4-27,0.207723
CSCO,76076,QMLE-Trade,2007-4-30,0.176968
CSCO,76076,QMLE-Trade,2007-5-1,0.167042
CSCO,76076,QMLE-Trade,2007-5-2,0.195094
CSCO,76076,QMLE-Trade,2007-5-3,0.168094
CSCO,76076,QMLE-Trade,2007-5-4,0.130767
CSCO,76076,QMLE-Trade,2007-5-7,0.101551
CSCO,76076,QMLE-Trade,2007-5-8,0.171029
CSCO,76076,QMLE-Trade,2007-5-9,0.21806
CSCO,76076,QMLE-Trade,2007-5-10,0.196302
CSCO,76076,QMLE-Trade,2007-5-11,0.147818
CSCO,76076,QMLE-Trade,2007-5-14,0.162922
CSCO,76076,QMLE-Trade,2007-5-15,0.193171
CSCO,76076,QMLE-Trade,2007-5-16,0.17972
CSCO,76076,QMLE-Trade,2007-5-17,0.172821
CSCO,76076,QMLE-Trade,2007-5-18,0.119956
CSCO,76076,QMLE-Trade,2007-5-21,0.152705
CSCO,76076,QMLE-Trade,2007-5-22,0.142497
CSCO,76076,QMLE-Trade,2007-5-23,0.148153
CSCO,76076,QMLE-Trade,2007-5-24,0.238184
CSCO,76076,QMLE-Trade,2007-5-25,0.164079
CSCO,76076,QMLE-Trade,2007-5-29,0.196677
CSCO,76076,QMLE-Trade,2007-5-30,0.218103
CSCO,76076,QMLE-Trade,2007-5-31,0.16556
CSCO,76076,QMLE-Trade,2007-6-1,0.192494
CSCO,76076,QMLE-Trade,2007-6-4,0.156681
CSCO,76076,QMLE-Trade,2007-6-5,0.17376
CSCO,76076,QMLE-Trade,2007-6-6,0.197153
CSCO,76076,QMLE-Trade,2007-6-7,0.248538
CSCO,76076,QMLE-Trade,2007-6-8,0.20835
CSCO,76076,QMLE-Trade,2007-6-11,0.155235
CSCO,76076,QMLE-Trade,2007-6-12,0.210954
CSCO,76076,QMLE-Trade,2007-6-13,0.27101
CSCO,76076,QMLE-Trade,2007-6-14,0.153841
CSCO,76076,QMLE-Trade,2007-6-15,0.143091
CSCO,76076,QMLE-Trade,2007-6-18,0.146231
CSCO,76076,QMLE-Trade,2007-6-19,0.164901
CSCO,76076,QMLE-Trade,2007-6-20,0.181646
CSCO,76076,QMLE-Trade,2007-6-21,0.207137
CSCO,76076,QMLE-Trade,2007-6-22,0.210288
CSCO,76076,QMLE-Trade,2007-6-25,0.203136
CSCO,76076,QMLE-Trade,2007-6-26,0.207509
CSCO,76076,QMLE-Trade,2007-6-27,0.1769
CSCO,76076,QMLE-Trade,2007-6-28,0.198749
CSCO,76076,QMLE-Trade,2007-6-29,0.198341
CSCO,76076,QMLE-Trade,2007-7-2,0.120386
CSCO,76076,QMLE-Trade,2007-7-3,0.162459
CSCO,76076,QMLE-Trade,2007-7-5,0.14449
CSCO,76076,QMLE-Trade,2007-7-6,0.124302
CSCO,76076,QMLE-Trade,2007-7-9,0.090063
CSCO,76076,QMLE-Trade,2007-7-10,0.175297
CSCO,76076,QMLE-Trade,2007-7-11,0.174495
CSCO,76076,QMLE-Trade,2007-7-12,0.167996
CSCO,76076,QMLE-Trade,2007-7-13,0.162463
CSCO,76076,QMLE-Trade,2007-7-16,0.137746
CSCO,76076,QMLE-Trade,2007-7-17,0.140874
CSCO,76076,QMLE-Trade,2007-7-18,0.189884
CSCO,76076,QMLE-Trade,2007-7-19,0.10417
CSCO,76076,QMLE-Trade,2007-7-20,0.205434
CSCO,76076,QMLE-Trade,2007-7-23,0.158924
CSCO,76076,QMLE-Trade,2007-7-24,0.241656
CSCO,76076,QMLE-Trade,2007-7-25,0.231308
CSCO,76076,QMLE-Trade,2007-7-26,0.426646
CSCO,76076,QMLE-Trade,2007-7-27,0.328472
CSCO,76076,QMLE-Trade,2007-7-30,0.29642
CSCO,76076,QMLE-Trade,2007-7-31,0.278779
CSCO,76076,QMLE-Trade,2007-8-1,0.408502
CSCO,76076,QMLE-Trade,2007-8-2,0.230935
CSCO,76076,QMLE-Trade,2007-8-3,0.242793
CSCO,76076,QMLE-Trade,2007-8-6,0.274609
CSCO,76076,QMLE-Trade,2007-8-7,0.310515
CSCO,76076,QMLE-Trade,2007-8-8,0.34065
CSCO,76076,QMLE-Trade,2007-8-9,0.438042
CSCO,76076,QMLE-Trade,2007-8-10,0.440807
CSCO,76076,QMLE-Trade,2007-8-13,0.281735
CSCO,76076,QMLE-Trade,2007-8-14,0.267638
CSCO,76076,QMLE-Trade,2007-8-15,0.388056
CSCO,76076,QMLE-Trade,2007-8-16,0.501994
CSCO,76076,QMLE-Trade,2007-8-17,0.343656
CSCO,76076,QMLE-Trade,2007-8-20,0.277037
CSCO,76076,QMLE-Trade,2007-8-21,0.227589
CSCO,76076,QMLE-Trade,2007-8-22,0.199282
CSCO,76076,QMLE-Trade,2007-8-23,0.249085
CSCO,76076,QMLE-Trade,2007-8-24,0.185349
CSCO,76076,QMLE-Trade,2007-8-27,0.225815
CSCO,76076,QMLE-Trade,2007-8-28,0.198095
CSCO,76076,QMLE-Trade,2007-8-29,0.187935
CSCO,76076,QMLE-Trade,2007-8-30,0.261915
CSCO,76076,QMLE-Trade,2007-8-31,0.183164
CSCO,76076,QMLE-Trade,2007-9-4,0.169571
CSCO,76076,QMLE-Trade,2007-9-5,0.193785
CSCO,76076,QMLE-Trade,2007-9-6,0.179269
CSCO,76076,QMLE-Trade,2007-9-7,0.242925
CSCO,76076,QMLE-Trade,2007-9-10,0.233968
CSCO,76076,QMLE-Trade,2007-9-11,0.183965
CSCO,76076,QMLE-Trade,2007-9-12,0.180185
CSCO,76076,QMLE-Trade,2007-9-13,0.176226
CSCO,76076,QMLE-Trade,2007-9-14,0.20042
CSCO,76076,QMLE-Trade,2007-9-17,0.186246
CSCO,76076,QMLE-Trade,2007-9-18,0.230166
CSCO,76076,QMLE-Trade,2007-9-19,0.160115
CSCO,76076,QMLE-Trade,2007-9-20,0.165026
CSCO,76076,QMLE-Trade,2007-9-21,0.146341
CSCO,76076,QMLE-Trade,2007-9-24,0.175998
CSCO,76076,QMLE-Trade,2007-9-25,0.172802
CSCO,76076,QMLE-Trade,2007-9-26,0.152087
CSCO,76076,QMLE-Trade,2007-9-27,0.144533
CSCO,76076,QMLE-Trade,2007-9-28,0.144047
CSCO,76076,QMLE-Trade,2007-10-1,0.157823
CSCO,76076,QMLE-Trade,2007-10-2,0.139631
CSCO,76076,QMLE-Trade,2007-10-3,0.167492
CSCO,76076,QMLE-Trade,2007-10-4,0.196218
CSCO,76076,QMLE-Trade,2007-10-5,0.164616
CSCO,76076,QMLE-Trade,2007-10-8,0.142149
CSCO,76076,QMLE-Trade,2007-10-9,0.152272
CSCO,76076,QMLE-Trade,2007-10-10,0.151362
CSCO,76076,QMLE-Trade,2007-10-11,0.220769
CSCO,76076,QMLE-Trade,2007-10-12,0.174913
CSCO,76076,QMLE-Trade,2007-10-15,0.184296
CSCO,76076,QMLE-Trade,2007-10-16,0.234666
CSCO,76076,QMLE-Trade,2007-10-17,0.219097
CSCO,76076,QMLE-Trade,2007-10-18,0.238014
CSCO,76076,QMLE-Trade,2007-10-19,0.2765
CSCO,76076,QMLE-Trade,2007-10-22,0.263942
CSCO,76076,QMLE-Trade,2007-10-23,0.238428
CSCO,76076,QMLE-Trade,2007-10-24,0.348792
CSCO,76076,QMLE-Trade,2007-10-25,0.312362
CSCO,76076,QMLE-Trade,2007-10-26,0.278144
CSCO,76076,QMLE-Trade,2007-10-29,0.191466
CSCO,76076,QMLE-Trade,2007-10-30,0.185052
CSCO,76076,QMLE-Trade,2007-10-31,0.282634
CSCO,76076,QMLE-Trade,2007-11-1,0.274186
CSCO,76076,QMLE-Trade,2007-11-2,0.348936
CSCO,76076,QMLE-Trade,2007-11-5,0.247661
CSCO,76076,QMLE-Trade,2007-11-6,0.220318
CSCO,76076,QMLE-Trade,2007-11-7,0.356133
CSCO,76076,QMLE-Trade,2007-11-8,0.463951
CSCO,76076,QMLE-Trade,2007-11-9,0.451092
CSCO,76076,QMLE-Trade,2007-11-12,0.289433
CSCO,76076,QMLE-Trade,2007-11-13,0.270159
CSCO,76076,QMLE-Trade,2007-11-14,0.257726
CSCO,76076,QMLE-Trade,2007-11-15,0.32508
CSCO,76076,QMLE-Trade,2007-11-16,0.332741
CSCO,76076,QMLE-Trade,2007-11-19,0.283796
CSCO,76076,QMLE-Trade,2007-11-20,0.419205
CSCO,76076,QMLE-Trade,2007-11-21,0.343072
CSCO,76076,QMLE-Trade,2007-11-23,0.28057
CSCO,76076,QMLE-Trade,2007-11-26,0.292259
CSCO,76076,QMLE-Trade,2007-11-27,0.337606
CSCO,76076,QMLE-Trade,2007-11-28,0.252182
CSCO,76076,QMLE-Trade,2007-11-29,0.257009
CSCO,76076,QMLE-Trade,2007-11-30,0.288954
CSCO,76076,QMLE-Trade,2007-12-3,0.270851
CSCO,76076,QMLE-Trade,2007-12-4,0.21837
CSCO,76076,QMLE-Trade,2007-12-5,0.279262
CSCO,76076,QMLE-Trade,2007-12-6,0.248026
CSCO,76076,QMLE-Trade,2007-12-7,0.217884
CSCO,76076,QMLE-Trade,2007-12-10,0.19006
CSCO,76076,QMLE-Trade,2007-12-11,0.396461
CSCO,76076,QMLE-Trade,2007-12-12,0.340232
CSCO,76076,QMLE-Trade,2007-12-13,0.357192
CSCO,76076,QMLE-Trade,2007-12-14,0.280446
CSCO,76076,QMLE-Trade,2007-12-17,0.298862
CSCO,76076,QMLE-Trade,2007-12-18,0.271032
CSCO,76076,QMLE-Trade,2007-12-19,0.265987
CSCO,76076,QMLE-Trade,2007-12-20,0.258945
CSCO,76076,QMLE-Trade,2007-12-21,0.221665
CSCO,76076,QMLE-Trade,2007-12-24,0.166737
CSCO,76076,QMLE-Trade,2007-12-26,0.15962
CSCO,76076,QMLE-Trade,2007-12-27,0.182555
CSCO,76076,QMLE-Trade,2007-12-28,0.247509
CSCO,76076,QMLE-Trade,2007-12-31,0.163018
CSCO,76076,QMLE-Trade,2008-1-2,0.287557
CSCO,76076,QMLE-Trade,2008-1-3,0.287551
CSCO,76076,QMLE-Trade,2008-1-4,0.361601
CSCO,76076,QMLE-Trade,2008-1-7,0.356864
CSCO,76076,QMLE-Trade,2008-1-8,0.366575
CSCO,76076,QMLE-Trade,2008-1-9,0.393996
CSCO,76076,QMLE-Trade,2008-1-10,0.420933
CSCO,76076,QMLE-Trade,2008-1-11,0.347961
CSCO,76076,QMLE-Trade,2008-1-14,0.257601
CSCO,76076,QMLE-Trade,2008-1-15,0.345417
CSCO,76076,QMLE-Trade,2008-1-16,0.399688
CSCO,76076,QMLE-Trade,2008-1-17,0.537376
CSCO,76076,QMLE-Trade,2008-1-18,0.525045
CSCO,76076,QMLE-Trade,2008-1-22,0.764818
CSCO,76076,QMLE-Trade,2008-1-23,0.726677
CSCO,76076,QMLE-Trade,2008-1-24,0.467802
CSCO,76076,QMLE-Trade,2008-1-25,0.483795
CSCO,76076,QMLE-Trade,2008-1-28,0.391157
CSCO,76076,QMLE-Trade,2008-1-29,0.328916
CSCO,76076,QMLE-Trade,2008-1-30,0.464553
CSCO,76076,QMLE-Trade,2008-1-31,0.436165
CSCO,76076,QMLE-Trade,2008-2-1,0.333004
CSCO,76076,QMLE-Trade,2008-2-4,0.34293
CSCO,76076,QMLE-Trade,2008-2-5,0.287695
CSCO,76076,QMLE-Trade,2008-2-6,0.348392
CSCO,76076,QMLE-Trade,2008-2-7,0.707473
CSCO,76076,QMLE-Trade,2008-2-8,0.382531
CSCO,76076,QMLE-Trade,2008-2-11,0.323555
CSCO,76076,QMLE-Trade,2008-2-12,0.244288
CSCO,76076,QMLE-Trade,2008-2-13,0.280035
CSCO,76076,QMLE-Trade,2008-2-14,0.25866
CSCO,76076,QMLE-Trade,2008-2-15,0.190944
CSCO,76076,QMLE-Trade,2008-2-19,0.246037
CSCO,76076,QMLE-Trade,2008-2-20,0.345086
CSCO,76076,QMLE-Trade,2008-2-21,0.265663
CSCO,76076,QMLE-Trade,2008-2-22,0.345561
CSCO,76076,QMLE-Trade,2008-2-25,0.314658
CSCO,76076,QMLE-Trade,2008-2-26,0.277067
CSCO,76076,QMLE-Trade,2008-2-27,0.298806
CSCO,76076,QMLE-Trade,2008-2-28,0.27336
CSCO,76076,QMLE-Trade,2008-2-29,0.248413
CSCO,76076,QMLE-Trade,2008-3-3,0.26805
CSCO,76076,QMLE-Trade,2008-3-4,0.391149
CSCO,76076,QMLE-Trade,2008-3-5,0.369173
CSCO,76076,QMLE-Trade,2008-3-6,0.301925
CSCO,76076,QMLE-Trade,2008-3-7,0.431267
CSCO,76076,QMLE-Trade,2008-3-10,0.320919
CSCO,76076,QMLE-Trade,2008-3-11,0.331142
CSCO,76076,QMLE-Trade,2008-3-12,0.27292
CSCO,76076,QMLE-Trade,2008-3-13,0.422858
CSCO,76076,QMLE-Trade,2008-3-14,0.605432
CSCO,76076,QMLE-Trade,2008-3-17,0.521739
CSCO,76076,QMLE-Trade,2008-3-18,0.352963
CSCO,76076,QMLE-Trade,2008-3-19,0.357365
CSCO,76076,QMLE-Trade,2008-3-20,0.323302
CSCO,76076,QMLE-Trade,2008-3-24,0.305057
CSCO,76076,QMLE-Trade,2008-3-25,0.279999
CSCO,76076,QMLE-Trade,2008-3-26,0.305238
CSCO,76076,QMLE-Trade,2008-3-27,0.285214
CSCO,76076,QMLE-Trade,2008-3-28,0.235509
CSCO,76076,QMLE-Trade,2008-3-31,0.252909
CSCO,76076,QMLE-Trade,2008-4-1,0.271035
CSCO,76076,QMLE-Trade,2008-4-2,0.278254
CSCO,76076,QMLE-Trade,2008-4-3,0.25589
CSCO,76076,QMLE-Trade,2008-4-4,0.245712
CSCO,76076,QMLE-Trade,2008-4-7,0.21735
CSCO,76076,QMLE-Trade,2008-4-8,0.209737
CSCO,76076,QMLE-Trade,2008-4-9,0.243446
CSCO,76076,QMLE-Trade,2008-4-10,0.221803
CSCO,76076,QMLE-Trade,2008-4-11,0.192575
CSCO,76076,QMLE-Trade,2008-4-14,0.23704
CSCO,76076,QMLE-Trade,2008-4-15,0.226238
CSCO,76076,QMLE-Trade,2008-4-16,0.236536
CSCO,76076,QMLE-Trade,2008-4-17,0.214819
CSCO,76076,QMLE-Trade,2008-4-18,0.248887
CSCO,76076,QMLE-Trade,2008-4-21,0.21594
CSCO,76076,QMLE-Trade,2008-4-22,0.240264
CSCO,76076,QMLE-Trade,2008-4-23,0.22425
CSCO,76076,QMLE-Trade,2008-4-24,0.278575
CSCO,76076,QMLE-Trade,2008-4-25,0.281317
CSCO,76076,QMLE-Trade,2008-4-28,0.191807
CSCO,76076,QMLE-Trade,2008-4-29,0.207771
CSCO,76076,QMLE-Trade,2008-4-30,0.28388
CSCO,76076,QMLE-Trade,2008-5-1,0.306304
CSCO,76076,QMLE-Trade,2008-5-2,0.238016
CSCO,76076,QMLE-Trade,2008-5-5,0.215183
CSCO,76076,QMLE-Trade,2008-5-6,0.272102
CSCO,76076,QMLE-Trade,2008-5-7,0.331473
CSCO,76076,QMLE-Trade,2008-5-8,0.292012
CSCO,76076,QMLE-Trade,2008-5-9,0.214264
CSCO,76076,QMLE-Trade,2008-5-12,0.19019
CSCO,76076,QMLE-Trade,2008-5-13,0.186758
CSCO,76076,QMLE-Trade,2008-5-14,0.233876
CSCO,76076,QMLE-Trade,2008-5-15,0.229533
CSCO,76076,QMLE-Trade,2008-5-16,0.22512
CSCO,76076,QMLE-Trade,2008-5-19,0.223432
CSCO,76076,QMLE-Trade,2008-5-20,0.255325
CSCO,76076,QMLE-Trade,2008-5-21,0.292212
CSCO,76076,QMLE-Trade,2008-5-22,0.282178
CSCO,76076,QMLE-Trade,2008-5-23,0.253161
CSCO,76076,QMLE-Trade,2008-5-27,0.252612
CSCO,76076,QMLE-Trade,2008-5-28,0.27333
CSCO,76076,QMLE-Trade,2008-5-29,0.232294
CSCO,76076,QMLE-Trade,2008-5-30,0.175357
CSCO,76076,QMLE-Trade,2008-6-2,0.237765
CSCO,76076,QMLE-Trade,2008-6-3,0.286494
CSCO,76076,QMLE-Trade,2008-6-4,0.262241
CSCO,76076,QMLE-Trade,2008-6-5,0.21405
CSCO,76076,QMLE-Trade,2008-6-6,0.288847
CSCO,76076,QMLE-Trade,2008-6-9,0.357277
CSCO,76076,QMLE-Trade,2008-6-10,0.271028
CSCO,76076,QMLE-Trade,2008-6-11,0.273253
CSCO,76076,QMLE-Trade,2008-6-12,0.290904
CSCO,76076,QMLE-Trade,2008-6-13,0.310891
CSCO,76076,QMLE-Trade,2008-6-16,0.242388
CSCO,76076,QMLE-Trade,2008-6-17,0.229402
CSCO,76076,QMLE-Trade,2008-6-18,0.257929
CSCO,76076,QMLE-Trade,2008-6-19,0.308556
CSCO,76076,QMLE-Trade,2008-6-20,0.324036
CSCO,76076,QMLE-Trade,2008-6-23,0.281509
CSCO,76076,QMLE-Trade,2008-6-24,0.289169
CSCO,76076,QMLE-Trade,2008-6-25,0.304243
CSCO,76076,QMLE-Trade,2008-6-26,0.304203
CSCO,76076,QMLE-Trade,2008-6-27,0.35158
CSCO,76076,QMLE-Trade,2008-6-30,0.32254
CSCO,76076,QMLE-Trade,2008-7-1,0.368971
CSCO,76076,QMLE-Trade,2008-7-2,0.329242
CSCO,76076,QMLE-Trade,2008-7-3,0.387018
CSCO,76076,QMLE-Trade,2008-7-7,0.312911
CSCO,76076,QMLE-Trade,2008-7-8,0.353323
CSCO,76076,QMLE-Trade,2008-7-9,0.32962
CSCO,76076,QMLE-Trade,2008-7-10,0.422329
CSCO,76076,QMLE-Trade,2008-7-11,0.515408
CSCO,76076,QMLE-Trade,2008-7-14,0.411685
CSCO,76076,QMLE-Trade,2008-7-15,0.491054
CSCO,76076,QMLE-Trade,2008-7-16,0.395855
CSCO,76076,QMLE-Trade,2008-7-17,0.397414
CSCO,76076,QMLE-Trade,2008-7-18,0.330833
CSCO,76076,QMLE-Trade,2008-7-21,0.277021
CSCO,76076,QMLE-Trade,2008-7-22,0.305549
CSCO,76076,QMLE-Trade,2008-7-23,0.325728
CSCO,76076,QMLE-Trade,2008-7-24,0.262895
CSCO,76076,QMLE-Trade,2008-7-25,0.355584
CSCO,76076,QMLE-Trade,2008-7-28,0.35758
CSCO,76076,QMLE-Trade,2008-7-29,0.27062
CSCO,76076,QMLE-Trade,2008-7-30,0.310302
CSCO,76076,QMLE-Trade,2008-7-31,0.31297
CSCO,76076,QMLE-Trade,2008-8-1,0.368433
CSCO,76076,QMLE-Trade,2008-8-4,0.291598
CSCO,76076,QMLE-Trade,2008-8-5,0.335868
CSCO,76076,QMLE-Trade,2008-8-6,0.366673
CSCO,76076,QMLE-Trade,2008-8-7,0.290036
CSCO,76076,QMLE-Trade,2008-8-8,0.26836
CSCO,76076,QMLE-Trade,2008-8-11,0.254368
CSCO,76076,QMLE-Trade,2008-8-12,0.234644
CSCO,76076,QMLE-Trade,2008-8-13,0.262595
CSCO,76076,QMLE-Trade,2008-8-14,0.218754
CSCO,76076,QMLE-Trade,2008-8-15,0.229454
CSCO,76076,QMLE-Trade,2008-8-18,0.267077
CSCO,76076,QMLE-Trade,2008-8-19,0.237886
CSCO,76076,QMLE-Trade,2008-8-20,0.259317
CSCO,76076,QMLE-Trade,2008-8-21,0.246886
CSCO,76076,QMLE-Trade,2008-8-22,0.165146
CSCO,76076,QMLE-Trade,2008-8-25,0.221369
CSCO,76076,QMLE-Trade,2008-8-26,0.248737
CSCO,76076,QMLE-Trade,2008-8-27,0.214047
CSCO,76076,QMLE-Trade,2008-8-28,0.195248
CSCO,76076,QMLE-Trade,2008-8-29,0.215109
CSCO,76076,QMLE-Trade,2008-9-2,0.266271
CSCO,76076,QMLE-Trade,2008-9-3,0.302224
CSCO,76076,QMLE-Trade,2008-9-4,0.362178
CSCO,76076,QMLE-Trade,2008-9-5,0.340771
CSCO,76076,QMLE-Trade,2008-9-8,0.456877
CSCO,76076,QMLE-Trade,2008-9-9,0.390872
CSCO,76076,QMLE-Trade,2008-9-10,0.30645
CSCO,76076,QMLE-Trade,2008-9-11,0.350422
CSCO,76076,QMLE-Trade,2008-9-12,0.385899
CSCO,76076,QMLE-Trade,2008-9-15,0.464639
CSCO,76076,QMLE-Trade,2008-9-16,0.584294
CSCO,76076,QMLE-Trade,2008-9-17,0.578614
CSCO,76076,QMLE-Trade,2008-9-18,0.68543
CSCO,76076,QMLE-Trade,2008-9-19,0.832132
CSCO,76076,QMLE-Trade,2008-9-22,0.405
CSCO,76076,QMLE-Trade,2008-9-23,0.502006
CSCO,76076,QMLE-Trade,2008-9-24,0.438636
CSCO,76076,QMLE-Trade,2008-9-25,0.357633
CSCO,76076,QMLE-Trade,2008-9-26,0.467107
CSCO,76076,QMLE-Trade,2008-9-29,0.821007
CSCO,76076,QMLE-Trade,2008-9-30,0.451399
CSCO,76076,QMLE-Trade,2008-10-1,0.470837
CSCO,76076,QMLE-Trade,2008-10-2,0.477001
CSCO,76076,QMLE-Trade,2008-10-3,0.731981
CSCO,76076,QMLE-Trade,2008-10-6,0.863391
CSCO,76076,QMLE-Trade,2008-10-7,0.841263
CSCO,76076,QMLE-Trade,2008-10-8,1.29978
CSCO,76076,QMLE-Trade,2008-10-9,0.816546
CSCO,76076,QMLE-Trade,2008-10-10,1.61832
CSCO,76076,QMLE-Trade,2008-10-13,0.47188
CSCO,76076,QMLE-Trade,2008-10-14,0.911236
CSCO,76076,QMLE-Trade,2008-10-15,0.799564
CSCO,76076,QMLE-Trade,2008-10-16,1.13808
CSCO,76076,QMLE-Trade,2008-10-17,0.938866
CSCO,76076,QMLE-Trade,2008-10-20,0.668788
CSCO,76076,QMLE-Trade,2008-10-21,0.631521
CSCO,76076,QMLE-Trade,2008-10-22,0.691026
CSCO,76076,QMLE-Trade,2008-10-23,1.15879
CSCO,76076,QMLE-Trade,2008-10-24,1.06692
CSCO,76076,QMLE-Trade,2008-10-27,0.749534
CSCO,76076,QMLE-Trade,2008-10-28,0.718053
CSCO,76076,QMLE-Trade,2008-10-29,0.808122
CSCO,76076,QMLE-Trade,2008-10-30,0.596803
CSCO,76076,QMLE-Trade,2008-10-31,0.625696
CSCO,76076,QMLE-Trade,2008-11-3,0.442275
CSCO,76076,QMLE-Trade,2008-11-4,0.517468
CSCO,76076,QMLE-Trade,2008-11-5,0.556408
CSCO,76076,QMLE-Trade,2008-11-6,0.726982
CSCO,76076,QMLE-Trade,2008-11-7,0.547751
CSCO,76076,QMLE-Trade,2008-11-10,0.485534
CSCO,76076,QMLE-Trade,2008-11-11,0.553643
CSCO,76076,QMLE-Trade,2008-11-12,0.531693
CSCO,76076,QMLE-Trade,2008-11-13,0.772217
CSCO,76076,QMLE-Trade,2008-11-14,0.636437
CSCO,76076,QMLE-Trade,2008-11-17,0.633211
CSCO,76076,QMLE-Trade,2008-11-18,0.668652
CSCO,76076,QMLE-Trade,2008-11-19,0.583624
CSCO,76076,QMLE-Trade,2008-11-20,0.925633
CSCO,76076,QMLE-Trade,2008-11-21,1.03021
CSCO,76076,QMLE-Trade,2008-11-24,0.668252
CSCO,76076,QMLE-Trade,2008-11-25,0.700827
CSCO,76076,QMLE-Trade,2008-11-26,0.550852
CSCO,76076,QMLE-Trade,2008-11-28,0.466961
CSCO,76076,QMLE-Trade,2008-12-1,0.52852
CSCO,76076,QMLE-Trade,2008-12-2,0.587638
CSCO,76076,QMLE-Trade,2008-12-3,0.751934
CSCO,76076,QMLE-Trade,2008-12-4,0.633627
CSCO,76076,QMLE-Trade,2008-12-5,0.688983
CSCO,76076,QMLE-Trade,2008-12-8,0.621614
CSCO,76076,QMLE-Trade,2008-12-9,0.567407
CSCO,76076,QMLE-Trade,2008-12-10,0.453806
CSCO,76076,QMLE-Trade,2008-12-11,0.509838
CSCO,76076,QMLE-Trade,2008-12-12,0.521461
CSCO,76076,QMLE-Trade,2008-12-15,0.443875
CSCO,76076,QMLE-Trade,2008-12-16,0.538681
CSCO,76076,QMLE-Trade,2008-12-17,0.431225
CSCO,76076,QMLE-Trade,2008-12-18,0.369395
CSCO,76076,QMLE-Trade,2008-12-19,0.413094
CSCO,76076,QMLE-Trade,2008-12-22,0.380473
CSCO,76076,QMLE-Trade,2008-12-23,0.406464
CSCO,76076,QMLE-Trade,2008-12-24,0.272524
CSCO,76076,QMLE-Trade,2008-12-26,0.195308
CSCO,76076,QMLE-Trade,2008-12-29,0.298338
CSCO,76076,QMLE-Trade,2008-12-30,0.247959
CSCO,76076,QMLE-Trade,2008-12-31,0.310551
CSCO,76076,QMLE-Trade,2009-1-2,0.351241
CSCO,76076,QMLE-Trade,2009-1-5,0.369117
CSCO,76076,QMLE-Trade,2009-1-6,0.362051
CSCO,76076,QMLE-Trade,2009-1-7,0.400353
CSCO,76076,QMLE-Trade,2009-1-8,0.351211
CSCO,76076,QMLE-Trade,2009-1-9,0.448668
CSCO,76076,QMLE-Trade,2009-1-12,0.355154
CSCO,76076,QMLE-Trade,2009-1-13,0.428512
CSCO,76076,QMLE-Trade,2009-1-14,0.44159
CSCO,76076,QMLE-Trade,2009-1-15,0.541718
CSCO,76076,QMLE-Trade,2009-1-16,0.466312
CSCO,76076,QMLE-Trade,2009-1-20,0.463013
CSCO,76076,QMLE-Trade,2009-1-21,0.404112
CSCO,76076,QMLE-Trade,2009-1-22,0.512235
CSCO,76076,QMLE-Trade,2009-1-23,0.489831
CSCO,76076,QMLE-Trade,2009-1-26,0.463901
CSCO,76076,QMLE-Trade,2009-1-27,0.409614
CSCO,76076,QMLE-Trade,2009-1-28,0.381293
CSCO,76076,QMLE-Trade,2009-1-29,0.411829
CSCO,76076,QMLE-Trade,2009-1-30,0.434598
CSCO,76076,QMLE-Trade,2009-2-2,0.417379
CSCO,76076,QMLE-Trade,2009-2-3,0.4939
CSCO,76076,QMLE-Trade,2009-2-4,0.53665
CSCO,76076,QMLE-Trade,2009-2-5,0.643279
CSCO,76076,QMLE-Trade,2009-2-6,0.419081
CSCO,76076,QMLE-Trade,2009-2-9,0.349116
CSCO,76076,QMLE-Trade,2009-2-10,0.526898
CSCO,76076,QMLE-Trade,2009-2-11,0.417277
CSCO,76076,QMLE-Trade,2009-2-12,0.469431
CSCO,76076,QMLE-Trade,2009-2-13,0.387502
CSCO,76076,QMLE-Trade,2009-2-17,0.434169
CSCO,76076,QMLE-Trade,2009-2-18,0.428866
CSCO,76076,QMLE-Trade,2009-2-19,0.359385
CSCO,76076,QMLE-Trade,2009-2-20,0.512106
CSCO,76076,QMLE-Trade,2009-2-23,0.479171
CSCO,76076,QMLE-Trade,2009-2-24,0.451997
CSCO,76076,QMLE-Trade,2009-2-25,0.505172
CSCO,76076,QMLE-Trade,2009-2-26,0.512109
CSCO,76076,QMLE-Trade,2009-2-27,0.514115
CSCO,76076,QMLE-Trade,2009-3-2,0.457521
CSCO,76076,QMLE-Trade,2009-3-3,0.501433
CSCO,76076,QMLE-Trade,2009-3-4,0.43425
CSCO,76076,QMLE-Trade,2009-3-5,0.461187
CSCO,76076,QMLE-Trade,2009-3-6,0.496503
CSCO,76076,QMLE-Trade,2009-3-9,0.517929
CSCO,76076,QMLE-Trade,2009-3-10,0.516129
CSCO,76076,QMLE-Trade,2009-3-11,0.439732
CSCO,76076,QMLE-Trade,2009-3-12,0.44689
CSCO,76076,QMLE-Trade,2009-3-13,0.393512
CSCO,76076,QMLE-Trade,2009-3-16,0.375656
CSCO,76076,QMLE-Trade,2009-3-17,0.3651
CSCO,76076,QMLE-Trade,2009-3-18,0.477775
CSCO,76076,QMLE-Trade,2009-3-19,0.471619
CSCO,76076,QMLE-Trade,2009-3-20,0.454562
CSCO,76076,QMLE-Trade,2009-3-23,0.456955
CSCO,76076,QMLE-Trade,2009-3-24,0.401477
CSCO,76076,QMLE-Trade,2009-3-25,0.479843
CSCO,76076,QMLE-Trade,2009-3-26,0.421681
CSCO,76076,QMLE-Trade,2009-3-27,0.34359
CSCO,76076,QMLE-Trade,2009-3-30,0.357201
CSCO,76076,QMLE-Trade,2009-3-31,0.393545
CSCO,76076,QMLE-Trade,2009-4-1,0.526977
CSCO,76076,QMLE-Trade,2009-4-2,0.440118
CSCO,76076,QMLE-Trade,2009-4-3,0.367172
CSCO,76076,QMLE-Trade,2009-4-6,0.426673
CSCO,76076,QMLE-Trade,2009-4-7,0.315366
CSCO,76076,QMLE-Trade,2009-4-8,0.334849
CSCO,76076,QMLE-Trade,2009-4-9,0.27658
CSCO,76076,QMLE-Trade,2009-4-13,0.338283
CSCO,76076,QMLE-Trade,2009-4-14,0.339498
CSCO,76076,QMLE-Trade,2009-4-15,0.320865
CSCO,76076,QMLE-Trade,2009-4-16,0.32484
CSCO,76076,QMLE-Trade,2009-4-17,0.315348
CSCO,76076,QMLE-Trade,2009-4-20,0.320017
CSCO,76076,QMLE-Trade,2009-4-21,0.339892
CSCO,76076,QMLE-Trade,2009-4-22,0.359147
CSCO,76076,QMLE-Trade,2009-4-23,0.378646
CSCO,76076,QMLE-Trade,2009-4-24,0.383661
CSCO,76076,QMLE-Trade,2009-4-27,0.371647
CSCO,76076,QMLE-Trade,2009-4-28,0.339646
CSCO,76076,QMLE-Trade,2009-4-29,0.367979
CSCO,76076,QMLE-Trade,2009-4-30,0.356324
CSCO,76076,QMLE-Trade,2009-5-1,0.351348
CSCO,76076,QMLE-Trade,2009-5-4,0.397633
CSCO,76076,QMLE-Trade,2009-5-5,0.336171
CSCO,76076,QMLE-Trade,2009-5-6,0.409186
CSCO,76076,QMLE-Trade,2009-5-7,0.444164
CSCO,76076,QMLE-Trade,2009-5-8,0.391316
CSCO,76076,QMLE-Trade,2009-5-11,0.313522
CSCO,76076,QMLE-Trade,2009-5-12,0.277196
CSCO,76076,QMLE-Trade,2009-5-13,0.316311
CSCO,76076,QMLE-Trade,2009-5-14,0.239838
CSCO,76076,QMLE-Trade,2009-5-15,0.258723
CSCO,76076,QMLE-Trade,2009-5-18,0.272547
CSCO,76076,QMLE-Trade,2009-5-19,0.288666
CSCO,76076,QMLE-Trade,2009-5-20,0.309501
CSCO,76076,QMLE-Trade,2009-5-21,0.312261
CSCO,76076,QMLE-Trade,2009-5-22,0.316443
CSCO,76076,QMLE-Trade,2009-5-26,0.327088
CSCO,76076,QMLE-Trade,2009-5-27,0.336123
CSCO,76076,QMLE-Trade,2009-5-28,0.348327
CSCO,76076,QMLE-Trade,2009-5-29,0.316728
CSCO,76076,QMLE-Trade,2009-6-1,0.326266
CSCO,76076,QMLE-Trade,2009-6-2,0.279933
CSCO,76076,QMLE-Trade,2009-6-3,0.259636
CSCO,76076,QMLE-Trade,2009-6-4,0.261068
CSCO,76076,QMLE-Trade,2009-6-5,0.365532
CSCO,76076,QMLE-Trade,2009-6-8,0.252043
CSCO,76076,QMLE-Trade,2009-6-9,0.314352
CSCO,76076,QMLE-Trade,2009-6-10,0.281421
CSCO,76076,QMLE-Trade,2009-6-11,0.28612
CSCO,76076,QMLE-Trade,2009-6-12,0.248315
CSCO,76076,QMLE-Trade,2009-6-15,0.251428
CSCO,76076,QMLE-Trade,2009-6-16,0.272051
CSCO,76076,QMLE-Trade,2009-6-17,0.31095
CSCO,76076,QMLE-Trade,2009-6-18,0.2418
CSCO,76076,QMLE-Trade,2009-6-19,0.237362
CSCO,76076,QMLE-Trade,2009-6-22,0.263834
CSCO,76076,QMLE-Trade,2009-6-23,0.281457
CSCO,76076,QMLE-Trade,2009-6-24,0.301086
CSCO,76076,QMLE-Trade,2009-6-25,0.279727
CSCO,76076,QMLE-Trade,2009-6-26,0.226707
CSCO,76076,QMLE-Trade,2009-6-29,0.209855
CSCO,76076,QMLE-Trade,2009-6-30,0.263869
CSCO,76076,QMLE-Trade,2009-7-1,0.179551
CSCO,76076,QMLE-Trade,2009-7-2,0.221052
CSCO,76076,QMLE-Trade,2009-7-6,0.241087
CSCO,76076,QMLE-Trade,2009-7-7,0.232999
CSCO,76076,QMLE-Trade,2009-7-8,0.312767
CSCO,76076,QMLE-Trade,2009-7-9,0.32062
CSCO,76076,QMLE-Trade,2009-7-10,0.303695
CSCO,76076,QMLE-Trade,2009-7-13,0.294254
CSCO,76076,QMLE-Trade,2009-7-14,0.295687
CSCO,76076,QMLE-Trade,2009-7-15,0.23568
CSCO,76076,QMLE-Trade,2009-7-16,0.244628
CSCO,76076,QMLE-Trade,2009-7-17,0.27614
CSCO,76076,QMLE-Trade,2009-7-20,0.261919
CSCO,76076,QMLE-Trade,2009-7-21,0.288433
CSCO,76076,QMLE-Trade,2009-7-22,0.297583
CSCO,76076,QMLE-Trade,2009-7-23,0.277932
CSCO,76076,QMLE-Trade,2009-7-24,0.28187
CSCO,76076,QMLE-Trade,2009-7-27,0.247108
CSCO,76076,QMLE-Trade,2009-7-28,0.254392
CSCO,76076,QMLE-Trade,2009-7-29,0.256242
CSCO,76076,QMLE-Trade,2009-7-30,0.258357
CSCO,76076,QMLE-Trade,2009-7-31,0.222497
CSCO,76076,QMLE-Trade,2009-8-3,0.237096
CSCO,76076,QMLE-Trade,2009-8-4,0.214027
CSCO,76076,QMLE-Trade,2009-8-5,0.243641
CSCO,76076,QMLE-Trade,2009-8-6,0.336603
CSCO,76076,QMLE-Trade,2009-8-7,0.25547
CSCO,76076,QMLE-Trade,2009-8-10,0.202993
CSCO,76076,QMLE-Trade,2009-8-11,0.208068
CSCO,76076,QMLE-Trade,2009-8-12,0.208308
CSCO,76076,QMLE-Trade,2009-8-13,0.236366
CSCO,76076,QMLE-Trade,2009-8-14,0.216796
CSCO,76076,QMLE-Trade,2009-8-17,0.246167
CSCO,76076,QMLE-Trade,2009-8-18,0.202209
CSCO,76076,QMLE-Trade,2009-8-19,0.252798
CSCO,76076,QMLE-Trade,2009-8-20,0.207606
CSCO,76076,QMLE-Trade,2009-8-21,0.232594
CSCO,76076,QMLE-Trade,2009-8-24,0.256374
CSCO,76076,QMLE-Trade,2009-8-25,0.269022
CSCO,76076,QMLE-Trade,2009-8-26,0.224069
CSCO,76076,QMLE-Trade,2009-8-27,0.212613
CSCO,76076,QMLE-Trade,2009-8-28,0.266173
CSCO,76076,QMLE-Trade,2009-8-31,0.241633
CSCO,76076,QMLE-Trade,2009-9-1,0.321694
CSCO,76076,QMLE-Trade,2009-9-2,0.246209
CSCO,76076,QMLE-Trade,2009-9-3,0.256293
CSCO,76076,QMLE-Trade,2009-9-4,0.235843
CSCO,76076,QMLE-Trade,2009-9-8,0.24802
CSCO,76076,QMLE-Trade,2009-9-9,0.236226
CSCO,76076,QMLE-Trade,2009-9-10,0.231596
CSCO,76076,QMLE-Trade,2009-9-11,0.238737
CSCO,76076,QMLE-Trade,2009-9-14,0.196724
CSCO,76076,QMLE-Trade,2009-9-15,0.209598
CSCO,76076,QMLE-Trade,2009-9-16,0.165709
CSCO,76076,QMLE-Trade,2009-9-17,0.197446
CSCO,76076,QMLE-Trade,2009-9-18,0.20409
CSCO,76076,QMLE-Trade,2009-9-21,0.216152
CSCO,76076,QMLE-Trade,2009-9-22,0.194973
CSCO,76076,QMLE-Trade,2009-9-23,0.228717
CSCO,76076,QMLE-Trade,2009-9-24,0.270541
CSCO,76076,QMLE-Trade,2009-9-25,0.274904
CSCO,76076,QMLE-Trade,2009-9-28,0.245808
CSCO,76076,QMLE-Trade,2009-9-29,0.231191
CSCO,76076,QMLE-Trade,2009-9-30,0.299031
CSCO,76076,QMLE-Trade,2009-10-1,0.267445
CSCO,76076,QMLE-Trade,2009-10-2,0.235643
CSCO,76076,QMLE-Trade,2009-10-5,0.237991
CSCO,76076,QMLE-Trade,2009-10-6,0.249819
CSCO,76076,QMLE-Trade,2009-10-7,0.216856
CSCO,76076,QMLE-Trade,2009-10-8,0.22538
CSCO,76076,QMLE-Trade,2009-10-9,0.182897
CSCO,76076,QMLE-Trade,2009-10-12,0.179415
CSCO,76076,QMLE-Trade,2009-10-13,0.250629
CSCO,76076,QMLE-Trade,2009-10-14,0.189131
CSCO,76076,QMLE-Trade,2009-10-15,0.162796
CSCO,76076,QMLE-Trade,2009-10-16,0.201171
CSCO,76076,QMLE-Trade,2009-10-19,0.193565
CSCO,76076,QMLE-Trade,2009-10-20,0.21514
CSCO,76076,QMLE-Trade,2009-10-21,0.229253
CSCO,76076,QMLE-Trade,2009-10-22,0.242237
CSCO,76076,QMLE-Trade,2009-10-23,0.259477
CSCO,76076,QMLE-Trade,2009-10-26,0.269841
CSCO,76076,QMLE-Trade,2009-10-27,0.260748
CSCO,76076,QMLE-Trade,2009-10-28,0.269684
CSCO,76076,QMLE-Trade,2009-10-29,0.2437
CSCO,76076,QMLE-Trade,2009-10-30,0.328809
CSCO,76076,QMLE-Trade,2009-11-2,0.335708
CSCO,76076,QMLE-Trade,2009-11-3,0.324066
CSCO,76076,QMLE-Trade,2009-11-4,0.300193
CSCO,76076,QMLE-Trade,2009-11-5,0.270407
CSCO,76076,QMLE-Trade,2009-11-6,0.237824
CSCO,76076,QMLE-Trade,2009-11-9,0.175019
CSCO,76076,QMLE-Trade,2009-11-10,0.19908
CSCO,76076,QMLE-Trade,2009-11-11,0.181037
CSCO,76076,QMLE-Trade,2009-11-12,0.218228
CSCO,76076,QMLE-Trade,2009-11-13,0.177375
CSCO,76076,QMLE-Trade,2009-11-16,0.164685
CSCO,76076,QMLE-Trade,2009-11-17,0.168195
CSCO,76076,QMLE-Trade,2009-11-18,0.145154
CSCO,76076,QMLE-Trade,2009-11-19,0.199445
CSCO,76076,QMLE-Trade,2009-11-20,0.142696
CSCO,76076,QMLE-Trade,2009-11-23,0.143174
CSCO,76076,QMLE-Trade,2009-11-24,0.164015
CSCO,76076,QMLE-Trade,2009-11-25,0.136285
CSCO,76076,QMLE-Trade,2009-11-27,0.273813
CSCO,76076,QMLE-Trade,2009-11-30,0.197166
CSCO,76076,QMLE-Trade,2009-12-1,0.199524
CSCO,76076,QMLE-Trade,2009-12-2,0.170482
CSCO,76076,QMLE-Trade,2009-12-3,0.14754
CSCO,76076,QMLE-Trade,2009-12-4,0.222656
CSCO,76076,QMLE-Trade,2009-12-7,0.155724
CSCO,76076,QMLE-Trade,2009-12-8,0.26317
CSCO,76076,QMLE-Trade,2009-12-9,0.191967
CSCO,76076,QMLE-Trade,2009-12-10,0.175596
CSCO,76076,QMLE-Trade,2009-12-11,0.160609
CSCO,76076,QMLE-Trade,2009-12-14,0.121022
CSCO,76076,QMLE-Trade,2009-12-15,0.142472
CSCO,76076,QMLE-Trade,2009-12-16,0.187751
CSCO,76076,QMLE-Trade,2009-12-17,0.187709
CSCO,76076,QMLE-Trade,2009-12-18,0.189397
CSCO,76076,QMLE-Trade,2009-12-21,0.176762
CSCO,76076,QMLE-Trade,2009-12-22,0.168277
CSCO,76076,QMLE-Trade,2009-12-23,0.144437
CSCO,76076,QMLE-Trade,2009-12-24,0.124016
CSCO,76076,QMLE-Trade,2009-12-28,0.138914
CSCO,76076,QMLE-Trade,2009-12-29,0.105269
CSCO,76076,QMLE-Trade,2009-12-30,0.128064
CSCO,76076,QMLE-Trade,2009-12-31,0.100776
CSCO,76076,QMLE-Trade,2010-1-4,0.186653
CSCO,76076,QMLE-Trade,2010-1-5,0.17049
CSCO,76076,QMLE-Trade,2010-1-6,0.190727
CSCO,76076,QMLE-Trade,2010-1-7,0.195883
CSCO,76076,QMLE-Trade,2010-1-8,0.194947
CSCO,76076,QMLE-Trade,2010-1-11,0.201458
CSCO,76076,QMLE-Trade,2010-1-12,0.190329
CSCO,76076,QMLE-Trade,2010-1-13,0.178896
CSCO,76076,QMLE-Trade,2010-1-14,0.160841
CSCO,76076,QMLE-Trade,2010-1-15,0.267256
CSCO,76076,QMLE-Trade,2010-1-19,0.176562
CSCO,76076,QMLE-Trade,2010-1-20,0.207635
CSCO,76076,QMLE-Trade,2010-1-21,0.297745
CSCO,76076,QMLE-Trade,2010-1-22,0.329847
CSCO,76076,QMLE-Trade,2010-1-25,0.25904
CSCO,76076,QMLE-Trade,2010-1-26,0.259474
CSCO,76076,QMLE-Trade,2010-1-27,0.303573
CSCO,76076,QMLE-Trade,2010-1-28,0.347127
CSCO,76076,QMLE-Trade,2010-1-29,0.341321
CSCO,76076,QMLE-Trade,2010-2-1,0.26112
CSCO,76076,QMLE-Trade,2010-2-2,0.238992
CSCO,76076,QMLE-Trade,2010-2-3,0.233505
CSCO,76076,QMLE-Trade,2010-2-4,0.320414
CSCO,76076,QMLE-Trade,2010-2-5,0.316294
CSCO,76076,QMLE-Trade,2010-2-8,0.245961
CSCO,76076,QMLE-Trade,2010-2-9,0.228673
CSCO,76076,QMLE-Trade,2010-2-10,0.215231
CSCO,76076,QMLE-Trade,2010-2-11,0.229616
CSCO,76076,QMLE-Trade,2010-2-12,0.221563
CSCO,76076,QMLE-Trade,2010-2-16,0.147087
CSCO,76076,QMLE-Trade,2010-2-17,0.142987
CSCO,76076,QMLE-Trade,2010-2-18,0.14925
CSCO,76076,QMLE-Trade,2010-2-19,0.16191
CSCO,76076,QMLE-Trade,2010-2-22,0.16826
CSCO,76076,QMLE-Trade,2010-2-23,0.184564
CSCO,76076,QMLE-Trade,2010-2-24,0.170398
CSCO,76076,QMLE-Trade,2010-2-25,0.215495
CSCO,76076,QMLE-Trade,2010-2-26,0.177038
CSCO,76076,QMLE-Trade,2010-3-1,0.144733
CSCO,76076,QMLE-Trade,2010-3-2,0.144604
CSCO,76076,QMLE-Trade,2010-3-3,0.167687
CSCO,76076,QMLE-Trade,2010-3-4,0.153414
CSCO,76076,QMLE-Trade,2010-3-5,0.10506
CSCO,76076,QMLE-Trade,2010-3-8,0.196879
CSCO,76076,QMLE-Trade,2010-3-9,0.288464
CSCO,76076,QMLE-Trade,2010-3-10,0.212285
CSCO,76076,QMLE-Trade,2010-3-11,0.141061
CSCO,76076,QMLE-Trade,2010-3-12,0.168251
CSCO,76076,QMLE-Trade,2010-3-15,0.146036
CSCO,76076,QMLE-Trade,2010-3-16,0.175488
CSCO,76076,QMLE-Trade,2010-3-17,0.122007
CSCO,76076,QMLE-Trade,2010-3-18,0.128562
CSCO,76076,QMLE-Trade,2010-3-19,0.182994
CSCO,76076,QMLE-Trade,2010-3-22,0.17967
CSCO,76076,QMLE-Trade,2010-3-23,0.16725
CSCO,76076,QMLE-Trade,2010-3-24,0.163434
CSCO,76076,QMLE-Trade,2010-3-25,0.166125
CSCO,76076,QMLE-Trade,2010-3-26,0.181486
CSCO,76076,QMLE-Trade,2010-3-29,0.143828
CSCO,76076,QMLE-Trade,2010-3-30,0.16606
CSCO,76076,QMLE-Trade,2010-3-31,0.146895
CSCO,76076,QMLE-Trade,2010-4-1,0.146454
CSCO,76076,QMLE-Trade,2010-4-5,0.133812
CSCO,76076,QMLE-Trade,2010-4-6,0.128043
CSCO,76076,QMLE-Trade,2010-4-7,0.194527
CSCO,76076,QMLE-Trade,2010-4-8,0.176806
CSCO,76076,QMLE-Trade,2010-4-9,0.145455
CSCO,76076,QMLE-Trade,2010-4-12,0.147032
CSCO,76076,QMLE-Trade,2010-4-13,0.139521
CSCO,76076,QMLE-Trade,2010-4-14,0.14043
CSCO,76076,QMLE-Trade,2010-4-15,0.112348
CSCO,76076,QMLE-Trade,2010-4-16,0.210883
CSCO,76076,QMLE-Trade,2010-4-19,0.201272
CSCO,76076,QMLE-Trade,2010-4-20,0.16349
CSCO,76076,QMLE-Trade,2010-4-21,0.184085
CSCO,76076,QMLE-Trade,2010-4-22,0.208322
CSCO,76076,QMLE-Trade,2010-4-23,0.157601
CSCO,76076,QMLE-Trade,2010-4-26,0.160375
CSCO,76076,QMLE-Trade,2010-4-27,0.231015
CSCO,76076,QMLE-Trade,2010-4-28,0.24015
CSCO,76076,QMLE-Trade,2010-4-29,0.178325
CSCO,76076,QMLE-Trade,2010-4-30,0.205812
CSCO,76076,QMLE-Trade,2010-5-3,0.183297
CSCO,76076,QMLE-Trade,2010-5-4,0.236706
CSCO,76076,QMLE-Trade,2010-5-5,0.272789
CSCO,76076,QMLE-Trade,2010-5-6,0.671589
CSCO,76076,QMLE-Trade,2010-5-7,0.648403
CSCO,76076,QMLE-Trade,2010-5-10,0.350984
CSCO,76076,QMLE-Trade,2010-5-11,0.26515
CSCO,76076,QMLE-Trade,2010-5-12,0.225831
CSCO,76076,QMLE-Trade,2010-5-13,0.268635
CSCO,76076,QMLE-Trade,2010-5-14,0.288162
CSCO,76076,QMLE-Trade,2010-5-17,0.279944
CSCO,76076,QMLE-Trade,2010-5-18,0.290186
CSCO,76076,QMLE-Trade,2010-5-19,0.333065
CSCO,76076,QMLE-Trade,2010-5-20,0.416111
CSCO,76076,QMLE-Trade,2010-5-21,0.398465
CSCO,76076,QMLE-Trade,2010-5-24,0.296686
CSCO,76076,QMLE-Trade,2010-5-25,0.351506
CSCO,76076,QMLE-Trade,2010-5-26,0.290647
CSCO,76076,QMLE-Trade,2010-5-27,0.244573
CSCO,76076,QMLE-Trade,2010-5-28,0.330061
CSCO,76076,QMLE-Trade,2010-6-1,0.25835
CSCO,76076,QMLE-Trade,2010-6-2,0.230044
CSCO,76076,QMLE-Trade,2010-6-3,0.256459
CSCO,76076,QMLE-Trade,2010-6-4,0.293929
CSCO,76076,QMLE-Trade,2010-6-7,0.277888
CSCO,76076,QMLE-Trade,2010-6-8,0.314435
CSCO,76076,QMLE-Trade,2010-6-9,0.268235
CSCO,76076,QMLE-Trade,2010-6-10,0.24864
CSCO,76076,QMLE-Trade,2010-6-11,0.250982
CSCO,76076,QMLE-Trade,2010-6-14,0.232512
CSCO,76076,QMLE-Trade,2010-6-15,0.178036
CSCO,76076,QMLE-Trade,2010-6-16,0.223038
CSCO,76076,QMLE-Trade,2010-6-17,0.208115
CSCO,76076,QMLE-Trade,2010-6-18,0.192857
CSCO,76076,QMLE-Trade,2010-6-21,0.224328
CSCO,76076,QMLE-Trade,2010-6-22,0.270127
CSCO,76076,QMLE-Trade,2010-6-23,0.310424
CSCO,76076,QMLE-Trade,2010-6-24,0.261256
CSCO,76076,QMLE-Trade,2010-6-25,0.275425
CSCO,76076,QMLE-Trade,2010-6-28,0.249053
CSCO,76076,QMLE-Trade,2010-6-29,0.3292
CSCO,76076,QMLE-Trade,2010-6-30,0.261279
CSCO,76076,QMLE-Trade,2010-7-1,0.324246
CSCO,76076,QMLE-Trade,2010-7-2,0.231226
CSCO,76076,QMLE-Trade,2010-7-6,0.274851
CSCO,76076,QMLE-Trade,2010-7-7,0.240503
CSCO,76076,QMLE-Trade,2010-7-8,0.255327
CSCO,76076,QMLE-Trade,2010-7-9,0.197698
CSCO,76076,QMLE-Trade,2010-7-12,0.202489
CSCO,76076,QMLE-Trade,2010-7-13,0.215577
CSCO,76076,QMLE-Trade,2010-7-14,0.220004
CSCO,76076,QMLE-Trade,2010-7-15,0.261251
CSCO,76076,QMLE-Trade,2010-7-16,0.283004
CSCO,76076,QMLE-Trade,2010-7-19,0.228744
CSCO,76076,QMLE-Trade,2010-7-20,0.255345
CSCO,76076,QMLE-Trade,2010-7-21,0.270936
CSCO,76076,QMLE-Trade,2010-7-22,0.217293
CSCO,76076,QMLE-Trade,2010-7-23,0.257188
CSCO,76076,QMLE-Trade,2010-7-26,0.191406
CSCO,76076,QMLE-Trade,2010-7-27,0.216684
CSCO,76076,QMLE-Trade,2010-7-28,0.219118
CSCO,76076,QMLE-Trade,2010-7-29,0.258867
CSCO,76076,QMLE-Trade,2010-7-30,0.247626
CSCO,76076,QMLE-Trade,2010-8-2,0.187181
CSCO,76076,QMLE-Trade,2010-8-3,0.179535
CSCO,76076,QMLE-Trade,2010-8-4,0.178296
CSCO,76076,QMLE-Trade,2010-8-5,0.160026
CSCO,76076,QMLE-Trade,2010-8-6,0.226215
CSCO,76076,QMLE-Trade,2010-8-9,0.185065
CSCO,76076,QMLE-Trade,2010-8-10,0.274197
CSCO,76076,QMLE-Trade,2010-8-11,0.270927
CSCO,76076,QMLE-Trade,2010-8-12,0.34334
CSCO,76076,QMLE-Trade,2010-8-13,0.192789
CSCO,76076,QMLE-Trade,2010-8-16,0.236424
CSCO,76076,QMLE-Trade,2010-8-17,0.187242
CSCO,76076,QMLE-Trade,2010-8-18,0.188312
CSCO,76076,QMLE-Trade,2010-8-19,0.194388
CSCO,76076,QMLE-Trade,2010-8-20,0.166478
CSCO,76076,QMLE-Trade,2010-8-23,0.235776
CSCO,76076,QMLE-Trade,2010-8-24,0.271491
CSCO,76076,QMLE-Trade,2010-8-25,0.248012
CSCO,76076,QMLE-Trade,2010-8-26,0.2412
CSCO,76076,QMLE-Trade,2010-8-27,0.296636
CSCO,76076,QMLE-Trade,2010-8-30,0.227613
CSCO,76076,QMLE-Trade,2010-8-31,0.283737
CSCO,76076,QMLE-Trade,2010-9-1,0.213118
CSCO,76076,QMLE-Trade,2010-9-2,0.214586
CSCO,76076,QMLE-Trade,2010-9-3,0.218083
CSCO,76076,QMLE-Trade,2010-9-7,0.231869
CSCO,76076,QMLE-Trade,2010-9-8,0.219114
CSCO,76076,QMLE-Trade,2010-9-9,0.196194
CSCO,76076,QMLE-Trade,2010-9-10,0.203787
CSCO,76076,QMLE-Trade,2010-9-13,0.196776
CSCO,76076,QMLE-Trade,2010-9-14,0.350727
CSCO,76076,QMLE-Trade,2010-9-15,0.214878
CSCO,76076,QMLE-Trade,2010-9-16,0.194797
CSCO,76076,QMLE-Trade,2010-9-17,0.235397
CSCO,76076,QMLE-Trade,2010-9-20,0.179759
CSCO,76076,QMLE-Trade,2010-9-21,0.258661
CSCO,76076,QMLE-Trade,2010-9-22,0.228035
CSCO,76076,QMLE-Trade,2010-9-23,0.207227
CSCO,76076,QMLE-Trade,2010-9-24,0.18623
CSCO,76076,QMLE-Trade,2010-9-27,0.200744
CSCO,76076,QMLE-Trade,2010-9-28,0.253811
CSCO,76076,QMLE-Trade,2010-9-29,0.226734
CSCO,76076,QMLE-Trade,2010-9-30,0.273899
CSCO,76076,QMLE-Trade,2010-10-1,0.234746
CSCO,76076,QMLE-Trade,2010-10-4,0.205763
CSCO,76076,QMLE-Trade,2010-10-5,0.208908
CSCO,76076,QMLE-Trade,2010-10-6,0.21295
CSCO,76076,QMLE-Trade,2010-10-7,0.224883
CSCO,76076,QMLE-Trade,2010-10-8,0.1865
CSCO,76076,QMLE-Trade,2010-10-11,0.180617
CSCO,76076,QMLE-Trade,2010-10-12,0.192602
CSCO,76076,QMLE-Trade,2010-10-13,0.187795
CSCO,76076,QMLE-Trade,2010-10-14,0.181877
CSCO,76076,QMLE-Trade,2010-10-15,0.207015
CSCO,76076,QMLE-Trade,2010-10-18,0.145748
CSCO,76076,QMLE-Trade,2010-10-19,0.251113
CSCO,76076,QMLE-Trade,2010-10-20,0.211849
CSCO,76076,QMLE-Trade,2010-10-21,0.215306
CSCO,76076,QMLE-Trade,2010-10-22,0.143755
CSCO,76076,QMLE-Trade,2010-10-25,0.169642
CSCO,76076,QMLE-Trade,2010-10-26,0.185673
CSCO,76076,QMLE-Trade,2010-10-27,0.201979
CSCO,76076,QMLE-Trade,2010-10-28,0.194182
CSCO,76076,QMLE-Trade,2010-10-29,0.171939
CSCO,76076,QMLE-Trade,2010-11-1,0.193856
CSCO,76076,QMLE-Trade,2010-11-2,0.147049
CSCO,76076,QMLE-Trade,2010-11-3,0.253565
CSCO,76076,QMLE-Trade,2010-11-4,0.155095
CSCO,76076,QMLE-Trade,2010-11-5,0.151421
CSCO,76076,QMLE-Trade,2010-11-8,0.14112
CSCO,76076,QMLE-Trade,2010-11-9,0.189852
CSCO,76076,QMLE-Trade,2010-11-10,0.198611
CSCO,76076,QMLE-Trade,2010-11-11,0.359795
CSCO,76076,QMLE-Trade,2010-11-12,0.238043
CSCO,76076,QMLE-Trade,2010-11-15,0.179293
CSCO,76076,QMLE-Trade,2010-11-16,0.235462
CSCO,76076,QMLE-Trade,2010-11-17,0.21039
CSCO,76076,QMLE-Trade,2010-11-18,0.171025
CSCO,76076,QMLE-Trade,2010-11-19,0.154872
CSCO,76076,QMLE-Trade,2010-11-22,0.15726
CSCO,76076,QMLE-Trade,2010-11-23,0.167814
CSCO,76076,QMLE-Trade,2010-11-24,0.153894
CSCO,76076,QMLE-Trade,2010-11-26,0.182008
CSCO,76076,QMLE-Trade,2010-11-29,0.164005
CSCO,76076,QMLE-Trade,2010-11-30,0.161577
CSCO,76076,QMLE-Trade,2010-12-1,0.135868
CSCO,76076,QMLE-Trade,2010-12-2,0.129398
CSCO,76076,QMLE-Trade,2010-12-3,0.125947
CSCO,76076,QMLE-Trade,2010-12-6,0.143808
CSCO,76076,QMLE-Trade,2010-12-7,0.127763
CSCO,76076,QMLE-Trade,2010-12-8,0.131844
CSCO,76076,QMLE-Trade,2010-12-9,0.152299
CSCO,76076,QMLE-Trade,2010-12-10,0.144659
CSCO,76076,QMLE-Trade,2010-12-13,0.115041
CSCO,76076,QMLE-Trade,2010-12-14,0.137133
CSCO,76076,QMLE-Trade,2010-12-15,0.142326
CSCO,76076,QMLE-Trade,2010-12-16,0.151122
CSCO,76076,QMLE-Trade,2010-12-17,0.133514
CSCO,76076,QMLE-Trade,2010-12-20,0.110499
CSCO,76076,QMLE-Trade,2010-12-21,0.134995
CSCO,76076,QMLE-Trade,2010-12-22,0.0737327
CSCO,76076,QMLE-Trade,2010-12-23,0.0959893
CSCO,76076,QMLE-Trade,2010-12-27,0.138558
CSCO,76076,QMLE-Trade,2010-12-28,0.121012
CSCO,76076,QMLE-Trade,2010-12-29,0.0881241
CSCO,76076,QMLE-Trade,2010-12-30,0.0824406
CSCO,76076,QMLE-Trade,2010-12-31,0.0853388
CSCO,76076,QMLE-Trade,2011-1-3,0.1164
CSCO,76076,QMLE-Trade,2011-1-4,0.10806
CSCO,76076,QMLE-Trade,2011-1-5,0.127778
CSCO,76076,QMLE-Trade,2011-1-6,0.105726
CSCO,76076,QMLE-Trade,2011-1-7,0.119044
CSCO,76076,QMLE-Trade,2011-1-10,0.127558
CSCO,76076,QMLE-Trade,2011-1-11,0.115595
CSCO,76076,QMLE-Trade,2011-1-12,0.0940527
CSCO,76076,QMLE-Trade,2011-1-13,0.118485
CSCO,76076,QMLE-Trade,2011-1-14,0.112015
CSCO,76076,QMLE-Trade,2011-1-18,0.0837985
CSCO,76076,QMLE-Trade,2011-1-19,0.135454
CSCO,76076,QMLE-Trade,2011-1-20,0.176698
CSCO,76076,QMLE-Trade,2011-1-21,0.125094
CSCO,76076,QMLE-Trade,2011-1-24,0.122321
CSCO,76076,QMLE-Trade,2011-1-25,0.170224
CSCO,76076,QMLE-Trade,2011-1-26,0.207395
CSCO,76076,QMLE-Trade,2011-1-27,0.1506
CSCO,76076,QMLE-Trade,2011-1-28,0.182218
CSCO,76076,QMLE-Trade,2011-1-31,0.175348
CSCO,76076,QMLE-Trade,2011-2-1,0.133511
CSCO,76076,QMLE-Trade,2011-2-2,0.142678
CSCO,76076,QMLE-Trade,2011-2-3,0.163707
CSCO,76076,QMLE-Trade,2011-2-4,0.137561
CSCO,76076,QMLE-Trade,2011-2-7,0.142645
CSCO,76076,QMLE-Trade,2011-2-8,0.198076
CSCO,76076,QMLE-Trade,2011-2-9,0.167032
CSCO,76076,QMLE-Trade,2011-2-10,0.305096
CSCO,76076,QMLE-Trade,2011-2-11,0.203121
CSCO,76076,QMLE-Trade,2011-2-14,0.1658
CSCO,76076,QMLE-Trade,2011-2-15,0.124549
CSCO,76076,QMLE-Trade,2011-2-16,0.116808
CSCO,76076,QMLE-Trade,2011-2-17,0.126651
CSCO,76076,QMLE-Trade,2011-2-18,0.161103
CSCO,76076,QMLE-Trade,2011-2-22,0.171278
CSCO,76076,QMLE-Trade,2011-2-23,0.164707
CSCO,76076,QMLE-Trade,2011-2-24,0.199956
CSCO,76076,QMLE-Trade,2011-2-25,0.1283
CSCO,76076,QMLE-Trade,2011-2-28,0.140306
CSCO,76076,QMLE-Trade,2011-3-1,0.15714
CSCO,76076,QMLE-Trade,2011-3-2,0.162399
CSCO,76076,QMLE-Trade,2011-3-3,0.137896
CSCO,76076,QMLE-Trade,2011-3-4,0.129232
CSCO,76076,QMLE-Trade,2011-3-7,0.1669
CSCO,76076,QMLE-Trade,2011-3-8,0.16253
CSCO,76076,QMLE-Trade,2011-3-9,0.156145
CSCO,76076,QMLE-Trade,2011-3-10,0.13471
CSCO,76076,QMLE-Trade,2011-3-11,0.152369
CSCO,76076,QMLE-Trade,2011-3-14,0.154387
CSCO,76076,QMLE-Trade,2011-3-15,0.21032
CSCO,76076,QMLE-Trade,2011-3-16,0.248649
CSCO,76076,QMLE-Trade,2011-3-17,0.155298
CSCO,76076,QMLE-Trade,2011-3-18,0.18403
CSCO,76076,QMLE-Trade,2011-3-21,0.149026
CSCO,76076,QMLE-Trade,2011-3-22,0.160704
CSCO,76076,QMLE-Trade,2011-3-23,0.174608
CSCO,76076,QMLE-Trade,2011-3-24,0.113218
CSCO,76076,QMLE-Trade,2011-3-25,0.135758
CSCO,76076,QMLE-Trade,2011-3-28,0.143564
CSCO,76076,QMLE-Trade,2011-3-29,0.150856
CSCO,76076,QMLE-Trade,2011-3-30,0.142141
CSCO,76076,QMLE-Trade,2011-3-31,0.143614
CSCO,76076,QMLE-Trade,2011-4-1,0.108349
CSCO,76076,QMLE-Trade,2011-4-4,0.123919
CSCO,76076,QMLE-Trade,2011-4-5,0.199992
CSCO,76076,QMLE-Trade,2011-4-6,0.245693
CSCO,76076,QMLE-Trade,2011-4-7,0.259604
CSCO,76076,QMLE-Trade,2011-4-8,0.34579
CSCO,76076,QMLE-Trade,2011-4-11,0.136611
CSCO,76076,QMLE-Trade,2011-4-12,0.208044
CSCO,76076,QMLE-Trade,2011-4-13,0.169683
CSCO,76076,QMLE-Trade,2011-4-14,0.172183
CSCO,76076,QMLE-Trade,2011-4-15,0.16125
CSCO,76076,QMLE-Trade,2011-4-18,0.201015
CSCO,76076,QMLE-Trade,2011-4-19,0.166372
CSCO,76076,QMLE-Trade,2011-4-20,0.170356
CSCO,76076,QMLE-Trade,2011-4-21,0.145331
CSCO,76076,QMLE-Trade,2011-4-25,0.122033
CSCO,76076,QMLE-Trade,2011-4-26,0.164184
CSCO,76076,QMLE-Trade,2011-4-27,0.181648
CSCO,76076,QMLE-Trade,2011-4-28,0.153741
CSCO,76076,QMLE-Trade,2011-4-29,0.167708
CSCO,76076,QMLE-Trade,2011-5-2,0.15574
CSCO,76076,QMLE-Trade,2011-5-3,0.183151
CSCO,76076,QMLE-Trade,2011-5-4,0.193992
CSCO,76076,QMLE-Trade,2011-5-5,0.213492
CSCO,76076,QMLE-Trade,2011-5-6,0.215926
CSCO,76076,QMLE-Trade,2011-5-9,0.156497
CSCO,76076,QMLE-Trade,2011-5-10,0.140081
CSCO,76076,QMLE-Trade,2011-5-11,0.226598
CSCO,76076,QMLE-Trade,2011-5-12,0.346197
CSCO,76076,QMLE-Trade,2011-5-13,0.188832
CSCO,76076,QMLE-Trade,2011-5-16,0.181739
CSCO,76076,QMLE-Trade,2011-5-17,0.213271
CSCO,76076,QMLE-Trade,2011-5-18,0.187641
CSCO,76076,QMLE-Trade,2011-5-19,0.169862
CSCO,76076,QMLE-Trade,2011-5-20,0.150345
CSCO,76076,QMLE-Trade,2011-5-23,0.17547
CSCO,76076,QMLE-Trade,2011-5-24,0.15628
CSCO,76076,QMLE-Trade,2011-5-25,0.151931
CSCO,76076,QMLE-Trade,2011-5-26,0.169344
CSCO,76076,QMLE-Trade,2011-5-27,0.124869
CSCO,76076,QMLE-Trade,2011-5-31,0.150652
CSCO,76076,QMLE-Trade,2011-6-1,0.16389
CSCO,76076,QMLE-Trade,2011-6-2,0.188868
CSCO,76076,QMLE-Trade,2011-6-3,0.149478
CSCO,76076,QMLE-Trade,2011-6-6,0.167981
CSCO,76076,QMLE-Trade,2011-6-7,0.198938
CSCO,76076,QMLE-Trade,2011-6-8,0.200937
CSCO,76076,QMLE-Trade,2011-6-9,0.180125
CSCO,76076,QMLE-Trade,2011-6-10,0.214823
CSCO,76076,QMLE-Trade,2011-6-13,0.185356
CSCO,76076,QMLE-Trade,2011-6-14,0.18826
CSCO,76076,QMLE-Trade,2011-6-15,0.224413
CSCO,76076,QMLE-Trade,2011-6-16,0.209488
CSCO,76076,QMLE-Trade,2011-6-17,0.195961
CSCO,76076,QMLE-Trade,2011-6-20,0.173843
CSCO,76076,QMLE-Trade,2011-6-21,0.197676
CSCO,76076,QMLE-Trade,2011-6-22,0.170859
CSCO,76076,QMLE-Trade,2011-6-23,0.253651
CSCO,76076,QMLE-Trade,2011-6-24,0.201473
CSCO,76076,QMLE-Trade,2011-6-27,0.163304
CSCO,76076,QMLE-Trade,2011-6-28,0.132069
CSCO,76076,QMLE-Trade,2011-6-29,0.169709
CSCO,76076,QMLE-Trade,2011-6-30,0.146845
CSCO,76076,QMLE-Trade,2011-7-1,0.158964
CSCO,76076,QMLE-Trade,2011-7-5,0.187454
CSCO,76076,QMLE-Trade,2011-7-6,0.176829
CSCO,76076,QMLE-Trade,2011-7-7,0.157781
CSCO,76076,QMLE-Trade,2011-7-8,0.186243
CSCO,76076,QMLE-Trade,2011-7-11,0.191806
CSCO,76076,QMLE-Trade,2011-7-12,0.28121
CSCO,76076,QMLE-Trade,2011-7-13,0.198992
CSCO,76076,QMLE-Trade,2011-7-14,0.213048
CSCO,76076,QMLE-Trade,2011-7-15,0.220148
CSCO,76076,QMLE-Trade,2011-7-18,0.198802
CSCO,76076,QMLE-Trade,2011-7-19,0.181698
CSCO,76076,QMLE-Trade,2011-7-20,0.200589
CSCO,76076,QMLE-Trade,2011-7-21,0.236889
CSCO,76076,QMLE-Trade,2011-7-22,0.180615
CSCO,76076,QMLE-Trade,2011-7-25,0.183588
CSCO,76076,QMLE-Trade,2011-7-26,0.170413
CSCO,76076,QMLE-Trade,2011-7-27,0.221773
CSCO,76076,QMLE-Trade,2011-7-28,0.236785
CSCO,76076,QMLE-Trade,2011-7-29,0.275236
CSCO,76076,QMLE-Trade,2011-8-1,0.303067
CSCO,76076,QMLE-Trade,2011-8-2,0.273043
CSCO,76076,QMLE-Trade,2011-8-3,0.307032
CSCO,76076,QMLE-Trade,2011-8-4,0.363964
CSCO,76076,QMLE-Trade,2011-8-5,0.5199
CSCO,76076,QMLE-Trade,2011-8-8,0.510516
CSCO,76076,QMLE-Trade,2011-8-9,0.640135
CSCO,76076,QMLE-Trade,2011-8-10,0.552637
CSCO,76076,QMLE-Trade,2011-8-11,0.477533
CSCO,76076,QMLE-Trade,2011-8-12,0.379961
CSCO,76076,QMLE-Trade,2011-8-15,0.210766
CSCO,76076,QMLE-Trade,2011-8-16,0.277029
CSCO,76076,QMLE-Trade,2011-8-17,0.265321
CSCO,76076,QMLE-Trade,2011-8-18,0.33113
CSCO,76076,QMLE-Trade,2011-8-19,0.331697
CSCO,76076,QMLE-Trade,2011-8-22,0.365337
CSCO,76076,QMLE-Trade,2011-8-23,0.314821
CSCO,76076,QMLE-Trade,2011-8-24,0.256859
CSCO,76076,QMLE-Trade,2011-8-25,0.296459
CSCO,76076,QMLE-Trade,2011-8-26,0.315628
CSCO,76076,QMLE-Trade,2011-8-29,0.178072
CSCO,76076,QMLE-Trade,2011-8-30,0.259518
CSCO,76076,QMLE-Trade,2011-8-31,0.226143
CSCO,76076,QMLE-Trade,2011-9-1,0.259883
CSCO,76076,QMLE-Trade,2011-9-2,0.196336
CSCO,76076,QMLE-Trade,2011-9-6,0.245403
CSCO,76076,QMLE-Trade,2011-9-7,0.215832
CSCO,76076,QMLE-Trade,2011-9-8,0.294537
CSCO,76076,QMLE-Trade,2011-9-9,0.293532
CSCO,76076,QMLE-Trade,2011-9-12,0.275238
CSCO,76076,QMLE-Trade,2011-9-13,0.294233
CSCO,76076,QMLE-Trade,2011-9-14,0.280564
CSCO,76076,QMLE-Trade,2011-9-15,0.208322
CSCO,76076,QMLE-Trade,2011-9-16,0.235109
CSCO,76076,QMLE-Trade,2011-9-19,0.224837
CSCO,76076,QMLE-Trade,2011-9-20,0.21901
CSCO,76076,QMLE-Trade,2011-9-21,0.275227
CSCO,76076,QMLE-Trade,2011-9-22,0.448504
CSCO,76076,QMLE-Trade,2011-9-23,0.340039
CSCO,76076,QMLE-Trade,2011-9-26,0.370003
CSCO,76076,QMLE-Trade,2011-9-27,0.263083
CSCO,76076,QMLE-Trade,2011-9-28,0.285453
CSCO,76076,QMLE-Trade,2011-9-29,0.320131
CSCO,76076,QMLE-Trade,2011-9-30,0.290071
CSCO,76076,QMLE-Trade,2011-10-3,0.305618
CSCO,76076,QMLE-Trade,2011-10-4,0.413846
CSCO,76076,QMLE-Trade,2011-10-5,0.374384
CSCO,76076,QMLE-Trade,2011-10-6,0.284666
CSCO,76076,QMLE-Trade,2011-10-7,0.27787
CSCO,76076,QMLE-Trade,2011-10-10,0.216702
CSCO,76076,QMLE-Trade,2011-10-11,0.223908
CSCO,76076,QMLE-Trade,2011-10-12,0.261662
CSCO,76076,QMLE-Trade,2011-10-13,0.22615
CSCO,76076,QMLE-Trade,2011-10-14,0.215129
CSCO,76076,QMLE-Trade,2011-10-17,0.219862
CSCO,76076,QMLE-Trade,2011-10-18,0.294331
CSCO,76076,QMLE-Trade,2011-10-19,0.230939
CSCO,76076,QMLE-Trade,2011-10-20,0.297549
CSCO,76076,QMLE-Trade,2011-10-21,0.242539
CSCO,76076,QMLE-Trade,2011-10-24,0.195853
CSCO,76076,QMLE-Trade,2011-10-25,0.281365
CSCO,76076,QMLE-Trade,2011-10-26,0.291717
CSCO,76076,QMLE-Trade,2011-10-27,0.224425
CSCO,76076,QMLE-Trade,2011-10-28,0.209887
CSCO,76076,QMLE-Trade,2011-10-31,0.184125
CSCO,76076,QMLE-Trade,2011-11-1,0.336225
CSCO,76076,QMLE-Trade,2011-11-2,0.236358
CSCO,76076,QMLE-Trade,2011-11-3,0.239707
CSCO,76076,QMLE-Trade,2011-11-4,0.239487
CSCO,76076,QMLE-Trade,2011-11-7,0.216043
CSCO,76076,QMLE-Trade,2011-11-8,0.231095
CSCO,76076,QMLE-Trade,2011-11-9,0.285952
CSCO,76076,QMLE-Trade,2011-11-10,0.403538
CSCO,76076,QMLE-Trade,2011-11-11,0.238175
CSCO,76076,QMLE-Trade,2011-11-14,0.2181
CSCO,76076,QMLE-Trade,2011-11-15,0.16929
CSCO,76076,QMLE-Trade,2011-11-16,0.221145
CSCO,76076,QMLE-Trade,2011-11-17,0.311774
CSCO,76076,QMLE-Trade,2011-11-18,0.266061
CSCO,76076,QMLE-Trade,2011-11-21,0.291416
CSCO,76076,QMLE-Trade,2011-11-22,0.292319
CSCO,76076,QMLE-Trade,2011-11-23,0.237943
CSCO,76076,QMLE-Trade,2011-11-25,0.283726
CSCO,76076,QMLE-Trade,2011-11-28,0.210705
CSCO,76076,QMLE-Trade,2011-11-29,0.234092
CSCO,76076,QMLE-Trade,2011-11-30,0.235684
CSCO,76076,QMLE-Trade,2011-12-1,0.28125
CSCO,76076,QMLE-Trade,2011-12-2,0.220635
CSCO,76076,QMLE-Trade,2011-12-5,0.228169
CSCO,76076,QMLE-Trade,2011-12-6,0.199799
CSCO,76076,QMLE-Trade,2011-12-7,0.232547
CSCO,76076,QMLE-Trade,2011-12-8,0.288482
CSCO,76076,QMLE-Trade,2011-12-9,0.230136
CSCO,76076,QMLE-Trade,2011-12-12,0.232771
CSCO,76076,QMLE-Trade,2011-12-13,0.241021
CSCO,76076,QMLE-Trade,2011-12-14,0.243831
CSCO,76076,QMLE-Trade,2011-12-15,0.214907
CSCO,76076,QMLE-Trade,2011-12-16,0.257825
CSCO,76076,QMLE-Trade,2011-12-19,0.201201
CSCO,76076,QMLE-Trade,2011-12-20,0.21662
CSCO,76076,QMLE-Trade,2011-12-21,0.237684
CSCO,76076,QMLE-Trade,2011-12-22,0.132456
CSCO,76076,QMLE-Trade,2011-12-23,0.10819
CSCO,76076,QMLE-Trade,2011-12-27,0.124942
CSCO,76076,QMLE-Trade,2011-12-28,0.19308
CSCO,76076,QMLE-Trade,2011-12-29,0.126896
CSCO,76076,QMLE-Trade,2011-12-30,0.127182
CSCO,76076,QMLE-Trade,2012-1-3,0.197051
CSCO,76076,QMLE-Trade,2012-1-4,0.163893
CSCO,76076,QMLE-Trade,2012-1-5,0.2096
CSCO,76076,QMLE-Trade,2012-1-6,0.142264
CSCO,76076,QMLE-Trade,2012-1-9,0.159502
CSCO,76076,QMLE-Trade,2012-1-10,0.181291
CSCO,76076,QMLE-Trade,2012-1-11,0.165335
CSCO,76076,QMLE-Trade,2012-1-12,0.15514
CSCO,76076,QMLE-Trade,2012-1-13,0.191548
CSCO,76076,QMLE-Trade,2012-1-17,0.165741
CSCO,76076,QMLE-Trade,2012-1-18,0.178214
CSCO,76076,QMLE-Trade,2012-1-19,0.165903
CSCO,76076,QMLE-Trade,2012-1-20,0.172872
CSCO,76076,QMLE-Trade,2012-1-23,0.196278
CSCO,76076,QMLE-Trade,2012-1-24,0.205409
CSCO,76076,QMLE-Trade,2012-1-25,0.223494
CSCO,76076,QMLE-Trade,2012-1-26,0.202036
CSCO,76076,QMLE-Trade,2012-1-27,0.225158
CSCO,76076,QMLE-Trade,2012-1-30,0.200303
CSCO,76076,QMLE-Trade,2012-1-31,0.206783
CSCO,76076,QMLE-Trade,2012-2-1,0.202805
CSCO,76076,QMLE-Trade,2012-2-2,0.153138
CSCO,76076,QMLE-Trade,2012-2-3,0.145123
CSCO,76076,QMLE-Trade,2012-2-6,0.148901
CSCO,76076,QMLE-Trade,2012-2-7,0.20931
CSCO,76076,QMLE-Trade,2012-2-8,0.200337
CSCO,76076,QMLE-Trade,2012-2-9,0.306945
CSCO,76076,QMLE-Trade,2012-2-10,0.219439
CSCO,76076,QMLE-Trade,2012-2-13,0.152296
CSCO,76076,QMLE-Trade,2012-2-14,0.135189
CSCO,76076,QMLE-Trade,2012-2-15,0.205809
CSCO,76076,QMLE-Trade,2012-2-16,0.172714
CSCO,76076,QMLE-Trade,2012-2-17,0.156911
CSCO,76076,QMLE-Trade,2012-2-21,0.147498
CSCO,76076,QMLE-Trade,2012-2-22,0.184622
CSCO,76076,QMLE-Trade,2012-2-23,0.183284
CSCO,76076,QMLE-Trade,2012-2-24,0.143458
CSCO,76076,QMLE-Trade,2012-2-27,0.148158
CSCO,76076,QMLE-Trade,2012-2-28,0.148258
CSCO,76076,QMLE-Trade,2012-2-29,0.15986
CSCO,76076,QMLE-Trade,2012-3-1,0.208902
CSCO,76076,QMLE-Trade,2012-3-2,0.140354
CSCO,76076,QMLE-Trade,2012-3-5,0.194157
CSCO,76076,QMLE-Trade,2012-3-6,0.171803
CSCO,76076,QMLE-Trade,2012-3-7,0.141789
CSCO,76076,QMLE-Trade,2012-3-8,0.141491
CSCO,76076,QMLE-Trade,2012-3-9,0.111813
CSCO,76076,QMLE-Trade,2012-3-12,0.126585
CSCO,76076,QMLE-Trade,2012-3-13,0.133723
CSCO,76076,QMLE-Trade,2012-3-14,0.166981
CSCO,76076,QMLE-Trade,2012-3-15,0.176789
CSCO,76076,QMLE-Trade,2012-3-16,0.112728
CSCO,76076,QMLE-Trade,2012-3-19,0.120898
CSCO,76076,QMLE-Trade,2012-3-20,0.152797
CSCO,76076,QMLE-Trade,2012-3-21,0.170886
CSCO,76076,QMLE-Trade,2012-3-22,0.177646
CSCO,76076,QMLE-Trade,2012-3-23,0.163628
CSCO,76076,QMLE-Trade,2012-3-26,0.0995159
CSCO,76076,QMLE-Trade,2012-3-27,0.109179
CSCO,76076,QMLE-Trade,2012-3-28,0.180775
CSCO,76076,QMLE-Trade,2012-3-29,0.177817
CSCO,76076,QMLE-Trade,2012-3-30,0.130881
CSCO,76076,QMLE-Trade,2012-4-2,0.13416
CSCO,76076,QMLE-Trade,2012-4-3,0.202554
CSCO,76076,QMLE-Trade,2012-4-4,0.193424
CSCO,76076,QMLE-Trade,2012-4-5,0.169655
CSCO,76076,QMLE-Trade,2012-4-9,0.164062
CSCO,76076,QMLE-Trade,2012-4-10,0.206774
CSCO,76076,QMLE-Trade,2012-4-11,0.16752
CSCO,76076,QMLE-Trade,2012-4-12,0.153069
CSCO,76076,QMLE-Trade,2012-4-13,0.188117
CSCO,76076,QMLE-Trade,2012-4-16,0.19803
CSCO,76076,QMLE-Trade,2012-4-17,0.15159
CSCO,76076,QMLE-Trade,2012-4-18,0.181837
CSCO,76076,QMLE-Trade,2012-4-19,0.260967
CSCO,76076,QMLE-Trade,2012-4-20,0.187373
CSCO,76076,QMLE-Trade,2012-4-23,0.20139
CSCO,76076,QMLE-Trade,2012-4-24,0.262162
CSCO,76076,QMLE-Trade,2012-4-25,0.224451
CSCO,76076,QMLE-Trade,2012-4-26,0.187401
CSCO,76076,QMLE-Trade,2012-4-27,0.173776
CSCO,76076,QMLE-Trade,2012-4-30,0.158703
CSCO,76076,QMLE-Trade,2012-5-1,0.16786
CSCO,76076,QMLE-Trade,2012-5-2,0.164157
CSCO,76076,QMLE-Trade,2012-5-3,0.172239
CSCO,76076,QMLE-Trade,2012-5-4,0.182229
CSCO,76076,QMLE-Trade,2012-5-7,0.18107
CSCO,76076,QMLE-Trade,2012-5-8,0.201798
CSCO,76076,QMLE-Trade,2012-5-9,0.290636
CSCO,76076,QMLE-Trade,2012-5-10,0.328098
CSCO,76076,QMLE-Trade,2012-5-11,0.216635
CSCO,76076,QMLE-Trade,2012-5-14,0.247401
CSCO,76076,QMLE-Trade,2012-5-15,0.214803
CSCO,76076,QMLE-Trade,2012-5-16,0.239787
CSCO,76076,QMLE-Trade,2012-5-17,0.207967
CSCO,76076,QMLE-Trade,2012-5-18,0.227318
CSCO,76076,QMLE-Trade,2012-5-21,0.202817
CSCO,76076,QMLE-Trade,2012-5-22,0.227095
CSCO,76076,QMLE-Trade,2012-5-23,0.283059
CSCO,76076,QMLE-Trade,2012-5-24,0.231736
CSCO,76076,QMLE-Trade,2012-5-25,0.184208
CSCO,76076,QMLE-Trade,2012-5-29,0.202754
CSCO,76076,QMLE-Trade,2012-5-30,0.203902
CSCO,76076,QMLE-Trade,2012-5-31,0.221925
CSCO,76076,QMLE-Trade,2012-6-1,0.200534
CSCO,76076,QMLE-Trade,2012-6-4,0.199585
CSCO,76076,QMLE-Trade,2012-6-5,0.208446
CSCO,76076,QMLE-Trade,2012-6-6,0.179737
CSCO,76076,QMLE-Trade,2012-6-7,0.19936
CSCO,76076,QMLE-Trade,2012-6-8,0.170069
CSCO,76076,QMLE-Trade,2012-6-11,0.203807
CSCO,76076,QMLE-Trade,2012-6-12,0.212882
CSCO,76076,QMLE-Trade,2012-6-13,0.198093
CSCO,76076,QMLE-Trade,2012-6-14,0.219295
CSCO,76076,QMLE-Trade,2012-6-15,0.170773
CSCO,76076,QMLE-Trade,2012-6-18,0.188443
CSCO,76076,QMLE-Trade,2012-6-19,0.182158
CSCO,76076,QMLE-Trade,2012-6-20,0.264358
CSCO,76076,QMLE-Trade,2012-6-21,0.206562
CSCO,76076,QMLE-Trade,2012-6-22,0.180745
CSCO,76076,QMLE-Trade,2012-6-25,0.191234
CSCO,76076,QMLE-Trade,2012-6-26,0.225914
CSCO,76076,QMLE-Trade,2012-6-27,0.195177
CSCO,76076,QMLE-Trade,2012-6-28,0.245387
CSCO,76076,QMLE-Trade,2012-6-29,0.212195
CSCO,76076,QMLE-Trade,2012-7-2,0.167248
CSCO,76076,QMLE-Trade,2012-7-3,0.176539
CSCO,76076,QMLE-Trade,2012-7-5,0.157881
CSCO,76076,QMLE-Trade,2012-7-6,0.190018
CSCO,76076,QMLE-Trade,2012-7-9,0.163749
CSCO,76076,QMLE-Trade,2012-7-10,0.180563
CSCO,76076,QMLE-Trade,2012-7-11,0.209639
CSCO,76076,QMLE-Trade,2012-7-12,0.218544
CSCO,76076,QMLE-Trade,2012-7-13,0.174826
CSCO,76076,QMLE-Trade,2012-7-16,0.17437
CSCO,76076,QMLE-Trade,2012-7-17,0.219375
CSCO,76076,QMLE-Trade,2012-7-18,0.195676
CSCO,76076,QMLE-Trade,2012-7-19,0.165566
CSCO,76076,QMLE-Trade,2012-7-20,0.220891
CSCO,76076,QMLE-Trade,2012-7-23,0.176257
CSCO,76076,QMLE-Trade,2012-7-24,0.317756
CSCO,76076,QMLE-Trade,2012-7-25,0.276762
CSCO,76076,QMLE-Trade,2012-7-26,0.221415
CSCO,76076,QMLE-Trade,2012-7-27,0.219243
CSCO,76076,QMLE-Trade,2012-7-30,0.213768
CSCO,76076,QMLE-Trade,2012-7-31,0.214986
CSCO,76076,QMLE-Trade,2012-8-1,0.211513
CSCO,76076,QMLE-Trade,2012-8-2,0.253754
CSCO,76076,QMLE-Trade,2012-8-3,0.180837
CSCO,76076,QMLE-Trade,2012-8-6,0.171672
CSCO,76076,QMLE-Trade,2012-8-7,0.136569
CSCO,76076,QMLE-Trade,2012-8-8,0.167892
CSCO,76076,QMLE-Trade,2012-8-9,0.250207
CSCO,76076,QMLE-Trade,2012-8-10,0.189192
CSCO,76076,QMLE-Trade,2012-8-13,0.178487
CSCO,76076,QMLE-Trade,2012-8-14,0.188713
CSCO,76076,QMLE-Trade,2012-8-15,0.202017
CSCO,76076,QMLE-Trade,2012-8-16,0.265197
CSCO,76076,QMLE-Trade,2012-8-17,0.182516
CSCO,76076,QMLE-Trade,2012-8-20,0.186245
CSCO,76076,QMLE-Trade,2012-8-21,0.172907
CSCO,76076,QMLE-Trade,2012-8-22,0.195524
CSCO,76076,QMLE-Trade,2012-8-23,0.181914
CSCO,76076,QMLE-Trade,2012-8-24,0.18141
CSCO,76076,QMLE-Trade,2012-8-27,0.171914
CSCO,76076,QMLE-Trade,2012-8-28,0.17878
CSCO,76076,QMLE-Trade,2012-8-29,0.126309
CSCO,76076,QMLE-Trade,2012-8-30,0.145642
CSCO,76076,QMLE-Trade,2012-8-31,0.211978
CSCO,76076,QMLE-Trade,2012-9-4,0.211001
CSCO,76076,QMLE-Trade,2012-9-5,0.181699
CSCO,76076,QMLE-Trade,2012-9-6,0.20137
CSCO,76076,QMLE-Trade,2012-9-7,0.202611
CSCO,76076,QMLE-Trade,2012-9-10,0.163911
CSCO,76076,QMLE-Trade,2012-9-11,0.199831
CSCO,76076,QMLE-Trade,2012-9-12,0.186795
CSCO,76076,QMLE-Trade,2012-9-13,0.224821
CSCO,76076,QMLE-Trade,2012-9-14,0.205253
CSCO,76076,QMLE-Trade,2012-9-17,0.174002
CSCO,76076,QMLE-Trade,2012-9-18,0.144068
CSCO,76076,QMLE-Trade,2012-9-19,0.155998
CSCO,76076,QMLE-Trade,2012-9-20,0.13815
CSCO,76076,QMLE-Trade,2012-9-21,0.150546
CSCO,76076,QMLE-Trade,2012-9-24,0.161869
CSCO,76076,QMLE-Trade,2012-9-25,0.177064
CSCO,76076,QMLE-Trade,2012-9-26,0.205097
CSCO,76076,QMLE-Trade,2012-9-27,0.182211
CSCO,76076,QMLE-Trade,2012-9-28,0.21761
CSCO,76076,QMLE-Trade,2012-10-1,0.205447
CSCO,76076,QMLE-Trade,2012-10-2,0.196442
CSCO,76076,QMLE-Trade,2012-10-3,0.181235
CSCO,76076,QMLE-Trade,2012-10-4,0.158158
CSCO,76076,QMLE-Trade,2012-10-5,0.141366
CSCO,76076,QMLE-Trade,2012-10-8,0.165273
CSCO,76076,QMLE-Trade,2012-10-9,0.203562
CSCO,76076,QMLE-Trade,2012-10-10,0.166279
CSCO,76076,QMLE-Trade,2012-10-11,0.162745
CSCO,76076,QMLE-Trade,2012-10-12,0.186652
CSCO,76076,QMLE-Trade,2012-10-15,0.164235
CSCO,76076,QMLE-Trade,2012-10-16,0.154005
CSCO,76076,QMLE-Trade,2012-10-17,0.147401
CSCO,76076,QMLE-Trade,2012-10-18,0.184367
CSCO,76076,QMLE-Trade,2012-10-19,0.231635
CSCO,76076,QMLE-Trade,2012-10-22,0.179714
CSCO,76076,QMLE-Trade,2012-10-23,0.190433
CSCO,76076,QMLE-Trade,2012-10-24,0.235206
CSCO,76076,QMLE-Trade,2012-10-25,0.208944
CSCO,76076,QMLE-Trade,2012-10-26,0.225529
CSCO,76076,QMLE-Trade,2012-10-31,0.221009
CSCO,76076,QMLE-Trade,2012-11-1,0.248066
CSCO,76076,QMLE-Trade,2012-11-2,0.194977
CSCO,76076,QMLE-Trade,2012-11-5,0.210128
CSCO,76076,QMLE-Trade,2012-11-6,0.19326
CSCO,76076,QMLE-Trade,2012-11-7,0.437304
CSCO,76076,QMLE-Trade,2012-11-8,0.253264
CSCO,76076,QMLE-Trade,2012-11-9,0.250428
CSCO,76076,QMLE-Trade,2012-11-12,0.166346
CSCO,76076,QMLE-Trade,2012-11-13,0.231441
CSCO,76076,QMLE-Trade,2012-11-14,0.303648
CSCO,76076,QMLE-Trade,2012-11-15,0.212693
CSCO,76076,QMLE-Trade,2012-11-16,0.230972
CSCO,76076,QMLE-Trade,2012-11-19,0.183794
CSCO,76076,QMLE-Trade,2012-11-20,0.220553
CSCO,76076,QMLE-Trade,2012-11-21,0.207458
CSCO,76076,QMLE-Trade,2012-11-23,0.182116
CSCO,76076,QMLE-Trade,2012-11-26,0.167165
CSCO,76076,QMLE-Trade,2012-11-27,0.173972
CSCO,76076,QMLE-Trade,2012-11-28,0.228392
CSCO,76076,QMLE-Trade,2012-11-29,0.173367
CSCO,76076,QMLE-Trade,2012-11-30,0.162198
CSCO,76076,QMLE-Trade,2012-12-3,0.191201
CSCO,76076,QMLE-Trade,2012-12-4,0.204782
CSCO,76076,QMLE-Trade,2012-12-5,0.194201
CSCO,76076,QMLE-Trade,2012-12-6,0.176449
CSCO,76076,QMLE-Trade,2012-12-7,0.217132
CSCO,76076,QMLE-Trade,2012-12-10,0.188367
CSCO,76076,QMLE-Trade,2012-12-11,0.185127
CSCO,76076,QMLE-Trade,2012-12-12,0.209219
CSCO,76076,QMLE-Trade,2012-12-13,0.200552
CSCO,76076,QMLE-Trade,2012-12-14,0.158318
CSCO,76076,QMLE-Trade,2012-12-17,0.167679
CSCO,76076,QMLE-Trade,2012-12-18,0.171931
CSCO,76076,QMLE-Trade,2012-12-19,0.184365
CSCO,76076,QMLE-Trade,2012-12-20,0.174101
CSCO,76076,QMLE-Trade,2012-12-21,0.276574
CSCO,76076,QMLE-Trade,2012-12-24,0.198393
CSCO,76076,QMLE-Trade,2012-12-26,0.206797
CSCO,76076,QMLE-Trade,2012-12-27,0.217083
CSCO,76076,QMLE-Trade,2012-12-28,0.181386
CSCO,76076,QMLE-Trade,2012-12-31,0.253961
CSCO,76076,QMLE-Trade,2013-1-2,0.190179
CSCO,76076,QMLE-Trade,2013-1-3,0.16433
CSCO,76076,QMLE-Trade,2013-1-4,0.150462
CSCO,76076,QMLE-Trade,2013-1-7,0.177811
CSCO,76076,QMLE-Trade,2013-1-8,0.19836
CSCO,76076,QMLE-Trade,2013-1-9,0.178668
CSCO,76076,QMLE-Trade,2013-1-10,0.161948
CSCO,76076,QMLE-Trade,2013-1-11,0.143262
CSCO,76076,QMLE-Trade,2013-1-14,0.149815
CSCO,76076,QMLE-Trade,2013-1-15,0.153512
CSCO,76076,QMLE-Trade,2013-1-16,0.162606
CSCO,76076,QMLE-Trade,2013-1-17,0.135752
CSCO,76076,QMLE-Trade,2013-1-18,0.153804
CSCO,76076,QMLE-Trade,2013-1-22,0.149182
CSCO,76076,QMLE-Trade,2013-1-23,0.127705
CSCO,76076,QMLE-Trade,2013-1-24,0.175465
CSCO,76076,QMLE-Trade,2013-1-25,0.141407
CSCO,76076,QMLE-Trade,2013-1-28,0.135163
CSCO,76076,QMLE-Trade,2013-1-29,0.154571
CSCO,76076,QMLE-Trade,2013-1-30,0.179859
CSCO,76076,QMLE-Trade,2013-1-31,0.217242
CSCO,76076,QMLE-Trade,2013-2-1,0.170033
CSCO,76076,QMLE-Trade,2013-2-4,0.179373
CSCO,76076,QMLE-Trade,2013-2-5,0.131506
CSCO,76076,QMLE-Trade,2013-2-6,0.116303
CSCO,76076,QMLE-Trade,2013-2-7,0.162801
CSCO,76076,QMLE-Trade,2013-2-8,0.103346
CSCO,76076,QMLE-Trade,2013-2-11,0.131401
CSCO,76076,QMLE-Trade,2013-2-12,0.141617
CSCO,76076,QMLE-Trade,2013-2-13,0.168058
CSCO,76076,QMLE-Trade,2013-2-14,0.248922
CSCO,76076,QMLE-Trade,2013-2-15,0.112786
CSCO,76076,QMLE-Trade,2013-2-19,0.144829
CSCO,76076,QMLE-Trade,2013-2-20,0.215097
CSCO,76076,QMLE-Trade,2013-2-21,0.203246
CSCO,76076,QMLE-Trade,2013-2-22,0.165556
CSCO,76076,QMLE-Trade,2013-2-25,0.201326
CSCO,76076,QMLE-Trade,2013-2-26,0.190179
CSCO,76076,QMLE-Trade,2013-2-27,0.193335
CSCO,76076,QMLE-Trade,2013-2-28,0.159756
CSCO,76076,QMLE-Trade,2013-3-1,0.189629
CSCO,76076,QMLE-Trade,2013-3-4,0.144514
CSCO,76076,QMLE-Trade,2013-3-5,0.17573
CSCO,76076,QMLE-Trade,2013-3-6,0.152655
CSCO,76076,QMLE-Trade,2013-3-7,0.139803
CSCO,76076,QMLE-Trade,2013-3-8,0.135838
CSCO,76076,QMLE-Trade,2013-3-11,0.12575
CSCO,76076,QMLE-Trade,2013-3-12,0.154165
CSCO,76076,QMLE-Trade,2013-3-13,0.17845
CSCO,76076,QMLE-Trade,2013-3-14,0.156857
CSCO,76076,QMLE-Trade,2013-3-15,0.15411
CSCO,76076,QMLE-Trade,2013-3-18,0.169828
CSCO,76076,QMLE-Trade,2013-3-19,0.204018
CSCO,76076,QMLE-Trade,2013-3-20,0.126089
CSCO,76076,QMLE-Trade,2013-3-21,0.201031
CSCO,76076,QMLE-Trade,2013-3-22,0.140897
CSCO,76076,QMLE-Trade,2013-3-25,0.185882
CSCO,76076,QMLE-Trade,2013-3-26,0.142461
CSCO,76076,QMLE-Trade,2013-3-27,0.136522
CSCO,76076,QMLE-Trade,2013-3-28,0.138472
CSCO,76076,QMLE-Trade,2013-4-1,0.200242
CSCO,76076,QMLE-Trade,2013-4-2,0.136969
CSCO,76076,QMLE-Trade,2013-4-3,0.156918
CSCO,76076,QMLE-Trade,2013-4-4,0.122648
CSCO,76076,QMLE-Trade,2013-4-5,0.289146
CSCO,76076,QMLE-Trade,2013-4-8,0.183689
CSCO,76076,QMLE-Trade,2013-4-9,0.179368
CSCO,76076,QMLE-Trade,2013-4-10,0.155206
CSCO,76076,QMLE-Trade,2013-4-11,0.177675
CSCO,76076,QMLE-Trade,2013-4-12,0.192324
CSCO,76076,QMLE-Trade,2013-4-15,0.227551
CSCO,76076,QMLE-Trade,2013-4-16,0.158795
CSCO,76076,QMLE-Trade,2013-4-17,0.207703
CSCO,76076,QMLE-Trade,2013-4-18,0.228397
CSCO,76076,QMLE-Trade,2013-4-19,0.234968
CSCO,76076,QMLE-Trade,2013-4-22,0.190792
CSCO,76076,QMLE-Trade,2013-4-23,0.231047
CSCO,76076,QMLE-Trade,2013-4-24,0.189818
CSCO,76076,QMLE-Trade,2013-4-25,0.19487
CSCO,76076,QMLE-Trade,2013-4-26,0.154864
CSCO,76076,QMLE-Trade,2013-4-29,0.138815
CSCO,76076,QMLE-Trade,2013-4-30,0.183455
CSCO,76076,QMLE-Trade,2013-5-1,0.183964
CSCO,76076,QMLE-Trade,2013-5-2,0.134392
CSCO,76076,QMLE-Trade,2013-5-3,0.175382
CSCO,76076,QMLE-Trade,2013-5-6,0.113454
CSCO,76076,QMLE-Trade,2013-5-7,0.172842
CSCO,76076,QMLE-Trade,2013-5-8,0.116502
CSCO,76076,QMLE-Trade,2013-5-9,0.150128
CSCO,76076,QMLE-Trade,2013-5-10,0.132345
CSCO,76076,QMLE-Trade,2013-5-13,0.135379
CSCO,76076,QMLE-Trade,2013-5-14,0.136714
CSCO,76076,QMLE-Trade,2013-5-15,0.175389
CSCO,76076,QMLE-Trade,2013-5-16,0.320669
CSCO,76076,QMLE-Trade,2013-5-17,0.212648
CSCO,76076,QMLE-Trade,2013-5-20,0.200651
CSCO,76076,QMLE-Trade,2013-5-21,0.176984
CSCO,76076,QMLE-Trade,2013-5-22,0.207587
CSCO,76076,QMLE-Trade,2013-5-23,0.233207
CSCO,76076,QMLE-Trade,2013-5-24,0.189955
CSCO,76076,QMLE-Trade,2013-5-28,0.167506
CSCO,76076,QMLE-Trade,2013-5-29,0.150534
CSCO,76076,QMLE-Trade,2013-5-30,0.160855
CSCO,76076,QMLE-Trade,2013-5-31,0.195281
CSCO,76076,QMLE-Trade,2013-6-3,0.218611
CSCO,76076,QMLE-Trade,2013-6-4,0.211556
CSCO,76076,QMLE-Trade,2013-6-5,0.217386
CSCO,76076,QMLE-Trade,2013-6-6,0.192978
CSCO,76076,QMLE-Trade,2013-6-7,0.17057
CSCO,76076,QMLE-Trade,2013-6-10,0.202208
CSCO,76076,QMLE-Trade,2013-6-11,0.195076
CSCO,76076,QMLE-Trade,2013-6-12,0.18345
CSCO,76076,QMLE-Trade,2013-6-13,0.156059
CSCO,76076,QMLE-Trade,2013-6-14,0.171389
CSCO,76076,QMLE-Trade,2013-6-17,0.206905
CSCO,76076,QMLE-Trade,2013-6-18,0.141613
CSCO,76076,QMLE-Trade,2013-6-19,0.199015
CSCO,76076,QMLE-Trade,2013-6-20,0.254932
CSCO,76076,QMLE-Trade,2013-6-21,0.235714
CSCO,76076,QMLE-Trade,2013-6-24,0.213042
CSCO,76076,QMLE-Trade,2013-6-25,0.190286
CSCO,76076,QMLE-Trade,2013-6-26,0.143462
CSCO,76076,QMLE-Trade,2013-6-27,0.147209
CSCO,76076,QMLE-Trade,2013-6-28,0.161795
CSCO,76076,QMLE-Trade,2013-7-1,0.196106
CSCO,76076,QMLE-Trade,2013-7-2,0.165577
CSCO,76076,QMLE-Trade,2013-7-3,0.234546
CSCO,76076,QMLE-Trade,2013-7-5,0.184392
CSCO,76076,QMLE-Trade,2013-7-8,0.151137
CSCO,76076,QMLE-Trade,2013-7-9,0.185461
CSCO,76076,QMLE-Trade,2013-7-10,0.183842
CSCO,76076,QMLE-Trade,2013-7-11,0.151465
CSCO,76076,QMLE-Trade,2013-7-12,0.133797
CSCO,76076,QMLE-Trade,2013-7-15,0.118586
CSCO,76076,QMLE-Trade,2013-7-16,0.138811
CSCO,76076,QMLE-Trade,2013-7-17,0.15612
CSCO,76076,QMLE-Trade,2013-7-18,0.14324
CSCO,76076,QMLE-Trade,2013-7-19,0.157141
CSCO,76076,QMLE-Trade,2013-7-22,0.178028
CSCO,76076,QMLE-Trade,2013-7-23,0.159342
CSCO,76076,QMLE-Trade,2013-7-24,0.207305
CSCO,76076,QMLE-Trade,2013-7-25,0.167017
CSCO,76076,QMLE-Trade,2013-7-26,0.190198
CSCO,76076,QMLE-Trade,2013-7-29,0.142397
CSCO,76076,QMLE-Trade,2013-7-30,0.221097
CSCO,76076,QMLE-Trade,2013-7-31,0.194496
CSCO,76076,QMLE-Trade,2013-8-1,0.133844
CSCO,76076,QMLE-Trade,2013-8-2,0.135957
CSCO,76076,QMLE-Trade,2013-8-5,0.139031
CSCO,76076,QMLE-Trade,2013-8-6,0.120316
CSCO,76076,QMLE-Trade,2013-8-7,0.142018
CSCO,76076,QMLE-Trade,2013-8-8,0.101758
CSCO,76076,QMLE-Trade,2013-8-9,0.142557
CSCO,76076,QMLE-Trade,2013-8-12,0.151204
CSCO,76076,QMLE-Trade,2013-8-13,0.180565
CSCO,76076,QMLE-Trade,2013-8-14,0.204489
CSCO,76076,QMLE-Trade,2013-8-15,0.370884
CSCO,76076,QMLE-Trade,2013-8-16,0.18853
CSCO,76076,QMLE-Trade,2013-8-19,0.189788
CSCO,76076,QMLE-Trade,2013-8-20,0.126535
CSCO,76076,QMLE-Trade,2013-8-21,0.174688
CSCO,76076,QMLE-Trade,2013-8-22,0.142251
CSCO,76076,QMLE-Trade,2013-8-23,0.146863
CSCO,76076,QMLE-Trade,2013-8-26,0.166525
CSCO,76076,QMLE-Trade,2013-8-27,0.170673
CSCO,76076,QMLE-Trade,2013-8-28,0.146142
CSCO,76076,QMLE-Trade,2013-8-29,0.151067
CSCO,76076,QMLE-Trade,2013-8-30,0.145631
CSCO,76076,QMLE-Trade,2013-9-3,0.173318
CSCO,76076,QMLE-Trade,2013-9-4,0.145691
CSCO,76076,QMLE-Trade,2013-9-5,0.149403
CSCO,76076,QMLE-Trade,2013-9-6,0.179235
CSCO,76076,QMLE-Trade,2013-9-9,0.143103
CSCO,76076,QMLE-Trade,2013-9-10,0.155591
CSCO,76076,QMLE-Trade,2013-9-11,0.154253
CSCO,76076,QMLE-Trade,2013-9-12,0.125919
CSCO,76076,QMLE-Trade,2013-9-13,0.109731
CSCO,76076,QMLE-Trade,2013-9-16,0.182643
CSCO,76076,QMLE-Trade,2013-9-17,0.119806
CSCO,76076,QMLE-Trade,2013-9-18,0.168646
CSCO,76076,QMLE-Trade,2013-9-19,0.161487
CSCO,76076,QMLE-Trade,2013-9-20,0.129791
CSCO,76076,QMLE-Trade,2013-9-23,0.155592
CSCO,76076,QMLE-Trade,2013-9-24,0.174197
CSCO,76076,QMLE-Trade,2013-9-25,0.161117
CSCO,76076,QMLE-Trade,2013-9-26,0.154254
CSCO,76076,QMLE-Trade,2013-9-27,0.26192
CSCO,76076,QMLE-Trade,2013-9-30,0.201668
CSCO,76076,QMLE-Trade,2013-10-1,0.17529
CSCO,76076,QMLE-Trade,2013-10-2,0.183723
CSCO,76076,QMLE-Trade,2013-10-3,0.195012
CSCO,76076,QMLE-Trade,2013-10-4,0.163674
CSCO,76076,QMLE-Trade,2013-10-7,0.161229
CSCO,76076,QMLE-Trade,2013-10-8,0.191315
CSCO,76076,QMLE-Trade,2013-10-9,0.213766
CSCO,76076,QMLE-Trade,2013-10-10,0.191341
CSCO,76076,QMLE-Trade,2013-10-11,0.158184
CSCO,76076,QMLE-Trade,2013-10-14,0.142328
CSCO,76076,QMLE-Trade,2013-10-15,0.191844
CSCO,76076,QMLE-Trade,2013-10-16,0.173795
CSCO,76076,QMLE-Trade,2013-10-17,0.188748
CSCO,76076,QMLE-Trade,2013-10-18,0.165663
CSCO,76076,QMLE-Trade,2013-10-21,0.129779
CSCO,76076,QMLE-Trade,2013-10-22,0.188097
CSCO,76076,QMLE-Trade,2013-10-23,0.15446
CSCO,76076,QMLE-Trade,2013-10-24,0.174031
CSCO,76076,QMLE-Trade,2013-10-25,0.192124
CSCO,76076,QMLE-Trade,2013-10-28,0.134597
CSCO,76076,QMLE-Trade,2013-10-29,0.161151
CSCO,76076,QMLE-Trade,2013-10-30,0.174036
CSCO,76076,QMLE-Trade,2013-10-31,0.169002
CSCO,76076,QMLE-Trade,2013-11-1,0.142258
CSCO,76076,QMLE-Trade,2013-11-4,0.135088
CSCO,76076,QMLE-Trade,2013-11-5,0.178311
CSCO,76076,QMLE-Trade,2013-11-6,0.17493
CSCO,76076,QMLE-Trade,2013-11-7,0.203875
CSCO,76076,QMLE-Trade,2013-11-8,0.1563
CSCO,76076,QMLE-Trade,2013-11-11,0.130722
CSCO,76076,QMLE-Trade,2013-11-12,0.145633
CSCO,76076,QMLE-Trade,2013-11-13,0.197983
CSCO,76076,QMLE-Trade,2013-11-14,0.274052
CSCO,76076,QMLE-Trade,2013-11-15,0.159032
CSCO,76076,QMLE-Trade,2013-11-18,0.154949
CSCO,76076,QMLE-Trade,2013-11-19,0.199752
CSCO,76076,QMLE-Trade,2013-11-20,0.146182
CSCO,76076,QMLE-Trade,2013-11-21,0.14274
CSCO,76076,QMLE-Trade,2013-11-22,0.120646
CSCO,76076,QMLE-Trade,2013-11-25,0.109712
CSCO,76076,QMLE-Trade,2013-11-26,0.141255
CSCO,76076,QMLE-Trade,2013-11-27,0.137717
CSCO,76076,QMLE-Trade,2013-11-29,0.133104
CSCO,76076,QMLE-Trade,2013-12-2,0.14042
CSCO,76076,QMLE-Trade,2013-12-3,0.156052
CSCO,76076,QMLE-Trade,2013-12-4,0.169653
CSCO,76076,QMLE-Trade,2013-12-5,0.138298
CSCO,76076,QMLE-Trade,2013-12-6,0.117521
CSCO,76076,QMLE-Trade,2013-12-9,0.120965
CSCO,76076,QMLE-Trade,2013-12-10,0.134001
CSCO,76076,QMLE-Trade,2013-12-11,0.178901
CSCO,76076,QMLE-Trade,2013-12-12,0.223424
CSCO,76076,QMLE-Trade,2013-12-13,0.174904
CSCO,76076,QMLE-Trade,2013-12-16,0.159091
CSCO,76076,QMLE-Trade,2013-12-17,0.175703
CSCO,76076,QMLE-Trade,2013-12-18,0.233844
CSCO,76076,QMLE-Trade,2013-12-19,0.149418
CSCO,76076,QMLE-Trade,2013-12-20,0.134549
CSCO,76076,QMLE-Trade,2013-12-23,0.112022
CSCO,76076,QMLE-Trade,2013-12-24,0.142448
CSCO,76076,QMLE-Trade,2013-12-26,0.0839183
CSCO,76076,QMLE-Trade,2013-12-27,0.110751
CSCO,76076,QMLE-Trade,2013-12-30,0.105638
CSCO,76076,QMLE-Trade,2013-12-31,0.149347
CSCO,76076,QMLE-Trade,2014-1-2,0.190323
CSCO,76076,QMLE-Trade,2014-1-3,0.149603
CSCO,76076,QMLE-Trade,2014-1-6,0.153549
CSCO,76076,QMLE-Trade,2014-1-7,0.148713
CSCO,76076,QMLE-Trade,2014-1-8,0.18256
CSCO,76076,QMLE-Trade,2014-1-9,0.184893
CSCO,76076,QMLE-Trade,2014-1-10,0.174348
CSCO,76076,QMLE-Trade,2014-1-13,0.226249
CSCO,76076,QMLE-Trade,2014-1-14,0.174066
CSCO,76076,QMLE-Trade,2014-1-15,0.203411
CSCO,76076,QMLE-Trade,2014-1-16,0.161641
CSCO,76076,QMLE-Trade,2014-1-17,0.176288
CSCO,76076,QMLE-Trade,2014-1-21,0.155857
CSCO,76076,QMLE-Trade,2014-1-22,0.127725
CSCO,76076,QMLE-Trade,2014-1-23,0.184292
CSCO,76076,QMLE-Trade,2014-1-24,0.194312
CSCO,76076,QMLE-Trade,2014-1-27,0.2553
CSCO,76076,QMLE-Trade,2014-1-28,0.162953
CSCO,76076,QMLE-Trade,2014-1-29,0.231695
CSCO,76076,QMLE-Trade,2014-1-30,0.157559
CSCO,76076,QMLE-Trade,2014-1-31,0.188131
CSCO,76076,QMLE-Trade,2014-2-3,0.226465
CSCO,76076,QMLE-Trade,2014-2-4,0.202954
CSCO,76076,QMLE-Trade,2014-2-5,0.17949
CSCO,76076,QMLE-Trade,2014-2-6,0.168172
CSCO,76076,QMLE-Trade,2014-2-7,0.184408
CSCO,76076,QMLE-Trade,2014-2-10,0.139466
CSCO,76076,QMLE-Trade,2014-2-11,0.141355
CSCO,76076,QMLE-Trade,2014-2-12,0.159356
CSCO,76076,QMLE-Trade,2014-2-13,0.226395
CSCO,76076,QMLE-Trade,2014-2-14,0.198315
CSCO,76076,QMLE-Trade,2014-2-18,0.154063
CSCO,76076,QMLE-Trade,2014-2-19,0.155049
CSCO,76076,QMLE-Trade,2014-2-20,0.131649
CSCO,76076,QMLE-Trade,2014-2-21,0.133039
CSCO,76076,QMLE-Trade,2014-2-24,0.171461
CSCO,76076,QMLE-Trade,2014-2-25,0.174723
CSCO,76076,QMLE-Trade,2014-2-26,0.163891
CSCO,76076,QMLE-Trade,2014-2-27,0.132376
CSCO,76076,QMLE-Trade,2014-2-28,0.177027
CSCO,76076,QMLE-Trade,2014-3-3,0.161699
CSCO,76076,QMLE-Trade,2014-3-4,0.130508
CSCO,76076,QMLE-Trade,2014-3-5,0.162399
CSCO,76076,QMLE-Trade,2014-3-6,0.101959
CSCO,76076,QMLE-Trade,2014-3-7,0.149264
CSCO,76076,QMLE-Trade,2014-3-10,0.121672
CSCO,76076,QMLE-Trade,2014-3-11,0.152018
CSCO,76076,QMLE-Trade,2014-3-12,0.158144
CSCO,76076,QMLE-Trade,2014-3-13,0.173382
CSCO,76076,QMLE-Trade,2014-3-14,0.178629
CSCO,76076,QMLE-Trade,2014-3-17,0.141362
CSCO,76076,QMLE-Trade,2014-3-18,0.15087
CSCO,76076,QMLE-Trade,2014-3-19,0.183876
CSCO,76076,QMLE-Trade,2014-3-20,0.147657
CSCO,76076,QMLE-Trade,2014-3-21,0.20551
CSCO,76076,QMLE-Trade,2014-3-24,0.170845
CSCO,76076,QMLE-Trade,2014-3-25,0.162553
CSCO,76076,QMLE-Trade,2014-3-26,0.219971
CSCO,76076,QMLE-Trade,2014-3-27,0.216661
CSCO,76076,QMLE-Trade,2014-3-28,0.19343
CSCO,76076,QMLE-Trade,2014-3-31,0.167081
CSCO,76076,QMLE-Trade,2014-4-1,0.218809
CSCO,76076,QMLE-Trade,2014-4-2,0.215665
CSCO,76076,QMLE-Trade,2014-4-3,0.157397
CSCO,76076,QMLE-Trade,2014-4-4,0.210857
CSCO,76076,QMLE-Trade,2014-4-7,0.217337
CSCO,76076,QMLE-Trade,2014-4-8,0.2182
CSCO,76076,QMLE-Trade,2014-4-9,0.192939
CSCO,76076,QMLE-Trade,2014-4-10,0.226019
CSCO,76076,QMLE-Trade,2014-4-11,0.237432
CSCO,76076,QMLE-Trade,2014-4-14,0.198903
CSCO,76076,QMLE-Trade,2014-4-15,0.22829
CSCO,76076,QMLE-Trade,2014-4-16,0.189574
CSCO,76076,QMLE-Trade,2014-4-17,0.231659
CSCO,76076,QMLE-Trade,2014-4-21,0.182969
CSCO,76076,QMLE-Trade,2014-4-22,0.170005
CSCO,76076,QMLE-Trade,2014-4-23,0.167609
CSCO,76076,QMLE-Trade,2014-4-24,0.186873
CSCO,76076,QMLE-Trade,2014-4-25,0.187866
CSCO,76076,QMLE-Trade,2014-4-28,0.22796
CSCO,76076,QMLE-Trade,2014-4-29,0.141096
CSCO,76076,QMLE-Trade,2014-4-30,0.15939
CSCO,76076,QMLE-Trade,2014-5-1,0.154392
CSCO,76076,QMLE-Trade,2014-5-2,0.123269
CSCO,76076,QMLE-Trade,2014-5-5,0.127758
CSCO,76076,QMLE-Trade,2014-5-6,0.121769
CSCO,76076,QMLE-Trade,2014-5-7,0.166956
CSCO,76076,QMLE-Trade,2014-5-8,0.17434
CSCO,76076,QMLE-Trade,2014-5-9,0.142791
CSCO,76076,QMLE-Trade,2014-5-12,0.142375
CSCO,76076,QMLE-Trade,2014-5-13,0.172641
CSCO,76076,QMLE-Trade,2014-5-14,0.199031
CSCO,76076,QMLE-Trade,2014-5-15,0.299388
CSCO,76076,QMLE-Trade,2014-5-16,0.171742
CSCO,76076,QMLE-Trade,2014-5-19,0.133197
CSCO,76076,QMLE-Trade,2014-5-20,0.210568
CSCO,76076,QMLE-Trade,2014-5-21,0.194544
CSCO,76076,QMLE-Trade,2014-5-22,0.112006
CSCO,76076,QMLE-Trade,2014-5-23,0.161516
CSCO,76076,QMLE-Trade,2014-5-27,0.129438
CSCO,76076,QMLE-Trade,2014-5-28,0.130189
CSCO,76076,QMLE-Trade,2014-5-29,0.112512
CSCO,76076,QMLE-Trade,2014-5-30,0.145382
CSCO,76076,QMLE-Trade,2014-6-2,0.126122
CSCO,76076,QMLE-Trade,2014-6-3,0.133032
CSCO,76076,QMLE-Trade,2014-6-4,0.119069
CSCO,76076,QMLE-Trade,2014-6-5,0.128852
CSCO,76076,QMLE-Trade,2014-6-6,0.128121
CSCO,76076,QMLE-Trade,2014-6-9,0.101608
CSCO,76076,QMLE-Trade,2014-6-10,0.136289
CSCO,76076,QMLE-Trade,2014-6-11,0.155854
CSCO,76076,QMLE-Trade,2014-6-12,0.122173
CSCO,76076,QMLE-Trade,2014-6-13,0.118914
CSCO,76076,QMLE-Trade,2014-6-16,0.11274
CSCO,76076,QMLE-Trade,2014-6-17,0.119552
CSCO,76076,QMLE-Trade,2014-6-18,0.126111
CSCO,76076,QMLE-Trade,2014-6-19,0.120731
CSCO,76076,QMLE-Trade,2014-6-20,0.0992936
CSCO,76076,QMLE-Trade,2014-6-23,0.111334
CSCO,76076,QMLE-Trade,2014-6-24,0.107259
CSCO,76076,QMLE-Trade,2014-6-25,0.113846
CSCO,76076,QMLE-Trade,2014-6-26,0.141353
CSCO,76076,QMLE-Trade,2014-6-27,0.126782
CSCO,76076,QMLE-Trade,2014-6-30,0.11478
CSCO,76076,QMLE-Trade,2014-7-1,0.115803
CSCO,76076,QMLE-Trade,2014-7-2,0.126294
CSCO,76076,QMLE-Trade,2014-7-3,0.0989617
CSCO,76076,QMLE-Trade,2014-7-7,0.0972996
CSCO,76076,QMLE-Trade,2014-7-8,0.122388
CSCO,76076,QMLE-Trade,2014-7-9,0.118562
CSCO,76076,QMLE-Trade,2014-7-10,0.140267
CSCO,76076,QMLE-Trade,2014-7-11,0.12195
CSCO,76076,QMLE-Trade,2014-7-14,0.111442
CSCO,76076,QMLE-Trade,2014-7-15,0.135787
CSCO,76076,QMLE-Trade,2014-7-16,0.109227
CSCO,76076,QMLE-Trade,2014-7-17,0.136747
CSCO,76076,QMLE-Trade,2014-7-18,0.12578
CSCO,76076,QMLE-Trade,2014-7-21,0.118295
CSCO,76076,QMLE-Trade,2014-7-22,0.106292
CSCO,76076,QMLE-Trade,2014-7-23,0.119658
CSCO,76076,QMLE-Trade,2014-7-24,0.11963
CSCO,76076,QMLE-Trade,2014-7-25,0.113236
CSCO,76076,QMLE-Trade,2014-7-28,0.131773
CSCO,76076,QMLE-Trade,2014-7-29,0.12219
CSCO,76076,QMLE-Trade,2014-7-30,0.137027
CSCO,76076,QMLE-Trade,2014-7-31,0.138502
CSCO,76076,QMLE-Trade,2014-8-1,0.275796
CSCO,76076,QMLE-Trade,2014-8-4,0.131289
CSCO,76076,QMLE-Trade,2014-8-5,0.154532
CSCO,76076,QMLE-Trade,2014-8-6,0.122435
CSCO,76076,QMLE-Trade,2014-8-7,0.133708
CSCO,76076,QMLE-Trade,2014-8-8,0.133585
CSCO,76076,QMLE-Trade,2014-8-11,0.11408
CSCO,76076,QMLE-Trade,2014-8-12,0.118688
CSCO,76076,QMLE-Trade,2014-8-13,0.12614
CSCO,76076,QMLE-Trade,2014-8-14,0.202012
CSCO,76076,QMLE-Trade,2014-8-15,0.137524
CSCO,76076,QMLE-Trade,2014-8-18,0.0924629
CSCO,76076,QMLE-Trade,2014-8-19,0.0677892
CSCO,76076,QMLE-Trade,2014-8-20,0.100547
CSCO,76076,QMLE-Trade,2014-8-21,0.103596
CSCO,76076,QMLE-Trade,2014-8-22,0.130175
CSCO,76076,QMLE-Trade,2014-8-25,0.0878782
CSCO,76076,QMLE-Trade,2014-8-26,0.0907686
CSCO,76076,QMLE-Trade,2014-8-27,0.0686094
CSCO,76076,QMLE-Trade,2014-8-28,0.0941983
CSCO,76076,QMLE-Trade,2014-8-29,0.0764935
CSCO,76076,QMLE-Trade,2014-9-2,0.101643
CSCO,76076,QMLE-Trade,2014-9-3,0.0872803
CSCO,76076,QMLE-Trade,2014-9-4,0.116321
CSCO,76076,QMLE-Trade,2014-9-5,0.117333
CSCO,76076,QMLE-Trade,2014-9-8,0.112633
CSCO,76076,QMLE-Trade,2014-9-9,0.112954
CSCO,76076,QMLE-Trade,2014-9-10,0.107828
CSCO,76076,QMLE-Trade,2014-9-11,0.100981
CSCO,76076,QMLE-Trade,2014-9-12,0.120737
CSCO,76076,QMLE-Trade,2014-9-15,0.108865
CSCO,76076,QMLE-Trade,2014-9-16,0.117327
CSCO,76076,QMLE-Trade,2014-9-17,0.12293
CSCO,76076,QMLE-Trade,2014-9-18,0.0807983
CSCO,76076,QMLE-Trade,2014-9-19,0.0993782
CSCO,76076,QMLE-Trade,2014-9-22,0.131968
CSCO,76076,QMLE-Trade,2014-9-23,0.112086
CSCO,76076,QMLE-Trade,2014-9-24,0.126493
CSCO,76076,QMLE-Trade,2014-9-25,0.159025
CSCO,76076,QMLE-Trade,2014-9-26,0.145503
CSCO,76076,QMLE-Trade,2014-9-29,0.144517
CSCO,76076,QMLE-Trade,2014-9-30,0.166508
CSCO,76076,QMLE-Trade,2014-10-1,0.184893
CSCO,76076,QMLE-Trade,2014-10-2,0.172892
CSCO,76076,QMLE-Trade,2014-10-3,0.14502
CSCO,76076,QMLE-Trade,2014-10-6,0.146748
CSCO,76076,QMLE-Trade,2014-10-7,0.153623
CSCO,76076,QMLE-Trade,2014-10-8,0.188384
CSCO,76076,QMLE-Trade,2014-10-9,0.214992
CSCO,76076,QMLE-Trade,2014-10-10,0.294352
CSCO,76076,QMLE-Trade,2014-10-13,0.227677
CSCO,76076,QMLE-Trade,2014-10-14,0.255132
CSCO,76076,QMLE-Trade,2014-10-15,0.336325
CSCO,76076,QMLE-Trade,2014-10-16,0.297218
CSCO,76076,QMLE-Trade,2014-10-17,0.213759
CSCO,76076,QMLE-Trade,2014-10-20,0.211269
CSCO,76076,QMLE-Trade,2014-10-21,0.186567
CSCO,76076,QMLE-Trade,2014-10-22,0.179531
CSCO,76076,QMLE-Trade,2014-10-23,0.188704
CSCO,76076,QMLE-Trade,2014-10-24,0.150776
CSCO,76076,QMLE-Trade,2014-10-27,0.147697
CSCO,76076,QMLE-Trade,2014-10-28,0.112912
CSCO,76076,QMLE-Trade,2014-10-29,0.154209
CSCO,76076,QMLE-Trade,2014-10-30,0.164685
CSCO,76076,QMLE-Trade,2014-10-31,0.145443
CSCO,76076,QMLE-Trade,2014-11-3,0.105783
CSCO,76076,QMLE-Trade,2014-11-4,0.136027
CSCO,76076,QMLE-Trade,2014-11-5,0.121648
CSCO,76076,QMLE-Trade,2014-11-6,0.119599
CSCO,76076,QMLE-Trade,2014-11-7,0.0988909
CSCO,76076,QMLE-Trade,2014-11-10,0.122915
CSCO,76076,QMLE-Trade,2014-11-11,0.0801529
CSCO,76076,QMLE-Trade,2014-11-12,0.139345
CSCO,76076,QMLE-Trade,2014-11-13,0.269124
CSCO,76076,QMLE-Trade,2014-11-14,0.171214
CSCO,76076,QMLE-Trade,2014-11-17,0.12936
CSCO,76076,QMLE-Trade,2014-11-18,0.142667
CSCO,76076,QMLE-Trade,2014-11-19,0.129562
CSCO,76076,QMLE-Trade,2014-11-20,0.120928
CSCO,76076,QMLE-Trade,2014-11-21,0.132223
CSCO,76076,QMLE-Trade,2014-11-24,0.10182
CSCO,76076,QMLE-Trade,2014-11-25,0.125553
CSCO,76076,QMLE-Trade,2014-11-26,0.103529
CSCO,76076,QMLE-Trade,2014-11-28,0.185078
CSCO,76076,QMLE-Trade,2014-12-1,0.153464
CSCO,76076,QMLE-Trade,2014-12-2,0.109362
CSCO,76076,QMLE-Trade,2014-12-3,0.131659
CSCO,76076,QMLE-Trade,2014-12-4,0.131853
CSCO,76076,QMLE-Trade,2014-12-5,0.129466
CSCO,76076,QMLE-Trade,2014-12-8,0.181465
CSCO,76076,QMLE-Trade,2014-12-9,0.209444
CSCO,76076,QMLE-Trade,2014-12-10,0.225353
CSCO,76076,QMLE-Trade,2014-12-11,0.170429
CSCO,76076,QMLE-Trade,2014-12-12,0.215684
CSCO,76076,QMLE-Trade,2014-12-15,0.229187
CSCO,76076,QMLE-Trade,2014-12-16,0.312914
CSCO,76076,QMLE-Trade,2014-12-17,0.291995
CSCO,76076,QMLE-Trade,2014-12-18,0.192115
CSCO,76076,QMLE-Trade,2014-12-19,0.152179
CSCO,76076,QMLE-Trade,2014-12-22,0.124645
CSCO,76076,QMLE-Trade,2014-12-23,0.114306
CSCO,76076,QMLE-Trade,2014-12-24,0.13704
CSCO,76076,QMLE-Trade,2014-12-26,0.108465
CSCO,76076,QMLE-Trade,2014-12-29,0.0794764
CSCO,76076,QMLE-Trade,2014-12-30,0.0936141
CSCO,76076,QMLE-Trade,2014-12-31,0.147368
CSCO,76076,QMLE-Trade,2015-1-2,0.192609
CSCO,76076,QMLE-Trade,2015-1-5,0.193025
CSCO,76076,QMLE-Trade,2015-1-6,0.253839
CSCO,76076,QMLE-Trade,2015-1-7,0.244911
CSCO,76076,QMLE-Trade,2015-1-8,0.147008
CSCO,76076,QMLE-Trade,2015-1-9,0.180027
CSCO,76076,QMLE-Trade,2015-1-12,0.186068
CSCO,76076,QMLE-Trade,2015-1-13,0.239023
CSCO,76076,QMLE-Trade,2015-1-14,0.247698
CSCO,76076,QMLE-Trade,2015-1-15,0.291998
CSCO,76076,QMLE-Trade,2015-1-16,0.277677
CSCO,76076,QMLE-Trade,2015-1-20,0.227976
CSCO,76076,QMLE-Trade,2015-1-21,0.223106
CSCO,76076,QMLE-Trade,2015-1-22,0.308298
CSCO,76076,QMLE-Trade,2015-1-23,0.203902
CSCO,76076,QMLE-Trade,2015-1-26,0.167574
CSCO,76076,QMLE-Trade,2015-1-27,0.241528
CSCO,76076,QMLE-Trade,2015-1-28,0.286558
CSCO,76076,QMLE-Trade,2015-1-29,0.282016
CSCO,76076,QMLE-Trade,2015-1-30,0.22782
CSCO,76076,QMLE-Trade,2015-2-2,0.266306
CSCO,76076,QMLE-Trade,2015-2-3,0.214235
CSCO,76076,QMLE-Trade,2015-2-4,0.198283
CSCO,76076,QMLE-Trade,2015-2-5,0.190745
CSCO,76076,QMLE-Trade,2015-2-6,0.216932
CSCO,76076,QMLE-Trade,2015-2-9,0.170555
CSCO,76076,QMLE-Trade,2015-2-10,0.153908
CSCO,76076,QMLE-Trade,2015-2-11,0.21551
CSCO,76076,QMLE-Trade,2015-2-12,0.283951
CSCO,76076,QMLE-Trade,2015-2-13,0.210087
CSCO,76076,QMLE-Trade,2015-2-17,0.155959
CSCO,76076,QMLE-Trade,2015-2-18,0.172382
CSCO,76076,QMLE-Trade,2015-2-19,0.128595
CSCO,76076,QMLE-Trade,2015-2-20,0.130839
CSCO,76076,QMLE-Trade,2015-2-23,0.127083
CSCO,76076,QMLE-Trade,2015-2-24,0.152941
CSCO,76076,QMLE-Trade,2015-2-25,0.127743
CSCO,76076,QMLE-Trade,2015-2-26,0.1313
CSCO,76076,QMLE-Trade,2015-2-27,0.142663
CSCO,76076,QMLE-Trade,2015-3-2,0.145899
CSCO,76076,QMLE-Trade,2015-3-3,0.150951
CSCO,76076,QMLE-Trade,2015-3-4,0.156573
CSCO,76076,QMLE-Trade,2015-3-5,0.140727
CSCO,76076,QMLE-Trade,2015-3-6,0.185079
CSCO,76076,QMLE-Trade,2015-3-9,0.191329
CSCO,76076,QMLE-Trade,2015-3-10,0.194897
CSCO,76076,QMLE-Trade,2015-3-11,0.187252
CSCO,76076,QMLE-Trade,2015-3-12,0.21884
CSCO,76076,QMLE-Trade,2015-3-13,0.236821
CSCO,76076,QMLE-Trade,2015-3-16,0.149879
CSCO,76076,QMLE-Trade,2015-3-17,0.161008
CSCO,76076,QMLE-Trade,2015-3-18,0.210379
CSCO,76076,QMLE-Trade,2015-3-19,0.17112
CSCO,76076,QMLE-Trade,2015-3-20,0.143361
CSCO,76076,QMLE-Trade,2015-3-23,0.126064
CSCO,76076,QMLE-Trade,2015-3-24,0.146388
CSCO,76076,QMLE-Trade,2015-3-25,0.176113
CSCO,76076,QMLE-Trade,2015-3-26,0.262529
CSCO,76076,QMLE-Trade,2015-3-27,0.172033
CSCO,76076,QMLE-Trade,2015-3-30,0.173582
CSCO,76076,QMLE-Trade,2015-3-31,0.169331
CSCO,76076,QMLE-Trade,2015-4-1,0.248207
CSCO,76076,QMLE-Trade,2015-4-2,0.196577
CSCO,76076,QMLE-Trade,2015-4-6,0.154028
CSCO,76076,QMLE-Trade,2015-4-7,0.172989
CSCO,76076,QMLE-Trade,2015-4-8,0.160233
CSCO,76076,QMLE-Trade,2015-4-9,0.167739
CSCO,76076,QMLE-Trade,2015-4-10,0.132559
CSCO,76076,QMLE-Trade,2015-4-13,0.129861
CSCO,76076,QMLE-Trade,2015-4-14,0.151749
CSCO,76076,QMLE-Trade,2015-4-15,0.155251
CSCO,76076,QMLE-Trade,2015-4-16,0.155481
CSCO,76076,QMLE-Trade,2015-4-17,0.161804
CSCO,76076,QMLE-Trade,2015-4-20,0.157943
CSCO,76076,QMLE-Trade,2015-4-21,0.147866
CSCO,76076,QMLE-Trade,2015-4-22,0.157911
CSCO,76076,QMLE-Trade,2015-4-23,0.159192
CSCO,76076,QMLE-Trade,2015-4-24,0.192633
CSCO,76076,QMLE-Trade,2015-4-27,0.145663
CSCO,76076,QMLE-Trade,2015-4-28,0.158695
CSCO,76076,QMLE-Trade,2015-4-29,0.201636
CSCO,76076,QMLE-Trade,2015-4-30,0.188039
CSCO,76076,QMLE-Trade,2015-5-1,0.167908
CSCO,76076,QMLE-Trade,2015-5-4,0.1289
CSCO,76076,QMLE-Trade,2015-5-5,0.155937
CSCO,76076,QMLE-Trade,2015-5-6,0.175579
CSCO,76076,QMLE-Trade,2015-5-7,0.164661
CSCO,76076,QMLE-Trade,2015-5-8,0.133116
CSCO,76076,QMLE-Trade,2015-5-11,0.145014
CSCO,76076,QMLE-Trade,2015-5-12,0.211453
CSCO,76076,QMLE-Trade,2015-5-13,0.178389
CSCO,76076,QMLE-Trade,2015-5-14,0.243931
CSCO,76076,QMLE-Trade,2015-5-15,0.166757
CSCO,76076,QMLE-Trade,2015-5-18,0.128088
CSCO,76076,QMLE-Trade,2015-5-19,0.119777
CSCO,76076,QMLE-Trade,2015-5-20,0.136179
CSCO,76076,QMLE-Trade,2015-5-21,0.117823
CSCO,76076,QMLE-Trade,2015-5-22,0.124897
CSCO,76076,QMLE-Trade,2015-5-26,0.164954
CSCO,76076,QMLE-Trade,2015-5-27,0.139715
CSCO,76076,QMLE-Trade,2015-5-28,0.148805
CSCO,76076,QMLE-Trade,2015-5-29,0.152157
CSCO,76076,QMLE-Trade,2015-6-1,0.176168
CSCO,76076,QMLE-Trade,2015-6-2,0.159686
CSCO,76076,QMLE-Trade,2015-6-3,0.135895
CSCO,76076,QMLE-Trade,2015-6-4,0.175338
CSCO,76076,QMLE-Trade,2015-6-5,0.140155
CSCO,76076,QMLE-Trade,2015-6-8,0.132681
CSCO,76076,QMLE-Trade,2015-6-9,0.137449
CSCO,76076,QMLE-Trade,2015-6-10,0.140055
CSCO,76076,QMLE-Trade,2015-6-11,0.143318
CSCO,76076,QMLE-Trade,2015-6-12,0.148963
CSCO,76076,QMLE-Trade,2015-6-15,0.161326
CSCO,76076,QMLE-Trade,2015-6-16,0.143142
CSCO,76076,QMLE-Trade,2015-6-17,0.17826
CSCO,76076,QMLE-Trade,2015-6-18,0.152378
CSCO,76076,QMLE-Trade,2015-6-19,0.108249
CSCO,76076,QMLE-Trade,2015-6-22,0.141852
CSCO,76076,QMLE-Trade,2015-6-23,0.120121
CSCO,76076,QMLE-Trade,2015-6-24,0.12042
CSCO,76076,QMLE-Trade,2015-6-25,0.129439
CSCO,76076,QMLE-Trade,2015-6-26,0.141369
CSCO,76076,QMLE-Trade,2015-6-29,0.188233
CSCO,76076,QMLE-Trade,2015-6-30,0.214688
CSCO,76076,QMLE-Trade,2015-7-1,0.16827
CSCO,76076,QMLE-Trade,2015-7-2,0.133095
CSCO,76076,QMLE-Trade,2015-7-6,0.17976
CSCO,76076,QMLE-Trade,2015-7-7,0.181479
CSCO,76076,QMLE-Trade,2015-7-8,0.204441
CSCO,76076,QMLE-Trade,2015-7-9,0.167939
CSCO,76076,QMLE-Trade,2015-7-10,0.140819
CSCO,76076,QMLE-Trade,2015-7-13,0.12874
CSCO,76076,QMLE-Trade,2015-7-14,0.129921
CSCO,76076,QMLE-Trade,2015-7-15,0.13847
CSCO,76076,QMLE-Trade,2015-7-16,0.119401
CSCO,76076,QMLE-Trade,2015-7-17,0.140893
CSCO,76076,QMLE-Trade,2015-7-20,0.116641
CSCO,76076,QMLE-Trade,2015-7-21,0.144309
CSCO,76076,QMLE-Trade,2015-7-22,0.165333
CSCO,76076,QMLE-Trade,2015-7-23,0.161385
CSCO,76076,QMLE-Trade,2015-7-24,0.150384
CSCO,76076,QMLE-Trade,2015-7-27,0.172144
CSCO,76076,QMLE-Trade,2015-7-28,0.165498
CSCO,76076,QMLE-Trade,2015-7-29,0.176472
CSCO,76076,QMLE-Trade,2015-7-30,0.15327
CSCO,76076,QMLE-Trade,2015-7-31,0.159839
CSCO,76076,QMLE-Trade,2015-8-3,0.168263
CSCO,76076,QMLE-Trade,2015-8-4,0.151293
CSCO,76076,QMLE-Trade,2015-8-5,0.159667
CSCO,76076,QMLE-Trade,2015-8-6,0.198651
CSCO,76076,QMLE-Trade,2015-8-7,0.177269
CSCO,76076,QMLE-Trade,2015-8-10,0.127895
CSCO,76076,QMLE-Trade,2015-8-11,0.180845
CSCO,76076,QMLE-Trade,2015-8-12,0.222337
CSCO,76076,QMLE-Trade,2015-8-13,0.315571
CSCO,76076,QMLE-Trade,2015-8-14,0.146117
CSCO,76076,QMLE-Trade,2015-8-17,0.177575
CSCO,76076,QMLE-Trade,2015-8-18,0.167585
CSCO,76076,QMLE-Trade,2015-8-19,0.192198
CSCO,76076,QMLE-Trade,2015-8-20,0.217125
CSCO,76076,QMLE-Trade,2015-8-21,0.257379
CSCO,76076,QMLE-Trade,2015-8-24,1.09068
CSCO,76076,QMLE-Trade,2015-8-25,0.39258
CSCO,76076,QMLE-Trade,2015-8-26,0.365257
CSCO,76076,QMLE-Trade,2015-8-27,0.28023
CSCO,76076,QMLE-Trade,2015-8-28,0.22368
CSCO,76076,QMLE-Trade,2015-8-31,0.212489
CSCO,76076,QMLE-Trade,2015-9-1,0.308276
CSCO,76076,QMLE-Trade,2015-9-2,0.22499
CSCO,76076,QMLE-Trade,2015-9-3,0.208666
CSCO,76076,QMLE-Trade,2015-9-4,0.198099
CSCO,76076,QMLE-Trade,2015-9-8,0.170584
CSCO,76076,QMLE-Trade,2015-9-9,0.213317
CSCO,76076,QMLE-Trade,2015-9-10,0.260525
CSCO,76076,QMLE-Trade,2015-9-11,0.186056
CSCO,76076,QMLE-Trade,2015-9-14,0.174989
CSCO,76076,QMLE-Trade,2015-9-15,0.170616
CSCO,76076,QMLE-Trade,2015-9-16,0.162014
CSCO,76076,QMLE-Trade,2015-9-17,0.288474
CSCO,76076,QMLE-Trade,2015-9-18,0.211412
CSCO,76076,QMLE-Trade,2015-9-21,0.191438
CSCO,76076,QMLE-Trade,2015-9-22,0.170417
CSCO,76076,QMLE-Trade,2015-9-23,0.188384
CSCO,76076,QMLE-Trade,2015-9-24,0.232859
CSCO,76076,QMLE-Trade,2015-9-25,0.240199
CSCO,76076,QMLE-Trade,2015-9-28,0.213598
CSCO,76076,QMLE-Trade,2015-9-29,0.233068
CSCO,76076,QMLE-Trade,2015-9-30,0.209292
CSCO,76076,QMLE-Trade,2015-10-1,0.202903
CSCO,76076,QMLE-Trade,2015-10-2,0.227239
CSCO,76076,QMLE-Trade,2015-10-5,0.161461
CSCO,76076,QMLE-Trade,2015-10-6,0.216316
CSCO,76076,QMLE-Trade,2015-10-7,0.224381
CSCO,76076,QMLE-Trade,2015-10-8,0.197884
CSCO,76076,QMLE-Trade,2015-10-9,0.132809
CSCO,76076,QMLE-Trade,2015-10-12,0.119124
CSCO,76076,QMLE-Trade,2015-10-13,0.136871
CSCO,76076,QMLE-Trade,2015-10-14,0.160029
CSCO,76076,QMLE-Trade,2015-10-15,0.139223
CSCO,76076,QMLE-Trade,2015-10-16,0.14344
CSCO,76076,QMLE-Trade,2015-10-19,0.135962
CSCO,76076,QMLE-Trade,2015-10-20,0.149209
CSCO,76076,QMLE-Trade,2015-10-21,0.167606
CSCO,76076,QMLE-Trade,2015-10-22,0.176149
CSCO,76076,QMLE-Trade,2015-10-23,0.153799
CSCO,76076,QMLE-Trade,2015-10-26,0.130797
CSCO,76076,QMLE-Trade,2015-10-27,0.155901
CSCO,76076,QMLE-Trade,2015-10-28,0.179835
CSCO,76076,QMLE-Trade,2015-10-29,0.103998
CSCO,76076,QMLE-Trade,2015-10-30,0.158312
CSCO,76076,QMLE-Trade,2015-11-2,0.159927
CSCO,76076,QMLE-Trade,2015-11-3,0.138066
CSCO,76076,QMLE-Trade,2015-11-4,0.152406
CSCO,76076,QMLE-Trade,2015-11-5,0.176112
CSCO,76076,QMLE-Trade,2015-11-6,0.157017
CSCO,76076,QMLE-Trade,2015-11-9,0.171289
CSCO,76076,QMLE-Trade,2015-11-10,0.147922
CSCO,76076,QMLE-Trade,2015-11-11,0.184837
CSCO,76076,QMLE-Trade,2015-11-12,0.194884
CSCO,76076,QMLE-Trade,2015-11-13,0.330092
CSCO,76076,QMLE-Trade,2015-11-16,0.302807
CSCO,76076,QMLE-Trade,2015-11-17,0.227518
CSCO,76076,QMLE-Trade,2015-11-18,0.190521
CSCO,76076,QMLE-Trade,2015-11-19,0.19633
CSCO,76076,QMLE-Trade,2015-11-20,0.199755
CSCO,76076,QMLE-Trade,2015-11-23,0.163598
CSCO,76076,QMLE-Trade,2015-11-24,0.195506
CSCO,76076,QMLE-Trade,2015-11-25,0.161387
CSCO,76076,QMLE-Trade,2015-11-27,0.203774
CSCO,76076,QMLE-Trade,2015-11-30,0.163329
CSCO,76076,QMLE-Trade,2015-12-1,0.187786
CSCO,76076,QMLE-Trade,2015-12-2,0.177267
CSCO,76076,QMLE-Trade,2015-12-3,0.220153
CSCO,76076,QMLE-Trade,2015-12-4,0.173953
CSCO,76076,QMLE-Trade,2015-12-7,0.173535
CSCO,76076,QMLE-Trade,2015-12-8,0.173406
CSCO,76076,QMLE-Trade,2015-12-9,0.209645
CSCO,76076,QMLE-Trade,2015-12-10,0.19674
CSCO,76076,QMLE-Trade,2015-12-11,0.223798
CSCO,76076,QMLE-Trade,2015-12-14,0.26046
CSCO,76076,QMLE-Trade,2015-12-15,0.209708
CSCO,76076,QMLE-Trade,2015-12-16,0.280875
CSCO,76076,QMLE-Trade,2015-12-17,0.19752
CSCO,76076,QMLE-Trade,2015-12-18,0.215556
CSCO,76076,QMLE-Trade,2015-12-21,0.205331
CSCO,76076,QMLE-Trade,2015-12-22,0.15577
CSCO,76076,QMLE-Trade,2015-12-23,0.147216
CSCO,76076,QMLE-Trade,2015-12-24,0.14725
CSCO,76076,QMLE-Trade,2015-12-28,0.142194
CSCO,76076,QMLE-Trade,2015-12-29,0.116485
CSCO,76076,QMLE-Trade,2015-12-30,0.0983928
CSCO,76076,QMLE-Trade,2015-12-31,0.121113
CSCO,76076,QMLE-Trade,2016-1-4,0.21991
CSCO,76076,QMLE-Trade,2016-1-5,0.183154
CSCO,76076,QMLE-Trade,2016-1-6,0.203845
CSCO,76076,QMLE-Trade,2016-1-7,0.24153
CSCO,76076,QMLE-Trade,2016-1-8,0.254659
CSCO,76076,QMLE-Trade,2016-1-11,0.204538
CSCO,76076,QMLE-Trade,2016-1-12,0.228333
CSCO,76076,QMLE-Trade,2016-1-13,0.250993
CSCO,76076,QMLE-Trade,2016-1-14,0.25539
CSCO,76076,QMLE-Trade,2016-1-15,0.343545
CSCO,76076,QMLE-Trade,2016-1-19,0.284312
CSCO,76076,QMLE-Trade,2016-1-20,0.366374
CSCO,76076,QMLE-Trade,2016-1-21,0.322476
CSCO,76076,QMLE-Trade,2016-1-22,0.287805
CSCO,76076,QMLE-Trade,2016-1-25,0.270809
CSCO,76076,QMLE-Trade,2016-1-26,0.209456
CSCO,76076,QMLE-Trade,2016-1-27,0.299385
CSCO,76076,QMLE-Trade,2016-1-28,0.284918
CSCO,76076,QMLE-Trade,2016-1-29,0.241088
CSCO,76076,QMLE-Trade,2016-2-1,0.196265
CSCO,76076,QMLE-Trade,2016-2-2,0.218288
CSCO,76076,QMLE-Trade,2016-2-3,0.297631
CSCO,76076,QMLE-Trade,2016-2-4,0.256942
CSCO,76076,QMLE-Trade,2016-2-5,0.251059
CSCO,76076,QMLE-Trade,2016-2-8,0.275861
CSCO,76076,QMLE-Trade,2016-2-9,0.291051
CSCO,76076,QMLE-Trade,2016-2-10,0.264832
CSCO,76076,QMLE-Trade,2016-2-11,0.451825
CSCO,76076,QMLE-Trade,2016-2-12,0.265629
CSCO,76076,QMLE-Trade,2016-2-16,0.206571
CSCO,76076,QMLE-Trade,2016-2-17,0.184263
CSCO,76076,QMLE-Trade,2016-2-18,0.173018
CSCO,76076,QMLE-Trade,2016-2-19,0.191378
CSCO,76076,QMLE-Trade,2016-2-22,0.16351
CSCO,76076,QMLE-Trade,2016-2-23,0.201607
CSCO,76076,QMLE-Trade,2016-2-24,0.194515
CSCO,76076,QMLE-Trade,2016-2-25,0.187705
CSCO,76076,QMLE-Trade,2016-2-26,0.164877
CSCO,76076,QMLE-Trade,2016-2-29,0.177141
CSCO,76076,QMLE-Trade,2016-3-1,0.184663
CSCO,76076,QMLE-Trade,2016-3-2,0.156882
CSCO,76076,QMLE-Trade,2016-3-3,0.163688
CSCO,76076,QMLE-Trade,2016-3-4,0.16357
CSCO,76076,QMLE-Trade,2016-3-7,0.173038
CSCO,76076,QMLE-Trade,2016-3-8,0.166441
CSCO,76076,QMLE-Trade,2016-3-9,0.196815
CSCO,76076,QMLE-Trade,2016-3-10,0.218589
CSCO,76076,QMLE-Trade,2016-3-11,0.146137
CSCO,76076,QMLE-Trade,2016-3-14,0.140341
CSCO,76076,QMLE-Trade,2016-3-15,0.132627
CSCO,76076,QMLE-Trade,2016-3-16,0.174741
CSCO,76076,QMLE-Trade,2016-3-17,0.148932
CSCO,76076,QMLE-Trade,2016-3-18,0.159412
CSCO,76076,QMLE-Trade,2016-3-21,0.142148
CSCO,76076,QMLE-Trade,2016-3-22,0.163911
CSCO,76076,QMLE-Trade,2016-3-23,0.154565
CSCO,76076,QMLE-Trade,2016-3-24,0.148154
CSCO,76076,QMLE-Trade,2016-3-28,0.129052
CSCO,76076,QMLE-Trade,2016-3-29,0.120231
CSCO,76076,QMLE-Trade,2016-3-30,0.124249
CSCO,76076,QMLE-Trade,2016-3-31,0.123843
CSCO,76076,QMLE-Trade,2016-4-1,0.14922
CSCO,76076,QMLE-Trade,2016-4-4,0.135872
CSCO,76076,QMLE-Trade,2016-4-5,0.184813
CSCO,76076,QMLE-Trade,2016-4-6,0.145603
CSCO,76076,QMLE-Trade,2016-4-7,0.140328
CSCO,76076,QMLE-Trade,2016-4-8,0.14448
CSCO,76076,QMLE-Trade,2016-4-11,0.157037
CSCO,76076,QMLE-Trade,2016-4-12,0.203142
CSCO,76076,QMLE-Trade,2016-4-13,0.180855
CSCO,76076,QMLE-Trade,2016-4-14,0.121735
CSCO,76076,QMLE-Trade,2016-4-15,0.137512
CSCO,76076,QMLE-Trade,2016-4-18,0.129457
CSCO,76076,QMLE-Trade,2016-4-19,0.134219
CSCO,76076,QMLE-Trade,2016-4-20,0.12376
CSCO,76076,QMLE-Trade,2016-4-21,0.135701
CSCO,76076,QMLE-Trade,2016-4-22,0.17008
CSCO,76076,QMLE-Trade,2016-4-25,0.137182
CSCO,76076,QMLE-Trade,2016-4-26,0.136324
CSCO,76076,QMLE-Trade,2016-4-27,0.159928
CSCO,76076,QMLE-Trade,2016-4-28,0.165626
CSCO,76076,QMLE-Trade,2016-4-29,0.234221
CSCO,76076,QMLE-Trade,2016-5-2,0.169257
CSCO,76076,QMLE-Trade,2016-5-3,0.175658
CSCO,76076,QMLE-Trade,2016-5-4,0.191214
CSCO,76076,QMLE-Trade,2016-5-5,0.156406
CSCO,76076,QMLE-Trade,2016-5-6,0.203789
CSCO,76076,QMLE-Trade,2016-5-9,0.174453
CSCO,76076,QMLE-Trade,2016-5-10,0.14782
CSCO,76076,QMLE-Trade,2016-5-11,0.168184
CSCO,76076,QMLE-Trade,2016-5-12,0.163551
CSCO,76076,QMLE-Trade,2016-5-13,0.184919
CSCO,76076,QMLE-Trade,2016-5-16,0.155377
CSCO,76076,QMLE-Trade,2016-5-17,0.179166
CSCO,76076,QMLE-Trade,2016-5-18,0.250916
CSCO,76076,QMLE-Trade,2016-5-19,0.318865
CSCO,76076,QMLE-Trade,2016-5-20,0.164777
CSCO,76076,QMLE-Trade,2016-5-23,0.167679
CSCO,76076,QMLE-Trade,2016-5-24,0.142856
CSCO,76076,QMLE-Trade,2016-5-25,0.153451
CSCO,76076,QMLE-Trade,2016-5-26,0.130491
CSCO,76076,QMLE-Trade,2016-5-27,0.129366
CSCO,76076,QMLE-Trade,2016-5-31,0.117989
CSCO,76076,QMLE-Trade,2016-6-1,0.135428
CSCO,76076,QMLE-Trade,2016-6-2,0.114759
CSCO,76076,QMLE-Trade,2016-6-3,0.138911
CSCO,76076,QMLE-Trade,2016-6-6,0.127289
CSCO,76076,QMLE-Trade,2016-6-7,0.155726
CSCO,76076,QMLE-Trade,2016-6-8,0.127108
CSCO,76076,QMLE-Trade,2016-6-9,0.139646
CSCO,76076,QMLE-Trade,2016-6-10,0.141843
CSCO,76076,QMLE-Trade,2016-6-13,0.166398
CSCO,76076,QMLE-Trade,2016-6-14,0.176
CSCO,76076,QMLE-Trade,2016-6-15,0.167942
CSCO,76076,QMLE-Trade,2016-6-16,0.175338
CSCO,76076,QMLE-Trade,2016-6-17,0.164534
CSCO,76076,QMLE-Trade,2016-6-20,0.127192
CSCO,76076,QMLE-Trade,2016-6-21,0.135499
CSCO,76076,QMLE-Trade,2016-6-22,0.151678
CSCO,76076,QMLE-Trade,2016-6-23,0.123807
CSCO,76076,QMLE-Trade,2016-6-24,0.246238
CSCO,76076,QMLE-Trade,2016-6-27,0.223726
CSCO,76076,QMLE-Trade,2016-6-28,0.165515
CSCO,76076,QMLE-Trade,2016-6-29,0.151846
CSCO,76076,QMLE-Trade,2016-6-30,0.160025
CSCO,76076,QMLE-Trade,2016-7-1,0.147242
CSCO,76076,QMLE-Trade,2016-7-5,0.151502
CSCO,76076,QMLE-Trade,2016-7-6,0.200006
CSCO,76076,QMLE-Trade,2016-7-7,0.155749
CSCO,76076,QMLE-Trade,2016-7-8,0.108255
CSCO,76076,QMLE-Trade,2016-7-11,0.11644
CSCO,76076,QMLE-Trade,2016-7-12,0.116729
CSCO,76076,QMLE-Trade,2016-7-13,0.0930442
CSCO,76076,QMLE-Trade,2016-7-14,0.101373
CSCO,76076,QMLE-Trade,2016-7-15,0.098035
CSCO,76076,QMLE-Trade,2016-7-18,0.0917972
CSCO,76076,QMLE-Trade,2016-7-19,0.094405
CSCO,76076,QMLE-Trade,2016-7-20,0.162824
CSCO,76076,QMLE-Trade,2016-7-21,0.125347
CSCO,76076,QMLE-Trade,2016-7-22,0.116626
CSCO,76076,QMLE-Trade,2016-7-25,0.1045
CSCO,76076,QMLE-Trade,2016-7-26,0.13713
CSCO,76076,QMLE-Trade,2016-7-27,0.132552
CSCO,76076,QMLE-Trade,2016-7-28,0.127172
CSCO,76076,QMLE-Trade,2016-7-29,0.116708
CSCO,76076,QMLE-Trade,2016-8-1,0.12707
CSCO,76076,QMLE-Trade,2016-8-2,0.150538
CSCO,76076,QMLE-Trade,2016-8-3,0.116693
CSCO,76076,QMLE-Trade,2016-8-4,0.102847
CSCO,76076,QMLE-Trade,2016-8-5,0.110539
CSCO,76076,QMLE-Trade,2016-8-8,0.0890178
CSCO,76076,QMLE-Trade,2016-8-9,0.117967
CSCO,76076,QMLE-Trade,2016-8-10,0.102527
CSCO,76076,QMLE-Trade,2016-8-11,0.0767325
CSCO,76076,QMLE-Trade,2016-8-12,0.0826472
CSCO,76076,QMLE-Trade,2016-8-15,0.0713523
CSCO,76076,QMLE-Trade,2016-8-16,0.101995
CSCO,76076,QMLE-Trade,2016-8-17,0.201905
CSCO,76076,QMLE-Trade,2016-8-18,0.239321
CSCO,76076,QMLE-Trade,2016-8-19,0.114706
CSCO,76076,QMLE-Trade,2016-8-22,0.120278
CSCO,76076,QMLE-Trade,2016-8-23,0.0990859
CSCO,76076,QMLE-Trade,2016-8-24,0.110028
CSCO,76076,QMLE-Trade,2016-8-25,0.109186
CSCO,76076,QMLE-Trade,2016-8-26,0.159197
CSCO,76076,QMLE-Trade,2016-8-29,0.0894395
CSCO,76076,QMLE-Trade,2016-8-30,0.0956965
CSCO,76076,QMLE-Trade,2016-8-31,0.108807
CSCO,76076,QMLE-Trade,2016-9-1,0.133125
CSCO,76076,QMLE-Trade,2016-9-2,0.115164
CSCO,76076,QMLE-Trade,2016-9-6,0.0971453
CSCO,76076,QMLE-Trade,2016-9-7,0.0930322
CSCO,76076,QMLE-Trade,2016-9-8,0.110282
CSCO,76076,QMLE-Trade,2016-9-9,0.165275
CSCO,76076,QMLE-Trade,2016-9-12,0.167867
CSCO,76076,QMLE-Trade,2016-9-13,0.190348
CSCO,76076,QMLE-Trade,2016-9-14,0.181007
CSCO,76076,QMLE-Trade,2016-9-15,0.14525
CSCO,76076,QMLE-Trade,2016-9-16,0.14982
CSCO,76076,QMLE-Trade,2016-9-19,0.122134
CSCO,76076,QMLE-Trade,2016-9-20,0.109891
CSCO,76076,QMLE-Trade,2016-9-21,0.137477
CSCO,76076,QMLE-Trade,2016-9-22,0.104382
CSCO,76076,QMLE-Trade,2016-9-23,0.114655
CSCO,76076,QMLE-Trade,2016-9-26,0.137495
CSCO,76076,QMLE-Trade,2016-9-27,0.126458
CSCO,76076,QMLE-Trade,2016-9-28,0.111358
CSCO,76076,QMLE-Trade,2016-9-29,0.160899
CSCO,76076,QMLE-Trade,2016-9-30,0.141545
CSCO,76076,QMLE-Trade,2016-10-3,0.119373
CSCO,76076,QMLE-Trade,2016-10-4,0.136694
CSCO,76076,QMLE-Trade,2016-10-5,0.0913238
CSCO,76076,QMLE-Trade,2016-10-6,0.117314
CSCO,76076,QMLE-Trade,2016-10-7,0.144337
CSCO,76076,QMLE-Trade,2016-10-10,0.102373
CSCO,76076,QMLE-Trade,2016-10-11,0.137412
CSCO,76076,QMLE-Trade,2016-10-12,0.199044
CSCO,76076,QMLE-Trade,2016-10-13,0.151754
CSCO,76076,QMLE-Trade,2016-10-14,0.15034
CSCO,76076,QMLE-Trade,2016-10-17,0.115672
CSCO,76076,QMLE-Trade,2016-10-18,0.120615
CSCO,76076,QMLE-Trade,2016-10-19,0.116746
CSCO,76076,QMLE-Trade,2016-10-20,0.126348
CSCO,76076,QMLE-Trade,2016-10-21,0.104143
CSCO,76076,QMLE-Trade,2016-10-24,0.109727
CSCO,76076,QMLE-Trade,2016-10-25,0.100491
CSCO,76076,QMLE-Trade,2016-10-26,0.153733
CSCO,76076,QMLE-Trade,2016-10-27,0.134382
CSCO,76076,QMLE-Trade,2016-10-28,0.194057
CSCO,76076,QMLE-Trade,2016-10-31,0.180198
CSCO,76076,QMLE-Trade,2016-11-1,0.16949
CSCO,76076,QMLE-Trade,2016-11-2,0.159808
CSCO,76076,QMLE-Trade,2016-11-3,0.143481
CSCO,76076,QMLE-Trade,2016-11-4,0.258108
CSCO,76076,QMLE-Trade,2016-11-7,0.109445
CSCO,76076,QMLE-Trade,2016-11-8,0.142496
CSCO,76076,QMLE-Trade,2016-11-9,0.330447
CSCO,76076,QMLE-Trade,2016-11-10,0.277299
CSCO,76076,QMLE-Trade,2016-11-11,0.208829
CSCO,76076,QMLE-Trade,2016-11-14,0.195959
CSCO,76076,QMLE-Trade,2016-11-15,0.154296
CSCO,76076,QMLE-Trade,2016-11-16,0.159617
CSCO,76076,QMLE-Trade,2016-11-17,0.222679
CSCO,76076,QMLE-Trade,2016-11-18,0.196268
CSCO,76076,QMLE-Trade,2016-11-21,0.109958
CSCO,76076,QMLE-Trade,2016-11-22,0.116863
CSCO,76076,QMLE-Trade,2016-11-23,0.116267
CSCO,76076,QMLE-Trade,2016-11-25,0.168309
CSCO,76076,QMLE-Trade,2016-11-28,0.143714
CSCO,76076,QMLE-Trade,2016-11-29,0.120353
CSCO,76076,QMLE-Trade,2016-11-30,0.144398
CSCO,76076,QMLE-Trade,2016-12-1,0.169482
CSCO,76076,QMLE-Trade,2016-12-2,0.166098
CSCO,76076,QMLE-Trade,2016-12-5,0.132466
CSCO,76076,QMLE-Trade,2016-12-6,0.135716
CSCO,76076,QMLE-Trade,2016-12-7,0.144636
CSCO,76076,QMLE-Trade,2016-12-8,0.143764
CSCO,76076,QMLE-Trade,2016-12-9,0.12303
CSCO,76076,QMLE-Trade,2016-12-12,0.118678
CSCO,76076,QMLE-Trade,2016-12-13,0.142248
CSCO,76076,QMLE-Trade,2016-12-14,0.221971
CSCO,76076,QMLE-Trade,2016-12-15,0.158923
CSCO,76076,QMLE-Trade,2016-12-16,0.142339
CSCO,76076,QMLE-Trade,2016-12-19,0.114028
CSCO,76076,QMLE-Trade,2016-12-20,0.100926
CSCO,76076,QMLE-Trade,2016-12-21,0.0856482
CSCO,76076,QMLE-Trade,2016-12-22,0.112372
CSCO,76076,QMLE-Trade,2016-12-23,0.109513
CSCO,76076,QMLE-Trade,2016-12-27,0.079325
CSCO,76076,QMLE-Trade,2016-12-28,0.104732
CSCO,76076,QMLE-Trade,2016-12-29,0.115329
CSCO,76076,QMLE-Trade,2016-12-30,0.122676
CSCO,76076,QMLE-Trade,2017-1-3,0.145926
CSCO,76076,QMLE-Trade,2017-1-4,0.177236
CSCO,76076,QMLE-Trade,2017-1-5,0.117424
CSCO,76076,QMLE-Trade,2017-1-6,0.120777
CSCO,76076,QMLE-Trade,2017-1-9,0.102792
CSCO,76076,QMLE-Trade,2017-1-10,0.118378
CSCO,76076,QMLE-Trade,2017-1-11,0.133871
CSCO,76076,QMLE-Trade,2017-1-12,0.117005
CSCO,76076,QMLE-Trade,2017-1-13,0.0999778
CSCO,76076,QMLE-Trade,2017-1-17,0.12679
CSCO,76076,QMLE-Trade,2017-1-18,0.126801
CSCO,76076,QMLE-Trade,2017-1-19,0.101722
CSCO,76076,QMLE-Trade,2017-1-20,0.110326
CSCO,76076,QMLE-Trade,2017-1-23,0.099111
CSCO,76076,QMLE-Trade,2017-1-24,0.10884
CSCO,76076,QMLE-Trade,2017-1-25,0.147237
CSCO,76076,QMLE-Trade,2017-1-26,0.116471
CSCO,76076,QMLE-Trade,2017-1-27,0.100566
CSCO,76076,QMLE-Trade,2017-1-30,0.121299
CSCO,76076,QMLE-Trade,2017-1-31,0.121082
CSCO,76076,QMLE-Trade,2017-2-1,0.120991
CSCO,76076,QMLE-Trade,2017-2-2,0.130158
CSCO,76076,QMLE-Trade,2017-2-3,0.115495
CSCO,76076,QMLE-Trade,2017-2-6,0.0884741
CSCO,76076,QMLE-Trade,2017-2-7,0.0962588
CSCO,76076,QMLE-Trade,2017-2-8,0.0988578
CSCO,76076,QMLE-Trade,2017-2-9,0.0851194
CSCO,76076,QMLE-Trade,2017-2-10,0.101435
CSCO,76076,QMLE-Trade,2017-2-13,0.104122
CSCO,76076,QMLE-Trade,2017-2-14,0.10502
CSCO,76076,QMLE-Trade,2017-2-15,0.108953
CSCO,76076,QMLE-Trade,2017-2-16,0.235881
CSCO,76076,QMLE-Trade,2017-2-17,0.101487
CSCO,76076,QMLE-Trade,2017-2-21,0.100536
CSCO,76076,QMLE-Trade,2017-2-22,0.111333
CSCO,76076,QMLE-Trade,2017-2-23,0.110841
CSCO,76076,QMLE-Trade,2017-2-24,0.113049
CSCO,76076,QMLE-Trade,2017-2-27,0.092579
CSCO,76076,QMLE-Trade,2017-2-28,0.0791196
CSCO,76076,QMLE-Trade,2017-3-1,0.120703
CSCO,76076,QMLE-Trade,2017-3-2,0.0932268
CSCO,76076,QMLE-Trade,2017-3-3,0.0997074
CSCO,76076,QMLE-Trade,2017-3-6,0.120941
CSCO,76076,QMLE-Trade,2017-3-7,0.1044
CSCO,76076,QMLE-Trade,2017-3-8,0.0874382
CSCO,76076,QMLE-Trade,2017-3-9,0.103036
CSCO,76076,QMLE-Trade,2017-3-10,0.0970691
CSCO,76076,QMLE-Trade,2017-3-13,0.0859065
CSCO,76076,QMLE-Trade,2017-3-14,0.100514
CSCO,76076,QMLE-Trade,2017-3-15,0.103922
CSCO,76076,QMLE-Trade,2017-3-16,0.0998135
CSCO,76076,QMLE-Trade,2017-3-17,0.104372
CSCO,76076,QMLE-Trade,2017-3-20,0.110478
CSCO,76076,QMLE-Trade,2017-3-21,0.137598
CSCO,76076,QMLE-Trade,2017-3-22,0.124756
CSCO,76076,QMLE-Trade,2017-3-23,0.115283
CSCO,76076,QMLE-Trade,2017-3-24,0.121744
CSCO,76076,QMLE-Trade,2017-3-27,0.118175
CSCO,76076,QMLE-Trade,2017-3-28,0.138326
CSCO,76076,QMLE-Trade,2017-3-29,0.0949458
CSCO,76076,QMLE-Trade,2017-3-30,0.0905574
CSCO,76076,QMLE-Trade,2017-3-31,0.0752812
CSCO,76076,QMLE-Trade,2017-4-3,0.124124
CSCO,76076,QMLE-Trade,2017-4-4,0.152437
CSCO,76076,QMLE-Trade,2017-4-5,0.118286
CSCO,76076,QMLE-Trade,2017-4-6,0.124831
CSCO,76076,QMLE-Trade,2017-4-7,0.113559
CSCO,76076,QMLE-Trade,2017-4-10,0.109264
CSCO,76076,QMLE-Trade,2017-4-11,0.138405
CSCO,76076,QMLE-Trade,2017-4-12,0.136919
CSCO,76076,QMLE-Trade,2017-4-13,0.136694
CSCO,76076,QMLE-Trade,2017-4-17,0.0920349
CSCO,76076,QMLE-Trade,2017-4-18,0.104213
CSCO,76076,QMLE-Trade,2017-4-19,0.102404
CSCO,76076,QMLE-Trade,2017-4-20,0.080318
CSCO,76076,QMLE-Trade,2017-4-21,0.0952284
CSCO,76076,QMLE-Trade,2017-4-24,0.101585
CSCO,76076,QMLE-Trade,2017-4-25,0.0819452
CSCO,76076,QMLE-Trade,2017-4-26,0.119352
CSCO,76076,QMLE-Trade,2017-4-27,0.131665
CSCO,76076,QMLE-Trade,2017-4-28,0.103876
CSCO,76076,QMLE-Trade,2017-5-1,0.0845731
CSCO,76076,QMLE-Trade,2017-5-2,0.0889696
CSCO,76076,QMLE-Trade,2017-5-3,0.0929963
CSCO,76076,QMLE-Trade,2017-5-4,0.096847
CSCO,76076,QMLE-Trade,2017-5-5,0.0919351
CSCO,76076,QMLE-Trade,2017-5-8,0.079602
CSCO,76076,QMLE-Trade,2017-5-9,0.0998457
CSCO,76076,QMLE-Trade,2017-5-10,0.0946238
CSCO,76076,QMLE-Trade,2017-5-11,0.109626
CSCO,76076,QMLE-Trade,2017-5-12,0.132291
CSCO,76076,QMLE-Trade,2017-5-15,0.137592
CSCO,76076,QMLE-Trade,2017-5-16,0.111411
CSCO,76076,QMLE-Trade,2017-5-17,0.160147
CSCO,76076,QMLE-Trade,2017-5-18,0.457626
CSCO,76076,QMLE-Trade,2017-5-19,0.18463
CSCO,76076,QMLE-Trade,2017-5-22,0.169534
CSCO,76076,QMLE-Trade,2017-5-23,0.149444
CSCO,76076,QMLE-Trade,2017-5-24,0.125551
CSCO,76076,QMLE-Trade,2017-5-25,0.0976525
CSCO,76076,QMLE-Trade,2017-5-26,0.116593
CSCO,76076,QMLE-Trade,2017-5-30,0.0956395
CSCO,76076,QMLE-Trade,2017-5-31,0.132138
CSCO,76076,QMLE-Trade,2017-6-1,0.115613
CSCO,76076,QMLE-Trade,2017-6-2,0.122283
CSCO,76076,QMLE-Trade,2017-6-5,0.103908
CSCO,76076,QMLE-Trade,2017-6-6,0.104533
CSCO,76076,QMLE-Trade,2017-6-7,0.106371
CSCO,76076,QMLE-Trade,2017-6-8,0.116587
CSCO,76076,QMLE-Trade,2017-6-9,0.156083
CSCO,76076,QMLE-Trade,2017-6-12,0.172978
CSCO,76076,QMLE-Trade,2017-6-13,0.136393
CSCO,76076,QMLE-Trade,2017-6-14,0.159506
CSCO,76076,QMLE-Trade,2017-6-15,0.122413
CSCO,76076,QMLE-Trade,2017-6-16,0.135935
CSCO,76076,QMLE-Trade,2017-6-19,0.120645
CSCO,76076,QMLE-Trade,2017-6-20,0.127626
CSCO,76076,QMLE-Trade,2017-6-21,0.143224
CSCO,76076,QMLE-Trade,2017-6-22,0.116106
CSCO,76076,QMLE-Trade,2017-6-23,0.120436
CSCO,76076,QMLE-Trade,2017-6-26,0.155669
CSCO,76076,QMLE-Trade,2017-6-27,0.146493
CSCO,76076,QMLE-Trade,2017-6-28,0.147905
CSCO,76076,QMLE-Trade,2017-6-29,0.193273
CSCO,76076,QMLE-Trade,2017-6-30,0.165124
CSCO,76076,QMLE-Trade,2017-7-3,0.19241
CSCO,76076,QMLE-Trade,2017-7-5,0.173156
CSCO,76076,QMLE-Trade,2017-7-6,0.159075
CSCO,76076,QMLE-Trade,2017-7-7,0.130364
CSCO,76076,QMLE-Trade,2017-7-10,0.126538
CSCO,76076,QMLE-Trade,2017-7-11,0.108996
CSCO,76076,QMLE-Trade,2017-7-12,0.123161
CSCO,76076,QMLE-Trade,2017-7-13,0.114148
CSCO,76076,QMLE-Trade,2017-7-14,0.0988318
CSCO,76076,QMLE-Trade,2017-7-17,0.0813931
CSCO,76076,QMLE-Trade,2017-7-18,0.107666
CSCO,76076,QMLE-Trade,2017-7-19,0.105335
CSCO,76076,QMLE-Trade,2017-7-20,0.126674
CSCO,76076,QMLE-Trade,2017-7-21,0.111808
CSCO,76076,QMLE-Trade,2017-7-24,0.0841116
CSCO,76076,QMLE-Trade,2017-7-25,0.104352
CSCO,76076,QMLE-Trade,2017-7-26,0.117759
CSCO,76076,QMLE-Trade,2017-7-27,0.147362
CSCO,76076,QMLE-Trade,2017-7-28,0.115408
CSCO,76076,QMLE-Trade,2017-7-31,0.0942779
CSCO,76076,QMLE-Trade,2017-8-1,0.0890286
CSCO,76076,QMLE-Trade,2017-8-2,0.100362
CSCO,76076,QMLE-Trade,2017-8-3,0.115749
CSCO,76076,QMLE-Trade,2017-8-4,0.112284
CSCO,76076,QMLE-Trade,2017-8-7,0.0911566
CSCO,76076,QMLE-Trade,2017-8-8,0.111388
CSCO,76076,QMLE-Trade,2017-8-9,0.10949
CSCO,76076,QMLE-Trade,2017-8-10,0.15083
CSCO,76076,QMLE-Trade,2017-8-11,0.157186
CSCO,76076,QMLE-Trade,2017-8-14,0.110735
CSCO,76076,QMLE-Trade,2017-8-15,0.154545
CSCO,76076,QMLE-Trade,2017-8-16,0.148498
CSCO,76076,QMLE-Trade,2017-8-17,0.301907
CSCO,76076,QMLE-Trade,2017-8-18,0.197407
CSCO,76076,QMLE-Trade,2017-8-21,0.129708
CSCO,76076,QMLE-Trade,2017-8-22,0.12132
CSCO,76076,QMLE-Trade,2017-8-23,0.136137
CSCO,76076,QMLE-Trade,2017-8-24,0.133687
CSCO,76076,QMLE-Trade,2017-8-25,0.122299
CSCO,76076,QMLE-Trade,2017-8-28,0.118511
CSCO,76076,QMLE-Trade,2017-8-29,0.124568
CSCO,76076,QMLE-Trade,2017-8-30,0.114223
CSCO,76076,QMLE-Trade,2017-8-31,0.160588
CSCO,76076,QMLE-Trade,2017-9-1,0.103454
CSCO,76076,QMLE-Trade,2017-9-5,0.164268
CSCO,76076,QMLE-Trade,2017-9-6,0.13185
CSCO,76076,QMLE-Trade,2017-9-7,0.11515
CSCO,76076,QMLE-Trade,2017-9-8,0.109566
CSCO,76076,QMLE-Trade,2017-9-11,0.123691
CSCO,76076,QMLE-Trade,2017-9-12,0.141841
CSCO,76076,QMLE-Trade,2017-9-13,0.135351
CSCO,76076,QMLE-Trade,2017-9-14,0.117242
CSCO,76076,QMLE-Trade,2017-9-15,0.120882
CSCO,76076,QMLE-Trade,2017-9-18,0.107926
CSCO,76076,QMLE-Trade,2017-9-19,0.10436
CSCO,76076,QMLE-Trade,2017-9-20,0.128786
CSCO,76076,QMLE-Trade,2017-9-21,0.122668
CSCO,76076,QMLE-Trade,2017-9-22,0.151259
CSCO,76076,QMLE-Trade,2017-9-25,0.165806
CSCO,76076,QMLE-Trade,2017-9-26,0.148414
CSCO,76076,QMLE-Trade,2017-9-27,0.136186
CSCO,76076,QMLE-Trade,2017-9-28,0.117655
CSCO,76076,QMLE-Trade,2017-9-29,0.108516
CSCO,76076,QMLE-Trade,2017-10-2,0.104695
CSCO,76076,QMLE-Trade,2017-10-3,0.0968032
CSCO,76076,QMLE-Trade,2017-10-4,0.128233
CSCO,76076,QMLE-Trade,2017-10-5,0.10381
CSCO,76076,QMLE-Trade,2017-10-6,0.108529
CSCO,76076,QMLE-Trade,2017-10-9,0.0893097
CSCO,76076,QMLE-Trade,2017-10-10,0.099202
CSCO,76076,QMLE-Trade,2017-10-11,0.129579
CSCO,76076,QMLE-Trade,2017-10-12,0.113957
CSCO,76076,QMLE-Trade,2017-10-13,0.0989878
CSCO,76076,QMLE-Trade,2017-10-16,0.0979323
CSCO,76076,QMLE-Trade,2017-10-17,0.0897247
CSCO,76076,QMLE-Trade,2017-10-18,0.0857699
CSCO,76076,QMLE-Trade,2017-10-19,0.108179
CSCO,76076,QMLE-Trade,2017-10-20,0.113361
CSCO,76076,QMLE-Trade,2017-10-23,0.126426
CSCO,76076,QMLE-Trade,2017-10-24,0.117761
CSCO,76076,QMLE-Trade,2017-10-25,0.136518
CSCO,76076,QMLE-Trade,2017-10-26,0.124459
CSCO,76076,QMLE-Trade,2017-10-27,0.140603
CSCO,76076,QMLE-Trade,2017-10-30,0.143488
CSCO,76076,QMLE-Trade,2017-10-31,0.103709
CSCO,76076,QMLE-Trade,2017-11-1,0.152671
CSCO,76076,QMLE-Trade,2017-11-2,0.141554
CSCO,76076,QMLE-Trade,2017-11-3,0.129781
CSCO,76076,QMLE-Trade,2017-11-6,0.119989
CSCO,76076,QMLE-Trade,2017-11-7,0.126105
CSCO,76076,QMLE-Trade,2017-11-8,0.112941
CSCO,76076,QMLE-Trade,2017-11-9,0.169071
CSCO,76076,QMLE-Trade,2017-11-10,0.13439
CSCO,76076,QMLE-Trade,2017-11-13,0.118604
CSCO,76076,QMLE-Trade,2017-11-14,0.140769
CSCO,76076,QMLE-Trade,2017-11-15,0.168253
CSCO,76076,QMLE-Trade,2017-11-16,0.33944
CSCO,76076,QMLE-Trade,2017-11-17,0.145796
CSCO,76076,QMLE-Trade,2017-11-20,0.135908
CSCO,76076,QMLE-Trade,2017-11-21,0.148605
CSCO,76076,QMLE-Trade,2017-11-22,0.131101
CSCO,76076,QMLE-Trade,2017-11-24,0.0863931
CSCO,76076,QMLE-Trade,2017-11-27,0.121924
CSCO,76076,QMLE-Trade,2017-11-28,0.169769
CSCO,76076,QMLE-Trade,2017-11-29,0.189397
CSCO,76076,QMLE-Trade,2017-11-30,0.156354
CSCO,76076,QMLE-Trade,2017-12-1,0.280736
CSCO,76076,QMLE-Trade,2017-12-4,0.145768
CSCO,76076,QMLE-Trade,2017-12-5,0.162909
CSCO,76076,QMLE-Trade,2017-12-6,0.140086
CSCO,76076,QMLE-Trade,2017-12-7,0.141145
CSCO,76076,QMLE-Trade,2017-12-8,0.122633
CSCO,76076,QMLE-Trade,2017-12-11,0.118227
CSCO,76076,QMLE-Trade,2017-12-12,0.137066
CSCO,76076,QMLE-Trade,2017-12-13,0.140925
CSCO,76076,QMLE-Trade,2017-12-14,0.13531
CSCO,76076,QMLE-Trade,2017-12-15,0.147243
CSCO,76076,QMLE-Trade,2017-12-18,0.152763
CSCO,76076,QMLE-Trade,2017-12-19,0.139098
CSCO,76076,QMLE-Trade,2017-12-20,0.126317
CSCO,76076,QMLE-Trade,2017-12-21,0.130862
CSCO,76076,QMLE-Trade,2017-12-22,0.157086
CSCO,76076,QMLE-Trade,2017-12-26,0.105594
CSCO,76076,QMLE-Trade,2017-12-27,0.0665506
CSCO,76076,QMLE-Trade,2017-12-28,0.0802297
CSCO,76076,QMLE-Trade,2017-12-29,0.0985044
CSCO,76076,QMLE-Trade,2018-1-2,0.145999
CSCO,76076,QMLE-Trade,2018-1-3,0.15259
CSCO,76076,QMLE-Trade,2018-1-4,0.167469
CSCO,76076,QMLE-Trade,2018-1-5,0.161965
CSCO,76076,QMLE-Trade,2018-1-8,0.11966
CSCO,76076,QMLE-Trade,2018-1-9,0.114039
CSCO,76076,QMLE-Trade,2018-1-10,0.156605
CSCO,76076,QMLE-Trade,2018-1-11,0.100437
CSCO,76076,QMLE-Trade,2018-1-12,0.146335
CSCO,76076,QMLE-Trade,2018-1-16,0.177944
CSCO,76076,QMLE-Trade,2018-1-17,0.134428
CSCO,76076,QMLE-Trade,2018-1-18,0.130139
CSCO,76076,QMLE-Trade,2018-1-19,0.126972
CSCO,76076,QMLE-Trade,2018-1-22,0.122546
CSCO,76076,QMLE-Trade,2018-1-23,0.136152
CSCO,76076,QMLE-Trade,2018-1-24,0.176245
CSCO,76076,QMLE-Trade,2018-1-25,0.160771
CSCO,76076,QMLE-Trade,2018-1-26,0.129573
CSCO,76076,QMLE-Trade,2018-1-29,0.159362
CSCO,76076,QMLE-Trade,2018-1-30,0.187148
CSCO,76076,QMLE-Trade,2018-1-31,0.191461
CSCO,76076,QMLE-Trade,2018-2-1,0.208744
CSCO,76076,QMLE-Trade,2018-2-2,0.21625
CSCO,76076,QMLE-Trade,2018-2-5,0.458338
CSCO,76076,QMLE-Trade,2018-2-6,0.650034
CSCO,76076,QMLE-Trade,2018-2-7,0.345901
CSCO,76076,QMLE-Trade,2018-2-8,0.404765
CSCO,76076,QMLE-Trade,2018-2-9,0.502137
CSCO,76076,QMLE-Trade,2018-2-12,0.288494
CSCO,76076,QMLE-Trade,2018-2-13,0.232325
CSCO,76076,QMLE-Trade,2018-2-14,0.272941
CSCO,76076,QMLE-Trade,2018-2-15,0.411255
CSCO,76076,QMLE-Trade,2018-2-16,0.236408
CSCO,76076,QMLE-Trade,2018-2-20,0.207485
CSCO,76076,QMLE-Trade,2018-2-21,0.196478
CSCO,76076,QMLE-Trade,2018-2-22,0.216888
CSCO,76076,QMLE-Trade,2018-2-23,0.162159
CSCO,76076,QMLE-Trade,2018-2-26,0.164855
CSCO,76076,QMLE-Trade,2018-2-27,0.217946
CSCO,76076,QMLE-Trade,2018-2-28,0.197783
CSCO,76076,QMLE-Trade,2018-3-1,0.350968
CSCO,76076,QMLE-Trade,2018-3-2,0.275526
CSCO,76076,QMLE-Trade,2018-3-5,0.220737
CSCO,76076,QMLE-Trade,2018-3-6,0.227324
CSCO,76076,QMLE-Trade,2018-3-7,0.201939
CSCO,76076,QMLE-Trade,2018-3-8,0.168114
CSCO,76076,QMLE-Trade,2018-3-9,0.156874
CSCO,76076,QMLE-Trade,2018-3-12,0.145687
CSCO,76076,QMLE-Trade,2018-3-13,0.199194
CSCO,76076,QMLE-Trade,2018-3-14,0.198193
CSCO,76076,QMLE-Trade,2018-3-15,0.169369
CSCO,76076,QMLE-Trade,2018-3-16,0.15896
CSCO,76076,QMLE-Trade,2018-3-19,0.216013
CSCO,76076,QMLE-Trade,2018-3-20,0.152641
CSCO,76076,QMLE-Trade,2018-3-21,0.209776
CSCO,76076,QMLE-Trade,2018-3-22,0.253159
CSCO,76076,QMLE-Trade,2018-3-23,0.287744
CSCO,76076,QMLE-Trade,2018-3-26,0.225111
CSCO,76076,QMLE-Trade,2018-3-27,0.283538
CSCO,76076,QMLE-Trade,2018-3-28,0.382878
CSCO,76076,QMLE-Trade,2018-3-29,0.272907
CSCO,76076,QMLE-Trade,2018-4-2,0.31869
CSCO,76076,QMLE-Trade,2018-4-3,0.279877
CSCO,76076,QMLE-Trade,2018-4-4,0.246175
CSCO,76076,QMLE-Trade,2018-4-5,0.217345
CSCO,76076,QMLE-Trade,2018-4-6,0.295083
CSCO,76076,QMLE-Trade,2018-4-9,0.212477
CSCO,76076,QMLE-Trade,2018-4-10,0.258731
CSCO,76076,QMLE-Trade,2018-4-11,0.206442
CSCO,76076,QMLE-Trade,2018-4-12,0.204345
CSCO,76076,QMLE-Trade,2018-4-13,0.214649
CSCO,76076,QMLE-Trade,2018-4-16,0.193499
CSCO,76076,QMLE-Trade,2018-4-17,0.171597
CSCO,76076,QMLE-Trade,2018-4-18,0.164786
CSCO,76076,QMLE-Trade,2018-4-19,0.182477
CSCO,76076,QMLE-Trade,2018-4-20,0.194352
CSCO,76076,QMLE-Trade,2018-4-23,0.181672
CSCO,76076,QMLE-Trade,2018-4-24,0.247356
CSCO,76076,QMLE-Trade,2018-4-25,0.254822
CSCO,76076,QMLE-Trade,2018-4-26,0.199882
CSCO,76076,QMLE-Trade,2018-4-27,0.222182
CSCO,76076,QMLE-Trade,2018-4-30,0.183636
CSCO,76076,QMLE-Trade,2018-5-1,0.201627
CSCO,76076,QMLE-Trade,2018-5-2,0.215945
CSCO,76076,QMLE-Trade,2018-5-3,0.246328
CSCO,76076,QMLE-Trade,2018-5-4,0.215141
CSCO,76076,QMLE-Trade,2018-5-7,0.161468
CSCO,76076,QMLE-Trade,2018-5-8,0.19735
CSCO,76076,QMLE-Trade,2018-5-9,0.170195
CSCO,76076,QMLE-Trade,2018-5-10,0.156391
CSCO,76076,QMLE-Trade,2018-5-11,0.145857
CSCO,76076,QMLE-Trade,2018-5-14,0.150103
CSCO,76076,QMLE-Trade,2018-5-15,0.201629
CSCO,76076,QMLE-Trade,2018-5-16,0.15357
CSCO,76076,QMLE-Trade,2018-5-17,0.296164
CSCO,76076,QMLE-Trade,2018-5-18,0.161429
CSCO,76076,QMLE-Trade,2018-5-21,0.158201
CSCO,76076,QMLE-Trade,2018-5-22,0.138264
CSCO,76076,QMLE-Trade,2018-5-23,0.176144
CSCO,76076,QMLE-Trade,2018-5-24,0.185798
CSCO,76076,QMLE-Trade,2018-5-25,0.156153
CSCO,76076,QMLE-Trade,2018-5-29,0.205626
CSCO,76076,QMLE-Trade,2018-5-30,0.137329
CSCO,76076,QMLE-Trade,2018-5-31,0.156367
CSCO,76076,QMLE-Trade,2018-6-1,0.123578
CSCO,76076,QMLE-Trade,2018-6-4,0.128926
CSCO,76076,QMLE-Trade,2018-6-5,0.126384
CSCO,76076,QMLE-Trade,2018-6-6,0.118662
CSCO,76076,QMLE-Trade,2018-6-7,0.163997
CSCO,76076,QMLE-Trade,2018-6-8,0.153455
CSCO,76076,QMLE-Trade,2018-6-11,0.136966
CSCO,76076,QMLE-Trade,2018-6-12,0.121948
CSCO,76076,QMLE-Trade,2018-6-13,0.16158
CSCO,76076,QMLE-Trade,2018-6-14,0.140721
CSCO,76076,QMLE-Trade,2018-6-15,0.233363
CSCO,76076,QMLE-Trade,2018-6-18,0.150193
CSCO,76076,QMLE-Trade,2018-6-19,0.167017
CSCO,76076,QMLE-Trade,2018-6-20,0.133588
CSCO,76076,QMLE-Trade,2018-6-21,0.183996
CSCO,76076,QMLE-Trade,2018-6-22,0.13986
CSCO,76076,QMLE-Trade,2018-6-25,0.240742
CSCO,76076,QMLE-Trade,2018-6-26,0.20203
CSCO,76076,QMLE-Trade,2018-6-27,0.219358
CSCO,76076,QMLE-Trade,2018-6-28,0.20053
CSCO,76076,QMLE-Trade,2018-6-29,0.151096
CSCO,76076,QMLE-Trade,2018-7-2,0.156708
CSCO,76076,QMLE-Trade,2018-7-3,0.166731
CSCO,76076,QMLE-Trade,2018-7-5,0.168636
CSCO,76076,QMLE-Trade,2018-7-6,0.137693
CSCO,76076,QMLE-Trade,2018-7-9,0.137367
CSCO,76076,QMLE-Trade,2018-7-10,0.132203
CSCO,76076,QMLE-Trade,2018-7-11,0.140932
CSCO,76076,QMLE-Trade,2018-7-12,0.112497
CSCO,76076,QMLE-Trade,2018-7-13,0.387883
CSCO,76076,QMLE-Trade,2018-7-16,0.210667
CSCO,76076,QMLE-Trade,2018-7-17,0.152827
CSCO,76076,QMLE-Trade,2018-7-18,0.127257
CSCO,76076,QMLE-Trade,2018-7-19,0.203584
CSCO,76076,QMLE-Trade,2018-7-20,0.134493
CSCO,76076,QMLE-Trade,2018-7-23,0.130795
CSCO,76076,QMLE-Trade,2018-7-24,0.189113
CSCO,76076,QMLE-Trade,2018-7-25,0.145139
CSCO,76076,QMLE-Trade,2018-7-26,0.165368
CSCO,76076,QMLE-Trade,2018-7-27,0.188019
CSCO,76076,QMLE-Trade,2018-7-30,0.167159
CSCO,76076,QMLE-Trade,2018-7-31,0.174767
CSCO,76076,QMLE-Trade,2018-8-1,0.176807
CSCO,76076,QMLE-Trade,2018-8-2,0.171162
CSCO,76076,QMLE-Trade,2018-8-3,0.140134
CSCO,76076,QMLE-Trade,2018-8-6,0.124276
CSCO,76076,QMLE-Trade,2018-8-7,0.135256
CSCO,76076,QMLE-Trade,2018-8-8,0.109458
CSCO,76076,QMLE-Trade,2018-8-9,0.129833
CSCO,76076,QMLE-Trade,2018-8-10,0.145679
CSCO,76076,QMLE-Trade,2018-8-13,0.171148
CSCO,76076,QMLE-Trade,2018-8-14,0.135369
CSCO,76076,QMLE-Trade,2018-8-15,0.225981
CSCO,76076,QMLE-Trade,2018-8-16,0.318284
CSCO,76076,QMLE-Trade,2018-8-17,0.166454
CSCO,76076,QMLE-Trade,2018-8-20,0.142195
CSCO,76076,QMLE-Trade,2018-8-21,0.144409
CSCO,76076,QMLE-Trade,2018-8-22,0.112541
CSCO,76076,QMLE-Trade,2018-8-23,0.126537
CSCO,76076,QMLE-Trade,2018-8-24,0.1282
CSCO,76076,QMLE-Trade,2018-8-27,0.127
CSCO,76076,QMLE-Trade,2018-8-28,0.130597
CSCO,76076,QMLE-Trade,2018-8-29,0.112851
CSCO,76076,QMLE-Trade,2018-8-30,0.164655
CSCO,76076,QMLE-Trade,2018-8-31,0.142745
CSCO,76076,QMLE-Trade,2018-9-4,0.163488
CSCO,76076,QMLE-Trade,2018-9-5,0.180887
CSCO,76076,QMLE-Trade,2018-9-6,0.184477
CSCO,76076,QMLE-Trade,2018-9-7,0.190027
CSCO,76076,QMLE-Trade,2018-9-10,0.14737
CSCO,76076,QMLE-Trade,2018-9-11,0.144697
CSCO,76076,QMLE-Trade,2018-9-12,0.144266
CSCO,76076,QMLE-Trade,2018-9-13,0.146608
CSCO,76076,QMLE-Trade,2018-9-14,0.116494
CSCO,76076,QMLE-Trade,2018-9-17,0.142862
CSCO,76076,QMLE-Trade,2018-9-18,0.10378
CSCO,76076,QMLE-Trade,2018-9-19,0.128794
CSCO,76076,QMLE-Trade,2018-9-20,0.137778
CSCO,76076,QMLE-Trade,2018-9-21,0.144616
CSCO,76076,QMLE-Trade,2018-9-24,0.133045
CSCO,76076,QMLE-Trade,2018-9-25,0.134495
CSCO,76076,QMLE-Trade,2018-9-26,0.166618
CSCO,76076,QMLE-Trade,2018-9-27,0.130406
CSCO,76076,QMLE-Trade,2018-9-28,0.116447
CSCO,76076,QMLE-Trade,2018-10-1,0.121982
CSCO,76076,QMLE-Trade,2018-10-2,0.137103
CSCO,76076,QMLE-Trade,2018-10-3,0.124064
CSCO,76076,QMLE-Trade,2018-10-4,0.17836
CSCO,76076,QMLE-Trade,2018-10-5,0.208829
CSCO,76076,QMLE-Trade,2018-10-8,0.216699
CSCO,76076,QMLE-Trade,2018-10-9,0.189219
CSCO,76076,QMLE-Trade,2018-10-10,0.283294
CSCO,76076,QMLE-Trade,2018-10-11,0.420298
CSCO,76076,QMLE-Trade,2018-10-12,0.282836
CSCO,76076,QMLE-Trade,2018-10-15,0.270638
CSCO,76076,QMLE-Trade,2018-10-16,0.214302
CSCO,76076,QMLE-Trade,2018-10-17,0.211802
CSCO,76076,QMLE-Trade,2018-10-18,0.269861
CSCO,76076,QMLE-Trade,2018-10-19,0.233431
CSCO,76076,QMLE-Trade,2018-10-22,0.210818
CSCO,76076,QMLE-Trade,2018-10-23,0.289541
CSCO,76076,QMLE-Trade,2018-10-24,0.308738
CSCO,76076,QMLE-Trade,2018-10-25,0.290831
CSCO,76076,QMLE-Trade,2018-10-26,0.394467
CSCO,76076,QMLE-Trade,2018-10-29,0.355165
CSCO,76076,QMLE-Trade,2018-10-30,0.340666
CSCO,76076,QMLE-Trade,2018-10-31,0.231713
CSCO,76076,QMLE-Trade,2018-11-1,0.228221
CSCO,76076,QMLE-Trade,2018-11-2,0.297478
CSCO,76076,QMLE-Trade,2018-11-5,0.185811
CSCO,76076,QMLE-Trade,2018-11-6,0.209221
CSCO,76076,QMLE-Trade,2018-11-7,0.182485
CSCO,76076,QMLE-Trade,2018-11-8,0.19448
CSCO,76076,QMLE-Trade,2018-11-9,0.210116
CSCO,76076,QMLE-Trade,2018-11-12,0.218608
CSCO,76076,QMLE-Trade,2018-11-13,0.29319
CSCO,76076,QMLE-Trade,2018-11-14,0.279116
CSCO,76076,QMLE-Trade,2018-11-15,0.426051
CSCO,76076,QMLE-Trade,2018-11-16,0.276261
CSCO,76076,QMLE-Trade,2018-11-19,0.252334
CSCO,76076,QMLE-Trade,2018-11-20,0.311184
CSCO,76076,QMLE-Trade,2018-11-21,0.208684
CSCO,76076,QMLE-Trade,2018-11-23,0.155879
CSCO,76076,QMLE-Trade,2018-11-26,0.16489
CSCO,76076,QMLE-Trade,2018-11-27,0.218865
CSCO,76076,QMLE-Trade,2018-11-28,0.227223
CSCO,76076,QMLE-Trade,2018-11-29,0.224713
CSCO,76076,QMLE-Trade,2018-11-30,0.196402
CSCO,76076,QMLE-Trade,2018-12-3,0.200345
CSCO,76076,QMLE-Trade,2018-12-4,0.280977
CSCO,76076,QMLE-Trade,2018-12-6,0.335707
CSCO,76076,QMLE-Trade,2018-12-7,0.31783
CSCO,76076,QMLE-Trade,2018-12-10,0.31939
CSCO,76076,QMLE-Trade,2018-12-11,0.294726
CSCO,76076,QMLE-Trade,2018-12-12,0.237235
CSCO,76076,QMLE-Trade,2018-12-13,0.25881
CSCO,76076,QMLE-Trade,2018-12-14,0.253837
CSCO,76076,QMLE-Trade,2018-12-17,0.281751
CSCO,76076,QMLE-Trade,2018-12-18,0.259365
CSCO,76076,QMLE-Trade,2018-12-19,0.421758
CSCO,76076,QMLE-Trade,2018-12-20,0.431616
CSCO,76076,QMLE-Trade,2018-12-21,0.415689
CSCO,76076,QMLE-Trade,2018-12-24,0.356097
CSCO,76076,QMLE-Trade,2018-12-26,0.35179
CSCO,76076,QMLE-Trade,2018-12-27,0.3954
CSCO,76076,QMLE-Trade,2018-12-28,0.344542
CSCO,76076,QMLE-Trade,2018-12-31,0.24118
CSCO,76076,QMLE-Trade,2019-1-2,0.275525
CSCO,76076,QMLE-Trade,2019-1-3,0.330956
CSCO,76076,QMLE-Trade,2019-1-4,0.273026
CSCO,76076,QMLE-Trade,2019-1-7,0.210103
CSCO,76076,QMLE-Trade,2019-1-8,0.202856
CSCO,76076,QMLE-Trade,2019-1-9,0.235725
CSCO,76076,QMLE-Trade,2019-1-10,0.196081
CSCO,76076,QMLE-Trade,2019-1-11,0.150966
CSCO,76076,QMLE-Trade,2019-1-14,0.149795
CSCO,76076,QMLE-Trade,2019-1-15,0.154087
CSCO,76076,QMLE-Trade,2019-1-16,0.138956
CSCO,76076,QMLE-Trade,2019-1-17,0.170978
CSCO,76076,QMLE-Trade,2019-1-18,0.181463
CSCO,76076,QMLE-Trade,2019-1-22,0.184654
CSCO,76076,QMLE-Trade,2019-1-23,0.177326
CSCO,76076,QMLE-Trade,2019-1-24,0.166585
CSCO,76076,QMLE-Trade,2019-1-25,0.151936
CSCO,76076,QMLE-Trade,2019-1-28,0.159861
CSCO,76076,QMLE-Trade,2019-1-29,0.139763
CSCO,76076,QMLE-Trade,2019-1-30,0.183307
CSCO,76076,QMLE-Trade,2019-1-31,0.160418
CSCO,76076,QMLE-Trade,2019-2-1,0.184367
CSCO,76076,QMLE-Trade,2019-2-4,0.110742
CSCO,76076,QMLE-Trade,2019-2-5,0.107273
CSCO,76076,QMLE-Trade,2019-2-6,0.137121
CSCO,76076,QMLE-Trade,2019-2-7,0.169209
CSCO,76076,QMLE-Trade,2019-2-8,0.148655
CSCO,76076,QMLE-Trade,2019-2-11,0.125523
CSCO,76076,QMLE-Trade,2019-2-12,0.186687
CSCO,76076,QMLE-Trade,2019-2-13,0.147627
CSCO,76076,QMLE-Trade,2019-2-14,0.290165
CSCO,76076,QMLE-Trade,2019-2-15,0.170672
CSCO,76076,QMLE-Trade,2019-2-19,0.122625
CSCO,76076,QMLE-Trade,2019-2-20,0.136399
CSCO,76076,QMLE-Trade,2019-2-21,0.133609
CSCO,76076,QMLE-Trade,2019-2-22,0.127361
CSCO,76076,QMLE-Trade,2019-2-25,0.122198
CSCO,76076,QMLE-Trade,2019-2-26,0.125819
CSCO,76076,QMLE-Trade,2019-2-27,0.135287
CSCO,76076,QMLE-Trade,2019-2-28,0.118799
CSCO,76076,QMLE-Trade,2019-3-1,0.0992928
CSCO,76076,QMLE-Trade,2019-3-4,0.150796
CSCO,76076,QMLE-Trade,2019-3-5,0.126528
CSCO,76076,QMLE-Trade,2019-3-6,0.116451
CSCO,76076,QMLE-Trade,2019-3-7,0.139912
CSCO,76076,QMLE-Trade,2019-3-8,0.14949
CSCO,76076,QMLE-Trade,2019-3-11,0.12193
CSCO,76076,QMLE-Trade,2019-3-12,0.16342
CSCO,76076,QMLE-Trade,2019-3-13,0.147069
CSCO,76076,QMLE-Trade,2019-3-14,0.118481
CSCO,76076,QMLE-Trade,2019-3-15,0.133738
CSCO,76076,QMLE-Trade,2019-3-18,0.128067
CSCO,76076,QMLE-Trade,2019-3-19,0.140158
CSCO,76076,QMLE-Trade,2019-3-20,0.18702
CSCO,76076,QMLE-Trade,2019-3-21,0.131937
CSCO,76076,QMLE-Trade,2019-3-22,0.185828
CSCO,76076,QMLE-Trade,2019-3-25,0.169949
CSCO,76076,QMLE-Trade,2019-3-26,0.145783
CSCO,76076,QMLE-Trade,2019-3-27,0.153345
CSCO,76076,QMLE-Trade,2019-3-28,0.140545
CSCO,76076,QMLE-Trade,2019-3-29,0.127022
CSCO,76076,QMLE-Trade,2019-4-1,0.109886
CSCO,76076,QMLE-Trade,2019-4-2,0.123228
CSCO,76076,QMLE-Trade,2019-4-3,0.120191
CSCO,76076,QMLE-Trade,2019-4-4,0.12352
CSCO,76076,QMLE-Trade,2019-4-5,0.108507
CSCO,76076,QMLE-Trade,2019-4-8,0.115456
CSCO,76076,QMLE-Trade,2019-4-9,0.126073
CSCO,76076,QMLE-Trade,2019-4-10,0.113216
CSCO,76076,QMLE-Trade,2019-4-11,0.121182
CSCO,76076,QMLE-Trade,2019-4-12,0.112084
CSCO,76076,QMLE-Trade,2019-4-15,0.114809
CSCO,76076,QMLE-Trade,2019-4-16,0.122143
CSCO,76076,QMLE-Trade,2019-4-17,0.132056
CSCO,76076,QMLE-Trade,2019-4-18,0.135066
CSCO,76076,QMLE-Trade,2019-4-22,0.100181
CSCO,76076,QMLE-Trade,2019-4-23,0.113101
CSCO,76076,QMLE-Trade,2019-4-24,0.132727
CSCO,76076,QMLE-Trade,2019-4-25,0.138462
CSCO,76076,QMLE-Trade,2019-4-26,0.171707
CSCO,76076,QMLE-Trade,2019-4-29,0.121769
CSCO,76076,QMLE-Trade,2019-4-30,0.122829
CSCO,76076,QMLE-Trade,2019-5-1,0.142656
CSCO,76076,QMLE-Trade,2019-5-2,0.181767
CSCO,76076,QMLE-Trade,2019-5-3,0.192549
CSCO,76076,QMLE-Trade,2019-5-6,0.186629
CSCO,76076,QMLE-Trade,2019-5-7,0.22428
CSCO,76076,QMLE-Trade,2019-5-8,0.206007
CSCO,76076,QMLE-Trade,2019-5-9,0.232398
CSCO,76076,QMLE-Trade,2019-5-10,0.252819
CSCO,76076,QMLE-Trade,2019-5-13,0.298612
CSCO,76076,QMLE-Trade,2019-5-14,0.200775
CSCO,76076,QMLE-Trade,2019-5-15,0.20495
CSCO,76076,QMLE-Trade,2019-5-16,0.29527
CSCO,76076,QMLE-Trade,2019-5-17,0.239223
CSCO,76076,QMLE-Trade,2019-5-20,0.20992
CSCO,76076,QMLE-Trade,2019-5-21,0.148816
CSCO,76076,QMLE-Trade,2019-5-22,0.163165
CSCO,76076,QMLE-Trade,2019-5-23,0.214493
CSCO,76076,QMLE-Trade,2019-5-24,0.150456
CSCO,76076,QMLE-Trade,2019-5-28,0.18786
CSCO,76076,QMLE-Trade,2019-5-29,0.20913
CSCO,76076,QMLE-Trade,2019-5-30,0.143175
CSCO,76076,QMLE-Trade,2019-5-31,0.167269
CSCO,76076,QMLE-Trade,2019-6-3,0.245184
CSCO,76076,QMLE-Trade,2019-6-4,0.184745
CSCO,76076,QMLE-Trade,2019-6-5,0.182359
CSCO,76076,QMLE-Trade,2019-6-6,0.175702
CSCO,76076,QMLE-Trade,2019-6-7,0.165625
CSCO,76076,QMLE-Trade,2019-6-10,0.146358
CSCO,76076,QMLE-Trade,2019-6-11,0.175286
CSCO,76076,QMLE-Trade,2019-6-12,0.165677
CSCO,76076,QMLE-Trade,2019-6-13,0.132304
CSCO,76076,QMLE-Trade,2019-6-14,0.142887
CSCO,76076,QMLE-Trade,2019-6-17,0.14062
CSCO,76076,QMLE-Trade,2019-6-18,0.163747
CSCO,76076,QMLE-Trade,2019-6-19,0.198103
CSCO,76076,QMLE-Trade,2019-6-20,0.151618
CSCO,76076,QMLE-Trade,2019-6-21,0.158809
CSCO,76076,QMLE-Trade,2019-6-24,0.122926
CSCO,76076,QMLE-Trade,2019-6-25,0.160523
CSCO,76076,QMLE-Trade,2019-6-26,0.155354
CSCO,76076,QMLE-Trade,2019-6-27,0.151223
CSCO,76076,QMLE-Trade,2019-6-28,0.195535
CSCO,76076,QMLE-Trade,2019-7-1,0.191693
CSCO,76076,QMLE-Trade,2019-7-2,0.141429
CSCO,76076,QMLE-Trade,2019-7-3,0.127478
CSCO,76076,QMLE-Trade,2019-7-5,0.133665
CSCO,76076,QMLE-Trade,2019-7-8,0.134799
CSCO,76076,QMLE-Trade,2019-7-9,0.172806
CSCO,76076,QMLE-Trade,2019-7-10,0.160662
CSCO,76076,QMLE-Trade,2019-7-11,0.136652
CSCO,76076,QMLE-Trade,2019-7-12,0.103302
CSCO,76076,QMLE-Trade,2019-7-15,0.0943273
CSCO,76076,QMLE-Trade,2019-7-16,0.117013
CSCO,76076,QMLE-Trade,2019-7-17,0.107753
CSCO,76076,QMLE-Trade,2019-7-18,0.12856
CSCO,76076,QMLE-Trade,2019-7-19,0.163541
CSCO,76076,QMLE-Trade,2019-7-22,0.122298
CSCO,76076,QMLE-Trade,2019-7-23,0.129236
CSCO,76076,QMLE-Trade,2019-7-24,0.108342
CSCO,76076,QMLE-Trade,2019-7-25,0.158311
CSCO,76076,QMLE-Trade,2019-7-26,0.10789
CSCO,76076,QMLE-Trade,2019-7-29,0.104357
CSCO,76076,QMLE-Trade,2019-7-30,0.142042
CSCO,76076,QMLE-Trade,2019-7-31,0.238047
CSCO,76076,QMLE-Trade,2019-8-1,0.27219
CSCO,76076,QMLE-Trade,2019-8-2,0.298953
CSCO,76076,QMLE-Trade,2019-8-5,0.278697
CSCO,76076,QMLE-Trade,2019-8-6,0.23456
CSCO,76076,QMLE-Trade,2019-8-7,0.271377
CSCO,76076,QMLE-Trade,2019-8-8,0.198963
CSCO,76076,QMLE-Trade,2019-8-9,0.204882
CSCO,76076,QMLE-Trade,2019-8-12,0.206256
CSCO,76076,QMLE-Trade,2019-8-13,0.273884
CSCO,76076,QMLE-Trade,2019-8-14,0.276791
CSCO,76076,QMLE-Trade,2019-8-15,0.473681
CSCO,76076,QMLE-Trade,2019-8-16,0.304839
CSCO,76076,QMLE-Trade,2019-8-19,0.189542
CSCO,76076,QMLE-Trade,2019-8-20,0.186666
CSCO,76076,QMLE-Trade,2019-8-21,0.171398
CSCO,76076,QMLE-Trade,2019-8-22,0.201292
CSCO,76076,QMLE-Trade,2019-8-23,0.316276
CSCO,76076,QMLE-Trade,2019-8-26,0.209484
CSCO,76076,QMLE-Trade,2019-8-27,0.199007
CSCO,76076,QMLE-Trade,2019-8-28,0.182774
CSCO,76076,QMLE-Trade,2019-8-29,0.174184
CSCO,76076,QMLE-Trade,2019-8-30,0.181403
CSCO,76076,QMLE-Trade,2019-9-3,0.219158
CSCO,76076,QMLE-Trade,2019-9-4,0.146714
CSCO,76076,QMLE-Trade,2019-9-5,0.164973
CSCO,76076,QMLE-Trade,2019-9-6,0.164501
CSCO,76076,QMLE-Trade,2019-9-9,0.144301
CSCO,76076,QMLE-Trade,2019-9-10,0.174602
CSCO,76076,QMLE-Trade,2019-9-11,0.189783
CSCO,76076,QMLE-Trade,2019-9-12,0.238775
CSCO,76076,QMLE-Trade,2019-9-13,0.167491
CSCO,76076,QMLE-Trade,2019-9-16,0.158418
CSCO,76076,QMLE-Trade,2019-9-17,0.155116
CSCO,76076,QMLE-Trade,2019-9-18,0.201624
CSCO,76076,QMLE-Trade,2019-9-19,0.157122
CSCO,76076,QMLE-Trade,2019-9-20,0.229248
CSCO,76076,QMLE-Trade,2019-9-23,0.169723
CSCO,76076,QMLE-Trade,2019-9-24,0.24383
CSCO,76076,QMLE-Trade,2019-9-25,0.190685
CSCO,76076,QMLE-Trade,2019-9-26,0.193765
CSCO,76076,QMLE-Trade,2019-9-27,0.223776
CSCO,76076,QMLE-Trade,2019-9-30,0.157483
CSCO,76076,QMLE-Trade,2019-10-1,0.22089
CSCO,76076,QMLE-Trade,2019-10-2,0.236493
CSCO,76076,QMLE-Trade,2019-10-3,0.296484
CSCO,76076,QMLE-Trade,2019-10-4,0.188056
CSCO,76076,QMLE-Trade,2019-10-7,0.174594
CSCO,76076,QMLE-Trade,2019-10-8,0.25801
CSCO,76076,QMLE-Trade,2019-10-9,0.205201
CSCO,76076,QMLE-Trade,2019-10-10,0.228111
CSCO,76076,QMLE-Trade,2019-10-11,0.237982
CSCO,76076,QMLE-Trade,2019-10-14,0.146766
CSCO,76076,QMLE-Trade,2019-10-15,0.143394
CSCO,76076,QMLE-Trade,2019-10-16,0.176899
CSCO,76076,QMLE-Trade,2019-10-17,0.158082
CSCO,76076,QMLE-Trade,2019-10-18,0.146657
CSCO,76076,QMLE-Trade,2019-10-21,0.153067
CSCO,76076,QMLE-Trade,2019-10-22,0.146779
CSCO,76076,QMLE-Trade,2019-10-23,0.157381
CSCO,76076,QMLE-Trade,2019-10-24,0.180067
CSCO,76076,QMLE-Trade,2019-10-25,0.156515
CSCO,76076,QMLE-Trade,2019-10-28,0.141127
CSCO,76076,QMLE-Trade,2019-10-29,0.137664
CSCO,76076,QMLE-Trade,2019-10-30,0.162072
CSCO,76076,QMLE-Trade,2019-10-31,0.153093
CSCO,76076,QMLE-Trade,2019-11-1,0.201879
CSCO,76076,QMLE-Trade,2019-11-4,0.126136
CSCO,76076,QMLE-Trade,2019-11-5,0.163625
CSCO,76076,QMLE-Trade,2019-11-6,0.162906
CSCO,76076,QMLE-Trade,2019-11-7,0.166874
CSCO,76076,QMLE-Trade,2019-11-8,0.146812
CSCO,76076,QMLE-Trade,2019-11-11,0.185277
CSCO,76076,QMLE-Trade,2019-11-12,0.155531
CSCO,76076,QMLE-Trade,2019-11-13,0.181127
CSCO,76076,QMLE-Trade,2019-11-14,0.337663
CSCO,76076,QMLE-Trade,2019-11-15,0.202781
CSCO,76076,QMLE-Trade,2019-11-18,0.136797
CSCO,76076,QMLE-Trade,2019-11-19,0.132429
CSCO,76076,QMLE-Trade,2019-11-20,0.181326
CSCO,76076,QMLE-Trade,2019-11-21,0.146565
CSCO,76076,QMLE-Trade,2019-11-22,0.130912
CSCO,76076,QMLE-Trade,2019-11-25,0.11511
CSCO,76076,QMLE-Trade,2019-11-26,0.136211
CSCO,76076,QMLE-Trade,2019-11-27,0.135344
CSCO,76076,QMLE-Trade,2019-11-29,0.106614
CSCO,76076,QMLE-Trade,2019-12-2,0.154683
CSCO,76076,QMLE-Trade,2019-12-3,0.176658
CSCO,76076,QMLE-Trade,2019-12-4,0.127178
CSCO,76076,QMLE-Trade,2019-12-5,0.152481
CSCO,76076,QMLE-Trade,2019-12-6,0.112434
CSCO,76076,QMLE-Trade,2019-12-9,0.114032
CSCO,76076,QMLE-Trade,2019-12-10,0.133729
CSCO,76076,QMLE-Trade,2019-12-11,0.13366
CSCO,76076,QMLE-Trade,2019-12-12,0.202497
CSCO,76076,QMLE-Trade,2019-12-13,0.199125
CSCO,76076,QMLE-Trade,2019-12-16,0.130978
CSCO,76076,QMLE-Trade,2019-12-17,0.114304
CSCO,76076,QMLE-Trade,2019-12-18,0.115077
CSCO,76076,QMLE-Trade,2019-12-19,0.152233
CSCO,76076,QMLE-Trade,2019-12-20,0.147237
CSCO,76076,QMLE-Trade,2019-12-23,0.132512
CSCO,76076,QMLE-Trade,2019-12-24,0.0929414
CSCO,76076,QMLE-Trade,2019-12-26,0.108829
CSCO,76076,QMLE-Trade,2019-12-27,0.0888015
CSCO,76076,QMLE-Trade,2019-12-30,0.125827
CSCO,76076,QMLE-Trade,2019-12-31,0.112152
CSCO,76076,QMLE-Trade,2020-1-2,0.115974
CSCO,76076,QMLE-Trade,2020-1-3,0.16304
CSCO,76076,QMLE-Trade,2020-1-6,0.130489
CSCO,76076,QMLE-Trade,2020-1-7,0.12873
CSCO,76076,QMLE-Trade,2020-1-8,0.168121
CSCO,76076,QMLE-Trade,2020-1-9,0.136713
CSCO,76076,QMLE-Trade,2020-1-10,0.120141
CSCO,76076,QMLE-Trade,2020-1-13,0.144192
CSCO,76076,QMLE-Trade,2020-1-14,0.139372
CSCO,76076,QMLE-Trade,2020-1-15,0.15124
CSCO,76076,QMLE-Trade,2020-1-16,0.132093
CSCO,76076,QMLE-Trade,2020-1-17,0.141785
CSCO,76076,QMLE-Trade,2020-1-21,0.149341
CSCO,76076,QMLE-Trade,2020-1-22,0.135963
CSCO,76076,QMLE-Trade,2020-1-23,0.15637
CSCO,76076,QMLE-Trade,2020-1-24,0.179434
CSCO,76076,QMLE-Trade,2020-1-27,0.202255
CSCO,76076,QMLE-Trade,2020-1-28,0.156494
CSCO,76076,QMLE-Trade,2020-1-29,0.151041
CSCO,76076,QMLE-Trade,2020-1-30,0.215686
CSCO,76076,QMLE-Trade,2020-1-31,0.22287
CSCO,76076,QMLE-Trade,2020-2-3,0.188657
CSCO,76076,QMLE-Trade,2020-2-4,0.170613
CSCO,76076,QMLE-Trade,2020-2-5,0.17273
CSCO,76076,QMLE-Trade,2020-2-6,0.133135
CSCO,76076,QMLE-Trade,2020-2-7,0.16019
CSCO,76076,QMLE-Trade,2020-2-10,0.144578
CSCO,76076,QMLE-Trade,2020-2-11,0.179941
CSCO,76076,QMLE-Trade,2020-2-12,0.178381
CSCO,76076,QMLE-Trade,2020-2-13,0.309066
CSCO,76076,QMLE-Trade,2020-2-14,0.167279
CSCO,76076,QMLE-Trade,2020-2-18,0.146203
CSCO,76076,QMLE-Trade,2020-2-19,0.144404
CSCO,76076,QMLE-Trade,2020-2-20,0.208823
CSCO,76076,QMLE-Trade,2020-2-21,0.202989
CSCO,76076,QMLE-Trade,2020-2-24,0.291092
CSCO,76076,QMLE-Trade,2020-2-25,0.359753
CSCO,76076,QMLE-Trade,2020-2-26,0.351293
CSCO,76076,QMLE-Trade,2020-2-27,0.479605
CSCO,76076,QMLE-Trade,2020-2-28,0.802827
CSCO,76076,QMLE-Trade,2020-3-2,0.495412
CSCO,76076,QMLE-Trade,2020-3-3,0.646919
CSCO,76076,QMLE-Trade,2020-3-4,0.355792
CSCO,76076,QMLE-Trade,2020-3-5,0.378477
CSCO,76076,QMLE-Trade,2020-3-6,0.434345
CSCO,76076,QMLE-Trade,2020-3-9,0.637286
CSCO,76076,QMLE-Trade,2020-3-10,0.608653
CSCO,76076,QMLE-Trade,2020-3-11,0.547594
CSCO,76076,QMLE-Trade,2020-3-12,1.02452
CSCO,76076,QMLE-Trade,2020-3-13,0.828456
CSCO,76076,QMLE-Trade,2020-3-16,0.995405
CSCO,76076,QMLE-Trade,2020-3-17,1.08045
CSCO,76076,QMLE-Trade,2020-3-18,1.19599
CSCO,76076,QMLE-Trade,2020-3-19,1.22837
CSCO,76076,QMLE-Trade,2020-3-20,0.91024
CSCO,76076,QMLE-Trade,2020-3-23,1.11316
CSCO,76076,QMLE-Trade,2020-3-24,0.724357
CSCO,76076,QMLE-Trade,2020-3-25,0.761304
CSCO,76076,QMLE-Trade,2020-3-26,0.707579
CSCO,76076,QMLE-Trade,2020-3-27,0.58066
CSCO,76076,QMLE-Trade,2020-3-30,0.437528
CSCO,76076,QMLE-Trade,2020-3-31,0.406898
CSCO,76076,QMLE-Trade,2020-4-1,0.426721
CSCO,76076,QMLE-Trade,2020-4-2,0.543273
CSCO,76076,QMLE-Trade,2020-4-3,0.441559
CSCO,76076,QMLE-Trade,2020-4-6,0.372365
CSCO,76076,QMLE-Trade,2020-4-7,0.477925
CSCO,76076,QMLE-Trade,2020-4-8,0.378501
CSCO,76076,QMLE-Trade,2020-4-9,0.415388
CSCO,76076,QMLE-Trade,2020-4-13,0.336155
CSCO,76076,QMLE-Trade,2020-4-14,0.294318
CSCO,76076,QMLE-Trade,2020-4-15,0.303873
CSCO,76076,QMLE-Trade,2020-4-16,0.327983
CSCO,76076,QMLE-Trade,2020-4-17,0.272143
CSCO,76076,QMLE-Trade,2020-4-20,0.273143
CSCO,76076,QMLE-Trade,2020-4-21,0.343249
CSCO,76076,QMLE-Trade,2020-4-22,0.246246
CSCO,76076,QMLE-Trade,2020-4-23,0.318473
CSCO,76076,QMLE-Trade,2020-4-24,0.211131
CSCO,76076,QMLE-Trade,2020-4-27,0.200202
CSCO,76076,QMLE-Trade,2020-4-28,0.225402
CSCO,76076,QMLE-Trade,2020-4-29,0.224737
CSCO,76076,QMLE-Trade,2020-4-30,0.250776
CSCO,76076,QMLE-Trade,2020-5-1,0.235549
CSCO,76076,QMLE-Trade,2020-5-4,0.218378
CSCO,76076,QMLE-Trade,2020-5-5,0.196259
CSCO,76076,QMLE-Trade,2020-5-6,0.238742
CSCO,76076,QMLE-Trade,2020-5-7,0.205785
CSCO,76076,QMLE-Trade,2020-5-8,0.192384
CSCO,76076,QMLE-Trade,2020-5-11,0.20485
CSCO,76076,QMLE-Trade,2020-5-12,0.243363
CSCO,76076,QMLE-Trade,2020-5-13,0.324005
CSCO,76076,QMLE-Trade,2020-5-14,0.427849
CSCO,76076,QMLE-Trade,2020-5-15,0.326999
CSCO,76076,QMLE-Trade,2020-5-18,0.2225
CSCO,76076,QMLE-Trade,2020-5-19,0.256966
CSCO,76076,QMLE-Trade,2020-5-20,0.208448
CSCO,76076,QMLE-Trade,2020-5-21,0.206834
CSCO,76076,QMLE-Trade,2020-5-22,0.184863
CSCO,76076,QMLE-Trade,2020-5-26,0.183119
CSCO,76076,QMLE-Trade,2020-5-27,0.240319
CSCO,76076,QMLE-Trade,2020-5-28,0.235374
CSCO,76076,QMLE-Trade,2020-5-29,0.342454
CSCO,76076,QMLE-Trade,2020-6-1,0.195119
CSCO,76076,QMLE-Trade,2020-6-2,0.208853
CSCO,76076,QMLE-Trade,2020-6-3,0.188761
CSCO,76076,QMLE-Trade,2020-6-4,0.186014
CSCO,76076,QMLE-Trade,2020-6-5,0.198402
CSCO,76076,QMLE-Trade,2020-6-8,0.206646
CSCO,76076,QMLE-Trade,2020-6-9,0.19016
CSCO,76076,QMLE-Trade,2020-6-10,0.260525
CSCO,76076,QMLE-Trade,2020-6-11,0.314544
CSCO,76076,QMLE-Trade,2020-6-12,0.420353
CSCO,76076,QMLE-Trade,2020-6-15,0.305633
CSCO,76076,QMLE-Trade,2020-6-16,0.375814
CSCO,76076,QMLE-Trade,2020-6-17,0.246516
CSCO,76076,QMLE-Trade,2020-6-18,0.236551
CSCO,76076,QMLE-Trade,2020-6-19,0.268353
CSCO,76076,QMLE-Trade,2020-6-22,0.209103
CSCO,76076,QMLE-Trade,2020-6-23,0.223124
CSCO,76076,QMLE-Trade,2020-6-24,0.258579
CSCO,76076,QMLE-Trade,2020-6-25,0.237179
CSCO,76076,QMLE-Trade,2020-6-26,0.345929
CSCO,76076,QMLE-Trade,2020-6-29,0.23076
CSCO,76076,QMLE-Trade,2020-6-30,0.236096
CSCO,76076,QMLE-Trade,2020-7-1,0.192014
CSCO,76076,QMLE-Trade,2020-7-2,0.185544
CSCO,76076,QMLE-Trade,2020-7-6,0.175305
CSCO,76076,QMLE-Trade,2020-7-7,0.167873
CSCO,76076,QMLE-Trade,2020-7-8,0.177585
CSCO,76076,QMLE-Trade,2020-7-9,0.259614
CSCO,76076,QMLE-Trade,2020-7-10,0.176002
CSCO,76076,QMLE-Trade,2020-7-13,0.198578
CSCO,76076,QMLE-Trade,2020-7-14,0.276713
CSCO,76076,QMLE-Trade,2020-7-15,0.215095
CSCO,76076,QMLE-Trade,2020-7-16,0.190901
CSCO,76076,QMLE-Trade,2020-7-17,0.165038
CSCO,76076,QMLE-Trade,2020-7-20,0.171825
CSCO,76076,QMLE-Trade,2020-7-21,0.179699
CSCO,76076,QMLE-Trade,2020-7-22,0.175771
CSCO,76076,QMLE-Trade,2020-7-23,0.238567
CSCO,76076,QMLE-Trade,2020-7-24,0.201498
CSCO,76076,QMLE-Trade,2020-7-27,0.141077
CSCO,76076,QMLE-Trade,2020-7-28,0.180257
CSCO,76076,QMLE-Trade,2020-7-29,0.155864
CSCO,76076,QMLE-Trade,2020-7-30,0.212961
CSCO,76076,QMLE-Trade,2020-7-31,0.235771
CSCO,76076,QMLE-Trade,2020-8-3,0.174039
CSCO,76076,QMLE-Trade,2020-8-4,0.176445
CSCO,76076,QMLE-Trade,2020-8-5,0.167616
CSCO,76076,QMLE-Trade,2020-8-6,0.160202
CSCO,76076,QMLE-Trade,2020-8-7,0.190669
CSCO,76076,QMLE-Trade,2020-8-10,0.18632
CSCO,76076,QMLE-Trade,2020-8-11,0.203789
CSCO,76076,QMLE-Trade,2020-8-12,0.183645
CSCO,76076,QMLE-Trade,2020-8-13,0.392252
CSCO,76076,QMLE-Trade,2020-8-14,0.221738
CSCO,76076,QMLE-Trade,2020-8-17,0.158645
CSCO,76076,QMLE-Trade,2020-8-18,0.154218
CSCO,76076,QMLE-Trade,2020-8-19,0.140919
CSCO,76076,QMLE-Trade,2020-8-20,0.144781
CSCO,76076,QMLE-Trade,2020-8-21,0.148295
CSCO,76076,QMLE-Trade,2020-8-24,0.13295
CSCO,76076,QMLE-Trade,2020-8-25,0.131871
CSCO,76076,QMLE-Trade,2020-8-26,0.169081
CSCO,76076,QMLE-Trade,2020-8-27,0.157432
CSCO,76076,QMLE-Trade,2020-8-28,0.119477
CSCO,76076,QMLE-Trade,2020-8-31,0.137109
CSCO,76076,QMLE-Trade,2020-9-1,0.160525
CSCO,76076,QMLE-Trade,2020-9-2,0.18669
CSCO,76076,QMLE-Trade,2020-9-3,0.296533
CSCO,76076,QMLE-Trade,2020-9-4,0.323425
CSCO,76076,QMLE-Trade,2020-9-8,0.276407
CSCO,76076,QMLE-Trade,2020-9-9,0.202475
CSCO,76076,QMLE-Trade,2020-9-10,0.248031
CSCO,76076,QMLE-Trade,2020-9-11,0.233623
CSCO,76076,QMLE-Trade,2020-9-14,0.170168
CSCO,76076,QMLE-Trade,2020-9-15,0.148869
CSCO,76076,QMLE-Trade,2020-9-16,0.191931
CSCO,76076,QMLE-Trade,2020-9-17,0.245015
CSCO,76076,QMLE-Trade,2020-9-18,0.226076
CSCO,76076,QMLE-Trade,2020-9-21,0.260101
CSCO,76076,QMLE-Trade,2020-9-22,0.183371
CSCO,76076,QMLE-Trade,2020-9-23,0.208351
CSCO,76076,QMLE-Trade,2020-9-24,0.238192
CSCO,76076,QMLE-Trade,2020-9-25,0.222325
CSCO,76076,QMLE-Trade,2020-9-28,0.186474
CSCO,76076,QMLE-Trade,2020-9-29,0.184538
CSCO,76076,QMLE-Trade,2020-9-30,0.220478
CSCO,76076,QMLE-Trade,2020-10-1,0.212221
CSCO,76076,QMLE-Trade,2020-10-2,0.22034
CSCO,76076,QMLE-Trade,2020-10-5,0.144115
CSCO,76076,QMLE-Trade,2020-10-6,0.241809
CSCO,76076,QMLE-Trade,2020-10-7,0.151955
CSCO,76076,QMLE-Trade,2020-10-8,0.160335
CSCO,76076,QMLE-Trade,2020-10-9,0.146875
CSCO,76076,QMLE-Trade,2020-10-12,0.160307
CSCO,76076,QMLE-Trade,2020-10-13,0.184718
CSCO,76076,QMLE-Trade,2020-10-14,0.168629
CSCO,76076,QMLE-Trade,2020-10-15,0.163389
CSCO,76076,QMLE-Trade,2020-10-16,0.175606
CSCO,76076,QMLE-Trade,2020-10-19,0.193079
CSCO,76076,QMLE-Trade,2020-10-20,0.189708
CSCO,76076,QMLE-Trade,2020-10-21,0.193827
CSCO,76076,QMLE-Trade,2020-10-22,0.170103
CSCO,76076,QMLE-Trade,2020-10-23,0.150914
CSCO,76076,QMLE-Trade,2020-10-26,0.201012
CSCO,76076,QMLE-Trade,2020-10-27,0.263715
CSCO,76076,QMLE-Trade,2020-10-28,0.253936
CSCO,76076,QMLE-Trade,2020-10-29,0.239072
CSCO,76076,QMLE-Trade,2020-10-30,0.266619
CSCO,76076,QMLE-Trade,2020-11-2,0.23125
CSCO,76076,QMLE-Trade,2020-11-3,0.220278
CSCO,76076,QMLE-Trade,2020-11-4,0.284878
CSCO,76076,QMLE-Trade,2020-11-5,0.190318
CSCO,76076,QMLE-Trade,2020-11-6,0.205832
CSCO,76076,QMLE-Trade,2020-11-9,0.324048
CSCO,76076,QMLE-Trade,2020-11-10,0.280551
CSCO,76076,QMLE-Trade,2020-11-11,0.235486
CSCO,76076,QMLE-Trade,2020-11-12,0.242181
CSCO,76076,QMLE-Trade,2020-11-13,0.356863
CSCO,76076,QMLE-Trade,2020-11-16,0.189746
CSCO,76076,QMLE-Trade,2020-11-17,0.180632
CSCO,76076,QMLE-Trade,2020-11-18,0.171439
CSCO,76076,QMLE-Trade,2020-11-19,0.192723
CSCO,76076,QMLE-Trade,2020-11-20,0.168638
CSCO,76076,QMLE-Trade,2020-11-23,0.174716
CSCO,76076,QMLE-Trade,2020-11-24,0.165769
CSCO,76076,QMLE-Trade,2020-11-25,0.159735
CSCO,76076,QMLE-Trade,2020-11-27,0.114621
CSCO,76076,QMLE-Trade,2020-11-30,0.180878
CSCO,76076,QMLE-Trade,2020-12-1,0.183615
CSCO,76076,QMLE-Trade,2020-12-2,0.142205
CSCO,76076,QMLE-Trade,2020-12-3,0.15936
CSCO,76076,QMLE-Trade,2020-12-4,0.143954
CSCO,76076,QMLE-Trade,2020-12-7,0.144184
CSCO,76076,QMLE-Trade,2020-12-8,0.137839
CSCO,76076,QMLE-Trade,2020-12-9,0.164993
CSCO,76076,QMLE-Trade,2020-12-10,0.172521
CSCO,76076,QMLE-Trade,2020-12-11,0.147901
CSCO,76076,QMLE-Trade,2020-12-14,0.163437
CSCO,76076,QMLE-Trade,2020-12-15,0.157064
CSCO,76076,QMLE-Trade,2020-12-17,0.120254
CSCO,76076,QMLE-Trade,2020-12-18,0.163037
CSCO,76076,QMLE-Trade,2020-12-21,0.204059
CSCO,76076,QMLE-Trade,2020-12-22,0.153551
CSCO,76076,QMLE-Trade,2020-12-23,0.12606
CSCO,76076,QMLE-Trade,2020-12-24,0.0981321
CSCO,76076,QMLE-Trade,2020-12-28,0.125116
CSCO,76076,QMLE-Trade,2020-12-29,0.1393
CSCO,76076,QMLE-Trade,2020-12-30,0.112347
CSCO,76076,QMLE-Trade,2020-12-31,0.113904
CSCO,76076,QMLE-Trade,2021-1-4,0.19318
CSCO,76076,QMLE-Trade,2021-1-5,0.175545
CSCO,76076,QMLE-Trade,2021-1-6,0.218542
CSCO,76076,QMLE-Trade,2021-1-7,0.165771
CSCO,76076,QMLE-Trade,2021-1-8,0.215652
CSCO,76076,QMLE-Trade,2021-1-11,0.173185
CSCO,76076,QMLE-Trade,2021-1-12,0.169804
CSCO,76076,QMLE-Trade,2021-1-13,0.174924
CSCO,76076,QMLE-Trade,2021-1-14,0.192815
CSCO,76076,QMLE-Trade,2021-1-15,0.197715
CSCO,76076,QMLE-Trade,2021-1-19,0.183122
CSCO,76076,QMLE-Trade,2021-1-20,0.169735
CSCO,76076,QMLE-Trade,2021-1-21,0.170937
CSCO,76076,QMLE-Trade,2021-1-22,0.151544
CSCO,76076,QMLE-Trade,2021-1-25,0.183535
CSCO,76076,QMLE-Trade,2021-1-26,0.161141
CSCO,76076,QMLE-Trade,2021-1-28,0.235898
CSCO,76076,QMLE-Trade,2021-1-29,0.244066
CSCO,76076,QMLE-Trade,2021-2-1,0.195609
CSCO,76076,QMLE-Trade,2021-2-2,0.168023
CSCO,76076,QMLE-Trade,2021-2-3,0.151949
CSCO,76076,QMLE-Trade,2021-2-4,0.189595
CSCO,76076,QMLE-Trade,2021-2-5,0.18379
CSCO,76076,QMLE-Trade,2021-2-8,0.205445
CSCO,76076,QMLE-Trade,2021-2-9,0.168211
CSCO,76076,QMLE-Trade,2021-2-10,0.329474
CSCO,76076,QMLE-Trade,2021-2-11,0.195667
CSCO,76076,QMLE-Trade,2021-2-12,0.145579
CSCO,76076,QMLE-Trade,2021-2-16,0.188365
CSCO,76076,QMLE-Trade,2021-2-17,0.160638
CSCO,76076,QMLE-Trade,2021-2-18,0.197157
CSCO,76076,QMLE-Trade,2021-2-19,0.201163
CSCO,76076,QMLE-Trade,2021-2-22,0.185441
CSCO,76076,QMLE-Trade,2021-2-23,0.227654
CSCO,76076,QMLE-Trade,2021-2-24,0.204382
CSCO,76076,QMLE-Trade,2021-2-25,0.272294
CSCO,76076,QMLE-Trade,2021-2-26,0.257712
CSCO,76076,QMLE-Trade,2021-3-1,0.187003
CSCO,76076,QMLE-Trade,2021-3-2,0.164673
CSCO,76076,QMLE-Trade,2021-3-3,0.187525
CSCO,76076,QMLE-Trade,2021-3-4,0.278885
CSCO,76076,QMLE-Trade,2021-3-5,0.310445
CSCO,76076,QMLE-Trade,2021-3-8,0.260652
CSCO,76076,QMLE-Trade,2021-3-9,0.191327
CSCO,76076,QMLE-Trade,2021-3-10,0.213568
CSCO,76076,QMLE-Trade,2021-3-11,0.158422
CSCO,76076,QMLE-Trade,2021-3-12,0.156037
CSCO,76076,QMLE-Trade,2021-3-15,0.126747
CSCO,76076,QMLE-Trade,2021-3-16,0.143331
CSCO,76076,QMLE-Trade,2021-3-17,0.18491
CSCO,76076,QMLE-Trade,2021-3-18,0.200268
CSCO,76076,QMLE-Trade,2021-3-19,0.209294
CSCO,76076,QMLE-Trade,2021-3-22,0.176383
CSCO,76076,QMLE-Trade,2021-3-24,0.180789
CSCO,76076,QMLE-Trade,2021-3-25,0.237569
CSCO,76076,QMLE-Trade,2021-3-26,0.191154
CSCO,76076,QMLE-Trade,2021-3-29,0.204552
CSCO,76076,QMLE-Trade,2021-3-30,0.181815
CSCO,76076,QMLE-Trade,2021-3-31,0.1541
CSCO,76076,QMLE-Trade,2021-4-1,0.140951
CSCO,76076,QMLE-Trade,2021-4-5,0.158387
CSCO,76076,QMLE-Trade,2021-4-6,0.137915
CSCO,76076,QMLE-Trade,2021-4-7,0.112443
CSCO,76076,QMLE-Trade,2021-4-9,0.107112
CSCO,76076,QMLE-Trade,2021-4-12,0.134934
CSCO,76076,QMLE-Trade,2021-4-13,0.125049
CSCO,76076,QMLE-Trade,2021-4-14,0.128728
CSCO,76076,QMLE-Trade,2021-4-15,0.156623
CSCO,76076,QMLE-Trade,2021-4-16,0.175559
CSCO,76076,QMLE-Trade,2021-4-19,0.160972
CSCO,76076,QMLE-Trade,2021-4-20,0.172262
CSCO,76076,QMLE-Trade,2021-4-21,0.141318
CSCO,76076,QMLE-Trade,2021-4-22,0.142683
CSCO,76076,QMLE-Trade,2021-4-23,0.123997
CSCO,76076,QMLE-Trade,2021-4-26,0.10737
CSCO,76076,QMLE-Trade,2021-4-27,0.119938
CSCO,76076,QMLE-Trade,2021-4-28,0.142588
CSCO,76076,QMLE-Trade,2021-4-29,0.137718
CSCO,76076,QMLE-Trade,2021-4-30,0.12953
CSCO,76076,QMLE-Trade,2021-5-3,0.125999
CSCO,76076,QMLE-Trade,2021-5-4,0.156874
CSCO,76076,QMLE-Trade,2021-5-5,0.138518
CSCO,76076,QMLE-Trade,2021-5-6,0.193033
CSCO,76076,QMLE-Trade,2021-5-7,0.181687
CSCO,76076,QMLE-Trade,2021-5-10,0.163319
CSCO,76076,QMLE-Trade,2021-5-11,0.206578
CSCO,76076,QMLE-Trade,2021-5-13,0.175796
CSCO,76076,QMLE-Trade,2021-5-14,0.141605
CSCO,76076,QMLE-Trade,2021-5-17,0.155198
CSCO,76076,QMLE-Trade,2021-5-18,0.160833
CSCO,76076,QMLE-Trade,2021-5-19,0.220344
CSCO,76076,QMLE-Trade,2021-5-20,0.371461
CSCO,76076,QMLE-Trade,2021-5-21,0.177236
CSCO,76076,QMLE-Trade,2021-5-24,0.150081
CSCO,76076,QMLE-Trade,2021-5-25,0.142806
CSCO,76076,QMLE-Trade,2021-5-26,0.141121
CSCO,76076,QMLE-Trade,2021-5-27,0.146363
CSCO,76076,QMLE-Trade,2021-5-28,0.10859
CSCO,76076,QMLE-Trade,2021-6-1,0.114192
CSCO,76076,QMLE-Trade,2021-6-2,0.114231
CSCO,76076,QMLE-Trade,2021-6-3,0.135583
CSCO,76076,QMLE-Trade,2021-6-4,0.103642
CSCO,76076,QMLE-Trade,2021-6-7,0.108713
CSCO,76076,QMLE-Trade,2021-6-8,0.114897
CSCO,76076,QMLE-Trade,2021-6-9,0.09271
CSCO,76076,QMLE-Trade,2021-6-10,0.12142
CSCO,76076,QMLE-Trade,2021-6-11,0.106686
CSCO,76076,QMLE-Trade,2021-6-14,0.124164
CSCO,76076,QMLE-Trade,2021-6-15,0.102047
CSCO,76076,QMLE-Trade,2021-6-16,0.159507
CSCO,76076,QMLE-Trade,2021-6-17,0.152039
CSCO,76076,QMLE-Trade,2021-6-18,0.185478
CSCO,76076,QMLE-Trade,2021-6-21,0.131171
CSCO,76076,QMLE-Trade,2021-6-22,0.104566
CSCO,76076,QMLE-Trade,2021-6-23,0.0999501
CSCO,76076,QMLE-Trade,2021-6-24,0.105841
CSCO,76076,QMLE-Trade,2021-6-25,0.111269
CSCO,76076,QMLE-Trade,2021-6-28,0.102052
CSCO,76076,QMLE-Trade,2021-6-29,0.107807
CSCO,76076,QMLE-Trade,2021-6-30,0.113004
CSCO,76076,QMLE-Trade,2021-7-1,0.106491
CSCO,76076,QMLE-Trade,2021-7-2,0.107254
CSCO,76076,QMLE-Trade,2021-7-6,0.129431
CSCO,76076,QMLE-Trade,2021-7-7,0.12219
CSCO,76076,QMLE-Trade,2021-7-8,0.16216
CSCO,76076,QMLE-Trade,2021-7-9,0.116721
CSCO,76076,QMLE-Trade,2021-7-12,0.118696
CSCO,76076,QMLE-Trade,2021-7-13,0.132131
CSCO,76076,QMLE-Trade,2021-7-14,0.121308
CSCO,76076,QMLE-Trade,2021-7-15,0.141418
CSCO,76076,QMLE-Trade,2021-7-16,0.133517
CSCO,76076,QMLE-Trade,2021-7-19,0.196376
CSCO,76076,QMLE-Trade,2021-7-20,0.139357
CSCO,76076,QMLE-Trade,2021-7-21,0.129564
CSCO,76076,QMLE-Trade,2021-7-22,0.113297
CSCO,76076,QMLE-Trade,2021-7-23,0.103073
CSCO,76076,QMLE-Trade,2021-7-26,0.107823
CSCO,76076,QMLE-Trade,2021-7-27,0.158912
CSCO,76076,QMLE-Trade,2021-7-28,0.163045
CSCO,76076,QMLE-Trade,2021-7-29,0.126556
CSCO,76076,QMLE-Trade,2021-7-30,0.120858
CSCO,76076,QMLE-Trade,2021-8-2,0.129597
CSCO,76076,QMLE-Trade,2021-8-3,0.134606
CSCO,76076,QMLE-Trade,2021-8-4,0.145779
CSCO,76076,QMLE-Trade,2021-8-5,0.122224
CSCO,76076,QMLE-Trade,2021-8-6,0.179601
CSCO,76076,QMLE-Trade,2021-8-9,0.109453
CSCO,76076,QMLE-Trade,2021-8-10,0.10281
CSCO,76076,QMLE-Trade,2021-8-11,0.113459
CSCO,76076,QMLE-Trade,2021-8-12,0.109941
CSCO,76076,QMLE-Trade,2021-8-13,0.104388
CSCO,76076,QMLE-Trade,2021-8-16,0.108031
CSCO,76076,QMLE-Trade,2021-8-17,0.133818
CSCO,76076,QMLE-Trade,2021-8-18,0.151062
CSCO,76076,QMLE-Trade,2021-8-19,0.367511
CSCO,76076,QMLE-Trade,2021-8-20,0.173934
CSCO,76076,QMLE-Trade,2021-8-23,0.143762
CSCO,76076,QMLE-Trade,2021-8-24,0.14194
CSCO,76076,QMLE-Trade,2021-8-25,0.141003
CSCO,76076,QMLE-Trade,2021-8-26,0.13907
CSCO,76076,QMLE-Trade,2021-8-27,0.123723
CSCO,76076,QMLE-Trade,2021-8-30,0.106633
CSCO,76076,QMLE-Trade,2021-8-31,0.137514
CSCO,76076,QMLE-Trade,2021-9-1,0.109508
CSCO,76076,QMLE-Trade,2021-9-2,0.133166
CSCO,76076,QMLE-Trade,2021-9-3,0.108857
CSCO,76076,QMLE-Trade,2021-9-7,0.11627
CSCO,76076,QMLE-Trade,2021-9-8,0.155479
CSCO,76076,QMLE-Trade,2021-9-9,0.12616
CSCO,76076,QMLE-Trade,2021-9-10,0.133566
CSCO,76076,QMLE-Trade,2021-9-13,0.141708
CSCO,76076,QMLE-Trade,2021-9-14,0.137846
CSCO,76076,QMLE-Trade,2021-9-15,0.45407
CSCO,76076,QMLE-Trade,2021-9-16,0.212488
CSCO,76076,QMLE-Trade,2021-9-17,0.184961
CSCO,76076,QMLE-Trade,2021-9-20,0.184852
CSCO,76076,QMLE-Trade,2021-9-21,0.164469
CSCO,76076,QMLE-Trade,2021-9-22,0.177722
CSCO,76076,QMLE-Trade,2021-9-23,0.140659
CSCO,76076,QMLE-Trade,2021-9-24,0.130692
CSCO,76076,QMLE-Trade,2021-9-27,0.138213
CSCO,76076,QMLE-Trade,2021-9-28,0.180865
CSCO,76076,QMLE-Trade,2021-9-29,0.165617
CSCO,76076,QMLE-Trade,2021-9-30,0.169738
CSCO,76076,QMLE-Trade,2021-10-1,0.192039
CSCO,76076,QMLE-Trade,2021-10-4,0.174427
CSCO,76076,QMLE-Trade,2021-10-5,0.138143
CSCO,76076,QMLE-Trade,2021-10-6,0.212092
CSCO,76076,QMLE-Trade,2021-10-7,0.157998
CSCO,76076,QMLE-Trade,2021-10-8,0.134602
CSCO,76076,QMLE-Trade,2021-10-11,0.114997
CSCO,76076,QMLE-Trade,2021-10-12,0.178672
CSCO,76076,QMLE-Trade,2021-10-13,0.153244
CSCO,76076,QMLE-Trade,2021-10-14,0.134713
CSCO,76076,QMLE-Trade,2021-10-15,0.126976
CSCO,76076,QMLE-Trade,2021-10-18,0.120128
CSCO,76076,QMLE-Trade,2021-10-19,0.125985
CSCO,76076,QMLE-Trade,2021-10-20,0.104221
CSCO,76076,QMLE-Trade,2021-10-21,0.110038
CSCO,76076,QMLE-Trade,2021-10-22,0.143278
CSCO,76076,QMLE-Trade,2021-10-25,0.113505
CSCO,76076,QMLE-Trade,2021-10-26,0.138829
CSCO,76076,QMLE-Trade,2021-10-27,0.173647
CSCO,76076,QMLE-Trade,2021-10-28,0.137885
CSCO,76076,QMLE-Trade,2021-11-1,0.135728
CSCO,76076,QMLE-Trade,2021-11-2,0.190821
CSCO,76076,QMLE-Trade,2021-11-3,0.192291
CSCO,76076,QMLE-Trade,2021-11-4,0.180299
CSCO,76076,QMLE-Trade,2021-11-5,0.162849
CSCO,76076,QMLE-Trade,2021-11-8,0.147382
CSCO,76076,QMLE-Trade,2021-11-9,0.164143
CSCO,76076,QMLE-Trade,2021-11-10,0.198498
CSCO,76076,QMLE-Trade,2021-11-11,0.168702
CSCO,76076,QMLE-Trade,2021-11-12,0.140826
CSCO,76076,QMLE-Trade,2021-11-15,0.173623
CSCO,76076,QMLE-Trade,2021-11-16,0.153704
CSCO,76076,QMLE-Trade,2021-11-17,0.236974
CSCO,76076,QMLE-Trade,2021-11-18,0.472555
CSCO,76076,QMLE-Trade,2021-11-19,0.223855
CSCO,76076,QMLE-Trade,2021-11-22,0.249751
CSCO,76076,QMLE-Trade,2021-11-23,0.254008
CSCO,76076,QMLE-Trade,2021-11-24,0.182744
CSCO,76076,QMLE-Trade,2021-11-26,0.220414
CSCO,76076,QMLE-Trade,2021-11-29,0.18935
CSCO,76076,QMLE-Trade,2021-11-30,0.23608
CSCO,76076,QMLE-Trade,2021-12-1,0.24582
CSCO,76076,QMLE-Trade,2021-12-2,0.236525
CSCO,76076,QMLE-Trade,2021-12-3,0.255604
CSCO,76076,QMLE-Trade,2021-12-6,0.246395
CSCO,76076,QMLE-Trade,2021-12-7,0.196971
CSCO,76076,QMLE-Trade,2021-12-8,0.198194
CSCO,76076,QMLE-Trade,2021-12-9,0.193985
CSCO,76076,QMLE-Trade,2021-12-10,0.191295
CSCO,76076,QMLE-Trade,2021-12-13,0.181049
CSCO,76076,QMLE-Trade,2021-12-14,0.220372
CSCO,76076,QMLE-Trade,2021-12-15,0.247552
CSCO,76076,QMLE-Trade,2021-12-16,0.220465
CSCO,76076,QMLE-Trade,2021-12-17,0.269654
CSCO,76076,QMLE-Trade,2021-12-20,0.209147
CSCO,76076,QMLE-Trade,2021-12-21,0.180363
CSCO,76076,QMLE-Trade,2021-12-22,0.181199
CSCO,76076,QMLE-Trade,2021-12-23,0.179148
CSCO,76076,QMLE-Trade,2021-12-28,0.144501
CSCO,76076,QMLE-Trade,2021-12-29,0.147746
CSCO,76076,QMLE-Trade,2021-12-30,0.127361
CSCO,76076,QMLE-Trade,2021-12-31,0.111803
CSCO,76076,QMLE-Trade,2022-1-3,0.172074
CSCO,76076,QMLE-Trade,2022-1-4,0.215021
CSCO,76076,QMLE-Trade,2022-1-5,0.219325
CSCO,76076,QMLE-Trade,2022-1-6,0.206364
CSCO,76076,QMLE-Trade,2022-1-7,0.182507
CSCO,76076,QMLE-Trade,2022-1-10,0.225892
CSCO,76076,QMLE-Trade,2022-1-11,0.218161
CSCO,76076,QMLE-Trade,2022-1-12,0.172051
CSCO,76076,QMLE-Trade,2022-1-13,0.187418
CSCO,76076,QMLE-Trade,2022-1-14,0.171237
CSCO,76076,QMLE-Trade,2022-1-18,0.214755
CSCO,76076,QMLE-Trade,2022-1-19,0.279435
CSCO,76076,QMLE-Trade,2022-1-20,0.205323
CSCO,76076,QMLE-Trade,2022-1-21,0.261749
CSCO,76076,QMLE-Trade,2022-1-24,0.405136
CSCO,76076,QMLE-Trade,2022-1-25,0.326465
CSCO,76076,QMLE-Trade,2022-1-26,0.39709
CSCO,76076,QMLE-Trade,2022-1-27,0.309443
CSCO,76076,QMLE-Trade,2022-1-28,0.299083
CSCO,76076,QMLE-Trade,2022-1-31,0.206982
CSCO,76076,QMLE-Trade,2022-2-1,0.200017
CSCO,76076,QMLE-Trade,2022-2-2,0.192034
CSCO,76076,QMLE-Trade,2022-2-3,0.194255
CSCO,76076,QMLE-Trade,2022-2-4,0.208993
CSCO,76076,QMLE-Trade,2022-2-7,0.164952
CSCO,76076,QMLE-Trade,2022-2-8,0.155763
CSCO,76076,QMLE-Trade,2022-2-9,0.156896
CSCO,76076,QMLE-Trade,2022-2-10,0.223952
CSCO,76076,QMLE-Trade,2022-2-11,0.230249
CSCO,76076,QMLE-Trade,2022-2-14,0.236837
CSCO,76076,QMLE-Trade,2022-2-15,0.17821
CSCO,76076,QMLE-Trade,2022-2-16,0.215231
CSCO,76076,QMLE-Trade,2022-2-17,0.326459
CSCO,76076,QMLE-Trade,2022-2-18,0.255497
CSCO,76076,QMLE-Trade,2022-2-22,0.262487
CSCO,76076,QMLE-Trade,2022-2-23,0.23433
CSCO,76076,QMLE-Trade,2022-2-24,0.340773
CSCO,76076,QMLE-Trade,2022-2-25,0.223234
CSCO,76076,QMLE-Trade,2022-2-28,0.253226
CSCO,76076,QMLE-Trade,2022-3-1,0.235105
CSCO,76076,QMLE-Trade,2022-3-2,0.230621
CSCO,76076,QMLE-Trade,2022-3-3,0.241534
CSCO,76076,QMLE-Trade,2022-3-4,0.232451
CSCO,76076,QMLE-Trade,2022-3-7,0.25501
CSCO,76076,QMLE-Trade,2022-3-8,0.338295
CSCO,76076,QMLE-Trade,2022-3-9,0.238407
CSCO,76076,QMLE-Trade,2022-3-10,0.259914
CSCO,76076,QMLE-Trade,2022-3-11,0.228744
CSCO,76076,QMLE-Trade,2022-3-14,0.257199
CSCO,76076,QMLE-Trade,2022-3-15,0.229951
CSCO,76076,QMLE-Trade,2022-3-16,0.286637
CSCO,76076,QMLE-Trade,2022-3-17,0.181575
CSCO,76076,QMLE-Trade,2022-3-18,0.239819
CSCO,76076,QMLE-Trade,2022-3-21,0.211281
CSCO,76076,QMLE-Trade,2022-3-22,0.180547
CSCO,76076,QMLE-Trade,2022-3-23,0.168858
CSCO,76076,QMLE-Trade,2022-3-24,0.19214
CSCO,76076,QMLE-Trade,2022-3-25,0.188879
CSCO,76076,QMLE-Trade,2022-3-28,0.183222
CSCO,76076,QMLE-Trade,2022-3-29,0.212886
CSCO,76076,QMLE-Trade,2022-3-30,0.197227
CSCO,76076,QMLE-Trade,2022-3-31,0.183272
CSCO,76076,QMLE-Trade,2022-4-1,0.192281
CSCO,76076,QMLE-Trade,2022-4-4,0.177512
CSCO,76076,QMLE-Trade,2022-4-5,0.178812
CSCO,76076,QMLE-Trade,2022-4-6,0.221058
CSCO,76076,QMLE-Trade,2022-4-7,0.204857
CSCO,76076,QMLE-Trade,2022-4-8,0.191063
CSCO,76076,QMLE-Trade,2022-4-11,0.191826
CSCO,76076,QMLE-Trade,2022-4-12,0.264286
CSCO,76076,QMLE-Trade,2022-4-13,0.180208
CSCO,76076,QMLE-Trade,2022-4-14,0.186296
CSCO,76076,QMLE-Trade,2022-4-18,0.189156
CSCO,76076,QMLE-Trade,2022-4-19,0.187678
CSCO,76076,QMLE-Trade,2022-4-20,0.201048
CSCO,76076,QMLE-Trade,2022-4-21,0.219929
CSCO,76076,QMLE-Trade,2022-4-22,0.233292
CSCO,76076,QMLE-Trade,2022-4-25,0.273096
CSCO,76076,QMLE-Trade,2022-4-26,0.228254
CSCO,76076,QMLE-Trade,2022-4-27,0.321951
CSCO,76076,QMLE-Trade,2022-4-28,0.265273
CSCO,76076,QMLE-Trade,2022-4-29,0.247345
CSCO,76076,QMLE-Trade,2022-5-2,0.354839
CSCO,76076,QMLE-Trade,2022-5-3,0.28539
CSCO,76076,QMLE-Trade,2022-5-4,0.295116
CSCO,76076,QMLE-Trade,2022-5-5,0.331012
CSCO,76076,QMLE-Trade,2022-5-6,0.336884
CSCO,76076,QMLE-Trade,2022-5-9,0.298364
CSCO,76076,QMLE-Trade,2022-5-10,0.30764
CSCO,76076,QMLE-Trade,2022-5-11,0.300482
CSCO,76076,QMLE-Trade,2022-5-12,0.315956
CSCO,76076,QMLE-Trade,2022-5-13,0.2263
CSCO,76076,QMLE-Trade,2022-5-16,0.215176
CSCO,76076,QMLE-Trade,2022-5-18,0.275294
CSCO,76076,QMLE-Trade,2022-5-19,0.521179
CSCO,76076,QMLE-Trade,2022-5-20,0.40472
CSCO,76076,QMLE-Trade,2022-5-23,0.30575
CSCO,76076,QMLE-Trade,2022-5-24,0.319412
CSCO,76076,QMLE-Trade,2022-5-25,0.306256
CSCO,76076,QMLE-Trade,2022-5-26,0.264035
CSCO,76076,QMLE-Trade,2022-5-27,0.19775
CSCO,76076,QMLE-Trade,2022-5-31,0.281526
CSCO,76076,QMLE-Trade,2022-6-1,0.27407
CSCO,76076,QMLE-Trade,2022-6-2,0.297855
CSCO,76076,QMLE-Trade,2022-6-3,0.267035
CSCO,76076,QMLE-Trade,2022-6-6,0.226657
CSCO,76076,QMLE-Trade,2022-6-7,0.22994
CSCO,76076,QMLE-Trade,2022-6-8,0.204685
CSCO,76076,QMLE-Trade,2022-6-9,0.244402
CSCO,76076,QMLE-Trade,2022-6-10,0.261887
CSCO,76076,QMLE-Trade,2022-6-13,0.288462
CSCO,76076,QMLE-Trade,2022-6-14,0.258263
CSCO,76076,QMLE-Trade,2022-6-15,0.378149
CSCO,76076,QMLE-Trade,2022-6-16,0.269529
CSCO,76076,QMLE-Trade,2022-6-17,0.28989
CSCO,76076,QMLE-Trade,2022-6-21,0.207428
CSCO,76076,QMLE-Trade,2022-6-22,0.232406
CSCO,76076,QMLE-Trade,2022-6-23,0.274995
CSCO,76076,QMLE-Trade,2022-6-24,0.217929
CSCO,76076,QMLE-Trade,2022-6-27,0.210565
CSCO,76076,QMLE-Trade,2022-6-28,0.23212
CSCO,76076,QMLE-Trade,2022-6-29,0.246006
CSCO,76076,QMLE-Trade,2022-6-30,0.245529
CSCO,76076,QMLE-Trade,2022-7-1,0.292631
CSCO,76076,QMLE-Trade,2022-7-5,0.261828
CSCO,76076,QMLE-Trade,2022-7-6,0.237319
CSCO,76076,QMLE-Trade,2022-7-7,0.18014
CSCO,76076,QMLE-Trade,2022-7-8,0.190732
CSCO,76076,QMLE-Trade,2022-7-11,0.196048
CSCO,76076,QMLE-Trade,2022-7-12,0.227703
CSCO,76076,QMLE-Trade,2022-7-13,0.284768
CSCO,76076,QMLE-Trade,2022-7-14,0.230406
CSCO,76076,QMLE-Trade,2022-7-15,0.237161
CSCO,76076,QMLE-Trade,2022-7-18,0.180708
CSCO,76076,QMLE-Trade,2022-7-19,0.199383
CSCO,76076,QMLE-Trade,2022-7-20,0.205929
CSCO,76076,QMLE-Trade,2022-7-21,0.189927
CSCO,76076,QMLE-Trade,2022-7-22,0.215966
CSCO,76076,QMLE-Trade,2022-7-25,0.186217
CSCO,76076,QMLE-Trade,2022-7-26,0.185924
CSCO,76076,QMLE-Trade,2022-7-27,0.212686
CSCO,76076,QMLE-Trade,2022-7-28,0.195889
CSCO,76076,QMLE-Trade,2022-7-29,0.204556
CSCO,76076,QMLE-Trade,2022-8-1,0.193021
CSCO,76076,QMLE-Trade,2022-8-2,0.219239
CSCO,76076,QMLE-Trade,2022-8-3,0.176958
CSCO,76076,QMLE-Trade,2022-8-4,0.169745
CSCO,76076,QMLE-Trade,2022-8-5,0.182667
CSCO,76076,QMLE-Trade,2022-8-8,0.179922
CSCO,76076,QMLE-Trade,2022-8-9,0.173131
CSCO,76076,QMLE-Trade,2022-8-10,0.178545
CSCO,76076,QMLE-Trade,2022-8-11,0.172963
CSCO,76076,QMLE-Trade,2022-8-12,0.142274
CSCO,76076,QMLE-Trade,2022-8-15,0.157533
CSCO,76076,QMLE-Trade,2022-8-16,0.180257
CSCO,76076,QMLE-Trade,2022-8-17,0.201494
CSCO,76076,QMLE-Trade,2022-8-18,0.307348
CSCO,76076,QMLE-Trade,2022-8-19,0.184957
CSCO,76076,QMLE-Trade,2022-8-22,0.166736
CSCO,76076,QMLE-Trade,2022-8-23,0.17342
CSCO,76076,QMLE-Trade,2022-8-24,0.155747
CSCO,76076,QMLE-Trade,2022-8-25,0.167535
CSCO,76076,QMLE-Trade,2022-8-26,0.202218
CSCO,76076,QMLE-Trade,2022-8-29,0.177494
CSCO,76076,QMLE-Trade,2022-8-30,0.202284
CSCO,76076,QMLE-Trade,2022-8-31,0.198722
CSCO,76076,QMLE-Trade,2022-9-1,0.194502
CSCO,76076,QMLE-Trade,2022-9-2,0.21193
CSCO,76076,QMLE-Trade,2022-9-6,0.237793
CSCO,76076,QMLE-Trade,2022-9-8,0.217319
CSCO,76076,QMLE-Trade,2022-9-9,0.174751
CSCO,76076,QMLE-Trade,2022-9-12,0.155619
CSCO,76076,QMLE-Trade,2022-9-13,0.193756
CSCO,76076,QMLE-Trade,2022-9-14,0.195634
CSCO,76076,QMLE-Trade,2022-9-15,0.201166
CSCO,76076,QMLE-Trade,2022-9-16,0.214599
CSCO,76076,QMLE-Trade,2022-9-19,0.171078
CSCO,76076,QMLE-Trade,2022-9-20,0.173367
CSCO,76076,QMLE-Trade,2022-9-21,0.319859
CSCO,76076,QMLE-Trade,2022-9-22,0.212417
CSCO,76076,QMLE-Trade,2022-9-23,0.214749
CSCO,76076,QMLE-Trade,2022-9-26,0.232531
CSCO,76076,QMLE-Trade,2022-9-27,0.245965
CSCO,76076,QMLE-Trade,2022-9-28,0.224384
CSCO,76076,QMLE-Trade,2022-9-29,0.227415
CSCO,76076,QMLE-Trade,2022-9-30,0.235936
CSCO,76076,QMLE-Trade,2022-10-4,0.193197
CSCO,76076,QMLE-Trade,2022-10-5,0.186621
CSCO,76076,QMLE-Trade,2022-10-6,0.214511
CSCO,76076,QMLE-Trade,2022-10-7,0.188496
CSCO,76076,QMLE-Trade,2022-10-10,0.217447
CSCO,76076,QMLE-Trade,2022-10-11,0.224961
CSCO,76076,QMLE-Trade,2022-10-12,0.207298
CSCO,76076,QMLE-Trade,2022-10-13,0.336985
CSCO,76076,QMLE-Trade,2022-10-14,0.283659
CSCO,76076,QMLE-Trade,2022-10-17,0.20899
CSCO,76076,QMLE-Trade,2022-10-18,0.244083
CSCO,76076,QMLE-Trade,2022-10-19,0.212153
CSCO,76076,QMLE-Trade,2022-10-20,0.239982
CSCO,76076,QMLE-Trade,2022-10-21,0.266393
CSCO,76076,QMLE-Trade,2022-10-24,0.258398
CSCO,76076,QMLE-Trade,2022-10-25,0.1896
CSCO,76076,QMLE-Trade,2022-10-26,0.248092
CSCO,76076,QMLE-Trade,2022-10-27,0.219712
CSCO,76076,QMLE-Trade,2022-10-28,0.195245
CSCO,76076,QMLE-Trade,2022-10-31,0.186556
CSCO,76076,QMLE-Trade,2022-11-1,0.190529
CSCO,76076,QMLE-Trade,2022-11-2,0.350413
CSCO,76076,QMLE-Trade,2022-11-3,0.234359
CSCO,76076,QMLE-Trade,2022-11-4,0.265919
CSCO,76076,QMLE-Trade,2022-11-7,0.209485
CSCO,76076,QMLE-Trade,2022-11-8,0.202897
CSCO,76076,QMLE-Trade,2022-11-9,0.249617
CSCO,76076,QMLE-Trade,2022-11-10,0.230708
CSCO,76076,QMLE-Trade,2022-11-11,0.285005
CSCO,76076,QMLE-Trade,2022-11-14,0.180016
CSCO,76076,QMLE-Trade,2022-11-15,0.271574
CSCO,76076,QMLE-Trade,2022-11-16,0.237081
CSCO,76076,QMLE-Trade,2022-11-17,0.39657
CSCO,76076,QMLE-Trade,2022-11-18,0.267694
CSCO,76076,QMLE-Trade,2022-11-21,0.206172
CSCO,76076,QMLE-Trade,2022-11-22,0.165276
CSCO,76076,QMLE-Trade,2022-11-23,0.183562
CSCO,76076,QMLE-Trade,2022-11-25,0.135
CSCO,76076,QMLE-Trade,2022-11-28,0.157173
CSCO,76076,QMLE-Trade,2022-11-29,0.152804
CSCO,76076,QMLE-Trade,2022-11-30,0.245008
CSCO,76076,QMLE-Trade,2022-12-1,0.196682
CSCO,76076,QMLE-Trade,2022-12-2,0.170082
CSCO,76076,QMLE-Trade,2022-12-6,0.179115
CSCO,76076,QMLE-Trade,2022-12-7,0.179592
CSCO,76076,QMLE-Trade,2022-12-8,0.182767
CSCO,76076,QMLE-Trade,2022-12-9,0.178228
CSCO,76076,QMLE-Trade,2022-12-12,0.130665
CSCO,76076,QMLE-Trade,2022-12-13,0.265932
CSCO,76076,QMLE-Trade,2022-12-14,0.318365
CSCO,76076,QMLE-Trade,2022-12-15,0.186344
CSCO,76076,QMLE-Trade,2022-12-16,0.250716
CSCO,76076,QMLE-Trade,2022-12-19,0.17995
CSCO,76076,QMLE-Trade,2022-12-20,0.198053
CSCO,76076,QMLE-Trade,2022-12-21,0.16614
CSCO,76076,QMLE-Trade,2022-12-22,0.184698
CSCO,76076,QMLE-Trade,2022-12-23,0.194381
CSCO,76076,QMLE-Trade,2022-12-27,0.148734
CSCO,76076,QMLE-Trade,2022-12-29,0.148283
CSCO,76076,QMLE-Trade,2022-12-30,0.150955
CSCO,76076,QMLE-Trade,2023-1-3,0.195553
CSCO,76076,QMLE-Trade,2023-1-4,0.257751
CSCO,76076,QMLE-Trade,2023-1-5,0.185898
CSCO,76076,QMLE-Trade,2023-1-6,0.221922
CSCO,76076,QMLE-Trade,2023-1-9,0.170442
CSCO,76076,QMLE-Trade,2023-1-10,0.177755
CSCO,76076,QMLE-Trade,2023-1-11,0.132541
CSCO,76076,QMLE-Trade,2023-1-12,0.212076
CSCO,76076,QMLE-Trade,2023-1-17,0.161631
CSCO,76076,QMLE-Trade,2023-1-18,0.175187
CSCO,76076,QMLE-Trade,2023-1-19,0.162984
CSCO,76076,QMLE-Trade,2023-1-20,0.167931
CSCO,76076,QMLE-Trade,2023-1-23,0.154301
CSCO,76076,QMLE-Trade,2023-1-24,0.191021
CSCO,76076,QMLE-Trade,2023-1-25,0.17856
CSCO,76076,QMLE-Trade,2023-1-26,0.154943
CSCO,76076,QMLE-Trade,2023-1-27,0.1456
CSCO,76076,QMLE-Trade,2023-1-30,0.143863
CSCO,76076,QMLE-Trade,2023-1-31,0.152491
CSCO,76076,QMLE-Trade,2023-2-1,0.272837
CSCO,76076,QMLE-Trade,2023-2-2,0.193359
CSCO,76076,QMLE-Trade,2023-2-3,0.197149
CSCO,76076,QMLE-Trade,2023-2-6,0.156457
CSCO,76076,QMLE-Trade,2023-2-7,0.230294
CSCO,76076,QMLE-Trade,2023-2-8,0.179943
CSCO,76076,QMLE-Trade,2023-2-9,0.174211
CSCO,76076,QMLE-Trade,2023-2-10,0.168932
CSCO,76076,QMLE-Trade,2023-2-13,0.127531
CSCO,76076,QMLE-Trade,2023-2-14,0.213733
CSCO,76076,QMLE-Trade,2023-2-15,0.183165
CSCO,76076,QMLE-Trade,2023-2-16,0.403296
CSCO,76076,QMLE-Trade,2023-2-17,0.2021
CSCO,76076,QMLE-Trade,2023-2-21,0.192999
CSCO,76076,QMLE-Trade,2023-2-22,0.201814
CSCO,76076,QMLE-Trade,2023-2-23,0.160937
CSCO,76076,QMLE-Trade,2023-2-24,0.173414
CSCO,76076,QMLE-Trade,2023-2-27,0.158758
CSCO,76076,QMLE-Trade,2023-2-28,0.150812
CSCO,76076,QMLE-Trade,2023-3-1,0.157235
CSCO,76076,QMLE-Trade,2023-3-2,0.155435
CSCO,76076,QMLE-Trade,2023-3-3,0.158539
CSCO,76076,QMLE-Trade,2023-3-6,0.138336
CSCO,76076,QMLE-Trade,2023-3-7,0.158546
CSCO,76076,QMLE-Trade,2023-3-8,0.175877
CSCO,76076,QMLE-Trade,2023-3-9,0.165003
CSCO,76076,QMLE-Trade,2023-3-10,0.251572
CSCO,76076,QMLE-Trade,2023-3-13,0.131432
CSCO,76076,QMLE-Trade,2023-3-14,0.175815
CSCO,76076,QMLE-Trade,2023-3-15,0.242623
CSCO,76076,QMLE-Trade,2023-3-16,0.176314
CSCO,76076,QMLE-Trade,2023-3-17,0.214823
CSCO,76076,QMLE-Trade,2023-3-20,0.201031
CSCO,76076,QMLE-Trade,2023-3-21,0.165223
CSCO,76076,QMLE-Trade,2023-3-22,0.233939
CSCO,76076,QMLE-Trade,2023-3-23,0.205841
CSCO,76076,QMLE-Trade,2023-3-24,0.216471
CSCO,76076,QMLE-Trade,2023-3-27,0.145102
CSCO,76076,QMLE-Trade,2023-3-28,0.124796
CSCO,76076,QMLE-Trade,2023-3-29,0.13476
CSCO,76076,QMLE-Trade,2023-3-30,0.120446
CSCO,76076,QMLE-Trade,2023-3-31,0.118667
CSCO,76076,QMLE-Trade,2023-4-3,0.131779
CSCO,76076,QMLE-Trade,2023-4-4,0.138222
CSCO,76076,QMLE-Trade,2023-4-5,0.133079
CSCO,76076,QMLE-Trade,2023-4-6,0.145843
CSCO,76076,QMLE-Trade,2023-4-10,0.118044
CSCO,76076,QMLE-Trade,2023-4-11,0.137568
CSCO,76076,QMLE-Trade,2023-4-12,0.156635
CSCO,76076,QMLE-Trade,2023-4-13,0.137307
CSCO,76076,QMLE-Trade,2023-4-14,0.146211
CSCO,76076,QMLE-Trade,2023-4-17,0.115082
CSCO,76076,QMLE-Trade,2023-4-18,0.135925
CSCO,76076,QMLE-Trade,2023-4-19,0.21589
CSCO,76076,QMLE-Trade,2023-4-20,0.19191
CSCO,76076,QMLE-Trade,2023-4-21,0.16476
CSCO,76076,QMLE-Trade,2023-4-24,0.124354
CSCO,76076,QMLE-Trade,2023-4-25,0.134829
CSCO,76076,QMLE-Trade,2023-4-26,0.183059
CSCO,76076,QMLE-Trade,2023-4-27,0.16718
CSCO,76076,QMLE-Trade,2023-4-28,0.145886
CSCO,76076,QMLE-Trade,2023-5-1,0.118101
CSCO,76076,QMLE-Trade,2023-5-2,0.182955
CSCO,76076,QMLE-Trade,2023-5-3,0.23474
CSCO,76076,QMLE-Trade,2023-5-4,0.175149
CSCO,76076,QMLE-Trade,2023-5-5,0.140729
CSCO,76076,QMLE-Trade,2023-5-8,0.121045
CSCO,76076,QMLE-Trade,2023-5-9,0.126078
CSCO,76076,QMLE-Trade,2023-5-10,0.165589
CSCO,76076,QMLE-Trade,2023-5-11,0.147082
CSCO,76076,QMLE-Trade,2023-5-12,0.143509
CSCO,76076,QMLE-Trade,2023-5-15,0.119834
CSCO,76076,QMLE-Trade,2023-5-16,0.158521
CSCO,76076,QMLE-Trade,2023-5-17,0.185883
CSCO,76076,QMLE-Trade,2023-5-18,0.370136
CSCO,76076,QMLE-Trade,2023-5-19,0.2269
CSCO,76076,QMLE-Trade,2023-5-22,0.172623
CSCO,76076,QMLE-Trade,2023-5-23,0.154856
CSCO,76076,QMLE-Trade,2023-5-24,0.155473
CSCO,76076,QMLE-Trade,2023-5-25,0.197086
CSCO,76076,QMLE-Trade,2023-5-26,0.168307
CSCO,76076,QMLE-Trade,2023-5-30,0.189171
CSCO,76076,QMLE-Trade,2023-5-31,0.179184
CSCO,76076,QMLE-Trade,2023-6-1,0.163279
CSCO,76076,QMLE-Trade,2023-6-2,0.155871
CSCO,76076,QMLE-Trade,2023-6-5,0.15382
CSCO,76076,QMLE-Trade,2023-6-6,0.177115
CSCO,76076,QMLE-Trade,2023-6-7,0.156923
CSCO,76076,QMLE-Trade,2023-6-8,0.135715
CSCO,76076,QMLE-Trade,2023-6-9,0.13545
CSCO,76076,QMLE-Trade,2023-6-12,0.132112
CSCO,76076,QMLE-Trade,2023-6-13,0.146724
CSCO,76076,QMLE-Trade,2023-6-14,0.179752
CSCO,76076,QMLE-Trade,2023-6-15,0.15435
CSCO,76076,QMLE-Trade,2023-6-16,0.177222
CSCO,76076,QMLE-Trade,2023-6-22,0.134661
CSCO,76076,QMLE-Trade,2023-6-23,0.123976
CSCO,76076,QMLE-Trade,2023-6-26,0.133247
CSCO,76076,QMLE-Trade,2023-6-27,0.13185
CSCO,76076,QMLE-Trade,2023-6-28,0.131135
CSCO,76076,QMLE-Trade,2023-6-29,0.122674
CSCO,76076,QMLE-Trade,2023-6-30,0.146563
CSCO,76076,QMLE-Trade,2023-7-3,0.11078
CSCO,76076,QMLE-Trade,2023-7-5,0.13445
CSCO,76076,QMLE-Trade,2023-7-6,0.128303
CSCO,76076,QMLE-Trade,2023-7-7,0.12303
CSCO,76076,QMLE-Trade,2023-7-10,0.134579
CSCO,76076,QMLE-Trade,2023-7-11,0.12215
CSCO,76076,QMLE-Trade,2023-7-12,0.152691
CSCO,76076,QMLE-Trade,2023-7-13,0.109678
CSCO,76076,QMLE-Trade,2023-7-14,0.206282
CSCO,76076,QMLE-Trade,2023-7-17,0.132907
CSCO,76076,QMLE-Trade,2023-7-18,0.129952
CSCO,76076,QMLE-Trade,2023-7-19,0.166399
CSCO,76076,QMLE-Trade,2023-7-20,0.167495
CSCO,76076,QMLE-Trade,2023-7-21,0.145493
CSCO,76076,QMLE-Trade,2023-7-24,0.116538
CSCO,76076,QMLE-Trade,2023-7-25,0.106912
CSCO,76076,QMLE-Trade,2023-7-26,0.148733
CSCO,76076,QMLE-Trade,2023-7-27,0.157473
CSCO,76076,QMLE-Trade,2023-7-28,0.171807
CSCO,76076,QMLE-Trade,2023-7-31,0.12486
CSCO,76076,QMLE-Trade,2023-8-1,0.138327
CSCO,76076,QMLE-Trade,2023-8-2,0.134702
CSCO,76076,QMLE-Trade,2023-8-3,0.13928
CSCO,76076,QMLE-Trade,2023-8-4,0.145315
CSCO,76076,QMLE-Trade,2023-8-7,0.111928
CSCO,76076,QMLE-Trade,2023-8-8,0.120103
CSCO,76076,QMLE-Trade,2023-8-9,0.127072
CSCO,76076,QMLE-Trade,2023-8-10,0.166055
CSCO,76076,QMLE-Trade,2023-8-11,0.138074
CSCO,76076,QMLE-Trade,2023-8-14,0.124129
CSCO,76076,QMLE-Trade,2023-8-15,0.138106
CSCO,76076,QMLE-Trade,2023-8-17,0.325691
CSCO,76076,QMLE-Trade,2023-8-18,0.211264
CSCO,76076,QMLE-Trade,2023-8-21,0.138874
CSCO,76076,QMLE-Trade,2023-8-22,0.134233
CSCO,76076,QMLE-Trade,2023-8-23,0.103603
CSCO,76076,QMLE-Trade,2023-8-24,0.142055
CSCO,76076,QMLE-Trade,2023-8-25,0.164697
CSCO,76076,QMLE-Trade,2023-8-28,0.12035
CSCO,76076,QMLE-Trade,2023-8-29,0.114717
CSCO,76076,QMLE-Trade,2023-8-30,0.0977726
CSCO,76076,QMLE-Trade,2023-8-31,0.128244
CSCO,76076,QMLE-Trade,2023-9-1,0.130699
CSCO,76076,QMLE-Trade,2023-9-5,0.11302
CSCO,76076,QMLE-Trade,2023-9-6,0.105641
CSCO,76076,QMLE-Trade,2023-9-7,0.118764
CSCO,76076,QMLE-Trade,2023-9-8,0.103489
CSCO,76076,QMLE-Trade,2023-9-11,0.104735
CSCO,76076,QMLE-Trade,2023-9-12,0.0985587
CSCO,76076,QMLE-Trade,2023-9-13,0.0988468
CSCO,76076,QMLE-Trade,2023-9-14,0.0917625
CSCO,76076,QMLE-Trade,2023-9-15,0.119565
CSCO,76076,QMLE-Trade,2023-9-18,0.0956692
CSCO,76076,QMLE-Trade,2023-9-19,0.086641
CSCO,76076,QMLE-Trade,2023-9-20,0.114799
CSCO,76076,QMLE-Trade,2023-9-21,0.225115
CSCO,76076,QMLE-Trade,2023-9-22,0.137696
CSCO,76076,QMLE-Trade,2023-9-26,0.102533
CSCO,76076,QMLE-Trade,2023-9-27,0.116965
CSCO,76076,QMLE-Trade,2023-9-28,0.138846
CSCO,76076,QMLE-Trade,2023-9-29,0.128565
CSCO,76076,QMLE-Trade,2023-10-2,0.143227
CSCO,76076,QMLE-Trade,2023-10-3,0.139242
CSCO,76076,QMLE-Trade,2023-10-4,0.136769
CSCO,76076,QMLE-Trade,2023-10-5,0.135898
CSCO,76076,QMLE-Trade,2023-10-6,0.148128
CSCO,76076,QMLE-Trade,2023-10-9,0.119301
CSCO,76076,QMLE-Trade,2023-10-10,0.124276
CSCO,76076,QMLE-Trade,2023-10-11,0.122828
CSCO,76076,QMLE-Trade,2023-10-12,0.132609
CSCO,76076,QMLE-Trade,2023-10-13,0.153843
CSCO,76076,QMLE-Trade,2023-10-16,0.120304
CSCO,76076,QMLE-Trade,2023-10-17,0.15977
CSCO,76076,QMLE-Trade,2023-10-18,0.150786
CSCO,76076,QMLE-Trade,2023-10-19,0.196751
CSCO,76076,QMLE-Trade,2023-10-20,0.166729
CSCO,76076,QMLE-Trade,2023-10-23,0.149586
CSCO,76076,QMLE-Trade,2023-10-24,0.14925
CSCO,76076,QMLE-Trade,2023-10-25,0.173818
CSCO,76076,QMLE-Trade,2023-10-26,0.18583
CSCO,76076,QMLE-Trade,2023-10-27,0.182745
CSCO,76076,QMLE-Trade,2023-10-30,0.143825
CSCO,76076,QMLE-Trade,2023-10-31,0.138033
CSCO,76076,QMLE-Trade,2023-11-1,0.163658
CSCO,76076,QMLE-Trade,2023-11-2,0.128622
CSCO,76076,QMLE-Trade,2023-11-3,0.145449
CSCO,76076,QMLE-Trade,2023-11-6,0.109258
CSCO,76076,QMLE-Trade,2023-11-7,0.129041
CSCO,76076,QMLE-Trade,2023-11-8,0.117042
CSCO,76076,QMLE-Trade,2023-11-9,0.151292
CSCO,76076,QMLE-Trade,2023-11-10,0.126045
CSCO,76076,QMLE-Trade,2023-11-13,0.12716
CSCO,76076,QMLE-Trade,2023-11-14,0.149272
CSCO,76076,QMLE-Trade,2023-11-15,0.150973
CSCO,76076,QMLE-Trade,2023-11-16,0.397329
CSCO,76076,QMLE-Trade,2023-11-17,0.210156
CSCO,76076,QMLE-Trade,2023-11-20,0.147132
CSCO,76076,QMLE-Trade,2023-11-21,0.128616
CSCO,76076,QMLE-Trade,2023-11-22,0.126353
CSCO,76076,QMLE-Trade,2023-11-24,0.0893627
CSCO,76076,QMLE-Trade,2023-11-27,0.115382
CSCO,76076,QMLE-Trade,2023-11-28,0.115001
CSCO,76076,QMLE-Trade,2023-11-29,0.128518
CSCO,76076,QMLE-Trade,2023-11-30,0.137188
CSCO,76076,QMLE-Trade,2023-12-1,0.14075
CSCO,76076,QMLE-Trade,2023-12-4,0.130766
CSCO,76076,QMLE-Trade,2023-12-5,0.127119
CSCO,76076,QMLE-Trade,2023-12-6,0.120471
CSCO,76076,QMLE-Trade,2023-12-7,0.115595
CSCO,76076,QMLE-Trade,2023-12-8,0.12118
CSCO,76076,QMLE-Trade,2023-12-11,0.129098
CSCO,76076,QMLE-Trade,2023-12-12,0.113762
CSCO,76076,QMLE-Trade,2023-12-13,0.130143
CSCO,76076,QMLE-Trade,2023-12-14,0.153892
CSCO,76076,QMLE-Trade,2023-12-18,0.112435
CSCO,76076,QMLE-Trade,2023-12-19,0.104041
CSCO,76076,QMLE-Trade,2023-12-20,0.119814
CSCO,76076,QMLE-Trade,2023-12-21,0.142539
CSCO,76076,QMLE-Trade,2023-12-22,0.112288
CSCO,76076,QMLE-Trade,2023-12-26,0.0776129
CSCO,76076,QMLE-Trade,2023-12-27,0.0998342
CSCO,76076,QMLE-Trade,2023-12-28,0.0813948
CSCO,76076,QMLE-Trade,2023-12-29,0.092516
CSCO,76076,QMLE-Trade,2024-1-2,0.114647
CSCO,76076,QMLE-Trade,2024-1-3,0.139601
CSCO,76076,QMLE-Trade,2024-1-4,0.126853
CSCO,76076,QMLE-Trade,2024-1-5,0.12275
CSCO,76076,QMLE-Trade,2024-1-8,0.112208
CSCO,76076,QMLE-Trade,2024-1-9,0.148653
CSCO,76076,QMLE-Trade,2024-1-10,0.104194
CSCO,76076,QMLE-Trade,2024-1-11,0.121229
CSCO,76076,QMLE-Trade,2024-1-12,0.120672
CSCO,76076,QMLE-Trade,2024-1-16,0.1366
CSCO,76076,QMLE-Trade,2024-1-17,0.123858
CSCO,76076,QMLE-Trade,2024-1-18,0.113975
CSCO,76076,QMLE-Trade,2024-1-19,0.125461
CSCO,76076,QMLE-Trade,2024-1-22,0.117013
CSCO,76076,QMLE-Trade,2024-1-23,0.104463
CSCO,76076,QMLE-Trade,2024-1-24,0.128786
CSCO,76076,QMLE-Trade,2024-1-25,0.135109
CSCO,76076,QMLE-Trade,2024-1-26,0.12075
CSCO,76076,QMLE-Trade,2024-1-29,0.0989359
CSCO,76076,QMLE-Trade,2024-1-30,0.103553
CSCO,76076,QMLE-Trade,2024-1-31,0.228807
CSCO,76076,QMLE-Trade,2024-2-1,0.135092
CSCO,76076,QMLE-Trade,2024-2-2,0.161596
CSCO,76076,QMLE-Trade,2024-2-5,0.152234
CSCO,76076,QMLE-Trade,2024-2-6,0.189212
CSCO,76076,QMLE-Trade,2024-2-7,0.166441
CSCO,76076,QMLE-Trade,2024-2-8,0.135246
CSCO,76076,QMLE-Trade,2024-2-9,0.180753
CSCO,76076,QMLE-Trade,2024-2-12,0.147002
CSCO,76076,QMLE-Trade,2024-2-13,0.181167
CSCO,76076,QMLE-Trade,2024-2-14,0.201247
CSCO,76076,QMLE-Trade,2024-2-15,0.367752
CSCO,76076,QMLE-Trade,2024-2-16,0.198043
CSCO,76076,QMLE-Trade,2024-2-20,0.156593
CSCO,76076,QMLE-Trade,2024-2-21,0.142723
CSCO,76076,QMLE-Trade,2024-2-23,0.108262
CSCO,76076,QMLE-Trade,2024-2-26,0.0972836
CSCO,76076,QMLE-Trade,2024-2-27,0.118698
CSCO,76076,QMLE-Trade,2024-2-28,0.108162
CSCO,76076,QMLE-Trade,2024-2-29,0.127789
CSCO,76076,QMLE-Trade,2024-3-1,0.138119
CSCO,76076,QMLE-Trade,2024-3-4,0.163819
CSCO,76076,QMLE-Trade,2024-3-5,0.136694
CSCO,76076,QMLE-Trade,2024-3-6,0.154083
CSCO,76076,QMLE-Trade,2024-3-7,0.131221
CSCO,76076,QMLE-Trade,2024-3-8,0.142904
CSCO,76076,QMLE-Trade,2024-3-11,0.146567
CSCO,76076,QMLE-Trade,2024-3-12,0.124093
CSCO,76076,QMLE-Trade,2024-3-13,0.114069
CSCO,76076,QMLE-Trade,2024-3-15,0.157315
CSCO,76076,QMLE-Trade,2024-3-18,0.145983
CSCO,76076,QMLE-Trade,2024-3-19,0.133175
CSCO,76076,QMLE-Trade,2024-3-20,0.152336
CSCO,76076,QMLE-Trade,2024-3-21,0.11406
CSCO,76076,QMLE-Trade,2024-3-22,0.106451
CSCO,76076,QMLE-Trade,2024-3-25,0.110508
CSCO,76076,QMLE-Trade,2024-3-26,0.086747
CSCO,76076,QMLE-Trade,2024-3-27,0.0963067
CSCO,76076,QMLE-Trade,2024-3-28,0.118993
CSCO,76076,QMLE-Trade,2024-4-1,0.100791
CSCO,76076,QMLE-Trade,2024-4-2,0.118687
CSCO,76076,QMLE-Trade,2024-4-3,0.112844
CSCO,76076,QMLE-Trade,2024-4-4,0.132872
CSCO,76076,QMLE-Trade,2024-4-5,0.148781
CSCO,76076,QMLE-Trade,2024-4-9,0.192551
CSCO,76076,QMLE-Trade,2024-4-10,0.18047
CSCO,76076,QMLE-Trade,2024-4-11,0.144006
CSCO,76076,QMLE-Trade,2024-4-12,0.138854
CSCO,76076,QMLE-Trade,2024-4-15,0.219223
CSCO,76076,QMLE-Trade,2024-4-16,0.162796
CSCO,76076,QMLE-Trade,2024-4-17,0.152602
CSCO,76076,QMLE-Trade,2024-4-18,0.165461
CSCO,76076,QMLE-Trade,2024-4-19,0.166898
CSCO,76076,QMLE-Trade,2024-4-22,0.151012
CSCO,76076,QMLE-Trade,2024-4-23,0.121591
CSCO,76076,QMLE-Trade,2024-4-24,0.171524
CSCO,76076,QMLE-Trade,2024-4-25,0.173569
CSCO,76076,QMLE-Trade,2024-4-26,0.125829
CSCO,76076,QMLE-Trade,2024-4-29,0.126622
CSCO,76076,QMLE-Trade,2024-4-30,0.1525
CSCO,76076,QMLE-Trade,2024-5-1,0.17503
CSCO,76076,QMLE-Trade,2024-5-2,0.124136
CSCO,76076,QMLE-Trade,2024-5-3,0.144039
CSCO,76076,QMLE-Trade,2024-5-6,0.101278
CSCO,76076,QMLE-Trade,2024-5-7,0.112796
CSCO,76076,QMLE-Trade,2024-5-8,0.123625
CSCO,76076,QMLE-Trade,2024-5-9,0.0964952
CSCO,76076,QMLE-Trade,2024-5-10,0.101275
CSCO,76076,QMLE-Trade,2024-5-13,0.115702
CSCO,76076,QMLE-Trade,2024-5-14,0.128507
CSCO,76076,QMLE-Trade,2024-5-15,0.18904
CSCO,76076,QMLE-Trade,2024-5-16,0.416708
CSCO,76076,QMLE-Trade,2024-5-17,0.169605
CSCO,76076,QMLE-Trade,2024-5-20,0.131547
CSCO,76076,QMLE-Trade,2024-5-21,0.117248
CSCO,76076,QMLE-Trade,2024-5-22,0.145123
CSCO,76076,QMLE-Trade,2024-5-23,0.148389
CSCO,76076,QMLE-Trade,2024-5-24,0.104454
CSCO,76076,QMLE-Trade,2024-5-28,0.133066
CSCO,76076,QMLE-Trade,2024-5-29,0.122365
CSCO,76076,QMLE-Trade,2024-5-30,0.137961
CSCO,76076,QMLE-Trade,2024-5-31,0.138261
CSCO,76076,QMLE-Trade,2024-6-3,0.156917
CSCO,76076,QMLE-Trade,2024-6-4,0.148568
CSCO,76076,QMLE-Trade,2024-6-5,0.217892
CSCO,76076,QMLE-Trade,2024-6-6,0.152722
CSCO,76076,QMLE-Trade,2024-6-7,0.134765
CSCO,76076,QMLE-Trade,2024-6-10,0.145006
CSCO,76076,QMLE-Trade,2024-6-11,0.14672
CSCO,76076,QMLE-Trade,2024-6-12,0.156357
CSCO,76076,QMLE-Trade,2024-6-13,0.127522
CSCO,76076,QMLE-Trade,2024-6-14,0.141096
CSCO,76076,QMLE-Trade,2024-6-17,0.157891
CSCO,76076,QMLE-Trade,2024-6-18,0.14268
CSCO,76076,QMLE-Trade,2024-6-20,0.208028
CSCO,76076,QMLE-Trade,2024-6-21,0.22037
CSCO,76076,QMLE-Trade,2024-6-24,0.177862
CSCO,76076,QMLE-Trade,2024-6-25,0.14395
CSCO,76076,QMLE-Trade,2024-6-26,0.135579
CSCO,76076,QMLE-Trade,2024-6-27,0.147591
CSCO,76076,QMLE-Trade,2024-6-28,0.12784
CSCO,76076,QMLE-Trade,2024-7-1,0.144126
CSCO,76076,QMLE-Trade,2024-7-2,0.129132
CSCO,76076,QMLE-Trade,2024-7-3,0.127669
CSCO,76076,QMLE-Trade,2024-7-5,0.133224
CSCO,76076,QMLE-Trade,2024-7-8,0.130972
CSCO,76076,QMLE-Trade,2024-7-9,0.118487
CSCO,76076,QMLE-Trade,2024-7-10,0.126889
CSCO,76076,QMLE-Trade,2024-7-11,0.15455
CSCO,76076,QMLE-Trade,2024-7-12,0.184496
CSCO,76076,QMLE-Trade,2024-7-15,0.179483
CSCO,76076,QMLE-Trade,2024-7-16,0.141065
CSCO,76076,QMLE-Trade,2024-7-17,0.171504
CSCO,76076,QMLE-Trade,2024-7-18,0.182256
CSCO,76076,QMLE-Trade,2024-7-19,0.173404
CSCO,76076,QMLE-Trade,2024-7-22,0.155024
CSCO,76076,QMLE-Trade,2024-7-23,0.134873
CSCO,76076,QMLE-Trade,2024-7-24,0.187215
CSCO,76076,QMLE-Trade,2024-7-25,0.216258
CSCO,76076,QMLE-Trade,2024-7-26,0.139292
CSCO,76076,QMLE-Trade,2024-7-29,0.139747
CSCO,76076,QMLE-Trade,2024-7-30,0.161236
CSCO,76076,QMLE-Trade,2024-7-31,0.196356
CSCO,76076,QMLE-Trade,2024-8-1,0.18482
CSCO,76076,QMLE-Trade,2024-8-2,0.207412
CSCO,76076,QMLE-Trade,2024-8-5,0.331667
CSCO,76076,QMLE-Trade,2024-8-6,0.21377
CSCO,76076,QMLE-Trade,2024-8-7,0.196631
CSCO,76076,QMLE-Trade,2024-8-8,0.196679
CSCO,76076,QMLE-Trade,2024-8-9,0.236363
CSCO,76076,QMLE-Trade,2024-8-12,0.178947
CSCO,76076,QMLE-Trade,2024-8-13,0.135486
CSCO,76076,QMLE-Trade,2024-8-14,0.184816
CSCO,76076,QMLE-Trade,2024-8-15,0.344295
CSCO,76076,QMLE-Trade,2024-8-16,0.233273
CSCO,76076,QMLE-Trade,2024-8-19,0.130493
CSCO,76076,QMLE-Trade,2024-8-20,0.152863
CSCO,76076,QMLE-Trade,2024-8-21,0.135229
CSCO,76076,QMLE-Trade,2024-8-22,0.171297
CSCO,76076,QMLE-Trade,2024-8-23,0.149407
CSCO,76076,QMLE-Trade,2024-8-26,0.113823
CSCO,76076,QMLE-Trade,2024-8-27,0.121197
CSCO,76076,QMLE-Trade,2024-8-28,0.152953
CSCO,76076,QMLE-Trade,2024-8-29,0.163379
CSCO,76076,QMLE-Trade,2024-8-30,0.122843
CSCO,76076,QMLE-Trade,2024-9-3,0.141628
CSCO,76076,QMLE-Trade,2024-9-4,0.160845
CSCO,76076,QMLE-Trade,2024-9-5,0.177703
CSCO,76076,QMLE-Trade,2024-9-6,0.191805
CSCO,76076,QMLE-Trade,2024-9-9,0.155464
CSCO,76076,QMLE-Trade,2024-9-10,0.152919
CSCO,76076,QMLE-Trade,2024-9-11,0.171561
CSCO,76076,QMLE-Trade,2024-9-12,0.132352
CSCO,76076,QMLE-Trade,2024-9-13,0.113014
CSCO,76076,QMLE-Trade,2024-9-16,0.155319
CSCO,76076,QMLE-Trade,2024-9-17,0.148381
CSCO,76076,QMLE-Trade,2024-9-18,0.214803
CSCO,76076,QMLE-Trade,2024-9-19,0.163522
CSCO,76076,QMLE-Trade,2024-9-20,0.175092
CSCO,76076,QMLE-Trade,2024-9-23,0.146748
CSCO,76076,QMLE-Trade,2024-9-24,0.127836
CSCO,76076,QMLE-Trade,2024-9-25,0.124671
CSCO,76076,QMLE-Trade,2024-9-26,0.140825
CSCO,76076,QMLE-Trade,2024-9-27,0.125792
CSCO,76076,QMLE-Trade,2024-9-30,0.130348
CSCO,76076,QMLE-Trade,2024-10-1,0.173589
CSCO,76076,QMLE-Trade,2024-10-2,0.144251
CSCO,76076,QMLE-Trade,2024-10-3,0.153277
CSCO,76076,QMLE-Trade,2024-10-4,0.144586
CSCO,76076,QMLE-Trade,2024-10-7,0.124403
CSCO,76076,QMLE-Trade,2024-10-8,0.124288
CSCO,76076,QMLE-Trade,2024-10-9,0.118582
CSCO,76076,QMLE-Trade,2024-10-10,0.122874
CSCO,76076,QMLE-Trade,2024-10-14,0.134269
CSCO,76076,QMLE-Trade,2024-10-15,0.136168
CSCO,76076,QMLE-Trade,2024-10-16,0.215832
CSCO,76076,QMLE-Trade,2024-10-17,0.156952
CSCO,76076,QMLE-Trade,2024-10-18,0.126851
CSCO,76076,QMLE-Trade,2024-10-21,0.12792
CSCO,76076,QMLE-Trade,2024-10-22,0.148991
CSCO,76076,QMLE-Trade,2024-10-23,0.132817
CSCO,76076,QMLE-Trade,2024-10-24,0.123176
CSCO,76076,QMLE-Trade,2024-10-25,0.136251
CSCO,76076,QMLE-Trade,2024-10-28,0.129451
CSCO,76076,QMLE-Trade,2024-10-29,0.128678
CSCO,76076,QMLE-Trade,2024-10-30,0.128872
CSCO,76076,QMLE-Trade,2024-10-31,0.161087
CSCO,76076,QMLE-Trade,2024-11-1,0.162775
CSCO,76076,QMLE-Trade,2024-11-4,0.141662
CSCO,76076,QMLE-Trade,2024-11-5,0.12737
CSCO,76076,QMLE-Trade,2024-11-6,0.180866
CSCO,76076,QMLE-Trade,2024-11-7,0.127882
CSCO,76076,QMLE-Trade,2024-11-8,0.140909
CSCO,76076,QMLE-Trade,2024-11-11,0.15527
CSCO,76076,QMLE-Trade,2024-11-12,0.138397
CSCO,76076,QMLE-Trade,2024-11-13,0.191724
CSCO,76076,QMLE-Trade,2024-11-14,0.33815
CSCO,76076,QMLE-Trade,2024-11-15,0.211306
CSCO,76076,QMLE-Trade,2024-11-18,0.148126
CSCO,76076,QMLE-Trade,2024-11-19,0.152772
CSCO,76076,QMLE-Trade,2024-11-20,0.138276
CSCO,76076,QMLE-Trade,2024-11-21,0.17305
CSCO,76076,QMLE-Trade,2024-11-22,0.155098
CSCO,76076,QMLE-Trade,2024-11-25,0.157092
CSCO,76076,QMLE-Trade,2024-11-26,0.159875
CSCO,76076,QMLE-Trade,2024-11-27,0.136006
CSCO,76076,QMLE-Trade,2024-11-29,0.118731
CSCO,76076,QMLE-Trade,2024-12-2,0.126308
CSCO,76076,QMLE-Trade,2024-12-3,0.0930087
CSCO,76076,QMLE-Trade,2024-12-4,0.130706
CSCO,76076,QMLE-Trade,2024-12-5,0.117263
CSCO,76076,QMLE-Trade,2024-12-6,0.113556
CSCO,76076,QMLE-Trade,2024-12-9,0.120877
CSCO,76076,QMLE-Trade,2024-12-10,0.166767
CSCO,76076,QMLE-Trade,2024-12-11,0.146623
CSCO,76076,QMLE-Trade,2024-12-12,0.13504
CSCO,76076,QMLE-Trade,2024-12-13,0.139124
CSCO,76076,QMLE-Trade,2024-12-16,0.149399
CSCO,76076,QMLE-Trade,2024-12-17,0.15843
CSCO,76076,QMLE-Trade,2024-12-18,0.171735
CSCO,76076,QMLE-Trade,2024-12-19,0.195153
CSCO,76076,QMLE-Trade,2024-12-20,0.211788
CSCO,76076,QMLE-Trade,2024-12-23,0.14595
CSCO,76076,QMLE-Trade,2024-12-24,0.103481
CSCO,76076,QMLE-Trade,2024-12-26,0.104944
CSCO,76076,QMLE-Trade,2024-12-27,0.153864
CSCO,76076,QMLE-Trade,2024-12-30,0.166821
CSCO,76076,QMLE-Trade,2024-12-31,0.135646
CSCO,76076,QMLE-Trade,2025-1-2,0.207219
CSCO,76076,QMLE-Trade,2025-1-3,0.161496
CSCO,76076,QMLE-Trade,2025-1-6,0.152095
CSCO,76076,QMLE-Trade,2025-1-7,0.158065
CSCO,76076,QMLE-Trade,2025-1-8,0.14732
CSCO,76076,QMLE-Trade,2025-1-10,0.163258
CSCO,76076,QMLE-Trade,2025-1-13,0.163236
CSCO,76076,QMLE-Trade,2025-1-14,0.13044
CSCO,76076,QMLE-Trade,2025-1-15,0.121494
CSCO,76076,QMLE-Trade,2025-1-16,0.116792
CSCO,76076,QMLE-Trade,2025-1-17,0.142557
CSCO,76076,QMLE-Trade,2025-1-21,0.16972
CSCO,76076,QMLE-Trade,2025-1-22,0.121809
CSCO,76076,QMLE-Trade,2025-1-23,0.114344
CSCO,76076,QMLE-Trade,2025-1-24,0.104595
CSCO,76076,QMLE-Trade,2025-1-27,0.278695
CSCO,76076,QMLE-Trade,2025-1-28,0.169001
CSCO,76076,QMLE-Trade,2025-1-29,0.173972
CSCO,76076,QMLE-Trade,2025-1-30,0.157091
CSCO,76076,QMLE-Trade,2025-1-31,0.156489
CSCO,76076,QMLE-Trade,2025-2-3,0.215877
CSCO,76076,QMLE-Trade,2025-2-4,0.123929
CSCO,76076,QMLE-Trade,2025-2-5,0.125283
CSCO,76076,QMLE-Trade,2025-2-6,0.117413
CSCO,76076,QMLE-Trade,2025-2-7,0.189305
CSCO,76076,QMLE-Trade,2025-2-10,0.123206
CSCO,76076,QMLE-Trade,2025-2-11,0.157708
CSCO,76076,QMLE-Trade,2025-2-12,0.192036
CSCO,76076,QMLE-Trade,2025-2-13,0.461181
CSCO,76076,QMLE-Trade,2025-2-14,0.21723
CSCO,76076,QMLE-Trade,2025-2-18,0.220349
CSCO,76076,QMLE-Trade,2025-2-19,0.136642
CSCO,76076,QMLE-Trade,2025-2-20,0.142671
CSCO,76076,QMLE-Trade,2025-2-21,0.164097
CSCO,76076,QMLE-Trade,2025-2-24,0.177985
CSCO,76076,QMLE-Trade,2025-2-25,0.249633
CSCO,76076,QMLE-Trade,2025-2-26,0.162438
CSCO,76076,QMLE-Trade,2025-2-27,0.193334
CSCO,76076,QMLE-Trade,2025-2-28,0.22281
CSCO,76076,QMLE-Trade,2025-3-3,0.198225
CSCO,76076,QMLE-Trade,2025-3-4,0.246323
CSCO,76076,QMLE-Trade,2025-3-5,0.231235
CSCO,76076,QMLE-Trade,2025-3-6,0.228834
CSCO,76076,QMLE-Trade,2025-3-7,0.259489
CSCO,76076,QMLE-Trade,2025-3-10,0.23339
CSCO,76076,QMLE-Trade,2025-3-11,0.274798
CSCO,76076,QMLE-Trade,2025-3-12,0.212061
CSCO,76076,QMLE-Trade,2025-3-13,0.201293
CSCO,76076,QMLE-Trade,2025-3-14,0.2038
CSCO,76076,QMLE-Trade,2025-3-17,0.164533
CSCO,76076,QMLE-Trade,2025-3-18,0.182204
CSCO,76076,QMLE-Trade,2025-3-19,0.176861
CSCO,76076,QMLE-Trade,2025-3-20,0.161456
CSCO,76076,QMLE-Trade,2025-3-21,0.204546
CSCO,76076,QMLE-Trade,2025-3-24,0.150146
CSCO,76076,QMLE-Trade,2025-3-25,0.12771
CSCO,76076,QMLE-Trade,2025-3-26,0.162672
CSCO,76076,QMLE-Trade,2025-3-27,0.174668
CSCO,76076,QMLE-Trade,2025-3-28,0.181862
CSCO,76076,QMLE-Trade,2025-3-31,0.207457
CSCO,76076,QMLE-Trade,2025-4-1,0.181296
CSCO,76076,QMLE-Trade,2025-4-2,0.156783
CSCO,76076,QMLE-Trade,2025-4-3,0.305208
CSCO,76076,QMLE-Trade,2025-4-4,0.414608
CSCO,76076,QMLE-Trade,2025-4-7,0.70611
CSCO,76076,QMLE-Trade,2025-4-8,0.46985
CSCO,76076,QMLE-Trade,2025-4-9,0.648826
CSCO,76076,QMLE-Trade,2025-4-10,0.506432
CSCO,76076,QMLE-Trade,2025-4-11,0.397535
CSCO,76076,QMLE-Trade,2025-4-14,0.264912
CSCO,76076,QMLE-Trade,2025-4-15,0.214129
CSCO,76076,QMLE-Trade,2025-4-16,0.237869
CSCO,76076,QMLE-Trade,2025-4-17,0.24049
CSCO,76076,QMLE-Trade,2025-4-21,0.197361
CSCO,76076,QMLE-Trade,2025-4-22,0.215095
CSCO,76076,QMLE-Trade,2025-4-23,0.321589
CSCO,76076,QMLE-Trade,2025-4-24,0.177445
CSCO,76076,QMLE-Trade,2025-4-25,0.184344
CSCO,76076,QMLE-Trade,2025-4-28,0.182575
CSCO,76076,QMLE-Trade,2025-4-29,0.148074
CSCO,76076,QMLE-Trade,2025-4-30,0.206572
CSCO,76076,QMLE-Trade,2025-5-1,0.178773
CSCO,76076,QMLE-Trade,2025-5-2,0.160819
CSCO,76076,QMLE-Trade,2025-5-5,0.129641
CSCO,76076,QMLE-Trade,2025-5-6,0.148315
CSCO,76076,QMLE-Trade,2025-5-7,0.206012
CSCO,76076,QMLE-Trade,2025-5-8,0.160253
CSCO,76076,QMLE-Trade,2025-5-9,0.188226
CSCO,76076,QMLE-Trade,2025-5-12,0.171404
CSCO,76076,QMLE-Trade,2025-5-13,0.138134
CSCO,76076,QMLE-Trade,2025-5-14,0.166422
CSCO,76076,QMLE-Trade,2025-5-15,0.31324
CSCO,76076,QMLE-Trade,2025-5-16,0.196286
CSCO,76076,QMLE-Trade,2025-5-19,0.132617
CSCO,76076,QMLE-Trade,2025-5-20,0.111007
CSCO,76076,QMLE-Trade,2025-5-21,0.152507
CSCO,76076,QMLE-Trade,2025-5-22,0.133075
CSCO,76076,QMLE-Trade,2025-5-23,0.145557
CSCO,76076,QMLE-Trade,2025-5-27,0.104155
CSCO,76076,QMLE-Trade,2025-5-28,0.106974
CSCO,76076,QMLE-Trade,2025-5-29,0.131041
CSCO,76076,QMLE-Trade,2025-5-30,0.148513
CSCO,76076,QMLE-Trade,2025-6-2,0.13013
CSCO,76076,QMLE-Trade,2025-6-3,0.114721
CSCO,76076,QMLE-Trade,2025-6-4,0.104461
CSCO,76076,QMLE-Trade,2025-6-5,0.147186
CSCO,76076,QMLE-Trade,2025-6-6,0.131356
CSCO,76076,QMLE-Trade,2025-6-9,0.123082
CSCO,76076,QMLE-Trade,2025-6-10,0.127303
CSCO,76076,QMLE-Trade,2025-6-11,0.161895
CSCO,76076,QMLE-Trade,2025-6-12,0.120886
CSCO,76076,QMLE-Trade,2025-6-13,0.142405
CSCO,76076,QMLE-Trade,2025-6-16,0.127182
CSCO,76076,QMLE-Trade,2025-6-17,0.143741
CSCO,76076,QMLE-Trade,2025-6-18,0.133231
CSCO,76076,QMLE-Trade,2025-6-20,0.153628
CSCO,76076,QMLE-Trade,2025-6-23,0.167763
CSCO,76076,QMLE-Trade,2025-6-24,0.132509
CSCO,76076,QMLE-Trade,2025-6-25,0.117215
CSCO,76076,QMLE-Trade,2025-6-26,0.12529
CSCO,76076,QMLE-Trade,2025-6-27,0.122005
CSCO,76076,QMLE-Trade,2025-6-30,0.117399
CSCO,76076,QMLE-Trade,2025-7-1,0.130207
CSCO,76076,QMLE-Trade,2025-7-2,0.128738
CSCO,76076,QMLE-Trade,2025-7-3,0.140255
CSCO,76076,QMLE-Trade,2025-7-7,0.137716
CSCO,76076,QMLE-Trade,2025-7-8,0.124037
CSCO,76076,QMLE-Trade,2025-7-9,0.1268
CSCO,76076,QMLE-Trade,2025-7-10,0.122991
CSCO,76076,QMLE-Trade,2025-7-11,0.128388
CSCO,76076,QMLE-Trade,2025-7-14,0.129231
CSCO,76076,QMLE-Trade,2025-7-15,0.136618
CSCO,76076,QMLE-Trade,2025-7-16,0.149014
CSCO,76076,QMLE-Trade,2025-7-17,0.137947
CSCO,76076,QMLE-Trade,2025-7-18,0.123159
CSCO,76076,QMLE-Trade,2025-7-21,0.101022
CSCO,76076,QMLE-Trade,2025-7-22,0.117461
CSCO,76076,QMLE-Trade,2025-7-23,0.112485
CSCO,76076,QMLE-Trade,2025-7-24,0.115694
CSCO,76076,QMLE-Trade,2025-7-25,0.0979021
CSCO,76076,QMLE-Trade,2025-7-28,0.130367
CSCO,76076,QMLE-Trade,2025-7-29,0.114256
CSCO,76076,QMLE-Trade,2025-7-30,0.144771
CSCO,76076,QMLE-Trade,2025-7-31,0.159752
CSCO,76076,QMLE-Trade,2025-8-1,0.187397
CSCO,76076,QMLE-Trade,2025-8-4,0.123594
CSCO,76076,QMLE-Trade,2025-8-5,0.137257
CSCO,76076,QMLE-Trade,2025-8-6,0.152937
CSCO,76076,QMLE-Trade,2025-8-7,0.153528
CSCO,76076,QMLE-Trade,2025-8-8,0.162657
CSCO,76076,QMLE-Trade,2025-8-11,0.17059
CSCO,76076,QMLE-Trade,2025-8-12,0.143689
CSCO,76076,QMLE-Trade,2025-8-13,0.169565
CSCO,76076,QMLE-Trade,2025-8-14,0.367406
CSCO,76076,QMLE-Trade,2025-8-15,0.259216
CSCO,76076,QMLE-Trade,2025-8-18,0.167672
CSCO,76076,QMLE-Trade,2025-8-19,0.142073
CSCO,76076,QMLE-Trade,2025-8-20,0.151301
CSCO,76076,QMLE-Trade,2025-8-21,0.137607
CSCO,76076,QMLE-Trade,2025-8-22,0.147165
CSCO,76076,QMLE-Trade,2025-8-25,0.108217
CSCO,76076,QMLE-Trade,2025-8-26,0.125907
CSCO,76076,QMLE-Trade,2025-8-27,0.0971707
CSCO,76076,QMLE-Trade,2025-8-28,0.122097
CSCO,76076,QMLE-Trade,2025-8-29,0.120907
CSCO,76076,QMLE-Trade,2025-9-2,0.172928
CSCO,76076,QMLE-Trade,2025-9-3,0.145008
CSCO,76076,QMLE-Trade,2025-9-4,0.1482
CSCO,76076,QMLE-Trade,2025-9-5,0.19414
CSCO,76076,QMLE-Trade,2025-9-8,0.138349
CSCO,76076,QMLE-Trade,2025-9-9,0.119276
CSCO,76076,QMLE-Trade,2025-9-10,0.158192
CSCO,76076,QMLE-Trade,2025-9-11,0.158883
CSCO,76076,QMLE-Trade,2025-9-12,0.180743
CSCO,76076,QMLE-Trade,2025-9-15,0.143032
CSCO,76076,QMLE-Trade,2025-9-16,0.155749
CSCO,76076,QMLE-Trade,2025-9-17,0.212591
CSCO,76076,QMLE-Trade,2025-9-18,0.177231
CSCO,76076,QMLE-Trade,2025-9-19,0.214942
CSCO,76076,QMLE-Trade,2025-9-22,0.159588
CSCO,76076,QMLE-Trade,2025-9-23,0.158839
CSCO,76076,QMLE-Trade,2025-9-24,0.150502
CSCO,76076,QMLE-Trade,2025-9-25,0.174165
CSCO,76076,QMLE-Trade,2025-9-26,0.18454
CSCO,76076,QMLE-Trade,2025-9-29,0.146132
CSCO,76076,QMLE-Trade,2025-9-30,0.161373
CSCO,76076,QMLE-Trade,2025-10-1,0.15017
CSCO,76076,QMLE-Trade,2025-10-2,0.170281
CSCO,76076,QMLE-Trade,2025-10-3,0.146093
CSCO,76076,QMLE-Trade,2025-10-6,0.168882
CSCO,76076,QMLE-Trade,2025-10-7,0.176207
CSCO,76076,QMLE-Trade,2025-10-8,0.238717
CSCO,76076,QMLE-Trade,2025-10-9,0.223541
CSCO,76076,QMLE-Trade,2025-10-10,0.254102
CSCO,76076,QMLE-Trade,2025-10-13,0.220569
CSCO,76076,QMLE-Trade,2025-10-14,0.189836
CSCO,76076,QMLE-Trade,2025-10-15,0.181055
CSCO,76076,QMLE-Trade,2025-10-16,0.215249
CSCO,76076,QMLE-Trade,2025-10-17,0.190923
CSCO,76076,QMLE-Trade,2025-10-20,0.151794
CSCO,76076,QMLE-Trade,2025-10-21,0.148842
CSCO,76076,QMLE-Trade,2025-10-22,0.207608
CSCO,76076,QMLE-Trade,2025-10-23,0.154182
CSCO,76076,QMLE-Trade,2025-10-24,0.161284
CSCO,76076,QMLE-Trade,2025-10-27,0.161567
CSCO,76076,QMLE-Trade,2025-10-28,0.190748
CSCO,76076,QMLE-Trade,2025-10-29,0.218528
CSCO,76076,QMLE-Trade,2025-10-30,0.189063
CSCO,76076,QMLE-Trade,2025-11-3,0.241187
CSCO,76076,QMLE-Trade,2025-11-4,0.221128
CSCO,76076,QMLE-Trade,2025-11-5,0.21232
CSCO,76076,QMLE-Trade,2025-11-6,0.194968
CSCO,76076,QMLE-Trade,2025-11-7,0.21438
CSCO,76076,QMLE-Trade,2025-11-10,0.194215
CSCO,76076,QMLE-Trade,2025-11-11,0.206593
CSCO,76076,QMLE-Trade,2025-11-12,0.293182
CSCO,76076,QMLE-Trade,2025-11-13,0.467584
CSCO,76076,QMLE-Trade,2025-11-14,0.329911
CSCO,76076,QMLE-Trade,2025-11-17,0.261644
CSCO,76076,QMLE-Trade,2025-11-18,0.26978
CSCO,76076,QMLE-Trade,2025-11-19,0.272528
CSCO,76076,QMLE-Trade,2025-11-20,0.30853
CSCO,76076,QMLE-Trade,2025-11-21,0.280372
CSCO,76076,QMLE-Trade,2025-11-24,0.237714
CSCO,76076,QMLE-Trade,2025-11-25,0.178092
CSCO,76076,QMLE-Trade,2025-11-26,0.165866
CSCO,76076,QMLE-Trade,2025-11-28,0.162471
CSCO,76076,QMLE-Trade,2025-12-1,0.154237
CSCO,76076,QMLE-Trade,2025-12-2,0.146223
CSCO,76076,QMLE-Trade,2025-12-3,0.180356
CSCO,76076,QMLE-Trade,2025-12-4,0.160534
CSCO,76076,QMLE-Trade,2025-12-5,0.150736
CSCO,76076,QMLE-Trade,2025-12-8,0.163323
CSCO,76076,QMLE-Trade,2025-12-9,0.148868
CSCO,76076,QMLE-Trade,2025-12-10,0.198688
CSCO,76076,QMLE-Trade,2025-12-11,0.212489
CSCO,76076,QMLE-Trade,2025-12-12,0.205973
CSCO,76076,QMLE-Trade,2025-12-15,0.174933
CSCO,76076,QMLE-Trade,2025-12-16,0.193552
CSCO,76076,QMLE-Trade,2025-12-17,0.197948
CSCO,76076,QMLE-Trade,2025-12-18,0.180638
CSCO,76076,QMLE-Trade,2025-12-19,0.227225
CSCO,76076,QMLE-Trade,2025-12-22,0.146254
CSCO,76076,QMLE-Trade,2025-12-23,0.128801
CSCO,76076,QMLE-Trade,2025-12-24,0.105395
CSCO,76076,QMLE-Trade,2025-12-26,0.0940785
CSCO,76076,QMLE-Trade,2025-12-29,0.122584
CSCO,76076,QMLE-Trade,2025-12-30,0.121256
CSCO,76076,QMLE-Trade,2025-12-31,0.130191
CSCO,76076,QMLE-Trade,2026-1-2,0.188174
CSCO,76076,QMLE-Trade,2026-1-5,0.195222
CSCO,76076,QMLE-Trade,2026-1-6,0.176874
CSCO,76076,QMLE-Trade,2026-1-7,0.196193
CSCO,76076,QMLE-Trade,2026-1-8,0.170892
CSCO,76076,QMLE-Trade,2026-1-9,0.187553
CSCO,76076,QMLE-Trade,2026-1-12,0.166017
CSCO,76076,QMLE-Trade,2026-1-13,0.179688
CSCO,76076,QMLE-Trade,2026-1-14,0.205865
CSCO,76076,QMLE-Trade,2026-1-15,0.20663
CSCO,76076,QMLE-Trade,2026-1-16,0.153483
CSCO,76076,QMLE-Trade,2026-1-20,0.243698
CSCO,76076,QMLE-Trade,2026-1-21,0.22518
CSCO,76076,QMLE-Trade,2026-1-22,0.184809
CSCO,76076,QMLE-Trade,2026-1-23,0.170214
CSCO,76076,QMLE-Trade,2026-1-26,0.213932
CSCO,76076,QMLE-Trade,2026-1-27,0.153099
CSCO,76076,QMLE-Trade,2026-1-28,0.172661
CSCO,76076,QMLE-Trade,2026-1-29,0.218818
CSCO,76076,QMLE-Trade,2026-1-30,0.238686
CSCO,76076,QMLE-Trade,2026-2-2,0.214736
CSCO,76076,QMLE-Trade,2026-2-3,0.354407
CSCO,76076,QMLE-Trade,2026-2-4,0.356517
CSCO,76076,QMLE-Trade,2026-2-5,0.286524
CSCO,76076,QMLE-Trade,2026-2-6,0.228024
CSCO,76076,QMLE-Trade,2026-2-9,0.199501
CSCO,76076,QMLE-Trade,2026-2-10,0.250663
CSCO,76076,QMLE-Trade,2026-2-11,0.250857
CSCO,76076,QMLE-Trade,2026-2-12,0.516652
CSCO,76076,QMLE-Trade,2026-2-13,0.361351
CSCO,76076,QMLE-Trade,2026-2-17,0.257024
CSCO,76076,QMLE-Trade,2026-2-18,0.185161
CSCO,76076,QMLE-Trade,2026-2-19,0.209802
CSCO,76076,QMLE-Trade,2026-2-20,0.23174
CSCO,76076,QMLE-Trade,2026-2-23,0.211881
CSCO,76076,QMLE-Trade,2026-2-24,0.208377
CSCO,76076,QMLE-Trade,2026-2-25,0.175605
CSCO,76076,QMLE-Trade,2026-2-26,0.201543
CSCO,76076,QMLE-Trade,2026-2-27,0.226676
CSCO,76076,QMLE-Trade,2026-3-2,0.245263
CSCO,76076,QMLE-Trade,2026-3-3,0.262963
CSCO,76076,QMLE-Trade,2026-3-4,0.241188
CSCO,76076,QMLE-Trade,2026-3-5,0.253598
CSCO,76076,QMLE-Trade,2026-3-6,0.276398
CSCO,76076,QMLE-Trade,2026-3-10,0.263932
CSCO,76076,QMLE-Trade,2026-3-11,0.216416
CSCO,76076,QMLE-Trade,2026-3-12,0.227026
CSCO,76076,QMLE-Trade,2026-3-13,0.238007
CSCO,76076,QMLE-Trade,2026-3-16,0.197219
CSCO,76076,QMLE-Trade,2026-3-17,0.192952
CSCO,76076,QMLE-Trade,2026-3-18,0.244137
CSCO,76076,QMLE-Trade,2026-3-19,0.258062
CSCO,76076,QMLE-Trade,2026-3-20,0.330426
CSCO,76076,QMLE-Trade,2026-3-23,0.26689
CSCO,76076,QMLE-Trade,2026-3-24,0.251307
CSCO,76076,QMLE-Trade,2026-3-25,0.262354
CSCO,76076,QMLE-Trade,2026-3-26,0.255826
CSCO,76076,QMLE-Trade,2026-3-27,0.282966
CSCO,76076,QMLE-Trade,2026-3-30,0.258557
CSCO,76076,QMLE-Trade,2026-3-31,0.278241
CSCO,76076,QMLE-Trade,2026-4-1,0.225844
CSCO,76076,QMLE-Trade,2026-4-2,0.231811
CSCO,76076,QMLE-Trade,2026-4-6,0.186277
CSCO,76076,QMLE-Trade,2026-4-7,0.229333
CSCO,76076,QMLE-Trade,2026-4-8,0.218162
CSCO,76076,QMLE-Trade,2026-4-9,0.244071
CSCO,76076,QMLE-Trade,2026-4-10,0.268945
CSCO,76076,QMLE-Trade,2026-4-14,0.180574
CSCO,76076,QMLE-Trade,2026-4-15,0.210161
CSCO,76076,QMLE-Trade,2026-4-16,0.176105
CSCO,76076,QMLE-Trade,2026-4-17,0.187537
CSCO,76076,QMLE-Trade,2026-4-20,0.193043
CSCO,76076,QMLE-Trade,2026-4-21,0.227801
CSCO,76076,QMLE-Trade,2026-4-22,0.190895
CSCO,76076,QMLE-Trade,2026-4-23,0.219635
CSCO,76076,QMLE-Trade,2026-4-24,0.203175
CSCO,76076,QMLE-Trade,2026-4-27,0.19823
CSCO,76076,QMLE-Trade,2026-4-28,0.229893
CSCO,76076,QMLE-Trade,2026-4-29,0.218012
CSCO,76076,QMLE-Trade,2026-4-30,0.20266
CSCO,76076,QMLE-Trade,2026-5-1,0.201012
CSCO,76076,QMLE-Trade,2026-5-4,0.193567
CSCO,76076,QMLE-Trade,2026-5-5,0.189812
CSCO,76076,QMLE-Trade,2026-5-6,0.306365
CSCO,76076,QMLE-Trade,2026-5-7,0.241092
CSCO,76076,QMLE-Trade,2026-5-8,0.281581
CSCO,76076,QMLE-Trade,2026-5-11,0.286952
CSCO,76076,QMLE-Trade,2026-5-12,0.310045
CSCO,76076,QMLE-Trade,2026-5-13,0.291751
CSCO,76076,QMLE-Trade,2026-5-14,0.620189
CSCO,76076,QMLE-Trade,2026-5-15,0.455074
CSCO,76076,QMLE-Trade,2026-5-18,0.355494
CSCO,76076,QMLE-Trade,2026-5-19,0.306038
CSCO,76076,QMLE-Trade,2026-5-20,0.27429
CSCO,76076,QMLE-Trade,2026-5-21,0.291027
CSCO,76076,QMLE-Trade,2026-5-22,0.290002
CSCO,76076,QMLE-Trade,2026-5-26,0.334139
CSCO,76076,QMLE-Trade,2026-5-27,0.27362
CSCO,76076,QMLE-Trade,2026-5-28,0.21459
CSCO,76076,QMLE-Trade,2026-5-29,0.254325
CSCO,76076,QMLE-Trade,2026-6-1,0.287655
CSCO,76076,QMLE-Trade,2026-6-2,0.305415
CSCO,76076,QMLE-Trade,2026-6-3,0.321741
CSCO,76076,QMLE-Trade,2026-6-4,0.327446
CSCO,76076,QMLE-Trade,2026-6-5,0.385835
CSCO,76076,QMLE-Trade,2026-6-8,0.303568
CSCO,76076,QMLE-Trade,2026-6-9,0.405218
CSCO,76076,QMLE-Trade,2026-6-10,0.356842
CSCO,76076,QMLE-Trade,2026-6-11,0.393535
CSCO,76076,QMLE-Trade,2026-6-12,0.309289
CSCO,76076,QMLE-Trade,2026-6-16,0.258249
CSCO,76076,QMLE-Trade,2026-6-17,0.298629
CSCO,76076,QMLE-Trade,2026-6-18,0.321835
CSCO,76076,QMLE-Trade,2026-6-22,0.26094
CSCO,76076,QMLE-Trade,2026-6-23,0.279529
CSCO,76076,QMLE-Trade,2026-6-24,0.301182
CSCO,76076,QMLE-Trade,2026-6-25,0.34401
CSCO,76076,QMLE-Trade,2026-6-26,0.351982
CSCO,76076,QMLE-Trade,2026-6-29,0.289745
CSCO,76076,QMLE-Trade,2026-7-1,0.335888
CSCO,76076,QMLE-Trade,2026-7-2,0.306531
CSCO,76076,QMLE-Trade,2026-7-6,0.247832
CSCO,76076,QMLE-Trade,2026-7-7,0.273914
CSCO,76076,QMLE-Trade,2026-7-8,0.269481
CSCO,76076,QMLE-Trade,2026-7-9,0.240486
CSCO,76076,QMLE-Trade,2026-7-10,0.270513
CSCO,76076,QMLE-Trade,2026-7-13,0.31492
CSCO,76076,QMLE-Trade,2026-7-14,0.296831
CSCO,76076,QMLE-Trade,2026-7-15,0.332346
CSCO,76076,QMLE-Trade,2026-7-16,0.35465
CSCO,76076,QMLE-Trade,2026-7-17,0.335473
CSCO,76076,QMLE-Trade,2026-7-20,0.266985
CSCO,76076,QMLE-Trade,2026-7-21,0.237845
CSCO,76076,QMLE-Trade,2026-7-22,0.245236
CSCO,76076,QMLE-Trade,2026-7-23,0.265391
CSCO,76076,QMLE-Trade,2026-7-24,0.266504
CSCO,76076,QMLE-Trade,2026-7-27,0.308157
CSCO,76076,QMLE-Trade,2026-7-28,0.367066
CSCO,76076,QMLE-Quote,1996-1-2,0.358595
CSCO,76076,QMLE-Quote,1996-1-3,0.368833
CSCO,76076,QMLE-Quote,1996-1-4,0.666096
CSCO,76076,QMLE-Quote,1996-1-5,0.514945
CSCO,76076,QMLE-Quote,1996-1-8,0.187545
CSCO,76076,QMLE-Quote,1996-1-9,0.323755
CSCO,76076,QMLE-Quote,1996-1-10,0.805124
CSCO,76076,QMLE-Quote,1996-1-11,0.196593
CSCO,76076,QMLE-Quote,1996-1-12,0.440351
CSCO,76076,QMLE-Quote,1996-1-15,0.525385
CSCO,76076,QMLE-Quote,1996-1-16,0.797436
CSCO,76076,QMLE-Quote,1996-1-17,0.768883
CSCO,76076,QMLE-Quote,1996-1-18,0.420066
CSCO,76076,QMLE-Quote,1996-1-19,0.727456
CSCO,76076,QMLE-Quote,1996-1-22,0.553379
CSCO,76076,QMLE-Quote,1996-1-23,0.225411
CSCO,76076,QMLE-Quote,1996-1-24,0.238227
CSCO,76076,QMLE-Quote,1996-1-25,0.282565
CSCO,76076,QMLE-Quote,1996-1-26,0.402651
CSCO,76076,QMLE-Quote,1996-1-29,0.177759
CSCO,76076,QMLE-Quote,1996-1-30,0.179782
CSCO,76076,QMLE-Quote,1996-1-31,0.258898
CSCO,76076,QMLE-Quote,1996-2-1,0.228327
CSCO,76076,QMLE-Quote,1996-2-2,0.180595
CSCO,76076,QMLE-Quote,1996-2-5,0.186677
CSCO,76076,QMLE-Quote,1996-2-6,0.193436
CSCO,76076,QMLE-Quote,1996-2-7,0.324813
CSCO,76076,QMLE-Quote,1996-2-8,0.200587
CSCO,76076,QMLE-Quote,1996-2-9,0.370767
CSCO,76076,QMLE-Quote,1996-2-12,0.205004
CSCO,76076,QMLE-Quote,1996-2-13,0.325936
CSCO,76076,QMLE-Quote,1996-2-14,0.274793
CSCO,76076,QMLE-Quote,1996-2-15,0.244912
CSCO,76076,QMLE-Quote,1996-2-16,0.204474
CSCO,76076,QMLE-Quote,1996-2-20,0.370634
CSCO,76076,QMLE-Quote,1996-2-21,0.456881
CSCO,76076,QMLE-Quote,1996-2-22,0.229283
CSCO,76076,QMLE-Quote,1996-2-23,0.494798
CSCO,76076,QMLE-Quote,1996-2-26,0.363179
CSCO,76076,QMLE-Quote,1996-2-27,0.438889
CSCO,76076,QMLE-Quote,1996-2-28,0.332321
CSCO,76076,QMLE-Quote,1996-2-29,0.528726
CSCO,76076,QMLE-Quote,1996-3-1,0.888967
CSCO,76076,QMLE-Quote,1996-3-4,0.527313
CSCO,76076,QMLE-Quote,1996-3-5,0.441026
CSCO,76076,QMLE-Quote,1996-3-6,0.437132
CSCO,76076,QMLE-Quote,1996-3-7,0.526115
CSCO,76076,QMLE-Quote,1996-3-8,0.764282
CSCO,76076,QMLE-Quote,1996-3-11,0.53983
CSCO,76076,QMLE-Quote,1996-3-12,0.517877
CSCO,76076,QMLE-Quote,1996-3-13,0.293075
CSCO,76076,QMLE-Quote,1996-3-14,0.437395
CSCO,76076,QMLE-Quote,1996-3-15,0.430634
CSCO,76076,QMLE-Quote,1996-3-18,0.255403
CSCO,76076,QMLE-Quote,1996-3-19,0.371855
CSCO,76076,QMLE-Quote,1996-3-20,0.883145
CSCO,76076,QMLE-Quote,1996-3-21,0.405785
CSCO,76076,QMLE-Quote,1996-3-22,0.408352
CSCO,76076,QMLE-Quote,1996-3-25,0.388427
CSCO,76076,QMLE-Quote,1996-3-26,0.565661
CSCO,76076,QMLE-Quote,1996-3-27,0.384704
CSCO,76076,QMLE-Quote,1996-3-28,0.363908
CSCO,76076,QMLE-Quote,1996-3-29,0.364894
CSCO,76076,QMLE-Quote,1996-4-1,0.254689
CSCO,76076,QMLE-Quote,1996-4-2,0.0660498
CSCO,76076,QMLE-Quote,1996-4-3,0.367142
CSCO,76076,QMLE-Quote,1996-4-4,0.341117
CSCO,76076,QMLE-Quote,1996-4-8,0.45152
CSCO,76076,QMLE-Quote,1996-4-9,0.291285
CSCO,76076,QMLE-Quote,1996-4-10,0.575222
CSCO,76076,QMLE-Quote,1996-4-11,0.668404
CSCO,76076,QMLE-Quote,1996-4-12,0.41957
CSCO,76076,QMLE-Quote,1996-4-15,0.458759
CSCO,76076,QMLE-Quote,1996-4-16,0.320138
CSCO,76076,QMLE-Quote,1996-4-17,0.313273
CSCO,76076,QMLE-Quote,1996-4-18,0.35178
CSCO,76076,QMLE-Quote,1996-4-19,0.315962
CSCO,76076,QMLE-Quote,1996-4-22,0.291619
CSCO,76076,QMLE-Quote,1996-4-23,0.379481
CSCO,76076,QMLE-Quote,1996-4-24,0.536326
CSCO,76076,QMLE-Quote,1996-4-25,0.198304
CSCO,76076,QMLE-Quote,1996-4-26,0.252439
CSCO,76076,QMLE-Quote,1996-4-29,0.209185
CSCO,76076,QMLE-Quote,1996-4-30,0.125876
CSCO,76076,QMLE-Quote,1996-5-1,0.258154
CSCO,76076,QMLE-Quote,1996-5-2,0.282048
CSCO,76076,QMLE-Quote,1996-5-3,0.198301
CSCO,76076,QMLE-Quote,1996-5-6,0.292515
CSCO,76076,QMLE-Quote,1996-5-7,0.258329
CSCO,76076,QMLE-Quote,1996-5-8,0.294457
CSCO,76076,QMLE-Quote,1996-5-9,0.270949
CSCO,76076,QMLE-Quote,1996-5-10,0.211059
CSCO,76076,QMLE-Quote,1996-5-13,0.223105
CSCO,76076,QMLE-Quote,1996-5-14,0.356423
CSCO,76076,QMLE-Quote,1996-5-15,0.267646
CSCO,76076,QMLE-Quote,1996-5-16,0.214123
CSCO,76076,QMLE-Quote,1996-5-17,0.159111
CSCO,76076,QMLE-Quote,1996-5-20,0.0938187
CSCO,76076,QMLE-Quote,1996-5-21,0.178855
CSCO,76076,QMLE-Quote,1996-5-22,0.316621
CSCO,76076,QMLE-Quote,1996-5-23,0.226621
CSCO,76076,QMLE-Quote,1996-5-24,0.106247
CSCO,76076,QMLE-Quote,1996-5-28,0.255771
CSCO,76076,QMLE-Quote,1996-5-29,0.35422
CSCO,76076,QMLE-Quote,1996-5-30,0.000245873
CSCO,76076,QMLE-Quote,1996-5-31,0.00364277
CSCO,76076,QMLE-Quote,1996-6-3,0.323229
CSCO,76076,QMLE-Quote,1996-6-4,0.133256
CSCO,76076,QMLE-Quote,1996-6-5,0.220982
CSCO,76076,QMLE-Quote,1996-6-6,0.383992
CSCO,76076,QMLE-Quote,1996-6-7,0.274086
CSCO,76076,QMLE-Quote,1996-6-10,0.00876398
CSCO,76076,QMLE-Quote,1996-6-11,0.187574
CSCO,76076,QMLE-Quote,1996-6-12,0.288874
CSCO,76076,QMLE-Quote,1996-6-13,0.198669
CSCO,76076,QMLE-Quote,1996-6-14,0.279261
CSCO,76076,QMLE-Quote,1996-6-17,0.13184
CSCO,76076,QMLE-Quote,1996-6-18,0.379937
CSCO,76076,QMLE-Quote,1996-6-19,0.317858
CSCO,76076,QMLE-Quote,1996-6-20,0.655018
CSCO,76076,QMLE-Quote,1996-6-21,0.341197
CSCO,76076,QMLE-Quote,1996-6-24,0.166326
CSCO,76076,QMLE-Quote,1996-6-25,0.304891
CSCO,76076,QMLE-Quote,1996-6-26,0.463319
CSCO,76076,QMLE-Quote,1996-6-27,0.29293
CSCO,76076,QMLE-Quote,1996-6-28,0.257173
CSCO,76076,QMLE-Quote,1996-7-1,0.545859
CSCO,76076,QMLE-Quote,1996-7-2,0.215476
CSCO,76076,QMLE-Quote,1996-7-3,0.208781
CSCO,76076,QMLE-Quote,1996-7-5,0.379603
CSCO,76076,QMLE-Quote,1996-7-8,0.314691
CSCO,76076,QMLE-Quote,1996-7-9,0.227688
CSCO,76076,QMLE-Quote,1996-7-10,0.361125
CSCO,76076,QMLE-Quote,1996-7-11,0.562427
CSCO,76076,QMLE-Quote,1996-7-12,0.520916
CSCO,76076,QMLE-Quote,1996-7-15,0.522347
CSCO,76076,QMLE-Quote,1996-7-16,0.9526
CSCO,76076,QMLE-Quote,1996-7-17,0.695763
CSCO,76076,QMLE-Quote,1996-7-18,0.477526
CSCO,76076,QMLE-Quote,1996-7-19,0.366733
CSCO,76076,QMLE-Quote,1996-7-22,0.392545
CSCO,76076,QMLE-Quote,1996-7-23,0.662553
CSCO,76076,QMLE-Quote,1996-7-24,0.869412
CSCO,76076,QMLE-Quote,1996-7-25,0.300879
CSCO,76076,QMLE-Quote,1996-7-26,0.390602
CSCO,76076,QMLE-Quote,1996-7-29,0.395505
CSCO,76076,QMLE-Quote,1996-7-30,0.223634
CSCO,76076,QMLE-Quote,1996-7-31,0.308274
CSCO,76076,QMLE-Quote,1996-8-1,0.420634
CSCO,76076,QMLE-Quote,1996-8-2,0.399297
CSCO,76076,QMLE-Quote,1996-8-5,0.306637
CSCO,76076,QMLE-Quote,1996-8-6,0.346915
CSCO,76076,QMLE-Quote,1996-8-7,0.282224
CSCO,76076,QMLE-Quote,1996-8-8,0.358725
CSCO,76076,QMLE-Quote,1996-8-9,0.434367
CSCO,76076,QMLE-Quote,1996-8-12,0.250913
CSCO,76076,QMLE-Quote,1996-8-13,0.311872
CSCO,76076,QMLE-Quote,1996-8-14,0.245356
CSCO,76076,QMLE-Quote,1996-8-15,0.242205
CSCO,76076,QMLE-Quote,1996-8-16,0.43658
CSCO,76076,QMLE-Quote,1996-8-19,0.295673
CSCO,76076,QMLE-Quote,1996-8-20,0.223338
CSCO,76076,QMLE-Quote,1996-8-21,0.33615
CSCO,76076,QMLE-Quote,1996-8-22,0.197229
CSCO,76076,QMLE-Quote,1996-8-23,0.305877
CSCO,76076,QMLE-Quote,1996-8-26,0.268941
CSCO,76076,QMLE-Quote,1996-8-27,0.235572
CSCO,76076,QMLE-Quote,1996-8-28,0.224975
CSCO,76076,QMLE-Quote,1996-8-29,0.285075
CSCO,76076,QMLE-Quote,1996-8-30,0.292354
CSCO,76076,QMLE-Quote,1996-9-3,0.41539
CSCO,76076,QMLE-Quote,1996-9-4,0.0015896
CSCO,76076,QMLE-Quote,1996-9-5,0.33253
CSCO,76076,QMLE-Quote,1996-9-6,0.437109
CSCO,76076,QMLE-Quote,1996-9-9,0.133758
CSCO,76076,QMLE-Quote,1996-9-10,0.376453
CSCO,76076,QMLE-Quote,1996-9-11,0.227879
CSCO,76076,QMLE-Quote,1996-9-12,0.518593
CSCO,76076,QMLE-Quote,1996-9-13,0.180809
CSCO,76076,QMLE-Quote,1996-9-16,0.334466
CSCO,76076,QMLE-Quote,1996-9-17,0.466293
CSCO,76076,QMLE-Quote,1996-9-18,0.200807
CSCO,76076,QMLE-Quote,1996-9-19,0.1592
CSCO,76076,QMLE-Quote,1996-9-20,0.284234
CSCO,76076,QMLE-Quote,1996-9-23,0.190425
CSCO,76076,QMLE-Quote,1996-9-24,0.243317
CSCO,76076,QMLE-Quote,1996-9-25,0.313027
CSCO,76076,QMLE-Quote,1996-9-26,0.296962
CSCO,76076,QMLE-Quote,1996-9-27,0.206522
CSCO,76076,QMLE-Quote,1996-9-30,0.310253
CSCO,76076,QMLE-Quote,1996-10-1,0.425949
CSCO,76076,QMLE-Quote,1996-10-2,0.465995
CSCO,76076,QMLE-Quote,1996-10-3,0.274838
CSCO,76076,QMLE-Quote,1996-10-4,0.215104
CSCO,76076,QMLE-Quote,1996-10-7,0.144636
CSCO,76076,QMLE-Quote,1996-10-8,0.355565
CSCO,76076,QMLE-Quote,1996-10-9,0.246991
CSCO,76076,QMLE-Quote,1996-10-10,0.183881
CSCO,76076,QMLE-Quote,1996-10-11,0.196379
CSCO,76076,QMLE-Quote,1996-10-14,0.109121
CSCO,76076,QMLE-Quote,1996-10-15,0.23095
CSCO,76076,QMLE-Quote,1996-10-16,0.137366
CSCO,76076,QMLE-Quote,1996-10-17,0.161331
CSCO,76076,QMLE-Quote,1996-10-18,0.188177
CSCO,76076,QMLE-Quote,1996-10-21,0.523815
CSCO,76076,QMLE-Quote,1996-10-22,0.250077
CSCO,76076,QMLE-Quote,1996-10-23,0.57245
CSCO,76076,QMLE-Quote,1996-10-24,0.393582
CSCO,76076,QMLE-Quote,1996-10-25,0.241952
CSCO,76076,QMLE-Quote,1996-10-28,0.281242
CSCO,76076,QMLE-Quote,1996-10-29,0.300884
CSCO,76076,QMLE-Quote,1996-10-30,0.208477
CSCO,76076,QMLE-Quote,1996-10-31,0.328038
CSCO,76076,QMLE-Quote,1996-11-1,0.424779
CSCO,76076,QMLE-Quote,1996-11-4,0.303093
CSCO,76076,QMLE-Quote,1996-11-5,0.287033
CSCO,76076,QMLE-Quote,1996-11-6,0.411693
CSCO,76076,QMLE-Quote,1996-11-7,0.433194
CSCO,76076,QMLE-Quote,1996-11-8,0.322571
CSCO,76076,QMLE-Quote,1996-11-11,0.2239
CSCO,76076,QMLE-Quote,1996-11-12,0.264454
CSCO,76076,QMLE-Quote,1996-11-13,0.326762
CSCO,76076,QMLE-Quote,1996-11-14,0.240587
CSCO,76076,QMLE-Quote,1996-11-15,0.348148
CSCO,76076,QMLE-Quote,1996-11-18,0.322919
CSCO,76076,QMLE-Quote,1996-11-19,0.287011
CSCO,76076,QMLE-Quote,1996-11-20,0.294225
CSCO,76076,QMLE-Quote,1996-11-21,0.259748
CSCO,76076,QMLE-Quote,1996-11-22,0.362605
CSCO,76076,QMLE-Quote,1996-11-25,0.253672
CSCO,76076,QMLE-Quote,1996-11-26,0.57938
CSCO,76076,QMLE-Quote,1996-11-27,0.339229
CSCO,76076,QMLE-Quote,1996-11-29,0.0711992
CSCO,76076,QMLE-Quote,1996-12-2,0.287261
CSCO,76076,QMLE-Quote,1996-12-3,0.319495
CSCO,76076,QMLE-Quote,1996-12-4,0.362306
CSCO,76076,QMLE-Quote,1996-12-5,0.353667
CSCO,76076,QMLE-Quote,1996-12-6,0.464034
CSCO,76076,QMLE-Quote,1996-12-9,0.216492
CSCO,76076,QMLE-Quote,1996-12-10,0.148122
CSCO,76076,QMLE-Quote,1996-12-11,0.616829
CSCO,76076,QMLE-Quote,1996-12-12,0.325692
CSCO,76076,QMLE-Quote,1996-12-13,0.338297
CSCO,76076,QMLE-Quote,1996-12-16,0.283233
CSCO,76076,QMLE-Quote,1996-12-17,0.253583
CSCO,76076,QMLE-Quote,1996-12-18,0.248605
CSCO,76076,QMLE-Quote,1996-12-19,0.264588
CSCO,76076,QMLE-Quote,1996-12-20,0.203267
CSCO,76076,QMLE-Quote,1996-12-23,0.1614
CSCO,76076,QMLE-Quote,1996-12-24,0.35541
CSCO,76076,QMLE-Quote,1996-12-26,0.200867
CSCO,76076,QMLE-Quote,1996-12-27,0.24757
CSCO,76076,QMLE-Quote,1996-12-30,0.22238
CSCO,76076,QMLE-Quote,1996-12-31,0.149583
CSCO,76076,QMLE-Quote,1997-1-2,0.340083
CSCO,76076,QMLE-Quote,1997-1-3,0.243192
CSCO,76076,QMLE-Quote,1997-1-6,0.183114
CSCO,76076,QMLE-Quote,1997-1-7,0.233487
CSCO,76076,QMLE-Quote,1997-1-8,0.274757
CSCO,76076,QMLE-Quote,1997-1-9,0.143643
CSCO,76076,QMLE-Quote,1997-1-10,0.349224
CSCO,76076,QMLE-Quote,1997-1-13,0.162716
CSCO,76076,QMLE-Quote,1997-1-14,0.221895
CSCO,76076,QMLE-Quote,1997-1-15,0.387525
CSCO,76076,QMLE-Quote,1997-1-16,0.145398
CSCO,76076,QMLE-Quote,1997-1-17,0.259609
CSCO,76076,QMLE-Quote,1997-1-20,0.192675
CSCO,76076,QMLE-Quote,1997-1-21,0.212112
CSCO,76076,QMLE-Quote,1997-1-22,0.166103
CSCO,76076,QMLE-Quote,1997-1-23,0.302085
CSCO,76076,QMLE-Quote,1997-1-24,0.372958
CSCO,76076,QMLE-Quote,1997-1-27,0.223948
CSCO,76076,QMLE-Quote,1997-1-28,0.292371
CSCO,76076,QMLE-Quote,1997-1-29,0.36971
CSCO,76076,QMLE-Quote,1997-1-30,0.226107
CSCO,76076,QMLE-Quote,1997-1-31,0.31808
CSCO,76076,QMLE-Quote,1997-2-3,0.362198
CSCO,76076,QMLE-Quote,1997-2-4,0.482538
CSCO,76076,QMLE-Quote,1997-2-5,0.453826
CSCO,76076,QMLE-Quote,1997-2-6,0.375683
CSCO,76076,QMLE-Quote,1997-2-7,0.468291
CSCO,76076,QMLE-Quote,1997-2-10,0.487271
CSCO,76076,QMLE-Quote,1997-2-11,0.456102
CSCO,76076,QMLE-Quote,1997-2-12,0.280667
CSCO,76076,QMLE-Quote,1997-2-13,0.350639
CSCO,76076,QMLE-Quote,1997-2-14,0.393762
CSCO,76076,QMLE-Quote,1997-2-18,0.222678
CSCO,76076,QMLE-Quote,1997-2-19,0.232178
CSCO,76076,QMLE-Quote,1997-2-20,0.310112
CSCO,76076,QMLE-Quote,1997-2-21,0.529167
CSCO,76076,QMLE-Quote,1997-2-24,0.425132
CSCO,76076,QMLE-Quote,1997-2-25,0.701089
CSCO,76076,QMLE-Quote,1997-2-26,0.417235
CSCO,76076,QMLE-Quote,1997-2-27,0.474979
CSCO,76076,QMLE-Quote,1997-2-28,0.700899
CSCO,76076,QMLE-Quote,1997-3-3,0.292188
CSCO,76076,QMLE-Quote,1997-3-4,0.319738
CSCO,76076,QMLE-Quote,1997-3-5,0.250844
CSCO,76076,QMLE-Quote,1997-3-6,0.447106
CSCO,76076,QMLE-Quote,1997-3-7,0.673584
CSCO,76076,QMLE-Quote,1997-3-10,0.605432
CSCO,76076,QMLE-Quote,1997-3-11,0.562599
CSCO,76076,QMLE-Quote,1997-3-12,0.501939
CSCO,76076,QMLE-Quote,1997-3-13,0.483311
CSCO,76076,QMLE-Quote,1997-3-14,0.461878
CSCO,76076,QMLE-Quote,1997-3-17,0.608011
CSCO,76076,QMLE-Quote,1997-3-18,0.428966
CSCO,76076,QMLE-Quote,1997-3-19,0.603248
CSCO,76076,QMLE-Quote,1997-3-20,0.435873
CSCO,76076,QMLE-Quote,1997-3-21,0.587816
CSCO,76076,QMLE-Quote,1997-3-24,0.530094
CSCO,76076,QMLE-Quote,1997-3-25,0.439142
CSCO,76076,QMLE-Quote,1997-3-26,0.51404
CSCO,76076,QMLE-Quote,1997-3-27,0.672083
CSCO,76076,QMLE-Quote,1997-3-31,0.661444
CSCO,76076,QMLE-Quote,1997-4-1,0.668133
CSCO,76076,QMLE-Quote,1997-4-2,0.352651
CSCO,76076,QMLE-Quote,1997-4-3,0.613239
CSCO,76076,QMLE-Quote,1997-4-4,0.521526
CSCO,76076,QMLE-Quote,1997-4-7,0.299232
CSCO,76076,QMLE-Quote,1997-4-8,0.456574
CSCO,76076,QMLE-Quote,1997-4-9,0.254939
CSCO,76076,QMLE-Quote,1997-4-10,0.504567
CSCO,76076,QMLE-Quote,1997-4-11,0.440968
CSCO,76076,QMLE-Quote,1997-4-14,0.473725
CSCO,76076,QMLE-Quote,1997-4-15,0.578251
CSCO,76076,QMLE-Quote,1997-4-16,0.425271
CSCO,76076,QMLE-Quote,1997-4-17,0.42845
CSCO,76076,QMLE-Quote,1997-4-18,0.483976
CSCO,76076,QMLE-Quote,1997-4-21,0.403642
CSCO,76076,QMLE-Quote,1997-4-22,0.633165
CSCO,76076,QMLE-Quote,1997-4-23,0.458087
CSCO,76076,QMLE-Quote,1997-4-24,0.490055
CSCO,76076,QMLE-Quote,1997-4-25,0.366718
CSCO,76076,QMLE-Quote,1997-4-28,0.382873
CSCO,76076,QMLE-Quote,1997-4-29,0.322847
CSCO,76076,QMLE-Quote,1997-4-30,0.583618
CSCO,76076,QMLE-Quote,1997-5-1,0.36448
CSCO,76076,QMLE-Quote,1997-5-2,0.442788
CSCO,76076,QMLE-Quote,1997-5-5,0.47662
CSCO,76076,QMLE-Quote,1997-5-6,0.593532
CSCO,76076,QMLE-Quote,1997-5-7,0.557883
CSCO,76076,QMLE-Quote,1997-5-8,0.424691
CSCO,76076,QMLE-Quote,1997-5-9,0.395263
CSCO,76076,QMLE-Quote,1997-5-12,0.234907
CSCO,76076,QMLE-Quote,1997-5-13,0.347013
CSCO,76076,QMLE-Quote,1997-5-14,0.398523
CSCO,76076,QMLE-Quote,1997-5-15,0.297046
CSCO,76076,QMLE-Quote,1997-5-16,0.0213433
CSCO,76076,QMLE-Quote,1997-5-19,0.259769
CSCO,76076,QMLE-Quote,1997-5-20,0.311615
CSCO,76076,QMLE-Quote,1997-5-21,0.352149
CSCO,76076,QMLE-Quote,1997-5-22,0.346339
CSCO,76076,QMLE-Quote,1997-5-23,0.189174
CSCO,76076,QMLE-Quote,1997-5-27,0.354004
CSCO,76076,QMLE-Quote,1997-5-28,0.30683
CSCO,76076,QMLE-Quote,1997-5-29,0.346015
CSCO,76076,QMLE-Quote,1997-5-30,0.593539
CSCO,76076,QMLE-Quote,1997-6-2,0.380003
CSCO,76076,QMLE-Quote,1997-6-3,0.370598
CSCO,76076,QMLE-Quote,1997-6-4,0.530627
CSCO,76076,QMLE-Quote,1997-6-5,0.237681
CSCO,76076,QMLE-Quote,1997-6-6,0.356474
CSCO,76076,QMLE-Quote,1997-6-9,0.2785
CSCO,76076,QMLE-Quote,1997-6-10,0.340873
CSCO,76076,QMLE-Quote,1997-6-11,0.412696
CSCO,76076,QMLE-Quote,1997-6-12,0.323427
CSCO,76076,QMLE-Quote,1997-6-13,0.352564
CSCO,76076,QMLE-Quote,1997-6-16,0.321139
CSCO,76076,QMLE-Quote,1997-6-17,0.2818
CSCO,76076,QMLE-Quote,1997-6-18,0.351844
CSCO,76076,QMLE-Quote,1997-6-19,0.240473
CSCO,76076,QMLE-Quote,1997-6-20,0.252307
CSCO,76076,QMLE-Quote,1997-6-23,0.270754
CSCO,76076,QMLE-Quote,1997-6-24,0.307921
CSCO,76076,QMLE-Quote,1997-6-25,0.397997
CSCO,76076,QMLE-Quote,1997-6-26,0.407756
CSCO,76076,QMLE-Quote,1997-6-27,0.287488
CSCO,76076,QMLE-Quote,1997-6-30,0.352093
CSCO,76076,QMLE-Quote,1997-7-1,0.290358
CSCO,76076,QMLE-Quote,1997-7-2,0.304131
CSCO,76076,QMLE-Quote,1997-7-3,0.176608
CSCO,76076,QMLE-Quote,1997-7-7,0.226804
CSCO,76076,QMLE-Quote,1997-7-8,0.248393
CSCO,76076,QMLE-Quote,1997-7-9,0.280615
CSCO,76076,QMLE-Quote,1997-7-10,0.284589
CSCO,76076,QMLE-Quote,1997-7-11,0.251914
CSCO,76076,QMLE-Quote,1997-7-14,0.234019
CSCO,76076,QMLE-Quote,1997-7-15,0.243213
CSCO,76076,QMLE-Quote,1997-7-16,0.201768
CSCO,76076,QMLE-Quote,1997-7-17,0.288095
CSCO,76076,QMLE-Quote,1997-7-18,0.394455
CSCO,76076,QMLE-Quote,1997-7-21,0.32544
CSCO,76076,QMLE-Quote,1997-7-22,0.252064
CSCO,76076,QMLE-Quote,1997-7-23,0.206179
CSCO,76076,QMLE-Quote,1997-7-24,0.288571
CSCO,76076,QMLE-Quote,1997-7-25,0.207598
CSCO,76076,QMLE-Quote,1997-7-28,0.254158
CSCO,76076,QMLE-Quote,1997-7-29,0.32718
CSCO,76076,QMLE-Quote,1997-7-30,0.297265
CSCO,76076,QMLE-Quote,1997-7-31,0.247133
CSCO,76076,QMLE-Quote,1997-8-1,0.2488
CSCO,76076,QMLE-Quote,1997-8-4,0.214876
CSCO,76076,QMLE-Quote,1997-8-5,0.233146
CSCO,76076,QMLE-Quote,1997-8-6,0.223464
CSCO,76076,QMLE-Quote,1997-8-7,0.255938
CSCO,76076,QMLE-Quote,1997-8-8,0.349641
CSCO,76076,QMLE-Quote,1997-8-11,0.310245
CSCO,76076,QMLE-Quote,1997-8-12,0.263249
CSCO,76076,QMLE-Quote,1997-8-13,0.257969
CSCO,76076,QMLE-Quote,1997-8-14,0.275266
CSCO,76076,QMLE-Quote,1997-8-15,0.306754
CSCO,76076,QMLE-Quote,1997-8-18,0.387754
CSCO,76076,QMLE-Quote,1997-8-19,0.285031
CSCO,76076,QMLE-Quote,1997-8-20,0.292019
CSCO,76076,QMLE-Quote,1997-8-21,0.362925
CSCO,76076,QMLE-Quote,1997-8-22,0.451375
CSCO,76076,QMLE-Quote,1997-8-25,0.277882
CSCO,76076,QMLE-Quote,1997-8-26,0.232851
CSCO,76076,QMLE-Quote,1997-8-27,0.277928
CSCO,76076,QMLE-Quote,1997-8-28,0.455025
CSCO,76076,QMLE-Quote,1997-8-29,0.330705
CSCO,76076,QMLE-Quote,1997-9-2,0.250227
CSCO,76076,QMLE-Quote,1997-9-3,0.236939
CSCO,76076,QMLE-Quote,1997-9-4,0.202032
CSCO,76076,QMLE-Quote,1997-9-5,0.208298
CSCO,76076,QMLE-Quote,1997-9-8,0.247317
CSCO,76076,QMLE-Quote,1997-9-9,0.272726
CSCO,76076,QMLE-Quote,1997-9-10,0.303327
CSCO,76076,QMLE-Quote,1997-9-11,0.34949
CSCO,76076,QMLE-Quote,1997-9-12,0.305129
CSCO,76076,QMLE-Quote,1997-9-15,0.309911
CSCO,76076,QMLE-Quote,1997-9-16,0.33504
CSCO,76076,QMLE-Quote,1997-9-17,0.30247
CSCO,76076,QMLE-Quote,1997-9-18,0.179313
CSCO,76076,QMLE-Quote,1997-9-19,0.182103
CSCO,76076,QMLE-Quote,1997-9-22,0.266843
CSCO,76076,QMLE-Quote,1997-9-23,0.19119
CSCO,76076,QMLE-Quote,1997-9-24,0.310097
CSCO,76076,QMLE-Quote,1997-9-25,0.265892
CSCO,76076,QMLE-Quote,1997-9-26,0.28486
CSCO,76076,QMLE-Quote,1997-9-29,0.262035
CSCO,76076,QMLE-Quote,1997-9-30,0.239133
CSCO,76076,QMLE-Quote,1997-10-1,0.255142
CSCO,76076,QMLE-Quote,1997-10-2,0.317451
CSCO,76076,QMLE-Quote,1997-10-3,0.137774
CSCO,76076,QMLE-Quote,1997-10-6,0.172654
CSCO,76076,QMLE-Quote,1997-10-7,0.213577
CSCO,76076,QMLE-Quote,1997-10-8,0.253564
CSCO,76076,QMLE-Quote,1997-10-9,0.239348
CSCO,76076,QMLE-Quote,1997-10-10,0.170346
CSCO,76076,QMLE-Quote,1997-10-13,0.15979
CSCO,76076,QMLE-Quote,1997-10-14,0.215761
CSCO,76076,QMLE-Quote,1997-10-15,0.325545
CSCO,76076,QMLE-Quote,1997-10-16,0.342544
CSCO,76076,QMLE-Quote,1997-10-17,0.376904
CSCO,76076,QMLE-Quote,1997-10-20,0.282704
CSCO,76076,QMLE-Quote,1997-10-21,0.268944
CSCO,76076,QMLE-Quote,1997-10-22,0.285762
CSCO,76076,QMLE-Quote,1997-10-23,0.416806
CSCO,76076,QMLE-Quote,1997-10-24,0.387621
CSCO,76076,QMLE-Quote,1997-10-27,0.53818
CSCO,76076,QMLE-Quote,1997-10-28,0.718499
CSCO,76076,QMLE-Quote,1997-10-29,0.478114
CSCO,76076,QMLE-Quote,1997-10-30,0.480811
CSCO,76076,QMLE-Quote,1997-10-31,0.372054
CSCO,76076,QMLE-Quote,1997-11-3,0.22225
CSCO,76076,QMLE-Quote,1997-11-4,0.389777
CSCO,76076,QMLE-Quote,1997-11-5,0.290807
CSCO,76076,QMLE-Quote,1997-11-6,0.180513
CSCO,76076,QMLE-Quote,1997-11-7,0.448798
CSCO,76076,QMLE-Quote,1997-11-10,0.337048
CSCO,76076,QMLE-Quote,1997-11-11,0.244627
CSCO,76076,QMLE-Quote,1997-11-12,0.351205
CSCO,76076,QMLE-Quote,1997-11-13,0.420919
CSCO,76076,QMLE-Quote,1997-11-14,0.286795
CSCO,76076,QMLE-Quote,1997-11-17,0.249172
CSCO,76076,QMLE-Quote,1997-11-18,0.246602
CSCO,76076,QMLE-Quote,1997-11-19,0.234598
CSCO,76076,QMLE-Quote,1997-11-20,0.204723
CSCO,76076,QMLE-Quote,1997-11-21,0.189399
CSCO,76076,QMLE-Quote,1997-11-24,0.229553
CSCO,76076,QMLE-Quote,1997-11-25,0.250028
CSCO,76076,QMLE-Quote,1997-11-26,0.0499423
CSCO,76076,QMLE-Quote,1997-11-28,0.225826
CSCO,76076,QMLE-Quote,1997-12-1,0.231141
CSCO,76076,QMLE-Quote,1997-12-2,0.317094
CSCO,76076,QMLE-Quote,1997-12-3,0.328699
CSCO,76076,QMLE-Quote,1997-12-4,0.348517
CSCO,76076,QMLE-Quote,1997-12-5,0.329049
CSCO,76076,QMLE-Quote,1997-12-8,0.228732
CSCO,76076,QMLE-Quote,1997-12-9,0.341428
CSCO,76076,QMLE-Quote,1997-12-10,0.368273
CSCO,76076,QMLE-Quote,1997-12-11,0.444718
CSCO,76076,QMLE-Quote,1997-12-12,0.626886
CSCO,76076,QMLE-Quote,1997-12-15,0.61582
CSCO,76076,QMLE-Quote,1997-12-16,0.403551
CSCO,76076,QMLE-Quote,1997-12-17,0.391208
CSCO,76076,QMLE-Quote,1997-12-18,0.584665
CSCO,76076,QMLE-Quote,1997-12-19,0.676539
CSCO,76076,QMLE-Quote,1997-12-22,0.415825
CSCO,76076,QMLE-Quote,1997-12-23,0.554065
CSCO,76076,QMLE-Quote,1997-12-24,0.594323
CSCO,76076,QMLE-Quote,1997-12-26,0.48544
CSCO,76076,QMLE-Quote,1997-12-29,0.350682
CSCO,76076,QMLE-Quote,1997-12-30,0.245633
CSCO,76076,QMLE-Quote,1997-12-31,0.387219
CSCO,76076,QMLE-Quote,1998-1-2,0.351659
CSCO,76076,QMLE-Quote,1998-1-5,0.550506
CSCO,76076,QMLE-Quote,1998-1-6,0.437003
CSCO,76076,QMLE-Quote,1998-1-7,0.395463
CSCO,76076,QMLE-Quote,1998-1-8,0.507744
CSCO,76076,QMLE-Quote,1998-1-9,0.596993
CSCO,76076,QMLE-Quote,1998-1-12,0.515713
CSCO,76076,QMLE-Quote,1998-1-13,0.379011
CSCO,76076,QMLE-Quote,1998-1-14,0.257811
CSCO,76076,QMLE-Quote,1998-1-15,0.249338
CSCO,76076,QMLE-Quote,1998-1-16,0.18765
CSCO,76076,QMLE-Quote,1998-1-20,0.206877
CSCO,76076,QMLE-Quote,1998-1-21,0.267479
CSCO,76076,QMLE-Quote,1998-1-22,0.337582
CSCO,76076,QMLE-Quote,1998-1-23,0.339662
CSCO,76076,QMLE-Quote,1998-1-26,0.299508
CSCO,76076,QMLE-Quote,1998-1-27,0.354227
CSCO,76076,QMLE-Quote,1998-1-28,0.341336
CSCO,76076,QMLE-Quote,1998-1-29,0.326485
CSCO,76076,QMLE-Quote,1998-1-30,0.276504
CSCO,76076,QMLE-Quote,1998-2-2,0.266368
CSCO,76076,QMLE-Quote,1998-2-3,0.429875
CSCO,76076,QMLE-Quote,1998-2-4,0.326212
CSCO,76076,QMLE-Quote,1998-2-5,0.311864
CSCO,76076,QMLE-Quote,1998-2-6,0.311022
CSCO,76076,QMLE-Quote,1998-2-9,0.346081
CSCO,76076,QMLE-Quote,1998-2-10,0.274294
CSCO,76076,QMLE-Quote,1998-2-11,0.24212
CSCO,76076,QMLE-Quote,1998-2-12,0.3431
CSCO,76076,QMLE-Quote,1998-2-13,0.264166
CSCO,76076,QMLE-Quote,1998-2-17,0.190603
CSCO,76076,QMLE-Quote,1998-2-18,0.201521
CSCO,76076,QMLE-Quote,1998-2-19,0.204277
CSCO,76076,QMLE-Quote,1998-2-20,0.209871
CSCO,76076,QMLE-Quote,1998-2-23,0.192644
CSCO,76076,QMLE-Quote,1998-2-24,0.35859
CSCO,76076,QMLE-Quote,1998-2-25,0.314168
CSCO,76076,QMLE-Quote,1998-2-26,0.198964
CSCO,76076,QMLE-Quote,1998-2-27,0.274734
CSCO,76076,QMLE-Quote,1998-3-2,0.310929
CSCO,76076,QMLE-Quote,1998-3-3,0.279418
CSCO,76076,QMLE-Quote,1998-3-4,0.279381
CSCO,76076,QMLE-Quote,1998-3-5,0.357213
CSCO,76076,QMLE-Quote,1998-3-6,0.347521
CSCO,76076,QMLE-Quote,1998-3-9,0.358436
CSCO,76076,QMLE-Quote,1998-3-10,0.332561
CSCO,76076,QMLE-Quote,1998-3-11,0.36847
CSCO,76076,QMLE-Quote,1998-3-12,0.213983
CSCO,76076,QMLE-Quote,1998-3-13,0.173219
CSCO,76076,QMLE-Quote,1998-3-16,0.193593
CSCO,76076,QMLE-Quote,1998-3-17,0.263295
CSCO,76076,QMLE-Quote,1998-3-18,0.220451
CSCO,76076,QMLE-Quote,1998-3-19,0.220927
CSCO,76076,QMLE-Quote,1998-3-20,0.184353
CSCO,76076,QMLE-Quote,1998-3-23,0.180356
CSCO,76076,QMLE-Quote,1998-3-24,0.196235
CSCO,76076,QMLE-Quote,1998-3-25,0.189521
CSCO,76076,QMLE-Quote,1998-3-26,0.213982
CSCO,76076,QMLE-Quote,1998-3-27,0.193635
CSCO,76076,QMLE-Quote,1998-3-30,0.256484
CSCO,76076,QMLE-Quote,1998-3-31,0.217622
CSCO,76076,QMLE-Quote,1998-4-1,0.190161
CSCO,76076,QMLE-Quote,1998-4-2,0.180588
CSCO,76076,QMLE-Quote,1998-4-3,0.235925
CSCO,76076,QMLE-Quote,1998-4-6,0.270839
CSCO,76076,QMLE-Quote,1998-4-7,0.202985
CSCO,76076,QMLE-Quote,1998-4-8,0.263893
CSCO,76076,QMLE-Quote,1998-4-9,0.302518
CSCO,76076,QMLE-Quote,1998-4-13,0.192118
CSCO,76076,QMLE-Quote,1998-4-14,0.226204
CSCO,76076,QMLE-Quote,1998-4-15,0.306415
CSCO,76076,QMLE-Quote,1998-4-16,0.238393
CSCO,76076,QMLE-Quote,1998-4-17,0.187869
CSCO,76076,QMLE-Quote,1998-4-20,0.230592
CSCO,76076,QMLE-Quote,1998-4-21,0.267629
CSCO,76076,QMLE-Quote,1998-4-22,0.172514
CSCO,76076,QMLE-Quote,1998-4-23,0.230497
CSCO,76076,QMLE-Quote,1998-4-24,0.340496
CSCO,76076,QMLE-Quote,1998-4-27,0.291605
CSCO,76076,QMLE-Quote,1998-4-28,0.301384
CSCO,76076,QMLE-Quote,1998-4-29,0.254093
CSCO,76076,QMLE-Quote,1998-4-30,0.250518
CSCO,76076,QMLE-Quote,1998-5-1,0.239866
CSCO,76076,QMLE-Quote,1998-5-4,0.214765
CSCO,76076,QMLE-Quote,1998-5-5,0.302966
CSCO,76076,QMLE-Quote,1998-5-6,0.259697
CSCO,76076,QMLE-Quote,1998-5-7,0.189965
CSCO,76076,QMLE-Quote,1998-5-8,0.193321
CSCO,76076,QMLE-Quote,1998-5-11,0.197154
CSCO,76076,QMLE-Quote,1998-5-12,0.251471
CSCO,76076,QMLE-Quote,1998-5-13,0.197159
CSCO,76076,QMLE-Quote,1998-5-14,0.221883
CSCO,76076,QMLE-Quote,1998-5-15,0.146184
CSCO,76076,QMLE-Quote,1998-5-18,0.205766
CSCO,76076,QMLE-Quote,1998-5-19,0.286921
CSCO,76076,QMLE-Quote,1998-5-20,0.287248
CSCO,76076,QMLE-Quote,1998-5-21,0.258459
CSCO,76076,QMLE-Quote,1998-5-22,0.300432
CSCO,76076,QMLE-Quote,1998-5-26,0.261424
CSCO,76076,QMLE-Quote,1998-5-27,0.310436
CSCO,76076,QMLE-Quote,1998-5-28,0.285461
CSCO,76076,QMLE-Quote,1998-5-29,0.261678
CSCO,76076,QMLE-Quote,1998-6-1,0.332664
CSCO,76076,QMLE-Quote,1998-6-2,0.276656
CSCO,76076,QMLE-Quote,1998-6-3,0.25528
CSCO,76076,QMLE-Quote,1998-6-4,0.237938
CSCO,76076,QMLE-Quote,1998-6-5,0.34831
CSCO,76076,QMLE-Quote,1998-6-8,0.254793
CSCO,76076,QMLE-Quote,1998-6-9,0.288342
CSCO,76076,QMLE-Quote,1998-6-10,0.299794
CSCO,76076,QMLE-Quote,1998-6-11,0.294203
CSCO,76076,QMLE-Quote,1998-6-12,0.31658
CSCO,76076,QMLE-Quote,1998-6-15,0.297659
CSCO,76076,QMLE-Quote,1998-6-16,0.258025
CSCO,76076,QMLE-Quote,1998-6-17,0.218655
CSCO,76076,QMLE-Quote,1998-6-18,0.269835
CSCO,76076,QMLE-Quote,1998-6-19,0.190656
CSCO,76076,QMLE-Quote,1998-6-22,0.216169
CSCO,76076,QMLE-Quote,1998-6-23,0.211859
CSCO,76076,QMLE-Quote,1998-6-24,0.267923
CSCO,76076,QMLE-Quote,1998-6-25,0.320877
CSCO,76076,QMLE-Quote,1998-6-26,0.188053
CSCO,76076,QMLE-Quote,1998-6-29,0.194211
CSCO,76076,QMLE-Quote,1998-6-30,0.305851
CSCO,76076,QMLE-Quote,1998-7-1,0.201037
CSCO,76076,QMLE-Quote,1998-7-2,0.270448
CSCO,76076,QMLE-Quote,1998-7-6,0.167717
CSCO,76076,QMLE-Quote,1998-7-7,0.259112
CSCO,76076,QMLE-Quote,1998-7-8,0.19288
CSCO,76076,QMLE-Quote,1998-7-9,0.284499
CSCO,76076,QMLE-Quote,1998-7-10,0.258969
CSCO,76076,QMLE-Quote,1998-7-13,0.186281
CSCO,76076,QMLE-Quote,1998-7-14,0.230099
CSCO,76076,QMLE-Quote,1998-7-15,0.199532
CSCO,76076,QMLE-Quote,1998-7-16,0.236587
CSCO,76076,QMLE-Quote,1998-7-17,0.282949
CSCO,76076,QMLE-Quote,1998-7-20,0.271044
CSCO,76076,QMLE-Quote,1998-7-21,0.393687
CSCO,76076,QMLE-Quote,1998-7-22,0.522753
CSCO,76076,QMLE-Quote,1998-7-23,0.343495
CSCO,76076,QMLE-Quote,1998-7-24,0.492313
CSCO,76076,QMLE-Quote,1998-7-27,0.394798
CSCO,76076,QMLE-Quote,1998-7-28,0.479533
CSCO,76076,QMLE-Quote,1998-7-29,0.328354
CSCO,76076,QMLE-Quote,1998-7-30,0.264061
CSCO,76076,QMLE-Quote,1998-7-31,0.370326
CSCO,76076,QMLE-Quote,1998-8-3,0.408125
CSCO,76076,QMLE-Quote,1998-8-4,0.450919
CSCO,76076,QMLE-Quote,1998-8-5,0.539181
CSCO,76076,QMLE-Quote,1998-8-6,0.34472
CSCO,76076,QMLE-Quote,1998-8-7,0.398378
CSCO,76076,QMLE-Quote,1998-8-10,0.312267
CSCO,76076,QMLE-Quote,1998-8-11,0.404069
CSCO,76076,QMLE-Quote,1998-8-12,0.26108
CSCO,76076,QMLE-Quote,1998-8-13,0.223854
CSCO,76076,QMLE-Quote,1998-8-14,0.240383
CSCO,76076,QMLE-Quote,1998-8-17,0.269577
CSCO,76076,QMLE-Quote,1998-8-18,0.173495
CSCO,76076,QMLE-Quote,1998-8-19,0.292598
CSCO,76076,QMLE-Quote,1998-8-20,0.336983
CSCO,76076,QMLE-Quote,1998-8-21,0.360185
CSCO,76076,QMLE-Quote,1998-8-24,0.266265
CSCO,76076,QMLE-Quote,1998-8-25,0.245235
CSCO,76076,QMLE-Quote,1998-8-26,0.301992
CSCO,76076,QMLE-Quote,1998-8-27,0.430437
CSCO,76076,QMLE-Quote,1998-8-28,0.583109
CSCO,76076,QMLE-Quote,1998-8-31,0.871974
CSCO,76076,QMLE-Quote,1998-9-1,0.82072
CSCO,76076,QMLE-Quote,1998-9-2,0.50717
CSCO,76076,QMLE-Quote,1998-9-3,0.557429
CSCO,76076,QMLE-Quote,1998-9-4,0.496726
CSCO,76076,QMLE-Quote,1998-9-8,0.385273
CSCO,76076,QMLE-Quote,1998-9-9,0.378327
CSCO,76076,QMLE-Quote,1998-9-10,0.47974
CSCO,76076,QMLE-Quote,1998-9-11,0.407964
CSCO,76076,QMLE-Quote,1998-9-14,0.239328
CSCO,76076,QMLE-Quote,1998-9-15,0.305573
CSCO,76076,QMLE-Quote,1998-9-16,0.461843
CSCO,76076,QMLE-Quote,1998-9-17,0.359785
CSCO,76076,QMLE-Quote,1998-9-18,0.38942
CSCO,76076,QMLE-Quote,1998-9-21,0.403221
CSCO,76076,QMLE-Quote,1998-9-22,0.276051
CSCO,76076,QMLE-Quote,1998-9-23,0.17824
CSCO,76076,QMLE-Quote,1998-9-24,0.297465
CSCO,76076,QMLE-Quote,1998-9-25,0.401874
CSCO,76076,QMLE-Quote,1998-9-28,0.3392
CSCO,76076,QMLE-Quote,1998-9-29,0.546404
CSCO,76076,QMLE-Quote,1998-9-30,0.363388
CSCO,76076,QMLE-Quote,1998-10-1,0.607953
CSCO,76076,QMLE-Quote,1998-10-2,0.757704
CSCO,76076,QMLE-Quote,1998-10-5,0.911066
CSCO,76076,QMLE-Quote,1998-10-6,0.789714
CSCO,76076,QMLE-Quote,1998-10-7,0.739109
CSCO,76076,QMLE-Quote,1998-10-8,1.23639
CSCO,76076,QMLE-Quote,1998-10-9,0.688176
CSCO,76076,QMLE-Quote,1998-10-12,0.474151
CSCO,76076,QMLE-Quote,1998-10-13,0.626639
CSCO,76076,QMLE-Quote,1998-10-14,0.51552
CSCO,76076,QMLE-Quote,1998-10-15,0.622817
CSCO,76076,QMLE-Quote,1998-10-16,0.524875
CSCO,76076,QMLE-Quote,1998-10-19,0.464836
CSCO,76076,QMLE-Quote,1998-10-20,0.567555
CSCO,76076,QMLE-Quote,1998-10-21,0.549881
CSCO,76076,QMLE-Quote,1998-10-22,0.46646
CSCO,76076,QMLE-Quote,1998-10-23,0.363772
CSCO,76076,QMLE-Quote,1998-10-26,0.439294
CSCO,76076,QMLE-Quote,1998-10-27,0.376027
CSCO,76076,QMLE-Quote,1998-10-28,0.395216
CSCO,76076,QMLE-Quote,1998-10-29,0.429752
CSCO,76076,QMLE-Quote,1998-10-30,0.296807
CSCO,76076,QMLE-Quote,1998-11-2,0.281527
CSCO,76076,QMLE-Quote,1998-11-3,0.291625
CSCO,76076,QMLE-Quote,1998-11-4,0.310474
CSCO,76076,QMLE-Quote,1998-11-5,0.335601
CSCO,76076,QMLE-Quote,1998-11-6,0.244698
CSCO,76076,QMLE-Quote,1998-11-9,0.284947
CSCO,76076,QMLE-Quote,1998-11-10,0.288412
CSCO,76076,QMLE-Quote,1998-11-11,0.395699
CSCO,76076,QMLE-Quote,1998-11-12,0.28996
CSCO,76076,QMLE-Quote,1998-11-13,0.199833
CSCO,76076,QMLE-Quote,1998-11-16,0.285033
CSCO,76076,QMLE-Quote,1998-11-17,0.540113
CSCO,76076,QMLE-Quote,1998-11-18,0.541755
CSCO,76076,QMLE-Quote,1998-11-19,0.307815
CSCO,76076,QMLE-Quote,1998-11-20,0.25568
CSCO,76076,QMLE-Quote,1998-11-23,0.208216
CSCO,76076,QMLE-Quote,1998-11-24,0.233738
CSCO,76076,QMLE-Quote,1998-11-25,0.258543
CSCO,76076,QMLE-Quote,1998-11-27,0.212926
CSCO,76076,QMLE-Quote,1998-11-30,0.388589
CSCO,76076,QMLE-Quote,1998-12-1,0.435948
CSCO,76076,QMLE-Quote,1998-12-2,0.406164
CSCO,76076,QMLE-Quote,1998-12-3,0.424012
CSCO,76076,QMLE-Quote,1998-12-4,0.332151
CSCO,76076,QMLE-Quote,1998-12-7,0.249463
CSCO,76076,QMLE-Quote,1998-12-8,0.380158
CSCO,76076,QMLE-Quote,1998-12-9,0.324432
CSCO,76076,QMLE-Quote,1998-12-10,0.466937
CSCO,76076,QMLE-Quote,1998-12-11,0.366295
CSCO,76076,QMLE-Quote,1998-12-14,0.398809
CSCO,76076,QMLE-Quote,1998-12-15,0.391334
CSCO,76076,QMLE-Quote,1998-12-16,0.269156
CSCO,76076,QMLE-Quote,1998-12-17,0.223884
CSCO,76076,QMLE-Quote,1998-12-21,0.313948
CSCO,76076,QMLE-Quote,1998-12-22,0.455767
CSCO,76076,QMLE-Quote,1998-12-23,0.232953
CSCO,76076,QMLE-Quote,1998-12-24,0.290088
CSCO,76076,QMLE-Quote,1998-12-28,0.272376
CSCO,76076,QMLE-Quote,1998-12-29,0.319416
CSCO,76076,QMLE-Quote,1998-12-30,0.33969
CSCO,76076,QMLE-Quote,1998-12-31,0.23246
CSCO,76076,QMLE-Quote,1999-1-4,0.31139
CSCO,76076,QMLE-Quote,1999-1-5,0.225169
CSCO,76076,QMLE-Quote,1999-1-6,0.244316
CSCO,76076,QMLE-Quote,1999-1-7,0.598713
CSCO,76076,QMLE-Quote,1999-1-8,0.338802
CSCO,76076,QMLE-Quote,1999-1-11,0.421954
CSCO,76076,QMLE-Quote,1999-1-12,0.516236
CSCO,76076,QMLE-Quote,1999-1-13,0.645916
CSCO,76076,QMLE-Quote,1999-1-14,0.546572
CSCO,76076,QMLE-Quote,1999-1-15,0.323527
CSCO,76076,QMLE-Quote,1999-1-19,0.402493
CSCO,76076,QMLE-Quote,1999-1-20,0.400516
CSCO,76076,QMLE-Quote,1999-1-21,0.509781
CSCO,76076,QMLE-Quote,1999-1-22,0.616144
CSCO,76076,QMLE-Quote,1999-1-25,0.450781
CSCO,76076,QMLE-Quote,1999-1-26,0.35798
CSCO,76076,QMLE-Quote,1999-1-27,0.381381
CSCO,76076,QMLE-Quote,1999-1-28,0.292044
CSCO,76076,QMLE-Quote,1999-1-29,0.386754
CSCO,76076,QMLE-Quote,1999-2-1,0.360002
CSCO,76076,QMLE-Quote,1999-2-2,0.472591
CSCO,76076,QMLE-Quote,1999-2-3,0.399322
CSCO,76076,QMLE-Quote,1999-2-4,0.490963
CSCO,76076,QMLE-Quote,1999-2-5,0.509123
CSCO,76076,QMLE-Quote,1999-2-8,0.506674
CSCO,76076,QMLE-Quote,1999-2-9,0.474273
CSCO,76076,QMLE-Quote,1999-2-10,0.614608
CSCO,76076,QMLE-Quote,1999-2-11,0.363422
CSCO,76076,QMLE-Quote,1999-2-12,0.438808
CSCO,76076,QMLE-Quote,1999-2-16,0.43633
CSCO,76076,QMLE-Quote,1999-2-17,0.426885
CSCO,76076,QMLE-Quote,1999-2-18,0.536085
CSCO,76076,QMLE-Quote,1999-2-19,0.350083
CSCO,76076,QMLE-Quote,1999-2-22,0.371715
CSCO,76076,QMLE-Quote,1999-2-23,0.431971
CSCO,76076,QMLE-Quote,1999-2-24,0.295627
CSCO,76076,QMLE-Quote,1999-2-25,0.45713
CSCO,76076,QMLE-Quote,1999-2-26,0.367164
CSCO,76076,QMLE-Quote,1999-3-1,0.367034
CSCO,76076,QMLE-Quote,1999-3-2,0.287771
CSCO,76076,QMLE-Quote,1999-3-3,0.291386
CSCO,76076,QMLE-Quote,1999-3-4,0.35892
CSCO,76076,QMLE-Quote,1999-3-5,0.262683
CSCO,76076,QMLE-Quote,1999-3-8,0.283139
CSCO,76076,QMLE-Quote,1999-3-9,0.286522
CSCO,76076,QMLE-Quote,1999-3-10,0.3
CSCO,76076,QMLE-Quote,1999-3-11,0.282122
CSCO,76076,QMLE-Quote,1999-3-12,0.346222
CSCO,76076,QMLE-Quote,1999-3-15,0.266648
CSCO,76076,QMLE-Quote,1999-3-16,0.259542
CSCO,76076,QMLE-Quote,1999-3-17,0.254161
CSCO,76076,QMLE-Quote,1999-3-18,0.172687
CSCO,76076,QMLE-Quote,1999-3-19,0.291539
CSCO,76076,QMLE-Quote,1999-3-22,0.32013
CSCO,76076,QMLE-Quote,1999-3-23,0.377039
CSCO,76076,QMLE-Quote,1999-3-24,0.328185
CSCO,76076,QMLE-Quote,1999-3-25,0.167682
CSCO,76076,QMLE-Quote,1999-3-26,0.291256
CSCO,76076,QMLE-Quote,1999-3-29,0.311345
CSCO,76076,QMLE-Quote,1999-3-30,0.329023
CSCO,76076,QMLE-Quote,1999-3-31,0.298027
CSCO,76076,QMLE-Quote,1999-4-1,0.32186
CSCO,76076,QMLE-Quote,1999-4-5,0.233866
CSCO,76076,QMLE-Quote,1999-4-6,0.230398
CSCO,76076,QMLE-Quote,1999-4-7,0.383244
CSCO,76076,QMLE-Quote,1999-4-8,0.390216
CSCO,76076,QMLE-Quote,1999-4-9,0.266561
CSCO,76076,QMLE-Quote,1999-4-12,0.323407
CSCO,76076,QMLE-Quote,1999-4-13,0.286521
CSCO,76076,QMLE-Quote,1999-4-14,0.348044
CSCO,76076,QMLE-Quote,1999-4-15,0.420059
CSCO,76076,QMLE-Quote,1999-4-16,0.380472
CSCO,76076,QMLE-Quote,1999-4-19,0.621891
CSCO,76076,QMLE-Quote,1999-4-20,0.442457
CSCO,76076,QMLE-Quote,1999-4-21,0.390501
CSCO,76076,QMLE-Quote,1999-4-22,0.342944
CSCO,76076,QMLE-Quote,1999-4-23,0.43079
CSCO,76076,QMLE-Quote,1999-4-26,0.277294
CSCO,76076,QMLE-Quote,1999-4-27,0.399756
CSCO,76076,QMLE-Quote,1999-4-28,0.365083
CSCO,76076,QMLE-Quote,1999-4-29,0.347124
CSCO,76076,QMLE-Quote,1999-4-30,0.328508
CSCO,76076,QMLE-Quote,1999-5-3,0.331647
CSCO,76076,QMLE-Quote,1999-5-4,0.42189
CSCO,76076,QMLE-Quote,1999-5-5,0.471613
CSCO,76076,QMLE-Quote,1999-5-6,0.44869
CSCO,76076,QMLE-Quote,1999-5-7,0.493816
CSCO,76076,QMLE-Quote,1999-5-10,0.370545
CSCO,76076,QMLE-Quote,1999-5-11,0.295806
CSCO,76076,QMLE-Quote,1999-5-12,0.274689
CSCO,76076,QMLE-Quote,1999-5-13,0.309772
CSCO,76076,QMLE-Quote,1999-5-14,0.394517
CSCO,76076,QMLE-Quote,1999-5-17,0.325769
CSCO,76076,QMLE-Quote,1999-5-18,0.299306
CSCO,76076,QMLE-Quote,1999-5-19,0.297069
CSCO,76076,QMLE-Quote,1999-5-20,0.262116
CSCO,76076,QMLE-Quote,1999-5-21,0.260299
CSCO,76076,QMLE-Quote,1999-5-24,0.343641
CSCO,76076,QMLE-Quote,1999-5-25,0.31283
CSCO,76076,QMLE-Quote,1999-5-26,0.487231
CSCO,76076,QMLE-Quote,1999-5-27,0.41564
CSCO,76076,QMLE-Quote,1999-5-28,0.280558
CSCO,76076,QMLE-Quote,1999-6-1,0.340746
CSCO,76076,QMLE-Quote,1999-6-2,0.411575
CSCO,76076,QMLE-Quote,1999-6-3,0.361533
CSCO,76076,QMLE-Quote,1999-6-4,0.337768
CSCO,76076,QMLE-Quote,1999-6-7,0.232822
CSCO,76076,QMLE-Quote,1999-6-8,0.329679
CSCO,76076,QMLE-Quote,1999-6-9,0.278114
CSCO,76076,QMLE-Quote,1999-6-10,0.284608
CSCO,76076,QMLE-Quote,1999-6-11,0.265256
CSCO,76076,QMLE-Quote,1999-6-14,0.300784
CSCO,76076,QMLE-Quote,1999-6-15,0.29033
CSCO,76076,QMLE-Quote,1999-6-16,0.227559
CSCO,76076,QMLE-Quote,1999-6-17,0.287442
CSCO,76076,QMLE-Quote,1999-6-18,0.202821
CSCO,76076,QMLE-Quote,1999-6-21,0.277319
CSCO,76076,QMLE-Quote,1999-6-22,0.362358
CSCO,76076,QMLE-Quote,1999-6-23,0.273833
CSCO,76076,QMLE-Quote,1999-6-24,0.361809
CSCO,76076,QMLE-Quote,1999-6-25,0.25921
CSCO,76076,QMLE-Quote,1999-6-28,0.196073
CSCO,76076,QMLE-Quote,1999-6-29,0.283021
CSCO,76076,QMLE-Quote,1999-6-30,0.58504
CSCO,76076,QMLE-Quote,1999-7-1,0.309388
CSCO,76076,QMLE-Quote,1999-7-2,0.212012
CSCO,76076,QMLE-Quote,1999-7-6,0.286156
CSCO,76076,QMLE-Quote,1999-7-7,0.339763
CSCO,76076,QMLE-Quote,1999-7-8,0.299733
CSCO,76076,QMLE-Quote,1999-7-9,0.250949
CSCO,76076,QMLE-Quote,1999-7-12,0.304776
CSCO,76076,QMLE-Quote,1999-7-13,0.286698
CSCO,76076,QMLE-Quote,1999-7-14,0.293622
CSCO,76076,QMLE-Quote,1999-7-15,0.245467
CSCO,76076,QMLE-Quote,1999-7-16,0.323246
CSCO,76076,QMLE-Quote,1999-7-19,0.262414
CSCO,76076,QMLE-Quote,1999-7-20,0.335432
CSCO,76076,QMLE-Quote,1999-7-21,0.362211
CSCO,76076,QMLE-Quote,1999-7-22,0.389315
CSCO,76076,QMLE-Quote,1999-7-23,0.308071
CSCO,76076,QMLE-Quote,1999-7-26,0.300676
CSCO,76076,QMLE-Quote,1999-7-27,0.261235
CSCO,76076,QMLE-Quote,1999-7-28,0.349147
CSCO,76076,QMLE-Quote,1999-7-29,0.319322
CSCO,76076,QMLE-Quote,1999-7-30,0.371304
CSCO,76076,QMLE-Quote,1999-8-2,0.266259
CSCO,76076,QMLE-Quote,1999-8-3,0.453489
CSCO,76076,QMLE-Quote,1999-8-4,0.447436
CSCO,76076,QMLE-Quote,1999-8-5,0.467062
CSCO,76076,QMLE-Quote,1999-8-6,0.526071
CSCO,76076,QMLE-Quote,1999-8-9,0.401913
CSCO,76076,QMLE-Quote,1999-8-10,0.583285
CSCO,76076,QMLE-Quote,1999-8-11,0.382583
CSCO,76076,QMLE-Quote,1999-8-12,0.285111
CSCO,76076,QMLE-Quote,1999-8-13,0.161927
CSCO,76076,QMLE-Quote,1999-8-16,0.267964
CSCO,76076,QMLE-Quote,1999-8-17,0.204017
CSCO,76076,QMLE-Quote,1999-8-18,0.217673
CSCO,76076,QMLE-Quote,1999-8-19,0.229112
CSCO,76076,QMLE-Quote,1999-8-20,0.249524
CSCO,76076,QMLE-Quote,1999-8-23,0.16512
CSCO,76076,QMLE-Quote,1999-8-24,0.435979
CSCO,76076,QMLE-Quote,1999-8-25,0.222177
CSCO,76076,QMLE-Quote,1999-8-26,0.41115
CSCO,76076,QMLE-Quote,1999-8-27,0.302027
CSCO,76076,QMLE-Quote,1999-8-30,0.31214
CSCO,76076,QMLE-Quote,1999-8-31,0.418194
CSCO,76076,QMLE-Quote,1999-9-1,0.28843
CSCO,76076,QMLE-Quote,1999-9-2,0.336532
CSCO,76076,QMLE-Quote,1999-9-3,0.185369
CSCO,76076,QMLE-Quote,1999-9-7,0.251687
CSCO,76076,QMLE-Quote,1999-9-8,0.298673
CSCO,76076,QMLE-Quote,1999-9-9,0.264194
CSCO,76076,QMLE-Quote,1999-9-10,0.261945
CSCO,76076,QMLE-Quote,1999-9-13,0.259973
CSCO,76076,QMLE-Quote,1999-9-14,0.265596
CSCO,76076,QMLE-Quote,1999-9-15,0.301863
CSCO,76076,QMLE-Quote,1999-9-16,0.30587
CSCO,76076,QMLE-Quote,1999-9-17,0.275961
CSCO,76076,QMLE-Quote,1999-9-20,0.253863
CSCO,76076,QMLE-Quote,1999-9-21,0.269884
CSCO,76076,QMLE-Quote,1999-9-22,0.321491
CSCO,76076,QMLE-Quote,1999-9-23,0.396107
CSCO,76076,QMLE-Quote,1999-9-24,0.523574
CSCO,76076,QMLE-Quote,1999-9-27,0.38124
CSCO,76076,QMLE-Quote,1999-9-28,0.366457
CSCO,76076,QMLE-Quote,1999-9-29,0.309521
CSCO,76076,QMLE-Quote,1999-9-30,0.420459
CSCO,76076,QMLE-Quote,1999-10-1,0.398419
CSCO,76076,QMLE-Quote,1999-10-4,0.210105
CSCO,76076,QMLE-Quote,1999-10-5,0.368036
CSCO,76076,QMLE-Quote,1999-10-6,0.230119
CSCO,76076,QMLE-Quote,1999-10-7,0.251796
CSCO,76076,QMLE-Quote,1999-10-8,0.345657
CSCO,76076,QMLE-Quote,1999-10-11,0.142033
CSCO,76076,QMLE-Quote,1999-10-12,0.24529
CSCO,76076,QMLE-Quote,1999-10-13,0.302316
CSCO,76076,QMLE-Quote,1999-10-14,0.353229
CSCO,76076,QMLE-Quote,1999-10-15,0.447746
CSCO,76076,QMLE-Quote,1999-10-18,0.52637
CSCO,76076,QMLE-Quote,1999-10-19,0.41116
CSCO,76076,QMLE-Quote,1999-10-20,0.260967
CSCO,76076,QMLE-Quote,1999-10-21,0.360755
CSCO,76076,QMLE-Quote,1999-10-22,0.385205
CSCO,76076,QMLE-Quote,1999-10-25,0.430416
CSCO,76076,QMLE-Quote,1999-10-26,0.312676
CSCO,76076,QMLE-Quote,1999-10-27,0.341547
CSCO,76076,QMLE-Quote,1999-10-28,0.28603
CSCO,76076,QMLE-Quote,1999-10-29,0.323249
CSCO,76076,QMLE-Quote,1999-11-1,0.279285
CSCO,76076,QMLE-Quote,1999-11-2,0.332465
CSCO,76076,QMLE-Quote,1999-11-3,0.333017
CSCO,76076,QMLE-Quote,1999-11-4,0.296839
CSCO,76076,QMLE-Quote,1999-11-5,0.348084
CSCO,76076,QMLE-Quote,1999-11-8,0.268748
CSCO,76076,QMLE-Quote,1999-11-9,0.354616
CSCO,76076,QMLE-Quote,1999-11-10,0.387412
CSCO,76076,QMLE-Quote,1999-11-11,0.404109
CSCO,76076,QMLE-Quote,1999-11-12,0.415275
CSCO,76076,QMLE-Quote,1999-11-15,0.239619
CSCO,76076,QMLE-Quote,1999-11-16,0.213074
CSCO,76076,QMLE-Quote,1999-11-17,0.258842
CSCO,76076,QMLE-Quote,1999-11-18,0.27828
CSCO,76076,QMLE-Quote,1999-11-19,0.281278
CSCO,76076,QMLE-Quote,1999-11-22,0.169154
CSCO,76076,QMLE-Quote,1999-11-23,0.236915
CSCO,76076,QMLE-Quote,1999-11-24,0.383149
CSCO,76076,QMLE-Quote,1999-11-26,0.344968
CSCO,76076,QMLE-Quote,1999-11-29,0.348606
CSCO,76076,QMLE-Quote,1999-11-30,0.338642
CSCO,76076,QMLE-Quote,1999-12-1,0.422612
CSCO,76076,QMLE-Quote,1999-12-2,0.208589
CSCO,76076,QMLE-Quote,1999-12-3,0.343513
CSCO,76076,QMLE-Quote,1999-12-6,0.322807
CSCO,76076,QMLE-Quote,1999-12-7,0.269095
CSCO,76076,QMLE-Quote,1999-12-8,0.276866
CSCO,76076,QMLE-Quote,1999-12-9,0.497704
CSCO,76076,QMLE-Quote,1999-12-10,0.407516
CSCO,76076,QMLE-Quote,1999-12-13,0.301768
CSCO,76076,QMLE-Quote,1999-12-14,0.297982
CSCO,76076,QMLE-Quote,1999-12-15,0.460713
CSCO,76076,QMLE-Quote,1999-12-16,0.248488
CSCO,76076,QMLE-Quote,1999-12-17,0.250638
CSCO,76076,QMLE-Quote,1999-12-20,0.236585
CSCO,76076,QMLE-Quote,1999-12-21,0.240666
CSCO,76076,QMLE-Quote,1999-12-22,0.354981
CSCO,76076,QMLE-Quote,1999-12-23,0.23748
CSCO,76076,QMLE-Quote,1999-12-27,0.265703
CSCO,76076,QMLE-Quote,1999-12-28,0.34779
CSCO,76076,QMLE-Quote,1999-12-29,0.217456
CSCO,76076,QMLE-Quote,1999-12-30,0.21068
CSCO,76076,QMLE-Quote,1999-12-31,0.17242
CSCO,76076,QMLE-Quote,2000-1-3,0.439645
CSCO,76076,QMLE-Quote,2000-1-4,0.418179
CSCO,76076,QMLE-Quote,2000-1-5,0.578614
CSCO,76076,QMLE-Quote,2000-1-6,0.430122
CSCO,76076,QMLE-Quote,2000-1-7,0.3743
CSCO,76076,QMLE-Quote,2000-1-10,0.308901
CSCO,76076,QMLE-Quote,2000-1-11,0.34688
CSCO,76076,QMLE-Quote,2000-1-12,0.433127
CSCO,76076,QMLE-Quote,2000-1-13,0.340205
CSCO,76076,QMLE-Quote,2000-1-14,0.418442
CSCO,76076,QMLE-Quote,2000-1-18,0.390554
CSCO,76076,QMLE-Quote,2000-1-19,0.389775
CSCO,76076,QMLE-Quote,2000-1-20,0.382998
CSCO,76076,QMLE-Quote,2000-1-21,0.256955
CSCO,76076,QMLE-Quote,2000-1-24,0.360334
CSCO,76076,QMLE-Quote,2000-1-25,0.543065
CSCO,76076,QMLE-Quote,2000-1-26,0.394851
CSCO,76076,QMLE-Quote,2000-1-27,0.432677
CSCO,76076,QMLE-Quote,2000-1-28,0.615888
CSCO,76076,QMLE-Quote,2000-1-31,0.617319
CSCO,76076,QMLE-Quote,2000-2-1,0.546483
CSCO,76076,QMLE-Quote,2000-2-2,0.447654
CSCO,76076,QMLE-Quote,2000-2-3,0.361147
CSCO,76076,QMLE-Quote,2000-2-4,0.340956
CSCO,76076,QMLE-Quote,2000-2-7,0.249872
CSCO,76076,QMLE-Quote,2000-2-8,0.285944
CSCO,76076,QMLE-Quote,2000-2-9,0.33799
CSCO,76076,QMLE-Quote,2000-2-10,0.341648
CSCO,76076,QMLE-Quote,2000-2-11,0.289006
CSCO,76076,QMLE-Quote,2000-2-14,0.430178
CSCO,76076,QMLE-Quote,2000-2-15,0.390366
CSCO,76076,QMLE-Quote,2000-2-16,0.344014
CSCO,76076,QMLE-Quote,2000-2-17,0.294586
CSCO,76076,QMLE-Quote,2000-2-18,0.330359
CSCO,76076,QMLE-Quote,2000-2-22,0.39995
CSCO,76076,QMLE-Quote,2000-2-23,0.509069
CSCO,76076,QMLE-Quote,2000-2-24,0.526715
CSCO,76076,QMLE-Quote,2000-2-25,0.375315
CSCO,76076,QMLE-Quote,2000-2-28,0.504793
CSCO,76076,QMLE-Quote,2000-2-29,0.511731
CSCO,76076,QMLE-Quote,2000-3-1,0.373449
CSCO,76076,QMLE-Quote,2000-3-2,0.376832
CSCO,76076,QMLE-Quote,2000-3-3,0.253319
CSCO,76076,QMLE-Quote,2000-3-6,0.339358
CSCO,76076,QMLE-Quote,2000-3-7,0.48869
CSCO,76076,QMLE-Quote,2000-3-8,0.463374
CSCO,76076,QMLE-Quote,2000-3-9,0.448693
CSCO,76076,QMLE-Quote,2000-3-10,0.395401
CSCO,76076,QMLE-Quote,2000-3-13,0.51959
CSCO,76076,QMLE-Quote,2000-3-14,0.376207
CSCO,76076,QMLE-Quote,2000-3-15,0.513317
CSCO,76076,QMLE-Quote,2000-3-16,0.555688
CSCO,76076,QMLE-Quote,2000-3-17,0.313148
CSCO,76076,QMLE-Quote,2000-3-20,0.368419
CSCO,76076,QMLE-Quote,2000-3-21,0.435882
CSCO,76076,QMLE-Quote,2000-3-22,0.459016
CSCO,76076,QMLE-Quote,2000-3-23,0.60246
CSCO,76076,QMLE-Quote,2000-3-24,0.531603
CSCO,76076,QMLE-Quote,2000-3-27,0.325466
CSCO,76076,QMLE-Quote,2000-3-28,0.433835
CSCO,76076,QMLE-Quote,2000-3-29,0.494314
CSCO,76076,QMLE-Quote,2000-3-30,0.702631
CSCO,76076,QMLE-Quote,2000-3-31,0.746321
CSCO,76076,QMLE-Quote,2000-4-3,0.651784
CSCO,76076,QMLE-Quote,2000-4-4,1.38631
CSCO,76076,QMLE-Quote,2000-4-5,0.963449
CSCO,76076,QMLE-Quote,2000-4-6,0.503069
CSCO,76076,QMLE-Quote,2000-4-7,0.41013
CSCO,76076,QMLE-Quote,2000-4-10,0.513975
CSCO,76076,QMLE-Quote,2000-4-11,0.745017
CSCO,76076,QMLE-Quote,2000-4-12,0.674293
CSCO,76076,QMLE-Quote,2000-4-13,0.792994
CSCO,76076,QMLE-Quote,2000-4-14,1.29935
CSCO,76076,QMLE-Quote,2000-4-17,1.12993
CSCO,76076,QMLE-Quote,2000-4-18,0.543026
CSCO,76076,QMLE-Quote,2000-4-19,0.607908
CSCO,76076,QMLE-Quote,2000-4-20,0.435516
CSCO,76076,QMLE-Quote,2000-4-24,0.66671
CSCO,76076,QMLE-Quote,2000-4-25,0.483311
CSCO,76076,QMLE-Quote,2000-4-26,0.636418
CSCO,76076,QMLE-Quote,2000-4-27,0.733998
CSCO,76076,QMLE-Quote,2000-4-28,0.466996
CSCO,76076,QMLE-Quote,2000-5-1,0.434722
CSCO,76076,QMLE-Quote,2000-5-2,0.429382
CSCO,76076,QMLE-Quote,2000-5-3,0.600057
CSCO,76076,QMLE-Quote,2000-5-4,0.464622
CSCO,76076,QMLE-Quote,2000-5-5,0.590206
CSCO,76076,QMLE-Quote,2000-5-8,0.491695
CSCO,76076,QMLE-Quote,2000-5-9,0.619245
CSCO,76076,QMLE-Quote,2000-5-10,0.708743
CSCO,76076,QMLE-Quote,2000-5-11,0.628741
CSCO,76076,QMLE-Quote,2000-5-12,0.48597
CSCO,76076,QMLE-Quote,2000-5-15,0.482703
CSCO,76076,QMLE-Quote,2000-5-16,0.613057
CSCO,76076,QMLE-Quote,2000-5-17,0.301668
CSCO,76076,QMLE-Quote,2000-5-18,0.41268
CSCO,76076,QMLE-Quote,2000-5-19,0.611522
CSCO,76076,QMLE-Quote,2000-5-22,0.93114
CSCO,76076,QMLE-Quote,2000-5-23,0.780271
CSCO,76076,QMLE-Quote,2000-5-24,1.11191
CSCO,76076,QMLE-Quote,2000-5-25,0.599294
CSCO,76076,QMLE-Quote,2000-5-26,0.860939
CSCO,76076,QMLE-Quote,2000-5-30,0.455704
CSCO,76076,QMLE-Quote,2000-5-31,0.651269
CSCO,76076,QMLE-Quote,2000-6-1,0.576473
CSCO,76076,QMLE-Quote,2000-6-2,0.297419
CSCO,76076,QMLE-Quote,2000-6-5,0.522576
CSCO,76076,QMLE-Quote,2000-6-6,0.376276
CSCO,76076,QMLE-Quote,2000-6-7,0.542172
CSCO,76076,QMLE-Quote,2000-6-8,0.337691
CSCO,76076,QMLE-Quote,2000-6-9,0.18859
CSCO,76076,QMLE-Quote,2000-6-12,0.338842
CSCO,76076,QMLE-Quote,2000-6-13,0.464503
CSCO,76076,QMLE-Quote,2000-6-14,0.398631
CSCO,76076,QMLE-Quote,2000-6-15,0.250334
CSCO,76076,QMLE-Quote,2000-6-16,0.294794
CSCO,76076,QMLE-Quote,2000-6-19,0.345818
CSCO,76076,QMLE-Quote,2000-6-20,0.351342
CSCO,76076,QMLE-Quote,2000-6-21,0.295117
CSCO,76076,QMLE-Quote,2000-6-22,0.370493
CSCO,76076,QMLE-Quote,2000-6-23,0.522099
CSCO,76076,QMLE-Quote,2000-6-26,0.528484
CSCO,76076,QMLE-Quote,2000-6-27,0.456435
CSCO,76076,QMLE-Quote,2000-6-28,0.451483
CSCO,76076,QMLE-Quote,2000-6-29,0.424338
CSCO,76076,QMLE-Quote,2000-6-30,0.40978
CSCO,76076,QMLE-Quote,2000-7-3,0.357093
CSCO,76076,QMLE-Quote,2000-7-5,0.36432
CSCO,76076,QMLE-Quote,2000-7-6,0.438491
CSCO,76076,QMLE-Quote,2000-7-7,0.446095
CSCO,76076,QMLE-Quote,2000-7-10,0.361068
CSCO,76076,QMLE-Quote,2000-7-11,0.454385
CSCO,76076,QMLE-Quote,2000-7-12,0.359227
CSCO,76076,QMLE-Quote,2000-7-13,0.485544
CSCO,76076,QMLE-Quote,2000-7-14,0.278112
CSCO,76076,QMLE-Quote,2000-7-17,0.260808
CSCO,76076,QMLE-Quote,2000-7-18,0.309033
CSCO,76076,QMLE-Quote,2000-7-19,0.370776
CSCO,76076,QMLE-Quote,2000-7-20,0.321672
CSCO,76076,QMLE-Quote,2000-7-21,0.369725
CSCO,76076,QMLE-Quote,2000-7-24,0.442406
CSCO,76076,QMLE-Quote,2000-7-25,0.430262
CSCO,76076,QMLE-Quote,2000-7-26,0.391104
CSCO,76076,QMLE-Quote,2000-7-27,0.484669
CSCO,76076,QMLE-Quote,2000-7-28,0.734126
CSCO,76076,QMLE-Quote,2000-7-31,0.554801
CSCO,76076,QMLE-Quote,2000-8-1,0.382345
CSCO,76076,QMLE-Quote,2000-8-2,0.522785
CSCO,76076,QMLE-Quote,2000-8-3,0.737354
CSCO,76076,QMLE-Quote,2000-8-4,0.470466
CSCO,76076,QMLE-Quote,2000-8-7,0.360055
CSCO,76076,QMLE-Quote,2000-8-8,0.337011
CSCO,76076,QMLE-Quote,2000-8-9,0.353357
CSCO,76076,QMLE-Quote,2000-8-10,0.429254
CSCO,76076,QMLE-Quote,2000-8-11,0.351361
CSCO,76076,QMLE-Quote,2000-8-14,0.360217
CSCO,76076,QMLE-Quote,2000-8-15,0.316148
CSCO,76076,QMLE-Quote,2000-8-16,0.269289
CSCO,76076,QMLE-Quote,2000-8-17,0.26248
CSCO,76076,QMLE-Quote,2000-8-18,0.26098
CSCO,76076,QMLE-Quote,2000-8-21,0.178971
CSCO,76076,QMLE-Quote,2000-8-22,0.313363
CSCO,76076,QMLE-Quote,2000-8-23,0.401656
CSCO,76076,QMLE-Quote,2000-8-24,0.222872
CSCO,76076,QMLE-Quote,2000-8-25,0.190513
CSCO,76076,QMLE-Quote,2000-8-28,0.176149
CSCO,76076,QMLE-Quote,2000-8-29,0.201303
CSCO,76076,QMLE-Quote,2000-8-30,0.213112
CSCO,76076,QMLE-Quote,2000-8-31,0.247001
CSCO,76076,QMLE-Quote,2000-9-1,0.206196
CSCO,76076,QMLE-Quote,2000-9-5,0.296074
CSCO,76076,QMLE-Quote,2000-9-6,0.311661
CSCO,76076,QMLE-Quote,2000-9-7,0.345401
CSCO,76076,QMLE-Quote,2000-9-8,0.33924
CSCO,76076,QMLE-Quote,2000-9-11,0.376855
CSCO,76076,QMLE-Quote,2000-9-12,0.500067
CSCO,76076,QMLE-Quote,2000-9-13,0.652619
CSCO,76076,QMLE-Quote,2000-9-14,0.399641
CSCO,76076,QMLE-Quote,2000-9-15,0.448217
CSCO,76076,QMLE-Quote,2000-9-18,0.522974
CSCO,76076,QMLE-Quote,2000-9-19,0.542777
CSCO,76076,QMLE-Quote,2000-9-20,0.420795
CSCO,76076,QMLE-Quote,2000-9-21,0.452297
CSCO,76076,QMLE-Quote,2000-9-22,0.391799
CSCO,76076,QMLE-Quote,2000-9-25,0.506589
CSCO,76076,QMLE-Quote,2000-9-26,0.639348
CSCO,76076,QMLE-Quote,2000-9-27,0.526304
CSCO,76076,QMLE-Quote,2000-9-28,0.581675
CSCO,76076,QMLE-Quote,2000-9-29,0.581587
CSCO,76076,QMLE-Quote,2000-10-2,0.618925
CSCO,76076,QMLE-Quote,2000-10-3,0.542561
CSCO,76076,QMLE-Quote,2000-10-4,0.713239
CSCO,76076,QMLE-Quote,2000-10-5,0.566526
CSCO,76076,QMLE-Quote,2000-10-6,0.555119
CSCO,76076,QMLE-Quote,2000-10-9,0.621702
CSCO,76076,QMLE-Quote,2000-10-10,0.752522
CSCO,76076,QMLE-Quote,2000-10-11,0.989916
CSCO,76076,QMLE-Quote,2000-10-12,0.827591
CSCO,76076,QMLE-Quote,2000-10-13,1.66909
CSCO,76076,QMLE-Quote,2000-10-16,0.576256
CSCO,76076,QMLE-Quote,2000-10-17,0.528728
CSCO,76076,QMLE-Quote,2000-10-18,0.915339
CSCO,76076,QMLE-Quote,2000-10-19,0.881203
CSCO,76076,QMLE-Quote,2000-10-20,0.484666
CSCO,76076,QMLE-Quote,2000-10-23,0.603542
CSCO,76076,QMLE-Quote,2000-10-24,0.413012
CSCO,76076,QMLE-Quote,2000-10-25,0.582797
CSCO,76076,QMLE-Quote,2000-10-26,0.867223
CSCO,76076,QMLE-Quote,2000-10-27,0.817882
CSCO,76076,QMLE-Quote,2000-10-30,0.748599
CSCO,76076,QMLE-Quote,2000-10-31,0.66743
CSCO,76076,QMLE-Quote,2000-11-1,0.666846
CSCO,76076,QMLE-Quote,2000-11-2,0.534805
CSCO,76076,QMLE-Quote,2000-11-3,0.474582
CSCO,76076,QMLE-Quote,2000-11-6,0.387455
CSCO,76076,QMLE-Quote,2000-11-7,0.711313
CSCO,76076,QMLE-Quote,2000-11-8,0.595972
CSCO,76076,QMLE-Quote,2000-11-9,0.76311
CSCO,76076,QMLE-Quote,2000-11-10,0.41011
CSCO,76076,QMLE-Quote,2000-11-13,0.776232
CSCO,76076,QMLE-Quote,2000-11-14,0.540147
CSCO,76076,QMLE-Quote,2000-11-15,0.652749
CSCO,76076,QMLE-Quote,2000-11-16,0.461223
CSCO,76076,QMLE-Quote,2000-11-17,0.828765
CSCO,76076,QMLE-Quote,2000-11-20,0.663466
CSCO,76076,QMLE-Quote,2000-11-21,0.7027
CSCO,76076,QMLE-Quote,2000-11-22,0.843873
CSCO,76076,QMLE-Quote,2000-11-24,0.356462
CSCO,76076,QMLE-Quote,2000-11-27,0.520699
CSCO,76076,QMLE-Quote,2000-11-28,0.508685
CSCO,76076,QMLE-Quote,2000-11-29,0.694693
CSCO,76076,QMLE-Quote,2000-11-30,0.959322
CSCO,76076,QMLE-Quote,2000-12-1,0.747678
CSCO,76076,QMLE-Quote,2000-12-4,1.05364
CSCO,76076,QMLE-Quote,2000-12-5,0.650399
CSCO,76076,QMLE-Quote,2000-12-6,0.735511
CSCO,76076,QMLE-Quote,2000-12-7,0.52792
CSCO,76076,QMLE-Quote,2000-12-8,0.51506
CSCO,76076,QMLE-Quote,2000-12-11,0.463286
CSCO,76076,QMLE-Quote,2000-12-12,0.444278
CSCO,76076,QMLE-Quote,2000-12-13,0.653916
CSCO,76076,QMLE-Quote,2000-12-14,0.521827
CSCO,76076,QMLE-Quote,2000-12-15,0.713086
CSCO,76076,QMLE-Quote,2000-12-18,0.900347
CSCO,76076,QMLE-Quote,2000-12-19,0.888316
CSCO,76076,QMLE-Quote,2000-12-20,0.966345
CSCO,76076,QMLE-Quote,2000-12-21,1.00589
CSCO,76076,QMLE-Quote,2000-12-22,0.604405
CSCO,76076,QMLE-Quote,2000-12-26,0.448467
CSCO,76076,QMLE-Quote,2000-12-27,0.643512
CSCO,76076,QMLE-Quote,2000-12-28,0.55802
CSCO,76076,QMLE-Quote,2000-12-29,0.725084
CSCO,76076,QMLE-Quote,2001-1-2,0.940933
CSCO,76076,QMLE-Quote,2001-1-3,2.21841
CSCO,76076,QMLE-Quote,2001-1-4,1.00472
CSCO,76076,QMLE-Quote,2001-1-5,0.916187
CSCO,76076,QMLE-Quote,2001-1-8,0.917556
CSCO,76076,QMLE-Quote,2001-1-9,0.819598
CSCO,76076,QMLE-Quote,2001-1-10,1.14062
CSCO,76076,QMLE-Quote,2001-1-11,0.880544
CSCO,76076,QMLE-Quote,2001-1-12,0.807254
CSCO,76076,QMLE-Quote,2001-1-16,0.649836
CSCO,76076,QMLE-Quote,2001-1-17,0.664481
CSCO,76076,QMLE-Quote,2001-1-18,0.599769
CSCO,76076,QMLE-Quote,2001-1-19,0.665097
CSCO,76076,QMLE-Quote,2001-1-22,0.684331
CSCO,76076,QMLE-Quote,2001-1-23,0.573658
CSCO,76076,QMLE-Quote,2001-1-24,0.593181
CSCO,76076,QMLE-Quote,2001-1-25,0.51085
CSCO,76076,QMLE-Quote,2001-1-26,0.618253
CSCO,76076,QMLE-Quote,2001-1-29,0.596312
CSCO,76076,QMLE-Quote,2001-1-30,0.352558
CSCO,76076,QMLE-Quote,2001-1-31,0.609198
CSCO,76076,QMLE-Quote,2001-2-1,0.496966
CSCO,76076,QMLE-Quote,2001-2-2,0.530262
CSCO,76076,QMLE-Quote,2001-2-5,0.612288
CSCO,76076,QMLE-Quote,2001-2-6,0.543629
CSCO,76076,QMLE-Quote,2001-2-7,0.687017
CSCO,76076,QMLE-Quote,2001-2-8,0.593318
CSCO,76076,QMLE-Quote,2001-2-9,0.629558
CSCO,76076,QMLE-Quote,2001-2-12,0.571275
CSCO,76076,QMLE-Quote,2001-2-13,0.56118
CSCO,76076,QMLE-Quote,2001-2-14,0.536398
CSCO,76076,QMLE-Quote,2001-2-15,0.540255
CSCO,76076,QMLE-Quote,2001-2-16,0.621843
CSCO,76076,QMLE-Quote,2001-2-20,0.614641
CSCO,76076,QMLE-Quote,2001-2-21,0.714258
CSCO,76076,QMLE-Quote,2001-2-22,0.92704
CSCO,76076,QMLE-Quote,2001-2-23,0.951118
CSCO,76076,QMLE-Quote,2001-2-26,0.605058
CSCO,76076,QMLE-Quote,2001-2-27,0.848745
CSCO,76076,QMLE-Quote,2001-2-28,1.01157
CSCO,76076,QMLE-Quote,2001-3-1,1.01724
CSCO,76076,QMLE-Quote,2001-3-2,0.836348
CSCO,76076,QMLE-Quote,2001-3-5,0.384772
CSCO,76076,QMLE-Quote,2001-3-6,0.470998
CSCO,76076,QMLE-Quote,2001-3-7,0.512955
CSCO,76076,QMLE-Quote,2001-3-8,0.442284
CSCO,76076,QMLE-Quote,2001-3-9,0.816695
CSCO,76076,QMLE-Quote,2001-3-12,0.634201
CSCO,76076,QMLE-Quote,2001-3-13,0.695267
CSCO,76076,QMLE-Quote,2001-3-14,0.655013
CSCO,76076,QMLE-Quote,2001-3-15,0.61103
CSCO,76076,QMLE-Quote,2001-3-16,0.708216
CSCO,76076,QMLE-Quote,2001-3-19,0.558359
CSCO,76076,QMLE-Quote,2001-3-20,1.00393
CSCO,76076,QMLE-Quote,2001-3-21,1.04856
CSCO,76076,QMLE-Quote,2001-3-22,0.867471
CSCO,76076,QMLE-Quote,2001-3-23,0.699612
CSCO,76076,QMLE-Quote,2001-3-26,0.622692
CSCO,76076,QMLE-Quote,2001-3-27,0.577448
CSCO,76076,QMLE-Quote,2001-3-28,0.69199
CSCO,76076,QMLE-Quote,2001-3-29,0.66644
CSCO,76076,QMLE-Quote,2001-3-30,0.626243
CSCO,76076,QMLE-Quote,2001-4-2,0.679711
CSCO,76076,QMLE-Quote,2001-4-3,0.85957
CSCO,76076,QMLE-Quote,2001-4-4,1.17021
CSCO,76076,QMLE-Quote,2001-4-5,0.726755
CSCO,76076,QMLE-Quote,2001-4-6,0.821135
CSCO,76076,QMLE-Quote,2001-4-9,0.478336
CSCO,76076,QMLE-Quote,2001-4-10,0.593504
CSCO,76076,QMLE-Quote,2001-4-11,0.564004
CSCO,76076,QMLE-Quote,2001-4-12,0.66137
CSCO,76076,QMLE-Quote,2001-4-16,0.840983
CSCO,76076,QMLE-Quote,2001-4-17,0.976176
CSCO,76076,QMLE-Quote,2001-4-18,1.12296
CSCO,76076,QMLE-Quote,2001-4-19,0.608289
CSCO,76076,QMLE-Quote,2001-4-20,0.664903
CSCO,76076,QMLE-Quote,2001-4-23,0.503845
CSCO,76076,QMLE-Quote,2001-4-24,0.613271
CSCO,76076,QMLE-Quote,2001-4-25,0.482031
CSCO,76076,QMLE-Quote,2001-4-26,0.536571
CSCO,76076,QMLE-Quote,2001-4-27,0.524315
CSCO,76076,QMLE-Quote,2001-4-30,0.533812
CSCO,76076,QMLE-Quote,2001-5-1,0.640039
CSCO,76076,QMLE-Quote,2001-5-2,0.622304
CSCO,76076,QMLE-Quote,2001-5-3,0.570573
CSCO,76076,QMLE-Quote,2001-5-4,0.798533
CSCO,76076,QMLE-Quote,2001-5-7,0.534934
CSCO,76076,QMLE-Quote,2001-5-8,0.455708
CSCO,76076,QMLE-Quote,2001-5-9,0.491426
CSCO,76076,QMLE-Quote,2001-5-10,0.394394
CSCO,76076,QMLE-Quote,2001-5-11,0.424572
CSCO,76076,QMLE-Quote,2001-5-14,0.359891
CSCO,76076,QMLE-Quote,2001-5-15,0.690962
CSCO,76076,QMLE-Quote,2001-5-16,0.632066
CSCO,76076,QMLE-Quote,2001-5-17,0.70737
CSCO,76076,QMLE-Quote,2001-5-18,0.375965
CSCO,76076,QMLE-Quote,2001-5-21,0.698008
CSCO,76076,QMLE-Quote,2001-5-22,0.622956
CSCO,76076,QMLE-Quote,2001-5-23,0.377948
CSCO,76076,QMLE-Quote,2001-5-24,0.561401
CSCO,76076,QMLE-Quote,2001-5-25,0.377069
CSCO,76076,QMLE-Quote,2001-5-29,0.384408
CSCO,76076,QMLE-Quote,2001-5-30,0.542724
CSCO,76076,QMLE-Quote,2001-5-31,0.561604
CSCO,76076,QMLE-Quote,2001-6-1,0.500863
CSCO,76076,QMLE-Quote,2001-6-4,0.398821
CSCO,76076,QMLE-Quote,2001-6-5,0.603647
CSCO,76076,QMLE-Quote,2001-6-6,0.550412
CSCO,76076,QMLE-Quote,2001-6-7,0.464579
CSCO,76076,QMLE-Quote,2001-6-8,0.417205
CSCO,76076,QMLE-Quote,2001-6-11,0.345083
CSCO,76076,QMLE-Quote,2001-6-12,0.629936
CSCO,76076,QMLE-Quote,2001-6-13,0.475028
CSCO,76076,QMLE-Quote,2001-6-14,0.484423
CSCO,76076,QMLE-Quote,2001-6-15,0.48428
CSCO,76076,QMLE-Quote,2001-6-18,0.473652
CSCO,76076,QMLE-Quote,2001-6-19,0.446939
CSCO,76076,QMLE-Quote,2001-6-20,0.552958
CSCO,76076,QMLE-Quote,2001-6-21,0.741157
CSCO,76076,QMLE-Quote,2001-6-22,0.661143
CSCO,76076,QMLE-Quote,2001-6-25,0.485115
CSCO,76076,QMLE-Quote,2001-6-26,0.386869
CSCO,76076,QMLE-Quote,2001-6-27,0.386798
CSCO,76076,QMLE-Quote,2001-6-28,0.393908
CSCO,76076,QMLE-Quote,2001-6-29,0.528435
CSCO,76076,QMLE-Quote,2001-7-2,0.469235
CSCO,76076,QMLE-Quote,2001-7-3,0.358157
CSCO,76076,QMLE-Quote,2001-7-5,0.331825
CSCO,76076,QMLE-Quote,2001-7-6,0.35102
CSCO,76076,QMLE-Quote,2001-7-9,0.380262
CSCO,76076,QMLE-Quote,2001-7-10,0.477314
CSCO,76076,QMLE-Quote,2001-7-11,0.779082
CSCO,76076,QMLE-Quote,2001-7-12,0.389215
CSCO,76076,QMLE-Quote,2001-7-13,0.617517
CSCO,76076,QMLE-Quote,2001-7-16,0.391425
CSCO,76076,QMLE-Quote,2001-7-17,0.49997
CSCO,76076,QMLE-Quote,2001-7-18,0.51747
CSCO,76076,QMLE-Quote,2001-7-19,0.601803
CSCO,76076,QMLE-Quote,2001-7-20,0.548051
CSCO,76076,QMLE-Quote,2001-7-23,0.406365
CSCO,76076,QMLE-Quote,2001-7-24,0.45689
CSCO,76076,QMLE-Quote,2001-7-25,0.51772
CSCO,76076,QMLE-Quote,2001-7-26,0.563699
CSCO,76076,QMLE-Quote,2001-7-27,0.434718
CSCO,76076,QMLE-Quote,2001-7-30,0.399928
CSCO,76076,QMLE-Quote,2001-7-31,0.359662
CSCO,76076,QMLE-Quote,2001-8-1,0.295986
CSCO,76076,QMLE-Quote,2001-8-2,0.558728
CSCO,76076,QMLE-Quote,2001-8-3,0.442814
CSCO,76076,QMLE-Quote,2001-8-6,0.290674
CSCO,76076,QMLE-Quote,2001-8-7,0.331452
CSCO,76076,QMLE-Quote,2001-8-8,0.457164
CSCO,76076,QMLE-Quote,2001-8-9,0.476009
CSCO,76076,QMLE-Quote,2001-8-10,0.473554
CSCO,76076,QMLE-Quote,2001-8-13,0.359751
CSCO,76076,QMLE-Quote,2001-8-14,0.266994
CSCO,76076,QMLE-Quote,2001-8-15,0.323841
CSCO,76076,QMLE-Quote,2001-8-16,0.457036
CSCO,76076,QMLE-Quote,2001-8-17,0.42092
CSCO,76076,QMLE-Quote,2001-8-20,0.419256
CSCO,76076,QMLE-Quote,2001-8-21,0.393456
CSCO,76076,QMLE-Quote,2001-8-22,0.617339
CSCO,76076,QMLE-Quote,2001-8-23,0.487183
CSCO,76076,QMLE-Quote,2001-8-24,0.39369
CSCO,76076,QMLE-Quote,2001-8-27,0.301687
CSCO,76076,QMLE-Quote,2001-8-28,0.39178
CSCO,76076,QMLE-Quote,2001-8-29,0.381739
CSCO,76076,QMLE-Quote,2001-8-30,0.50682
CSCO,76076,QMLE-Quote,2001-8-31,0.562154
CSCO,76076,QMLE-Quote,2001-9-4,0.535909
CSCO,76076,QMLE-Quote,2001-9-5,0.868521
CSCO,76076,QMLE-Quote,2001-9-6,0.857086
CSCO,76076,QMLE-Quote,2001-9-7,0.684448
CSCO,76076,QMLE-Quote,2001-9-10,0.574253
CSCO,76076,QMLE-Quote,2001-9-17,0.942328
CSCO,76076,QMLE-Quote,2001-9-18,0.589773
CSCO,76076,QMLE-Quote,2001-9-19,0.924255
CSCO,76076,QMLE-Quote,2001-9-20,0.774448
CSCO,76076,QMLE-Quote,2001-9-21,0.680909
CSCO,76076,QMLE-Quote,2001-9-24,0.528064
CSCO,76076,QMLE-Quote,2001-9-25,0.725901
CSCO,76076,QMLE-Quote,2001-9-26,0.581419
CSCO,76076,QMLE-Quote,2001-9-27,0.724708
CSCO,76076,QMLE-Quote,2001-9-28,0.540072
CSCO,76076,QMLE-Quote,2001-10-1,0.608653
CSCO,76076,QMLE-Quote,2001-10-2,0.572014
CSCO,76076,QMLE-Quote,2001-10-3,1.68375
CSCO,76076,QMLE-Quote,2001-10-4,0.833785
CSCO,76076,QMLE-Quote,2001-10-5,0.676269
CSCO,76076,QMLE-Quote,2001-10-8,0.663254
CSCO,76076,QMLE-Quote,2001-10-9,0.473715
CSCO,76076,QMLE-Quote,2001-10-10,0.526371
CSCO,76076,QMLE-Quote,2001-10-11,0.499973
CSCO,76076,QMLE-Quote,2001-10-12,0.693031
CSCO,76076,QMLE-Quote,2001-10-15,0.521405
CSCO,76076,QMLE-Quote,2001-10-16,0.479204
CSCO,76076,QMLE-Quote,2001-10-17,0.68097
CSCO,76076,QMLE-Quote,2001-10-18,0.604933
CSCO,76076,QMLE-Quote,2001-10-19,0.460712
CSCO,76076,QMLE-Quote,2001-10-22,0.594181
CSCO,76076,QMLE-Quote,2001-10-23,0.51549
CSCO,76076,QMLE-Quote,2001-10-24,0.495475
CSCO,76076,QMLE-Quote,2001-10-25,0.561405
CSCO,76076,QMLE-Quote,2001-10-26,0.532248
CSCO,76076,QMLE-Quote,2001-10-29,0.587612
CSCO,76076,QMLE-Quote,2001-10-30,0.661572
CSCO,76076,QMLE-Quote,2001-10-31,0.497567
CSCO,76076,QMLE-Quote,2001-11-1,0.523172
CSCO,76076,QMLE-Quote,2001-11-2,0.468301
CSCO,76076,QMLE-Quote,2001-11-5,0.319364
CSCO,76076,QMLE-Quote,2001-11-6,0.47552
CSCO,76076,QMLE-Quote,2001-11-7,0.577051
CSCO,76076,QMLE-Quote,2001-11-8,0.411285
CSCO,76076,QMLE-Quote,2001-11-9,0.369273
CSCO,76076,QMLE-Quote,2001-11-12,0.61893
CSCO,76076,QMLE-Quote,2001-11-13,0.443776
CSCO,76076,QMLE-Quote,2001-11-14,0.32581
CSCO,76076,QMLE-Quote,2001-11-15,0.378913
CSCO,76076,QMLE-Quote,2001-11-16,0.261484
CSCO,76076,QMLE-Quote,2001-11-19,0.299735
CSCO,76076,QMLE-Quote,2001-11-20,0.316786
CSCO,76076,QMLE-Quote,2001-11-21,0.464918
CSCO,76076,QMLE-Quote,2001-11-23,0.324464
CSCO,76076,QMLE-Quote,2001-11-26,0.303501
CSCO,76076,QMLE-Quote,2001-11-27,0.441498
CSCO,76076,QMLE-Quote,2001-11-28,0.425342
CSCO,76076,QMLE-Quote,2001-11-29,0.414233
CSCO,76076,QMLE-Quote,2001-11-30,0.437199
CSCO,76076,QMLE-Quote,2001-12-3,0.270862
CSCO,76076,QMLE-Quote,2001-12-4,0.345266
CSCO,76076,QMLE-Quote,2001-12-5,0.528029
CSCO,76076,QMLE-Quote,2001-12-6,0.35103
CSCO,76076,QMLE-Quote,2001-12-7,0.409209
CSCO,76076,QMLE-Quote,2001-12-10,0.372244
CSCO,76076,QMLE-Quote,2001-12-11,0.335804
CSCO,76076,QMLE-Quote,2001-12-12,0.387789
CSCO,76076,QMLE-Quote,2001-12-13,0.375643
CSCO,76076,QMLE-Quote,2001-12-14,0.415253
CSCO,76076,QMLE-Quote,2001-12-17,0.30294
CSCO,76076,QMLE-Quote,2001-12-18,0.36492
CSCO,76076,QMLE-Quote,2001-12-19,0.312449
CSCO,76076,QMLE-Quote,2001-12-20,0.42541
CSCO,76076,QMLE-Quote,2001-12-21,0.383931
CSCO,76076,QMLE-Quote,2001-12-24,0.222403
CSCO,76076,QMLE-Quote,2001-12-26,0.349703
CSCO,76076,QMLE-Quote,2001-12-27,0.249905
CSCO,76076,QMLE-Quote,2001-12-28,0.294167
CSCO,76076,QMLE-Quote,2001-12-31,0.265272
CSCO,76076,QMLE-Quote,2002-1-2,0.525326
CSCO,76076,QMLE-Quote,2002-1-3,0.472431
CSCO,76076,QMLE-Quote,2002-1-4,0.425678
CSCO,76076,QMLE-Quote,2002-1-7,0.362256
CSCO,76076,QMLE-Quote,2002-1-8,0.396405
CSCO,76076,QMLE-Quote,2002-1-9,0.376855
CSCO,76076,QMLE-Quote,2002-1-10,0.45472
CSCO,76076,QMLE-Quote,2002-1-11,0.348919
CSCO,76076,QMLE-Quote,2002-1-14,0.297846
CSCO,76076,QMLE-Quote,2002-1-15,0.335627
CSCO,76076,QMLE-Quote,2002-1-16,0.312862
CSCO,76076,QMLE-Quote,2002-1-17,0.258684
CSCO,76076,QMLE-Quote,2002-1-18,0.363475
CSCO,76076,QMLE-Quote,2002-1-22,0.363003
CSCO,76076,QMLE-Quote,2002-1-23,0.386304
CSCO,76076,QMLE-Quote,2002-1-24,0.37001
CSCO,76076,QMLE-Quote,2002-1-25,0.2685
CSCO,76076,QMLE-Quote,2002-1-28,0.37598
CSCO,76076,QMLE-Quote,2002-1-29,0.409135
CSCO,76076,QMLE-Quote,2002-1-30,0.836371
CSCO,76076,QMLE-Quote,2002-1-31,0.363166
CSCO,76076,QMLE-Quote,2002-2-1,0.4551
CSCO,76076,QMLE-Quote,2002-2-4,0.347574
CSCO,76076,QMLE-Quote,2002-2-5,0.296069
CSCO,76076,QMLE-Quote,2002-2-6,0.528889
CSCO,76076,QMLE-Quote,2002-2-7,0.428254
CSCO,76076,QMLE-Quote,2002-2-8,0.537641
CSCO,76076,QMLE-Quote,2002-2-11,0.530191
CSCO,76076,QMLE-Quote,2002-2-12,0.390565
CSCO,76076,QMLE-Quote,2002-2-13,0.244564
CSCO,76076,QMLE-Quote,2002-2-14,0.25291
CSCO,76076,QMLE-Quote,2002-2-15,0.271561
CSCO,76076,QMLE-Quote,2002-2-19,0.261786
CSCO,76076,QMLE-Quote,2002-2-20,0.348259
CSCO,76076,QMLE-Quote,2002-2-21,0.473161
CSCO,76076,QMLE-Quote,2002-2-22,0.941144
CSCO,76076,QMLE-Quote,2002-2-25,0.433273
CSCO,76076,QMLE-Quote,2002-2-26,0.410066
CSCO,76076,QMLE-Quote,2002-2-27,0.588689
CSCO,76076,QMLE-Quote,2002-2-28,0.745588
CSCO,76076,QMLE-Quote,2002-3-1,0.434637
CSCO,76076,QMLE-Quote,2002-3-4,0.744432
CSCO,76076,QMLE-Quote,2002-3-5,0.534067
CSCO,76076,QMLE-Quote,2002-3-6,0.473945
CSCO,76076,QMLE-Quote,2002-3-7,0.474968
CSCO,76076,QMLE-Quote,2002-3-8,0.329199
CSCO,76076,QMLE-Quote,2002-3-11,0.408084
CSCO,76076,QMLE-Quote,2002-3-12,0.302252
CSCO,76076,QMLE-Quote,2002-3-13,0.238023
CSCO,76076,QMLE-Quote,2002-3-14,0.368458
CSCO,76076,QMLE-Quote,2002-3-15,0.307308
CSCO,76076,QMLE-Quote,2002-3-18,0.285587
CSCO,76076,QMLE-Quote,2002-3-19,0.397816
CSCO,76076,QMLE-Quote,2002-3-20,0.241167
CSCO,76076,QMLE-Quote,2002-3-21,0.324191
CSCO,76076,QMLE-Quote,2002-3-22,0.419897
CSCO,76076,QMLE-Quote,2002-3-25,0.344024
CSCO,76076,QMLE-Quote,2002-3-26,0.371614
CSCO,76076,QMLE-Quote,2002-3-27,0.321104
CSCO,76076,QMLE-Quote,2002-3-28,0.368165
CSCO,76076,QMLE-Quote,2002-4-1,0.376802
CSCO,76076,QMLE-Quote,2002-4-2,0.397862
CSCO,76076,QMLE-Quote,2002-4-3,0.336164
CSCO,76076,QMLE-Quote,2002-4-4,0.427371
CSCO,76076,QMLE-Quote,2002-4-5,0.377445
CSCO,76076,QMLE-Quote,2002-4-8,0.358789
CSCO,76076,QMLE-Quote,2002-4-9,0.565089
CSCO,76076,QMLE-Quote,2002-4-10,0.502639
CSCO,76076,QMLE-Quote,2002-4-11,0.360447
CSCO,76076,QMLE-Quote,2002-4-12,0.238693
CSCO,76076,QMLE-Quote,2002-4-15,0.355578
CSCO,76076,QMLE-Quote,2002-4-16,0.203815
CSCO,76076,QMLE-Quote,2002-4-17,0.401298
CSCO,76076,QMLE-Quote,2002-4-18,0.618926
CSCO,76076,QMLE-Quote,2002-4-19,0.371292
CSCO,76076,QMLE-Quote,2002-4-22,0.354035
CSCO,76076,QMLE-Quote,2002-4-23,0.37973
CSCO,76076,QMLE-Quote,2002-4-24,0.415483
CSCO,76076,QMLE-Quote,2002-4-25,0.546012
CSCO,76076,QMLE-Quote,2002-4-26,0.461696
CSCO,76076,QMLE-Quote,2002-4-29,0.475444
CSCO,76076,QMLE-Quote,2002-4-30,0.515768
CSCO,76076,QMLE-Quote,2002-5-1,0.555314
CSCO,76076,QMLE-Quote,2002-5-2,0.546555
CSCO,76076,QMLE-Quote,2002-5-3,0.521846
CSCO,76076,QMLE-Quote,2002-5-6,0.369817
CSCO,76076,QMLE-Quote,2002-5-7,0.736484
CSCO,76076,QMLE-Quote,2002-5-8,0.530552
CSCO,76076,QMLE-Quote,2002-5-9,0.497779
CSCO,76076,QMLE-Quote,2002-5-10,0.315121
CSCO,76076,QMLE-Quote,2002-5-13,0.545927
CSCO,76076,QMLE-Quote,2002-5-14,0.384116
CSCO,76076,QMLE-Quote,2002-5-15,0.518765
CSCO,76076,QMLE-Quote,2002-5-16,0.359498
CSCO,76076,QMLE-Quote,2002-5-17,0.325865
CSCO,76076,QMLE-Quote,2002-5-20,0.3703
CSCO,76076,QMLE-Quote,2002-5-21,0.360236
CSCO,76076,QMLE-Quote,2002-5-22,0.40711
CSCO,76076,QMLE-Quote,2002-5-23,0.485408
CSCO,76076,QMLE-Quote,2002-5-24,0.342016
CSCO,76076,QMLE-Quote,2002-5-28,0.285894
CSCO,76076,QMLE-Quote,2002-5-29,0.246969
CSCO,76076,QMLE-Quote,2002-5-30,0.429235
CSCO,76076,QMLE-Quote,2002-5-31,0.386048
CSCO,76076,QMLE-Quote,2002-6-3,0.422752
CSCO,76076,QMLE-Quote,2002-6-4,0.508491
CSCO,76076,QMLE-Quote,2002-6-5,0.455164
CSCO,76076,QMLE-Quote,2002-6-6,0.266169
CSCO,76076,QMLE-Quote,2002-6-7,0.559013
CSCO,76076,QMLE-Quote,2002-6-10,0.437514
CSCO,76076,QMLE-Quote,2002-6-11,0.426831
CSCO,76076,QMLE-Quote,2002-6-12,0.675799
CSCO,76076,QMLE-Quote,2002-6-13,0.43933
CSCO,76076,QMLE-Quote,2002-6-14,0.64061
CSCO,76076,QMLE-Quote,2002-6-17,0.418602
CSCO,76076,QMLE-Quote,2002-6-18,0.376385
CSCO,76076,QMLE-Quote,2002-6-19,0.425924
CSCO,76076,QMLE-Quote,2002-6-20,0.45434
CSCO,76076,QMLE-Quote,2002-6-21,0.399054
CSCO,76076,QMLE-Quote,2002-6-24,0.604645
CSCO,76076,QMLE-Quote,2002-6-25,0.614728
CSCO,76076,QMLE-Quote,2002-6-26,0.902192
CSCO,76076,QMLE-Quote,2002-6-27,0.620794
CSCO,76076,QMLE-Quote,2002-6-28,0.574261
CSCO,76076,QMLE-Quote,2002-7-1,0.537185
CSCO,76076,QMLE-Quote,2002-7-2,0.662211
CSCO,76076,QMLE-Quote,2002-7-3,0.551338
CSCO,76076,QMLE-Quote,2002-7-5,0.496872
CSCO,76076,QMLE-Quote,2002-7-8,0.477555
CSCO,76076,QMLE-Quote,2002-7-9,0.489504
CSCO,76076,QMLE-Quote,2002-7-10,0.54532
CSCO,76076,QMLE-Quote,2002-7-11,0.728772
CSCO,76076,QMLE-Quote,2002-7-12,0.66124
CSCO,76076,QMLE-Quote,2002-7-15,0.559533
CSCO,76076,QMLE-Quote,2002-7-16,0.620247
CSCO,76076,QMLE-Quote,2002-7-17,0.426141
CSCO,76076,QMLE-Quote,2002-7-18,0.479283
CSCO,76076,QMLE-Quote,2002-7-19,0.379828
CSCO,76076,QMLE-Quote,2002-7-22,0.746284
CSCO,76076,QMLE-Quote,2002-7-23,0.657916
CSCO,76076,QMLE-Quote,2002-7-24,0.827685
CSCO,76076,QMLE-Quote,2002-7-25,0.88647
CSCO,76076,QMLE-Quote,2002-7-26,0.68021
CSCO,76076,QMLE-Quote,2002-7-29,0.441457
CSCO,76076,QMLE-Quote,2002-7-30,0.574954
CSCO,76076,QMLE-Quote,2002-7-31,0.533592
CSCO,76076,QMLE-Quote,2002-8-1,0.818189
CSCO,76076,QMLE-Quote,2002-8-2,0.655027
CSCO,76076,QMLE-Quote,2002-8-5,0.565682
CSCO,76076,QMLE-Quote,2002-8-6,0.56146
CSCO,76076,QMLE-Quote,2002-8-7,0.606578
CSCO,76076,QMLE-Quote,2002-8-8,0.519662
CSCO,76076,QMLE-Quote,2002-8-9,0.41315
CSCO,76076,QMLE-Quote,2002-8-12,0.342488
CSCO,76076,QMLE-Quote,2002-8-13,0.510731
CSCO,76076,QMLE-Quote,2002-8-14,0.610188
CSCO,76076,QMLE-Quote,2002-8-15,0.535679
CSCO,76076,QMLE-Quote,2002-8-16,0.396081
CSCO,76076,QMLE-Quote,2002-8-19,0.318611
CSCO,76076,QMLE-Quote,2002-8-20,0.387027
CSCO,76076,QMLE-Quote,2002-8-21,0.360997
CSCO,76076,QMLE-Quote,2002-8-22,0.317077
CSCO,76076,QMLE-Quote,2002-8-23,0.365258
CSCO,76076,QMLE-Quote,2002-8-26,0.414611
CSCO,76076,QMLE-Quote,2002-8-27,0.447597
CSCO,76076,QMLE-Quote,2002-8-28,0.27224
CSCO,76076,QMLE-Quote,2002-8-29,0.514429
CSCO,76076,QMLE-Quote,2002-8-30,0.401373
CSCO,76076,QMLE-Quote,2002-9-3,0.339294
CSCO,76076,QMLE-Quote,2002-9-4,0.41552
CSCO,76076,QMLE-Quote,2002-9-5,0.320053
CSCO,76076,QMLE-Quote,2002-9-6,0.316957
CSCO,76076,QMLE-Quote,2002-9-9,0.381662
CSCO,76076,QMLE-Quote,2002-9-10,0.148736
CSCO,76076,QMLE-Quote,2002-9-11,0.441227
CSCO,76076,QMLE-Quote,2002-9-12,0.281803
CSCO,76076,QMLE-Quote,2002-9-13,0.369171
CSCO,76076,QMLE-Quote,2002-9-16,0.332768
CSCO,76076,QMLE-Quote,2002-9-17,0.372966
CSCO,76076,QMLE-Quote,2002-9-18,0.382637
CSCO,76076,QMLE-Quote,2002-9-19,0.344243
CSCO,76076,QMLE-Quote,2002-9-20,0.353807
CSCO,76076,QMLE-Quote,2002-9-23,0.363085
CSCO,76076,QMLE-Quote,2002-9-24,0.421084
CSCO,76076,QMLE-Quote,2002-9-25,0.619877
CSCO,76076,QMLE-Quote,2002-9-26,0.420982
CSCO,76076,QMLE-Quote,2002-9-27,0.415822
CSCO,76076,QMLE-Quote,2002-9-30,0.470183
CSCO,76076,QMLE-Quote,2002-10-1,0.639789
CSCO,76076,QMLE-Quote,2002-10-2,0.567339
CSCO,76076,QMLE-Quote,2002-10-3,0.600883
CSCO,76076,QMLE-Quote,2002-10-4,0.530048
CSCO,76076,QMLE-Quote,2002-10-7,0.572012
CSCO,76076,QMLE-Quote,2002-10-8,0.885732
CSCO,76076,QMLE-Quote,2002-10-9,0.833434
CSCO,76076,QMLE-Quote,2002-10-10,1.02044
CSCO,76076,QMLE-Quote,2002-10-11,0.63264
CSCO,76076,QMLE-Quote,2002-10-14,0.502363
CSCO,76076,QMLE-Quote,2002-10-15,0.542733
CSCO,76076,QMLE-Quote,2002-10-16,0.474669
CSCO,76076,QMLE-Quote,2002-10-17,0.555415
CSCO,76076,QMLE-Quote,2002-10-18,0.705122
CSCO,76076,QMLE-Quote,2002-10-21,0.537274
CSCO,76076,QMLE-Quote,2002-10-22,0.771455
CSCO,76076,QMLE-Quote,2002-10-23,0.614394
CSCO,76076,QMLE-Quote,2002-10-24,0.657598
CSCO,76076,QMLE-Quote,2002-10-25,0.603735
CSCO,76076,QMLE-Quote,2002-10-28,0.641345
CSCO,76076,QMLE-Quote,2002-10-29,0.661754
CSCO,76076,QMLE-Quote,2002-10-30,0.656187
CSCO,76076,QMLE-Quote,2002-10-31,0.574757
CSCO,76076,QMLE-Quote,2002-11-1,0.551599
CSCO,76076,QMLE-Quote,2002-11-4,0.526027
CSCO,76076,QMLE-Quote,2002-11-5,0.522567
CSCO,76076,QMLE-Quote,2002-11-6,0.602134
CSCO,76076,QMLE-Quote,2002-11-7,0.520769
CSCO,76076,QMLE-Quote,2002-11-8,0.479521
CSCO,76076,QMLE-Quote,2002-11-11,0.541542
CSCO,76076,QMLE-Quote,2002-11-12,0.492299
CSCO,76076,QMLE-Quote,2002-11-13,0.567511
CSCO,76076,QMLE-Quote,2002-11-14,0.344829
CSCO,76076,QMLE-Quote,2002-11-15,0.581741
CSCO,76076,QMLE-Quote,2002-11-18,0.444202
CSCO,76076,QMLE-Quote,2002-11-19,0.494457
CSCO,76076,QMLE-Quote,2002-11-20,0.405271
CSCO,76076,QMLE-Quote,2002-11-21,0.411617
CSCO,76076,QMLE-Quote,2002-11-22,0.447155
CSCO,76076,QMLE-Quote,2002-11-25,0.305539
CSCO,76076,QMLE-Quote,2002-11-26,0.372709
CSCO,76076,QMLE-Quote,2002-11-27,0.329314
CSCO,76076,QMLE-Quote,2002-11-29,0.245105
CSCO,76076,QMLE-Quote,2002-12-2,0.344459
CSCO,76076,QMLE-Quote,2002-12-3,0.309238
CSCO,76076,QMLE-Quote,2002-12-4,0.568481
CSCO,76076,QMLE-Quote,2002-12-5,0.492095
CSCO,76076,QMLE-Quote,2002-12-6,0.46307
CSCO,76076,QMLE-Quote,2002-12-9,0.351923
CSCO,76076,QMLE-Quote,2002-12-10,0.402201
CSCO,76076,QMLE-Quote,2002-12-11,0.353626
CSCO,76076,QMLE-Quote,2002-12-12,0.371391
CSCO,76076,QMLE-Quote,2002-12-13,0.405868
CSCO,76076,QMLE-Quote,2002-12-16,0.390048
CSCO,76076,QMLE-Quote,2002-12-17,0.334801
CSCO,76076,QMLE-Quote,2002-12-18,0.359367
CSCO,76076,QMLE-Quote,2002-12-19,0.424118
CSCO,76076,QMLE-Quote,2002-12-20,0.433863
CSCO,76076,QMLE-Quote,2002-12-23,0.305533
CSCO,76076,QMLE-Quote,2002-12-24,0.348325
CSCO,76076,QMLE-Quote,2002-12-26,0.263823
CSCO,76076,QMLE-Quote,2002-12-27,0.201421
CSCO,76076,QMLE-Quote,2002-12-30,0.218198
CSCO,76076,QMLE-Quote,2002-12-31,0.258237
CSCO,76076,QMLE-Quote,2003-1-2,0.358979
CSCO,76076,QMLE-Quote,2003-1-3,0.348395
CSCO,76076,QMLE-Quote,2003-1-6,0.251387
CSCO,76076,QMLE-Quote,2003-1-7,0.378841
CSCO,76076,QMLE-Quote,2003-1-8,0.310857
CSCO,76076,QMLE-Quote,2003-1-9,0.254234
CSCO,76076,QMLE-Quote,2003-1-10,0.304156
CSCO,76076,QMLE-Quote,2003-1-13,0.325699
CSCO,76076,QMLE-Quote,2003-1-14,0.271665
CSCO,76076,QMLE-Quote,2003-1-15,0.276477
CSCO,76076,QMLE-Quote,2003-1-16,0.315033
CSCO,76076,QMLE-Quote,2003-1-17,0.354332
CSCO,76076,QMLE-Quote,2003-1-21,0.331671
CSCO,76076,QMLE-Quote,2003-1-22,0.348139
CSCO,76076,QMLE-Quote,2003-1-23,0.350126
CSCO,76076,QMLE-Quote,2003-1-24,0.375492
CSCO,76076,QMLE-Quote,2003-1-27,0.465973
CSCO,76076,QMLE-Quote,2003-1-28,0.370758
CSCO,76076,QMLE-Quote,2003-1-29,0.396917
CSCO,76076,QMLE-Quote,2003-1-30,0.398953
CSCO,76076,QMLE-Quote,2003-1-31,0.545617
CSCO,76076,QMLE-Quote,2003-2-3,0.345211
CSCO,76076,QMLE-Quote,2003-2-4,0.330397
CSCO,76076,QMLE-Quote,2003-2-5,0.373741
CSCO,76076,QMLE-Quote,2003-2-6,0.320974
CSCO,76076,QMLE-Quote,2003-2-7,0.34679
CSCO,76076,QMLE-Quote,2003-2-10,0.27743
CSCO,76076,QMLE-Quote,2003-2-11,0.263211
CSCO,76076,QMLE-Quote,2003-2-12,0.278531
CSCO,76076,QMLE-Quote,2003-2-13,0.283642
CSCO,76076,QMLE-Quote,2003-2-14,0.310796
CSCO,76076,QMLE-Quote,2003-2-18,0.26122
CSCO,76076,QMLE-Quote,2003-2-19,0.238262
CSCO,76076,QMLE-Quote,2003-2-20,0.275909
CSCO,76076,QMLE-Quote,2003-2-21,0.337157
CSCO,76076,QMLE-Quote,2003-2-24,0.285652
CSCO,76076,QMLE-Quote,2003-2-25,0.355802
CSCO,76076,QMLE-Quote,2003-2-26,0.285781
CSCO,76076,QMLE-Quote,2003-2-27,0.322457
CSCO,76076,QMLE-Quote,2003-2-28,0.282199
CSCO,76076,QMLE-Quote,2003-3-3,0.275027
CSCO,76076,QMLE-Quote,2003-3-4,0.239817
CSCO,76076,QMLE-Quote,2003-3-5,0.261235
CSCO,76076,QMLE-Quote,2003-3-6,0.238863
CSCO,76076,QMLE-Quote,2003-3-7,0.258306
CSCO,76076,QMLE-Quote,2003-3-10,0.175239
CSCO,76076,QMLE-Quote,2003-3-11,0.238809
CSCO,76076,QMLE-Quote,2003-3-12,0.379284
CSCO,76076,QMLE-Quote,2003-3-13,0.314192
CSCO,76076,QMLE-Quote,2003-3-14,0.438169
CSCO,76076,QMLE-Quote,2003-3-17,0.433841
CSCO,76076,QMLE-Quote,2003-3-18,0.339755
CSCO,76076,QMLE-Quote,2003-3-19,0.331321
CSCO,76076,QMLE-Quote,2003-3-20,0.351004
CSCO,76076,QMLE-Quote,2003-3-21,0.366041
CSCO,76076,QMLE-Quote,2003-3-24,0.279169
CSCO,76076,QMLE-Quote,2003-3-25,0.339103
CSCO,76076,QMLE-Quote,2003-3-26,0.291057
CSCO,76076,QMLE-Quote,2003-3-27,0.216648
CSCO,76076,QMLE-Quote,2003-3-28,0.249474
CSCO,76076,QMLE-Quote,2003-3-31,0.253185
CSCO,76076,QMLE-Quote,2003-4-1,0.309645
CSCO,76076,QMLE-Quote,2003-4-2,0.255276
CSCO,76076,QMLE-Quote,2003-4-3,0.292301
CSCO,76076,QMLE-Quote,2003-4-4,0.331915
CSCO,76076,QMLE-Quote,2003-4-7,0.336926
CSCO,76076,QMLE-Quote,2003-4-8,0.323901
CSCO,76076,QMLE-Quote,2003-4-9,0.355754
CSCO,76076,QMLE-Quote,2003-4-10,0.252614
CSCO,76076,QMLE-Quote,2003-4-11,0.361063
CSCO,76076,QMLE-Quote,2003-4-14,0.237877
CSCO,76076,QMLE-Quote,2003-4-15,0.231233
CSCO,76076,QMLE-Quote,2003-4-16,0.329497
CSCO,76076,QMLE-Quote,2003-4-17,0.25973
CSCO,76076,QMLE-Quote,2003-4-21,0.267829
CSCO,76076,QMLE-Quote,2003-4-22,0.257925
CSCO,76076,QMLE-Quote,2003-4-23,0.343911
CSCO,76076,QMLE-Quote,2003-4-24,0.312644
CSCO,76076,QMLE-Quote,2003-4-25,0.401139
CSCO,76076,QMLE-Quote,2003-4-28,0.301789
CSCO,76076,QMLE-Quote,2003-4-29,0.339346
CSCO,76076,QMLE-Quote,2003-4-30,0.300093
CSCO,76076,QMLE-Quote,2003-5-1,0.271672
CSCO,76076,QMLE-Quote,2003-5-2,0.248923
CSCO,76076,QMLE-Quote,2003-5-5,0.254227
CSCO,76076,QMLE-Quote,2003-5-6,0.297467
CSCO,76076,QMLE-Quote,2003-5-7,0.28671
CSCO,76076,QMLE-Quote,2003-5-8,0.26908
CSCO,76076,QMLE-Quote,2003-5-9,0.223164
CSCO,76076,QMLE-Quote,2003-5-12,0.235285
CSCO,76076,QMLE-Quote,2003-5-13,0.274168
CSCO,76076,QMLE-Quote,2003-5-14,0.271122
CSCO,76076,QMLE-Quote,2003-5-15,0.246216
CSCO,76076,QMLE-Quote,2003-5-16,0.242436
CSCO,76076,QMLE-Quote,2003-5-19,0.264585
CSCO,76076,QMLE-Quote,2003-5-20,0.258142
CSCO,76076,QMLE-Quote,2003-5-21,0.251136
CSCO,76076,QMLE-Quote,2003-5-22,0.188476
CSCO,76076,QMLE-Quote,2003-5-23,0.193795
CSCO,76076,QMLE-Quote,2003-5-27,0.275386
CSCO,76076,QMLE-Quote,2003-5-28,0.267066
CSCO,76076,QMLE-Quote,2003-5-29,0.372022
CSCO,76076,QMLE-Quote,2003-5-30,0.362212
CSCO,76076,QMLE-Quote,2003-6-2,0.295925
CSCO,76076,QMLE-Quote,2003-6-3,0.250739
CSCO,76076,QMLE-Quote,2003-6-4,0.239946
CSCO,76076,QMLE-Quote,2003-6-5,0.257986
CSCO,76076,QMLE-Quote,2003-6-6,0.425579
CSCO,76076,QMLE-Quote,2003-6-9,0.343219
CSCO,76076,QMLE-Quote,2003-6-10,0.241093
CSCO,76076,QMLE-Quote,2003-6-11,0.285529
CSCO,76076,QMLE-Quote,2003-6-12,0.242003
CSCO,76076,QMLE-Quote,2003-6-13,0.270107
CSCO,76076,QMLE-Quote,2003-6-16,0.242259
CSCO,76076,QMLE-Quote,2003-6-17,0.257053
CSCO,76076,QMLE-Quote,2003-6-18,0.263898
CSCO,76076,QMLE-Quote,2003-6-19,0.298691
CSCO,76076,QMLE-Quote,2003-6-20,0.337946
CSCO,76076,QMLE-Quote,2003-6-23,0.307283
CSCO,76076,QMLE-Quote,2003-6-24,0.32866
CSCO,76076,QMLE-Quote,2003-6-25,0.363198
CSCO,76076,QMLE-Quote,2003-6-26,0.282321
CSCO,76076,QMLE-Quote,2003-6-27,0.335351
CSCO,76076,QMLE-Quote,2003-6-30,0.243264
CSCO,76076,QMLE-Quote,2003-7-1,0.345071
CSCO,76076,QMLE-Quote,2003-7-2,0.246007
CSCO,76076,QMLE-Quote,2003-7-3,0.396931
CSCO,76076,QMLE-Quote,2003-7-7,0.231991
CSCO,76076,QMLE-Quote,2003-7-8,0.282521
CSCO,76076,QMLE-Quote,2003-7-9,0.364262
CSCO,76076,QMLE-Quote,2003-7-10,0.35786
CSCO,76076,QMLE-Quote,2003-7-11,0.319897
CSCO,76076,QMLE-Quote,2003-7-14,0.351113
CSCO,76076,QMLE-Quote,2003-7-15,0.413658
CSCO,76076,QMLE-Quote,2003-7-16,0.304353
CSCO,76076,QMLE-Quote,2003-7-17,0.332505
CSCO,76076,QMLE-Quote,2003-7-18,0.355792
CSCO,76076,QMLE-Quote,2003-7-21,0.293155
CSCO,76076,QMLE-Quote,2003-7-22,0.354968
CSCO,76076,QMLE-Quote,2003-7-23,0.329408
CSCO,76076,QMLE-Quote,2003-7-24,0.32303
CSCO,76076,QMLE-Quote,2003-7-25,0.351763
CSCO,76076,QMLE-Quote,2003-7-28,0.302695
CSCO,76076,QMLE-Quote,2003-7-29,0.392209
CSCO,76076,QMLE-Quote,2003-7-30,0.251921
CSCO,76076,QMLE-Quote,2003-7-31,0.271467
CSCO,76076,QMLE-Quote,2003-8-1,0.297205
CSCO,76076,QMLE-Quote,2003-8-4,0.248795
CSCO,76076,QMLE-Quote,2003-8-5,0.277918
CSCO,76076,QMLE-Quote,2003-8-6,0.347933
CSCO,76076,QMLE-Quote,2003-8-7,0.27815
CSCO,76076,QMLE-Quote,2003-8-8,0.19394
CSCO,76076,QMLE-Quote,2003-8-11,0.187516
CSCO,76076,QMLE-Quote,2003-8-12,0.198135
CSCO,76076,QMLE-Quote,2003-8-13,0.219221
CSCO,76076,QMLE-Quote,2003-8-14,0.233401
CSCO,76076,QMLE-Quote,2003-8-15,0.189586
CSCO,76076,QMLE-Quote,2003-8-18,0.213613
CSCO,76076,QMLE-Quote,2003-8-19,0.238304
CSCO,76076,QMLE-Quote,2003-8-20,0.261522
CSCO,76076,QMLE-Quote,2003-8-21,0.224578
CSCO,76076,QMLE-Quote,2003-8-22,0.286206
CSCO,76076,QMLE-Quote,2003-8-25,0.217179
CSCO,76076,QMLE-Quote,2003-8-26,0.254952
CSCO,76076,QMLE-Quote,2003-8-27,0.164889
CSCO,76076,QMLE-Quote,2003-8-28,0.172693
CSCO,76076,QMLE-Quote,2003-8-29,0.189295
CSCO,76076,QMLE-Quote,2003-9-2,0.233416
CSCO,76076,QMLE-Quote,2003-9-3,0.305157
CSCO,76076,QMLE-Quote,2003-9-4,0.230259
CSCO,76076,QMLE-Quote,2003-9-5,0.274325
CSCO,76076,QMLE-Quote,2003-9-8,0.208016
CSCO,76076,QMLE-Quote,2003-9-9,0.228432
CSCO,76076,QMLE-Quote,2003-9-10,0.264306
CSCO,76076,QMLE-Quote,2003-9-11,0.291373
CSCO,76076,QMLE-Quote,2003-9-12,0.2787
CSCO,76076,QMLE-Quote,2003-9-15,0.169115
CSCO,76076,QMLE-Quote,2003-9-16,0.252909
CSCO,76076,QMLE-Quote,2003-9-17,0.25934
CSCO,76076,QMLE-Quote,2003-9-18,0.233217
CSCO,76076,QMLE-Quote,2003-9-19,0.220569
CSCO,76076,QMLE-Quote,2003-9-22,0.219498
CSCO,76076,QMLE-Quote,2003-9-23,0.18231
CSCO,76076,QMLE-Quote,2003-9-24,0.307702
CSCO,76076,QMLE-Quote,2003-9-25,0.293818
CSCO,76076,QMLE-Quote,2003-9-26,0.352298
CSCO,76076,QMLE-Quote,2003-9-29,0.273243
CSCO,76076,QMLE-Quote,2003-9-30,0.306394
CSCO,76076,QMLE-Quote,2003-10-1,0.233742
CSCO,76076,QMLE-Quote,2003-10-2,0.220603
CSCO,76076,QMLE-Quote,2003-10-3,0.292539
CSCO,76076,QMLE-Quote,2003-10-6,0.237234
CSCO,76076,QMLE-Quote,2003-10-7,0.271862
CSCO,76076,QMLE-Quote,2003-10-8,0.23031
CSCO,76076,QMLE-Quote,2003-10-9,0.301736
CSCO,76076,QMLE-Quote,2003-10-10,0.218004
CSCO,76076,QMLE-Quote,2003-10-13,0.182286
CSCO,76076,QMLE-Quote,2003-10-14,0.169517
CSCO,76076,QMLE-Quote,2003-10-15,0.2264
CSCO,76076,QMLE-Quote,2003-10-16,0.19874
CSCO,76076,QMLE-Quote,2003-10-17,0.191787
CSCO,76076,QMLE-Quote,2003-10-20,0.182701
CSCO,76076,QMLE-Quote,2003-10-21,0.185735
CSCO,76076,QMLE-Quote,2003-10-22,0.18135
CSCO,76076,QMLE-Quote,2003-10-23,0.261853
CSCO,76076,QMLE-Quote,2003-10-24,0.288904
CSCO,76076,QMLE-Quote,2003-10-27,0.252861
CSCO,76076,QMLE-Quote,2003-10-28,0.275039
CSCO,76076,QMLE-Quote,2003-10-29,0.256527
CSCO,76076,QMLE-Quote,2003-10-30,0.231903
CSCO,76076,QMLE-Quote,2003-10-31,0.198562
CSCO,76076,QMLE-Quote,2003-11-3,0.205498
CSCO,76076,QMLE-Quote,2003-11-4,0.273691
CSCO,76076,QMLE-Quote,2003-11-5,0.259834
CSCO,76076,QMLE-Quote,2003-11-6,0.229361
CSCO,76076,QMLE-Quote,2003-11-7,0.21497
CSCO,76076,QMLE-Quote,2003-11-10,0.226327
CSCO,76076,QMLE-Quote,2003-11-11,0.215848
CSCO,76076,QMLE-Quote,2003-11-12,0.197244
CSCO,76076,QMLE-Quote,2003-11-13,0.210523
CSCO,76076,QMLE-Quote,2003-11-14,0.254015
CSCO,76076,QMLE-Quote,2003-11-17,0.23798
CSCO,76076,QMLE-Quote,2003-11-18,0.240201
CSCO,76076,QMLE-Quote,2003-11-19,0.266391
CSCO,76076,QMLE-Quote,2003-11-20,0.279353
CSCO,76076,QMLE-Quote,2003-11-21,0.235317
CSCO,76076,QMLE-Quote,2003-11-24,0.191816
CSCO,76076,QMLE-Quote,2003-11-25,0.24651
CSCO,76076,QMLE-Quote,2003-11-26,0.226837
CSCO,76076,QMLE-Quote,2003-11-28,0.154597
CSCO,76076,QMLE-Quote,2003-12-1,0.127757
CSCO,76076,QMLE-Quote,2003-12-2,0.14616
CSCO,76076,QMLE-Quote,2003-12-3,0.216239
CSCO,76076,QMLE-Quote,2003-12-4,0.204058
CSCO,76076,QMLE-Quote,2003-12-5,0.146797
CSCO,76076,QMLE-Quote,2003-12-8,0.179547
CSCO,76076,QMLE-Quote,2003-12-9,0.262266
CSCO,76076,QMLE-Quote,2003-12-10,0.355259
CSCO,76076,QMLE-Quote,2003-12-11,0.268341
CSCO,76076,QMLE-Quote,2003-12-12,0.19575
CSCO,76076,QMLE-Quote,2003-12-15,0.237091
CSCO,76076,QMLE-Quote,2003-12-16,0.266245
CSCO,76076,QMLE-Quote,2003-12-17,0.238435
CSCO,76076,QMLE-Quote,2003-12-18,0.224802
CSCO,76076,QMLE-Quote,2003-12-19,0.24798
CSCO,76076,QMLE-Quote,2003-12-22,0.171056
CSCO,76076,QMLE-Quote,2003-12-23,0.160598
CSCO,76076,QMLE-Quote,2003-12-24,0.127932
CSCO,76076,QMLE-Quote,2003-12-26,0.134094
CSCO,76076,QMLE-Quote,2003-12-29,0.140963
CSCO,76076,QMLE-Quote,2003-12-30,0.176516
CSCO,76076,QMLE-Quote,2003-12-31,0.151106
CSCO,76076,QMLE-Quote,2004-1-2,0.16763
CSCO,76076,QMLE-Quote,2004-1-5,0.184211
CSCO,76076,QMLE-Quote,2004-1-6,0.150257
CSCO,76076,QMLE-Quote,2004-1-7,0.223053
CSCO,76076,QMLE-Quote,2004-1-8,0.233155
CSCO,76076,QMLE-Quote,2004-1-9,0.314639
CSCO,76076,QMLE-Quote,2004-1-12,0.243339
CSCO,76076,QMLE-Quote,2004-1-13,0.271784
CSCO,76076,QMLE-Quote,2004-1-14,0.230244
CSCO,76076,QMLE-Quote,2004-1-15,0.275873
CSCO,76076,QMLE-Quote,2004-1-16,0.363227
CSCO,76076,QMLE-Quote,2004-1-20,0.306505
CSCO,76076,QMLE-Quote,2004-1-21,0.297129
CSCO,76076,QMLE-Quote,2004-1-22,0.30207
CSCO,76076,QMLE-Quote,2004-1-23,0.352226
CSCO,76076,QMLE-Quote,2004-1-26,0.238999
CSCO,76076,QMLE-Quote,2004-1-27,0.280156
CSCO,76076,QMLE-Quote,2004-1-28,0.358714
CSCO,76076,QMLE-Quote,2004-1-29,0.430204
CSCO,76076,QMLE-Quote,2004-1-30,0.328529
CSCO,76076,QMLE-Quote,2004-2-2,0.345227
CSCO,76076,QMLE-Quote,2004-2-3,0.290677
CSCO,76076,QMLE-Quote,2004-2-4,0.324646
CSCO,76076,QMLE-Quote,2004-2-5,0.283529
CSCO,76076,QMLE-Quote,2004-2-6,0.242929
CSCO,76076,QMLE-Quote,2004-2-9,0.253064
CSCO,76076,QMLE-Quote,2004-2-10,0.221769
CSCO,76076,QMLE-Quote,2004-2-11,0.275504
CSCO,76076,QMLE-Quote,2004-2-12,0.219244
CSCO,76076,QMLE-Quote,2004-2-13,0.217236
CSCO,76076,QMLE-Quote,2004-2-17,0.179052
CSCO,76076,QMLE-Quote,2004-2-18,0.127895
CSCO,76076,QMLE-Quote,2004-2-19,0.19931
CSCO,76076,QMLE-Quote,2004-2-20,0.339372
CSCO,76076,QMLE-Quote,2004-2-23,0.324275
CSCO,76076,QMLE-Quote,2004-2-24,0.365395
CSCO,76076,QMLE-Quote,2004-2-25,0.26371
CSCO,76076,QMLE-Quote,2004-2-26,0.261367
CSCO,76076,QMLE-Quote,2004-2-27,0.30465
CSCO,76076,QMLE-Quote,2004-3-1,0.197395
CSCO,76076,QMLE-Quote,2004-3-2,0.255663
CSCO,76076,QMLE-Quote,2004-3-3,0.23819
CSCO,76076,QMLE-Quote,2004-3-4,0.174338
CSCO,76076,QMLE-Quote,2004-3-5,0.341335
CSCO,76076,QMLE-Quote,2004-3-8,0.261405
CSCO,76076,QMLE-Quote,2004-3-9,0.321508
CSCO,76076,QMLE-Quote,2004-3-10,0.314058
CSCO,76076,QMLE-Quote,2004-3-11,0.32561
CSCO,76076,QMLE-Quote,2004-3-12,0.290795
CSCO,76076,QMLE-Quote,2004-3-15,0.325767
CSCO,76076,QMLE-Quote,2004-3-16,0.325273
CSCO,76076,QMLE-Quote,2004-3-17,0.185639
CSCO,76076,QMLE-Quote,2004-3-18,0.272544
CSCO,76076,QMLE-Quote,2004-3-19,0.264479
CSCO,76076,QMLE-Quote,2004-3-22,0.275388
CSCO,76076,QMLE-Quote,2004-3-23,0.267478
CSCO,76076,QMLE-Quote,2004-3-24,0.322758
CSCO,76076,QMLE-Quote,2004-3-25,0.238651
CSCO,76076,QMLE-Quote,2004-3-26,0.204888
CSCO,76076,QMLE-Quote,2004-3-29,0.181437
CSCO,76076,QMLE-Quote,2004-3-30,0.191754
CSCO,76076,QMLE-Quote,2004-3-31,0.222843
CSCO,76076,QMLE-Quote,2004-4-1,0.205938
CSCO,76076,QMLE-Quote,2004-4-2,0.200702
CSCO,76076,QMLE-Quote,2004-4-5,0.163535
CSCO,76076,QMLE-Quote,2004-4-6,0.197729
CSCO,76076,QMLE-Quote,2004-4-7,0.214058
CSCO,76076,QMLE-Quote,2004-4-8,0.210914
CSCO,76076,QMLE-Quote,2004-4-12,0.16307
CSCO,76076,QMLE-Quote,2004-4-13,0.234253
CSCO,76076,QMLE-Quote,2004-4-14,0.252313
CSCO,76076,QMLE-Quote,2004-4-15,0.360934
CSCO,76076,QMLE-Quote,2004-4-16,0.31785
CSCO,76076,QMLE-Quote,2004-4-19,0.222612
CSCO,76076,QMLE-Quote,2004-4-20,0.285054
CSCO,76076,QMLE-Quote,2004-4-21,0.350483
CSCO,76076,QMLE-Quote,2004-4-22,0.381006
CSCO,76076,QMLE-Quote,2004-4-23,0.380946
CSCO,76076,QMLE-Quote,2004-4-26,0.25388
CSCO,76076,QMLE-Quote,2004-4-27,0.284603
CSCO,76076,QMLE-Quote,2004-4-28,0.323441
CSCO,76076,QMLE-Quote,2004-4-29,0.370424
CSCO,76076,QMLE-Quote,2004-4-30,0.425622
CSCO,76076,QMLE-Quote,2004-5-3,0.308065
CSCO,76076,QMLE-Quote,2004-5-4,0.372887
CSCO,76076,QMLE-Quote,2004-5-5,0.323202
CSCO,76076,QMLE-Quote,2004-5-6,0.3145
CSCO,76076,QMLE-Quote,2004-5-7,0.33693
CSCO,76076,QMLE-Quote,2004-5-10,0.348544
CSCO,76076,QMLE-Quote,2004-5-11,0.252022
CSCO,76076,QMLE-Quote,2004-5-12,0.414868
CSCO,76076,QMLE-Quote,2004-5-13,0.308184
CSCO,76076,QMLE-Quote,2004-5-14,0.324005
CSCO,76076,QMLE-Quote,2004-5-17,0.278314
CSCO,76076,QMLE-Quote,2004-5-18,0.147492
CSCO,76076,QMLE-Quote,2004-5-19,0.260831
CSCO,76076,QMLE-Quote,2004-5-20,0.259665
CSCO,76076,QMLE-Quote,2004-5-21,0.229981
CSCO,76076,QMLE-Quote,2004-5-24,0.240307
CSCO,76076,QMLE-Quote,2004-5-25,0.259791
CSCO,76076,QMLE-Quote,2004-5-26,0.177779
CSCO,76076,QMLE-Quote,2004-5-27,0.154143
CSCO,76076,QMLE-Quote,2004-5-28,0.193777
CSCO,76076,QMLE-Quote,2004-6-1,0.178562
CSCO,76076,QMLE-Quote,2004-6-2,0.212635
CSCO,76076,QMLE-Quote,2004-6-3,0.221208
CSCO,76076,QMLE-Quote,2004-6-4,0.210812
CSCO,76076,QMLE-Quote,2004-6-7,0.223798
CSCO,76076,QMLE-Quote,2004-6-8,0.193168
CSCO,76076,QMLE-Quote,2004-6-9,0.176704
CSCO,76076,QMLE-Quote,2004-6-10,0.155144
CSCO,76076,QMLE-Quote,2004-6-14,0.189342
CSCO,76076,QMLE-Quote,2004-6-15,0.197857
CSCO,76076,QMLE-Quote,2004-6-16,0.14788
CSCO,76076,QMLE-Quote,2004-6-17,0.184813
CSCO,76076,QMLE-Quote,2004-6-18,0.205141
CSCO,76076,QMLE-Quote,2004-6-21,0.220135
CSCO,76076,QMLE-Quote,2004-6-22,0.321728
CSCO,76076,QMLE-Quote,2004-6-23,0.245425
CSCO,76076,QMLE-Quote,2004-6-24,0.24231
CSCO,76076,QMLE-Quote,2004-6-25,0.219251
CSCO,76076,QMLE-Quote,2004-6-28,0.249019
CSCO,76076,QMLE-Quote,2004-6-29,0.231055
CSCO,76076,QMLE-Quote,2004-6-30,0.210021
CSCO,76076,QMLE-Quote,2004-7-1,0.301956
CSCO,76076,QMLE-Quote,2004-7-2,0.2811
CSCO,76076,QMLE-Quote,2004-7-6,0.256704
CSCO,76076,QMLE-Quote,2004-7-7,0.204343
CSCO,76076,QMLE-Quote,2004-7-8,0.319187
CSCO,76076,QMLE-Quote,2004-7-9,0.226218
CSCO,76076,QMLE-Quote,2004-7-12,0.216019
CSCO,76076,QMLE-Quote,2004-7-13,0.213087
CSCO,76076,QMLE-Quote,2004-7-14,0.260224
CSCO,76076,QMLE-Quote,2004-7-15,0.288767
CSCO,76076,QMLE-Quote,2004-7-16,0.265676
CSCO,76076,QMLE-Quote,2004-7-19,0.317607
CSCO,76076,QMLE-Quote,2004-7-20,0.24874
CSCO,76076,QMLE-Quote,2004-7-21,0.347496
CSCO,76076,QMLE-Quote,2004-7-22,0.353492
CSCO,76076,QMLE-Quote,2004-7-23,0.326174
CSCO,76076,QMLE-Quote,2004-7-26,0.341459
CSCO,76076,QMLE-Quote,2004-7-27,0.337093
CSCO,76076,QMLE-Quote,2004-7-28,0.311139
CSCO,76076,QMLE-Quote,2004-7-29,0.244532
CSCO,76076,QMLE-Quote,2004-7-30,0.25216
CSCO,76076,QMLE-Quote,2004-8-2,0.312691
CSCO,76076,QMLE-Quote,2004-8-3,0.200028
CSCO,76076,QMLE-Quote,2004-8-4,0.321494
CSCO,76076,QMLE-Quote,2004-8-5,0.272617
CSCO,76076,QMLE-Quote,2004-8-6,0.339087
CSCO,76076,QMLE-Quote,2004-8-9,0.242425
CSCO,76076,QMLE-Quote,2004-8-10,0.243931
CSCO,76076,QMLE-Quote,2004-8-11,0.301971
CSCO,76076,QMLE-Quote,2004-8-12,0.397373
CSCO,76076,QMLE-Quote,2004-8-13,0.282982
CSCO,76076,QMLE-Quote,2004-8-16,0.273549
CSCO,76076,QMLE-Quote,2004-8-17,0.206119
CSCO,76076,QMLE-Quote,2004-8-18,0.289963
CSCO,76076,QMLE-Quote,2004-8-19,0.25981
CSCO,76076,QMLE-Quote,2004-8-20,0.20629
CSCO,76076,QMLE-Quote,2004-8-23,0.239865
CSCO,76076,QMLE-Quote,2004-8-24,0.220361
CSCO,76076,QMLE-Quote,2004-8-25,0.223589
CSCO,76076,QMLE-Quote,2004-8-26,0.18667
CSCO,76076,QMLE-Quote,2004-8-27,0.175588
CSCO,76076,QMLE-Quote,2004-8-30,0.171791
CSCO,76076,QMLE-Quote,2004-8-31,0.310469
CSCO,76076,QMLE-Quote,2004-9-1,0.255445
CSCO,76076,QMLE-Quote,2004-9-2,0.215062
CSCO,76076,QMLE-Quote,2004-9-3,0.294917
CSCO,76076,QMLE-Quote,2004-9-7,0.217162
CSCO,76076,QMLE-Quote,2004-9-8,0.291696
CSCO,76076,QMLE-Quote,2004-9-9,0.223461
CSCO,76076,QMLE-Quote,2004-9-10,0.233898
CSCO,76076,QMLE-Quote,2004-9-13,0.238267
CSCO,76076,QMLE-Quote,2004-9-14,0.261593
CSCO,76076,QMLE-Quote,2004-9-15,0.19924
CSCO,76076,QMLE-Quote,2004-9-16,0.19853
CSCO,76076,QMLE-Quote,2004-9-17,0.204656
CSCO,76076,QMLE-Quote,2004-9-20,0.305134
CSCO,76076,QMLE-Quote,2004-9-21,0.240002
CSCO,76076,QMLE-Quote,2004-9-22,0.187973
CSCO,76076,QMLE-Quote,2004-9-23,0.184637
CSCO,76076,QMLE-Quote,2004-9-24,0.299666
CSCO,76076,QMLE-Quote,2004-9-27,0.207438
CSCO,76076,QMLE-Quote,2004-9-28,0.213434
CSCO,76076,QMLE-Quote,2004-9-29,0.20911
CSCO,76076,QMLE-Quote,2004-9-30,0.211701
CSCO,76076,QMLE-Quote,2004-10-1,0.271749
CSCO,76076,QMLE-Quote,2004-10-4,0.220052
CSCO,76076,QMLE-Quote,2004-10-5,0.181984
CSCO,76076,QMLE-Quote,2004-10-6,0.222887
CSCO,76076,QMLE-Quote,2004-10-7,0.299958
CSCO,76076,QMLE-Quote,2004-10-8,0.24799
CSCO,76076,QMLE-Quote,2004-10-11,0.169757
CSCO,76076,QMLE-Quote,2004-10-12,0.271412
CSCO,76076,QMLE-Quote,2004-10-13,0.298851
CSCO,76076,QMLE-Quote,2004-10-14,0.249739
CSCO,76076,QMLE-Quote,2004-10-15,0.302431
CSCO,76076,QMLE-Quote,2004-10-18,0.264188
CSCO,76076,QMLE-Quote,2004-10-19,0.267536
CSCO,76076,QMLE-Quote,2004-10-20,0.265946
CSCO,76076,QMLE-Quote,2004-10-21,0.259488
CSCO,76076,QMLE-Quote,2004-10-22,0.241511
CSCO,76076,QMLE-Quote,2004-10-25,0.227725
CSCO,76076,QMLE-Quote,2004-10-26,0.225175
CSCO,76076,QMLE-Quote,2004-10-27,0.339071
CSCO,76076,QMLE-Quote,2004-10-28,0.310212
CSCO,76076,QMLE-Quote,2004-10-29,0.265899
CSCO,76076,QMLE-Quote,2004-11-1,0.244796
CSCO,76076,QMLE-Quote,2004-11-2,0.200045
CSCO,76076,QMLE-Quote,2004-11-3,0.274213
CSCO,76076,QMLE-Quote,2004-11-4,0.246183
CSCO,76076,QMLE-Quote,2004-11-5,0.217555
CSCO,76076,QMLE-Quote,2004-11-8,0.1871
CSCO,76076,QMLE-Quote,2004-11-9,0.189379
CSCO,76076,QMLE-Quote,2004-11-10,0.271089
CSCO,76076,QMLE-Quote,2004-11-11,0.207296
CSCO,76076,QMLE-Quote,2004-11-12,0.180884
CSCO,76076,QMLE-Quote,2004-11-15,0.245382
CSCO,76076,QMLE-Quote,2004-11-16,0.191024
CSCO,76076,QMLE-Quote,2004-11-17,0.26771
CSCO,76076,QMLE-Quote,2004-11-18,0.217175
CSCO,76076,QMLE-Quote,2004-11-19,0.206852
CSCO,76076,QMLE-Quote,2004-11-22,0.208159
CSCO,76076,QMLE-Quote,2004-11-23,0.150565
CSCO,76076,QMLE-Quote,2004-11-24,0.163827
CSCO,76076,QMLE-Quote,2004-11-26,0.181246
CSCO,76076,QMLE-Quote,2004-11-29,0.210443
CSCO,76076,QMLE-Quote,2004-11-30,0.259035
CSCO,76076,QMLE-Quote,2004-12-1,0.200629
CSCO,76076,QMLE-Quote,2004-12-2,0.22461
CSCO,76076,QMLE-Quote,2004-12-3,0.251645
CSCO,76076,QMLE-Quote,2004-12-6,0.188752
CSCO,76076,QMLE-Quote,2004-12-7,0.299937
CSCO,76076,QMLE-Quote,2004-12-8,0.216604
CSCO,76076,QMLE-Quote,2004-12-9,0.267332
CSCO,76076,QMLE-Quote,2004-12-10,0.197148
CSCO,76076,QMLE-Quote,2004-12-13,0.206863
CSCO,76076,QMLE-Quote,2004-12-14,0.2161
CSCO,76076,QMLE-Quote,2004-12-15,0.211965
CSCO,76076,QMLE-Quote,2004-12-16,0.219203
CSCO,76076,QMLE-Quote,2004-12-17,0.271558
CSCO,76076,QMLE-Quote,2004-12-20,0.18231
CSCO,76076,QMLE-Quote,2004-12-21,0.223662
CSCO,76076,QMLE-Quote,2004-12-22,0.21442
CSCO,76076,QMLE-Quote,2004-12-23,0.15214
CSCO,76076,QMLE-Quote,2004-12-27,0.169342
CSCO,76076,QMLE-Quote,2004-12-28,0.144878
CSCO,76076,QMLE-Quote,2004-12-29,0.101786
CSCO,76076,QMLE-Quote,2004-12-30,0.120814
CSCO,76076,QMLE-Quote,2004-12-31,0.0941565
CSCO,76076,QMLE-Quote,2005-1-3,0.218345
CSCO,76076,QMLE-Quote,2005-1-4,0.310267
CSCO,76076,QMLE-Quote,2005-1-5,0.320946
CSCO,76076,QMLE-Quote,2005-1-6,0.235873
CSCO,76076,QMLE-Quote,2005-1-7,0.230343
CSCO,76076,QMLE-Quote,2005-1-10,0.140063
CSCO,76076,QMLE-Quote,2005-1-11,0.197736
CSCO,76076,QMLE-Quote,2005-1-12,0.21538
CSCO,76076,QMLE-Quote,2005-1-13,0.174851
CSCO,76076,QMLE-Quote,2005-1-14,0.15705
CSCO,76076,QMLE-Quote,2005-1-18,0.142876
CSCO,76076,QMLE-Quote,2005-1-19,0.201687
CSCO,76076,QMLE-Quote,2005-1-20,0.262744
CSCO,76076,QMLE-Quote,2005-1-21,0.202441
CSCO,76076,QMLE-Quote,2005-1-24,0.283009
CSCO,76076,QMLE-Quote,2005-1-25,0.241805
CSCO,76076,QMLE-Quote,2005-1-26,0.254521
CSCO,76076,QMLE-Quote,2005-1-27,0.24151
CSCO,76076,QMLE-Quote,2005-1-28,0.293189
CSCO,76076,QMLE-Quote,2005-1-31,0.170464
CSCO,76076,QMLE-Quote,2005-2-1,0.181918
CSCO,76076,QMLE-Quote,2005-2-2,0.125627
CSCO,76076,QMLE-Quote,2005-2-3,0.231233
CSCO,76076,QMLE-Quote,2005-2-4,0.170278
CSCO,76076,QMLE-Quote,2005-2-7,0.161709
CSCO,76076,QMLE-Quote,2005-2-8,0.207268
CSCO,76076,QMLE-Quote,2005-2-9,0.310537
CSCO,76076,QMLE-Quote,2005-2-10,0.224936
CSCO,76076,QMLE-Quote,2005-2-11,0.241458
CSCO,76076,QMLE-Quote,2005-2-14,0.197407
CSCO,76076,QMLE-Quote,2005-2-15,0.216592
CSCO,76076,QMLE-Quote,2005-2-16,0.189851
CSCO,76076,QMLE-Quote,2005-2-17,0.149997
CSCO,76076,QMLE-Quote,2005-2-18,0.218068
CSCO,76076,QMLE-Quote,2005-2-22,0.229532
CSCO,76076,QMLE-Quote,2005-2-23,0.22523
CSCO,76076,QMLE-Quote,2005-2-24,0.125293
CSCO,76076,QMLE-Quote,2005-2-25,0.132173
CSCO,76076,QMLE-Quote,2005-2-28,0.188218
CSCO,76076,QMLE-Quote,2005-3-1,0.189662
CSCO,76076,QMLE-Quote,2005-3-2,0.201955
CSCO,76076,QMLE-Quote,2005-3-3,0.169576
CSCO,76076,QMLE-Quote,2005-3-4,0.110751
CSCO,76076,QMLE-Quote,2005-3-7,0.204208
CSCO,76076,QMLE-Quote,2005-3-8,0.241181
CSCO,76076,QMLE-Quote,2005-3-9,0.216454
CSCO,76076,QMLE-Quote,2005-3-10,0.219117
CSCO,76076,QMLE-Quote,2005-3-11,0.243038
CSCO,76076,QMLE-Quote,2005-3-14,0.168379
CSCO,76076,QMLE-Quote,2005-3-15,0.221937
CSCO,76076,QMLE-Quote,2005-3-16,0.211873
CSCO,76076,QMLE-Quote,2005-3-17,0.218673
CSCO,76076,QMLE-Quote,2005-3-18,0.215667
CSCO,76076,QMLE-Quote,2005-3-21,0.203563
CSCO,76076,QMLE-Quote,2005-3-22,0.217484
CSCO,76076,QMLE-Quote,2005-3-23,0.229566
CSCO,76076,QMLE-Quote,2005-3-24,0.201149
CSCO,76076,QMLE-Quote,2005-3-28,0.206609
CSCO,76076,QMLE-Quote,2005-3-29,0.161652
CSCO,76076,QMLE-Quote,2005-3-30,0.175731
CSCO,76076,QMLE-Quote,2005-3-31,0.164668
CSCO,76076,QMLE-Quote,2005-4-1,0.21233
CSCO,76076,QMLE-Quote,2005-4-4,0.202782
CSCO,76076,QMLE-Quote,2005-4-5,0.207558
CSCO,76076,QMLE-Quote,2005-4-6,0.203615
CSCO,76076,QMLE-Quote,2005-4-7,0.202555
CSCO,76076,QMLE-Quote,2005-4-8,0.19159
CSCO,76076,QMLE-Quote,2005-4-11,0.158398
CSCO,76076,QMLE-Quote,2005-4-12,0.325099
CSCO,76076,QMLE-Quote,2005-4-13,0.217018
CSCO,76076,QMLE-Quote,2005-4-14,0.247896
CSCO,76076,QMLE-Quote,2005-4-15,0.245453
CSCO,76076,QMLE-Quote,2005-4-18,0.264272
CSCO,76076,QMLE-Quote,2005-4-19,0.179573
CSCO,76076,QMLE-Quote,2005-4-20,0.239213
CSCO,76076,QMLE-Quote,2005-4-21,0.219262
CSCO,76076,QMLE-Quote,2005-4-22,0.224639
CSCO,76076,QMLE-Quote,2005-4-25,0.17289
CSCO,76076,QMLE-Quote,2005-4-26,0.216838
CSCO,76076,QMLE-Quote,2005-4-27,0.217849
CSCO,76076,QMLE-Quote,2005-4-28,0.189304
CSCO,76076,QMLE-Quote,2005-4-29,0.149808
CSCO,76076,QMLE-Quote,2005-5-2,0.109689
CSCO,76076,QMLE-Quote,2005-5-3,0.189594
CSCO,76076,QMLE-Quote,2005-5-4,0.195203
CSCO,76076,QMLE-Quote,2005-5-5,0.245857
CSCO,76076,QMLE-Quote,2005-5-6,0.147418
CSCO,76076,QMLE-Quote,2005-5-9,0.147228
CSCO,76076,QMLE-Quote,2005-5-10,0.199707
CSCO,76076,QMLE-Quote,2005-5-11,0.226435
CSCO,76076,QMLE-Quote,2005-5-12,0.198938
CSCO,76076,QMLE-Quote,2005-5-13,0.255011
CSCO,76076,QMLE-Quote,2005-5-16,0.196558
CSCO,76076,QMLE-Quote,2005-5-17,0.180531
CSCO,76076,QMLE-Quote,2005-5-18,0.16722
CSCO,76076,QMLE-Quote,2005-5-19,0.178043
CSCO,76076,QMLE-Quote,2005-5-20,0.0874215
CSCO,76076,QMLE-Quote,2005-5-23,0.143409
CSCO,76076,QMLE-Quote,2005-5-24,0.19445
CSCO,76076,QMLE-Quote,2005-5-25,0.203967
CSCO,76076,QMLE-Quote,2005-5-26,0.155407
CSCO,76076,QMLE-Quote,2005-5-27,0.102149
CSCO,76076,QMLE-Quote,2005-5-31,0.196787
CSCO,76076,QMLE-Quote,2005-6-1,0.202465
CSCO,76076,QMLE-Quote,2005-6-2,0.164017
CSCO,76076,QMLE-Quote,2005-6-3,0.185678
CSCO,76076,QMLE-Quote,2005-6-6,0.195737
CSCO,76076,QMLE-Quote,2005-6-7,0.247652
CSCO,76076,QMLE-Quote,2005-6-8,0.210653
CSCO,76076,QMLE-Quote,2005-6-9,0.212617
CSCO,76076,QMLE-Quote,2005-6-10,0.194671
CSCO,76076,QMLE-Quote,2005-6-13,0.167994
CSCO,76076,QMLE-Quote,2005-6-14,0.162578
CSCO,76076,QMLE-Quote,2005-6-15,0.193533
CSCO,76076,QMLE-Quote,2005-6-16,0.140139
CSCO,76076,QMLE-Quote,2005-6-17,0.212159
CSCO,76076,QMLE-Quote,2005-6-20,0.162794
CSCO,76076,QMLE-Quote,2005-6-21,0.204784
CSCO,76076,QMLE-Quote,2005-6-22,0.152645
CSCO,76076,QMLE-Quote,2005-6-23,0.250909
CSCO,76076,QMLE-Quote,2005-6-24,0.224951
CSCO,76076,QMLE-Quote,2005-6-27,0.213357
CSCO,76076,QMLE-Quote,2005-6-28,0.154058
CSCO,76076,QMLE-Quote,2005-6-29,0.228126
CSCO,76076,QMLE-Quote,2005-6-30,0.203066
CSCO,76076,QMLE-Quote,2005-7-1,0.149984
CSCO,76076,QMLE-Quote,2005-7-5,0.219399
CSCO,76076,QMLE-Quote,2005-7-6,0.193863
CSCO,76076,QMLE-Quote,2005-7-7,0.25067
CSCO,76076,QMLE-Quote,2005-7-8,0.17881
CSCO,76076,QMLE-Quote,2005-7-11,0.196877
CSCO,76076,QMLE-Quote,2005-7-12,0.165196
CSCO,76076,QMLE-Quote,2005-7-13,0.148886
CSCO,76076,QMLE-Quote,2005-7-14,0.20076
CSCO,76076,QMLE-Quote,2005-7-15,0.140789
CSCO,76076,QMLE-Quote,2005-7-18,0.125167
CSCO,76076,QMLE-Quote,2005-7-19,0.164641
CSCO,76076,QMLE-Quote,2005-7-20,0.233523
CSCO,76076,QMLE-Quote,2005-7-21,0.238437
CSCO,76076,QMLE-Quote,2005-7-22,0.187631
CSCO,76076,QMLE-Quote,2005-7-25,0.198388
CSCO,76076,QMLE-Quote,2005-7-26,0.151681
CSCO,76076,QMLE-Quote,2005-7-27,0.16527
CSCO,76076,QMLE-Quote,2005-7-28,0.17511
CSCO,76076,QMLE-Quote,2005-7-29,0.170224
CSCO,76076,QMLE-Quote,2005-8-1,0.157637
CSCO,76076,QMLE-Quote,2005-8-2,0.17144
CSCO,76076,QMLE-Quote,2005-8-3,0.193593
CSCO,76076,QMLE-Quote,2005-8-4,0.178605
CSCO,76076,QMLE-Quote,2005-8-5,0.159167
CSCO,76076,QMLE-Quote,2005-8-8,0.155686
CSCO,76076,QMLE-Quote,2005-8-9,0.159438
CSCO,76076,QMLE-Quote,2005-8-10,0.238093
CSCO,76076,QMLE-Quote,2005-8-11,0.299384
CSCO,76076,QMLE-Quote,2005-8-12,0.156497
CSCO,76076,QMLE-Quote,2005-8-15,0.168472
CSCO,76076,QMLE-Quote,2005-8-16,0.137787
CSCO,76076,QMLE-Quote,2005-8-17,0.170359
CSCO,76076,QMLE-Quote,2005-8-18,0.16094
CSCO,76076,QMLE-Quote,2005-8-19,0.117223
CSCO,76076,QMLE-Quote,2005-8-22,0.127613
CSCO,76076,QMLE-Quote,2005-8-23,0.152296
CSCO,76076,QMLE-Quote,2005-8-24,0.129194
CSCO,76076,QMLE-Quote,2005-8-25,0.124107
CSCO,76076,QMLE-Quote,2005-8-26,0.137046
CSCO,76076,QMLE-Quote,2005-8-29,0.167879
CSCO,76076,QMLE-Quote,2005-8-30,0.131874
CSCO,76076,QMLE-Quote,2005-8-31,0.154432
CSCO,76076,QMLE-Quote,2005-9-1,0.204102
CSCO,76076,QMLE-Quote,2005-9-2,0.151892
CSCO,76076,QMLE-Quote,2005-9-6,0.136734
CSCO,76076,QMLE-Quote,2005-9-7,0.155762
CSCO,76076,QMLE-Quote,2005-9-8,0.152212
CSCO,76076,QMLE-Quote,2005-9-9,0.153723
CSCO,76076,QMLE-Quote,2005-9-12,0.121582
CSCO,76076,QMLE-Quote,2005-9-13,0.10915
CSCO,76076,QMLE-Quote,2005-9-14,0.159369
CSCO,76076,QMLE-Quote,2005-9-15,0.160885
CSCO,76076,QMLE-Quote,2005-9-16,0.175775
CSCO,76076,QMLE-Quote,2005-9-19,0.15986
CSCO,76076,QMLE-Quote,2005-9-20,0.251222
CSCO,76076,QMLE-Quote,2005-9-21,0.18374
CSCO,76076,QMLE-Quote,2005-9-22,0.179785
CSCO,76076,QMLE-Quote,2005-9-23,0.156479
CSCO,76076,QMLE-Quote,2005-9-26,0.167842
CSCO,76076,QMLE-Quote,2005-9-27,0.127174
CSCO,76076,QMLE-Quote,2005-9-28,0.182696
CSCO,76076,QMLE-Quote,2005-9-29,0.213484
CSCO,76076,QMLE-Quote,2005-9-30,0.164304
CSCO,76076,QMLE-Quote,2005-10-3,0.168052
CSCO,76076,QMLE-Quote,2005-10-4,0.153106
CSCO,76076,QMLE-Quote,2005-10-5,0.214582
CSCO,76076,QMLE-Quote,2005-10-6,0.180001
CSCO,76076,QMLE-Quote,2005-10-7,0.108792
CSCO,76076,QMLE-Quote,2005-10-10,0.242093
CSCO,76076,QMLE-Quote,2005-10-11,0.196559
CSCO,76076,QMLE-Quote,2005-10-12,0.260532
CSCO,76076,QMLE-Quote,2005-10-13,0.227953
CSCO,76076,QMLE-Quote,2005-10-14,0.141111
CSCO,76076,QMLE-Quote,2005-10-17,0.15331
CSCO,76076,QMLE-Quote,2005-10-18,0.16005
CSCO,76076,QMLE-Quote,2005-10-19,0.24132
CSCO,76076,QMLE-Quote,2005-10-20,0.20238
CSCO,76076,QMLE-Quote,2005-10-21,0.186633
CSCO,76076,QMLE-Quote,2005-10-24,0.196868
CSCO,76076,QMLE-Quote,2005-10-25,0.157753
CSCO,76076,QMLE-Quote,2005-10-26,0.131255
CSCO,76076,QMLE-Quote,2005-10-27,0.183632
CSCO,76076,QMLE-Quote,2005-10-28,0.125455
CSCO,76076,QMLE-Quote,2005-10-31,0.217873
CSCO,76076,QMLE-Quote,2005-11-1,0.159425
CSCO,76076,QMLE-Quote,2005-11-2,0.206018
CSCO,76076,QMLE-Quote,2005-11-3,0.195623
CSCO,76076,QMLE-Quote,2005-11-4,0.209165
CSCO,76076,QMLE-Quote,2005-11-7,0.164855
CSCO,76076,QMLE-Quote,2005-11-8,0.124709
CSCO,76076,QMLE-Quote,2005-11-9,0.136771
CSCO,76076,QMLE-Quote,2005-11-10,0.202247
CSCO,76076,QMLE-Quote,2005-11-11,0.187835
CSCO,76076,QMLE-Quote,2005-11-14,0.147572
CSCO,76076,QMLE-Quote,2005-11-15,0.139471
CSCO,76076,QMLE-Quote,2005-11-16,0.135883
CSCO,76076,QMLE-Quote,2005-11-17,0.107312
CSCO,76076,QMLE-Quote,2005-11-18,0.19425
CSCO,76076,QMLE-Quote,2005-11-21,0.0615279
CSCO,76076,QMLE-Quote,2005-11-22,0.219056
CSCO,76076,QMLE-Quote,2005-11-23,0.146531
CSCO,76076,QMLE-Quote,2005-11-25,0.145736
CSCO,76076,QMLE-Quote,2005-11-28,0.120009
CSCO,76076,QMLE-Quote,2005-11-29,0.207376
CSCO,76076,QMLE-Quote,2005-11-30,0.184853
CSCO,76076,QMLE-Quote,2005-12-1,0.135669
CSCO,76076,QMLE-Quote,2005-12-2,0.13055
CSCO,76076,QMLE-Quote,2005-12-5,0.174289
CSCO,76076,QMLE-Quote,2005-12-6,0.152626
CSCO,76076,QMLE-Quote,2005-12-7,0.177724
CSCO,76076,QMLE-Quote,2005-12-8,0.186227
CSCO,76076,QMLE-Quote,2005-12-9,0.136837
CSCO,76076,QMLE-Quote,2005-12-12,0.148551
CSCO,76076,QMLE-Quote,2005-12-13,0.139457
CSCO,76076,QMLE-Quote,2005-12-14,0.143726
CSCO,76076,QMLE-Quote,2005-12-15,0.136991
CSCO,76076,QMLE-Quote,2005-12-16,0.150221
CSCO,76076,QMLE-Quote,2005-12-19,0.126422
CSCO,76076,QMLE-Quote,2005-12-20,0.134129
CSCO,76076,QMLE-Quote,2005-12-21,0.15326
CSCO,76076,QMLE-Quote,2005-12-22,0.112176
CSCO,76076,QMLE-Quote,2005-12-23,0.0858673
CSCO,76076,QMLE-Quote,2005-12-27,0.0957632
CSCO,76076,QMLE-Quote,2005-12-28,0.133057
CSCO,76076,QMLE-Quote,2005-12-29,0.0953875
CSCO,76076,QMLE-Quote,2005-12-30,0.0988798
CSCO,76076,QMLE-Quote,2006-1-3,0.156558
CSCO,76076,QMLE-Quote,2006-1-4,0.190342
CSCO,76076,QMLE-Quote,2006-1-5,0.231135
CSCO,76076,QMLE-Quote,2006-1-6,0.277218
CSCO,76076,QMLE-Quote,2006-1-9,0.111916
CSCO,76076,QMLE-Quote,2006-1-10,0.228559
CSCO,76076,QMLE-Quote,2006-1-11,0.191603
CSCO,76076,QMLE-Quote,2006-1-12,0.188602
CSCO,76076,QMLE-Quote,2006-1-13,0.199605
CSCO,76076,QMLE-Quote,2006-1-17,0.16498
CSCO,76076,QMLE-Quote,2006-1-18,0.23283
CSCO,76076,QMLE-Quote,2006-1-19,0.173223
CSCO,76076,QMLE-Quote,2006-1-20,0.320361
CSCO,76076,QMLE-Quote,2006-1-23,0.209535
CSCO,76076,QMLE-Quote,2006-1-24,0.209741
CSCO,76076,QMLE-Quote,2006-1-25,0.245752
CSCO,76076,QMLE-Quote,2006-1-26,0.250141
CSCO,76076,QMLE-Quote,2006-1-27,0.253796
CSCO,76076,QMLE-Quote,2006-1-30,0.192593
CSCO,76076,QMLE-Quote,2006-1-31,0.262616
CSCO,76076,QMLE-Quote,2006-2-1,0.184674
CSCO,76076,QMLE-Quote,2006-2-2,0.22842
CSCO,76076,QMLE-Quote,2006-2-3,0.21209
CSCO,76076,QMLE-Quote,2006-2-6,0.170544
CSCO,76076,QMLE-Quote,2006-2-7,0.271806
CSCO,76076,QMLE-Quote,2006-2-8,0.23191
CSCO,76076,QMLE-Quote,2006-2-9,0.237861
CSCO,76076,QMLE-Quote,2006-2-10,0.18784
CSCO,76076,QMLE-Quote,2006-2-13,0.217446
CSCO,76076,QMLE-Quote,2006-2-14,0.172205
CSCO,76076,QMLE-Quote,2006-2-15,0.154022
CSCO,76076,QMLE-Quote,2006-2-16,0.113655
CSCO,76076,QMLE-Quote,2006-2-17,0.107791
CSCO,76076,QMLE-Quote,2006-2-21,0.202314
CSCO,76076,QMLE-Quote,2006-2-22,0.188777
CSCO,76076,QMLE-Quote,2006-2-23,0.177219
CSCO,76076,QMLE-Quote,2006-2-24,0.1295
CSCO,76076,QMLE-Quote,2006-2-27,0.0673318
CSCO,76076,QMLE-Quote,2006-2-28,0.182672
CSCO,76076,QMLE-Quote,2006-3-1,0.282721
CSCO,76076,QMLE-Quote,2006-3-2,0.216609
CSCO,76076,QMLE-Quote,2006-3-3,0.281833
CSCO,76076,QMLE-Quote,2006-3-6,0.35777
CSCO,76076,QMLE-Quote,2006-3-7,0.251034
CSCO,76076,QMLE-Quote,2006-3-8,0.259505
CSCO,76076,QMLE-Quote,2006-3-9,0.204273
CSCO,76076,QMLE-Quote,2006-3-10,0.25843
CSCO,76076,QMLE-Quote,2006-3-13,0.203187
CSCO,76076,QMLE-Quote,2006-3-14,0.18116
CSCO,76076,QMLE-Quote,2006-3-15,0.187451
CSCO,76076,QMLE-Quote,2006-3-16,0.20039
CSCO,76076,QMLE-Quote,2006-3-17,0.251155
CSCO,76076,QMLE-Quote,2006-3-20,0.198374
CSCO,76076,QMLE-Quote,2006-3-21,0.263607
CSCO,76076,QMLE-Quote,2006-3-22,0.228154
CSCO,76076,QMLE-Quote,2006-3-23,0.207271
CSCO,76076,QMLE-Quote,2006-3-24,0.145672
CSCO,76076,QMLE-Quote,2006-3-27,0.16773
CSCO,76076,QMLE-Quote,2006-3-28,0.214196
CSCO,76076,QMLE-Quote,2006-3-29,0.226082
CSCO,76076,QMLE-Quote,2006-3-30,0.184749
CSCO,76076,QMLE-Quote,2006-3-31,0.132787
CSCO,76076,QMLE-Quote,2006-4-3,0.176874
CSCO,76076,QMLE-Quote,2006-4-4,0.206238
CSCO,76076,QMLE-Quote,2006-4-5,0.203441
CSCO,76076,QMLE-Quote,2006-4-6,0.228503
CSCO,76076,QMLE-Quote,2006-4-7,0.248748
CSCO,76076,QMLE-Quote,2006-4-10,0.205333
CSCO,76076,QMLE-Quote,2006-4-11,0.153037
CSCO,76076,QMLE-Quote,2006-4-12,0.162262
CSCO,76076,QMLE-Quote,2006-4-13,0.189715
CSCO,76076,QMLE-Quote,2006-4-17,0.220564
CSCO,76076,QMLE-Quote,2006-4-18,0.27424
CSCO,76076,QMLE-Quote,2006-4-19,0.183663
CSCO,76076,QMLE-Quote,2006-4-20,0.20681
CSCO,76076,QMLE-Quote,2006-4-21,0.240462
CSCO,76076,QMLE-Quote,2006-4-24,0.196742
CSCO,76076,QMLE-Quote,2006-4-25,0.189204
CSCO,76076,QMLE-Quote,2006-4-26,0.213517
CSCO,76076,QMLE-Quote,2006-4-27,0.294721
CSCO,76076,QMLE-Quote,2006-4-28,0.253209
CSCO,76076,QMLE-Quote,2006-5-1,0.220504
CSCO,76076,QMLE-Quote,2006-5-2,0.222628
CSCO,76076,QMLE-Quote,2006-5-3,0.249468
CSCO,76076,QMLE-Quote,2006-5-4,0.17543
CSCO,76076,QMLE-Quote,2006-5-5,0.201432
CSCO,76076,QMLE-Quote,2006-5-8,0.157843
CSCO,76076,QMLE-Quote,2006-5-9,0.199118
CSCO,76076,QMLE-Quote,2006-5-10,0.318765
CSCO,76076,QMLE-Quote,2006-5-11,0.311464
CSCO,76076,QMLE-Quote,2006-5-12,0.310142
CSCO,76076,QMLE-Quote,2006-5-15,0.204285
CSCO,76076,QMLE-Quote,2006-5-16,0.163936
CSCO,76076,QMLE-Quote,2006-5-17,0.258522
CSCO,76076,QMLE-Quote,2006-5-18,0.200602
CSCO,76076,QMLE-Quote,2006-5-19,0.278062
CSCO,76076,QMLE-Quote,2006-5-22,0.27177
CSCO,76076,QMLE-Quote,2006-5-23,0.241327
CSCO,76076,QMLE-Quote,2006-5-24,0.372856
CSCO,76076,QMLE-Quote,2006-5-25,0.175934
CSCO,76076,QMLE-Quote,2006-5-26,0.208509
CSCO,76076,QMLE-Quote,2006-5-30,0.235639
CSCO,76076,QMLE-Quote,2006-5-31,0.273818
CSCO,76076,QMLE-Quote,2006-6-1,0.266874
CSCO,76076,QMLE-Quote,2006-6-2,0.291606
CSCO,76076,QMLE-Quote,2006-6-5,0.208425
CSCO,76076,QMLE-Quote,2006-6-6,0.312248
CSCO,76076,QMLE-Quote,2006-6-7,0.202779
CSCO,76076,QMLE-Quote,2006-6-8,0.360741
CSCO,76076,QMLE-Quote,2006-6-9,0.25605
CSCO,76076,QMLE-Quote,2006-6-12,0.232763
CSCO,76076,QMLE-Quote,2006-6-13,0.328206
CSCO,76076,QMLE-Quote,2006-6-14,0.264017
CSCO,76076,QMLE-Quote,2006-6-15,0.206391
CSCO,76076,QMLE-Quote,2006-6-16,0.198136
CSCO,76076,QMLE-Quote,2006-6-19,0.215708
CSCO,76076,QMLE-Quote,2006-6-20,0.219642
CSCO,76076,QMLE-Quote,2006-6-21,0.234171
CSCO,76076,QMLE-Quote,2006-6-22,0.21172
CSCO,76076,QMLE-Quote,2006-6-23,0.189564
CSCO,76076,QMLE-Quote,2006-6-26,0.178977
CSCO,76076,QMLE-Quote,2006-6-27,0.213448
CSCO,76076,QMLE-Quote,2006-6-28,0.201866
CSCO,76076,QMLE-Quote,2006-6-29,0.303452
CSCO,76076,QMLE-Quote,2006-6-30,0.189893
CSCO,76076,QMLE-Quote,2006-7-3,0.204076
CSCO,76076,QMLE-Quote,2006-7-5,0.208302
CSCO,76076,QMLE-Quote,2006-7-6,0.187109
CSCO,76076,QMLE-Quote,2006-7-7,0.232485
CSCO,76076,QMLE-Quote,2006-7-10,0.234012
CSCO,76076,QMLE-Quote,2006-7-11,0.297561
CSCO,76076,QMLE-Quote,2006-7-12,0.225894
CSCO,76076,QMLE-Quote,2006-7-13,0.281442
CSCO,76076,QMLE-Quote,2006-7-14,0.287563
CSCO,76076,QMLE-Quote,2006-7-17,0.272973
CSCO,76076,QMLE-Quote,2006-7-18,0.31102
CSCO,76076,QMLE-Quote,2006-7-19,0.28475
CSCO,76076,QMLE-Quote,2006-7-20,0.242105
CSCO,76076,QMLE-Quote,2006-7-21,0.22406
CSCO,76076,QMLE-Quote,2006-7-24,0.237814
CSCO,76076,QMLE-Quote,2006-7-25,0.299572
CSCO,76076,QMLE-Quote,2006-7-26,0.248813
CSCO,76076,QMLE-Quote,2006-7-27,0.254774
CSCO,76076,QMLE-Quote,2006-7-28,0.217641
CSCO,76076,QMLE-Quote,2006-7-31,0.248041
CSCO,76076,QMLE-Quote,2006-8-1,0.184423
CSCO,76076,QMLE-Quote,2006-8-2,0.238832
CSCO,76076,QMLE-Quote,2006-8-3,0.24563
CSCO,76076,QMLE-Quote,2006-8-4,0.239856
CSCO,76076,QMLE-Quote,2006-8-7,0.214798
CSCO,76076,QMLE-Quote,2006-8-8,0.281414
CSCO,76076,QMLE-Quote,2006-8-9,0.31694
CSCO,76076,QMLE-Quote,2006-8-10,0.233355
CSCO,76076,QMLE-Quote,2006-8-11,0.219959
CSCO,76076,QMLE-Quote,2006-8-14,0.217488
CSCO,76076,QMLE-Quote,2006-8-15,0.312086
CSCO,76076,QMLE-Quote,2006-8-16,0.230298
CSCO,76076,QMLE-Quote,2006-8-17,0.240099
CSCO,76076,QMLE-Quote,2006-8-18,0.245533
CSCO,76076,QMLE-Quote,2006-8-21,0.205922
CSCO,76076,QMLE-Quote,2006-8-22,0.232941
CSCO,76076,QMLE-Quote,2006-8-23,0.221116
CSCO,76076,QMLE-Quote,2006-8-24,0.224162
CSCO,76076,QMLE-Quote,2006-8-25,0.230965
CSCO,76076,QMLE-Quote,2006-8-28,0.166528
CSCO,76076,QMLE-Quote,2006-8-29,0.207075
CSCO,76076,QMLE-Quote,2006-8-30,0.187686
CSCO,76076,QMLE-Quote,2006-8-31,0.153488
CSCO,76076,QMLE-Quote,2006-9-1,0.221511
CSCO,76076,QMLE-Quote,2006-9-5,0.203934
CSCO,76076,QMLE-Quote,2006-9-6,0.253231
CSCO,76076,QMLE-Quote,2006-9-7,0.311492
CSCO,76076,QMLE-Quote,2006-9-8,0.228243
CSCO,76076,QMLE-Quote,2006-9-11,0.239287
CSCO,76076,QMLE-Quote,2006-9-12,0.191031
CSCO,76076,QMLE-Quote,2006-9-13,0.186478
CSCO,76076,QMLE-Quote,2006-9-14,0.125388
CSCO,76076,QMLE-Quote,2006-9-15,0.162804
CSCO,76076,QMLE-Quote,2006-9-18,0.18992
CSCO,76076,QMLE-Quote,2006-9-19,0.261656
CSCO,76076,QMLE-Quote,2006-9-20,0.213544
CSCO,76076,QMLE-Quote,2006-9-21,0.24
CSCO,76076,QMLE-Quote,2006-9-22,0.243083
CSCO,76076,QMLE-Quote,2006-9-25,0.230169
CSCO,76076,QMLE-Quote,2006-9-26,0.251805
CSCO,76076,QMLE-Quote,2006-9-27,0.234159
CSCO,76076,QMLE-Quote,2006-9-28,0.17685
CSCO,76076,QMLE-Quote,2006-9-29,0.173922
CSCO,76076,QMLE-Quote,2006-10-2,0.16971
CSCO,76076,QMLE-Quote,2006-10-3,0.203158
CSCO,76076,QMLE-Quote,2006-10-4,0.185218
CSCO,76076,QMLE-Quote,2006-10-5,0.136879
CSCO,76076,QMLE-Quote,2006-10-6,0.186267
CSCO,76076,QMLE-Quote,2006-10-9,0.118036
CSCO,76076,QMLE-Quote,2006-10-10,0.178089
CSCO,76076,QMLE-Quote,2006-10-11,0.200956
CSCO,76076,QMLE-Quote,2006-10-12,0.180497
CSCO,76076,QMLE-Quote,2006-10-13,0.1433
CSCO,76076,QMLE-Quote,2006-10-16,0.151417
CSCO,76076,QMLE-Quote,2006-10-17,0.19086
CSCO,76076,QMLE-Quote,2006-10-18,0.199894
CSCO,76076,QMLE-Quote,2006-10-19,0.231323
CSCO,76076,QMLE-Quote,2006-10-20,0.218576
CSCO,76076,QMLE-Quote,2006-10-23,0.178687
CSCO,76076,QMLE-Quote,2006-10-24,0.160852
CSCO,76076,QMLE-Quote,2006-10-25,0.22822
CSCO,76076,QMLE-Quote,2006-10-26,0.192529
CSCO,76076,QMLE-Quote,2006-10-27,0.199063
CSCO,76076,QMLE-Quote,2006-10-30,0.250677
CSCO,76076,QMLE-Quote,2006-10-31,0.196612
CSCO,76076,QMLE-Quote,2006-11-1,0.194199
CSCO,76076,QMLE-Quote,2006-11-2,0.187706
CSCO,76076,QMLE-Quote,2006-11-3,0.222185
CSCO,76076,QMLE-Quote,2006-11-6,0.182765
CSCO,76076,QMLE-Quote,2006-11-7,0.116143
CSCO,76076,QMLE-Quote,2006-11-8,0.234523
CSCO,76076,QMLE-Quote,2006-11-9,0.281083
CSCO,76076,QMLE-Quote,2006-11-10,0.181601
CSCO,76076,QMLE-Quote,2006-11-13,0.157274
CSCO,76076,QMLE-Quote,2006-11-14,0.176826
CSCO,76076,QMLE-Quote,2006-11-15,0.159222
CSCO,76076,QMLE-Quote,2006-11-16,0.18502
CSCO,76076,QMLE-Quote,2006-11-17,0.159236
CSCO,76076,QMLE-Quote,2006-11-20,0.198765
CSCO,76076,QMLE-Quote,2006-11-21,0.180282
CSCO,76076,QMLE-Quote,2006-11-22,0.121888
CSCO,76076,QMLE-Quote,2006-11-24,0.153015
CSCO,76076,QMLE-Quote,2006-11-27,0.234322
CSCO,76076,QMLE-Quote,2006-11-28,0.301859
CSCO,76076,QMLE-Quote,2006-11-29,0.21783
CSCO,76076,QMLE-Quote,2006-11-30,0.137272
CSCO,76076,QMLE-Quote,2006-12-1,0.207386
CSCO,76076,QMLE-Quote,2006-12-4,0.199702
CSCO,76076,QMLE-Quote,2006-12-5,0.204737
CSCO,76076,QMLE-Quote,2006-12-6,0.176923
CSCO,76076,QMLE-Quote,2006-12-7,0.15734
CSCO,76076,QMLE-Quote,2006-12-8,0.178382
CSCO,76076,QMLE-Quote,2006-12-11,0.169608
CSCO,76076,QMLE-Quote,2006-12-12,0.230428
CSCO,76076,QMLE-Quote,2006-12-13,0.143155
CSCO,76076,QMLE-Quote,2006-12-14,0.138373
CSCO,76076,QMLE-Quote,2006-12-15,0.174165
CSCO,76076,QMLE-Quote,2006-12-18,0.172623
CSCO,76076,QMLE-Quote,2006-12-19,0.194453
CSCO,76076,QMLE-Quote,2006-12-20,0.122919
CSCO,76076,QMLE-Quote,2006-12-21,0.165722
CSCO,76076,QMLE-Quote,2006-12-22,0.172706
CSCO,76076,QMLE-Quote,2006-12-26,0.150368
CSCO,76076,QMLE-Quote,2006-12-27,0.1103
CSCO,76076,QMLE-Quote,2006-12-28,0.139701
CSCO,76076,QMLE-Quote,2006-12-29,0.127894
CSCO,76076,QMLE-Quote,2007-1-3,0.215241
CSCO,76076,QMLE-Quote,2007-1-4,0.207686
CSCO,76076,QMLE-Quote,2007-1-5,0.19939
CSCO,76076,QMLE-Quote,2007-1-8,0.202329
CSCO,76076,QMLE-Quote,2007-1-9,0.180675
CSCO,76076,QMLE-Quote,2007-1-10,0.189109
CSCO,76076,QMLE-Quote,2007-1-11,0.155599
CSCO,76076,QMLE-Quote,2007-1-12,0.167264
CSCO,76076,QMLE-Quote,2007-1-16,0.211374
CSCO,76076,QMLE-Quote,2007-1-17,0.274822
CSCO,76076,QMLE-Quote,2007-1-18,0.294235
CSCO,76076,QMLE-Quote,2007-1-19,0.250096
CSCO,76076,QMLE-Quote,2007-1-22,0.236588
CSCO,76076,QMLE-Quote,2007-1-23,0.253688
CSCO,76076,QMLE-Quote,2007-1-24,0.245558
CSCO,76076,QMLE-Quote,2007-1-25,0.289474
CSCO,76076,QMLE-Quote,2007-1-26,0.287946
CSCO,76076,QMLE-Quote,2007-1-29,0.206336
CSCO,76076,QMLE-Quote,2007-1-30,0.191983
CSCO,76076,QMLE-Quote,2007-1-31,0.261711
CSCO,76076,QMLE-Quote,2007-2-1,0.272007
CSCO,76076,QMLE-Quote,2007-2-2,0.210966
CSCO,76076,QMLE-Quote,2007-2-5,0.179507
CSCO,76076,QMLE-Quote,2007-2-6,0.238914
CSCO,76076,QMLE-Quote,2007-2-7,0.256069
CSCO,76076,QMLE-Quote,2007-2-8,0.211028
CSCO,76076,QMLE-Quote,2007-2-9,0.214851
CSCO,76076,QMLE-Quote,2007-2-12,0.178113
CSCO,76076,QMLE-Quote,2007-2-13,0.19446
CSCO,76076,QMLE-Quote,2007-2-14,0.183567
CSCO,76076,QMLE-Quote,2007-2-15,0.175584
CSCO,76076,QMLE-Quote,2007-2-16,0.0997452
CSCO,76076,QMLE-Quote,2007-2-20,0.161328
CSCO,76076,QMLE-Quote,2007-2-21,0.191088
CSCO,76076,QMLE-Quote,2007-2-22,0.1905
CSCO,76076,QMLE-Quote,2007-2-23,0.217733
CSCO,76076,QMLE-Quote,2007-2-26,0.229404
CSCO,76076,QMLE-Quote,2007-2-27,0.496336
CSCO,76076,QMLE-Quote,2007-2-28,0.27973
CSCO,76076,QMLE-Quote,2007-3-1,0.368351
CSCO,76076,QMLE-Quote,2007-3-2,0.277031
CSCO,76076,QMLE-Quote,2007-3-5,0.304142
CSCO,76076,QMLE-Quote,2007-3-6,0.15566
CSCO,76076,QMLE-Quote,2007-3-7,0.215515
CSCO,76076,QMLE-Quote,2007-3-8,0.173313
CSCO,76076,QMLE-Quote,2007-3-9,0.189424
CSCO,76076,QMLE-Quote,2007-3-12,0.196685
CSCO,76076,QMLE-Quote,2007-3-13,0.258538
CSCO,76076,QMLE-Quote,2007-3-14,0.268721
CSCO,76076,QMLE-Quote,2007-3-15,0.206434
CSCO,76076,QMLE-Quote,2007-3-16,0.181091
CSCO,76076,QMLE-Quote,2007-3-19,0.146204
CSCO,76076,QMLE-Quote,2007-3-20,0.159498
CSCO,76076,QMLE-Quote,2007-3-21,0.243138
CSCO,76076,QMLE-Quote,2007-3-22,0.194446
CSCO,76076,QMLE-Quote,2007-3-23,0.19059
CSCO,76076,QMLE-Quote,2007-3-26,0.188879
CSCO,76076,QMLE-Quote,2007-3-27,0.171381
CSCO,76076,QMLE-Quote,2007-3-28,0.220639
CSCO,76076,QMLE-Quote,2007-3-29,0.221377
CSCO,76076,QMLE-Quote,2007-3-30,0.245432
CSCO,76076,QMLE-Quote,2007-4-2,0.183421
CSCO,76076,QMLE-Quote,2007-4-3,0.171782
CSCO,76076,QMLE-Quote,2007-4-4,0.157933
CSCO,76076,QMLE-Quote,2007-4-5,0.12347
CSCO,76076,QMLE-Quote,2007-4-9,0.14756
CSCO,76076,QMLE-Quote,2007-4-10,0.136492
CSCO,76076,QMLE-Quote,2007-4-11,0.199499
CSCO,76076,QMLE-Quote,2007-4-12,0.177282
CSCO,76076,QMLE-Quote,2007-4-13,0.314358
CSCO,76076,QMLE-Quote,2007-4-16,0.19099
CSCO,76076,QMLE-Quote,2007-4-17,0.194565
CSCO,76076,QMLE-Quote,2007-4-18,0.193058
CSCO,76076,QMLE-Quote,2007-4-19,0.186059
CSCO,76076,QMLE-Quote,2007-4-20,0.110336
CSCO,76076,QMLE-Quote,2007-4-23,0.119942
CSCO,76076,QMLE-Quote,2007-4-24,0.193286
CSCO,76076,QMLE-Quote,2007-4-25,0.161498
CSCO,76076,QMLE-Quote,2007-4-26,0.203786
CSCO,76076,QMLE-Quote,2007-4-27,0.212949
CSCO,76076,QMLE-Quote,2007-4-30,0.204536
CSCO,76076,QMLE-Quote,2007-5-1,0.185013
CSCO,76076,QMLE-Quote,2007-5-2,0.199212
CSCO,76076,QMLE-Quote,2007-5-3,0.173471
CSCO,76076,QMLE-Quote,2007-5-4,0.12779
CSCO,76076,QMLE-Quote,2007-5-7,0.100674
CSCO,76076,QMLE-Quote,2007-5-8,0.193709
CSCO,76076,QMLE-Quote,2007-5-9,0.238592
CSCO,76076,QMLE-Quote,2007-5-10,0.215307
CSCO,76076,QMLE-Quote,2007-5-11,0.145266
CSCO,76076,QMLE-Quote,2007-5-14,0.161871
CSCO,76076,QMLE-Quote,2007-5-15,0.19638
CSCO,76076,QMLE-Quote,2007-5-16,0.156796
CSCO,76076,QMLE-Quote,2007-5-17,0.150899
CSCO,76076,QMLE-Quote,2007-5-18,0.0940205
CSCO,76076,QMLE-Quote,2007-5-21,0.108444
CSCO,76076,QMLE-Quote,2007-5-22,0.108765
CSCO,76076,QMLE-Quote,2007-5-23,0.13746
CSCO,76076,QMLE-Quote,2007-5-24,0.245881
CSCO,76076,QMLE-Quote,2007-5-25,0.127452
CSCO,76076,QMLE-Quote,2007-5-29,0.197306
CSCO,76076,QMLE-Quote,2007-5-30,0.186638
CSCO,76076,QMLE-Quote,2007-5-31,0.154577
CSCO,76076,QMLE-Quote,2007-6-1,0.191424
CSCO,76076,QMLE-Quote,2007-6-4,0.16058
CSCO,76076,QMLE-Quote,2007-6-5,0.166896
CSCO,76076,QMLE-Quote,2007-6-6,0.192367
CSCO,76076,QMLE-Quote,2007-6-7,0.245366
CSCO,76076,QMLE-Quote,2007-6-8,0.179794
CSCO,76076,QMLE-Quote,2007-6-11,0.136822
CSCO,76076,QMLE-Quote,2007-6-12,0.18548
CSCO,76076,QMLE-Quote,2007-6-13,0.296401
CSCO,76076,QMLE-Quote,2007-6-14,0.151696
CSCO,76076,QMLE-Quote,2007-6-15,0.158621
CSCO,76076,QMLE-Quote,2007-6-18,0.152495
CSCO,76076,QMLE-Quote,2007-6-19,0.162059
CSCO,76076,QMLE-Quote,2007-6-20,0.204847
CSCO,76076,QMLE-Quote,2007-6-21,0.202923
CSCO,76076,QMLE-Quote,2007-6-22,0.183758
CSCO,76076,QMLE-Quote,2007-6-25,0.187476
CSCO,76076,QMLE-Quote,2007-6-26,0.217718
CSCO,76076,QMLE-Quote,2007-6-27,0.175314
CSCO,76076,QMLE-Quote,2007-6-28,0.226979
CSCO,76076,QMLE-Quote,2007-6-29,0.212554
CSCO,76076,QMLE-Quote,2007-7-2,0.115995
CSCO,76076,QMLE-Quote,2007-7-3,0.187371
CSCO,76076,QMLE-Quote,2007-7-5,0.158862
CSCO,76076,QMLE-Quote,2007-7-6,0.130106
CSCO,76076,QMLE-Quote,2007-7-9,0.0926164
CSCO,76076,QMLE-Quote,2007-7-10,0.199238
CSCO,76076,QMLE-Quote,2007-7-11,0.196608
CSCO,76076,QMLE-Quote,2007-7-12,0.17279
CSCO,76076,QMLE-Quote,2007-7-13,0.162482
CSCO,76076,QMLE-Quote,2007-7-16,0.133307
CSCO,76076,QMLE-Quote,2007-7-17,0.140487
CSCO,76076,QMLE-Quote,2007-7-18,0.201638
CSCO,76076,QMLE-Quote,2007-7-19,0.106774
CSCO,76076,QMLE-Quote,2007-7-20,0.208016
CSCO,76076,QMLE-Quote,2007-7-23,0.152774
CSCO,76076,QMLE-Quote,2007-7-24,0.235397
CSCO,76076,QMLE-Quote,2007-7-25,0.236432
CSCO,76076,QMLE-Quote,2007-7-26,0.446381
CSCO,76076,QMLE-Quote,2007-7-27,0.346296
CSCO,76076,QMLE-Quote,2007-7-30,0.263773
CSCO,76076,QMLE-Quote,2007-7-31,0.276307
CSCO,76076,QMLE-Quote,2007-8-1,0.433822
CSCO,76076,QMLE-Quote,2007-8-2,0.230022
CSCO,76076,QMLE-Quote,2007-8-3,0.234885
CSCO,76076,QMLE-Quote,2007-8-6,0.257193
CSCO,76076,QMLE-Quote,2007-8-7,0.321176
CSCO,76076,QMLE-Quote,2007-8-8,0.357383
CSCO,76076,QMLE-Quote,2007-8-9,0.478286
CSCO,76076,QMLE-Quote,2007-8-10,0.425848
CSCO,76076,QMLE-Quote,2007-8-13,0.273026
CSCO,76076,QMLE-Quote,2007-8-14,0.248282
CSCO,76076,QMLE-Quote,2007-8-15,0.35284
CSCO,76076,QMLE-Quote,2007-8-16,0.549977
CSCO,76076,QMLE-Quote,2007-8-17,0.338423
CSCO,76076,QMLE-Quote,2007-8-20,0.22634
CSCO,76076,QMLE-Quote,2007-8-21,0.229385
CSCO,76076,QMLE-Quote,2007-8-22,0.178513
CSCO,76076,QMLE-Quote,2007-8-23,0.242119
CSCO,76076,QMLE-Quote,2007-8-24,0.196866
CSCO,76076,QMLE-Quote,2007-8-27,0.217595
CSCO,76076,QMLE-Quote,2007-8-28,0.188306
CSCO,76076,QMLE-Quote,2007-8-29,0.213861
CSCO,76076,QMLE-Quote,2007-8-30,0.261625
CSCO,76076,QMLE-Quote,2007-8-31,0.171964
CSCO,76076,QMLE-Quote,2007-9-4,0.160584
CSCO,76076,QMLE-Quote,2007-9-5,0.18631
CSCO,76076,QMLE-Quote,2007-9-6,0.153977
CSCO,76076,QMLE-Quote,2007-9-7,0.244969
CSCO,76076,QMLE-Quote,2007-9-10,0.251612
CSCO,76076,QMLE-Quote,2007-9-11,0.176735
CSCO,76076,QMLE-Quote,2007-9-12,0.158568
CSCO,76076,QMLE-Quote,2007-9-13,0.173722
CSCO,76076,QMLE-Quote,2007-9-14,0.188083
CSCO,76076,QMLE-Quote,2007-9-17,0.174866
CSCO,76076,QMLE-Quote,2007-9-18,0.226363
CSCO,76076,QMLE-Quote,2007-9-19,0.146683
CSCO,76076,QMLE-Quote,2007-9-20,0.147592
CSCO,76076,QMLE-Quote,2007-9-21,0.153319
CSCO,76076,QMLE-Quote,2007-9-24,0.172918
CSCO,76076,QMLE-Quote,2007-9-25,0.156705
CSCO,76076,QMLE-Quote,2007-9-26,0.152208
CSCO,76076,QMLE-Quote,2007-9-27,0.143345
CSCO,76076,QMLE-Quote,2007-9-28,0.145775
CSCO,76076,QMLE-Quote,2007-10-1,0.14409
CSCO,76076,QMLE-Quote,2007-10-2,0.10247
CSCO,76076,QMLE-Quote,2007-10-3,0.151484
CSCO,76076,QMLE-Quote,2007-10-4,0.189861
CSCO,76076,QMLE-Quote,2007-10-5,0.172006
CSCO,76076,QMLE-Quote,2007-10-8,0.144118
CSCO,76076,QMLE-Quote,2007-10-9,0.147848
CSCO,76076,QMLE-Quote,2007-10-10,0.151842
CSCO,76076,QMLE-Quote,2007-10-11,0.219169
CSCO,76076,QMLE-Quote,2007-10-12,0.178191
CSCO,76076,QMLE-Quote,2007-10-15,0.191484
CSCO,76076,QMLE-Quote,2007-10-16,0.233812
CSCO,76076,QMLE-Quote,2007-10-17,0.233932
CSCO,76076,QMLE-Quote,2007-10-18,0.224377
CSCO,76076,QMLE-Quote,2007-10-19,0.282496
CSCO,76076,QMLE-Quote,2007-10-22,0.265741
CSCO,76076,QMLE-Quote,2007-10-23,0.264495
CSCO,76076,QMLE-Quote,2007-10-24,0.348806
CSCO,76076,QMLE-Quote,2007-10-25,0.328081
CSCO,76076,QMLE-Quote,2007-10-26,0.294075
CSCO,76076,QMLE-Quote,2007-10-29,0.200496
CSCO,76076,QMLE-Quote,2007-10-30,0.193754
CSCO,76076,QMLE-Quote,2007-10-31,0.280551
CSCO,76076,QMLE-Quote,2007-11-1,0.272065
CSCO,76076,QMLE-Quote,2007-11-2,0.343157
CSCO,76076,QMLE-Quote,2007-11-5,0.235503
CSCO,76076,QMLE-Quote,2007-11-6,0.204885
CSCO,76076,QMLE-Quote,2007-11-7,0.37293
CSCO,76076,QMLE-Quote,2007-11-8,0.496471
CSCO,76076,QMLE-Quote,2007-11-9,0.436305
CSCO,76076,QMLE-Quote,2007-11-12,0.285631
CSCO,76076,QMLE-Quote,2007-11-13,0.280694
CSCO,76076,QMLE-Quote,2007-11-14,0.274171
CSCO,76076,QMLE-Quote,2007-11-15,0.345653
CSCO,76076,QMLE-Quote,2007-11-16,0.315977
CSCO,76076,QMLE-Quote,2007-11-19,0.2727
CSCO,76076,QMLE-Quote,2007-11-20,0.415482
CSCO,76076,QMLE-Quote,2007-11-21,0.3352
CSCO,76076,QMLE-Quote,2007-11-23,0.296459
CSCO,76076,QMLE-Quote,2007-11-26,0.292865
CSCO,76076,QMLE-Quote,2007-11-27,0.330547
CSCO,76076,QMLE-Quote,2007-11-28,0.256305
CSCO,76076,QMLE-Quote,2007-11-29,0.254637
CSCO,76076,QMLE-Quote,2007-11-30,0.302649
CSCO,76076,QMLE-Quote,2007-12-3,0.274452
CSCO,76076,QMLE-Quote,2007-12-4,0.196075
CSCO,76076,QMLE-Quote,2007-12-5,0.2854
CSCO,76076,QMLE-Quote,2007-12-6,0.251773
CSCO,76076,QMLE-Quote,2007-12-7,0.212963
CSCO,76076,QMLE-Quote,2007-12-10,0.187059
CSCO,76076,QMLE-Quote,2007-12-11,0.428716
CSCO,76076,QMLE-Quote,2007-12-12,0.32697
CSCO,76076,QMLE-Quote,2007-12-13,0.378921
CSCO,76076,QMLE-Quote,2007-12-14,0.271667
CSCO,76076,QMLE-Quote,2007-12-17,0.325691
CSCO,76076,QMLE-Quote,2007-12-18,0.282675
CSCO,76076,QMLE-Quote,2007-12-19,0.263442
CSCO,76076,QMLE-Quote,2007-12-20,0.248047
CSCO,76076,QMLE-Quote,2007-12-21,0.199026
CSCO,76076,QMLE-Quote,2007-12-24,0.165376
CSCO,76076,QMLE-Quote,2007-12-26,0.155738
CSCO,76076,QMLE-Quote,2007-12-27,0.196659
CSCO,76076,QMLE-Quote,2007-12-28,0.264475
CSCO,76076,QMLE-Quote,2007-12-31,0.17443
CSCO,76076,QMLE-Quote,2008-1-2,0.296717
CSCO,76076,QMLE-Quote,2008-1-3,0.30308
CSCO,76076,QMLE-Quote,2008-1-4,0.394843
CSCO,76076,QMLE-Quote,2008-1-7,0.371685
CSCO,76076,QMLE-Quote,2008-1-8,0.370101
CSCO,76076,QMLE-Quote,2008-1-9,0.391618
CSCO,76076,QMLE-Quote,2008-1-10,0.395673
CSCO,76076,QMLE-Quote,2008-1-11,0.340524
CSCO,76076,QMLE-Quote,2008-1-14,0.265812
CSCO,76076,QMLE-Quote,2008-1-15,0.310473
CSCO,76076,QMLE-Quote,2008-1-16,0.390396
CSCO,76076,QMLE-Quote,2008-1-17,0.532974
CSCO,76076,QMLE-Quote,2008-1-18,0.553041
CSCO,76076,QMLE-Quote,2008-1-22,0.781646
CSCO,76076,QMLE-Quote,2008-1-23,0.747224
CSCO,76076,QMLE-Quote,2008-1-24,0.51805
CSCO,76076,QMLE-Quote,2008-1-25,0.530619
CSCO,76076,QMLE-Quote,2008-1-28,0.402545
CSCO,76076,QMLE-Quote,2008-1-29,0.345805
CSCO,76076,QMLE-Quote,2008-1-30,0.509614
CSCO,76076,QMLE-Quote,2008-1-31,0.485858
CSCO,76076,QMLE-Quote,2008-2-1,0.337508
CSCO,76076,QMLE-Quote,2008-2-4,0.342223
CSCO,76076,QMLE-Quote,2008-2-5,0.28022
CSCO,76076,QMLE-Quote,2008-2-6,0.355786
CSCO,76076,QMLE-Quote,2008-2-7,0.702735
CSCO,76076,QMLE-Quote,2008-2-8,0.383714
CSCO,76076,QMLE-Quote,2008-2-11,0.328982
CSCO,76076,QMLE-Quote,2008-2-12,0.246973
CSCO,76076,QMLE-Quote,2008-2-13,0.255864
CSCO,76076,QMLE-Quote,2008-2-14,0.269075
CSCO,76076,QMLE-Quote,2008-2-15,0.176115
CSCO,76076,QMLE-Quote,2008-2-19,0.266612
CSCO,76076,QMLE-Quote,2008-2-20,0.379983
CSCO,76076,QMLE-Quote,2008-2-21,0.249831
CSCO,76076,QMLE-Quote,2008-2-22,0.343304
CSCO,76076,QMLE-Quote,2008-2-25,0.306799
CSCO,76076,QMLE-Quote,2008-2-26,0.290107
CSCO,76076,QMLE-Quote,2008-2-27,0.309921
CSCO,76076,QMLE-Quote,2008-2-28,0.2633
CSCO,76076,QMLE-Quote,2008-2-29,0.205776
CSCO,76076,QMLE-Quote,2008-3-3,0.241518
CSCO,76076,QMLE-Quote,2008-3-4,0.429679
CSCO,76076,QMLE-Quote,2008-3-5,0.348228
CSCO,76076,QMLE-Quote,2008-3-6,0.237998
CSCO,76076,QMLE-Quote,2008-3-7,0.426489
CSCO,76076,QMLE-Quote,2008-3-10,0.289647
CSCO,76076,QMLE-Quote,2008-3-11,0.326822
CSCO,76076,QMLE-Quote,2008-3-12,0.244011
CSCO,76076,QMLE-Quote,2008-3-13,0.398654
CSCO,76076,QMLE-Quote,2008-3-14,0.619843
CSCO,76076,QMLE-Quote,2008-3-17,0.446066
CSCO,76076,QMLE-Quote,2008-3-18,0.342839
CSCO,76076,QMLE-Quote,2008-3-19,0.373269
CSCO,76076,QMLE-Quote,2008-3-20,0.311841
CSCO,76076,QMLE-Quote,2008-3-24,0.28848
CSCO,76076,QMLE-Quote,2008-3-25,0.264749
CSCO,76076,QMLE-Quote,2008-3-26,0.289796
CSCO,76076,QMLE-Quote,2008-3-27,0.286638
CSCO,76076,QMLE-Quote,2008-3-28,0.23016
CSCO,76076,QMLE-Quote,2008-3-31,0.265239
CSCO,76076,QMLE-Quote,2008-4-1,0.250231
CSCO,76076,QMLE-Quote,2008-4-2,0.266729
CSCO,76076,QMLE-Quote,2008-4-3,0.247215
CSCO,76076,QMLE-Quote,2008-4-4,0.240591
CSCO,76076,QMLE-Quote,2008-4-7,0.234771
CSCO,76076,QMLE-Quote,2008-4-8,0.20019
CSCO,76076,QMLE-Quote,2008-4-9,0.213126
CSCO,76076,QMLE-Quote,2008-4-10,0.215848
CSCO,76076,QMLE-Quote,2008-4-11,0.211819
CSCO,76076,QMLE-Quote,2008-4-14,0.229867
CSCO,76076,QMLE-Quote,2008-4-15,0.20843
CSCO,76076,QMLE-Quote,2008-4-16,0.259939
CSCO,76076,QMLE-Quote,2008-4-17,0.212654
CSCO,76076,QMLE-Quote,2008-4-18,0.257605
CSCO,76076,QMLE-Quote,2008-4-21,0.2078
CSCO,76076,QMLE-Quote,2008-4-22,0.24762
CSCO,76076,QMLE-Quote,2008-4-23,0.197726
CSCO,76076,QMLE-Quote,2008-4-24,0.252546
CSCO,76076,QMLE-Quote,2008-4-25,0.262656
CSCO,76076,QMLE-Quote,2008-4-28,0.17366
CSCO,76076,QMLE-Quote,2008-4-29,0.207249
CSCO,76076,QMLE-Quote,2008-4-30,0.274723
CSCO,76076,QMLE-Quote,2008-5-1,0.316595
CSCO,76076,QMLE-Quote,2008-5-2,0.223939
CSCO,76076,QMLE-Quote,2008-5-5,0.199652
CSCO,76076,QMLE-Quote,2008-5-6,0.283836
CSCO,76076,QMLE-Quote,2008-5-7,0.341817
CSCO,76076,QMLE-Quote,2008-5-8,0.308363
CSCO,76076,QMLE-Quote,2008-5-9,0.206518
CSCO,76076,QMLE-Quote,2008-5-12,0.186577
CSCO,76076,QMLE-Quote,2008-5-13,0.197202
CSCO,76076,QMLE-Quote,2008-5-14,0.237346
CSCO,76076,QMLE-Quote,2008-5-15,0.235139
CSCO,76076,QMLE-Quote,2008-5-16,0.230419
CSCO,76076,QMLE-Quote,2008-5-19,0.266436
CSCO,76076,QMLE-Quote,2008-5-20,0.246819
CSCO,76076,QMLE-Quote,2008-5-21,0.310133
CSCO,76076,QMLE-Quote,2008-5-22,0.29151
CSCO,76076,QMLE-Quote,2008-5-23,0.24066
CSCO,76076,QMLE-Quote,2008-5-27,0.242504
CSCO,76076,QMLE-Quote,2008-5-28,0.28016
CSCO,76076,QMLE-Quote,2008-5-29,0.222812
CSCO,76076,QMLE-Quote,2008-5-30,0.18386
CSCO,76076,QMLE-Quote,2008-6-2,0.208293
CSCO,76076,QMLE-Quote,2008-6-3,0.258362
CSCO,76076,QMLE-Quote,2008-6-4,0.230417
CSCO,76076,QMLE-Quote,2008-6-5,0.224268
CSCO,76076,QMLE-Quote,2008-6-6,0.29249
CSCO,76076,QMLE-Quote,2008-6-9,0.342448
CSCO,76076,QMLE-Quote,2008-6-10,0.26861
CSCO,76076,QMLE-Quote,2008-6-11,0.236561
CSCO,76076,QMLE-Quote,2008-6-12,0.295124
CSCO,76076,QMLE-Quote,2008-6-13,0.326607
CSCO,76076,QMLE-Quote,2008-6-16,0.247877
CSCO,76076,QMLE-Quote,2008-6-17,0.216108
CSCO,76076,QMLE-Quote,2008-6-18,0.250928
CSCO,76076,QMLE-Quote,2008-6-19,0.317685
CSCO,76076,QMLE-Quote,2008-6-20,0.334987
CSCO,76076,QMLE-Quote,2008-6-23,0.287917
CSCO,76076,QMLE-Quote,2008-6-24,0.303919
CSCO,76076,QMLE-Quote,2008-6-25,0.304502
CSCO,76076,QMLE-Quote,2008-6-26,0.285472
CSCO,76076,QMLE-Quote,2008-6-27,0.33142
CSCO,76076,QMLE-Quote,2008-6-30,0.295466
CSCO,76076,QMLE-Quote,2008-7-1,0.377979
CSCO,76076,QMLE-Quote,2008-7-2,0.333662
CSCO,76076,QMLE-Quote,2008-7-3,0.380622
CSCO,76076,QMLE-Quote,2008-7-7,0.318653
CSCO,76076,QMLE-Quote,2008-7-8,0.3132
CSCO,76076,QMLE-Quote,2008-7-9,0.300332
CSCO,76076,QMLE-Quote,2008-7-10,0.425191
CSCO,76076,QMLE-Quote,2008-7-11,0.515564
CSCO,76076,QMLE-Quote,2008-7-14,0.416645
CSCO,76076,QMLE-Quote,2008-7-15,0.464883
CSCO,76076,QMLE-Quote,2008-7-16,0.403898
CSCO,76076,QMLE-Quote,2008-7-17,0.4113
CSCO,76076,QMLE-Quote,2008-7-18,0.312858
CSCO,76076,QMLE-Quote,2008-7-21,0.272637
CSCO,76076,QMLE-Quote,2008-7-22,0.297597
CSCO,76076,QMLE-Quote,2008-7-23,0.336365
CSCO,76076,QMLE-Quote,2008-7-24,0.232009
CSCO,76076,QMLE-Quote,2008-7-25,0.369059
CSCO,76076,QMLE-Quote,2008-7-28,0.396347
CSCO,76076,QMLE-Quote,2008-7-29,0.245834
CSCO,76076,QMLE-Quote,2008-7-30,0.337416
CSCO,76076,QMLE-Quote,2008-7-31,0.353136
CSCO,76076,QMLE-Quote,2008-8-1,0.343745
CSCO,76076,QMLE-Quote,2008-8-4,0.281982
CSCO,76076,QMLE-Quote,2008-8-5,0.341134
CSCO,76076,QMLE-Quote,2008-8-6,0.419129
CSCO,76076,QMLE-Quote,2008-8-7,0.341275
CSCO,76076,QMLE-Quote,2008-8-8,0.269481
CSCO,76076,QMLE-Quote,2008-8-11,0.277069
CSCO,76076,QMLE-Quote,2008-8-12,0.258124
CSCO,76076,QMLE-Quote,2008-8-13,0.266419
CSCO,76076,QMLE-Quote,2008-8-14,0.230272
CSCO,76076,QMLE-Quote,2008-8-15,0.265731
CSCO,76076,QMLE-Quote,2008-8-18,0.261466
CSCO,76076,QMLE-Quote,2008-8-19,0.22437
CSCO,76076,QMLE-Quote,2008-8-20,0.254012
CSCO,76076,QMLE-Quote,2008-8-21,0.230428
CSCO,76076,QMLE-Quote,2008-8-22,0.159293
CSCO,76076,QMLE-Quote,2008-8-25,0.211871
CSCO,76076,QMLE-Quote,2008-8-26,0.26119
CSCO,76076,QMLE-Quote,2008-8-27,0.207391
CSCO,76076,QMLE-Quote,2008-8-28,0.175112
CSCO,76076,QMLE-Quote,2008-8-29,0.22542
CSCO,76076,QMLE-Quote,2008-9-2,0.306986
CSCO,76076,QMLE-Quote,2008-9-3,0.300134
CSCO,76076,QMLE-Quote,2008-9-4,0.386215
CSCO,76076,QMLE-Quote,2008-9-5,0.357729
CSCO,76076,QMLE-Quote,2008-9-8,0.479467
CSCO,76076,QMLE-Quote,2008-9-9,0.324815
CSCO,76076,QMLE-Quote,2008-9-10,0.30722
CSCO,76076,QMLE-Quote,2008-9-11,0.380983
CSCO,76076,QMLE-Quote,2008-9-12,0.352988
CSCO,76076,QMLE-Quote,2008-9-15,0.486094
CSCO,76076,QMLE-Quote,2008-9-16,0.635418
CSCO,76076,QMLE-Quote,2008-9-17,0.585377
CSCO,76076,QMLE-Quote,2008-9-18,0.683423
CSCO,76076,QMLE-Quote,2008-9-19,0.799565
CSCO,76076,QMLE-Quote,2008-9-22,0.399806
CSCO,76076,QMLE-Quote,2008-9-23,0.504529
CSCO,76076,QMLE-Quote,2008-9-24,0.433258
CSCO,76076,QMLE-Quote,2008-9-25,0.379298
CSCO,76076,QMLE-Quote,2008-9-26,0.50836
CSCO,76076,QMLE-Quote,2008-9-29,0.879233
CSCO,76076,QMLE-Quote,2008-9-30,0.459869
CSCO,76076,QMLE-Quote,2008-10-1,0.487868
CSCO,76076,QMLE-Quote,2008-10-2,0.475271
CSCO,76076,QMLE-Quote,2008-10-3,0.768604
CSCO,76076,QMLE-Quote,2008-10-6,0.963079
CSCO,76076,QMLE-Quote,2008-10-7,0.904544
CSCO,76076,QMLE-Quote,2008-10-8,1.43378
CSCO,76076,QMLE-Quote,2008-10-9,0.892066
CSCO,76076,QMLE-Quote,2008-10-10,1.79707
CSCO,76076,QMLE-Quote,2008-10-13,0.47276
CSCO,76076,QMLE-Quote,2008-10-14,0.884209
CSCO,76076,QMLE-Quote,2008-10-15,0.854299
CSCO,76076,QMLE-Quote,2008-10-16,1.17739
CSCO,76076,QMLE-Quote,2008-10-17,0.97009
CSCO,76076,QMLE-Quote,2008-10-20,0.635373
CSCO,76076,QMLE-Quote,2008-10-21,0.661724
CSCO,76076,QMLE-Quote,2008-10-22,0.700895
CSCO,76076,QMLE-Quote,2008-10-23,1.13084
CSCO,76076,QMLE-Quote,2008-10-24,1.0659
CSCO,76076,QMLE-Quote,2008-10-27,0.750636
CSCO,76076,QMLE-Quote,2008-10-28,0.793964
CSCO,76076,QMLE-Quote,2008-10-29,0.874074
CSCO,76076,QMLE-Quote,2008-10-30,0.601565
CSCO,76076,QMLE-Quote,2008-10-31,0.637509
CSCO,76076,QMLE-Quote,2008-11-3,0.43986
CSCO,76076,QMLE-Quote,2008-11-4,0.561794
CSCO,76076,QMLE-Quote,2008-11-5,0.560415
CSCO,76076,QMLE-Quote,2008-11-6,0.706125
CSCO,76076,QMLE-Quote,2008-11-7,0.508109
CSCO,76076,QMLE-Quote,2008-11-10,0.503888
CSCO,76076,QMLE-Quote,2008-11-11,0.524068
CSCO,76076,QMLE-Quote,2008-11-12,0.491527
CSCO,76076,QMLE-Quote,2008-11-13,0.814412
CSCO,76076,QMLE-Quote,2008-11-14,0.658116
CSCO,76076,QMLE-Quote,2008-11-17,0.601545
CSCO,76076,QMLE-Quote,2008-11-18,0.652774
CSCO,76076,QMLE-Quote,2008-11-19,0.56862
CSCO,76076,QMLE-Quote,2008-11-20,1.00458
CSCO,76076,QMLE-Quote,2008-11-21,1.04397
CSCO,76076,QMLE-Quote,2008-11-24,0.634374
CSCO,76076,QMLE-Quote,2008-11-25,0.70908
CSCO,76076,QMLE-Quote,2008-11-26,0.537999
CSCO,76076,QMLE-Quote,2008-11-28,0.371997
CSCO,76076,QMLE-Quote,2008-12-1,0.44334
CSCO,76076,QMLE-Quote,2008-12-2,0.54853
CSCO,76076,QMLE-Quote,2008-12-3,0.740413
CSCO,76076,QMLE-Quote,2008-12-4,0.640346
CSCO,76076,QMLE-Quote,2008-12-5,0.755702
CSCO,76076,QMLE-Quote,2008-12-8,0.607056
CSCO,76076,QMLE-Quote,2008-12-9,0.553913
CSCO,76076,QMLE-Quote,2008-12-10,0.455413
CSCO,76076,QMLE-Quote,2008-12-11,0.497255
CSCO,76076,QMLE-Quote,2008-12-12,0.522285
CSCO,76076,QMLE-Quote,2008-12-15,0.450232
CSCO,76076,QMLE-Quote,2008-12-16,0.525073
CSCO,76076,QMLE-Quote,2008-12-17,0.409269
CSCO,76076,QMLE-Quote,2008-12-18,0.373452
CSCO,76076,QMLE-Quote,2008-12-19,0.371197
CSCO,76076,QMLE-Quote,2008-12-22,0.360484
CSCO,76076,QMLE-Quote,2008-12-23,0.348265
CSCO,76076,QMLE-Quote,2008-12-24,0.269186
CSCO,76076,QMLE-Quote,2008-12-26,0.184776
CSCO,76076,QMLE-Quote,2008-12-29,0.406734
CSCO,76076,QMLE-Quote,2008-12-30,0.208902
CSCO,76076,QMLE-Quote,2008-12-31,0.34722
CSCO,76076,QMLE-Quote,2009-1-2,0.30625
CSCO,76076,QMLE-Quote,2009-1-5,0.380232
CSCO,76076,QMLE-Quote,2009-1-6,0.356034
CSCO,76076,QMLE-Quote,2009-1-7,0.358725
CSCO,76076,QMLE-Quote,2009-1-8,0.363407
CSCO,76076,QMLE-Quote,2009-1-9,0.452342
CSCO,76076,QMLE-Quote,2009-1-12,0.349082
CSCO,76076,QMLE-Quote,2009-1-13,0.394812
CSCO,76076,QMLE-Quote,2009-1-14,0.408854
CSCO,76076,QMLE-Quote,2009-1-15,0.501886
CSCO,76076,QMLE-Quote,2009-1-16,0.471391
CSCO,76076,QMLE-Quote,2009-1-20,0.461625
CSCO,76076,QMLE-Quote,2009-1-21,0.404978
CSCO,76076,QMLE-Quote,2009-1-22,0.483956
CSCO,76076,QMLE-Quote,2009-1-23,0.499637
CSCO,76076,QMLE-Quote,2009-1-26,0.493968
CSCO,76076,QMLE-Quote,2009-1-27,0.453247
CSCO,76076,QMLE-Quote,2009-1-28,0.414851
CSCO,76076,QMLE-Quote,2009-1-29,0.417329
CSCO,76076,QMLE-Quote,2009-1-30,0.450303
CSCO,76076,QMLE-Quote,2009-2-2,0.412395
CSCO,76076,QMLE-Quote,2009-2-3,0.497913
CSCO,76076,QMLE-Quote,2009-2-4,0.535006
CSCO,76076,QMLE-Quote,2009-2-5,0.637638
CSCO,76076,QMLE-Quote,2009-2-6,0.4112
CSCO,76076,QMLE-Quote,2009-2-9,0.362896
CSCO,76076,QMLE-Quote,2009-2-10,0.525397
CSCO,76076,QMLE-Quote,2009-2-11,0.417586
CSCO,76076,QMLE-Quote,2009-2-12,0.494489
CSCO,76076,QMLE-Quote,2009-2-13,0.391214
CSCO,76076,QMLE-Quote,2009-2-17,0.411541
CSCO,76076,QMLE-Quote,2009-2-18,0.395401
CSCO,76076,QMLE-Quote,2009-2-19,0.328877
CSCO,76076,QMLE-Quote,2009-2-20,0.438871
CSCO,76076,QMLE-Quote,2009-2-23,0.460287
CSCO,76076,QMLE-Quote,2009-2-24,0.444295
CSCO,76076,QMLE-Quote,2009-2-25,0.489593
CSCO,76076,QMLE-Quote,2009-2-26,0.463855
CSCO,76076,QMLE-Quote,2009-2-27,0.511054
CSCO,76076,QMLE-Quote,2009-3-2,0.461466
CSCO,76076,QMLE-Quote,2009-3-3,0.510376
CSCO,76076,QMLE-Quote,2009-3-4,0.431547
CSCO,76076,QMLE-Quote,2009-3-5,0.44409
CSCO,76076,QMLE-Quote,2009-3-6,0.486217
CSCO,76076,QMLE-Quote,2009-3-9,0.537902
CSCO,76076,QMLE-Quote,2009-3-10,0.544761
CSCO,76076,QMLE-Quote,2009-3-11,0.490372
CSCO,76076,QMLE-Quote,2009-3-12,0.490686
CSCO,76076,QMLE-Quote,2009-3-13,0.391024
CSCO,76076,QMLE-Quote,2009-3-16,0.386028
CSCO,76076,QMLE-Quote,2009-3-17,0.371728
CSCO,76076,QMLE-Quote,2009-3-18,0.503499
CSCO,76076,QMLE-Quote,2009-3-19,0.439276
CSCO,76076,QMLE-Quote,2009-3-20,0.424041
CSCO,76076,QMLE-Quote,2009-3-23,0.505584
CSCO,76076,QMLE-Quote,2009-3-24,0.399695
CSCO,76076,QMLE-Quote,2009-3-25,0.444695
CSCO,76076,QMLE-Quote,2009-3-26,0.391788
CSCO,76076,QMLE-Quote,2009-3-27,0.340035
CSCO,76076,QMLE-Quote,2009-3-30,0.332413
CSCO,76076,QMLE-Quote,2009-3-31,0.374252
CSCO,76076,QMLE-Quote,2009-4-1,0.502588
CSCO,76076,QMLE-Quote,2009-4-2,0.438278
CSCO,76076,QMLE-Quote,2009-4-3,0.393101
CSCO,76076,QMLE-Quote,2009-4-6,0.431548
CSCO,76076,QMLE-Quote,2009-4-7,0.346882
CSCO,76076,QMLE-Quote,2009-4-8,0.311804
CSCO,76076,QMLE-Quote,2009-4-9,0.300751
CSCO,76076,QMLE-Quote,2009-4-13,0.331517
CSCO,76076,QMLE-Quote,2009-4-14,0.335207
CSCO,76076,QMLE-Quote,2009-4-15,0.363036
CSCO,76076,QMLE-Quote,2009-4-16,0.323117
CSCO,76076,QMLE-Quote,2009-4-17,0.271806
CSCO,76076,QMLE-Quote,2009-4-20,0.313123
CSCO,76076,QMLE-Quote,2009-4-21,0.31829
CSCO,76076,QMLE-Quote,2009-4-22,0.323272
CSCO,76076,QMLE-Quote,2009-4-23,0.36127
CSCO,76076,QMLE-Quote,2009-4-24,0.375968
CSCO,76076,QMLE-Quote,2009-4-27,0.303049
CSCO,76076,QMLE-Quote,2009-4-28,0.321325
CSCO,76076,QMLE-Quote,2009-4-29,0.358323
CSCO,76076,QMLE-Quote,2009-4-30,0.362201
CSCO,76076,QMLE-Quote,2009-5-1,0.346581
CSCO,76076,QMLE-Quote,2009-5-4,0.343275
CSCO,76076,QMLE-Quote,2009-5-5,0.323796
CSCO,76076,QMLE-Quote,2009-5-6,0.414061
CSCO,76076,QMLE-Quote,2009-5-7,0.46924
CSCO,76076,QMLE-Quote,2009-5-8,0.406179
CSCO,76076,QMLE-Quote,2009-5-11,0.333807
CSCO,76076,QMLE-Quote,2009-5-12,0.294918
CSCO,76076,QMLE-Quote,2009-5-13,0.33384
CSCO,76076,QMLE-Quote,2009-5-14,0.244687
CSCO,76076,QMLE-Quote,2009-5-15,0.231235
CSCO,76076,QMLE-Quote,2009-5-18,0.251936
CSCO,76076,QMLE-Quote,2009-5-19,0.30088
CSCO,76076,QMLE-Quote,2009-5-20,0.303525
CSCO,76076,QMLE-Quote,2009-5-21,0.298113
CSCO,76076,QMLE-Quote,2009-5-22,0.320587
CSCO,76076,QMLE-Quote,2009-5-26,0.354713
CSCO,76076,QMLE-Quote,2009-5-27,0.349824
CSCO,76076,QMLE-Quote,2009-5-28,0.32489
CSCO,76076,QMLE-Quote,2009-5-29,0.333663
CSCO,76076,QMLE-Quote,2009-6-1,0.338654
CSCO,76076,QMLE-Quote,2009-6-2,0.26945
CSCO,76076,QMLE-Quote,2009-6-3,0.285458
CSCO,76076,QMLE-Quote,2009-6-4,0.260745
CSCO,76076,QMLE-Quote,2009-6-5,0.364347
CSCO,76076,QMLE-Quote,2009-6-8,0.24813
CSCO,76076,QMLE-Quote,2009-6-9,0.30118
CSCO,76076,QMLE-Quote,2009-6-10,0.259076
CSCO,76076,QMLE-Quote,2009-6-11,0.288375
CSCO,76076,QMLE-Quote,2009-6-12,0.257366
CSCO,76076,QMLE-Quote,2009-6-15,0.26068
CSCO,76076,QMLE-Quote,2009-6-16,0.283964
CSCO,76076,QMLE-Quote,2009-6-17,0.308621
CSCO,76076,QMLE-Quote,2009-6-18,0.213724
CSCO,76076,QMLE-Quote,2009-6-19,0.226401
CSCO,76076,QMLE-Quote,2009-6-22,0.232043
CSCO,76076,QMLE-Quote,2009-6-23,0.296829
CSCO,76076,QMLE-Quote,2009-6-24,0.282023
CSCO,76076,QMLE-Quote,2009-6-25,0.274137
CSCO,76076,QMLE-Quote,2009-6-26,0.182963
CSCO,76076,QMLE-Quote,2009-6-29,0.183032
CSCO,76076,QMLE-Quote,2009-6-30,0.287201
CSCO,76076,QMLE-Quote,2009-7-1,0.175267
CSCO,76076,QMLE-Quote,2009-7-2,0.204686
CSCO,76076,QMLE-Quote,2009-7-6,0.269138
CSCO,76076,QMLE-Quote,2009-7-7,0.234532
CSCO,76076,QMLE-Quote,2009-7-8,0.352738
CSCO,76076,QMLE-Quote,2009-7-9,0.266601
CSCO,76076,QMLE-Quote,2009-7-10,0.265482
CSCO,76076,QMLE-Quote,2009-7-13,0.308595
CSCO,76076,QMLE-Quote,2009-7-14,0.270369
CSCO,76076,QMLE-Quote,2009-7-15,0.270464
CSCO,76076,QMLE-Quote,2009-7-16,0.270322
CSCO,76076,QMLE-Quote,2009-7-17,0.252793
CSCO,76076,QMLE-Quote,2009-7-20,0.276078
CSCO,76076,QMLE-Quote,2009-7-21,0.305987
CSCO,76076,QMLE-Quote,2009-7-22,0.295078
CSCO,76076,QMLE-Quote,2009-7-23,0.279626
CSCO,76076,QMLE-Quote,2009-7-24,0.293707
CSCO,76076,QMLE-Quote,2009-7-27,0.230057
CSCO,76076,QMLE-Quote,2009-7-28,0.231906
CSCO,76076,QMLE-Quote,2009-7-29,0.256178
CSCO,76076,QMLE-Quote,2009-7-30,0.246175
CSCO,76076,QMLE-Quote,2009-7-31,0.237345
CSCO,76076,QMLE-Quote,2009-8-3,0.247725
CSCO,76076,QMLE-Quote,2009-8-4,0.241177
CSCO,76076,QMLE-Quote,2009-8-5,0.234709
CSCO,76076,QMLE-Quote,2009-8-6,0.345473
CSCO,76076,QMLE-Quote,2009-8-7,0.259027
CSCO,76076,QMLE-Quote,2009-8-10,0.206441
CSCO,76076,QMLE-Quote,2009-8-11,0.141007
CSCO,76076,QMLE-Quote,2009-8-12,0.198403
CSCO,76076,QMLE-Quote,2009-8-13,0.205829
CSCO,76076,QMLE-Quote,2009-8-14,0.210533
CSCO,76076,QMLE-Quote,2009-8-17,0.196966
CSCO,76076,QMLE-Quote,2009-8-18,0.185793
CSCO,76076,QMLE-Quote,2009-8-19,0.245983
CSCO,76076,QMLE-Quote,2009-8-20,0.212943
CSCO,76076,QMLE-Quote,2009-8-21,0.295769
CSCO,76076,QMLE-Quote,2009-8-24,0.271828
CSCO,76076,QMLE-Quote,2009-8-25,0.24829
CSCO,76076,QMLE-Quote,2009-8-26,0.215087
CSCO,76076,QMLE-Quote,2009-8-27,0.215784
CSCO,76076,QMLE-Quote,2009-8-28,0.270692
CSCO,76076,QMLE-Quote,2009-8-31,0.221623
CSCO,76076,QMLE-Quote,2009-9-1,0.308644
CSCO,76076,QMLE-Quote,2009-9-2,0.242417
CSCO,76076,QMLE-Quote,2009-9-3,0.267268
CSCO,76076,QMLE-Quote,2009-9-4,0.224387
CSCO,76076,QMLE-Quote,2009-9-8,0.222667
CSCO,76076,QMLE-Quote,2009-9-9,0.236149
CSCO,76076,QMLE-Quote,2009-9-10,0.227361
CSCO,76076,QMLE-Quote,2009-9-11,0.221152
CSCO,76076,QMLE-Quote,2009-9-14,0.206072
CSCO,76076,QMLE-Quote,2009-9-15,0.23839
CSCO,76076,QMLE-Quote,2009-9-16,0.149964
CSCO,76076,QMLE-Quote,2009-9-17,0.241948
CSCO,76076,QMLE-Quote,2009-9-18,0.205946
CSCO,76076,QMLE-Quote,2009-9-21,0.229307
CSCO,76076,QMLE-Quote,2009-9-22,0.195673
CSCO,76076,QMLE-Quote,2009-9-23,0.231328
CSCO,76076,QMLE-Quote,2009-9-24,0.25365
CSCO,76076,QMLE-Quote,2009-9-25,0.279807
CSCO,76076,QMLE-Quote,2009-9-28,0.212282
CSCO,76076,QMLE-Quote,2009-9-29,0.22995
CSCO,76076,QMLE-Quote,2009-9-30,0.305196
CSCO,76076,QMLE-Quote,2009-10-1,0.268051
CSCO,76076,QMLE-Quote,2009-10-2,0.229307
CSCO,76076,QMLE-Quote,2009-10-5,0.253531
CSCO,76076,QMLE-Quote,2009-10-6,0.255498
CSCO,76076,QMLE-Quote,2009-10-7,0.207399
CSCO,76076,QMLE-Quote,2009-10-8,0.211434
CSCO,76076,QMLE-Quote,2009-10-9,0.186435
CSCO,76076,QMLE-Quote,2009-10-12,0.210479
CSCO,76076,QMLE-Quote,2009-10-13,0.248498
CSCO,76076,QMLE-Quote,2009-10-14,0.203513
CSCO,76076,QMLE-Quote,2009-10-15,0.152927
CSCO,76076,QMLE-Quote,2009-10-16,0.211277
CSCO,76076,QMLE-Quote,2009-10-19,0.227709
CSCO,76076,QMLE-Quote,2009-10-20,0.238569
CSCO,76076,QMLE-Quote,2009-10-21,0.214134
CSCO,76076,QMLE-Quote,2009-10-22,0.225496
CSCO,76076,QMLE-Quote,2009-10-23,0.251575
CSCO,76076,QMLE-Quote,2009-10-26,0.266535
CSCO,76076,QMLE-Quote,2009-10-27,0.269685
CSCO,76076,QMLE-Quote,2009-10-28,0.250126
CSCO,76076,QMLE-Quote,2009-10-29,0.198683
CSCO,76076,QMLE-Quote,2009-10-30,0.336192
CSCO,76076,QMLE-Quote,2009-11-2,0.334607
CSCO,76076,QMLE-Quote,2009-11-3,0.289773
CSCO,76076,QMLE-Quote,2009-11-4,0.240047
CSCO,76076,QMLE-Quote,2009-11-5,0.304853
CSCO,76076,QMLE-Quote,2009-11-6,0.230295
CSCO,76076,QMLE-Quote,2009-11-9,0.140364
CSCO,76076,QMLE-Quote,2009-11-10,0.201807
CSCO,76076,QMLE-Quote,2009-11-11,0.152476
CSCO,76076,QMLE-Quote,2009-11-12,0.220558
CSCO,76076,QMLE-Quote,2009-11-13,0.184122
CSCO,76076,QMLE-Quote,2009-11-16,0.148998
CSCO,76076,QMLE-Quote,2009-11-17,0.116851
CSCO,76076,QMLE-Quote,2009-11-18,0.134793
CSCO,76076,QMLE-Quote,2009-11-19,0.196622
CSCO,76076,QMLE-Quote,2009-11-20,0.145565
CSCO,76076,QMLE-Quote,2009-11-23,0.148371
CSCO,76076,QMLE-Quote,2009-11-24,0.191308
CSCO,76076,QMLE-Quote,2009-11-25,0.0952225
CSCO,76076,QMLE-Quote,2009-11-27,0.265344
CSCO,76076,QMLE-Quote,2009-11-30,0.196449
CSCO,76076,QMLE-Quote,2009-12-1,0.178002
CSCO,76076,QMLE-Quote,2009-12-2,0.172586
CSCO,76076,QMLE-Quote,2009-12-3,0.159627
CSCO,76076,QMLE-Quote,2009-12-4,0.238037
CSCO,76076,QMLE-Quote,2009-12-7,0.146824
CSCO,76076,QMLE-Quote,2009-12-8,0.268933
CSCO,76076,QMLE-Quote,2009-12-9,0.187827
CSCO,76076,QMLE-Quote,2009-12-10,0.180282
CSCO,76076,QMLE-Quote,2009-12-11,0.165757
CSCO,76076,QMLE-Quote,2009-12-14,0.101589
CSCO,76076,QMLE-Quote,2009-12-15,0.166059
CSCO,76076,QMLE-Quote,2009-12-16,0.18626
CSCO,76076,QMLE-Quote,2009-12-17,0.190957
CSCO,76076,QMLE-Quote,2009-12-18,0.185137
CSCO,76076,QMLE-Quote,2009-12-21,0.179218
CSCO,76076,QMLE-Quote,2009-12-22,0.157545
CSCO,76076,QMLE-Quote,2009-12-23,0.137118
CSCO,76076,QMLE-Quote,2009-12-24,0.0937801
CSCO,76076,QMLE-Quote,2009-12-28,0.0980876
CSCO,76076,QMLE-Quote,2009-12-29,0.103008
CSCO,76076,QMLE-Quote,2009-12-30,0.122453
CSCO,76076,QMLE-Quote,2009-12-31,0.106723
CSCO,76076,QMLE-Quote,2010-1-4,0.165061
CSCO,76076,QMLE-Quote,2010-1-5,0.184923
CSCO,76076,QMLE-Quote,2010-1-6,0.172446
CSCO,76076,QMLE-Quote,2010-1-7,0.153884
CSCO,76076,QMLE-Quote,2010-1-8,0.177014
CSCO,76076,QMLE-Quote,2010-1-11,0.193299
CSCO,76076,QMLE-Quote,2010-1-12,0.18002
CSCO,76076,QMLE-Quote,2010-1-13,0.154456
CSCO,76076,QMLE-Quote,2010-1-14,0.156696
CSCO,76076,QMLE-Quote,2010-1-15,0.21891
CSCO,76076,QMLE-Quote,2010-1-19,0.161879
CSCO,76076,QMLE-Quote,2010-1-20,0.184223
CSCO,76076,QMLE-Quote,2010-1-21,0.270951
CSCO,76076,QMLE-Quote,2010-1-22,0.313799
CSCO,76076,QMLE-Quote,2010-1-25,0.255092
CSCO,76076,QMLE-Quote,2010-1-26,0.249017
CSCO,76076,QMLE-Quote,2010-1-27,0.274886
CSCO,76076,QMLE-Quote,2010-1-28,0.323334
CSCO,76076,QMLE-Quote,2010-1-29,0.362794
CSCO,76076,QMLE-Quote,2010-2-1,0.273698
CSCO,76076,QMLE-Quote,2010-2-2,0.237618
CSCO,76076,QMLE-Quote,2010-2-3,0.220075
CSCO,76076,QMLE-Quote,2010-2-4,0.302582
CSCO,76076,QMLE-Quote,2010-2-5,0.321213
CSCO,76076,QMLE-Quote,2010-2-8,0.227335
CSCO,76076,QMLE-Quote,2010-2-9,0.212272
CSCO,76076,QMLE-Quote,2010-2-10,0.18158
CSCO,76076,QMLE-Quote,2010-2-11,0.235454
CSCO,76076,QMLE-Quote,2010-2-12,0.217141
CSCO,76076,QMLE-Quote,2010-2-16,0.113547
CSCO,76076,QMLE-Quote,2010-2-17,0.134695
CSCO,76076,QMLE-Quote,2010-2-18,0.158637
CSCO,76076,QMLE-Quote,2010-2-19,0.160175
CSCO,76076,QMLE-Quote,2010-2-22,0.168989
CSCO,76076,QMLE-Quote,2010-2-23,0.176818
CSCO,76076,QMLE-Quote,2010-2-24,0.160651
CSCO,76076,QMLE-Quote,2010-2-25,0.19034
CSCO,76076,QMLE-Quote,2010-2-26,0.135678
CSCO,76076,QMLE-Quote,2010-3-1,0.144512
CSCO,76076,QMLE-Quote,2010-3-2,0.126238
CSCO,76076,QMLE-Quote,2010-3-3,0.172134
CSCO,76076,QMLE-Quote,2010-3-4,0.145414
CSCO,76076,QMLE-Quote,2010-3-5,0.10107
CSCO,76076,QMLE-Quote,2010-3-8,0.227602
CSCO,76076,QMLE-Quote,2010-3-9,0.30109
CSCO,76076,QMLE-Quote,2010-3-10,0.187302
CSCO,76076,QMLE-Quote,2010-3-11,0.141903
CSCO,76076,QMLE-Quote,2010-3-12,0.111912
CSCO,76076,QMLE-Quote,2010-3-15,0.150347
CSCO,76076,QMLE-Quote,2010-3-16,0.153738
CSCO,76076,QMLE-Quote,2010-3-17,0.0917349
CSCO,76076,QMLE-Quote,2010-3-18,0.11943
CSCO,76076,QMLE-Quote,2010-3-19,0.154669
CSCO,76076,QMLE-Quote,2010-3-22,0.122722
CSCO,76076,QMLE-Quote,2010-3-23,0.157528
CSCO,76076,QMLE-Quote,2010-3-24,0.138602
CSCO,76076,QMLE-Quote,2010-3-25,0.152407
CSCO,76076,QMLE-Quote,2010-3-26,0.176479
CSCO,76076,QMLE-Quote,2010-3-29,0.119708
CSCO,76076,QMLE-Quote,2010-3-30,0.156149
CSCO,76076,QMLE-Quote,2010-3-31,0.14705
CSCO,76076,QMLE-Quote,2010-4-1,0.14769
CSCO,76076,QMLE-Quote,2010-4-5,0.130812
CSCO,76076,QMLE-Quote,2010-4-6,0.107971
CSCO,76076,QMLE-Quote,2010-4-7,0.186461
CSCO,76076,QMLE-Quote,2010-4-8,0.162914
CSCO,76076,QMLE-Quote,2010-4-9,0.156547
CSCO,76076,QMLE-Quote,2010-4-12,0.126577
CSCO,76076,QMLE-Quote,2010-4-13,0.145459
CSCO,76076,QMLE-Quote,2010-4-14,0.125013
CSCO,76076,QMLE-Quote,2010-4-15,0.116562
CSCO,76076,QMLE-Quote,2010-4-16,0.216647
CSCO,76076,QMLE-Quote,2010-4-19,0.190979
CSCO,76076,QMLE-Quote,2010-4-20,0.179245
CSCO,76076,QMLE-Quote,2010-4-21,0.164144
CSCO,76076,QMLE-Quote,2010-4-22,0.222256
CSCO,76076,QMLE-Quote,2010-4-23,0.136989
CSCO,76076,QMLE-Quote,2010-4-26,0.161665
CSCO,76076,QMLE-Quote,2010-4-27,0.24122
CSCO,76076,QMLE-Quote,2010-4-28,0.23
CSCO,76076,QMLE-Quote,2010-4-29,0.134156
CSCO,76076,QMLE-Quote,2010-4-30,0.247255
CSCO,76076,QMLE-Quote,2010-5-3,0.184068
CSCO,76076,QMLE-Quote,2010-5-4,0.273857
CSCO,76076,QMLE-Quote,2010-5-5,0.280479
CSCO,76076,QMLE-Quote,2010-5-6,0.892187
CSCO,76076,QMLE-Quote,2010-5-7,0.680944
CSCO,76076,QMLE-Quote,2010-5-10,0.368404
CSCO,76076,QMLE-Quote,2010-5-11,0.247908
CSCO,76076,QMLE-Quote,2010-5-12,0.230173
CSCO,76076,QMLE-Quote,2010-5-13,0.317087
CSCO,76076,QMLE-Quote,2010-5-14,0.332953
CSCO,76076,QMLE-Quote,2010-5-17,0.295746
CSCO,76076,QMLE-Quote,2010-5-18,0.303007
CSCO,76076,QMLE-Quote,2010-5-19,0.359347
CSCO,76076,QMLE-Quote,2010-5-20,0.435084
CSCO,76076,QMLE-Quote,2010-5-21,0.419422
CSCO,76076,QMLE-Quote,2010-5-24,0.323909
CSCO,76076,QMLE-Quote,2010-5-25,0.352695
CSCO,76076,QMLE-Quote,2010-5-26,0.325878
CSCO,76076,QMLE-Quote,2010-5-27,0.268057
CSCO,76076,QMLE-Quote,2010-5-28,0.319438
CSCO,76076,QMLE-Quote,2010-6-1,0.274444
CSCO,76076,QMLE-Quote,2010-6-2,0.230547
CSCO,76076,QMLE-Quote,2010-6-3,0.254892
CSCO,76076,QMLE-Quote,2010-6-4,0.302098
CSCO,76076,QMLE-Quote,2010-6-7,0.266886
CSCO,76076,QMLE-Quote,2010-6-8,0.312204
CSCO,76076,QMLE-Quote,2010-6-9,0.251829
CSCO,76076,QMLE-Quote,2010-6-10,0.198364
CSCO,76076,QMLE-Quote,2010-6-11,0.249089
CSCO,76076,QMLE-Quote,2010-6-14,0.226973
CSCO,76076,QMLE-Quote,2010-6-15,0.195267
CSCO,76076,QMLE-Quote,2010-6-16,0.22928
CSCO,76076,QMLE-Quote,2010-6-17,0.198897
CSCO,76076,QMLE-Quote,2010-6-18,0.189219
CSCO,76076,QMLE-Quote,2010-6-21,0.22985
CSCO,76076,QMLE-Quote,2010-6-22,0.274648
CSCO,76076,QMLE-Quote,2010-6-23,0.27882
CSCO,76076,QMLE-Quote,2010-6-24,0.274962
CSCO,76076,QMLE-Quote,2010-6-25,0.298665
CSCO,76076,QMLE-Quote,2010-6-28,0.251042
CSCO,76076,QMLE-Quote,2010-6-29,0.371075
CSCO,76076,QMLE-Quote,2010-6-30,0.263069
CSCO,76076,QMLE-Quote,2010-7-1,0.350729
CSCO,76076,QMLE-Quote,2010-7-2,0.211359
CSCO,76076,QMLE-Quote,2010-7-6,0.278267
CSCO,76076,QMLE-Quote,2010-7-7,0.233749
CSCO,76076,QMLE-Quote,2010-7-8,0.245665
CSCO,76076,QMLE-Quote,2010-7-9,0.180506
CSCO,76076,QMLE-Quote,2010-7-12,0.218166
CSCO,76076,QMLE-Quote,2010-7-13,0.241006
CSCO,76076,QMLE-Quote,2010-7-14,0.209745
CSCO,76076,QMLE-Quote,2010-7-15,0.224327
CSCO,76076,QMLE-Quote,2010-7-16,0.311795
CSCO,76076,QMLE-Quote,2010-7-19,0.227106
CSCO,76076,QMLE-Quote,2010-7-20,0.283529
CSCO,76076,QMLE-Quote,2010-7-21,0.277218
CSCO,76076,QMLE-Quote,2010-7-22,0.226781
CSCO,76076,QMLE-Quote,2010-7-23,0.298613
CSCO,76076,QMLE-Quote,2010-7-26,0.192573
CSCO,76076,QMLE-Quote,2010-7-27,0.213638
CSCO,76076,QMLE-Quote,2010-7-28,0.220914
CSCO,76076,QMLE-Quote,2010-7-29,0.233439
CSCO,76076,QMLE-Quote,2010-7-30,0.250344
CSCO,76076,QMLE-Quote,2010-8-2,0.192695
CSCO,76076,QMLE-Quote,2010-8-3,0.191909
CSCO,76076,QMLE-Quote,2010-8-4,0.18962
CSCO,76076,QMLE-Quote,2010-8-5,0.164827
CSCO,76076,QMLE-Quote,2010-8-6,0.21515
CSCO,76076,QMLE-Quote,2010-8-9,0.196455
CSCO,76076,QMLE-Quote,2010-8-10,0.305312
CSCO,76076,QMLE-Quote,2010-8-11,0.287265
CSCO,76076,QMLE-Quote,2010-8-12,0.40457
CSCO,76076,QMLE-Quote,2010-8-13,0.166409
CSCO,76076,QMLE-Quote,2010-8-16,0.272949
CSCO,76076,QMLE-Quote,2010-8-17,0.196171
CSCO,76076,QMLE-Quote,2010-8-18,0.167188
CSCO,76076,QMLE-Quote,2010-8-19,0.206429
CSCO,76076,QMLE-Quote,2010-8-20,0.158416
CSCO,76076,QMLE-Quote,2010-8-23,0.209434
CSCO,76076,QMLE-Quote,2010-8-24,0.289071
CSCO,76076,QMLE-Quote,2010-8-25,0.241543
CSCO,76076,QMLE-Quote,2010-8-26,0.245816
CSCO,76076,QMLE-Quote,2010-8-27,0.295963
CSCO,76076,QMLE-Quote,2010-8-30,0.196664
CSCO,76076,QMLE-Quote,2010-8-31,0.301117
CSCO,76076,QMLE-Quote,2010-9-1,0.2192
CSCO,76076,QMLE-Quote,2010-9-2,0.230362
CSCO,76076,QMLE-Quote,2010-9-3,0.225582
CSCO,76076,QMLE-Quote,2010-9-7,0.189169
CSCO,76076,QMLE-Quote,2010-9-8,0.194429
CSCO,76076,QMLE-Quote,2010-9-9,0.208493
CSCO,76076,QMLE-Quote,2010-9-10,0.211917
CSCO,76076,QMLE-Quote,2010-9-13,0.214824
CSCO,76076,QMLE-Quote,2010-9-14,0.372951
CSCO,76076,QMLE-Quote,2010-9-15,0.212241
CSCO,76076,QMLE-Quote,2010-9-16,0.215665
CSCO,76076,QMLE-Quote,2010-9-17,0.17771
CSCO,76076,QMLE-Quote,2010-9-20,0.126527
CSCO,76076,QMLE-Quote,2010-9-21,0.232759
CSCO,76076,QMLE-Quote,2010-9-22,0.253162
CSCO,76076,QMLE-Quote,2010-9-23,0.174258
CSCO,76076,QMLE-Quote,2010-9-24,0.162974
CSCO,76076,QMLE-Quote,2010-9-27,0.182287
CSCO,76076,QMLE-Quote,2010-9-28,0.250239
CSCO,76076,QMLE-Quote,2010-9-29,0.23051
CSCO,76076,QMLE-Quote,2010-9-30,0.262061
CSCO,76076,QMLE-Quote,2010-10-1,0.228902
CSCO,76076,QMLE-Quote,2010-10-4,0.232498
CSCO,76076,QMLE-Quote,2010-10-5,0.20639
CSCO,76076,QMLE-Quote,2010-10-6,0.261052
CSCO,76076,QMLE-Quote,2010-10-7,0.240907
CSCO,76076,QMLE-Quote,2010-10-8,0.168444
CSCO,76076,QMLE-Quote,2010-10-11,0.121947
CSCO,76076,QMLE-Quote,2010-10-12,0.168176
CSCO,76076,QMLE-Quote,2010-10-13,0.196289
CSCO,76076,QMLE-Quote,2010-10-14,0.190545
CSCO,76076,QMLE-Quote,2010-10-15,0.193649
CSCO,76076,QMLE-Quote,2010-10-18,0.130422
CSCO,76076,QMLE-Quote,2010-10-19,0.231115
CSCO,76076,QMLE-Quote,2010-10-20,0.196804
CSCO,76076,QMLE-Quote,2010-10-21,0.202404
CSCO,76076,QMLE-Quote,2010-10-22,0.113917
CSCO,76076,QMLE-Quote,2010-10-25,0.155567
CSCO,76076,QMLE-Quote,2010-10-26,0.182515
CSCO,76076,QMLE-Quote,2010-10-27,0.178713
CSCO,76076,QMLE-Quote,2010-10-28,0.192339
CSCO,76076,QMLE-Quote,2010-10-29,0.153771
CSCO,76076,QMLE-Quote,2010-11-1,0.183545
CSCO,76076,QMLE-Quote,2010-11-2,0.134531
CSCO,76076,QMLE-Quote,2010-11-3,0.237569
CSCO,76076,QMLE-Quote,2010-11-4,0.155469
CSCO,76076,QMLE-Quote,2010-11-5,0.158122
CSCO,76076,QMLE-Quote,2010-11-8,0.164025
CSCO,76076,QMLE-Quote,2010-11-9,0.184909
CSCO,76076,QMLE-Quote,2010-11-10,0.188373
CSCO,76076,QMLE-Quote,2010-11-11,0.443851
CSCO,76076,QMLE-Quote,2010-11-12,0.242948
CSCO,76076,QMLE-Quote,2010-11-15,0.177683
CSCO,76076,QMLE-Quote,2010-11-16,0.250578
CSCO,76076,QMLE-Quote,2010-11-17,0.194314
CSCO,76076,QMLE-Quote,2010-11-18,0.164221
CSCO,76076,QMLE-Quote,2010-11-19,0.172213
CSCO,76076,QMLE-Quote,2010-11-22,0.136146
CSCO,76076,QMLE-Quote,2010-11-23,0.183756
CSCO,76076,QMLE-Quote,2010-11-24,0.149946
CSCO,76076,QMLE-Quote,2010-11-26,0.192014
CSCO,76076,QMLE-Quote,2010-11-29,0.15882
CSCO,76076,QMLE-Quote,2010-11-30,0.131111
CSCO,76076,QMLE-Quote,2010-12-1,0.0809783
CSCO,76076,QMLE-Quote,2010-12-2,0.135984
CSCO,76076,QMLE-Quote,2010-12-3,0.111277
CSCO,76076,QMLE-Quote,2010-12-6,0.160229
CSCO,76076,QMLE-Quote,2010-12-7,0.116354
CSCO,76076,QMLE-Quote,2010-12-8,0.0717091
CSCO,76076,QMLE-Quote,2010-12-9,0.168081
CSCO,76076,QMLE-Quote,2010-12-10,0.160282
CSCO,76076,QMLE-Quote,2010-12-13,0.120059
CSCO,76076,QMLE-Quote,2010-12-14,0.135806
CSCO,76076,QMLE-Quote,2010-12-15,0.0926956
CSCO,76076,QMLE-Quote,2010-12-16,0.134995
CSCO,76076,QMLE-Quote,2010-12-17,0.139323
CSCO,76076,QMLE-Quote,2010-12-20,0.110804
CSCO,76076,QMLE-Quote,2010-12-21,0.152451
CSCO,76076,QMLE-Quote,2010-12-22,0.0284874
CSCO,76076,QMLE-Quote,2010-12-23,0.0733483
CSCO,76076,QMLE-Quote,2010-12-27,0.164488
CSCO,76076,QMLE-Quote,2010-12-28,0.15416
CSCO,76076,QMLE-Quote,2010-12-29,0.0780107
CSCO,76076,QMLE-Quote,2010-12-30,0.0846236
CSCO,76076,QMLE-Quote,2010-12-31,0.0984131
CSCO,76076,QMLE-Quote,2011-1-3,0.140896
CSCO,76076,QMLE-Quote,2011-1-4,0.10555
CSCO,76076,QMLE-Quote,2011-1-5,0.143844
CSCO,76076,QMLE-Quote,2011-1-6,0.120404
CSCO,76076,QMLE-Quote,2011-1-7,0.118631
CSCO,76076,QMLE-Quote,2011-1-10,0.164922
CSCO,76076,QMLE-Quote,2011-1-11,0.092938
CSCO,76076,QMLE-Quote,2011-1-12,0.0702427
CSCO,76076,QMLE-Quote,2011-1-13,0.132746
CSCO,76076,QMLE-Quote,2011-1-14,0.109657
CSCO,76076,QMLE-Quote,2011-1-18,0.0747664
CSCO,76076,QMLE-Quote,2011-1-19,0.155173
CSCO,76076,QMLE-Quote,2011-1-20,0.194396
CSCO,76076,QMLE-Quote,2011-1-21,0.141261
CSCO,76076,QMLE-Quote,2011-1-24,0.165795
CSCO,76076,QMLE-Quote,2011-1-25,0.192896
CSCO,76076,QMLE-Quote,2011-1-26,0.244156
CSCO,76076,QMLE-Quote,2011-1-27,0.17776
CSCO,76076,QMLE-Quote,2011-1-28,0.246274
CSCO,76076,QMLE-Quote,2011-1-31,0.180494
CSCO,76076,QMLE-Quote,2011-2-1,0.134288
CSCO,76076,QMLE-Quote,2011-2-2,0.16867
CSCO,76076,QMLE-Quote,2011-2-3,0.172199
CSCO,76076,QMLE-Quote,2011-2-4,0.147948
CSCO,76076,QMLE-Quote,2011-2-7,0.143576
CSCO,76076,QMLE-Quote,2011-2-8,0.202222
CSCO,76076,QMLE-Quote,2011-2-9,0.165599
CSCO,76076,QMLE-Quote,2011-2-10,0.323911
CSCO,76076,QMLE-Quote,2011-2-11,0.202162
CSCO,76076,QMLE-Quote,2011-2-14,0.121117
CSCO,76076,QMLE-Quote,2011-2-15,0.128715
CSCO,76076,QMLE-Quote,2011-2-16,0.113956
CSCO,76076,QMLE-Quote,2011-2-17,0.141725
CSCO,76076,QMLE-Quote,2011-2-18,0.166611
CSCO,76076,QMLE-Quote,2011-2-22,0.19145
CSCO,76076,QMLE-Quote,2011-2-23,0.162925
CSCO,76076,QMLE-Quote,2011-2-24,0.223115
CSCO,76076,QMLE-Quote,2011-2-25,0.123812
CSCO,76076,QMLE-Quote,2011-2-28,0.174516
CSCO,76076,QMLE-Quote,2011-3-1,0.152758
CSCO,76076,QMLE-Quote,2011-3-2,0.0872395
CSCO,76076,QMLE-Quote,2011-3-3,0.102889
CSCO,76076,QMLE-Quote,2011-3-4,0.123302
CSCO,76076,QMLE-Quote,2011-3-7,0.14323
CSCO,76076,QMLE-Quote,2011-3-8,0.165958
CSCO,76076,QMLE-Quote,2011-3-9,0.0877481
CSCO,76076,QMLE-Quote,2011-3-10,0.104188
CSCO,76076,QMLE-Quote,2011-3-11,0.178043
CSCO,76076,QMLE-Quote,2011-3-14,0.133367
CSCO,76076,QMLE-Quote,2011-3-15,0.19222
CSCO,76076,QMLE-Quote,2011-3-16,0.301244
CSCO,76076,QMLE-Quote,2011-3-17,0.0969957
CSCO,76076,QMLE-Quote,2011-3-18,0.188753
CSCO,76076,QMLE-Quote,2011-3-21,0.137186
CSCO,76076,QMLE-Quote,2011-3-22,0.193273
CSCO,76076,QMLE-Quote,2011-3-23,0.18446
CSCO,76076,QMLE-Quote,2011-3-24,0.129637
CSCO,76076,QMLE-Quote,2011-3-25,0.139992
CSCO,76076,QMLE-Quote,2011-3-28,0.148659
CSCO,76076,QMLE-Quote,2011-3-29,0.143451
CSCO,76076,QMLE-Quote,2011-3-30,0.151003
CSCO,76076,QMLE-Quote,2011-3-31,0.145602
CSCO,76076,QMLE-Quote,2011-4-1,0.114649
CSCO,76076,QMLE-Quote,2011-4-4,0.11854
CSCO,76076,QMLE-Quote,2011-4-5,0.210959
CSCO,76076,QMLE-Quote,2011-4-6,0.270499
CSCO,76076,QMLE-Quote,2011-4-7,0.27969
CSCO,76076,QMLE-Quote,2011-4-8,0.228268
CSCO,76076,QMLE-Quote,2011-4-11,0.143366
CSCO,76076,QMLE-Quote,2011-4-12,0.190159
CSCO,76076,QMLE-Quote,2011-4-13,0.176931
CSCO,76076,QMLE-Quote,2011-4-14,0.136552
CSCO,76076,QMLE-Quote,2011-4-15,0.146779
CSCO,76076,QMLE-Quote,2011-4-18,0.193264
CSCO,76076,QMLE-Quote,2011-4-19,0.176555
CSCO,76076,QMLE-Quote,2011-4-20,0.140315
CSCO,76076,QMLE-Quote,2011-4-21,0.0845812
CSCO,76076,QMLE-Quote,2011-4-25,0.129457
CSCO,76076,QMLE-Quote,2011-4-26,0.153943
CSCO,76076,QMLE-Quote,2011-4-27,0.177345
CSCO,76076,QMLE-Quote,2011-4-28,0.145584
CSCO,76076,QMLE-Quote,2011-4-29,0.166972
CSCO,76076,QMLE-Quote,2011-5-2,0.132409
CSCO,76076,QMLE-Quote,2011-5-3,0.112843
CSCO,76076,QMLE-Quote,2011-5-4,0.191138
CSCO,76076,QMLE-Quote,2011-5-5,0.212359
CSCO,76076,QMLE-Quote,2011-5-6,0.157766
CSCO,76076,QMLE-Quote,2011-5-9,0.140448
CSCO,76076,QMLE-Quote,2011-5-10,0.142136
CSCO,76076,QMLE-Quote,2011-5-11,0.184733
CSCO,76076,QMLE-Quote,2011-5-12,0.305115
CSCO,76076,QMLE-Quote,2011-5-13,0.109136
CSCO,76076,QMLE-Quote,2011-5-16,0.11584
CSCO,76076,QMLE-Quote,2011-5-17,0.185207
CSCO,76076,QMLE-Quote,2011-5-18,0.18867
CSCO,76076,QMLE-Quote,2011-5-19,0.19949
CSCO,76076,QMLE-Quote,2011-5-20,0.143712
CSCO,76076,QMLE-Quote,2011-5-23,0.120435
CSCO,76076,QMLE-Quote,2011-5-24,0.196817
CSCO,76076,QMLE-Quote,2011-5-25,0.127582
CSCO,76076,QMLE-Quote,2011-5-26,0.17638
CSCO,76076,QMLE-Quote,2011-5-27,0.128925
CSCO,76076,QMLE-Quote,2011-5-31,0.161562
CSCO,76076,QMLE-Quote,2011-6-1,0.169478
CSCO,76076,QMLE-Quote,2011-6-2,0.184066
CSCO,76076,QMLE-Quote,2011-6-3,0.126191
CSCO,76076,QMLE-Quote,2011-6-6,0.174138
CSCO,76076,QMLE-Quote,2011-6-7,0.186264
CSCO,76076,QMLE-Quote,2011-6-8,0.210732
CSCO,76076,QMLE-Quote,2011-6-9,0.192473
CSCO,76076,QMLE-Quote,2011-6-10,0.23125
CSCO,76076,QMLE-Quote,2011-6-13,0.179235
CSCO,76076,QMLE-Quote,2011-6-14,0.189252
CSCO,76076,QMLE-Quote,2011-6-15,0.171202
CSCO,76076,QMLE-Quote,2011-6-16,0.22903
CSCO,76076,QMLE-Quote,2011-6-17,0.198311
CSCO,76076,QMLE-Quote,2011-6-20,0.156756
CSCO,76076,QMLE-Quote,2011-6-21,0.205941
CSCO,76076,QMLE-Quote,2011-6-22,0.16524
CSCO,76076,QMLE-Quote,2011-6-23,0.250132
CSCO,76076,QMLE-Quote,2011-6-24,0.221818
CSCO,76076,QMLE-Quote,2011-6-27,0.18782
CSCO,76076,QMLE-Quote,2011-6-28,0.107982
CSCO,76076,QMLE-Quote,2011-6-29,0.187729
CSCO,76076,QMLE-Quote,2011-6-30,0.193359
CSCO,76076,QMLE-Quote,2011-7-1,0.162352
CSCO,76076,QMLE-Quote,2011-7-5,0.165414
CSCO,76076,QMLE-Quote,2011-7-6,0.145273
CSCO,76076,QMLE-Quote,2011-7-7,0.123956
CSCO,76076,QMLE-Quote,2011-7-8,0.219357
CSCO,76076,QMLE-Quote,2011-7-11,0.178409
CSCO,76076,QMLE-Quote,2011-7-12,0.279179
CSCO,76076,QMLE-Quote,2011-7-13,0.18771
CSCO,76076,QMLE-Quote,2011-7-14,0.200829
CSCO,76076,QMLE-Quote,2011-7-15,0.153215
CSCO,76076,QMLE-Quote,2011-7-18,0.141782
CSCO,76076,QMLE-Quote,2011-7-19,0.179609
CSCO,76076,QMLE-Quote,2011-7-20,0.186878
CSCO,76076,QMLE-Quote,2011-7-21,0.23483
CSCO,76076,QMLE-Quote,2011-7-22,0.179629
CSCO,76076,QMLE-Quote,2011-7-25,0.174013
CSCO,76076,QMLE-Quote,2011-7-26,0.176919
CSCO,76076,QMLE-Quote,2011-7-27,0.218096
CSCO,76076,QMLE-Quote,2011-7-28,0.269998
CSCO,76076,QMLE-Quote,2011-7-29,0.168522
CSCO,76076,QMLE-Quote,2011-8-1,0.288179
CSCO,76076,QMLE-Quote,2011-8-2,0.216543
CSCO,76076,QMLE-Quote,2011-8-3,0.289759
CSCO,76076,QMLE-Quote,2011-8-4,0.293361
CSCO,76076,QMLE-Quote,2011-8-5,0.576846
CSCO,76076,QMLE-Quote,2011-8-8,0.460602
CSCO,76076,QMLE-Quote,2011-8-9,0.650496
CSCO,76076,QMLE-Quote,2011-8-10,0.544093
CSCO,76076,QMLE-Quote,2011-8-11,0.489974
CSCO,76076,QMLE-Quote,2011-8-12,0.365889
CSCO,76076,QMLE-Quote,2011-8-15,0.212798
CSCO,76076,QMLE-Quote,2011-8-16,0.243071
CSCO,76076,QMLE-Quote,2011-8-17,0.245341
CSCO,76076,QMLE-Quote,2011-8-18,0.332663
CSCO,76076,QMLE-Quote,2011-8-19,0.362434
CSCO,76076,QMLE-Quote,2011-8-22,0.328852
CSCO,76076,QMLE-Quote,2011-8-23,0.309285
CSCO,76076,QMLE-Quote,2011-8-24,0.251154
CSCO,76076,QMLE-Quote,2011-8-25,0.294094
CSCO,76076,QMLE-Quote,2011-8-26,0.313283
CSCO,76076,QMLE-Quote,2011-8-29,0.123623
CSCO,76076,QMLE-Quote,2011-8-30,0.254859
CSCO,76076,QMLE-Quote,2011-8-31,0.230016
CSCO,76076,QMLE-Quote,2011-9-1,0.254943
CSCO,76076,QMLE-Quote,2011-9-2,0.209971
CSCO,76076,QMLE-Quote,2011-9-6,0.218534
CSCO,76076,QMLE-Quote,2011-9-7,0.19923
CSCO,76076,QMLE-Quote,2011-9-8,0.318295
CSCO,76076,QMLE-Quote,2011-9-9,0.305848
CSCO,76076,QMLE-Quote,2011-9-12,0.319838
CSCO,76076,QMLE-Quote,2011-9-13,0.298401
CSCO,76076,QMLE-Quote,2011-9-14,0.328807
CSCO,76076,QMLE-Quote,2011-9-15,0.23187
CSCO,76076,QMLE-Quote,2011-9-16,0.24422
CSCO,76076,QMLE-Quote,2011-9-19,0.233902
CSCO,76076,QMLE-Quote,2011-9-20,0.194766
CSCO,76076,QMLE-Quote,2011-9-21,0.323348
CSCO,76076,QMLE-Quote,2011-9-22,0.467375
CSCO,76076,QMLE-Quote,2011-9-23,0.320715
CSCO,76076,QMLE-Quote,2011-9-26,0.343448
CSCO,76076,QMLE-Quote,2011-9-27,0.244949
CSCO,76076,QMLE-Quote,2011-9-28,0.261429
CSCO,76076,QMLE-Quote,2011-9-29,0.295217
CSCO,76076,QMLE-Quote,2011-9-30,0.268862
CSCO,76076,QMLE-Quote,2011-10-3,0.291266
CSCO,76076,QMLE-Quote,2011-10-4,0.456728
CSCO,76076,QMLE-Quote,2011-10-5,0.375978
CSCO,76076,QMLE-Quote,2011-10-6,0.342789
CSCO,76076,QMLE-Quote,2011-10-7,0.327503
CSCO,76076,QMLE-Quote,2011-10-10,0.207535
CSCO,76076,QMLE-Quote,2011-10-11,0.188565
CSCO,76076,QMLE-Quote,2011-10-12,0.27093
CSCO,76076,QMLE-Quote,2011-10-13,0.220165
CSCO,76076,QMLE-Quote,2011-10-14,0.220241
CSCO,76076,QMLE-Quote,2011-10-17,0.229524
CSCO,76076,QMLE-Quote,2011-10-18,0.297936
CSCO,76076,QMLE-Quote,2011-10-19,0.249287
CSCO,76076,QMLE-Quote,2011-10-20,0.290346
CSCO,76076,QMLE-Quote,2011-10-21,0.245549
CSCO,76076,QMLE-Quote,2011-10-24,0.186436
CSCO,76076,QMLE-Quote,2011-10-25,0.213987
CSCO,76076,QMLE-Quote,2011-10-26,0.301243
CSCO,76076,QMLE-Quote,2011-10-27,0.260967
CSCO,76076,QMLE-Quote,2011-10-28,0.247366
CSCO,76076,QMLE-Quote,2011-10-31,0.208081
CSCO,76076,QMLE-Quote,2011-11-1,0.339908
CSCO,76076,QMLE-Quote,2011-11-2,0.224471
CSCO,76076,QMLE-Quote,2011-11-3,0.239472
CSCO,76076,QMLE-Quote,2011-11-4,0.24001
CSCO,76076,QMLE-Quote,2011-11-7,0.215296
CSCO,76076,QMLE-Quote,2011-11-8,0.217976
CSCO,76076,QMLE-Quote,2011-11-9,0.321577
CSCO,76076,QMLE-Quote,2011-11-10,0.447673
CSCO,76076,QMLE-Quote,2011-11-11,0.241319
CSCO,76076,QMLE-Quote,2011-11-14,0.222945
CSCO,76076,QMLE-Quote,2011-11-15,0.17195
CSCO,76076,QMLE-Quote,2011-11-16,0.208839
CSCO,76076,QMLE-Quote,2011-11-17,0.354481
CSCO,76076,QMLE-Quote,2011-11-18,0.276656
CSCO,76076,QMLE-Quote,2011-11-21,0.302099
CSCO,76076,QMLE-Quote,2011-11-22,0.262671
CSCO,76076,QMLE-Quote,2011-11-23,0.195308
CSCO,76076,QMLE-Quote,2011-11-25,0.305185
CSCO,76076,QMLE-Quote,2011-11-28,0.169939
CSCO,76076,QMLE-Quote,2011-11-29,0.234669
CSCO,76076,QMLE-Quote,2011-11-30,0.244361
CSCO,76076,QMLE-Quote,2011-12-1,0.283605
CSCO,76076,QMLE-Quote,2011-12-2,0.205181
CSCO,76076,QMLE-Quote,2011-12-5,0.160004
CSCO,76076,QMLE-Quote,2011-12-6,0.173995
CSCO,76076,QMLE-Quote,2011-12-7,0.244967
CSCO,76076,QMLE-Quote,2011-12-8,0.263697
CSCO,76076,QMLE-Quote,2011-12-9,0.226495
CSCO,76076,QMLE-Quote,2011-12-12,0.27157
CSCO,76076,QMLE-Quote,2011-12-13,0.249128
CSCO,76076,QMLE-Quote,2011-12-14,0.204389
CSCO,76076,QMLE-Quote,2011-12-15,0.211372
CSCO,76076,QMLE-Quote,2011-12-16,0.241543
CSCO,76076,QMLE-Quote,2011-12-19,0.204791
CSCO,76076,QMLE-Quote,2011-12-20,0.242735
CSCO,76076,QMLE-Quote,2011-12-21,0.25333
CSCO,76076,QMLE-Quote,2011-12-22,0.124186
CSCO,76076,QMLE-Quote,2011-12-23,0.134942
CSCO,76076,QMLE-Quote,2011-12-27,0.118253
CSCO,76076,QMLE-Quote,2011-12-28,0.212726
CSCO,76076,QMLE-Quote,2011-12-29,0.102973
CSCO,76076,QMLE-Quote,2011-12-30,0.182062
CSCO,76076,QMLE-Quote,2012-1-3,0.208132
CSCO,76076,QMLE-Quote,2012-1-4,0.200427
CSCO,76076,QMLE-Quote,2012-1-5,0.191989
CSCO,76076,QMLE-Quote,2012-1-6,0.148077
CSCO,76076,QMLE-Quote,2012-1-9,0.165908
CSCO,76076,QMLE-Quote,2012-1-10,0.203106
CSCO,76076,QMLE-Quote,2012-1-11,0.157657
CSCO,76076,QMLE-Quote,2012-1-12,0.15394
CSCO,76076,QMLE-Quote,2012-1-13,0.198548
CSCO,76076,QMLE-Quote,2012-1-17,0.161215
CSCO,76076,QMLE-Quote,2012-1-18,0.186763
CSCO,76076,QMLE-Quote,2012-1-19,0.188855
CSCO,76076,QMLE-Quote,2012-1-20,0.150866
CSCO,76076,QMLE-Quote,2012-1-23,0.206757
CSCO,76076,QMLE-Quote,2012-1-24,0.18382
CSCO,76076,QMLE-Quote,2012-1-25,0.239303
CSCO,76076,QMLE-Quote,2012-1-26,0.204909
CSCO,76076,QMLE-Quote,2012-1-27,0.26775
CSCO,76076,QMLE-Quote,2012-1-30,0.23411
CSCO,76076,QMLE-Quote,2012-1-31,0.172094
CSCO,76076,QMLE-Quote,2012-2-1,0.1984
CSCO,76076,QMLE-Quote,2012-2-2,0.142997
CSCO,76076,QMLE-Quote,2012-2-3,0.123053
CSCO,76076,QMLE-Quote,2012-2-6,0.141205
CSCO,76076,QMLE-Quote,2012-2-7,0.191743
CSCO,76076,QMLE-Quote,2012-2-8,0.176334
CSCO,76076,QMLE-Quote,2012-2-9,0.333801
CSCO,76076,QMLE-Quote,2012-2-10,0.259644
CSCO,76076,QMLE-Quote,2012-2-13,0.142715
CSCO,76076,QMLE-Quote,2012-2-14,0.139616
CSCO,76076,QMLE-Quote,2012-2-15,0.147255
CSCO,76076,QMLE-Quote,2012-2-16,0.166661
CSCO,76076,QMLE-Quote,2012-2-17,0.157972
CSCO,76076,QMLE-Quote,2012-2-21,0.153057
CSCO,76076,QMLE-Quote,2012-2-22,0.190598
CSCO,76076,QMLE-Quote,2012-2-23,0.178431
CSCO,76076,QMLE-Quote,2012-2-24,0.168287
CSCO,76076,QMLE-Quote,2012-2-27,0.141298
CSCO,76076,QMLE-Quote,2012-2-28,0.144809
CSCO,76076,QMLE-Quote,2012-2-29,0.133097
CSCO,76076,QMLE-Quote,2012-3-1,0.172314
CSCO,76076,QMLE-Quote,2012-3-2,0.129872
CSCO,76076,QMLE-Quote,2012-3-5,0.180487
CSCO,76076,QMLE-Quote,2012-3-6,0.143715
CSCO,76076,QMLE-Quote,2012-3-7,0.119716
CSCO,76076,QMLE-Quote,2012-3-8,0.133723
CSCO,76076,QMLE-Quote,2012-3-9,0.116337
CSCO,76076,QMLE-Quote,2012-3-12,0.123703
CSCO,76076,QMLE-Quote,2012-3-13,0.117896
CSCO,76076,QMLE-Quote,2012-3-14,0.175769
CSCO,76076,QMLE-Quote,2012-3-15,0.208022
CSCO,76076,QMLE-Quote,2012-3-16,0.0696884
CSCO,76076,QMLE-Quote,2012-3-19,0.134375
CSCO,76076,QMLE-Quote,2012-3-20,0.163964
CSCO,76076,QMLE-Quote,2012-3-21,0.193237
CSCO,76076,QMLE-Quote,2012-3-22,0.149114
CSCO,76076,QMLE-Quote,2012-3-23,0.183517
CSCO,76076,QMLE-Quote,2012-3-26,0.113991
CSCO,76076,QMLE-Quote,2012-3-27,0.0959587
CSCO,76076,QMLE-Quote,2012-3-28,0.16795
CSCO,76076,QMLE-Quote,2012-3-29,0.207222
CSCO,76076,QMLE-Quote,2012-3-30,0.0763917
CSCO,76076,QMLE-Quote,2012-4-2,0.127682
CSCO,76076,QMLE-Quote,2012-4-3,0.231791
CSCO,76076,QMLE-Quote,2012-4-4,0.197238
CSCO,76076,QMLE-Quote,2012-4-5,0.191586
CSCO,76076,QMLE-Quote,2012-4-9,0.187038
CSCO,76076,QMLE-Quote,2012-4-10,0.216323
CSCO,76076,QMLE-Quote,2012-4-11,0.171215
CSCO,76076,QMLE-Quote,2012-4-12,0.133087
CSCO,76076,QMLE-Quote,2012-4-13,0.145597
CSCO,76076,QMLE-Quote,2012-4-16,0.203043
CSCO,76076,QMLE-Quote,2012-4-17,0.133153
CSCO,76076,QMLE-Quote,2012-4-18,0.168726
CSCO,76076,QMLE-Quote,2012-4-19,0.243883
CSCO,76076,QMLE-Quote,2012-4-20,0.143328
CSCO,76076,QMLE-Quote,2012-4-23,0.174261
CSCO,76076,QMLE-Quote,2012-4-24,0.313777
CSCO,76076,QMLE-Quote,2012-4-25,0.23723
CSCO,76076,QMLE-Quote,2012-4-26,0.140835
CSCO,76076,QMLE-Quote,2012-4-27,0.199369
CSCO,76076,QMLE-Quote,2012-4-30,0.163976
CSCO,76076,QMLE-Quote,2012-5-1,0.148553
CSCO,76076,QMLE-Quote,2012-5-2,0.169179
CSCO,76076,QMLE-Quote,2012-5-3,0.169107
CSCO,76076,QMLE-Quote,2012-5-4,0.211671
CSCO,76076,QMLE-Quote,2012-5-7,0.188232
CSCO,76076,QMLE-Quote,2012-5-8,0.195625
CSCO,76076,QMLE-Quote,2012-5-9,0.321175
CSCO,76076,QMLE-Quote,2012-5-10,0.319829
CSCO,76076,QMLE-Quote,2012-5-11,0.263538
CSCO,76076,QMLE-Quote,2012-5-14,0.255729
CSCO,76076,QMLE-Quote,2012-5-15,0.211296
CSCO,76076,QMLE-Quote,2012-5-16,0.239485
CSCO,76076,QMLE-Quote,2012-5-17,0.202868
CSCO,76076,QMLE-Quote,2012-5-18,0.187688
CSCO,76076,QMLE-Quote,2012-5-21,0.196008
CSCO,76076,QMLE-Quote,2012-5-22,0.197396
CSCO,76076,QMLE-Quote,2012-5-23,0.208973
CSCO,76076,QMLE-Quote,2012-5-24,0.206172
CSCO,76076,QMLE-Quote,2012-5-25,0.155395
CSCO,76076,QMLE-Quote,2012-5-29,0.197954
CSCO,76076,QMLE-Quote,2012-5-30,0.126229
CSCO,76076,QMLE-Quote,2012-5-31,0.199656
CSCO,76076,QMLE-Quote,2012-6-1,0.184203
CSCO,76076,QMLE-Quote,2012-6-4,0.172327
CSCO,76076,QMLE-Quote,2012-6-5,0.211233
CSCO,76076,QMLE-Quote,2012-6-6,0.195375
CSCO,76076,QMLE-Quote,2012-6-7,0.20584
CSCO,76076,QMLE-Quote,2012-6-8,0.132422
CSCO,76076,QMLE-Quote,2012-6-11,0.195266
CSCO,76076,QMLE-Quote,2012-6-12,0.176486
CSCO,76076,QMLE-Quote,2012-6-13,0.181518
CSCO,76076,QMLE-Quote,2012-6-14,0.225078
CSCO,76076,QMLE-Quote,2012-6-15,0.156616
CSCO,76076,QMLE-Quote,2012-6-18,0.174929
CSCO,76076,QMLE-Quote,2012-6-19,0.139746
CSCO,76076,QMLE-Quote,2012-6-20,0.254324
CSCO,76076,QMLE-Quote,2012-6-21,0.213741
CSCO,76076,QMLE-Quote,2012-6-22,0.153796
CSCO,76076,QMLE-Quote,2012-6-25,0.161785
CSCO,76076,QMLE-Quote,2012-6-26,0.204133
CSCO,76076,QMLE-Quote,2012-6-27,0.185869
CSCO,76076,QMLE-Quote,2012-6-28,0.262065
CSCO,76076,QMLE-Quote,2012-6-29,0.160959
CSCO,76076,QMLE-Quote,2012-7-2,0.13977
CSCO,76076,QMLE-Quote,2012-7-3,0.198754
CSCO,76076,QMLE-Quote,2012-7-5,0.0967052
CSCO,76076,QMLE-Quote,2012-7-6,0.114163
CSCO,76076,QMLE-Quote,2012-7-9,0.142486
CSCO,76076,QMLE-Quote,2012-7-10,0.174421
CSCO,76076,QMLE-Quote,2012-7-11,0.196041
CSCO,76076,QMLE-Quote,2012-7-12,0.169633
CSCO,76076,QMLE-Quote,2012-7-13,0.177
CSCO,76076,QMLE-Quote,2012-7-16,0.161699
CSCO,76076,QMLE-Quote,2012-7-17,0.183191
CSCO,76076,QMLE-Quote,2012-7-18,0.200879
CSCO,76076,QMLE-Quote,2012-7-19,0.150408
CSCO,76076,QMLE-Quote,2012-7-20,0.152095
CSCO,76076,QMLE-Quote,2012-7-23,0.192456
CSCO,76076,QMLE-Quote,2012-7-24,0.365719
CSCO,76076,QMLE-Quote,2012-7-25,0.29072
CSCO,76076,QMLE-Quote,2012-7-26,0.217758
CSCO,76076,QMLE-Quote,2012-7-27,0.22413
CSCO,76076,QMLE-Quote,2012-7-30,0.234174
CSCO,76076,QMLE-Quote,2012-7-31,0.229399
CSCO,76076,QMLE-Quote,2012-8-1,0.255276
CSCO,76076,QMLE-Quote,2012-8-2,0.264704
CSCO,76076,QMLE-Quote,2012-8-3,0.226145
CSCO,76076,QMLE-Quote,2012-8-6,0.218305
CSCO,76076,QMLE-Quote,2012-8-7,0.159369
CSCO,76076,QMLE-Quote,2012-8-8,0.155955
CSCO,76076,QMLE-Quote,2012-8-9,0.265016
CSCO,76076,QMLE-Quote,2012-8-10,0.189893
CSCO,76076,QMLE-Quote,2012-8-13,0.18067
CSCO,76076,QMLE-Quote,2012-8-14,0.179789
CSCO,76076,QMLE-Quote,2012-8-15,0.24292
CSCO,76076,QMLE-Quote,2012-8-16,0.277842
CSCO,76076,QMLE-Quote,2012-8-17,0.180198
CSCO,76076,QMLE-Quote,2012-8-20,0.199808
CSCO,76076,QMLE-Quote,2012-8-21,0.155833
CSCO,76076,QMLE-Quote,2012-8-22,0.207721
CSCO,76076,QMLE-Quote,2012-8-23,0.179749
CSCO,76076,QMLE-Quote,2012-8-24,0.169351
CSCO,76076,QMLE-Quote,2012-8-27,0.150507
CSCO,76076,QMLE-Quote,2012-8-28,0.131881
CSCO,76076,QMLE-Quote,2012-8-29,0.113383
CSCO,76076,QMLE-Quote,2012-8-30,0.141227
CSCO,76076,QMLE-Quote,2012-8-31,0.21094
CSCO,76076,QMLE-Quote,2012-9-4,0.203048
CSCO,76076,QMLE-Quote,2012-9-5,0.15515
CSCO,76076,QMLE-Quote,2012-9-6,0.207001
CSCO,76076,QMLE-Quote,2012-9-7,0.231893
CSCO,76076,QMLE-Quote,2012-9-10,0.220995
CSCO,76076,QMLE-Quote,2012-9-11,0.226749
CSCO,76076,QMLE-Quote,2012-9-12,0.127791
CSCO,76076,QMLE-Quote,2012-9-13,0.206222
CSCO,76076,QMLE-Quote,2012-9-14,0.174039
CSCO,76076,QMLE-Quote,2012-9-17,0.163439
CSCO,76076,QMLE-Quote,2012-9-18,0.136247
CSCO,76076,QMLE-Quote,2012-9-19,0.168732
CSCO,76076,QMLE-Quote,2012-9-20,0.110218
CSCO,76076,QMLE-Quote,2012-9-21,0.122651
CSCO,76076,QMLE-Quote,2012-9-24,0.208819
CSCO,76076,QMLE-Quote,2012-9-25,0.171455
CSCO,76076,QMLE-Quote,2012-9-26,0.192193
CSCO,76076,QMLE-Quote,2012-9-27,0.168659
CSCO,76076,QMLE-Quote,2012-9-28,0.23475
CSCO,76076,QMLE-Quote,2012-10-1,0.23926
CSCO,76076,QMLE-Quote,2012-10-2,0.195744
CSCO,76076,QMLE-Quote,2012-10-3,0.170988
CSCO,76076,QMLE-Quote,2012-10-4,0.139323
CSCO,76076,QMLE-Quote,2012-10-5,0.159275
CSCO,76076,QMLE-Quote,2012-10-8,0.1704
CSCO,76076,QMLE-Quote,2012-10-9,0.157193
CSCO,76076,QMLE-Quote,2012-10-10,0.176384
CSCO,76076,QMLE-Quote,2012-10-11,0.224927
CSCO,76076,QMLE-Quote,2012-10-12,0.171958
CSCO,76076,QMLE-Quote,2012-10-15,0.135992
CSCO,76076,QMLE-Quote,2012-10-16,0.142668
CSCO,76076,QMLE-Quote,2012-10-17,0.163846
CSCO,76076,QMLE-Quote,2012-10-18,0.198541
CSCO,76076,QMLE-Quote,2012-10-19,0.252691
CSCO,76076,QMLE-Quote,2012-10-22,0.158537
CSCO,76076,QMLE-Quote,2012-10-23,0.179131
CSCO,76076,QMLE-Quote,2012-10-24,0.261294
CSCO,76076,QMLE-Quote,2012-10-25,0.205433
CSCO,76076,QMLE-Quote,2012-10-26,0.210102
CSCO,76076,QMLE-Quote,2012-10-31,0.214024
CSCO,76076,QMLE-Quote,2012-11-1,0.241656
CSCO,76076,QMLE-Quote,2012-11-2,0.206671
CSCO,76076,QMLE-Quote,2012-11-5,0.190573
CSCO,76076,QMLE-Quote,2012-11-6,0.223226
CSCO,76076,QMLE-Quote,2012-11-7,0.48045
CSCO,76076,QMLE-Quote,2012-11-8,0.224649
CSCO,76076,QMLE-Quote,2012-11-9,0.256376
CSCO,76076,QMLE-Quote,2012-11-12,0.185309
CSCO,76076,QMLE-Quote,2012-11-13,0.214525
CSCO,76076,QMLE-Quote,2012-11-14,0.360729
CSCO,76076,QMLE-Quote,2012-11-15,0.219692
CSCO,76076,QMLE-Quote,2012-11-16,0.226523
CSCO,76076,QMLE-Quote,2012-11-19,0.185707
CSCO,76076,QMLE-Quote,2012-11-20,0.234273
CSCO,76076,QMLE-Quote,2012-11-21,0.199634
CSCO,76076,QMLE-Quote,2012-11-23,0.144818
CSCO,76076,QMLE-Quote,2012-11-26,0.242598
CSCO,76076,QMLE-Quote,2012-11-27,0.152982
CSCO,76076,QMLE-Quote,2012-11-28,0.258674
CSCO,76076,QMLE-Quote,2012-11-29,0.140843
CSCO,76076,QMLE-Quote,2012-11-30,0.161285
CSCO,76076,QMLE-Quote,2012-12-3,0.127569
CSCO,76076,QMLE-Quote,2012-12-4,0.156184
CSCO,76076,QMLE-Quote,2012-12-5,0.231731
CSCO,76076,QMLE-Quote,2012-12-6,0.165878
CSCO,76076,QMLE-Quote,2012-12-7,0.240966
CSCO,76076,QMLE-Quote,2012-12-10,0.19211
CSCO,76076,QMLE-Quote,2012-12-11,0.206361
CSCO,76076,QMLE-Quote,2012-12-12,0.16418
CSCO,76076,QMLE-Quote,2012-12-13,0.191329
CSCO,76076,QMLE-Quote,2012-12-14,0.14506
CSCO,76076,QMLE-Quote,2012-12-17,0.172629
CSCO,76076,QMLE-Quote,2012-12-18,0.167017
CSCO,76076,QMLE-Quote,2012-12-19,0.216151
CSCO,76076,QMLE-Quote,2012-12-20,0.126828
CSCO,76076,QMLE-Quote,2012-12-21,0.257598
CSCO,76076,QMLE-Quote,2012-12-24,0.17919
CSCO,76076,QMLE-Quote,2012-12-26,0.21824
CSCO,76076,QMLE-Quote,2012-12-27,0.18799
CSCO,76076,QMLE-Quote,2012-12-28,0.129281
CSCO,76076,QMLE-Quote,2012-12-31,0.203937
CSCO,76076,QMLE-Quote,2013-1-2,0.146142
CSCO,76076,QMLE-Quote,2013-1-3,0.100719
CSCO,76076,QMLE-Quote,2013-1-4,0.139011
CSCO,76076,QMLE-Quote,2013-1-7,0.157222
CSCO,76076,QMLE-Quote,2013-1-8,0.198316
CSCO,76076,QMLE-Quote,2013-1-9,0.15479
CSCO,76076,QMLE-Quote,2013-1-10,0.145342
CSCO,76076,QMLE-Quote,2013-1-11,0.107279
CSCO,76076,QMLE-Quote,2013-1-14,0.137309
CSCO,76076,QMLE-Quote,2013-1-15,0.086381
CSCO,76076,QMLE-Quote,2013-1-16,0.157252
CSCO,76076,QMLE-Quote,2013-1-17,0.129522
CSCO,76076,QMLE-Quote,2013-1-18,0.124427
CSCO,76076,QMLE-Quote,2013-1-22,0.176569
CSCO,76076,QMLE-Quote,2013-1-23,0.109492
CSCO,76076,QMLE-Quote,2013-1-24,0.158373
CSCO,76076,QMLE-Quote,2013-1-25,0.125381
CSCO,76076,QMLE-Quote,2013-1-28,0.0803166
CSCO,76076,QMLE-Quote,2013-1-29,0.186784
CSCO,76076,QMLE-Quote,2013-1-30,0.211499
CSCO,76076,QMLE-Quote,2013-1-31,0.186895
CSCO,76076,QMLE-Quote,2013-2-1,0.12772
CSCO,76076,QMLE-Quote,2013-2-4,0.177559
CSCO,76076,QMLE-Quote,2013-2-5,0.134306
CSCO,76076,QMLE-Quote,2013-2-6,0.105923
CSCO,76076,QMLE-Quote,2013-2-7,0.146307
CSCO,76076,QMLE-Quote,2013-2-8,0.089292
CSCO,76076,QMLE-Quote,2013-2-11,0.113397
CSCO,76076,QMLE-Quote,2013-2-12,0.143176
CSCO,76076,QMLE-Quote,2013-2-13,0.141746
CSCO,76076,QMLE-Quote,2013-2-14,0.256988
CSCO,76076,QMLE-Quote,2013-2-15,0.109652
CSCO,76076,QMLE-Quote,2013-2-19,0.146287
CSCO,76076,QMLE-Quote,2013-2-20,0.235023
CSCO,76076,QMLE-Quote,2013-2-21,0.208835
CSCO,76076,QMLE-Quote,2013-2-22,0.13525
CSCO,76076,QMLE-Quote,2013-2-25,0.182298
CSCO,76076,QMLE-Quote,2013-2-26,0.148653
CSCO,76076,QMLE-Quote,2013-2-27,0.185061
CSCO,76076,QMLE-Quote,2013-2-28,0.161099
CSCO,76076,QMLE-Quote,2013-3-1,0.169796
CSCO,76076,QMLE-Quote,2013-3-4,0.154704
CSCO,76076,QMLE-Quote,2013-3-5,0.193006
CSCO,76076,QMLE-Quote,2013-3-6,0.158246
CSCO,76076,QMLE-Quote,2013-3-7,0.147626
CSCO,76076,QMLE-Quote,2013-3-8,0.143674
CSCO,76076,QMLE-Quote,2013-3-11,0.129614
CSCO,76076,QMLE-Quote,2013-3-12,0.147314
CSCO,76076,QMLE-Quote,2013-3-13,0.188167
CSCO,76076,QMLE-Quote,2013-3-14,0.187418
CSCO,76076,QMLE-Quote,2013-3-15,0.177319
CSCO,76076,QMLE-Quote,2013-3-18,0.173189
CSCO,76076,QMLE-Quote,2013-3-19,0.197006
CSCO,76076,QMLE-Quote,2013-3-20,0.12515
CSCO,76076,QMLE-Quote,2013-3-21,0.187824
CSCO,76076,QMLE-Quote,2013-3-22,0.174539
CSCO,76076,QMLE-Quote,2013-3-25,0.203318
CSCO,76076,QMLE-Quote,2013-3-26,0.156739
CSCO,76076,QMLE-Quote,2013-3-27,0.135903
CSCO,76076,QMLE-Quote,2013-3-28,0.102764
CSCO,76076,QMLE-Quote,2013-4-1,0.205373
CSCO,76076,QMLE-Quote,2013-4-2,0.149459
CSCO,76076,QMLE-Quote,2013-4-3,0.162947
CSCO,76076,QMLE-Quote,2013-4-4,0.100803
CSCO,76076,QMLE-Quote,2013-4-5,0.341651
CSCO,76076,QMLE-Quote,2013-4-8,0.159955
CSCO,76076,QMLE-Quote,2013-4-9,0.189135
CSCO,76076,QMLE-Quote,2013-4-10,0.165702
CSCO,76076,QMLE-Quote,2013-4-11,0.171955
CSCO,76076,QMLE-Quote,2013-4-12,0.183721
CSCO,76076,QMLE-Quote,2013-4-15,0.262937
CSCO,76076,QMLE-Quote,2013-4-16,0.141986
CSCO,76076,QMLE-Quote,2013-4-17,0.182034
CSCO,76076,QMLE-Quote,2013-4-18,0.202986
CSCO,76076,QMLE-Quote,2013-4-19,0.243319
CSCO,76076,QMLE-Quote,2013-4-22,0.175287
CSCO,76076,QMLE-Quote,2013-4-23,0.213787
CSCO,76076,QMLE-Quote,2013-4-24,0.184907
CSCO,76076,QMLE-Quote,2013-4-25,0.204968
CSCO,76076,QMLE-Quote,2013-4-26,0.100698
CSCO,76076,QMLE-Quote,2013-4-29,0.188623
CSCO,76076,QMLE-Quote,2013-4-30,0.191916
CSCO,76076,QMLE-Quote,2013-5-1,0.149111
CSCO,76076,QMLE-Quote,2013-5-2,0.118185
CSCO,76076,QMLE-Quote,2013-5-3,0.116944
CSCO,76076,QMLE-Quote,2013-5-6,0.0559205
CSCO,76076,QMLE-Quote,2013-5-7,0.168579
CSCO,76076,QMLE-Quote,2013-5-8,0.123315
CSCO,76076,QMLE-Quote,2013-5-9,0.175387
CSCO,76076,QMLE-Quote,2013-5-10,0.154123
CSCO,76076,QMLE-Quote,2013-5-13,0.106084
CSCO,76076,QMLE-Quote,2013-5-14,0.150361
CSCO,76076,QMLE-Quote,2013-5-15,0.147378
CSCO,76076,QMLE-Quote,2013-5-16,0.384433
CSCO,76076,QMLE-Quote,2013-5-17,0.260102
CSCO,76076,QMLE-Quote,2013-5-20,0.212668
CSCO,76076,QMLE-Quote,2013-5-21,0.173633
CSCO,76076,QMLE-Quote,2013-5-22,0.200483
CSCO,76076,QMLE-Quote,2013-5-23,0.220455
CSCO,76076,QMLE-Quote,2013-5-24,0.186449
CSCO,76076,QMLE-Quote,2013-5-28,0.174309
CSCO,76076,QMLE-Quote,2013-5-29,0.164329
CSCO,76076,QMLE-Quote,2013-5-30,0.191278
CSCO,76076,QMLE-Quote,2013-5-31,0.191346
CSCO,76076,QMLE-Quote,2013-6-3,0.200853
CSCO,76076,QMLE-Quote,2013-6-4,0.212481
CSCO,76076,QMLE-Quote,2013-6-5,0.23615
CSCO,76076,QMLE-Quote,2013-6-6,0.190158
CSCO,76076,QMLE-Quote,2013-6-7,0.190858
CSCO,76076,QMLE-Quote,2013-6-10,0.212877
CSCO,76076,QMLE-Quote,2013-6-11,0.177376
CSCO,76076,QMLE-Quote,2013-6-12,0.173479
CSCO,76076,QMLE-Quote,2013-6-13,0.147687
CSCO,76076,QMLE-Quote,2013-6-14,0.167849
CSCO,76076,QMLE-Quote,2013-6-17,0.21889
CSCO,76076,QMLE-Quote,2013-6-18,0.149047
CSCO,76076,QMLE-Quote,2013-6-19,0.190046
CSCO,76076,QMLE-Quote,2013-6-20,0.272364
CSCO,76076,QMLE-Quote,2013-6-21,0.243804
CSCO,76076,QMLE-Quote,2013-6-24,0.142277
CSCO,76076,QMLE-Quote,2013-6-25,0.178627
CSCO,76076,QMLE-Quote,2013-6-26,0.146849
CSCO,76076,QMLE-Quote,2013-6-27,0.146185
CSCO,76076,QMLE-Quote,2013-6-28,0.170213
CSCO,76076,QMLE-Quote,2013-7-1,0.196067
CSCO,76076,QMLE-Quote,2013-7-2,0.174497
CSCO,76076,QMLE-Quote,2013-7-3,0.270467
CSCO,76076,QMLE-Quote,2013-7-5,0.186625
CSCO,76076,QMLE-Quote,2013-7-8,0.140886
CSCO,76076,QMLE-Quote,2013-7-9,0.197152
CSCO,76076,QMLE-Quote,2013-7-10,0.201188
CSCO,76076,QMLE-Quote,2013-7-11,0.163353
CSCO,76076,QMLE-Quote,2013-7-12,0.144866
CSCO,76076,QMLE-Quote,2013-7-15,0.124656
CSCO,76076,QMLE-Quote,2013-7-16,0.120645
CSCO,76076,QMLE-Quote,2013-7-17,0.136797
CSCO,76076,QMLE-Quote,2013-7-18,0.155358
CSCO,76076,QMLE-Quote,2013-7-19,0.173484
CSCO,76076,QMLE-Quote,2013-7-22,0.184982
CSCO,76076,QMLE-Quote,2013-7-23,0.165716
CSCO,76076,QMLE-Quote,2013-7-24,0.235339
CSCO,76076,QMLE-Quote,2013-7-25,0.154674
CSCO,76076,QMLE-Quote,2013-7-26,0.112048
CSCO,76076,QMLE-Quote,2013-7-29,0.121059
CSCO,76076,QMLE-Quote,2013-7-30,0.219806
CSCO,76076,QMLE-Quote,2013-7-31,0.154356
CSCO,76076,QMLE-Quote,2013-8-1,0.144968
CSCO,76076,QMLE-Quote,2013-8-2,0.136614
CSCO,76076,QMLE-Quote,2013-8-5,0.148697
CSCO,76076,QMLE-Quote,2013-8-6,0.100509
CSCO,76076,QMLE-Quote,2013-8-7,0.107265
CSCO,76076,QMLE-Quote,2013-8-8,0.0662824
CSCO,76076,QMLE-Quote,2013-8-9,0.198928
CSCO,76076,QMLE-Quote,2013-8-12,0.180667
CSCO,76076,QMLE-Quote,2013-8-13,0.217945
CSCO,76076,QMLE-Quote,2013-8-14,0.206589
CSCO,76076,QMLE-Quote,2013-8-15,0.411155
CSCO,76076,QMLE-Quote,2013-8-16,0.198845
CSCO,76076,QMLE-Quote,2013-8-19,0.161429
CSCO,76076,QMLE-Quote,2013-8-20,0.131741
CSCO,76076,QMLE-Quote,2013-8-21,0.15797
CSCO,76076,QMLE-Quote,2013-8-22,0.128409
CSCO,76076,QMLE-Quote,2013-8-23,0.12088
CSCO,76076,QMLE-Quote,2013-8-26,0.154788
CSCO,76076,QMLE-Quote,2013-8-27,0.156839
CSCO,76076,QMLE-Quote,2013-8-28,0.0968468
CSCO,76076,QMLE-Quote,2013-8-29,0.122903
CSCO,76076,QMLE-Quote,2013-8-30,0.118791
CSCO,76076,QMLE-Quote,2013-9-3,0.141628
CSCO,76076,QMLE-Quote,2013-9-4,0.137443
CSCO,76076,QMLE-Quote,2013-9-5,0.147444
CSCO,76076,QMLE-Quote,2013-9-6,0.195975
CSCO,76076,QMLE-Quote,2013-9-9,0.134367
CSCO,76076,QMLE-Quote,2013-9-10,0.166517
CSCO,76076,QMLE-Quote,2013-9-11,0.14624
CSCO,76076,QMLE-Quote,2013-9-12,0.121963
CSCO,76076,QMLE-Quote,2013-9-13,0.0958093
CSCO,76076,QMLE-Quote,2013-9-16,0.133398
CSCO,76076,QMLE-Quote,2013-9-17,0.105079
CSCO,76076,QMLE-Quote,2013-9-18,0.173649
CSCO,76076,QMLE-Quote,2013-9-19,0.149517
CSCO,76076,QMLE-Quote,2013-9-20,0.0996246
CSCO,76076,QMLE-Quote,2013-9-23,0.154334
CSCO,76076,QMLE-Quote,2013-9-24,0.19987
CSCO,76076,QMLE-Quote,2013-9-25,0.194129
CSCO,76076,QMLE-Quote,2013-9-26,0.1652
CSCO,76076,QMLE-Quote,2013-9-27,0.296969
CSCO,76076,QMLE-Quote,2013-9-30,0.194467
CSCO,76076,QMLE-Quote,2013-10-1,0.156925
CSCO,76076,QMLE-Quote,2013-10-2,0.178765
CSCO,76076,QMLE-Quote,2013-10-3,0.194045
CSCO,76076,QMLE-Quote,2013-10-4,0.170671
CSCO,76076,QMLE-Quote,2013-10-7,0.155389
CSCO,76076,QMLE-Quote,2013-10-8,0.182201
CSCO,76076,QMLE-Quote,2013-10-9,0.224994
CSCO,76076,QMLE-Quote,2013-10-10,0.143339
CSCO,76076,QMLE-Quote,2013-10-11,0.132081
CSCO,76076,QMLE-Quote,2013-10-14,0.164047
CSCO,76076,QMLE-Quote,2013-10-15,0.147844
CSCO,76076,QMLE-Quote,2013-10-16,0.183905
CSCO,76076,QMLE-Quote,2013-10-17,0.211367
CSCO,76076,QMLE-Quote,2013-10-18,0.139723
CSCO,76076,QMLE-Quote,2013-10-21,0.111359
CSCO,76076,QMLE-Quote,2013-10-22,0.206518
CSCO,76076,QMLE-Quote,2013-10-23,0.160457
CSCO,76076,QMLE-Quote,2013-10-24,0.187365
CSCO,76076,QMLE-Quote,2013-10-25,0.203684
CSCO,76076,QMLE-Quote,2013-10-28,0.129513
CSCO,76076,QMLE-Quote,2013-10-29,0.174003
CSCO,76076,QMLE-Quote,2013-10-30,0.15155
CSCO,76076,QMLE-Quote,2013-10-31,0.182705
CSCO,76076,QMLE-Quote,2013-11-1,0.0908791
CSCO,76076,QMLE-Quote,2013-11-4,0.110835
CSCO,76076,QMLE-Quote,2013-11-5,0.198919
CSCO,76076,QMLE-Quote,2013-11-6,0.152836
CSCO,76076,QMLE-Quote,2013-11-7,0.20274
CSCO,76076,QMLE-Quote,2013-11-8,0.12897
CSCO,76076,QMLE-Quote,2013-11-11,0.0989762
CSCO,76076,QMLE-Quote,2013-11-12,0.167788
CSCO,76076,QMLE-Quote,2013-11-13,0.193654
CSCO,76076,QMLE-Quote,2013-11-14,0.360654
CSCO,76076,QMLE-Quote,2013-11-15,0.174262
CSCO,76076,QMLE-Quote,2013-11-18,0.191853
CSCO,76076,QMLE-Quote,2013-11-19,0.199312
CSCO,76076,QMLE-Quote,2013-11-20,0.116983
CSCO,76076,QMLE-Quote,2013-11-21,0.128014
CSCO,76076,QMLE-Quote,2013-11-22,0.118073
CSCO,76076,QMLE-Quote,2013-11-25,0.102252
CSCO,76076,QMLE-Quote,2013-11-26,0.151083
CSCO,76076,QMLE-Quote,2013-11-27,0.121438
CSCO,76076,QMLE-Quote,2013-11-29,0.1191
CSCO,76076,QMLE-Quote,2013-12-2,0.113547
CSCO,76076,QMLE-Quote,2013-12-3,0.149202
CSCO,76076,QMLE-Quote,2013-12-4,0.148745
CSCO,76076,QMLE-Quote,2013-12-5,0.133363
CSCO,76076,QMLE-Quote,2013-12-6,0.111694
CSCO,76076,QMLE-Quote,2013-12-9,0.0471181
CSCO,76076,QMLE-Quote,2013-12-10,0.0657651
CSCO,76076,QMLE-Quote,2013-12-11,0.170021
CSCO,76076,QMLE-Quote,2013-12-12,0.245231
CSCO,76076,QMLE-Quote,2013-12-13,0.159212
CSCO,76076,QMLE-Quote,2013-12-16,0.173322
CSCO,76076,QMLE-Quote,2013-12-17,0.190571
CSCO,76076,QMLE-Quote,2013-12-18,0.25954
CSCO,76076,QMLE-Quote,2013-12-19,0.161978
CSCO,76076,QMLE-Quote,2013-12-20,0.132565
CSCO,76076,QMLE-Quote,2013-12-23,0.125025
CSCO,76076,QMLE-Quote,2013-12-24,0.16503
CSCO,76076,QMLE-Quote,2013-12-26,0.0584746
CSCO,76076,QMLE-Quote,2013-12-27,0.117621
CSCO,76076,QMLE-Quote,2013-12-30,0.111054
CSCO,76076,QMLE-Quote,2013-12-31,0.11642
CSCO,76076,QMLE-Quote,2014-1-2,0.190989
CSCO,76076,QMLE-Quote,2014-1-3,0.116512
CSCO,76076,QMLE-Quote,2014-1-6,0.148433
CSCO,76076,QMLE-Quote,2014-1-7,0.146085
CSCO,76076,QMLE-Quote,2014-1-8,0.179211
CSCO,76076,QMLE-Quote,2014-1-9,0.177532
CSCO,76076,QMLE-Quote,2014-1-10,0.184199
CSCO,76076,QMLE-Quote,2014-1-13,0.221998
CSCO,76076,QMLE-Quote,2014-1-14,0.184817
CSCO,76076,QMLE-Quote,2014-1-15,0.220223
CSCO,76076,QMLE-Quote,2014-1-16,0.115186
CSCO,76076,QMLE-Quote,2014-1-17,0.138545
CSCO,76076,QMLE-Quote,2014-1-21,0.130116
CSCO,76076,QMLE-Quote,2014-1-22,0.119867
CSCO,76076,QMLE-Quote,2014-1-23,0.177853
CSCO,76076,QMLE-Quote,2014-1-24,0.177441
CSCO,76076,QMLE-Quote,2014-1-27,0.209455
CSCO,76076,QMLE-Quote,2014-1-28,0.157064
CSCO,76076,QMLE-Quote,2014-1-29,0.204366
CSCO,76076,QMLE-Quote,2014-1-30,0.150592
CSCO,76076,QMLE-Quote,2014-1-31,0.187638
CSCO,76076,QMLE-Quote,2014-2-3,0.249321
CSCO,76076,QMLE-Quote,2014-2-4,0.200175
CSCO,76076,QMLE-Quote,2014-2-5,0.176915
CSCO,76076,QMLE-Quote,2014-2-6,0.163086
CSCO,76076,QMLE-Quote,2014-2-7,0.170623
CSCO,76076,QMLE-Quote,2014-2-10,0.142281
CSCO,76076,QMLE-Quote,2014-2-11,0.131458
CSCO,76076,QMLE-Quote,2014-2-12,0.139768
CSCO,76076,QMLE-Quote,2014-2-13,0.221541
CSCO,76076,QMLE-Quote,2014-2-14,0.194
CSCO,76076,QMLE-Quote,2014-2-18,0.125829
CSCO,76076,QMLE-Quote,2014-2-19,0.161397
CSCO,76076,QMLE-Quote,2014-2-20,0.110566
CSCO,76076,QMLE-Quote,2014-2-21,0.155158
CSCO,76076,QMLE-Quote,2014-2-24,0.182243
CSCO,76076,QMLE-Quote,2014-2-25,0.17273
CSCO,76076,QMLE-Quote,2014-2-26,0.174855
CSCO,76076,QMLE-Quote,2014-2-27,0.128848
CSCO,76076,QMLE-Quote,2014-2-28,0.18076
CSCO,76076,QMLE-Quote,2014-3-3,0.166163
CSCO,76076,QMLE-Quote,2014-3-4,0.105309
CSCO,76076,QMLE-Quote,2014-3-5,0.177419
CSCO,76076,QMLE-Quote,2014-3-6,0.0978598
CSCO,76076,QMLE-Quote,2014-3-7,0.15427
CSCO,76076,QMLE-Quote,2014-3-10,0.117084
CSCO,76076,QMLE-Quote,2014-3-11,0.143499
CSCO,76076,QMLE-Quote,2014-3-12,0.154484
CSCO,76076,QMLE-Quote,2014-3-13,0.172895
CSCO,76076,QMLE-Quote,2014-3-14,0.157499
CSCO,76076,QMLE-Quote,2014-3-17,0.140205
CSCO,76076,QMLE-Quote,2014-3-18,0.196661
CSCO,76076,QMLE-Quote,2014-3-19,0.146529
CSCO,76076,QMLE-Quote,2014-3-20,0.136567
CSCO,76076,QMLE-Quote,2014-3-21,0.248044
CSCO,76076,QMLE-Quote,2014-3-24,0.15614
CSCO,76076,QMLE-Quote,2014-3-25,0.172414
CSCO,76076,QMLE-Quote,2014-3-26,0.236694
CSCO,76076,QMLE-Quote,2014-3-27,0.18482
CSCO,76076,QMLE-Quote,2014-3-28,0.162903
CSCO,76076,QMLE-Quote,2014-3-31,0.163226
CSCO,76076,QMLE-Quote,2014-4-1,0.225958
CSCO,76076,QMLE-Quote,2014-4-2,0.219041
CSCO,76076,QMLE-Quote,2014-4-3,0.156228
CSCO,76076,QMLE-Quote,2014-4-4,0.189439
CSCO,76076,QMLE-Quote,2014-4-7,0.20086
CSCO,76076,QMLE-Quote,2014-4-8,0.202997
CSCO,76076,QMLE-Quote,2014-4-9,0.209769
CSCO,76076,QMLE-Quote,2014-4-10,0.234419
CSCO,76076,QMLE-Quote,2014-4-11,0.216772
CSCO,76076,QMLE-Quote,2014-4-14,0.187732
CSCO,76076,QMLE-Quote,2014-4-15,0.213213
CSCO,76076,QMLE-Quote,2014-4-16,0.172926
CSCO,76076,QMLE-Quote,2014-4-17,0.185759
CSCO,76076,QMLE-Quote,2014-4-21,0.17135
CSCO,76076,QMLE-Quote,2014-4-22,0.139095
CSCO,76076,QMLE-Quote,2014-4-23,0.171097
CSCO,76076,QMLE-Quote,2014-4-24,0.165144
CSCO,76076,QMLE-Quote,2014-4-25,0.187738
CSCO,76076,QMLE-Quote,2014-4-28,0.223503
CSCO,76076,QMLE-Quote,2014-4-29,0.130568
CSCO,76076,QMLE-Quote,2014-4-30,0.133556
CSCO,76076,QMLE-Quote,2014-5-1,0.137285
CSCO,76076,QMLE-Quote,2014-5-2,0.103364
CSCO,76076,QMLE-Quote,2014-5-5,0.118559
CSCO,76076,QMLE-Quote,2014-5-6,0.119124
CSCO,76076,QMLE-Quote,2014-5-7,0.201432
CSCO,76076,QMLE-Quote,2014-5-8,0.154487
CSCO,76076,QMLE-Quote,2014-5-9,0.119343
CSCO,76076,QMLE-Quote,2014-5-12,0.133389
CSCO,76076,QMLE-Quote,2014-5-13,0.166466
CSCO,76076,QMLE-Quote,2014-5-14,0.210931
CSCO,76076,QMLE-Quote,2014-5-15,0.363617
CSCO,76076,QMLE-Quote,2014-5-16,0.190934
CSCO,76076,QMLE-Quote,2014-5-19,0.143347
CSCO,76076,QMLE-Quote,2014-5-20,0.175735
CSCO,76076,QMLE-Quote,2014-5-21,0.200666
CSCO,76076,QMLE-Quote,2014-5-22,0.123773
CSCO,76076,QMLE-Quote,2014-5-23,0.159957
CSCO,76076,QMLE-Quote,2014-5-27,0.133536
CSCO,76076,QMLE-Quote,2014-5-28,0.135164
CSCO,76076,QMLE-Quote,2014-5-29,0.128936
CSCO,76076,QMLE-Quote,2014-5-30,0.150001
CSCO,76076,QMLE-Quote,2014-6-2,0.0855073
CSCO,76076,QMLE-Quote,2014-6-3,0.172351
CSCO,76076,QMLE-Quote,2014-6-4,0.123958
CSCO,76076,QMLE-Quote,2014-6-5,0.132209
CSCO,76076,QMLE-Quote,2014-6-6,0.142688
CSCO,76076,QMLE-Quote,2014-6-9,0.0832297
CSCO,76076,QMLE-Quote,2014-6-10,0.166198
CSCO,76076,QMLE-Quote,2014-6-11,0.117004
CSCO,76076,QMLE-Quote,2014-6-12,0.142758
CSCO,76076,QMLE-Quote,2014-6-13,0.117693
CSCO,76076,QMLE-Quote,2014-6-16,0.135944
CSCO,76076,QMLE-Quote,2014-6-17,0.124152
CSCO,76076,QMLE-Quote,2014-6-18,0.104771
CSCO,76076,QMLE-Quote,2014-6-19,0.130439
CSCO,76076,QMLE-Quote,2014-6-20,0.105343
CSCO,76076,QMLE-Quote,2014-6-23,0.0968685
CSCO,76076,QMLE-Quote,2014-6-24,0.122967
CSCO,76076,QMLE-Quote,2014-6-25,0.111255
CSCO,76076,QMLE-Quote,2014-6-26,0.134531
CSCO,76076,QMLE-Quote,2014-6-27,0.12885
CSCO,76076,QMLE-Quote,2014-6-30,0.104717
CSCO,76076,QMLE-Quote,2014-7-1,0.138071
CSCO,76076,QMLE-Quote,2014-7-2,0.137956
CSCO,76076,QMLE-Quote,2014-7-3,0.0946038
CSCO,76076,QMLE-Quote,2014-7-7,0.101497
CSCO,76076,QMLE-Quote,2014-7-8,0.0998735
CSCO,76076,QMLE-Quote,2014-7-9,0.111392
CSCO,76076,QMLE-Quote,2014-7-10,0.139507
CSCO,76076,QMLE-Quote,2014-7-11,0.0951082
CSCO,76076,QMLE-Quote,2014-7-14,0.0896014
CSCO,76076,QMLE-Quote,2014-7-15,0.114955
CSCO,76076,QMLE-Quote,2014-7-16,0.106183
CSCO,76076,QMLE-Quote,2014-7-17,0.151962
CSCO,76076,QMLE-Quote,2014-7-18,0.114698
CSCO,76076,QMLE-Quote,2014-7-21,0.107086
CSCO,76076,QMLE-Quote,2014-7-22,0.0875866
CSCO,76076,QMLE-Quote,2014-7-23,0.13117
CSCO,76076,QMLE-Quote,2014-7-24,0.10966
CSCO,76076,QMLE-Quote,2014-7-25,0.137108
CSCO,76076,QMLE-Quote,2014-7-28,0.139392
CSCO,76076,QMLE-Quote,2014-7-29,0.125686
CSCO,76076,QMLE-Quote,2014-7-30,0.136669
CSCO,76076,QMLE-Quote,2014-7-31,0.124606
CSCO,76076,QMLE-Quote,2014-8-1,0.164532
CSCO,76076,QMLE-Quote,2014-8-4,0.118256
CSCO,76076,QMLE-Quote,2014-8-5,0.143379
CSCO,76076,QMLE-Quote,2014-8-6,0.114575
CSCO,76076,QMLE-Quote,2014-8-7,0.121509
CSCO,76076,QMLE-Quote,2014-8-8,0.133881
CSCO,76076,QMLE-Quote,2014-8-11,0.100258
CSCO,76076,QMLE-Quote,2014-8-12,0.138377
CSCO,76076,QMLE-Quote,2014-8-13,0.142138
CSCO,76076,QMLE-Quote,2014-8-14,0.223545
CSCO,76076,QMLE-Quote,2014-8-15,0.150675
CSCO,76076,QMLE-Quote,2014-8-18,0.075239
CSCO,76076,QMLE-Quote,2014-8-19,0.0530732
CSCO,76076,QMLE-Quote,2014-8-20,0.0718134
CSCO,76076,QMLE-Quote,2014-8-21,0.0722459
CSCO,76076,QMLE-Quote,2014-8-22,0.139528
CSCO,76076,QMLE-Quote,2014-8-25,0.0761409
CSCO,76076,QMLE-Quote,2014-8-26,0.0960158
CSCO,76076,QMLE-Quote,2014-8-27,0.0648375
CSCO,76076,QMLE-Quote,2014-8-28,0.0891105
CSCO,76076,QMLE-Quote,2014-8-29,0.0931323
CSCO,76076,QMLE-Quote,2014-9-2,0.0936645
CSCO,76076,QMLE-Quote,2014-9-3,0.081793
CSCO,76076,QMLE-Quote,2014-9-4,0.0993622
CSCO,76076,QMLE-Quote,2014-9-5,0.105917
CSCO,76076,QMLE-Quote,2014-9-8,0.0960375
CSCO,76076,QMLE-Quote,2014-9-9,0.110848
CSCO,76076,QMLE-Quote,2014-9-10,0.100302
CSCO,76076,QMLE-Quote,2014-9-11,0.104526
CSCO,76076,QMLE-Quote,2014-9-12,0.0795582
CSCO,76076,QMLE-Quote,2014-9-15,0.109232
CSCO,76076,QMLE-Quote,2014-9-16,0.138448
CSCO,76076,QMLE-Quote,2014-9-17,0.106503
CSCO,76076,QMLE-Quote,2014-9-18,0.0124793
CSCO,76076,QMLE-Quote,2014-9-19,0.088446
CSCO,76076,QMLE-Quote,2014-9-22,0.101674
CSCO,76076,QMLE-Quote,2014-9-23,0.133024
CSCO,76076,QMLE-Quote,2014-9-24,0.122642
CSCO,76076,QMLE-Quote,2014-9-25,0.129166
CSCO,76076,QMLE-Quote,2014-9-26,0.123583
CSCO,76076,QMLE-Quote,2014-9-29,0.118558
CSCO,76076,QMLE-Quote,2014-9-30,0.156529
CSCO,76076,QMLE-Quote,2014-10-1,0.134909
CSCO,76076,QMLE-Quote,2014-10-2,0.150641
CSCO,76076,QMLE-Quote,2014-10-3,0.107392
CSCO,76076,QMLE-Quote,2014-10-6,0.147836
CSCO,76076,QMLE-Quote,2014-10-7,0.16435
CSCO,76076,QMLE-Quote,2014-10-8,0.181618
CSCO,76076,QMLE-Quote,2014-10-9,0.199308
CSCO,76076,QMLE-Quote,2014-10-10,0.324466
CSCO,76076,QMLE-Quote,2014-10-13,0.2174
CSCO,76076,QMLE-Quote,2014-10-14,0.258403
CSCO,76076,QMLE-Quote,2014-10-15,0.334799
CSCO,76076,QMLE-Quote,2014-10-16,0.307751
CSCO,76076,QMLE-Quote,2014-10-17,0.200703
CSCO,76076,QMLE-Quote,2014-10-20,0.192942
CSCO,76076,QMLE-Quote,2014-10-21,0.178736
CSCO,76076,QMLE-Quote,2014-10-22,0.19423
CSCO,76076,QMLE-Quote,2014-10-23,0.168409
CSCO,76076,QMLE-Quote,2014-10-24,0.130246
CSCO,76076,QMLE-Quote,2014-10-27,0.128577
CSCO,76076,QMLE-Quote,2014-10-28,0.0939861
CSCO,76076,QMLE-Quote,2014-10-29,0.152124
CSCO,76076,QMLE-Quote,2014-10-30,0.164884
CSCO,76076,QMLE-Quote,2014-10-31,0.132656
CSCO,76076,QMLE-Quote,2014-11-3,0.0749396
CSCO,76076,QMLE-Quote,2014-11-4,0.134779
CSCO,76076,QMLE-Quote,2014-11-5,0.119259
CSCO,76076,QMLE-Quote,2014-11-6,0.112768
CSCO,76076,QMLE-Quote,2014-11-7,0.0986027
CSCO,76076,QMLE-Quote,2014-11-10,0.126345
CSCO,76076,QMLE-Quote,2014-11-11,0.08928
CSCO,76076,QMLE-Quote,2014-11-12,0.179809
CSCO,76076,QMLE-Quote,2014-11-13,0.310424
CSCO,76076,QMLE-Quote,2014-11-14,0.191617
CSCO,76076,QMLE-Quote,2014-11-17,0.129898
CSCO,76076,QMLE-Quote,2014-11-18,0.143091
CSCO,76076,QMLE-Quote,2014-11-19,0.127426
CSCO,76076,QMLE-Quote,2014-11-20,0.117811
CSCO,76076,QMLE-Quote,2014-11-21,0.143099
CSCO,76076,QMLE-Quote,2014-11-24,0.0875977
CSCO,76076,QMLE-Quote,2014-11-25,0.128305
CSCO,76076,QMLE-Quote,2014-11-26,0.125983
CSCO,76076,QMLE-Quote,2014-11-28,0.214096
CSCO,76076,QMLE-Quote,2014-12-1,0.162893
CSCO,76076,QMLE-Quote,2014-12-2,0.117813
CSCO,76076,QMLE-Quote,2014-12-3,0.125986
CSCO,76076,QMLE-Quote,2014-12-4,0.142604
CSCO,76076,QMLE-Quote,2014-12-5,0.114106
CSCO,76076,QMLE-Quote,2014-12-8,0.130104
CSCO,76076,QMLE-Quote,2014-12-9,0.215614
CSCO,76076,QMLE-Quote,2014-12-10,0.213529
CSCO,76076,QMLE-Quote,2014-12-11,0.158033
CSCO,76076,QMLE-Quote,2014-12-12,0.220881
CSCO,76076,QMLE-Quote,2014-12-15,0.248341
CSCO,76076,QMLE-Quote,2014-12-16,0.354627
CSCO,76076,QMLE-Quote,2014-12-17,0.290906
CSCO,76076,QMLE-Quote,2014-12-18,0.18718
CSCO,76076,QMLE-Quote,2014-12-19,0.139892
CSCO,76076,QMLE-Quote,2014-12-22,0.119952
CSCO,76076,QMLE-Quote,2014-12-23,0.100557
CSCO,76076,QMLE-Quote,2014-12-24,0.143478
CSCO,76076,QMLE-Quote,2014-12-26,0.102519
CSCO,76076,QMLE-Quote,2014-12-29,0.0796646
CSCO,76076,QMLE-Quote,2014-12-30,0.0719035
CSCO,76076,QMLE-Quote,2014-12-31,0.140648
CSCO,76076,QMLE-Quote,2015-1-2,0.178341
CSCO,76076,QMLE-Quote,2015-1-5,0.21885
CSCO,76076,QMLE-Quote,2015-1-6,0.29286
CSCO,76076,QMLE-Quote,2015-1-7,0.230396
CSCO,76076,QMLE-Quote,2015-1-8,0.143238
CSCO,76076,QMLE-Quote,2015-1-9,0.215892
CSCO,76076,QMLE-Quote,2015-1-12,0.187552
CSCO,76076,QMLE-Quote,2015-1-13,0.234261
CSCO,76076,QMLE-Quote,2015-1-14,0.229311
CSCO,76076,QMLE-Quote,2015-1-15,0.275739
CSCO,76076,QMLE-Quote,2015-1-16,0.272332
CSCO,76076,QMLE-Quote,2015-1-20,0.2449
CSCO,76076,QMLE-Quote,2015-1-21,0.242264
CSCO,76076,QMLE-Quote,2015-1-22,0.355879
CSCO,76076,QMLE-Quote,2015-1-23,0.196852
CSCO,76076,QMLE-Quote,2015-1-26,0.159256
CSCO,76076,QMLE-Quote,2015-1-27,0.26849
CSCO,76076,QMLE-Quote,2015-1-28,0.281114
CSCO,76076,QMLE-Quote,2015-1-29,0.266158
CSCO,76076,QMLE-Quote,2015-1-30,0.227008
CSCO,76076,QMLE-Quote,2015-2-2,0.27112
CSCO,76076,QMLE-Quote,2015-2-3,0.207708
CSCO,76076,QMLE-Quote,2015-2-4,0.193542
CSCO,76076,QMLE-Quote,2015-2-5,0.171406
CSCO,76076,QMLE-Quote,2015-2-6,0.209648
CSCO,76076,QMLE-Quote,2015-2-9,0.168442
CSCO,76076,QMLE-Quote,2015-2-10,0.14211
CSCO,76076,QMLE-Quote,2015-2-11,0.215999
CSCO,76076,QMLE-Quote,2015-2-12,0.321052
CSCO,76076,QMLE-Quote,2015-2-13,0.187967
CSCO,76076,QMLE-Quote,2015-2-17,0.137882
CSCO,76076,QMLE-Quote,2015-2-18,0.177832
CSCO,76076,QMLE-Quote,2015-2-19,0.129929
CSCO,76076,QMLE-Quote,2015-2-20,0.141606
CSCO,76076,QMLE-Quote,2015-2-23,0.118363
CSCO,76076,QMLE-Quote,2015-2-24,0.15019
CSCO,76076,QMLE-Quote,2015-2-25,0.126553
CSCO,76076,QMLE-Quote,2015-2-26,0.132497
CSCO,76076,QMLE-Quote,2015-2-27,0.137155
CSCO,76076,QMLE-Quote,2015-3-2,0.147944
CSCO,76076,QMLE-Quote,2015-3-3,0.162864
CSCO,76076,QMLE-Quote,2015-3-4,0.185748
CSCO,76076,QMLE-Quote,2015-3-5,0.12629
CSCO,76076,QMLE-Quote,2015-3-6,0.19022
CSCO,76076,QMLE-Quote,2015-3-9,0.193499
CSCO,76076,QMLE-Quote,2015-3-10,0.182988
CSCO,76076,QMLE-Quote,2015-3-11,0.182563
CSCO,76076,QMLE-Quote,2015-3-12,0.179352
CSCO,76076,QMLE-Quote,2015-3-13,0.206662
CSCO,76076,QMLE-Quote,2015-3-16,0.129829
CSCO,76076,QMLE-Quote,2015-3-17,0.160695
CSCO,76076,QMLE-Quote,2015-3-18,0.208747
CSCO,76076,QMLE-Quote,2015-3-19,0.186005
CSCO,76076,QMLE-Quote,2015-3-20,0.147887
CSCO,76076,QMLE-Quote,2015-3-23,0.117898
CSCO,76076,QMLE-Quote,2015-3-24,0.148473
CSCO,76076,QMLE-Quote,2015-3-25,0.188784
CSCO,76076,QMLE-Quote,2015-3-26,0.29393
CSCO,76076,QMLE-Quote,2015-3-27,0.137222
CSCO,76076,QMLE-Quote,2015-3-30,0.163816
CSCO,76076,QMLE-Quote,2015-3-31,0.158194
CSCO,76076,QMLE-Quote,2015-4-1,0.232632
CSCO,76076,QMLE-Quote,2015-4-2,0.151127
CSCO,76076,QMLE-Quote,2015-4-6,0.149826
CSCO,76076,QMLE-Quote,2015-4-7,0.146944
CSCO,76076,QMLE-Quote,2015-4-8,0.157248
CSCO,76076,QMLE-Quote,2015-4-9,0.150811
CSCO,76076,QMLE-Quote,2015-4-10,0.101869
CSCO,76076,QMLE-Quote,2015-4-13,0.128322
CSCO,76076,QMLE-Quote,2015-4-14,0.144589
CSCO,76076,QMLE-Quote,2015-4-15,0.1243
CSCO,76076,QMLE-Quote,2015-4-16,0.148446
CSCO,76076,QMLE-Quote,2015-4-17,0.16155
CSCO,76076,QMLE-Quote,2015-4-20,0.144206
CSCO,76076,QMLE-Quote,2015-4-21,0.157089
CSCO,76076,QMLE-Quote,2015-4-22,0.105741
CSCO,76076,QMLE-Quote,2015-4-23,0.161059
CSCO,76076,QMLE-Quote,2015-4-24,0.187144
CSCO,76076,QMLE-Quote,2015-4-27,0.132599
CSCO,76076,QMLE-Quote,2015-4-28,0.169797
CSCO,76076,QMLE-Quote,2015-4-29,0.192778
CSCO,76076,QMLE-Quote,2015-4-30,0.175408
CSCO,76076,QMLE-Quote,2015-5-1,0.143056
CSCO,76076,QMLE-Quote,2015-5-4,0.116621
CSCO,76076,QMLE-Quote,2015-5-5,0.135378
CSCO,76076,QMLE-Quote,2015-5-6,0.176685
CSCO,76076,QMLE-Quote,2015-5-7,0.151561
CSCO,76076,QMLE-Quote,2015-5-8,0.129397
CSCO,76076,QMLE-Quote,2015-5-11,0.157431
CSCO,76076,QMLE-Quote,2015-5-12,0.213442
CSCO,76076,QMLE-Quote,2015-5-13,0.171416
CSCO,76076,QMLE-Quote,2015-5-14,0.243047
CSCO,76076,QMLE-Quote,2015-5-15,0.138995
CSCO,76076,QMLE-Quote,2015-5-18,0.138243
CSCO,76076,QMLE-Quote,2015-5-19,0.113455
CSCO,76076,QMLE-Quote,2015-5-20,0.132664
CSCO,76076,QMLE-Quote,2015-5-21,0.128026
CSCO,76076,QMLE-Quote,2015-5-22,0.116976
CSCO,76076,QMLE-Quote,2015-5-26,0.164236
CSCO,76076,QMLE-Quote,2015-5-27,0.134728
CSCO,76076,QMLE-Quote,2015-5-28,0.13232
CSCO,76076,QMLE-Quote,2015-5-29,0.1433
CSCO,76076,QMLE-Quote,2015-6-1,0.172586
CSCO,76076,QMLE-Quote,2015-6-2,0.134466
CSCO,76076,QMLE-Quote,2015-6-3,0.115349
CSCO,76076,QMLE-Quote,2015-6-4,0.177917
CSCO,76076,QMLE-Quote,2015-6-5,0.128793
CSCO,76076,QMLE-Quote,2015-6-8,0.150593
CSCO,76076,QMLE-Quote,2015-6-9,0.1203
CSCO,76076,QMLE-Quote,2015-6-10,0.152522
CSCO,76076,QMLE-Quote,2015-6-11,0.131994
CSCO,76076,QMLE-Quote,2015-6-12,0.145396
CSCO,76076,QMLE-Quote,2015-6-15,0.160114
CSCO,76076,QMLE-Quote,2015-6-16,0.128659
CSCO,76076,QMLE-Quote,2015-6-17,0.171195
CSCO,76076,QMLE-Quote,2015-6-18,0.157421
CSCO,76076,QMLE-Quote,2015-6-19,0.109753
CSCO,76076,QMLE-Quote,2015-6-22,0.126234
CSCO,76076,QMLE-Quote,2015-6-23,0.130971
CSCO,76076,QMLE-Quote,2015-6-24,0.136288
CSCO,76076,QMLE-Quote,2015-6-25,0.131188
CSCO,76076,QMLE-Quote,2015-6-26,0.153874
CSCO,76076,QMLE-Quote,2015-6-29,0.174495
CSCO,76076,QMLE-Quote,2015-6-30,0.170989
CSCO,76076,QMLE-Quote,2015-7-1,0.126805
CSCO,76076,QMLE-Quote,2015-7-2,0.0997667
CSCO,76076,QMLE-Quote,2015-7-6,0.180679
CSCO,76076,QMLE-Quote,2015-7-7,0.17651
CSCO,76076,QMLE-Quote,2015-7-8,0.187693
CSCO,76076,QMLE-Quote,2015-7-9,0.150492
CSCO,76076,QMLE-Quote,2015-7-10,0.124123
CSCO,76076,QMLE-Quote,2015-7-13,0.118843
CSCO,76076,QMLE-Quote,2015-7-14,0.131045
CSCO,76076,QMLE-Quote,2015-7-15,0.144586
CSCO,76076,QMLE-Quote,2015-7-16,0.108778
CSCO,76076,QMLE-Quote,2015-7-17,0.122476
CSCO,76076,QMLE-Quote,2015-7-20,0.108753
CSCO,76076,QMLE-Quote,2015-7-21,0.14362
CSCO,76076,QMLE-Quote,2015-7-22,0.153182
CSCO,76076,QMLE-Quote,2015-7-23,0.182282
CSCO,76076,QMLE-Quote,2015-7-24,0.149399
CSCO,76076,QMLE-Quote,2015-7-27,0.147696
CSCO,76076,QMLE-Quote,2015-7-28,0.17077
CSCO,76076,QMLE-Quote,2015-7-29,0.162706
CSCO,76076,QMLE-Quote,2015-7-30,0.150325
CSCO,76076,QMLE-Quote,2015-7-31,0.144425
CSCO,76076,QMLE-Quote,2015-8-3,0.146956
CSCO,76076,QMLE-Quote,2015-8-4,0.156909
CSCO,76076,QMLE-Quote,2015-8-5,0.165976
CSCO,76076,QMLE-Quote,2015-8-6,0.199877
CSCO,76076,QMLE-Quote,2015-8-7,0.168291
CSCO,76076,QMLE-Quote,2015-8-10,0.128697
CSCO,76076,QMLE-Quote,2015-8-11,0.172691
CSCO,76076,QMLE-Quote,2015-8-12,0.262183
CSCO,76076,QMLE-Quote,2015-8-13,0.299642
CSCO,76076,QMLE-Quote,2015-8-14,0.114698
CSCO,76076,QMLE-Quote,2015-8-17,0.15065
CSCO,76076,QMLE-Quote,2015-8-18,0.18613
CSCO,76076,QMLE-Quote,2015-8-19,0.19577
CSCO,76076,QMLE-Quote,2015-8-20,0.244574
CSCO,76076,QMLE-Quote,2015-8-21,0.285028
CSCO,76076,QMLE-Quote,2015-8-24,1.25202
CSCO,76076,QMLE-Quote,2015-8-25,0.426631
CSCO,76076,QMLE-Quote,2015-8-26,0.321664
CSCO,76076,QMLE-Quote,2015-8-27,0.291677
CSCO,76076,QMLE-Quote,2015-8-28,0.218817
CSCO,76076,QMLE-Quote,2015-8-31,0.210309
CSCO,76076,QMLE-Quote,2015-9-1,0.322394
CSCO,76076,QMLE-Quote,2015-9-2,0.22876
CSCO,76076,QMLE-Quote,2015-9-3,0.222015
CSCO,76076,QMLE-Quote,2015-9-4,0.193796
CSCO,76076,QMLE-Quote,2015-9-8,0.152861
CSCO,76076,QMLE-Quote,2015-9-9,0.214417
CSCO,76076,QMLE-Quote,2015-9-10,0.2282
CSCO,76076,QMLE-Quote,2015-9-11,0.194474
CSCO,76076,QMLE-Quote,2015-9-14,0.174307
CSCO,76076,QMLE-Quote,2015-9-15,0.164607
CSCO,76076,QMLE-Quote,2015-9-16,0.106247
CSCO,76076,QMLE-Quote,2015-9-17,0.240597
CSCO,76076,QMLE-Quote,2015-9-18,0.199685
CSCO,76076,QMLE-Quote,2015-9-21,0.197938
CSCO,76076,QMLE-Quote,2015-9-22,0.169252
CSCO,76076,QMLE-Quote,2015-9-23,0.18239
CSCO,76076,QMLE-Quote,2015-9-24,0.217857
CSCO,76076,QMLE-Quote,2015-9-25,0.250116
CSCO,76076,QMLE-Quote,2015-9-28,0.208425
CSCO,76076,QMLE-Quote,2015-9-29,0.218196
CSCO,76076,QMLE-Quote,2015-9-30,0.19758
CSCO,76076,QMLE-Quote,2015-10-1,0.188072
CSCO,76076,QMLE-Quote,2015-10-2,0.224738
CSCO,76076,QMLE-Quote,2015-10-5,0.17998
CSCO,76076,QMLE-Quote,2015-10-6,0.184477
CSCO,76076,QMLE-Quote,2015-10-7,0.245299
CSCO,76076,QMLE-Quote,2015-10-8,0.188404
CSCO,76076,QMLE-Quote,2015-10-9,0.130438
CSCO,76076,QMLE-Quote,2015-10-12,0.117
CSCO,76076,QMLE-Quote,2015-10-13,0.112147
CSCO,76076,QMLE-Quote,2015-10-14,0.167728
CSCO,76076,QMLE-Quote,2015-10-15,0.130542
CSCO,76076,QMLE-Quote,2015-10-16,0.144369
CSCO,76076,QMLE-Quote,2015-10-19,0.133397
CSCO,76076,QMLE-Quote,2015-10-20,0.139964
CSCO,76076,QMLE-Quote,2015-10-21,0.170558
CSCO,76076,QMLE-Quote,2015-10-22,0.177168
CSCO,76076,QMLE-Quote,2015-10-23,0.161758
CSCO,76076,QMLE-Quote,2015-10-26,0.134296
CSCO,76076,QMLE-Quote,2015-10-27,0.152618
CSCO,76076,QMLE-Quote,2015-10-28,0.179413
CSCO,76076,QMLE-Quote,2015-10-29,0.105285
CSCO,76076,QMLE-Quote,2015-10-30,0.118745
CSCO,76076,QMLE-Quote,2015-11-2,0.189751
CSCO,76076,QMLE-Quote,2015-11-3,0.132225
CSCO,76076,QMLE-Quote,2015-11-4,0.152123
CSCO,76076,QMLE-Quote,2015-11-5,0.179857
CSCO,76076,QMLE-Quote,2015-11-6,0.158394
CSCO,76076,QMLE-Quote,2015-11-9,0.204883
CSCO,76076,QMLE-Quote,2015-11-10,0.145987
CSCO,76076,QMLE-Quote,2015-11-11,0.153737
CSCO,76076,QMLE-Quote,2015-11-12,0.194551
CSCO,76076,QMLE-Quote,2015-11-13,0.394684
CSCO,76076,QMLE-Quote,2015-11-16,0.296845
CSCO,76076,QMLE-Quote,2015-11-17,0.213321
CSCO,76076,QMLE-Quote,2015-11-18,0.180535
CSCO,76076,QMLE-Quote,2015-11-19,0.157883
CSCO,76076,QMLE-Quote,2015-11-20,0.147353
CSCO,76076,QMLE-Quote,2015-11-23,0.151121
CSCO,76076,QMLE-Quote,2015-11-24,0.197962
CSCO,76076,QMLE-Quote,2015-11-25,0.169583
CSCO,76076,QMLE-Quote,2015-11-27,0.179875
CSCO,76076,QMLE-Quote,2015-11-30,0.174853
CSCO,76076,QMLE-Quote,2015-12-1,0.185471
CSCO,76076,QMLE-Quote,2015-12-2,0.19168
CSCO,76076,QMLE-Quote,2015-12-3,0.206105
CSCO,76076,QMLE-Quote,2015-12-4,0.146385
CSCO,76076,QMLE-Quote,2015-12-7,0.16647
CSCO,76076,QMLE-Quote,2015-12-8,0.189566
CSCO,76076,QMLE-Quote,2015-12-9,0.206723
CSCO,76076,QMLE-Quote,2015-12-10,0.17935
CSCO,76076,QMLE-Quote,2015-12-11,0.213969
CSCO,76076,QMLE-Quote,2015-12-14,0.262154
CSCO,76076,QMLE-Quote,2015-12-15,0.18247
CSCO,76076,QMLE-Quote,2015-12-16,0.267522
CSCO,76076,QMLE-Quote,2015-12-17,0.202855
CSCO,76076,QMLE-Quote,2015-12-18,0.190596
CSCO,76076,QMLE-Quote,2015-12-21,0.134254
CSCO,76076,QMLE-Quote,2015-12-22,0.127492
CSCO,76076,QMLE-Quote,2015-12-23,0.142645
CSCO,76076,QMLE-Quote,2015-12-24,0.143505
CSCO,76076,QMLE-Quote,2015-12-28,0.13272
CSCO,76076,QMLE-Quote,2015-12-29,0.102567
CSCO,76076,QMLE-Quote,2015-12-30,0.0885199
CSCO,76076,QMLE-Quote,2015-12-31,0.127733
CSCO,76076,QMLE-Quote,2016-1-4,0.234183
CSCO,76076,QMLE-Quote,2016-1-5,0.189383
CSCO,76076,QMLE-Quote,2016-1-6,0.185754
CSCO,76076,QMLE-Quote,2016-1-7,0.232875
CSCO,76076,QMLE-Quote,2016-1-8,0.249747
CSCO,76076,QMLE-Quote,2016-1-11,0.174811
CSCO,76076,QMLE-Quote,2016-1-12,0.234957
CSCO,76076,QMLE-Quote,2016-1-13,0.212253
CSCO,76076,QMLE-Quote,2016-1-14,0.209316
CSCO,76076,QMLE-Quote,2016-1-15,0.321865
CSCO,76076,QMLE-Quote,2016-1-19,0.255334
CSCO,76076,QMLE-Quote,2016-1-20,0.358452
CSCO,76076,QMLE-Quote,2016-1-21,0.315844
CSCO,76076,QMLE-Quote,2016-1-22,0.289271
CSCO,76076,QMLE-Quote,2016-1-25,0.252043
CSCO,76076,QMLE-Quote,2016-1-26,0.200149
CSCO,76076,QMLE-Quote,2016-1-27,0.286256
CSCO,76076,QMLE-Quote,2016-1-28,0.270319
CSCO,76076,QMLE-Quote,2016-1-29,0.262659
CSCO,76076,QMLE-Quote,2016-2-1,0.194481
CSCO,76076,QMLE-Quote,2016-2-2,0.188494
CSCO,76076,QMLE-Quote,2016-2-3,0.279561
CSCO,76076,QMLE-Quote,2016-2-4,0.25777
CSCO,76076,QMLE-Quote,2016-2-5,0.266324
CSCO,76076,QMLE-Quote,2016-2-8,0.238012
CSCO,76076,QMLE-Quote,2016-2-9,0.28041
CSCO,76076,QMLE-Quote,2016-2-10,0.263014
CSCO,76076,QMLE-Quote,2016-2-11,0.475699
CSCO,76076,QMLE-Quote,2016-2-12,0.280192
CSCO,76076,QMLE-Quote,2016-2-16,0.24346
CSCO,76076,QMLE-Quote,2016-2-17,0.19791
CSCO,76076,QMLE-Quote,2016-2-18,0.170474
CSCO,76076,QMLE-Quote,2016-2-19,0.176305
CSCO,76076,QMLE-Quote,2016-2-22,0.157183
CSCO,76076,QMLE-Quote,2016-2-23,0.185974
CSCO,76076,QMLE-Quote,2016-2-24,0.18596
CSCO,76076,QMLE-Quote,2016-2-25,0.178978
CSCO,76076,QMLE-Quote,2016-2-26,0.178401
CSCO,76076,QMLE-Quote,2016-2-29,0.155545
CSCO,76076,QMLE-Quote,2016-3-1,0.187532
CSCO,76076,QMLE-Quote,2016-3-2,0.176407
CSCO,76076,QMLE-Quote,2016-3-3,0.196624
CSCO,76076,QMLE-Quote,2016-3-4,0.168926
CSCO,76076,QMLE-Quote,2016-3-7,0.183354
CSCO,76076,QMLE-Quote,2016-3-8,0.175223
CSCO,76076,QMLE-Quote,2016-3-9,0.177774
CSCO,76076,QMLE-Quote,2016-3-10,0.243521
CSCO,76076,QMLE-Quote,2016-3-11,0.145727
CSCO,76076,QMLE-Quote,2016-3-14,0.113868
CSCO,76076,QMLE-Quote,2016-3-15,0.135351
CSCO,76076,QMLE-Quote,2016-3-16,0.178185
CSCO,76076,QMLE-Quote,2016-3-17,0.192167
CSCO,76076,QMLE-Quote,2016-3-18,0.160868
CSCO,76076,QMLE-Quote,2016-3-21,0.138816
CSCO,76076,QMLE-Quote,2016-3-22,0.136843
CSCO,76076,QMLE-Quote,2016-3-23,0.151387
CSCO,76076,QMLE-Quote,2016-3-24,0.14735
CSCO,76076,QMLE-Quote,2016-3-28,0.121106
CSCO,76076,QMLE-Quote,2016-3-29,0.159391
CSCO,76076,QMLE-Quote,2016-3-30,0.135755
CSCO,76076,QMLE-Quote,2016-3-31,0.131432
CSCO,76076,QMLE-Quote,2016-4-1,0.161158
CSCO,76076,QMLE-Quote,2016-4-4,0.138923
CSCO,76076,QMLE-Quote,2016-4-5,0.181989
CSCO,76076,QMLE-Quote,2016-4-6,0.143678
CSCO,76076,QMLE-Quote,2016-4-7,0.148368
CSCO,76076,QMLE-Quote,2016-4-8,0.148953
CSCO,76076,QMLE-Quote,2016-4-11,0.158605
CSCO,76076,QMLE-Quote,2016-4-12,0.219796
CSCO,76076,QMLE-Quote,2016-4-13,0.200346
CSCO,76076,QMLE-Quote,2016-4-14,0.114942
CSCO,76076,QMLE-Quote,2016-4-15,0.145163
CSCO,76076,QMLE-Quote,2016-4-18,0.125524
CSCO,76076,QMLE-Quote,2016-4-19,0.121402
CSCO,76076,QMLE-Quote,2016-4-20,0.122759
CSCO,76076,QMLE-Quote,2016-4-21,0.149643
CSCO,76076,QMLE-Quote,2016-4-22,0.180921
CSCO,76076,QMLE-Quote,2016-4-25,0.127315
CSCO,76076,QMLE-Quote,2016-4-26,0.138492
CSCO,76076,QMLE-Quote,2016-4-27,0.137433
CSCO,76076,QMLE-Quote,2016-4-28,0.162246
CSCO,76076,QMLE-Quote,2016-4-29,0.237325
CSCO,76076,QMLE-Quote,2016-5-2,0.168729
CSCO,76076,QMLE-Quote,2016-5-3,0.214779
CSCO,76076,QMLE-Quote,2016-5-4,0.199195
CSCO,76076,QMLE-Quote,2016-5-5,0.140361
CSCO,76076,QMLE-Quote,2016-5-6,0.19692
CSCO,76076,QMLE-Quote,2016-5-9,0.160415
CSCO,76076,QMLE-Quote,2016-5-10,0.156238
CSCO,76076,QMLE-Quote,2016-5-11,0.139214
CSCO,76076,QMLE-Quote,2016-5-12,0.140975
CSCO,76076,QMLE-Quote,2016-5-13,0.20525
CSCO,76076,QMLE-Quote,2016-5-16,0.163434
CSCO,76076,QMLE-Quote,2016-5-17,0.194762
CSCO,76076,QMLE-Quote,2016-5-18,0.239393
CSCO,76076,QMLE-Quote,2016-5-19,0.30467
CSCO,76076,QMLE-Quote,2016-5-20,0.151579
CSCO,76076,QMLE-Quote,2016-5-23,0.143029
CSCO,76076,QMLE-Quote,2016-5-24,0.108069
CSCO,76076,QMLE-Quote,2016-5-25,0.144533
CSCO,76076,QMLE-Quote,2016-5-26,0.113643
CSCO,76076,QMLE-Quote,2016-5-27,0.118546
CSCO,76076,QMLE-Quote,2016-5-31,0.134349
CSCO,76076,QMLE-Quote,2016-6-1,0.0959429
CSCO,76076,QMLE-Quote,2016-6-2,0.109373
CSCO,76076,QMLE-Quote,2016-6-3,0.132625
CSCO,76076,QMLE-Quote,2016-6-6,0.134086
CSCO,76076,QMLE-Quote,2016-6-7,0.156903
CSCO,76076,QMLE-Quote,2016-6-8,0.107627
CSCO,76076,QMLE-Quote,2016-6-9,0.124655
CSCO,76076,QMLE-Quote,2016-6-10,0.117004
CSCO,76076,QMLE-Quote,2016-6-13,0.172672
CSCO,76076,QMLE-Quote,2016-6-14,0.163258
CSCO,76076,QMLE-Quote,2016-6-15,0.165957
CSCO,76076,QMLE-Quote,2016-6-16,0.149683
CSCO,76076,QMLE-Quote,2016-6-17,0.155836
CSCO,76076,QMLE-Quote,2016-6-20,0.140603
CSCO,76076,QMLE-Quote,2016-6-21,0.129376
CSCO,76076,QMLE-Quote,2016-6-22,0.139636
CSCO,76076,QMLE-Quote,2016-6-23,0.119972
CSCO,76076,QMLE-Quote,2016-6-24,0.257048
CSCO,76076,QMLE-Quote,2016-6-27,0.217393
CSCO,76076,QMLE-Quote,2016-6-28,0.127929
CSCO,76076,QMLE-Quote,2016-6-29,0.124273
CSCO,76076,QMLE-Quote,2016-6-30,0.151677
CSCO,76076,QMLE-Quote,2016-7-1,0.135773
CSCO,76076,QMLE-Quote,2016-7-5,0.166168
CSCO,76076,QMLE-Quote,2016-7-6,0.189498
CSCO,76076,QMLE-Quote,2016-7-7,0.126088
CSCO,76076,QMLE-Quote,2016-7-8,0.0930704
CSCO,76076,QMLE-Quote,2016-7-11,0.126175
CSCO,76076,QMLE-Quote,2016-7-12,0.107896
CSCO,76076,QMLE-Quote,2016-7-13,0.0868405
CSCO,76076,QMLE-Quote,2016-7-14,0.098947
CSCO,76076,QMLE-Quote,2016-7-15,0.076182
CSCO,76076,QMLE-Quote,2016-7-18,0.097855
CSCO,76076,QMLE-Quote,2016-7-19,0.0885056
CSCO,76076,QMLE-Quote,2016-7-20,0.195829
CSCO,76076,QMLE-Quote,2016-7-21,0.124961
CSCO,76076,QMLE-Quote,2016-7-22,0.0875338
CSCO,76076,QMLE-Quote,2016-7-25,0.0943532
CSCO,76076,QMLE-Quote,2016-7-26,0.15409
CSCO,76076,QMLE-Quote,2016-7-27,0.117073
CSCO,76076,QMLE-Quote,2016-7-28,0.126944
CSCO,76076,QMLE-Quote,2016-7-29,0.0854159
CSCO,76076,QMLE-Quote,2016-8-1,0.0997132
CSCO,76076,QMLE-Quote,2016-8-2,0.123994
CSCO,76076,QMLE-Quote,2016-8-3,0.0744649
CSCO,76076,QMLE-Quote,2016-8-4,0.100128
CSCO,76076,QMLE-Quote,2016-8-5,0.116662
CSCO,76076,QMLE-Quote,2016-8-8,0.124212
CSCO,76076,QMLE-Quote,2016-8-9,0.113621
CSCO,76076,QMLE-Quote,2016-8-10,0.109623
CSCO,76076,QMLE-Quote,2016-8-11,0.0792629
CSCO,76076,QMLE-Quote,2016-8-12,0.0837875
CSCO,76076,QMLE-Quote,2016-8-15,0.0820658
CSCO,76076,QMLE-Quote,2016-8-16,0.109589
CSCO,76076,QMLE-Quote,2016-8-17,0.243349
CSCO,76076,QMLE-Quote,2016-8-18,0.241017
CSCO,76076,QMLE-Quote,2016-8-19,0.131845
CSCO,76076,QMLE-Quote,2016-8-22,0.148794
CSCO,76076,QMLE-Quote,2016-8-23,0.103541
CSCO,76076,QMLE-Quote,2016-8-24,0.0980879
CSCO,76076,QMLE-Quote,2016-8-25,0.12242
CSCO,76076,QMLE-Quote,2016-8-26,0.172314
CSCO,76076,QMLE-Quote,2016-8-29,0.0907336
CSCO,76076,QMLE-Quote,2016-8-30,0.100082
CSCO,76076,QMLE-Quote,2016-8-31,0.115315
CSCO,76076,QMLE-Quote,2016-9-1,0.134338
CSCO,76076,QMLE-Quote,2016-9-2,0.105318
CSCO,76076,QMLE-Quote,2016-9-6,0.0613324
CSCO,76076,QMLE-Quote,2016-9-7,0.0807238
CSCO,76076,QMLE-Quote,2016-9-8,0.107202
CSCO,76076,QMLE-Quote,2016-9-9,0.149237
CSCO,76076,QMLE-Quote,2016-9-12,0.165275
CSCO,76076,QMLE-Quote,2016-9-13,0.193573
CSCO,76076,QMLE-Quote,2016-9-14,0.155895
CSCO,76076,QMLE-Quote,2016-9-15,0.136304
CSCO,76076,QMLE-Quote,2016-9-16,0.150893
CSCO,76076,QMLE-Quote,2016-9-19,0.112645
CSCO,76076,QMLE-Quote,2016-9-20,0.0974344
CSCO,76076,QMLE-Quote,2016-9-21,0.112238
CSCO,76076,QMLE-Quote,2016-9-22,0.0902198
CSCO,76076,QMLE-Quote,2016-9-23,0.119471
CSCO,76076,QMLE-Quote,2016-9-26,0.126924
CSCO,76076,QMLE-Quote,2016-9-27,0.137285
CSCO,76076,QMLE-Quote,2016-9-28,0.0953048
CSCO,76076,QMLE-Quote,2016-9-29,0.157828
CSCO,76076,QMLE-Quote,2016-9-30,0.132163
CSCO,76076,QMLE-Quote,2016-10-3,0.119804
CSCO,76076,QMLE-Quote,2016-10-4,0.155133
CSCO,76076,QMLE-Quote,2016-10-5,0.0968996
CSCO,76076,QMLE-Quote,2016-10-6,0.12663
CSCO,76076,QMLE-Quote,2016-10-7,0.140689
CSCO,76076,QMLE-Quote,2016-10-10,0.104764
CSCO,76076,QMLE-Quote,2016-10-11,0.135584
CSCO,76076,QMLE-Quote,2016-10-12,0.21465
CSCO,76076,QMLE-Quote,2016-10-13,0.163824
CSCO,76076,QMLE-Quote,2016-10-14,0.135107
CSCO,76076,QMLE-Quote,2016-10-17,0.125024
CSCO,76076,QMLE-Quote,2016-10-18,0.122991
CSCO,76076,QMLE-Quote,2016-10-19,0.125816
CSCO,76076,QMLE-Quote,2016-10-20,0.144055
CSCO,76076,QMLE-Quote,2016-10-21,0.113842
CSCO,76076,QMLE-Quote,2016-10-24,0.0960599
CSCO,76076,QMLE-Quote,2016-10-25,0.112639
CSCO,76076,QMLE-Quote,2016-10-26,0.155274
CSCO,76076,QMLE-Quote,2016-10-27,0.131663
CSCO,76076,QMLE-Quote,2016-10-28,0.186585
CSCO,76076,QMLE-Quote,2016-10-31,0.188753
CSCO,76076,QMLE-Quote,2016-11-1,0.197043
CSCO,76076,QMLE-Quote,2016-11-2,0.171881
CSCO,76076,QMLE-Quote,2016-11-3,0.117409
CSCO,76076,QMLE-Quote,2016-11-4,0.457336
CSCO,76076,QMLE-Quote,2016-11-7,0.12118
CSCO,76076,QMLE-Quote,2016-11-8,0.147643
CSCO,76076,QMLE-Quote,2016-11-9,0.349382
CSCO,76076,QMLE-Quote,2016-11-10,0.298834
CSCO,76076,QMLE-Quote,2016-11-11,0.195172
CSCO,76076,QMLE-Quote,2016-11-14,0.174998
CSCO,76076,QMLE-Quote,2016-11-15,0.128399
CSCO,76076,QMLE-Quote,2016-11-16,0.167953
CSCO,76076,QMLE-Quote,2016-11-17,0.226044
CSCO,76076,QMLE-Quote,2016-11-18,0.191982
CSCO,76076,QMLE-Quote,2016-11-21,0.0955535
CSCO,76076,QMLE-Quote,2016-11-22,0.111102
CSCO,76076,QMLE-Quote,2016-11-23,0.121212
CSCO,76076,QMLE-Quote,2016-11-25,0.122547
CSCO,76076,QMLE-Quote,2016-11-28,0.127767
CSCO,76076,QMLE-Quote,2016-11-29,0.111943
CSCO,76076,QMLE-Quote,2016-11-30,0.160644
CSCO,76076,QMLE-Quote,2016-12-1,0.165116
CSCO,76076,QMLE-Quote,2016-12-2,0.161316
CSCO,76076,QMLE-Quote,2016-12-5,0.132224
CSCO,76076,QMLE-Quote,2016-12-6,0.132492
CSCO,76076,QMLE-Quote,2016-12-7,0.138435
CSCO,76076,QMLE-Quote,2016-12-8,0.130331
CSCO,76076,QMLE-Quote,2016-12-9,0.11565
CSCO,76076,QMLE-Quote,2016-12-12,0.0941537
CSCO,76076,QMLE-Quote,2016-12-13,0.114083
CSCO,76076,QMLE-Quote,2016-12-14,0.214405
CSCO,76076,QMLE-Quote,2016-12-15,0.131268
CSCO,76076,QMLE-Quote,2016-12-16,0.142292
CSCO,76076,QMLE-Quote,2016-12-19,0.11205
CSCO,76076,QMLE-Quote,2016-12-20,0.102443
CSCO,76076,QMLE-Quote,2016-12-21,0.104502
CSCO,76076,QMLE-Quote,2016-12-22,0.102107
CSCO,76076,QMLE-Quote,2016-12-23,0.105933
CSCO,76076,QMLE-Quote,2016-12-27,0.0727675
CSCO,76076,QMLE-Quote,2016-12-28,0.0871809
CSCO,76076,QMLE-Quote,2016-12-29,0.104457
CSCO,76076,QMLE-Quote,2016-12-30,0.131297
CSCO,76076,QMLE-Quote,2017-1-3,0.149305
CSCO,76076,QMLE-Quote,2017-1-4,0.156623
CSCO,76076,QMLE-Quote,2017-1-5,0.110032
CSCO,76076,QMLE-Quote,2017-1-6,0.108246
CSCO,76076,QMLE-Quote,2017-1-9,0.111987
CSCO,76076,QMLE-Quote,2017-1-10,0.120654
CSCO,76076,QMLE-Quote,2017-1-11,0.130195
CSCO,76076,QMLE-Quote,2017-1-12,0.10355
CSCO,76076,QMLE-Quote,2017-1-13,0.0904788
CSCO,76076,QMLE-Quote,2017-1-17,0.132118
CSCO,76076,QMLE-Quote,2017-1-18,0.11324
CSCO,76076,QMLE-Quote,2017-1-19,0.104526
CSCO,76076,QMLE-Quote,2017-1-20,0.104735
CSCO,76076,QMLE-Quote,2017-1-23,0.0928708
CSCO,76076,QMLE-Quote,2017-1-24,0.116542
CSCO,76076,QMLE-Quote,2017-1-25,0.135853
CSCO,76076,QMLE-Quote,2017-1-26,0.105027
CSCO,76076,QMLE-Quote,2017-1-27,0.0903362
CSCO,76076,QMLE-Quote,2017-1-30,0.134141
CSCO,76076,QMLE-Quote,2017-1-31,0.121244
CSCO,76076,QMLE-Quote,2017-2-1,0.105235
CSCO,76076,QMLE-Quote,2017-2-2,0.140849
CSCO,76076,QMLE-Quote,2017-2-3,0.108611
CSCO,76076,QMLE-Quote,2017-2-6,0.0955575
CSCO,76076,QMLE-Quote,2017-2-7,0.102022
CSCO,76076,QMLE-Quote,2017-2-8,0.117871
CSCO,76076,QMLE-Quote,2017-2-9,0.0800761
CSCO,76076,QMLE-Quote,2017-2-10,0.109353
CSCO,76076,QMLE-Quote,2017-2-13,0.0940377
CSCO,76076,QMLE-Quote,2017-2-14,0.11953
CSCO,76076,QMLE-Quote,2017-2-15,0.122203
CSCO,76076,QMLE-Quote,2017-2-16,0.244069
CSCO,76076,QMLE-Quote,2017-2-17,0.0768432
CSCO,76076,QMLE-Quote,2017-2-21,0.103223
CSCO,76076,QMLE-Quote,2017-2-22,0.130582
CSCO,76076,QMLE-Quote,2017-2-23,0.0960889
CSCO,76076,QMLE-Quote,2017-2-24,0.0888859
CSCO,76076,QMLE-Quote,2017-2-27,0.0811019
CSCO,76076,QMLE-Quote,2017-2-28,0.0891292
CSCO,76076,QMLE-Quote,2017-3-1,0.110025
CSCO,76076,QMLE-Quote,2017-3-2,0.0892602
CSCO,76076,QMLE-Quote,2017-3-3,0.0870486
CSCO,76076,QMLE-Quote,2017-3-6,0.112577
CSCO,76076,QMLE-Quote,2017-3-7,0.0926631
CSCO,76076,QMLE-Quote,2017-3-8,0.102422
CSCO,76076,QMLE-Quote,2017-3-9,0.0801874
CSCO,76076,QMLE-Quote,2017-3-10,0.0770075
CSCO,76076,QMLE-Quote,2017-3-13,0.0890222
CSCO,76076,QMLE-Quote,2017-3-14,0.0946028
CSCO,76076,QMLE-Quote,2017-3-15,0.112262
CSCO,76076,QMLE-Quote,2017-3-16,0.110437
CSCO,76076,QMLE-Quote,2017-3-17,0.0953019
CSCO,76076,QMLE-Quote,2017-3-20,0.0750111
CSCO,76076,QMLE-Quote,2017-3-21,0.12673
CSCO,76076,QMLE-Quote,2017-3-22,0.127159
CSCO,76076,QMLE-Quote,2017-3-23,0.118749
CSCO,76076,QMLE-Quote,2017-3-24,0.103948
CSCO,76076,QMLE-Quote,2017-3-27,0.0988855
CSCO,76076,QMLE-Quote,2017-3-28,0.119444
CSCO,76076,QMLE-Quote,2017-3-29,0.0924646
CSCO,76076,QMLE-Quote,2017-3-30,0.0965283
CSCO,76076,QMLE-Quote,2017-3-31,0.0837061
CSCO,76076,QMLE-Quote,2017-4-3,0.124926
CSCO,76076,QMLE-Quote,2017-4-4,0.155687
CSCO,76076,QMLE-Quote,2017-4-5,0.11069
CSCO,76076,QMLE-Quote,2017-4-6,0.144862
CSCO,76076,QMLE-Quote,2017-4-7,0.117037
CSCO,76076,QMLE-Quote,2017-4-10,0.105797
CSCO,76076,QMLE-Quote,2017-4-11,0.127007
CSCO,76076,QMLE-Quote,2017-4-12,0.110556
CSCO,76076,QMLE-Quote,2017-4-13,0.129951
CSCO,76076,QMLE-Quote,2017-4-17,0.0598795
CSCO,76076,QMLE-Quote,2017-4-18,0.097152
CSCO,76076,QMLE-Quote,2017-4-19,0.108061
CSCO,76076,QMLE-Quote,2017-4-20,0.0778642
CSCO,76076,QMLE-Quote,2017-4-21,0.109878
CSCO,76076,QMLE-Quote,2017-4-24,0.0802256
CSCO,76076,QMLE-Quote,2017-4-25,0.0822672
CSCO,76076,QMLE-Quote,2017-4-26,0.118458
CSCO,76076,QMLE-Quote,2017-4-27,0.116448
CSCO,76076,QMLE-Quote,2017-4-28,0.0835378
CSCO,76076,QMLE-Quote,2017-5-1,0.102507
CSCO,76076,QMLE-Quote,2017-5-2,0.0772242
CSCO,76076,QMLE-Quote,2017-5-3,0.084118
CSCO,76076,QMLE-Quote,2017-5-4,0.0878407
CSCO,76076,QMLE-Quote,2017-5-5,0.0891877
CSCO,76076,QMLE-Quote,2017-5-8,0.066585
CSCO,76076,QMLE-Quote,2017-5-9,0.125161
CSCO,76076,QMLE-Quote,2017-5-10,0.110392
CSCO,76076,QMLE-Quote,2017-5-11,0.106243
CSCO,76076,QMLE-Quote,2017-5-12,0.139035
CSCO,76076,QMLE-Quote,2017-5-15,0.108035
CSCO,76076,QMLE-Quote,2017-5-16,0.0965552
CSCO,76076,QMLE-Quote,2017-5-17,0.196615
CSCO,76076,QMLE-Quote,2017-5-18,0.481824
CSCO,76076,QMLE-Quote,2017-5-19,0.204398
CSCO,76076,QMLE-Quote,2017-5-22,0.169171
CSCO,76076,QMLE-Quote,2017-5-23,0.137309
CSCO,76076,QMLE-Quote,2017-5-24,0.123448
CSCO,76076,QMLE-Quote,2017-5-25,0.101443
CSCO,76076,QMLE-Quote,2017-5-26,0.108959
CSCO,76076,QMLE-Quote,2017-5-30,0.105901
CSCO,76076,QMLE-Quote,2017-5-31,0.134676
CSCO,76076,QMLE-Quote,2017-6-1,0.102151
CSCO,76076,QMLE-Quote,2017-6-2,0.130746
CSCO,76076,QMLE-Quote,2017-6-5,0.108966
CSCO,76076,QMLE-Quote,2017-6-6,0.116599
CSCO,76076,QMLE-Quote,2017-6-7,0.11151
CSCO,76076,QMLE-Quote,2017-6-8,0.109544
CSCO,76076,QMLE-Quote,2017-6-9,0.154127
CSCO,76076,QMLE-Quote,2017-6-12,0.132054
CSCO,76076,QMLE-Quote,2017-6-13,0.126492
CSCO,76076,QMLE-Quote,2017-6-14,0.141996
CSCO,76076,QMLE-Quote,2017-6-15,0.120828
CSCO,76076,QMLE-Quote,2017-6-16,0.131633
CSCO,76076,QMLE-Quote,2017-6-19,0.119726
CSCO,76076,QMLE-Quote,2017-6-20,0.125977
CSCO,76076,QMLE-Quote,2017-6-21,0.126424
CSCO,76076,QMLE-Quote,2017-6-22,0.0953336
CSCO,76076,QMLE-Quote,2017-6-23,0.121229
CSCO,76076,QMLE-Quote,2017-6-26,0.14526
CSCO,76076,QMLE-Quote,2017-6-27,0.124286
CSCO,76076,QMLE-Quote,2017-6-28,0.163212
CSCO,76076,QMLE-Quote,2017-6-29,0.183808
CSCO,76076,QMLE-Quote,2017-6-30,0.116542
CSCO,76076,QMLE-Quote,2017-7-3,0.129483
CSCO,76076,QMLE-Quote,2017-7-5,0.154148
CSCO,76076,QMLE-Quote,2017-7-6,0.110534
CSCO,76076,QMLE-Quote,2017-7-7,0.107241
CSCO,76076,QMLE-Quote,2017-7-10,0.0949289
CSCO,76076,QMLE-Quote,2017-7-11,0.0924667
CSCO,76076,QMLE-Quote,2017-7-12,0.102897
CSCO,76076,QMLE-Quote,2017-7-13,0.0806297
CSCO,76076,QMLE-Quote,2017-7-14,0.084123
CSCO,76076,QMLE-Quote,2017-7-17,0.0742232
CSCO,76076,QMLE-Quote,2017-7-18,0.120127
CSCO,76076,QMLE-Quote,2017-7-19,0.116773
CSCO,76076,QMLE-Quote,2017-7-20,0.0958385
CSCO,76076,QMLE-Quote,2017-7-21,0.0863666
CSCO,76076,QMLE-Quote,2017-7-24,0.0721808
CSCO,76076,QMLE-Quote,2017-7-25,0.0740746
CSCO,76076,QMLE-Quote,2017-7-26,0.118447
CSCO,76076,QMLE-Quote,2017-7-27,0.14832
CSCO,76076,QMLE-Quote,2017-7-28,0.106194
CSCO,76076,QMLE-Quote,2017-7-31,0.0872794
CSCO,76076,QMLE-Quote,2017-8-1,0.0914821
CSCO,76076,QMLE-Quote,2017-8-2,0.0889907
CSCO,76076,QMLE-Quote,2017-8-3,0.127668
CSCO,76076,QMLE-Quote,2017-8-4,0.114366
CSCO,76076,QMLE-Quote,2017-8-7,0.0601632
CSCO,76076,QMLE-Quote,2017-8-8,0.105027
CSCO,76076,QMLE-Quote,2017-8-9,0.126755
CSCO,76076,QMLE-Quote,2017-8-10,0.155382
CSCO,76076,QMLE-Quote,2017-8-11,0.153764
CSCO,76076,QMLE-Quote,2017-8-14,0.0815881
CSCO,76076,QMLE-Quote,2017-8-15,0.150862
CSCO,76076,QMLE-Quote,2017-8-16,0.176275
CSCO,76076,QMLE-Quote,2017-8-17,0.301795
CSCO,76076,QMLE-Quote,2017-8-18,0.193357
CSCO,76076,QMLE-Quote,2017-8-21,0.140295
CSCO,76076,QMLE-Quote,2017-8-22,0.14006
CSCO,76076,QMLE-Quote,2017-8-23,0.126436
CSCO,76076,QMLE-Quote,2017-8-24,0.137775
CSCO,76076,QMLE-Quote,2017-8-25,0.13686
CSCO,76076,QMLE-Quote,2017-8-28,0.0974808
CSCO,76076,QMLE-Quote,2017-8-29,0.119745
CSCO,76076,QMLE-Quote,2017-8-30,0.140143
CSCO,76076,QMLE-Quote,2017-8-31,0.14973
CSCO,76076,QMLE-Quote,2017-9-1,0.113448
CSCO,76076,QMLE-Quote,2017-9-5,0.180586
CSCO,76076,QMLE-Quote,2017-9-6,0.0957135
CSCO,76076,QMLE-Quote,2017-9-7,0.0846664
CSCO,76076,QMLE-Quote,2017-9-8,0.106481
CSCO,76076,QMLE-Quote,2017-9-11,0.112789
CSCO,76076,QMLE-Quote,2017-9-12,0.121023
CSCO,76076,QMLE-Quote,2017-9-13,0.0880276
CSCO,76076,QMLE-Quote,2017-9-14,0.0871224
CSCO,76076,QMLE-Quote,2017-9-15,0.114399
CSCO,76076,QMLE-Quote,2017-9-18,0.0988779
CSCO,76076,QMLE-Quote,2017-9-19,0.142935
CSCO,76076,QMLE-Quote,2017-9-20,0.14495
CSCO,76076,QMLE-Quote,2017-9-21,0.13391
CSCO,76076,QMLE-Quote,2017-9-22,0.138665
CSCO,76076,QMLE-Quote,2017-9-25,0.163803
CSCO,76076,QMLE-Quote,2017-9-26,0.148141
CSCO,76076,QMLE-Quote,2017-9-27,0.151237
CSCO,76076,QMLE-Quote,2017-9-28,0.155379
CSCO,76076,QMLE-Quote,2017-9-29,0.102308
CSCO,76076,QMLE-Quote,2017-10-2,0.108509
CSCO,76076,QMLE-Quote,2017-10-3,0.0920769
CSCO,76076,QMLE-Quote,2017-10-4,0.106618
CSCO,76076,QMLE-Quote,2017-10-5,0.101934
CSCO,76076,QMLE-Quote,2017-10-6,0.120747
CSCO,76076,QMLE-Quote,2017-10-9,0.0573687
CSCO,76076,QMLE-Quote,2017-10-10,0.0924454
CSCO,76076,QMLE-Quote,2017-10-11,0.124437
CSCO,76076,QMLE-Quote,2017-10-12,0.0897809
CSCO,76076,QMLE-Quote,2017-10-13,0.0848982
CSCO,76076,QMLE-Quote,2017-10-16,0.0612694
CSCO,76076,QMLE-Quote,2017-10-17,0.0831608
CSCO,76076,QMLE-Quote,2017-10-18,0.0832488
CSCO,76076,QMLE-Quote,2017-10-19,0.134712
CSCO,76076,QMLE-Quote,2017-10-20,0.137884
CSCO,76076,QMLE-Quote,2017-10-23,0.166933
CSCO,76076,QMLE-Quote,2017-10-24,0.132554
CSCO,76076,QMLE-Quote,2017-10-25,0.137326
CSCO,76076,QMLE-Quote,2017-10-26,0.135907
CSCO,76076,QMLE-Quote,2017-10-27,0.15967
CSCO,76076,QMLE-Quote,2017-10-30,0.148725
CSCO,76076,QMLE-Quote,2017-10-31,0.114918
CSCO,76076,QMLE-Quote,2017-11-1,0.160047
CSCO,76076,QMLE-Quote,2017-11-2,0.125667
CSCO,76076,QMLE-Quote,2017-11-3,0.147764
CSCO,76076,QMLE-Quote,2017-11-6,0.125233
CSCO,76076,QMLE-Quote,2017-11-7,0.114542
CSCO,76076,QMLE-Quote,2017-11-8,0.109817
CSCO,76076,QMLE-Quote,2017-11-9,0.164438
CSCO,76076,QMLE-Quote,2017-11-10,0.141164
CSCO,76076,QMLE-Quote,2017-11-13,0.106344
CSCO,76076,QMLE-Quote,2017-11-14,0.145109
CSCO,76076,QMLE-Quote,2017-11-15,0.183242
CSCO,76076,QMLE-Quote,2017-11-16,0.316215
CSCO,76076,QMLE-Quote,2017-11-17,0.13389
CSCO,76076,QMLE-Quote,2017-11-20,0.165875
CSCO,76076,QMLE-Quote,2017-11-21,0.152184
CSCO,76076,QMLE-Quote,2017-11-22,0.117715
CSCO,76076,QMLE-Quote,2017-11-24,0.0753708
CSCO,76076,QMLE-Quote,2017-11-27,0.119664
CSCO,76076,QMLE-Quote,2017-11-28,0.176021
CSCO,76076,QMLE-Quote,2017-11-29,0.192044
CSCO,76076,QMLE-Quote,2017-11-30,0.128816
CSCO,76076,QMLE-Quote,2017-12-1,0.271242
CSCO,76076,QMLE-Quote,2017-12-4,0.162016
CSCO,76076,QMLE-Quote,2017-12-5,0.178773
CSCO,76076,QMLE-Quote,2017-12-6,0.132009
CSCO,76076,QMLE-Quote,2017-12-7,0.139272
CSCO,76076,QMLE-Quote,2017-12-8,0.0925165
CSCO,76076,QMLE-Quote,2017-12-11,0.116385
CSCO,76076,QMLE-Quote,2017-12-12,0.132342
CSCO,76076,QMLE-Quote,2017-12-13,0.120284
CSCO,76076,QMLE-Quote,2017-12-14,0.132606
CSCO,76076,QMLE-Quote,2017-12-15,0.12721
CSCO,76076,QMLE-Quote,2017-12-18,0.139316
CSCO,76076,QMLE-Quote,2017-12-19,0.15387
CSCO,76076,QMLE-Quote,2017-12-20,0.138367
CSCO,76076,QMLE-Quote,2017-12-21,0.0934308
CSCO,76076,QMLE-Quote,2017-12-22,0.10575
CSCO,76076,QMLE-Quote,2017-12-26,0.0898283
CSCO,76076,QMLE-Quote,2017-12-27,0.0658897
CSCO,76076,QMLE-Quote,2017-12-28,0.08116
CSCO,76076,QMLE-Quote,2017-12-29,0.0808214
CSCO,76076,QMLE-Quote,2018-1-2,0.132863
CSCO,76076,QMLE-Quote,2018-1-3,0.160046
CSCO,76076,QMLE-Quote,2018-1-4,0.138027
CSCO,76076,QMLE-Quote,2018-1-5,0.163268
CSCO,76076,QMLE-Quote,2018-1-8,0.108988
CSCO,76076,QMLE-Quote,2018-1-9,0.131905
CSCO,76076,QMLE-Quote,2018-1-10,0.159592
CSCO,76076,QMLE-Quote,2018-1-11,0.107033
CSCO,76076,QMLE-Quote,2018-1-12,0.141874
CSCO,76076,QMLE-Quote,2018-1-16,0.207015
CSCO,76076,QMLE-Quote,2018-1-17,0.132277
CSCO,76076,QMLE-Quote,2018-1-18,0.131223
CSCO,76076,QMLE-Quote,2018-1-19,0.125767
CSCO,76076,QMLE-Quote,2018-1-22,0.108905
CSCO,76076,QMLE-Quote,2018-1-23,0.138052
CSCO,76076,QMLE-Quote,2018-1-24,0.171035
CSCO,76076,QMLE-Quote,2018-1-25,0.145932
CSCO,76076,QMLE-Quote,2018-1-26,0.129248
CSCO,76076,QMLE-Quote,2018-1-29,0.143496
CSCO,76076,QMLE-Quote,2018-1-30,0.168986
CSCO,76076,QMLE-Quote,2018-1-31,0.190487
CSCO,76076,QMLE-Quote,2018-2-1,0.238796
CSCO,76076,QMLE-Quote,2018-2-2,0.217812
CSCO,76076,QMLE-Quote,2018-2-5,0.421612
CSCO,76076,QMLE-Quote,2018-2-6,0.645985
CSCO,76076,QMLE-Quote,2018-2-7,0.375101
CSCO,76076,QMLE-Quote,2018-2-8,0.413016
CSCO,76076,QMLE-Quote,2018-2-9,0.473306
CSCO,76076,QMLE-Quote,2018-2-12,0.292359
CSCO,76076,QMLE-Quote,2018-2-13,0.231134
CSCO,76076,QMLE-Quote,2018-2-14,0.2982
CSCO,76076,QMLE-Quote,2018-2-15,0.439457
CSCO,76076,QMLE-Quote,2018-2-16,0.239795
CSCO,76076,QMLE-Quote,2018-2-20,0.201835
CSCO,76076,QMLE-Quote,2018-2-21,0.20902
CSCO,76076,QMLE-Quote,2018-2-22,0.213292
CSCO,76076,QMLE-Quote,2018-2-23,0.16497
CSCO,76076,QMLE-Quote,2018-2-26,0.167756
CSCO,76076,QMLE-Quote,2018-2-27,0.229489
CSCO,76076,QMLE-Quote,2018-2-28,0.201874
CSCO,76076,QMLE-Quote,2018-3-1,0.361112
CSCO,76076,QMLE-Quote,2018-3-2,0.274475
CSCO,76076,QMLE-Quote,2018-3-5,0.227726
CSCO,76076,QMLE-Quote,2018-3-6,0.19345
CSCO,76076,QMLE-Quote,2018-3-7,0.17804
CSCO,76076,QMLE-Quote,2018-3-8,0.158598
CSCO,76076,QMLE-Quote,2018-3-9,0.134559
CSCO,76076,QMLE-Quote,2018-3-12,0.141226
CSCO,76076,QMLE-Quote,2018-3-13,0.200316
CSCO,76076,QMLE-Quote,2018-3-14,0.200741
CSCO,76076,QMLE-Quote,2018-3-15,0.163333
CSCO,76076,QMLE-Quote,2018-3-16,0.148294
CSCO,76076,QMLE-Quote,2018-3-19,0.219576
CSCO,76076,QMLE-Quote,2018-3-20,0.152247
CSCO,76076,QMLE-Quote,2018-3-21,0.214032
CSCO,76076,QMLE-Quote,2018-3-22,0.227538
CSCO,76076,QMLE-Quote,2018-3-23,0.28111
CSCO,76076,QMLE-Quote,2018-3-26,0.227675
CSCO,76076,QMLE-Quote,2018-3-27,0.282823
CSCO,76076,QMLE-Quote,2018-3-28,0.395378
CSCO,76076,QMLE-Quote,2018-3-29,0.288457
CSCO,76076,QMLE-Quote,2018-4-2,0.343171
CSCO,76076,QMLE-Quote,2018-4-3,0.297711
CSCO,76076,QMLE-Quote,2018-4-4,0.250501
CSCO,76076,QMLE-Quote,2018-4-5,0.215147
CSCO,76076,QMLE-Quote,2018-4-6,0.291194
CSCO,76076,QMLE-Quote,2018-4-9,0.218785
CSCO,76076,QMLE-Quote,2018-4-10,0.261588
CSCO,76076,QMLE-Quote,2018-4-11,0.20475
CSCO,76076,QMLE-Quote,2018-4-12,0.215808
CSCO,76076,QMLE-Quote,2018-4-13,0.215282
CSCO,76076,QMLE-Quote,2018-4-16,0.189508
CSCO,76076,QMLE-Quote,2018-4-17,0.179248
CSCO,76076,QMLE-Quote,2018-4-18,0.165386
CSCO,76076,QMLE-Quote,2018-4-19,0.170543
CSCO,76076,QMLE-Quote,2018-4-20,0.196742
CSCO,76076,QMLE-Quote,2018-4-23,0.168422
CSCO,76076,QMLE-Quote,2018-4-24,0.263696
CSCO,76076,QMLE-Quote,2018-4-25,0.248028
CSCO,76076,QMLE-Quote,2018-4-26,0.199272
CSCO,76076,QMLE-Quote,2018-4-27,0.230431
CSCO,76076,QMLE-Quote,2018-4-30,0.184029
CSCO,76076,QMLE-Quote,2018-5-1,0.209965
CSCO,76076,QMLE-Quote,2018-5-2,0.206496
CSCO,76076,QMLE-Quote,2018-5-3,0.253984
CSCO,76076,QMLE-Quote,2018-5-4,0.205912
CSCO,76076,QMLE-Quote,2018-5-7,0.162941
CSCO,76076,QMLE-Quote,2018-5-8,0.201768
CSCO,76076,QMLE-Quote,2018-5-9,0.181783
CSCO,76076,QMLE-Quote,2018-5-10,0.153559
CSCO,76076,QMLE-Quote,2018-5-11,0.145508
CSCO,76076,QMLE-Quote,2018-5-14,0.135678
CSCO,76076,QMLE-Quote,2018-5-15,0.146135
CSCO,76076,QMLE-Quote,2018-5-16,0.158237
CSCO,76076,QMLE-Quote,2018-5-17,0.316079
CSCO,76076,QMLE-Quote,2018-5-18,0.16609
CSCO,76076,QMLE-Quote,2018-5-21,0.153187
CSCO,76076,QMLE-Quote,2018-5-22,0.158625
CSCO,76076,QMLE-Quote,2018-5-23,0.164465
CSCO,76076,QMLE-Quote,2018-5-24,0.191776
CSCO,76076,QMLE-Quote,2018-5-25,0.152974
CSCO,76076,QMLE-Quote,2018-5-29,0.20933
CSCO,76076,QMLE-Quote,2018-5-30,0.141592
CSCO,76076,QMLE-Quote,2018-5-31,0.152011
CSCO,76076,QMLE-Quote,2018-6-1,0.132697
CSCO,76076,QMLE-Quote,2018-6-4,0.137785
CSCO,76076,QMLE-Quote,2018-6-5,0.137298
CSCO,76076,QMLE-Quote,2018-6-6,0.117644
CSCO,76076,QMLE-Quote,2018-6-7,0.178468
CSCO,76076,QMLE-Quote,2018-6-8,0.140529
CSCO,76076,QMLE-Quote,2018-6-11,0.117974
CSCO,76076,QMLE-Quote,2018-6-12,0.124218
CSCO,76076,QMLE-Quote,2018-6-13,0.157866
CSCO,76076,QMLE-Quote,2018-6-14,0.150399
CSCO,76076,QMLE-Quote,2018-6-15,0.160677
CSCO,76076,QMLE-Quote,2018-6-18,0.112699
CSCO,76076,QMLE-Quote,2018-6-19,0.148118
CSCO,76076,QMLE-Quote,2018-6-20,0.116638
CSCO,76076,QMLE-Quote,2018-6-21,0.179065
CSCO,76076,QMLE-Quote,2018-6-22,0.146685
CSCO,76076,QMLE-Quote,2018-6-25,0.244687
CSCO,76076,QMLE-Quote,2018-6-26,0.207491
CSCO,76076,QMLE-Quote,2018-6-27,0.217277
CSCO,76076,QMLE-Quote,2018-6-28,0.178949
CSCO,76076,QMLE-Quote,2018-6-29,0.152237
CSCO,76076,QMLE-Quote,2018-7-2,0.153923
CSCO,76076,QMLE-Quote,2018-7-3,0.16058
CSCO,76076,QMLE-Quote,2018-7-5,0.167403
CSCO,76076,QMLE-Quote,2018-7-6,0.139013
CSCO,76076,QMLE-Quote,2018-7-9,0.139525
CSCO,76076,QMLE-Quote,2018-7-10,0.12497
CSCO,76076,QMLE-Quote,2018-7-11,0.136085
CSCO,76076,QMLE-Quote,2018-7-12,0.12054
CSCO,76076,QMLE-Quote,2018-7-13,0.376067
CSCO,76076,QMLE-Quote,2018-7-16,0.206652
CSCO,76076,QMLE-Quote,2018-7-17,0.152558
CSCO,76076,QMLE-Quote,2018-7-18,0.0927403
CSCO,76076,QMLE-Quote,2018-7-19,0.199633
CSCO,76076,QMLE-Quote,2018-7-20,0.125461
CSCO,76076,QMLE-Quote,2018-7-23,0.143405
CSCO,76076,QMLE-Quote,2018-7-24,0.188705
CSCO,76076,QMLE-Quote,2018-7-25,0.155893
CSCO,76076,QMLE-Quote,2018-7-26,0.159316
CSCO,76076,QMLE-Quote,2018-7-27,0.189835
CSCO,76076,QMLE-Quote,2018-7-30,0.173996
CSCO,76076,QMLE-Quote,2018-7-31,0.17148
CSCO,76076,QMLE-Quote,2018-8-1,0.191281
CSCO,76076,QMLE-Quote,2018-8-2,0.17224
CSCO,76076,QMLE-Quote,2018-8-3,0.138291
CSCO,76076,QMLE-Quote,2018-8-6,0.143443
CSCO,76076,QMLE-Quote,2018-8-7,0.119425
CSCO,76076,QMLE-Quote,2018-8-8,0.103831
CSCO,76076,QMLE-Quote,2018-8-9,0.128755
CSCO,76076,QMLE-Quote,2018-8-10,0.146002
CSCO,76076,QMLE-Quote,2018-8-13,0.178862
CSCO,76076,QMLE-Quote,2018-8-14,0.136536
CSCO,76076,QMLE-Quote,2018-8-15,0.236276
CSCO,76076,QMLE-Quote,2018-8-16,0.317556
CSCO,76076,QMLE-Quote,2018-8-17,0.154719
CSCO,76076,QMLE-Quote,2018-8-20,0.130092
CSCO,76076,QMLE-Quote,2018-8-21,0.144965
CSCO,76076,QMLE-Quote,2018-8-22,0.100574
CSCO,76076,QMLE-Quote,2018-8-23,0.105524
CSCO,76076,QMLE-Quote,2018-8-24,0.110131
CSCO,76076,QMLE-Quote,2018-8-27,0.117297
CSCO,76076,QMLE-Quote,2018-8-28,0.124098
CSCO,76076,QMLE-Quote,2018-8-29,0.113548
CSCO,76076,QMLE-Quote,2018-8-30,0.14015
CSCO,76076,QMLE-Quote,2018-8-31,0.135208
CSCO,76076,QMLE-Quote,2018-9-4,0.162815
CSCO,76076,QMLE-Quote,2018-9-5,0.173841
CSCO,76076,QMLE-Quote,2018-9-6,0.160505
CSCO,76076,QMLE-Quote,2018-9-7,0.167979
CSCO,76076,QMLE-Quote,2018-9-10,0.144014
CSCO,76076,QMLE-Quote,2018-9-11,0.142904
CSCO,76076,QMLE-Quote,2018-9-12,0.143825
CSCO,76076,QMLE-Quote,2018-9-13,0.131283
CSCO,76076,QMLE-Quote,2018-9-14,0.105342
CSCO,76076,QMLE-Quote,2018-9-17,0.146095
CSCO,76076,QMLE-Quote,2018-9-18,0.115896
CSCO,76076,QMLE-Quote,2018-9-19,0.131771
CSCO,76076,QMLE-Quote,2018-9-20,0.130397
CSCO,76076,QMLE-Quote,2018-9-21,0.167456
CSCO,76076,QMLE-Quote,2018-9-24,0.131425
CSCO,76076,QMLE-Quote,2018-9-25,0.157673
CSCO,76076,QMLE-Quote,2018-9-26,0.134927
CSCO,76076,QMLE-Quote,2018-9-27,0.120972
CSCO,76076,QMLE-Quote,2018-9-28,0.121581
CSCO,76076,QMLE-Quote,2018-10-1,0.104882
CSCO,76076,QMLE-Quote,2018-10-2,0.141091
CSCO,76076,QMLE-Quote,2018-10-3,0.120678
CSCO,76076,QMLE-Quote,2018-10-4,0.176395
CSCO,76076,QMLE-Quote,2018-10-5,0.205449
CSCO,76076,QMLE-Quote,2018-10-8,0.191492
CSCO,76076,QMLE-Quote,2018-10-9,0.184496
CSCO,76076,QMLE-Quote,2018-10-10,0.282917
CSCO,76076,QMLE-Quote,2018-10-11,0.431112
CSCO,76076,QMLE-Quote,2018-10-12,0.290466
CSCO,76076,QMLE-Quote,2018-10-15,0.232502
CSCO,76076,QMLE-Quote,2018-10-16,0.199632
CSCO,76076,QMLE-Quote,2018-10-17,0.209738
CSCO,76076,QMLE-Quote,2018-10-18,0.278172
CSCO,76076,QMLE-Quote,2018-10-19,0.238596
CSCO,76076,QMLE-Quote,2018-10-22,0.210336
CSCO,76076,QMLE-Quote,2018-10-23,0.289415
CSCO,76076,QMLE-Quote,2018-10-24,0.322469
CSCO,76076,QMLE-Quote,2018-10-25,0.283682
CSCO,76076,QMLE-Quote,2018-10-26,0.390922
CSCO,76076,QMLE-Quote,2018-10-29,0.349106
CSCO,76076,QMLE-Quote,2018-10-30,0.333253
CSCO,76076,QMLE-Quote,2018-10-31,0.227789
CSCO,76076,QMLE-Quote,2018-11-1,0.212852
CSCO,76076,QMLE-Quote,2018-11-2,0.282188
CSCO,76076,QMLE-Quote,2018-11-5,0.188037
CSCO,76076,QMLE-Quote,2018-11-6,0.181463
CSCO,76076,QMLE-Quote,2018-11-7,0.168816
CSCO,76076,QMLE-Quote,2018-11-8,0.194733
CSCO,76076,QMLE-Quote,2018-11-9,0.20532
CSCO,76076,QMLE-Quote,2018-11-12,0.228614
CSCO,76076,QMLE-Quote,2018-11-13,0.261254
CSCO,76076,QMLE-Quote,2018-11-14,0.26654
CSCO,76076,QMLE-Quote,2018-11-15,0.438978
CSCO,76076,QMLE-Quote,2018-11-16,0.263842
CSCO,76076,QMLE-Quote,2018-11-19,0.250199
CSCO,76076,QMLE-Quote,2018-11-20,0.308887
CSCO,76076,QMLE-Quote,2018-11-21,0.205236
CSCO,76076,QMLE-Quote,2018-11-23,0.138762
CSCO,76076,QMLE-Quote,2018-11-26,0.167133
CSCO,76076,QMLE-Quote,2018-11-27,0.225302
CSCO,76076,QMLE-Quote,2018-11-28,0.205227
CSCO,76076,QMLE-Quote,2018-11-29,0.208973
CSCO,76076,QMLE-Quote,2018-11-30,0.164773
CSCO,76076,QMLE-Quote,2018-12-3,0.205963
CSCO,76076,QMLE-Quote,2018-12-4,0.294678
CSCO,76076,QMLE-Quote,2018-12-6,0.341699
CSCO,76076,QMLE-Quote,2018-12-7,0.327399
CSCO,76076,QMLE-Quote,2018-12-10,0.298579
CSCO,76076,QMLE-Quote,2018-12-11,0.291285
CSCO,76076,QMLE-Quote,2018-12-12,0.230728
CSCO,76076,QMLE-Quote,2018-12-13,0.253616
CSCO,76076,QMLE-Quote,2018-12-14,0.265034
CSCO,76076,QMLE-Quote,2018-12-17,0.2774
CSCO,76076,QMLE-Quote,2018-12-18,0.259034
CSCO,76076,QMLE-Quote,2018-12-19,0.399577
CSCO,76076,QMLE-Quote,2018-12-20,0.429249
CSCO,76076,QMLE-Quote,2018-12-21,0.436111
CSCO,76076,QMLE-Quote,2018-12-24,0.372223
CSCO,76076,QMLE-Quote,2018-12-26,0.335988
CSCO,76076,QMLE-Quote,2018-12-27,0.382437
CSCO,76076,QMLE-Quote,2018-12-28,0.345407
CSCO,76076,QMLE-Quote,2018-12-31,0.239813
CSCO,76076,QMLE-Quote,2019-1-2,0.26024
CSCO,76076,QMLE-Quote,2019-1-3,0.306672
CSCO,76076,QMLE-Quote,2019-1-4,0.219512
CSCO,76076,QMLE-Quote,2019-1-7,0.187855
CSCO,76076,QMLE-Quote,2019-1-8,0.181912
CSCO,76076,QMLE-Quote,2019-1-9,0.213409
CSCO,76076,QMLE-Quote,2019-1-10,0.194519
CSCO,76076,QMLE-Quote,2019-1-11,0.133335
CSCO,76076,QMLE-Quote,2019-1-14,0.128284
CSCO,76076,QMLE-Quote,2019-1-15,0.141243
CSCO,76076,QMLE-Quote,2019-1-16,0.111772
CSCO,76076,QMLE-Quote,2019-1-17,0.172335
CSCO,76076,QMLE-Quote,2019-1-18,0.187706
CSCO,76076,QMLE-Quote,2019-1-22,0.175521
CSCO,76076,QMLE-Quote,2019-1-23,0.180261
CSCO,76076,QMLE-Quote,2019-1-24,0.179433
CSCO,76076,QMLE-Quote,2019-1-25,0.146003
CSCO,76076,QMLE-Quote,2019-1-28,0.156461
CSCO,76076,QMLE-Quote,2019-1-29,0.139371
CSCO,76076,QMLE-Quote,2019-1-30,0.176934
CSCO,76076,QMLE-Quote,2019-1-31,0.170606
CSCO,76076,QMLE-Quote,2019-2-1,0.166408
CSCO,76076,QMLE-Quote,2019-2-4,0.114679
CSCO,76076,QMLE-Quote,2019-2-5,0.0861583
CSCO,76076,QMLE-Quote,2019-2-6,0.133553
CSCO,76076,QMLE-Quote,2019-2-7,0.171753
CSCO,76076,QMLE-Quote,2019-2-8,0.160313
CSCO,76076,QMLE-Quote,2019-2-11,0.144828
CSCO,76076,QMLE-Quote,2019-2-12,0.203442
CSCO,76076,QMLE-Quote,2019-2-13,0.171554
CSCO,76076,QMLE-Quote,2019-2-14,0.305865
CSCO,76076,QMLE-Quote,2019-2-15,0.169842
CSCO,76076,QMLE-Quote,2019-2-19,0.133746
CSCO,76076,QMLE-Quote,2019-2-20,0.136648
CSCO,76076,QMLE-Quote,2019-2-21,0.140339
CSCO,76076,QMLE-Quote,2019-2-22,0.113023
CSCO,76076,QMLE-Quote,2019-2-25,0.130601
CSCO,76076,QMLE-Quote,2019-2-26,0.135795
CSCO,76076,QMLE-Quote,2019-2-27,0.125832
CSCO,76076,QMLE-Quote,2019-2-28,0.122404
CSCO,76076,QMLE-Quote,2019-3-1,0.097298
CSCO,76076,QMLE-Quote,2019-3-4,0.146791
CSCO,76076,QMLE-Quote,2019-3-5,0.126978
CSCO,76076,QMLE-Quote,2019-3-6,0.122791
CSCO,76076,QMLE-Quote,2019-3-7,0.131814
CSCO,76076,QMLE-Quote,2019-3-8,0.164302
CSCO,76076,QMLE-Quote,2019-3-11,0.121395
CSCO,76076,QMLE-Quote,2019-3-12,0.153612
CSCO,76076,QMLE-Quote,2019-3-13,0.147765
CSCO,76076,QMLE-Quote,2019-3-14,0.104145
CSCO,76076,QMLE-Quote,2019-3-15,0.122253
CSCO,76076,QMLE-Quote,2019-3-18,0.135221
CSCO,76076,QMLE-Quote,2019-3-19,0.138318
CSCO,76076,QMLE-Quote,2019-3-20,0.192097
CSCO,76076,QMLE-Quote,2019-3-21,0.128377
CSCO,76076,QMLE-Quote,2019-3-22,0.186458
CSCO,76076,QMLE-Quote,2019-3-25,0.164706
CSCO,76076,QMLE-Quote,2019-3-26,0.132421
CSCO,76076,QMLE-Quote,2019-3-27,0.148822
CSCO,76076,QMLE-Quote,2019-3-28,0.148889
CSCO,76076,QMLE-Quote,2019-3-29,0.124067
CSCO,76076,QMLE-Quote,2019-4-1,0.103619
CSCO,76076,QMLE-Quote,2019-4-2,0.12733
CSCO,76076,QMLE-Quote,2019-4-3,0.117115
CSCO,76076,QMLE-Quote,2019-4-4,0.147077
CSCO,76076,QMLE-Quote,2019-4-5,0.113224
CSCO,76076,QMLE-Quote,2019-4-8,0.118453
CSCO,76076,QMLE-Quote,2019-4-9,0.132023
CSCO,76076,QMLE-Quote,2019-4-10,0.111915
CSCO,76076,QMLE-Quote,2019-4-11,0.110839
CSCO,76076,QMLE-Quote,2019-4-12,0.118831
CSCO,76076,QMLE-Quote,2019-4-15,0.0876674
CSCO,76076,QMLE-Quote,2019-4-16,0.1315
CSCO,76076,QMLE-Quote,2019-4-17,0.137996
CSCO,76076,QMLE-Quote,2019-4-18,0.128735
CSCO,76076,QMLE-Quote,2019-4-22,0.0959862
CSCO,76076,QMLE-Quote,2019-4-23,0.122991
CSCO,76076,QMLE-Quote,2019-4-24,0.122764
CSCO,76076,QMLE-Quote,2019-4-25,0.139466
CSCO,76076,QMLE-Quote,2019-4-26,0.192342
CSCO,76076,QMLE-Quote,2019-4-29,0.125322
CSCO,76076,QMLE-Quote,2019-4-30,0.120062
CSCO,76076,QMLE-Quote,2019-5-1,0.14719
CSCO,76076,QMLE-Quote,2019-5-2,0.183192
CSCO,76076,QMLE-Quote,2019-5-3,0.190745
CSCO,76076,QMLE-Quote,2019-5-6,0.186856
CSCO,76076,QMLE-Quote,2019-5-7,0.237389
CSCO,76076,QMLE-Quote,2019-5-8,0.21036
CSCO,76076,QMLE-Quote,2019-5-9,0.237912
CSCO,76076,QMLE-Quote,2019-5-10,0.236895
CSCO,76076,QMLE-Quote,2019-5-13,0.288882
CSCO,76076,QMLE-Quote,2019-5-14,0.193977
CSCO,76076,QMLE-Quote,2019-5-15,0.195895
CSCO,76076,QMLE-Quote,2019-5-16,0.30136
CSCO,76076,QMLE-Quote,2019-5-17,0.246022
CSCO,76076,QMLE-Quote,2019-5-20,0.211629
CSCO,76076,QMLE-Quote,2019-5-21,0.154274
CSCO,76076,QMLE-Quote,2019-5-22,0.163549
CSCO,76076,QMLE-Quote,2019-5-23,0.185976
CSCO,76076,QMLE-Quote,2019-5-24,0.126837
CSCO,76076,QMLE-Quote,2019-5-28,0.149184
CSCO,76076,QMLE-Quote,2019-5-29,0.216257
CSCO,76076,QMLE-Quote,2019-5-30,0.133607
CSCO,76076,QMLE-Quote,2019-5-31,0.166184
CSCO,76076,QMLE-Quote,2019-6-3,0.246818
CSCO,76076,QMLE-Quote,2019-6-4,0.179485
CSCO,76076,QMLE-Quote,2019-6-5,0.192229
CSCO,76076,QMLE-Quote,2019-6-6,0.161132
CSCO,76076,QMLE-Quote,2019-6-7,0.159351
CSCO,76076,QMLE-Quote,2019-6-10,0.150194
CSCO,76076,QMLE-Quote,2019-6-11,0.157091
CSCO,76076,QMLE-Quote,2019-6-12,0.1629
CSCO,76076,QMLE-Quote,2019-6-13,0.136588
CSCO,76076,QMLE-Quote,2019-6-14,0.140615
CSCO,76076,QMLE-Quote,2019-6-17,0.133335
CSCO,76076,QMLE-Quote,2019-6-18,0.166474
CSCO,76076,QMLE-Quote,2019-6-19,0.138489
CSCO,76076,QMLE-Quote,2019-6-20,0.150848
CSCO,76076,QMLE-Quote,2019-6-21,0.165049
CSCO,76076,QMLE-Quote,2019-6-24,0.101911
CSCO,76076,QMLE-Quote,2019-6-25,0.148695
CSCO,76076,QMLE-Quote,2019-6-26,0.150611
CSCO,76076,QMLE-Quote,2019-6-27,0.160227
CSCO,76076,QMLE-Quote,2019-6-28,0.242002
CSCO,76076,QMLE-Quote,2019-7-1,0.176458
CSCO,76076,QMLE-Quote,2019-7-2,0.138982
CSCO,76076,QMLE-Quote,2019-7-3,0.107617
CSCO,76076,QMLE-Quote,2019-7-5,0.134274
CSCO,76076,QMLE-Quote,2019-7-8,0.141108
CSCO,76076,QMLE-Quote,2019-7-9,0.17078
CSCO,76076,QMLE-Quote,2019-7-10,0.165795
CSCO,76076,QMLE-Quote,2019-7-11,0.138449
CSCO,76076,QMLE-Quote,2019-7-12,0.108905
CSCO,76076,QMLE-Quote,2019-7-15,0.0877738
CSCO,76076,QMLE-Quote,2019-7-16,0.121431
CSCO,76076,QMLE-Quote,2019-7-17,0.117952
CSCO,76076,QMLE-Quote,2019-7-18,0.133546
CSCO,76076,QMLE-Quote,2019-7-19,0.151963
CSCO,76076,QMLE-Quote,2019-7-22,0.118263
CSCO,76076,QMLE-Quote,2019-7-23,0.133259
CSCO,76076,QMLE-Quote,2019-7-24,0.107621
CSCO,76076,QMLE-Quote,2019-7-25,0.154513
CSCO,76076,QMLE-Quote,2019-7-26,0.0773625
CSCO,76076,QMLE-Quote,2019-7-29,0.109398
CSCO,76076,QMLE-Quote,2019-7-30,0.146115
CSCO,76076,QMLE-Quote,2019-7-31,0.249329
CSCO,76076,QMLE-Quote,2019-8-1,0.244614
CSCO,76076,QMLE-Quote,2019-8-2,0.338059
CSCO,76076,QMLE-Quote,2019-8-5,0.295675
CSCO,76076,QMLE-Quote,2019-8-6,0.235949
CSCO,76076,QMLE-Quote,2019-8-7,0.278235
CSCO,76076,QMLE-Quote,2019-8-8,0.198955
CSCO,76076,QMLE-Quote,2019-8-9,0.21377
CSCO,76076,QMLE-Quote,2019-8-12,0.215978
CSCO,76076,QMLE-Quote,2019-8-13,0.25857
CSCO,76076,QMLE-Quote,2019-8-14,0.279046
CSCO,76076,QMLE-Quote,2019-8-15,0.439972
CSCO,76076,QMLE-Quote,2019-8-16,0.346094
CSCO,76076,QMLE-Quote,2019-8-19,0.184634
CSCO,76076,QMLE-Quote,2019-8-20,0.194813
CSCO,76076,QMLE-Quote,2019-8-21,0.187372
CSCO,76076,QMLE-Quote,2019-8-22,0.187402
CSCO,76076,QMLE-Quote,2019-8-23,0.308838
CSCO,76076,QMLE-Quote,2019-8-26,0.202144
CSCO,76076,QMLE-Quote,2019-8-27,0.17624
CSCO,76076,QMLE-Quote,2019-8-28,0.184926
CSCO,76076,QMLE-Quote,2019-8-29,0.176197
CSCO,76076,QMLE-Quote,2019-8-30,0.180969
CSCO,76076,QMLE-Quote,2019-9-3,0.195395
CSCO,76076,QMLE-Quote,2019-9-4,0.11614
CSCO,76076,QMLE-Quote,2019-9-5,0.176837
CSCO,76076,QMLE-Quote,2019-9-6,0.159044
CSCO,76076,QMLE-Quote,2019-9-9,0.154053
CSCO,76076,QMLE-Quote,2019-9-10,0.170629
CSCO,76076,QMLE-Quote,2019-9-11,0.187358
CSCO,76076,QMLE-Quote,2019-9-12,0.252584
CSCO,76076,QMLE-Quote,2019-9-13,0.168368
CSCO,76076,QMLE-Quote,2019-9-16,0.157938
CSCO,76076,QMLE-Quote,2019-9-17,0.161318
CSCO,76076,QMLE-Quote,2019-9-18,0.199428
CSCO,76076,QMLE-Quote,2019-9-19,0.144893
CSCO,76076,QMLE-Quote,2019-9-20,0.239578
CSCO,76076,QMLE-Quote,2019-9-23,0.176123
CSCO,76076,QMLE-Quote,2019-9-24,0.241164
CSCO,76076,QMLE-Quote,2019-9-25,0.191146
CSCO,76076,QMLE-Quote,2019-9-26,0.213065
CSCO,76076,QMLE-Quote,2019-9-27,0.230159
CSCO,76076,QMLE-Quote,2019-9-30,0.146435
CSCO,76076,QMLE-Quote,2019-10-1,0.227464
CSCO,76076,QMLE-Quote,2019-10-2,0.24209
CSCO,76076,QMLE-Quote,2019-10-3,0.277399
CSCO,76076,QMLE-Quote,2019-10-4,0.196782
CSCO,76076,QMLE-Quote,2019-10-7,0.167473
CSCO,76076,QMLE-Quote,2019-10-8,0.264639
CSCO,76076,QMLE-Quote,2019-10-9,0.208318
CSCO,76076,QMLE-Quote,2019-10-10,0.221274
CSCO,76076,QMLE-Quote,2019-10-11,0.230181
CSCO,76076,QMLE-Quote,2019-10-14,0.129971
CSCO,76076,QMLE-Quote,2019-10-15,0.146786
CSCO,76076,QMLE-Quote,2019-10-16,0.146851
CSCO,76076,QMLE-Quote,2019-10-17,0.165022
CSCO,76076,QMLE-Quote,2019-10-18,0.137676
CSCO,76076,QMLE-Quote,2019-10-21,0.128486
CSCO,76076,QMLE-Quote,2019-10-22,0.147823
CSCO,76076,QMLE-Quote,2019-10-23,0.1693
CSCO,76076,QMLE-Quote,2019-10-24,0.181533
CSCO,76076,QMLE-Quote,2019-10-25,0.147826
CSCO,76076,QMLE-Quote,2019-10-28,0.134022
CSCO,76076,QMLE-Quote,2019-10-29,0.113325
CSCO,76076,QMLE-Quote,2019-10-30,0.146182
CSCO,76076,QMLE-Quote,2019-10-31,0.151026
CSCO,76076,QMLE-Quote,2019-11-1,0.195526
CSCO,76076,QMLE-Quote,2019-11-4,0.135588
CSCO,76076,QMLE-Quote,2019-11-5,0.148984
CSCO,76076,QMLE-Quote,2019-11-6,0.173595
CSCO,76076,QMLE-Quote,2019-11-7,0.185702
CSCO,76076,QMLE-Quote,2019-11-8,0.142691
CSCO,76076,QMLE-Quote,2019-11-11,0.195842
CSCO,76076,QMLE-Quote,2019-11-12,0.173941
CSCO,76076,QMLE-Quote,2019-11-13,0.173424
CSCO,76076,QMLE-Quote,2019-11-14,0.354013
CSCO,76076,QMLE-Quote,2019-11-15,0.196676
CSCO,76076,QMLE-Quote,2019-11-18,0.123466
CSCO,76076,QMLE-Quote,2019-11-19,0.113274
CSCO,76076,QMLE-Quote,2019-11-20,0.184425
CSCO,76076,QMLE-Quote,2019-11-21,0.157574
CSCO,76076,QMLE-Quote,2019-11-22,0.133473
CSCO,76076,QMLE-Quote,2019-11-25,0.0938694
CSCO,76076,QMLE-Quote,2019-11-26,0.129223
CSCO,76076,QMLE-Quote,2019-11-27,0.149712
CSCO,76076,QMLE-Quote,2019-11-29,0.10334
CSCO,76076,QMLE-Quote,2019-12-2,0.149353
CSCO,76076,QMLE-Quote,2019-12-3,0.167493
CSCO,76076,QMLE-Quote,2019-12-4,0.125602
CSCO,76076,QMLE-Quote,2019-12-5,0.155406
CSCO,76076,QMLE-Quote,2019-12-6,0.101278
CSCO,76076,QMLE-Quote,2019-12-9,0.115749
CSCO,76076,QMLE-Quote,2019-12-10,0.117729
CSCO,76076,QMLE-Quote,2019-12-11,0.0885634
CSCO,76076,QMLE-Quote,2019-12-12,0.19589
CSCO,76076,QMLE-Quote,2019-12-13,0.177599
CSCO,76076,QMLE-Quote,2019-12-16,0.146057
CSCO,76076,QMLE-Quote,2019-12-17,0.108304
CSCO,76076,QMLE-Quote,2019-12-18,0.113993
CSCO,76076,QMLE-Quote,2019-12-19,0.13443
CSCO,76076,QMLE-Quote,2019-12-20,0.119726
CSCO,76076,QMLE-Quote,2019-12-23,0.136266
CSCO,76076,QMLE-Quote,2019-12-24,0.0885638
CSCO,76076,QMLE-Quote,2019-12-26,0.100545
CSCO,76076,QMLE-Quote,2019-12-27,0.0947077
CSCO,76076,QMLE-Quote,2019-12-30,0.113942
CSCO,76076,QMLE-Quote,2019-12-31,0.0967673
CSCO,76076,QMLE-Quote,2020-1-2,0.116254
CSCO,76076,QMLE-Quote,2020-1-3,0.164334
CSCO,76076,QMLE-Quote,2020-1-6,0.13169
CSCO,76076,QMLE-Quote,2020-1-7,0.134583
CSCO,76076,QMLE-Quote,2020-1-8,0.200029
CSCO,76076,QMLE-Quote,2020-1-9,0.119917
CSCO,76076,QMLE-Quote,2020-1-10,0.109554
CSCO,76076,QMLE-Quote,2020-1-13,0.137403
CSCO,76076,QMLE-Quote,2020-1-14,0.141755
CSCO,76076,QMLE-Quote,2020-1-15,0.155309
CSCO,76076,QMLE-Quote,2020-1-16,0.133574
CSCO,76076,QMLE-Quote,2020-1-17,0.143224
CSCO,76076,QMLE-Quote,2020-1-21,0.137588
CSCO,76076,QMLE-Quote,2020-1-22,0.109865
CSCO,76076,QMLE-Quote,2020-1-23,0.146715
CSCO,76076,QMLE-Quote,2020-1-24,0.172475
CSCO,76076,QMLE-Quote,2020-1-27,0.16794
CSCO,76076,QMLE-Quote,2020-1-28,0.152085
CSCO,76076,QMLE-Quote,2020-1-29,0.144053
CSCO,76076,QMLE-Quote,2020-1-30,0.215217
CSCO,76076,QMLE-Quote,2020-1-31,0.221241
CSCO,76076,QMLE-Quote,2020-2-3,0.184967
CSCO,76076,QMLE-Quote,2020-2-4,0.124904
CSCO,76076,QMLE-Quote,2020-2-5,0.162535
CSCO,76076,QMLE-Quote,2020-2-6,0.121493
CSCO,76076,QMLE-Quote,2020-2-7,0.145068
CSCO,76076,QMLE-Quote,2020-2-10,0.136268
CSCO,76076,QMLE-Quote,2020-2-11,0.175353
CSCO,76076,QMLE-Quote,2020-2-12,0.17662
CSCO,76076,QMLE-Quote,2020-2-13,0.314999
CSCO,76076,QMLE-Quote,2020-2-14,0.166575
CSCO,76076,QMLE-Quote,2020-2-18,0.135623
CSCO,76076,QMLE-Quote,2020-2-19,0.147702
CSCO,76076,QMLE-Quote,2020-2-20,0.19556
CSCO,76076,QMLE-Quote,2020-2-21,0.205733
CSCO,76076,QMLE-Quote,2020-2-24,0.286961
CSCO,76076,QMLE-Quote,2020-2-25,0.324936
CSCO,76076,QMLE-Quote,2020-2-26,0.343095
CSCO,76076,QMLE-Quote,2020-2-27,0.460276
CSCO,76076,QMLE-Quote,2020-2-28,0.706606
CSCO,76076,QMLE-Quote,2020-3-2,0.449286
CSCO,76076,QMLE-Quote,2020-3-3,0.680036
CSCO,76076,QMLE-Quote,2020-3-4,0.351339
CSCO,76076,QMLE-Quote,2020-3-5,0.37569
CSCO,76076,QMLE-Quote,2020-3-6,0.490716
CSCO,76076,QMLE-Quote,2020-3-9,0.732446
CSCO,76076,QMLE-Quote,2020-3-10,0.626039
CSCO,76076,QMLE-Quote,2020-3-11,0.55122
CSCO,76076,QMLE-Quote,2020-3-12,1.09417
CSCO,76076,QMLE-Quote,2020-3-13,0.921071
CSCO,76076,QMLE-Quote,2020-3-16,1.1026
CSCO,76076,QMLE-Quote,2020-3-17,1.11581
CSCO,76076,QMLE-Quote,2020-3-18,1.28171
CSCO,76076,QMLE-Quote,2020-3-19,1.23437
CSCO,76076,QMLE-Quote,2020-3-20,0.912907
CSCO,76076,QMLE-Quote,2020-3-23,1.13342
CSCO,76076,QMLE-Quote,2020-3-24,0.701599
CSCO,76076,QMLE-Quote,2020-3-25,0.743286
CSCO,76076,QMLE-Quote,2020-3-26,0.710111
CSCO,76076,QMLE-Quote,2020-3-27,0.588556
CSCO,76076,QMLE-Quote,2020-3-30,0.424862
CSCO,76076,QMLE-Quote,2020-3-31,0.365036
CSCO,76076,QMLE-Quote,2020-4-1,0.426605
CSCO,76076,QMLE-Quote,2020-4-2,0.536503
CSCO,76076,QMLE-Quote,2020-4-3,0.435335
CSCO,76076,QMLE-Quote,2020-4-6,0.343325
CSCO,76076,QMLE-Quote,2020-4-7,0.457037
CSCO,76076,QMLE-Quote,2020-4-8,0.356844
CSCO,76076,QMLE-Quote,2020-4-9,0.422826
CSCO,76076,QMLE-Quote,2020-4-13,0.304553
CSCO,76076,QMLE-Quote,2020-4-14,0.261369
CSCO,76076,QMLE-Quote,2020-4-15,0.281867
CSCO,76076,QMLE-Quote,2020-4-16,0.340743
CSCO,76076,QMLE-Quote,2020-4-17,0.280236
CSCO,76076,QMLE-Quote,2020-4-20,0.274744
CSCO,76076,QMLE-Quote,2020-4-21,0.338404
CSCO,76076,QMLE-Quote,2020-4-22,0.246953
CSCO,76076,QMLE-Quote,2020-4-23,0.324008
CSCO,76076,QMLE-Quote,2020-4-24,0.203444
CSCO,76076,QMLE-Quote,2020-4-27,0.179159
CSCO,76076,QMLE-Quote,2020-4-28,0.231931
CSCO,76076,QMLE-Quote,2020-4-29,0.234248
CSCO,76076,QMLE-Quote,2020-4-30,0.248198
CSCO,76076,QMLE-Quote,2020-5-1,0.236778
CSCO,76076,QMLE-Quote,2020-5-4,0.225233
CSCO,76076,QMLE-Quote,2020-5-5,0.195813
CSCO,76076,QMLE-Quote,2020-5-6,0.23475
CSCO,76076,QMLE-Quote,2020-5-7,0.218301
CSCO,76076,QMLE-Quote,2020-5-8,0.203717
CSCO,76076,QMLE-Quote,2020-5-11,0.228344
CSCO,76076,QMLE-Quote,2020-5-12,0.252951
CSCO,76076,QMLE-Quote,2020-5-13,0.352289
CSCO,76076,QMLE-Quote,2020-5-14,0.455988
CSCO,76076,QMLE-Quote,2020-5-15,0.331113
CSCO,76076,QMLE-Quote,2020-5-18,0.238615
CSCO,76076,QMLE-Quote,2020-5-19,0.244517
CSCO,76076,QMLE-Quote,2020-5-20,0.186686
CSCO,76076,QMLE-Quote,2020-5-21,0.211397
CSCO,76076,QMLE-Quote,2020-5-22,0.178545
CSCO,76076,QMLE-Quote,2020-5-26,0.183264
CSCO,76076,QMLE-Quote,2020-5-27,0.237249
CSCO,76076,QMLE-Quote,2020-5-28,0.230178
CSCO,76076,QMLE-Quote,2020-5-29,0.369553
CSCO,76076,QMLE-Quote,2020-6-1,0.215119
CSCO,76076,QMLE-Quote,2020-6-2,0.207104
CSCO,76076,QMLE-Quote,2020-6-3,0.188817
CSCO,76076,QMLE-Quote,2020-6-4,0.184166
CSCO,76076,QMLE-Quote,2020-6-5,0.215139
CSCO,76076,QMLE-Quote,2020-6-8,0.188665
CSCO,76076,QMLE-Quote,2020-6-9,0.196693
CSCO,76076,QMLE-Quote,2020-6-10,0.252615
CSCO,76076,QMLE-Quote,2020-6-11,0.370571
CSCO,76076,QMLE-Quote,2020-6-12,0.43545
CSCO,76076,QMLE-Quote,2020-6-15,0.323812
CSCO,76076,QMLE-Quote,2020-6-16,0.373753
CSCO,76076,QMLE-Quote,2020-6-17,0.231919
CSCO,76076,QMLE-Quote,2020-6-18,0.22166
CSCO,76076,QMLE-Quote,2020-6-19,0.281526
CSCO,76076,QMLE-Quote,2020-6-22,0.178535
CSCO,76076,QMLE-Quote,2020-6-23,0.202558
CSCO,76076,QMLE-Quote,2020-6-24,0.252539
CSCO,76076,QMLE-Quote,2020-6-25,0.229471
CSCO,76076,QMLE-Quote,2020-6-26,0.361596
CSCO,76076,QMLE-Quote,2020-6-29,0.233025
CSCO,76076,QMLE-Quote,2020-6-30,0.226104
CSCO,76076,QMLE-Quote,2020-7-1,0.209769
CSCO,76076,QMLE-Quote,2020-7-2,0.177143
CSCO,76076,QMLE-Quote,2020-7-6,0.164814
CSCO,76076,QMLE-Quote,2020-7-7,0.155437
CSCO,76076,QMLE-Quote,2020-7-8,0.168117
CSCO,76076,QMLE-Quote,2020-7-9,0.259385
CSCO,76076,QMLE-Quote,2020-7-10,0.170533
CSCO,76076,QMLE-Quote,2020-7-13,0.191428
CSCO,76076,QMLE-Quote,2020-7-14,0.294176
CSCO,76076,QMLE-Quote,2020-7-15,0.217327
CSCO,76076,QMLE-Quote,2020-7-16,0.202261
CSCO,76076,QMLE-Quote,2020-7-17,0.155124
CSCO,76076,QMLE-Quote,2020-7-20,0.149432
CSCO,76076,QMLE-Quote,2020-7-21,0.175598
CSCO,76076,QMLE-Quote,2020-7-22,0.158974
CSCO,76076,QMLE-Quote,2020-7-23,0.232562
CSCO,76076,QMLE-Quote,2020-7-24,0.218666
CSCO,76076,QMLE-Quote,2020-7-27,0.170873
CSCO,76076,QMLE-Quote,2020-7-28,0.182459
CSCO,76076,QMLE-Quote,2020-7-29,0.141256
CSCO,76076,QMLE-Quote,2020-7-30,0.205031
CSCO,76076,QMLE-Quote,2020-7-31,0.237554
CSCO,76076,QMLE-Quote,2020-8-3,0.182734
CSCO,76076,QMLE-Quote,2020-8-4,0.169141
CSCO,76076,QMLE-Quote,2020-8-5,0.194107
CSCO,76076,QMLE-Quote,2020-8-6,0.162552
CSCO,76076,QMLE-Quote,2020-8-7,0.174163
CSCO,76076,QMLE-Quote,2020-8-10,0.181246
CSCO,76076,QMLE-Quote,2020-8-11,0.204839
CSCO,76076,QMLE-Quote,2020-8-12,0.168582
CSCO,76076,QMLE-Quote,2020-8-13,0.372735
CSCO,76076,QMLE-Quote,2020-8-14,0.246352
CSCO,76076,QMLE-Quote,2020-8-17,0.149118
CSCO,76076,QMLE-Quote,2020-8-18,0.156524
CSCO,76076,QMLE-Quote,2020-8-19,0.143384
CSCO,76076,QMLE-Quote,2020-8-20,0.170229
CSCO,76076,QMLE-Quote,2020-8-21,0.134253
CSCO,76076,QMLE-Quote,2020-8-24,0.122641
CSCO,76076,QMLE-Quote,2020-8-25,0.130696
CSCO,76076,QMLE-Quote,2020-8-26,0.162514
CSCO,76076,QMLE-Quote,2020-8-27,0.165901
CSCO,76076,QMLE-Quote,2020-8-28,0.110051
CSCO,76076,QMLE-Quote,2020-8-31,0.161002
CSCO,76076,QMLE-Quote,2020-9-1,0.156883
CSCO,76076,QMLE-Quote,2020-9-2,0.209195
CSCO,76076,QMLE-Quote,2020-9-3,0.302694
CSCO,76076,QMLE-Quote,2020-9-4,0.271446
CSCO,76076,QMLE-Quote,2020-9-8,0.248534
CSCO,76076,QMLE-Quote,2020-9-9,0.192533
CSCO,76076,QMLE-Quote,2020-9-10,0.24414
CSCO,76076,QMLE-Quote,2020-9-11,0.221667
CSCO,76076,QMLE-Quote,2020-9-14,0.186371
CSCO,76076,QMLE-Quote,2020-9-15,0.146616
CSCO,76076,QMLE-Quote,2020-9-16,0.182828
CSCO,76076,QMLE-Quote,2020-9-17,0.266334
CSCO,76076,QMLE-Quote,2020-9-18,0.237115
CSCO,76076,QMLE-Quote,2020-9-21,0.269028
CSCO,76076,QMLE-Quote,2020-9-22,0.183507
CSCO,76076,QMLE-Quote,2020-9-23,0.204567
CSCO,76076,QMLE-Quote,2020-9-24,0.253233
CSCO,76076,QMLE-Quote,2020-9-25,0.201828
CSCO,76076,QMLE-Quote,2020-9-28,0.191049
CSCO,76076,QMLE-Quote,2020-9-29,0.174806
CSCO,76076,QMLE-Quote,2020-9-30,0.207163
CSCO,76076,QMLE-Quote,2020-10-1,0.20805
CSCO,76076,QMLE-Quote,2020-10-2,0.214771
CSCO,76076,QMLE-Quote,2020-10-5,0.153123
CSCO,76076,QMLE-Quote,2020-10-6,0.24032
CSCO,76076,QMLE-Quote,2020-10-7,0.140913
CSCO,76076,QMLE-Quote,2020-10-8,0.159017
CSCO,76076,QMLE-Quote,2020-10-9,0.14949
CSCO,76076,QMLE-Quote,2020-10-12,0.169144
CSCO,76076,QMLE-Quote,2020-10-13,0.187109
CSCO,76076,QMLE-Quote,2020-10-14,0.163262
CSCO,76076,QMLE-Quote,2020-10-15,0.169423
CSCO,76076,QMLE-Quote,2020-10-16,0.18124
CSCO,76076,QMLE-Quote,2020-10-19,0.190979
CSCO,76076,QMLE-Quote,2020-10-20,0.213815
CSCO,76076,QMLE-Quote,2020-10-21,0.202765
CSCO,76076,QMLE-Quote,2020-10-22,0.184068
CSCO,76076,QMLE-Quote,2020-10-23,0.150632
CSCO,76076,QMLE-Quote,2020-10-26,0.190856
CSCO,76076,QMLE-Quote,2020-10-27,0.278732
CSCO,76076,QMLE-Quote,2020-10-28,0.215413
CSCO,76076,QMLE-Quote,2020-10-29,0.237821
CSCO,76076,QMLE-Quote,2020-10-30,0.280815
CSCO,76076,QMLE-Quote,2020-11-2,0.238569
CSCO,76076,QMLE-Quote,2020-11-3,0.227463
CSCO,76076,QMLE-Quote,2020-11-4,0.247144
CSCO,76076,QMLE-Quote,2020-11-5,0.193869
CSCO,76076,QMLE-Quote,2020-11-6,0.197526
CSCO,76076,QMLE-Quote,2020-11-9,0.324252
CSCO,76076,QMLE-Quote,2020-11-10,0.285565
CSCO,76076,QMLE-Quote,2020-11-11,0.22037
CSCO,76076,QMLE-Quote,2020-11-12,0.253574
CSCO,76076,QMLE-Quote,2020-11-13,0.39206
CSCO,76076,QMLE-Quote,2020-11-16,0.202419
CSCO,76076,QMLE-Quote,2020-11-17,0.178775
CSCO,76076,QMLE-Quote,2020-11-18,0.171279
CSCO,76076,QMLE-Quote,2020-11-19,0.188189
CSCO,76076,QMLE-Quote,2020-11-20,0.164809
CSCO,76076,QMLE-Quote,2020-11-23,0.179878
CSCO,76076,QMLE-Quote,2020-11-24,0.164139
CSCO,76076,QMLE-Quote,2020-11-25,0.167692
CSCO,76076,QMLE-Quote,2020-11-27,0.123879
CSCO,76076,QMLE-Quote,2020-11-30,0.188131
CSCO,76076,QMLE-Quote,2020-12-1,0.187917
CSCO,76076,QMLE-Quote,2020-12-2,0.114955
CSCO,76076,QMLE-Quote,2020-12-3,0.150983
CSCO,76076,QMLE-Quote,2020-12-4,0.135784
CSCO,76076,QMLE-Quote,2020-12-7,0.126478
CSCO,76076,QMLE-Quote,2020-12-8,0.119611
CSCO,76076,QMLE-Quote,2020-12-9,0.138205
CSCO,76076,QMLE-Quote,2020-12-10,0.16446
CSCO,76076,QMLE-Quote,2020-12-11,0.150429
CSCO,76076,QMLE-Quote,2020-12-14,0.162235
CSCO,76076,QMLE-Quote,2020-12-15,0.161378
CSCO,76076,QMLE-Quote,2020-12-17,0.111933
CSCO,76076,QMLE-Quote,2020-12-18,0.170496
CSCO,76076,QMLE-Quote,2020-12-21,0.216007
CSCO,76076,QMLE-Quote,2020-12-22,0.154514
CSCO,76076,QMLE-Quote,2020-12-23,0.125663
CSCO,76076,QMLE-Quote,2020-12-24,0.113752
CSCO,76076,QMLE-Quote,2020-12-28,0.139068
CSCO,76076,QMLE-Quote,2020-12-29,0.134162
CSCO,76076,QMLE-Quote,2020-12-30,0.105758
CSCO,76076,QMLE-Quote,2020-12-31,0.113743
CSCO,76076,QMLE-Quote,2021-1-4,0.201486
CSCO,76076,QMLE-Quote,2021-1-5,0.17109
CSCO,76076,QMLE-Quote,2021-1-6,0.236493
CSCO,76076,QMLE-Quote,2021-1-7,0.188109
CSCO,76076,QMLE-Quote,2021-1-8,0.222068
CSCO,76076,QMLE-Quote,2021-1-11,0.173908
CSCO,76076,QMLE-Quote,2021-1-12,0.174771
CSCO,76076,QMLE-Quote,2021-1-13,0.166828
CSCO,76076,QMLE-Quote,2021-1-14,0.226912
CSCO,76076,QMLE-Quote,2021-1-15,0.190458
CSCO,76076,QMLE-Quote,2021-1-19,0.200199
CSCO,76076,QMLE-Quote,2021-1-20,0.155161
CSCO,76076,QMLE-Quote,2021-1-21,0.17381
CSCO,76076,QMLE-Quote,2021-1-22,0.163499
CSCO,76076,QMLE-Quote,2021-1-25,0.172804
CSCO,76076,QMLE-Quote,2021-1-26,0.137075
CSCO,76076,QMLE-Quote,2021-1-28,0.250659
CSCO,76076,QMLE-Quote,2021-1-29,0.264682
CSCO,76076,QMLE-Quote,2021-2-1,0.200126
CSCO,76076,QMLE-Quote,2021-2-2,0.174226
CSCO,76076,QMLE-Quote,2021-2-3,0.149242
CSCO,76076,QMLE-Quote,2021-2-4,0.191642
CSCO,76076,QMLE-Quote,2021-2-5,0.186356
CSCO,76076,QMLE-Quote,2021-2-8,0.194735
CSCO,76076,QMLE-Quote,2021-2-9,0.146979
CSCO,76076,QMLE-Quote,2021-2-10,0.338198
CSCO,76076,QMLE-Quote,2021-2-11,0.192039
CSCO,76076,QMLE-Quote,2021-2-12,0.139353
CSCO,76076,QMLE-Quote,2021-2-16,0.173345
CSCO,76076,QMLE-Quote,2021-2-17,0.162507
CSCO,76076,QMLE-Quote,2021-2-18,0.199476
CSCO,76076,QMLE-Quote,2021-2-19,0.176807
CSCO,76076,QMLE-Quote,2021-2-22,0.188776
CSCO,76076,QMLE-Quote,2021-2-23,0.23773
CSCO,76076,QMLE-Quote,2021-2-24,0.196033
CSCO,76076,QMLE-Quote,2021-2-25,0.266158
CSCO,76076,QMLE-Quote,2021-2-26,0.253775
CSCO,76076,QMLE-Quote,2021-3-1,0.176607
CSCO,76076,QMLE-Quote,2021-3-2,0.16137
CSCO,76076,QMLE-Quote,2021-3-3,0.200629
CSCO,76076,QMLE-Quote,2021-3-4,0.270069
CSCO,76076,QMLE-Quote,2021-3-5,0.312865
CSCO,76076,QMLE-Quote,2021-3-8,0.263335
CSCO,76076,QMLE-Quote,2021-3-9,0.215179
CSCO,76076,QMLE-Quote,2021-3-10,0.209374
CSCO,76076,QMLE-Quote,2021-3-11,0.165582
CSCO,76076,QMLE-Quote,2021-3-12,0.154906
CSCO,76076,QMLE-Quote,2021-3-15,0.138296
CSCO,76076,QMLE-Quote,2021-3-16,0.137816
CSCO,76076,QMLE-Quote,2021-3-17,0.203387
CSCO,76076,QMLE-Quote,2021-3-18,0.197639
CSCO,76076,QMLE-Quote,2021-3-19,0.196401
CSCO,76076,QMLE-Quote,2021-3-22,0.169142
CSCO,76076,QMLE-Quote,2021-3-24,0.16411
CSCO,76076,QMLE-Quote,2021-3-25,0.222351
CSCO,76076,QMLE-Quote,2021-3-26,0.197327
CSCO,76076,QMLE-Quote,2021-3-29,0.205181
CSCO,76076,QMLE-Quote,2021-3-30,0.185517
CSCO,76076,QMLE-Quote,2021-3-31,0.155739
CSCO,76076,QMLE-Quote,2021-4-1,0.14473
CSCO,76076,QMLE-Quote,2021-4-5,0.175976
CSCO,76076,QMLE-Quote,2021-4-6,0.142379
CSCO,76076,QMLE-Quote,2021-4-7,0.10514
CSCO,76076,QMLE-Quote,2021-4-9,0.119017
CSCO,76076,QMLE-Quote,2021-4-12,0.120989
CSCO,76076,QMLE-Quote,2021-4-13,0.124177
CSCO,76076,QMLE-Quote,2021-4-14,0.122898
CSCO,76076,QMLE-Quote,2021-4-15,0.145117
CSCO,76076,QMLE-Quote,2021-4-16,0.156696
CSCO,76076,QMLE-Quote,2021-4-19,0.178054
CSCO,76076,QMLE-Quote,2021-4-20,0.168893
CSCO,76076,QMLE-Quote,2021-4-21,0.133489
CSCO,76076,QMLE-Quote,2021-4-22,0.137989
CSCO,76076,QMLE-Quote,2021-4-23,0.121053
CSCO,76076,QMLE-Quote,2021-4-26,0.109002
CSCO,76076,QMLE-Quote,2021-4-27,0.112209
CSCO,76076,QMLE-Quote,2021-4-28,0.148039
CSCO,76076,QMLE-Quote,2021-4-29,0.143143
CSCO,76076,QMLE-Quote,2021-4-30,0.125407
CSCO,76076,QMLE-Quote,2021-5-3,0.129051
CSCO,76076,QMLE-Quote,2021-5-4,0.164123
CSCO,76076,QMLE-Quote,2021-5-5,0.126344
CSCO,76076,QMLE-Quote,2021-5-6,0.189578
CSCO,76076,QMLE-Quote,2021-5-7,0.181269
CSCO,76076,QMLE-Quote,2021-5-10,0.155147
CSCO,76076,QMLE-Quote,2021-5-11,0.20094
CSCO,76076,QMLE-Quote,2021-5-13,0.152471
CSCO,76076,QMLE-Quote,2021-5-14,0.138156
CSCO,76076,QMLE-Quote,2021-5-17,0.152805
CSCO,76076,QMLE-Quote,2021-5-18,0.156806
CSCO,76076,QMLE-Quote,2021-5-19,0.232354
CSCO,76076,QMLE-Quote,2021-5-20,0.384062
CSCO,76076,QMLE-Quote,2021-5-21,0.183565
CSCO,76076,QMLE-Quote,2021-5-24,0.151639
CSCO,76076,QMLE-Quote,2021-5-25,0.128759
CSCO,76076,QMLE-Quote,2021-5-26,0.130488
CSCO,76076,QMLE-Quote,2021-5-27,0.147966
CSCO,76076,QMLE-Quote,2021-5-28,0.114166
CSCO,76076,QMLE-Quote,2021-6-1,0.123382
CSCO,76076,QMLE-Quote,2021-6-2,0.120798
CSCO,76076,QMLE-Quote,2021-6-3,0.127586
CSCO,76076,QMLE-Quote,2021-6-4,0.106726
CSCO,76076,QMLE-Quote,2021-6-7,0.109335
CSCO,76076,QMLE-Quote,2021-6-8,0.119689
CSCO,76076,QMLE-Quote,2021-6-9,0.0899691
CSCO,76076,QMLE-Quote,2021-6-10,0.12415
CSCO,76076,QMLE-Quote,2021-6-11,0.119898
CSCO,76076,QMLE-Quote,2021-6-14,0.128675
CSCO,76076,QMLE-Quote,2021-6-15,0.101408
CSCO,76076,QMLE-Quote,2021-6-16,0.171802
CSCO,76076,QMLE-Quote,2021-6-17,0.160829
CSCO,76076,QMLE-Quote,2021-6-18,0.186983
CSCO,76076,QMLE-Quote,2021-6-21,0.135481
CSCO,76076,QMLE-Quote,2021-6-22,0.10732
CSCO,76076,QMLE-Quote,2021-6-23,0.112326
CSCO,76076,QMLE-Quote,2021-6-24,0.104344
CSCO,76076,QMLE-Quote,2021-6-25,0.110463
CSCO,76076,QMLE-Quote,2021-6-28,0.0857207
CSCO,76076,QMLE-Quote,2021-6-29,0.0914087
CSCO,76076,QMLE-Quote,2021-6-30,0.108191
CSCO,76076,QMLE-Quote,2021-7-1,0.117674
CSCO,76076,QMLE-Quote,2021-7-2,0.106937
CSCO,76076,QMLE-Quote,2021-7-6,0.117758
CSCO,76076,QMLE-Quote,2021-7-7,0.115462
CSCO,76076,QMLE-Quote,2021-7-8,0.180734
CSCO,76076,QMLE-Quote,2021-7-9,0.114946
CSCO,76076,QMLE-Quote,2021-7-12,0.124455
CSCO,76076,QMLE-Quote,2021-7-13,0.123429
CSCO,76076,QMLE-Quote,2021-7-14,0.119106
CSCO,76076,QMLE-Quote,2021-7-15,0.133704
CSCO,76076,QMLE-Quote,2021-7-16,0.140827
CSCO,76076,QMLE-Quote,2021-7-19,0.197467
CSCO,76076,QMLE-Quote,2021-7-20,0.127045
CSCO,76076,QMLE-Quote,2021-7-21,0.124795
CSCO,76076,QMLE-Quote,2021-7-22,0.0953234
CSCO,76076,QMLE-Quote,2021-7-23,0.100964
CSCO,76076,QMLE-Quote,2021-7-26,0.120349
CSCO,76076,QMLE-Quote,2021-7-27,0.167072
CSCO,76076,QMLE-Quote,2021-7-28,0.153064
CSCO,76076,QMLE-Quote,2021-7-29,0.136037
CSCO,76076,QMLE-Quote,2021-7-30,0.115235
CSCO,76076,QMLE-Quote,2021-8-2,0.128432
CSCO,76076,QMLE-Quote,2021-8-3,0.13548
CSCO,76076,QMLE-Quote,2021-8-4,0.144294
CSCO,76076,QMLE-Quote,2021-8-5,0.114285
CSCO,76076,QMLE-Quote,2021-8-6,0.171206
CSCO,76076,QMLE-Quote,2021-8-9,0.10403
CSCO,76076,QMLE-Quote,2021-8-10,0.105873
CSCO,76076,QMLE-Quote,2021-8-11,0.10866
CSCO,76076,QMLE-Quote,2021-8-12,0.117258
CSCO,76076,QMLE-Quote,2021-8-13,0.0985337
CSCO,76076,QMLE-Quote,2021-8-16,0.0985733
CSCO,76076,QMLE-Quote,2021-8-17,0.123236
CSCO,76076,QMLE-Quote,2021-8-18,0.158446
CSCO,76076,QMLE-Quote,2021-8-19,0.360333
CSCO,76076,QMLE-Quote,2021-8-20,0.173442
CSCO,76076,QMLE-Quote,2021-8-23,0.154111
CSCO,76076,QMLE-Quote,2021-8-24,0.13604
CSCO,76076,QMLE-Quote,2021-8-25,0.136953
CSCO,76076,QMLE-Quote,2021-8-26,0.141503
CSCO,76076,QMLE-Quote,2021-8-27,0.103789
CSCO,76076,QMLE-Quote,2021-8-30,0.0942289
CSCO,76076,QMLE-Quote,2021-8-31,0.136333
CSCO,76076,QMLE-Quote,2021-9-1,0.097637
CSCO,76076,QMLE-Quote,2021-9-2,0.124106
CSCO,76076,QMLE-Quote,2021-9-3,0.0899653
CSCO,76076,QMLE-Quote,2021-9-7,0.112465
CSCO,76076,QMLE-Quote,2021-9-8,0.1481
CSCO,76076,QMLE-Quote,2021-9-9,0.1184
CSCO,76076,QMLE-Quote,2021-9-10,0.129937
CSCO,76076,QMLE-Quote,2021-9-13,0.150111
CSCO,76076,QMLE-Quote,2021-9-14,0.126299
CSCO,76076,QMLE-Quote,2021-9-15,0.457231
CSCO,76076,QMLE-Quote,2021-9-16,0.205263
CSCO,76076,QMLE-Quote,2021-9-17,0.18943
CSCO,76076,QMLE-Quote,2021-9-20,0.18689
CSCO,76076,QMLE-Quote,2021-9-21,0.173166
CSCO,76076,QMLE-Quote,2021-9-22,0.181823
CSCO,76076,QMLE-Quote,2021-9-23,0.135517
CSCO,76076,QMLE-Quote,2021-9-24,0.131629
CSCO,76076,QMLE-Quote,2021-9-27,0.129078
CSCO,76076,QMLE-Quote,2021-9-28,0.162636
CSCO,76076,QMLE-Quote,2021-9-29,0.171367
CSCO,76076,QMLE-Quote,2021-9-30,0.16659
CSCO,76076,QMLE-Quote,2021-10-1,0.209506
CSCO,76076,QMLE-Quote,2021-10-4,0.161245
CSCO,76076,QMLE-Quote,2021-10-5,0.136365
CSCO,76076,QMLE-Quote,2021-10-6,0.211493
CSCO,76076,QMLE-Quote,2021-10-7,0.157705
CSCO,76076,QMLE-Quote,2021-10-8,0.140488
CSCO,76076,QMLE-Quote,2021-10-11,0.114514
CSCO,76076,QMLE-Quote,2021-10-12,0.186647
CSCO,76076,QMLE-Quote,2021-10-13,0.155988
CSCO,76076,QMLE-Quote,2021-10-14,0.129092
CSCO,76076,QMLE-Quote,2021-10-15,0.12954
CSCO,76076,QMLE-Quote,2021-10-18,0.118239
CSCO,76076,QMLE-Quote,2021-10-19,0.120166
CSCO,76076,QMLE-Quote,2021-10-20,0.0872585
CSCO,76076,QMLE-Quote,2021-10-21,0.09665
CSCO,76076,QMLE-Quote,2021-10-22,0.12968
CSCO,76076,QMLE-Quote,2021-10-25,0.114317
CSCO,76076,QMLE-Quote,2021-10-26,0.143241
CSCO,76076,QMLE-Quote,2021-10-27,0.178544
CSCO,76076,QMLE-Quote,2021-10-28,0.13379
CSCO,76076,QMLE-Quote,2021-11-1,0.149505
CSCO,76076,QMLE-Quote,2021-11-2,0.229829
CSCO,76076,QMLE-Quote,2021-11-3,0.17418
CSCO,76076,QMLE-Quote,2021-11-4,0.182523
CSCO,76076,QMLE-Quote,2021-11-5,0.165056
CSCO,76076,QMLE-Quote,2021-11-8,0.146458
CSCO,76076,QMLE-Quote,2021-11-9,0.167713
CSCO,76076,QMLE-Quote,2021-11-10,0.222618
CSCO,76076,QMLE-Quote,2021-11-11,0.181497
CSCO,76076,QMLE-Quote,2021-11-12,0.157817
CSCO,76076,QMLE-Quote,2021-11-15,0.18515
CSCO,76076,QMLE-Quote,2021-11-16,0.159708
CSCO,76076,QMLE-Quote,2021-11-17,0.188342
CSCO,76076,QMLE-Quote,2021-11-18,0.440622
CSCO,76076,QMLE-Quote,2021-11-19,0.253504
CSCO,76076,QMLE-Quote,2021-11-22,0.25401
CSCO,76076,QMLE-Quote,2021-11-23,0.263767
CSCO,76076,QMLE-Quote,2021-11-24,0.18214
CSCO,76076,QMLE-Quote,2021-11-26,0.230957
CSCO,76076,QMLE-Quote,2021-11-29,0.198042
CSCO,76076,QMLE-Quote,2021-11-30,0.241359
CSCO,76076,QMLE-Quote,2021-12-1,0.260978
CSCO,76076,QMLE-Quote,2021-12-2,0.230567
CSCO,76076,QMLE-Quote,2021-12-3,0.251663
CSCO,76076,QMLE-Quote,2021-12-6,0.261134
CSCO,76076,QMLE-Quote,2021-12-7,0.209459
CSCO,76076,QMLE-Quote,2021-12-8,0.193773
CSCO,76076,QMLE-Quote,2021-12-9,0.205784
CSCO,76076,QMLE-Quote,2021-12-10,0.222642
CSCO,76076,QMLE-Quote,2021-12-13,0.178884
CSCO,76076,QMLE-Quote,2021-12-14,0.230962
CSCO,76076,QMLE-Quote,2021-12-15,0.221291
CSCO,76076,QMLE-Quote,2021-12-16,0.225181
CSCO,76076,QMLE-Quote,2021-12-17,0.264341
CSCO,76076,QMLE-Quote,2021-12-20,0.212115
CSCO,76076,QMLE-Quote,2021-12-21,0.186015
CSCO,76076,QMLE-Quote,2021-12-22,0.180602
CSCO,76076,QMLE-Quote,2021-12-23,0.17304
CSCO,76076,QMLE-Quote,2021-12-28,0.154694
CSCO,76076,QMLE-Quote,2021-12-29,0.14432
CSCO,76076,QMLE-Quote,2021-12-30,0.116804
CSCO,76076,QMLE-Quote,2021-12-31,0.109731
CSCO,76076,QMLE-Quote,2022-1-3,0.177611
CSCO,76076,QMLE-Quote,2022-1-4,0.199324
CSCO,76076,QMLE-Quote,2022-1-5,0.201333
CSCO,76076,QMLE-Quote,2022-1-6,0.197856
CSCO,76076,QMLE-Quote,2022-1-7,0.168169
CSCO,76076,QMLE-Quote,2022-1-10,0.230577
CSCO,76076,QMLE-Quote,2022-1-11,0.230494
CSCO,76076,QMLE-Quote,2022-1-12,0.156692
CSCO,76076,QMLE-Quote,2022-1-13,0.182902
CSCO,76076,QMLE-Quote,2022-1-14,0.198633
CSCO,76076,QMLE-Quote,2022-1-18,0.216276
CSCO,76076,QMLE-Quote,2022-1-19,0.259528
CSCO,76076,QMLE-Quote,2022-1-20,0.197502
CSCO,76076,QMLE-Quote,2022-1-21,0.261716
CSCO,76076,QMLE-Quote,2022-1-24,0.359311
CSCO,76076,QMLE-Quote,2022-1-25,0.282627
CSCO,76076,QMLE-Quote,2022-1-26,0.395211
CSCO,76076,QMLE-Quote,2022-1-27,0.285155
CSCO,76076,QMLE-Quote,2022-1-28,0.28636
CSCO,76076,QMLE-Quote,2022-1-31,0.211188
CSCO,76076,QMLE-Quote,2022-2-1,0.183466
CSCO,76076,QMLE-Quote,2022-2-2,0.164647
CSCO,76076,QMLE-Quote,2022-2-3,0.191445
CSCO,76076,QMLE-Quote,2022-2-4,0.215388
CSCO,76076,QMLE-Quote,2022-2-7,0.161066
CSCO,76076,QMLE-Quote,2022-2-8,0.157247
CSCO,76076,QMLE-Quote,2022-2-9,0.168763
CSCO,76076,QMLE-Quote,2022-2-10,0.228387
CSCO,76076,QMLE-Quote,2022-2-11,0.233803
CSCO,76076,QMLE-Quote,2022-2-14,0.227714
CSCO,76076,QMLE-Quote,2022-2-15,0.173805
CSCO,76076,QMLE-Quote,2022-2-16,0.212562
CSCO,76076,QMLE-Quote,2022-2-17,0.392672
CSCO,76076,QMLE-Quote,2022-2-18,0.266796
CSCO,76076,QMLE-Quote,2022-2-22,0.241199
CSCO,76076,QMLE-Quote,2022-2-23,0.23379
CSCO,76076,QMLE-Quote,2022-2-24,0.352702
CSCO,76076,QMLE-Quote,2022-2-25,0.243706
CSCO,76076,QMLE-Quote,2022-2-28,0.245458
CSCO,76076,QMLE-Quote,2022-3-1,0.242865
CSCO,76076,QMLE-Quote,2022-3-2,0.223069
CSCO,76076,QMLE-Quote,2022-3-3,0.245824
CSCO,76076,QMLE-Quote,2022-3-4,0.239714
CSCO,76076,QMLE-Quote,2022-3-7,0.256228
CSCO,76076,QMLE-Quote,2022-3-8,0.33863
CSCO,76076,QMLE-Quote,2022-3-9,0.24795
CSCO,76076,QMLE-Quote,2022-3-10,0.265588
CSCO,76076,QMLE-Quote,2022-3-11,0.232147
CSCO,76076,QMLE-Quote,2022-3-14,0.259274
CSCO,76076,QMLE-Quote,2022-3-15,0.259082
CSCO,76076,QMLE-Quote,2022-3-16,0.288154
CSCO,76076,QMLE-Quote,2022-3-17,0.17738
CSCO,76076,QMLE-Quote,2022-3-18,0.232496
CSCO,76076,QMLE-Quote,2022-3-21,0.210949
CSCO,76076,QMLE-Quote,2022-3-22,0.178669
CSCO,76076,QMLE-Quote,2022-3-23,0.164077
CSCO,76076,QMLE-Quote,2022-3-24,0.200304
CSCO,76076,QMLE-Quote,2022-3-25,0.171586
CSCO,76076,QMLE-Quote,2022-3-28,0.178231
CSCO,76076,QMLE-Quote,2022-3-29,0.205373
CSCO,76076,QMLE-Quote,2022-3-30,0.189741
CSCO,76076,QMLE-Quote,2022-3-31,0.177487
CSCO,76076,QMLE-Quote,2022-4-1,0.196783
CSCO,76076,QMLE-Quote,2022-4-4,0.172284
CSCO,76076,QMLE-Quote,2022-4-5,0.175034
CSCO,76076,QMLE-Quote,2022-4-6,0.214189
CSCO,76076,QMLE-Quote,2022-4-7,0.199925
CSCO,76076,QMLE-Quote,2022-4-8,0.186173
CSCO,76076,QMLE-Quote,2022-4-11,0.187681
CSCO,76076,QMLE-Quote,2022-4-12,0.255594
CSCO,76076,QMLE-Quote,2022-4-13,0.184909
CSCO,76076,QMLE-Quote,2022-4-14,0.178309
CSCO,76076,QMLE-Quote,2022-4-18,0.193271
CSCO,76076,QMLE-Quote,2022-4-19,0.195573
CSCO,76076,QMLE-Quote,2022-4-20,0.200158
CSCO,76076,QMLE-Quote,2022-4-21,0.212535
CSCO,76076,QMLE-Quote,2022-4-22,0.228504
CSCO,76076,QMLE-Quote,2022-4-25,0.298006
CSCO,76076,QMLE-Quote,2022-4-26,0.237031
CSCO,76076,QMLE-Quote,2022-4-27,0.345614
CSCO,76076,QMLE-Quote,2022-4-28,0.258293
CSCO,76076,QMLE-Quote,2022-4-29,0.239248
CSCO,76076,QMLE-Quote,2022-5-2,0.336598
CSCO,76076,QMLE-Quote,2022-5-3,0.267961
CSCO,76076,QMLE-Quote,2022-5-4,0.307438
CSCO,76076,QMLE-Quote,2022-5-5,0.33615
CSCO,76076,QMLE-Quote,2022-5-6,0.343035
CSCO,76076,QMLE-Quote,2022-5-9,0.290103
CSCO,76076,QMLE-Quote,2022-5-10,0.308079
CSCO,76076,QMLE-Quote,2022-5-11,0.320305
CSCO,76076,QMLE-Quote,2022-5-12,0.319099
CSCO,76076,QMLE-Quote,2022-5-13,0.240406
CSCO,76076,QMLE-Quote,2022-5-16,0.217116
CSCO,76076,QMLE-Quote,2022-5-18,0.283586
CSCO,76076,QMLE-Quote,2022-5-19,0.694843
CSCO,76076,QMLE-Quote,2022-5-20,0.468317
CSCO,76076,QMLE-Quote,2022-5-23,0.341334
CSCO,76076,QMLE-Quote,2022-5-24,0.342687
CSCO,76076,QMLE-Quote,2022-5-25,0.32193
CSCO,76076,QMLE-Quote,2022-5-26,0.282425
CSCO,76076,QMLE-Quote,2022-5-27,0.183687
CSCO,76076,QMLE-Quote,2022-5-31,0.287958
CSCO,76076,QMLE-Quote,2022-6-1,0.251115
CSCO,76076,QMLE-Quote,2022-6-2,0.297669
CSCO,76076,QMLE-Quote,2022-6-3,0.262374
CSCO,76076,QMLE-Quote,2022-6-6,0.232359
CSCO,76076,QMLE-Quote,2022-6-7,0.214013
CSCO,76076,QMLE-Quote,2022-6-8,0.194986
CSCO,76076,QMLE-Quote,2022-6-9,0.218094
CSCO,76076,QMLE-Quote,2022-6-10,0.253005
CSCO,76076,QMLE-Quote,2022-6-13,0.289398
CSCO,76076,QMLE-Quote,2022-6-14,0.246928
CSCO,76076,QMLE-Quote,2022-6-15,0.363881
CSCO,76076,QMLE-Quote,2022-6-16,0.259521
CSCO,76076,QMLE-Quote,2022-6-17,0.299888
CSCO,76076,QMLE-Quote,2022-6-21,0.170859
CSCO,76076,QMLE-Quote,2022-6-22,0.230313
CSCO,76076,QMLE-Quote,2022-6-23,0.251813
CSCO,76076,QMLE-Quote,2022-6-24,0.185999
CSCO,76076,QMLE-Quote,2022-6-27,0.200001
CSCO,76076,QMLE-Quote,2022-6-28,0.197848
CSCO,76076,QMLE-Quote,2022-6-29,0.229266
CSCO,76076,QMLE-Quote,2022-6-30,0.242468
CSCO,76076,QMLE-Quote,2022-7-1,0.254889
CSCO,76076,QMLE-Quote,2022-7-5,0.239986
CSCO,76076,QMLE-Quote,2022-7-6,0.238647
CSCO,76076,QMLE-Quote,2022-7-7,0.147785
CSCO,76076,QMLE-Quote,2022-7-8,0.187522
CSCO,76076,QMLE-Quote,2022-7-11,0.192801
CSCO,76076,QMLE-Quote,2022-7-12,0.210647
CSCO,76076,QMLE-Quote,2022-7-13,0.278669
CSCO,76076,QMLE-Quote,2022-7-14,0.210505
CSCO,76076,QMLE-Quote,2022-7-15,0.240807
CSCO,76076,QMLE-Quote,2022-7-18,0.182542
CSCO,76076,QMLE-Quote,2022-7-19,0.201106
CSCO,76076,QMLE-Quote,2022-7-20,0.201063
CSCO,76076,QMLE-Quote,2022-7-21,0.177406
CSCO,76076,QMLE-Quote,2022-7-22,0.214914
CSCO,76076,QMLE-Quote,2022-7-25,0.163415
CSCO,76076,QMLE-Quote,2022-7-26,0.164488
CSCO,76076,QMLE-Quote,2022-7-27,0.212838
CSCO,76076,QMLE-Quote,2022-7-28,0.192765
CSCO,76076,QMLE-Quote,2022-7-29,0.196075
CSCO,76076,QMLE-Quote,2022-8-1,0.185632
CSCO,76076,QMLE-Quote,2022-8-2,0.211905
CSCO,76076,QMLE-Quote,2022-8-3,0.192128
CSCO,76076,QMLE-Quote,2022-8-4,0.157208
CSCO,76076,QMLE-Quote,2022-8-5,0.142893
CSCO,76076,QMLE-Quote,2022-8-8,0.194978
CSCO,76076,QMLE-Quote,2022-8-9,0.165469
CSCO,76076,QMLE-Quote,2022-8-10,0.164979
CSCO,76076,QMLE-Quote,2022-8-11,0.146473
CSCO,76076,QMLE-Quote,2022-8-12,0.12762
CSCO,76076,QMLE-Quote,2022-8-15,0.12055
CSCO,76076,QMLE-Quote,2022-8-16,0.145773
CSCO,76076,QMLE-Quote,2022-8-17,0.207734
CSCO,76076,QMLE-Quote,2022-8-18,0.349042
CSCO,76076,QMLE-Quote,2022-8-19,0.177068
CSCO,76076,QMLE-Quote,2022-8-22,0.161216
CSCO,76076,QMLE-Quote,2022-8-23,0.162845
CSCO,76076,QMLE-Quote,2022-8-24,0.128835
CSCO,76076,QMLE-Quote,2022-8-25,0.166153
CSCO,76076,QMLE-Quote,2022-8-26,0.20934
CSCO,76076,QMLE-Quote,2022-8-29,0.177245
CSCO,76076,QMLE-Quote,2022-8-30,0.207928
CSCO,76076,QMLE-Quote,2022-8-31,0.189948
CSCO,76076,QMLE-Quote,2022-9-1,0.199681
CSCO,76076,QMLE-Quote,2022-9-2,0.2143
CSCO,76076,QMLE-Quote,2022-9-6,0.224768
CSCO,76076,QMLE-Quote,2022-9-8,0.220787
CSCO,76076,QMLE-Quote,2022-9-9,0.147592
CSCO,76076,QMLE-Quote,2022-9-12,0.148066
CSCO,76076,QMLE-Quote,2022-9-13,0.18832
CSCO,76076,QMLE-Quote,2022-9-14,0.192175
CSCO,76076,QMLE-Quote,2022-9-15,0.20148
CSCO,76076,QMLE-Quote,2022-9-16,0.18146
CSCO,76076,QMLE-Quote,2022-9-19,0.176112
CSCO,76076,QMLE-Quote,2022-9-20,0.172086
CSCO,76076,QMLE-Quote,2022-9-21,0.336079
CSCO,76076,QMLE-Quote,2022-9-22,0.208564
CSCO,76076,QMLE-Quote,2022-9-23,0.218741
CSCO,76076,QMLE-Quote,2022-9-26,0.232149
CSCO,76076,QMLE-Quote,2022-9-27,0.226558
CSCO,76076,QMLE-Quote,2022-9-28,0.21091
CSCO,76076,QMLE-Quote,2022-9-29,0.212659
CSCO,76076,QMLE-Quote,2022-9-30,0.23545
CSCO,76076,QMLE-Quote,2022-10-4,0.195321
CSCO,76076,QMLE-Quote,2022-10-5,0.18906
CSCO,76076,QMLE-Quote,2022-10-6,0.209249
CSCO,76076,QMLE-Quote,2022-10-7,0.192669
CSCO,76076,QMLE-Quote,2022-10-10,0.215707
CSCO,76076,QMLE-Quote,2022-10-11,0.233324
CSCO,76076,QMLE-Quote,2022-10-12,0.188401
CSCO,76076,QMLE-Quote,2022-10-13,0.34155
CSCO,76076,QMLE-Quote,2022-10-14,0.291896
CSCO,76076,QMLE-Quote,2022-10-17,0.227816
CSCO,76076,QMLE-Quote,2022-10-18,0.250082
CSCO,76076,QMLE-Quote,2022-10-19,0.211736
CSCO,76076,QMLE-Quote,2022-10-20,0.243449
CSCO,76076,QMLE-Quote,2022-10-21,0.26801
CSCO,76076,QMLE-Quote,2022-10-24,0.273135
CSCO,76076,QMLE-Quote,2022-10-25,0.190606
CSCO,76076,QMLE-Quote,2022-10-26,0.245708
CSCO,76076,QMLE-Quote,2022-10-27,0.219678
CSCO,76076,QMLE-Quote,2022-10-28,0.186162
CSCO,76076,QMLE-Quote,2022-10-31,0.195627
CSCO,76076,QMLE-Quote,2022-11-1,0.194704
CSCO,76076,QMLE-Quote,2022-11-2,0.317056
CSCO,76076,QMLE-Quote,2022-11-3,0.243018
CSCO,76076,QMLE-Quote,2022-11-4,0.269945
CSCO,76076,QMLE-Quote,2022-11-7,0.193743
CSCO,76076,QMLE-Quote,2022-11-8,0.205248
CSCO,76076,QMLE-Quote,2022-11-9,0.224351
CSCO,76076,QMLE-Quote,2022-11-10,0.240908
CSCO,76076,QMLE-Quote,2022-11-11,0.33537
CSCO,76076,QMLE-Quote,2022-11-14,0.185056
CSCO,76076,QMLE-Quote,2022-11-15,0.261639
CSCO,76076,QMLE-Quote,2022-11-16,0.240401
CSCO,76076,QMLE-Quote,2022-11-17,0.441667
CSCO,76076,QMLE-Quote,2022-11-18,0.269488
CSCO,76076,QMLE-Quote,2022-11-21,0.186582
CSCO,76076,QMLE-Quote,2022-11-22,0.147177
CSCO,76076,QMLE-Quote,2022-11-23,0.155619
CSCO,76076,QMLE-Quote,2022-11-25,0.128241
CSCO,76076,QMLE-Quote,2022-11-28,0.136484
CSCO,76076,QMLE-Quote,2022-11-29,0.149567
CSCO,76076,QMLE-Quote,2022-11-30,0.260262
CSCO,76076,QMLE-Quote,2022-12-1,0.187342
CSCO,76076,QMLE-Quote,2022-12-2,0.159171
CSCO,76076,QMLE-Quote,2022-12-6,0.17614
CSCO,76076,QMLE-Quote,2022-12-7,0.180211
CSCO,76076,QMLE-Quote,2022-12-8,0.194626
CSCO,76076,QMLE-Quote,2022-12-9,0.155438
CSCO,76076,QMLE-Quote,2022-12-12,0.134751
CSCO,76076,QMLE-Quote,2022-12-13,0.247255
CSCO,76076,QMLE-Quote,2022-12-14,0.323723
CSCO,76076,QMLE-Quote,2022-12-15,0.200246
CSCO,76076,QMLE-Quote,2022-12-16,0.26252
CSCO,76076,QMLE-Quote,2022-12-19,0.171857
CSCO,76076,QMLE-Quote,2022-12-20,0.20253
CSCO,76076,QMLE-Quote,2022-12-21,0.158924
CSCO,76076,QMLE-Quote,2022-12-22,0.17398
CSCO,76076,QMLE-Quote,2022-12-23,0.200964
CSCO,76076,QMLE-Quote,2022-12-27,0.145166
CSCO,76076,QMLE-Quote,2022-12-29,0.148973
CSCO,76076,QMLE-Quote,2022-12-30,0.147553
CSCO,76076,QMLE-Quote,2023-1-3,0.206527
CSCO,76076,QMLE-Quote,2023-1-4,0.245684
CSCO,76076,QMLE-Quote,2023-1-5,0.184738
CSCO,76076,QMLE-Quote,2023-1-6,0.196701
CSCO,76076,QMLE-Quote,2023-1-9,0.167033
CSCO,76076,QMLE-Quote,2023-1-10,0.165089
CSCO,76076,QMLE-Quote,2023-1-11,0.135744
CSCO,76076,QMLE-Quote,2023-1-12,0.213355
CSCO,76076,QMLE-Quote,2023-1-17,0.158667
CSCO,76076,QMLE-Quote,2023-1-18,0.157807
CSCO,76076,QMLE-Quote,2023-1-19,0.159983
CSCO,76076,QMLE-Quote,2023-1-20,0.163837
CSCO,76076,QMLE-Quote,2023-1-23,0.150525
CSCO,76076,QMLE-Quote,2023-1-24,0.166279
CSCO,76076,QMLE-Quote,2023-1-25,0.166426
CSCO,76076,QMLE-Quote,2023-1-26,0.164129
CSCO,76076,QMLE-Quote,2023-1-27,0.131528
CSCO,76076,QMLE-Quote,2023-1-30,0.144733
CSCO,76076,QMLE-Quote,2023-1-31,0.157325
CSCO,76076,QMLE-Quote,2023-2-1,0.272362
CSCO,76076,QMLE-Quote,2023-2-2,0.182599
CSCO,76076,QMLE-Quote,2023-2-3,0.205899
CSCO,76076,QMLE-Quote,2023-2-6,0.149943
CSCO,76076,QMLE-Quote,2023-2-7,0.240294
CSCO,76076,QMLE-Quote,2023-2-8,0.176064
CSCO,76076,QMLE-Quote,2023-2-9,0.17979
CSCO,76076,QMLE-Quote,2023-2-10,0.166672
CSCO,76076,QMLE-Quote,2023-2-13,0.123669
CSCO,76076,QMLE-Quote,2023-2-14,0.208469
CSCO,76076,QMLE-Quote,2023-2-15,0.176662
CSCO,76076,QMLE-Quote,2023-2-16,0.375866
CSCO,76076,QMLE-Quote,2023-2-17,0.201994
CSCO,76076,QMLE-Quote,2023-2-21,0.183024
CSCO,76076,QMLE-Quote,2023-2-22,0.201094
CSCO,76076,QMLE-Quote,2023-2-23,0.148446
CSCO,76076,QMLE-Quote,2023-2-24,0.171478
CSCO,76076,QMLE-Quote,2023-2-27,0.166308
CSCO,76076,QMLE-Quote,2023-2-28,0.163572
CSCO,76076,QMLE-Quote,2023-3-1,0.141221
CSCO,76076,QMLE-Quote,2023-3-2,0.15691
CSCO,76076,QMLE-Quote,2023-3-3,0.136639
CSCO,76076,QMLE-Quote,2023-3-6,0.127757
CSCO,76076,QMLE-Quote,2023-3-7,0.150817
CSCO,76076,QMLE-Quote,2023-3-8,0.176462
CSCO,76076,QMLE-Quote,2023-3-9,0.162139
CSCO,76076,QMLE-Quote,2023-3-10,0.245632
CSCO,76076,QMLE-Quote,2023-3-13,0.135395
CSCO,76076,QMLE-Quote,2023-3-14,0.182097
CSCO,76076,QMLE-Quote,2023-3-15,0.24163
CSCO,76076,QMLE-Quote,2023-3-16,0.164245
CSCO,76076,QMLE-Quote,2023-3-17,0.224878
CSCO,76076,QMLE-Quote,2023-3-20,0.182113
CSCO,76076,QMLE-Quote,2023-3-21,0.168974
CSCO,76076,QMLE-Quote,2023-3-22,0.243552
CSCO,76076,QMLE-Quote,2023-3-23,0.205858
CSCO,76076,QMLE-Quote,2023-3-24,0.201179
CSCO,76076,QMLE-Quote,2023-3-27,0.119972
CSCO,76076,QMLE-Quote,2023-3-28,0.108034
CSCO,76076,QMLE-Quote,2023-3-29,0.120479
CSCO,76076,QMLE-Quote,2023-3-30,0.112541
CSCO,76076,QMLE-Quote,2023-3-31,0.114055
CSCO,76076,QMLE-Quote,2023-4-3,0.111405
CSCO,76076,QMLE-Quote,2023-4-4,0.14385
CSCO,76076,QMLE-Quote,2023-4-5,0.124677
CSCO,76076,QMLE-Quote,2023-4-6,0.125488
CSCO,76076,QMLE-Quote,2023-4-10,0.108413
CSCO,76076,QMLE-Quote,2023-4-11,0.125194
CSCO,76076,QMLE-Quote,2023-4-12,0.15066
CSCO,76076,QMLE-Quote,2023-4-13,0.128895
CSCO,76076,QMLE-Quote,2023-4-14,0.143246
CSCO,76076,QMLE-Quote,2023-4-17,0.106977
CSCO,76076,QMLE-Quote,2023-4-18,0.130643
CSCO,76076,QMLE-Quote,2023-4-19,0.215019
CSCO,76076,QMLE-Quote,2023-4-20,0.191761
CSCO,76076,QMLE-Quote,2023-4-21,0.168787
CSCO,76076,QMLE-Quote,2023-4-24,0.113579
CSCO,76076,QMLE-Quote,2023-4-25,0.14997
CSCO,76076,QMLE-Quote,2023-4-26,0.173896
CSCO,76076,QMLE-Quote,2023-4-27,0.166253
CSCO,76076,QMLE-Quote,2023-4-28,0.140527
CSCO,76076,QMLE-Quote,2023-5-1,0.115081
CSCO,76076,QMLE-Quote,2023-5-2,0.183934
CSCO,76076,QMLE-Quote,2023-5-3,0.252373
CSCO,76076,QMLE-Quote,2023-5-4,0.183757
CSCO,76076,QMLE-Quote,2023-5-5,0.134513
CSCO,76076,QMLE-Quote,2023-5-8,0.120529
CSCO,76076,QMLE-Quote,2023-5-9,0.125473
CSCO,76076,QMLE-Quote,2023-5-10,0.164442
CSCO,76076,QMLE-Quote,2023-5-11,0.141992
CSCO,76076,QMLE-Quote,2023-5-12,0.14542
CSCO,76076,QMLE-Quote,2023-5-15,0.116146
CSCO,76076,QMLE-Quote,2023-5-16,0.165741
CSCO,76076,QMLE-Quote,2023-5-17,0.174102
CSCO,76076,QMLE-Quote,2023-5-18,0.337652
CSCO,76076,QMLE-Quote,2023-5-19,0.199595
CSCO,76076,QMLE-Quote,2023-5-22,0.152412
CSCO,76076,QMLE-Quote,2023-5-23,0.154309
CSCO,76076,QMLE-Quote,2023-5-24,0.151483
CSCO,76076,QMLE-Quote,2023-5-25,0.200422
CSCO,76076,QMLE-Quote,2023-5-26,0.168343
CSCO,76076,QMLE-Quote,2023-5-30,0.210442
CSCO,76076,QMLE-Quote,2023-5-31,0.151099
CSCO,76076,QMLE-Quote,2023-6-1,0.168591
CSCO,76076,QMLE-Quote,2023-6-2,0.153454
CSCO,76076,QMLE-Quote,2023-6-5,0.153921
CSCO,76076,QMLE-Quote,2023-6-6,0.181673
CSCO,76076,QMLE-Quote,2023-6-7,0.156525
CSCO,76076,QMLE-Quote,2023-6-8,0.109415
CSCO,76076,QMLE-Quote,2023-6-9,0.143391
CSCO,76076,QMLE-Quote,2023-6-12,0.13123
CSCO,76076,QMLE-Quote,2023-6-13,0.14483
CSCO,76076,QMLE-Quote,2023-6-14,0.178571
CSCO,76076,QMLE-Quote,2023-6-15,0.135391
CSCO,76076,QMLE-Quote,2023-6-16,0.167907
CSCO,76076,QMLE-Quote,2023-6-22,0.131108
CSCO,76076,QMLE-Quote,2023-6-23,0.117782
CSCO,76076,QMLE-Quote,2023-6-26,0.143162
CSCO,76076,QMLE-Quote,2023-6-27,0.134933
CSCO,76076,QMLE-Quote,2023-6-28,0.143963
CSCO,76076,QMLE-Quote,2023-6-29,0.119691
CSCO,76076,QMLE-Quote,2023-6-30,0.153613
CSCO,76076,QMLE-Quote,2023-7-3,0.0930144
CSCO,76076,QMLE-Quote,2023-7-5,0.126741
CSCO,76076,QMLE-Quote,2023-7-6,0.120321
CSCO,76076,QMLE-Quote,2023-7-7,0.121845
CSCO,76076,QMLE-Quote,2023-7-10,0.124379
CSCO,76076,QMLE-Quote,2023-7-11,0.126121
CSCO,76076,QMLE-Quote,2023-7-12,0.150072
CSCO,76076,QMLE-Quote,2023-7-13,0.108763
CSCO,76076,QMLE-Quote,2023-7-14,0.195443
CSCO,76076,QMLE-Quote,2023-7-17,0.130939
CSCO,76076,QMLE-Quote,2023-7-18,0.125422
CSCO,76076,QMLE-Quote,2023-7-19,0.158272
CSCO,76076,QMLE-Quote,2023-7-20,0.173764
CSCO,76076,QMLE-Quote,2023-7-21,0.1368
CSCO,76076,QMLE-Quote,2023-7-24,0.125802
CSCO,76076,QMLE-Quote,2023-7-25,0.108341
CSCO,76076,QMLE-Quote,2023-7-26,0.144519
CSCO,76076,QMLE-Quote,2023-7-27,0.150594
CSCO,76076,QMLE-Quote,2023-7-28,0.174901
CSCO,76076,QMLE-Quote,2023-7-31,0.126154
CSCO,76076,QMLE-Quote,2023-8-1,0.142584
CSCO,76076,QMLE-Quote,2023-8-2,0.146575
CSCO,76076,QMLE-Quote,2023-8-3,0.139357
CSCO,76076,QMLE-Quote,2023-8-4,0.155464
CSCO,76076,QMLE-Quote,2023-8-7,0.120349
CSCO,76076,QMLE-Quote,2023-8-8,0.123859
CSCO,76076,QMLE-Quote,2023-8-9,0.13864
CSCO,76076,QMLE-Quote,2023-8-10,0.181357
CSCO,76076,QMLE-Quote,2023-8-11,0.139134
CSCO,76076,QMLE-Quote,2023-8-14,0.103795
CSCO,76076,QMLE-Quote,2023-8-15,0.132655
CSCO,76076,QMLE-Quote,2023-8-17,0.280683
CSCO,76076,QMLE-Quote,2023-8-18,0.186234
CSCO,76076,QMLE-Quote,2023-8-21,0.141449
CSCO,76076,QMLE-Quote,2023-8-22,0.1378
CSCO,76076,QMLE-Quote,2023-8-23,0.105831
CSCO,76076,QMLE-Quote,2023-8-24,0.139088
CSCO,76076,QMLE-Quote,2023-8-25,0.153559
CSCO,76076,QMLE-Quote,2023-8-28,0.0971185
CSCO,76076,QMLE-Quote,2023-8-29,0.100934
CSCO,76076,QMLE-Quote,2023-8-30,0.0817684
CSCO,76076,QMLE-Quote,2023-8-31,0.120334
CSCO,76076,QMLE-Quote,2023-9-1,0.131267
CSCO,76076,QMLE-Quote,2023-9-5,0.104629
CSCO,76076,QMLE-Quote,2023-9-6,0.0897897
CSCO,76076,QMLE-Quote,2023-9-7,0.0911
CSCO,76076,QMLE-Quote,2023-9-8,0.0981603
CSCO,76076,QMLE-Quote,2023-9-11,0.0995524
CSCO,76076,QMLE-Quote,2023-9-12,0.0896733
CSCO,76076,QMLE-Quote,2023-9-13,0.087717
CSCO,76076,QMLE-Quote,2023-9-14,0.0942724
CSCO,76076,QMLE-Quote,2023-9-15,0.120862
CSCO,76076,QMLE-Quote,2023-9-18,0.0945468
CSCO,76076,QMLE-Quote,2023-9-19,0.0827696
CSCO,76076,QMLE-Quote,2023-9-20,0.117108
CSCO,76076,QMLE-Quote,2023-9-21,0.235923
CSCO,76076,QMLE-Quote,2023-9-22,0.137315
CSCO,76076,QMLE-Quote,2023-9-26,0.107168
CSCO,76076,QMLE-Quote,2023-9-27,0.12909
CSCO,76076,QMLE-Quote,2023-9-28,0.142157
CSCO,76076,QMLE-Quote,2023-9-29,0.143783
CSCO,76076,QMLE-Quote,2023-10-2,0.151098
CSCO,76076,QMLE-Quote,2023-10-3,0.132381
CSCO,76076,QMLE-Quote,2023-10-4,0.138619
CSCO,76076,QMLE-Quote,2023-10-5,0.143296
CSCO,76076,QMLE-Quote,2023-10-6,0.153308
CSCO,76076,QMLE-Quote,2023-10-9,0.114238
CSCO,76076,QMLE-Quote,2023-10-10,0.119717
CSCO,76076,QMLE-Quote,2023-10-11,0.12205
CSCO,76076,QMLE-Quote,2023-10-12,0.133505
CSCO,76076,QMLE-Quote,2023-10-13,0.155772
CSCO,76076,QMLE-Quote,2023-10-16,0.123846
CSCO,76076,QMLE-Quote,2023-10-17,0.160451
CSCO,76076,QMLE-Quote,2023-10-18,0.152625
CSCO,76076,QMLE-Quote,2023-10-19,0.188561
CSCO,76076,QMLE-Quote,2023-10-20,0.163003
CSCO,76076,QMLE-Quote,2023-10-23,0.154375
CSCO,76076,QMLE-Quote,2023-10-24,0.147484
CSCO,76076,QMLE-Quote,2023-10-25,0.179114
CSCO,76076,QMLE-Quote,2023-10-26,0.18362
CSCO,76076,QMLE-Quote,2023-10-27,0.186412
CSCO,76076,QMLE-Quote,2023-10-30,0.149939
CSCO,76076,QMLE-Quote,2023-10-31,0.14031
CSCO,76076,QMLE-Quote,2023-11-1,0.170746
CSCO,76076,QMLE-Quote,2023-11-2,0.127938
CSCO,76076,QMLE-Quote,2023-11-3,0.154208
CSCO,76076,QMLE-Quote,2023-11-6,0.109347
CSCO,76076,QMLE-Quote,2023-11-7,0.123798
CSCO,76076,QMLE-Quote,2023-11-8,0.118117
CSCO,76076,QMLE-Quote,2023-11-9,0.16475
CSCO,76076,QMLE-Quote,2023-11-10,0.117997
CSCO,76076,QMLE-Quote,2023-11-13,0.128032
CSCO,76076,QMLE-Quote,2023-11-14,0.157101
CSCO,76076,QMLE-Quote,2023-11-15,0.126553
CSCO,76076,QMLE-Quote,2023-11-16,0.405258
CSCO,76076,QMLE-Quote,2023-11-17,0.190241
CSCO,76076,QMLE-Quote,2023-11-20,0.138303
CSCO,76076,QMLE-Quote,2023-11-21,0.137184
CSCO,76076,QMLE-Quote,2023-11-22,0.10863
CSCO,76076,QMLE-Quote,2023-11-24,0.0850138
CSCO,76076,QMLE-Quote,2023-11-27,0.119587
CSCO,76076,QMLE-Quote,2023-11-28,0.109544
CSCO,76076,QMLE-Quote,2023-11-29,0.120411
CSCO,76076,QMLE-Quote,2023-11-30,0.14002
CSCO,76076,QMLE-Quote,2023-12-1,0.139643
CSCO,76076,QMLE-Quote,2023-12-4,0.127009
CSCO,76076,QMLE-Quote,2023-12-5,0.126109
CSCO,76076,QMLE-Quote,2023-12-6,0.109483
CSCO,76076,QMLE-Quote,2023-12-7,0.121252
CSCO,76076,QMLE-Quote,2023-12-8,0.118885
CSCO,76076,QMLE-Quote,2023-12-11,0.131908
CSCO,76076,QMLE-Quote,2023-12-12,0.108616
CSCO,76076,QMLE-Quote,2023-12-13,0.124392
CSCO,76076,QMLE-Quote,2023-12-14,0.1521
CSCO,76076,QMLE-Quote,2023-12-18,0.126271
CSCO,76076,QMLE-Quote,2023-12-19,0.0929412
CSCO,76076,QMLE-Quote,2023-12-20,0.115991
CSCO,76076,QMLE-Quote,2023-12-21,0.146484
CSCO,76076,QMLE-Quote,2023-12-22,0.119734
CSCO,76076,QMLE-Quote,2023-12-26,0.0725382
CSCO,76076,QMLE-Quote,2023-12-27,0.0910875
CSCO,76076,QMLE-Quote,2023-12-28,0.0581
CSCO,76076,QMLE-Quote,2023-12-29,0.0878298
CSCO,76076,QMLE-Quote,2024-1-2,0.112287
CSCO,76076,QMLE-Quote,2024-1-3,0.111717
CSCO,76076,QMLE-Quote,2024-1-4,0.115521
CSCO,76076,QMLE-Quote,2024-1-5,0.112821
CSCO,76076,QMLE-Quote,2024-1-8,0.104528
CSCO,76076,QMLE-Quote,2024-1-9,0.149737
CSCO,76076,QMLE-Quote,2024-1-10,0.102612
CSCO,76076,QMLE-Quote,2024-1-11,0.0930038
CSCO,76076,QMLE-Quote,2024-1-12,0.121295
CSCO,76076,QMLE-Quote,2024-1-16,0.124082
CSCO,76076,QMLE-Quote,2024-1-17,0.113538
CSCO,76076,QMLE-Quote,2024-1-18,0.116379
CSCO,76076,QMLE-Quote,2024-1-19,0.11608
CSCO,76076,QMLE-Quote,2024-1-22,0.114853
CSCO,76076,QMLE-Quote,2024-1-23,0.0899021
CSCO,76076,QMLE-Quote,2024-1-24,0.138885
CSCO,76076,QMLE-Quote,2024-1-25,0.141231
CSCO,76076,QMLE-Quote,2024-1-26,0.1171
CSCO,76076,QMLE-Quote,2024-1-29,0.0947788
CSCO,76076,QMLE-Quote,2024-1-30,0.087026
CSCO,76076,QMLE-Quote,2024-1-31,0.233323
CSCO,76076,QMLE-Quote,2024-2-1,0.155505
CSCO,76076,QMLE-Quote,2024-2-2,0.155453
CSCO,76076,QMLE-Quote,2024-2-5,0.119145
CSCO,76076,QMLE-Quote,2024-2-6,0.201883
CSCO,76076,QMLE-Quote,2024-2-7,0.159772
CSCO,76076,QMLE-Quote,2024-2-8,0.122544
CSCO,76076,QMLE-Quote,2024-2-9,0.174169
CSCO,76076,QMLE-Quote,2024-2-12,0.156211
CSCO,76076,QMLE-Quote,2024-2-13,0.161491
CSCO,76076,QMLE-Quote,2024-2-14,0.203853
CSCO,76076,QMLE-Quote,2024-2-15,0.372836
CSCO,76076,QMLE-Quote,2024-2-16,0.203068
CSCO,76076,QMLE-Quote,2024-2-20,0.13841
CSCO,76076,QMLE-Quote,2024-2-21,0.134749
CSCO,76076,QMLE-Quote,2024-2-23,0.116424
CSCO,76076,QMLE-Quote,2024-2-26,0.0991778
CSCO,76076,QMLE-Quote,2024-2-27,0.11269
CSCO,76076,QMLE-Quote,2024-2-28,0.12364
CSCO,76076,QMLE-Quote,2024-2-29,0.131304
CSCO,76076,QMLE-Quote,2024-3-1,0.134807
CSCO,76076,QMLE-Quote,2024-3-4,0.170775
CSCO,76076,QMLE-Quote,2024-3-5,0.144904
CSCO,76076,QMLE-Quote,2024-3-6,0.154543
CSCO,76076,QMLE-Quote,2024-3-7,0.128
CSCO,76076,QMLE-Quote,2024-3-8,0.140447
CSCO,76076,QMLE-Quote,2024-3-11,0.141589
CSCO,76076,QMLE-Quote,2024-3-12,0.119662
CSCO,76076,QMLE-Quote,2024-3-13,0.105895
CSCO,76076,QMLE-Quote,2024-3-15,0.1572
CSCO,76076,QMLE-Quote,2024-3-18,0.142606
CSCO,76076,QMLE-Quote,2024-3-19,0.123293
CSCO,76076,QMLE-Quote,2024-3-20,0.133637
CSCO,76076,QMLE-Quote,2024-3-21,0.11674
CSCO,76076,QMLE-Quote,2024-3-22,0.101547
CSCO,76076,QMLE-Quote,2024-3-25,0.109432
CSCO,76076,QMLE-Quote,2024-3-26,0.0825324
CSCO,76076,QMLE-Quote,2024-3-27,0.0949983
CSCO,76076,QMLE-Quote,2024-3-28,0.117003
CSCO,76076,QMLE-Quote,2024-4-1,0.0838708
CSCO,76076,QMLE-Quote,2024-4-2,0.104543
CSCO,76076,QMLE-Quote,2024-4-3,0.123475
CSCO,76076,QMLE-Quote,2024-4-4,0.131243
CSCO,76076,QMLE-Quote,2024-4-5,0.129544
CSCO,76076,QMLE-Quote,2024-4-9,0.216751
CSCO,76076,QMLE-Quote,2024-4-10,0.182511
CSCO,76076,QMLE-Quote,2024-4-11,0.146745
CSCO,76076,QMLE-Quote,2024-4-12,0.125229
CSCO,76076,QMLE-Quote,2024-4-15,0.23269
CSCO,76076,QMLE-Quote,2024-4-16,0.159893
CSCO,76076,QMLE-Quote,2024-4-17,0.151359
CSCO,76076,QMLE-Quote,2024-4-18,0.157464
CSCO,76076,QMLE-Quote,2024-4-19,0.149902
CSCO,76076,QMLE-Quote,2024-4-22,0.139515
CSCO,76076,QMLE-Quote,2024-4-23,0.110959
CSCO,76076,QMLE-Quote,2024-4-24,0.151449
CSCO,76076,QMLE-Quote,2024-4-25,0.184291
CSCO,76076,QMLE-Quote,2024-4-26,0.133718
CSCO,76076,QMLE-Quote,2024-4-29,0.120789
CSCO,76076,QMLE-Quote,2024-4-30,0.155292
CSCO,76076,QMLE-Quote,2024-5-1,0.17473
CSCO,76076,QMLE-Quote,2024-5-2,0.105382
CSCO,76076,QMLE-Quote,2024-5-3,0.141254
CSCO,76076,QMLE-Quote,2024-5-6,0.087662
CSCO,76076,QMLE-Quote,2024-5-7,0.110571
CSCO,76076,QMLE-Quote,2024-5-8,0.114823
CSCO,76076,QMLE-Quote,2024-5-9,0.0883802
CSCO,76076,QMLE-Quote,2024-5-10,0.0957075
CSCO,76076,QMLE-Quote,2024-5-13,0.102247
CSCO,76076,QMLE-Quote,2024-5-14,0.126005
CSCO,76076,QMLE-Quote,2024-5-15,0.172902
CSCO,76076,QMLE-Quote,2024-5-16,0.45861
CSCO,76076,QMLE-Quote,2024-5-17,0.17168
CSCO,76076,QMLE-Quote,2024-5-20,0.131669
CSCO,76076,QMLE-Quote,2024-5-21,0.122046
CSCO,76076,QMLE-Quote,2024-5-22,0.144984
CSCO,76076,QMLE-Quote,2024-5-23,0.152126
CSCO,76076,QMLE-Quote,2024-5-24,0.106753
CSCO,76076,QMLE-Quote,2024-5-28,0.128013
CSCO,76076,QMLE-Quote,2024-5-29,0.122829
CSCO,76076,QMLE-Quote,2024-5-30,0.129443
CSCO,76076,QMLE-Quote,2024-5-31,0.134644
CSCO,76076,QMLE-Quote,2024-6-3,0.135896
CSCO,76076,QMLE-Quote,2024-6-4,0.157944
CSCO,76076,QMLE-Quote,2024-6-5,0.233148
CSCO,76076,QMLE-Quote,2024-6-6,0.158438
CSCO,76076,QMLE-Quote,2024-6-7,0.132493
CSCO,76076,QMLE-Quote,2024-6-10,0.136054
CSCO,76076,QMLE-Quote,2024-6-11,0.165349
CSCO,76076,QMLE-Quote,2024-6-12,0.153875
CSCO,76076,QMLE-Quote,2024-6-13,0.134064
CSCO,76076,QMLE-Quote,2024-6-14,0.135938
CSCO,76076,QMLE-Quote,2024-6-17,0.154198
CSCO,76076,QMLE-Quote,2024-6-18,0.142465
CSCO,76076,QMLE-Quote,2024-6-20,0.201702
CSCO,76076,QMLE-Quote,2024-6-21,0.224615
CSCO,76076,QMLE-Quote,2024-6-24,0.177659
CSCO,76076,QMLE-Quote,2024-6-25,0.146879
CSCO,76076,QMLE-Quote,2024-6-26,0.123311
CSCO,76076,QMLE-Quote,2024-6-27,0.137146
CSCO,76076,QMLE-Quote,2024-6-28,0.13765
CSCO,76076,QMLE-Quote,2024-7-1,0.152884
CSCO,76076,QMLE-Quote,2024-7-2,0.136759
CSCO,76076,QMLE-Quote,2024-7-3,0.135152
CSCO,76076,QMLE-Quote,2024-7-5,0.139422
CSCO,76076,QMLE-Quote,2024-7-8,0.129326
CSCO,76076,QMLE-Quote,2024-7-9,0.123319
CSCO,76076,QMLE-Quote,2024-7-10,0.122592
CSCO,76076,QMLE-Quote,2024-7-11,0.149814
CSCO,76076,QMLE-Quote,2024-7-12,0.207179
CSCO,76076,QMLE-Quote,2024-7-15,0.159785
CSCO,76076,QMLE-Quote,2024-7-16,0.13735
CSCO,76076,QMLE-Quote,2024-7-17,0.175405
CSCO,76076,QMLE-Quote,2024-7-18,0.164261
CSCO,76076,QMLE-Quote,2024-7-19,0.17874
CSCO,76076,QMLE-Quote,2024-7-22,0.147522
CSCO,76076,QMLE-Quote,2024-7-23,0.112719
CSCO,76076,QMLE-Quote,2024-7-24,0.168932
CSCO,76076,QMLE-Quote,2024-7-25,0.226116
CSCO,76076,QMLE-Quote,2024-7-26,0.138359
CSCO,76076,QMLE-Quote,2024-7-29,0.136158
CSCO,76076,QMLE-Quote,2024-7-30,0.132731
CSCO,76076,QMLE-Quote,2024-7-31,0.177905
CSCO,76076,QMLE-Quote,2024-8-1,0.181323
CSCO,76076,QMLE-Quote,2024-8-2,0.207617
CSCO,76076,QMLE-Quote,2024-8-5,0.333663
CSCO,76076,QMLE-Quote,2024-8-6,0.215998
CSCO,76076,QMLE-Quote,2024-8-7,0.199811
CSCO,76076,QMLE-Quote,2024-8-8,0.188568
CSCO,76076,QMLE-Quote,2024-8-9,0.225477
CSCO,76076,QMLE-Quote,2024-8-12,0.159034
CSCO,76076,QMLE-Quote,2024-8-13,0.131705
CSCO,76076,QMLE-Quote,2024-8-14,0.179199
CSCO,76076,QMLE-Quote,2024-8-15,0.359662
CSCO,76076,QMLE-Quote,2024-8-16,0.237634
CSCO,76076,QMLE-Quote,2024-8-19,0.131752
CSCO,76076,QMLE-Quote,2024-8-20,0.130358
CSCO,76076,QMLE-Quote,2024-8-21,0.135923
CSCO,76076,QMLE-Quote,2024-8-22,0.144941
CSCO,76076,QMLE-Quote,2024-8-23,0.151447
CSCO,76076,QMLE-Quote,2024-8-26,0.0940057
CSCO,76076,QMLE-Quote,2024-8-27,0.0805146
CSCO,76076,QMLE-Quote,2024-8-28,0.141602
CSCO,76076,QMLE-Quote,2024-8-29,0.155863
CSCO,76076,QMLE-Quote,2024-8-30,0.103169
CSCO,76076,QMLE-Quote,2024-9-3,0.148853
CSCO,76076,QMLE-Quote,2024-9-4,0.15623
CSCO,76076,QMLE-Quote,2024-9-5,0.198771
CSCO,76076,QMLE-Quote,2024-9-6,0.176826
CSCO,76076,QMLE-Quote,2024-9-9,0.140372
CSCO,76076,QMLE-Quote,2024-9-10,0.141102
CSCO,76076,QMLE-Quote,2024-9-11,0.158111
CSCO,76076,QMLE-Quote,2024-9-12,0.136176
CSCO,76076,QMLE-Quote,2024-9-13,0.0996531
CSCO,76076,QMLE-Quote,2024-9-16,0.150924
CSCO,76076,QMLE-Quote,2024-9-17,0.162153
CSCO,76076,QMLE-Quote,2024-9-18,0.207336
CSCO,76076,QMLE-Quote,2024-9-19,0.146305
CSCO,76076,QMLE-Quote,2024-9-20,0.158686
CSCO,76076,QMLE-Quote,2024-9-23,0.144904
CSCO,76076,QMLE-Quote,2024-9-24,0.116357
CSCO,76076,QMLE-Quote,2024-9-25,0.111946
CSCO,76076,QMLE-Quote,2024-9-26,0.135418
CSCO,76076,QMLE-Quote,2024-9-27,0.110706
CSCO,76076,QMLE-Quote,2024-9-30,0.11999
CSCO,76076,QMLE-Quote,2024-10-1,0.160502
CSCO,76076,QMLE-Quote,2024-10-2,0.140523
CSCO,76076,QMLE-Quote,2024-10-3,0.139144
CSCO,76076,QMLE-Quote,2024-10-4,0.131004
CSCO,76076,QMLE-Quote,2024-10-7,0.121858
CSCO,76076,QMLE-Quote,2024-10-8,0.123369
CSCO,76076,QMLE-Quote,2024-10-9,0.117381
CSCO,76076,QMLE-Quote,2024-10-10,0.120748
CSCO,76076,QMLE-Quote,2024-10-14,0.155282
CSCO,76076,QMLE-Quote,2024-10-15,0.143075
CSCO,76076,QMLE-Quote,2024-10-16,0.232794
CSCO,76076,QMLE-Quote,2024-10-17,0.15914
CSCO,76076,QMLE-Quote,2024-10-18,0.115675
CSCO,76076,QMLE-Quote,2024-10-21,0.109435
CSCO,76076,QMLE-Quote,2024-10-22,0.131814
CSCO,76076,QMLE-Quote,2024-10-23,0.134075
CSCO,76076,QMLE-Quote,2024-10-24,0.127406
CSCO,76076,QMLE-Quote,2024-10-25,0.129975
CSCO,76076,QMLE-Quote,2024-10-28,0.117886
CSCO,76076,QMLE-Quote,2024-10-29,0.132809
CSCO,76076,QMLE-Quote,2024-10-30,0.117254
CSCO,76076,QMLE-Quote,2024-10-31,0.156088
CSCO,76076,QMLE-Quote,2024-11-1,0.174857
CSCO,76076,QMLE-Quote,2024-11-4,0.138908
CSCO,76076,QMLE-Quote,2024-11-5,0.133595
CSCO,76076,QMLE-Quote,2024-11-6,0.186638
CSCO,76076,QMLE-Quote,2024-11-7,0.126537
CSCO,76076,QMLE-Quote,2024-11-8,0.146028
CSCO,76076,QMLE-Quote,2024-11-11,0.15268
CSCO,76076,QMLE-Quote,2024-11-12,0.128553
CSCO,76076,QMLE-Quote,2024-11-13,0.165161
CSCO,76076,QMLE-Quote,2024-11-14,0.410454
CSCO,76076,QMLE-Quote,2024-11-15,0.212526
CSCO,76076,QMLE-Quote,2024-11-18,0.139847
CSCO,76076,QMLE-Quote,2024-11-19,0.156715
CSCO,76076,QMLE-Quote,2024-11-20,0.138438
CSCO,76076,QMLE-Quote,2024-11-21,0.199201
CSCO,76076,QMLE-Quote,2024-11-22,0.146313
CSCO,76076,QMLE-Quote,2024-11-25,0.172886
CSCO,76076,QMLE-Quote,2024-11-26,0.157649
CSCO,76076,QMLE-Quote,2024-11-27,0.120558
CSCO,76076,QMLE-Quote,2024-11-29,0.111224
CSCO,76076,QMLE-Quote,2024-12-2,0.124559
CSCO,76076,QMLE-Quote,2024-12-3,0.0848946
CSCO,76076,QMLE-Quote,2024-12-4,0.118045
CSCO,76076,QMLE-Quote,2024-12-5,0.143786
CSCO,76076,QMLE-Quote,2024-12-6,0.121204
CSCO,76076,QMLE-Quote,2024-12-9,0.12145
CSCO,76076,QMLE-Quote,2024-12-10,0.166496
CSCO,76076,QMLE-Quote,2024-12-11,0.14231
CSCO,76076,QMLE-Quote,2024-12-12,0.145861
CSCO,76076,QMLE-Quote,2024-12-13,0.136449
CSCO,76076,QMLE-Quote,2024-12-16,0.158788
CSCO,76076,QMLE-Quote,2024-12-17,0.16043
CSCO,76076,QMLE-Quote,2024-12-18,0.169408
CSCO,76076,QMLE-Quote,2024-12-19,0.187669
CSCO,76076,QMLE-Quote,2024-12-20,0.215989
CSCO,76076,QMLE-Quote,2024-12-23,0.162878
CSCO,76076,QMLE-Quote,2024-12-24,0.108553
CSCO,76076,QMLE-Quote,2024-12-26,0.084399
CSCO,76076,QMLE-Quote,2024-12-27,0.127247
CSCO,76076,QMLE-Quote,2024-12-30,0.168451
CSCO,76076,QMLE-Quote,2024-12-31,0.137811
CSCO,76076,QMLE-Quote,2025-1-2,0.208104
CSCO,76076,QMLE-Quote,2025-1-3,0.14161
CSCO,76076,QMLE-Quote,2025-1-6,0.138238
CSCO,76076,QMLE-Quote,2025-1-7,0.161222
CSCO,76076,QMLE-Quote,2025-1-8,0.151925
CSCO,76076,QMLE-Quote,2025-1-10,0.171079
CSCO,76076,QMLE-Quote,2025-1-13,0.153292
CSCO,76076,QMLE-Quote,2025-1-14,0.13706
CSCO,76076,QMLE-Quote,2025-1-15,0.144906
CSCO,76076,QMLE-Quote,2025-1-16,0.120975
CSCO,76076,QMLE-Quote,2025-1-17,0.136975
CSCO,76076,QMLE-Quote,2025-1-21,0.219369
CSCO,76076,QMLE-Quote,2025-1-22,0.116831
CSCO,76076,QMLE-Quote,2025-1-23,0.106861
CSCO,76076,QMLE-Quote,2025-1-24,0.103774
CSCO,76076,QMLE-Quote,2025-1-27,0.281295
CSCO,76076,QMLE-Quote,2025-1-28,0.163123
CSCO,76076,QMLE-Quote,2025-1-29,0.173469
CSCO,76076,QMLE-Quote,2025-1-30,0.155248
CSCO,76076,QMLE-Quote,2025-1-31,0.152544
CSCO,76076,QMLE-Quote,2025-2-3,0.206551
CSCO,76076,QMLE-Quote,2025-2-4,0.105542
CSCO,76076,QMLE-Quote,2025-2-5,0.147032
CSCO,76076,QMLE-Quote,2025-2-6,0.119539
CSCO,76076,QMLE-Quote,2025-2-7,0.183772
CSCO,76076,QMLE-Quote,2025-2-10,0.122076
CSCO,76076,QMLE-Quote,2025-2-11,0.132915
CSCO,76076,QMLE-Quote,2025-2-12,0.179968
CSCO,76076,QMLE-Quote,2025-2-13,0.435879
CSCO,76076,QMLE-Quote,2025-2-14,0.214318
CSCO,76076,QMLE-Quote,2025-2-18,0.256679
CSCO,76076,QMLE-Quote,2025-2-19,0.137433
CSCO,76076,QMLE-Quote,2025-2-20,0.141408
CSCO,76076,QMLE-Quote,2025-2-21,0.157539
CSCO,76076,QMLE-Quote,2025-2-24,0.177676
CSCO,76076,QMLE-Quote,2025-2-25,0.304273
CSCO,76076,QMLE-Quote,2025-2-26,0.161275
CSCO,76076,QMLE-Quote,2025-2-27,0.181021
CSCO,76076,QMLE-Quote,2025-2-28,0.212699
CSCO,76076,QMLE-Quote,2025-3-3,0.200681
CSCO,76076,QMLE-Quote,2025-3-4,0.25069
CSCO,76076,QMLE-Quote,2025-3-5,0.221934
CSCO,76076,QMLE-Quote,2025-3-6,0.230726
CSCO,76076,QMLE-Quote,2025-3-7,0.293434
CSCO,76076,QMLE-Quote,2025-3-10,0.234712
CSCO,76076,QMLE-Quote,2025-3-11,0.277823
CSCO,76076,QMLE-Quote,2025-3-12,0.230547
CSCO,76076,QMLE-Quote,2025-3-13,0.200323
CSCO,76076,QMLE-Quote,2025-3-14,0.183492
CSCO,76076,QMLE-Quote,2025-3-17,0.140978
CSCO,76076,QMLE-Quote,2025-3-18,0.182203
CSCO,76076,QMLE-Quote,2025-3-19,0.177623
CSCO,76076,QMLE-Quote,2025-3-20,0.162481
CSCO,76076,QMLE-Quote,2025-3-21,0.191591
CSCO,76076,QMLE-Quote,2025-3-24,0.135448
CSCO,76076,QMLE-Quote,2025-3-25,0.110938
CSCO,76076,QMLE-Quote,2025-3-26,0.152851
CSCO,76076,QMLE-Quote,2025-3-27,0.164188
CSCO,76076,QMLE-Quote,2025-3-28,0.176369
CSCO,76076,QMLE-Quote,2025-3-31,0.200303
CSCO,76076,QMLE-Quote,2025-4-1,0.173913
CSCO,76076,QMLE-Quote,2025-4-2,0.149656
CSCO,76076,QMLE-Quote,2025-4-3,0.266821
CSCO,76076,QMLE-Quote,2025-4-4,0.399235
CSCO,76076,QMLE-Quote,2025-4-7,0.751466
CSCO,76076,QMLE-Quote,2025-4-8,0.441369
CSCO,76076,QMLE-Quote,2025-4-9,0.678833
CSCO,76076,QMLE-Quote,2025-4-10,0.510928
CSCO,76076,QMLE-Quote,2025-4-11,0.393772
CSCO,76076,QMLE-Quote,2025-4-14,0.254144
CSCO,76076,QMLE-Quote,2025-4-15,0.193834
CSCO,76076,QMLE-Quote,2025-4-16,0.223417
CSCO,76076,QMLE-Quote,2025-4-17,0.232661
CSCO,76076,QMLE-Quote,2025-4-21,0.170561
CSCO,76076,QMLE-Quote,2025-4-22,0.200714
CSCO,76076,QMLE-Quote,2025-4-23,0.24718
CSCO,76076,QMLE-Quote,2025-4-24,0.153194
CSCO,76076,QMLE-Quote,2025-4-25,0.185212
CSCO,76076,QMLE-Quote,2025-4-28,0.178312
CSCO,76076,QMLE-Quote,2025-4-29,0.144022
CSCO,76076,QMLE-Quote,2025-4-30,0.208593
CSCO,76076,QMLE-Quote,2025-5-1,0.17583
CSCO,76076,QMLE-Quote,2025-5-2,0.144187
CSCO,76076,QMLE-Quote,2025-5-5,0.121231
CSCO,76076,QMLE-Quote,2025-5-6,0.145189
CSCO,76076,QMLE-Quote,2025-5-7,0.221535
CSCO,76076,QMLE-Quote,2025-5-8,0.167637
CSCO,76076,QMLE-Quote,2025-5-9,0.166285
CSCO,76076,QMLE-Quote,2025-5-12,0.161737
CSCO,76076,QMLE-Quote,2025-5-13,0.136397
CSCO,76076,QMLE-Quote,2025-5-14,0.160662
CSCO,76076,QMLE-Quote,2025-5-15,0.311434
CSCO,76076,QMLE-Quote,2025-5-16,0.202608
CSCO,76076,QMLE-Quote,2025-5-19,0.132829
CSCO,76076,QMLE-Quote,2025-5-20,0.113173
CSCO,76076,QMLE-Quote,2025-5-21,0.150113
CSCO,76076,QMLE-Quote,2025-5-22,0.13928
CSCO,76076,QMLE-Quote,2025-5-23,0.145397
CSCO,76076,QMLE-Quote,2025-5-27,0.102044
CSCO,76076,QMLE-Quote,2025-5-28,0.110869
CSCO,76076,QMLE-Quote,2025-5-29,0.13909
CSCO,76076,QMLE-Quote,2025-5-30,0.142159
CSCO,76076,QMLE-Quote,2025-6-2,0.136682
CSCO,76076,QMLE-Quote,2025-6-3,0.108249
CSCO,76076,QMLE-Quote,2025-6-4,0.101384
CSCO,76076,QMLE-Quote,2025-6-5,0.149981
CSCO,76076,QMLE-Quote,2025-6-6,0.126064
CSCO,76076,QMLE-Quote,2025-6-9,0.106699
CSCO,76076,QMLE-Quote,2025-6-10,0.140549
CSCO,76076,QMLE-Quote,2025-6-11,0.166594
CSCO,76076,QMLE-Quote,2025-6-12,0.115473
CSCO,76076,QMLE-Quote,2025-6-13,0.153292
CSCO,76076,QMLE-Quote,2025-6-16,0.156047
CSCO,76076,QMLE-Quote,2025-6-17,0.131381
CSCO,76076,QMLE-Quote,2025-6-18,0.143535
CSCO,76076,QMLE-Quote,2025-6-20,0.148529
CSCO,76076,QMLE-Quote,2025-6-23,0.166882
CSCO,76076,QMLE-Quote,2025-6-24,0.138343
CSCO,76076,QMLE-Quote,2025-6-25,0.107118
CSCO,76076,QMLE-Quote,2025-6-26,0.117986
CSCO,76076,QMLE-Quote,2025-6-27,0.104668
CSCO,76076,QMLE-Quote,2025-6-30,0.11943
CSCO,76076,QMLE-Quote,2025-7-1,0.125607
CSCO,76076,QMLE-Quote,2025-7-2,0.128475
CSCO,76076,QMLE-Quote,2025-7-3,0.119694
CSCO,76076,QMLE-Quote,2025-7-7,0.133121
CSCO,76076,QMLE-Quote,2025-7-8,0.131039
CSCO,76076,QMLE-Quote,2025-7-9,0.102661
CSCO,76076,QMLE-Quote,2025-7-10,0.130982
CSCO,76076,QMLE-Quote,2025-7-11,0.134484
CSCO,76076,QMLE-Quote,2025-7-14,0.131535
CSCO,76076,QMLE-Quote,2025-7-15,0.134105
CSCO,76076,QMLE-Quote,2025-7-16,0.15258
CSCO,76076,QMLE-Quote,2025-7-17,0.121527
CSCO,76076,QMLE-Quote,2025-7-18,0.0935768
CSCO,76076,QMLE-Quote,2025-7-21,0.101432
CSCO,76076,QMLE-Quote,2025-7-22,0.125714
CSCO,76076,QMLE-Quote,2025-7-23,0.113937
CSCO,76076,QMLE-Quote,2025-7-24,0.118741
CSCO,76076,QMLE-Quote,2025-7-25,0.098896
CSCO,76076,QMLE-Quote,2025-7-28,0.130724
CSCO,76076,QMLE-Quote,2025-7-29,0.122877
CSCO,76076,QMLE-Quote,2025-7-30,0.162832
CSCO,76076,QMLE-Quote,2025-7-31,0.166622
CSCO,76076,QMLE-Quote,2025-8-1,0.198893
CSCO,76076,QMLE-Quote,2025-8-4,0.123733
CSCO,76076,QMLE-Quote,2025-8-5,0.147482
CSCO,76076,QMLE-Quote,2025-8-6,0.14834
CSCO,76076,QMLE-Quote,2025-8-7,0.16727
CSCO,76076,QMLE-Quote,2025-8-8,0.164777
CSCO,76076,QMLE-Quote,2025-8-11,0.1859
CSCO,76076,QMLE-Quote,2025-8-12,0.137494
CSCO,76076,QMLE-Quote,2025-8-13,0.171067
CSCO,76076,QMLE-Quote,2025-8-14,0.407958
CSCO,76076,QMLE-Quote,2025-8-15,0.25796
CSCO,76076,QMLE-Quote,2025-8-18,0.167332
CSCO,76076,QMLE-Quote,2025-8-19,0.156799
CSCO,76076,QMLE-Quote,2025-8-20,0.149146
CSCO,76076,QMLE-Quote,2025-8-21,0.130676
CSCO,76076,QMLE-Quote,2025-8-22,0.159728
CSCO,76076,QMLE-Quote,2025-8-25,0.127641
CSCO,76076,QMLE-Quote,2025-8-26,0.147776
CSCO,76076,QMLE-Quote,2025-8-27,0.101516
CSCO,76076,QMLE-Quote,2025-8-28,0.133552
CSCO,76076,QMLE-Quote,2025-8-29,0.12334
CSCO,76076,QMLE-Quote,2025-9-2,0.180848
CSCO,76076,QMLE-Quote,2025-9-3,0.145794
CSCO,76076,QMLE-Quote,2025-9-4,0.146776
CSCO,76076,QMLE-Quote,2025-9-5,0.190262
CSCO,76076,QMLE-Quote,2025-9-8,0.139373
CSCO,76076,QMLE-Quote,2025-9-9,0.118283
CSCO,76076,QMLE-Quote,2025-9-10,0.170402
CSCO,76076,QMLE-Quote,2025-9-11,0.171162
CSCO,76076,QMLE-Quote,2025-9-12,0.173577
CSCO,76076,QMLE-Quote,2025-9-15,0.151709
CSCO,76076,QMLE-Quote,2025-9-16,0.144759
CSCO,76076,QMLE-Quote,2025-9-17,0.217949
CSCO,76076,QMLE-Quote,2025-9-18,0.173417
CSCO,76076,QMLE-Quote,2025-9-19,0.226122
CSCO,76076,QMLE-Quote,2025-9-22,0.165971
CSCO,76076,QMLE-Quote,2025-9-23,0.171194
CSCO,76076,QMLE-Quote,2025-9-24,0.160522
CSCO,76076,QMLE-Quote,2025-9-25,0.177079
CSCO,76076,QMLE-Quote,2025-9-26,0.174678
CSCO,76076,QMLE-Quote,2025-9-29,0.138115
CSCO,76076,QMLE-Quote,2025-9-30,0.160476
CSCO,76076,QMLE-Quote,2025-10-1,0.15931
CSCO,76076,QMLE-Quote,2025-10-2,0.175518
CSCO,76076,QMLE-Quote,2025-10-3,0.1344
CSCO,76076,QMLE-Quote,2025-10-6,0.169715
CSCO,76076,QMLE-Quote,2025-10-7,0.17336
CSCO,76076,QMLE-Quote,2025-10-8,0.242346
CSCO,76076,QMLE-Quote,2025-10-9,0.229732
CSCO,76076,QMLE-Quote,2025-10-10,0.258176
CSCO,76076,QMLE-Quote,2025-10-13,0.236917
CSCO,76076,QMLE-Quote,2025-10-14,0.184839
CSCO,76076,QMLE-Quote,2025-10-15,0.190655
CSCO,76076,QMLE-Quote,2025-10-16,0.21901
CSCO,76076,QMLE-Quote,2025-10-17,0.194867
CSCO,76076,QMLE-Quote,2025-10-20,0.156929
CSCO,76076,QMLE-Quote,2025-10-21,0.182364
CSCO,76076,QMLE-Quote,2025-10-22,0.18603
CSCO,76076,QMLE-Quote,2025-10-23,0.12908
CSCO,76076,QMLE-Quote,2025-10-24,0.149831
CSCO,76076,QMLE-Quote,2025-10-27,0.191856
CSCO,76076,QMLE-Quote,2025-10-28,0.188628
CSCO,76076,QMLE-Quote,2025-10-29,0.214906
CSCO,76076,QMLE-Quote,2025-10-30,0.181011
CSCO,76076,QMLE-Quote,2025-11-3,0.271527
CSCO,76076,QMLE-Quote,2025-11-4,0.201958
CSCO,76076,QMLE-Quote,2025-11-5,0.213815
CSCO,76076,QMLE-Quote,2025-11-6,0.204206
CSCO,76076,QMLE-Quote,2025-11-7,0.206658
CSCO,76076,QMLE-Quote,2025-11-10,0.199268
CSCO,76076,QMLE-Quote,2025-11-11,0.209405
CSCO,76076,QMLE-Quote,2025-11-12,0.276114
CSCO,76076,QMLE-Quote,2025-11-13,0.517879
CSCO,76076,QMLE-Quote,2025-11-14,0.315435
CSCO,76076,QMLE-Quote,2025-11-17,0.248079
CSCO,76076,QMLE-Quote,2025-11-18,0.275875
CSCO,76076,QMLE-Quote,2025-11-19,0.261464
CSCO,76076,QMLE-Quote,2025-11-20,0.31533
CSCO,76076,QMLE-Quote,2025-11-21,0.278216
CSCO,76076,QMLE-Quote,2025-11-24,0.211221
CSCO,76076,QMLE-Quote,2025-11-25,0.175231
CSCO,76076,QMLE-Quote,2025-11-26,0.16984
CSCO,76076,QMLE-Quote,2025-11-28,0.126757
CSCO,76076,QMLE-Quote,2025-12-1,0.134486
CSCO,76076,QMLE-Quote,2025-12-2,0.155288
CSCO,76076,QMLE-Quote,2025-12-3,0.176358
CSCO,76076,QMLE-Quote,2025-12-4,0.152284
CSCO,76076,QMLE-Quote,2025-12-5,0.150285
CSCO,76076,QMLE-Quote,2025-12-8,0.165962
CSCO,76076,QMLE-Quote,2025-12-9,0.146073
CSCO,76076,QMLE-Quote,2025-12-10,0.182871
CSCO,76076,QMLE-Quote,2025-12-11,0.196847
CSCO,76076,QMLE-Quote,2025-12-12,0.220763
CSCO,76076,QMLE-Quote,2025-12-15,0.166336
CSCO,76076,QMLE-Quote,2025-12-16,0.179421
CSCO,76076,QMLE-Quote,2025-12-17,0.21157
CSCO,76076,QMLE-Quote,2025-12-18,0.203706
CSCO,76076,QMLE-Quote,2025-12-19,0.236701
CSCO,76076,QMLE-Quote,2025-12-22,0.142385
CSCO,76076,QMLE-Quote,2025-12-23,0.114807
CSCO,76076,QMLE-Quote,2025-12-24,0.0962163
CSCO,76076,QMLE-Quote,2025-12-26,0.0913655
CSCO,76076,QMLE-Quote,2025-12-29,0.107448
CSCO,76076,QMLE-Quote,2025-12-30,0.111904
CSCO,76076,QMLE-Quote,2025-12-31,0.11569
CSCO,76076,QMLE-Quote,2026-1-2,0.20611
CSCO,76076,QMLE-Quote,2026-1-5,0.196311
CSCO,76076,QMLE-Quote,2026-1-6,0.186429
CSCO,76076,QMLE-Quote,2026-1-7,0.186627
CSCO,76076,QMLE-Quote,2026-1-8,0.160268
CSCO,76076,QMLE-Quote,2026-1-9,0.185697
CSCO,76076,QMLE-Quote,2026-1-12,0.176882
CSCO,76076,QMLE-Quote,2026-1-13,0.17038
CSCO,76076,QMLE-Quote,2026-1-14,0.16854
CSCO,76076,QMLE-Quote,2026-1-15,0.183034
CSCO,76076,QMLE-Quote,2026-1-16,0.162823
CSCO,76076,QMLE-Quote,2026-1-20,0.221835
CSCO,76076,QMLE-Quote,2026-1-21,0.22172
CSCO,76076,QMLE-Quote,2026-1-22,0.177944
CSCO,76076,QMLE-Quote,2026-1-23,0.165876
CSCO,76076,QMLE-Quote,2026-1-26,0.197618
CSCO,76076,QMLE-Quote,2026-1-27,0.149001
CSCO,76076,QMLE-Quote,2026-1-28,0.178376
CSCO,76076,QMLE-Quote,2026-1-29,0.21368
CSCO,76076,QMLE-Quote,2026-1-30,0.241039
CSCO,76076,QMLE-Quote,2026-2-2,0.216269
CSCO,76076,QMLE-Quote,2026-2-3,0.389964
CSCO,76076,QMLE-Quote,2026-2-4,0.351884
CSCO,76076,QMLE-Quote,2026-2-5,0.282629
CSCO,76076,QMLE-Quote,2026-2-6,0.235439
CSCO,76076,QMLE-Quote,2026-2-9,0.220295
CSCO,76076,QMLE-Quote,2026-2-10,0.221732
CSCO,76076,QMLE-Quote,2026-2-11,0.273612
CSCO,76076,QMLE-Quote,2026-2-12,0.493232
CSCO,76076,QMLE-Quote,2026-2-13,0.368513
CSCO,76076,QMLE-Quote,2026-2-17,0.252684
CSCO,76076,QMLE-Quote,2026-2-18,0.195294
CSCO,76076,QMLE-Quote,2026-2-19,0.202766
CSCO,76076,QMLE-Quote,2026-2-20,0.232247
CSCO,76076,QMLE-Quote,2026-2-23,0.222903
CSCO,76076,QMLE-Quote,2026-2-24,0.205358
CSCO,76076,QMLE-Quote,2026-2-25,0.17258
CSCO,76076,QMLE-Quote,2026-2-26,0.197514
CSCO,76076,QMLE-Quote,2026-2-27,0.231702
CSCO,76076,QMLE-Quote,2026-3-2,0.219269
CSCO,76076,QMLE-Quote,2026-3-3,0.248036
CSCO,76076,QMLE-Quote,2026-3-4,0.263417
CSCO,76076,QMLE-Quote,2026-3-5,0.250545
CSCO,76076,QMLE-Quote,2026-3-6,0.280072
CSCO,76076,QMLE-Quote,2026-3-10,0.279887
CSCO,76076,QMLE-Quote,2026-3-11,0.22779
CSCO,76076,QMLE-Quote,2026-3-12,0.24639
CSCO,76076,QMLE-Quote,2026-3-13,0.240774
CSCO,76076,QMLE-Quote,2026-3-16,0.21925
CSCO,76076,QMLE-Quote,2026-3-17,0.193914
CSCO,76076,QMLE-Quote,2026-3-18,0.227808
CSCO,76076,QMLE-Quote,2026-3-19,0.281423
CSCO,76076,QMLE-Quote,2026-3-20,0.283877
CSCO,76076,QMLE-Quote,2026-3-23,0.253679
CSCO,76076,QMLE-Quote,2026-3-24,0.25896
CSCO,76076,QMLE-Quote,2026-3-25,0.266363
CSCO,76076,QMLE-Quote,2026-3-26,0.242851
CSCO,76076,QMLE-Quote,2026-3-27,0.318247
CSCO,76076,QMLE-Quote,2026-3-30,0.260524
CSCO,76076,QMLE-Quote,2026-3-31,0.281737
CSCO,76076,QMLE-Quote,2026-4-1,0.21892
CSCO,76076,QMLE-Quote,2026-4-2,0.236299
CSCO,76076,QMLE-Quote,2026-4-6,0.164532
CSCO,76076,QMLE-Quote,2026-4-7,0.237839
CSCO,76076,QMLE-Quote,2026-4-8,0.198
CSCO,76076,QMLE-Quote,2026-4-9,0.257651
CSCO,76076,QMLE-Quote,2026-4-10,0.265506
CSCO,76076,QMLE-Quote,2026-4-14,0.181225
CSCO,76076,QMLE-Quote,2026-4-15,0.203784
CSCO,76076,QMLE-Quote,2026-4-16,0.192921
CSCO,76076,QMLE-Quote,2026-4-17,0.179319
CSCO,76076,QMLE-Quote,2026-4-20,0.172955
CSCO,76076,QMLE-Quote,2026-4-21,0.224698
CSCO,76076,QMLE-Quote,2026-4-22,0.163806
CSCO,76076,QMLE-Quote,2026-4-23,0.24028
CSCO,76076,QMLE-Quote,2026-4-24,0.173386
CSCO,76076,QMLE-Quote,2026-4-27,0.188535
CSCO,76076,QMLE-Quote,2026-4-28,0.238955
CSCO,76076,QMLE-Quote,2026-4-29,0.198994
CSCO,76076,QMLE-Quote,2026-4-30,0.21389
CSCO,76076,QMLE-Quote,2026-5-1,0.196377
CSCO,76076,QMLE-Quote,2026-5-4,0.186847
CSCO,76076,QMLE-Quote,2026-5-5,0.167069
CSCO,76076,QMLE-Quote,2026-5-6,0.26478
CSCO,76076,QMLE-Quote,2026-5-7,0.232221
CSCO,76076,QMLE-Quote,2026-5-8,0.280403
CSCO,76076,QMLE-Quote,2026-5-11,0.252335
CSCO,76076,QMLE-Quote,2026-5-12,0.279015
CSCO,76076,QMLE-Quote,2026-5-13,0.281306
CSCO,76076,QMLE-Quote,2026-5-14,0.663169
CSCO,76076,QMLE-Quote,2026-5-15,0.437919
CSCO,76076,QMLE-Quote,2026-5-18,0.350437
CSCO,76076,QMLE-Quote,2026-5-19,0.306538
CSCO,76076,QMLE-Quote,2026-5-20,0.305267
CSCO,76076,QMLE-Quote,2026-5-21,0.304513
CSCO,76076,QMLE-Quote,2026-5-22,0.268543
CSCO,76076,QMLE-Quote,2026-5-26,0.33555
CSCO,76076,QMLE-Quote,2026-5-27,0.298225
CSCO,76076,QMLE-Quote,2026-5-28,0.241611
CSCO,76076,QMLE-Quote,2026-5-29,0.286153
CSCO,76076,QMLE-Quote,2026-6-1,0.313821
CSCO,76076,QMLE-Quote,2026-6-2,0.312849
CSCO,76076,QMLE-Quote,2026-6-3,0.336694
CSCO,76076,QMLE-Quote,2026-6-4,0.320113
CSCO,76076,QMLE-Quote,2026-6-5,0.387613
CSCO,76076,QMLE-Quote,2026-6-8,0.315837
CSCO,76076,QMLE-Quote,2026-6-9,0.395398
CSCO,76076,QMLE-Quote,2026-6-10,0.367372
CSCO,76076,QMLE-Quote,2026-6-11,0.404491
CSCO,76076,QMLE-Quote,2026-6-12,0.276457
CSCO,76076,QMLE-Quote,2026-6-16,0.233651
CSCO,76076,QMLE-Quote,2026-6-17,0.310719
CSCO,76076,QMLE-Quote,2026-6-18,0.332859
CSCO,76076,QMLE-Quote,2026-6-22,0.262757
CSCO,76076,QMLE-Quote,2026-6-23,0.290092
CSCO,76076,QMLE-Quote,2026-6-24,0.324957
CSCO,76076,QMLE-Quote,2026-6-25,0.322537
CSCO,76076,QMLE-Quote,2026-6-26,0.402645
CSCO,76076,QMLE-Quote,2026-6-29,0.267584
CSCO,76076,QMLE-Quote,2026-7-1,0.313398
CSCO,76076,QMLE-Quote,2026-7-2,0.324915
CSCO,76076,QMLE-Quote,2026-7-6,0.234772
CSCO,76076,QMLE-Quote,2026-7-7,0.274301
CSCO,76076,QMLE-Quote,2026-7-8,0.268385
CSCO,76076,QMLE-Quote,2026-7-9,0.239787
CSCO,76076,QMLE-Quote,2026-7-10,0.240577
CSCO,76076,QMLE-Quote,2026-7-13,0.323637
CSCO,76076,QMLE-Quote,2026-7-14,0.302903
CSCO,76076,QMLE-Quote,2026-7-15,0.339479
CSCO,76076,QMLE-Quote,2026-7-16,0.362835
CSCO,76076,QMLE-Quote,2026-7-17,0.366598
CSCO,76076,QMLE-Quote,2026-7-20,0.271224
CSCO,76076,QMLE-Quote,2026-7-21,0.224955
CSCO,76076,QMLE-Quote,2026-7-22,0.225583
CSCO,76076,QMLE-Quote,2026-7-23,0.279444
CSCO,76076,QMLE-Quote,2026-7-24,0.274093
CSCO,76076,QMLE-Quote,2026-7-27,0.298923
CSCO,76076,QMLE-Quote,2026-7-28,0.420302
