Symbol,PN,Type,Date,Volatility
DIS,26403,QMLE-Trade,1996-1-2,0.196204
DIS,26403,QMLE-Trade,1996-1-3,0.200125
DIS,26403,QMLE-Trade,1996-1-4,0.259127
DIS,26403,QMLE-Trade,1996-1-5,0.241213
DIS,26403,QMLE-Trade,1996-1-8,0.0861056
DIS,26403,QMLE-Trade,1996-1-9,0.168178
DIS,26403,QMLE-Trade,1996-1-10,0.266363
DIS,26403,QMLE-Trade,1996-1-11,0.171352
DIS,26403,QMLE-Trade,1996-1-12,0.0996918
DIS,26403,QMLE-Trade,1996-1-15,0.107956
DIS,26403,QMLE-Trade,1996-1-16,0.191314
DIS,26403,QMLE-Trade,1996-1-17,0.162275
DIS,26403,QMLE-Trade,1996-1-18,0.101939
DIS,26403,QMLE-Trade,1996-1-19,0.0971331
DIS,26403,QMLE-Trade,1996-1-22,0.172057
DIS,26403,QMLE-Trade,1996-1-23,0.239482
DIS,26403,QMLE-Trade,1996-1-24,0.27446
DIS,26403,QMLE-Trade,1996-1-25,0.120729
DIS,26403,QMLE-Trade,1996-1-26,0.134272
DIS,26403,QMLE-Trade,1996-1-29,0.129424
DIS,26403,QMLE-Trade,1996-1-30,0.172949
DIS,26403,QMLE-Trade,1996-1-31,0.206034
DIS,26403,QMLE-Trade,1996-2-1,0.175719
DIS,26403,QMLE-Trade,1996-2-2,0.122534
DIS,26403,QMLE-Trade,1996-2-5,0.206076
DIS,26403,QMLE-Trade,1996-2-6,0.227738
DIS,26403,QMLE-Trade,1996-2-7,0.210408
DIS,26403,QMLE-Trade,1996-2-8,0.129162
DIS,26403,QMLE-Trade,1996-2-9,0.187324
DIS,26403,QMLE-Trade,1996-2-12,0.145796
DIS,26403,QMLE-Trade,1996-2-13,0.232265
DIS,26403,QMLE-Trade,1996-2-14,0.16921
DIS,26403,QMLE-Trade,1996-2-15,0.137693
DIS,26403,QMLE-Trade,1996-2-16,0.140863
DIS,26403,QMLE-Trade,1996-2-20,0.192933
DIS,26403,QMLE-Trade,1996-2-21,0.134052
DIS,26403,QMLE-Trade,1996-2-22,0.100188
DIS,26403,QMLE-Trade,1996-2-23,0.182598
DIS,26403,QMLE-Trade,1996-2-26,0.15903
DIS,26403,QMLE-Trade,1996-2-27,0.140954
DIS,26403,QMLE-Trade,1996-2-28,0.0862619
DIS,26403,QMLE-Trade,1996-2-29,0.138888
DIS,26403,QMLE-Trade,1996-3-1,0.124277
DIS,26403,QMLE-Trade,1996-3-4,0.0601265
DIS,26403,QMLE-Trade,1996-3-5,0.0953541
DIS,26403,QMLE-Trade,1996-3-6,0.0764435
DIS,26403,QMLE-Trade,1996-3-7,0.149526
DIS,26403,QMLE-Trade,1996-3-8,0.416092
DIS,26403,QMLE-Trade,1996-3-11,0.263953
DIS,26403,QMLE-Trade,1996-3-12,0.283021
DIS,26403,QMLE-Trade,1996-3-13,0.173863
DIS,26403,QMLE-Trade,1996-3-14,0.162477
DIS,26403,QMLE-Trade,1996-3-15,0.12757
DIS,26403,QMLE-Trade,1996-3-18,0.237433
DIS,26403,QMLE-Trade,1996-3-19,0.340398
DIS,26403,QMLE-Trade,1996-3-20,0.133698
DIS,26403,QMLE-Trade,1996-3-21,0.181669
DIS,26403,QMLE-Trade,1996-3-22,0.183263
DIS,26403,QMLE-Trade,1996-3-25,0.180664
DIS,26403,QMLE-Trade,1996-3-26,0.104871
DIS,26403,QMLE-Trade,1996-3-27,0.0686273
DIS,26403,QMLE-Trade,1996-3-28,0.0408722
DIS,26403,QMLE-Trade,1996-3-29,0.0865495
DIS,26403,QMLE-Trade,1996-4-1,0.127963
DIS,26403,QMLE-Trade,1996-4-2,0.092735
DIS,26403,QMLE-Trade,1996-4-3,0.102163
DIS,26403,QMLE-Trade,1996-4-4,0.141151
DIS,26403,QMLE-Trade,1996-4-8,0.188078
DIS,26403,QMLE-Trade,1996-4-9,0.1501
DIS,26403,QMLE-Trade,1996-4-10,0.244034
DIS,26403,QMLE-Trade,1996-4-11,0.302124
DIS,26403,QMLE-Trade,1996-4-12,0.18561
DIS,26403,QMLE-Trade,1996-4-15,0.175848
DIS,26403,QMLE-Trade,1996-4-16,0.132993
DIS,26403,QMLE-Trade,1996-4-17,0.121938
DIS,26403,QMLE-Trade,1996-4-18,0.109229
DIS,26403,QMLE-Trade,1996-4-19,0.117719
DIS,26403,QMLE-Trade,1996-4-22,0.134871
DIS,26403,QMLE-Trade,1996-4-23,0.255896
DIS,26403,QMLE-Trade,1996-4-24,0.273793
DIS,26403,QMLE-Trade,1996-4-25,0.155211
DIS,26403,QMLE-Trade,1996-4-26,0.167722
DIS,26403,QMLE-Trade,1996-4-29,0.0680711
DIS,26403,QMLE-Trade,1996-4-30,0.100502
DIS,26403,QMLE-Trade,1996-5-1,0.210145
DIS,26403,QMLE-Trade,1996-5-2,0.197274
DIS,26403,QMLE-Trade,1996-5-3,0.219631
DIS,26403,QMLE-Trade,1996-5-6,0.29051
DIS,26403,QMLE-Trade,1996-5-7,0.183515
DIS,26403,QMLE-Trade,1996-5-8,0.246298
DIS,26403,QMLE-Trade,1996-5-9,0.194637
DIS,26403,QMLE-Trade,1996-5-10,0.262081
DIS,26403,QMLE-Trade,1996-5-13,0.24211
DIS,26403,QMLE-Trade,1996-5-14,0.153678
DIS,26403,QMLE-Trade,1996-5-15,0.284975
DIS,26403,QMLE-Trade,1996-5-16,0.194485
DIS,26403,QMLE-Trade,1996-5-17,0.100746
DIS,26403,QMLE-Trade,1996-5-20,0.147042
DIS,26403,QMLE-Trade,1996-5-21,0.123048
DIS,26403,QMLE-Trade,1996-5-22,0.206264
DIS,26403,QMLE-Trade,1996-5-23,0.152802
DIS,26403,QMLE-Trade,1996-5-24,0.109011
DIS,26403,QMLE-Trade,1996-5-28,0.222429
DIS,26403,QMLE-Trade,1996-5-29,0.201764
DIS,26403,QMLE-Trade,1996-5-30,0.181771
DIS,26403,QMLE-Trade,1996-5-31,0.199632
DIS,26403,QMLE-Trade,1996-6-3,0.0684289
DIS,26403,QMLE-Trade,1996-6-4,0.147989
DIS,26403,QMLE-Trade,1996-6-5,0.191809
DIS,26403,QMLE-Trade,1996-6-6,0.201863
DIS,26403,QMLE-Trade,1996-6-7,0.34471
DIS,26403,QMLE-Trade,1996-6-10,0.195532
DIS,26403,QMLE-Trade,1996-6-11,0.178323
DIS,26403,QMLE-Trade,1996-6-12,0.165254
DIS,26403,QMLE-Trade,1996-6-13,0.167931
DIS,26403,QMLE-Trade,1996-6-14,0.125088
DIS,26403,QMLE-Trade,1996-6-17,0.15402
DIS,26403,QMLE-Trade,1996-6-18,0.148016
DIS,26403,QMLE-Trade,1996-6-19,0.0898319
DIS,26403,QMLE-Trade,1996-6-20,0.157665
DIS,26403,QMLE-Trade,1996-6-21,0.216938
DIS,26403,QMLE-Trade,1996-6-24,0.165876
DIS,26403,QMLE-Trade,1996-6-25,0.241554
DIS,26403,QMLE-Trade,1996-6-26,0.168244
DIS,26403,QMLE-Trade,1996-6-27,0.0912466
DIS,26403,QMLE-Trade,1996-6-28,0.162398
DIS,26403,QMLE-Trade,1996-7-1,0.158317
DIS,26403,QMLE-Trade,1996-7-2,0.17391
DIS,26403,QMLE-Trade,1996-7-3,0.331948
DIS,26403,QMLE-Trade,1996-7-5,0.233979
DIS,26403,QMLE-Trade,1996-7-8,0.259628
DIS,26403,QMLE-Trade,1996-7-9,0.223798
DIS,26403,QMLE-Trade,1996-7-10,0.192353
DIS,26403,QMLE-Trade,1996-7-11,0.352873
DIS,26403,QMLE-Trade,1996-7-12,0.333836
DIS,26403,QMLE-Trade,1996-7-15,0.402878
DIS,26403,QMLE-Trade,1996-7-16,0.56635
DIS,26403,QMLE-Trade,1996-7-17,0.269676
DIS,26403,QMLE-Trade,1996-7-18,0.160043
DIS,26403,QMLE-Trade,1996-7-19,0.072292
DIS,26403,QMLE-Trade,1996-7-22,0.171427
DIS,26403,QMLE-Trade,1996-7-23,0.196437
DIS,26403,QMLE-Trade,1996-7-24,0.253669
DIS,26403,QMLE-Trade,1996-7-25,0.293004
DIS,26403,QMLE-Trade,1996-7-26,0.251355
DIS,26403,QMLE-Trade,1996-7-29,0.196323
DIS,26403,QMLE-Trade,1996-7-30,0.230253
DIS,26403,QMLE-Trade,1996-7-31,0.190347
DIS,26403,QMLE-Trade,1996-8-1,0.250807
DIS,26403,QMLE-Trade,1996-8-2,0.153337
DIS,26403,QMLE-Trade,1996-8-5,0.112907
DIS,26403,QMLE-Trade,1996-8-6,0.159718
DIS,26403,QMLE-Trade,1996-8-7,0.122807
DIS,26403,QMLE-Trade,1996-8-8,0.143454
DIS,26403,QMLE-Trade,1996-8-9,0.0776116
DIS,26403,QMLE-Trade,1996-8-12,0.183654
DIS,26403,QMLE-Trade,1996-8-13,0.0927928
DIS,26403,QMLE-Trade,1996-8-14,0.110036
DIS,26403,QMLE-Trade,1996-8-15,0.112347
DIS,26403,QMLE-Trade,1996-8-16,0.0397886
DIS,26403,QMLE-Trade,1996-8-19,0.127132
DIS,26403,QMLE-Trade,1996-8-20,0.133768
DIS,26403,QMLE-Trade,1996-8-21,0.168867
DIS,26403,QMLE-Trade,1996-8-22,0.16052
DIS,26403,QMLE-Trade,1996-8-23,0.184694
DIS,26403,QMLE-Trade,1996-8-26,0.168869
DIS,26403,QMLE-Trade,1996-8-27,0.133611
DIS,26403,QMLE-Trade,1996-8-28,0.122395
DIS,26403,QMLE-Trade,1996-8-29,0.261035
DIS,26403,QMLE-Trade,1996-8-30,0.284493
DIS,26403,QMLE-Trade,1996-9-3,0.0695075
DIS,26403,QMLE-Trade,1996-9-4,0.0877137
DIS,26403,QMLE-Trade,1996-9-5,0.135101
DIS,26403,QMLE-Trade,1996-9-6,0.186499
DIS,26403,QMLE-Trade,1996-9-9,0.164554
DIS,26403,QMLE-Trade,1996-9-10,0.150756
DIS,26403,QMLE-Trade,1996-9-11,0.140991
DIS,26403,QMLE-Trade,1996-9-12,0.186446
DIS,26403,QMLE-Trade,1996-9-13,0.195303
DIS,26403,QMLE-Trade,1996-9-16,0.187652
DIS,26403,QMLE-Trade,1996-9-17,0.193387
DIS,26403,QMLE-Trade,1996-9-18,0.0777747
DIS,26403,QMLE-Trade,1996-9-19,0.246046
DIS,26403,QMLE-Trade,1996-9-20,0.170699
DIS,26403,QMLE-Trade,1996-9-23,0.134644
DIS,26403,QMLE-Trade,1996-9-24,0.196577
DIS,26403,QMLE-Trade,1996-9-25,0.0821241
DIS,26403,QMLE-Trade,1996-9-26,0.219096
DIS,26403,QMLE-Trade,1996-9-27,0.168005
DIS,26403,QMLE-Trade,1996-9-30,0.1625
DIS,26403,QMLE-Trade,1996-10-1,0.15436
DIS,26403,QMLE-Trade,1996-10-2,0.19931
DIS,26403,QMLE-Trade,1996-10-3,0.128243
DIS,26403,QMLE-Trade,1996-10-4,0.204787
DIS,26403,QMLE-Trade,1996-10-7,0.137525
DIS,26403,QMLE-Trade,1996-10-8,0.115464
DIS,26403,QMLE-Trade,1996-10-9,0.14213
DIS,26403,QMLE-Trade,1996-10-10,0.113266
DIS,26403,QMLE-Trade,1996-10-11,0.145116
DIS,26403,QMLE-Trade,1996-10-14,0.10316
DIS,26403,QMLE-Trade,1996-10-15,0.155402
DIS,26403,QMLE-Trade,1996-10-16,0.163356
DIS,26403,QMLE-Trade,1996-10-17,0.135148
DIS,26403,QMLE-Trade,1996-10-18,0.0547902
DIS,26403,QMLE-Trade,1996-10-21,0.144893
DIS,26403,QMLE-Trade,1996-10-22,0.161806
DIS,26403,QMLE-Trade,1996-10-23,0.136298
DIS,26403,QMLE-Trade,1996-10-24,0.151551
DIS,26403,QMLE-Trade,1996-10-25,0.143347
DIS,26403,QMLE-Trade,1996-10-28,0.135606
DIS,26403,QMLE-Trade,1996-10-29,0.179594
DIS,26403,QMLE-Trade,1996-10-30,0.0797599
DIS,26403,QMLE-Trade,1996-10-31,0.108498
DIS,26403,QMLE-Trade,1996-11-1,0.172851
DIS,26403,QMLE-Trade,1996-11-4,0.187219
DIS,26403,QMLE-Trade,1996-11-5,0.0946814
DIS,26403,QMLE-Trade,1996-11-6,0.162249
DIS,26403,QMLE-Trade,1996-11-7,0.244113
DIS,26403,QMLE-Trade,1996-11-8,0.164164
DIS,26403,QMLE-Trade,1996-11-11,0.170354
DIS,26403,QMLE-Trade,1996-11-12,0.212014
DIS,26403,QMLE-Trade,1996-11-13,0.173261
DIS,26403,QMLE-Trade,1996-11-14,0.169934
DIS,26403,QMLE-Trade,1996-11-15,0.317653
DIS,26403,QMLE-Trade,1996-11-18,0.146937
DIS,26403,QMLE-Trade,1996-11-19,0.185929
DIS,26403,QMLE-Trade,1996-11-20,0.143474
DIS,26403,QMLE-Trade,1996-11-21,0.140895
DIS,26403,QMLE-Trade,1996-11-22,0.135056
DIS,26403,QMLE-Trade,1996-11-25,0.150092
DIS,26403,QMLE-Trade,1996-11-26,0.420269
DIS,26403,QMLE-Trade,1996-11-27,0.221433
DIS,26403,QMLE-Trade,1996-11-29,0.174469
DIS,26403,QMLE-Trade,1996-12-2,0.27874
DIS,26403,QMLE-Trade,1996-12-3,0.253155
DIS,26403,QMLE-Trade,1996-12-4,0.322421
DIS,26403,QMLE-Trade,1996-12-5,0.282865
DIS,26403,QMLE-Trade,1996-12-6,0.17518
DIS,26403,QMLE-Trade,1996-12-9,0.237096
DIS,26403,QMLE-Trade,1996-12-10,0.108543
DIS,26403,QMLE-Trade,1996-12-11,0.321967
DIS,26403,QMLE-Trade,1996-12-12,0.285694
DIS,26403,QMLE-Trade,1996-12-13,0.29381
DIS,26403,QMLE-Trade,1996-12-16,0.244446
DIS,26403,QMLE-Trade,1996-12-17,0.170141
DIS,26403,QMLE-Trade,1996-12-18,0.208526
DIS,26403,QMLE-Trade,1996-12-19,0.156184
DIS,26403,QMLE-Trade,1996-12-20,0.174465
DIS,26403,QMLE-Trade,1996-12-23,0.0901854
DIS,26403,QMLE-Trade,1996-12-24,0.403835
DIS,26403,QMLE-Trade,1996-12-26,0.130161
DIS,26403,QMLE-Trade,1996-12-27,0.159262
DIS,26403,QMLE-Trade,1996-12-30,0.181921
DIS,26403,QMLE-Trade,1996-12-31,0.191976
DIS,26403,QMLE-Trade,1997-1-2,0.318226
DIS,26403,QMLE-Trade,1997-1-3,0.21654
DIS,26403,QMLE-Trade,1997-1-6,0.170422
DIS,26403,QMLE-Trade,1997-1-7,0.152945
DIS,26403,QMLE-Trade,1997-1-8,0.171456
DIS,26403,QMLE-Trade,1997-1-9,0.286271
DIS,26403,QMLE-Trade,1997-1-10,0.190578
DIS,26403,QMLE-Trade,1997-1-13,0.0489338
DIS,26403,QMLE-Trade,1997-1-14,0.191212
DIS,26403,QMLE-Trade,1997-1-15,0.177846
DIS,26403,QMLE-Trade,1997-1-16,0.18313
DIS,26403,QMLE-Trade,1997-1-17,0.178188
DIS,26403,QMLE-Trade,1997-1-20,0.0913523
DIS,26403,QMLE-Trade,1997-1-21,0.0936992
DIS,26403,QMLE-Trade,1997-1-22,0.223576
DIS,26403,QMLE-Trade,1997-1-23,0.176194
DIS,26403,QMLE-Trade,1997-1-24,0.288642
DIS,26403,QMLE-Trade,1997-1-27,0.225886
DIS,26403,QMLE-Trade,1997-1-28,0.309191
DIS,26403,QMLE-Trade,1997-1-29,0.127966
DIS,26403,QMLE-Trade,1997-1-30,0.219604
DIS,26403,QMLE-Trade,1997-1-31,0.132191
DIS,26403,QMLE-Trade,1997-2-3,0.165751
DIS,26403,QMLE-Trade,1997-2-4,0.0480824
DIS,26403,QMLE-Trade,1997-2-5,0.299873
DIS,26403,QMLE-Trade,1997-2-6,0.0978423
DIS,26403,QMLE-Trade,1997-2-7,0.125191
DIS,26403,QMLE-Trade,1997-2-10,0.241285
DIS,26403,QMLE-Trade,1997-2-11,0.244458
DIS,26403,QMLE-Trade,1997-2-12,0.214721
DIS,26403,QMLE-Trade,1997-2-13,0.307202
DIS,26403,QMLE-Trade,1997-2-14,0.177426
DIS,26403,QMLE-Trade,1997-2-18,0.199309
DIS,26403,QMLE-Trade,1997-2-19,0.21519
DIS,26403,QMLE-Trade,1997-2-20,0.225981
DIS,26403,QMLE-Trade,1997-2-21,0.154566
DIS,26403,QMLE-Trade,1997-2-24,0.225521
DIS,26403,QMLE-Trade,1997-2-25,0.284266
DIS,26403,QMLE-Trade,1997-2-26,0.378228
DIS,26403,QMLE-Trade,1997-2-27,0.111878
DIS,26403,QMLE-Trade,1997-2-28,0.229404
DIS,26403,QMLE-Trade,1997-3-3,0.240872
DIS,26403,QMLE-Trade,1997-3-4,0.0996811
DIS,26403,QMLE-Trade,1997-3-5,0.242026
DIS,26403,QMLE-Trade,1997-3-6,0.242201
DIS,26403,QMLE-Trade,1997-3-7,0.124183
DIS,26403,QMLE-Trade,1997-3-10,0.183759
DIS,26403,QMLE-Trade,1997-3-11,0.120671
DIS,26403,QMLE-Trade,1997-3-12,0.197993
DIS,26403,QMLE-Trade,1997-3-13,0.30041
DIS,26403,QMLE-Trade,1997-3-14,0.17867
DIS,26403,QMLE-Trade,1997-3-17,0.25679
DIS,26403,QMLE-Trade,1997-3-18,0.227049
DIS,26403,QMLE-Trade,1997-3-19,0.221785
DIS,26403,QMLE-Trade,1997-3-20,0.182094
DIS,26403,QMLE-Trade,1997-3-21,0.102879
DIS,26403,QMLE-Trade,1997-3-24,0.161179
DIS,26403,QMLE-Trade,1997-3-25,0.143783
DIS,26403,QMLE-Trade,1997-3-26,0.105986
DIS,26403,QMLE-Trade,1997-3-27,0.282749
DIS,26403,QMLE-Trade,1997-3-31,0.3808
DIS,26403,QMLE-Trade,1997-4-1,0.375045
DIS,26403,QMLE-Trade,1997-4-2,0.313732
DIS,26403,QMLE-Trade,1997-4-3,0.237124
DIS,26403,QMLE-Trade,1997-4-4,0.229244
DIS,26403,QMLE-Trade,1997-4-7,0.103922
DIS,26403,QMLE-Trade,1997-4-8,0.123982
DIS,26403,QMLE-Trade,1997-4-9,0.104805
DIS,26403,QMLE-Trade,1997-4-10,0.265224
DIS,26403,QMLE-Trade,1997-4-11,0.274309
DIS,26403,QMLE-Trade,1997-4-14,0.248939
DIS,26403,QMLE-Trade,1997-4-15,0.324138
DIS,26403,QMLE-Trade,1997-4-16,0.206755
DIS,26403,QMLE-Trade,1997-4-17,0.121806
DIS,26403,QMLE-Trade,1997-4-18,0.144466
DIS,26403,QMLE-Trade,1997-4-21,0.207135
DIS,26403,QMLE-Trade,1997-4-22,0.267293
DIS,26403,QMLE-Trade,1997-4-23,0.218536
DIS,26403,QMLE-Trade,1997-4-24,0.20236
DIS,26403,QMLE-Trade,1997-4-25,0.176018
DIS,26403,QMLE-Trade,1997-4-28,0.122508
DIS,26403,QMLE-Trade,1997-4-29,0.200799
DIS,26403,QMLE-Trade,1997-4-30,0.275649
DIS,26403,QMLE-Trade,1997-5-1,0.16313
DIS,26403,QMLE-Trade,1997-5-2,0.20497
DIS,26403,QMLE-Trade,1997-5-5,0.18752
DIS,26403,QMLE-Trade,1997-5-6,0.240621
DIS,26403,QMLE-Trade,1997-5-7,0.165894
DIS,26403,QMLE-Trade,1997-5-8,0.192603
DIS,26403,QMLE-Trade,1997-5-9,0.15217
DIS,26403,QMLE-Trade,1997-5-12,0.236223
DIS,26403,QMLE-Trade,1997-5-13,0.190465
DIS,26403,QMLE-Trade,1997-5-14,0.184223
DIS,26403,QMLE-Trade,1997-5-15,0.0697596
DIS,26403,QMLE-Trade,1997-5-16,0.15031
DIS,26403,QMLE-Trade,1997-5-19,0.18626
DIS,26403,QMLE-Trade,1997-5-20,0.282516
DIS,26403,QMLE-Trade,1997-5-21,0.239456
DIS,26403,QMLE-Trade,1997-5-22,0.130085
DIS,26403,QMLE-Trade,1997-5-23,0.108747
DIS,26403,QMLE-Trade,1997-5-27,0.199402
DIS,26403,QMLE-Trade,1997-5-28,0.182359
DIS,26403,QMLE-Trade,1997-5-29,0.139407
DIS,26403,QMLE-Trade,1997-5-30,0.263978
DIS,26403,QMLE-Trade,1997-6-2,0.170742
DIS,26403,QMLE-Trade,1997-6-3,0.0301447
DIS,26403,QMLE-Trade,1997-6-4,0.145368
DIS,26403,QMLE-Trade,1997-6-5,0.153706
DIS,26403,QMLE-Trade,1997-6-6,0.178705
DIS,26403,QMLE-Trade,1997-6-9,0.143601
DIS,26403,QMLE-Trade,1997-6-10,0.0856203
DIS,26403,QMLE-Trade,1997-6-11,0.110544
DIS,26403,QMLE-Trade,1997-6-12,0.0740086
DIS,26403,QMLE-Trade,1997-6-13,0.310294
DIS,26403,QMLE-Trade,1997-6-16,0.131684
DIS,26403,QMLE-Trade,1997-6-17,0.23076
DIS,26403,QMLE-Trade,1997-6-18,0.0961964
DIS,26403,QMLE-Trade,1997-6-19,0.203928
DIS,26403,QMLE-Trade,1997-6-20,0.125658
DIS,26403,QMLE-Trade,1997-6-23,0.200136
DIS,26403,QMLE-Trade,1997-6-24,0.224012
DIS,26403,QMLE-Trade,1997-6-25,0.322816
DIS,26403,QMLE-Trade,1997-6-26,0.218121
DIS,26403,QMLE-Trade,1997-6-27,0.194337
DIS,26403,QMLE-Trade,1997-6-30,0.210035
DIS,26403,QMLE-Trade,1997-7-1,0.270246
DIS,26403,QMLE-Trade,1997-7-2,0.195816
DIS,26403,QMLE-Trade,1997-7-3,0.296405
DIS,26403,QMLE-Trade,1997-7-7,0.32693
DIS,26403,QMLE-Trade,1997-7-8,0.232213
DIS,26403,QMLE-Trade,1997-7-9,0.252315
DIS,26403,QMLE-Trade,1997-7-10,0.114721
DIS,26403,QMLE-Trade,1997-7-11,0.16444
DIS,26403,QMLE-Trade,1997-7-14,0.195279
DIS,26403,QMLE-Trade,1997-7-15,0.175386
DIS,26403,QMLE-Trade,1997-7-16,0.167188
DIS,26403,QMLE-Trade,1997-7-17,0.225668
DIS,26403,QMLE-Trade,1997-7-18,0.281246
DIS,26403,QMLE-Trade,1997-7-21,0.174969
DIS,26403,QMLE-Trade,1997-7-22,0.248467
DIS,26403,QMLE-Trade,1997-7-23,0.151815
DIS,26403,QMLE-Trade,1997-7-24,0.293121
DIS,26403,QMLE-Trade,1997-7-25,0.175103
DIS,26403,QMLE-Trade,1997-7-28,0.127199
DIS,26403,QMLE-Trade,1997-7-29,0.126689
DIS,26403,QMLE-Trade,1997-7-30,0.202846
DIS,26403,QMLE-Trade,1997-7-31,0.191762
DIS,26403,QMLE-Trade,1997-8-1,0.189804
DIS,26403,QMLE-Trade,1997-8-4,0.166927
DIS,26403,QMLE-Trade,1997-8-5,0.124459
DIS,26403,QMLE-Trade,1997-8-6,0.165873
DIS,26403,QMLE-Trade,1997-8-7,0.178544
DIS,26403,QMLE-Trade,1997-8-8,0.177674
DIS,26403,QMLE-Trade,1997-8-11,0.255505
DIS,26403,QMLE-Trade,1997-8-12,0.21572
DIS,26403,QMLE-Trade,1997-8-13,0.327274
DIS,26403,QMLE-Trade,1997-8-14,0.288033
DIS,26403,QMLE-Trade,1997-8-15,0.236105
DIS,26403,QMLE-Trade,1997-8-18,0.28527
DIS,26403,QMLE-Trade,1997-8-19,0.239412
DIS,26403,QMLE-Trade,1997-8-20,0.175465
DIS,26403,QMLE-Trade,1997-8-21,0.193576
DIS,26403,QMLE-Trade,1997-8-22,0.224184
DIS,26403,QMLE-Trade,1997-8-25,0.21948
DIS,26403,QMLE-Trade,1997-8-26,0.198799
DIS,26403,QMLE-Trade,1997-8-27,0.256534
DIS,26403,QMLE-Trade,1997-8-28,0.315753
DIS,26403,QMLE-Trade,1997-8-29,0.233752
DIS,26403,QMLE-Trade,1997-9-2,0.249677
DIS,26403,QMLE-Trade,1997-9-3,0.161598
DIS,26403,QMLE-Trade,1997-9-4,0.200233
DIS,26403,QMLE-Trade,1997-9-5,0.144117
DIS,26403,QMLE-Trade,1997-9-8,0.14585
DIS,26403,QMLE-Trade,1997-9-9,0.185489
DIS,26403,QMLE-Trade,1997-9-10,0.108358
DIS,26403,QMLE-Trade,1997-9-11,0.311316
DIS,26403,QMLE-Trade,1997-9-12,0.190287
DIS,26403,QMLE-Trade,1997-9-15,0.106775
DIS,26403,QMLE-Trade,1997-9-16,0.191762
DIS,26403,QMLE-Trade,1997-9-17,0.207722
DIS,26403,QMLE-Trade,1997-9-18,0.276234
DIS,26403,QMLE-Trade,1997-9-19,0.0933039
DIS,26403,QMLE-Trade,1997-9-22,0.10067
DIS,26403,QMLE-Trade,1997-9-23,0.170666
DIS,26403,QMLE-Trade,1997-9-24,0.227895
DIS,26403,QMLE-Trade,1997-9-25,0.218338
DIS,26403,QMLE-Trade,1997-9-26,0.148324
DIS,26403,QMLE-Trade,1997-9-29,0.14627
DIS,26403,QMLE-Trade,1997-9-30,0.202355
DIS,26403,QMLE-Trade,1997-10-1,0.181745
DIS,26403,QMLE-Trade,1997-10-2,0.168998
DIS,26403,QMLE-Trade,1997-10-3,0.185954
DIS,26403,QMLE-Trade,1997-10-6,0.151965
DIS,26403,QMLE-Trade,1997-10-7,0.181219
DIS,26403,QMLE-Trade,1997-10-8,0.210927
DIS,26403,QMLE-Trade,1997-10-9,0.100815
DIS,26403,QMLE-Trade,1997-10-10,0.147721
DIS,26403,QMLE-Trade,1997-10-13,0.101972
DIS,26403,QMLE-Trade,1997-10-14,0.207808
DIS,26403,QMLE-Trade,1997-10-15,0.205662
DIS,26403,QMLE-Trade,1997-10-16,0.259941
DIS,26403,QMLE-Trade,1997-10-17,0.331315
DIS,26403,QMLE-Trade,1997-10-20,0.200083
DIS,26403,QMLE-Trade,1997-10-21,0.211675
DIS,26403,QMLE-Trade,1997-10-22,0.184133
DIS,26403,QMLE-Trade,1997-10-23,0.311164
DIS,26403,QMLE-Trade,1997-10-24,0.302615
DIS,26403,QMLE-Trade,1997-10-27,0.505418
DIS,26403,QMLE-Trade,1997-10-28,1.27899
DIS,26403,QMLE-Trade,1997-10-29,0.459092
DIS,26403,QMLE-Trade,1997-10-30,0.489536
DIS,26403,QMLE-Trade,1997-10-31,0.396514
DIS,26403,QMLE-Trade,1997-11-3,0.257303
DIS,26403,QMLE-Trade,1997-11-4,0.224655
DIS,26403,QMLE-Trade,1997-11-5,0.258586
DIS,26403,QMLE-Trade,1997-11-6,0.261132
DIS,26403,QMLE-Trade,1997-11-7,0.383825
DIS,26403,QMLE-Trade,1997-11-10,0.170914
DIS,26403,QMLE-Trade,1997-11-11,0.149135
DIS,26403,QMLE-Trade,1997-11-12,0.335156
DIS,26403,QMLE-Trade,1997-11-13,0.233487
DIS,26403,QMLE-Trade,1997-11-14,0.275051
DIS,26403,QMLE-Trade,1997-11-17,0.18729
DIS,26403,QMLE-Trade,1997-11-18,0.296649
DIS,26403,QMLE-Trade,1997-11-19,0.221651
DIS,26403,QMLE-Trade,1997-11-20,0.184298
DIS,26403,QMLE-Trade,1997-11-21,0.295847
DIS,26403,QMLE-Trade,1997-11-24,0.229339
DIS,26403,QMLE-Trade,1997-11-25,0.212952
DIS,26403,QMLE-Trade,1997-11-26,0.192263
DIS,26403,QMLE-Trade,1997-11-28,0.150768
DIS,26403,QMLE-Trade,1997-12-1,0.208782
DIS,26403,QMLE-Trade,1997-12-2,0.209497
DIS,26403,QMLE-Trade,1997-12-3,0.251758
DIS,26403,QMLE-Trade,1997-12-4,0.090414
DIS,26403,QMLE-Trade,1997-12-5,0.14713
DIS,26403,QMLE-Trade,1997-12-8,0.122421
DIS,26403,QMLE-Trade,1997-12-9,0.168358
DIS,26403,QMLE-Trade,1997-12-10,0.0844876
DIS,26403,QMLE-Trade,1997-12-11,0.222107
DIS,26403,QMLE-Trade,1997-12-12,0.248872
DIS,26403,QMLE-Trade,1997-12-15,0.205141
DIS,26403,QMLE-Trade,1997-12-16,0.181577
DIS,26403,QMLE-Trade,1997-12-17,0.0619342
DIS,26403,QMLE-Trade,1997-12-18,0.21318
DIS,26403,QMLE-Trade,1997-12-19,0.349571
DIS,26403,QMLE-Trade,1997-12-22,0.19351
DIS,26403,QMLE-Trade,1997-12-23,0.184074
DIS,26403,QMLE-Trade,1997-12-24,0.314147
DIS,26403,QMLE-Trade,1997-12-26,0.176743
DIS,26403,QMLE-Trade,1997-12-29,0.162846
DIS,26403,QMLE-Trade,1997-12-30,0.175601
DIS,26403,QMLE-Trade,1997-12-31,0.197165
DIS,26403,QMLE-Trade,1998-1-2,0.153748
DIS,26403,QMLE-Trade,1998-1-5,0.235298
DIS,26403,QMLE-Trade,1998-1-6,0.126394
DIS,26403,QMLE-Trade,1998-1-7,0.135449
DIS,26403,QMLE-Trade,1998-1-8,0.175125
DIS,26403,QMLE-Trade,1998-1-9,0.22668
DIS,26403,QMLE-Trade,1998-1-12,0.308191
DIS,26403,QMLE-Trade,1998-1-13,0.172632
DIS,26403,QMLE-Trade,1998-1-14,0.223636
DIS,26403,QMLE-Trade,1998-1-15,0.190917
DIS,26403,QMLE-Trade,1998-1-16,0.187476
DIS,26403,QMLE-Trade,1998-1-20,0.207068
DIS,26403,QMLE-Trade,1998-1-21,0.197117
DIS,26403,QMLE-Trade,1998-1-22,0.173755
DIS,26403,QMLE-Trade,1998-1-23,0.227842
DIS,26403,QMLE-Trade,1998-1-26,0.210951
DIS,26403,QMLE-Trade,1998-1-27,0.29002
DIS,26403,QMLE-Trade,1998-1-28,0.360013
DIS,26403,QMLE-Trade,1998-1-29,0.267554
DIS,26403,QMLE-Trade,1998-1-30,0.23001
DIS,26403,QMLE-Trade,1998-2-2,0.206808
DIS,26403,QMLE-Trade,1998-2-3,0.159959
DIS,26403,QMLE-Trade,1998-2-4,0.185215
DIS,26403,QMLE-Trade,1998-2-5,0.20175
DIS,26403,QMLE-Trade,1998-2-6,0.0800616
DIS,26403,QMLE-Trade,1998-2-9,0.152817
DIS,26403,QMLE-Trade,1998-2-10,0.202348
DIS,26403,QMLE-Trade,1998-2-11,0.167643
DIS,26403,QMLE-Trade,1998-2-12,0.195605
DIS,26403,QMLE-Trade,1998-2-13,0.136518
DIS,26403,QMLE-Trade,1998-2-17,0.147962
DIS,26403,QMLE-Trade,1998-2-18,0.219457
DIS,26403,QMLE-Trade,1998-2-19,0.206064
DIS,26403,QMLE-Trade,1998-2-20,0.17073
DIS,26403,QMLE-Trade,1998-2-23,0.20653
DIS,26403,QMLE-Trade,1998-2-24,0.206846
DIS,26403,QMLE-Trade,1998-2-25,0.138684
DIS,26403,QMLE-Trade,1998-2-26,0.254141
DIS,26403,QMLE-Trade,1998-2-27,0.206776
DIS,26403,QMLE-Trade,1998-3-2,0.279375
DIS,26403,QMLE-Trade,1998-3-3,0.201363
DIS,26403,QMLE-Trade,1998-3-4,0.290403
DIS,26403,QMLE-Trade,1998-3-5,0.152743
DIS,26403,QMLE-Trade,1998-3-6,0.138781
DIS,26403,QMLE-Trade,1998-3-9,0.112631
DIS,26403,QMLE-Trade,1998-3-10,0.0875184
DIS,26403,QMLE-Trade,1998-3-11,0.130462
DIS,26403,QMLE-Trade,1998-3-12,0.164827
DIS,26403,QMLE-Trade,1998-3-13,0.159105
DIS,26403,QMLE-Trade,1998-3-16,0.11697
DIS,26403,QMLE-Trade,1998-3-17,0.216757
DIS,26403,QMLE-Trade,1998-3-18,0.163628
DIS,26403,QMLE-Trade,1998-3-19,0.135509
DIS,26403,QMLE-Trade,1998-3-20,0.219741
DIS,26403,QMLE-Trade,1998-3-23,0.287989
DIS,26403,QMLE-Trade,1998-3-24,0.203462
DIS,26403,QMLE-Trade,1998-3-25,0.224079
DIS,26403,QMLE-Trade,1998-3-26,0.169366
DIS,26403,QMLE-Trade,1998-3-27,0.120917
DIS,26403,QMLE-Trade,1998-3-30,0.169487
DIS,26403,QMLE-Trade,1998-3-31,0.187653
DIS,26403,QMLE-Trade,1998-4-1,0.272432
DIS,26403,QMLE-Trade,1998-4-2,0.22717
DIS,26403,QMLE-Trade,1998-4-3,0.23368
DIS,26403,QMLE-Trade,1998-4-6,0.211174
DIS,26403,QMLE-Trade,1998-4-7,0.214026
DIS,26403,QMLE-Trade,1998-4-8,0.188465
DIS,26403,QMLE-Trade,1998-4-9,0.234919
DIS,26403,QMLE-Trade,1998-4-13,0.103951
DIS,26403,QMLE-Trade,1998-4-14,0.192447
DIS,26403,QMLE-Trade,1998-4-15,0.224944
DIS,26403,QMLE-Trade,1998-4-16,0.162761
DIS,26403,QMLE-Trade,1998-4-17,0.147045
DIS,26403,QMLE-Trade,1998-4-20,0.228733
DIS,26403,QMLE-Trade,1998-4-21,0.233497
DIS,26403,QMLE-Trade,1998-4-22,0.132568
DIS,26403,QMLE-Trade,1998-4-23,0.318732
DIS,26403,QMLE-Trade,1998-4-24,0.299855
DIS,26403,QMLE-Trade,1998-4-27,0.215979
DIS,26403,QMLE-Trade,1998-4-28,0.202349
DIS,26403,QMLE-Trade,1998-4-29,0.160799
DIS,26403,QMLE-Trade,1998-4-30,0.147227
DIS,26403,QMLE-Trade,1998-5-1,0.116366
DIS,26403,QMLE-Trade,1998-5-4,0.184273
DIS,26403,QMLE-Trade,1998-5-5,0.224421
DIS,26403,QMLE-Trade,1998-5-6,0.170659
DIS,26403,QMLE-Trade,1998-5-7,0.157967
DIS,26403,QMLE-Trade,1998-5-8,0.146103
DIS,26403,QMLE-Trade,1998-5-11,0.203608
DIS,26403,QMLE-Trade,1998-5-12,0.130655
DIS,26403,QMLE-Trade,1998-5-13,0.162597
DIS,26403,QMLE-Trade,1998-5-14,0.193157
DIS,26403,QMLE-Trade,1998-5-15,0.28284
DIS,26403,QMLE-Trade,1998-5-18,0.23863
DIS,26403,QMLE-Trade,1998-5-19,0.135387
DIS,26403,QMLE-Trade,1998-5-20,0.273041
DIS,26403,QMLE-Trade,1998-5-21,0.258933
DIS,26403,QMLE-Trade,1998-5-22,0.176698
DIS,26403,QMLE-Trade,1998-5-26,0.281067
DIS,26403,QMLE-Trade,1998-5-27,0.365179
DIS,26403,QMLE-Trade,1998-5-28,0.255517
DIS,26403,QMLE-Trade,1998-5-29,0.137806
DIS,26403,QMLE-Trade,1998-6-1,0.238939
DIS,26403,QMLE-Trade,1998-6-2,0.171808
DIS,26403,QMLE-Trade,1998-6-3,0.215091
DIS,26403,QMLE-Trade,1998-6-4,0.212402
DIS,26403,QMLE-Trade,1998-6-5,0.225409
DIS,26403,QMLE-Trade,1998-6-8,0.233557
DIS,26403,QMLE-Trade,1998-6-9,0.17675
DIS,26403,QMLE-Trade,1998-6-10,0.229117
DIS,26403,QMLE-Trade,1998-6-11,0.211741
DIS,26403,QMLE-Trade,1998-6-12,0.31316
DIS,26403,QMLE-Trade,1998-6-15,0.194997
DIS,26403,QMLE-Trade,1998-6-16,0.229401
DIS,26403,QMLE-Trade,1998-6-17,0.304405
DIS,26403,QMLE-Trade,1998-6-18,0.200673
DIS,26403,QMLE-Trade,1998-6-19,0.200415
DIS,26403,QMLE-Trade,1998-6-22,0.275146
DIS,26403,QMLE-Trade,1998-6-23,0.212881
DIS,26403,QMLE-Trade,1998-6-24,0.271448
DIS,26403,QMLE-Trade,1998-6-25,0.225882
DIS,26403,QMLE-Trade,1998-6-26,0.141795
DIS,26403,QMLE-Trade,1998-6-29,0.136163
DIS,26403,QMLE-Trade,1998-6-30,0.253524
DIS,26403,QMLE-Trade,1998-7-1,0.199292
DIS,26403,QMLE-Trade,1998-7-2,0.149576
DIS,26403,QMLE-Trade,1998-7-6,0.248706
DIS,26403,QMLE-Trade,1998-7-7,0.12031
DIS,26403,QMLE-Trade,1998-7-8,0.209885
DIS,26403,QMLE-Trade,1998-7-9,0.258537
DIS,26403,QMLE-Trade,1998-7-10,0.447092
DIS,26403,QMLE-Trade,1998-7-13,0.292079
DIS,26403,QMLE-Trade,1998-7-14,0.245891
DIS,26403,QMLE-Trade,1998-7-15,0.212679
DIS,26403,QMLE-Trade,1998-7-16,0.284907
DIS,26403,QMLE-Trade,1998-7-17,0.210611
DIS,26403,QMLE-Trade,1998-7-20,0.243037
DIS,26403,QMLE-Trade,1998-7-21,0.219528
DIS,26403,QMLE-Trade,1998-7-22,0.290399
DIS,26403,QMLE-Trade,1998-7-23,0.421944
DIS,26403,QMLE-Trade,1998-7-24,0.396942
DIS,26403,QMLE-Trade,1998-7-27,0.269967
DIS,26403,QMLE-Trade,1998-7-28,0.509964
DIS,26403,QMLE-Trade,1998-7-29,0.2732
DIS,26403,QMLE-Trade,1998-7-30,0.260622
DIS,26403,QMLE-Trade,1998-7-31,0.202301
DIS,26403,QMLE-Trade,1998-8-3,0.290013
DIS,26403,QMLE-Trade,1998-8-4,0.686351
DIS,26403,QMLE-Trade,1998-8-5,0.655038
DIS,26403,QMLE-Trade,1998-8-6,0.440322
DIS,26403,QMLE-Trade,1998-8-7,0.336279
DIS,26403,QMLE-Trade,1998-8-10,0.375349
DIS,26403,QMLE-Trade,1998-8-11,0.34251
DIS,26403,QMLE-Trade,1998-8-12,0.332452
DIS,26403,QMLE-Trade,1998-8-13,0.283645
DIS,26403,QMLE-Trade,1998-8-14,0.329015
DIS,26403,QMLE-Trade,1998-8-17,0.362547
DIS,26403,QMLE-Trade,1998-8-18,0.288773
DIS,26403,QMLE-Trade,1998-8-19,0.297776
DIS,26403,QMLE-Trade,1998-8-20,0.295645
DIS,26403,QMLE-Trade,1998-8-21,0.361483
DIS,26403,QMLE-Trade,1998-8-24,0.388876
DIS,26403,QMLE-Trade,1998-8-25,0.345963
DIS,26403,QMLE-Trade,1998-8-26,0.531735
DIS,26403,QMLE-Trade,1998-8-27,0.792592
DIS,26403,QMLE-Trade,1998-8-28,0.593662
DIS,26403,QMLE-Trade,1998-8-31,1.32572
DIS,26403,QMLE-Trade,1998-9-1,0.872989
DIS,26403,QMLE-Trade,1998-9-2,0.630653
DIS,26403,QMLE-Trade,1998-9-3,0.736789
DIS,26403,QMLE-Trade,1998-9-4,0.641668
DIS,26403,QMLE-Trade,1998-9-8,0.699
DIS,26403,QMLE-Trade,1998-9-9,0.419174
DIS,26403,QMLE-Trade,1998-9-10,0.50763
DIS,26403,QMLE-Trade,1998-9-11,0.563754
DIS,26403,QMLE-Trade,1998-9-14,0.487774
DIS,26403,QMLE-Trade,1998-9-15,0.367636
DIS,26403,QMLE-Trade,1998-9-16,0.494776
DIS,26403,QMLE-Trade,1998-9-17,0.328362
DIS,26403,QMLE-Trade,1998-9-18,0.348871
DIS,26403,QMLE-Trade,1998-9-21,0.236811
DIS,26403,QMLE-Trade,1998-9-22,0.294478
DIS,26403,QMLE-Trade,1998-9-23,0.437379
DIS,26403,QMLE-Trade,1998-9-24,0.436586
DIS,26403,QMLE-Trade,1998-9-25,0.310862
DIS,26403,QMLE-Trade,1998-9-28,0.184527
DIS,26403,QMLE-Trade,1998-9-29,0.510343
DIS,26403,QMLE-Trade,1998-9-30,0.313301
DIS,26403,QMLE-Trade,1998-10-1,0.387281
DIS,26403,QMLE-Trade,1998-10-2,0.595024
DIS,26403,QMLE-Trade,1998-10-5,0.512588
DIS,26403,QMLE-Trade,1998-10-6,0.379662
DIS,26403,QMLE-Trade,1998-10-7,0.55781
DIS,26403,QMLE-Trade,1998-10-8,0.757097
DIS,26403,QMLE-Trade,1998-10-9,0.687792
DIS,26403,QMLE-Trade,1998-10-12,0.318985
DIS,26403,QMLE-Trade,1998-10-13,0.443573
DIS,26403,QMLE-Trade,1998-10-14,0.495083
DIS,26403,QMLE-Trade,1998-10-15,0.604531
DIS,26403,QMLE-Trade,1998-10-16,0.43308
DIS,26403,QMLE-Trade,1998-10-19,0.463754
DIS,26403,QMLE-Trade,1998-10-20,0.463164
DIS,26403,QMLE-Trade,1998-10-21,0.292964
DIS,26403,QMLE-Trade,1998-10-22,0.292909
DIS,26403,QMLE-Trade,1998-10-23,0.220182
DIS,26403,QMLE-Trade,1998-10-26,0.219801
DIS,26403,QMLE-Trade,1998-10-27,0.337137
DIS,26403,QMLE-Trade,1998-10-28,0.343803
DIS,26403,QMLE-Trade,1998-10-29,0.249912
DIS,26403,QMLE-Trade,1998-10-30,0.288498
DIS,26403,QMLE-Trade,1998-11-2,0.377461
DIS,26403,QMLE-Trade,1998-11-3,0.261795
DIS,26403,QMLE-Trade,1998-11-4,0.35531
DIS,26403,QMLE-Trade,1998-11-5,0.443039
DIS,26403,QMLE-Trade,1998-11-6,0.307716
DIS,26403,QMLE-Trade,1998-11-9,0.406807
DIS,26403,QMLE-Trade,1998-11-10,0.285864
DIS,26403,QMLE-Trade,1998-11-11,0.249408
DIS,26403,QMLE-Trade,1998-11-12,0.260429
DIS,26403,QMLE-Trade,1998-11-13,0.347391
DIS,26403,QMLE-Trade,1998-11-16,0.257311
DIS,26403,QMLE-Trade,1998-11-17,0.399022
DIS,26403,QMLE-Trade,1998-11-18,0.298637
DIS,26403,QMLE-Trade,1998-11-19,0.216486
DIS,26403,QMLE-Trade,1998-11-20,0.174052
DIS,26403,QMLE-Trade,1998-11-23,0.322055
DIS,26403,QMLE-Trade,1998-11-24,0.39458
DIS,26403,QMLE-Trade,1998-11-25,0.358721
DIS,26403,QMLE-Trade,1998-11-27,0.319106
DIS,26403,QMLE-Trade,1998-11-30,0.462698
DIS,26403,QMLE-Trade,1998-12-1,0.371983
DIS,26403,QMLE-Trade,1998-12-2,0.294305
DIS,26403,QMLE-Trade,1998-12-3,0.38068
DIS,26403,QMLE-Trade,1998-12-4,0.203274
DIS,26403,QMLE-Trade,1998-12-7,0.31146
DIS,26403,QMLE-Trade,1998-12-8,0.231525
DIS,26403,QMLE-Trade,1998-12-9,0.352998
DIS,26403,QMLE-Trade,1998-12-10,0.473442
DIS,26403,QMLE-Trade,1998-12-11,0.345594
DIS,26403,QMLE-Trade,1998-12-14,0.372542
DIS,26403,QMLE-Trade,1998-12-15,0.293814
DIS,26403,QMLE-Trade,1998-12-16,0.284728
DIS,26403,QMLE-Trade,1998-12-17,0.252634
DIS,26403,QMLE-Trade,1998-12-18,0.295991
DIS,26403,QMLE-Trade,1998-12-21,0.295564
DIS,26403,QMLE-Trade,1998-12-22,0.24728
DIS,26403,QMLE-Trade,1998-12-23,0.186178
DIS,26403,QMLE-Trade,1998-12-24,0.243445
DIS,26403,QMLE-Trade,1998-12-28,0.225429
DIS,26403,QMLE-Trade,1998-12-29,0.205152
DIS,26403,QMLE-Trade,1998-12-30,0.194258
DIS,26403,QMLE-Trade,1998-12-31,0.232853
DIS,26403,QMLE-Trade,1999-1-4,0.303146
DIS,26403,QMLE-Trade,1999-1-5,0.23581
DIS,26403,QMLE-Trade,1999-1-6,0.38474
DIS,26403,QMLE-Trade,1999-1-7,0.328801
DIS,26403,QMLE-Trade,1999-1-8,0.440213
DIS,26403,QMLE-Trade,1999-1-11,0.581826
DIS,26403,QMLE-Trade,1999-1-12,0.404658
DIS,26403,QMLE-Trade,1999-1-13,0.589832
DIS,26403,QMLE-Trade,1999-1-14,0.454649
DIS,26403,QMLE-Trade,1999-1-15,0.275249
DIS,26403,QMLE-Trade,1999-1-19,0.291055
DIS,26403,QMLE-Trade,1999-1-20,0.338401
DIS,26403,QMLE-Trade,1999-1-21,0.605425
DIS,26403,QMLE-Trade,1999-1-22,0.243042
DIS,26403,QMLE-Trade,1999-1-25,0.256926
DIS,26403,QMLE-Trade,1999-1-26,0.29428
DIS,26403,QMLE-Trade,1999-1-27,0.389587
DIS,26403,QMLE-Trade,1999-1-28,0.20907
DIS,26403,QMLE-Trade,1999-1-29,0.276816
DIS,26403,QMLE-Trade,1999-2-1,0.300883
DIS,26403,QMLE-Trade,1999-2-2,0.293788
DIS,26403,QMLE-Trade,1999-2-3,0.299171
DIS,26403,QMLE-Trade,1999-2-4,0.429796
DIS,26403,QMLE-Trade,1999-2-5,0.320955
DIS,26403,QMLE-Trade,1999-2-8,0.241652
DIS,26403,QMLE-Trade,1999-2-9,0.342889
DIS,26403,QMLE-Trade,1999-2-10,0.311308
DIS,26403,QMLE-Trade,1999-2-11,0.287175
DIS,26403,QMLE-Trade,1999-2-12,0.396907
DIS,26403,QMLE-Trade,1999-2-16,0.288668
DIS,26403,QMLE-Trade,1999-2-17,0.283202
DIS,26403,QMLE-Trade,1999-2-18,0.289092
DIS,26403,QMLE-Trade,1999-2-19,0.192679
DIS,26403,QMLE-Trade,1999-2-22,0.213545
DIS,26403,QMLE-Trade,1999-2-23,0.350863
DIS,26403,QMLE-Trade,1999-2-24,0.354777
DIS,26403,QMLE-Trade,1999-2-25,0.336849
DIS,26403,QMLE-Trade,1999-2-26,0.38776
DIS,26403,QMLE-Trade,1999-3-1,0.414663
DIS,26403,QMLE-Trade,1999-3-2,0.279775
DIS,26403,QMLE-Trade,1999-3-3,0.246752
DIS,26403,QMLE-Trade,1999-3-4,0.231271
DIS,26403,QMLE-Trade,1999-3-5,0.14916
DIS,26403,QMLE-Trade,1999-3-8,0.279125
DIS,26403,QMLE-Trade,1999-3-9,0.350593
DIS,26403,QMLE-Trade,1999-3-10,0.320362
DIS,26403,QMLE-Trade,1999-3-11,0.288572
DIS,26403,QMLE-Trade,1999-3-12,0.253845
DIS,26403,QMLE-Trade,1999-3-15,0.243127
DIS,26403,QMLE-Trade,1999-3-16,0.223643
DIS,26403,QMLE-Trade,1999-3-17,0.240754
DIS,26403,QMLE-Trade,1999-3-18,0.284111
DIS,26403,QMLE-Trade,1999-3-19,0.286988
DIS,26403,QMLE-Trade,1999-3-22,0.199775
DIS,26403,QMLE-Trade,1999-3-23,0.250942
DIS,26403,QMLE-Trade,1999-3-24,0.183884
DIS,26403,QMLE-Trade,1999-3-25,0.296968
DIS,26403,QMLE-Trade,1999-3-26,0.192093
DIS,26403,QMLE-Trade,1999-3-29,0.244013
DIS,26403,QMLE-Trade,1999-3-30,0.275452
DIS,26403,QMLE-Trade,1999-3-31,0.403014
DIS,26403,QMLE-Trade,1999-4-1,0.246896
DIS,26403,QMLE-Trade,1999-4-5,0.238936
DIS,26403,QMLE-Trade,1999-4-6,0.428664
DIS,26403,QMLE-Trade,1999-4-7,0.519355
DIS,26403,QMLE-Trade,1999-4-8,0.358728
DIS,26403,QMLE-Trade,1999-4-9,0.356079
DIS,26403,QMLE-Trade,1999-4-12,0.349657
DIS,26403,QMLE-Trade,1999-4-13,0.385838
DIS,26403,QMLE-Trade,1999-4-14,0.430985
DIS,26403,QMLE-Trade,1999-4-15,0.521379
DIS,26403,QMLE-Trade,1999-4-16,0.275116
DIS,26403,QMLE-Trade,1999-4-19,0.557551
DIS,26403,QMLE-Trade,1999-4-20,0.389403
DIS,26403,QMLE-Trade,1999-4-21,0.39725
DIS,26403,QMLE-Trade,1999-4-22,0.310883
DIS,26403,QMLE-Trade,1999-4-23,0.421443
DIS,26403,QMLE-Trade,1999-4-26,0.275343
DIS,26403,QMLE-Trade,1999-4-27,0.449499
DIS,26403,QMLE-Trade,1999-4-28,0.573723
DIS,26403,QMLE-Trade,1999-4-29,0.411642
DIS,26403,QMLE-Trade,1999-4-30,0.462204
DIS,26403,QMLE-Trade,1999-5-3,0.342185
DIS,26403,QMLE-Trade,1999-5-4,0.280699
DIS,26403,QMLE-Trade,1999-5-5,0.217886
DIS,26403,QMLE-Trade,1999-5-6,0.304957
DIS,26403,QMLE-Trade,1999-5-7,0.353761
DIS,26403,QMLE-Trade,1999-5-10,0.226768
DIS,26403,QMLE-Trade,1999-5-11,0.226947
DIS,26403,QMLE-Trade,1999-5-12,0.312828
DIS,26403,QMLE-Trade,1999-5-13,0.208991
DIS,26403,QMLE-Trade,1999-5-14,0.295009
DIS,26403,QMLE-Trade,1999-5-17,0.214427
DIS,26403,QMLE-Trade,1999-5-18,0.307806
DIS,26403,QMLE-Trade,1999-5-19,0.436318
DIS,26403,QMLE-Trade,1999-5-20,0.219346
DIS,26403,QMLE-Trade,1999-5-21,0.229703
DIS,26403,QMLE-Trade,1999-5-24,0.208057
DIS,26403,QMLE-Trade,1999-5-25,0.212795
DIS,26403,QMLE-Trade,1999-5-26,0.257547
DIS,26403,QMLE-Trade,1999-5-27,0.281969
DIS,26403,QMLE-Trade,1999-5-28,0.275374
DIS,26403,QMLE-Trade,1999-6-1,0.274457
DIS,26403,QMLE-Trade,1999-6-2,0.276582
DIS,26403,QMLE-Trade,1999-6-3,0.295245
DIS,26403,QMLE-Trade,1999-6-4,0.467348
DIS,26403,QMLE-Trade,1999-6-7,0.301122
DIS,26403,QMLE-Trade,1999-6-8,0.386054
DIS,26403,QMLE-Trade,1999-6-9,0.192147
DIS,26403,QMLE-Trade,1999-6-10,0.206306
DIS,26403,QMLE-Trade,1999-6-11,0.271385
DIS,26403,QMLE-Trade,1999-6-14,0.23574
DIS,26403,QMLE-Trade,1999-6-15,0.267805
DIS,26403,QMLE-Trade,1999-6-16,0.20061
DIS,26403,QMLE-Trade,1999-6-17,0.202633
DIS,26403,QMLE-Trade,1999-6-18,0.222342
DIS,26403,QMLE-Trade,1999-6-21,0.137018
DIS,26403,QMLE-Trade,1999-6-22,0.2179
DIS,26403,QMLE-Trade,1999-6-23,0.225552
DIS,26403,QMLE-Trade,1999-6-24,0.197407
DIS,26403,QMLE-Trade,1999-6-25,0.1632
DIS,26403,QMLE-Trade,1999-6-28,0.224322
DIS,26403,QMLE-Trade,1999-6-29,0.228285
DIS,26403,QMLE-Trade,1999-6-30,0.3041
DIS,26403,QMLE-Trade,1999-7-1,0.356346
DIS,26403,QMLE-Trade,1999-7-2,0.233319
DIS,26403,QMLE-Trade,1999-7-6,0.117236
DIS,26403,QMLE-Trade,1999-7-7,0.343522
DIS,26403,QMLE-Trade,1999-7-8,0.124616
DIS,26403,QMLE-Trade,1999-7-9,0.233222
DIS,26403,QMLE-Trade,1999-7-12,0.282648
DIS,26403,QMLE-Trade,1999-7-13,0.257512
DIS,26403,QMLE-Trade,1999-7-14,0.273389
DIS,26403,QMLE-Trade,1999-7-15,0.246716
DIS,26403,QMLE-Trade,1999-7-16,0.205998
DIS,26403,QMLE-Trade,1999-7-19,0.198129
DIS,26403,QMLE-Trade,1999-7-20,0.164811
DIS,26403,QMLE-Trade,1999-7-21,0.245798
DIS,26403,QMLE-Trade,1999-7-22,0.209427
DIS,26403,QMLE-Trade,1999-7-23,0.191144
DIS,26403,QMLE-Trade,1999-7-26,0.248643
DIS,26403,QMLE-Trade,1999-7-27,0.251144
DIS,26403,QMLE-Trade,1999-7-28,0.244279
DIS,26403,QMLE-Trade,1999-7-29,0.218912
DIS,26403,QMLE-Trade,1999-7-30,0.228458
DIS,26403,QMLE-Trade,1999-8-2,0.185681
DIS,26403,QMLE-Trade,1999-8-3,0.279777
DIS,26403,QMLE-Trade,1999-8-4,0.221161
DIS,26403,QMLE-Trade,1999-8-5,0.312893
DIS,26403,QMLE-Trade,1999-8-6,0.292347
DIS,26403,QMLE-Trade,1999-8-9,0.275724
DIS,26403,QMLE-Trade,1999-8-10,0.335706
DIS,26403,QMLE-Trade,1999-8-11,0.192185
DIS,26403,QMLE-Trade,1999-8-12,0.219772
DIS,26403,QMLE-Trade,1999-8-13,0.264027
DIS,26403,QMLE-Trade,1999-8-16,0.23091
DIS,26403,QMLE-Trade,1999-8-17,0.241225
DIS,26403,QMLE-Trade,1999-8-18,0.197017
DIS,26403,QMLE-Trade,1999-8-19,0.19286
DIS,26403,QMLE-Trade,1999-8-20,0.17649
DIS,26403,QMLE-Trade,1999-8-23,0.162124
DIS,26403,QMLE-Trade,1999-8-24,0.142496
DIS,26403,QMLE-Trade,1999-8-25,0.209681
DIS,26403,QMLE-Trade,1999-8-26,0.143696
DIS,26403,QMLE-Trade,1999-8-27,0.210074
DIS,26403,QMLE-Trade,1999-8-30,0.206301
DIS,26403,QMLE-Trade,1999-8-31,0.283419
DIS,26403,QMLE-Trade,1999-9-1,0.320252
DIS,26403,QMLE-Trade,1999-9-2,0.267273
DIS,26403,QMLE-Trade,1999-9-3,0.267272
DIS,26403,QMLE-Trade,1999-9-7,0.390711
DIS,26403,QMLE-Trade,1999-9-8,0.255767
DIS,26403,QMLE-Trade,1999-9-9,0.284136
DIS,26403,QMLE-Trade,1999-9-10,0.253342
DIS,26403,QMLE-Trade,1999-9-13,0.226911
DIS,26403,QMLE-Trade,1999-9-14,0.0886226
DIS,26403,QMLE-Trade,1999-9-15,0.222384
DIS,26403,QMLE-Trade,1999-9-16,0.205709
DIS,26403,QMLE-Trade,1999-9-17,0.171548
DIS,26403,QMLE-Trade,1999-9-20,0.22915
DIS,26403,QMLE-Trade,1999-9-21,0.298657
DIS,26403,QMLE-Trade,1999-9-22,0.177058
DIS,26403,QMLE-Trade,1999-9-23,0.27689
DIS,26403,QMLE-Trade,1999-9-24,0.378816
DIS,26403,QMLE-Trade,1999-9-27,0.231348
DIS,26403,QMLE-Trade,1999-9-28,0.435093
DIS,26403,QMLE-Trade,1999-9-29,0.268006
DIS,26403,QMLE-Trade,1999-9-30,0.438154
DIS,26403,QMLE-Trade,1999-10-1,0.313125
DIS,26403,QMLE-Trade,1999-10-4,0.229972
DIS,26403,QMLE-Trade,1999-10-5,0.352452
DIS,26403,QMLE-Trade,1999-10-6,0.223182
DIS,26403,QMLE-Trade,1999-10-7,0.234305
DIS,26403,QMLE-Trade,1999-10-8,0.24789
DIS,26403,QMLE-Trade,1999-10-11,0.175071
DIS,26403,QMLE-Trade,1999-10-12,0.118443
DIS,26403,QMLE-Trade,1999-10-13,0.2034
DIS,26403,QMLE-Trade,1999-10-14,0.434281
DIS,26403,QMLE-Trade,1999-10-15,0.359633
DIS,26403,QMLE-Trade,1999-10-18,0.334178
DIS,26403,QMLE-Trade,1999-10-19,0.326425
DIS,26403,QMLE-Trade,1999-10-20,0.297987
DIS,26403,QMLE-Trade,1999-10-21,0.222457
DIS,26403,QMLE-Trade,1999-10-22,0.299338
DIS,26403,QMLE-Trade,1999-10-25,0.262316
DIS,26403,QMLE-Trade,1999-10-26,0.358065
DIS,26403,QMLE-Trade,1999-10-27,0.266053
DIS,26403,QMLE-Trade,1999-10-28,0.514125
DIS,26403,QMLE-Trade,1999-10-29,0.306137
DIS,26403,QMLE-Trade,1999-11-1,0.43631
DIS,26403,QMLE-Trade,1999-11-2,0.332614
DIS,26403,QMLE-Trade,1999-11-3,0.388105
DIS,26403,QMLE-Trade,1999-11-4,0.488059
DIS,26403,QMLE-Trade,1999-11-5,0.455802
DIS,26403,QMLE-Trade,1999-11-8,0.310989
DIS,26403,QMLE-Trade,1999-11-9,0.383924
DIS,26403,QMLE-Trade,1999-11-10,0.515865
DIS,26403,QMLE-Trade,1999-11-11,0.284918
DIS,26403,QMLE-Trade,1999-11-12,0.365603
DIS,26403,QMLE-Trade,1999-11-15,0.453889
DIS,26403,QMLE-Trade,1999-11-16,0.168788
DIS,26403,QMLE-Trade,1999-11-17,0.257849
DIS,26403,QMLE-Trade,1999-11-18,0.319743
DIS,26403,QMLE-Trade,1999-11-19,0.351903
DIS,26403,QMLE-Trade,1999-11-22,0.175085
DIS,26403,QMLE-Trade,1999-11-23,0.268904
DIS,26403,QMLE-Trade,1999-11-24,0.330054
DIS,26403,QMLE-Trade,1999-11-26,0.495479
DIS,26403,QMLE-Trade,1999-11-29,0.425777
DIS,26403,QMLE-Trade,1999-11-30,0.314752
DIS,26403,QMLE-Trade,1999-12-1,0.235001
DIS,26403,QMLE-Trade,1999-12-2,0.18882
DIS,26403,QMLE-Trade,1999-12-3,0.34176
DIS,26403,QMLE-Trade,1999-12-6,0.238974
DIS,26403,QMLE-Trade,1999-12-7,0.259109
DIS,26403,QMLE-Trade,1999-12-8,0.329976
DIS,26403,QMLE-Trade,1999-12-9,0.251728
DIS,26403,QMLE-Trade,1999-12-10,0.340816
DIS,26403,QMLE-Trade,1999-12-13,0.306978
DIS,26403,QMLE-Trade,1999-12-14,0.311442
DIS,26403,QMLE-Trade,1999-12-15,0.391125
DIS,26403,QMLE-Trade,1999-12-16,0.171679
DIS,26403,QMLE-Trade,1999-12-17,0.239634
DIS,26403,QMLE-Trade,1999-12-20,0.238214
DIS,26403,QMLE-Trade,1999-12-21,0.376569
DIS,26403,QMLE-Trade,1999-12-22,0.206888
DIS,26403,QMLE-Trade,1999-12-23,0.270314
DIS,26403,QMLE-Trade,1999-12-27,0.220068
DIS,26403,QMLE-Trade,1999-12-28,0.236558
DIS,26403,QMLE-Trade,1999-12-29,0.253708
DIS,26403,QMLE-Trade,1999-12-30,0.199444
DIS,26403,QMLE-Trade,1999-12-31,0.231829
DIS,26403,QMLE-Trade,2000-1-3,0.386162
DIS,26403,QMLE-Trade,2000-1-4,0.417808
DIS,26403,QMLE-Trade,2000-1-5,0.491498
DIS,26403,QMLE-Trade,2000-1-6,0.362047
DIS,26403,QMLE-Trade,2000-1-7,0.382289
DIS,26403,QMLE-Trade,2000-1-10,0.484237
DIS,26403,QMLE-Trade,2000-1-11,0.332205
DIS,26403,QMLE-Trade,2000-1-12,0.440082
DIS,26403,QMLE-Trade,2000-1-13,0.375389
DIS,26403,QMLE-Trade,2000-1-14,0.390759
DIS,26403,QMLE-Trade,2000-1-18,0.461239
DIS,26403,QMLE-Trade,2000-1-19,0.290134
DIS,26403,QMLE-Trade,2000-1-20,0.373123
DIS,26403,QMLE-Trade,2000-1-21,0.261246
DIS,26403,QMLE-Trade,2000-1-24,0.389011
DIS,26403,QMLE-Trade,2000-1-25,0.362058
DIS,26403,QMLE-Trade,2000-1-26,0.275859
DIS,26403,QMLE-Trade,2000-1-27,0.345979
DIS,26403,QMLE-Trade,2000-1-28,0.417364
DIS,26403,QMLE-Trade,2000-1-31,0.249154
DIS,26403,QMLE-Trade,2000-2-1,0.242195
DIS,26403,QMLE-Trade,2000-2-2,0.360104
DIS,26403,QMLE-Trade,2000-2-3,0.373343
DIS,26403,QMLE-Trade,2000-2-4,0.373214
DIS,26403,QMLE-Trade,2000-2-7,0.253982
DIS,26403,QMLE-Trade,2000-2-8,0.242555
DIS,26403,QMLE-Trade,2000-2-9,0.311157
DIS,26403,QMLE-Trade,2000-2-10,0.318147
DIS,26403,QMLE-Trade,2000-2-11,0.452606
DIS,26403,QMLE-Trade,2000-2-14,0.267359
DIS,26403,QMLE-Trade,2000-2-15,0.47277
DIS,26403,QMLE-Trade,2000-2-16,0.217731
DIS,26403,QMLE-Trade,2000-2-17,0.236902
DIS,26403,QMLE-Trade,2000-2-18,0.324021
DIS,26403,QMLE-Trade,2000-2-22,0.574622
DIS,26403,QMLE-Trade,2000-2-23,0.54752
DIS,26403,QMLE-Trade,2000-2-24,0.435329
DIS,26403,QMLE-Trade,2000-2-25,0.483727
DIS,26403,QMLE-Trade,2000-2-28,0.441124
DIS,26403,QMLE-Trade,2000-2-29,0.294218
DIS,26403,QMLE-Trade,2000-3-1,0.423081
DIS,26403,QMLE-Trade,2000-3-2,0.209048
DIS,26403,QMLE-Trade,2000-3-3,0.340363
DIS,26403,QMLE-Trade,2000-3-6,0.328511
DIS,26403,QMLE-Trade,2000-3-7,0.255229
DIS,26403,QMLE-Trade,2000-3-8,0.226863
DIS,26403,QMLE-Trade,2000-3-9,0.338776
DIS,26403,QMLE-Trade,2000-3-10,0.294197
DIS,26403,QMLE-Trade,2000-3-13,0.505554
DIS,26403,QMLE-Trade,2000-3-14,0.387483
DIS,26403,QMLE-Trade,2000-3-15,0.290987
DIS,26403,QMLE-Trade,2000-3-16,0.521944
DIS,26403,QMLE-Trade,2000-3-17,0.409558
DIS,26403,QMLE-Trade,2000-3-20,0.35019
DIS,26403,QMLE-Trade,2000-3-21,0.483239
DIS,26403,QMLE-Trade,2000-3-22,0.418709
DIS,26403,QMLE-Trade,2000-3-23,0.347554
DIS,26403,QMLE-Trade,2000-3-24,0.281864
DIS,26403,QMLE-Trade,2000-3-27,0.420588
DIS,26403,QMLE-Trade,2000-3-28,0.478553
DIS,26403,QMLE-Trade,2000-3-29,0.36821
DIS,26403,QMLE-Trade,2000-3-30,0.276125
DIS,26403,QMLE-Trade,2000-3-31,0.399951
DIS,26403,QMLE-Trade,2000-4-3,0.248538
DIS,26403,QMLE-Trade,2000-4-4,0.787876
DIS,26403,QMLE-Trade,2000-4-5,0.4856
DIS,26403,QMLE-Trade,2000-4-6,0.286618
DIS,26403,QMLE-Trade,2000-4-7,0.244574
DIS,26403,QMLE-Trade,2000-4-10,0.338149
DIS,26403,QMLE-Trade,2000-4-11,0.286784
DIS,26403,QMLE-Trade,2000-4-12,0.539007
DIS,26403,QMLE-Trade,2000-4-13,0.36383
DIS,26403,QMLE-Trade,2000-4-14,0.552598
DIS,26403,QMLE-Trade,2000-4-17,0.458563
DIS,26403,QMLE-Trade,2000-4-18,0.316391
DIS,26403,QMLE-Trade,2000-4-19,0.373818
DIS,26403,QMLE-Trade,2000-4-20,0.268675
DIS,26403,QMLE-Trade,2000-4-24,0.375967
DIS,26403,QMLE-Trade,2000-4-25,0.431144
DIS,26403,QMLE-Trade,2000-4-26,0.334428
DIS,26403,QMLE-Trade,2000-4-27,0.324904
DIS,26403,QMLE-Trade,2000-4-28,0.288192
DIS,26403,QMLE-Trade,2000-5-1,0.399553
DIS,26403,QMLE-Trade,2000-5-2,0.570054
DIS,26403,QMLE-Trade,2000-5-3,0.438206
DIS,26403,QMLE-Trade,2000-5-4,0.63662
DIS,26403,QMLE-Trade,2000-5-5,0.438431
DIS,26403,QMLE-Trade,2000-5-8,0.319582
DIS,26403,QMLE-Trade,2000-5-9,0.419024
DIS,26403,QMLE-Trade,2000-5-10,0.362733
DIS,26403,QMLE-Trade,2000-5-11,0.248529
DIS,26403,QMLE-Trade,2000-5-12,0.294924
DIS,26403,QMLE-Trade,2000-5-15,0.281651
DIS,26403,QMLE-Trade,2000-5-16,0.356682
DIS,26403,QMLE-Trade,2000-5-17,0.21854
DIS,26403,QMLE-Trade,2000-5-18,0.250143
DIS,26403,QMLE-Trade,2000-5-19,0.321999
DIS,26403,QMLE-Trade,2000-5-22,0.512879
DIS,26403,QMLE-Trade,2000-5-23,0.333928
DIS,26403,QMLE-Trade,2000-5-24,0.423967
DIS,26403,QMLE-Trade,2000-5-25,0.375328
DIS,26403,QMLE-Trade,2000-5-26,0.255257
DIS,26403,QMLE-Trade,2000-5-30,0.293311
DIS,26403,QMLE-Trade,2000-5-31,0.319437
DIS,26403,QMLE-Trade,2000-6-1,0.275844
DIS,26403,QMLE-Trade,2000-6-2,0.348289
DIS,26403,QMLE-Trade,2000-6-5,0.226567
DIS,26403,QMLE-Trade,2000-6-6,0.267545
DIS,26403,QMLE-Trade,2000-6-7,0.211567
DIS,26403,QMLE-Trade,2000-6-8,0.368713
DIS,26403,QMLE-Trade,2000-6-9,0.352016
DIS,26403,QMLE-Trade,2000-6-12,0.335942
DIS,26403,QMLE-Trade,2000-6-13,0.306345
DIS,26403,QMLE-Trade,2000-6-14,0.213451
DIS,26403,QMLE-Trade,2000-6-15,0.228714
DIS,26403,QMLE-Trade,2000-6-16,0.218067
DIS,26403,QMLE-Trade,2000-6-19,0.200504
DIS,26403,QMLE-Trade,2000-6-20,0.201358
DIS,26403,QMLE-Trade,2000-6-21,0.195551
DIS,26403,QMLE-Trade,2000-6-22,0.221856
DIS,26403,QMLE-Trade,2000-6-23,0.338043
DIS,26403,QMLE-Trade,2000-6-26,0.246334
DIS,26403,QMLE-Trade,2000-6-27,0.238429
DIS,26403,QMLE-Trade,2000-6-28,0.293934
DIS,26403,QMLE-Trade,2000-6-29,0.412702
DIS,26403,QMLE-Trade,2000-6-30,0.606479
DIS,26403,QMLE-Trade,2000-7-3,0.305609
DIS,26403,QMLE-Trade,2000-7-5,0.226016
DIS,26403,QMLE-Trade,2000-7-6,0.328175
DIS,26403,QMLE-Trade,2000-7-7,0.317977
DIS,26403,QMLE-Trade,2000-7-10,0.34243
DIS,26403,QMLE-Trade,2000-7-11,0.23465
DIS,26403,QMLE-Trade,2000-7-12,0.294231
DIS,26403,QMLE-Trade,2000-7-13,0.30968
DIS,26403,QMLE-Trade,2000-7-14,0.283664
DIS,26403,QMLE-Trade,2000-7-17,0.291201
DIS,26403,QMLE-Trade,2000-7-18,0.353966
DIS,26403,QMLE-Trade,2000-7-19,0.319067
DIS,26403,QMLE-Trade,2000-7-20,0.355308
DIS,26403,QMLE-Trade,2000-7-21,0.296749
DIS,26403,QMLE-Trade,2000-7-24,0.265295
DIS,26403,QMLE-Trade,2000-7-25,0.357725
DIS,26403,QMLE-Trade,2000-7-26,0.327254
DIS,26403,QMLE-Trade,2000-7-27,0.253217
DIS,26403,QMLE-Trade,2000-7-28,0.17293
DIS,26403,QMLE-Trade,2000-7-31,0.249048
DIS,26403,QMLE-Trade,2000-8-1,0.247348
DIS,26403,QMLE-Trade,2000-8-2,0.253531
DIS,26403,QMLE-Trade,2000-8-3,0.304058
DIS,26403,QMLE-Trade,2000-8-4,0.434397
DIS,26403,QMLE-Trade,2000-8-7,0.285103
DIS,26403,QMLE-Trade,2000-8-8,0.20382
DIS,26403,QMLE-Trade,2000-8-9,0.264249
DIS,26403,QMLE-Trade,2000-8-10,0.344515
DIS,26403,QMLE-Trade,2000-8-11,0.265672
DIS,26403,QMLE-Trade,2000-8-14,0.18493
DIS,26403,QMLE-Trade,2000-8-15,0.283775
DIS,26403,QMLE-Trade,2000-8-16,0.253302
DIS,26403,QMLE-Trade,2000-8-17,0.245363
DIS,26403,QMLE-Trade,2000-8-18,0.409244
DIS,26403,QMLE-Trade,2000-8-21,0.184635
DIS,26403,QMLE-Trade,2000-8-22,0.212183
DIS,26403,QMLE-Trade,2000-8-23,0.265049
DIS,26403,QMLE-Trade,2000-8-24,0.206438
DIS,26403,QMLE-Trade,2000-8-25,0.123942
DIS,26403,QMLE-Trade,2000-8-28,0.279135
DIS,26403,QMLE-Trade,2000-8-29,0.179035
DIS,26403,QMLE-Trade,2000-8-30,0.13884
DIS,26403,QMLE-Trade,2000-8-31,0.231879
DIS,26403,QMLE-Trade,2000-9-1,0.154853
DIS,26403,QMLE-Trade,2000-9-5,0.233058
DIS,26403,QMLE-Trade,2000-9-6,0.239795
DIS,26403,QMLE-Trade,2000-9-7,0.298896
DIS,26403,QMLE-Trade,2000-9-8,0.300365
DIS,26403,QMLE-Trade,2000-9-11,0.314734
DIS,26403,QMLE-Trade,2000-9-12,0.248468
DIS,26403,QMLE-Trade,2000-9-13,0.232161
DIS,26403,QMLE-Trade,2000-9-14,0.244976
DIS,26403,QMLE-Trade,2000-9-15,0.195049
DIS,26403,QMLE-Trade,2000-9-18,0.231729
DIS,26403,QMLE-Trade,2000-9-19,0.299637
DIS,26403,QMLE-Trade,2000-9-20,0.273851
DIS,26403,QMLE-Trade,2000-9-21,0.293629
DIS,26403,QMLE-Trade,2000-9-22,0.380014
DIS,26403,QMLE-Trade,2000-9-25,0.314678
DIS,26403,QMLE-Trade,2000-9-26,0.215321
DIS,26403,QMLE-Trade,2000-9-27,0.29171
DIS,26403,QMLE-Trade,2000-9-28,0.266571
DIS,26403,QMLE-Trade,2000-9-29,0.362729
DIS,26403,QMLE-Trade,2000-10-2,0.260711
DIS,26403,QMLE-Trade,2000-10-3,0.204311
DIS,26403,QMLE-Trade,2000-10-4,0.176413
DIS,26403,QMLE-Trade,2000-10-5,0.348418
DIS,26403,QMLE-Trade,2000-10-6,0.302594
DIS,26403,QMLE-Trade,2000-10-9,0.16518
DIS,26403,QMLE-Trade,2000-10-10,0.25198
DIS,26403,QMLE-Trade,2000-10-11,0.448748
DIS,26403,QMLE-Trade,2000-10-12,0.419237
DIS,26403,QMLE-Trade,2000-10-13,0.40859
DIS,26403,QMLE-Trade,2000-10-16,0.304766
DIS,26403,QMLE-Trade,2000-10-17,0.755265
DIS,26403,QMLE-Trade,2000-10-18,0.743183
DIS,26403,QMLE-Trade,2000-10-19,0.408519
DIS,26403,QMLE-Trade,2000-10-20,0.647632
DIS,26403,QMLE-Trade,2000-10-23,0.348012
DIS,26403,QMLE-Trade,2000-10-24,0.339633
DIS,26403,QMLE-Trade,2000-10-25,0.415816
DIS,26403,QMLE-Trade,2000-10-26,0.343161
DIS,26403,QMLE-Trade,2000-10-27,0.319306
DIS,26403,QMLE-Trade,2000-10-30,0.428429
DIS,26403,QMLE-Trade,2000-10-31,0.296225
DIS,26403,QMLE-Trade,2000-11-1,0.549644
DIS,26403,QMLE-Trade,2000-11-2,0.328378
DIS,26403,QMLE-Trade,2000-11-3,0.288014
DIS,26403,QMLE-Trade,2000-11-6,0.299781
DIS,26403,QMLE-Trade,2000-11-7,0.268921
DIS,26403,QMLE-Trade,2000-11-8,0.343049
DIS,26403,QMLE-Trade,2000-11-9,0.561771
DIS,26403,QMLE-Trade,2000-11-10,0.485574
DIS,26403,QMLE-Trade,2000-11-13,0.478467
DIS,26403,QMLE-Trade,2000-11-14,0.374531
DIS,26403,QMLE-Trade,2000-11-15,0.490247
DIS,26403,QMLE-Trade,2000-11-16,0.427803
DIS,26403,QMLE-Trade,2000-11-17,0.434535
DIS,26403,QMLE-Trade,2000-11-20,0.369985
DIS,26403,QMLE-Trade,2000-11-21,0.391943
DIS,26403,QMLE-Trade,2000-11-22,0.327108
DIS,26403,QMLE-Trade,2000-11-24,0.491299
DIS,26403,QMLE-Trade,2000-11-27,0.318555
DIS,26403,QMLE-Trade,2000-11-28,0.306303
DIS,26403,QMLE-Trade,2000-11-29,0.435665
DIS,26403,QMLE-Trade,2000-11-30,0.557736
DIS,26403,QMLE-Trade,2000-12-1,0.491231
DIS,26403,QMLE-Trade,2000-12-4,0.402367
DIS,26403,QMLE-Trade,2000-12-5,0.542716
DIS,26403,QMLE-Trade,2000-12-6,0.403975
DIS,26403,QMLE-Trade,2000-12-7,0.352425
DIS,26403,QMLE-Trade,2000-12-8,0.366468
DIS,26403,QMLE-Trade,2000-12-11,0.385457
DIS,26403,QMLE-Trade,2000-12-12,0.344428
DIS,26403,QMLE-Trade,2000-12-13,0.321809
DIS,26403,QMLE-Trade,2000-12-14,0.323118
DIS,26403,QMLE-Trade,2000-12-15,0.411225
DIS,26403,QMLE-Trade,2000-12-18,0.484585
DIS,26403,QMLE-Trade,2000-12-19,0.350019
DIS,26403,QMLE-Trade,2000-12-20,0.474217
DIS,26403,QMLE-Trade,2000-12-21,0.516596
DIS,26403,QMLE-Trade,2000-12-22,0.412259
DIS,26403,QMLE-Trade,2000-12-26,0.184256
DIS,26403,QMLE-Trade,2000-12-27,0.424007
DIS,26403,QMLE-Trade,2000-12-28,0.466284
DIS,26403,QMLE-Trade,2000-12-29,0.349134
DIS,26403,QMLE-Trade,2001-1-2,0.354295
DIS,26403,QMLE-Trade,2001-1-3,0.751577
DIS,26403,QMLE-Trade,2001-1-4,0.731854
DIS,26403,QMLE-Trade,2001-1-5,0.48713
DIS,26403,QMLE-Trade,2001-1-8,0.429257
DIS,26403,QMLE-Trade,2001-1-9,0.407742
DIS,26403,QMLE-Trade,2001-1-10,0.367301
DIS,26403,QMLE-Trade,2001-1-11,0.574059
DIS,26403,QMLE-Trade,2001-1-12,0.654406
DIS,26403,QMLE-Trade,2001-1-16,0.3775
DIS,26403,QMLE-Trade,2001-1-17,0.423681
DIS,26403,QMLE-Trade,2001-1-18,0.476354
DIS,26403,QMLE-Trade,2001-1-19,0.310473
DIS,26403,QMLE-Trade,2001-1-22,0.381925
DIS,26403,QMLE-Trade,2001-1-23,0.398542
DIS,26403,QMLE-Trade,2001-1-24,0.430393
DIS,26403,QMLE-Trade,2001-1-25,0.356804
DIS,26403,QMLE-Trade,2001-1-26,0.374756
DIS,26403,QMLE-Trade,2001-1-29,0.481263
DIS,26403,QMLE-Trade,2001-1-30,0.411722
DIS,26403,QMLE-Trade,2001-1-31,0.40408
DIS,26403,QMLE-Trade,2001-2-1,0.238515
DIS,26403,QMLE-Trade,2001-2-2,0.333409
DIS,26403,QMLE-Trade,2001-2-5,0.33077
DIS,26403,QMLE-Trade,2001-2-6,0.53657
DIS,26403,QMLE-Trade,2001-2-7,0.391528
DIS,26403,QMLE-Trade,2001-2-8,0.354675
DIS,26403,QMLE-Trade,2001-2-9,0.27944
DIS,26403,QMLE-Trade,2001-2-12,0.274311
DIS,26403,QMLE-Trade,2001-2-13,0.24936
DIS,26403,QMLE-Trade,2001-2-14,0.398952
DIS,26403,QMLE-Trade,2001-2-15,0.331218
DIS,26403,QMLE-Trade,2001-2-16,0.517893
DIS,26403,QMLE-Trade,2001-2-20,0.260805
DIS,26403,QMLE-Trade,2001-2-21,0.332634
DIS,26403,QMLE-Trade,2001-2-22,0.371211
DIS,26403,QMLE-Trade,2001-2-23,0.415617
DIS,26403,QMLE-Trade,2001-2-26,0.343307
DIS,26403,QMLE-Trade,2001-2-27,0.445362
DIS,26403,QMLE-Trade,2001-2-28,0.479281
DIS,26403,QMLE-Trade,2001-3-1,0.454036
DIS,26403,QMLE-Trade,2001-3-2,0.448137
DIS,26403,QMLE-Trade,2001-3-5,0.288506
DIS,26403,QMLE-Trade,2001-3-6,0.311454
DIS,26403,QMLE-Trade,2001-3-7,0.229056
DIS,26403,QMLE-Trade,2001-3-8,0.228889
DIS,26403,QMLE-Trade,2001-3-9,0.34044
DIS,26403,QMLE-Trade,2001-3-12,0.679883
DIS,26403,QMLE-Trade,2001-3-13,0.426603
DIS,26403,QMLE-Trade,2001-3-14,0.66304
DIS,26403,QMLE-Trade,2001-3-15,0.405925
DIS,26403,QMLE-Trade,2001-3-16,0.477463
DIS,26403,QMLE-Trade,2001-3-19,0.341954
DIS,26403,QMLE-Trade,2001-3-20,0.493762
DIS,26403,QMLE-Trade,2001-3-21,0.525315
DIS,26403,QMLE-Trade,2001-3-22,0.651407
DIS,26403,QMLE-Trade,2001-3-23,0.502868
DIS,26403,QMLE-Trade,2001-3-26,0.31821
DIS,26403,QMLE-Trade,2001-3-27,0.323379
DIS,26403,QMLE-Trade,2001-3-28,0.462066
DIS,26403,QMLE-Trade,2001-3-29,0.495493
DIS,26403,QMLE-Trade,2001-3-30,0.449593
DIS,26403,QMLE-Trade,2001-4-2,0.434065
DIS,26403,QMLE-Trade,2001-4-3,0.371737
DIS,26403,QMLE-Trade,2001-4-4,0.429668
DIS,26403,QMLE-Trade,2001-4-5,0.270937
DIS,26403,QMLE-Trade,2001-4-6,0.522981
DIS,26403,QMLE-Trade,2001-4-9,0.412249
DIS,26403,QMLE-Trade,2001-4-10,0.355421
DIS,26403,QMLE-Trade,2001-4-11,0.466474
DIS,26403,QMLE-Trade,2001-4-12,0.336628
DIS,26403,QMLE-Trade,2001-4-16,0.256404
DIS,26403,QMLE-Trade,2001-4-17,0.452975
DIS,26403,QMLE-Trade,2001-4-18,0.988891
DIS,26403,QMLE-Trade,2001-4-19,0.379294
DIS,26403,QMLE-Trade,2001-4-20,0.425408
DIS,26403,QMLE-Trade,2001-4-23,0.300817
DIS,26403,QMLE-Trade,2001-4-24,0.441487
DIS,26403,QMLE-Trade,2001-4-25,0.50008
DIS,26403,QMLE-Trade,2001-4-26,0.370632
DIS,26403,QMLE-Trade,2001-4-27,0.377462
DIS,26403,QMLE-Trade,2001-4-30,0.368452
DIS,26403,QMLE-Trade,2001-5-1,0.393212
DIS,26403,QMLE-Trade,2001-5-2,0.422163
DIS,26403,QMLE-Trade,2001-5-3,0.26085
DIS,26403,QMLE-Trade,2001-5-4,0.243743
DIS,26403,QMLE-Trade,2001-5-7,0.311391
DIS,26403,QMLE-Trade,2001-5-8,0.238014
DIS,26403,QMLE-Trade,2001-5-9,0.244566
DIS,26403,QMLE-Trade,2001-5-10,0.382674
DIS,26403,QMLE-Trade,2001-5-11,0.279365
DIS,26403,QMLE-Trade,2001-5-14,0.340607
DIS,26403,QMLE-Trade,2001-5-15,0.269263
DIS,26403,QMLE-Trade,2001-5-16,0.331663
DIS,26403,QMLE-Trade,2001-5-17,0.268881
DIS,26403,QMLE-Trade,2001-5-18,0.281895
DIS,26403,QMLE-Trade,2001-5-21,0.303035
DIS,26403,QMLE-Trade,2001-5-22,0.273569
DIS,26403,QMLE-Trade,2001-5-23,0.279848
DIS,26403,QMLE-Trade,2001-5-24,0.288852
DIS,26403,QMLE-Trade,2001-5-25,0.319819
DIS,26403,QMLE-Trade,2001-5-29,0.265875
DIS,26403,QMLE-Trade,2001-5-30,0.403029
DIS,26403,QMLE-Trade,2001-5-31,0.380928
DIS,26403,QMLE-Trade,2001-6-1,0.250518
DIS,26403,QMLE-Trade,2001-6-4,0.199044
DIS,26403,QMLE-Trade,2001-6-5,0.233294
DIS,26403,QMLE-Trade,2001-6-6,0.178916
DIS,26403,QMLE-Trade,2001-6-7,0.239863
DIS,26403,QMLE-Trade,2001-6-8,0.222021
DIS,26403,QMLE-Trade,2001-6-11,0.22941
DIS,26403,QMLE-Trade,2001-6-12,0.284371
DIS,26403,QMLE-Trade,2001-6-13,0.273181
DIS,26403,QMLE-Trade,2001-6-14,0.359804
DIS,26403,QMLE-Trade,2001-6-15,0.25972
DIS,26403,QMLE-Trade,2001-6-18,0.292033
DIS,26403,QMLE-Trade,2001-6-19,0.269275
DIS,26403,QMLE-Trade,2001-6-20,0.44689
DIS,26403,QMLE-Trade,2001-6-21,0.364025
DIS,26403,QMLE-Trade,2001-6-22,0.326264
DIS,26403,QMLE-Trade,2001-6-25,0.317238
DIS,26403,QMLE-Trade,2001-6-26,0.344658
DIS,26403,QMLE-Trade,2001-6-27,0.345084
DIS,26403,QMLE-Trade,2001-6-28,0.334067
DIS,26403,QMLE-Trade,2001-6-29,0.359673
DIS,26403,QMLE-Trade,2001-7-2,0.349474
DIS,26403,QMLE-Trade,2001-7-3,0.246515
DIS,26403,QMLE-Trade,2001-7-5,0.22689
DIS,26403,QMLE-Trade,2001-7-6,0.267578
DIS,26403,QMLE-Trade,2001-7-9,0.261858
DIS,26403,QMLE-Trade,2001-7-10,0.291195
DIS,26403,QMLE-Trade,2001-7-11,0.388086
DIS,26403,QMLE-Trade,2001-7-12,0.393586
DIS,26403,QMLE-Trade,2001-7-13,0.412286
DIS,26403,QMLE-Trade,2001-7-16,0.327445
DIS,26403,QMLE-Trade,2001-7-17,0.26997
DIS,26403,QMLE-Trade,2001-7-18,0.371827
DIS,26403,QMLE-Trade,2001-7-19,0.288206
DIS,26403,QMLE-Trade,2001-7-20,0.263577
DIS,26403,QMLE-Trade,2001-7-23,0.29842
DIS,26403,QMLE-Trade,2001-7-24,0.260701
DIS,26403,QMLE-Trade,2001-7-25,0.293337
DIS,26403,QMLE-Trade,2001-7-26,0.315328
DIS,26403,QMLE-Trade,2001-7-27,0.199788
DIS,26403,QMLE-Trade,2001-7-30,0.316168
DIS,26403,QMLE-Trade,2001-7-31,0.284932
DIS,26403,QMLE-Trade,2001-8-1,0.262895
DIS,26403,QMLE-Trade,2001-8-2,0.219668
DIS,26403,QMLE-Trade,2001-8-3,0.248982
DIS,26403,QMLE-Trade,2001-8-6,0.164338
DIS,26403,QMLE-Trade,2001-8-7,0.285103
DIS,26403,QMLE-Trade,2001-8-8,0.259394
DIS,26403,QMLE-Trade,2001-8-9,0.285123
DIS,26403,QMLE-Trade,2001-8-10,0.313559
DIS,26403,QMLE-Trade,2001-8-13,0.184092
DIS,26403,QMLE-Trade,2001-8-14,0.14627
DIS,26403,QMLE-Trade,2001-8-15,0.268377
DIS,26403,QMLE-Trade,2001-8-16,0.202285
DIS,26403,QMLE-Trade,2001-8-17,0.415658
DIS,26403,QMLE-Trade,2001-8-20,0.274381
DIS,26403,QMLE-Trade,2001-8-21,0.298657
DIS,26403,QMLE-Trade,2001-8-22,0.338297
DIS,26403,QMLE-Trade,2001-8-23,0.280376
DIS,26403,QMLE-Trade,2001-8-24,0.265979
DIS,26403,QMLE-Trade,2001-8-27,0.220932
DIS,26403,QMLE-Trade,2001-8-28,0.30419
DIS,26403,QMLE-Trade,2001-8-29,0.28199
DIS,26403,QMLE-Trade,2001-8-30,0.376837
DIS,26403,QMLE-Trade,2001-8-31,0.380167
DIS,26403,QMLE-Trade,2001-9-4,0.3302
DIS,26403,QMLE-Trade,2001-9-5,0.443846
DIS,26403,QMLE-Trade,2001-9-6,0.567162
DIS,26403,QMLE-Trade,2001-9-7,0.503165
DIS,26403,QMLE-Trade,2001-9-10,0.375908
DIS,26403,QMLE-Trade,2001-9-17,0.862718
DIS,26403,QMLE-Trade,2001-9-18,0.60625
DIS,26403,QMLE-Trade,2001-9-19,0.787452
DIS,26403,QMLE-Trade,2001-9-20,1.63082
DIS,26403,QMLE-Trade,2001-9-21,1.238
DIS,26403,QMLE-Trade,2001-9-24,0.672624
DIS,26403,QMLE-Trade,2001-9-25,0.4974
DIS,26403,QMLE-Trade,2001-9-26,0.326437
DIS,26403,QMLE-Trade,2001-9-27,0.47141
DIS,26403,QMLE-Trade,2001-9-28,0.436375
DIS,26403,QMLE-Trade,2001-10-1,0.492551
DIS,26403,QMLE-Trade,2001-10-2,0.603384
DIS,26403,QMLE-Trade,2001-10-3,0.552631
DIS,26403,QMLE-Trade,2001-10-4,0.3895
DIS,26403,QMLE-Trade,2001-10-5,0.739308
DIS,26403,QMLE-Trade,2001-10-8,0.420153
DIS,26403,QMLE-Trade,2001-10-9,0.302884
DIS,26403,QMLE-Trade,2001-10-10,0.394026
DIS,26403,QMLE-Trade,2001-10-11,0.445807
DIS,26403,QMLE-Trade,2001-10-12,0.277759
DIS,26403,QMLE-Trade,2001-10-15,0.304461
DIS,26403,QMLE-Trade,2001-10-16,0.489727
DIS,26403,QMLE-Trade,2001-10-17,0.495457
DIS,26403,QMLE-Trade,2001-10-18,0.265289
DIS,26403,QMLE-Trade,2001-10-19,0.298296
DIS,26403,QMLE-Trade,2001-10-22,0.272878
DIS,26403,QMLE-Trade,2001-10-23,0.466426
DIS,26403,QMLE-Trade,2001-10-24,0.397716
DIS,26403,QMLE-Trade,2001-10-25,0.395187
DIS,26403,QMLE-Trade,2001-10-26,0.473301
DIS,26403,QMLE-Trade,2001-10-29,0.371207
DIS,26403,QMLE-Trade,2001-10-30,0.428549
DIS,26403,QMLE-Trade,2001-10-31,0.446961
DIS,26403,QMLE-Trade,2001-11-1,0.434463
DIS,26403,QMLE-Trade,2001-11-2,0.322129
DIS,26403,QMLE-Trade,2001-11-5,0.421105
DIS,26403,QMLE-Trade,2001-11-6,0.312015
DIS,26403,QMLE-Trade,2001-11-7,0.270828
DIS,26403,QMLE-Trade,2001-11-8,0.406502
DIS,26403,QMLE-Trade,2001-11-9,0.399176
DIS,26403,QMLE-Trade,2001-11-12,0.75699
DIS,26403,QMLE-Trade,2001-11-13,0.317866
DIS,26403,QMLE-Trade,2001-11-14,0.362542
DIS,26403,QMLE-Trade,2001-11-15,0.454136
DIS,26403,QMLE-Trade,2001-11-16,0.44596
DIS,26403,QMLE-Trade,2001-11-19,0.321453
DIS,26403,QMLE-Trade,2001-11-20,0.298746
DIS,26403,QMLE-Trade,2001-11-21,0.342993
DIS,26403,QMLE-Trade,2001-11-23,0.450796
DIS,26403,QMLE-Trade,2001-11-26,0.338097
DIS,26403,QMLE-Trade,2001-11-27,0.325139
DIS,26403,QMLE-Trade,2001-11-28,0.308078
DIS,26403,QMLE-Trade,2001-11-29,0.396629
DIS,26403,QMLE-Trade,2001-11-30,0.339898
DIS,26403,QMLE-Trade,2001-12-3,0.320896
DIS,26403,QMLE-Trade,2001-12-4,0.276932
DIS,26403,QMLE-Trade,2001-12-5,0.402595
DIS,26403,QMLE-Trade,2001-12-6,0.325262
DIS,26403,QMLE-Trade,2001-12-7,0.346013
DIS,26403,QMLE-Trade,2001-12-10,0.349195
DIS,26403,QMLE-Trade,2001-12-11,0.355207
DIS,26403,QMLE-Trade,2001-12-12,0.344861
DIS,26403,QMLE-Trade,2001-12-13,0.413755
DIS,26403,QMLE-Trade,2001-12-14,0.568483
DIS,26403,QMLE-Trade,2001-12-17,0.322744
DIS,26403,QMLE-Trade,2001-12-18,0.275971
DIS,26403,QMLE-Trade,2001-12-19,0.439452
DIS,26403,QMLE-Trade,2001-12-20,0.242242
DIS,26403,QMLE-Trade,2001-12-21,0.295408
DIS,26403,QMLE-Trade,2001-12-24,0.288314
DIS,26403,QMLE-Trade,2001-12-26,0.210235
DIS,26403,QMLE-Trade,2001-12-27,0.22848
DIS,26403,QMLE-Trade,2001-12-28,0.185691
DIS,26403,QMLE-Trade,2001-12-31,0.28521
DIS,26403,QMLE-Trade,2002-1-2,0.288784
DIS,26403,QMLE-Trade,2002-1-3,0.194477
DIS,26403,QMLE-Trade,2002-1-4,0.33654
DIS,26403,QMLE-Trade,2002-1-7,0.336186
DIS,26403,QMLE-Trade,2002-1-8,0.345892
DIS,26403,QMLE-Trade,2002-1-9,0.266663
DIS,26403,QMLE-Trade,2002-1-10,0.389535
DIS,26403,QMLE-Trade,2002-1-11,0.324339
DIS,26403,QMLE-Trade,2002-1-14,0.366094
DIS,26403,QMLE-Trade,2002-1-15,0.318881
DIS,26403,QMLE-Trade,2002-1-16,0.368896
DIS,26403,QMLE-Trade,2002-1-17,0.303775
DIS,26403,QMLE-Trade,2002-1-18,0.216982
DIS,26403,QMLE-Trade,2002-1-22,0.275721
DIS,26403,QMLE-Trade,2002-1-23,0.288711
DIS,26403,QMLE-Trade,2002-1-24,0.460893
DIS,26403,QMLE-Trade,2002-1-25,0.284553
DIS,26403,QMLE-Trade,2002-1-28,0.355376
DIS,26403,QMLE-Trade,2002-1-29,0.459731
DIS,26403,QMLE-Trade,2002-1-30,0.643476
DIS,26403,QMLE-Trade,2002-1-31,0.310911
DIS,26403,QMLE-Trade,2002-2-1,0.428372
DIS,26403,QMLE-Trade,2002-2-4,0.355238
DIS,26403,QMLE-Trade,2002-2-5,0.375052
DIS,26403,QMLE-Trade,2002-2-6,0.454518
DIS,26403,QMLE-Trade,2002-2-7,0.343599
DIS,26403,QMLE-Trade,2002-2-8,0.316638
DIS,26403,QMLE-Trade,2002-2-11,0.298045
DIS,26403,QMLE-Trade,2002-2-12,0.316423
DIS,26403,QMLE-Trade,2002-2-13,0.403576
DIS,26403,QMLE-Trade,2002-2-14,0.264375
DIS,26403,QMLE-Trade,2002-2-15,0.34081
DIS,26403,QMLE-Trade,2002-2-19,0.290837
DIS,26403,QMLE-Trade,2002-2-20,0.344806
DIS,26403,QMLE-Trade,2002-2-21,0.43708
DIS,26403,QMLE-Trade,2002-2-22,0.443156
DIS,26403,QMLE-Trade,2002-2-25,0.354104
DIS,26403,QMLE-Trade,2002-2-26,0.463146
DIS,26403,QMLE-Trade,2002-2-27,0.358448
DIS,26403,QMLE-Trade,2002-2-28,0.321454
DIS,26403,QMLE-Trade,2002-3-1,0.441534
DIS,26403,QMLE-Trade,2002-3-4,0.287112
DIS,26403,QMLE-Trade,2002-3-5,0.334973
DIS,26403,QMLE-Trade,2002-3-6,0.232486
DIS,26403,QMLE-Trade,2002-3-7,0.285103
DIS,26403,QMLE-Trade,2002-3-8,0.340415
DIS,26403,QMLE-Trade,2002-3-11,0.254756
DIS,26403,QMLE-Trade,2002-3-12,0.317379
DIS,26403,QMLE-Trade,2002-3-13,0.358302
DIS,26403,QMLE-Trade,2002-3-14,0.275702
DIS,26403,QMLE-Trade,2002-3-15,0.259335
DIS,26403,QMLE-Trade,2002-3-18,0.338938
DIS,26403,QMLE-Trade,2002-3-19,0.34997
DIS,26403,QMLE-Trade,2002-3-20,0.29253
DIS,26403,QMLE-Trade,2002-3-21,0.352988
DIS,26403,QMLE-Trade,2002-3-22,0.315755
DIS,26403,QMLE-Trade,2002-3-25,0.251465
DIS,26403,QMLE-Trade,2002-3-26,0.325083
DIS,26403,QMLE-Trade,2002-3-27,0.274876
DIS,26403,QMLE-Trade,2002-3-28,0.254424
DIS,26403,QMLE-Trade,2002-4-1,0.358338
DIS,26403,QMLE-Trade,2002-4-2,0.282102
DIS,26403,QMLE-Trade,2002-4-3,0.240722
DIS,26403,QMLE-Trade,2002-4-4,0.450542
DIS,26403,QMLE-Trade,2002-4-5,0.365911
DIS,26403,QMLE-Trade,2002-4-8,0.295711
DIS,26403,QMLE-Trade,2002-4-9,0.268838
DIS,26403,QMLE-Trade,2002-4-10,0.319358
DIS,26403,QMLE-Trade,2002-4-11,0.438055
DIS,26403,QMLE-Trade,2002-4-12,0.385686
DIS,26403,QMLE-Trade,2002-4-15,0.333788
DIS,26403,QMLE-Trade,2002-4-16,0.192218
DIS,26403,QMLE-Trade,2002-4-17,0.263655
DIS,26403,QMLE-Trade,2002-4-18,0.459853
DIS,26403,QMLE-Trade,2002-4-19,0.238412
DIS,26403,QMLE-Trade,2002-4-22,0.258934
DIS,26403,QMLE-Trade,2002-4-23,0.323895
DIS,26403,QMLE-Trade,2002-4-24,0.282596
DIS,26403,QMLE-Trade,2002-4-25,0.50508
DIS,26403,QMLE-Trade,2002-4-26,0.388561
DIS,26403,QMLE-Trade,2002-4-29,0.339682
DIS,26403,QMLE-Trade,2002-4-30,0.313199
DIS,26403,QMLE-Trade,2002-5-1,0.438009
DIS,26403,QMLE-Trade,2002-5-2,0.354454
DIS,26403,QMLE-Trade,2002-5-3,0.370573
DIS,26403,QMLE-Trade,2002-5-6,0.38601
DIS,26403,QMLE-Trade,2002-5-7,0.316241
DIS,26403,QMLE-Trade,2002-5-8,0.312432
DIS,26403,QMLE-Trade,2002-5-9,0.319364
DIS,26403,QMLE-Trade,2002-5-10,0.278121
DIS,26403,QMLE-Trade,2002-5-13,0.306665
DIS,26403,QMLE-Trade,2002-5-14,0.243862
DIS,26403,QMLE-Trade,2002-5-15,0.399114
DIS,26403,QMLE-Trade,2002-5-16,0.300487
DIS,26403,QMLE-Trade,2002-5-17,0.257884
DIS,26403,QMLE-Trade,2002-5-20,0.297148
DIS,26403,QMLE-Trade,2002-5-21,0.244992
DIS,26403,QMLE-Trade,2002-5-22,0.347024
DIS,26403,QMLE-Trade,2002-5-23,0.2617
DIS,26403,QMLE-Trade,2002-5-24,0.305099
DIS,26403,QMLE-Trade,2002-5-28,0.289698
DIS,26403,QMLE-Trade,2002-5-29,0.268875
DIS,26403,QMLE-Trade,2002-5-30,0.370232
DIS,26403,QMLE-Trade,2002-5-31,0.318446
DIS,26403,QMLE-Trade,2002-6-3,0.394312
DIS,26403,QMLE-Trade,2002-6-4,0.323065
DIS,26403,QMLE-Trade,2002-6-5,0.284077
DIS,26403,QMLE-Trade,2002-6-6,0.374618
DIS,26403,QMLE-Trade,2002-6-7,0.342468
DIS,26403,QMLE-Trade,2002-6-10,0.306562
DIS,26403,QMLE-Trade,2002-6-11,0.352058
DIS,26403,QMLE-Trade,2002-6-12,0.613136
DIS,26403,QMLE-Trade,2002-6-13,0.315482
DIS,26403,QMLE-Trade,2002-6-14,0.666245
DIS,26403,QMLE-Trade,2002-6-17,0.388137
DIS,26403,QMLE-Trade,2002-6-18,0.402096
DIS,26403,QMLE-Trade,2002-6-19,0.396785
DIS,26403,QMLE-Trade,2002-6-20,0.484667
DIS,26403,QMLE-Trade,2002-6-21,0.306571
DIS,26403,QMLE-Trade,2002-6-24,0.519446
DIS,26403,QMLE-Trade,2002-6-25,0.315757
DIS,26403,QMLE-Trade,2002-6-26,0.500737
DIS,26403,QMLE-Trade,2002-6-27,0.570426
DIS,26403,QMLE-Trade,2002-6-28,0.329591
DIS,26403,QMLE-Trade,2002-7-1,0.434213
DIS,26403,QMLE-Trade,2002-7-2,0.583167
DIS,26403,QMLE-Trade,2002-7-3,0.594896
DIS,26403,QMLE-Trade,2002-7-5,0.447741
DIS,26403,QMLE-Trade,2002-7-8,0.423863
DIS,26403,QMLE-Trade,2002-7-9,0.414265
DIS,26403,QMLE-Trade,2002-7-10,0.504365
DIS,26403,QMLE-Trade,2002-7-11,0.688652
DIS,26403,QMLE-Trade,2002-7-12,0.658846
DIS,26403,QMLE-Trade,2002-7-15,0.644376
DIS,26403,QMLE-Trade,2002-7-16,0.721375
DIS,26403,QMLE-Trade,2002-7-17,0.499628
DIS,26403,QMLE-Trade,2002-7-18,0.518009
DIS,26403,QMLE-Trade,2002-7-19,0.58767
DIS,26403,QMLE-Trade,2002-7-22,0.750858
DIS,26403,QMLE-Trade,2002-7-23,0.700672
DIS,26403,QMLE-Trade,2002-7-24,0.906204
DIS,26403,QMLE-Trade,2002-7-25,1.03464
DIS,26403,QMLE-Trade,2002-7-26,0.724607
DIS,26403,QMLE-Trade,2002-7-29,0.539528
DIS,26403,QMLE-Trade,2002-7-30,0.768613
DIS,26403,QMLE-Trade,2002-7-31,0.692535
DIS,26403,QMLE-Trade,2002-8-1,0.722516
DIS,26403,QMLE-Trade,2002-8-2,0.372943
DIS,26403,QMLE-Trade,2002-8-5,0.5009
DIS,26403,QMLE-Trade,2002-8-6,0.510914
DIS,26403,QMLE-Trade,2002-8-7,0.490583
DIS,26403,QMLE-Trade,2002-8-8,0.532318
DIS,26403,QMLE-Trade,2002-8-9,0.458178
DIS,26403,QMLE-Trade,2002-8-12,0.62874
DIS,26403,QMLE-Trade,2002-8-13,0.431227
DIS,26403,QMLE-Trade,2002-8-14,0.494131
DIS,26403,QMLE-Trade,2002-8-15,0.552491
DIS,26403,QMLE-Trade,2002-8-16,0.489185
DIS,26403,QMLE-Trade,2002-8-19,0.431602
DIS,26403,QMLE-Trade,2002-8-20,0.409846
DIS,26403,QMLE-Trade,2002-8-21,0.461607
DIS,26403,QMLE-Trade,2002-8-22,0.350635
DIS,26403,QMLE-Trade,2002-8-23,0.578996
DIS,26403,QMLE-Trade,2002-8-26,0.38207
DIS,26403,QMLE-Trade,2002-8-27,0.463565
DIS,26403,QMLE-Trade,2002-8-28,0.419832
DIS,26403,QMLE-Trade,2002-8-29,0.717294
DIS,26403,QMLE-Trade,2002-8-30,0.478859
DIS,26403,QMLE-Trade,2002-9-3,0.418136
DIS,26403,QMLE-Trade,2002-9-4,0.415582
DIS,26403,QMLE-Trade,2002-9-5,0.516397
DIS,26403,QMLE-Trade,2002-9-6,0.350552
DIS,26403,QMLE-Trade,2002-9-9,0.482132
DIS,26403,QMLE-Trade,2002-9-10,0.389251
DIS,26403,QMLE-Trade,2002-9-11,0.573164
DIS,26403,QMLE-Trade,2002-9-12,0.417975
DIS,26403,QMLE-Trade,2002-9-13,0.4919
DIS,26403,QMLE-Trade,2002-9-16,0.437075
DIS,26403,QMLE-Trade,2002-9-17,0.373626
DIS,26403,QMLE-Trade,2002-9-18,0.499184
DIS,26403,QMLE-Trade,2002-9-19,0.434992
DIS,26403,QMLE-Trade,2002-9-20,0.368371
DIS,26403,QMLE-Trade,2002-9-23,0.517022
DIS,26403,QMLE-Trade,2002-9-24,0.66755
DIS,26403,QMLE-Trade,2002-9-25,0.626431
DIS,26403,QMLE-Trade,2002-9-26,0.533729
DIS,26403,QMLE-Trade,2002-9-27,0.553869
DIS,26403,QMLE-Trade,2002-9-30,0.637547
DIS,26403,QMLE-Trade,2002-10-1,0.590367
DIS,26403,QMLE-Trade,2002-10-2,0.561128
DIS,26403,QMLE-Trade,2002-10-3,0.599709
DIS,26403,QMLE-Trade,2002-10-4,0.759712
DIS,26403,QMLE-Trade,2002-10-7,0.579754
DIS,26403,QMLE-Trade,2002-10-8,0.71904
DIS,26403,QMLE-Trade,2002-10-9,0.823687
DIS,26403,QMLE-Trade,2002-10-10,0.738247
DIS,26403,QMLE-Trade,2002-10-11,0.555346
DIS,26403,QMLE-Trade,2002-10-14,0.519328
DIS,26403,QMLE-Trade,2002-10-15,0.520027
DIS,26403,QMLE-Trade,2002-10-16,0.494873
DIS,26403,QMLE-Trade,2002-10-17,0.45057
DIS,26403,QMLE-Trade,2002-10-18,0.496711
DIS,26403,QMLE-Trade,2002-10-21,0.408772
DIS,26403,QMLE-Trade,2002-10-22,0.542964
DIS,26403,QMLE-Trade,2002-10-23,0.458947
DIS,26403,QMLE-Trade,2002-10-24,0.567033
DIS,26403,QMLE-Trade,2002-10-25,0.558663
DIS,26403,QMLE-Trade,2002-10-28,0.390327
DIS,26403,QMLE-Trade,2002-10-29,0.492366
DIS,26403,QMLE-Trade,2002-10-30,0.468288
DIS,26403,QMLE-Trade,2002-10-31,0.419087
DIS,26403,QMLE-Trade,2002-11-1,0.422049
DIS,26403,QMLE-Trade,2002-11-4,0.409216
DIS,26403,QMLE-Trade,2002-11-5,0.403989
DIS,26403,QMLE-Trade,2002-11-6,0.549908
DIS,26403,QMLE-Trade,2002-11-7,0.499051
DIS,26403,QMLE-Trade,2002-11-8,0.523009
DIS,26403,QMLE-Trade,2002-11-11,0.517286
DIS,26403,QMLE-Trade,2002-11-12,0.407463
DIS,26403,QMLE-Trade,2002-11-13,0.497145
DIS,26403,QMLE-Trade,2002-11-14,0.425399
DIS,26403,QMLE-Trade,2002-11-15,0.379717
DIS,26403,QMLE-Trade,2002-11-18,0.321725
DIS,26403,QMLE-Trade,2002-11-19,0.42033
DIS,26403,QMLE-Trade,2002-11-20,0.36343
DIS,26403,QMLE-Trade,2002-11-21,0.440886
DIS,26403,QMLE-Trade,2002-11-22,0.448741
DIS,26403,QMLE-Trade,2002-11-25,0.395057
DIS,26403,QMLE-Trade,2002-11-26,0.339612
DIS,26403,QMLE-Trade,2002-11-27,0.356883
DIS,26403,QMLE-Trade,2002-11-29,0.354889
DIS,26403,QMLE-Trade,2002-12-2,0.45714
DIS,26403,QMLE-Trade,2002-12-3,0.267299
DIS,26403,QMLE-Trade,2002-12-4,0.693815
DIS,26403,QMLE-Trade,2002-12-5,0.47256
DIS,26403,QMLE-Trade,2002-12-6,0.351694
DIS,26403,QMLE-Trade,2002-12-9,0.290669
DIS,26403,QMLE-Trade,2002-12-10,0.403364
DIS,26403,QMLE-Trade,2002-12-11,0.399693
DIS,26403,QMLE-Trade,2002-12-12,0.458605
DIS,26403,QMLE-Trade,2002-12-13,0.368247
DIS,26403,QMLE-Trade,2002-12-16,0.374582
DIS,26403,QMLE-Trade,2002-12-17,0.273429
DIS,26403,QMLE-Trade,2002-12-18,0.360791
DIS,26403,QMLE-Trade,2002-12-19,0.458024
DIS,26403,QMLE-Trade,2002-12-20,0.356744
DIS,26403,QMLE-Trade,2002-12-23,0.317037
DIS,26403,QMLE-Trade,2002-12-24,0.463484
DIS,26403,QMLE-Trade,2002-12-26,0.320674
DIS,26403,QMLE-Trade,2002-12-27,0.340834
DIS,26403,QMLE-Trade,2002-12-30,0.312824
DIS,26403,QMLE-Trade,2002-12-31,0.34478
DIS,26403,QMLE-Trade,2003-1-2,0.324957
DIS,26403,QMLE-Trade,2003-1-3,0.394389
DIS,26403,QMLE-Trade,2003-1-6,0.274752
DIS,26403,QMLE-Trade,2003-1-7,0.289771
DIS,26403,QMLE-Trade,2003-1-8,0.300599
DIS,26403,QMLE-Trade,2003-1-9,0.365203
DIS,26403,QMLE-Trade,2003-1-10,0.4553
DIS,26403,QMLE-Trade,2003-1-13,0.274362
DIS,26403,QMLE-Trade,2003-1-14,0.294261
DIS,26403,QMLE-Trade,2003-1-15,0.3494
DIS,26403,QMLE-Trade,2003-1-16,0.39851
DIS,26403,QMLE-Trade,2003-1-17,0.436159
DIS,26403,QMLE-Trade,2003-1-21,0.362185
DIS,26403,QMLE-Trade,2003-1-22,0.495442
DIS,26403,QMLE-Trade,2003-1-23,0.434099
DIS,26403,QMLE-Trade,2003-1-24,0.40706
DIS,26403,QMLE-Trade,2003-1-27,0.480655
DIS,26403,QMLE-Trade,2003-1-28,0.483218
DIS,26403,QMLE-Trade,2003-1-29,0.656492
DIS,26403,QMLE-Trade,2003-1-30,0.573568
DIS,26403,QMLE-Trade,2003-1-31,0.470493
DIS,26403,QMLE-Trade,2003-2-3,0.378419
DIS,26403,QMLE-Trade,2003-2-4,0.316474
DIS,26403,QMLE-Trade,2003-2-5,0.495429
DIS,26403,QMLE-Trade,2003-2-6,0.53859
DIS,26403,QMLE-Trade,2003-2-7,0.418386
DIS,26403,QMLE-Trade,2003-2-10,0.413827
DIS,26403,QMLE-Trade,2003-2-11,0.415051
DIS,26403,QMLE-Trade,2003-2-12,0.449902
DIS,26403,QMLE-Trade,2003-2-13,0.324092
DIS,26403,QMLE-Trade,2003-2-14,0.409548
DIS,26403,QMLE-Trade,2003-2-18,0.284258
DIS,26403,QMLE-Trade,2003-2-19,0.253761
DIS,26403,QMLE-Trade,2003-2-20,0.307283
DIS,26403,QMLE-Trade,2003-2-21,0.398836
DIS,26403,QMLE-Trade,2003-2-24,0.277066
DIS,26403,QMLE-Trade,2003-2-25,0.375661
DIS,26403,QMLE-Trade,2003-2-26,0.357003
DIS,26403,QMLE-Trade,2003-2-27,0.39159
DIS,26403,QMLE-Trade,2003-2-28,0.281626
DIS,26403,QMLE-Trade,2003-3-3,0.296236
DIS,26403,QMLE-Trade,2003-3-4,0.347089
DIS,26403,QMLE-Trade,2003-3-5,0.377213
DIS,26403,QMLE-Trade,2003-3-6,0.309855
DIS,26403,QMLE-Trade,2003-3-7,0.484786
DIS,26403,QMLE-Trade,2003-3-10,0.282672
DIS,26403,QMLE-Trade,2003-3-11,0.267873
DIS,26403,QMLE-Trade,2003-3-12,0.320679
DIS,26403,QMLE-Trade,2003-3-13,0.409409
DIS,26403,QMLE-Trade,2003-3-14,0.447176
DIS,26403,QMLE-Trade,2003-3-17,0.478711
DIS,26403,QMLE-Trade,2003-3-18,0.453006
DIS,26403,QMLE-Trade,2003-3-19,0.479528
DIS,26403,QMLE-Trade,2003-3-20,0.40459
DIS,26403,QMLE-Trade,2003-3-21,0.411077
DIS,26403,QMLE-Trade,2003-3-24,0.382986
DIS,26403,QMLE-Trade,2003-3-25,0.391391
DIS,26403,QMLE-Trade,2003-3-26,0.341603
DIS,26403,QMLE-Trade,2003-3-27,0.299326
DIS,26403,QMLE-Trade,2003-3-28,0.321507
DIS,26403,QMLE-Trade,2003-3-31,0.320146
DIS,26403,QMLE-Trade,2003-4-1,0.362361
DIS,26403,QMLE-Trade,2003-4-2,0.343277
DIS,26403,QMLE-Trade,2003-4-3,0.349213
DIS,26403,QMLE-Trade,2003-4-4,0.401105
DIS,26403,QMLE-Trade,2003-4-7,0.34863
DIS,26403,QMLE-Trade,2003-4-8,0.627436
DIS,26403,QMLE-Trade,2003-4-9,0.22353
DIS,26403,QMLE-Trade,2003-4-10,0.228346
DIS,26403,QMLE-Trade,2003-4-11,0.324643
DIS,26403,QMLE-Trade,2003-4-14,0.276731
DIS,26403,QMLE-Trade,2003-4-15,0.247261
DIS,26403,QMLE-Trade,2003-4-16,0.256744
DIS,26403,QMLE-Trade,2003-4-17,0.236878
DIS,26403,QMLE-Trade,2003-4-21,0.259078
DIS,26403,QMLE-Trade,2003-4-22,0.331802
DIS,26403,QMLE-Trade,2003-4-23,0.252561
DIS,26403,QMLE-Trade,2003-4-24,0.31594
DIS,26403,QMLE-Trade,2003-4-25,0.341372
DIS,26403,QMLE-Trade,2003-4-28,0.19533
DIS,26403,QMLE-Trade,2003-4-29,0.339523
DIS,26403,QMLE-Trade,2003-4-30,0.29617
DIS,26403,QMLE-Trade,2003-5-1,0.380386
DIS,26403,QMLE-Trade,2003-5-2,0.358998
DIS,26403,QMLE-Trade,2003-5-5,0.301928
DIS,26403,QMLE-Trade,2003-5-6,0.263916
DIS,26403,QMLE-Trade,2003-5-7,0.280686
DIS,26403,QMLE-Trade,2003-5-8,0.248148
DIS,26403,QMLE-Trade,2003-5-9,0.286316
DIS,26403,QMLE-Trade,2003-5-12,0.2897
DIS,26403,QMLE-Trade,2003-5-13,0.224792
DIS,26403,QMLE-Trade,2003-5-14,0.277187
DIS,26403,QMLE-Trade,2003-5-15,0.220461
DIS,26403,QMLE-Trade,2003-5-16,0.203548
DIS,26403,QMLE-Trade,2003-5-19,0.201997
DIS,26403,QMLE-Trade,2003-5-20,0.27635
DIS,26403,QMLE-Trade,2003-5-21,0.384007
DIS,26403,QMLE-Trade,2003-5-22,0.237959
DIS,26403,QMLE-Trade,2003-5-23,0.176646
DIS,26403,QMLE-Trade,2003-5-27,0.174517
DIS,26403,QMLE-Trade,2003-5-28,0.208569
DIS,26403,QMLE-Trade,2003-5-29,0.32835
DIS,26403,QMLE-Trade,2003-5-30,0.316257
DIS,26403,QMLE-Trade,2003-6-2,0.164656
DIS,26403,QMLE-Trade,2003-6-3,0.191097
DIS,26403,QMLE-Trade,2003-6-4,0.330546
DIS,26403,QMLE-Trade,2003-6-5,0.286261
DIS,26403,QMLE-Trade,2003-6-6,0.310719
DIS,26403,QMLE-Trade,2003-6-9,0.305412
DIS,26403,QMLE-Trade,2003-6-10,0.192405
DIS,26403,QMLE-Trade,2003-6-11,0.193227
DIS,26403,QMLE-Trade,2003-6-12,0.329403
DIS,26403,QMLE-Trade,2003-6-13,0.366934
DIS,26403,QMLE-Trade,2003-6-16,0.305317
DIS,26403,QMLE-Trade,2003-6-17,0.228436
DIS,26403,QMLE-Trade,2003-6-18,0.257927
DIS,26403,QMLE-Trade,2003-6-19,0.278985
DIS,26403,QMLE-Trade,2003-6-20,0.224137
DIS,26403,QMLE-Trade,2003-6-23,0.239525
DIS,26403,QMLE-Trade,2003-6-24,0.223965
DIS,26403,QMLE-Trade,2003-6-25,0.255936
DIS,26403,QMLE-Trade,2003-6-26,0.33784
DIS,26403,QMLE-Trade,2003-6-27,0.385343
DIS,26403,QMLE-Trade,2003-6-30,0.269911
DIS,26403,QMLE-Trade,2003-7-1,0.3067
DIS,26403,QMLE-Trade,2003-7-2,0.262956
DIS,26403,QMLE-Trade,2003-7-3,0.531292
DIS,26403,QMLE-Trade,2003-7-7,0.271986
DIS,26403,QMLE-Trade,2003-7-8,0.319031
DIS,26403,QMLE-Trade,2003-7-9,0.276945
DIS,26403,QMLE-Trade,2003-7-10,0.258719
DIS,26403,QMLE-Trade,2003-7-11,0.213923
DIS,26403,QMLE-Trade,2003-7-14,0.258964
DIS,26403,QMLE-Trade,2003-7-15,0.290316
DIS,26403,QMLE-Trade,2003-7-16,0.226251
DIS,26403,QMLE-Trade,2003-7-17,0.310286
DIS,26403,QMLE-Trade,2003-7-18,0.213095
DIS,26403,QMLE-Trade,2003-7-21,0.257566
DIS,26403,QMLE-Trade,2003-7-22,0.307523
DIS,26403,QMLE-Trade,2003-7-23,0.265091
DIS,26403,QMLE-Trade,2003-7-24,0.268898
DIS,26403,QMLE-Trade,2003-7-25,0.228626
DIS,26403,QMLE-Trade,2003-7-28,0.272404
DIS,26403,QMLE-Trade,2003-7-29,0.27423
DIS,26403,QMLE-Trade,2003-7-30,0.244122
DIS,26403,QMLE-Trade,2003-7-31,0.264421
DIS,26403,QMLE-Trade,2003-8-1,0.341299
DIS,26403,QMLE-Trade,2003-8-4,0.341175
DIS,26403,QMLE-Trade,2003-8-5,0.304571
DIS,26403,QMLE-Trade,2003-8-6,0.342612
DIS,26403,QMLE-Trade,2003-8-7,0.290253
DIS,26403,QMLE-Trade,2003-8-8,0.16741
DIS,26403,QMLE-Trade,2003-8-11,0.167249
DIS,26403,QMLE-Trade,2003-8-12,0.168032
DIS,26403,QMLE-Trade,2003-8-13,0.18262
DIS,26403,QMLE-Trade,2003-8-14,0.223237
DIS,26403,QMLE-Trade,2003-8-15,0.214498
DIS,26403,QMLE-Trade,2003-8-18,0.127316
DIS,26403,QMLE-Trade,2003-8-19,0.246926
DIS,26403,QMLE-Trade,2003-8-20,0.184761
DIS,26403,QMLE-Trade,2003-8-21,0.247958
DIS,26403,QMLE-Trade,2003-8-22,0.204637
DIS,26403,QMLE-Trade,2003-8-25,0.178992
DIS,26403,QMLE-Trade,2003-8-26,0.205501
DIS,26403,QMLE-Trade,2003-8-27,0.157693
DIS,26403,QMLE-Trade,2003-8-28,0.219961
DIS,26403,QMLE-Trade,2003-8-29,0.235036
DIS,26403,QMLE-Trade,2003-9-2,0.220544
DIS,26403,QMLE-Trade,2003-9-3,0.292777
DIS,26403,QMLE-Trade,2003-9-4,0.221969
DIS,26403,QMLE-Trade,2003-9-5,0.18033
DIS,26403,QMLE-Trade,2003-9-8,0.202192
DIS,26403,QMLE-Trade,2003-9-9,0.1421
DIS,26403,QMLE-Trade,2003-9-10,0.194776
DIS,26403,QMLE-Trade,2003-9-11,0.22533
DIS,26403,QMLE-Trade,2003-9-12,0.222577
DIS,26403,QMLE-Trade,2003-9-15,0.136252
DIS,26403,QMLE-Trade,2003-9-16,0.172756
DIS,26403,QMLE-Trade,2003-9-17,0.179212
DIS,26403,QMLE-Trade,2003-9-18,0.219262
DIS,26403,QMLE-Trade,2003-9-19,0.221797
DIS,26403,QMLE-Trade,2003-9-22,0.210912
DIS,26403,QMLE-Trade,2003-9-23,0.203419
DIS,26403,QMLE-Trade,2003-9-24,0.205875
DIS,26403,QMLE-Trade,2003-9-25,0.295823
DIS,26403,QMLE-Trade,2003-9-26,0.254155
DIS,26403,QMLE-Trade,2003-9-29,0.271235
DIS,26403,QMLE-Trade,2003-9-30,0.36432
DIS,26403,QMLE-Trade,2003-10-1,0.221
DIS,26403,QMLE-Trade,2003-10-2,0.234951
DIS,26403,QMLE-Trade,2003-10-3,0.249045
DIS,26403,QMLE-Trade,2003-10-6,0.213472
DIS,26403,QMLE-Trade,2003-10-7,0.216228
DIS,26403,QMLE-Trade,2003-10-8,0.187399
DIS,26403,QMLE-Trade,2003-10-9,0.25954
DIS,26403,QMLE-Trade,2003-10-10,0.164253
DIS,26403,QMLE-Trade,2003-10-13,0.187054
DIS,26403,QMLE-Trade,2003-10-14,0.216042
DIS,26403,QMLE-Trade,2003-10-15,0.229318
DIS,26403,QMLE-Trade,2003-10-16,0.177722
DIS,26403,QMLE-Trade,2003-10-17,0.215131
DIS,26403,QMLE-Trade,2003-10-20,0.18231
DIS,26403,QMLE-Trade,2003-10-21,0.179874
DIS,26403,QMLE-Trade,2003-10-22,0.179168
DIS,26403,QMLE-Trade,2003-10-23,0.198717
DIS,26403,QMLE-Trade,2003-10-24,0.262012
DIS,26403,QMLE-Trade,2003-10-27,0.210244
DIS,26403,QMLE-Trade,2003-10-28,0.186703
DIS,26403,QMLE-Trade,2003-10-29,0.208572
DIS,26403,QMLE-Trade,2003-10-30,0.278037
DIS,26403,QMLE-Trade,2003-10-31,0.234903
DIS,26403,QMLE-Trade,2003-11-3,0.1997
DIS,26403,QMLE-Trade,2003-11-4,0.204566
DIS,26403,QMLE-Trade,2003-11-5,0.217593
DIS,26403,QMLE-Trade,2003-11-6,0.40827
DIS,26403,QMLE-Trade,2003-11-7,0.227796
DIS,26403,QMLE-Trade,2003-11-10,0.181456
DIS,26403,QMLE-Trade,2003-11-11,0.147077
DIS,26403,QMLE-Trade,2003-11-12,0.155681
DIS,26403,QMLE-Trade,2003-11-13,0.146237
DIS,26403,QMLE-Trade,2003-11-14,0.230141
DIS,26403,QMLE-Trade,2003-11-17,0.197229
DIS,26403,QMLE-Trade,2003-11-18,0.203429
DIS,26403,QMLE-Trade,2003-11-19,0.233255
DIS,26403,QMLE-Trade,2003-11-20,0.263703
DIS,26403,QMLE-Trade,2003-11-21,0.28418
DIS,26403,QMLE-Trade,2003-11-24,0.155583
DIS,26403,QMLE-Trade,2003-11-25,0.230037
DIS,26403,QMLE-Trade,2003-11-26,0.194672
DIS,26403,QMLE-Trade,2003-11-28,0.0833314
DIS,26403,QMLE-Trade,2003-12-1,0.20234
DIS,26403,QMLE-Trade,2003-12-2,0.218859
DIS,26403,QMLE-Trade,2003-12-3,0.246337
DIS,26403,QMLE-Trade,2003-12-4,0.153609
DIS,26403,QMLE-Trade,2003-12-5,0.225192
DIS,26403,QMLE-Trade,2003-12-8,0.153092
DIS,26403,QMLE-Trade,2003-12-9,0.141089
DIS,26403,QMLE-Trade,2003-12-10,0.264357
DIS,26403,QMLE-Trade,2003-12-11,0.180395
DIS,26403,QMLE-Trade,2003-12-12,0.164285
DIS,26403,QMLE-Trade,2003-12-15,0.235419
DIS,26403,QMLE-Trade,2003-12-16,0.145198
DIS,26403,QMLE-Trade,2003-12-17,0.158358
DIS,26403,QMLE-Trade,2003-12-18,0.148647
DIS,26403,QMLE-Trade,2003-12-19,0.240642
DIS,26403,QMLE-Trade,2003-12-22,0.181358
DIS,26403,QMLE-Trade,2003-12-23,0.154325
DIS,26403,QMLE-Trade,2003-12-24,0.175757
DIS,26403,QMLE-Trade,2003-12-26,0.126654
DIS,26403,QMLE-Trade,2003-12-29,0.11369
DIS,26403,QMLE-Trade,2003-12-30,0.125587
DIS,26403,QMLE-Trade,2003-12-31,0.150676
DIS,26403,QMLE-Trade,2004-1-2,0.238324
DIS,26403,QMLE-Trade,2004-1-5,0.155366
DIS,26403,QMLE-Trade,2004-1-6,0.183788
DIS,26403,QMLE-Trade,2004-1-7,0.166343
DIS,26403,QMLE-Trade,2004-1-8,0.168902
DIS,26403,QMLE-Trade,2004-1-9,0.166339
DIS,26403,QMLE-Trade,2004-1-12,0.166012
DIS,26403,QMLE-Trade,2004-1-13,0.203285
DIS,26403,QMLE-Trade,2004-1-14,0.140295
DIS,26403,QMLE-Trade,2004-1-15,0.198582
DIS,26403,QMLE-Trade,2004-1-16,0.137865
DIS,26403,QMLE-Trade,2004-1-20,0.210363
DIS,26403,QMLE-Trade,2004-1-21,0.205548
DIS,26403,QMLE-Trade,2004-1-22,0.134074
DIS,26403,QMLE-Trade,2004-1-23,0.281569
DIS,26403,QMLE-Trade,2004-1-26,0.190046
DIS,26403,QMLE-Trade,2004-1-27,0.199049
DIS,26403,QMLE-Trade,2004-1-28,0.298469
DIS,26403,QMLE-Trade,2004-1-29,0.27727
DIS,26403,QMLE-Trade,2004-1-30,0.268023
DIS,26403,QMLE-Trade,2004-2-2,0.241121
DIS,26403,QMLE-Trade,2004-2-3,0.250755
DIS,26403,QMLE-Trade,2004-2-4,0.283489
DIS,26403,QMLE-Trade,2004-2-5,0.227662
DIS,26403,QMLE-Trade,2004-2-6,0.274333
DIS,26403,QMLE-Trade,2004-2-9,0.194197
DIS,26403,QMLE-Trade,2004-2-10,0.214083
DIS,26403,QMLE-Trade,2004-2-11,0.313372
DIS,26403,QMLE-Trade,2004-2-12,0.229046
DIS,26403,QMLE-Trade,2004-2-13,0.203836
DIS,26403,QMLE-Trade,2004-2-17,0.419622
DIS,26403,QMLE-Trade,2004-2-18,0.188126
DIS,26403,QMLE-Trade,2004-2-19,0.195217
DIS,26403,QMLE-Trade,2004-2-20,0.18262
DIS,26403,QMLE-Trade,2004-2-23,0.179546
DIS,26403,QMLE-Trade,2004-2-24,0.231645
DIS,26403,QMLE-Trade,2004-2-25,0.213386
DIS,26403,QMLE-Trade,2004-2-26,0.172995
DIS,26403,QMLE-Trade,2004-2-27,0.174996
DIS,26403,QMLE-Trade,2004-3-1,0.152011
DIS,26403,QMLE-Trade,2004-3-2,0.174911
DIS,26403,QMLE-Trade,2004-3-3,0.15444
DIS,26403,QMLE-Trade,2004-3-4,0.168801
DIS,26403,QMLE-Trade,2004-3-5,0.256202
DIS,26403,QMLE-Trade,2004-3-8,0.189599
DIS,26403,QMLE-Trade,2004-3-9,0.211901
DIS,26403,QMLE-Trade,2004-3-10,0.263676
DIS,26403,QMLE-Trade,2004-3-11,0.32631
DIS,26403,QMLE-Trade,2004-3-12,0.409729
DIS,26403,QMLE-Trade,2004-3-15,0.244057
DIS,26403,QMLE-Trade,2004-3-16,0.213705
DIS,26403,QMLE-Trade,2004-3-17,0.138194
DIS,26403,QMLE-Trade,2004-3-18,0.319489
DIS,26403,QMLE-Trade,2004-3-19,0.216516
DIS,26403,QMLE-Trade,2004-3-22,0.241907
DIS,26403,QMLE-Trade,2004-3-23,0.204539
DIS,26403,QMLE-Trade,2004-3-24,0.259564
DIS,26403,QMLE-Trade,2004-3-25,0.206005
DIS,26403,QMLE-Trade,2004-3-26,0.156364
DIS,26403,QMLE-Trade,2004-3-29,0.133088
DIS,26403,QMLE-Trade,2004-3-30,0.126271
DIS,26403,QMLE-Trade,2004-3-31,0.152793
DIS,26403,QMLE-Trade,2004-4-1,0.0976304
DIS,26403,QMLE-Trade,2004-4-2,0.186835
DIS,26403,QMLE-Trade,2004-4-5,0.201749
DIS,26403,QMLE-Trade,2004-4-6,0.165501
DIS,26403,QMLE-Trade,2004-4-7,0.181272
DIS,26403,QMLE-Trade,2004-4-8,0.19797
DIS,26403,QMLE-Trade,2004-4-12,0.126091
DIS,26403,QMLE-Trade,2004-4-13,0.212472
DIS,26403,QMLE-Trade,2004-4-14,0.188656
DIS,26403,QMLE-Trade,2004-4-15,0.191296
DIS,26403,QMLE-Trade,2004-4-16,0.175522
DIS,26403,QMLE-Trade,2004-4-19,0.168933
DIS,26403,QMLE-Trade,2004-4-20,0.224921
DIS,26403,QMLE-Trade,2004-4-21,0.182423
DIS,26403,QMLE-Trade,2004-4-22,0.176508
DIS,26403,QMLE-Trade,2004-4-23,0.137567
DIS,26403,QMLE-Trade,2004-4-26,0.243762
DIS,26403,QMLE-Trade,2004-4-27,0.227264
DIS,26403,QMLE-Trade,2004-4-28,0.221009
DIS,26403,QMLE-Trade,2004-4-29,0.290076
DIS,26403,QMLE-Trade,2004-4-30,0.275977
DIS,26403,QMLE-Trade,2004-5-3,0.22608
DIS,26403,QMLE-Trade,2004-5-4,0.130707
DIS,26403,QMLE-Trade,2004-5-5,0.242799
DIS,26403,QMLE-Trade,2004-5-6,0.245124
DIS,26403,QMLE-Trade,2004-5-7,0.295468
DIS,26403,QMLE-Trade,2004-5-10,0.234868
DIS,26403,QMLE-Trade,2004-5-11,0.285556
DIS,26403,QMLE-Trade,2004-5-12,0.254431
DIS,26403,QMLE-Trade,2004-5-13,0.255636
DIS,26403,QMLE-Trade,2004-5-14,0.260741
DIS,26403,QMLE-Trade,2004-5-17,0.259857
DIS,26403,QMLE-Trade,2004-5-18,0.160742
DIS,26403,QMLE-Trade,2004-5-19,0.210571
DIS,26403,QMLE-Trade,2004-5-20,0.158933
DIS,26403,QMLE-Trade,2004-5-21,0.210761
DIS,26403,QMLE-Trade,2004-5-24,0.1646
DIS,26403,QMLE-Trade,2004-5-25,0.192144
DIS,26403,QMLE-Trade,2004-5-26,0.198834
DIS,26403,QMLE-Trade,2004-5-27,0.167854
DIS,26403,QMLE-Trade,2004-5-28,0.154945
DIS,26403,QMLE-Trade,2004-6-1,0.190763
DIS,26403,QMLE-Trade,2004-6-2,0.173012
DIS,26403,QMLE-Trade,2004-6-3,0.21585
DIS,26403,QMLE-Trade,2004-6-4,0.157435
DIS,26403,QMLE-Trade,2004-6-7,0.135932
DIS,26403,QMLE-Trade,2004-6-8,0.171663
DIS,26403,QMLE-Trade,2004-6-9,0.147722
DIS,26403,QMLE-Trade,2004-6-10,0.134379
DIS,26403,QMLE-Trade,2004-6-14,0.123684
DIS,26403,QMLE-Trade,2004-6-15,0.141251
DIS,26403,QMLE-Trade,2004-6-16,0.138025
DIS,26403,QMLE-Trade,2004-6-17,0.0901229
DIS,26403,QMLE-Trade,2004-6-18,0.133723
DIS,26403,QMLE-Trade,2004-6-21,0.133106
DIS,26403,QMLE-Trade,2004-6-22,0.142955
DIS,26403,QMLE-Trade,2004-6-23,0.205744
DIS,26403,QMLE-Trade,2004-6-24,0.204735
DIS,26403,QMLE-Trade,2004-6-25,0.184716
DIS,26403,QMLE-Trade,2004-6-28,0.18706
DIS,26403,QMLE-Trade,2004-6-29,0.189587
DIS,26403,QMLE-Trade,2004-6-30,0.205907
DIS,26403,QMLE-Trade,2004-7-1,0.234066
DIS,26403,QMLE-Trade,2004-7-2,0.168682
DIS,26403,QMLE-Trade,2004-7-6,0.170384
DIS,26403,QMLE-Trade,2004-7-7,0.167279
DIS,26403,QMLE-Trade,2004-7-8,0.174234
DIS,26403,QMLE-Trade,2004-7-9,0.166674
DIS,26403,QMLE-Trade,2004-7-12,0.21867
DIS,26403,QMLE-Trade,2004-7-13,0.145848
DIS,26403,QMLE-Trade,2004-7-14,0.169871
DIS,26403,QMLE-Trade,2004-7-15,0.145606
DIS,26403,QMLE-Trade,2004-7-16,0.207674
DIS,26403,QMLE-Trade,2004-7-19,0.19348
DIS,26403,QMLE-Trade,2004-7-20,0.201376
DIS,26403,QMLE-Trade,2004-7-21,0.212668
DIS,26403,QMLE-Trade,2004-7-22,0.249401
DIS,26403,QMLE-Trade,2004-7-23,0.249421
DIS,26403,QMLE-Trade,2004-7-26,0.260252
DIS,26403,QMLE-Trade,2004-7-27,0.211123
DIS,26403,QMLE-Trade,2004-7-28,0.24309
DIS,26403,QMLE-Trade,2004-7-29,0.178187
DIS,26403,QMLE-Trade,2004-7-30,0.193627
DIS,26403,QMLE-Trade,2004-8-2,0.191863
DIS,26403,QMLE-Trade,2004-8-3,0.171742
DIS,26403,QMLE-Trade,2004-8-4,0.216846
DIS,26403,QMLE-Trade,2004-8-5,0.198605
DIS,26403,QMLE-Trade,2004-8-6,0.186497
DIS,26403,QMLE-Trade,2004-8-9,0.210164
DIS,26403,QMLE-Trade,2004-8-10,0.221656
DIS,26403,QMLE-Trade,2004-8-11,0.364302
DIS,26403,QMLE-Trade,2004-8-12,0.276361
DIS,26403,QMLE-Trade,2004-8-13,0.193676
DIS,26403,QMLE-Trade,2004-8-16,0.191093
DIS,26403,QMLE-Trade,2004-8-17,0.217289
DIS,26403,QMLE-Trade,2004-8-18,0.189822
DIS,26403,QMLE-Trade,2004-8-19,0.19642
DIS,26403,QMLE-Trade,2004-8-20,0.16477
DIS,26403,QMLE-Trade,2004-8-23,0.190571
DIS,26403,QMLE-Trade,2004-8-24,0.153703
DIS,26403,QMLE-Trade,2004-8-25,0.177843
DIS,26403,QMLE-Trade,2004-8-26,0.169185
DIS,26403,QMLE-Trade,2004-8-27,0.160772
DIS,26403,QMLE-Trade,2004-8-30,0.121268
DIS,26403,QMLE-Trade,2004-8-31,0.141018
DIS,26403,QMLE-Trade,2004-9-1,0.1827
DIS,26403,QMLE-Trade,2004-9-2,0.145696
DIS,26403,QMLE-Trade,2004-9-3,0.20694
DIS,26403,QMLE-Trade,2004-9-7,0.186199
DIS,26403,QMLE-Trade,2004-9-8,0.138074
DIS,26403,QMLE-Trade,2004-9-9,0.123704
DIS,26403,QMLE-Trade,2004-9-10,0.238787
DIS,26403,QMLE-Trade,2004-9-13,0.200597
DIS,26403,QMLE-Trade,2004-9-14,0.123611
DIS,26403,QMLE-Trade,2004-9-15,0.126849
DIS,26403,QMLE-Trade,2004-9-16,0.164779
DIS,26403,QMLE-Trade,2004-9-17,0.128021
DIS,26403,QMLE-Trade,2004-9-20,0.139495
DIS,26403,QMLE-Trade,2004-9-21,0.167162
DIS,26403,QMLE-Trade,2004-9-22,0.15185
DIS,26403,QMLE-Trade,2004-9-23,0.191661
DIS,26403,QMLE-Trade,2004-9-24,0.144364
DIS,26403,QMLE-Trade,2004-9-27,0.146231
DIS,26403,QMLE-Trade,2004-9-28,0.268315
DIS,26403,QMLE-Trade,2004-9-29,0.23077
DIS,26403,QMLE-Trade,2004-9-30,0.198741
DIS,26403,QMLE-Trade,2004-10-1,0.213118
DIS,26403,QMLE-Trade,2004-10-4,0.224258
DIS,26403,QMLE-Trade,2004-10-5,0.164089
DIS,26403,QMLE-Trade,2004-10-6,0.123187
DIS,26403,QMLE-Trade,2004-10-7,0.194294
DIS,26403,QMLE-Trade,2004-10-8,0.171444
DIS,26403,QMLE-Trade,2004-10-11,0.14375
DIS,26403,QMLE-Trade,2004-10-12,0.143744
DIS,26403,QMLE-Trade,2004-10-13,0.176232
DIS,26403,QMLE-Trade,2004-10-14,0.147317
DIS,26403,QMLE-Trade,2004-10-15,0.188562
DIS,26403,QMLE-Trade,2004-10-18,0.130237
DIS,26403,QMLE-Trade,2004-10-19,0.196956
DIS,26403,QMLE-Trade,2004-10-20,0.148549
DIS,26403,QMLE-Trade,2004-10-21,0.205265
DIS,26403,QMLE-Trade,2004-10-22,0.185521
DIS,26403,QMLE-Trade,2004-10-25,0.174002
DIS,26403,QMLE-Trade,2004-10-26,0.193981
DIS,26403,QMLE-Trade,2004-10-27,0.213338
DIS,26403,QMLE-Trade,2004-10-28,0.166168
DIS,26403,QMLE-Trade,2004-10-29,0.153782
DIS,26403,QMLE-Trade,2004-11-1,0.26579
DIS,26403,QMLE-Trade,2004-11-2,0.282163
DIS,26403,QMLE-Trade,2004-11-3,0.204428
DIS,26403,QMLE-Trade,2004-11-4,0.195199
DIS,26403,QMLE-Trade,2004-11-5,0.257704
DIS,26403,QMLE-Trade,2004-11-8,0.187607
DIS,26403,QMLE-Trade,2004-11-9,0.190382
DIS,26403,QMLE-Trade,2004-11-10,0.18252
DIS,26403,QMLE-Trade,2004-11-11,0.163384
DIS,26403,QMLE-Trade,2004-11-12,0.184646
DIS,26403,QMLE-Trade,2004-11-15,0.170727
DIS,26403,QMLE-Trade,2004-11-16,0.194554
DIS,26403,QMLE-Trade,2004-11-17,0.229796
DIS,26403,QMLE-Trade,2004-11-18,0.164271
DIS,26403,QMLE-Trade,2004-11-19,0.21764
DIS,26403,QMLE-Trade,2004-11-22,0.189707
DIS,26403,QMLE-Trade,2004-11-23,0.154727
DIS,26403,QMLE-Trade,2004-11-24,0.167165
DIS,26403,QMLE-Trade,2004-11-26,0.234531
DIS,26403,QMLE-Trade,2004-11-29,0.217689
DIS,26403,QMLE-Trade,2004-11-30,0.202114
DIS,26403,QMLE-Trade,2004-12-1,0.188525
DIS,26403,QMLE-Trade,2004-12-2,0.19069
DIS,26403,QMLE-Trade,2004-12-3,0.212201
DIS,26403,QMLE-Trade,2004-12-6,0.189316
DIS,26403,QMLE-Trade,2004-12-7,0.201575
DIS,26403,QMLE-Trade,2004-12-8,0.196175
DIS,26403,QMLE-Trade,2004-12-9,0.184563
DIS,26403,QMLE-Trade,2004-12-10,0.185882
DIS,26403,QMLE-Trade,2004-12-13,0.119569
DIS,26403,QMLE-Trade,2004-12-14,0.0794936
DIS,26403,QMLE-Trade,2004-12-15,0.124753
DIS,26403,QMLE-Trade,2004-12-16,0.147891
DIS,26403,QMLE-Trade,2004-12-17,0.18781
DIS,26403,QMLE-Trade,2004-12-20,0.200079
DIS,26403,QMLE-Trade,2004-12-21,0.149991
DIS,26403,QMLE-Trade,2004-12-22,0.160536
DIS,26403,QMLE-Trade,2004-12-23,0.114633
DIS,26403,QMLE-Trade,2004-12-27,0.145283
DIS,26403,QMLE-Trade,2004-12-28,0.127324
DIS,26403,QMLE-Trade,2004-12-29,0.106949
DIS,26403,QMLE-Trade,2004-12-30,0.089767
DIS,26403,QMLE-Trade,2004-12-31,0.111036
DIS,26403,QMLE-Trade,2005-1-3,0.169649
DIS,26403,QMLE-Trade,2005-1-4,0.172854
DIS,26403,QMLE-Trade,2005-1-5,0.152116
DIS,26403,QMLE-Trade,2005-1-6,0.141662
DIS,26403,QMLE-Trade,2005-1-7,0.172905
DIS,26403,QMLE-Trade,2005-1-10,0.125977
DIS,26403,QMLE-Trade,2005-1-11,0.132375
DIS,26403,QMLE-Trade,2005-1-12,0.162083
DIS,26403,QMLE-Trade,2005-1-13,0.130054
DIS,26403,QMLE-Trade,2005-1-14,0.160786
DIS,26403,QMLE-Trade,2005-1-18,0.117662
DIS,26403,QMLE-Trade,2005-1-19,0.134483
DIS,26403,QMLE-Trade,2005-1-20,0.184034
DIS,26403,QMLE-Trade,2005-1-21,0.129398
DIS,26403,QMLE-Trade,2005-1-24,0.16916
DIS,26403,QMLE-Trade,2005-1-25,0.169454
DIS,26403,QMLE-Trade,2005-1-26,0.138177
DIS,26403,QMLE-Trade,2005-1-27,0.178831
DIS,26403,QMLE-Trade,2005-1-28,0.185353
DIS,26403,QMLE-Trade,2005-1-31,0.170915
DIS,26403,QMLE-Trade,2005-2-1,0.202094
DIS,26403,QMLE-Trade,2005-2-2,0.112107
DIS,26403,QMLE-Trade,2005-2-3,0.115251
DIS,26403,QMLE-Trade,2005-2-4,0.118181
DIS,26403,QMLE-Trade,2005-2-7,0.138432
DIS,26403,QMLE-Trade,2005-2-8,0.118735
DIS,26403,QMLE-Trade,2005-2-9,0.138764
DIS,26403,QMLE-Trade,2005-2-10,0.146418
DIS,26403,QMLE-Trade,2005-2-11,0.192278
DIS,26403,QMLE-Trade,2005-2-14,0.140584
DIS,26403,QMLE-Trade,2005-2-15,0.132516
DIS,26403,QMLE-Trade,2005-2-16,0.126861
DIS,26403,QMLE-Trade,2005-2-17,0.153273
DIS,26403,QMLE-Trade,2005-2-18,0.141071
DIS,26403,QMLE-Trade,2005-2-22,0.213232
DIS,26403,QMLE-Trade,2005-2-23,0.193713
DIS,26403,QMLE-Trade,2005-2-24,0.177423
DIS,26403,QMLE-Trade,2005-2-25,0.211634
DIS,26403,QMLE-Trade,2005-2-28,0.159833
DIS,26403,QMLE-Trade,2005-3-1,0.139463
DIS,26403,QMLE-Trade,2005-3-2,0.195432
DIS,26403,QMLE-Trade,2005-3-3,0.174053
DIS,26403,QMLE-Trade,2005-3-4,0.149659
DIS,26403,QMLE-Trade,2005-3-7,0.101482
DIS,26403,QMLE-Trade,2005-3-8,0.14929
DIS,26403,QMLE-Trade,2005-3-9,0.203173
DIS,26403,QMLE-Trade,2005-3-10,0.167707
DIS,26403,QMLE-Trade,2005-3-11,0.169468
DIS,26403,QMLE-Trade,2005-3-14,0.167893
DIS,26403,QMLE-Trade,2005-3-15,0.202745
DIS,26403,QMLE-Trade,2005-3-16,0.227801
DIS,26403,QMLE-Trade,2005-3-17,0.130076
DIS,26403,QMLE-Trade,2005-3-18,0.185472
DIS,26403,QMLE-Trade,2005-3-21,0.181177
DIS,26403,QMLE-Trade,2005-3-22,0.180941
DIS,26403,QMLE-Trade,2005-3-23,0.166272
DIS,26403,QMLE-Trade,2005-3-24,0.152545
DIS,26403,QMLE-Trade,2005-3-28,0.159566
DIS,26403,QMLE-Trade,2005-3-29,0.175724
DIS,26403,QMLE-Trade,2005-3-30,0.178657
DIS,26403,QMLE-Trade,2005-3-31,0.164802
DIS,26403,QMLE-Trade,2005-4-1,0.195987
DIS,26403,QMLE-Trade,2005-4-4,0.145952
DIS,26403,QMLE-Trade,2005-4-5,0.154805
DIS,26403,QMLE-Trade,2005-4-6,0.125126
DIS,26403,QMLE-Trade,2005-4-7,0.132639
DIS,26403,QMLE-Trade,2005-4-8,0.151667
DIS,26403,QMLE-Trade,2005-4-11,0.102335
DIS,26403,QMLE-Trade,2005-4-12,0.210599
DIS,26403,QMLE-Trade,2005-4-13,0.170487
DIS,26403,QMLE-Trade,2005-4-14,0.176715
DIS,26403,QMLE-Trade,2005-4-15,0.198877
DIS,26403,QMLE-Trade,2005-4-18,0.194362
DIS,26403,QMLE-Trade,2005-4-19,0.223336
DIS,26403,QMLE-Trade,2005-4-20,0.184244
DIS,26403,QMLE-Trade,2005-4-21,0.216197
DIS,26403,QMLE-Trade,2005-4-22,0.218557
DIS,26403,QMLE-Trade,2005-4-25,0.184958
DIS,26403,QMLE-Trade,2005-4-26,0.137987
DIS,26403,QMLE-Trade,2005-4-27,0.224379
DIS,26403,QMLE-Trade,2005-4-28,0.178374
DIS,26403,QMLE-Trade,2005-4-29,0.212174
DIS,26403,QMLE-Trade,2005-5-2,0.199277
DIS,26403,QMLE-Trade,2005-5-3,0.251289
DIS,26403,QMLE-Trade,2005-5-4,0.229136
DIS,26403,QMLE-Trade,2005-5-5,0.184793
DIS,26403,QMLE-Trade,2005-5-6,0.217334
DIS,26403,QMLE-Trade,2005-5-9,0.140824
DIS,26403,QMLE-Trade,2005-5-10,0.157589
DIS,26403,QMLE-Trade,2005-5-11,0.470681
DIS,26403,QMLE-Trade,2005-5-12,0.263999
DIS,26403,QMLE-Trade,2005-5-13,0.204673
DIS,26403,QMLE-Trade,2005-5-16,0.126044
DIS,26403,QMLE-Trade,2005-5-17,0.125439
DIS,26403,QMLE-Trade,2005-5-18,0.176483
DIS,26403,QMLE-Trade,2005-5-19,0.12327
DIS,26403,QMLE-Trade,2005-5-20,0.132251
DIS,26403,QMLE-Trade,2005-5-23,0.150648
DIS,26403,QMLE-Trade,2005-5-24,0.151349
DIS,26403,QMLE-Trade,2005-5-25,0.1545
DIS,26403,QMLE-Trade,2005-5-26,0.0978563
DIS,26403,QMLE-Trade,2005-5-27,0.102621
DIS,26403,QMLE-Trade,2005-5-31,0.172954
DIS,26403,QMLE-Trade,2005-6-1,0.188565
DIS,26403,QMLE-Trade,2005-6-2,0.146329
DIS,26403,QMLE-Trade,2005-6-3,0.0996856
DIS,26403,QMLE-Trade,2005-6-6,0.133655
DIS,26403,QMLE-Trade,2005-6-7,0.126547
DIS,26403,QMLE-Trade,2005-6-8,0.112609
DIS,26403,QMLE-Trade,2005-6-9,0.159911
DIS,26403,QMLE-Trade,2005-6-10,0.137708
DIS,26403,QMLE-Trade,2005-6-13,0.158638
DIS,26403,QMLE-Trade,2005-6-14,0.146298
DIS,26403,QMLE-Trade,2005-6-15,0.172361
DIS,26403,QMLE-Trade,2005-6-16,0.153762
DIS,26403,QMLE-Trade,2005-6-17,0.22735
DIS,26403,QMLE-Trade,2005-6-20,0.197031
DIS,26403,QMLE-Trade,2005-6-21,0.203482
DIS,26403,QMLE-Trade,2005-6-22,0.171904
DIS,26403,QMLE-Trade,2005-6-23,0.17247
DIS,26403,QMLE-Trade,2005-6-24,0.226842
DIS,26403,QMLE-Trade,2005-6-27,0.160501
DIS,26403,QMLE-Trade,2005-6-28,0.176832
DIS,26403,QMLE-Trade,2005-6-29,0.130399
DIS,26403,QMLE-Trade,2005-6-30,0.282828
DIS,26403,QMLE-Trade,2005-7-1,0.171285
DIS,26403,QMLE-Trade,2005-7-5,0.172983
DIS,26403,QMLE-Trade,2005-7-6,0.141082
DIS,26403,QMLE-Trade,2005-7-7,0.16534
DIS,26403,QMLE-Trade,2005-7-8,0.198038
DIS,26403,QMLE-Trade,2005-7-11,0.204213
DIS,26403,QMLE-Trade,2005-7-12,0.217897
DIS,26403,QMLE-Trade,2005-7-13,0.138464
DIS,26403,QMLE-Trade,2005-7-14,0.207722
DIS,26403,QMLE-Trade,2005-7-15,0.150677
DIS,26403,QMLE-Trade,2005-7-18,0.151386
DIS,26403,QMLE-Trade,2005-7-19,0.16615
DIS,26403,QMLE-Trade,2005-7-20,0.16478
DIS,26403,QMLE-Trade,2005-7-21,0.203913
DIS,26403,QMLE-Trade,2005-7-22,0.164903
DIS,26403,QMLE-Trade,2005-7-25,0.171682
DIS,26403,QMLE-Trade,2005-7-26,0.209191
DIS,26403,QMLE-Trade,2005-7-27,0.201682
DIS,26403,QMLE-Trade,2005-7-28,0.196668
DIS,26403,QMLE-Trade,2005-7-29,0.173209
DIS,26403,QMLE-Trade,2005-8-1,0.147905
DIS,26403,QMLE-Trade,2005-8-2,0.12579
DIS,26403,QMLE-Trade,2005-8-3,0.182081
DIS,26403,QMLE-Trade,2005-8-4,0.153644
DIS,26403,QMLE-Trade,2005-8-5,0.150908
DIS,26403,QMLE-Trade,2005-8-8,0.188472
DIS,26403,QMLE-Trade,2005-8-9,0.234678
DIS,26403,QMLE-Trade,2005-8-10,0.28329
DIS,26403,QMLE-Trade,2005-8-11,0.192895
DIS,26403,QMLE-Trade,2005-8-12,0.195326
DIS,26403,QMLE-Trade,2005-8-15,0.162381
DIS,26403,QMLE-Trade,2005-8-16,0.201664
DIS,26403,QMLE-Trade,2005-8-17,0.203013
DIS,26403,QMLE-Trade,2005-8-18,0.1541
DIS,26403,QMLE-Trade,2005-8-19,0.126022
DIS,26403,QMLE-Trade,2005-8-22,0.167252
DIS,26403,QMLE-Trade,2005-8-23,0.163353
DIS,26403,QMLE-Trade,2005-8-24,0.123778
DIS,26403,QMLE-Trade,2005-8-25,0.12694
DIS,26403,QMLE-Trade,2005-8-26,0.159625
DIS,26403,QMLE-Trade,2005-8-29,0.155705
DIS,26403,QMLE-Trade,2005-8-30,0.16398
DIS,26403,QMLE-Trade,2005-8-31,0.186892
DIS,26403,QMLE-Trade,2005-9-1,0.18447
DIS,26403,QMLE-Trade,2005-9-2,0.193538
DIS,26403,QMLE-Trade,2005-9-6,0.162493
DIS,26403,QMLE-Trade,2005-9-7,0.152961
DIS,26403,QMLE-Trade,2005-9-8,0.0953087
DIS,26403,QMLE-Trade,2005-9-9,0.142403
DIS,26403,QMLE-Trade,2005-9-12,0.125231
DIS,26403,QMLE-Trade,2005-9-13,0.109471
DIS,26403,QMLE-Trade,2005-9-14,0.233939
DIS,26403,QMLE-Trade,2005-9-15,0.154988
DIS,26403,QMLE-Trade,2005-9-16,0.123516
DIS,26403,QMLE-Trade,2005-9-19,0.121084
DIS,26403,QMLE-Trade,2005-9-20,0.172787
DIS,26403,QMLE-Trade,2005-9-21,0.198062
DIS,26403,QMLE-Trade,2005-9-22,0.190094
DIS,26403,QMLE-Trade,2005-9-23,0.155604
DIS,26403,QMLE-Trade,2005-9-26,0.167209
DIS,26403,QMLE-Trade,2005-9-27,0.196193
DIS,26403,QMLE-Trade,2005-9-28,0.173253
DIS,26403,QMLE-Trade,2005-9-29,0.197515
DIS,26403,QMLE-Trade,2005-9-30,0.188093
DIS,26403,QMLE-Trade,2005-10-3,0.147829
DIS,26403,QMLE-Trade,2005-10-4,0.267856
DIS,26403,QMLE-Trade,2005-10-5,0.23326
DIS,26403,QMLE-Trade,2005-10-6,0.267956
DIS,26403,QMLE-Trade,2005-10-7,0.176094
DIS,26403,QMLE-Trade,2005-10-10,0.162221
DIS,26403,QMLE-Trade,2005-10-11,0.258503
DIS,26403,QMLE-Trade,2005-10-12,0.287275
DIS,26403,QMLE-Trade,2005-10-13,0.203352
DIS,26403,QMLE-Trade,2005-10-14,0.185879
DIS,26403,QMLE-Trade,2005-10-17,0.283645
DIS,26403,QMLE-Trade,2005-10-18,0.15257
DIS,26403,QMLE-Trade,2005-10-19,0.211822
DIS,26403,QMLE-Trade,2005-10-20,0.197804
DIS,26403,QMLE-Trade,2005-10-21,0.264935
DIS,26403,QMLE-Trade,2005-10-24,0.322301
DIS,26403,QMLE-Trade,2005-10-25,0.177065
DIS,26403,QMLE-Trade,2005-10-26,0.27779
DIS,26403,QMLE-Trade,2005-10-27,0.260989
DIS,26403,QMLE-Trade,2005-10-28,0.226828
DIS,26403,QMLE-Trade,2005-10-31,0.204093
DIS,26403,QMLE-Trade,2005-11-1,0.168993
DIS,26403,QMLE-Trade,2005-11-2,0.137257
DIS,26403,QMLE-Trade,2005-11-3,0.199362
DIS,26403,QMLE-Trade,2005-11-4,0.178082
DIS,26403,QMLE-Trade,2005-11-7,0.143666
DIS,26403,QMLE-Trade,2005-11-8,0.127369
DIS,26403,QMLE-Trade,2005-11-9,0.176327
DIS,26403,QMLE-Trade,2005-11-10,0.145159
DIS,26403,QMLE-Trade,2005-11-11,0.120878
DIS,26403,QMLE-Trade,2005-11-14,0.161269
DIS,26403,QMLE-Trade,2005-11-15,0.190371
DIS,26403,QMLE-Trade,2005-11-16,0.235527
DIS,26403,QMLE-Trade,2005-11-17,0.150803
DIS,26403,QMLE-Trade,2005-11-18,0.245141
DIS,26403,QMLE-Trade,2005-11-21,0.210601
DIS,26403,QMLE-Trade,2005-11-22,0.160153
DIS,26403,QMLE-Trade,2005-11-23,0.141033
DIS,26403,QMLE-Trade,2005-11-25,0.145197
DIS,26403,QMLE-Trade,2005-11-28,0.153322
DIS,26403,QMLE-Trade,2005-11-29,0.125216
DIS,26403,QMLE-Trade,2005-11-30,0.168168
DIS,26403,QMLE-Trade,2005-12-1,0.145596
DIS,26403,QMLE-Trade,2005-12-2,0.0969566
DIS,26403,QMLE-Trade,2005-12-5,0.131978
DIS,26403,QMLE-Trade,2005-12-6,0.142377
DIS,26403,QMLE-Trade,2005-12-7,0.111489
DIS,26403,QMLE-Trade,2005-12-8,0.169172
DIS,26403,QMLE-Trade,2005-12-9,0.108704
DIS,26403,QMLE-Trade,2005-12-12,0.120752
DIS,26403,QMLE-Trade,2005-12-13,0.140331
DIS,26403,QMLE-Trade,2005-12-14,0.117262
DIS,26403,QMLE-Trade,2005-12-15,0.141489
DIS,26403,QMLE-Trade,2005-12-16,0.141671
DIS,26403,QMLE-Trade,2005-12-19,0.210564
DIS,26403,QMLE-Trade,2005-12-20,0.142826
DIS,26403,QMLE-Trade,2005-12-21,0.131721
DIS,26403,QMLE-Trade,2005-12-22,0.123903
DIS,26403,QMLE-Trade,2005-12-23,0.143527
DIS,26403,QMLE-Trade,2005-12-27,0.123384
DIS,26403,QMLE-Trade,2005-12-28,0.151467
DIS,26403,QMLE-Trade,2005-12-29,0.108534
DIS,26403,QMLE-Trade,2005-12-30,0.08674
DIS,26403,QMLE-Trade,2006-1-3,0.173914
DIS,26403,QMLE-Trade,2006-1-4,0.289055
DIS,26403,QMLE-Trade,2006-1-5,0.195045
DIS,26403,QMLE-Trade,2006-1-6,0.145601
DIS,26403,QMLE-Trade,2006-1-9,0.148304
DIS,26403,QMLE-Trade,2006-1-10,0.119143
DIS,26403,QMLE-Trade,2006-1-11,0.128945
DIS,26403,QMLE-Trade,2006-1-12,0.126762
DIS,26403,QMLE-Trade,2006-1-13,0.13213
DIS,26403,QMLE-Trade,2006-1-17,0.186468
DIS,26403,QMLE-Trade,2006-1-18,0.154481
DIS,26403,QMLE-Trade,2006-1-19,0.275325
DIS,26403,QMLE-Trade,2006-1-20,0.255066
DIS,26403,QMLE-Trade,2006-1-23,0.229015
DIS,26403,QMLE-Trade,2006-1-24,0.158636
DIS,26403,QMLE-Trade,2006-1-25,0.188676
DIS,26403,QMLE-Trade,2006-1-26,0.20331
DIS,26403,QMLE-Trade,2006-1-27,0.128702
DIS,26403,QMLE-Trade,2006-1-30,0.141751
DIS,26403,QMLE-Trade,2006-1-31,0.126555
DIS,26403,QMLE-Trade,2006-2-1,0.10024
DIS,26403,QMLE-Trade,2006-2-2,0.111461
DIS,26403,QMLE-Trade,2006-2-3,0.110566
DIS,26403,QMLE-Trade,2006-2-6,0.185427
DIS,26403,QMLE-Trade,2006-2-7,0.323025
DIS,26403,QMLE-Trade,2006-2-8,0.209905
DIS,26403,QMLE-Trade,2006-2-9,0.148874
DIS,26403,QMLE-Trade,2006-2-10,0.164191
DIS,26403,QMLE-Trade,2006-2-13,0.195947
DIS,26403,QMLE-Trade,2006-2-14,0.104249
DIS,26403,QMLE-Trade,2006-2-15,0.121329
DIS,26403,QMLE-Trade,2006-2-16,0.129573
DIS,26403,QMLE-Trade,2006-2-17,0.12269
DIS,26403,QMLE-Trade,2006-2-21,0.447653
DIS,26403,QMLE-Trade,2006-2-22,0.132342
DIS,26403,QMLE-Trade,2006-2-23,0.0961789
DIS,26403,QMLE-Trade,2006-2-24,0.128933
DIS,26403,QMLE-Trade,2006-2-27,0.198401
DIS,26403,QMLE-Trade,2006-2-28,0.22087
DIS,26403,QMLE-Trade,2006-3-1,0.134872
DIS,26403,QMLE-Trade,2006-3-2,0.123541
DIS,26403,QMLE-Trade,2006-3-3,0.143344
DIS,26403,QMLE-Trade,2006-3-6,0.169586
DIS,26403,QMLE-Trade,2006-3-7,0.129374
DIS,26403,QMLE-Trade,2006-3-8,0.128635
DIS,26403,QMLE-Trade,2006-3-9,0.15096
DIS,26403,QMLE-Trade,2006-3-10,0.153181
DIS,26403,QMLE-Trade,2006-3-13,0.126916
DIS,26403,QMLE-Trade,2006-3-14,0.0984587
DIS,26403,QMLE-Trade,2006-3-15,0.103476
DIS,26403,QMLE-Trade,2006-3-16,0.138012
DIS,26403,QMLE-Trade,2006-3-17,0.140538
DIS,26403,QMLE-Trade,2006-3-20,0.139941
DIS,26403,QMLE-Trade,2006-3-21,0.147153
DIS,26403,QMLE-Trade,2006-3-22,0.135124
DIS,26403,QMLE-Trade,2006-3-23,0.141223
DIS,26403,QMLE-Trade,2006-3-24,0.0830054
DIS,26403,QMLE-Trade,2006-3-27,0.103185
DIS,26403,QMLE-Trade,2006-3-28,0.138817
DIS,26403,QMLE-Trade,2006-3-29,0.181776
DIS,26403,QMLE-Trade,2006-3-30,0.227579
DIS,26403,QMLE-Trade,2006-3-31,0.213293
DIS,26403,QMLE-Trade,2006-4-3,0.163277
DIS,26403,QMLE-Trade,2006-4-4,0.160945
DIS,26403,QMLE-Trade,2006-4-5,0.148265
DIS,26403,QMLE-Trade,2006-4-6,0.168892
DIS,26403,QMLE-Trade,2006-4-7,0.20522
DIS,26403,QMLE-Trade,2006-4-10,0.165869
DIS,26403,QMLE-Trade,2006-4-11,0.174027
DIS,26403,QMLE-Trade,2006-4-12,0.152521
DIS,26403,QMLE-Trade,2006-4-13,0.141602
DIS,26403,QMLE-Trade,2006-4-17,0.128326
DIS,26403,QMLE-Trade,2006-4-18,0.135941
DIS,26403,QMLE-Trade,2006-4-19,0.163565
DIS,26403,QMLE-Trade,2006-4-20,0.123811
DIS,26403,QMLE-Trade,2006-4-21,0.153451
DIS,26403,QMLE-Trade,2006-4-24,0.156343
DIS,26403,QMLE-Trade,2006-4-25,0.213833
DIS,26403,QMLE-Trade,2006-4-26,0.237909
DIS,26403,QMLE-Trade,2006-4-27,0.256992
DIS,26403,QMLE-Trade,2006-4-28,0.220913
DIS,26403,QMLE-Trade,2006-5-1,0.175517
DIS,26403,QMLE-Trade,2006-5-2,0.168264
DIS,26403,QMLE-Trade,2006-5-3,0.127403
DIS,26403,QMLE-Trade,2006-5-4,0.115819
DIS,26403,QMLE-Trade,2006-5-5,0.17352
DIS,26403,QMLE-Trade,2006-5-8,0.16119
DIS,26403,QMLE-Trade,2006-5-9,0.167956
DIS,26403,QMLE-Trade,2006-5-10,0.206591
DIS,26403,QMLE-Trade,2006-5-11,0.182888
DIS,26403,QMLE-Trade,2006-5-12,0.193925
DIS,26403,QMLE-Trade,2006-5-15,0.143187
DIS,26403,QMLE-Trade,2006-5-16,0.14424
DIS,26403,QMLE-Trade,2006-5-17,0.193347
DIS,26403,QMLE-Trade,2006-5-18,0.271407
DIS,26403,QMLE-Trade,2006-5-19,0.255141
DIS,26403,QMLE-Trade,2006-5-22,0.253303
DIS,26403,QMLE-Trade,2006-5-23,0.138627
DIS,26403,QMLE-Trade,2006-5-24,0.205153
DIS,26403,QMLE-Trade,2006-5-25,0.119599
DIS,26403,QMLE-Trade,2006-5-26,0.0986635
DIS,26403,QMLE-Trade,2006-5-30,0.141797
DIS,26403,QMLE-Trade,2006-5-31,0.160521
DIS,26403,QMLE-Trade,2006-6-1,0.13299
DIS,26403,QMLE-Trade,2006-6-2,0.156376
DIS,26403,QMLE-Trade,2006-6-5,0.161
DIS,26403,QMLE-Trade,2006-6-6,0.202064
DIS,26403,QMLE-Trade,2006-6-7,0.18438
DIS,26403,QMLE-Trade,2006-6-8,0.219319
DIS,26403,QMLE-Trade,2006-6-9,0.179232
DIS,26403,QMLE-Trade,2006-6-12,0.235427
DIS,26403,QMLE-Trade,2006-6-13,0.239376
DIS,26403,QMLE-Trade,2006-6-14,0.233223
DIS,26403,QMLE-Trade,2006-6-15,0.18803
DIS,26403,QMLE-Trade,2006-6-16,0.143558
DIS,26403,QMLE-Trade,2006-6-19,0.179705
DIS,26403,QMLE-Trade,2006-6-20,0.165493
DIS,26403,QMLE-Trade,2006-6-21,0.197826
DIS,26403,QMLE-Trade,2006-6-22,0.198406
DIS,26403,QMLE-Trade,2006-6-23,0.207264
DIS,26403,QMLE-Trade,2006-6-26,0.195542
DIS,26403,QMLE-Trade,2006-6-27,0.171562
DIS,26403,QMLE-Trade,2006-6-28,0.163759
DIS,26403,QMLE-Trade,2006-6-29,0.152103
DIS,26403,QMLE-Trade,2006-6-30,0.143038
DIS,26403,QMLE-Trade,2006-7-3,0.162335
DIS,26403,QMLE-Trade,2006-7-5,0.179236
DIS,26403,QMLE-Trade,2006-7-6,0.141898
DIS,26403,QMLE-Trade,2006-7-7,0.162297
DIS,26403,QMLE-Trade,2006-7-10,0.142814
DIS,26403,QMLE-Trade,2006-7-11,0.160909
DIS,26403,QMLE-Trade,2006-7-12,0.184023
DIS,26403,QMLE-Trade,2006-7-13,0.197112
DIS,26403,QMLE-Trade,2006-7-14,0.213264
DIS,26403,QMLE-Trade,2006-7-17,0.169764
DIS,26403,QMLE-Trade,2006-7-18,0.242188
DIS,26403,QMLE-Trade,2006-7-19,0.198016
DIS,26403,QMLE-Trade,2006-7-20,0.270018
DIS,26403,QMLE-Trade,2006-7-21,0.258753
DIS,26403,QMLE-Trade,2006-7-24,0.188083
DIS,26403,QMLE-Trade,2006-7-25,0.174883
DIS,26403,QMLE-Trade,2006-7-26,0.208803
DIS,26403,QMLE-Trade,2006-7-27,0.204723
DIS,26403,QMLE-Trade,2006-7-28,0.165681
DIS,26403,QMLE-Trade,2006-7-31,0.157784
DIS,26403,QMLE-Trade,2006-8-1,0.192331
DIS,26403,QMLE-Trade,2006-8-2,0.174975
DIS,26403,QMLE-Trade,2006-8-3,0.194848
DIS,26403,QMLE-Trade,2006-8-4,0.172744
DIS,26403,QMLE-Trade,2006-8-7,0.171231
DIS,26403,QMLE-Trade,2006-8-8,0.249951
DIS,26403,QMLE-Trade,2006-8-9,0.312957
DIS,26403,QMLE-Trade,2006-8-10,0.210173
DIS,26403,QMLE-Trade,2006-8-11,0.156731
DIS,26403,QMLE-Trade,2006-8-14,0.148102
DIS,26403,QMLE-Trade,2006-8-15,0.16102
DIS,26403,QMLE-Trade,2006-8-16,0.142091
DIS,26403,QMLE-Trade,2006-8-17,0.112583
DIS,26403,QMLE-Trade,2006-8-18,0.123607
DIS,26403,QMLE-Trade,2006-8-21,0.109528
DIS,26403,QMLE-Trade,2006-8-22,0.157594
DIS,26403,QMLE-Trade,2006-8-23,0.168649
DIS,26403,QMLE-Trade,2006-8-24,0.162965
DIS,26403,QMLE-Trade,2006-8-25,0.151416
DIS,26403,QMLE-Trade,2006-8-28,0.155386
DIS,26403,QMLE-Trade,2006-8-29,0.163424
DIS,26403,QMLE-Trade,2006-8-30,0.144393
DIS,26403,QMLE-Trade,2006-8-31,0.136325
DIS,26403,QMLE-Trade,2006-9-1,0.116022
DIS,26403,QMLE-Trade,2006-9-5,0.0784796
DIS,26403,QMLE-Trade,2006-9-6,0.106896
DIS,26403,QMLE-Trade,2006-9-7,0.14795
DIS,26403,QMLE-Trade,2006-9-8,0.188652
DIS,26403,QMLE-Trade,2006-9-11,0.131807
DIS,26403,QMLE-Trade,2006-9-12,0.118169
DIS,26403,QMLE-Trade,2006-9-13,0.155918
DIS,26403,QMLE-Trade,2006-9-14,0.157057
DIS,26403,QMLE-Trade,2006-9-15,0.180399
DIS,26403,QMLE-Trade,2006-9-18,0.169487
DIS,26403,QMLE-Trade,2006-9-19,0.142456
DIS,26403,QMLE-Trade,2006-9-20,0.159479
DIS,26403,QMLE-Trade,2006-9-21,0.170835
DIS,26403,QMLE-Trade,2006-9-22,0.155238
DIS,26403,QMLE-Trade,2006-9-25,0.179161
DIS,26403,QMLE-Trade,2006-9-26,0.171426
DIS,26403,QMLE-Trade,2006-9-27,0.183669
DIS,26403,QMLE-Trade,2006-9-28,0.19211
DIS,26403,QMLE-Trade,2006-9-29,0.195762
DIS,26403,QMLE-Trade,2006-10-2,0.176949
DIS,26403,QMLE-Trade,2006-10-3,0.150272
DIS,26403,QMLE-Trade,2006-10-4,0.129351
DIS,26403,QMLE-Trade,2006-10-5,0.103654
DIS,26403,QMLE-Trade,2006-10-6,0.128835
DIS,26403,QMLE-Trade,2006-10-9,0.146448
DIS,26403,QMLE-Trade,2006-10-10,0.127286
DIS,26403,QMLE-Trade,2006-10-11,0.12699
DIS,26403,QMLE-Trade,2006-10-12,0.126336
DIS,26403,QMLE-Trade,2006-10-13,0.144321
DIS,26403,QMLE-Trade,2006-10-16,0.131736
DIS,26403,QMLE-Trade,2006-10-17,0.124055
DIS,26403,QMLE-Trade,2006-10-18,0.158908
DIS,26403,QMLE-Trade,2006-10-19,0.131392
DIS,26403,QMLE-Trade,2006-10-20,0.163068
DIS,26403,QMLE-Trade,2006-10-23,0.158338
DIS,26403,QMLE-Trade,2006-10-24,0.128451
DIS,26403,QMLE-Trade,2006-10-25,0.177531
DIS,26403,QMLE-Trade,2006-10-26,0.160452
DIS,26403,QMLE-Trade,2006-10-27,0.149757
DIS,26403,QMLE-Trade,2006-10-30,0.186837
DIS,26403,QMLE-Trade,2006-10-31,0.162477
DIS,26403,QMLE-Trade,2006-11-1,0.170374
DIS,26403,QMLE-Trade,2006-11-2,0.156053
DIS,26403,QMLE-Trade,2006-11-3,0.121101
DIS,26403,QMLE-Trade,2006-11-6,0.124773
DIS,26403,QMLE-Trade,2006-11-7,0.15321
DIS,26403,QMLE-Trade,2006-11-8,0.173671
DIS,26403,QMLE-Trade,2006-11-9,0.239952
DIS,26403,QMLE-Trade,2006-11-10,0.361817
DIS,26403,QMLE-Trade,2006-11-13,0.230586
DIS,26403,QMLE-Trade,2006-11-14,0.166151
DIS,26403,QMLE-Trade,2006-11-15,0.15247
DIS,26403,QMLE-Trade,2006-11-16,0.144341
DIS,26403,QMLE-Trade,2006-11-17,0.114246
DIS,26403,QMLE-Trade,2006-11-20,0.0692512
DIS,26403,QMLE-Trade,2006-11-21,0.0987984
DIS,26403,QMLE-Trade,2006-11-22,0.136167
DIS,26403,QMLE-Trade,2006-11-24,0.184299
DIS,26403,QMLE-Trade,2006-11-27,0.17371
DIS,26403,QMLE-Trade,2006-11-28,0.173299
DIS,26403,QMLE-Trade,2006-11-29,0.158362
DIS,26403,QMLE-Trade,2006-11-30,0.153772
DIS,26403,QMLE-Trade,2006-12-1,0.193677
DIS,26403,QMLE-Trade,2006-12-4,0.119249
DIS,26403,QMLE-Trade,2006-12-5,0.149133
DIS,26403,QMLE-Trade,2006-12-6,0.137987
DIS,26403,QMLE-Trade,2006-12-7,0.145942
DIS,26403,QMLE-Trade,2006-12-8,0.152807
DIS,26403,QMLE-Trade,2006-12-11,0.1221
DIS,26403,QMLE-Trade,2006-12-12,0.144576
DIS,26403,QMLE-Trade,2006-12-13,0.105291
DIS,26403,QMLE-Trade,2006-12-14,0.105271
DIS,26403,QMLE-Trade,2006-12-15,0.156347
DIS,26403,QMLE-Trade,2006-12-18,0.119956
DIS,26403,QMLE-Trade,2006-12-19,0.127654
DIS,26403,QMLE-Trade,2006-12-20,0.118543
DIS,26403,QMLE-Trade,2006-12-21,0.108259
DIS,26403,QMLE-Trade,2006-12-22,0.0827565
DIS,26403,QMLE-Trade,2006-12-26,0.13427
DIS,26403,QMLE-Trade,2006-12-27,0.118678
DIS,26403,QMLE-Trade,2006-12-28,0.132718
DIS,26403,QMLE-Trade,2006-12-29,0.12301
DIS,26403,QMLE-Trade,2007-1-3,0.168362
DIS,26403,QMLE-Trade,2007-1-4,0.160932
DIS,26403,QMLE-Trade,2007-1-5,0.189816
DIS,26403,QMLE-Trade,2007-1-8,0.12537
DIS,26403,QMLE-Trade,2007-1-9,0.187596
DIS,26403,QMLE-Trade,2007-1-10,0.140257
DIS,26403,QMLE-Trade,2007-1-11,0.156009
DIS,26403,QMLE-Trade,2007-1-12,0.152136
DIS,26403,QMLE-Trade,2007-1-16,0.11665
DIS,26403,QMLE-Trade,2007-1-17,0.138733
DIS,26403,QMLE-Trade,2007-1-18,0.155461
DIS,26403,QMLE-Trade,2007-1-19,0.140117
DIS,26403,QMLE-Trade,2007-1-22,0.138871
DIS,26403,QMLE-Trade,2007-1-23,0.175724
DIS,26403,QMLE-Trade,2007-1-24,0.169768
DIS,26403,QMLE-Trade,2007-1-25,0.121919
DIS,26403,QMLE-Trade,2007-1-26,0.157165
DIS,26403,QMLE-Trade,2007-1-29,0.182966
DIS,26403,QMLE-Trade,2007-1-30,0.123885
DIS,26403,QMLE-Trade,2007-1-31,0.12601
DIS,26403,QMLE-Trade,2007-2-1,0.149384
DIS,26403,QMLE-Trade,2007-2-2,0.121214
DIS,26403,QMLE-Trade,2007-2-5,0.155471
DIS,26403,QMLE-Trade,2007-2-6,0.131992
DIS,26403,QMLE-Trade,2007-2-7,0.14946
DIS,26403,QMLE-Trade,2007-2-8,0.25543
DIS,26403,QMLE-Trade,2007-2-9,0.19681
DIS,26403,QMLE-Trade,2007-2-12,0.149419
DIS,26403,QMLE-Trade,2007-2-13,0.113821
DIS,26403,QMLE-Trade,2007-2-14,0.111393
DIS,26403,QMLE-Trade,2007-2-15,0.127681
DIS,26403,QMLE-Trade,2007-2-16,0.136028
DIS,26403,QMLE-Trade,2007-2-20,0.127657
DIS,26403,QMLE-Trade,2007-2-21,0.117083
DIS,26403,QMLE-Trade,2007-2-22,0.153596
DIS,26403,QMLE-Trade,2007-2-23,0.112772
DIS,26403,QMLE-Trade,2007-2-26,0.0887127
DIS,26403,QMLE-Trade,2007-2-27,0.488161
DIS,26403,QMLE-Trade,2007-2-28,0.286591
DIS,26403,QMLE-Trade,2007-3-1,0.315374
DIS,26403,QMLE-Trade,2007-3-2,0.175824
DIS,26403,QMLE-Trade,2007-3-5,0.258106
DIS,26403,QMLE-Trade,2007-3-6,0.189444
DIS,26403,QMLE-Trade,2007-3-7,0.158752
DIS,26403,QMLE-Trade,2007-3-8,0.0930145
DIS,26403,QMLE-Trade,2007-3-9,0.148413
DIS,26403,QMLE-Trade,2007-3-12,0.140994
DIS,26403,QMLE-Trade,2007-3-13,0.165237
DIS,26403,QMLE-Trade,2007-3-14,0.302782
DIS,26403,QMLE-Trade,2007-3-15,0.168284
DIS,26403,QMLE-Trade,2007-3-16,0.18113
DIS,26403,QMLE-Trade,2007-3-19,0.12356
DIS,26403,QMLE-Trade,2007-3-20,0.116238
DIS,26403,QMLE-Trade,2007-3-21,0.149241
DIS,26403,QMLE-Trade,2007-3-22,0.214336
DIS,26403,QMLE-Trade,2007-3-23,0.136498
DIS,26403,QMLE-Trade,2007-3-26,0.11192
DIS,26403,QMLE-Trade,2007-3-27,0.0750939
DIS,26403,QMLE-Trade,2007-3-28,0.165984
DIS,26403,QMLE-Trade,2007-3-29,0.142589
DIS,26403,QMLE-Trade,2007-3-30,0.203683
DIS,26403,QMLE-Trade,2007-4-2,0.144382
DIS,26403,QMLE-Trade,2007-4-3,0.155936
DIS,26403,QMLE-Trade,2007-4-4,0.122964
DIS,26403,QMLE-Trade,2007-4-5,0.102866
DIS,26403,QMLE-Trade,2007-4-9,0.110658
DIS,26403,QMLE-Trade,2007-4-10,0.0997975
DIS,26403,QMLE-Trade,2007-4-11,0.126333
DIS,26403,QMLE-Trade,2007-4-12,0.125529
DIS,26403,QMLE-Trade,2007-4-13,0.141644
DIS,26403,QMLE-Trade,2007-4-16,0.108643
DIS,26403,QMLE-Trade,2007-4-17,0.111493
DIS,26403,QMLE-Trade,2007-4-18,0.118883
DIS,26403,QMLE-Trade,2007-4-19,0.158938
DIS,26403,QMLE-Trade,2007-4-20,0.245447
DIS,26403,QMLE-Trade,2007-4-23,0.117811
DIS,26403,QMLE-Trade,2007-4-24,0.129406
DIS,26403,QMLE-Trade,2007-4-25,0.122708
DIS,26403,QMLE-Trade,2007-4-26,0.15405
DIS,26403,QMLE-Trade,2007-4-27,0.1361
DIS,26403,QMLE-Trade,2007-4-30,0.149797
DIS,26403,QMLE-Trade,2007-5-1,0.120301
DIS,26403,QMLE-Trade,2007-5-2,0.164139
DIS,26403,QMLE-Trade,2007-5-3,0.168573
DIS,26403,QMLE-Trade,2007-5-4,0.145221
DIS,26403,QMLE-Trade,2007-5-7,0.141051
DIS,26403,QMLE-Trade,2007-5-8,0.165793
DIS,26403,QMLE-Trade,2007-5-9,0.224761
DIS,26403,QMLE-Trade,2007-5-10,0.168858
DIS,26403,QMLE-Trade,2007-5-11,0.181861
DIS,26403,QMLE-Trade,2007-5-14,0.0993367
DIS,26403,QMLE-Trade,2007-5-15,0.126707
DIS,26403,QMLE-Trade,2007-5-16,0.159503
DIS,26403,QMLE-Trade,2007-5-17,0.148274
DIS,26403,QMLE-Trade,2007-5-18,0.109091
DIS,26403,QMLE-Trade,2007-5-21,0.122477
DIS,26403,QMLE-Trade,2007-5-22,0.194384
DIS,26403,QMLE-Trade,2007-5-23,0.118232
DIS,26403,QMLE-Trade,2007-5-24,0.160562
DIS,26403,QMLE-Trade,2007-5-25,0.142998
DIS,26403,QMLE-Trade,2007-5-29,0.171117
DIS,26403,QMLE-Trade,2007-5-30,0.133115
DIS,26403,QMLE-Trade,2007-5-31,0.164692
DIS,26403,QMLE-Trade,2007-6-1,0.125921
DIS,26403,QMLE-Trade,2007-6-4,0.160667
DIS,26403,QMLE-Trade,2007-6-5,0.158485
DIS,26403,QMLE-Trade,2007-6-6,0.175739
DIS,26403,QMLE-Trade,2007-6-7,0.188583
DIS,26403,QMLE-Trade,2007-6-8,0.206021
DIS,26403,QMLE-Trade,2007-6-11,0.131678
DIS,26403,QMLE-Trade,2007-6-12,0.174529
DIS,26403,QMLE-Trade,2007-6-13,0.212214
DIS,26403,QMLE-Trade,2007-6-14,0.147198
DIS,26403,QMLE-Trade,2007-6-15,0.159242
DIS,26403,QMLE-Trade,2007-6-18,0.128995
DIS,26403,QMLE-Trade,2007-6-19,0.123703
DIS,26403,QMLE-Trade,2007-6-20,0.166196
DIS,26403,QMLE-Trade,2007-6-21,0.181709
DIS,26403,QMLE-Trade,2007-6-22,0.192761
DIS,26403,QMLE-Trade,2007-6-25,0.203171
DIS,26403,QMLE-Trade,2007-6-26,0.199483
DIS,26403,QMLE-Trade,2007-6-27,0.182166
DIS,26403,QMLE-Trade,2007-6-28,0.205661
DIS,26403,QMLE-Trade,2007-6-29,0.193002
DIS,26403,QMLE-Trade,2007-7-2,0.159527
DIS,26403,QMLE-Trade,2007-7-3,0.162705
DIS,26403,QMLE-Trade,2007-7-5,0.11296
DIS,26403,QMLE-Trade,2007-7-6,0.0899182
DIS,26403,QMLE-Trade,2007-7-9,0.11983
DIS,26403,QMLE-Trade,2007-7-10,0.130056
DIS,26403,QMLE-Trade,2007-7-11,0.144079
DIS,26403,QMLE-Trade,2007-7-12,0.140962
DIS,26403,QMLE-Trade,2007-7-13,0.137366
DIS,26403,QMLE-Trade,2007-7-16,0.123488
DIS,26403,QMLE-Trade,2007-7-17,0.132698
DIS,26403,QMLE-Trade,2007-7-18,0.203219
DIS,26403,QMLE-Trade,2007-7-19,0.120587
DIS,26403,QMLE-Trade,2007-7-20,0.166058
DIS,26403,QMLE-Trade,2007-7-23,0.152807
DIS,26403,QMLE-Trade,2007-7-24,0.165036
DIS,26403,QMLE-Trade,2007-7-25,0.201458
DIS,26403,QMLE-Trade,2007-7-26,0.295108
DIS,26403,QMLE-Trade,2007-7-27,0.237017
DIS,26403,QMLE-Trade,2007-7-30,0.242995
DIS,26403,QMLE-Trade,2007-7-31,0.233587
DIS,26403,QMLE-Trade,2007-8-1,0.363857
DIS,26403,QMLE-Trade,2007-8-2,0.249752
DIS,26403,QMLE-Trade,2007-8-3,0.282747
DIS,26403,QMLE-Trade,2007-8-6,0.200923
DIS,26403,QMLE-Trade,2007-8-7,0.279678
DIS,26403,QMLE-Trade,2007-8-8,0.238244
DIS,26403,QMLE-Trade,2007-8-9,0.321415
DIS,26403,QMLE-Trade,2007-8-10,0.431555
DIS,26403,QMLE-Trade,2007-8-13,0.238217
DIS,26403,QMLE-Trade,2007-8-14,0.305098
DIS,26403,QMLE-Trade,2007-8-15,0.261527
DIS,26403,QMLE-Trade,2007-8-16,0.358463
DIS,26403,QMLE-Trade,2007-8-17,0.307302
DIS,26403,QMLE-Trade,2007-8-20,0.175332
DIS,26403,QMLE-Trade,2007-8-21,0.183779
DIS,26403,QMLE-Trade,2007-8-22,0.198645
DIS,26403,QMLE-Trade,2007-8-23,0.183083
DIS,26403,QMLE-Trade,2007-8-24,0.161981
DIS,26403,QMLE-Trade,2007-8-27,0.159073
DIS,26403,QMLE-Trade,2007-8-28,0.154506
DIS,26403,QMLE-Trade,2007-8-29,0.173114
DIS,26403,QMLE-Trade,2007-8-30,0.155768
DIS,26403,QMLE-Trade,2007-8-31,0.146583
DIS,26403,QMLE-Trade,2007-9-4,0.160303
DIS,26403,QMLE-Trade,2007-9-5,0.179792
DIS,26403,QMLE-Trade,2007-9-6,0.168432
DIS,26403,QMLE-Trade,2007-9-7,0.158548
DIS,26403,QMLE-Trade,2007-9-10,0.183173
DIS,26403,QMLE-Trade,2007-9-11,0.138293
DIS,26403,QMLE-Trade,2007-9-12,0.164547
DIS,26403,QMLE-Trade,2007-9-13,0.133419
DIS,26403,QMLE-Trade,2007-9-14,0.201886
DIS,26403,QMLE-Trade,2007-9-17,0.15816
DIS,26403,QMLE-Trade,2007-9-18,0.250015
DIS,26403,QMLE-Trade,2007-9-19,0.146451
DIS,26403,QMLE-Trade,2007-9-20,0.180466
DIS,26403,QMLE-Trade,2007-9-21,0.187887
DIS,26403,QMLE-Trade,2007-9-24,0.13026
DIS,26403,QMLE-Trade,2007-9-25,0.178527
DIS,26403,QMLE-Trade,2007-9-26,0.135727
DIS,26403,QMLE-Trade,2007-9-27,0.13697
DIS,26403,QMLE-Trade,2007-9-28,0.114875
DIS,26403,QMLE-Trade,2007-10-1,0.217898
DIS,26403,QMLE-Trade,2007-10-2,0.132091
DIS,26403,QMLE-Trade,2007-10-3,0.180713
DIS,26403,QMLE-Trade,2007-10-4,0.10819
DIS,26403,QMLE-Trade,2007-10-5,0.143284
DIS,26403,QMLE-Trade,2007-10-8,0.151936
DIS,26403,QMLE-Trade,2007-10-9,0.14646
DIS,26403,QMLE-Trade,2007-10-10,0.138393
DIS,26403,QMLE-Trade,2007-10-11,0.212876
DIS,26403,QMLE-Trade,2007-10-12,0.155031
DIS,26403,QMLE-Trade,2007-10-15,0.162914
DIS,26403,QMLE-Trade,2007-10-16,0.178948
DIS,26403,QMLE-Trade,2007-10-17,0.195584
DIS,26403,QMLE-Trade,2007-10-18,0.171635
DIS,26403,QMLE-Trade,2007-10-19,0.190108
DIS,26403,QMLE-Trade,2007-10-22,0.207882
DIS,26403,QMLE-Trade,2007-10-23,0.175365
DIS,26403,QMLE-Trade,2007-10-24,0.262632
DIS,26403,QMLE-Trade,2007-10-25,0.204896
DIS,26403,QMLE-Trade,2007-10-26,0.231793
DIS,26403,QMLE-Trade,2007-10-29,0.163999
DIS,26403,QMLE-Trade,2007-10-30,0.175878
DIS,26403,QMLE-Trade,2007-10-31,0.225663
DIS,26403,QMLE-Trade,2007-11-1,0.254992
DIS,26403,QMLE-Trade,2007-11-2,0.291073
DIS,26403,QMLE-Trade,2007-11-5,0.176207
DIS,26403,QMLE-Trade,2007-11-6,0.216204
DIS,26403,QMLE-Trade,2007-11-7,0.260573
DIS,26403,QMLE-Trade,2007-11-8,0.387123
DIS,26403,QMLE-Trade,2007-11-9,0.350293
DIS,26403,QMLE-Trade,2007-11-12,0.280216
DIS,26403,QMLE-Trade,2007-11-13,0.238155
DIS,26403,QMLE-Trade,2007-11-14,0.25624
DIS,26403,QMLE-Trade,2007-11-15,0.250606
DIS,26403,QMLE-Trade,2007-11-16,0.224733
DIS,26403,QMLE-Trade,2007-11-19,0.214321
DIS,26403,QMLE-Trade,2007-11-20,0.292455
DIS,26403,QMLE-Trade,2007-11-21,0.24736
DIS,26403,QMLE-Trade,2007-11-23,0.269939
DIS,26403,QMLE-Trade,2007-11-26,0.208132
DIS,26403,QMLE-Trade,2007-11-27,0.297206
DIS,26403,QMLE-Trade,2007-11-28,0.207429
DIS,26403,QMLE-Trade,2007-11-29,0.231081
DIS,26403,QMLE-Trade,2007-11-30,0.268881
DIS,26403,QMLE-Trade,2007-12-3,0.234561
DIS,26403,QMLE-Trade,2007-12-4,0.243939
DIS,26403,QMLE-Trade,2007-12-5,0.207662
DIS,26403,QMLE-Trade,2007-12-6,0.186925
DIS,26403,QMLE-Trade,2007-12-7,0.180065
DIS,26403,QMLE-Trade,2007-12-10,0.150849
DIS,26403,QMLE-Trade,2007-12-11,0.230358
DIS,26403,QMLE-Trade,2007-12-12,0.304014
DIS,26403,QMLE-Trade,2007-12-13,0.268392
DIS,26403,QMLE-Trade,2007-12-14,0.242087
DIS,26403,QMLE-Trade,2007-12-17,0.228739
DIS,26403,QMLE-Trade,2007-12-18,0.194098
DIS,26403,QMLE-Trade,2007-12-19,0.215169
DIS,26403,QMLE-Trade,2007-12-20,0.13828
DIS,26403,QMLE-Trade,2007-12-21,0.238784
DIS,26403,QMLE-Trade,2007-12-24,0.171888
DIS,26403,QMLE-Trade,2007-12-26,0.139455
DIS,26403,QMLE-Trade,2007-12-27,0.156704
DIS,26403,QMLE-Trade,2007-12-28,0.174952
DIS,26403,QMLE-Trade,2007-12-31,0.132161
DIS,26403,QMLE-Trade,2008-1-2,0.211476
DIS,26403,QMLE-Trade,2008-1-3,0.181637
DIS,26403,QMLE-Trade,2008-1-4,0.341988
DIS,26403,QMLE-Trade,2008-1-7,0.242611
DIS,26403,QMLE-Trade,2008-1-8,0.251345
DIS,26403,QMLE-Trade,2008-1-9,0.305711
DIS,26403,QMLE-Trade,2008-1-10,0.332624
DIS,26403,QMLE-Trade,2008-1-11,0.318436
DIS,26403,QMLE-Trade,2008-1-14,0.209633
DIS,26403,QMLE-Trade,2008-1-15,0.303086
DIS,26403,QMLE-Trade,2008-1-16,0.306389
DIS,26403,QMLE-Trade,2008-1-17,0.360695
DIS,26403,QMLE-Trade,2008-1-18,0.44563
DIS,26403,QMLE-Trade,2008-1-22,0.684767
DIS,26403,QMLE-Trade,2008-1-23,0.569212
DIS,26403,QMLE-Trade,2008-1-24,0.357936
DIS,26403,QMLE-Trade,2008-1-25,0.330894
DIS,26403,QMLE-Trade,2008-1-28,0.280303
DIS,26403,QMLE-Trade,2008-1-29,0.362368
DIS,26403,QMLE-Trade,2008-1-30,0.455978
DIS,26403,QMLE-Trade,2008-1-31,0.39382
DIS,26403,QMLE-Trade,2008-2-1,0.327797
DIS,26403,QMLE-Trade,2008-2-4,0.217125
DIS,26403,QMLE-Trade,2008-2-5,0.350224
DIS,26403,QMLE-Trade,2008-2-6,0.394991
DIS,26403,QMLE-Trade,2008-2-7,0.354845
DIS,26403,QMLE-Trade,2008-2-8,0.272468
DIS,26403,QMLE-Trade,2008-2-11,0.289784
DIS,26403,QMLE-Trade,2008-2-12,0.213451
DIS,26403,QMLE-Trade,2008-2-13,0.198599
DIS,26403,QMLE-Trade,2008-2-14,0.242815
DIS,26403,QMLE-Trade,2008-2-15,0.256297
DIS,26403,QMLE-Trade,2008-2-19,0.201731
DIS,26403,QMLE-Trade,2008-2-20,0.255382
DIS,26403,QMLE-Trade,2008-2-21,0.250556
DIS,26403,QMLE-Trade,2008-2-22,0.270193
DIS,26403,QMLE-Trade,2008-2-25,0.225179
DIS,26403,QMLE-Trade,2008-2-26,0.198253
DIS,26403,QMLE-Trade,2008-2-27,0.186837
DIS,26403,QMLE-Trade,2008-2-28,0.219287
DIS,26403,QMLE-Trade,2008-2-29,0.271776
DIS,26403,QMLE-Trade,2008-3-3,0.244763
DIS,26403,QMLE-Trade,2008-3-4,0.281368
DIS,26403,QMLE-Trade,2008-3-5,0.221789
DIS,26403,QMLE-Trade,2008-3-6,0.224689
DIS,26403,QMLE-Trade,2008-3-7,0.322865
DIS,26403,QMLE-Trade,2008-3-10,0.260329
DIS,26403,QMLE-Trade,2008-3-11,0.219352
DIS,26403,QMLE-Trade,2008-3-12,0.233436
DIS,26403,QMLE-Trade,2008-3-13,0.309493
DIS,26403,QMLE-Trade,2008-3-14,0.50403
DIS,26403,QMLE-Trade,2008-3-17,0.532852
DIS,26403,QMLE-Trade,2008-3-18,0.321447
DIS,26403,QMLE-Trade,2008-3-19,0.288582
DIS,26403,QMLE-Trade,2008-3-20,0.25954
DIS,26403,QMLE-Trade,2008-3-24,0.191938
DIS,26403,QMLE-Trade,2008-3-25,0.200648
DIS,26403,QMLE-Trade,2008-3-26,0.184481
DIS,26403,QMLE-Trade,2008-3-27,0.212296
DIS,26403,QMLE-Trade,2008-3-28,0.218143
DIS,26403,QMLE-Trade,2008-3-31,0.174634
DIS,26403,QMLE-Trade,2008-4-1,0.251279
DIS,26403,QMLE-Trade,2008-4-2,0.197056
DIS,26403,QMLE-Trade,2008-4-3,0.218964
DIS,26403,QMLE-Trade,2008-4-4,0.164354
DIS,26403,QMLE-Trade,2008-4-7,0.171056
DIS,26403,QMLE-Trade,2008-4-8,0.163512
DIS,26403,QMLE-Trade,2008-4-9,0.167316
DIS,26403,QMLE-Trade,2008-4-10,0.198469
DIS,26403,QMLE-Trade,2008-4-11,0.21475
DIS,26403,QMLE-Trade,2008-4-14,0.226763
DIS,26403,QMLE-Trade,2008-4-15,0.16629
DIS,26403,QMLE-Trade,2008-4-16,0.185725
DIS,26403,QMLE-Trade,2008-4-17,0.170334
DIS,26403,QMLE-Trade,2008-4-18,0.235637
DIS,26403,QMLE-Trade,2008-4-21,0.179679
DIS,26403,QMLE-Trade,2008-4-22,0.151022
DIS,26403,QMLE-Trade,2008-4-23,0.17296
DIS,26403,QMLE-Trade,2008-4-24,0.143485
DIS,26403,QMLE-Trade,2008-4-25,0.175347
DIS,26403,QMLE-Trade,2008-4-28,0.143485
DIS,26403,QMLE-Trade,2008-4-29,0.1696
DIS,26403,QMLE-Trade,2008-4-30,0.211116
DIS,26403,QMLE-Trade,2008-5-1,0.204803
DIS,26403,QMLE-Trade,2008-5-2,0.228499
DIS,26403,QMLE-Trade,2008-5-5,0.266369
DIS,26403,QMLE-Trade,2008-5-6,0.27256
DIS,26403,QMLE-Trade,2008-5-7,0.261117
DIS,26403,QMLE-Trade,2008-5-8,0.220353
DIS,26403,QMLE-Trade,2008-5-9,0.200929
DIS,26403,QMLE-Trade,2008-5-12,0.156009
DIS,26403,QMLE-Trade,2008-5-13,0.203803
DIS,26403,QMLE-Trade,2008-5-14,0.159894
DIS,26403,QMLE-Trade,2008-5-15,0.142923
DIS,26403,QMLE-Trade,2008-5-16,0.200752
DIS,26403,QMLE-Trade,2008-5-19,0.210017
DIS,26403,QMLE-Trade,2008-5-20,0.170606
DIS,26403,QMLE-Trade,2008-5-21,0.210553
DIS,26403,QMLE-Trade,2008-5-22,0.218731
DIS,26403,QMLE-Trade,2008-5-23,0.221383
DIS,26403,QMLE-Trade,2008-5-27,0.156474
DIS,26403,QMLE-Trade,2008-5-28,0.174295
DIS,26403,QMLE-Trade,2008-5-29,0.192638
DIS,26403,QMLE-Trade,2008-5-30,0.167409
DIS,26403,QMLE-Trade,2008-6-2,0.197892
DIS,26403,QMLE-Trade,2008-6-3,0.187037
DIS,26403,QMLE-Trade,2008-6-4,0.259174
DIS,26403,QMLE-Trade,2008-6-5,0.177194
DIS,26403,QMLE-Trade,2008-6-6,0.2697
DIS,26403,QMLE-Trade,2008-6-9,0.267961
DIS,26403,QMLE-Trade,2008-6-10,0.232443
DIS,26403,QMLE-Trade,2008-6-11,0.231253
DIS,26403,QMLE-Trade,2008-6-12,0.185024
DIS,26403,QMLE-Trade,2008-6-13,0.22896
DIS,26403,QMLE-Trade,2008-6-16,0.192413
DIS,26403,QMLE-Trade,2008-6-17,0.195523
DIS,26403,QMLE-Trade,2008-6-18,0.188169
DIS,26403,QMLE-Trade,2008-6-19,0.188326
DIS,26403,QMLE-Trade,2008-6-20,0.206669
DIS,26403,QMLE-Trade,2008-6-23,0.183993
DIS,26403,QMLE-Trade,2008-6-24,0.203399
DIS,26403,QMLE-Trade,2008-6-25,0.224321
DIS,26403,QMLE-Trade,2008-6-26,0.227145
DIS,26403,QMLE-Trade,2008-6-27,0.231427
DIS,26403,QMLE-Trade,2008-6-30,0.195168
DIS,26403,QMLE-Trade,2008-7-1,0.25625
DIS,26403,QMLE-Trade,2008-7-2,0.215874
DIS,26403,QMLE-Trade,2008-7-3,0.353051
DIS,26403,QMLE-Trade,2008-7-7,0.257504
DIS,26403,QMLE-Trade,2008-7-8,0.320228
DIS,26403,QMLE-Trade,2008-7-9,0.244483
DIS,26403,QMLE-Trade,2008-7-10,0.336089
DIS,26403,QMLE-Trade,2008-7-11,0.352865
DIS,26403,QMLE-Trade,2008-7-14,0.291363
DIS,26403,QMLE-Trade,2008-7-15,0.341147
DIS,26403,QMLE-Trade,2008-7-16,0.327151
DIS,26403,QMLE-Trade,2008-7-17,0.23993
DIS,26403,QMLE-Trade,2008-7-18,0.246017
DIS,26403,QMLE-Trade,2008-7-21,0.191333
DIS,26403,QMLE-Trade,2008-7-22,0.236867
DIS,26403,QMLE-Trade,2008-7-23,0.25168
DIS,26403,QMLE-Trade,2008-7-24,0.217776
DIS,26403,QMLE-Trade,2008-7-25,0.231912
DIS,26403,QMLE-Trade,2008-7-28,0.223513
DIS,26403,QMLE-Trade,2008-7-29,0.257564
DIS,26403,QMLE-Trade,2008-7-30,0.330257
DIS,26403,QMLE-Trade,2008-7-31,0.338709
DIS,26403,QMLE-Trade,2008-8-1,0.265886
DIS,26403,QMLE-Trade,2008-8-4,0.206816
DIS,26403,QMLE-Trade,2008-8-5,0.247516
DIS,26403,QMLE-Trade,2008-8-6,0.207038
DIS,26403,QMLE-Trade,2008-8-7,0.229483
DIS,26403,QMLE-Trade,2008-8-8,0.228097
DIS,26403,QMLE-Trade,2008-8-11,0.22332
DIS,26403,QMLE-Trade,2008-8-12,0.26033
DIS,26403,QMLE-Trade,2008-8-13,0.238053
DIS,26403,QMLE-Trade,2008-8-14,0.231653
DIS,26403,QMLE-Trade,2008-8-15,0.230158
DIS,26403,QMLE-Trade,2008-8-18,0.242888
DIS,26403,QMLE-Trade,2008-8-19,0.189468
DIS,26403,QMLE-Trade,2008-8-20,0.2948
DIS,26403,QMLE-Trade,2008-8-21,0.258722
DIS,26403,QMLE-Trade,2008-8-22,0.191268
DIS,26403,QMLE-Trade,2008-8-25,0.254955
DIS,26403,QMLE-Trade,2008-8-26,0.25177
DIS,26403,QMLE-Trade,2008-8-27,0.206125
DIS,26403,QMLE-Trade,2008-8-28,0.215826
DIS,26403,QMLE-Trade,2008-8-29,0.210459
DIS,26403,QMLE-Trade,2008-9-2,0.290229
DIS,26403,QMLE-Trade,2008-9-3,0.268911
DIS,26403,QMLE-Trade,2008-9-4,0.275642
DIS,26403,QMLE-Trade,2008-9-5,0.321704
DIS,26403,QMLE-Trade,2008-9-8,0.392293
DIS,26403,QMLE-Trade,2008-9-9,0.276753
DIS,26403,QMLE-Trade,2008-9-10,0.292297
DIS,26403,QMLE-Trade,2008-9-11,0.335654
DIS,26403,QMLE-Trade,2008-9-12,0.276612
DIS,26403,QMLE-Trade,2008-9-15,0.427262
DIS,26403,QMLE-Trade,2008-9-16,0.560737
DIS,26403,QMLE-Trade,2008-9-17,0.453733
DIS,26403,QMLE-Trade,2008-9-18,0.601835
DIS,26403,QMLE-Trade,2008-9-19,0.443925
DIS,26403,QMLE-Trade,2008-9-22,0.367862
DIS,26403,QMLE-Trade,2008-9-23,0.489794
DIS,26403,QMLE-Trade,2008-9-24,0.325522
DIS,26403,QMLE-Trade,2008-9-25,0.278603
DIS,26403,QMLE-Trade,2008-9-26,0.426818
DIS,26403,QMLE-Trade,2008-9-29,0.795224
DIS,26403,QMLE-Trade,2008-9-30,0.370095
DIS,26403,QMLE-Trade,2008-10-1,0.398883
DIS,26403,QMLE-Trade,2008-10-2,0.365245
DIS,26403,QMLE-Trade,2008-10-3,0.583433
DIS,26403,QMLE-Trade,2008-10-6,0.662176
DIS,26403,QMLE-Trade,2008-10-7,0.706368
DIS,26403,QMLE-Trade,2008-10-8,0.990781
DIS,26403,QMLE-Trade,2008-10-9,0.811109
DIS,26403,QMLE-Trade,2008-10-10,1.95564
DIS,26403,QMLE-Trade,2008-10-13,0.712156
DIS,26403,QMLE-Trade,2008-10-14,0.809799
DIS,26403,QMLE-Trade,2008-10-15,0.593656
DIS,26403,QMLE-Trade,2008-10-16,1.02783
DIS,26403,QMLE-Trade,2008-10-17,0.6676
DIS,26403,QMLE-Trade,2008-10-20,0.632896
DIS,26403,QMLE-Trade,2008-10-21,0.479306
DIS,26403,QMLE-Trade,2008-10-22,0.633071
DIS,26403,QMLE-Trade,2008-10-23,1.00746
DIS,26403,QMLE-Trade,2008-10-24,1.2126
DIS,26403,QMLE-Trade,2008-10-27,0.602041
DIS,26403,QMLE-Trade,2008-10-28,0.716707
DIS,26403,QMLE-Trade,2008-10-29,0.802201
DIS,26403,QMLE-Trade,2008-10-30,0.616773
DIS,26403,QMLE-Trade,2008-10-31,0.561533
DIS,26403,QMLE-Trade,2008-11-3,0.44515
DIS,26403,QMLE-Trade,2008-11-4,0.428286
DIS,26403,QMLE-Trade,2008-11-5,0.53342
DIS,26403,QMLE-Trade,2008-11-6,0.701165
DIS,26403,QMLE-Trade,2008-11-7,0.912676
DIS,26403,QMLE-Trade,2008-11-10,0.524294
DIS,26403,QMLE-Trade,2008-11-11,0.700389
DIS,26403,QMLE-Trade,2008-11-12,0.607722
DIS,26403,QMLE-Trade,2008-11-13,0.811639
DIS,26403,QMLE-Trade,2008-11-14,0.749747
DIS,26403,QMLE-Trade,2008-11-17,0.670572
DIS,26403,QMLE-Trade,2008-11-18,0.725716
DIS,26403,QMLE-Trade,2008-11-19,0.708639
DIS,26403,QMLE-Trade,2008-11-20,0.95854
DIS,26403,QMLE-Trade,2008-11-21,0.937145
DIS,26403,QMLE-Trade,2008-11-24,0.812823
DIS,26403,QMLE-Trade,2008-11-25,0.73427
DIS,26403,QMLE-Trade,2008-11-26,0.605545
DIS,26403,QMLE-Trade,2008-11-28,0.508593
DIS,26403,QMLE-Trade,2008-12-1,0.518181
DIS,26403,QMLE-Trade,2008-12-2,0.625623
DIS,26403,QMLE-Trade,2008-12-3,0.707007
DIS,26403,QMLE-Trade,2008-12-4,0.716038
DIS,26403,QMLE-Trade,2008-12-5,0.759279
DIS,26403,QMLE-Trade,2008-12-8,0.643448
DIS,26403,QMLE-Trade,2008-12-9,0.551815
DIS,26403,QMLE-Trade,2008-12-10,0.524767
DIS,26403,QMLE-Trade,2008-12-11,0.596902
DIS,26403,QMLE-Trade,2008-12-12,0.651702
DIS,26403,QMLE-Trade,2008-12-15,0.51029
DIS,26403,QMLE-Trade,2008-12-16,0.66928
DIS,26403,QMLE-Trade,2008-12-17,0.450564
DIS,26403,QMLE-Trade,2008-12-18,0.455691
DIS,26403,QMLE-Trade,2008-12-19,0.422047
DIS,26403,QMLE-Trade,2008-12-22,0.439157
DIS,26403,QMLE-Trade,2008-12-23,0.353328
DIS,26403,QMLE-Trade,2008-12-24,0.289952
DIS,26403,QMLE-Trade,2008-12-26,0.230318
DIS,26403,QMLE-Trade,2008-12-29,0.419212
DIS,26403,QMLE-Trade,2008-12-30,0.303249
DIS,26403,QMLE-Trade,2008-12-31,0.332491
DIS,26403,QMLE-Trade,2009-1-2,0.321492
DIS,26403,QMLE-Trade,2009-1-5,0.367673
DIS,26403,QMLE-Trade,2009-1-6,0.367765
DIS,26403,QMLE-Trade,2009-1-7,0.400926
DIS,26403,QMLE-Trade,2009-1-8,0.331115
DIS,26403,QMLE-Trade,2009-1-9,0.397284
DIS,26403,QMLE-Trade,2009-1-12,0.340533
DIS,26403,QMLE-Trade,2009-1-13,0.401506
DIS,26403,QMLE-Trade,2009-1-14,0.394351
DIS,26403,QMLE-Trade,2009-1-15,0.480244
DIS,26403,QMLE-Trade,2009-1-16,0.495159
DIS,26403,QMLE-Trade,2009-1-20,0.543806
DIS,26403,QMLE-Trade,2009-1-21,0.494776
DIS,26403,QMLE-Trade,2009-1-22,0.542594
DIS,26403,QMLE-Trade,2009-1-23,0.564548
DIS,26403,QMLE-Trade,2009-1-26,0.505135
DIS,26403,QMLE-Trade,2009-1-27,0.425515
DIS,26403,QMLE-Trade,2009-1-28,0.42828
DIS,26403,QMLE-Trade,2009-1-29,0.371912
DIS,26403,QMLE-Trade,2009-1-30,0.473663
DIS,26403,QMLE-Trade,2009-2-2,0.421045
DIS,26403,QMLE-Trade,2009-2-3,0.439909
DIS,26403,QMLE-Trade,2009-2-4,0.696518
DIS,26403,QMLE-Trade,2009-2-5,0.592133
DIS,26403,QMLE-Trade,2009-2-6,0.429173
DIS,26403,QMLE-Trade,2009-2-9,0.365486
DIS,26403,QMLE-Trade,2009-2-10,0.496073
DIS,26403,QMLE-Trade,2009-2-11,0.424526
DIS,26403,QMLE-Trade,2009-2-12,0.517474
DIS,26403,QMLE-Trade,2009-2-13,0.452234
DIS,26403,QMLE-Trade,2009-2-17,0.43465
DIS,26403,QMLE-Trade,2009-2-18,0.417806
DIS,26403,QMLE-Trade,2009-2-19,0.395491
DIS,26403,QMLE-Trade,2009-2-20,0.59242
DIS,26403,QMLE-Trade,2009-2-23,0.433375
DIS,26403,QMLE-Trade,2009-2-24,0.461428
DIS,26403,QMLE-Trade,2009-2-25,0.526578
DIS,26403,QMLE-Trade,2009-2-26,0.478617
DIS,26403,QMLE-Trade,2009-2-27,0.683695
DIS,26403,QMLE-Trade,2009-3-2,0.509027
DIS,26403,QMLE-Trade,2009-3-3,0.514871
DIS,26403,QMLE-Trade,2009-3-4,0.557144
DIS,26403,QMLE-Trade,2009-3-5,0.548468
DIS,26403,QMLE-Trade,2009-3-6,0.646053
DIS,26403,QMLE-Trade,2009-3-9,0.605643
DIS,26403,QMLE-Trade,2009-3-10,0.553935
DIS,26403,QMLE-Trade,2009-3-11,0.525358
DIS,26403,QMLE-Trade,2009-3-12,0.407656
DIS,26403,QMLE-Trade,2009-3-13,0.427794
DIS,26403,QMLE-Trade,2009-3-16,0.350139
DIS,26403,QMLE-Trade,2009-3-17,0.363487
DIS,26403,QMLE-Trade,2009-3-18,0.527663
DIS,26403,QMLE-Trade,2009-3-19,0.430164
DIS,26403,QMLE-Trade,2009-3-20,0.400077
DIS,26403,QMLE-Trade,2009-3-23,0.409802
DIS,26403,QMLE-Trade,2009-3-24,0.434257
DIS,26403,QMLE-Trade,2009-3-25,0.468641
DIS,26403,QMLE-Trade,2009-3-26,0.448261
DIS,26403,QMLE-Trade,2009-3-27,0.435489
DIS,26403,QMLE-Trade,2009-3-30,0.380294
DIS,26403,QMLE-Trade,2009-3-31,0.434412
DIS,26403,QMLE-Trade,2009-4-1,0.428359
DIS,26403,QMLE-Trade,2009-4-2,0.389498
DIS,26403,QMLE-Trade,2009-4-3,0.393779
DIS,26403,QMLE-Trade,2009-4-6,0.382126
DIS,26403,QMLE-Trade,2009-4-7,0.331708
DIS,26403,QMLE-Trade,2009-4-8,0.353949
DIS,26403,QMLE-Trade,2009-4-9,0.300029
DIS,26403,QMLE-Trade,2009-4-13,0.277945
DIS,26403,QMLE-Trade,2009-4-14,0.350734
DIS,26403,QMLE-Trade,2009-4-15,0.343928
DIS,26403,QMLE-Trade,2009-4-16,0.28931
DIS,26403,QMLE-Trade,2009-4-17,0.290066
DIS,26403,QMLE-Trade,2009-4-20,0.26626
DIS,26403,QMLE-Trade,2009-4-21,0.314212
DIS,26403,QMLE-Trade,2009-4-22,0.377759
DIS,26403,QMLE-Trade,2009-4-23,0.367935
DIS,26403,QMLE-Trade,2009-4-24,0.402449
DIS,26403,QMLE-Trade,2009-4-27,0.326756
DIS,26403,QMLE-Trade,2009-4-28,0.373421
DIS,26403,QMLE-Trade,2009-4-29,0.471625
DIS,26403,QMLE-Trade,2009-4-30,0.393114
DIS,26403,QMLE-Trade,2009-5-1,0.340601
DIS,26403,QMLE-Trade,2009-5-4,0.396396
DIS,26403,QMLE-Trade,2009-5-5,0.35625
DIS,26403,QMLE-Trade,2009-5-6,0.537446
DIS,26403,QMLE-Trade,2009-5-7,0.414082
DIS,26403,QMLE-Trade,2009-5-8,0.356727
DIS,26403,QMLE-Trade,2009-5-11,0.315321
DIS,26403,QMLE-Trade,2009-5-12,0.336313
DIS,26403,QMLE-Trade,2009-5-13,0.370074
DIS,26403,QMLE-Trade,2009-5-14,0.339535
DIS,26403,QMLE-Trade,2009-5-15,0.35926
DIS,26403,QMLE-Trade,2009-5-18,0.298265
DIS,26403,QMLE-Trade,2009-5-19,0.327483
DIS,26403,QMLE-Trade,2009-5-20,0.363427
DIS,26403,QMLE-Trade,2009-5-21,0.311767
DIS,26403,QMLE-Trade,2009-5-22,0.362918
DIS,26403,QMLE-Trade,2009-5-26,0.330726
DIS,26403,QMLE-Trade,2009-5-27,0.393074
DIS,26403,QMLE-Trade,2009-5-28,0.389251
DIS,26403,QMLE-Trade,2009-5-29,0.361485
DIS,26403,QMLE-Trade,2009-6-1,0.302251
DIS,26403,QMLE-Trade,2009-6-2,0.322895
DIS,26403,QMLE-Trade,2009-6-3,0.312302
DIS,26403,QMLE-Trade,2009-6-4,0.305931
DIS,26403,QMLE-Trade,2009-6-5,0.333496
DIS,26403,QMLE-Trade,2009-6-8,0.327043
DIS,26403,QMLE-Trade,2009-6-9,0.267078
DIS,26403,QMLE-Trade,2009-6-10,0.273262
DIS,26403,QMLE-Trade,2009-6-11,0.354307
DIS,26403,QMLE-Trade,2009-6-12,0.37166
DIS,26403,QMLE-Trade,2009-6-15,0.321949
DIS,26403,QMLE-Trade,2009-6-16,0.322112
DIS,26403,QMLE-Trade,2009-6-17,0.347398
DIS,26403,QMLE-Trade,2009-6-18,0.286278
DIS,26403,QMLE-Trade,2009-6-19,0.254026
DIS,26403,QMLE-Trade,2009-6-22,0.254011
DIS,26403,QMLE-Trade,2009-6-23,0.315174
DIS,26403,QMLE-Trade,2009-6-24,0.324131
DIS,26403,QMLE-Trade,2009-6-25,0.303798
DIS,26403,QMLE-Trade,2009-6-26,0.270761
DIS,26403,QMLE-Trade,2009-6-29,0.269472
DIS,26403,QMLE-Trade,2009-6-30,0.273434
DIS,26403,QMLE-Trade,2009-7-1,0.273994
DIS,26403,QMLE-Trade,2009-7-2,0.282034
DIS,26403,QMLE-Trade,2009-7-6,0.25236
DIS,26403,QMLE-Trade,2009-7-7,0.256828
DIS,26403,QMLE-Trade,2009-7-8,0.312347
DIS,26403,QMLE-Trade,2009-7-9,0.332662
DIS,26403,QMLE-Trade,2009-7-10,0.329989
DIS,26403,QMLE-Trade,2009-7-13,0.237593
DIS,26403,QMLE-Trade,2009-7-14,0.275022
DIS,26403,QMLE-Trade,2009-7-15,0.202153
DIS,26403,QMLE-Trade,2009-7-16,0.25072
DIS,26403,QMLE-Trade,2009-7-17,0.210037
DIS,26403,QMLE-Trade,2009-7-20,0.241531
DIS,26403,QMLE-Trade,2009-7-21,0.206301
DIS,26403,QMLE-Trade,2009-7-22,0.278507
DIS,26403,QMLE-Trade,2009-7-23,0.235555
DIS,26403,QMLE-Trade,2009-7-24,0.225003
DIS,26403,QMLE-Trade,2009-7-27,0.255588
DIS,26403,QMLE-Trade,2009-7-28,0.217755
DIS,26403,QMLE-Trade,2009-7-29,0.293822
DIS,26403,QMLE-Trade,2009-7-30,0.249174
DIS,26403,QMLE-Trade,2009-7-31,0.395934
DIS,26403,QMLE-Trade,2009-8-3,0.217083
DIS,26403,QMLE-Trade,2009-8-4,0.227962
DIS,26403,QMLE-Trade,2009-8-5,0.266571
DIS,26403,QMLE-Trade,2009-8-6,0.227845
DIS,26403,QMLE-Trade,2009-8-7,0.251781
DIS,26403,QMLE-Trade,2009-8-10,0.236031
DIS,26403,QMLE-Trade,2009-8-11,0.210975
DIS,26403,QMLE-Trade,2009-8-12,0.275043
DIS,26403,QMLE-Trade,2009-8-13,0.275828
DIS,26403,QMLE-Trade,2009-8-14,0.279294
DIS,26403,QMLE-Trade,2009-8-17,0.244196
DIS,26403,QMLE-Trade,2009-8-18,0.198282
DIS,26403,QMLE-Trade,2009-8-19,0.226115
DIS,26403,QMLE-Trade,2009-8-20,0.190475
DIS,26403,QMLE-Trade,2009-8-21,0.286348
DIS,26403,QMLE-Trade,2009-8-24,0.210012
DIS,26403,QMLE-Trade,2009-8-25,0.245415
DIS,26403,QMLE-Trade,2009-8-26,0.240172
DIS,26403,QMLE-Trade,2009-8-27,0.235065
DIS,26403,QMLE-Trade,2009-8-28,0.24761
DIS,26403,QMLE-Trade,2009-8-31,0.357888
DIS,26403,QMLE-Trade,2009-9-1,0.320964
DIS,26403,QMLE-Trade,2009-9-2,0.241189
DIS,26403,QMLE-Trade,2009-9-3,0.219516
DIS,26403,QMLE-Trade,2009-9-4,0.21485
DIS,26403,QMLE-Trade,2009-9-8,0.213281
DIS,26403,QMLE-Trade,2009-9-9,0.209868
DIS,26403,QMLE-Trade,2009-9-10,0.228364
DIS,26403,QMLE-Trade,2009-9-11,0.200477
DIS,26403,QMLE-Trade,2009-9-14,0.222457
DIS,26403,QMLE-Trade,2009-9-15,0.199139
DIS,26403,QMLE-Trade,2009-9-16,0.172471
DIS,26403,QMLE-Trade,2009-9-17,0.217186
DIS,26403,QMLE-Trade,2009-9-18,0.168811
DIS,26403,QMLE-Trade,2009-9-21,0.196767
DIS,26403,QMLE-Trade,2009-9-22,0.168981
DIS,26403,QMLE-Trade,2009-9-23,0.228687
DIS,26403,QMLE-Trade,2009-9-24,0.255026
DIS,26403,QMLE-Trade,2009-9-25,0.219564
DIS,26403,QMLE-Trade,2009-9-28,0.204201
DIS,26403,QMLE-Trade,2009-9-29,0.166959
DIS,26403,QMLE-Trade,2009-9-30,0.2288
DIS,26403,QMLE-Trade,2009-10-1,0.280928
DIS,26403,QMLE-Trade,2009-10-2,0.247162
DIS,26403,QMLE-Trade,2009-10-5,0.255436
DIS,26403,QMLE-Trade,2009-10-6,0.24269
DIS,26403,QMLE-Trade,2009-10-7,0.260942
DIS,26403,QMLE-Trade,2009-10-8,0.219196
DIS,26403,QMLE-Trade,2009-10-9,0.156163
DIS,26403,QMLE-Trade,2009-10-12,0.184675
DIS,26403,QMLE-Trade,2009-10-13,0.169687
DIS,26403,QMLE-Trade,2009-10-14,0.157045
DIS,26403,QMLE-Trade,2009-10-15,0.17654
DIS,26403,QMLE-Trade,2009-10-16,0.205411
DIS,26403,QMLE-Trade,2009-10-19,0.191088
DIS,26403,QMLE-Trade,2009-10-20,0.224577
DIS,26403,QMLE-Trade,2009-10-21,0.250152
DIS,26403,QMLE-Trade,2009-10-22,0.270607
DIS,26403,QMLE-Trade,2009-10-23,0.295259
DIS,26403,QMLE-Trade,2009-10-26,0.315854
DIS,26403,QMLE-Trade,2009-10-27,0.316503
DIS,26403,QMLE-Trade,2009-10-28,0.278044
DIS,26403,QMLE-Trade,2009-10-29,0.263187
DIS,26403,QMLE-Trade,2009-10-30,0.390812
DIS,26403,QMLE-Trade,2009-11-2,0.364477
DIS,26403,QMLE-Trade,2009-11-3,0.347714
DIS,26403,QMLE-Trade,2009-11-4,0.351444
DIS,26403,QMLE-Trade,2009-11-5,0.228928
DIS,26403,QMLE-Trade,2009-11-6,0.291659
DIS,26403,QMLE-Trade,2009-11-9,0.219545
DIS,26403,QMLE-Trade,2009-11-10,0.182347
DIS,26403,QMLE-Trade,2009-11-11,0.242976
DIS,26403,QMLE-Trade,2009-11-12,0.246304
DIS,26403,QMLE-Trade,2009-11-13,0.336324
DIS,26403,QMLE-Trade,2009-11-16,0.208138
DIS,26403,QMLE-Trade,2009-11-17,0.222458
DIS,26403,QMLE-Trade,2009-11-18,0.186081
DIS,26403,QMLE-Trade,2009-11-19,0.223651
DIS,26403,QMLE-Trade,2009-11-20,0.191271
DIS,26403,QMLE-Trade,2009-11-23,0.190739
DIS,26403,QMLE-Trade,2009-11-24,0.227628
DIS,26403,QMLE-Trade,2009-11-25,0.150991
DIS,26403,QMLE-Trade,2009-11-27,0.345355
DIS,26403,QMLE-Trade,2009-11-30,0.202296
DIS,26403,QMLE-Trade,2009-12-1,0.214648
DIS,26403,QMLE-Trade,2009-12-2,0.160311
DIS,26403,QMLE-Trade,2009-12-3,0.184086
DIS,26403,QMLE-Trade,2009-12-4,0.257911
DIS,26403,QMLE-Trade,2009-12-7,0.184813
DIS,26403,QMLE-Trade,2009-12-8,0.201589
DIS,26403,QMLE-Trade,2009-12-9,0.210138
DIS,26403,QMLE-Trade,2009-12-10,0.198886
DIS,26403,QMLE-Trade,2009-12-11,0.156486
DIS,26403,QMLE-Trade,2009-12-14,0.132919
DIS,26403,QMLE-Trade,2009-12-15,0.149038
DIS,26403,QMLE-Trade,2009-12-16,0.185006
DIS,26403,QMLE-Trade,2009-12-17,0.183046
DIS,26403,QMLE-Trade,2009-12-18,0.203203
DIS,26403,QMLE-Trade,2009-12-21,0.159075
DIS,26403,QMLE-Trade,2009-12-22,0.133692
DIS,26403,QMLE-Trade,2009-12-23,0.156153
DIS,26403,QMLE-Trade,2009-12-24,0.169511
DIS,26403,QMLE-Trade,2009-12-28,0.10629
DIS,26403,QMLE-Trade,2009-12-29,0.107851
DIS,26403,QMLE-Trade,2009-12-30,0.130784
DIS,26403,QMLE-Trade,2009-12-31,0.148976
DIS,26403,QMLE-Trade,2010-1-4,0.188738
DIS,26403,QMLE-Trade,2010-1-5,0.158533
DIS,26403,QMLE-Trade,2010-1-6,0.149415
DIS,26403,QMLE-Trade,2010-1-7,0.183653
DIS,26403,QMLE-Trade,2010-1-8,0.171231
DIS,26403,QMLE-Trade,2010-1-11,0.252734
DIS,26403,QMLE-Trade,2010-1-12,0.209022
DIS,26403,QMLE-Trade,2010-1-13,0.19325
DIS,26403,QMLE-Trade,2010-1-14,0.15867
DIS,26403,QMLE-Trade,2010-1-15,0.206121
DIS,26403,QMLE-Trade,2010-1-19,0.150221
DIS,26403,QMLE-Trade,2010-1-20,0.205205
DIS,26403,QMLE-Trade,2010-1-21,0.243038
DIS,26403,QMLE-Trade,2010-1-22,0.266069
DIS,26403,QMLE-Trade,2010-1-25,0.223127
DIS,26403,QMLE-Trade,2010-1-26,0.264907
DIS,26403,QMLE-Trade,2010-1-27,0.30215
DIS,26403,QMLE-Trade,2010-1-28,0.242418
DIS,26403,QMLE-Trade,2010-1-29,0.243625
DIS,26403,QMLE-Trade,2010-2-1,0.183167
DIS,26403,QMLE-Trade,2010-2-2,0.206626
DIS,26403,QMLE-Trade,2010-2-3,0.243414
DIS,26403,QMLE-Trade,2010-2-4,0.264772
DIS,26403,QMLE-Trade,2010-2-5,0.331475
DIS,26403,QMLE-Trade,2010-2-8,0.241378
DIS,26403,QMLE-Trade,2010-2-9,0.306124
DIS,26403,QMLE-Trade,2010-2-10,0.324014
DIS,26403,QMLE-Trade,2010-2-11,0.210991
DIS,26403,QMLE-Trade,2010-2-12,0.179244
DIS,26403,QMLE-Trade,2010-2-16,0.159525
DIS,26403,QMLE-Trade,2010-2-17,0.177892
DIS,26403,QMLE-Trade,2010-2-18,0.141279
DIS,26403,QMLE-Trade,2010-2-19,0.192023
DIS,26403,QMLE-Trade,2010-2-22,0.156324
DIS,26403,QMLE-Trade,2010-2-23,0.176083
DIS,26403,QMLE-Trade,2010-2-24,0.182267
DIS,26403,QMLE-Trade,2010-2-25,0.200943
DIS,26403,QMLE-Trade,2010-2-26,0.173605
DIS,26403,QMLE-Trade,2010-3-1,0.11066
DIS,26403,QMLE-Trade,2010-3-2,0.151306
DIS,26403,QMLE-Trade,2010-3-3,0.14951
DIS,26403,QMLE-Trade,2010-3-4,0.232902
DIS,26403,QMLE-Trade,2010-3-5,0.162877
DIS,26403,QMLE-Trade,2010-3-8,0.160501
DIS,26403,QMLE-Trade,2010-3-9,0.143078
DIS,26403,QMLE-Trade,2010-3-10,0.16794
DIS,26403,QMLE-Trade,2010-3-11,0.14017
DIS,26403,QMLE-Trade,2010-3-12,0.136935
DIS,26403,QMLE-Trade,2010-3-15,0.129094
DIS,26403,QMLE-Trade,2010-3-16,0.131936
DIS,26403,QMLE-Trade,2010-3-17,0.112644
DIS,26403,QMLE-Trade,2010-3-18,0.133346
DIS,26403,QMLE-Trade,2010-3-19,0.148708
DIS,26403,QMLE-Trade,2010-3-22,0.167627
DIS,26403,QMLE-Trade,2010-3-23,0.132668
DIS,26403,QMLE-Trade,2010-3-24,0.157639
DIS,26403,QMLE-Trade,2010-3-25,0.206259
DIS,26403,QMLE-Trade,2010-3-26,0.214033
DIS,26403,QMLE-Trade,2010-3-29,0.140806
DIS,26403,QMLE-Trade,2010-3-30,0.14444
DIS,26403,QMLE-Trade,2010-3-31,0.135276
DIS,26403,QMLE-Trade,2010-4-1,0.124162
DIS,26403,QMLE-Trade,2010-4-5,0.148551
DIS,26403,QMLE-Trade,2010-4-6,0.128217
DIS,26403,QMLE-Trade,2010-4-7,0.167085
DIS,26403,QMLE-Trade,2010-4-8,0.129454
DIS,26403,QMLE-Trade,2010-4-9,0.184324
DIS,26403,QMLE-Trade,2010-4-12,0.140253
DIS,26403,QMLE-Trade,2010-4-13,0.120187
DIS,26403,QMLE-Trade,2010-4-14,0.119164
DIS,26403,QMLE-Trade,2010-4-15,0.151846
DIS,26403,QMLE-Trade,2010-4-16,0.186926
DIS,26403,QMLE-Trade,2010-4-19,0.178321
DIS,26403,QMLE-Trade,2010-4-20,0.137395
DIS,26403,QMLE-Trade,2010-4-21,0.175635
DIS,26403,QMLE-Trade,2010-4-22,0.189203
DIS,26403,QMLE-Trade,2010-4-23,0.163882
DIS,26403,QMLE-Trade,2010-4-26,0.124639
DIS,26403,QMLE-Trade,2010-4-27,0.185002
DIS,26403,QMLE-Trade,2010-4-28,0.211442
DIS,26403,QMLE-Trade,2010-4-29,0.161097
DIS,26403,QMLE-Trade,2010-4-30,0.199177
DIS,26403,QMLE-Trade,2010-5-3,0.168052
DIS,26403,QMLE-Trade,2010-5-4,0.248354
DIS,26403,QMLE-Trade,2010-5-5,0.257839
DIS,26403,QMLE-Trade,2010-5-6,0.908937
DIS,26403,QMLE-Trade,2010-5-7,0.563629
DIS,26403,QMLE-Trade,2010-5-10,0.31974
DIS,26403,QMLE-Trade,2010-5-11,0.28419
DIS,26403,QMLE-Trade,2010-5-12,0.357965
DIS,26403,QMLE-Trade,2010-5-13,0.239203
DIS,26403,QMLE-Trade,2010-5-14,0.320466
DIS,26403,QMLE-Trade,2010-5-17,0.262321
DIS,26403,QMLE-Trade,2010-5-18,0.315514
DIS,26403,QMLE-Trade,2010-5-19,0.310714
DIS,26403,QMLE-Trade,2010-5-20,0.432775
DIS,26403,QMLE-Trade,2010-5-21,0.371876
DIS,26403,QMLE-Trade,2010-5-24,0.30837
DIS,26403,QMLE-Trade,2010-5-25,0.337001
DIS,26403,QMLE-Trade,2010-5-26,0.323376
DIS,26403,QMLE-Trade,2010-5-27,0.251936
DIS,26403,QMLE-Trade,2010-5-28,0.326301
DIS,26403,QMLE-Trade,2010-6-1,0.273161
DIS,26403,QMLE-Trade,2010-6-2,0.231516
DIS,26403,QMLE-Trade,2010-6-3,0.231153
DIS,26403,QMLE-Trade,2010-6-4,0.252379
DIS,26403,QMLE-Trade,2010-6-7,0.225202
DIS,26403,QMLE-Trade,2010-6-8,0.313147
DIS,26403,QMLE-Trade,2010-6-9,0.256148
DIS,26403,QMLE-Trade,2010-6-10,0.242886
DIS,26403,QMLE-Trade,2010-6-11,0.22145
DIS,26403,QMLE-Trade,2010-6-14,0.221033
DIS,26403,QMLE-Trade,2010-6-15,0.19469
DIS,26403,QMLE-Trade,2010-6-16,0.193047
DIS,26403,QMLE-Trade,2010-6-17,0.209991
DIS,26403,QMLE-Trade,2010-6-18,0.217168
DIS,26403,QMLE-Trade,2010-6-21,0.209826
DIS,26403,QMLE-Trade,2010-6-22,0.233958
DIS,26403,QMLE-Trade,2010-6-23,0.278188
DIS,26403,QMLE-Trade,2010-6-24,0.259648
DIS,26403,QMLE-Trade,2010-6-25,0.259579
DIS,26403,QMLE-Trade,2010-6-28,0.210686
DIS,26403,QMLE-Trade,2010-6-29,0.367439
DIS,26403,QMLE-Trade,2010-6-30,0.274459
DIS,26403,QMLE-Trade,2010-7-1,0.339194
DIS,26403,QMLE-Trade,2010-7-2,0.276294
DIS,26403,QMLE-Trade,2010-7-6,0.254346
DIS,26403,QMLE-Trade,2010-7-7,0.229114
DIS,26403,QMLE-Trade,2010-7-8,0.241347
DIS,26403,QMLE-Trade,2010-7-9,0.189809
DIS,26403,QMLE-Trade,2010-7-12,0.177747
DIS,26403,QMLE-Trade,2010-7-13,0.211721
DIS,26403,QMLE-Trade,2010-7-14,0.202169
DIS,26403,QMLE-Trade,2010-7-15,0.241941
DIS,26403,QMLE-Trade,2010-7-16,0.254473
DIS,26403,QMLE-Trade,2010-7-19,0.266657
DIS,26403,QMLE-Trade,2010-7-20,0.246955
DIS,26403,QMLE-Trade,2010-7-21,0.267835
DIS,26403,QMLE-Trade,2010-7-22,0.229625
DIS,26403,QMLE-Trade,2010-7-23,0.229641
DIS,26403,QMLE-Trade,2010-7-26,0.179496
DIS,26403,QMLE-Trade,2010-7-27,0.218528
DIS,26403,QMLE-Trade,2010-7-28,0.179289
DIS,26403,QMLE-Trade,2010-7-29,0.262245
DIS,26403,QMLE-Trade,2010-7-30,0.264314
DIS,26403,QMLE-Trade,2010-8-2,0.202648
DIS,26403,QMLE-Trade,2010-8-3,0.26044
DIS,26403,QMLE-Trade,2010-8-4,0.217421
DIS,26403,QMLE-Trade,2010-8-5,0.202507
DIS,26403,QMLE-Trade,2010-8-6,0.233122
DIS,26403,QMLE-Trade,2010-8-9,0.151872
DIS,26403,QMLE-Trade,2010-8-10,0.267266
DIS,26403,QMLE-Trade,2010-8-11,0.312753
DIS,26403,QMLE-Trade,2010-8-12,0.204409
DIS,26403,QMLE-Trade,2010-8-13,0.173546
DIS,26403,QMLE-Trade,2010-8-16,0.227796
DIS,26403,QMLE-Trade,2010-8-17,0.164568
DIS,26403,QMLE-Trade,2010-8-18,0.213398
DIS,26403,QMLE-Trade,2010-8-19,0.253244
DIS,26403,QMLE-Trade,2010-8-20,0.224781
DIS,26403,QMLE-Trade,2010-8-23,0.186621
DIS,26403,QMLE-Trade,2010-8-24,0.270774
DIS,26403,QMLE-Trade,2010-8-25,0.270773
DIS,26403,QMLE-Trade,2010-8-26,0.249058
DIS,26403,QMLE-Trade,2010-8-27,0.320487
DIS,26403,QMLE-Trade,2010-8-30,0.192845
DIS,26403,QMLE-Trade,2010-8-31,0.238065
DIS,26403,QMLE-Trade,2010-9-1,0.223874
DIS,26403,QMLE-Trade,2010-9-2,0.191489
DIS,26403,QMLE-Trade,2010-9-3,0.216302
DIS,26403,QMLE-Trade,2010-9-7,0.208794
DIS,26403,QMLE-Trade,2010-9-8,0.166868
DIS,26403,QMLE-Trade,2010-9-9,0.186649
DIS,26403,QMLE-Trade,2010-9-10,0.153851
DIS,26403,QMLE-Trade,2010-9-13,0.180083
DIS,26403,QMLE-Trade,2010-9-14,0.180983
DIS,26403,QMLE-Trade,2010-9-15,0.179874
DIS,26403,QMLE-Trade,2010-9-16,0.16649
DIS,26403,QMLE-Trade,2010-9-17,0.211173
DIS,26403,QMLE-Trade,2010-9-20,0.14042
DIS,26403,QMLE-Trade,2010-9-21,0.224339
DIS,26403,QMLE-Trade,2010-9-22,0.215178
DIS,26403,QMLE-Trade,2010-9-23,0.183592
DIS,26403,QMLE-Trade,2010-9-24,0.219584
DIS,26403,QMLE-Trade,2010-9-27,0.142434
DIS,26403,QMLE-Trade,2010-9-28,0.223347
DIS,26403,QMLE-Trade,2010-9-29,0.205117
DIS,26403,QMLE-Trade,2010-9-30,0.255065
DIS,26403,QMLE-Trade,2010-10-1,0.233417
DIS,26403,QMLE-Trade,2010-10-4,0.215331
DIS,26403,QMLE-Trade,2010-10-5,0.211975
DIS,26403,QMLE-Trade,2010-10-6,0.156825
DIS,26403,QMLE-Trade,2010-10-7,0.162866
DIS,26403,QMLE-Trade,2010-10-8,0.186022
DIS,26403,QMLE-Trade,2010-10-11,0.138224
DIS,26403,QMLE-Trade,2010-10-12,0.192523
DIS,26403,QMLE-Trade,2010-10-13,0.149781
DIS,26403,QMLE-Trade,2010-10-14,0.170361
DIS,26403,QMLE-Trade,2010-10-15,0.205057
DIS,26403,QMLE-Trade,2010-10-18,0.129206
DIS,26403,QMLE-Trade,2010-10-19,0.203063
DIS,26403,QMLE-Trade,2010-10-20,0.169332
DIS,26403,QMLE-Trade,2010-10-21,0.181912
DIS,26403,QMLE-Trade,2010-10-22,0.185238
DIS,26403,QMLE-Trade,2010-10-25,0.155415
DIS,26403,QMLE-Trade,2010-10-26,0.168236
DIS,26403,QMLE-Trade,2010-10-27,0.191126
DIS,26403,QMLE-Trade,2010-10-28,0.146382
DIS,26403,QMLE-Trade,2010-10-29,0.194505
DIS,26403,QMLE-Trade,2010-11-1,0.16692
DIS,26403,QMLE-Trade,2010-11-2,0.111258
DIS,26403,QMLE-Trade,2010-11-3,0.214963
DIS,26403,QMLE-Trade,2010-11-4,0.138394
DIS,26403,QMLE-Trade,2010-11-5,0.149369
DIS,26403,QMLE-Trade,2010-11-8,0.113457
DIS,26403,QMLE-Trade,2010-11-9,0.130003
DIS,26403,QMLE-Trade,2010-11-10,0.173592
DIS,26403,QMLE-Trade,2010-11-11,0.458113
DIS,26403,QMLE-Trade,2010-11-12,0.350458
DIS,26403,QMLE-Trade,2010-11-15,0.172578
DIS,26403,QMLE-Trade,2010-11-16,0.225402
DIS,26403,QMLE-Trade,2010-11-17,0.147265
DIS,26403,QMLE-Trade,2010-11-18,0.160678
DIS,26403,QMLE-Trade,2010-11-19,0.201594
DIS,26403,QMLE-Trade,2010-11-22,0.153784
DIS,26403,QMLE-Trade,2010-11-23,0.207915
DIS,26403,QMLE-Trade,2010-11-24,0.156592
DIS,26403,QMLE-Trade,2010-11-26,0.19672
DIS,26403,QMLE-Trade,2010-11-29,0.193351
DIS,26403,QMLE-Trade,2010-11-30,0.196263
DIS,26403,QMLE-Trade,2010-12-1,0.143091
DIS,26403,QMLE-Trade,2010-12-2,0.151095
DIS,26403,QMLE-Trade,2010-12-3,0.18046
DIS,26403,QMLE-Trade,2010-12-6,0.150463
DIS,26403,QMLE-Trade,2010-12-7,0.173786
DIS,26403,QMLE-Trade,2010-12-8,0.138957
DIS,26403,QMLE-Trade,2010-12-9,0.158731
DIS,26403,QMLE-Trade,2010-12-10,0.135225
DIS,26403,QMLE-Trade,2010-12-13,0.170965
DIS,26403,QMLE-Trade,2010-12-14,0.121607
DIS,26403,QMLE-Trade,2010-12-15,0.1862
DIS,26403,QMLE-Trade,2010-12-16,0.154875
DIS,26403,QMLE-Trade,2010-12-17,0.165257
DIS,26403,QMLE-Trade,2010-12-20,0.166934
DIS,26403,QMLE-Trade,2010-12-21,0.0991699
DIS,26403,QMLE-Trade,2010-12-22,0.124168
DIS,26403,QMLE-Trade,2010-12-23,0.115214
DIS,26403,QMLE-Trade,2010-12-27,0.157056
DIS,26403,QMLE-Trade,2010-12-28,0.119168
DIS,26403,QMLE-Trade,2010-12-29,0.133237
DIS,26403,QMLE-Trade,2010-12-30,0.117011
DIS,26403,QMLE-Trade,2010-12-31,0.12551
DIS,26403,QMLE-Trade,2011-1-3,0.120755
DIS,26403,QMLE-Trade,2011-1-4,0.189834
DIS,26403,QMLE-Trade,2011-1-5,0.193001
DIS,26403,QMLE-Trade,2011-1-6,0.166141
DIS,26403,QMLE-Trade,2011-1-7,0.164731
DIS,26403,QMLE-Trade,2011-1-10,0.163137
DIS,26403,QMLE-Trade,2011-1-11,0.146742
DIS,26403,QMLE-Trade,2011-1-12,0.139325
DIS,26403,QMLE-Trade,2011-1-13,0.142239
DIS,26403,QMLE-Trade,2011-1-14,0.140452
DIS,26403,QMLE-Trade,2011-1-18,0.11597
DIS,26403,QMLE-Trade,2011-1-19,0.138433
DIS,26403,QMLE-Trade,2011-1-20,0.205838
DIS,26403,QMLE-Trade,2011-1-21,0.115801
DIS,26403,QMLE-Trade,2011-1-24,0.121245
DIS,26403,QMLE-Trade,2011-1-25,0.148126
DIS,26403,QMLE-Trade,2011-1-26,0.131453
DIS,26403,QMLE-Trade,2011-1-27,0.157761
DIS,26403,QMLE-Trade,2011-1-28,0.258009
DIS,26403,QMLE-Trade,2011-1-31,0.180903
DIS,26403,QMLE-Trade,2011-2-1,0.169651
DIS,26403,QMLE-Trade,2011-2-2,0.174076
DIS,26403,QMLE-Trade,2011-2-3,0.171257
DIS,26403,QMLE-Trade,2011-2-4,0.135601
DIS,26403,QMLE-Trade,2011-2-7,0.130778
DIS,26403,QMLE-Trade,2011-2-8,0.144882
DIS,26403,QMLE-Trade,2011-2-9,0.277021
DIS,26403,QMLE-Trade,2011-2-10,0.207146
DIS,26403,QMLE-Trade,2011-2-11,0.166844
DIS,26403,QMLE-Trade,2011-2-14,0.146346
DIS,26403,QMLE-Trade,2011-2-15,0.168557
DIS,26403,QMLE-Trade,2011-2-16,0.163735
DIS,26403,QMLE-Trade,2011-2-17,0.133168
DIS,26403,QMLE-Trade,2011-2-18,0.122973
DIS,26403,QMLE-Trade,2011-2-22,0.199495
DIS,26403,QMLE-Trade,2011-2-23,0.240108
DIS,26403,QMLE-Trade,2011-2-24,0.225571
DIS,26403,QMLE-Trade,2011-2-25,0.18235
DIS,26403,QMLE-Trade,2011-2-28,0.154622
DIS,26403,QMLE-Trade,2011-3-1,0.241147
DIS,26403,QMLE-Trade,2011-3-2,0.211954
DIS,26403,QMLE-Trade,2011-3-3,0.189445
DIS,26403,QMLE-Trade,2011-3-4,0.195821
DIS,26403,QMLE-Trade,2011-3-7,0.230919
DIS,26403,QMLE-Trade,2011-3-8,0.195031
DIS,26403,QMLE-Trade,2011-3-9,0.189449
DIS,26403,QMLE-Trade,2011-3-10,0.241261
DIS,26403,QMLE-Trade,2011-3-11,0.218271
DIS,26403,QMLE-Trade,2011-3-14,0.21135
DIS,26403,QMLE-Trade,2011-3-15,0.272514
DIS,26403,QMLE-Trade,2011-3-16,0.315267
DIS,26403,QMLE-Trade,2011-3-17,0.22637
DIS,26403,QMLE-Trade,2011-3-18,0.206271
DIS,26403,QMLE-Trade,2011-3-21,0.20147
DIS,26403,QMLE-Trade,2011-3-22,0.16549
DIS,26403,QMLE-Trade,2011-3-23,0.214802
DIS,26403,QMLE-Trade,2011-3-24,0.144832
DIS,26403,QMLE-Trade,2011-3-25,0.148552
DIS,26403,QMLE-Trade,2011-3-28,0.150969
DIS,26403,QMLE-Trade,2011-3-29,0.140216
DIS,26403,QMLE-Trade,2011-3-30,0.135262
DIS,26403,QMLE-Trade,2011-3-31,0.182668
DIS,26403,QMLE-Trade,2011-4-1,0.167469
DIS,26403,QMLE-Trade,2011-4-4,0.112829
DIS,26403,QMLE-Trade,2011-4-5,0.173676
DIS,26403,QMLE-Trade,2011-4-6,0.136217
DIS,26403,QMLE-Trade,2011-4-7,0.187753
DIS,26403,QMLE-Trade,2011-4-8,0.181098
DIS,26403,QMLE-Trade,2011-4-11,0.16249
DIS,26403,QMLE-Trade,2011-4-12,0.168228
DIS,26403,QMLE-Trade,2011-4-13,0.135486
DIS,26403,QMLE-Trade,2011-4-14,0.138825
DIS,26403,QMLE-Trade,2011-4-15,0.156334
DIS,26403,QMLE-Trade,2011-4-18,0.195056
DIS,26403,QMLE-Trade,2011-4-19,0.164622
DIS,26403,QMLE-Trade,2011-4-20,0.161978
DIS,26403,QMLE-Trade,2011-4-21,0.124088
DIS,26403,QMLE-Trade,2011-4-25,0.129175
DIS,26403,QMLE-Trade,2011-4-26,0.155948
DIS,26403,QMLE-Trade,2011-4-27,0.122586
DIS,26403,QMLE-Trade,2011-4-28,0.135118
DIS,26403,QMLE-Trade,2011-4-29,0.125367
DIS,26403,QMLE-Trade,2011-5-2,0.144396
DIS,26403,QMLE-Trade,2011-5-3,0.166584
DIS,26403,QMLE-Trade,2011-5-4,0.19903
DIS,26403,QMLE-Trade,2011-5-5,0.220502
DIS,26403,QMLE-Trade,2011-5-6,0.215838
DIS,26403,QMLE-Trade,2011-5-9,0.146645
DIS,26403,QMLE-Trade,2011-5-10,0.14759
DIS,26403,QMLE-Trade,2011-5-11,0.363454
DIS,26403,QMLE-Trade,2011-5-12,0.20202
DIS,26403,QMLE-Trade,2011-5-13,0.185977
DIS,26403,QMLE-Trade,2011-5-16,0.15621
DIS,26403,QMLE-Trade,2011-5-17,0.20179
DIS,26403,QMLE-Trade,2011-5-18,0.165695
DIS,26403,QMLE-Trade,2011-5-19,0.159731
DIS,26403,QMLE-Trade,2011-5-20,0.15347
DIS,26403,QMLE-Trade,2011-5-23,0.166807
DIS,26403,QMLE-Trade,2011-5-24,0.15517
DIS,26403,QMLE-Trade,2011-5-25,0.131385
DIS,26403,QMLE-Trade,2011-5-26,0.186649
DIS,26403,QMLE-Trade,2011-5-27,0.141086
DIS,26403,QMLE-Trade,2011-5-31,0.142973
DIS,26403,QMLE-Trade,2011-6-1,0.166417
DIS,26403,QMLE-Trade,2011-6-2,0.221701
DIS,26403,QMLE-Trade,2011-6-3,0.191583
DIS,26403,QMLE-Trade,2011-6-6,0.14005
DIS,26403,QMLE-Trade,2011-6-7,0.181764
DIS,26403,QMLE-Trade,2011-6-8,0.173437
DIS,26403,QMLE-Trade,2011-6-9,0.164283
DIS,26403,QMLE-Trade,2011-6-10,0.186656
DIS,26403,QMLE-Trade,2011-6-13,0.165139
DIS,26403,QMLE-Trade,2011-6-14,0.124318
DIS,26403,QMLE-Trade,2011-6-15,0.200881
DIS,26403,QMLE-Trade,2011-6-16,0.184967
DIS,26403,QMLE-Trade,2011-6-17,0.171377
DIS,26403,QMLE-Trade,2011-6-20,0.154783
DIS,26403,QMLE-Trade,2011-6-21,0.149511
DIS,26403,QMLE-Trade,2011-6-22,0.133368
DIS,26403,QMLE-Trade,2011-6-23,0.268757
DIS,26403,QMLE-Trade,2011-6-24,0.171026
DIS,26403,QMLE-Trade,2011-6-27,0.166671
DIS,26403,QMLE-Trade,2011-6-28,0.139581
DIS,26403,QMLE-Trade,2011-6-29,0.162937
DIS,26403,QMLE-Trade,2011-6-30,0.162592
DIS,26403,QMLE-Trade,2011-7-1,0.136416
DIS,26403,QMLE-Trade,2011-7-5,0.143431
DIS,26403,QMLE-Trade,2011-7-6,0.163077
DIS,26403,QMLE-Trade,2011-7-7,0.115733
DIS,26403,QMLE-Trade,2011-7-8,0.179723
DIS,26403,QMLE-Trade,2011-7-11,0.158838
DIS,26403,QMLE-Trade,2011-7-12,0.178864
DIS,26403,QMLE-Trade,2011-7-13,0.160124
DIS,26403,QMLE-Trade,2011-7-14,0.183044
DIS,26403,QMLE-Trade,2011-7-15,0.192773
DIS,26403,QMLE-Trade,2011-7-18,0.160749
DIS,26403,QMLE-Trade,2011-7-19,0.151653
DIS,26403,QMLE-Trade,2011-7-20,0.148409
DIS,26403,QMLE-Trade,2011-7-21,0.167236
DIS,26403,QMLE-Trade,2011-7-22,0.134738
DIS,26403,QMLE-Trade,2011-7-25,0.147759
DIS,26403,QMLE-Trade,2011-7-26,0.137264
DIS,26403,QMLE-Trade,2011-7-27,0.184751
DIS,26403,QMLE-Trade,2011-7-28,0.1539
DIS,26403,QMLE-Trade,2011-7-29,0.208551
DIS,26403,QMLE-Trade,2011-8-1,0.255031
DIS,26403,QMLE-Trade,2011-8-2,0.223476
DIS,26403,QMLE-Trade,2011-8-3,0.277729
DIS,26403,QMLE-Trade,2011-8-4,0.351132
DIS,26403,QMLE-Trade,2011-8-5,0.504922
DIS,26403,QMLE-Trade,2011-8-8,0.536478
DIS,26403,QMLE-Trade,2011-8-9,0.688076
DIS,26403,QMLE-Trade,2011-8-10,0.835764
DIS,26403,QMLE-Trade,2011-8-11,0.357809
DIS,26403,QMLE-Trade,2011-8-12,0.331828
DIS,26403,QMLE-Trade,2011-8-15,0.21424
DIS,26403,QMLE-Trade,2011-8-16,0.311745
DIS,26403,QMLE-Trade,2011-8-17,0.238059
DIS,26403,QMLE-Trade,2011-8-18,0.331666
DIS,26403,QMLE-Trade,2011-8-19,0.326221
DIS,26403,QMLE-Trade,2011-8-22,0.336507
DIS,26403,QMLE-Trade,2011-8-23,0.302443
DIS,26403,QMLE-Trade,2011-8-24,0.288602
DIS,26403,QMLE-Trade,2011-8-25,0.334145
DIS,26403,QMLE-Trade,2011-8-26,0.380305
DIS,26403,QMLE-Trade,2011-8-29,0.176574
DIS,26403,QMLE-Trade,2011-8-30,0.267553
DIS,26403,QMLE-Trade,2011-8-31,0.26173
DIS,26403,QMLE-Trade,2011-9-1,0.273776
DIS,26403,QMLE-Trade,2011-9-2,0.241214
DIS,26403,QMLE-Trade,2011-9-6,0.275642
DIS,26403,QMLE-Trade,2011-9-7,0.185049
DIS,26403,QMLE-Trade,2011-9-8,0.274258
DIS,26403,QMLE-Trade,2011-9-9,0.306589
DIS,26403,QMLE-Trade,2011-9-12,0.292439
DIS,26403,QMLE-Trade,2011-9-13,0.271962
DIS,26403,QMLE-Trade,2011-9-14,0.326709
DIS,26403,QMLE-Trade,2011-9-15,0.243793
DIS,26403,QMLE-Trade,2011-9-16,0.210301
DIS,26403,QMLE-Trade,2011-9-19,0.242381
DIS,26403,QMLE-Trade,2011-9-20,0.215597
DIS,26403,QMLE-Trade,2011-9-21,0.340219
DIS,26403,QMLE-Trade,2011-9-22,0.406991
DIS,26403,QMLE-Trade,2011-9-23,0.341519
DIS,26403,QMLE-Trade,2011-9-26,0.336144
DIS,26403,QMLE-Trade,2011-9-27,0.260415
DIS,26403,QMLE-Trade,2011-9-28,0.271709
DIS,26403,QMLE-Trade,2011-9-29,0.320812
DIS,26403,QMLE-Trade,2011-9-30,0.340806
DIS,26403,QMLE-Trade,2011-10-3,0.376669
DIS,26403,QMLE-Trade,2011-10-4,0.464581
DIS,26403,QMLE-Trade,2011-10-5,0.357974
DIS,26403,QMLE-Trade,2011-10-6,0.300786
DIS,26403,QMLE-Trade,2011-10-7,0.305276
DIS,26403,QMLE-Trade,2011-10-10,0.189075
DIS,26403,QMLE-Trade,2011-10-11,0.269593
DIS,26403,QMLE-Trade,2011-10-12,0.285107
DIS,26403,QMLE-Trade,2011-10-13,0.236174
DIS,26403,QMLE-Trade,2011-10-14,0.210315
DIS,26403,QMLE-Trade,2011-10-17,0.238477
DIS,26403,QMLE-Trade,2011-10-18,0.262645
DIS,26403,QMLE-Trade,2011-10-19,0.238974
DIS,26403,QMLE-Trade,2011-10-20,0.264845
DIS,26403,QMLE-Trade,2011-10-21,0.235503
DIS,26403,QMLE-Trade,2011-10-24,0.181928
DIS,26403,QMLE-Trade,2011-10-25,0.2761
DIS,26403,QMLE-Trade,2011-10-26,0.265264
DIS,26403,QMLE-Trade,2011-10-27,0.199066
DIS,26403,QMLE-Trade,2011-10-28,0.198278
DIS,26403,QMLE-Trade,2011-10-31,0.195997
DIS,26403,QMLE-Trade,2011-11-1,0.352015
DIS,26403,QMLE-Trade,2011-11-2,0.238483
DIS,26403,QMLE-Trade,2011-11-3,0.230487
DIS,26403,QMLE-Trade,2011-11-4,0.203857
DIS,26403,QMLE-Trade,2011-11-7,0.202725
DIS,26403,QMLE-Trade,2011-11-8,0.244225
DIS,26403,QMLE-Trade,2011-11-9,0.270811
DIS,26403,QMLE-Trade,2011-11-10,0.278626
DIS,26403,QMLE-Trade,2011-11-11,0.379166
DIS,26403,QMLE-Trade,2011-11-14,0.181566
DIS,26403,QMLE-Trade,2011-11-15,0.242425
DIS,26403,QMLE-Trade,2011-11-16,0.23584
DIS,26403,QMLE-Trade,2011-11-17,0.305596
DIS,26403,QMLE-Trade,2011-11-18,0.229919
DIS,26403,QMLE-Trade,2011-11-21,0.286514
DIS,26403,QMLE-Trade,2011-11-22,0.309938
DIS,26403,QMLE-Trade,2011-11-23,0.25741
DIS,26403,QMLE-Trade,2011-11-25,0.302715
DIS,26403,QMLE-Trade,2011-11-28,0.24335
DIS,26403,QMLE-Trade,2011-11-29,0.231805
DIS,26403,QMLE-Trade,2011-11-30,0.257493
DIS,26403,QMLE-Trade,2011-12-1,0.258806
DIS,26403,QMLE-Trade,2011-12-2,0.206435
DIS,26403,QMLE-Trade,2011-12-5,0.226798
DIS,26403,QMLE-Trade,2011-12-6,0.205371
DIS,26403,QMLE-Trade,2011-12-7,0.210378
DIS,26403,QMLE-Trade,2011-12-8,0.237339
DIS,26403,QMLE-Trade,2011-12-9,0.216684
DIS,26403,QMLE-Trade,2011-12-12,0.184451
DIS,26403,QMLE-Trade,2011-12-13,0.226816
DIS,26403,QMLE-Trade,2011-12-14,0.284851
DIS,26403,QMLE-Trade,2011-12-15,0.231105
DIS,26403,QMLE-Trade,2011-12-16,0.202247
DIS,26403,QMLE-Trade,2011-12-19,0.204633
DIS,26403,QMLE-Trade,2011-12-20,0.187641
DIS,26403,QMLE-Trade,2011-12-21,0.252676
DIS,26403,QMLE-Trade,2011-12-22,0.165508
DIS,26403,QMLE-Trade,2011-12-23,0.145471
DIS,26403,QMLE-Trade,2011-12-27,0.138183
DIS,26403,QMLE-Trade,2011-12-28,0.153551
DIS,26403,QMLE-Trade,2011-12-29,0.134859
DIS,26403,QMLE-Trade,2011-12-30,0.16598
DIS,26403,QMLE-Trade,2012-1-3,0.155382
DIS,26403,QMLE-Trade,2012-1-4,0.170634
DIS,26403,QMLE-Trade,2012-1-5,0.192037
DIS,26403,QMLE-Trade,2012-1-6,0.175546
DIS,26403,QMLE-Trade,2012-1-9,0.181474
DIS,26403,QMLE-Trade,2012-1-10,0.188894
DIS,26403,QMLE-Trade,2012-1-11,0.174779
DIS,26403,QMLE-Trade,2012-1-12,0.160311
DIS,26403,QMLE-Trade,2012-1-13,0.200531
DIS,26403,QMLE-Trade,2012-1-17,0.205035
DIS,26403,QMLE-Trade,2012-1-18,0.188337
DIS,26403,QMLE-Trade,2012-1-19,0.156998
DIS,26403,QMLE-Trade,2012-1-20,0.155547
DIS,26403,QMLE-Trade,2012-1-23,0.156403
DIS,26403,QMLE-Trade,2012-1-24,0.17492
DIS,26403,QMLE-Trade,2012-1-25,0.194942
DIS,26403,QMLE-Trade,2012-1-26,0.164764
DIS,26403,QMLE-Trade,2012-1-27,0.178
DIS,26403,QMLE-Trade,2012-1-30,0.173803
DIS,26403,QMLE-Trade,2012-1-31,0.201573
DIS,26403,QMLE-Trade,2012-2-1,0.164195
DIS,26403,QMLE-Trade,2012-2-2,0.205159
DIS,26403,QMLE-Trade,2012-2-3,0.151934
DIS,26403,QMLE-Trade,2012-2-6,0.17814
DIS,26403,QMLE-Trade,2012-2-7,0.172884
DIS,26403,QMLE-Trade,2012-2-8,0.334455
DIS,26403,QMLE-Trade,2012-2-9,0.196605
DIS,26403,QMLE-Trade,2012-2-10,0.134965
DIS,26403,QMLE-Trade,2012-2-13,0.113412
DIS,26403,QMLE-Trade,2012-2-14,0.140537
DIS,26403,QMLE-Trade,2012-2-15,0.157179
DIS,26403,QMLE-Trade,2012-2-16,0.174701
DIS,26403,QMLE-Trade,2012-2-17,0.13357
DIS,26403,QMLE-Trade,2012-2-21,0.132711
DIS,26403,QMLE-Trade,2012-2-22,0.140051
DIS,26403,QMLE-Trade,2012-2-23,0.146631
DIS,26403,QMLE-Trade,2012-2-24,0.103067
DIS,26403,QMLE-Trade,2012-2-27,0.161008
DIS,26403,QMLE-Trade,2012-2-28,0.137371
DIS,26403,QMLE-Trade,2012-2-29,0.163319
DIS,26403,QMLE-Trade,2012-3-1,0.142859
DIS,26403,QMLE-Trade,2012-3-2,0.133539
DIS,26403,QMLE-Trade,2012-3-5,0.139728
DIS,26403,QMLE-Trade,2012-3-6,0.144743
DIS,26403,QMLE-Trade,2012-3-7,0.141409
DIS,26403,QMLE-Trade,2012-3-8,0.115989
DIS,26403,QMLE-Trade,2012-3-9,0.118036
DIS,26403,QMLE-Trade,2012-3-12,0.152701
DIS,26403,QMLE-Trade,2012-3-13,0.155616
DIS,26403,QMLE-Trade,2012-3-14,0.162866
DIS,26403,QMLE-Trade,2012-3-15,0.129998
DIS,26403,QMLE-Trade,2012-3-16,0.124963
DIS,26403,QMLE-Trade,2012-3-19,0.120695
DIS,26403,QMLE-Trade,2012-3-20,0.131499
DIS,26403,QMLE-Trade,2012-3-21,0.142097
DIS,26403,QMLE-Trade,2012-3-22,0.139908
DIS,26403,QMLE-Trade,2012-3-23,0.133729
DIS,26403,QMLE-Trade,2012-3-26,0.116047
DIS,26403,QMLE-Trade,2012-3-27,0.119236
DIS,26403,QMLE-Trade,2012-3-28,0.171762
DIS,26403,QMLE-Trade,2012-3-29,0.197702
DIS,26403,QMLE-Trade,2012-3-30,0.16025
DIS,26403,QMLE-Trade,2012-4-2,0.151374
DIS,26403,QMLE-Trade,2012-4-3,0.155832
DIS,26403,QMLE-Trade,2012-4-4,0.142405
DIS,26403,QMLE-Trade,2012-4-5,0.103536
DIS,26403,QMLE-Trade,2012-4-9,0.109253
DIS,26403,QMLE-Trade,2012-4-10,0.195105
DIS,26403,QMLE-Trade,2012-4-11,0.139769
DIS,26403,QMLE-Trade,2012-4-12,0.125165
DIS,26403,QMLE-Trade,2012-4-13,0.137361
DIS,26403,QMLE-Trade,2012-4-16,0.15811
DIS,26403,QMLE-Trade,2012-4-17,0.12323
DIS,26403,QMLE-Trade,2012-4-18,0.145303
DIS,26403,QMLE-Trade,2012-4-19,0.184995
DIS,26403,QMLE-Trade,2012-4-20,0.145219
DIS,26403,QMLE-Trade,2012-4-23,0.14473
DIS,26403,QMLE-Trade,2012-4-24,0.139139
DIS,26403,QMLE-Trade,2012-4-25,0.155914
DIS,26403,QMLE-Trade,2012-4-26,0.133669
DIS,26403,QMLE-Trade,2012-4-27,0.145846
DIS,26403,QMLE-Trade,2012-4-30,0.137381
DIS,26403,QMLE-Trade,2012-5-1,0.139881
DIS,26403,QMLE-Trade,2012-5-2,0.146728
DIS,26403,QMLE-Trade,2012-5-3,0.156297
DIS,26403,QMLE-Trade,2012-5-4,0.157697
DIS,26403,QMLE-Trade,2012-5-7,0.168404
DIS,26403,QMLE-Trade,2012-5-8,0.215645
DIS,26403,QMLE-Trade,2012-5-9,0.367151
DIS,26403,QMLE-Trade,2012-5-10,0.193856
DIS,26403,QMLE-Trade,2012-5-11,0.181819
DIS,26403,QMLE-Trade,2012-5-14,0.188929
DIS,26403,QMLE-Trade,2012-5-15,0.187441
DIS,26403,QMLE-Trade,2012-5-16,0.194163
DIS,26403,QMLE-Trade,2012-5-17,0.216282
DIS,26403,QMLE-Trade,2012-5-18,0.243672
DIS,26403,QMLE-Trade,2012-5-21,0.1714
DIS,26403,QMLE-Trade,2012-5-22,0.188514
DIS,26403,QMLE-Trade,2012-5-23,0.20616
DIS,26403,QMLE-Trade,2012-5-24,0.202779
DIS,26403,QMLE-Trade,2012-5-25,0.150344
DIS,26403,QMLE-Trade,2012-5-29,0.157076
DIS,26403,QMLE-Trade,2012-5-30,0.166616
DIS,26403,QMLE-Trade,2012-5-31,0.17968
DIS,26403,QMLE-Trade,2012-6-1,0.209238
DIS,26403,QMLE-Trade,2012-6-4,0.225047
DIS,26403,QMLE-Trade,2012-6-5,0.172818
DIS,26403,QMLE-Trade,2012-6-6,0.127449
DIS,26403,QMLE-Trade,2012-6-7,0.168286
DIS,26403,QMLE-Trade,2012-6-8,0.134793
DIS,26403,QMLE-Trade,2012-6-11,0.147291
DIS,26403,QMLE-Trade,2012-6-12,0.170483
DIS,26403,QMLE-Trade,2012-6-13,0.151836
DIS,26403,QMLE-Trade,2012-6-14,0.175579
DIS,26403,QMLE-Trade,2012-6-15,0.161614
DIS,26403,QMLE-Trade,2012-6-18,0.141482
DIS,26403,QMLE-Trade,2012-6-19,0.125797
DIS,26403,QMLE-Trade,2012-6-20,0.179884
DIS,26403,QMLE-Trade,2012-6-21,0.149136
DIS,26403,QMLE-Trade,2012-6-22,0.143501
DIS,26403,QMLE-Trade,2012-6-25,0.162097
DIS,26403,QMLE-Trade,2012-6-26,0.138416
DIS,26403,QMLE-Trade,2012-6-27,0.119919
DIS,26403,QMLE-Trade,2012-6-28,0.177317
DIS,26403,QMLE-Trade,2012-6-29,0.137434
DIS,26403,QMLE-Trade,2012-7-2,0.13149
DIS,26403,QMLE-Trade,2012-7-3,0.127297
DIS,26403,QMLE-Trade,2012-7-5,0.143948
DIS,26403,QMLE-Trade,2012-7-6,0.125848
DIS,26403,QMLE-Trade,2012-7-9,0.111731
DIS,26403,QMLE-Trade,2012-7-10,0.123875
DIS,26403,QMLE-Trade,2012-7-11,0.130975
DIS,26403,QMLE-Trade,2012-7-12,0.175016
DIS,26403,QMLE-Trade,2012-7-13,0.131659
DIS,26403,QMLE-Trade,2012-7-16,0.116613
DIS,26403,QMLE-Trade,2012-7-17,0.197768
DIS,26403,QMLE-Trade,2012-7-18,0.129045
DIS,26403,QMLE-Trade,2012-7-19,0.161237
DIS,26403,QMLE-Trade,2012-7-20,0.156734
DIS,26403,QMLE-Trade,2012-7-23,0.166635
DIS,26403,QMLE-Trade,2012-7-24,0.182018
DIS,26403,QMLE-Trade,2012-7-25,0.13972
DIS,26403,QMLE-Trade,2012-7-26,0.133115
DIS,26403,QMLE-Trade,2012-7-27,0.136054
DIS,26403,QMLE-Trade,2012-7-30,0.131437
DIS,26403,QMLE-Trade,2012-7-31,0.131497
DIS,26403,QMLE-Trade,2012-8-2,0.194063
DIS,26403,QMLE-Trade,2012-8-3,0.133801
DIS,26403,QMLE-Trade,2012-8-6,0.12407
DIS,26403,QMLE-Trade,2012-8-7,0.152083
DIS,26403,QMLE-Trade,2012-8-8,0.335285
DIS,26403,QMLE-Trade,2012-8-9,0.126732
DIS,26403,QMLE-Trade,2012-8-10,0.154062
DIS,26403,QMLE-Trade,2012-8-13,0.105163
DIS,26403,QMLE-Trade,2012-8-14,0.142458
DIS,26403,QMLE-Trade,2012-8-15,0.0899201
DIS,26403,QMLE-Trade,2012-8-16,0.117326
DIS,26403,QMLE-Trade,2012-8-17,0.0884819
DIS,26403,QMLE-Trade,2012-8-20,0.122068
DIS,26403,QMLE-Trade,2012-8-21,0.123919
DIS,26403,QMLE-Trade,2012-8-22,0.153435
DIS,26403,QMLE-Trade,2012-8-23,0.125777
DIS,26403,QMLE-Trade,2012-8-24,0.131562
DIS,26403,QMLE-Trade,2012-8-27,0.147456
DIS,26403,QMLE-Trade,2012-8-28,0.16003
DIS,26403,QMLE-Trade,2012-8-29,0.103236
DIS,26403,QMLE-Trade,2012-8-30,0.114295
DIS,26403,QMLE-Trade,2012-8-31,0.154262
DIS,26403,QMLE-Trade,2012-9-4,0.127498
DIS,26403,QMLE-Trade,2012-9-5,0.154208
DIS,26403,QMLE-Trade,2012-9-6,0.13858
DIS,26403,QMLE-Trade,2012-9-7,0.117905
DIS,26403,QMLE-Trade,2012-9-10,0.124639
DIS,26403,QMLE-Trade,2012-9-11,0.0776588
DIS,26403,QMLE-Trade,2012-9-12,0.0926714
DIS,26403,QMLE-Trade,2012-9-13,0.193259
DIS,26403,QMLE-Trade,2012-9-14,0.139401
DIS,26403,QMLE-Trade,2012-9-17,0.103827
DIS,26403,QMLE-Trade,2012-9-18,0.11298
DIS,26403,QMLE-Trade,2012-9-19,0.13925
DIS,26403,QMLE-Trade,2012-9-20,0.0846828
DIS,26403,QMLE-Trade,2012-9-21,0.0970829
DIS,26403,QMLE-Trade,2012-9-24,0.10164
DIS,26403,QMLE-Trade,2012-9-25,0.13061
DIS,26403,QMLE-Trade,2012-9-26,0.136109
DIS,26403,QMLE-Trade,2012-9-27,0.119136
DIS,26403,QMLE-Trade,2012-9-28,0.131261
DIS,26403,QMLE-Trade,2012-10-1,0.138429
DIS,26403,QMLE-Trade,2012-10-2,0.122825
DIS,26403,QMLE-Trade,2012-10-3,0.117815
DIS,26403,QMLE-Trade,2012-10-4,0.121888
DIS,26403,QMLE-Trade,2012-10-5,0.0938561
DIS,26403,QMLE-Trade,2012-10-8,0.132116
DIS,26403,QMLE-Trade,2012-10-9,0.160969
DIS,26403,QMLE-Trade,2012-10-10,0.159635
DIS,26403,QMLE-Trade,2012-10-11,0.13541
DIS,26403,QMLE-Trade,2012-10-12,0.1165
DIS,26403,QMLE-Trade,2012-10-15,0.134088
DIS,26403,QMLE-Trade,2012-10-16,0.133439
DIS,26403,QMLE-Trade,2012-10-17,0.12698
DIS,26403,QMLE-Trade,2012-10-18,0.13163
DIS,26403,QMLE-Trade,2012-10-19,0.149102
DIS,26403,QMLE-Trade,2012-10-22,0.133998
DIS,26403,QMLE-Trade,2012-10-23,0.160814
DIS,26403,QMLE-Trade,2012-10-24,0.140895
DIS,26403,QMLE-Trade,2012-10-25,0.125702
DIS,26403,QMLE-Trade,2012-10-26,0.150739
DIS,26403,QMLE-Trade,2012-10-31,0.23321
DIS,26403,QMLE-Trade,2012-11-1,0.187691
DIS,26403,QMLE-Trade,2012-11-2,0.169925
DIS,26403,QMLE-Trade,2012-11-5,0.169278
DIS,26403,QMLE-Trade,2012-11-6,0.131164
DIS,26403,QMLE-Trade,2012-11-7,0.182741
DIS,26403,QMLE-Trade,2012-11-8,0.20517
DIS,26403,QMLE-Trade,2012-11-9,0.368297
DIS,26403,QMLE-Trade,2012-11-12,0.185502
DIS,26403,QMLE-Trade,2012-11-13,0.168722
DIS,26403,QMLE-Trade,2012-11-14,0.188482
DIS,26403,QMLE-Trade,2012-11-15,0.195282
DIS,26403,QMLE-Trade,2012-11-16,0.192295
DIS,26403,QMLE-Trade,2012-11-19,0.183466
DIS,26403,QMLE-Trade,2012-11-20,0.163518
DIS,26403,QMLE-Trade,2012-11-21,0.132917
DIS,26403,QMLE-Trade,2012-11-23,0.103157
DIS,26403,QMLE-Trade,2012-11-26,0.135775
DIS,26403,QMLE-Trade,2012-11-27,0.180092
DIS,26403,QMLE-Trade,2012-11-28,0.188278
DIS,26403,QMLE-Trade,2012-11-29,0.161045
DIS,26403,QMLE-Trade,2012-11-30,0.169468
DIS,26403,QMLE-Trade,2012-12-3,0.139624
DIS,26403,QMLE-Trade,2012-12-4,0.126522
DIS,26403,QMLE-Trade,2012-12-5,0.152902
DIS,26403,QMLE-Trade,2012-12-6,0.145134
DIS,26403,QMLE-Trade,2012-12-7,0.141868
DIS,26403,QMLE-Trade,2012-12-10,0.0968703
DIS,26403,QMLE-Trade,2012-12-11,0.100171
DIS,26403,QMLE-Trade,2012-12-12,0.114202
DIS,26403,QMLE-Trade,2012-12-13,0.120641
DIS,26403,QMLE-Trade,2012-12-14,0.127956
DIS,26403,QMLE-Trade,2012-12-17,0.122777
DIS,26403,QMLE-Trade,2012-12-18,0.13523
DIS,26403,QMLE-Trade,2012-12-19,0.125029
DIS,26403,QMLE-Trade,2012-12-20,0.151925
DIS,26403,QMLE-Trade,2012-12-21,0.240016
DIS,26403,QMLE-Trade,2012-12-24,0.135368
DIS,26403,QMLE-Trade,2012-12-26,0.137372
DIS,26403,QMLE-Trade,2012-12-27,0.1983
DIS,26403,QMLE-Trade,2012-12-28,0.171021
DIS,26403,QMLE-Trade,2012-12-31,0.233471
DIS,26403,QMLE-Trade,2013-1-2,0.142719
DIS,26403,QMLE-Trade,2013-1-3,0.128881
DIS,26403,QMLE-Trade,2013-1-4,0.124439
DIS,26403,QMLE-Trade,2013-1-7,0.131488
DIS,26403,QMLE-Trade,2013-1-8,0.137481
DIS,26403,QMLE-Trade,2013-1-9,0.126638
DIS,26403,QMLE-Trade,2013-1-10,0.142669
DIS,26403,QMLE-Trade,2013-1-11,0.125746
DIS,26403,QMLE-Trade,2013-1-14,0.141769
DIS,26403,QMLE-Trade,2013-1-15,0.0969913
DIS,26403,QMLE-Trade,2013-1-16,0.125556
DIS,26403,QMLE-Trade,2013-1-17,0.131297
DIS,26403,QMLE-Trade,2013-1-18,0.0992316
DIS,26403,QMLE-Trade,2013-1-22,0.167247
DIS,26403,QMLE-Trade,2013-1-23,0.141173
DIS,26403,QMLE-Trade,2013-1-24,0.160846
DIS,26403,QMLE-Trade,2013-1-25,0.155981
DIS,26403,QMLE-Trade,2013-1-28,0.130105
DIS,26403,QMLE-Trade,2013-1-29,0.132714
DIS,26403,QMLE-Trade,2013-1-30,0.140373
DIS,26403,QMLE-Trade,2013-1-31,0.141308
DIS,26403,QMLE-Trade,2013-2-1,0.141006
DIS,26403,QMLE-Trade,2013-2-4,0.157961
DIS,26403,QMLE-Trade,2013-2-5,0.14572
DIS,26403,QMLE-Trade,2013-2-6,0.241027
DIS,26403,QMLE-Trade,2013-2-7,0.185515
DIS,26403,QMLE-Trade,2013-2-8,0.098378
DIS,26403,QMLE-Trade,2013-2-11,0.111696
DIS,26403,QMLE-Trade,2013-2-12,0.0907327
DIS,26403,QMLE-Trade,2013-2-13,0.143062
DIS,26403,QMLE-Trade,2013-2-14,0.11301
DIS,26403,QMLE-Trade,2013-2-15,0.125285
DIS,26403,QMLE-Trade,2013-2-19,0.104584
DIS,26403,QMLE-Trade,2013-2-20,0.166367
DIS,26403,QMLE-Trade,2013-2-21,0.154128
DIS,26403,QMLE-Trade,2013-2-22,0.170223
DIS,26403,QMLE-Trade,2013-2-25,0.15894
DIS,26403,QMLE-Trade,2013-2-26,0.149566
DIS,26403,QMLE-Trade,2013-2-27,0.130374
DIS,26403,QMLE-Trade,2013-2-28,0.130686
DIS,26403,QMLE-Trade,2013-3-1,0.172846
DIS,26403,QMLE-Trade,2013-3-4,0.134678
DIS,26403,QMLE-Trade,2013-3-5,0.101898
DIS,26403,QMLE-Trade,2013-3-6,0.131151
DIS,26403,QMLE-Trade,2013-3-7,0.11607
DIS,26403,QMLE-Trade,2013-3-8,0.14032
DIS,26403,QMLE-Trade,2013-3-11,0.105191
DIS,26403,QMLE-Trade,2013-3-12,0.148689
DIS,26403,QMLE-Trade,2013-3-13,0.12946
DIS,26403,QMLE-Trade,2013-3-14,0.107337
DIS,26403,QMLE-Trade,2013-3-15,0.12337
DIS,26403,QMLE-Trade,2013-3-18,0.143793
DIS,26403,QMLE-Trade,2013-3-19,0.174493
DIS,26403,QMLE-Trade,2013-3-20,0.124269
DIS,26403,QMLE-Trade,2013-3-21,0.135113
DIS,26403,QMLE-Trade,2013-3-22,0.129241
DIS,26403,QMLE-Trade,2013-3-25,0.15279
DIS,26403,QMLE-Trade,2013-3-26,0.102946
DIS,26403,QMLE-Trade,2013-3-27,0.139858
DIS,26403,QMLE-Trade,2013-3-28,0.137018
DIS,26403,QMLE-Trade,2013-4-1,0.143457
DIS,26403,QMLE-Trade,2013-4-2,0.118703
DIS,26403,QMLE-Trade,2013-4-3,0.132818
DIS,26403,QMLE-Trade,2013-4-4,0.132849
DIS,26403,QMLE-Trade,2013-4-5,0.151269
DIS,26403,QMLE-Trade,2013-4-8,0.160598
DIS,26403,QMLE-Trade,2013-4-9,0.142084
DIS,26403,QMLE-Trade,2013-4-10,0.151521
DIS,26403,QMLE-Trade,2013-4-11,0.137783
DIS,26403,QMLE-Trade,2013-4-12,0.127063
DIS,26403,QMLE-Trade,2013-4-15,0.201602
DIS,26403,QMLE-Trade,2013-4-16,0.157493
DIS,26403,QMLE-Trade,2013-4-17,0.189885
DIS,26403,QMLE-Trade,2013-4-18,0.1453
DIS,26403,QMLE-Trade,2013-4-19,0.154281
DIS,26403,QMLE-Trade,2013-4-22,0.132299
DIS,26403,QMLE-Trade,2013-4-23,0.200082
DIS,26403,QMLE-Trade,2013-4-24,0.161671
DIS,26403,QMLE-Trade,2013-4-25,0.119801
DIS,26403,QMLE-Trade,2013-4-26,0.127567
DIS,26403,QMLE-Trade,2013-4-29,0.156426
DIS,26403,QMLE-Trade,2013-4-30,0.154761
DIS,26403,QMLE-Trade,2013-5-1,0.154392
DIS,26403,QMLE-Trade,2013-5-2,0.128848
DIS,26403,QMLE-Trade,2013-5-3,0.124883
DIS,26403,QMLE-Trade,2013-5-6,0.146248
DIS,26403,QMLE-Trade,2013-5-7,0.12594
DIS,26403,QMLE-Trade,2013-5-8,0.195202
DIS,26403,QMLE-Trade,2013-5-9,0.167342
DIS,26403,QMLE-Trade,2013-5-10,0.170757
DIS,26403,QMLE-Trade,2013-5-13,0.105061
DIS,26403,QMLE-Trade,2013-5-14,0.10786
DIS,26403,QMLE-Trade,2013-5-15,0.117694
DIS,26403,QMLE-Trade,2013-5-16,0.125574
DIS,26403,QMLE-Trade,2013-5-17,0.162868
DIS,26403,QMLE-Trade,2013-5-20,0.113294
DIS,26403,QMLE-Trade,2013-5-21,0.11616
DIS,26403,QMLE-Trade,2013-5-22,0.181568
DIS,26403,QMLE-Trade,2013-5-23,0.201004
DIS,26403,QMLE-Trade,2013-5-24,0.165154
DIS,26403,QMLE-Trade,2013-5-28,0.148624
DIS,26403,QMLE-Trade,2013-5-29,0.140805
DIS,26403,QMLE-Trade,2013-5-30,0.201648
DIS,26403,QMLE-Trade,2013-5-31,0.216
DIS,26403,QMLE-Trade,2013-6-3,0.227488
DIS,26403,QMLE-Trade,2013-6-4,0.228173
DIS,26403,QMLE-Trade,2013-6-5,0.197395
DIS,26403,QMLE-Trade,2013-6-6,0.215562
DIS,26403,QMLE-Trade,2013-6-7,0.178134
DIS,26403,QMLE-Trade,2013-6-10,0.173946
DIS,26403,QMLE-Trade,2013-6-11,0.203312
DIS,26403,QMLE-Trade,2013-6-12,0.183855
DIS,26403,QMLE-Trade,2013-6-13,0.207065
DIS,26403,QMLE-Trade,2013-6-14,0.16985
DIS,26403,QMLE-Trade,2013-6-17,0.162296
DIS,26403,QMLE-Trade,2013-6-18,0.15082
DIS,26403,QMLE-Trade,2013-6-19,0.199171
DIS,26403,QMLE-Trade,2013-6-20,0.223381
DIS,26403,QMLE-Trade,2013-6-21,0.231506
DIS,26403,QMLE-Trade,2013-6-24,0.210444
DIS,26403,QMLE-Trade,2013-6-25,0.173273
DIS,26403,QMLE-Trade,2013-6-26,0.134423
DIS,26403,QMLE-Trade,2013-6-27,0.1398
DIS,26403,QMLE-Trade,2013-6-28,0.18411
DIS,26403,QMLE-Trade,2013-7-1,0.173174
DIS,26403,QMLE-Trade,2013-7-2,0.14872
DIS,26403,QMLE-Trade,2013-7-3,0.223729
DIS,26403,QMLE-Trade,2013-7-5,0.19903
DIS,26403,QMLE-Trade,2013-7-8,0.173093
DIS,26403,QMLE-Trade,2013-7-9,0.144786
DIS,26403,QMLE-Trade,2013-7-10,0.174436
DIS,26403,QMLE-Trade,2013-7-11,0.116542
DIS,26403,QMLE-Trade,2013-7-12,0.157306
DIS,26403,QMLE-Trade,2013-7-15,0.139244
DIS,26403,QMLE-Trade,2013-7-16,0.134511
DIS,26403,QMLE-Trade,2013-7-17,0.125692
DIS,26403,QMLE-Trade,2013-7-18,0.117604
DIS,26403,QMLE-Trade,2013-7-19,0.120695
DIS,26403,QMLE-Trade,2013-7-22,0.111438
DIS,26403,QMLE-Trade,2013-7-23,0.0996698
DIS,26403,QMLE-Trade,2013-7-24,0.134482
DIS,26403,QMLE-Trade,2013-7-25,0.122269
DIS,26403,QMLE-Trade,2013-7-26,0.134114
DIS,26403,QMLE-Trade,2013-7-29,0.123402
DIS,26403,QMLE-Trade,2013-7-30,0.0974143
DIS,26403,QMLE-Trade,2013-7-31,0.143694
DIS,26403,QMLE-Trade,2013-8-1,0.1255
DIS,26403,QMLE-Trade,2013-8-2,0.125368
DIS,26403,QMLE-Trade,2013-8-5,0.111827
DIS,26403,QMLE-Trade,2013-8-6,0.164693
DIS,26403,QMLE-Trade,2013-8-7,0.287046
DIS,26403,QMLE-Trade,2013-8-8,0.151063
DIS,26403,QMLE-Trade,2013-8-9,0.147785
DIS,26403,QMLE-Trade,2013-8-12,0.147077
DIS,26403,QMLE-Trade,2013-8-13,0.143693
DIS,26403,QMLE-Trade,2013-8-14,0.147473
DIS,26403,QMLE-Trade,2013-8-15,0.182939
DIS,26403,QMLE-Trade,2013-8-16,0.182278
DIS,26403,QMLE-Trade,2013-8-19,0.130475
DIS,26403,QMLE-Trade,2013-8-20,0.104833
DIS,26403,QMLE-Trade,2013-8-21,0.186197
DIS,26403,QMLE-Trade,2013-8-22,0.109253
DIS,26403,QMLE-Trade,2013-8-23,0.152252
DIS,26403,QMLE-Trade,2013-8-26,0.129564
DIS,26403,QMLE-Trade,2013-8-27,0.171866
DIS,26403,QMLE-Trade,2013-8-28,0.126065
DIS,26403,QMLE-Trade,2013-8-29,0.127771
DIS,26403,QMLE-Trade,2013-8-30,0.160673
DIS,26403,QMLE-Trade,2013-9-3,0.1799
DIS,26403,QMLE-Trade,2013-9-4,0.139057
DIS,26403,QMLE-Trade,2013-9-5,0.113418
DIS,26403,QMLE-Trade,2013-9-6,0.172442
DIS,26403,QMLE-Trade,2013-9-9,0.101785
DIS,26403,QMLE-Trade,2013-9-10,0.109651
DIS,26403,QMLE-Trade,2013-9-11,0.120311
DIS,26403,QMLE-Trade,2013-9-12,0.32012
DIS,26403,QMLE-Trade,2013-9-13,0.159515
DIS,26403,QMLE-Trade,2013-9-16,0.151866
DIS,26403,QMLE-Trade,2013-9-17,0.101564
DIS,26403,QMLE-Trade,2013-9-18,0.201391
DIS,26403,QMLE-Trade,2013-9-19,0.158405
DIS,26403,QMLE-Trade,2013-9-20,0.156194
DIS,26403,QMLE-Trade,2013-9-23,0.147557
DIS,26403,QMLE-Trade,2013-9-24,0.127301
DIS,26403,QMLE-Trade,2013-9-25,0.174794
DIS,26403,QMLE-Trade,2013-9-26,0.143478
DIS,26403,QMLE-Trade,2013-9-27,0.152575
DIS,26403,QMLE-Trade,2013-9-30,0.130708
DIS,26403,QMLE-Trade,2013-10-1,0.14242
DIS,26403,QMLE-Trade,2013-10-2,0.137046
DIS,26403,QMLE-Trade,2013-10-3,0.174674
DIS,26403,QMLE-Trade,2013-10-4,0.136183
DIS,26403,QMLE-Trade,2013-10-7,0.138975
DIS,26403,QMLE-Trade,2013-10-8,0.18433
DIS,26403,QMLE-Trade,2013-10-9,0.192155
DIS,26403,QMLE-Trade,2013-10-10,0.153834
DIS,26403,QMLE-Trade,2013-10-11,0.12349
DIS,26403,QMLE-Trade,2013-10-14,0.128996
DIS,26403,QMLE-Trade,2013-10-15,0.198405
DIS,26403,QMLE-Trade,2013-10-16,0.123457
DIS,26403,QMLE-Trade,2013-10-17,0.117859
DIS,26403,QMLE-Trade,2013-10-18,0.135009
DIS,26403,QMLE-Trade,2013-10-21,0.108015
DIS,26403,QMLE-Trade,2013-10-22,0.163403
DIS,26403,QMLE-Trade,2013-10-23,0.158292
DIS,26403,QMLE-Trade,2013-10-24,0.126248
DIS,26403,QMLE-Trade,2013-10-25,0.164125
DIS,26403,QMLE-Trade,2013-10-28,0.105605
DIS,26403,QMLE-Trade,2013-10-29,0.106704
DIS,26403,QMLE-Trade,2013-10-30,0.173564
DIS,26403,QMLE-Trade,2013-10-31,0.182416
DIS,26403,QMLE-Trade,2013-11-1,0.158862
DIS,26403,QMLE-Trade,2013-11-4,0.136536
DIS,26403,QMLE-Trade,2013-11-5,0.136237
DIS,26403,QMLE-Trade,2013-11-6,0.151419
DIS,26403,QMLE-Trade,2013-11-7,0.239833
DIS,26403,QMLE-Trade,2013-11-8,0.343836
DIS,26403,QMLE-Trade,2013-11-11,0.119058
DIS,26403,QMLE-Trade,2013-11-12,0.139199
DIS,26403,QMLE-Trade,2013-11-13,0.144613
DIS,26403,QMLE-Trade,2013-11-14,0.134551
DIS,26403,QMLE-Trade,2013-11-15,0.122723
DIS,26403,QMLE-Trade,2013-11-18,0.140241
DIS,26403,QMLE-Trade,2013-11-19,0.14164
DIS,26403,QMLE-Trade,2013-11-20,0.183503
DIS,26403,QMLE-Trade,2013-11-21,0.11596
DIS,26403,QMLE-Trade,2013-11-22,0.124887
DIS,26403,QMLE-Trade,2013-11-25,0.1192
DIS,26403,QMLE-Trade,2013-11-26,0.123699
DIS,26403,QMLE-Trade,2013-11-27,0.145698
DIS,26403,QMLE-Trade,2013-11-29,0.183135
DIS,26403,QMLE-Trade,2013-12-2,0.123099
DIS,26403,QMLE-Trade,2013-12-3,0.15813
DIS,26403,QMLE-Trade,2013-12-4,0.15594
DIS,26403,QMLE-Trade,2013-12-5,0.166456
DIS,26403,QMLE-Trade,2013-12-6,0.129689
DIS,26403,QMLE-Trade,2013-12-9,0.122704
DIS,26403,QMLE-Trade,2013-12-10,0.141367
DIS,26403,QMLE-Trade,2013-12-11,0.148861
DIS,26403,QMLE-Trade,2013-12-12,0.144288
DIS,26403,QMLE-Trade,2013-12-13,0.149064
DIS,26403,QMLE-Trade,2013-12-16,0.140595
DIS,26403,QMLE-Trade,2013-12-17,0.124962
DIS,26403,QMLE-Trade,2013-12-18,0.226068
DIS,26403,QMLE-Trade,2013-12-19,0.146837
DIS,26403,QMLE-Trade,2013-12-20,0.114637
DIS,26403,QMLE-Trade,2013-12-23,0.0986313
DIS,26403,QMLE-Trade,2013-12-24,0.134734
DIS,26403,QMLE-Trade,2013-12-26,0.113454
DIS,26403,QMLE-Trade,2013-12-27,0.111204
DIS,26403,QMLE-Trade,2013-12-30,0.162383
DIS,26403,QMLE-Trade,2013-12-31,0.122681
DIS,26403,QMLE-Trade,2014-1-2,0.135775
DIS,26403,QMLE-Trade,2014-1-3,0.122238
DIS,26403,QMLE-Trade,2014-1-6,0.1246
DIS,26403,QMLE-Trade,2014-1-7,0.11481
DIS,26403,QMLE-Trade,2014-1-8,0.183567
DIS,26403,QMLE-Trade,2014-1-9,0.136397
DIS,26403,QMLE-Trade,2014-1-10,0.156832
DIS,26403,QMLE-Trade,2014-1-13,0.154535
DIS,26403,QMLE-Trade,2014-1-14,0.138091
DIS,26403,QMLE-Trade,2014-1-15,0.12235
DIS,26403,QMLE-Trade,2014-1-16,0.134788
DIS,26403,QMLE-Trade,2014-1-17,0.153378
DIS,26403,QMLE-Trade,2014-1-21,0.167931
DIS,26403,QMLE-Trade,2014-1-22,0.144423
DIS,26403,QMLE-Trade,2014-1-23,0.14502
DIS,26403,QMLE-Trade,2014-1-24,0.185763
DIS,26403,QMLE-Trade,2014-1-27,0.213322
DIS,26403,QMLE-Trade,2014-1-28,0.16537
DIS,26403,QMLE-Trade,2014-1-29,0.236436
DIS,26403,QMLE-Trade,2014-1-30,0.170309
DIS,26403,QMLE-Trade,2014-1-31,0.196306
DIS,26403,QMLE-Trade,2014-2-3,0.240858
DIS,26403,QMLE-Trade,2014-2-4,0.223994
DIS,26403,QMLE-Trade,2014-2-5,0.245053
DIS,26403,QMLE-Trade,2014-2-6,0.33446
DIS,26403,QMLE-Trade,2014-2-7,0.17777
DIS,26403,QMLE-Trade,2014-2-10,0.126538
DIS,26403,QMLE-Trade,2014-2-11,0.156431
DIS,26403,QMLE-Trade,2014-2-12,0.086016
DIS,26403,QMLE-Trade,2014-2-13,0.133167
DIS,26403,QMLE-Trade,2014-2-14,0.104803
DIS,26403,QMLE-Trade,2014-2-18,0.12582
DIS,26403,QMLE-Trade,2014-2-19,0.137344
DIS,26403,QMLE-Trade,2014-2-20,0.132562
DIS,26403,QMLE-Trade,2014-2-21,0.14005
DIS,26403,QMLE-Trade,2014-2-24,0.122219
DIS,26403,QMLE-Trade,2014-2-25,0.177573
DIS,26403,QMLE-Trade,2014-2-26,0.159297
DIS,26403,QMLE-Trade,2014-2-27,0.158674
DIS,26403,QMLE-Trade,2014-2-28,0.133777
DIS,26403,QMLE-Trade,2014-3-3,0.188301
DIS,26403,QMLE-Trade,2014-3-4,0.132981
DIS,26403,QMLE-Trade,2014-3-5,0.13419
DIS,26403,QMLE-Trade,2014-3-6,0.108806
DIS,26403,QMLE-Trade,2014-3-7,0.143691
DIS,26403,QMLE-Trade,2014-3-10,0.133077
DIS,26403,QMLE-Trade,2014-3-11,0.12549
DIS,26403,QMLE-Trade,2014-3-12,0.14598
DIS,26403,QMLE-Trade,2014-3-13,0.1881
DIS,26403,QMLE-Trade,2014-3-14,0.172954
DIS,26403,QMLE-Trade,2014-3-17,0.149454
DIS,26403,QMLE-Trade,2014-3-18,0.129263
DIS,26403,QMLE-Trade,2014-3-19,0.185307
DIS,26403,QMLE-Trade,2014-3-20,0.152268
DIS,26403,QMLE-Trade,2014-3-21,0.180052
DIS,26403,QMLE-Trade,2014-3-24,0.1673
DIS,26403,QMLE-Trade,2014-3-25,0.157085
DIS,26403,QMLE-Trade,2014-3-26,0.153497
DIS,26403,QMLE-Trade,2014-3-27,0.191333
DIS,26403,QMLE-Trade,2014-3-28,0.1573
DIS,26403,QMLE-Trade,2014-3-31,0.14555
DIS,26403,QMLE-Trade,2014-4-1,0.127203
DIS,26403,QMLE-Trade,2014-4-2,0.127447
DIS,26403,QMLE-Trade,2014-4-3,0.133124
DIS,26403,QMLE-Trade,2014-4-4,0.168462
DIS,26403,QMLE-Trade,2014-4-7,0.17902
DIS,26403,QMLE-Trade,2014-4-8,0.20223
DIS,26403,QMLE-Trade,2014-4-9,0.159472
DIS,26403,QMLE-Trade,2014-4-10,0.212734
DIS,26403,QMLE-Trade,2014-4-11,0.203974
DIS,26403,QMLE-Trade,2014-4-14,0.175766
DIS,26403,QMLE-Trade,2014-4-15,0.248388
DIS,26403,QMLE-Trade,2014-4-16,0.170247
DIS,26403,QMLE-Trade,2014-4-17,0.153347
DIS,26403,QMLE-Trade,2014-4-21,0.136103
DIS,26403,QMLE-Trade,2014-4-22,0.129059
DIS,26403,QMLE-Trade,2014-4-23,0.139898
DIS,26403,QMLE-Trade,2014-4-24,0.151281
DIS,26403,QMLE-Trade,2014-4-25,0.153019
DIS,26403,QMLE-Trade,2014-4-28,0.189937
DIS,26403,QMLE-Trade,2014-4-29,0.133346
DIS,26403,QMLE-Trade,2014-4-30,0.162547
DIS,26403,QMLE-Trade,2014-5-1,0.154754
DIS,26403,QMLE-Trade,2014-5-2,0.150816
DIS,26403,QMLE-Trade,2014-5-5,0.123185
DIS,26403,QMLE-Trade,2014-5-6,0.140665
DIS,26403,QMLE-Trade,2014-5-7,0.218417
DIS,26403,QMLE-Trade,2014-5-8,0.183142
DIS,26403,QMLE-Trade,2014-5-9,0.167163
DIS,26403,QMLE-Trade,2014-5-12,0.105547
DIS,26403,QMLE-Trade,2014-5-13,0.126144
DIS,26403,QMLE-Trade,2014-5-14,0.126841
DIS,26403,QMLE-Trade,2014-5-15,0.17755
DIS,26403,QMLE-Trade,2014-5-16,0.147167
DIS,26403,QMLE-Trade,2014-5-19,0.150502
DIS,26403,QMLE-Trade,2014-5-20,0.150362
DIS,26403,QMLE-Trade,2014-5-21,0.125792
DIS,26403,QMLE-Trade,2014-5-22,0.120701
DIS,26403,QMLE-Trade,2014-5-23,0.104223
DIS,26403,QMLE-Trade,2014-5-27,0.115913
DIS,26403,QMLE-Trade,2014-5-28,0.109039
DIS,26403,QMLE-Trade,2014-5-29,0.115694
DIS,26403,QMLE-Trade,2014-5-30,0.114669
DIS,26403,QMLE-Trade,2014-6-2,0.0944695
DIS,26403,QMLE-Trade,2014-6-3,0.0963602
DIS,26403,QMLE-Trade,2014-6-4,0.114521
DIS,26403,QMLE-Trade,2014-6-5,0.113258
DIS,26403,QMLE-Trade,2014-6-6,0.100382
DIS,26403,QMLE-Trade,2014-6-9,0.0991051
DIS,26403,QMLE-Trade,2014-6-10,0.104451
DIS,26403,QMLE-Trade,2014-6-11,0.105065
DIS,26403,QMLE-Trade,2014-6-12,0.127698
DIS,26403,QMLE-Trade,2014-6-13,0.132231
DIS,26403,QMLE-Trade,2014-6-16,0.106856
DIS,26403,QMLE-Trade,2014-6-17,0.118284
DIS,26403,QMLE-Trade,2014-6-18,0.125818
DIS,26403,QMLE-Trade,2014-6-19,0.108159
DIS,26403,QMLE-Trade,2014-6-20,0.116846
DIS,26403,QMLE-Trade,2014-6-23,0.11595
DIS,26403,QMLE-Trade,2014-6-24,0.109682
DIS,26403,QMLE-Trade,2014-6-25,0.176659
DIS,26403,QMLE-Trade,2014-6-26,0.144528
DIS,26403,QMLE-Trade,2014-6-27,0.115286
DIS,26403,QMLE-Trade,2014-6-30,0.111143
DIS,26403,QMLE-Trade,2014-7-1,0.106659
DIS,26403,QMLE-Trade,2014-7-2,0.109932
DIS,26403,QMLE-Trade,2014-7-3,0.104944
DIS,26403,QMLE-Trade,2014-7-7,0.103987
DIS,26403,QMLE-Trade,2014-7-8,0.119034
DIS,26403,QMLE-Trade,2014-7-9,0.124639
DIS,26403,QMLE-Trade,2014-7-10,0.133042
DIS,26403,QMLE-Trade,2014-7-11,0.118118
DIS,26403,QMLE-Trade,2014-7-14,0.10462
DIS,26403,QMLE-Trade,2014-7-15,0.126581
DIS,26403,QMLE-Trade,2014-7-16,0.157529
DIS,26403,QMLE-Trade,2014-7-17,0.159623
DIS,26403,QMLE-Trade,2014-7-18,0.0998973
DIS,26403,QMLE-Trade,2014-7-21,0.0962203
DIS,26403,QMLE-Trade,2014-7-22,0.115622
DIS,26403,QMLE-Trade,2014-7-23,0.112129
DIS,26403,QMLE-Trade,2014-7-24,0.110254
DIS,26403,QMLE-Trade,2014-7-25,0.108876
DIS,26403,QMLE-Trade,2014-7-28,0.115945
DIS,26403,QMLE-Trade,2014-7-29,0.11968
DIS,26403,QMLE-Trade,2014-7-30,0.160505
DIS,26403,QMLE-Trade,2014-7-31,0.148887
DIS,26403,QMLE-Trade,2014-8-1,0.159491
DIS,26403,QMLE-Trade,2014-8-4,0.127935
DIS,26403,QMLE-Trade,2014-8-5,0.186933
DIS,26403,QMLE-Trade,2014-8-6,0.227601
DIS,26403,QMLE-Trade,2014-8-7,0.13604
DIS,26403,QMLE-Trade,2014-8-8,0.136568
DIS,26403,QMLE-Trade,2014-8-11,0.105817
DIS,26403,QMLE-Trade,2014-8-12,0.111865
DIS,26403,QMLE-Trade,2014-8-13,0.094534
DIS,26403,QMLE-Trade,2014-8-14,0.0980243
DIS,26403,QMLE-Trade,2014-8-15,0.124876
DIS,26403,QMLE-Trade,2014-8-18,0.0853502
DIS,26403,QMLE-Trade,2014-8-19,0.077534
DIS,26403,QMLE-Trade,2014-8-20,0.0880082
DIS,26403,QMLE-Trade,2014-8-21,0.0743039
DIS,26403,QMLE-Trade,2014-8-22,0.0974163
DIS,26403,QMLE-Trade,2014-8-25,0.0854283
DIS,26403,QMLE-Trade,2014-8-26,0.0772042
DIS,26403,QMLE-Trade,2014-8-27,0.0828587
DIS,26403,QMLE-Trade,2014-8-28,0.099149
DIS,26403,QMLE-Trade,2014-8-29,0.0914753
DIS,26403,QMLE-Trade,2014-9-2,0.115684
DIS,26403,QMLE-Trade,2014-9-3,0.0730077
DIS,26403,QMLE-Trade,2014-9-4,0.120663
DIS,26403,QMLE-Trade,2014-9-5,0.11172
DIS,26403,QMLE-Trade,2014-9-8,0.104158
DIS,26403,QMLE-Trade,2014-9-9,0.105063
DIS,26403,QMLE-Trade,2014-9-10,0.13031
DIS,26403,QMLE-Trade,2014-9-11,0.111412
DIS,26403,QMLE-Trade,2014-9-12,0.102466
DIS,26403,QMLE-Trade,2014-9-15,0.112019
DIS,26403,QMLE-Trade,2014-9-16,0.0938151
DIS,26403,QMLE-Trade,2014-9-17,0.149347
DIS,26403,QMLE-Trade,2014-9-18,0.0904295
DIS,26403,QMLE-Trade,2014-9-19,0.102781
DIS,26403,QMLE-Trade,2014-9-22,0.0972412
DIS,26403,QMLE-Trade,2014-9-23,0.103817
DIS,26403,QMLE-Trade,2014-9-24,0.103024
DIS,26403,QMLE-Trade,2014-9-25,0.144679
DIS,26403,QMLE-Trade,2014-9-26,0.122556
DIS,26403,QMLE-Trade,2014-9-29,0.158994
DIS,26403,QMLE-Trade,2014-9-30,0.147435
DIS,26403,QMLE-Trade,2014-10-1,0.160721
DIS,26403,QMLE-Trade,2014-10-2,0.212763
DIS,26403,QMLE-Trade,2014-10-3,0.134434
DIS,26403,QMLE-Trade,2014-10-6,0.172909
DIS,26403,QMLE-Trade,2014-10-7,0.177003
DIS,26403,QMLE-Trade,2014-10-8,0.194199
DIS,26403,QMLE-Trade,2014-10-9,0.246035
DIS,26403,QMLE-Trade,2014-10-10,0.240849
DIS,26403,QMLE-Trade,2014-10-13,0.238084
DIS,26403,QMLE-Trade,2014-10-14,0.265198
DIS,26403,QMLE-Trade,2014-10-15,0.762924
DIS,26403,QMLE-Trade,2014-10-16,0.368024
DIS,26403,QMLE-Trade,2014-10-17,0.234084
DIS,26403,QMLE-Trade,2014-10-20,0.203587
DIS,26403,QMLE-Trade,2014-10-21,0.137575
DIS,26403,QMLE-Trade,2014-10-22,0.173598
DIS,26403,QMLE-Trade,2014-10-23,0.165226
DIS,26403,QMLE-Trade,2014-10-24,0.143573
DIS,26403,QMLE-Trade,2014-10-27,0.147127
DIS,26403,QMLE-Trade,2014-10-28,0.109445
DIS,26403,QMLE-Trade,2014-10-29,0.165417
DIS,26403,QMLE-Trade,2014-10-30,0.158305
DIS,26403,QMLE-Trade,2014-10-31,0.139247
DIS,26403,QMLE-Trade,2014-11-3,0.132453
DIS,26403,QMLE-Trade,2014-11-4,0.147257
DIS,26403,QMLE-Trade,2014-11-5,0.156681
DIS,26403,QMLE-Trade,2014-11-6,0.137695
DIS,26403,QMLE-Trade,2014-11-7,0.178626
DIS,26403,QMLE-Trade,2014-11-10,0.138789
DIS,26403,QMLE-Trade,2014-11-11,0.124766
DIS,26403,QMLE-Trade,2014-11-12,0.105689
DIS,26403,QMLE-Trade,2014-11-13,0.120939
DIS,26403,QMLE-Trade,2014-11-14,0.0873124
DIS,26403,QMLE-Trade,2014-11-17,0.115665
DIS,26403,QMLE-Trade,2014-11-18,0.110052
DIS,26403,QMLE-Trade,2014-11-19,0.123917
DIS,26403,QMLE-Trade,2014-11-20,0.117349
DIS,26403,QMLE-Trade,2014-11-21,0.118617
DIS,26403,QMLE-Trade,2014-11-24,0.0754174
DIS,26403,QMLE-Trade,2014-11-25,0.100973
DIS,26403,QMLE-Trade,2014-11-26,0.100284
DIS,26403,QMLE-Trade,2014-11-28,0.163122
DIS,26403,QMLE-Trade,2014-12-1,0.122258
DIS,26403,QMLE-Trade,2014-12-2,0.130584
DIS,26403,QMLE-Trade,2014-12-3,0.124539
DIS,26403,QMLE-Trade,2014-12-4,0.109938
DIS,26403,QMLE-Trade,2014-12-5,0.0925847
DIS,26403,QMLE-Trade,2014-12-8,0.13153
DIS,26403,QMLE-Trade,2014-12-9,0.16107
DIS,26403,QMLE-Trade,2014-12-10,0.140243
DIS,26403,QMLE-Trade,2014-12-11,0.170192
DIS,26403,QMLE-Trade,2014-12-12,0.209111
DIS,26403,QMLE-Trade,2014-12-15,0.228866
DIS,26403,QMLE-Trade,2014-12-16,0.23734
DIS,26403,QMLE-Trade,2014-12-17,0.230081
DIS,26403,QMLE-Trade,2014-12-18,0.148006
DIS,26403,QMLE-Trade,2014-12-19,0.166086
DIS,26403,QMLE-Trade,2014-12-22,0.124973
DIS,26403,QMLE-Trade,2014-12-23,0.0916643
DIS,26403,QMLE-Trade,2014-12-24,0.0925857
DIS,26403,QMLE-Trade,2014-12-26,0.0740947
DIS,26403,QMLE-Trade,2014-12-29,0.124427
DIS,26403,QMLE-Trade,2014-12-30,0.108834
DIS,26403,QMLE-Trade,2014-12-31,0.198628
DIS,26403,QMLE-Trade,2015-1-2,0.165599
DIS,26403,QMLE-Trade,2015-1-5,0.193197
DIS,26403,QMLE-Trade,2015-1-6,0.209059
DIS,26403,QMLE-Trade,2015-1-7,0.183582
DIS,26403,QMLE-Trade,2015-1-8,0.161238
DIS,26403,QMLE-Trade,2015-1-9,0.190876
DIS,26403,QMLE-Trade,2015-1-12,0.155505
DIS,26403,QMLE-Trade,2015-1-13,0.177743
DIS,26403,QMLE-Trade,2015-1-14,0.214259
DIS,26403,QMLE-Trade,2015-1-15,0.205927
DIS,26403,QMLE-Trade,2015-1-16,0.178953
DIS,26403,QMLE-Trade,2015-1-20,0.184307
DIS,26403,QMLE-Trade,2015-1-21,0.218999
DIS,26403,QMLE-Trade,2015-1-22,0.172844
DIS,26403,QMLE-Trade,2015-1-23,0.131611
DIS,26403,QMLE-Trade,2015-1-26,0.129582
DIS,26403,QMLE-Trade,2015-1-27,0.152827
DIS,26403,QMLE-Trade,2015-1-28,0.20363
DIS,26403,QMLE-Trade,2015-1-29,0.190851
DIS,26403,QMLE-Trade,2015-1-30,0.191327
DIS,26403,QMLE-Trade,2015-2-2,0.22473
DIS,26403,QMLE-Trade,2015-2-3,0.19333
DIS,26403,QMLE-Trade,2015-2-4,0.325745
DIS,26403,QMLE-Trade,2015-2-5,0.212857
DIS,26403,QMLE-Trade,2015-2-6,0.160345
DIS,26403,QMLE-Trade,2015-2-9,0.156979
DIS,26403,QMLE-Trade,2015-2-10,0.162797
DIS,26403,QMLE-Trade,2015-2-11,0.164597
DIS,26403,QMLE-Trade,2015-2-12,0.139072
DIS,26403,QMLE-Trade,2015-2-13,0.140424
DIS,26403,QMLE-Trade,2015-2-17,0.124499
DIS,26403,QMLE-Trade,2015-2-18,0.145314
DIS,26403,QMLE-Trade,2015-2-19,0.119862
DIS,26403,QMLE-Trade,2015-2-20,0.143325
DIS,26403,QMLE-Trade,2015-2-23,0.117581
DIS,26403,QMLE-Trade,2015-2-24,0.11153
DIS,26403,QMLE-Trade,2015-2-25,0.1743
DIS,26403,QMLE-Trade,2015-2-26,0.132551
DIS,26403,QMLE-Trade,2015-2-27,0.101585
DIS,26403,QMLE-Trade,2015-3-2,0.113593
DIS,26403,QMLE-Trade,2015-3-3,0.149084
DIS,26403,QMLE-Trade,2015-3-4,0.141332
DIS,26403,QMLE-Trade,2015-3-5,0.143088
DIS,26403,QMLE-Trade,2015-3-6,0.148257
DIS,26403,QMLE-Trade,2015-3-9,0.1347
DIS,26403,QMLE-Trade,2015-3-10,0.162403
DIS,26403,QMLE-Trade,2015-3-11,0.122211
DIS,26403,QMLE-Trade,2015-3-12,0.177426
DIS,26403,QMLE-Trade,2015-3-13,0.197937
DIS,26403,QMLE-Trade,2015-3-16,0.13689
DIS,26403,QMLE-Trade,2015-3-17,0.13891
DIS,26403,QMLE-Trade,2015-3-18,0.171691
DIS,26403,QMLE-Trade,2015-3-19,0.138089
DIS,26403,QMLE-Trade,2015-3-20,0.124428
DIS,26403,QMLE-Trade,2015-3-23,0.129152
DIS,26403,QMLE-Trade,2015-3-24,0.163763
DIS,26403,QMLE-Trade,2015-3-25,0.145504
DIS,26403,QMLE-Trade,2015-3-26,0.171978
DIS,26403,QMLE-Trade,2015-3-27,0.177019
DIS,26403,QMLE-Trade,2015-3-30,0.12616
DIS,26403,QMLE-Trade,2015-3-31,0.143989
DIS,26403,QMLE-Trade,2015-4-1,0.183463
DIS,26403,QMLE-Trade,2015-4-2,0.167491
DIS,26403,QMLE-Trade,2015-4-6,0.132231
DIS,26403,QMLE-Trade,2015-4-7,0.116585
DIS,26403,QMLE-Trade,2015-4-8,0.164183
DIS,26403,QMLE-Trade,2015-4-9,0.149848
DIS,26403,QMLE-Trade,2015-4-10,0.0981222
DIS,26403,QMLE-Trade,2015-4-13,0.0989989
DIS,26403,QMLE-Trade,2015-4-14,0.156081
DIS,26403,QMLE-Trade,2015-4-15,0.101684
DIS,26403,QMLE-Trade,2015-4-16,0.132831
DIS,26403,QMLE-Trade,2015-4-17,0.17233
DIS,26403,QMLE-Trade,2015-4-20,0.131504
DIS,26403,QMLE-Trade,2015-4-21,0.131424
DIS,26403,QMLE-Trade,2015-4-22,0.139698
DIS,26403,QMLE-Trade,2015-4-23,0.142203
DIS,26403,QMLE-Trade,2015-4-24,0.139411
DIS,26403,QMLE-Trade,2015-4-27,0.137614
DIS,26403,QMLE-Trade,2015-4-28,0.131532
DIS,26403,QMLE-Trade,2015-4-29,0.168511
DIS,26403,QMLE-Trade,2015-4-30,0.154685
DIS,26403,QMLE-Trade,2015-5-1,0.162328
DIS,26403,QMLE-Trade,2015-5-4,0.125424
DIS,26403,QMLE-Trade,2015-5-5,0.254466
DIS,26403,QMLE-Trade,2015-5-6,0.200967
DIS,26403,QMLE-Trade,2015-5-7,0.141768
DIS,26403,QMLE-Trade,2015-5-8,0.117375
DIS,26403,QMLE-Trade,2015-5-11,0.110819
DIS,26403,QMLE-Trade,2015-5-12,0.13985
DIS,26403,QMLE-Trade,2015-5-13,0.120312
DIS,26403,QMLE-Trade,2015-5-14,0.0833028
DIS,26403,QMLE-Trade,2015-5-15,0.106128
DIS,26403,QMLE-Trade,2015-5-18,0.0990374
DIS,26403,QMLE-Trade,2015-5-19,0.0907423
DIS,26403,QMLE-Trade,2015-5-20,0.1048
DIS,26403,QMLE-Trade,2015-5-21,0.0801636
DIS,26403,QMLE-Trade,2015-5-22,0.098849
DIS,26403,QMLE-Trade,2015-5-26,0.125886
DIS,26403,QMLE-Trade,2015-5-27,0.1083
DIS,26403,QMLE-Trade,2015-5-28,0.113848
DIS,26403,QMLE-Trade,2015-5-29,0.111145
DIS,26403,QMLE-Trade,2015-6-1,0.145421
DIS,26403,QMLE-Trade,2015-6-2,0.130801
DIS,26403,QMLE-Trade,2015-6-3,0.11562
DIS,26403,QMLE-Trade,2015-6-4,0.137995
DIS,26403,QMLE-Trade,2015-6-5,0.122477
DIS,26403,QMLE-Trade,2015-6-8,0.104218
DIS,26403,QMLE-Trade,2015-6-9,0.130987
DIS,26403,QMLE-Trade,2015-6-10,0.100907
DIS,26403,QMLE-Trade,2015-6-11,0.103514
DIS,26403,QMLE-Trade,2015-6-12,0.117668
DIS,26403,QMLE-Trade,2015-6-15,0.124957
DIS,26403,QMLE-Trade,2015-6-16,0.0970596
DIS,26403,QMLE-Trade,2015-6-17,0.119106
DIS,26403,QMLE-Trade,2015-6-18,0.105805
DIS,26403,QMLE-Trade,2015-6-19,0.124597
DIS,26403,QMLE-Trade,2015-6-22,0.117873
DIS,26403,QMLE-Trade,2015-6-23,0.0938894
DIS,26403,QMLE-Trade,2015-6-24,0.102479
DIS,26403,QMLE-Trade,2015-6-25,0.117554
DIS,26403,QMLE-Trade,2015-6-26,0.105144
DIS,26403,QMLE-Trade,2015-6-29,0.137026
DIS,26403,QMLE-Trade,2015-6-30,0.149731
DIS,26403,QMLE-Trade,2015-7-1,0.135062
DIS,26403,QMLE-Trade,2015-7-2,0.0879558
DIS,26403,QMLE-Trade,2015-7-6,0.127156
DIS,26403,QMLE-Trade,2015-7-7,0.178171
DIS,26403,QMLE-Trade,2015-7-8,0.180619
DIS,26403,QMLE-Trade,2015-7-9,0.14092
DIS,26403,QMLE-Trade,2015-7-10,0.126279
DIS,26403,QMLE-Trade,2015-7-13,0.114354
DIS,26403,QMLE-Trade,2015-7-14,0.0749694
DIS,26403,QMLE-Trade,2015-7-15,0.0996203
DIS,26403,QMLE-Trade,2015-7-16,0.0868255
DIS,26403,QMLE-Trade,2015-7-17,0.0883892
DIS,26403,QMLE-Trade,2015-7-20,0.0970215
DIS,26403,QMLE-Trade,2015-7-21,0.0861825
DIS,26403,QMLE-Trade,2015-7-22,0.101383
DIS,26403,QMLE-Trade,2015-7-23,0.0981013
DIS,26403,QMLE-Trade,2015-7-24,0.122265
DIS,26403,QMLE-Trade,2015-7-27,0.1347
DIS,26403,QMLE-Trade,2015-7-28,0.140261
DIS,26403,QMLE-Trade,2015-7-29,0.12764
DIS,26403,QMLE-Trade,2015-7-30,0.115344
DIS,26403,QMLE-Trade,2015-7-31,0.111499
DIS,26403,QMLE-Trade,2015-8-3,0.135158
DIS,26403,QMLE-Trade,2015-8-4,0.147267
DIS,26403,QMLE-Trade,2015-8-5,0.36208
DIS,26403,QMLE-Trade,2015-8-6,0.443711
DIS,26403,QMLE-Trade,2015-8-7,0.21115
DIS,26403,QMLE-Trade,2015-8-10,0.133895
DIS,26403,QMLE-Trade,2015-8-11,0.163923
DIS,26403,QMLE-Trade,2015-8-12,0.196318
DIS,26403,QMLE-Trade,2015-8-13,0.153764
DIS,26403,QMLE-Trade,2015-8-14,0.141031
DIS,26403,QMLE-Trade,2015-8-17,0.13989
DIS,26403,QMLE-Trade,2015-8-18,0.143917
DIS,26403,QMLE-Trade,2015-8-19,0.178219
DIS,26403,QMLE-Trade,2015-8-20,0.305984
DIS,26403,QMLE-Trade,2015-8-21,0.391908
DIS,26403,QMLE-Trade,2015-8-24,0.730991
DIS,26403,QMLE-Trade,2015-8-25,0.402261
DIS,26403,QMLE-Trade,2015-8-26,0.387853
DIS,26403,QMLE-Trade,2015-8-27,0.296094
DIS,26403,QMLE-Trade,2015-8-28,0.226205
DIS,26403,QMLE-Trade,2015-8-31,0.179781
DIS,26403,QMLE-Trade,2015-9-1,0.281743
DIS,26403,QMLE-Trade,2015-9-2,0.209062
DIS,26403,QMLE-Trade,2015-9-3,0.223774
DIS,26403,QMLE-Trade,2015-9-4,0.207377
DIS,26403,QMLE-Trade,2015-9-8,0.177657
DIS,26403,QMLE-Trade,2015-9-9,0.188598
DIS,26403,QMLE-Trade,2015-9-10,0.231447
DIS,26403,QMLE-Trade,2015-9-11,0.167066
DIS,26403,QMLE-Trade,2015-9-14,0.188953
DIS,26403,QMLE-Trade,2015-9-15,0.20113
DIS,26403,QMLE-Trade,2015-9-16,0.148172
DIS,26403,QMLE-Trade,2015-9-17,0.24174
DIS,26403,QMLE-Trade,2015-9-18,0.207481
DIS,26403,QMLE-Trade,2015-9-21,0.170282
DIS,26403,QMLE-Trade,2015-9-22,0.172098
DIS,26403,QMLE-Trade,2015-9-23,0.15102
DIS,26403,QMLE-Trade,2015-9-24,0.204277
DIS,26403,QMLE-Trade,2015-9-25,0.179963
DIS,26403,QMLE-Trade,2015-9-28,0.17599
DIS,26403,QMLE-Trade,2015-9-29,0.204177
DIS,26403,QMLE-Trade,2015-9-30,0.173168
DIS,26403,QMLE-Trade,2015-10-1,0.21778
DIS,26403,QMLE-Trade,2015-10-2,0.196858
DIS,26403,QMLE-Trade,2015-10-5,0.147058
DIS,26403,QMLE-Trade,2015-10-6,0.164844
DIS,26403,QMLE-Trade,2015-10-7,0.159906
DIS,26403,QMLE-Trade,2015-10-8,0.174051
DIS,26403,QMLE-Trade,2015-10-9,0.148138
DIS,26403,QMLE-Trade,2015-10-12,0.118308
DIS,26403,QMLE-Trade,2015-10-13,0.126021
DIS,26403,QMLE-Trade,2015-10-14,0.154979
DIS,26403,QMLE-Trade,2015-10-15,0.143286
DIS,26403,QMLE-Trade,2015-10-16,0.12222
DIS,26403,QMLE-Trade,2015-10-19,0.130738
DIS,26403,QMLE-Trade,2015-10-20,0.152111
DIS,26403,QMLE-Trade,2015-10-21,0.150843
DIS,26403,QMLE-Trade,2015-10-22,0.155375
DIS,26403,QMLE-Trade,2015-10-23,0.157189
DIS,26403,QMLE-Trade,2015-10-26,0.123372
DIS,26403,QMLE-Trade,2015-10-27,0.154966
DIS,26403,QMLE-Trade,2015-10-28,0.152848
DIS,26403,QMLE-Trade,2015-10-29,0.143095
DIS,26403,QMLE-Trade,2015-10-30,0.140415
DIS,26403,QMLE-Trade,2015-11-2,0.124181
DIS,26403,QMLE-Trade,2015-11-3,0.128966
DIS,26403,QMLE-Trade,2015-11-4,0.407435
DIS,26403,QMLE-Trade,2015-11-5,0.217563
DIS,26403,QMLE-Trade,2015-11-6,0.262488
DIS,26403,QMLE-Trade,2015-11-9,0.197787
DIS,26403,QMLE-Trade,2015-11-10,0.166056
DIS,26403,QMLE-Trade,2015-11-11,0.151923
DIS,26403,QMLE-Trade,2015-11-12,0.188036
DIS,26403,QMLE-Trade,2015-11-13,0.170654
DIS,26403,QMLE-Trade,2015-11-16,0.198217
DIS,26403,QMLE-Trade,2015-11-17,0.181331
DIS,26403,QMLE-Trade,2015-11-18,0.152552
DIS,26403,QMLE-Trade,2015-11-19,0.12678
DIS,26403,QMLE-Trade,2015-11-20,0.118205
DIS,26403,QMLE-Trade,2015-11-23,0.139202
DIS,26403,QMLE-Trade,2015-11-24,0.176832
DIS,26403,QMLE-Trade,2015-11-25,0.104224
DIS,26403,QMLE-Trade,2015-11-27,0.303139
DIS,26403,QMLE-Trade,2015-11-30,0.176431
DIS,26403,QMLE-Trade,2015-12-1,0.146178
DIS,26403,QMLE-Trade,2015-12-2,0.143839
DIS,26403,QMLE-Trade,2015-12-3,0.201352
DIS,26403,QMLE-Trade,2015-12-4,0.159613
DIS,26403,QMLE-Trade,2015-12-7,0.151898
DIS,26403,QMLE-Trade,2015-12-8,0.1669
DIS,26403,QMLE-Trade,2015-12-9,0.201302
DIS,26403,QMLE-Trade,2015-12-10,0.210028
DIS,26403,QMLE-Trade,2015-12-11,0.222319
DIS,26403,QMLE-Trade,2015-12-14,0.301177
DIS,26403,QMLE-Trade,2015-12-15,0.182409
DIS,26403,QMLE-Trade,2015-12-16,0.247033
DIS,26403,QMLE-Trade,2015-12-17,0.214063
DIS,26403,QMLE-Trade,2015-12-18,0.319035
DIS,26403,QMLE-Trade,2015-12-21,0.368604
DIS,26403,QMLE-Trade,2015-12-22,0.200992
DIS,26403,QMLE-Trade,2015-12-23,0.20159
DIS,26403,QMLE-Trade,2015-12-24,0.163396
DIS,26403,QMLE-Trade,2015-12-28,0.176399
DIS,26403,QMLE-Trade,2015-12-29,0.134284
DIS,26403,QMLE-Trade,2015-12-30,0.126015
DIS,26403,QMLE-Trade,2015-12-31,0.12354
DIS,26403,QMLE-Trade,2016-1-4,0.222364
DIS,26403,QMLE-Trade,2016-1-5,0.215957
DIS,26403,QMLE-Trade,2016-1-6,0.235708
DIS,26403,QMLE-Trade,2016-1-7,0.291318
DIS,26403,QMLE-Trade,2016-1-8,0.232076
DIS,26403,QMLE-Trade,2016-1-11,0.229015
DIS,26403,QMLE-Trade,2016-1-12,0.230162
DIS,26403,QMLE-Trade,2016-1-13,0.249044
DIS,26403,QMLE-Trade,2016-1-14,0.279286
DIS,26403,QMLE-Trade,2016-1-15,0.363057
DIS,26403,QMLE-Trade,2016-1-19,0.266562
DIS,26403,QMLE-Trade,2016-1-20,0.347278
DIS,26403,QMLE-Trade,2016-1-21,0.325411
DIS,26403,QMLE-Trade,2016-1-22,0.215313
DIS,26403,QMLE-Trade,2016-1-25,0.183223
DIS,26403,QMLE-Trade,2016-1-26,0.211204
DIS,26403,QMLE-Trade,2016-1-27,0.229307
DIS,26403,QMLE-Trade,2016-1-28,0.229619
DIS,26403,QMLE-Trade,2016-1-29,0.187316
DIS,26403,QMLE-Trade,2016-2-1,0.171063
DIS,26403,QMLE-Trade,2016-2-2,0.195033
DIS,26403,QMLE-Trade,2016-2-3,0.270936
DIS,26403,QMLE-Trade,2016-2-4,0.320076
DIS,26403,QMLE-Trade,2016-2-5,0.237462
DIS,26403,QMLE-Trade,2016-2-8,0.307226
DIS,26403,QMLE-Trade,2016-2-9,0.394055
DIS,26403,QMLE-Trade,2016-2-10,0.519859
DIS,26403,QMLE-Trade,2016-2-11,0.393671
DIS,26403,QMLE-Trade,2016-2-12,0.307071
DIS,26403,QMLE-Trade,2016-2-16,0.200962
DIS,26403,QMLE-Trade,2016-2-17,0.208528
DIS,26403,QMLE-Trade,2016-2-18,0.220448
DIS,26403,QMLE-Trade,2016-2-19,0.196897
DIS,26403,QMLE-Trade,2016-2-22,0.162719
DIS,26403,QMLE-Trade,2016-2-23,0.191603
DIS,26403,QMLE-Trade,2016-2-24,0.197583
DIS,26403,QMLE-Trade,2016-2-25,0.148995
DIS,26403,QMLE-Trade,2016-2-26,0.151941
DIS,26403,QMLE-Trade,2016-2-29,0.165577
DIS,26403,QMLE-Trade,2016-3-1,0.182606
DIS,26403,QMLE-Trade,2016-3-2,0.155882
DIS,26403,QMLE-Trade,2016-3-3,0.200135
DIS,26403,QMLE-Trade,2016-3-4,0.15874
DIS,26403,QMLE-Trade,2016-3-7,0.164087
DIS,26403,QMLE-Trade,2016-3-8,0.179781
DIS,26403,QMLE-Trade,2016-3-9,0.150097
DIS,26403,QMLE-Trade,2016-3-10,0.211231
DIS,26403,QMLE-Trade,2016-3-11,0.126771
DIS,26403,QMLE-Trade,2016-3-14,0.147569
DIS,26403,QMLE-Trade,2016-3-15,0.145641
DIS,26403,QMLE-Trade,2016-3-16,0.16341
DIS,26403,QMLE-Trade,2016-3-17,0.13737
DIS,26403,QMLE-Trade,2016-3-18,0.138724
DIS,26403,QMLE-Trade,2016-3-21,0.13672
DIS,26403,QMLE-Trade,2016-3-22,0.122696
DIS,26403,QMLE-Trade,2016-3-23,0.13347
DIS,26403,QMLE-Trade,2016-3-24,0.130785
DIS,26403,QMLE-Trade,2016-3-28,0.11956
DIS,26403,QMLE-Trade,2016-3-29,0.114737
DIS,26403,QMLE-Trade,2016-3-30,0.116717
DIS,26403,QMLE-Trade,2016-3-31,0.143136
DIS,26403,QMLE-Trade,2016-4-1,0.117696
DIS,26403,QMLE-Trade,2016-4-4,0.109691
DIS,26403,QMLE-Trade,2016-4-5,0.177384
DIS,26403,QMLE-Trade,2016-4-6,0.122921
DIS,26403,QMLE-Trade,2016-4-7,0.115002
DIS,26403,QMLE-Trade,2016-4-8,0.13251
DIS,26403,QMLE-Trade,2016-4-11,0.134894
DIS,26403,QMLE-Trade,2016-4-12,0.136145
DIS,26403,QMLE-Trade,2016-4-13,0.136073
DIS,26403,QMLE-Trade,2016-4-14,0.129013
DIS,26403,QMLE-Trade,2016-4-15,0.118986
DIS,26403,QMLE-Trade,2016-4-18,0.153598
DIS,26403,QMLE-Trade,2016-4-19,0.192177
DIS,26403,QMLE-Trade,2016-4-20,0.138334
DIS,26403,QMLE-Trade,2016-4-21,0.153624
DIS,26403,QMLE-Trade,2016-4-22,0.135628
DIS,26403,QMLE-Trade,2016-4-25,0.136678
DIS,26403,QMLE-Trade,2016-4-26,0.134674
DIS,26403,QMLE-Trade,2016-4-27,0.141975
DIS,26403,QMLE-Trade,2016-4-28,0.138769
DIS,26403,QMLE-Trade,2016-4-29,0.159537
DIS,26403,QMLE-Trade,2016-5-2,0.134991
DIS,26403,QMLE-Trade,2016-5-3,0.138415
DIS,26403,QMLE-Trade,2016-5-4,0.133184
DIS,26403,QMLE-Trade,2016-5-5,0.147253
DIS,26403,QMLE-Trade,2016-5-6,0.131055
DIS,26403,QMLE-Trade,2016-5-9,0.134317
DIS,26403,QMLE-Trade,2016-5-10,0.118775
DIS,26403,QMLE-Trade,2016-5-11,0.260505
DIS,26403,QMLE-Trade,2016-5-12,0.152332
DIS,26403,QMLE-Trade,2016-5-13,0.155123
DIS,26403,QMLE-Trade,2016-5-16,0.140387
DIS,26403,QMLE-Trade,2016-5-17,0.165314
DIS,26403,QMLE-Trade,2016-5-18,0.164544
DIS,26403,QMLE-Trade,2016-5-19,0.153011
DIS,26403,QMLE-Trade,2016-5-20,0.110394
DIS,26403,QMLE-Trade,2016-5-23,0.127287
DIS,26403,QMLE-Trade,2016-5-24,0.103219
DIS,26403,QMLE-Trade,2016-5-25,0.106584
DIS,26403,QMLE-Trade,2016-5-26,0.102853
DIS,26403,QMLE-Trade,2016-5-27,0.0986028
DIS,26403,QMLE-Trade,2016-5-31,0.124114
DIS,26403,QMLE-Trade,2016-6-1,0.14771
DIS,26403,QMLE-Trade,2016-6-2,0.131144
DIS,26403,QMLE-Trade,2016-6-3,0.123907
DIS,26403,QMLE-Trade,2016-6-6,0.0924899
DIS,26403,QMLE-Trade,2016-6-7,0.0753739
DIS,26403,QMLE-Trade,2016-6-8,0.0959255
DIS,26403,QMLE-Trade,2016-6-9,0.136869
DIS,26403,QMLE-Trade,2016-6-10,0.111167
DIS,26403,QMLE-Trade,2016-6-13,0.167225
DIS,26403,QMLE-Trade,2016-6-14,0.14161
DIS,26403,QMLE-Trade,2016-6-15,0.140858
DIS,26403,QMLE-Trade,2016-6-16,0.146231
DIS,26403,QMLE-Trade,2016-6-17,0.121507
DIS,26403,QMLE-Trade,2016-6-20,0.114062
DIS,26403,QMLE-Trade,2016-6-21,0.118118
DIS,26403,QMLE-Trade,2016-6-22,0.117776
DIS,26403,QMLE-Trade,2016-6-23,0.121435
DIS,26403,QMLE-Trade,2016-6-24,0.220297
DIS,26403,QMLE-Trade,2016-6-27,0.185193
DIS,26403,QMLE-Trade,2016-6-28,0.144612
DIS,26403,QMLE-Trade,2016-6-29,0.127588
DIS,26403,QMLE-Trade,2016-6-30,0.114741
DIS,26403,QMLE-Trade,2016-7-1,0.103539
DIS,26403,QMLE-Trade,2016-7-5,0.106399
DIS,26403,QMLE-Trade,2016-7-6,0.134016
DIS,26403,QMLE-Trade,2016-7-7,0.113471
DIS,26403,QMLE-Trade,2016-7-8,0.097297
DIS,26403,QMLE-Trade,2016-7-11,0.0934508
DIS,26403,QMLE-Trade,2016-7-12,0.0986196
DIS,26403,QMLE-Trade,2016-7-13,0.0996988
DIS,26403,QMLE-Trade,2016-7-14,0.101047
DIS,26403,QMLE-Trade,2016-7-15,0.105489
DIS,26403,QMLE-Trade,2016-7-18,0.0796588
DIS,26403,QMLE-Trade,2016-7-19,0.0967746
DIS,26403,QMLE-Trade,2016-7-20,0.146357
DIS,26403,QMLE-Trade,2016-7-21,0.104552
DIS,26403,QMLE-Trade,2016-7-22,0.109184
DIS,26403,QMLE-Trade,2016-7-25,0.0919073
DIS,26403,QMLE-Trade,2016-7-26,0.114805
DIS,26403,QMLE-Trade,2016-7-27,0.126755
DIS,26403,QMLE-Trade,2016-7-28,0.097132
DIS,26403,QMLE-Trade,2016-7-29,0.0909817
DIS,26403,QMLE-Trade,2016-8-1,0.13809
DIS,26403,QMLE-Trade,2016-8-2,0.127291
DIS,26403,QMLE-Trade,2016-8-3,0.111554
DIS,26403,QMLE-Trade,2016-8-4,0.112201
DIS,26403,QMLE-Trade,2016-8-5,0.107207
DIS,26403,QMLE-Trade,2016-8-8,0.0843596
DIS,26403,QMLE-Trade,2016-8-9,0.144265
DIS,26403,QMLE-Trade,2016-8-10,0.294996
DIS,26403,QMLE-Trade,2016-8-11,0.150119
DIS,26403,QMLE-Trade,2016-8-12,0.107566
DIS,26403,QMLE-Trade,2016-8-15,0.0868496
DIS,26403,QMLE-Trade,2016-8-16,0.0917976
DIS,26403,QMLE-Trade,2016-8-17,0.104754
DIS,26403,QMLE-Trade,2016-8-18,0.0849862
DIS,26403,QMLE-Trade,2016-8-19,0.0946068
DIS,26403,QMLE-Trade,2016-8-22,0.111095
DIS,26403,QMLE-Trade,2016-8-23,0.0810572
DIS,26403,QMLE-Trade,2016-8-24,0.0934914
DIS,26403,QMLE-Trade,2016-8-25,0.0871013
DIS,26403,QMLE-Trade,2016-8-26,0.133952
DIS,26403,QMLE-Trade,2016-8-29,0.0875631
DIS,26403,QMLE-Trade,2016-8-30,0.0983979
DIS,26403,QMLE-Trade,2016-8-31,0.0994747
DIS,26403,QMLE-Trade,2016-9-1,0.118899
DIS,26403,QMLE-Trade,2016-9-2,0.0865382
DIS,26403,QMLE-Trade,2016-9-6,0.113422
DIS,26403,QMLE-Trade,2016-9-7,0.102136
DIS,26403,QMLE-Trade,2016-9-8,0.111775
DIS,26403,QMLE-Trade,2016-9-9,0.134509
DIS,26403,QMLE-Trade,2016-9-12,0.155851
DIS,26403,QMLE-Trade,2016-9-13,0.175962
DIS,26403,QMLE-Trade,2016-9-14,0.12549
DIS,26403,QMLE-Trade,2016-9-15,0.135291
DIS,26403,QMLE-Trade,2016-9-16,0.13844
DIS,26403,QMLE-Trade,2016-9-19,0.100472
DIS,26403,QMLE-Trade,2016-9-20,0.111266
DIS,26403,QMLE-Trade,2016-9-21,0.18218
DIS,26403,QMLE-Trade,2016-9-22,0.0964348
DIS,26403,QMLE-Trade,2016-9-23,0.1072
DIS,26403,QMLE-Trade,2016-9-26,0.139373
DIS,26403,QMLE-Trade,2016-9-27,0.10819
DIS,26403,QMLE-Trade,2016-9-28,0.107477
DIS,26403,QMLE-Trade,2016-9-29,0.15163
DIS,26403,QMLE-Trade,2016-9-30,0.121237
DIS,26403,QMLE-Trade,2016-10-3,0.118278
DIS,26403,QMLE-Trade,2016-10-4,0.141371
DIS,26403,QMLE-Trade,2016-10-5,0.108668
DIS,26403,QMLE-Trade,2016-10-6,0.132225
DIS,26403,QMLE-Trade,2016-10-7,0.121386
DIS,26403,QMLE-Trade,2016-10-10,0.0993073
DIS,26403,QMLE-Trade,2016-10-11,0.105424
DIS,26403,QMLE-Trade,2016-10-12,0.0957785
DIS,26403,QMLE-Trade,2016-10-13,0.13239
DIS,26403,QMLE-Trade,2016-10-14,0.100044
DIS,26403,QMLE-Trade,2016-10-17,0.111722
DIS,26403,QMLE-Trade,2016-10-18,0.117191
DIS,26403,QMLE-Trade,2016-10-19,0.0968075
DIS,26403,QMLE-Trade,2016-10-20,0.125749
DIS,26403,QMLE-Trade,2016-10-21,0.212958
DIS,26403,QMLE-Trade,2016-10-24,0.149898
DIS,26403,QMLE-Trade,2016-10-25,0.116476
DIS,26403,QMLE-Trade,2016-10-26,0.134696
DIS,26403,QMLE-Trade,2016-10-27,0.139426
DIS,26403,QMLE-Trade,2016-10-28,0.14465
DIS,26403,QMLE-Trade,2016-10-31,0.154769
DIS,26403,QMLE-Trade,2016-11-1,0.148737
DIS,26403,QMLE-Trade,2016-11-2,0.157713
DIS,26403,QMLE-Trade,2016-11-3,0.171846
DIS,26403,QMLE-Trade,2016-11-4,0.149625
DIS,26403,QMLE-Trade,2016-11-7,0.11293
DIS,26403,QMLE-Trade,2016-11-8,0.12627
DIS,26403,QMLE-Trade,2016-11-9,0.224159
DIS,26403,QMLE-Trade,2016-11-10,0.241354
DIS,26403,QMLE-Trade,2016-11-11,0.346488
DIS,26403,QMLE-Trade,2016-11-14,0.177195
DIS,26403,QMLE-Trade,2016-11-15,0.131183
DIS,26403,QMLE-Trade,2016-11-16,0.129548
DIS,26403,QMLE-Trade,2016-11-17,0.130255
DIS,26403,QMLE-Trade,2016-11-18,0.113757
DIS,26403,QMLE-Trade,2016-11-21,0.146671
DIS,26403,QMLE-Trade,2016-11-22,0.0880885
DIS,26403,QMLE-Trade,2016-11-23,0.103199
DIS,26403,QMLE-Trade,2016-11-25,0.0995673
DIS,26403,QMLE-Trade,2016-11-28,0.100952
DIS,26403,QMLE-Trade,2016-11-29,0.0925144
DIS,26403,QMLE-Trade,2016-11-30,0.113202
DIS,26403,QMLE-Trade,2016-12-1,0.130604
DIS,26403,QMLE-Trade,2016-12-2,0.104942
DIS,26403,QMLE-Trade,2016-12-5,0.138198
DIS,26403,QMLE-Trade,2016-12-6,0.0923143
DIS,26403,QMLE-Trade,2016-12-7,0.109782
DIS,26403,QMLE-Trade,2016-12-8,0.167667
DIS,26403,QMLE-Trade,2016-12-9,0.195731
DIS,26403,QMLE-Trade,2016-12-12,0.134237
DIS,26403,QMLE-Trade,2016-12-13,0.110789
DIS,26403,QMLE-Trade,2016-12-14,0.149289
DIS,26403,QMLE-Trade,2016-12-15,0.15513
DIS,26403,QMLE-Trade,2016-12-16,0.111476
DIS,26403,QMLE-Trade,2016-12-19,0.150835
DIS,26403,QMLE-Trade,2016-12-20,0.105267
DIS,26403,QMLE-Trade,2016-12-21,0.106353
DIS,26403,QMLE-Trade,2016-12-22,0.112039
DIS,26403,QMLE-Trade,2016-12-23,0.0993768
DIS,26403,QMLE-Trade,2016-12-27,0.0899672
DIS,26403,QMLE-Trade,2016-12-28,0.103397
DIS,26403,QMLE-Trade,2016-12-29,0.0937263
DIS,26403,QMLE-Trade,2016-12-30,0.117256
DIS,26403,QMLE-Trade,2017-1-3,0.16376
DIS,26403,QMLE-Trade,2017-1-4,0.103781
DIS,26403,QMLE-Trade,2017-1-5,0.129775
DIS,26403,QMLE-Trade,2017-1-6,0.141818
DIS,26403,QMLE-Trade,2017-1-9,0.117166
DIS,26403,QMLE-Trade,2017-1-10,0.104822
DIS,26403,QMLE-Trade,2017-1-11,0.133643
DIS,26403,QMLE-Trade,2017-1-12,0.154304
DIS,26403,QMLE-Trade,2017-1-13,0.119314
DIS,26403,QMLE-Trade,2017-1-17,0.126698
DIS,26403,QMLE-Trade,2017-1-18,0.148576
DIS,26403,QMLE-Trade,2017-1-19,0.0930023
DIS,26403,QMLE-Trade,2017-1-20,0.120272
DIS,26403,QMLE-Trade,2017-1-23,0.107629
DIS,26403,QMLE-Trade,2017-1-24,0.108531
DIS,26403,QMLE-Trade,2017-1-25,0.0675181
DIS,26403,QMLE-Trade,2017-1-26,0.104304
DIS,26403,QMLE-Trade,2017-1-27,0.0871548
DIS,26403,QMLE-Trade,2017-1-30,0.131266
DIS,26403,QMLE-Trade,2017-1-31,0.104395
DIS,26403,QMLE-Trade,2017-2-1,0.12615
DIS,26403,QMLE-Trade,2017-2-2,0.102197
DIS,26403,QMLE-Trade,2017-2-3,0.0920555
DIS,26403,QMLE-Trade,2017-2-6,0.116128
DIS,26403,QMLE-Trade,2017-2-7,0.107512
DIS,26403,QMLE-Trade,2017-2-8,0.229807
DIS,26403,QMLE-Trade,2017-2-9,0.10396
DIS,26403,QMLE-Trade,2017-2-10,0.100385
DIS,26403,QMLE-Trade,2017-2-13,0.0982465
DIS,26403,QMLE-Trade,2017-2-14,0.0802215
DIS,26403,QMLE-Trade,2017-2-15,0.0820167
DIS,26403,QMLE-Trade,2017-2-16,0.0969117
DIS,26403,QMLE-Trade,2017-2-17,0.0824554
DIS,26403,QMLE-Trade,2017-2-21,0.0711455
DIS,26403,QMLE-Trade,2017-2-22,0.0676198
DIS,26403,QMLE-Trade,2017-2-23,0.0820752
DIS,26403,QMLE-Trade,2017-2-24,0.098811
DIS,26403,QMLE-Trade,2017-2-27,0.0812296
DIS,26403,QMLE-Trade,2017-2-28,0.0712988
DIS,26403,QMLE-Trade,2017-3-1,0.0942149
DIS,26403,QMLE-Trade,2017-3-2,0.0824063
DIS,26403,QMLE-Trade,2017-3-3,0.0909346
DIS,26403,QMLE-Trade,2017-3-6,0.0805551
DIS,26403,QMLE-Trade,2017-3-7,0.0788717
DIS,26403,QMLE-Trade,2017-3-8,0.0803594
DIS,26403,QMLE-Trade,2017-3-9,0.0634707
DIS,26403,QMLE-Trade,2017-3-10,0.0840037
DIS,26403,QMLE-Trade,2017-3-13,0.0793335
DIS,26403,QMLE-Trade,2017-3-14,0.108705
DIS,26403,QMLE-Trade,2017-3-15,0.103796
DIS,26403,QMLE-Trade,2017-3-16,0.0972753
DIS,26403,QMLE-Trade,2017-3-17,0.0824305
DIS,26403,QMLE-Trade,2017-3-20,0.0922252
DIS,26403,QMLE-Trade,2017-3-21,0.122092
DIS,26403,QMLE-Trade,2017-3-22,0.0996976
DIS,26403,QMLE-Trade,2017-3-23,0.111052
DIS,26403,QMLE-Trade,2017-3-24,0.0919844
DIS,26403,QMLE-Trade,2017-3-27,0.101794
DIS,26403,QMLE-Trade,2017-3-28,0.0722586
DIS,26403,QMLE-Trade,2017-3-29,0.0728618
DIS,26403,QMLE-Trade,2017-3-30,0.0771964
DIS,26403,QMLE-Trade,2017-3-31,0.0733131
DIS,26403,QMLE-Trade,2017-4-3,0.0903591
DIS,26403,QMLE-Trade,2017-4-4,0.0838058
DIS,26403,QMLE-Trade,2017-4-5,0.0940834
DIS,26403,QMLE-Trade,2017-4-6,0.10451
DIS,26403,QMLE-Trade,2017-4-7,0.082613
DIS,26403,QMLE-Trade,2017-4-10,0.0915256
DIS,26403,QMLE-Trade,2017-4-11,0.115211
DIS,26403,QMLE-Trade,2017-4-12,0.0901389
DIS,26403,QMLE-Trade,2017-4-13,0.113571
DIS,26403,QMLE-Trade,2017-4-17,0.0728956
DIS,26403,QMLE-Trade,2017-4-18,0.154141
DIS,26403,QMLE-Trade,2017-4-19,0.0902359
DIS,26403,QMLE-Trade,2017-4-20,0.0860867
DIS,26403,QMLE-Trade,2017-4-21,0.0833915
DIS,26403,QMLE-Trade,2017-4-24,0.0818546
DIS,26403,QMLE-Trade,2017-4-25,0.108546
DIS,26403,QMLE-Trade,2017-4-26,0.0896724
DIS,26403,QMLE-Trade,2017-4-27,0.0882484
DIS,26403,QMLE-Trade,2017-4-28,0.0738239
DIS,26403,QMLE-Trade,2017-5-1,0.0845094
DIS,26403,QMLE-Trade,2017-5-2,0.0910999
DIS,26403,QMLE-Trade,2017-5-3,0.141122
DIS,26403,QMLE-Trade,2017-5-4,0.229132
DIS,26403,QMLE-Trade,2017-5-5,0.103831
DIS,26403,QMLE-Trade,2017-5-8,0.0936029
DIS,26403,QMLE-Trade,2017-5-9,0.129438
DIS,26403,QMLE-Trade,2017-5-10,0.192541
DIS,26403,QMLE-Trade,2017-5-11,0.130536
DIS,26403,QMLE-Trade,2017-5-12,0.0939406
DIS,26403,QMLE-Trade,2017-5-15,0.0824455
DIS,26403,QMLE-Trade,2017-5-16,0.110168
DIS,26403,QMLE-Trade,2017-5-17,0.17544
DIS,26403,QMLE-Trade,2017-5-18,0.127623
DIS,26403,QMLE-Trade,2017-5-19,0.0869013
DIS,26403,QMLE-Trade,2017-5-22,0.0880617
DIS,26403,QMLE-Trade,2017-5-23,0.0890893
DIS,26403,QMLE-Trade,2017-5-24,0.0912969
DIS,26403,QMLE-Trade,2017-5-25,0.111738
DIS,26403,QMLE-Trade,2017-5-26,0.0977977
DIS,26403,QMLE-Trade,2017-5-30,0.0717844
DIS,26403,QMLE-Trade,2017-5-31,0.113507
DIS,26403,QMLE-Trade,2017-6-1,0.0960469
DIS,26403,QMLE-Trade,2017-6-2,0.12951
DIS,26403,QMLE-Trade,2017-6-5,0.100789
DIS,26403,QMLE-Trade,2017-6-6,0.106786
DIS,26403,QMLE-Trade,2017-6-7,0.0931086
DIS,26403,QMLE-Trade,2017-6-8,0.122353
DIS,26403,QMLE-Trade,2017-6-9,0.120281
DIS,26403,QMLE-Trade,2017-6-12,0.161011
DIS,26403,QMLE-Trade,2017-6-13,0.1097
DIS,26403,QMLE-Trade,2017-6-14,0.0973519
DIS,26403,QMLE-Trade,2017-6-15,0.109027
DIS,26403,QMLE-Trade,2017-6-16,0.114872
DIS,26403,QMLE-Trade,2017-6-19,0.10731
DIS,26403,QMLE-Trade,2017-6-20,0.117472
DIS,26403,QMLE-Trade,2017-6-21,0.169369
DIS,26403,QMLE-Trade,2017-6-22,0.112806
DIS,26403,QMLE-Trade,2017-6-23,0.140534
DIS,26403,QMLE-Trade,2017-6-26,0.10841
DIS,26403,QMLE-Trade,2017-6-27,0.109247
DIS,26403,QMLE-Trade,2017-6-28,0.124571
DIS,26403,QMLE-Trade,2017-6-29,0.156124
DIS,26403,QMLE-Trade,2017-6-30,0.130975
DIS,26403,QMLE-Trade,2017-7-3,0.141706
DIS,26403,QMLE-Trade,2017-7-5,0.138431
DIS,26403,QMLE-Trade,2017-7-6,0.135775
DIS,26403,QMLE-Trade,2017-7-7,0.113623
DIS,26403,QMLE-Trade,2017-7-10,0.102054
DIS,26403,QMLE-Trade,2017-7-11,0.116867
DIS,26403,QMLE-Trade,2017-7-12,0.119844
DIS,26403,QMLE-Trade,2017-7-13,0.118237
DIS,26403,QMLE-Trade,2017-7-14,0.106843
DIS,26403,QMLE-Trade,2017-7-17,0.0879159
DIS,26403,QMLE-Trade,2017-7-18,0.117639
DIS,26403,QMLE-Trade,2017-7-19,0.118537
DIS,26403,QMLE-Trade,2017-7-20,0.0904517
DIS,26403,QMLE-Trade,2017-7-21,0.0730955
DIS,26403,QMLE-Trade,2017-7-24,0.0727301
DIS,26403,QMLE-Trade,2017-7-25,0.099057
DIS,26403,QMLE-Trade,2017-7-26,0.094953
DIS,26403,QMLE-Trade,2017-7-27,0.203076
DIS,26403,QMLE-Trade,2017-7-28,0.0919679
DIS,26403,QMLE-Trade,2017-7-31,0.111495
DIS,26403,QMLE-Trade,2017-8-1,0.110225
DIS,26403,QMLE-Trade,2017-8-2,0.145975
DIS,26403,QMLE-Trade,2017-8-3,0.128923
DIS,26403,QMLE-Trade,2017-8-4,0.143079
DIS,26403,QMLE-Trade,2017-8-7,0.109961
DIS,26403,QMLE-Trade,2017-8-8,0.157095
DIS,26403,QMLE-Trade,2017-8-9,0.292766
DIS,26403,QMLE-Trade,2017-8-10,0.168965
DIS,26403,QMLE-Trade,2017-8-11,0.136469
DIS,26403,QMLE-Trade,2017-8-14,0.134582
DIS,26403,QMLE-Trade,2017-8-15,0.111269
DIS,26403,QMLE-Trade,2017-8-16,0.102457
DIS,26403,QMLE-Trade,2017-8-17,0.116678
DIS,26403,QMLE-Trade,2017-8-18,0.129979
DIS,26403,QMLE-Trade,2017-8-21,0.1112
DIS,26403,QMLE-Trade,2017-8-22,0.0938079
DIS,26403,QMLE-Trade,2017-8-23,0.12769
DIS,26403,QMLE-Trade,2017-8-24,0.0958194
DIS,26403,QMLE-Trade,2017-8-25,0.117939
DIS,26403,QMLE-Trade,2017-8-28,0.0983953
DIS,26403,QMLE-Trade,2017-8-29,0.107703
DIS,26403,QMLE-Trade,2017-8-30,0.102002
DIS,26403,QMLE-Trade,2017-8-31,0.127942
DIS,26403,QMLE-Trade,2017-9-1,0.101102
DIS,26403,QMLE-Trade,2017-9-5,0.1442
DIS,26403,QMLE-Trade,2017-9-6,0.120017
DIS,26403,QMLE-Trade,2017-9-7,0.38006
DIS,26403,QMLE-Trade,2017-9-8,0.15805
DIS,26403,QMLE-Trade,2017-9-11,0.131891
DIS,26403,QMLE-Trade,2017-9-12,0.119056
DIS,26403,QMLE-Trade,2017-9-13,0.109981
DIS,26403,QMLE-Trade,2017-9-14,0.115374
DIS,26403,QMLE-Trade,2017-9-15,0.102468
DIS,26403,QMLE-Trade,2017-9-18,0.109014
DIS,26403,QMLE-Trade,2017-9-19,0.0821632
DIS,26403,QMLE-Trade,2017-9-20,0.0999376
DIS,26403,QMLE-Trade,2017-9-21,0.0886434
DIS,26403,QMLE-Trade,2017-9-22,0.0736871
DIS,26403,QMLE-Trade,2017-9-25,0.112919
DIS,26403,QMLE-Trade,2017-9-26,0.106219
DIS,26403,QMLE-Trade,2017-9-27,0.103024
DIS,26403,QMLE-Trade,2017-9-28,0.102768
DIS,26403,QMLE-Trade,2017-9-29,0.125188
DIS,26403,QMLE-Trade,2017-10-2,0.114882
DIS,26403,QMLE-Trade,2017-10-3,0.0922951
DIS,26403,QMLE-Trade,2017-10-4,0.0970194
DIS,26403,QMLE-Trade,2017-10-5,0.0922604
DIS,26403,QMLE-Trade,2017-10-6,0.100636
DIS,26403,QMLE-Trade,2017-10-9,0.11356
DIS,26403,QMLE-Trade,2017-10-10,0.0976081
DIS,26403,QMLE-Trade,2017-10-11,0.121213
DIS,26403,QMLE-Trade,2017-10-12,0.137432
DIS,26403,QMLE-Trade,2017-10-13,0.0961296
DIS,26403,QMLE-Trade,2017-10-16,0.0772055
DIS,26403,QMLE-Trade,2017-10-17,0.0892131
DIS,26403,QMLE-Trade,2017-10-18,0.0991543
DIS,26403,QMLE-Trade,2017-10-19,0.10201
DIS,26403,QMLE-Trade,2017-10-20,0.096875
DIS,26403,QMLE-Trade,2017-10-23,0.0954452
DIS,26403,QMLE-Trade,2017-10-24,0.0923428
DIS,26403,QMLE-Trade,2017-10-25,0.0987226
DIS,26403,QMLE-Trade,2017-10-26,0.130698
DIS,26403,QMLE-Trade,2017-10-27,0.138021
DIS,26403,QMLE-Trade,2017-10-30,0.104157
DIS,26403,QMLE-Trade,2017-10-31,0.0961993
DIS,26403,QMLE-Trade,2017-11-1,0.124781
DIS,26403,QMLE-Trade,2017-11-2,0.154225
DIS,26403,QMLE-Trade,2017-11-3,0.126663
DIS,26403,QMLE-Trade,2017-11-6,0.324392
DIS,26403,QMLE-Trade,2017-11-7,0.199091
DIS,26403,QMLE-Trade,2017-11-8,0.168457
DIS,26403,QMLE-Trade,2017-11-9,0.207653
DIS,26403,QMLE-Trade,2017-11-10,0.286169
DIS,26403,QMLE-Trade,2017-11-13,0.120332
DIS,26403,QMLE-Trade,2017-11-14,0.169355
DIS,26403,QMLE-Trade,2017-11-15,0.167925
DIS,26403,QMLE-Trade,2017-11-16,0.197417
DIS,26403,QMLE-Trade,2017-11-17,0.127561
DIS,26403,QMLE-Trade,2017-11-20,0.127804
DIS,26403,QMLE-Trade,2017-11-21,0.0872523
DIS,26403,QMLE-Trade,2017-11-22,0.0899418
DIS,26403,QMLE-Trade,2017-11-24,0.0918577
DIS,26403,QMLE-Trade,2017-11-27,0.084773
DIS,26403,QMLE-Trade,2017-11-28,0.0948343
DIS,26403,QMLE-Trade,2017-11-29,0.162964
DIS,26403,QMLE-Trade,2017-11-30,0.148791
DIS,26403,QMLE-Trade,2017-12-1,0.217369
DIS,26403,QMLE-Trade,2017-12-4,0.254077
DIS,26403,QMLE-Trade,2017-12-5,0.323293
DIS,26403,QMLE-Trade,2017-12-6,0.251193
DIS,26403,QMLE-Trade,2017-12-7,0.172932
DIS,26403,QMLE-Trade,2017-12-8,0.138461
DIS,26403,QMLE-Trade,2017-12-11,0.160845
DIS,26403,QMLE-Trade,2017-12-12,0.144355
DIS,26403,QMLE-Trade,2017-12-13,0.185239
DIS,26403,QMLE-Trade,2017-12-14,0.354479
DIS,26403,QMLE-Trade,2017-12-15,0.215931
DIS,26403,QMLE-Trade,2017-12-18,0.186544
DIS,26403,QMLE-Trade,2017-12-19,0.143183
DIS,26403,QMLE-Trade,2017-12-20,0.177025
DIS,26403,QMLE-Trade,2017-12-21,0.18989
DIS,26403,QMLE-Trade,2017-12-22,0.119728
DIS,26403,QMLE-Trade,2017-12-26,0.110692
DIS,26403,QMLE-Trade,2017-12-27,0.113899
DIS,26403,QMLE-Trade,2017-12-28,0.10476
DIS,26403,QMLE-Trade,2017-12-29,0.0922519
DIS,26403,QMLE-Trade,2018-1-2,0.159611
DIS,26403,QMLE-Trade,2018-1-3,0.160951
DIS,26403,QMLE-Trade,2018-1-4,0.136534
DIS,26403,QMLE-Trade,2018-1-5,0.14143
DIS,26403,QMLE-Trade,2018-1-8,0.143519
DIS,26403,QMLE-Trade,2018-1-9,0.139218
DIS,26403,QMLE-Trade,2018-1-10,0.134223
DIS,26403,QMLE-Trade,2018-1-11,0.121758
DIS,26403,QMLE-Trade,2018-1-12,0.121258
DIS,26403,QMLE-Trade,2018-1-16,0.133182
DIS,26403,QMLE-Trade,2018-1-17,0.125589
DIS,26403,QMLE-Trade,2018-1-18,0.111446
DIS,26403,QMLE-Trade,2018-1-19,0.169163
DIS,26403,QMLE-Trade,2018-1-22,0.127016
DIS,26403,QMLE-Trade,2018-1-23,0.145042
DIS,26403,QMLE-Trade,2018-1-24,0.162676
DIS,26403,QMLE-Trade,2018-1-25,0.141474
DIS,26403,QMLE-Trade,2018-1-26,0.107039
DIS,26403,QMLE-Trade,2018-1-29,0.112733
DIS,26403,QMLE-Trade,2018-1-30,0.160519
DIS,26403,QMLE-Trade,2018-1-31,0.154848
DIS,26403,QMLE-Trade,2018-2-1,0.20236
DIS,26403,QMLE-Trade,2018-2-2,0.178079
DIS,26403,QMLE-Trade,2018-2-5,0.381038
DIS,26403,QMLE-Trade,2018-2-6,0.527224
DIS,26403,QMLE-Trade,2018-2-7,0.402643
DIS,26403,QMLE-Trade,2018-2-8,0.352817
DIS,26403,QMLE-Trade,2018-2-9,0.42267
DIS,26403,QMLE-Trade,2018-2-12,0.238826
DIS,26403,QMLE-Trade,2018-2-13,0.196191
DIS,26403,QMLE-Trade,2018-2-14,0.193053
DIS,26403,QMLE-Trade,2018-2-15,0.157061
DIS,26403,QMLE-Trade,2018-2-16,0.187866
DIS,26403,QMLE-Trade,2018-2-20,0.192419
DIS,26403,QMLE-Trade,2018-2-21,0.167282
DIS,26403,QMLE-Trade,2018-2-22,0.15431
DIS,26403,QMLE-Trade,2018-2-23,0.140429
DIS,26403,QMLE-Trade,2018-2-26,0.141957
DIS,26403,QMLE-Trade,2018-2-27,0.229386
DIS,26403,QMLE-Trade,2018-2-28,0.169506
DIS,26403,QMLE-Trade,2018-3-1,0.244214
DIS,26403,QMLE-Trade,2018-3-2,0.188681
DIS,26403,QMLE-Trade,2018-3-5,0.149404
DIS,26403,QMLE-Trade,2018-3-6,0.155546
DIS,26403,QMLE-Trade,2018-3-7,0.162268
DIS,26403,QMLE-Trade,2018-3-8,0.154734
DIS,26403,QMLE-Trade,2018-3-9,0.118845
DIS,26403,QMLE-Trade,2018-3-12,0.135095
DIS,26403,QMLE-Trade,2018-3-13,0.151321
DIS,26403,QMLE-Trade,2018-3-14,0.174974
DIS,26403,QMLE-Trade,2018-3-15,0.117308
DIS,26403,QMLE-Trade,2018-3-16,0.133054
DIS,26403,QMLE-Trade,2018-3-19,0.152688
DIS,26403,QMLE-Trade,2018-3-20,0.124368
DIS,26403,QMLE-Trade,2018-3-21,0.180227
DIS,26403,QMLE-Trade,2018-3-22,0.167629
DIS,26403,QMLE-Trade,2018-3-23,0.180378
DIS,26403,QMLE-Trade,2018-3-26,0.164028
DIS,26403,QMLE-Trade,2018-3-27,0.197823
DIS,26403,QMLE-Trade,2018-3-28,0.242305
DIS,26403,QMLE-Trade,2018-3-29,0.182894
DIS,26403,QMLE-Trade,2018-4-2,0.223617
DIS,26403,QMLE-Trade,2018-4-3,0.200943
DIS,26403,QMLE-Trade,2018-4-4,0.19619
DIS,26403,QMLE-Trade,2018-4-5,0.149284
DIS,26403,QMLE-Trade,2018-4-6,0.194693
DIS,26403,QMLE-Trade,2018-4-9,0.154034
DIS,26403,QMLE-Trade,2018-4-10,0.189365
DIS,26403,QMLE-Trade,2018-4-11,0.16901
DIS,26403,QMLE-Trade,2018-4-12,0.142837
DIS,26403,QMLE-Trade,2018-4-13,0.158811
DIS,26403,QMLE-Trade,2018-4-16,0.143226
DIS,26403,QMLE-Trade,2018-4-17,0.123803
DIS,26403,QMLE-Trade,2018-4-18,0.128688
DIS,26403,QMLE-Trade,2018-4-19,0.176206
DIS,26403,QMLE-Trade,2018-4-20,0.141671
DIS,26403,QMLE-Trade,2018-4-23,0.134387
DIS,26403,QMLE-Trade,2018-4-24,0.164567
DIS,26403,QMLE-Trade,2018-4-25,0.192337
DIS,26403,QMLE-Trade,2018-4-26,0.139034
DIS,26403,QMLE-Trade,2018-4-27,0.182757
DIS,26403,QMLE-Trade,2018-4-30,0.15512
DIS,26403,QMLE-Trade,2018-5-1,0.153382
DIS,26403,QMLE-Trade,2018-5-2,0.146507
DIS,26403,QMLE-Trade,2018-5-3,0.171608
DIS,26403,QMLE-Trade,2018-5-4,0.152011
DIS,26403,QMLE-Trade,2018-5-7,0.156459
DIS,26403,QMLE-Trade,2018-5-8,0.216768
DIS,26403,QMLE-Trade,2018-5-9,0.209957
DIS,26403,QMLE-Trade,2018-5-10,0.127672
DIS,26403,QMLE-Trade,2018-5-11,0.113092
DIS,26403,QMLE-Trade,2018-5-14,0.130168
DIS,26403,QMLE-Trade,2018-5-15,0.148317
DIS,26403,QMLE-Trade,2018-5-16,0.112604
DIS,26403,QMLE-Trade,2018-5-17,0.13763
DIS,26403,QMLE-Trade,2018-5-18,0.119804
DIS,26403,QMLE-Trade,2018-5-21,0.134699
DIS,26403,QMLE-Trade,2018-5-22,0.158058
DIS,26403,QMLE-Trade,2018-5-23,0.141842
DIS,26403,QMLE-Trade,2018-5-24,0.154252
DIS,26403,QMLE-Trade,2018-5-25,0.110977
DIS,26403,QMLE-Trade,2018-5-29,0.171309
DIS,26403,QMLE-Trade,2018-5-30,0.115675
DIS,26403,QMLE-Trade,2018-5-31,0.131196
DIS,26403,QMLE-Trade,2018-6-1,0.110786
DIS,26403,QMLE-Trade,2018-6-4,0.104378
DIS,26403,QMLE-Trade,2018-6-5,0.109021
DIS,26403,QMLE-Trade,2018-6-6,0.13031
DIS,26403,QMLE-Trade,2018-6-7,0.152894
DIS,26403,QMLE-Trade,2018-6-8,0.129782
DIS,26403,QMLE-Trade,2018-6-11,0.120915
DIS,26403,QMLE-Trade,2018-6-12,0.137556
DIS,26403,QMLE-Trade,2018-6-13,0.310319
DIS,26403,QMLE-Trade,2018-6-14,0.230088
DIS,26403,QMLE-Trade,2018-6-15,0.163932
DIS,26403,QMLE-Trade,2018-6-18,0.166964
DIS,26403,QMLE-Trade,2018-6-19,0.141132
DIS,26403,QMLE-Trade,2018-6-20,0.266889
DIS,26403,QMLE-Trade,2018-6-21,0.128694
DIS,26403,QMLE-Trade,2018-6-22,0.137308
DIS,26403,QMLE-Trade,2018-6-25,0.15417
DIS,26403,QMLE-Trade,2018-6-26,0.11899
DIS,26403,QMLE-Trade,2018-6-27,0.188323
DIS,26403,QMLE-Trade,2018-6-28,0.172701
DIS,26403,QMLE-Trade,2018-6-29,0.136023
DIS,26403,QMLE-Trade,2018-7-2,0.140404
DIS,26403,QMLE-Trade,2018-7-3,0.12904
DIS,26403,QMLE-Trade,2018-7-5,0.141192
DIS,26403,QMLE-Trade,2018-7-6,0.123756
DIS,26403,QMLE-Trade,2018-7-9,0.0993034
DIS,26403,QMLE-Trade,2018-7-10,0.130406
DIS,26403,QMLE-Trade,2018-7-11,0.233293
DIS,26403,QMLE-Trade,2018-7-12,0.152845
DIS,26403,QMLE-Trade,2018-7-13,0.167461
DIS,26403,QMLE-Trade,2018-7-16,0.182744
DIS,26403,QMLE-Trade,2018-7-17,0.212018
DIS,26403,QMLE-Trade,2018-7-18,0.138604
DIS,26403,QMLE-Trade,2018-7-19,0.262938
DIS,26403,QMLE-Trade,2018-7-20,0.173714
DIS,26403,QMLE-Trade,2018-7-23,0.119281
DIS,26403,QMLE-Trade,2018-7-24,0.135223
DIS,26403,QMLE-Trade,2018-7-25,0.142438
DIS,26403,QMLE-Trade,2018-7-26,0.203247
DIS,26403,QMLE-Trade,2018-7-27,0.144545
DIS,26403,QMLE-Trade,2018-7-30,0.141343
DIS,26403,QMLE-Trade,2018-7-31,0.136511
DIS,26403,QMLE-Trade,2018-8-1,0.130009
DIS,26403,QMLE-Trade,2018-8-2,0.116605
DIS,26403,QMLE-Trade,2018-8-3,0.133492
DIS,26403,QMLE-Trade,2018-8-6,0.166829
DIS,26403,QMLE-Trade,2018-8-7,0.220334
DIS,26403,QMLE-Trade,2018-8-8,0.272998
DIS,26403,QMLE-Trade,2018-8-9,0.165981
DIS,26403,QMLE-Trade,2018-8-10,0.146694
DIS,26403,QMLE-Trade,2018-8-13,0.126491
DIS,26403,QMLE-Trade,2018-8-14,0.130624
DIS,26403,QMLE-Trade,2018-8-15,0.144123
DIS,26403,QMLE-Trade,2018-8-16,0.105452
DIS,26403,QMLE-Trade,2018-8-17,0.113807
DIS,26403,QMLE-Trade,2018-8-20,0.111296
DIS,26403,QMLE-Trade,2018-8-21,0.0904409
DIS,26403,QMLE-Trade,2018-8-22,0.0925405
DIS,26403,QMLE-Trade,2018-8-23,0.0912186
DIS,26403,QMLE-Trade,2018-8-24,0.0986892
DIS,26403,QMLE-Trade,2018-8-27,0.104966
DIS,26403,QMLE-Trade,2018-8-28,0.0899679
DIS,26403,QMLE-Trade,2018-8-29,0.0899779
DIS,26403,QMLE-Trade,2018-8-30,0.096691
DIS,26403,QMLE-Trade,2018-8-31,0.101053
DIS,26403,QMLE-Trade,2018-9-4,0.124624
DIS,26403,QMLE-Trade,2018-9-5,0.119827
DIS,26403,QMLE-Trade,2018-9-6,0.129046
DIS,26403,QMLE-Trade,2018-9-7,0.107422
DIS,26403,QMLE-Trade,2018-9-10,0.113887
DIS,26403,QMLE-Trade,2018-9-11,0.0936636
DIS,26403,QMLE-Trade,2018-9-12,0.119346
DIS,26403,QMLE-Trade,2018-9-13,0.101218
DIS,26403,QMLE-Trade,2018-9-14,0.121665
DIS,26403,QMLE-Trade,2018-9-17,0.140342
DIS,26403,QMLE-Trade,2018-9-18,0.148562
DIS,26403,QMLE-Trade,2018-9-19,0.106604
DIS,26403,QMLE-Trade,2018-9-20,0.146015
DIS,26403,QMLE-Trade,2018-9-21,0.146457
DIS,26403,QMLE-Trade,2018-9-24,0.161105
DIS,26403,QMLE-Trade,2018-9-25,0.141579
DIS,26403,QMLE-Trade,2018-9-26,0.17171
DIS,26403,QMLE-Trade,2018-9-27,0.174639
DIS,26403,QMLE-Trade,2018-9-28,0.141108
DIS,26403,QMLE-Trade,2018-10-1,0.121597
DIS,26403,QMLE-Trade,2018-10-2,0.12546
DIS,26403,QMLE-Trade,2018-10-3,0.11852
DIS,26403,QMLE-Trade,2018-10-4,0.19202
DIS,26403,QMLE-Trade,2018-10-5,0.148449
DIS,26403,QMLE-Trade,2018-10-8,0.140506
DIS,26403,QMLE-Trade,2018-10-9,0.160248
DIS,26403,QMLE-Trade,2018-10-10,0.201637
DIS,26403,QMLE-Trade,2018-10-11,0.327623
DIS,26403,QMLE-Trade,2018-10-12,0.249896
DIS,26403,QMLE-Trade,2018-10-15,0.234075
DIS,26403,QMLE-Trade,2018-10-16,0.149424
DIS,26403,QMLE-Trade,2018-10-17,0.178575
DIS,26403,QMLE-Trade,2018-10-18,0.190709
DIS,26403,QMLE-Trade,2018-10-19,0.189793
DIS,26403,QMLE-Trade,2018-10-22,0.198678
DIS,26403,QMLE-Trade,2018-10-23,0.23687
DIS,26403,QMLE-Trade,2018-10-24,0.27668
DIS,26403,QMLE-Trade,2018-10-25,0.239965
DIS,26403,QMLE-Trade,2018-10-26,0.320462
DIS,26403,QMLE-Trade,2018-10-29,0.281345
DIS,26403,QMLE-Trade,2018-10-30,0.264482
DIS,26403,QMLE-Trade,2018-10-31,0.188206
DIS,26403,QMLE-Trade,2018-11-1,0.185937
DIS,26403,QMLE-Trade,2018-11-2,0.2218
DIS,26403,QMLE-Trade,2018-11-5,0.142264
DIS,26403,QMLE-Trade,2018-11-6,0.136502
DIS,26403,QMLE-Trade,2018-11-7,0.161872
DIS,26403,QMLE-Trade,2018-11-8,0.196902
DIS,26403,QMLE-Trade,2018-11-9,0.324307
DIS,26403,QMLE-Trade,2018-11-12,0.21435
DIS,26403,QMLE-Trade,2018-11-13,0.209773
DIS,26403,QMLE-Trade,2018-11-14,0.215062
DIS,26403,QMLE-Trade,2018-11-15,0.237306
DIS,26403,QMLE-Trade,2018-11-16,0.172375
DIS,26403,QMLE-Trade,2018-11-19,0.252822
DIS,26403,QMLE-Trade,2018-11-20,0.249894
DIS,26403,QMLE-Trade,2018-11-21,0.182775
DIS,26403,QMLE-Trade,2018-11-23,0.1445
DIS,26403,QMLE-Trade,2018-11-26,0.155881
DIS,26403,QMLE-Trade,2018-11-27,0.208541
DIS,26403,QMLE-Trade,2018-11-28,0.153173
DIS,26403,QMLE-Trade,2018-11-29,0.182623
DIS,26403,QMLE-Trade,2018-11-30,0.130454
DIS,26403,QMLE-Trade,2018-12-3,0.171691
DIS,26403,QMLE-Trade,2018-12-4,0.199327
DIS,26403,QMLE-Trade,2018-12-6,0.251299
DIS,26403,QMLE-Trade,2018-12-7,0.225495
DIS,26403,QMLE-Trade,2018-12-10,0.220055
DIS,26403,QMLE-Trade,2018-12-11,0.185914
DIS,26403,QMLE-Trade,2018-12-12,0.157701
DIS,26403,QMLE-Trade,2018-12-13,0.186335
DIS,26403,QMLE-Trade,2018-12-14,0.163456
DIS,26403,QMLE-Trade,2018-12-17,0.192924
DIS,26403,QMLE-Trade,2018-12-18,0.180605
DIS,26403,QMLE-Trade,2018-12-19,0.270579
DIS,26403,QMLE-Trade,2018-12-20,0.288253
DIS,26403,QMLE-Trade,2018-12-21,0.348113
DIS,26403,QMLE-Trade,2018-12-24,0.307291
DIS,26403,QMLE-Trade,2018-12-26,0.285409
DIS,26403,QMLE-Trade,2018-12-27,0.30297
DIS,26403,QMLE-Trade,2018-12-28,0.286834
DIS,26403,QMLE-Trade,2018-12-31,0.211736
DIS,26403,QMLE-Trade,2019-1-2,0.220681
DIS,26403,QMLE-Trade,2019-1-3,0.267435
DIS,26403,QMLE-Trade,2019-1-4,0.216077
DIS,26403,QMLE-Trade,2019-1-7,0.182613
DIS,26403,QMLE-Trade,2019-1-8,0.184307
DIS,26403,QMLE-Trade,2019-1-9,0.180529
DIS,26403,QMLE-Trade,2019-1-10,0.15698
DIS,26403,QMLE-Trade,2019-1-11,0.127422
DIS,26403,QMLE-Trade,2019-1-14,0.131451
DIS,26403,QMLE-Trade,2019-1-15,0.184291
DIS,26403,QMLE-Trade,2019-1-16,0.113829
DIS,26403,QMLE-Trade,2019-1-17,0.153025
DIS,26403,QMLE-Trade,2019-1-18,0.149334
DIS,26403,QMLE-Trade,2019-1-22,0.160523
DIS,26403,QMLE-Trade,2019-1-23,0.168221
DIS,26403,QMLE-Trade,2019-1-24,0.146573
DIS,26403,QMLE-Trade,2019-1-25,0.118003
DIS,26403,QMLE-Trade,2019-1-28,0.14367
DIS,26403,QMLE-Trade,2019-1-29,0.11646
DIS,26403,QMLE-Trade,2019-1-30,0.17297
DIS,26403,QMLE-Trade,2019-1-31,0.125758
DIS,26403,QMLE-Trade,2019-2-1,0.122863
DIS,26403,QMLE-Trade,2019-2-4,0.1031
DIS,26403,QMLE-Trade,2019-2-5,0.13778
DIS,26403,QMLE-Trade,2019-2-6,0.202921
DIS,26403,QMLE-Trade,2019-2-7,0.153685
DIS,26403,QMLE-Trade,2019-2-8,0.10169
DIS,26403,QMLE-Trade,2019-2-11,0.138184
DIS,26403,QMLE-Trade,2019-2-12,0.102357
DIS,26403,QMLE-Trade,2019-2-13,0.122252
DIS,26403,QMLE-Trade,2019-2-14,0.125348
DIS,26403,QMLE-Trade,2019-2-15,0.0951521
DIS,26403,QMLE-Trade,2019-2-19,0.112141
DIS,26403,QMLE-Trade,2019-2-20,0.104468
DIS,26403,QMLE-Trade,2019-2-21,0.119835
DIS,26403,QMLE-Trade,2019-2-22,0.129342
DIS,26403,QMLE-Trade,2019-2-25,0.125567
DIS,26403,QMLE-Trade,2019-2-26,0.133113
DIS,26403,QMLE-Trade,2019-2-27,0.115383
DIS,26403,QMLE-Trade,2019-2-28,0.0971895
DIS,26403,QMLE-Trade,2019-3-1,0.101457
DIS,26403,QMLE-Trade,2019-3-4,0.11909
DIS,26403,QMLE-Trade,2019-3-5,0.116636
DIS,26403,QMLE-Trade,2019-3-6,0.109208
DIS,26403,QMLE-Trade,2019-3-7,0.111685
DIS,26403,QMLE-Trade,2019-3-8,0.109092
DIS,26403,QMLE-Trade,2019-3-11,0.0924499
DIS,26403,QMLE-Trade,2019-3-12,0.130569
DIS,26403,QMLE-Trade,2019-3-13,0.127614
DIS,26403,QMLE-Trade,2019-3-14,0.123367
DIS,26403,QMLE-Trade,2019-3-15,0.112079
DIS,26403,QMLE-Trade,2019-3-18,0.168996
DIS,26403,QMLE-Trade,2019-3-19,0.175601
DIS,26403,QMLE-Trade,2019-3-20,0.276187
DIS,26403,QMLE-Trade,2019-3-21,0.20349
DIS,26403,QMLE-Trade,2019-3-22,0.196394
DIS,26403,QMLE-Trade,2019-3-25,0.187248
DIS,26403,QMLE-Trade,2019-3-26,0.154013
DIS,26403,QMLE-Trade,2019-3-27,0.15245
DIS,26403,QMLE-Trade,2019-3-28,0.138628
DIS,26403,QMLE-Trade,2019-3-29,0.121973
DIS,26403,QMLE-Trade,2019-4-1,0.117229
DIS,26403,QMLE-Trade,2019-4-2,0.12715
DIS,26403,QMLE-Trade,2019-4-3,0.114978
DIS,26403,QMLE-Trade,2019-4-4,0.136435
DIS,26403,QMLE-Trade,2019-4-5,0.113425
DIS,26403,QMLE-Trade,2019-4-8,0.0978013
DIS,26403,QMLE-Trade,2019-4-9,0.140588
DIS,26403,QMLE-Trade,2019-4-10,0.14083
DIS,26403,QMLE-Trade,2019-4-11,0.142503
DIS,26403,QMLE-Trade,2019-4-12,0.404182
DIS,26403,QMLE-Trade,2019-4-15,0.256854
DIS,26403,QMLE-Trade,2019-4-16,0.159028
DIS,26403,QMLE-Trade,2019-4-17,0.174552
DIS,26403,QMLE-Trade,2019-4-18,0.136108
DIS,26403,QMLE-Trade,2019-4-22,0.139289
DIS,26403,QMLE-Trade,2019-4-23,0.152219
DIS,26403,QMLE-Trade,2019-4-24,0.157918
DIS,26403,QMLE-Trade,2019-4-25,0.224689
DIS,26403,QMLE-Trade,2019-4-26,0.184365
DIS,26403,QMLE-Trade,2019-4-29,0.259828
DIS,26403,QMLE-Trade,2019-4-30,0.179074
DIS,26403,QMLE-Trade,2019-5-1,0.157535
DIS,26403,QMLE-Trade,2019-5-2,0.202759
DIS,26403,QMLE-Trade,2019-5-3,0.153161
DIS,26403,QMLE-Trade,2019-5-6,0.174264
DIS,26403,QMLE-Trade,2019-5-7,0.214517
DIS,26403,QMLE-Trade,2019-5-8,0.198331
DIS,26403,QMLE-Trade,2019-5-9,0.275075
DIS,26403,QMLE-Trade,2019-5-10,0.202905
DIS,26403,QMLE-Trade,2019-5-13,0.205021
DIS,26403,QMLE-Trade,2019-5-14,0.185556
DIS,26403,QMLE-Trade,2019-5-15,0.170401
DIS,26403,QMLE-Trade,2019-5-16,0.140883
DIS,26403,QMLE-Trade,2019-5-17,0.158033
DIS,26403,QMLE-Trade,2019-5-20,0.155417
DIS,26403,QMLE-Trade,2019-5-21,0.120529
DIS,26403,QMLE-Trade,2019-5-22,0.112236
DIS,26403,QMLE-Trade,2019-5-23,0.147004
DIS,26403,QMLE-Trade,2019-5-24,0.125109
DIS,26403,QMLE-Trade,2019-5-28,0.124072
DIS,26403,QMLE-Trade,2019-5-29,0.156227
DIS,26403,QMLE-Trade,2019-5-30,0.145274
DIS,26403,QMLE-Trade,2019-5-31,0.165471
DIS,26403,QMLE-Trade,2019-6-3,0.181362
DIS,26403,QMLE-Trade,2019-6-4,0.126527
DIS,26403,QMLE-Trade,2019-6-5,0.130551
DIS,26403,QMLE-Trade,2019-6-6,0.12804
DIS,26403,QMLE-Trade,2019-6-7,0.1342
DIS,26403,QMLE-Trade,2019-6-10,0.162413
DIS,26403,QMLE-Trade,2019-6-11,0.165862
DIS,26403,QMLE-Trade,2019-6-12,0.1384
DIS,26403,QMLE-Trade,2019-6-13,0.203611
DIS,26403,QMLE-Trade,2019-6-14,0.200817
DIS,26403,QMLE-Trade,2019-6-17,0.191123
DIS,26403,QMLE-Trade,2019-6-18,0.181735
DIS,26403,QMLE-Trade,2019-6-19,0.156042
DIS,26403,QMLE-Trade,2019-6-20,0.153153
DIS,26403,QMLE-Trade,2019-6-21,0.162734
DIS,26403,QMLE-Trade,2019-6-24,0.171451
DIS,26403,QMLE-Trade,2019-6-25,0.152527
DIS,26403,QMLE-Trade,2019-6-26,0.140013
DIS,26403,QMLE-Trade,2019-6-27,0.139906
DIS,26403,QMLE-Trade,2019-6-28,0.12153
DIS,26403,QMLE-Trade,2019-7-1,0.156185
DIS,26403,QMLE-Trade,2019-7-2,0.140325
DIS,26403,QMLE-Trade,2019-7-3,0.107364
DIS,26403,QMLE-Trade,2019-7-5,0.137916
DIS,26403,QMLE-Trade,2019-7-8,0.117302
DIS,26403,QMLE-Trade,2019-7-9,0.141131
DIS,26403,QMLE-Trade,2019-7-10,0.154471
DIS,26403,QMLE-Trade,2019-7-11,0.15283
DIS,26403,QMLE-Trade,2019-7-12,0.134535
DIS,26403,QMLE-Trade,2019-7-15,0.115055
DIS,26403,QMLE-Trade,2019-7-16,0.114386
DIS,26403,QMLE-Trade,2019-7-17,0.117771
DIS,26403,QMLE-Trade,2019-7-18,0.166227
DIS,26403,QMLE-Trade,2019-7-19,0.124817
DIS,26403,QMLE-Trade,2019-7-22,0.153609
DIS,26403,QMLE-Trade,2019-7-23,0.135749
DIS,26403,QMLE-Trade,2019-7-24,0.114046
DIS,26403,QMLE-Trade,2019-7-25,0.132998
DIS,26403,QMLE-Trade,2019-7-26,0.133442
DIS,26403,QMLE-Trade,2019-7-29,0.187579
DIS,26403,QMLE-Trade,2019-7-30,0.137487
DIS,26403,QMLE-Trade,2019-7-31,0.195414
DIS,26403,QMLE-Trade,2019-8-1,0.211545
DIS,26403,QMLE-Trade,2019-8-2,0.173036
DIS,26403,QMLE-Trade,2019-8-5,0.216037
DIS,26403,QMLE-Trade,2019-8-6,0.23916
DIS,26403,QMLE-Trade,2019-8-7,0.412547
DIS,26403,QMLE-Trade,2019-8-8,0.194824
DIS,26403,QMLE-Trade,2019-8-9,0.195723
DIS,26403,QMLE-Trade,2019-8-12,0.172182
DIS,26403,QMLE-Trade,2019-8-13,0.206633
DIS,26403,QMLE-Trade,2019-8-14,0.207555
DIS,26403,QMLE-Trade,2019-8-15,0.207396
DIS,26403,QMLE-Trade,2019-8-16,0.138147
DIS,26403,QMLE-Trade,2019-8-19,0.206472
DIS,26403,QMLE-Trade,2019-8-20,0.183378
DIS,26403,QMLE-Trade,2019-8-21,0.14091
DIS,26403,QMLE-Trade,2019-8-22,0.145583
DIS,26403,QMLE-Trade,2019-8-23,0.239655
DIS,26403,QMLE-Trade,2019-8-26,0.168319
DIS,26403,QMLE-Trade,2019-8-27,0.161007
DIS,26403,QMLE-Trade,2019-8-28,0.153778
DIS,26403,QMLE-Trade,2019-8-29,0.142175
DIS,26403,QMLE-Trade,2019-8-30,0.140514
DIS,26403,QMLE-Trade,2019-9-3,0.163535
DIS,26403,QMLE-Trade,2019-9-4,0.117102
DIS,26403,QMLE-Trade,2019-9-5,0.112424
DIS,26403,QMLE-Trade,2019-9-6,0.107183
DIS,26403,QMLE-Trade,2019-9-9,0.128558
DIS,26403,QMLE-Trade,2019-9-10,0.171781
DIS,26403,QMLE-Trade,2019-9-11,0.141824
DIS,26403,QMLE-Trade,2019-9-12,0.160534
DIS,26403,QMLE-Trade,2019-9-13,0.146025
DIS,26403,QMLE-Trade,2019-9-16,0.160531
DIS,26403,QMLE-Trade,2019-9-17,0.120931
DIS,26403,QMLE-Trade,2019-9-18,0.143692
DIS,26403,QMLE-Trade,2019-9-19,0.151751
DIS,26403,QMLE-Trade,2019-9-20,0.194988
DIS,26403,QMLE-Trade,2019-9-23,0.139856
DIS,26403,QMLE-Trade,2019-9-24,0.194365
DIS,26403,QMLE-Trade,2019-9-25,0.14553
DIS,26403,QMLE-Trade,2019-9-26,0.202514
DIS,26403,QMLE-Trade,2019-9-27,0.177946
DIS,26403,QMLE-Trade,2019-9-30,0.115081
DIS,26403,QMLE-Trade,2019-10-1,0.146157
DIS,26403,QMLE-Trade,2019-10-2,0.17367
DIS,26403,QMLE-Trade,2019-10-3,0.175692
DIS,26403,QMLE-Trade,2019-10-4,0.123451
DIS,26403,QMLE-Trade,2019-10-7,0.149148
DIS,26403,QMLE-Trade,2019-10-8,0.159551
DIS,26403,QMLE-Trade,2019-10-9,0.137909
DIS,26403,QMLE-Trade,2019-10-10,0.138494
DIS,26403,QMLE-Trade,2019-10-11,0.176217
DIS,26403,QMLE-Trade,2019-10-14,0.0887498
DIS,26403,QMLE-Trade,2019-10-15,0.117774
DIS,26403,QMLE-Trade,2019-10-16,0.13079
DIS,26403,QMLE-Trade,2019-10-17,0.164353
DIS,26403,QMLE-Trade,2019-10-18,0.13012
DIS,26403,QMLE-Trade,2019-10-21,0.12361
DIS,26403,QMLE-Trade,2019-10-22,0.191885
DIS,26403,QMLE-Trade,2019-10-23,0.131913
DIS,26403,QMLE-Trade,2019-10-24,0.13774
DIS,26403,QMLE-Trade,2019-10-25,0.131999
DIS,26403,QMLE-Trade,2019-10-28,0.123228
DIS,26403,QMLE-Trade,2019-10-29,0.133441
DIS,26403,QMLE-Trade,2019-10-30,0.154294
DIS,26403,QMLE-Trade,2019-10-31,0.131939
DIS,26403,QMLE-Trade,2019-11-1,0.108167
DIS,26403,QMLE-Trade,2019-11-4,0.121197
DIS,26403,QMLE-Trade,2019-11-5,0.174406
DIS,26403,QMLE-Trade,2019-11-6,0.132749
DIS,26403,QMLE-Trade,2019-11-7,0.161984
DIS,26403,QMLE-Trade,2019-11-8,0.274172
DIS,26403,QMLE-Trade,2019-11-11,0.179078
DIS,26403,QMLE-Trade,2019-11-12,0.200718
DIS,26403,QMLE-Trade,2019-11-13,0.39518
DIS,26403,QMLE-Trade,2019-11-14,0.303004
DIS,26403,QMLE-Trade,2019-11-15,0.17695
DIS,26403,QMLE-Trade,2019-11-18,0.248184
DIS,26403,QMLE-Trade,2019-11-19,0.208078
DIS,26403,QMLE-Trade,2019-11-20,0.165443
DIS,26403,QMLE-Trade,2019-11-21,0.147477
DIS,26403,QMLE-Trade,2019-11-22,0.172465
DIS,26403,QMLE-Trade,2019-11-25,0.172497
DIS,26403,QMLE-Trade,2019-11-26,0.196778
DIS,26403,QMLE-Trade,2019-11-27,0.126882
DIS,26403,QMLE-Trade,2019-11-29,0.111715
DIS,26403,QMLE-Trade,2019-12-2,0.170238
DIS,26403,QMLE-Trade,2019-12-3,0.170655
DIS,26403,QMLE-Trade,2019-12-4,0.119736
DIS,26403,QMLE-Trade,2019-12-5,0.137962
DIS,26403,QMLE-Trade,2019-12-6,0.122344
DIS,26403,QMLE-Trade,2019-12-9,0.141577
DIS,26403,QMLE-Trade,2019-12-10,0.157515
DIS,26403,QMLE-Trade,2019-12-11,0.12573
DIS,26403,QMLE-Trade,2019-12-12,0.147732
DIS,26403,QMLE-Trade,2019-12-13,0.133484
DIS,26403,QMLE-Trade,2019-12-16,0.126003
DIS,26403,QMLE-Trade,2019-12-17,0.103543
DIS,26403,QMLE-Trade,2019-12-18,0.125554
DIS,26403,QMLE-Trade,2019-12-19,0.116482
DIS,26403,QMLE-Trade,2019-12-20,0.188851
DIS,26403,QMLE-Trade,2019-12-23,0.133619
DIS,26403,QMLE-Trade,2019-12-24,0.0819566
DIS,26403,QMLE-Trade,2019-12-26,0.0762348
DIS,26403,QMLE-Trade,2019-12-27,0.0835913
DIS,26403,QMLE-Trade,2019-12-30,0.152014
DIS,26403,QMLE-Trade,2019-12-31,0.104091
DIS,26403,QMLE-Trade,2020-1-2,0.152803
DIS,26403,QMLE-Trade,2020-1-3,0.148297
DIS,26403,QMLE-Trade,2020-1-6,0.148931
DIS,26403,QMLE-Trade,2020-1-7,0.117566
DIS,26403,QMLE-Trade,2020-1-8,0.126793
DIS,26403,QMLE-Trade,2020-1-9,0.109997
DIS,26403,QMLE-Trade,2020-1-10,0.101474
DIS,26403,QMLE-Trade,2020-1-13,0.140567
DIS,26403,QMLE-Trade,2020-1-14,0.227982
DIS,26403,QMLE-Trade,2020-1-15,0.139688
DIS,26403,QMLE-Trade,2020-1-16,0.116667
DIS,26403,QMLE-Trade,2020-1-17,0.113472
DIS,26403,QMLE-Trade,2020-1-21,0.136118
DIS,26403,QMLE-Trade,2020-1-22,0.13283
DIS,26403,QMLE-Trade,2020-1-23,0.169574
DIS,26403,QMLE-Trade,2020-1-24,0.179321
DIS,26403,QMLE-Trade,2020-1-27,0.228893
DIS,26403,QMLE-Trade,2020-1-28,0.172466
DIS,26403,QMLE-Trade,2020-1-29,0.163047
DIS,26403,QMLE-Trade,2020-1-30,0.216134
DIS,26403,QMLE-Trade,2020-1-31,0.210694
DIS,26403,QMLE-Trade,2020-2-3,0.193422
DIS,26403,QMLE-Trade,2020-2-4,0.18643
DIS,26403,QMLE-Trade,2020-2-5,0.318778
DIS,26403,QMLE-Trade,2020-2-6,0.159186
DIS,26403,QMLE-Trade,2020-2-7,0.146327
DIS,26403,QMLE-Trade,2020-2-10,0.134047
DIS,26403,QMLE-Trade,2020-2-11,0.137264
DIS,26403,QMLE-Trade,2020-2-12,0.127274
DIS,26403,QMLE-Trade,2020-2-13,0.118076
DIS,26403,QMLE-Trade,2020-2-14,0.113298
DIS,26403,QMLE-Trade,2020-2-18,0.126579
DIS,26403,QMLE-Trade,2020-2-19,0.122129
DIS,26403,QMLE-Trade,2020-2-20,0.183365
DIS,26403,QMLE-Trade,2020-2-21,0.15797
DIS,26403,QMLE-Trade,2020-2-24,0.27721
DIS,26403,QMLE-Trade,2020-2-25,0.302171
DIS,26403,QMLE-Trade,2020-2-26,0.36719
DIS,26403,QMLE-Trade,2020-2-27,0.454887
DIS,26403,QMLE-Trade,2020-2-28,0.638822
DIS,26403,QMLE-Trade,2020-3-2,0.407956
DIS,26403,QMLE-Trade,2020-3-3,0.587312
DIS,26403,QMLE-Trade,2020-3-4,0.32638
DIS,26403,QMLE-Trade,2020-3-5,0.4075
DIS,26403,QMLE-Trade,2020-3-6,0.446514
DIS,26403,QMLE-Trade,2020-3-9,0.572166
DIS,26403,QMLE-Trade,2020-3-10,0.606673
DIS,26403,QMLE-Trade,2020-3-11,0.524177
DIS,26403,QMLE-Trade,2020-3-12,1.06599
DIS,26403,QMLE-Trade,2020-3-13,1.04182
DIS,26403,QMLE-Trade,2020-3-16,1.0012
DIS,26403,QMLE-Trade,2020-3-17,1.00698
DIS,26403,QMLE-Trade,2020-3-18,1.19489
DIS,26403,QMLE-Trade,2020-3-19,1.21048
DIS,26403,QMLE-Trade,2020-3-20,1.01538
DIS,26403,QMLE-Trade,2020-3-23,1.23385
DIS,26403,QMLE-Trade,2020-3-24,0.814323
DIS,26403,QMLE-Trade,2020-3-25,0.960491
DIS,26403,QMLE-Trade,2020-3-26,0.815798
DIS,26403,QMLE-Trade,2020-3-27,0.803859
DIS,26403,QMLE-Trade,2020-3-30,0.686007
DIS,26403,QMLE-Trade,2020-3-31,0.631374
DIS,26403,QMLE-Trade,2020-4-1,0.637408
DIS,26403,QMLE-Trade,2020-4-2,0.538959
DIS,26403,QMLE-Trade,2020-4-3,0.461935
DIS,26403,QMLE-Trade,2020-4-6,0.472212
DIS,26403,QMLE-Trade,2020-4-7,0.542727
DIS,26403,QMLE-Trade,2020-4-8,0.443759
DIS,26403,QMLE-Trade,2020-4-9,0.51557
DIS,26403,QMLE-Trade,2020-4-13,0.429089
DIS,26403,QMLE-Trade,2020-4-14,0.40279
DIS,26403,QMLE-Trade,2020-4-15,0.359268
DIS,26403,QMLE-Trade,2020-4-16,0.388237
DIS,26403,QMLE-Trade,2020-4-17,0.322506
DIS,26403,QMLE-Trade,2020-4-20,0.365966
DIS,26403,QMLE-Trade,2020-4-21,0.379092
DIS,26403,QMLE-Trade,2020-4-22,0.293292
DIS,26403,QMLE-Trade,2020-4-23,0.367722
DIS,26403,QMLE-Trade,2020-4-24,0.269392
DIS,26403,QMLE-Trade,2020-4-27,0.239243
DIS,26403,QMLE-Trade,2020-4-28,0.32523
DIS,26403,QMLE-Trade,2020-4-29,0.297329
DIS,26403,QMLE-Trade,2020-4-30,0.358731
DIS,26403,QMLE-Trade,2020-5-1,0.314707
DIS,26403,QMLE-Trade,2020-5-4,0.304156
DIS,26403,QMLE-Trade,2020-5-5,0.332395
DIS,26403,QMLE-Trade,2020-5-6,0.529305
DIS,26403,QMLE-Trade,2020-5-7,0.299563
DIS,26403,QMLE-Trade,2020-5-8,0.282447
DIS,26403,QMLE-Trade,2020-5-11,0.279679
DIS,26403,QMLE-Trade,2020-5-12,0.27292
DIS,26403,QMLE-Trade,2020-5-13,0.342568
DIS,26403,QMLE-Trade,2020-5-14,0.362505
DIS,26403,QMLE-Trade,2020-5-15,0.328717
DIS,26403,QMLE-Trade,2020-5-18,0.36406
DIS,26403,QMLE-Trade,2020-5-19,0.313249
DIS,26403,QMLE-Trade,2020-5-20,0.344412
DIS,26403,QMLE-Trade,2020-5-21,0.320319
DIS,26403,QMLE-Trade,2020-5-22,0.231161
DIS,26403,QMLE-Trade,2020-5-26,0.248158
DIS,26403,QMLE-Trade,2020-5-27,0.335813
DIS,26403,QMLE-Trade,2020-5-28,0.28477
DIS,26403,QMLE-Trade,2020-5-29,0.324649
DIS,26403,QMLE-Trade,2020-6-1,0.222415
DIS,26403,QMLE-Trade,2020-6-2,0.237148
DIS,26403,QMLE-Trade,2020-6-3,0.201127
DIS,26403,QMLE-Trade,2020-6-4,0.259109
DIS,26403,QMLE-Trade,2020-6-5,0.293807
DIS,26403,QMLE-Trade,2020-6-8,0.217196
DIS,26403,QMLE-Trade,2020-6-9,0.223011
DIS,26403,QMLE-Trade,2020-6-10,0.287224
DIS,26403,QMLE-Trade,2020-6-11,0.345503
DIS,26403,QMLE-Trade,2020-6-12,0.408738
DIS,26403,QMLE-Trade,2020-6-15,0.349722
DIS,26403,QMLE-Trade,2020-6-16,0.415707
DIS,26403,QMLE-Trade,2020-6-17,0.274687
DIS,26403,QMLE-Trade,2020-6-18,0.239453
DIS,26403,QMLE-Trade,2020-6-19,0.31203
DIS,26403,QMLE-Trade,2020-6-22,0.277641
DIS,26403,QMLE-Trade,2020-6-23,0.230218
DIS,26403,QMLE-Trade,2020-6-24,0.335217
DIS,26403,QMLE-Trade,2020-6-25,0.346125
DIS,26403,QMLE-Trade,2020-6-26,0.327253
DIS,26403,QMLE-Trade,2020-6-29,0.261068
DIS,26403,QMLE-Trade,2020-6-30,0.253343
DIS,26403,QMLE-Trade,2020-7-1,0.306515
DIS,26403,QMLE-Trade,2020-7-2,0.24221
DIS,26403,QMLE-Trade,2020-7-6,0.22885
DIS,26403,QMLE-Trade,2020-7-7,0.21086
DIS,26403,QMLE-Trade,2020-7-8,0.271968
DIS,26403,QMLE-Trade,2020-7-9,0.291933
DIS,26403,QMLE-Trade,2020-7-10,0.249219
DIS,26403,QMLE-Trade,2020-7-13,0.322199
DIS,26403,QMLE-Trade,2020-7-14,0.346123
DIS,26403,QMLE-Trade,2020-7-15,0.306633
DIS,26403,QMLE-Trade,2020-7-16,0.250409
DIS,26403,QMLE-Trade,2020-7-17,0.212247
DIS,26403,QMLE-Trade,2020-7-20,0.211555
DIS,26403,QMLE-Trade,2020-7-21,0.221986
DIS,26403,QMLE-Trade,2020-7-22,0.180132
DIS,26403,QMLE-Trade,2020-7-23,0.206282
DIS,26403,QMLE-Trade,2020-7-24,0.255411
DIS,26403,QMLE-Trade,2020-7-27,0.206108
DIS,26403,QMLE-Trade,2020-7-28,0.205325
DIS,26403,QMLE-Trade,2020-7-29,0.167884
DIS,26403,QMLE-Trade,2020-7-30,0.207382
DIS,26403,QMLE-Trade,2020-7-31,0.203704
DIS,26403,QMLE-Trade,2020-8-3,0.21404
DIS,26403,QMLE-Trade,2020-8-4,0.210896
DIS,26403,QMLE-Trade,2020-8-5,0.436063
DIS,26403,QMLE-Trade,2020-8-6,0.33168
DIS,26403,QMLE-Trade,2020-8-7,0.263035
DIS,26403,QMLE-Trade,2020-8-10,0.231428
DIS,26403,QMLE-Trade,2020-8-11,0.275468
DIS,26403,QMLE-Trade,2020-8-12,0.207119
DIS,26403,QMLE-Trade,2020-8-13,0.198057
DIS,26403,QMLE-Trade,2020-8-14,0.174308
DIS,26403,QMLE-Trade,2020-8-17,0.190056
DIS,26403,QMLE-Trade,2020-8-18,0.147992
DIS,26403,QMLE-Trade,2020-8-19,0.17772
DIS,26403,QMLE-Trade,2020-8-20,0.164102
DIS,26403,QMLE-Trade,2020-8-21,0.171166
DIS,26403,QMLE-Trade,2020-8-24,0.178372
DIS,26403,QMLE-Trade,2020-8-25,0.181964
DIS,26403,QMLE-Trade,2020-8-26,0.185923
DIS,26403,QMLE-Trade,2020-8-27,0.265234
DIS,26403,QMLE-Trade,2020-8-28,0.212909
DIS,26403,QMLE-Trade,2020-8-31,0.216137
DIS,26403,QMLE-Trade,2020-9-1,0.185274
DIS,26403,QMLE-Trade,2020-9-2,0.195891
DIS,26403,QMLE-Trade,2020-9-3,0.333244
DIS,26403,QMLE-Trade,2020-9-4,0.388929
DIS,26403,QMLE-Trade,2020-9-8,0.367572
DIS,26403,QMLE-Trade,2020-9-9,0.248777
DIS,26403,QMLE-Trade,2020-9-10,0.314914
DIS,26403,QMLE-Trade,2020-9-11,0.272222
DIS,26403,QMLE-Trade,2020-9-14,0.20731
DIS,26403,QMLE-Trade,2020-9-15,0.190191
DIS,26403,QMLE-Trade,2020-9-16,0.199729
DIS,26403,QMLE-Trade,2020-9-17,0.229087
DIS,26403,QMLE-Trade,2020-9-18,0.235016
DIS,26403,QMLE-Trade,2020-9-21,0.300483
DIS,26403,QMLE-Trade,2020-9-22,0.220265
DIS,26403,QMLE-Trade,2020-9-23,0.230223
DIS,26403,QMLE-Trade,2020-9-24,0.295395
DIS,26403,QMLE-Trade,2020-9-25,0.229017
DIS,26403,QMLE-Trade,2020-9-28,0.208795
DIS,26403,QMLE-Trade,2020-9-29,0.199947
DIS,26403,QMLE-Trade,2020-9-30,0.278521
DIS,26403,QMLE-Trade,2020-10-1,0.227411
DIS,26403,QMLE-Trade,2020-10-2,0.250105
DIS,26403,QMLE-Trade,2020-10-5,0.153042
DIS,26403,QMLE-Trade,2020-10-6,0.243233
DIS,26403,QMLE-Trade,2020-10-7,0.207636
DIS,26403,QMLE-Trade,2020-10-8,0.148959
DIS,26403,QMLE-Trade,2020-10-9,0.170517
DIS,26403,QMLE-Trade,2020-10-12,0.169602
DIS,26403,QMLE-Trade,2020-10-13,0.276103
DIS,26403,QMLE-Trade,2020-10-14,0.210231
DIS,26403,QMLE-Trade,2020-10-15,0.214188
DIS,26403,QMLE-Trade,2020-10-16,0.171866
DIS,26403,QMLE-Trade,2020-10-19,0.20928
DIS,26403,QMLE-Trade,2020-10-20,0.204041
DIS,26403,QMLE-Trade,2020-10-21,0.212897
DIS,26403,QMLE-Trade,2020-10-22,0.208434
DIS,26403,QMLE-Trade,2020-10-23,0.160719
DIS,26403,QMLE-Trade,2020-10-26,0.227946
DIS,26403,QMLE-Trade,2020-10-27,0.178819
DIS,26403,QMLE-Trade,2020-10-28,0.274204
DIS,26403,QMLE-Trade,2020-10-29,0.28157
DIS,26403,QMLE-Trade,2020-10-30,0.301793
DIS,26403,QMLE-Trade,2020-11-2,0.266633
DIS,26403,QMLE-Trade,2020-11-3,0.241003
DIS,26403,QMLE-Trade,2020-11-4,0.301794
DIS,26403,QMLE-Trade,2020-11-5,0.230359
DIS,26403,QMLE-Trade,2020-11-6,0.238037
DIS,26403,QMLE-Trade,2020-11-9,0.503357
DIS,26403,QMLE-Trade,2020-11-10,0.324353
DIS,26403,QMLE-Trade,2020-11-11,0.239363
DIS,26403,QMLE-Trade,2020-11-12,0.257451
DIS,26403,QMLE-Trade,2020-11-13,0.357112
DIS,26403,QMLE-Trade,2020-11-16,0.253272
DIS,26403,QMLE-Trade,2020-11-17,0.202367
DIS,26403,QMLE-Trade,2020-11-18,0.194723
DIS,26403,QMLE-Trade,2020-11-19,0.197914
DIS,26403,QMLE-Trade,2020-11-20,0.160463
DIS,26403,QMLE-Trade,2020-11-23,0.223094
DIS,26403,QMLE-Trade,2020-11-24,0.232664
DIS,26403,QMLE-Trade,2020-11-25,0.216639
DIS,26403,QMLE-Trade,2020-11-27,0.175068
DIS,26403,QMLE-Trade,2020-11-30,0.233756
DIS,26403,QMLE-Trade,2020-12-1,0.210453
DIS,26403,QMLE-Trade,2020-12-2,0.220712
DIS,26403,QMLE-Trade,2020-12-3,0.221938
DIS,26403,QMLE-Trade,2020-12-4,0.174389
DIS,26403,QMLE-Trade,2020-12-7,0.164781
DIS,26403,QMLE-Trade,2020-12-8,0.18812
DIS,26403,QMLE-Trade,2020-12-9,0.245841
DIS,26403,QMLE-Trade,2020-12-10,0.239391
DIS,26403,QMLE-Trade,2020-12-11,0.508201
DIS,26403,QMLE-Trade,2020-12-14,0.393954
DIS,26403,QMLE-Trade,2020-12-15,0.293087
DIS,26403,QMLE-Trade,2020-12-17,0.201992
DIS,26403,QMLE-Trade,2020-12-18,0.219136
DIS,26403,QMLE-Trade,2020-12-21,0.271655
DIS,26403,QMLE-Trade,2020-12-22,0.202436
DIS,26403,QMLE-Trade,2020-12-23,0.250417
DIS,26403,QMLE-Trade,2020-12-24,0.156268
DIS,26403,QMLE-Trade,2020-12-28,0.239484
DIS,26403,QMLE-Trade,2020-12-29,0.205691
DIS,26403,QMLE-Trade,2020-12-30,0.228641
DIS,26403,QMLE-Trade,2020-12-31,0.213722
DIS,26403,QMLE-Trade,2021-1-4,0.306252
DIS,26403,QMLE-Trade,2021-1-5,0.233167
DIS,26403,QMLE-Trade,2021-1-6,0.275348
DIS,26403,QMLE-Trade,2021-1-7,0.189873
DIS,26403,QMLE-Trade,2021-1-8,0.222636
DIS,26403,QMLE-Trade,2021-1-11,0.220808
DIS,26403,QMLE-Trade,2021-1-12,0.222925
DIS,26403,QMLE-Trade,2021-1-13,0.224044
DIS,26403,QMLE-Trade,2021-1-14,0.172299
DIS,26403,QMLE-Trade,2021-1-15,0.271727
DIS,26403,QMLE-Trade,2021-1-19,0.229494
DIS,26403,QMLE-Trade,2021-1-20,0.265493
DIS,26403,QMLE-Trade,2021-1-21,0.242422
DIS,26403,QMLE-Trade,2021-1-22,0.247115
DIS,26403,QMLE-Trade,2021-1-25,0.26646
DIS,26403,QMLE-Trade,2021-1-26,0.202906
DIS,26403,QMLE-Trade,2021-1-27,0.557718
DIS,26403,QMLE-Trade,2021-1-28,0.397415
DIS,26403,QMLE-Trade,2021-1-29,0.338915
DIS,26403,QMLE-Trade,2021-2-1,0.256329
DIS,26403,QMLE-Trade,2021-2-2,0.263439
DIS,26403,QMLE-Trade,2021-2-3,0.211881
DIS,26403,QMLE-Trade,2021-2-4,0.237273
DIS,26403,QMLE-Trade,2021-2-5,0.213414
DIS,26403,QMLE-Trade,2021-2-8,0.282019
DIS,26403,QMLE-Trade,2021-2-9,0.265146
DIS,26403,QMLE-Trade,2021-2-10,0.2797
DIS,26403,QMLE-Trade,2021-2-11,0.2658
DIS,26403,QMLE-Trade,2021-2-12,0.442575
DIS,26403,QMLE-Trade,2021-2-16,0.274313
DIS,26403,QMLE-Trade,2021-2-17,0.279273
DIS,26403,QMLE-Trade,2021-2-18,0.278106
DIS,26403,QMLE-Trade,2021-2-19,0.19399
DIS,26403,QMLE-Trade,2021-2-22,0.343668
DIS,26403,QMLE-Trade,2021-2-23,0.427843
DIS,26403,QMLE-Trade,2021-2-24,0.338689
DIS,26403,QMLE-Trade,2021-2-25,0.378972
DIS,26403,QMLE-Trade,2021-3-1,0.257981
DIS,26403,QMLE-Trade,2021-3-2,0.256947
DIS,26403,QMLE-Trade,2021-3-3,0.27041
DIS,26403,QMLE-Trade,2021-3-4,0.3907
DIS,26403,QMLE-Trade,2021-3-5,0.368478
DIS,26403,QMLE-Trade,2021-3-8,0.363135
DIS,26403,QMLE-Trade,2021-3-9,0.358362
DIS,26403,QMLE-Trade,2021-3-10,0.272843
DIS,26403,QMLE-Trade,2021-3-11,0.203282
DIS,26403,QMLE-Trade,2021-3-12,0.21897
DIS,26403,QMLE-Trade,2021-3-15,0.193882
DIS,26403,QMLE-Trade,2021-3-16,0.209718
DIS,26403,QMLE-Trade,2021-3-17,0.289532
DIS,26403,QMLE-Trade,2021-3-18,0.240661
DIS,26403,QMLE-Trade,2021-3-19,0.242834
DIS,26403,QMLE-Trade,2021-3-22,0.196171
DIS,26403,QMLE-Trade,2021-3-24,0.334752
DIS,26403,QMLE-Trade,2021-3-25,0.29733
DIS,26403,QMLE-Trade,2021-3-26,0.278068
DIS,26403,QMLE-Trade,2021-3-29,0.232402
DIS,26403,QMLE-Trade,2021-3-30,0.20271
DIS,26403,QMLE-Trade,2021-3-31,0.177919
DIS,26403,QMLE-Trade,2021-4-1,0.169704
DIS,26403,QMLE-Trade,2021-4-5,0.162972
DIS,26403,QMLE-Trade,2021-4-6,0.190926
DIS,26403,QMLE-Trade,2021-4-7,0.145696
DIS,26403,QMLE-Trade,2021-4-9,0.169697
DIS,26403,QMLE-Trade,2021-4-12,0.135127
DIS,26403,QMLE-Trade,2021-4-13,0.132285
DIS,26403,QMLE-Trade,2021-4-14,0.199771
DIS,26403,QMLE-Trade,2021-4-15,0.16369
DIS,26403,QMLE-Trade,2021-4-16,0.182829
DIS,26403,QMLE-Trade,2021-4-19,0.192878
DIS,26403,QMLE-Trade,2021-4-20,0.202516
DIS,26403,QMLE-Trade,2021-4-21,0.213596
DIS,26403,QMLE-Trade,2021-4-22,0.214755
DIS,26403,QMLE-Trade,2021-4-23,0.136922
DIS,26403,QMLE-Trade,2021-4-26,0.138895
DIS,26403,QMLE-Trade,2021-4-27,0.151242
DIS,26403,QMLE-Trade,2021-4-28,0.150135
DIS,26403,QMLE-Trade,2021-4-29,0.165864
DIS,26403,QMLE-Trade,2021-4-30,0.15928
DIS,26403,QMLE-Trade,2021-5-3,0.179511
DIS,26403,QMLE-Trade,2021-5-4,0.208842
DIS,26403,QMLE-Trade,2021-5-5,0.162863
DIS,26403,QMLE-Trade,2021-5-6,0.19196
DIS,26403,QMLE-Trade,2021-5-7,0.168999
DIS,26403,QMLE-Trade,2021-5-10,0.188412
DIS,26403,QMLE-Trade,2021-5-11,0.253714
DIS,26403,QMLE-Trade,2021-5-13,0.240365
DIS,26403,QMLE-Trade,2021-5-14,0.313284
DIS,26403,QMLE-Trade,2021-5-17,0.261284
DIS,26403,QMLE-Trade,2021-5-18,0.167105
DIS,26403,QMLE-Trade,2021-5-19,0.236114
DIS,26403,QMLE-Trade,2021-5-20,0.159372
DIS,26403,QMLE-Trade,2021-5-21,0.157858
DIS,26403,QMLE-Trade,2021-5-24,0.141952
DIS,26403,QMLE-Trade,2021-5-25,0.162894
DIS,26403,QMLE-Trade,2021-5-26,0.147922
DIS,26403,QMLE-Trade,2021-5-27,0.15722
DIS,26403,QMLE-Trade,2021-5-28,0.142662
DIS,26403,QMLE-Trade,2021-6-1,0.133326
DIS,26403,QMLE-Trade,2021-6-2,0.146106
DIS,26403,QMLE-Trade,2021-6-3,0.162788
DIS,26403,QMLE-Trade,2021-6-4,0.140576
DIS,26403,QMLE-Trade,2021-6-7,0.124879
DIS,26403,QMLE-Trade,2021-6-8,0.143843
DIS,26403,QMLE-Trade,2021-6-9,0.144477
DIS,26403,QMLE-Trade,2021-6-10,0.134952
DIS,26403,QMLE-Trade,2021-6-11,0.124761
DIS,26403,QMLE-Trade,2021-6-14,0.132234
DIS,26403,QMLE-Trade,2021-6-15,0.119256
DIS,26403,QMLE-Trade,2021-6-16,0.166785
DIS,26403,QMLE-Trade,2021-6-17,0.157103
DIS,26403,QMLE-Trade,2021-6-18,0.152176
DIS,26403,QMLE-Trade,2021-6-21,0.149376
DIS,26403,QMLE-Trade,2021-6-22,0.133009
DIS,26403,QMLE-Trade,2021-6-23,0.136885
DIS,26403,QMLE-Trade,2021-6-24,0.131848
DIS,26403,QMLE-Trade,2021-6-25,0.114536
DIS,26403,QMLE-Trade,2021-6-28,0.174175
DIS,26403,QMLE-Trade,2021-6-29,0.145465
DIS,26403,QMLE-Trade,2021-6-30,0.128734
DIS,26403,QMLE-Trade,2021-7-1,0.137148
DIS,26403,QMLE-Trade,2021-7-2,0.196158
DIS,26403,QMLE-Trade,2021-7-6,0.144885
DIS,26403,QMLE-Trade,2021-7-7,0.15862
DIS,26403,QMLE-Trade,2021-7-8,0.186538
DIS,26403,QMLE-Trade,2021-7-9,0.133777
DIS,26403,QMLE-Trade,2021-7-12,0.222615
DIS,26403,QMLE-Trade,2021-7-13,0.20212
DIS,26403,QMLE-Trade,2021-7-14,0.181722
DIS,26403,QMLE-Trade,2021-7-15,0.163511
DIS,26403,QMLE-Trade,2021-7-16,0.159313
DIS,26403,QMLE-Trade,2021-7-19,0.232974
DIS,26403,QMLE-Trade,2021-7-20,0.178215
DIS,26403,QMLE-Trade,2021-7-21,0.153804
DIS,26403,QMLE-Trade,2021-7-22,0.159381
DIS,26403,QMLE-Trade,2021-7-23,0.145367
DIS,26403,QMLE-Trade,2021-7-26,0.133641
DIS,26403,QMLE-Trade,2021-7-27,0.184603
DIS,26403,QMLE-Trade,2021-7-28,0.176936
DIS,26403,QMLE-Trade,2021-7-29,0.148552
DIS,26403,QMLE-Trade,2021-7-30,0.161509
DIS,26403,QMLE-Trade,2021-8-2,0.157188
DIS,26403,QMLE-Trade,2021-8-3,0.189795
DIS,26403,QMLE-Trade,2021-8-4,0.148779
DIS,26403,QMLE-Trade,2021-8-5,0.171923
DIS,26403,QMLE-Trade,2021-8-6,0.168966
DIS,26403,QMLE-Trade,2021-8-9,0.144999
DIS,26403,QMLE-Trade,2021-8-10,0.143219
DIS,26403,QMLE-Trade,2021-8-11,0.154316
DIS,26403,QMLE-Trade,2021-8-12,0.168127
DIS,26403,QMLE-Trade,2021-8-13,0.31131
DIS,26403,QMLE-Trade,2021-8-16,0.194287
DIS,26403,QMLE-Trade,2021-8-17,0.183097
DIS,26403,QMLE-Trade,2021-8-18,0.164537
DIS,26403,QMLE-Trade,2021-8-19,0.193116
DIS,26403,QMLE-Trade,2021-8-20,0.129402
DIS,26403,QMLE-Trade,2021-8-23,0.153138
DIS,26403,QMLE-Trade,2021-8-24,0.149537
DIS,26403,QMLE-Trade,2021-8-25,0.149191
DIS,26403,QMLE-Trade,2021-8-26,0.153465
DIS,26403,QMLE-Trade,2021-8-27,0.165192
DIS,26403,QMLE-Trade,2021-8-30,0.148253
DIS,26403,QMLE-Trade,2021-8-31,0.171611
DIS,26403,QMLE-Trade,2021-9-1,0.1578
DIS,26403,QMLE-Trade,2021-9-2,0.17119
DIS,26403,QMLE-Trade,2021-9-3,0.149678
DIS,26403,QMLE-Trade,2021-9-7,0.212513
DIS,26403,QMLE-Trade,2021-9-8,0.214565
DIS,26403,QMLE-Trade,2021-9-9,0.17043
DIS,26403,QMLE-Trade,2021-9-10,0.167312
DIS,26403,QMLE-Trade,2021-9-13,0.193116
DIS,26403,QMLE-Trade,2021-9-14,0.158067
DIS,26403,QMLE-Trade,2021-9-15,0.163499
DIS,26403,QMLE-Trade,2021-9-16,0.139414
DIS,26403,QMLE-Trade,2021-9-17,0.260692
DIS,26403,QMLE-Trade,2021-9-20,0.221182
DIS,26403,QMLE-Trade,2021-9-21,0.483394
DIS,26403,QMLE-Trade,2021-9-22,0.225306
DIS,26403,QMLE-Trade,2021-9-23,0.158429
DIS,26403,QMLE-Trade,2021-9-24,0.137734
DIS,26403,QMLE-Trade,2021-9-27,0.165464
DIS,26403,QMLE-Trade,2021-9-28,0.263165
DIS,26403,QMLE-Trade,2021-9-29,0.184243
DIS,26403,QMLE-Trade,2021-9-30,0.215646
DIS,26403,QMLE-Trade,2021-10-1,0.24651
DIS,26403,QMLE-Trade,2021-10-4,0.230583
DIS,26403,QMLE-Trade,2021-10-5,0.177891
DIS,26403,QMLE-Trade,2021-10-6,0.212315
DIS,26403,QMLE-Trade,2021-10-7,0.151665
DIS,26403,QMLE-Trade,2021-10-8,0.176414
DIS,26403,QMLE-Trade,2021-10-11,0.16272
DIS,26403,QMLE-Trade,2021-10-12,0.187528
DIS,26403,QMLE-Trade,2021-10-13,0.165008
DIS,26403,QMLE-Trade,2021-10-14,0.150594
DIS,26403,QMLE-Trade,2021-10-15,0.288856
DIS,26403,QMLE-Trade,2021-10-18,0.181715
DIS,26403,QMLE-Trade,2021-10-19,0.131216
DIS,26403,QMLE-Trade,2021-10-20,0.120595
DIS,26403,QMLE-Trade,2021-10-21,0.121927
DIS,26403,QMLE-Trade,2021-10-22,0.118473
DIS,26403,QMLE-Trade,2021-10-25,0.141131
DIS,26403,QMLE-Trade,2021-10-26,0.125634
DIS,26403,QMLE-Trade,2021-10-27,0.142109
DIS,26403,QMLE-Trade,2021-10-28,0.142604
DIS,26403,QMLE-Trade,2021-11-1,0.137647
DIS,26403,QMLE-Trade,2021-11-2,0.122109
DIS,26403,QMLE-Trade,2021-11-3,0.154624
DIS,26403,QMLE-Trade,2021-11-4,0.134332
DIS,26403,QMLE-Trade,2021-11-5,0.209093
DIS,26403,QMLE-Trade,2021-11-8,0.197442
DIS,26403,QMLE-Trade,2021-11-9,0.202367
DIS,26403,QMLE-Trade,2021-11-10,0.195934
DIS,26403,QMLE-Trade,2021-11-11,0.41412
DIS,26403,QMLE-Trade,2021-11-12,0.178714
DIS,26403,QMLE-Trade,2021-11-15,0.140196
DIS,26403,QMLE-Trade,2021-11-16,0.134229
DIS,26403,QMLE-Trade,2021-11-17,0.138746
DIS,26403,QMLE-Trade,2021-11-18,0.171161
DIS,26403,QMLE-Trade,2021-11-19,0.184598
DIS,26403,QMLE-Trade,2021-11-22,0.230205
DIS,26403,QMLE-Trade,2021-11-23,0.188008
DIS,26403,QMLE-Trade,2021-11-24,0.189653
DIS,26403,QMLE-Trade,2021-11-26,0.233151
DIS,26403,QMLE-Trade,2021-11-29,0.220923
DIS,26403,QMLE-Trade,2021-11-30,0.255102
DIS,26403,QMLE-Trade,2021-12-1,0.263009
DIS,26403,QMLE-Trade,2021-12-2,0.273897
DIS,26403,QMLE-Trade,2021-12-3,0.269121
DIS,26403,QMLE-Trade,2021-12-6,0.251904
DIS,26403,QMLE-Trade,2021-12-7,0.217046
DIS,26403,QMLE-Trade,2021-12-8,0.203512
DIS,26403,QMLE-Trade,2021-12-9,0.187654
DIS,26403,QMLE-Trade,2021-12-10,0.183503
DIS,26403,QMLE-Trade,2021-12-13,0.179763
DIS,26403,QMLE-Trade,2021-12-14,0.232754
DIS,26403,QMLE-Trade,2021-12-15,0.2221
DIS,26403,QMLE-Trade,2021-12-16,0.21448
DIS,26403,QMLE-Trade,2021-12-17,0.23047
DIS,26403,QMLE-Trade,2021-12-20,0.207073
DIS,26403,QMLE-Trade,2021-12-21,0.177657
DIS,26403,QMLE-Trade,2021-12-22,0.174033
DIS,26403,QMLE-Trade,2021-12-23,0.149864
DIS,26403,QMLE-Trade,2021-12-28,0.201807
DIS,26403,QMLE-Trade,2021-12-29,0.167677
DIS,26403,QMLE-Trade,2021-12-30,0.172717
DIS,26403,QMLE-Trade,2021-12-31,0.141912
DIS,26403,QMLE-Trade,2022-1-3,0.204731
DIS,26403,QMLE-Trade,2022-1-4,0.227798
DIS,26403,QMLE-Trade,2022-1-5,0.234689
DIS,26403,QMLE-Trade,2022-1-6,0.245793
DIS,26403,QMLE-Trade,2022-1-7,0.208913
DIS,26403,QMLE-Trade,2022-1-10,0.22864
DIS,26403,QMLE-Trade,2022-1-11,0.243593
DIS,26403,QMLE-Trade,2022-1-12,0.190742
DIS,26403,QMLE-Trade,2022-1-13,0.216767
DIS,26403,QMLE-Trade,2022-1-14,0.297301
DIS,26403,QMLE-Trade,2022-1-18,0.255154
DIS,26403,QMLE-Trade,2022-1-19,0.278374
DIS,26403,QMLE-Trade,2022-1-20,0.233653
DIS,26403,QMLE-Trade,2022-1-21,0.38558
DIS,26403,QMLE-Trade,2022-1-24,0.492676
DIS,26403,QMLE-Trade,2022-1-25,0.387538
DIS,26403,QMLE-Trade,2022-1-26,0.416674
DIS,26403,QMLE-Trade,2022-1-27,0.373598
DIS,26403,QMLE-Trade,2022-1-28,0.345173
DIS,26403,QMLE-Trade,2022-1-31,0.247366
DIS,26403,QMLE-Trade,2022-2-1,0.247054
DIS,26403,QMLE-Trade,2022-2-2,0.232919
DIS,26403,QMLE-Trade,2022-2-3,0.24631
DIS,26403,QMLE-Trade,2022-2-4,0.259228
DIS,26403,QMLE-Trade,2022-2-7,0.255238
DIS,26403,QMLE-Trade,2022-2-8,0.218385
DIS,26403,QMLE-Trade,2022-2-9,0.236005
DIS,26403,QMLE-Trade,2022-2-10,0.461761
DIS,26403,QMLE-Trade,2022-2-11,0.331426
DIS,26403,QMLE-Trade,2022-2-14,0.328439
DIS,26403,QMLE-Trade,2022-2-15,0.244807
DIS,26403,QMLE-Trade,2022-2-16,0.248712
DIS,26403,QMLE-Trade,2022-2-17,0.211261
DIS,26403,QMLE-Trade,2022-2-18,0.240998
DIS,26403,QMLE-Trade,2022-2-22,0.285413
DIS,26403,QMLE-Trade,2022-2-23,0.259627
DIS,26403,QMLE-Trade,2022-2-24,0.370793
DIS,26403,QMLE-Trade,2022-2-25,0.272121
DIS,26403,QMLE-Trade,2022-2-28,0.306255
DIS,26403,QMLE-Trade,2022-3-1,0.305958
DIS,26403,QMLE-Trade,2022-3-2,0.278496
DIS,26403,QMLE-Trade,2022-3-3,0.268232
DIS,26403,QMLE-Trade,2022-3-4,0.27113
DIS,26403,QMLE-Trade,2022-3-7,0.289902
DIS,26403,QMLE-Trade,2022-3-8,0.423779
DIS,26403,QMLE-Trade,2022-3-9,0.281711
DIS,26403,QMLE-Trade,2022-3-10,0.272773
DIS,26403,QMLE-Trade,2022-3-11,0.266358
DIS,26403,QMLE-Trade,2022-3-14,0.276749
DIS,26403,QMLE-Trade,2022-3-15,0.269904
DIS,26403,QMLE-Trade,2022-3-16,0.336286
DIS,26403,QMLE-Trade,2022-3-17,0.24143
DIS,26403,QMLE-Trade,2022-3-18,0.223146
DIS,26403,QMLE-Trade,2022-3-21,0.253177
DIS,26403,QMLE-Trade,2022-3-22,0.203763
DIS,26403,QMLE-Trade,2022-3-23,0.206391
DIS,26403,QMLE-Trade,2022-3-24,0.198372
DIS,26403,QMLE-Trade,2022-3-25,0.195537
DIS,26403,QMLE-Trade,2022-3-28,0.219755
DIS,26403,QMLE-Trade,2022-3-29,0.309343
DIS,26403,QMLE-Trade,2022-3-30,0.241387
DIS,26403,QMLE-Trade,2022-3-31,0.23547
DIS,26403,QMLE-Trade,2022-4-1,0.236481
DIS,26403,QMLE-Trade,2022-4-4,0.196946
DIS,26403,QMLE-Trade,2022-4-5,0.201918
DIS,26403,QMLE-Trade,2022-4-6,0.286999
DIS,26403,QMLE-Trade,2022-4-7,0.256394
DIS,26403,QMLE-Trade,2022-4-8,0.206421
DIS,26403,QMLE-Trade,2022-4-11,0.255501
DIS,26403,QMLE-Trade,2022-4-12,0.233237
DIS,26403,QMLE-Trade,2022-4-13,0.220301
DIS,26403,QMLE-Trade,2022-4-14,0.196584
DIS,26403,QMLE-Trade,2022-4-18,0.21709
DIS,26403,QMLE-Trade,2022-4-19,0.24832
DIS,26403,QMLE-Trade,2022-4-20,0.372155
DIS,26403,QMLE-Trade,2022-4-21,0.289916
DIS,26403,QMLE-Trade,2022-4-22,0.307822
DIS,26403,QMLE-Trade,2022-4-25,0.340935
DIS,26403,QMLE-Trade,2022-4-26,0.301434
DIS,26403,QMLE-Trade,2022-4-27,0.376057
DIS,26403,QMLE-Trade,2022-4-28,0.341441
DIS,26403,QMLE-Trade,2022-4-29,0.315972
DIS,26403,QMLE-Trade,2022-5-2,0.399186
DIS,26403,QMLE-Trade,2022-5-3,0.333969
DIS,26403,QMLE-Trade,2022-5-4,0.361834
DIS,26403,QMLE-Trade,2022-5-5,0.357208
DIS,26403,QMLE-Trade,2022-5-6,0.408518
DIS,26403,QMLE-Trade,2022-5-9,0.398115
DIS,26403,QMLE-Trade,2022-5-10,0.415537
DIS,26403,QMLE-Trade,2022-5-11,0.4351
DIS,26403,QMLE-Trade,2022-5-12,0.651522
DIS,26403,QMLE-Trade,2022-5-13,0.381779
DIS,26403,QMLE-Trade,2022-5-16,0.366533
DIS,26403,QMLE-Trade,2022-5-18,0.31455
DIS,26403,QMLE-Trade,2022-5-19,0.40034
DIS,26403,QMLE-Trade,2022-5-20,0.346046
DIS,26403,QMLE-Trade,2022-5-23,0.311561
DIS,26403,QMLE-Trade,2022-5-24,0.334543
DIS,26403,QMLE-Trade,2022-5-25,0.349628
DIS,26403,QMLE-Trade,2022-5-26,0.249568
DIS,26403,QMLE-Trade,2022-5-27,0.221402
DIS,26403,QMLE-Trade,2022-5-31,0.283009
DIS,26403,QMLE-Trade,2022-6-1,0.279186
DIS,26403,QMLE-Trade,2022-6-2,0.270899
DIS,26403,QMLE-Trade,2022-6-3,0.24911
DIS,26403,QMLE-Trade,2022-6-6,0.253924
DIS,26403,QMLE-Trade,2022-6-7,0.243174
DIS,26403,QMLE-Trade,2022-6-8,0.252195
DIS,26403,QMLE-Trade,2022-6-9,0.253557
DIS,26403,QMLE-Trade,2022-6-10,0.301615
DIS,26403,QMLE-Trade,2022-6-13,0.334585
DIS,26403,QMLE-Trade,2022-6-14,0.302961
DIS,26403,QMLE-Trade,2022-6-15,0.43486
DIS,26403,QMLE-Trade,2022-6-16,0.33838
DIS,26403,QMLE-Trade,2022-6-17,0.331005
DIS,26403,QMLE-Trade,2022-6-21,0.277584
DIS,26403,QMLE-Trade,2022-6-22,0.280367
DIS,26403,QMLE-Trade,2022-6-23,0.282264
DIS,26403,QMLE-Trade,2022-6-24,0.22029
DIS,26403,QMLE-Trade,2022-6-27,0.249754
DIS,26403,QMLE-Trade,2022-6-28,0.30246
DIS,26403,QMLE-Trade,2022-6-29,0.28485
DIS,26403,QMLE-Trade,2022-6-30,0.286109
DIS,26403,QMLE-Trade,2022-7-1,0.303721
DIS,26403,QMLE-Trade,2022-7-5,0.29683
DIS,26403,QMLE-Trade,2022-7-6,0.30029
DIS,26403,QMLE-Trade,2022-7-7,0.20782
DIS,26403,QMLE-Trade,2022-7-8,0.203774
DIS,26403,QMLE-Trade,2022-7-11,0.234487
DIS,26403,QMLE-Trade,2022-7-12,0.281208
DIS,26403,QMLE-Trade,2022-7-13,0.310208
DIS,26403,QMLE-Trade,2022-7-14,0.273309
DIS,26403,QMLE-Trade,2022-7-15,0.308005
DIS,26403,QMLE-Trade,2022-7-18,0.229555
DIS,26403,QMLE-Trade,2022-7-19,0.218675
DIS,26403,QMLE-Trade,2022-7-20,0.274774
DIS,26403,QMLE-Trade,2022-7-21,0.276506
DIS,26403,QMLE-Trade,2022-7-22,0.22616
DIS,26403,QMLE-Trade,2022-7-25,0.226857
DIS,26403,QMLE-Trade,2022-7-26,0.218272
DIS,26403,QMLE-Trade,2022-7-27,0.237419
DIS,26403,QMLE-Trade,2022-7-28,0.235873
DIS,26403,QMLE-Trade,2022-7-29,0.220541
DIS,26403,QMLE-Trade,2022-8-1,0.247492
DIS,26403,QMLE-Trade,2022-8-2,0.251552
DIS,26403,QMLE-Trade,2022-8-3,0.222908
DIS,26403,QMLE-Trade,2022-8-4,0.243445
DIS,26403,QMLE-Trade,2022-8-5,0.24628
DIS,26403,QMLE-Trade,2022-8-8,0.245763
DIS,26403,QMLE-Trade,2022-8-9,0.229483
DIS,26403,QMLE-Trade,2022-8-10,0.270829
DIS,26403,QMLE-Trade,2022-8-11,0.417538
DIS,26403,QMLE-Trade,2022-8-12,0.250131
DIS,26403,QMLE-Trade,2022-8-15,0.345201
DIS,26403,QMLE-Trade,2022-8-16,0.220521
DIS,26403,QMLE-Trade,2022-8-17,0.251012
DIS,26403,QMLE-Trade,2022-8-18,0.213971
DIS,26403,QMLE-Trade,2022-8-19,0.220049
DIS,26403,QMLE-Trade,2022-8-22,0.231295
DIS,26403,QMLE-Trade,2022-8-23,0.218786
DIS,26403,QMLE-Trade,2022-8-24,0.197615
DIS,26403,QMLE-Trade,2022-8-25,0.189192
DIS,26403,QMLE-Trade,2022-8-26,0.267572
DIS,26403,QMLE-Trade,2022-8-29,0.233811
DIS,26403,QMLE-Trade,2022-8-30,0.249987
DIS,26403,QMLE-Trade,2022-8-31,0.277612
DIS,26403,QMLE-Trade,2022-9-1,0.265316
DIS,26403,QMLE-Trade,2022-9-2,0.273843
DIS,26403,QMLE-Trade,2022-9-6,0.278878
DIS,26403,QMLE-Trade,2022-9-8,0.274549
DIS,26403,QMLE-Trade,2022-9-9,0.191011
DIS,26403,QMLE-Trade,2022-9-12,0.203894
DIS,26403,QMLE-Trade,2022-9-13,0.250719
DIS,26403,QMLE-Trade,2022-9-14,0.232568
DIS,26403,QMLE-Trade,2022-9-15,0.264027
DIS,26403,QMLE-Trade,2022-9-16,0.313248
DIS,26403,QMLE-Trade,2022-9-19,0.238033
DIS,26403,QMLE-Trade,2022-9-20,0.228576
DIS,26403,QMLE-Trade,2022-9-21,0.380356
DIS,26403,QMLE-Trade,2022-9-22,0.271454
DIS,26403,QMLE-Trade,2022-9-23,0.272119
DIS,26403,QMLE-Trade,2022-9-26,0.304365
DIS,26403,QMLE-Trade,2022-9-27,0.298728
DIS,26403,QMLE-Trade,2022-9-28,0.281159
DIS,26403,QMLE-Trade,2022-9-29,0.277047
DIS,26403,QMLE-Trade,2022-9-30,0.297698
DIS,26403,QMLE-Trade,2022-10-4,0.262163
DIS,26403,QMLE-Trade,2022-10-5,0.241915
DIS,26403,QMLE-Trade,2022-10-6,0.260771
DIS,26403,QMLE-Trade,2022-10-7,0.244222
DIS,26403,QMLE-Trade,2022-10-10,0.279284
DIS,26403,QMLE-Trade,2022-10-11,0.280811
DIS,26403,QMLE-Trade,2022-10-12,0.281061
DIS,26403,QMLE-Trade,2022-10-13,0.405782
DIS,26403,QMLE-Trade,2022-10-14,0.349742
DIS,26403,QMLE-Trade,2022-10-17,0.246551
DIS,26403,QMLE-Trade,2022-10-18,0.302966
DIS,26403,QMLE-Trade,2022-10-19,0.322991
DIS,26403,QMLE-Trade,2022-10-20,0.291015
DIS,26403,QMLE-Trade,2022-10-21,0.334864
DIS,26403,QMLE-Trade,2022-10-24,0.303823
DIS,26403,QMLE-Trade,2022-10-25,0.201529
DIS,26403,QMLE-Trade,2022-10-26,0.265948
DIS,26403,QMLE-Trade,2022-10-27,0.284148
DIS,26403,QMLE-Trade,2022-10-28,0.24094
DIS,26403,QMLE-Trade,2022-10-31,0.234432
DIS,26403,QMLE-Trade,2022-11-1,0.265109
DIS,26403,QMLE-Trade,2022-11-2,0.389473
DIS,26403,QMLE-Trade,2022-11-3,0.274836
DIS,26403,QMLE-Trade,2022-11-4,0.33792
DIS,26403,QMLE-Trade,2022-11-7,0.23516
DIS,26403,QMLE-Trade,2022-11-8,0.276289
DIS,26403,QMLE-Trade,2022-11-9,0.43125
DIS,26403,QMLE-Trade,2022-11-10,0.358989
DIS,26403,QMLE-Trade,2022-11-11,0.341024
DIS,26403,QMLE-Trade,2022-11-14,0.313947
DIS,26403,QMLE-Trade,2022-11-15,0.329571
DIS,26403,QMLE-Trade,2022-11-16,0.267354
DIS,26403,QMLE-Trade,2022-11-17,0.250511
DIS,26403,QMLE-Trade,2022-11-18,0.243201
DIS,26403,QMLE-Trade,2022-11-21,0.458222
DIS,26403,QMLE-Trade,2022-11-22,0.273363
DIS,26403,QMLE-Trade,2022-11-23,0.251864
DIS,26403,QMLE-Trade,2022-11-25,0.171362
DIS,26403,QMLE-Trade,2022-11-28,0.258546
DIS,26403,QMLE-Trade,2022-11-29,0.237438
DIS,26403,QMLE-Trade,2022-11-30,0.247244
DIS,26403,QMLE-Trade,2022-12-1,0.262671
DIS,26403,QMLE-Trade,2022-12-2,0.242294
DIS,26403,QMLE-Trade,2022-12-6,0.257535
DIS,26403,QMLE-Trade,2022-12-7,0.286707
DIS,26403,QMLE-Trade,2022-12-8,0.236915
DIS,26403,QMLE-Trade,2022-12-9,0.259952
DIS,26403,QMLE-Trade,2022-12-12,0.214754
DIS,26403,QMLE-Trade,2022-12-13,0.352895
DIS,26403,QMLE-Trade,2022-12-14,0.402552
DIS,26403,QMLE-Trade,2022-12-15,0.258534
DIS,26403,QMLE-Trade,2022-12-16,0.249869
DIS,26403,QMLE-Trade,2022-12-19,0.25585
DIS,26403,QMLE-Trade,2022-12-20,0.248858
DIS,26403,QMLE-Trade,2022-12-21,0.228383
DIS,26403,QMLE-Trade,2022-12-22,0.246395
DIS,26403,QMLE-Trade,2022-12-23,0.28409
DIS,26403,QMLE-Trade,2022-12-27,0.250424
DIS,26403,QMLE-Trade,2022-12-29,0.252777
DIS,26403,QMLE-Trade,2022-12-30,0.229599
DIS,26403,QMLE-Trade,2023-1-3,0.282881
DIS,26403,QMLE-Trade,2023-1-4,0.300232
DIS,26403,QMLE-Trade,2023-1-5,0.254286
DIS,26403,QMLE-Trade,2023-1-6,0.251532
DIS,26403,QMLE-Trade,2023-1-9,0.209048
DIS,26403,QMLE-Trade,2023-1-10,0.231689
DIS,26403,QMLE-Trade,2023-1-11,0.198183
DIS,26403,QMLE-Trade,2023-1-12,0.298708
DIS,26403,QMLE-Trade,2023-1-17,0.231631
DIS,26403,QMLE-Trade,2023-1-18,0.235835
DIS,26403,QMLE-Trade,2023-1-19,0.233439
DIS,26403,QMLE-Trade,2023-1-20,0.2311
DIS,26403,QMLE-Trade,2023-1-23,0.213365
DIS,26403,QMLE-Trade,2023-1-24,0.249498
DIS,26403,QMLE-Trade,2023-1-25,0.223448
DIS,26403,QMLE-Trade,2023-1-26,0.253616
DIS,26403,QMLE-Trade,2023-1-27,0.198978
DIS,26403,QMLE-Trade,2023-1-30,0.195372
DIS,26403,QMLE-Trade,2023-1-31,0.188512
DIS,26403,QMLE-Trade,2023-2-1,0.298792
DIS,26403,QMLE-Trade,2023-2-2,0.281228
DIS,26403,QMLE-Trade,2023-2-3,0.309395
DIS,26403,QMLE-Trade,2023-2-6,0.251647
DIS,26403,QMLE-Trade,2023-2-7,0.278467
DIS,26403,QMLE-Trade,2023-2-8,0.28315
DIS,26403,QMLE-Trade,2023-2-9,0.449615
DIS,26403,QMLE-Trade,2023-2-10,0.284797
DIS,26403,QMLE-Trade,2023-2-13,0.237551
DIS,26403,QMLE-Trade,2023-2-14,0.263509
DIS,26403,QMLE-Trade,2023-2-15,0.204757
DIS,26403,QMLE-Trade,2023-2-16,0.245725
DIS,26403,QMLE-Trade,2023-2-17,0.208473
DIS,26403,QMLE-Trade,2023-2-21,0.209015
DIS,26403,QMLE-Trade,2023-2-22,0.234724
DIS,26403,QMLE-Trade,2023-2-23,0.223909
DIS,26403,QMLE-Trade,2023-2-24,0.227991
DIS,26403,QMLE-Trade,2023-2-27,0.199918
DIS,26403,QMLE-Trade,2023-2-28,0.195182
DIS,26403,QMLE-Trade,2023-3-1,0.21597
DIS,26403,QMLE-Trade,2023-3-2,0.211696
DIS,26403,QMLE-Trade,2023-3-3,0.194219
DIS,26403,QMLE-Trade,2023-3-6,0.192319
DIS,26403,QMLE-Trade,2023-3-7,0.235015
DIS,26403,QMLE-Trade,2023-3-8,0.206789
DIS,26403,QMLE-Trade,2023-3-9,0.222667
DIS,26403,QMLE-Trade,2023-3-10,0.364331
DIS,26403,QMLE-Trade,2023-3-13,0.448224
DIS,26403,QMLE-Trade,2023-3-14,0.270609
DIS,26403,QMLE-Trade,2023-3-15,0.353292
DIS,26403,QMLE-Trade,2023-3-16,0.273792
DIS,26403,QMLE-Trade,2023-3-17,0.269539
DIS,26403,QMLE-Trade,2023-3-20,0.238231
DIS,26403,QMLE-Trade,2023-3-21,0.196746
DIS,26403,QMLE-Trade,2023-3-22,0.290559
DIS,26403,QMLE-Trade,2023-3-23,0.273899
DIS,26403,QMLE-Trade,2023-3-24,0.26585
DIS,26403,QMLE-Trade,2023-3-27,0.223249
DIS,26403,QMLE-Trade,2023-3-28,0.188834
DIS,26403,QMLE-Trade,2023-3-29,0.159205
DIS,26403,QMLE-Trade,2023-3-30,0.200647
DIS,26403,QMLE-Trade,2023-3-31,0.146199
DIS,26403,QMLE-Trade,2023-4-3,0.181635
DIS,26403,QMLE-Trade,2023-4-4,0.179363
DIS,26403,QMLE-Trade,2023-4-5,0.188876
DIS,26403,QMLE-Trade,2023-4-6,0.16911
DIS,26403,QMLE-Trade,2023-4-10,0.182539
DIS,26403,QMLE-Trade,2023-4-11,0.176884
DIS,26403,QMLE-Trade,2023-4-12,0.220243
DIS,26403,QMLE-Trade,2023-4-13,0.177231
DIS,26403,QMLE-Trade,2023-4-14,0.201183
DIS,26403,QMLE-Trade,2023-4-17,0.172351
DIS,26403,QMLE-Trade,2023-4-18,0.183479
DIS,26403,QMLE-Trade,2023-4-19,0.216356
DIS,26403,QMLE-Trade,2023-4-20,0.166516
DIS,26403,QMLE-Trade,2023-4-21,0.15433
DIS,26403,QMLE-Trade,2023-4-24,0.168013
DIS,26403,QMLE-Trade,2023-4-25,0.160672
DIS,26403,QMLE-Trade,2023-4-26,0.18727
DIS,26403,QMLE-Trade,2023-4-27,0.171276
DIS,26403,QMLE-Trade,2023-4-28,0.214387
DIS,26403,QMLE-Trade,2023-5-1,0.186555
DIS,26403,QMLE-Trade,2023-5-2,0.224948
DIS,26403,QMLE-Trade,2023-5-3,0.293229
DIS,26403,QMLE-Trade,2023-5-4,0.279185
DIS,26403,QMLE-Trade,2023-5-5,0.213465
DIS,26403,QMLE-Trade,2023-5-8,0.242626
DIS,26403,QMLE-Trade,2023-5-9,0.164095
DIS,26403,QMLE-Trade,2023-5-10,0.237661
DIS,26403,QMLE-Trade,2023-5-11,0.359165
DIS,26403,QMLE-Trade,2023-5-12,0.264321
DIS,26403,QMLE-Trade,2023-5-15,0.19452
DIS,26403,QMLE-Trade,2023-5-16,0.198609
DIS,26403,QMLE-Trade,2023-5-17,0.182037
DIS,26403,QMLE-Trade,2023-5-18,0.206478
DIS,26403,QMLE-Trade,2023-5-19,0.205419
DIS,26403,QMLE-Trade,2023-5-22,0.20863
DIS,26403,QMLE-Trade,2023-5-23,0.193187
DIS,26403,QMLE-Trade,2023-5-24,0.206265
DIS,26403,QMLE-Trade,2023-5-25,0.216442
DIS,26403,QMLE-Trade,2023-5-26,0.178698
DIS,26403,QMLE-Trade,2023-5-30,0.200474
DIS,26403,QMLE-Trade,2023-5-31,0.179849
DIS,26403,QMLE-Trade,2023-6-1,0.194075
DIS,26403,QMLE-Trade,2023-6-2,0.180075
DIS,26403,QMLE-Trade,2023-6-5,0.264912
DIS,26403,QMLE-Trade,2023-6-6,0.187241
DIS,26403,QMLE-Trade,2023-6-7,0.189486
DIS,26403,QMLE-Trade,2023-6-8,0.17081
DIS,26403,QMLE-Trade,2023-6-9,0.162075
DIS,26403,QMLE-Trade,2023-6-12,0.151927
DIS,26403,QMLE-Trade,2023-6-13,0.189842
DIS,26403,QMLE-Trade,2023-6-14,0.219247
DIS,26403,QMLE-Trade,2023-6-15,0.182224
DIS,26403,QMLE-Trade,2023-6-16,0.181695
DIS,26403,QMLE-Trade,2023-6-22,0.150886
DIS,26403,QMLE-Trade,2023-6-23,0.138169
DIS,26403,QMLE-Trade,2023-6-26,0.1489
DIS,26403,QMLE-Trade,2023-6-27,0.141863
DIS,26403,QMLE-Trade,2023-6-28,0.144333
DIS,26403,QMLE-Trade,2023-6-29,0.171717
DIS,26403,QMLE-Trade,2023-6-30,0.139078
DIS,26403,QMLE-Trade,2023-7-3,0.144405
DIS,26403,QMLE-Trade,2023-7-5,0.163662
DIS,26403,QMLE-Trade,2023-7-6,0.15609
DIS,26403,QMLE-Trade,2023-7-7,0.159573
DIS,26403,QMLE-Trade,2023-7-10,0.155299
DIS,26403,QMLE-Trade,2023-7-11,0.148894
DIS,26403,QMLE-Trade,2023-7-12,0.181055
DIS,26403,QMLE-Trade,2023-7-13,0.179527
DIS,26403,QMLE-Trade,2023-7-14,0.18304
DIS,26403,QMLE-Trade,2023-7-17,0.195308
DIS,26403,QMLE-Trade,2023-7-18,0.179884
DIS,26403,QMLE-Trade,2023-7-19,0.179067
DIS,26403,QMLE-Trade,2023-7-20,0.184781
DIS,26403,QMLE-Trade,2023-7-21,0.217105
DIS,26403,QMLE-Trade,2023-7-24,0.156366
DIS,26403,QMLE-Trade,2023-7-25,0.170816
DIS,26403,QMLE-Trade,2023-7-26,0.154213
DIS,26403,QMLE-Trade,2023-7-27,0.182298
DIS,26403,QMLE-Trade,2023-7-28,0.150479
DIS,26403,QMLE-Trade,2023-7-31,0.173623
DIS,26403,QMLE-Trade,2023-8-1,0.177443
DIS,26403,QMLE-Trade,2023-8-2,0.181667
DIS,26403,QMLE-Trade,2023-8-3,0.187508
DIS,26403,QMLE-Trade,2023-8-4,0.16487
DIS,26403,QMLE-Trade,2023-8-7,0.165836
DIS,26403,QMLE-Trade,2023-8-8,0.198257
DIS,26403,QMLE-Trade,2023-8-9,0.231207
DIS,26403,QMLE-Trade,2023-8-10,0.409567
DIS,26403,QMLE-Trade,2023-8-11,0.221614
DIS,26403,QMLE-Trade,2023-8-14,0.203409
DIS,26403,QMLE-Trade,2023-8-15,0.180294
DIS,26403,QMLE-Trade,2023-8-17,0.14874
DIS,26403,QMLE-Trade,2023-8-18,0.180288
DIS,26403,QMLE-Trade,2023-8-21,0.138564
DIS,26403,QMLE-Trade,2023-8-22,0.139058
DIS,26403,QMLE-Trade,2023-8-23,0.10895
DIS,26403,QMLE-Trade,2023-8-24,0.189166
DIS,26403,QMLE-Trade,2023-8-25,0.210227
DIS,26403,QMLE-Trade,2023-8-28,0.144625
DIS,26403,QMLE-Trade,2023-8-29,0.128791
DIS,26403,QMLE-Trade,2023-8-30,0.127782
DIS,26403,QMLE-Trade,2023-8-31,0.122664
DIS,26403,QMLE-Trade,2023-9-1,0.265232
DIS,26403,QMLE-Trade,2023-9-5,0.167051
DIS,26403,QMLE-Trade,2023-9-6,0.237779
DIS,26403,QMLE-Trade,2023-9-7,0.14992
DIS,26403,QMLE-Trade,2023-9-8,0.161845
DIS,26403,QMLE-Trade,2023-9-11,0.315548
DIS,26403,QMLE-Trade,2023-9-12,0.219213
DIS,26403,QMLE-Trade,2023-9-13,0.156575
DIS,26403,QMLE-Trade,2023-9-14,0.390638
DIS,26403,QMLE-Trade,2023-9-15,0.180155
DIS,26403,QMLE-Trade,2023-9-18,0.149513
DIS,26403,QMLE-Trade,2023-9-19,0.247253
DIS,26403,QMLE-Trade,2023-9-20,0.18304
DIS,26403,QMLE-Trade,2023-9-21,0.188079
DIS,26403,QMLE-Trade,2023-9-22,0.166107
DIS,26403,QMLE-Trade,2023-9-26,0.156091
DIS,26403,QMLE-Trade,2023-9-27,0.178933
DIS,26403,QMLE-Trade,2023-9-28,0.205739
DIS,26403,QMLE-Trade,2023-9-29,0.193275
DIS,26403,QMLE-Trade,2023-10-2,0.173103
DIS,26403,QMLE-Trade,2023-10-3,0.21791
DIS,26403,QMLE-Trade,2023-10-4,0.183023
DIS,26403,QMLE-Trade,2023-10-5,0.176902
DIS,26403,QMLE-Trade,2023-10-6,0.214675
DIS,26403,QMLE-Trade,2023-10-9,0.18406
DIS,26403,QMLE-Trade,2023-10-10,0.181251
DIS,26403,QMLE-Trade,2023-10-11,0.171178
DIS,26403,QMLE-Trade,2023-10-12,0.181052
DIS,26403,QMLE-Trade,2023-10-13,0.184562
DIS,26403,QMLE-Trade,2023-10-16,0.167337
DIS,26403,QMLE-Trade,2023-10-17,0.176015
DIS,26403,QMLE-Trade,2023-10-18,0.222454
DIS,26403,QMLE-Trade,2023-10-19,0.257652
DIS,26403,QMLE-Trade,2023-10-20,0.204692
DIS,26403,QMLE-Trade,2023-10-23,0.228302
DIS,26403,QMLE-Trade,2023-10-24,0.204598
DIS,26403,QMLE-Trade,2023-10-25,0.194266
DIS,26403,QMLE-Trade,2023-10-26,0.215036
DIS,26403,QMLE-Trade,2023-10-27,0.213421
DIS,26403,QMLE-Trade,2023-10-30,0.185964
DIS,26403,QMLE-Trade,2023-10-31,0.169609
DIS,26403,QMLE-Trade,2023-11-1,0.198714
DIS,26403,QMLE-Trade,2023-11-2,0.191522
DIS,26403,QMLE-Trade,2023-11-3,0.167863
DIS,26403,QMLE-Trade,2023-11-6,0.183169
DIS,26403,QMLE-Trade,2023-11-7,0.149511
DIS,26403,QMLE-Trade,2023-11-8,0.185338
DIS,26403,QMLE-Trade,2023-11-9,0.378931
DIS,26403,QMLE-Trade,2023-11-10,0.254277
DIS,26403,QMLE-Trade,2023-11-13,0.180955
DIS,26403,QMLE-Trade,2023-11-14,0.169896
DIS,26403,QMLE-Trade,2023-11-15,0.225433
DIS,26403,QMLE-Trade,2023-11-16,0.16278
DIS,26403,QMLE-Trade,2023-11-17,0.152908
DIS,26403,QMLE-Trade,2023-11-20,0.14686
DIS,26403,QMLE-Trade,2023-11-21,0.121226
DIS,26403,QMLE-Trade,2023-11-22,0.134101
DIS,26403,QMLE-Trade,2023-11-24,0.108697
DIS,26403,QMLE-Trade,2023-11-27,0.152512
DIS,26403,QMLE-Trade,2023-11-28,0.168657
DIS,26403,QMLE-Trade,2023-11-29,0.168357
DIS,26403,QMLE-Trade,2023-11-30,0.165286
DIS,26403,QMLE-Trade,2023-12-1,0.180169
DIS,26403,QMLE-Trade,2023-12-4,0.140143
DIS,26403,QMLE-Trade,2023-12-5,0.173084
DIS,26403,QMLE-Trade,2023-12-6,0.157861
DIS,26403,QMLE-Trade,2023-12-7,0.149511
DIS,26403,QMLE-Trade,2023-12-8,0.170341
DIS,26403,QMLE-Trade,2023-12-11,0.139997
DIS,26403,QMLE-Trade,2023-12-12,0.125987
DIS,26403,QMLE-Trade,2023-12-13,0.153804
DIS,26403,QMLE-Trade,2023-12-14,0.181733
DIS,26403,QMLE-Trade,2023-12-18,0.140045
DIS,26403,QMLE-Trade,2023-12-19,0.132763
DIS,26403,QMLE-Trade,2023-12-20,0.176158
DIS,26403,QMLE-Trade,2023-12-21,0.167454
DIS,26403,QMLE-Trade,2023-12-22,0.136832
DIS,26403,QMLE-Trade,2023-12-26,0.10465
DIS,26403,QMLE-Trade,2023-12-27,0.132844
DIS,26403,QMLE-Trade,2023-12-28,0.115476
DIS,26403,QMLE-Trade,2023-12-29,0.105174
DIS,26403,QMLE-Trade,2024-1-2,0.148338
DIS,26403,QMLE-Trade,2024-1-3,0.182425
DIS,26403,QMLE-Trade,2024-1-4,0.168103
DIS,26403,QMLE-Trade,2024-1-5,0.151033
DIS,26403,QMLE-Trade,2024-1-8,0.142876
DIS,26403,QMLE-Trade,2024-1-9,0.152507
DIS,26403,QMLE-Trade,2024-1-10,0.152633
DIS,26403,QMLE-Trade,2024-1-11,0.150909
DIS,26403,QMLE-Trade,2024-1-12,0.164659
DIS,26403,QMLE-Trade,2024-1-16,0.175748
DIS,26403,QMLE-Trade,2024-1-17,0.221094
DIS,26403,QMLE-Trade,2024-1-18,0.168802
DIS,26403,QMLE-Trade,2024-1-19,0.193118
DIS,26403,QMLE-Trade,2024-1-22,0.197442
DIS,26403,QMLE-Trade,2024-1-23,0.200258
DIS,26403,QMLE-Trade,2024-1-24,0.201808
DIS,26403,QMLE-Trade,2024-1-25,0.166039
DIS,26403,QMLE-Trade,2024-1-26,0.147387
DIS,26403,QMLE-Trade,2024-1-29,0.173626
DIS,26403,QMLE-Trade,2024-1-30,0.165296
DIS,26403,QMLE-Trade,2024-1-31,0.223638
DIS,26403,QMLE-Trade,2024-2-1,0.198784
DIS,26403,QMLE-Trade,2024-2-2,0.201835
DIS,26403,QMLE-Trade,2024-2-5,0.17412
DIS,26403,QMLE-Trade,2024-2-6,0.186005
DIS,26403,QMLE-Trade,2024-2-7,0.274761
DIS,26403,QMLE-Trade,2024-2-8,0.432041
DIS,26403,QMLE-Trade,2024-2-9,0.284237
DIS,26403,QMLE-Trade,2024-2-12,0.235729
DIS,26403,QMLE-Trade,2024-2-13,0.230596
DIS,26403,QMLE-Trade,2024-2-14,0.223271
DIS,26403,QMLE-Trade,2024-2-15,0.187762
DIS,26403,QMLE-Trade,2024-2-16,0.168148
DIS,26403,QMLE-Trade,2024-2-20,0.176333
DIS,26403,QMLE-Trade,2024-2-21,0.174322
DIS,26403,QMLE-Trade,2024-2-23,0.214775
DIS,26403,QMLE-Trade,2024-2-26,0.157535
DIS,26403,QMLE-Trade,2024-2-27,0.142181
DIS,26403,QMLE-Trade,2024-2-28,0.158094
DIS,26403,QMLE-Trade,2024-2-29,0.183525
DIS,26403,QMLE-Trade,2024-3-1,0.150274
DIS,26403,QMLE-Trade,2024-3-4,0.17543
DIS,26403,QMLE-Trade,2024-3-5,0.305291
DIS,26403,QMLE-Trade,2024-3-6,0.231882
DIS,26403,QMLE-Trade,2024-3-7,0.184305
DIS,26403,QMLE-Trade,2024-3-8,0.189713
DIS,26403,QMLE-Trade,2024-3-11,0.18272
DIS,26403,QMLE-Trade,2024-3-12,0.158456
DIS,26403,QMLE-Trade,2024-3-13,0.164976
DIS,26403,QMLE-Trade,2024-3-15,0.189145
DIS,26403,QMLE-Trade,2024-3-18,0.217867
DIS,26403,QMLE-Trade,2024-3-19,0.169103
DIS,26403,QMLE-Trade,2024-3-20,0.198982
DIS,26403,QMLE-Trade,2024-3-21,0.17359
DIS,26403,QMLE-Trade,2024-3-22,0.150639
DIS,26403,QMLE-Trade,2024-3-25,0.231189
DIS,26403,QMLE-Trade,2024-3-26,0.176395
DIS,26403,QMLE-Trade,2024-3-27,0.176468
DIS,26403,QMLE-Trade,2024-3-28,0.194257
DIS,26403,QMLE-Trade,2024-4-1,0.164098
DIS,26403,QMLE-Trade,2024-4-2,0.246722
DIS,26403,QMLE-Trade,2024-4-3,0.289462
DIS,26403,QMLE-Trade,2024-4-4,0.224848
DIS,26403,QMLE-Trade,2024-4-5,0.194331
DIS,26403,QMLE-Trade,2024-4-9,0.159026
DIS,26403,QMLE-Trade,2024-4-10,0.182444
DIS,26403,QMLE-Trade,2024-4-11,0.156221
DIS,26403,QMLE-Trade,2024-4-12,0.19448
DIS,26403,QMLE-Trade,2024-4-15,0.189041
DIS,26403,QMLE-Trade,2024-4-16,0.185291
DIS,26403,QMLE-Trade,2024-4-17,0.171497
DIS,26403,QMLE-Trade,2024-4-18,0.169797
DIS,26403,QMLE-Trade,2024-4-19,0.213002
DIS,26403,QMLE-Trade,2024-4-22,0.157849
DIS,26403,QMLE-Trade,2024-4-23,0.152249
DIS,26403,QMLE-Trade,2024-4-24,0.16054
DIS,26403,QMLE-Trade,2024-4-25,0.201465
DIS,26403,QMLE-Trade,2024-4-26,0.160452
DIS,26403,QMLE-Trade,2024-4-29,0.154225
DIS,26403,QMLE-Trade,2024-4-30,0.150496
DIS,26403,QMLE-Trade,2024-5-1,0.178219
DIS,26403,QMLE-Trade,2024-5-2,0.176177
DIS,26403,QMLE-Trade,2024-5-3,0.157868
DIS,26403,QMLE-Trade,2024-5-6,0.22815
DIS,26403,QMLE-Trade,2024-5-7,0.387043
DIS,26403,QMLE-Trade,2024-5-8,0.235472
DIS,26403,QMLE-Trade,2024-5-9,0.193991
DIS,26403,QMLE-Trade,2024-5-10,0.177192
DIS,26403,QMLE-Trade,2024-5-13,0.165516
DIS,26403,QMLE-Trade,2024-5-14,0.159521
DIS,26403,QMLE-Trade,2024-5-15,0.24948
DIS,26403,QMLE-Trade,2024-5-16,0.147567
DIS,26403,QMLE-Trade,2024-5-17,0.125982
DIS,26403,QMLE-Trade,2024-5-20,0.127876
DIS,26403,QMLE-Trade,2024-5-21,0.129345
DIS,26403,QMLE-Trade,2024-5-22,0.138183
DIS,26403,QMLE-Trade,2024-5-23,0.176443
DIS,26403,QMLE-Trade,2024-5-24,0.13011
DIS,26403,QMLE-Trade,2024-5-28,0.152228
DIS,26403,QMLE-Trade,2024-5-29,0.138384
DIS,26403,QMLE-Trade,2024-5-30,0.140889
DIS,26403,QMLE-Trade,2024-5-31,0.195969
DIS,26403,QMLE-Trade,2024-6-3,0.176397
DIS,26403,QMLE-Trade,2024-6-4,0.159889
DIS,26403,QMLE-Trade,2024-6-5,0.17335
DIS,26403,QMLE-Trade,2024-6-6,0.156844
DIS,26403,QMLE-Trade,2024-6-7,0.138489
DIS,26403,QMLE-Trade,2024-6-10,0.137684
DIS,26403,QMLE-Trade,2024-6-11,0.14668
DIS,26403,QMLE-Trade,2024-6-12,0.186616
DIS,26403,QMLE-Trade,2024-6-13,0.1615
DIS,26403,QMLE-Trade,2024-6-14,0.151019
DIS,26403,QMLE-Trade,2024-6-17,0.205225
DIS,26403,QMLE-Trade,2024-6-18,0.155014
DIS,26403,QMLE-Trade,2024-6-20,0.172777
DIS,26403,QMLE-Trade,2024-6-21,0.167239
DIS,26403,QMLE-Trade,2024-6-24,0.146134
DIS,26403,QMLE-Trade,2024-6-25,0.196469
DIS,26403,QMLE-Trade,2024-6-26,0.149972
DIS,26403,QMLE-Trade,2024-6-27,0.0954427
DIS,26403,QMLE-Trade,2024-6-28,0.252858
DIS,26403,QMLE-Trade,2024-7-1,0.162215
DIS,26403,QMLE-Trade,2024-7-2,0.165726
DIS,26403,QMLE-Trade,2024-7-3,0.122481
DIS,26403,QMLE-Trade,2024-7-5,0.136184
DIS,26403,QMLE-Trade,2024-7-8,0.140682
DIS,26403,QMLE-Trade,2024-7-9,0.147446
DIS,26403,QMLE-Trade,2024-7-10,0.127018
DIS,26403,QMLE-Trade,2024-7-11,0.143029
DIS,26403,QMLE-Trade,2024-7-12,0.134504
DIS,26403,QMLE-Trade,2024-7-15,0.129718
DIS,26403,QMLE-Trade,2024-7-18,0.137428
DIS,26403,QMLE-Trade,2024-7-19,0.154441
DIS,26403,QMLE-Trade,2024-7-22,0.213131
DIS,26403,QMLE-Trade,2024-7-23,0.260424
DIS,26403,QMLE-Trade,2024-7-24,0.217304
DIS,26403,QMLE-Trade,2024-7-25,0.170555
DIS,26403,QMLE-Trade,2024-7-26,0.161685
DIS,26403,QMLE-Trade,2024-7-29,0.18013
DIS,26403,QMLE-Trade,2024-7-30,0.18045
DIS,26403,QMLE-Trade,2024-7-31,0.164671
DIS,26403,QMLE-Trade,2024-8-1,0.186126
DIS,26403,QMLE-Trade,2024-8-2,0.234055
DIS,26403,QMLE-Trade,2024-8-5,0.335424
DIS,26403,QMLE-Trade,2024-8-6,0.385242
DIS,26403,QMLE-Trade,2024-8-7,0.456819
DIS,26403,QMLE-Trade,2024-8-8,0.272703
DIS,26403,QMLE-Trade,2024-8-9,0.23052
DIS,26403,QMLE-Trade,2024-8-12,0.193522
DIS,26403,QMLE-Trade,2024-8-13,0.157094
DIS,26403,QMLE-Trade,2024-8-14,0.174504
DIS,26403,QMLE-Trade,2024-8-15,0.184271
DIS,26403,QMLE-Trade,2024-8-16,0.155322
DIS,26403,QMLE-Trade,2024-8-19,0.148237
DIS,26403,QMLE-Trade,2024-8-20,0.182015
DIS,26403,QMLE-Trade,2024-8-21,0.159308
DIS,26403,QMLE-Trade,2024-8-22,0.161529
DIS,26403,QMLE-Trade,2024-8-23,0.170047
DIS,26403,QMLE-Trade,2024-8-26,0.154342
DIS,26403,QMLE-Trade,2024-8-27,0.144907
DIS,26403,QMLE-Trade,2024-8-28,0.157512
DIS,26403,QMLE-Trade,2024-8-29,0.155733
DIS,26403,QMLE-Trade,2024-8-30,0.140446
DIS,26403,QMLE-Trade,2024-9-3,0.174802
DIS,26403,QMLE-Trade,2024-9-4,0.154045
DIS,26403,QMLE-Trade,2024-9-5,0.147942
DIS,26403,QMLE-Trade,2024-9-6,0.170224
DIS,26403,QMLE-Trade,2024-9-9,0.157869
DIS,26403,QMLE-Trade,2024-9-10,0.146715
DIS,26403,QMLE-Trade,2024-9-11,0.162587
DIS,26403,QMLE-Trade,2024-9-12,0.165879
DIS,26403,QMLE-Trade,2024-9-13,0.146316
DIS,26403,QMLE-Trade,2024-9-16,0.182917
DIS,26403,QMLE-Trade,2024-9-17,0.13894
DIS,26403,QMLE-Trade,2024-9-18,0.242382
DIS,26403,QMLE-Trade,2024-9-19,0.162597
DIS,26403,QMLE-Trade,2024-9-20,0.159877
DIS,26403,QMLE-Trade,2024-9-23,0.145798
DIS,26403,QMLE-Trade,2024-9-24,0.145777
DIS,26403,QMLE-Trade,2024-9-25,0.166984
DIS,26403,QMLE-Trade,2024-9-26,0.161037
DIS,26403,QMLE-Trade,2024-9-27,0.143527
DIS,26403,QMLE-Trade,2024-9-30,0.179993
DIS,26403,QMLE-Trade,2024-10-1,0.222713
DIS,26403,QMLE-Trade,2024-10-2,0.158493
DIS,26403,QMLE-Trade,2024-10-3,0.160279
DIS,26403,QMLE-Trade,2024-10-4,0.153993
DIS,26403,QMLE-Trade,2024-10-7,0.18215
DIS,26403,QMLE-Trade,2024-10-8,0.175096
DIS,26403,QMLE-Trade,2024-10-9,0.159638
DIS,26403,QMLE-Trade,2024-10-10,0.156815
DIS,26403,QMLE-Trade,2024-10-14,0.122986
DIS,26403,QMLE-Trade,2024-10-15,0.149474
DIS,26403,QMLE-Trade,2024-10-16,0.146578
DIS,26403,QMLE-Trade,2024-10-17,0.193975
DIS,26403,QMLE-Trade,2024-10-18,0.138217
DIS,26403,QMLE-Trade,2024-10-21,0.144377
DIS,26403,QMLE-Trade,2024-10-22,0.140848
DIS,26403,QMLE-Trade,2024-10-23,0.126421
DIS,26403,QMLE-Trade,2024-10-24,0.137306
DIS,26403,QMLE-Trade,2024-10-25,0.157782
DIS,26403,QMLE-Trade,2024-10-28,0.152255
DIS,26403,QMLE-Trade,2024-10-29,0.125801
DIS,26403,QMLE-Trade,2024-10-30,0.159456
DIS,26403,QMLE-Trade,2024-10-31,0.204091
DIS,26403,QMLE-Trade,2024-11-1,0.206503
DIS,26403,QMLE-Trade,2024-11-4,0.152879
DIS,26403,QMLE-Trade,2024-11-5,0.142772
DIS,26403,QMLE-Trade,2024-11-6,0.191192
DIS,26403,QMLE-Trade,2024-11-7,0.149796
DIS,26403,QMLE-Trade,2024-11-8,0.174534
DIS,26403,QMLE-Trade,2024-11-11,0.161976
DIS,26403,QMLE-Trade,2024-11-12,0.169735
DIS,26403,QMLE-Trade,2024-11-13,0.203045
DIS,26403,QMLE-Trade,2024-11-14,0.542474
DIS,26403,QMLE-Trade,2024-11-15,0.362917
DIS,26403,QMLE-Trade,2024-11-18,0.264095
DIS,26403,QMLE-Trade,2024-11-19,0.195914
DIS,26403,QMLE-Trade,2024-11-20,0.168858
DIS,26403,QMLE-Trade,2024-11-21,0.208581
DIS,26403,QMLE-Trade,2024-11-22,0.173878
DIS,26403,QMLE-Trade,2024-11-25,0.14799
DIS,26403,QMLE-Trade,2024-11-26,0.133619
DIS,26403,QMLE-Trade,2024-11-27,0.147787
DIS,26403,QMLE-Trade,2024-11-29,0.14342
DIS,26403,QMLE-Trade,2024-12-2,0.176973
DIS,26403,QMLE-Trade,2024-12-3,0.137784
DIS,26403,QMLE-Trade,2024-12-4,0.135055
DIS,26403,QMLE-Trade,2024-12-5,0.170214
DIS,26403,QMLE-Trade,2024-12-6,0.129585
DIS,26403,QMLE-Trade,2024-12-9,0.189522
DIS,26403,QMLE-Trade,2024-12-10,0.157845
DIS,26403,QMLE-Trade,2024-12-11,0.150863
DIS,26403,QMLE-Trade,2024-12-12,0.12411
DIS,26403,QMLE-Trade,2024-12-13,0.142241
DIS,26403,QMLE-Trade,2024-12-16,0.145866
DIS,26403,QMLE-Trade,2024-12-17,0.220031
DIS,26403,QMLE-Trade,2024-12-18,0.260716
DIS,26403,QMLE-Trade,2024-12-19,0.21811
DIS,26403,QMLE-Trade,2024-12-20,0.209526
DIS,26403,QMLE-Trade,2024-12-23,0.17113
DIS,26403,QMLE-Trade,2024-12-24,0.10944
DIS,26403,QMLE-Trade,2024-12-26,0.123592
DIS,26403,QMLE-Trade,2024-12-27,0.154106
DIS,26403,QMLE-Trade,2024-12-30,0.158095
DIS,26403,QMLE-Trade,2024-12-31,0.130975
DIS,26403,QMLE-Trade,2025-1-2,0.197547
DIS,26403,QMLE-Trade,2025-1-3,0.146846
DIS,26403,QMLE-Trade,2025-1-6,0.174095
DIS,26403,QMLE-Trade,2025-1-7,0.224199
DIS,26403,QMLE-Trade,2025-1-8,0.193019
DIS,26403,QMLE-Trade,2025-1-10,0.240252
DIS,26403,QMLE-Trade,2025-1-13,0.183142
DIS,26403,QMLE-Trade,2025-1-14,0.158566
DIS,26403,QMLE-Trade,2025-1-15,0.152615
DIS,26403,QMLE-Trade,2025-1-16,0.150097
DIS,26403,QMLE-Trade,2025-1-17,0.120454
DIS,26403,QMLE-Trade,2025-1-21,0.158367
DIS,26403,QMLE-Trade,2025-1-22,0.168315
DIS,26403,QMLE-Trade,2025-1-23,0.141432
DIS,26403,QMLE-Trade,2025-1-24,0.154952
DIS,26403,QMLE-Trade,2025-1-27,0.196617
DIS,26403,QMLE-Trade,2025-1-28,0.156629
DIS,26403,QMLE-Trade,2025-1-29,0.175154
DIS,26403,QMLE-Trade,2025-1-30,0.190361
DIS,26403,QMLE-Trade,2025-1-31,0.157863
DIS,26403,QMLE-Trade,2025-2-3,0.211998
DIS,26403,QMLE-Trade,2025-2-4,0.219157
DIS,26403,QMLE-Trade,2025-2-5,0.51485
DIS,26403,QMLE-Trade,2025-2-6,0.271591
DIS,26403,QMLE-Trade,2025-2-7,0.216943
DIS,26403,QMLE-Trade,2025-2-10,0.184406
DIS,26403,QMLE-Trade,2025-2-11,0.168165
DIS,26403,QMLE-Trade,2025-2-12,0.182929
DIS,26403,QMLE-Trade,2025-2-13,0.144806
DIS,26403,QMLE-Trade,2025-2-14,0.138528
DIS,26403,QMLE-Trade,2025-2-18,0.182909
DIS,26403,QMLE-Trade,2025-2-19,0.203207
DIS,26403,QMLE-Trade,2025-2-20,0.16732
DIS,26403,QMLE-Trade,2025-2-21,0.184857
DIS,26403,QMLE-Trade,2025-2-24,0.195456
DIS,26403,QMLE-Trade,2025-2-25,0.213205
DIS,26403,QMLE-Trade,2025-2-26,0.207815
DIS,26403,QMLE-Trade,2025-2-27,0.205109
DIS,26403,QMLE-Trade,2025-2-28,0.239908
DIS,26403,QMLE-Trade,2025-3-3,0.241913
DIS,26403,QMLE-Trade,2025-3-4,0.285421
DIS,26403,QMLE-Trade,2025-3-5,0.260823
DIS,26403,QMLE-Trade,2025-3-6,0.274171
DIS,26403,QMLE-Trade,2025-3-7,0.296802
DIS,26403,QMLE-Trade,2025-3-10,0.266886
DIS,26403,QMLE-Trade,2025-3-11,0.366054
DIS,26403,QMLE-Trade,2025-3-12,0.304001
DIS,26403,QMLE-Trade,2025-3-13,0.261223
DIS,26403,QMLE-Trade,2025-3-14,0.257108
DIS,26403,QMLE-Trade,2025-3-17,0.19173
DIS,26403,QMLE-Trade,2025-3-18,0.182149
DIS,26403,QMLE-Trade,2025-3-19,0.17157
DIS,26403,QMLE-Trade,2025-3-20,0.188584
DIS,26403,QMLE-Trade,2025-3-21,0.191557
DIS,26403,QMLE-Trade,2025-3-24,0.197436
DIS,26403,QMLE-Trade,2025-3-25,0.170786
DIS,26403,QMLE-Trade,2025-3-26,0.155871
DIS,26403,QMLE-Trade,2025-3-27,0.176947
DIS,26403,QMLE-Trade,2025-3-28,0.179903
DIS,26403,QMLE-Trade,2025-3-31,0.21332
DIS,26403,QMLE-Trade,2025-4-1,0.203859
DIS,26403,QMLE-Trade,2025-4-2,0.190563
DIS,26403,QMLE-Trade,2025-4-3,0.359999
DIS,26403,QMLE-Trade,2025-4-4,0.467694
DIS,26403,QMLE-Trade,2025-4-7,0.747628
DIS,26403,QMLE-Trade,2025-4-8,0.495574
DIS,26403,QMLE-Trade,2025-4-9,0.717484
DIS,26403,QMLE-Trade,2025-4-10,0.556999
DIS,26403,QMLE-Trade,2025-4-11,0.439798
DIS,26403,QMLE-Trade,2025-4-14,0.328561
DIS,26403,QMLE-Trade,2025-4-15,0.266396
DIS,26403,QMLE-Trade,2025-4-16,0.30772
DIS,26403,QMLE-Trade,2025-4-17,0.309518
DIS,26403,QMLE-Trade,2025-4-21,0.235034
DIS,26403,QMLE-Trade,2025-4-22,0.229559
DIS,26403,QMLE-Trade,2025-4-23,0.383751
DIS,26403,QMLE-Trade,2025-4-24,0.233972
DIS,26403,QMLE-Trade,2025-4-25,0.208171
DIS,26403,QMLE-Trade,2025-4-28,0.201163
DIS,26403,QMLE-Trade,2025-4-29,0.214088
DIS,26403,QMLE-Trade,2025-4-30,0.243041
DIS,26403,QMLE-Trade,2025-5-1,0.204394
DIS,26403,QMLE-Trade,2025-5-2,0.206577
DIS,26403,QMLE-Trade,2025-5-5,0.254615
DIS,26403,QMLE-Trade,2025-5-6,0.214908
DIS,26403,QMLE-Trade,2025-5-7,0.502307
DIS,26403,QMLE-Trade,2025-5-8,0.31372
DIS,26403,QMLE-Trade,2025-5-9,0.212906
DIS,26403,QMLE-Trade,2025-5-12,0.256521
DIS,26403,QMLE-Trade,2025-5-13,0.233352
DIS,26403,QMLE-Trade,2025-5-14,0.229867
DIS,26403,QMLE-Trade,2025-5-15,0.158561
DIS,26403,QMLE-Trade,2025-5-16,0.16032
DIS,26403,QMLE-Trade,2025-5-19,0.140799
DIS,26403,QMLE-Trade,2025-5-20,0.11708
DIS,26403,QMLE-Trade,2025-5-21,0.172842
DIS,26403,QMLE-Trade,2025-5-22,0.165713
DIS,26403,QMLE-Trade,2025-5-23,0.188913
DIS,26403,QMLE-Trade,2025-5-27,0.157447
DIS,26403,QMLE-Trade,2025-5-28,0.123025
DIS,26403,QMLE-Trade,2025-5-29,0.152676
DIS,26403,QMLE-Trade,2025-5-30,0.15335
DIS,26403,QMLE-Trade,2025-6-2,0.165466
DIS,26403,QMLE-Trade,2025-6-3,0.148419
DIS,26403,QMLE-Trade,2025-6-4,0.12996
DIS,26403,QMLE-Trade,2025-6-5,0.169412
DIS,26403,QMLE-Trade,2025-6-6,0.127487
DIS,26403,QMLE-Trade,2025-6-9,0.12303
DIS,26403,QMLE-Trade,2025-6-10,0.247667
DIS,26403,QMLE-Trade,2025-6-11,0.198022
DIS,26403,QMLE-Trade,2025-6-12,0.151619
DIS,26403,QMLE-Trade,2025-6-13,0.167139
DIS,26403,QMLE-Trade,2025-6-16,0.16183
DIS,26403,QMLE-Trade,2025-6-17,0.152614
DIS,26403,QMLE-Trade,2025-6-18,0.168812
DIS,26403,QMLE-Trade,2025-6-20,0.169384
DIS,26403,QMLE-Trade,2025-6-23,0.197793
DIS,26403,QMLE-Trade,2025-6-24,0.135989
DIS,26403,QMLE-Trade,2025-6-25,0.12715
DIS,26403,QMLE-Trade,2025-6-26,0.15094
DIS,26403,QMLE-Trade,2025-6-27,0.139112
DIS,26403,QMLE-Trade,2025-6-30,0.159541
DIS,26403,QMLE-Trade,2025-7-1,0.157662
DIS,26403,QMLE-Trade,2025-7-2,0.13636
DIS,26403,QMLE-Trade,2025-7-3,0.102618
DIS,26403,QMLE-Trade,2025-7-7,0.149459
DIS,26403,QMLE-Trade,2025-7-8,0.131185
DIS,26403,QMLE-Trade,2025-7-9,0.14297
DIS,26403,QMLE-Trade,2025-7-10,0.125637
DIS,26403,QMLE-Trade,2025-7-11,0.142569
DIS,26403,QMLE-Trade,2025-7-14,0.125231
DIS,26403,QMLE-Trade,2025-7-15,0.153042
DIS,26403,QMLE-Trade,2025-7-16,0.189217
DIS,26403,QMLE-Trade,2025-7-17,0.164001
DIS,26403,QMLE-Trade,2025-7-18,0.142355
DIS,26403,QMLE-Trade,2025-7-21,0.132779
DIS,26403,QMLE-Trade,2025-7-22,0.117076
DIS,26403,QMLE-Trade,2025-7-23,0.136982
DIS,26403,QMLE-Trade,2025-7-24,0.146095
DIS,26403,QMLE-Trade,2025-7-25,0.116622
DIS,26403,QMLE-Trade,2025-7-28,0.142752
DIS,26403,QMLE-Trade,2025-7-29,0.140126
DIS,26403,QMLE-Trade,2025-7-30,0.148965
DIS,26403,QMLE-Trade,2025-7-31,0.167157
DIS,26403,QMLE-Trade,2025-8-1,0.225457
DIS,26403,QMLE-Trade,2025-8-4,0.17228
DIS,26403,QMLE-Trade,2025-8-5,0.214557
DIS,26403,QMLE-Trade,2025-8-6,0.470037
DIS,26403,QMLE-Trade,2025-8-7,0.227804
DIS,26403,QMLE-Trade,2025-8-8,0.182866
DIS,26403,QMLE-Trade,2025-8-11,0.172797
DIS,26403,QMLE-Trade,2025-8-12,0.144952
DIS,26403,QMLE-Trade,2025-8-13,0.131383
DIS,26403,QMLE-Trade,2025-8-14,0.148926
DIS,26403,QMLE-Trade,2025-8-15,0.13343
DIS,26403,QMLE-Trade,2025-8-18,0.138107
DIS,26403,QMLE-Trade,2025-8-19,0.123487
DIS,26403,QMLE-Trade,2025-8-20,0.15666
DIS,26403,QMLE-Trade,2025-8-21,0.149635
DIS,26403,QMLE-Trade,2025-8-22,0.165412
DIS,26403,QMLE-Trade,2025-8-25,0.128639
DIS,26403,QMLE-Trade,2025-8-26,0.119542
DIS,26403,QMLE-Trade,2025-8-27,0.122002
DIS,26403,QMLE-Trade,2025-8-28,0.117963
DIS,26403,QMLE-Trade,2025-8-29,0.115086
DIS,26403,QMLE-Trade,2025-9-2,0.168271
DIS,26403,QMLE-Trade,2025-9-3,0.168472
DIS,26403,QMLE-Trade,2025-9-4,0.141357
DIS,26403,QMLE-Trade,2025-9-5,0.195596
DIS,26403,QMLE-Trade,2025-9-8,0.150659
DIS,26403,QMLE-Trade,2025-9-9,0.150925
DIS,26403,QMLE-Trade,2025-9-10,0.226893
DIS,26403,QMLE-Trade,2025-9-11,0.207824
DIS,26403,QMLE-Trade,2025-9-12,0.193136
DIS,26403,QMLE-Trade,2025-9-15,0.193503
DIS,26403,QMLE-Trade,2025-9-16,0.180842
DIS,26403,QMLE-Trade,2025-9-17,0.216087
DIS,26403,QMLE-Trade,2025-9-18,0.236316
DIS,26403,QMLE-Trade,2025-9-19,0.260792
DIS,26403,QMLE-Trade,2025-9-22,0.23411
DIS,26403,QMLE-Trade,2025-9-23,0.237088
DIS,26403,QMLE-Trade,2025-9-24,0.176267
DIS,26403,QMLE-Trade,2025-9-25,0.146425
DIS,26403,QMLE-Trade,2025-9-26,0.148117
DIS,26403,QMLE-Trade,2025-9-29,0.166422
DIS,26403,QMLE-Trade,2025-9-30,0.152158
DIS,26403,QMLE-Trade,2025-10-1,0.194908
DIS,26403,QMLE-Trade,2025-10-2,0.185844
DIS,26403,QMLE-Trade,2025-10-3,0.157365
DIS,26403,QMLE-Trade,2025-10-6,0.16632
DIS,26403,QMLE-Trade,2025-10-7,0.147012
DIS,26403,QMLE-Trade,2025-10-8,0.156071
DIS,26403,QMLE-Trade,2025-10-9,0.178252
DIS,26403,QMLE-Trade,2025-10-10,0.248172
DIS,26403,QMLE-Trade,2025-10-13,0.203672
DIS,26403,QMLE-Trade,2025-10-14,0.17947
DIS,26403,QMLE-Trade,2025-10-15,0.159449
DIS,26403,QMLE-Trade,2025-10-16,0.229541
DIS,26403,QMLE-Trade,2025-10-17,0.204822
DIS,26403,QMLE-Trade,2025-10-20,0.162109
DIS,26403,QMLE-Trade,2025-10-21,0.162647
DIS,26403,QMLE-Trade,2025-10-22,0.199739
DIS,26403,QMLE-Trade,2025-10-23,0.161426
DIS,26403,QMLE-Trade,2025-10-24,0.157154
DIS,26403,QMLE-Trade,2025-10-27,0.158001
DIS,26403,QMLE-Trade,2025-10-28,0.156864
DIS,26403,QMLE-Trade,2025-10-29,0.192075
DIS,26403,QMLE-Trade,2025-10-30,0.218064
DIS,26403,QMLE-Trade,2025-11-3,0.179901
DIS,26403,QMLE-Trade,2025-11-4,0.187396
DIS,26403,QMLE-Trade,2025-11-5,0.160833
DIS,26403,QMLE-Trade,2025-11-6,0.218189
DIS,26403,QMLE-Trade,2025-11-7,0.201689
DIS,26403,QMLE-Trade,2025-11-10,0.198367
DIS,26403,QMLE-Trade,2025-11-11,0.179341
DIS,26403,QMLE-Trade,2025-11-12,0.222272
DIS,26403,QMLE-Trade,2025-11-13,0.470168
DIS,26403,QMLE-Trade,2025-11-14,0.294399
DIS,26403,QMLE-Trade,2025-11-17,0.245666
DIS,26403,QMLE-Trade,2025-11-18,0.256603
DIS,26403,QMLE-Trade,2025-11-19,0.238715
DIS,26403,QMLE-Trade,2025-11-20,0.250868
DIS,26403,QMLE-Trade,2025-11-21,0.224175
DIS,26403,QMLE-Trade,2025-11-24,0.192417
DIS,26403,QMLE-Trade,2025-11-25,0.179612
DIS,26403,QMLE-Trade,2025-11-26,0.144143
DIS,26403,QMLE-Trade,2025-11-28,0.132617
DIS,26403,QMLE-Trade,2025-12-1,0.200955
DIS,26403,QMLE-Trade,2025-12-2,0.165158
DIS,26403,QMLE-Trade,2025-12-3,0.173604
DIS,26403,QMLE-Trade,2025-12-4,0.163582
DIS,26403,QMLE-Trade,2025-12-5,0.171464
DIS,26403,QMLE-Trade,2025-12-8,0.213774
DIS,26403,QMLE-Trade,2025-12-9,0.154033
DIS,26403,QMLE-Trade,2025-12-10,0.196047
DIS,26403,QMLE-Trade,2025-12-11,0.227484
DIS,26403,QMLE-Trade,2025-12-12,0.217452
DIS,26403,QMLE-Trade,2025-12-15,0.20028
DIS,26403,QMLE-Trade,2025-12-16,0.205063
DIS,26403,QMLE-Trade,2025-12-17,0.195251
DIS,26403,QMLE-Trade,2025-12-18,0.197528
DIS,26403,QMLE-Trade,2025-12-19,0.210803
DIS,26403,QMLE-Trade,2025-12-22,0.151861
DIS,26403,QMLE-Trade,2025-12-23,0.121259
DIS,26403,QMLE-Trade,2025-12-24,0.107003
DIS,26403,QMLE-Trade,2025-12-26,0.120245
DIS,26403,QMLE-Trade,2025-12-29,0.129229
DIS,26403,QMLE-Trade,2025-12-30,0.103515
DIS,26403,QMLE-Trade,2025-12-31,0.125563
DIS,26403,QMLE-Trade,2026-1-2,0.192721
DIS,26403,QMLE-Trade,2026-1-5,0.164193
DIS,26403,QMLE-Trade,2026-1-6,0.173444
DIS,26403,QMLE-Trade,2026-1-7,0.169203
DIS,26403,QMLE-Trade,2026-1-8,0.185569
DIS,26403,QMLE-Trade,2026-1-9,0.168815
DIS,26403,QMLE-Trade,2026-1-12,0.226837
DIS,26403,QMLE-Trade,2026-1-13,0.19588
DIS,26403,QMLE-Trade,2026-1-14,0.174546
DIS,26403,QMLE-Trade,2026-1-15,0.191902
DIS,26403,QMLE-Trade,2026-1-16,0.192634
DIS,26403,QMLE-Trade,2026-1-20,0.235541
DIS,26403,QMLE-Trade,2026-1-21,0.222876
DIS,26403,QMLE-Trade,2026-1-22,0.19895
DIS,26403,QMLE-Trade,2026-1-23,0.221084
DIS,26403,QMLE-Trade,2026-1-26,0.178165
DIS,26403,QMLE-Trade,2026-1-27,0.173522
DIS,26403,QMLE-Trade,2026-1-28,0.223651
DIS,26403,QMLE-Trade,2026-1-29,0.230571
DIS,26403,QMLE-Trade,2026-1-30,0.232115
DIS,26403,QMLE-Trade,2026-2-2,0.563404
DIS,26403,QMLE-Trade,2026-2-4,0.319521
DIS,26403,QMLE-Trade,2026-2-5,0.283954
DIS,26403,QMLE-Trade,2026-2-6,0.229996
DIS,26403,QMLE-Trade,2026-2-9,0.187202
DIS,26403,QMLE-Trade,2026-2-11,0.271752
DIS,26403,QMLE-Trade,2026-2-12,0.369805
DIS,26403,QMLE-Trade,2026-2-13,0.276414
DIS,26403,QMLE-Trade,2026-2-17,0.284171
DIS,26403,QMLE-Trade,2026-2-18,0.210681
DIS,26403,QMLE-Trade,2026-2-19,0.211021
DIS,26403,QMLE-Trade,2026-2-20,0.231684
DIS,26403,QMLE-Trade,2026-2-23,0.235359
DIS,26403,QMLE-Trade,2026-2-24,0.250285
DIS,26403,QMLE-Trade,2026-2-25,0.204574
DIS,26403,QMLE-Trade,2026-2-26,0.210702
DIS,26403,QMLE-Trade,2026-2-27,0.21105
DIS,26403,QMLE-Trade,2026-3-2,0.257982
DIS,26403,QMLE-Trade,2026-3-3,0.253458
DIS,26403,QMLE-Trade,2026-3-4,0.209405
DIS,26403,QMLE-Trade,2026-3-5,0.243005
DIS,26403,QMLE-Trade,2026-3-6,0.217305
DIS,26403,QMLE-Trade,2026-3-10,0.241678
DIS,26403,QMLE-Trade,2026-3-11,0.204307
DIS,26403,QMLE-Trade,2026-3-12,0.220664
DIS,26403,QMLE-Trade,2026-3-13,0.217768
DIS,26403,QMLE-Trade,2026-3-16,0.216327
DIS,26403,QMLE-Trade,2026-3-17,0.208563
DIS,26403,QMLE-Trade,2026-3-18,0.228627
DIS,26403,QMLE-Trade,2026-3-19,0.228219
DIS,26403,QMLE-Trade,2026-3-20,0.217735
DIS,26403,QMLE-Trade,2026-3-23,0.265749
DIS,26403,QMLE-Trade,2026-3-24,0.225584
DIS,26403,QMLE-Trade,2026-3-25,0.21933
DIS,26403,QMLE-Trade,2026-3-26,0.194314
DIS,26403,QMLE-Trade,2026-3-27,0.223305
DIS,26403,QMLE-Trade,2026-3-30,0.224691
DIS,26403,QMLE-Trade,2026-3-31,0.248311
DIS,26403,QMLE-Trade,2026-4-1,0.209908
DIS,26403,QMLE-Trade,2026-4-2,0.220301
DIS,26403,QMLE-Trade,2026-4-6,0.167112
DIS,26403,QMLE-Trade,2026-4-7,0.202626
DIS,26403,QMLE-Trade,2026-4-8,0.197639
DIS,26403,QMLE-Trade,2026-4-9,0.205923
DIS,26403,QMLE-Trade,2026-4-10,0.15233
DIS,26403,QMLE-Trade,2026-4-14,0.183499
DIS,26403,QMLE-Trade,2026-4-15,0.181104
DIS,26403,QMLE-Trade,2026-4-16,0.166276
DIS,26403,QMLE-Trade,2026-4-17,0.174196
DIS,26403,QMLE-Trade,2026-4-20,0.146549
DIS,26403,QMLE-Trade,2026-4-21,0.199787
DIS,26403,QMLE-Trade,2026-4-22,0.161902
DIS,26403,QMLE-Trade,2026-4-23,0.213066
DIS,26403,QMLE-Trade,2026-4-24,0.183493
DIS,26403,QMLE-Trade,2026-4-27,0.200746
DIS,26403,QMLE-Trade,2026-4-28,0.220349
DIS,26403,QMLE-Trade,2026-4-29,0.151248
DIS,26403,QMLE-Trade,2026-4-30,0.17765
DIS,26403,QMLE-Trade,2026-5-1,0.170958
DIS,26403,QMLE-Trade,2026-5-4,0.189111
DIS,26403,QMLE-Trade,2026-5-5,0.207342
DIS,26403,QMLE-Trade,2026-5-6,0.44462
DIS,26403,QMLE-Trade,2026-5-7,0.301974
DIS,26403,QMLE-Trade,2026-5-8,0.207472
DIS,26403,QMLE-Trade,2026-5-11,0.246413
DIS,26403,QMLE-Trade,2026-5-12,0.207041
DIS,26403,QMLE-Trade,2026-5-13,0.195754
DIS,26403,QMLE-Trade,2026-5-14,0.201483
DIS,26403,QMLE-Trade,2026-5-15,0.200701
DIS,26403,QMLE-Trade,2026-5-18,0.206645
DIS,26403,QMLE-Trade,2026-5-19,0.210864
DIS,26403,QMLE-Trade,2026-5-20,0.217172
DIS,26403,QMLE-Trade,2026-5-21,0.207835
DIS,26403,QMLE-Trade,2026-5-22,0.193061
DIS,26403,QMLE-Trade,2026-5-26,0.178955
DIS,26403,QMLE-Trade,2026-5-27,0.180088
DIS,26403,QMLE-Trade,2026-5-28,0.164464
DIS,26403,QMLE-Trade,2026-5-29,0.17552
DIS,26403,QMLE-Trade,2026-6-1,0.217164
DIS,26403,QMLE-Trade,2026-6-2,0.181227
DIS,26403,QMLE-Trade,2026-6-3,0.196188
DIS,26403,QMLE-Trade,2026-6-4,0.211961
DIS,26403,QMLE-Trade,2026-6-5,0.19561
DIS,26403,QMLE-Trade,2026-6-8,0.193732
DIS,26403,QMLE-Trade,2026-6-9,0.206481
DIS,26403,QMLE-Trade,2026-6-10,0.217903
DIS,26403,QMLE-Trade,2026-6-11,0.247508
DIS,26403,QMLE-Trade,2026-6-12,0.229462
DIS,26403,QMLE-Trade,2026-6-15,0.228686
DIS,26403,QMLE-Trade,2026-6-17,0.220226
DIS,26403,QMLE-Trade,2026-6-18,0.210703
DIS,26403,QMLE-Trade,2026-6-22,0.230218
DIS,26403,QMLE-Trade,2026-6-23,0.224349
DIS,26403,QMLE-Trade,2026-6-24,0.247322
DIS,26403,QMLE-Trade,2026-6-25,0.248808
DIS,26403,QMLE-Trade,2026-6-26,0.213372
DIS,26403,QMLE-Trade,2026-6-29,0.230994
DIS,26403,QMLE-Trade,2026-6-30,0.210217
DIS,26403,QMLE-Trade,2026-7-1,0.210281
DIS,26403,QMLE-Trade,2026-7-2,0.218835
DIS,26403,QMLE-Trade,2026-7-6,0.220206
DIS,26403,QMLE-Trade,2026-7-7,0.217816
DIS,26403,QMLE-Trade,2026-7-8,0.183449
DIS,26403,QMLE-Trade,2026-7-9,0.189189
DIS,26403,QMLE-Trade,2026-7-10,0.193581
DIS,26403,QMLE-Trade,2026-7-13,0.206104
DIS,26403,QMLE-Trade,2026-7-14,0.179119
DIS,26403,QMLE-Trade,2026-7-15,0.213628
DIS,26403,QMLE-Trade,2026-7-16,0.203441
DIS,26403,QMLE-Trade,2026-7-17,0.220315
DIS,26403,QMLE-Trade,2026-7-20,0.202755
DIS,26403,QMLE-Trade,2026-7-21,0.17457
DIS,26403,QMLE-Trade,2026-7-22,0.186934
DIS,26403,QMLE-Trade,2026-7-23,0.22031
DIS,26403,QMLE-Trade,2026-7-24,0.20295
DIS,26403,QMLE-Trade,2026-7-27,0.207185
DIS,26403,QMLE-Trade,2026-7-28,0.203076
DIS,26403,QMLE-Quote,1996-1-2,0.179333
DIS,26403,QMLE-Quote,1996-1-3,0.200679
DIS,26403,QMLE-Quote,1996-1-4,0.380016
DIS,26403,QMLE-Quote,1996-1-5,0.212804
DIS,26403,QMLE-Quote,1996-1-8,0.0998199
DIS,26403,QMLE-Quote,1996-1-9,0.195924
DIS,26403,QMLE-Quote,1996-1-10,0.222317
DIS,26403,QMLE-Quote,1996-1-11,0.108099
DIS,26403,QMLE-Quote,1996-1-12,0.165691
DIS,26403,QMLE-Quote,1996-1-15,0.112432
DIS,26403,QMLE-Quote,1996-1-16,0.187315
DIS,26403,QMLE-Quote,1996-1-17,0.129931
DIS,26403,QMLE-Quote,1996-1-18,0.106163
DIS,26403,QMLE-Quote,1996-1-19,0.0788935
DIS,26403,QMLE-Quote,1996-1-22,0.188765
DIS,26403,QMLE-Quote,1996-1-23,0.174028
DIS,26403,QMLE-Quote,1996-1-24,0.249247
DIS,26403,QMLE-Quote,1996-1-25,0.132095
DIS,26403,QMLE-Quote,1996-1-26,0.104966
DIS,26403,QMLE-Quote,1996-1-29,0.12815
DIS,26403,QMLE-Quote,1996-1-30,0.177797
DIS,26403,QMLE-Quote,1996-1-31,0.130605
DIS,26403,QMLE-Quote,1996-2-1,0.191132
DIS,26403,QMLE-Quote,1996-2-2,0.0715894
DIS,26403,QMLE-Quote,1996-2-5,0.142436
DIS,26403,QMLE-Quote,1996-2-6,0.257219
DIS,26403,QMLE-Quote,1996-2-7,0.257244
DIS,26403,QMLE-Quote,1996-2-8,0.139833
DIS,26403,QMLE-Quote,1996-2-9,0.326375
DIS,26403,QMLE-Quote,1996-2-12,0.0933674
DIS,26403,QMLE-Quote,1996-2-13,0.179453
DIS,26403,QMLE-Quote,1996-2-14,0.173442
DIS,26403,QMLE-Quote,1996-2-15,0.155775
DIS,26403,QMLE-Quote,1996-2-16,0.127091
DIS,26403,QMLE-Quote,1996-2-20,0.14381
DIS,26403,QMLE-Quote,1996-2-21,0.0374109
DIS,26403,QMLE-Quote,1996-2-22,0.113167
DIS,26403,QMLE-Quote,1996-2-23,0.162573
DIS,26403,QMLE-Quote,1996-2-26,0.10508
DIS,26403,QMLE-Quote,1996-2-27,0.173184
DIS,26403,QMLE-Quote,1996-2-28,0.0844031
DIS,26403,QMLE-Quote,1996-2-29,0.132975
DIS,26403,QMLE-Quote,1996-3-1,0.218951
DIS,26403,QMLE-Quote,1996-3-4,0.0867139
DIS,26403,QMLE-Quote,1996-3-5,0.0897962
DIS,26403,QMLE-Quote,1996-3-6,0.0512265
DIS,26403,QMLE-Quote,1996-3-7,0.120928
DIS,26403,QMLE-Quote,1996-3-8,0.454545
DIS,26403,QMLE-Quote,1996-3-11,0.214495
DIS,26403,QMLE-Quote,1996-3-12,0.29535
DIS,26403,QMLE-Quote,1996-3-13,0.18056
DIS,26403,QMLE-Quote,1996-3-14,0.118907
DIS,26403,QMLE-Quote,1996-3-15,0.122441
DIS,26403,QMLE-Quote,1996-3-18,0.205505
DIS,26403,QMLE-Quote,1996-3-19,0.348929
DIS,26403,QMLE-Quote,1996-3-20,0.175085
DIS,26403,QMLE-Quote,1996-3-21,0.240058
DIS,26403,QMLE-Quote,1996-3-22,0.20512
DIS,26403,QMLE-Quote,1996-3-25,0.161993
DIS,26403,QMLE-Quote,1996-3-26,0.107038
DIS,26403,QMLE-Quote,1996-3-27,0.0585893
DIS,26403,QMLE-Quote,1996-3-28,0.00145403
DIS,26403,QMLE-Quote,1996-3-29,0.081765
DIS,26403,QMLE-Quote,1996-4-1,0.138448
DIS,26403,QMLE-Quote,1996-4-2,0.130625
DIS,26403,QMLE-Quote,1996-4-3,0.00768595
DIS,26403,QMLE-Quote,1996-4-4,0.112626
DIS,26403,QMLE-Quote,1996-4-8,0.23983
DIS,26403,QMLE-Quote,1996-4-9,0.165471
DIS,26403,QMLE-Quote,1996-4-10,0.264192
DIS,26403,QMLE-Quote,1996-4-11,0.292543
DIS,26403,QMLE-Quote,1996-4-12,0.170171
DIS,26403,QMLE-Quote,1996-4-15,0.134169
DIS,26403,QMLE-Quote,1996-4-16,0.16049
DIS,26403,QMLE-Quote,1996-4-17,0.153123
DIS,26403,QMLE-Quote,1996-4-18,0.138155
DIS,26403,QMLE-Quote,1996-4-19,0.148773
DIS,26403,QMLE-Quote,1996-4-22,0.181121
DIS,26403,QMLE-Quote,1996-4-23,0.215637
DIS,26403,QMLE-Quote,1996-4-24,0.27977
DIS,26403,QMLE-Quote,1996-4-25,0.103209
DIS,26403,QMLE-Quote,1996-4-26,0.169855
DIS,26403,QMLE-Quote,1996-4-29,0.120623
DIS,26403,QMLE-Quote,1996-4-30,0.0858061
DIS,26403,QMLE-Quote,1996-5-1,0.195242
DIS,26403,QMLE-Quote,1996-5-2,0.112565
DIS,26403,QMLE-Quote,1996-5-3,0.216471
DIS,26403,QMLE-Quote,1996-5-6,0.290141
DIS,26403,QMLE-Quote,1996-5-7,0.219882
DIS,26403,QMLE-Quote,1996-5-8,0.285985
DIS,26403,QMLE-Quote,1996-5-9,0.254457
DIS,26403,QMLE-Quote,1996-5-10,0.256117
DIS,26403,QMLE-Quote,1996-5-13,0.20348
DIS,26403,QMLE-Quote,1996-5-14,0.0847716
DIS,26403,QMLE-Quote,1996-5-15,0.201035
DIS,26403,QMLE-Quote,1996-5-16,0.150097
DIS,26403,QMLE-Quote,1996-5-17,0.0931258
DIS,26403,QMLE-Quote,1996-5-20,0.0994809
DIS,26403,QMLE-Quote,1996-5-21,0.148425
DIS,26403,QMLE-Quote,1996-5-22,0.0666054
DIS,26403,QMLE-Quote,1996-5-23,0.234833
DIS,26403,QMLE-Quote,1996-5-24,0.0733269
DIS,26403,QMLE-Quote,1996-5-28,0.207837
DIS,26403,QMLE-Quote,1996-5-29,0.220947
DIS,26403,QMLE-Quote,1996-5-30,0.163492
DIS,26403,QMLE-Quote,1996-5-31,0.21869
DIS,26403,QMLE-Quote,1996-6-3,0.0969712
DIS,26403,QMLE-Quote,1996-6-4,0.152988
DIS,26403,QMLE-Quote,1996-6-5,0.115801
DIS,26403,QMLE-Quote,1996-6-6,0.215963
DIS,26403,QMLE-Quote,1996-6-7,0.278829
DIS,26403,QMLE-Quote,1996-6-10,0.16701
DIS,26403,QMLE-Quote,1996-6-11,0.0960153
DIS,26403,QMLE-Quote,1996-6-12,0.142726
DIS,26403,QMLE-Quote,1996-6-13,0.110547
DIS,26403,QMLE-Quote,1996-6-14,0.135555
DIS,26403,QMLE-Quote,1996-6-17,0.0928043
DIS,26403,QMLE-Quote,1996-6-18,0.202331
DIS,26403,QMLE-Quote,1996-6-19,0.0899184
DIS,26403,QMLE-Quote,1996-6-20,0.158522
DIS,26403,QMLE-Quote,1996-6-21,0.21026
DIS,26403,QMLE-Quote,1996-6-24,0.15769
DIS,26403,QMLE-Quote,1996-6-25,0.195379
DIS,26403,QMLE-Quote,1996-6-26,0.202092
DIS,26403,QMLE-Quote,1996-6-27,0.0975079
DIS,26403,QMLE-Quote,1996-6-28,0.174416
DIS,26403,QMLE-Quote,1996-7-1,0.16914
DIS,26403,QMLE-Quote,1996-7-2,0.206334
DIS,26403,QMLE-Quote,1996-7-3,0.217697
DIS,26403,QMLE-Quote,1996-7-5,0.31894
DIS,26403,QMLE-Quote,1996-7-8,0.275888
DIS,26403,QMLE-Quote,1996-7-9,0.224672
DIS,26403,QMLE-Quote,1996-7-10,0.204372
DIS,26403,QMLE-Quote,1996-7-11,0.392533
DIS,26403,QMLE-Quote,1996-7-12,0.306412
DIS,26403,QMLE-Quote,1996-7-15,0.404678
DIS,26403,QMLE-Quote,1996-7-16,0.572708
DIS,26403,QMLE-Quote,1996-7-17,0.286879
DIS,26403,QMLE-Quote,1996-7-18,0.160727
DIS,26403,QMLE-Quote,1996-7-19,0.0772636
DIS,26403,QMLE-Quote,1996-7-22,0.188912
DIS,26403,QMLE-Quote,1996-7-23,0.205023
DIS,26403,QMLE-Quote,1996-7-24,0.256786
DIS,26403,QMLE-Quote,1996-7-25,0.224995
DIS,26403,QMLE-Quote,1996-7-26,0.264929
DIS,26403,QMLE-Quote,1996-7-29,0.161109
DIS,26403,QMLE-Quote,1996-7-30,0.231231
DIS,26403,QMLE-Quote,1996-7-31,0.185275
DIS,26403,QMLE-Quote,1996-8-1,0.239294
DIS,26403,QMLE-Quote,1996-8-2,0.105815
DIS,26403,QMLE-Quote,1996-8-5,0.00223758
DIS,26403,QMLE-Quote,1996-8-6,0.150864
DIS,26403,QMLE-Quote,1996-8-7,0.131027
DIS,26403,QMLE-Quote,1996-8-8,0.143148
DIS,26403,QMLE-Quote,1996-8-9,0.100037
DIS,26403,QMLE-Quote,1996-8-12,0.203316
DIS,26403,QMLE-Quote,1996-8-13,0.103877
DIS,26403,QMLE-Quote,1996-8-14,0.00434569
DIS,26403,QMLE-Quote,1996-8-15,0.108877
DIS,26403,QMLE-Quote,1996-8-16,0.0570537
DIS,26403,QMLE-Quote,1996-8-19,0.120477
DIS,26403,QMLE-Quote,1996-8-20,0.109414
DIS,26403,QMLE-Quote,1996-8-21,0.135215
DIS,26403,QMLE-Quote,1996-8-22,0.18026
DIS,26403,QMLE-Quote,1996-8-23,0.187257
DIS,26403,QMLE-Quote,1996-8-26,0.186292
DIS,26403,QMLE-Quote,1996-8-27,0.11502
DIS,26403,QMLE-Quote,1996-8-28,0.168176
DIS,26403,QMLE-Quote,1996-8-29,0.34796
DIS,26403,QMLE-Quote,1996-8-30,0.243487
DIS,26403,QMLE-Quote,1996-9-3,0.0666651
DIS,26403,QMLE-Quote,1996-9-4,0.141756
DIS,26403,QMLE-Quote,1996-9-5,0.180638
DIS,26403,QMLE-Quote,1996-9-6,0.220561
DIS,26403,QMLE-Quote,1996-9-9,0.157054
DIS,26403,QMLE-Quote,1996-9-10,0.170698
DIS,26403,QMLE-Quote,1996-9-11,0.149059
DIS,26403,QMLE-Quote,1996-9-12,0.206464
DIS,26403,QMLE-Quote,1996-9-13,0.00152445
DIS,26403,QMLE-Quote,1996-9-16,0.187956
DIS,26403,QMLE-Quote,1996-9-17,0.188791
DIS,26403,QMLE-Quote,1996-9-18,0.0843696
DIS,26403,QMLE-Quote,1996-9-19,0.302404
DIS,26403,QMLE-Quote,1996-9-20,0.193463
DIS,26403,QMLE-Quote,1996-9-23,0.103165
DIS,26403,QMLE-Quote,1996-9-24,0.221174
DIS,26403,QMLE-Quote,1996-9-25,0.0283639
DIS,26403,QMLE-Quote,1996-9-26,0.190404
DIS,26403,QMLE-Quote,1996-9-27,0.165875
DIS,26403,QMLE-Quote,1996-9-30,0.169272
DIS,26403,QMLE-Quote,1996-10-1,0.157097
DIS,26403,QMLE-Quote,1996-10-2,0.255081
DIS,26403,QMLE-Quote,1996-10-3,0.0696097
DIS,26403,QMLE-Quote,1996-10-4,0.177115
DIS,26403,QMLE-Quote,1996-10-7,0.0734941
DIS,26403,QMLE-Quote,1996-10-8,0.130697
DIS,26403,QMLE-Quote,1996-10-9,0.127477
DIS,26403,QMLE-Quote,1996-10-10,0.154064
DIS,26403,QMLE-Quote,1996-10-11,0.00298138
DIS,26403,QMLE-Quote,1996-10-14,0.144397
DIS,26403,QMLE-Quote,1996-10-15,0.171547
DIS,26403,QMLE-Quote,1996-10-16,0.143737
DIS,26403,QMLE-Quote,1996-10-17,0.131498
DIS,26403,QMLE-Quote,1996-10-18,0.0198689
DIS,26403,QMLE-Quote,1996-10-21,0.184213
DIS,26403,QMLE-Quote,1996-10-22,0.181965
DIS,26403,QMLE-Quote,1996-10-23,0.167585
DIS,26403,QMLE-Quote,1996-10-24,0.201919
DIS,26403,QMLE-Quote,1996-10-25,0.115155
DIS,26403,QMLE-Quote,1996-10-28,0.152024
DIS,26403,QMLE-Quote,1996-10-29,0.124782
DIS,26403,QMLE-Quote,1996-10-30,0.00608135
DIS,26403,QMLE-Quote,1996-10-31,0.151571
DIS,26403,QMLE-Quote,1996-11-1,0.178832
DIS,26403,QMLE-Quote,1996-11-4,0.183137
DIS,26403,QMLE-Quote,1996-11-5,0.12834
DIS,26403,QMLE-Quote,1996-11-6,0.134624
DIS,26403,QMLE-Quote,1996-11-7,0.222832
DIS,26403,QMLE-Quote,1996-11-8,0.168879
DIS,26403,QMLE-Quote,1996-11-11,0.177198
DIS,26403,QMLE-Quote,1996-11-12,0.216617
DIS,26403,QMLE-Quote,1996-11-13,0.199393
DIS,26403,QMLE-Quote,1996-11-14,0.133626
DIS,26403,QMLE-Quote,1996-11-15,0.334494
DIS,26403,QMLE-Quote,1996-11-18,0.198814
DIS,26403,QMLE-Quote,1996-11-19,0.181378
DIS,26403,QMLE-Quote,1996-11-20,0.143876
DIS,26403,QMLE-Quote,1996-11-21,0.142436
DIS,26403,QMLE-Quote,1996-11-22,0.175144
DIS,26403,QMLE-Quote,1996-11-25,0.189599
DIS,26403,QMLE-Quote,1996-11-26,0.471233
DIS,26403,QMLE-Quote,1996-11-27,0.23902
DIS,26403,QMLE-Quote,1996-11-29,0.275227
DIS,26403,QMLE-Quote,1996-12-2,0.217377
DIS,26403,QMLE-Quote,1996-12-3,0.212203
DIS,26403,QMLE-Quote,1996-12-4,0.291889
DIS,26403,QMLE-Quote,1996-12-5,0.210709
DIS,26403,QMLE-Quote,1996-12-6,0.161445
DIS,26403,QMLE-Quote,1996-12-9,0.249456
DIS,26403,QMLE-Quote,1996-12-10,0.149981
DIS,26403,QMLE-Quote,1996-12-11,0.330233
DIS,26403,QMLE-Quote,1996-12-12,0.249685
DIS,26403,QMLE-Quote,1996-12-13,0.252758
DIS,26403,QMLE-Quote,1996-12-16,0.287821
DIS,26403,QMLE-Quote,1996-12-17,0.218143
DIS,26403,QMLE-Quote,1996-12-18,0.196958
DIS,26403,QMLE-Quote,1996-12-19,0.147403
DIS,26403,QMLE-Quote,1996-12-20,0.178426
DIS,26403,QMLE-Quote,1996-12-23,0.116931
DIS,26403,QMLE-Quote,1996-12-24,0.243558
DIS,26403,QMLE-Quote,1996-12-26,0.124246
DIS,26403,QMLE-Quote,1996-12-27,0.136725
DIS,26403,QMLE-Quote,1996-12-30,0.19492
DIS,26403,QMLE-Quote,1996-12-31,0.176044
DIS,26403,QMLE-Quote,1997-1-2,0.317912
DIS,26403,QMLE-Quote,1997-1-3,0.171426
DIS,26403,QMLE-Quote,1997-1-6,0.0873847
DIS,26403,QMLE-Quote,1997-1-7,0.135285
DIS,26403,QMLE-Quote,1997-1-8,0.158415
DIS,26403,QMLE-Quote,1997-1-9,0.239777
DIS,26403,QMLE-Quote,1997-1-10,0.199785
DIS,26403,QMLE-Quote,1997-1-13,0.111404
DIS,26403,QMLE-Quote,1997-1-14,0.251272
DIS,26403,QMLE-Quote,1997-1-15,0.168332
DIS,26403,QMLE-Quote,1997-1-16,0.215156
DIS,26403,QMLE-Quote,1997-1-17,0.127059
DIS,26403,QMLE-Quote,1997-1-20,0.0240989
DIS,26403,QMLE-Quote,1997-1-21,0.0859901
DIS,26403,QMLE-Quote,1997-1-22,0.184406
DIS,26403,QMLE-Quote,1997-1-23,0.174109
DIS,26403,QMLE-Quote,1997-1-24,0.298515
DIS,26403,QMLE-Quote,1997-1-27,0.220937
DIS,26403,QMLE-Quote,1997-1-28,0.248718
DIS,26403,QMLE-Quote,1997-1-29,0.114221
DIS,26403,QMLE-Quote,1997-1-30,0.20049
DIS,26403,QMLE-Quote,1997-1-31,0.166794
DIS,26403,QMLE-Quote,1997-2-3,0.0935395
DIS,26403,QMLE-Quote,1997-2-4,0.130567
DIS,26403,QMLE-Quote,1997-2-5,0.283605
DIS,26403,QMLE-Quote,1997-2-6,0.101454
DIS,26403,QMLE-Quote,1997-2-7,0.158238
DIS,26403,QMLE-Quote,1997-2-10,0.229624
DIS,26403,QMLE-Quote,1997-2-11,0.16676
DIS,26403,QMLE-Quote,1997-2-12,0.183129
DIS,26403,QMLE-Quote,1997-2-13,0.266825
DIS,26403,QMLE-Quote,1997-2-14,0.192169
DIS,26403,QMLE-Quote,1997-2-18,0.210555
DIS,26403,QMLE-Quote,1997-2-19,0.196901
DIS,26403,QMLE-Quote,1997-2-20,0.251035
DIS,26403,QMLE-Quote,1997-2-21,0.206374
DIS,26403,QMLE-Quote,1997-2-24,0.317686
DIS,26403,QMLE-Quote,1997-2-25,0.292452
DIS,26403,QMLE-Quote,1997-2-26,0.431118
DIS,26403,QMLE-Quote,1997-2-27,0.0021819
DIS,26403,QMLE-Quote,1997-2-28,0.178501
DIS,26403,QMLE-Quote,1997-3-3,0.236501
DIS,26403,QMLE-Quote,1997-3-4,0.080446
DIS,26403,QMLE-Quote,1997-3-5,0.242228
DIS,26403,QMLE-Quote,1997-3-6,0.243017
DIS,26403,QMLE-Quote,1997-3-7,0.171856
DIS,26403,QMLE-Quote,1997-3-10,0.191452
DIS,26403,QMLE-Quote,1997-3-11,0.0941558
DIS,26403,QMLE-Quote,1997-3-12,0.256959
DIS,26403,QMLE-Quote,1997-3-13,0.267397
DIS,26403,QMLE-Quote,1997-3-14,0.206911
DIS,26403,QMLE-Quote,1997-3-17,0.242817
DIS,26403,QMLE-Quote,1997-3-18,0.222553
DIS,26403,QMLE-Quote,1997-3-19,0.264101
DIS,26403,QMLE-Quote,1997-3-20,0.154761
DIS,26403,QMLE-Quote,1997-3-21,0.0815214
DIS,26403,QMLE-Quote,1997-3-24,0.17583
DIS,26403,QMLE-Quote,1997-3-25,0.226835
DIS,26403,QMLE-Quote,1997-3-26,0.145755
DIS,26403,QMLE-Quote,1997-3-27,0.228212
DIS,26403,QMLE-Quote,1997-3-31,0.322865
DIS,26403,QMLE-Quote,1997-4-1,0.338659
DIS,26403,QMLE-Quote,1997-4-2,0.378684
DIS,26403,QMLE-Quote,1997-4-3,0.28988
DIS,26403,QMLE-Quote,1997-4-4,0.26213
DIS,26403,QMLE-Quote,1997-4-7,0.103557
DIS,26403,QMLE-Quote,1997-4-8,0.159564
DIS,26403,QMLE-Quote,1997-4-9,0.165829
DIS,26403,QMLE-Quote,1997-4-10,0.255853
DIS,26403,QMLE-Quote,1997-4-11,0.330334
DIS,26403,QMLE-Quote,1997-4-14,0.281483
DIS,26403,QMLE-Quote,1997-4-15,0.295223
DIS,26403,QMLE-Quote,1997-4-16,0.19623
DIS,26403,QMLE-Quote,1997-4-17,0.164125
DIS,26403,QMLE-Quote,1997-4-18,0.117632
DIS,26403,QMLE-Quote,1997-4-21,0.237491
DIS,26403,QMLE-Quote,1997-4-22,0.221052
DIS,26403,QMLE-Quote,1997-4-23,0.164273
DIS,26403,QMLE-Quote,1997-4-24,0.19735
DIS,26403,QMLE-Quote,1997-4-25,0.146173
DIS,26403,QMLE-Quote,1997-4-28,0.0907873
DIS,26403,QMLE-Quote,1997-4-29,0.223934
DIS,26403,QMLE-Quote,1997-4-30,0.249073
DIS,26403,QMLE-Quote,1997-5-1,0.174301
DIS,26403,QMLE-Quote,1997-5-2,0.191235
DIS,26403,QMLE-Quote,1997-5-5,0.252723
DIS,26403,QMLE-Quote,1997-5-6,0.181664
DIS,26403,QMLE-Quote,1997-5-7,0.193004
DIS,26403,QMLE-Quote,1997-5-8,0.181446
DIS,26403,QMLE-Quote,1997-5-9,0.146804
DIS,26403,QMLE-Quote,1997-5-12,0.241163
DIS,26403,QMLE-Quote,1997-5-13,0.185884
DIS,26403,QMLE-Quote,1997-5-14,0.140646
DIS,26403,QMLE-Quote,1997-5-15,0.0625581
DIS,26403,QMLE-Quote,1997-5-16,0.192002
DIS,26403,QMLE-Quote,1997-5-19,0.200287
DIS,26403,QMLE-Quote,1997-5-20,0.253736
DIS,26403,QMLE-Quote,1997-5-21,0.251132
DIS,26403,QMLE-Quote,1997-5-22,0.140084
DIS,26403,QMLE-Quote,1997-5-23,0.141585
DIS,26403,QMLE-Quote,1997-5-27,0.217209
DIS,26403,QMLE-Quote,1997-5-28,0.199974
DIS,26403,QMLE-Quote,1997-5-29,0.153513
DIS,26403,QMLE-Quote,1997-5-30,0.289959
DIS,26403,QMLE-Quote,1997-6-2,0.159765
DIS,26403,QMLE-Quote,1997-6-3,0.0744636
DIS,26403,QMLE-Quote,1997-6-4,0.124638
DIS,26403,QMLE-Quote,1997-6-5,0.204978
DIS,26403,QMLE-Quote,1997-6-6,0.156003
DIS,26403,QMLE-Quote,1997-6-9,0.146692
DIS,26403,QMLE-Quote,1997-6-10,0.142627
DIS,26403,QMLE-Quote,1997-6-11,0.105798
DIS,26403,QMLE-Quote,1997-6-12,0.101886
DIS,26403,QMLE-Quote,1997-6-13,0.225908
DIS,26403,QMLE-Quote,1997-6-16,0.100962
DIS,26403,QMLE-Quote,1997-6-17,0.264385
DIS,26403,QMLE-Quote,1997-6-18,0.158652
DIS,26403,QMLE-Quote,1997-6-19,0.211967
DIS,26403,QMLE-Quote,1997-6-20,0.175933
DIS,26403,QMLE-Quote,1997-6-23,0.21446
DIS,26403,QMLE-Quote,1997-6-24,0.176597
DIS,26403,QMLE-Quote,1997-6-25,0.329143
DIS,26403,QMLE-Quote,1997-6-26,0.270981
DIS,26403,QMLE-Quote,1997-6-27,0.211693
DIS,26403,QMLE-Quote,1997-6-30,0.223781
DIS,26403,QMLE-Quote,1997-7-1,0.3017
DIS,26403,QMLE-Quote,1997-7-2,0.200412
DIS,26403,QMLE-Quote,1997-7-3,0.223802
DIS,26403,QMLE-Quote,1997-7-7,0.327404
DIS,26403,QMLE-Quote,1997-7-8,0.211266
DIS,26403,QMLE-Quote,1997-7-9,0.20443
DIS,26403,QMLE-Quote,1997-7-10,0.0627449
DIS,26403,QMLE-Quote,1997-7-11,0.167569
DIS,26403,QMLE-Quote,1997-7-14,0.179597
DIS,26403,QMLE-Quote,1997-7-15,0.166144
DIS,26403,QMLE-Quote,1997-7-16,0.166013
DIS,26403,QMLE-Quote,1997-7-17,0.196169
DIS,26403,QMLE-Quote,1997-7-18,0.309843
DIS,26403,QMLE-Quote,1997-7-21,0.168318
DIS,26403,QMLE-Quote,1997-7-22,0.278874
DIS,26403,QMLE-Quote,1997-7-23,0.145729
DIS,26403,QMLE-Quote,1997-7-24,0.328537
DIS,26403,QMLE-Quote,1997-7-25,0.175965
DIS,26403,QMLE-Quote,1997-7-28,0.0860098
DIS,26403,QMLE-Quote,1997-7-29,0.141656
DIS,26403,QMLE-Quote,1997-7-30,0.185045
DIS,26403,QMLE-Quote,1997-7-31,0.138884
DIS,26403,QMLE-Quote,1997-8-1,0.178856
DIS,26403,QMLE-Quote,1997-8-4,0.19297
DIS,26403,QMLE-Quote,1997-8-5,0.12351
DIS,26403,QMLE-Quote,1997-8-6,0.172376
DIS,26403,QMLE-Quote,1997-8-7,0.186831
DIS,26403,QMLE-Quote,1997-8-8,0.183613
DIS,26403,QMLE-Quote,1997-8-11,0.243595
DIS,26403,QMLE-Quote,1997-8-12,0.210089
DIS,26403,QMLE-Quote,1997-8-13,0.315552
DIS,26403,QMLE-Quote,1997-8-14,0.279128
DIS,26403,QMLE-Quote,1997-8-15,0.227839
DIS,26403,QMLE-Quote,1997-8-18,0.307616
DIS,26403,QMLE-Quote,1997-8-19,0.227039
DIS,26403,QMLE-Quote,1997-8-20,0.199264
DIS,26403,QMLE-Quote,1997-8-21,0.184027
DIS,26403,QMLE-Quote,1997-8-22,0.235044
DIS,26403,QMLE-Quote,1997-8-25,0.176607
DIS,26403,QMLE-Quote,1997-8-26,0.208772
DIS,26403,QMLE-Quote,1997-8-27,0.256809
DIS,26403,QMLE-Quote,1997-8-28,0.32998
DIS,26403,QMLE-Quote,1997-8-29,0.222373
DIS,26403,QMLE-Quote,1997-9-2,0.255163
DIS,26403,QMLE-Quote,1997-9-3,0.16186
DIS,26403,QMLE-Quote,1997-9-4,0.212849
DIS,26403,QMLE-Quote,1997-9-5,0.160408
DIS,26403,QMLE-Quote,1997-9-8,0.13843
DIS,26403,QMLE-Quote,1997-9-9,0.161366
DIS,26403,QMLE-Quote,1997-9-10,0.153994
DIS,26403,QMLE-Quote,1997-9-11,0.27823
DIS,26403,QMLE-Quote,1997-9-12,0.17858
DIS,26403,QMLE-Quote,1997-9-15,0.0718571
DIS,26403,QMLE-Quote,1997-9-16,0.200179
DIS,26403,QMLE-Quote,1997-9-17,0.206306
DIS,26403,QMLE-Quote,1997-9-18,0.318834
DIS,26403,QMLE-Quote,1997-9-19,0.116805
DIS,26403,QMLE-Quote,1997-9-22,0.0776424
DIS,26403,QMLE-Quote,1997-9-23,0.16206
DIS,26403,QMLE-Quote,1997-9-24,0.238781
DIS,26403,QMLE-Quote,1997-9-25,0.216071
DIS,26403,QMLE-Quote,1997-9-26,0.113037
DIS,26403,QMLE-Quote,1997-9-29,0.142987
DIS,26403,QMLE-Quote,1997-9-30,0.211279
DIS,26403,QMLE-Quote,1997-10-1,0.18883
DIS,26403,QMLE-Quote,1997-10-2,0.180002
DIS,26403,QMLE-Quote,1997-10-3,0.192055
DIS,26403,QMLE-Quote,1997-10-6,0.152068
DIS,26403,QMLE-Quote,1997-10-7,0.186897
DIS,26403,QMLE-Quote,1997-10-8,0.199058
DIS,26403,QMLE-Quote,1997-10-9,0.102021
DIS,26403,QMLE-Quote,1997-10-10,0.172327
DIS,26403,QMLE-Quote,1997-10-13,0.107536
DIS,26403,QMLE-Quote,1997-10-14,0.206068
DIS,26403,QMLE-Quote,1997-10-15,0.220297
DIS,26403,QMLE-Quote,1997-10-16,0.261088
DIS,26403,QMLE-Quote,1997-10-17,0.359586
DIS,26403,QMLE-Quote,1997-10-20,0.167747
DIS,26403,QMLE-Quote,1997-10-21,0.226341
DIS,26403,QMLE-Quote,1997-10-22,0.198512
DIS,26403,QMLE-Quote,1997-10-23,0.328617
DIS,26403,QMLE-Quote,1997-10-24,0.301472
DIS,26403,QMLE-Quote,1997-10-27,0.455711
DIS,26403,QMLE-Quote,1997-10-28,1.21796
DIS,26403,QMLE-Quote,1997-10-29,0.385778
DIS,26403,QMLE-Quote,1997-10-30,0.437607
DIS,26403,QMLE-Quote,1997-10-31,0.333141
DIS,26403,QMLE-Quote,1997-11-3,0.232988
DIS,26403,QMLE-Quote,1997-11-4,0.226937
DIS,26403,QMLE-Quote,1997-11-5,0.245097
DIS,26403,QMLE-Quote,1997-11-6,0.252865
DIS,26403,QMLE-Quote,1997-11-7,0.376535
DIS,26403,QMLE-Quote,1997-11-10,0.185476
DIS,26403,QMLE-Quote,1997-11-11,0.158219
DIS,26403,QMLE-Quote,1997-11-12,0.332523
DIS,26403,QMLE-Quote,1997-11-13,0.259585
DIS,26403,QMLE-Quote,1997-11-14,0.308346
DIS,26403,QMLE-Quote,1997-11-17,0.203793
DIS,26403,QMLE-Quote,1997-11-18,0.309368
DIS,26403,QMLE-Quote,1997-11-19,0.197559
DIS,26403,QMLE-Quote,1997-11-20,0.16086
DIS,26403,QMLE-Quote,1997-11-21,0.318665
DIS,26403,QMLE-Quote,1997-11-24,0.217323
DIS,26403,QMLE-Quote,1997-11-25,0.21027
DIS,26403,QMLE-Quote,1997-11-26,0.172187
DIS,26403,QMLE-Quote,1997-11-28,0.137098
DIS,26403,QMLE-Quote,1997-12-1,0.19228
DIS,26403,QMLE-Quote,1997-12-2,0.182677
DIS,26403,QMLE-Quote,1997-12-3,0.227435
DIS,26403,QMLE-Quote,1997-12-4,0.100916
DIS,26403,QMLE-Quote,1997-12-5,0.146895
DIS,26403,QMLE-Quote,1997-12-8,0.127781
DIS,26403,QMLE-Quote,1997-12-9,0.188216
DIS,26403,QMLE-Quote,1997-12-10,0.089102
DIS,26403,QMLE-Quote,1997-12-11,0.228603
DIS,26403,QMLE-Quote,1997-12-12,0.2336
DIS,26403,QMLE-Quote,1997-12-15,0.198496
DIS,26403,QMLE-Quote,1997-12-16,0.194698
DIS,26403,QMLE-Quote,1997-12-17,0.0150436
DIS,26403,QMLE-Quote,1997-12-18,0.23306
DIS,26403,QMLE-Quote,1997-12-19,0.346833
DIS,26403,QMLE-Quote,1997-12-22,0.169543
DIS,26403,QMLE-Quote,1997-12-23,0.172724
DIS,26403,QMLE-Quote,1997-12-24,0.276443
DIS,26403,QMLE-Quote,1997-12-26,0.170616
DIS,26403,QMLE-Quote,1997-12-29,0.184716
DIS,26403,QMLE-Quote,1997-12-30,0.176832
DIS,26403,QMLE-Quote,1997-12-31,0.197162
DIS,26403,QMLE-Quote,1998-1-2,0.156692
DIS,26403,QMLE-Quote,1998-1-5,0.208978
DIS,26403,QMLE-Quote,1998-1-6,0.0799593
DIS,26403,QMLE-Quote,1998-1-7,0.152805
DIS,26403,QMLE-Quote,1998-1-8,0.137867
DIS,26403,QMLE-Quote,1998-1-9,0.224095
DIS,26403,QMLE-Quote,1998-1-12,0.327067
DIS,26403,QMLE-Quote,1998-1-13,0.162
DIS,26403,QMLE-Quote,1998-1-14,0.233929
DIS,26403,QMLE-Quote,1998-1-15,0.154679
DIS,26403,QMLE-Quote,1998-1-16,0.174449
DIS,26403,QMLE-Quote,1998-1-20,0.261427
DIS,26403,QMLE-Quote,1998-1-21,0.163092
DIS,26403,QMLE-Quote,1998-1-22,0.195033
DIS,26403,QMLE-Quote,1998-1-23,0.212078
DIS,26403,QMLE-Quote,1998-1-26,0.197644
DIS,26403,QMLE-Quote,1998-1-27,0.282734
DIS,26403,QMLE-Quote,1998-1-28,0.388959
DIS,26403,QMLE-Quote,1998-1-29,0.258547
DIS,26403,QMLE-Quote,1998-1-30,0.246614
DIS,26403,QMLE-Quote,1998-2-2,0.200619
DIS,26403,QMLE-Quote,1998-2-3,0.162278
DIS,26403,QMLE-Quote,1998-2-4,0.17535
DIS,26403,QMLE-Quote,1998-2-5,0.223769
DIS,26403,QMLE-Quote,1998-2-6,0.0741747
DIS,26403,QMLE-Quote,1998-2-9,0.136834
DIS,26403,QMLE-Quote,1998-2-10,0.188236
DIS,26403,QMLE-Quote,1998-2-11,0.183321
DIS,26403,QMLE-Quote,1998-2-12,0.201496
DIS,26403,QMLE-Quote,1998-2-13,0.141451
DIS,26403,QMLE-Quote,1998-2-17,0.165294
DIS,26403,QMLE-Quote,1998-2-18,0.253131
DIS,26403,QMLE-Quote,1998-2-19,0.217983
DIS,26403,QMLE-Quote,1998-2-20,0.180466
DIS,26403,QMLE-Quote,1998-2-23,0.19276
DIS,26403,QMLE-Quote,1998-2-24,0.184093
DIS,26403,QMLE-Quote,1998-2-25,0.125013
DIS,26403,QMLE-Quote,1998-2-26,0.228139
DIS,26403,QMLE-Quote,1998-2-27,0.221186
DIS,26403,QMLE-Quote,1998-3-2,0.239255
DIS,26403,QMLE-Quote,1998-3-3,0.197964
DIS,26403,QMLE-Quote,1998-3-4,0.258297
DIS,26403,QMLE-Quote,1998-3-5,0.167693
DIS,26403,QMLE-Quote,1998-3-6,0.153221
DIS,26403,QMLE-Quote,1998-3-9,0.127997
DIS,26403,QMLE-Quote,1998-3-10,0.0636296
DIS,26403,QMLE-Quote,1998-3-11,0.135255
DIS,26403,QMLE-Quote,1998-3-12,0.163711
DIS,26403,QMLE-Quote,1998-3-13,0.14646
DIS,26403,QMLE-Quote,1998-3-16,0.109615
DIS,26403,QMLE-Quote,1998-3-17,0.205722
DIS,26403,QMLE-Quote,1998-3-18,0.155301
DIS,26403,QMLE-Quote,1998-3-19,0.126884
DIS,26403,QMLE-Quote,1998-3-20,0.201869
DIS,26403,QMLE-Quote,1998-3-23,0.2983
DIS,26403,QMLE-Quote,1998-3-24,0.181072
DIS,26403,QMLE-Quote,1998-3-25,0.189536
DIS,26403,QMLE-Quote,1998-3-26,0.14729
DIS,26403,QMLE-Quote,1998-3-27,0.11561
DIS,26403,QMLE-Quote,1998-3-30,0.155495
DIS,26403,QMLE-Quote,1998-3-31,0.193229
DIS,26403,QMLE-Quote,1998-4-1,0.261151
DIS,26403,QMLE-Quote,1998-4-2,0.226166
DIS,26403,QMLE-Quote,1998-4-3,0.247909
DIS,26403,QMLE-Quote,1998-4-6,0.203629
DIS,26403,QMLE-Quote,1998-4-7,0.217251
DIS,26403,QMLE-Quote,1998-4-8,0.212859
DIS,26403,QMLE-Quote,1998-4-9,0.210498
DIS,26403,QMLE-Quote,1998-4-13,0.0938786
DIS,26403,QMLE-Quote,1998-4-14,0.209748
DIS,26403,QMLE-Quote,1998-4-15,0.213211
DIS,26403,QMLE-Quote,1998-4-16,0.150239
DIS,26403,QMLE-Quote,1998-4-17,0.163419
DIS,26403,QMLE-Quote,1998-4-20,0.252666
DIS,26403,QMLE-Quote,1998-4-21,0.221512
DIS,26403,QMLE-Quote,1998-4-22,0.157222
DIS,26403,QMLE-Quote,1998-4-23,0.323159
DIS,26403,QMLE-Quote,1998-4-24,0.292515
DIS,26403,QMLE-Quote,1998-4-27,0.212279
DIS,26403,QMLE-Quote,1998-4-28,0.202195
DIS,26403,QMLE-Quote,1998-4-29,0.121113
DIS,26403,QMLE-Quote,1998-4-30,0.138456
DIS,26403,QMLE-Quote,1998-5-1,0.122803
DIS,26403,QMLE-Quote,1998-5-4,0.196852
DIS,26403,QMLE-Quote,1998-5-5,0.219393
DIS,26403,QMLE-Quote,1998-5-6,0.170291
DIS,26403,QMLE-Quote,1998-5-7,0.178661
DIS,26403,QMLE-Quote,1998-5-8,0.141767
DIS,26403,QMLE-Quote,1998-5-11,0.180851
DIS,26403,QMLE-Quote,1998-5-12,0.155617
DIS,26403,QMLE-Quote,1998-5-13,0.157885
DIS,26403,QMLE-Quote,1998-5-14,0.213803
DIS,26403,QMLE-Quote,1998-5-15,0.317448
DIS,26403,QMLE-Quote,1998-5-18,0.239524
DIS,26403,QMLE-Quote,1998-5-19,0.11823
DIS,26403,QMLE-Quote,1998-5-20,0.292681
DIS,26403,QMLE-Quote,1998-5-21,0.207641
DIS,26403,QMLE-Quote,1998-5-22,0.151022
DIS,26403,QMLE-Quote,1998-5-26,0.259232
DIS,26403,QMLE-Quote,1998-5-27,0.349623
DIS,26403,QMLE-Quote,1998-5-28,0.236134
DIS,26403,QMLE-Quote,1998-5-29,0.117687
DIS,26403,QMLE-Quote,1998-6-1,0.232269
DIS,26403,QMLE-Quote,1998-6-2,0.166922
DIS,26403,QMLE-Quote,1998-6-3,0.207588
DIS,26403,QMLE-Quote,1998-6-4,0.238501
DIS,26403,QMLE-Quote,1998-6-5,0.232342
DIS,26403,QMLE-Quote,1998-6-8,0.251822
DIS,26403,QMLE-Quote,1998-6-9,0.172539
DIS,26403,QMLE-Quote,1998-6-10,0.223965
DIS,26403,QMLE-Quote,1998-6-11,0.221342
DIS,26403,QMLE-Quote,1998-6-12,0.348794
DIS,26403,QMLE-Quote,1998-6-15,0.225841
DIS,26403,QMLE-Quote,1998-6-16,0.255991
DIS,26403,QMLE-Quote,1998-6-17,0.312028
DIS,26403,QMLE-Quote,1998-6-18,0.171054
DIS,26403,QMLE-Quote,1998-6-19,0.198888
DIS,26403,QMLE-Quote,1998-6-22,0.232436
DIS,26403,QMLE-Quote,1998-6-23,0.17396
DIS,26403,QMLE-Quote,1998-6-24,0.257969
DIS,26403,QMLE-Quote,1998-6-25,0.210969
DIS,26403,QMLE-Quote,1998-6-26,0.137878
DIS,26403,QMLE-Quote,1998-6-29,0.127033
DIS,26403,QMLE-Quote,1998-6-30,0.256204
DIS,26403,QMLE-Quote,1998-7-1,0.223897
DIS,26403,QMLE-Quote,1998-7-2,0.141242
DIS,26403,QMLE-Quote,1998-7-6,0.208704
DIS,26403,QMLE-Quote,1998-7-7,0.12938
DIS,26403,QMLE-Quote,1998-7-8,0.202943
DIS,26403,QMLE-Quote,1998-7-9,0.26634
DIS,26403,QMLE-Quote,1998-7-10,0.46685
DIS,26403,QMLE-Quote,1998-7-13,0.306864
DIS,26403,QMLE-Quote,1998-7-14,0.194924
DIS,26403,QMLE-Quote,1998-7-15,0.254795
DIS,26403,QMLE-Quote,1998-7-16,0.319325
DIS,26403,QMLE-Quote,1998-7-17,0.226537
DIS,26403,QMLE-Quote,1998-7-20,0.280104
DIS,26403,QMLE-Quote,1998-7-21,0.240549
DIS,26403,QMLE-Quote,1998-7-22,0.334149
DIS,26403,QMLE-Quote,1998-7-23,0.459398
DIS,26403,QMLE-Quote,1998-7-24,0.360182
DIS,26403,QMLE-Quote,1998-7-27,0.28082
DIS,26403,QMLE-Quote,1998-7-28,0.529671
DIS,26403,QMLE-Quote,1998-7-29,0.269573
DIS,26403,QMLE-Quote,1998-7-30,0.240769
DIS,26403,QMLE-Quote,1998-7-31,0.20583
DIS,26403,QMLE-Quote,1998-8-3,0.172289
DIS,26403,QMLE-Quote,1998-8-4,0.757464
DIS,26403,QMLE-Quote,1998-8-5,0.648554
DIS,26403,QMLE-Quote,1998-8-6,0.334558
DIS,26403,QMLE-Quote,1998-8-7,0.211112
DIS,26403,QMLE-Quote,1998-8-10,0.335528
DIS,26403,QMLE-Quote,1998-8-11,0.304198
DIS,26403,QMLE-Quote,1998-8-12,0.243237
DIS,26403,QMLE-Quote,1998-8-13,0.276381
DIS,26403,QMLE-Quote,1998-8-14,0.292248
DIS,26403,QMLE-Quote,1998-8-17,0.418508
DIS,26403,QMLE-Quote,1998-8-18,0.273219
DIS,26403,QMLE-Quote,1998-8-19,0.298964
DIS,26403,QMLE-Quote,1998-8-20,0.273806
DIS,26403,QMLE-Quote,1998-8-21,0.342236
DIS,26403,QMLE-Quote,1998-8-24,0.328634
DIS,26403,QMLE-Quote,1998-8-25,0.267616
DIS,26403,QMLE-Quote,1998-8-26,0.57626
DIS,26403,QMLE-Quote,1998-8-27,0.787248
DIS,26403,QMLE-Quote,1998-8-28,0.60884
DIS,26403,QMLE-Quote,1998-8-31,1.45207
DIS,26403,QMLE-Quote,1998-9-1,0.939759
DIS,26403,QMLE-Quote,1998-9-2,0.636989
DIS,26403,QMLE-Quote,1998-9-3,0.755468
DIS,26403,QMLE-Quote,1998-9-4,0.660927
DIS,26403,QMLE-Quote,1998-9-8,0.733151
DIS,26403,QMLE-Quote,1998-9-9,0.340444
DIS,26403,QMLE-Quote,1998-9-10,0.537671
DIS,26403,QMLE-Quote,1998-9-11,0.576774
DIS,26403,QMLE-Quote,1998-9-14,0.449962
DIS,26403,QMLE-Quote,1998-9-15,0.332508
DIS,26403,QMLE-Quote,1998-9-16,0.409945
DIS,26403,QMLE-Quote,1998-9-17,0.285854
DIS,26403,QMLE-Quote,1998-9-18,0.300566
DIS,26403,QMLE-Quote,1998-9-21,0.288337
DIS,26403,QMLE-Quote,1998-9-22,0.302731
DIS,26403,QMLE-Quote,1998-9-23,0.44456
DIS,26403,QMLE-Quote,1998-9-24,0.446641
DIS,26403,QMLE-Quote,1998-9-25,0.305565
DIS,26403,QMLE-Quote,1998-9-28,0.170547
DIS,26403,QMLE-Quote,1998-9-29,0.559648
DIS,26403,QMLE-Quote,1998-9-30,0.385195
DIS,26403,QMLE-Quote,1998-10-1,0.310636
DIS,26403,QMLE-Quote,1998-10-2,0.651984
DIS,26403,QMLE-Quote,1998-10-5,0.439383
DIS,26403,QMLE-Quote,1998-10-6,0.360041
DIS,26403,QMLE-Quote,1998-10-7,0.542217
DIS,26403,QMLE-Quote,1998-10-8,0.727386
DIS,26403,QMLE-Quote,1998-10-9,0.779135
DIS,26403,QMLE-Quote,1998-10-12,0.275985
DIS,26403,QMLE-Quote,1998-10-13,0.483905
DIS,26403,QMLE-Quote,1998-10-14,0.43275
DIS,26403,QMLE-Quote,1998-10-15,0.565621
DIS,26403,QMLE-Quote,1998-10-16,0.433072
DIS,26403,QMLE-Quote,1998-10-19,0.364103
DIS,26403,QMLE-Quote,1998-10-20,0.391995
DIS,26403,QMLE-Quote,1998-10-21,0.222831
DIS,26403,QMLE-Quote,1998-10-22,0.301019
DIS,26403,QMLE-Quote,1998-10-23,0.211855
DIS,26403,QMLE-Quote,1998-10-26,0.122386
DIS,26403,QMLE-Quote,1998-10-27,0.3238
DIS,26403,QMLE-Quote,1998-10-28,0.352459
DIS,26403,QMLE-Quote,1998-10-29,0.214376
DIS,26403,QMLE-Quote,1998-10-30,0.311243
DIS,26403,QMLE-Quote,1998-11-2,0.442458
DIS,26403,QMLE-Quote,1998-11-3,0.273886
DIS,26403,QMLE-Quote,1998-11-4,0.309444
DIS,26403,QMLE-Quote,1998-11-5,0.404664
DIS,26403,QMLE-Quote,1998-11-6,0.252008
DIS,26403,QMLE-Quote,1998-11-9,0.317488
DIS,26403,QMLE-Quote,1998-11-10,0.269237
DIS,26403,QMLE-Quote,1998-11-11,0.211832
DIS,26403,QMLE-Quote,1998-11-12,0.239231
DIS,26403,QMLE-Quote,1998-11-13,0.321732
DIS,26403,QMLE-Quote,1998-11-16,0.258859
DIS,26403,QMLE-Quote,1998-11-17,0.392249
DIS,26403,QMLE-Quote,1998-11-18,0.262684
DIS,26403,QMLE-Quote,1998-11-19,0.173008
DIS,26403,QMLE-Quote,1998-11-20,0.114951
DIS,26403,QMLE-Quote,1998-11-23,0.293146
DIS,26403,QMLE-Quote,1998-11-24,0.430952
DIS,26403,QMLE-Quote,1998-11-25,0.360391
DIS,26403,QMLE-Quote,1998-11-27,0.357335
DIS,26403,QMLE-Quote,1998-11-30,0.483468
DIS,26403,QMLE-Quote,1998-12-1,0.422406
DIS,26403,QMLE-Quote,1998-12-2,0.333994
DIS,26403,QMLE-Quote,1998-12-3,0.408725
DIS,26403,QMLE-Quote,1998-12-4,0.234279
DIS,26403,QMLE-Quote,1998-12-7,0.287657
DIS,26403,QMLE-Quote,1998-12-8,0.218408
DIS,26403,QMLE-Quote,1998-12-9,0.363046
DIS,26403,QMLE-Quote,1998-12-10,0.454976
DIS,26403,QMLE-Quote,1998-12-11,0.351087
DIS,26403,QMLE-Quote,1998-12-14,0.312958
DIS,26403,QMLE-Quote,1998-12-15,0.329278
DIS,26403,QMLE-Quote,1998-12-16,0.298993
DIS,26403,QMLE-Quote,1998-12-17,0.187938
DIS,26403,QMLE-Quote,1998-12-18,0.246717
DIS,26403,QMLE-Quote,1998-12-21,0.289611
DIS,26403,QMLE-Quote,1998-12-22,0.230852
DIS,26403,QMLE-Quote,1998-12-23,0.16186
DIS,26403,QMLE-Quote,1998-12-24,0.244882
DIS,26403,QMLE-Quote,1998-12-28,0.220995
DIS,26403,QMLE-Quote,1998-12-29,0.187857
DIS,26403,QMLE-Quote,1998-12-30,0.158076
DIS,26403,QMLE-Quote,1998-12-31,0.222811
DIS,26403,QMLE-Quote,1999-1-4,0.318507
DIS,26403,QMLE-Quote,1999-1-5,0.205858
DIS,26403,QMLE-Quote,1999-1-6,0.327938
DIS,26403,QMLE-Quote,1999-1-7,0.391125
DIS,26403,QMLE-Quote,1999-1-8,0.483792
DIS,26403,QMLE-Quote,1999-1-11,0.722793
DIS,26403,QMLE-Quote,1999-1-12,0.433424
DIS,26403,QMLE-Quote,1999-1-13,0.632432
DIS,26403,QMLE-Quote,1999-1-14,0.407259
DIS,26403,QMLE-Quote,1999-1-15,0.276392
DIS,26403,QMLE-Quote,1999-1-19,0.270761
DIS,26403,QMLE-Quote,1999-1-20,0.302583
DIS,26403,QMLE-Quote,1999-1-21,0.462907
DIS,26403,QMLE-Quote,1999-1-22,0.154093
DIS,26403,QMLE-Quote,1999-1-25,0.282574
DIS,26403,QMLE-Quote,1999-1-26,0.274274
DIS,26403,QMLE-Quote,1999-1-27,0.420852
DIS,26403,QMLE-Quote,1999-1-28,0.211845
DIS,26403,QMLE-Quote,1999-1-29,0.260151
DIS,26403,QMLE-Quote,1999-2-1,0.324279
DIS,26403,QMLE-Quote,1999-2-2,0.268837
DIS,26403,QMLE-Quote,1999-2-3,0.285632
DIS,26403,QMLE-Quote,1999-2-4,0.488468
DIS,26403,QMLE-Quote,1999-2-5,0.289303
DIS,26403,QMLE-Quote,1999-2-8,0.207057
DIS,26403,QMLE-Quote,1999-2-9,0.31834
DIS,26403,QMLE-Quote,1999-2-10,0.243123
DIS,26403,QMLE-Quote,1999-2-11,0.305736
DIS,26403,QMLE-Quote,1999-2-12,0.383598
DIS,26403,QMLE-Quote,1999-2-16,0.282185
DIS,26403,QMLE-Quote,1999-2-17,0.266677
DIS,26403,QMLE-Quote,1999-2-18,0.23677
DIS,26403,QMLE-Quote,1999-2-19,0.106429
DIS,26403,QMLE-Quote,1999-2-22,0.211759
DIS,26403,QMLE-Quote,1999-2-23,0.23287
DIS,26403,QMLE-Quote,1999-2-24,0.29047
DIS,26403,QMLE-Quote,1999-2-25,0.396162
DIS,26403,QMLE-Quote,1999-2-26,0.371823
DIS,26403,QMLE-Quote,1999-3-1,0.309898
DIS,26403,QMLE-Quote,1999-3-2,0.266833
DIS,26403,QMLE-Quote,1999-3-3,0.217573
DIS,26403,QMLE-Quote,1999-3-4,0.208559
DIS,26403,QMLE-Quote,1999-3-5,0.122338
DIS,26403,QMLE-Quote,1999-3-8,0.262035
DIS,26403,QMLE-Quote,1999-3-9,0.370195
DIS,26403,QMLE-Quote,1999-3-10,0.285037
DIS,26403,QMLE-Quote,1999-3-11,0.310089
DIS,26403,QMLE-Quote,1999-3-12,0.287595
DIS,26403,QMLE-Quote,1999-3-15,0.243594
DIS,26403,QMLE-Quote,1999-3-16,0.195631
DIS,26403,QMLE-Quote,1999-3-17,0.185143
DIS,26403,QMLE-Quote,1999-3-18,0.281708
DIS,26403,QMLE-Quote,1999-3-19,0.300512
DIS,26403,QMLE-Quote,1999-3-22,0.201073
DIS,26403,QMLE-Quote,1999-3-23,0.314575
DIS,26403,QMLE-Quote,1999-3-24,0.204327
DIS,26403,QMLE-Quote,1999-3-25,0.292852
DIS,26403,QMLE-Quote,1999-3-26,0.17256
DIS,26403,QMLE-Quote,1999-3-29,0.188979
DIS,26403,QMLE-Quote,1999-3-30,0.248112
DIS,26403,QMLE-Quote,1999-3-31,0.366528
DIS,26403,QMLE-Quote,1999-4-1,0.263679
DIS,26403,QMLE-Quote,1999-4-5,0.20522
DIS,26403,QMLE-Quote,1999-4-6,0.406616
DIS,26403,QMLE-Quote,1999-4-7,0.635582
DIS,26403,QMLE-Quote,1999-4-8,0.237538
DIS,26403,QMLE-Quote,1999-4-9,0.322433
DIS,26403,QMLE-Quote,1999-4-12,0.232774
DIS,26403,QMLE-Quote,1999-4-13,0.397888
DIS,26403,QMLE-Quote,1999-4-14,0.399642
DIS,26403,QMLE-Quote,1999-4-15,0.505095
DIS,26403,QMLE-Quote,1999-4-16,0.270842
DIS,26403,QMLE-Quote,1999-4-19,0.541014
DIS,26403,QMLE-Quote,1999-4-20,0.428922
DIS,26403,QMLE-Quote,1999-4-21,0.384811
DIS,26403,QMLE-Quote,1999-4-22,0.324716
DIS,26403,QMLE-Quote,1999-4-23,0.467422
DIS,26403,QMLE-Quote,1999-4-26,0.286855
DIS,26403,QMLE-Quote,1999-4-27,0.418608
DIS,26403,QMLE-Quote,1999-4-28,0.622225
DIS,26403,QMLE-Quote,1999-4-29,0.411392
DIS,26403,QMLE-Quote,1999-4-30,0.469979
DIS,26403,QMLE-Quote,1999-5-3,0.316159
DIS,26403,QMLE-Quote,1999-5-4,0.262519
DIS,26403,QMLE-Quote,1999-5-5,0.242595
DIS,26403,QMLE-Quote,1999-5-6,0.268635
DIS,26403,QMLE-Quote,1999-5-7,0.342095
DIS,26403,QMLE-Quote,1999-5-10,0.21272
DIS,26403,QMLE-Quote,1999-5-11,0.188445
DIS,26403,QMLE-Quote,1999-5-12,0.311604
DIS,26403,QMLE-Quote,1999-5-13,0.168652
DIS,26403,QMLE-Quote,1999-5-14,0.275601
DIS,26403,QMLE-Quote,1999-5-17,0.160248
DIS,26403,QMLE-Quote,1999-5-18,0.293933
DIS,26403,QMLE-Quote,1999-5-19,0.320059
DIS,26403,QMLE-Quote,1999-5-20,0.119915
DIS,26403,QMLE-Quote,1999-5-21,0.185556
DIS,26403,QMLE-Quote,1999-5-24,0.164861
DIS,26403,QMLE-Quote,1999-5-25,0.222469
DIS,26403,QMLE-Quote,1999-5-26,0.31973
DIS,26403,QMLE-Quote,1999-5-27,0.0840482
DIS,26403,QMLE-Quote,1999-5-28,0.212023
DIS,26403,QMLE-Quote,1999-6-1,0.197027
DIS,26403,QMLE-Quote,1999-6-2,0.207724
DIS,26403,QMLE-Quote,1999-6-3,0.265624
DIS,26403,QMLE-Quote,1999-6-4,0.481845
DIS,26403,QMLE-Quote,1999-6-7,0.299477
DIS,26403,QMLE-Quote,1999-6-8,0.392012
DIS,26403,QMLE-Quote,1999-6-9,0.148537
DIS,26403,QMLE-Quote,1999-6-10,0.223521
DIS,26403,QMLE-Quote,1999-6-11,0.259834
DIS,26403,QMLE-Quote,1999-6-14,0.161431
DIS,26403,QMLE-Quote,1999-6-15,0.284624
DIS,26403,QMLE-Quote,1999-6-16,0.0934958
DIS,26403,QMLE-Quote,1999-6-17,0.181148
DIS,26403,QMLE-Quote,1999-6-18,0.181379
DIS,26403,QMLE-Quote,1999-6-21,0.143733
DIS,26403,QMLE-Quote,1999-6-22,0.216489
DIS,26403,QMLE-Quote,1999-6-23,0.269144
DIS,26403,QMLE-Quote,1999-6-24,0.160493
DIS,26403,QMLE-Quote,1999-6-25,0.115606
DIS,26403,QMLE-Quote,1999-6-28,0.211132
DIS,26403,QMLE-Quote,1999-6-29,0.218529
DIS,26403,QMLE-Quote,1999-6-30,0.314212
DIS,26403,QMLE-Quote,1999-7-1,0.480694
DIS,26403,QMLE-Quote,1999-7-2,0.259183
DIS,26403,QMLE-Quote,1999-7-6,0.145614
DIS,26403,QMLE-Quote,1999-7-7,0.283956
DIS,26403,QMLE-Quote,1999-7-8,0.210127
DIS,26403,QMLE-Quote,1999-7-9,0.141968
DIS,26403,QMLE-Quote,1999-7-12,0.265928
DIS,26403,QMLE-Quote,1999-7-13,0.286054
DIS,26403,QMLE-Quote,1999-7-14,0.170798
DIS,26403,QMLE-Quote,1999-7-15,0.1847
DIS,26403,QMLE-Quote,1999-7-16,0.203507
DIS,26403,QMLE-Quote,1999-7-19,0.156624
DIS,26403,QMLE-Quote,1999-7-20,0.092262
DIS,26403,QMLE-Quote,1999-7-21,0.210601
DIS,26403,QMLE-Quote,1999-7-22,0.221144
DIS,26403,QMLE-Quote,1999-7-23,0.265555
DIS,26403,QMLE-Quote,1999-7-26,0.195517
DIS,26403,QMLE-Quote,1999-7-27,0.212446
DIS,26403,QMLE-Quote,1999-7-28,0.249434
DIS,26403,QMLE-Quote,1999-7-29,0.230054
DIS,26403,QMLE-Quote,1999-7-30,0.213823
DIS,26403,QMLE-Quote,1999-8-2,0.19755
DIS,26403,QMLE-Quote,1999-8-3,0.265778
DIS,26403,QMLE-Quote,1999-8-4,0.261144
DIS,26403,QMLE-Quote,1999-8-5,0.3016
DIS,26403,QMLE-Quote,1999-8-6,0.264866
DIS,26403,QMLE-Quote,1999-8-9,0.289705
DIS,26403,QMLE-Quote,1999-8-10,0.273834
DIS,26403,QMLE-Quote,1999-8-11,0.269103
DIS,26403,QMLE-Quote,1999-8-12,0.210732
DIS,26403,QMLE-Quote,1999-8-13,0.233943
DIS,26403,QMLE-Quote,1999-8-16,0.16633
DIS,26403,QMLE-Quote,1999-8-17,0.186119
DIS,26403,QMLE-Quote,1999-8-18,0.169353
DIS,26403,QMLE-Quote,1999-8-19,0.251177
DIS,26403,QMLE-Quote,1999-8-20,0.0837636
DIS,26403,QMLE-Quote,1999-8-23,0.195329
DIS,26403,QMLE-Quote,1999-8-24,0.20891
DIS,26403,QMLE-Quote,1999-8-25,0.280312
DIS,26403,QMLE-Quote,1999-8-26,0.113251
DIS,26403,QMLE-Quote,1999-8-27,0.16713
DIS,26403,QMLE-Quote,1999-8-30,0.193738
DIS,26403,QMLE-Quote,1999-8-31,0.265155
DIS,26403,QMLE-Quote,1999-9-1,0.293454
DIS,26403,QMLE-Quote,1999-9-2,0.19013
DIS,26403,QMLE-Quote,1999-9-3,0.261889
DIS,26403,QMLE-Quote,1999-9-7,0.413294
DIS,26403,QMLE-Quote,1999-9-8,0.309892
DIS,26403,QMLE-Quote,1999-9-9,0.260014
DIS,26403,QMLE-Quote,1999-9-10,0.256654
DIS,26403,QMLE-Quote,1999-9-13,0.137998
DIS,26403,QMLE-Quote,1999-9-14,0.111351
DIS,26403,QMLE-Quote,1999-9-15,0.227991
DIS,26403,QMLE-Quote,1999-9-16,0.191075
DIS,26403,QMLE-Quote,1999-9-17,0.208656
DIS,26403,QMLE-Quote,1999-9-20,0.166274
DIS,26403,QMLE-Quote,1999-9-21,0.305438
DIS,26403,QMLE-Quote,1999-9-22,0.145664
DIS,26403,QMLE-Quote,1999-9-23,0.299541
DIS,26403,QMLE-Quote,1999-9-24,0.300239
DIS,26403,QMLE-Quote,1999-9-27,0.232639
DIS,26403,QMLE-Quote,1999-9-28,0.409974
DIS,26403,QMLE-Quote,1999-9-29,0.258648
DIS,26403,QMLE-Quote,1999-9-30,0.420908
DIS,26403,QMLE-Quote,1999-10-1,0.285346
DIS,26403,QMLE-Quote,1999-10-4,0.20154
DIS,26403,QMLE-Quote,1999-10-5,0.316545
DIS,26403,QMLE-Quote,1999-10-6,0.228637
DIS,26403,QMLE-Quote,1999-10-7,0.251646
DIS,26403,QMLE-Quote,1999-10-8,0.22571
DIS,26403,QMLE-Quote,1999-10-11,0.18459
DIS,26403,QMLE-Quote,1999-10-12,0.083368
DIS,26403,QMLE-Quote,1999-10-13,0.187152
DIS,26403,QMLE-Quote,1999-10-14,0.239044
DIS,26403,QMLE-Quote,1999-10-15,0.372184
DIS,26403,QMLE-Quote,1999-10-18,0.358503
DIS,26403,QMLE-Quote,1999-10-19,0.326857
DIS,26403,QMLE-Quote,1999-10-20,0.357664
DIS,26403,QMLE-Quote,1999-10-21,0.149111
DIS,26403,QMLE-Quote,1999-10-22,0.445947
DIS,26403,QMLE-Quote,1999-10-25,0.312041
DIS,26403,QMLE-Quote,1999-10-26,0.406943
DIS,26403,QMLE-Quote,1999-10-27,0.252304
DIS,26403,QMLE-Quote,1999-10-28,0.339844
DIS,26403,QMLE-Quote,1999-10-29,0.338917
DIS,26403,QMLE-Quote,1999-11-1,0.484082
DIS,26403,QMLE-Quote,1999-11-2,0.281112
DIS,26403,QMLE-Quote,1999-11-3,0.37431
DIS,26403,QMLE-Quote,1999-11-4,0.486766
DIS,26403,QMLE-Quote,1999-11-5,0.49398
DIS,26403,QMLE-Quote,1999-11-8,0.325074
DIS,26403,QMLE-Quote,1999-11-9,0.344471
DIS,26403,QMLE-Quote,1999-11-10,0.320938
DIS,26403,QMLE-Quote,1999-11-11,0.362376
DIS,26403,QMLE-Quote,1999-11-12,0.276514
DIS,26403,QMLE-Quote,1999-11-15,0.40153
DIS,26403,QMLE-Quote,1999-11-16,0.184209
DIS,26403,QMLE-Quote,1999-11-17,0.233301
DIS,26403,QMLE-Quote,1999-11-18,0.30217
DIS,26403,QMLE-Quote,1999-11-19,0.238704
DIS,26403,QMLE-Quote,1999-11-22,0.200267
DIS,26403,QMLE-Quote,1999-11-23,0.2547
DIS,26403,QMLE-Quote,1999-11-24,0.308591
DIS,26403,QMLE-Quote,1999-11-26,0.570382
DIS,26403,QMLE-Quote,1999-11-29,0.424316
DIS,26403,QMLE-Quote,1999-11-30,0.292691
DIS,26403,QMLE-Quote,1999-12-1,0.269358
DIS,26403,QMLE-Quote,1999-12-2,0.158753
DIS,26403,QMLE-Quote,1999-12-3,0.334851
DIS,26403,QMLE-Quote,1999-12-6,0.19938
DIS,26403,QMLE-Quote,1999-12-7,0.255088
DIS,26403,QMLE-Quote,1999-12-8,0.331351
DIS,26403,QMLE-Quote,1999-12-9,0.202221
DIS,26403,QMLE-Quote,1999-12-10,0.360029
DIS,26403,QMLE-Quote,1999-12-13,0.197556
DIS,26403,QMLE-Quote,1999-12-14,0.303055
DIS,26403,QMLE-Quote,1999-12-15,0.449039
DIS,26403,QMLE-Quote,1999-12-16,0.166981
DIS,26403,QMLE-Quote,1999-12-17,0.310198
DIS,26403,QMLE-Quote,1999-12-20,0.218954
DIS,26403,QMLE-Quote,1999-12-21,0.358244
DIS,26403,QMLE-Quote,1999-12-22,0.240447
DIS,26403,QMLE-Quote,1999-12-23,0.223595
DIS,26403,QMLE-Quote,1999-12-27,0.262763
DIS,26403,QMLE-Quote,1999-12-28,0.215627
DIS,26403,QMLE-Quote,1999-12-29,0.226485
DIS,26403,QMLE-Quote,1999-12-30,0.16594
DIS,26403,QMLE-Quote,1999-12-31,0.250054
DIS,26403,QMLE-Quote,2000-1-3,0.403093
DIS,26403,QMLE-Quote,2000-1-4,0.456901
DIS,26403,QMLE-Quote,2000-1-5,0.387217
DIS,26403,QMLE-Quote,2000-1-6,0.335478
DIS,26403,QMLE-Quote,2000-1-7,0.35916
DIS,26403,QMLE-Quote,2000-1-10,0.578634
DIS,26403,QMLE-Quote,2000-1-11,0.385737
DIS,26403,QMLE-Quote,2000-1-12,0.49366
DIS,26403,QMLE-Quote,2000-1-13,0.412637
DIS,26403,QMLE-Quote,2000-1-14,0.37728
DIS,26403,QMLE-Quote,2000-1-18,0.445163
DIS,26403,QMLE-Quote,2000-1-19,0.224994
DIS,26403,QMLE-Quote,2000-1-20,0.366149
DIS,26403,QMLE-Quote,2000-1-21,0.325071
DIS,26403,QMLE-Quote,2000-1-24,0.43409
DIS,26403,QMLE-Quote,2000-1-25,0.355121
DIS,26403,QMLE-Quote,2000-1-26,0.27997
DIS,26403,QMLE-Quote,2000-1-27,0.357189
DIS,26403,QMLE-Quote,2000-1-28,0.409979
DIS,26403,QMLE-Quote,2000-1-31,0.404078
DIS,26403,QMLE-Quote,2000-2-1,0.18674
DIS,26403,QMLE-Quote,2000-2-2,0.345438
DIS,26403,QMLE-Quote,2000-2-3,0.329911
DIS,26403,QMLE-Quote,2000-2-4,0.40257
DIS,26403,QMLE-Quote,2000-2-7,0.257786
DIS,26403,QMLE-Quote,2000-2-8,0.263557
DIS,26403,QMLE-Quote,2000-2-9,0.27866
DIS,26403,QMLE-Quote,2000-2-10,0.238246
DIS,26403,QMLE-Quote,2000-2-11,0.521589
DIS,26403,QMLE-Quote,2000-2-14,0.2555
DIS,26403,QMLE-Quote,2000-2-15,0.39319
DIS,26403,QMLE-Quote,2000-2-16,0.241919
DIS,26403,QMLE-Quote,2000-2-17,0.297041
DIS,26403,QMLE-Quote,2000-2-18,0.26066
DIS,26403,QMLE-Quote,2000-2-22,0.680709
DIS,26403,QMLE-Quote,2000-2-23,0.534363
DIS,26403,QMLE-Quote,2000-2-24,0.442831
DIS,26403,QMLE-Quote,2000-2-25,0.443842
DIS,26403,QMLE-Quote,2000-2-28,0.428902
DIS,26403,QMLE-Quote,2000-2-29,0.281113
DIS,26403,QMLE-Quote,2000-3-1,0.4993
DIS,26403,QMLE-Quote,2000-3-2,0.250398
DIS,26403,QMLE-Quote,2000-3-3,0.286118
DIS,26403,QMLE-Quote,2000-3-6,0.316709
DIS,26403,QMLE-Quote,2000-3-7,0.313783
DIS,26403,QMLE-Quote,2000-3-8,0.239706
DIS,26403,QMLE-Quote,2000-3-9,0.328231
DIS,26403,QMLE-Quote,2000-3-10,0.233421
DIS,26403,QMLE-Quote,2000-3-13,0.541897
DIS,26403,QMLE-Quote,2000-3-14,0.36712
DIS,26403,QMLE-Quote,2000-3-15,0.291043
DIS,26403,QMLE-Quote,2000-3-16,0.29854
DIS,26403,QMLE-Quote,2000-3-17,0.274514
DIS,26403,QMLE-Quote,2000-3-20,0.380073
DIS,26403,QMLE-Quote,2000-3-21,0.321978
DIS,26403,QMLE-Quote,2000-3-22,0.465739
DIS,26403,QMLE-Quote,2000-3-23,0.359473
DIS,26403,QMLE-Quote,2000-3-24,0.183767
DIS,26403,QMLE-Quote,2000-3-27,0.431174
DIS,26403,QMLE-Quote,2000-3-28,0.49771
DIS,26403,QMLE-Quote,2000-3-29,0.423053
DIS,26403,QMLE-Quote,2000-3-30,0.437892
DIS,26403,QMLE-Quote,2000-3-31,0.36452
DIS,26403,QMLE-Quote,2000-4-3,0.317225
DIS,26403,QMLE-Quote,2000-4-4,0.782457
DIS,26403,QMLE-Quote,2000-4-5,0.486415
DIS,26403,QMLE-Quote,2000-4-6,0.258586
DIS,26403,QMLE-Quote,2000-4-7,0.227603
DIS,26403,QMLE-Quote,2000-4-10,0.287355
DIS,26403,QMLE-Quote,2000-4-11,0.258004
DIS,26403,QMLE-Quote,2000-4-12,0.657851
DIS,26403,QMLE-Quote,2000-4-13,0.367714
DIS,26403,QMLE-Quote,2000-4-14,0.559843
DIS,26403,QMLE-Quote,2000-4-17,0.384709
DIS,26403,QMLE-Quote,2000-4-18,0.316995
DIS,26403,QMLE-Quote,2000-4-19,0.309379
DIS,26403,QMLE-Quote,2000-4-20,0.292841
DIS,26403,QMLE-Quote,2000-4-24,0.255748
DIS,26403,QMLE-Quote,2000-4-25,0.401698
DIS,26403,QMLE-Quote,2000-4-26,0.255612
DIS,26403,QMLE-Quote,2000-4-27,0.29816
DIS,26403,QMLE-Quote,2000-4-28,0.281769
DIS,26403,QMLE-Quote,2000-5-1,0.384641
DIS,26403,QMLE-Quote,2000-5-2,0.512647
DIS,26403,QMLE-Quote,2000-5-3,0.537606
DIS,26403,QMLE-Quote,2000-5-4,0.610865
DIS,26403,QMLE-Quote,2000-5-5,0.373828
DIS,26403,QMLE-Quote,2000-5-8,0.316526
DIS,26403,QMLE-Quote,2000-5-9,0.454041
DIS,26403,QMLE-Quote,2000-5-10,0.369983
DIS,26403,QMLE-Quote,2000-5-11,0.270399
DIS,26403,QMLE-Quote,2000-5-12,0.235344
DIS,26403,QMLE-Quote,2000-5-15,0.316599
DIS,26403,QMLE-Quote,2000-5-16,0.293608
DIS,26403,QMLE-Quote,2000-5-17,0.265987
DIS,26403,QMLE-Quote,2000-5-18,0.139031
DIS,26403,QMLE-Quote,2000-5-19,0.548281
DIS,26403,QMLE-Quote,2000-5-22,0.495521
DIS,26403,QMLE-Quote,2000-5-23,0.270719
DIS,26403,QMLE-Quote,2000-5-24,0.43058
DIS,26403,QMLE-Quote,2000-5-25,0.380699
DIS,26403,QMLE-Quote,2000-5-26,0.235152
DIS,26403,QMLE-Quote,2000-5-30,0.264276
DIS,26403,QMLE-Quote,2000-5-31,0.184035
DIS,26403,QMLE-Quote,2000-6-1,0.148989
DIS,26403,QMLE-Quote,2000-6-2,0.488218
DIS,26403,QMLE-Quote,2000-6-5,0.224375
DIS,26403,QMLE-Quote,2000-6-6,0.292789
DIS,26403,QMLE-Quote,2000-6-7,0.214493
DIS,26403,QMLE-Quote,2000-6-8,0.280701
DIS,26403,QMLE-Quote,2000-6-9,0.0987502
DIS,26403,QMLE-Quote,2000-6-12,0.283208
DIS,26403,QMLE-Quote,2000-6-13,0.28994
DIS,26403,QMLE-Quote,2000-6-14,0.260654
DIS,26403,QMLE-Quote,2000-6-15,0.198416
DIS,26403,QMLE-Quote,2000-6-16,0.174984
DIS,26403,QMLE-Quote,2000-6-19,0.195508
DIS,26403,QMLE-Quote,2000-6-20,0.158983
DIS,26403,QMLE-Quote,2000-6-21,0.203662
DIS,26403,QMLE-Quote,2000-6-22,0.290153
DIS,26403,QMLE-Quote,2000-6-23,0.297987
DIS,26403,QMLE-Quote,2000-6-26,0.210777
DIS,26403,QMLE-Quote,2000-6-27,0.196876
DIS,26403,QMLE-Quote,2000-6-28,0.288851
DIS,26403,QMLE-Quote,2000-6-29,0.393527
DIS,26403,QMLE-Quote,2000-6-30,0.386696
DIS,26403,QMLE-Quote,2000-7-3,0.322369
DIS,26403,QMLE-Quote,2000-7-5,0.273596
DIS,26403,QMLE-Quote,2000-7-6,0.279373
DIS,26403,QMLE-Quote,2000-7-7,0.343105
DIS,26403,QMLE-Quote,2000-7-10,0.315017
DIS,26403,QMLE-Quote,2000-7-11,0.291667
DIS,26403,QMLE-Quote,2000-7-12,0.2925
DIS,26403,QMLE-Quote,2000-7-13,0.270792
DIS,26403,QMLE-Quote,2000-7-14,0.316615
DIS,26403,QMLE-Quote,2000-7-17,0.372627
DIS,26403,QMLE-Quote,2000-7-18,0.338006
DIS,26403,QMLE-Quote,2000-7-19,0.307358
DIS,26403,QMLE-Quote,2000-7-20,0.292928
DIS,26403,QMLE-Quote,2000-7-21,0.298851
DIS,26403,QMLE-Quote,2000-7-24,0.310198
DIS,26403,QMLE-Quote,2000-7-25,0.312882
DIS,26403,QMLE-Quote,2000-7-26,0.358275
DIS,26403,QMLE-Quote,2000-7-27,0.282532
DIS,26403,QMLE-Quote,2000-7-28,0.254533
DIS,26403,QMLE-Quote,2000-7-31,0.191963
DIS,26403,QMLE-Quote,2000-8-1,0.248693
DIS,26403,QMLE-Quote,2000-8-2,0.251499
DIS,26403,QMLE-Quote,2000-8-3,0.211711
DIS,26403,QMLE-Quote,2000-8-4,0.188729
DIS,26403,QMLE-Quote,2000-8-7,0.112929
DIS,26403,QMLE-Quote,2000-8-8,0.0733548
DIS,26403,QMLE-Quote,2000-8-9,0.235145
DIS,26403,QMLE-Quote,2000-8-10,0.282743
DIS,26403,QMLE-Quote,2000-8-11,0.330998
DIS,26403,QMLE-Quote,2000-8-14,0.271415
DIS,26403,QMLE-Quote,2000-8-15,0.245929
DIS,26403,QMLE-Quote,2000-8-16,0.199784
DIS,26403,QMLE-Quote,2000-8-17,0.272664
DIS,26403,QMLE-Quote,2000-8-18,0.27949
DIS,26403,QMLE-Quote,2000-8-21,0.249101
DIS,26403,QMLE-Quote,2000-8-22,0.281853
DIS,26403,QMLE-Quote,2000-8-23,0.217832
DIS,26403,QMLE-Quote,2000-8-24,0.318148
DIS,26403,QMLE-Quote,2000-8-25,0.188522
DIS,26403,QMLE-Quote,2000-8-28,0.228437
DIS,26403,QMLE-Quote,2000-8-29,0.22201
DIS,26403,QMLE-Quote,2000-8-30,0.135737
DIS,26403,QMLE-Quote,2000-8-31,0.235529
DIS,26403,QMLE-Quote,2000-9-1,0.214491
DIS,26403,QMLE-Quote,2000-9-5,0.23386
DIS,26403,QMLE-Quote,2000-9-6,0.305807
DIS,26403,QMLE-Quote,2000-9-7,0.227958
DIS,26403,QMLE-Quote,2000-9-8,0.266419
DIS,26403,QMLE-Quote,2000-9-11,0.314479
DIS,26403,QMLE-Quote,2000-9-12,0.250503
DIS,26403,QMLE-Quote,2000-9-13,0.273895
DIS,26403,QMLE-Quote,2000-9-14,0.270603
DIS,26403,QMLE-Quote,2000-9-15,0.305862
DIS,26403,QMLE-Quote,2000-9-18,0.284941
DIS,26403,QMLE-Quote,2000-9-19,0.266538
DIS,26403,QMLE-Quote,2000-9-20,0.234601
DIS,26403,QMLE-Quote,2000-9-21,0.259607
DIS,26403,QMLE-Quote,2000-9-22,0.334329
DIS,26403,QMLE-Quote,2000-9-25,0.307695
DIS,26403,QMLE-Quote,2000-9-26,0.281551
DIS,26403,QMLE-Quote,2000-9-27,0.315011
DIS,26403,QMLE-Quote,2000-9-28,0.290663
DIS,26403,QMLE-Quote,2000-9-29,0.336035
DIS,26403,QMLE-Quote,2000-10-2,0.260609
DIS,26403,QMLE-Quote,2000-10-3,0.182927
DIS,26403,QMLE-Quote,2000-10-4,0.179686
DIS,26403,QMLE-Quote,2000-10-5,0.271387
DIS,26403,QMLE-Quote,2000-10-6,0.248778
DIS,26403,QMLE-Quote,2000-10-9,0.0750266
DIS,26403,QMLE-Quote,2000-10-10,0.246885
DIS,26403,QMLE-Quote,2000-10-11,0.333449
DIS,26403,QMLE-Quote,2000-10-12,0.282871
DIS,26403,QMLE-Quote,2000-10-13,0.320999
DIS,26403,QMLE-Quote,2000-10-16,0.323219
DIS,26403,QMLE-Quote,2000-10-17,0.483774
DIS,26403,QMLE-Quote,2000-10-18,0.574158
DIS,26403,QMLE-Quote,2000-10-19,0.313098
DIS,26403,QMLE-Quote,2000-10-20,0.526403
DIS,26403,QMLE-Quote,2000-10-23,0.420554
DIS,26403,QMLE-Quote,2000-10-24,0.273499
DIS,26403,QMLE-Quote,2000-10-25,0.387214
DIS,26403,QMLE-Quote,2000-10-26,0.33317
DIS,26403,QMLE-Quote,2000-10-27,0.324902
DIS,26403,QMLE-Quote,2000-10-30,0.404013
DIS,26403,QMLE-Quote,2000-10-31,0.317754
DIS,26403,QMLE-Quote,2000-11-1,0.459246
DIS,26403,QMLE-Quote,2000-11-2,0.333381
DIS,26403,QMLE-Quote,2000-11-3,0.279148
DIS,26403,QMLE-Quote,2000-11-6,0.287084
DIS,26403,QMLE-Quote,2000-11-7,0.245191
DIS,26403,QMLE-Quote,2000-11-8,0.291378
DIS,26403,QMLE-Quote,2000-11-9,0.672527
DIS,26403,QMLE-Quote,2000-11-10,0.448742
DIS,26403,QMLE-Quote,2000-11-13,0.427454
DIS,26403,QMLE-Quote,2000-11-14,0.33808
DIS,26403,QMLE-Quote,2000-11-15,0.40984
DIS,26403,QMLE-Quote,2000-11-16,0.45377
DIS,26403,QMLE-Quote,2000-11-17,0.363981
DIS,26403,QMLE-Quote,2000-11-20,0.400462
DIS,26403,QMLE-Quote,2000-11-21,0.254776
DIS,26403,QMLE-Quote,2000-11-22,0.350835
DIS,26403,QMLE-Quote,2000-11-24,0.410696
DIS,26403,QMLE-Quote,2000-11-27,0.15686
DIS,26403,QMLE-Quote,2000-11-28,0.267926
DIS,26403,QMLE-Quote,2000-11-29,0.325097
DIS,26403,QMLE-Quote,2000-11-30,0.350791
DIS,26403,QMLE-Quote,2000-12-1,0.356409
DIS,26403,QMLE-Quote,2000-12-4,0.363469
DIS,26403,QMLE-Quote,2000-12-5,0.451344
DIS,26403,QMLE-Quote,2000-12-6,0.365867
DIS,26403,QMLE-Quote,2000-12-7,0.325283
DIS,26403,QMLE-Quote,2000-12-8,0.416347
DIS,26403,QMLE-Quote,2000-12-11,0.398372
DIS,26403,QMLE-Quote,2000-12-12,0.323332
DIS,26403,QMLE-Quote,2000-12-13,0.289408
DIS,26403,QMLE-Quote,2000-12-14,0.326908
DIS,26403,QMLE-Quote,2000-12-15,0.276493
DIS,26403,QMLE-Quote,2000-12-18,0.382509
DIS,26403,QMLE-Quote,2000-12-19,0.337077
DIS,26403,QMLE-Quote,2000-12-20,0.530818
DIS,26403,QMLE-Quote,2000-12-21,0.468099
DIS,26403,QMLE-Quote,2000-12-22,0.302254
DIS,26403,QMLE-Quote,2000-12-26,0.224309
DIS,26403,QMLE-Quote,2000-12-27,0.410418
DIS,26403,QMLE-Quote,2000-12-28,0.435505
DIS,26403,QMLE-Quote,2000-12-29,0.341344
DIS,26403,QMLE-Quote,2001-1-2,0.370632
DIS,26403,QMLE-Quote,2001-1-3,0.578478
DIS,26403,QMLE-Quote,2001-1-4,0.593778
DIS,26403,QMLE-Quote,2001-1-5,0.379063
DIS,26403,QMLE-Quote,2001-1-8,0.412204
DIS,26403,QMLE-Quote,2001-1-9,0.374346
DIS,26403,QMLE-Quote,2001-1-10,0.318949
DIS,26403,QMLE-Quote,2001-1-11,0.452667
DIS,26403,QMLE-Quote,2001-1-12,0.457416
DIS,26403,QMLE-Quote,2001-1-16,0.295092
DIS,26403,QMLE-Quote,2001-1-17,0.411478
DIS,26403,QMLE-Quote,2001-1-18,0.370115
DIS,26403,QMLE-Quote,2001-1-19,0.321422
DIS,26403,QMLE-Quote,2001-1-22,0.35212
DIS,26403,QMLE-Quote,2001-1-23,0.335366
DIS,26403,QMLE-Quote,2001-1-24,0.360877
DIS,26403,QMLE-Quote,2001-1-25,0.408737
DIS,26403,QMLE-Quote,2001-1-26,0.308721
DIS,26403,QMLE-Quote,2001-1-29,0.384942
DIS,26403,QMLE-Quote,2001-1-30,0.407444
DIS,26403,QMLE-Quote,2001-1-31,0.380021
DIS,26403,QMLE-Quote,2001-2-1,0.304354
DIS,26403,QMLE-Quote,2001-2-2,0.260448
DIS,26403,QMLE-Quote,2001-2-5,0.211797
DIS,26403,QMLE-Quote,2001-2-6,0.329162
DIS,26403,QMLE-Quote,2001-2-7,0.407309
DIS,26403,QMLE-Quote,2001-2-8,0.386371
DIS,26403,QMLE-Quote,2001-2-9,0.297875
DIS,26403,QMLE-Quote,2001-2-12,0.283976
DIS,26403,QMLE-Quote,2001-2-13,0.269491
DIS,26403,QMLE-Quote,2001-2-14,0.40569
DIS,26403,QMLE-Quote,2001-2-15,0.330225
DIS,26403,QMLE-Quote,2001-2-16,0.419236
DIS,26403,QMLE-Quote,2001-2-20,0.189166
DIS,26403,QMLE-Quote,2001-2-21,0.28351
DIS,26403,QMLE-Quote,2001-2-22,0.265465
DIS,26403,QMLE-Quote,2001-2-23,0.299822
DIS,26403,QMLE-Quote,2001-2-26,0.338275
DIS,26403,QMLE-Quote,2001-2-27,0.297258
DIS,26403,QMLE-Quote,2001-2-28,0.33699
DIS,26403,QMLE-Quote,2001-3-1,0.299295
DIS,26403,QMLE-Quote,2001-3-2,0.463603
DIS,26403,QMLE-Quote,2001-3-5,0.264432
DIS,26403,QMLE-Quote,2001-3-6,0.218386
DIS,26403,QMLE-Quote,2001-3-7,0.200667
DIS,26403,QMLE-Quote,2001-3-8,0.21672
DIS,26403,QMLE-Quote,2001-3-9,0.250888
DIS,26403,QMLE-Quote,2001-3-12,0.442087
DIS,26403,QMLE-Quote,2001-3-13,0.30655
DIS,26403,QMLE-Quote,2001-3-14,0.463073
DIS,26403,QMLE-Quote,2001-3-15,0.333755
DIS,26403,QMLE-Quote,2001-3-16,0.346202
DIS,26403,QMLE-Quote,2001-3-19,0.245409
DIS,26403,QMLE-Quote,2001-3-20,0.408373
DIS,26403,QMLE-Quote,2001-3-21,0.398973
DIS,26403,QMLE-Quote,2001-3-22,0.536192
DIS,26403,QMLE-Quote,2001-3-23,0.388912
DIS,26403,QMLE-Quote,2001-3-26,0.265588
DIS,26403,QMLE-Quote,2001-3-27,0.283502
DIS,26403,QMLE-Quote,2001-3-28,0.337638
DIS,26403,QMLE-Quote,2001-3-29,0.36919
DIS,26403,QMLE-Quote,2001-3-30,0.372075
DIS,26403,QMLE-Quote,2001-4-2,0.405489
DIS,26403,QMLE-Quote,2001-4-3,0.321968
DIS,26403,QMLE-Quote,2001-4-4,0.322103
DIS,26403,QMLE-Quote,2001-4-5,0.214448
DIS,26403,QMLE-Quote,2001-4-6,0.383123
DIS,26403,QMLE-Quote,2001-4-9,0.378729
DIS,26403,QMLE-Quote,2001-4-10,0.297365
DIS,26403,QMLE-Quote,2001-4-11,0.420592
DIS,26403,QMLE-Quote,2001-4-12,0.268125
DIS,26403,QMLE-Quote,2001-4-16,0.229337
DIS,26403,QMLE-Quote,2001-4-17,0.438063
DIS,26403,QMLE-Quote,2001-4-18,0.519879
DIS,26403,QMLE-Quote,2001-4-19,0.363695
DIS,26403,QMLE-Quote,2001-4-20,0.290155
DIS,26403,QMLE-Quote,2001-4-23,0.281685
DIS,26403,QMLE-Quote,2001-4-24,0.404476
DIS,26403,QMLE-Quote,2001-4-25,0.372246
DIS,26403,QMLE-Quote,2001-4-26,0.244549
DIS,26403,QMLE-Quote,2001-4-27,0.351801
DIS,26403,QMLE-Quote,2001-4-30,0.338773
DIS,26403,QMLE-Quote,2001-5-1,0.367098
DIS,26403,QMLE-Quote,2001-5-2,0.345776
DIS,26403,QMLE-Quote,2001-5-3,0.199579
DIS,26403,QMLE-Quote,2001-5-4,0.212196
DIS,26403,QMLE-Quote,2001-5-7,0.265212
DIS,26403,QMLE-Quote,2001-5-8,0.226412
DIS,26403,QMLE-Quote,2001-5-9,0.217374
DIS,26403,QMLE-Quote,2001-5-10,0.261919
DIS,26403,QMLE-Quote,2001-5-11,0.225945
DIS,26403,QMLE-Quote,2001-5-14,0.225327
DIS,26403,QMLE-Quote,2001-5-15,0.300916
DIS,26403,QMLE-Quote,2001-5-16,0.28018
DIS,26403,QMLE-Quote,2001-5-17,0.223009
DIS,26403,QMLE-Quote,2001-5-18,0.217353
DIS,26403,QMLE-Quote,2001-5-21,0.277025
DIS,26403,QMLE-Quote,2001-5-22,0.238512
DIS,26403,QMLE-Quote,2001-5-23,0.25467
DIS,26403,QMLE-Quote,2001-5-24,0.208109
DIS,26403,QMLE-Quote,2001-5-25,0.285762
DIS,26403,QMLE-Quote,2001-5-29,0.241251
DIS,26403,QMLE-Quote,2001-5-30,0.324283
DIS,26403,QMLE-Quote,2001-5-31,0.311901
DIS,26403,QMLE-Quote,2001-6-1,0.347614
DIS,26403,QMLE-Quote,2001-6-4,0.205723
DIS,26403,QMLE-Quote,2001-6-5,0.278378
DIS,26403,QMLE-Quote,2001-6-6,0.181081
DIS,26403,QMLE-Quote,2001-6-7,0.231494
DIS,26403,QMLE-Quote,2001-6-8,0.245619
DIS,26403,QMLE-Quote,2001-6-11,0.183462
DIS,26403,QMLE-Quote,2001-6-12,0.303141
DIS,26403,QMLE-Quote,2001-6-13,0.287127
DIS,26403,QMLE-Quote,2001-6-14,0.306398
DIS,26403,QMLE-Quote,2001-6-15,0.278261
DIS,26403,QMLE-Quote,2001-6-18,0.25631
DIS,26403,QMLE-Quote,2001-6-19,0.230204
DIS,26403,QMLE-Quote,2001-6-20,0.359017
DIS,26403,QMLE-Quote,2001-6-21,0.320939
DIS,26403,QMLE-Quote,2001-6-22,0.29642
DIS,26403,QMLE-Quote,2001-6-25,0.213991
DIS,26403,QMLE-Quote,2001-6-26,0.259074
DIS,26403,QMLE-Quote,2001-6-27,0.263223
DIS,26403,QMLE-Quote,2001-6-28,0.280872
DIS,26403,QMLE-Quote,2001-6-29,0.378205
DIS,26403,QMLE-Quote,2001-7-2,0.411185
DIS,26403,QMLE-Quote,2001-7-3,0.227401
DIS,26403,QMLE-Quote,2001-7-5,0.201543
DIS,26403,QMLE-Quote,2001-7-6,0.208314
DIS,26403,QMLE-Quote,2001-7-9,0.264205
DIS,26403,QMLE-Quote,2001-7-10,0.234436
DIS,26403,QMLE-Quote,2001-7-11,0.345253
DIS,26403,QMLE-Quote,2001-7-12,0.358705
DIS,26403,QMLE-Quote,2001-7-13,0.34795
DIS,26403,QMLE-Quote,2001-7-16,0.297261
DIS,26403,QMLE-Quote,2001-7-17,0.249966
DIS,26403,QMLE-Quote,2001-7-18,0.325155
DIS,26403,QMLE-Quote,2001-7-19,0.341213
DIS,26403,QMLE-Quote,2001-7-20,0.215951
DIS,26403,QMLE-Quote,2001-7-23,0.249717
DIS,26403,QMLE-Quote,2001-7-24,0.276243
DIS,26403,QMLE-Quote,2001-7-25,0.232555
DIS,26403,QMLE-Quote,2001-7-26,0.332542
DIS,26403,QMLE-Quote,2001-7-27,0.254453
DIS,26403,QMLE-Quote,2001-7-30,0.263934
DIS,26403,QMLE-Quote,2001-7-31,0.227849
DIS,26403,QMLE-Quote,2001-8-1,0.255512
DIS,26403,QMLE-Quote,2001-8-2,0.24527
DIS,26403,QMLE-Quote,2001-8-3,0.269742
DIS,26403,QMLE-Quote,2001-8-6,0.166911
DIS,26403,QMLE-Quote,2001-8-7,0.282252
DIS,26403,QMLE-Quote,2001-8-8,0.268741
DIS,26403,QMLE-Quote,2001-8-9,0.284397
DIS,26403,QMLE-Quote,2001-8-10,0.304432
DIS,26403,QMLE-Quote,2001-8-13,0.188295
DIS,26403,QMLE-Quote,2001-8-14,0.143845
DIS,26403,QMLE-Quote,2001-8-15,0.172438
DIS,26403,QMLE-Quote,2001-8-16,0.213553
DIS,26403,QMLE-Quote,2001-8-17,0.430144
DIS,26403,QMLE-Quote,2001-8-20,0.274721
DIS,26403,QMLE-Quote,2001-8-21,0.287298
DIS,26403,QMLE-Quote,2001-8-22,0.315239
DIS,26403,QMLE-Quote,2001-8-23,0.27152
DIS,26403,QMLE-Quote,2001-8-24,0.249075
DIS,26403,QMLE-Quote,2001-8-27,0.214959
DIS,26403,QMLE-Quote,2001-8-28,0.298191
DIS,26403,QMLE-Quote,2001-8-29,0.224659
DIS,26403,QMLE-Quote,2001-8-30,0.390822
DIS,26403,QMLE-Quote,2001-8-31,0.372974
DIS,26403,QMLE-Quote,2001-9-4,0.314806
DIS,26403,QMLE-Quote,2001-9-5,0.41525
DIS,26403,QMLE-Quote,2001-9-6,0.493568
DIS,26403,QMLE-Quote,2001-9-7,0.469087
DIS,26403,QMLE-Quote,2001-9-10,0.394581
DIS,26403,QMLE-Quote,2001-9-17,0.861406
DIS,26403,QMLE-Quote,2001-9-18,0.729133
DIS,26403,QMLE-Quote,2001-9-19,0.800493
DIS,26403,QMLE-Quote,2001-9-20,1.23932
DIS,26403,QMLE-Quote,2001-9-21,1.28911
DIS,26403,QMLE-Quote,2001-9-24,0.524554
DIS,26403,QMLE-Quote,2001-9-25,0.481245
DIS,26403,QMLE-Quote,2001-9-26,0.334808
DIS,26403,QMLE-Quote,2001-9-27,0.467525
DIS,26403,QMLE-Quote,2001-9-28,0.44776
DIS,26403,QMLE-Quote,2001-10-1,0.474184
DIS,26403,QMLE-Quote,2001-10-2,0.500004
DIS,26403,QMLE-Quote,2001-10-3,0.445419
DIS,26403,QMLE-Quote,2001-10-4,0.410903
DIS,26403,QMLE-Quote,2001-10-5,0.706764
DIS,26403,QMLE-Quote,2001-10-8,0.490567
DIS,26403,QMLE-Quote,2001-10-9,0.243904
DIS,26403,QMLE-Quote,2001-10-10,0.358035
DIS,26403,QMLE-Quote,2001-10-11,0.396494
DIS,26403,QMLE-Quote,2001-10-12,0.259138
DIS,26403,QMLE-Quote,2001-10-15,0.460036
DIS,26403,QMLE-Quote,2001-10-16,0.589573
DIS,26403,QMLE-Quote,2001-10-17,0.474037
DIS,26403,QMLE-Quote,2001-10-18,0.364721
DIS,26403,QMLE-Quote,2001-10-19,0.313135
DIS,26403,QMLE-Quote,2001-10-22,0.289199
DIS,26403,QMLE-Quote,2001-10-23,0.375661
DIS,26403,QMLE-Quote,2001-10-24,0.388309
DIS,26403,QMLE-Quote,2001-10-25,0.392563
DIS,26403,QMLE-Quote,2001-10-26,0.435293
DIS,26403,QMLE-Quote,2001-10-29,0.380262
DIS,26403,QMLE-Quote,2001-10-30,0.603204
DIS,26403,QMLE-Quote,2001-10-31,0.39218
DIS,26403,QMLE-Quote,2001-11-1,0.439243
DIS,26403,QMLE-Quote,2001-11-2,0.333511
DIS,26403,QMLE-Quote,2001-11-5,0.393586
DIS,26403,QMLE-Quote,2001-11-6,0.28506
DIS,26403,QMLE-Quote,2001-11-7,0.240776
DIS,26403,QMLE-Quote,2001-11-8,0.402543
DIS,26403,QMLE-Quote,2001-11-9,0.336268
DIS,26403,QMLE-Quote,2001-11-12,1.12885
DIS,26403,QMLE-Quote,2001-11-13,0.280805
DIS,26403,QMLE-Quote,2001-11-14,0.327096
DIS,26403,QMLE-Quote,2001-11-15,0.401832
DIS,26403,QMLE-Quote,2001-11-16,0.38711
DIS,26403,QMLE-Quote,2001-11-19,0.311286
DIS,26403,QMLE-Quote,2001-11-20,0.31663
DIS,26403,QMLE-Quote,2001-11-21,0.314198
DIS,26403,QMLE-Quote,2001-11-23,0.309531
DIS,26403,QMLE-Quote,2001-11-26,0.282928
DIS,26403,QMLE-Quote,2001-11-27,0.30428
DIS,26403,QMLE-Quote,2001-11-28,0.32001
DIS,26403,QMLE-Quote,2001-11-29,0.361434
DIS,26403,QMLE-Quote,2001-11-30,0.379032
DIS,26403,QMLE-Quote,2001-12-3,0.320955
DIS,26403,QMLE-Quote,2001-12-4,0.42209
DIS,26403,QMLE-Quote,2001-12-5,0.406199
DIS,26403,QMLE-Quote,2001-12-6,0.239761
DIS,26403,QMLE-Quote,2001-12-7,0.297073
DIS,26403,QMLE-Quote,2001-12-10,0.542466
DIS,26403,QMLE-Quote,2001-12-11,0.266541
DIS,26403,QMLE-Quote,2001-12-12,0.245493
DIS,26403,QMLE-Quote,2001-12-13,0.310482
DIS,26403,QMLE-Quote,2001-12-14,0.292793
DIS,26403,QMLE-Quote,2001-12-17,0.340715
DIS,26403,QMLE-Quote,2001-12-18,0.287655
DIS,26403,QMLE-Quote,2001-12-19,0.275392
DIS,26403,QMLE-Quote,2001-12-20,0.273468
DIS,26403,QMLE-Quote,2001-12-21,0.221631
DIS,26403,QMLE-Quote,2001-12-24,0.322604
DIS,26403,QMLE-Quote,2001-12-26,0.257219
DIS,26403,QMLE-Quote,2001-12-27,0.201009
DIS,26403,QMLE-Quote,2001-12-28,0.216877
DIS,26403,QMLE-Quote,2001-12-31,0.241239
DIS,26403,QMLE-Quote,2002-1-2,0.268211
DIS,26403,QMLE-Quote,2002-1-3,0.17336
DIS,26403,QMLE-Quote,2002-1-4,0.261481
DIS,26403,QMLE-Quote,2002-1-7,0.290827
DIS,26403,QMLE-Quote,2002-1-8,0.289757
DIS,26403,QMLE-Quote,2002-1-9,0.296098
DIS,26403,QMLE-Quote,2002-1-10,0.336673
DIS,26403,QMLE-Quote,2002-1-11,0.275666
DIS,26403,QMLE-Quote,2002-1-14,0.511159
DIS,26403,QMLE-Quote,2002-1-15,0.188085
DIS,26403,QMLE-Quote,2002-1-16,0.224362
DIS,26403,QMLE-Quote,2002-1-17,0.273046
DIS,26403,QMLE-Quote,2002-1-18,0.178431
DIS,26403,QMLE-Quote,2002-1-22,0.301592
DIS,26403,QMLE-Quote,2002-1-23,0.258292
DIS,26403,QMLE-Quote,2002-1-24,0.421116
DIS,26403,QMLE-Quote,2002-1-25,0.313303
DIS,26403,QMLE-Quote,2002-1-28,0.282513
DIS,26403,QMLE-Quote,2002-1-29,0.330851
DIS,26403,QMLE-Quote,2002-1-30,0.459022
DIS,26403,QMLE-Quote,2002-1-31,0.23011
DIS,26403,QMLE-Quote,2002-2-1,0.373227
DIS,26403,QMLE-Quote,2002-2-4,0.309576
DIS,26403,QMLE-Quote,2002-2-5,0.336586
DIS,26403,QMLE-Quote,2002-2-6,0.428928
DIS,26403,QMLE-Quote,2002-2-7,0.306937
DIS,26403,QMLE-Quote,2002-2-8,0.3068
DIS,26403,QMLE-Quote,2002-2-11,0.352293
DIS,26403,QMLE-Quote,2002-2-12,0.292901
DIS,26403,QMLE-Quote,2002-2-13,0.377204
DIS,26403,QMLE-Quote,2002-2-14,0.237256
DIS,26403,QMLE-Quote,2002-2-15,0.240332
DIS,26403,QMLE-Quote,2002-2-19,0.23904
DIS,26403,QMLE-Quote,2002-2-20,0.278919
DIS,26403,QMLE-Quote,2002-2-21,0.323936
DIS,26403,QMLE-Quote,2002-2-22,0.360852
DIS,26403,QMLE-Quote,2002-2-25,0.283507
DIS,26403,QMLE-Quote,2002-2-26,0.322975
DIS,26403,QMLE-Quote,2002-2-27,0.366669
DIS,26403,QMLE-Quote,2002-2-28,0.422358
DIS,26403,QMLE-Quote,2002-3-1,0.408258
DIS,26403,QMLE-Quote,2002-3-4,0.249967
DIS,26403,QMLE-Quote,2002-3-5,0.304758
DIS,26403,QMLE-Quote,2002-3-6,0.275104
DIS,26403,QMLE-Quote,2002-3-7,0.288031
DIS,26403,QMLE-Quote,2002-3-8,0.318766
DIS,26403,QMLE-Quote,2002-3-11,0.304068
DIS,26403,QMLE-Quote,2002-3-12,0.253769
DIS,26403,QMLE-Quote,2002-3-13,0.307941
DIS,26403,QMLE-Quote,2002-3-14,0.208946
DIS,26403,QMLE-Quote,2002-3-15,0.256591
DIS,26403,QMLE-Quote,2002-3-18,0.365934
DIS,26403,QMLE-Quote,2002-3-19,0.534189
DIS,26403,QMLE-Quote,2002-3-20,0.226119
DIS,26403,QMLE-Quote,2002-3-21,0.250944
DIS,26403,QMLE-Quote,2002-3-22,0.31168
DIS,26403,QMLE-Quote,2002-3-25,0.252219
DIS,26403,QMLE-Quote,2002-3-26,0.22417
DIS,26403,QMLE-Quote,2002-3-27,0.325787
DIS,26403,QMLE-Quote,2002-3-28,0.237193
DIS,26403,QMLE-Quote,2002-4-1,0.329235
DIS,26403,QMLE-Quote,2002-4-2,0.192178
DIS,26403,QMLE-Quote,2002-4-3,0.233538
DIS,26403,QMLE-Quote,2002-4-4,0.377997
DIS,26403,QMLE-Quote,2002-4-5,0.409725
DIS,26403,QMLE-Quote,2002-4-8,0.286235
DIS,26403,QMLE-Quote,2002-4-9,0.259646
DIS,26403,QMLE-Quote,2002-4-10,0.517885
DIS,26403,QMLE-Quote,2002-4-11,0.370101
DIS,26403,QMLE-Quote,2002-4-12,0.362316
DIS,26403,QMLE-Quote,2002-4-15,0.292669
DIS,26403,QMLE-Quote,2002-4-16,0.180965
DIS,26403,QMLE-Quote,2002-4-17,0.239247
DIS,26403,QMLE-Quote,2002-4-18,0.336658
DIS,26403,QMLE-Quote,2002-4-19,0.0661459
DIS,26403,QMLE-Quote,2002-4-22,0.192673
DIS,26403,QMLE-Quote,2002-4-23,0.260543
DIS,26403,QMLE-Quote,2002-4-24,0.253296
DIS,26403,QMLE-Quote,2002-4-25,0.386666
DIS,26403,QMLE-Quote,2002-4-26,0.321426
DIS,26403,QMLE-Quote,2002-4-29,0.297773
DIS,26403,QMLE-Quote,2002-4-30,0.295583
DIS,26403,QMLE-Quote,2002-5-1,0.362105
DIS,26403,QMLE-Quote,2002-5-2,0.303749
DIS,26403,QMLE-Quote,2002-5-3,0.297901
DIS,26403,QMLE-Quote,2002-5-6,0.300141
DIS,26403,QMLE-Quote,2002-5-7,0.273759
DIS,26403,QMLE-Quote,2002-5-8,0.335807
DIS,26403,QMLE-Quote,2002-5-9,0.25887
DIS,26403,QMLE-Quote,2002-5-10,0.224476
DIS,26403,QMLE-Quote,2002-5-13,0.254476
DIS,26403,QMLE-Quote,2002-5-14,0.237753
DIS,26403,QMLE-Quote,2002-5-15,0.319447
DIS,26403,QMLE-Quote,2002-5-16,0.242966
DIS,26403,QMLE-Quote,2002-5-17,0.28114
DIS,26403,QMLE-Quote,2002-5-20,0.237545
DIS,26403,QMLE-Quote,2002-5-21,0.234395
DIS,26403,QMLE-Quote,2002-5-22,0.280215
DIS,26403,QMLE-Quote,2002-5-23,0.227305
DIS,26403,QMLE-Quote,2002-5-24,0.248993
DIS,26403,QMLE-Quote,2002-5-28,0.218398
DIS,26403,QMLE-Quote,2002-5-29,0.251815
DIS,26403,QMLE-Quote,2002-5-30,0.297162
DIS,26403,QMLE-Quote,2002-5-31,0.247969
DIS,26403,QMLE-Quote,2002-6-3,0.331799
DIS,26403,QMLE-Quote,2002-6-4,0.26466
DIS,26403,QMLE-Quote,2002-6-5,0.240309
DIS,26403,QMLE-Quote,2002-6-6,0.342249
DIS,26403,QMLE-Quote,2002-6-7,0.319789
DIS,26403,QMLE-Quote,2002-6-10,0.276752
DIS,26403,QMLE-Quote,2002-6-11,0.320997
DIS,26403,QMLE-Quote,2002-6-12,0.492175
DIS,26403,QMLE-Quote,2002-6-13,0.281249
DIS,26403,QMLE-Quote,2002-6-14,0.524237
DIS,26403,QMLE-Quote,2002-6-17,0.340375
DIS,26403,QMLE-Quote,2002-6-18,0.310673
DIS,26403,QMLE-Quote,2002-6-19,0.351914
DIS,26403,QMLE-Quote,2002-6-20,0.4183
DIS,26403,QMLE-Quote,2002-6-21,0.310142
DIS,26403,QMLE-Quote,2002-6-24,0.387388
DIS,26403,QMLE-Quote,2002-6-25,0.303693
DIS,26403,QMLE-Quote,2002-6-26,0.414526
DIS,26403,QMLE-Quote,2002-6-27,0.409303
DIS,26403,QMLE-Quote,2002-6-28,0.350098
DIS,26403,QMLE-Quote,2002-7-1,0.415611
DIS,26403,QMLE-Quote,2002-7-2,0.556222
DIS,26403,QMLE-Quote,2002-7-3,0.517775
DIS,26403,QMLE-Quote,2002-7-5,0.443168
DIS,26403,QMLE-Quote,2002-7-8,0.501443
DIS,26403,QMLE-Quote,2002-7-9,0.344303
DIS,26403,QMLE-Quote,2002-7-10,0.477611
DIS,26403,QMLE-Quote,2002-7-11,0.623066
DIS,26403,QMLE-Quote,2002-7-12,0.474865
DIS,26403,QMLE-Quote,2002-7-15,0.486776
DIS,26403,QMLE-Quote,2002-7-16,0.553357
DIS,26403,QMLE-Quote,2002-7-17,0.526277
DIS,26403,QMLE-Quote,2002-7-18,0.473192
DIS,26403,QMLE-Quote,2002-7-19,0.509386
DIS,26403,QMLE-Quote,2002-7-22,0.595841
DIS,26403,QMLE-Quote,2002-7-23,0.596255
DIS,26403,QMLE-Quote,2002-7-24,0.709313
DIS,26403,QMLE-Quote,2002-7-25,0.748885
DIS,26403,QMLE-Quote,2002-7-26,0.603969
DIS,26403,QMLE-Quote,2002-7-29,0.437838
DIS,26403,QMLE-Quote,2002-7-30,0.637092
DIS,26403,QMLE-Quote,2002-7-31,0.521643
DIS,26403,QMLE-Quote,2002-8-1,0.599417
DIS,26403,QMLE-Quote,2002-8-2,0.502719
DIS,26403,QMLE-Quote,2002-8-5,0.524978
DIS,26403,QMLE-Quote,2002-8-6,0.510518
DIS,26403,QMLE-Quote,2002-8-7,0.424879
DIS,26403,QMLE-Quote,2002-8-8,0.376218
DIS,26403,QMLE-Quote,2002-8-9,3
DIS,26403,QMLE-Quote,2002-8-12,0.561862
DIS,26403,QMLE-Quote,2002-8-13,0.364639
DIS,26403,QMLE-Quote,2002-8-14,0.459666
DIS,26403,QMLE-Quote,2002-8-15,0.438581
DIS,26403,QMLE-Quote,2002-8-16,0.495693
DIS,26403,QMLE-Quote,2002-8-19,0.437531
DIS,26403,QMLE-Quote,2002-8-20,0.404288
DIS,26403,QMLE-Quote,2002-8-21,0.399412
DIS,26403,QMLE-Quote,2002-8-22,0.357241
DIS,26403,QMLE-Quote,2002-8-23,0.610124
DIS,26403,QMLE-Quote,2002-8-26,0.412097
DIS,26403,QMLE-Quote,2002-8-27,0.368675
DIS,26403,QMLE-Quote,2002-8-28,0.54525
DIS,26403,QMLE-Quote,2002-8-29,0.718082
DIS,26403,QMLE-Quote,2002-8-30,0.543083
DIS,26403,QMLE-Quote,2002-9-3,0.442793
DIS,26403,QMLE-Quote,2002-9-4,0.42816
DIS,26403,QMLE-Quote,2002-9-5,0.519106
DIS,26403,QMLE-Quote,2002-9-6,0.463864
DIS,26403,QMLE-Quote,2002-9-9,0.486013
DIS,26403,QMLE-Quote,2002-9-10,0.357961
DIS,26403,QMLE-Quote,2002-9-11,0.405009
DIS,26403,QMLE-Quote,2002-9-12,0.383849
DIS,26403,QMLE-Quote,2002-9-13,0.51347
DIS,26403,QMLE-Quote,2002-9-16,0.346303
DIS,26403,QMLE-Quote,2002-9-17,0.386609
DIS,26403,QMLE-Quote,2002-9-18,0.37984
DIS,26403,QMLE-Quote,2002-9-19,0.459161
DIS,26403,QMLE-Quote,2002-9-20,0.399894
DIS,26403,QMLE-Quote,2002-9-23,0.502819
DIS,26403,QMLE-Quote,2002-9-24,0.695312
DIS,26403,QMLE-Quote,2002-9-25,0.511075
DIS,26403,QMLE-Quote,2002-9-26,0.654554
DIS,26403,QMLE-Quote,2002-9-27,0.43364
DIS,26403,QMLE-Quote,2002-9-30,0.830204
DIS,26403,QMLE-Quote,2002-10-1,0.502204
DIS,26403,QMLE-Quote,2002-10-2,0.491133
DIS,26403,QMLE-Quote,2002-10-3,0.613196
DIS,26403,QMLE-Quote,2002-10-4,0.602196
DIS,26403,QMLE-Quote,2002-10-7,0.543223
DIS,26403,QMLE-Quote,2002-10-8,0.715716
DIS,26403,QMLE-Quote,2002-10-9,0.63666
DIS,26403,QMLE-Quote,2002-10-10,0.68057
DIS,26403,QMLE-Quote,2002-10-11,0.59509
DIS,26403,QMLE-Quote,2002-10-14,0.424464
DIS,26403,QMLE-Quote,2002-10-15,0.437408
DIS,26403,QMLE-Quote,2002-10-16,0.486507
DIS,26403,QMLE-Quote,2002-10-17,0.376429
DIS,26403,QMLE-Quote,2002-10-18,0.539473
DIS,26403,QMLE-Quote,2002-10-21,0.506901
DIS,26403,QMLE-Quote,2002-10-22,0.404493
DIS,26403,QMLE-Quote,2002-10-23,0.305817
DIS,26403,QMLE-Quote,2002-10-24,0.425958
DIS,26403,QMLE-Quote,2002-10-25,0.425575
DIS,26403,QMLE-Quote,2002-10-28,0.34405
DIS,26403,QMLE-Quote,2002-10-29,0.379392
DIS,26403,QMLE-Quote,2002-10-30,0.399631
DIS,26403,QMLE-Quote,2002-10-31,0.410851
DIS,26403,QMLE-Quote,2002-11-1,0.393362
DIS,26403,QMLE-Quote,2002-11-4,0.444339
DIS,26403,QMLE-Quote,2002-11-5,0.361358
DIS,26403,QMLE-Quote,2002-11-6,0.489348
DIS,26403,QMLE-Quote,2002-11-7,0.441438
DIS,26403,QMLE-Quote,2002-11-8,0.480699
DIS,26403,QMLE-Quote,2002-11-11,0.433284
DIS,26403,QMLE-Quote,2002-11-12,0.337273
DIS,26403,QMLE-Quote,2002-11-13,0.411823
DIS,26403,QMLE-Quote,2002-11-14,0.361422
DIS,26403,QMLE-Quote,2002-11-15,0.40665
DIS,26403,QMLE-Quote,2002-11-18,0.300943
DIS,26403,QMLE-Quote,2002-11-19,0.328386
DIS,26403,QMLE-Quote,2002-11-20,0.40174
DIS,26403,QMLE-Quote,2002-11-21,0.409786
DIS,26403,QMLE-Quote,2002-11-22,0.368639
DIS,26403,QMLE-Quote,2002-11-25,0.355016
DIS,26403,QMLE-Quote,2002-11-26,0.300828
DIS,26403,QMLE-Quote,2002-11-27,0.351976
DIS,26403,QMLE-Quote,2002-11-29,0.357575
DIS,26403,QMLE-Quote,2002-12-2,0.360409
DIS,26403,QMLE-Quote,2002-12-3,0.242362
DIS,26403,QMLE-Quote,2002-12-4,0.564661
DIS,26403,QMLE-Quote,2002-12-5,0.447695
DIS,26403,QMLE-Quote,2002-12-6,0.33586
DIS,26403,QMLE-Quote,2002-12-9,0.243764
DIS,26403,QMLE-Quote,2002-12-10,0.368341
DIS,26403,QMLE-Quote,2002-12-11,0.343396
DIS,26403,QMLE-Quote,2002-12-12,0.417277
DIS,26403,QMLE-Quote,2002-12-13,0.358152
DIS,26403,QMLE-Quote,2002-12-16,0.322355
DIS,26403,QMLE-Quote,2002-12-17,0.242045
DIS,26403,QMLE-Quote,2002-12-18,0.268703
DIS,26403,QMLE-Quote,2002-12-19,0.41033
DIS,26403,QMLE-Quote,2002-12-20,0.322698
DIS,26403,QMLE-Quote,2002-12-23,0.346283
DIS,26403,QMLE-Quote,2002-12-24,0.437947
DIS,26403,QMLE-Quote,2002-12-26,0.350038
DIS,26403,QMLE-Quote,2002-12-27,0.336273
DIS,26403,QMLE-Quote,2002-12-30,0.285287
DIS,26403,QMLE-Quote,2002-12-31,0.38165
DIS,26403,QMLE-Quote,2003-1-2,0.246428
DIS,26403,QMLE-Quote,2003-1-3,0.295171
DIS,26403,QMLE-Quote,2003-1-6,0.245287
DIS,26403,QMLE-Quote,2003-1-7,0.279645
DIS,26403,QMLE-Quote,2003-1-8,0.180564
DIS,26403,QMLE-Quote,2003-1-9,0.386649
DIS,26403,QMLE-Quote,2003-1-10,0.36109
DIS,26403,QMLE-Quote,2003-1-13,0.251553
DIS,26403,QMLE-Quote,2003-1-14,0.243573
DIS,26403,QMLE-Quote,2003-1-15,0.265926
DIS,26403,QMLE-Quote,2003-1-16,0.296483
DIS,26403,QMLE-Quote,2003-1-17,0.407609
DIS,26403,QMLE-Quote,2003-1-21,0.359015
DIS,26403,QMLE-Quote,2003-1-22,0.370895
DIS,26403,QMLE-Quote,2003-1-23,0.45222
DIS,26403,QMLE-Quote,2003-1-24,0.407387
DIS,26403,QMLE-Quote,2003-1-27,0.282257
DIS,26403,QMLE-Quote,2003-1-28,0.348224
DIS,26403,QMLE-Quote,2003-1-29,0.569493
DIS,26403,QMLE-Quote,2003-1-30,0.555141
DIS,26403,QMLE-Quote,2003-1-31,0.466019
DIS,26403,QMLE-Quote,2003-2-3,0.347371
DIS,26403,QMLE-Quote,2003-2-4,0.331238
DIS,26403,QMLE-Quote,2003-2-5,0.490835
DIS,26403,QMLE-Quote,2003-2-6,0.549079
DIS,26403,QMLE-Quote,2003-2-7,0.369245
DIS,26403,QMLE-Quote,2003-2-10,0.32308
DIS,26403,QMLE-Quote,2003-2-11,0.349063
DIS,26403,QMLE-Quote,2003-2-12,0.453793
DIS,26403,QMLE-Quote,2003-2-13,0.31433
DIS,26403,QMLE-Quote,2003-2-14,0.359082
DIS,26403,QMLE-Quote,2003-2-18,0.199226
DIS,26403,QMLE-Quote,2003-2-19,0.266646
DIS,26403,QMLE-Quote,2003-2-20,0.320189
DIS,26403,QMLE-Quote,2003-2-21,0.428422
DIS,26403,QMLE-Quote,2003-2-24,0.269393
DIS,26403,QMLE-Quote,2003-2-25,0.481416
DIS,26403,QMLE-Quote,2003-2-26,0.348403
DIS,26403,QMLE-Quote,2003-2-27,0.377383
DIS,26403,QMLE-Quote,2003-2-28,0.26612
DIS,26403,QMLE-Quote,2003-3-3,0.316512
DIS,26403,QMLE-Quote,2003-3-4,0.271048
DIS,26403,QMLE-Quote,2003-3-5,0.306724
DIS,26403,QMLE-Quote,2003-3-6,0.332121
DIS,26403,QMLE-Quote,2003-3-7,0.509301
DIS,26403,QMLE-Quote,2003-3-10,0.315956
DIS,26403,QMLE-Quote,2003-3-11,0.299233
DIS,26403,QMLE-Quote,2003-3-12,0.298647
DIS,26403,QMLE-Quote,2003-3-13,0.431131
DIS,26403,QMLE-Quote,2003-3-14,0.460621
DIS,26403,QMLE-Quote,2003-3-17,0.454064
DIS,26403,QMLE-Quote,2003-3-18,0.427397
DIS,26403,QMLE-Quote,2003-3-19,0.51598
DIS,26403,QMLE-Quote,2003-3-20,0.409787
DIS,26403,QMLE-Quote,2003-3-21,0.333766
DIS,26403,QMLE-Quote,2003-3-24,0.378003
DIS,26403,QMLE-Quote,2003-3-25,0.398751
DIS,26403,QMLE-Quote,2003-3-26,0.384
DIS,26403,QMLE-Quote,2003-3-27,0.361602
DIS,26403,QMLE-Quote,2003-3-28,0.248773
DIS,26403,QMLE-Quote,2003-3-31,0.34028
DIS,26403,QMLE-Quote,2003-4-1,0.352981
DIS,26403,QMLE-Quote,2003-4-2,0.291747
DIS,26403,QMLE-Quote,2003-4-3,0.309154
DIS,26403,QMLE-Quote,2003-4-4,0.398449
DIS,26403,QMLE-Quote,2003-4-7,0.454563
DIS,26403,QMLE-Quote,2003-4-8,0.673733
DIS,26403,QMLE-Quote,2003-4-9,0.256187
DIS,26403,QMLE-Quote,2003-4-10,0.210315
DIS,26403,QMLE-Quote,2003-4-11,0.381767
DIS,26403,QMLE-Quote,2003-4-14,0.291848
DIS,26403,QMLE-Quote,2003-4-15,0.233645
DIS,26403,QMLE-Quote,2003-4-16,0.250706
DIS,26403,QMLE-Quote,2003-4-17,0.111241
DIS,26403,QMLE-Quote,2003-4-21,0.24062
DIS,26403,QMLE-Quote,2003-4-22,0.329696
DIS,26403,QMLE-Quote,2003-4-23,0.23219
DIS,26403,QMLE-Quote,2003-4-24,0.287254
DIS,26403,QMLE-Quote,2003-4-25,0.342898
DIS,26403,QMLE-Quote,2003-4-28,0.142909
DIS,26403,QMLE-Quote,2003-4-29,0.366284
DIS,26403,QMLE-Quote,2003-4-30,0.273235
DIS,26403,QMLE-Quote,2003-5-1,0.38736
DIS,26403,QMLE-Quote,2003-5-2,0.3484
DIS,26403,QMLE-Quote,2003-5-5,0.304298
DIS,26403,QMLE-Quote,2003-5-6,0.239372
DIS,26403,QMLE-Quote,2003-5-7,0.352739
DIS,26403,QMLE-Quote,2003-5-8,0.373784
DIS,26403,QMLE-Quote,2003-5-9,0.283383
DIS,26403,QMLE-Quote,2003-5-12,0.309815
DIS,26403,QMLE-Quote,2003-5-13,0.284707
DIS,26403,QMLE-Quote,2003-5-14,0.288197
DIS,26403,QMLE-Quote,2003-5-15,0.250439
DIS,26403,QMLE-Quote,2003-5-16,0.165958
DIS,26403,QMLE-Quote,2003-5-19,0.217873
DIS,26403,QMLE-Quote,2003-5-20,0.225053
DIS,26403,QMLE-Quote,2003-5-21,0.326595
DIS,26403,QMLE-Quote,2003-5-22,0.229294
DIS,26403,QMLE-Quote,2003-5-23,0.175749
DIS,26403,QMLE-Quote,2003-5-27,0.286124
DIS,26403,QMLE-Quote,2003-5-28,0.188468
DIS,26403,QMLE-Quote,2003-5-29,0.256084
DIS,26403,QMLE-Quote,2003-5-30,0.313971
DIS,26403,QMLE-Quote,2003-6-2,0.20061
DIS,26403,QMLE-Quote,2003-6-3,0.186375
DIS,26403,QMLE-Quote,2003-6-4,0.277706
DIS,26403,QMLE-Quote,2003-6-5,0.379391
DIS,26403,QMLE-Quote,2003-6-6,0.248117
DIS,26403,QMLE-Quote,2003-6-9,0.275372
DIS,26403,QMLE-Quote,2003-6-10,0.174457
DIS,26403,QMLE-Quote,2003-6-11,0.379046
DIS,26403,QMLE-Quote,2003-6-12,0.242412
DIS,26403,QMLE-Quote,2003-6-13,0.382113
DIS,26403,QMLE-Quote,2003-6-16,0.276402
DIS,26403,QMLE-Quote,2003-6-17,0.276505
DIS,26403,QMLE-Quote,2003-6-18,0.247811
DIS,26403,QMLE-Quote,2003-6-19,0.260104
DIS,26403,QMLE-Quote,2003-6-20,0.233699
DIS,26403,QMLE-Quote,2003-6-23,0.232738
DIS,26403,QMLE-Quote,2003-6-24,0.232912
DIS,26403,QMLE-Quote,2003-6-25,0.271939
DIS,26403,QMLE-Quote,2003-6-26,0.371574
DIS,26403,QMLE-Quote,2003-6-27,0.281812
DIS,26403,QMLE-Quote,2003-6-30,0.302976
DIS,26403,QMLE-Quote,2003-7-1,0.224737
DIS,26403,QMLE-Quote,2003-7-2,0.295714
DIS,26403,QMLE-Quote,2003-7-3,0.467627
DIS,26403,QMLE-Quote,2003-7-7,0.277988
DIS,26403,QMLE-Quote,2003-7-8,0.365791
DIS,26403,QMLE-Quote,2003-7-9,0.105964
DIS,26403,QMLE-Quote,2003-7-10,0.277619
DIS,26403,QMLE-Quote,2003-7-11,0.26879
DIS,26403,QMLE-Quote,2003-7-14,0.273682
DIS,26403,QMLE-Quote,2003-7-15,0.250753
DIS,26403,QMLE-Quote,2003-7-16,0.225693
DIS,26403,QMLE-Quote,2003-7-17,0.234514
DIS,26403,QMLE-Quote,2003-7-18,0.200432
DIS,26403,QMLE-Quote,2003-7-21,0.257502
DIS,26403,QMLE-Quote,2003-7-22,0.312958
DIS,26403,QMLE-Quote,2003-7-23,0.255577
DIS,26403,QMLE-Quote,2003-7-24,0.254287
DIS,26403,QMLE-Quote,2003-7-25,0.234774
DIS,26403,QMLE-Quote,2003-7-28,0.258199
DIS,26403,QMLE-Quote,2003-7-29,0.266227
DIS,26403,QMLE-Quote,2003-7-30,0.233037
DIS,26403,QMLE-Quote,2003-7-31,0.266075
DIS,26403,QMLE-Quote,2003-8-1,0.280107
DIS,26403,QMLE-Quote,2003-8-4,0.258303
DIS,26403,QMLE-Quote,2003-8-5,0.266202
DIS,26403,QMLE-Quote,2003-8-6,0.359592
DIS,26403,QMLE-Quote,2003-8-7,0.205527
DIS,26403,QMLE-Quote,2003-8-8,0.188687
DIS,26403,QMLE-Quote,2003-8-11,0.152569
DIS,26403,QMLE-Quote,2003-8-12,0.148605
DIS,26403,QMLE-Quote,2003-8-13,0.198527
DIS,26403,QMLE-Quote,2003-8-14,0.229455
DIS,26403,QMLE-Quote,2003-8-15,0.217536
DIS,26403,QMLE-Quote,2003-8-18,0.106196
DIS,26403,QMLE-Quote,2003-8-19,0.206746
DIS,26403,QMLE-Quote,2003-8-20,0.150257
DIS,26403,QMLE-Quote,2003-8-21,0.247541
DIS,26403,QMLE-Quote,2003-8-22,0.206255
DIS,26403,QMLE-Quote,2003-8-25,0.221728
DIS,26403,QMLE-Quote,2003-8-26,0.255424
DIS,26403,QMLE-Quote,2003-8-27,0.200016
DIS,26403,QMLE-Quote,2003-8-28,0.242276
DIS,26403,QMLE-Quote,2003-8-29,0.206951
DIS,26403,QMLE-Quote,2003-9-2,0.230754
DIS,26403,QMLE-Quote,2003-9-3,0.295279
DIS,26403,QMLE-Quote,2003-9-4,0.204928
DIS,26403,QMLE-Quote,2003-9-5,0.163793
DIS,26403,QMLE-Quote,2003-9-8,0.198765
DIS,26403,QMLE-Quote,2003-9-9,0.154439
DIS,26403,QMLE-Quote,2003-9-10,0.182789
DIS,26403,QMLE-Quote,2003-9-11,0.209019
DIS,26403,QMLE-Quote,2003-9-12,0.217305
DIS,26403,QMLE-Quote,2003-9-15,0.114627
DIS,26403,QMLE-Quote,2003-9-16,0.214931
DIS,26403,QMLE-Quote,2003-9-17,0.196435
DIS,26403,QMLE-Quote,2003-9-18,0.235776
DIS,26403,QMLE-Quote,2003-9-19,0.260617
DIS,26403,QMLE-Quote,2003-9-22,0.239904
DIS,26403,QMLE-Quote,2003-9-23,0.206907
DIS,26403,QMLE-Quote,2003-9-24,0.183879
DIS,26403,QMLE-Quote,2003-9-25,0.26494
DIS,26403,QMLE-Quote,2003-9-26,0.215426
DIS,26403,QMLE-Quote,2003-9-29,0.286966
DIS,26403,QMLE-Quote,2003-9-30,0.355427
DIS,26403,QMLE-Quote,2003-10-1,0.239132
DIS,26403,QMLE-Quote,2003-10-2,0.217828
DIS,26403,QMLE-Quote,2003-10-3,0.281953
DIS,26403,QMLE-Quote,2003-10-6,0.197411
DIS,26403,QMLE-Quote,2003-10-7,0.235252
DIS,26403,QMLE-Quote,2003-10-8,0.159661
DIS,26403,QMLE-Quote,2003-10-9,0.289036
DIS,26403,QMLE-Quote,2003-10-10,0.166619
DIS,26403,QMLE-Quote,2003-10-13,0.205077
DIS,26403,QMLE-Quote,2003-10-14,0.204014
DIS,26403,QMLE-Quote,2003-10-15,0.29049
DIS,26403,QMLE-Quote,2003-10-16,0.141919
DIS,26403,QMLE-Quote,2003-10-17,0.187396
DIS,26403,QMLE-Quote,2003-10-20,0.171601
DIS,26403,QMLE-Quote,2003-10-21,0.1682
DIS,26403,QMLE-Quote,2003-10-22,0.124112
DIS,26403,QMLE-Quote,2003-10-23,0.189764
DIS,26403,QMLE-Quote,2003-10-24,0.262307
DIS,26403,QMLE-Quote,2003-10-27,0.22444
DIS,26403,QMLE-Quote,2003-10-28,0.179978
DIS,26403,QMLE-Quote,2003-10-29,0.150829
DIS,26403,QMLE-Quote,2003-10-30,0.271373
DIS,26403,QMLE-Quote,2003-10-31,0.14074
DIS,26403,QMLE-Quote,2003-11-3,0.216346
DIS,26403,QMLE-Quote,2003-11-4,0.22042
DIS,26403,QMLE-Quote,2003-11-5,0.239939
DIS,26403,QMLE-Quote,2003-11-6,0.264029
DIS,26403,QMLE-Quote,2003-11-7,0.162177
DIS,26403,QMLE-Quote,2003-11-10,0.179337
DIS,26403,QMLE-Quote,2003-11-11,0.158531
DIS,26403,QMLE-Quote,2003-11-12,0.162141
DIS,26403,QMLE-Quote,2003-11-13,0.170812
DIS,26403,QMLE-Quote,2003-11-14,0.229097
DIS,26403,QMLE-Quote,2003-11-17,0.153475
DIS,26403,QMLE-Quote,2003-11-18,0.243269
DIS,26403,QMLE-Quote,2003-11-19,0.265099
DIS,26403,QMLE-Quote,2003-11-20,0.260428
DIS,26403,QMLE-Quote,2003-11-21,0.305667
DIS,26403,QMLE-Quote,2003-11-24,0.150599
DIS,26403,QMLE-Quote,2003-11-25,0.210817
DIS,26403,QMLE-Quote,2003-11-26,0.181903
DIS,26403,QMLE-Quote,2003-11-28,0.190957
DIS,26403,QMLE-Quote,2003-12-1,0.196214
DIS,26403,QMLE-Quote,2003-12-2,0.211228
DIS,26403,QMLE-Quote,2003-12-3,0.244533
DIS,26403,QMLE-Quote,2003-12-4,0.144873
DIS,26403,QMLE-Quote,2003-12-5,0.243063
DIS,26403,QMLE-Quote,2003-12-8,0.0931347
DIS,26403,QMLE-Quote,2003-12-9,0.153109
DIS,26403,QMLE-Quote,2003-12-10,0.251615
DIS,26403,QMLE-Quote,2003-12-11,0.145103
DIS,26403,QMLE-Quote,2003-12-12,0.132962
DIS,26403,QMLE-Quote,2003-12-15,0.221421
DIS,26403,QMLE-Quote,2003-12-16,0.148929
DIS,26403,QMLE-Quote,2003-12-17,0.256306
DIS,26403,QMLE-Quote,2003-12-18,0.0414538
DIS,26403,QMLE-Quote,2003-12-19,0.207538
DIS,26403,QMLE-Quote,2003-12-22,0.150899
DIS,26403,QMLE-Quote,2003-12-23,0.169503
DIS,26403,QMLE-Quote,2003-12-24,0.155933
DIS,26403,QMLE-Quote,2003-12-26,0.0666998
DIS,26403,QMLE-Quote,2003-12-29,0.109306
DIS,26403,QMLE-Quote,2003-12-30,0.157849
DIS,26403,QMLE-Quote,2003-12-31,0.128986
DIS,26403,QMLE-Quote,2004-1-2,0.248238
DIS,26403,QMLE-Quote,2004-1-5,0.138531
DIS,26403,QMLE-Quote,2004-1-6,0.188813
DIS,26403,QMLE-Quote,2004-1-7,0.188134
DIS,26403,QMLE-Quote,2004-1-8,0.201072
DIS,26403,QMLE-Quote,2004-1-9,0.139944
DIS,26403,QMLE-Quote,2004-1-12,0.205805
DIS,26403,QMLE-Quote,2004-1-13,0.186701
DIS,26403,QMLE-Quote,2004-1-14,0.155444
DIS,26403,QMLE-Quote,2004-1-15,0.194581
DIS,26403,QMLE-Quote,2004-1-16,0.117273
DIS,26403,QMLE-Quote,2004-1-20,0.18698
DIS,26403,QMLE-Quote,2004-1-21,0.222994
DIS,26403,QMLE-Quote,2004-1-22,0.14094
DIS,26403,QMLE-Quote,2004-1-23,0.273055
DIS,26403,QMLE-Quote,2004-1-26,0.191585
DIS,26403,QMLE-Quote,2004-1-27,0.387445
DIS,26403,QMLE-Quote,2004-1-28,0.342657
DIS,26403,QMLE-Quote,2004-1-29,0.483851
DIS,26403,QMLE-Quote,2004-1-30,0.284216
DIS,26403,QMLE-Quote,2004-2-2,0.268275
DIS,26403,QMLE-Quote,2004-2-3,0.226395
DIS,26403,QMLE-Quote,2004-2-4,0.11427
DIS,26403,QMLE-Quote,2004-2-5,0.17229
DIS,26403,QMLE-Quote,2004-2-6,0.323452
DIS,26403,QMLE-Quote,2004-2-9,0.193597
DIS,26403,QMLE-Quote,2004-2-10,0.250647
DIS,26403,QMLE-Quote,2004-2-11,0.283785
DIS,26403,QMLE-Quote,2004-2-12,0.242083
DIS,26403,QMLE-Quote,2004-2-13,0.234804
DIS,26403,QMLE-Quote,2004-2-17,0.422185
DIS,26403,QMLE-Quote,2004-2-18,0.175337
DIS,26403,QMLE-Quote,2004-2-19,0.222744
DIS,26403,QMLE-Quote,2004-2-20,0.170354
DIS,26403,QMLE-Quote,2004-2-23,0.157198
DIS,26403,QMLE-Quote,2004-2-24,0.234464
DIS,26403,QMLE-Quote,2004-2-25,0.216205
DIS,26403,QMLE-Quote,2004-2-26,0.210053
DIS,26403,QMLE-Quote,2004-2-27,0.16453
DIS,26403,QMLE-Quote,2004-3-1,0.136045
DIS,26403,QMLE-Quote,2004-3-2,0.199807
DIS,26403,QMLE-Quote,2004-3-3,0.209075
DIS,26403,QMLE-Quote,2004-3-4,0.152113
DIS,26403,QMLE-Quote,2004-3-5,0.272842
DIS,26403,QMLE-Quote,2004-3-8,0.186816
DIS,26403,QMLE-Quote,2004-3-9,0.230351
DIS,26403,QMLE-Quote,2004-3-10,0.254489
DIS,26403,QMLE-Quote,2004-3-11,0.323148
DIS,26403,QMLE-Quote,2004-3-12,0.0865484
DIS,26403,QMLE-Quote,2004-3-15,0.512215
DIS,26403,QMLE-Quote,2004-3-16,0.0854819
DIS,26403,QMLE-Quote,2004-3-17,0.119747
DIS,26403,QMLE-Quote,2004-3-18,0.168217
DIS,26403,QMLE-Quote,2004-3-19,0.224776
DIS,26403,QMLE-Quote,2004-3-22,0.269376
DIS,26403,QMLE-Quote,2004-3-23,0.241975
DIS,26403,QMLE-Quote,2004-3-24,0.232038
DIS,26403,QMLE-Quote,2004-3-25,0.0212969
DIS,26403,QMLE-Quote,2004-3-26,0.256379
DIS,26403,QMLE-Quote,2004-3-29,0.191319
DIS,26403,QMLE-Quote,2004-3-30,0.122789
DIS,26403,QMLE-Quote,2004-3-31,0.174847
DIS,26403,QMLE-Quote,2004-4-1,0.0579418
DIS,26403,QMLE-Quote,2004-4-2,0.18089
DIS,26403,QMLE-Quote,2004-4-5,0.200704
DIS,26403,QMLE-Quote,2004-4-6,0.0944284
DIS,26403,QMLE-Quote,2004-4-7,0.128399
DIS,26403,QMLE-Quote,2004-4-8,0.123873
DIS,26403,QMLE-Quote,2004-4-12,0.439871
DIS,26403,QMLE-Quote,2004-4-13,0.212532
DIS,26403,QMLE-Quote,2004-4-14,0.199884
DIS,26403,QMLE-Quote,2004-4-15,0.0513868
DIS,26403,QMLE-Quote,2004-4-16,0.181255
DIS,26403,QMLE-Quote,2004-4-19,0.172422
DIS,26403,QMLE-Quote,2004-4-20,0.123238
DIS,26403,QMLE-Quote,2004-4-21,0.362037
DIS,26403,QMLE-Quote,2004-4-22,0.15126
DIS,26403,QMLE-Quote,2004-4-23,0.216745
DIS,26403,QMLE-Quote,2004-4-26,0.270564
DIS,26403,QMLE-Quote,2004-4-27,0.306447
DIS,26403,QMLE-Quote,2004-4-28,0.0260886
DIS,26403,QMLE-Quote,2004-4-29,0.382425
DIS,26403,QMLE-Quote,2004-4-30,0.297786
DIS,26403,QMLE-Quote,2004-5-3,0.253072
DIS,26403,QMLE-Quote,2004-5-4,0.0235084
DIS,26403,QMLE-Quote,2004-5-5,0.330569
DIS,26403,QMLE-Quote,2004-5-6,0.0433201
DIS,26403,QMLE-Quote,2004-5-7,0.30394
DIS,26403,QMLE-Quote,2004-5-10,0.168934
DIS,26403,QMLE-Quote,2004-5-11,0.269496
DIS,26403,QMLE-Quote,2004-5-12,0.229197
DIS,26403,QMLE-Quote,2004-5-13,0.249902
DIS,26403,QMLE-Quote,2004-5-14,0.252314
DIS,26403,QMLE-Quote,2004-5-17,0.0308276
DIS,26403,QMLE-Quote,2004-5-18,0.0248886
DIS,26403,QMLE-Quote,2004-5-19,0.0436337
DIS,26403,QMLE-Quote,2004-5-20,0.164543
DIS,26403,QMLE-Quote,2004-5-21,0.0460366
DIS,26403,QMLE-Quote,2004-5-24,3
DIS,26403,QMLE-Quote,2004-5-25,0.20652
DIS,26403,QMLE-Quote,2004-5-26,0.202673
DIS,26403,QMLE-Quote,2004-5-27,0.329835
DIS,26403,QMLE-Quote,2004-5-28,0.176993
DIS,26403,QMLE-Quote,2004-6-1,0.173512
DIS,26403,QMLE-Quote,2004-6-2,0.255349
DIS,26403,QMLE-Quote,2004-6-3,0.203395
DIS,26403,QMLE-Quote,2004-6-4,0.221298
DIS,26403,QMLE-Quote,2004-6-7,0.0918507
DIS,26403,QMLE-Quote,2004-6-8,0.102744
DIS,26403,QMLE-Quote,2004-6-9,0.121259
DIS,26403,QMLE-Quote,2004-6-10,0.160514
DIS,26403,QMLE-Quote,2004-6-14,0.136247
DIS,26403,QMLE-Quote,2004-6-15,0.184025
DIS,26403,QMLE-Quote,2004-6-16,0.0996824
DIS,26403,QMLE-Quote,2004-6-17,0.33171
DIS,26403,QMLE-Quote,2004-6-18,0.107082
DIS,26403,QMLE-Quote,2004-6-21,0.170322
DIS,26403,QMLE-Quote,2004-6-22,0.128336
DIS,26403,QMLE-Quote,2004-6-23,0.276728
DIS,26403,QMLE-Quote,2004-6-24,0.224737
DIS,26403,QMLE-Quote,2004-6-25,0.0692083
DIS,26403,QMLE-Quote,2004-6-28,0.21648
DIS,26403,QMLE-Quote,2004-6-29,0.135978
DIS,26403,QMLE-Quote,2004-6-30,0.10007
DIS,26403,QMLE-Quote,2004-7-1,0.234046
DIS,26403,QMLE-Quote,2004-7-2,0.157519
DIS,26403,QMLE-Quote,2004-7-6,0.129395
DIS,26403,QMLE-Quote,2004-7-7,0.117025
DIS,26403,QMLE-Quote,2004-7-8,0.191681
DIS,26403,QMLE-Quote,2004-7-9,0.222139
DIS,26403,QMLE-Quote,2004-7-12,0.236197
DIS,26403,QMLE-Quote,2004-7-13,0.125771
DIS,26403,QMLE-Quote,2004-7-14,0.113152
DIS,26403,QMLE-Quote,2004-7-15,0.151023
DIS,26403,QMLE-Quote,2004-7-16,0.21781
DIS,26403,QMLE-Quote,2004-7-19,0.176113
DIS,26403,QMLE-Quote,2004-7-20,0.191796
DIS,26403,QMLE-Quote,2004-7-21,0.232632
DIS,26403,QMLE-Quote,2004-7-22,0.263598
DIS,26403,QMLE-Quote,2004-7-23,0.237725
DIS,26403,QMLE-Quote,2004-7-26,0.283608
DIS,26403,QMLE-Quote,2004-7-27,0.21175
DIS,26403,QMLE-Quote,2004-7-28,0.258165
DIS,26403,QMLE-Quote,2004-7-29,0.179227
DIS,26403,QMLE-Quote,2004-7-30,0.165279
DIS,26403,QMLE-Quote,2004-8-2,0.171632
DIS,26403,QMLE-Quote,2004-8-3,0.169899
DIS,26403,QMLE-Quote,2004-8-4,0.260086
DIS,26403,QMLE-Quote,2004-8-5,0.194435
DIS,26403,QMLE-Quote,2004-8-6,0.196577
DIS,26403,QMLE-Quote,2004-8-9,0.199405
DIS,26403,QMLE-Quote,2004-8-10,0.226119
DIS,26403,QMLE-Quote,2004-8-11,0.398104
DIS,26403,QMLE-Quote,2004-8-12,0.269979
DIS,26403,QMLE-Quote,2004-8-13,0.191056
DIS,26403,QMLE-Quote,2004-8-16,0.203672
DIS,26403,QMLE-Quote,2004-8-17,0.223036
DIS,26403,QMLE-Quote,2004-8-18,0.205611
DIS,26403,QMLE-Quote,2004-8-19,0.166709
DIS,26403,QMLE-Quote,2004-8-20,0.156516
DIS,26403,QMLE-Quote,2004-8-23,0.181429
DIS,26403,QMLE-Quote,2004-8-24,0.152267
DIS,26403,QMLE-Quote,2004-8-25,0.161717
DIS,26403,QMLE-Quote,2004-8-26,0.169552
DIS,26403,QMLE-Quote,2004-8-27,0.16557
DIS,26403,QMLE-Quote,2004-8-30,0.115675
DIS,26403,QMLE-Quote,2004-8-31,0.145278
DIS,26403,QMLE-Quote,2004-9-1,0.185224
DIS,26403,QMLE-Quote,2004-9-2,0.136748
DIS,26403,QMLE-Quote,2004-9-3,0.240404
DIS,26403,QMLE-Quote,2004-9-7,0.158621
DIS,26403,QMLE-Quote,2004-9-8,0.129538
DIS,26403,QMLE-Quote,2004-9-9,0.121769
DIS,26403,QMLE-Quote,2004-9-10,0.27353
DIS,26403,QMLE-Quote,2004-9-13,0.201581
DIS,26403,QMLE-Quote,2004-9-14,0.15029
DIS,26403,QMLE-Quote,2004-9-15,0.128726
DIS,26403,QMLE-Quote,2004-9-16,0.15515
DIS,26403,QMLE-Quote,2004-9-17,0.109223
DIS,26403,QMLE-Quote,2004-9-20,0.128604
DIS,26403,QMLE-Quote,2004-9-21,0.162633
DIS,26403,QMLE-Quote,2004-9-22,0.168559
DIS,26403,QMLE-Quote,2004-9-23,0.225119
DIS,26403,QMLE-Quote,2004-9-24,0.151271
DIS,26403,QMLE-Quote,2004-9-27,0.145817
DIS,26403,QMLE-Quote,2004-9-28,0.258436
DIS,26403,QMLE-Quote,2004-9-29,0.231064
DIS,26403,QMLE-Quote,2004-9-30,0.19521
DIS,26403,QMLE-Quote,2004-10-1,0.200785
DIS,26403,QMLE-Quote,2004-10-4,0.169226
DIS,26403,QMLE-Quote,2004-10-5,0.184976
DIS,26403,QMLE-Quote,2004-10-6,0.119136
DIS,26403,QMLE-Quote,2004-10-7,0.19383
DIS,26403,QMLE-Quote,2004-10-8,0.163709
DIS,26403,QMLE-Quote,2004-10-11,0.134243
DIS,26403,QMLE-Quote,2004-10-12,0.154038
DIS,26403,QMLE-Quote,2004-10-13,0.172577
DIS,26403,QMLE-Quote,2004-10-14,0.142433
DIS,26403,QMLE-Quote,2004-10-15,0.197658
DIS,26403,QMLE-Quote,2004-10-18,0.111908
DIS,26403,QMLE-Quote,2004-10-19,0.207279
DIS,26403,QMLE-Quote,2004-10-20,0.150414
DIS,26403,QMLE-Quote,2004-10-21,0.190608
DIS,26403,QMLE-Quote,2004-10-22,0.188539
DIS,26403,QMLE-Quote,2004-10-25,0.193475
DIS,26403,QMLE-Quote,2004-10-26,1.52386
DIS,26403,QMLE-Quote,2004-10-27,0.211235
DIS,26403,QMLE-Quote,2004-10-28,0.168217
DIS,26403,QMLE-Quote,2004-10-29,0.144718
DIS,26403,QMLE-Quote,2004-11-1,0.255474
DIS,26403,QMLE-Quote,2004-11-2,0.24633
DIS,26403,QMLE-Quote,2004-11-3,0.225429
DIS,26403,QMLE-Quote,2004-11-4,0.179932
DIS,26403,QMLE-Quote,2004-11-5,0.256482
DIS,26403,QMLE-Quote,2004-11-8,0.171801
DIS,26403,QMLE-Quote,2004-11-9,0.211623
DIS,26403,QMLE-Quote,2004-11-10,0.198573
DIS,26403,QMLE-Quote,2004-11-11,0.164815
DIS,26403,QMLE-Quote,2004-11-12,0.192833
DIS,26403,QMLE-Quote,2004-11-15,0.176218
DIS,26403,QMLE-Quote,2004-11-16,0.181592
DIS,26403,QMLE-Quote,2004-11-17,0.224686
DIS,26403,QMLE-Quote,2004-11-18,0.152737
DIS,26403,QMLE-Quote,2004-11-19,0.223816
DIS,26403,QMLE-Quote,2004-11-22,0.191667
DIS,26403,QMLE-Quote,2004-11-23,0.164399
DIS,26403,QMLE-Quote,2004-11-24,0.159591
DIS,26403,QMLE-Quote,2004-11-26,0.204227
DIS,26403,QMLE-Quote,2004-11-29,0.206341
DIS,26403,QMLE-Quote,2004-11-30,0.210223
DIS,26403,QMLE-Quote,2004-12-1,0.184966
DIS,26403,QMLE-Quote,2004-12-2,0.202424
DIS,26403,QMLE-Quote,2004-12-3,0.225004
DIS,26403,QMLE-Quote,2004-12-6,0.189637
DIS,26403,QMLE-Quote,2004-12-7,0.191221
DIS,26403,QMLE-Quote,2004-12-8,0.181472
DIS,26403,QMLE-Quote,2004-12-9,0.183337
DIS,26403,QMLE-Quote,2004-12-10,0.0617518
DIS,26403,QMLE-Quote,2004-12-13,0.0581669
DIS,26403,QMLE-Quote,2004-12-14,0.0703167
DIS,26403,QMLE-Quote,2004-12-15,0.102839
DIS,26403,QMLE-Quote,2004-12-16,0.14864
DIS,26403,QMLE-Quote,2004-12-17,0.172779
DIS,26403,QMLE-Quote,2004-12-20,0.212096
DIS,26403,QMLE-Quote,2004-12-21,0.148
DIS,26403,QMLE-Quote,2004-12-22,0.158599
DIS,26403,QMLE-Quote,2004-12-23,0.115471
DIS,26403,QMLE-Quote,2004-12-27,0.130391
DIS,26403,QMLE-Quote,2004-12-28,0.119696
DIS,26403,QMLE-Quote,2004-12-29,0.111658
DIS,26403,QMLE-Quote,2004-12-30,0.0847802
DIS,26403,QMLE-Quote,2004-12-31,0.105729
DIS,26403,QMLE-Quote,2005-1-3,0.16598
DIS,26403,QMLE-Quote,2005-1-4,0.143276
DIS,26403,QMLE-Quote,2005-1-5,0.144877
DIS,26403,QMLE-Quote,2005-1-6,0.15177
DIS,26403,QMLE-Quote,2005-1-7,0.182924
DIS,26403,QMLE-Quote,2005-1-10,0.129621
DIS,26403,QMLE-Quote,2005-1-11,0.123296
DIS,26403,QMLE-Quote,2005-1-12,0.165447
DIS,26403,QMLE-Quote,2005-1-13,0.141793
DIS,26403,QMLE-Quote,2005-1-14,0.184438
DIS,26403,QMLE-Quote,2005-1-18,0.127894
DIS,26403,QMLE-Quote,2005-1-19,0.130771
DIS,26403,QMLE-Quote,2005-1-20,0.177466
DIS,26403,QMLE-Quote,2005-1-21,0.129971
DIS,26403,QMLE-Quote,2005-1-24,0.161241
DIS,26403,QMLE-Quote,2005-1-25,0.181198
DIS,26403,QMLE-Quote,2005-1-26,0.153881
DIS,26403,QMLE-Quote,2005-1-27,0.174894
DIS,26403,QMLE-Quote,2005-1-28,0.17486
DIS,26403,QMLE-Quote,2005-1-31,0.150374
DIS,26403,QMLE-Quote,2005-2-1,0.234656
DIS,26403,QMLE-Quote,2005-2-2,0.0947953
DIS,26403,QMLE-Quote,2005-2-3,0.119952
DIS,26403,QMLE-Quote,2005-2-4,0.128626
DIS,26403,QMLE-Quote,2005-2-7,0.12798
DIS,26403,QMLE-Quote,2005-2-8,0.114593
DIS,26403,QMLE-Quote,2005-2-9,0.13832
DIS,26403,QMLE-Quote,2005-2-10,0.148477
DIS,26403,QMLE-Quote,2005-2-11,0.170787
DIS,26403,QMLE-Quote,2005-2-14,0.148248
DIS,26403,QMLE-Quote,2005-2-15,0.123282
DIS,26403,QMLE-Quote,2005-2-16,0.133792
DIS,26403,QMLE-Quote,2005-2-17,0.130712
DIS,26403,QMLE-Quote,2005-2-18,0.137883
DIS,26403,QMLE-Quote,2005-2-22,0.226559
DIS,26403,QMLE-Quote,2005-2-23,0.190754
DIS,26403,QMLE-Quote,2005-2-24,0.205698
DIS,26403,QMLE-Quote,2005-2-25,0.2198
DIS,26403,QMLE-Quote,2005-2-28,0.144778
DIS,26403,QMLE-Quote,2005-3-1,0.132954
DIS,26403,QMLE-Quote,2005-3-2,0.190144
DIS,26403,QMLE-Quote,2005-3-3,0.196545
DIS,26403,QMLE-Quote,2005-3-4,0.143324
DIS,26403,QMLE-Quote,2005-3-7,0.112827
DIS,26403,QMLE-Quote,2005-3-8,0.140283
DIS,26403,QMLE-Quote,2005-3-9,0.210876
DIS,26403,QMLE-Quote,2005-3-10,0.177318
DIS,26403,QMLE-Quote,2005-3-11,0.191536
DIS,26403,QMLE-Quote,2005-3-14,0.182425
DIS,26403,QMLE-Quote,2005-3-15,0.212969
DIS,26403,QMLE-Quote,2005-3-16,0.152015
DIS,26403,QMLE-Quote,2005-3-17,0.137103
DIS,26403,QMLE-Quote,2005-3-18,0.188597
DIS,26403,QMLE-Quote,2005-3-21,0.190821
DIS,26403,QMLE-Quote,2005-3-22,0.189198
DIS,26403,QMLE-Quote,2005-3-23,0.165547
DIS,26403,QMLE-Quote,2005-3-24,0.186842
DIS,26403,QMLE-Quote,2005-3-28,0.149997
DIS,26403,QMLE-Quote,2005-3-29,0.175955
DIS,26403,QMLE-Quote,2005-3-30,0.188526
DIS,26403,QMLE-Quote,2005-3-31,0.202201
DIS,26403,QMLE-Quote,2005-4-1,0.211829
DIS,26403,QMLE-Quote,2005-4-4,0.135941
DIS,26403,QMLE-Quote,2005-4-5,0.174626
DIS,26403,QMLE-Quote,2005-4-6,0.123905
DIS,26403,QMLE-Quote,2005-4-7,0.126275
DIS,26403,QMLE-Quote,2005-4-8,0.141782
DIS,26403,QMLE-Quote,2005-4-11,0.118047
DIS,26403,QMLE-Quote,2005-4-12,0.181751
DIS,26403,QMLE-Quote,2005-4-13,0.170195
DIS,26403,QMLE-Quote,2005-4-14,0.163374
DIS,26403,QMLE-Quote,2005-4-15,0.219661
DIS,26403,QMLE-Quote,2005-4-18,0.18823
DIS,26403,QMLE-Quote,2005-4-19,0.168933
DIS,26403,QMLE-Quote,2005-4-20,0.171753
DIS,26403,QMLE-Quote,2005-4-21,0.222213
DIS,26403,QMLE-Quote,2005-4-22,0.19479
DIS,26403,QMLE-Quote,2005-4-25,0.18232
DIS,26403,QMLE-Quote,2005-4-26,0.145998
DIS,26403,QMLE-Quote,2005-4-27,0.303332
DIS,26403,QMLE-Quote,2005-4-28,0.203411
DIS,26403,QMLE-Quote,2005-4-29,0.218546
DIS,26403,QMLE-Quote,2005-5-2,0.212136
DIS,26403,QMLE-Quote,2005-5-3,0.235655
DIS,26403,QMLE-Quote,2005-5-4,0.217897
DIS,26403,QMLE-Quote,2005-5-5,0.196109
DIS,26403,QMLE-Quote,2005-5-6,0.193577
DIS,26403,QMLE-Quote,2005-5-9,0.141574
DIS,26403,QMLE-Quote,2005-5-10,0.146959
DIS,26403,QMLE-Quote,2005-5-11,0.50138
DIS,26403,QMLE-Quote,2005-5-12,0.270694
DIS,26403,QMLE-Quote,2005-5-13,0.200226
DIS,26403,QMLE-Quote,2005-5-16,0.118774
DIS,26403,QMLE-Quote,2005-5-17,0.132825
DIS,26403,QMLE-Quote,2005-5-18,0.158654
DIS,26403,QMLE-Quote,2005-5-19,0.117437
DIS,26403,QMLE-Quote,2005-5-20,0.115237
DIS,26403,QMLE-Quote,2005-5-23,0.204106
DIS,26403,QMLE-Quote,2005-5-24,0.172991
DIS,26403,QMLE-Quote,2005-5-25,0.153726
DIS,26403,QMLE-Quote,2005-5-26,0.0883534
DIS,26403,QMLE-Quote,2005-5-27,0.103261
DIS,26403,QMLE-Quote,2005-5-31,0.183218
DIS,26403,QMLE-Quote,2005-6-1,0.163865
DIS,26403,QMLE-Quote,2005-6-2,0.142151
DIS,26403,QMLE-Quote,2005-6-3,0.0959124
DIS,26403,QMLE-Quote,2005-6-6,0.123426
DIS,26403,QMLE-Quote,2005-6-7,0.126815
DIS,26403,QMLE-Quote,2005-6-8,0.105918
DIS,26403,QMLE-Quote,2005-6-9,0.11428
DIS,26403,QMLE-Quote,2005-6-10,0.129763
DIS,26403,QMLE-Quote,2005-6-13,0.152691
DIS,26403,QMLE-Quote,2005-6-14,0.135282
DIS,26403,QMLE-Quote,2005-6-15,0.16967
DIS,26403,QMLE-Quote,2005-6-16,0.14717
DIS,26403,QMLE-Quote,2005-6-17,0.211086
DIS,26403,QMLE-Quote,2005-6-20,0.206763
DIS,26403,QMLE-Quote,2005-6-21,0.206714
DIS,26403,QMLE-Quote,2005-6-22,0.181766
DIS,26403,QMLE-Quote,2005-6-23,0.17002
DIS,26403,QMLE-Quote,2005-6-24,0.14571
DIS,26403,QMLE-Quote,2005-6-27,0.178103
DIS,26403,QMLE-Quote,2005-6-28,0.143739
DIS,26403,QMLE-Quote,2005-6-29,0.135715
DIS,26403,QMLE-Quote,2005-6-30,0.257065
DIS,26403,QMLE-Quote,2005-7-1,0.170907
DIS,26403,QMLE-Quote,2005-7-5,0.176494
DIS,26403,QMLE-Quote,2005-7-6,0.155703
DIS,26403,QMLE-Quote,2005-7-7,0.160881
DIS,26403,QMLE-Quote,2005-7-8,0.208691
DIS,26403,QMLE-Quote,2005-7-11,0.187277
DIS,26403,QMLE-Quote,2005-7-12,0.210627
DIS,26403,QMLE-Quote,2005-7-13,0.133516
DIS,26403,QMLE-Quote,2005-7-14,0.220137
DIS,26403,QMLE-Quote,2005-7-15,0.138612
DIS,26403,QMLE-Quote,2005-7-18,0.150283
DIS,26403,QMLE-Quote,2005-7-19,0.152402
DIS,26403,QMLE-Quote,2005-7-20,0.207294
DIS,26403,QMLE-Quote,2005-7-21,0.223006
DIS,26403,QMLE-Quote,2005-7-22,0.171334
DIS,26403,QMLE-Quote,2005-7-25,0.202507
DIS,26403,QMLE-Quote,2005-7-26,0.229132
DIS,26403,QMLE-Quote,2005-7-27,0.200951
DIS,26403,QMLE-Quote,2005-7-28,0.183042
DIS,26403,QMLE-Quote,2005-7-29,0.151945
DIS,26403,QMLE-Quote,2005-8-1,0.140852
DIS,26403,QMLE-Quote,2005-8-2,0.122007
DIS,26403,QMLE-Quote,2005-8-3,0.168856
DIS,26403,QMLE-Quote,2005-8-4,0.170334
DIS,26403,QMLE-Quote,2005-8-5,0.204307
DIS,26403,QMLE-Quote,2005-8-8,0.176432
DIS,26403,QMLE-Quote,2005-8-9,0.208786
DIS,26403,QMLE-Quote,2005-8-10,0.27
DIS,26403,QMLE-Quote,2005-8-11,0.182299
DIS,26403,QMLE-Quote,2005-8-12,0.160864
DIS,26403,QMLE-Quote,2005-8-15,0.184472
DIS,26403,QMLE-Quote,2005-8-16,0.206355
DIS,26403,QMLE-Quote,2005-8-17,0.203381
DIS,26403,QMLE-Quote,2005-8-18,0.168876
DIS,26403,QMLE-Quote,2005-8-19,0.127232
DIS,26403,QMLE-Quote,2005-8-22,0.186882
DIS,26403,QMLE-Quote,2005-8-23,0.158195
DIS,26403,QMLE-Quote,2005-8-24,0.126727
DIS,26403,QMLE-Quote,2005-8-25,0.127606
DIS,26403,QMLE-Quote,2005-8-26,0.14833
DIS,26403,QMLE-Quote,2005-8-29,0.170884
DIS,26403,QMLE-Quote,2005-8-30,0.154504
DIS,26403,QMLE-Quote,2005-8-31,0.202643
DIS,26403,QMLE-Quote,2005-9-1,0.169787
DIS,26403,QMLE-Quote,2005-9-2,0.198183
DIS,26403,QMLE-Quote,2005-9-6,0.164482
DIS,26403,QMLE-Quote,2005-9-7,0.157345
DIS,26403,QMLE-Quote,2005-9-8,0.0913232
DIS,26403,QMLE-Quote,2005-9-9,0.143843
DIS,26403,QMLE-Quote,2005-9-12,0.139932
DIS,26403,QMLE-Quote,2005-9-13,0.110101
DIS,26403,QMLE-Quote,2005-9-14,0.22858
DIS,26403,QMLE-Quote,2005-9-15,0.163287
DIS,26403,QMLE-Quote,2005-9-16,0.108723
DIS,26403,QMLE-Quote,2005-9-19,0.112634
DIS,26403,QMLE-Quote,2005-9-20,0.188692
DIS,26403,QMLE-Quote,2005-9-21,0.185951
DIS,26403,QMLE-Quote,2005-9-22,0.200641
DIS,26403,QMLE-Quote,2005-9-23,0.162819
DIS,26403,QMLE-Quote,2005-9-26,0.153904
DIS,26403,QMLE-Quote,2005-9-27,0.20017
DIS,26403,QMLE-Quote,2005-9-28,0.188943
DIS,26403,QMLE-Quote,2005-9-29,0.197537
DIS,26403,QMLE-Quote,2005-9-30,0.201684
DIS,26403,QMLE-Quote,2005-10-3,0.152123
DIS,26403,QMLE-Quote,2005-10-4,0.199585
DIS,26403,QMLE-Quote,2005-10-5,0.244882
DIS,26403,QMLE-Quote,2005-10-6,0.269485
DIS,26403,QMLE-Quote,2005-10-7,0.158491
DIS,26403,QMLE-Quote,2005-10-10,0.192137
DIS,26403,QMLE-Quote,2005-10-11,0.259099
DIS,26403,QMLE-Quote,2005-10-12,0.270031
DIS,26403,QMLE-Quote,2005-10-13,0.195097
DIS,26403,QMLE-Quote,2005-10-14,0.181156
DIS,26403,QMLE-Quote,2005-10-17,0.267904
DIS,26403,QMLE-Quote,2005-10-18,0.15044
DIS,26403,QMLE-Quote,2005-10-19,0.218617
DIS,26403,QMLE-Quote,2005-10-20,0.228658
DIS,26403,QMLE-Quote,2005-10-21,0.232202
DIS,26403,QMLE-Quote,2005-10-24,0.28058
DIS,26403,QMLE-Quote,2005-10-25,0.170999
DIS,26403,QMLE-Quote,2005-10-26,0.27098
DIS,26403,QMLE-Quote,2005-10-27,0.250516
DIS,26403,QMLE-Quote,2005-10-28,0.219236
DIS,26403,QMLE-Quote,2005-10-31,0.214842
DIS,26403,QMLE-Quote,2005-11-1,0.144366
DIS,26403,QMLE-Quote,2005-11-2,0.124259
DIS,26403,QMLE-Quote,2005-11-3,0.208187
DIS,26403,QMLE-Quote,2005-11-4,0.163171
DIS,26403,QMLE-Quote,2005-11-7,0.14752
DIS,26403,QMLE-Quote,2005-11-8,0.132436
DIS,26403,QMLE-Quote,2005-11-9,0.181687
DIS,26403,QMLE-Quote,2005-11-10,0.156771
DIS,26403,QMLE-Quote,2005-11-11,0.126919
DIS,26403,QMLE-Quote,2005-11-14,0.16982
DIS,26403,QMLE-Quote,2005-11-15,0.186317
DIS,26403,QMLE-Quote,2005-11-16,0.225053
DIS,26403,QMLE-Quote,2005-11-17,0.133353
DIS,26403,QMLE-Quote,2005-11-18,0.26927
DIS,26403,QMLE-Quote,2005-11-21,0.198204
DIS,26403,QMLE-Quote,2005-11-22,0.154639
DIS,26403,QMLE-Quote,2005-11-23,0.141618
DIS,26403,QMLE-Quote,2005-11-25,0.15206
DIS,26403,QMLE-Quote,2005-11-28,0.154967
DIS,26403,QMLE-Quote,2005-11-29,0.131138
DIS,26403,QMLE-Quote,2005-11-30,0.173063
DIS,26403,QMLE-Quote,2005-12-1,0.123542
DIS,26403,QMLE-Quote,2005-12-2,0.100938
DIS,26403,QMLE-Quote,2005-12-5,0.107924
DIS,26403,QMLE-Quote,2005-12-6,0.130121
DIS,26403,QMLE-Quote,2005-12-7,0.125625
DIS,26403,QMLE-Quote,2005-12-8,0.171719
DIS,26403,QMLE-Quote,2005-12-9,0.0976446
DIS,26403,QMLE-Quote,2005-12-12,0.126774
DIS,26403,QMLE-Quote,2005-12-13,0.124857
DIS,26403,QMLE-Quote,2005-12-14,0.113056
DIS,26403,QMLE-Quote,2005-12-15,0.141885
DIS,26403,QMLE-Quote,2005-12-16,0.154504
DIS,26403,QMLE-Quote,2005-12-19,0.155886
DIS,26403,QMLE-Quote,2005-12-20,0.128134
DIS,26403,QMLE-Quote,2005-12-21,0.140229
DIS,26403,QMLE-Quote,2005-12-22,0.106265
DIS,26403,QMLE-Quote,2005-12-23,0.110613
DIS,26403,QMLE-Quote,2005-12-27,0.124715
DIS,26403,QMLE-Quote,2005-12-28,0.137168
DIS,26403,QMLE-Quote,2005-12-29,0.111725
DIS,26403,QMLE-Quote,2005-12-30,0.0893954
DIS,26403,QMLE-Quote,2006-1-3,0.16699
DIS,26403,QMLE-Quote,2006-1-4,0.266169
DIS,26403,QMLE-Quote,2006-1-5,0.181142
DIS,26403,QMLE-Quote,2006-1-6,0.152471
DIS,26403,QMLE-Quote,2006-1-9,0.117205
DIS,26403,QMLE-Quote,2006-1-10,0.102629
DIS,26403,QMLE-Quote,2006-1-11,0.137228
DIS,26403,QMLE-Quote,2006-1-12,0.111624
DIS,26403,QMLE-Quote,2006-1-13,0.137059
DIS,26403,QMLE-Quote,2006-1-17,0.144251
DIS,26403,QMLE-Quote,2006-1-18,0.155105
DIS,26403,QMLE-Quote,2006-1-19,0.264429
DIS,26403,QMLE-Quote,2006-1-20,0.269188
DIS,26403,QMLE-Quote,2006-1-23,0.238256
DIS,26403,QMLE-Quote,2006-1-24,0.161844
DIS,26403,QMLE-Quote,2006-1-25,0.183994
DIS,26403,QMLE-Quote,2006-1-26,0.218694
DIS,26403,QMLE-Quote,2006-1-27,0.13223
DIS,26403,QMLE-Quote,2006-1-30,0.146694
DIS,26403,QMLE-Quote,2006-1-31,0.129274
DIS,26403,QMLE-Quote,2006-2-1,0.101349
DIS,26403,QMLE-Quote,2006-2-2,0.109
DIS,26403,QMLE-Quote,2006-2-3,0.11785
DIS,26403,QMLE-Quote,2006-2-6,0.184198
DIS,26403,QMLE-Quote,2006-2-7,0.32569
DIS,26403,QMLE-Quote,2006-2-8,0.216357
DIS,26403,QMLE-Quote,2006-2-9,0.140247
DIS,26403,QMLE-Quote,2006-2-10,0.163712
DIS,26403,QMLE-Quote,2006-2-13,0.170152
DIS,26403,QMLE-Quote,2006-2-14,0.106415
DIS,26403,QMLE-Quote,2006-2-15,0.119512
DIS,26403,QMLE-Quote,2006-2-16,0.134489
DIS,26403,QMLE-Quote,2006-2-17,0.128012
DIS,26403,QMLE-Quote,2006-2-21,0.310246
DIS,26403,QMLE-Quote,2006-2-22,0.127424
DIS,26403,QMLE-Quote,2006-2-23,0.0840648
DIS,26403,QMLE-Quote,2006-2-24,0.11086
DIS,26403,QMLE-Quote,2006-2-27,0.194989
DIS,26403,QMLE-Quote,2006-2-28,0.240342
DIS,26403,QMLE-Quote,2006-3-1,0.128904
DIS,26403,QMLE-Quote,2006-3-2,0.124127
DIS,26403,QMLE-Quote,2006-3-3,0.144094
DIS,26403,QMLE-Quote,2006-3-6,0.177576
DIS,26403,QMLE-Quote,2006-3-7,0.118036
DIS,26403,QMLE-Quote,2006-3-8,0.12711
DIS,26403,QMLE-Quote,2006-3-9,0.151234
DIS,26403,QMLE-Quote,2006-3-10,0.146818
DIS,26403,QMLE-Quote,2006-3-13,0.123988
DIS,26403,QMLE-Quote,2006-3-14,0.0999326
DIS,26403,QMLE-Quote,2006-3-15,0.121294
DIS,26403,QMLE-Quote,2006-3-16,0.126116
DIS,26403,QMLE-Quote,2006-3-17,0.0980389
DIS,26403,QMLE-Quote,2006-3-20,0.142504
DIS,26403,QMLE-Quote,2006-3-21,0.15791
DIS,26403,QMLE-Quote,2006-3-22,0.143334
DIS,26403,QMLE-Quote,2006-3-23,0.129231
DIS,26403,QMLE-Quote,2006-3-24,0.0760807
DIS,26403,QMLE-Quote,2006-3-27,0.0897901
DIS,26403,QMLE-Quote,2006-3-28,0.125745
DIS,26403,QMLE-Quote,2006-3-29,0.194178
DIS,26403,QMLE-Quote,2006-3-30,0.212256
DIS,26403,QMLE-Quote,2006-3-31,0.184556
DIS,26403,QMLE-Quote,2006-4-3,0.142228
DIS,26403,QMLE-Quote,2006-4-4,0.163303
DIS,26403,QMLE-Quote,2006-4-5,0.161553
DIS,26403,QMLE-Quote,2006-4-6,0.174117
DIS,26403,QMLE-Quote,2006-4-7,0.207608
DIS,26403,QMLE-Quote,2006-4-10,0.142035
DIS,26403,QMLE-Quote,2006-4-11,0.185541
DIS,26403,QMLE-Quote,2006-4-12,0.147545
DIS,26403,QMLE-Quote,2006-4-13,0.125106
DIS,26403,QMLE-Quote,2006-4-17,0.133037
DIS,26403,QMLE-Quote,2006-4-18,0.136042
DIS,26403,QMLE-Quote,2006-4-19,0.146244
DIS,26403,QMLE-Quote,2006-4-20,0.110022
DIS,26403,QMLE-Quote,2006-4-21,0.149479
DIS,26403,QMLE-Quote,2006-4-24,0.144952
DIS,26403,QMLE-Quote,2006-4-25,0.212527
DIS,26403,QMLE-Quote,2006-4-26,0.226955
DIS,26403,QMLE-Quote,2006-4-27,0.273223
DIS,26403,QMLE-Quote,2006-4-28,0.223265
DIS,26403,QMLE-Quote,2006-5-1,0.163103
DIS,26403,QMLE-Quote,2006-5-2,0.156288
DIS,26403,QMLE-Quote,2006-5-3,0.135674
DIS,26403,QMLE-Quote,2006-5-4,0.121498
DIS,26403,QMLE-Quote,2006-5-5,0.182971
DIS,26403,QMLE-Quote,2006-5-8,0.163608
DIS,26403,QMLE-Quote,2006-5-9,0.164351
DIS,26403,QMLE-Quote,2006-5-10,0.194495
DIS,26403,QMLE-Quote,2006-5-11,0.191059
DIS,26403,QMLE-Quote,2006-5-12,0.198877
DIS,26403,QMLE-Quote,2006-5-15,0.119981
DIS,26403,QMLE-Quote,2006-5-16,0.12635
DIS,26403,QMLE-Quote,2006-5-17,0.194372
DIS,26403,QMLE-Quote,2006-5-18,0.246311
DIS,26403,QMLE-Quote,2006-5-19,0.257595
DIS,26403,QMLE-Quote,2006-5-22,0.238549
DIS,26403,QMLE-Quote,2006-5-23,0.14414
DIS,26403,QMLE-Quote,2006-5-24,0.181593
DIS,26403,QMLE-Quote,2006-5-25,0.119437
DIS,26403,QMLE-Quote,2006-5-26,0.109916
DIS,26403,QMLE-Quote,2006-5-30,0.126364
DIS,26403,QMLE-Quote,2006-5-31,0.160216
DIS,26403,QMLE-Quote,2006-6-1,0.131066
DIS,26403,QMLE-Quote,2006-6-2,0.152333
DIS,26403,QMLE-Quote,2006-6-5,0.157687
DIS,26403,QMLE-Quote,2006-6-6,0.185677
DIS,26403,QMLE-Quote,2006-6-7,0.180013
DIS,26403,QMLE-Quote,2006-6-8,0.213077
DIS,26403,QMLE-Quote,2006-6-9,0.182397
DIS,26403,QMLE-Quote,2006-6-12,0.239555
DIS,26403,QMLE-Quote,2006-6-13,0.246989
DIS,26403,QMLE-Quote,2006-6-14,0.2218
DIS,26403,QMLE-Quote,2006-6-15,0.194274
DIS,26403,QMLE-Quote,2006-6-16,0.150189
DIS,26403,QMLE-Quote,2006-6-19,0.158164
DIS,26403,QMLE-Quote,2006-6-20,0.163521
DIS,26403,QMLE-Quote,2006-6-21,0.211441
DIS,26403,QMLE-Quote,2006-6-22,0.20129
DIS,26403,QMLE-Quote,2006-6-23,0.171012
DIS,26403,QMLE-Quote,2006-6-26,0.203104
DIS,26403,QMLE-Quote,2006-6-27,0.167711
DIS,26403,QMLE-Quote,2006-6-28,0.15737
DIS,26403,QMLE-Quote,2006-6-29,0.133463
DIS,26403,QMLE-Quote,2006-6-30,0.15357
DIS,26403,QMLE-Quote,2006-7-3,0.151586
DIS,26403,QMLE-Quote,2006-7-5,0.188273
DIS,26403,QMLE-Quote,2006-7-6,0.138473
DIS,26403,QMLE-Quote,2006-7-7,0.159022
DIS,26403,QMLE-Quote,2006-7-10,0.144118
DIS,26403,QMLE-Quote,2006-7-11,0.1455
DIS,26403,QMLE-Quote,2006-7-12,0.164082
DIS,26403,QMLE-Quote,2006-7-13,0.206733
DIS,26403,QMLE-Quote,2006-7-14,0.222071
DIS,26403,QMLE-Quote,2006-7-17,0.16373
DIS,26403,QMLE-Quote,2006-7-18,0.229578
DIS,26403,QMLE-Quote,2006-7-19,0.230252
DIS,26403,QMLE-Quote,2006-7-20,0.261544
DIS,26403,QMLE-Quote,2006-7-21,0.256964
DIS,26403,QMLE-Quote,2006-7-24,0.204547
DIS,26403,QMLE-Quote,2006-7-25,0.191584
DIS,26403,QMLE-Quote,2006-7-26,0.206605
DIS,26403,QMLE-Quote,2006-7-27,0.198935
DIS,26403,QMLE-Quote,2006-7-28,0.146714
DIS,26403,QMLE-Quote,2006-7-31,0.177639
DIS,26403,QMLE-Quote,2006-8-1,0.191785
DIS,26403,QMLE-Quote,2006-8-2,0.167021
DIS,26403,QMLE-Quote,2006-8-3,0.187456
DIS,26403,QMLE-Quote,2006-8-4,0.165187
DIS,26403,QMLE-Quote,2006-8-7,0.174754
DIS,26403,QMLE-Quote,2006-8-8,0.246241
DIS,26403,QMLE-Quote,2006-8-9,0.325589
DIS,26403,QMLE-Quote,2006-8-10,0.207677
DIS,26403,QMLE-Quote,2006-8-11,0.162279
DIS,26403,QMLE-Quote,2006-8-14,0.146339
DIS,26403,QMLE-Quote,2006-8-15,0.178236
DIS,26403,QMLE-Quote,2006-8-16,0.118203
DIS,26403,QMLE-Quote,2006-8-17,0.122228
DIS,26403,QMLE-Quote,2006-8-18,0.11528
DIS,26403,QMLE-Quote,2006-8-21,0.117077
DIS,26403,QMLE-Quote,2006-8-22,0.164952
DIS,26403,QMLE-Quote,2006-8-23,0.189812
DIS,26403,QMLE-Quote,2006-8-24,0.168328
DIS,26403,QMLE-Quote,2006-8-25,0.13594
DIS,26403,QMLE-Quote,2006-8-28,0.155038
DIS,26403,QMLE-Quote,2006-8-29,0.168906
DIS,26403,QMLE-Quote,2006-8-30,0.148163
DIS,26403,QMLE-Quote,2006-8-31,0.161278
DIS,26403,QMLE-Quote,2006-9-1,0.119999
DIS,26403,QMLE-Quote,2006-9-5,0.092517
DIS,26403,QMLE-Quote,2006-9-6,0.112027
DIS,26403,QMLE-Quote,2006-9-7,0.155604
DIS,26403,QMLE-Quote,2006-9-8,0.133614
DIS,26403,QMLE-Quote,2006-9-11,0.0924231
DIS,26403,QMLE-Quote,2006-9-12,0.122119
DIS,26403,QMLE-Quote,2006-9-13,0.157819
DIS,26403,QMLE-Quote,2006-9-14,0.137296
DIS,26403,QMLE-Quote,2006-9-15,0.188262
DIS,26403,QMLE-Quote,2006-9-18,0.170999
DIS,26403,QMLE-Quote,2006-9-19,0.140904
DIS,26403,QMLE-Quote,2006-9-20,0.161582
DIS,26403,QMLE-Quote,2006-9-21,0.160613
DIS,26403,QMLE-Quote,2006-9-22,0.162353
DIS,26403,QMLE-Quote,2006-9-25,0.197856
DIS,26403,QMLE-Quote,2006-9-26,0.179472
DIS,26403,QMLE-Quote,2006-9-27,0.189938
DIS,26403,QMLE-Quote,2006-9-28,0.201754
DIS,26403,QMLE-Quote,2006-9-29,0.129119
DIS,26403,QMLE-Quote,2006-10-2,0.168959
DIS,26403,QMLE-Quote,2006-10-3,0.159076
DIS,26403,QMLE-Quote,2006-10-4,0.137797
DIS,26403,QMLE-Quote,2006-10-5,0.109641
DIS,26403,QMLE-Quote,2006-10-6,0.111896
DIS,26403,QMLE-Quote,2006-10-9,0.107542
DIS,26403,QMLE-Quote,2006-10-10,0.134311
DIS,26403,QMLE-Quote,2006-10-11,0.129483
DIS,26403,QMLE-Quote,2006-10-12,0.132064
DIS,26403,QMLE-Quote,2006-10-13,0.156864
DIS,26403,QMLE-Quote,2006-10-16,0.143759
DIS,26403,QMLE-Quote,2006-10-17,0.127912
DIS,26403,QMLE-Quote,2006-10-18,0.119691
DIS,26403,QMLE-Quote,2006-10-19,0.146235
DIS,26403,QMLE-Quote,2006-10-20,0.180397
DIS,26403,QMLE-Quote,2006-10-23,0.135659
DIS,26403,QMLE-Quote,2006-10-24,0.125227
DIS,26403,QMLE-Quote,2006-10-25,0.182387
DIS,26403,QMLE-Quote,2006-10-26,0.16341
DIS,26403,QMLE-Quote,2006-10-27,0.161052
DIS,26403,QMLE-Quote,2006-10-30,0.177542
DIS,26403,QMLE-Quote,2006-10-31,0.166867
DIS,26403,QMLE-Quote,2006-11-1,0.178022
DIS,26403,QMLE-Quote,2006-11-2,0.153065
DIS,26403,QMLE-Quote,2006-11-3,0.0978449
DIS,26403,QMLE-Quote,2006-11-6,0.116667
DIS,26403,QMLE-Quote,2006-11-7,0.150157
DIS,26403,QMLE-Quote,2006-11-8,0.163579
DIS,26403,QMLE-Quote,2006-11-9,0.211105
DIS,26403,QMLE-Quote,2006-11-10,0.356987
DIS,26403,QMLE-Quote,2006-11-13,0.229575
DIS,26403,QMLE-Quote,2006-11-14,0.183335
DIS,26403,QMLE-Quote,2006-11-15,0.156216
DIS,26403,QMLE-Quote,2006-11-16,0.133109
DIS,26403,QMLE-Quote,2006-11-17,0.122061
DIS,26403,QMLE-Quote,2006-11-20,0.0932189
DIS,26403,QMLE-Quote,2006-11-21,0.105232
DIS,26403,QMLE-Quote,2006-11-22,0.119912
DIS,26403,QMLE-Quote,2006-11-24,0.153101
DIS,26403,QMLE-Quote,2006-11-27,0.17675
DIS,26403,QMLE-Quote,2006-11-28,0.176295
DIS,26403,QMLE-Quote,2006-11-29,0.128613
DIS,26403,QMLE-Quote,2006-11-30,0.161039
DIS,26403,QMLE-Quote,2006-12-1,0.172307
DIS,26403,QMLE-Quote,2006-12-4,0.132428
DIS,26403,QMLE-Quote,2006-12-5,0.148922
DIS,26403,QMLE-Quote,2006-12-6,0.118401
DIS,26403,QMLE-Quote,2006-12-7,0.133644
DIS,26403,QMLE-Quote,2006-12-8,0.151042
DIS,26403,QMLE-Quote,2006-12-11,0.140748
DIS,26403,QMLE-Quote,2006-12-12,0.148638
DIS,26403,QMLE-Quote,2006-12-13,0.0758745
DIS,26403,QMLE-Quote,2006-12-14,0.103789
DIS,26403,QMLE-Quote,2006-12-15,0.16036
DIS,26403,QMLE-Quote,2006-12-18,0.110372
DIS,26403,QMLE-Quote,2006-12-19,0.141272
DIS,26403,QMLE-Quote,2006-12-20,0.121177
DIS,26403,QMLE-Quote,2006-12-21,0.109564
DIS,26403,QMLE-Quote,2006-12-22,0.105022
DIS,26403,QMLE-Quote,2006-12-26,0.126175
DIS,26403,QMLE-Quote,2006-12-27,0.107883
DIS,26403,QMLE-Quote,2006-12-28,0.13597
DIS,26403,QMLE-Quote,2006-12-29,0.13284
DIS,26403,QMLE-Quote,2007-1-3,0.168591
DIS,26403,QMLE-Quote,2007-1-4,0.157972
DIS,26403,QMLE-Quote,2007-1-5,0.199969
DIS,26403,QMLE-Quote,2007-1-8,0.118717
DIS,26403,QMLE-Quote,2007-1-9,0.183237
DIS,26403,QMLE-Quote,2007-1-10,0.135701
DIS,26403,QMLE-Quote,2007-1-11,0.151502
DIS,26403,QMLE-Quote,2007-1-12,0.146027
DIS,26403,QMLE-Quote,2007-1-16,0.11072
DIS,26403,QMLE-Quote,2007-1-17,0.135306
DIS,26403,QMLE-Quote,2007-1-18,0.153619
DIS,26403,QMLE-Quote,2007-1-19,0.123191
DIS,26403,QMLE-Quote,2007-1-22,0.142231
DIS,26403,QMLE-Quote,2007-1-23,0.179671
DIS,26403,QMLE-Quote,2007-1-24,0.149883
DIS,26403,QMLE-Quote,2007-1-25,0.104376
DIS,26403,QMLE-Quote,2007-1-26,0.152065
DIS,26403,QMLE-Quote,2007-1-29,0.178921
DIS,26403,QMLE-Quote,2007-1-30,0.120969
DIS,26403,QMLE-Quote,2007-1-31,0.132767
DIS,26403,QMLE-Quote,2007-2-1,0.142548
DIS,26403,QMLE-Quote,2007-2-2,0.132729
DIS,26403,QMLE-Quote,2007-2-5,0.133615
DIS,26403,QMLE-Quote,2007-2-6,0.117723
DIS,26403,QMLE-Quote,2007-2-7,0.144829
DIS,26403,QMLE-Quote,2007-2-8,0.245608
DIS,26403,QMLE-Quote,2007-2-9,0.191054
DIS,26403,QMLE-Quote,2007-2-12,0.147926
DIS,26403,QMLE-Quote,2007-2-13,0.122201
DIS,26403,QMLE-Quote,2007-2-14,0.115897
DIS,26403,QMLE-Quote,2007-2-15,0.136439
DIS,26403,QMLE-Quote,2007-2-16,0.122138
DIS,26403,QMLE-Quote,2007-2-20,0.146024
DIS,26403,QMLE-Quote,2007-2-21,0.111675
DIS,26403,QMLE-Quote,2007-2-22,0.147647
DIS,26403,QMLE-Quote,2007-2-23,0.0965542
DIS,26403,QMLE-Quote,2007-2-26,0.108901
DIS,26403,QMLE-Quote,2007-2-27,0.509562
DIS,26403,QMLE-Quote,2007-2-28,0.289728
DIS,26403,QMLE-Quote,2007-3-1,0.302492
DIS,26403,QMLE-Quote,2007-3-2,0.203409
DIS,26403,QMLE-Quote,2007-3-5,0.246648
DIS,26403,QMLE-Quote,2007-3-6,0.198393
DIS,26403,QMLE-Quote,2007-3-7,0.161485
DIS,26403,QMLE-Quote,2007-3-8,0.0900502
DIS,26403,QMLE-Quote,2007-3-9,0.152155
DIS,26403,QMLE-Quote,2007-3-12,0.155981
DIS,26403,QMLE-Quote,2007-3-13,0.166766
DIS,26403,QMLE-Quote,2007-3-14,0.249851
DIS,26403,QMLE-Quote,2007-3-15,0.145008
DIS,26403,QMLE-Quote,2007-3-16,0.185453
DIS,26403,QMLE-Quote,2007-3-19,0.120216
DIS,26403,QMLE-Quote,2007-3-20,0.122803
DIS,26403,QMLE-Quote,2007-3-21,0.146894
DIS,26403,QMLE-Quote,2007-3-22,0.139247
DIS,26403,QMLE-Quote,2007-3-23,0.101338
DIS,26403,QMLE-Quote,2007-3-26,0.117316
DIS,26403,QMLE-Quote,2007-3-27,0.0809258
DIS,26403,QMLE-Quote,2007-3-28,0.162432
DIS,26403,QMLE-Quote,2007-3-29,0.0990111
DIS,26403,QMLE-Quote,2007-3-30,0.19748
DIS,26403,QMLE-Quote,2007-4-2,0.138376
DIS,26403,QMLE-Quote,2007-4-3,0.142136
DIS,26403,QMLE-Quote,2007-4-4,0.122049
DIS,26403,QMLE-Quote,2007-4-5,0.128244
DIS,26403,QMLE-Quote,2007-4-9,0.098042
DIS,26403,QMLE-Quote,2007-4-10,0.089104
DIS,26403,QMLE-Quote,2007-4-11,0.122578
DIS,26403,QMLE-Quote,2007-4-12,0.123511
DIS,26403,QMLE-Quote,2007-4-13,0.136597
DIS,26403,QMLE-Quote,2007-4-16,0.109643
DIS,26403,QMLE-Quote,2007-4-17,0.105756
DIS,26403,QMLE-Quote,2007-4-18,0.111717
DIS,26403,QMLE-Quote,2007-4-19,0.158414
DIS,26403,QMLE-Quote,2007-4-20,0.131739
DIS,26403,QMLE-Quote,2007-4-23,0.122746
DIS,26403,QMLE-Quote,2007-4-24,0.115153
DIS,26403,QMLE-Quote,2007-4-25,0.131664
DIS,26403,QMLE-Quote,2007-4-26,0.156627
DIS,26403,QMLE-Quote,2007-4-27,0.122571
DIS,26403,QMLE-Quote,2007-4-30,0.148327
DIS,26403,QMLE-Quote,2007-5-1,0.117744
DIS,26403,QMLE-Quote,2007-5-2,0.163202
DIS,26403,QMLE-Quote,2007-5-3,0.161332
DIS,26403,QMLE-Quote,2007-5-4,0.132737
DIS,26403,QMLE-Quote,2007-5-7,0.147443
DIS,26403,QMLE-Quote,2007-5-8,0.163357
DIS,26403,QMLE-Quote,2007-5-9,0.207875
DIS,26403,QMLE-Quote,2007-5-10,0.169172
DIS,26403,QMLE-Quote,2007-5-11,0.159984
DIS,26403,QMLE-Quote,2007-5-14,0.0999454
DIS,26403,QMLE-Quote,2007-5-15,0.127779
DIS,26403,QMLE-Quote,2007-5-16,0.180197
DIS,26403,QMLE-Quote,2007-5-17,0.148124
DIS,26403,QMLE-Quote,2007-5-18,0.114291
DIS,26403,QMLE-Quote,2007-5-21,0.145996
DIS,26403,QMLE-Quote,2007-5-22,0.171445
DIS,26403,QMLE-Quote,2007-5-23,0.124921
DIS,26403,QMLE-Quote,2007-5-24,0.146924
DIS,26403,QMLE-Quote,2007-5-25,0.128442
DIS,26403,QMLE-Quote,2007-5-29,0.166252
DIS,26403,QMLE-Quote,2007-5-30,0.141695
DIS,26403,QMLE-Quote,2007-5-31,0.163686
DIS,26403,QMLE-Quote,2007-6-1,0.112177
DIS,26403,QMLE-Quote,2007-6-4,0.118107
DIS,26403,QMLE-Quote,2007-6-5,0.185086
DIS,26403,QMLE-Quote,2007-6-6,0.173169
DIS,26403,QMLE-Quote,2007-6-7,0.174323
DIS,26403,QMLE-Quote,2007-6-8,0.198172
DIS,26403,QMLE-Quote,2007-6-11,0.105482
DIS,26403,QMLE-Quote,2007-6-12,0.158859
DIS,26403,QMLE-Quote,2007-6-13,0.199171
DIS,26403,QMLE-Quote,2007-6-14,0.138951
DIS,26403,QMLE-Quote,2007-6-15,0.161443
DIS,26403,QMLE-Quote,2007-6-18,0.138002
DIS,26403,QMLE-Quote,2007-6-19,0.117561
DIS,26403,QMLE-Quote,2007-6-20,0.159721
DIS,26403,QMLE-Quote,2007-6-21,0.182547
DIS,26403,QMLE-Quote,2007-6-22,0.179641
DIS,26403,QMLE-Quote,2007-6-25,0.21478
DIS,26403,QMLE-Quote,2007-6-26,0.177249
DIS,26403,QMLE-Quote,2007-6-27,0.19539
DIS,26403,QMLE-Quote,2007-6-28,0.207137
DIS,26403,QMLE-Quote,2007-6-29,0.215044
DIS,26403,QMLE-Quote,2007-7-2,0.153309
DIS,26403,QMLE-Quote,2007-7-3,0.162637
DIS,26403,QMLE-Quote,2007-7-5,0.111403
DIS,26403,QMLE-Quote,2007-7-6,0.0994843
DIS,26403,QMLE-Quote,2007-7-9,0.11727
DIS,26403,QMLE-Quote,2007-7-10,0.129599
DIS,26403,QMLE-Quote,2007-7-11,0.148022
DIS,26403,QMLE-Quote,2007-7-12,0.173213
DIS,26403,QMLE-Quote,2007-7-13,0.160597
DIS,26403,QMLE-Quote,2007-7-16,0.107921
DIS,26403,QMLE-Quote,2007-7-17,0.118229
DIS,26403,QMLE-Quote,2007-7-18,0.20924
DIS,26403,QMLE-Quote,2007-7-19,0.0948365
DIS,26403,QMLE-Quote,2007-7-20,0.142867
DIS,26403,QMLE-Quote,2007-7-23,0.147395
DIS,26403,QMLE-Quote,2007-7-24,0.189032
DIS,26403,QMLE-Quote,2007-7-25,0.193617
DIS,26403,QMLE-Quote,2007-7-26,0.281655
DIS,26403,QMLE-Quote,2007-7-27,0.256584
DIS,26403,QMLE-Quote,2007-7-30,0.24565
DIS,26403,QMLE-Quote,2007-7-31,0.250982
DIS,26403,QMLE-Quote,2007-8-1,0.353966
DIS,26403,QMLE-Quote,2007-8-2,0.231199
DIS,26403,QMLE-Quote,2007-8-3,0.276854
DIS,26403,QMLE-Quote,2007-8-6,0.196142
DIS,26403,QMLE-Quote,2007-8-7,0.281773
DIS,26403,QMLE-Quote,2007-8-8,0.234597
DIS,26403,QMLE-Quote,2007-8-9,0.309239
DIS,26403,QMLE-Quote,2007-8-10,0.427233
DIS,26403,QMLE-Quote,2007-8-13,0.223306
DIS,26403,QMLE-Quote,2007-8-14,0.280634
DIS,26403,QMLE-Quote,2007-8-15,0.265394
DIS,26403,QMLE-Quote,2007-8-16,0.361548
DIS,26403,QMLE-Quote,2007-8-17,0.287367
DIS,26403,QMLE-Quote,2007-8-20,0.176677
DIS,26403,QMLE-Quote,2007-8-21,0.166063
DIS,26403,QMLE-Quote,2007-8-22,0.199114
DIS,26403,QMLE-Quote,2007-8-23,0.18181
DIS,26403,QMLE-Quote,2007-8-24,0.159964
DIS,26403,QMLE-Quote,2007-8-27,0.169274
DIS,26403,QMLE-Quote,2007-8-28,0.163362
DIS,26403,QMLE-Quote,2007-8-29,0.171663
DIS,26403,QMLE-Quote,2007-8-30,0.152252
DIS,26403,QMLE-Quote,2007-8-31,0.153579
DIS,26403,QMLE-Quote,2007-9-4,0.142356
DIS,26403,QMLE-Quote,2007-9-5,0.168444
DIS,26403,QMLE-Quote,2007-9-6,0.164114
DIS,26403,QMLE-Quote,2007-9-7,0.161479
DIS,26403,QMLE-Quote,2007-9-10,0.179542
DIS,26403,QMLE-Quote,2007-9-11,0.136715
DIS,26403,QMLE-Quote,2007-9-12,0.164591
DIS,26403,QMLE-Quote,2007-9-13,0.147432
DIS,26403,QMLE-Quote,2007-9-14,0.180365
DIS,26403,QMLE-Quote,2007-9-17,0.153677
DIS,26403,QMLE-Quote,2007-9-18,0.277428
DIS,26403,QMLE-Quote,2007-9-19,0.142455
DIS,26403,QMLE-Quote,2007-9-20,0.180461
DIS,26403,QMLE-Quote,2007-9-21,0.169891
DIS,26403,QMLE-Quote,2007-9-24,0.139555
DIS,26403,QMLE-Quote,2007-9-25,0.185582
DIS,26403,QMLE-Quote,2007-9-26,0.13288
DIS,26403,QMLE-Quote,2007-9-27,0.135157
DIS,26403,QMLE-Quote,2007-9-28,0.125834
DIS,26403,QMLE-Quote,2007-10-1,0.219531
DIS,26403,QMLE-Quote,2007-10-2,0.123097
DIS,26403,QMLE-Quote,2007-10-3,0.178262
DIS,26403,QMLE-Quote,2007-10-4,0.130386
DIS,26403,QMLE-Quote,2007-10-5,0.129117
DIS,26403,QMLE-Quote,2007-10-8,0.151293
DIS,26403,QMLE-Quote,2007-10-9,0.155951
DIS,26403,QMLE-Quote,2007-10-10,0.136989
DIS,26403,QMLE-Quote,2007-10-11,0.201561
DIS,26403,QMLE-Quote,2007-10-12,0.157798
DIS,26403,QMLE-Quote,2007-10-15,0.16906
DIS,26403,QMLE-Quote,2007-10-16,0.184974
DIS,26403,QMLE-Quote,2007-10-17,0.202697
DIS,26403,QMLE-Quote,2007-10-18,0.168878
DIS,26403,QMLE-Quote,2007-10-19,0.189804
DIS,26403,QMLE-Quote,2007-10-22,0.217252
DIS,26403,QMLE-Quote,2007-10-23,0.163936
DIS,26403,QMLE-Quote,2007-10-24,0.247487
DIS,26403,QMLE-Quote,2007-10-25,0.216336
DIS,26403,QMLE-Quote,2007-10-26,0.242543
DIS,26403,QMLE-Quote,2007-10-29,0.186577
DIS,26403,QMLE-Quote,2007-10-30,0.182379
DIS,26403,QMLE-Quote,2007-10-31,0.221767
DIS,26403,QMLE-Quote,2007-11-1,0.249817
DIS,26403,QMLE-Quote,2007-11-2,0.238692
DIS,26403,QMLE-Quote,2007-11-5,0.170392
DIS,26403,QMLE-Quote,2007-11-6,0.232532
DIS,26403,QMLE-Quote,2007-11-7,0.261724
DIS,26403,QMLE-Quote,2007-11-8,0.410146
DIS,26403,QMLE-Quote,2007-11-9,0.327994
DIS,26403,QMLE-Quote,2007-11-12,0.25142
DIS,26403,QMLE-Quote,2007-11-13,0.257272
DIS,26403,QMLE-Quote,2007-11-14,0.253097
DIS,26403,QMLE-Quote,2007-11-15,0.258096
DIS,26403,QMLE-Quote,2007-11-16,0.232282
DIS,26403,QMLE-Quote,2007-11-19,0.187692
DIS,26403,QMLE-Quote,2007-11-20,0.302557
DIS,26403,QMLE-Quote,2007-11-21,0.259483
DIS,26403,QMLE-Quote,2007-11-23,0.257055
DIS,26403,QMLE-Quote,2007-11-26,0.206561
DIS,26403,QMLE-Quote,2007-11-27,0.289316
DIS,26403,QMLE-Quote,2007-11-28,0.219306
DIS,26403,QMLE-Quote,2007-11-29,0.22287
DIS,26403,QMLE-Quote,2007-11-30,0.229675
DIS,26403,QMLE-Quote,2007-12-3,0.23483
DIS,26403,QMLE-Quote,2007-12-4,0.242653
DIS,26403,QMLE-Quote,2007-12-5,0.223539
DIS,26403,QMLE-Quote,2007-12-6,0.216826
DIS,26403,QMLE-Quote,2007-12-7,0.196526
DIS,26403,QMLE-Quote,2007-12-10,0.154987
DIS,26403,QMLE-Quote,2007-12-11,0.222697
DIS,26403,QMLE-Quote,2007-12-12,0.324831
DIS,26403,QMLE-Quote,2007-12-13,0.247717
DIS,26403,QMLE-Quote,2007-12-14,0.224623
DIS,26403,QMLE-Quote,2007-12-17,0.238936
DIS,26403,QMLE-Quote,2007-12-18,0.194304
DIS,26403,QMLE-Quote,2007-12-19,0.222911
DIS,26403,QMLE-Quote,2007-12-20,0.136312
DIS,26403,QMLE-Quote,2007-12-21,0.2075
DIS,26403,QMLE-Quote,2007-12-24,0.170271
DIS,26403,QMLE-Quote,2007-12-26,0.12152
DIS,26403,QMLE-Quote,2007-12-27,0.145346
DIS,26403,QMLE-Quote,2007-12-28,0.158331
DIS,26403,QMLE-Quote,2007-12-31,0.106565
DIS,26403,QMLE-Quote,2008-1-2,0.221343
DIS,26403,QMLE-Quote,2008-1-3,0.170219
DIS,26403,QMLE-Quote,2008-1-4,0.232416
DIS,26403,QMLE-Quote,2008-1-7,0.22841
DIS,26403,QMLE-Quote,2008-1-8,0.249204
DIS,26403,QMLE-Quote,2008-1-9,0.3271
DIS,26403,QMLE-Quote,2008-1-10,0.311371
DIS,26403,QMLE-Quote,2008-1-11,0.31867
DIS,26403,QMLE-Quote,2008-1-14,0.195085
DIS,26403,QMLE-Quote,2008-1-15,0.351483
DIS,26403,QMLE-Quote,2008-1-16,0.310611
DIS,26403,QMLE-Quote,2008-1-17,0.359403
DIS,26403,QMLE-Quote,2008-1-18,0.475779
DIS,26403,QMLE-Quote,2008-1-22,0.727672
DIS,26403,QMLE-Quote,2008-1-23,0.664395
DIS,26403,QMLE-Quote,2008-1-24,0.350752
DIS,26403,QMLE-Quote,2008-1-25,0.336918
DIS,26403,QMLE-Quote,2008-1-28,0.290535
DIS,26403,QMLE-Quote,2008-1-29,0.362556
DIS,26403,QMLE-Quote,2008-1-30,0.391125
DIS,26403,QMLE-Quote,2008-1-31,0.405375
DIS,26403,QMLE-Quote,2008-2-1,0.351149
DIS,26403,QMLE-Quote,2008-2-4,0.167582
DIS,26403,QMLE-Quote,2008-2-5,0.350832
DIS,26403,QMLE-Quote,2008-2-6,0.409574
DIS,26403,QMLE-Quote,2008-2-7,0.364397
DIS,26403,QMLE-Quote,2008-2-8,0.3159
DIS,26403,QMLE-Quote,2008-2-11,0.261228
DIS,26403,QMLE-Quote,2008-2-12,0.218846
DIS,26403,QMLE-Quote,2008-2-13,0.192787
DIS,26403,QMLE-Quote,2008-2-14,0.220699
DIS,26403,QMLE-Quote,2008-2-15,0.230729
DIS,26403,QMLE-Quote,2008-2-19,0.193745
DIS,26403,QMLE-Quote,2008-2-20,0.208946
DIS,26403,QMLE-Quote,2008-2-21,0.23251
DIS,26403,QMLE-Quote,2008-2-22,0.255848
DIS,26403,QMLE-Quote,2008-2-25,0.216406
DIS,26403,QMLE-Quote,2008-2-26,0.169921
DIS,26403,QMLE-Quote,2008-2-27,0.171635
DIS,26403,QMLE-Quote,2008-2-28,0.201425
DIS,26403,QMLE-Quote,2008-2-29,0.321108
DIS,26403,QMLE-Quote,2008-3-3,0.23788
DIS,26403,QMLE-Quote,2008-3-4,0.256256
DIS,26403,QMLE-Quote,2008-3-5,0.228054
DIS,26403,QMLE-Quote,2008-3-6,0.213209
DIS,26403,QMLE-Quote,2008-3-7,0.311053
DIS,26403,QMLE-Quote,2008-3-10,0.257086
DIS,26403,QMLE-Quote,2008-3-11,0.220165
DIS,26403,QMLE-Quote,2008-3-12,0.205602
DIS,26403,QMLE-Quote,2008-3-13,0.309709
DIS,26403,QMLE-Quote,2008-3-14,0.517101
DIS,26403,QMLE-Quote,2008-3-17,0.521116
DIS,26403,QMLE-Quote,2008-3-18,0.298307
DIS,26403,QMLE-Quote,2008-3-19,0.276036
DIS,26403,QMLE-Quote,2008-3-20,0.262242
DIS,26403,QMLE-Quote,2008-3-24,0.196418
DIS,26403,QMLE-Quote,2008-3-25,0.160592
DIS,26403,QMLE-Quote,2008-3-26,0.163654
DIS,26403,QMLE-Quote,2008-3-27,0.219759
DIS,26403,QMLE-Quote,2008-3-28,0.211755
DIS,26403,QMLE-Quote,2008-3-31,0.173911
DIS,26403,QMLE-Quote,2008-4-1,0.243894
DIS,26403,QMLE-Quote,2008-4-2,0.175038
DIS,26403,QMLE-Quote,2008-4-3,0.224236
DIS,26403,QMLE-Quote,2008-4-4,0.176465
DIS,26403,QMLE-Quote,2008-4-7,0.17072
DIS,26403,QMLE-Quote,2008-4-8,0.179348
DIS,26403,QMLE-Quote,2008-4-9,0.174743
DIS,26403,QMLE-Quote,2008-4-10,0.200006
DIS,26403,QMLE-Quote,2008-4-11,0.181259
DIS,26403,QMLE-Quote,2008-4-14,0.220918
DIS,26403,QMLE-Quote,2008-4-15,0.180184
DIS,26403,QMLE-Quote,2008-4-16,0.172599
DIS,26403,QMLE-Quote,2008-4-17,0.165549
DIS,26403,QMLE-Quote,2008-4-18,0.159988
DIS,26403,QMLE-Quote,2008-4-21,0.15524
DIS,26403,QMLE-Quote,2008-4-22,0.160649
DIS,26403,QMLE-Quote,2008-4-23,0.167551
DIS,26403,QMLE-Quote,2008-4-24,0.153803
DIS,26403,QMLE-Quote,2008-4-25,0.187987
DIS,26403,QMLE-Quote,2008-4-28,0.137504
DIS,26403,QMLE-Quote,2008-4-29,0.148962
DIS,26403,QMLE-Quote,2008-4-30,0.2002
DIS,26403,QMLE-Quote,2008-5-1,0.265469
DIS,26403,QMLE-Quote,2008-5-2,0.217172
DIS,26403,QMLE-Quote,2008-5-5,0.193741
DIS,26403,QMLE-Quote,2008-5-6,0.265832
DIS,26403,QMLE-Quote,2008-5-7,0.237539
DIS,26403,QMLE-Quote,2008-5-8,0.213587
DIS,26403,QMLE-Quote,2008-5-9,0.226815
DIS,26403,QMLE-Quote,2008-5-12,0.147403
DIS,26403,QMLE-Quote,2008-5-13,0.181945
DIS,26403,QMLE-Quote,2008-5-14,0.183802
DIS,26403,QMLE-Quote,2008-5-15,0.159882
DIS,26403,QMLE-Quote,2008-5-16,0.194035
DIS,26403,QMLE-Quote,2008-5-19,0.180939
DIS,26403,QMLE-Quote,2008-5-20,0.172261
DIS,26403,QMLE-Quote,2008-5-21,0.217704
DIS,26403,QMLE-Quote,2008-5-22,0.226783
DIS,26403,QMLE-Quote,2008-5-23,0.199547
DIS,26403,QMLE-Quote,2008-5-27,0.151906
DIS,26403,QMLE-Quote,2008-5-28,0.16944
DIS,26403,QMLE-Quote,2008-5-29,0.192741
DIS,26403,QMLE-Quote,2008-5-30,0.152709
DIS,26403,QMLE-Quote,2008-6-2,0.190946
DIS,26403,QMLE-Quote,2008-6-3,0.215397
DIS,26403,QMLE-Quote,2008-6-4,0.244658
DIS,26403,QMLE-Quote,2008-6-5,0.196061
DIS,26403,QMLE-Quote,2008-6-6,0.272297
DIS,26403,QMLE-Quote,2008-6-9,0.238429
DIS,26403,QMLE-Quote,2008-6-10,0.215176
DIS,26403,QMLE-Quote,2008-6-11,0.199235
DIS,26403,QMLE-Quote,2008-6-12,0.176987
DIS,26403,QMLE-Quote,2008-6-13,0.237817
DIS,26403,QMLE-Quote,2008-6-16,0.172049
DIS,26403,QMLE-Quote,2008-6-17,0.189581
DIS,26403,QMLE-Quote,2008-6-18,0.202829
DIS,26403,QMLE-Quote,2008-6-19,0.171748
DIS,26403,QMLE-Quote,2008-6-20,0.227467
DIS,26403,QMLE-Quote,2008-6-23,0.199986
DIS,26403,QMLE-Quote,2008-6-24,0.220479
DIS,26403,QMLE-Quote,2008-6-25,0.222791
DIS,26403,QMLE-Quote,2008-6-26,0.22124
DIS,26403,QMLE-Quote,2008-6-27,0.246202
DIS,26403,QMLE-Quote,2008-6-30,0.181729
DIS,26403,QMLE-Quote,2008-7-1,0.246449
DIS,26403,QMLE-Quote,2008-7-2,0.194142
DIS,26403,QMLE-Quote,2008-7-3,0.263939
DIS,26403,QMLE-Quote,2008-7-7,0.25358
DIS,26403,QMLE-Quote,2008-7-8,0.30301
DIS,26403,QMLE-Quote,2008-7-9,0.209848
DIS,26403,QMLE-Quote,2008-7-10,0.279844
DIS,26403,QMLE-Quote,2008-7-11,0.371339
DIS,26403,QMLE-Quote,2008-7-14,0.273868
DIS,26403,QMLE-Quote,2008-7-15,0.359408
DIS,26403,QMLE-Quote,2008-7-16,0.36843
DIS,26403,QMLE-Quote,2008-7-17,0.253581
DIS,26403,QMLE-Quote,2008-7-18,0.23002
DIS,26403,QMLE-Quote,2008-7-21,0.185257
DIS,26403,QMLE-Quote,2008-7-22,0.220446
DIS,26403,QMLE-Quote,2008-7-23,0.245321
DIS,26403,QMLE-Quote,2008-7-24,0.209656
DIS,26403,QMLE-Quote,2008-7-25,0.268771
DIS,26403,QMLE-Quote,2008-7-28,0.201186
DIS,26403,QMLE-Quote,2008-7-29,0.266704
DIS,26403,QMLE-Quote,2008-7-30,0.327058
DIS,26403,QMLE-Quote,2008-7-31,0.335279
DIS,26403,QMLE-Quote,2008-8-1,0.270383
DIS,26403,QMLE-Quote,2008-8-4,0.200512
DIS,26403,QMLE-Quote,2008-8-5,0.247433
DIS,26403,QMLE-Quote,2008-8-6,0.254705
DIS,26403,QMLE-Quote,2008-8-7,0.242315
DIS,26403,QMLE-Quote,2008-8-8,0.235408
DIS,26403,QMLE-Quote,2008-8-11,0.248717
DIS,26403,QMLE-Quote,2008-8-12,0.277709
DIS,26403,QMLE-Quote,2008-8-13,0.247018
DIS,26403,QMLE-Quote,2008-8-14,0.231141
DIS,26403,QMLE-Quote,2008-8-15,0.222613
DIS,26403,QMLE-Quote,2008-8-18,0.234162
DIS,26403,QMLE-Quote,2008-8-19,0.178138
DIS,26403,QMLE-Quote,2008-8-20,0.312412
DIS,26403,QMLE-Quote,2008-8-21,0.285811
DIS,26403,QMLE-Quote,2008-8-22,0.230283
DIS,26403,QMLE-Quote,2008-8-25,0.257815
DIS,26403,QMLE-Quote,2008-8-26,0.231217
DIS,26403,QMLE-Quote,2008-8-27,0.207023
DIS,26403,QMLE-Quote,2008-8-28,0.194338
DIS,26403,QMLE-Quote,2008-8-29,0.190917
DIS,26403,QMLE-Quote,2008-9-2,0.248228
DIS,26403,QMLE-Quote,2008-9-3,0.302519
DIS,26403,QMLE-Quote,2008-9-4,0.223784
DIS,26403,QMLE-Quote,2008-9-5,0.287912
DIS,26403,QMLE-Quote,2008-9-8,0.523291
DIS,26403,QMLE-Quote,2008-9-9,0.27369
DIS,26403,QMLE-Quote,2008-9-10,0.287628
DIS,26403,QMLE-Quote,2008-9-11,0.325141
DIS,26403,QMLE-Quote,2008-9-12,0.291128
DIS,26403,QMLE-Quote,2008-9-15,0.450785
DIS,26403,QMLE-Quote,2008-9-16,0.562675
DIS,26403,QMLE-Quote,2008-9-17,0.448923
DIS,26403,QMLE-Quote,2008-9-18,0.602099
DIS,26403,QMLE-Quote,2008-9-19,0.477794
DIS,26403,QMLE-Quote,2008-9-22,0.384837
DIS,26403,QMLE-Quote,2008-9-23,0.451101
DIS,26403,QMLE-Quote,2008-9-24,0.302243
DIS,26403,QMLE-Quote,2008-9-25,0.281291
DIS,26403,QMLE-Quote,2008-9-26,0.449511
DIS,26403,QMLE-Quote,2008-9-29,0.82846
DIS,26403,QMLE-Quote,2008-9-30,0.364618
DIS,26403,QMLE-Quote,2008-10-1,0.371575
DIS,26403,QMLE-Quote,2008-10-2,0.372512
DIS,26403,QMLE-Quote,2008-10-3,0.547152
DIS,26403,QMLE-Quote,2008-10-6,0.696338
DIS,26403,QMLE-Quote,2008-10-7,0.708237
DIS,26403,QMLE-Quote,2008-10-8,1.03713
DIS,26403,QMLE-Quote,2008-10-9,0.841295
DIS,26403,QMLE-Quote,2008-10-10,1.98979
DIS,26403,QMLE-Quote,2008-10-13,0.786423
DIS,26403,QMLE-Quote,2008-10-14,0.810638
DIS,26403,QMLE-Quote,2008-10-15,0.595891
DIS,26403,QMLE-Quote,2008-10-16,1.05553
DIS,26403,QMLE-Quote,2008-10-17,0.696653
DIS,26403,QMLE-Quote,2008-10-20,0.57639
DIS,26403,QMLE-Quote,2008-10-21,0.534197
DIS,26403,QMLE-Quote,2008-10-22,0.651243
DIS,26403,QMLE-Quote,2008-10-23,0.969396
DIS,26403,QMLE-Quote,2008-10-24,1.15003
DIS,26403,QMLE-Quote,2008-10-27,0.586999
DIS,26403,QMLE-Quote,2008-10-28,0.764332
DIS,26403,QMLE-Quote,2008-10-29,0.83543
DIS,26403,QMLE-Quote,2008-10-30,0.65055
DIS,26403,QMLE-Quote,2008-10-31,0.553225
DIS,26403,QMLE-Quote,2008-11-3,0.469481
DIS,26403,QMLE-Quote,2008-11-4,0.3918
DIS,26403,QMLE-Quote,2008-11-5,0.529368
DIS,26403,QMLE-Quote,2008-11-6,0.705807
DIS,26403,QMLE-Quote,2008-11-7,0.906585
DIS,26403,QMLE-Quote,2008-11-10,0.549999
DIS,26403,QMLE-Quote,2008-11-11,0.664374
DIS,26403,QMLE-Quote,2008-11-12,0.645291
DIS,26403,QMLE-Quote,2008-11-13,0.791112
DIS,26403,QMLE-Quote,2008-11-14,0.76263
DIS,26403,QMLE-Quote,2008-11-17,0.686513
DIS,26403,QMLE-Quote,2008-11-18,0.716791
DIS,26403,QMLE-Quote,2008-11-19,0.717912
DIS,26403,QMLE-Quote,2008-11-20,0.950594
DIS,26403,QMLE-Quote,2008-11-21,0.946941
DIS,26403,QMLE-Quote,2008-11-24,0.867365
DIS,26403,QMLE-Quote,2008-11-25,0.783893
DIS,26403,QMLE-Quote,2008-11-26,0.623814
DIS,26403,QMLE-Quote,2008-11-28,0.488653
DIS,26403,QMLE-Quote,2008-12-1,0.534812
DIS,26403,QMLE-Quote,2008-12-2,0.603959
DIS,26403,QMLE-Quote,2008-12-3,0.6293
DIS,26403,QMLE-Quote,2008-12-4,0.692747
DIS,26403,QMLE-Quote,2008-12-5,0.738816
DIS,26403,QMLE-Quote,2008-12-8,0.676721
DIS,26403,QMLE-Quote,2008-12-9,0.547329
DIS,26403,QMLE-Quote,2008-12-10,0.542022
DIS,26403,QMLE-Quote,2008-12-11,0.514259
DIS,26403,QMLE-Quote,2008-12-12,0.677382
DIS,26403,QMLE-Quote,2008-12-15,0.498608
DIS,26403,QMLE-Quote,2008-12-16,0.607061
DIS,26403,QMLE-Quote,2008-12-17,0.45121
DIS,26403,QMLE-Quote,2008-12-18,0.473031
DIS,26403,QMLE-Quote,2008-12-19,0.421025
DIS,26403,QMLE-Quote,2008-12-22,0.42351
DIS,26403,QMLE-Quote,2008-12-23,0.332159
DIS,26403,QMLE-Quote,2008-12-24,0.238229
DIS,26403,QMLE-Quote,2008-12-26,0.23006
DIS,26403,QMLE-Quote,2008-12-29,0.307828
DIS,26403,QMLE-Quote,2008-12-30,0.331684
DIS,26403,QMLE-Quote,2008-12-31,0.338695
DIS,26403,QMLE-Quote,2009-1-2,0.326805
DIS,26403,QMLE-Quote,2009-1-5,0.39735
DIS,26403,QMLE-Quote,2009-1-6,0.375933
DIS,26403,QMLE-Quote,2009-1-7,0.399193
DIS,26403,QMLE-Quote,2009-1-8,0.330404
DIS,26403,QMLE-Quote,2009-1-9,0.398323
DIS,26403,QMLE-Quote,2009-1-12,0.340049
DIS,26403,QMLE-Quote,2009-1-13,0.385971
DIS,26403,QMLE-Quote,2009-1-14,0.444259
DIS,26403,QMLE-Quote,2009-1-15,0.498776
DIS,26403,QMLE-Quote,2009-1-16,0.558349
DIS,26403,QMLE-Quote,2009-1-20,0.577769
DIS,26403,QMLE-Quote,2009-1-21,0.55171
DIS,26403,QMLE-Quote,2009-1-22,0.533646
DIS,26403,QMLE-Quote,2009-1-23,0.558525
DIS,26403,QMLE-Quote,2009-1-26,0.497155
DIS,26403,QMLE-Quote,2009-1-27,0.464637
DIS,26403,QMLE-Quote,2009-1-28,0.430809
DIS,26403,QMLE-Quote,2009-1-29,0.372542
DIS,26403,QMLE-Quote,2009-1-30,0.47625
DIS,26403,QMLE-Quote,2009-2-2,0.46115
DIS,26403,QMLE-Quote,2009-2-3,0.487069
DIS,26403,QMLE-Quote,2009-2-4,0.70735
DIS,26403,QMLE-Quote,2009-2-5,0.575393
DIS,26403,QMLE-Quote,2009-2-6,0.419988
DIS,26403,QMLE-Quote,2009-2-9,0.358266
DIS,26403,QMLE-Quote,2009-2-10,0.465655
DIS,26403,QMLE-Quote,2009-2-11,0.379111
DIS,26403,QMLE-Quote,2009-2-12,0.521577
DIS,26403,QMLE-Quote,2009-2-13,0.451162
DIS,26403,QMLE-Quote,2009-2-17,0.413052
DIS,26403,QMLE-Quote,2009-2-18,0.449906
DIS,26403,QMLE-Quote,2009-2-19,0.42462
DIS,26403,QMLE-Quote,2009-2-20,0.558161
DIS,26403,QMLE-Quote,2009-2-23,0.375258
DIS,26403,QMLE-Quote,2009-2-24,0.468521
DIS,26403,QMLE-Quote,2009-2-25,0.526978
DIS,26403,QMLE-Quote,2009-2-26,0.459529
DIS,26403,QMLE-Quote,2009-2-27,0.695246
DIS,26403,QMLE-Quote,2009-3-2,0.52202
DIS,26403,QMLE-Quote,2009-3-3,0.516437
DIS,26403,QMLE-Quote,2009-3-4,0.55349
DIS,26403,QMLE-Quote,2009-3-5,0.543113
DIS,26403,QMLE-Quote,2009-3-6,0.642968
DIS,26403,QMLE-Quote,2009-3-9,0.618097
DIS,26403,QMLE-Quote,2009-3-10,0.664295
DIS,26403,QMLE-Quote,2009-3-11,0.529865
DIS,26403,QMLE-Quote,2009-3-12,0.395448
DIS,26403,QMLE-Quote,2009-3-13,0.399675
DIS,26403,QMLE-Quote,2009-3-16,0.367016
DIS,26403,QMLE-Quote,2009-3-17,0.415097
DIS,26403,QMLE-Quote,2009-3-18,0.552734
DIS,26403,QMLE-Quote,2009-3-19,0.447936
DIS,26403,QMLE-Quote,2009-3-20,0.441037
DIS,26403,QMLE-Quote,2009-3-23,0.413615
DIS,26403,QMLE-Quote,2009-3-24,0.436954
DIS,26403,QMLE-Quote,2009-3-25,0.415969
DIS,26403,QMLE-Quote,2009-3-26,0.480664
DIS,26403,QMLE-Quote,2009-3-27,0.425573
DIS,26403,QMLE-Quote,2009-3-30,0.381994
DIS,26403,QMLE-Quote,2009-3-31,0.434973
DIS,26403,QMLE-Quote,2009-4-1,0.418339
DIS,26403,QMLE-Quote,2009-4-2,0.388924
DIS,26403,QMLE-Quote,2009-4-3,0.397316
DIS,26403,QMLE-Quote,2009-4-6,0.370925
DIS,26403,QMLE-Quote,2009-4-7,0.323726
DIS,26403,QMLE-Quote,2009-4-8,0.351147
DIS,26403,QMLE-Quote,2009-4-9,0.315088
DIS,26403,QMLE-Quote,2009-4-13,0.259882
DIS,26403,QMLE-Quote,2009-4-14,0.353484
DIS,26403,QMLE-Quote,2009-4-15,0.347168
DIS,26403,QMLE-Quote,2009-4-16,0.296529
DIS,26403,QMLE-Quote,2009-4-17,0.295111
DIS,26403,QMLE-Quote,2009-4-20,0.291886
DIS,26403,QMLE-Quote,2009-4-21,0.32179
DIS,26403,QMLE-Quote,2009-4-22,0.389336
DIS,26403,QMLE-Quote,2009-4-23,0.363115
DIS,26403,QMLE-Quote,2009-4-24,0.370851
DIS,26403,QMLE-Quote,2009-4-27,0.306782
DIS,26403,QMLE-Quote,2009-4-28,0.358436
DIS,26403,QMLE-Quote,2009-4-29,0.573229
DIS,26403,QMLE-Quote,2009-4-30,0.406783
DIS,26403,QMLE-Quote,2009-5-1,0.374963
DIS,26403,QMLE-Quote,2009-5-4,0.400898
DIS,26403,QMLE-Quote,2009-5-5,0.304878
DIS,26403,QMLE-Quote,2009-5-6,0.600653
DIS,26403,QMLE-Quote,2009-5-7,0.423609
DIS,26403,QMLE-Quote,2009-5-8,0.360898
DIS,26403,QMLE-Quote,2009-5-11,0.28082
DIS,26403,QMLE-Quote,2009-5-12,0.352164
DIS,26403,QMLE-Quote,2009-5-13,0.365775
DIS,26403,QMLE-Quote,2009-5-14,0.359917
DIS,26403,QMLE-Quote,2009-5-15,0.358184
DIS,26403,QMLE-Quote,2009-5-18,0.289559
DIS,26403,QMLE-Quote,2009-5-19,0.320566
DIS,26403,QMLE-Quote,2009-5-20,0.33587
DIS,26403,QMLE-Quote,2009-5-21,0.311264
DIS,26403,QMLE-Quote,2009-5-22,0.358304
DIS,26403,QMLE-Quote,2009-5-26,0.24706
DIS,26403,QMLE-Quote,2009-5-27,0.405334
DIS,26403,QMLE-Quote,2009-5-28,0.39918
DIS,26403,QMLE-Quote,2009-5-29,0.370621
DIS,26403,QMLE-Quote,2009-6-1,0.279135
DIS,26403,QMLE-Quote,2009-6-2,0.285243
DIS,26403,QMLE-Quote,2009-6-3,0.280714
DIS,26403,QMLE-Quote,2009-6-4,0.219093
DIS,26403,QMLE-Quote,2009-6-5,0.31088
DIS,26403,QMLE-Quote,2009-6-8,0.357174
DIS,26403,QMLE-Quote,2009-6-9,0.214907
DIS,26403,QMLE-Quote,2009-6-10,0.269966
DIS,26403,QMLE-Quote,2009-6-11,0.364325
DIS,26403,QMLE-Quote,2009-6-12,0.381561
DIS,26403,QMLE-Quote,2009-6-15,0.304608
DIS,26403,QMLE-Quote,2009-6-16,0.312737
DIS,26403,QMLE-Quote,2009-6-17,0.348598
DIS,26403,QMLE-Quote,2009-6-18,0.284734
DIS,26403,QMLE-Quote,2009-6-19,0.23717
DIS,26403,QMLE-Quote,2009-6-22,0.222994
DIS,26403,QMLE-Quote,2009-6-23,0.323584
DIS,26403,QMLE-Quote,2009-6-24,0.323624
DIS,26403,QMLE-Quote,2009-6-25,0.322529
DIS,26403,QMLE-Quote,2009-6-26,0.273932
DIS,26403,QMLE-Quote,2009-6-29,0.253972
DIS,26403,QMLE-Quote,2009-6-30,0.272673
DIS,26403,QMLE-Quote,2009-7-1,0.269726
DIS,26403,QMLE-Quote,2009-7-2,0.273266
DIS,26403,QMLE-Quote,2009-7-6,0.281764
DIS,26403,QMLE-Quote,2009-7-7,0.212369
DIS,26403,QMLE-Quote,2009-7-8,0.28793
DIS,26403,QMLE-Quote,2009-7-9,0.344486
DIS,26403,QMLE-Quote,2009-7-10,0.325435
DIS,26403,QMLE-Quote,2009-7-13,0.222101
DIS,26403,QMLE-Quote,2009-7-14,0.254115
DIS,26403,QMLE-Quote,2009-7-15,0.202333
DIS,26403,QMLE-Quote,2009-7-16,0.242451
DIS,26403,QMLE-Quote,2009-7-17,0.167093
DIS,26403,QMLE-Quote,2009-7-20,0.224731
DIS,26403,QMLE-Quote,2009-7-21,0.20794
DIS,26403,QMLE-Quote,2009-7-22,0.244523
DIS,26403,QMLE-Quote,2009-7-23,0.247595
DIS,26403,QMLE-Quote,2009-7-24,0.214433
DIS,26403,QMLE-Quote,2009-7-27,0.233884
DIS,26403,QMLE-Quote,2009-7-28,0.198166
DIS,26403,QMLE-Quote,2009-7-29,0.289253
DIS,26403,QMLE-Quote,2009-7-30,0.235293
DIS,26403,QMLE-Quote,2009-7-31,0.391681
DIS,26403,QMLE-Quote,2009-8-3,0.198291
DIS,26403,QMLE-Quote,2009-8-4,0.216253
DIS,26403,QMLE-Quote,2009-8-5,0.268814
DIS,26403,QMLE-Quote,2009-8-6,0.245184
DIS,26403,QMLE-Quote,2009-8-7,0.25733
DIS,26403,QMLE-Quote,2009-8-10,0.251017
DIS,26403,QMLE-Quote,2009-8-11,0.19455
DIS,26403,QMLE-Quote,2009-8-12,0.281644
DIS,26403,QMLE-Quote,2009-8-13,0.272393
DIS,26403,QMLE-Quote,2009-8-14,0.312855
DIS,26403,QMLE-Quote,2009-8-17,0.273146
DIS,26403,QMLE-Quote,2009-8-18,0.205052
DIS,26403,QMLE-Quote,2009-8-19,0.203064
DIS,26403,QMLE-Quote,2009-8-20,0.204868
DIS,26403,QMLE-Quote,2009-8-21,0.258928
DIS,26403,QMLE-Quote,2009-8-24,0.199477
DIS,26403,QMLE-Quote,2009-8-25,0.233955
DIS,26403,QMLE-Quote,2009-8-26,0.237538
DIS,26403,QMLE-Quote,2009-8-27,0.23013
DIS,26403,QMLE-Quote,2009-8-28,0.204887
DIS,26403,QMLE-Quote,2009-8-31,0.375912
DIS,26403,QMLE-Quote,2009-9-1,0.300921
DIS,26403,QMLE-Quote,2009-9-2,0.224944
DIS,26403,QMLE-Quote,2009-9-3,0.203151
DIS,26403,QMLE-Quote,2009-9-4,0.221606
DIS,26403,QMLE-Quote,2009-9-8,0.204292
DIS,26403,QMLE-Quote,2009-9-9,0.215038
DIS,26403,QMLE-Quote,2009-9-10,0.238988
DIS,26403,QMLE-Quote,2009-9-11,0.16829
DIS,26403,QMLE-Quote,2009-9-14,0.214336
DIS,26403,QMLE-Quote,2009-9-15,0.191643
DIS,26403,QMLE-Quote,2009-9-16,0.156733
DIS,26403,QMLE-Quote,2009-9-17,0.199614
DIS,26403,QMLE-Quote,2009-9-18,0.156313
DIS,26403,QMLE-Quote,2009-9-21,0.196875
DIS,26403,QMLE-Quote,2009-9-22,0.174403
DIS,26403,QMLE-Quote,2009-9-23,0.209301
DIS,26403,QMLE-Quote,2009-9-24,0.278002
DIS,26403,QMLE-Quote,2009-9-25,0.226952
DIS,26403,QMLE-Quote,2009-9-28,0.193315
DIS,26403,QMLE-Quote,2009-9-29,0.166217
DIS,26403,QMLE-Quote,2009-9-30,0.233251
DIS,26403,QMLE-Quote,2009-10-1,0.277832
DIS,26403,QMLE-Quote,2009-10-2,0.240873
DIS,26403,QMLE-Quote,2009-10-5,0.243739
DIS,26403,QMLE-Quote,2009-10-6,0.228646
DIS,26403,QMLE-Quote,2009-10-7,0.219616
DIS,26403,QMLE-Quote,2009-10-8,0.223312
DIS,26403,QMLE-Quote,2009-10-9,0.159683
DIS,26403,QMLE-Quote,2009-10-12,0.211038
DIS,26403,QMLE-Quote,2009-10-13,0.180498
DIS,26403,QMLE-Quote,2009-10-14,0.146113
DIS,26403,QMLE-Quote,2009-10-15,0.180906
DIS,26403,QMLE-Quote,2009-10-16,0.20671
DIS,26403,QMLE-Quote,2009-10-19,0.177855
DIS,26403,QMLE-Quote,2009-10-20,0.21339
DIS,26403,QMLE-Quote,2009-10-21,0.252823
DIS,26403,QMLE-Quote,2009-10-22,0.264816
DIS,26403,QMLE-Quote,2009-10-23,0.320661
DIS,26403,QMLE-Quote,2009-10-26,0.300233
DIS,26403,QMLE-Quote,2009-10-27,0.276266
DIS,26403,QMLE-Quote,2009-10-28,0.260815
DIS,26403,QMLE-Quote,2009-10-29,0.250145
DIS,26403,QMLE-Quote,2009-10-30,0.363758
DIS,26403,QMLE-Quote,2009-11-2,0.37737
DIS,26403,QMLE-Quote,2009-11-3,0.316686
DIS,26403,QMLE-Quote,2009-11-4,0.329415
DIS,26403,QMLE-Quote,2009-11-5,0.220525
DIS,26403,QMLE-Quote,2009-11-6,0.257985
DIS,26403,QMLE-Quote,2009-11-9,0.205959
DIS,26403,QMLE-Quote,2009-11-10,0.143333
DIS,26403,QMLE-Quote,2009-11-11,0.194176
DIS,26403,QMLE-Quote,2009-11-12,0.222833
DIS,26403,QMLE-Quote,2009-11-13,0.315077
DIS,26403,QMLE-Quote,2009-11-16,0.201688
DIS,26403,QMLE-Quote,2009-11-17,0.184088
DIS,26403,QMLE-Quote,2009-11-18,0.190368
DIS,26403,QMLE-Quote,2009-11-19,0.217995
DIS,26403,QMLE-Quote,2009-11-20,0.162358
DIS,26403,QMLE-Quote,2009-11-23,0.150113
DIS,26403,QMLE-Quote,2009-11-24,0.222912
DIS,26403,QMLE-Quote,2009-11-25,0.154286
DIS,26403,QMLE-Quote,2009-11-27,0.258997
DIS,26403,QMLE-Quote,2009-11-30,0.212826
DIS,26403,QMLE-Quote,2009-12-1,0.208868
DIS,26403,QMLE-Quote,2009-12-2,0.160479
DIS,26403,QMLE-Quote,2009-12-3,0.181846
DIS,26403,QMLE-Quote,2009-12-4,0.242702
DIS,26403,QMLE-Quote,2009-12-7,0.184155
DIS,26403,QMLE-Quote,2009-12-8,0.19733
DIS,26403,QMLE-Quote,2009-12-9,0.192989
DIS,26403,QMLE-Quote,2009-12-10,0.149426
DIS,26403,QMLE-Quote,2009-12-11,0.145899
DIS,26403,QMLE-Quote,2009-12-14,0.110881
DIS,26403,QMLE-Quote,2009-12-15,0.158742
DIS,26403,QMLE-Quote,2009-12-16,0.163861
DIS,26403,QMLE-Quote,2009-12-17,0.188853
DIS,26403,QMLE-Quote,2009-12-18,0.213387
DIS,26403,QMLE-Quote,2009-12-21,0.143338
DIS,26403,QMLE-Quote,2009-12-22,0.120937
DIS,26403,QMLE-Quote,2009-12-23,0.174011
DIS,26403,QMLE-Quote,2009-12-24,0.173583
DIS,26403,QMLE-Quote,2009-12-28,0.133896
DIS,26403,QMLE-Quote,2009-12-29,0.116103
DIS,26403,QMLE-Quote,2009-12-30,0.133294
DIS,26403,QMLE-Quote,2009-12-31,0.149637
DIS,26403,QMLE-Quote,2010-1-4,0.223329
DIS,26403,QMLE-Quote,2010-1-5,0.178905
DIS,26403,QMLE-Quote,2010-1-6,0.119361
DIS,26403,QMLE-Quote,2010-1-7,0.124189
DIS,26403,QMLE-Quote,2010-1-8,0.174209
DIS,26403,QMLE-Quote,2010-1-11,0.242447
DIS,26403,QMLE-Quote,2010-1-12,0.185692
DIS,26403,QMLE-Quote,2010-1-13,0.174633
DIS,26403,QMLE-Quote,2010-1-14,0.09607
DIS,26403,QMLE-Quote,2010-1-15,0.214378
DIS,26403,QMLE-Quote,2010-1-19,0.151149
DIS,26403,QMLE-Quote,2010-1-20,0.183042
DIS,26403,QMLE-Quote,2010-1-21,0.243647
DIS,26403,QMLE-Quote,2010-1-22,0.272175
DIS,26403,QMLE-Quote,2010-1-25,0.221848
DIS,26403,QMLE-Quote,2010-1-26,0.265431
DIS,26403,QMLE-Quote,2010-1-27,0.304186
DIS,26403,QMLE-Quote,2010-1-28,0.239271
DIS,26403,QMLE-Quote,2010-1-29,0.246898
DIS,26403,QMLE-Quote,2010-2-1,0.189479
DIS,26403,QMLE-Quote,2010-2-2,0.206409
DIS,26403,QMLE-Quote,2010-2-3,0.23088
DIS,26403,QMLE-Quote,2010-2-4,0.248585
DIS,26403,QMLE-Quote,2010-2-5,0.356366
DIS,26403,QMLE-Quote,2010-2-8,0.222504
DIS,26403,QMLE-Quote,2010-2-9,0.282909
DIS,26403,QMLE-Quote,2010-2-10,0.263187
DIS,26403,QMLE-Quote,2010-2-11,0.209936
DIS,26403,QMLE-Quote,2010-2-12,0.14992
DIS,26403,QMLE-Quote,2010-2-16,0.135697
DIS,26403,QMLE-Quote,2010-2-17,0.174182
DIS,26403,QMLE-Quote,2010-2-18,0.136949
DIS,26403,QMLE-Quote,2010-2-19,0.206909
DIS,26403,QMLE-Quote,2010-2-22,0.158887
DIS,26403,QMLE-Quote,2010-2-23,0.14882
DIS,26403,QMLE-Quote,2010-2-24,0.197364
DIS,26403,QMLE-Quote,2010-2-25,0.202844
DIS,26403,QMLE-Quote,2010-2-26,0.159705
DIS,26403,QMLE-Quote,2010-3-1,0.10893
DIS,26403,QMLE-Quote,2010-3-2,0.141498
DIS,26403,QMLE-Quote,2010-3-3,0.133898
DIS,26403,QMLE-Quote,2010-3-4,0.222851
DIS,26403,QMLE-Quote,2010-3-5,0.143333
DIS,26403,QMLE-Quote,2010-3-8,0.16883
DIS,26403,QMLE-Quote,2010-3-9,0.135515
DIS,26403,QMLE-Quote,2010-3-10,0.17351
DIS,26403,QMLE-Quote,2010-3-11,0.132648
DIS,26403,QMLE-Quote,2010-3-12,0.0909226
DIS,26403,QMLE-Quote,2010-3-15,0.14503
DIS,26403,QMLE-Quote,2010-3-16,0.142461
DIS,26403,QMLE-Quote,2010-3-17,0.106363
DIS,26403,QMLE-Quote,2010-3-18,0.118218
DIS,26403,QMLE-Quote,2010-3-19,0.140337
DIS,26403,QMLE-Quote,2010-3-22,0.160898
DIS,26403,QMLE-Quote,2010-3-23,0.127257
DIS,26403,QMLE-Quote,2010-3-24,0.162571
DIS,26403,QMLE-Quote,2010-3-25,0.2028
DIS,26403,QMLE-Quote,2010-3-26,0.210744
DIS,26403,QMLE-Quote,2010-3-29,0.115639
DIS,26403,QMLE-Quote,2010-3-30,0.110473
DIS,26403,QMLE-Quote,2010-3-31,0.140443
DIS,26403,QMLE-Quote,2010-4-1,0.126463
DIS,26403,QMLE-Quote,2010-4-5,0.164171
DIS,26403,QMLE-Quote,2010-4-6,0.13851
DIS,26403,QMLE-Quote,2010-4-7,0.155832
DIS,26403,QMLE-Quote,2010-4-8,0.128738
DIS,26403,QMLE-Quote,2010-4-9,0.195978
DIS,26403,QMLE-Quote,2010-4-12,0.126663
DIS,26403,QMLE-Quote,2010-4-13,0.117735
DIS,26403,QMLE-Quote,2010-4-14,0.127337
DIS,26403,QMLE-Quote,2010-4-15,0.148724
DIS,26403,QMLE-Quote,2010-4-16,0.173047
DIS,26403,QMLE-Quote,2010-4-19,0.181205
DIS,26403,QMLE-Quote,2010-4-20,0.13068
DIS,26403,QMLE-Quote,2010-4-21,0.156365
DIS,26403,QMLE-Quote,2010-4-22,0.188807
DIS,26403,QMLE-Quote,2010-4-23,0.153479
DIS,26403,QMLE-Quote,2010-4-26,0.130392
DIS,26403,QMLE-Quote,2010-4-27,0.197416
DIS,26403,QMLE-Quote,2010-4-28,0.212286
DIS,26403,QMLE-Quote,2010-4-29,0.147274
DIS,26403,QMLE-Quote,2010-4-30,0.206213
DIS,26403,QMLE-Quote,2010-5-3,0.171558
DIS,26403,QMLE-Quote,2010-5-4,0.252686
DIS,26403,QMLE-Quote,2010-5-5,0.25185
DIS,26403,QMLE-Quote,2010-5-6,1.08345
DIS,26403,QMLE-Quote,2010-5-7,0.561609
DIS,26403,QMLE-Quote,2010-5-10,0.319349
DIS,26403,QMLE-Quote,2010-5-11,0.275772
DIS,26403,QMLE-Quote,2010-5-12,0.361337
DIS,26403,QMLE-Quote,2010-5-13,0.258387
DIS,26403,QMLE-Quote,2010-5-14,0.322084
DIS,26403,QMLE-Quote,2010-5-17,0.271265
DIS,26403,QMLE-Quote,2010-5-18,0.302697
DIS,26403,QMLE-Quote,2010-5-19,0.31927
DIS,26403,QMLE-Quote,2010-5-20,0.413587
DIS,26403,QMLE-Quote,2010-5-21,0.401058
DIS,26403,QMLE-Quote,2010-5-24,0.314103
DIS,26403,QMLE-Quote,2010-5-25,0.346898
DIS,26403,QMLE-Quote,2010-5-26,0.35737
DIS,26403,QMLE-Quote,2010-5-27,0.244474
DIS,26403,QMLE-Quote,2010-5-28,0.311151
DIS,26403,QMLE-Quote,2010-6-1,0.240252
DIS,26403,QMLE-Quote,2010-6-2,0.239948
DIS,26403,QMLE-Quote,2010-6-3,0.241805
DIS,26403,QMLE-Quote,2010-6-4,0.25036
DIS,26403,QMLE-Quote,2010-6-7,0.207316
DIS,26403,QMLE-Quote,2010-6-8,0.305434
DIS,26403,QMLE-Quote,2010-6-9,0.248864
DIS,26403,QMLE-Quote,2010-6-10,0.236743
DIS,26403,QMLE-Quote,2010-6-11,0.228782
DIS,26403,QMLE-Quote,2010-6-14,0.232789
DIS,26403,QMLE-Quote,2010-6-15,0.185451
DIS,26403,QMLE-Quote,2010-6-16,0.170613
DIS,26403,QMLE-Quote,2010-6-17,0.227149
DIS,26403,QMLE-Quote,2010-6-18,0.210598
DIS,26403,QMLE-Quote,2010-6-21,0.211155
DIS,26403,QMLE-Quote,2010-6-22,0.218508
DIS,26403,QMLE-Quote,2010-6-23,0.263997
DIS,26403,QMLE-Quote,2010-6-24,0.26423
DIS,26403,QMLE-Quote,2010-6-25,0.255752
DIS,26403,QMLE-Quote,2010-6-28,0.197274
DIS,26403,QMLE-Quote,2010-6-29,0.35433
DIS,26403,QMLE-Quote,2010-6-30,0.28045
DIS,26403,QMLE-Quote,2010-7-1,0.351676
DIS,26403,QMLE-Quote,2010-7-2,0.316441
DIS,26403,QMLE-Quote,2010-7-6,0.275589
DIS,26403,QMLE-Quote,2010-7-7,0.221763
DIS,26403,QMLE-Quote,2010-7-8,0.241478
DIS,26403,QMLE-Quote,2010-7-9,0.190279
DIS,26403,QMLE-Quote,2010-7-12,0.177657
DIS,26403,QMLE-Quote,2010-7-13,0.213518
DIS,26403,QMLE-Quote,2010-7-14,0.205469
DIS,26403,QMLE-Quote,2010-7-15,0.239367
DIS,26403,QMLE-Quote,2010-7-16,0.259493
DIS,26403,QMLE-Quote,2010-7-19,0.26023
DIS,26403,QMLE-Quote,2010-7-20,0.245571
DIS,26403,QMLE-Quote,2010-7-21,0.283912
DIS,26403,QMLE-Quote,2010-7-22,0.214889
DIS,26403,QMLE-Quote,2010-7-23,0.231204
DIS,26403,QMLE-Quote,2010-7-26,0.15883
DIS,26403,QMLE-Quote,2010-7-27,0.20616
DIS,26403,QMLE-Quote,2010-7-28,0.191622
DIS,26403,QMLE-Quote,2010-7-29,0.252257
DIS,26403,QMLE-Quote,2010-7-30,0.303648
DIS,26403,QMLE-Quote,2010-8-2,0.197848
DIS,26403,QMLE-Quote,2010-8-3,0.243865
DIS,26403,QMLE-Quote,2010-8-4,0.206481
DIS,26403,QMLE-Quote,2010-8-5,0.191181
DIS,26403,QMLE-Quote,2010-8-6,0.235716
DIS,26403,QMLE-Quote,2010-8-9,0.115727
DIS,26403,QMLE-Quote,2010-8-10,0.236733
DIS,26403,QMLE-Quote,2010-8-11,0.294805
DIS,26403,QMLE-Quote,2010-8-12,0.207747
DIS,26403,QMLE-Quote,2010-8-13,0.14634
DIS,26403,QMLE-Quote,2010-8-16,0.202409
DIS,26403,QMLE-Quote,2010-8-17,0.160268
DIS,26403,QMLE-Quote,2010-8-18,0.186739
DIS,26403,QMLE-Quote,2010-8-19,0.241178
DIS,26403,QMLE-Quote,2010-8-20,0.206762
DIS,26403,QMLE-Quote,2010-8-23,0.196467
DIS,26403,QMLE-Quote,2010-8-24,0.261425
DIS,26403,QMLE-Quote,2010-8-25,0.264605
DIS,26403,QMLE-Quote,2010-8-26,0.245792
DIS,26403,QMLE-Quote,2010-8-27,0.291341
DIS,26403,QMLE-Quote,2010-8-30,0.201606
DIS,26403,QMLE-Quote,2010-8-31,0.246428
DIS,26403,QMLE-Quote,2010-9-1,0.218625
DIS,26403,QMLE-Quote,2010-9-2,0.19298
DIS,26403,QMLE-Quote,2010-9-3,0.235619
DIS,26403,QMLE-Quote,2010-9-7,0.21156
DIS,26403,QMLE-Quote,2010-9-8,0.182993
DIS,26403,QMLE-Quote,2010-9-9,0.177438
DIS,26403,QMLE-Quote,2010-9-10,0.162071
DIS,26403,QMLE-Quote,2010-9-13,0.191721
DIS,26403,QMLE-Quote,2010-9-14,0.186398
DIS,26403,QMLE-Quote,2010-9-15,0.175845
DIS,26403,QMLE-Quote,2010-9-16,0.165634
DIS,26403,QMLE-Quote,2010-9-17,0.191385
DIS,26403,QMLE-Quote,2010-9-20,0.123348
DIS,26403,QMLE-Quote,2010-9-21,0.223919
DIS,26403,QMLE-Quote,2010-9-22,0.210808
DIS,26403,QMLE-Quote,2010-9-23,0.183604
DIS,26403,QMLE-Quote,2010-9-24,0.215655
DIS,26403,QMLE-Quote,2010-9-27,0.141558
DIS,26403,QMLE-Quote,2010-9-28,0.18548
DIS,26403,QMLE-Quote,2010-9-29,0.180948
DIS,26403,QMLE-Quote,2010-9-30,0.265348
DIS,26403,QMLE-Quote,2010-10-1,0.229859
DIS,26403,QMLE-Quote,2010-10-4,0.196725
DIS,26403,QMLE-Quote,2010-10-5,0.150139
DIS,26403,QMLE-Quote,2010-10-6,0.160084
DIS,26403,QMLE-Quote,2010-10-7,0.15785
DIS,26403,QMLE-Quote,2010-10-8,0.191223
DIS,26403,QMLE-Quote,2010-10-11,0.136296
DIS,26403,QMLE-Quote,2010-10-12,0.192119
DIS,26403,QMLE-Quote,2010-10-13,0.142742
DIS,26403,QMLE-Quote,2010-10-14,0.178055
DIS,26403,QMLE-Quote,2010-10-15,0.206337
DIS,26403,QMLE-Quote,2010-10-18,0.148861
DIS,26403,QMLE-Quote,2010-10-19,0.203011
DIS,26403,QMLE-Quote,2010-10-20,0.166428
DIS,26403,QMLE-Quote,2010-10-21,0.185405
DIS,26403,QMLE-Quote,2010-10-22,0.187767
DIS,26403,QMLE-Quote,2010-10-25,0.154551
DIS,26403,QMLE-Quote,2010-10-26,0.157073
DIS,26403,QMLE-Quote,2010-10-27,0.183902
DIS,26403,QMLE-Quote,2010-10-28,0.147966
DIS,26403,QMLE-Quote,2010-10-29,0.184027
DIS,26403,QMLE-Quote,2010-11-1,0.172189
DIS,26403,QMLE-Quote,2010-11-2,0.104879
DIS,26403,QMLE-Quote,2010-11-3,0.232179
DIS,26403,QMLE-Quote,2010-11-4,0.126301
DIS,26403,QMLE-Quote,2010-11-5,0.165484
DIS,26403,QMLE-Quote,2010-11-8,0.0864399
DIS,26403,QMLE-Quote,2010-11-9,0.149279
DIS,26403,QMLE-Quote,2010-11-10,0.172908
DIS,26403,QMLE-Quote,2010-11-11,0.514864
DIS,26403,QMLE-Quote,2010-11-12,0.327319
DIS,26403,QMLE-Quote,2010-11-15,0.172262
DIS,26403,QMLE-Quote,2010-11-16,0.214265
DIS,26403,QMLE-Quote,2010-11-17,0.122606
DIS,26403,QMLE-Quote,2010-11-18,0.160714
DIS,26403,QMLE-Quote,2010-11-19,0.195584
DIS,26403,QMLE-Quote,2010-11-22,0.182476
DIS,26403,QMLE-Quote,2010-11-23,0.150198
DIS,26403,QMLE-Quote,2010-11-24,0.140143
DIS,26403,QMLE-Quote,2010-11-26,0.220233
DIS,26403,QMLE-Quote,2010-11-29,0.186632
DIS,26403,QMLE-Quote,2010-11-30,0.210397
DIS,26403,QMLE-Quote,2010-12-1,0.149088
DIS,26403,QMLE-Quote,2010-12-2,0.153323
DIS,26403,QMLE-Quote,2010-12-3,0.193773
DIS,26403,QMLE-Quote,2010-12-6,0.147847
DIS,26403,QMLE-Quote,2010-12-7,0.173317
DIS,26403,QMLE-Quote,2010-12-8,0.1475
DIS,26403,QMLE-Quote,2010-12-9,0.14173
DIS,26403,QMLE-Quote,2010-12-10,0.109214
DIS,26403,QMLE-Quote,2010-12-13,0.167753
DIS,26403,QMLE-Quote,2010-12-14,0.0843002
DIS,26403,QMLE-Quote,2010-12-15,0.164111
DIS,26403,QMLE-Quote,2010-12-16,0.103149
DIS,26403,QMLE-Quote,2010-12-17,0.16251
DIS,26403,QMLE-Quote,2010-12-20,0.144706
DIS,26403,QMLE-Quote,2010-12-21,0.0809399
DIS,26403,QMLE-Quote,2010-12-22,0.112314
DIS,26403,QMLE-Quote,2010-12-23,0.115741
DIS,26403,QMLE-Quote,2010-12-27,0.150376
DIS,26403,QMLE-Quote,2010-12-28,0.117727
DIS,26403,QMLE-Quote,2010-12-29,0.151288
DIS,26403,QMLE-Quote,2010-12-30,0.10369
DIS,26403,QMLE-Quote,2010-12-31,0.129829
DIS,26403,QMLE-Quote,2011-1-3,0.112303
DIS,26403,QMLE-Quote,2011-1-4,0.191334
DIS,26403,QMLE-Quote,2011-1-5,0.195432
DIS,26403,QMLE-Quote,2011-1-6,0.186906
DIS,26403,QMLE-Quote,2011-1-7,0.169289
DIS,26403,QMLE-Quote,2011-1-10,0.139459
DIS,26403,QMLE-Quote,2011-1-11,0.147062
DIS,26403,QMLE-Quote,2011-1-12,0.151841
DIS,26403,QMLE-Quote,2011-1-13,0.147302
DIS,26403,QMLE-Quote,2011-1-14,0.118405
DIS,26403,QMLE-Quote,2011-1-18,0.119022
DIS,26403,QMLE-Quote,2011-1-19,0.157772
DIS,26403,QMLE-Quote,2011-1-20,0.216552
DIS,26403,QMLE-Quote,2011-1-21,0.118493
DIS,26403,QMLE-Quote,2011-1-24,0.101464
DIS,26403,QMLE-Quote,2011-1-25,0.132555
DIS,26403,QMLE-Quote,2011-1-26,0.116408
DIS,26403,QMLE-Quote,2011-1-27,0.169071
DIS,26403,QMLE-Quote,2011-1-28,0.245624
DIS,26403,QMLE-Quote,2011-1-31,0.170851
DIS,26403,QMLE-Quote,2011-2-1,0.166085
DIS,26403,QMLE-Quote,2011-2-2,0.176329
DIS,26403,QMLE-Quote,2011-2-3,0.165775
DIS,26403,QMLE-Quote,2011-2-4,0.130453
DIS,26403,QMLE-Quote,2011-2-7,0.133757
DIS,26403,QMLE-Quote,2011-2-8,0.119491
DIS,26403,QMLE-Quote,2011-2-9,0.251817
DIS,26403,QMLE-Quote,2011-2-10,0.213686
DIS,26403,QMLE-Quote,2011-2-11,0.156739
DIS,26403,QMLE-Quote,2011-2-14,0.157885
DIS,26403,QMLE-Quote,2011-2-15,0.177997
DIS,26403,QMLE-Quote,2011-2-16,0.145669
DIS,26403,QMLE-Quote,2011-2-17,0.130615
DIS,26403,QMLE-Quote,2011-2-18,0.113474
DIS,26403,QMLE-Quote,2011-2-22,0.201389
DIS,26403,QMLE-Quote,2011-2-23,0.247807
DIS,26403,QMLE-Quote,2011-2-24,0.216828
DIS,26403,QMLE-Quote,2011-2-25,0.18286
DIS,26403,QMLE-Quote,2011-2-28,0.148006
DIS,26403,QMLE-Quote,2011-3-1,0.214707
DIS,26403,QMLE-Quote,2011-3-2,0.208116
DIS,26403,QMLE-Quote,2011-3-3,0.181084
DIS,26403,QMLE-Quote,2011-3-4,0.194083
DIS,26403,QMLE-Quote,2011-3-7,0.226866
DIS,26403,QMLE-Quote,2011-3-8,0.187793
DIS,26403,QMLE-Quote,2011-3-9,0.191121
DIS,26403,QMLE-Quote,2011-3-10,0.220646
DIS,26403,QMLE-Quote,2011-3-11,0.209144
DIS,26403,QMLE-Quote,2011-3-14,0.205823
DIS,26403,QMLE-Quote,2011-3-15,0.260644
DIS,26403,QMLE-Quote,2011-3-16,0.293076
DIS,26403,QMLE-Quote,2011-3-17,0.216039
DIS,26403,QMLE-Quote,2011-3-18,0.19767
DIS,26403,QMLE-Quote,2011-3-21,0.207202
DIS,26403,QMLE-Quote,2011-3-22,0.150576
DIS,26403,QMLE-Quote,2011-3-23,0.214491
DIS,26403,QMLE-Quote,2011-3-24,0.145228
DIS,26403,QMLE-Quote,2011-3-25,0.122561
DIS,26403,QMLE-Quote,2011-3-28,0.146494
DIS,26403,QMLE-Quote,2011-3-29,0.132142
DIS,26403,QMLE-Quote,2011-3-30,0.129837
DIS,26403,QMLE-Quote,2011-3-31,0.181255
DIS,26403,QMLE-Quote,2011-4-1,0.137159
DIS,26403,QMLE-Quote,2011-4-4,0.101393
DIS,26403,QMLE-Quote,2011-4-5,0.164602
DIS,26403,QMLE-Quote,2011-4-6,0.127101
DIS,26403,QMLE-Quote,2011-4-7,0.194679
DIS,26403,QMLE-Quote,2011-4-8,0.181791
DIS,26403,QMLE-Quote,2011-4-11,0.157411
DIS,26403,QMLE-Quote,2011-4-12,0.136468
DIS,26403,QMLE-Quote,2011-4-13,0.134032
DIS,26403,QMLE-Quote,2011-4-14,0.153276
DIS,26403,QMLE-Quote,2011-4-15,0.143094
DIS,26403,QMLE-Quote,2011-4-18,0.17545
DIS,26403,QMLE-Quote,2011-4-19,0.146591
DIS,26403,QMLE-Quote,2011-4-20,0.155896
DIS,26403,QMLE-Quote,2011-4-21,0.127134
DIS,26403,QMLE-Quote,2011-4-25,0.130315
DIS,26403,QMLE-Quote,2011-4-26,0.15169
DIS,26403,QMLE-Quote,2011-4-27,0.120547
DIS,26403,QMLE-Quote,2011-4-28,0.133749
DIS,26403,QMLE-Quote,2011-4-29,0.129946
DIS,26403,QMLE-Quote,2011-5-2,0.151975
DIS,26403,QMLE-Quote,2011-5-3,0.172384
DIS,26403,QMLE-Quote,2011-5-4,0.189165
DIS,26403,QMLE-Quote,2011-5-5,0.219313
DIS,26403,QMLE-Quote,2011-5-6,0.214463
DIS,26403,QMLE-Quote,2011-5-9,0.134085
DIS,26403,QMLE-Quote,2011-5-10,0.147191
DIS,26403,QMLE-Quote,2011-5-11,0.345214
DIS,26403,QMLE-Quote,2011-5-12,0.203728
DIS,26403,QMLE-Quote,2011-5-13,0.191895
DIS,26403,QMLE-Quote,2011-5-16,0.153961
DIS,26403,QMLE-Quote,2011-5-17,0.207266
DIS,26403,QMLE-Quote,2011-5-18,0.145121
DIS,26403,QMLE-Quote,2011-5-19,0.15919
DIS,26403,QMLE-Quote,2011-5-20,0.14455
DIS,26403,QMLE-Quote,2011-5-23,0.14483
DIS,26403,QMLE-Quote,2011-5-24,0.120728
DIS,26403,QMLE-Quote,2011-5-25,0.1087
DIS,26403,QMLE-Quote,2011-5-26,0.177399
DIS,26403,QMLE-Quote,2011-5-27,0.136219
DIS,26403,QMLE-Quote,2011-5-31,0.121796
DIS,26403,QMLE-Quote,2011-6-1,0.158468
DIS,26403,QMLE-Quote,2011-6-2,0.207231
DIS,26403,QMLE-Quote,2011-6-3,0.188161
DIS,26403,QMLE-Quote,2011-6-6,0.122974
DIS,26403,QMLE-Quote,2011-6-7,0.149474
DIS,26403,QMLE-Quote,2011-6-8,0.168378
DIS,26403,QMLE-Quote,2011-6-9,0.16174
DIS,26403,QMLE-Quote,2011-6-10,0.225042
DIS,26403,QMLE-Quote,2011-6-13,0.13764
DIS,26403,QMLE-Quote,2011-6-14,0.119362
DIS,26403,QMLE-Quote,2011-6-15,0.188789
DIS,26403,QMLE-Quote,2011-6-16,0.181925
DIS,26403,QMLE-Quote,2011-6-17,0.161661
DIS,26403,QMLE-Quote,2011-6-20,0.13825
DIS,26403,QMLE-Quote,2011-6-21,0.138676
DIS,26403,QMLE-Quote,2011-6-22,0.105927
DIS,26403,QMLE-Quote,2011-6-23,0.260382
DIS,26403,QMLE-Quote,2011-6-24,0.193747
DIS,26403,QMLE-Quote,2011-6-27,0.173463
DIS,26403,QMLE-Quote,2011-6-28,0.141487
DIS,26403,QMLE-Quote,2011-6-29,0.168212
DIS,26403,QMLE-Quote,2011-6-30,0.151222
DIS,26403,QMLE-Quote,2011-7-1,0.135109
DIS,26403,QMLE-Quote,2011-7-5,0.14292
DIS,26403,QMLE-Quote,2011-7-6,0.155707
DIS,26403,QMLE-Quote,2011-7-7,0.114928
DIS,26403,QMLE-Quote,2011-7-8,0.18764
DIS,26403,QMLE-Quote,2011-7-11,0.156679
DIS,26403,QMLE-Quote,2011-7-12,0.169195
DIS,26403,QMLE-Quote,2011-7-13,0.160467
DIS,26403,QMLE-Quote,2011-7-14,0.181283
DIS,26403,QMLE-Quote,2011-7-15,0.164852
DIS,26403,QMLE-Quote,2011-7-18,0.159643
DIS,26403,QMLE-Quote,2011-7-19,0.146089
DIS,26403,QMLE-Quote,2011-7-20,0.15144
DIS,26403,QMLE-Quote,2011-7-21,0.195927
DIS,26403,QMLE-Quote,2011-7-22,0.131621
DIS,26403,QMLE-Quote,2011-7-25,0.153892
DIS,26403,QMLE-Quote,2011-7-26,0.142101
DIS,26403,QMLE-Quote,2011-7-27,0.189752
DIS,26403,QMLE-Quote,2011-7-28,0.155333
DIS,26403,QMLE-Quote,2011-7-29,0.220685
DIS,26403,QMLE-Quote,2011-8-1,0.2701
DIS,26403,QMLE-Quote,2011-8-2,0.222596
DIS,26403,QMLE-Quote,2011-8-3,0.286255
DIS,26403,QMLE-Quote,2011-8-4,0.360837
DIS,26403,QMLE-Quote,2011-8-5,0.51095
DIS,26403,QMLE-Quote,2011-8-8,0.543441
DIS,26403,QMLE-Quote,2011-8-9,0.669466
DIS,26403,QMLE-Quote,2011-8-10,0.825871
DIS,26403,QMLE-Quote,2011-8-11,0.372489
DIS,26403,QMLE-Quote,2011-8-12,0.338158
DIS,26403,QMLE-Quote,2011-8-15,0.214306
DIS,26403,QMLE-Quote,2011-8-16,0.316186
DIS,26403,QMLE-Quote,2011-8-17,0.231743
DIS,26403,QMLE-Quote,2011-8-18,0.345645
DIS,26403,QMLE-Quote,2011-8-19,0.327126
DIS,26403,QMLE-Quote,2011-8-22,0.325036
DIS,26403,QMLE-Quote,2011-8-23,0.315771
DIS,26403,QMLE-Quote,2011-8-24,0.284744
DIS,26403,QMLE-Quote,2011-8-25,0.355718
DIS,26403,QMLE-Quote,2011-8-26,0.367825
DIS,26403,QMLE-Quote,2011-8-29,0.158152
DIS,26403,QMLE-Quote,2011-8-30,0.264647
DIS,26403,QMLE-Quote,2011-8-31,0.264877
DIS,26403,QMLE-Quote,2011-9-1,0.288189
DIS,26403,QMLE-Quote,2011-9-2,0.224881
DIS,26403,QMLE-Quote,2011-9-6,0.281297
DIS,26403,QMLE-Quote,2011-9-7,0.183165
DIS,26403,QMLE-Quote,2011-9-8,0.259274
DIS,26403,QMLE-Quote,2011-9-9,0.29376
DIS,26403,QMLE-Quote,2011-9-12,0.285627
DIS,26403,QMLE-Quote,2011-9-13,0.26017
DIS,26403,QMLE-Quote,2011-9-14,0.336269
DIS,26403,QMLE-Quote,2011-9-15,0.237915
DIS,26403,QMLE-Quote,2011-9-16,0.220135
DIS,26403,QMLE-Quote,2011-9-19,0.225116
DIS,26403,QMLE-Quote,2011-9-20,0.208488
DIS,26403,QMLE-Quote,2011-9-21,0.322424
DIS,26403,QMLE-Quote,2011-9-22,0.426399
DIS,26403,QMLE-Quote,2011-9-23,0.337722
DIS,26403,QMLE-Quote,2011-9-26,0.305922
DIS,26403,QMLE-Quote,2011-9-27,0.222786
DIS,26403,QMLE-Quote,2011-9-28,0.253492
DIS,26403,QMLE-Quote,2011-9-29,0.304595
DIS,26403,QMLE-Quote,2011-9-30,0.322918
DIS,26403,QMLE-Quote,2011-10-3,0.384118
DIS,26403,QMLE-Quote,2011-10-4,0.470645
DIS,26403,QMLE-Quote,2011-10-5,0.360571
DIS,26403,QMLE-Quote,2011-10-6,0.300169
DIS,26403,QMLE-Quote,2011-10-7,0.288296
DIS,26403,QMLE-Quote,2011-10-10,0.183918
DIS,26403,QMLE-Quote,2011-10-11,0.276161
DIS,26403,QMLE-Quote,2011-10-12,0.291463
DIS,26403,QMLE-Quote,2011-10-13,0.228556
DIS,26403,QMLE-Quote,2011-10-14,0.229994
DIS,26403,QMLE-Quote,2011-10-17,0.220865
DIS,26403,QMLE-Quote,2011-10-18,0.270306
DIS,26403,QMLE-Quote,2011-10-19,0.245184
DIS,26403,QMLE-Quote,2011-10-20,0.272299
DIS,26403,QMLE-Quote,2011-10-21,0.260241
DIS,26403,QMLE-Quote,2011-10-24,0.188022
DIS,26403,QMLE-Quote,2011-10-25,0.29077
DIS,26403,QMLE-Quote,2011-10-26,0.278919
DIS,26403,QMLE-Quote,2011-10-27,0.213925
DIS,26403,QMLE-Quote,2011-10-28,0.21964
DIS,26403,QMLE-Quote,2011-10-31,0.216144
DIS,26403,QMLE-Quote,2011-11-1,0.367785
DIS,26403,QMLE-Quote,2011-11-2,0.248531
DIS,26403,QMLE-Quote,2011-11-3,0.22465
DIS,26403,QMLE-Quote,2011-11-4,0.225444
DIS,26403,QMLE-Quote,2011-11-7,0.21125
DIS,26403,QMLE-Quote,2011-11-8,0.235658
DIS,26403,QMLE-Quote,2011-11-9,0.304094
DIS,26403,QMLE-Quote,2011-11-10,0.306604
DIS,26403,QMLE-Quote,2011-11-11,0.383316
DIS,26403,QMLE-Quote,2011-11-14,0.181671
DIS,26403,QMLE-Quote,2011-11-15,0.236739
DIS,26403,QMLE-Quote,2011-11-16,0.221291
DIS,26403,QMLE-Quote,2011-11-17,0.308892
DIS,26403,QMLE-Quote,2011-11-18,0.232843
DIS,26403,QMLE-Quote,2011-11-21,0.269967
DIS,26403,QMLE-Quote,2011-11-22,0.290181
DIS,26403,QMLE-Quote,2011-11-23,0.240503
DIS,26403,QMLE-Quote,2011-11-25,0.317419
DIS,26403,QMLE-Quote,2011-11-28,0.224184
DIS,26403,QMLE-Quote,2011-11-29,0.207808
DIS,26403,QMLE-Quote,2011-11-30,0.264332
DIS,26403,QMLE-Quote,2011-12-1,0.237844
DIS,26403,QMLE-Quote,2011-12-2,0.220157
DIS,26403,QMLE-Quote,2011-12-5,0.219636
DIS,26403,QMLE-Quote,2011-12-6,0.199053
DIS,26403,QMLE-Quote,2011-12-7,0.191318
DIS,26403,QMLE-Quote,2011-12-8,0.235211
DIS,26403,QMLE-Quote,2011-12-9,0.215522
DIS,26403,QMLE-Quote,2011-12-12,0.196474
DIS,26403,QMLE-Quote,2011-12-13,0.248576
DIS,26403,QMLE-Quote,2011-12-14,0.264615
DIS,26403,QMLE-Quote,2011-12-15,0.25222
DIS,26403,QMLE-Quote,2011-12-16,0.207699
DIS,26403,QMLE-Quote,2011-12-19,0.216522
DIS,26403,QMLE-Quote,2011-12-20,0.19006
DIS,26403,QMLE-Quote,2011-12-21,0.235508
DIS,26403,QMLE-Quote,2011-12-22,0.143614
DIS,26403,QMLE-Quote,2011-12-23,0.140603
DIS,26403,QMLE-Quote,2011-12-27,0.163418
DIS,26403,QMLE-Quote,2011-12-28,0.143873
DIS,26403,QMLE-Quote,2011-12-29,0.16134
DIS,26403,QMLE-Quote,2011-12-30,0.159503
DIS,26403,QMLE-Quote,2012-1-3,0.148705
DIS,26403,QMLE-Quote,2012-1-4,0.189565
DIS,26403,QMLE-Quote,2012-1-5,0.197725
DIS,26403,QMLE-Quote,2012-1-6,0.196595
DIS,26403,QMLE-Quote,2012-1-9,0.157603
DIS,26403,QMLE-Quote,2012-1-10,0.181337
DIS,26403,QMLE-Quote,2012-1-11,0.163573
DIS,26403,QMLE-Quote,2012-1-12,0.150139
DIS,26403,QMLE-Quote,2012-1-13,0.188402
DIS,26403,QMLE-Quote,2012-1-17,0.1915
DIS,26403,QMLE-Quote,2012-1-18,0.174571
DIS,26403,QMLE-Quote,2012-1-19,0.155753
DIS,26403,QMLE-Quote,2012-1-20,0.155104
DIS,26403,QMLE-Quote,2012-1-23,0.130795
DIS,26403,QMLE-Quote,2012-1-24,0.165386
DIS,26403,QMLE-Quote,2012-1-25,0.145195
DIS,26403,QMLE-Quote,2012-1-26,0.159598
DIS,26403,QMLE-Quote,2012-1-27,0.171597
DIS,26403,QMLE-Quote,2012-1-30,0.177042
DIS,26403,QMLE-Quote,2012-1-31,0.182682
DIS,26403,QMLE-Quote,2012-2-1,0.162835
DIS,26403,QMLE-Quote,2012-2-2,0.188273
DIS,26403,QMLE-Quote,2012-2-3,0.148609
DIS,26403,QMLE-Quote,2012-2-6,0.160418
DIS,26403,QMLE-Quote,2012-2-7,0.180364
DIS,26403,QMLE-Quote,2012-2-8,0.328485
DIS,26403,QMLE-Quote,2012-2-9,0.173889
DIS,26403,QMLE-Quote,2012-2-10,0.137264
DIS,26403,QMLE-Quote,2012-2-13,0.11368
DIS,26403,QMLE-Quote,2012-2-14,0.128091
DIS,26403,QMLE-Quote,2012-2-15,0.151387
DIS,26403,QMLE-Quote,2012-2-16,0.179733
DIS,26403,QMLE-Quote,2012-2-17,0.0898901
DIS,26403,QMLE-Quote,2012-2-21,0.122267
DIS,26403,QMLE-Quote,2012-2-22,0.139195
DIS,26403,QMLE-Quote,2012-2-23,0.130904
DIS,26403,QMLE-Quote,2012-2-24,0.0978721
DIS,26403,QMLE-Quote,2012-2-27,0.176722
DIS,26403,QMLE-Quote,2012-2-28,0.128546
DIS,26403,QMLE-Quote,2012-2-29,0.145029
DIS,26403,QMLE-Quote,2012-3-1,0.137434
DIS,26403,QMLE-Quote,2012-3-2,0.131329
DIS,26403,QMLE-Quote,2012-3-5,0.130888
DIS,26403,QMLE-Quote,2012-3-6,0.148988
DIS,26403,QMLE-Quote,2012-3-7,0.129385
DIS,26403,QMLE-Quote,2012-3-8,0.115249
DIS,26403,QMLE-Quote,2012-3-9,0.127486
DIS,26403,QMLE-Quote,2012-3-12,0.128181
DIS,26403,QMLE-Quote,2012-3-13,0.158682
DIS,26403,QMLE-Quote,2012-3-14,0.184711
DIS,26403,QMLE-Quote,2012-3-15,0.0885334
DIS,26403,QMLE-Quote,2012-3-16,0.111663
DIS,26403,QMLE-Quote,2012-3-19,0.128297
DIS,26403,QMLE-Quote,2012-3-20,0.120023
DIS,26403,QMLE-Quote,2012-3-21,0.14199
DIS,26403,QMLE-Quote,2012-3-22,0.127973
DIS,26403,QMLE-Quote,2012-3-23,0.124422
DIS,26403,QMLE-Quote,2012-3-26,0.104946
DIS,26403,QMLE-Quote,2012-3-27,0.114738
DIS,26403,QMLE-Quote,2012-3-28,0.159139
DIS,26403,QMLE-Quote,2012-3-29,0.199532
DIS,26403,QMLE-Quote,2012-3-30,0.151455
DIS,26403,QMLE-Quote,2012-4-2,0.151615
DIS,26403,QMLE-Quote,2012-4-3,0.146598
DIS,26403,QMLE-Quote,2012-4-4,0.143745
DIS,26403,QMLE-Quote,2012-4-5,0.106563
DIS,26403,QMLE-Quote,2012-4-9,0.103248
DIS,26403,QMLE-Quote,2012-4-10,0.208903
DIS,26403,QMLE-Quote,2012-4-11,0.126074
DIS,26403,QMLE-Quote,2012-4-12,0.139932
DIS,26403,QMLE-Quote,2012-4-13,0.147614
DIS,26403,QMLE-Quote,2012-4-16,0.171753
DIS,26403,QMLE-Quote,2012-4-17,0.124356
DIS,26403,QMLE-Quote,2012-4-18,0.142408
DIS,26403,QMLE-Quote,2012-4-19,0.179473
DIS,26403,QMLE-Quote,2012-4-20,0.144371
DIS,26403,QMLE-Quote,2012-4-23,0.144549
DIS,26403,QMLE-Quote,2012-4-24,0.132108
DIS,26403,QMLE-Quote,2012-4-25,0.150689
DIS,26403,QMLE-Quote,2012-4-26,0.142872
DIS,26403,QMLE-Quote,2012-4-27,0.163326
DIS,26403,QMLE-Quote,2012-4-30,0.127673
DIS,26403,QMLE-Quote,2012-5-1,0.135511
DIS,26403,QMLE-Quote,2012-5-2,0.143625
DIS,26403,QMLE-Quote,2012-5-3,0.149283
DIS,26403,QMLE-Quote,2012-5-4,0.162219
DIS,26403,QMLE-Quote,2012-5-7,0.197179
DIS,26403,QMLE-Quote,2012-5-8,0.237201
DIS,26403,QMLE-Quote,2012-5-9,0.357762
DIS,26403,QMLE-Quote,2012-5-10,0.197433
DIS,26403,QMLE-Quote,2012-5-11,0.181821
DIS,26403,QMLE-Quote,2012-5-14,0.174802
DIS,26403,QMLE-Quote,2012-5-15,0.194518
DIS,26403,QMLE-Quote,2012-5-16,0.185777
DIS,26403,QMLE-Quote,2012-5-17,0.230299
DIS,26403,QMLE-Quote,2012-5-18,0.242005
DIS,26403,QMLE-Quote,2012-5-21,0.17282
DIS,26403,QMLE-Quote,2012-5-22,0.192403
DIS,26403,QMLE-Quote,2012-5-23,0.207063
DIS,26403,QMLE-Quote,2012-5-24,0.211336
DIS,26403,QMLE-Quote,2012-5-25,0.150572
DIS,26403,QMLE-Quote,2012-5-29,0.144488
DIS,26403,QMLE-Quote,2012-5-30,0.155358
DIS,26403,QMLE-Quote,2012-5-31,0.192672
DIS,26403,QMLE-Quote,2012-6-1,0.213391
DIS,26403,QMLE-Quote,2012-6-4,0.226004
DIS,26403,QMLE-Quote,2012-6-5,0.173468
DIS,26403,QMLE-Quote,2012-6-6,0.109195
DIS,26403,QMLE-Quote,2012-6-7,0.171155
DIS,26403,QMLE-Quote,2012-6-8,0.130334
DIS,26403,QMLE-Quote,2012-6-11,0.162618
DIS,26403,QMLE-Quote,2012-6-12,0.16465
DIS,26403,QMLE-Quote,2012-6-13,0.159926
DIS,26403,QMLE-Quote,2012-6-14,0.199163
DIS,26403,QMLE-Quote,2012-6-15,0.179819
DIS,26403,QMLE-Quote,2012-6-18,0.138995
DIS,26403,QMLE-Quote,2012-6-19,0.124752
DIS,26403,QMLE-Quote,2012-6-20,0.163512
DIS,26403,QMLE-Quote,2012-6-21,0.150036
DIS,26403,QMLE-Quote,2012-6-22,0.143925
DIS,26403,QMLE-Quote,2012-6-25,0.167155
DIS,26403,QMLE-Quote,2012-6-26,0.140462
DIS,26403,QMLE-Quote,2012-6-27,0.12646
DIS,26403,QMLE-Quote,2012-6-28,0.179003
DIS,26403,QMLE-Quote,2012-6-29,0.149586
DIS,26403,QMLE-Quote,2012-7-2,0.145012
DIS,26403,QMLE-Quote,2012-7-3,0.141929
DIS,26403,QMLE-Quote,2012-7-5,0.134999
DIS,26403,QMLE-Quote,2012-7-6,0.126926
DIS,26403,QMLE-Quote,2012-7-9,0.109855
DIS,26403,QMLE-Quote,2012-7-10,0.13313
DIS,26403,QMLE-Quote,2012-7-11,0.133536
DIS,26403,QMLE-Quote,2012-7-12,0.173218
DIS,26403,QMLE-Quote,2012-7-13,0.129909
DIS,26403,QMLE-Quote,2012-7-16,0.115693
DIS,26403,QMLE-Quote,2012-7-17,0.218974
DIS,26403,QMLE-Quote,2012-7-18,0.14564
DIS,26403,QMLE-Quote,2012-7-19,0.166468
DIS,26403,QMLE-Quote,2012-7-20,0.149651
DIS,26403,QMLE-Quote,2012-7-23,0.169616
DIS,26403,QMLE-Quote,2012-7-24,0.179133
DIS,26403,QMLE-Quote,2012-7-25,0.129834
DIS,26403,QMLE-Quote,2012-7-26,0.135973
DIS,26403,QMLE-Quote,2012-7-27,0.143834
DIS,26403,QMLE-Quote,2012-7-30,0.13535
DIS,26403,QMLE-Quote,2012-7-31,0.144408
DIS,26403,QMLE-Quote,2012-8-2,0.20872
DIS,26403,QMLE-Quote,2012-8-3,0.12259
DIS,26403,QMLE-Quote,2012-8-6,0.100676
DIS,26403,QMLE-Quote,2012-8-7,0.146266
DIS,26403,QMLE-Quote,2012-8-8,0.337259
DIS,26403,QMLE-Quote,2012-8-9,0.13143
DIS,26403,QMLE-Quote,2012-8-10,0.135167
DIS,26403,QMLE-Quote,2012-8-13,0.0978747
DIS,26403,QMLE-Quote,2012-8-14,0.133281
DIS,26403,QMLE-Quote,2012-8-15,0.0640589
DIS,26403,QMLE-Quote,2012-8-16,0.108634
DIS,26403,QMLE-Quote,2012-8-17,0.058717
DIS,26403,QMLE-Quote,2012-8-20,0.123768
DIS,26403,QMLE-Quote,2012-8-21,0.107214
DIS,26403,QMLE-Quote,2012-8-22,0.14358
DIS,26403,QMLE-Quote,2012-8-23,0.0961831
DIS,26403,QMLE-Quote,2012-8-24,0.132324
DIS,26403,QMLE-Quote,2012-8-27,0.123259
DIS,26403,QMLE-Quote,2012-8-28,0.175376
DIS,26403,QMLE-Quote,2012-8-29,0.103624
DIS,26403,QMLE-Quote,2012-8-30,0.101675
DIS,26403,QMLE-Quote,2012-8-31,0.153983
DIS,26403,QMLE-Quote,2012-9-4,0.102407
DIS,26403,QMLE-Quote,2012-9-5,0.153596
DIS,26403,QMLE-Quote,2012-9-6,0.128392
DIS,26403,QMLE-Quote,2012-9-7,0.117002
DIS,26403,QMLE-Quote,2012-9-10,0.0907623
DIS,26403,QMLE-Quote,2012-9-11,0.062146
DIS,26403,QMLE-Quote,2012-9-12,0.087705
DIS,26403,QMLE-Quote,2012-9-13,0.199014
DIS,26403,QMLE-Quote,2012-9-14,0.132747
DIS,26403,QMLE-Quote,2012-9-17,0.125635
DIS,26403,QMLE-Quote,2012-9-18,0.116363
DIS,26403,QMLE-Quote,2012-9-19,0.126529
DIS,26403,QMLE-Quote,2012-9-20,0.0717124
DIS,26403,QMLE-Quote,2012-9-21,0.100725
DIS,26403,QMLE-Quote,2012-9-24,0.0785901
DIS,26403,QMLE-Quote,2012-9-25,0.127014
DIS,26403,QMLE-Quote,2012-9-26,0.116375
DIS,26403,QMLE-Quote,2012-9-27,0.140182
DIS,26403,QMLE-Quote,2012-9-28,0.129106
DIS,26403,QMLE-Quote,2012-10-1,0.132124
DIS,26403,QMLE-Quote,2012-10-2,0.12024
DIS,26403,QMLE-Quote,2012-10-3,0.112328
DIS,26403,QMLE-Quote,2012-10-4,0.113382
DIS,26403,QMLE-Quote,2012-10-5,0.0944382
DIS,26403,QMLE-Quote,2012-10-8,0.101673
DIS,26403,QMLE-Quote,2012-10-9,0.124838
DIS,26403,QMLE-Quote,2012-10-10,0.13741
DIS,26403,QMLE-Quote,2012-10-11,0.148892
DIS,26403,QMLE-Quote,2012-10-12,0.120536
DIS,26403,QMLE-Quote,2012-10-15,0.10339
DIS,26403,QMLE-Quote,2012-10-16,0.115941
DIS,26403,QMLE-Quote,2012-10-17,0.124925
DIS,26403,QMLE-Quote,2012-10-18,0.124052
DIS,26403,QMLE-Quote,2012-10-19,0.12869
DIS,26403,QMLE-Quote,2012-10-22,0.129059
DIS,26403,QMLE-Quote,2012-10-23,0.127721
DIS,26403,QMLE-Quote,2012-10-24,0.134548
DIS,26403,QMLE-Quote,2012-10-25,0.130806
DIS,26403,QMLE-Quote,2012-10-26,0.151195
DIS,26403,QMLE-Quote,2012-10-31,0.265509
DIS,26403,QMLE-Quote,2012-11-1,0.171741
DIS,26403,QMLE-Quote,2012-11-2,0.171518
DIS,26403,QMLE-Quote,2012-11-5,0.164585
DIS,26403,QMLE-Quote,2012-11-6,0.125024
DIS,26403,QMLE-Quote,2012-11-7,0.199248
DIS,26403,QMLE-Quote,2012-11-8,0.211255
DIS,26403,QMLE-Quote,2012-11-9,0.38474
DIS,26403,QMLE-Quote,2012-11-12,0.18254
DIS,26403,QMLE-Quote,2012-11-13,0.171421
DIS,26403,QMLE-Quote,2012-11-14,0.188192
DIS,26403,QMLE-Quote,2012-11-15,0.1887
DIS,26403,QMLE-Quote,2012-11-16,0.212687
DIS,26403,QMLE-Quote,2012-11-19,0.183443
DIS,26403,QMLE-Quote,2012-11-20,0.142868
DIS,26403,QMLE-Quote,2012-11-21,0.129663
DIS,26403,QMLE-Quote,2012-11-23,0.121139
DIS,26403,QMLE-Quote,2012-11-26,0.121278
DIS,26403,QMLE-Quote,2012-11-27,0.164385
DIS,26403,QMLE-Quote,2012-11-28,0.178029
DIS,26403,QMLE-Quote,2012-11-29,0.138032
DIS,26403,QMLE-Quote,2012-11-30,0.168349
DIS,26403,QMLE-Quote,2012-12-3,0.137403
DIS,26403,QMLE-Quote,2012-12-4,0.123372
DIS,26403,QMLE-Quote,2012-12-5,0.150723
DIS,26403,QMLE-Quote,2012-12-6,0.153315
DIS,26403,QMLE-Quote,2012-12-7,0.10615
DIS,26403,QMLE-Quote,2012-12-10,0.10025
DIS,26403,QMLE-Quote,2012-12-11,0.107772
DIS,26403,QMLE-Quote,2012-12-12,0.1347
DIS,26403,QMLE-Quote,2012-12-13,0.131367
DIS,26403,QMLE-Quote,2012-12-14,0.135668
DIS,26403,QMLE-Quote,2012-12-17,0.118314
DIS,26403,QMLE-Quote,2012-12-18,0.151825
DIS,26403,QMLE-Quote,2012-12-19,0.126149
DIS,26403,QMLE-Quote,2012-12-20,0.154619
DIS,26403,QMLE-Quote,2012-12-21,0.203651
DIS,26403,QMLE-Quote,2012-12-24,0.129676
DIS,26403,QMLE-Quote,2012-12-26,0.131066
DIS,26403,QMLE-Quote,2012-12-27,0.192389
DIS,26403,QMLE-Quote,2012-12-28,0.162884
DIS,26403,QMLE-Quote,2012-12-31,0.229192
DIS,26403,QMLE-Quote,2013-1-2,0.146579
DIS,26403,QMLE-Quote,2013-1-3,0.126549
DIS,26403,QMLE-Quote,2013-1-4,0.118038
DIS,26403,QMLE-Quote,2013-1-7,0.125271
DIS,26403,QMLE-Quote,2013-1-8,0.147791
DIS,26403,QMLE-Quote,2013-1-9,0.103585
DIS,26403,QMLE-Quote,2013-1-10,0.128507
DIS,26403,QMLE-Quote,2013-1-11,0.134869
DIS,26403,QMLE-Quote,2013-1-14,0.129663
DIS,26403,QMLE-Quote,2013-1-15,0.102942
DIS,26403,QMLE-Quote,2013-1-16,0.139428
DIS,26403,QMLE-Quote,2013-1-17,0.131648
DIS,26403,QMLE-Quote,2013-1-18,0.110413
DIS,26403,QMLE-Quote,2013-1-22,0.166496
DIS,26403,QMLE-Quote,2013-1-23,0.143812
DIS,26403,QMLE-Quote,2013-1-24,0.159652
DIS,26403,QMLE-Quote,2013-1-25,0.136505
DIS,26403,QMLE-Quote,2013-1-28,0.126413
DIS,26403,QMLE-Quote,2013-1-29,0.133815
DIS,26403,QMLE-Quote,2013-1-30,0.118397
DIS,26403,QMLE-Quote,2013-1-31,0.152236
DIS,26403,QMLE-Quote,2013-2-1,0.136341
DIS,26403,QMLE-Quote,2013-2-4,0.158698
DIS,26403,QMLE-Quote,2013-2-5,0.127778
DIS,26403,QMLE-Quote,2013-2-6,0.240359
DIS,26403,QMLE-Quote,2013-2-7,0.184736
DIS,26403,QMLE-Quote,2013-2-8,0.0953352
DIS,26403,QMLE-Quote,2013-2-11,0.116795
DIS,26403,QMLE-Quote,2013-2-12,0.0638392
DIS,26403,QMLE-Quote,2013-2-13,0.136972
DIS,26403,QMLE-Quote,2013-2-14,0.111905
DIS,26403,QMLE-Quote,2013-2-15,0.121454
DIS,26403,QMLE-Quote,2013-2-19,0.116869
DIS,26403,QMLE-Quote,2013-2-20,0.148633
DIS,26403,QMLE-Quote,2013-2-21,0.143316
DIS,26403,QMLE-Quote,2013-2-22,0.163477
DIS,26403,QMLE-Quote,2013-2-25,0.173523
DIS,26403,QMLE-Quote,2013-2-26,0.132983
DIS,26403,QMLE-Quote,2013-2-27,0.119259
DIS,26403,QMLE-Quote,2013-2-28,0.124824
DIS,26403,QMLE-Quote,2013-3-1,0.170259
DIS,26403,QMLE-Quote,2013-3-4,0.128177
DIS,26403,QMLE-Quote,2013-3-5,0.0999385
DIS,26403,QMLE-Quote,2013-3-6,0.131925
DIS,26403,QMLE-Quote,2013-3-7,0.110932
DIS,26403,QMLE-Quote,2013-3-8,0.137524
DIS,26403,QMLE-Quote,2013-3-11,0.100932
DIS,26403,QMLE-Quote,2013-3-12,0.134927
DIS,26403,QMLE-Quote,2013-3-13,0.111521
DIS,26403,QMLE-Quote,2013-3-14,0.103482
DIS,26403,QMLE-Quote,2013-3-15,0.118695
DIS,26403,QMLE-Quote,2013-3-18,0.141471
DIS,26403,QMLE-Quote,2013-3-19,0.173087
DIS,26403,QMLE-Quote,2013-3-20,0.133633
DIS,26403,QMLE-Quote,2013-3-21,0.134893
DIS,26403,QMLE-Quote,2013-3-22,0.127684
DIS,26403,QMLE-Quote,2013-3-25,0.155491
DIS,26403,QMLE-Quote,2013-3-26,0.105249
DIS,26403,QMLE-Quote,2013-3-27,0.122987
DIS,26403,QMLE-Quote,2013-3-28,0.1202
DIS,26403,QMLE-Quote,2013-4-1,0.138345
DIS,26403,QMLE-Quote,2013-4-2,0.112867
DIS,26403,QMLE-Quote,2013-4-3,0.123123
DIS,26403,QMLE-Quote,2013-4-4,0.122795
DIS,26403,QMLE-Quote,2013-4-5,0.147443
DIS,26403,QMLE-Quote,2013-4-8,0.172362
DIS,26403,QMLE-Quote,2013-4-9,0.138317
DIS,26403,QMLE-Quote,2013-4-10,0.147288
DIS,26403,QMLE-Quote,2013-4-11,0.132122
DIS,26403,QMLE-Quote,2013-4-12,0.124083
DIS,26403,QMLE-Quote,2013-4-15,0.216883
DIS,26403,QMLE-Quote,2013-4-16,0.1491
DIS,26403,QMLE-Quote,2013-4-17,0.169682
DIS,26403,QMLE-Quote,2013-4-18,0.13423
DIS,26403,QMLE-Quote,2013-4-19,0.154273
DIS,26403,QMLE-Quote,2013-4-22,0.139824
DIS,26403,QMLE-Quote,2013-4-23,0.214297
DIS,26403,QMLE-Quote,2013-4-24,0.161826
DIS,26403,QMLE-Quote,2013-4-25,0.140928
DIS,26403,QMLE-Quote,2013-4-26,0.12477
DIS,26403,QMLE-Quote,2013-4-29,0.151028
DIS,26403,QMLE-Quote,2013-4-30,0.15167
DIS,26403,QMLE-Quote,2013-5-1,0.152845
DIS,26403,QMLE-Quote,2013-5-2,0.127557
DIS,26403,QMLE-Quote,2013-5-3,0.130986
DIS,26403,QMLE-Quote,2013-5-6,0.134283
DIS,26403,QMLE-Quote,2013-5-7,0.106914
DIS,26403,QMLE-Quote,2013-5-8,0.217676
DIS,26403,QMLE-Quote,2013-5-9,0.154901
DIS,26403,QMLE-Quote,2013-5-10,0.15775
DIS,26403,QMLE-Quote,2013-5-13,0.102069
DIS,26403,QMLE-Quote,2013-5-14,0.110627
DIS,26403,QMLE-Quote,2013-5-15,0.110953
DIS,26403,QMLE-Quote,2013-5-16,0.127932
DIS,26403,QMLE-Quote,2013-5-17,0.149384
DIS,26403,QMLE-Quote,2013-5-20,0.110984
DIS,26403,QMLE-Quote,2013-5-21,0.120601
DIS,26403,QMLE-Quote,2013-5-22,0.187481
DIS,26403,QMLE-Quote,2013-5-23,0.2
DIS,26403,QMLE-Quote,2013-5-24,0.165178
DIS,26403,QMLE-Quote,2013-5-28,0.131352
DIS,26403,QMLE-Quote,2013-5-29,0.153764
DIS,26403,QMLE-Quote,2013-5-30,0.20246
DIS,26403,QMLE-Quote,2013-5-31,0.219427
DIS,26403,QMLE-Quote,2013-6-3,0.231141
DIS,26403,QMLE-Quote,2013-6-4,0.242158
DIS,26403,QMLE-Quote,2013-6-5,0.184952
DIS,26403,QMLE-Quote,2013-6-6,0.207236
DIS,26403,QMLE-Quote,2013-6-7,0.177408
DIS,26403,QMLE-Quote,2013-6-10,0.13761
DIS,26403,QMLE-Quote,2013-6-11,0.204982
DIS,26403,QMLE-Quote,2013-6-12,0.168719
DIS,26403,QMLE-Quote,2013-6-13,0.196436
DIS,26403,QMLE-Quote,2013-6-14,0.173427
DIS,26403,QMLE-Quote,2013-6-17,0.171981
DIS,26403,QMLE-Quote,2013-6-18,0.13238
DIS,26403,QMLE-Quote,2013-6-19,0.192533
DIS,26403,QMLE-Quote,2013-6-20,0.224222
DIS,26403,QMLE-Quote,2013-6-21,0.219362
DIS,26403,QMLE-Quote,2013-6-24,0.209462
DIS,26403,QMLE-Quote,2013-6-25,0.156974
DIS,26403,QMLE-Quote,2013-6-26,0.14013
DIS,26403,QMLE-Quote,2013-6-27,0.141425
DIS,26403,QMLE-Quote,2013-6-28,0.183874
DIS,26403,QMLE-Quote,2013-7-1,0.179784
DIS,26403,QMLE-Quote,2013-7-2,0.14631
DIS,26403,QMLE-Quote,2013-7-3,0.216504
DIS,26403,QMLE-Quote,2013-7-5,0.183167
DIS,26403,QMLE-Quote,2013-7-8,0.140819
DIS,26403,QMLE-Quote,2013-7-9,0.143788
DIS,26403,QMLE-Quote,2013-7-10,0.155831
DIS,26403,QMLE-Quote,2013-7-11,0.121232
DIS,26403,QMLE-Quote,2013-7-12,0.185858
DIS,26403,QMLE-Quote,2013-7-15,0.131589
DIS,26403,QMLE-Quote,2013-7-16,0.130212
DIS,26403,QMLE-Quote,2013-7-17,0.125096
DIS,26403,QMLE-Quote,2013-7-18,0.119126
DIS,26403,QMLE-Quote,2013-7-19,0.127932
DIS,26403,QMLE-Quote,2013-7-22,0.122298
DIS,26403,QMLE-Quote,2013-7-23,0.0950759
DIS,26403,QMLE-Quote,2013-7-24,0.130006
DIS,26403,QMLE-Quote,2013-7-25,0.115754
DIS,26403,QMLE-Quote,2013-7-26,0.127803
DIS,26403,QMLE-Quote,2013-7-29,0.118059
DIS,26403,QMLE-Quote,2013-7-30,0.109661
DIS,26403,QMLE-Quote,2013-7-31,0.142688
DIS,26403,QMLE-Quote,2013-8-1,0.135535
DIS,26403,QMLE-Quote,2013-8-2,0.0985534
DIS,26403,QMLE-Quote,2013-8-5,0.108338
DIS,26403,QMLE-Quote,2013-8-6,0.172275
DIS,26403,QMLE-Quote,2013-8-7,0.312975
DIS,26403,QMLE-Quote,2013-8-8,0.158845
DIS,26403,QMLE-Quote,2013-8-9,0.143256
DIS,26403,QMLE-Quote,2013-8-12,0.150787
DIS,26403,QMLE-Quote,2013-8-13,0.138627
DIS,26403,QMLE-Quote,2013-8-14,0.14905
DIS,26403,QMLE-Quote,2013-8-15,0.198615
DIS,26403,QMLE-Quote,2013-8-16,0.175085
DIS,26403,QMLE-Quote,2013-8-19,0.116113
DIS,26403,QMLE-Quote,2013-8-20,0.107345
DIS,26403,QMLE-Quote,2013-8-21,0.206153
DIS,26403,QMLE-Quote,2013-8-22,0.120395
DIS,26403,QMLE-Quote,2013-8-23,0.144652
DIS,26403,QMLE-Quote,2013-8-26,0.134218
DIS,26403,QMLE-Quote,2013-8-27,0.175731
DIS,26403,QMLE-Quote,2013-8-28,0.117608
DIS,26403,QMLE-Quote,2013-8-29,0.135244
DIS,26403,QMLE-Quote,2013-8-30,0.1692
DIS,26403,QMLE-Quote,2013-9-3,0.185228
DIS,26403,QMLE-Quote,2013-9-4,0.155518
DIS,26403,QMLE-Quote,2013-9-5,0.107212
DIS,26403,QMLE-Quote,2013-9-6,0.171502
DIS,26403,QMLE-Quote,2013-9-9,0.0896671
DIS,26403,QMLE-Quote,2013-9-10,0.113675
DIS,26403,QMLE-Quote,2013-9-11,0.123908
DIS,26403,QMLE-Quote,2013-9-12,0.341327
DIS,26403,QMLE-Quote,2013-9-13,0.168805
DIS,26403,QMLE-Quote,2013-9-16,0.150685
DIS,26403,QMLE-Quote,2013-9-17,0.102135
DIS,26403,QMLE-Quote,2013-9-18,0.202159
DIS,26403,QMLE-Quote,2013-9-19,0.158531
DIS,26403,QMLE-Quote,2013-9-20,0.150264
DIS,26403,QMLE-Quote,2013-9-23,0.146136
DIS,26403,QMLE-Quote,2013-9-24,0.127135
DIS,26403,QMLE-Quote,2013-9-25,0.168516
DIS,26403,QMLE-Quote,2013-9-26,0.13079
DIS,26403,QMLE-Quote,2013-9-27,0.142205
DIS,26403,QMLE-Quote,2013-9-30,0.122601
DIS,26403,QMLE-Quote,2013-10-1,0.134602
DIS,26403,QMLE-Quote,2013-10-2,0.143201
DIS,26403,QMLE-Quote,2013-10-3,0.170349
DIS,26403,QMLE-Quote,2013-10-4,0.137324
DIS,26403,QMLE-Quote,2013-10-7,0.139868
DIS,26403,QMLE-Quote,2013-10-8,0.183089
DIS,26403,QMLE-Quote,2013-10-9,0.188118
DIS,26403,QMLE-Quote,2013-10-10,0.141552
DIS,26403,QMLE-Quote,2013-10-11,0.123975
DIS,26403,QMLE-Quote,2013-10-14,0.134049
DIS,26403,QMLE-Quote,2013-10-15,0.198653
DIS,26403,QMLE-Quote,2013-10-16,0.124389
DIS,26403,QMLE-Quote,2013-10-17,0.118623
DIS,26403,QMLE-Quote,2013-10-18,0.135669
DIS,26403,QMLE-Quote,2013-10-21,0.0972632
DIS,26403,QMLE-Quote,2013-10-22,0.162141
DIS,26403,QMLE-Quote,2013-10-23,0.157553
DIS,26403,QMLE-Quote,2013-10-24,0.117728
DIS,26403,QMLE-Quote,2013-10-25,0.15619
DIS,26403,QMLE-Quote,2013-10-28,0.0864407
DIS,26403,QMLE-Quote,2013-10-29,0.0975885
DIS,26403,QMLE-Quote,2013-10-30,0.161048
DIS,26403,QMLE-Quote,2013-10-31,0.1865
DIS,26403,QMLE-Quote,2013-11-1,0.162753
DIS,26403,QMLE-Quote,2013-11-4,0.134069
DIS,26403,QMLE-Quote,2013-11-5,0.136253
DIS,26403,QMLE-Quote,2013-11-6,0.154005
DIS,26403,QMLE-Quote,2013-11-7,0.223989
DIS,26403,QMLE-Quote,2013-11-8,0.33853
DIS,26403,QMLE-Quote,2013-11-11,0.113736
DIS,26403,QMLE-Quote,2013-11-12,0.130086
DIS,26403,QMLE-Quote,2013-11-13,0.123191
DIS,26403,QMLE-Quote,2013-11-14,0.124749
DIS,26403,QMLE-Quote,2013-11-15,0.114051
DIS,26403,QMLE-Quote,2013-11-18,0.137935
DIS,26403,QMLE-Quote,2013-11-19,0.141941
DIS,26403,QMLE-Quote,2013-11-20,0.178186
DIS,26403,QMLE-Quote,2013-11-21,0.108057
DIS,26403,QMLE-Quote,2013-11-22,0.120648
DIS,26403,QMLE-Quote,2013-11-25,0.105311
DIS,26403,QMLE-Quote,2013-11-26,0.134801
DIS,26403,QMLE-Quote,2013-11-27,0.156064
DIS,26403,QMLE-Quote,2013-11-29,0.163218
DIS,26403,QMLE-Quote,2013-12-2,0.12296
DIS,26403,QMLE-Quote,2013-12-3,0.151125
DIS,26403,QMLE-Quote,2013-12-4,0.166372
DIS,26403,QMLE-Quote,2013-12-5,0.170709
DIS,26403,QMLE-Quote,2013-12-6,0.128014
DIS,26403,QMLE-Quote,2013-12-9,0.109296
DIS,26403,QMLE-Quote,2013-12-10,0.14757
DIS,26403,QMLE-Quote,2013-12-11,0.144115
DIS,26403,QMLE-Quote,2013-12-12,0.150675
DIS,26403,QMLE-Quote,2013-12-13,0.157489
DIS,26403,QMLE-Quote,2013-12-16,0.137593
DIS,26403,QMLE-Quote,2013-12-17,0.131072
DIS,26403,QMLE-Quote,2013-12-18,0.24013
DIS,26403,QMLE-Quote,2013-12-19,0.141558
DIS,26403,QMLE-Quote,2013-12-20,0.121366
DIS,26403,QMLE-Quote,2013-12-23,0.090827
DIS,26403,QMLE-Quote,2013-12-24,0.129357
DIS,26403,QMLE-Quote,2013-12-26,0.115233
DIS,26403,QMLE-Quote,2013-12-27,0.110584
DIS,26403,QMLE-Quote,2013-12-30,0.16512
DIS,26403,QMLE-Quote,2013-12-31,0.120933
DIS,26403,QMLE-Quote,2014-1-2,0.136857
DIS,26403,QMLE-Quote,2014-1-3,0.120022
DIS,26403,QMLE-Quote,2014-1-6,0.115093
DIS,26403,QMLE-Quote,2014-1-7,0.113086
DIS,26403,QMLE-Quote,2014-1-8,0.169742
DIS,26403,QMLE-Quote,2014-1-9,0.149806
DIS,26403,QMLE-Quote,2014-1-10,0.146317
DIS,26403,QMLE-Quote,2014-1-13,0.134627
DIS,26403,QMLE-Quote,2014-1-14,0.132947
DIS,26403,QMLE-Quote,2014-1-15,0.113947
DIS,26403,QMLE-Quote,2014-1-16,0.124804
DIS,26403,QMLE-Quote,2014-1-17,0.145955
DIS,26403,QMLE-Quote,2014-1-21,0.188618
DIS,26403,QMLE-Quote,2014-1-22,0.136615
DIS,26403,QMLE-Quote,2014-1-23,0.141344
DIS,26403,QMLE-Quote,2014-1-24,0.186023
DIS,26403,QMLE-Quote,2014-1-27,0.196548
DIS,26403,QMLE-Quote,2014-1-28,0.17138
DIS,26403,QMLE-Quote,2014-1-29,0.244993
DIS,26403,QMLE-Quote,2014-1-30,0.165183
DIS,26403,QMLE-Quote,2014-1-31,0.195008
DIS,26403,QMLE-Quote,2014-2-3,0.237565
DIS,26403,QMLE-Quote,2014-2-4,0.225759
DIS,26403,QMLE-Quote,2014-2-5,0.224649
DIS,26403,QMLE-Quote,2014-2-6,0.292049
DIS,26403,QMLE-Quote,2014-2-7,0.154655
DIS,26403,QMLE-Quote,2014-2-10,0.128014
DIS,26403,QMLE-Quote,2014-2-11,0.146662
DIS,26403,QMLE-Quote,2014-2-12,0.077888
DIS,26403,QMLE-Quote,2014-2-13,0.132556
DIS,26403,QMLE-Quote,2014-2-14,0.106466
DIS,26403,QMLE-Quote,2014-2-18,0.114394
DIS,26403,QMLE-Quote,2014-2-19,0.138416
DIS,26403,QMLE-Quote,2014-2-20,0.137533
DIS,26403,QMLE-Quote,2014-2-21,0.140261
DIS,26403,QMLE-Quote,2014-2-24,0.119803
DIS,26403,QMLE-Quote,2014-2-25,0.180362
DIS,26403,QMLE-Quote,2014-2-26,0.167217
DIS,26403,QMLE-Quote,2014-2-27,0.155713
DIS,26403,QMLE-Quote,2014-2-28,0.138434
DIS,26403,QMLE-Quote,2014-3-3,0.192467
DIS,26403,QMLE-Quote,2014-3-4,0.136474
DIS,26403,QMLE-Quote,2014-3-5,0.140388
DIS,26403,QMLE-Quote,2014-3-6,0.110245
DIS,26403,QMLE-Quote,2014-3-7,0.13743
DIS,26403,QMLE-Quote,2014-3-10,0.117818
DIS,26403,QMLE-Quote,2014-3-11,0.123477
DIS,26403,QMLE-Quote,2014-3-12,0.155704
DIS,26403,QMLE-Quote,2014-3-13,0.183358
DIS,26403,QMLE-Quote,2014-3-14,0.173708
DIS,26403,QMLE-Quote,2014-3-17,0.133483
DIS,26403,QMLE-Quote,2014-3-18,0.12478
DIS,26403,QMLE-Quote,2014-3-19,0.201138
DIS,26403,QMLE-Quote,2014-3-20,0.162783
DIS,26403,QMLE-Quote,2014-3-21,0.141566
DIS,26403,QMLE-Quote,2014-3-24,0.164913
DIS,26403,QMLE-Quote,2014-3-25,0.146235
DIS,26403,QMLE-Quote,2014-3-26,0.16237
DIS,26403,QMLE-Quote,2014-3-27,0.201913
DIS,26403,QMLE-Quote,2014-3-28,0.149
DIS,26403,QMLE-Quote,2014-3-31,0.153014
DIS,26403,QMLE-Quote,2014-4-1,0.126232
DIS,26403,QMLE-Quote,2014-4-2,0.123856
DIS,26403,QMLE-Quote,2014-4-3,0.132054
DIS,26403,QMLE-Quote,2014-4-4,0.171002
DIS,26403,QMLE-Quote,2014-4-7,0.18799
DIS,26403,QMLE-Quote,2014-4-8,0.227309
DIS,26403,QMLE-Quote,2014-4-9,0.157466
DIS,26403,QMLE-Quote,2014-4-10,0.216289
DIS,26403,QMLE-Quote,2014-4-11,0.209759
DIS,26403,QMLE-Quote,2014-4-14,0.174017
DIS,26403,QMLE-Quote,2014-4-15,0.242168
DIS,26403,QMLE-Quote,2014-4-16,0.172861
DIS,26403,QMLE-Quote,2014-4-17,0.125942
DIS,26403,QMLE-Quote,2014-4-21,0.137248
DIS,26403,QMLE-Quote,2014-4-22,0.108276
DIS,26403,QMLE-Quote,2014-4-23,0.133087
DIS,26403,QMLE-Quote,2014-4-24,0.149816
DIS,26403,QMLE-Quote,2014-4-25,0.138575
DIS,26403,QMLE-Quote,2014-4-28,0.195755
DIS,26403,QMLE-Quote,2014-4-29,0.135348
DIS,26403,QMLE-Quote,2014-4-30,0.159825
DIS,26403,QMLE-Quote,2014-5-1,0.15106
DIS,26403,QMLE-Quote,2014-5-2,0.141257
DIS,26403,QMLE-Quote,2014-5-5,0.136441
DIS,26403,QMLE-Quote,2014-5-6,0.132559
DIS,26403,QMLE-Quote,2014-5-7,0.234987
DIS,26403,QMLE-Quote,2014-5-8,0.177548
DIS,26403,QMLE-Quote,2014-5-9,0.157443
DIS,26403,QMLE-Quote,2014-5-12,0.100578
DIS,26403,QMLE-Quote,2014-5-13,0.127345
DIS,26403,QMLE-Quote,2014-5-14,0.130716
DIS,26403,QMLE-Quote,2014-5-15,0.178895
DIS,26403,QMLE-Quote,2014-5-16,0.156964
DIS,26403,QMLE-Quote,2014-5-19,0.148102
DIS,26403,QMLE-Quote,2014-5-20,0.15312
DIS,26403,QMLE-Quote,2014-5-21,0.111275
DIS,26403,QMLE-Quote,2014-5-22,0.114763
DIS,26403,QMLE-Quote,2014-5-23,0.104202
DIS,26403,QMLE-Quote,2014-5-27,0.120738
DIS,26403,QMLE-Quote,2014-5-28,0.105114
DIS,26403,QMLE-Quote,2014-5-29,0.121077
DIS,26403,QMLE-Quote,2014-5-30,0.120425
DIS,26403,QMLE-Quote,2014-6-2,0.0930277
DIS,26403,QMLE-Quote,2014-6-3,0.098947
DIS,26403,QMLE-Quote,2014-6-4,0.11122
DIS,26403,QMLE-Quote,2014-6-5,0.114323
DIS,26403,QMLE-Quote,2014-6-6,0.0963206
DIS,26403,QMLE-Quote,2014-6-9,0.10315
DIS,26403,QMLE-Quote,2014-6-10,0.107604
DIS,26403,QMLE-Quote,2014-6-11,0.10042
DIS,26403,QMLE-Quote,2014-6-12,0.135966
DIS,26403,QMLE-Quote,2014-6-13,0.144311
DIS,26403,QMLE-Quote,2014-6-16,0.108996
DIS,26403,QMLE-Quote,2014-6-17,0.122486
DIS,26403,QMLE-Quote,2014-6-18,0.125572
DIS,26403,QMLE-Quote,2014-6-19,0.117211
DIS,26403,QMLE-Quote,2014-6-20,0.123341
DIS,26403,QMLE-Quote,2014-6-23,0.120764
DIS,26403,QMLE-Quote,2014-6-24,0.11667
DIS,26403,QMLE-Quote,2014-6-25,0.188886
DIS,26403,QMLE-Quote,2014-6-26,0.138782
DIS,26403,QMLE-Quote,2014-6-27,0.113532
DIS,26403,QMLE-Quote,2014-6-30,0.111851
DIS,26403,QMLE-Quote,2014-7-1,0.100768
DIS,26403,QMLE-Quote,2014-7-2,0.109289
DIS,26403,QMLE-Quote,2014-7-3,0.0940781
DIS,26403,QMLE-Quote,2014-7-7,0.101107
DIS,26403,QMLE-Quote,2014-7-8,0.117105
DIS,26403,QMLE-Quote,2014-7-9,0.119468
DIS,26403,QMLE-Quote,2014-7-10,0.126644
DIS,26403,QMLE-Quote,2014-7-11,0.119632
DIS,26403,QMLE-Quote,2014-7-14,0.0963183
DIS,26403,QMLE-Quote,2014-7-15,0.114978
DIS,26403,QMLE-Quote,2014-7-16,0.176591
DIS,26403,QMLE-Quote,2014-7-17,0.155428
DIS,26403,QMLE-Quote,2014-7-18,0.115138
DIS,26403,QMLE-Quote,2014-7-21,0.0877763
DIS,26403,QMLE-Quote,2014-7-22,0.103954
DIS,26403,QMLE-Quote,2014-7-23,0.0937983
DIS,26403,QMLE-Quote,2014-7-24,0.10259
DIS,26403,QMLE-Quote,2014-7-25,0.120975
DIS,26403,QMLE-Quote,2014-7-28,0.121014
DIS,26403,QMLE-Quote,2014-7-29,0.125085
DIS,26403,QMLE-Quote,2014-7-30,0.154703
DIS,26403,QMLE-Quote,2014-7-31,0.152478
DIS,26403,QMLE-Quote,2014-8-1,0.156055
DIS,26403,QMLE-Quote,2014-8-4,0.111479
DIS,26403,QMLE-Quote,2014-8-5,0.18155
DIS,26403,QMLE-Quote,2014-8-6,0.212138
DIS,26403,QMLE-Quote,2014-8-7,0.13686
DIS,26403,QMLE-Quote,2014-8-8,0.123221
DIS,26403,QMLE-Quote,2014-8-11,0.101842
DIS,26403,QMLE-Quote,2014-8-12,0.123194
DIS,26403,QMLE-Quote,2014-8-13,0.10125
DIS,26403,QMLE-Quote,2014-8-14,0.100201
DIS,26403,QMLE-Quote,2014-8-15,0.127982
DIS,26403,QMLE-Quote,2014-8-18,0.0918426
DIS,26403,QMLE-Quote,2014-8-19,0.0797878
DIS,26403,QMLE-Quote,2014-8-20,0.0877477
DIS,26403,QMLE-Quote,2014-8-21,0.0726448
DIS,26403,QMLE-Quote,2014-8-22,0.0945443
DIS,26403,QMLE-Quote,2014-8-25,0.0735577
DIS,26403,QMLE-Quote,2014-8-26,0.0764076
DIS,26403,QMLE-Quote,2014-8-27,0.0857484
DIS,26403,QMLE-Quote,2014-8-28,0.103661
DIS,26403,QMLE-Quote,2014-8-29,0.100206
DIS,26403,QMLE-Quote,2014-9-2,0.122758
DIS,26403,QMLE-Quote,2014-9-3,0.0771551
DIS,26403,QMLE-Quote,2014-9-4,0.114295
DIS,26403,QMLE-Quote,2014-9-5,0.102445
DIS,26403,QMLE-Quote,2014-9-8,0.102448
DIS,26403,QMLE-Quote,2014-9-9,0.108801
DIS,26403,QMLE-Quote,2014-9-10,0.129111
DIS,26403,QMLE-Quote,2014-9-11,0.0952434
DIS,26403,QMLE-Quote,2014-9-12,0.105209
DIS,26403,QMLE-Quote,2014-9-15,0.111314
DIS,26403,QMLE-Quote,2014-9-16,0.0991784
DIS,26403,QMLE-Quote,2014-9-17,0.134704
DIS,26403,QMLE-Quote,2014-9-18,0.0873836
DIS,26403,QMLE-Quote,2014-9-19,0.0945939
DIS,26403,QMLE-Quote,2014-9-22,0.101855
DIS,26403,QMLE-Quote,2014-9-23,0.108462
DIS,26403,QMLE-Quote,2014-9-24,0.103369
DIS,26403,QMLE-Quote,2014-9-25,0.154894
DIS,26403,QMLE-Quote,2014-9-26,0.12142
DIS,26403,QMLE-Quote,2014-9-29,0.167389
DIS,26403,QMLE-Quote,2014-9-30,0.132499
DIS,26403,QMLE-Quote,2014-10-1,0.15737
DIS,26403,QMLE-Quote,2014-10-2,0.217559
DIS,26403,QMLE-Quote,2014-10-3,0.131253
DIS,26403,QMLE-Quote,2014-10-6,0.174975
DIS,26403,QMLE-Quote,2014-10-7,0.16859
DIS,26403,QMLE-Quote,2014-10-8,0.193182
DIS,26403,QMLE-Quote,2014-10-9,0.229329
DIS,26403,QMLE-Quote,2014-10-10,0.252614
DIS,26403,QMLE-Quote,2014-10-13,0.235849
DIS,26403,QMLE-Quote,2014-10-14,0.265667
DIS,26403,QMLE-Quote,2014-10-15,0.468138
DIS,26403,QMLE-Quote,2014-10-16,0.352899
DIS,26403,QMLE-Quote,2014-10-17,0.243802
DIS,26403,QMLE-Quote,2014-10-20,0.198659
DIS,26403,QMLE-Quote,2014-10-21,0.128964
DIS,26403,QMLE-Quote,2014-10-22,0.168965
DIS,26403,QMLE-Quote,2014-10-23,0.158183
DIS,26403,QMLE-Quote,2014-10-24,0.152083
DIS,26403,QMLE-Quote,2014-10-27,0.151341
DIS,26403,QMLE-Quote,2014-10-28,0.0999838
DIS,26403,QMLE-Quote,2014-10-29,0.160556
DIS,26403,QMLE-Quote,2014-10-30,0.169948
DIS,26403,QMLE-Quote,2014-10-31,0.159809
DIS,26403,QMLE-Quote,2014-11-3,0.129446
DIS,26403,QMLE-Quote,2014-11-4,0.143144
DIS,26403,QMLE-Quote,2014-11-5,0.155476
DIS,26403,QMLE-Quote,2014-11-6,0.137841
DIS,26403,QMLE-Quote,2014-11-7,0.203575
DIS,26403,QMLE-Quote,2014-11-10,0.143391
DIS,26403,QMLE-Quote,2014-11-11,0.123996
DIS,26403,QMLE-Quote,2014-11-12,0.107527
DIS,26403,QMLE-Quote,2014-11-13,0.11372
DIS,26403,QMLE-Quote,2014-11-14,0.0845902
DIS,26403,QMLE-Quote,2014-11-17,0.123411
DIS,26403,QMLE-Quote,2014-11-18,0.104331
DIS,26403,QMLE-Quote,2014-11-19,0.120425
DIS,26403,QMLE-Quote,2014-11-20,0.105913
DIS,26403,QMLE-Quote,2014-11-21,0.105252
DIS,26403,QMLE-Quote,2014-11-24,0.0879927
DIS,26403,QMLE-Quote,2014-11-25,0.0948335
DIS,26403,QMLE-Quote,2014-11-26,0.105806
DIS,26403,QMLE-Quote,2014-11-28,0.166488
DIS,26403,QMLE-Quote,2014-12-1,0.117619
DIS,26403,QMLE-Quote,2014-12-2,0.130577
DIS,26403,QMLE-Quote,2014-12-3,0.126261
DIS,26403,QMLE-Quote,2014-12-4,0.118119
DIS,26403,QMLE-Quote,2014-12-5,0.0843824
DIS,26403,QMLE-Quote,2014-12-8,0.135947
DIS,26403,QMLE-Quote,2014-12-9,0.173
DIS,26403,QMLE-Quote,2014-12-10,0.138942
DIS,26403,QMLE-Quote,2014-12-11,0.181928
DIS,26403,QMLE-Quote,2014-12-12,0.226105
DIS,26403,QMLE-Quote,2014-12-15,0.22799
DIS,26403,QMLE-Quote,2014-12-16,0.205112
DIS,26403,QMLE-Quote,2014-12-17,0.227517
DIS,26403,QMLE-Quote,2014-12-18,0.14795
DIS,26403,QMLE-Quote,2014-12-19,0.150116
DIS,26403,QMLE-Quote,2014-12-22,0.124552
DIS,26403,QMLE-Quote,2014-12-23,0.0887274
DIS,26403,QMLE-Quote,2014-12-24,0.0942437
DIS,26403,QMLE-Quote,2014-12-26,0.0815784
DIS,26403,QMLE-Quote,2014-12-29,0.123624
DIS,26403,QMLE-Quote,2014-12-30,0.095887
DIS,26403,QMLE-Quote,2014-12-31,0.193489
DIS,26403,QMLE-Quote,2015-1-2,0.161466
DIS,26403,QMLE-Quote,2015-1-5,0.182312
DIS,26403,QMLE-Quote,2015-1-6,0.211192
DIS,26403,QMLE-Quote,2015-1-7,0.190383
DIS,26403,QMLE-Quote,2015-1-8,0.141152
DIS,26403,QMLE-Quote,2015-1-9,0.179867
DIS,26403,QMLE-Quote,2015-1-12,0.136409
DIS,26403,QMLE-Quote,2015-1-13,0.170715
DIS,26403,QMLE-Quote,2015-1-14,0.219191
DIS,26403,QMLE-Quote,2015-1-15,0.194501
DIS,26403,QMLE-Quote,2015-1-16,0.174878
DIS,26403,QMLE-Quote,2015-1-20,0.187236
DIS,26403,QMLE-Quote,2015-1-21,0.218549
DIS,26403,QMLE-Quote,2015-1-22,0.170254
DIS,26403,QMLE-Quote,2015-1-23,0.120541
DIS,26403,QMLE-Quote,2015-1-26,0.128029
DIS,26403,QMLE-Quote,2015-1-27,0.161745
DIS,26403,QMLE-Quote,2015-1-28,0.197061
DIS,26403,QMLE-Quote,2015-1-29,0.191836
DIS,26403,QMLE-Quote,2015-1-30,0.188466
DIS,26403,QMLE-Quote,2015-2-2,0.219965
DIS,26403,QMLE-Quote,2015-2-3,0.183347
DIS,26403,QMLE-Quote,2015-2-4,0.312119
DIS,26403,QMLE-Quote,2015-2-5,0.215106
DIS,26403,QMLE-Quote,2015-2-6,0.167466
DIS,26403,QMLE-Quote,2015-2-9,0.143433
DIS,26403,QMLE-Quote,2015-2-10,0.153227
DIS,26403,QMLE-Quote,2015-2-11,0.151928
DIS,26403,QMLE-Quote,2015-2-12,0.136255
DIS,26403,QMLE-Quote,2015-2-13,0.125863
DIS,26403,QMLE-Quote,2015-2-17,0.120377
DIS,26403,QMLE-Quote,2015-2-18,0.137642
DIS,26403,QMLE-Quote,2015-2-19,0.101158
DIS,26403,QMLE-Quote,2015-2-20,0.140997
DIS,26403,QMLE-Quote,2015-2-23,0.108314
DIS,26403,QMLE-Quote,2015-2-24,0.108539
DIS,26403,QMLE-Quote,2015-2-25,0.144276
DIS,26403,QMLE-Quote,2015-2-26,0.135768
DIS,26403,QMLE-Quote,2015-2-27,0.0989311
DIS,26403,QMLE-Quote,2015-3-2,0.104962
DIS,26403,QMLE-Quote,2015-3-3,0.142556
DIS,26403,QMLE-Quote,2015-3-4,0.137347
DIS,26403,QMLE-Quote,2015-3-5,0.128841
DIS,26403,QMLE-Quote,2015-3-6,0.134976
DIS,26403,QMLE-Quote,2015-3-9,0.129843
DIS,26403,QMLE-Quote,2015-3-10,0.146857
DIS,26403,QMLE-Quote,2015-3-11,0.120091
DIS,26403,QMLE-Quote,2015-3-12,0.189599
DIS,26403,QMLE-Quote,2015-3-13,0.206579
DIS,26403,QMLE-Quote,2015-3-16,0.14525
DIS,26403,QMLE-Quote,2015-3-17,0.13738
DIS,26403,QMLE-Quote,2015-3-18,0.171783
DIS,26403,QMLE-Quote,2015-3-19,0.136373
DIS,26403,QMLE-Quote,2015-3-20,0.127616
DIS,26403,QMLE-Quote,2015-3-23,0.121488
DIS,26403,QMLE-Quote,2015-3-24,0.142136
DIS,26403,QMLE-Quote,2015-3-25,0.129668
DIS,26403,QMLE-Quote,2015-3-26,0.174472
DIS,26403,QMLE-Quote,2015-3-27,0.175237
DIS,26403,QMLE-Quote,2015-3-30,0.126878
DIS,26403,QMLE-Quote,2015-3-31,0.145396
DIS,26403,QMLE-Quote,2015-4-1,0.18776
DIS,26403,QMLE-Quote,2015-4-2,0.166588
DIS,26403,QMLE-Quote,2015-4-6,0.126649
DIS,26403,QMLE-Quote,2015-4-7,0.124276
DIS,26403,QMLE-Quote,2015-4-8,0.158794
DIS,26403,QMLE-Quote,2015-4-9,0.146947
DIS,26403,QMLE-Quote,2015-4-10,0.0875866
DIS,26403,QMLE-Quote,2015-4-13,0.103149
DIS,26403,QMLE-Quote,2015-4-14,0.153234
DIS,26403,QMLE-Quote,2015-4-15,0.0944547
DIS,26403,QMLE-Quote,2015-4-16,0.123786
DIS,26403,QMLE-Quote,2015-4-17,0.166417
DIS,26403,QMLE-Quote,2015-4-20,0.128268
DIS,26403,QMLE-Quote,2015-4-21,0.118574
DIS,26403,QMLE-Quote,2015-4-22,0.147736
DIS,26403,QMLE-Quote,2015-4-23,0.150914
DIS,26403,QMLE-Quote,2015-4-24,0.138277
DIS,26403,QMLE-Quote,2015-4-27,0.125089
DIS,26403,QMLE-Quote,2015-4-28,0.126069
DIS,26403,QMLE-Quote,2015-4-29,0.15137
DIS,26403,QMLE-Quote,2015-4-30,0.169969
DIS,26403,QMLE-Quote,2015-5-1,0.171908
DIS,26403,QMLE-Quote,2015-5-4,0.120772
DIS,26403,QMLE-Quote,2015-5-5,0.260976
DIS,26403,QMLE-Quote,2015-5-6,0.189195
DIS,26403,QMLE-Quote,2015-5-7,0.133338
DIS,26403,QMLE-Quote,2015-5-8,0.113398
DIS,26403,QMLE-Quote,2015-5-11,0.116663
DIS,26403,QMLE-Quote,2015-5-12,0.143529
DIS,26403,QMLE-Quote,2015-5-13,0.114735
DIS,26403,QMLE-Quote,2015-5-14,0.0850913
DIS,26403,QMLE-Quote,2015-5-15,0.105847
DIS,26403,QMLE-Quote,2015-5-18,0.0972956
DIS,26403,QMLE-Quote,2015-5-19,0.0811621
DIS,26403,QMLE-Quote,2015-5-20,0.107473
DIS,26403,QMLE-Quote,2015-5-21,0.0837627
DIS,26403,QMLE-Quote,2015-5-22,0.0930277
DIS,26403,QMLE-Quote,2015-5-26,0.141718
DIS,26403,QMLE-Quote,2015-5-27,0.107314
DIS,26403,QMLE-Quote,2015-5-28,0.102189
DIS,26403,QMLE-Quote,2015-5-29,0.112764
DIS,26403,QMLE-Quote,2015-6-1,0.144832
DIS,26403,QMLE-Quote,2015-6-2,0.12867
DIS,26403,QMLE-Quote,2015-6-3,0.110491
DIS,26403,QMLE-Quote,2015-6-4,0.130676
DIS,26403,QMLE-Quote,2015-6-5,0.115563
DIS,26403,QMLE-Quote,2015-6-8,0.0982949
DIS,26403,QMLE-Quote,2015-6-9,0.129045
DIS,26403,QMLE-Quote,2015-6-10,0.106106
DIS,26403,QMLE-Quote,2015-6-11,0.102591
DIS,26403,QMLE-Quote,2015-6-12,0.117784
DIS,26403,QMLE-Quote,2015-6-15,0.127971
DIS,26403,QMLE-Quote,2015-6-16,0.0958575
DIS,26403,QMLE-Quote,2015-6-17,0.117266
DIS,26403,QMLE-Quote,2015-6-18,0.104094
DIS,26403,QMLE-Quote,2015-6-19,0.114147
DIS,26403,QMLE-Quote,2015-6-22,0.122424
DIS,26403,QMLE-Quote,2015-6-23,0.0902383
DIS,26403,QMLE-Quote,2015-6-24,0.104799
DIS,26403,QMLE-Quote,2015-6-25,0.114014
DIS,26403,QMLE-Quote,2015-6-26,0.111881
DIS,26403,QMLE-Quote,2015-6-29,0.130208
DIS,26403,QMLE-Quote,2015-6-30,0.145599
DIS,26403,QMLE-Quote,2015-7-1,0.13966
DIS,26403,QMLE-Quote,2015-7-2,0.0908647
DIS,26403,QMLE-Quote,2015-7-6,0.12693
DIS,26403,QMLE-Quote,2015-7-7,0.187289
DIS,26403,QMLE-Quote,2015-7-8,0.190732
DIS,26403,QMLE-Quote,2015-7-9,0.14625
DIS,26403,QMLE-Quote,2015-7-10,0.125285
DIS,26403,QMLE-Quote,2015-7-13,0.103594
DIS,26403,QMLE-Quote,2015-7-14,0.0670099
DIS,26403,QMLE-Quote,2015-7-15,0.0986679
DIS,26403,QMLE-Quote,2015-7-16,0.0796035
DIS,26403,QMLE-Quote,2015-7-17,0.0885716
DIS,26403,QMLE-Quote,2015-7-20,0.107042
DIS,26403,QMLE-Quote,2015-7-21,0.0849167
DIS,26403,QMLE-Quote,2015-7-22,0.103472
DIS,26403,QMLE-Quote,2015-7-23,0.101271
DIS,26403,QMLE-Quote,2015-7-24,0.123539
DIS,26403,QMLE-Quote,2015-7-27,0.133475
DIS,26403,QMLE-Quote,2015-7-28,0.12746
DIS,26403,QMLE-Quote,2015-7-29,0.121298
DIS,26403,QMLE-Quote,2015-7-30,0.112074
DIS,26403,QMLE-Quote,2015-7-31,0.114674
DIS,26403,QMLE-Quote,2015-8-3,0.147633
DIS,26403,QMLE-Quote,2015-8-4,0.149754
DIS,26403,QMLE-Quote,2015-8-5,0.370767
DIS,26403,QMLE-Quote,2015-8-6,0.473577
DIS,26403,QMLE-Quote,2015-8-7,0.236107
DIS,26403,QMLE-Quote,2015-8-10,0.15199
DIS,26403,QMLE-Quote,2015-8-11,0.178323
DIS,26403,QMLE-Quote,2015-8-12,0.206989
DIS,26403,QMLE-Quote,2015-8-13,0.14891
DIS,26403,QMLE-Quote,2015-8-14,0.158815
DIS,26403,QMLE-Quote,2015-8-17,0.143644
DIS,26403,QMLE-Quote,2015-8-18,0.140354
DIS,26403,QMLE-Quote,2015-8-19,0.177066
DIS,26403,QMLE-Quote,2015-8-20,0.320955
DIS,26403,QMLE-Quote,2015-8-21,0.409442
DIS,26403,QMLE-Quote,2015-8-24,0.687618
DIS,26403,QMLE-Quote,2015-8-25,0.398333
DIS,26403,QMLE-Quote,2015-8-26,0.348683
DIS,26403,QMLE-Quote,2015-8-27,0.276543
DIS,26403,QMLE-Quote,2015-8-28,0.22843
DIS,26403,QMLE-Quote,2015-8-31,0.175179
DIS,26403,QMLE-Quote,2015-9-1,0.303705
DIS,26403,QMLE-Quote,2015-9-2,0.210158
DIS,26403,QMLE-Quote,2015-9-3,0.217453
DIS,26403,QMLE-Quote,2015-9-4,0.201078
DIS,26403,QMLE-Quote,2015-9-8,0.178853
DIS,26403,QMLE-Quote,2015-9-9,0.177382
DIS,26403,QMLE-Quote,2015-9-10,0.213843
DIS,26403,QMLE-Quote,2015-9-11,0.170227
DIS,26403,QMLE-Quote,2015-9-14,0.188624
DIS,26403,QMLE-Quote,2015-9-15,0.200684
DIS,26403,QMLE-Quote,2015-9-16,0.144634
DIS,26403,QMLE-Quote,2015-9-17,0.242775
DIS,26403,QMLE-Quote,2015-9-18,0.200134
DIS,26403,QMLE-Quote,2015-9-21,0.162076
DIS,26403,QMLE-Quote,2015-9-22,0.177971
DIS,26403,QMLE-Quote,2015-9-23,0.152613
DIS,26403,QMLE-Quote,2015-9-24,0.211588
DIS,26403,QMLE-Quote,2015-9-25,0.177137
DIS,26403,QMLE-Quote,2015-9-28,0.178933
DIS,26403,QMLE-Quote,2015-9-29,0.21515
DIS,26403,QMLE-Quote,2015-9-30,0.175269
DIS,26403,QMLE-Quote,2015-10-1,0.219055
DIS,26403,QMLE-Quote,2015-10-2,0.191385
DIS,26403,QMLE-Quote,2015-10-5,0.148333
DIS,26403,QMLE-Quote,2015-10-6,0.167961
DIS,26403,QMLE-Quote,2015-10-7,0.169174
DIS,26403,QMLE-Quote,2015-10-8,0.170183
DIS,26403,QMLE-Quote,2015-10-9,0.146232
DIS,26403,QMLE-Quote,2015-10-12,0.113722
DIS,26403,QMLE-Quote,2015-10-13,0.127478
DIS,26403,QMLE-Quote,2015-10-14,0.151997
DIS,26403,QMLE-Quote,2015-10-15,0.138271
DIS,26403,QMLE-Quote,2015-10-16,0.126242
DIS,26403,QMLE-Quote,2015-10-19,0.134699
DIS,26403,QMLE-Quote,2015-10-20,0.153489
DIS,26403,QMLE-Quote,2015-10-21,0.150149
DIS,26403,QMLE-Quote,2015-10-22,0.161901
DIS,26403,QMLE-Quote,2015-10-23,0.151135
DIS,26403,QMLE-Quote,2015-10-26,0.115039
DIS,26403,QMLE-Quote,2015-10-27,0.171166
DIS,26403,QMLE-Quote,2015-10-28,0.149366
DIS,26403,QMLE-Quote,2015-10-29,0.135257
DIS,26403,QMLE-Quote,2015-10-30,0.139586
DIS,26403,QMLE-Quote,2015-11-2,0.13134
DIS,26403,QMLE-Quote,2015-11-3,0.125629
DIS,26403,QMLE-Quote,2015-11-4,0.398347
DIS,26403,QMLE-Quote,2015-11-5,0.248033
DIS,26403,QMLE-Quote,2015-11-6,0.276998
DIS,26403,QMLE-Quote,2015-11-9,0.182803
DIS,26403,QMLE-Quote,2015-11-10,0.162404
DIS,26403,QMLE-Quote,2015-11-11,0.151742
DIS,26403,QMLE-Quote,2015-11-12,0.180396
DIS,26403,QMLE-Quote,2015-11-13,0.167476
DIS,26403,QMLE-Quote,2015-11-16,0.181099
DIS,26403,QMLE-Quote,2015-11-17,0.196748
DIS,26403,QMLE-Quote,2015-11-18,0.152348
DIS,26403,QMLE-Quote,2015-11-19,0.107443
DIS,26403,QMLE-Quote,2015-11-20,0.119024
DIS,26403,QMLE-Quote,2015-11-23,0.148567
DIS,26403,QMLE-Quote,2015-11-24,0.194903
DIS,26403,QMLE-Quote,2015-11-25,0.103672
DIS,26403,QMLE-Quote,2015-11-27,0.253881
DIS,26403,QMLE-Quote,2015-11-30,0.173028
DIS,26403,QMLE-Quote,2015-12-1,0.138566
DIS,26403,QMLE-Quote,2015-12-2,0.14764
DIS,26403,QMLE-Quote,2015-12-3,0.170711
DIS,26403,QMLE-Quote,2015-12-4,0.152724
DIS,26403,QMLE-Quote,2015-12-7,0.149441
DIS,26403,QMLE-Quote,2015-12-8,0.176465
DIS,26403,QMLE-Quote,2015-12-9,0.207686
DIS,26403,QMLE-Quote,2015-12-10,0.177809
DIS,26403,QMLE-Quote,2015-12-11,0.224521
DIS,26403,QMLE-Quote,2015-12-14,0.296285
DIS,26403,QMLE-Quote,2015-12-15,0.16548
DIS,26403,QMLE-Quote,2015-12-16,0.241529
DIS,26403,QMLE-Quote,2015-12-17,0.235319
DIS,26403,QMLE-Quote,2015-12-18,0.322764
DIS,26403,QMLE-Quote,2015-12-21,0.321757
DIS,26403,QMLE-Quote,2015-12-22,0.179054
DIS,26403,QMLE-Quote,2015-12-23,0.199586
DIS,26403,QMLE-Quote,2015-12-24,0.160366
DIS,26403,QMLE-Quote,2015-12-28,0.175167
DIS,26403,QMLE-Quote,2015-12-29,0.1366
DIS,26403,QMLE-Quote,2015-12-30,0.130258
DIS,26403,QMLE-Quote,2015-12-31,0.121557
DIS,26403,QMLE-Quote,2016-1-4,0.241242
DIS,26403,QMLE-Quote,2016-1-5,0.216289
DIS,26403,QMLE-Quote,2016-1-6,0.201693
DIS,26403,QMLE-Quote,2016-1-7,0.281543
DIS,26403,QMLE-Quote,2016-1-8,0.22531
DIS,26403,QMLE-Quote,2016-1-11,0.243483
DIS,26403,QMLE-Quote,2016-1-12,0.231377
DIS,26403,QMLE-Quote,2016-1-13,0.264304
DIS,26403,QMLE-Quote,2016-1-14,0.288989
DIS,26403,QMLE-Quote,2016-1-15,0.353282
DIS,26403,QMLE-Quote,2016-1-19,0.260648
DIS,26403,QMLE-Quote,2016-1-20,0.32757
DIS,26403,QMLE-Quote,2016-1-21,0.298441
DIS,26403,QMLE-Quote,2016-1-22,0.204255
DIS,26403,QMLE-Quote,2016-1-25,0.150438
DIS,26403,QMLE-Quote,2016-1-26,0.209563
DIS,26403,QMLE-Quote,2016-1-27,0.240408
DIS,26403,QMLE-Quote,2016-1-28,0.227214
DIS,26403,QMLE-Quote,2016-1-29,0.180843
DIS,26403,QMLE-Quote,2016-2-1,0.16299
DIS,26403,QMLE-Quote,2016-2-2,0.190782
DIS,26403,QMLE-Quote,2016-2-3,0.281657
DIS,26403,QMLE-Quote,2016-2-4,0.325567
DIS,26403,QMLE-Quote,2016-2-5,0.242103
DIS,26403,QMLE-Quote,2016-2-8,0.279183
DIS,26403,QMLE-Quote,2016-2-9,0.405269
DIS,26403,QMLE-Quote,2016-2-10,0.498288
DIS,26403,QMLE-Quote,2016-2-11,0.375219
DIS,26403,QMLE-Quote,2016-2-12,0.279689
DIS,26403,QMLE-Quote,2016-2-16,0.189883
DIS,26403,QMLE-Quote,2016-2-17,0.181375
DIS,26403,QMLE-Quote,2016-2-18,0.20609
DIS,26403,QMLE-Quote,2016-2-19,0.202024
DIS,26403,QMLE-Quote,2016-2-22,0.163178
DIS,26403,QMLE-Quote,2016-2-23,0.176681
DIS,26403,QMLE-Quote,2016-2-24,0.199194
DIS,26403,QMLE-Quote,2016-2-25,0.15525
DIS,26403,QMLE-Quote,2016-2-26,0.145122
DIS,26403,QMLE-Quote,2016-2-29,0.165111
DIS,26403,QMLE-Quote,2016-3-1,0.184732
DIS,26403,QMLE-Quote,2016-3-2,0.162503
DIS,26403,QMLE-Quote,2016-3-3,0.203652
DIS,26403,QMLE-Quote,2016-3-4,0.157248
DIS,26403,QMLE-Quote,2016-3-7,0.163412
DIS,26403,QMLE-Quote,2016-3-8,0.176945
DIS,26403,QMLE-Quote,2016-3-9,0.162422
DIS,26403,QMLE-Quote,2016-3-10,0.199343
DIS,26403,QMLE-Quote,2016-3-11,0.140912
DIS,26403,QMLE-Quote,2016-3-14,0.133468
DIS,26403,QMLE-Quote,2016-3-15,0.145022
DIS,26403,QMLE-Quote,2016-3-16,0.166971
DIS,26403,QMLE-Quote,2016-3-17,0.138952
DIS,26403,QMLE-Quote,2016-3-18,0.135863
DIS,26403,QMLE-Quote,2016-3-21,0.139875
DIS,26403,QMLE-Quote,2016-3-22,0.11261
DIS,26403,QMLE-Quote,2016-3-23,0.13226
DIS,26403,QMLE-Quote,2016-3-24,0.130301
DIS,26403,QMLE-Quote,2016-3-28,0.121026
DIS,26403,QMLE-Quote,2016-3-29,0.11969
DIS,26403,QMLE-Quote,2016-3-30,0.11234
DIS,26403,QMLE-Quote,2016-3-31,0.149291
DIS,26403,QMLE-Quote,2016-4-1,0.112517
DIS,26403,QMLE-Quote,2016-4-4,0.117605
DIS,26403,QMLE-Quote,2016-4-5,0.174648
DIS,26403,QMLE-Quote,2016-4-6,0.118579
DIS,26403,QMLE-Quote,2016-4-7,0.120198
DIS,26403,QMLE-Quote,2016-4-8,0.135041
DIS,26403,QMLE-Quote,2016-4-11,0.144101
DIS,26403,QMLE-Quote,2016-4-12,0.135923
DIS,26403,QMLE-Quote,2016-4-13,0.134413
DIS,26403,QMLE-Quote,2016-4-14,0.131351
DIS,26403,QMLE-Quote,2016-4-15,0.124264
DIS,26403,QMLE-Quote,2016-4-18,0.165913
DIS,26403,QMLE-Quote,2016-4-19,0.197017
DIS,26403,QMLE-Quote,2016-4-20,0.135793
DIS,26403,QMLE-Quote,2016-4-21,0.162507
DIS,26403,QMLE-Quote,2016-4-22,0.127577
DIS,26403,QMLE-Quote,2016-4-25,0.137595
DIS,26403,QMLE-Quote,2016-4-26,0.132058
DIS,26403,QMLE-Quote,2016-4-27,0.147659
DIS,26403,QMLE-Quote,2016-4-28,0.136248
DIS,26403,QMLE-Quote,2016-4-29,0.157752
DIS,26403,QMLE-Quote,2016-5-2,0.137207
DIS,26403,QMLE-Quote,2016-5-3,0.130776
DIS,26403,QMLE-Quote,2016-5-4,0.13703
DIS,26403,QMLE-Quote,2016-5-5,0.145042
DIS,26403,QMLE-Quote,2016-5-6,0.131982
DIS,26403,QMLE-Quote,2016-5-9,0.148345
DIS,26403,QMLE-Quote,2016-5-10,0.130398
DIS,26403,QMLE-Quote,2016-5-11,0.240029
DIS,26403,QMLE-Quote,2016-5-12,0.162202
DIS,26403,QMLE-Quote,2016-5-13,0.144927
DIS,26403,QMLE-Quote,2016-5-16,0.15848
DIS,26403,QMLE-Quote,2016-5-17,0.177691
DIS,26403,QMLE-Quote,2016-5-18,0.158889
DIS,26403,QMLE-Quote,2016-5-19,0.1568
DIS,26403,QMLE-Quote,2016-5-20,0.102236
DIS,26403,QMLE-Quote,2016-5-23,0.138675
DIS,26403,QMLE-Quote,2016-5-24,0.086159
DIS,26403,QMLE-Quote,2016-5-25,0.120241
DIS,26403,QMLE-Quote,2016-5-26,0.104671
DIS,26403,QMLE-Quote,2016-5-27,0.101667
DIS,26403,QMLE-Quote,2016-5-31,0.124945
DIS,26403,QMLE-Quote,2016-6-1,0.145427
DIS,26403,QMLE-Quote,2016-6-2,0.114339
DIS,26403,QMLE-Quote,2016-6-3,0.125178
DIS,26403,QMLE-Quote,2016-6-6,0.0902512
DIS,26403,QMLE-Quote,2016-6-7,0.0677057
DIS,26403,QMLE-Quote,2016-6-8,0.100206
DIS,26403,QMLE-Quote,2016-6-9,0.124199
DIS,26403,QMLE-Quote,2016-6-10,0.108483
DIS,26403,QMLE-Quote,2016-6-13,0.167374
DIS,26403,QMLE-Quote,2016-6-14,0.150846
DIS,26403,QMLE-Quote,2016-6-15,0.128266
DIS,26403,QMLE-Quote,2016-6-16,0.138283
DIS,26403,QMLE-Quote,2016-6-17,0.12385
DIS,26403,QMLE-Quote,2016-6-20,0.121295
DIS,26403,QMLE-Quote,2016-6-21,0.118587
DIS,26403,QMLE-Quote,2016-6-22,0.119043
DIS,26403,QMLE-Quote,2016-6-23,0.114679
DIS,26403,QMLE-Quote,2016-6-24,0.227878
DIS,26403,QMLE-Quote,2016-6-27,0.190408
DIS,26403,QMLE-Quote,2016-6-28,0.143641
DIS,26403,QMLE-Quote,2016-6-29,0.123408
DIS,26403,QMLE-Quote,2016-6-30,0.130899
DIS,26403,QMLE-Quote,2016-7-1,0.104283
DIS,26403,QMLE-Quote,2016-7-5,0.105321
DIS,26403,QMLE-Quote,2016-7-6,0.132056
DIS,26403,QMLE-Quote,2016-7-7,0.105157
DIS,26403,QMLE-Quote,2016-7-8,0.0802357
DIS,26403,QMLE-Quote,2016-7-11,0.0918112
DIS,26403,QMLE-Quote,2016-7-12,0.108225
DIS,26403,QMLE-Quote,2016-7-13,0.113972
DIS,26403,QMLE-Quote,2016-7-14,0.114544
DIS,26403,QMLE-Quote,2016-7-15,0.0987861
DIS,26403,QMLE-Quote,2016-7-18,0.0802645
DIS,26403,QMLE-Quote,2016-7-19,0.102126
DIS,26403,QMLE-Quote,2016-7-20,0.142121
DIS,26403,QMLE-Quote,2016-7-21,0.117962
DIS,26403,QMLE-Quote,2016-7-22,0.0966882
DIS,26403,QMLE-Quote,2016-7-25,0.0938184
DIS,26403,QMLE-Quote,2016-7-26,0.114304
DIS,26403,QMLE-Quote,2016-7-27,0.143455
DIS,26403,QMLE-Quote,2016-7-28,0.0962768
DIS,26403,QMLE-Quote,2016-7-29,0.083108
DIS,26403,QMLE-Quote,2016-8-1,0.135103
DIS,26403,QMLE-Quote,2016-8-2,0.110591
DIS,26403,QMLE-Quote,2016-8-3,0.12872
DIS,26403,QMLE-Quote,2016-8-4,0.12692
DIS,26403,QMLE-Quote,2016-8-5,0.116257
DIS,26403,QMLE-Quote,2016-8-8,0.0896234
DIS,26403,QMLE-Quote,2016-8-9,0.148329
DIS,26403,QMLE-Quote,2016-8-10,0.304652
DIS,26403,QMLE-Quote,2016-8-11,0.143882
DIS,26403,QMLE-Quote,2016-8-12,0.116726
DIS,26403,QMLE-Quote,2016-8-15,0.0649608
DIS,26403,QMLE-Quote,2016-8-16,0.0904237
DIS,26403,QMLE-Quote,2016-8-17,0.0832461
DIS,26403,QMLE-Quote,2016-8-18,0.0817676
DIS,26403,QMLE-Quote,2016-8-19,0.0862854
DIS,26403,QMLE-Quote,2016-8-22,0.115429
DIS,26403,QMLE-Quote,2016-8-23,0.0695293
DIS,26403,QMLE-Quote,2016-8-24,0.0948116
DIS,26403,QMLE-Quote,2016-8-25,0.0729939
DIS,26403,QMLE-Quote,2016-8-26,0.128254
DIS,26403,QMLE-Quote,2016-8-29,0.0822091
DIS,26403,QMLE-Quote,2016-8-30,0.104493
DIS,26403,QMLE-Quote,2016-8-31,0.0824307
DIS,26403,QMLE-Quote,2016-9-1,0.113957
DIS,26403,QMLE-Quote,2016-9-2,0.0774873
DIS,26403,QMLE-Quote,2016-9-6,0.115957
DIS,26403,QMLE-Quote,2016-9-7,0.0962662
DIS,26403,QMLE-Quote,2016-9-8,0.111333
DIS,26403,QMLE-Quote,2016-9-9,0.12289
DIS,26403,QMLE-Quote,2016-9-12,0.151941
DIS,26403,QMLE-Quote,2016-9-13,0.1599
DIS,26403,QMLE-Quote,2016-9-14,0.121865
DIS,26403,QMLE-Quote,2016-9-15,0.132805
DIS,26403,QMLE-Quote,2016-9-16,0.142024
DIS,26403,QMLE-Quote,2016-9-19,0.106842
DIS,26403,QMLE-Quote,2016-9-20,0.0995449
DIS,26403,QMLE-Quote,2016-9-21,0.182672
DIS,26403,QMLE-Quote,2016-9-22,0.102741
DIS,26403,QMLE-Quote,2016-9-23,0.105486
DIS,26403,QMLE-Quote,2016-9-26,0.139882
DIS,26403,QMLE-Quote,2016-9-27,0.0807201
DIS,26403,QMLE-Quote,2016-9-28,0.0847311
DIS,26403,QMLE-Quote,2016-9-29,0.144713
DIS,26403,QMLE-Quote,2016-9-30,0.121392
DIS,26403,QMLE-Quote,2016-10-3,0.0969829
DIS,26403,QMLE-Quote,2016-10-4,0.132617
DIS,26403,QMLE-Quote,2016-10-5,0.106178
DIS,26403,QMLE-Quote,2016-10-6,0.146034
DIS,26403,QMLE-Quote,2016-10-7,0.127112
DIS,26403,QMLE-Quote,2016-10-10,0.0930181
DIS,26403,QMLE-Quote,2016-10-11,0.10274
DIS,26403,QMLE-Quote,2016-10-12,0.086969
DIS,26403,QMLE-Quote,2016-10-13,0.124027
DIS,26403,QMLE-Quote,2016-10-14,0.0855535
DIS,26403,QMLE-Quote,2016-10-17,0.107321
DIS,26403,QMLE-Quote,2016-10-18,0.113199
DIS,26403,QMLE-Quote,2016-10-19,0.0918411
DIS,26403,QMLE-Quote,2016-10-20,0.120581
DIS,26403,QMLE-Quote,2016-10-21,0.211425
DIS,26403,QMLE-Quote,2016-10-24,0.160329
DIS,26403,QMLE-Quote,2016-10-25,0.121633
DIS,26403,QMLE-Quote,2016-10-26,0.142884
DIS,26403,QMLE-Quote,2016-10-27,0.137568
DIS,26403,QMLE-Quote,2016-10-28,0.145775
DIS,26403,QMLE-Quote,2016-10-31,0.151187
DIS,26403,QMLE-Quote,2016-11-1,0.148024
DIS,26403,QMLE-Quote,2016-11-2,0.131687
DIS,26403,QMLE-Quote,2016-11-3,0.175857
DIS,26403,QMLE-Quote,2016-11-4,0.157538
DIS,26403,QMLE-Quote,2016-11-7,0.118348
DIS,26403,QMLE-Quote,2016-11-8,0.122218
DIS,26403,QMLE-Quote,2016-11-9,0.25152
DIS,26403,QMLE-Quote,2016-11-10,0.246308
DIS,26403,QMLE-Quote,2016-11-11,0.318573
DIS,26403,QMLE-Quote,2016-11-14,0.178277
DIS,26403,QMLE-Quote,2016-11-15,0.124155
DIS,26403,QMLE-Quote,2016-11-16,0.128919
DIS,26403,QMLE-Quote,2016-11-17,0.146599
DIS,26403,QMLE-Quote,2016-11-18,0.0770391
DIS,26403,QMLE-Quote,2016-11-21,0.134228
DIS,26403,QMLE-Quote,2016-11-22,0.0876974
DIS,26403,QMLE-Quote,2016-11-23,0.114113
DIS,26403,QMLE-Quote,2016-11-25,0.0852448
DIS,26403,QMLE-Quote,2016-11-28,0.0968087
DIS,26403,QMLE-Quote,2016-11-29,0.0903456
DIS,26403,QMLE-Quote,2016-11-30,0.111331
DIS,26403,QMLE-Quote,2016-12-1,0.127103
DIS,26403,QMLE-Quote,2016-12-2,0.0969234
DIS,26403,QMLE-Quote,2016-12-5,0.136465
DIS,26403,QMLE-Quote,2016-12-6,0.0921746
DIS,26403,QMLE-Quote,2016-12-7,0.105693
DIS,26403,QMLE-Quote,2016-12-8,0.172668
DIS,26403,QMLE-Quote,2016-12-9,0.195693
DIS,26403,QMLE-Quote,2016-12-12,0.11882
DIS,26403,QMLE-Quote,2016-12-13,0.107649
DIS,26403,QMLE-Quote,2016-12-14,0.145252
DIS,26403,QMLE-Quote,2016-12-15,0.143602
DIS,26403,QMLE-Quote,2016-12-16,0.112329
DIS,26403,QMLE-Quote,2016-12-19,0.145564
DIS,26403,QMLE-Quote,2016-12-20,0.114436
DIS,26403,QMLE-Quote,2016-12-21,0.10377
DIS,26403,QMLE-Quote,2016-12-22,0.140105
DIS,26403,QMLE-Quote,2016-12-23,0.0834397
DIS,26403,QMLE-Quote,2016-12-27,0.0772777
DIS,26403,QMLE-Quote,2016-12-28,0.103596
DIS,26403,QMLE-Quote,2016-12-29,0.091253
DIS,26403,QMLE-Quote,2016-12-30,0.0905765
DIS,26403,QMLE-Quote,2017-1-3,0.14391
DIS,26403,QMLE-Quote,2017-1-4,0.109342
DIS,26403,QMLE-Quote,2017-1-5,0.129911
DIS,26403,QMLE-Quote,2017-1-6,0.0994231
DIS,26403,QMLE-Quote,2017-1-9,0.118318
DIS,26403,QMLE-Quote,2017-1-10,0.110605
DIS,26403,QMLE-Quote,2017-1-11,0.116602
DIS,26403,QMLE-Quote,2017-1-12,0.167926
DIS,26403,QMLE-Quote,2017-1-13,0.117034
DIS,26403,QMLE-Quote,2017-1-17,0.117781
DIS,26403,QMLE-Quote,2017-1-18,0.138816
DIS,26403,QMLE-Quote,2017-1-19,0.0980139
DIS,26403,QMLE-Quote,2017-1-20,0.128769
DIS,26403,QMLE-Quote,2017-1-23,0.0929598
DIS,26403,QMLE-Quote,2017-1-24,0.0990802
DIS,26403,QMLE-Quote,2017-1-25,0.073684
DIS,26403,QMLE-Quote,2017-1-26,0.10364
DIS,26403,QMLE-Quote,2017-1-27,0.0858476
DIS,26403,QMLE-Quote,2017-1-30,0.136734
DIS,26403,QMLE-Quote,2017-1-31,0.103366
DIS,26403,QMLE-Quote,2017-2-1,0.142973
DIS,26403,QMLE-Quote,2017-2-2,0.0921121
DIS,26403,QMLE-Quote,2017-2-3,0.0956431
DIS,26403,QMLE-Quote,2017-2-6,0.0883658
DIS,26403,QMLE-Quote,2017-2-7,0.0984183
DIS,26403,QMLE-Quote,2017-2-8,0.217765
DIS,26403,QMLE-Quote,2017-2-9,0.102313
DIS,26403,QMLE-Quote,2017-2-10,0.0982064
DIS,26403,QMLE-Quote,2017-2-13,0.0935736
DIS,26403,QMLE-Quote,2017-2-14,0.0714479
DIS,26403,QMLE-Quote,2017-2-15,0.0789231
DIS,26403,QMLE-Quote,2017-2-16,0.0799435
DIS,26403,QMLE-Quote,2017-2-17,0.0665978
DIS,26403,QMLE-Quote,2017-2-21,0.057395
DIS,26403,QMLE-Quote,2017-2-22,0.0689819
DIS,26403,QMLE-Quote,2017-2-23,0.078122
DIS,26403,QMLE-Quote,2017-2-24,0.0837629
DIS,26403,QMLE-Quote,2017-2-27,0.0695602
DIS,26403,QMLE-Quote,2017-2-28,0.0734159
DIS,26403,QMLE-Quote,2017-3-1,0.0981836
DIS,26403,QMLE-Quote,2017-3-2,0.0689488
DIS,26403,QMLE-Quote,2017-3-3,0.0891768
DIS,26403,QMLE-Quote,2017-3-6,0.0794544
DIS,26403,QMLE-Quote,2017-3-7,0.0845457
DIS,26403,QMLE-Quote,2017-3-8,0.0791017
DIS,26403,QMLE-Quote,2017-3-9,0.061439
DIS,26403,QMLE-Quote,2017-3-10,0.0725596
DIS,26403,QMLE-Quote,2017-3-13,0.0964703
DIS,26403,QMLE-Quote,2017-3-14,0.110601
DIS,26403,QMLE-Quote,2017-3-15,0.11611
DIS,26403,QMLE-Quote,2017-3-16,0.0952272
DIS,26403,QMLE-Quote,2017-3-17,0.0827534
DIS,26403,QMLE-Quote,2017-3-20,0.103766
DIS,26403,QMLE-Quote,2017-3-21,0.121204
DIS,26403,QMLE-Quote,2017-3-22,0.0929774
DIS,26403,QMLE-Quote,2017-3-23,0.103631
DIS,26403,QMLE-Quote,2017-3-24,0.0912233
DIS,26403,QMLE-Quote,2017-3-27,0.0890904
DIS,26403,QMLE-Quote,2017-3-28,0.0735399
DIS,26403,QMLE-Quote,2017-3-29,0.0717886
DIS,26403,QMLE-Quote,2017-3-30,0.0797497
DIS,26403,QMLE-Quote,2017-3-31,0.0703128
DIS,26403,QMLE-Quote,2017-4-3,0.0937206
DIS,26403,QMLE-Quote,2017-4-4,0.079558
DIS,26403,QMLE-Quote,2017-4-5,0.0965458
DIS,26403,QMLE-Quote,2017-4-6,0.102168
DIS,26403,QMLE-Quote,2017-4-7,0.0896231
DIS,26403,QMLE-Quote,2017-4-10,0.0927271
DIS,26403,QMLE-Quote,2017-4-11,0.116588
DIS,26403,QMLE-Quote,2017-4-12,0.0853023
DIS,26403,QMLE-Quote,2017-4-13,0.107798
DIS,26403,QMLE-Quote,2017-4-17,0.0686507
DIS,26403,QMLE-Quote,2017-4-18,0.14616
DIS,26403,QMLE-Quote,2017-4-19,0.0902105
DIS,26403,QMLE-Quote,2017-4-20,0.0733127
DIS,26403,QMLE-Quote,2017-4-21,0.087588
DIS,26403,QMLE-Quote,2017-4-24,0.0823951
DIS,26403,QMLE-Quote,2017-4-25,0.111807
DIS,26403,QMLE-Quote,2017-4-26,0.0920148
DIS,26403,QMLE-Quote,2017-4-27,0.0801128
DIS,26403,QMLE-Quote,2017-4-28,0.0720229
DIS,26403,QMLE-Quote,2017-5-1,0.0891809
DIS,26403,QMLE-Quote,2017-5-2,0.0964094
DIS,26403,QMLE-Quote,2017-5-3,0.148977
DIS,26403,QMLE-Quote,2017-5-4,0.17996
DIS,26403,QMLE-Quote,2017-5-5,0.105188
DIS,26403,QMLE-Quote,2017-5-8,0.110642
DIS,26403,QMLE-Quote,2017-5-9,0.154718
DIS,26403,QMLE-Quote,2017-5-10,0.190997
DIS,26403,QMLE-Quote,2017-5-11,0.130757
DIS,26403,QMLE-Quote,2017-5-12,0.0912563
DIS,26403,QMLE-Quote,2017-5-15,0.0893283
DIS,26403,QMLE-Quote,2017-5-16,0.101079
DIS,26403,QMLE-Quote,2017-5-17,0.155345
DIS,26403,QMLE-Quote,2017-5-18,0.121002
DIS,26403,QMLE-Quote,2017-5-19,0.0996411
DIS,26403,QMLE-Quote,2017-5-22,0.0926079
DIS,26403,QMLE-Quote,2017-5-23,0.0873583
DIS,26403,QMLE-Quote,2017-5-24,0.0875638
DIS,26403,QMLE-Quote,2017-5-25,0.106144
DIS,26403,QMLE-Quote,2017-5-26,0.0943303
DIS,26403,QMLE-Quote,2017-5-30,0.061942
DIS,26403,QMLE-Quote,2017-5-31,0.100524
DIS,26403,QMLE-Quote,2017-6-1,0.0954635
DIS,26403,QMLE-Quote,2017-6-2,0.106176
DIS,26403,QMLE-Quote,2017-6-5,0.105117
DIS,26403,QMLE-Quote,2017-6-6,0.0998172
DIS,26403,QMLE-Quote,2017-6-7,0.0806258
DIS,26403,QMLE-Quote,2017-6-8,0.116579
DIS,26403,QMLE-Quote,2017-6-9,0.121215
DIS,26403,QMLE-Quote,2017-6-12,0.158288
DIS,26403,QMLE-Quote,2017-6-13,0.101538
DIS,26403,QMLE-Quote,2017-6-14,0.100717
DIS,26403,QMLE-Quote,2017-6-15,0.115185
DIS,26403,QMLE-Quote,2017-6-16,0.111695
DIS,26403,QMLE-Quote,2017-6-19,0.106048
DIS,26403,QMLE-Quote,2017-6-20,0.114703
DIS,26403,QMLE-Quote,2017-6-21,0.152179
DIS,26403,QMLE-Quote,2017-6-22,0.119774
DIS,26403,QMLE-Quote,2017-6-23,0.135646
DIS,26403,QMLE-Quote,2017-6-26,0.102296
DIS,26403,QMLE-Quote,2017-6-27,0.107814
DIS,26403,QMLE-Quote,2017-6-28,0.135859
DIS,26403,QMLE-Quote,2017-6-29,0.156985
DIS,26403,QMLE-Quote,2017-6-30,0.121394
DIS,26403,QMLE-Quote,2017-7-3,0.156882
DIS,26403,QMLE-Quote,2017-7-5,0.135194
DIS,26403,QMLE-Quote,2017-7-6,0.135838
DIS,26403,QMLE-Quote,2017-7-7,0.127398
DIS,26403,QMLE-Quote,2017-7-10,0.0999495
DIS,26403,QMLE-Quote,2017-7-11,0.117183
DIS,26403,QMLE-Quote,2017-7-12,0.108291
DIS,26403,QMLE-Quote,2017-7-13,0.115743
DIS,26403,QMLE-Quote,2017-7-14,0.109737
DIS,26403,QMLE-Quote,2017-7-17,0.0837367
DIS,26403,QMLE-Quote,2017-7-18,0.117124
DIS,26403,QMLE-Quote,2017-7-19,0.0958542
DIS,26403,QMLE-Quote,2017-7-20,0.086407
DIS,26403,QMLE-Quote,2017-7-21,0.0706952
DIS,26403,QMLE-Quote,2017-7-24,0.0702718
DIS,26403,QMLE-Quote,2017-7-25,0.0973581
DIS,26403,QMLE-Quote,2017-7-26,0.0876883
DIS,26403,QMLE-Quote,2017-7-27,0.207121
DIS,26403,QMLE-Quote,2017-7-28,0.0930123
DIS,26403,QMLE-Quote,2017-7-31,0.091686
DIS,26403,QMLE-Quote,2017-8-1,0.0925919
DIS,26403,QMLE-Quote,2017-8-2,0.145292
DIS,26403,QMLE-Quote,2017-8-3,0.130443
DIS,26403,QMLE-Quote,2017-8-4,0.142479
DIS,26403,QMLE-Quote,2017-8-7,0.111871
DIS,26403,QMLE-Quote,2017-8-8,0.162304
DIS,26403,QMLE-Quote,2017-8-9,0.283199
DIS,26403,QMLE-Quote,2017-8-10,0.166805
DIS,26403,QMLE-Quote,2017-8-11,0.125592
DIS,26403,QMLE-Quote,2017-8-14,0.12232
DIS,26403,QMLE-Quote,2017-8-15,0.105511
DIS,26403,QMLE-Quote,2017-8-16,0.0981493
DIS,26403,QMLE-Quote,2017-8-17,0.117139
DIS,26403,QMLE-Quote,2017-8-18,0.134435
DIS,26403,QMLE-Quote,2017-8-21,0.109745
DIS,26403,QMLE-Quote,2017-8-22,0.0869747
DIS,26403,QMLE-Quote,2017-8-23,0.133976
DIS,26403,QMLE-Quote,2017-8-24,0.0980258
DIS,26403,QMLE-Quote,2017-8-25,0.0882092
DIS,26403,QMLE-Quote,2017-8-28,0.0969988
DIS,26403,QMLE-Quote,2017-8-29,0.105274
DIS,26403,QMLE-Quote,2017-8-30,0.109681
DIS,26403,QMLE-Quote,2017-8-31,0.138203
DIS,26403,QMLE-Quote,2017-9-1,0.0843385
DIS,26403,QMLE-Quote,2017-9-5,0.13814
DIS,26403,QMLE-Quote,2017-9-6,0.116402
DIS,26403,QMLE-Quote,2017-9-7,0.420489
DIS,26403,QMLE-Quote,2017-9-8,0.159761
DIS,26403,QMLE-Quote,2017-9-11,0.13133
DIS,26403,QMLE-Quote,2017-9-12,0.11638
DIS,26403,QMLE-Quote,2017-9-13,0.110951
DIS,26403,QMLE-Quote,2017-9-14,0.120874
DIS,26403,QMLE-Quote,2017-9-15,0.101805
DIS,26403,QMLE-Quote,2017-9-18,0.101052
DIS,26403,QMLE-Quote,2017-9-19,0.0997572
DIS,26403,QMLE-Quote,2017-9-20,0.105347
DIS,26403,QMLE-Quote,2017-9-21,0.0955582
DIS,26403,QMLE-Quote,2017-9-22,0.0749062
DIS,26403,QMLE-Quote,2017-9-25,0.113226
DIS,26403,QMLE-Quote,2017-9-26,0.112725
DIS,26403,QMLE-Quote,2017-9-27,0.112411
DIS,26403,QMLE-Quote,2017-9-28,0.108159
DIS,26403,QMLE-Quote,2017-9-29,0.10594
DIS,26403,QMLE-Quote,2017-10-2,0.122612
DIS,26403,QMLE-Quote,2017-10-3,0.108044
DIS,26403,QMLE-Quote,2017-10-4,0.102083
DIS,26403,QMLE-Quote,2017-10-5,0.0883602
DIS,26403,QMLE-Quote,2017-10-6,0.100276
DIS,26403,QMLE-Quote,2017-10-9,0.11124
DIS,26403,QMLE-Quote,2017-10-10,0.105797
DIS,26403,QMLE-Quote,2017-10-11,0.129094
DIS,26403,QMLE-Quote,2017-10-12,0.143122
DIS,26403,QMLE-Quote,2017-10-13,0.0831337
DIS,26403,QMLE-Quote,2017-10-16,0.0735746
DIS,26403,QMLE-Quote,2017-10-17,0.0899149
DIS,26403,QMLE-Quote,2017-10-18,0.105457
DIS,26403,QMLE-Quote,2017-10-19,0.0818001
DIS,26403,QMLE-Quote,2017-10-20,0.089803
DIS,26403,QMLE-Quote,2017-10-23,0.0987684
DIS,26403,QMLE-Quote,2017-10-24,0.0937311
DIS,26403,QMLE-Quote,2017-10-25,0.104404
DIS,26403,QMLE-Quote,2017-10-26,0.14222
DIS,26403,QMLE-Quote,2017-10-27,0.163996
DIS,26403,QMLE-Quote,2017-10-30,0.0985161
DIS,26403,QMLE-Quote,2017-10-31,0.0931913
DIS,26403,QMLE-Quote,2017-11-1,0.134386
DIS,26403,QMLE-Quote,2017-11-2,0.153661
DIS,26403,QMLE-Quote,2017-11-3,0.122333
DIS,26403,QMLE-Quote,2017-11-6,0.3324
DIS,26403,QMLE-Quote,2017-11-7,0.212629
DIS,26403,QMLE-Quote,2017-11-8,0.175685
DIS,26403,QMLE-Quote,2017-11-9,0.205976
DIS,26403,QMLE-Quote,2017-11-10,0.316188
DIS,26403,QMLE-Quote,2017-11-13,0.133944
DIS,26403,QMLE-Quote,2017-11-14,0.140726
DIS,26403,QMLE-Quote,2017-11-15,0.148171
DIS,26403,QMLE-Quote,2017-11-16,0.167693
DIS,26403,QMLE-Quote,2017-11-17,0.110871
DIS,26403,QMLE-Quote,2017-11-20,0.125962
DIS,26403,QMLE-Quote,2017-11-21,0.0786914
DIS,26403,QMLE-Quote,2017-11-22,0.0676112
DIS,26403,QMLE-Quote,2017-11-24,0.0673896
DIS,26403,QMLE-Quote,2017-11-27,0.0831536
DIS,26403,QMLE-Quote,2017-11-28,0.101218
DIS,26403,QMLE-Quote,2017-11-29,0.157283
DIS,26403,QMLE-Quote,2017-11-30,0.146863
DIS,26403,QMLE-Quote,2017-12-1,0.222502
DIS,26403,QMLE-Quote,2017-12-4,0.259963
DIS,26403,QMLE-Quote,2017-12-5,0.325014
DIS,26403,QMLE-Quote,2017-12-6,0.232823
DIS,26403,QMLE-Quote,2017-12-7,0.162973
DIS,26403,QMLE-Quote,2017-12-8,0.129437
DIS,26403,QMLE-Quote,2017-12-11,0.158364
DIS,26403,QMLE-Quote,2017-12-12,0.143264
DIS,26403,QMLE-Quote,2017-12-13,0.148684
DIS,26403,QMLE-Quote,2017-12-14,0.369715
DIS,26403,QMLE-Quote,2017-12-15,0.227548
DIS,26403,QMLE-Quote,2017-12-18,0.197887
DIS,26403,QMLE-Quote,2017-12-19,0.151648
DIS,26403,QMLE-Quote,2017-12-20,0.172602
DIS,26403,QMLE-Quote,2017-12-21,0.16544
DIS,26403,QMLE-Quote,2017-12-22,0.111786
DIS,26403,QMLE-Quote,2017-12-26,0.110776
DIS,26403,QMLE-Quote,2017-12-27,0.088575
DIS,26403,QMLE-Quote,2017-12-28,0.0981506
DIS,26403,QMLE-Quote,2017-12-29,0.085054
DIS,26403,QMLE-Quote,2018-1-2,0.152596
DIS,26403,QMLE-Quote,2018-1-3,0.150394
DIS,26403,QMLE-Quote,2018-1-4,0.13717
DIS,26403,QMLE-Quote,2018-1-5,0.143935
DIS,26403,QMLE-Quote,2018-1-8,0.143248
DIS,26403,QMLE-Quote,2018-1-9,0.12165
DIS,26403,QMLE-Quote,2018-1-10,0.127374
DIS,26403,QMLE-Quote,2018-1-11,0.115873
DIS,26403,QMLE-Quote,2018-1-12,0.126533
DIS,26403,QMLE-Quote,2018-1-16,0.128688
DIS,26403,QMLE-Quote,2018-1-17,0.131342
DIS,26403,QMLE-Quote,2018-1-18,0.118132
DIS,26403,QMLE-Quote,2018-1-19,0.164884
DIS,26403,QMLE-Quote,2018-1-22,0.124077
DIS,26403,QMLE-Quote,2018-1-23,0.139762
DIS,26403,QMLE-Quote,2018-1-24,0.137806
DIS,26403,QMLE-Quote,2018-1-25,0.141656
DIS,26403,QMLE-Quote,2018-1-26,0.105591
DIS,26403,QMLE-Quote,2018-1-29,0.108429
DIS,26403,QMLE-Quote,2018-1-30,0.1556
DIS,26403,QMLE-Quote,2018-1-31,0.163396
DIS,26403,QMLE-Quote,2018-2-1,0.213849
DIS,26403,QMLE-Quote,2018-2-2,0.161606
DIS,26403,QMLE-Quote,2018-2-5,0.372333
DIS,26403,QMLE-Quote,2018-2-6,0.517178
DIS,26403,QMLE-Quote,2018-2-7,0.33456
DIS,26403,QMLE-Quote,2018-2-8,0.309751
DIS,26403,QMLE-Quote,2018-2-9,0.379442
DIS,26403,QMLE-Quote,2018-2-12,0.222523
DIS,26403,QMLE-Quote,2018-2-13,0.181253
DIS,26403,QMLE-Quote,2018-2-14,0.190442
DIS,26403,QMLE-Quote,2018-2-15,0.161171
DIS,26403,QMLE-Quote,2018-2-16,0.182663
DIS,26403,QMLE-Quote,2018-2-20,0.205282
DIS,26403,QMLE-Quote,2018-2-21,0.170485
DIS,26403,QMLE-Quote,2018-2-22,0.15491
DIS,26403,QMLE-Quote,2018-2-23,0.133155
DIS,26403,QMLE-Quote,2018-2-26,0.142097
DIS,26403,QMLE-Quote,2018-2-27,0.226929
DIS,26403,QMLE-Quote,2018-2-28,0.179538
DIS,26403,QMLE-Quote,2018-3-1,0.241678
DIS,26403,QMLE-Quote,2018-3-2,0.198752
DIS,26403,QMLE-Quote,2018-3-5,0.151273
DIS,26403,QMLE-Quote,2018-3-6,0.152775
DIS,26403,QMLE-Quote,2018-3-7,0.157581
DIS,26403,QMLE-Quote,2018-3-8,0.153475
DIS,26403,QMLE-Quote,2018-3-9,0.11711
DIS,26403,QMLE-Quote,2018-3-12,0.136147
DIS,26403,QMLE-Quote,2018-3-13,0.153843
DIS,26403,QMLE-Quote,2018-3-14,0.176407
DIS,26403,QMLE-Quote,2018-3-15,0.11332
DIS,26403,QMLE-Quote,2018-3-16,0.149329
DIS,26403,QMLE-Quote,2018-3-19,0.152366
DIS,26403,QMLE-Quote,2018-3-20,0.128074
DIS,26403,QMLE-Quote,2018-3-21,0.194213
DIS,26403,QMLE-Quote,2018-3-22,0.159316
DIS,26403,QMLE-Quote,2018-3-23,0.182188
DIS,26403,QMLE-Quote,2018-3-26,0.164138
DIS,26403,QMLE-Quote,2018-3-27,0.206971
DIS,26403,QMLE-Quote,2018-3-28,0.232154
DIS,26403,QMLE-Quote,2018-3-29,0.188657
DIS,26403,QMLE-Quote,2018-4-2,0.219906
DIS,26403,QMLE-Quote,2018-4-3,0.198341
DIS,26403,QMLE-Quote,2018-4-4,0.194918
DIS,26403,QMLE-Quote,2018-4-5,0.161024
DIS,26403,QMLE-Quote,2018-4-6,0.187722
DIS,26403,QMLE-Quote,2018-4-9,0.16108
DIS,26403,QMLE-Quote,2018-4-10,0.19872
DIS,26403,QMLE-Quote,2018-4-11,0.1704
DIS,26403,QMLE-Quote,2018-4-12,0.150788
DIS,26403,QMLE-Quote,2018-4-13,0.159556
DIS,26403,QMLE-Quote,2018-4-16,0.155277
DIS,26403,QMLE-Quote,2018-4-17,0.115062
DIS,26403,QMLE-Quote,2018-4-18,0.130944
DIS,26403,QMLE-Quote,2018-4-19,0.176092
DIS,26403,QMLE-Quote,2018-4-20,0.143772
DIS,26403,QMLE-Quote,2018-4-23,0.129637
DIS,26403,QMLE-Quote,2018-4-24,0.168525
DIS,26403,QMLE-Quote,2018-4-25,0.17862
DIS,26403,QMLE-Quote,2018-4-26,0.142273
DIS,26403,QMLE-Quote,2018-4-27,0.175285
DIS,26403,QMLE-Quote,2018-4-30,0.141553
DIS,26403,QMLE-Quote,2018-5-1,0.146261
DIS,26403,QMLE-Quote,2018-5-2,0.15187
DIS,26403,QMLE-Quote,2018-5-3,0.182404
DIS,26403,QMLE-Quote,2018-5-4,0.154605
DIS,26403,QMLE-Quote,2018-5-7,0.16899
DIS,26403,QMLE-Quote,2018-5-8,0.212226
DIS,26403,QMLE-Quote,2018-5-9,0.233919
DIS,26403,QMLE-Quote,2018-5-10,0.133758
DIS,26403,QMLE-Quote,2018-5-11,0.116688
DIS,26403,QMLE-Quote,2018-5-14,0.136194
DIS,26403,QMLE-Quote,2018-5-15,0.124785
DIS,26403,QMLE-Quote,2018-5-16,0.113493
DIS,26403,QMLE-Quote,2018-5-17,0.137742
DIS,26403,QMLE-Quote,2018-5-18,0.126835
DIS,26403,QMLE-Quote,2018-5-21,0.130313
DIS,26403,QMLE-Quote,2018-5-22,0.165913
DIS,26403,QMLE-Quote,2018-5-23,0.135776
DIS,26403,QMLE-Quote,2018-5-24,0.154717
DIS,26403,QMLE-Quote,2018-5-25,0.115197
DIS,26403,QMLE-Quote,2018-5-29,0.158587
DIS,26403,QMLE-Quote,2018-5-30,0.112314
DIS,26403,QMLE-Quote,2018-5-31,0.132139
DIS,26403,QMLE-Quote,2018-6-1,0.103164
DIS,26403,QMLE-Quote,2018-6-4,0.0994119
DIS,26403,QMLE-Quote,2018-6-5,0.101984
DIS,26403,QMLE-Quote,2018-6-6,0.130568
DIS,26403,QMLE-Quote,2018-6-7,0.148789
DIS,26403,QMLE-Quote,2018-6-8,0.142886
DIS,26403,QMLE-Quote,2018-6-11,0.117318
DIS,26403,QMLE-Quote,2018-6-12,0.121205
DIS,26403,QMLE-Quote,2018-6-13,0.287354
DIS,26403,QMLE-Quote,2018-6-14,0.24965
DIS,26403,QMLE-Quote,2018-6-15,0.141807
DIS,26403,QMLE-Quote,2018-6-18,0.158684
DIS,26403,QMLE-Quote,2018-6-19,0.137958
DIS,26403,QMLE-Quote,2018-6-20,0.281445
DIS,26403,QMLE-Quote,2018-6-21,0.126953
DIS,26403,QMLE-Quote,2018-6-22,0.117145
DIS,26403,QMLE-Quote,2018-6-25,0.160905
DIS,26403,QMLE-Quote,2018-6-26,0.119293
DIS,26403,QMLE-Quote,2018-6-27,0.194765
DIS,26403,QMLE-Quote,2018-6-28,0.167374
DIS,26403,QMLE-Quote,2018-6-29,0.137934
DIS,26403,QMLE-Quote,2018-7-2,0.142238
DIS,26403,QMLE-Quote,2018-7-3,0.124879
DIS,26403,QMLE-Quote,2018-7-5,0.158711
DIS,26403,QMLE-Quote,2018-7-6,0.123616
DIS,26403,QMLE-Quote,2018-7-9,0.098915
DIS,26403,QMLE-Quote,2018-7-10,0.134575
DIS,26403,QMLE-Quote,2018-7-11,0.237288
DIS,26403,QMLE-Quote,2018-7-12,0.15071
DIS,26403,QMLE-Quote,2018-7-13,0.17436
DIS,26403,QMLE-Quote,2018-7-16,0.185342
DIS,26403,QMLE-Quote,2018-7-17,0.213617
DIS,26403,QMLE-Quote,2018-7-18,0.132568
DIS,26403,QMLE-Quote,2018-7-19,0.272168
DIS,26403,QMLE-Quote,2018-7-20,0.162183
DIS,26403,QMLE-Quote,2018-7-23,0.114804
DIS,26403,QMLE-Quote,2018-7-24,0.135974
DIS,26403,QMLE-Quote,2018-7-25,0.148871
DIS,26403,QMLE-Quote,2018-7-26,0.222333
DIS,26403,QMLE-Quote,2018-7-27,0.126742
DIS,26403,QMLE-Quote,2018-7-30,0.140176
DIS,26403,QMLE-Quote,2018-7-31,0.156187
DIS,26403,QMLE-Quote,2018-8-1,0.133492
DIS,26403,QMLE-Quote,2018-8-2,0.118639
DIS,26403,QMLE-Quote,2018-8-3,0.13637
DIS,26403,QMLE-Quote,2018-8-6,0.173591
DIS,26403,QMLE-Quote,2018-8-7,0.243717
DIS,26403,QMLE-Quote,2018-8-8,0.276683
DIS,26403,QMLE-Quote,2018-8-9,0.175149
DIS,26403,QMLE-Quote,2018-8-10,0.163152
DIS,26403,QMLE-Quote,2018-8-13,0.131144
DIS,26403,QMLE-Quote,2018-8-14,0.135457
DIS,26403,QMLE-Quote,2018-8-15,0.151197
DIS,26403,QMLE-Quote,2018-8-16,0.088405
DIS,26403,QMLE-Quote,2018-8-17,0.105242
DIS,26403,QMLE-Quote,2018-8-20,0.105436
DIS,26403,QMLE-Quote,2018-8-21,0.078116
DIS,26403,QMLE-Quote,2018-8-22,0.0889684
DIS,26403,QMLE-Quote,2018-8-23,0.0973859
DIS,26403,QMLE-Quote,2018-8-24,0.101761
DIS,26403,QMLE-Quote,2018-8-27,0.104921
DIS,26403,QMLE-Quote,2018-8-28,0.0831622
DIS,26403,QMLE-Quote,2018-8-29,0.0871626
DIS,26403,QMLE-Quote,2018-8-30,0.0956203
DIS,26403,QMLE-Quote,2018-8-31,0.0971622
DIS,26403,QMLE-Quote,2018-9-4,0.124603
DIS,26403,QMLE-Quote,2018-9-5,0.144449
DIS,26403,QMLE-Quote,2018-9-6,0.141647
DIS,26403,QMLE-Quote,2018-9-7,0.112142
DIS,26403,QMLE-Quote,2018-9-10,0.109502
DIS,26403,QMLE-Quote,2018-9-11,0.0965088
DIS,26403,QMLE-Quote,2018-9-12,0.111496
DIS,26403,QMLE-Quote,2018-9-13,0.0979986
DIS,26403,QMLE-Quote,2018-9-14,0.121825
DIS,26403,QMLE-Quote,2018-9-17,0.150528
DIS,26403,QMLE-Quote,2018-9-18,0.148524
DIS,26403,QMLE-Quote,2018-9-19,0.106777
DIS,26403,QMLE-Quote,2018-9-20,0.147046
DIS,26403,QMLE-Quote,2018-9-21,0.159644
DIS,26403,QMLE-Quote,2018-9-24,0.170768
DIS,26403,QMLE-Quote,2018-9-25,0.156035
DIS,26403,QMLE-Quote,2018-9-26,0.177366
DIS,26403,QMLE-Quote,2018-9-27,0.174987
DIS,26403,QMLE-Quote,2018-9-28,0.146156
DIS,26403,QMLE-Quote,2018-10-1,0.126284
DIS,26403,QMLE-Quote,2018-10-2,0.127861
DIS,26403,QMLE-Quote,2018-10-3,0.101064
DIS,26403,QMLE-Quote,2018-10-4,0.173712
DIS,26403,QMLE-Quote,2018-10-5,0.146412
DIS,26403,QMLE-Quote,2018-10-8,0.110845
DIS,26403,QMLE-Quote,2018-10-9,0.156902
DIS,26403,QMLE-Quote,2018-10-10,0.203787
DIS,26403,QMLE-Quote,2018-10-11,0.307249
DIS,26403,QMLE-Quote,2018-10-12,0.250627
DIS,26403,QMLE-Quote,2018-10-15,0.226216
DIS,26403,QMLE-Quote,2018-10-16,0.146433
DIS,26403,QMLE-Quote,2018-10-17,0.206364
DIS,26403,QMLE-Quote,2018-10-18,0.1894
DIS,26403,QMLE-Quote,2018-10-19,0.201964
DIS,26403,QMLE-Quote,2018-10-22,0.194604
DIS,26403,QMLE-Quote,2018-10-23,0.249009
DIS,26403,QMLE-Quote,2018-10-24,0.28325
DIS,26403,QMLE-Quote,2018-10-25,0.245343
DIS,26403,QMLE-Quote,2018-10-26,0.302083
DIS,26403,QMLE-Quote,2018-10-29,0.260724
DIS,26403,QMLE-Quote,2018-10-30,0.259457
DIS,26403,QMLE-Quote,2018-10-31,0.181854
DIS,26403,QMLE-Quote,2018-11-1,0.177114
DIS,26403,QMLE-Quote,2018-11-2,0.20997
DIS,26403,QMLE-Quote,2018-11-5,0.127288
DIS,26403,QMLE-Quote,2018-11-6,0.136238
DIS,26403,QMLE-Quote,2018-11-7,0.169913
DIS,26403,QMLE-Quote,2018-11-8,0.189754
DIS,26403,QMLE-Quote,2018-11-9,0.319994
DIS,26403,QMLE-Quote,2018-11-12,0.213108
DIS,26403,QMLE-Quote,2018-11-13,0.185536
DIS,26403,QMLE-Quote,2018-11-14,0.20876
DIS,26403,QMLE-Quote,2018-11-15,0.226601
DIS,26403,QMLE-Quote,2018-11-16,0.159964
DIS,26403,QMLE-Quote,2018-11-19,0.264024
DIS,26403,QMLE-Quote,2018-11-20,0.264827
DIS,26403,QMLE-Quote,2018-11-21,0.182205
DIS,26403,QMLE-Quote,2018-11-23,0.138542
DIS,26403,QMLE-Quote,2018-11-26,0.154494
DIS,26403,QMLE-Quote,2018-11-27,0.189846
DIS,26403,QMLE-Quote,2018-11-28,0.151627
DIS,26403,QMLE-Quote,2018-11-29,0.185439
DIS,26403,QMLE-Quote,2018-11-30,0.132754
DIS,26403,QMLE-Quote,2018-12-3,0.171224
DIS,26403,QMLE-Quote,2018-12-4,0.190553
DIS,26403,QMLE-Quote,2018-12-6,0.252314
DIS,26403,QMLE-Quote,2018-12-7,0.224026
DIS,26403,QMLE-Quote,2018-12-10,0.220057
DIS,26403,QMLE-Quote,2018-12-11,0.188463
DIS,26403,QMLE-Quote,2018-12-12,0.165828
DIS,26403,QMLE-Quote,2018-12-13,0.186767
DIS,26403,QMLE-Quote,2018-12-14,0.162103
DIS,26403,QMLE-Quote,2018-12-17,0.192799
DIS,26403,QMLE-Quote,2018-12-18,0.174554
DIS,26403,QMLE-Quote,2018-12-19,0.271235
DIS,26403,QMLE-Quote,2018-12-20,0.29997
DIS,26403,QMLE-Quote,2018-12-21,0.307431
DIS,26403,QMLE-Quote,2018-12-24,0.305036
DIS,26403,QMLE-Quote,2018-12-26,0.298018
DIS,26403,QMLE-Quote,2018-12-27,0.295608
DIS,26403,QMLE-Quote,2018-12-28,0.275256
DIS,26403,QMLE-Quote,2018-12-31,0.22424
DIS,26403,QMLE-Quote,2019-1-2,0.217693
DIS,26403,QMLE-Quote,2019-1-3,0.261951
DIS,26403,QMLE-Quote,2019-1-4,0.222203
DIS,26403,QMLE-Quote,2019-1-7,0.179012
DIS,26403,QMLE-Quote,2019-1-8,0.190948
DIS,26403,QMLE-Quote,2019-1-9,0.159919
DIS,26403,QMLE-Quote,2019-1-10,0.158712
DIS,26403,QMLE-Quote,2019-1-11,0.126978
DIS,26403,QMLE-Quote,2019-1-14,0.130056
DIS,26403,QMLE-Quote,2019-1-15,0.187641
DIS,26403,QMLE-Quote,2019-1-16,0.117383
DIS,26403,QMLE-Quote,2019-1-17,0.149866
DIS,26403,QMLE-Quote,2019-1-18,0.14899
DIS,26403,QMLE-Quote,2019-1-22,0.161822
DIS,26403,QMLE-Quote,2019-1-23,0.16128
DIS,26403,QMLE-Quote,2019-1-24,0.143837
DIS,26403,QMLE-Quote,2019-1-25,0.120187
DIS,26403,QMLE-Quote,2019-1-28,0.140356
DIS,26403,QMLE-Quote,2019-1-29,0.114955
DIS,26403,QMLE-Quote,2019-1-30,0.189101
DIS,26403,QMLE-Quote,2019-1-31,0.114459
DIS,26403,QMLE-Quote,2019-2-1,0.124488
DIS,26403,QMLE-Quote,2019-2-4,0.101692
DIS,26403,QMLE-Quote,2019-2-5,0.13077
DIS,26403,QMLE-Quote,2019-2-6,0.196681
DIS,26403,QMLE-Quote,2019-2-7,0.14415
DIS,26403,QMLE-Quote,2019-2-8,0.108242
DIS,26403,QMLE-Quote,2019-2-11,0.148109
DIS,26403,QMLE-Quote,2019-2-12,0.103173
DIS,26403,QMLE-Quote,2019-2-13,0.114026
DIS,26403,QMLE-Quote,2019-2-14,0.129011
DIS,26403,QMLE-Quote,2019-2-15,0.097157
DIS,26403,QMLE-Quote,2019-2-19,0.116056
DIS,26403,QMLE-Quote,2019-2-20,0.104832
DIS,26403,QMLE-Quote,2019-2-21,0.120417
DIS,26403,QMLE-Quote,2019-2-22,0.118667
DIS,26403,QMLE-Quote,2019-2-25,0.119068
DIS,26403,QMLE-Quote,2019-2-26,0.135604
DIS,26403,QMLE-Quote,2019-2-27,0.113661
DIS,26403,QMLE-Quote,2019-2-28,0.0992609
DIS,26403,QMLE-Quote,2019-3-1,0.0983716
DIS,26403,QMLE-Quote,2019-3-4,0.120522
DIS,26403,QMLE-Quote,2019-3-5,0.102982
DIS,26403,QMLE-Quote,2019-3-6,0.11115
DIS,26403,QMLE-Quote,2019-3-7,0.105856
DIS,26403,QMLE-Quote,2019-3-8,0.1162
DIS,26403,QMLE-Quote,2019-3-11,0.0811207
DIS,26403,QMLE-Quote,2019-3-12,0.148557
DIS,26403,QMLE-Quote,2019-3-13,0.130983
DIS,26403,QMLE-Quote,2019-3-14,0.124474
DIS,26403,QMLE-Quote,2019-3-15,0.11491
DIS,26403,QMLE-Quote,2019-3-18,0.1622
DIS,26403,QMLE-Quote,2019-3-19,0.185596
DIS,26403,QMLE-Quote,2019-3-20,0.273159
DIS,26403,QMLE-Quote,2019-3-21,0.220444
DIS,26403,QMLE-Quote,2019-3-22,0.195337
DIS,26403,QMLE-Quote,2019-3-25,0.185125
DIS,26403,QMLE-Quote,2019-3-26,0.164564
DIS,26403,QMLE-Quote,2019-3-27,0.155082
DIS,26403,QMLE-Quote,2019-3-28,0.140102
DIS,26403,QMLE-Quote,2019-3-29,0.121422
DIS,26403,QMLE-Quote,2019-4-1,0.114473
DIS,26403,QMLE-Quote,2019-4-2,0.122122
DIS,26403,QMLE-Quote,2019-4-3,0.103597
DIS,26403,QMLE-Quote,2019-4-4,0.128494
DIS,26403,QMLE-Quote,2019-4-5,0.116184
DIS,26403,QMLE-Quote,2019-4-8,0.093431
DIS,26403,QMLE-Quote,2019-4-9,0.142662
DIS,26403,QMLE-Quote,2019-4-10,0.145393
DIS,26403,QMLE-Quote,2019-4-11,0.136342
DIS,26403,QMLE-Quote,2019-4-12,0.440464
DIS,26403,QMLE-Quote,2019-4-15,0.248922
DIS,26403,QMLE-Quote,2019-4-16,0.150372
DIS,26403,QMLE-Quote,2019-4-17,0.17535
DIS,26403,QMLE-Quote,2019-4-18,0.155143
DIS,26403,QMLE-Quote,2019-4-22,0.118587
DIS,26403,QMLE-Quote,2019-4-23,0.164046
DIS,26403,QMLE-Quote,2019-4-24,0.167971
DIS,26403,QMLE-Quote,2019-4-25,0.207427
DIS,26403,QMLE-Quote,2019-4-26,0.201986
DIS,26403,QMLE-Quote,2019-4-29,0.2587
DIS,26403,QMLE-Quote,2019-4-30,0.17701
DIS,26403,QMLE-Quote,2019-5-1,0.158083
DIS,26403,QMLE-Quote,2019-5-2,0.215888
DIS,26403,QMLE-Quote,2019-5-3,0.161785
DIS,26403,QMLE-Quote,2019-5-6,0.172946
DIS,26403,QMLE-Quote,2019-5-7,0.21837
DIS,26403,QMLE-Quote,2019-5-8,0.190027
DIS,26403,QMLE-Quote,2019-5-9,0.30367
DIS,26403,QMLE-Quote,2019-5-10,0.21512
DIS,26403,QMLE-Quote,2019-5-13,0.198635
DIS,26403,QMLE-Quote,2019-5-14,0.180397
DIS,26403,QMLE-Quote,2019-5-15,0.15113
DIS,26403,QMLE-Quote,2019-5-16,0.136366
DIS,26403,QMLE-Quote,2019-5-17,0.15227
DIS,26403,QMLE-Quote,2019-5-20,0.149372
DIS,26403,QMLE-Quote,2019-5-21,0.105457
DIS,26403,QMLE-Quote,2019-5-22,0.109854
DIS,26403,QMLE-Quote,2019-5-23,0.153083
DIS,26403,QMLE-Quote,2019-5-24,0.11008
DIS,26403,QMLE-Quote,2019-5-28,0.11537
DIS,26403,QMLE-Quote,2019-5-29,0.158752
DIS,26403,QMLE-Quote,2019-5-30,0.148566
DIS,26403,QMLE-Quote,2019-5-31,0.16958
DIS,26403,QMLE-Quote,2019-6-3,0.193014
DIS,26403,QMLE-Quote,2019-6-4,0.126538
DIS,26403,QMLE-Quote,2019-6-5,0.136552
DIS,26403,QMLE-Quote,2019-6-6,0.131539
DIS,26403,QMLE-Quote,2019-6-7,0.131202
DIS,26403,QMLE-Quote,2019-6-10,0.178766
DIS,26403,QMLE-Quote,2019-6-11,0.154589
DIS,26403,QMLE-Quote,2019-6-12,0.128955
DIS,26403,QMLE-Quote,2019-6-13,0.208515
DIS,26403,QMLE-Quote,2019-6-14,0.215316
DIS,26403,QMLE-Quote,2019-6-17,0.192381
DIS,26403,QMLE-Quote,2019-6-18,0.190739
DIS,26403,QMLE-Quote,2019-6-19,0.163247
DIS,26403,QMLE-Quote,2019-6-20,0.154294
DIS,26403,QMLE-Quote,2019-6-21,0.135427
DIS,26403,QMLE-Quote,2019-6-24,0.163879
DIS,26403,QMLE-Quote,2019-6-25,0.13083
DIS,26403,QMLE-Quote,2019-6-26,0.115515
DIS,26403,QMLE-Quote,2019-6-27,0.16032
DIS,26403,QMLE-Quote,2019-6-28,0.125674
DIS,26403,QMLE-Quote,2019-7-1,0.161905
DIS,26403,QMLE-Quote,2019-7-2,0.135494
DIS,26403,QMLE-Quote,2019-7-3,0.107595
DIS,26403,QMLE-Quote,2019-7-5,0.144991
DIS,26403,QMLE-Quote,2019-7-8,0.132044
DIS,26403,QMLE-Quote,2019-7-9,0.132592
DIS,26403,QMLE-Quote,2019-7-10,0.154781
DIS,26403,QMLE-Quote,2019-7-11,0.143345
DIS,26403,QMLE-Quote,2019-7-12,0.138136
DIS,26403,QMLE-Quote,2019-7-15,0.113349
DIS,26403,QMLE-Quote,2019-7-16,0.106371
DIS,26403,QMLE-Quote,2019-7-17,0.11447
DIS,26403,QMLE-Quote,2019-7-18,0.180277
DIS,26403,QMLE-Quote,2019-7-19,0.1376
DIS,26403,QMLE-Quote,2019-7-22,0.148837
DIS,26403,QMLE-Quote,2019-7-23,0.139062
DIS,26403,QMLE-Quote,2019-7-24,0.112049
DIS,26403,QMLE-Quote,2019-7-25,0.128492
DIS,26403,QMLE-Quote,2019-7-26,0.126741
DIS,26403,QMLE-Quote,2019-7-29,0.189266
DIS,26403,QMLE-Quote,2019-7-30,0.139751
DIS,26403,QMLE-Quote,2019-7-31,0.2011
DIS,26403,QMLE-Quote,2019-8-1,0.19801
DIS,26403,QMLE-Quote,2019-8-2,0.178622
DIS,26403,QMLE-Quote,2019-8-5,0.225282
DIS,26403,QMLE-Quote,2019-8-6,0.238134
DIS,26403,QMLE-Quote,2019-8-7,0.431127
DIS,26403,QMLE-Quote,2019-8-8,0.185368
DIS,26403,QMLE-Quote,2019-8-9,0.186059
DIS,26403,QMLE-Quote,2019-8-12,0.160958
DIS,26403,QMLE-Quote,2019-8-13,0.203929
DIS,26403,QMLE-Quote,2019-8-14,0.207869
DIS,26403,QMLE-Quote,2019-8-15,0.199835
DIS,26403,QMLE-Quote,2019-8-16,0.134819
DIS,26403,QMLE-Quote,2019-8-19,0.186941
DIS,26403,QMLE-Quote,2019-8-20,0.179109
DIS,26403,QMLE-Quote,2019-8-21,0.128443
DIS,26403,QMLE-Quote,2019-8-22,0.131378
DIS,26403,QMLE-Quote,2019-8-23,0.220009
DIS,26403,QMLE-Quote,2019-8-26,0.18222
DIS,26403,QMLE-Quote,2019-8-27,0.163595
DIS,26403,QMLE-Quote,2019-8-28,0.160984
DIS,26403,QMLE-Quote,2019-8-29,0.144014
DIS,26403,QMLE-Quote,2019-8-30,0.142185
DIS,26403,QMLE-Quote,2019-9-3,0.159943
DIS,26403,QMLE-Quote,2019-9-4,0.111284
DIS,26403,QMLE-Quote,2019-9-5,0.106359
DIS,26403,QMLE-Quote,2019-9-6,0.0993311
DIS,26403,QMLE-Quote,2019-9-9,0.118539
DIS,26403,QMLE-Quote,2019-9-10,0.163453
DIS,26403,QMLE-Quote,2019-9-11,0.126539
DIS,26403,QMLE-Quote,2019-9-12,0.184542
DIS,26403,QMLE-Quote,2019-9-13,0.143661
DIS,26403,QMLE-Quote,2019-9-16,0.174471
DIS,26403,QMLE-Quote,2019-9-17,0.12041
DIS,26403,QMLE-Quote,2019-9-18,0.14021
DIS,26403,QMLE-Quote,2019-9-19,0.155922
DIS,26403,QMLE-Quote,2019-9-20,0.209187
DIS,26403,QMLE-Quote,2019-9-23,0.119914
DIS,26403,QMLE-Quote,2019-9-24,0.199005
DIS,26403,QMLE-Quote,2019-9-25,0.147601
DIS,26403,QMLE-Quote,2019-9-26,0.214544
DIS,26403,QMLE-Quote,2019-9-27,0.176179
DIS,26403,QMLE-Quote,2019-9-30,0.112247
DIS,26403,QMLE-Quote,2019-10-1,0.14713
DIS,26403,QMLE-Quote,2019-10-2,0.178848
DIS,26403,QMLE-Quote,2019-10-3,0.175729
DIS,26403,QMLE-Quote,2019-10-4,0.125512
DIS,26403,QMLE-Quote,2019-10-7,0.153013
DIS,26403,QMLE-Quote,2019-10-8,0.153895
DIS,26403,QMLE-Quote,2019-10-9,0.130929
DIS,26403,QMLE-Quote,2019-10-10,0.131643
DIS,26403,QMLE-Quote,2019-10-11,0.152323
DIS,26403,QMLE-Quote,2019-10-14,0.0837924
DIS,26403,QMLE-Quote,2019-10-15,0.11541
DIS,26403,QMLE-Quote,2019-10-16,0.126101
DIS,26403,QMLE-Quote,2019-10-17,0.18181
DIS,26403,QMLE-Quote,2019-10-18,0.132413
DIS,26403,QMLE-Quote,2019-10-21,0.127791
DIS,26403,QMLE-Quote,2019-10-22,0.19644
DIS,26403,QMLE-Quote,2019-10-23,0.141895
DIS,26403,QMLE-Quote,2019-10-24,0.138275
DIS,26403,QMLE-Quote,2019-10-25,0.120488
DIS,26403,QMLE-Quote,2019-10-28,0.100962
DIS,26403,QMLE-Quote,2019-10-29,0.125925
DIS,26403,QMLE-Quote,2019-10-30,0.143978
DIS,26403,QMLE-Quote,2019-10-31,0.136076
DIS,26403,QMLE-Quote,2019-11-1,0.111957
DIS,26403,QMLE-Quote,2019-11-4,0.115208
DIS,26403,QMLE-Quote,2019-11-5,0.201503
DIS,26403,QMLE-Quote,2019-11-6,0.1254
DIS,26403,QMLE-Quote,2019-11-7,0.184822
DIS,26403,QMLE-Quote,2019-11-8,0.274189
DIS,26403,QMLE-Quote,2019-11-11,0.177717
DIS,26403,QMLE-Quote,2019-11-12,0.215465
DIS,26403,QMLE-Quote,2019-11-13,0.403269
DIS,26403,QMLE-Quote,2019-11-14,0.324722
DIS,26403,QMLE-Quote,2019-11-15,0.163885
DIS,26403,QMLE-Quote,2019-11-18,0.238347
DIS,26403,QMLE-Quote,2019-11-19,0.216254
DIS,26403,QMLE-Quote,2019-11-20,0.174981
DIS,26403,QMLE-Quote,2019-11-21,0.150044
DIS,26403,QMLE-Quote,2019-11-22,0.162919
DIS,26403,QMLE-Quote,2019-11-25,0.17978
DIS,26403,QMLE-Quote,2019-11-26,0.211797
DIS,26403,QMLE-Quote,2019-11-27,0.133766
DIS,26403,QMLE-Quote,2019-11-29,0.11049
DIS,26403,QMLE-Quote,2019-12-2,0.164693
DIS,26403,QMLE-Quote,2019-12-3,0.185296
DIS,26403,QMLE-Quote,2019-12-4,0.118446
DIS,26403,QMLE-Quote,2019-12-5,0.125175
DIS,26403,QMLE-Quote,2019-12-6,0.112622
DIS,26403,QMLE-Quote,2019-12-9,0.141677
DIS,26403,QMLE-Quote,2019-12-10,0.150536
DIS,26403,QMLE-Quote,2019-12-11,0.113963
DIS,26403,QMLE-Quote,2019-12-12,0.158832
DIS,26403,QMLE-Quote,2019-12-13,0.125309
DIS,26403,QMLE-Quote,2019-12-16,0.124382
DIS,26403,QMLE-Quote,2019-12-17,0.10017
DIS,26403,QMLE-Quote,2019-12-18,0.126348
DIS,26403,QMLE-Quote,2019-12-19,0.105819
DIS,26403,QMLE-Quote,2019-12-20,0.128894
DIS,26403,QMLE-Quote,2019-12-23,0.138659
DIS,26403,QMLE-Quote,2019-12-24,0.0775556
DIS,26403,QMLE-Quote,2019-12-26,0.0757515
DIS,26403,QMLE-Quote,2019-12-27,0.0790005
DIS,26403,QMLE-Quote,2019-12-30,0.164
DIS,26403,QMLE-Quote,2019-12-31,0.102248
DIS,26403,QMLE-Quote,2020-1-2,0.140844
DIS,26403,QMLE-Quote,2020-1-3,0.142035
DIS,26403,QMLE-Quote,2020-1-6,0.140532
DIS,26403,QMLE-Quote,2020-1-7,0.124086
DIS,26403,QMLE-Quote,2020-1-8,0.122291
DIS,26403,QMLE-Quote,2020-1-9,0.10445
DIS,26403,QMLE-Quote,2020-1-10,0.0972436
DIS,26403,QMLE-Quote,2020-1-13,0.135124
DIS,26403,QMLE-Quote,2020-1-14,0.251833
DIS,26403,QMLE-Quote,2020-1-15,0.145694
DIS,26403,QMLE-Quote,2020-1-16,0.101088
DIS,26403,QMLE-Quote,2020-1-17,0.111215
DIS,26403,QMLE-Quote,2020-1-21,0.130612
DIS,26403,QMLE-Quote,2020-1-22,0.126038
DIS,26403,QMLE-Quote,2020-1-23,0.193092
DIS,26403,QMLE-Quote,2020-1-24,0.186628
DIS,26403,QMLE-Quote,2020-1-27,0.219135
DIS,26403,QMLE-Quote,2020-1-28,0.188451
DIS,26403,QMLE-Quote,2020-1-29,0.161752
DIS,26403,QMLE-Quote,2020-1-30,0.21509
DIS,26403,QMLE-Quote,2020-1-31,0.208184
DIS,26403,QMLE-Quote,2020-2-3,0.207949
DIS,26403,QMLE-Quote,2020-2-4,0.193765
DIS,26403,QMLE-Quote,2020-2-5,0.361979
DIS,26403,QMLE-Quote,2020-2-6,0.159105
DIS,26403,QMLE-Quote,2020-2-7,0.126547
DIS,26403,QMLE-Quote,2020-2-10,0.116147
DIS,26403,QMLE-Quote,2020-2-11,0.139625
DIS,26403,QMLE-Quote,2020-2-12,0.126136
DIS,26403,QMLE-Quote,2020-2-13,0.10681
DIS,26403,QMLE-Quote,2020-2-14,0.10361
DIS,26403,QMLE-Quote,2020-2-18,0.115409
DIS,26403,QMLE-Quote,2020-2-19,0.132977
DIS,26403,QMLE-Quote,2020-2-20,0.183482
DIS,26403,QMLE-Quote,2020-2-21,0.151874
DIS,26403,QMLE-Quote,2020-2-24,0.245711
DIS,26403,QMLE-Quote,2020-2-25,0.299753
DIS,26403,QMLE-Quote,2020-2-26,0.400283
DIS,26403,QMLE-Quote,2020-2-27,0.458447
DIS,26403,QMLE-Quote,2020-2-28,0.678764
DIS,26403,QMLE-Quote,2020-3-2,0.415698
DIS,26403,QMLE-Quote,2020-3-3,0.5933
DIS,26403,QMLE-Quote,2020-3-4,0.331157
DIS,26403,QMLE-Quote,2020-3-5,0.424616
DIS,26403,QMLE-Quote,2020-3-6,0.436807
DIS,26403,QMLE-Quote,2020-3-9,0.596787
DIS,26403,QMLE-Quote,2020-3-10,0.641507
DIS,26403,QMLE-Quote,2020-3-11,0.552965
DIS,26403,QMLE-Quote,2020-3-12,1.30283
DIS,26403,QMLE-Quote,2020-3-13,1.2028
DIS,26403,QMLE-Quote,2020-3-16,1.23582
DIS,26403,QMLE-Quote,2020-3-17,1.21252
DIS,26403,QMLE-Quote,2020-3-18,1.28074
DIS,26403,QMLE-Quote,2020-3-19,1.19234
DIS,26403,QMLE-Quote,2020-3-20,1.03379
DIS,26403,QMLE-Quote,2020-3-23,1.32301
DIS,26403,QMLE-Quote,2020-3-24,0.825869
DIS,26403,QMLE-Quote,2020-3-25,0.948198
DIS,26403,QMLE-Quote,2020-3-26,0.805962
DIS,26403,QMLE-Quote,2020-3-27,0.684564
DIS,26403,QMLE-Quote,2020-3-30,0.636007
DIS,26403,QMLE-Quote,2020-3-31,0.523447
DIS,26403,QMLE-Quote,2020-4-1,0.562324
DIS,26403,QMLE-Quote,2020-4-2,0.535004
DIS,26403,QMLE-Quote,2020-4-3,0.424622
DIS,26403,QMLE-Quote,2020-4-6,0.470793
DIS,26403,QMLE-Quote,2020-4-7,0.577904
DIS,26403,QMLE-Quote,2020-4-8,0.482295
DIS,26403,QMLE-Quote,2020-4-9,0.589595
DIS,26403,QMLE-Quote,2020-4-13,0.455688
DIS,26403,QMLE-Quote,2020-4-14,0.411302
DIS,26403,QMLE-Quote,2020-4-15,0.367417
DIS,26403,QMLE-Quote,2020-4-16,0.432526
DIS,26403,QMLE-Quote,2020-4-17,0.335221
DIS,26403,QMLE-Quote,2020-4-20,0.364805
DIS,26403,QMLE-Quote,2020-4-21,0.38702
DIS,26403,QMLE-Quote,2020-4-22,0.284111
DIS,26403,QMLE-Quote,2020-4-23,0.363589
DIS,26403,QMLE-Quote,2020-4-24,0.265097
DIS,26403,QMLE-Quote,2020-4-27,0.249811
DIS,26403,QMLE-Quote,2020-4-28,0.354945
DIS,26403,QMLE-Quote,2020-4-29,0.313767
DIS,26403,QMLE-Quote,2020-4-30,0.378137
DIS,26403,QMLE-Quote,2020-5-1,0.317566
DIS,26403,QMLE-Quote,2020-5-4,0.323368
DIS,26403,QMLE-Quote,2020-5-5,0.356561
DIS,26403,QMLE-Quote,2020-5-6,0.581408
DIS,26403,QMLE-Quote,2020-5-7,0.302175
DIS,26403,QMLE-Quote,2020-5-8,0.314499
DIS,26403,QMLE-Quote,2020-5-11,0.300063
DIS,26403,QMLE-Quote,2020-5-12,0.293226
DIS,26403,QMLE-Quote,2020-5-13,0.329332
DIS,26403,QMLE-Quote,2020-5-14,0.386339
DIS,26403,QMLE-Quote,2020-5-15,0.340269
DIS,26403,QMLE-Quote,2020-5-18,0.374301
DIS,26403,QMLE-Quote,2020-5-19,0.33184
DIS,26403,QMLE-Quote,2020-5-20,0.354587
DIS,26403,QMLE-Quote,2020-5-21,0.350689
DIS,26403,QMLE-Quote,2020-5-22,0.21966
DIS,26403,QMLE-Quote,2020-5-26,0.252558
DIS,26403,QMLE-Quote,2020-5-27,0.336402
DIS,26403,QMLE-Quote,2020-5-28,0.274251
DIS,26403,QMLE-Quote,2020-5-29,0.322887
DIS,26403,QMLE-Quote,2020-6-1,0.206751
DIS,26403,QMLE-Quote,2020-6-2,0.226674
DIS,26403,QMLE-Quote,2020-6-3,0.182215
DIS,26403,QMLE-Quote,2020-6-4,0.246513
DIS,26403,QMLE-Quote,2020-6-5,0.274892
DIS,26403,QMLE-Quote,2020-6-8,0.225785
DIS,26403,QMLE-Quote,2020-6-9,0.238121
DIS,26403,QMLE-Quote,2020-6-10,0.293641
DIS,26403,QMLE-Quote,2020-6-11,0.389854
DIS,26403,QMLE-Quote,2020-6-12,0.430897
DIS,26403,QMLE-Quote,2020-6-15,0.35809
DIS,26403,QMLE-Quote,2020-6-16,0.411413
DIS,26403,QMLE-Quote,2020-6-17,0.274077
DIS,26403,QMLE-Quote,2020-6-18,0.235175
DIS,26403,QMLE-Quote,2020-6-19,0.321387
DIS,26403,QMLE-Quote,2020-6-22,0.302368
DIS,26403,QMLE-Quote,2020-6-23,0.227109
DIS,26403,QMLE-Quote,2020-6-24,0.347424
DIS,26403,QMLE-Quote,2020-6-25,0.328477
DIS,26403,QMLE-Quote,2020-6-26,0.316866
DIS,26403,QMLE-Quote,2020-6-29,0.264893
DIS,26403,QMLE-Quote,2020-6-30,0.265469
DIS,26403,QMLE-Quote,2020-7-1,0.336452
DIS,26403,QMLE-Quote,2020-7-2,0.235933
DIS,26403,QMLE-Quote,2020-7-6,0.223724
DIS,26403,QMLE-Quote,2020-7-7,0.2117
DIS,26403,QMLE-Quote,2020-7-8,0.265743
DIS,26403,QMLE-Quote,2020-7-9,0.289685
DIS,26403,QMLE-Quote,2020-7-10,0.25563
DIS,26403,QMLE-Quote,2020-7-13,0.323809
DIS,26403,QMLE-Quote,2020-7-14,0.324127
DIS,26403,QMLE-Quote,2020-7-15,0.294563
DIS,26403,QMLE-Quote,2020-7-16,0.254518
DIS,26403,QMLE-Quote,2020-7-17,0.204766
DIS,26403,QMLE-Quote,2020-7-20,0.206967
DIS,26403,QMLE-Quote,2020-7-21,0.225792
DIS,26403,QMLE-Quote,2020-7-22,0.170771
DIS,26403,QMLE-Quote,2020-7-23,0.211254
DIS,26403,QMLE-Quote,2020-7-24,0.291915
DIS,26403,QMLE-Quote,2020-7-27,0.200274
DIS,26403,QMLE-Quote,2020-7-28,0.205455
DIS,26403,QMLE-Quote,2020-7-29,0.180998
DIS,26403,QMLE-Quote,2020-7-30,0.211784
DIS,26403,QMLE-Quote,2020-7-31,0.211255
DIS,26403,QMLE-Quote,2020-8-3,0.220777
DIS,26403,QMLE-Quote,2020-8-4,0.220047
DIS,26403,QMLE-Quote,2020-8-5,0.478705
DIS,26403,QMLE-Quote,2020-8-6,0.341031
DIS,26403,QMLE-Quote,2020-8-7,0.268614
DIS,26403,QMLE-Quote,2020-8-10,0.227464
DIS,26403,QMLE-Quote,2020-8-11,0.280349
DIS,26403,QMLE-Quote,2020-8-12,0.212684
DIS,26403,QMLE-Quote,2020-8-13,0.200588
DIS,26403,QMLE-Quote,2020-8-14,0.16876
DIS,26403,QMLE-Quote,2020-8-17,0.179614
DIS,26403,QMLE-Quote,2020-8-18,0.130026
DIS,26403,QMLE-Quote,2020-8-19,0.166209
DIS,26403,QMLE-Quote,2020-8-20,0.16116
DIS,26403,QMLE-Quote,2020-8-21,0.154487
DIS,26403,QMLE-Quote,2020-8-24,0.17368
DIS,26403,QMLE-Quote,2020-8-25,0.167379
DIS,26403,QMLE-Quote,2020-8-26,0.184817
DIS,26403,QMLE-Quote,2020-8-27,0.274895
DIS,26403,QMLE-Quote,2020-8-28,0.208382
DIS,26403,QMLE-Quote,2020-8-31,0.216019
DIS,26403,QMLE-Quote,2020-9-1,0.193633
DIS,26403,QMLE-Quote,2020-9-2,0.194214
DIS,26403,QMLE-Quote,2020-9-3,0.340563
DIS,26403,QMLE-Quote,2020-9-4,0.35756
DIS,26403,QMLE-Quote,2020-9-8,0.393048
DIS,26403,QMLE-Quote,2020-9-9,0.230535
DIS,26403,QMLE-Quote,2020-9-10,0.326643
DIS,26403,QMLE-Quote,2020-9-11,0.274066
DIS,26403,QMLE-Quote,2020-9-14,0.196764
DIS,26403,QMLE-Quote,2020-9-15,0.171378
DIS,26403,QMLE-Quote,2020-9-16,0.205299
DIS,26403,QMLE-Quote,2020-9-17,0.221658
DIS,26403,QMLE-Quote,2020-9-18,0.223851
DIS,26403,QMLE-Quote,2020-9-21,0.310226
DIS,26403,QMLE-Quote,2020-9-22,0.218196
DIS,26403,QMLE-Quote,2020-9-23,0.216479
DIS,26403,QMLE-Quote,2020-9-24,0.298661
DIS,26403,QMLE-Quote,2020-9-25,0.225032
DIS,26403,QMLE-Quote,2020-9-28,0.199916
DIS,26403,QMLE-Quote,2020-9-29,0.194052
DIS,26403,QMLE-Quote,2020-9-30,0.281327
DIS,26403,QMLE-Quote,2020-10-1,0.236162
DIS,26403,QMLE-Quote,2020-10-2,0.255516
DIS,26403,QMLE-Quote,2020-10-5,0.160959
DIS,26403,QMLE-Quote,2020-10-6,0.262444
DIS,26403,QMLE-Quote,2020-10-7,0.217692
DIS,26403,QMLE-Quote,2020-10-8,0.131948
DIS,26403,QMLE-Quote,2020-10-9,0.179711
DIS,26403,QMLE-Quote,2020-10-12,0.183726
DIS,26403,QMLE-Quote,2020-10-13,0.31503
DIS,26403,QMLE-Quote,2020-10-14,0.230756
DIS,26403,QMLE-Quote,2020-10-15,0.218372
DIS,26403,QMLE-Quote,2020-10-16,0.178557
DIS,26403,QMLE-Quote,2020-10-19,0.191537
DIS,26403,QMLE-Quote,2020-10-20,0.196308
DIS,26403,QMLE-Quote,2020-10-21,0.20945
DIS,26403,QMLE-Quote,2020-10-22,0.224014
DIS,26403,QMLE-Quote,2020-10-23,0.151303
DIS,26403,QMLE-Quote,2020-10-26,0.222435
DIS,26403,QMLE-Quote,2020-10-27,0.180314
DIS,26403,QMLE-Quote,2020-10-28,0.266078
DIS,26403,QMLE-Quote,2020-10-29,0.282521
DIS,26403,QMLE-Quote,2020-10-30,0.313219
DIS,26403,QMLE-Quote,2020-11-2,0.248663
DIS,26403,QMLE-Quote,2020-11-3,0.235396
DIS,26403,QMLE-Quote,2020-11-4,0.317059
DIS,26403,QMLE-Quote,2020-11-5,0.225544
DIS,26403,QMLE-Quote,2020-11-6,0.245851
DIS,26403,QMLE-Quote,2020-11-9,0.568297
DIS,26403,QMLE-Quote,2020-11-10,0.334633
DIS,26403,QMLE-Quote,2020-11-11,0.263869
DIS,26403,QMLE-Quote,2020-11-12,0.270322
DIS,26403,QMLE-Quote,2020-11-13,0.365525
DIS,26403,QMLE-Quote,2020-11-16,0.263921
DIS,26403,QMLE-Quote,2020-11-17,0.198856
DIS,26403,QMLE-Quote,2020-11-18,0.198388
DIS,26403,QMLE-Quote,2020-11-19,0.187925
DIS,26403,QMLE-Quote,2020-11-20,0.158054
DIS,26403,QMLE-Quote,2020-11-23,0.221988
DIS,26403,QMLE-Quote,2020-11-24,0.239738
DIS,26403,QMLE-Quote,2020-11-25,0.208752
DIS,26403,QMLE-Quote,2020-11-27,0.166339
DIS,26403,QMLE-Quote,2020-11-30,0.233821
DIS,26403,QMLE-Quote,2020-12-1,0.214821
DIS,26403,QMLE-Quote,2020-12-2,0.225043
DIS,26403,QMLE-Quote,2020-12-3,0.229929
DIS,26403,QMLE-Quote,2020-12-4,0.162864
DIS,26403,QMLE-Quote,2020-12-7,0.168722
DIS,26403,QMLE-Quote,2020-12-8,0.18432
DIS,26403,QMLE-Quote,2020-12-9,0.247867
DIS,26403,QMLE-Quote,2020-12-10,0.229621
DIS,26403,QMLE-Quote,2020-12-11,0.5645
DIS,26403,QMLE-Quote,2020-12-14,0.425408
DIS,26403,QMLE-Quote,2020-12-15,0.308544
DIS,26403,QMLE-Quote,2020-12-17,0.193503
DIS,26403,QMLE-Quote,2020-12-18,0.218257
DIS,26403,QMLE-Quote,2020-12-21,0.251488
DIS,26403,QMLE-Quote,2020-12-22,0.183195
DIS,26403,QMLE-Quote,2020-12-23,0.256223
DIS,26403,QMLE-Quote,2020-12-24,0.135669
DIS,26403,QMLE-Quote,2020-12-28,0.24478
DIS,26403,QMLE-Quote,2020-12-29,0.198424
DIS,26403,QMLE-Quote,2020-12-30,0.225668
DIS,26403,QMLE-Quote,2020-12-31,0.204033
DIS,26403,QMLE-Quote,2021-1-4,0.30812
DIS,26403,QMLE-Quote,2021-1-5,0.240682
DIS,26403,QMLE-Quote,2021-1-6,0.266423
DIS,26403,QMLE-Quote,2021-1-7,0.184753
DIS,26403,QMLE-Quote,2021-1-8,0.219923
DIS,26403,QMLE-Quote,2021-1-11,0.221007
DIS,26403,QMLE-Quote,2021-1-12,0.210963
DIS,26403,QMLE-Quote,2021-1-13,0.2102
DIS,26403,QMLE-Quote,2021-1-14,0.151702
DIS,26403,QMLE-Quote,2021-1-15,0.292432
DIS,26403,QMLE-Quote,2021-1-19,0.231323
DIS,26403,QMLE-Quote,2021-1-20,0.298932
DIS,26403,QMLE-Quote,2021-1-21,0.251394
DIS,26403,QMLE-Quote,2021-1-22,0.239475
DIS,26403,QMLE-Quote,2021-1-25,0.250603
DIS,26403,QMLE-Quote,2021-1-26,0.203303
DIS,26403,QMLE-Quote,2021-1-27,0.56422
DIS,26403,QMLE-Quote,2021-1-28,0.416474
DIS,26403,QMLE-Quote,2021-1-29,0.352701
DIS,26403,QMLE-Quote,2021-2-1,0.239351
DIS,26403,QMLE-Quote,2021-2-2,0.264601
DIS,26403,QMLE-Quote,2021-2-3,0.204166
DIS,26403,QMLE-Quote,2021-2-4,0.244659
DIS,26403,QMLE-Quote,2021-2-5,0.226727
DIS,26403,QMLE-Quote,2021-2-8,0.28757
DIS,26403,QMLE-Quote,2021-2-9,0.255906
DIS,26403,QMLE-Quote,2021-2-10,0.288796
DIS,26403,QMLE-Quote,2021-2-11,0.281292
DIS,26403,QMLE-Quote,2021-2-12,0.398244
DIS,26403,QMLE-Quote,2021-2-16,0.248748
DIS,26403,QMLE-Quote,2021-2-17,0.264603
DIS,26403,QMLE-Quote,2021-2-18,0.271962
DIS,26403,QMLE-Quote,2021-2-19,0.180861
DIS,26403,QMLE-Quote,2021-2-22,0.329137
DIS,26403,QMLE-Quote,2021-2-23,0.439907
DIS,26403,QMLE-Quote,2021-2-24,0.344114
DIS,26403,QMLE-Quote,2021-2-25,0.358387
DIS,26403,QMLE-Quote,2021-3-1,0.257829
DIS,26403,QMLE-Quote,2021-3-2,0.2299
DIS,26403,QMLE-Quote,2021-3-3,0.269159
DIS,26403,QMLE-Quote,2021-3-4,0.366412
DIS,26403,QMLE-Quote,2021-3-5,0.365954
DIS,26403,QMLE-Quote,2021-3-8,0.373073
DIS,26403,QMLE-Quote,2021-3-9,0.426599
DIS,26403,QMLE-Quote,2021-3-10,0.279762
DIS,26403,QMLE-Quote,2021-3-11,0.207605
DIS,26403,QMLE-Quote,2021-3-12,0.219693
DIS,26403,QMLE-Quote,2021-3-15,0.21293
DIS,26403,QMLE-Quote,2021-3-16,0.193406
DIS,26403,QMLE-Quote,2021-3-17,0.292317
DIS,26403,QMLE-Quote,2021-3-18,0.226072
DIS,26403,QMLE-Quote,2021-3-19,0.261833
DIS,26403,QMLE-Quote,2021-3-22,0.199414
DIS,26403,QMLE-Quote,2021-3-24,0.343785
DIS,26403,QMLE-Quote,2021-3-25,0.279496
DIS,26403,QMLE-Quote,2021-3-26,0.287137
DIS,26403,QMLE-Quote,2021-3-29,0.250314
DIS,26403,QMLE-Quote,2021-3-30,0.204545
DIS,26403,QMLE-Quote,2021-3-31,0.187842
DIS,26403,QMLE-Quote,2021-4-1,0.184771
DIS,26403,QMLE-Quote,2021-4-5,0.157594
DIS,26403,QMLE-Quote,2021-4-6,0.187802
DIS,26403,QMLE-Quote,2021-4-7,0.141376
DIS,26403,QMLE-Quote,2021-4-9,0.148574
DIS,26403,QMLE-Quote,2021-4-12,0.132042
DIS,26403,QMLE-Quote,2021-4-13,0.128613
DIS,26403,QMLE-Quote,2021-4-14,0.205574
DIS,26403,QMLE-Quote,2021-4-15,0.156847
DIS,26403,QMLE-Quote,2021-4-16,0.183019
DIS,26403,QMLE-Quote,2021-4-19,0.194992
DIS,26403,QMLE-Quote,2021-4-20,0.217968
DIS,26403,QMLE-Quote,2021-4-21,0.217481
DIS,26403,QMLE-Quote,2021-4-22,0.21831
DIS,26403,QMLE-Quote,2021-4-23,0.142497
DIS,26403,QMLE-Quote,2021-4-26,0.143982
DIS,26403,QMLE-Quote,2021-4-27,0.1429
DIS,26403,QMLE-Quote,2021-4-28,0.141373
DIS,26403,QMLE-Quote,2021-4-29,0.162679
DIS,26403,QMLE-Quote,2021-4-30,0.152
DIS,26403,QMLE-Quote,2021-5-3,0.17706
DIS,26403,QMLE-Quote,2021-5-4,0.209075
DIS,26403,QMLE-Quote,2021-5-5,0.190219
DIS,26403,QMLE-Quote,2021-5-6,0.183672
DIS,26403,QMLE-Quote,2021-5-7,0.172182
DIS,26403,QMLE-Quote,2021-5-10,0.195403
DIS,26403,QMLE-Quote,2021-5-11,0.256373
DIS,26403,QMLE-Quote,2021-5-13,0.253586
DIS,26403,QMLE-Quote,2021-5-14,0.331136
DIS,26403,QMLE-Quote,2021-5-17,0.252463
DIS,26403,QMLE-Quote,2021-5-18,0.164454
DIS,26403,QMLE-Quote,2021-5-19,0.235992
DIS,26403,QMLE-Quote,2021-5-20,0.148913
DIS,26403,QMLE-Quote,2021-5-21,0.151291
DIS,26403,QMLE-Quote,2021-5-24,0.144938
DIS,26403,QMLE-Quote,2021-5-25,0.176565
DIS,26403,QMLE-Quote,2021-5-26,0.152209
DIS,26403,QMLE-Quote,2021-5-27,0.174987
DIS,26403,QMLE-Quote,2021-5-28,0.14396
DIS,26403,QMLE-Quote,2021-6-1,0.132141
DIS,26403,QMLE-Quote,2021-6-2,0.140901
DIS,26403,QMLE-Quote,2021-6-3,0.155067
DIS,26403,QMLE-Quote,2021-6-4,0.127189
DIS,26403,QMLE-Quote,2021-6-7,0.109174
DIS,26403,QMLE-Quote,2021-6-8,0.128798
DIS,26403,QMLE-Quote,2021-6-9,0.123529
DIS,26403,QMLE-Quote,2021-6-10,0.117558
DIS,26403,QMLE-Quote,2021-6-11,0.110142
DIS,26403,QMLE-Quote,2021-6-14,0.126712
DIS,26403,QMLE-Quote,2021-6-15,0.116302
DIS,26403,QMLE-Quote,2021-6-16,0.164473
DIS,26403,QMLE-Quote,2021-6-17,0.161492
DIS,26403,QMLE-Quote,2021-6-18,0.140065
DIS,26403,QMLE-Quote,2021-6-21,0.135626
DIS,26403,QMLE-Quote,2021-6-22,0.113504
DIS,26403,QMLE-Quote,2021-6-23,0.129502
DIS,26403,QMLE-Quote,2021-6-24,0.116885
DIS,26403,QMLE-Quote,2021-6-25,0.110858
DIS,26403,QMLE-Quote,2021-6-28,0.177493
DIS,26403,QMLE-Quote,2021-6-29,0.124636
DIS,26403,QMLE-Quote,2021-6-30,0.125157
DIS,26403,QMLE-Quote,2021-7-1,0.123738
DIS,26403,QMLE-Quote,2021-7-2,0.19989
DIS,26403,QMLE-Quote,2021-7-6,0.141635
DIS,26403,QMLE-Quote,2021-7-7,0.148535
DIS,26403,QMLE-Quote,2021-7-8,0.19205
DIS,26403,QMLE-Quote,2021-7-9,0.136401
DIS,26403,QMLE-Quote,2021-7-12,0.247561
DIS,26403,QMLE-Quote,2021-7-13,0.233627
DIS,26403,QMLE-Quote,2021-7-14,0.182402
DIS,26403,QMLE-Quote,2021-7-15,0.170741
DIS,26403,QMLE-Quote,2021-7-16,0.167491
DIS,26403,QMLE-Quote,2021-7-19,0.236648
DIS,26403,QMLE-Quote,2021-7-20,0.17039
DIS,26403,QMLE-Quote,2021-7-21,0.15242
DIS,26403,QMLE-Quote,2021-7-22,0.161607
DIS,26403,QMLE-Quote,2021-7-23,0.136866
DIS,26403,QMLE-Quote,2021-7-26,0.12451
DIS,26403,QMLE-Quote,2021-7-27,0.189675
DIS,26403,QMLE-Quote,2021-7-28,0.177621
DIS,26403,QMLE-Quote,2021-7-29,0.158252
DIS,26403,QMLE-Quote,2021-7-30,0.163448
DIS,26403,QMLE-Quote,2021-8-2,0.168177
DIS,26403,QMLE-Quote,2021-8-3,0.1857
DIS,26403,QMLE-Quote,2021-8-4,0.143921
DIS,26403,QMLE-Quote,2021-8-5,0.174004
DIS,26403,QMLE-Quote,2021-8-6,0.17711
DIS,26403,QMLE-Quote,2021-8-9,0.140289
DIS,26403,QMLE-Quote,2021-8-10,0.140265
DIS,26403,QMLE-Quote,2021-8-11,0.172718
DIS,26403,QMLE-Quote,2021-8-12,0.162946
DIS,26403,QMLE-Quote,2021-8-13,0.339501
DIS,26403,QMLE-Quote,2021-8-16,0.195758
DIS,26403,QMLE-Quote,2021-8-17,0.191991
DIS,26403,QMLE-Quote,2021-8-18,0.163914
DIS,26403,QMLE-Quote,2021-8-19,0.202091
DIS,26403,QMLE-Quote,2021-8-20,0.128613
DIS,26403,QMLE-Quote,2021-8-23,0.147212
DIS,26403,QMLE-Quote,2021-8-24,0.144939
DIS,26403,QMLE-Quote,2021-8-25,0.140157
DIS,26403,QMLE-Quote,2021-8-26,0.153524
DIS,26403,QMLE-Quote,2021-8-27,0.152882
DIS,26403,QMLE-Quote,2021-8-30,0.137361
DIS,26403,QMLE-Quote,2021-8-31,0.176079
DIS,26403,QMLE-Quote,2021-9-1,0.158358
DIS,26403,QMLE-Quote,2021-9-2,0.1574
DIS,26403,QMLE-Quote,2021-9-3,0.145012
DIS,26403,QMLE-Quote,2021-9-7,0.212666
DIS,26403,QMLE-Quote,2021-9-8,0.217979
DIS,26403,QMLE-Quote,2021-9-9,0.172966
DIS,26403,QMLE-Quote,2021-9-10,0.159396
DIS,26403,QMLE-Quote,2021-9-13,0.187223
DIS,26403,QMLE-Quote,2021-9-14,0.168571
DIS,26403,QMLE-Quote,2021-9-15,0.149171
DIS,26403,QMLE-Quote,2021-9-16,0.133655
DIS,26403,QMLE-Quote,2021-9-17,0.228225
DIS,26403,QMLE-Quote,2021-9-20,0.226904
DIS,26403,QMLE-Quote,2021-9-21,0.526875
DIS,26403,QMLE-Quote,2021-9-22,0.229653
DIS,26403,QMLE-Quote,2021-9-23,0.160443
DIS,26403,QMLE-Quote,2021-9-24,0.143589
DIS,26403,QMLE-Quote,2021-9-27,0.164135
DIS,26403,QMLE-Quote,2021-9-28,0.274177
DIS,26403,QMLE-Quote,2021-9-29,0.208454
DIS,26403,QMLE-Quote,2021-9-30,0.213237
DIS,26403,QMLE-Quote,2021-10-1,0.245458
DIS,26403,QMLE-Quote,2021-10-4,0.23569
DIS,26403,QMLE-Quote,2021-10-5,0.172891
DIS,26403,QMLE-Quote,2021-10-6,0.211501
DIS,26403,QMLE-Quote,2021-10-7,0.148251
DIS,26403,QMLE-Quote,2021-10-8,0.175855
DIS,26403,QMLE-Quote,2021-10-11,0.141776
DIS,26403,QMLE-Quote,2021-10-12,0.183277
DIS,26403,QMLE-Quote,2021-10-13,0.177098
DIS,26403,QMLE-Quote,2021-10-14,0.142225
DIS,26403,QMLE-Quote,2021-10-15,0.274563
DIS,26403,QMLE-Quote,2021-10-18,0.171519
DIS,26403,QMLE-Quote,2021-10-19,0.127732
DIS,26403,QMLE-Quote,2021-10-20,0.124562
DIS,26403,QMLE-Quote,2021-10-21,0.12902
DIS,26403,QMLE-Quote,2021-10-22,0.116606
DIS,26403,QMLE-Quote,2021-10-25,0.143403
DIS,26403,QMLE-Quote,2021-10-26,0.125308
DIS,26403,QMLE-Quote,2021-10-27,0.139094
DIS,26403,QMLE-Quote,2021-10-28,0.127512
DIS,26403,QMLE-Quote,2021-11-1,0.127698
DIS,26403,QMLE-Quote,2021-11-2,0.125063
DIS,26403,QMLE-Quote,2021-11-3,0.162941
DIS,26403,QMLE-Quote,2021-11-4,0.13409
DIS,26403,QMLE-Quote,2021-11-5,0.213698
DIS,26403,QMLE-Quote,2021-11-8,0.227861
DIS,26403,QMLE-Quote,2021-11-9,0.203802
DIS,26403,QMLE-Quote,2021-11-10,0.173664
DIS,26403,QMLE-Quote,2021-11-11,0.383741
DIS,26403,QMLE-Quote,2021-11-12,0.179155
DIS,26403,QMLE-Quote,2021-11-15,0.15261
DIS,26403,QMLE-Quote,2021-11-16,0.152944
DIS,26403,QMLE-Quote,2021-11-17,0.140267
DIS,26403,QMLE-Quote,2021-11-18,0.182194
DIS,26403,QMLE-Quote,2021-11-19,0.203031
DIS,26403,QMLE-Quote,2021-11-22,0.202751
DIS,26403,QMLE-Quote,2021-11-23,0.205914
DIS,26403,QMLE-Quote,2021-11-24,0.188367
DIS,26403,QMLE-Quote,2021-11-26,0.237713
DIS,26403,QMLE-Quote,2021-11-29,0.229723
DIS,26403,QMLE-Quote,2021-11-30,0.261789
DIS,26403,QMLE-Quote,2021-12-1,0.269729
DIS,26403,QMLE-Quote,2021-12-2,0.270471
DIS,26403,QMLE-Quote,2021-12-3,0.28628
DIS,26403,QMLE-Quote,2021-12-6,0.253954
DIS,26403,QMLE-Quote,2021-12-7,0.211452
DIS,26403,QMLE-Quote,2021-12-8,0.211912
DIS,26403,QMLE-Quote,2021-12-9,0.17793
DIS,26403,QMLE-Quote,2021-12-10,0.195292
DIS,26403,QMLE-Quote,2021-12-13,0.196033
DIS,26403,QMLE-Quote,2021-12-14,0.243841
DIS,26403,QMLE-Quote,2021-12-15,0.221102
DIS,26403,QMLE-Quote,2021-12-16,0.22247
DIS,26403,QMLE-Quote,2021-12-17,0.227833
DIS,26403,QMLE-Quote,2021-12-20,0.218399
DIS,26403,QMLE-Quote,2021-12-21,0.185274
DIS,26403,QMLE-Quote,2021-12-22,0.187342
DIS,26403,QMLE-Quote,2021-12-23,0.171047
DIS,26403,QMLE-Quote,2021-12-28,0.205072
DIS,26403,QMLE-Quote,2021-12-29,0.161991
DIS,26403,QMLE-Quote,2021-12-30,0.1697
DIS,26403,QMLE-Quote,2021-12-31,0.143224
DIS,26403,QMLE-Quote,2022-1-3,0.203445
DIS,26403,QMLE-Quote,2022-1-4,0.245234
DIS,26403,QMLE-Quote,2022-1-5,0.214937
DIS,26403,QMLE-Quote,2022-1-6,0.247097
DIS,26403,QMLE-Quote,2022-1-7,0.215499
DIS,26403,QMLE-Quote,2022-1-10,0.245798
DIS,26403,QMLE-Quote,2022-1-11,0.196362
DIS,26403,QMLE-Quote,2022-1-12,0.174218
DIS,26403,QMLE-Quote,2022-1-13,0.196947
DIS,26403,QMLE-Quote,2022-1-14,0.322474
DIS,26403,QMLE-Quote,2022-1-18,0.245549
DIS,26403,QMLE-Quote,2022-1-19,0.271191
DIS,26403,QMLE-Quote,2022-1-20,0.236325
DIS,26403,QMLE-Quote,2022-1-21,0.446431
DIS,26403,QMLE-Quote,2022-1-24,0.522543
DIS,26403,QMLE-Quote,2022-1-25,0.367257
DIS,26403,QMLE-Quote,2022-1-26,0.439806
DIS,26403,QMLE-Quote,2022-1-27,0.388023
DIS,26403,QMLE-Quote,2022-1-28,0.324111
DIS,26403,QMLE-Quote,2022-1-31,0.216061
DIS,26403,QMLE-Quote,2022-2-1,0.254418
DIS,26403,QMLE-Quote,2022-2-2,0.225909
DIS,26403,QMLE-Quote,2022-2-3,0.230875
DIS,26403,QMLE-Quote,2022-2-4,0.25299
DIS,26403,QMLE-Quote,2022-2-7,0.282165
DIS,26403,QMLE-Quote,2022-2-8,0.236886
DIS,26403,QMLE-Quote,2022-2-9,0.246963
DIS,26403,QMLE-Quote,2022-2-10,0.526175
DIS,26403,QMLE-Quote,2022-2-11,0.334269
DIS,26403,QMLE-Quote,2022-2-14,0.34074
DIS,26403,QMLE-Quote,2022-2-15,0.239134
DIS,26403,QMLE-Quote,2022-2-16,0.253702
DIS,26403,QMLE-Quote,2022-2-17,0.205272
DIS,26403,QMLE-Quote,2022-2-18,0.238969
DIS,26403,QMLE-Quote,2022-2-22,0.315101
DIS,26403,QMLE-Quote,2022-2-23,0.247316
DIS,26403,QMLE-Quote,2022-2-24,0.38053
DIS,26403,QMLE-Quote,2022-2-25,0.256587
DIS,26403,QMLE-Quote,2022-2-28,0.299581
DIS,26403,QMLE-Quote,2022-3-1,0.292391
DIS,26403,QMLE-Quote,2022-3-2,0.274665
DIS,26403,QMLE-Quote,2022-3-3,0.26149
DIS,26403,QMLE-Quote,2022-3-4,0.263887
DIS,26403,QMLE-Quote,2022-3-7,0.282562
DIS,26403,QMLE-Quote,2022-3-8,0.417042
DIS,26403,QMLE-Quote,2022-3-9,0.288044
DIS,26403,QMLE-Quote,2022-3-10,0.257829
DIS,26403,QMLE-Quote,2022-3-11,0.268268
DIS,26403,QMLE-Quote,2022-3-14,0.287079
DIS,26403,QMLE-Quote,2022-3-15,0.282869
DIS,26403,QMLE-Quote,2022-3-16,0.339681
DIS,26403,QMLE-Quote,2022-3-17,0.25563
DIS,26403,QMLE-Quote,2022-3-18,0.214683
DIS,26403,QMLE-Quote,2022-3-21,0.258724
DIS,26403,QMLE-Quote,2022-3-22,0.198487
DIS,26403,QMLE-Quote,2022-3-23,0.212609
DIS,26403,QMLE-Quote,2022-3-24,0.205594
DIS,26403,QMLE-Quote,2022-3-25,0.188867
DIS,26403,QMLE-Quote,2022-3-28,0.226958
DIS,26403,QMLE-Quote,2022-3-29,0.320879
DIS,26403,QMLE-Quote,2022-3-30,0.22409
DIS,26403,QMLE-Quote,2022-3-31,0.229071
DIS,26403,QMLE-Quote,2022-4-1,0.224505
DIS,26403,QMLE-Quote,2022-4-4,0.201962
DIS,26403,QMLE-Quote,2022-4-5,0.229415
DIS,26403,QMLE-Quote,2022-4-6,0.283296
DIS,26403,QMLE-Quote,2022-4-7,0.253207
DIS,26403,QMLE-Quote,2022-4-8,0.205468
DIS,26403,QMLE-Quote,2022-4-11,0.251813
DIS,26403,QMLE-Quote,2022-4-12,0.227459
DIS,26403,QMLE-Quote,2022-4-13,0.204193
DIS,26403,QMLE-Quote,2022-4-14,0.19467
DIS,26403,QMLE-Quote,2022-4-18,0.219339
DIS,26403,QMLE-Quote,2022-4-19,0.231005
DIS,26403,QMLE-Quote,2022-4-20,0.368582
DIS,26403,QMLE-Quote,2022-4-21,0.293672
DIS,26403,QMLE-Quote,2022-4-22,0.288194
DIS,26403,QMLE-Quote,2022-4-25,0.336864
DIS,26403,QMLE-Quote,2022-4-26,0.294917
DIS,26403,QMLE-Quote,2022-4-27,0.370866
DIS,26403,QMLE-Quote,2022-4-28,0.35085
DIS,26403,QMLE-Quote,2022-4-29,0.28964
DIS,26403,QMLE-Quote,2022-5-2,0.388776
DIS,26403,QMLE-Quote,2022-5-3,0.335971
DIS,26403,QMLE-Quote,2022-5-4,0.351086
DIS,26403,QMLE-Quote,2022-5-5,0.350354
DIS,26403,QMLE-Quote,2022-5-6,0.417939
DIS,26403,QMLE-Quote,2022-5-9,0.382796
DIS,26403,QMLE-Quote,2022-5-10,0.435943
DIS,26403,QMLE-Quote,2022-5-11,0.438695
DIS,26403,QMLE-Quote,2022-5-12,0.676952
DIS,26403,QMLE-Quote,2022-5-13,0.381019
DIS,26403,QMLE-Quote,2022-5-16,0.330071
DIS,26403,QMLE-Quote,2022-5-18,0.311943
DIS,26403,QMLE-Quote,2022-5-19,0.370069
DIS,26403,QMLE-Quote,2022-5-20,0.32185
DIS,26403,QMLE-Quote,2022-5-23,0.317131
DIS,26403,QMLE-Quote,2022-5-24,0.316031
DIS,26403,QMLE-Quote,2022-5-25,0.346299
DIS,26403,QMLE-Quote,2022-5-26,0.245315
DIS,26403,QMLE-Quote,2022-5-27,0.236967
DIS,26403,QMLE-Quote,2022-5-31,0.28778
DIS,26403,QMLE-Quote,2022-6-1,0.287657
DIS,26403,QMLE-Quote,2022-6-2,0.262547
DIS,26403,QMLE-Quote,2022-6-3,0.251496
DIS,26403,QMLE-Quote,2022-6-6,0.239075
DIS,26403,QMLE-Quote,2022-6-7,0.25296
DIS,26403,QMLE-Quote,2022-6-8,0.255045
DIS,26403,QMLE-Quote,2022-6-9,0.257268
DIS,26403,QMLE-Quote,2022-6-10,0.311539
DIS,26403,QMLE-Quote,2022-6-13,0.322852
DIS,26403,QMLE-Quote,2022-6-14,0.290925
DIS,26403,QMLE-Quote,2022-6-15,0.429516
DIS,26403,QMLE-Quote,2022-6-16,0.34267
DIS,26403,QMLE-Quote,2022-6-17,0.31867
DIS,26403,QMLE-Quote,2022-6-21,0.26152
DIS,26403,QMLE-Quote,2022-6-22,0.280716
DIS,26403,QMLE-Quote,2022-6-23,0.287893
DIS,26403,QMLE-Quote,2022-6-24,0.209651
DIS,26403,QMLE-Quote,2022-6-27,0.253226
DIS,26403,QMLE-Quote,2022-6-28,0.31238
DIS,26403,QMLE-Quote,2022-6-29,0.302164
DIS,26403,QMLE-Quote,2022-6-30,0.304778
DIS,26403,QMLE-Quote,2022-7-1,0.305149
DIS,26403,QMLE-Quote,2022-7-5,0.309608
DIS,26403,QMLE-Quote,2022-7-6,0.306709
DIS,26403,QMLE-Quote,2022-7-7,0.231253
DIS,26403,QMLE-Quote,2022-7-8,0.210193
DIS,26403,QMLE-Quote,2022-7-11,0.232994
DIS,26403,QMLE-Quote,2022-7-12,0.287997
DIS,26403,QMLE-Quote,2022-7-13,0.331302
DIS,26403,QMLE-Quote,2022-7-14,0.284703
DIS,26403,QMLE-Quote,2022-7-15,0.286121
DIS,26403,QMLE-Quote,2022-7-18,0.239765
DIS,26403,QMLE-Quote,2022-7-19,0.229067
DIS,26403,QMLE-Quote,2022-7-20,0.298894
DIS,26403,QMLE-Quote,2022-7-21,0.261525
DIS,26403,QMLE-Quote,2022-7-22,0.241373
DIS,26403,QMLE-Quote,2022-7-25,0.239694
DIS,26403,QMLE-Quote,2022-7-26,0.229387
DIS,26403,QMLE-Quote,2022-7-27,0.232368
DIS,26403,QMLE-Quote,2022-7-28,0.249339
DIS,26403,QMLE-Quote,2022-7-29,0.238739
DIS,26403,QMLE-Quote,2022-8-1,0.250302
DIS,26403,QMLE-Quote,2022-8-2,0.258009
DIS,26403,QMLE-Quote,2022-8-3,0.242102
DIS,26403,QMLE-Quote,2022-8-4,0.251424
DIS,26403,QMLE-Quote,2022-8-5,0.246969
DIS,26403,QMLE-Quote,2022-8-8,0.257218
DIS,26403,QMLE-Quote,2022-8-9,0.245668
DIS,26403,QMLE-Quote,2022-8-10,0.26352
DIS,26403,QMLE-Quote,2022-8-11,0.454642
DIS,26403,QMLE-Quote,2022-8-12,0.273468
DIS,26403,QMLE-Quote,2022-8-15,0.352467
DIS,26403,QMLE-Quote,2022-8-16,0.209348
DIS,26403,QMLE-Quote,2022-8-17,0.229829
DIS,26403,QMLE-Quote,2022-8-18,0.205625
DIS,26403,QMLE-Quote,2022-8-19,0.20014
DIS,26403,QMLE-Quote,2022-8-22,0.214994
DIS,26403,QMLE-Quote,2022-8-23,0.209825
DIS,26403,QMLE-Quote,2022-8-24,0.200738
DIS,26403,QMLE-Quote,2022-8-25,0.190173
DIS,26403,QMLE-Quote,2022-8-26,0.271875
DIS,26403,QMLE-Quote,2022-8-29,0.239824
DIS,26403,QMLE-Quote,2022-8-30,0.235939
DIS,26403,QMLE-Quote,2022-8-31,0.250562
DIS,26403,QMLE-Quote,2022-9-1,0.24523
DIS,26403,QMLE-Quote,2022-9-2,0.277667
DIS,26403,QMLE-Quote,2022-9-6,0.274581
DIS,26403,QMLE-Quote,2022-9-8,0.262335
DIS,26403,QMLE-Quote,2022-9-9,0.19711
DIS,26403,QMLE-Quote,2022-9-12,0.205475
DIS,26403,QMLE-Quote,2022-9-13,0.254795
DIS,26403,QMLE-Quote,2022-9-14,0.237159
DIS,26403,QMLE-Quote,2022-9-15,0.270916
DIS,26403,QMLE-Quote,2022-9-16,0.318278
DIS,26403,QMLE-Quote,2022-9-19,0.226574
DIS,26403,QMLE-Quote,2022-9-20,0.223963
DIS,26403,QMLE-Quote,2022-9-21,0.354177
DIS,26403,QMLE-Quote,2022-9-22,0.275842
DIS,26403,QMLE-Quote,2022-9-23,0.279238
DIS,26403,QMLE-Quote,2022-9-26,0.323295
DIS,26403,QMLE-Quote,2022-9-27,0.303223
DIS,26403,QMLE-Quote,2022-9-28,0.265804
DIS,26403,QMLE-Quote,2022-9-29,0.267116
DIS,26403,QMLE-Quote,2022-9-30,0.30747
DIS,26403,QMLE-Quote,2022-10-4,0.255719
DIS,26403,QMLE-Quote,2022-10-5,0.234696
DIS,26403,QMLE-Quote,2022-10-6,0.252215
DIS,26403,QMLE-Quote,2022-10-7,0.233796
DIS,26403,QMLE-Quote,2022-10-10,0.279804
DIS,26403,QMLE-Quote,2022-10-11,0.28451
DIS,26403,QMLE-Quote,2022-10-12,0.304094
DIS,26403,QMLE-Quote,2022-10-13,0.420597
DIS,26403,QMLE-Quote,2022-10-14,0.359
DIS,26403,QMLE-Quote,2022-10-17,0.225189
DIS,26403,QMLE-Quote,2022-10-18,0.288383
DIS,26403,QMLE-Quote,2022-10-19,0.328051
DIS,26403,QMLE-Quote,2022-10-20,0.269025
DIS,26403,QMLE-Quote,2022-10-21,0.328495
DIS,26403,QMLE-Quote,2022-10-24,0.336574
DIS,26403,QMLE-Quote,2022-10-25,0.20207
DIS,26403,QMLE-Quote,2022-10-26,0.272176
DIS,26403,QMLE-Quote,2022-10-27,0.28771
DIS,26403,QMLE-Quote,2022-10-28,0.256351
DIS,26403,QMLE-Quote,2022-10-31,0.233024
DIS,26403,QMLE-Quote,2022-11-1,0.266475
DIS,26403,QMLE-Quote,2022-11-2,0.374225
DIS,26403,QMLE-Quote,2022-11-3,0.312842
DIS,26403,QMLE-Quote,2022-11-4,0.34351
DIS,26403,QMLE-Quote,2022-11-7,0.255393
DIS,26403,QMLE-Quote,2022-11-8,0.306377
DIS,26403,QMLE-Quote,2022-11-9,0.465947
DIS,26403,QMLE-Quote,2022-11-10,0.382742
DIS,26403,QMLE-Quote,2022-11-11,0.32975
DIS,26403,QMLE-Quote,2022-11-14,0.337952
DIS,26403,QMLE-Quote,2022-11-15,0.345215
DIS,26403,QMLE-Quote,2022-11-16,0.281525
DIS,26403,QMLE-Quote,2022-11-17,0.253696
DIS,26403,QMLE-Quote,2022-11-18,0.251258
DIS,26403,QMLE-Quote,2022-11-21,0.468599
DIS,26403,QMLE-Quote,2022-11-22,0.259272
DIS,26403,QMLE-Quote,2022-11-23,0.272043
DIS,26403,QMLE-Quote,2022-11-25,0.188678
DIS,26403,QMLE-Quote,2022-11-28,0.225677
DIS,26403,QMLE-Quote,2022-11-29,0.243528
DIS,26403,QMLE-Quote,2022-11-30,0.258738
DIS,26403,QMLE-Quote,2022-12-1,0.272942
DIS,26403,QMLE-Quote,2022-12-2,0.247635
DIS,26403,QMLE-Quote,2022-12-6,0.257214
DIS,26403,QMLE-Quote,2022-12-7,0.302935
DIS,26403,QMLE-Quote,2022-12-8,0.246842
DIS,26403,QMLE-Quote,2022-12-9,0.276258
DIS,26403,QMLE-Quote,2022-12-12,0.238874
DIS,26403,QMLE-Quote,2022-12-13,0.335018
DIS,26403,QMLE-Quote,2022-12-14,0.407096
DIS,26403,QMLE-Quote,2022-12-15,0.259789
DIS,26403,QMLE-Quote,2022-12-16,0.249338
DIS,26403,QMLE-Quote,2022-12-19,0.274312
DIS,26403,QMLE-Quote,2022-12-20,0.2544
DIS,26403,QMLE-Quote,2022-12-21,0.239402
DIS,26403,QMLE-Quote,2022-12-22,0.238034
DIS,26403,QMLE-Quote,2022-12-23,0.272448
DIS,26403,QMLE-Quote,2022-12-27,0.248785
DIS,26403,QMLE-Quote,2022-12-29,0.239638
DIS,26403,QMLE-Quote,2022-12-30,0.225998
DIS,26403,QMLE-Quote,2023-1-3,0.286515
DIS,26403,QMLE-Quote,2023-1-4,0.298228
DIS,26403,QMLE-Quote,2023-1-5,0.25799
DIS,26403,QMLE-Quote,2023-1-6,0.243691
DIS,26403,QMLE-Quote,2023-1-9,0.207616
DIS,26403,QMLE-Quote,2023-1-10,0.229392
DIS,26403,QMLE-Quote,2023-1-11,0.183505
DIS,26403,QMLE-Quote,2023-1-12,0.294932
DIS,26403,QMLE-Quote,2023-1-17,0.218639
DIS,26403,QMLE-Quote,2023-1-18,0.230846
DIS,26403,QMLE-Quote,2023-1-19,0.231082
DIS,26403,QMLE-Quote,2023-1-20,0.238698
DIS,26403,QMLE-Quote,2023-1-23,0.208214
DIS,26403,QMLE-Quote,2023-1-24,0.215439
DIS,26403,QMLE-Quote,2023-1-25,0.222594
DIS,26403,QMLE-Quote,2023-1-26,0.252398
DIS,26403,QMLE-Quote,2023-1-27,0.191764
DIS,26403,QMLE-Quote,2023-1-30,0.194886
DIS,26403,QMLE-Quote,2023-1-31,0.18591
DIS,26403,QMLE-Quote,2023-2-1,0.296962
DIS,26403,QMLE-Quote,2023-2-2,0.292552
DIS,26403,QMLE-Quote,2023-2-3,0.287583
DIS,26403,QMLE-Quote,2023-2-6,0.247775
DIS,26403,QMLE-Quote,2023-2-7,0.290194
DIS,26403,QMLE-Quote,2023-2-8,0.289606
DIS,26403,QMLE-Quote,2023-2-9,0.472093
DIS,26403,QMLE-Quote,2023-2-10,0.309871
DIS,26403,QMLE-Quote,2023-2-13,0.217635
DIS,26403,QMLE-Quote,2023-2-14,0.266992
DIS,26403,QMLE-Quote,2023-2-15,0.203094
DIS,26403,QMLE-Quote,2023-2-16,0.246845
DIS,26403,QMLE-Quote,2023-2-17,0.21366
DIS,26403,QMLE-Quote,2023-2-21,0.209047
DIS,26403,QMLE-Quote,2023-2-22,0.252176
DIS,26403,QMLE-Quote,2023-2-23,0.223192
DIS,26403,QMLE-Quote,2023-2-24,0.232463
DIS,26403,QMLE-Quote,2023-2-27,0.19731
DIS,26403,QMLE-Quote,2023-2-28,0.179725
DIS,26403,QMLE-Quote,2023-3-1,0.229565
DIS,26403,QMLE-Quote,2023-3-2,0.19825
DIS,26403,QMLE-Quote,2023-3-3,0.186224
DIS,26403,QMLE-Quote,2023-3-6,0.175024
DIS,26403,QMLE-Quote,2023-3-7,0.238308
DIS,26403,QMLE-Quote,2023-3-8,0.215778
DIS,26403,QMLE-Quote,2023-3-9,0.229415
DIS,26403,QMLE-Quote,2023-3-10,0.358525
DIS,26403,QMLE-Quote,2023-3-13,0.479627
DIS,26403,QMLE-Quote,2023-3-14,0.266775
DIS,26403,QMLE-Quote,2023-3-15,0.33655
DIS,26403,QMLE-Quote,2023-3-16,0.259815
DIS,26403,QMLE-Quote,2023-3-17,0.276686
DIS,26403,QMLE-Quote,2023-3-20,0.239093
DIS,26403,QMLE-Quote,2023-3-21,0.198997
DIS,26403,QMLE-Quote,2023-3-22,0.311831
DIS,26403,QMLE-Quote,2023-3-23,0.27541
DIS,26403,QMLE-Quote,2023-3-24,0.271738
DIS,26403,QMLE-Quote,2023-3-27,0.22576
DIS,26403,QMLE-Quote,2023-3-28,0.181492
DIS,26403,QMLE-Quote,2023-3-29,0.150586
DIS,26403,QMLE-Quote,2023-3-30,0.192363
DIS,26403,QMLE-Quote,2023-3-31,0.139476
DIS,26403,QMLE-Quote,2023-4-3,0.180759
DIS,26403,QMLE-Quote,2023-4-4,0.182906
DIS,26403,QMLE-Quote,2023-4-5,0.188446
DIS,26403,QMLE-Quote,2023-4-6,0.157018
DIS,26403,QMLE-Quote,2023-4-10,0.182268
DIS,26403,QMLE-Quote,2023-4-11,0.179703
DIS,26403,QMLE-Quote,2023-4-12,0.229318
DIS,26403,QMLE-Quote,2023-4-13,0.186632
DIS,26403,QMLE-Quote,2023-4-14,0.198759
DIS,26403,QMLE-Quote,2023-4-17,0.162567
DIS,26403,QMLE-Quote,2023-4-18,0.180623
DIS,26403,QMLE-Quote,2023-4-19,0.237705
DIS,26403,QMLE-Quote,2023-4-20,0.173505
DIS,26403,QMLE-Quote,2023-4-21,0.151408
DIS,26403,QMLE-Quote,2023-4-24,0.167436
DIS,26403,QMLE-Quote,2023-4-25,0.163222
DIS,26403,QMLE-Quote,2023-4-26,0.179776
DIS,26403,QMLE-Quote,2023-4-27,0.18557
DIS,26403,QMLE-Quote,2023-4-28,0.212044
DIS,26403,QMLE-Quote,2023-5-1,0.188748
DIS,26403,QMLE-Quote,2023-5-2,0.218703
DIS,26403,QMLE-Quote,2023-5-3,0.273458
DIS,26403,QMLE-Quote,2023-5-4,0.279405
DIS,26403,QMLE-Quote,2023-5-5,0.209303
DIS,26403,QMLE-Quote,2023-5-8,0.243275
DIS,26403,QMLE-Quote,2023-5-9,0.160927
DIS,26403,QMLE-Quote,2023-5-10,0.228279
DIS,26403,QMLE-Quote,2023-5-11,0.341425
DIS,26403,QMLE-Quote,2023-5-12,0.230508
DIS,26403,QMLE-Quote,2023-5-15,0.163669
DIS,26403,QMLE-Quote,2023-5-16,0.165921
DIS,26403,QMLE-Quote,2023-5-17,0.173844
DIS,26403,QMLE-Quote,2023-5-18,0.199823
DIS,26403,QMLE-Quote,2023-5-19,0.179679
DIS,26403,QMLE-Quote,2023-5-22,0.198259
DIS,26403,QMLE-Quote,2023-5-23,0.181167
DIS,26403,QMLE-Quote,2023-5-24,0.173077
DIS,26403,QMLE-Quote,2023-5-25,0.209068
DIS,26403,QMLE-Quote,2023-5-26,0.166338
DIS,26403,QMLE-Quote,2023-5-30,0.186321
DIS,26403,QMLE-Quote,2023-5-31,0.172377
DIS,26403,QMLE-Quote,2023-6-1,0.177847
DIS,26403,QMLE-Quote,2023-6-2,0.175696
DIS,26403,QMLE-Quote,2023-6-5,0.269232
DIS,26403,QMLE-Quote,2023-6-6,0.183998
DIS,26403,QMLE-Quote,2023-6-7,0.196288
DIS,26403,QMLE-Quote,2023-6-8,0.159601
DIS,26403,QMLE-Quote,2023-6-9,0.138647
DIS,26403,QMLE-Quote,2023-6-12,0.151314
DIS,26403,QMLE-Quote,2023-6-13,0.194775
DIS,26403,QMLE-Quote,2023-6-14,0.221439
DIS,26403,QMLE-Quote,2023-6-15,0.166141
DIS,26403,QMLE-Quote,2023-6-16,0.168873
DIS,26403,QMLE-Quote,2023-6-22,0.151191
DIS,26403,QMLE-Quote,2023-6-23,0.126017
DIS,26403,QMLE-Quote,2023-6-26,0.148428
DIS,26403,QMLE-Quote,2023-6-27,0.152039
DIS,26403,QMLE-Quote,2023-6-28,0.143179
DIS,26403,QMLE-Quote,2023-6-29,0.190028
DIS,26403,QMLE-Quote,2023-6-30,0.139537
DIS,26403,QMLE-Quote,2023-7-3,0.15105
DIS,26403,QMLE-Quote,2023-7-5,0.157118
DIS,26403,QMLE-Quote,2023-7-6,0.156197
DIS,26403,QMLE-Quote,2023-7-7,0.166314
DIS,26403,QMLE-Quote,2023-7-10,0.160455
DIS,26403,QMLE-Quote,2023-7-11,0.148629
DIS,26403,QMLE-Quote,2023-7-12,0.173504
DIS,26403,QMLE-Quote,2023-7-13,0.185456
DIS,26403,QMLE-Quote,2023-7-14,0.182842
DIS,26403,QMLE-Quote,2023-7-17,0.218744
DIS,26403,QMLE-Quote,2023-7-18,0.195861
DIS,26403,QMLE-Quote,2023-7-19,0.183738
DIS,26403,QMLE-Quote,2023-7-20,0.18358
DIS,26403,QMLE-Quote,2023-7-21,0.224736
DIS,26403,QMLE-Quote,2023-7-24,0.159952
DIS,26403,QMLE-Quote,2023-7-25,0.172548
DIS,26403,QMLE-Quote,2023-7-26,0.152557
DIS,26403,QMLE-Quote,2023-7-27,0.172701
DIS,26403,QMLE-Quote,2023-7-28,0.149
DIS,26403,QMLE-Quote,2023-7-31,0.186137
DIS,26403,QMLE-Quote,2023-8-1,0.184696
DIS,26403,QMLE-Quote,2023-8-2,0.186101
DIS,26403,QMLE-Quote,2023-8-3,0.178139
DIS,26403,QMLE-Quote,2023-8-4,0.15987
DIS,26403,QMLE-Quote,2023-8-7,0.1719
DIS,26403,QMLE-Quote,2023-8-8,0.205339
DIS,26403,QMLE-Quote,2023-8-9,0.230881
DIS,26403,QMLE-Quote,2023-8-10,0.427868
DIS,26403,QMLE-Quote,2023-8-11,0.214982
DIS,26403,QMLE-Quote,2023-8-14,0.192573
DIS,26403,QMLE-Quote,2023-8-15,0.164952
DIS,26403,QMLE-Quote,2023-8-17,0.135669
DIS,26403,QMLE-Quote,2023-8-18,0.175291
DIS,26403,QMLE-Quote,2023-8-21,0.130686
DIS,26403,QMLE-Quote,2023-8-22,0.134088
DIS,26403,QMLE-Quote,2023-8-23,0.100016
DIS,26403,QMLE-Quote,2023-8-24,0.204865
DIS,26403,QMLE-Quote,2023-8-25,0.200253
DIS,26403,QMLE-Quote,2023-8-28,0.137777
DIS,26403,QMLE-Quote,2023-8-29,0.120166
DIS,26403,QMLE-Quote,2023-8-30,0.129449
DIS,26403,QMLE-Quote,2023-8-31,0.124368
DIS,26403,QMLE-Quote,2023-9-1,0.264987
DIS,26403,QMLE-Quote,2023-9-5,0.171815
DIS,26403,QMLE-Quote,2023-9-6,0.244176
DIS,26403,QMLE-Quote,2023-9-7,0.147451
DIS,26403,QMLE-Quote,2023-9-8,0.168132
DIS,26403,QMLE-Quote,2023-9-11,0.361152
DIS,26403,QMLE-Quote,2023-9-12,0.220746
DIS,26403,QMLE-Quote,2023-9-13,0.161548
DIS,26403,QMLE-Quote,2023-9-14,0.291802
DIS,26403,QMLE-Quote,2023-9-15,0.184501
DIS,26403,QMLE-Quote,2023-9-18,0.162671
DIS,26403,QMLE-Quote,2023-9-19,0.249035
DIS,26403,QMLE-Quote,2023-9-20,0.187693
DIS,26403,QMLE-Quote,2023-9-21,0.188635
DIS,26403,QMLE-Quote,2023-9-22,0.169902
DIS,26403,QMLE-Quote,2023-9-26,0.142465
DIS,26403,QMLE-Quote,2023-9-27,0.158386
DIS,26403,QMLE-Quote,2023-9-28,0.194906
DIS,26403,QMLE-Quote,2023-9-29,0.195055
DIS,26403,QMLE-Quote,2023-10-2,0.162703
DIS,26403,QMLE-Quote,2023-10-3,0.225819
DIS,26403,QMLE-Quote,2023-10-4,0.180146
DIS,26403,QMLE-Quote,2023-10-5,0.185457
DIS,26403,QMLE-Quote,2023-10-6,0.220074
DIS,26403,QMLE-Quote,2023-10-9,0.185941
DIS,26403,QMLE-Quote,2023-10-10,0.200375
DIS,26403,QMLE-Quote,2023-10-11,0.171215
DIS,26403,QMLE-Quote,2023-10-12,0.186897
DIS,26403,QMLE-Quote,2023-10-13,0.188715
DIS,26403,QMLE-Quote,2023-10-16,0.16207
DIS,26403,QMLE-Quote,2023-10-17,0.192855
DIS,26403,QMLE-Quote,2023-10-18,0.198819
DIS,26403,QMLE-Quote,2023-10-19,0.262167
DIS,26403,QMLE-Quote,2023-10-20,0.204975
DIS,26403,QMLE-Quote,2023-10-23,0.23234
DIS,26403,QMLE-Quote,2023-10-24,0.205521
DIS,26403,QMLE-Quote,2023-10-25,0.185179
DIS,26403,QMLE-Quote,2023-10-26,0.212609
DIS,26403,QMLE-Quote,2023-10-27,0.209686
DIS,26403,QMLE-Quote,2023-10-30,0.18607
DIS,26403,QMLE-Quote,2023-10-31,0.168126
DIS,26403,QMLE-Quote,2023-11-1,0.192654
DIS,26403,QMLE-Quote,2023-11-2,0.193786
DIS,26403,QMLE-Quote,2023-11-3,0.171321
DIS,26403,QMLE-Quote,2023-11-6,0.172668
DIS,26403,QMLE-Quote,2023-11-7,0.160408
DIS,26403,QMLE-Quote,2023-11-8,0.183317
DIS,26403,QMLE-Quote,2023-11-9,0.342771
DIS,26403,QMLE-Quote,2023-11-10,0.26594
DIS,26403,QMLE-Quote,2023-11-13,0.179249
DIS,26403,QMLE-Quote,2023-11-14,0.168265
DIS,26403,QMLE-Quote,2023-11-15,0.232946
DIS,26403,QMLE-Quote,2023-11-16,0.153318
DIS,26403,QMLE-Quote,2023-11-17,0.149284
DIS,26403,QMLE-Quote,2023-11-20,0.135185
DIS,26403,QMLE-Quote,2023-11-21,0.121816
DIS,26403,QMLE-Quote,2023-11-22,0.133286
DIS,26403,QMLE-Quote,2023-11-24,0.107744
DIS,26403,QMLE-Quote,2023-11-27,0.145383
DIS,26403,QMLE-Quote,2023-11-28,0.151266
DIS,26403,QMLE-Quote,2023-11-29,0.168357
DIS,26403,QMLE-Quote,2023-11-30,0.172201
DIS,26403,QMLE-Quote,2023-12-1,0.16964
DIS,26403,QMLE-Quote,2023-12-4,0.149782
DIS,26403,QMLE-Quote,2023-12-5,0.173232
DIS,26403,QMLE-Quote,2023-12-6,0.161755
DIS,26403,QMLE-Quote,2023-12-7,0.139445
DIS,26403,QMLE-Quote,2023-12-8,0.165905
DIS,26403,QMLE-Quote,2023-12-11,0.144579
DIS,26403,QMLE-Quote,2023-12-12,0.13162
DIS,26403,QMLE-Quote,2023-12-13,0.160967
DIS,26403,QMLE-Quote,2023-12-14,0.190524
DIS,26403,QMLE-Quote,2023-12-18,0.129982
DIS,26403,QMLE-Quote,2023-12-19,0.131058
DIS,26403,QMLE-Quote,2023-12-20,0.170928
DIS,26403,QMLE-Quote,2023-12-21,0.17409
DIS,26403,QMLE-Quote,2023-12-22,0.125629
DIS,26403,QMLE-Quote,2023-12-26,0.103001
DIS,26403,QMLE-Quote,2023-12-27,0.123884
DIS,26403,QMLE-Quote,2023-12-28,0.107953
DIS,26403,QMLE-Quote,2023-12-29,0.104448
DIS,26403,QMLE-Quote,2024-1-2,0.14811
DIS,26403,QMLE-Quote,2024-1-3,0.190456
DIS,26403,QMLE-Quote,2024-1-4,0.166276
DIS,26403,QMLE-Quote,2024-1-5,0.152709
DIS,26403,QMLE-Quote,2024-1-8,0.149467
DIS,26403,QMLE-Quote,2024-1-9,0.130005
DIS,26403,QMLE-Quote,2024-1-10,0.159702
DIS,26403,QMLE-Quote,2024-1-11,0.151326
DIS,26403,QMLE-Quote,2024-1-12,0.166476
DIS,26403,QMLE-Quote,2024-1-16,0.186142
DIS,26403,QMLE-Quote,2024-1-17,0.243432
DIS,26403,QMLE-Quote,2024-1-18,0.165908
DIS,26403,QMLE-Quote,2024-1-19,0.192992
DIS,26403,QMLE-Quote,2024-1-22,0.201953
DIS,26403,QMLE-Quote,2024-1-23,0.198575
DIS,26403,QMLE-Quote,2024-1-24,0.197516
DIS,26403,QMLE-Quote,2024-1-25,0.17198
DIS,26403,QMLE-Quote,2024-1-26,0.147017
DIS,26403,QMLE-Quote,2024-1-29,0.172027
DIS,26403,QMLE-Quote,2024-1-30,0.169243
DIS,26403,QMLE-Quote,2024-1-31,0.182002
DIS,26403,QMLE-Quote,2024-2-1,0.229088
DIS,26403,QMLE-Quote,2024-2-2,0.181861
DIS,26403,QMLE-Quote,2024-2-5,0.162385
DIS,26403,QMLE-Quote,2024-2-6,0.166093
DIS,26403,QMLE-Quote,2024-2-7,0.242271
DIS,26403,QMLE-Quote,2024-2-8,0.514599
DIS,26403,QMLE-Quote,2024-2-9,0.286735
DIS,26403,QMLE-Quote,2024-2-12,0.219412
DIS,26403,QMLE-Quote,2024-2-13,0.215061
DIS,26403,QMLE-Quote,2024-2-14,0.231278
DIS,26403,QMLE-Quote,2024-2-15,0.179807
DIS,26403,QMLE-Quote,2024-2-16,0.152984
DIS,26403,QMLE-Quote,2024-2-20,0.151965
DIS,26403,QMLE-Quote,2024-2-21,0.168023
DIS,26403,QMLE-Quote,2024-2-23,0.196674
DIS,26403,QMLE-Quote,2024-2-26,0.151317
DIS,26403,QMLE-Quote,2024-2-27,0.140408
DIS,26403,QMLE-Quote,2024-2-28,0.140026
DIS,26403,QMLE-Quote,2024-2-29,0.194861
DIS,26403,QMLE-Quote,2024-3-1,0.148263
DIS,26403,QMLE-Quote,2024-3-4,0.172329
DIS,26403,QMLE-Quote,2024-3-5,0.297136
DIS,26403,QMLE-Quote,2024-3-6,0.231966
DIS,26403,QMLE-Quote,2024-3-7,0.186958
DIS,26403,QMLE-Quote,2024-3-8,0.196472
DIS,26403,QMLE-Quote,2024-3-11,0.169411
DIS,26403,QMLE-Quote,2024-3-12,0.160823
DIS,26403,QMLE-Quote,2024-3-13,0.171987
DIS,26403,QMLE-Quote,2024-3-15,0.198369
DIS,26403,QMLE-Quote,2024-3-18,0.227942
DIS,26403,QMLE-Quote,2024-3-19,0.154851
DIS,26403,QMLE-Quote,2024-3-20,0.208866
DIS,26403,QMLE-Quote,2024-3-21,0.163677
DIS,26403,QMLE-Quote,2024-3-22,0.161826
DIS,26403,QMLE-Quote,2024-3-25,0.239096
DIS,26403,QMLE-Quote,2024-3-26,0.194917
DIS,26403,QMLE-Quote,2024-3-27,0.187673
DIS,26403,QMLE-Quote,2024-3-28,0.19281
DIS,26403,QMLE-Quote,2024-4-1,0.168664
DIS,26403,QMLE-Quote,2024-4-2,0.236084
DIS,26403,QMLE-Quote,2024-4-3,0.303207
DIS,26403,QMLE-Quote,2024-4-4,0.230228
DIS,26403,QMLE-Quote,2024-4-5,0.178137
DIS,26403,QMLE-Quote,2024-4-9,0.174291
DIS,26403,QMLE-Quote,2024-4-10,0.176009
DIS,26403,QMLE-Quote,2024-4-11,0.164506
DIS,26403,QMLE-Quote,2024-4-12,0.199535
DIS,26403,QMLE-Quote,2024-4-15,0.186338
DIS,26403,QMLE-Quote,2024-4-16,0.195897
DIS,26403,QMLE-Quote,2024-4-17,0.156386
DIS,26403,QMLE-Quote,2024-4-18,0.178741
DIS,26403,QMLE-Quote,2024-4-19,0.187912
DIS,26403,QMLE-Quote,2024-4-22,0.143016
DIS,26403,QMLE-Quote,2024-4-23,0.147802
DIS,26403,QMLE-Quote,2024-4-24,0.137786
DIS,26403,QMLE-Quote,2024-4-25,0.215498
DIS,26403,QMLE-Quote,2024-4-26,0.16021
DIS,26403,QMLE-Quote,2024-4-29,0.149151
DIS,26403,QMLE-Quote,2024-4-30,0.159311
DIS,26403,QMLE-Quote,2024-5-1,0.18149
DIS,26403,QMLE-Quote,2024-5-2,0.191764
DIS,26403,QMLE-Quote,2024-5-3,0.153296
DIS,26403,QMLE-Quote,2024-5-6,0.197506
DIS,26403,QMLE-Quote,2024-5-7,0.435245
DIS,26403,QMLE-Quote,2024-5-8,0.233717
DIS,26403,QMLE-Quote,2024-5-9,0.186055
DIS,26403,QMLE-Quote,2024-5-10,0.165033
DIS,26403,QMLE-Quote,2024-5-13,0.164448
DIS,26403,QMLE-Quote,2024-5-14,0.154745
DIS,26403,QMLE-Quote,2024-5-15,0.24996
DIS,26403,QMLE-Quote,2024-5-16,0.142414
DIS,26403,QMLE-Quote,2024-5-17,0.12458
DIS,26403,QMLE-Quote,2024-5-20,0.123351
DIS,26403,QMLE-Quote,2024-5-21,0.124901
DIS,26403,QMLE-Quote,2024-5-22,0.141874
DIS,26403,QMLE-Quote,2024-5-23,0.175386
DIS,26403,QMLE-Quote,2024-5-24,0.140203
DIS,26403,QMLE-Quote,2024-5-28,0.161418
DIS,26403,QMLE-Quote,2024-5-29,0.140941
DIS,26403,QMLE-Quote,2024-5-30,0.142366
DIS,26403,QMLE-Quote,2024-5-31,0.20441
DIS,26403,QMLE-Quote,2024-6-3,0.177026
DIS,26403,QMLE-Quote,2024-6-4,0.17309
DIS,26403,QMLE-Quote,2024-6-5,0.169675
DIS,26403,QMLE-Quote,2024-6-6,0.137807
DIS,26403,QMLE-Quote,2024-6-7,0.137098
DIS,26403,QMLE-Quote,2024-6-10,0.136461
DIS,26403,QMLE-Quote,2024-6-11,0.137825
DIS,26403,QMLE-Quote,2024-6-12,0.183764
DIS,26403,QMLE-Quote,2024-6-13,0.149673
DIS,26403,QMLE-Quote,2024-6-14,0.151524
DIS,26403,QMLE-Quote,2024-6-17,0.188712
DIS,26403,QMLE-Quote,2024-6-18,0.156037
DIS,26403,QMLE-Quote,2024-6-20,0.177383
DIS,26403,QMLE-Quote,2024-6-21,0.163655
DIS,26403,QMLE-Quote,2024-6-24,0.155108
DIS,26403,QMLE-Quote,2024-6-25,0.197774
DIS,26403,QMLE-Quote,2024-6-26,0.137915
DIS,26403,QMLE-Quote,2024-6-27,0.0767287
DIS,26403,QMLE-Quote,2024-6-28,0.249726
DIS,26403,QMLE-Quote,2024-7-1,0.154399
DIS,26403,QMLE-Quote,2024-7-2,0.168677
DIS,26403,QMLE-Quote,2024-7-3,0.125217
DIS,26403,QMLE-Quote,2024-7-5,0.138628
DIS,26403,QMLE-Quote,2024-7-8,0.137079
DIS,26403,QMLE-Quote,2024-7-9,0.130331
DIS,26403,QMLE-Quote,2024-7-10,0.132119
DIS,26403,QMLE-Quote,2024-7-11,0.129784
DIS,26403,QMLE-Quote,2024-7-12,0.141672
DIS,26403,QMLE-Quote,2024-7-15,0.131759
DIS,26403,QMLE-Quote,2024-7-18,0.134182
DIS,26403,QMLE-Quote,2024-7-19,0.144515
DIS,26403,QMLE-Quote,2024-7-22,0.232457
DIS,26403,QMLE-Quote,2024-7-23,0.242939
DIS,26403,QMLE-Quote,2024-7-24,0.200042
DIS,26403,QMLE-Quote,2024-7-25,0.177706
DIS,26403,QMLE-Quote,2024-7-26,0.166454
DIS,26403,QMLE-Quote,2024-7-29,0.194162
DIS,26403,QMLE-Quote,2024-7-30,0.186686
DIS,26403,QMLE-Quote,2024-7-31,0.181529
DIS,26403,QMLE-Quote,2024-8-1,0.180882
DIS,26403,QMLE-Quote,2024-8-2,0.233437
DIS,26403,QMLE-Quote,2024-8-5,0.3442
DIS,26403,QMLE-Quote,2024-8-6,0.423898
DIS,26403,QMLE-Quote,2024-8-7,0.533459
DIS,26403,QMLE-Quote,2024-8-8,0.307956
DIS,26403,QMLE-Quote,2024-8-9,0.23447
DIS,26403,QMLE-Quote,2024-8-12,0.191499
DIS,26403,QMLE-Quote,2024-8-13,0.155414
DIS,26403,QMLE-Quote,2024-8-14,0.148637
DIS,26403,QMLE-Quote,2024-8-15,0.185958
DIS,26403,QMLE-Quote,2024-8-16,0.150473
DIS,26403,QMLE-Quote,2024-8-19,0.157396
DIS,26403,QMLE-Quote,2024-8-20,0.175086
DIS,26403,QMLE-Quote,2024-8-21,0.162063
DIS,26403,QMLE-Quote,2024-8-22,0.149595
DIS,26403,QMLE-Quote,2024-8-23,0.161908
DIS,26403,QMLE-Quote,2024-8-26,0.16516
DIS,26403,QMLE-Quote,2024-8-27,0.138615
DIS,26403,QMLE-Quote,2024-8-28,0.148959
DIS,26403,QMLE-Quote,2024-8-29,0.141645
DIS,26403,QMLE-Quote,2024-8-30,0.140661
DIS,26403,QMLE-Quote,2024-9-3,0.16545
DIS,26403,QMLE-Quote,2024-9-4,0.157744
DIS,26403,QMLE-Quote,2024-9-5,0.149403
DIS,26403,QMLE-Quote,2024-9-6,0.159668
DIS,26403,QMLE-Quote,2024-9-9,0.133289
DIS,26403,QMLE-Quote,2024-9-10,0.139682
DIS,26403,QMLE-Quote,2024-9-11,0.156591
DIS,26403,QMLE-Quote,2024-9-12,0.16856
DIS,26403,QMLE-Quote,2024-9-13,0.144149
DIS,26403,QMLE-Quote,2024-9-16,0.190847
DIS,26403,QMLE-Quote,2024-9-17,0.133703
DIS,26403,QMLE-Quote,2024-9-18,0.225311
DIS,26403,QMLE-Quote,2024-9-19,0.153899
DIS,26403,QMLE-Quote,2024-9-20,0.162482
DIS,26403,QMLE-Quote,2024-9-23,0.154136
DIS,26403,QMLE-Quote,2024-9-24,0.137054
DIS,26403,QMLE-Quote,2024-9-25,0.169765
DIS,26403,QMLE-Quote,2024-9-26,0.161648
DIS,26403,QMLE-Quote,2024-9-27,0.133116
DIS,26403,QMLE-Quote,2024-9-30,0.191061
DIS,26403,QMLE-Quote,2024-10-1,0.236944
DIS,26403,QMLE-Quote,2024-10-2,0.16568
DIS,26403,QMLE-Quote,2024-10-3,0.160014
DIS,26403,QMLE-Quote,2024-10-4,0.162959
DIS,26403,QMLE-Quote,2024-10-7,0.188302
DIS,26403,QMLE-Quote,2024-10-8,0.178067
DIS,26403,QMLE-Quote,2024-10-9,0.153016
DIS,26403,QMLE-Quote,2024-10-10,0.169248
DIS,26403,QMLE-Quote,2024-10-14,0.122703
DIS,26403,QMLE-Quote,2024-10-15,0.159572
DIS,26403,QMLE-Quote,2024-10-16,0.167981
DIS,26403,QMLE-Quote,2024-10-17,0.206968
DIS,26403,QMLE-Quote,2024-10-18,0.126661
DIS,26403,QMLE-Quote,2024-10-21,0.138603
DIS,26403,QMLE-Quote,2024-10-22,0.167228
DIS,26403,QMLE-Quote,2024-10-23,0.125634
DIS,26403,QMLE-Quote,2024-10-24,0.148037
DIS,26403,QMLE-Quote,2024-10-25,0.15021
DIS,26403,QMLE-Quote,2024-10-28,0.142651
DIS,26403,QMLE-Quote,2024-10-29,0.125472
DIS,26403,QMLE-Quote,2024-10-30,0.161509
DIS,26403,QMLE-Quote,2024-10-31,0.21222
DIS,26403,QMLE-Quote,2024-11-1,0.211422
DIS,26403,QMLE-Quote,2024-11-4,0.137006
DIS,26403,QMLE-Quote,2024-11-5,0.123846
DIS,26403,QMLE-Quote,2024-11-6,0.201326
DIS,26403,QMLE-Quote,2024-11-7,0.148919
DIS,26403,QMLE-Quote,2024-11-8,0.178434
DIS,26403,QMLE-Quote,2024-11-11,0.188039
DIS,26403,QMLE-Quote,2024-11-12,0.159769
DIS,26403,QMLE-Quote,2024-11-13,0.207529
DIS,26403,QMLE-Quote,2024-11-14,0.634612
DIS,26403,QMLE-Quote,2024-11-15,0.343467
DIS,26403,QMLE-Quote,2024-11-18,0.271057
DIS,26403,QMLE-Quote,2024-11-19,0.209285
DIS,26403,QMLE-Quote,2024-11-20,0.177862
DIS,26403,QMLE-Quote,2024-11-21,0.210319
DIS,26403,QMLE-Quote,2024-11-22,0.181473
DIS,26403,QMLE-Quote,2024-11-25,0.165199
DIS,26403,QMLE-Quote,2024-11-26,0.149953
DIS,26403,QMLE-Quote,2024-11-27,0.156781
DIS,26403,QMLE-Quote,2024-11-29,0.125523
DIS,26403,QMLE-Quote,2024-12-2,0.164428
DIS,26403,QMLE-Quote,2024-12-3,0.140716
DIS,26403,QMLE-Quote,2024-12-4,0.119728
DIS,26403,QMLE-Quote,2024-12-5,0.164939
DIS,26403,QMLE-Quote,2024-12-6,0.121702
DIS,26403,QMLE-Quote,2024-12-9,0.181628
DIS,26403,QMLE-Quote,2024-12-10,0.167826
DIS,26403,QMLE-Quote,2024-12-11,0.14578
DIS,26403,QMLE-Quote,2024-12-12,0.113533
DIS,26403,QMLE-Quote,2024-12-13,0.133533
DIS,26403,QMLE-Quote,2024-12-16,0.130659
DIS,26403,QMLE-Quote,2024-12-17,0.206842
DIS,26403,QMLE-Quote,2024-12-18,0.238273
DIS,26403,QMLE-Quote,2024-12-19,0.188146
DIS,26403,QMLE-Quote,2024-12-20,0.209109
DIS,26403,QMLE-Quote,2024-12-23,0.147784
DIS,26403,QMLE-Quote,2024-12-24,0.10973
DIS,26403,QMLE-Quote,2024-12-26,0.119515
DIS,26403,QMLE-Quote,2024-12-27,0.13529
DIS,26403,QMLE-Quote,2024-12-30,0.146347
DIS,26403,QMLE-Quote,2024-12-31,0.125279
DIS,26403,QMLE-Quote,2025-1-2,0.177952
DIS,26403,QMLE-Quote,2025-1-3,0.14575
DIS,26403,QMLE-Quote,2025-1-6,0.17151
DIS,26403,QMLE-Quote,2025-1-7,0.225271
DIS,26403,QMLE-Quote,2025-1-8,0.182691
DIS,26403,QMLE-Quote,2025-1-10,0.189903
DIS,26403,QMLE-Quote,2025-1-13,0.167086
DIS,26403,QMLE-Quote,2025-1-14,0.154635
DIS,26403,QMLE-Quote,2025-1-15,0.141803
DIS,26403,QMLE-Quote,2025-1-16,0.149961
DIS,26403,QMLE-Quote,2025-1-17,0.120987
DIS,26403,QMLE-Quote,2025-1-21,0.161207
DIS,26403,QMLE-Quote,2025-1-22,0.164708
DIS,26403,QMLE-Quote,2025-1-23,0.133604
DIS,26403,QMLE-Quote,2025-1-24,0.165474
DIS,26403,QMLE-Quote,2025-1-27,0.210671
DIS,26403,QMLE-Quote,2025-1-28,0.152291
DIS,26403,QMLE-Quote,2025-1-29,0.189291
DIS,26403,QMLE-Quote,2025-1-30,0.193009
DIS,26403,QMLE-Quote,2025-1-31,0.14434
DIS,26403,QMLE-Quote,2025-2-3,0.198504
DIS,26403,QMLE-Quote,2025-2-4,0.240566
DIS,26403,QMLE-Quote,2025-2-5,0.589855
DIS,26403,QMLE-Quote,2025-2-6,0.287024
DIS,26403,QMLE-Quote,2025-2-7,0.200329
DIS,26403,QMLE-Quote,2025-2-10,0.175695
DIS,26403,QMLE-Quote,2025-2-11,0.173257
DIS,26403,QMLE-Quote,2025-2-12,0.149848
DIS,26403,QMLE-Quote,2025-2-13,0.146047
DIS,26403,QMLE-Quote,2025-2-14,0.142955
DIS,26403,QMLE-Quote,2025-2-18,0.146507
DIS,26403,QMLE-Quote,2025-2-19,0.203878
DIS,26403,QMLE-Quote,2025-2-20,0.16334
DIS,26403,QMLE-Quote,2025-2-21,0.178695
DIS,26403,QMLE-Quote,2025-2-24,0.195731
DIS,26403,QMLE-Quote,2025-2-25,0.194087
DIS,26403,QMLE-Quote,2025-2-26,0.213755
DIS,26403,QMLE-Quote,2025-2-27,0.211519
DIS,26403,QMLE-Quote,2025-2-28,0.239892
DIS,26403,QMLE-Quote,2025-3-3,0.232027
DIS,26403,QMLE-Quote,2025-3-4,0.301749
DIS,26403,QMLE-Quote,2025-3-5,0.271517
DIS,26403,QMLE-Quote,2025-3-6,0.263863
DIS,26403,QMLE-Quote,2025-3-7,0.304408
DIS,26403,QMLE-Quote,2025-3-10,0.280475
DIS,26403,QMLE-Quote,2025-3-11,0.381242
DIS,26403,QMLE-Quote,2025-3-12,0.33079
DIS,26403,QMLE-Quote,2025-3-13,0.241633
DIS,26403,QMLE-Quote,2025-3-14,0.272502
DIS,26403,QMLE-Quote,2025-3-17,0.177967
DIS,26403,QMLE-Quote,2025-3-18,0.165658
DIS,26403,QMLE-Quote,2025-3-19,0.170977
DIS,26403,QMLE-Quote,2025-3-20,0.199459
DIS,26403,QMLE-Quote,2025-3-21,0.211291
DIS,26403,QMLE-Quote,2025-3-24,0.192007
DIS,26403,QMLE-Quote,2025-3-25,0.149788
DIS,26403,QMLE-Quote,2025-3-26,0.164862
DIS,26403,QMLE-Quote,2025-3-27,0.197977
DIS,26403,QMLE-Quote,2025-3-28,0.167127
DIS,26403,QMLE-Quote,2025-3-31,0.214193
DIS,26403,QMLE-Quote,2025-4-1,0.194332
DIS,26403,QMLE-Quote,2025-4-2,0.179048
DIS,26403,QMLE-Quote,2025-4-3,0.333572
DIS,26403,QMLE-Quote,2025-4-4,0.487445
DIS,26403,QMLE-Quote,2025-4-7,0.801015
DIS,26403,QMLE-Quote,2025-4-8,0.481957
DIS,26403,QMLE-Quote,2025-4-9,0.845899
DIS,26403,QMLE-Quote,2025-4-10,0.594086
DIS,26403,QMLE-Quote,2025-4-11,0.475618
DIS,26403,QMLE-Quote,2025-4-14,0.300712
DIS,26403,QMLE-Quote,2025-4-15,0.231075
DIS,26403,QMLE-Quote,2025-4-16,0.279679
DIS,26403,QMLE-Quote,2025-4-17,0.290115
DIS,26403,QMLE-Quote,2025-4-21,0.209623
DIS,26403,QMLE-Quote,2025-4-22,0.211186
DIS,26403,QMLE-Quote,2025-4-23,0.325878
DIS,26403,QMLE-Quote,2025-4-24,0.283818
DIS,26403,QMLE-Quote,2025-4-25,0.195262
DIS,26403,QMLE-Quote,2025-4-28,0.188489
DIS,26403,QMLE-Quote,2025-4-29,0.210003
DIS,26403,QMLE-Quote,2025-4-30,0.264152
DIS,26403,QMLE-Quote,2025-5-1,0.191889
DIS,26403,QMLE-Quote,2025-5-2,0.225047
DIS,26403,QMLE-Quote,2025-5-5,0.236523
DIS,26403,QMLE-Quote,2025-5-6,0.205918
DIS,26403,QMLE-Quote,2025-5-7,0.523943
DIS,26403,QMLE-Quote,2025-5-8,0.316153
DIS,26403,QMLE-Quote,2025-5-9,0.204522
DIS,26403,QMLE-Quote,2025-5-12,0.224621
DIS,26403,QMLE-Quote,2025-5-13,0.229666
DIS,26403,QMLE-Quote,2025-5-14,0.224704
DIS,26403,QMLE-Quote,2025-5-15,0.169257
DIS,26403,QMLE-Quote,2025-5-16,0.140076
DIS,26403,QMLE-Quote,2025-5-19,0.125414
DIS,26403,QMLE-Quote,2025-5-20,0.12235
DIS,26403,QMLE-Quote,2025-5-21,0.178725
DIS,26403,QMLE-Quote,2025-5-22,0.17572
DIS,26403,QMLE-Quote,2025-5-23,0.168538
DIS,26403,QMLE-Quote,2025-5-27,0.168739
DIS,26403,QMLE-Quote,2025-5-28,0.130605
DIS,26403,QMLE-Quote,2025-5-29,0.162673
DIS,26403,QMLE-Quote,2025-5-30,0.174564
DIS,26403,QMLE-Quote,2025-6-2,0.172156
DIS,26403,QMLE-Quote,2025-6-3,0.146964
DIS,26403,QMLE-Quote,2025-6-4,0.133849
DIS,26403,QMLE-Quote,2025-6-5,0.167951
DIS,26403,QMLE-Quote,2025-6-6,0.142415
DIS,26403,QMLE-Quote,2025-6-9,0.145518
DIS,26403,QMLE-Quote,2025-6-10,0.272437
DIS,26403,QMLE-Quote,2025-6-11,0.183549
DIS,26403,QMLE-Quote,2025-6-12,0.16185
DIS,26403,QMLE-Quote,2025-6-13,0.167385
DIS,26403,QMLE-Quote,2025-6-16,0.163674
DIS,26403,QMLE-Quote,2025-6-17,0.156691
DIS,26403,QMLE-Quote,2025-6-18,0.171846
DIS,26403,QMLE-Quote,2025-6-20,0.173534
DIS,26403,QMLE-Quote,2025-6-23,0.22195
DIS,26403,QMLE-Quote,2025-6-24,0.118781
DIS,26403,QMLE-Quote,2025-6-25,0.111871
DIS,26403,QMLE-Quote,2025-6-26,0.146612
DIS,26403,QMLE-Quote,2025-6-27,0.13174
DIS,26403,QMLE-Quote,2025-6-30,0.163731
DIS,26403,QMLE-Quote,2025-7-1,0.142383
DIS,26403,QMLE-Quote,2025-7-2,0.114244
DIS,26403,QMLE-Quote,2025-7-3,0.123809
DIS,26403,QMLE-Quote,2025-7-7,0.153124
DIS,26403,QMLE-Quote,2025-7-8,0.136229
DIS,26403,QMLE-Quote,2025-7-9,0.127794
DIS,26403,QMLE-Quote,2025-7-10,0.133474
DIS,26403,QMLE-Quote,2025-7-11,0.159748
DIS,26403,QMLE-Quote,2025-7-14,0.126274
DIS,26403,QMLE-Quote,2025-7-15,0.143365
DIS,26403,QMLE-Quote,2025-7-16,0.169016
DIS,26403,QMLE-Quote,2025-7-17,0.173779
DIS,26403,QMLE-Quote,2025-7-18,0.147632
DIS,26403,QMLE-Quote,2025-7-21,0.133115
DIS,26403,QMLE-Quote,2025-7-22,0.11808
DIS,26403,QMLE-Quote,2025-7-23,0.132518
DIS,26403,QMLE-Quote,2025-7-24,0.143036
DIS,26403,QMLE-Quote,2025-7-25,0.109713
DIS,26403,QMLE-Quote,2025-7-28,0.143574
DIS,26403,QMLE-Quote,2025-7-29,0.118544
DIS,26403,QMLE-Quote,2025-7-30,0.142397
DIS,26403,QMLE-Quote,2025-7-31,0.155961
DIS,26403,QMLE-Quote,2025-8-1,0.203551
DIS,26403,QMLE-Quote,2025-8-4,0.202351
DIS,26403,QMLE-Quote,2025-8-5,0.211285
DIS,26403,QMLE-Quote,2025-8-6,0.46005
DIS,26403,QMLE-Quote,2025-8-7,0.228073
DIS,26403,QMLE-Quote,2025-8-8,0.177436
DIS,26403,QMLE-Quote,2025-8-11,0.166624
DIS,26403,QMLE-Quote,2025-8-12,0.158385
DIS,26403,QMLE-Quote,2025-8-13,0.129815
DIS,26403,QMLE-Quote,2025-8-14,0.136637
DIS,26403,QMLE-Quote,2025-8-15,0.130672
DIS,26403,QMLE-Quote,2025-8-18,0.128909
DIS,26403,QMLE-Quote,2025-8-19,0.125483
DIS,26403,QMLE-Quote,2025-8-20,0.167612
DIS,26403,QMLE-Quote,2025-8-21,0.162015
DIS,26403,QMLE-Quote,2025-8-22,0.174816
DIS,26403,QMLE-Quote,2025-8-25,0.1301
DIS,26403,QMLE-Quote,2025-8-26,0.119001
DIS,26403,QMLE-Quote,2025-8-27,0.122291
DIS,26403,QMLE-Quote,2025-8-28,0.127552
DIS,26403,QMLE-Quote,2025-8-29,0.110915
DIS,26403,QMLE-Quote,2025-9-2,0.159412
DIS,26403,QMLE-Quote,2025-9-3,0.185868
DIS,26403,QMLE-Quote,2025-9-4,0.143504
DIS,26403,QMLE-Quote,2025-9-5,0.192966
DIS,26403,QMLE-Quote,2025-9-8,0.156986
DIS,26403,QMLE-Quote,2025-9-9,0.179027
DIS,26403,QMLE-Quote,2025-9-10,0.247721
DIS,26403,QMLE-Quote,2025-9-11,0.201038
DIS,26403,QMLE-Quote,2025-9-12,0.206004
DIS,26403,QMLE-Quote,2025-9-15,0.20339
DIS,26403,QMLE-Quote,2025-9-16,0.178347
DIS,26403,QMLE-Quote,2025-9-17,0.212636
DIS,26403,QMLE-Quote,2025-9-18,0.243945
DIS,26403,QMLE-Quote,2025-9-19,0.244927
DIS,26403,QMLE-Quote,2025-9-22,0.255379
DIS,26403,QMLE-Quote,2025-9-23,0.224792
DIS,26403,QMLE-Quote,2025-9-24,0.176529
DIS,26403,QMLE-Quote,2025-9-25,0.155292
DIS,26403,QMLE-Quote,2025-9-26,0.131978
DIS,26403,QMLE-Quote,2025-9-29,0.157469
DIS,26403,QMLE-Quote,2025-9-30,0.156894
DIS,26403,QMLE-Quote,2025-10-1,0.200736
DIS,26403,QMLE-Quote,2025-10-2,0.19293
DIS,26403,QMLE-Quote,2025-10-3,0.154996
DIS,26403,QMLE-Quote,2025-10-6,0.144978
DIS,26403,QMLE-Quote,2025-10-7,0.146493
DIS,26403,QMLE-Quote,2025-10-8,0.172799
DIS,26403,QMLE-Quote,2025-10-9,0.194094
DIS,26403,QMLE-Quote,2025-10-10,0.219508
DIS,26403,QMLE-Quote,2025-10-13,0.192222
DIS,26403,QMLE-Quote,2025-10-14,0.175315
DIS,26403,QMLE-Quote,2025-10-15,0.155937
DIS,26403,QMLE-Quote,2025-10-16,0.239619
DIS,26403,QMLE-Quote,2025-10-17,0.184759
DIS,26403,QMLE-Quote,2025-10-20,0.159131
DIS,26403,QMLE-Quote,2025-10-21,0.157984
DIS,26403,QMLE-Quote,2025-10-22,0.201471
DIS,26403,QMLE-Quote,2025-10-23,0.180162
DIS,26403,QMLE-Quote,2025-10-24,0.145896
DIS,26403,QMLE-Quote,2025-10-27,0.160834
DIS,26403,QMLE-Quote,2025-10-28,0.151088
DIS,26403,QMLE-Quote,2025-10-29,0.180129
DIS,26403,QMLE-Quote,2025-10-30,0.210974
DIS,26403,QMLE-Quote,2025-11-3,0.185511
DIS,26403,QMLE-Quote,2025-11-4,0.178309
DIS,26403,QMLE-Quote,2025-11-5,0.154274
DIS,26403,QMLE-Quote,2025-11-6,0.230268
DIS,26403,QMLE-Quote,2025-11-7,0.173051
DIS,26403,QMLE-Quote,2025-11-10,0.189928
DIS,26403,QMLE-Quote,2025-11-11,0.17699
DIS,26403,QMLE-Quote,2025-11-12,0.211397
DIS,26403,QMLE-Quote,2025-11-13,0.441801
DIS,26403,QMLE-Quote,2025-11-14,0.295334
DIS,26403,QMLE-Quote,2025-11-17,0.242163
DIS,26403,QMLE-Quote,2025-11-18,0.258738
DIS,26403,QMLE-Quote,2025-11-19,0.236889
DIS,26403,QMLE-Quote,2025-11-20,0.244032
DIS,26403,QMLE-Quote,2025-11-21,0.223348
DIS,26403,QMLE-Quote,2025-11-24,0.182972
DIS,26403,QMLE-Quote,2025-11-25,0.182135
DIS,26403,QMLE-Quote,2025-11-26,0.142014
DIS,26403,QMLE-Quote,2025-11-28,0.102492
DIS,26403,QMLE-Quote,2025-12-1,0.21184
DIS,26403,QMLE-Quote,2025-12-2,0.163553
DIS,26403,QMLE-Quote,2025-12-3,0.17096
DIS,26403,QMLE-Quote,2025-12-4,0.149744
DIS,26403,QMLE-Quote,2025-12-5,0.174588
DIS,26403,QMLE-Quote,2025-12-8,0.24226
DIS,26403,QMLE-Quote,2025-12-9,0.171752
DIS,26403,QMLE-Quote,2025-12-10,0.190742
DIS,26403,QMLE-Quote,2025-12-11,0.242897
DIS,26403,QMLE-Quote,2025-12-12,0.209358
DIS,26403,QMLE-Quote,2025-12-15,0.211508
DIS,26403,QMLE-Quote,2025-12-16,0.209204
DIS,26403,QMLE-Quote,2025-12-17,0.189797
DIS,26403,QMLE-Quote,2025-12-18,0.199157
DIS,26403,QMLE-Quote,2025-12-19,0.212326
DIS,26403,QMLE-Quote,2025-12-22,0.195838
DIS,26403,QMLE-Quote,2025-12-23,0.12611
DIS,26403,QMLE-Quote,2025-12-24,0.108512
DIS,26403,QMLE-Quote,2025-12-26,0.142168
DIS,26403,QMLE-Quote,2025-12-29,0.134236
DIS,26403,QMLE-Quote,2025-12-30,0.0935918
DIS,26403,QMLE-Quote,2025-12-31,0.117849
DIS,26403,QMLE-Quote,2026-1-2,0.195162
DIS,26403,QMLE-Quote,2026-1-5,0.178952
DIS,26403,QMLE-Quote,2026-1-6,0.17194
DIS,26403,QMLE-Quote,2026-1-7,0.166017
DIS,26403,QMLE-Quote,2026-1-8,0.19685
DIS,26403,QMLE-Quote,2026-1-9,0.226523
DIS,26403,QMLE-Quote,2026-1-12,0.231302
DIS,26403,QMLE-Quote,2026-1-13,0.1931
DIS,26403,QMLE-Quote,2026-1-14,0.160498
DIS,26403,QMLE-Quote,2026-1-15,0.16831
DIS,26403,QMLE-Quote,2026-1-16,0.192474
DIS,26403,QMLE-Quote,2026-1-20,0.214324
DIS,26403,QMLE-Quote,2026-1-21,0.213227
DIS,26403,QMLE-Quote,2026-1-22,0.199238
DIS,26403,QMLE-Quote,2026-1-23,0.226921
DIS,26403,QMLE-Quote,2026-1-26,0.205395
DIS,26403,QMLE-Quote,2026-1-27,0.181633
DIS,26403,QMLE-Quote,2026-1-28,0.171794
DIS,26403,QMLE-Quote,2026-1-29,0.210578
DIS,26403,QMLE-Quote,2026-1-30,0.223887
DIS,26403,QMLE-Quote,2026-2-2,0.549563
DIS,26403,QMLE-Quote,2026-2-4,0.308052
DIS,26403,QMLE-Quote,2026-2-5,0.297891
DIS,26403,QMLE-Quote,2026-2-6,0.238118
DIS,26403,QMLE-Quote,2026-2-9,0.205844
DIS,26403,QMLE-Quote,2026-2-11,0.222501
DIS,26403,QMLE-Quote,2026-2-12,0.372748
DIS,26403,QMLE-Quote,2026-2-13,0.271589
DIS,26403,QMLE-Quote,2026-2-17,0.276531
DIS,26403,QMLE-Quote,2026-2-18,0.201799
DIS,26403,QMLE-Quote,2026-2-19,0.190546
DIS,26403,QMLE-Quote,2026-2-20,0.231868
DIS,26403,QMLE-Quote,2026-2-23,0.207146
DIS,26403,QMLE-Quote,2026-2-24,0.283001
DIS,26403,QMLE-Quote,2026-2-25,0.234726
DIS,26403,QMLE-Quote,2026-2-26,0.215431
DIS,26403,QMLE-Quote,2026-2-27,0.194172
DIS,26403,QMLE-Quote,2026-3-2,0.242717
DIS,26403,QMLE-Quote,2026-3-3,0.245669
DIS,26403,QMLE-Quote,2026-3-4,0.19348
DIS,26403,QMLE-Quote,2026-3-5,0.294616
DIS,26403,QMLE-Quote,2026-3-6,0.199841
DIS,26403,QMLE-Quote,2026-3-10,0.25359
DIS,26403,QMLE-Quote,2026-3-11,0.205242
DIS,26403,QMLE-Quote,2026-3-12,0.203398
DIS,26403,QMLE-Quote,2026-3-13,0.207631
DIS,26403,QMLE-Quote,2026-3-16,0.217808
DIS,26403,QMLE-Quote,2026-3-17,0.223446
DIS,26403,QMLE-Quote,2026-3-18,0.221992
DIS,26403,QMLE-Quote,2026-3-19,0.25254
DIS,26403,QMLE-Quote,2026-3-20,0.224036
DIS,26403,QMLE-Quote,2026-3-23,0.278746
DIS,26403,QMLE-Quote,2026-3-24,0.232365
DIS,26403,QMLE-Quote,2026-3-25,0.202972
DIS,26403,QMLE-Quote,2026-3-26,0.179862
DIS,26403,QMLE-Quote,2026-3-27,0.208561
DIS,26403,QMLE-Quote,2026-3-30,0.229135
DIS,26403,QMLE-Quote,2026-3-31,0.226989
DIS,26403,QMLE-Quote,2026-4-1,0.221434
DIS,26403,QMLE-Quote,2026-4-2,0.199282
DIS,26403,QMLE-Quote,2026-4-6,0.193494
DIS,26403,QMLE-Quote,2026-4-7,0.202374
DIS,26403,QMLE-Quote,2026-4-8,0.175905
DIS,26403,QMLE-Quote,2026-4-9,0.206824
DIS,26403,QMLE-Quote,2026-4-10,0.15679
DIS,26403,QMLE-Quote,2026-4-14,0.208675
DIS,26403,QMLE-Quote,2026-4-15,0.178004
DIS,26403,QMLE-Quote,2026-4-16,0.167246
DIS,26403,QMLE-Quote,2026-4-17,0.148626
DIS,26403,QMLE-Quote,2026-4-20,0.160594
DIS,26403,QMLE-Quote,2026-4-21,0.199101
DIS,26403,QMLE-Quote,2026-4-22,0.180833
DIS,26403,QMLE-Quote,2026-4-23,0.191617
DIS,26403,QMLE-Quote,2026-4-24,0.181086
DIS,26403,QMLE-Quote,2026-4-27,0.203744
DIS,26403,QMLE-Quote,2026-4-28,0.247903
DIS,26403,QMLE-Quote,2026-4-29,0.160076
DIS,26403,QMLE-Quote,2026-4-30,0.173069
DIS,26403,QMLE-Quote,2026-5-1,0.178879
DIS,26403,QMLE-Quote,2026-5-4,0.20757
DIS,26403,QMLE-Quote,2026-5-5,0.197999
DIS,26403,QMLE-Quote,2026-5-6,0.400589
DIS,26403,QMLE-Quote,2026-5-7,0.309864
DIS,26403,QMLE-Quote,2026-5-8,0.199927
DIS,26403,QMLE-Quote,2026-5-11,0.229895
DIS,26403,QMLE-Quote,2026-5-12,0.195422
DIS,26403,QMLE-Quote,2026-5-13,0.201802
DIS,26403,QMLE-Quote,2026-5-14,0.215024
DIS,26403,QMLE-Quote,2026-5-15,0.191492
DIS,26403,QMLE-Quote,2026-5-18,0.226897
DIS,26403,QMLE-Quote,2026-5-19,0.23152
DIS,26403,QMLE-Quote,2026-5-20,0.242625
DIS,26403,QMLE-Quote,2026-5-21,0.187799
DIS,26403,QMLE-Quote,2026-5-22,0.168764
DIS,26403,QMLE-Quote,2026-5-26,0.196777
DIS,26403,QMLE-Quote,2026-5-27,0.218497
DIS,26403,QMLE-Quote,2026-5-28,0.205591
DIS,26403,QMLE-Quote,2026-5-29,0.191071
DIS,26403,QMLE-Quote,2026-6-1,0.218101
DIS,26403,QMLE-Quote,2026-6-2,0.183304
DIS,26403,QMLE-Quote,2026-6-3,0.207743
DIS,26403,QMLE-Quote,2026-6-4,0.188371
DIS,26403,QMLE-Quote,2026-6-5,0.164827
DIS,26403,QMLE-Quote,2026-6-8,0.178669
DIS,26403,QMLE-Quote,2026-6-9,0.21526
DIS,26403,QMLE-Quote,2026-6-10,0.21423
DIS,26403,QMLE-Quote,2026-6-11,0.20932
DIS,26403,QMLE-Quote,2026-6-12,0.231844
DIS,26403,QMLE-Quote,2026-6-15,0.255492
DIS,26403,QMLE-Quote,2026-6-17,0.19783
DIS,26403,QMLE-Quote,2026-6-18,0.25072
DIS,26403,QMLE-Quote,2026-6-22,0.221089
DIS,26403,QMLE-Quote,2026-6-23,0.235222
DIS,26403,QMLE-Quote,2026-6-24,0.244425
DIS,26403,QMLE-Quote,2026-6-25,0.249999
DIS,26403,QMLE-Quote,2026-6-26,0.21318
DIS,26403,QMLE-Quote,2026-6-29,0.20852
DIS,26403,QMLE-Quote,2026-6-30,0.200753
DIS,26403,QMLE-Quote,2026-7-1,0.215114
DIS,26403,QMLE-Quote,2026-7-2,0.20983
DIS,26403,QMLE-Quote,2026-7-6,0.223976
DIS,26403,QMLE-Quote,2026-7-7,0.219845
DIS,26403,QMLE-Quote,2026-7-8,0.173262
DIS,26403,QMLE-Quote,2026-7-9,0.199351
DIS,26403,QMLE-Quote,2026-7-10,0.209734
DIS,26403,QMLE-Quote,2026-7-13,0.245357
DIS,26403,QMLE-Quote,2026-7-14,0.162133
DIS,26403,QMLE-Quote,2026-7-15,0.218073
DIS,26403,QMLE-Quote,2026-7-16,0.218397
DIS,26403,QMLE-Quote,2026-7-17,0.207194
DIS,26403,QMLE-Quote,2026-7-20,0.231021
DIS,26403,QMLE-Quote,2026-7-21,0.179933
DIS,26403,QMLE-Quote,2026-7-22,0.179003
DIS,26403,QMLE-Quote,2026-7-23,0.218479
DIS,26403,QMLE-Quote,2026-7-24,0.203133
DIS,26403,QMLE-Quote,2026-7-27,0.152143
DIS,26403,QMLE-Quote,2026-7-28,0.193438
