Symbol,PN,Type,Date,Volatility
HD,66181,QMLE-Trade,1996-1-2,0.30055
HD,66181,QMLE-Trade,1996-1-3,0.213609
HD,66181,QMLE-Trade,1996-1-4,0.200336
HD,66181,QMLE-Trade,1996-1-5,0.260224
HD,66181,QMLE-Trade,1996-1-8,0.130961
HD,66181,QMLE-Trade,1996-1-9,0.235582
HD,66181,QMLE-Trade,1996-1-10,0.331015
HD,66181,QMLE-Trade,1996-1-11,0.161572
HD,66181,QMLE-Trade,1996-1-12,0.174816
HD,66181,QMLE-Trade,1996-1-15,0.155625
HD,66181,QMLE-Trade,1996-1-16,0.229817
HD,66181,QMLE-Trade,1996-1-17,0.302731
HD,66181,QMLE-Trade,1996-1-18,0.220233
HD,66181,QMLE-Trade,1996-1-19,0.244158
HD,66181,QMLE-Trade,1996-1-22,0.181069
HD,66181,QMLE-Trade,1996-1-23,0.21633
HD,66181,QMLE-Trade,1996-1-24,0.187826
HD,66181,QMLE-Trade,1996-1-25,0.149498
HD,66181,QMLE-Trade,1996-1-26,0.14702
HD,66181,QMLE-Trade,1996-1-29,0.21391
HD,66181,QMLE-Trade,1996-1-30,0.14285
HD,66181,QMLE-Trade,1996-1-31,0.246222
HD,66181,QMLE-Trade,1996-2-1,0.276336
HD,66181,QMLE-Trade,1996-2-2,0.210247
HD,66181,QMLE-Trade,1996-2-5,0.162616
HD,66181,QMLE-Trade,1996-2-6,0.178016
HD,66181,QMLE-Trade,1996-2-7,0.211455
HD,66181,QMLE-Trade,1996-2-8,0.0901061
HD,66181,QMLE-Trade,1996-2-9,0.236963
HD,66181,QMLE-Trade,1996-2-12,0.158679
HD,66181,QMLE-Trade,1996-2-13,0.288197
HD,66181,QMLE-Trade,1996-2-14,0.178497
HD,66181,QMLE-Trade,1996-2-15,0.276427
HD,66181,QMLE-Trade,1996-2-16,0.213513
HD,66181,QMLE-Trade,1996-2-20,0.397366
HD,66181,QMLE-Trade,1996-2-21,0.309527
HD,66181,QMLE-Trade,1996-2-22,0.168754
HD,66181,QMLE-Trade,1996-2-23,0.223229
HD,66181,QMLE-Trade,1996-2-26,0.211155
HD,66181,QMLE-Trade,1996-2-27,0.283512
HD,66181,QMLE-Trade,1996-2-28,0.325825
HD,66181,QMLE-Trade,1996-2-29,0.416467
HD,66181,QMLE-Trade,1996-3-1,0.315237
HD,66181,QMLE-Trade,1996-3-4,0.507113
HD,66181,QMLE-Trade,1996-3-5,0.27379
HD,66181,QMLE-Trade,1996-3-6,0.294376
HD,66181,QMLE-Trade,1996-3-7,0.205416
HD,66181,QMLE-Trade,1996-3-8,0.427249
HD,66181,QMLE-Trade,1996-3-11,0.220421
HD,66181,QMLE-Trade,1996-3-12,0.215347
HD,66181,QMLE-Trade,1996-3-13,0.162215
HD,66181,QMLE-Trade,1996-3-14,0.158958
HD,66181,QMLE-Trade,1996-3-15,0.157088
HD,66181,QMLE-Trade,1996-3-18,0.156943
HD,66181,QMLE-Trade,1996-3-19,0.338711
HD,66181,QMLE-Trade,1996-3-20,0.168482
HD,66181,QMLE-Trade,1996-3-21,0.181211
HD,66181,QMLE-Trade,1996-3-22,0.121038
HD,66181,QMLE-Trade,1996-3-25,0.255793
HD,66181,QMLE-Trade,1996-3-26,0.169349
HD,66181,QMLE-Trade,1996-3-27,0.229569
HD,66181,QMLE-Trade,1996-3-28,0.222989
HD,66181,QMLE-Trade,1996-3-29,0.227117
HD,66181,QMLE-Trade,1996-4-1,0.107894
HD,66181,QMLE-Trade,1996-4-2,0.143155
HD,66181,QMLE-Trade,1996-4-3,0.123998
HD,66181,QMLE-Trade,1996-4-4,0.184948
HD,66181,QMLE-Trade,1996-4-8,0.188642
HD,66181,QMLE-Trade,1996-4-9,0.196066
HD,66181,QMLE-Trade,1996-4-10,0.281182
HD,66181,QMLE-Trade,1996-4-11,0.752553
HD,66181,QMLE-Trade,1996-4-12,0.26555
HD,66181,QMLE-Trade,1996-4-15,0.243032
HD,66181,QMLE-Trade,1996-4-16,0.0975177
HD,66181,QMLE-Trade,1996-4-17,0.157557
HD,66181,QMLE-Trade,1996-4-18,0.112376
HD,66181,QMLE-Trade,1996-4-19,0.118475
HD,66181,QMLE-Trade,1996-4-22,0.213241
HD,66181,QMLE-Trade,1996-4-23,0.220009
HD,66181,QMLE-Trade,1996-4-24,0.154893
HD,66181,QMLE-Trade,1996-4-25,0.292479
HD,66181,QMLE-Trade,1996-4-26,0.182064
HD,66181,QMLE-Trade,1996-4-29,0.17423
HD,66181,QMLE-Trade,1996-4-30,0.140055
HD,66181,QMLE-Trade,1996-5-1,0.114121
HD,66181,QMLE-Trade,1996-5-2,0.176352
HD,66181,QMLE-Trade,1996-5-3,0.196958
HD,66181,QMLE-Trade,1996-5-6,0.155146
HD,66181,QMLE-Trade,1996-5-7,0.106625
HD,66181,QMLE-Trade,1996-5-8,0.266065
HD,66181,QMLE-Trade,1996-5-9,0.218265
HD,66181,QMLE-Trade,1996-5-10,0.229609
HD,66181,QMLE-Trade,1996-5-13,0.269115
HD,66181,QMLE-Trade,1996-5-14,0.244182
HD,66181,QMLE-Trade,1996-5-15,0.263355
HD,66181,QMLE-Trade,1996-5-16,0.250499
HD,66181,QMLE-Trade,1996-5-17,0.170391
HD,66181,QMLE-Trade,1996-5-20,0.321292
HD,66181,QMLE-Trade,1996-5-21,0.184301
HD,66181,QMLE-Trade,1996-5-22,0.0841033
HD,66181,QMLE-Trade,1996-5-23,0.216754
HD,66181,QMLE-Trade,1996-5-24,0.160913
HD,66181,QMLE-Trade,1996-5-28,0.249128
HD,66181,QMLE-Trade,1996-5-29,0.186222
HD,66181,QMLE-Trade,1996-5-30,0.379647
HD,66181,QMLE-Trade,1996-5-31,0.287341
HD,66181,QMLE-Trade,1996-6-3,0.232264
HD,66181,QMLE-Trade,1996-6-4,0.233134
HD,66181,QMLE-Trade,1996-6-5,0.365385
HD,66181,QMLE-Trade,1996-6-6,0.275612
HD,66181,QMLE-Trade,1996-6-7,0.308545
HD,66181,QMLE-Trade,1996-6-10,0.257147
HD,66181,QMLE-Trade,1996-6-11,0.247966
HD,66181,QMLE-Trade,1996-6-12,0.243822
HD,66181,QMLE-Trade,1996-6-13,0.306556
HD,66181,QMLE-Trade,1996-6-14,0.139687
HD,66181,QMLE-Trade,1996-6-17,0.156996
HD,66181,QMLE-Trade,1996-6-18,0.224651
HD,66181,QMLE-Trade,1996-6-19,0.226647
HD,66181,QMLE-Trade,1996-6-20,0.294453
HD,66181,QMLE-Trade,1996-6-21,0.361739
HD,66181,QMLE-Trade,1996-6-24,0.38785
HD,66181,QMLE-Trade,1996-6-25,0.227361
HD,66181,QMLE-Trade,1996-6-26,0.294625
HD,66181,QMLE-Trade,1996-6-27,0.287954
HD,66181,QMLE-Trade,1996-6-28,0.181983
HD,66181,QMLE-Trade,1996-7-1,0.26384
HD,66181,QMLE-Trade,1996-7-2,0.20748
HD,66181,QMLE-Trade,1996-7-3,0.289622
HD,66181,QMLE-Trade,1996-7-5,0.118625
HD,66181,QMLE-Trade,1996-7-8,0.377747
HD,66181,QMLE-Trade,1996-7-9,0.30427
HD,66181,QMLE-Trade,1996-7-10,0.257607
HD,66181,QMLE-Trade,1996-7-11,0.424374
HD,66181,QMLE-Trade,1996-7-12,0.376876
HD,66181,QMLE-Trade,1996-7-15,0.449798
HD,66181,QMLE-Trade,1996-7-16,0.508594
HD,66181,QMLE-Trade,1996-7-17,0.378355
HD,66181,QMLE-Trade,1996-7-18,0.384106
HD,66181,QMLE-Trade,1996-7-19,0.305228
HD,66181,QMLE-Trade,1996-7-22,0.385313
HD,66181,QMLE-Trade,1996-7-23,0.399583
HD,66181,QMLE-Trade,1996-7-24,0.40824
HD,66181,QMLE-Trade,1996-7-25,0.118861
HD,66181,QMLE-Trade,1996-7-26,0.109633
HD,66181,QMLE-Trade,1996-7-29,0.334587
HD,66181,QMLE-Trade,1996-7-30,0.318556
HD,66181,QMLE-Trade,1996-7-31,0.209197
HD,66181,QMLE-Trade,1996-8-1,0.32249
HD,66181,QMLE-Trade,1996-8-2,0.30833
HD,66181,QMLE-Trade,1996-8-5,0.205616
HD,66181,QMLE-Trade,1996-8-6,0.231865
HD,66181,QMLE-Trade,1996-8-7,0.120281
HD,66181,QMLE-Trade,1996-8-8,0.25139
HD,66181,QMLE-Trade,1996-8-9,0.296121
HD,66181,QMLE-Trade,1996-8-12,0.179304
HD,66181,QMLE-Trade,1996-8-13,0.434052
HD,66181,QMLE-Trade,1996-8-14,0.25494
HD,66181,QMLE-Trade,1996-8-15,0.112505
HD,66181,QMLE-Trade,1996-8-16,0.27433
HD,66181,QMLE-Trade,1996-8-19,0.0946321
HD,66181,QMLE-Trade,1996-8-20,0.0681638
HD,66181,QMLE-Trade,1996-8-21,0.201857
HD,66181,QMLE-Trade,1996-8-22,0.120611
HD,66181,QMLE-Trade,1996-8-23,0.208035
HD,66181,QMLE-Trade,1996-8-26,0.0747086
HD,66181,QMLE-Trade,1996-8-27,0.0826964
HD,66181,QMLE-Trade,1996-8-28,0.109384
HD,66181,QMLE-Trade,1996-8-29,0.225807
HD,66181,QMLE-Trade,1996-8-30,0.289226
HD,66181,QMLE-Trade,1996-9-3,0.096014
HD,66181,QMLE-Trade,1996-9-4,0.213683
HD,66181,QMLE-Trade,1996-9-5,0.13721
HD,66181,QMLE-Trade,1996-9-6,0.246693
HD,66181,QMLE-Trade,1996-9-9,0.15127
HD,66181,QMLE-Trade,1996-9-10,0.146364
HD,66181,QMLE-Trade,1996-9-11,0.166463
HD,66181,QMLE-Trade,1996-9-12,0.240736
HD,66181,QMLE-Trade,1996-9-13,0.169335
HD,66181,QMLE-Trade,1996-9-16,0.256966
HD,66181,QMLE-Trade,1996-9-17,0.299208
HD,66181,QMLE-Trade,1996-9-18,0.200713
HD,66181,QMLE-Trade,1996-9-19,0.285245
HD,66181,QMLE-Trade,1996-9-20,0.164323
HD,66181,QMLE-Trade,1996-9-23,0.182406
HD,66181,QMLE-Trade,1996-9-24,0.171005
HD,66181,QMLE-Trade,1996-9-25,0.305834
HD,66181,QMLE-Trade,1996-9-26,0.22126
HD,66181,QMLE-Trade,1996-9-27,0.0868719
HD,66181,QMLE-Trade,1996-9-30,0.150703
HD,66181,QMLE-Trade,1996-10-1,0.243813
HD,66181,QMLE-Trade,1996-10-2,0.199339
HD,66181,QMLE-Trade,1996-10-3,0.0327442
HD,66181,QMLE-Trade,1996-10-4,0.113301
HD,66181,QMLE-Trade,1996-10-7,0.150867
HD,66181,QMLE-Trade,1996-10-8,0.140113
HD,66181,QMLE-Trade,1996-10-9,0.252851
HD,66181,QMLE-Trade,1996-10-10,0.205103
HD,66181,QMLE-Trade,1996-10-11,0.148094
HD,66181,QMLE-Trade,1996-10-14,0.162715
HD,66181,QMLE-Trade,1996-10-15,0.282706
HD,66181,QMLE-Trade,1996-10-16,0.135283
HD,66181,QMLE-Trade,1996-10-17,0.27798
HD,66181,QMLE-Trade,1996-10-18,0.0942642
HD,66181,QMLE-Trade,1996-10-21,0.183273
HD,66181,QMLE-Trade,1996-10-22,0.139428
HD,66181,QMLE-Trade,1996-10-23,0.272236
HD,66181,QMLE-Trade,1996-10-24,0.160048
HD,66181,QMLE-Trade,1996-10-25,0.179379
HD,66181,QMLE-Trade,1996-10-28,0.238445
HD,66181,QMLE-Trade,1996-10-29,0.170901
HD,66181,QMLE-Trade,1996-10-30,0.276748
HD,66181,QMLE-Trade,1996-10-31,0.264655
HD,66181,QMLE-Trade,1996-11-1,0.244095
HD,66181,QMLE-Trade,1996-11-4,0.179769
HD,66181,QMLE-Trade,1996-11-5,0.134582
HD,66181,QMLE-Trade,1996-11-6,0.261739
HD,66181,QMLE-Trade,1996-11-7,0.571501
HD,66181,QMLE-Trade,1996-11-8,0.421358
HD,66181,QMLE-Trade,1996-11-11,0.20032
HD,66181,QMLE-Trade,1996-11-12,0.513485
HD,66181,QMLE-Trade,1996-11-13,0.313944
HD,66181,QMLE-Trade,1996-11-14,0.173319
HD,66181,QMLE-Trade,1996-11-15,0.192021
HD,66181,QMLE-Trade,1996-11-18,0.230721
HD,66181,QMLE-Trade,1996-11-19,0.182414
HD,66181,QMLE-Trade,1996-11-20,0.245516
HD,66181,QMLE-Trade,1996-11-21,0.309638
HD,66181,QMLE-Trade,1996-11-22,0.369403
HD,66181,QMLE-Trade,1996-11-25,0.318298
HD,66181,QMLE-Trade,1996-11-26,0.229898
HD,66181,QMLE-Trade,1996-11-27,0.204277
HD,66181,QMLE-Trade,1996-11-29,0.124695
HD,66181,QMLE-Trade,1996-12-2,0.237248
HD,66181,QMLE-Trade,1996-12-3,0.276376
HD,66181,QMLE-Trade,1996-12-4,0.181331
HD,66181,QMLE-Trade,1996-12-5,0.282387
HD,66181,QMLE-Trade,1996-12-6,0.407941
HD,66181,QMLE-Trade,1996-12-9,0.203269
HD,66181,QMLE-Trade,1996-12-10,0.227546
HD,66181,QMLE-Trade,1996-12-11,0.302573
HD,66181,QMLE-Trade,1996-12-12,0.277989
HD,66181,QMLE-Trade,1996-12-13,0.250921
HD,66181,QMLE-Trade,1996-12-16,0.409696
HD,66181,QMLE-Trade,1996-12-17,0.274437
HD,66181,QMLE-Trade,1996-12-18,0.236918
HD,66181,QMLE-Trade,1996-12-19,0.148249
HD,66181,QMLE-Trade,1996-12-20,0.29396
HD,66181,QMLE-Trade,1996-12-23,0.125472
HD,66181,QMLE-Trade,1996-12-24,0.200928
HD,66181,QMLE-Trade,1996-12-26,0.201298
HD,66181,QMLE-Trade,1996-12-27,0.189634
HD,66181,QMLE-Trade,1996-12-30,0.167945
HD,66181,QMLE-Trade,1996-12-31,0.122994
HD,66181,QMLE-Trade,1997-1-2,0.226757
HD,66181,QMLE-Trade,1997-1-3,0.245681
HD,66181,QMLE-Trade,1997-1-6,0.142768
HD,66181,QMLE-Trade,1997-1-7,0.269491
HD,66181,QMLE-Trade,1997-1-8,0.211824
HD,66181,QMLE-Trade,1997-1-9,0.167909
HD,66181,QMLE-Trade,1997-1-10,0.221104
HD,66181,QMLE-Trade,1997-1-13,0.159961
HD,66181,QMLE-Trade,1997-1-14,0.128145
HD,66181,QMLE-Trade,1997-1-15,0.158199
HD,66181,QMLE-Trade,1997-1-16,0.213256
HD,66181,QMLE-Trade,1997-1-17,0.184389
HD,66181,QMLE-Trade,1997-1-20,0.257184
HD,66181,QMLE-Trade,1997-1-21,0.293048
HD,66181,QMLE-Trade,1997-1-22,0.249509
HD,66181,QMLE-Trade,1997-1-23,0.196932
HD,66181,QMLE-Trade,1997-1-24,0.348289
HD,66181,QMLE-Trade,1997-1-27,0.328293
HD,66181,QMLE-Trade,1997-1-28,0.225361
HD,66181,QMLE-Trade,1997-1-29,0.0967337
HD,66181,QMLE-Trade,1997-1-30,0.220521
HD,66181,QMLE-Trade,1997-1-31,0.257867
HD,66181,QMLE-Trade,1997-2-3,0.17194
HD,66181,QMLE-Trade,1997-2-4,0.0810673
HD,66181,QMLE-Trade,1997-2-5,0.286279
HD,66181,QMLE-Trade,1997-2-6,0.155947
HD,66181,QMLE-Trade,1997-2-7,0.289614
HD,66181,QMLE-Trade,1997-2-10,0.128323
HD,66181,QMLE-Trade,1997-2-11,0.217587
HD,66181,QMLE-Trade,1997-2-12,0.274621
HD,66181,QMLE-Trade,1997-2-13,0.175707
HD,66181,QMLE-Trade,1997-2-14,0.219274
HD,66181,QMLE-Trade,1997-2-18,0.086398
HD,66181,QMLE-Trade,1997-2-19,0.21547
HD,66181,QMLE-Trade,1997-2-20,0.184264
HD,66181,QMLE-Trade,1997-2-21,0.217109
HD,66181,QMLE-Trade,1997-2-24,0.168871
HD,66181,QMLE-Trade,1997-2-25,0.444245
HD,66181,QMLE-Trade,1997-2-26,0.682108
HD,66181,QMLE-Trade,1997-2-27,0.237756
HD,66181,QMLE-Trade,1997-2-28,0.180998
HD,66181,QMLE-Trade,1997-3-3,0.315115
HD,66181,QMLE-Trade,1997-3-4,0.144041
HD,66181,QMLE-Trade,1997-3-5,0.179864
HD,66181,QMLE-Trade,1997-3-6,0.121656
HD,66181,QMLE-Trade,1997-3-7,0.0639195
HD,66181,QMLE-Trade,1997-3-10,0.0620902
HD,66181,QMLE-Trade,1997-3-11,0.198522
HD,66181,QMLE-Trade,1997-3-12,0.0961449
HD,66181,QMLE-Trade,1997-3-13,0.234529
HD,66181,QMLE-Trade,1997-3-14,0.254756
HD,66181,QMLE-Trade,1997-3-17,0.256301
HD,66181,QMLE-Trade,1997-3-18,0.148845
HD,66181,QMLE-Trade,1997-3-19,0.230563
HD,66181,QMLE-Trade,1997-3-20,0.223844
HD,66181,QMLE-Trade,1997-3-21,0.0991319
HD,66181,QMLE-Trade,1997-3-24,0.175555
HD,66181,QMLE-Trade,1997-3-25,0.248449
HD,66181,QMLE-Trade,1997-3-26,0.29475
HD,66181,QMLE-Trade,1997-3-27,0.291779
HD,66181,QMLE-Trade,1997-3-31,0.329922
HD,66181,QMLE-Trade,1997-4-1,0.276546
HD,66181,QMLE-Trade,1997-4-2,0.253482
HD,66181,QMLE-Trade,1997-4-3,0.240993
HD,66181,QMLE-Trade,1997-4-4,0.231371
HD,66181,QMLE-Trade,1997-4-7,0.151917
HD,66181,QMLE-Trade,1997-4-8,0.186627
HD,66181,QMLE-Trade,1997-4-9,0.185177
HD,66181,QMLE-Trade,1997-4-10,0.159409
HD,66181,QMLE-Trade,1997-4-11,0.229381
HD,66181,QMLE-Trade,1997-4-14,0.169686
HD,66181,QMLE-Trade,1997-4-15,0.135821
HD,66181,QMLE-Trade,1997-4-16,0.104296
HD,66181,QMLE-Trade,1997-4-17,0.20572
HD,66181,QMLE-Trade,1997-4-18,0.110628
HD,66181,QMLE-Trade,1997-4-21,0.167219
HD,66181,QMLE-Trade,1997-4-22,0.340093
HD,66181,QMLE-Trade,1997-4-23,0.321706
HD,66181,QMLE-Trade,1997-4-24,0.17789
HD,66181,QMLE-Trade,1997-4-25,0.161369
HD,66181,QMLE-Trade,1997-4-28,0.148119
HD,66181,QMLE-Trade,1997-4-29,0.103303
HD,66181,QMLE-Trade,1997-4-30,0.185677
HD,66181,QMLE-Trade,1997-5-1,0.171689
HD,66181,QMLE-Trade,1997-5-2,0.210131
HD,66181,QMLE-Trade,1997-5-5,0.182683
HD,66181,QMLE-Trade,1997-5-6,0.260497
HD,66181,QMLE-Trade,1997-5-7,0.245179
HD,66181,QMLE-Trade,1997-5-8,0.23485
HD,66181,QMLE-Trade,1997-5-9,0.194661
HD,66181,QMLE-Trade,1997-5-12,0.185314
HD,66181,QMLE-Trade,1997-5-13,0.206889
HD,66181,QMLE-Trade,1997-5-14,0.181964
HD,66181,QMLE-Trade,1997-5-15,0.186452
HD,66181,QMLE-Trade,1997-5-16,0.237827
HD,66181,QMLE-Trade,1997-5-19,0.204853
HD,66181,QMLE-Trade,1997-5-20,0.28038
HD,66181,QMLE-Trade,1997-5-21,0.209138
HD,66181,QMLE-Trade,1997-5-22,0.121785
HD,66181,QMLE-Trade,1997-5-23,0.237176
HD,66181,QMLE-Trade,1997-5-27,0.196832
HD,66181,QMLE-Trade,1997-5-28,0.207231
HD,66181,QMLE-Trade,1997-5-29,0.247599
HD,66181,QMLE-Trade,1997-5-30,0.0957471
HD,66181,QMLE-Trade,1997-6-2,0.118303
HD,66181,QMLE-Trade,1997-6-3,0.119486
HD,66181,QMLE-Trade,1997-6-4,0.119372
HD,66181,QMLE-Trade,1997-6-5,0.2051
HD,66181,QMLE-Trade,1997-6-6,0.368402
HD,66181,QMLE-Trade,1997-6-9,0.132878
HD,66181,QMLE-Trade,1997-6-10,0.227073
HD,66181,QMLE-Trade,1997-6-11,0.191532
HD,66181,QMLE-Trade,1997-6-12,0.107408
HD,66181,QMLE-Trade,1997-6-13,0.148447
HD,66181,QMLE-Trade,1997-6-16,0.129911
HD,66181,QMLE-Trade,1997-6-17,0.154625
HD,66181,QMLE-Trade,1997-6-18,0.148718
HD,66181,QMLE-Trade,1997-6-19,0.0964919
HD,66181,QMLE-Trade,1997-6-20,0.155839
HD,66181,QMLE-Trade,1997-6-23,0.154648
HD,66181,QMLE-Trade,1997-6-24,0.172298
HD,66181,QMLE-Trade,1997-6-25,0.17505
HD,66181,QMLE-Trade,1997-6-26,0.213195
HD,66181,QMLE-Trade,1997-6-27,0.134656
HD,66181,QMLE-Trade,1997-6-30,0.163946
HD,66181,QMLE-Trade,1997-7-1,0.0944073
HD,66181,QMLE-Trade,1997-7-2,0.144877
HD,66181,QMLE-Trade,1997-7-3,0.208857
HD,66181,QMLE-Trade,1997-7-7,0.203639
HD,66181,QMLE-Trade,1997-7-8,0.234508
HD,66181,QMLE-Trade,1997-7-9,0.310645
HD,66181,QMLE-Trade,1997-7-10,0.229835
HD,66181,QMLE-Trade,1997-7-11,0.176347
HD,66181,QMLE-Trade,1997-7-14,0.185055
HD,66181,QMLE-Trade,1997-7-15,0.135297
HD,66181,QMLE-Trade,1997-7-16,0.19189
HD,66181,QMLE-Trade,1997-7-17,0.25353
HD,66181,QMLE-Trade,1997-7-18,0.248046
HD,66181,QMLE-Trade,1997-7-21,0.177856
HD,66181,QMLE-Trade,1997-7-22,0.221177
HD,66181,QMLE-Trade,1997-7-23,0.30215
HD,66181,QMLE-Trade,1997-7-24,0.24664
HD,66181,QMLE-Trade,1997-7-25,0.200286
HD,66181,QMLE-Trade,1997-7-28,0.0794266
HD,66181,QMLE-Trade,1997-7-29,0.29352
HD,66181,QMLE-Trade,1997-7-30,0.221382
HD,66181,QMLE-Trade,1997-7-31,0.176316
HD,66181,QMLE-Trade,1997-8-1,0.280119
HD,66181,QMLE-Trade,1997-8-4,0.18191
HD,66181,QMLE-Trade,1997-8-5,0.19697
HD,66181,QMLE-Trade,1997-8-6,0.18886
HD,66181,QMLE-Trade,1997-8-7,0.080249
HD,66181,QMLE-Trade,1997-8-8,0.595315
HD,66181,QMLE-Trade,1997-8-11,0.183787
HD,66181,QMLE-Trade,1997-8-12,0.199017
HD,66181,QMLE-Trade,1997-8-13,0.308028
HD,66181,QMLE-Trade,1997-8-14,0.226434
HD,66181,QMLE-Trade,1997-8-15,0.208658
HD,66181,QMLE-Trade,1997-8-18,0.329405
HD,66181,QMLE-Trade,1997-8-19,0.190895
HD,66181,QMLE-Trade,1997-8-20,0.231294
HD,66181,QMLE-Trade,1997-8-21,0.267233
HD,66181,QMLE-Trade,1997-8-22,0.374161
HD,66181,QMLE-Trade,1997-8-25,0.224438
HD,66181,QMLE-Trade,1997-8-26,0.18242
HD,66181,QMLE-Trade,1997-8-27,0.273333
HD,66181,QMLE-Trade,1997-8-28,0.253835
HD,66181,QMLE-Trade,1997-8-29,0.143352
HD,66181,QMLE-Trade,1997-9-2,0.242343
HD,66181,QMLE-Trade,1997-9-3,0.310358
HD,66181,QMLE-Trade,1997-9-4,0.173274
HD,66181,QMLE-Trade,1997-9-5,0.112925
HD,66181,QMLE-Trade,1997-9-8,0.106026
HD,66181,QMLE-Trade,1997-9-9,0.127541
HD,66181,QMLE-Trade,1997-9-10,0.133127
HD,66181,QMLE-Trade,1997-9-11,0.321421
HD,66181,QMLE-Trade,1997-9-12,0.382845
HD,66181,QMLE-Trade,1997-9-15,0.214306
HD,66181,QMLE-Trade,1997-9-16,0.23698
HD,66181,QMLE-Trade,1997-9-17,0.220409
HD,66181,QMLE-Trade,1997-9-18,0.185042
HD,66181,QMLE-Trade,1997-9-19,0.142426
HD,66181,QMLE-Trade,1997-9-22,0.281473
HD,66181,QMLE-Trade,1997-9-23,0.248054
HD,66181,QMLE-Trade,1997-9-24,0.26504
HD,66181,QMLE-Trade,1997-9-25,0.168961
HD,66181,QMLE-Trade,1997-9-26,0.188073
HD,66181,QMLE-Trade,1997-9-29,0.228067
HD,66181,QMLE-Trade,1997-9-30,0.234352
HD,66181,QMLE-Trade,1997-10-1,0.193048
HD,66181,QMLE-Trade,1997-10-2,0.121135
HD,66181,QMLE-Trade,1997-10-3,0.250787
HD,66181,QMLE-Trade,1997-10-6,0.0945833
HD,66181,QMLE-Trade,1997-10-7,0.0712995
HD,66181,QMLE-Trade,1997-10-8,0.185701
HD,66181,QMLE-Trade,1997-10-9,0.266925
HD,66181,QMLE-Trade,1997-10-10,0.239404
HD,66181,QMLE-Trade,1997-10-13,0.125123
HD,66181,QMLE-Trade,1997-10-14,0.168302
HD,66181,QMLE-Trade,1997-10-15,0.149409
HD,66181,QMLE-Trade,1997-10-16,0.242997
HD,66181,QMLE-Trade,1997-10-17,0.368379
HD,66181,QMLE-Trade,1997-10-20,0.309403
HD,66181,QMLE-Trade,1997-10-21,0.179818
HD,66181,QMLE-Trade,1997-10-22,0.203323
HD,66181,QMLE-Trade,1997-10-23,0.265377
HD,66181,QMLE-Trade,1997-10-24,0.23659
HD,66181,QMLE-Trade,1997-10-27,0.458834
HD,66181,QMLE-Trade,1997-10-28,0.746385
HD,66181,QMLE-Trade,1997-10-29,0.279367
HD,66181,QMLE-Trade,1997-10-30,0.427002
HD,66181,QMLE-Trade,1997-10-31,0.278469
HD,66181,QMLE-Trade,1997-11-3,0.328964
HD,66181,QMLE-Trade,1997-11-4,0.163686
HD,66181,QMLE-Trade,1997-11-5,0.137108
HD,66181,QMLE-Trade,1997-11-6,0.252698
HD,66181,QMLE-Trade,1997-11-7,0.267599
HD,66181,QMLE-Trade,1997-11-10,0.159966
HD,66181,QMLE-Trade,1997-11-11,0.124136
HD,66181,QMLE-Trade,1997-11-12,0.309271
HD,66181,QMLE-Trade,1997-11-13,0.270639
HD,66181,QMLE-Trade,1997-11-14,0.39717
HD,66181,QMLE-Trade,1997-11-17,0.139133
HD,66181,QMLE-Trade,1997-11-18,0.255681
HD,66181,QMLE-Trade,1997-11-19,0.214035
HD,66181,QMLE-Trade,1997-11-20,0.139742
HD,66181,QMLE-Trade,1997-11-21,0.212558
HD,66181,QMLE-Trade,1997-11-24,0.262079
HD,66181,QMLE-Trade,1997-11-25,0.183914
HD,66181,QMLE-Trade,1997-11-26,0.184954
HD,66181,QMLE-Trade,1997-11-28,0.267725
HD,66181,QMLE-Trade,1997-12-1,0.230117
HD,66181,QMLE-Trade,1997-12-2,0.0980485
HD,66181,QMLE-Trade,1997-12-3,0.219235
HD,66181,QMLE-Trade,1997-12-4,0.233899
HD,66181,QMLE-Trade,1997-12-5,0.322836
HD,66181,QMLE-Trade,1997-12-8,0.163948
HD,66181,QMLE-Trade,1997-12-9,0.145778
HD,66181,QMLE-Trade,1997-12-10,0.234487
HD,66181,QMLE-Trade,1997-12-11,0.238828
HD,66181,QMLE-Trade,1997-12-12,0.287885
HD,66181,QMLE-Trade,1997-12-15,0.237725
HD,66181,QMLE-Trade,1997-12-16,0.193882
HD,66181,QMLE-Trade,1997-12-17,0.222517
HD,66181,QMLE-Trade,1997-12-18,0.282582
HD,66181,QMLE-Trade,1997-12-19,0.360111
HD,66181,QMLE-Trade,1997-12-22,0.227436
HD,66181,QMLE-Trade,1997-12-23,0.202284
HD,66181,QMLE-Trade,1997-12-24,0.315826
HD,66181,QMLE-Trade,1997-12-26,0.227637
HD,66181,QMLE-Trade,1997-12-29,0.272199
HD,66181,QMLE-Trade,1997-12-30,0.298965
HD,66181,QMLE-Trade,1997-12-31,0.232298
HD,66181,QMLE-Trade,1998-1-2,0.312346
HD,66181,QMLE-Trade,1998-1-5,0.231948
HD,66181,QMLE-Trade,1998-1-6,0.204634
HD,66181,QMLE-Trade,1998-1-7,0.299935
HD,66181,QMLE-Trade,1998-1-8,0.290609
HD,66181,QMLE-Trade,1998-1-9,0.374649
HD,66181,QMLE-Trade,1998-1-12,0.374908
HD,66181,QMLE-Trade,1998-1-13,0.289647
HD,66181,QMLE-Trade,1998-1-14,0.107835
HD,66181,QMLE-Trade,1998-1-15,0.187654
HD,66181,QMLE-Trade,1998-1-16,0.123778
HD,66181,QMLE-Trade,1998-1-20,0.206286
HD,66181,QMLE-Trade,1998-1-21,0.186904
HD,66181,QMLE-Trade,1998-1-22,0.124868
HD,66181,QMLE-Trade,1998-1-23,0.226541
HD,66181,QMLE-Trade,1998-1-26,0.303378
HD,66181,QMLE-Trade,1998-1-27,0.207022
HD,66181,QMLE-Trade,1998-1-28,0.15785
HD,66181,QMLE-Trade,1998-1-29,0.214561
HD,66181,QMLE-Trade,1998-1-30,0.217044
HD,66181,QMLE-Trade,1998-2-2,0.230864
HD,66181,QMLE-Trade,1998-2-3,0.167397
HD,66181,QMLE-Trade,1998-2-4,0.191312
HD,66181,QMLE-Trade,1998-2-5,0.222186
HD,66181,QMLE-Trade,1998-2-6,0.12507
HD,66181,QMLE-Trade,1998-2-9,0.131712
HD,66181,QMLE-Trade,1998-2-10,0.12371
HD,66181,QMLE-Trade,1998-2-11,0.15106
HD,66181,QMLE-Trade,1998-2-12,0.239482
HD,66181,QMLE-Trade,1998-2-13,0.184307
HD,66181,QMLE-Trade,1998-2-17,0.140866
HD,66181,QMLE-Trade,1998-2-18,0.0938342
HD,66181,QMLE-Trade,1998-2-19,0.0906032
HD,66181,QMLE-Trade,1998-2-20,0.115563
HD,66181,QMLE-Trade,1998-2-23,0.230746
HD,66181,QMLE-Trade,1998-2-24,0.252711
HD,66181,QMLE-Trade,1998-2-25,0.204187
HD,66181,QMLE-Trade,1998-2-26,0.202972
HD,66181,QMLE-Trade,1998-2-27,0.203671
HD,66181,QMLE-Trade,1998-3-2,0.175998
HD,66181,QMLE-Trade,1998-3-3,0.183107
HD,66181,QMLE-Trade,1998-3-4,0.151135
HD,66181,QMLE-Trade,1998-3-5,0.249778
HD,66181,QMLE-Trade,1998-3-6,0.18593
HD,66181,QMLE-Trade,1998-3-9,0.149327
HD,66181,QMLE-Trade,1998-3-10,0.181192
HD,66181,QMLE-Trade,1998-3-11,0.139743
HD,66181,QMLE-Trade,1998-3-12,0.224444
HD,66181,QMLE-Trade,1998-3-13,0.159319
HD,66181,QMLE-Trade,1998-3-16,0.159907
HD,66181,QMLE-Trade,1998-3-17,0.174099
HD,66181,QMLE-Trade,1998-3-18,0.220263
HD,66181,QMLE-Trade,1998-3-19,0.141279
HD,66181,QMLE-Trade,1998-3-20,0.182868
HD,66181,QMLE-Trade,1998-3-23,0.223961
HD,66181,QMLE-Trade,1998-3-24,0.156431
HD,66181,QMLE-Trade,1998-3-25,0.363364
HD,66181,QMLE-Trade,1998-3-26,0.231917
HD,66181,QMLE-Trade,1998-3-27,0.303332
HD,66181,QMLE-Trade,1998-3-30,0.179246
HD,66181,QMLE-Trade,1998-3-31,0.249108
HD,66181,QMLE-Trade,1998-4-1,0.263671
HD,66181,QMLE-Trade,1998-4-2,0.205217
HD,66181,QMLE-Trade,1998-4-3,0.205851
HD,66181,QMLE-Trade,1998-4-6,0.205578
HD,66181,QMLE-Trade,1998-4-7,0.195007
HD,66181,QMLE-Trade,1998-4-8,0.227035
HD,66181,QMLE-Trade,1998-4-9,0.161658
HD,66181,QMLE-Trade,1998-4-13,0.16434
HD,66181,QMLE-Trade,1998-4-14,0.260906
HD,66181,QMLE-Trade,1998-4-15,0.208419
HD,66181,QMLE-Trade,1998-4-16,0.142108
HD,66181,QMLE-Trade,1998-4-17,0.155184
HD,66181,QMLE-Trade,1998-4-20,0.140596
HD,66181,QMLE-Trade,1998-4-21,0.232882
HD,66181,QMLE-Trade,1998-4-22,0.181691
HD,66181,QMLE-Trade,1998-4-23,0.200847
HD,66181,QMLE-Trade,1998-4-24,0.263484
HD,66181,QMLE-Trade,1998-4-27,0.337688
HD,66181,QMLE-Trade,1998-4-28,0.266251
HD,66181,QMLE-Trade,1998-4-29,0.292376
HD,66181,QMLE-Trade,1998-4-30,0.232315
HD,66181,QMLE-Trade,1998-5-1,0.225654
HD,66181,QMLE-Trade,1998-5-4,0.19234
HD,66181,QMLE-Trade,1998-5-5,0.256405
HD,66181,QMLE-Trade,1998-5-6,0.311021
HD,66181,QMLE-Trade,1998-5-7,0.214164
HD,66181,QMLE-Trade,1998-5-8,0.102262
HD,66181,QMLE-Trade,1998-5-11,0.138995
HD,66181,QMLE-Trade,1998-5-12,0.143764
HD,66181,QMLE-Trade,1998-5-13,0.128823
HD,66181,QMLE-Trade,1998-5-14,0.21953
HD,66181,QMLE-Trade,1998-5-15,0.231299
HD,66181,QMLE-Trade,1998-5-18,0.272195
HD,66181,QMLE-Trade,1998-5-19,0.304811
HD,66181,QMLE-Trade,1998-5-20,0.252041
HD,66181,QMLE-Trade,1998-5-21,0.317471
HD,66181,QMLE-Trade,1998-5-22,0.146025
HD,66181,QMLE-Trade,1998-5-26,0.287078
HD,66181,QMLE-Trade,1998-5-27,0.403418
HD,66181,QMLE-Trade,1998-5-28,0.35629
HD,66181,QMLE-Trade,1998-5-29,0.313136
HD,66181,QMLE-Trade,1998-6-1,0.199997
HD,66181,QMLE-Trade,1998-6-2,0.21015
HD,66181,QMLE-Trade,1998-6-3,0.171243
HD,66181,QMLE-Trade,1998-6-4,0.240746
HD,66181,QMLE-Trade,1998-6-5,0.161917
HD,66181,QMLE-Trade,1998-6-8,0.209556
HD,66181,QMLE-Trade,1998-6-9,0.144363
HD,66181,QMLE-Trade,1998-6-10,0.226647
HD,66181,QMLE-Trade,1998-6-11,0.271711
HD,66181,QMLE-Trade,1998-6-12,0.257188
HD,66181,QMLE-Trade,1998-6-15,0.155128
HD,66181,QMLE-Trade,1998-6-16,0.205273
HD,66181,QMLE-Trade,1998-6-17,0.295067
HD,66181,QMLE-Trade,1998-6-18,0.267464
HD,66181,QMLE-Trade,1998-6-19,0.261837
HD,66181,QMLE-Trade,1998-6-22,0.250921
HD,66181,QMLE-Trade,1998-6-23,0.257502
HD,66181,QMLE-Trade,1998-6-24,0.174352
HD,66181,QMLE-Trade,1998-6-25,0.171573
HD,66181,QMLE-Trade,1998-6-26,0.229694
HD,66181,QMLE-Trade,1998-6-29,0.194433
HD,66181,QMLE-Trade,1998-6-30,0.211051
HD,66181,QMLE-Trade,1998-7-1,0.272836
HD,66181,QMLE-Trade,1998-7-2,0.155214
HD,66181,QMLE-Trade,1998-7-6,0.404498
HD,66181,QMLE-Trade,1998-7-7,0.286609
HD,66181,QMLE-Trade,1998-7-8,0.191941
HD,66181,QMLE-Trade,1998-7-9,0.330738
HD,66181,QMLE-Trade,1998-7-10,0.380365
HD,66181,QMLE-Trade,1998-7-13,0.24297
HD,66181,QMLE-Trade,1998-7-14,0.189523
HD,66181,QMLE-Trade,1998-7-15,0.285528
HD,66181,QMLE-Trade,1998-7-16,0.245404
HD,66181,QMLE-Trade,1998-7-17,0.185379
HD,66181,QMLE-Trade,1998-7-20,0.1537
HD,66181,QMLE-Trade,1998-7-21,0.272984
HD,66181,QMLE-Trade,1998-7-22,0.376418
HD,66181,QMLE-Trade,1998-7-23,0.289011
HD,66181,QMLE-Trade,1998-7-24,0.633994
HD,66181,QMLE-Trade,1998-7-27,0.409547
HD,66181,QMLE-Trade,1998-7-28,0.510288
HD,66181,QMLE-Trade,1998-7-29,0.4116
HD,66181,QMLE-Trade,1998-7-30,0.383154
HD,66181,QMLE-Trade,1998-7-31,0.382907
HD,66181,QMLE-Trade,1998-8-3,0.557775
HD,66181,QMLE-Trade,1998-8-4,0.617161
HD,66181,QMLE-Trade,1998-8-5,0.719628
HD,66181,QMLE-Trade,1998-8-6,0.555112
HD,66181,QMLE-Trade,1998-8-7,0.392572
HD,66181,QMLE-Trade,1998-8-10,0.519812
HD,66181,QMLE-Trade,1998-8-11,0.662817
HD,66181,QMLE-Trade,1998-8-12,0.378567
HD,66181,QMLE-Trade,1998-8-13,0.301408
HD,66181,QMLE-Trade,1998-8-14,0.530653
HD,66181,QMLE-Trade,1998-8-17,0.60007
HD,66181,QMLE-Trade,1998-8-18,0.317504
HD,66181,QMLE-Trade,1998-8-19,0.294265
HD,66181,QMLE-Trade,1998-8-20,0.413824
HD,66181,QMLE-Trade,1998-8-21,0.315574
HD,66181,QMLE-Trade,1998-8-24,0.310524
HD,66181,QMLE-Trade,1998-8-25,0.268278
HD,66181,QMLE-Trade,1998-8-26,0.328597
HD,66181,QMLE-Trade,1998-8-27,0.569228
HD,66181,QMLE-Trade,1998-8-28,0.694545
HD,66181,QMLE-Trade,1998-8-31,0.755576
HD,66181,QMLE-Trade,1998-9-1,1.42738
HD,66181,QMLE-Trade,1998-9-2,0.590976
HD,66181,QMLE-Trade,1998-9-3,0.815118
HD,66181,QMLE-Trade,1998-9-4,0.602662
HD,66181,QMLE-Trade,1998-9-8,0.508533
HD,66181,QMLE-Trade,1998-9-9,0.570925
HD,66181,QMLE-Trade,1998-9-10,0.629461
HD,66181,QMLE-Trade,1998-9-11,0.762789
HD,66181,QMLE-Trade,1998-9-14,0.269493
HD,66181,QMLE-Trade,1998-9-15,0.390275
HD,66181,QMLE-Trade,1998-9-16,0.37316
HD,66181,QMLE-Trade,1998-9-17,0.545821
HD,66181,QMLE-Trade,1998-9-18,0.321398
HD,66181,QMLE-Trade,1998-9-21,0.510565
HD,66181,QMLE-Trade,1998-9-22,0.442365
HD,66181,QMLE-Trade,1998-9-23,0.408348
HD,66181,QMLE-Trade,1998-9-24,0.491936
HD,66181,QMLE-Trade,1998-9-25,0.48943
HD,66181,QMLE-Trade,1998-9-28,0.423335
HD,66181,QMLE-Trade,1998-9-29,0.408341
HD,66181,QMLE-Trade,1998-9-30,0.618879
HD,66181,QMLE-Trade,1998-10-1,0.481327
HD,66181,QMLE-Trade,1998-10-2,0.690027
HD,66181,QMLE-Trade,1998-10-5,0.738928
HD,66181,QMLE-Trade,1998-10-6,0.72302
HD,66181,QMLE-Trade,1998-10-7,1.01405
HD,66181,QMLE-Trade,1998-10-8,1.06117
HD,66181,QMLE-Trade,1998-10-9,0.77198
HD,66181,QMLE-Trade,1998-10-12,0.375025
HD,66181,QMLE-Trade,1998-10-13,0.321424
HD,66181,QMLE-Trade,1998-10-14,0.509147
HD,66181,QMLE-Trade,1998-10-15,0.58013
HD,66181,QMLE-Trade,1998-10-16,0.452116
HD,66181,QMLE-Trade,1998-10-19,0.319207
HD,66181,QMLE-Trade,1998-10-20,0.487455
HD,66181,QMLE-Trade,1998-10-21,0.387032
HD,66181,QMLE-Trade,1998-10-22,0.298497
HD,66181,QMLE-Trade,1998-10-23,0.27309
HD,66181,QMLE-Trade,1998-10-26,0.501516
HD,66181,QMLE-Trade,1998-10-27,0.467548
HD,66181,QMLE-Trade,1998-10-28,0.399551
HD,66181,QMLE-Trade,1998-10-29,0.271655
HD,66181,QMLE-Trade,1998-10-30,0.434713
HD,66181,QMLE-Trade,1998-11-2,0.345567
HD,66181,QMLE-Trade,1998-11-3,0.379852
HD,66181,QMLE-Trade,1998-11-4,0.327793
HD,66181,QMLE-Trade,1998-11-5,0.35066
HD,66181,QMLE-Trade,1998-11-6,0.334419
HD,66181,QMLE-Trade,1998-11-9,0.268668
HD,66181,QMLE-Trade,1998-11-10,0.342766
HD,66181,QMLE-Trade,1998-11-11,0.372563
HD,66181,QMLE-Trade,1998-11-12,0.23075
HD,66181,QMLE-Trade,1998-11-13,0.123604
HD,66181,QMLE-Trade,1998-11-16,0.238896
HD,66181,QMLE-Trade,1998-11-17,0.545777
HD,66181,QMLE-Trade,1998-11-18,0.256687
HD,66181,QMLE-Trade,1998-11-19,0.318131
HD,66181,QMLE-Trade,1998-11-20,0.244252
HD,66181,QMLE-Trade,1998-11-23,0.272272
HD,66181,QMLE-Trade,1998-11-24,0.302332
HD,66181,QMLE-Trade,1998-11-25,0.26083
HD,66181,QMLE-Trade,1998-11-27,0.338628
HD,66181,QMLE-Trade,1998-11-30,0.251269
HD,66181,QMLE-Trade,1998-12-1,0.423815
HD,66181,QMLE-Trade,1998-12-2,0.289432
HD,66181,QMLE-Trade,1998-12-3,0.372366
HD,66181,QMLE-Trade,1998-12-4,0.21079
HD,66181,QMLE-Trade,1998-12-7,0.252492
HD,66181,QMLE-Trade,1998-12-8,0.336549
HD,66181,QMLE-Trade,1998-12-9,0.351367
HD,66181,QMLE-Trade,1998-12-10,0.420753
HD,66181,QMLE-Trade,1998-12-11,0.363027
HD,66181,QMLE-Trade,1998-12-14,0.290266
HD,66181,QMLE-Trade,1998-12-15,0.462901
HD,66181,QMLE-Trade,1998-12-16,0.380304
HD,66181,QMLE-Trade,1998-12-17,0.356215
HD,66181,QMLE-Trade,1998-12-18,0.402272
HD,66181,QMLE-Trade,1998-12-21,0.393029
HD,66181,QMLE-Trade,1998-12-22,0.276597
HD,66181,QMLE-Trade,1998-12-23,0.2766
HD,66181,QMLE-Trade,1998-12-24,0.290965
HD,66181,QMLE-Trade,1998-12-28,0.240944
HD,66181,QMLE-Trade,1998-12-29,0.345509
HD,66181,QMLE-Trade,1998-12-30,0.362503
HD,66181,QMLE-Trade,1998-12-31,0.283163
HD,66181,QMLE-Trade,1999-1-4,0.460317
HD,66181,QMLE-Trade,1999-1-5,0.238313
HD,66181,QMLE-Trade,1999-1-6,0.213488
HD,66181,QMLE-Trade,1999-1-7,0.283398
HD,66181,QMLE-Trade,1999-1-8,0.407658
HD,66181,QMLE-Trade,1999-1-11,0.370254
HD,66181,QMLE-Trade,1999-1-12,0.334559
HD,66181,QMLE-Trade,1999-1-13,0.535951
HD,66181,QMLE-Trade,1999-1-14,0.398109
HD,66181,QMLE-Trade,1999-1-15,0.202437
HD,66181,QMLE-Trade,1999-1-19,0.268651
HD,66181,QMLE-Trade,1999-1-20,0.385006
HD,66181,QMLE-Trade,1999-1-21,0.281526
HD,66181,QMLE-Trade,1999-1-22,0.437656
HD,66181,QMLE-Trade,1999-1-25,0.322446
HD,66181,QMLE-Trade,1999-1-26,0.403206
HD,66181,QMLE-Trade,1999-1-27,0.281916
HD,66181,QMLE-Trade,1999-1-28,0.261971
HD,66181,QMLE-Trade,1999-1-29,0.304089
HD,66181,QMLE-Trade,1999-2-1,0.246075
HD,66181,QMLE-Trade,1999-2-2,0.428255
HD,66181,QMLE-Trade,1999-2-3,0.257271
HD,66181,QMLE-Trade,1999-2-4,0.288261
HD,66181,QMLE-Trade,1999-2-5,0.456526
HD,66181,QMLE-Trade,1999-2-8,0.2763
HD,66181,QMLE-Trade,1999-2-9,0.28545
HD,66181,QMLE-Trade,1999-2-10,0.371299
HD,66181,QMLE-Trade,1999-2-11,0.3364
HD,66181,QMLE-Trade,1999-2-12,0.361702
HD,66181,QMLE-Trade,1999-2-16,0.29218
HD,66181,QMLE-Trade,1999-2-17,0.403933
HD,66181,QMLE-Trade,1999-2-18,0.25305
HD,66181,QMLE-Trade,1999-2-19,0.349592
HD,66181,QMLE-Trade,1999-2-22,0.327478
HD,66181,QMLE-Trade,1999-2-23,0.420132
HD,66181,QMLE-Trade,1999-2-24,0.314005
HD,66181,QMLE-Trade,1999-2-25,0.397768
HD,66181,QMLE-Trade,1999-2-26,0.378579
HD,66181,QMLE-Trade,1999-3-1,0.370123
HD,66181,QMLE-Trade,1999-3-2,0.301313
HD,66181,QMLE-Trade,1999-3-3,0.328499
HD,66181,QMLE-Trade,1999-3-4,0.297626
HD,66181,QMLE-Trade,1999-3-5,0.3604
HD,66181,QMLE-Trade,1999-3-8,0.329367
HD,66181,QMLE-Trade,1999-3-9,0.290362
HD,66181,QMLE-Trade,1999-3-10,0.242449
HD,66181,QMLE-Trade,1999-3-11,0.262704
HD,66181,QMLE-Trade,1999-3-12,0.243238
HD,66181,QMLE-Trade,1999-3-15,0.225681
HD,66181,QMLE-Trade,1999-3-16,0.164581
HD,66181,QMLE-Trade,1999-3-17,0.174178
HD,66181,QMLE-Trade,1999-3-18,0.278387
HD,66181,QMLE-Trade,1999-3-19,0.281202
HD,66181,QMLE-Trade,1999-3-22,0.190029
HD,66181,QMLE-Trade,1999-3-23,0.371711
HD,66181,QMLE-Trade,1999-3-24,0.239598
HD,66181,QMLE-Trade,1999-3-25,0.349279
HD,66181,QMLE-Trade,1999-3-26,0.298449
HD,66181,QMLE-Trade,1999-3-29,0.264755
HD,66181,QMLE-Trade,1999-3-30,0.207905
HD,66181,QMLE-Trade,1999-3-31,0.30239
HD,66181,QMLE-Trade,1999-4-1,0.358501
HD,66181,QMLE-Trade,1999-4-5,0.401054
HD,66181,QMLE-Trade,1999-4-6,0.265969
HD,66181,QMLE-Trade,1999-4-7,0.284762
HD,66181,QMLE-Trade,1999-4-8,0.415668
HD,66181,QMLE-Trade,1999-4-9,0.37828
HD,66181,QMLE-Trade,1999-4-12,0.310437
HD,66181,QMLE-Trade,1999-4-13,0.421254
HD,66181,QMLE-Trade,1999-4-14,0.414376
HD,66181,QMLE-Trade,1999-4-15,0.393845
HD,66181,QMLE-Trade,1999-4-16,0.27691
HD,66181,QMLE-Trade,1999-4-19,0.656344
HD,66181,QMLE-Trade,1999-4-20,0.48875
HD,66181,QMLE-Trade,1999-4-21,0.425355
HD,66181,QMLE-Trade,1999-4-22,0.269411
HD,66181,QMLE-Trade,1999-4-23,0.323717
HD,66181,QMLE-Trade,1999-4-26,0.240157
HD,66181,QMLE-Trade,1999-4-27,0.192393
HD,66181,QMLE-Trade,1999-4-28,0.189627
HD,66181,QMLE-Trade,1999-4-29,0.475688
HD,66181,QMLE-Trade,1999-4-30,0.532832
HD,66181,QMLE-Trade,1999-5-3,0.337699
HD,66181,QMLE-Trade,1999-5-4,0.411699
HD,66181,QMLE-Trade,1999-5-5,0.367081
HD,66181,QMLE-Trade,1999-5-6,0.379989
HD,66181,QMLE-Trade,1999-5-7,0.302731
HD,66181,QMLE-Trade,1999-5-10,0.431944
HD,66181,QMLE-Trade,1999-5-11,0.432956
HD,66181,QMLE-Trade,1999-5-12,0.505653
HD,66181,QMLE-Trade,1999-5-13,0.27244
HD,66181,QMLE-Trade,1999-5-14,0.232548
HD,66181,QMLE-Trade,1999-5-17,0.409171
HD,66181,QMLE-Trade,1999-5-18,0.423001
HD,66181,QMLE-Trade,1999-5-19,0.401749
HD,66181,QMLE-Trade,1999-5-20,0.195351
HD,66181,QMLE-Trade,1999-5-21,0.228413
HD,66181,QMLE-Trade,1999-5-24,0.486439
HD,66181,QMLE-Trade,1999-5-25,0.331149
HD,66181,QMLE-Trade,1999-5-26,0.397149
HD,66181,QMLE-Trade,1999-5-27,0.377429
HD,66181,QMLE-Trade,1999-5-28,0.282487
HD,66181,QMLE-Trade,1999-6-1,0.34825
HD,66181,QMLE-Trade,1999-6-2,0.3805
HD,66181,QMLE-Trade,1999-6-3,0.308663
HD,66181,QMLE-Trade,1999-6-4,0.286035
HD,66181,QMLE-Trade,1999-6-7,0.22779
HD,66181,QMLE-Trade,1999-6-8,0.341158
HD,66181,QMLE-Trade,1999-6-9,0.280604
HD,66181,QMLE-Trade,1999-6-10,0.377841
HD,66181,QMLE-Trade,1999-6-11,0.31633
HD,66181,QMLE-Trade,1999-6-14,0.291468
HD,66181,QMLE-Trade,1999-6-15,0.170106
HD,66181,QMLE-Trade,1999-6-16,0.148444
HD,66181,QMLE-Trade,1999-6-17,0.28824
HD,66181,QMLE-Trade,1999-6-18,0.191162
HD,66181,QMLE-Trade,1999-6-21,0.28891
HD,66181,QMLE-Trade,1999-6-22,0.254012
HD,66181,QMLE-Trade,1999-6-23,0.297466
HD,66181,QMLE-Trade,1999-6-24,0.321965
HD,66181,QMLE-Trade,1999-6-25,0.258706
HD,66181,QMLE-Trade,1999-6-28,0.214294
HD,66181,QMLE-Trade,1999-6-29,0.248088
HD,66181,QMLE-Trade,1999-6-30,0.332179
HD,66181,QMLE-Trade,1999-7-1,0.265693
HD,66181,QMLE-Trade,1999-7-2,0.187462
HD,66181,QMLE-Trade,1999-7-6,0.269693
HD,66181,QMLE-Trade,1999-7-7,0.192793
HD,66181,QMLE-Trade,1999-7-8,0.192825
HD,66181,QMLE-Trade,1999-7-9,0.216161
HD,66181,QMLE-Trade,1999-7-12,0.234441
HD,66181,QMLE-Trade,1999-7-13,0.204099
HD,66181,QMLE-Trade,1999-7-14,0.233317
HD,66181,QMLE-Trade,1999-7-15,0.329805
HD,66181,QMLE-Trade,1999-7-16,0.306342
HD,66181,QMLE-Trade,1999-7-19,0.180615
HD,66181,QMLE-Trade,1999-7-20,0.405454
HD,66181,QMLE-Trade,1999-7-21,0.229858
HD,66181,QMLE-Trade,1999-7-22,0.395757
HD,66181,QMLE-Trade,1999-7-23,0.271084
HD,66181,QMLE-Trade,1999-7-26,0.262406
HD,66181,QMLE-Trade,1999-7-27,0.277693
HD,66181,QMLE-Trade,1999-7-28,0.223624
HD,66181,QMLE-Trade,1999-7-29,0.266709
HD,66181,QMLE-Trade,1999-7-30,0.202023
HD,66181,QMLE-Trade,1999-8-2,0.27427
HD,66181,QMLE-Trade,1999-8-3,0.339923
HD,66181,QMLE-Trade,1999-8-4,0.398608
HD,66181,QMLE-Trade,1999-8-5,0.43107
HD,66181,QMLE-Trade,1999-8-6,0.468777
HD,66181,QMLE-Trade,1999-8-9,0.343495
HD,66181,QMLE-Trade,1999-8-10,0.569969
HD,66181,QMLE-Trade,1999-8-11,0.286584
HD,66181,QMLE-Trade,1999-8-12,0.286092
HD,66181,QMLE-Trade,1999-8-13,0.270729
HD,66181,QMLE-Trade,1999-8-16,0.253398
HD,66181,QMLE-Trade,1999-8-17,0.315271
HD,66181,QMLE-Trade,1999-8-18,0.299495
HD,66181,QMLE-Trade,1999-8-19,0.346905
HD,66181,QMLE-Trade,1999-8-20,0.24331
HD,66181,QMLE-Trade,1999-8-23,0.293061
HD,66181,QMLE-Trade,1999-8-24,0.379702
HD,66181,QMLE-Trade,1999-8-25,0.311603
HD,66181,QMLE-Trade,1999-8-26,0.609401
HD,66181,QMLE-Trade,1999-8-27,0.260722
HD,66181,QMLE-Trade,1999-8-30,0.160471
HD,66181,QMLE-Trade,1999-8-31,0.476357
HD,66181,QMLE-Trade,1999-9-1,0.325726
HD,66181,QMLE-Trade,1999-9-2,0.458727
HD,66181,QMLE-Trade,1999-9-3,0.150311
HD,66181,QMLE-Trade,1999-9-7,0.233074
HD,66181,QMLE-Trade,1999-9-8,0.257826
HD,66181,QMLE-Trade,1999-9-9,0.295058
HD,66181,QMLE-Trade,1999-9-10,0.231777
HD,66181,QMLE-Trade,1999-9-13,0.202192
HD,66181,QMLE-Trade,1999-9-14,0.268765
HD,66181,QMLE-Trade,1999-9-15,0.309263
HD,66181,QMLE-Trade,1999-9-16,0.256554
HD,66181,QMLE-Trade,1999-9-17,0.229032
HD,66181,QMLE-Trade,1999-9-20,0.120826
HD,66181,QMLE-Trade,1999-9-21,0.211313
HD,66181,QMLE-Trade,1999-9-22,0.403156
HD,66181,QMLE-Trade,1999-9-23,0.345163
HD,66181,QMLE-Trade,1999-9-24,0.483633
HD,66181,QMLE-Trade,1999-9-27,0.277428
HD,66181,QMLE-Trade,1999-9-28,0.386594
HD,66181,QMLE-Trade,1999-9-29,0.305573
HD,66181,QMLE-Trade,1999-9-30,0.321751
HD,66181,QMLE-Trade,1999-10-1,0.434234
HD,66181,QMLE-Trade,1999-10-4,0.238166
HD,66181,QMLE-Trade,1999-10-5,0.399378
HD,66181,QMLE-Trade,1999-10-6,0.29531
HD,66181,QMLE-Trade,1999-10-7,0.249879
HD,66181,QMLE-Trade,1999-10-8,0.24608
HD,66181,QMLE-Trade,1999-10-11,0.132814
HD,66181,QMLE-Trade,1999-10-12,0.252796
HD,66181,QMLE-Trade,1999-10-13,0.259915
HD,66181,QMLE-Trade,1999-10-14,0.306322
HD,66181,QMLE-Trade,1999-10-15,0.361995
HD,66181,QMLE-Trade,1999-10-18,0.295135
HD,66181,QMLE-Trade,1999-10-19,0.336137
HD,66181,QMLE-Trade,1999-10-20,0.435021
HD,66181,QMLE-Trade,1999-10-21,0.245371
HD,66181,QMLE-Trade,1999-10-22,0.190599
HD,66181,QMLE-Trade,1999-10-25,0.203685
HD,66181,QMLE-Trade,1999-10-26,0.39247
HD,66181,QMLE-Trade,1999-10-27,0.354079
HD,66181,QMLE-Trade,1999-10-28,0.339353
HD,66181,QMLE-Trade,1999-10-29,0.383738
HD,66181,QMLE-Trade,1999-11-1,0.256687
HD,66181,QMLE-Trade,1999-11-2,0.227595
HD,66181,QMLE-Trade,1999-11-3,0.282489
HD,66181,QMLE-Trade,1999-11-4,0.211616
HD,66181,QMLE-Trade,1999-11-5,0.262309
HD,66181,QMLE-Trade,1999-11-8,0.255401
HD,66181,QMLE-Trade,1999-11-9,0.319591
HD,66181,QMLE-Trade,1999-11-10,0.249007
HD,66181,QMLE-Trade,1999-11-11,0.216766
HD,66181,QMLE-Trade,1999-11-12,0.221775
HD,66181,QMLE-Trade,1999-11-15,0.414516
HD,66181,QMLE-Trade,1999-11-16,0.347942
HD,66181,QMLE-Trade,1999-11-17,0.211129
HD,66181,QMLE-Trade,1999-11-18,0.319716
HD,66181,QMLE-Trade,1999-11-19,0.201934
HD,66181,QMLE-Trade,1999-11-22,0.231404
HD,66181,QMLE-Trade,1999-11-23,0.220128
HD,66181,QMLE-Trade,1999-11-24,0.202655
HD,66181,QMLE-Trade,1999-11-26,0.0982338
HD,66181,QMLE-Trade,1999-11-29,0.210681
HD,66181,QMLE-Trade,1999-11-30,0.171196
HD,66181,QMLE-Trade,1999-12-1,0.216172
HD,66181,QMLE-Trade,1999-12-2,0.254704
HD,66181,QMLE-Trade,1999-12-3,0.222558
HD,66181,QMLE-Trade,1999-12-6,0.212949
HD,66181,QMLE-Trade,1999-12-7,0.268266
HD,66181,QMLE-Trade,1999-12-8,0.253952
HD,66181,QMLE-Trade,1999-12-9,0.189507
HD,66181,QMLE-Trade,1999-12-10,0.264901
HD,66181,QMLE-Trade,1999-12-13,0.240653
HD,66181,QMLE-Trade,1999-12-14,0.235931
HD,66181,QMLE-Trade,1999-12-15,0.273267
HD,66181,QMLE-Trade,1999-12-16,0.321291
HD,66181,QMLE-Trade,1999-12-17,0.300854
HD,66181,QMLE-Trade,1999-12-20,0.281354
HD,66181,QMLE-Trade,1999-12-21,0.24666
HD,66181,QMLE-Trade,1999-12-22,0.205509
HD,66181,QMLE-Trade,1999-12-23,0.238278
HD,66181,QMLE-Trade,1999-12-27,0.157996
HD,66181,QMLE-Trade,1999-12-28,0.25836
HD,66181,QMLE-Trade,1999-12-29,0.270106
HD,66181,QMLE-Trade,1999-12-30,0.247527
HD,66181,QMLE-Trade,1999-12-31,0.351763
HD,66181,QMLE-Trade,2000-1-3,0.485276
HD,66181,QMLE-Trade,2000-1-4,0.443779
HD,66181,QMLE-Trade,2000-1-5,0.458974
HD,66181,QMLE-Trade,2000-1-6,0.415518
HD,66181,QMLE-Trade,2000-1-7,0.317345
HD,66181,QMLE-Trade,2000-1-10,0.304551
HD,66181,QMLE-Trade,2000-1-11,0.331513
HD,66181,QMLE-Trade,2000-1-12,0.355549
HD,66181,QMLE-Trade,2000-1-13,0.262103
HD,66181,QMLE-Trade,2000-1-14,0.274503
HD,66181,QMLE-Trade,2000-1-18,0.225424
HD,66181,QMLE-Trade,2000-1-19,0.305836
HD,66181,QMLE-Trade,2000-1-20,0.333119
HD,66181,QMLE-Trade,2000-1-21,0.338945
HD,66181,QMLE-Trade,2000-1-24,0.524448
HD,66181,QMLE-Trade,2000-1-25,0.540611
HD,66181,QMLE-Trade,2000-1-26,0.393617
HD,66181,QMLE-Trade,2000-1-27,0.486365
HD,66181,QMLE-Trade,2000-1-28,0.385517
HD,66181,QMLE-Trade,2000-1-31,0.414608
HD,66181,QMLE-Trade,2000-2-1,0.486838
HD,66181,QMLE-Trade,2000-2-2,0.343457
HD,66181,QMLE-Trade,2000-2-3,0.329814
HD,66181,QMLE-Trade,2000-2-4,0.316454
HD,66181,QMLE-Trade,2000-2-7,0.253722
HD,66181,QMLE-Trade,2000-2-8,0.225199
HD,66181,QMLE-Trade,2000-2-9,0.305832
HD,66181,QMLE-Trade,2000-2-10,0.404559
HD,66181,QMLE-Trade,2000-2-11,0.30898
HD,66181,QMLE-Trade,2000-2-14,0.227932
HD,66181,QMLE-Trade,2000-2-15,0.282801
HD,66181,QMLE-Trade,2000-2-16,0.353078
HD,66181,QMLE-Trade,2000-2-17,0.576891
HD,66181,QMLE-Trade,2000-2-18,0.508107
HD,66181,QMLE-Trade,2000-2-22,0.605755
HD,66181,QMLE-Trade,2000-2-23,0.408415
HD,66181,QMLE-Trade,2000-2-24,0.464805
HD,66181,QMLE-Trade,2000-2-25,0.378216
HD,66181,QMLE-Trade,2000-2-28,0.555892
HD,66181,QMLE-Trade,2000-2-29,0.373143
HD,66181,QMLE-Trade,2000-3-1,0.655939
HD,66181,QMLE-Trade,2000-3-2,0.393988
HD,66181,QMLE-Trade,2000-3-3,0.254249
HD,66181,QMLE-Trade,2000-3-6,0.320717
HD,66181,QMLE-Trade,2000-3-7,0.484278
HD,66181,QMLE-Trade,2000-3-8,0.406072
HD,66181,QMLE-Trade,2000-3-9,0.467784
HD,66181,QMLE-Trade,2000-3-10,0.384965
HD,66181,QMLE-Trade,2000-3-13,0.436763
HD,66181,QMLE-Trade,2000-3-14,0.529045
HD,66181,QMLE-Trade,2000-3-15,0.583548
HD,66181,QMLE-Trade,2000-3-16,0.519908
HD,66181,QMLE-Trade,2000-3-17,0.468702
HD,66181,QMLE-Trade,2000-3-20,0.372361
HD,66181,QMLE-Trade,2000-3-21,0.494205
HD,66181,QMLE-Trade,2000-3-22,0.417166
HD,66181,QMLE-Trade,2000-3-23,0.390119
HD,66181,QMLE-Trade,2000-3-24,0.435213
HD,66181,QMLE-Trade,2000-3-27,0.313098
HD,66181,QMLE-Trade,2000-3-28,0.37255
HD,66181,QMLE-Trade,2000-3-29,0.408535
HD,66181,QMLE-Trade,2000-3-30,0.506618
HD,66181,QMLE-Trade,2000-3-31,0.489772
HD,66181,QMLE-Trade,2000-4-3,0.353605
HD,66181,QMLE-Trade,2000-4-4,0.632858
HD,66181,QMLE-Trade,2000-4-5,0.4622
HD,66181,QMLE-Trade,2000-4-6,0.474114
HD,66181,QMLE-Trade,2000-4-7,0.305567
HD,66181,QMLE-Trade,2000-4-10,0.38909
HD,66181,QMLE-Trade,2000-4-11,0.306826
HD,66181,QMLE-Trade,2000-4-12,0.406541
HD,66181,QMLE-Trade,2000-4-13,0.724063
HD,66181,QMLE-Trade,2000-4-14,0.751205
HD,66181,QMLE-Trade,2000-4-17,0.632917
HD,66181,QMLE-Trade,2000-4-18,0.540346
HD,66181,QMLE-Trade,2000-4-19,0.456136
HD,66181,QMLE-Trade,2000-4-20,0.431415
HD,66181,QMLE-Trade,2000-4-24,0.63077
HD,66181,QMLE-Trade,2000-4-25,0.449471
HD,66181,QMLE-Trade,2000-4-26,0.301916
HD,66181,QMLE-Trade,2000-4-27,0.444374
HD,66181,QMLE-Trade,2000-4-28,0.364599
HD,66181,QMLE-Trade,2000-5-1,0.439815
HD,66181,QMLE-Trade,2000-5-2,0.369971
HD,66181,QMLE-Trade,2000-5-3,0.339051
HD,66181,QMLE-Trade,2000-5-4,0.431005
HD,66181,QMLE-Trade,2000-5-5,0.387157
HD,66181,QMLE-Trade,2000-5-8,0.461142
HD,66181,QMLE-Trade,2000-5-9,0.517861
HD,66181,QMLE-Trade,2000-5-10,0.534076
HD,66181,QMLE-Trade,2000-5-11,0.425891
HD,66181,QMLE-Trade,2000-5-12,0.43462
HD,66181,QMLE-Trade,2000-5-15,0.368089
HD,66181,QMLE-Trade,2000-5-16,0.530832
HD,66181,QMLE-Trade,2000-5-17,0.347466
HD,66181,QMLE-Trade,2000-5-18,0.394385
HD,66181,QMLE-Trade,2000-5-19,0.428125
HD,66181,QMLE-Trade,2000-5-22,0.459262
HD,66181,QMLE-Trade,2000-5-23,0.425946
HD,66181,QMLE-Trade,2000-5-24,0.752212
HD,66181,QMLE-Trade,2000-5-25,0.654768
HD,66181,QMLE-Trade,2000-5-26,0.333667
HD,66181,QMLE-Trade,2000-5-30,0.324566
HD,66181,QMLE-Trade,2000-5-31,0.396588
HD,66181,QMLE-Trade,2000-6-1,0.315375
HD,66181,QMLE-Trade,2000-6-2,0.312017
HD,66181,QMLE-Trade,2000-6-5,0.319969
HD,66181,QMLE-Trade,2000-6-6,0.303742
HD,66181,QMLE-Trade,2000-6-7,0.366986
HD,66181,QMLE-Trade,2000-6-8,0.38013
HD,66181,QMLE-Trade,2000-6-9,0.413344
HD,66181,QMLE-Trade,2000-6-12,0.483663
HD,66181,QMLE-Trade,2000-6-13,0.475357
HD,66181,QMLE-Trade,2000-6-14,0.351445
HD,66181,QMLE-Trade,2000-6-15,0.288485
HD,66181,QMLE-Trade,2000-6-16,0.200967
HD,66181,QMLE-Trade,2000-6-19,0.331196
HD,66181,QMLE-Trade,2000-6-20,0.323418
HD,66181,QMLE-Trade,2000-6-21,0.285574
HD,66181,QMLE-Trade,2000-6-22,0.426224
HD,66181,QMLE-Trade,2000-6-23,0.322345
HD,66181,QMLE-Trade,2000-6-26,0.28151
HD,66181,QMLE-Trade,2000-6-27,0.359084
HD,66181,QMLE-Trade,2000-6-28,0.397316
HD,66181,QMLE-Trade,2000-6-29,0.361873
HD,66181,QMLE-Trade,2000-6-30,0.365773
HD,66181,QMLE-Trade,2000-7-3,0.341003
HD,66181,QMLE-Trade,2000-7-5,0.282485
HD,66181,QMLE-Trade,2000-7-6,0.391525
HD,66181,QMLE-Trade,2000-7-7,0.428696
HD,66181,QMLE-Trade,2000-7-10,0.366154
HD,66181,QMLE-Trade,2000-7-11,0.290519
HD,66181,QMLE-Trade,2000-7-12,0.356041
HD,66181,QMLE-Trade,2000-7-13,0.219132
HD,66181,QMLE-Trade,2000-7-14,0.276992
HD,66181,QMLE-Trade,2000-7-17,0.250054
HD,66181,QMLE-Trade,2000-7-18,0.306816
HD,66181,QMLE-Trade,2000-7-19,0.225951
HD,66181,QMLE-Trade,2000-7-20,0.262775
HD,66181,QMLE-Trade,2000-7-21,0.277421
HD,66181,QMLE-Trade,2000-7-24,0.301896
HD,66181,QMLE-Trade,2000-7-25,0.373486
HD,66181,QMLE-Trade,2000-7-26,0.362725
HD,66181,QMLE-Trade,2000-7-27,0.282564
HD,66181,QMLE-Trade,2000-7-28,0.603245
HD,66181,QMLE-Trade,2000-7-31,0.302564
HD,66181,QMLE-Trade,2000-8-1,0.335171
HD,66181,QMLE-Trade,2000-8-2,0.322207
HD,66181,QMLE-Trade,2000-8-3,0.354593
HD,66181,QMLE-Trade,2000-8-4,0.361232
HD,66181,QMLE-Trade,2000-8-7,0.340942
HD,66181,QMLE-Trade,2000-8-8,0.420474
HD,66181,QMLE-Trade,2000-8-9,0.404531
HD,66181,QMLE-Trade,2000-8-10,0.406129
HD,66181,QMLE-Trade,2000-8-11,0.418122
HD,66181,QMLE-Trade,2000-8-14,0.324898
HD,66181,QMLE-Trade,2000-8-15,0.391276
HD,66181,QMLE-Trade,2000-8-16,0.460018
HD,66181,QMLE-Trade,2000-8-17,0.31125
HD,66181,QMLE-Trade,2000-8-18,0.270401
HD,66181,QMLE-Trade,2000-8-21,0.234452
HD,66181,QMLE-Trade,2000-8-22,0.279954
HD,66181,QMLE-Trade,2000-8-23,0.232224
HD,66181,QMLE-Trade,2000-8-24,0.204869
HD,66181,QMLE-Trade,2000-8-25,0.185848
HD,66181,QMLE-Trade,2000-8-28,0.190982
HD,66181,QMLE-Trade,2000-8-29,0.23426
HD,66181,QMLE-Trade,2000-8-30,0.181035
HD,66181,QMLE-Trade,2000-8-31,0.265442
HD,66181,QMLE-Trade,2000-9-1,0.249638
HD,66181,QMLE-Trade,2000-9-5,0.273105
HD,66181,QMLE-Trade,2000-9-6,0.175875
HD,66181,QMLE-Trade,2000-9-7,0.218592
HD,66181,QMLE-Trade,2000-9-8,0.294195
HD,66181,QMLE-Trade,2000-9-11,0.329684
HD,66181,QMLE-Trade,2000-9-12,0.242463
HD,66181,QMLE-Trade,2000-9-13,0.395618
HD,66181,QMLE-Trade,2000-9-14,0.302908
HD,66181,QMLE-Trade,2000-9-15,0.237003
HD,66181,QMLE-Trade,2000-9-18,0.321651
HD,66181,QMLE-Trade,2000-9-19,0.344462
HD,66181,QMLE-Trade,2000-9-20,0.351461
HD,66181,QMLE-Trade,2000-9-21,0.403238
HD,66181,QMLE-Trade,2000-9-22,0.237358
HD,66181,QMLE-Trade,2000-9-25,0.32246
HD,66181,QMLE-Trade,2000-9-26,0.370085
HD,66181,QMLE-Trade,2000-9-27,0.237381
HD,66181,QMLE-Trade,2000-9-28,0.332776
HD,66181,QMLE-Trade,2000-9-29,0.391236
HD,66181,QMLE-Trade,2000-10-2,0.293584
HD,66181,QMLE-Trade,2000-10-3,0.327257
HD,66181,QMLE-Trade,2000-10-4,0.383617
HD,66181,QMLE-Trade,2000-10-5,0.354013
HD,66181,QMLE-Trade,2000-10-6,0.414376
HD,66181,QMLE-Trade,2000-10-9,0.27118
HD,66181,QMLE-Trade,2000-10-10,0.438786
HD,66181,QMLE-Trade,2000-10-11,0.444961
HD,66181,QMLE-Trade,2000-10-12,0.653651
HD,66181,QMLE-Trade,2000-10-13,0.297723
HD,66181,QMLE-Trade,2000-10-16,0.262802
HD,66181,QMLE-Trade,2000-10-17,0.403066
HD,66181,QMLE-Trade,2000-10-18,0.409972
HD,66181,QMLE-Trade,2000-10-19,0.40492
HD,66181,QMLE-Trade,2000-10-20,0.516253
HD,66181,QMLE-Trade,2000-10-23,0.486708
HD,66181,QMLE-Trade,2000-10-24,0.370315
HD,66181,QMLE-Trade,2000-10-25,0.309129
HD,66181,QMLE-Trade,2000-10-26,0.329405
HD,66181,QMLE-Trade,2000-10-27,0.453154
HD,66181,QMLE-Trade,2000-10-30,0.45932
HD,66181,QMLE-Trade,2000-10-31,0.306061
HD,66181,QMLE-Trade,2000-11-1,0.417476
HD,66181,QMLE-Trade,2000-11-2,0.513123
HD,66181,QMLE-Trade,2000-11-3,0.342113
HD,66181,QMLE-Trade,2000-11-6,0.367945
HD,66181,QMLE-Trade,2000-11-7,0.391069
HD,66181,QMLE-Trade,2000-11-8,0.405885
HD,66181,QMLE-Trade,2000-11-9,0.453865
HD,66181,QMLE-Trade,2000-11-10,0.357509
HD,66181,QMLE-Trade,2000-11-13,0.724207
HD,66181,QMLE-Trade,2000-11-14,0.599464
HD,66181,QMLE-Trade,2000-11-15,0.458665
HD,66181,QMLE-Trade,2000-11-16,0.259289
HD,66181,QMLE-Trade,2000-11-17,0.331365
HD,66181,QMLE-Trade,2000-11-20,0.29247
HD,66181,QMLE-Trade,2000-11-21,0.507039
HD,66181,QMLE-Trade,2000-11-22,0.481751
HD,66181,QMLE-Trade,2000-11-24,0.413248
HD,66181,QMLE-Trade,2000-11-27,0.30643
HD,66181,QMLE-Trade,2000-11-28,0.393706
HD,66181,QMLE-Trade,2000-11-29,0.296607
HD,66181,QMLE-Trade,2000-11-30,0.568042
HD,66181,QMLE-Trade,2000-12-1,0.485188
HD,66181,QMLE-Trade,2000-12-4,0.461515
HD,66181,QMLE-Trade,2000-12-5,0.572002
HD,66181,QMLE-Trade,2000-12-6,0.391535
HD,66181,QMLE-Trade,2000-12-7,0.361155
HD,66181,QMLE-Trade,2000-12-8,0.352719
HD,66181,QMLE-Trade,2000-12-11,0.430637
HD,66181,QMLE-Trade,2000-12-12,0.289227
HD,66181,QMLE-Trade,2000-12-13,0.309058
HD,66181,QMLE-Trade,2000-12-14,0.273614
HD,66181,QMLE-Trade,2000-12-15,0.411533
HD,66181,QMLE-Trade,2000-12-18,0.342817
HD,66181,QMLE-Trade,2000-12-19,0.467706
HD,66181,QMLE-Trade,2000-12-20,0.611807
HD,66181,QMLE-Trade,2000-12-21,0.599558
HD,66181,QMLE-Trade,2000-12-22,0.704643
HD,66181,QMLE-Trade,2000-12-26,0.472504
HD,66181,QMLE-Trade,2000-12-27,0.479516
HD,66181,QMLE-Trade,2000-12-28,0.423892
HD,66181,QMLE-Trade,2000-12-29,0.465488
HD,66181,QMLE-Trade,2001-1-2,0.500343
HD,66181,QMLE-Trade,2001-1-3,0.781767
HD,66181,QMLE-Trade,2001-1-4,0.468316
HD,66181,QMLE-Trade,2001-1-5,0.381379
HD,66181,QMLE-Trade,2001-1-8,0.51159
HD,66181,QMLE-Trade,2001-1-9,0.386639
HD,66181,QMLE-Trade,2001-1-10,0.443654
HD,66181,QMLE-Trade,2001-1-11,0.384151
HD,66181,QMLE-Trade,2001-1-12,0.294564
HD,66181,QMLE-Trade,2001-1-16,0.325424
HD,66181,QMLE-Trade,2001-1-17,0.448628
HD,66181,QMLE-Trade,2001-1-18,0.417819
HD,66181,QMLE-Trade,2001-1-19,0.598364
HD,66181,QMLE-Trade,2001-1-22,0.495988
HD,66181,QMLE-Trade,2001-1-23,0.383157
HD,66181,QMLE-Trade,2001-1-24,0.320247
HD,66181,QMLE-Trade,2001-1-25,0.338144
HD,66181,QMLE-Trade,2001-1-26,0.369759
HD,66181,QMLE-Trade,2001-1-29,0.261701
HD,66181,QMLE-Trade,2001-1-30,0.182834
HD,66181,QMLE-Trade,2001-1-31,0.456952
HD,66181,QMLE-Trade,2001-2-1,0.204295
HD,66181,QMLE-Trade,2001-2-2,0.337713
HD,66181,QMLE-Trade,2001-2-5,0.19831
HD,66181,QMLE-Trade,2001-2-6,0.270122
HD,66181,QMLE-Trade,2001-2-7,0.291732
HD,66181,QMLE-Trade,2001-2-8,0.369724
HD,66181,QMLE-Trade,2001-2-9,0.458098
HD,66181,QMLE-Trade,2001-2-12,0.37211
HD,66181,QMLE-Trade,2001-2-13,0.326887
HD,66181,QMLE-Trade,2001-2-14,0.308468
HD,66181,QMLE-Trade,2001-2-15,0.335333
HD,66181,QMLE-Trade,2001-2-16,0.471699
HD,66181,QMLE-Trade,2001-2-20,0.460575
HD,66181,QMLE-Trade,2001-2-21,0.395842
HD,66181,QMLE-Trade,2001-2-22,0.371196
HD,66181,QMLE-Trade,2001-2-23,0.47445
HD,66181,QMLE-Trade,2001-2-26,0.607342
HD,66181,QMLE-Trade,2001-2-27,0.370068
HD,66181,QMLE-Trade,2001-2-28,0.423851
HD,66181,QMLE-Trade,2001-3-1,0.497557
HD,66181,QMLE-Trade,2001-3-2,0.550787
HD,66181,QMLE-Trade,2001-3-5,0.270374
HD,66181,QMLE-Trade,2001-3-6,0.417298
HD,66181,QMLE-Trade,2001-3-7,0.360203
HD,66181,QMLE-Trade,2001-3-8,0.352721
HD,66181,QMLE-Trade,2001-3-9,0.392506
HD,66181,QMLE-Trade,2001-3-12,0.481263
HD,66181,QMLE-Trade,2001-3-13,0.475546
HD,66181,QMLE-Trade,2001-3-14,0.64857
HD,66181,QMLE-Trade,2001-3-15,0.382852
HD,66181,QMLE-Trade,2001-3-16,0.543464
HD,66181,QMLE-Trade,2001-3-19,0.457039
HD,66181,QMLE-Trade,2001-3-20,0.509802
HD,66181,QMLE-Trade,2001-3-21,0.50663
HD,66181,QMLE-Trade,2001-3-22,0.729727
HD,66181,QMLE-Trade,2001-3-23,0.631656
HD,66181,QMLE-Trade,2001-3-26,0.315209
HD,66181,QMLE-Trade,2001-3-27,0.361849
HD,66181,QMLE-Trade,2001-3-28,0.364202
HD,66181,QMLE-Trade,2001-3-29,0.533627
HD,66181,QMLE-Trade,2001-3-30,0.361738
HD,66181,QMLE-Trade,2001-4-2,0.46712
HD,66181,QMLE-Trade,2001-4-3,0.45299
HD,66181,QMLE-Trade,2001-4-4,0.458233
HD,66181,QMLE-Trade,2001-4-5,0.385006
HD,66181,QMLE-Trade,2001-4-6,0.509154
HD,66181,QMLE-Trade,2001-4-9,0.518028
HD,66181,QMLE-Trade,2001-4-10,0.396253
HD,66181,QMLE-Trade,2001-4-11,0.568631
HD,66181,QMLE-Trade,2001-4-12,0.497552
HD,66181,QMLE-Trade,2001-4-16,0.338965
HD,66181,QMLE-Trade,2001-4-17,0.39878
HD,66181,QMLE-Trade,2001-4-18,0.981064
HD,66181,QMLE-Trade,2001-4-19,0.31059
HD,66181,QMLE-Trade,2001-4-20,0.317979
HD,66181,QMLE-Trade,2001-4-23,0.382566
HD,66181,QMLE-Trade,2001-4-24,0.320756
HD,66181,QMLE-Trade,2001-4-25,0.313258
HD,66181,QMLE-Trade,2001-4-26,0.343634
HD,66181,QMLE-Trade,2001-4-27,0.295121
HD,66181,QMLE-Trade,2001-4-30,0.294386
HD,66181,QMLE-Trade,2001-5-1,0.416116
HD,66181,QMLE-Trade,2001-5-2,0.363228
HD,66181,QMLE-Trade,2001-5-3,0.240177
HD,66181,QMLE-Trade,2001-5-4,0.401376
HD,66181,QMLE-Trade,2001-5-7,0.264545
HD,66181,QMLE-Trade,2001-5-8,0.329836
HD,66181,QMLE-Trade,2001-5-9,0.218518
HD,66181,QMLE-Trade,2001-5-10,0.325358
HD,66181,QMLE-Trade,2001-5-11,0.272696
HD,66181,QMLE-Trade,2001-5-14,0.220536
HD,66181,QMLE-Trade,2001-5-15,0.292481
HD,66181,QMLE-Trade,2001-5-16,0.277556
HD,66181,QMLE-Trade,2001-5-17,0.248926
HD,66181,QMLE-Trade,2001-5-18,0.1871
HD,66181,QMLE-Trade,2001-5-21,0.34025
HD,66181,QMLE-Trade,2001-5-22,0.250191
HD,66181,QMLE-Trade,2001-5-23,0.342382
HD,66181,QMLE-Trade,2001-5-24,0.316579
HD,66181,QMLE-Trade,2001-5-25,0.164214
HD,66181,QMLE-Trade,2001-5-29,0.239163
HD,66181,QMLE-Trade,2001-5-30,0.320491
HD,66181,QMLE-Trade,2001-5-31,0.279659
HD,66181,QMLE-Trade,2001-6-1,0.266728
HD,66181,QMLE-Trade,2001-6-4,0.250063
HD,66181,QMLE-Trade,2001-6-5,0.27175
HD,66181,QMLE-Trade,2001-6-6,0.271251
HD,66181,QMLE-Trade,2001-6-7,0.348328
HD,66181,QMLE-Trade,2001-6-8,0.218202
HD,66181,QMLE-Trade,2001-6-11,0.185326
HD,66181,QMLE-Trade,2001-6-12,0.310575
HD,66181,QMLE-Trade,2001-6-13,0.290558
HD,66181,QMLE-Trade,2001-6-14,0.317574
HD,66181,QMLE-Trade,2001-6-15,0.310097
HD,66181,QMLE-Trade,2001-6-18,0.341549
HD,66181,QMLE-Trade,2001-6-19,0.321205
HD,66181,QMLE-Trade,2001-6-20,0.474751
HD,66181,QMLE-Trade,2001-6-21,0.288134
HD,66181,QMLE-Trade,2001-6-22,0.323564
HD,66181,QMLE-Trade,2001-6-25,0.306698
HD,66181,QMLE-Trade,2001-6-26,0.360133
HD,66181,QMLE-Trade,2001-6-27,0.375597
HD,66181,QMLE-Trade,2001-6-28,0.331112
HD,66181,QMLE-Trade,2001-6-29,0.309644
HD,66181,QMLE-Trade,2001-7-2,0.271557
HD,66181,QMLE-Trade,2001-7-3,0.286584
HD,66181,QMLE-Trade,2001-7-5,0.233678
HD,66181,QMLE-Trade,2001-7-6,0.28391
HD,66181,QMLE-Trade,2001-7-9,0.283342
HD,66181,QMLE-Trade,2001-7-10,0.337822
HD,66181,QMLE-Trade,2001-7-11,0.482667
HD,66181,QMLE-Trade,2001-7-12,0.303397
HD,66181,QMLE-Trade,2001-7-13,0.277623
HD,66181,QMLE-Trade,2001-7-16,0.369014
HD,66181,QMLE-Trade,2001-7-17,0.307472
HD,66181,QMLE-Trade,2001-7-18,0.383967
HD,66181,QMLE-Trade,2001-7-19,0.355187
HD,66181,QMLE-Trade,2001-7-20,0.330952
HD,66181,QMLE-Trade,2001-7-23,0.352846
HD,66181,QMLE-Trade,2001-7-24,0.343319
HD,66181,QMLE-Trade,2001-7-25,0.354847
HD,66181,QMLE-Trade,2001-7-26,0.29834
HD,66181,QMLE-Trade,2001-7-27,0.294896
HD,66181,QMLE-Trade,2001-7-30,0.241613
HD,66181,QMLE-Trade,2001-7-31,0.252058
HD,66181,QMLE-Trade,2001-8-1,0.246186
HD,66181,QMLE-Trade,2001-8-2,0.183526
HD,66181,QMLE-Trade,2001-8-3,0.219725
HD,66181,QMLE-Trade,2001-8-6,0.243268
HD,66181,QMLE-Trade,2001-8-7,0.251769
HD,66181,QMLE-Trade,2001-8-8,0.228942
HD,66181,QMLE-Trade,2001-8-9,0.320652
HD,66181,QMLE-Trade,2001-8-10,0.346811
HD,66181,QMLE-Trade,2001-8-13,0.294175
HD,66181,QMLE-Trade,2001-8-14,0.246459
HD,66181,QMLE-Trade,2001-8-15,0.20732
HD,66181,QMLE-Trade,2001-8-16,0.249895
HD,66181,QMLE-Trade,2001-8-17,0.239309
HD,66181,QMLE-Trade,2001-8-20,0.210415
HD,66181,QMLE-Trade,2001-8-21,0.271352
HD,66181,QMLE-Trade,2001-8-22,0.354437
HD,66181,QMLE-Trade,2001-8-23,0.243895
HD,66181,QMLE-Trade,2001-8-24,0.286129
HD,66181,QMLE-Trade,2001-8-27,0.269457
HD,66181,QMLE-Trade,2001-8-28,0.252972
HD,66181,QMLE-Trade,2001-8-29,0.255426
HD,66181,QMLE-Trade,2001-8-30,0.416186
HD,66181,QMLE-Trade,2001-8-31,0.283863
HD,66181,QMLE-Trade,2001-9-4,0.433014
HD,66181,QMLE-Trade,2001-9-5,0.542915
HD,66181,QMLE-Trade,2001-9-6,0.440987
HD,66181,QMLE-Trade,2001-9-7,0.655087
HD,66181,QMLE-Trade,2001-9-10,0.456343
HD,66181,QMLE-Trade,2001-9-17,0.641782
HD,66181,QMLE-Trade,2001-9-18,0.565352
HD,66181,QMLE-Trade,2001-9-19,0.744291
HD,66181,QMLE-Trade,2001-9-20,0.903348
HD,66181,QMLE-Trade,2001-9-21,0.99875
HD,66181,QMLE-Trade,2001-9-24,0.962527
HD,66181,QMLE-Trade,2001-9-25,0.544311
HD,66181,QMLE-Trade,2001-9-26,0.416664
HD,66181,QMLE-Trade,2001-9-27,0.45967
HD,66181,QMLE-Trade,2001-9-28,0.445105
HD,66181,QMLE-Trade,2001-10-1,0.42841
HD,66181,QMLE-Trade,2001-10-2,0.477098
HD,66181,QMLE-Trade,2001-10-3,0.42771
HD,66181,QMLE-Trade,2001-10-4,0.446571
HD,66181,QMLE-Trade,2001-10-5,0.450544
HD,66181,QMLE-Trade,2001-10-8,0.521706
HD,66181,QMLE-Trade,2001-10-9,0.366036
HD,66181,QMLE-Trade,2001-10-10,0.438459
HD,66181,QMLE-Trade,2001-10-11,0.437078
HD,66181,QMLE-Trade,2001-10-12,0.289344
HD,66181,QMLE-Trade,2001-10-15,0.398112
HD,66181,QMLE-Trade,2001-10-16,0.381052
HD,66181,QMLE-Trade,2001-10-17,0.5485
HD,66181,QMLE-Trade,2001-10-18,0.402878
HD,66181,QMLE-Trade,2001-10-19,0.335824
HD,66181,QMLE-Trade,2001-10-22,0.342123
HD,66181,QMLE-Trade,2001-10-23,0.416351
HD,66181,QMLE-Trade,2001-10-24,0.349537
HD,66181,QMLE-Trade,2001-10-25,0.398622
HD,66181,QMLE-Trade,2001-10-26,0.394364
HD,66181,QMLE-Trade,2001-10-29,0.327022
HD,66181,QMLE-Trade,2001-10-30,0.369017
HD,66181,QMLE-Trade,2001-10-31,0.489469
HD,66181,QMLE-Trade,2001-11-1,0.510907
HD,66181,QMLE-Trade,2001-11-2,0.477273
HD,66181,QMLE-Trade,2001-11-5,0.338668
HD,66181,QMLE-Trade,2001-11-6,0.301608
HD,66181,QMLE-Trade,2001-11-7,0.343196
HD,66181,QMLE-Trade,2001-11-8,0.385949
HD,66181,QMLE-Trade,2001-11-9,0.277457
HD,66181,QMLE-Trade,2001-11-12,0.482965
HD,66181,QMLE-Trade,2001-11-13,0.320688
HD,66181,QMLE-Trade,2001-11-14,0.3693
HD,66181,QMLE-Trade,2001-11-15,0.314855
HD,66181,QMLE-Trade,2001-11-16,0.280065
HD,66181,QMLE-Trade,2001-11-19,0.31354
HD,66181,QMLE-Trade,2001-11-20,0.276512
HD,66181,QMLE-Trade,2001-11-21,0.258476
HD,66181,QMLE-Trade,2001-11-23,0.222427
HD,66181,QMLE-Trade,2001-11-26,0.295613
HD,66181,QMLE-Trade,2001-11-27,0.324436
HD,66181,QMLE-Trade,2001-11-28,0.313091
HD,66181,QMLE-Trade,2001-11-29,0.299213
HD,66181,QMLE-Trade,2001-11-30,0.311782
HD,66181,QMLE-Trade,2001-12-3,0.217545
HD,66181,QMLE-Trade,2001-12-4,0.219889
HD,66181,QMLE-Trade,2001-12-5,0.289533
HD,66181,QMLE-Trade,2001-12-6,0.250319
HD,66181,QMLE-Trade,2001-12-7,0.256105
HD,66181,QMLE-Trade,2001-12-10,0.23226
HD,66181,QMLE-Trade,2001-12-11,0.262648
HD,66181,QMLE-Trade,2001-12-12,0.298228
HD,66181,QMLE-Trade,2001-12-13,0.293587
HD,66181,QMLE-Trade,2001-12-14,0.279433
HD,66181,QMLE-Trade,2001-12-17,0.253624
HD,66181,QMLE-Trade,2001-12-18,0.232984
HD,66181,QMLE-Trade,2001-12-19,0.202803
HD,66181,QMLE-Trade,2001-12-20,0.27133
HD,66181,QMLE-Trade,2001-12-21,0.185538
HD,66181,QMLE-Trade,2001-12-24,0.146715
HD,66181,QMLE-Trade,2001-12-26,0.170099
HD,66181,QMLE-Trade,2001-12-27,0.211609
HD,66181,QMLE-Trade,2001-12-28,0.175449
HD,66181,QMLE-Trade,2001-12-31,0.1198
HD,66181,QMLE-Trade,2002-1-2,0.265036
HD,66181,QMLE-Trade,2002-1-3,0.215429
HD,66181,QMLE-Trade,2002-1-4,0.263303
HD,66181,QMLE-Trade,2002-1-7,0.242832
HD,66181,QMLE-Trade,2002-1-8,0.223326
HD,66181,QMLE-Trade,2002-1-9,0.267952
HD,66181,QMLE-Trade,2002-1-10,0.242251
HD,66181,QMLE-Trade,2002-1-11,0.216505
HD,66181,QMLE-Trade,2002-1-14,0.206721
HD,66181,QMLE-Trade,2002-1-15,0.263618
HD,66181,QMLE-Trade,2002-1-16,0.296751
HD,66181,QMLE-Trade,2002-1-17,0.266008
HD,66181,QMLE-Trade,2002-1-18,0.305903
HD,66181,QMLE-Trade,2002-1-22,0.293094
HD,66181,QMLE-Trade,2002-1-23,0.265298
HD,66181,QMLE-Trade,2002-1-24,0.213598
HD,66181,QMLE-Trade,2002-1-25,0.184499
HD,66181,QMLE-Trade,2002-1-28,0.181879
HD,66181,QMLE-Trade,2002-1-29,0.325541
HD,66181,QMLE-Trade,2002-1-30,0.373786
HD,66181,QMLE-Trade,2002-1-31,0.206014
HD,66181,QMLE-Trade,2002-2-1,0.258688
HD,66181,QMLE-Trade,2002-2-4,0.284133
HD,66181,QMLE-Trade,2002-2-5,0.264984
HD,66181,QMLE-Trade,2002-2-6,0.299873
HD,66181,QMLE-Trade,2002-2-7,0.287814
HD,66181,QMLE-Trade,2002-2-8,0.234209
HD,66181,QMLE-Trade,2002-2-11,0.254891
HD,66181,QMLE-Trade,2002-2-12,0.223318
HD,66181,QMLE-Trade,2002-2-13,0.230648
HD,66181,QMLE-Trade,2002-2-14,0.223584
HD,66181,QMLE-Trade,2002-2-15,0.314732
HD,66181,QMLE-Trade,2002-2-19,0.278222
HD,66181,QMLE-Trade,2002-2-20,0.211505
HD,66181,QMLE-Trade,2002-2-21,0.310721
HD,66181,QMLE-Trade,2002-2-22,0.303614
HD,66181,QMLE-Trade,2002-2-25,0.276635
HD,66181,QMLE-Trade,2002-2-26,0.313221
HD,66181,QMLE-Trade,2002-2-27,0.294528
HD,66181,QMLE-Trade,2002-2-28,0.271302
HD,66181,QMLE-Trade,2002-3-1,0.218071
HD,66181,QMLE-Trade,2002-3-4,0.232145
HD,66181,QMLE-Trade,2002-3-5,0.318015
HD,66181,QMLE-Trade,2002-3-6,0.235235
HD,66181,QMLE-Trade,2002-3-7,0.260351
HD,66181,QMLE-Trade,2002-3-8,0.221403
HD,66181,QMLE-Trade,2002-3-11,0.23449
HD,66181,QMLE-Trade,2002-3-12,0.240607
HD,66181,QMLE-Trade,2002-3-13,0.280728
HD,66181,QMLE-Trade,2002-3-14,0.205925
HD,66181,QMLE-Trade,2002-3-15,0.232856
HD,66181,QMLE-Trade,2002-3-18,0.236428
HD,66181,QMLE-Trade,2002-3-19,0.226742
HD,66181,QMLE-Trade,2002-3-20,0.246619
HD,66181,QMLE-Trade,2002-3-21,0.230862
HD,66181,QMLE-Trade,2002-3-22,0.255311
HD,66181,QMLE-Trade,2002-3-25,0.208695
HD,66181,QMLE-Trade,2002-3-26,0.221212
HD,66181,QMLE-Trade,2002-3-27,0.245663
HD,66181,QMLE-Trade,2002-3-28,0.234114
HD,66181,QMLE-Trade,2002-4-1,0.213944
HD,66181,QMLE-Trade,2002-4-2,0.215766
HD,66181,QMLE-Trade,2002-4-3,0.33394
HD,66181,QMLE-Trade,2002-4-4,0.281112
HD,66181,QMLE-Trade,2002-4-5,0.201336
HD,66181,QMLE-Trade,2002-4-8,0.214226
HD,66181,QMLE-Trade,2002-4-9,0.259998
HD,66181,QMLE-Trade,2002-4-10,0.244084
HD,66181,QMLE-Trade,2002-4-11,0.311129
HD,66181,QMLE-Trade,2002-4-12,0.25388
HD,66181,QMLE-Trade,2002-4-15,0.253306
HD,66181,QMLE-Trade,2002-4-16,0.232811
HD,66181,QMLE-Trade,2002-4-17,0.204021
HD,66181,QMLE-Trade,2002-4-18,0.260564
HD,66181,QMLE-Trade,2002-4-19,0.126152
HD,66181,QMLE-Trade,2002-4-22,0.187075
HD,66181,QMLE-Trade,2002-4-23,0.209553
HD,66181,QMLE-Trade,2002-4-24,0.238784
HD,66181,QMLE-Trade,2002-4-25,0.261397
HD,66181,QMLE-Trade,2002-4-26,0.190556
HD,66181,QMLE-Trade,2002-4-29,0.278784
HD,66181,QMLE-Trade,2002-4-30,0.269789
HD,66181,QMLE-Trade,2002-5-1,0.372571
HD,66181,QMLE-Trade,2002-5-2,0.255444
HD,66181,QMLE-Trade,2002-5-3,0.291284
HD,66181,QMLE-Trade,2002-5-6,0.240937
HD,66181,QMLE-Trade,2002-5-7,0.193712
HD,66181,QMLE-Trade,2002-5-8,0.266206
HD,66181,QMLE-Trade,2002-5-9,0.301825
HD,66181,QMLE-Trade,2002-5-10,0.246783
HD,66181,QMLE-Trade,2002-5-13,0.237903
HD,66181,QMLE-Trade,2002-5-14,0.195646
HD,66181,QMLE-Trade,2002-5-15,0.320032
HD,66181,QMLE-Trade,2002-5-16,0.18703
HD,66181,QMLE-Trade,2002-5-17,0.236949
HD,66181,QMLE-Trade,2002-5-20,0.239925
HD,66181,QMLE-Trade,2002-5-21,0.494915
HD,66181,QMLE-Trade,2002-5-22,0.40835
HD,66181,QMLE-Trade,2002-5-23,0.349655
HD,66181,QMLE-Trade,2002-5-24,0.213727
HD,66181,QMLE-Trade,2002-5-28,0.399335
HD,66181,QMLE-Trade,2002-5-29,0.288228
HD,66181,QMLE-Trade,2002-5-30,0.305589
HD,66181,QMLE-Trade,2002-5-31,0.361739
HD,66181,QMLE-Trade,2002-6-3,0.377544
HD,66181,QMLE-Trade,2002-6-4,0.368775
HD,66181,QMLE-Trade,2002-6-5,0.302273
HD,66181,QMLE-Trade,2002-6-6,0.349543
HD,66181,QMLE-Trade,2002-6-7,0.343277
HD,66181,QMLE-Trade,2002-6-10,0.323672
HD,66181,QMLE-Trade,2002-6-11,0.330627
HD,66181,QMLE-Trade,2002-6-12,0.432253
HD,66181,QMLE-Trade,2002-6-13,0.28822
HD,66181,QMLE-Trade,2002-6-14,0.426461
HD,66181,QMLE-Trade,2002-6-17,0.363835
HD,66181,QMLE-Trade,2002-6-18,0.32222
HD,66181,QMLE-Trade,2002-6-19,0.396125
HD,66181,QMLE-Trade,2002-6-20,0.410708
HD,66181,QMLE-Trade,2002-6-21,0.383064
HD,66181,QMLE-Trade,2002-6-24,0.551938
HD,66181,QMLE-Trade,2002-6-25,0.433593
HD,66181,QMLE-Trade,2002-6-26,0.61731
HD,66181,QMLE-Trade,2002-6-27,0.411786
HD,66181,QMLE-Trade,2002-6-28,0.395818
HD,66181,QMLE-Trade,2002-7-1,0.421005
HD,66181,QMLE-Trade,2002-7-2,0.563646
HD,66181,QMLE-Trade,2002-7-3,0.568401
HD,66181,QMLE-Trade,2002-7-5,0.464962
HD,66181,QMLE-Trade,2002-7-8,0.427947
HD,66181,QMLE-Trade,2002-7-9,0.327678
HD,66181,QMLE-Trade,2002-7-10,0.419889
HD,66181,QMLE-Trade,2002-7-11,0.786363
HD,66181,QMLE-Trade,2002-7-12,0.770948
HD,66181,QMLE-Trade,2002-7-15,0.522294
HD,66181,QMLE-Trade,2002-7-16,0.557101
HD,66181,QMLE-Trade,2002-7-17,0.73839
HD,66181,QMLE-Trade,2002-7-18,0.611127
HD,66181,QMLE-Trade,2002-7-19,0.559059
HD,66181,QMLE-Trade,2002-7-22,0.834757
HD,66181,QMLE-Trade,2002-7-23,0.835046
HD,66181,QMLE-Trade,2002-7-24,0.938349
HD,66181,QMLE-Trade,2002-7-25,0.721024
HD,66181,QMLE-Trade,2002-7-26,0.588465
HD,66181,QMLE-Trade,2002-7-29,0.440199
HD,66181,QMLE-Trade,2002-7-30,0.763318
HD,66181,QMLE-Trade,2002-7-31,0.571169
HD,66181,QMLE-Trade,2002-8-1,0.524756
HD,66181,QMLE-Trade,2002-8-2,0.520101
HD,66181,QMLE-Trade,2002-8-5,0.556491
HD,66181,QMLE-Trade,2002-8-6,0.453227
HD,66181,QMLE-Trade,2002-8-7,0.560693
HD,66181,QMLE-Trade,2002-8-8,0.82884
HD,66181,QMLE-Trade,2002-8-9,0.539383
HD,66181,QMLE-Trade,2002-8-12,0.40858
HD,66181,QMLE-Trade,2002-8-13,0.541273
HD,66181,QMLE-Trade,2002-8-14,0.532212
HD,66181,QMLE-Trade,2002-8-15,0.524321
HD,66181,QMLE-Trade,2002-8-16,0.369132
HD,66181,QMLE-Trade,2002-8-19,0.429741
HD,66181,QMLE-Trade,2002-8-20,0.449048
HD,66181,QMLE-Trade,2002-8-21,0.300145
HD,66181,QMLE-Trade,2002-8-22,0.256213
HD,66181,QMLE-Trade,2002-8-23,0.248729
HD,66181,QMLE-Trade,2002-8-26,0.304784
HD,66181,QMLE-Trade,2002-8-27,0.297323
HD,66181,QMLE-Trade,2002-8-28,0.245334
HD,66181,QMLE-Trade,2002-8-29,0.407817
HD,66181,QMLE-Trade,2002-8-30,0.290581
HD,66181,QMLE-Trade,2002-9-3,0.280282
HD,66181,QMLE-Trade,2002-9-4,0.328512
HD,66181,QMLE-Trade,2002-9-5,0.355523
HD,66181,QMLE-Trade,2002-9-6,0.346767
HD,66181,QMLE-Trade,2002-9-9,0.320104
HD,66181,QMLE-Trade,2002-9-10,0.172929
HD,66181,QMLE-Trade,2002-9-11,0.517009
HD,66181,QMLE-Trade,2002-9-12,0.252502
HD,66181,QMLE-Trade,2002-9-13,0.394998
HD,66181,QMLE-Trade,2002-9-16,0.323774
HD,66181,QMLE-Trade,2002-9-17,0.46844
HD,66181,QMLE-Trade,2002-9-18,0.367571
HD,66181,QMLE-Trade,2002-9-19,0.413715
HD,66181,QMLE-Trade,2002-9-20,0.411009
HD,66181,QMLE-Trade,2002-9-23,0.441544
HD,66181,QMLE-Trade,2002-9-24,0.58018
HD,66181,QMLE-Trade,2002-9-25,0.411501
HD,66181,QMLE-Trade,2002-9-26,0.321846
HD,66181,QMLE-Trade,2002-9-27,0.513649
HD,66181,QMLE-Trade,2002-9-30,0.668534
HD,66181,QMLE-Trade,2002-10-1,0.71203
HD,66181,QMLE-Trade,2002-10-2,0.589422
HD,66181,QMLE-Trade,2002-10-3,0.68348
HD,66181,QMLE-Trade,2002-10-4,0.700549
HD,66181,QMLE-Trade,2002-10-7,0.762628
HD,66181,QMLE-Trade,2002-10-8,0.701131
HD,66181,QMLE-Trade,2002-10-9,0.786073
HD,66181,QMLE-Trade,2002-10-10,0.678142
HD,66181,QMLE-Trade,2002-10-11,0.493152
HD,66181,QMLE-Trade,2002-10-14,0.555849
HD,66181,QMLE-Trade,2002-10-15,0.447384
HD,66181,QMLE-Trade,2002-10-16,0.429964
HD,66181,QMLE-Trade,2002-10-17,0.448634
HD,66181,QMLE-Trade,2002-10-18,0.516369
HD,66181,QMLE-Trade,2002-10-21,0.48105
HD,66181,QMLE-Trade,2002-10-22,0.472145
HD,66181,QMLE-Trade,2002-10-23,0.499644
HD,66181,QMLE-Trade,2002-10-24,0.456828
HD,66181,QMLE-Trade,2002-10-25,0.4468
HD,66181,QMLE-Trade,2002-10-28,0.402035
HD,66181,QMLE-Trade,2002-10-29,0.560618
HD,66181,QMLE-Trade,2002-10-30,0.428578
HD,66181,QMLE-Trade,2002-10-31,0.389826
HD,66181,QMLE-Trade,2002-11-1,0.408421
HD,66181,QMLE-Trade,2002-11-4,0.371435
HD,66181,QMLE-Trade,2002-11-5,0.35329
HD,66181,QMLE-Trade,2002-11-6,0.421131
HD,66181,QMLE-Trade,2002-11-7,0.36037
HD,66181,QMLE-Trade,2002-11-8,0.343724
HD,66181,QMLE-Trade,2002-11-11,0.182051
HD,66181,QMLE-Trade,2002-11-12,0.373556
HD,66181,QMLE-Trade,2002-11-13,0.551519
HD,66181,QMLE-Trade,2002-11-14,0.2459
HD,66181,QMLE-Trade,2002-11-15,0.37056
HD,66181,QMLE-Trade,2002-11-18,0.288943
HD,66181,QMLE-Trade,2002-11-19,0.634399
HD,66181,QMLE-Trade,2002-11-20,0.458718
HD,66181,QMLE-Trade,2002-11-21,0.32075
HD,66181,QMLE-Trade,2002-11-22,0.280146
HD,66181,QMLE-Trade,2002-11-25,0.296661
HD,66181,QMLE-Trade,2002-11-26,0.197252
HD,66181,QMLE-Trade,2002-11-27,0.207641
HD,66181,QMLE-Trade,2002-11-29,0.30156
HD,66181,QMLE-Trade,2002-12-2,0.354492
HD,66181,QMLE-Trade,2002-12-3,0.276784
HD,66181,QMLE-Trade,2002-12-4,0.344937
HD,66181,QMLE-Trade,2002-12-5,0.232602
HD,66181,QMLE-Trade,2002-12-6,0.219531
HD,66181,QMLE-Trade,2002-12-9,0.170652
HD,66181,QMLE-Trade,2002-12-10,0.229348
HD,66181,QMLE-Trade,2002-12-11,0.279873
HD,66181,QMLE-Trade,2002-12-12,0.26076
HD,66181,QMLE-Trade,2002-12-13,0.328621
HD,66181,QMLE-Trade,2002-12-16,0.268556
HD,66181,QMLE-Trade,2002-12-17,0.354773
HD,66181,QMLE-Trade,2002-12-18,0.320949
HD,66181,QMLE-Trade,2002-12-19,0.335097
HD,66181,QMLE-Trade,2002-12-20,0.371958
HD,66181,QMLE-Trade,2002-12-23,0.259027
HD,66181,QMLE-Trade,2002-12-24,0.256582
HD,66181,QMLE-Trade,2002-12-26,0.296535
HD,66181,QMLE-Trade,2002-12-27,0.24569
HD,66181,QMLE-Trade,2002-12-30,0.340297
HD,66181,QMLE-Trade,2002-12-31,0.292105
HD,66181,QMLE-Trade,2003-1-2,0.343075
HD,66181,QMLE-Trade,2003-1-3,0.488091
HD,66181,QMLE-Trade,2003-1-6,0.24288
HD,66181,QMLE-Trade,2003-1-7,0.269052
HD,66181,QMLE-Trade,2003-1-8,0.239244
HD,66181,QMLE-Trade,2003-1-9,0.254969
HD,66181,QMLE-Trade,2003-1-10,0.354174
HD,66181,QMLE-Trade,2003-1-13,0.240131
HD,66181,QMLE-Trade,2003-1-14,0.239594
HD,66181,QMLE-Trade,2003-1-15,0.218389
HD,66181,QMLE-Trade,2003-1-16,0.229812
HD,66181,QMLE-Trade,2003-1-17,0.312573
HD,66181,QMLE-Trade,2003-1-21,0.318765
HD,66181,QMLE-Trade,2003-1-22,0.353947
HD,66181,QMLE-Trade,2003-1-23,0.255401
HD,66181,QMLE-Trade,2003-1-24,0.28065
HD,66181,QMLE-Trade,2003-1-27,0.407641
HD,66181,QMLE-Trade,2003-1-28,0.40646
HD,66181,QMLE-Trade,2003-1-29,0.39048
HD,66181,QMLE-Trade,2003-1-30,0.352099
HD,66181,QMLE-Trade,2003-1-31,0.331297
HD,66181,QMLE-Trade,2003-2-3,0.289476
HD,66181,QMLE-Trade,2003-2-4,0.288785
HD,66181,QMLE-Trade,2003-2-5,0.274163
HD,66181,QMLE-Trade,2003-2-6,0.382412
HD,66181,QMLE-Trade,2003-2-7,0.312557
HD,66181,QMLE-Trade,2003-2-10,0.335747
HD,66181,QMLE-Trade,2003-2-11,0.238072
HD,66181,QMLE-Trade,2003-2-12,0.281839
HD,66181,QMLE-Trade,2003-2-13,0.320927
HD,66181,QMLE-Trade,2003-2-14,0.390928
HD,66181,QMLE-Trade,2003-2-18,0.305404
HD,66181,QMLE-Trade,2003-2-19,0.269575
HD,66181,QMLE-Trade,2003-2-20,0.294532
HD,66181,QMLE-Trade,2003-2-21,0.293795
HD,66181,QMLE-Trade,2003-2-24,0.335058
HD,66181,QMLE-Trade,2003-2-25,0.469841
HD,66181,QMLE-Trade,2003-2-26,0.305785
HD,66181,QMLE-Trade,2003-2-27,0.277585
HD,66181,QMLE-Trade,2003-2-28,0.247241
HD,66181,QMLE-Trade,2003-3-3,0.309045
HD,66181,QMLE-Trade,2003-3-4,0.288746
HD,66181,QMLE-Trade,2003-3-5,0.399148
HD,66181,QMLE-Trade,2003-3-6,0.4012
HD,66181,QMLE-Trade,2003-3-7,0.446115
HD,66181,QMLE-Trade,2003-3-10,0.272929
HD,66181,QMLE-Trade,2003-3-11,0.309902
HD,66181,QMLE-Trade,2003-3-12,0.327371
HD,66181,QMLE-Trade,2003-3-13,0.305846
HD,66181,QMLE-Trade,2003-3-14,0.349512
HD,66181,QMLE-Trade,2003-3-17,0.45443
HD,66181,QMLE-Trade,2003-3-18,0.384388
HD,66181,QMLE-Trade,2003-3-19,0.323445
HD,66181,QMLE-Trade,2003-3-20,0.290009
HD,66181,QMLE-Trade,2003-3-21,0.242924
HD,66181,QMLE-Trade,2003-3-24,0.307947
HD,66181,QMLE-Trade,2003-3-25,0.322322
HD,66181,QMLE-Trade,2003-3-26,0.259851
HD,66181,QMLE-Trade,2003-3-27,0.209048
HD,66181,QMLE-Trade,2003-3-28,0.277824
HD,66181,QMLE-Trade,2003-3-31,0.283836
HD,66181,QMLE-Trade,2003-4-1,0.306978
HD,66181,QMLE-Trade,2003-4-2,0.289437
HD,66181,QMLE-Trade,2003-4-3,0.23962
HD,66181,QMLE-Trade,2003-4-4,0.2148
HD,66181,QMLE-Trade,2003-4-7,0.276955
HD,66181,QMLE-Trade,2003-4-8,0.279043
HD,66181,QMLE-Trade,2003-4-9,0.330136
HD,66181,QMLE-Trade,2003-4-10,0.253489
HD,66181,QMLE-Trade,2003-4-11,0.282616
HD,66181,QMLE-Trade,2003-4-14,0.238461
HD,66181,QMLE-Trade,2003-4-15,0.247051
HD,66181,QMLE-Trade,2003-4-16,0.263054
HD,66181,QMLE-Trade,2003-4-17,0.280058
HD,66181,QMLE-Trade,2003-4-21,0.241535
HD,66181,QMLE-Trade,2003-4-22,0.218944
HD,66181,QMLE-Trade,2003-4-23,0.209642
HD,66181,QMLE-Trade,2003-4-24,0.197832
HD,66181,QMLE-Trade,2003-4-25,0.17853
HD,66181,QMLE-Trade,2003-4-28,0.163214
HD,66181,QMLE-Trade,2003-4-29,0.268076
HD,66181,QMLE-Trade,2003-4-30,0.224567
HD,66181,QMLE-Trade,2003-5-1,0.254694
HD,66181,QMLE-Trade,2003-5-2,0.28974
HD,66181,QMLE-Trade,2003-5-5,0.26311
HD,66181,QMLE-Trade,2003-5-6,0.260079
HD,66181,QMLE-Trade,2003-5-7,0.255915
HD,66181,QMLE-Trade,2003-5-8,0.245325
HD,66181,QMLE-Trade,2003-5-9,0.176755
HD,66181,QMLE-Trade,2003-5-12,0.180821
HD,66181,QMLE-Trade,2003-5-13,0.229069
HD,66181,QMLE-Trade,2003-5-14,0.178664
HD,66181,QMLE-Trade,2003-5-15,0.267054
HD,66181,QMLE-Trade,2003-5-16,0.24546
HD,66181,QMLE-Trade,2003-5-19,0.352986
HD,66181,QMLE-Trade,2003-5-20,0.306519
HD,66181,QMLE-Trade,2003-5-21,0.201969
HD,66181,QMLE-Trade,2003-5-22,0.217982
HD,66181,QMLE-Trade,2003-5-23,0.181449
HD,66181,QMLE-Trade,2003-5-27,0.258379
HD,66181,QMLE-Trade,2003-5-28,0.232044
HD,66181,QMLE-Trade,2003-5-29,0.271709
HD,66181,QMLE-Trade,2003-5-30,0.187729
HD,66181,QMLE-Trade,2003-6-2,0.254035
HD,66181,QMLE-Trade,2003-6-3,0.248257
HD,66181,QMLE-Trade,2003-6-4,0.11958
HD,66181,QMLE-Trade,2003-6-5,0.198383
HD,66181,QMLE-Trade,2003-6-6,0.247586
HD,66181,QMLE-Trade,2003-6-9,0.181603
HD,66181,QMLE-Trade,2003-6-10,0.205295
HD,66181,QMLE-Trade,2003-6-11,0.14812
HD,66181,QMLE-Trade,2003-6-12,0.221572
HD,66181,QMLE-Trade,2003-6-13,0.217996
HD,66181,QMLE-Trade,2003-6-16,0.248197
HD,66181,QMLE-Trade,2003-6-17,0.165942
HD,66181,QMLE-Trade,2003-6-18,0.254311
HD,66181,QMLE-Trade,2003-6-19,0.231418
HD,66181,QMLE-Trade,2003-6-20,0.214617
HD,66181,QMLE-Trade,2003-6-23,0.237593
HD,66181,QMLE-Trade,2003-6-24,0.229522
HD,66181,QMLE-Trade,2003-6-25,0.320306
HD,66181,QMLE-Trade,2003-6-26,0.254623
HD,66181,QMLE-Trade,2003-6-27,0.210806
HD,66181,QMLE-Trade,2003-6-30,0.22062
HD,66181,QMLE-Trade,2003-7-1,0.284347
HD,66181,QMLE-Trade,2003-7-2,0.175928
HD,66181,QMLE-Trade,2003-7-3,0.344626
HD,66181,QMLE-Trade,2003-7-7,0.123301
HD,66181,QMLE-Trade,2003-7-8,0.188807
HD,66181,QMLE-Trade,2003-7-9,0.271204
HD,66181,QMLE-Trade,2003-7-10,0.246712
HD,66181,QMLE-Trade,2003-7-11,0.204275
HD,66181,QMLE-Trade,2003-7-14,0.17864
HD,66181,QMLE-Trade,2003-7-15,0.247547
HD,66181,QMLE-Trade,2003-7-16,0.260538
HD,66181,QMLE-Trade,2003-7-17,0.250547
HD,66181,QMLE-Trade,2003-7-18,0.205007
HD,66181,QMLE-Trade,2003-7-21,0.18973
HD,66181,QMLE-Trade,2003-7-22,0.266421
HD,66181,QMLE-Trade,2003-7-23,0.188495
HD,66181,QMLE-Trade,2003-7-24,0.232131
HD,66181,QMLE-Trade,2003-7-25,0.211102
HD,66181,QMLE-Trade,2003-7-28,0.249447
HD,66181,QMLE-Trade,2003-7-29,0.294203
HD,66181,QMLE-Trade,2003-7-30,0.294509
HD,66181,QMLE-Trade,2003-7-31,0.267116
HD,66181,QMLE-Trade,2003-8-1,0.242482
HD,66181,QMLE-Trade,2003-8-4,0.288705
HD,66181,QMLE-Trade,2003-8-5,0.283855
HD,66181,QMLE-Trade,2003-8-6,0.244783
HD,66181,QMLE-Trade,2003-8-7,0.24372
HD,66181,QMLE-Trade,2003-8-8,0.121865
HD,66181,QMLE-Trade,2003-8-11,0.19888
HD,66181,QMLE-Trade,2003-8-12,0.148611
HD,66181,QMLE-Trade,2003-8-13,0.143426
HD,66181,QMLE-Trade,2003-8-14,0.167014
HD,66181,QMLE-Trade,2003-8-15,0.132329
HD,66181,QMLE-Trade,2003-8-18,0.109446
HD,66181,QMLE-Trade,2003-8-19,0.36044
HD,66181,QMLE-Trade,2003-8-20,0.155675
HD,66181,QMLE-Trade,2003-8-21,0.177388
HD,66181,QMLE-Trade,2003-8-22,0.180184
HD,66181,QMLE-Trade,2003-8-25,0.151869
HD,66181,QMLE-Trade,2003-8-26,0.185991
HD,66181,QMLE-Trade,2003-8-27,0.129092
HD,66181,QMLE-Trade,2003-8-28,0.0752763
HD,66181,QMLE-Trade,2003-8-29,0.120805
HD,66181,QMLE-Trade,2003-9-2,0.155788
HD,66181,QMLE-Trade,2003-9-3,0.183197
HD,66181,QMLE-Trade,2003-9-4,0.281172
HD,66181,QMLE-Trade,2003-9-5,0.225715
HD,66181,QMLE-Trade,2003-9-8,0.207905
HD,66181,QMLE-Trade,2003-9-9,0.231178
HD,66181,QMLE-Trade,2003-9-10,0.176767
HD,66181,QMLE-Trade,2003-9-11,0.204864
HD,66181,QMLE-Trade,2003-9-12,0.236773
HD,66181,QMLE-Trade,2003-9-15,0.191202
HD,66181,QMLE-Trade,2003-9-16,0.213581
HD,66181,QMLE-Trade,2003-9-17,0.174397
HD,66181,QMLE-Trade,2003-9-18,0.205981
HD,66181,QMLE-Trade,2003-9-19,0.173798
HD,66181,QMLE-Trade,2003-9-22,0.183546
HD,66181,QMLE-Trade,2003-9-23,0.161999
HD,66181,QMLE-Trade,2003-9-24,0.202773
HD,66181,QMLE-Trade,2003-9-25,0.259534
HD,66181,QMLE-Trade,2003-9-26,0.221619
HD,66181,QMLE-Trade,2003-9-29,0.21008
HD,66181,QMLE-Trade,2003-9-30,0.280408
HD,66181,QMLE-Trade,2003-10-1,0.24437
HD,66181,QMLE-Trade,2003-10-2,0.223752
HD,66181,QMLE-Trade,2003-10-3,0.14268
HD,66181,QMLE-Trade,2003-10-6,0.127623
HD,66181,QMLE-Trade,2003-10-7,0.210772
HD,66181,QMLE-Trade,2003-10-8,0.144308
HD,66181,QMLE-Trade,2003-10-9,0.178522
HD,66181,QMLE-Trade,2003-10-10,0.116228
HD,66181,QMLE-Trade,2003-10-13,0.123335
HD,66181,QMLE-Trade,2003-10-14,0.112166
HD,66181,QMLE-Trade,2003-10-15,0.19225
HD,66181,QMLE-Trade,2003-10-16,0.19279
HD,66181,QMLE-Trade,2003-10-17,0.149591
HD,66181,QMLE-Trade,2003-10-20,0.171286
HD,66181,QMLE-Trade,2003-10-21,0.16347
HD,66181,QMLE-Trade,2003-10-22,0.164222
HD,66181,QMLE-Trade,2003-10-23,0.1466
HD,66181,QMLE-Trade,2003-10-24,0.169118
HD,66181,QMLE-Trade,2003-10-27,0.177843
HD,66181,QMLE-Trade,2003-10-28,0.183117
HD,66181,QMLE-Trade,2003-10-29,0.176684
HD,66181,QMLE-Trade,2003-10-30,0.246613
HD,66181,QMLE-Trade,2003-10-31,0.197573
HD,66181,QMLE-Trade,2003-11-3,0.160914
HD,66181,QMLE-Trade,2003-11-4,0.157535
HD,66181,QMLE-Trade,2003-11-5,0.189348
HD,66181,QMLE-Trade,2003-11-6,0.19199
HD,66181,QMLE-Trade,2003-11-7,0.194458
HD,66181,QMLE-Trade,2003-11-10,0.13209
HD,66181,QMLE-Trade,2003-11-11,0.189788
HD,66181,QMLE-Trade,2003-11-12,0.128238
HD,66181,QMLE-Trade,2003-11-13,0.240887
HD,66181,QMLE-Trade,2003-11-14,0.238466
HD,66181,QMLE-Trade,2003-11-17,0.259248
HD,66181,QMLE-Trade,2003-11-18,0.299438
HD,66181,QMLE-Trade,2003-11-19,0.236518
HD,66181,QMLE-Trade,2003-11-20,0.208059
HD,66181,QMLE-Trade,2003-11-21,0.184118
HD,66181,QMLE-Trade,2003-11-24,0.169348
HD,66181,QMLE-Trade,2003-11-25,0.167026
HD,66181,QMLE-Trade,2003-11-26,0.181486
HD,66181,QMLE-Trade,2003-11-28,0.130712
HD,66181,QMLE-Trade,2003-12-1,0.172237
HD,66181,QMLE-Trade,2003-12-2,0.158509
HD,66181,QMLE-Trade,2003-12-3,0.212065
HD,66181,QMLE-Trade,2003-12-4,0.319883
HD,66181,QMLE-Trade,2003-12-5,0.256687
HD,66181,QMLE-Trade,2003-12-8,0.203585
HD,66181,QMLE-Trade,2003-12-9,0.208423
HD,66181,QMLE-Trade,2003-12-10,0.242858
HD,66181,QMLE-Trade,2003-12-11,0.24974
HD,66181,QMLE-Trade,2003-12-12,0.158303
HD,66181,QMLE-Trade,2003-12-15,0.256239
HD,66181,QMLE-Trade,2003-12-16,0.208629
HD,66181,QMLE-Trade,2003-12-17,0.269488
HD,66181,QMLE-Trade,2003-12-18,0.220947
HD,66181,QMLE-Trade,2003-12-19,0.203331
HD,66181,QMLE-Trade,2003-12-22,0.193374
HD,66181,QMLE-Trade,2003-12-23,0.197699
HD,66181,QMLE-Trade,2003-12-24,0.208102
HD,66181,QMLE-Trade,2003-12-26,0.150642
HD,66181,QMLE-Trade,2003-12-29,0.148217
HD,66181,QMLE-Trade,2003-12-30,0.16605
HD,66181,QMLE-Trade,2003-12-31,0.151889
HD,66181,QMLE-Trade,2004-1-2,0.209633
HD,66181,QMLE-Trade,2004-1-5,0.18583
HD,66181,QMLE-Trade,2004-1-6,0.180164
HD,66181,QMLE-Trade,2004-1-7,0.201473
HD,66181,QMLE-Trade,2004-1-8,0.293072
HD,66181,QMLE-Trade,2004-1-9,0.25586
HD,66181,QMLE-Trade,2004-1-12,0.216407
HD,66181,QMLE-Trade,2004-1-13,0.176748
HD,66181,QMLE-Trade,2004-1-14,0.182709
HD,66181,QMLE-Trade,2004-1-15,0.257953
HD,66181,QMLE-Trade,2004-1-16,0.255507
HD,66181,QMLE-Trade,2004-1-20,0.147567
HD,66181,QMLE-Trade,2004-1-21,0.152194
HD,66181,QMLE-Trade,2004-1-22,0.199869
HD,66181,QMLE-Trade,2004-1-23,0.194726
HD,66181,QMLE-Trade,2004-1-26,0.163843
HD,66181,QMLE-Trade,2004-1-27,0.187848
HD,66181,QMLE-Trade,2004-1-28,0.234226
HD,66181,QMLE-Trade,2004-1-29,0.267451
HD,66181,QMLE-Trade,2004-1-30,0.241395
HD,66181,QMLE-Trade,2004-2-2,0.284187
HD,66181,QMLE-Trade,2004-2-3,0.190435
HD,66181,QMLE-Trade,2004-2-4,0.25287
HD,66181,QMLE-Trade,2004-2-5,0.207951
HD,66181,QMLE-Trade,2004-2-6,0.190751
HD,66181,QMLE-Trade,2004-2-9,0.190131
HD,66181,QMLE-Trade,2004-2-10,0.162358
HD,66181,QMLE-Trade,2004-2-11,0.206739
HD,66181,QMLE-Trade,2004-2-12,0.211849
HD,66181,QMLE-Trade,2004-2-13,0.244785
HD,66181,QMLE-Trade,2004-2-17,0.132152
HD,66181,QMLE-Trade,2004-2-18,0.165058
HD,66181,QMLE-Trade,2004-2-19,0.16513
HD,66181,QMLE-Trade,2004-2-20,0.201984
HD,66181,QMLE-Trade,2004-2-23,0.222178
HD,66181,QMLE-Trade,2004-2-24,0.294118
HD,66181,QMLE-Trade,2004-2-25,0.15074
HD,66181,QMLE-Trade,2004-2-26,0.160143
HD,66181,QMLE-Trade,2004-2-27,0.137875
HD,66181,QMLE-Trade,2004-3-1,0.143752
HD,66181,QMLE-Trade,2004-3-2,0.179749
HD,66181,QMLE-Trade,2004-3-3,0.144021
HD,66181,QMLE-Trade,2004-3-4,0.149279
HD,66181,QMLE-Trade,2004-3-5,0.247187
HD,66181,QMLE-Trade,2004-3-8,0.16875
HD,66181,QMLE-Trade,2004-3-9,0.184096
HD,66181,QMLE-Trade,2004-3-10,0.251749
HD,66181,QMLE-Trade,2004-3-11,0.337422
HD,66181,QMLE-Trade,2004-3-12,0.26113
HD,66181,QMLE-Trade,2004-3-15,0.25631
HD,66181,QMLE-Trade,2004-3-16,0.207034
HD,66181,QMLE-Trade,2004-3-17,0.165675
HD,66181,QMLE-Trade,2004-3-18,0.22419
HD,66181,QMLE-Trade,2004-3-19,0.164452
HD,66181,QMLE-Trade,2004-3-22,0.171994
HD,66181,QMLE-Trade,2004-3-23,0.15766
HD,66181,QMLE-Trade,2004-3-24,0.214625
HD,66181,QMLE-Trade,2004-3-25,0.2232
HD,66181,QMLE-Trade,2004-3-26,0.119729
HD,66181,QMLE-Trade,2004-3-29,0.102287
HD,66181,QMLE-Trade,2004-3-30,0.106678
HD,66181,QMLE-Trade,2004-3-31,0.168703
HD,66181,QMLE-Trade,2004-4-1,0.139297
HD,66181,QMLE-Trade,2004-4-2,0.18729
HD,66181,QMLE-Trade,2004-4-5,0.155225
HD,66181,QMLE-Trade,2004-4-6,0.311036
HD,66181,QMLE-Trade,2004-4-7,0.174331
HD,66181,QMLE-Trade,2004-4-8,0.198927
HD,66181,QMLE-Trade,2004-4-12,0.12011
HD,66181,QMLE-Trade,2004-4-13,0.184874
HD,66181,QMLE-Trade,2004-4-14,0.201422
HD,66181,QMLE-Trade,2004-4-15,0.147986
HD,66181,QMLE-Trade,2004-4-16,0.170245
HD,66181,QMLE-Trade,2004-4-19,0.129927
HD,66181,QMLE-Trade,2004-4-20,0.192724
HD,66181,QMLE-Trade,2004-4-21,0.211155
HD,66181,QMLE-Trade,2004-4-22,0.209302
HD,66181,QMLE-Trade,2004-4-23,0.176524
HD,66181,QMLE-Trade,2004-4-26,0.164956
HD,66181,QMLE-Trade,2004-4-27,0.171842
HD,66181,QMLE-Trade,2004-4-28,0.211385
HD,66181,QMLE-Trade,2004-4-29,0.284337
HD,66181,QMLE-Trade,2004-4-30,0.198775
HD,66181,QMLE-Trade,2004-5-3,0.185225
HD,66181,QMLE-Trade,2004-5-4,0.20748
HD,66181,QMLE-Trade,2004-5-5,0.163945
HD,66181,QMLE-Trade,2004-5-6,0.207497
HD,66181,QMLE-Trade,2004-5-7,0.263048
HD,66181,QMLE-Trade,2004-5-10,0.238351
HD,66181,QMLE-Trade,2004-5-11,0.170012
HD,66181,QMLE-Trade,2004-5-12,0.371107
HD,66181,QMLE-Trade,2004-5-13,0.270006
HD,66181,QMLE-Trade,2004-5-14,0.290293
HD,66181,QMLE-Trade,2004-5-17,0.251646
HD,66181,QMLE-Trade,2004-5-18,0.206069
HD,66181,QMLE-Trade,2004-5-19,0.184302
HD,66181,QMLE-Trade,2004-5-20,0.17154
HD,66181,QMLE-Trade,2004-5-21,0.243576
HD,66181,QMLE-Trade,2004-5-24,0.202701
HD,66181,QMLE-Trade,2004-5-25,0.194951
HD,66181,QMLE-Trade,2004-5-26,0.171295
HD,66181,QMLE-Trade,2004-5-27,0.189197
HD,66181,QMLE-Trade,2004-5-28,0.184297
HD,66181,QMLE-Trade,2004-6-1,0.169409
HD,66181,QMLE-Trade,2004-6-2,0.171326
HD,66181,QMLE-Trade,2004-6-3,0.198804
HD,66181,QMLE-Trade,2004-6-4,0.212586
HD,66181,QMLE-Trade,2004-6-7,0.168108
HD,66181,QMLE-Trade,2004-6-8,0.176705
HD,66181,QMLE-Trade,2004-6-9,0.171384
HD,66181,QMLE-Trade,2004-6-10,0.166706
HD,66181,QMLE-Trade,2004-6-14,0.157965
HD,66181,QMLE-Trade,2004-6-15,0.1629
HD,66181,QMLE-Trade,2004-6-16,0.157689
HD,66181,QMLE-Trade,2004-6-17,0.150782
HD,66181,QMLE-Trade,2004-6-18,0.157644
HD,66181,QMLE-Trade,2004-6-21,0.163279
HD,66181,QMLE-Trade,2004-6-22,0.173717
HD,66181,QMLE-Trade,2004-6-23,0.157924
HD,66181,QMLE-Trade,2004-6-24,0.193029
HD,66181,QMLE-Trade,2004-6-25,0.183039
HD,66181,QMLE-Trade,2004-6-28,0.146203
HD,66181,QMLE-Trade,2004-6-29,0.173998
HD,66181,QMLE-Trade,2004-6-30,0.161148
HD,66181,QMLE-Trade,2004-7-1,0.222772
HD,66181,QMLE-Trade,2004-7-2,0.206234
HD,66181,QMLE-Trade,2004-7-6,0.234626
HD,66181,QMLE-Trade,2004-7-7,0.154269
HD,66181,QMLE-Trade,2004-7-8,0.184543
HD,66181,QMLE-Trade,2004-7-9,0.149421
HD,66181,QMLE-Trade,2004-7-12,0.16666
HD,66181,QMLE-Trade,2004-7-13,0.115002
HD,66181,QMLE-Trade,2004-7-14,0.157014
HD,66181,QMLE-Trade,2004-7-15,0.106869
HD,66181,QMLE-Trade,2004-7-16,0.173377
HD,66181,QMLE-Trade,2004-7-19,0.255471
HD,66181,QMLE-Trade,2004-7-20,0.249901
HD,66181,QMLE-Trade,2004-7-21,0.195072
HD,66181,QMLE-Trade,2004-7-22,0.26608
HD,66181,QMLE-Trade,2004-7-23,0.240144
HD,66181,QMLE-Trade,2004-7-26,0.25153
HD,66181,QMLE-Trade,2004-7-27,0.262354
HD,66181,QMLE-Trade,2004-7-28,0.237282
HD,66181,QMLE-Trade,2004-7-29,0.255589
HD,66181,QMLE-Trade,2004-7-30,0.233761
HD,66181,QMLE-Trade,2004-8-2,0.234741
HD,66181,QMLE-Trade,2004-8-3,0.206585
HD,66181,QMLE-Trade,2004-8-4,0.2024
HD,66181,QMLE-Trade,2004-8-5,0.210589
HD,66181,QMLE-Trade,2004-8-6,0.218968
HD,66181,QMLE-Trade,2004-8-9,0.166743
HD,66181,QMLE-Trade,2004-8-10,0.190134
HD,66181,QMLE-Trade,2004-8-11,0.223835
HD,66181,QMLE-Trade,2004-8-12,0.20372
HD,66181,QMLE-Trade,2004-8-13,0.193837
HD,66181,QMLE-Trade,2004-8-16,0.208786
HD,66181,QMLE-Trade,2004-8-17,0.219971
HD,66181,QMLE-Trade,2004-8-18,0.187696
HD,66181,QMLE-Trade,2004-8-19,0.160826
HD,66181,QMLE-Trade,2004-8-20,0.180116
HD,66181,QMLE-Trade,2004-8-23,0.189277
HD,66181,QMLE-Trade,2004-8-24,0.146591
HD,66181,QMLE-Trade,2004-8-25,0.156699
HD,66181,QMLE-Trade,2004-8-26,0.140262
HD,66181,QMLE-Trade,2004-8-27,0.141937
HD,66181,QMLE-Trade,2004-8-30,0.114643
HD,66181,QMLE-Trade,2004-8-31,0.153964
HD,66181,QMLE-Trade,2004-9-1,0.200906
HD,66181,QMLE-Trade,2004-9-2,0.159365
HD,66181,QMLE-Trade,2004-9-3,0.119439
HD,66181,QMLE-Trade,2004-9-7,0.162873
HD,66181,QMLE-Trade,2004-9-8,0.134813
HD,66181,QMLE-Trade,2004-9-9,0.182147
HD,66181,QMLE-Trade,2004-9-10,0.141426
HD,66181,QMLE-Trade,2004-9-13,0.110689
HD,66181,QMLE-Trade,2004-9-14,0.107997
HD,66181,QMLE-Trade,2004-9-15,0.178165
HD,66181,QMLE-Trade,2004-9-16,0.164876
HD,66181,QMLE-Trade,2004-9-17,0.198601
HD,66181,QMLE-Trade,2004-9-20,0.188712
HD,66181,QMLE-Trade,2004-9-21,0.164356
HD,66181,QMLE-Trade,2004-9-22,0.176322
HD,66181,QMLE-Trade,2004-9-23,0.215908
HD,66181,QMLE-Trade,2004-9-24,0.176298
HD,66181,QMLE-Trade,2004-9-27,0.129054
HD,66181,QMLE-Trade,2004-9-28,0.180342
HD,66181,QMLE-Trade,2004-9-29,0.165949
HD,66181,QMLE-Trade,2004-9-30,0.171762
HD,66181,QMLE-Trade,2004-10-1,0.173557
HD,66181,QMLE-Trade,2004-10-4,0.105599
HD,66181,QMLE-Trade,2004-10-5,0.163603
HD,66181,QMLE-Trade,2004-10-6,0.164636
HD,66181,QMLE-Trade,2004-10-7,0.141744
HD,66181,QMLE-Trade,2004-10-8,0.192247
HD,66181,QMLE-Trade,2004-10-11,0.135689
HD,66181,QMLE-Trade,2004-10-12,0.163587
HD,66181,QMLE-Trade,2004-10-13,0.139765
HD,66181,QMLE-Trade,2004-10-14,0.161641
HD,66181,QMLE-Trade,2004-10-15,0.21602
HD,66181,QMLE-Trade,2004-10-18,0.148403
HD,66181,QMLE-Trade,2004-10-19,0.215007
HD,66181,QMLE-Trade,2004-10-20,0.193899
HD,66181,QMLE-Trade,2004-10-21,0.205445
HD,66181,QMLE-Trade,2004-10-22,0.165281
HD,66181,QMLE-Trade,2004-10-25,0.23053
HD,66181,QMLE-Trade,2004-10-26,0.200673
HD,66181,QMLE-Trade,2004-10-27,0.203689
HD,66181,QMLE-Trade,2004-10-28,0.227208
HD,66181,QMLE-Trade,2004-10-29,0.192254
HD,66181,QMLE-Trade,2004-11-1,0.1751
HD,66181,QMLE-Trade,2004-11-2,0.18362
HD,66181,QMLE-Trade,2004-11-3,0.242956
HD,66181,QMLE-Trade,2004-11-4,0.219923
HD,66181,QMLE-Trade,2004-11-5,0.215147
HD,66181,QMLE-Trade,2004-11-8,0.155618
HD,66181,QMLE-Trade,2004-11-9,0.147407
HD,66181,QMLE-Trade,2004-11-10,0.137744
HD,66181,QMLE-Trade,2004-11-11,0.105102
HD,66181,QMLE-Trade,2004-11-12,0.144934
HD,66181,QMLE-Trade,2004-11-15,0.213704
HD,66181,QMLE-Trade,2004-11-16,0.323429
HD,66181,QMLE-Trade,2004-11-17,0.22723
HD,66181,QMLE-Trade,2004-11-18,0.168566
HD,66181,QMLE-Trade,2004-11-19,0.108061
HD,66181,QMLE-Trade,2004-11-22,0.141983
HD,66181,QMLE-Trade,2004-11-23,0.186051
HD,66181,QMLE-Trade,2004-11-24,0.164332
HD,66181,QMLE-Trade,2004-11-26,0.156622
HD,66181,QMLE-Trade,2004-11-29,0.178588
HD,66181,QMLE-Trade,2004-11-30,0.172831
HD,66181,QMLE-Trade,2004-12-1,0.179165
HD,66181,QMLE-Trade,2004-12-2,0.2389
HD,66181,QMLE-Trade,2004-12-3,0.179668
HD,66181,QMLE-Trade,2004-12-6,0.16629
HD,66181,QMLE-Trade,2004-12-7,0.194509
HD,66181,QMLE-Trade,2004-12-8,0.190349
HD,66181,QMLE-Trade,2004-12-9,0.162151
HD,66181,QMLE-Trade,2004-12-10,0.170649
HD,66181,QMLE-Trade,2004-12-13,0.185314
HD,66181,QMLE-Trade,2004-12-14,0.129599
HD,66181,QMLE-Trade,2004-12-15,0.116527
HD,66181,QMLE-Trade,2004-12-16,0.151467
HD,66181,QMLE-Trade,2004-12-17,0.170532
HD,66181,QMLE-Trade,2004-12-20,0.160721
HD,66181,QMLE-Trade,2004-12-21,0.170994
HD,66181,QMLE-Trade,2004-12-22,0.12338
HD,66181,QMLE-Trade,2004-12-23,0.136316
HD,66181,QMLE-Trade,2004-12-27,0.195348
HD,66181,QMLE-Trade,2004-12-28,0.131118
HD,66181,QMLE-Trade,2004-12-29,0.100481
HD,66181,QMLE-Trade,2004-12-30,0.109773
HD,66181,QMLE-Trade,2004-12-31,0.103814
HD,66181,QMLE-Trade,2005-1-3,0.126033
HD,66181,QMLE-Trade,2005-1-4,0.143402
HD,66181,QMLE-Trade,2005-1-5,0.155937
HD,66181,QMLE-Trade,2005-1-6,0.202338
HD,66181,QMLE-Trade,2005-1-7,0.17951
HD,66181,QMLE-Trade,2005-1-10,0.194436
HD,66181,QMLE-Trade,2005-1-11,0.120171
HD,66181,QMLE-Trade,2005-1-12,0.160815
HD,66181,QMLE-Trade,2005-1-13,0.215232
HD,66181,QMLE-Trade,2005-1-14,0.109398
HD,66181,QMLE-Trade,2005-1-18,0.141937
HD,66181,QMLE-Trade,2005-1-19,0.145136
HD,66181,QMLE-Trade,2005-1-20,0.206857
HD,66181,QMLE-Trade,2005-1-21,0.150497
HD,66181,QMLE-Trade,2005-1-24,0.197365
HD,66181,QMLE-Trade,2005-1-25,0.133858
HD,66181,QMLE-Trade,2005-1-26,0.101787
HD,66181,QMLE-Trade,2005-1-27,0.118886
HD,66181,QMLE-Trade,2005-1-28,0.129678
HD,66181,QMLE-Trade,2005-1-31,0.126118
HD,66181,QMLE-Trade,2005-2-1,0.116104
HD,66181,QMLE-Trade,2005-2-2,0.13737
HD,66181,QMLE-Trade,2005-2-3,0.104072
HD,66181,QMLE-Trade,2005-2-4,0.128651
HD,66181,QMLE-Trade,2005-2-7,0.0907055
HD,66181,QMLE-Trade,2005-2-8,0.10325
HD,66181,QMLE-Trade,2005-2-9,0.143799
HD,66181,QMLE-Trade,2005-2-10,0.134096
HD,66181,QMLE-Trade,2005-2-11,0.163322
HD,66181,QMLE-Trade,2005-2-14,0.0634528
HD,66181,QMLE-Trade,2005-2-15,0.118245
HD,66181,QMLE-Trade,2005-2-16,0.134823
HD,66181,QMLE-Trade,2005-2-17,0.123606
HD,66181,QMLE-Trade,2005-2-18,0.129677
HD,66181,QMLE-Trade,2005-2-22,0.246019
HD,66181,QMLE-Trade,2005-2-23,0.207258
HD,66181,QMLE-Trade,2005-2-24,0.217453
HD,66181,QMLE-Trade,2005-2-25,0.164771
HD,66181,QMLE-Trade,2005-2-28,0.184325
HD,66181,QMLE-Trade,2005-3-1,0.129963
HD,66181,QMLE-Trade,2005-3-2,0.1311
HD,66181,QMLE-Trade,2005-3-3,0.124346
HD,66181,QMLE-Trade,2005-3-4,0.129813
HD,66181,QMLE-Trade,2005-3-7,0.146848
HD,66181,QMLE-Trade,2005-3-8,0.102919
HD,66181,QMLE-Trade,2005-3-9,0.13205
HD,66181,QMLE-Trade,2005-3-10,0.153125
HD,66181,QMLE-Trade,2005-3-11,0.145832
HD,66181,QMLE-Trade,2005-3-14,0.167523
HD,66181,QMLE-Trade,2005-3-15,0.162424
HD,66181,QMLE-Trade,2005-3-16,0.247277
HD,66181,QMLE-Trade,2005-3-17,0.161224
HD,66181,QMLE-Trade,2005-3-18,0.173257
HD,66181,QMLE-Trade,2005-3-21,0.271404
HD,66181,QMLE-Trade,2005-3-22,0.206854
HD,66181,QMLE-Trade,2005-3-23,0.170206
HD,66181,QMLE-Trade,2005-3-24,0.138118
HD,66181,QMLE-Trade,2005-3-28,0.127345
HD,66181,QMLE-Trade,2005-3-29,0.175102
HD,66181,QMLE-Trade,2005-3-30,0.157537
HD,66181,QMLE-Trade,2005-3-31,0.145406
HD,66181,QMLE-Trade,2005-4-1,0.356273
HD,66181,QMLE-Trade,2005-4-4,0.170167
HD,66181,QMLE-Trade,2005-4-5,0.227521
HD,66181,QMLE-Trade,2005-4-6,0.216781
HD,66181,QMLE-Trade,2005-4-7,0.184244
HD,66181,QMLE-Trade,2005-4-8,0.150706
HD,66181,QMLE-Trade,2005-4-11,0.171422
HD,66181,QMLE-Trade,2005-4-12,0.253253
HD,66181,QMLE-Trade,2005-4-13,0.251961
HD,66181,QMLE-Trade,2005-4-14,0.210041
HD,66181,QMLE-Trade,2005-4-15,0.258602
HD,66181,QMLE-Trade,2005-4-18,0.23435
HD,66181,QMLE-Trade,2005-4-19,0.182921
HD,66181,QMLE-Trade,2005-4-20,0.266053
HD,66181,QMLE-Trade,2005-4-21,0.20488
HD,66181,QMLE-Trade,2005-4-22,0.258006
HD,66181,QMLE-Trade,2005-4-25,0.191434
HD,66181,QMLE-Trade,2005-4-26,0.218295
HD,66181,QMLE-Trade,2005-4-27,0.217542
HD,66181,QMLE-Trade,2005-4-28,0.205652
HD,66181,QMLE-Trade,2005-4-29,0.287059
HD,66181,QMLE-Trade,2005-5-2,0.223256
HD,66181,QMLE-Trade,2005-5-3,0.310332
HD,66181,QMLE-Trade,2005-5-4,0.249315
HD,66181,QMLE-Trade,2005-5-5,0.264308
HD,66181,QMLE-Trade,2005-5-6,0.17181
HD,66181,QMLE-Trade,2005-5-9,0.15128
HD,66181,QMLE-Trade,2005-5-10,0.162127
HD,66181,QMLE-Trade,2005-5-11,0.260016
HD,66181,QMLE-Trade,2005-5-12,0.260125
HD,66181,QMLE-Trade,2005-5-13,0.256459
HD,66181,QMLE-Trade,2005-5-16,0.240265
HD,66181,QMLE-Trade,2005-5-17,0.26297
HD,66181,QMLE-Trade,2005-5-18,0.182342
HD,66181,QMLE-Trade,2005-5-19,0.205073
HD,66181,QMLE-Trade,2005-5-20,0.19613
HD,66181,QMLE-Trade,2005-5-23,0.168177
HD,66181,QMLE-Trade,2005-5-24,0.139077
HD,66181,QMLE-Trade,2005-5-25,0.18583
HD,66181,QMLE-Trade,2005-5-26,0.151382
HD,66181,QMLE-Trade,2005-5-27,0.130339
HD,66181,QMLE-Trade,2005-5-31,0.161677
HD,66181,QMLE-Trade,2005-6-1,0.202722
HD,66181,QMLE-Trade,2005-6-2,0.140637
HD,66181,QMLE-Trade,2005-6-3,0.171037
HD,66181,QMLE-Trade,2005-6-6,0.13457
HD,66181,QMLE-Trade,2005-6-7,0.19751
HD,66181,QMLE-Trade,2005-6-8,0.170684
HD,66181,QMLE-Trade,2005-6-9,0.164781
HD,66181,QMLE-Trade,2005-6-10,0.209185
HD,66181,QMLE-Trade,2005-6-13,0.16149
HD,66181,QMLE-Trade,2005-6-14,0.172028
HD,66181,QMLE-Trade,2005-6-15,0.143863
HD,66181,QMLE-Trade,2005-6-16,0.182676
HD,66181,QMLE-Trade,2005-6-17,0.116573
HD,66181,QMLE-Trade,2005-6-20,0.156063
HD,66181,QMLE-Trade,2005-6-21,0.172576
HD,66181,QMLE-Trade,2005-6-22,0.149003
HD,66181,QMLE-Trade,2005-6-23,0.221842
HD,66181,QMLE-Trade,2005-6-24,0.238631
HD,66181,QMLE-Trade,2005-6-27,0.187381
HD,66181,QMLE-Trade,2005-6-28,0.176944
HD,66181,QMLE-Trade,2005-6-29,0.167925
HD,66181,QMLE-Trade,2005-6-30,0.199223
HD,66181,QMLE-Trade,2005-7-1,0.159026
HD,66181,QMLE-Trade,2005-7-5,0.20152
HD,66181,QMLE-Trade,2005-7-6,0.165749
HD,66181,QMLE-Trade,2005-7-7,0.231342
HD,66181,QMLE-Trade,2005-7-8,0.169581
HD,66181,QMLE-Trade,2005-7-11,0.17231
HD,66181,QMLE-Trade,2005-7-12,0.167681
HD,66181,QMLE-Trade,2005-7-13,0.17593
HD,66181,QMLE-Trade,2005-7-14,0.192213
HD,66181,QMLE-Trade,2005-7-15,0.13797
HD,66181,QMLE-Trade,2005-7-18,0.190086
HD,66181,QMLE-Trade,2005-7-19,0.203847
HD,66181,QMLE-Trade,2005-7-20,0.173009
HD,66181,QMLE-Trade,2005-7-21,0.248454
HD,66181,QMLE-Trade,2005-7-22,0.190498
HD,66181,QMLE-Trade,2005-7-25,0.209852
HD,66181,QMLE-Trade,2005-7-26,0.189433
HD,66181,QMLE-Trade,2005-7-27,0.172611
HD,66181,QMLE-Trade,2005-7-28,0.206308
HD,66181,QMLE-Trade,2005-7-29,0.160891
HD,66181,QMLE-Trade,2005-8-1,0.169876
HD,66181,QMLE-Trade,2005-8-2,0.163548
HD,66181,QMLE-Trade,2005-8-3,0.197604
HD,66181,QMLE-Trade,2005-8-4,0.180365
HD,66181,QMLE-Trade,2005-8-5,0.205143
HD,66181,QMLE-Trade,2005-8-8,0.205032
HD,66181,QMLE-Trade,2005-8-9,0.174254
HD,66181,QMLE-Trade,2005-8-10,0.231083
HD,66181,QMLE-Trade,2005-8-11,0.278346
HD,66181,QMLE-Trade,2005-8-12,0.212117
HD,66181,QMLE-Trade,2005-8-15,0.273627
HD,66181,QMLE-Trade,2005-8-16,0.258154
HD,66181,QMLE-Trade,2005-8-17,0.156621
HD,66181,QMLE-Trade,2005-8-18,0.138917
HD,66181,QMLE-Trade,2005-8-19,0.139999
HD,66181,QMLE-Trade,2005-8-22,0.177356
HD,66181,QMLE-Trade,2005-8-23,0.157827
HD,66181,QMLE-Trade,2005-8-24,0.16462
HD,66181,QMLE-Trade,2005-8-25,0.149629
HD,66181,QMLE-Trade,2005-8-26,0.170851
HD,66181,QMLE-Trade,2005-8-29,0.149586
HD,66181,QMLE-Trade,2005-8-30,0.215787
HD,66181,QMLE-Trade,2005-8-31,0.227508
HD,66181,QMLE-Trade,2005-9-1,0.201119
HD,66181,QMLE-Trade,2005-9-2,0.166907
HD,66181,QMLE-Trade,2005-9-6,0.157638
HD,66181,QMLE-Trade,2005-9-7,0.150274
HD,66181,QMLE-Trade,2005-9-8,0.165322
HD,66181,QMLE-Trade,2005-9-9,0.143001
HD,66181,QMLE-Trade,2005-9-12,0.160994
HD,66181,QMLE-Trade,2005-9-13,0.18133
HD,66181,QMLE-Trade,2005-9-14,0.126417
HD,66181,QMLE-Trade,2005-9-15,0.172712
HD,66181,QMLE-Trade,2005-9-16,0.158412
HD,66181,QMLE-Trade,2005-9-19,0.170438
HD,66181,QMLE-Trade,2005-9-20,0.198935
HD,66181,QMLE-Trade,2005-9-21,0.248912
HD,66181,QMLE-Trade,2005-9-22,0.297222
HD,66181,QMLE-Trade,2005-9-23,0.235046
HD,66181,QMLE-Trade,2005-9-26,0.185079
HD,66181,QMLE-Trade,2005-9-27,0.196753
HD,66181,QMLE-Trade,2005-9-28,0.19513
HD,66181,QMLE-Trade,2005-9-29,0.301651
HD,66181,QMLE-Trade,2005-9-30,0.209928
HD,66181,QMLE-Trade,2005-10-3,0.202021
HD,66181,QMLE-Trade,2005-10-4,0.188598
HD,66181,QMLE-Trade,2005-10-5,0.23135
HD,66181,QMLE-Trade,2005-10-6,0.313775
HD,66181,QMLE-Trade,2005-10-7,0.230887
HD,66181,QMLE-Trade,2005-10-10,0.187006
HD,66181,QMLE-Trade,2005-10-11,0.214185
HD,66181,QMLE-Trade,2005-10-12,0.248365
HD,66181,QMLE-Trade,2005-10-13,0.278772
HD,66181,QMLE-Trade,2005-10-14,0.302424
HD,66181,QMLE-Trade,2005-10-17,0.163603
HD,66181,QMLE-Trade,2005-10-18,0.132893
HD,66181,QMLE-Trade,2005-10-19,0.336526
HD,66181,QMLE-Trade,2005-10-20,0.244672
HD,66181,QMLE-Trade,2005-10-21,0.210777
HD,66181,QMLE-Trade,2005-10-24,0.198669
HD,66181,QMLE-Trade,2005-10-25,0.223701
HD,66181,QMLE-Trade,2005-10-26,0.2108
HD,66181,QMLE-Trade,2005-10-27,0.184729
HD,66181,QMLE-Trade,2005-10-28,0.236197
HD,66181,QMLE-Trade,2005-10-31,0.22323
HD,66181,QMLE-Trade,2005-11-1,0.175244
HD,66181,QMLE-Trade,2005-11-2,0.121326
HD,66181,QMLE-Trade,2005-11-3,0.201532
HD,66181,QMLE-Trade,2005-11-4,0.188788
HD,66181,QMLE-Trade,2005-11-7,0.187603
HD,66181,QMLE-Trade,2005-11-8,0.16475
HD,66181,QMLE-Trade,2005-11-9,0.139892
HD,66181,QMLE-Trade,2005-11-10,0.195865
HD,66181,QMLE-Trade,2005-11-11,0.139747
HD,66181,QMLE-Trade,2005-11-14,0.206864
HD,66181,QMLE-Trade,2005-11-15,0.260606
HD,66181,QMLE-Trade,2005-11-16,0.223732
HD,66181,QMLE-Trade,2005-11-17,0.154318
HD,66181,QMLE-Trade,2005-11-18,0.18728
HD,66181,QMLE-Trade,2005-11-21,0.144844
HD,66181,QMLE-Trade,2005-11-22,0.131618
HD,66181,QMLE-Trade,2005-11-23,0.13117
HD,66181,QMLE-Trade,2005-11-25,0.116058
HD,66181,QMLE-Trade,2005-11-28,0.192757
HD,66181,QMLE-Trade,2005-11-29,0.17465
HD,66181,QMLE-Trade,2005-11-30,0.167182
HD,66181,QMLE-Trade,2005-12-1,0.205319
HD,66181,QMLE-Trade,2005-12-2,0.148891
HD,66181,QMLE-Trade,2005-12-5,0.143493
HD,66181,QMLE-Trade,2005-12-6,0.146412
HD,66181,QMLE-Trade,2005-12-7,0.168406
HD,66181,QMLE-Trade,2005-12-8,0.197941
HD,66181,QMLE-Trade,2005-12-9,0.156406
HD,66181,QMLE-Trade,2005-12-12,0.132636
HD,66181,QMLE-Trade,2005-12-13,0.167277
HD,66181,QMLE-Trade,2005-12-14,0.179605
HD,66181,QMLE-Trade,2005-12-15,0.199313
HD,66181,QMLE-Trade,2005-12-16,0.129668
HD,66181,QMLE-Trade,2005-12-19,0.172275
HD,66181,QMLE-Trade,2005-12-20,0.156058
HD,66181,QMLE-Trade,2005-12-21,0.154753
HD,66181,QMLE-Trade,2005-12-22,0.0978665
HD,66181,QMLE-Trade,2005-12-23,0.136865
HD,66181,QMLE-Trade,2005-12-27,0.162106
HD,66181,QMLE-Trade,2005-12-28,0.123029
HD,66181,QMLE-Trade,2005-12-29,0.110168
HD,66181,QMLE-Trade,2005-12-30,0.158664
HD,66181,QMLE-Trade,2006-1-3,0.223189
HD,66181,QMLE-Trade,2006-1-4,0.184676
HD,66181,QMLE-Trade,2006-1-5,0.190852
HD,66181,QMLE-Trade,2006-1-6,0.129279
HD,66181,QMLE-Trade,2006-1-9,0.219706
HD,66181,QMLE-Trade,2006-1-10,0.24942
HD,66181,QMLE-Trade,2006-1-11,0.183912
HD,66181,QMLE-Trade,2006-1-12,0.15841
HD,66181,QMLE-Trade,2006-1-13,0.206542
HD,66181,QMLE-Trade,2006-1-17,0.166047
HD,66181,QMLE-Trade,2006-1-18,0.211009
HD,66181,QMLE-Trade,2006-1-19,0.217221
HD,66181,QMLE-Trade,2006-1-20,0.231275
HD,66181,QMLE-Trade,2006-1-23,0.200116
HD,66181,QMLE-Trade,2006-1-24,0.124286
HD,66181,QMLE-Trade,2006-1-25,0.197243
HD,66181,QMLE-Trade,2006-1-26,0.145368
HD,66181,QMLE-Trade,2006-1-27,0.210464
HD,66181,QMLE-Trade,2006-1-30,0.165389
HD,66181,QMLE-Trade,2006-1-31,0.205915
HD,66181,QMLE-Trade,2006-2-1,0.189785
HD,66181,QMLE-Trade,2006-2-2,0.182553
HD,66181,QMLE-Trade,2006-2-3,0.169068
HD,66181,QMLE-Trade,2006-2-6,0.184703
HD,66181,QMLE-Trade,2006-2-7,0.227805
HD,66181,QMLE-Trade,2006-2-8,0.159192
HD,66181,QMLE-Trade,2006-2-9,0.18331
HD,66181,QMLE-Trade,2006-2-10,0.176059
HD,66181,QMLE-Trade,2006-2-13,0.191985
HD,66181,QMLE-Trade,2006-2-14,0.21476
HD,66181,QMLE-Trade,2006-2-15,0.229517
HD,66181,QMLE-Trade,2006-2-16,0.223115
HD,66181,QMLE-Trade,2006-2-17,0.216741
HD,66181,QMLE-Trade,2006-2-21,0.268401
HD,66181,QMLE-Trade,2006-2-22,0.13468
HD,66181,QMLE-Trade,2006-2-23,0.216038
HD,66181,QMLE-Trade,2006-2-24,0.220885
HD,66181,QMLE-Trade,2006-2-27,0.174766
HD,66181,QMLE-Trade,2006-2-28,0.169763
HD,66181,QMLE-Trade,2006-3-1,0.217789
HD,66181,QMLE-Trade,2006-3-2,0.17255
HD,66181,QMLE-Trade,2006-3-3,0.177716
HD,66181,QMLE-Trade,2006-3-6,0.161109
HD,66181,QMLE-Trade,2006-3-7,0.168977
HD,66181,QMLE-Trade,2006-3-8,0.163722
HD,66181,QMLE-Trade,2006-3-9,0.162904
HD,66181,QMLE-Trade,2006-3-10,0.198248
HD,66181,QMLE-Trade,2006-3-13,0.194173
HD,66181,QMLE-Trade,2006-3-14,0.211553
HD,66181,QMLE-Trade,2006-3-15,0.196134
HD,66181,QMLE-Trade,2006-3-16,0.169248
HD,66181,QMLE-Trade,2006-3-17,0.114441
HD,66181,QMLE-Trade,2006-3-20,0.137769
HD,66181,QMLE-Trade,2006-3-21,0.129602
HD,66181,QMLE-Trade,2006-3-22,0.157519
HD,66181,QMLE-Trade,2006-3-23,0.210538
HD,66181,QMLE-Trade,2006-3-24,0.178772
HD,66181,QMLE-Trade,2006-3-27,0.149135
HD,66181,QMLE-Trade,2006-3-28,0.167722
HD,66181,QMLE-Trade,2006-3-29,0.145604
HD,66181,QMLE-Trade,2006-3-30,0.173635
HD,66181,QMLE-Trade,2006-3-31,0.120845
HD,66181,QMLE-Trade,2006-4-3,0.158719
HD,66181,QMLE-Trade,2006-4-4,0.162262
HD,66181,QMLE-Trade,2006-4-5,0.145355
HD,66181,QMLE-Trade,2006-4-6,0.14532
HD,66181,QMLE-Trade,2006-4-7,0.187601
HD,66181,QMLE-Trade,2006-4-10,0.168031
HD,66181,QMLE-Trade,2006-4-11,0.173577
HD,66181,QMLE-Trade,2006-4-12,0.150049
HD,66181,QMLE-Trade,2006-4-13,0.179817
HD,66181,QMLE-Trade,2006-4-17,0.175827
HD,66181,QMLE-Trade,2006-4-18,0.232328
HD,66181,QMLE-Trade,2006-4-19,0.207966
HD,66181,QMLE-Trade,2006-4-20,0.228482
HD,66181,QMLE-Trade,2006-4-21,0.163935
HD,66181,QMLE-Trade,2006-4-24,0.160214
HD,66181,QMLE-Trade,2006-4-25,0.207707
HD,66181,QMLE-Trade,2006-4-26,0.154554
HD,66181,QMLE-Trade,2006-4-27,0.220808
HD,66181,QMLE-Trade,2006-4-28,0.177124
HD,66181,QMLE-Trade,2006-5-1,0.180299
HD,66181,QMLE-Trade,2006-5-2,0.160255
HD,66181,QMLE-Trade,2006-5-3,0.147868
HD,66181,QMLE-Trade,2006-5-4,0.127732
HD,66181,QMLE-Trade,2006-5-5,0.152593
HD,66181,QMLE-Trade,2006-5-8,0.135125
HD,66181,QMLE-Trade,2006-5-9,0.122497
HD,66181,QMLE-Trade,2006-5-10,0.165425
HD,66181,QMLE-Trade,2006-5-11,0.163946
HD,66181,QMLE-Trade,2006-5-12,0.27489
HD,66181,QMLE-Trade,2006-5-15,0.204307
HD,66181,QMLE-Trade,2006-5-16,0.260109
HD,66181,QMLE-Trade,2006-5-17,0.269088
HD,66181,QMLE-Trade,2006-5-18,0.205706
HD,66181,QMLE-Trade,2006-5-19,0.222343
HD,66181,QMLE-Trade,2006-5-22,0.295001
HD,66181,QMLE-Trade,2006-5-23,0.229118
HD,66181,QMLE-Trade,2006-5-24,0.270739
HD,66181,QMLE-Trade,2006-5-25,0.173268
HD,66181,QMLE-Trade,2006-5-26,0.151976
HD,66181,QMLE-Trade,2006-5-30,0.171632
HD,66181,QMLE-Trade,2006-5-31,0.181618
HD,66181,QMLE-Trade,2006-6-1,0.186761
HD,66181,QMLE-Trade,2006-6-2,0.188302
HD,66181,QMLE-Trade,2006-6-5,0.14988
HD,66181,QMLE-Trade,2006-6-6,0.246702
HD,66181,QMLE-Trade,2006-6-7,0.213909
HD,66181,QMLE-Trade,2006-6-8,0.310845
HD,66181,QMLE-Trade,2006-6-9,0.194105
HD,66181,QMLE-Trade,2006-6-12,0.198643
HD,66181,QMLE-Trade,2006-6-13,0.273049
HD,66181,QMLE-Trade,2006-6-14,0.236656
HD,66181,QMLE-Trade,2006-6-15,0.237586
HD,66181,QMLE-Trade,2006-6-16,0.206735
HD,66181,QMLE-Trade,2006-6-19,0.220401
HD,66181,QMLE-Trade,2006-6-20,0.164125
HD,66181,QMLE-Trade,2006-6-21,0.178427
HD,66181,QMLE-Trade,2006-6-22,0.160351
HD,66181,QMLE-Trade,2006-6-23,0.170141
HD,66181,QMLE-Trade,2006-6-26,0.175262
HD,66181,QMLE-Trade,2006-6-27,0.130717
HD,66181,QMLE-Trade,2006-6-28,0.126101
HD,66181,QMLE-Trade,2006-6-29,0.210553
HD,66181,QMLE-Trade,2006-6-30,0.181918
HD,66181,QMLE-Trade,2006-7-3,0.129495
HD,66181,QMLE-Trade,2006-7-5,0.144004
HD,66181,QMLE-Trade,2006-7-6,0.142099
HD,66181,QMLE-Trade,2006-7-7,0.127979
HD,66181,QMLE-Trade,2006-7-10,0.148712
HD,66181,QMLE-Trade,2006-7-11,0.193015
HD,66181,QMLE-Trade,2006-7-12,0.18881
HD,66181,QMLE-Trade,2006-7-13,0.358975
HD,66181,QMLE-Trade,2006-7-14,0.223244
HD,66181,QMLE-Trade,2006-7-17,0.21534
HD,66181,QMLE-Trade,2006-7-18,0.20224
HD,66181,QMLE-Trade,2006-7-19,0.256768
HD,66181,QMLE-Trade,2006-7-20,0.238595
HD,66181,QMLE-Trade,2006-7-21,0.252406
HD,66181,QMLE-Trade,2006-7-24,0.229351
HD,66181,QMLE-Trade,2006-7-25,0.23799
HD,66181,QMLE-Trade,2006-7-26,0.212567
HD,66181,QMLE-Trade,2006-7-27,0.195704
HD,66181,QMLE-Trade,2006-7-28,0.198155
HD,66181,QMLE-Trade,2006-7-31,0.154524
HD,66181,QMLE-Trade,2006-8-1,0.181099
HD,66181,QMLE-Trade,2006-8-2,0.264302
HD,66181,QMLE-Trade,2006-8-3,0.209218
HD,66181,QMLE-Trade,2006-8-4,0.250189
HD,66181,QMLE-Trade,2006-8-7,0.260871
HD,66181,QMLE-Trade,2006-8-8,0.275185
HD,66181,QMLE-Trade,2006-8-9,0.181277
HD,66181,QMLE-Trade,2006-8-10,0.205355
HD,66181,QMLE-Trade,2006-8-11,0.180155
HD,66181,QMLE-Trade,2006-8-14,0.21268
HD,66181,QMLE-Trade,2006-8-15,0.304077
HD,66181,QMLE-Trade,2006-8-16,0.177732
HD,66181,QMLE-Trade,2006-8-17,0.203077
HD,66181,QMLE-Trade,2006-8-18,0.168584
HD,66181,QMLE-Trade,2006-8-21,0.141077
HD,66181,QMLE-Trade,2006-8-22,0.13111
HD,66181,QMLE-Trade,2006-8-23,0.145269
HD,66181,QMLE-Trade,2006-8-24,0.158511
HD,66181,QMLE-Trade,2006-8-25,0.1705
HD,66181,QMLE-Trade,2006-8-28,0.178569
HD,66181,QMLE-Trade,2006-8-29,0.185689
HD,66181,QMLE-Trade,2006-8-30,0.174198
HD,66181,QMLE-Trade,2006-8-31,0.126381
HD,66181,QMLE-Trade,2006-9-1,0.152781
HD,66181,QMLE-Trade,2006-9-5,0.160401
HD,66181,QMLE-Trade,2006-9-6,0.16121
HD,66181,QMLE-Trade,2006-9-7,0.188685
HD,66181,QMLE-Trade,2006-9-8,0.166396
HD,66181,QMLE-Trade,2006-9-11,0.188843
HD,66181,QMLE-Trade,2006-9-12,0.21769
HD,66181,QMLE-Trade,2006-9-13,0.26519
HD,66181,QMLE-Trade,2006-9-14,0.183696
HD,66181,QMLE-Trade,2006-9-15,0.278926
HD,66181,QMLE-Trade,2006-9-18,0.176114
HD,66181,QMLE-Trade,2006-9-19,0.191963
HD,66181,QMLE-Trade,2006-9-20,0.210562
HD,66181,QMLE-Trade,2006-9-21,0.241097
HD,66181,QMLE-Trade,2006-9-22,0.215687
HD,66181,QMLE-Trade,2006-9-25,0.244961
HD,66181,QMLE-Trade,2006-9-26,0.237594
HD,66181,QMLE-Trade,2006-9-27,0.2804
HD,66181,QMLE-Trade,2006-9-28,0.197636
HD,66181,QMLE-Trade,2006-9-29,0.18169
HD,66181,QMLE-Trade,2006-10-2,0.204678
HD,66181,QMLE-Trade,2006-10-3,0.217102
HD,66181,QMLE-Trade,2006-10-4,0.186019
HD,66181,QMLE-Trade,2006-10-5,0.1908
HD,66181,QMLE-Trade,2006-10-6,0.18207
HD,66181,QMLE-Trade,2006-10-9,0.163147
HD,66181,QMLE-Trade,2006-10-10,0.169096
HD,66181,QMLE-Trade,2006-10-11,0.184121
HD,66181,QMLE-Trade,2006-10-12,0.15429
HD,66181,QMLE-Trade,2006-10-13,0.222785
HD,66181,QMLE-Trade,2006-10-16,0.1592
HD,66181,QMLE-Trade,2006-10-17,0.1536
HD,66181,QMLE-Trade,2006-10-18,0.165488
HD,66181,QMLE-Trade,2006-10-19,0.174414
HD,66181,QMLE-Trade,2006-10-20,0.159799
HD,66181,QMLE-Trade,2006-10-23,0.192892
HD,66181,QMLE-Trade,2006-10-24,0.144015
HD,66181,QMLE-Trade,2006-10-25,0.183803
HD,66181,QMLE-Trade,2006-10-26,0.202146
HD,66181,QMLE-Trade,2006-10-27,0.162892
HD,66181,QMLE-Trade,2006-10-30,0.164221
HD,66181,QMLE-Trade,2006-10-31,0.18963
HD,66181,QMLE-Trade,2006-11-1,0.158401
HD,66181,QMLE-Trade,2006-11-2,0.197138
HD,66181,QMLE-Trade,2006-11-3,0.189318
HD,66181,QMLE-Trade,2006-11-6,0.188253
HD,66181,QMLE-Trade,2006-11-7,0.163049
HD,66181,QMLE-Trade,2006-11-8,0.159112
HD,66181,QMLE-Trade,2006-11-9,0.148713
HD,66181,QMLE-Trade,2006-11-10,0.135493
HD,66181,QMLE-Trade,2006-11-13,0.205646
HD,66181,QMLE-Trade,2006-11-14,0.341166
HD,66181,QMLE-Trade,2006-11-15,0.28182
HD,66181,QMLE-Trade,2006-11-16,0.189651
HD,66181,QMLE-Trade,2006-11-17,0.1415
HD,66181,QMLE-Trade,2006-11-20,0.208344
HD,66181,QMLE-Trade,2006-11-21,0.191577
HD,66181,QMLE-Trade,2006-11-22,0.128127
HD,66181,QMLE-Trade,2006-11-24,0.174208
HD,66181,QMLE-Trade,2006-11-27,0.227522
HD,66181,QMLE-Trade,2006-11-28,0.17838
HD,66181,QMLE-Trade,2006-11-29,0.236814
HD,66181,QMLE-Trade,2006-11-30,0.205127
HD,66181,QMLE-Trade,2006-12-1,0.398774
HD,66181,QMLE-Trade,2006-12-4,0.22247
HD,66181,QMLE-Trade,2006-12-5,0.178363
HD,66181,QMLE-Trade,2006-12-6,0.149861
HD,66181,QMLE-Trade,2006-12-7,0.190492
HD,66181,QMLE-Trade,2006-12-8,0.212856
HD,66181,QMLE-Trade,2006-12-11,0.175857
HD,66181,QMLE-Trade,2006-12-12,0.164293
HD,66181,QMLE-Trade,2006-12-13,0.190148
HD,66181,QMLE-Trade,2006-12-14,0.291241
HD,66181,QMLE-Trade,2006-12-15,0.167672
HD,66181,QMLE-Trade,2006-12-18,0.197079
HD,66181,QMLE-Trade,2006-12-19,0.177725
HD,66181,QMLE-Trade,2006-12-20,0.116005
HD,66181,QMLE-Trade,2006-12-21,0.168078
HD,66181,QMLE-Trade,2006-12-22,0.114818
HD,66181,QMLE-Trade,2006-12-26,0.144325
HD,66181,QMLE-Trade,2006-12-27,0.127919
HD,66181,QMLE-Trade,2006-12-28,0.129291
HD,66181,QMLE-Trade,2006-12-29,0.10819
HD,66181,QMLE-Trade,2007-1-3,0.223151
HD,66181,QMLE-Trade,2007-1-4,0.220238
HD,66181,QMLE-Trade,2007-1-5,0.196526
HD,66181,QMLE-Trade,2007-1-8,0.200913
HD,66181,QMLE-Trade,2007-1-9,0.206591
HD,66181,QMLE-Trade,2007-1-10,0.19179
HD,66181,QMLE-Trade,2007-1-11,0.178819
HD,66181,QMLE-Trade,2007-1-12,0.165999
HD,66181,QMLE-Trade,2007-1-16,0.137525
HD,66181,QMLE-Trade,2007-1-17,0.127346
HD,66181,QMLE-Trade,2007-1-18,0.269742
HD,66181,QMLE-Trade,2007-1-19,0.190646
HD,66181,QMLE-Trade,2007-1-22,0.181605
HD,66181,QMLE-Trade,2007-1-23,0.1857
HD,66181,QMLE-Trade,2007-1-24,0.12958
HD,66181,QMLE-Trade,2007-1-25,0.138586
HD,66181,QMLE-Trade,2007-1-26,0.159004
HD,66181,QMLE-Trade,2007-1-29,0.134525
HD,66181,QMLE-Trade,2007-1-30,0.151547
HD,66181,QMLE-Trade,2007-1-31,0.175492
HD,66181,QMLE-Trade,2007-2-1,0.18545
HD,66181,QMLE-Trade,2007-2-2,0.160016
HD,66181,QMLE-Trade,2007-2-5,0.153306
HD,66181,QMLE-Trade,2007-2-6,0.126811
HD,66181,QMLE-Trade,2007-2-7,0.131508
HD,66181,QMLE-Trade,2007-2-8,0.126111
HD,66181,QMLE-Trade,2007-2-9,0.124183
HD,66181,QMLE-Trade,2007-2-12,0.15555
HD,66181,QMLE-Trade,2007-2-13,0.143111
HD,66181,QMLE-Trade,2007-2-14,0.180747
HD,66181,QMLE-Trade,2007-2-15,0.139626
HD,66181,QMLE-Trade,2007-2-16,0.125721
HD,66181,QMLE-Trade,2007-2-20,0.270793
HD,66181,QMLE-Trade,2007-2-21,0.195555
HD,66181,QMLE-Trade,2007-2-22,0.124309
HD,66181,QMLE-Trade,2007-2-23,0.151036
HD,66181,QMLE-Trade,2007-2-26,0.147831
HD,66181,QMLE-Trade,2007-2-27,0.218046
HD,66181,QMLE-Trade,2007-2-28,0.238219
HD,66181,QMLE-Trade,2007-3-1,0.270544
HD,66181,QMLE-Trade,2007-3-2,0.171006
HD,66181,QMLE-Trade,2007-3-5,0.219534
HD,66181,QMLE-Trade,2007-3-6,0.235105
HD,66181,QMLE-Trade,2007-3-7,0.142238
HD,66181,QMLE-Trade,2007-3-8,0.13079
HD,66181,QMLE-Trade,2007-3-9,0.138498
HD,66181,QMLE-Trade,2007-3-12,0.134203
HD,66181,QMLE-Trade,2007-3-13,0.188946
HD,66181,QMLE-Trade,2007-3-14,0.290624
HD,66181,QMLE-Trade,2007-3-15,0.204723
HD,66181,QMLE-Trade,2007-3-16,0.181634
HD,66181,QMLE-Trade,2007-3-19,0.165463
HD,66181,QMLE-Trade,2007-3-20,0.14428
HD,66181,QMLE-Trade,2007-3-21,0.175342
HD,66181,QMLE-Trade,2007-3-22,0.168726
HD,66181,QMLE-Trade,2007-3-23,0.127683
HD,66181,QMLE-Trade,2007-3-26,0.174408
HD,66181,QMLE-Trade,2007-3-27,0.138191
HD,66181,QMLE-Trade,2007-3-28,0.181446
HD,66181,QMLE-Trade,2007-3-29,0.158024
HD,66181,QMLE-Trade,2007-3-30,0.197097
HD,66181,QMLE-Trade,2007-4-2,0.122973
HD,66181,QMLE-Trade,2007-4-3,0.173873
HD,66181,QMLE-Trade,2007-4-4,0.116361
HD,66181,QMLE-Trade,2007-4-5,0.100212
HD,66181,QMLE-Trade,2007-4-9,0.127392
HD,66181,QMLE-Trade,2007-4-10,0.150825
HD,66181,QMLE-Trade,2007-4-11,0.166985
HD,66181,QMLE-Trade,2007-4-12,0.145791
HD,66181,QMLE-Trade,2007-4-13,0.130879
HD,66181,QMLE-Trade,2007-4-16,0.147832
HD,66181,QMLE-Trade,2007-4-17,0.185762
HD,66181,QMLE-Trade,2007-4-18,0.17499
HD,66181,QMLE-Trade,2007-4-19,0.180047
HD,66181,QMLE-Trade,2007-4-20,0.167214
HD,66181,QMLE-Trade,2007-4-23,0.132942
HD,66181,QMLE-Trade,2007-4-24,0.191179
HD,66181,QMLE-Trade,2007-4-25,0.149007
HD,66181,QMLE-Trade,2007-4-26,0.138105
HD,66181,QMLE-Trade,2007-4-27,0.192214
HD,66181,QMLE-Trade,2007-4-30,0.128599
HD,66181,QMLE-Trade,2007-5-1,0.171912
HD,66181,QMLE-Trade,2007-5-2,0.165435
HD,66181,QMLE-Trade,2007-5-3,0.180632
HD,66181,QMLE-Trade,2007-5-4,0.157308
HD,66181,QMLE-Trade,2007-5-7,0.146686
HD,66181,QMLE-Trade,2007-5-8,0.114943
HD,66181,QMLE-Trade,2007-5-9,0.224023
HD,66181,QMLE-Trade,2007-5-10,0.256926
HD,66181,QMLE-Trade,2007-5-11,0.210824
HD,66181,QMLE-Trade,2007-5-14,0.178875
HD,66181,QMLE-Trade,2007-5-15,0.324218
HD,66181,QMLE-Trade,2007-5-16,0.202496
HD,66181,QMLE-Trade,2007-5-17,0.140416
HD,66181,QMLE-Trade,2007-5-18,0.140594
HD,66181,QMLE-Trade,2007-5-21,0.176009
HD,66181,QMLE-Trade,2007-5-22,0.130643
HD,66181,QMLE-Trade,2007-5-23,0.174388
HD,66181,QMLE-Trade,2007-5-24,0.211798
HD,66181,QMLE-Trade,2007-5-25,0.133723
HD,66181,QMLE-Trade,2007-5-29,0.156721
HD,66181,QMLE-Trade,2007-5-30,0.177403
HD,66181,QMLE-Trade,2007-5-31,0.147096
HD,66181,QMLE-Trade,2007-6-1,0.189651
HD,66181,QMLE-Trade,2007-6-4,0.164996
HD,66181,QMLE-Trade,2007-6-5,0.16714
HD,66181,QMLE-Trade,2007-6-6,0.153654
HD,66181,QMLE-Trade,2007-6-7,0.188293
HD,66181,QMLE-Trade,2007-6-8,0.144194
HD,66181,QMLE-Trade,2007-6-11,0.0731088
HD,66181,QMLE-Trade,2007-6-12,0.146162
HD,66181,QMLE-Trade,2007-6-13,0.170125
HD,66181,QMLE-Trade,2007-6-14,0.141323
HD,66181,QMLE-Trade,2007-6-15,0.164718
HD,66181,QMLE-Trade,2007-6-18,0.136088
HD,66181,QMLE-Trade,2007-6-19,0.180389
HD,66181,QMLE-Trade,2007-6-20,0.208645
HD,66181,QMLE-Trade,2007-6-21,0.200636
HD,66181,QMLE-Trade,2007-6-22,0.175535
HD,66181,QMLE-Trade,2007-6-25,0.204392
HD,66181,QMLE-Trade,2007-6-26,0.168625
HD,66181,QMLE-Trade,2007-6-27,0.175743
HD,66181,QMLE-Trade,2007-6-28,0.154879
HD,66181,QMLE-Trade,2007-6-29,0.189297
HD,66181,QMLE-Trade,2007-7-2,0.132788
HD,66181,QMLE-Trade,2007-7-3,0.161707
HD,66181,QMLE-Trade,2007-7-5,0.164918
HD,66181,QMLE-Trade,2007-7-6,0.138892
HD,66181,QMLE-Trade,2007-7-9,0.172536
HD,66181,QMLE-Trade,2007-7-10,0.210002
HD,66181,QMLE-Trade,2007-7-11,0.159993
HD,66181,QMLE-Trade,2007-7-12,0.180436
HD,66181,QMLE-Trade,2007-7-13,0.12708
HD,66181,QMLE-Trade,2007-7-16,0.065651
HD,66181,QMLE-Trade,2007-7-17,0.125573
HD,66181,QMLE-Trade,2007-7-18,0.167489
HD,66181,QMLE-Trade,2007-7-19,0.138447
HD,66181,QMLE-Trade,2007-7-20,0.179682
HD,66181,QMLE-Trade,2007-7-23,0.156382
HD,66181,QMLE-Trade,2007-7-24,0.220591
HD,66181,QMLE-Trade,2007-7-25,0.225998
HD,66181,QMLE-Trade,2007-7-26,0.312556
HD,66181,QMLE-Trade,2007-7-27,0.274624
HD,66181,QMLE-Trade,2007-7-30,0.253662
HD,66181,QMLE-Trade,2007-7-31,0.253078
HD,66181,QMLE-Trade,2007-8-1,0.342721
HD,66181,QMLE-Trade,2007-8-2,0.24723
HD,66181,QMLE-Trade,2007-8-3,0.260998
HD,66181,QMLE-Trade,2007-8-6,0.329779
HD,66181,QMLE-Trade,2007-8-7,0.335742
HD,66181,QMLE-Trade,2007-8-8,0.335322
HD,66181,QMLE-Trade,2007-8-9,0.439192
HD,66181,QMLE-Trade,2007-8-10,0.39247
HD,66181,QMLE-Trade,2007-8-13,0.251621
HD,66181,QMLE-Trade,2007-8-14,0.387057
HD,66181,QMLE-Trade,2007-8-15,0.434534
HD,66181,QMLE-Trade,2007-8-16,0.480374
HD,66181,QMLE-Trade,2007-8-17,0.391876
HD,66181,QMLE-Trade,2007-8-20,0.277189
HD,66181,QMLE-Trade,2007-8-21,0.246747
HD,66181,QMLE-Trade,2007-8-22,0.232026
HD,66181,QMLE-Trade,2007-8-23,0.246307
HD,66181,QMLE-Trade,2007-8-24,0.24639
HD,66181,QMLE-Trade,2007-8-27,0.206414
HD,66181,QMLE-Trade,2007-8-28,0.187553
HD,66181,QMLE-Trade,2007-8-29,0.246566
HD,66181,QMLE-Trade,2007-8-30,0.168667
HD,66181,QMLE-Trade,2007-8-31,0.249477
HD,66181,QMLE-Trade,2007-9-4,0.271286
HD,66181,QMLE-Trade,2007-9-5,0.359015
HD,66181,QMLE-Trade,2007-9-6,0.300082
HD,66181,QMLE-Trade,2007-9-7,0.259039
HD,66181,QMLE-Trade,2007-9-10,0.272822
HD,66181,QMLE-Trade,2007-9-11,0.191825
HD,66181,QMLE-Trade,2007-9-12,0.259329
HD,66181,QMLE-Trade,2007-9-13,0.22926
HD,66181,QMLE-Trade,2007-9-14,0.253885
HD,66181,QMLE-Trade,2007-9-17,0.198781
HD,66181,QMLE-Trade,2007-9-18,0.253464
HD,66181,QMLE-Trade,2007-9-19,0.229181
HD,66181,QMLE-Trade,2007-9-20,0.228208
HD,66181,QMLE-Trade,2007-9-21,0.185188
HD,66181,QMLE-Trade,2007-9-24,0.237071
HD,66181,QMLE-Trade,2007-9-25,0.184809
HD,66181,QMLE-Trade,2007-9-26,0.20694
HD,66181,QMLE-Trade,2007-9-27,0.151486
HD,66181,QMLE-Trade,2007-9-28,0.136489
HD,66181,QMLE-Trade,2007-10-1,0.208548
HD,66181,QMLE-Trade,2007-10-2,0.179453
HD,66181,QMLE-Trade,2007-10-3,0.232044
HD,66181,QMLE-Trade,2007-10-4,0.191503
HD,66181,QMLE-Trade,2007-10-5,0.275189
HD,66181,QMLE-Trade,2007-10-8,0.151909
HD,66181,QMLE-Trade,2007-10-9,0.212024
HD,66181,QMLE-Trade,2007-10-10,0.195193
HD,66181,QMLE-Trade,2007-10-11,0.288696
HD,66181,QMLE-Trade,2007-10-12,0.181052
HD,66181,QMLE-Trade,2007-10-15,0.197182
HD,66181,QMLE-Trade,2007-10-16,0.171738
HD,66181,QMLE-Trade,2007-10-17,0.255915
HD,66181,QMLE-Trade,2007-10-18,0.220746
HD,66181,QMLE-Trade,2007-10-19,0.299933
HD,66181,QMLE-Trade,2007-10-22,0.305274
HD,66181,QMLE-Trade,2007-10-23,0.272867
HD,66181,QMLE-Trade,2007-10-24,0.32817
HD,66181,QMLE-Trade,2007-10-25,0.348461
HD,66181,QMLE-Trade,2007-10-26,0.327092
HD,66181,QMLE-Trade,2007-10-29,0.279098
HD,66181,QMLE-Trade,2007-10-30,0.209797
HD,66181,QMLE-Trade,2007-10-31,0.338232
HD,66181,QMLE-Trade,2007-11-1,0.303887
HD,66181,QMLE-Trade,2007-11-2,0.394615
HD,66181,QMLE-Trade,2007-11-5,0.304994
HD,66181,QMLE-Trade,2007-11-6,0.249194
HD,66181,QMLE-Trade,2007-11-7,0.324562
HD,66181,QMLE-Trade,2007-11-8,0.467979
HD,66181,QMLE-Trade,2007-11-9,0.412594
HD,66181,QMLE-Trade,2007-11-12,0.425184
HD,66181,QMLE-Trade,2007-11-13,0.495324
HD,66181,QMLE-Trade,2007-11-14,0.341245
HD,66181,QMLE-Trade,2007-11-15,0.355155
HD,66181,QMLE-Trade,2007-11-16,0.344012
HD,66181,QMLE-Trade,2007-11-19,0.296108
HD,66181,QMLE-Trade,2007-11-20,0.313298
HD,66181,QMLE-Trade,2007-11-21,0.321759
HD,66181,QMLE-Trade,2007-11-23,0.315667
HD,66181,QMLE-Trade,2007-11-26,0.284495
HD,66181,QMLE-Trade,2007-11-27,0.335131
HD,66181,QMLE-Trade,2007-11-28,0.346993
HD,66181,QMLE-Trade,2007-11-29,0.323449
HD,66181,QMLE-Trade,2007-11-30,0.348588
HD,66181,QMLE-Trade,2007-12-3,0.237923
HD,66181,QMLE-Trade,2007-12-4,0.281623
HD,66181,QMLE-Trade,2007-12-5,0.27211
HD,66181,QMLE-Trade,2007-12-6,0.268407
HD,66181,QMLE-Trade,2007-12-7,0.224965
HD,66181,QMLE-Trade,2007-12-10,0.329257
HD,66181,QMLE-Trade,2007-12-11,0.2912
HD,66181,QMLE-Trade,2007-12-12,0.338904
HD,66181,QMLE-Trade,2007-12-13,0.32875
HD,66181,QMLE-Trade,2007-12-14,0.276468
HD,66181,QMLE-Trade,2007-12-17,0.29088
HD,66181,QMLE-Trade,2007-12-18,0.29081
HD,66181,QMLE-Trade,2007-12-19,0.289709
HD,66181,QMLE-Trade,2007-12-20,0.233308
HD,66181,QMLE-Trade,2007-12-21,0.237459
HD,66181,QMLE-Trade,2007-12-24,0.298277
HD,66181,QMLE-Trade,2007-12-26,0.236202
HD,66181,QMLE-Trade,2007-12-27,0.210397
HD,66181,QMLE-Trade,2007-12-28,0.254959
HD,66181,QMLE-Trade,2007-12-31,0.304472
HD,66181,QMLE-Trade,2008-1-2,0.325285
HD,66181,QMLE-Trade,2008-1-3,0.288542
HD,66181,QMLE-Trade,2008-1-4,0.324162
HD,66181,QMLE-Trade,2008-1-7,0.311804
HD,66181,QMLE-Trade,2008-1-8,0.35078
HD,66181,QMLE-Trade,2008-1-9,0.413703
HD,66181,QMLE-Trade,2008-1-10,0.488789
HD,66181,QMLE-Trade,2008-1-11,0.429533
HD,66181,QMLE-Trade,2008-1-14,0.365191
HD,66181,QMLE-Trade,2008-1-15,0.317837
HD,66181,QMLE-Trade,2008-1-16,0.421496
HD,66181,QMLE-Trade,2008-1-17,0.521821
HD,66181,QMLE-Trade,2008-1-18,0.586402
HD,66181,QMLE-Trade,2008-1-22,0.896344
HD,66181,QMLE-Trade,2008-1-23,0.75464
HD,66181,QMLE-Trade,2008-1-24,0.520726
HD,66181,QMLE-Trade,2008-1-25,0.453783
HD,66181,QMLE-Trade,2008-1-28,0.48072
HD,66181,QMLE-Trade,2008-1-29,0.456691
HD,66181,QMLE-Trade,2008-1-30,0.487714
HD,66181,QMLE-Trade,2008-1-31,0.57051
HD,66181,QMLE-Trade,2008-2-1,0.443793
HD,66181,QMLE-Trade,2008-2-4,0.391847
HD,66181,QMLE-Trade,2008-2-5,0.449091
HD,66181,QMLE-Trade,2008-2-6,0.412605
HD,66181,QMLE-Trade,2008-2-7,0.568742
HD,66181,QMLE-Trade,2008-2-8,0.53086
HD,66181,QMLE-Trade,2008-2-11,0.452785
HD,66181,QMLE-Trade,2008-2-12,0.427343
HD,66181,QMLE-Trade,2008-2-13,0.321311
HD,66181,QMLE-Trade,2008-2-14,0.373338
HD,66181,QMLE-Trade,2008-2-15,0.375954
HD,66181,QMLE-Trade,2008-2-19,0.382136
HD,66181,QMLE-Trade,2008-2-20,0.475774
HD,66181,QMLE-Trade,2008-2-21,0.430929
HD,66181,QMLE-Trade,2008-2-22,0.44222
HD,66181,QMLE-Trade,2008-2-25,0.58317
HD,66181,QMLE-Trade,2008-2-26,0.497599
HD,66181,QMLE-Trade,2008-2-27,0.343033
HD,66181,QMLE-Trade,2008-2-28,0.325935
HD,66181,QMLE-Trade,2008-2-29,0.310066
HD,66181,QMLE-Trade,2008-3-3,0.403162
HD,66181,QMLE-Trade,2008-3-4,0.369231
HD,66181,QMLE-Trade,2008-3-5,0.427886
HD,66181,QMLE-Trade,2008-3-6,0.320008
HD,66181,QMLE-Trade,2008-3-7,0.458838
HD,66181,QMLE-Trade,2008-3-10,0.392158
HD,66181,QMLE-Trade,2008-3-11,0.402742
HD,66181,QMLE-Trade,2008-3-12,0.394435
HD,66181,QMLE-Trade,2008-3-13,0.533453
HD,66181,QMLE-Trade,2008-3-14,0.72045
HD,66181,QMLE-Trade,2008-3-17,0.578751
HD,66181,QMLE-Trade,2008-3-18,0.460151
HD,66181,QMLE-Trade,2008-3-19,0.527541
HD,66181,QMLE-Trade,2008-3-20,0.440858
HD,66181,QMLE-Trade,2008-3-24,0.458758
HD,66181,QMLE-Trade,2008-3-25,0.405641
HD,66181,QMLE-Trade,2008-3-26,0.322683
HD,66181,QMLE-Trade,2008-3-27,0.402219
HD,66181,QMLE-Trade,2008-3-28,0.329345
HD,66181,QMLE-Trade,2008-3-31,0.299093
HD,66181,QMLE-Trade,2008-4-1,0.313352
HD,66181,QMLE-Trade,2008-4-2,0.334018
HD,66181,QMLE-Trade,2008-4-3,0.30732
HD,66181,QMLE-Trade,2008-4-4,0.355717
HD,66181,QMLE-Trade,2008-4-7,0.263703
HD,66181,QMLE-Trade,2008-4-8,0.198871
HD,66181,QMLE-Trade,2008-4-9,0.254877
HD,66181,QMLE-Trade,2008-4-10,0.290042
HD,66181,QMLE-Trade,2008-4-11,0.272615
HD,66181,QMLE-Trade,2008-4-14,0.294028
HD,66181,QMLE-Trade,2008-4-15,0.258265
HD,66181,QMLE-Trade,2008-4-16,0.240552
HD,66181,QMLE-Trade,2008-4-17,0.210959
HD,66181,QMLE-Trade,2008-4-18,0.325806
HD,66181,QMLE-Trade,2008-4-21,0.233244
HD,66181,QMLE-Trade,2008-4-22,0.304616
HD,66181,QMLE-Trade,2008-4-23,0.276818
HD,66181,QMLE-Trade,2008-4-24,0.323221
HD,66181,QMLE-Trade,2008-4-25,0.25883
HD,66181,QMLE-Trade,2008-4-28,0.299273
HD,66181,QMLE-Trade,2008-4-29,0.23166
HD,66181,QMLE-Trade,2008-4-30,0.370047
HD,66181,QMLE-Trade,2008-5-1,0.381647
HD,66181,QMLE-Trade,2008-5-2,0.281119
HD,66181,QMLE-Trade,2008-5-5,0.290195
HD,66181,QMLE-Trade,2008-5-6,0.27673
HD,66181,QMLE-Trade,2008-5-7,0.345846
HD,66181,QMLE-Trade,2008-5-8,0.292886
HD,66181,QMLE-Trade,2008-5-9,0.279742
HD,66181,QMLE-Trade,2008-5-12,0.283396
HD,66181,QMLE-Trade,2008-5-13,0.300201
HD,66181,QMLE-Trade,2008-5-14,0.305899
HD,66181,QMLE-Trade,2008-5-15,0.326097
HD,66181,QMLE-Trade,2008-5-16,0.395393
HD,66181,QMLE-Trade,2008-5-19,0.337777
HD,66181,QMLE-Trade,2008-5-20,0.39726
HD,66181,QMLE-Trade,2008-5-21,0.344834
HD,66181,QMLE-Trade,2008-5-22,0.289434
HD,66181,QMLE-Trade,2008-5-23,0.328326
HD,66181,QMLE-Trade,2008-5-27,0.319415
HD,66181,QMLE-Trade,2008-5-28,0.305941
HD,66181,QMLE-Trade,2008-5-29,0.383612
HD,66181,QMLE-Trade,2008-5-30,0.229936
HD,66181,QMLE-Trade,2008-6-2,0.267377
HD,66181,QMLE-Trade,2008-6-3,0.30217
HD,66181,QMLE-Trade,2008-6-4,0.338778
HD,66181,QMLE-Trade,2008-6-5,0.263465
HD,66181,QMLE-Trade,2008-6-6,0.293863
HD,66181,QMLE-Trade,2008-6-9,0.319077
HD,66181,QMLE-Trade,2008-6-10,0.324749
HD,66181,QMLE-Trade,2008-6-11,0.352925
HD,66181,QMLE-Trade,2008-6-12,0.284604
HD,66181,QMLE-Trade,2008-6-13,0.279456
HD,66181,QMLE-Trade,2008-6-16,0.266909
HD,66181,QMLE-Trade,2008-6-17,0.26999
HD,66181,QMLE-Trade,2008-6-18,0.244648
HD,66181,QMLE-Trade,2008-6-19,0.268203
HD,66181,QMLE-Trade,2008-6-20,0.265102
HD,66181,QMLE-Trade,2008-6-23,0.244112
HD,66181,QMLE-Trade,2008-6-24,0.323128
HD,66181,QMLE-Trade,2008-6-25,0.342342
HD,66181,QMLE-Trade,2008-6-26,0.273865
HD,66181,QMLE-Trade,2008-6-27,0.317281
HD,66181,QMLE-Trade,2008-6-30,0.294161
HD,66181,QMLE-Trade,2008-7-1,0.397477
HD,66181,QMLE-Trade,2008-7-2,0.349447
HD,66181,QMLE-Trade,2008-7-3,0.560037
HD,66181,QMLE-Trade,2008-7-7,0.439669
HD,66181,QMLE-Trade,2008-7-8,0.460627
HD,66181,QMLE-Trade,2008-7-9,0.42182
HD,66181,QMLE-Trade,2008-7-10,0.464956
HD,66181,QMLE-Trade,2008-7-11,0.549424
HD,66181,QMLE-Trade,2008-7-14,0.456061
HD,66181,QMLE-Trade,2008-7-15,0.553221
HD,66181,QMLE-Trade,2008-7-16,0.449014
HD,66181,QMLE-Trade,2008-7-17,0.453306
HD,66181,QMLE-Trade,2008-7-18,0.501691
HD,66181,QMLE-Trade,2008-7-21,0.380794
HD,66181,QMLE-Trade,2008-7-22,0.42024
HD,66181,QMLE-Trade,2008-7-23,0.505084
HD,66181,QMLE-Trade,2008-7-24,0.497508
HD,66181,QMLE-Trade,2008-7-25,0.583471
HD,66181,QMLE-Trade,2008-7-28,0.449275
HD,66181,QMLE-Trade,2008-7-29,0.453469
HD,66181,QMLE-Trade,2008-7-30,0.465736
HD,66181,QMLE-Trade,2008-7-31,0.459921
HD,66181,QMLE-Trade,2008-8-1,0.533328
HD,66181,QMLE-Trade,2008-8-4,0.512725
HD,66181,QMLE-Trade,2008-8-5,0.413653
HD,66181,QMLE-Trade,2008-8-6,0.428721
HD,66181,QMLE-Trade,2008-8-7,0.439728
HD,66181,QMLE-Trade,2008-8-8,0.4442
HD,66181,QMLE-Trade,2008-8-11,0.443459
HD,66181,QMLE-Trade,2008-8-12,0.402854
HD,66181,QMLE-Trade,2008-8-13,0.414943
HD,66181,QMLE-Trade,2008-8-14,0.469577
HD,66181,QMLE-Trade,2008-8-15,0.380679
HD,66181,QMLE-Trade,2008-8-18,0.514517
HD,66181,QMLE-Trade,2008-8-19,0.478556
HD,66181,QMLE-Trade,2008-8-20,0.446024
HD,66181,QMLE-Trade,2008-8-21,0.361793
HD,66181,QMLE-Trade,2008-8-22,0.263845
HD,66181,QMLE-Trade,2008-8-25,0.324104
HD,66181,QMLE-Trade,2008-8-26,0.311823
HD,66181,QMLE-Trade,2008-8-27,0.264028
HD,66181,QMLE-Trade,2008-8-28,0.260646
HD,66181,QMLE-Trade,2008-8-29,0.255069
HD,66181,QMLE-Trade,2008-9-2,0.363887
HD,66181,QMLE-Trade,2008-9-3,0.380416
HD,66181,QMLE-Trade,2008-9-4,0.372541
HD,66181,QMLE-Trade,2008-9-5,0.312623
HD,66181,QMLE-Trade,2008-9-8,0.443112
HD,66181,QMLE-Trade,2008-9-9,0.463028
HD,66181,QMLE-Trade,2008-9-10,0.438457
HD,66181,QMLE-Trade,2008-9-11,0.471426
HD,66181,QMLE-Trade,2008-9-12,0.379241
HD,66181,QMLE-Trade,2008-9-15,0.586119
HD,66181,QMLE-Trade,2008-9-16,0.471892
HD,66181,QMLE-Trade,2008-9-17,0.540853
HD,66181,QMLE-Trade,2008-9-18,0.831805
HD,66181,QMLE-Trade,2008-9-19,1.08488
HD,66181,QMLE-Trade,2008-9-22,0.538516
HD,66181,QMLE-Trade,2008-9-23,0.495771
HD,66181,QMLE-Trade,2008-9-24,0.459128
HD,66181,QMLE-Trade,2008-9-25,0.43978
HD,66181,QMLE-Trade,2008-9-26,0.45354
HD,66181,QMLE-Trade,2008-9-29,0.825405
HD,66181,QMLE-Trade,2008-9-30,0.473542
HD,66181,QMLE-Trade,2008-10-1,0.507059
HD,66181,QMLE-Trade,2008-10-2,0.451942
HD,66181,QMLE-Trade,2008-10-3,0.597668
HD,66181,QMLE-Trade,2008-10-6,0.712173
HD,66181,QMLE-Trade,2008-10-7,0.884832
HD,66181,QMLE-Trade,2008-10-8,1.13927
HD,66181,QMLE-Trade,2008-10-9,0.908252
HD,66181,QMLE-Trade,2008-10-10,1.99105
HD,66181,QMLE-Trade,2008-10-13,0.842474
HD,66181,QMLE-Trade,2008-10-14,0.983797
HD,66181,QMLE-Trade,2008-10-15,0.69484
HD,66181,QMLE-Trade,2008-10-16,1.23457
HD,66181,QMLE-Trade,2008-10-17,0.892888
HD,66181,QMLE-Trade,2008-10-20,0.591699
HD,66181,QMLE-Trade,2008-10-21,0.63479
HD,66181,QMLE-Trade,2008-10-22,0.693398
HD,66181,QMLE-Trade,2008-10-23,0.966315
HD,66181,QMLE-Trade,2008-10-24,1.0462
HD,66181,QMLE-Trade,2008-10-27,0.816583
HD,66181,QMLE-Trade,2008-10-28,0.874733
HD,66181,QMLE-Trade,2008-10-29,0.912112
HD,66181,QMLE-Trade,2008-10-30,0.764853
HD,66181,QMLE-Trade,2008-10-31,0.693343
HD,66181,QMLE-Trade,2008-11-3,0.418703
HD,66181,QMLE-Trade,2008-11-4,0.451572
HD,66181,QMLE-Trade,2008-11-5,0.487574
HD,66181,QMLE-Trade,2008-11-6,0.853329
HD,66181,QMLE-Trade,2008-11-7,0.647065
HD,66181,QMLE-Trade,2008-11-10,0.59103
HD,66181,QMLE-Trade,2008-11-11,0.754034
HD,66181,QMLE-Trade,2008-11-12,0.629044
HD,66181,QMLE-Trade,2008-11-13,0.971132
HD,66181,QMLE-Trade,2008-11-14,1.02781
HD,66181,QMLE-Trade,2008-11-17,0.969192
HD,66181,QMLE-Trade,2008-11-18,0.986822
HD,66181,QMLE-Trade,2008-11-19,0.746419
HD,66181,QMLE-Trade,2008-11-20,0.989807
HD,66181,QMLE-Trade,2008-11-21,1.14265
HD,66181,QMLE-Trade,2008-11-24,0.785063
HD,66181,QMLE-Trade,2008-11-25,0.820401
HD,66181,QMLE-Trade,2008-11-26,0.634076
HD,66181,QMLE-Trade,2008-11-28,0.521994
HD,66181,QMLE-Trade,2008-12-1,0.706396
HD,66181,QMLE-Trade,2008-12-2,0.759671
HD,66181,QMLE-Trade,2008-12-3,0.80032
HD,66181,QMLE-Trade,2008-12-4,0.842768
HD,66181,QMLE-Trade,2008-12-5,0.830723
HD,66181,QMLE-Trade,2008-12-8,0.547405
HD,66181,QMLE-Trade,2008-12-9,0.680479
HD,66181,QMLE-Trade,2008-12-10,0.625649
HD,66181,QMLE-Trade,2008-12-11,0.596145
HD,66181,QMLE-Trade,2008-12-12,0.790331
HD,66181,QMLE-Trade,2008-12-15,0.565016
HD,66181,QMLE-Trade,2008-12-16,0.657583
HD,66181,QMLE-Trade,2008-12-17,0.505729
HD,66181,QMLE-Trade,2008-12-18,0.470117
HD,66181,QMLE-Trade,2008-12-19,0.572885
HD,66181,QMLE-Trade,2008-12-22,0.401837
HD,66181,QMLE-Trade,2008-12-23,0.435838
HD,66181,QMLE-Trade,2008-12-24,0.309054
HD,66181,QMLE-Trade,2008-12-26,0.304293
HD,66181,QMLE-Trade,2008-12-29,0.331794
HD,66181,QMLE-Trade,2008-12-30,0.310104
HD,66181,QMLE-Trade,2008-12-31,0.316886
HD,66181,QMLE-Trade,2009-1-2,0.357552
HD,66181,QMLE-Trade,2009-1-5,0.497529
HD,66181,QMLE-Trade,2009-1-6,0.404319
HD,66181,QMLE-Trade,2009-1-7,0.332832
HD,66181,QMLE-Trade,2009-1-8,0.403631
HD,66181,QMLE-Trade,2009-1-9,0.44325
HD,66181,QMLE-Trade,2009-1-12,0.337274
HD,66181,QMLE-Trade,2009-1-13,0.479953
HD,66181,QMLE-Trade,2009-1-14,0.400452
HD,66181,QMLE-Trade,2009-1-15,0.551029
HD,66181,QMLE-Trade,2009-1-16,0.514638
HD,66181,QMLE-Trade,2009-1-20,0.526486
HD,66181,QMLE-Trade,2009-1-21,0.485699
HD,66181,QMLE-Trade,2009-1-22,0.576549
HD,66181,QMLE-Trade,2009-1-23,0.567536
HD,66181,QMLE-Trade,2009-1-26,0.524056
HD,66181,QMLE-Trade,2009-1-27,0.4342
HD,66181,QMLE-Trade,2009-1-28,0.418454
HD,66181,QMLE-Trade,2009-1-29,0.42451
HD,66181,QMLE-Trade,2009-1-30,0.3885
HD,66181,QMLE-Trade,2009-2-2,0.448551
HD,66181,QMLE-Trade,2009-2-3,0.449122
HD,66181,QMLE-Trade,2009-2-4,0.469165
HD,66181,QMLE-Trade,2009-2-5,0.457572
HD,66181,QMLE-Trade,2009-2-6,0.409885
HD,66181,QMLE-Trade,2009-2-9,0.401746
HD,66181,QMLE-Trade,2009-2-10,0.528618
HD,66181,QMLE-Trade,2009-2-11,0.428349
HD,66181,QMLE-Trade,2009-2-12,0.467695
HD,66181,QMLE-Trade,2009-2-13,0.451781
HD,66181,QMLE-Trade,2009-2-17,0.529776
HD,66181,QMLE-Trade,2009-2-18,0.510299
HD,66181,QMLE-Trade,2009-2-19,0.404692
HD,66181,QMLE-Trade,2009-2-20,0.606828
HD,66181,QMLE-Trade,2009-2-23,0.589186
HD,66181,QMLE-Trade,2009-2-24,0.618219
HD,66181,QMLE-Trade,2009-2-25,0.541756
HD,66181,QMLE-Trade,2009-2-26,0.516295
HD,66181,QMLE-Trade,2009-2-27,0.595124
HD,66181,QMLE-Trade,2009-3-2,0.46934
HD,66181,QMLE-Trade,2009-3-3,0.589683
HD,66181,QMLE-Trade,2009-3-4,0.428755
HD,66181,QMLE-Trade,2009-3-5,0.459
HD,66181,QMLE-Trade,2009-3-6,0.521096
HD,66181,QMLE-Trade,2009-3-9,0.574652
HD,66181,QMLE-Trade,2009-3-10,0.457606
HD,66181,QMLE-Trade,2009-3-11,0.459078
HD,66181,QMLE-Trade,2009-3-12,0.493188
HD,66181,QMLE-Trade,2009-3-13,0.45287
HD,66181,QMLE-Trade,2009-3-16,0.377005
HD,66181,QMLE-Trade,2009-3-17,0.531813
HD,66181,QMLE-Trade,2009-3-18,0.564989
HD,66181,QMLE-Trade,2009-3-19,0.466221
HD,66181,QMLE-Trade,2009-3-20,0.457957
HD,66181,QMLE-Trade,2009-3-23,0.440615
HD,66181,QMLE-Trade,2009-3-24,0.426983
HD,66181,QMLE-Trade,2009-3-25,0.552158
HD,66181,QMLE-Trade,2009-3-26,0.481763
HD,66181,QMLE-Trade,2009-3-27,0.498758
HD,66181,QMLE-Trade,2009-3-30,0.411507
HD,66181,QMLE-Trade,2009-3-31,0.460062
HD,66181,QMLE-Trade,2009-4-1,0.443141
HD,66181,QMLE-Trade,2009-4-2,0.433582
HD,66181,QMLE-Trade,2009-4-3,0.360244
HD,66181,QMLE-Trade,2009-4-6,0.410511
HD,66181,QMLE-Trade,2009-4-7,0.281336
HD,66181,QMLE-Trade,2009-4-8,0.325132
HD,66181,QMLE-Trade,2009-4-9,0.290572
HD,66181,QMLE-Trade,2009-4-13,0.283154
HD,66181,QMLE-Trade,2009-4-14,0.340075
HD,66181,QMLE-Trade,2009-4-15,0.317059
HD,66181,QMLE-Trade,2009-4-16,0.314903
HD,66181,QMLE-Trade,2009-4-17,0.311174
HD,66181,QMLE-Trade,2009-4-20,0.319469
HD,66181,QMLE-Trade,2009-4-21,0.409242
HD,66181,QMLE-Trade,2009-4-22,0.42823
HD,66181,QMLE-Trade,2009-4-23,0.475536
HD,66181,QMLE-Trade,2009-4-24,0.462501
HD,66181,QMLE-Trade,2009-4-27,0.416539
HD,66181,QMLE-Trade,2009-4-28,0.411401
HD,66181,QMLE-Trade,2009-4-29,0.386079
HD,66181,QMLE-Trade,2009-4-30,0.417446
HD,66181,QMLE-Trade,2009-5-1,0.337369
HD,66181,QMLE-Trade,2009-5-4,0.35835
HD,66181,QMLE-Trade,2009-5-5,0.347478
HD,66181,QMLE-Trade,2009-5-6,0.430988
HD,66181,QMLE-Trade,2009-5-7,0.381982
HD,66181,QMLE-Trade,2009-5-8,0.357955
HD,66181,QMLE-Trade,2009-5-11,0.311581
HD,66181,QMLE-Trade,2009-5-12,0.285492
HD,66181,QMLE-Trade,2009-5-13,0.343228
HD,66181,QMLE-Trade,2009-5-14,0.31564
HD,66181,QMLE-Trade,2009-5-15,0.342225
HD,66181,QMLE-Trade,2009-5-18,0.46103
HD,66181,QMLE-Trade,2009-5-19,0.453989
HD,66181,QMLE-Trade,2009-5-20,0.501045
HD,66181,QMLE-Trade,2009-5-21,0.369298
HD,66181,QMLE-Trade,2009-5-22,0.403215
HD,66181,QMLE-Trade,2009-5-26,0.395918
HD,66181,QMLE-Trade,2009-5-27,0.44022
HD,66181,QMLE-Trade,2009-5-28,0.377993
HD,66181,QMLE-Trade,2009-5-29,0.362858
HD,66181,QMLE-Trade,2009-6-1,0.32024
HD,66181,QMLE-Trade,2009-6-2,0.344178
HD,66181,QMLE-Trade,2009-6-3,0.34399
HD,66181,QMLE-Trade,2009-6-4,0.332587
HD,66181,QMLE-Trade,2009-6-5,0.371198
HD,66181,QMLE-Trade,2009-6-8,0.32352
HD,66181,QMLE-Trade,2009-6-9,0.333039
HD,66181,QMLE-Trade,2009-6-10,0.373618
HD,66181,QMLE-Trade,2009-6-11,0.372487
HD,66181,QMLE-Trade,2009-6-12,0.295797
HD,66181,QMLE-Trade,2009-6-15,0.290722
HD,66181,QMLE-Trade,2009-6-16,0.317584
HD,66181,QMLE-Trade,2009-6-17,0.383243
HD,66181,QMLE-Trade,2009-6-18,0.310117
HD,66181,QMLE-Trade,2009-6-19,0.234951
HD,66181,QMLE-Trade,2009-6-22,0.316466
HD,66181,QMLE-Trade,2009-6-23,0.301875
HD,66181,QMLE-Trade,2009-6-24,0.344523
HD,66181,QMLE-Trade,2009-6-25,0.369287
HD,66181,QMLE-Trade,2009-6-26,0.319413
HD,66181,QMLE-Trade,2009-6-29,0.268124
HD,66181,QMLE-Trade,2009-6-30,0.288375
HD,66181,QMLE-Trade,2009-7-1,0.294499
HD,66181,QMLE-Trade,2009-7-2,0.237857
HD,66181,QMLE-Trade,2009-7-6,0.286002
HD,66181,QMLE-Trade,2009-7-7,0.276518
HD,66181,QMLE-Trade,2009-7-8,0.299921
HD,66181,QMLE-Trade,2009-7-9,0.31827
HD,66181,QMLE-Trade,2009-7-10,0.325358
HD,66181,QMLE-Trade,2009-7-13,0.317912
HD,66181,QMLE-Trade,2009-7-14,0.290005
HD,66181,QMLE-Trade,2009-7-15,0.225715
HD,66181,QMLE-Trade,2009-7-16,0.249341
HD,66181,QMLE-Trade,2009-7-17,0.221187
HD,66181,QMLE-Trade,2009-7-20,0.233731
HD,66181,QMLE-Trade,2009-7-21,0.288648
HD,66181,QMLE-Trade,2009-7-22,0.276979
HD,66181,QMLE-Trade,2009-7-23,0.262547
HD,66181,QMLE-Trade,2009-7-24,0.275609
HD,66181,QMLE-Trade,2009-7-27,0.30355
HD,66181,QMLE-Trade,2009-7-28,0.235861
HD,66181,QMLE-Trade,2009-7-29,0.228037
HD,66181,QMLE-Trade,2009-7-30,0.236298
HD,66181,QMLE-Trade,2009-7-31,0.223022
HD,66181,QMLE-Trade,2009-8-3,0.285214
HD,66181,QMLE-Trade,2009-8-4,0.205341
HD,66181,QMLE-Trade,2009-8-5,0.236836
HD,66181,QMLE-Trade,2009-8-6,0.246355
HD,66181,QMLE-Trade,2009-8-7,0.26777
HD,66181,QMLE-Trade,2009-8-10,0.21812
HD,66181,QMLE-Trade,2009-8-11,0.216252
HD,66181,QMLE-Trade,2009-8-12,0.289904
HD,66181,QMLE-Trade,2009-8-13,0.323472
HD,66181,QMLE-Trade,2009-8-14,0.294788
HD,66181,QMLE-Trade,2009-8-17,0.42313
HD,66181,QMLE-Trade,2009-8-18,0.346066
HD,66181,QMLE-Trade,2009-8-19,0.271702
HD,66181,QMLE-Trade,2009-8-20,0.234433
HD,66181,QMLE-Trade,2009-8-21,0.237166
HD,66181,QMLE-Trade,2009-8-24,0.224616
HD,66181,QMLE-Trade,2009-8-25,0.248516
HD,66181,QMLE-Trade,2009-8-26,0.300297
HD,66181,QMLE-Trade,2009-8-27,0.231102
HD,66181,QMLE-Trade,2009-8-28,0.265016
HD,66181,QMLE-Trade,2009-8-31,0.243195
HD,66181,QMLE-Trade,2009-9-1,0.313587
HD,66181,QMLE-Trade,2009-9-2,0.23143
HD,66181,QMLE-Trade,2009-9-3,0.19528
HD,66181,QMLE-Trade,2009-9-4,0.201983
HD,66181,QMLE-Trade,2009-9-8,0.197834
HD,66181,QMLE-Trade,2009-9-9,0.160725
HD,66181,QMLE-Trade,2009-9-10,0.18741
HD,66181,QMLE-Trade,2009-9-11,0.208358
HD,66181,QMLE-Trade,2009-9-14,0.146534
HD,66181,QMLE-Trade,2009-9-15,0.19994
HD,66181,QMLE-Trade,2009-9-16,0.184645
HD,66181,QMLE-Trade,2009-9-17,0.213016
HD,66181,QMLE-Trade,2009-9-18,0.200547
HD,66181,QMLE-Trade,2009-9-21,0.20142
HD,66181,QMLE-Trade,2009-9-22,0.208126
HD,66181,QMLE-Trade,2009-9-23,0.18858
HD,66181,QMLE-Trade,2009-9-24,0.225824
HD,66181,QMLE-Trade,2009-9-25,0.205241
HD,66181,QMLE-Trade,2009-9-28,0.165449
HD,66181,QMLE-Trade,2009-9-29,0.226468
HD,66181,QMLE-Trade,2009-9-30,0.253187
HD,66181,QMLE-Trade,2009-10-1,0.237281
HD,66181,QMLE-Trade,2009-10-2,0.216992
HD,66181,QMLE-Trade,2009-10-5,0.189878
HD,66181,QMLE-Trade,2009-10-6,0.176536
HD,66181,QMLE-Trade,2009-10-7,0.174844
HD,66181,QMLE-Trade,2009-10-8,0.189168
HD,66181,QMLE-Trade,2009-10-9,0.1677
HD,66181,QMLE-Trade,2009-10-12,0.172993
HD,66181,QMLE-Trade,2009-10-13,0.19998
HD,66181,QMLE-Trade,2009-10-14,0.191956
HD,66181,QMLE-Trade,2009-10-15,0.177201
HD,66181,QMLE-Trade,2009-10-16,0.195783
HD,66181,QMLE-Trade,2009-10-19,0.149178
HD,66181,QMLE-Trade,2009-10-20,0.213791
HD,66181,QMLE-Trade,2009-10-21,0.234613
HD,66181,QMLE-Trade,2009-10-22,0.229887
HD,66181,QMLE-Trade,2009-10-23,0.261231
HD,66181,QMLE-Trade,2009-10-26,0.278294
HD,66181,QMLE-Trade,2009-10-27,0.251028
HD,66181,QMLE-Trade,2009-10-28,0.24763
HD,66181,QMLE-Trade,2009-10-29,0.234011
HD,66181,QMLE-Trade,2009-10-30,0.337714
HD,66181,QMLE-Trade,2009-11-2,0.361516
HD,66181,QMLE-Trade,2009-11-3,0.335713
HD,66181,QMLE-Trade,2009-11-4,0.31977
HD,66181,QMLE-Trade,2009-11-5,0.238257
HD,66181,QMLE-Trade,2009-11-6,0.259173
HD,66181,QMLE-Trade,2009-11-9,0.172776
HD,66181,QMLE-Trade,2009-11-10,0.240951
HD,66181,QMLE-Trade,2009-11-11,0.283444
HD,66181,QMLE-Trade,2009-11-12,0.24044
HD,66181,QMLE-Trade,2009-11-13,0.27261
HD,66181,QMLE-Trade,2009-11-16,0.223303
HD,66181,QMLE-Trade,2009-11-17,0.337006
HD,66181,QMLE-Trade,2009-11-18,0.181297
HD,66181,QMLE-Trade,2009-11-19,0.200135
HD,66181,QMLE-Trade,2009-11-20,0.174829
HD,66181,QMLE-Trade,2009-11-23,0.188924
HD,66181,QMLE-Trade,2009-11-24,0.185878
HD,66181,QMLE-Trade,2009-11-25,0.12026
HD,66181,QMLE-Trade,2009-11-27,0.250967
HD,66181,QMLE-Trade,2009-11-30,0.206572
HD,66181,QMLE-Trade,2009-12-1,0.207354
HD,66181,QMLE-Trade,2009-12-2,0.209078
HD,66181,QMLE-Trade,2009-12-3,0.200365
HD,66181,QMLE-Trade,2009-12-4,0.206738
HD,66181,QMLE-Trade,2009-12-7,0.142931
HD,66181,QMLE-Trade,2009-12-8,0.192713
HD,66181,QMLE-Trade,2009-12-9,0.164384
HD,66181,QMLE-Trade,2009-12-10,0.179679
HD,66181,QMLE-Trade,2009-12-11,0.142395
HD,66181,QMLE-Trade,2009-12-14,0.157028
HD,66181,QMLE-Trade,2009-12-15,0.153055
HD,66181,QMLE-Trade,2009-12-16,0.161669
HD,66181,QMLE-Trade,2009-12-17,0.17857
HD,66181,QMLE-Trade,2009-12-18,0.17888
HD,66181,QMLE-Trade,2009-12-21,0.165932
HD,66181,QMLE-Trade,2009-12-22,0.189917
HD,66181,QMLE-Trade,2009-12-23,0.145824
HD,66181,QMLE-Trade,2009-12-24,0.149406
HD,66181,QMLE-Trade,2009-12-28,0.118935
HD,66181,QMLE-Trade,2009-12-29,0.106231
HD,66181,QMLE-Trade,2009-12-30,0.120762
HD,66181,QMLE-Trade,2009-12-31,0.132643
HD,66181,QMLE-Trade,2010-1-4,0.167223
HD,66181,QMLE-Trade,2010-1-5,0.152867
HD,66181,QMLE-Trade,2010-1-6,0.184356
HD,66181,QMLE-Trade,2010-1-7,0.182354
HD,66181,QMLE-Trade,2010-1-8,0.232936
HD,66181,QMLE-Trade,2010-1-11,0.182672
HD,66181,QMLE-Trade,2010-1-12,0.181097
HD,66181,QMLE-Trade,2010-1-13,0.180753
HD,66181,QMLE-Trade,2010-1-14,0.154518
HD,66181,QMLE-Trade,2010-1-15,0.189838
HD,66181,QMLE-Trade,2010-1-19,0.169065
HD,66181,QMLE-Trade,2010-1-20,0.199669
HD,66181,QMLE-Trade,2010-1-21,0.240857
HD,66181,QMLE-Trade,2010-1-22,0.263387
HD,66181,QMLE-Trade,2010-1-25,0.221337
HD,66181,QMLE-Trade,2010-1-26,0.18631
HD,66181,QMLE-Trade,2010-1-27,0.275901
HD,66181,QMLE-Trade,2010-1-28,0.243435
HD,66181,QMLE-Trade,2010-1-29,0.258085
HD,66181,QMLE-Trade,2010-2-1,0.208978
HD,66181,QMLE-Trade,2010-2-2,0.187134
HD,66181,QMLE-Trade,2010-2-3,0.206665
HD,66181,QMLE-Trade,2010-2-4,0.235585
HD,66181,QMLE-Trade,2010-2-5,0.264453
HD,66181,QMLE-Trade,2010-2-8,0.206455
HD,66181,QMLE-Trade,2010-2-9,0.251474
HD,66181,QMLE-Trade,2010-2-10,0.232171
HD,66181,QMLE-Trade,2010-2-11,0.219555
HD,66181,QMLE-Trade,2010-2-12,0.23799
HD,66181,QMLE-Trade,2010-2-16,0.169845
HD,66181,QMLE-Trade,2010-2-17,0.15583
HD,66181,QMLE-Trade,2010-2-18,0.151217
HD,66181,QMLE-Trade,2010-2-19,0.201385
HD,66181,QMLE-Trade,2010-2-22,0.190666
HD,66181,QMLE-Trade,2010-2-23,0.270219
HD,66181,QMLE-Trade,2010-2-24,0.21405
HD,66181,QMLE-Trade,2010-2-25,0.188291
HD,66181,QMLE-Trade,2010-2-26,0.214464
HD,66181,QMLE-Trade,2010-3-1,0.148087
HD,66181,QMLE-Trade,2010-3-2,0.129707
HD,66181,QMLE-Trade,2010-3-3,0.162622
HD,66181,QMLE-Trade,2010-3-4,0.149925
HD,66181,QMLE-Trade,2010-3-5,0.139543
HD,66181,QMLE-Trade,2010-3-8,0.112297
HD,66181,QMLE-Trade,2010-3-9,0.148682
HD,66181,QMLE-Trade,2010-3-10,0.159283
HD,66181,QMLE-Trade,2010-3-11,0.131884
HD,66181,QMLE-Trade,2010-3-12,0.148794
HD,66181,QMLE-Trade,2010-3-15,0.15675
HD,66181,QMLE-Trade,2010-3-16,0.180619
HD,66181,QMLE-Trade,2010-3-17,0.158868
HD,66181,QMLE-Trade,2010-3-18,0.141529
HD,66181,QMLE-Trade,2010-3-19,0.141997
HD,66181,QMLE-Trade,2010-3-22,0.159523
HD,66181,QMLE-Trade,2010-3-23,0.176698
HD,66181,QMLE-Trade,2010-3-24,0.173555
HD,66181,QMLE-Trade,2010-3-25,0.161689
HD,66181,QMLE-Trade,2010-3-26,0.174115
HD,66181,QMLE-Trade,2010-3-29,0.154636
HD,66181,QMLE-Trade,2010-3-30,0.153978
HD,66181,QMLE-Trade,2010-3-31,0.155427
HD,66181,QMLE-Trade,2010-4-1,0.160921
HD,66181,QMLE-Trade,2010-4-5,0.135995
HD,66181,QMLE-Trade,2010-4-6,0.109303
HD,66181,QMLE-Trade,2010-4-7,0.169568
HD,66181,QMLE-Trade,2010-4-8,0.178976
HD,66181,QMLE-Trade,2010-4-9,0.170147
HD,66181,QMLE-Trade,2010-4-12,0.115102
HD,66181,QMLE-Trade,2010-4-13,0.237225
HD,66181,QMLE-Trade,2010-4-14,0.141216
HD,66181,QMLE-Trade,2010-4-15,0.129284
HD,66181,QMLE-Trade,2010-4-16,0.150204
HD,66181,QMLE-Trade,2010-4-19,0.212713
HD,66181,QMLE-Trade,2010-4-20,0.182374
HD,66181,QMLE-Trade,2010-4-21,0.155296
HD,66181,QMLE-Trade,2010-4-22,0.190007
HD,66181,QMLE-Trade,2010-4-23,0.168234
HD,66181,QMLE-Trade,2010-4-26,0.163031
HD,66181,QMLE-Trade,2010-4-27,0.220127
HD,66181,QMLE-Trade,2010-4-28,0.249284
HD,66181,QMLE-Trade,2010-4-29,0.184398
HD,66181,QMLE-Trade,2010-4-30,0.23626
HD,66181,QMLE-Trade,2010-5-3,0.178199
HD,66181,QMLE-Trade,2010-5-4,0.256206
HD,66181,QMLE-Trade,2010-5-5,0.243447
HD,66181,QMLE-Trade,2010-5-6,0.697081
HD,66181,QMLE-Trade,2010-5-7,0.546041
HD,66181,QMLE-Trade,2010-5-10,0.288738
HD,66181,QMLE-Trade,2010-5-11,0.243673
HD,66181,QMLE-Trade,2010-5-12,0.202695
HD,66181,QMLE-Trade,2010-5-13,0.194622
HD,66181,QMLE-Trade,2010-5-14,0.28287
HD,66181,QMLE-Trade,2010-5-17,0.320935
HD,66181,QMLE-Trade,2010-5-18,0.520189
HD,66181,QMLE-Trade,2010-5-19,0.346527
HD,66181,QMLE-Trade,2010-5-20,0.345987
HD,66181,QMLE-Trade,2010-5-21,0.40061
HD,66181,QMLE-Trade,2010-5-24,0.245422
HD,66181,QMLE-Trade,2010-5-25,0.300289
HD,66181,QMLE-Trade,2010-5-26,0.308092
HD,66181,QMLE-Trade,2010-5-27,0.258512
HD,66181,QMLE-Trade,2010-5-28,0.255497
HD,66181,QMLE-Trade,2010-6-1,0.271805
HD,66181,QMLE-Trade,2010-6-2,0.198925
HD,66181,QMLE-Trade,2010-6-3,0.211873
HD,66181,QMLE-Trade,2010-6-4,0.256016
HD,66181,QMLE-Trade,2010-6-7,0.272854
HD,66181,QMLE-Trade,2010-6-8,0.308176
HD,66181,QMLE-Trade,2010-6-9,0.280908
HD,66181,QMLE-Trade,2010-6-10,0.235536
HD,66181,QMLE-Trade,2010-6-11,0.210347
HD,66181,QMLE-Trade,2010-6-14,0.213874
HD,66181,QMLE-Trade,2010-6-15,0.224837
HD,66181,QMLE-Trade,2010-6-16,0.18076
HD,66181,QMLE-Trade,2010-6-17,0.253427
HD,66181,QMLE-Trade,2010-6-18,0.174892
HD,66181,QMLE-Trade,2010-6-21,0.217804
HD,66181,QMLE-Trade,2010-6-22,0.253429
HD,66181,QMLE-Trade,2010-6-23,0.288804
HD,66181,QMLE-Trade,2010-6-24,0.272871
HD,66181,QMLE-Trade,2010-6-25,0.243053
HD,66181,QMLE-Trade,2010-6-28,0.23803
HD,66181,QMLE-Trade,2010-6-29,0.329505
HD,66181,QMLE-Trade,2010-6-30,0.270099
HD,66181,QMLE-Trade,2010-7-1,0.358574
HD,66181,QMLE-Trade,2010-7-2,0.247489
HD,66181,QMLE-Trade,2010-7-6,0.302652
HD,66181,QMLE-Trade,2010-7-7,0.276179
HD,66181,QMLE-Trade,2010-7-8,0.254018
HD,66181,QMLE-Trade,2010-7-9,0.21033
HD,66181,QMLE-Trade,2010-7-12,0.209646
HD,66181,QMLE-Trade,2010-7-13,0.227216
HD,66181,QMLE-Trade,2010-7-14,0.244004
HD,66181,QMLE-Trade,2010-7-15,0.24866
HD,66181,QMLE-Trade,2010-7-16,0.265205
HD,66181,QMLE-Trade,2010-7-19,0.231815
HD,66181,QMLE-Trade,2010-7-20,0.299317
HD,66181,QMLE-Trade,2010-7-21,0.310073
HD,66181,QMLE-Trade,2010-7-22,0.248908
HD,66181,QMLE-Trade,2010-7-23,0.289552
HD,66181,QMLE-Trade,2010-7-26,0.23504
HD,66181,QMLE-Trade,2010-7-27,0.280431
HD,66181,QMLE-Trade,2010-7-28,0.219493
HD,66181,QMLE-Trade,2010-7-29,0.261788
HD,66181,QMLE-Trade,2010-7-30,0.280026
HD,66181,QMLE-Trade,2010-8-2,0.255157
HD,66181,QMLE-Trade,2010-8-3,0.228717
HD,66181,QMLE-Trade,2010-8-4,0.216941
HD,66181,QMLE-Trade,2010-8-5,0.19603
HD,66181,QMLE-Trade,2010-8-6,0.258274
HD,66181,QMLE-Trade,2010-8-9,0.170023
HD,66181,QMLE-Trade,2010-8-10,0.246945
HD,66181,QMLE-Trade,2010-8-11,0.204467
HD,66181,QMLE-Trade,2010-8-12,0.263555
HD,66181,QMLE-Trade,2010-8-13,0.20662
HD,66181,QMLE-Trade,2010-8-16,0.309562
HD,66181,QMLE-Trade,2010-8-17,0.31115
HD,66181,QMLE-Trade,2010-8-18,0.249293
HD,66181,QMLE-Trade,2010-8-19,0.250882
HD,66181,QMLE-Trade,2010-8-20,0.193981
HD,66181,QMLE-Trade,2010-8-23,0.220902
HD,66181,QMLE-Trade,2010-8-24,0.289059
HD,66181,QMLE-Trade,2010-8-25,0.272129
HD,66181,QMLE-Trade,2010-8-26,0.206214
HD,66181,QMLE-Trade,2010-8-27,0.226692
HD,66181,QMLE-Trade,2010-8-30,0.193636
HD,66181,QMLE-Trade,2010-8-31,0.251174
HD,66181,QMLE-Trade,2010-9-1,0.196749
HD,66181,QMLE-Trade,2010-9-2,0.206892
HD,66181,QMLE-Trade,2010-9-3,0.218723
HD,66181,QMLE-Trade,2010-9-7,0.188325
HD,66181,QMLE-Trade,2010-9-8,0.190242
HD,66181,QMLE-Trade,2010-9-9,0.195041
HD,66181,QMLE-Trade,2010-9-10,0.17234
HD,66181,QMLE-Trade,2010-9-13,0.15399
HD,66181,QMLE-Trade,2010-9-14,0.168195
HD,66181,QMLE-Trade,2010-9-15,0.179773
HD,66181,QMLE-Trade,2010-9-16,0.165412
HD,66181,QMLE-Trade,2010-9-17,0.174492
HD,66181,QMLE-Trade,2010-9-20,0.186039
HD,66181,QMLE-Trade,2010-9-21,0.194293
HD,66181,QMLE-Trade,2010-9-22,0.209411
HD,66181,QMLE-Trade,2010-9-23,0.208783
HD,66181,QMLE-Trade,2010-9-24,0.169067
HD,66181,QMLE-Trade,2010-9-27,0.152886
HD,66181,QMLE-Trade,2010-9-28,0.216794
HD,66181,QMLE-Trade,2010-9-29,0.168642
HD,66181,QMLE-Trade,2010-9-30,0.236197
HD,66181,QMLE-Trade,2010-10-1,0.18773
HD,66181,QMLE-Trade,2010-10-4,0.169247
HD,66181,QMLE-Trade,2010-10-5,0.219986
HD,66181,QMLE-Trade,2010-10-6,0.137945
HD,66181,QMLE-Trade,2010-10-7,0.221081
HD,66181,QMLE-Trade,2010-10-8,0.179278
HD,66181,QMLE-Trade,2010-10-11,0.158413
HD,66181,QMLE-Trade,2010-10-12,0.175977
HD,66181,QMLE-Trade,2010-10-13,0.203373
HD,66181,QMLE-Trade,2010-10-14,0.2143
HD,66181,QMLE-Trade,2010-10-15,0.21909
HD,66181,QMLE-Trade,2010-10-18,0.156485
HD,66181,QMLE-Trade,2010-10-19,0.213112
HD,66181,QMLE-Trade,2010-10-20,0.200508
HD,66181,QMLE-Trade,2010-10-21,0.256356
HD,66181,QMLE-Trade,2010-10-22,0.180727
HD,66181,QMLE-Trade,2010-10-25,0.189057
HD,66181,QMLE-Trade,2010-10-26,0.19289
HD,66181,QMLE-Trade,2010-10-27,0.200348
HD,66181,QMLE-Trade,2010-10-28,0.168262
HD,66181,QMLE-Trade,2010-10-29,0.157254
HD,66181,QMLE-Trade,2010-11-1,0.193712
HD,66181,QMLE-Trade,2010-11-2,0.198965
HD,66181,QMLE-Trade,2010-11-3,0.271547
HD,66181,QMLE-Trade,2010-11-4,0.158663
HD,66181,QMLE-Trade,2010-11-5,0.15199
HD,66181,QMLE-Trade,2010-11-8,0.169898
HD,66181,QMLE-Trade,2010-11-9,0.157095
HD,66181,QMLE-Trade,2010-11-10,0.166837
HD,66181,QMLE-Trade,2010-11-11,0.190874
HD,66181,QMLE-Trade,2010-11-12,0.185934
HD,66181,QMLE-Trade,2010-11-15,0.216482
HD,66181,QMLE-Trade,2010-11-16,0.372731
HD,66181,QMLE-Trade,2010-11-17,0.183545
HD,66181,QMLE-Trade,2010-11-18,0.134636
HD,66181,QMLE-Trade,2010-11-19,0.110374
HD,66181,QMLE-Trade,2010-11-22,0.146694
HD,66181,QMLE-Trade,2010-11-23,0.142228
HD,66181,QMLE-Trade,2010-11-24,0.128051
HD,66181,QMLE-Trade,2010-11-26,0.16095
HD,66181,QMLE-Trade,2010-11-29,0.160238
HD,66181,QMLE-Trade,2010-11-30,0.189859
HD,66181,QMLE-Trade,2010-12-1,0.170348
HD,66181,QMLE-Trade,2010-12-2,0.238155
HD,66181,QMLE-Trade,2010-12-3,0.189749
HD,66181,QMLE-Trade,2010-12-6,0.114992
HD,66181,QMLE-Trade,2010-12-7,0.156377
HD,66181,QMLE-Trade,2010-12-8,0.214543
HD,66181,QMLE-Trade,2010-12-9,0.217787
HD,66181,QMLE-Trade,2010-12-10,0.133734
HD,66181,QMLE-Trade,2010-12-13,0.130855
HD,66181,QMLE-Trade,2010-12-14,0.139346
HD,66181,QMLE-Trade,2010-12-15,0.144454
HD,66181,QMLE-Trade,2010-12-16,0.149277
HD,66181,QMLE-Trade,2010-12-17,0.107506
HD,66181,QMLE-Trade,2010-12-20,0.101463
HD,66181,QMLE-Trade,2010-12-21,0.110943
HD,66181,QMLE-Trade,2010-12-22,0.118681
HD,66181,QMLE-Trade,2010-12-23,0.114393
HD,66181,QMLE-Trade,2010-12-27,0.124924
HD,66181,QMLE-Trade,2010-12-28,0.109415
HD,66181,QMLE-Trade,2010-12-29,0.0972759
HD,66181,QMLE-Trade,2010-12-30,0.0957057
HD,66181,QMLE-Trade,2010-12-31,0.111388
HD,66181,QMLE-Trade,2011-1-3,0.119404
HD,66181,QMLE-Trade,2011-1-4,0.196935
HD,66181,QMLE-Trade,2011-1-5,0.139437
HD,66181,QMLE-Trade,2011-1-6,0.145468
HD,66181,QMLE-Trade,2011-1-7,0.148614
HD,66181,QMLE-Trade,2011-1-10,0.156181
HD,66181,QMLE-Trade,2011-1-11,0.160931
HD,66181,QMLE-Trade,2011-1-12,0.129214
HD,66181,QMLE-Trade,2011-1-13,0.109447
HD,66181,QMLE-Trade,2011-1-14,0.154908
HD,66181,QMLE-Trade,2011-1-18,0.117914
HD,66181,QMLE-Trade,2011-1-19,0.145973
HD,66181,QMLE-Trade,2011-1-20,0.209007
HD,66181,QMLE-Trade,2011-1-21,0.155369
HD,66181,QMLE-Trade,2011-1-24,0.122788
HD,66181,QMLE-Trade,2011-1-25,0.15426
HD,66181,QMLE-Trade,2011-1-26,0.215729
HD,66181,QMLE-Trade,2011-1-27,0.169688
HD,66181,QMLE-Trade,2011-1-28,0.225774
HD,66181,QMLE-Trade,2011-1-31,0.200172
HD,66181,QMLE-Trade,2011-2-1,0.193998
HD,66181,QMLE-Trade,2011-2-2,0.170763
HD,66181,QMLE-Trade,2011-2-3,0.201467
HD,66181,QMLE-Trade,2011-2-4,0.197808
HD,66181,QMLE-Trade,2011-2-7,0.133477
HD,66181,QMLE-Trade,2011-2-8,0.157363
HD,66181,QMLE-Trade,2011-2-9,0.123617
HD,66181,QMLE-Trade,2011-2-10,0.17822
HD,66181,QMLE-Trade,2011-2-11,0.183743
HD,66181,QMLE-Trade,2011-2-14,0.116654
HD,66181,QMLE-Trade,2011-2-15,0.203924
HD,66181,QMLE-Trade,2011-2-16,0.178345
HD,66181,QMLE-Trade,2011-2-17,0.162872
HD,66181,QMLE-Trade,2011-2-18,0.178076
HD,66181,QMLE-Trade,2011-2-22,0.434284
HD,66181,QMLE-Trade,2011-2-23,0.308231
HD,66181,QMLE-Trade,2011-2-24,0.277609
HD,66181,QMLE-Trade,2011-2-25,0.186395
HD,66181,QMLE-Trade,2011-2-28,0.171688
HD,66181,QMLE-Trade,2011-3-1,0.301728
HD,66181,QMLE-Trade,2011-3-2,0.242526
HD,66181,QMLE-Trade,2011-3-3,0.178359
HD,66181,QMLE-Trade,2011-3-4,0.213033
HD,66181,QMLE-Trade,2011-3-7,0.21271
HD,66181,QMLE-Trade,2011-3-8,0.20886
HD,66181,QMLE-Trade,2011-3-9,0.206642
HD,66181,QMLE-Trade,2011-3-10,0.218752
HD,66181,QMLE-Trade,2011-3-11,0.21039
HD,66181,QMLE-Trade,2011-3-14,0.180714
HD,66181,QMLE-Trade,2011-3-15,0.256577
HD,66181,QMLE-Trade,2011-3-16,0.275396
HD,66181,QMLE-Trade,2011-3-17,0.21005
HD,66181,QMLE-Trade,2011-3-18,0.192712
HD,66181,QMLE-Trade,2011-3-21,0.156694
HD,66181,QMLE-Trade,2011-3-22,0.152875
HD,66181,QMLE-Trade,2011-3-23,0.188579
HD,66181,QMLE-Trade,2011-3-24,0.17575
HD,66181,QMLE-Trade,2011-3-25,0.164778
HD,66181,QMLE-Trade,2011-3-28,0.165304
HD,66181,QMLE-Trade,2011-3-29,0.208147
HD,66181,QMLE-Trade,2011-3-30,0.184655
HD,66181,QMLE-Trade,2011-3-31,0.194401
HD,66181,QMLE-Trade,2011-4-1,0.158403
HD,66181,QMLE-Trade,2011-4-4,0.191432
HD,66181,QMLE-Trade,2011-4-5,0.193025
HD,66181,QMLE-Trade,2011-4-6,0.164005
HD,66181,QMLE-Trade,2011-4-7,0.217548
HD,66181,QMLE-Trade,2011-4-8,0.209405
HD,66181,QMLE-Trade,2011-4-11,0.187895
HD,66181,QMLE-Trade,2011-4-12,0.213162
HD,66181,QMLE-Trade,2011-4-13,0.18124
HD,66181,QMLE-Trade,2011-4-14,0.148633
HD,66181,QMLE-Trade,2011-4-15,0.190211
HD,66181,QMLE-Trade,2011-4-18,0.209832
HD,66181,QMLE-Trade,2011-4-19,0.16266
HD,66181,QMLE-Trade,2011-4-20,0.138961
HD,66181,QMLE-Trade,2011-4-21,0.139114
HD,66181,QMLE-Trade,2011-4-25,0.136205
HD,66181,QMLE-Trade,2011-4-26,0.182042
HD,66181,QMLE-Trade,2011-4-27,0.186733
HD,66181,QMLE-Trade,2011-4-28,0.178563
HD,66181,QMLE-Trade,2011-4-29,0.153886
HD,66181,QMLE-Trade,2011-5-2,0.155659
HD,66181,QMLE-Trade,2011-5-3,0.1724
HD,66181,QMLE-Trade,2011-5-4,0.182538
HD,66181,QMLE-Trade,2011-5-5,0.181442
HD,66181,QMLE-Trade,2011-5-6,0.171096
HD,66181,QMLE-Trade,2011-5-9,0.149961
HD,66181,QMLE-Trade,2011-5-10,0.114834
HD,66181,QMLE-Trade,2011-5-11,0.164442
HD,66181,QMLE-Trade,2011-5-12,0.177127
HD,66181,QMLE-Trade,2011-5-13,0.161968
HD,66181,QMLE-Trade,2011-5-16,0.224205
HD,66181,QMLE-Trade,2011-5-17,0.28493
HD,66181,QMLE-Trade,2011-5-18,0.149598
HD,66181,QMLE-Trade,2011-5-19,0.134875
HD,66181,QMLE-Trade,2011-5-20,0.13481
HD,66181,QMLE-Trade,2011-5-23,0.157835
HD,66181,QMLE-Trade,2011-5-24,0.141727
HD,66181,QMLE-Trade,2011-5-25,0.142669
HD,66181,QMLE-Trade,2011-5-26,0.136202
HD,66181,QMLE-Trade,2011-5-27,0.15313
HD,66181,QMLE-Trade,2011-5-31,0.09738
HD,66181,QMLE-Trade,2011-6-1,0.135593
HD,66181,QMLE-Trade,2011-6-2,0.214752
HD,66181,QMLE-Trade,2011-6-3,0.181716
HD,66181,QMLE-Trade,2011-6-6,0.143326
HD,66181,QMLE-Trade,2011-6-7,0.160952
HD,66181,QMLE-Trade,2011-6-8,0.141727
HD,66181,QMLE-Trade,2011-6-9,0.142627
HD,66181,QMLE-Trade,2011-6-10,0.192623
HD,66181,QMLE-Trade,2011-6-13,0.180604
HD,66181,QMLE-Trade,2011-6-14,0.174512
HD,66181,QMLE-Trade,2011-6-15,0.229575
HD,66181,QMLE-Trade,2011-6-16,0.212828
HD,66181,QMLE-Trade,2011-6-17,0.19946
HD,66181,QMLE-Trade,2011-6-20,0.167366
HD,66181,QMLE-Trade,2011-6-21,0.180942
HD,66181,QMLE-Trade,2011-6-22,0.179675
HD,66181,QMLE-Trade,2011-6-23,0.276546
HD,66181,QMLE-Trade,2011-6-24,0.189975
HD,66181,QMLE-Trade,2011-6-27,0.191269
HD,66181,QMLE-Trade,2011-6-28,0.180461
HD,66181,QMLE-Trade,2011-6-29,0.233158
HD,66181,QMLE-Trade,2011-6-30,0.139344
HD,66181,QMLE-Trade,2011-7-1,0.173124
HD,66181,QMLE-Trade,2011-7-5,0.160298
HD,66181,QMLE-Trade,2011-7-6,0.165868
HD,66181,QMLE-Trade,2011-7-7,0.157801
HD,66181,QMLE-Trade,2011-7-8,0.152444
HD,66181,QMLE-Trade,2011-7-11,0.199632
HD,66181,QMLE-Trade,2011-7-12,0.203338
HD,66181,QMLE-Trade,2011-7-13,0.19559
HD,66181,QMLE-Trade,2011-7-14,0.199289
HD,66181,QMLE-Trade,2011-7-15,0.201484
HD,66181,QMLE-Trade,2011-7-18,0.181455
HD,66181,QMLE-Trade,2011-7-19,0.166838
HD,66181,QMLE-Trade,2011-7-20,0.167387
HD,66181,QMLE-Trade,2011-7-21,0.200518
HD,66181,QMLE-Trade,2011-7-22,0.15062
HD,66181,QMLE-Trade,2011-7-25,0.169945
HD,66181,QMLE-Trade,2011-7-26,0.19126
HD,66181,QMLE-Trade,2011-7-27,0.183497
HD,66181,QMLE-Trade,2011-7-28,0.19194
HD,66181,QMLE-Trade,2011-7-29,0.24644
HD,66181,QMLE-Trade,2011-8-1,0.241117
HD,66181,QMLE-Trade,2011-8-2,0.239159
HD,66181,QMLE-Trade,2011-8-3,0.279036
HD,66181,QMLE-Trade,2011-8-4,0.315092
HD,66181,QMLE-Trade,2011-8-5,0.391133
HD,66181,QMLE-Trade,2011-8-8,0.419912
HD,66181,QMLE-Trade,2011-8-9,0.549366
HD,66181,QMLE-Trade,2011-8-10,0.524465
HD,66181,QMLE-Trade,2011-8-11,0.456305
HD,66181,QMLE-Trade,2011-8-12,0.3453
HD,66181,QMLE-Trade,2011-8-15,0.27266
HD,66181,QMLE-Trade,2011-8-16,0.405778
HD,66181,QMLE-Trade,2011-8-17,0.27863
HD,66181,QMLE-Trade,2011-8-18,0.35489
HD,66181,QMLE-Trade,2011-8-19,0.300667
HD,66181,QMLE-Trade,2011-8-22,0.308667
HD,66181,QMLE-Trade,2011-8-23,0.267897
HD,66181,QMLE-Trade,2011-8-24,0.262092
HD,66181,QMLE-Trade,2011-8-25,0.334938
HD,66181,QMLE-Trade,2011-8-26,0.29687
HD,66181,QMLE-Trade,2011-8-29,0.16605
HD,66181,QMLE-Trade,2011-8-30,0.227724
HD,66181,QMLE-Trade,2011-8-31,0.181996
HD,66181,QMLE-Trade,2011-9-1,0.234794
HD,66181,QMLE-Trade,2011-9-2,0.237517
HD,66181,QMLE-Trade,2011-9-6,0.282056
HD,66181,QMLE-Trade,2011-9-7,0.145293
HD,66181,QMLE-Trade,2011-9-8,0.232233
HD,66181,QMLE-Trade,2011-9-9,0.309417
HD,66181,QMLE-Trade,2011-9-12,0.307083
HD,66181,QMLE-Trade,2011-9-13,0.298831
HD,66181,QMLE-Trade,2011-9-14,0.288934
HD,66181,QMLE-Trade,2011-9-15,0.206077
HD,66181,QMLE-Trade,2011-9-16,0.200657
HD,66181,QMLE-Trade,2011-9-19,0.238699
HD,66181,QMLE-Trade,2011-9-20,0.201368
HD,66181,QMLE-Trade,2011-9-21,0.32031
HD,66181,QMLE-Trade,2011-9-22,0.416064
HD,66181,QMLE-Trade,2011-9-23,0.323294
HD,66181,QMLE-Trade,2011-9-26,0.301019
HD,66181,QMLE-Trade,2011-9-27,0.269768
HD,66181,QMLE-Trade,2011-9-28,0.260852
HD,66181,QMLE-Trade,2011-9-29,0.299755
HD,66181,QMLE-Trade,2011-9-30,0.329613
HD,66181,QMLE-Trade,2011-10-3,0.408078
HD,66181,QMLE-Trade,2011-10-4,0.425195
HD,66181,QMLE-Trade,2011-10-5,0.326254
HD,66181,QMLE-Trade,2011-10-6,0.292579
HD,66181,QMLE-Trade,2011-10-7,0.298948
HD,66181,QMLE-Trade,2011-10-10,0.185954
HD,66181,QMLE-Trade,2011-10-11,0.199089
HD,66181,QMLE-Trade,2011-10-12,0.165733
HD,66181,QMLE-Trade,2011-10-13,0.259925
HD,66181,QMLE-Trade,2011-10-14,0.181901
HD,66181,QMLE-Trade,2011-10-17,0.247293
HD,66181,QMLE-Trade,2011-10-18,0.286552
HD,66181,QMLE-Trade,2011-10-19,0.237825
HD,66181,QMLE-Trade,2011-10-20,0.251208
HD,66181,QMLE-Trade,2011-10-21,0.217173
HD,66181,QMLE-Trade,2011-10-24,0.18447
HD,66181,QMLE-Trade,2011-10-25,0.269928
HD,66181,QMLE-Trade,2011-10-26,0.273142
HD,66181,QMLE-Trade,2011-10-27,0.213488
HD,66181,QMLE-Trade,2011-10-28,0.212653
HD,66181,QMLE-Trade,2011-10-31,0.20281
HD,66181,QMLE-Trade,2011-11-1,0.345291
HD,66181,QMLE-Trade,2011-11-2,0.237029
HD,66181,QMLE-Trade,2011-11-3,0.225118
HD,66181,QMLE-Trade,2011-11-4,0.193491
HD,66181,QMLE-Trade,2011-11-7,0.238553
HD,66181,QMLE-Trade,2011-11-8,0.210106
HD,66181,QMLE-Trade,2011-11-9,0.248641
HD,66181,QMLE-Trade,2011-11-10,0.211846
HD,66181,QMLE-Trade,2011-11-11,0.165828
HD,66181,QMLE-Trade,2011-11-14,0.22703
HD,66181,QMLE-Trade,2011-11-15,0.305852
HD,66181,QMLE-Trade,2011-11-16,0.241788
HD,66181,QMLE-Trade,2011-11-17,0.246664
HD,66181,QMLE-Trade,2011-11-18,0.176587
HD,66181,QMLE-Trade,2011-11-21,0.226655
HD,66181,QMLE-Trade,2011-11-22,0.223616
HD,66181,QMLE-Trade,2011-11-23,0.205611
HD,66181,QMLE-Trade,2011-11-25,0.235513
HD,66181,QMLE-Trade,2011-11-28,0.183111
HD,66181,QMLE-Trade,2011-11-29,0.215401
HD,66181,QMLE-Trade,2011-11-30,0.247292
HD,66181,QMLE-Trade,2011-12-1,0.184691
HD,66181,QMLE-Trade,2011-12-2,0.187076
HD,66181,QMLE-Trade,2011-12-5,0.214832
HD,66181,QMLE-Trade,2011-12-6,0.163275
HD,66181,QMLE-Trade,2011-12-7,0.183356
HD,66181,QMLE-Trade,2011-12-8,0.211698
HD,66181,QMLE-Trade,2011-12-9,0.1602
HD,66181,QMLE-Trade,2011-12-12,0.170699
HD,66181,QMLE-Trade,2011-12-13,0.200254
HD,66181,QMLE-Trade,2011-12-14,0.220507
HD,66181,QMLE-Trade,2011-12-15,0.175891
HD,66181,QMLE-Trade,2011-12-16,0.154425
HD,66181,QMLE-Trade,2011-12-19,0.164136
HD,66181,QMLE-Trade,2011-12-20,0.197526
HD,66181,QMLE-Trade,2011-12-21,0.161095
HD,66181,QMLE-Trade,2011-12-22,0.171149
HD,66181,QMLE-Trade,2011-12-23,0.107834
HD,66181,QMLE-Trade,2011-12-27,0.131345
HD,66181,QMLE-Trade,2011-12-28,0.141723
HD,66181,QMLE-Trade,2011-12-29,0.13529
HD,66181,QMLE-Trade,2011-12-30,0.113616
HD,66181,QMLE-Trade,2012-1-3,0.175518
HD,66181,QMLE-Trade,2012-1-4,0.166445
HD,66181,QMLE-Trade,2012-1-5,0.181128
HD,66181,QMLE-Trade,2012-1-6,0.13096
HD,66181,QMLE-Trade,2012-1-9,0.157273
HD,66181,QMLE-Trade,2012-1-10,0.151014
HD,66181,QMLE-Trade,2012-1-11,0.151101
HD,66181,QMLE-Trade,2012-1-12,0.150186
HD,66181,QMLE-Trade,2012-1-13,0.186805
HD,66181,QMLE-Trade,2012-1-17,0.167186
HD,66181,QMLE-Trade,2012-1-18,0.149136
HD,66181,QMLE-Trade,2012-1-19,0.197565
HD,66181,QMLE-Trade,2012-1-20,0.182699
HD,66181,QMLE-Trade,2012-1-23,0.193756
HD,66181,QMLE-Trade,2012-1-24,0.170529
HD,66181,QMLE-Trade,2012-1-25,0.2088
HD,66181,QMLE-Trade,2012-1-26,0.199507
HD,66181,QMLE-Trade,2012-1-27,0.191254
HD,66181,QMLE-Trade,2012-1-30,0.185089
HD,66181,QMLE-Trade,2012-1-31,0.217688
HD,66181,QMLE-Trade,2012-2-1,0.16049
HD,66181,QMLE-Trade,2012-2-2,0.11921
HD,66181,QMLE-Trade,2012-2-3,0.0919157
HD,66181,QMLE-Trade,2012-2-6,0.106952
HD,66181,QMLE-Trade,2012-2-7,0.128119
HD,66181,QMLE-Trade,2012-2-8,0.125725
HD,66181,QMLE-Trade,2012-2-9,0.137683
HD,66181,QMLE-Trade,2012-2-10,0.111819
HD,66181,QMLE-Trade,2012-2-13,0.131079
HD,66181,QMLE-Trade,2012-2-14,0.118896
HD,66181,QMLE-Trade,2012-2-15,0.158404
HD,66181,QMLE-Trade,2012-2-16,0.146127
HD,66181,QMLE-Trade,2012-2-17,0.113844
HD,66181,QMLE-Trade,2012-2-21,0.260644
HD,66181,QMLE-Trade,2012-2-22,0.19185
HD,66181,QMLE-Trade,2012-2-23,0.122502
HD,66181,QMLE-Trade,2012-2-24,0.126571
HD,66181,QMLE-Trade,2012-2-27,0.147072
HD,66181,QMLE-Trade,2012-2-28,0.140575
HD,66181,QMLE-Trade,2012-2-29,0.155448
HD,66181,QMLE-Trade,2012-3-1,0.16952
HD,66181,QMLE-Trade,2012-3-2,0.122886
HD,66181,QMLE-Trade,2012-3-5,0.1317
HD,66181,QMLE-Trade,2012-3-6,0.12098
HD,66181,QMLE-Trade,2012-3-7,0.133057
HD,66181,QMLE-Trade,2012-3-8,0.127254
HD,66181,QMLE-Trade,2012-3-9,0.117163
HD,66181,QMLE-Trade,2012-3-12,0.100071
HD,66181,QMLE-Trade,2012-3-13,0.138205
HD,66181,QMLE-Trade,2012-3-14,0.119348
HD,66181,QMLE-Trade,2012-3-15,0.115638
HD,66181,QMLE-Trade,2012-3-16,0.120636
HD,66181,QMLE-Trade,2012-3-19,0.122513
HD,66181,QMLE-Trade,2012-3-20,0.11688
HD,66181,QMLE-Trade,2012-3-21,0.122832
HD,66181,QMLE-Trade,2012-3-22,0.128615
HD,66181,QMLE-Trade,2012-3-23,0.165186
HD,66181,QMLE-Trade,2012-3-26,0.10462
HD,66181,QMLE-Trade,2012-3-27,0.115529
HD,66181,QMLE-Trade,2012-3-28,0.144428
HD,66181,QMLE-Trade,2012-3-29,0.143721
HD,66181,QMLE-Trade,2012-3-30,0.118643
HD,66181,QMLE-Trade,2012-4-2,0.115286
HD,66181,QMLE-Trade,2012-4-3,0.133721
HD,66181,QMLE-Trade,2012-4-4,0.114799
HD,66181,QMLE-Trade,2012-4-5,0.140682
HD,66181,QMLE-Trade,2012-4-9,0.126426
HD,66181,QMLE-Trade,2012-4-10,0.171118
HD,66181,QMLE-Trade,2012-4-11,0.122079
HD,66181,QMLE-Trade,2012-4-12,0.11837
HD,66181,QMLE-Trade,2012-4-13,0.126709
HD,66181,QMLE-Trade,2012-4-16,0.209931
HD,66181,QMLE-Trade,2012-4-17,0.138692
HD,66181,QMLE-Trade,2012-4-18,0.096459
HD,66181,QMLE-Trade,2012-4-19,0.182052
HD,66181,QMLE-Trade,2012-4-20,0.152247
HD,66181,QMLE-Trade,2012-4-23,0.163333
HD,66181,QMLE-Trade,2012-4-24,0.159377
HD,66181,QMLE-Trade,2012-4-25,0.156069
HD,66181,QMLE-Trade,2012-4-26,0.137876
HD,66181,QMLE-Trade,2012-4-27,0.156521
HD,66181,QMLE-Trade,2012-4-30,0.129705
HD,66181,QMLE-Trade,2012-5-1,0.16568
HD,66181,QMLE-Trade,2012-5-2,0.161682
HD,66181,QMLE-Trade,2012-5-3,0.135215
HD,66181,QMLE-Trade,2012-5-4,0.17783
HD,66181,QMLE-Trade,2012-5-7,0.172281
HD,66181,QMLE-Trade,2012-5-8,0.296258
HD,66181,QMLE-Trade,2012-5-9,0.234789
HD,66181,QMLE-Trade,2012-5-10,0.1616
HD,66181,QMLE-Trade,2012-5-11,0.187473
HD,66181,QMLE-Trade,2012-5-14,0.213802
HD,66181,QMLE-Trade,2012-5-15,0.453415
HD,66181,QMLE-Trade,2012-5-16,0.201895
HD,66181,QMLE-Trade,2012-5-17,0.217916
HD,66181,QMLE-Trade,2012-5-18,0.25156
HD,66181,QMLE-Trade,2012-5-21,0.257494
HD,66181,QMLE-Trade,2012-5-22,0.201436
HD,66181,QMLE-Trade,2012-5-23,0.199045
HD,66181,QMLE-Trade,2012-5-24,0.192345
HD,66181,QMLE-Trade,2012-5-25,0.161051
HD,66181,QMLE-Trade,2012-5-29,0.189704
HD,66181,QMLE-Trade,2012-5-30,0.225503
HD,66181,QMLE-Trade,2012-5-31,0.198002
HD,66181,QMLE-Trade,2012-6-1,0.226962
HD,66181,QMLE-Trade,2012-6-4,0.246109
HD,66181,QMLE-Trade,2012-6-5,0.210685
HD,66181,QMLE-Trade,2012-6-6,0.168061
HD,66181,QMLE-Trade,2012-6-7,0.185182
HD,66181,QMLE-Trade,2012-6-8,0.138052
HD,66181,QMLE-Trade,2012-6-11,0.206668
HD,66181,QMLE-Trade,2012-6-12,0.194237
HD,66181,QMLE-Trade,2012-6-13,0.213533
HD,66181,QMLE-Trade,2012-6-14,0.211675
HD,66181,QMLE-Trade,2012-6-15,0.131332
HD,66181,QMLE-Trade,2012-6-18,0.143469
HD,66181,QMLE-Trade,2012-6-19,0.144831
HD,66181,QMLE-Trade,2012-6-20,0.205962
HD,66181,QMLE-Trade,2012-6-21,0.240381
HD,66181,QMLE-Trade,2012-6-22,0.180414
HD,66181,QMLE-Trade,2012-6-25,0.183534
HD,66181,QMLE-Trade,2012-6-26,0.195243
HD,66181,QMLE-Trade,2012-6-27,0.152197
HD,66181,QMLE-Trade,2012-6-28,0.192843
HD,66181,QMLE-Trade,2012-6-29,0.155283
HD,66181,QMLE-Trade,2012-7-2,0.175035
HD,66181,QMLE-Trade,2012-7-3,0.321906
HD,66181,QMLE-Trade,2012-7-5,0.148207
HD,66181,QMLE-Trade,2012-7-6,0.165909
HD,66181,QMLE-Trade,2012-7-9,0.132232
HD,66181,QMLE-Trade,2012-7-10,0.126818
HD,66181,QMLE-Trade,2012-7-11,0.170589
HD,66181,QMLE-Trade,2012-7-12,0.158424
HD,66181,QMLE-Trade,2012-7-13,0.138012
HD,66181,QMLE-Trade,2012-7-16,0.19005
HD,66181,QMLE-Trade,2012-7-17,0.176479
HD,66181,QMLE-Trade,2012-7-18,0.123265
HD,66181,QMLE-Trade,2012-7-19,0.172558
HD,66181,QMLE-Trade,2012-7-20,0.166227
HD,66181,QMLE-Trade,2012-7-23,0.163293
HD,66181,QMLE-Trade,2012-7-24,0.193756
HD,66181,QMLE-Trade,2012-7-25,0.173865
HD,66181,QMLE-Trade,2012-7-26,0.167722
HD,66181,QMLE-Trade,2012-7-27,0.185206
HD,66181,QMLE-Trade,2012-7-30,0.185647
HD,66181,QMLE-Trade,2012-7-31,0.181838
HD,66181,QMLE-Trade,2012-8-1,0.208571
HD,66181,QMLE-Trade,2012-8-2,0.225033
HD,66181,QMLE-Trade,2012-8-3,0.119347
HD,66181,QMLE-Trade,2012-8-6,0.14361
HD,66181,QMLE-Trade,2012-8-7,0.112841
HD,66181,QMLE-Trade,2012-8-8,0.147581
HD,66181,QMLE-Trade,2012-8-9,0.216266
HD,66181,QMLE-Trade,2012-8-10,0.138948
HD,66181,QMLE-Trade,2012-8-13,0.145964
HD,66181,QMLE-Trade,2012-8-14,0.237551
HD,66181,QMLE-Trade,2012-8-15,0.136244
HD,66181,QMLE-Trade,2012-8-16,0.103451
HD,66181,QMLE-Trade,2012-8-17,0.143997
HD,66181,QMLE-Trade,2012-8-20,0.131691
HD,66181,QMLE-Trade,2012-8-21,0.139297
HD,66181,QMLE-Trade,2012-8-22,0.172568
HD,66181,QMLE-Trade,2012-8-23,0.146168
HD,66181,QMLE-Trade,2012-8-24,0.141227
HD,66181,QMLE-Trade,2012-8-27,0.102705
HD,66181,QMLE-Trade,2012-8-28,0.148161
HD,66181,QMLE-Trade,2012-8-29,0.0942851
HD,66181,QMLE-Trade,2012-8-30,0.0957683
HD,66181,QMLE-Trade,2012-8-31,0.127398
HD,66181,QMLE-Trade,2012-9-4,0.101005
HD,66181,QMLE-Trade,2012-9-5,0.120048
HD,66181,QMLE-Trade,2012-9-6,0.138304
HD,66181,QMLE-Trade,2012-9-7,0.128138
HD,66181,QMLE-Trade,2012-9-10,0.115828
HD,66181,QMLE-Trade,2012-9-11,0.11708
HD,66181,QMLE-Trade,2012-9-12,0.119068
HD,66181,QMLE-Trade,2012-9-13,0.170054
HD,66181,QMLE-Trade,2012-9-14,0.163541
HD,66181,QMLE-Trade,2012-9-17,0.165332
HD,66181,QMLE-Trade,2012-9-18,0.145997
HD,66181,QMLE-Trade,2012-9-19,0.14335
HD,66181,QMLE-Trade,2012-9-20,0.127968
HD,66181,QMLE-Trade,2012-9-21,0.124187
HD,66181,QMLE-Trade,2012-9-24,0.120551
HD,66181,QMLE-Trade,2012-9-25,0.151132
HD,66181,QMLE-Trade,2012-9-26,0.148492
HD,66181,QMLE-Trade,2012-9-27,0.125553
HD,66181,QMLE-Trade,2012-9-28,0.141269
HD,66181,QMLE-Trade,2012-10-1,0.136344
HD,66181,QMLE-Trade,2012-10-2,0.133969
HD,66181,QMLE-Trade,2012-10-3,0.136968
HD,66181,QMLE-Trade,2012-10-4,0.164497
HD,66181,QMLE-Trade,2012-10-5,0.12457
HD,66181,QMLE-Trade,2012-10-8,0.134254
HD,66181,QMLE-Trade,2012-10-9,0.156515
HD,66181,QMLE-Trade,2012-10-10,0.199441
HD,66181,QMLE-Trade,2012-10-11,0.162835
HD,66181,QMLE-Trade,2012-10-12,0.171734
HD,66181,QMLE-Trade,2012-10-15,0.158434
HD,66181,QMLE-Trade,2012-10-16,0.135483
HD,66181,QMLE-Trade,2012-10-17,0.180109
HD,66181,QMLE-Trade,2012-10-18,0.164874
HD,66181,QMLE-Trade,2012-10-19,0.146788
HD,66181,QMLE-Trade,2012-10-22,0.126829
HD,66181,QMLE-Trade,2012-10-23,0.141384
HD,66181,QMLE-Trade,2012-10-24,0.168313
HD,66181,QMLE-Trade,2012-10-25,0.169196
HD,66181,QMLE-Trade,2012-10-26,0.173272
HD,66181,QMLE-Trade,2012-10-31,0.240194
HD,66181,QMLE-Trade,2012-11-1,0.131635
HD,66181,QMLE-Trade,2012-11-2,0.144105
HD,66181,QMLE-Trade,2012-11-5,0.136302
HD,66181,QMLE-Trade,2012-11-6,0.141497
HD,66181,QMLE-Trade,2012-11-7,0.204151
HD,66181,QMLE-Trade,2012-11-8,0.188857
HD,66181,QMLE-Trade,2012-11-9,0.187291
HD,66181,QMLE-Trade,2012-11-12,0.174357
HD,66181,QMLE-Trade,2012-11-13,0.320639
HD,66181,QMLE-Trade,2012-11-14,0.218909
HD,66181,QMLE-Trade,2012-11-15,0.203015
HD,66181,QMLE-Trade,2012-11-16,0.183328
HD,66181,QMLE-Trade,2012-11-19,0.190484
HD,66181,QMLE-Trade,2012-11-20,0.187371
HD,66181,QMLE-Trade,2012-11-21,0.129453
HD,66181,QMLE-Trade,2012-11-23,0.133718
HD,66181,QMLE-Trade,2012-11-26,0.150053
HD,66181,QMLE-Trade,2012-11-27,0.191453
HD,66181,QMLE-Trade,2012-11-28,0.218035
HD,66181,QMLE-Trade,2012-11-29,0.167143
HD,66181,QMLE-Trade,2012-11-30,0.121189
HD,66181,QMLE-Trade,2012-12-3,0.167506
HD,66181,QMLE-Trade,2012-12-4,0.155668
HD,66181,QMLE-Trade,2012-12-5,0.167218
HD,66181,QMLE-Trade,2012-12-6,0.151702
HD,66181,QMLE-Trade,2012-12-7,0.134636
HD,66181,QMLE-Trade,2012-12-10,0.10626
HD,66181,QMLE-Trade,2012-12-11,0.12171
HD,66181,QMLE-Trade,2012-12-12,0.156465
HD,66181,QMLE-Trade,2012-12-13,0.130964
HD,66181,QMLE-Trade,2012-12-14,0.116048
HD,66181,QMLE-Trade,2012-12-17,0.120326
HD,66181,QMLE-Trade,2012-12-18,0.101053
HD,66181,QMLE-Trade,2012-12-19,0.133191
HD,66181,QMLE-Trade,2012-12-20,0.141917
HD,66181,QMLE-Trade,2012-12-21,0.199083
HD,66181,QMLE-Trade,2012-12-24,0.113978
HD,66181,QMLE-Trade,2012-12-26,0.119782
HD,66181,QMLE-Trade,2012-12-27,0.203661
HD,66181,QMLE-Trade,2012-12-28,0.200334
HD,66181,QMLE-Trade,2012-12-31,0.225126
HD,66181,QMLE-Trade,2013-1-2,0.163886
HD,66181,QMLE-Trade,2013-1-3,0.171365
HD,66181,QMLE-Trade,2013-1-4,0.106707
HD,66181,QMLE-Trade,2013-1-7,0.122759
HD,66181,QMLE-Trade,2013-1-8,0.144216
HD,66181,QMLE-Trade,2013-1-9,0.118515
HD,66181,QMLE-Trade,2013-1-10,0.138588
HD,66181,QMLE-Trade,2013-1-11,0.115584
HD,66181,QMLE-Trade,2013-1-14,0.134881
HD,66181,QMLE-Trade,2013-1-15,0.115118
HD,66181,QMLE-Trade,2013-1-16,0.0881761
HD,66181,QMLE-Trade,2013-1-17,0.142059
HD,66181,QMLE-Trade,2013-1-18,0.0871056
HD,66181,QMLE-Trade,2013-1-22,0.104289
HD,66181,QMLE-Trade,2013-1-23,0.103789
HD,66181,QMLE-Trade,2013-1-24,0.129845
HD,66181,QMLE-Trade,2013-1-25,0.151578
HD,66181,QMLE-Trade,2013-1-28,0.123817
HD,66181,QMLE-Trade,2013-1-29,0.134311
HD,66181,QMLE-Trade,2013-1-30,0.117626
HD,66181,QMLE-Trade,2013-1-31,0.109134
HD,66181,QMLE-Trade,2013-2-1,0.135942
HD,66181,QMLE-Trade,2013-2-4,0.134023
HD,66181,QMLE-Trade,2013-2-5,0.117535
HD,66181,QMLE-Trade,2013-2-6,0.10106
HD,66181,QMLE-Trade,2013-2-7,0.139098
HD,66181,QMLE-Trade,2013-2-8,0.0996566
HD,66181,QMLE-Trade,2013-2-11,0.0916794
HD,66181,QMLE-Trade,2013-2-12,0.119238
HD,66181,QMLE-Trade,2013-2-13,0.11718
HD,66181,QMLE-Trade,2013-2-14,0.13565
HD,66181,QMLE-Trade,2013-2-15,0.159708
HD,66181,QMLE-Trade,2013-2-19,0.135868
HD,66181,QMLE-Trade,2013-2-20,0.163611
HD,66181,QMLE-Trade,2013-2-21,0.211895
HD,66181,QMLE-Trade,2013-2-22,0.205239
HD,66181,QMLE-Trade,2013-2-25,0.218052
HD,66181,QMLE-Trade,2013-2-26,0.330375
HD,66181,QMLE-Trade,2013-2-27,0.184749
HD,66181,QMLE-Trade,2013-2-28,0.162796
HD,66181,QMLE-Trade,2013-3-1,0.185324
HD,66181,QMLE-Trade,2013-3-4,0.141758
HD,66181,QMLE-Trade,2013-3-5,0.162537
HD,66181,QMLE-Trade,2013-3-6,0.126272
HD,66181,QMLE-Trade,2013-3-7,0.106208
HD,66181,QMLE-Trade,2013-3-8,0.125533
HD,66181,QMLE-Trade,2013-3-11,0.0945753
HD,66181,QMLE-Trade,2013-3-12,0.118463
HD,66181,QMLE-Trade,2013-3-13,0.127694
HD,66181,QMLE-Trade,2013-3-14,0.118403
HD,66181,QMLE-Trade,2013-3-15,0.118898
HD,66181,QMLE-Trade,2013-3-18,0.156962
HD,66181,QMLE-Trade,2013-3-19,0.168683
HD,66181,QMLE-Trade,2013-3-20,0.113907
HD,66181,QMLE-Trade,2013-3-21,0.147033
HD,66181,QMLE-Trade,2013-3-22,0.126221
HD,66181,QMLE-Trade,2013-3-25,0.149514
HD,66181,QMLE-Trade,2013-3-26,0.0999138
HD,66181,QMLE-Trade,2013-3-27,0.117215
HD,66181,QMLE-Trade,2013-3-28,0.129003
HD,66181,QMLE-Trade,2013-4-1,0.170178
HD,66181,QMLE-Trade,2013-4-2,0.16541
HD,66181,QMLE-Trade,2013-4-3,0.186681
HD,66181,QMLE-Trade,2013-4-4,0.136659
HD,66181,QMLE-Trade,2013-4-5,0.132993
HD,66181,QMLE-Trade,2013-4-8,0.138202
HD,66181,QMLE-Trade,2013-4-9,0.142368
HD,66181,QMLE-Trade,2013-4-10,0.152064
HD,66181,QMLE-Trade,2013-4-11,0.146484
HD,66181,QMLE-Trade,2013-4-12,0.197886
HD,66181,QMLE-Trade,2013-4-15,0.222334
HD,66181,QMLE-Trade,2013-4-16,0.133357
HD,66181,QMLE-Trade,2013-4-17,0.16896
HD,66181,QMLE-Trade,2013-4-18,0.159232
HD,66181,QMLE-Trade,2013-4-19,0.147977
HD,66181,QMLE-Trade,2013-4-22,0.168966
HD,66181,QMLE-Trade,2013-4-23,0.22261
HD,66181,QMLE-Trade,2013-4-24,0.130969
HD,66181,QMLE-Trade,2013-4-25,0.118595
HD,66181,QMLE-Trade,2013-4-26,0.119205
HD,66181,QMLE-Trade,2013-4-29,0.112774
HD,66181,QMLE-Trade,2013-4-30,0.111357
HD,66181,QMLE-Trade,2013-5-1,0.150383
HD,66181,QMLE-Trade,2013-5-2,0.095229
HD,66181,QMLE-Trade,2013-5-3,0.107754
HD,66181,QMLE-Trade,2013-5-6,0.128388
HD,66181,QMLE-Trade,2013-5-7,0.122868
HD,66181,QMLE-Trade,2013-5-8,0.102325
HD,66181,QMLE-Trade,2013-5-9,0.126332
HD,66181,QMLE-Trade,2013-5-10,0.122384
HD,66181,QMLE-Trade,2013-5-13,0.10363
HD,66181,QMLE-Trade,2013-5-14,0.1126
HD,66181,QMLE-Trade,2013-5-15,0.151478
HD,66181,QMLE-Trade,2013-5-16,0.147551
HD,66181,QMLE-Trade,2013-5-17,0.141293
HD,66181,QMLE-Trade,2013-5-20,0.106279
HD,66181,QMLE-Trade,2013-5-21,0.242933
HD,66181,QMLE-Trade,2013-5-22,0.265362
HD,66181,QMLE-Trade,2013-5-23,0.204065
HD,66181,QMLE-Trade,2013-5-24,0.157398
HD,66181,QMLE-Trade,2013-5-28,0.164536
HD,66181,QMLE-Trade,2013-5-29,0.169937
HD,66181,QMLE-Trade,2013-5-30,0.18216
HD,66181,QMLE-Trade,2013-5-31,0.18445
HD,66181,QMLE-Trade,2013-6-3,0.224058
HD,66181,QMLE-Trade,2013-6-4,0.207739
HD,66181,QMLE-Trade,2013-6-5,0.247586
HD,66181,QMLE-Trade,2013-6-6,0.198945
HD,66181,QMLE-Trade,2013-6-7,0.188658
HD,66181,QMLE-Trade,2013-6-10,0.206349
HD,66181,QMLE-Trade,2013-6-11,0.229854
HD,66181,QMLE-Trade,2013-6-12,0.182466
HD,66181,QMLE-Trade,2013-6-13,0.139719
HD,66181,QMLE-Trade,2013-6-14,0.154074
HD,66181,QMLE-Trade,2013-6-17,0.175163
HD,66181,QMLE-Trade,2013-6-18,0.150033
HD,66181,QMLE-Trade,2013-6-19,0.18854
HD,66181,QMLE-Trade,2013-6-20,0.218338
HD,66181,QMLE-Trade,2013-6-21,0.227106
HD,66181,QMLE-Trade,2013-6-24,0.234842
HD,66181,QMLE-Trade,2013-6-25,0.19678
HD,66181,QMLE-Trade,2013-6-26,0.180713
HD,66181,QMLE-Trade,2013-6-27,0.164778
HD,66181,QMLE-Trade,2013-6-28,0.170521
HD,66181,QMLE-Trade,2013-7-1,0.168962
HD,66181,QMLE-Trade,2013-7-2,0.180464
HD,66181,QMLE-Trade,2013-7-3,0.162023
HD,66181,QMLE-Trade,2013-7-5,0.161939
HD,66181,QMLE-Trade,2013-7-8,0.135684
HD,66181,QMLE-Trade,2013-7-9,0.138925
HD,66181,QMLE-Trade,2013-7-10,0.166771
HD,66181,QMLE-Trade,2013-7-11,0.144162
HD,66181,QMLE-Trade,2013-7-12,0.108662
HD,66181,QMLE-Trade,2013-7-15,0.114134
HD,66181,QMLE-Trade,2013-7-16,0.114926
HD,66181,QMLE-Trade,2013-7-17,0.112944
HD,66181,QMLE-Trade,2013-7-18,0.104556
HD,66181,QMLE-Trade,2013-7-19,0.124363
HD,66181,QMLE-Trade,2013-7-22,0.121401
HD,66181,QMLE-Trade,2013-7-23,0.102178
HD,66181,QMLE-Trade,2013-7-24,0.128135
HD,66181,QMLE-Trade,2013-7-25,0.162653
HD,66181,QMLE-Trade,2013-7-26,0.160882
HD,66181,QMLE-Trade,2013-7-29,0.10769
HD,66181,QMLE-Trade,2013-7-30,0.1113
HD,66181,QMLE-Trade,2013-7-31,0.143851
HD,66181,QMLE-Trade,2013-8-1,0.130629
HD,66181,QMLE-Trade,2013-8-2,0.132715
HD,66181,QMLE-Trade,2013-8-5,0.105402
HD,66181,QMLE-Trade,2013-8-6,0.145317
HD,66181,QMLE-Trade,2013-8-7,0.119386
HD,66181,QMLE-Trade,2013-8-8,0.115372
HD,66181,QMLE-Trade,2013-8-9,0.161077
HD,66181,QMLE-Trade,2013-8-12,0.127459
HD,66181,QMLE-Trade,2013-8-13,0.142654
HD,66181,QMLE-Trade,2013-8-14,0.177727
HD,66181,QMLE-Trade,2013-8-15,0.205665
HD,66181,QMLE-Trade,2013-8-16,0.179923
HD,66181,QMLE-Trade,2013-8-19,0.19039
HD,66181,QMLE-Trade,2013-8-20,0.368244
HD,66181,QMLE-Trade,2013-8-21,0.244224
HD,66181,QMLE-Trade,2013-8-22,0.155831
HD,66181,QMLE-Trade,2013-8-23,0.167744
HD,66181,QMLE-Trade,2013-8-26,0.172686
HD,66181,QMLE-Trade,2013-8-27,0.178435
HD,66181,QMLE-Trade,2013-8-28,0.176594
HD,66181,QMLE-Trade,2013-8-29,0.130461
HD,66181,QMLE-Trade,2013-8-30,0.130493
HD,66181,QMLE-Trade,2013-9-3,0.16649
HD,66181,QMLE-Trade,2013-9-4,0.105442
HD,66181,QMLE-Trade,2013-9-5,0.123707
HD,66181,QMLE-Trade,2013-9-6,0.207892
HD,66181,QMLE-Trade,2013-9-9,0.140714
HD,66181,QMLE-Trade,2013-9-10,0.14561
HD,66181,QMLE-Trade,2013-9-11,0.146517
HD,66181,QMLE-Trade,2013-9-12,0.137511
HD,66181,QMLE-Trade,2013-9-13,0.116151
HD,66181,QMLE-Trade,2013-9-16,0.14878
HD,66181,QMLE-Trade,2013-9-17,0.120761
HD,66181,QMLE-Trade,2013-9-18,0.19345
HD,66181,QMLE-Trade,2013-9-19,0.158347
HD,66181,QMLE-Trade,2013-9-20,0.157302
HD,66181,QMLE-Trade,2013-9-23,0.200106
HD,66181,QMLE-Trade,2013-9-24,0.140957
HD,66181,QMLE-Trade,2013-9-25,0.177975
HD,66181,QMLE-Trade,2013-9-26,0.151746
HD,66181,QMLE-Trade,2013-9-27,0.135769
HD,66181,QMLE-Trade,2013-9-30,0.127704
HD,66181,QMLE-Trade,2013-10-1,0.123083
HD,66181,QMLE-Trade,2013-10-2,0.140607
HD,66181,QMLE-Trade,2013-10-3,0.174209
HD,66181,QMLE-Trade,2013-10-4,0.137258
HD,66181,QMLE-Trade,2013-10-7,0.141933
HD,66181,QMLE-Trade,2013-10-8,0.139939
HD,66181,QMLE-Trade,2013-10-9,0.15067
HD,66181,QMLE-Trade,2013-10-10,0.127455
HD,66181,QMLE-Trade,2013-10-11,0.115359
HD,66181,QMLE-Trade,2013-10-14,0.127047
HD,66181,QMLE-Trade,2013-10-15,0.164757
HD,66181,QMLE-Trade,2013-10-16,0.15701
HD,66181,QMLE-Trade,2013-10-17,0.106917
HD,66181,QMLE-Trade,2013-10-18,0.19021
HD,66181,QMLE-Trade,2013-10-21,0.127361
HD,66181,QMLE-Trade,2013-10-22,0.114099
HD,66181,QMLE-Trade,2013-10-23,0.14933
HD,66181,QMLE-Trade,2013-10-24,0.126505
HD,66181,QMLE-Trade,2013-10-25,0.105766
HD,66181,QMLE-Trade,2013-10-28,0.130483
HD,66181,QMLE-Trade,2013-10-29,0.128909
HD,66181,QMLE-Trade,2013-10-30,0.172702
HD,66181,QMLE-Trade,2013-10-31,0.137916
HD,66181,QMLE-Trade,2013-11-1,0.136531
HD,66181,QMLE-Trade,2013-11-4,0.0951305
HD,66181,QMLE-Trade,2013-11-5,0.118489
HD,66181,QMLE-Trade,2013-11-6,0.133998
HD,66181,QMLE-Trade,2013-11-7,0.152004
HD,66181,QMLE-Trade,2013-11-8,0.15178
HD,66181,QMLE-Trade,2013-11-11,0.119743
HD,66181,QMLE-Trade,2013-11-12,0.178481
HD,66181,QMLE-Trade,2013-11-13,0.136236
HD,66181,QMLE-Trade,2013-11-14,0.155235
HD,66181,QMLE-Trade,2013-11-15,0.114815
HD,66181,QMLE-Trade,2013-11-18,0.134331
HD,66181,QMLE-Trade,2013-11-19,0.262587
HD,66181,QMLE-Trade,2013-11-20,0.154519
HD,66181,QMLE-Trade,2013-11-21,0.128932
HD,66181,QMLE-Trade,2013-11-22,0.136159
HD,66181,QMLE-Trade,2013-11-25,0.0953489
HD,66181,QMLE-Trade,2013-11-26,0.125796
HD,66181,QMLE-Trade,2013-11-27,0.119842
HD,66181,QMLE-Trade,2013-11-29,0.141829
HD,66181,QMLE-Trade,2013-12-2,0.164246
HD,66181,QMLE-Trade,2013-12-3,0.134338
HD,66181,QMLE-Trade,2013-12-4,0.167323
HD,66181,QMLE-Trade,2013-12-5,0.137972
HD,66181,QMLE-Trade,2013-12-6,0.131539
HD,66181,QMLE-Trade,2013-12-9,0.13092
HD,66181,QMLE-Trade,2013-12-10,0.151353
HD,66181,QMLE-Trade,2013-12-11,0.160088
HD,66181,QMLE-Trade,2013-12-12,0.149804
HD,66181,QMLE-Trade,2013-12-13,0.145819
HD,66181,QMLE-Trade,2013-12-16,0.166939
HD,66181,QMLE-Trade,2013-12-17,0.100656
HD,66181,QMLE-Trade,2013-12-18,0.187809
HD,66181,QMLE-Trade,2013-12-19,0.136923
HD,66181,QMLE-Trade,2013-12-20,0.119595
HD,66181,QMLE-Trade,2013-12-23,0.106683
HD,66181,QMLE-Trade,2013-12-24,0.119579
HD,66181,QMLE-Trade,2013-12-26,0.130422
HD,66181,QMLE-Trade,2013-12-27,0.134975
HD,66181,QMLE-Trade,2013-12-30,0.0971461
HD,66181,QMLE-Trade,2013-12-31,0.106366
HD,66181,QMLE-Trade,2014-1-2,0.148558
HD,66181,QMLE-Trade,2014-1-3,0.137639
HD,66181,QMLE-Trade,2014-1-6,0.147183
HD,66181,QMLE-Trade,2014-1-7,0.105855
HD,66181,QMLE-Trade,2014-1-8,0.140818
HD,66181,QMLE-Trade,2014-1-9,0.134196
HD,66181,QMLE-Trade,2014-1-10,0.125707
HD,66181,QMLE-Trade,2014-1-13,0.137047
HD,66181,QMLE-Trade,2014-1-14,0.12984
HD,66181,QMLE-Trade,2014-1-15,0.153279
HD,66181,QMLE-Trade,2014-1-16,0.128668
HD,66181,QMLE-Trade,2014-1-17,0.135885
HD,66181,QMLE-Trade,2014-1-21,0.147041
HD,66181,QMLE-Trade,2014-1-22,0.146902
HD,66181,QMLE-Trade,2014-1-23,0.179598
HD,66181,QMLE-Trade,2014-1-24,0.173959
HD,66181,QMLE-Trade,2014-1-27,0.162105
HD,66181,QMLE-Trade,2014-1-28,0.165289
HD,66181,QMLE-Trade,2014-1-29,0.222847
HD,66181,QMLE-Trade,2014-1-30,0.196338
HD,66181,QMLE-Trade,2014-1-31,0.174589
HD,66181,QMLE-Trade,2014-2-3,0.211057
HD,66181,QMLE-Trade,2014-2-4,0.192126
HD,66181,QMLE-Trade,2014-2-5,0.192743
HD,66181,QMLE-Trade,2014-2-6,0.136128
HD,66181,QMLE-Trade,2014-2-7,0.170671
HD,66181,QMLE-Trade,2014-2-10,0.137553
HD,66181,QMLE-Trade,2014-2-11,0.110365
HD,66181,QMLE-Trade,2014-2-12,0.103677
HD,66181,QMLE-Trade,2014-2-13,0.114442
HD,66181,QMLE-Trade,2014-2-14,0.095324
HD,66181,QMLE-Trade,2014-2-18,0.139114
HD,66181,QMLE-Trade,2014-2-19,0.116211
HD,66181,QMLE-Trade,2014-2-20,0.127672
HD,66181,QMLE-Trade,2014-2-21,0.122789
HD,66181,QMLE-Trade,2014-2-24,0.120162
HD,66181,QMLE-Trade,2014-2-25,0.215887
HD,66181,QMLE-Trade,2014-2-26,0.198866
HD,66181,QMLE-Trade,2014-2-27,0.165573
HD,66181,QMLE-Trade,2014-2-28,0.156174
HD,66181,QMLE-Trade,2014-3-3,0.190874
HD,66181,QMLE-Trade,2014-3-4,0.1113
HD,66181,QMLE-Trade,2014-3-5,0.0988911
HD,66181,QMLE-Trade,2014-3-6,0.11466
HD,66181,QMLE-Trade,2014-3-7,0.110865
HD,66181,QMLE-Trade,2014-3-10,0.099696
HD,66181,QMLE-Trade,2014-3-11,0.103032
HD,66181,QMLE-Trade,2014-3-12,0.11785
HD,66181,QMLE-Trade,2014-3-13,0.140021
HD,66181,QMLE-Trade,2014-3-14,0.157028
HD,66181,QMLE-Trade,2014-3-17,0.122772
HD,66181,QMLE-Trade,2014-3-18,0.100633
HD,66181,QMLE-Trade,2014-3-19,0.149009
HD,66181,QMLE-Trade,2014-3-20,0.100775
HD,66181,QMLE-Trade,2014-3-21,0.184623
HD,66181,QMLE-Trade,2014-3-24,0.154572
HD,66181,QMLE-Trade,2014-3-25,0.113939
HD,66181,QMLE-Trade,2014-3-26,0.124781
HD,66181,QMLE-Trade,2014-3-27,0.136537
HD,66181,QMLE-Trade,2014-3-28,0.12575
HD,66181,QMLE-Trade,2014-3-31,0.093873
HD,66181,QMLE-Trade,2014-4-1,0.0993645
HD,66181,QMLE-Trade,2014-4-2,0.126324
HD,66181,QMLE-Trade,2014-4-3,0.088468
HD,66181,QMLE-Trade,2014-4-4,0.14959
HD,66181,QMLE-Trade,2014-4-7,0.138372
HD,66181,QMLE-Trade,2014-4-8,0.150038
HD,66181,QMLE-Trade,2014-4-9,0.14641
HD,66181,QMLE-Trade,2014-4-10,0.172571
HD,66181,QMLE-Trade,2014-4-11,0.155134
HD,66181,QMLE-Trade,2014-4-14,0.164919
HD,66181,QMLE-Trade,2014-4-15,0.201262
HD,66181,QMLE-Trade,2014-4-16,0.142881
HD,66181,QMLE-Trade,2014-4-17,0.151062
HD,66181,QMLE-Trade,2014-4-21,0.141053
HD,66181,QMLE-Trade,2014-4-22,0.162027
HD,66181,QMLE-Trade,2014-4-23,0.170834
HD,66181,QMLE-Trade,2014-4-24,0.125588
HD,66181,QMLE-Trade,2014-4-25,0.132791
HD,66181,QMLE-Trade,2014-4-28,0.218959
HD,66181,QMLE-Trade,2014-4-29,0.150163
HD,66181,QMLE-Trade,2014-4-30,0.164384
HD,66181,QMLE-Trade,2014-5-1,0.10138
HD,66181,QMLE-Trade,2014-5-2,0.125498
HD,66181,QMLE-Trade,2014-5-5,0.123034
HD,66181,QMLE-Trade,2014-5-6,0.114515
HD,66181,QMLE-Trade,2014-5-7,0.158448
HD,66181,QMLE-Trade,2014-5-8,0.142034
HD,66181,QMLE-Trade,2014-5-9,0.128236
HD,66181,QMLE-Trade,2014-5-12,0.109067
HD,66181,QMLE-Trade,2014-5-13,0.118858
HD,66181,QMLE-Trade,2014-5-14,0.111884
HD,66181,QMLE-Trade,2014-5-15,0.176062
HD,66181,QMLE-Trade,2014-5-16,0.131408
HD,66181,QMLE-Trade,2014-5-19,0.122446
HD,66181,QMLE-Trade,2014-5-20,0.245649
HD,66181,QMLE-Trade,2014-5-21,0.155248
HD,66181,QMLE-Trade,2014-5-22,0.124973
HD,66181,QMLE-Trade,2014-5-23,0.112122
HD,66181,QMLE-Trade,2014-5-27,0.0985006
HD,66181,QMLE-Trade,2014-5-28,0.105422
HD,66181,QMLE-Trade,2014-5-29,0.0762683
HD,66181,QMLE-Trade,2014-5-30,0.0734811
HD,66181,QMLE-Trade,2014-6-2,0.0754497
HD,66181,QMLE-Trade,2014-6-3,0.0816948
HD,66181,QMLE-Trade,2014-6-4,0.0926219
HD,66181,QMLE-Trade,2014-6-5,0.102408
HD,66181,QMLE-Trade,2014-6-6,0.099942
HD,66181,QMLE-Trade,2014-6-9,0.103965
HD,66181,QMLE-Trade,2014-6-10,0.0825448
HD,66181,QMLE-Trade,2014-6-11,0.0926389
HD,66181,QMLE-Trade,2014-6-12,0.124046
HD,66181,QMLE-Trade,2014-6-13,0.108535
HD,66181,QMLE-Trade,2014-6-16,0.105174
HD,66181,QMLE-Trade,2014-6-17,0.129701
HD,66181,QMLE-Trade,2014-6-18,0.126846
HD,66181,QMLE-Trade,2014-6-19,0.110486
HD,66181,QMLE-Trade,2014-6-20,0.104765
HD,66181,QMLE-Trade,2014-6-23,0.112762
HD,66181,QMLE-Trade,2014-6-24,0.120791
HD,66181,QMLE-Trade,2014-6-25,0.12276
HD,66181,QMLE-Trade,2014-6-26,0.149041
HD,66181,QMLE-Trade,2014-6-27,0.103232
HD,66181,QMLE-Trade,2014-6-30,0.121993
HD,66181,QMLE-Trade,2014-7-1,0.113452
HD,66181,QMLE-Trade,2014-7-2,0.100232
HD,66181,QMLE-Trade,2014-7-3,0.119857
HD,66181,QMLE-Trade,2014-7-7,0.109366
HD,66181,QMLE-Trade,2014-7-8,0.120779
HD,66181,QMLE-Trade,2014-7-9,0.1575
HD,66181,QMLE-Trade,2014-7-10,0.175318
HD,66181,QMLE-Trade,2014-7-11,0.118425
HD,66181,QMLE-Trade,2014-7-14,0.0989085
HD,66181,QMLE-Trade,2014-7-15,0.128316
HD,66181,QMLE-Trade,2014-7-16,0.112756
HD,66181,QMLE-Trade,2014-7-17,0.130376
HD,66181,QMLE-Trade,2014-7-18,0.0882512
HD,66181,QMLE-Trade,2014-7-21,0.0713397
HD,66181,QMLE-Trade,2014-7-22,0.0842357
HD,66181,QMLE-Trade,2014-7-23,0.0791104
HD,66181,QMLE-Trade,2014-7-24,0.11987
HD,66181,QMLE-Trade,2014-7-25,0.0901141
HD,66181,QMLE-Trade,2014-7-28,0.109783
HD,66181,QMLE-Trade,2014-7-29,0.117492
HD,66181,QMLE-Trade,2014-7-30,0.130372
HD,66181,QMLE-Trade,2014-7-31,0.125933
HD,66181,QMLE-Trade,2014-8-1,0.112562
HD,66181,QMLE-Trade,2014-8-4,0.0942638
HD,66181,QMLE-Trade,2014-8-5,0.133653
HD,66181,QMLE-Trade,2014-8-6,0.115656
HD,66181,QMLE-Trade,2014-8-7,0.136252
HD,66181,QMLE-Trade,2014-8-8,0.138455
HD,66181,QMLE-Trade,2014-8-11,0.109716
HD,66181,QMLE-Trade,2014-8-12,0.122947
HD,66181,QMLE-Trade,2014-8-13,0.0862468
HD,66181,QMLE-Trade,2014-8-14,0.101892
HD,66181,QMLE-Trade,2014-8-15,0.131665
HD,66181,QMLE-Trade,2014-8-18,0.137206
HD,66181,QMLE-Trade,2014-8-19,0.218723
HD,66181,QMLE-Trade,2014-8-20,0.192946
HD,66181,QMLE-Trade,2014-8-21,0.143453
HD,66181,QMLE-Trade,2014-8-22,0.115084
HD,66181,QMLE-Trade,2014-8-25,0.104378
HD,66181,QMLE-Trade,2014-8-26,0.0890937
HD,66181,QMLE-Trade,2014-8-27,0.0835413
HD,66181,QMLE-Trade,2014-8-28,0.121939
HD,66181,QMLE-Trade,2014-8-29,0.114131
HD,66181,QMLE-Trade,2014-9-2,0.309854
HD,66181,QMLE-Trade,2014-9-3,0.181939
HD,66181,QMLE-Trade,2014-9-4,0.148393
HD,66181,QMLE-Trade,2014-9-5,0.135909
HD,66181,QMLE-Trade,2014-9-8,0.132225
HD,66181,QMLE-Trade,2014-9-9,0.158812
HD,66181,QMLE-Trade,2014-9-10,0.141258
HD,66181,QMLE-Trade,2014-9-11,0.0989053
HD,66181,QMLE-Trade,2014-9-12,0.146759
HD,66181,QMLE-Trade,2014-9-15,0.128609
HD,66181,QMLE-Trade,2014-9-16,0.147714
HD,66181,QMLE-Trade,2014-9-17,0.148917
HD,66181,QMLE-Trade,2014-9-18,0.127055
HD,66181,QMLE-Trade,2014-9-19,0.13058
HD,66181,QMLE-Trade,2014-9-22,0.122189
HD,66181,QMLE-Trade,2014-9-23,0.111638
HD,66181,QMLE-Trade,2014-9-24,0.131088
HD,66181,QMLE-Trade,2014-9-25,0.130886
HD,66181,QMLE-Trade,2014-9-26,0.124962
HD,66181,QMLE-Trade,2014-9-29,0.136614
HD,66181,QMLE-Trade,2014-9-30,0.136376
HD,66181,QMLE-Trade,2014-10-1,0.187814
HD,66181,QMLE-Trade,2014-10-2,0.179654
HD,66181,QMLE-Trade,2014-10-3,0.131377
HD,66181,QMLE-Trade,2014-10-6,0.150734
HD,66181,QMLE-Trade,2014-10-7,0.142785
HD,66181,QMLE-Trade,2014-10-8,0.159123
HD,66181,QMLE-Trade,2014-10-9,0.207426
HD,66181,QMLE-Trade,2014-10-10,0.190736
HD,66181,QMLE-Trade,2014-10-13,0.201999
HD,66181,QMLE-Trade,2014-10-14,0.230443
HD,66181,QMLE-Trade,2014-10-15,0.313351
HD,66181,QMLE-Trade,2014-10-16,0.322231
HD,66181,QMLE-Trade,2014-10-17,0.206964
HD,66181,QMLE-Trade,2014-10-20,0.141868
HD,66181,QMLE-Trade,2014-10-21,0.135926
HD,66181,QMLE-Trade,2014-10-22,0.172756
HD,66181,QMLE-Trade,2014-10-23,0.148136
HD,66181,QMLE-Trade,2014-10-24,0.134492
HD,66181,QMLE-Trade,2014-10-27,0.14717
HD,66181,QMLE-Trade,2014-10-28,0.132916
HD,66181,QMLE-Trade,2014-10-29,0.18396
HD,66181,QMLE-Trade,2014-10-30,0.181503
HD,66181,QMLE-Trade,2014-10-31,0.157535
HD,66181,QMLE-Trade,2014-11-3,0.133963
HD,66181,QMLE-Trade,2014-11-4,0.132498
HD,66181,QMLE-Trade,2014-11-5,0.135557
HD,66181,QMLE-Trade,2014-11-6,0.123672
HD,66181,QMLE-Trade,2014-11-7,0.10627
HD,66181,QMLE-Trade,2014-11-10,0.0994718
HD,66181,QMLE-Trade,2014-11-11,0.0919292
HD,66181,QMLE-Trade,2014-11-12,0.116855
HD,66181,QMLE-Trade,2014-11-13,0.135828
HD,66181,QMLE-Trade,2014-11-14,0.110583
HD,66181,QMLE-Trade,2014-11-17,0.124074
HD,66181,QMLE-Trade,2014-11-18,0.247531
HD,66181,QMLE-Trade,2014-11-19,0.167184
HD,66181,QMLE-Trade,2014-11-20,0.111828
HD,66181,QMLE-Trade,2014-11-21,0.140111
HD,66181,QMLE-Trade,2014-11-24,0.102801
HD,66181,QMLE-Trade,2014-11-25,0.158591
HD,66181,QMLE-Trade,2014-11-26,0.126926
HD,66181,QMLE-Trade,2014-11-28,0.149581
HD,66181,QMLE-Trade,2014-12-1,0.152492
HD,66181,QMLE-Trade,2014-12-2,0.138315
HD,66181,QMLE-Trade,2014-12-3,0.130247
HD,66181,QMLE-Trade,2014-12-4,0.12761
HD,66181,QMLE-Trade,2014-12-5,0.116095
HD,66181,QMLE-Trade,2014-12-8,0.136457
HD,66181,QMLE-Trade,2014-12-9,0.160366
HD,66181,QMLE-Trade,2014-12-10,0.195367
HD,66181,QMLE-Trade,2014-12-11,0.190598
HD,66181,QMLE-Trade,2014-12-12,0.206766
HD,66181,QMLE-Trade,2014-12-15,0.238855
HD,66181,QMLE-Trade,2014-12-16,0.240159
HD,66181,QMLE-Trade,2014-12-17,0.249488
HD,66181,QMLE-Trade,2014-12-18,0.163353
HD,66181,QMLE-Trade,2014-12-19,0.167651
HD,66181,QMLE-Trade,2014-12-22,0.173907
HD,66181,QMLE-Trade,2014-12-23,0.129219
HD,66181,QMLE-Trade,2014-12-24,0.139932
HD,66181,QMLE-Trade,2014-12-26,0.0938305
HD,66181,QMLE-Trade,2014-12-29,0.138329
HD,66181,QMLE-Trade,2014-12-30,0.119312
HD,66181,QMLE-Trade,2014-12-31,0.17511
HD,66181,QMLE-Trade,2015-1-2,0.169377
HD,66181,QMLE-Trade,2015-1-5,0.177586
HD,66181,QMLE-Trade,2015-1-6,0.201112
HD,66181,QMLE-Trade,2015-1-7,0.187019
HD,66181,QMLE-Trade,2015-1-8,0.165728
HD,66181,QMLE-Trade,2015-1-9,0.16559
HD,66181,QMLE-Trade,2015-1-12,0.163003
HD,66181,QMLE-Trade,2015-1-13,0.170877
HD,66181,QMLE-Trade,2015-1-14,0.223752
HD,66181,QMLE-Trade,2015-1-15,0.224109
HD,66181,QMLE-Trade,2015-1-16,0.192171
HD,66181,QMLE-Trade,2015-1-20,0.20781
HD,66181,QMLE-Trade,2015-1-21,0.244978
HD,66181,QMLE-Trade,2015-1-22,0.170661
HD,66181,QMLE-Trade,2015-1-23,0.134828
HD,66181,QMLE-Trade,2015-1-26,0.139771
HD,66181,QMLE-Trade,2015-1-27,0.192468
HD,66181,QMLE-Trade,2015-1-28,0.242043
HD,66181,QMLE-Trade,2015-1-29,0.242454
HD,66181,QMLE-Trade,2015-1-30,0.213319
HD,66181,QMLE-Trade,2015-2-2,0.249279
HD,66181,QMLE-Trade,2015-2-3,0.23259
HD,66181,QMLE-Trade,2015-2-4,0.209853
HD,66181,QMLE-Trade,2015-2-5,0.157445
HD,66181,QMLE-Trade,2015-2-6,0.16368
HD,66181,QMLE-Trade,2015-2-9,0.167102
HD,66181,QMLE-Trade,2015-2-10,0.151208
HD,66181,QMLE-Trade,2015-2-11,0.145994
HD,66181,QMLE-Trade,2015-2-12,0.150212
HD,66181,QMLE-Trade,2015-2-13,0.133299
HD,66181,QMLE-Trade,2015-2-17,0.134264
HD,66181,QMLE-Trade,2015-2-18,0.104557
HD,66181,QMLE-Trade,2015-2-19,0.113421
HD,66181,QMLE-Trade,2015-2-20,0.142958
HD,66181,QMLE-Trade,2015-2-23,0.136019
HD,66181,QMLE-Trade,2015-2-24,0.247946
HD,66181,QMLE-Trade,2015-2-25,0.200477
HD,66181,QMLE-Trade,2015-2-26,0.136145
HD,66181,QMLE-Trade,2015-2-27,0.12073
HD,66181,QMLE-Trade,2015-3-2,0.137208
HD,66181,QMLE-Trade,2015-3-3,0.115482
HD,66181,QMLE-Trade,2015-3-4,0.151796
HD,66181,QMLE-Trade,2015-3-5,0.122361
HD,66181,QMLE-Trade,2015-3-6,0.175524
HD,66181,QMLE-Trade,2015-3-9,0.151807
HD,66181,QMLE-Trade,2015-3-10,0.140252
HD,66181,QMLE-Trade,2015-3-11,0.140446
HD,66181,QMLE-Trade,2015-3-12,0.12558
HD,66181,QMLE-Trade,2015-3-13,0.176775
HD,66181,QMLE-Trade,2015-3-16,0.155344
HD,66181,QMLE-Trade,2015-3-17,0.14792
HD,66181,QMLE-Trade,2015-3-18,0.195374
HD,66181,QMLE-Trade,2015-3-19,0.13417
HD,66181,QMLE-Trade,2015-3-20,0.150521
HD,66181,QMLE-Trade,2015-3-23,0.129001
HD,66181,QMLE-Trade,2015-3-24,0.172487
HD,66181,QMLE-Trade,2015-3-25,0.159697
HD,66181,QMLE-Trade,2015-3-26,0.196823
HD,66181,QMLE-Trade,2015-3-27,0.172163
HD,66181,QMLE-Trade,2015-3-30,0.149324
HD,66181,QMLE-Trade,2015-3-31,0.159521
HD,66181,QMLE-Trade,2015-4-1,0.198126
HD,66181,QMLE-Trade,2015-4-2,0.162673
HD,66181,QMLE-Trade,2015-4-6,0.14388
HD,66181,QMLE-Trade,2015-4-7,0.142294
HD,66181,QMLE-Trade,2015-4-8,0.200736
HD,66181,QMLE-Trade,2015-4-9,0.167793
HD,66181,QMLE-Trade,2015-4-10,0.115512
HD,66181,QMLE-Trade,2015-4-13,0.122934
HD,66181,QMLE-Trade,2015-4-14,0.168448
HD,66181,QMLE-Trade,2015-4-15,0.149824
HD,66181,QMLE-Trade,2015-4-16,0.145501
HD,66181,QMLE-Trade,2015-4-17,0.167763
HD,66181,QMLE-Trade,2015-4-20,0.137525
HD,66181,QMLE-Trade,2015-4-21,0.138813
HD,66181,QMLE-Trade,2015-4-22,0.164073
HD,66181,QMLE-Trade,2015-4-23,0.136959
HD,66181,QMLE-Trade,2015-4-24,0.140742
HD,66181,QMLE-Trade,2015-4-27,0.125913
HD,66181,QMLE-Trade,2015-4-28,0.178826
HD,66181,QMLE-Trade,2015-4-29,0.208896
HD,66181,QMLE-Trade,2015-4-30,0.188388
HD,66181,QMLE-Trade,2015-5-1,0.194754
HD,66181,QMLE-Trade,2015-5-4,0.120742
HD,66181,QMLE-Trade,2015-5-5,0.155631
HD,66181,QMLE-Trade,2015-5-6,0.184921
HD,66181,QMLE-Trade,2015-5-7,0.182941
HD,66181,QMLE-Trade,2015-5-8,0.128707
HD,66181,QMLE-Trade,2015-5-11,0.132689
HD,66181,QMLE-Trade,2015-5-12,0.179483
HD,66181,QMLE-Trade,2015-5-13,0.168762
HD,66181,QMLE-Trade,2015-5-14,0.137084
HD,66181,QMLE-Trade,2015-5-15,0.127535
HD,66181,QMLE-Trade,2015-5-18,0.140416
HD,66181,QMLE-Trade,2015-5-19,0.247893
HD,66181,QMLE-Trade,2015-5-20,0.209113
HD,66181,QMLE-Trade,2015-5-21,0.121633
HD,66181,QMLE-Trade,2015-5-22,0.118141
HD,66181,QMLE-Trade,2015-5-26,0.126649
HD,66181,QMLE-Trade,2015-5-27,0.11342
HD,66181,QMLE-Trade,2015-5-28,0.126966
HD,66181,QMLE-Trade,2015-5-29,0.130706
HD,66181,QMLE-Trade,2015-6-1,0.154931
HD,66181,QMLE-Trade,2015-6-2,0.159341
HD,66181,QMLE-Trade,2015-6-3,0.15921
HD,66181,QMLE-Trade,2015-6-4,0.160122
HD,66181,QMLE-Trade,2015-6-5,0.12908
HD,66181,QMLE-Trade,2015-6-8,0.114823
HD,66181,QMLE-Trade,2015-6-9,0.123935
HD,66181,QMLE-Trade,2015-6-10,0.12798
HD,66181,QMLE-Trade,2015-6-11,0.11667
HD,66181,QMLE-Trade,2015-6-12,0.12995
HD,66181,QMLE-Trade,2015-6-15,0.145613
HD,66181,QMLE-Trade,2015-6-16,0.0962828
HD,66181,QMLE-Trade,2015-6-17,0.14689
HD,66181,QMLE-Trade,2015-6-18,0.12183
HD,66181,QMLE-Trade,2015-6-19,0.134482
HD,66181,QMLE-Trade,2015-6-22,0.112227
HD,66181,QMLE-Trade,2015-6-23,0.109436
HD,66181,QMLE-Trade,2015-6-24,0.107884
HD,66181,QMLE-Trade,2015-6-25,0.111646
HD,66181,QMLE-Trade,2015-6-26,0.113386
HD,66181,QMLE-Trade,2015-6-29,0.139852
HD,66181,QMLE-Trade,2015-6-30,0.167469
HD,66181,QMLE-Trade,2015-7-1,0.142756
HD,66181,QMLE-Trade,2015-7-2,0.113296
HD,66181,QMLE-Trade,2015-7-6,0.129388
HD,66181,QMLE-Trade,2015-7-7,0.168666
HD,66181,QMLE-Trade,2015-7-8,0.18769
HD,66181,QMLE-Trade,2015-7-9,0.12629
HD,66181,QMLE-Trade,2015-7-10,0.104253
HD,66181,QMLE-Trade,2015-7-13,0.105375
HD,66181,QMLE-Trade,2015-7-14,0.0893133
HD,66181,QMLE-Trade,2015-7-15,0.094021
HD,66181,QMLE-Trade,2015-7-16,0.135597
HD,66181,QMLE-Trade,2015-7-17,0.110344
HD,66181,QMLE-Trade,2015-7-20,0.133984
HD,66181,QMLE-Trade,2015-7-21,0.11387
HD,66181,QMLE-Trade,2015-7-22,0.132016
HD,66181,QMLE-Trade,2015-7-23,0.107192
HD,66181,QMLE-Trade,2015-7-24,0.114837
HD,66181,QMLE-Trade,2015-7-27,0.133014
HD,66181,QMLE-Trade,2015-7-28,0.127264
HD,66181,QMLE-Trade,2015-7-29,0.148308
HD,66181,QMLE-Trade,2015-7-30,0.130032
HD,66181,QMLE-Trade,2015-7-31,0.118736
HD,66181,QMLE-Trade,2015-8-3,0.130056
HD,66181,QMLE-Trade,2015-8-4,0.125773
HD,66181,QMLE-Trade,2015-8-5,0.116362
HD,66181,QMLE-Trade,2015-8-6,0.126833
HD,66181,QMLE-Trade,2015-8-7,0.126027
HD,66181,QMLE-Trade,2015-8-10,0.113093
HD,66181,QMLE-Trade,2015-8-11,0.116071
HD,66181,QMLE-Trade,2015-8-12,0.161858
HD,66181,QMLE-Trade,2015-8-13,0.172291
HD,66181,QMLE-Trade,2015-8-14,0.144284
HD,66181,QMLE-Trade,2015-8-17,0.144261
HD,66181,QMLE-Trade,2015-8-18,0.272607
HD,66181,QMLE-Trade,2015-8-19,0.180314
HD,66181,QMLE-Trade,2015-8-20,0.189881
HD,66181,QMLE-Trade,2015-8-21,0.224919
HD,66181,QMLE-Trade,2015-8-24,2.00571
HD,66181,QMLE-Trade,2015-8-25,0.348751
HD,66181,QMLE-Trade,2015-8-26,0.380219
HD,66181,QMLE-Trade,2015-8-27,0.295632
HD,66181,QMLE-Trade,2015-8-28,0.207955
HD,66181,QMLE-Trade,2015-8-31,0.178638
HD,66181,QMLE-Trade,2015-9-1,0.265948
HD,66181,QMLE-Trade,2015-9-2,0.201123
HD,66181,QMLE-Trade,2015-9-3,0.203236
HD,66181,QMLE-Trade,2015-9-4,0.205938
HD,66181,QMLE-Trade,2015-9-8,0.173095
HD,66181,QMLE-Trade,2015-9-9,0.191876
HD,66181,QMLE-Trade,2015-9-10,0.222818
HD,66181,QMLE-Trade,2015-9-11,0.160647
HD,66181,QMLE-Trade,2015-9-14,0.141646
HD,66181,QMLE-Trade,2015-9-15,0.152373
HD,66181,QMLE-Trade,2015-9-16,0.170714
HD,66181,QMLE-Trade,2015-9-17,0.271259
HD,66181,QMLE-Trade,2015-9-18,0.206997
HD,66181,QMLE-Trade,2015-9-21,0.172807
HD,66181,QMLE-Trade,2015-9-22,0.178726
HD,66181,QMLE-Trade,2015-9-23,0.166156
HD,66181,QMLE-Trade,2015-9-24,0.173871
HD,66181,QMLE-Trade,2015-9-25,0.172248
HD,66181,QMLE-Trade,2015-9-28,0.206316
HD,66181,QMLE-Trade,2015-9-29,0.22533
HD,66181,QMLE-Trade,2015-9-30,0.180007
HD,66181,QMLE-Trade,2015-10-1,0.232203
HD,66181,QMLE-Trade,2015-10-2,0.184892
HD,66181,QMLE-Trade,2015-10-5,0.155015
HD,66181,QMLE-Trade,2015-10-6,0.170979
HD,66181,QMLE-Trade,2015-10-7,0.156788
HD,66181,QMLE-Trade,2015-10-8,0.153268
HD,66181,QMLE-Trade,2015-10-9,0.119947
HD,66181,QMLE-Trade,2015-10-12,0.111732
HD,66181,QMLE-Trade,2015-10-13,0.128276
HD,66181,QMLE-Trade,2015-10-14,0.15897
HD,66181,QMLE-Trade,2015-10-15,0.149929
HD,66181,QMLE-Trade,2015-10-16,0.134621
HD,66181,QMLE-Trade,2015-10-19,0.114711
HD,66181,QMLE-Trade,2015-10-20,0.125437
HD,66181,QMLE-Trade,2015-10-21,0.13276
HD,66181,QMLE-Trade,2015-10-22,0.161245
HD,66181,QMLE-Trade,2015-10-23,0.152767
HD,66181,QMLE-Trade,2015-10-26,0.151784
HD,66181,QMLE-Trade,2015-10-27,0.124435
HD,66181,QMLE-Trade,2015-10-28,0.16608
HD,66181,QMLE-Trade,2015-10-29,0.129391
HD,66181,QMLE-Trade,2015-10-30,0.140119
HD,66181,QMLE-Trade,2015-11-2,0.130539
HD,66181,QMLE-Trade,2015-11-3,0.121019
HD,66181,QMLE-Trade,2015-11-4,0.115569
HD,66181,QMLE-Trade,2015-11-5,0.116494
HD,66181,QMLE-Trade,2015-11-6,0.141984
HD,66181,QMLE-Trade,2015-11-9,0.157134
HD,66181,QMLE-Trade,2015-11-10,0.118852
HD,66181,QMLE-Trade,2015-11-11,0.139112
HD,66181,QMLE-Trade,2015-11-12,0.16809
HD,66181,QMLE-Trade,2015-11-13,0.162317
HD,66181,QMLE-Trade,2015-11-16,0.171317
HD,66181,QMLE-Trade,2015-11-17,0.272394
HD,66181,QMLE-Trade,2015-11-18,0.169234
HD,66181,QMLE-Trade,2015-11-19,0.131335
HD,66181,QMLE-Trade,2015-11-20,0.133634
HD,66181,QMLE-Trade,2015-11-23,0.164087
HD,66181,QMLE-Trade,2015-11-24,0.162602
HD,66181,QMLE-Trade,2015-11-25,0.140327
HD,66181,QMLE-Trade,2015-11-27,0.188778
HD,66181,QMLE-Trade,2015-11-30,0.155748
HD,66181,QMLE-Trade,2015-12-1,0.146256
HD,66181,QMLE-Trade,2015-12-2,0.154894
HD,66181,QMLE-Trade,2015-12-3,0.182933
HD,66181,QMLE-Trade,2015-12-4,0.17544
HD,66181,QMLE-Trade,2015-12-7,0.176837
HD,66181,QMLE-Trade,2015-12-8,0.198552
HD,66181,QMLE-Trade,2015-12-9,0.198683
HD,66181,QMLE-Trade,2015-12-10,0.157869
HD,66181,QMLE-Trade,2015-12-11,0.203199
HD,66181,QMLE-Trade,2015-12-14,0.245299
HD,66181,QMLE-Trade,2015-12-15,0.16835
HD,66181,QMLE-Trade,2015-12-16,0.224525
HD,66181,QMLE-Trade,2015-12-17,0.186898
HD,66181,QMLE-Trade,2015-12-18,0.195219
HD,66181,QMLE-Trade,2015-12-21,0.142161
HD,66181,QMLE-Trade,2015-12-22,0.168548
HD,66181,QMLE-Trade,2015-12-23,0.134505
HD,66181,QMLE-Trade,2015-12-24,0.118519
HD,66181,QMLE-Trade,2015-12-28,0.112867
HD,66181,QMLE-Trade,2015-12-29,0.097034
HD,66181,QMLE-Trade,2015-12-30,0.103924
HD,66181,QMLE-Trade,2015-12-31,0.109542
HD,66181,QMLE-Trade,2016-1-4,0.1862
HD,66181,QMLE-Trade,2016-1-5,0.176725
HD,66181,QMLE-Trade,2016-1-6,0.157848
HD,66181,QMLE-Trade,2016-1-7,0.220337
HD,66181,QMLE-Trade,2016-1-8,0.219155
HD,66181,QMLE-Trade,2016-1-11,0.221981
HD,66181,QMLE-Trade,2016-1-12,0.21944
HD,66181,QMLE-Trade,2016-1-13,0.25457
HD,66181,QMLE-Trade,2016-1-14,0.324418
HD,66181,QMLE-Trade,2016-1-15,0.326133
HD,66181,QMLE-Trade,2016-1-19,0.25786
HD,66181,QMLE-Trade,2016-1-20,0.345209
HD,66181,QMLE-Trade,2016-1-21,0.383229
HD,66181,QMLE-Trade,2016-1-22,0.232871
HD,66181,QMLE-Trade,2016-1-25,0.210503
HD,66181,QMLE-Trade,2016-1-26,0.221562
HD,66181,QMLE-Trade,2016-1-27,0.262425
HD,66181,QMLE-Trade,2016-1-28,0.251386
HD,66181,QMLE-Trade,2016-1-29,0.193281
HD,66181,QMLE-Trade,2016-2-1,0.202703
HD,66181,QMLE-Trade,2016-2-2,0.190379
HD,66181,QMLE-Trade,2016-2-3,0.330767
HD,66181,QMLE-Trade,2016-2-4,0.300634
HD,66181,QMLE-Trade,2016-2-5,0.262107
HD,66181,QMLE-Trade,2016-2-8,0.41711
HD,66181,QMLE-Trade,2016-2-9,0.348116
HD,66181,QMLE-Trade,2016-2-10,0.301853
HD,66181,QMLE-Trade,2016-2-11,0.363322
HD,66181,QMLE-Trade,2016-2-12,0.23669
HD,66181,QMLE-Trade,2016-2-16,0.260704
HD,66181,QMLE-Trade,2016-2-17,0.19991
HD,66181,QMLE-Trade,2016-2-18,0.213358
HD,66181,QMLE-Trade,2016-2-19,0.198417
HD,66181,QMLE-Trade,2016-2-22,0.172923
HD,66181,QMLE-Trade,2016-2-23,0.346104
HD,66181,QMLE-Trade,2016-2-24,0.293757
HD,66181,QMLE-Trade,2016-2-25,0.201901
HD,66181,QMLE-Trade,2016-2-26,0.189783
HD,66181,QMLE-Trade,2016-2-29,0.190525
HD,66181,QMLE-Trade,2016-3-1,0.186276
HD,66181,QMLE-Trade,2016-3-2,0.171143
HD,66181,QMLE-Trade,2016-3-3,0.163956
HD,66181,QMLE-Trade,2016-3-4,0.181866
HD,66181,QMLE-Trade,2016-3-7,0.155434
HD,66181,QMLE-Trade,2016-3-8,0.208359
HD,66181,QMLE-Trade,2016-3-9,0.184263
HD,66181,QMLE-Trade,2016-3-10,0.225829
HD,66181,QMLE-Trade,2016-3-11,0.151615
HD,66181,QMLE-Trade,2016-3-14,0.150083
HD,66181,QMLE-Trade,2016-3-15,0.16384
HD,66181,QMLE-Trade,2016-3-16,0.17721
HD,66181,QMLE-Trade,2016-3-17,0.162122
HD,66181,QMLE-Trade,2016-3-18,0.13219
HD,66181,QMLE-Trade,2016-3-21,0.125056
HD,66181,QMLE-Trade,2016-3-22,0.135617
HD,66181,QMLE-Trade,2016-3-23,0.149262
HD,66181,QMLE-Trade,2016-3-24,0.142931
HD,66181,QMLE-Trade,2016-3-28,0.136573
HD,66181,QMLE-Trade,2016-3-29,0.152948
HD,66181,QMLE-Trade,2016-3-30,0.110271
HD,66181,QMLE-Trade,2016-3-31,0.122405
HD,66181,QMLE-Trade,2016-4-1,0.13904
HD,66181,QMLE-Trade,2016-4-4,0.149361
HD,66181,QMLE-Trade,2016-4-5,0.173422
HD,66181,QMLE-Trade,2016-4-6,0.157174
HD,66181,QMLE-Trade,2016-4-7,0.155724
HD,66181,QMLE-Trade,2016-4-8,0.181507
HD,66181,QMLE-Trade,2016-4-11,0.166473
HD,66181,QMLE-Trade,2016-4-12,0.15129
HD,66181,QMLE-Trade,2016-4-13,0.123965
HD,66181,QMLE-Trade,2016-4-14,0.13764
HD,66181,QMLE-Trade,2016-4-15,0.117841
HD,66181,QMLE-Trade,2016-4-18,0.118652
HD,66181,QMLE-Trade,2016-4-19,0.125961
HD,66181,QMLE-Trade,2016-4-20,0.145717
HD,66181,QMLE-Trade,2016-4-21,0.128899
HD,66181,QMLE-Trade,2016-4-22,0.147297
HD,66181,QMLE-Trade,2016-4-25,0.112488
HD,66181,QMLE-Trade,2016-4-26,0.138884
HD,66181,QMLE-Trade,2016-4-27,0.131134
HD,66181,QMLE-Trade,2016-4-28,0.148666
HD,66181,QMLE-Trade,2016-4-29,0.171105
HD,66181,QMLE-Trade,2016-5-2,0.125648
HD,66181,QMLE-Trade,2016-5-3,0.136232
HD,66181,QMLE-Trade,2016-5-4,0.138743
HD,66181,QMLE-Trade,2016-5-5,0.16717
HD,66181,QMLE-Trade,2016-5-6,0.135938
HD,66181,QMLE-Trade,2016-5-9,0.127678
HD,66181,QMLE-Trade,2016-5-10,0.114628
HD,66181,QMLE-Trade,2016-5-11,0.140242
HD,66181,QMLE-Trade,2016-5-12,0.155398
HD,66181,QMLE-Trade,2016-5-13,0.165827
HD,66181,QMLE-Trade,2016-5-16,0.152855
HD,66181,QMLE-Trade,2016-5-17,0.290209
HD,66181,QMLE-Trade,2016-5-18,0.238286
HD,66181,QMLE-Trade,2016-5-19,0.177781
HD,66181,QMLE-Trade,2016-5-20,0.124107
HD,66181,QMLE-Trade,2016-5-23,0.0992333
HD,66181,QMLE-Trade,2016-5-24,0.119504
HD,66181,QMLE-Trade,2016-5-25,0.111985
HD,66181,QMLE-Trade,2016-5-26,0.121648
HD,66181,QMLE-Trade,2016-5-27,0.113525
HD,66181,QMLE-Trade,2016-5-31,0.122935
HD,66181,QMLE-Trade,2016-6-1,0.125922
HD,66181,QMLE-Trade,2016-6-2,0.122752
HD,66181,QMLE-Trade,2016-6-3,0.142804
HD,66181,QMLE-Trade,2016-6-6,0.159905
HD,66181,QMLE-Trade,2016-6-7,0.0976958
HD,66181,QMLE-Trade,2016-6-8,0.111463
HD,66181,QMLE-Trade,2016-6-9,0.10322
HD,66181,QMLE-Trade,2016-6-10,0.127798
HD,66181,QMLE-Trade,2016-6-13,0.141124
HD,66181,QMLE-Trade,2016-6-14,0.17517
HD,66181,QMLE-Trade,2016-6-15,0.134373
HD,66181,QMLE-Trade,2016-6-16,0.151912
HD,66181,QMLE-Trade,2016-6-17,0.159426
HD,66181,QMLE-Trade,2016-6-20,0.114522
HD,66181,QMLE-Trade,2016-6-21,0.125324
HD,66181,QMLE-Trade,2016-6-22,0.0998508
HD,66181,QMLE-Trade,2016-6-23,0.127511
HD,66181,QMLE-Trade,2016-6-24,0.228855
HD,66181,QMLE-Trade,2016-6-27,0.176695
HD,66181,QMLE-Trade,2016-6-28,0.156849
HD,66181,QMLE-Trade,2016-6-29,0.171811
HD,66181,QMLE-Trade,2016-6-30,0.126368
HD,66181,QMLE-Trade,2016-7-1,0.116521
HD,66181,QMLE-Trade,2016-7-5,0.125013
HD,66181,QMLE-Trade,2016-7-6,0.141004
HD,66181,QMLE-Trade,2016-7-7,0.122535
HD,66181,QMLE-Trade,2016-7-8,0.096224
HD,66181,QMLE-Trade,2016-7-11,0.081229
HD,66181,QMLE-Trade,2016-7-12,0.108215
HD,66181,QMLE-Trade,2016-7-13,0.139285
HD,66181,QMLE-Trade,2016-7-14,0.121392
HD,66181,QMLE-Trade,2016-7-15,0.0919683
HD,66181,QMLE-Trade,2016-7-18,0.0903348
HD,66181,QMLE-Trade,2016-7-19,0.1106
HD,66181,QMLE-Trade,2016-7-20,0.0834446
HD,66181,QMLE-Trade,2016-7-21,0.115551
HD,66181,QMLE-Trade,2016-7-22,0.0650975
HD,66181,QMLE-Trade,2016-7-25,0.0883006
HD,66181,QMLE-Trade,2016-7-26,0.096841
HD,66181,QMLE-Trade,2016-7-27,0.11275
HD,66181,QMLE-Trade,2016-7-28,0.107384
HD,66181,QMLE-Trade,2016-7-29,0.127011
HD,66181,QMLE-Trade,2016-8-1,0.122772
HD,66181,QMLE-Trade,2016-8-2,0.122741
HD,66181,QMLE-Trade,2016-8-3,0.137485
HD,66181,QMLE-Trade,2016-8-4,0.154365
HD,66181,QMLE-Trade,2016-8-5,0.107662
HD,66181,QMLE-Trade,2016-8-8,0.0933762
HD,66181,QMLE-Trade,2016-8-9,0.10733
HD,66181,QMLE-Trade,2016-8-10,0.127834
HD,66181,QMLE-Trade,2016-8-11,0.16768
HD,66181,QMLE-Trade,2016-8-12,0.126262
HD,66181,QMLE-Trade,2016-8-15,0.0872839
HD,66181,QMLE-Trade,2016-8-16,0.225923
HD,66181,QMLE-Trade,2016-8-17,0.162468
HD,66181,QMLE-Trade,2016-8-18,0.113003
HD,66181,QMLE-Trade,2016-8-19,0.0975361
HD,66181,QMLE-Trade,2016-8-22,0.138763
HD,66181,QMLE-Trade,2016-8-23,0.114485
HD,66181,QMLE-Trade,2016-8-24,0.106421
HD,66181,QMLE-Trade,2016-8-25,0.135764
HD,66181,QMLE-Trade,2016-8-26,0.167853
HD,66181,QMLE-Trade,2016-8-29,0.110257
HD,66181,QMLE-Trade,2016-8-30,0.115756
HD,66181,QMLE-Trade,2016-8-31,0.113872
HD,66181,QMLE-Trade,2016-9-1,0.12807
HD,66181,QMLE-Trade,2016-9-2,0.113223
HD,66181,QMLE-Trade,2016-9-6,0.149181
HD,66181,QMLE-Trade,2016-9-7,0.111599
HD,66181,QMLE-Trade,2016-9-8,0.146778
HD,66181,QMLE-Trade,2016-9-9,0.148846
HD,66181,QMLE-Trade,2016-9-12,0.173916
HD,66181,QMLE-Trade,2016-9-13,0.177557
HD,66181,QMLE-Trade,2016-9-14,0.171724
HD,66181,QMLE-Trade,2016-9-15,0.153289
HD,66181,QMLE-Trade,2016-9-16,0.145135
HD,66181,QMLE-Trade,2016-9-19,0.125424
HD,66181,QMLE-Trade,2016-9-20,0.12333
HD,66181,QMLE-Trade,2016-9-21,0.162682
HD,66181,QMLE-Trade,2016-9-22,0.123977
HD,66181,QMLE-Trade,2016-9-23,0.131033
HD,66181,QMLE-Trade,2016-9-26,0.105235
HD,66181,QMLE-Trade,2016-9-27,0.124484
HD,66181,QMLE-Trade,2016-9-28,0.152839
HD,66181,QMLE-Trade,2016-9-29,0.236519
HD,66181,QMLE-Trade,2016-9-30,0.168313
HD,66181,QMLE-Trade,2016-10-3,0.128362
HD,66181,QMLE-Trade,2016-10-4,0.180455
HD,66181,QMLE-Trade,2016-10-5,0.143614
HD,66181,QMLE-Trade,2016-10-6,0.166942
HD,66181,QMLE-Trade,2016-10-7,0.161268
HD,66181,QMLE-Trade,2016-10-10,0.107323
HD,66181,QMLE-Trade,2016-10-11,0.13877
HD,66181,QMLE-Trade,2016-10-12,0.112795
HD,66181,QMLE-Trade,2016-10-13,0.142048
HD,66181,QMLE-Trade,2016-10-14,0.140923
HD,66181,QMLE-Trade,2016-10-17,0.107865
HD,66181,QMLE-Trade,2016-10-18,0.0966088
HD,66181,QMLE-Trade,2016-10-19,0.127848
HD,66181,QMLE-Trade,2016-10-20,0.140864
HD,66181,QMLE-Trade,2016-10-21,0.0962004
HD,66181,QMLE-Trade,2016-10-24,0.123767
HD,66181,QMLE-Trade,2016-10-25,0.181416
HD,66181,QMLE-Trade,2016-10-26,0.153003
HD,66181,QMLE-Trade,2016-10-27,0.156505
HD,66181,QMLE-Trade,2016-10-28,0.155951
HD,66181,QMLE-Trade,2016-10-31,0.13596
HD,66181,QMLE-Trade,2016-11-1,0.153041
HD,66181,QMLE-Trade,2016-11-2,0.157674
HD,66181,QMLE-Trade,2016-11-3,0.11338
HD,66181,QMLE-Trade,2016-11-4,0.15231
HD,66181,QMLE-Trade,2016-11-7,0.127404
HD,66181,QMLE-Trade,2016-11-8,0.147409
HD,66181,QMLE-Trade,2016-11-9,0.307541
HD,66181,QMLE-Trade,2016-11-10,0.27977
HD,66181,QMLE-Trade,2016-11-11,0.175386
HD,66181,QMLE-Trade,2016-11-14,0.205933
HD,66181,QMLE-Trade,2016-11-15,0.381669
HD,66181,QMLE-Trade,2016-11-16,0.192479
HD,66181,QMLE-Trade,2016-11-17,0.152737
HD,66181,QMLE-Trade,2016-11-18,0.133153
HD,66181,QMLE-Trade,2016-11-21,0.107811
HD,66181,QMLE-Trade,2016-11-22,0.133428
HD,66181,QMLE-Trade,2016-11-23,0.119237
HD,66181,QMLE-Trade,2016-11-25,0.159585
HD,66181,QMLE-Trade,2016-11-28,0.119876
HD,66181,QMLE-Trade,2016-11-29,0.120373
HD,66181,QMLE-Trade,2016-11-30,0.19622
HD,66181,QMLE-Trade,2016-12-1,0.167101
HD,66181,QMLE-Trade,2016-12-2,0.129906
HD,66181,QMLE-Trade,2016-12-5,0.0962821
HD,66181,QMLE-Trade,2016-12-6,0.107267
HD,66181,QMLE-Trade,2016-12-7,0.14415
HD,66181,QMLE-Trade,2016-12-8,0.162464
HD,66181,QMLE-Trade,2016-12-9,0.133488
HD,66181,QMLE-Trade,2016-12-12,0.117805
HD,66181,QMLE-Trade,2016-12-13,0.111568
HD,66181,QMLE-Trade,2016-12-14,0.151501
HD,66181,QMLE-Trade,2016-12-15,0.134946
HD,66181,QMLE-Trade,2016-12-16,0.134028
HD,66181,QMLE-Trade,2016-12-19,0.114137
HD,66181,QMLE-Trade,2016-12-20,0.0934299
HD,66181,QMLE-Trade,2016-12-21,0.0966772
HD,66181,QMLE-Trade,2016-12-22,0.113844
HD,66181,QMLE-Trade,2016-12-23,0.111445
HD,66181,QMLE-Trade,2016-12-27,0.0915729
HD,66181,QMLE-Trade,2016-12-28,0.0933108
HD,66181,QMLE-Trade,2016-12-29,0.0967622
HD,66181,QMLE-Trade,2016-12-30,0.113637
HD,66181,QMLE-Trade,2017-1-3,0.118359
HD,66181,QMLE-Trade,2017-1-4,0.102614
HD,66181,QMLE-Trade,2017-1-5,0.105872
HD,66181,QMLE-Trade,2017-1-6,0.119976
HD,66181,QMLE-Trade,2017-1-9,0.122205
HD,66181,QMLE-Trade,2017-1-10,0.123918
HD,66181,QMLE-Trade,2017-1-11,0.138074
HD,66181,QMLE-Trade,2017-1-12,0.117427
HD,66181,QMLE-Trade,2017-1-13,0.0993668
HD,66181,QMLE-Trade,2017-1-17,0.113933
HD,66181,QMLE-Trade,2017-1-18,0.0945032
HD,66181,QMLE-Trade,2017-1-19,0.10771
HD,66181,QMLE-Trade,2017-1-20,0.145092
HD,66181,QMLE-Trade,2017-1-23,0.143902
HD,66181,QMLE-Trade,2017-1-24,0.10679
HD,66181,QMLE-Trade,2017-1-25,0.0876937
HD,66181,QMLE-Trade,2017-1-26,0.0928678
HD,66181,QMLE-Trade,2017-1-27,0.0940542
HD,66181,QMLE-Trade,2017-1-30,0.0973029
HD,66181,QMLE-Trade,2017-1-31,0.115449
HD,66181,QMLE-Trade,2017-2-1,0.123124
HD,66181,QMLE-Trade,2017-2-2,0.0937868
HD,66181,QMLE-Trade,2017-2-3,0.100957
HD,66181,QMLE-Trade,2017-2-6,0.0920132
HD,66181,QMLE-Trade,2017-2-7,0.0848992
HD,66181,QMLE-Trade,2017-2-8,0.111028
HD,66181,QMLE-Trade,2017-2-9,0.099305
HD,66181,QMLE-Trade,2017-2-10,0.133803
HD,66181,QMLE-Trade,2017-2-13,0.0966831
HD,66181,QMLE-Trade,2017-2-14,0.109961
HD,66181,QMLE-Trade,2017-2-15,0.118724
HD,66181,QMLE-Trade,2017-2-16,0.124147
HD,66181,QMLE-Trade,2017-2-17,0.125464
HD,66181,QMLE-Trade,2017-2-21,0.226311
HD,66181,QMLE-Trade,2017-2-22,0.129878
HD,66181,QMLE-Trade,2017-2-23,0.127343
HD,66181,QMLE-Trade,2017-2-24,0.116803
HD,66181,QMLE-Trade,2017-2-27,0.0913591
HD,66181,QMLE-Trade,2017-2-28,0.0869714
HD,66181,QMLE-Trade,2017-3-1,0.150121
HD,66181,QMLE-Trade,2017-3-2,0.115537
HD,66181,QMLE-Trade,2017-3-3,0.108084
HD,66181,QMLE-Trade,2017-3-6,0.0926238
HD,66181,QMLE-Trade,2017-3-7,0.132159
HD,66181,QMLE-Trade,2017-3-8,0.106366
HD,66181,QMLE-Trade,2017-3-9,0.0954278
HD,66181,QMLE-Trade,2017-3-10,0.088657
HD,66181,QMLE-Trade,2017-3-13,0.0847395
HD,66181,QMLE-Trade,2017-3-14,0.086097
HD,66181,QMLE-Trade,2017-3-15,0.104288
HD,66181,QMLE-Trade,2017-3-16,0.115609
HD,66181,QMLE-Trade,2017-3-17,0.1402
HD,66181,QMLE-Trade,2017-3-20,0.0969884
HD,66181,QMLE-Trade,2017-3-21,0.136921
HD,66181,QMLE-Trade,2017-3-22,0.132098
HD,66181,QMLE-Trade,2017-3-23,0.10857
HD,66181,QMLE-Trade,2017-3-24,0.10686
HD,66181,QMLE-Trade,2017-3-27,0.12185
HD,66181,QMLE-Trade,2017-3-28,0.120779
HD,66181,QMLE-Trade,2017-3-29,0.110266
HD,66181,QMLE-Trade,2017-3-30,0.105427
HD,66181,QMLE-Trade,2017-3-31,0.0757275
HD,66181,QMLE-Trade,2017-4-3,0.113578
HD,66181,QMLE-Trade,2017-4-4,0.0936946
HD,66181,QMLE-Trade,2017-4-5,0.115515
HD,66181,QMLE-Trade,2017-4-6,0.107101
HD,66181,QMLE-Trade,2017-4-7,0.102034
HD,66181,QMLE-Trade,2017-4-10,0.109607
HD,66181,QMLE-Trade,2017-4-11,0.111209
HD,66181,QMLE-Trade,2017-4-12,0.102633
HD,66181,QMLE-Trade,2017-4-13,0.10014
HD,66181,QMLE-Trade,2017-4-17,0.104102
HD,66181,QMLE-Trade,2017-4-18,0.108659
HD,66181,QMLE-Trade,2017-4-19,0.111015
HD,66181,QMLE-Trade,2017-4-20,0.10076
HD,66181,QMLE-Trade,2017-4-21,0.104801
HD,66181,QMLE-Trade,2017-4-24,0.100831
HD,66181,QMLE-Trade,2017-4-25,0.137251
HD,66181,QMLE-Trade,2017-4-26,0.119562
HD,66181,QMLE-Trade,2017-4-27,0.125097
HD,66181,QMLE-Trade,2017-4-28,0.103931
HD,66181,QMLE-Trade,2017-5-1,0.107255
HD,66181,QMLE-Trade,2017-5-2,0.0994209
HD,66181,QMLE-Trade,2017-5-3,0.0882293
HD,66181,QMLE-Trade,2017-5-4,0.110462
HD,66181,QMLE-Trade,2017-5-5,0.0910348
HD,66181,QMLE-Trade,2017-5-8,0.110938
HD,66181,QMLE-Trade,2017-5-9,0.119606
HD,66181,QMLE-Trade,2017-5-10,0.081275
HD,66181,QMLE-Trade,2017-5-11,0.119293
HD,66181,QMLE-Trade,2017-5-12,0.10254
HD,66181,QMLE-Trade,2017-5-15,0.102081
HD,66181,QMLE-Trade,2017-5-16,0.185278
HD,66181,QMLE-Trade,2017-5-17,0.139388
HD,66181,QMLE-Trade,2017-5-18,0.127419
HD,66181,QMLE-Trade,2017-5-19,0.110851
HD,66181,QMLE-Trade,2017-5-22,0.0896375
HD,66181,QMLE-Trade,2017-5-23,0.0970122
HD,66181,QMLE-Trade,2017-5-24,0.136143
HD,66181,QMLE-Trade,2017-5-25,0.115207
HD,66181,QMLE-Trade,2017-5-26,0.0877057
HD,66181,QMLE-Trade,2017-5-30,0.0930921
HD,66181,QMLE-Trade,2017-5-31,0.119531
HD,66181,QMLE-Trade,2017-6-1,0.105472
HD,66181,QMLE-Trade,2017-6-2,0.102323
HD,66181,QMLE-Trade,2017-6-5,0.0942809
HD,66181,QMLE-Trade,2017-6-6,0.092568
HD,66181,QMLE-Trade,2017-6-7,0.0753274
HD,66181,QMLE-Trade,2017-6-8,0.106307
HD,66181,QMLE-Trade,2017-6-9,0.103134
HD,66181,QMLE-Trade,2017-6-12,0.149469
HD,66181,QMLE-Trade,2017-6-13,0.122425
HD,66181,QMLE-Trade,2017-6-14,0.138671
HD,66181,QMLE-Trade,2017-6-15,0.130039
HD,66181,QMLE-Trade,2017-6-16,0.123868
HD,66181,QMLE-Trade,2017-6-19,0.123622
HD,66181,QMLE-Trade,2017-6-20,0.138326
HD,66181,QMLE-Trade,2017-6-21,0.120865
HD,66181,QMLE-Trade,2017-6-22,0.104973
HD,66181,QMLE-Trade,2017-6-23,0.158489
HD,66181,QMLE-Trade,2017-6-26,0.110269
HD,66181,QMLE-Trade,2017-6-27,0.123834
HD,66181,QMLE-Trade,2017-6-28,0.109062
HD,66181,QMLE-Trade,2017-6-29,0.137151
HD,66181,QMLE-Trade,2017-6-30,0.108352
HD,66181,QMLE-Trade,2017-7-3,0.0938466
HD,66181,QMLE-Trade,2017-7-5,0.132862
HD,66181,QMLE-Trade,2017-7-6,0.131801
HD,66181,QMLE-Trade,2017-7-7,0.107923
HD,66181,QMLE-Trade,2017-7-10,0.110946
HD,66181,QMLE-Trade,2017-7-11,0.106215
HD,66181,QMLE-Trade,2017-7-12,0.112454
HD,66181,QMLE-Trade,2017-7-13,0.107245
HD,66181,QMLE-Trade,2017-7-14,0.126888
HD,66181,QMLE-Trade,2017-7-17,0.0912179
HD,66181,QMLE-Trade,2017-7-18,0.10582
HD,66181,QMLE-Trade,2017-7-19,0.105486
HD,66181,QMLE-Trade,2017-7-20,0.354238
HD,66181,QMLE-Trade,2017-7-21,0.160809
HD,66181,QMLE-Trade,2017-7-24,0.136369
HD,66181,QMLE-Trade,2017-7-25,0.129358
HD,66181,QMLE-Trade,2017-7-26,0.116219
HD,66181,QMLE-Trade,2017-7-27,0.134506
HD,66181,QMLE-Trade,2017-7-28,0.0921633
HD,66181,QMLE-Trade,2017-7-31,0.105116
HD,66181,QMLE-Trade,2017-8-1,0.106996
HD,66181,QMLE-Trade,2017-8-2,0.106215
HD,66181,QMLE-Trade,2017-8-3,0.109045
HD,66181,QMLE-Trade,2017-8-4,0.110295
HD,66181,QMLE-Trade,2017-8-7,0.0996345
HD,66181,QMLE-Trade,2017-8-8,0.0815133
HD,66181,QMLE-Trade,2017-8-9,0.105577
HD,66181,QMLE-Trade,2017-8-10,0.143516
HD,66181,QMLE-Trade,2017-8-11,0.12436
HD,66181,QMLE-Trade,2017-8-14,0.132432
HD,66181,QMLE-Trade,2017-8-15,0.312911
HD,66181,QMLE-Trade,2017-8-16,0.143916
HD,66181,QMLE-Trade,2017-8-17,0.122948
HD,66181,QMLE-Trade,2017-8-18,0.167978
HD,66181,QMLE-Trade,2017-8-21,0.125562
HD,66181,QMLE-Trade,2017-8-22,0.119061
HD,66181,QMLE-Trade,2017-8-23,0.160151
HD,66181,QMLE-Trade,2017-8-24,0.137936
HD,66181,QMLE-Trade,2017-8-25,0.108514
HD,66181,QMLE-Trade,2017-8-28,0.130541
HD,66181,QMLE-Trade,2017-8-29,0.131927
HD,66181,QMLE-Trade,2017-8-30,0.088497
HD,66181,QMLE-Trade,2017-8-31,0.0802048
HD,66181,QMLE-Trade,2017-9-1,0.0861183
HD,66181,QMLE-Trade,2017-9-5,0.157254
HD,66181,QMLE-Trade,2017-9-6,0.123985
HD,66181,QMLE-Trade,2017-9-7,0.15692
HD,66181,QMLE-Trade,2017-9-8,0.153214
HD,66181,QMLE-Trade,2017-9-11,0.146809
HD,66181,QMLE-Trade,2017-9-12,0.119022
HD,66181,QMLE-Trade,2017-9-13,0.111336
HD,66181,QMLE-Trade,2017-9-14,0.0933832
HD,66181,QMLE-Trade,2017-9-15,0.110538
HD,66181,QMLE-Trade,2017-9-18,0.101173
HD,66181,QMLE-Trade,2017-9-19,0.0896178
HD,66181,QMLE-Trade,2017-9-20,0.110516
HD,66181,QMLE-Trade,2017-9-21,0.0803989
HD,66181,QMLE-Trade,2017-9-22,0.0900848
HD,66181,QMLE-Trade,2017-9-25,0.105854
HD,66181,QMLE-Trade,2017-9-26,0.0961768
HD,66181,QMLE-Trade,2017-9-27,0.109179
HD,66181,QMLE-Trade,2017-9-28,0.101563
HD,66181,QMLE-Trade,2017-9-29,0.1097
HD,66181,QMLE-Trade,2017-10-2,0.102674
HD,66181,QMLE-Trade,2017-10-3,0.0948716
HD,66181,QMLE-Trade,2017-10-4,0.0863293
HD,66181,QMLE-Trade,2017-10-5,0.106265
HD,66181,QMLE-Trade,2017-10-6,0.0838829
HD,66181,QMLE-Trade,2017-10-9,0.0879071
HD,66181,QMLE-Trade,2017-10-10,0.0873525
HD,66181,QMLE-Trade,2017-10-11,0.0961076
HD,66181,QMLE-Trade,2017-10-12,0.0895979
HD,66181,QMLE-Trade,2017-10-13,0.106932
HD,66181,QMLE-Trade,2017-10-16,0.0956455
HD,66181,QMLE-Trade,2017-10-17,0.151647
HD,66181,QMLE-Trade,2017-10-18,0.0845763
HD,66181,QMLE-Trade,2017-10-19,0.112469
HD,66181,QMLE-Trade,2017-10-20,0.0944402
HD,66181,QMLE-Trade,2017-10-23,0.116657
HD,66181,QMLE-Trade,2017-10-24,0.120292
HD,66181,QMLE-Trade,2017-10-25,0.135215
HD,66181,QMLE-Trade,2017-10-26,0.108401
HD,66181,QMLE-Trade,2017-10-27,0.133609
HD,66181,QMLE-Trade,2017-10-30,0.125406
HD,66181,QMLE-Trade,2017-10-31,0.0923816
HD,66181,QMLE-Trade,2017-11-1,0.100212
HD,66181,QMLE-Trade,2017-11-2,0.237381
HD,66181,QMLE-Trade,2017-11-3,0.122991
HD,66181,QMLE-Trade,2017-11-6,0.130286
HD,66181,QMLE-Trade,2017-11-7,0.131926
HD,66181,QMLE-Trade,2017-11-8,0.0912914
HD,66181,QMLE-Trade,2017-11-9,0.129683
HD,66181,QMLE-Trade,2017-11-10,0.114481
HD,66181,QMLE-Trade,2017-11-13,0.147323
HD,66181,QMLE-Trade,2017-11-14,0.281719
HD,66181,QMLE-Trade,2017-11-15,0.153907
HD,66181,QMLE-Trade,2017-11-16,0.135967
HD,66181,QMLE-Trade,2017-11-17,0.130112
HD,66181,QMLE-Trade,2017-11-20,0.137081
HD,66181,QMLE-Trade,2017-11-21,0.133787
HD,66181,QMLE-Trade,2017-11-22,0.127912
HD,66181,QMLE-Trade,2017-11-24,0.0930016
HD,66181,QMLE-Trade,2017-11-27,0.143053
HD,66181,QMLE-Trade,2017-11-28,0.19646
HD,66181,QMLE-Trade,2017-11-29,0.195735
HD,66181,QMLE-Trade,2017-11-30,0.166702
HD,66181,QMLE-Trade,2017-12-1,0.29195
HD,66181,QMLE-Trade,2017-12-4,0.252219
HD,66181,QMLE-Trade,2017-12-5,0.191491
HD,66181,QMLE-Trade,2017-12-6,0.244202
HD,66181,QMLE-Trade,2017-12-7,0.155062
HD,66181,QMLE-Trade,2017-12-8,0.12879
HD,66181,QMLE-Trade,2017-12-11,0.138746
HD,66181,QMLE-Trade,2017-12-12,0.142617
HD,66181,QMLE-Trade,2017-12-13,0.103481
HD,66181,QMLE-Trade,2017-12-14,0.10053
HD,66181,QMLE-Trade,2017-12-15,0.117336
HD,66181,QMLE-Trade,2017-12-18,0.107776
HD,66181,QMLE-Trade,2017-12-19,0.103004
HD,66181,QMLE-Trade,2017-12-20,0.131289
HD,66181,QMLE-Trade,2017-12-21,0.102897
HD,66181,QMLE-Trade,2017-12-22,0.0926035
HD,66181,QMLE-Trade,2017-12-26,0.0969466
HD,66181,QMLE-Trade,2017-12-27,0.102044
HD,66181,QMLE-Trade,2017-12-28,0.080994
HD,66181,QMLE-Trade,2017-12-29,0.0847901
HD,66181,QMLE-Trade,2018-1-2,0.106725
HD,66181,QMLE-Trade,2018-1-3,0.0988165
HD,66181,QMLE-Trade,2018-1-4,0.10163
HD,66181,QMLE-Trade,2018-1-5,0.122982
HD,66181,QMLE-Trade,2018-1-8,0.099727
HD,66181,QMLE-Trade,2018-1-9,0.0818705
HD,66181,QMLE-Trade,2018-1-10,0.0895761
HD,66181,QMLE-Trade,2018-1-11,0.098924
HD,66181,QMLE-Trade,2018-1-12,0.200734
HD,66181,QMLE-Trade,2018-1-16,0.176215
HD,66181,QMLE-Trade,2018-1-17,0.122816
HD,66181,QMLE-Trade,2018-1-18,0.126882
HD,66181,QMLE-Trade,2018-1-19,0.127352
HD,66181,QMLE-Trade,2018-1-22,0.115552
HD,66181,QMLE-Trade,2018-1-23,0.119525
HD,66181,QMLE-Trade,2018-1-24,0.135711
HD,66181,QMLE-Trade,2018-1-25,0.135616
HD,66181,QMLE-Trade,2018-1-26,0.09859
HD,66181,QMLE-Trade,2018-1-29,0.1081
HD,66181,QMLE-Trade,2018-1-30,0.631441
HD,66181,QMLE-Trade,2018-1-31,0.176072
HD,66181,QMLE-Trade,2018-2-1,0.193054
HD,66181,QMLE-Trade,2018-2-2,0.2044
HD,66181,QMLE-Trade,2018-2-5,0.576723
HD,66181,QMLE-Trade,2018-2-6,0.596218
HD,66181,QMLE-Trade,2018-2-7,0.348659
HD,66181,QMLE-Trade,2018-2-8,0.426608
HD,66181,QMLE-Trade,2018-2-9,0.545484
HD,66181,QMLE-Trade,2018-2-12,0.286388
HD,66181,QMLE-Trade,2018-2-13,0.220395
HD,66181,QMLE-Trade,2018-2-14,0.242917
HD,66181,QMLE-Trade,2018-2-15,0.209845
HD,66181,QMLE-Trade,2018-2-16,0.236439
HD,66181,QMLE-Trade,2018-2-20,0.304703
HD,66181,QMLE-Trade,2018-2-21,0.24581
HD,66181,QMLE-Trade,2018-2-22,0.225997
HD,66181,QMLE-Trade,2018-2-23,0.141893
HD,66181,QMLE-Trade,2018-2-26,0.148666
HD,66181,QMLE-Trade,2018-2-27,0.192007
HD,66181,QMLE-Trade,2018-2-28,0.232486
HD,66181,QMLE-Trade,2018-3-1,0.291362
HD,66181,QMLE-Trade,2018-3-2,0.279141
HD,66181,QMLE-Trade,2018-3-5,0.199985
HD,66181,QMLE-Trade,2018-3-6,0.182372
HD,66181,QMLE-Trade,2018-3-7,0.182332
HD,66181,QMLE-Trade,2018-3-8,0.163677
HD,66181,QMLE-Trade,2018-3-9,0.150878
HD,66181,QMLE-Trade,2018-3-12,0.164556
HD,66181,QMLE-Trade,2018-3-13,0.174347
HD,66181,QMLE-Trade,2018-3-14,0.184993
HD,66181,QMLE-Trade,2018-3-15,0.159056
HD,66181,QMLE-Trade,2018-3-16,0.123635
HD,66181,QMLE-Trade,2018-3-19,0.174685
HD,66181,QMLE-Trade,2018-3-20,0.139233
HD,66181,QMLE-Trade,2018-3-21,0.202911
HD,66181,QMLE-Trade,2018-3-22,0.220838
HD,66181,QMLE-Trade,2018-3-23,0.240666
HD,66181,QMLE-Trade,2018-3-26,0.193543
HD,66181,QMLE-Trade,2018-3-27,0.245995
HD,66181,QMLE-Trade,2018-3-28,0.300985
HD,66181,QMLE-Trade,2018-3-29,0.180733
HD,66181,QMLE-Trade,2018-4-2,0.27059
HD,66181,QMLE-Trade,2018-4-3,0.23064
HD,66181,QMLE-Trade,2018-4-4,0.220882
HD,66181,QMLE-Trade,2018-4-5,0.177979
HD,66181,QMLE-Trade,2018-4-6,0.234062
HD,66181,QMLE-Trade,2018-4-9,0.18603
HD,66181,QMLE-Trade,2018-4-10,0.208418
HD,66181,QMLE-Trade,2018-4-11,0.167117
HD,66181,QMLE-Trade,2018-4-12,0.145536
HD,66181,QMLE-Trade,2018-4-13,0.153192
HD,66181,QMLE-Trade,2018-4-16,0.151102
HD,66181,QMLE-Trade,2018-4-17,0.138161
HD,66181,QMLE-Trade,2018-4-18,0.159285
HD,66181,QMLE-Trade,2018-4-19,0.179682
HD,66181,QMLE-Trade,2018-4-20,0.172484
HD,66181,QMLE-Trade,2018-4-23,0.165293
HD,66181,QMLE-Trade,2018-4-24,0.209814
HD,66181,QMLE-Trade,2018-4-25,0.199805
HD,66181,QMLE-Trade,2018-4-26,0.200688
HD,66181,QMLE-Trade,2018-4-27,0.19208
HD,66181,QMLE-Trade,2018-4-30,0.154484
HD,66181,QMLE-Trade,2018-5-1,0.161261
HD,66181,QMLE-Trade,2018-5-2,0.166582
HD,66181,QMLE-Trade,2018-5-3,0.192588
HD,66181,QMLE-Trade,2018-5-4,0.169741
HD,66181,QMLE-Trade,2018-5-7,0.135519
HD,66181,QMLE-Trade,2018-5-8,0.163313
HD,66181,QMLE-Trade,2018-5-9,0.147574
HD,66181,QMLE-Trade,2018-5-10,0.15661
HD,66181,QMLE-Trade,2018-5-11,0.158332
HD,66181,QMLE-Trade,2018-5-14,0.159093
HD,66181,QMLE-Trade,2018-5-15,0.300045
HD,66181,QMLE-Trade,2018-5-16,0.150617
HD,66181,QMLE-Trade,2018-5-17,0.122439
HD,66181,QMLE-Trade,2018-5-18,0.124344
HD,66181,QMLE-Trade,2018-5-21,0.147481
HD,66181,QMLE-Trade,2018-5-22,0.157959
HD,66181,QMLE-Trade,2018-5-23,0.18516
HD,66181,QMLE-Trade,2018-5-24,0.158661
HD,66181,QMLE-Trade,2018-5-25,0.133
HD,66181,QMLE-Trade,2018-5-29,0.162766
HD,66181,QMLE-Trade,2018-5-30,0.145191
HD,66181,QMLE-Trade,2018-5-31,0.157399
HD,66181,QMLE-Trade,2018-6-1,0.13828
HD,66181,QMLE-Trade,2018-6-4,0.127016
HD,66181,QMLE-Trade,2018-6-5,0.125958
HD,66181,QMLE-Trade,2018-6-6,0.126287
HD,66181,QMLE-Trade,2018-6-7,0.146987
HD,66181,QMLE-Trade,2018-6-8,0.148606
HD,66181,QMLE-Trade,2018-6-11,0.129287
HD,66181,QMLE-Trade,2018-6-12,0.141097
HD,66181,QMLE-Trade,2018-6-13,0.144568
HD,66181,QMLE-Trade,2018-6-14,0.149264
HD,66181,QMLE-Trade,2018-6-15,0.146539
HD,66181,QMLE-Trade,2018-6-18,0.148411
HD,66181,QMLE-Trade,2018-6-19,0.14501
HD,66181,QMLE-Trade,2018-6-20,0.118023
HD,66181,QMLE-Trade,2018-6-21,0.160341
HD,66181,QMLE-Trade,2018-6-22,0.153018
HD,66181,QMLE-Trade,2018-6-25,0.162755
HD,66181,QMLE-Trade,2018-6-26,0.138852
HD,66181,QMLE-Trade,2018-6-27,0.163216
HD,66181,QMLE-Trade,2018-6-28,0.162416
HD,66181,QMLE-Trade,2018-6-29,0.166546
HD,66181,QMLE-Trade,2018-7-2,0.179589
HD,66181,QMLE-Trade,2018-7-3,0.121575
HD,66181,QMLE-Trade,2018-7-5,0.134237
HD,66181,QMLE-Trade,2018-7-6,0.119983
HD,66181,QMLE-Trade,2018-7-9,0.101634
HD,66181,QMLE-Trade,2018-7-10,0.106151
HD,66181,QMLE-Trade,2018-7-11,0.118517
HD,66181,QMLE-Trade,2018-7-12,0.117116
HD,66181,QMLE-Trade,2018-7-13,0.108677
HD,66181,QMLE-Trade,2018-7-16,0.112963
HD,66181,QMLE-Trade,2018-7-17,0.111012
HD,66181,QMLE-Trade,2018-7-18,0.10197
HD,66181,QMLE-Trade,2018-7-19,0.119183
HD,66181,QMLE-Trade,2018-7-20,0.0944217
HD,66181,QMLE-Trade,2018-7-23,0.101474
HD,66181,QMLE-Trade,2018-7-24,0.135065
HD,66181,QMLE-Trade,2018-7-25,0.146477
HD,66181,QMLE-Trade,2018-7-26,0.130307
HD,66181,QMLE-Trade,2018-7-27,0.152276
HD,66181,QMLE-Trade,2018-7-30,0.113906
HD,66181,QMLE-Trade,2018-7-31,0.117731
HD,66181,QMLE-Trade,2018-8-1,0.118914
HD,66181,QMLE-Trade,2018-8-2,0.148575
HD,66181,QMLE-Trade,2018-8-3,0.107971
HD,66181,QMLE-Trade,2018-8-6,0.100585
HD,66181,QMLE-Trade,2018-8-7,0.097723
HD,66181,QMLE-Trade,2018-8-8,0.0979083
HD,66181,QMLE-Trade,2018-8-9,0.109346
HD,66181,QMLE-Trade,2018-8-10,0.121702
HD,66181,QMLE-Trade,2018-8-13,0.123762
HD,66181,QMLE-Trade,2018-8-14,0.326605
HD,66181,QMLE-Trade,2018-8-15,0.17041
HD,66181,QMLE-Trade,2018-8-16,0.126567
HD,66181,QMLE-Trade,2018-8-17,0.112943
HD,66181,QMLE-Trade,2018-8-20,0.088647
HD,66181,QMLE-Trade,2018-8-21,0.105524
HD,66181,QMLE-Trade,2018-8-22,0.182471
HD,66181,QMLE-Trade,2018-8-23,0.143979
HD,66181,QMLE-Trade,2018-8-24,0.102382
HD,66181,QMLE-Trade,2018-8-27,0.105638
HD,66181,QMLE-Trade,2018-8-28,0.120931
HD,66181,QMLE-Trade,2018-8-29,0.102213
HD,66181,QMLE-Trade,2018-8-30,0.109512
HD,66181,QMLE-Trade,2018-8-31,0.113226
HD,66181,QMLE-Trade,2018-9-4,0.137599
HD,66181,QMLE-Trade,2018-9-5,0.158384
HD,66181,QMLE-Trade,2018-9-6,0.139201
HD,66181,QMLE-Trade,2018-9-7,0.143409
HD,66181,QMLE-Trade,2018-9-10,0.190133
HD,66181,QMLE-Trade,2018-9-11,0.157016
HD,66181,QMLE-Trade,2018-9-12,0.1891
HD,66181,QMLE-Trade,2018-9-13,0.187751
HD,66181,QMLE-Trade,2018-9-14,0.150216
HD,66181,QMLE-Trade,2018-9-17,0.139239
HD,66181,QMLE-Trade,2018-9-18,0.122752
HD,66181,QMLE-Trade,2018-9-19,0.115821
HD,66181,QMLE-Trade,2018-9-20,0.0901617
HD,66181,QMLE-Trade,2018-9-21,0.12395
HD,66181,QMLE-Trade,2018-9-24,0.150547
HD,66181,QMLE-Trade,2018-9-25,0.107296
HD,66181,QMLE-Trade,2018-9-26,0.121235
HD,66181,QMLE-Trade,2018-9-27,0.134138
HD,66181,QMLE-Trade,2018-9-28,0.146637
HD,66181,QMLE-Trade,2018-10-1,0.132839
HD,66181,QMLE-Trade,2018-10-2,0.112528
HD,66181,QMLE-Trade,2018-10-3,0.130915
HD,66181,QMLE-Trade,2018-10-4,0.190244
HD,66181,QMLE-Trade,2018-10-5,0.16754
HD,66181,QMLE-Trade,2018-10-8,0.149752
HD,66181,QMLE-Trade,2018-10-9,0.171237
HD,66181,QMLE-Trade,2018-10-10,0.213839
HD,66181,QMLE-Trade,2018-10-11,0.337993
HD,66181,QMLE-Trade,2018-10-12,0.242825
HD,66181,QMLE-Trade,2018-10-15,0.202769
HD,66181,QMLE-Trade,2018-10-16,0.165097
HD,66181,QMLE-Trade,2018-10-17,0.270616
HD,66181,QMLE-Trade,2018-10-18,0.300072
HD,66181,QMLE-Trade,2018-10-19,0.238084
HD,66181,QMLE-Trade,2018-10-22,0.205573
HD,66181,QMLE-Trade,2018-10-23,0.263477
HD,66181,QMLE-Trade,2018-10-24,0.285676
HD,66181,QMLE-Trade,2018-10-25,0.261149
HD,66181,QMLE-Trade,2018-10-26,0.361968
HD,66181,QMLE-Trade,2018-10-29,0.307213
HD,66181,QMLE-Trade,2018-10-30,0.317255
HD,66181,QMLE-Trade,2018-10-31,0.225568
HD,66181,QMLE-Trade,2018-11-1,0.219542
HD,66181,QMLE-Trade,2018-11-2,0.272662
HD,66181,QMLE-Trade,2018-11-5,0.192884
HD,66181,QMLE-Trade,2018-11-6,0.151261
HD,66181,QMLE-Trade,2018-11-7,0.214597
HD,66181,QMLE-Trade,2018-11-8,0.219772
HD,66181,QMLE-Trade,2018-11-9,0.206629
HD,66181,QMLE-Trade,2018-11-12,0.243174
HD,66181,QMLE-Trade,2018-11-13,0.532743
HD,66181,QMLE-Trade,2018-11-14,0.270398
HD,66181,QMLE-Trade,2018-11-15,0.308228
HD,66181,QMLE-Trade,2018-11-16,0.25707
HD,66181,QMLE-Trade,2018-11-19,0.26168
HD,66181,QMLE-Trade,2018-11-20,0.379414
HD,66181,QMLE-Trade,2018-11-21,0.240824
HD,66181,QMLE-Trade,2018-11-23,0.183395
HD,66181,QMLE-Trade,2018-11-26,0.205863
HD,66181,QMLE-Trade,2018-11-27,0.216795
HD,66181,QMLE-Trade,2018-11-28,0.238903
HD,66181,QMLE-Trade,2018-11-29,0.18422
HD,66181,QMLE-Trade,2018-11-30,0.144741
HD,66181,QMLE-Trade,2018-12-3,0.192667
HD,66181,QMLE-Trade,2018-12-4,0.269631
HD,66181,QMLE-Trade,2018-12-6,0.321851
HD,66181,QMLE-Trade,2018-12-7,0.367906
HD,66181,QMLE-Trade,2018-12-10,0.335113
HD,66181,QMLE-Trade,2018-12-11,0.277764
HD,66181,QMLE-Trade,2018-12-12,0.326658
HD,66181,QMLE-Trade,2018-12-13,0.274513
HD,66181,QMLE-Trade,2018-12-14,0.247178
HD,66181,QMLE-Trade,2018-12-17,0.304232
HD,66181,QMLE-Trade,2018-12-18,0.243369
HD,66181,QMLE-Trade,2018-12-19,0.407539
HD,66181,QMLE-Trade,2018-12-20,0.415933
HD,66181,QMLE-Trade,2018-12-21,0.418805
HD,66181,QMLE-Trade,2018-12-24,0.311493
HD,66181,QMLE-Trade,2018-12-26,0.324935
HD,66181,QMLE-Trade,2018-12-27,0.347672
HD,66181,QMLE-Trade,2018-12-28,0.31172
HD,66181,QMLE-Trade,2018-12-31,0.237896
HD,66181,QMLE-Trade,2019-1-2,0.257455
HD,66181,QMLE-Trade,2019-1-3,0.317122
HD,66181,QMLE-Trade,2019-1-4,0.254267
HD,66181,QMLE-Trade,2019-1-7,0.226286
HD,66181,QMLE-Trade,2019-1-8,0.225009
HD,66181,QMLE-Trade,2019-1-9,0.21806
HD,66181,QMLE-Trade,2019-1-10,0.197074
HD,66181,QMLE-Trade,2019-1-11,0.174442
HD,66181,QMLE-Trade,2019-1-14,0.17109
HD,66181,QMLE-Trade,2019-1-15,0.206226
HD,66181,QMLE-Trade,2019-1-16,0.162716
HD,66181,QMLE-Trade,2019-1-17,0.215407
HD,66181,QMLE-Trade,2019-1-18,0.20369
HD,66181,QMLE-Trade,2019-1-22,0.243497
HD,66181,QMLE-Trade,2019-1-23,0.186615
HD,66181,QMLE-Trade,2019-1-24,0.17698
HD,66181,QMLE-Trade,2019-1-25,0.186647
HD,66181,QMLE-Trade,2019-1-28,0.183197
HD,66181,QMLE-Trade,2019-1-29,0.159071
HD,66181,QMLE-Trade,2019-1-30,0.185462
HD,66181,QMLE-Trade,2019-1-31,0.160356
HD,66181,QMLE-Trade,2019-2-1,0.163785
HD,66181,QMLE-Trade,2019-2-4,0.127633
HD,66181,QMLE-Trade,2019-2-5,0.143307
HD,66181,QMLE-Trade,2019-2-6,0.151177
HD,66181,QMLE-Trade,2019-2-7,0.190209
HD,66181,QMLE-Trade,2019-2-8,0.146055
HD,66181,QMLE-Trade,2019-2-11,0.143435
HD,66181,QMLE-Trade,2019-2-12,0.143991
HD,66181,QMLE-Trade,2019-2-13,0.147139
HD,66181,QMLE-Trade,2019-2-14,0.1796
HD,66181,QMLE-Trade,2019-2-15,0.136317
HD,66181,QMLE-Trade,2019-2-19,0.119967
HD,66181,QMLE-Trade,2019-2-20,0.1346
HD,66181,QMLE-Trade,2019-2-21,0.138165
HD,66181,QMLE-Trade,2019-2-22,0.114827
HD,66181,QMLE-Trade,2019-2-25,0.149799
HD,66181,QMLE-Trade,2019-2-26,0.306971
HD,66181,QMLE-Trade,2019-2-27,0.246897
HD,66181,QMLE-Trade,2019-2-28,0.157951
HD,66181,QMLE-Trade,2019-3-1,0.153889
HD,66181,QMLE-Trade,2019-3-4,0.16393
HD,66181,QMLE-Trade,2019-3-5,0.134515
HD,66181,QMLE-Trade,2019-3-6,0.115832
HD,66181,QMLE-Trade,2019-3-7,0.145617
HD,66181,QMLE-Trade,2019-3-8,0.169098
HD,66181,QMLE-Trade,2019-3-11,0.114508
HD,66181,QMLE-Trade,2019-3-12,0.150467
HD,66181,QMLE-Trade,2019-3-13,0.128122
HD,66181,QMLE-Trade,2019-3-14,0.127332
HD,66181,QMLE-Trade,2019-3-15,0.151733
HD,66181,QMLE-Trade,2019-3-18,0.0935884
HD,66181,QMLE-Trade,2019-3-19,0.128613
HD,66181,QMLE-Trade,2019-3-20,0.167956
HD,66181,QMLE-Trade,2019-3-21,0.137904
HD,66181,QMLE-Trade,2019-3-22,0.209493
HD,66181,QMLE-Trade,2019-3-25,0.166001
HD,66181,QMLE-Trade,2019-3-26,0.17113
HD,66181,QMLE-Trade,2019-3-27,0.209682
HD,66181,QMLE-Trade,2019-3-28,0.151071
HD,66181,QMLE-Trade,2019-3-29,0.132497
HD,66181,QMLE-Trade,2019-4-1,0.211733
HD,66181,QMLE-Trade,2019-4-2,0.137042
HD,66181,QMLE-Trade,2019-4-3,0.171072
HD,66181,QMLE-Trade,2019-4-4,0.124775
HD,66181,QMLE-Trade,2019-4-5,0.140357
HD,66181,QMLE-Trade,2019-4-8,0.108768
HD,66181,QMLE-Trade,2019-4-9,0.155198
HD,66181,QMLE-Trade,2019-4-10,0.146649
HD,66181,QMLE-Trade,2019-4-11,0.109438
HD,66181,QMLE-Trade,2019-4-12,0.126247
HD,66181,QMLE-Trade,2019-4-15,0.123568
HD,66181,QMLE-Trade,2019-4-16,0.12238
HD,66181,QMLE-Trade,2019-4-17,0.12443
HD,66181,QMLE-Trade,2019-4-18,0.115064
HD,66181,QMLE-Trade,2019-4-22,0.134164
HD,66181,QMLE-Trade,2019-4-23,0.156283
HD,66181,QMLE-Trade,2019-4-24,0.163407
HD,66181,QMLE-Trade,2019-4-25,0.142973
HD,66181,QMLE-Trade,2019-4-26,0.129312
HD,66181,QMLE-Trade,2019-4-29,0.149709
HD,66181,QMLE-Trade,2019-4-30,0.12334
HD,66181,QMLE-Trade,2019-5-1,0.189237
HD,66181,QMLE-Trade,2019-5-2,0.164078
HD,66181,QMLE-Trade,2019-5-3,0.128493
HD,66181,QMLE-Trade,2019-5-6,0.154042
HD,66181,QMLE-Trade,2019-5-7,0.214389
HD,66181,QMLE-Trade,2019-5-8,0.18428
HD,66181,QMLE-Trade,2019-5-9,0.213949
HD,66181,QMLE-Trade,2019-5-10,0.223209
HD,66181,QMLE-Trade,2019-5-13,0.226867
HD,66181,QMLE-Trade,2019-5-14,0.145474
HD,66181,QMLE-Trade,2019-5-15,0.182918
HD,66181,QMLE-Trade,2019-5-16,0.154986
HD,66181,QMLE-Trade,2019-5-17,0.185826
HD,66181,QMLE-Trade,2019-5-20,0.179145
HD,66181,QMLE-Trade,2019-5-21,0.296032
HD,66181,QMLE-Trade,2019-5-22,0.219759
HD,66181,QMLE-Trade,2019-5-23,0.222175
HD,66181,QMLE-Trade,2019-5-24,0.15049
HD,66181,QMLE-Trade,2019-5-28,0.180358
HD,66181,QMLE-Trade,2019-5-29,0.178293
HD,66181,QMLE-Trade,2019-5-30,0.165717
HD,66181,QMLE-Trade,2019-5-31,0.17439
HD,66181,QMLE-Trade,2019-6-3,0.215529
HD,66181,QMLE-Trade,2019-6-4,0.157975
HD,66181,QMLE-Trade,2019-6-5,0.188756
HD,66181,QMLE-Trade,2019-6-6,0.158415
HD,66181,QMLE-Trade,2019-6-7,0.14777
HD,66181,QMLE-Trade,2019-6-10,0.138711
HD,66181,QMLE-Trade,2019-6-11,0.157877
HD,66181,QMLE-Trade,2019-6-12,0.144797
HD,66181,QMLE-Trade,2019-6-13,0.149549
HD,66181,QMLE-Trade,2019-6-14,0.163564
HD,66181,QMLE-Trade,2019-6-17,0.154636
HD,66181,QMLE-Trade,2019-6-18,0.146597
HD,66181,QMLE-Trade,2019-6-19,0.172278
HD,66181,QMLE-Trade,2019-6-20,0.165578
HD,66181,QMLE-Trade,2019-6-21,0.152754
HD,66181,QMLE-Trade,2019-6-24,0.173523
HD,66181,QMLE-Trade,2019-6-25,0.201297
HD,66181,QMLE-Trade,2019-6-26,0.120272
HD,66181,QMLE-Trade,2019-6-27,0.134511
HD,66181,QMLE-Trade,2019-6-28,0.122024
HD,66181,QMLE-Trade,2019-7-1,0.161509
HD,66181,QMLE-Trade,2019-7-2,0.133304
HD,66181,QMLE-Trade,2019-7-3,0.100325
HD,66181,QMLE-Trade,2019-7-5,0.152958
HD,66181,QMLE-Trade,2019-7-8,0.100525
HD,66181,QMLE-Trade,2019-7-9,0.113535
HD,66181,QMLE-Trade,2019-7-10,0.168226
HD,66181,QMLE-Trade,2019-7-11,0.132978
HD,66181,QMLE-Trade,2019-7-12,0.137857
HD,66181,QMLE-Trade,2019-7-15,0.1377
HD,66181,QMLE-Trade,2019-7-16,0.120061
HD,66181,QMLE-Trade,2019-7-17,0.100959
HD,66181,QMLE-Trade,2019-7-18,0.138321
HD,66181,QMLE-Trade,2019-7-19,0.140347
HD,66181,QMLE-Trade,2019-7-22,0.157392
HD,66181,QMLE-Trade,2019-7-23,0.139442
HD,66181,QMLE-Trade,2019-7-24,0.117542
HD,66181,QMLE-Trade,2019-7-25,0.136253
HD,66181,QMLE-Trade,2019-7-26,0.121461
HD,66181,QMLE-Trade,2019-7-29,0.0978355
HD,66181,QMLE-Trade,2019-7-30,0.125777
HD,66181,QMLE-Trade,2019-7-31,0.204501
HD,66181,QMLE-Trade,2019-8-1,0.24544
HD,66181,QMLE-Trade,2019-8-2,0.222957
HD,66181,QMLE-Trade,2019-8-5,0.250818
HD,66181,QMLE-Trade,2019-8-6,0.209019
HD,66181,QMLE-Trade,2019-8-7,0.248808
HD,66181,QMLE-Trade,2019-8-8,0.156826
HD,66181,QMLE-Trade,2019-8-9,0.197951
HD,66181,QMLE-Trade,2019-8-12,0.178326
HD,66181,QMLE-Trade,2019-8-13,0.278073
HD,66181,QMLE-Trade,2019-8-14,0.273366
HD,66181,QMLE-Trade,2019-8-15,0.239643
HD,66181,QMLE-Trade,2019-8-16,0.162787
HD,66181,QMLE-Trade,2019-8-19,0.219725
HD,66181,QMLE-Trade,2019-8-20,0.295844
HD,66181,QMLE-Trade,2019-8-21,0.221263
HD,66181,QMLE-Trade,2019-8-22,0.186329
HD,66181,QMLE-Trade,2019-8-23,0.284606
HD,66181,QMLE-Trade,2019-8-26,0.195627
HD,66181,QMLE-Trade,2019-8-27,0.151226
HD,66181,QMLE-Trade,2019-8-28,0.159688
HD,66181,QMLE-Trade,2019-8-29,0.165402
HD,66181,QMLE-Trade,2019-8-30,0.150458
HD,66181,QMLE-Trade,2019-9-3,0.169416
HD,66181,QMLE-Trade,2019-9-4,0.133112
HD,66181,QMLE-Trade,2019-9-5,0.128258
HD,66181,QMLE-Trade,2019-9-6,0.120522
HD,66181,QMLE-Trade,2019-9-9,0.14915
HD,66181,QMLE-Trade,2019-9-10,0.13959
HD,66181,QMLE-Trade,2019-9-11,0.143906
HD,66181,QMLE-Trade,2019-9-12,0.182358
HD,66181,QMLE-Trade,2019-9-13,0.146994
HD,66181,QMLE-Trade,2019-9-16,0.157508
HD,66181,QMLE-Trade,2019-9-17,0.158865
HD,66181,QMLE-Trade,2019-9-18,0.152164
HD,66181,QMLE-Trade,2019-9-19,0.106009
HD,66181,QMLE-Trade,2019-9-20,0.171264
HD,66181,QMLE-Trade,2019-9-23,0.151745
HD,66181,QMLE-Trade,2019-9-24,0.185461
HD,66181,QMLE-Trade,2019-9-25,0.15163
HD,66181,QMLE-Trade,2019-9-26,0.17335
HD,66181,QMLE-Trade,2019-9-27,0.167496
HD,66181,QMLE-Trade,2019-9-30,0.13223
HD,66181,QMLE-Trade,2019-10-1,0.161045
HD,66181,QMLE-Trade,2019-10-2,0.183478
HD,66181,QMLE-Trade,2019-10-3,0.218195
HD,66181,QMLE-Trade,2019-10-4,0.143397
HD,66181,QMLE-Trade,2019-10-7,0.144651
HD,66181,QMLE-Trade,2019-10-8,0.179154
HD,66181,QMLE-Trade,2019-10-9,0.176039
HD,66181,QMLE-Trade,2019-10-10,0.157964
HD,66181,QMLE-Trade,2019-10-11,0.1825
HD,66181,QMLE-Trade,2019-10-14,0.11826
HD,66181,QMLE-Trade,2019-10-15,0.11803
HD,66181,QMLE-Trade,2019-10-16,0.104657
HD,66181,QMLE-Trade,2019-10-17,0.108351
HD,66181,QMLE-Trade,2019-10-18,0.097952
HD,66181,QMLE-Trade,2019-10-21,0.103579
HD,66181,QMLE-Trade,2019-10-22,0.132309
HD,66181,QMLE-Trade,2019-10-23,0.107822
HD,66181,QMLE-Trade,2019-10-24,0.131192
HD,66181,QMLE-Trade,2019-10-25,0.124596
HD,66181,QMLE-Trade,2019-10-28,0.117424
HD,66181,QMLE-Trade,2019-10-29,0.106443
HD,66181,QMLE-Trade,2019-10-30,0.136107
HD,66181,QMLE-Trade,2019-10-31,0.132483
HD,66181,QMLE-Trade,2019-11-1,0.129451
HD,66181,QMLE-Trade,2019-11-4,0.114085
HD,66181,QMLE-Trade,2019-11-5,0.14929
HD,66181,QMLE-Trade,2019-11-6,0.130727
HD,66181,QMLE-Trade,2019-11-7,0.140996
HD,66181,QMLE-Trade,2019-11-8,0.118441
HD,66181,QMLE-Trade,2019-11-11,0.135977
HD,66181,QMLE-Trade,2019-11-12,0.119811
HD,66181,QMLE-Trade,2019-11-13,0.138675
HD,66181,QMLE-Trade,2019-11-14,0.149529
HD,66181,QMLE-Trade,2019-11-15,0.119906
HD,66181,QMLE-Trade,2019-11-18,0.139232
HD,66181,QMLE-Trade,2019-11-19,0.269748
HD,66181,QMLE-Trade,2019-11-20,0.190531
HD,66181,QMLE-Trade,2019-11-21,0.16157
HD,66181,QMLE-Trade,2019-11-22,0.0972126
HD,66181,QMLE-Trade,2019-11-25,0.10255
HD,66181,QMLE-Trade,2019-11-26,0.109528
HD,66181,QMLE-Trade,2019-11-27,0.117685
HD,66181,QMLE-Trade,2019-11-29,0.100327
HD,66181,QMLE-Trade,2019-12-2,0.129389
HD,66181,QMLE-Trade,2019-12-3,0.139109
HD,66181,QMLE-Trade,2019-12-4,0.102523
HD,66181,QMLE-Trade,2019-12-5,0.1336
HD,66181,QMLE-Trade,2019-12-6,0.103945
HD,66181,QMLE-Trade,2019-12-9,0.11494
HD,66181,QMLE-Trade,2019-12-10,0.125151
HD,66181,QMLE-Trade,2019-12-11,0.155441
HD,66181,QMLE-Trade,2019-12-12,0.169401
HD,66181,QMLE-Trade,2019-12-13,0.133544
HD,66181,QMLE-Trade,2019-12-16,0.103352
HD,66181,QMLE-Trade,2019-12-17,0.137953
HD,66181,QMLE-Trade,2019-12-18,0.119072
HD,66181,QMLE-Trade,2019-12-19,0.102497
HD,66181,QMLE-Trade,2019-12-20,0.107007
HD,66181,QMLE-Trade,2019-12-23,0.102543
HD,66181,QMLE-Trade,2019-12-24,0.0762167
HD,66181,QMLE-Trade,2019-12-26,0.0771228
HD,66181,QMLE-Trade,2019-12-27,0.090669
HD,66181,QMLE-Trade,2019-12-30,0.134766
HD,66181,QMLE-Trade,2019-12-31,0.0929886
HD,66181,QMLE-Trade,2020-1-2,0.115041
HD,66181,QMLE-Trade,2020-1-3,0.164323
HD,66181,QMLE-Trade,2020-1-6,0.129938
HD,66181,QMLE-Trade,2020-1-7,0.139652
HD,66181,QMLE-Trade,2020-1-8,0.146538
HD,66181,QMLE-Trade,2020-1-9,0.126914
HD,66181,QMLE-Trade,2020-1-10,0.148069
HD,66181,QMLE-Trade,2020-1-13,0.137495
HD,66181,QMLE-Trade,2020-1-14,0.145657
HD,66181,QMLE-Trade,2020-1-15,0.123543
HD,66181,QMLE-Trade,2020-1-16,0.13099
HD,66181,QMLE-Trade,2020-1-17,0.14805
HD,66181,QMLE-Trade,2020-1-21,0.125159
HD,66181,QMLE-Trade,2020-1-22,0.124259
HD,66181,QMLE-Trade,2020-1-23,0.139764
HD,66181,QMLE-Trade,2020-1-24,0.173442
HD,66181,QMLE-Trade,2020-1-27,0.163186
HD,66181,QMLE-Trade,2020-1-28,0.1387
HD,66181,QMLE-Trade,2020-1-29,0.134048
HD,66181,QMLE-Trade,2020-1-30,0.171065
HD,66181,QMLE-Trade,2020-1-31,0.193921
HD,66181,QMLE-Trade,2020-2-3,0.179515
HD,66181,QMLE-Trade,2020-2-4,0.116972
HD,66181,QMLE-Trade,2020-2-5,0.143946
HD,66181,QMLE-Trade,2020-2-6,0.113207
HD,66181,QMLE-Trade,2020-2-7,0.152286
HD,66181,QMLE-Trade,2020-2-10,0.117443
HD,66181,QMLE-Trade,2020-2-11,0.1203
HD,66181,QMLE-Trade,2020-2-12,0.142077
HD,66181,QMLE-Trade,2020-2-13,0.139688
HD,66181,QMLE-Trade,2020-2-14,0.114327
HD,66181,QMLE-Trade,2020-2-18,0.12966
HD,66181,QMLE-Trade,2020-2-19,0.107908
HD,66181,QMLE-Trade,2020-2-20,0.151148
HD,66181,QMLE-Trade,2020-2-21,0.161119
HD,66181,QMLE-Trade,2020-2-24,0.264931
HD,66181,QMLE-Trade,2020-2-25,0.348651
HD,66181,QMLE-Trade,2020-2-26,0.358137
HD,66181,QMLE-Trade,2020-2-27,0.392277
HD,66181,QMLE-Trade,2020-2-28,0.575789
HD,66181,QMLE-Trade,2020-3-2,0.408255
HD,66181,QMLE-Trade,2020-3-3,0.572562
HD,66181,QMLE-Trade,2020-3-4,0.326337
HD,66181,QMLE-Trade,2020-3-5,0.365395
HD,66181,QMLE-Trade,2020-3-6,0.417452
HD,66181,QMLE-Trade,2020-3-9,0.581489
HD,66181,QMLE-Trade,2020-3-10,0.558819
HD,66181,QMLE-Trade,2020-3-11,0.527742
HD,66181,QMLE-Trade,2020-3-12,1.15994
HD,66181,QMLE-Trade,2020-3-13,0.844826
HD,66181,QMLE-Trade,2020-3-16,0.851898
HD,66181,QMLE-Trade,2020-3-17,1.10472
HD,66181,QMLE-Trade,2020-3-18,1.0631
HD,66181,QMLE-Trade,2020-3-19,1.11416
HD,66181,QMLE-Trade,2020-3-20,1.00458
HD,66181,QMLE-Trade,2020-3-23,1.10993
HD,66181,QMLE-Trade,2020-3-24,0.767906
HD,66181,QMLE-Trade,2020-3-25,0.833835
HD,66181,QMLE-Trade,2020-3-26,0.793779
HD,66181,QMLE-Trade,2020-3-27,0.616934
HD,66181,QMLE-Trade,2020-3-30,0.590165
HD,66181,QMLE-Trade,2020-3-31,0.565944
HD,66181,QMLE-Trade,2020-4-1,0.598529
HD,66181,QMLE-Trade,2020-4-2,0.579231
HD,66181,QMLE-Trade,2020-4-3,0.474479
HD,66181,QMLE-Trade,2020-4-6,0.401131
HD,66181,QMLE-Trade,2020-4-7,0.590208
HD,66181,QMLE-Trade,2020-4-8,0.424777
HD,66181,QMLE-Trade,2020-4-9,0.464998
HD,66181,QMLE-Trade,2020-4-13,0.402543
HD,66181,QMLE-Trade,2020-4-14,0.374457
HD,66181,QMLE-Trade,2020-4-15,0.330497
HD,66181,QMLE-Trade,2020-4-16,0.335743
HD,66181,QMLE-Trade,2020-4-17,0.305957
HD,66181,QMLE-Trade,2020-4-20,0.293954
HD,66181,QMLE-Trade,2020-4-21,0.367598
HD,66181,QMLE-Trade,2020-4-22,0.267962
HD,66181,QMLE-Trade,2020-4-23,0.311948
HD,66181,QMLE-Trade,2020-4-24,0.219661
HD,66181,QMLE-Trade,2020-4-27,0.27627
HD,66181,QMLE-Trade,2020-4-28,0.264546
HD,66181,QMLE-Trade,2020-4-29,0.243233
HD,66181,QMLE-Trade,2020-4-30,0.256944
HD,66181,QMLE-Trade,2020-5-1,0.272564
HD,66181,QMLE-Trade,2020-5-4,0.233352
HD,66181,QMLE-Trade,2020-5-5,0.237284
HD,66181,QMLE-Trade,2020-5-6,0.255156
HD,66181,QMLE-Trade,2020-5-7,0.213484
HD,66181,QMLE-Trade,2020-5-8,0.18906
HD,66181,QMLE-Trade,2020-5-11,0.206876
HD,66181,QMLE-Trade,2020-5-12,0.214157
HD,66181,QMLE-Trade,2020-5-13,0.301286
HD,66181,QMLE-Trade,2020-5-14,0.276808
HD,66181,QMLE-Trade,2020-5-15,0.316916
HD,66181,QMLE-Trade,2020-5-18,0.259844
HD,66181,QMLE-Trade,2020-5-19,0.32155
HD,66181,QMLE-Trade,2020-5-20,0.253087
HD,66181,QMLE-Trade,2020-5-21,0.237835
HD,66181,QMLE-Trade,2020-5-22,0.18887
HD,66181,QMLE-Trade,2020-5-26,0.218575
HD,66181,QMLE-Trade,2020-5-27,0.244127
HD,66181,QMLE-Trade,2020-5-28,0.251054
HD,66181,QMLE-Trade,2020-5-29,0.276162
HD,66181,QMLE-Trade,2020-6-1,0.199137
HD,66181,QMLE-Trade,2020-6-2,0.206107
HD,66181,QMLE-Trade,2020-6-3,0.173755
HD,66181,QMLE-Trade,2020-6-4,0.20565
HD,66181,QMLE-Trade,2020-6-5,0.235468
HD,66181,QMLE-Trade,2020-6-8,0.194906
HD,66181,QMLE-Trade,2020-6-9,0.201574
HD,66181,QMLE-Trade,2020-6-10,0.249851
HD,66181,QMLE-Trade,2020-6-11,0.346241
HD,66181,QMLE-Trade,2020-6-12,0.354791
HD,66181,QMLE-Trade,2020-6-15,0.325786
HD,66181,QMLE-Trade,2020-6-16,0.321636
HD,66181,QMLE-Trade,2020-6-17,0.23484
HD,66181,QMLE-Trade,2020-6-18,0.201593
HD,66181,QMLE-Trade,2020-6-19,0.307893
HD,66181,QMLE-Trade,2020-6-22,0.225914
HD,66181,QMLE-Trade,2020-6-23,0.207281
HD,66181,QMLE-Trade,2020-6-24,0.263316
HD,66181,QMLE-Trade,2020-6-25,0.248019
HD,66181,QMLE-Trade,2020-6-26,0.248662
HD,66181,QMLE-Trade,2020-6-29,0.208714
HD,66181,QMLE-Trade,2020-6-30,0.203913
HD,66181,QMLE-Trade,2020-7-1,0.222436
HD,66181,QMLE-Trade,2020-7-2,0.191075
HD,66181,QMLE-Trade,2020-7-6,0.179017
HD,66181,QMLE-Trade,2020-7-7,0.173416
HD,66181,QMLE-Trade,2020-7-8,0.179595
HD,66181,QMLE-Trade,2020-7-9,0.202957
HD,66181,QMLE-Trade,2020-7-10,0.16937
HD,66181,QMLE-Trade,2020-7-13,0.208396
HD,66181,QMLE-Trade,2020-7-14,0.303415
HD,66181,QMLE-Trade,2020-7-15,0.269348
HD,66181,QMLE-Trade,2020-7-16,0.204719
HD,66181,QMLE-Trade,2020-7-17,0.167794
HD,66181,QMLE-Trade,2020-7-20,0.16296
HD,66181,QMLE-Trade,2020-7-21,0.172088
HD,66181,QMLE-Trade,2020-7-22,0.175032
HD,66181,QMLE-Trade,2020-7-23,0.210071
HD,66181,QMLE-Trade,2020-7-24,0.193633
HD,66181,QMLE-Trade,2020-7-27,0.168215
HD,66181,QMLE-Trade,2020-7-28,0.156684
HD,66181,QMLE-Trade,2020-7-29,0.163
HD,66181,QMLE-Trade,2020-7-30,0.207736
HD,66181,QMLE-Trade,2020-7-31,0.196655
HD,66181,QMLE-Trade,2020-8-3,0.143768
HD,66181,QMLE-Trade,2020-8-4,0.143285
HD,66181,QMLE-Trade,2020-8-5,0.138091
HD,66181,QMLE-Trade,2020-8-6,0.159662
HD,66181,QMLE-Trade,2020-8-7,0.187122
HD,66181,QMLE-Trade,2020-8-10,0.143216
HD,66181,QMLE-Trade,2020-8-11,0.186363
HD,66181,QMLE-Trade,2020-8-12,0.16177
HD,66181,QMLE-Trade,2020-8-13,0.154357
HD,66181,QMLE-Trade,2020-8-14,0.149384
HD,66181,QMLE-Trade,2020-8-17,0.170298
HD,66181,QMLE-Trade,2020-8-18,0.270975
HD,66181,QMLE-Trade,2020-8-19,0.213691
HD,66181,QMLE-Trade,2020-8-20,0.159008
HD,66181,QMLE-Trade,2020-8-21,0.153033
HD,66181,QMLE-Trade,2020-8-24,0.16378
HD,66181,QMLE-Trade,2020-8-25,0.177604
HD,66181,QMLE-Trade,2020-8-26,0.154247
HD,66181,QMLE-Trade,2020-8-27,0.186718
HD,66181,QMLE-Trade,2020-8-28,0.168277
HD,66181,QMLE-Trade,2020-8-31,0.173567
HD,66181,QMLE-Trade,2020-9-1,0.142432
HD,66181,QMLE-Trade,2020-9-2,0.155728
HD,66181,QMLE-Trade,2020-9-3,0.305886
HD,66181,QMLE-Trade,2020-9-4,0.355278
HD,66181,QMLE-Trade,2020-9-8,0.336665
HD,66181,QMLE-Trade,2020-9-9,0.209132
HD,66181,QMLE-Trade,2020-9-10,0.283592
HD,66181,QMLE-Trade,2020-9-11,0.231769
HD,66181,QMLE-Trade,2020-9-14,0.186177
HD,66181,QMLE-Trade,2020-9-15,0.172262
HD,66181,QMLE-Trade,2020-9-16,0.20751
HD,66181,QMLE-Trade,2020-9-17,0.228923
HD,66181,QMLE-Trade,2020-9-18,0.26568
HD,66181,QMLE-Trade,2020-9-21,0.273091
HD,66181,QMLE-Trade,2020-9-22,0.203883
HD,66181,QMLE-Trade,2020-9-23,0.230468
HD,66181,QMLE-Trade,2020-9-24,0.262024
HD,66181,QMLE-Trade,2020-9-25,0.21942
HD,66181,QMLE-Trade,2020-9-28,0.171893
HD,66181,QMLE-Trade,2020-9-29,0.163611
HD,66181,QMLE-Trade,2020-9-30,0.210422
HD,66181,QMLE-Trade,2020-10-1,0.23218
HD,66181,QMLE-Trade,2020-10-2,0.226986
HD,66181,QMLE-Trade,2020-10-5,0.152459
HD,66181,QMLE-Trade,2020-10-6,0.222285
HD,66181,QMLE-Trade,2020-10-7,0.167981
HD,66181,QMLE-Trade,2020-10-8,0.154883
HD,66181,QMLE-Trade,2020-10-9,0.133253
HD,66181,QMLE-Trade,2020-10-12,0.151018
HD,66181,QMLE-Trade,2020-10-13,0.167378
HD,66181,QMLE-Trade,2020-10-14,0.173438
HD,66181,QMLE-Trade,2020-10-15,0.194754
HD,66181,QMLE-Trade,2020-10-16,0.178117
HD,66181,QMLE-Trade,2020-10-19,0.207422
HD,66181,QMLE-Trade,2020-10-20,0.217107
HD,66181,QMLE-Trade,2020-10-21,0.202379
HD,66181,QMLE-Trade,2020-10-22,0.205572
HD,66181,QMLE-Trade,2020-10-23,0.17139
HD,66181,QMLE-Trade,2020-10-26,0.213951
HD,66181,QMLE-Trade,2020-10-27,0.206931
HD,66181,QMLE-Trade,2020-10-28,0.280961
HD,66181,QMLE-Trade,2020-10-29,0.255134
HD,66181,QMLE-Trade,2020-10-30,0.305063
HD,66181,QMLE-Trade,2020-11-2,0.270292
HD,66181,QMLE-Trade,2020-11-3,0.217563
HD,66181,QMLE-Trade,2020-11-4,0.292286
HD,66181,QMLE-Trade,2020-11-5,0.221346
HD,66181,QMLE-Trade,2020-11-6,0.213674
HD,66181,QMLE-Trade,2020-11-9,0.44525
HD,66181,QMLE-Trade,2020-11-10,0.320077
HD,66181,QMLE-Trade,2020-11-11,0.19904
HD,66181,QMLE-Trade,2020-11-12,0.249954
HD,66181,QMLE-Trade,2020-11-13,0.193472
HD,66181,QMLE-Trade,2020-11-16,0.166919
HD,66181,QMLE-Trade,2020-11-17,0.242227
HD,66181,QMLE-Trade,2020-11-18,0.237221
HD,66181,QMLE-Trade,2020-11-19,0.205553
HD,66181,QMLE-Trade,2020-11-20,0.153141
HD,66181,QMLE-Trade,2020-11-23,0.185993
HD,66181,QMLE-Trade,2020-11-24,0.175895
HD,66181,QMLE-Trade,2020-11-25,0.148599
HD,66181,QMLE-Trade,2020-11-27,0.143752
HD,66181,QMLE-Trade,2020-11-30,0.200486
HD,66181,QMLE-Trade,2020-12-1,0.180447
HD,66181,QMLE-Trade,2020-12-2,0.175973
HD,66181,QMLE-Trade,2020-12-3,0.147139
HD,66181,QMLE-Trade,2020-12-4,0.157021
HD,66181,QMLE-Trade,2020-12-7,0.145589
HD,66181,QMLE-Trade,2020-12-8,0.159427
HD,66181,QMLE-Trade,2020-12-9,0.200995
HD,66181,QMLE-Trade,2020-12-10,0.182018
HD,66181,QMLE-Trade,2020-12-11,0.161119
HD,66181,QMLE-Trade,2020-12-14,0.14672
HD,66181,QMLE-Trade,2020-12-15,0.130584
HD,66181,QMLE-Trade,2020-12-17,0.11075
HD,66181,QMLE-Trade,2020-12-18,0.187723
HD,66181,QMLE-Trade,2020-12-21,0.193199
HD,66181,QMLE-Trade,2020-12-22,0.143257
HD,66181,QMLE-Trade,2020-12-23,0.117336
HD,66181,QMLE-Trade,2020-12-24,0.0970965
HD,66181,QMLE-Trade,2020-12-28,0.125099
HD,66181,QMLE-Trade,2020-12-29,0.127858
HD,66181,QMLE-Trade,2020-12-30,0.104769
HD,66181,QMLE-Trade,2020-12-31,0.111412
HD,66181,QMLE-Trade,2021-1-4,0.207729
HD,66181,QMLE-Trade,2021-1-5,0.163383
HD,66181,QMLE-Trade,2021-1-6,0.211703
HD,66181,QMLE-Trade,2021-1-7,0.140518
HD,66181,QMLE-Trade,2021-1-8,0.16413
HD,66181,QMLE-Trade,2021-1-11,0.163696
HD,66181,QMLE-Trade,2021-1-12,0.155347
HD,66181,QMLE-Trade,2021-1-13,0.158777
HD,66181,QMLE-Trade,2021-1-14,0.150616
HD,66181,QMLE-Trade,2021-1-15,0.222109
HD,66181,QMLE-Trade,2021-1-19,0.187743
HD,66181,QMLE-Trade,2021-1-20,0.164352
HD,66181,QMLE-Trade,2021-1-21,0.166679
HD,66181,QMLE-Trade,2021-1-22,0.185984
HD,66181,QMLE-Trade,2021-1-25,0.230622
HD,66181,QMLE-Trade,2021-1-26,0.16769
HD,66181,QMLE-Trade,2021-1-27,0.284898
HD,66181,QMLE-Trade,2021-1-28,0.252517
HD,66181,QMLE-Trade,2021-1-29,0.253226
HD,66181,QMLE-Trade,2021-2-1,0.214467
HD,66181,QMLE-Trade,2021-2-2,0.225111
HD,66181,QMLE-Trade,2021-2-3,0.169423
HD,66181,QMLE-Trade,2021-2-4,0.149276
HD,66181,QMLE-Trade,2021-2-5,0.163398
HD,66181,QMLE-Trade,2021-2-8,0.181452
HD,66181,QMLE-Trade,2021-2-9,0.130195
HD,66181,QMLE-Trade,2021-2-10,0.167703
HD,66181,QMLE-Trade,2021-2-11,0.155165
HD,66181,QMLE-Trade,2021-2-12,0.151134
HD,66181,QMLE-Trade,2021-2-16,0.171419
HD,66181,QMLE-Trade,2021-2-17,0.175027
HD,66181,QMLE-Trade,2021-2-18,0.189412
HD,66181,QMLE-Trade,2021-2-19,0.172923
HD,66181,QMLE-Trade,2021-2-22,0.217449
HD,66181,QMLE-Trade,2021-2-23,0.408667
HD,66181,QMLE-Trade,2021-2-24,0.339387
HD,66181,QMLE-Trade,2021-2-25,0.253239
HD,66181,QMLE-Trade,2021-2-26,0.269409
HD,66181,QMLE-Trade,2021-3-1,0.204684
HD,66181,QMLE-Trade,2021-3-2,0.177668
HD,66181,QMLE-Trade,2021-3-3,0.211865
HD,66181,QMLE-Trade,2021-3-4,0.316015
HD,66181,QMLE-Trade,2021-3-5,0.282094
HD,66181,QMLE-Trade,2021-3-8,0.260547
HD,66181,QMLE-Trade,2021-3-9,0.225844
HD,66181,QMLE-Trade,2021-3-10,0.215901
HD,66181,QMLE-Trade,2021-3-11,0.183548
HD,66181,QMLE-Trade,2021-3-12,0.19639
HD,66181,QMLE-Trade,2021-3-15,0.167124
HD,66181,QMLE-Trade,2021-3-16,0.179995
HD,66181,QMLE-Trade,2021-3-17,0.205209
HD,66181,QMLE-Trade,2021-3-18,0.226325
HD,66181,QMLE-Trade,2021-3-19,0.210553
HD,66181,QMLE-Trade,2021-3-22,0.179848
HD,66181,QMLE-Trade,2021-3-24,0.206148
HD,66181,QMLE-Trade,2021-3-25,0.214215
HD,66181,QMLE-Trade,2021-3-26,0.223605
HD,66181,QMLE-Trade,2021-3-29,0.202643
HD,66181,QMLE-Trade,2021-3-30,0.183731
HD,66181,QMLE-Trade,2021-3-31,0.164854
HD,66181,QMLE-Trade,2021-4-1,0.145063
HD,66181,QMLE-Trade,2021-4-5,0.161131
HD,66181,QMLE-Trade,2021-4-6,0.145853
HD,66181,QMLE-Trade,2021-4-7,0.128132
HD,66181,QMLE-Trade,2021-4-9,0.134909
HD,66181,QMLE-Trade,2021-4-12,0.144032
HD,66181,QMLE-Trade,2021-4-13,0.135437
HD,66181,QMLE-Trade,2021-4-14,0.148446
HD,66181,QMLE-Trade,2021-4-15,0.14918
HD,66181,QMLE-Trade,2021-4-16,0.156546
HD,66181,QMLE-Trade,2021-4-19,0.170086
HD,66181,QMLE-Trade,2021-4-20,0.205059
HD,66181,QMLE-Trade,2021-4-21,0.144286
HD,66181,QMLE-Trade,2021-4-22,0.214015
HD,66181,QMLE-Trade,2021-4-23,0.135688
HD,66181,QMLE-Trade,2021-4-26,0.137722
HD,66181,QMLE-Trade,2021-4-27,0.136169
HD,66181,QMLE-Trade,2021-4-28,0.121543
HD,66181,QMLE-Trade,2021-4-29,0.160715
HD,66181,QMLE-Trade,2021-4-30,0.146819
HD,66181,QMLE-Trade,2021-5-3,0.142127
HD,66181,QMLE-Trade,2021-5-4,0.172088
HD,66181,QMLE-Trade,2021-5-5,0.154103
HD,66181,QMLE-Trade,2021-5-6,0.130004
HD,66181,QMLE-Trade,2021-5-7,0.148925
HD,66181,QMLE-Trade,2021-5-10,0.171853
HD,66181,QMLE-Trade,2021-5-11,0.255996
HD,66181,QMLE-Trade,2021-5-13,0.208695
HD,66181,QMLE-Trade,2021-5-14,0.184973
HD,66181,QMLE-Trade,2021-5-17,0.220754
HD,66181,QMLE-Trade,2021-5-18,0.302492
HD,66181,QMLE-Trade,2021-5-19,0.258012
HD,66181,QMLE-Trade,2021-5-20,0.189251
HD,66181,QMLE-Trade,2021-5-21,0.163881
HD,66181,QMLE-Trade,2021-5-24,0.136413
HD,66181,QMLE-Trade,2021-5-25,0.149752
HD,66181,QMLE-Trade,2021-5-26,0.15087
HD,66181,QMLE-Trade,2021-5-27,0.154924
HD,66181,QMLE-Trade,2021-5-28,0.140363
HD,66181,QMLE-Trade,2021-6-1,0.141206
HD,66181,QMLE-Trade,2021-6-2,0.144448
HD,66181,QMLE-Trade,2021-6-3,0.1486
HD,66181,QMLE-Trade,2021-6-4,0.132081
HD,66181,QMLE-Trade,2021-6-7,0.133433
HD,66181,QMLE-Trade,2021-6-8,0.131726
HD,66181,QMLE-Trade,2021-6-9,0.11068
HD,66181,QMLE-Trade,2021-6-10,0.141786
HD,66181,QMLE-Trade,2021-6-11,0.130015
HD,66181,QMLE-Trade,2021-6-14,0.124578
HD,66181,QMLE-Trade,2021-6-15,0.130416
HD,66181,QMLE-Trade,2021-6-16,0.192606
HD,66181,QMLE-Trade,2021-6-17,0.16795
HD,66181,QMLE-Trade,2021-6-18,0.209506
HD,66181,QMLE-Trade,2021-6-21,0.166229
HD,66181,QMLE-Trade,2021-6-22,0.154264
HD,66181,QMLE-Trade,2021-6-23,0.12879
HD,66181,QMLE-Trade,2021-6-24,0.12007
HD,66181,QMLE-Trade,2021-6-25,0.129155
HD,66181,QMLE-Trade,2021-6-28,0.128379
HD,66181,QMLE-Trade,2021-6-29,0.133783
HD,66181,QMLE-Trade,2021-6-30,0.12743
HD,66181,QMLE-Trade,2021-7-1,0.110024
HD,66181,QMLE-Trade,2021-7-2,0.109271
HD,66181,QMLE-Trade,2021-7-6,0.142108
HD,66181,QMLE-Trade,2021-7-7,0.139131
HD,66181,QMLE-Trade,2021-7-8,0.182169
HD,66181,QMLE-Trade,2021-7-9,0.128756
HD,66181,QMLE-Trade,2021-7-12,0.129169
HD,66181,QMLE-Trade,2021-7-13,0.146118
HD,66181,QMLE-Trade,2021-7-14,0.139054
HD,66181,QMLE-Trade,2021-7-15,0.143135
HD,66181,QMLE-Trade,2021-7-16,0.14964
HD,66181,QMLE-Trade,2021-7-19,0.217936
HD,66181,QMLE-Trade,2021-7-20,0.161289
HD,66181,QMLE-Trade,2021-7-21,0.136997
HD,66181,QMLE-Trade,2021-7-22,0.115593
HD,66181,QMLE-Trade,2021-7-23,0.116321
HD,66181,QMLE-Trade,2021-7-26,0.136018
HD,66181,QMLE-Trade,2021-7-27,0.153609
HD,66181,QMLE-Trade,2021-7-28,0.152811
HD,66181,QMLE-Trade,2021-7-29,0.144358
HD,66181,QMLE-Trade,2021-7-30,0.133078
HD,66181,QMLE-Trade,2021-8-2,0.155642
HD,66181,QMLE-Trade,2021-8-3,0.151093
HD,66181,QMLE-Trade,2021-8-4,0.130263
HD,66181,QMLE-Trade,2021-8-5,0.129759
HD,66181,QMLE-Trade,2021-8-6,0.123436
HD,66181,QMLE-Trade,2021-8-9,0.124738
HD,66181,QMLE-Trade,2021-8-10,0.116361
HD,66181,QMLE-Trade,2021-8-11,0.154061
HD,66181,QMLE-Trade,2021-8-12,0.141628
HD,66181,QMLE-Trade,2021-8-13,0.126502
HD,66181,QMLE-Trade,2021-8-16,0.151877
HD,66181,QMLE-Trade,2021-8-17,0.263445
HD,66181,QMLE-Trade,2021-8-18,0.224857
HD,66181,QMLE-Trade,2021-8-19,0.210108
HD,66181,QMLE-Trade,2021-8-20,0.1509
HD,66181,QMLE-Trade,2021-8-23,0.127189
HD,66181,QMLE-Trade,2021-8-24,0.127266
HD,66181,QMLE-Trade,2021-8-25,0.140514
HD,66181,QMLE-Trade,2021-8-26,0.156658
HD,66181,QMLE-Trade,2021-8-27,0.14871
HD,66181,QMLE-Trade,2021-8-30,0.12501
HD,66181,QMLE-Trade,2021-8-31,0.1454
HD,66181,QMLE-Trade,2021-9-1,0.143529
HD,66181,QMLE-Trade,2021-9-2,0.127245
HD,66181,QMLE-Trade,2021-9-3,0.139227
HD,66181,QMLE-Trade,2021-9-7,0.147166
HD,66181,QMLE-Trade,2021-9-8,0.152335
HD,66181,QMLE-Trade,2021-9-9,0.144333
HD,66181,QMLE-Trade,2021-9-10,0.151237
HD,66181,QMLE-Trade,2021-9-13,0.183028
HD,66181,QMLE-Trade,2021-9-14,0.153401
HD,66181,QMLE-Trade,2021-9-15,0.145664
HD,66181,QMLE-Trade,2021-9-16,0.15516
HD,66181,QMLE-Trade,2021-9-17,0.165296
HD,66181,QMLE-Trade,2021-9-20,0.207579
HD,66181,QMLE-Trade,2021-9-21,0.171971
HD,66181,QMLE-Trade,2021-9-22,0.173443
HD,66181,QMLE-Trade,2021-9-23,0.120679
HD,66181,QMLE-Trade,2021-9-24,0.103525
HD,66181,QMLE-Trade,2021-9-27,0.173426
HD,66181,QMLE-Trade,2021-9-28,0.199637
HD,66181,QMLE-Trade,2021-9-29,0.170937
HD,66181,QMLE-Trade,2021-9-30,0.208553
HD,66181,QMLE-Trade,2021-10-1,0.206409
HD,66181,QMLE-Trade,2021-10-4,0.224323
HD,66181,QMLE-Trade,2021-10-5,0.182814
HD,66181,QMLE-Trade,2021-10-6,0.199202
HD,66181,QMLE-Trade,2021-10-7,0.165088
HD,66181,QMLE-Trade,2021-10-8,0.16897
HD,66181,QMLE-Trade,2021-10-11,0.157797
HD,66181,QMLE-Trade,2021-10-12,0.17902
HD,66181,QMLE-Trade,2021-10-13,0.165111
HD,66181,QMLE-Trade,2021-10-14,0.136296
HD,66181,QMLE-Trade,2021-10-15,0.132308
HD,66181,QMLE-Trade,2021-10-18,0.14228
HD,66181,QMLE-Trade,2021-10-19,0.132056
HD,66181,QMLE-Trade,2021-10-20,0.152423
HD,66181,QMLE-Trade,2021-10-21,0.137912
HD,66181,QMLE-Trade,2021-10-22,0.145134
HD,66181,QMLE-Trade,2021-10-25,0.134635
HD,66181,QMLE-Trade,2021-10-26,0.159764
HD,66181,QMLE-Trade,2021-10-27,0.169349
HD,66181,QMLE-Trade,2021-10-28,0.144503
HD,66181,QMLE-Trade,2021-11-1,0.162642
HD,66181,QMLE-Trade,2021-11-2,0.13884
HD,66181,QMLE-Trade,2021-11-3,0.146401
HD,66181,QMLE-Trade,2021-11-4,0.141834
HD,66181,QMLE-Trade,2021-11-5,0.152832
HD,66181,QMLE-Trade,2021-11-8,0.170256
HD,66181,QMLE-Trade,2021-11-9,0.161161
HD,66181,QMLE-Trade,2021-11-10,0.155998
HD,66181,QMLE-Trade,2021-11-11,0.147461
HD,66181,QMLE-Trade,2021-11-12,0.13402
HD,66181,QMLE-Trade,2021-11-15,0.155035
HD,66181,QMLE-Trade,2021-11-16,0.288939
HD,66181,QMLE-Trade,2021-11-17,0.278983
HD,66181,QMLE-Trade,2021-11-18,0.166903
HD,66181,QMLE-Trade,2021-11-19,0.169579
HD,66181,QMLE-Trade,2021-11-22,0.195658
HD,66181,QMLE-Trade,2021-11-23,0.227862
HD,66181,QMLE-Trade,2021-11-24,0.180188
HD,66181,QMLE-Trade,2021-11-26,0.278285
HD,66181,QMLE-Trade,2021-11-29,0.216186
HD,66181,QMLE-Trade,2021-11-30,0.263203
HD,66181,QMLE-Trade,2021-12-1,0.240124
HD,66181,QMLE-Trade,2021-12-2,0.282058
HD,66181,QMLE-Trade,2021-12-3,0.291927
HD,66181,QMLE-Trade,2021-12-6,0.251022
HD,66181,QMLE-Trade,2021-12-7,0.195606
HD,66181,QMLE-Trade,2021-12-8,0.191256
HD,66181,QMLE-Trade,2021-12-9,0.166343
HD,66181,QMLE-Trade,2021-12-10,0.18624
HD,66181,QMLE-Trade,2021-12-13,0.21165
HD,66181,QMLE-Trade,2021-12-14,0.205787
HD,66181,QMLE-Trade,2021-12-15,0.25055
HD,66181,QMLE-Trade,2021-12-16,0.252071
HD,66181,QMLE-Trade,2021-12-17,0.259392
HD,66181,QMLE-Trade,2021-12-20,0.220673
HD,66181,QMLE-Trade,2021-12-21,0.19879
HD,66181,QMLE-Trade,2021-12-22,0.14083
HD,66181,QMLE-Trade,2021-12-23,0.134807
HD,66181,QMLE-Trade,2021-12-28,0.138657
HD,66181,QMLE-Trade,2021-12-29,0.127054
HD,66181,QMLE-Trade,2021-12-30,0.130372
HD,66181,QMLE-Trade,2021-12-31,0.128009
HD,66181,QMLE-Trade,2022-1-3,0.207875
HD,66181,QMLE-Trade,2022-1-4,0.181179
HD,66181,QMLE-Trade,2022-1-5,0.217701
HD,66181,QMLE-Trade,2022-1-6,0.210523
HD,66181,QMLE-Trade,2022-1-7,0.202878
HD,66181,QMLE-Trade,2022-1-10,0.264105
HD,66181,QMLE-Trade,2022-1-11,0.243009
HD,66181,QMLE-Trade,2022-1-12,0.227607
HD,66181,QMLE-Trade,2022-1-13,0.221037
HD,66181,QMLE-Trade,2022-1-14,0.224796
HD,66181,QMLE-Trade,2022-1-18,0.268368
HD,66181,QMLE-Trade,2022-1-19,0.251663
HD,66181,QMLE-Trade,2022-1-20,0.251323
HD,66181,QMLE-Trade,2022-1-21,0.361614
HD,66181,QMLE-Trade,2022-1-24,0.43301
HD,66181,QMLE-Trade,2022-1-25,0.414357
HD,66181,QMLE-Trade,2022-1-26,0.389978
HD,66181,QMLE-Trade,2022-1-27,0.339494
HD,66181,QMLE-Trade,2022-1-28,0.332408
HD,66181,QMLE-Trade,2022-1-31,0.225927
HD,66181,QMLE-Trade,2022-2-1,0.223008
HD,66181,QMLE-Trade,2022-2-2,0.208031
HD,66181,QMLE-Trade,2022-2-3,0.221344
HD,66181,QMLE-Trade,2022-2-4,0.236045
HD,66181,QMLE-Trade,2022-2-7,0.19489
HD,66181,QMLE-Trade,2022-2-8,0.213287
HD,66181,QMLE-Trade,2022-2-9,0.174667
HD,66181,QMLE-Trade,2022-2-10,0.267109
HD,66181,QMLE-Trade,2022-2-11,0.259654
HD,66181,QMLE-Trade,2022-2-14,0.243207
HD,66181,QMLE-Trade,2022-2-15,0.168151
HD,66181,QMLE-Trade,2022-2-16,0.199873
HD,66181,QMLE-Trade,2022-2-17,0.219464
HD,66181,QMLE-Trade,2022-2-18,0.224737
HD,66181,QMLE-Trade,2022-2-22,0.422224
HD,66181,QMLE-Trade,2022-2-23,0.322698
HD,66181,QMLE-Trade,2022-2-24,0.348042
HD,66181,QMLE-Trade,2022-2-25,0.281531
HD,66181,QMLE-Trade,2022-2-28,0.278329
HD,66181,QMLE-Trade,2022-3-1,0.303602
HD,66181,QMLE-Trade,2022-3-2,0.264768
HD,66181,QMLE-Trade,2022-3-3,0.235361
HD,66181,QMLE-Trade,2022-3-4,0.256363
HD,66181,QMLE-Trade,2022-3-7,0.295296
HD,66181,QMLE-Trade,2022-3-8,0.335438
HD,66181,QMLE-Trade,2022-3-9,0.239966
HD,66181,QMLE-Trade,2022-3-10,0.241673
HD,66181,QMLE-Trade,2022-3-11,0.21638
HD,66181,QMLE-Trade,2022-3-14,0.331616
HD,66181,QMLE-Trade,2022-3-15,0.225251
HD,66181,QMLE-Trade,2022-3-16,0.298764
HD,66181,QMLE-Trade,2022-3-17,0.218865
HD,66181,QMLE-Trade,2022-3-18,0.220824
HD,66181,QMLE-Trade,2022-3-21,0.252709
HD,66181,QMLE-Trade,2022-3-22,0.213635
HD,66181,QMLE-Trade,2022-3-23,0.205901
HD,66181,QMLE-Trade,2022-3-24,0.188203
HD,66181,QMLE-Trade,2022-3-25,0.222315
HD,66181,QMLE-Trade,2022-3-28,0.20441
HD,66181,QMLE-Trade,2022-3-29,0.216422
HD,66181,QMLE-Trade,2022-3-30,0.213516
HD,66181,QMLE-Trade,2022-3-31,0.234258
HD,66181,QMLE-Trade,2022-4-1,0.222373
HD,66181,QMLE-Trade,2022-4-4,0.215549
HD,66181,QMLE-Trade,2022-4-5,0.223015
HD,66181,QMLE-Trade,2022-4-6,0.274262
HD,66181,QMLE-Trade,2022-4-7,0.236987
HD,66181,QMLE-Trade,2022-4-8,0.220086
HD,66181,QMLE-Trade,2022-4-11,0.235509
HD,66181,QMLE-Trade,2022-4-12,0.241889
HD,66181,QMLE-Trade,2022-4-13,0.176441
HD,66181,QMLE-Trade,2022-4-14,0.191923
HD,66181,QMLE-Trade,2022-4-18,0.193872
HD,66181,QMLE-Trade,2022-4-19,0.189886
HD,66181,QMLE-Trade,2022-4-20,0.217864
HD,66181,QMLE-Trade,2022-4-21,0.216452
HD,66181,QMLE-Trade,2022-4-22,0.212025
HD,66181,QMLE-Trade,2022-4-25,0.287652
HD,66181,QMLE-Trade,2022-4-26,0.280179
HD,66181,QMLE-Trade,2022-4-27,0.298023
HD,66181,QMLE-Trade,2022-4-28,0.2556
HD,66181,QMLE-Trade,2022-4-29,0.25016
HD,66181,QMLE-Trade,2022-5-2,0.366218
HD,66181,QMLE-Trade,2022-5-3,0.284815
HD,66181,QMLE-Trade,2022-5-4,0.316717
HD,66181,QMLE-Trade,2022-5-5,0.395879
HD,66181,QMLE-Trade,2022-5-6,0.365849
HD,66181,QMLE-Trade,2022-5-9,0.361578
HD,66181,QMLE-Trade,2022-5-10,0.381486
HD,66181,QMLE-Trade,2022-5-11,0.370133
HD,66181,QMLE-Trade,2022-5-12,0.364078
HD,66181,QMLE-Trade,2022-5-13,0.294352
HD,66181,QMLE-Trade,2022-5-16,0.307474
HD,66181,QMLE-Trade,2022-5-18,0.404638
HD,66181,QMLE-Trade,2022-5-19,0.390671
HD,66181,QMLE-Trade,2022-5-20,0.355933
HD,66181,QMLE-Trade,2022-5-23,0.32823
HD,66181,QMLE-Trade,2022-5-24,0.37691
HD,66181,QMLE-Trade,2022-5-25,0.373468
HD,66181,QMLE-Trade,2022-5-26,0.313291
HD,66181,QMLE-Trade,2022-5-27,0.285445
HD,66181,QMLE-Trade,2022-5-31,0.315701
HD,66181,QMLE-Trade,2022-6-1,0.30106
HD,66181,QMLE-Trade,2022-6-2,0.255083
HD,66181,QMLE-Trade,2022-6-3,0.26024
HD,66181,QMLE-Trade,2022-6-6,0.253921
HD,66181,QMLE-Trade,2022-6-7,0.29129
HD,66181,QMLE-Trade,2022-6-8,0.224313
HD,66181,QMLE-Trade,2022-6-9,0.287757
HD,66181,QMLE-Trade,2022-6-10,0.334522
HD,66181,QMLE-Trade,2022-6-13,0.366269
HD,66181,QMLE-Trade,2022-6-14,0.332474
HD,66181,QMLE-Trade,2022-6-15,0.382176
HD,66181,QMLE-Trade,2022-6-16,0.36151
HD,66181,QMLE-Trade,2022-6-17,0.339914
HD,66181,QMLE-Trade,2022-6-21,0.272065
HD,66181,QMLE-Trade,2022-6-22,0.265283
HD,66181,QMLE-Trade,2022-6-23,0.291757
HD,66181,QMLE-Trade,2022-6-24,0.247008
HD,66181,QMLE-Trade,2022-6-27,0.241007
HD,66181,QMLE-Trade,2022-6-28,0.280938
HD,66181,QMLE-Trade,2022-6-29,0.268631
HD,66181,QMLE-Trade,2022-6-30,0.287057
HD,66181,QMLE-Trade,2022-7-1,0.277164
HD,66181,QMLE-Trade,2022-7-5,0.274657
HD,66181,QMLE-Trade,2022-7-6,0.257403
HD,66181,QMLE-Trade,2022-7-7,0.215654
HD,66181,QMLE-Trade,2022-7-8,0.205668
HD,66181,QMLE-Trade,2022-7-11,0.215855
HD,66181,QMLE-Trade,2022-7-12,0.238053
HD,66181,QMLE-Trade,2022-7-13,0.279331
HD,66181,QMLE-Trade,2022-7-14,0.278885
HD,66181,QMLE-Trade,2022-7-15,0.232723
HD,66181,QMLE-Trade,2022-7-18,0.217768
HD,66181,QMLE-Trade,2022-7-19,0.185535
HD,66181,QMLE-Trade,2022-7-20,0.20781
HD,66181,QMLE-Trade,2022-7-21,0.231424
HD,66181,QMLE-Trade,2022-7-22,0.232781
HD,66181,QMLE-Trade,2022-7-25,0.196574
HD,66181,QMLE-Trade,2022-7-26,0.223101
HD,66181,QMLE-Trade,2022-7-27,0.259952
HD,66181,QMLE-Trade,2022-7-28,0.266805
HD,66181,QMLE-Trade,2022-7-29,0.204823
HD,66181,QMLE-Trade,2022-8-1,0.241606
HD,66181,QMLE-Trade,2022-8-2,0.238773
HD,66181,QMLE-Trade,2022-8-3,0.209538
HD,66181,QMLE-Trade,2022-8-4,0.213212
HD,66181,QMLE-Trade,2022-8-5,0.196299
HD,66181,QMLE-Trade,2022-8-8,0.206788
HD,66181,QMLE-Trade,2022-8-9,0.217559
HD,66181,QMLE-Trade,2022-8-10,0.217831
HD,66181,QMLE-Trade,2022-8-11,0.212292
HD,66181,QMLE-Trade,2022-8-12,0.161344
HD,66181,QMLE-Trade,2022-8-15,0.190595
HD,66181,QMLE-Trade,2022-8-16,0.341225
HD,66181,QMLE-Trade,2022-8-17,0.248262
HD,66181,QMLE-Trade,2022-8-18,0.191697
HD,66181,QMLE-Trade,2022-8-19,0.199101
HD,66181,QMLE-Trade,2022-8-22,0.212062
HD,66181,QMLE-Trade,2022-8-23,0.199194
HD,66181,QMLE-Trade,2022-8-24,0.187497
HD,66181,QMLE-Trade,2022-8-25,0.164216
HD,66181,QMLE-Trade,2022-8-26,0.235725
HD,66181,QMLE-Trade,2022-8-29,0.232805
HD,66181,QMLE-Trade,2022-8-30,0.241727
HD,66181,QMLE-Trade,2022-8-31,0.248365
HD,66181,QMLE-Trade,2022-9-1,0.223847
HD,66181,QMLE-Trade,2022-9-2,0.24018
HD,66181,QMLE-Trade,2022-9-6,0.268726
HD,66181,QMLE-Trade,2022-9-8,0.233973
HD,66181,QMLE-Trade,2022-9-9,0.194775
HD,66181,QMLE-Trade,2022-9-12,0.179031
HD,66181,QMLE-Trade,2022-9-13,0.233624
HD,66181,QMLE-Trade,2022-9-14,0.221373
HD,66181,QMLE-Trade,2022-9-15,0.227455
HD,66181,QMLE-Trade,2022-9-16,0.243875
HD,66181,QMLE-Trade,2022-9-19,0.221661
HD,66181,QMLE-Trade,2022-9-20,0.208705
HD,66181,QMLE-Trade,2022-9-21,0.317878
HD,66181,QMLE-Trade,2022-9-22,0.245839
HD,66181,QMLE-Trade,2022-9-23,0.243443
HD,66181,QMLE-Trade,2022-9-26,0.263593
HD,66181,QMLE-Trade,2022-9-27,0.274747
HD,66181,QMLE-Trade,2022-9-28,0.256422
HD,66181,QMLE-Trade,2022-9-29,0.273764
HD,66181,QMLE-Trade,2022-9-30,0.276617
HD,66181,QMLE-Trade,2022-10-4,0.240276
HD,66181,QMLE-Trade,2022-10-5,0.219734
HD,66181,QMLE-Trade,2022-10-6,0.243938
HD,66181,QMLE-Trade,2022-10-7,0.214984
HD,66181,QMLE-Trade,2022-10-10,0.24093
HD,66181,QMLE-Trade,2022-10-11,0.262176
HD,66181,QMLE-Trade,2022-10-12,0.232581
HD,66181,QMLE-Trade,2022-10-13,0.364357
HD,66181,QMLE-Trade,2022-10-14,0.313592
HD,66181,QMLE-Trade,2022-10-17,0.251559
HD,66181,QMLE-Trade,2022-10-18,0.256633
HD,66181,QMLE-Trade,2022-10-19,0.296881
HD,66181,QMLE-Trade,2022-10-20,0.272846
HD,66181,QMLE-Trade,2022-10-21,0.308964
HD,66181,QMLE-Trade,2022-10-24,0.297707
HD,66181,QMLE-Trade,2022-10-25,0.251665
HD,66181,QMLE-Trade,2022-10-26,0.258373
HD,66181,QMLE-Trade,2022-10-27,0.27695
HD,66181,QMLE-Trade,2022-10-28,0.225677
HD,66181,QMLE-Trade,2022-10-31,0.282407
HD,66181,QMLE-Trade,2022-11-1,0.267623
HD,66181,QMLE-Trade,2022-11-2,0.355084
HD,66181,QMLE-Trade,2022-11-3,0.326383
HD,66181,QMLE-Trade,2022-11-4,0.30485
HD,66181,QMLE-Trade,2022-11-7,0.222098
HD,66181,QMLE-Trade,2022-11-8,0.252292
HD,66181,QMLE-Trade,2022-11-9,0.257868
HD,66181,QMLE-Trade,2022-11-10,0.330704
HD,66181,QMLE-Trade,2022-11-11,0.29317
HD,66181,QMLE-Trade,2022-11-14,0.26287
HD,66181,QMLE-Trade,2022-11-15,0.448015
HD,66181,QMLE-Trade,2022-11-16,0.305017
HD,66181,QMLE-Trade,2022-11-17,0.257018
HD,66181,QMLE-Trade,2022-11-18,0.22638
HD,66181,QMLE-Trade,2022-11-21,0.211729
HD,66181,QMLE-Trade,2022-11-22,0.226581
HD,66181,QMLE-Trade,2022-11-23,0.221063
HD,66181,QMLE-Trade,2022-11-25,0.183012
HD,66181,QMLE-Trade,2022-11-28,0.226143
HD,66181,QMLE-Trade,2022-11-29,0.200517
HD,66181,QMLE-Trade,2022-11-30,0.237556
HD,66181,QMLE-Trade,2022-12-1,0.219482
HD,66181,QMLE-Trade,2022-12-2,0.215337
HD,66181,QMLE-Trade,2022-12-6,0.199417
HD,66181,QMLE-Trade,2022-12-7,0.242184
HD,66181,QMLE-Trade,2022-12-8,0.199515
HD,66181,QMLE-Trade,2022-12-9,0.19581
HD,66181,QMLE-Trade,2022-12-12,0.167119
HD,66181,QMLE-Trade,2022-12-13,0.336299
HD,66181,QMLE-Trade,2022-12-14,0.35265
HD,66181,QMLE-Trade,2022-12-15,0.252068
HD,66181,QMLE-Trade,2022-12-16,0.264859
HD,66181,QMLE-Trade,2022-12-19,0.212591
HD,66181,QMLE-Trade,2022-12-20,0.217749
HD,66181,QMLE-Trade,2022-12-21,0.190514
HD,66181,QMLE-Trade,2022-12-22,0.211084
HD,66181,QMLE-Trade,2022-12-23,0.226694
HD,66181,QMLE-Trade,2022-12-27,0.181565
HD,66181,QMLE-Trade,2022-12-29,0.144314
HD,66181,QMLE-Trade,2022-12-30,0.168103
HD,66181,QMLE-Trade,2023-1-3,0.250375
HD,66181,QMLE-Trade,2023-1-4,0.25011
HD,66181,QMLE-Trade,2023-1-5,0.203662
HD,66181,QMLE-Trade,2023-1-6,0.273735
HD,66181,QMLE-Trade,2023-1-9,0.192656
HD,66181,QMLE-Trade,2023-1-10,0.20803
HD,66181,QMLE-Trade,2023-1-11,0.18665
HD,66181,QMLE-Trade,2023-1-12,0.216028
HD,66181,QMLE-Trade,2023-1-17,0.187238
HD,66181,QMLE-Trade,2023-1-18,0.213083
HD,66181,QMLE-Trade,2023-1-19,0.247997
HD,66181,QMLE-Trade,2023-1-20,0.212653
HD,66181,QMLE-Trade,2023-1-23,0.198408
HD,66181,QMLE-Trade,2023-1-24,0.232297
HD,66181,QMLE-Trade,2023-1-25,0.1707
HD,66181,QMLE-Trade,2023-1-26,0.2329
HD,66181,QMLE-Trade,2023-1-27,0.19079
HD,66181,QMLE-Trade,2023-1-30,0.181668
HD,66181,QMLE-Trade,2023-1-31,0.192859
HD,66181,QMLE-Trade,2023-2-1,0.258145
HD,66181,QMLE-Trade,2023-2-2,0.258149
HD,66181,QMLE-Trade,2023-2-3,0.249438
HD,66181,QMLE-Trade,2023-2-6,0.19594
HD,66181,QMLE-Trade,2023-2-7,0.233357
HD,66181,QMLE-Trade,2023-2-8,0.198126
HD,66181,QMLE-Trade,2023-2-9,0.19195
HD,66181,QMLE-Trade,2023-2-10,0.197231
HD,66181,QMLE-Trade,2023-2-13,0.175128
HD,66181,QMLE-Trade,2023-2-14,0.243556
HD,66181,QMLE-Trade,2023-2-15,0.194086
HD,66181,QMLE-Trade,2023-2-16,0.222043
HD,66181,QMLE-Trade,2023-2-17,0.223117
HD,66181,QMLE-Trade,2023-2-21,0.318919
HD,66181,QMLE-Trade,2023-2-22,0.251962
HD,66181,QMLE-Trade,2023-2-23,0.210842
HD,66181,QMLE-Trade,2023-2-24,0.205467
HD,66181,QMLE-Trade,2023-2-27,0.182266
HD,66181,QMLE-Trade,2023-2-28,0.164863
HD,66181,QMLE-Trade,2023-3-1,0.255416
HD,66181,QMLE-Trade,2023-3-2,0.210087
HD,66181,QMLE-Trade,2023-3-3,0.164944
HD,66181,QMLE-Trade,2023-3-6,0.165931
HD,66181,QMLE-Trade,2023-3-7,0.205621
HD,66181,QMLE-Trade,2023-3-8,0.180167
HD,66181,QMLE-Trade,2023-3-9,0.187821
HD,66181,QMLE-Trade,2023-3-10,0.296616
HD,66181,QMLE-Trade,2023-3-13,0.389352
HD,66181,QMLE-Trade,2023-3-14,0.268433
HD,66181,QMLE-Trade,2023-3-15,0.30928
HD,66181,QMLE-Trade,2023-3-16,0.213692
HD,66181,QMLE-Trade,2023-3-17,0.297218
HD,66181,QMLE-Trade,2023-3-20,0.20588
HD,66181,QMLE-Trade,2023-3-21,0.185818
HD,66181,QMLE-Trade,2023-3-22,0.245859
HD,66181,QMLE-Trade,2023-3-23,0.242975
HD,66181,QMLE-Trade,2023-3-24,0.208749
HD,66181,QMLE-Trade,2023-3-27,0.165918
HD,66181,QMLE-Trade,2023-3-28,0.140677
HD,66181,QMLE-Trade,2023-3-29,0.144501
HD,66181,QMLE-Trade,2023-3-30,0.155499
HD,66181,QMLE-Trade,2023-3-31,0.148979
HD,66181,QMLE-Trade,2023-4-3,0.146685
HD,66181,QMLE-Trade,2023-4-4,0.143502
HD,66181,QMLE-Trade,2023-4-5,0.151273
HD,66181,QMLE-Trade,2023-4-6,0.146896
HD,66181,QMLE-Trade,2023-4-10,0.157866
HD,66181,QMLE-Trade,2023-4-11,0.126108
HD,66181,QMLE-Trade,2023-4-12,0.171094
HD,66181,QMLE-Trade,2023-4-13,0.16318
HD,66181,QMLE-Trade,2023-4-14,0.16995
HD,66181,QMLE-Trade,2023-4-17,0.135583
HD,66181,QMLE-Trade,2023-4-18,0.135878
HD,66181,QMLE-Trade,2023-4-19,0.136929
HD,66181,QMLE-Trade,2023-4-20,0.151817
HD,66181,QMLE-Trade,2023-4-21,0.15628
HD,66181,QMLE-Trade,2023-4-24,0.125933
HD,66181,QMLE-Trade,2023-4-25,0.140642
HD,66181,QMLE-Trade,2023-4-26,0.172926
HD,66181,QMLE-Trade,2023-4-27,0.162423
HD,66181,QMLE-Trade,2023-4-28,0.15644
HD,66181,QMLE-Trade,2023-5-1,0.146326
HD,66181,QMLE-Trade,2023-5-2,0.166773
HD,66181,QMLE-Trade,2023-5-3,0.229492
HD,66181,QMLE-Trade,2023-5-4,0.226531
HD,66181,QMLE-Trade,2023-5-5,0.194755
HD,66181,QMLE-Trade,2023-5-8,0.156376
HD,66181,QMLE-Trade,2023-5-9,0.141025
HD,66181,QMLE-Trade,2023-5-10,0.187155
HD,66181,QMLE-Trade,2023-5-11,0.17382
HD,66181,QMLE-Trade,2023-5-12,0.164769
HD,66181,QMLE-Trade,2023-5-15,0.192448
HD,66181,QMLE-Trade,2023-5-16,0.347861
HD,66181,QMLE-Trade,2023-5-17,0.250028
HD,66181,QMLE-Trade,2023-5-18,0.207654
HD,66181,QMLE-Trade,2023-5-19,0.174872
HD,66181,QMLE-Trade,2023-5-22,0.167469
HD,66181,QMLE-Trade,2023-5-23,0.227488
HD,66181,QMLE-Trade,2023-5-24,0.194013
HD,66181,QMLE-Trade,2023-5-25,0.186677
HD,66181,QMLE-Trade,2023-5-26,0.19615
HD,66181,QMLE-Trade,2023-5-30,0.192121
HD,66181,QMLE-Trade,2023-5-31,0.223139
HD,66181,QMLE-Trade,2023-6-1,0.201655
HD,66181,QMLE-Trade,2023-6-2,0.187906
HD,66181,QMLE-Trade,2023-6-5,0.160393
HD,66181,QMLE-Trade,2023-6-6,0.154981
HD,66181,QMLE-Trade,2023-6-7,0.179553
HD,66181,QMLE-Trade,2023-6-8,0.195168
HD,66181,QMLE-Trade,2023-6-9,0.164057
HD,66181,QMLE-Trade,2023-6-12,0.174323
HD,66181,QMLE-Trade,2023-6-13,0.210899
HD,66181,QMLE-Trade,2023-6-14,0.210083
HD,66181,QMLE-Trade,2023-6-15,0.176141
HD,66181,QMLE-Trade,2023-6-16,0.207876
HD,66181,QMLE-Trade,2023-6-22,0.175269
HD,66181,QMLE-Trade,2023-6-23,0.169385
HD,66181,QMLE-Trade,2023-6-26,0.160941
HD,66181,QMLE-Trade,2023-6-27,0.170957
HD,66181,QMLE-Trade,2023-6-28,0.174814
HD,66181,QMLE-Trade,2023-6-29,0.169006
HD,66181,QMLE-Trade,2023-6-30,0.141314
HD,66181,QMLE-Trade,2023-7-3,0.123651
HD,66181,QMLE-Trade,2023-7-5,0.135818
HD,66181,QMLE-Trade,2023-7-6,0.155775
HD,66181,QMLE-Trade,2023-7-7,0.146539
HD,66181,QMLE-Trade,2023-7-10,0.155561
HD,66181,QMLE-Trade,2023-7-11,0.158499
HD,66181,QMLE-Trade,2023-7-12,0.190187
HD,66181,QMLE-Trade,2023-7-13,0.148419
HD,66181,QMLE-Trade,2023-7-14,0.14287
HD,66181,QMLE-Trade,2023-7-17,0.136475
HD,66181,QMLE-Trade,2023-7-18,0.156161
HD,66181,QMLE-Trade,2023-7-19,0.139968
HD,66181,QMLE-Trade,2023-7-20,0.169669
HD,66181,QMLE-Trade,2023-7-21,0.136329
HD,66181,QMLE-Trade,2023-7-24,0.131719
HD,66181,QMLE-Trade,2023-7-25,0.123477
HD,66181,QMLE-Trade,2023-7-26,0.161017
HD,66181,QMLE-Trade,2023-7-27,0.15171
HD,66181,QMLE-Trade,2023-7-28,0.114858
HD,66181,QMLE-Trade,2023-7-31,0.137424
HD,66181,QMLE-Trade,2023-8-1,0.118094
HD,66181,QMLE-Trade,2023-8-2,0.146686
HD,66181,QMLE-Trade,2023-8-3,0.156098
HD,66181,QMLE-Trade,2023-8-4,0.173495
HD,66181,QMLE-Trade,2023-8-7,0.118565
HD,66181,QMLE-Trade,2023-8-8,0.149199
HD,66181,QMLE-Trade,2023-8-9,0.129477
HD,66181,QMLE-Trade,2023-8-10,0.157311
HD,66181,QMLE-Trade,2023-8-11,0.122547
HD,66181,QMLE-Trade,2023-8-14,0.155601
HD,66181,QMLE-Trade,2023-8-15,0.289153
HD,66181,QMLE-Trade,2023-8-17,0.178152
HD,66181,QMLE-Trade,2023-8-18,0.174482
HD,66181,QMLE-Trade,2023-8-21,0.144638
HD,66181,QMLE-Trade,2023-8-22,0.183726
HD,66181,QMLE-Trade,2023-8-23,0.131471
HD,66181,QMLE-Trade,2023-8-24,0.159427
HD,66181,QMLE-Trade,2023-8-25,0.177438
HD,66181,QMLE-Trade,2023-8-28,0.144492
HD,66181,QMLE-Trade,2023-8-29,0.130548
HD,66181,QMLE-Trade,2023-8-30,0.116657
HD,66181,QMLE-Trade,2023-8-31,0.120915
HD,66181,QMLE-Trade,2023-9-1,0.126228
HD,66181,QMLE-Trade,2023-9-5,0.15503
HD,66181,QMLE-Trade,2023-9-6,0.138913
HD,66181,QMLE-Trade,2023-9-7,0.139582
HD,66181,QMLE-Trade,2023-9-8,0.116426
HD,66181,QMLE-Trade,2023-9-11,0.106519
HD,66181,QMLE-Trade,2023-9-12,0.115394
HD,66181,QMLE-Trade,2023-9-13,0.12892
HD,66181,QMLE-Trade,2023-9-14,0.125122
HD,66181,QMLE-Trade,2023-9-15,0.157266
HD,66181,QMLE-Trade,2023-9-18,0.123084
HD,66181,QMLE-Trade,2023-9-19,0.148013
HD,66181,QMLE-Trade,2023-9-20,0.142648
HD,66181,QMLE-Trade,2023-9-21,0.137478
HD,66181,QMLE-Trade,2023-9-22,0.136106
HD,66181,QMLE-Trade,2023-9-26,0.124305
HD,66181,QMLE-Trade,2023-9-27,0.133457
HD,66181,QMLE-Trade,2023-9-28,0.151028
HD,66181,QMLE-Trade,2023-9-29,0.152425
HD,66181,QMLE-Trade,2023-10-2,0.158878
HD,66181,QMLE-Trade,2023-10-3,0.190854
HD,66181,QMLE-Trade,2023-10-4,0.159223
HD,66181,QMLE-Trade,2023-10-5,0.149232
HD,66181,QMLE-Trade,2023-10-6,0.164021
HD,66181,QMLE-Trade,2023-10-9,0.155045
HD,66181,QMLE-Trade,2023-10-10,0.14112
HD,66181,QMLE-Trade,2023-10-11,0.13743
HD,66181,QMLE-Trade,2023-10-12,0.165705
HD,66181,QMLE-Trade,2023-10-13,0.17963
HD,66181,QMLE-Trade,2023-10-16,0.152889
HD,66181,QMLE-Trade,2023-10-17,0.168844
HD,66181,QMLE-Trade,2023-10-18,0.182795
HD,66181,QMLE-Trade,2023-10-19,0.215606
HD,66181,QMLE-Trade,2023-10-20,0.170274
HD,66181,QMLE-Trade,2023-10-23,0.172485
HD,66181,QMLE-Trade,2023-10-24,0.191848
HD,66181,QMLE-Trade,2023-10-25,0.178947
HD,66181,QMLE-Trade,2023-10-26,0.217195
HD,66181,QMLE-Trade,2023-10-27,0.186114
HD,66181,QMLE-Trade,2023-10-30,0.17127
HD,66181,QMLE-Trade,2023-10-31,0.166984
HD,66181,QMLE-Trade,2023-11-1,0.201837
HD,66181,QMLE-Trade,2023-11-2,0.18744
HD,66181,QMLE-Trade,2023-11-3,0.180724
HD,66181,QMLE-Trade,2023-11-6,0.148179
HD,66181,QMLE-Trade,2023-11-7,0.138188
HD,66181,QMLE-Trade,2023-11-8,0.150528
HD,66181,QMLE-Trade,2023-11-9,0.192049
HD,66181,QMLE-Trade,2023-11-10,0.148353
HD,66181,QMLE-Trade,2023-11-13,0.178278
HD,66181,QMLE-Trade,2023-11-14,0.300354
HD,66181,QMLE-Trade,2023-11-15,0.158425
HD,66181,QMLE-Trade,2023-11-16,0.153856
HD,66181,QMLE-Trade,2023-11-17,0.13038
HD,66181,QMLE-Trade,2023-11-20,0.110243
HD,66181,QMLE-Trade,2023-11-21,0.131332
HD,66181,QMLE-Trade,2023-11-22,0.127863
HD,66181,QMLE-Trade,2023-11-24,0.0833746
HD,66181,QMLE-Trade,2023-11-27,0.11754
HD,66181,QMLE-Trade,2023-11-28,0.120906
HD,66181,QMLE-Trade,2023-11-29,0.132095
HD,66181,QMLE-Trade,2023-11-30,0.146587
HD,66181,QMLE-Trade,2023-12-1,0.133802
HD,66181,QMLE-Trade,2023-12-4,0.137279
HD,66181,QMLE-Trade,2023-12-5,0.13421
HD,66181,QMLE-Trade,2023-12-6,0.120684
HD,66181,QMLE-Trade,2023-12-7,0.107391
HD,66181,QMLE-Trade,2023-12-8,0.127068
HD,66181,QMLE-Trade,2023-12-11,0.11399
HD,66181,QMLE-Trade,2023-12-12,0.100482
HD,66181,QMLE-Trade,2023-12-13,0.15198
HD,66181,QMLE-Trade,2023-12-14,0.182535
HD,66181,QMLE-Trade,2023-12-18,0.126615
HD,66181,QMLE-Trade,2023-12-19,0.119645
HD,66181,QMLE-Trade,2023-12-20,0.145783
HD,66181,QMLE-Trade,2023-12-21,0.145768
HD,66181,QMLE-Trade,2023-12-22,0.127258
HD,66181,QMLE-Trade,2023-12-26,0.0946164
HD,66181,QMLE-Trade,2023-12-27,0.111372
HD,66181,QMLE-Trade,2023-12-28,0.10479
HD,66181,QMLE-Trade,2023-12-29,0.131547
HD,66181,QMLE-Trade,2024-1-2,0.142099
HD,66181,QMLE-Trade,2024-1-3,0.161605
HD,66181,QMLE-Trade,2024-1-4,0.140718
HD,66181,QMLE-Trade,2024-1-5,0.141443
HD,66181,QMLE-Trade,2024-1-8,0.128503
HD,66181,QMLE-Trade,2024-1-9,0.132952
HD,66181,QMLE-Trade,2024-1-10,0.156523
HD,66181,QMLE-Trade,2024-1-11,0.206381
HD,66181,QMLE-Trade,2024-1-12,0.153243
HD,66181,QMLE-Trade,2024-1-16,0.180635
HD,66181,QMLE-Trade,2024-1-17,0.153971
HD,66181,QMLE-Trade,2024-1-18,0.146285
HD,66181,QMLE-Trade,2024-1-19,0.150021
HD,66181,QMLE-Trade,2024-1-22,0.166267
HD,66181,QMLE-Trade,2024-1-23,0.143421
HD,66181,QMLE-Trade,2024-1-24,0.151414
HD,66181,QMLE-Trade,2024-1-25,0.158144
HD,66181,QMLE-Trade,2024-1-26,0.132953
HD,66181,QMLE-Trade,2024-1-29,0.113533
HD,66181,QMLE-Trade,2024-1-30,0.121808
HD,66181,QMLE-Trade,2024-1-31,0.192883
HD,66181,QMLE-Trade,2024-2-1,0.155472
HD,66181,QMLE-Trade,2024-2-2,0.219069
HD,66181,QMLE-Trade,2024-2-5,0.157196
HD,66181,QMLE-Trade,2024-2-6,0.140734
HD,66181,QMLE-Trade,2024-2-7,0.126204
HD,66181,QMLE-Trade,2024-2-8,0.118873
HD,66181,QMLE-Trade,2024-2-9,0.112541
HD,66181,QMLE-Trade,2024-2-12,0.138368
HD,66181,QMLE-Trade,2024-2-13,0.202078
HD,66181,QMLE-Trade,2024-2-14,0.144503
HD,66181,QMLE-Trade,2024-2-15,0.149669
HD,66181,QMLE-Trade,2024-2-16,0.164257
HD,66181,QMLE-Trade,2024-2-20,0.26155
HD,66181,QMLE-Trade,2024-2-21,0.182236
HD,66181,QMLE-Trade,2024-2-22,0.17768
HD,66181,QMLE-Trade,2024-2-23,0.137424
HD,66181,QMLE-Trade,2024-2-26,0.131339
HD,66181,QMLE-Trade,2024-2-27,0.151914
HD,66181,QMLE-Trade,2024-2-28,0.12741
HD,66181,QMLE-Trade,2024-2-29,0.126936
HD,66181,QMLE-Trade,2024-3-1,0.141201
HD,66181,QMLE-Trade,2024-3-4,0.131639
HD,66181,QMLE-Trade,2024-3-5,0.14682
HD,66181,QMLE-Trade,2024-3-6,0.174976
HD,66181,QMLE-Trade,2024-3-7,0.131129
HD,66181,QMLE-Trade,2024-3-8,0.151569
HD,66181,QMLE-Trade,2024-3-11,0.142185
HD,66181,QMLE-Trade,2024-3-12,0.147646
HD,66181,QMLE-Trade,2024-3-13,0.132187
HD,66181,QMLE-Trade,2024-3-15,0.171896
HD,66181,QMLE-Trade,2024-3-18,0.135336
HD,66181,QMLE-Trade,2024-3-19,0.147723
HD,66181,QMLE-Trade,2024-3-20,0.153189
HD,66181,QMLE-Trade,2024-3-21,0.170246
HD,66181,QMLE-Trade,2024-3-22,0.1261
HD,66181,QMLE-Trade,2024-3-25,0.105864
HD,66181,QMLE-Trade,2024-3-26,0.121227
HD,66181,QMLE-Trade,2024-3-27,0.118205
HD,66181,QMLE-Trade,2024-3-28,0.170986
HD,66181,QMLE-Trade,2024-4-1,0.141053
HD,66181,QMLE-Trade,2024-4-2,0.16975
HD,66181,QMLE-Trade,2024-4-3,0.150265
HD,66181,QMLE-Trade,2024-4-4,0.174492
HD,66181,QMLE-Trade,2024-4-5,0.14518
HD,66181,QMLE-Trade,2024-4-9,0.13544
HD,66181,QMLE-Trade,2024-4-10,0.190045
HD,66181,QMLE-Trade,2024-4-11,0.159956
HD,66181,QMLE-Trade,2024-4-12,0.143858
HD,66181,QMLE-Trade,2024-4-15,0.170075
HD,66181,QMLE-Trade,2024-4-16,0.196944
HD,66181,QMLE-Trade,2024-4-17,0.167981
HD,66181,QMLE-Trade,2024-4-18,0.168432
HD,66181,QMLE-Trade,2024-4-19,0.164091
HD,66181,QMLE-Trade,2024-4-22,0.148045
HD,66181,QMLE-Trade,2024-4-23,0.150196
HD,66181,QMLE-Trade,2024-4-24,0.152999
HD,66181,QMLE-Trade,2024-4-25,0.164011
HD,66181,QMLE-Trade,2024-4-26,0.120945
HD,66181,QMLE-Trade,2024-4-29,0.128268
HD,66181,QMLE-Trade,2024-4-30,0.156701
HD,66181,QMLE-Trade,2024-5-1,0.192703
HD,66181,QMLE-Trade,2024-5-2,0.147604
HD,66181,QMLE-Trade,2024-5-3,0.213393
HD,66181,QMLE-Trade,2024-5-6,0.143364
HD,66181,QMLE-Trade,2024-5-7,0.12042
HD,66181,QMLE-Trade,2024-5-8,0.138462
HD,66181,QMLE-Trade,2024-5-9,0.133568
HD,66181,QMLE-Trade,2024-5-10,0.130617
HD,66181,QMLE-Trade,2024-5-13,0.165744
HD,66181,QMLE-Trade,2024-5-14,0.314045
HD,66181,QMLE-Trade,2024-5-15,0.200586
HD,66181,QMLE-Trade,2024-5-16,0.139614
HD,66181,QMLE-Trade,2024-5-17,0.130045
HD,66181,QMLE-Trade,2024-5-20,0.127384
HD,66181,QMLE-Trade,2024-5-21,0.155746
HD,66181,QMLE-Trade,2024-5-22,0.133949
HD,66181,QMLE-Trade,2024-5-23,0.150733
HD,66181,QMLE-Trade,2024-5-24,0.121881
HD,66181,QMLE-Trade,2024-5-28,0.144588
HD,66181,QMLE-Trade,2024-5-29,0.126163
HD,66181,QMLE-Trade,2024-5-30,0.152173
HD,66181,QMLE-Trade,2024-5-31,0.146888
HD,66181,QMLE-Trade,2024-6-3,0.189269
HD,66181,QMLE-Trade,2024-6-4,0.152244
HD,66181,QMLE-Trade,2024-6-5,0.121349
HD,66181,QMLE-Trade,2024-6-6,0.149188
HD,66181,QMLE-Trade,2024-6-7,0.153848
HD,66181,QMLE-Trade,2024-6-10,0.134047
HD,66181,QMLE-Trade,2024-6-11,0.157244
HD,66181,QMLE-Trade,2024-6-12,0.278426
HD,66181,QMLE-Trade,2024-6-13,0.172884
HD,66181,QMLE-Trade,2024-6-14,0.137783
HD,66181,QMLE-Trade,2024-6-17,0.127758
HD,66181,QMLE-Trade,2024-6-18,0.154469
HD,66181,QMLE-Trade,2024-6-20,0.167641
HD,66181,QMLE-Trade,2024-6-21,0.157733
HD,66181,QMLE-Trade,2024-6-24,0.156768
HD,66181,QMLE-Trade,2024-6-25,0.221016
HD,66181,QMLE-Trade,2024-6-26,0.174643
HD,66181,QMLE-Trade,2024-6-27,0.140146
HD,66181,QMLE-Trade,2024-6-28,0.185326
HD,66181,QMLE-Trade,2024-7-1,0.151586
HD,66181,QMLE-Trade,2024-7-2,0.138642
HD,66181,QMLE-Trade,2024-7-3,0.160333
HD,66181,QMLE-Trade,2024-7-5,0.157377
HD,66181,QMLE-Trade,2024-7-8,0.149341
HD,66181,QMLE-Trade,2024-7-9,0.125673
HD,66181,QMLE-Trade,2024-7-10,0.160742
HD,66181,QMLE-Trade,2024-7-11,0.26843
HD,66181,QMLE-Trade,2024-7-12,0.187217
HD,66181,QMLE-Trade,2024-7-15,0.20304
HD,66181,QMLE-Trade,2024-7-16,0.164796
HD,66181,QMLE-Trade,2024-7-17,0.209945
HD,66181,QMLE-Trade,2024-7-18,0.196432
HD,66181,QMLE-Trade,2024-7-19,0.201358
HD,66181,QMLE-Trade,2024-7-22,0.180569
HD,66181,QMLE-Trade,2024-7-23,0.153905
HD,66181,QMLE-Trade,2024-7-24,0.170439
HD,66181,QMLE-Trade,2024-7-25,0.225978
HD,66181,QMLE-Trade,2024-7-26,0.199095
HD,66181,QMLE-Trade,2024-7-29,0.15756
HD,66181,QMLE-Trade,2024-7-30,0.17203
HD,66181,QMLE-Trade,2024-7-31,0.193941
HD,66181,QMLE-Trade,2024-8-1,0.222834
HD,66181,QMLE-Trade,2024-8-2,0.251031
HD,66181,QMLE-Trade,2024-8-5,0.345806
HD,66181,QMLE-Trade,2024-8-6,0.241713
HD,66181,QMLE-Trade,2024-8-7,0.217616
HD,66181,QMLE-Trade,2024-8-8,0.186139
HD,66181,QMLE-Trade,2024-8-9,0.182103
HD,66181,QMLE-Trade,2024-8-12,0.227952
HD,66181,QMLE-Trade,2024-8-13,0.358944
HD,66181,QMLE-Trade,2024-8-14,0.203369
HD,66181,QMLE-Trade,2024-8-15,0.178156
HD,66181,QMLE-Trade,2024-8-16,0.141872
HD,66181,QMLE-Trade,2024-8-19,0.123225
HD,66181,QMLE-Trade,2024-8-20,0.153704
HD,66181,QMLE-Trade,2024-8-21,0.158936
HD,66181,QMLE-Trade,2024-8-22,0.156776
HD,66181,QMLE-Trade,2024-8-23,0.192254
HD,66181,QMLE-Trade,2024-8-26,0.136007
HD,66181,QMLE-Trade,2024-8-27,0.13566
HD,66181,QMLE-Trade,2024-8-28,0.144166
HD,66181,QMLE-Trade,2024-8-29,0.163312
HD,66181,QMLE-Trade,2024-8-30,0.145625
HD,66181,QMLE-Trade,2024-9-3,0.180729
HD,66181,QMLE-Trade,2024-9-4,0.185641
HD,66181,QMLE-Trade,2024-9-5,0.195613
HD,66181,QMLE-Trade,2024-9-6,0.205986
HD,66181,QMLE-Trade,2024-9-9,0.159174
HD,66181,QMLE-Trade,2024-9-10,0.164489
HD,66181,QMLE-Trade,2024-9-11,0.191612
HD,66181,QMLE-Trade,2024-9-12,0.166853
HD,66181,QMLE-Trade,2024-9-13,0.170449
HD,66181,QMLE-Trade,2024-9-16,0.192817
HD,66181,QMLE-Trade,2024-9-17,0.169246
HD,66181,QMLE-Trade,2024-9-18,0.291885
HD,66181,QMLE-Trade,2024-9-19,0.205778
HD,66181,QMLE-Trade,2024-9-20,0.153446
HD,66181,QMLE-Trade,2024-9-23,0.162611
HD,66181,QMLE-Trade,2024-9-24,0.165504
HD,66181,QMLE-Trade,2024-9-25,0.168883
HD,66181,QMLE-Trade,2024-9-26,0.16918
HD,66181,QMLE-Trade,2024-9-27,0.148603
HD,66181,QMLE-Trade,2024-9-30,0.153461
HD,66181,QMLE-Trade,2024-10-1,0.214704
HD,66181,QMLE-Trade,2024-10-2,0.163891
HD,66181,QMLE-Trade,2024-10-3,0.17936
HD,66181,QMLE-Trade,2024-10-4,0.217596
HD,66181,QMLE-Trade,2024-10-7,0.219394
HD,66181,QMLE-Trade,2024-10-8,0.155985
HD,66181,QMLE-Trade,2024-10-9,0.178536
HD,66181,QMLE-Trade,2024-10-10,0.180702
HD,66181,QMLE-Trade,2024-10-14,0.104791
HD,66181,QMLE-Trade,2024-10-15,0.159216
HD,66181,QMLE-Trade,2024-10-16,0.135934
HD,66181,QMLE-Trade,2024-10-17,0.124623
HD,66181,QMLE-Trade,2024-10-18,0.126848
HD,66181,QMLE-Trade,2024-10-21,0.154946
HD,66181,QMLE-Trade,2024-10-22,0.187855
HD,66181,QMLE-Trade,2024-10-23,0.149781
HD,66181,QMLE-Trade,2024-10-24,0.140133
HD,66181,QMLE-Trade,2024-10-25,0.147009
HD,66181,QMLE-Trade,2024-10-28,0.127416
HD,66181,QMLE-Trade,2024-10-29,0.195092
HD,66181,QMLE-Trade,2024-10-30,0.151537
HD,66181,QMLE-Trade,2024-10-31,0.150332
HD,66181,QMLE-Trade,2024-11-1,0.151823
HD,66181,QMLE-Trade,2024-11-4,0.153667
HD,66181,QMLE-Trade,2024-11-5,0.151772
HD,66181,QMLE-Trade,2024-11-6,0.334168
HD,66181,QMLE-Trade,2024-11-7,0.186762
HD,66181,QMLE-Trade,2024-11-8,0.142403
HD,66181,QMLE-Trade,2024-11-11,0.160793
HD,66181,QMLE-Trade,2024-11-12,0.266403
HD,66181,QMLE-Trade,2024-11-13,0.17998
HD,66181,QMLE-Trade,2024-11-14,0.16619
HD,66181,QMLE-Trade,2024-11-15,0.159342
HD,66181,QMLE-Trade,2024-11-18,0.146905
HD,66181,QMLE-Trade,2024-11-19,0.192203
HD,66181,QMLE-Trade,2024-11-20,0.164141
HD,66181,QMLE-Trade,2024-11-21,0.154998
HD,66181,QMLE-Trade,2024-11-22,0.159062
HD,66181,QMLE-Trade,2024-11-25,0.172998
HD,66181,QMLE-Trade,2024-11-26,0.208707
HD,66181,QMLE-Trade,2024-11-27,0.136328
HD,66181,QMLE-Trade,2024-11-29,0.102505
HD,66181,QMLE-Trade,2024-12-2,0.138343
HD,66181,QMLE-Trade,2024-12-3,0.126662
HD,66181,QMLE-Trade,2024-12-4,0.112918
HD,66181,QMLE-Trade,2024-12-5,0.109075
HD,66181,QMLE-Trade,2024-12-6,0.17494
HD,66181,QMLE-Trade,2024-12-9,0.173384
HD,66181,QMLE-Trade,2024-12-10,0.15494
HD,66181,QMLE-Trade,2024-12-11,0.143213
HD,66181,QMLE-Trade,2024-12-12,0.170156
HD,66181,QMLE-Trade,2024-12-13,0.13079
HD,66181,QMLE-Trade,2024-12-16,0.137723
HD,66181,QMLE-Trade,2024-12-17,0.143762
HD,66181,QMLE-Trade,2024-12-18,0.217946
HD,66181,QMLE-Trade,2024-12-19,0.203832
HD,66181,QMLE-Trade,2024-12-20,0.192476
HD,66181,QMLE-Trade,2024-12-23,0.137829
HD,66181,QMLE-Trade,2024-12-24,0.113573
HD,66181,QMLE-Trade,2024-12-26,0.115561
HD,66181,QMLE-Trade,2024-12-27,0.133638
HD,66181,QMLE-Trade,2024-12-30,0.151083
HD,66181,QMLE-Trade,2024-12-31,0.138482
HD,66181,QMLE-Trade,2025-1-2,0.184875
HD,66181,QMLE-Trade,2025-1-3,0.127206
HD,66181,QMLE-Trade,2025-1-6,0.150959
HD,66181,QMLE-Trade,2025-1-7,0.172982
HD,66181,QMLE-Trade,2025-1-8,0.157505
HD,66181,QMLE-Trade,2025-1-10,0.280312
HD,66181,QMLE-Trade,2025-1-13,0.204056
HD,66181,QMLE-Trade,2025-1-14,0.168469
HD,66181,QMLE-Trade,2025-1-15,0.236515
HD,66181,QMLE-Trade,2025-1-16,0.132978
HD,66181,QMLE-Trade,2025-1-17,0.167358
HD,66181,QMLE-Trade,2025-1-21,0.153477
HD,66181,QMLE-Trade,2025-1-22,0.154289
HD,66181,QMLE-Trade,2025-1-23,0.14757
HD,66181,QMLE-Trade,2025-1-24,0.116645
HD,66181,QMLE-Trade,2025-1-27,0.182356
HD,66181,QMLE-Trade,2025-1-28,0.144382
HD,66181,QMLE-Trade,2025-1-29,0.177611
HD,66181,QMLE-Trade,2025-1-30,0.169557
HD,66181,QMLE-Trade,2025-1-31,0.158786
HD,66181,QMLE-Trade,2025-2-3,0.245594
HD,66181,QMLE-Trade,2025-2-4,0.143322
HD,66181,QMLE-Trade,2025-2-5,0.148982
HD,66181,QMLE-Trade,2025-2-6,0.115671
HD,66181,QMLE-Trade,2025-2-7,0.161022
HD,66181,QMLE-Trade,2025-2-10,0.130666
HD,66181,QMLE-Trade,2025-2-11,0.121381
HD,66181,QMLE-Trade,2025-2-12,0.195298
HD,66181,QMLE-Trade,2025-2-13,0.134957
HD,66181,QMLE-Trade,2025-2-14,0.14294
HD,66181,QMLE-Trade,2025-2-18,0.141532
HD,66181,QMLE-Trade,2025-2-19,0.160985
HD,66181,QMLE-Trade,2025-2-20,0.128079
HD,66181,QMLE-Trade,2025-2-21,0.162697
HD,66181,QMLE-Trade,2025-2-24,0.220359
HD,66181,QMLE-Trade,2025-2-25,0.358214
HD,66181,QMLE-Trade,2025-2-26,0.252706
HD,66181,QMLE-Trade,2025-2-27,0.187466
HD,66181,QMLE-Trade,2025-2-28,0.178219
HD,66181,QMLE-Trade,2025-3-3,0.190955
HD,66181,QMLE-Trade,2025-3-4,0.273103
HD,66181,QMLE-Trade,2025-3-5,0.208011
HD,66181,QMLE-Trade,2025-3-6,0.210377
HD,66181,QMLE-Trade,2025-3-7,0.240203
HD,66181,QMLE-Trade,2025-3-10,0.246701
HD,66181,QMLE-Trade,2025-3-11,0.258394
HD,66181,QMLE-Trade,2025-3-12,0.229541
HD,66181,QMLE-Trade,2025-3-13,0.228388
HD,66181,QMLE-Trade,2025-3-14,0.194036
HD,66181,QMLE-Trade,2025-3-17,0.177507
HD,66181,QMLE-Trade,2025-3-18,0.162807
HD,66181,QMLE-Trade,2025-3-19,0.175512
HD,66181,QMLE-Trade,2025-3-20,0.181559
HD,66181,QMLE-Trade,2025-3-21,0.214899
HD,66181,QMLE-Trade,2025-3-24,0.176567
HD,66181,QMLE-Trade,2025-3-25,0.170326
HD,66181,QMLE-Trade,2025-3-26,0.159635
HD,66181,QMLE-Trade,2025-3-27,0.185036
HD,66181,QMLE-Trade,2025-3-28,0.167653
HD,66181,QMLE-Trade,2025-3-31,0.238112
HD,66181,QMLE-Trade,2025-4-1,0.202626
HD,66181,QMLE-Trade,2025-4-2,0.15769
HD,66181,QMLE-Trade,2025-4-3,0.308698
HD,66181,QMLE-Trade,2025-4-4,0.442109
HD,66181,QMLE-Trade,2025-4-7,0.673731
HD,66181,QMLE-Trade,2025-4-8,0.372878
HD,66181,QMLE-Trade,2025-4-9,0.581213
HD,66181,QMLE-Trade,2025-4-10,0.462653
HD,66181,QMLE-Trade,2025-4-11,0.368594
HD,66181,QMLE-Trade,2025-4-14,0.255282
HD,66181,QMLE-Trade,2025-4-15,0.22929
HD,66181,QMLE-Trade,2025-4-16,0.240078
HD,66181,QMLE-Trade,2025-4-17,0.25185
HD,66181,QMLE-Trade,2025-4-21,0.220617
HD,66181,QMLE-Trade,2025-4-22,0.215122
HD,66181,QMLE-Trade,2025-4-23,0.304753
HD,66181,QMLE-Trade,2025-4-24,0.182467
HD,66181,QMLE-Trade,2025-4-25,0.177706
HD,66181,QMLE-Trade,2025-4-28,0.161743
HD,66181,QMLE-Trade,2025-4-29,0.166178
HD,66181,QMLE-Trade,2025-4-30,0.20003
HD,66181,QMLE-Trade,2025-5-1,0.196997
HD,66181,QMLE-Trade,2025-5-2,0.179346
HD,66181,QMLE-Trade,2025-5-5,0.139343
HD,66181,QMLE-Trade,2025-5-6,0.158722
HD,66181,QMLE-Trade,2025-5-7,0.198771
HD,66181,QMLE-Trade,2025-5-8,0.169343
HD,66181,QMLE-Trade,2025-5-9,0.161562
HD,66181,QMLE-Trade,2025-5-12,0.19237
HD,66181,QMLE-Trade,2025-5-13,0.165568
HD,66181,QMLE-Trade,2025-5-14,0.147075
HD,66181,QMLE-Trade,2025-5-15,0.135971
HD,66181,QMLE-Trade,2025-5-16,0.112201
HD,66181,QMLE-Trade,2025-5-19,0.158929
HD,66181,QMLE-Trade,2025-5-20,0.279891
HD,66181,QMLE-Trade,2025-5-21,0.204158
HD,66181,QMLE-Trade,2025-5-22,0.159066
HD,66181,QMLE-Trade,2025-5-23,0.151231
HD,66181,QMLE-Trade,2025-5-27,0.124057
HD,66181,QMLE-Trade,2025-5-28,0.113491
HD,66181,QMLE-Trade,2025-5-29,0.136739
HD,66181,QMLE-Trade,2025-5-30,0.135761
HD,66181,QMLE-Trade,2025-6-2,0.130653
HD,66181,QMLE-Trade,2025-6-3,0.136629
HD,66181,QMLE-Trade,2025-6-4,0.119144
HD,66181,QMLE-Trade,2025-6-5,0.139996
HD,66181,QMLE-Trade,2025-6-6,0.148907
HD,66181,QMLE-Trade,2025-6-9,0.121185
HD,66181,QMLE-Trade,2025-6-10,0.135937
HD,66181,QMLE-Trade,2025-6-11,0.166717
HD,66181,QMLE-Trade,2025-6-12,0.124954
HD,66181,QMLE-Trade,2025-6-13,0.150886
HD,66181,QMLE-Trade,2025-6-16,0.149123
HD,66181,QMLE-Trade,2025-6-17,0.156258
HD,66181,QMLE-Trade,2025-6-18,0.167553
HD,66181,QMLE-Trade,2025-6-20,0.144066
HD,66181,QMLE-Trade,2025-6-23,0.15372
HD,66181,QMLE-Trade,2025-6-24,0.148636
HD,66181,QMLE-Trade,2025-6-25,0.126643
HD,66181,QMLE-Trade,2025-6-26,0.136505
HD,66181,QMLE-Trade,2025-6-27,0.145238
HD,66181,QMLE-Trade,2025-6-30,0.145163
HD,66181,QMLE-Trade,2025-7-1,0.183546
HD,66181,QMLE-Trade,2025-7-2,0.160801
HD,66181,QMLE-Trade,2025-7-3,0.152945
HD,66181,QMLE-Trade,2025-7-7,0.163493
HD,66181,QMLE-Trade,2025-7-8,0.154361
HD,66181,QMLE-Trade,2025-7-9,0.19616
HD,66181,QMLE-Trade,2025-7-10,0.171725
HD,66181,QMLE-Trade,2025-7-11,0.157133
HD,66181,QMLE-Trade,2025-7-14,0.157118
HD,66181,QMLE-Trade,2025-7-15,0.162065
HD,66181,QMLE-Trade,2025-7-16,0.165368
HD,66181,QMLE-Trade,2025-7-17,0.142516
HD,66181,QMLE-Trade,2025-7-18,0.161729
HD,66181,QMLE-Trade,2025-7-21,0.158495
HD,66181,QMLE-Trade,2025-7-22,0.199383
HD,66181,QMLE-Trade,2025-7-23,0.170225
HD,66181,QMLE-Trade,2025-7-24,0.154848
HD,66181,QMLE-Trade,2025-7-25,0.128035
HD,66181,QMLE-Trade,2025-7-28,0.162716
HD,66181,QMLE-Trade,2025-7-29,0.152071
HD,66181,QMLE-Trade,2025-7-30,0.161391
HD,66181,QMLE-Trade,2025-7-31,0.176953
HD,66181,QMLE-Trade,2025-8-1,0.213995
HD,66181,QMLE-Trade,2025-8-4,0.156871
HD,66181,QMLE-Trade,2025-8-5,0.144603
HD,66181,QMLE-Trade,2025-8-6,0.137047
HD,66181,QMLE-Trade,2025-8-7,0.165001
HD,66181,QMLE-Trade,2025-8-8,0.12582
HD,66181,QMLE-Trade,2025-8-11,0.135956
HD,66181,QMLE-Trade,2025-8-12,0.151289
HD,66181,QMLE-Trade,2025-8-13,0.180943
HD,66181,QMLE-Trade,2025-8-14,0.150839
HD,66181,QMLE-Trade,2025-8-15,0.156999
HD,66181,QMLE-Trade,2025-8-18,0.18525
HD,66181,QMLE-Trade,2025-8-19,0.286116
HD,66181,QMLE-Trade,2025-8-20,0.218077
HD,66181,QMLE-Trade,2025-8-21,0.166137
HD,66181,QMLE-Trade,2025-8-22,0.195018
HD,66181,QMLE-Trade,2025-8-25,0.11903
HD,66181,QMLE-Trade,2025-8-26,0.107276
HD,66181,QMLE-Trade,2025-8-27,0.109396
HD,66181,QMLE-Trade,2025-8-28,0.121948
HD,66181,QMLE-Trade,2025-8-29,0.108132
HD,66181,QMLE-Trade,2025-9-2,0.135316
HD,66181,QMLE-Trade,2025-9-3,0.11702
HD,66181,QMLE-Trade,2025-9-4,0.128063
HD,66181,QMLE-Trade,2025-9-5,0.188873
HD,66181,QMLE-Trade,2025-9-8,0.134788
HD,66181,QMLE-Trade,2025-9-9,0.135657
HD,66181,QMLE-Trade,2025-9-10,0.139645
HD,66181,QMLE-Trade,2025-9-11,0.174175
HD,66181,QMLE-Trade,2025-9-12,0.141282
HD,66181,QMLE-Trade,2025-9-15,0.144915
HD,66181,QMLE-Trade,2025-9-16,0.147927
HD,66181,QMLE-Trade,2025-9-17,0.236724
HD,66181,QMLE-Trade,2025-9-18,0.178805
HD,66181,QMLE-Trade,2025-9-19,0.138536
HD,66181,QMLE-Trade,2025-9-22,0.139822
HD,66181,QMLE-Trade,2025-9-23,0.138431
HD,66181,QMLE-Trade,2025-9-24,0.159005
HD,66181,QMLE-Trade,2025-9-25,0.150984
HD,66181,QMLE-Trade,2025-9-26,0.131415
HD,66181,QMLE-Trade,2025-9-29,0.144068
HD,66181,QMLE-Trade,2025-9-30,0.124383
HD,66181,QMLE-Trade,2025-10-1,0.147461
HD,66181,QMLE-Trade,2025-10-2,0.152516
HD,66181,QMLE-Trade,2025-10-3,0.13077
HD,66181,QMLE-Trade,2025-10-6,0.17031
HD,66181,QMLE-Trade,2025-10-7,0.141186
HD,66181,QMLE-Trade,2025-10-8,0.129384
HD,66181,QMLE-Trade,2025-10-9,0.145903
HD,66181,QMLE-Trade,2025-10-10,0.189727
HD,66181,QMLE-Trade,2025-10-13,0.163958
HD,66181,QMLE-Trade,2025-10-14,0.147423
HD,66181,QMLE-Trade,2025-10-15,0.155558
HD,66181,QMLE-Trade,2025-10-16,0.179961
HD,66181,QMLE-Trade,2025-10-17,0.158252
HD,66181,QMLE-Trade,2025-10-20,0.130588
HD,66181,QMLE-Trade,2025-10-21,0.123266
HD,66181,QMLE-Trade,2025-10-22,0.151629
HD,66181,QMLE-Trade,2025-10-23,0.16253
HD,66181,QMLE-Trade,2025-10-24,0.142586
HD,66181,QMLE-Trade,2025-10-27,0.141394
HD,66181,QMLE-Trade,2025-10-28,0.146881
HD,66181,QMLE-Trade,2025-10-29,0.193102
HD,66181,QMLE-Trade,2025-10-30,0.173266
HD,66181,QMLE-Trade,2025-11-3,0.164273
HD,66181,QMLE-Trade,2025-11-4,0.161758
HD,66181,QMLE-Trade,2025-11-5,0.250375
HD,66181,QMLE-Trade,2025-11-6,0.200645
HD,66181,QMLE-Trade,2025-11-7,0.185921
HD,66181,QMLE-Trade,2025-11-10,0.209316
HD,66181,QMLE-Trade,2025-11-11,0.144746
HD,66181,QMLE-Trade,2025-11-12,0.188977
HD,66181,QMLE-Trade,2025-11-13,0.19314
HD,66181,QMLE-Trade,2025-11-14,0.25467
HD,66181,QMLE-Trade,2025-11-17,0.208559
HD,66181,QMLE-Trade,2025-11-18,0.384614
HD,66181,QMLE-Trade,2025-11-19,0.27943
HD,66181,QMLE-Trade,2025-11-20,0.253417
HD,66181,QMLE-Trade,2025-11-21,0.248091
HD,66181,QMLE-Trade,2025-11-24,0.203503
HD,66181,QMLE-Trade,2025-11-25,0.203255
HD,66181,QMLE-Trade,2025-11-26,0.177017
HD,66181,QMLE-Trade,2025-11-28,0.133321
HD,66181,QMLE-Trade,2025-12-1,0.155025
HD,66181,QMLE-Trade,2025-12-2,0.152903
HD,66181,QMLE-Trade,2025-12-3,0.164977
HD,66181,QMLE-Trade,2025-12-4,0.168125
HD,66181,QMLE-Trade,2025-12-5,0.158897
HD,66181,QMLE-Trade,2025-12-8,0.209553
HD,66181,QMLE-Trade,2025-12-9,0.217258
HD,66181,QMLE-Trade,2025-12-10,0.219758
HD,66181,QMLE-Trade,2025-12-11,0.202648
HD,66181,QMLE-Trade,2025-12-12,0.171752
HD,66181,QMLE-Trade,2025-12-15,0.177903
HD,66181,QMLE-Trade,2025-12-16,0.171679
HD,66181,QMLE-Trade,2025-12-17,0.179018
HD,66181,QMLE-Trade,2025-12-18,0.236113
HD,66181,QMLE-Trade,2025-12-19,0.196097
HD,66181,QMLE-Trade,2025-12-22,0.168944
HD,66181,QMLE-Trade,2025-12-23,0.168782
HD,66181,QMLE-Trade,2025-12-24,0.119749
HD,66181,QMLE-Trade,2025-12-26,0.0961276
HD,66181,QMLE-Trade,2025-12-29,0.12523
HD,66181,QMLE-Trade,2025-12-30,0.105903
HD,66181,QMLE-Trade,2025-12-31,0.0912457
HD,66181,QMLE-Trade,2026-1-2,0.165999
HD,66181,QMLE-Trade,2026-1-5,0.212483
HD,66181,QMLE-Trade,2026-1-6,0.208109
HD,66181,QMLE-Trade,2026-1-7,0.242487
HD,66181,QMLE-Trade,2026-1-8,0.233203
HD,66181,QMLE-Trade,2026-1-9,0.262368
HD,66181,QMLE-Trade,2026-1-12,0.222498
HD,66181,QMLE-Trade,2026-1-13,0.214606
HD,66181,QMLE-Trade,2026-1-14,0.222099
HD,66181,QMLE-Trade,2026-1-15,0.171043
HD,66181,QMLE-Trade,2026-1-16,0.173856
HD,66181,QMLE-Trade,2026-1-20,0.242479
HD,66181,QMLE-Trade,2026-1-21,0.199247
HD,66181,QMLE-Trade,2026-1-22,0.217021
HD,66181,QMLE-Trade,2026-1-23,0.167266
HD,66181,QMLE-Trade,2026-1-26,0.156941
HD,66181,QMLE-Trade,2026-1-27,0.169916
HD,66181,QMLE-Trade,2026-1-28,0.197181
HD,66181,QMLE-Trade,2026-1-29,0.244501
HD,66181,QMLE-Trade,2026-1-30,0.218862
HD,66181,QMLE-Trade,2026-2-2,0.219663
HD,66181,QMLE-Trade,2026-2-3,0.273419
HD,66181,QMLE-Trade,2026-2-4,0.240264
HD,66181,QMLE-Trade,2026-2-5,0.23233
HD,66181,QMLE-Trade,2026-2-6,0.255723
HD,66181,QMLE-Trade,2026-2-9,0.176039
HD,66181,QMLE-Trade,2026-2-11,0.220705
HD,66181,QMLE-Trade,2026-2-12,0.25052
HD,66181,QMLE-Trade,2026-2-13,0.25582
HD,66181,QMLE-Trade,2026-2-18,0.195592
HD,66181,QMLE-Trade,2026-2-19,0.193483
HD,66181,QMLE-Trade,2026-2-20,0.254383
HD,66181,QMLE-Trade,2026-2-23,0.246334
HD,66181,QMLE-Trade,2026-2-24,0.374782
HD,66181,QMLE-Trade,2026-2-25,0.265728
HD,66181,QMLE-Trade,2026-2-26,0.230989
HD,66181,QMLE-Trade,2026-2-27,0.221411
HD,66181,QMLE-Trade,2026-3-3,0.25845
HD,66181,QMLE-Trade,2026-3-4,0.217917
HD,66181,QMLE-Trade,2026-3-5,0.205726
HD,66181,QMLE-Trade,2026-3-6,0.237137
HD,66181,QMLE-Trade,2026-3-10,0.229041
HD,66181,QMLE-Trade,2026-3-11,0.207691
HD,66181,QMLE-Trade,2026-3-12,0.24133
HD,66181,QMLE-Trade,2026-3-13,0.189343
HD,66181,QMLE-Trade,2026-3-16,0.202804
HD,66181,QMLE-Trade,2026-3-17,0.169604
HD,66181,QMLE-Trade,2026-3-18,0.195636
HD,66181,QMLE-Trade,2026-3-19,0.217222
HD,66181,QMLE-Trade,2026-3-20,0.216362
HD,66181,QMLE-Trade,2026-3-23,0.275205
HD,66181,QMLE-Trade,2026-3-24,0.243408
HD,66181,QMLE-Trade,2026-3-25,0.236993
HD,66181,QMLE-Trade,2026-3-26,0.203585
HD,66181,QMLE-Trade,2026-3-27,0.202264
HD,66181,QMLE-Trade,2026-3-30,0.203567
HD,66181,QMLE-Trade,2026-3-31,0.266531
HD,66181,QMLE-Trade,2026-4-1,0.214345
HD,66181,QMLE-Trade,2026-4-2,0.25907
HD,66181,QMLE-Trade,2026-4-6,0.183763
HD,66181,QMLE-Trade,2026-4-7,0.217112
HD,66181,QMLE-Trade,2026-4-8,0.247961
HD,66181,QMLE-Trade,2026-4-9,0.195748
HD,66181,QMLE-Trade,2026-4-10,0.18205
HD,66181,QMLE-Trade,2026-4-14,0.158278
HD,66181,QMLE-Trade,2026-4-15,0.174592
HD,66181,QMLE-Trade,2026-4-16,0.153389
HD,66181,QMLE-Trade,2026-4-17,0.209051
HD,66181,QMLE-Trade,2026-4-20,0.168455
HD,66181,QMLE-Trade,2026-4-21,0.18777
HD,66181,QMLE-Trade,2026-4-22,0.159278
HD,66181,QMLE-Trade,2026-4-23,0.165924
HD,66181,QMLE-Trade,2026-4-24,0.161124
HD,66181,QMLE-Trade,2026-4-27,0.170401
HD,66181,QMLE-Trade,2026-4-28,0.161794
HD,66181,QMLE-Trade,2026-4-29,0.19031
HD,66181,QMLE-Trade,2026-4-30,0.220475
HD,66181,QMLE-Trade,2026-5-1,0.202417
HD,66181,QMLE-Trade,2026-5-4,0.208388
HD,66181,QMLE-Trade,2026-5-5,0.190511
HD,66181,QMLE-Trade,2026-5-6,0.241027
HD,66181,QMLE-Trade,2026-5-7,0.228823
HD,66181,QMLE-Trade,2026-5-8,0.191527
HD,66181,QMLE-Trade,2026-5-11,0.192773
HD,66181,QMLE-Trade,2026-5-12,0.201327
HD,66181,QMLE-Trade,2026-5-13,0.222771
HD,66181,QMLE-Trade,2026-5-14,0.212672
HD,66181,QMLE-Trade,2026-5-15,0.215871
HD,66181,QMLE-Trade,2026-5-18,0.230041
HD,66181,QMLE-Trade,2026-5-19,0.355945
HD,66181,QMLE-Trade,2026-5-20,0.279477
HD,66181,QMLE-Trade,2026-5-21,0.230692
HD,66181,QMLE-Trade,2026-5-22,0.20432
HD,66181,QMLE-Trade,2026-5-26,0.210661
HD,66181,QMLE-Trade,2026-5-27,0.23328
HD,66181,QMLE-Trade,2026-5-28,0.166219
HD,66181,QMLE-Trade,2026-5-29,0.169782
HD,66181,QMLE-Trade,2026-6-1,0.173644
HD,66181,QMLE-Trade,2026-6-2,0.172499
HD,66181,QMLE-Trade,2026-6-3,0.189375
HD,66181,QMLE-Trade,2026-6-4,0.235672
HD,66181,QMLE-Trade,2026-6-5,0.238476
HD,66181,QMLE-Trade,2026-6-8,0.200921
HD,66181,QMLE-Trade,2026-6-9,0.244095
HD,66181,QMLE-Trade,2026-6-10,0.204287
HD,66181,QMLE-Trade,2026-6-11,0.264593
HD,66181,QMLE-Trade,2026-6-12,0.222818
HD,66181,QMLE-Trade,2026-6-15,0.206416
HD,66181,QMLE-Trade,2026-6-16,0.229057
HD,66181,QMLE-Trade,2026-6-17,0.253939
HD,66181,QMLE-Trade,2026-6-18,0.233424
HD,66181,QMLE-Trade,2026-6-22,0.273427
HD,66181,QMLE-Trade,2026-6-23,0.216096
HD,66181,QMLE-Trade,2026-6-24,0.283529
HD,66181,QMLE-Trade,2026-6-25,0.231608
HD,66181,QMLE-Trade,2026-6-26,0.213095
HD,66181,QMLE-Trade,2026-6-29,0.227295
HD,66181,QMLE-Trade,2026-6-30,0.187413
HD,66181,QMLE-Trade,2026-7-1,0.23148
HD,66181,QMLE-Trade,2026-7-2,0.210484
HD,66181,QMLE-Trade,2026-7-6,0.260694
HD,66181,QMLE-Trade,2026-7-7,0.212853
HD,66181,QMLE-Trade,2026-7-8,0.278634
HD,66181,QMLE-Trade,2026-7-9,0.182352
HD,66181,QMLE-Trade,2026-7-10,0.192779
HD,66181,QMLE-Trade,2026-7-13,0.194004
HD,66181,QMLE-Trade,2026-7-14,0.211321
HD,66181,QMLE-Trade,2026-7-15,0.21352
HD,66181,QMLE-Trade,2026-7-16,0.216282
HD,66181,QMLE-Trade,2026-7-17,0.228099
HD,66181,QMLE-Trade,2026-7-20,0.200555
HD,66181,QMLE-Trade,2026-7-21,0.185197
HD,66181,QMLE-Trade,2026-7-22,0.177062
HD,66181,QMLE-Trade,2026-7-23,0.221217
HD,66181,QMLE-Trade,2026-7-24,0.214782
HD,66181,QMLE-Trade,2026-7-27,0.180143
HD,66181,QMLE-Trade,2026-7-28,0.241308
HD,66181,QMLE-Quote,1996-1-2,0.232998
HD,66181,QMLE-Quote,1996-1-3,0.232247
HD,66181,QMLE-Quote,1996-1-4,0.250634
HD,66181,QMLE-Quote,1996-1-5,0.220341
HD,66181,QMLE-Quote,1996-1-8,0.111086
HD,66181,QMLE-Quote,1996-1-9,0.25929
HD,66181,QMLE-Quote,1996-1-10,0.325626
HD,66181,QMLE-Quote,1996-1-11,0.297181
HD,66181,QMLE-Quote,1996-1-12,0.185003
HD,66181,QMLE-Quote,1996-1-15,0.115353
HD,66181,QMLE-Quote,1996-1-16,0.314533
HD,66181,QMLE-Quote,1996-1-17,0.337103
HD,66181,QMLE-Quote,1996-1-18,0.25251
HD,66181,QMLE-Quote,1996-1-19,0.312832
HD,66181,QMLE-Quote,1996-1-22,0.152886
HD,66181,QMLE-Quote,1996-1-23,0.252014
HD,66181,QMLE-Quote,1996-1-24,0.22832
HD,66181,QMLE-Quote,1996-1-25,0.152418
HD,66181,QMLE-Quote,1996-1-26,0.0269548
HD,66181,QMLE-Quote,1996-1-29,0.191104
HD,66181,QMLE-Quote,1996-1-30,0.13435
HD,66181,QMLE-Quote,1996-1-31,0.266958
HD,66181,QMLE-Quote,1996-2-1,0.127592
HD,66181,QMLE-Quote,1996-2-2,0.187977
HD,66181,QMLE-Quote,1996-2-5,0.242762
HD,66181,QMLE-Quote,1996-2-6,0.196911
HD,66181,QMLE-Quote,1996-2-7,0.097799
HD,66181,QMLE-Quote,1996-2-8,0.0703794
HD,66181,QMLE-Quote,1996-2-9,0.228033
HD,66181,QMLE-Quote,1996-2-12,0.187932
HD,66181,QMLE-Quote,1996-2-13,0.273123
HD,66181,QMLE-Quote,1996-2-14,0.0660297
HD,66181,QMLE-Quote,1996-2-15,0.277502
HD,66181,QMLE-Quote,1996-2-16,0.19452
HD,66181,QMLE-Quote,1996-2-20,0.464181
HD,66181,QMLE-Quote,1996-2-21,0.245646
HD,66181,QMLE-Quote,1996-2-22,0.100332
HD,66181,QMLE-Quote,1996-2-23,0.245527
HD,66181,QMLE-Quote,1996-2-26,0.212915
HD,66181,QMLE-Quote,1996-2-27,0.257958
HD,66181,QMLE-Quote,1996-2-28,0.381236
HD,66181,QMLE-Quote,1996-2-29,0.374308
HD,66181,QMLE-Quote,1996-3-1,0.255338
HD,66181,QMLE-Quote,1996-3-4,0.651811
HD,66181,QMLE-Quote,1996-3-5,0.288606
HD,66181,QMLE-Quote,1996-3-6,0.278424
HD,66181,QMLE-Quote,1996-3-7,0.265852
HD,66181,QMLE-Quote,1996-3-8,0.481566
HD,66181,QMLE-Quote,1996-3-11,0.336378
HD,66181,QMLE-Quote,1996-3-12,0.16457
HD,66181,QMLE-Quote,1996-3-13,0.164455
HD,66181,QMLE-Quote,1996-3-14,0.0604231
HD,66181,QMLE-Quote,1996-3-15,0.145574
HD,66181,QMLE-Quote,1996-3-18,0.173877
HD,66181,QMLE-Quote,1996-3-19,0.347397
HD,66181,QMLE-Quote,1996-3-20,0.206391
HD,66181,QMLE-Quote,1996-3-21,0.121477
HD,66181,QMLE-Quote,1996-3-22,0.14615
HD,66181,QMLE-Quote,1996-3-25,0.242372
HD,66181,QMLE-Quote,1996-3-26,0.151849
HD,66181,QMLE-Quote,1996-3-27,0.261304
HD,66181,QMLE-Quote,1996-3-28,0.180062
HD,66181,QMLE-Quote,1996-3-29,0.235993
HD,66181,QMLE-Quote,1996-4-1,0.0803472
HD,66181,QMLE-Quote,1996-4-2,0.108733
HD,66181,QMLE-Quote,1996-4-3,0.0632722
HD,66181,QMLE-Quote,1996-4-4,0.1481
HD,66181,QMLE-Quote,1996-4-8,0.218017
HD,66181,QMLE-Quote,1996-4-9,0.181661
HD,66181,QMLE-Quote,1996-4-10,0.251152
HD,66181,QMLE-Quote,1996-4-11,0.846549
HD,66181,QMLE-Quote,1996-4-12,0.278911
HD,66181,QMLE-Quote,1996-4-15,0.203616
HD,66181,QMLE-Quote,1996-4-16,0.140787
HD,66181,QMLE-Quote,1996-4-17,0.19301
HD,66181,QMLE-Quote,1996-4-18,0.174035
HD,66181,QMLE-Quote,1996-4-19,0.114736
HD,66181,QMLE-Quote,1996-4-22,0.241912
HD,66181,QMLE-Quote,1996-4-23,0.182254
HD,66181,QMLE-Quote,1996-4-24,0.141166
HD,66181,QMLE-Quote,1996-4-25,0.3223
HD,66181,QMLE-Quote,1996-4-26,0.208989
HD,66181,QMLE-Quote,1996-4-29,0.187266
HD,66181,QMLE-Quote,1996-4-30,0.0358013
HD,66181,QMLE-Quote,1996-5-1,0.149351
HD,66181,QMLE-Quote,1996-5-2,0.18197
HD,66181,QMLE-Quote,1996-5-3,0.182928
HD,66181,QMLE-Quote,1996-5-6,0.189744
HD,66181,QMLE-Quote,1996-5-7,0.155107
HD,66181,QMLE-Quote,1996-5-8,0.372012
HD,66181,QMLE-Quote,1996-5-9,0.220559
HD,66181,QMLE-Quote,1996-5-10,0.258627
HD,66181,QMLE-Quote,1996-5-13,0.313709
HD,66181,QMLE-Quote,1996-5-14,0.262058
HD,66181,QMLE-Quote,1996-5-15,0.215671
HD,66181,QMLE-Quote,1996-5-16,0.269488
HD,66181,QMLE-Quote,1996-5-17,0.140498
HD,66181,QMLE-Quote,1996-5-20,0.339129
HD,66181,QMLE-Quote,1996-5-21,0.120504
HD,66181,QMLE-Quote,1996-5-22,0.109752
HD,66181,QMLE-Quote,1996-5-23,0.19539
HD,66181,QMLE-Quote,1996-5-24,0.118891
HD,66181,QMLE-Quote,1996-5-28,0.263705
HD,66181,QMLE-Quote,1996-5-29,0.196309
HD,66181,QMLE-Quote,1996-5-30,0.363563
HD,66181,QMLE-Quote,1996-5-31,0.277187
HD,66181,QMLE-Quote,1996-6-3,0.217715
HD,66181,QMLE-Quote,1996-6-4,0.289149
HD,66181,QMLE-Quote,1996-6-5,0.32614
HD,66181,QMLE-Quote,1996-6-6,0.368742
HD,66181,QMLE-Quote,1996-6-7,0.26731
HD,66181,QMLE-Quote,1996-6-10,0.292463
HD,66181,QMLE-Quote,1996-6-11,0.27176
HD,66181,QMLE-Quote,1996-6-12,0.39292
HD,66181,QMLE-Quote,1996-6-13,0.295986
HD,66181,QMLE-Quote,1996-6-14,0.195527
HD,66181,QMLE-Quote,1996-6-17,0.0223801
HD,66181,QMLE-Quote,1996-6-18,0.280256
HD,66181,QMLE-Quote,1996-6-19,0.169108
HD,66181,QMLE-Quote,1996-6-20,0.184387
HD,66181,QMLE-Quote,1996-6-21,0.260628
HD,66181,QMLE-Quote,1996-6-24,0.231893
HD,66181,QMLE-Quote,1996-6-25,0.0145013
HD,66181,QMLE-Quote,1996-6-26,0.35844
HD,66181,QMLE-Quote,1996-6-27,0.348474
HD,66181,QMLE-Quote,1996-6-28,0.241341
HD,66181,QMLE-Quote,1996-7-1,0.214908
HD,66181,QMLE-Quote,1996-7-2,0.177425
HD,66181,QMLE-Quote,1996-7-3,0.268386
HD,66181,QMLE-Quote,1996-7-5,0.130004
HD,66181,QMLE-Quote,1996-7-8,0.377503
HD,66181,QMLE-Quote,1996-7-9,0.402967
HD,66181,QMLE-Quote,1996-7-10,0.287696
HD,66181,QMLE-Quote,1996-7-11,0.352931
HD,66181,QMLE-Quote,1996-7-12,0.400229
HD,66181,QMLE-Quote,1996-7-15,0.517617
HD,66181,QMLE-Quote,1996-7-16,0.506158
HD,66181,QMLE-Quote,1996-7-17,0.337301
HD,66181,QMLE-Quote,1996-7-18,0.389535
HD,66181,QMLE-Quote,1996-7-19,0.25165
HD,66181,QMLE-Quote,1996-7-22,0.32125
HD,66181,QMLE-Quote,1996-7-23,0.346424
HD,66181,QMLE-Quote,1996-7-24,0.461512
HD,66181,QMLE-Quote,1996-7-25,0.110137
HD,66181,QMLE-Quote,1996-7-26,0.147205
HD,66181,QMLE-Quote,1996-7-29,0.398274
HD,66181,QMLE-Quote,1996-7-30,0.102225
HD,66181,QMLE-Quote,1996-7-31,0.200243
HD,66181,QMLE-Quote,1996-8-1,0.341499
HD,66181,QMLE-Quote,1996-8-2,0.344661
HD,66181,QMLE-Quote,1996-8-5,0.216689
HD,66181,QMLE-Quote,1996-8-6,0.194497
HD,66181,QMLE-Quote,1996-8-7,0.0888624
HD,66181,QMLE-Quote,1996-8-8,0.249755
HD,66181,QMLE-Quote,1996-8-9,0.364226
HD,66181,QMLE-Quote,1996-8-12,0.181861
HD,66181,QMLE-Quote,1996-8-13,0.327738
HD,66181,QMLE-Quote,1996-8-14,0.24736
HD,66181,QMLE-Quote,1996-8-15,0.171359
HD,66181,QMLE-Quote,1996-8-16,0.229398
HD,66181,QMLE-Quote,1996-8-19,0.175224
HD,66181,QMLE-Quote,1996-8-20,0.0971805
HD,66181,QMLE-Quote,1996-8-21,0.175034
HD,66181,QMLE-Quote,1996-8-22,0.111411
HD,66181,QMLE-Quote,1996-8-23,0.0577397
HD,66181,QMLE-Quote,1996-8-26,0.0866892
HD,66181,QMLE-Quote,1996-8-27,0.0648474
HD,66181,QMLE-Quote,1996-8-28,0.114357
HD,66181,QMLE-Quote,1996-8-29,0.296567
HD,66181,QMLE-Quote,1996-8-30,0.272302
HD,66181,QMLE-Quote,1996-9-3,0.178445
HD,66181,QMLE-Quote,1996-9-4,0.281741
HD,66181,QMLE-Quote,1996-9-5,0.183836
HD,66181,QMLE-Quote,1996-9-6,0.237668
HD,66181,QMLE-Quote,1996-9-9,0.180511
HD,66181,QMLE-Quote,1996-9-10,0.126321
HD,66181,QMLE-Quote,1996-9-11,0.123271
HD,66181,QMLE-Quote,1996-9-12,0.236584
HD,66181,QMLE-Quote,1996-9-13,0.214723
HD,66181,QMLE-Quote,1996-9-16,0.250192
HD,66181,QMLE-Quote,1996-9-17,0.335633
HD,66181,QMLE-Quote,1996-9-18,0.206048
HD,66181,QMLE-Quote,1996-9-19,0.257692
HD,66181,QMLE-Quote,1996-9-20,0.138796
HD,66181,QMLE-Quote,1996-9-23,0.198787
HD,66181,QMLE-Quote,1996-9-24,0.233204
HD,66181,QMLE-Quote,1996-9-25,0.263056
HD,66181,QMLE-Quote,1996-9-26,0.271596
HD,66181,QMLE-Quote,1996-9-27,0.0892114
HD,66181,QMLE-Quote,1996-9-30,0.0970223
HD,66181,QMLE-Quote,1996-10-1,0.228333
HD,66181,QMLE-Quote,1996-10-2,0.246531
HD,66181,QMLE-Quote,1996-10-3,0.00282474
HD,66181,QMLE-Quote,1996-10-4,0.165068
HD,66181,QMLE-Quote,1996-10-7,0.182693
HD,66181,QMLE-Quote,1996-10-8,0.164104
HD,66181,QMLE-Quote,1996-10-9,0.177799
HD,66181,QMLE-Quote,1996-10-10,0.210256
HD,66181,QMLE-Quote,1996-10-11,0.188505
HD,66181,QMLE-Quote,1996-10-14,0.118646
HD,66181,QMLE-Quote,1996-10-15,0.306542
HD,66181,QMLE-Quote,1996-10-16,0.166564
HD,66181,QMLE-Quote,1996-10-17,0.256348
HD,66181,QMLE-Quote,1996-10-18,0.0656091
HD,66181,QMLE-Quote,1996-10-21,0.00214364
HD,66181,QMLE-Quote,1996-10-22,0.140255
HD,66181,QMLE-Quote,1996-10-23,0.229397
HD,66181,QMLE-Quote,1996-10-24,0.201398
HD,66181,QMLE-Quote,1996-10-25,0.17384
HD,66181,QMLE-Quote,1996-10-28,0.237623
HD,66181,QMLE-Quote,1996-10-29,0.249617
HD,66181,QMLE-Quote,1996-10-30,0.261077
HD,66181,QMLE-Quote,1996-10-31,0.233439
HD,66181,QMLE-Quote,1996-11-1,0.250243
HD,66181,QMLE-Quote,1996-11-4,0.244445
HD,66181,QMLE-Quote,1996-11-5,0.0910238
HD,66181,QMLE-Quote,1996-11-6,0.209202
HD,66181,QMLE-Quote,1996-11-7,0.47644
HD,66181,QMLE-Quote,1996-11-8,0.334732
HD,66181,QMLE-Quote,1996-11-11,0.185607
HD,66181,QMLE-Quote,1996-11-12,0.48945
HD,66181,QMLE-Quote,1996-11-13,0.366935
HD,66181,QMLE-Quote,1996-11-14,0.126194
HD,66181,QMLE-Quote,1996-11-15,0.157595
HD,66181,QMLE-Quote,1996-11-18,0.28059
HD,66181,QMLE-Quote,1996-11-19,0.161332
HD,66181,QMLE-Quote,1996-11-20,0.34954
HD,66181,QMLE-Quote,1996-11-21,0.233555
HD,66181,QMLE-Quote,1996-11-22,0.334517
HD,66181,QMLE-Quote,1996-11-25,0.276316
HD,66181,QMLE-Quote,1996-11-26,0.254918
HD,66181,QMLE-Quote,1996-11-27,0.243595
HD,66181,QMLE-Quote,1996-11-29,0.15757
HD,66181,QMLE-Quote,1996-12-2,0.254967
HD,66181,QMLE-Quote,1996-12-3,0.238695
HD,66181,QMLE-Quote,1996-12-4,0.212073
HD,66181,QMLE-Quote,1996-12-5,0.261032
HD,66181,QMLE-Quote,1996-12-6,0.516749
HD,66181,QMLE-Quote,1996-12-9,0.149266
HD,66181,QMLE-Quote,1996-12-10,0.241525
HD,66181,QMLE-Quote,1996-12-11,0.26769
HD,66181,QMLE-Quote,1996-12-12,0.236135
HD,66181,QMLE-Quote,1996-12-13,0.181628
HD,66181,QMLE-Quote,1996-12-16,0.363056
HD,66181,QMLE-Quote,1996-12-17,0.288209
HD,66181,QMLE-Quote,1996-12-18,0.251764
HD,66181,QMLE-Quote,1996-12-19,0.150182
HD,66181,QMLE-Quote,1996-12-20,0.317414
HD,66181,QMLE-Quote,1996-12-23,0.163719
HD,66181,QMLE-Quote,1996-12-24,0.208827
HD,66181,QMLE-Quote,1996-12-26,0.18247
HD,66181,QMLE-Quote,1996-12-27,0.213531
HD,66181,QMLE-Quote,1996-12-30,0.171012
HD,66181,QMLE-Quote,1996-12-31,0.130118
HD,66181,QMLE-Quote,1997-1-2,0.205624
HD,66181,QMLE-Quote,1997-1-3,0.17713
HD,66181,QMLE-Quote,1997-1-6,0.160722
HD,66181,QMLE-Quote,1997-1-7,0.248717
HD,66181,QMLE-Quote,1997-1-8,0.224741
HD,66181,QMLE-Quote,1997-1-9,0.166566
HD,66181,QMLE-Quote,1997-1-10,0.171172
HD,66181,QMLE-Quote,1997-1-13,0.1476
HD,66181,QMLE-Quote,1997-1-14,0.115515
HD,66181,QMLE-Quote,1997-1-15,0.144589
HD,66181,QMLE-Quote,1997-1-16,0.236432
HD,66181,QMLE-Quote,1997-1-17,0.212099
HD,66181,QMLE-Quote,1997-1-20,0.291053
HD,66181,QMLE-Quote,1997-1-21,0.230139
HD,66181,QMLE-Quote,1997-1-22,0.259795
HD,66181,QMLE-Quote,1997-1-23,0.304563
HD,66181,QMLE-Quote,1997-1-24,0.349005
HD,66181,QMLE-Quote,1997-1-27,0.296556
HD,66181,QMLE-Quote,1997-1-28,0.245181
HD,66181,QMLE-Quote,1997-1-29,0.0257973
HD,66181,QMLE-Quote,1997-1-30,0.253559
HD,66181,QMLE-Quote,1997-1-31,0.259831
HD,66181,QMLE-Quote,1997-2-3,0.214846
HD,66181,QMLE-Quote,1997-2-4,0.0601358
HD,66181,QMLE-Quote,1997-2-5,0.271165
HD,66181,QMLE-Quote,1997-2-6,0.135739
HD,66181,QMLE-Quote,1997-2-7,0.205085
HD,66181,QMLE-Quote,1997-2-10,0.161722
HD,66181,QMLE-Quote,1997-2-11,0.160574
HD,66181,QMLE-Quote,1997-2-12,0.261986
HD,66181,QMLE-Quote,1997-2-13,0.235088
HD,66181,QMLE-Quote,1997-2-14,0.167245
HD,66181,QMLE-Quote,1997-2-18,0.0975984
HD,66181,QMLE-Quote,1997-2-19,0.19015
HD,66181,QMLE-Quote,1997-2-20,0.232115
HD,66181,QMLE-Quote,1997-2-21,0.22507
HD,66181,QMLE-Quote,1997-2-24,0.205618
HD,66181,QMLE-Quote,1997-2-25,0.395062
HD,66181,QMLE-Quote,1997-2-26,0.577406
HD,66181,QMLE-Quote,1997-2-27,0.196111
HD,66181,QMLE-Quote,1997-2-28,0.184754
HD,66181,QMLE-Quote,1997-3-3,0.240742
HD,66181,QMLE-Quote,1997-3-4,0.147767
HD,66181,QMLE-Quote,1997-3-5,0.129845
HD,66181,QMLE-Quote,1997-3-6,0.0522818
HD,66181,QMLE-Quote,1997-3-7,0.00162883
HD,66181,QMLE-Quote,1997-3-10,0.0242682
HD,66181,QMLE-Quote,1997-3-11,0.250697
HD,66181,QMLE-Quote,1997-3-12,0.149247
HD,66181,QMLE-Quote,1997-3-13,0.217955
HD,66181,QMLE-Quote,1997-3-14,0.285631
HD,66181,QMLE-Quote,1997-3-17,0.233164
HD,66181,QMLE-Quote,1997-3-18,0.180122
HD,66181,QMLE-Quote,1997-3-19,0.207676
HD,66181,QMLE-Quote,1997-3-20,0.185307
HD,66181,QMLE-Quote,1997-3-21,0.110707
HD,66181,QMLE-Quote,1997-3-24,0.149981
HD,66181,QMLE-Quote,1997-3-25,0.331395
HD,66181,QMLE-Quote,1997-3-26,0.2299
HD,66181,QMLE-Quote,1997-3-27,0.269612
HD,66181,QMLE-Quote,1997-3-31,0.347591
HD,66181,QMLE-Quote,1997-4-1,0.268646
HD,66181,QMLE-Quote,1997-4-2,0.284277
HD,66181,QMLE-Quote,1997-4-3,0.320508
HD,66181,QMLE-Quote,1997-4-4,0.283777
HD,66181,QMLE-Quote,1997-4-7,0.162503
HD,66181,QMLE-Quote,1997-4-8,0.223246
HD,66181,QMLE-Quote,1997-4-9,0.163628
HD,66181,QMLE-Quote,1997-4-10,0.174828
HD,66181,QMLE-Quote,1997-4-11,0.235376
HD,66181,QMLE-Quote,1997-4-14,0.176908
HD,66181,QMLE-Quote,1997-4-15,0.183953
HD,66181,QMLE-Quote,1997-4-16,0.182569
HD,66181,QMLE-Quote,1997-4-17,0.242414
HD,66181,QMLE-Quote,1997-4-18,0.144243
HD,66181,QMLE-Quote,1997-4-21,0.175899
HD,66181,QMLE-Quote,1997-4-22,0.277065
HD,66181,QMLE-Quote,1997-4-23,0.261225
HD,66181,QMLE-Quote,1997-4-24,0.186708
HD,66181,QMLE-Quote,1997-4-25,0.193413
HD,66181,QMLE-Quote,1997-4-28,0.136843
HD,66181,QMLE-Quote,1997-4-29,0.113808
HD,66181,QMLE-Quote,1997-4-30,0.215041
HD,66181,QMLE-Quote,1997-5-1,0.169369
HD,66181,QMLE-Quote,1997-5-2,0.224888
HD,66181,QMLE-Quote,1997-5-5,0.193531
HD,66181,QMLE-Quote,1997-5-6,0.221207
HD,66181,QMLE-Quote,1997-5-7,0.243259
HD,66181,QMLE-Quote,1997-5-8,0.158162
HD,66181,QMLE-Quote,1997-5-9,0.14852
HD,66181,QMLE-Quote,1997-5-12,0.186374
HD,66181,QMLE-Quote,1997-5-13,0.206536
HD,66181,QMLE-Quote,1997-5-14,0.200611
HD,66181,QMLE-Quote,1997-5-15,0.147805
HD,66181,QMLE-Quote,1997-5-16,0.183843
HD,66181,QMLE-Quote,1997-5-19,0.163931
HD,66181,QMLE-Quote,1997-5-20,0.230947
HD,66181,QMLE-Quote,1997-5-21,0.209783
HD,66181,QMLE-Quote,1997-5-22,0.181528
HD,66181,QMLE-Quote,1997-5-23,0.245107
HD,66181,QMLE-Quote,1997-5-27,0.240523
HD,66181,QMLE-Quote,1997-5-28,0.25163
HD,66181,QMLE-Quote,1997-5-29,0.222124
HD,66181,QMLE-Quote,1997-5-30,0.148475
HD,66181,QMLE-Quote,1997-6-2,0.0869432
HD,66181,QMLE-Quote,1997-6-3,0.0394365
HD,66181,QMLE-Quote,1997-6-4,0.107225
HD,66181,QMLE-Quote,1997-6-5,0.275759
HD,66181,QMLE-Quote,1997-6-6,0.369421
HD,66181,QMLE-Quote,1997-6-9,0.0628623
HD,66181,QMLE-Quote,1997-6-10,0.215079
HD,66181,QMLE-Quote,1997-6-11,0.225078
HD,66181,QMLE-Quote,1997-6-12,0.13827
HD,66181,QMLE-Quote,1997-6-13,0.159914
HD,66181,QMLE-Quote,1997-6-16,0.103456
HD,66181,QMLE-Quote,1997-6-17,0.169266
HD,66181,QMLE-Quote,1997-6-18,0.0909052
HD,66181,QMLE-Quote,1997-6-19,0.128271
HD,66181,QMLE-Quote,1997-6-20,0.144333
HD,66181,QMLE-Quote,1997-6-23,0.120227
HD,66181,QMLE-Quote,1997-6-24,0.16612
HD,66181,QMLE-Quote,1997-6-25,0.165602
HD,66181,QMLE-Quote,1997-6-26,0.199008
HD,66181,QMLE-Quote,1997-6-27,0.124421
HD,66181,QMLE-Quote,1997-6-30,0.141147
HD,66181,QMLE-Quote,1997-7-1,0.0519664
HD,66181,QMLE-Quote,1997-7-2,0.158968
HD,66181,QMLE-Quote,1997-7-3,0.18092
HD,66181,QMLE-Quote,1997-7-7,0.288067
HD,66181,QMLE-Quote,1997-7-8,0.22964
HD,66181,QMLE-Quote,1997-7-9,0.344545
HD,66181,QMLE-Quote,1997-7-10,0.252113
HD,66181,QMLE-Quote,1997-7-11,0.223461
HD,66181,QMLE-Quote,1997-7-14,0.18553
HD,66181,QMLE-Quote,1997-7-15,0.12358
HD,66181,QMLE-Quote,1997-7-16,0.215049
HD,66181,QMLE-Quote,1997-7-17,0.193386
HD,66181,QMLE-Quote,1997-7-18,0.231142
HD,66181,QMLE-Quote,1997-7-21,0.0591742
HD,66181,QMLE-Quote,1997-7-22,0.210324
HD,66181,QMLE-Quote,1997-7-23,0.296497
HD,66181,QMLE-Quote,1997-7-24,0.28433
HD,66181,QMLE-Quote,1997-7-25,0.185674
HD,66181,QMLE-Quote,1997-7-28,0.0511992
HD,66181,QMLE-Quote,1997-7-29,0.300886
HD,66181,QMLE-Quote,1997-7-30,0.260718
HD,66181,QMLE-Quote,1997-7-31,0.181566
HD,66181,QMLE-Quote,1997-8-1,0.300361
HD,66181,QMLE-Quote,1997-8-4,0.190976
HD,66181,QMLE-Quote,1997-8-5,0.183738
HD,66181,QMLE-Quote,1997-8-6,0.190513
HD,66181,QMLE-Quote,1997-8-7,0.0204449
HD,66181,QMLE-Quote,1997-8-8,0.530186
HD,66181,QMLE-Quote,1997-8-11,0.193996
HD,66181,QMLE-Quote,1997-8-12,0.256644
HD,66181,QMLE-Quote,1997-8-13,0.284818
HD,66181,QMLE-Quote,1997-8-14,0.175134
HD,66181,QMLE-Quote,1997-8-15,0.252584
HD,66181,QMLE-Quote,1997-8-18,0.302446
HD,66181,QMLE-Quote,1997-8-19,0.183517
HD,66181,QMLE-Quote,1997-8-20,0.21931
HD,66181,QMLE-Quote,1997-8-21,0.261259
HD,66181,QMLE-Quote,1997-8-22,0.326619
HD,66181,QMLE-Quote,1997-8-25,0.217597
HD,66181,QMLE-Quote,1997-8-26,0.182729
HD,66181,QMLE-Quote,1997-8-27,0.277175
HD,66181,QMLE-Quote,1997-8-28,0.247004
HD,66181,QMLE-Quote,1997-8-29,0.104848
HD,66181,QMLE-Quote,1997-9-2,0.191358
HD,66181,QMLE-Quote,1997-9-3,0.236911
HD,66181,QMLE-Quote,1997-9-4,0.166687
HD,66181,QMLE-Quote,1997-9-5,0.101009
HD,66181,QMLE-Quote,1997-9-8,0.0494322
HD,66181,QMLE-Quote,1997-9-9,0.135114
HD,66181,QMLE-Quote,1997-9-10,0.0999793
HD,66181,QMLE-Quote,1997-9-11,0.307255
HD,66181,QMLE-Quote,1997-9-12,0.396511
HD,66181,QMLE-Quote,1997-9-15,0.219437
HD,66181,QMLE-Quote,1997-9-16,0.273377
HD,66181,QMLE-Quote,1997-9-17,0.186635
HD,66181,QMLE-Quote,1997-9-18,0.156748
HD,66181,QMLE-Quote,1997-9-19,0.1661
HD,66181,QMLE-Quote,1997-9-22,0.288431
HD,66181,QMLE-Quote,1997-9-23,0.247113
HD,66181,QMLE-Quote,1997-9-24,0.289439
HD,66181,QMLE-Quote,1997-9-25,0.207367
HD,66181,QMLE-Quote,1997-9-26,0.210858
HD,66181,QMLE-Quote,1997-9-29,0.207872
HD,66181,QMLE-Quote,1997-9-30,0.264046
HD,66181,QMLE-Quote,1997-10-1,0.175696
HD,66181,QMLE-Quote,1997-10-2,0.0976809
HD,66181,QMLE-Quote,1997-10-3,0.223916
HD,66181,QMLE-Quote,1997-10-6,0.104113
HD,66181,QMLE-Quote,1997-10-7,0.0814522
HD,66181,QMLE-Quote,1997-10-8,0.177289
HD,66181,QMLE-Quote,1997-10-9,0.249558
HD,66181,QMLE-Quote,1997-10-10,0.244924
HD,66181,QMLE-Quote,1997-10-13,0.162226
HD,66181,QMLE-Quote,1997-10-14,0.154873
HD,66181,QMLE-Quote,1997-10-15,0.141539
HD,66181,QMLE-Quote,1997-10-16,0.208459
HD,66181,QMLE-Quote,1997-10-17,0.364537
HD,66181,QMLE-Quote,1997-10-20,0.318181
HD,66181,QMLE-Quote,1997-10-21,0.164893
HD,66181,QMLE-Quote,1997-10-22,0.167187
HD,66181,QMLE-Quote,1997-10-23,0.320456
HD,66181,QMLE-Quote,1997-10-24,0.224274
HD,66181,QMLE-Quote,1997-10-27,0.399888
HD,66181,QMLE-Quote,1997-10-28,0.782421
HD,66181,QMLE-Quote,1997-10-29,0.260511
HD,66181,QMLE-Quote,1997-10-30,0.458293
HD,66181,QMLE-Quote,1997-10-31,0.297465
HD,66181,QMLE-Quote,1997-11-3,0.303645
HD,66181,QMLE-Quote,1997-11-4,0.197941
HD,66181,QMLE-Quote,1997-11-5,0.13534
HD,66181,QMLE-Quote,1997-11-6,0.205973
HD,66181,QMLE-Quote,1997-11-7,0.233494
HD,66181,QMLE-Quote,1997-11-10,0.176771
HD,66181,QMLE-Quote,1997-11-11,0.109891
HD,66181,QMLE-Quote,1997-11-12,0.359664
HD,66181,QMLE-Quote,1997-11-13,0.283489
HD,66181,QMLE-Quote,1997-11-14,0.333471
HD,66181,QMLE-Quote,1997-11-17,0.159218
HD,66181,QMLE-Quote,1997-11-18,0.301659
HD,66181,QMLE-Quote,1997-11-19,0.215209
HD,66181,QMLE-Quote,1997-11-20,0.157935
HD,66181,QMLE-Quote,1997-11-21,0.20946
HD,66181,QMLE-Quote,1997-11-24,0.271532
HD,66181,QMLE-Quote,1997-11-25,0.196292
HD,66181,QMLE-Quote,1997-11-26,0.177672
HD,66181,QMLE-Quote,1997-11-28,0.294482
HD,66181,QMLE-Quote,1997-12-1,0.220502
HD,66181,QMLE-Quote,1997-12-2,0.132663
HD,66181,QMLE-Quote,1997-12-3,0.206196
HD,66181,QMLE-Quote,1997-12-4,0.221481
HD,66181,QMLE-Quote,1997-12-5,0.298003
HD,66181,QMLE-Quote,1997-12-8,0.12807
HD,66181,QMLE-Quote,1997-12-9,0.136433
HD,66181,QMLE-Quote,1997-12-10,0.226757
HD,66181,QMLE-Quote,1997-12-11,0.184035
HD,66181,QMLE-Quote,1997-12-12,0.238945
HD,66181,QMLE-Quote,1997-12-15,0.251775
HD,66181,QMLE-Quote,1997-12-16,0.145788
HD,66181,QMLE-Quote,1997-12-17,0.204903
HD,66181,QMLE-Quote,1997-12-18,0.266177
HD,66181,QMLE-Quote,1997-12-19,0.294031
HD,66181,QMLE-Quote,1997-12-22,0.21824
HD,66181,QMLE-Quote,1997-12-23,0.227901
HD,66181,QMLE-Quote,1997-12-24,0.30621
HD,66181,QMLE-Quote,1997-12-26,0.20335
HD,66181,QMLE-Quote,1997-12-29,0.233976
HD,66181,QMLE-Quote,1997-12-30,0.219602
HD,66181,QMLE-Quote,1997-12-31,0.222956
HD,66181,QMLE-Quote,1998-1-2,0.309848
HD,66181,QMLE-Quote,1998-1-5,0.235891
HD,66181,QMLE-Quote,1998-1-6,0.195962
HD,66181,QMLE-Quote,1998-1-7,0.339388
HD,66181,QMLE-Quote,1998-1-8,0.27208
HD,66181,QMLE-Quote,1998-1-9,0.399487
HD,66181,QMLE-Quote,1998-1-12,0.372705
HD,66181,QMLE-Quote,1998-1-13,0.244665
HD,66181,QMLE-Quote,1998-1-14,0.120788
HD,66181,QMLE-Quote,1998-1-15,0.200978
HD,66181,QMLE-Quote,1998-1-16,0.116196
HD,66181,QMLE-Quote,1998-1-20,0.198024
HD,66181,QMLE-Quote,1998-1-21,0.188871
HD,66181,QMLE-Quote,1998-1-22,0.13519
HD,66181,QMLE-Quote,1998-1-23,0.271348
HD,66181,QMLE-Quote,1998-1-26,0.287308
HD,66181,QMLE-Quote,1998-1-27,0.219684
HD,66181,QMLE-Quote,1998-1-28,0.195362
HD,66181,QMLE-Quote,1998-1-29,0.223698
HD,66181,QMLE-Quote,1998-1-30,0.190705
HD,66181,QMLE-Quote,1998-2-2,0.184557
HD,66181,QMLE-Quote,1998-2-3,0.158848
HD,66181,QMLE-Quote,1998-2-4,0.178793
HD,66181,QMLE-Quote,1998-2-5,0.190811
HD,66181,QMLE-Quote,1998-2-6,0.182418
HD,66181,QMLE-Quote,1998-2-9,0.135469
HD,66181,QMLE-Quote,1998-2-10,0.122897
HD,66181,QMLE-Quote,1998-2-11,0.145791
HD,66181,QMLE-Quote,1998-2-12,0.234991
HD,66181,QMLE-Quote,1998-2-13,0.17062
HD,66181,QMLE-Quote,1998-2-17,0.149199
HD,66181,QMLE-Quote,1998-2-18,0.0765921
HD,66181,QMLE-Quote,1998-2-19,0.0902278
HD,66181,QMLE-Quote,1998-2-20,0.123327
HD,66181,QMLE-Quote,1998-2-23,0.217544
HD,66181,QMLE-Quote,1998-2-24,0.244263
HD,66181,QMLE-Quote,1998-2-25,0.215351
HD,66181,QMLE-Quote,1998-2-26,0.201941
HD,66181,QMLE-Quote,1998-2-27,0.216814
HD,66181,QMLE-Quote,1998-3-2,0.191116
HD,66181,QMLE-Quote,1998-3-3,0.160931
HD,66181,QMLE-Quote,1998-3-4,0.133556
HD,66181,QMLE-Quote,1998-3-5,0.302776
HD,66181,QMLE-Quote,1998-3-6,0.192746
HD,66181,QMLE-Quote,1998-3-9,0.14258
HD,66181,QMLE-Quote,1998-3-10,0.197975
HD,66181,QMLE-Quote,1998-3-11,0.152958
HD,66181,QMLE-Quote,1998-3-12,0.248019
HD,66181,QMLE-Quote,1998-3-13,0.15618
HD,66181,QMLE-Quote,1998-3-16,0.153983
HD,66181,QMLE-Quote,1998-3-17,0.18367
HD,66181,QMLE-Quote,1998-3-18,0.229094
HD,66181,QMLE-Quote,1998-3-19,0.137219
HD,66181,QMLE-Quote,1998-3-20,0.199831
HD,66181,QMLE-Quote,1998-3-23,0.220587
HD,66181,QMLE-Quote,1998-3-24,0.149042
HD,66181,QMLE-Quote,1998-3-25,0.374422
HD,66181,QMLE-Quote,1998-3-26,0.251164
HD,66181,QMLE-Quote,1998-3-27,0.296846
HD,66181,QMLE-Quote,1998-3-30,0.159405
HD,66181,QMLE-Quote,1998-3-31,0.315695
HD,66181,QMLE-Quote,1998-4-1,0.225199
HD,66181,QMLE-Quote,1998-4-2,0.222622
HD,66181,QMLE-Quote,1998-4-3,0.183136
HD,66181,QMLE-Quote,1998-4-6,0.21223
HD,66181,QMLE-Quote,1998-4-7,0.1629
HD,66181,QMLE-Quote,1998-4-8,0.185769
HD,66181,QMLE-Quote,1998-4-9,0.19597
HD,66181,QMLE-Quote,1998-4-13,0.155586
HD,66181,QMLE-Quote,1998-4-14,0.243656
HD,66181,QMLE-Quote,1998-4-15,0.195864
HD,66181,QMLE-Quote,1998-4-16,0.143321
HD,66181,QMLE-Quote,1998-4-17,0.115676
HD,66181,QMLE-Quote,1998-4-20,0.141702
HD,66181,QMLE-Quote,1998-4-21,0.243876
HD,66181,QMLE-Quote,1998-4-22,0.166146
HD,66181,QMLE-Quote,1998-4-23,0.18815
HD,66181,QMLE-Quote,1998-4-24,0.227972
HD,66181,QMLE-Quote,1998-4-27,0.325587
HD,66181,QMLE-Quote,1998-4-28,0.238629
HD,66181,QMLE-Quote,1998-4-29,0.218727
HD,66181,QMLE-Quote,1998-4-30,0.18788
HD,66181,QMLE-Quote,1998-5-1,0.214037
HD,66181,QMLE-Quote,1998-5-4,0.18011
HD,66181,QMLE-Quote,1998-5-5,0.289448
HD,66181,QMLE-Quote,1998-5-6,0.318066
HD,66181,QMLE-Quote,1998-5-7,0.228988
HD,66181,QMLE-Quote,1998-5-8,0.113091
HD,66181,QMLE-Quote,1998-5-11,0.124417
HD,66181,QMLE-Quote,1998-5-12,0.166571
HD,66181,QMLE-Quote,1998-5-13,0.102224
HD,66181,QMLE-Quote,1998-5-14,0.227988
HD,66181,QMLE-Quote,1998-5-15,0.222447
HD,66181,QMLE-Quote,1998-5-18,0.235951
HD,66181,QMLE-Quote,1998-5-19,0.306182
HD,66181,QMLE-Quote,1998-5-20,0.294874
HD,66181,QMLE-Quote,1998-5-21,0.320301
HD,66181,QMLE-Quote,1998-5-22,0.165804
HD,66181,QMLE-Quote,1998-5-26,0.260061
HD,66181,QMLE-Quote,1998-5-27,0.367546
HD,66181,QMLE-Quote,1998-5-28,0.334193
HD,66181,QMLE-Quote,1998-5-29,0.302026
HD,66181,QMLE-Quote,1998-6-1,0.237361
HD,66181,QMLE-Quote,1998-6-2,0.195652
HD,66181,QMLE-Quote,1998-6-3,0.160325
HD,66181,QMLE-Quote,1998-6-4,0.235141
HD,66181,QMLE-Quote,1998-6-5,0.177206
HD,66181,QMLE-Quote,1998-6-8,0.198429
HD,66181,QMLE-Quote,1998-6-9,0.115733
HD,66181,QMLE-Quote,1998-6-10,0.212931
HD,66181,QMLE-Quote,1998-6-11,0.290937
HD,66181,QMLE-Quote,1998-6-12,0.273797
HD,66181,QMLE-Quote,1998-6-15,0.128962
HD,66181,QMLE-Quote,1998-6-16,0.206507
HD,66181,QMLE-Quote,1998-6-17,0.256417
HD,66181,QMLE-Quote,1998-6-18,0.246238
HD,66181,QMLE-Quote,1998-6-19,0.310037
HD,66181,QMLE-Quote,1998-6-22,0.282849
HD,66181,QMLE-Quote,1998-6-23,0.270786
HD,66181,QMLE-Quote,1998-6-24,0.168978
HD,66181,QMLE-Quote,1998-6-25,0.160008
HD,66181,QMLE-Quote,1998-6-26,0.211951
HD,66181,QMLE-Quote,1998-6-29,0.179998
HD,66181,QMLE-Quote,1998-6-30,0.200508
HD,66181,QMLE-Quote,1998-7-1,0.232598
HD,66181,QMLE-Quote,1998-7-2,0.161503
HD,66181,QMLE-Quote,1998-7-6,0.46034
HD,66181,QMLE-Quote,1998-7-7,0.2454
HD,66181,QMLE-Quote,1998-7-8,0.166082
HD,66181,QMLE-Quote,1998-7-9,0.334741
HD,66181,QMLE-Quote,1998-7-10,0.358848
HD,66181,QMLE-Quote,1998-7-13,0.231661
HD,66181,QMLE-Quote,1998-7-14,0.183943
HD,66181,QMLE-Quote,1998-7-15,0.301729
HD,66181,QMLE-Quote,1998-7-16,0.274146
HD,66181,QMLE-Quote,1998-7-17,0.12203
HD,66181,QMLE-Quote,1998-7-20,0.143863
HD,66181,QMLE-Quote,1998-7-21,0.290587
HD,66181,QMLE-Quote,1998-7-22,0.398261
HD,66181,QMLE-Quote,1998-7-23,0.277577
HD,66181,QMLE-Quote,1998-7-24,0.675156
HD,66181,QMLE-Quote,1998-7-27,0.411552
HD,66181,QMLE-Quote,1998-7-28,0.483761
HD,66181,QMLE-Quote,1998-7-29,0.36297
HD,66181,QMLE-Quote,1998-7-30,0.440561
HD,66181,QMLE-Quote,1998-7-31,0.384197
HD,66181,QMLE-Quote,1998-8-3,0.513665
HD,66181,QMLE-Quote,1998-8-4,0.693126
HD,66181,QMLE-Quote,1998-8-5,0.838689
HD,66181,QMLE-Quote,1998-8-6,0.617854
HD,66181,QMLE-Quote,1998-8-7,0.46845
HD,66181,QMLE-Quote,1998-8-10,0.377746
HD,66181,QMLE-Quote,1998-8-11,0.548907
HD,66181,QMLE-Quote,1998-8-12,0.336874
HD,66181,QMLE-Quote,1998-8-13,0.280549
HD,66181,QMLE-Quote,1998-8-14,0.489859
HD,66181,QMLE-Quote,1998-8-17,0.554954
HD,66181,QMLE-Quote,1998-8-18,0.30784
HD,66181,QMLE-Quote,1998-8-19,0.319733
HD,66181,QMLE-Quote,1998-8-20,0.410228
HD,66181,QMLE-Quote,1998-8-21,0.326497
HD,66181,QMLE-Quote,1998-8-24,0.303173
HD,66181,QMLE-Quote,1998-8-25,0.285993
HD,66181,QMLE-Quote,1998-8-26,0.303953
HD,66181,QMLE-Quote,1998-8-27,0.575099
HD,66181,QMLE-Quote,1998-8-28,0.748744
HD,66181,QMLE-Quote,1998-8-31,0.90103
HD,66181,QMLE-Quote,1998-9-1,1.44133
HD,66181,QMLE-Quote,1998-9-2,0.671509
HD,66181,QMLE-Quote,1998-9-3,0.825657
HD,66181,QMLE-Quote,1998-9-4,0.6087
HD,66181,QMLE-Quote,1998-9-8,0.630189
HD,66181,QMLE-Quote,1998-9-9,0.549543
HD,66181,QMLE-Quote,1998-9-10,0.597562
HD,66181,QMLE-Quote,1998-9-11,0.789375
HD,66181,QMLE-Quote,1998-9-14,0.205008
HD,66181,QMLE-Quote,1998-9-15,0.425724
HD,66181,QMLE-Quote,1998-9-16,0.31093
HD,66181,QMLE-Quote,1998-9-17,0.527514
HD,66181,QMLE-Quote,1998-9-18,0.314547
HD,66181,QMLE-Quote,1998-9-21,0.493689
HD,66181,QMLE-Quote,1998-9-22,0.404601
HD,66181,QMLE-Quote,1998-9-23,0.41087
HD,66181,QMLE-Quote,1998-9-24,0.366507
HD,66181,QMLE-Quote,1998-9-25,0.460747
HD,66181,QMLE-Quote,1998-9-28,0.448769
HD,66181,QMLE-Quote,1998-9-29,0.376126
HD,66181,QMLE-Quote,1998-9-30,0.721075
HD,66181,QMLE-Quote,1998-10-1,0.582363
HD,66181,QMLE-Quote,1998-10-2,0.673366
HD,66181,QMLE-Quote,1998-10-5,0.681414
HD,66181,QMLE-Quote,1998-10-6,0.758915
HD,66181,QMLE-Quote,1998-10-7,0.96777
HD,66181,QMLE-Quote,1998-10-8,1.04221
HD,66181,QMLE-Quote,1998-10-9,0.691462
HD,66181,QMLE-Quote,1998-10-12,0.400039
HD,66181,QMLE-Quote,1998-10-13,0.279321
HD,66181,QMLE-Quote,1998-10-14,0.578049
HD,66181,QMLE-Quote,1998-10-15,0.624937
HD,66181,QMLE-Quote,1998-10-16,0.515804
HD,66181,QMLE-Quote,1998-10-19,0.310251
HD,66181,QMLE-Quote,1998-10-20,0.433876
HD,66181,QMLE-Quote,1998-10-21,0.395228
HD,66181,QMLE-Quote,1998-10-22,0.328538
HD,66181,QMLE-Quote,1998-10-23,0.294797
HD,66181,QMLE-Quote,1998-10-26,0.522229
HD,66181,QMLE-Quote,1998-10-27,0.47183
HD,66181,QMLE-Quote,1998-10-28,0.375408
HD,66181,QMLE-Quote,1998-10-29,0.264717
HD,66181,QMLE-Quote,1998-10-30,0.386876
HD,66181,QMLE-Quote,1998-11-2,0.313468
HD,66181,QMLE-Quote,1998-11-3,0.358276
HD,66181,QMLE-Quote,1998-11-4,0.335703
HD,66181,QMLE-Quote,1998-11-5,0.331457
HD,66181,QMLE-Quote,1998-11-6,0.324494
HD,66181,QMLE-Quote,1998-11-9,0.242803
HD,66181,QMLE-Quote,1998-11-10,0.301397
HD,66181,QMLE-Quote,1998-11-11,0.330121
HD,66181,QMLE-Quote,1998-11-12,0.255467
HD,66181,QMLE-Quote,1998-11-13,0.122062
HD,66181,QMLE-Quote,1998-11-16,0.235893
HD,66181,QMLE-Quote,1998-11-17,0.549619
HD,66181,QMLE-Quote,1998-11-18,0.240506
HD,66181,QMLE-Quote,1998-11-19,0.340029
HD,66181,QMLE-Quote,1998-11-20,0.265729
HD,66181,QMLE-Quote,1998-11-23,0.247152
HD,66181,QMLE-Quote,1998-11-24,0.300514
HD,66181,QMLE-Quote,1998-11-25,0.278369
HD,66181,QMLE-Quote,1998-11-27,0.285373
HD,66181,QMLE-Quote,1998-11-30,0.284804
HD,66181,QMLE-Quote,1998-12-1,0.428611
HD,66181,QMLE-Quote,1998-12-2,0.264563
HD,66181,QMLE-Quote,1998-12-3,0.357724
HD,66181,QMLE-Quote,1998-12-4,0.198807
HD,66181,QMLE-Quote,1998-12-7,0.303025
HD,66181,QMLE-Quote,1998-12-8,0.315077
HD,66181,QMLE-Quote,1998-12-9,0.353272
HD,66181,QMLE-Quote,1998-12-10,0.399933
HD,66181,QMLE-Quote,1998-12-11,0.332435
HD,66181,QMLE-Quote,1998-12-14,0.249906
HD,66181,QMLE-Quote,1998-12-15,0.506623
HD,66181,QMLE-Quote,1998-12-16,0.416698
HD,66181,QMLE-Quote,1998-12-17,0.353325
HD,66181,QMLE-Quote,1998-12-18,0.406056
HD,66181,QMLE-Quote,1998-12-21,0.421099
HD,66181,QMLE-Quote,1998-12-22,0.279563
HD,66181,QMLE-Quote,1998-12-23,0.285063
HD,66181,QMLE-Quote,1998-12-24,0.235264
HD,66181,QMLE-Quote,1998-12-28,0.23441
HD,66181,QMLE-Quote,1998-12-29,0.292394
HD,66181,QMLE-Quote,1998-12-30,0.308603
HD,66181,QMLE-Quote,1998-12-31,0.304796
HD,66181,QMLE-Quote,1999-1-4,0.447281
HD,66181,QMLE-Quote,1999-1-5,0.252917
HD,66181,QMLE-Quote,1999-1-6,0.228012
HD,66181,QMLE-Quote,1999-1-7,0.259162
HD,66181,QMLE-Quote,1999-1-8,0.439648
HD,66181,QMLE-Quote,1999-1-11,0.374979
HD,66181,QMLE-Quote,1999-1-12,0.338006
HD,66181,QMLE-Quote,1999-1-13,0.392432
HD,66181,QMLE-Quote,1999-1-14,0.370336
HD,66181,QMLE-Quote,1999-1-15,0.278112
HD,66181,QMLE-Quote,1999-1-19,0.306924
HD,66181,QMLE-Quote,1999-1-20,0.335882
HD,66181,QMLE-Quote,1999-1-21,0.270576
HD,66181,QMLE-Quote,1999-1-22,0.416546
HD,66181,QMLE-Quote,1999-1-25,0.320761
HD,66181,QMLE-Quote,1999-1-26,0.345974
HD,66181,QMLE-Quote,1999-1-27,0.25868
HD,66181,QMLE-Quote,1999-1-28,0.282367
HD,66181,QMLE-Quote,1999-1-29,0.308278
HD,66181,QMLE-Quote,1999-2-1,0.272796
HD,66181,QMLE-Quote,1999-2-2,0.39904
HD,66181,QMLE-Quote,1999-2-3,0.272718
HD,66181,QMLE-Quote,1999-2-4,0.291644
HD,66181,QMLE-Quote,1999-2-5,0.493894
HD,66181,QMLE-Quote,1999-2-8,0.297144
HD,66181,QMLE-Quote,1999-2-9,0.287061
HD,66181,QMLE-Quote,1999-2-10,0.361167
HD,66181,QMLE-Quote,1999-2-11,0.356161
HD,66181,QMLE-Quote,1999-2-12,0.353181
HD,66181,QMLE-Quote,1999-2-16,0.326466
HD,66181,QMLE-Quote,1999-2-17,0.352833
HD,66181,QMLE-Quote,1999-2-18,0.248832
HD,66181,QMLE-Quote,1999-2-19,0.366698
HD,66181,QMLE-Quote,1999-2-22,0.307049
HD,66181,QMLE-Quote,1999-2-23,0.379356
HD,66181,QMLE-Quote,1999-2-24,0.27146
HD,66181,QMLE-Quote,1999-2-25,0.393083
HD,66181,QMLE-Quote,1999-2-26,0.401844
HD,66181,QMLE-Quote,1999-3-1,0.386481
HD,66181,QMLE-Quote,1999-3-2,0.281824
HD,66181,QMLE-Quote,1999-3-3,0.323353
HD,66181,QMLE-Quote,1999-3-4,0.328754
HD,66181,QMLE-Quote,1999-3-5,0.316668
HD,66181,QMLE-Quote,1999-3-8,0.313274
HD,66181,QMLE-Quote,1999-3-9,0.257153
HD,66181,QMLE-Quote,1999-3-10,0.247441
HD,66181,QMLE-Quote,1999-3-11,0.275524
HD,66181,QMLE-Quote,1999-3-12,0.225826
HD,66181,QMLE-Quote,1999-3-15,0.188686
HD,66181,QMLE-Quote,1999-3-16,0.164814
HD,66181,QMLE-Quote,1999-3-17,0.15578
HD,66181,QMLE-Quote,1999-3-18,0.20593
HD,66181,QMLE-Quote,1999-3-19,0.319691
HD,66181,QMLE-Quote,1999-3-22,0.202476
HD,66181,QMLE-Quote,1999-3-23,0.404323
HD,66181,QMLE-Quote,1999-3-24,0.300535
HD,66181,QMLE-Quote,1999-3-25,0.34408
HD,66181,QMLE-Quote,1999-3-26,0.274588
HD,66181,QMLE-Quote,1999-3-29,0.26789
HD,66181,QMLE-Quote,1999-3-30,0.174053
HD,66181,QMLE-Quote,1999-3-31,0.325722
HD,66181,QMLE-Quote,1999-4-1,0.337491
HD,66181,QMLE-Quote,1999-4-5,0.410261
HD,66181,QMLE-Quote,1999-4-6,0.277296
HD,66181,QMLE-Quote,1999-4-7,0.281866
HD,66181,QMLE-Quote,1999-4-8,0.432427
HD,66181,QMLE-Quote,1999-4-9,0.393637
HD,66181,QMLE-Quote,1999-4-12,0.279486
HD,66181,QMLE-Quote,1999-4-13,0.358578
HD,66181,QMLE-Quote,1999-4-14,0.395831
HD,66181,QMLE-Quote,1999-4-15,0.405099
HD,66181,QMLE-Quote,1999-4-16,0.263669
HD,66181,QMLE-Quote,1999-4-19,0.650233
HD,66181,QMLE-Quote,1999-4-20,0.522918
HD,66181,QMLE-Quote,1999-4-21,0.468403
HD,66181,QMLE-Quote,1999-4-22,0.329615
HD,66181,QMLE-Quote,1999-4-23,0.28127
HD,66181,QMLE-Quote,1999-4-26,0.288855
HD,66181,QMLE-Quote,1999-4-27,0.183923
HD,66181,QMLE-Quote,1999-4-28,0.186892
HD,66181,QMLE-Quote,1999-4-29,0.409553
HD,66181,QMLE-Quote,1999-4-30,0.525135
HD,66181,QMLE-Quote,1999-5-3,0.331481
HD,66181,QMLE-Quote,1999-5-4,0.378192
HD,66181,QMLE-Quote,1999-5-5,0.371723
HD,66181,QMLE-Quote,1999-5-6,0.40258
HD,66181,QMLE-Quote,1999-5-7,0.318422
HD,66181,QMLE-Quote,1999-5-10,0.412277
HD,66181,QMLE-Quote,1999-5-11,0.409255
HD,66181,QMLE-Quote,1999-5-12,0.497345
HD,66181,QMLE-Quote,1999-5-13,0.25068
HD,66181,QMLE-Quote,1999-5-14,0.220152
HD,66181,QMLE-Quote,1999-5-17,0.386047
HD,66181,QMLE-Quote,1999-5-18,0.408879
HD,66181,QMLE-Quote,1999-5-19,0.370715
HD,66181,QMLE-Quote,1999-5-20,0.198318
HD,66181,QMLE-Quote,1999-5-21,0.237184
HD,66181,QMLE-Quote,1999-5-24,0.509824
HD,66181,QMLE-Quote,1999-5-25,0.360181
HD,66181,QMLE-Quote,1999-5-26,0.413339
HD,66181,QMLE-Quote,1999-5-27,0.385855
HD,66181,QMLE-Quote,1999-5-28,0.278647
HD,66181,QMLE-Quote,1999-6-1,0.453987
HD,66181,QMLE-Quote,1999-6-2,0.335009
HD,66181,QMLE-Quote,1999-6-3,0.315808
HD,66181,QMLE-Quote,1999-6-4,0.299214
HD,66181,QMLE-Quote,1999-6-7,0.192173
HD,66181,QMLE-Quote,1999-6-8,0.275912
HD,66181,QMLE-Quote,1999-6-9,0.265961
HD,66181,QMLE-Quote,1999-6-10,0.396954
HD,66181,QMLE-Quote,1999-6-11,0.293763
HD,66181,QMLE-Quote,1999-6-14,0.269342
HD,66181,QMLE-Quote,1999-6-15,0.183968
HD,66181,QMLE-Quote,1999-6-16,0.168167
HD,66181,QMLE-Quote,1999-6-17,0.280616
HD,66181,QMLE-Quote,1999-6-18,0.214563
HD,66181,QMLE-Quote,1999-6-21,0.264151
HD,66181,QMLE-Quote,1999-6-22,0.259888
HD,66181,QMLE-Quote,1999-6-23,0.277754
HD,66181,QMLE-Quote,1999-6-24,0.281875
HD,66181,QMLE-Quote,1999-6-25,0.274518
HD,66181,QMLE-Quote,1999-6-28,0.168727
HD,66181,QMLE-Quote,1999-6-29,0.229552
HD,66181,QMLE-Quote,1999-6-30,0.292284
HD,66181,QMLE-Quote,1999-7-1,0.213674
HD,66181,QMLE-Quote,1999-7-2,0.202901
HD,66181,QMLE-Quote,1999-7-6,0.276201
HD,66181,QMLE-Quote,1999-7-7,0.17261
HD,66181,QMLE-Quote,1999-7-8,0.214046
HD,66181,QMLE-Quote,1999-7-9,0.220021
HD,66181,QMLE-Quote,1999-7-12,0.206231
HD,66181,QMLE-Quote,1999-7-13,0.18651
HD,66181,QMLE-Quote,1999-7-14,0.21187
HD,66181,QMLE-Quote,1999-7-15,0.330282
HD,66181,QMLE-Quote,1999-7-16,0.241514
HD,66181,QMLE-Quote,1999-7-19,0.14228
HD,66181,QMLE-Quote,1999-7-20,0.374284
HD,66181,QMLE-Quote,1999-7-21,0.238161
HD,66181,QMLE-Quote,1999-7-22,0.365105
HD,66181,QMLE-Quote,1999-7-23,0.268438
HD,66181,QMLE-Quote,1999-7-26,0.220785
HD,66181,QMLE-Quote,1999-7-27,0.243413
HD,66181,QMLE-Quote,1999-7-28,0.214814
HD,66181,QMLE-Quote,1999-7-29,0.234484
HD,66181,QMLE-Quote,1999-7-30,0.211326
HD,66181,QMLE-Quote,1999-8-2,0.246384
HD,66181,QMLE-Quote,1999-8-3,0.325305
HD,66181,QMLE-Quote,1999-8-4,0.37179
HD,66181,QMLE-Quote,1999-8-5,0.424986
HD,66181,QMLE-Quote,1999-8-6,0.433526
HD,66181,QMLE-Quote,1999-8-9,0.314687
HD,66181,QMLE-Quote,1999-8-10,0.555768
HD,66181,QMLE-Quote,1999-8-11,0.319905
HD,66181,QMLE-Quote,1999-8-12,0.261486
HD,66181,QMLE-Quote,1999-8-13,0.254123
HD,66181,QMLE-Quote,1999-8-16,0.254702
HD,66181,QMLE-Quote,1999-8-17,0.332882
HD,66181,QMLE-Quote,1999-8-18,0.291246
HD,66181,QMLE-Quote,1999-8-19,0.33833
HD,66181,QMLE-Quote,1999-8-20,0.207486
HD,66181,QMLE-Quote,1999-8-23,0.28637
HD,66181,QMLE-Quote,1999-8-24,0.389459
HD,66181,QMLE-Quote,1999-8-25,0.2716
HD,66181,QMLE-Quote,1999-8-26,0.444767
HD,66181,QMLE-Quote,1999-8-27,0.228826
HD,66181,QMLE-Quote,1999-8-30,0.190369
HD,66181,QMLE-Quote,1999-8-31,0.433131
HD,66181,QMLE-Quote,1999-9-1,0.254001
HD,66181,QMLE-Quote,1999-9-2,0.456385
HD,66181,QMLE-Quote,1999-9-3,0.132568
HD,66181,QMLE-Quote,1999-9-7,0.22809
HD,66181,QMLE-Quote,1999-9-8,0.263199
HD,66181,QMLE-Quote,1999-9-9,0.25942
HD,66181,QMLE-Quote,1999-9-10,0.191673
HD,66181,QMLE-Quote,1999-9-13,0.217941
HD,66181,QMLE-Quote,1999-9-14,0.25474
HD,66181,QMLE-Quote,1999-9-15,0.342675
HD,66181,QMLE-Quote,1999-9-16,0.241364
HD,66181,QMLE-Quote,1999-9-17,0.209118
HD,66181,QMLE-Quote,1999-9-20,0.123307
HD,66181,QMLE-Quote,1999-9-21,0.182207
HD,66181,QMLE-Quote,1999-9-22,0.385077
HD,66181,QMLE-Quote,1999-9-23,0.303301
HD,66181,QMLE-Quote,1999-9-24,0.430402
HD,66181,QMLE-Quote,1999-9-27,0.270411
HD,66181,QMLE-Quote,1999-9-28,0.313994
HD,66181,QMLE-Quote,1999-9-29,0.29166
HD,66181,QMLE-Quote,1999-9-30,0.260471
HD,66181,QMLE-Quote,1999-10-1,0.409029
HD,66181,QMLE-Quote,1999-10-4,0.245231
HD,66181,QMLE-Quote,1999-10-5,0.380776
HD,66181,QMLE-Quote,1999-10-6,0.267208
HD,66181,QMLE-Quote,1999-10-7,0.221131
HD,66181,QMLE-Quote,1999-10-8,0.22492
HD,66181,QMLE-Quote,1999-10-11,0.144623
HD,66181,QMLE-Quote,1999-10-12,0.219144
HD,66181,QMLE-Quote,1999-10-13,0.237368
HD,66181,QMLE-Quote,1999-10-14,0.279155
HD,66181,QMLE-Quote,1999-10-15,0.318252
HD,66181,QMLE-Quote,1999-10-18,0.28826
HD,66181,QMLE-Quote,1999-10-19,0.343577
HD,66181,QMLE-Quote,1999-10-20,0.391465
HD,66181,QMLE-Quote,1999-10-21,0.252317
HD,66181,QMLE-Quote,1999-10-22,0.177814
HD,66181,QMLE-Quote,1999-10-25,0.195968
HD,66181,QMLE-Quote,1999-10-26,0.422508
HD,66181,QMLE-Quote,1999-10-27,0.359536
HD,66181,QMLE-Quote,1999-10-28,0.324842
HD,66181,QMLE-Quote,1999-10-29,0.348516
HD,66181,QMLE-Quote,1999-11-1,0.242695
HD,66181,QMLE-Quote,1999-11-2,0.217057
HD,66181,QMLE-Quote,1999-11-3,0.280597
HD,66181,QMLE-Quote,1999-11-4,0.218143
HD,66181,QMLE-Quote,1999-11-5,0.277862
HD,66181,QMLE-Quote,1999-11-8,0.243382
HD,66181,QMLE-Quote,1999-11-9,0.291015
HD,66181,QMLE-Quote,1999-11-10,0.244429
HD,66181,QMLE-Quote,1999-11-11,0.240271
HD,66181,QMLE-Quote,1999-11-12,0.236243
HD,66181,QMLE-Quote,1999-11-15,0.394112
HD,66181,QMLE-Quote,1999-11-16,0.343139
HD,66181,QMLE-Quote,1999-11-17,0.204798
HD,66181,QMLE-Quote,1999-11-18,0.355169
HD,66181,QMLE-Quote,1999-11-19,0.198873
HD,66181,QMLE-Quote,1999-11-22,0.21783
HD,66181,QMLE-Quote,1999-11-23,0.199154
HD,66181,QMLE-Quote,1999-11-24,0.219824
HD,66181,QMLE-Quote,1999-11-26,0.115845
HD,66181,QMLE-Quote,1999-11-29,0.200331
HD,66181,QMLE-Quote,1999-11-30,0.147988
HD,66181,QMLE-Quote,1999-12-1,0.253458
HD,66181,QMLE-Quote,1999-12-2,0.253961
HD,66181,QMLE-Quote,1999-12-3,0.203517
HD,66181,QMLE-Quote,1999-12-6,0.192129
HD,66181,QMLE-Quote,1999-12-7,0.249289
HD,66181,QMLE-Quote,1999-12-8,0.267214
HD,66181,QMLE-Quote,1999-12-9,0.227098
HD,66181,QMLE-Quote,1999-12-10,0.220909
HD,66181,QMLE-Quote,1999-12-13,0.228773
HD,66181,QMLE-Quote,1999-12-14,0.259262
HD,66181,QMLE-Quote,1999-12-15,0.272191
HD,66181,QMLE-Quote,1999-12-16,0.36167
HD,66181,QMLE-Quote,1999-12-17,0.299513
HD,66181,QMLE-Quote,1999-12-20,0.296459
HD,66181,QMLE-Quote,1999-12-21,0.267422
HD,66181,QMLE-Quote,1999-12-22,0.190473
HD,66181,QMLE-Quote,1999-12-23,0.210441
HD,66181,QMLE-Quote,1999-12-27,0.144394
HD,66181,QMLE-Quote,1999-12-28,0.264149
HD,66181,QMLE-Quote,1999-12-29,0.295117
HD,66181,QMLE-Quote,1999-12-30,0.267876
HD,66181,QMLE-Quote,1999-12-31,0.356611
HD,66181,QMLE-Quote,2000-1-3,0.543317
HD,66181,QMLE-Quote,2000-1-4,0.505324
HD,66181,QMLE-Quote,2000-1-5,0.528942
HD,66181,QMLE-Quote,2000-1-6,0.41944
HD,66181,QMLE-Quote,2000-1-7,0.347012
HD,66181,QMLE-Quote,2000-1-10,0.309112
HD,66181,QMLE-Quote,2000-1-11,0.404151
HD,66181,QMLE-Quote,2000-1-12,0.312502
HD,66181,QMLE-Quote,2000-1-13,0.231186
HD,66181,QMLE-Quote,2000-1-14,0.261208
HD,66181,QMLE-Quote,2000-1-18,0.237431
HD,66181,QMLE-Quote,2000-1-19,0.253451
HD,66181,QMLE-Quote,2000-1-20,0.332468
HD,66181,QMLE-Quote,2000-1-21,0.35656
HD,66181,QMLE-Quote,2000-1-24,0.532504
HD,66181,QMLE-Quote,2000-1-25,1.26592
HD,66181,QMLE-Quote,2000-1-26,0.546316
HD,66181,QMLE-Quote,2000-1-27,0.455135
HD,66181,QMLE-Quote,2000-1-28,0.357965
HD,66181,QMLE-Quote,2000-1-31,0.357456
HD,66181,QMLE-Quote,2000-2-1,0.481657
HD,66181,QMLE-Quote,2000-2-2,0.365087
HD,66181,QMLE-Quote,2000-2-3,0.330222
HD,66181,QMLE-Quote,2000-2-4,0.302127
HD,66181,QMLE-Quote,2000-2-7,0.25596
HD,66181,QMLE-Quote,2000-2-8,0.224236
HD,66181,QMLE-Quote,2000-2-9,0.309081
HD,66181,QMLE-Quote,2000-2-10,0.406298
HD,66181,QMLE-Quote,2000-2-11,0.263098
HD,66181,QMLE-Quote,2000-2-14,0.118242
HD,66181,QMLE-Quote,2000-2-15,0.288696
HD,66181,QMLE-Quote,2000-2-16,0.361549
HD,66181,QMLE-Quote,2000-2-17,0.556856
HD,66181,QMLE-Quote,2000-2-18,0.383563
HD,66181,QMLE-Quote,2000-2-22,0.608822
HD,66181,QMLE-Quote,2000-2-23,0.390812
HD,66181,QMLE-Quote,2000-2-24,0.537678
HD,66181,QMLE-Quote,2000-2-25,0.347261
HD,66181,QMLE-Quote,2000-2-28,0.614636
HD,66181,QMLE-Quote,2000-2-29,0.347456
HD,66181,QMLE-Quote,2000-3-1,0.673105
HD,66181,QMLE-Quote,2000-3-2,0.416769
HD,66181,QMLE-Quote,2000-3-3,0.290738
HD,66181,QMLE-Quote,2000-3-6,0.318359
HD,66181,QMLE-Quote,2000-3-7,0.456957
HD,66181,QMLE-Quote,2000-3-8,0.381789
HD,66181,QMLE-Quote,2000-3-9,0.49064
HD,66181,QMLE-Quote,2000-3-10,0.358101
HD,66181,QMLE-Quote,2000-3-13,0.452078
HD,66181,QMLE-Quote,2000-3-14,0.470776
HD,66181,QMLE-Quote,2000-3-15,0.562229
HD,66181,QMLE-Quote,2000-3-16,0.427308
HD,66181,QMLE-Quote,2000-3-17,0.440914
HD,66181,QMLE-Quote,2000-3-20,0.417056
HD,66181,QMLE-Quote,2000-3-21,0.436267
HD,66181,QMLE-Quote,2000-3-22,0.441349
HD,66181,QMLE-Quote,2000-3-23,0.349332
HD,66181,QMLE-Quote,2000-3-24,0.449418
HD,66181,QMLE-Quote,2000-3-27,0.309552
HD,66181,QMLE-Quote,2000-3-28,0.393781
HD,66181,QMLE-Quote,2000-3-29,0.406372
HD,66181,QMLE-Quote,2000-3-30,0.488946
HD,66181,QMLE-Quote,2000-3-31,0.509762
HD,66181,QMLE-Quote,2000-4-3,0.364394
HD,66181,QMLE-Quote,2000-4-4,0.642025
HD,66181,QMLE-Quote,2000-4-5,0.453941
HD,66181,QMLE-Quote,2000-4-6,0.484626
HD,66181,QMLE-Quote,2000-4-7,0.310533
HD,66181,QMLE-Quote,2000-4-10,0.436332
HD,66181,QMLE-Quote,2000-4-11,0.304012
HD,66181,QMLE-Quote,2000-4-12,0.433902
HD,66181,QMLE-Quote,2000-4-13,0.713665
HD,66181,QMLE-Quote,2000-4-14,0.854446
HD,66181,QMLE-Quote,2000-4-17,0.64543
HD,66181,QMLE-Quote,2000-4-18,0.641175
HD,66181,QMLE-Quote,2000-4-19,0.453157
HD,66181,QMLE-Quote,2000-4-20,0.427671
HD,66181,QMLE-Quote,2000-4-24,0.602948
HD,66181,QMLE-Quote,2000-4-25,0.376768
HD,66181,QMLE-Quote,2000-4-26,0.316247
HD,66181,QMLE-Quote,2000-4-27,0.493468
HD,66181,QMLE-Quote,2000-4-28,0.372086
HD,66181,QMLE-Quote,2000-5-1,0.389946
HD,66181,QMLE-Quote,2000-5-2,0.365427
HD,66181,QMLE-Quote,2000-5-3,0.361431
HD,66181,QMLE-Quote,2000-5-4,0.416501
HD,66181,QMLE-Quote,2000-5-5,0.332837
HD,66181,QMLE-Quote,2000-5-8,0.498079
HD,66181,QMLE-Quote,2000-5-9,0.546062
HD,66181,QMLE-Quote,2000-5-10,0.526366
HD,66181,QMLE-Quote,2000-5-11,0.382824
HD,66181,QMLE-Quote,2000-5-12,0.387361
HD,66181,QMLE-Quote,2000-5-15,0.318461
HD,66181,QMLE-Quote,2000-5-16,0.512445
HD,66181,QMLE-Quote,2000-5-17,0.364291
HD,66181,QMLE-Quote,2000-5-18,0.450754
HD,66181,QMLE-Quote,2000-5-19,0.438621
HD,66181,QMLE-Quote,2000-5-22,0.421461
HD,66181,QMLE-Quote,2000-5-23,0.438126
HD,66181,QMLE-Quote,2000-5-24,0.956277
HD,66181,QMLE-Quote,2000-5-25,0.752216
HD,66181,QMLE-Quote,2000-5-26,0.351453
HD,66181,QMLE-Quote,2000-5-30,0.324672
HD,66181,QMLE-Quote,2000-5-31,0.375159
HD,66181,QMLE-Quote,2000-6-1,0.296486
HD,66181,QMLE-Quote,2000-6-2,0.287544
HD,66181,QMLE-Quote,2000-6-5,0.320457
HD,66181,QMLE-Quote,2000-6-6,0.259789
HD,66181,QMLE-Quote,2000-6-7,0.286721
HD,66181,QMLE-Quote,2000-6-8,0.321979
HD,66181,QMLE-Quote,2000-6-9,0.371013
HD,66181,QMLE-Quote,2000-6-12,0.470005
HD,66181,QMLE-Quote,2000-6-13,0.36096
HD,66181,QMLE-Quote,2000-6-14,0.289718
HD,66181,QMLE-Quote,2000-6-15,0.327143
HD,66181,QMLE-Quote,2000-6-16,0.209107
HD,66181,QMLE-Quote,2000-6-19,0.351005
HD,66181,QMLE-Quote,2000-6-20,0.321777
HD,66181,QMLE-Quote,2000-6-21,0.273412
HD,66181,QMLE-Quote,2000-6-22,0.335102
HD,66181,QMLE-Quote,2000-6-23,0.271334
HD,66181,QMLE-Quote,2000-6-26,0.235307
HD,66181,QMLE-Quote,2000-6-27,0.369322
HD,66181,QMLE-Quote,2000-6-28,0.379002
HD,66181,QMLE-Quote,2000-6-29,0.355388
HD,66181,QMLE-Quote,2000-6-30,0.424562
HD,66181,QMLE-Quote,2000-7-3,0.356495
HD,66181,QMLE-Quote,2000-7-5,0.266712
HD,66181,QMLE-Quote,2000-7-6,0.326082
HD,66181,QMLE-Quote,2000-7-7,0.416206
HD,66181,QMLE-Quote,2000-7-10,0.371841
HD,66181,QMLE-Quote,2000-7-11,0.247795
HD,66181,QMLE-Quote,2000-7-12,0.292808
HD,66181,QMLE-Quote,2000-7-13,0.21794
HD,66181,QMLE-Quote,2000-7-14,0.206569
HD,66181,QMLE-Quote,2000-7-17,0.307436
HD,66181,QMLE-Quote,2000-7-18,0.271663
HD,66181,QMLE-Quote,2000-7-19,0.217843
HD,66181,QMLE-Quote,2000-7-20,0.235555
HD,66181,QMLE-Quote,2000-7-21,0.249313
HD,66181,QMLE-Quote,2000-7-24,0.32544
HD,66181,QMLE-Quote,2000-7-25,0.354606
HD,66181,QMLE-Quote,2000-7-26,0.34065
HD,66181,QMLE-Quote,2000-7-27,0.288774
HD,66181,QMLE-Quote,2000-7-28,0.620694
HD,66181,QMLE-Quote,2000-7-31,0.245811
HD,66181,QMLE-Quote,2000-8-1,0.326027
HD,66181,QMLE-Quote,2000-8-2,0.331561
HD,66181,QMLE-Quote,2000-8-3,0.281422
HD,66181,QMLE-Quote,2000-8-4,0.336331
HD,66181,QMLE-Quote,2000-8-7,0.204854
HD,66181,QMLE-Quote,2000-8-8,0.438548
HD,66181,QMLE-Quote,2000-8-9,0.445136
HD,66181,QMLE-Quote,2000-8-10,0.284771
HD,66181,QMLE-Quote,2000-8-11,0.357239
HD,66181,QMLE-Quote,2000-8-14,0.267533
HD,66181,QMLE-Quote,2000-8-15,0.336172
HD,66181,QMLE-Quote,2000-8-16,0.467026
HD,66181,QMLE-Quote,2000-8-17,0.292568
HD,66181,QMLE-Quote,2000-8-18,0.255086
HD,66181,QMLE-Quote,2000-8-21,0.268004
HD,66181,QMLE-Quote,2000-8-22,0.240438
HD,66181,QMLE-Quote,2000-8-23,0.242607
HD,66181,QMLE-Quote,2000-8-24,0.185976
HD,66181,QMLE-Quote,2000-8-25,0.233926
HD,66181,QMLE-Quote,2000-8-28,0.208854
HD,66181,QMLE-Quote,2000-8-29,0.21524
HD,66181,QMLE-Quote,2000-8-30,0.218879
HD,66181,QMLE-Quote,2000-8-31,0.274732
HD,66181,QMLE-Quote,2000-9-1,0.25768
HD,66181,QMLE-Quote,2000-9-5,0.312402
HD,66181,QMLE-Quote,2000-9-6,0.164155
HD,66181,QMLE-Quote,2000-9-7,0.171422
HD,66181,QMLE-Quote,2000-9-8,0.315465
HD,66181,QMLE-Quote,2000-9-11,0.334122
HD,66181,QMLE-Quote,2000-9-12,0.267502
HD,66181,QMLE-Quote,2000-9-13,0.425936
HD,66181,QMLE-Quote,2000-9-14,0.278671
HD,66181,QMLE-Quote,2000-9-15,0.194475
HD,66181,QMLE-Quote,2000-9-18,0.348244
HD,66181,QMLE-Quote,2000-9-19,0.322937
HD,66181,QMLE-Quote,2000-9-20,0.282735
HD,66181,QMLE-Quote,2000-9-21,0.288849
HD,66181,QMLE-Quote,2000-9-22,0.226281
HD,66181,QMLE-Quote,2000-9-25,0.294813
HD,66181,QMLE-Quote,2000-9-26,0.374088
HD,66181,QMLE-Quote,2000-9-27,0.0880813
HD,66181,QMLE-Quote,2000-9-28,0.331738
HD,66181,QMLE-Quote,2000-9-29,0.367931
HD,66181,QMLE-Quote,2000-10-2,0.248519
HD,66181,QMLE-Quote,2000-10-3,0.330507
HD,66181,QMLE-Quote,2000-10-4,0.399847
HD,66181,QMLE-Quote,2000-10-5,0.269355
HD,66181,QMLE-Quote,2000-10-6,0.537598
HD,66181,QMLE-Quote,2000-10-9,0.277131
HD,66181,QMLE-Quote,2000-10-10,0.431322
HD,66181,QMLE-Quote,2000-10-11,0.34922
HD,66181,QMLE-Quote,2000-10-12,0.676709
HD,66181,QMLE-Quote,2000-10-13,0.393144
HD,66181,QMLE-Quote,2000-10-16,0.22916
HD,66181,QMLE-Quote,2000-10-17,0.441062
HD,66181,QMLE-Quote,2000-10-18,0.424719
HD,66181,QMLE-Quote,2000-10-19,0.537517
HD,66181,QMLE-Quote,2000-10-20,0.423774
HD,66181,QMLE-Quote,2000-10-23,0.458966
HD,66181,QMLE-Quote,2000-10-24,0.336201
HD,66181,QMLE-Quote,2000-10-25,0.32092
HD,66181,QMLE-Quote,2000-10-26,0.302574
HD,66181,QMLE-Quote,2000-10-27,0.196817
HD,66181,QMLE-Quote,2000-10-30,0.479627
HD,66181,QMLE-Quote,2000-10-31,0.335146
HD,66181,QMLE-Quote,2000-11-1,0.316298
HD,66181,QMLE-Quote,2000-11-2,0.508784
HD,66181,QMLE-Quote,2000-11-3,0.323186
HD,66181,QMLE-Quote,2000-11-6,0.373414
HD,66181,QMLE-Quote,2000-11-7,0.436637
HD,66181,QMLE-Quote,2000-11-8,0.353765
HD,66181,QMLE-Quote,2000-11-9,0.279794
HD,66181,QMLE-Quote,2000-11-10,0.35693
HD,66181,QMLE-Quote,2000-11-13,0.598081
HD,66181,QMLE-Quote,2000-11-14,0.354884
HD,66181,QMLE-Quote,2000-11-15,0.246955
HD,66181,QMLE-Quote,2000-11-16,0.262679
HD,66181,QMLE-Quote,2000-11-17,0.298592
HD,66181,QMLE-Quote,2000-11-20,0.357794
HD,66181,QMLE-Quote,2000-11-21,0.496251
HD,66181,QMLE-Quote,2000-11-22,0.39083
HD,66181,QMLE-Quote,2000-11-24,0.427907
HD,66181,QMLE-Quote,2000-11-27,0.422667
HD,66181,QMLE-Quote,2000-11-28,0.393191
HD,66181,QMLE-Quote,2000-11-29,0.276845
HD,66181,QMLE-Quote,2000-11-30,0.565799
HD,66181,QMLE-Quote,2000-12-1,0.476029
HD,66181,QMLE-Quote,2000-12-4,0.494628
HD,66181,QMLE-Quote,2000-12-5,0.630201
HD,66181,QMLE-Quote,2000-12-6,0.380725
HD,66181,QMLE-Quote,2000-12-7,0.374589
HD,66181,QMLE-Quote,2000-12-8,0.351837
HD,66181,QMLE-Quote,2000-12-11,0.472692
HD,66181,QMLE-Quote,2000-12-12,0.298055
HD,66181,QMLE-Quote,2000-12-13,0.163209
HD,66181,QMLE-Quote,2000-12-14,0.35686
HD,66181,QMLE-Quote,2000-12-15,0.337697
HD,66181,QMLE-Quote,2000-12-18,0.364346
HD,66181,QMLE-Quote,2000-12-19,0.422857
HD,66181,QMLE-Quote,2000-12-20,0.302691
HD,66181,QMLE-Quote,2000-12-21,0.662607
HD,66181,QMLE-Quote,2000-12-22,0.7271
HD,66181,QMLE-Quote,2000-12-26,0.48428
HD,66181,QMLE-Quote,2000-12-27,0.441516
HD,66181,QMLE-Quote,2000-12-28,0.354275
HD,66181,QMLE-Quote,2000-12-29,0.495448
HD,66181,QMLE-Quote,2001-1-2,0.325454
HD,66181,QMLE-Quote,2001-1-3,0.861136
HD,66181,QMLE-Quote,2001-1-4,0.468627
HD,66181,QMLE-Quote,2001-1-5,0.215069
HD,66181,QMLE-Quote,2001-1-8,0.50382
HD,66181,QMLE-Quote,2001-1-9,0.397835
HD,66181,QMLE-Quote,2001-1-10,0.450548
HD,66181,QMLE-Quote,2001-1-11,0.360636
HD,66181,QMLE-Quote,2001-1-12,0.292703
HD,66181,QMLE-Quote,2001-1-16,0.343725
HD,66181,QMLE-Quote,2001-1-17,0.920066
HD,66181,QMLE-Quote,2001-1-18,0.426488
HD,66181,QMLE-Quote,2001-1-19,0.194997
HD,66181,QMLE-Quote,2001-1-22,0.476644
HD,66181,QMLE-Quote,2001-1-23,0.242295
HD,66181,QMLE-Quote,2001-1-24,0.250105
HD,66181,QMLE-Quote,2001-1-25,0.272412
HD,66181,QMLE-Quote,2001-1-26,0.312541
HD,66181,QMLE-Quote,2001-1-29,0.232775
HD,66181,QMLE-Quote,2001-1-30,0.149106
HD,66181,QMLE-Quote,2001-1-31,0.439439
HD,66181,QMLE-Quote,2001-2-1,0.297557
HD,66181,QMLE-Quote,2001-2-2,0.246008
HD,66181,QMLE-Quote,2001-2-5,0.197258
HD,66181,QMLE-Quote,2001-2-6,0.256483
HD,66181,QMLE-Quote,2001-2-7,0.255386
HD,66181,QMLE-Quote,2001-2-8,0.452337
HD,66181,QMLE-Quote,2001-2-9,0.414488
HD,66181,QMLE-Quote,2001-2-12,0.343464
HD,66181,QMLE-Quote,2001-2-13,0.2196
HD,66181,QMLE-Quote,2001-2-14,0.296523
HD,66181,QMLE-Quote,2001-2-15,0.381543
HD,66181,QMLE-Quote,2001-2-16,0.514234
HD,66181,QMLE-Quote,2001-2-20,0.47902
HD,66181,QMLE-Quote,2001-2-21,0.437312
HD,66181,QMLE-Quote,2001-2-22,0.347784
HD,66181,QMLE-Quote,2001-2-23,0.460728
HD,66181,QMLE-Quote,2001-2-26,0.523104
HD,66181,QMLE-Quote,2001-2-27,0.372733
HD,66181,QMLE-Quote,2001-2-28,0.284137
HD,66181,QMLE-Quote,2001-3-1,0.502882
HD,66181,QMLE-Quote,2001-3-2,0.477249
HD,66181,QMLE-Quote,2001-3-5,0.203211
HD,66181,QMLE-Quote,2001-3-6,0.4792
HD,66181,QMLE-Quote,2001-3-7,0.368418
HD,66181,QMLE-Quote,2001-3-8,0.3135
HD,66181,QMLE-Quote,2001-3-9,0.385391
HD,66181,QMLE-Quote,2001-3-12,0.281167
HD,66181,QMLE-Quote,2001-3-13,0.471724
HD,66181,QMLE-Quote,2001-3-14,0.595703
HD,66181,QMLE-Quote,2001-3-15,0.412973
HD,66181,QMLE-Quote,2001-3-16,0.511101
HD,66181,QMLE-Quote,2001-3-19,0.272045
HD,66181,QMLE-Quote,2001-3-20,0.521597
HD,66181,QMLE-Quote,2001-3-21,0.280595
HD,66181,QMLE-Quote,2001-3-22,0.78367
HD,66181,QMLE-Quote,2001-3-23,0.629619
HD,66181,QMLE-Quote,2001-3-26,0.730581
HD,66181,QMLE-Quote,2001-3-27,0.306458
HD,66181,QMLE-Quote,2001-3-28,0.246169
HD,66181,QMLE-Quote,2001-3-29,0.31993
HD,66181,QMLE-Quote,2001-3-30,0.282366
HD,66181,QMLE-Quote,2001-4-2,0.483349
HD,66181,QMLE-Quote,2001-4-3,0.509476
HD,66181,QMLE-Quote,2001-4-4,0.254158
HD,66181,QMLE-Quote,2001-4-5,0.280812
HD,66181,QMLE-Quote,2001-4-6,0.445559
HD,66181,QMLE-Quote,2001-4-9,0.471727
HD,66181,QMLE-Quote,2001-4-10,0.370586
HD,66181,QMLE-Quote,2001-4-11,0.597463
HD,66181,QMLE-Quote,2001-4-12,0.349925
HD,66181,QMLE-Quote,2001-4-16,0.385284
HD,66181,QMLE-Quote,2001-4-17,0.276986
HD,66181,QMLE-Quote,2001-4-18,0.813858
HD,66181,QMLE-Quote,2001-4-19,0.235783
HD,66181,QMLE-Quote,2001-4-20,0.225699
HD,66181,QMLE-Quote,2001-4-23,0.259014
HD,66181,QMLE-Quote,2001-4-24,0.294236
HD,66181,QMLE-Quote,2001-4-25,0.324253
HD,66181,QMLE-Quote,2001-4-26,0.310261
HD,66181,QMLE-Quote,2001-4-27,0.281866
HD,66181,QMLE-Quote,2001-4-30,0.230196
HD,66181,QMLE-Quote,2001-5-1,0.472452
HD,66181,QMLE-Quote,2001-5-2,0.381793
HD,66181,QMLE-Quote,2001-5-3,0.236038
HD,66181,QMLE-Quote,2001-5-4,0.379317
HD,66181,QMLE-Quote,2001-5-7,0.296398
HD,66181,QMLE-Quote,2001-5-8,0.200849
HD,66181,QMLE-Quote,2001-5-9,0.205792
HD,66181,QMLE-Quote,2001-5-10,0.280941
HD,66181,QMLE-Quote,2001-5-11,0.289719
HD,66181,QMLE-Quote,2001-5-14,0.223064
HD,66181,QMLE-Quote,2001-5-15,0.24978
HD,66181,QMLE-Quote,2001-5-16,0.234985
HD,66181,QMLE-Quote,2001-5-17,0.148288
HD,66181,QMLE-Quote,2001-5-18,0.147541
HD,66181,QMLE-Quote,2001-5-21,0.33182
HD,66181,QMLE-Quote,2001-5-22,0.257773
HD,66181,QMLE-Quote,2001-5-23,0.331152
HD,66181,QMLE-Quote,2001-5-24,0.215489
HD,66181,QMLE-Quote,2001-5-25,0.170822
HD,66181,QMLE-Quote,2001-5-29,0.24309
HD,66181,QMLE-Quote,2001-5-30,0.234665
HD,66181,QMLE-Quote,2001-5-31,0.280157
HD,66181,QMLE-Quote,2001-6-1,0.21267
HD,66181,QMLE-Quote,2001-6-4,0.182657
HD,66181,QMLE-Quote,2001-6-5,0.215882
HD,66181,QMLE-Quote,2001-6-6,0.234675
HD,66181,QMLE-Quote,2001-6-7,0.366105
HD,66181,QMLE-Quote,2001-6-8,0.236029
HD,66181,QMLE-Quote,2001-6-11,0.183089
HD,66181,QMLE-Quote,2001-6-12,0.304021
HD,66181,QMLE-Quote,2001-6-13,0.296063
HD,66181,QMLE-Quote,2001-6-14,0.267925
HD,66181,QMLE-Quote,2001-6-15,0.174232
HD,66181,QMLE-Quote,2001-6-18,0.283467
HD,66181,QMLE-Quote,2001-6-19,0.207127
HD,66181,QMLE-Quote,2001-6-20,0.307928
HD,66181,QMLE-Quote,2001-6-21,0.34198
HD,66181,QMLE-Quote,2001-6-22,0.262827
HD,66181,QMLE-Quote,2001-6-25,0.224502
HD,66181,QMLE-Quote,2001-6-26,0.33358
HD,66181,QMLE-Quote,2001-6-27,0.420584
HD,66181,QMLE-Quote,2001-6-28,0.348102
HD,66181,QMLE-Quote,2001-6-29,0.29928
HD,66181,QMLE-Quote,2001-7-2,0.223091
HD,66181,QMLE-Quote,2001-7-3,0.284935
HD,66181,QMLE-Quote,2001-7-5,0.179784
HD,66181,QMLE-Quote,2001-7-6,0.158329
HD,66181,QMLE-Quote,2001-7-9,0.310503
HD,66181,QMLE-Quote,2001-7-10,0.363338
HD,66181,QMLE-Quote,2001-7-11,0.282303
HD,66181,QMLE-Quote,2001-7-12,0.223358
HD,66181,QMLE-Quote,2001-7-13,0.253205
HD,66181,QMLE-Quote,2001-7-16,0.373193
HD,66181,QMLE-Quote,2001-7-17,0.30119
HD,66181,QMLE-Quote,2001-7-18,0.210302
HD,66181,QMLE-Quote,2001-7-19,0.222633
HD,66181,QMLE-Quote,2001-7-20,0.290796
HD,66181,QMLE-Quote,2001-7-23,0.319287
HD,66181,QMLE-Quote,2001-7-24,0.334662
HD,66181,QMLE-Quote,2001-7-25,0.303307
HD,66181,QMLE-Quote,2001-7-26,0.231101
HD,66181,QMLE-Quote,2001-7-27,0.340913
HD,66181,QMLE-Quote,2001-7-30,0.14615
HD,66181,QMLE-Quote,2001-7-31,0.129439
HD,66181,QMLE-Quote,2001-8-1,0.247528
HD,66181,QMLE-Quote,2001-8-2,0.066299
HD,66181,QMLE-Quote,2001-8-3,0.0915938
HD,66181,QMLE-Quote,2001-8-6,0.103028
HD,66181,QMLE-Quote,2001-8-7,0.245306
HD,66181,QMLE-Quote,2001-8-8,0.234861
HD,66181,QMLE-Quote,2001-8-9,0.284407
HD,66181,QMLE-Quote,2001-8-10,0.175291
HD,66181,QMLE-Quote,2001-8-13,0.402492
HD,66181,QMLE-Quote,2001-8-14,0.193607
HD,66181,QMLE-Quote,2001-8-15,0.131118
HD,66181,QMLE-Quote,2001-8-16,0.172098
HD,66181,QMLE-Quote,2001-8-17,0.248854
HD,66181,QMLE-Quote,2001-8-20,0.172951
HD,66181,QMLE-Quote,2001-8-21,0.202364
HD,66181,QMLE-Quote,2001-8-22,0.245972
HD,66181,QMLE-Quote,2001-8-23,0.280786
HD,66181,QMLE-Quote,2001-8-24,0.162682
HD,66181,QMLE-Quote,2001-8-27,0.296633
HD,66181,QMLE-Quote,2001-8-28,0.209463
HD,66181,QMLE-Quote,2001-8-29,0.143369
HD,66181,QMLE-Quote,2001-8-30,0.328468
HD,66181,QMLE-Quote,2001-8-31,0.533637
HD,66181,QMLE-Quote,2001-9-4,0.316553
HD,66181,QMLE-Quote,2001-9-5,0.395844
HD,66181,QMLE-Quote,2001-9-6,0.344674
HD,66181,QMLE-Quote,2001-9-7,0.843354
HD,66181,QMLE-Quote,2001-9-10,0.318215
HD,66181,QMLE-Quote,2001-9-17,0.55018
HD,66181,QMLE-Quote,2001-9-18,0.407177
HD,66181,QMLE-Quote,2001-9-19,0.5139
HD,66181,QMLE-Quote,2001-9-20,0.732418
HD,66181,QMLE-Quote,2001-9-21,0.943356
HD,66181,QMLE-Quote,2001-9-24,0.278979
HD,66181,QMLE-Quote,2001-9-25,0.445093
HD,66181,QMLE-Quote,2001-9-26,0.422124
HD,66181,QMLE-Quote,2001-9-27,0.891214
HD,66181,QMLE-Quote,2001-9-28,0.487679
HD,66181,QMLE-Quote,2001-10-1,0.289465
HD,66181,QMLE-Quote,2001-10-2,0.364365
HD,66181,QMLE-Quote,2001-10-3,0.41186
HD,66181,QMLE-Quote,2001-10-4,0.359175
HD,66181,QMLE-Quote,2001-10-5,0.351273
HD,66181,QMLE-Quote,2001-10-8,0.383326
HD,66181,QMLE-Quote,2001-10-9,0.315395
HD,66181,QMLE-Quote,2001-10-10,0.372501
HD,66181,QMLE-Quote,2001-10-11,0.290923
HD,66181,QMLE-Quote,2001-10-12,0.253314
HD,66181,QMLE-Quote,2001-10-15,0.260132
HD,66181,QMLE-Quote,2001-10-16,0.298133
HD,66181,QMLE-Quote,2001-10-17,0.527754
HD,66181,QMLE-Quote,2001-10-18,0.312176
HD,66181,QMLE-Quote,2001-10-19,0.295837
HD,66181,QMLE-Quote,2001-10-22,0.313953
HD,66181,QMLE-Quote,2001-10-23,0.440029
HD,66181,QMLE-Quote,2001-10-24,0.312339
HD,66181,QMLE-Quote,2001-10-25,0.259189
HD,66181,QMLE-Quote,2001-10-26,0.376214
HD,66181,QMLE-Quote,2001-10-29,0.288213
HD,66181,QMLE-Quote,2001-10-30,0.253834
HD,66181,QMLE-Quote,2001-10-31,0.368383
HD,66181,QMLE-Quote,2001-11-1,0.403311
HD,66181,QMLE-Quote,2001-11-2,0.466433
HD,66181,QMLE-Quote,2001-11-5,0.316199
HD,66181,QMLE-Quote,2001-11-6,0.195345
HD,66181,QMLE-Quote,2001-11-7,0.215784
HD,66181,QMLE-Quote,2001-11-8,0.187477
HD,66181,QMLE-Quote,2001-11-9,0.173689
HD,66181,QMLE-Quote,2001-11-12,0.340627
HD,66181,QMLE-Quote,2001-11-13,0.136128
HD,66181,QMLE-Quote,2001-11-14,0.714978
HD,66181,QMLE-Quote,2001-11-15,0.293358
HD,66181,QMLE-Quote,2001-11-16,0.192967
HD,66181,QMLE-Quote,2001-11-19,0.24558
HD,66181,QMLE-Quote,2001-11-20,0.295138
HD,66181,QMLE-Quote,2001-11-21,0.274954
HD,66181,QMLE-Quote,2001-11-23,0.127203
HD,66181,QMLE-Quote,2001-11-26,0.222663
HD,66181,QMLE-Quote,2001-11-27,0.239327
HD,66181,QMLE-Quote,2001-11-28,0.231269
HD,66181,QMLE-Quote,2001-11-29,0.248562
HD,66181,QMLE-Quote,2001-11-30,0.18924
HD,66181,QMLE-Quote,2001-12-3,0.159643
HD,66181,QMLE-Quote,2001-12-4,0.201677
HD,66181,QMLE-Quote,2001-12-5,0.897787
HD,66181,QMLE-Quote,2001-12-6,0.205685
HD,66181,QMLE-Quote,2001-12-7,0.173154
HD,66181,QMLE-Quote,2001-12-10,0.20213
HD,66181,QMLE-Quote,2001-12-11,0.192775
HD,66181,QMLE-Quote,2001-12-12,0.222339
HD,66181,QMLE-Quote,2001-12-13,0.386832
HD,66181,QMLE-Quote,2001-12-14,0.196569
HD,66181,QMLE-Quote,2001-12-17,0.238796
HD,66181,QMLE-Quote,2001-12-18,0.620364
HD,66181,QMLE-Quote,2001-12-19,0.175639
HD,66181,QMLE-Quote,2001-12-20,0.242777
HD,66181,QMLE-Quote,2001-12-21,0.120143
HD,66181,QMLE-Quote,2001-12-24,0.0888924
HD,66181,QMLE-Quote,2001-12-26,0.548104
HD,66181,QMLE-Quote,2001-12-27,0.192823
HD,66181,QMLE-Quote,2001-12-28,0.425459
HD,66181,QMLE-Quote,2001-12-31,0.248234
HD,66181,QMLE-Quote,2002-1-2,0.18417
HD,66181,QMLE-Quote,2002-1-3,0.191486
HD,66181,QMLE-Quote,2002-1-4,0.309435
HD,66181,QMLE-Quote,2002-1-7,0.593417
HD,66181,QMLE-Quote,2002-1-8,0.330709
HD,66181,QMLE-Quote,2002-1-9,0.471828
HD,66181,QMLE-Quote,2002-1-10,0.198152
HD,66181,QMLE-Quote,2002-1-11,0.206872
HD,66181,QMLE-Quote,2002-1-14,0.162952
HD,66181,QMLE-Quote,2002-1-15,0.255372
HD,66181,QMLE-Quote,2002-1-16,0.248788
HD,66181,QMLE-Quote,2002-1-17,0.178766
HD,66181,QMLE-Quote,2002-1-18,0.414234
HD,66181,QMLE-Quote,2002-1-22,0.223076
HD,66181,QMLE-Quote,2002-1-23,0.189724
HD,66181,QMLE-Quote,2002-1-24,0.180994
HD,66181,QMLE-Quote,2002-1-25,0.198708
HD,66181,QMLE-Quote,2002-1-28,0.179443
HD,66181,QMLE-Quote,2002-1-29,0.24635
HD,66181,QMLE-Quote,2002-1-30,0.257922
HD,66181,QMLE-Quote,2002-1-31,0.240294
HD,66181,QMLE-Quote,2002-2-1,0.260613
HD,66181,QMLE-Quote,2002-2-4,0.159491
HD,66181,QMLE-Quote,2002-2-5,0.215537
HD,66181,QMLE-Quote,2002-2-6,0.235429
HD,66181,QMLE-Quote,2002-2-7,0.255065
HD,66181,QMLE-Quote,2002-2-8,0.215333
HD,66181,QMLE-Quote,2002-2-11,0.199469
HD,66181,QMLE-Quote,2002-2-12,0.173852
HD,66181,QMLE-Quote,2002-2-13,0.216586
HD,66181,QMLE-Quote,2002-2-14,0.181671
HD,66181,QMLE-Quote,2002-2-15,0.255346
HD,66181,QMLE-Quote,2002-2-19,0.213178
HD,66181,QMLE-Quote,2002-2-20,0.180907
HD,66181,QMLE-Quote,2002-2-21,0.215727
HD,66181,QMLE-Quote,2002-2-22,0.227365
HD,66181,QMLE-Quote,2002-2-25,0.21181
HD,66181,QMLE-Quote,2002-2-26,0.251333
HD,66181,QMLE-Quote,2002-2-27,0.230663
HD,66181,QMLE-Quote,2002-2-28,0.207768
HD,66181,QMLE-Quote,2002-3-1,0.161755
HD,66181,QMLE-Quote,2002-3-4,0.189178
HD,66181,QMLE-Quote,2002-3-5,0.268844
HD,66181,QMLE-Quote,2002-3-6,0.183315
HD,66181,QMLE-Quote,2002-3-7,0.174788
HD,66181,QMLE-Quote,2002-3-8,0.183967
HD,66181,QMLE-Quote,2002-3-11,0.184491
HD,66181,QMLE-Quote,2002-3-12,0.228253
HD,66181,QMLE-Quote,2002-3-13,0.25706
HD,66181,QMLE-Quote,2002-3-14,0.205209
HD,66181,QMLE-Quote,2002-3-15,0.16441
HD,66181,QMLE-Quote,2002-3-18,0.201024
HD,66181,QMLE-Quote,2002-3-19,0.204716
HD,66181,QMLE-Quote,2002-3-20,0.169358
HD,66181,QMLE-Quote,2002-3-21,0.178521
HD,66181,QMLE-Quote,2002-3-22,0.184066
HD,66181,QMLE-Quote,2002-3-25,0.173441
HD,66181,QMLE-Quote,2002-3-26,0.171495
HD,66181,QMLE-Quote,2002-3-27,0.247633
HD,66181,QMLE-Quote,2002-3-28,0.234395
HD,66181,QMLE-Quote,2002-4-1,0.148378
HD,66181,QMLE-Quote,2002-4-2,0.174024
HD,66181,QMLE-Quote,2002-4-3,0.277174
HD,66181,QMLE-Quote,2002-4-4,0.196245
HD,66181,QMLE-Quote,2002-4-5,0.318475
HD,66181,QMLE-Quote,2002-4-8,0.213578
HD,66181,QMLE-Quote,2002-4-9,0.210544
HD,66181,QMLE-Quote,2002-4-10,0.187516
HD,66181,QMLE-Quote,2002-4-11,0.223946
HD,66181,QMLE-Quote,2002-4-12,0.197718
HD,66181,QMLE-Quote,2002-4-15,0.204846
HD,66181,QMLE-Quote,2002-4-16,0.167608
HD,66181,QMLE-Quote,2002-4-17,0.181366
HD,66181,QMLE-Quote,2002-4-18,0.219007
HD,66181,QMLE-Quote,2002-4-19,0.107594
HD,66181,QMLE-Quote,2002-4-22,0.176737
HD,66181,QMLE-Quote,2002-4-23,0.146448
HD,66181,QMLE-Quote,2002-4-24,0.179618
HD,66181,QMLE-Quote,2002-4-25,0.214902
HD,66181,QMLE-Quote,2002-4-26,0.177128
HD,66181,QMLE-Quote,2002-4-29,0.181374
HD,66181,QMLE-Quote,2002-4-30,0.206491
HD,66181,QMLE-Quote,2002-5-1,0.275656
HD,66181,QMLE-Quote,2002-5-2,0.195341
HD,66181,QMLE-Quote,2002-5-3,0.220882
HD,66181,QMLE-Quote,2002-5-6,0.235998
HD,66181,QMLE-Quote,2002-5-7,0.186629
HD,66181,QMLE-Quote,2002-5-8,0.297018
HD,66181,QMLE-Quote,2002-5-9,0.23717
HD,66181,QMLE-Quote,2002-5-10,0.210825
HD,66181,QMLE-Quote,2002-5-13,0.233014
HD,66181,QMLE-Quote,2002-5-14,0.186897
HD,66181,QMLE-Quote,2002-5-15,0.227417
HD,66181,QMLE-Quote,2002-5-16,0.153905
HD,66181,QMLE-Quote,2002-5-17,0.181498
HD,66181,QMLE-Quote,2002-5-20,0.17793
HD,66181,QMLE-Quote,2002-5-21,0.238557
HD,66181,QMLE-Quote,2002-5-22,0.308343
HD,66181,QMLE-Quote,2002-5-23,0.340948
HD,66181,QMLE-Quote,2002-5-24,0.19282
HD,66181,QMLE-Quote,2002-5-28,0.301033
HD,66181,QMLE-Quote,2002-5-29,1.06967
HD,66181,QMLE-Quote,2002-5-30,0.127749
HD,66181,QMLE-Quote,2002-5-31,0.996814
HD,66181,QMLE-Quote,2002-6-3,0.298913
HD,66181,QMLE-Quote,2002-6-4,0.294521
HD,66181,QMLE-Quote,2002-6-5,0.254017
HD,66181,QMLE-Quote,2002-6-6,0.317955
HD,66181,QMLE-Quote,2002-6-7,0.24654
HD,66181,QMLE-Quote,2002-6-10,0.242034
HD,66181,QMLE-Quote,2002-6-11,0.262202
HD,66181,QMLE-Quote,2002-6-12,0.470504
HD,66181,QMLE-Quote,2002-6-13,0.306559
HD,66181,QMLE-Quote,2002-6-14,1.06725
HD,66181,QMLE-Quote,2002-6-17,0.31554
HD,66181,QMLE-Quote,2002-6-18,0.519316
HD,66181,QMLE-Quote,2002-6-19,0.302713
HD,66181,QMLE-Quote,2002-6-20,0.28414
HD,66181,QMLE-Quote,2002-6-21,0.358098
HD,66181,QMLE-Quote,2002-6-24,0.359644
HD,66181,QMLE-Quote,2002-6-25,0.424838
HD,66181,QMLE-Quote,2002-6-26,0.441907
HD,66181,QMLE-Quote,2002-6-27,0.3894
HD,66181,QMLE-Quote,2002-6-28,0.319874
HD,66181,QMLE-Quote,2002-7-1,0.310785
HD,66181,QMLE-Quote,2002-7-2,0.471026
HD,66181,QMLE-Quote,2002-7-3,0.418761
HD,66181,QMLE-Quote,2002-7-5,0.400972
HD,66181,QMLE-Quote,2002-7-8,0.418992
HD,66181,QMLE-Quote,2002-7-9,0.267724
HD,66181,QMLE-Quote,2002-7-10,0.347437
HD,66181,QMLE-Quote,2002-7-11,0.785226
HD,66181,QMLE-Quote,2002-7-12,0.633558
HD,66181,QMLE-Quote,2002-7-15,0.525545
HD,66181,QMLE-Quote,2002-7-16,0.468669
HD,66181,QMLE-Quote,2002-7-17,0.624442
HD,66181,QMLE-Quote,2002-7-18,0.452617
HD,66181,QMLE-Quote,2002-7-19,0.486668
HD,66181,QMLE-Quote,2002-7-22,0.7694
HD,66181,QMLE-Quote,2002-7-23,0.88224
HD,66181,QMLE-Quote,2002-7-24,0.801946
HD,66181,QMLE-Quote,2002-7-25,0.765233
HD,66181,QMLE-Quote,2002-7-26,0.678078
HD,66181,QMLE-Quote,2002-7-29,0.478594
HD,66181,QMLE-Quote,2002-7-30,0.446544
HD,66181,QMLE-Quote,2002-7-31,0.560366
HD,66181,QMLE-Quote,2002-8-1,0.420061
HD,66181,QMLE-Quote,2002-8-2,0.444263
HD,66181,QMLE-Quote,2002-8-5,0.583497
HD,66181,QMLE-Quote,2002-8-6,0.347965
HD,66181,QMLE-Quote,2002-8-7,0.539941
HD,66181,QMLE-Quote,2002-8-8,0.467858
HD,66181,QMLE-Quote,2002-8-9,0.556402
HD,66181,QMLE-Quote,2002-8-12,0.429914
HD,66181,QMLE-Quote,2002-8-13,0.570952
HD,66181,QMLE-Quote,2002-8-14,0.55149
HD,66181,QMLE-Quote,2002-8-15,0.419878
HD,66181,QMLE-Quote,2002-8-16,0.357664
HD,66181,QMLE-Quote,2002-8-19,0.464231
HD,66181,QMLE-Quote,2002-8-20,0.358835
HD,66181,QMLE-Quote,2002-8-21,0.319544
HD,66181,QMLE-Quote,2002-8-22,0.265876
HD,66181,QMLE-Quote,2002-8-23,0.232959
HD,66181,QMLE-Quote,2002-8-26,0.293433
HD,66181,QMLE-Quote,2002-8-27,0.327408
HD,66181,QMLE-Quote,2002-8-28,0.252573
HD,66181,QMLE-Quote,2002-8-29,0.29639
HD,66181,QMLE-Quote,2002-8-30,0.302934
HD,66181,QMLE-Quote,2002-9-3,0.084514
HD,66181,QMLE-Quote,2002-9-4,0.276559
HD,66181,QMLE-Quote,2002-9-5,0.478608
HD,66181,QMLE-Quote,2002-9-6,0.36773
HD,66181,QMLE-Quote,2002-9-9,0.333273
HD,66181,QMLE-Quote,2002-9-10,0.137785
HD,66181,QMLE-Quote,2002-9-11,1.20766
HD,66181,QMLE-Quote,2002-9-12,0.203385
HD,66181,QMLE-Quote,2002-9-13,0.246063
HD,66181,QMLE-Quote,2002-9-16,0.31384
HD,66181,QMLE-Quote,2002-9-17,0.433279
HD,66181,QMLE-Quote,2002-9-18,0.27506
HD,66181,QMLE-Quote,2002-9-19,0.390188
HD,66181,QMLE-Quote,2002-9-20,0.383735
HD,66181,QMLE-Quote,2002-9-23,0.391742
HD,66181,QMLE-Quote,2002-9-24,0.427838
HD,66181,QMLE-Quote,2002-9-25,0.451622
HD,66181,QMLE-Quote,2002-9-26,0.313348
HD,66181,QMLE-Quote,2002-9-27,0.405763
HD,66181,QMLE-Quote,2002-9-30,0.463325
HD,66181,QMLE-Quote,2002-10-1,0.654017
HD,66181,QMLE-Quote,2002-10-2,0.307948
HD,66181,QMLE-Quote,2002-10-3,0.629397
HD,66181,QMLE-Quote,2002-10-4,0.749777
HD,66181,QMLE-Quote,2002-10-7,1.095
HD,66181,QMLE-Quote,2002-10-8,0.570574
HD,66181,QMLE-Quote,2002-10-9,0.846087
HD,66181,QMLE-Quote,2002-10-10,3
HD,66181,QMLE-Quote,2002-10-11,0.411213
HD,66181,QMLE-Quote,2002-10-14,0.468358
HD,66181,QMLE-Quote,2002-10-15,0.467315
HD,66181,QMLE-Quote,2002-10-16,0.611856
HD,66181,QMLE-Quote,2002-10-17,0.439435
HD,66181,QMLE-Quote,2002-10-18,0.499868
HD,66181,QMLE-Quote,2002-10-21,0.374146
HD,66181,QMLE-Quote,2002-10-22,0.457415
HD,66181,QMLE-Quote,2002-10-23,0.413438
HD,66181,QMLE-Quote,2002-10-24,0.345091
HD,66181,QMLE-Quote,2002-10-25,0.375183
HD,66181,QMLE-Quote,2002-10-28,0.362091
HD,66181,QMLE-Quote,2002-10-29,0.188826
HD,66181,QMLE-Quote,2002-10-30,0.0850982
HD,66181,QMLE-Quote,2002-10-31,0.319573
HD,66181,QMLE-Quote,2002-11-1,0.417183
HD,66181,QMLE-Quote,2002-11-4,0.251284
HD,66181,QMLE-Quote,2002-11-5,0.35924
HD,66181,QMLE-Quote,2002-11-6,0.434579
HD,66181,QMLE-Quote,2002-11-7,0.323701
HD,66181,QMLE-Quote,2002-11-8,0.353297
HD,66181,QMLE-Quote,2002-11-11,0.206139
HD,66181,QMLE-Quote,2002-11-12,0.311734
HD,66181,QMLE-Quote,2002-11-13,0.48182
HD,66181,QMLE-Quote,2002-11-14,0.228196
HD,66181,QMLE-Quote,2002-11-15,0.361258
HD,66181,QMLE-Quote,2002-11-18,0.284557
HD,66181,QMLE-Quote,2002-11-19,0.443049
HD,66181,QMLE-Quote,2002-11-20,0.317838
HD,66181,QMLE-Quote,2002-11-21,0.298499
HD,66181,QMLE-Quote,2002-11-22,0.290562
HD,66181,QMLE-Quote,2002-11-25,0.284509
HD,66181,QMLE-Quote,2002-11-26,0.188899
HD,66181,QMLE-Quote,2002-11-27,0.19494
HD,66181,QMLE-Quote,2002-11-29,0.21461
HD,66181,QMLE-Quote,2002-12-2,0.365371
HD,66181,QMLE-Quote,2002-12-3,0.220195
HD,66181,QMLE-Quote,2002-12-4,0.354315
HD,66181,QMLE-Quote,2002-12-5,0.205251
HD,66181,QMLE-Quote,2002-12-6,0.202448
HD,66181,QMLE-Quote,2002-12-9,0.193628
HD,66181,QMLE-Quote,2002-12-10,0.197963
HD,66181,QMLE-Quote,2002-12-11,0.258385
HD,66181,QMLE-Quote,2002-12-12,0.263122
HD,66181,QMLE-Quote,2002-12-13,0.333
HD,66181,QMLE-Quote,2002-12-16,0.313925
HD,66181,QMLE-Quote,2002-12-17,0.29734
HD,66181,QMLE-Quote,2002-12-18,0.277827
HD,66181,QMLE-Quote,2002-12-19,0.29209
HD,66181,QMLE-Quote,2002-12-20,0.446674
HD,66181,QMLE-Quote,2002-12-23,0.237166
HD,66181,QMLE-Quote,2002-12-24,0.227462
HD,66181,QMLE-Quote,2002-12-26,0.244768
HD,66181,QMLE-Quote,2002-12-27,0.229126
HD,66181,QMLE-Quote,2002-12-30,0.319097
HD,66181,QMLE-Quote,2002-12-31,0.273868
HD,66181,QMLE-Quote,2003-1-2,0.328112
HD,66181,QMLE-Quote,2003-1-3,0.489057
HD,66181,QMLE-Quote,2003-1-6,0.259894
HD,66181,QMLE-Quote,2003-1-7,0.284951
HD,66181,QMLE-Quote,2003-1-8,0.233601
HD,66181,QMLE-Quote,2003-1-9,0.250387
HD,66181,QMLE-Quote,2003-1-10,0.329447
HD,66181,QMLE-Quote,2003-1-13,0.242763
HD,66181,QMLE-Quote,2003-1-14,0.234629
HD,66181,QMLE-Quote,2003-1-15,0.234214
HD,66181,QMLE-Quote,2003-1-16,0.231364
HD,66181,QMLE-Quote,2003-1-17,0.327919
HD,66181,QMLE-Quote,2003-1-21,0.325313
HD,66181,QMLE-Quote,2003-1-22,0.347708
HD,66181,QMLE-Quote,2003-1-23,0.220096
HD,66181,QMLE-Quote,2003-1-24,0.267921
HD,66181,QMLE-Quote,2003-1-27,0.366924
HD,66181,QMLE-Quote,2003-1-28,0.356879
HD,66181,QMLE-Quote,2003-1-29,0.340632
HD,66181,QMLE-Quote,2003-1-30,0.263952
HD,66181,QMLE-Quote,2003-1-31,0.293306
HD,66181,QMLE-Quote,2003-2-3,0.278436
HD,66181,QMLE-Quote,2003-2-4,0.275502
HD,66181,QMLE-Quote,2003-2-5,0.27553
HD,66181,QMLE-Quote,2003-2-6,0.307159
HD,66181,QMLE-Quote,2003-2-7,0.321501
HD,66181,QMLE-Quote,2003-2-10,0.33457
HD,66181,QMLE-Quote,2003-2-11,0.265362
HD,66181,QMLE-Quote,2003-2-12,0.267481
HD,66181,QMLE-Quote,2003-2-13,0.309121
HD,66181,QMLE-Quote,2003-2-14,0.427695
HD,66181,QMLE-Quote,2003-2-18,0.315936
HD,66181,QMLE-Quote,2003-2-19,0.270653
HD,66181,QMLE-Quote,2003-2-20,0.250864
HD,66181,QMLE-Quote,2003-2-21,0.301418
HD,66181,QMLE-Quote,2003-2-24,0.302081
HD,66181,QMLE-Quote,2003-2-25,0.471117
HD,66181,QMLE-Quote,2003-2-26,0.268241
HD,66181,QMLE-Quote,2003-2-27,0.281756
HD,66181,QMLE-Quote,2003-2-28,0.263403
HD,66181,QMLE-Quote,2003-3-3,0.351396
HD,66181,QMLE-Quote,2003-3-4,0.327618
HD,66181,QMLE-Quote,2003-3-5,0.380394
HD,66181,QMLE-Quote,2003-3-6,0.345507
HD,66181,QMLE-Quote,2003-3-7,0.455432
HD,66181,QMLE-Quote,2003-3-10,0.225899
HD,66181,QMLE-Quote,2003-3-11,0.355986
HD,66181,QMLE-Quote,2003-3-12,0.326742
HD,66181,QMLE-Quote,2003-3-13,0.259075
HD,66181,QMLE-Quote,2003-3-14,0.338731
HD,66181,QMLE-Quote,2003-3-17,0.403161
HD,66181,QMLE-Quote,2003-3-18,0.377578
HD,66181,QMLE-Quote,2003-3-19,0.290548
HD,66181,QMLE-Quote,2003-3-20,1.05338
HD,66181,QMLE-Quote,2003-3-21,0.263025
HD,66181,QMLE-Quote,2003-3-24,0.317365
HD,66181,QMLE-Quote,2003-3-25,0.313886
HD,66181,QMLE-Quote,2003-3-26,0.230621
HD,66181,QMLE-Quote,2003-3-27,0.391758
HD,66181,QMLE-Quote,2003-3-28,0.249275
HD,66181,QMLE-Quote,2003-3-31,0.285316
HD,66181,QMLE-Quote,2003-4-1,0.324504
HD,66181,QMLE-Quote,2003-4-2,0.255863
HD,66181,QMLE-Quote,2003-4-3,0.239876
HD,66181,QMLE-Quote,2003-4-4,0.224673
HD,66181,QMLE-Quote,2003-4-7,0.291982
HD,66181,QMLE-Quote,2003-4-8,0.235724
HD,66181,QMLE-Quote,2003-4-9,0.323188
HD,66181,QMLE-Quote,2003-4-10,0.257718
HD,66181,QMLE-Quote,2003-4-11,0.241312
HD,66181,QMLE-Quote,2003-4-14,0.253537
HD,66181,QMLE-Quote,2003-4-15,0.249859
HD,66181,QMLE-Quote,2003-4-16,0.276579
HD,66181,QMLE-Quote,2003-4-17,0.250695
HD,66181,QMLE-Quote,2003-4-21,0.271971
HD,66181,QMLE-Quote,2003-4-22,0.220011
HD,66181,QMLE-Quote,2003-4-23,0.204903
HD,66181,QMLE-Quote,2003-4-24,0.195127
HD,66181,QMLE-Quote,2003-4-25,0.180086
HD,66181,QMLE-Quote,2003-4-28,0.165236
HD,66181,QMLE-Quote,2003-4-29,0.274867
HD,66181,QMLE-Quote,2003-4-30,0.209569
HD,66181,QMLE-Quote,2003-5-1,0.243992
HD,66181,QMLE-Quote,2003-5-2,0.263209
HD,66181,QMLE-Quote,2003-5-5,0.225024
HD,66181,QMLE-Quote,2003-5-6,0.22966
HD,66181,QMLE-Quote,2003-5-7,0.229864
HD,66181,QMLE-Quote,2003-5-8,0.23181
HD,66181,QMLE-Quote,2003-5-9,0.187651
HD,66181,QMLE-Quote,2003-5-12,0.152154
HD,66181,QMLE-Quote,2003-5-13,0.208241
HD,66181,QMLE-Quote,2003-5-14,0.2259
HD,66181,QMLE-Quote,2003-5-15,0.270715
HD,66181,QMLE-Quote,2003-5-16,0.225794
HD,66181,QMLE-Quote,2003-5-19,0.331629
HD,66181,QMLE-Quote,2003-5-20,0.305304
HD,66181,QMLE-Quote,2003-5-21,0.235782
HD,66181,QMLE-Quote,2003-5-22,0.206664
HD,66181,QMLE-Quote,2003-5-23,0.203532
HD,66181,QMLE-Quote,2003-5-27,0.303582
HD,66181,QMLE-Quote,2003-5-28,0.229078
HD,66181,QMLE-Quote,2003-5-29,0.27175
HD,66181,QMLE-Quote,2003-5-30,0.165541
HD,66181,QMLE-Quote,2003-6-2,0.242864
HD,66181,QMLE-Quote,2003-6-3,0.248147
HD,66181,QMLE-Quote,2003-6-4,0.102523
HD,66181,QMLE-Quote,2003-6-5,0.197157
HD,66181,QMLE-Quote,2003-6-6,0.214891
HD,66181,QMLE-Quote,2003-6-9,0.165477
HD,66181,QMLE-Quote,2003-6-10,0.230731
HD,66181,QMLE-Quote,2003-6-11,0.139365
HD,66181,QMLE-Quote,2003-6-12,0.291249
HD,66181,QMLE-Quote,2003-6-13,0.224168
HD,66181,QMLE-Quote,2003-6-16,0.244405
HD,66181,QMLE-Quote,2003-6-17,0.16581
HD,66181,QMLE-Quote,2003-6-18,0.209098
HD,66181,QMLE-Quote,2003-6-19,0.24615
HD,66181,QMLE-Quote,2003-6-20,0.209937
HD,66181,QMLE-Quote,2003-6-23,0.205162
HD,66181,QMLE-Quote,2003-6-24,0.218418
HD,66181,QMLE-Quote,2003-6-25,0.327572
HD,66181,QMLE-Quote,2003-6-26,0.188424
HD,66181,QMLE-Quote,2003-6-27,0.188214
HD,66181,QMLE-Quote,2003-6-30,0.238343
HD,66181,QMLE-Quote,2003-7-1,0.230457
HD,66181,QMLE-Quote,2003-7-2,0.212463
HD,66181,QMLE-Quote,2003-7-3,0.317789
HD,66181,QMLE-Quote,2003-7-7,0.111636
HD,66181,QMLE-Quote,2003-7-8,0.155049
HD,66181,QMLE-Quote,2003-7-9,0.258732
HD,66181,QMLE-Quote,2003-7-10,0.290857
HD,66181,QMLE-Quote,2003-7-11,0.21328
HD,66181,QMLE-Quote,2003-7-14,0.18968
HD,66181,QMLE-Quote,2003-7-15,0.248617
HD,66181,QMLE-Quote,2003-7-16,0.301057
HD,66181,QMLE-Quote,2003-7-17,0.237294
HD,66181,QMLE-Quote,2003-7-18,0.185263
HD,66181,QMLE-Quote,2003-7-21,0.190836
HD,66181,QMLE-Quote,2003-7-22,0.296384
HD,66181,QMLE-Quote,2003-7-23,0.181545
HD,66181,QMLE-Quote,2003-7-24,0.227503
HD,66181,QMLE-Quote,2003-7-25,0.20096
HD,66181,QMLE-Quote,2003-7-28,0.269064
HD,66181,QMLE-Quote,2003-7-29,0.30573
HD,66181,QMLE-Quote,2003-7-30,0.307122
HD,66181,QMLE-Quote,2003-7-31,0.258637
HD,66181,QMLE-Quote,2003-8-1,0.259572
HD,66181,QMLE-Quote,2003-8-4,0.297404
HD,66181,QMLE-Quote,2003-8-5,0.289775
HD,66181,QMLE-Quote,2003-8-6,0.241596
HD,66181,QMLE-Quote,2003-8-7,0.220439
HD,66181,QMLE-Quote,2003-8-8,0.180199
HD,66181,QMLE-Quote,2003-8-11,0.205844
HD,66181,QMLE-Quote,2003-8-12,0.147402
HD,66181,QMLE-Quote,2003-8-13,0.122461
HD,66181,QMLE-Quote,2003-8-14,0.174388
HD,66181,QMLE-Quote,2003-8-15,0.1454
HD,66181,QMLE-Quote,2003-8-18,0.157939
HD,66181,QMLE-Quote,2003-8-19,0.393094
HD,66181,QMLE-Quote,2003-8-20,0.153118
HD,66181,QMLE-Quote,2003-8-21,0.170709
HD,66181,QMLE-Quote,2003-8-22,0.19012
HD,66181,QMLE-Quote,2003-8-25,0.153395
HD,66181,QMLE-Quote,2003-8-26,0.160292
HD,66181,QMLE-Quote,2003-8-27,0.133227
HD,66181,QMLE-Quote,2003-8-28,0.0810741
HD,66181,QMLE-Quote,2003-8-29,0.107406
HD,66181,QMLE-Quote,2003-9-2,0.179428
HD,66181,QMLE-Quote,2003-9-3,0.18423
HD,66181,QMLE-Quote,2003-9-4,0.281554
HD,66181,QMLE-Quote,2003-9-5,0.238243
HD,66181,QMLE-Quote,2003-9-8,0.197691
HD,66181,QMLE-Quote,2003-9-9,0.21609
HD,66181,QMLE-Quote,2003-9-10,0.183193
HD,66181,QMLE-Quote,2003-9-11,0.184381
HD,66181,QMLE-Quote,2003-9-12,0.222924
HD,66181,QMLE-Quote,2003-9-15,0.164069
HD,66181,QMLE-Quote,2003-9-16,0.178651
HD,66181,QMLE-Quote,2003-9-17,0.162435
HD,66181,QMLE-Quote,2003-9-18,0.214428
HD,66181,QMLE-Quote,2003-9-19,0.156558
HD,66181,QMLE-Quote,2003-9-22,0.179116
HD,66181,QMLE-Quote,2003-9-23,0.171022
HD,66181,QMLE-Quote,2003-9-24,0.207179
HD,66181,QMLE-Quote,2003-9-25,0.254755
HD,66181,QMLE-Quote,2003-9-26,0.20843
HD,66181,QMLE-Quote,2003-9-29,0.226602
HD,66181,QMLE-Quote,2003-9-30,0.308077
HD,66181,QMLE-Quote,2003-10-1,0.201028
HD,66181,QMLE-Quote,2003-10-2,0.186875
HD,66181,QMLE-Quote,2003-10-3,0.137021
HD,66181,QMLE-Quote,2003-10-6,0.130644
HD,66181,QMLE-Quote,2003-10-7,0.184767
HD,66181,QMLE-Quote,2003-10-8,0.106472
HD,66181,QMLE-Quote,2003-10-9,0.254016
HD,66181,QMLE-Quote,2003-10-10,0.11668
HD,66181,QMLE-Quote,2003-10-13,0.27317
HD,66181,QMLE-Quote,2003-10-14,0.11709
HD,66181,QMLE-Quote,2003-10-15,0.174582
HD,66181,QMLE-Quote,2003-10-16,0.275545
HD,66181,QMLE-Quote,2003-10-17,0.1558
HD,66181,QMLE-Quote,2003-10-20,0.157776
HD,66181,QMLE-Quote,2003-10-21,0.148193
HD,66181,QMLE-Quote,2003-10-22,0.228594
HD,66181,QMLE-Quote,2003-10-23,0.15895
HD,66181,QMLE-Quote,2003-10-24,0.205329
HD,66181,QMLE-Quote,2003-10-27,0.16559
HD,66181,QMLE-Quote,2003-10-28,0.190638
HD,66181,QMLE-Quote,2003-10-29,0.168714
HD,66181,QMLE-Quote,2003-10-30,0.253923
HD,66181,QMLE-Quote,2003-10-31,0.203451
HD,66181,QMLE-Quote,2003-11-3,0.184091
HD,66181,QMLE-Quote,2003-11-4,0.166417
HD,66181,QMLE-Quote,2003-11-5,0.19641
HD,66181,QMLE-Quote,2003-11-6,0.240964
HD,66181,QMLE-Quote,2003-11-7,0.167729
HD,66181,QMLE-Quote,2003-11-10,0.182292
HD,66181,QMLE-Quote,2003-11-11,0.159218
HD,66181,QMLE-Quote,2003-11-12,0.107237
HD,66181,QMLE-Quote,2003-11-13,0.123566
HD,66181,QMLE-Quote,2003-11-14,0.157798
HD,66181,QMLE-Quote,2003-11-17,0.186465
HD,66181,QMLE-Quote,2003-11-18,0.285432
HD,66181,QMLE-Quote,2003-11-19,0.243307
HD,66181,QMLE-Quote,2003-11-20,0.227069
HD,66181,QMLE-Quote,2003-11-21,0.162233
HD,66181,QMLE-Quote,2003-11-24,0.165162
HD,66181,QMLE-Quote,2003-11-25,0.19738
HD,66181,QMLE-Quote,2003-11-26,0.188828
HD,66181,QMLE-Quote,2003-11-28,0.254554
HD,66181,QMLE-Quote,2003-12-1,0.18441
HD,66181,QMLE-Quote,2003-12-2,0.146458
HD,66181,QMLE-Quote,2003-12-3,0.208927
HD,66181,QMLE-Quote,2003-12-4,0.312916
HD,66181,QMLE-Quote,2003-12-5,0.283551
HD,66181,QMLE-Quote,2003-12-8,0.225595
HD,66181,QMLE-Quote,2003-12-9,0.23314
HD,66181,QMLE-Quote,2003-12-10,0.274203
HD,66181,QMLE-Quote,2003-12-11,0.256188
HD,66181,QMLE-Quote,2003-12-12,0.166632
HD,66181,QMLE-Quote,2003-12-15,0.271414
HD,66181,QMLE-Quote,2003-12-16,0.222106
HD,66181,QMLE-Quote,2003-12-17,0.311123
HD,66181,QMLE-Quote,2003-12-18,0.230018
HD,66181,QMLE-Quote,2003-12-19,0.16339
HD,66181,QMLE-Quote,2003-12-22,0.200521
HD,66181,QMLE-Quote,2003-12-23,0.202775
HD,66181,QMLE-Quote,2003-12-24,0.228599
HD,66181,QMLE-Quote,2003-12-26,0.146847
HD,66181,QMLE-Quote,2003-12-29,0.156603
HD,66181,QMLE-Quote,2003-12-30,0.182459
HD,66181,QMLE-Quote,2003-12-31,0.16057
HD,66181,QMLE-Quote,2004-1-2,0.213014
HD,66181,QMLE-Quote,2004-1-5,0.205983
HD,66181,QMLE-Quote,2004-1-6,0.183395
HD,66181,QMLE-Quote,2004-1-7,0.219081
HD,66181,QMLE-Quote,2004-1-8,0.253384
HD,66181,QMLE-Quote,2004-1-9,0.24202
HD,66181,QMLE-Quote,2004-1-12,0.235349
HD,66181,QMLE-Quote,2004-1-13,0.18117
HD,66181,QMLE-Quote,2004-1-14,0.194441
HD,66181,QMLE-Quote,2004-1-15,0.243007
HD,66181,QMLE-Quote,2004-1-16,0.310109
HD,66181,QMLE-Quote,2004-1-20,0.147298
HD,66181,QMLE-Quote,2004-1-21,0.161928
HD,66181,QMLE-Quote,2004-1-22,0.222016
HD,66181,QMLE-Quote,2004-1-23,0.180804
HD,66181,QMLE-Quote,2004-1-26,0.194477
HD,66181,QMLE-Quote,2004-1-27,0.155884
HD,66181,QMLE-Quote,2004-1-28,0.22247
HD,66181,QMLE-Quote,2004-1-29,0.260837
HD,66181,QMLE-Quote,2004-1-30,0.258084
HD,66181,QMLE-Quote,2004-2-2,0.267803
HD,66181,QMLE-Quote,2004-2-3,0.204317
HD,66181,QMLE-Quote,2004-2-4,0.250702
HD,66181,QMLE-Quote,2004-2-5,0.230461
HD,66181,QMLE-Quote,2004-2-6,0.173887
HD,66181,QMLE-Quote,2004-2-9,0.175793
HD,66181,QMLE-Quote,2004-2-10,0.138348
HD,66181,QMLE-Quote,2004-2-11,0.201705
HD,66181,QMLE-Quote,2004-2-12,0.178235
HD,66181,QMLE-Quote,2004-2-13,0.239133
HD,66181,QMLE-Quote,2004-2-17,0.135975
HD,66181,QMLE-Quote,2004-2-18,0.163992
HD,66181,QMLE-Quote,2004-2-19,0.16493
HD,66181,QMLE-Quote,2004-2-20,0.20487
HD,66181,QMLE-Quote,2004-2-23,0.15499
HD,66181,QMLE-Quote,2004-2-24,0.282294
HD,66181,QMLE-Quote,2004-2-25,0.138016
HD,66181,QMLE-Quote,2004-2-26,0.157071
HD,66181,QMLE-Quote,2004-2-27,0.147206
HD,66181,QMLE-Quote,2004-3-1,0.13949
HD,66181,QMLE-Quote,2004-3-2,0.191626
HD,66181,QMLE-Quote,2004-3-3,0.157903
HD,66181,QMLE-Quote,2004-3-4,0.162297
HD,66181,QMLE-Quote,2004-3-5,0.230504
HD,66181,QMLE-Quote,2004-3-8,0.169623
HD,66181,QMLE-Quote,2004-3-9,0.171134
HD,66181,QMLE-Quote,2004-3-10,0.246091
HD,66181,QMLE-Quote,2004-3-11,0.297221
HD,66181,QMLE-Quote,2004-3-12,0.25553
HD,66181,QMLE-Quote,2004-3-15,0.255996
HD,66181,QMLE-Quote,2004-3-16,0.236614
HD,66181,QMLE-Quote,2004-3-17,0.147189
HD,66181,QMLE-Quote,2004-3-18,0.235686
HD,66181,QMLE-Quote,2004-3-19,0.201294
HD,66181,QMLE-Quote,2004-3-22,0.163385
HD,66181,QMLE-Quote,2004-3-23,0.161517
HD,66181,QMLE-Quote,2004-3-24,0.236562
HD,66181,QMLE-Quote,2004-3-25,0.220985
HD,66181,QMLE-Quote,2004-3-26,0.112751
HD,66181,QMLE-Quote,2004-3-29,0.122258
HD,66181,QMLE-Quote,2004-3-30,0.104938
HD,66181,QMLE-Quote,2004-3-31,0.176847
HD,66181,QMLE-Quote,2004-4-1,0.128452
HD,66181,QMLE-Quote,2004-4-2,0.165614
HD,66181,QMLE-Quote,2004-4-5,0.145686
HD,66181,QMLE-Quote,2004-4-6,0.169815
HD,66181,QMLE-Quote,2004-4-7,0.153574
HD,66181,QMLE-Quote,2004-4-8,0.204171
HD,66181,QMLE-Quote,2004-4-12,0.0967828
HD,66181,QMLE-Quote,2004-4-13,0.189911
HD,66181,QMLE-Quote,2004-4-14,0.0238497
HD,66181,QMLE-Quote,2004-4-15,0.176231
HD,66181,QMLE-Quote,2004-4-16,0.158367
HD,66181,QMLE-Quote,2004-4-19,0.128611
HD,66181,QMLE-Quote,2004-4-20,0.188677
HD,66181,QMLE-Quote,2004-4-21,0.162959
HD,66181,QMLE-Quote,2004-4-22,0.238122
HD,66181,QMLE-Quote,2004-4-23,0.176252
HD,66181,QMLE-Quote,2004-4-26,0.153128
HD,66181,QMLE-Quote,2004-4-27,0.160246
HD,66181,QMLE-Quote,2004-4-28,0.206321
HD,66181,QMLE-Quote,2004-4-29,0.249336
HD,66181,QMLE-Quote,2004-4-30,0.184901
HD,66181,QMLE-Quote,2004-5-3,0.206339
HD,66181,QMLE-Quote,2004-5-4,0.197089
HD,66181,QMLE-Quote,2004-5-5,0.165131
HD,66181,QMLE-Quote,2004-5-6,0.224449
HD,66181,QMLE-Quote,2004-5-7,0.200192
HD,66181,QMLE-Quote,2004-5-10,0.229555
HD,66181,QMLE-Quote,2004-5-11,0.148857
HD,66181,QMLE-Quote,2004-5-12,0.37229
HD,66181,QMLE-Quote,2004-5-13,0.226181
HD,66181,QMLE-Quote,2004-5-14,0.325034
HD,66181,QMLE-Quote,2004-5-17,0.238008
HD,66181,QMLE-Quote,2004-5-18,0.214267
HD,66181,QMLE-Quote,2004-5-19,0.178116
HD,66181,QMLE-Quote,2004-5-20,0.185232
HD,66181,QMLE-Quote,2004-5-21,0.251299
HD,66181,QMLE-Quote,2004-5-24,0.141603
HD,66181,QMLE-Quote,2004-5-25,0.18199
HD,66181,QMLE-Quote,2004-5-26,0.161174
HD,66181,QMLE-Quote,2004-5-27,0.190121
HD,66181,QMLE-Quote,2004-5-28,0.159564
HD,66181,QMLE-Quote,2004-6-1,0.165919
HD,66181,QMLE-Quote,2004-6-2,0.171337
HD,66181,QMLE-Quote,2004-6-3,0.167917
HD,66181,QMLE-Quote,2004-6-4,0.183364
HD,66181,QMLE-Quote,2004-6-7,0.142932
HD,66181,QMLE-Quote,2004-6-8,0.160667
HD,66181,QMLE-Quote,2004-6-9,0.177192
HD,66181,QMLE-Quote,2004-6-10,0.213569
HD,66181,QMLE-Quote,2004-6-14,0.140696
HD,66181,QMLE-Quote,2004-6-15,0.170507
HD,66181,QMLE-Quote,2004-6-16,0.145644
HD,66181,QMLE-Quote,2004-6-17,0.196333
HD,66181,QMLE-Quote,2004-6-18,0.123255
HD,66181,QMLE-Quote,2004-6-21,0.12954
HD,66181,QMLE-Quote,2004-6-22,0.219063
HD,66181,QMLE-Quote,2004-6-23,0.155513
HD,66181,QMLE-Quote,2004-6-24,0.16571
HD,66181,QMLE-Quote,2004-6-25,0.180681
HD,66181,QMLE-Quote,2004-6-28,0.158409
HD,66181,QMLE-Quote,2004-6-29,0.131981
HD,66181,QMLE-Quote,2004-6-30,0.177857
HD,66181,QMLE-Quote,2004-7-1,0.180878
HD,66181,QMLE-Quote,2004-7-2,0.184623
HD,66181,QMLE-Quote,2004-7-6,0.229677
HD,66181,QMLE-Quote,2004-7-7,0.124886
HD,66181,QMLE-Quote,2004-7-8,0.209212
HD,66181,QMLE-Quote,2004-7-9,0.157465
HD,66181,QMLE-Quote,2004-7-12,0.163129
HD,66181,QMLE-Quote,2004-7-13,0.124078
HD,66181,QMLE-Quote,2004-7-14,0.190601
HD,66181,QMLE-Quote,2004-7-15,0.100001
HD,66181,QMLE-Quote,2004-7-16,0.122902
HD,66181,QMLE-Quote,2004-7-19,0.230516
HD,66181,QMLE-Quote,2004-7-20,0.24115
HD,66181,QMLE-Quote,2004-7-21,0.190683
HD,66181,QMLE-Quote,2004-7-22,0.279915
HD,66181,QMLE-Quote,2004-7-23,0.225156
HD,66181,QMLE-Quote,2004-7-26,0.237804
HD,66181,QMLE-Quote,2004-7-27,0.275987
HD,66181,QMLE-Quote,2004-7-28,0.23378
HD,66181,QMLE-Quote,2004-7-29,0.235723
HD,66181,QMLE-Quote,2004-7-30,0.22617
HD,66181,QMLE-Quote,2004-8-2,0.196558
HD,66181,QMLE-Quote,2004-8-3,0.210457
HD,66181,QMLE-Quote,2004-8-4,0.195643
HD,66181,QMLE-Quote,2004-8-5,0.232135
HD,66181,QMLE-Quote,2004-8-6,0.224759
HD,66181,QMLE-Quote,2004-8-9,0.161281
HD,66181,QMLE-Quote,2004-8-10,0.202583
HD,66181,QMLE-Quote,2004-8-11,0.214307
HD,66181,QMLE-Quote,2004-8-12,0.207695
HD,66181,QMLE-Quote,2004-8-13,0.146392
HD,66181,QMLE-Quote,2004-8-16,0.218191
HD,66181,QMLE-Quote,2004-8-17,0.226132
HD,66181,QMLE-Quote,2004-8-18,0.18606
HD,66181,QMLE-Quote,2004-8-19,0.166282
HD,66181,QMLE-Quote,2004-8-20,0.167298
HD,66181,QMLE-Quote,2004-8-23,0.184406
HD,66181,QMLE-Quote,2004-8-24,0.155734
HD,66181,QMLE-Quote,2004-8-25,0.157166
HD,66181,QMLE-Quote,2004-8-26,0.155186
HD,66181,QMLE-Quote,2004-8-27,0.129183
HD,66181,QMLE-Quote,2004-8-30,0.112467
HD,66181,QMLE-Quote,2004-8-31,0.149503
HD,66181,QMLE-Quote,2004-9-1,0.172897
HD,66181,QMLE-Quote,2004-9-2,0.128397
HD,66181,QMLE-Quote,2004-9-3,0.124605
HD,66181,QMLE-Quote,2004-9-7,0.172846
HD,66181,QMLE-Quote,2004-9-8,0.111368
HD,66181,QMLE-Quote,2004-9-9,0.173584
HD,66181,QMLE-Quote,2004-9-10,0.145667
HD,66181,QMLE-Quote,2004-9-13,0.0990055
HD,66181,QMLE-Quote,2004-9-14,0.167483
HD,66181,QMLE-Quote,2004-9-15,0.141101
HD,66181,QMLE-Quote,2004-9-16,0.161346
HD,66181,QMLE-Quote,2004-9-17,0.19737
HD,66181,QMLE-Quote,2004-9-20,0.186488
HD,66181,QMLE-Quote,2004-9-21,0.158257
HD,66181,QMLE-Quote,2004-9-22,0.17351
HD,66181,QMLE-Quote,2004-9-23,0.215081
HD,66181,QMLE-Quote,2004-9-24,0.152919
HD,66181,QMLE-Quote,2004-9-27,0.124587
HD,66181,QMLE-Quote,2004-9-28,0.159664
HD,66181,QMLE-Quote,2004-9-29,0.168757
HD,66181,QMLE-Quote,2004-9-30,0.168599
HD,66181,QMLE-Quote,2004-10-1,0.190114
HD,66181,QMLE-Quote,2004-10-4,0.108241
HD,66181,QMLE-Quote,2004-10-5,0.169224
HD,66181,QMLE-Quote,2004-10-6,0.155037
HD,66181,QMLE-Quote,2004-10-7,0.133172
HD,66181,QMLE-Quote,2004-10-8,0.22037
HD,66181,QMLE-Quote,2004-10-11,0.126597
HD,66181,QMLE-Quote,2004-10-12,0.156333
HD,66181,QMLE-Quote,2004-10-13,0.126615
HD,66181,QMLE-Quote,2004-10-14,0.145972
HD,66181,QMLE-Quote,2004-10-15,0.217658
HD,66181,QMLE-Quote,2004-10-18,0.155898
HD,66181,QMLE-Quote,2004-10-19,0.203029
HD,66181,QMLE-Quote,2004-10-20,0.205699
HD,66181,QMLE-Quote,2004-10-21,0.215063
HD,66181,QMLE-Quote,2004-10-22,0.196945
HD,66181,QMLE-Quote,2004-10-25,0.226822
HD,66181,QMLE-Quote,2004-10-26,0.199769
HD,66181,QMLE-Quote,2004-10-27,0.202312
HD,66181,QMLE-Quote,2004-10-28,0.221803
HD,66181,QMLE-Quote,2004-10-29,0.19208
HD,66181,QMLE-Quote,2004-11-1,0.174338
HD,66181,QMLE-Quote,2004-11-2,0.169124
HD,66181,QMLE-Quote,2004-11-3,0.235405
HD,66181,QMLE-Quote,2004-11-4,0.204406
HD,66181,QMLE-Quote,2004-11-5,0.22207
HD,66181,QMLE-Quote,2004-11-8,0.162854
HD,66181,QMLE-Quote,2004-11-9,0.151172
HD,66181,QMLE-Quote,2004-11-10,0.130102
HD,66181,QMLE-Quote,2004-11-11,0.146962
HD,66181,QMLE-Quote,2004-11-12,0.141478
HD,66181,QMLE-Quote,2004-11-15,0.220184
HD,66181,QMLE-Quote,2004-11-16,0.309832
HD,66181,QMLE-Quote,2004-11-17,0.233174
HD,66181,QMLE-Quote,2004-11-18,0.162926
HD,66181,QMLE-Quote,2004-11-19,0.120457
HD,66181,QMLE-Quote,2004-11-22,0.146445
HD,66181,QMLE-Quote,2004-11-23,0.185256
HD,66181,QMLE-Quote,2004-11-24,0.156709
HD,66181,QMLE-Quote,2004-11-26,0.141959
HD,66181,QMLE-Quote,2004-11-29,0.181337
HD,66181,QMLE-Quote,2004-11-30,0.178715
HD,66181,QMLE-Quote,2004-12-1,0.190032
HD,66181,QMLE-Quote,2004-12-2,0.243959
HD,66181,QMLE-Quote,2004-12-3,0.174856
HD,66181,QMLE-Quote,2004-12-6,0.181388
HD,66181,QMLE-Quote,2004-12-7,0.198874
HD,66181,QMLE-Quote,2004-12-8,0.196469
HD,66181,QMLE-Quote,2004-12-9,0.166853
HD,66181,QMLE-Quote,2004-12-10,0.166529
HD,66181,QMLE-Quote,2004-12-13,0.135755
HD,66181,QMLE-Quote,2004-12-14,0.148429
HD,66181,QMLE-Quote,2004-12-15,0.122007
HD,66181,QMLE-Quote,2004-12-16,0.159584
HD,66181,QMLE-Quote,2004-12-17,0.173085
HD,66181,QMLE-Quote,2004-12-20,0.143191
HD,66181,QMLE-Quote,2004-12-21,0.157427
HD,66181,QMLE-Quote,2004-12-22,0.124381
HD,66181,QMLE-Quote,2004-12-23,0.13299
HD,66181,QMLE-Quote,2004-12-27,0.210645
HD,66181,QMLE-Quote,2004-12-28,0.136609
HD,66181,QMLE-Quote,2004-12-29,0.0890448
HD,66181,QMLE-Quote,2004-12-30,0.109764
HD,66181,QMLE-Quote,2004-12-31,0.114043
HD,66181,QMLE-Quote,2005-1-3,0.117561
HD,66181,QMLE-Quote,2005-1-4,0.136213
HD,66181,QMLE-Quote,2005-1-5,0.154508
HD,66181,QMLE-Quote,2005-1-6,0.199241
HD,66181,QMLE-Quote,2005-1-7,0.177248
HD,66181,QMLE-Quote,2005-1-10,0.188212
HD,66181,QMLE-Quote,2005-1-11,0.0970206
HD,66181,QMLE-Quote,2005-1-12,0.166382
HD,66181,QMLE-Quote,2005-1-13,0.201593
HD,66181,QMLE-Quote,2005-1-14,0.10806
HD,66181,QMLE-Quote,2005-1-18,0.122767
HD,66181,QMLE-Quote,2005-1-19,0.139669
HD,66181,QMLE-Quote,2005-1-20,0.216433
HD,66181,QMLE-Quote,2005-1-21,0.149169
HD,66181,QMLE-Quote,2005-1-24,0.200913
HD,66181,QMLE-Quote,2005-1-25,0.131714
HD,66181,QMLE-Quote,2005-1-26,0.104773
HD,66181,QMLE-Quote,2005-1-27,0.121138
HD,66181,QMLE-Quote,2005-1-28,0.134786
HD,66181,QMLE-Quote,2005-1-31,0.130042
HD,66181,QMLE-Quote,2005-2-1,0.111286
HD,66181,QMLE-Quote,2005-2-2,0.129083
HD,66181,QMLE-Quote,2005-2-3,0.122583
HD,66181,QMLE-Quote,2005-2-4,0.12451
HD,66181,QMLE-Quote,2005-2-7,0.0893039
HD,66181,QMLE-Quote,2005-2-8,0.101478
HD,66181,QMLE-Quote,2005-2-9,0.135181
HD,66181,QMLE-Quote,2005-2-10,0.129539
HD,66181,QMLE-Quote,2005-2-11,0.168433
HD,66181,QMLE-Quote,2005-2-14,0.069477
HD,66181,QMLE-Quote,2005-2-15,0.149654
HD,66181,QMLE-Quote,2005-2-16,0.128997
HD,66181,QMLE-Quote,2005-2-17,0.122424
HD,66181,QMLE-Quote,2005-2-18,0.118354
HD,66181,QMLE-Quote,2005-2-22,0.241441
HD,66181,QMLE-Quote,2005-2-23,0.211252
HD,66181,QMLE-Quote,2005-2-24,0.216205
HD,66181,QMLE-Quote,2005-2-25,0.168145
HD,66181,QMLE-Quote,2005-2-28,0.177531
HD,66181,QMLE-Quote,2005-3-1,0.118741
HD,66181,QMLE-Quote,2005-3-2,0.131511
HD,66181,QMLE-Quote,2005-3-3,0.124873
HD,66181,QMLE-Quote,2005-3-4,0.109539
HD,66181,QMLE-Quote,2005-3-7,0.159986
HD,66181,QMLE-Quote,2005-3-8,0.109526
HD,66181,QMLE-Quote,2005-3-9,0.133997
HD,66181,QMLE-Quote,2005-3-10,0.14321
HD,66181,QMLE-Quote,2005-3-11,0.133813
HD,66181,QMLE-Quote,2005-3-14,0.193003
HD,66181,QMLE-Quote,2005-3-15,0.174154
HD,66181,QMLE-Quote,2005-3-16,0.244836
HD,66181,QMLE-Quote,2005-3-17,0.173082
HD,66181,QMLE-Quote,2005-3-18,0.163427
HD,66181,QMLE-Quote,2005-3-21,0.285599
HD,66181,QMLE-Quote,2005-3-22,0.202558
HD,66181,QMLE-Quote,2005-3-23,0.171379
HD,66181,QMLE-Quote,2005-3-24,0.133976
HD,66181,QMLE-Quote,2005-3-28,0.142959
HD,66181,QMLE-Quote,2005-3-29,0.190631
HD,66181,QMLE-Quote,2005-3-30,0.144295
HD,66181,QMLE-Quote,2005-3-31,0.14432
HD,66181,QMLE-Quote,2005-4-1,0.377732
HD,66181,QMLE-Quote,2005-4-4,0.168978
HD,66181,QMLE-Quote,2005-4-5,0.243714
HD,66181,QMLE-Quote,2005-4-6,0.2196
HD,66181,QMLE-Quote,2005-4-7,0.191362
HD,66181,QMLE-Quote,2005-4-8,0.1561
HD,66181,QMLE-Quote,2005-4-11,0.173331
HD,66181,QMLE-Quote,2005-4-12,0.247276
HD,66181,QMLE-Quote,2005-4-13,0.229912
HD,66181,QMLE-Quote,2005-4-14,0.211714
HD,66181,QMLE-Quote,2005-4-15,0.27625
HD,66181,QMLE-Quote,2005-4-18,0.233109
HD,66181,QMLE-Quote,2005-4-19,0.189642
HD,66181,QMLE-Quote,2005-4-20,0.265031
HD,66181,QMLE-Quote,2005-4-21,0.213747
HD,66181,QMLE-Quote,2005-4-22,0.198425
HD,66181,QMLE-Quote,2005-4-25,0.181811
HD,66181,QMLE-Quote,2005-4-26,0.224202
HD,66181,QMLE-Quote,2005-4-27,0.213341
HD,66181,QMLE-Quote,2005-4-28,0.201058
HD,66181,QMLE-Quote,2005-4-29,0.246953
HD,66181,QMLE-Quote,2005-5-2,0.212699
HD,66181,QMLE-Quote,2005-5-3,0.306624
HD,66181,QMLE-Quote,2005-5-4,0.236925
HD,66181,QMLE-Quote,2005-5-5,0.250311
HD,66181,QMLE-Quote,2005-5-6,0.187093
HD,66181,QMLE-Quote,2005-5-9,0.157043
HD,66181,QMLE-Quote,2005-5-10,0.170104
HD,66181,QMLE-Quote,2005-5-11,0.254125
HD,66181,QMLE-Quote,2005-5-12,0.240993
HD,66181,QMLE-Quote,2005-5-13,0.235009
HD,66181,QMLE-Quote,2005-5-16,0.241812
HD,66181,QMLE-Quote,2005-5-17,0.25392
HD,66181,QMLE-Quote,2005-5-18,0.168395
HD,66181,QMLE-Quote,2005-5-19,0.204511
HD,66181,QMLE-Quote,2005-5-20,0.202906
HD,66181,QMLE-Quote,2005-5-23,0.196024
HD,66181,QMLE-Quote,2005-5-24,0.125753
HD,66181,QMLE-Quote,2005-5-25,0.173969
HD,66181,QMLE-Quote,2005-5-26,0.150373
HD,66181,QMLE-Quote,2005-5-27,0.1297
HD,66181,QMLE-Quote,2005-5-31,0.152637
HD,66181,QMLE-Quote,2005-6-1,0.202294
HD,66181,QMLE-Quote,2005-6-2,0.153459
HD,66181,QMLE-Quote,2005-6-3,0.16801
HD,66181,QMLE-Quote,2005-6-6,0.16262
HD,66181,QMLE-Quote,2005-6-7,0.176415
HD,66181,QMLE-Quote,2005-6-8,0.168573
HD,66181,QMLE-Quote,2005-6-9,0.166165
HD,66181,QMLE-Quote,2005-6-10,0.14104
HD,66181,QMLE-Quote,2005-6-13,0.178946
HD,66181,QMLE-Quote,2005-6-14,0.180644
HD,66181,QMLE-Quote,2005-6-15,0.156704
HD,66181,QMLE-Quote,2005-6-16,0.179573
HD,66181,QMLE-Quote,2005-6-17,0.0812114
HD,66181,QMLE-Quote,2005-6-20,0.154259
HD,66181,QMLE-Quote,2005-6-21,0.164204
HD,66181,QMLE-Quote,2005-6-22,0.146852
HD,66181,QMLE-Quote,2005-6-23,0.220871
HD,66181,QMLE-Quote,2005-6-24,0.228895
HD,66181,QMLE-Quote,2005-6-27,0.166095
HD,66181,QMLE-Quote,2005-6-28,0.207076
HD,66181,QMLE-Quote,2005-6-29,0.161541
HD,66181,QMLE-Quote,2005-6-30,0.194331
HD,66181,QMLE-Quote,2005-7-1,0.16272
HD,66181,QMLE-Quote,2005-7-5,0.214724
HD,66181,QMLE-Quote,2005-7-6,0.173359
HD,66181,QMLE-Quote,2005-7-7,0.220662
HD,66181,QMLE-Quote,2005-7-8,0.170785
HD,66181,QMLE-Quote,2005-7-11,0.178668
HD,66181,QMLE-Quote,2005-7-12,0.176363
HD,66181,QMLE-Quote,2005-7-13,0.172857
HD,66181,QMLE-Quote,2005-7-14,0.163863
HD,66181,QMLE-Quote,2005-7-15,0.154571
HD,66181,QMLE-Quote,2005-7-18,0.19679
HD,66181,QMLE-Quote,2005-7-19,0.203108
HD,66181,QMLE-Quote,2005-7-20,0.167517
HD,66181,QMLE-Quote,2005-7-21,0.235199
HD,66181,QMLE-Quote,2005-7-22,0.18562
HD,66181,QMLE-Quote,2005-7-25,0.204063
HD,66181,QMLE-Quote,2005-7-26,0.178399
HD,66181,QMLE-Quote,2005-7-27,0.175463
HD,66181,QMLE-Quote,2005-7-28,0.204404
HD,66181,QMLE-Quote,2005-7-29,0.163494
HD,66181,QMLE-Quote,2005-8-1,0.164659
HD,66181,QMLE-Quote,2005-8-2,0.161546
HD,66181,QMLE-Quote,2005-8-3,0.195996
HD,66181,QMLE-Quote,2005-8-4,0.184444
HD,66181,QMLE-Quote,2005-8-5,0.202947
HD,66181,QMLE-Quote,2005-8-8,0.203376
HD,66181,QMLE-Quote,2005-8-9,0.171744
HD,66181,QMLE-Quote,2005-8-10,0.227733
HD,66181,QMLE-Quote,2005-8-11,0.282485
HD,66181,QMLE-Quote,2005-8-12,0.196295
HD,66181,QMLE-Quote,2005-8-15,0.282483
HD,66181,QMLE-Quote,2005-8-16,0.256923
HD,66181,QMLE-Quote,2005-8-17,0.159369
HD,66181,QMLE-Quote,2005-8-18,0.150766
HD,66181,QMLE-Quote,2005-8-19,0.131226
HD,66181,QMLE-Quote,2005-8-22,0.168787
HD,66181,QMLE-Quote,2005-8-23,0.158092
HD,66181,QMLE-Quote,2005-8-24,0.162971
HD,66181,QMLE-Quote,2005-8-25,0.143155
HD,66181,QMLE-Quote,2005-8-26,0.158916
HD,66181,QMLE-Quote,2005-8-29,0.145603
HD,66181,QMLE-Quote,2005-8-30,0.228054
HD,66181,QMLE-Quote,2005-8-31,0.242037
HD,66181,QMLE-Quote,2005-9-1,0.213768
HD,66181,QMLE-Quote,2005-9-2,0.162193
HD,66181,QMLE-Quote,2005-9-6,0.15172
HD,66181,QMLE-Quote,2005-9-7,0.155355
HD,66181,QMLE-Quote,2005-9-8,0.174994
HD,66181,QMLE-Quote,2005-9-9,0.125432
HD,66181,QMLE-Quote,2005-9-12,0.151658
HD,66181,QMLE-Quote,2005-9-13,0.178048
HD,66181,QMLE-Quote,2005-9-14,0.136071
HD,66181,QMLE-Quote,2005-9-15,0.165063
HD,66181,QMLE-Quote,2005-9-16,0.161581
HD,66181,QMLE-Quote,2005-9-19,0.164456
HD,66181,QMLE-Quote,2005-9-20,0.181036
HD,66181,QMLE-Quote,2005-9-21,0.260171
HD,66181,QMLE-Quote,2005-9-22,0.351935
HD,66181,QMLE-Quote,2005-9-23,0.248345
HD,66181,QMLE-Quote,2005-9-26,0.180321
HD,66181,QMLE-Quote,2005-9-27,0.194299
HD,66181,QMLE-Quote,2005-9-28,0.200616
HD,66181,QMLE-Quote,2005-9-29,0.313417
HD,66181,QMLE-Quote,2005-9-30,0.198499
HD,66181,QMLE-Quote,2005-10-3,0.180146
HD,66181,QMLE-Quote,2005-10-4,0.191027
HD,66181,QMLE-Quote,2005-10-5,0.241054
HD,66181,QMLE-Quote,2005-10-6,0.308319
HD,66181,QMLE-Quote,2005-10-7,0.22301
HD,66181,QMLE-Quote,2005-10-10,0.195479
HD,66181,QMLE-Quote,2005-10-11,0.205876
HD,66181,QMLE-Quote,2005-10-12,0.267297
HD,66181,QMLE-Quote,2005-10-13,0.251416
HD,66181,QMLE-Quote,2005-10-14,0.218006
HD,66181,QMLE-Quote,2005-10-17,0.158126
HD,66181,QMLE-Quote,2005-10-18,0.136114
HD,66181,QMLE-Quote,2005-10-19,0.330052
HD,66181,QMLE-Quote,2005-10-20,0.248209
HD,66181,QMLE-Quote,2005-10-21,0.220094
HD,66181,QMLE-Quote,2005-10-24,0.209638
HD,66181,QMLE-Quote,2005-10-25,0.220388
HD,66181,QMLE-Quote,2005-10-26,0.213595
HD,66181,QMLE-Quote,2005-10-27,0.187845
HD,66181,QMLE-Quote,2005-10-28,0.244273
HD,66181,QMLE-Quote,2005-10-31,0.231808
HD,66181,QMLE-Quote,2005-11-1,0.172597
HD,66181,QMLE-Quote,2005-11-2,0.116627
HD,66181,QMLE-Quote,2005-11-3,0.204819
HD,66181,QMLE-Quote,2005-11-4,0.180316
HD,66181,QMLE-Quote,2005-11-7,0.188743
HD,66181,QMLE-Quote,2005-11-8,0.15618
HD,66181,QMLE-Quote,2005-11-9,0.137255
HD,66181,QMLE-Quote,2005-11-10,0.20483
HD,66181,QMLE-Quote,2005-11-11,0.13186
HD,66181,QMLE-Quote,2005-11-14,0.204172
HD,66181,QMLE-Quote,2005-11-15,0.268004
HD,66181,QMLE-Quote,2005-11-16,0.236804
HD,66181,QMLE-Quote,2005-11-17,0.159121
HD,66181,QMLE-Quote,2005-11-18,0.225237
HD,66181,QMLE-Quote,2005-11-21,0.129478
HD,66181,QMLE-Quote,2005-11-22,0.131865
HD,66181,QMLE-Quote,2005-11-23,0.125513
HD,66181,QMLE-Quote,2005-11-25,0.121878
HD,66181,QMLE-Quote,2005-11-28,0.17973
HD,66181,QMLE-Quote,2005-11-29,0.175088
HD,66181,QMLE-Quote,2005-11-30,0.15412
HD,66181,QMLE-Quote,2005-12-1,0.181568
HD,66181,QMLE-Quote,2005-12-2,0.156809
HD,66181,QMLE-Quote,2005-12-5,0.146827
HD,66181,QMLE-Quote,2005-12-6,0.141211
HD,66181,QMLE-Quote,2005-12-7,0.168535
HD,66181,QMLE-Quote,2005-12-8,0.188643
HD,66181,QMLE-Quote,2005-12-9,0.145417
HD,66181,QMLE-Quote,2005-12-12,0.128132
HD,66181,QMLE-Quote,2005-12-13,0.160261
HD,66181,QMLE-Quote,2005-12-14,0.174316
HD,66181,QMLE-Quote,2005-12-15,0.198279
HD,66181,QMLE-Quote,2005-12-16,0.137339
HD,66181,QMLE-Quote,2005-12-19,0.173386
HD,66181,QMLE-Quote,2005-12-20,0.167865
HD,66181,QMLE-Quote,2005-12-21,0.142296
HD,66181,QMLE-Quote,2005-12-22,0.110678
HD,66181,QMLE-Quote,2005-12-23,0.113607
HD,66181,QMLE-Quote,2005-12-27,0.15765
HD,66181,QMLE-Quote,2005-12-28,0.12844
HD,66181,QMLE-Quote,2005-12-29,0.114647
HD,66181,QMLE-Quote,2005-12-30,0.157708
HD,66181,QMLE-Quote,2006-1-3,0.235551
HD,66181,QMLE-Quote,2006-1-4,0.194803
HD,66181,QMLE-Quote,2006-1-5,0.190558
HD,66181,QMLE-Quote,2006-1-6,0.126419
HD,66181,QMLE-Quote,2006-1-9,0.212238
HD,66181,QMLE-Quote,2006-1-10,0.256241
HD,66181,QMLE-Quote,2006-1-11,0.189415
HD,66181,QMLE-Quote,2006-1-12,0.157096
HD,66181,QMLE-Quote,2006-1-13,0.201521
HD,66181,QMLE-Quote,2006-1-17,0.139049
HD,66181,QMLE-Quote,2006-1-18,0.20329
HD,66181,QMLE-Quote,2006-1-19,0.189301
HD,66181,QMLE-Quote,2006-1-20,0.243679
HD,66181,QMLE-Quote,2006-1-23,0.200502
HD,66181,QMLE-Quote,2006-1-24,0.107048
HD,66181,QMLE-Quote,2006-1-25,0.209703
HD,66181,QMLE-Quote,2006-1-26,0.13409
HD,66181,QMLE-Quote,2006-1-27,0.202889
HD,66181,QMLE-Quote,2006-1-30,0.153012
HD,66181,QMLE-Quote,2006-1-31,0.20536
HD,66181,QMLE-Quote,2006-2-1,0.165763
HD,66181,QMLE-Quote,2006-2-2,0.180217
HD,66181,QMLE-Quote,2006-2-3,0.182566
HD,66181,QMLE-Quote,2006-2-6,0.175094
HD,66181,QMLE-Quote,2006-2-7,0.211884
HD,66181,QMLE-Quote,2006-2-8,0.14737
HD,66181,QMLE-Quote,2006-2-9,0.181307
HD,66181,QMLE-Quote,2006-2-10,0.169071
HD,66181,QMLE-Quote,2006-2-13,0.189755
HD,66181,QMLE-Quote,2006-2-14,0.223308
HD,66181,QMLE-Quote,2006-2-15,0.239043
HD,66181,QMLE-Quote,2006-2-16,0.226752
HD,66181,QMLE-Quote,2006-2-17,0.209858
HD,66181,QMLE-Quote,2006-2-21,0.275903
HD,66181,QMLE-Quote,2006-2-22,0.154947
HD,66181,QMLE-Quote,2006-2-23,0.206182
HD,66181,QMLE-Quote,2006-2-24,0.224208
HD,66181,QMLE-Quote,2006-2-27,0.184247
HD,66181,QMLE-Quote,2006-2-28,0.168083
HD,66181,QMLE-Quote,2006-3-1,0.216668
HD,66181,QMLE-Quote,2006-3-2,0.175303
HD,66181,QMLE-Quote,2006-3-3,0.168644
HD,66181,QMLE-Quote,2006-3-6,0.154067
HD,66181,QMLE-Quote,2006-3-7,0.180377
HD,66181,QMLE-Quote,2006-3-8,0.166636
HD,66181,QMLE-Quote,2006-3-9,0.155464
HD,66181,QMLE-Quote,2006-3-10,0.216908
HD,66181,QMLE-Quote,2006-3-13,0.200342
HD,66181,QMLE-Quote,2006-3-14,0.200004
HD,66181,QMLE-Quote,2006-3-15,0.170324
HD,66181,QMLE-Quote,2006-3-16,0.138815
HD,66181,QMLE-Quote,2006-3-17,0.104107
HD,66181,QMLE-Quote,2006-3-20,0.124507
HD,66181,QMLE-Quote,2006-3-21,0.131639
HD,66181,QMLE-Quote,2006-3-22,0.147913
HD,66181,QMLE-Quote,2006-3-23,0.213583
HD,66181,QMLE-Quote,2006-3-24,0.182483
HD,66181,QMLE-Quote,2006-3-27,0.154427
HD,66181,QMLE-Quote,2006-3-28,0.16616
HD,66181,QMLE-Quote,2006-3-29,0.13623
HD,66181,QMLE-Quote,2006-3-30,0.172697
HD,66181,QMLE-Quote,2006-3-31,0.115107
HD,66181,QMLE-Quote,2006-4-3,0.130782
HD,66181,QMLE-Quote,2006-4-4,0.160709
HD,66181,QMLE-Quote,2006-4-5,0.149993
HD,66181,QMLE-Quote,2006-4-6,0.144873
HD,66181,QMLE-Quote,2006-4-7,0.192065
HD,66181,QMLE-Quote,2006-4-10,0.160055
HD,66181,QMLE-Quote,2006-4-11,0.182118
HD,66181,QMLE-Quote,2006-4-12,0.161633
HD,66181,QMLE-Quote,2006-4-13,0.181309
HD,66181,QMLE-Quote,2006-4-17,0.16623
HD,66181,QMLE-Quote,2006-4-18,0.215865
HD,66181,QMLE-Quote,2006-4-19,0.212009
HD,66181,QMLE-Quote,2006-4-20,0.216915
HD,66181,QMLE-Quote,2006-4-21,0.156329
HD,66181,QMLE-Quote,2006-4-24,0.179511
HD,66181,QMLE-Quote,2006-4-25,0.201008
HD,66181,QMLE-Quote,2006-4-26,0.153009
HD,66181,QMLE-Quote,2006-4-27,0.211188
HD,66181,QMLE-Quote,2006-4-28,0.182108
HD,66181,QMLE-Quote,2006-5-1,0.187563
HD,66181,QMLE-Quote,2006-5-2,0.158051
HD,66181,QMLE-Quote,2006-5-3,0.139953
HD,66181,QMLE-Quote,2006-5-4,0.136963
HD,66181,QMLE-Quote,2006-5-5,0.171603
HD,66181,QMLE-Quote,2006-5-8,0.152222
HD,66181,QMLE-Quote,2006-5-9,0.0897348
HD,66181,QMLE-Quote,2006-5-10,0.168244
HD,66181,QMLE-Quote,2006-5-11,0.145175
HD,66181,QMLE-Quote,2006-5-12,0.26121
HD,66181,QMLE-Quote,2006-5-15,0.197265
HD,66181,QMLE-Quote,2006-5-16,0.251512
HD,66181,QMLE-Quote,2006-5-17,0.295927
HD,66181,QMLE-Quote,2006-5-18,0.187058
HD,66181,QMLE-Quote,2006-5-19,0.238436
HD,66181,QMLE-Quote,2006-5-22,0.300795
HD,66181,QMLE-Quote,2006-5-23,0.220249
HD,66181,QMLE-Quote,2006-5-24,0.264691
HD,66181,QMLE-Quote,2006-5-25,0.172449
HD,66181,QMLE-Quote,2006-5-26,0.14501
HD,66181,QMLE-Quote,2006-5-30,0.155236
HD,66181,QMLE-Quote,2006-5-31,0.191493
HD,66181,QMLE-Quote,2006-6-1,0.16985
HD,66181,QMLE-Quote,2006-6-2,0.187901
HD,66181,QMLE-Quote,2006-6-5,0.147262
HD,66181,QMLE-Quote,2006-6-6,0.244259
HD,66181,QMLE-Quote,2006-6-7,0.210983
HD,66181,QMLE-Quote,2006-6-8,0.314754
HD,66181,QMLE-Quote,2006-6-9,0.197217
HD,66181,QMLE-Quote,2006-6-12,0.192696
HD,66181,QMLE-Quote,2006-6-13,0.275014
HD,66181,QMLE-Quote,2006-6-14,0.242449
HD,66181,QMLE-Quote,2006-6-15,0.227312
HD,66181,QMLE-Quote,2006-6-16,0.202103
HD,66181,QMLE-Quote,2006-6-19,0.221276
HD,66181,QMLE-Quote,2006-6-20,0.151909
HD,66181,QMLE-Quote,2006-6-21,0.180545
HD,66181,QMLE-Quote,2006-6-22,0.0787775
HD,66181,QMLE-Quote,2006-6-23,0.176555
HD,66181,QMLE-Quote,2006-6-26,0.185153
HD,66181,QMLE-Quote,2006-6-27,0.137236
HD,66181,QMLE-Quote,2006-6-28,0.128732
HD,66181,QMLE-Quote,2006-6-29,0.206189
HD,66181,QMLE-Quote,2006-6-30,0.176397
HD,66181,QMLE-Quote,2006-7-3,0.132412
HD,66181,QMLE-Quote,2006-7-5,0.130872
HD,66181,QMLE-Quote,2006-7-6,0.141456
HD,66181,QMLE-Quote,2006-7-7,0.121433
HD,66181,QMLE-Quote,2006-7-10,0.146433
HD,66181,QMLE-Quote,2006-7-11,0.215849
HD,66181,QMLE-Quote,2006-7-12,0.18824
HD,66181,QMLE-Quote,2006-7-13,0.403105
HD,66181,QMLE-Quote,2006-7-14,0.218499
HD,66181,QMLE-Quote,2006-7-17,0.213526
HD,66181,QMLE-Quote,2006-7-18,0.198316
HD,66181,QMLE-Quote,2006-7-19,0.261573
HD,66181,QMLE-Quote,2006-7-20,0.246077
HD,66181,QMLE-Quote,2006-7-21,0.26314
HD,66181,QMLE-Quote,2006-7-24,0.220765
HD,66181,QMLE-Quote,2006-7-25,0.247987
HD,66181,QMLE-Quote,2006-7-26,0.212303
HD,66181,QMLE-Quote,2006-7-27,0.202929
HD,66181,QMLE-Quote,2006-7-28,0.203618
HD,66181,QMLE-Quote,2006-7-31,0.170951
HD,66181,QMLE-Quote,2006-8-1,0.183251
HD,66181,QMLE-Quote,2006-8-2,0.230841
HD,66181,QMLE-Quote,2006-8-3,0.193949
HD,66181,QMLE-Quote,2006-8-4,0.24678
HD,66181,QMLE-Quote,2006-8-7,0.27164
HD,66181,QMLE-Quote,2006-8-8,0.26945
HD,66181,QMLE-Quote,2006-8-9,0.17325
HD,66181,QMLE-Quote,2006-8-10,0.184882
HD,66181,QMLE-Quote,2006-8-11,0.173858
HD,66181,QMLE-Quote,2006-8-14,0.198227
HD,66181,QMLE-Quote,2006-8-15,0.305631
HD,66181,QMLE-Quote,2006-8-16,0.162082
HD,66181,QMLE-Quote,2006-8-17,0.200609
HD,66181,QMLE-Quote,2006-8-18,0.168036
HD,66181,QMLE-Quote,2006-8-21,0.140694
HD,66181,QMLE-Quote,2006-8-22,0.137683
HD,66181,QMLE-Quote,2006-8-23,0.167136
HD,66181,QMLE-Quote,2006-8-24,0.161117
HD,66181,QMLE-Quote,2006-8-25,0.164267
HD,66181,QMLE-Quote,2006-8-28,0.159274
HD,66181,QMLE-Quote,2006-8-29,0.174897
HD,66181,QMLE-Quote,2006-8-30,0.175639
HD,66181,QMLE-Quote,2006-8-31,0.132334
HD,66181,QMLE-Quote,2006-9-1,0.146726
HD,66181,QMLE-Quote,2006-9-5,0.158682
HD,66181,QMLE-Quote,2006-9-6,0.168995
HD,66181,QMLE-Quote,2006-9-7,0.194497
HD,66181,QMLE-Quote,2006-9-8,0.158568
HD,66181,QMLE-Quote,2006-9-11,0.196546
HD,66181,QMLE-Quote,2006-9-12,0.227578
HD,66181,QMLE-Quote,2006-9-13,0.277723
HD,66181,QMLE-Quote,2006-9-14,0.147432
HD,66181,QMLE-Quote,2006-9-15,0.277212
HD,66181,QMLE-Quote,2006-9-18,0.186535
HD,66181,QMLE-Quote,2006-9-19,0.192151
HD,66181,QMLE-Quote,2006-9-20,0.212497
HD,66181,QMLE-Quote,2006-9-21,0.222762
HD,66181,QMLE-Quote,2006-9-22,0.207184
HD,66181,QMLE-Quote,2006-9-25,0.24048
HD,66181,QMLE-Quote,2006-9-26,0.253375
HD,66181,QMLE-Quote,2006-9-27,0.266501
HD,66181,QMLE-Quote,2006-9-28,0.214543
HD,66181,QMLE-Quote,2006-9-29,0.189441
HD,66181,QMLE-Quote,2006-10-2,0.186489
HD,66181,QMLE-Quote,2006-10-3,0.212835
HD,66181,QMLE-Quote,2006-10-4,0.183118
HD,66181,QMLE-Quote,2006-10-5,0.206151
HD,66181,QMLE-Quote,2006-10-6,0.186374
HD,66181,QMLE-Quote,2006-10-9,0.167036
HD,66181,QMLE-Quote,2006-10-10,0.180292
HD,66181,QMLE-Quote,2006-10-11,0.19557
HD,66181,QMLE-Quote,2006-10-12,0.139295
HD,66181,QMLE-Quote,2006-10-13,0.231826
HD,66181,QMLE-Quote,2006-10-16,0.142458
HD,66181,QMLE-Quote,2006-10-17,0.147386
HD,66181,QMLE-Quote,2006-10-18,0.177918
HD,66181,QMLE-Quote,2006-10-19,0.185253
HD,66181,QMLE-Quote,2006-10-20,0.165072
HD,66181,QMLE-Quote,2006-10-23,0.171283
HD,66181,QMLE-Quote,2006-10-24,0.151277
HD,66181,QMLE-Quote,2006-10-25,0.188734
HD,66181,QMLE-Quote,2006-10-26,0.193468
HD,66181,QMLE-Quote,2006-10-27,0.16551
HD,66181,QMLE-Quote,2006-10-30,0.163813
HD,66181,QMLE-Quote,2006-10-31,0.188308
HD,66181,QMLE-Quote,2006-11-1,0.140879
HD,66181,QMLE-Quote,2006-11-2,0.190363
HD,66181,QMLE-Quote,2006-11-3,0.189442
HD,66181,QMLE-Quote,2006-11-6,0.163606
HD,66181,QMLE-Quote,2006-11-7,0.170218
HD,66181,QMLE-Quote,2006-11-8,0.151943
HD,66181,QMLE-Quote,2006-11-9,0.144243
HD,66181,QMLE-Quote,2006-11-10,0.132058
HD,66181,QMLE-Quote,2006-11-13,0.195443
HD,66181,QMLE-Quote,2006-11-14,0.354598
HD,66181,QMLE-Quote,2006-11-15,0.29389
HD,66181,QMLE-Quote,2006-11-16,0.190998
HD,66181,QMLE-Quote,2006-11-17,0.138062
HD,66181,QMLE-Quote,2006-11-20,0.213228
HD,66181,QMLE-Quote,2006-11-21,0.193018
HD,66181,QMLE-Quote,2006-11-22,0.138362
HD,66181,QMLE-Quote,2006-11-24,0.171904
HD,66181,QMLE-Quote,2006-11-27,0.217309
HD,66181,QMLE-Quote,2006-11-28,0.16858
HD,66181,QMLE-Quote,2006-11-29,0.237319
HD,66181,QMLE-Quote,2006-11-30,0.207066
HD,66181,QMLE-Quote,2006-12-1,0.403659
HD,66181,QMLE-Quote,2006-12-4,0.238616
HD,66181,QMLE-Quote,2006-12-5,0.176288
HD,66181,QMLE-Quote,2006-12-6,0.154846
HD,66181,QMLE-Quote,2006-12-7,0.205531
HD,66181,QMLE-Quote,2006-12-8,0.214744
HD,66181,QMLE-Quote,2006-12-11,0.180738
HD,66181,QMLE-Quote,2006-12-12,0.172712
HD,66181,QMLE-Quote,2006-12-13,0.197491
HD,66181,QMLE-Quote,2006-12-14,0.265634
HD,66181,QMLE-Quote,2006-12-15,0.169415
HD,66181,QMLE-Quote,2006-12-18,0.179552
HD,66181,QMLE-Quote,2006-12-19,0.178399
HD,66181,QMLE-Quote,2006-12-20,0.119122
HD,66181,QMLE-Quote,2006-12-21,0.158075
HD,66181,QMLE-Quote,2006-12-22,0.119263
HD,66181,QMLE-Quote,2006-12-26,0.144015
HD,66181,QMLE-Quote,2006-12-27,0.126322
HD,66181,QMLE-Quote,2006-12-28,0.116648
HD,66181,QMLE-Quote,2006-12-29,0.105263
HD,66181,QMLE-Quote,2007-1-3,0.193762
HD,66181,QMLE-Quote,2007-1-4,0.195945
HD,66181,QMLE-Quote,2007-1-5,0.16893
HD,66181,QMLE-Quote,2007-1-8,0.174412
HD,66181,QMLE-Quote,2007-1-9,0.188046
HD,66181,QMLE-Quote,2007-1-10,0.179517
HD,66181,QMLE-Quote,2007-1-11,0.18384
HD,66181,QMLE-Quote,2007-1-12,0.154443
HD,66181,QMLE-Quote,2007-1-16,0.143761
HD,66181,QMLE-Quote,2007-1-17,0.12815
HD,66181,QMLE-Quote,2007-1-18,0.112342
HD,66181,QMLE-Quote,2007-1-19,0.177545
HD,66181,QMLE-Quote,2007-1-22,0.144814
HD,66181,QMLE-Quote,2007-1-23,0.185005
HD,66181,QMLE-Quote,2007-1-24,0.126403
HD,66181,QMLE-Quote,2007-1-25,0.143754
HD,66181,QMLE-Quote,2007-1-26,0.161266
HD,66181,QMLE-Quote,2007-1-29,0.138297
HD,66181,QMLE-Quote,2007-1-30,0.141509
HD,66181,QMLE-Quote,2007-1-31,0.146182
HD,66181,QMLE-Quote,2007-2-1,0.173568
HD,66181,QMLE-Quote,2007-2-2,0.135917
HD,66181,QMLE-Quote,2007-2-5,0.158459
HD,66181,QMLE-Quote,2007-2-6,0.129043
HD,66181,QMLE-Quote,2007-2-7,0.125684
HD,66181,QMLE-Quote,2007-2-8,0.120532
HD,66181,QMLE-Quote,2007-2-9,0.144514
HD,66181,QMLE-Quote,2007-2-12,0.146833
HD,66181,QMLE-Quote,2007-2-13,0.123575
HD,66181,QMLE-Quote,2007-2-14,0.17913
HD,66181,QMLE-Quote,2007-2-15,0.113502
HD,66181,QMLE-Quote,2007-2-16,0.142188
HD,66181,QMLE-Quote,2007-2-20,0.264054
HD,66181,QMLE-Quote,2007-2-21,0.188614
HD,66181,QMLE-Quote,2007-2-22,0.125055
HD,66181,QMLE-Quote,2007-2-23,0.144751
HD,66181,QMLE-Quote,2007-2-26,0.153212
HD,66181,QMLE-Quote,2007-2-27,0.222552
HD,66181,QMLE-Quote,2007-2-28,0.231827
HD,66181,QMLE-Quote,2007-3-1,0.270824
HD,66181,QMLE-Quote,2007-3-2,0.162034
HD,66181,QMLE-Quote,2007-3-5,0.226193
HD,66181,QMLE-Quote,2007-3-6,0.24218
HD,66181,QMLE-Quote,2007-3-7,0.136912
HD,66181,QMLE-Quote,2007-3-8,0.129779
HD,66181,QMLE-Quote,2007-3-9,0.140731
HD,66181,QMLE-Quote,2007-3-12,0.145988
HD,66181,QMLE-Quote,2007-3-13,0.194923
HD,66181,QMLE-Quote,2007-3-14,0.284498
HD,66181,QMLE-Quote,2007-3-15,0.189893
HD,66181,QMLE-Quote,2007-3-16,0.197441
HD,66181,QMLE-Quote,2007-3-19,0.162818
HD,66181,QMLE-Quote,2007-3-20,0.129202
HD,66181,QMLE-Quote,2007-3-21,0.176592
HD,66181,QMLE-Quote,2007-3-22,0.186525
HD,66181,QMLE-Quote,2007-3-23,0.129932
HD,66181,QMLE-Quote,2007-3-26,0.175913
HD,66181,QMLE-Quote,2007-3-27,0.141811
HD,66181,QMLE-Quote,2007-3-28,0.189764
HD,66181,QMLE-Quote,2007-3-29,0.171195
HD,66181,QMLE-Quote,2007-3-30,0.186768
HD,66181,QMLE-Quote,2007-4-2,0.133244
HD,66181,QMLE-Quote,2007-4-3,0.171923
HD,66181,QMLE-Quote,2007-4-4,0.116446
HD,66181,QMLE-Quote,2007-4-5,0.10572
HD,66181,QMLE-Quote,2007-4-9,0.100212
HD,66181,QMLE-Quote,2007-4-10,0.148036
HD,66181,QMLE-Quote,2007-4-11,0.144593
HD,66181,QMLE-Quote,2007-4-12,0.117677
HD,66181,QMLE-Quote,2007-4-13,0.13964
HD,66181,QMLE-Quote,2007-4-16,0.14975
HD,66181,QMLE-Quote,2007-4-17,0.189065
HD,66181,QMLE-Quote,2007-4-18,0.173923
HD,66181,QMLE-Quote,2007-4-19,0.176554
HD,66181,QMLE-Quote,2007-4-20,0.169276
HD,66181,QMLE-Quote,2007-4-23,0.135833
HD,66181,QMLE-Quote,2007-4-24,0.17892
HD,66181,QMLE-Quote,2007-4-25,0.153038
HD,66181,QMLE-Quote,2007-4-26,0.155687
HD,66181,QMLE-Quote,2007-4-27,0.171117
HD,66181,QMLE-Quote,2007-4-30,0.125332
HD,66181,QMLE-Quote,2007-5-1,0.166783
HD,66181,QMLE-Quote,2007-5-2,0.19559
HD,66181,QMLE-Quote,2007-5-3,0.178895
HD,66181,QMLE-Quote,2007-5-4,0.15103
HD,66181,QMLE-Quote,2007-5-7,0.107936
HD,66181,QMLE-Quote,2007-5-8,0.11271
HD,66181,QMLE-Quote,2007-5-9,0.20306
HD,66181,QMLE-Quote,2007-5-10,0.265956
HD,66181,QMLE-Quote,2007-5-11,0.184592
HD,66181,QMLE-Quote,2007-5-14,0.157359
HD,66181,QMLE-Quote,2007-5-15,0.320531
HD,66181,QMLE-Quote,2007-5-16,0.207321
HD,66181,QMLE-Quote,2007-5-17,0.129053
HD,66181,QMLE-Quote,2007-5-18,0.131921
HD,66181,QMLE-Quote,2007-5-21,0.174154
HD,66181,QMLE-Quote,2007-5-22,0.144852
HD,66181,QMLE-Quote,2007-5-23,0.172787
HD,66181,QMLE-Quote,2007-5-24,0.216053
HD,66181,QMLE-Quote,2007-5-25,0.13725
HD,66181,QMLE-Quote,2007-5-29,0.16012
HD,66181,QMLE-Quote,2007-5-30,0.17517
HD,66181,QMLE-Quote,2007-5-31,0.121827
HD,66181,QMLE-Quote,2007-6-1,0.185715
HD,66181,QMLE-Quote,2007-6-4,0.156941
HD,66181,QMLE-Quote,2007-6-5,0.175966
HD,66181,QMLE-Quote,2007-6-6,0.129759
HD,66181,QMLE-Quote,2007-6-7,0.199624
HD,66181,QMLE-Quote,2007-6-8,0.144792
HD,66181,QMLE-Quote,2007-6-11,0.0826113
HD,66181,QMLE-Quote,2007-6-12,0.149789
HD,66181,QMLE-Quote,2007-6-13,0.156128
HD,66181,QMLE-Quote,2007-6-14,0.148441
HD,66181,QMLE-Quote,2007-6-15,0.168816
HD,66181,QMLE-Quote,2007-6-18,0.145845
HD,66181,QMLE-Quote,2007-6-19,0.18361
HD,66181,QMLE-Quote,2007-6-20,0.222543
HD,66181,QMLE-Quote,2007-6-21,0.186713
HD,66181,QMLE-Quote,2007-6-22,0.15896
HD,66181,QMLE-Quote,2007-6-25,0.174588
HD,66181,QMLE-Quote,2007-6-26,0.161961
HD,66181,QMLE-Quote,2007-6-27,0.176128
HD,66181,QMLE-Quote,2007-6-28,0.1539
HD,66181,QMLE-Quote,2007-6-29,0.19214
HD,66181,QMLE-Quote,2007-7-2,0.137304
HD,66181,QMLE-Quote,2007-7-3,0.162416
HD,66181,QMLE-Quote,2007-7-5,0.158462
HD,66181,QMLE-Quote,2007-7-6,0.148295
HD,66181,QMLE-Quote,2007-7-9,0.181708
HD,66181,QMLE-Quote,2007-7-10,0.213952
HD,66181,QMLE-Quote,2007-7-11,0.142059
HD,66181,QMLE-Quote,2007-7-12,0.17591
HD,66181,QMLE-Quote,2007-7-13,0.136196
HD,66181,QMLE-Quote,2007-7-16,0.0836262
HD,66181,QMLE-Quote,2007-7-17,0.112389
HD,66181,QMLE-Quote,2007-7-18,0.173535
HD,66181,QMLE-Quote,2007-7-19,0.142994
HD,66181,QMLE-Quote,2007-7-20,0.15916
HD,66181,QMLE-Quote,2007-7-23,0.133831
HD,66181,QMLE-Quote,2007-7-24,0.21761
HD,66181,QMLE-Quote,2007-7-25,0.24147
HD,66181,QMLE-Quote,2007-7-26,0.319949
HD,66181,QMLE-Quote,2007-7-27,0.278116
HD,66181,QMLE-Quote,2007-7-30,0.245421
HD,66181,QMLE-Quote,2007-7-31,0.250717
HD,66181,QMLE-Quote,2007-8-1,0.343577
HD,66181,QMLE-Quote,2007-8-2,0.270788
HD,66181,QMLE-Quote,2007-8-3,0.287507
HD,66181,QMLE-Quote,2007-8-6,0.339596
HD,66181,QMLE-Quote,2007-8-7,0.342008
HD,66181,QMLE-Quote,2007-8-8,0.339294
HD,66181,QMLE-Quote,2007-8-9,0.471337
HD,66181,QMLE-Quote,2007-8-10,0.38757
HD,66181,QMLE-Quote,2007-8-13,0.266739
HD,66181,QMLE-Quote,2007-8-14,0.408498
HD,66181,QMLE-Quote,2007-8-15,0.441913
HD,66181,QMLE-Quote,2007-8-16,0.492259
HD,66181,QMLE-Quote,2007-8-17,0.406655
HD,66181,QMLE-Quote,2007-8-20,0.286479
HD,66181,QMLE-Quote,2007-8-21,0.228529
HD,66181,QMLE-Quote,2007-8-22,0.236877
HD,66181,QMLE-Quote,2007-8-23,0.231194
HD,66181,QMLE-Quote,2007-8-24,0.267791
HD,66181,QMLE-Quote,2007-8-27,0.211381
HD,66181,QMLE-Quote,2007-8-28,0.201612
HD,66181,QMLE-Quote,2007-8-29,0.259243
HD,66181,QMLE-Quote,2007-8-30,0.156876
HD,66181,QMLE-Quote,2007-8-31,0.251382
HD,66181,QMLE-Quote,2007-9-4,0.276771
HD,66181,QMLE-Quote,2007-9-5,0.38254
HD,66181,QMLE-Quote,2007-9-6,0.279746
HD,66181,QMLE-Quote,2007-9-7,0.281623
HD,66181,QMLE-Quote,2007-9-10,0.264025
HD,66181,QMLE-Quote,2007-9-11,0.186317
HD,66181,QMLE-Quote,2007-9-12,0.251215
HD,66181,QMLE-Quote,2007-9-13,0.236311
HD,66181,QMLE-Quote,2007-9-14,0.258749
HD,66181,QMLE-Quote,2007-9-17,0.191546
HD,66181,QMLE-Quote,2007-9-18,0.293297
HD,66181,QMLE-Quote,2007-9-19,0.223892
HD,66181,QMLE-Quote,2007-9-20,0.238502
HD,66181,QMLE-Quote,2007-9-21,0.196189
HD,66181,QMLE-Quote,2007-9-24,0.248373
HD,66181,QMLE-Quote,2007-9-25,0.205392
HD,66181,QMLE-Quote,2007-9-26,0.207994
HD,66181,QMLE-Quote,2007-9-27,0.154672
HD,66181,QMLE-Quote,2007-9-28,0.138027
HD,66181,QMLE-Quote,2007-10-1,0.221613
HD,66181,QMLE-Quote,2007-10-2,0.179084
HD,66181,QMLE-Quote,2007-10-3,0.234887
HD,66181,QMLE-Quote,2007-10-4,0.203903
HD,66181,QMLE-Quote,2007-10-5,0.260833
HD,66181,QMLE-Quote,2007-10-8,0.151149
HD,66181,QMLE-Quote,2007-10-9,0.201747
HD,66181,QMLE-Quote,2007-10-10,0.210783
HD,66181,QMLE-Quote,2007-10-11,0.287109
HD,66181,QMLE-Quote,2007-10-12,0.191206
HD,66181,QMLE-Quote,2007-10-15,0.196465
HD,66181,QMLE-Quote,2007-10-16,0.169824
HD,66181,QMLE-Quote,2007-10-17,0.246975
HD,66181,QMLE-Quote,2007-10-18,0.23176
HD,66181,QMLE-Quote,2007-10-19,0.288567
HD,66181,QMLE-Quote,2007-10-22,0.331806
HD,66181,QMLE-Quote,2007-10-23,0.285175
HD,66181,QMLE-Quote,2007-10-24,0.329614
HD,66181,QMLE-Quote,2007-10-25,0.380344
HD,66181,QMLE-Quote,2007-10-26,0.292802
HD,66181,QMLE-Quote,2007-10-29,0.305427
HD,66181,QMLE-Quote,2007-10-30,0.20766
HD,66181,QMLE-Quote,2007-10-31,0.326312
HD,66181,QMLE-Quote,2007-11-1,0.281068
HD,66181,QMLE-Quote,2007-11-2,0.359924
HD,66181,QMLE-Quote,2007-11-5,0.224729
HD,66181,QMLE-Quote,2007-11-6,0.223481
HD,66181,QMLE-Quote,2007-11-7,0.297709
HD,66181,QMLE-Quote,2007-11-8,0.483382
HD,66181,QMLE-Quote,2007-11-9,0.405586
HD,66181,QMLE-Quote,2007-11-12,0.437692
HD,66181,QMLE-Quote,2007-11-13,0.511972
HD,66181,QMLE-Quote,2007-11-14,0.332937
HD,66181,QMLE-Quote,2007-11-15,0.338502
HD,66181,QMLE-Quote,2007-11-16,0.344261
HD,66181,QMLE-Quote,2007-11-19,0.272639
HD,66181,QMLE-Quote,2007-11-20,0.322744
HD,66181,QMLE-Quote,2007-11-21,0.317344
HD,66181,QMLE-Quote,2007-11-23,0.31216
HD,66181,QMLE-Quote,2007-11-26,0.285373
HD,66181,QMLE-Quote,2007-11-27,0.30331
HD,66181,QMLE-Quote,2007-11-28,0.356222
HD,66181,QMLE-Quote,2007-11-29,0.314094
HD,66181,QMLE-Quote,2007-11-30,0.32854
HD,66181,QMLE-Quote,2007-12-3,0.259497
HD,66181,QMLE-Quote,2007-12-4,0.269688
HD,66181,QMLE-Quote,2007-12-5,0.277218
HD,66181,QMLE-Quote,2007-12-6,0.276136
HD,66181,QMLE-Quote,2007-12-7,0.222802
HD,66181,QMLE-Quote,2007-12-10,0.464889
HD,66181,QMLE-Quote,2007-12-11,0.295152
HD,66181,QMLE-Quote,2007-12-12,0.347265
HD,66181,QMLE-Quote,2007-12-13,0.321295
HD,66181,QMLE-Quote,2007-12-14,0.269797
HD,66181,QMLE-Quote,2007-12-17,0.278058
HD,66181,QMLE-Quote,2007-12-18,0.305471
HD,66181,QMLE-Quote,2007-12-19,0.282775
HD,66181,QMLE-Quote,2007-12-20,0.235951
HD,66181,QMLE-Quote,2007-12-21,0.23001
HD,66181,QMLE-Quote,2007-12-24,0.275934
HD,66181,QMLE-Quote,2007-12-26,0.233372
HD,66181,QMLE-Quote,2007-12-27,0.208136
HD,66181,QMLE-Quote,2007-12-28,0.278736
HD,66181,QMLE-Quote,2007-12-31,0.287045
HD,66181,QMLE-Quote,2008-1-2,0.32459
HD,66181,QMLE-Quote,2008-1-3,0.303327
HD,66181,QMLE-Quote,2008-1-4,0.298536
HD,66181,QMLE-Quote,2008-1-7,0.32091
HD,66181,QMLE-Quote,2008-1-8,0.355161
HD,66181,QMLE-Quote,2008-1-9,0.423723
HD,66181,QMLE-Quote,2008-1-10,0.502745
HD,66181,QMLE-Quote,2008-1-11,0.403705
HD,66181,QMLE-Quote,2008-1-14,0.370012
HD,66181,QMLE-Quote,2008-1-15,0.324091
HD,66181,QMLE-Quote,2008-1-16,0.469757
HD,66181,QMLE-Quote,2008-1-17,0.54334
HD,66181,QMLE-Quote,2008-1-18,0.595116
HD,66181,QMLE-Quote,2008-1-22,0.956623
HD,66181,QMLE-Quote,2008-1-23,0.811462
HD,66181,QMLE-Quote,2008-1-24,0.518049
HD,66181,QMLE-Quote,2008-1-25,0.481323
HD,66181,QMLE-Quote,2008-1-28,0.501131
HD,66181,QMLE-Quote,2008-1-29,0.50779
HD,66181,QMLE-Quote,2008-1-30,0.484732
HD,66181,QMLE-Quote,2008-1-31,0.626522
HD,66181,QMLE-Quote,2008-2-1,0.460588
HD,66181,QMLE-Quote,2008-2-4,0.376054
HD,66181,QMLE-Quote,2008-2-5,0.439885
HD,66181,QMLE-Quote,2008-2-6,0.411431
HD,66181,QMLE-Quote,2008-2-7,0.629919
HD,66181,QMLE-Quote,2008-2-8,0.517867
HD,66181,QMLE-Quote,2008-2-11,0.475286
HD,66181,QMLE-Quote,2008-2-12,0.405867
HD,66181,QMLE-Quote,2008-2-13,0.341528
HD,66181,QMLE-Quote,2008-2-14,0.355868
HD,66181,QMLE-Quote,2008-2-15,0.37139
HD,66181,QMLE-Quote,2008-2-19,0.366729
HD,66181,QMLE-Quote,2008-2-20,0.509449
HD,66181,QMLE-Quote,2008-2-21,0.432281
HD,66181,QMLE-Quote,2008-2-22,0.408197
HD,66181,QMLE-Quote,2008-2-25,0.570149
HD,66181,QMLE-Quote,2008-2-26,0.53448
HD,66181,QMLE-Quote,2008-2-27,0.321009
HD,66181,QMLE-Quote,2008-2-28,0.288258
HD,66181,QMLE-Quote,2008-2-29,0.294493
HD,66181,QMLE-Quote,2008-3-3,0.385176
HD,66181,QMLE-Quote,2008-3-4,0.390334
HD,66181,QMLE-Quote,2008-3-5,0.427228
HD,66181,QMLE-Quote,2008-3-6,0.282852
HD,66181,QMLE-Quote,2008-3-7,0.47968
HD,66181,QMLE-Quote,2008-3-10,0.40218
HD,66181,QMLE-Quote,2008-3-11,0.405163
HD,66181,QMLE-Quote,2008-3-12,0.403296
HD,66181,QMLE-Quote,2008-3-13,0.554867
HD,66181,QMLE-Quote,2008-3-14,0.745413
HD,66181,QMLE-Quote,2008-3-17,0.571876
HD,66181,QMLE-Quote,2008-3-18,0.466392
HD,66181,QMLE-Quote,2008-3-19,0.537794
HD,66181,QMLE-Quote,2008-3-20,0.412004
HD,66181,QMLE-Quote,2008-3-24,0.422248
HD,66181,QMLE-Quote,2008-3-25,0.387747
HD,66181,QMLE-Quote,2008-3-26,0.328027
HD,66181,QMLE-Quote,2008-3-27,0.388349
HD,66181,QMLE-Quote,2008-3-28,0.308045
HD,66181,QMLE-Quote,2008-3-31,0.318463
HD,66181,QMLE-Quote,2008-4-1,0.311262
HD,66181,QMLE-Quote,2008-4-2,0.30889
HD,66181,QMLE-Quote,2008-4-3,0.298244
HD,66181,QMLE-Quote,2008-4-4,0.342676
HD,66181,QMLE-Quote,2008-4-7,0.260015
HD,66181,QMLE-Quote,2008-4-8,0.195915
HD,66181,QMLE-Quote,2008-4-9,0.231815
HD,66181,QMLE-Quote,2008-4-10,0.292589
HD,66181,QMLE-Quote,2008-4-11,0.281874
HD,66181,QMLE-Quote,2008-4-14,0.267338
HD,66181,QMLE-Quote,2008-4-15,0.251835
HD,66181,QMLE-Quote,2008-4-16,0.269193
HD,66181,QMLE-Quote,2008-4-17,0.237578
HD,66181,QMLE-Quote,2008-4-18,0.331319
HD,66181,QMLE-Quote,2008-4-21,0.233123
HD,66181,QMLE-Quote,2008-4-22,0.312548
HD,66181,QMLE-Quote,2008-4-23,0.247577
HD,66181,QMLE-Quote,2008-4-24,0.361083
HD,66181,QMLE-Quote,2008-4-25,0.244855
HD,66181,QMLE-Quote,2008-4-28,0.215326
HD,66181,QMLE-Quote,2008-4-29,0.226749
HD,66181,QMLE-Quote,2008-4-30,0.346526
HD,66181,QMLE-Quote,2008-5-1,0.347748
HD,66181,QMLE-Quote,2008-5-2,0.284233
HD,66181,QMLE-Quote,2008-5-5,0.25882
HD,66181,QMLE-Quote,2008-5-6,0.274292
HD,66181,QMLE-Quote,2008-5-7,0.33505
HD,66181,QMLE-Quote,2008-5-8,0.299313
HD,66181,QMLE-Quote,2008-5-9,0.282776
HD,66181,QMLE-Quote,2008-5-12,0.278856
HD,66181,QMLE-Quote,2008-5-13,0.317099
HD,66181,QMLE-Quote,2008-5-14,0.294258
HD,66181,QMLE-Quote,2008-5-15,0.318416
HD,66181,QMLE-Quote,2008-5-16,0.396312
HD,66181,QMLE-Quote,2008-5-19,0.340513
HD,66181,QMLE-Quote,2008-5-20,0.392351
HD,66181,QMLE-Quote,2008-5-21,0.334428
HD,66181,QMLE-Quote,2008-5-22,0.257702
HD,66181,QMLE-Quote,2008-5-23,0.339353
HD,66181,QMLE-Quote,2008-5-27,0.31291
HD,66181,QMLE-Quote,2008-5-28,0.315585
HD,66181,QMLE-Quote,2008-5-29,0.38051
HD,66181,QMLE-Quote,2008-5-30,0.228757
HD,66181,QMLE-Quote,2008-6-2,0.215912
HD,66181,QMLE-Quote,2008-6-3,0.290003
HD,66181,QMLE-Quote,2008-6-4,0.332952
HD,66181,QMLE-Quote,2008-6-5,0.268272
HD,66181,QMLE-Quote,2008-6-6,0.275385
HD,66181,QMLE-Quote,2008-6-9,0.341691
HD,66181,QMLE-Quote,2008-6-10,0.326572
HD,66181,QMLE-Quote,2008-6-11,0.348136
HD,66181,QMLE-Quote,2008-6-12,0.297324
HD,66181,QMLE-Quote,2008-6-13,0.280237
HD,66181,QMLE-Quote,2008-6-16,0.220763
HD,66181,QMLE-Quote,2008-6-17,0.250579
HD,66181,QMLE-Quote,2008-6-18,0.239828
HD,66181,QMLE-Quote,2008-6-19,0.295002
HD,66181,QMLE-Quote,2008-6-20,0.295578
HD,66181,QMLE-Quote,2008-6-23,0.272556
HD,66181,QMLE-Quote,2008-6-24,0.311827
HD,66181,QMLE-Quote,2008-6-25,0.373655
HD,66181,QMLE-Quote,2008-6-26,0.264325
HD,66181,QMLE-Quote,2008-6-27,0.315558
HD,66181,QMLE-Quote,2008-6-30,0.350481
HD,66181,QMLE-Quote,2008-7-1,0.399393
HD,66181,QMLE-Quote,2008-7-2,0.329767
HD,66181,QMLE-Quote,2008-7-3,0.546671
HD,66181,QMLE-Quote,2008-7-7,0.454584
HD,66181,QMLE-Quote,2008-7-8,0.481813
HD,66181,QMLE-Quote,2008-7-9,0.404348
HD,66181,QMLE-Quote,2008-7-10,0.42848
HD,66181,QMLE-Quote,2008-7-11,0.563621
HD,66181,QMLE-Quote,2008-7-14,0.44566
HD,66181,QMLE-Quote,2008-7-15,0.516556
HD,66181,QMLE-Quote,2008-7-16,0.462265
HD,66181,QMLE-Quote,2008-7-17,0.519045
HD,66181,QMLE-Quote,2008-7-18,0.443569
HD,66181,QMLE-Quote,2008-7-21,0.447018
HD,66181,QMLE-Quote,2008-7-22,0.424961
HD,66181,QMLE-Quote,2008-7-23,0.565263
HD,66181,QMLE-Quote,2008-7-24,0.530471
HD,66181,QMLE-Quote,2008-7-25,0.620087
HD,66181,QMLE-Quote,2008-7-28,0.450614
HD,66181,QMLE-Quote,2008-7-29,0.431644
HD,66181,QMLE-Quote,2008-7-30,0.535786
HD,66181,QMLE-Quote,2008-7-31,0.442024
HD,66181,QMLE-Quote,2008-8-1,0.521402
HD,66181,QMLE-Quote,2008-8-4,0.497759
HD,66181,QMLE-Quote,2008-8-5,0.395695
HD,66181,QMLE-Quote,2008-8-6,0.482943
HD,66181,QMLE-Quote,2008-8-7,0.445535
HD,66181,QMLE-Quote,2008-8-8,0.49867
HD,66181,QMLE-Quote,2008-8-11,0.503463
HD,66181,QMLE-Quote,2008-8-12,0.407212
HD,66181,QMLE-Quote,2008-8-13,0.40689
HD,66181,QMLE-Quote,2008-8-14,0.48736
HD,66181,QMLE-Quote,2008-8-15,0.352826
HD,66181,QMLE-Quote,2008-8-18,0.519065
HD,66181,QMLE-Quote,2008-8-19,0.4669
HD,66181,QMLE-Quote,2008-8-20,0.428586
HD,66181,QMLE-Quote,2008-8-21,0.387485
HD,66181,QMLE-Quote,2008-8-22,0.264392
HD,66181,QMLE-Quote,2008-8-25,0.296391
HD,66181,QMLE-Quote,2008-8-26,0.319438
HD,66181,QMLE-Quote,2008-8-27,0.248765
HD,66181,QMLE-Quote,2008-8-28,0.231053
HD,66181,QMLE-Quote,2008-8-29,0.252863
HD,66181,QMLE-Quote,2008-9-2,0.375594
HD,66181,QMLE-Quote,2008-9-3,0.370342
HD,66181,QMLE-Quote,2008-9-4,0.331592
HD,66181,QMLE-Quote,2008-9-5,0.304457
HD,66181,QMLE-Quote,2008-9-8,0.460838
HD,66181,QMLE-Quote,2008-9-9,0.477559
HD,66181,QMLE-Quote,2008-9-10,0.424066
HD,66181,QMLE-Quote,2008-9-11,0.433658
HD,66181,QMLE-Quote,2008-9-12,0.38196
HD,66181,QMLE-Quote,2008-9-15,0.538435
HD,66181,QMLE-Quote,2008-9-16,0.46402
HD,66181,QMLE-Quote,2008-9-17,0.555455
HD,66181,QMLE-Quote,2008-9-18,0.832665
HD,66181,QMLE-Quote,2008-9-19,1.01092
HD,66181,QMLE-Quote,2008-9-22,0.489026
HD,66181,QMLE-Quote,2008-9-23,0.462416
HD,66181,QMLE-Quote,2008-9-24,0.473072
HD,66181,QMLE-Quote,2008-9-25,0.466527
HD,66181,QMLE-Quote,2008-9-26,0.474303
HD,66181,QMLE-Quote,2008-9-29,0.816936
HD,66181,QMLE-Quote,2008-9-30,0.471769
HD,66181,QMLE-Quote,2008-10-1,0.485325
HD,66181,QMLE-Quote,2008-10-2,0.420457
HD,66181,QMLE-Quote,2008-10-3,0.610607
HD,66181,QMLE-Quote,2008-10-6,0.748057
HD,66181,QMLE-Quote,2008-10-7,0.872812
HD,66181,QMLE-Quote,2008-10-8,1.11694
HD,66181,QMLE-Quote,2008-10-9,0.869891
HD,66181,QMLE-Quote,2008-10-10,2.10088
HD,66181,QMLE-Quote,2008-10-13,0.820626
HD,66181,QMLE-Quote,2008-10-14,0.9951
HD,66181,QMLE-Quote,2008-10-15,0.695764
HD,66181,QMLE-Quote,2008-10-16,1.3195
HD,66181,QMLE-Quote,2008-10-17,0.817314
HD,66181,QMLE-Quote,2008-10-20,0.607551
HD,66181,QMLE-Quote,2008-10-21,0.688077
HD,66181,QMLE-Quote,2008-10-22,0.703394
HD,66181,QMLE-Quote,2008-10-23,0.977039
HD,66181,QMLE-Quote,2008-10-24,1.01741
HD,66181,QMLE-Quote,2008-10-27,0.812779
HD,66181,QMLE-Quote,2008-10-28,0.90888
HD,66181,QMLE-Quote,2008-10-29,1.03259
HD,66181,QMLE-Quote,2008-10-30,0.6546
HD,66181,QMLE-Quote,2008-10-31,0.742693
HD,66181,QMLE-Quote,2008-11-3,0.442344
HD,66181,QMLE-Quote,2008-11-4,0.479059
HD,66181,QMLE-Quote,2008-11-5,0.45729
HD,66181,QMLE-Quote,2008-11-6,0.855833
HD,66181,QMLE-Quote,2008-11-7,0.642035
HD,66181,QMLE-Quote,2008-11-10,0.606631
HD,66181,QMLE-Quote,2008-11-11,0.796597
HD,66181,QMLE-Quote,2008-11-12,0.615732
HD,66181,QMLE-Quote,2008-11-13,0.980817
HD,66181,QMLE-Quote,2008-11-14,1.04417
HD,66181,QMLE-Quote,2008-11-17,1.05418
HD,66181,QMLE-Quote,2008-11-18,0.975887
HD,66181,QMLE-Quote,2008-11-19,0.730718
HD,66181,QMLE-Quote,2008-11-20,1.0472
HD,66181,QMLE-Quote,2008-11-21,1.03689
HD,66181,QMLE-Quote,2008-11-24,0.839976
HD,66181,QMLE-Quote,2008-11-25,0.831029
HD,66181,QMLE-Quote,2008-11-26,0.644238
HD,66181,QMLE-Quote,2008-11-28,0.504375
HD,66181,QMLE-Quote,2008-12-1,0.677737
HD,66181,QMLE-Quote,2008-12-2,0.733585
HD,66181,QMLE-Quote,2008-12-3,0.811409
HD,66181,QMLE-Quote,2008-12-4,0.898652
HD,66181,QMLE-Quote,2008-12-5,0.849948
HD,66181,QMLE-Quote,2008-12-8,0.58771
HD,66181,QMLE-Quote,2008-12-9,0.701429
HD,66181,QMLE-Quote,2008-12-10,0.662836
HD,66181,QMLE-Quote,2008-12-11,0.622908
HD,66181,QMLE-Quote,2008-12-12,0.835497
HD,66181,QMLE-Quote,2008-12-15,0.566543
HD,66181,QMLE-Quote,2008-12-16,0.654356
HD,66181,QMLE-Quote,2008-12-17,0.505157
HD,66181,QMLE-Quote,2008-12-18,0.427298
HD,66181,QMLE-Quote,2008-12-19,0.555955
HD,66181,QMLE-Quote,2008-12-22,0.358105
HD,66181,QMLE-Quote,2008-12-23,0.423272
HD,66181,QMLE-Quote,2008-12-24,0.37433
HD,66181,QMLE-Quote,2008-12-26,0.172126
HD,66181,QMLE-Quote,2008-12-29,0.338659
HD,66181,QMLE-Quote,2008-12-30,0.327457
HD,66181,QMLE-Quote,2008-12-31,0.376481
HD,66181,QMLE-Quote,2009-1-2,0.297571
HD,66181,QMLE-Quote,2009-1-5,0.484368
HD,66181,QMLE-Quote,2009-1-6,0.391441
HD,66181,QMLE-Quote,2009-1-7,0.315481
HD,66181,QMLE-Quote,2009-1-8,0.410113
HD,66181,QMLE-Quote,2009-1-9,0.420715
HD,66181,QMLE-Quote,2009-1-12,0.323854
HD,66181,QMLE-Quote,2009-1-13,0.468658
HD,66181,QMLE-Quote,2009-1-14,0.374146
HD,66181,QMLE-Quote,2009-1-15,0.554309
HD,66181,QMLE-Quote,2009-1-16,0.51178
HD,66181,QMLE-Quote,2009-1-20,0.539866
HD,66181,QMLE-Quote,2009-1-21,0.50105
HD,66181,QMLE-Quote,2009-1-22,0.567977
HD,66181,QMLE-Quote,2009-1-23,0.582137
HD,66181,QMLE-Quote,2009-1-26,0.540076
HD,66181,QMLE-Quote,2009-1-27,0.480508
HD,66181,QMLE-Quote,2009-1-28,0.427207
HD,66181,QMLE-Quote,2009-1-29,0.407917
HD,66181,QMLE-Quote,2009-1-30,0.372463
HD,66181,QMLE-Quote,2009-2-2,0.471471
HD,66181,QMLE-Quote,2009-2-3,0.501853
HD,66181,QMLE-Quote,2009-2-4,0.402111
HD,66181,QMLE-Quote,2009-2-5,0.461371
HD,66181,QMLE-Quote,2009-2-6,0.393642
HD,66181,QMLE-Quote,2009-2-9,0.409626
HD,66181,QMLE-Quote,2009-2-10,0.542408
HD,66181,QMLE-Quote,2009-2-11,0.43706
HD,66181,QMLE-Quote,2009-2-12,0.501719
HD,66181,QMLE-Quote,2009-2-13,0.461943
HD,66181,QMLE-Quote,2009-2-17,0.515987
HD,66181,QMLE-Quote,2009-2-18,0.470162
HD,66181,QMLE-Quote,2009-2-19,0.384729
HD,66181,QMLE-Quote,2009-2-20,0.578514
HD,66181,QMLE-Quote,2009-2-23,0.581461
HD,66181,QMLE-Quote,2009-2-24,0.644066
HD,66181,QMLE-Quote,2009-2-25,0.609594
HD,66181,QMLE-Quote,2009-2-26,0.5076
HD,66181,QMLE-Quote,2009-2-27,0.59905
HD,66181,QMLE-Quote,2009-3-2,0.471561
HD,66181,QMLE-Quote,2009-3-3,0.557765
HD,66181,QMLE-Quote,2009-3-4,0.385285
HD,66181,QMLE-Quote,2009-3-5,0.461189
HD,66181,QMLE-Quote,2009-3-6,0.536222
HD,66181,QMLE-Quote,2009-3-9,0.577645
HD,66181,QMLE-Quote,2009-3-10,0.465869
HD,66181,QMLE-Quote,2009-3-11,0.49309
HD,66181,QMLE-Quote,2009-3-12,0.461468
HD,66181,QMLE-Quote,2009-3-13,0.459643
HD,66181,QMLE-Quote,2009-3-16,0.357643
HD,66181,QMLE-Quote,2009-3-17,0.562656
HD,66181,QMLE-Quote,2009-3-18,0.591608
HD,66181,QMLE-Quote,2009-3-19,0.502253
HD,66181,QMLE-Quote,2009-3-20,0.435726
HD,66181,QMLE-Quote,2009-3-23,0.428009
HD,66181,QMLE-Quote,2009-3-24,0.407254
HD,66181,QMLE-Quote,2009-3-25,0.559352
HD,66181,QMLE-Quote,2009-3-26,0.489004
HD,66181,QMLE-Quote,2009-3-27,0.53587
HD,66181,QMLE-Quote,2009-3-30,0.453846
HD,66181,QMLE-Quote,2009-3-31,0.474759
HD,66181,QMLE-Quote,2009-4-1,0.389425
HD,66181,QMLE-Quote,2009-4-2,0.448219
HD,66181,QMLE-Quote,2009-4-3,0.370209
HD,66181,QMLE-Quote,2009-4-6,0.435572
HD,66181,QMLE-Quote,2009-4-7,0.289076
HD,66181,QMLE-Quote,2009-4-8,0.364855
HD,66181,QMLE-Quote,2009-4-9,0.270484
HD,66181,QMLE-Quote,2009-4-13,0.284879
HD,66181,QMLE-Quote,2009-4-14,0.325132
HD,66181,QMLE-Quote,2009-4-15,0.322248
HD,66181,QMLE-Quote,2009-4-16,0.333322
HD,66181,QMLE-Quote,2009-4-17,0.321969
HD,66181,QMLE-Quote,2009-4-20,0.314297
HD,66181,QMLE-Quote,2009-4-21,0.453345
HD,66181,QMLE-Quote,2009-4-22,0.472017
HD,66181,QMLE-Quote,2009-4-23,0.495536
HD,66181,QMLE-Quote,2009-4-24,0.483613
HD,66181,QMLE-Quote,2009-4-27,0.431221
HD,66181,QMLE-Quote,2009-4-28,0.418111
HD,66181,QMLE-Quote,2009-4-29,0.347008
HD,66181,QMLE-Quote,2009-4-30,0.402401
HD,66181,QMLE-Quote,2009-5-1,0.356858
HD,66181,QMLE-Quote,2009-5-4,0.349542
HD,66181,QMLE-Quote,2009-5-5,0.32735
HD,66181,QMLE-Quote,2009-5-6,0.418189
HD,66181,QMLE-Quote,2009-5-7,0.408274
HD,66181,QMLE-Quote,2009-5-8,0.382914
HD,66181,QMLE-Quote,2009-5-11,0.280626
HD,66181,QMLE-Quote,2009-5-12,0.314456
HD,66181,QMLE-Quote,2009-5-13,0.400603
HD,66181,QMLE-Quote,2009-5-14,0.321609
HD,66181,QMLE-Quote,2009-5-15,0.348853
HD,66181,QMLE-Quote,2009-5-18,0.451884
HD,66181,QMLE-Quote,2009-5-19,0.508762
HD,66181,QMLE-Quote,2009-5-20,0.484272
HD,66181,QMLE-Quote,2009-5-21,0.364273
HD,66181,QMLE-Quote,2009-5-22,0.410196
HD,66181,QMLE-Quote,2009-5-26,0.3624
HD,66181,QMLE-Quote,2009-5-27,0.410573
HD,66181,QMLE-Quote,2009-5-28,0.360442
HD,66181,QMLE-Quote,2009-5-29,0.341035
HD,66181,QMLE-Quote,2009-6-1,0.3193
HD,66181,QMLE-Quote,2009-6-2,0.331868
HD,66181,QMLE-Quote,2009-6-3,0.293258
HD,66181,QMLE-Quote,2009-6-4,0.346215
HD,66181,QMLE-Quote,2009-6-5,0.366245
HD,66181,QMLE-Quote,2009-6-8,0.318035
HD,66181,QMLE-Quote,2009-6-9,0.323456
HD,66181,QMLE-Quote,2009-6-10,0.36638
HD,66181,QMLE-Quote,2009-6-11,0.354103
HD,66181,QMLE-Quote,2009-6-12,0.290116
HD,66181,QMLE-Quote,2009-6-15,0.300542
HD,66181,QMLE-Quote,2009-6-16,0.304252
HD,66181,QMLE-Quote,2009-6-17,0.38149
HD,66181,QMLE-Quote,2009-6-18,0.312284
HD,66181,QMLE-Quote,2009-6-19,0.23469
HD,66181,QMLE-Quote,2009-6-22,0.306651
HD,66181,QMLE-Quote,2009-6-23,0.324964
HD,66181,QMLE-Quote,2009-6-24,0.35408
HD,66181,QMLE-Quote,2009-6-25,0.365734
HD,66181,QMLE-Quote,2009-6-26,0.334953
HD,66181,QMLE-Quote,2009-6-29,0.250673
HD,66181,QMLE-Quote,2009-6-30,0.277315
HD,66181,QMLE-Quote,2009-7-1,0.256752
HD,66181,QMLE-Quote,2009-7-2,0.230071
HD,66181,QMLE-Quote,2009-7-6,0.315163
HD,66181,QMLE-Quote,2009-7-7,0.220421
HD,66181,QMLE-Quote,2009-7-8,0.289234
HD,66181,QMLE-Quote,2009-7-9,0.313592
HD,66181,QMLE-Quote,2009-7-10,0.291802
HD,66181,QMLE-Quote,2009-7-13,0.250915
HD,66181,QMLE-Quote,2009-7-14,0.2502
HD,66181,QMLE-Quote,2009-7-15,0.227247
HD,66181,QMLE-Quote,2009-7-16,0.242781
HD,66181,QMLE-Quote,2009-7-17,0.187366
HD,66181,QMLE-Quote,2009-7-20,0.202439
HD,66181,QMLE-Quote,2009-7-21,0.27132
HD,66181,QMLE-Quote,2009-7-22,0.201996
HD,66181,QMLE-Quote,2009-7-23,0.258487
HD,66181,QMLE-Quote,2009-7-24,0.246063
HD,66181,QMLE-Quote,2009-7-27,0.277139
HD,66181,QMLE-Quote,2009-7-28,0.23847
HD,66181,QMLE-Quote,2009-7-29,0.229511
HD,66181,QMLE-Quote,2009-7-30,0.225199
HD,66181,QMLE-Quote,2009-7-31,0.218772
HD,66181,QMLE-Quote,2009-8-3,0.282184
HD,66181,QMLE-Quote,2009-8-4,0.209451
HD,66181,QMLE-Quote,2009-8-5,0.251136
HD,66181,QMLE-Quote,2009-8-6,0.255641
HD,66181,QMLE-Quote,2009-8-7,0.282618
HD,66181,QMLE-Quote,2009-8-10,0.225444
HD,66181,QMLE-Quote,2009-8-11,0.198733
HD,66181,QMLE-Quote,2009-8-12,0.297006
HD,66181,QMLE-Quote,2009-8-13,0.320828
HD,66181,QMLE-Quote,2009-8-14,0.2513
HD,66181,QMLE-Quote,2009-8-17,0.388668
HD,66181,QMLE-Quote,2009-8-18,0.373866
HD,66181,QMLE-Quote,2009-8-19,0.268409
HD,66181,QMLE-Quote,2009-8-20,0.173538
HD,66181,QMLE-Quote,2009-8-21,0.194941
HD,66181,QMLE-Quote,2009-8-24,0.208997
HD,66181,QMLE-Quote,2009-8-25,0.245497
HD,66181,QMLE-Quote,2009-8-26,0.332128
HD,66181,QMLE-Quote,2009-8-27,0.225566
HD,66181,QMLE-Quote,2009-8-28,0.237584
HD,66181,QMLE-Quote,2009-8-31,0.211846
HD,66181,QMLE-Quote,2009-9-1,0.320343
HD,66181,QMLE-Quote,2009-9-2,0.203937
HD,66181,QMLE-Quote,2009-9-3,0.195355
HD,66181,QMLE-Quote,2009-9-4,0.195281
HD,66181,QMLE-Quote,2009-9-8,0.214651
HD,66181,QMLE-Quote,2009-9-9,0.165403
HD,66181,QMLE-Quote,2009-9-10,0.194094
HD,66181,QMLE-Quote,2009-9-11,0.195437
HD,66181,QMLE-Quote,2009-9-14,0.161576
HD,66181,QMLE-Quote,2009-9-15,0.226052
HD,66181,QMLE-Quote,2009-9-16,0.171747
HD,66181,QMLE-Quote,2009-9-17,0.199388
HD,66181,QMLE-Quote,2009-9-18,0.203636
HD,66181,QMLE-Quote,2009-9-21,0.210491
HD,66181,QMLE-Quote,2009-9-22,0.226859
HD,66181,QMLE-Quote,2009-9-23,0.200684
HD,66181,QMLE-Quote,2009-9-24,0.211581
HD,66181,QMLE-Quote,2009-9-25,0.209088
HD,66181,QMLE-Quote,2009-9-28,0.150517
HD,66181,QMLE-Quote,2009-9-29,0.24069
HD,66181,QMLE-Quote,2009-9-30,0.249064
HD,66181,QMLE-Quote,2009-10-1,0.220005
HD,66181,QMLE-Quote,2009-10-2,0.191034
HD,66181,QMLE-Quote,2009-10-5,0.175375
HD,66181,QMLE-Quote,2009-10-6,0.177816
HD,66181,QMLE-Quote,2009-10-7,0.164614
HD,66181,QMLE-Quote,2009-10-8,0.180636
HD,66181,QMLE-Quote,2009-10-9,0.131921
HD,66181,QMLE-Quote,2009-10-12,0.196792
HD,66181,QMLE-Quote,2009-10-13,0.203738
HD,66181,QMLE-Quote,2009-10-14,0.15942
HD,66181,QMLE-Quote,2009-10-15,0.167484
HD,66181,QMLE-Quote,2009-10-16,0.209637
HD,66181,QMLE-Quote,2009-10-19,0.136179
HD,66181,QMLE-Quote,2009-10-20,0.146733
HD,66181,QMLE-Quote,2009-10-21,0.236599
HD,66181,QMLE-Quote,2009-10-22,0.229475
HD,66181,QMLE-Quote,2009-10-23,0.263602
HD,66181,QMLE-Quote,2009-10-26,0.249201
HD,66181,QMLE-Quote,2009-10-27,0.209407
HD,66181,QMLE-Quote,2009-10-28,0.245496
HD,66181,QMLE-Quote,2009-10-29,0.250379
HD,66181,QMLE-Quote,2009-10-30,0.288854
HD,66181,QMLE-Quote,2009-11-2,0.375138
HD,66181,QMLE-Quote,2009-11-3,0.308324
HD,66181,QMLE-Quote,2009-11-4,0.284304
HD,66181,QMLE-Quote,2009-11-5,0.217625
HD,66181,QMLE-Quote,2009-11-6,0.236799
HD,66181,QMLE-Quote,2009-11-9,0.167289
HD,66181,QMLE-Quote,2009-11-10,0.215882
HD,66181,QMLE-Quote,2009-11-11,0.223683
HD,66181,QMLE-Quote,2009-11-12,0.220523
HD,66181,QMLE-Quote,2009-11-13,0.239094
HD,66181,QMLE-Quote,2009-11-16,0.244609
HD,66181,QMLE-Quote,2009-11-17,0.329536
HD,66181,QMLE-Quote,2009-11-18,0.160722
HD,66181,QMLE-Quote,2009-11-19,0.200795
HD,66181,QMLE-Quote,2009-11-20,0.201291
HD,66181,QMLE-Quote,2009-11-23,0.18952
HD,66181,QMLE-Quote,2009-11-24,0.192115
HD,66181,QMLE-Quote,2009-11-25,0.115182
HD,66181,QMLE-Quote,2009-11-27,0.235332
HD,66181,QMLE-Quote,2009-11-30,0.230164
HD,66181,QMLE-Quote,2009-12-1,0.202303
HD,66181,QMLE-Quote,2009-12-2,0.203498
HD,66181,QMLE-Quote,2009-12-3,0.186833
HD,66181,QMLE-Quote,2009-12-4,0.211702
HD,66181,QMLE-Quote,2009-12-7,0.144694
HD,66181,QMLE-Quote,2009-12-8,0.172183
HD,66181,QMLE-Quote,2009-12-9,0.142275
HD,66181,QMLE-Quote,2009-12-10,0.165327
HD,66181,QMLE-Quote,2009-12-11,0.141324
HD,66181,QMLE-Quote,2009-12-14,0.161622
HD,66181,QMLE-Quote,2009-12-15,0.152585
HD,66181,QMLE-Quote,2009-12-16,0.15773
HD,66181,QMLE-Quote,2009-12-17,0.153872
HD,66181,QMLE-Quote,2009-12-18,0.188316
HD,66181,QMLE-Quote,2009-12-21,0.177336
HD,66181,QMLE-Quote,2009-12-22,0.173022
HD,66181,QMLE-Quote,2009-12-23,0.176803
HD,66181,QMLE-Quote,2009-12-24,0.133765
HD,66181,QMLE-Quote,2009-12-28,0.117557
HD,66181,QMLE-Quote,2009-12-29,0.109182
HD,66181,QMLE-Quote,2009-12-30,0.100942
HD,66181,QMLE-Quote,2009-12-31,0.155689
HD,66181,QMLE-Quote,2010-1-4,0.162597
HD,66181,QMLE-Quote,2010-1-5,0.159282
HD,66181,QMLE-Quote,2010-1-6,0.138033
HD,66181,QMLE-Quote,2010-1-7,0.195889
HD,66181,QMLE-Quote,2010-1-8,0.230889
HD,66181,QMLE-Quote,2010-1-11,0.159231
HD,66181,QMLE-Quote,2010-1-12,0.164748
HD,66181,QMLE-Quote,2010-1-13,0.164452
HD,66181,QMLE-Quote,2010-1-14,0.117848
HD,66181,QMLE-Quote,2010-1-15,0.181447
HD,66181,QMLE-Quote,2010-1-19,0.178413
HD,66181,QMLE-Quote,2010-1-20,0.180899
HD,66181,QMLE-Quote,2010-1-21,0.232457
HD,66181,QMLE-Quote,2010-1-22,0.254728
HD,66181,QMLE-Quote,2010-1-25,0.201753
HD,66181,QMLE-Quote,2010-1-26,0.204187
HD,66181,QMLE-Quote,2010-1-27,0.273349
HD,66181,QMLE-Quote,2010-1-28,0.273109
HD,66181,QMLE-Quote,2010-1-29,0.254043
HD,66181,QMLE-Quote,2010-2-1,0.20444
HD,66181,QMLE-Quote,2010-2-2,0.166239
HD,66181,QMLE-Quote,2010-2-3,0.188947
HD,66181,QMLE-Quote,2010-2-4,0.209656
HD,66181,QMLE-Quote,2010-2-5,0.260777
HD,66181,QMLE-Quote,2010-2-8,0.197521
HD,66181,QMLE-Quote,2010-2-9,0.242197
HD,66181,QMLE-Quote,2010-2-10,0.19965
HD,66181,QMLE-Quote,2010-2-11,0.208792
HD,66181,QMLE-Quote,2010-2-12,0.23144
HD,66181,QMLE-Quote,2010-2-16,0.170629
HD,66181,QMLE-Quote,2010-2-17,0.132681
HD,66181,QMLE-Quote,2010-2-18,0.143988
HD,66181,QMLE-Quote,2010-2-19,0.186776
HD,66181,QMLE-Quote,2010-2-22,0.194651
HD,66181,QMLE-Quote,2010-2-23,0.254546
HD,66181,QMLE-Quote,2010-2-24,0.206832
HD,66181,QMLE-Quote,2010-2-25,0.180041
HD,66181,QMLE-Quote,2010-2-26,0.18986
HD,66181,QMLE-Quote,2010-3-1,0.136789
HD,66181,QMLE-Quote,2010-3-2,0.128367
HD,66181,QMLE-Quote,2010-3-3,0.154282
HD,66181,QMLE-Quote,2010-3-4,0.123027
HD,66181,QMLE-Quote,2010-3-5,0.153875
HD,66181,QMLE-Quote,2010-3-8,0.109624
HD,66181,QMLE-Quote,2010-3-9,0.144014
HD,66181,QMLE-Quote,2010-3-10,0.155401
HD,66181,QMLE-Quote,2010-3-11,0.143237
HD,66181,QMLE-Quote,2010-3-12,0.15396
HD,66181,QMLE-Quote,2010-3-15,0.150979
HD,66181,QMLE-Quote,2010-3-16,0.175092
HD,66181,QMLE-Quote,2010-3-17,0.149374
HD,66181,QMLE-Quote,2010-3-18,0.14681
HD,66181,QMLE-Quote,2010-3-19,0.126331
HD,66181,QMLE-Quote,2010-3-22,0.160271
HD,66181,QMLE-Quote,2010-3-23,0.142262
HD,66181,QMLE-Quote,2010-3-24,0.170267
HD,66181,QMLE-Quote,2010-3-25,0.14574
HD,66181,QMLE-Quote,2010-3-26,0.143382
HD,66181,QMLE-Quote,2010-3-29,0.141136
HD,66181,QMLE-Quote,2010-3-30,0.147142
HD,66181,QMLE-Quote,2010-3-31,0.130532
HD,66181,QMLE-Quote,2010-4-1,0.171587
HD,66181,QMLE-Quote,2010-4-5,0.142911
HD,66181,QMLE-Quote,2010-4-6,0.120213
HD,66181,QMLE-Quote,2010-4-7,0.153789
HD,66181,QMLE-Quote,2010-4-8,0.147685
HD,66181,QMLE-Quote,2010-4-9,0.185198
HD,66181,QMLE-Quote,2010-4-12,0.11996
HD,66181,QMLE-Quote,2010-4-13,0.229257
HD,66181,QMLE-Quote,2010-4-14,0.149345
HD,66181,QMLE-Quote,2010-4-15,0.146687
HD,66181,QMLE-Quote,2010-4-16,0.127693
HD,66181,QMLE-Quote,2010-4-19,0.206617
HD,66181,QMLE-Quote,2010-4-20,0.179399
HD,66181,QMLE-Quote,2010-4-21,0.137909
HD,66181,QMLE-Quote,2010-4-22,0.184013
HD,66181,QMLE-Quote,2010-4-23,0.166692
HD,66181,QMLE-Quote,2010-4-26,0.157103
HD,66181,QMLE-Quote,2010-4-27,0.215363
HD,66181,QMLE-Quote,2010-4-28,0.251548
HD,66181,QMLE-Quote,2010-4-29,0.18153
HD,66181,QMLE-Quote,2010-4-30,0.226548
HD,66181,QMLE-Quote,2010-5-3,0.175799
HD,66181,QMLE-Quote,2010-5-4,0.262872
HD,66181,QMLE-Quote,2010-5-5,0.235981
HD,66181,QMLE-Quote,2010-5-6,0.735698
HD,66181,QMLE-Quote,2010-5-7,0.52114
HD,66181,QMLE-Quote,2010-5-10,0.304011
HD,66181,QMLE-Quote,2010-5-11,0.239452
HD,66181,QMLE-Quote,2010-5-12,0.202697
HD,66181,QMLE-Quote,2010-5-13,0.199271
HD,66181,QMLE-Quote,2010-5-14,0.274899
HD,66181,QMLE-Quote,2010-5-17,0.32186
HD,66181,QMLE-Quote,2010-5-18,0.554079
HD,66181,QMLE-Quote,2010-5-19,0.333336
HD,66181,QMLE-Quote,2010-5-20,0.330719
HD,66181,QMLE-Quote,2010-5-21,0.383329
HD,66181,QMLE-Quote,2010-5-24,0.230954
HD,66181,QMLE-Quote,2010-5-25,0.29918
HD,66181,QMLE-Quote,2010-5-26,0.306051
HD,66181,QMLE-Quote,2010-5-27,0.236744
HD,66181,QMLE-Quote,2010-5-28,0.258284
HD,66181,QMLE-Quote,2010-6-1,0.247666
HD,66181,QMLE-Quote,2010-6-2,0.191319
HD,66181,QMLE-Quote,2010-6-3,0.222918
HD,66181,QMLE-Quote,2010-6-4,0.257647
HD,66181,QMLE-Quote,2010-6-7,0.254308
HD,66181,QMLE-Quote,2010-6-8,0.299463
HD,66181,QMLE-Quote,2010-6-9,0.276096
HD,66181,QMLE-Quote,2010-6-10,0.226863
HD,66181,QMLE-Quote,2010-6-11,0.194973
HD,66181,QMLE-Quote,2010-6-14,0.211053
HD,66181,QMLE-Quote,2010-6-15,0.222879
HD,66181,QMLE-Quote,2010-6-16,0.188046
HD,66181,QMLE-Quote,2010-6-17,0.261206
HD,66181,QMLE-Quote,2010-6-18,0.188707
HD,66181,QMLE-Quote,2010-6-21,0.222871
HD,66181,QMLE-Quote,2010-6-22,0.258374
HD,66181,QMLE-Quote,2010-6-23,0.302701
HD,66181,QMLE-Quote,2010-6-24,0.258571
HD,66181,QMLE-Quote,2010-6-25,0.264434
HD,66181,QMLE-Quote,2010-6-28,0.230309
HD,66181,QMLE-Quote,2010-6-29,0.352529
HD,66181,QMLE-Quote,2010-6-30,0.280542
HD,66181,QMLE-Quote,2010-7-1,0.369692
HD,66181,QMLE-Quote,2010-7-2,0.254232
HD,66181,QMLE-Quote,2010-7-6,0.30542
HD,66181,QMLE-Quote,2010-7-7,0.282327
HD,66181,QMLE-Quote,2010-7-8,0.239082
HD,66181,QMLE-Quote,2010-7-9,0.200382
HD,66181,QMLE-Quote,2010-7-12,0.21646
HD,66181,QMLE-Quote,2010-7-13,0.232429
HD,66181,QMLE-Quote,2010-7-14,0.240581
HD,66181,QMLE-Quote,2010-7-15,0.181151
HD,66181,QMLE-Quote,2010-7-16,0.249489
HD,66181,QMLE-Quote,2010-7-19,0.236627
HD,66181,QMLE-Quote,2010-7-20,0.292982
HD,66181,QMLE-Quote,2010-7-21,0.270458
HD,66181,QMLE-Quote,2010-7-22,0.228676
HD,66181,QMLE-Quote,2010-7-23,0.272705
HD,66181,QMLE-Quote,2010-7-26,0.23045
HD,66181,QMLE-Quote,2010-7-27,0.258895
HD,66181,QMLE-Quote,2010-7-28,0.206844
HD,66181,QMLE-Quote,2010-7-29,0.232239
HD,66181,QMLE-Quote,2010-7-30,0.258247
HD,66181,QMLE-Quote,2010-8-2,0.223401
HD,66181,QMLE-Quote,2010-8-3,0.265931
HD,66181,QMLE-Quote,2010-8-4,0.215373
HD,66181,QMLE-Quote,2010-8-5,0.18587
HD,66181,QMLE-Quote,2010-8-6,0.211759
HD,66181,QMLE-Quote,2010-8-9,0.156076
HD,66181,QMLE-Quote,2010-8-10,0.191698
HD,66181,QMLE-Quote,2010-8-11,0.181817
HD,66181,QMLE-Quote,2010-8-12,0.246801
HD,66181,QMLE-Quote,2010-8-13,0.172707
HD,66181,QMLE-Quote,2010-8-16,0.289108
HD,66181,QMLE-Quote,2010-8-17,0.328473
HD,66181,QMLE-Quote,2010-8-18,0.218199
HD,66181,QMLE-Quote,2010-8-19,0.239522
HD,66181,QMLE-Quote,2010-8-20,0.200671
HD,66181,QMLE-Quote,2010-8-23,0.243852
HD,66181,QMLE-Quote,2010-8-24,0.261633
HD,66181,QMLE-Quote,2010-8-25,0.249218
HD,66181,QMLE-Quote,2010-8-26,0.163923
HD,66181,QMLE-Quote,2010-8-27,0.198382
HD,66181,QMLE-Quote,2010-8-30,0.193363
HD,66181,QMLE-Quote,2010-8-31,0.244521
HD,66181,QMLE-Quote,2010-9-1,0.206024
HD,66181,QMLE-Quote,2010-9-2,0.215695
HD,66181,QMLE-Quote,2010-9-3,0.200342
HD,66181,QMLE-Quote,2010-9-7,0.169175
HD,66181,QMLE-Quote,2010-9-8,0.176435
HD,66181,QMLE-Quote,2010-9-9,0.187062
HD,66181,QMLE-Quote,2010-9-10,0.171551
HD,66181,QMLE-Quote,2010-9-13,0.143845
HD,66181,QMLE-Quote,2010-9-14,0.138545
HD,66181,QMLE-Quote,2010-9-15,0.161711
HD,66181,QMLE-Quote,2010-9-16,0.148256
HD,66181,QMLE-Quote,2010-9-17,0.14907
HD,66181,QMLE-Quote,2010-9-20,0.206073
HD,66181,QMLE-Quote,2010-9-21,0.18807
HD,66181,QMLE-Quote,2010-9-22,0.188426
HD,66181,QMLE-Quote,2010-9-23,0.215707
HD,66181,QMLE-Quote,2010-9-24,0.148744
HD,66181,QMLE-Quote,2010-9-27,0.159599
HD,66181,QMLE-Quote,2010-9-28,0.208742
HD,66181,QMLE-Quote,2010-9-29,0.157966
HD,66181,QMLE-Quote,2010-9-30,0.244428
HD,66181,QMLE-Quote,2010-10-1,0.170264
HD,66181,QMLE-Quote,2010-10-4,0.177833
HD,66181,QMLE-Quote,2010-10-5,0.209638
HD,66181,QMLE-Quote,2010-10-6,0.130219
HD,66181,QMLE-Quote,2010-10-7,0.218998
HD,66181,QMLE-Quote,2010-10-8,0.206284
HD,66181,QMLE-Quote,2010-10-11,0.143973
HD,66181,QMLE-Quote,2010-10-12,0.193764
HD,66181,QMLE-Quote,2010-10-13,0.214491
HD,66181,QMLE-Quote,2010-10-14,0.206888
HD,66181,QMLE-Quote,2010-10-15,0.193155
HD,66181,QMLE-Quote,2010-10-18,0.166029
HD,66181,QMLE-Quote,2010-10-19,0.240415
HD,66181,QMLE-Quote,2010-10-20,0.19609
HD,66181,QMLE-Quote,2010-10-21,0.276206
HD,66181,QMLE-Quote,2010-10-22,0.16998
HD,66181,QMLE-Quote,2010-10-25,0.191686
HD,66181,QMLE-Quote,2010-10-26,0.181671
HD,66181,QMLE-Quote,2010-10-27,0.194925
HD,66181,QMLE-Quote,2010-10-28,0.165042
HD,66181,QMLE-Quote,2010-10-29,0.174974
HD,66181,QMLE-Quote,2010-11-1,0.163431
HD,66181,QMLE-Quote,2010-11-2,0.202488
HD,66181,QMLE-Quote,2010-11-3,0.224845
HD,66181,QMLE-Quote,2010-11-4,0.160729
HD,66181,QMLE-Quote,2010-11-5,0.159792
HD,66181,QMLE-Quote,2010-11-8,0.166931
HD,66181,QMLE-Quote,2010-11-9,0.183693
HD,66181,QMLE-Quote,2010-11-10,0.163853
HD,66181,QMLE-Quote,2010-11-11,0.207892
HD,66181,QMLE-Quote,2010-11-12,0.182255
HD,66181,QMLE-Quote,2010-11-15,0.223249
HD,66181,QMLE-Quote,2010-11-16,0.385598
HD,66181,QMLE-Quote,2010-11-17,0.1766
HD,66181,QMLE-Quote,2010-11-18,0.128489
HD,66181,QMLE-Quote,2010-11-19,0.115147
HD,66181,QMLE-Quote,2010-11-22,0.16063
HD,66181,QMLE-Quote,2010-11-23,0.083603
HD,66181,QMLE-Quote,2010-11-24,0.125983
HD,66181,QMLE-Quote,2010-11-26,0.184655
HD,66181,QMLE-Quote,2010-11-29,0.174376
HD,66181,QMLE-Quote,2010-11-30,0.17286
HD,66181,QMLE-Quote,2010-12-1,0.196174
HD,66181,QMLE-Quote,2010-12-2,0.249392
HD,66181,QMLE-Quote,2010-12-3,0.207643
HD,66181,QMLE-Quote,2010-12-6,0.119715
HD,66181,QMLE-Quote,2010-12-7,0.150654
HD,66181,QMLE-Quote,2010-12-8,0.204213
HD,66181,QMLE-Quote,2010-12-9,0.218029
HD,66181,QMLE-Quote,2010-12-10,0.154246
HD,66181,QMLE-Quote,2010-12-13,0.134342
HD,66181,QMLE-Quote,2010-12-14,0.135038
HD,66181,QMLE-Quote,2010-12-15,0.17868
HD,66181,QMLE-Quote,2010-12-16,0.165683
HD,66181,QMLE-Quote,2010-12-17,0.0972401
HD,66181,QMLE-Quote,2010-12-20,0.105971
HD,66181,QMLE-Quote,2010-12-21,0.102374
HD,66181,QMLE-Quote,2010-12-22,0.127682
HD,66181,QMLE-Quote,2010-12-23,0.114881
HD,66181,QMLE-Quote,2010-12-27,0.133358
HD,66181,QMLE-Quote,2010-12-28,0.116199
HD,66181,QMLE-Quote,2010-12-29,0.0873214
HD,66181,QMLE-Quote,2010-12-30,0.115709
HD,66181,QMLE-Quote,2010-12-31,0.123658
HD,66181,QMLE-Quote,2011-1-3,0.135014
HD,66181,QMLE-Quote,2011-1-4,0.243548
HD,66181,QMLE-Quote,2011-1-5,0.154101
HD,66181,QMLE-Quote,2011-1-6,0.145526
HD,66181,QMLE-Quote,2011-1-7,0.138409
HD,66181,QMLE-Quote,2011-1-10,0.151997
HD,66181,QMLE-Quote,2011-1-11,0.189265
HD,66181,QMLE-Quote,2011-1-12,0.144404
HD,66181,QMLE-Quote,2011-1-13,0.0984645
HD,66181,QMLE-Quote,2011-1-14,0.169173
HD,66181,QMLE-Quote,2011-1-18,0.12457
HD,66181,QMLE-Quote,2011-1-19,0.140705
HD,66181,QMLE-Quote,2011-1-20,0.211668
HD,66181,QMLE-Quote,2011-1-21,0.153558
HD,66181,QMLE-Quote,2011-1-24,0.140138
HD,66181,QMLE-Quote,2011-1-25,0.167656
HD,66181,QMLE-Quote,2011-1-26,0.231635
HD,66181,QMLE-Quote,2011-1-27,0.176913
HD,66181,QMLE-Quote,2011-1-28,0.199511
HD,66181,QMLE-Quote,2011-1-31,0.203867
HD,66181,QMLE-Quote,2011-2-1,0.192496
HD,66181,QMLE-Quote,2011-2-2,0.187784
HD,66181,QMLE-Quote,2011-2-3,0.197081
HD,66181,QMLE-Quote,2011-2-4,0.229171
HD,66181,QMLE-Quote,2011-2-7,0.125892
HD,66181,QMLE-Quote,2011-2-8,0.160212
HD,66181,QMLE-Quote,2011-2-9,0.0925653
HD,66181,QMLE-Quote,2011-2-10,0.175596
HD,66181,QMLE-Quote,2011-2-11,0.178181
HD,66181,QMLE-Quote,2011-2-14,0.116935
HD,66181,QMLE-Quote,2011-2-15,0.226553
HD,66181,QMLE-Quote,2011-2-16,0.168738
HD,66181,QMLE-Quote,2011-2-17,0.133317
HD,66181,QMLE-Quote,2011-2-18,0.172752
HD,66181,QMLE-Quote,2011-2-22,0.437923
HD,66181,QMLE-Quote,2011-2-23,0.287881
HD,66181,QMLE-Quote,2011-2-24,0.271665
HD,66181,QMLE-Quote,2011-2-25,0.20082
HD,66181,QMLE-Quote,2011-2-28,0.176981
HD,66181,QMLE-Quote,2011-3-1,0.274894
HD,66181,QMLE-Quote,2011-3-2,0.247111
HD,66181,QMLE-Quote,2011-3-3,0.152231
HD,66181,QMLE-Quote,2011-3-4,0.206304
HD,66181,QMLE-Quote,2011-3-7,0.188728
HD,66181,QMLE-Quote,2011-3-8,0.199884
HD,66181,QMLE-Quote,2011-3-9,0.184976
HD,66181,QMLE-Quote,2011-3-10,0.222273
HD,66181,QMLE-Quote,2011-3-11,0.203417
HD,66181,QMLE-Quote,2011-3-14,0.190931
HD,66181,QMLE-Quote,2011-3-15,0.258253
HD,66181,QMLE-Quote,2011-3-16,0.2551
HD,66181,QMLE-Quote,2011-3-17,0.204186
HD,66181,QMLE-Quote,2011-3-18,0.1941
HD,66181,QMLE-Quote,2011-3-21,0.155731
HD,66181,QMLE-Quote,2011-3-22,0.137746
HD,66181,QMLE-Quote,2011-3-23,0.189522
HD,66181,QMLE-Quote,2011-3-24,0.178907
HD,66181,QMLE-Quote,2011-3-25,0.151293
HD,66181,QMLE-Quote,2011-3-28,0.170333
HD,66181,QMLE-Quote,2011-3-29,0.194812
HD,66181,QMLE-Quote,2011-3-30,0.170671
HD,66181,QMLE-Quote,2011-3-31,0.187633
HD,66181,QMLE-Quote,2011-4-1,0.161193
HD,66181,QMLE-Quote,2011-4-4,0.163062
HD,66181,QMLE-Quote,2011-4-5,0.180038
HD,66181,QMLE-Quote,2011-4-6,0.167939
HD,66181,QMLE-Quote,2011-4-7,0.205386
HD,66181,QMLE-Quote,2011-4-8,0.171977
HD,66181,QMLE-Quote,2011-4-11,0.184013
HD,66181,QMLE-Quote,2011-4-12,0.193092
HD,66181,QMLE-Quote,2011-4-13,0.188307
HD,66181,QMLE-Quote,2011-4-14,0.129238
HD,66181,QMLE-Quote,2011-4-15,0.159417
HD,66181,QMLE-Quote,2011-4-18,0.20538
HD,66181,QMLE-Quote,2011-4-19,0.144317
HD,66181,QMLE-Quote,2011-4-20,0.134485
HD,66181,QMLE-Quote,2011-4-21,0.139774
HD,66181,QMLE-Quote,2011-4-25,0.123501
HD,66181,QMLE-Quote,2011-4-26,0.19388
HD,66181,QMLE-Quote,2011-4-27,0.204983
HD,66181,QMLE-Quote,2011-4-28,0.173214
HD,66181,QMLE-Quote,2011-4-29,0.147868
HD,66181,QMLE-Quote,2011-5-2,0.155664
HD,66181,QMLE-Quote,2011-5-3,0.146082
HD,66181,QMLE-Quote,2011-5-4,0.172487
HD,66181,QMLE-Quote,2011-5-5,0.164912
HD,66181,QMLE-Quote,2011-5-6,0.135455
HD,66181,QMLE-Quote,2011-5-9,0.148331
HD,66181,QMLE-Quote,2011-5-10,0.104778
HD,66181,QMLE-Quote,2011-5-11,0.18093
HD,66181,QMLE-Quote,2011-5-12,0.191857
HD,66181,QMLE-Quote,2011-5-13,0.165029
HD,66181,QMLE-Quote,2011-5-16,0.21581
HD,66181,QMLE-Quote,2011-5-17,0.281576
HD,66181,QMLE-Quote,2011-5-18,0.156825
HD,66181,QMLE-Quote,2011-5-19,0.122168
HD,66181,QMLE-Quote,2011-5-20,0.1299
HD,66181,QMLE-Quote,2011-5-23,0.138134
HD,66181,QMLE-Quote,2011-5-24,0.12871
HD,66181,QMLE-Quote,2011-5-25,0.1447
HD,66181,QMLE-Quote,2011-5-26,0.135333
HD,66181,QMLE-Quote,2011-5-27,0.112033
HD,66181,QMLE-Quote,2011-5-31,0.083416
HD,66181,QMLE-Quote,2011-6-1,0.132539
HD,66181,QMLE-Quote,2011-6-2,0.217838
HD,66181,QMLE-Quote,2011-6-3,0.181439
HD,66181,QMLE-Quote,2011-6-6,0.148916
HD,66181,QMLE-Quote,2011-6-7,0.158063
HD,66181,QMLE-Quote,2011-6-8,0.136867
HD,66181,QMLE-Quote,2011-6-9,0.134615
HD,66181,QMLE-Quote,2011-6-10,0.216538
HD,66181,QMLE-Quote,2011-6-13,0.166439
HD,66181,QMLE-Quote,2011-6-14,0.163498
HD,66181,QMLE-Quote,2011-6-15,0.224524
HD,66181,QMLE-Quote,2011-6-16,0.203275
HD,66181,QMLE-Quote,2011-6-17,0.20029
HD,66181,QMLE-Quote,2011-6-20,0.175855
HD,66181,QMLE-Quote,2011-6-21,0.182644
HD,66181,QMLE-Quote,2011-6-22,0.192637
HD,66181,QMLE-Quote,2011-6-23,0.26851
HD,66181,QMLE-Quote,2011-6-24,0.177705
HD,66181,QMLE-Quote,2011-6-27,0.182373
HD,66181,QMLE-Quote,2011-6-28,0.187132
HD,66181,QMLE-Quote,2011-6-29,0.246896
HD,66181,QMLE-Quote,2011-6-30,0.142052
HD,66181,QMLE-Quote,2011-7-1,0.157702
HD,66181,QMLE-Quote,2011-7-5,0.163664
HD,66181,QMLE-Quote,2011-7-6,0.167793
HD,66181,QMLE-Quote,2011-7-7,0.129499
HD,66181,QMLE-Quote,2011-7-8,0.15985
HD,66181,QMLE-Quote,2011-7-11,0.175855
HD,66181,QMLE-Quote,2011-7-12,0.19096
HD,66181,QMLE-Quote,2011-7-13,0.192425
HD,66181,QMLE-Quote,2011-7-14,0.203764
HD,66181,QMLE-Quote,2011-7-15,0.216718
HD,66181,QMLE-Quote,2011-7-18,0.187254
HD,66181,QMLE-Quote,2011-7-19,0.1589
HD,66181,QMLE-Quote,2011-7-20,0.171129
HD,66181,QMLE-Quote,2011-7-21,0.200313
HD,66181,QMLE-Quote,2011-7-22,0.14576
HD,66181,QMLE-Quote,2011-7-25,0.167567
HD,66181,QMLE-Quote,2011-7-26,0.194255
HD,66181,QMLE-Quote,2011-7-27,0.182611
HD,66181,QMLE-Quote,2011-7-28,0.171559
HD,66181,QMLE-Quote,2011-7-29,0.251355
HD,66181,QMLE-Quote,2011-8-1,0.242789
HD,66181,QMLE-Quote,2011-8-2,0.270531
HD,66181,QMLE-Quote,2011-8-3,0.294329
HD,66181,QMLE-Quote,2011-8-4,0.268077
HD,66181,QMLE-Quote,2011-8-5,0.378502
HD,66181,QMLE-Quote,2011-8-8,0.428462
HD,66181,QMLE-Quote,2011-8-9,0.571362
HD,66181,QMLE-Quote,2011-8-10,0.533802
HD,66181,QMLE-Quote,2011-8-11,0.458739
HD,66181,QMLE-Quote,2011-8-12,0.336482
HD,66181,QMLE-Quote,2011-8-15,0.280968
HD,66181,QMLE-Quote,2011-8-16,0.44621
HD,66181,QMLE-Quote,2011-8-17,0.280813
HD,66181,QMLE-Quote,2011-8-18,0.354685
HD,66181,QMLE-Quote,2011-8-19,0.314004
HD,66181,QMLE-Quote,2011-8-22,0.279182
HD,66181,QMLE-Quote,2011-8-23,0.268194
HD,66181,QMLE-Quote,2011-8-24,0.253827
HD,66181,QMLE-Quote,2011-8-25,0.339388
HD,66181,QMLE-Quote,2011-8-26,0.288334
HD,66181,QMLE-Quote,2011-8-29,0.153141
HD,66181,QMLE-Quote,2011-8-30,0.212624
HD,66181,QMLE-Quote,2011-8-31,0.188179
HD,66181,QMLE-Quote,2011-9-1,0.213225
HD,66181,QMLE-Quote,2011-9-2,0.21992
HD,66181,QMLE-Quote,2011-9-6,0.28015
HD,66181,QMLE-Quote,2011-9-7,0.153902
HD,66181,QMLE-Quote,2011-9-8,0.230805
HD,66181,QMLE-Quote,2011-9-9,0.282834
HD,66181,QMLE-Quote,2011-9-12,0.306001
HD,66181,QMLE-Quote,2011-9-13,0.302332
HD,66181,QMLE-Quote,2011-9-14,0.309834
HD,66181,QMLE-Quote,2011-9-15,0.204364
HD,66181,QMLE-Quote,2011-9-16,0.198555
HD,66181,QMLE-Quote,2011-9-19,0.244881
HD,66181,QMLE-Quote,2011-9-20,0.204572
HD,66181,QMLE-Quote,2011-9-21,0.313499
HD,66181,QMLE-Quote,2011-9-22,0.424378
HD,66181,QMLE-Quote,2011-9-23,0.308749
HD,66181,QMLE-Quote,2011-9-26,0.308992
HD,66181,QMLE-Quote,2011-9-27,0.266656
HD,66181,QMLE-Quote,2011-9-28,0.248025
HD,66181,QMLE-Quote,2011-9-29,0.319869
HD,66181,QMLE-Quote,2011-9-30,0.33817
HD,66181,QMLE-Quote,2011-10-3,0.416045
HD,66181,QMLE-Quote,2011-10-4,0.446744
HD,66181,QMLE-Quote,2011-10-5,0.33303
HD,66181,QMLE-Quote,2011-10-6,0.293314
HD,66181,QMLE-Quote,2011-10-7,0.303031
HD,66181,QMLE-Quote,2011-10-10,0.190134
HD,66181,QMLE-Quote,2011-10-11,0.205527
HD,66181,QMLE-Quote,2011-10-12,0.160371
HD,66181,QMLE-Quote,2011-10-13,0.251106
HD,66181,QMLE-Quote,2011-10-14,0.191996
HD,66181,QMLE-Quote,2011-10-17,0.25173
HD,66181,QMLE-Quote,2011-10-18,0.295245
HD,66181,QMLE-Quote,2011-10-19,0.231532
HD,66181,QMLE-Quote,2011-10-20,0.241907
HD,66181,QMLE-Quote,2011-10-21,0.206344
HD,66181,QMLE-Quote,2011-10-24,0.191116
HD,66181,QMLE-Quote,2011-10-25,0.283507
HD,66181,QMLE-Quote,2011-10-26,0.289764
HD,66181,QMLE-Quote,2011-10-27,0.223765
HD,66181,QMLE-Quote,2011-10-28,0.222315
HD,66181,QMLE-Quote,2011-10-31,0.194882
HD,66181,QMLE-Quote,2011-11-1,0.351881
HD,66181,QMLE-Quote,2011-11-2,0.246715
HD,66181,QMLE-Quote,2011-11-3,0.214511
HD,66181,QMLE-Quote,2011-11-4,0.192961
HD,66181,QMLE-Quote,2011-11-7,0.236678
HD,66181,QMLE-Quote,2011-11-8,0.216406
HD,66181,QMLE-Quote,2011-11-9,0.252043
HD,66181,QMLE-Quote,2011-11-10,0.209862
HD,66181,QMLE-Quote,2011-11-11,0.16972
HD,66181,QMLE-Quote,2011-11-14,0.219197
HD,66181,QMLE-Quote,2011-11-15,0.31078
HD,66181,QMLE-Quote,2011-11-16,0.249253
HD,66181,QMLE-Quote,2011-11-17,0.240489
HD,66181,QMLE-Quote,2011-11-18,0.179863
HD,66181,QMLE-Quote,2011-11-21,0.240139
HD,66181,QMLE-Quote,2011-11-22,0.232864
HD,66181,QMLE-Quote,2011-11-23,0.185629
HD,66181,QMLE-Quote,2011-11-25,0.234436
HD,66181,QMLE-Quote,2011-11-28,0.202629
HD,66181,QMLE-Quote,2011-11-29,0.216675
HD,66181,QMLE-Quote,2011-11-30,0.258774
HD,66181,QMLE-Quote,2011-12-1,0.173324
HD,66181,QMLE-Quote,2011-12-2,0.190125
HD,66181,QMLE-Quote,2011-12-5,0.213761
HD,66181,QMLE-Quote,2011-12-6,0.163656
HD,66181,QMLE-Quote,2011-12-7,0.181561
HD,66181,QMLE-Quote,2011-12-8,0.236176
HD,66181,QMLE-Quote,2011-12-9,0.170114
HD,66181,QMLE-Quote,2011-12-12,0.159457
HD,66181,QMLE-Quote,2011-12-13,0.195122
HD,66181,QMLE-Quote,2011-12-14,0.197394
HD,66181,QMLE-Quote,2011-12-15,0.16947
HD,66181,QMLE-Quote,2011-12-16,0.167577
HD,66181,QMLE-Quote,2011-12-19,0.156191
HD,66181,QMLE-Quote,2011-12-20,0.218857
HD,66181,QMLE-Quote,2011-12-21,0.161314
HD,66181,QMLE-Quote,2011-12-22,0.189423
HD,66181,QMLE-Quote,2011-12-23,0.11085
HD,66181,QMLE-Quote,2011-12-27,0.127421
HD,66181,QMLE-Quote,2011-12-28,0.147108
HD,66181,QMLE-Quote,2011-12-29,0.114278
HD,66181,QMLE-Quote,2011-12-30,0.116513
HD,66181,QMLE-Quote,2012-1-3,0.158724
HD,66181,QMLE-Quote,2012-1-4,0.164343
HD,66181,QMLE-Quote,2012-1-5,0.174644
HD,66181,QMLE-Quote,2012-1-6,0.128903
HD,66181,QMLE-Quote,2012-1-9,0.129568
HD,66181,QMLE-Quote,2012-1-10,0.128661
HD,66181,QMLE-Quote,2012-1-11,0.161072
HD,66181,QMLE-Quote,2012-1-12,0.146082
HD,66181,QMLE-Quote,2012-1-13,0.187951
HD,66181,QMLE-Quote,2012-1-17,0.142305
HD,66181,QMLE-Quote,2012-1-18,0.144591
HD,66181,QMLE-Quote,2012-1-19,0.201353
HD,66181,QMLE-Quote,2012-1-20,0.163739
HD,66181,QMLE-Quote,2012-1-23,0.180495
HD,66181,QMLE-Quote,2012-1-24,0.1774
HD,66181,QMLE-Quote,2012-1-25,0.203333
HD,66181,QMLE-Quote,2012-1-26,0.208832
HD,66181,QMLE-Quote,2012-1-27,0.182793
HD,66181,QMLE-Quote,2012-1-30,0.181004
HD,66181,QMLE-Quote,2012-1-31,0.216515
HD,66181,QMLE-Quote,2012-2-1,0.14442
HD,66181,QMLE-Quote,2012-2-2,0.0839583
HD,66181,QMLE-Quote,2012-2-3,0.0833716
HD,66181,QMLE-Quote,2012-2-6,0.0883955
HD,66181,QMLE-Quote,2012-2-7,0.105651
HD,66181,QMLE-Quote,2012-2-8,0.123219
HD,66181,QMLE-Quote,2012-2-9,0.137633
HD,66181,QMLE-Quote,2012-2-10,0.117144
HD,66181,QMLE-Quote,2012-2-13,0.136477
HD,66181,QMLE-Quote,2012-2-14,0.117072
HD,66181,QMLE-Quote,2012-2-15,0.131041
HD,66181,QMLE-Quote,2012-2-16,0.137605
HD,66181,QMLE-Quote,2012-2-17,0.096778
HD,66181,QMLE-Quote,2012-2-21,0.261929
HD,66181,QMLE-Quote,2012-2-22,0.191501
HD,66181,QMLE-Quote,2012-2-23,0.110753
HD,66181,QMLE-Quote,2012-2-24,0.115373
HD,66181,QMLE-Quote,2012-2-27,0.137304
HD,66181,QMLE-Quote,2012-2-28,0.147943
HD,66181,QMLE-Quote,2012-2-29,0.141455
HD,66181,QMLE-Quote,2012-3-1,0.161591
HD,66181,QMLE-Quote,2012-3-2,0.10087
HD,66181,QMLE-Quote,2012-3-5,0.134202
HD,66181,QMLE-Quote,2012-3-6,0.114278
HD,66181,QMLE-Quote,2012-3-7,0.122036
HD,66181,QMLE-Quote,2012-3-8,0.111283
HD,66181,QMLE-Quote,2012-3-9,0.0903242
HD,66181,QMLE-Quote,2012-3-12,0.0806049
HD,66181,QMLE-Quote,2012-3-13,0.137151
HD,66181,QMLE-Quote,2012-3-14,0.127183
HD,66181,QMLE-Quote,2012-3-15,0.100504
HD,66181,QMLE-Quote,2012-3-16,0.107776
HD,66181,QMLE-Quote,2012-3-19,0.139946
HD,66181,QMLE-Quote,2012-3-20,0.149371
HD,66181,QMLE-Quote,2012-3-21,0.116884
HD,66181,QMLE-Quote,2012-3-22,0.136874
HD,66181,QMLE-Quote,2012-3-23,0.155276
HD,66181,QMLE-Quote,2012-3-26,0.107253
HD,66181,QMLE-Quote,2012-3-27,0.0988446
HD,66181,QMLE-Quote,2012-3-28,0.143474
HD,66181,QMLE-Quote,2012-3-29,0.164554
HD,66181,QMLE-Quote,2012-3-30,0.109329
HD,66181,QMLE-Quote,2012-4-2,0.106213
HD,66181,QMLE-Quote,2012-4-3,0.120727
HD,66181,QMLE-Quote,2012-4-4,0.105148
HD,66181,QMLE-Quote,2012-4-5,0.14572
HD,66181,QMLE-Quote,2012-4-9,0.115103
HD,66181,QMLE-Quote,2012-4-10,0.195162
HD,66181,QMLE-Quote,2012-4-11,0.095752
HD,66181,QMLE-Quote,2012-4-12,0.112495
HD,66181,QMLE-Quote,2012-4-13,0.124989
HD,66181,QMLE-Quote,2012-4-16,0.194185
HD,66181,QMLE-Quote,2012-4-17,0.133422
HD,66181,QMLE-Quote,2012-4-18,0.0887816
HD,66181,QMLE-Quote,2012-4-19,0.188351
HD,66181,QMLE-Quote,2012-4-20,0.157812
HD,66181,QMLE-Quote,2012-4-23,0.156158
HD,66181,QMLE-Quote,2012-4-24,0.16328
HD,66181,QMLE-Quote,2012-4-25,0.152921
HD,66181,QMLE-Quote,2012-4-26,0.145826
HD,66181,QMLE-Quote,2012-4-27,0.179071
HD,66181,QMLE-Quote,2012-4-30,0.130358
HD,66181,QMLE-Quote,2012-5-1,0.158101
HD,66181,QMLE-Quote,2012-5-2,0.157304
HD,66181,QMLE-Quote,2012-5-3,0.153637
HD,66181,QMLE-Quote,2012-5-4,0.170717
HD,66181,QMLE-Quote,2012-5-7,0.162428
HD,66181,QMLE-Quote,2012-5-8,0.311
HD,66181,QMLE-Quote,2012-5-9,0.21771
HD,66181,QMLE-Quote,2012-5-10,0.127181
HD,66181,QMLE-Quote,2012-5-11,0.174953
HD,66181,QMLE-Quote,2012-5-14,0.198554
HD,66181,QMLE-Quote,2012-5-15,0.440964
HD,66181,QMLE-Quote,2012-5-16,0.193291
HD,66181,QMLE-Quote,2012-5-17,0.219943
HD,66181,QMLE-Quote,2012-5-18,0.251543
HD,66181,QMLE-Quote,2012-5-21,0.212298
HD,66181,QMLE-Quote,2012-5-22,0.183229
HD,66181,QMLE-Quote,2012-5-23,0.190771
HD,66181,QMLE-Quote,2012-5-24,0.182423
HD,66181,QMLE-Quote,2012-5-25,0.140579
HD,66181,QMLE-Quote,2012-5-29,0.188858
HD,66181,QMLE-Quote,2012-5-30,0.215454
HD,66181,QMLE-Quote,2012-5-31,0.19848
HD,66181,QMLE-Quote,2012-6-1,0.20232
HD,66181,QMLE-Quote,2012-6-4,0.23912
HD,66181,QMLE-Quote,2012-6-5,0.210318
HD,66181,QMLE-Quote,2012-6-6,0.169941
HD,66181,QMLE-Quote,2012-6-7,0.172435
HD,66181,QMLE-Quote,2012-6-8,0.154204
HD,66181,QMLE-Quote,2012-6-11,0.203251
HD,66181,QMLE-Quote,2012-6-12,0.173078
HD,66181,QMLE-Quote,2012-6-13,0.222449
HD,66181,QMLE-Quote,2012-6-14,0.201393
HD,66181,QMLE-Quote,2012-6-15,0.150709
HD,66181,QMLE-Quote,2012-6-18,0.155044
HD,66181,QMLE-Quote,2012-6-19,0.137373
HD,66181,QMLE-Quote,2012-6-20,0.210929
HD,66181,QMLE-Quote,2012-6-21,0.228432
HD,66181,QMLE-Quote,2012-6-22,0.16979
HD,66181,QMLE-Quote,2012-6-25,0.196425
HD,66181,QMLE-Quote,2012-6-26,0.188949
HD,66181,QMLE-Quote,2012-6-27,0.152826
HD,66181,QMLE-Quote,2012-6-28,0.204667
HD,66181,QMLE-Quote,2012-6-29,0.144513
HD,66181,QMLE-Quote,2012-7-2,0.168994
HD,66181,QMLE-Quote,2012-7-3,0.263507
HD,66181,QMLE-Quote,2012-7-5,0.14963
HD,66181,QMLE-Quote,2012-7-6,0.17139
HD,66181,QMLE-Quote,2012-7-9,0.148056
HD,66181,QMLE-Quote,2012-7-10,0.13589
HD,66181,QMLE-Quote,2012-7-11,0.164535
HD,66181,QMLE-Quote,2012-7-12,0.14994
HD,66181,QMLE-Quote,2012-7-13,0.121105
HD,66181,QMLE-Quote,2012-7-16,0.166333
HD,66181,QMLE-Quote,2012-7-17,0.191943
HD,66181,QMLE-Quote,2012-7-18,0.122668
HD,66181,QMLE-Quote,2012-7-19,0.219076
HD,66181,QMLE-Quote,2012-7-20,0.160947
HD,66181,QMLE-Quote,2012-7-23,0.171647
HD,66181,QMLE-Quote,2012-7-24,0.206059
HD,66181,QMLE-Quote,2012-7-25,0.159492
HD,66181,QMLE-Quote,2012-7-26,0.163537
HD,66181,QMLE-Quote,2012-7-27,0.17271
HD,66181,QMLE-Quote,2012-7-30,0.167739
HD,66181,QMLE-Quote,2012-7-31,0.189819
HD,66181,QMLE-Quote,2012-8-1,0.204722
HD,66181,QMLE-Quote,2012-8-2,0.204047
HD,66181,QMLE-Quote,2012-8-3,0.125091
HD,66181,QMLE-Quote,2012-8-6,0.13661
HD,66181,QMLE-Quote,2012-8-7,0.115686
HD,66181,QMLE-Quote,2012-8-8,0.167324
HD,66181,QMLE-Quote,2012-8-9,0.218853
HD,66181,QMLE-Quote,2012-8-10,0.123741
HD,66181,QMLE-Quote,2012-8-13,0.149627
HD,66181,QMLE-Quote,2012-8-14,0.215358
HD,66181,QMLE-Quote,2012-8-15,0.153086
HD,66181,QMLE-Quote,2012-8-16,0.103595
HD,66181,QMLE-Quote,2012-8-17,0.139989
HD,66181,QMLE-Quote,2012-8-20,0.126532
HD,66181,QMLE-Quote,2012-8-21,0.133451
HD,66181,QMLE-Quote,2012-8-22,0.158969
HD,66181,QMLE-Quote,2012-8-23,0.143152
HD,66181,QMLE-Quote,2012-8-24,0.118286
HD,66181,QMLE-Quote,2012-8-27,0.0994207
HD,66181,QMLE-Quote,2012-8-28,0.142602
HD,66181,QMLE-Quote,2012-8-29,0.094935
HD,66181,QMLE-Quote,2012-8-30,0.106509
HD,66181,QMLE-Quote,2012-8-31,0.120965
HD,66181,QMLE-Quote,2012-9-4,0.0955077
HD,66181,QMLE-Quote,2012-9-5,0.118666
HD,66181,QMLE-Quote,2012-9-6,0.131877
HD,66181,QMLE-Quote,2012-9-7,0.121429
HD,66181,QMLE-Quote,2012-9-10,0.110128
HD,66181,QMLE-Quote,2012-9-11,0.115017
HD,66181,QMLE-Quote,2012-9-12,0.113864
HD,66181,QMLE-Quote,2012-9-13,0.150553
HD,66181,QMLE-Quote,2012-9-14,0.162952
HD,66181,QMLE-Quote,2012-9-17,0.152422
HD,66181,QMLE-Quote,2012-9-18,0.122772
HD,66181,QMLE-Quote,2012-9-19,0.141515
HD,66181,QMLE-Quote,2012-9-20,0.124571
HD,66181,QMLE-Quote,2012-9-21,0.119859
HD,66181,QMLE-Quote,2012-9-24,0.115947
HD,66181,QMLE-Quote,2012-9-25,0.138717
HD,66181,QMLE-Quote,2012-9-26,0.16426
HD,66181,QMLE-Quote,2012-9-27,0.117429
HD,66181,QMLE-Quote,2012-9-28,0.158523
HD,66181,QMLE-Quote,2012-10-1,0.139422
HD,66181,QMLE-Quote,2012-10-2,0.124453
HD,66181,QMLE-Quote,2012-10-3,0.13434
HD,66181,QMLE-Quote,2012-10-4,0.144201
HD,66181,QMLE-Quote,2012-10-5,0.12873
HD,66181,QMLE-Quote,2012-10-8,0.128691
HD,66181,QMLE-Quote,2012-10-9,0.14344
HD,66181,QMLE-Quote,2012-10-10,0.16495
HD,66181,QMLE-Quote,2012-10-11,0.155278
HD,66181,QMLE-Quote,2012-10-12,0.154235
HD,66181,QMLE-Quote,2012-10-15,0.151421
HD,66181,QMLE-Quote,2012-10-16,0.141228
HD,66181,QMLE-Quote,2012-10-17,0.181692
HD,66181,QMLE-Quote,2012-10-18,0.152406
HD,66181,QMLE-Quote,2012-10-19,0.144488
HD,66181,QMLE-Quote,2012-10-22,0.120675
HD,66181,QMLE-Quote,2012-10-23,0.128762
HD,66181,QMLE-Quote,2012-10-24,0.163335
HD,66181,QMLE-Quote,2012-10-25,0.175738
HD,66181,QMLE-Quote,2012-10-26,0.170535
HD,66181,QMLE-Quote,2012-10-31,0.251132
HD,66181,QMLE-Quote,2012-11-1,0.132012
HD,66181,QMLE-Quote,2012-11-2,0.144937
HD,66181,QMLE-Quote,2012-11-5,0.127459
HD,66181,QMLE-Quote,2012-11-6,0.143479
HD,66181,QMLE-Quote,2012-11-7,0.18705
HD,66181,QMLE-Quote,2012-11-8,0.191866
HD,66181,QMLE-Quote,2012-11-9,0.188097
HD,66181,QMLE-Quote,2012-11-12,0.186483
HD,66181,QMLE-Quote,2012-11-13,0.318004
HD,66181,QMLE-Quote,2012-11-14,0.215361
HD,66181,QMLE-Quote,2012-11-15,0.220533
HD,66181,QMLE-Quote,2012-11-16,0.168899
HD,66181,QMLE-Quote,2012-11-19,0.180848
HD,66181,QMLE-Quote,2012-11-20,0.184923
HD,66181,QMLE-Quote,2012-11-21,0.12639
HD,66181,QMLE-Quote,2012-11-23,0.13811
HD,66181,QMLE-Quote,2012-11-26,0.150308
HD,66181,QMLE-Quote,2012-11-27,0.184635
HD,66181,QMLE-Quote,2012-11-28,0.223114
HD,66181,QMLE-Quote,2012-11-29,0.138633
HD,66181,QMLE-Quote,2012-11-30,0.121895
HD,66181,QMLE-Quote,2012-12-3,0.158092
HD,66181,QMLE-Quote,2012-12-4,0.15253
HD,66181,QMLE-Quote,2012-12-5,0.153667
HD,66181,QMLE-Quote,2012-12-6,0.156387
HD,66181,QMLE-Quote,2012-12-7,0.130834
HD,66181,QMLE-Quote,2012-12-10,0.104407
HD,66181,QMLE-Quote,2012-12-11,0.105176
HD,66181,QMLE-Quote,2012-12-12,0.128
HD,66181,QMLE-Quote,2012-12-13,0.125795
HD,66181,QMLE-Quote,2012-12-14,0.119263
HD,66181,QMLE-Quote,2012-12-17,0.122577
HD,66181,QMLE-Quote,2012-12-18,0.112828
HD,66181,QMLE-Quote,2012-12-19,0.140425
HD,66181,QMLE-Quote,2012-12-20,0.135008
HD,66181,QMLE-Quote,2012-12-21,0.180404
HD,66181,QMLE-Quote,2012-12-24,0.128177
HD,66181,QMLE-Quote,2012-12-26,0.125631
HD,66181,QMLE-Quote,2012-12-27,0.211711
HD,66181,QMLE-Quote,2012-12-28,0.182781
HD,66181,QMLE-Quote,2012-12-31,0.212022
HD,66181,QMLE-Quote,2013-1-2,0.166796
HD,66181,QMLE-Quote,2013-1-3,0.15142
HD,66181,QMLE-Quote,2013-1-4,0.0997876
HD,66181,QMLE-Quote,2013-1-7,0.13695
HD,66181,QMLE-Quote,2013-1-8,0.134201
HD,66181,QMLE-Quote,2013-1-9,0.117839
HD,66181,QMLE-Quote,2013-1-10,0.127861
HD,66181,QMLE-Quote,2013-1-11,0.112788
HD,66181,QMLE-Quote,2013-1-14,0.135578
HD,66181,QMLE-Quote,2013-1-15,0.117566
HD,66181,QMLE-Quote,2013-1-16,0.0979249
HD,66181,QMLE-Quote,2013-1-17,0.136058
HD,66181,QMLE-Quote,2013-1-18,0.0933358
HD,66181,QMLE-Quote,2013-1-22,0.105119
HD,66181,QMLE-Quote,2013-1-23,0.106264
HD,66181,QMLE-Quote,2013-1-24,0.142601
HD,66181,QMLE-Quote,2013-1-25,0.168169
HD,66181,QMLE-Quote,2013-1-28,0.12986
HD,66181,QMLE-Quote,2013-1-29,0.135399
HD,66181,QMLE-Quote,2013-1-30,0.119502
HD,66181,QMLE-Quote,2013-1-31,0.113481
HD,66181,QMLE-Quote,2013-2-1,0.131298
HD,66181,QMLE-Quote,2013-2-4,0.136845
HD,66181,QMLE-Quote,2013-2-5,0.113979
HD,66181,QMLE-Quote,2013-2-6,0.0917073
HD,66181,QMLE-Quote,2013-2-7,0.13755
HD,66181,QMLE-Quote,2013-2-8,0.09522
HD,66181,QMLE-Quote,2013-2-11,0.0902401
HD,66181,QMLE-Quote,2013-2-12,0.121296
HD,66181,QMLE-Quote,2013-2-13,0.124132
HD,66181,QMLE-Quote,2013-2-14,0.114989
HD,66181,QMLE-Quote,2013-2-15,0.172548
HD,66181,QMLE-Quote,2013-2-19,0.150354
HD,66181,QMLE-Quote,2013-2-20,0.155385
HD,66181,QMLE-Quote,2013-2-21,0.212258
HD,66181,QMLE-Quote,2013-2-22,0.181114
HD,66181,QMLE-Quote,2013-2-25,0.205626
HD,66181,QMLE-Quote,2013-2-26,0.334285
HD,66181,QMLE-Quote,2013-2-27,0.161786
HD,66181,QMLE-Quote,2013-2-28,0.170623
HD,66181,QMLE-Quote,2013-3-1,0.162812
HD,66181,QMLE-Quote,2013-3-4,0.136563
HD,66181,QMLE-Quote,2013-3-5,0.159701
HD,66181,QMLE-Quote,2013-3-6,0.126772
HD,66181,QMLE-Quote,2013-3-7,0.0963754
HD,66181,QMLE-Quote,2013-3-8,0.126826
HD,66181,QMLE-Quote,2013-3-11,0.0897267
HD,66181,QMLE-Quote,2013-3-12,0.117493
HD,66181,QMLE-Quote,2013-3-13,0.121981
HD,66181,QMLE-Quote,2013-3-14,0.123423
HD,66181,QMLE-Quote,2013-3-15,0.128229
HD,66181,QMLE-Quote,2013-3-18,0.168878
HD,66181,QMLE-Quote,2013-3-19,0.164733
HD,66181,QMLE-Quote,2013-3-20,0.121023
HD,66181,QMLE-Quote,2013-3-21,0.153797
HD,66181,QMLE-Quote,2013-3-22,0.122294
HD,66181,QMLE-Quote,2013-3-25,0.157546
HD,66181,QMLE-Quote,2013-3-26,0.118805
HD,66181,QMLE-Quote,2013-3-27,0.12289
HD,66181,QMLE-Quote,2013-3-28,0.121373
HD,66181,QMLE-Quote,2013-4-1,0.167994
HD,66181,QMLE-Quote,2013-4-2,0.145797
HD,66181,QMLE-Quote,2013-4-3,0.179325
HD,66181,QMLE-Quote,2013-4-4,0.112485
HD,66181,QMLE-Quote,2013-4-5,0.138497
HD,66181,QMLE-Quote,2013-4-8,0.13339
HD,66181,QMLE-Quote,2013-4-9,0.140227
HD,66181,QMLE-Quote,2013-4-10,0.126662
HD,66181,QMLE-Quote,2013-4-11,0.145041
HD,66181,QMLE-Quote,2013-4-12,0.17672
HD,66181,QMLE-Quote,2013-4-15,0.235784
HD,66181,QMLE-Quote,2013-4-16,0.13592
HD,66181,QMLE-Quote,2013-4-17,0.161591
HD,66181,QMLE-Quote,2013-4-18,0.153659
HD,66181,QMLE-Quote,2013-4-19,0.147719
HD,66181,QMLE-Quote,2013-4-22,0.156161
HD,66181,QMLE-Quote,2013-4-23,0.211038
HD,66181,QMLE-Quote,2013-4-24,0.131806
HD,66181,QMLE-Quote,2013-4-25,0.119259
HD,66181,QMLE-Quote,2013-4-26,0.119436
HD,66181,QMLE-Quote,2013-4-29,0.110285
HD,66181,QMLE-Quote,2013-4-30,0.115877
HD,66181,QMLE-Quote,2013-5-1,0.148083
HD,66181,QMLE-Quote,2013-5-2,0.100448
HD,66181,QMLE-Quote,2013-5-3,0.114043
HD,66181,QMLE-Quote,2013-5-6,0.130678
HD,66181,QMLE-Quote,2013-5-7,0.124615
HD,66181,QMLE-Quote,2013-5-8,0.107089
HD,66181,QMLE-Quote,2013-5-9,0.123654
HD,66181,QMLE-Quote,2013-5-10,0.121321
HD,66181,QMLE-Quote,2013-5-13,0.102831
HD,66181,QMLE-Quote,2013-5-14,0.113028
HD,66181,QMLE-Quote,2013-5-15,0.151893
HD,66181,QMLE-Quote,2013-5-16,0.155517
HD,66181,QMLE-Quote,2013-5-17,0.141482
HD,66181,QMLE-Quote,2013-5-20,0.103606
HD,66181,QMLE-Quote,2013-5-21,0.259892
HD,66181,QMLE-Quote,2013-5-22,0.27656
HD,66181,QMLE-Quote,2013-5-23,0.19915
HD,66181,QMLE-Quote,2013-5-24,0.147722
HD,66181,QMLE-Quote,2013-5-28,0.163289
HD,66181,QMLE-Quote,2013-5-29,0.165914
HD,66181,QMLE-Quote,2013-5-30,0.170088
HD,66181,QMLE-Quote,2013-5-31,0.180609
HD,66181,QMLE-Quote,2013-6-3,0.215802
HD,66181,QMLE-Quote,2013-6-4,0.219897
HD,66181,QMLE-Quote,2013-6-5,0.248074
HD,66181,QMLE-Quote,2013-6-6,0.217868
HD,66181,QMLE-Quote,2013-6-7,0.198967
HD,66181,QMLE-Quote,2013-6-10,0.217135
HD,66181,QMLE-Quote,2013-6-11,0.241351
HD,66181,QMLE-Quote,2013-6-12,0.177116
HD,66181,QMLE-Quote,2013-6-13,0.139017
HD,66181,QMLE-Quote,2013-6-14,0.162608
HD,66181,QMLE-Quote,2013-6-17,0.184168
HD,66181,QMLE-Quote,2013-6-18,0.147615
HD,66181,QMLE-Quote,2013-6-19,0.186724
HD,66181,QMLE-Quote,2013-6-20,0.213088
HD,66181,QMLE-Quote,2013-6-21,0.217537
HD,66181,QMLE-Quote,2013-6-24,0.24308
HD,66181,QMLE-Quote,2013-6-25,0.18105
HD,66181,QMLE-Quote,2013-6-26,0.174503
HD,66181,QMLE-Quote,2013-6-27,0.164917
HD,66181,QMLE-Quote,2013-6-28,0.166826
HD,66181,QMLE-Quote,2013-7-1,0.181827
HD,66181,QMLE-Quote,2013-7-2,0.176901
HD,66181,QMLE-Quote,2013-7-3,0.180992
HD,66181,QMLE-Quote,2013-7-5,0.152432
HD,66181,QMLE-Quote,2013-7-8,0.134891
HD,66181,QMLE-Quote,2013-7-9,0.132295
HD,66181,QMLE-Quote,2013-7-10,0.171808
HD,66181,QMLE-Quote,2013-7-11,0.144935
HD,66181,QMLE-Quote,2013-7-12,0.102618
HD,66181,QMLE-Quote,2013-7-15,0.119683
HD,66181,QMLE-Quote,2013-7-16,0.114524
HD,66181,QMLE-Quote,2013-7-17,0.105939
HD,66181,QMLE-Quote,2013-7-18,0.102127
HD,66181,QMLE-Quote,2013-7-19,0.118097
HD,66181,QMLE-Quote,2013-7-22,0.124694
HD,66181,QMLE-Quote,2013-7-23,0.0962112
HD,66181,QMLE-Quote,2013-7-24,0.137331
HD,66181,QMLE-Quote,2013-7-25,0.162143
HD,66181,QMLE-Quote,2013-7-26,0.158912
HD,66181,QMLE-Quote,2013-7-29,0.108447
HD,66181,QMLE-Quote,2013-7-30,0.109799
HD,66181,QMLE-Quote,2013-7-31,0.15173
HD,66181,QMLE-Quote,2013-8-1,0.139393
HD,66181,QMLE-Quote,2013-8-2,0.128335
HD,66181,QMLE-Quote,2013-8-5,0.106969
HD,66181,QMLE-Quote,2013-8-6,0.142739
HD,66181,QMLE-Quote,2013-8-7,0.121269
HD,66181,QMLE-Quote,2013-8-8,0.108316
HD,66181,QMLE-Quote,2013-8-9,0.156299
HD,66181,QMLE-Quote,2013-8-12,0.124106
HD,66181,QMLE-Quote,2013-8-13,0.155784
HD,66181,QMLE-Quote,2013-8-14,0.179484
HD,66181,QMLE-Quote,2013-8-15,0.215965
HD,66181,QMLE-Quote,2013-8-16,0.18708
HD,66181,QMLE-Quote,2013-8-19,0.183281
HD,66181,QMLE-Quote,2013-8-20,0.334455
HD,66181,QMLE-Quote,2013-8-21,0.248742
HD,66181,QMLE-Quote,2013-8-22,0.158478
HD,66181,QMLE-Quote,2013-8-23,0.167732
HD,66181,QMLE-Quote,2013-8-26,0.17364
HD,66181,QMLE-Quote,2013-8-27,0.166994
HD,66181,QMLE-Quote,2013-8-28,0.180418
HD,66181,QMLE-Quote,2013-8-29,0.138057
HD,66181,QMLE-Quote,2013-8-30,0.127802
HD,66181,QMLE-Quote,2013-9-3,0.178883
HD,66181,QMLE-Quote,2013-9-4,0.103161
HD,66181,QMLE-Quote,2013-9-5,0.129707
HD,66181,QMLE-Quote,2013-9-6,0.210616
HD,66181,QMLE-Quote,2013-9-9,0.14772
HD,66181,QMLE-Quote,2013-9-10,0.124513
HD,66181,QMLE-Quote,2013-9-11,0.15035
HD,66181,QMLE-Quote,2013-9-12,0.129022
HD,66181,QMLE-Quote,2013-9-13,0.112963
HD,66181,QMLE-Quote,2013-9-16,0.172016
HD,66181,QMLE-Quote,2013-9-17,0.124959
HD,66181,QMLE-Quote,2013-9-18,0.218747
HD,66181,QMLE-Quote,2013-9-19,0.156166
HD,66181,QMLE-Quote,2013-9-20,0.167326
HD,66181,QMLE-Quote,2013-9-23,0.14167
HD,66181,QMLE-Quote,2013-9-24,0.131561
HD,66181,QMLE-Quote,2013-9-25,0.178536
HD,66181,QMLE-Quote,2013-9-26,0.141492
HD,66181,QMLE-Quote,2013-9-27,0.133334
HD,66181,QMLE-Quote,2013-9-30,0.128367
HD,66181,QMLE-Quote,2013-10-1,0.110176
HD,66181,QMLE-Quote,2013-10-2,0.121922
HD,66181,QMLE-Quote,2013-10-3,0.171351
HD,66181,QMLE-Quote,2013-10-4,0.126005
HD,66181,QMLE-Quote,2013-10-7,0.129475
HD,66181,QMLE-Quote,2013-10-8,0.137588
HD,66181,QMLE-Quote,2013-10-9,0.15241
HD,66181,QMLE-Quote,2013-10-10,0.12396
HD,66181,QMLE-Quote,2013-10-11,0.108779
HD,66181,QMLE-Quote,2013-10-14,0.126819
HD,66181,QMLE-Quote,2013-10-15,0.167711
HD,66181,QMLE-Quote,2013-10-16,0.174913
HD,66181,QMLE-Quote,2013-10-17,0.109546
HD,66181,QMLE-Quote,2013-10-18,0.222815
HD,66181,QMLE-Quote,2013-10-21,0.121029
HD,66181,QMLE-Quote,2013-10-22,0.117485
HD,66181,QMLE-Quote,2013-10-23,0.145571
HD,66181,QMLE-Quote,2013-10-24,0.124035
HD,66181,QMLE-Quote,2013-10-25,0.104415
HD,66181,QMLE-Quote,2013-10-28,0.121262
HD,66181,QMLE-Quote,2013-10-29,0.123955
HD,66181,QMLE-Quote,2013-10-30,0.171308
HD,66181,QMLE-Quote,2013-10-31,0.137593
HD,66181,QMLE-Quote,2013-11-1,0.14564
HD,66181,QMLE-Quote,2013-11-4,0.0992842
HD,66181,QMLE-Quote,2013-11-5,0.118283
HD,66181,QMLE-Quote,2013-11-6,0.12391
HD,66181,QMLE-Quote,2013-11-7,0.151628
HD,66181,QMLE-Quote,2013-11-8,0.158287
HD,66181,QMLE-Quote,2013-11-11,0.121091
HD,66181,QMLE-Quote,2013-11-12,0.16975
HD,66181,QMLE-Quote,2013-11-13,0.137823
HD,66181,QMLE-Quote,2013-11-14,0.150778
HD,66181,QMLE-Quote,2013-11-15,0.115146
HD,66181,QMLE-Quote,2013-11-18,0.14636
HD,66181,QMLE-Quote,2013-11-19,0.264736
HD,66181,QMLE-Quote,2013-11-20,0.149261
HD,66181,QMLE-Quote,2013-11-21,0.131653
HD,66181,QMLE-Quote,2013-11-22,0.147405
HD,66181,QMLE-Quote,2013-11-25,0.101409
HD,66181,QMLE-Quote,2013-11-26,0.134315
HD,66181,QMLE-Quote,2013-11-27,0.109333
HD,66181,QMLE-Quote,2013-11-29,0.146566
HD,66181,QMLE-Quote,2013-12-2,0.15721
HD,66181,QMLE-Quote,2013-12-3,0.136259
HD,66181,QMLE-Quote,2013-12-4,0.177795
HD,66181,QMLE-Quote,2013-12-5,0.130204
HD,66181,QMLE-Quote,2013-12-6,0.13096
HD,66181,QMLE-Quote,2013-12-9,0.132037
HD,66181,QMLE-Quote,2013-12-10,0.16143
HD,66181,QMLE-Quote,2013-12-11,0.171106
HD,66181,QMLE-Quote,2013-12-12,0.169274
HD,66181,QMLE-Quote,2013-12-13,0.147773
HD,66181,QMLE-Quote,2013-12-16,0.16752
HD,66181,QMLE-Quote,2013-12-17,0.099578
HD,66181,QMLE-Quote,2013-12-18,0.197282
HD,66181,QMLE-Quote,2013-12-19,0.140659
HD,66181,QMLE-Quote,2013-12-20,0.119127
HD,66181,QMLE-Quote,2013-12-23,0.12155
HD,66181,QMLE-Quote,2013-12-24,0.104488
HD,66181,QMLE-Quote,2013-12-26,0.126344
HD,66181,QMLE-Quote,2013-12-27,0.143913
HD,66181,QMLE-Quote,2013-12-30,0.107152
HD,66181,QMLE-Quote,2013-12-31,0.111035
HD,66181,QMLE-Quote,2014-1-2,0.154437
HD,66181,QMLE-Quote,2014-1-3,0.139562
HD,66181,QMLE-Quote,2014-1-6,0.136943
HD,66181,QMLE-Quote,2014-1-7,0.104307
HD,66181,QMLE-Quote,2014-1-8,0.14482
HD,66181,QMLE-Quote,2014-1-9,0.124313
HD,66181,QMLE-Quote,2014-1-10,0.124918
HD,66181,QMLE-Quote,2014-1-13,0.138425
HD,66181,QMLE-Quote,2014-1-14,0.139863
HD,66181,QMLE-Quote,2014-1-15,0.157905
HD,66181,QMLE-Quote,2014-1-16,0.130715
HD,66181,QMLE-Quote,2014-1-17,0.137079
HD,66181,QMLE-Quote,2014-1-21,0.13799
HD,66181,QMLE-Quote,2014-1-22,0.150211
HD,66181,QMLE-Quote,2014-1-23,0.14957
HD,66181,QMLE-Quote,2014-1-24,0.176207
HD,66181,QMLE-Quote,2014-1-27,0.16819
HD,66181,QMLE-Quote,2014-1-28,0.161983
HD,66181,QMLE-Quote,2014-1-29,0.220031
HD,66181,QMLE-Quote,2014-1-30,0.183268
HD,66181,QMLE-Quote,2014-1-31,0.163465
HD,66181,QMLE-Quote,2014-2-3,0.210056
HD,66181,QMLE-Quote,2014-2-4,0.191732
HD,66181,QMLE-Quote,2014-2-5,0.182265
HD,66181,QMLE-Quote,2014-2-6,0.132992
HD,66181,QMLE-Quote,2014-2-7,0.169404
HD,66181,QMLE-Quote,2014-2-10,0.122125
HD,66181,QMLE-Quote,2014-2-11,0.0974498
HD,66181,QMLE-Quote,2014-2-12,0.0964854
HD,66181,QMLE-Quote,2014-2-13,0.0955376
HD,66181,QMLE-Quote,2014-2-14,0.101509
HD,66181,QMLE-Quote,2014-2-18,0.145222
HD,66181,QMLE-Quote,2014-2-19,0.122163
HD,66181,QMLE-Quote,2014-2-20,0.118283
HD,66181,QMLE-Quote,2014-2-21,0.117273
HD,66181,QMLE-Quote,2014-2-24,0.12385
HD,66181,QMLE-Quote,2014-2-25,0.20412
HD,66181,QMLE-Quote,2014-2-26,0.195563
HD,66181,QMLE-Quote,2014-2-27,0.174414
HD,66181,QMLE-Quote,2014-2-28,0.155961
HD,66181,QMLE-Quote,2014-3-3,0.200301
HD,66181,QMLE-Quote,2014-3-4,0.112976
HD,66181,QMLE-Quote,2014-3-5,0.0947172
HD,66181,QMLE-Quote,2014-3-6,0.115966
HD,66181,QMLE-Quote,2014-3-7,0.109778
HD,66181,QMLE-Quote,2014-3-10,0.0969344
HD,66181,QMLE-Quote,2014-3-11,0.102921
HD,66181,QMLE-Quote,2014-3-12,0.121576
HD,66181,QMLE-Quote,2014-3-13,0.120641
HD,66181,QMLE-Quote,2014-3-14,0.167613
HD,66181,QMLE-Quote,2014-3-17,0.119416
HD,66181,QMLE-Quote,2014-3-18,0.102582
HD,66181,QMLE-Quote,2014-3-19,0.147475
HD,66181,QMLE-Quote,2014-3-20,0.0975137
HD,66181,QMLE-Quote,2014-3-21,0.200106
HD,66181,QMLE-Quote,2014-3-24,0.155033
HD,66181,QMLE-Quote,2014-3-25,0.115245
HD,66181,QMLE-Quote,2014-3-26,0.124242
HD,66181,QMLE-Quote,2014-3-27,0.135564
HD,66181,QMLE-Quote,2014-3-28,0.129077
HD,66181,QMLE-Quote,2014-3-31,0.0938069
HD,66181,QMLE-Quote,2014-4-1,0.100183
HD,66181,QMLE-Quote,2014-4-2,0.120006
HD,66181,QMLE-Quote,2014-4-3,0.0999424
HD,66181,QMLE-Quote,2014-4-4,0.149862
HD,66181,QMLE-Quote,2014-4-7,0.155054
HD,66181,QMLE-Quote,2014-4-8,0.167795
HD,66181,QMLE-Quote,2014-4-9,0.150814
HD,66181,QMLE-Quote,2014-4-10,0.170808
HD,66181,QMLE-Quote,2014-4-11,0.157467
HD,66181,QMLE-Quote,2014-4-14,0.169349
HD,66181,QMLE-Quote,2014-4-15,0.190055
HD,66181,QMLE-Quote,2014-4-16,0.145188
HD,66181,QMLE-Quote,2014-4-17,0.157026
HD,66181,QMLE-Quote,2014-4-21,0.142473
HD,66181,QMLE-Quote,2014-4-22,0.169453
HD,66181,QMLE-Quote,2014-4-23,0.170474
HD,66181,QMLE-Quote,2014-4-24,0.130636
HD,66181,QMLE-Quote,2014-4-25,0.126376
HD,66181,QMLE-Quote,2014-4-28,0.195274
HD,66181,QMLE-Quote,2014-4-29,0.139931
HD,66181,QMLE-Quote,2014-4-30,0.157831
HD,66181,QMLE-Quote,2014-5-1,0.110782
HD,66181,QMLE-Quote,2014-5-2,0.128408
HD,66181,QMLE-Quote,2014-5-5,0.126554
HD,66181,QMLE-Quote,2014-5-6,0.109179
HD,66181,QMLE-Quote,2014-5-7,0.157176
HD,66181,QMLE-Quote,2014-5-8,0.148769
HD,66181,QMLE-Quote,2014-5-9,0.128058
HD,66181,QMLE-Quote,2014-5-12,0.116322
HD,66181,QMLE-Quote,2014-5-13,0.118932
HD,66181,QMLE-Quote,2014-5-14,0.110532
HD,66181,QMLE-Quote,2014-5-15,0.204316
HD,66181,QMLE-Quote,2014-5-16,0.12023
HD,66181,QMLE-Quote,2014-5-19,0.115704
HD,66181,QMLE-Quote,2014-5-20,0.230889
HD,66181,QMLE-Quote,2014-5-21,0.160829
HD,66181,QMLE-Quote,2014-5-22,0.124569
HD,66181,QMLE-Quote,2014-5-23,0.112268
HD,66181,QMLE-Quote,2014-5-27,0.0911256
HD,66181,QMLE-Quote,2014-5-28,0.10244
HD,66181,QMLE-Quote,2014-5-29,0.0899392
HD,66181,QMLE-Quote,2014-5-30,0.0754268
HD,66181,QMLE-Quote,2014-6-2,0.0803463
HD,66181,QMLE-Quote,2014-6-3,0.0803191
HD,66181,QMLE-Quote,2014-6-4,0.0931116
HD,66181,QMLE-Quote,2014-6-5,0.105861
HD,66181,QMLE-Quote,2014-6-6,0.112099
HD,66181,QMLE-Quote,2014-6-9,0.0988457
HD,66181,QMLE-Quote,2014-6-10,0.0836242
HD,66181,QMLE-Quote,2014-6-11,0.0991982
HD,66181,QMLE-Quote,2014-6-12,0.131891
HD,66181,QMLE-Quote,2014-6-13,0.119285
HD,66181,QMLE-Quote,2014-6-16,0.111853
HD,66181,QMLE-Quote,2014-6-17,0.133117
HD,66181,QMLE-Quote,2014-6-18,0.120144
HD,66181,QMLE-Quote,2014-6-19,0.108991
HD,66181,QMLE-Quote,2014-6-20,0.104553
HD,66181,QMLE-Quote,2014-6-23,0.105715
HD,66181,QMLE-Quote,2014-6-24,0.118602
HD,66181,QMLE-Quote,2014-6-25,0.115609
HD,66181,QMLE-Quote,2014-6-26,0.137353
HD,66181,QMLE-Quote,2014-6-27,0.0808628
HD,66181,QMLE-Quote,2014-6-30,0.123769
HD,66181,QMLE-Quote,2014-7-1,0.110361
HD,66181,QMLE-Quote,2014-7-2,0.093836
HD,66181,QMLE-Quote,2014-7-3,0.128738
HD,66181,QMLE-Quote,2014-7-7,0.11205
HD,66181,QMLE-Quote,2014-7-8,0.114021
HD,66181,QMLE-Quote,2014-7-9,0.158975
HD,66181,QMLE-Quote,2014-7-10,0.193993
HD,66181,QMLE-Quote,2014-7-11,0.12599
HD,66181,QMLE-Quote,2014-7-14,0.103958
HD,66181,QMLE-Quote,2014-7-15,0.118368
HD,66181,QMLE-Quote,2014-7-16,0.10798
HD,66181,QMLE-Quote,2014-7-17,0.124463
HD,66181,QMLE-Quote,2014-7-18,0.0878505
HD,66181,QMLE-Quote,2014-7-21,0.0787874
HD,66181,QMLE-Quote,2014-7-22,0.0724269
HD,66181,QMLE-Quote,2014-7-23,0.0669219
HD,66181,QMLE-Quote,2014-7-24,0.116845
HD,66181,QMLE-Quote,2014-7-25,0.102505
HD,66181,QMLE-Quote,2014-7-28,0.104845
HD,66181,QMLE-Quote,2014-7-29,0.119645
HD,66181,QMLE-Quote,2014-7-30,0.122323
HD,66181,QMLE-Quote,2014-7-31,0.119111
HD,66181,QMLE-Quote,2014-8-1,0.118347
HD,66181,QMLE-Quote,2014-8-4,0.0911299
HD,66181,QMLE-Quote,2014-8-5,0.134747
HD,66181,QMLE-Quote,2014-8-6,0.114962
HD,66181,QMLE-Quote,2014-8-7,0.109427
HD,66181,QMLE-Quote,2014-8-8,0.142774
HD,66181,QMLE-Quote,2014-8-11,0.106183
HD,66181,QMLE-Quote,2014-8-12,0.123792
HD,66181,QMLE-Quote,2014-8-13,0.0820986
HD,66181,QMLE-Quote,2014-8-14,0.0925802
HD,66181,QMLE-Quote,2014-8-15,0.135353
HD,66181,QMLE-Quote,2014-8-18,0.148805
HD,66181,QMLE-Quote,2014-8-19,0.224987
HD,66181,QMLE-Quote,2014-8-20,0.193488
HD,66181,QMLE-Quote,2014-8-21,0.144088
HD,66181,QMLE-Quote,2014-8-22,0.12337
HD,66181,QMLE-Quote,2014-8-25,0.108344
HD,66181,QMLE-Quote,2014-8-26,0.0825191
HD,66181,QMLE-Quote,2014-8-27,0.0846554
HD,66181,QMLE-Quote,2014-8-28,0.111758
HD,66181,QMLE-Quote,2014-8-29,0.108002
HD,66181,QMLE-Quote,2014-9-2,0.317617
HD,66181,QMLE-Quote,2014-9-3,0.177815
HD,66181,QMLE-Quote,2014-9-4,0.14636
HD,66181,QMLE-Quote,2014-9-5,0.139519
HD,66181,QMLE-Quote,2014-9-8,0.1277
HD,66181,QMLE-Quote,2014-9-9,0.150271
HD,66181,QMLE-Quote,2014-9-10,0.146281
HD,66181,QMLE-Quote,2014-9-11,0.101698
HD,66181,QMLE-Quote,2014-9-12,0.127522
HD,66181,QMLE-Quote,2014-9-15,0.113522
HD,66181,QMLE-Quote,2014-9-16,0.137086
HD,66181,QMLE-Quote,2014-9-17,0.134666
HD,66181,QMLE-Quote,2014-9-18,0.127583
HD,66181,QMLE-Quote,2014-9-19,0.133792
HD,66181,QMLE-Quote,2014-9-22,0.120815
HD,66181,QMLE-Quote,2014-9-23,0.110401
HD,66181,QMLE-Quote,2014-9-24,0.127497
HD,66181,QMLE-Quote,2014-9-25,0.131088
HD,66181,QMLE-Quote,2014-9-26,0.129105
HD,66181,QMLE-Quote,2014-9-29,0.135128
HD,66181,QMLE-Quote,2014-9-30,0.145344
HD,66181,QMLE-Quote,2014-10-1,0.185738
HD,66181,QMLE-Quote,2014-10-2,0.162758
HD,66181,QMLE-Quote,2014-10-3,0.128761
HD,66181,QMLE-Quote,2014-10-6,0.149244
HD,66181,QMLE-Quote,2014-10-7,0.138747
HD,66181,QMLE-Quote,2014-10-8,0.149367
HD,66181,QMLE-Quote,2014-10-9,0.208108
HD,66181,QMLE-Quote,2014-10-10,0.183289
HD,66181,QMLE-Quote,2014-10-13,0.208076
HD,66181,QMLE-Quote,2014-10-14,0.242243
HD,66181,QMLE-Quote,2014-10-15,0.332846
HD,66181,QMLE-Quote,2014-10-16,0.320032
HD,66181,QMLE-Quote,2014-10-17,0.187198
HD,66181,QMLE-Quote,2014-10-20,0.137684
HD,66181,QMLE-Quote,2014-10-21,0.128348
HD,66181,QMLE-Quote,2014-10-22,0.165836
HD,66181,QMLE-Quote,2014-10-23,0.149975
HD,66181,QMLE-Quote,2014-10-24,0.133555
HD,66181,QMLE-Quote,2014-10-27,0.144901
HD,66181,QMLE-Quote,2014-10-28,0.127155
HD,66181,QMLE-Quote,2014-10-29,0.176193
HD,66181,QMLE-Quote,2014-10-30,0.17642
HD,66181,QMLE-Quote,2014-10-31,0.163871
HD,66181,QMLE-Quote,2014-11-3,0.126405
HD,66181,QMLE-Quote,2014-11-4,0.131789
HD,66181,QMLE-Quote,2014-11-5,0.133987
HD,66181,QMLE-Quote,2014-11-6,0.130496
HD,66181,QMLE-Quote,2014-11-7,0.0997284
HD,66181,QMLE-Quote,2014-11-10,0.0983986
HD,66181,QMLE-Quote,2014-11-11,0.0945348
HD,66181,QMLE-Quote,2014-11-12,0.111746
HD,66181,QMLE-Quote,2014-11-13,0.142441
HD,66181,QMLE-Quote,2014-11-14,0.115108
HD,66181,QMLE-Quote,2014-11-17,0.131594
HD,66181,QMLE-Quote,2014-11-18,0.240203
HD,66181,QMLE-Quote,2014-11-19,0.162062
HD,66181,QMLE-Quote,2014-11-20,0.114128
HD,66181,QMLE-Quote,2014-11-21,0.155084
HD,66181,QMLE-Quote,2014-11-24,0.105968
HD,66181,QMLE-Quote,2014-11-25,0.155135
HD,66181,QMLE-Quote,2014-11-26,0.112473
HD,66181,QMLE-Quote,2014-11-28,0.160428
HD,66181,QMLE-Quote,2014-12-1,0.156735
HD,66181,QMLE-Quote,2014-12-2,0.12448
HD,66181,QMLE-Quote,2014-12-3,0.11522
HD,66181,QMLE-Quote,2014-12-4,0.123013
HD,66181,QMLE-Quote,2014-12-5,0.107744
HD,66181,QMLE-Quote,2014-12-8,0.139459
HD,66181,QMLE-Quote,2014-12-9,0.152414
HD,66181,QMLE-Quote,2014-12-10,0.199056
HD,66181,QMLE-Quote,2014-12-11,0.199174
HD,66181,QMLE-Quote,2014-12-12,0.22215
HD,66181,QMLE-Quote,2014-12-15,0.235484
HD,66181,QMLE-Quote,2014-12-16,0.232493
HD,66181,QMLE-Quote,2014-12-17,0.255589
HD,66181,QMLE-Quote,2014-12-18,0.162948
HD,66181,QMLE-Quote,2014-12-19,0.173737
HD,66181,QMLE-Quote,2014-12-22,0.172616
HD,66181,QMLE-Quote,2014-12-23,0.133874
HD,66181,QMLE-Quote,2014-12-24,0.137893
HD,66181,QMLE-Quote,2014-12-26,0.0957481
HD,66181,QMLE-Quote,2014-12-29,0.134024
HD,66181,QMLE-Quote,2014-12-30,0.125664
HD,66181,QMLE-Quote,2014-12-31,0.174748
HD,66181,QMLE-Quote,2015-1-2,0.167149
HD,66181,QMLE-Quote,2015-1-5,0.178736
HD,66181,QMLE-Quote,2015-1-6,0.190514
HD,66181,QMLE-Quote,2015-1-7,0.195563
HD,66181,QMLE-Quote,2015-1-8,0.157909
HD,66181,QMLE-Quote,2015-1-9,0.166358
HD,66181,QMLE-Quote,2015-1-12,0.158742
HD,66181,QMLE-Quote,2015-1-13,0.171828
HD,66181,QMLE-Quote,2015-1-14,0.220731
HD,66181,QMLE-Quote,2015-1-15,0.223736
HD,66181,QMLE-Quote,2015-1-16,0.193993
HD,66181,QMLE-Quote,2015-1-20,0.194341
HD,66181,QMLE-Quote,2015-1-21,0.233859
HD,66181,QMLE-Quote,2015-1-22,0.178349
HD,66181,QMLE-Quote,2015-1-23,0.125683
HD,66181,QMLE-Quote,2015-1-26,0.141878
HD,66181,QMLE-Quote,2015-1-27,0.190911
HD,66181,QMLE-Quote,2015-1-28,0.246564
HD,66181,QMLE-Quote,2015-1-29,0.233783
HD,66181,QMLE-Quote,2015-1-30,0.213951
HD,66181,QMLE-Quote,2015-2-2,0.248477
HD,66181,QMLE-Quote,2015-2-3,0.238905
HD,66181,QMLE-Quote,2015-2-4,0.200168
HD,66181,QMLE-Quote,2015-2-5,0.163619
HD,66181,QMLE-Quote,2015-2-6,0.166807
HD,66181,QMLE-Quote,2015-2-9,0.173233
HD,66181,QMLE-Quote,2015-2-10,0.156543
HD,66181,QMLE-Quote,2015-2-11,0.15309
HD,66181,QMLE-Quote,2015-2-12,0.160127
HD,66181,QMLE-Quote,2015-2-13,0.138552
HD,66181,QMLE-Quote,2015-2-17,0.132452
HD,66181,QMLE-Quote,2015-2-18,0.112788
HD,66181,QMLE-Quote,2015-2-19,0.104718
HD,66181,QMLE-Quote,2015-2-20,0.136685
HD,66181,QMLE-Quote,2015-2-23,0.146276
HD,66181,QMLE-Quote,2015-2-24,0.265927
HD,66181,QMLE-Quote,2015-2-25,0.198774
HD,66181,QMLE-Quote,2015-2-26,0.1438
HD,66181,QMLE-Quote,2015-2-27,0.118606
HD,66181,QMLE-Quote,2015-3-2,0.127956
HD,66181,QMLE-Quote,2015-3-3,0.118087
HD,66181,QMLE-Quote,2015-3-4,0.145939
HD,66181,QMLE-Quote,2015-3-5,0.126515
HD,66181,QMLE-Quote,2015-3-6,0.152993
HD,66181,QMLE-Quote,2015-3-9,0.134219
HD,66181,QMLE-Quote,2015-3-10,0.144607
HD,66181,QMLE-Quote,2015-3-11,0.144467
HD,66181,QMLE-Quote,2015-3-12,0.127324
HD,66181,QMLE-Quote,2015-3-13,0.186557
HD,66181,QMLE-Quote,2015-3-16,0.160208
HD,66181,QMLE-Quote,2015-3-17,0.159864
HD,66181,QMLE-Quote,2015-3-18,0.202233
HD,66181,QMLE-Quote,2015-3-19,0.131366
HD,66181,QMLE-Quote,2015-3-20,0.14112
HD,66181,QMLE-Quote,2015-3-23,0.12429
HD,66181,QMLE-Quote,2015-3-24,0.16074
HD,66181,QMLE-Quote,2015-3-25,0.162394
HD,66181,QMLE-Quote,2015-3-26,0.219133
HD,66181,QMLE-Quote,2015-3-27,0.166186
HD,66181,QMLE-Quote,2015-3-30,0.144342
HD,66181,QMLE-Quote,2015-3-31,0.165689
HD,66181,QMLE-Quote,2015-4-1,0.19551
HD,66181,QMLE-Quote,2015-4-2,0.162047
HD,66181,QMLE-Quote,2015-4-6,0.140284
HD,66181,QMLE-Quote,2015-4-7,0.139442
HD,66181,QMLE-Quote,2015-4-8,0.199287
HD,66181,QMLE-Quote,2015-4-9,0.148791
HD,66181,QMLE-Quote,2015-4-10,0.11251
HD,66181,QMLE-Quote,2015-4-13,0.100555
HD,66181,QMLE-Quote,2015-4-14,0.18048
HD,66181,QMLE-Quote,2015-4-15,0.1412
HD,66181,QMLE-Quote,2015-4-16,0.129669
HD,66181,QMLE-Quote,2015-4-17,0.184698
HD,66181,QMLE-Quote,2015-4-20,0.14163
HD,66181,QMLE-Quote,2015-4-21,0.144613
HD,66181,QMLE-Quote,2015-4-22,0.149836
HD,66181,QMLE-Quote,2015-4-23,0.142335
HD,66181,QMLE-Quote,2015-4-24,0.153005
HD,66181,QMLE-Quote,2015-4-27,0.128968
HD,66181,QMLE-Quote,2015-4-28,0.173416
HD,66181,QMLE-Quote,2015-4-29,0.199625
HD,66181,QMLE-Quote,2015-4-30,0.183738
HD,66181,QMLE-Quote,2015-5-1,0.189617
HD,66181,QMLE-Quote,2015-5-4,0.112536
HD,66181,QMLE-Quote,2015-5-5,0.165633
HD,66181,QMLE-Quote,2015-5-6,0.187148
HD,66181,QMLE-Quote,2015-5-7,0.183278
HD,66181,QMLE-Quote,2015-5-8,0.123643
HD,66181,QMLE-Quote,2015-5-11,0.130542
HD,66181,QMLE-Quote,2015-5-12,0.173301
HD,66181,QMLE-Quote,2015-5-13,0.198208
HD,66181,QMLE-Quote,2015-5-14,0.139008
HD,66181,QMLE-Quote,2015-5-15,0.111975
HD,66181,QMLE-Quote,2015-5-18,0.14658
HD,66181,QMLE-Quote,2015-5-19,0.242848
HD,66181,QMLE-Quote,2015-5-20,0.206672
HD,66181,QMLE-Quote,2015-5-21,0.104887
HD,66181,QMLE-Quote,2015-5-22,0.0886577
HD,66181,QMLE-Quote,2015-5-26,0.119382
HD,66181,QMLE-Quote,2015-5-27,0.113684
HD,66181,QMLE-Quote,2015-5-28,0.114217
HD,66181,QMLE-Quote,2015-5-29,0.127781
HD,66181,QMLE-Quote,2015-6-1,0.159673
HD,66181,QMLE-Quote,2015-6-2,0.156468
HD,66181,QMLE-Quote,2015-6-3,0.143848
HD,66181,QMLE-Quote,2015-6-4,0.153415
HD,66181,QMLE-Quote,2015-6-5,0.119561
HD,66181,QMLE-Quote,2015-6-8,0.107168
HD,66181,QMLE-Quote,2015-6-9,0.123638
HD,66181,QMLE-Quote,2015-6-10,0.126378
HD,66181,QMLE-Quote,2015-6-11,0.10793
HD,66181,QMLE-Quote,2015-6-12,0.124938
HD,66181,QMLE-Quote,2015-6-15,0.141074
HD,66181,QMLE-Quote,2015-6-16,0.0974608
HD,66181,QMLE-Quote,2015-6-17,0.142823
HD,66181,QMLE-Quote,2015-6-18,0.128545
HD,66181,QMLE-Quote,2015-6-19,0.129475
HD,66181,QMLE-Quote,2015-6-22,0.105082
HD,66181,QMLE-Quote,2015-6-23,0.108681
HD,66181,QMLE-Quote,2015-6-24,0.108807
HD,66181,QMLE-Quote,2015-6-25,0.1073
HD,66181,QMLE-Quote,2015-6-26,0.120566
HD,66181,QMLE-Quote,2015-6-29,0.136095
HD,66181,QMLE-Quote,2015-6-30,0.163124
HD,66181,QMLE-Quote,2015-7-1,0.144525
HD,66181,QMLE-Quote,2015-7-2,0.11654
HD,66181,QMLE-Quote,2015-7-6,0.122194
HD,66181,QMLE-Quote,2015-7-7,0.1683
HD,66181,QMLE-Quote,2015-7-8,0.184839
HD,66181,QMLE-Quote,2015-7-9,0.122597
HD,66181,QMLE-Quote,2015-7-10,0.123534
HD,66181,QMLE-Quote,2015-7-13,0.0895401
HD,66181,QMLE-Quote,2015-7-14,0.0885288
HD,66181,QMLE-Quote,2015-7-15,0.0906701
HD,66181,QMLE-Quote,2015-7-16,0.148919
HD,66181,QMLE-Quote,2015-7-17,0.107689
HD,66181,QMLE-Quote,2015-7-20,0.132159
HD,66181,QMLE-Quote,2015-7-21,0.125005
HD,66181,QMLE-Quote,2015-7-22,0.136508
HD,66181,QMLE-Quote,2015-7-23,0.111674
HD,66181,QMLE-Quote,2015-7-24,0.116344
HD,66181,QMLE-Quote,2015-7-27,0.161474
HD,66181,QMLE-Quote,2015-7-28,0.130635
HD,66181,QMLE-Quote,2015-7-29,0.149833
HD,66181,QMLE-Quote,2015-7-30,0.139646
HD,66181,QMLE-Quote,2015-7-31,0.115517
HD,66181,QMLE-Quote,2015-8-3,0.127676
HD,66181,QMLE-Quote,2015-8-4,0.132132
HD,66181,QMLE-Quote,2015-8-5,0.122982
HD,66181,QMLE-Quote,2015-8-6,0.128162
HD,66181,QMLE-Quote,2015-8-7,0.128629
HD,66181,QMLE-Quote,2015-8-10,0.11639
HD,66181,QMLE-Quote,2015-8-11,0.116156
HD,66181,QMLE-Quote,2015-8-12,0.158991
HD,66181,QMLE-Quote,2015-8-13,0.167773
HD,66181,QMLE-Quote,2015-8-14,0.152722
HD,66181,QMLE-Quote,2015-8-17,0.140316
HD,66181,QMLE-Quote,2015-8-18,0.255013
HD,66181,QMLE-Quote,2015-8-19,0.178233
HD,66181,QMLE-Quote,2015-8-20,0.184673
HD,66181,QMLE-Quote,2015-8-21,0.231518
HD,66181,QMLE-Quote,2015-8-24,2.46024
HD,66181,QMLE-Quote,2015-8-25,0.378783
HD,66181,QMLE-Quote,2015-8-26,0.36085
HD,66181,QMLE-Quote,2015-8-27,0.259404
HD,66181,QMLE-Quote,2015-8-28,0.197947
HD,66181,QMLE-Quote,2015-8-31,0.172651
HD,66181,QMLE-Quote,2015-9-1,0.263583
HD,66181,QMLE-Quote,2015-9-2,0.190299
HD,66181,QMLE-Quote,2015-9-3,0.185647
HD,66181,QMLE-Quote,2015-9-4,0.2214
HD,66181,QMLE-Quote,2015-9-8,0.174851
HD,66181,QMLE-Quote,2015-9-9,0.191632
HD,66181,QMLE-Quote,2015-9-10,0.211183
HD,66181,QMLE-Quote,2015-9-11,0.158897
HD,66181,QMLE-Quote,2015-9-14,0.141663
HD,66181,QMLE-Quote,2015-9-15,0.162819
HD,66181,QMLE-Quote,2015-9-16,0.16843
HD,66181,QMLE-Quote,2015-9-17,0.274785
HD,66181,QMLE-Quote,2015-9-18,0.194711
HD,66181,QMLE-Quote,2015-9-21,0.178605
HD,66181,QMLE-Quote,2015-9-22,0.184283
HD,66181,QMLE-Quote,2015-9-23,0.157563
HD,66181,QMLE-Quote,2015-9-24,0.183402
HD,66181,QMLE-Quote,2015-9-25,0.171237
HD,66181,QMLE-Quote,2015-9-28,0.199284
HD,66181,QMLE-Quote,2015-9-29,0.21891
HD,66181,QMLE-Quote,2015-9-30,0.177749
HD,66181,QMLE-Quote,2015-10-1,0.24283
HD,66181,QMLE-Quote,2015-10-2,0.200326
HD,66181,QMLE-Quote,2015-10-5,0.155376
HD,66181,QMLE-Quote,2015-10-6,0.170017
HD,66181,QMLE-Quote,2015-10-7,0.166178
HD,66181,QMLE-Quote,2015-10-8,0.152597
HD,66181,QMLE-Quote,2015-10-9,0.115952
HD,66181,QMLE-Quote,2015-10-12,0.106465
HD,66181,QMLE-Quote,2015-10-13,0.117115
HD,66181,QMLE-Quote,2015-10-14,0.161222
HD,66181,QMLE-Quote,2015-10-15,0.138382
HD,66181,QMLE-Quote,2015-10-16,0.123828
HD,66181,QMLE-Quote,2015-10-19,0.118831
HD,66181,QMLE-Quote,2015-10-20,0.127059
HD,66181,QMLE-Quote,2015-10-21,0.127863
HD,66181,QMLE-Quote,2015-10-22,0.173307
HD,66181,QMLE-Quote,2015-10-23,0.158612
HD,66181,QMLE-Quote,2015-10-26,0.158003
HD,66181,QMLE-Quote,2015-10-27,0.123717
HD,66181,QMLE-Quote,2015-10-28,0.163568
HD,66181,QMLE-Quote,2015-10-29,0.117894
HD,66181,QMLE-Quote,2015-10-30,0.138716
HD,66181,QMLE-Quote,2015-11-2,0.113001
HD,66181,QMLE-Quote,2015-11-3,0.114327
HD,66181,QMLE-Quote,2015-11-4,0.119363
HD,66181,QMLE-Quote,2015-11-5,0.111816
HD,66181,QMLE-Quote,2015-11-6,0.147802
HD,66181,QMLE-Quote,2015-11-9,0.16722
HD,66181,QMLE-Quote,2015-11-10,0.120994
HD,66181,QMLE-Quote,2015-11-11,0.118754
HD,66181,QMLE-Quote,2015-11-12,0.167712
HD,66181,QMLE-Quote,2015-11-13,0.170842
HD,66181,QMLE-Quote,2015-11-16,0.198099
HD,66181,QMLE-Quote,2015-11-17,0.281633
HD,66181,QMLE-Quote,2015-11-18,0.167787
HD,66181,QMLE-Quote,2015-11-19,0.138766
HD,66181,QMLE-Quote,2015-11-20,0.14292
HD,66181,QMLE-Quote,2015-11-23,0.160193
HD,66181,QMLE-Quote,2015-11-24,0.165918
HD,66181,QMLE-Quote,2015-11-25,0.146069
HD,66181,QMLE-Quote,2015-11-27,0.16377
HD,66181,QMLE-Quote,2015-11-30,0.171588
HD,66181,QMLE-Quote,2015-12-1,0.139847
HD,66181,QMLE-Quote,2015-12-2,0.160753
HD,66181,QMLE-Quote,2015-12-3,0.176807
HD,66181,QMLE-Quote,2015-12-4,0.173336
HD,66181,QMLE-Quote,2015-12-7,0.167348
HD,66181,QMLE-Quote,2015-12-8,0.199382
HD,66181,QMLE-Quote,2015-12-9,0.207302
HD,66181,QMLE-Quote,2015-12-10,0.171387
HD,66181,QMLE-Quote,2015-12-11,0.184848
HD,66181,QMLE-Quote,2015-12-14,0.256814
HD,66181,QMLE-Quote,2015-12-15,0.162803
HD,66181,QMLE-Quote,2015-12-16,0.235385
HD,66181,QMLE-Quote,2015-12-17,0.195686
HD,66181,QMLE-Quote,2015-12-18,0.202866
HD,66181,QMLE-Quote,2015-12-21,0.133783
HD,66181,QMLE-Quote,2015-12-22,0.145883
HD,66181,QMLE-Quote,2015-12-23,0.123033
HD,66181,QMLE-Quote,2015-12-24,0.123332
HD,66181,QMLE-Quote,2015-12-28,0.115206
HD,66181,QMLE-Quote,2015-12-29,0.0956561
HD,66181,QMLE-Quote,2015-12-30,0.110883
HD,66181,QMLE-Quote,2015-12-31,0.116804
HD,66181,QMLE-Quote,2016-1-4,0.194277
HD,66181,QMLE-Quote,2016-1-5,0.152229
HD,66181,QMLE-Quote,2016-1-6,0.167542
HD,66181,QMLE-Quote,2016-1-7,0.200978
HD,66181,QMLE-Quote,2016-1-8,0.226182
HD,66181,QMLE-Quote,2016-1-11,0.221678
HD,66181,QMLE-Quote,2016-1-12,0.228848
HD,66181,QMLE-Quote,2016-1-13,0.257691
HD,66181,QMLE-Quote,2016-1-14,0.328798
HD,66181,QMLE-Quote,2016-1-15,0.315085
HD,66181,QMLE-Quote,2016-1-19,0.263586
HD,66181,QMLE-Quote,2016-1-20,0.345715
HD,66181,QMLE-Quote,2016-1-21,0.392547
HD,66181,QMLE-Quote,2016-1-22,0.227085
HD,66181,QMLE-Quote,2016-1-25,0.189384
HD,66181,QMLE-Quote,2016-1-26,0.236831
HD,66181,QMLE-Quote,2016-1-27,0.277326
HD,66181,QMLE-Quote,2016-1-28,0.234661
HD,66181,QMLE-Quote,2016-1-29,0.191832
HD,66181,QMLE-Quote,2016-2-1,0.182065
HD,66181,QMLE-Quote,2016-2-2,0.180866
HD,66181,QMLE-Quote,2016-2-3,0.330457
HD,66181,QMLE-Quote,2016-2-4,0.303315
HD,66181,QMLE-Quote,2016-2-5,0.272799
HD,66181,QMLE-Quote,2016-2-8,0.445392
HD,66181,QMLE-Quote,2016-2-9,0.386412
HD,66181,QMLE-Quote,2016-2-10,0.282884
HD,66181,QMLE-Quote,2016-2-11,0.351058
HD,66181,QMLE-Quote,2016-2-12,0.237213
HD,66181,QMLE-Quote,2016-2-16,0.25296
HD,66181,QMLE-Quote,2016-2-17,0.165606
HD,66181,QMLE-Quote,2016-2-18,0.198114
HD,66181,QMLE-Quote,2016-2-19,0.210508
HD,66181,QMLE-Quote,2016-2-22,0.176226
HD,66181,QMLE-Quote,2016-2-23,0.33407
HD,66181,QMLE-Quote,2016-2-24,0.301174
HD,66181,QMLE-Quote,2016-2-25,0.197402
HD,66181,QMLE-Quote,2016-2-26,0.178572
HD,66181,QMLE-Quote,2016-2-29,0.185487
HD,66181,QMLE-Quote,2016-3-1,0.186307
HD,66181,QMLE-Quote,2016-3-2,0.167461
HD,66181,QMLE-Quote,2016-3-3,0.178149
HD,66181,QMLE-Quote,2016-3-4,0.194439
HD,66181,QMLE-Quote,2016-3-7,0.157553
HD,66181,QMLE-Quote,2016-3-8,0.219932
HD,66181,QMLE-Quote,2016-3-9,0.172632
HD,66181,QMLE-Quote,2016-3-10,0.226596
HD,66181,QMLE-Quote,2016-3-11,0.144807
HD,66181,QMLE-Quote,2016-3-14,0.148365
HD,66181,QMLE-Quote,2016-3-15,0.170128
HD,66181,QMLE-Quote,2016-3-16,0.185344
HD,66181,QMLE-Quote,2016-3-17,0.159641
HD,66181,QMLE-Quote,2016-3-18,0.12902
HD,66181,QMLE-Quote,2016-3-21,0.121261
HD,66181,QMLE-Quote,2016-3-22,0.14061
HD,66181,QMLE-Quote,2016-3-23,0.146496
HD,66181,QMLE-Quote,2016-3-24,0.115403
HD,66181,QMLE-Quote,2016-3-28,0.139949
HD,66181,QMLE-Quote,2016-3-29,0.146555
HD,66181,QMLE-Quote,2016-3-30,0.106717
HD,66181,QMLE-Quote,2016-3-31,0.119797
HD,66181,QMLE-Quote,2016-4-1,0.138502
HD,66181,QMLE-Quote,2016-4-4,0.159624
HD,66181,QMLE-Quote,2016-4-5,0.174443
HD,66181,QMLE-Quote,2016-4-6,0.148137
HD,66181,QMLE-Quote,2016-4-7,0.157275
HD,66181,QMLE-Quote,2016-4-8,0.16111
HD,66181,QMLE-Quote,2016-4-11,0.157014
HD,66181,QMLE-Quote,2016-4-12,0.158847
HD,66181,QMLE-Quote,2016-4-13,0.113365
HD,66181,QMLE-Quote,2016-4-14,0.141074
HD,66181,QMLE-Quote,2016-4-15,0.119733
HD,66181,QMLE-Quote,2016-4-18,0.131754
HD,66181,QMLE-Quote,2016-4-19,0.119163
HD,66181,QMLE-Quote,2016-4-20,0.128706
HD,66181,QMLE-Quote,2016-4-21,0.118133
HD,66181,QMLE-Quote,2016-4-22,0.146484
HD,66181,QMLE-Quote,2016-4-25,0.114648
HD,66181,QMLE-Quote,2016-4-26,0.125187
HD,66181,QMLE-Quote,2016-4-27,0.130247
HD,66181,QMLE-Quote,2016-4-28,0.149245
HD,66181,QMLE-Quote,2016-4-29,0.166533
HD,66181,QMLE-Quote,2016-5-2,0.109117
HD,66181,QMLE-Quote,2016-5-3,0.137951
HD,66181,QMLE-Quote,2016-5-4,0.143825
HD,66181,QMLE-Quote,2016-5-5,0.166648
HD,66181,QMLE-Quote,2016-5-6,0.12164
HD,66181,QMLE-Quote,2016-5-9,0.120506
HD,66181,QMLE-Quote,2016-5-10,0.115891
HD,66181,QMLE-Quote,2016-5-11,0.146861
HD,66181,QMLE-Quote,2016-5-12,0.16392
HD,66181,QMLE-Quote,2016-5-13,0.165654
HD,66181,QMLE-Quote,2016-5-16,0.162889
HD,66181,QMLE-Quote,2016-5-17,0.307813
HD,66181,QMLE-Quote,2016-5-18,0.258492
HD,66181,QMLE-Quote,2016-5-19,0.153137
HD,66181,QMLE-Quote,2016-5-20,0.119547
HD,66181,QMLE-Quote,2016-5-23,0.101249
HD,66181,QMLE-Quote,2016-5-24,0.120338
HD,66181,QMLE-Quote,2016-5-25,0.111445
HD,66181,QMLE-Quote,2016-5-26,0.11608
HD,66181,QMLE-Quote,2016-5-27,0.115486
HD,66181,QMLE-Quote,2016-5-31,0.119971
HD,66181,QMLE-Quote,2016-6-1,0.127285
HD,66181,QMLE-Quote,2016-6-2,0.115492
HD,66181,QMLE-Quote,2016-6-3,0.136337
HD,66181,QMLE-Quote,2016-6-6,0.156366
HD,66181,QMLE-Quote,2016-6-7,0.101398
HD,66181,QMLE-Quote,2016-6-8,0.109178
HD,66181,QMLE-Quote,2016-6-9,0.096812
HD,66181,QMLE-Quote,2016-6-10,0.127133
HD,66181,QMLE-Quote,2016-6-13,0.145131
HD,66181,QMLE-Quote,2016-6-14,0.169877
HD,66181,QMLE-Quote,2016-6-15,0.132988
HD,66181,QMLE-Quote,2016-6-16,0.148678
HD,66181,QMLE-Quote,2016-6-17,0.136068
HD,66181,QMLE-Quote,2016-6-20,0.115825
HD,66181,QMLE-Quote,2016-6-21,0.123279
HD,66181,QMLE-Quote,2016-6-22,0.106927
HD,66181,QMLE-Quote,2016-6-23,0.11599
HD,66181,QMLE-Quote,2016-6-24,0.254921
HD,66181,QMLE-Quote,2016-6-27,0.167561
HD,66181,QMLE-Quote,2016-6-28,0.146902
HD,66181,QMLE-Quote,2016-6-29,0.179575
HD,66181,QMLE-Quote,2016-6-30,0.124076
HD,66181,QMLE-Quote,2016-7-1,0.120947
HD,66181,QMLE-Quote,2016-7-5,0.136889
HD,66181,QMLE-Quote,2016-7-6,0.144578
HD,66181,QMLE-Quote,2016-7-7,0.128602
HD,66181,QMLE-Quote,2016-7-8,0.0962762
HD,66181,QMLE-Quote,2016-7-11,0.0826069
HD,66181,QMLE-Quote,2016-7-12,0.116641
HD,66181,QMLE-Quote,2016-7-13,0.141016
HD,66181,QMLE-Quote,2016-7-14,0.114782
HD,66181,QMLE-Quote,2016-7-15,0.0792932
HD,66181,QMLE-Quote,2016-7-18,0.0910397
HD,66181,QMLE-Quote,2016-7-19,0.126929
HD,66181,QMLE-Quote,2016-7-20,0.0863746
HD,66181,QMLE-Quote,2016-7-21,0.131213
HD,66181,QMLE-Quote,2016-7-22,0.0663362
HD,66181,QMLE-Quote,2016-7-25,0.0744029
HD,66181,QMLE-Quote,2016-7-26,0.109827
HD,66181,QMLE-Quote,2016-7-27,0.112611
HD,66181,QMLE-Quote,2016-7-28,0.116822
HD,66181,QMLE-Quote,2016-7-29,0.127132
HD,66181,QMLE-Quote,2016-8-1,0.125704
HD,66181,QMLE-Quote,2016-8-2,0.134264
HD,66181,QMLE-Quote,2016-8-3,0.12966
HD,66181,QMLE-Quote,2016-8-4,0.142457
HD,66181,QMLE-Quote,2016-8-5,0.113706
HD,66181,QMLE-Quote,2016-8-8,0.0918225
HD,66181,QMLE-Quote,2016-8-9,0.112378
HD,66181,QMLE-Quote,2016-8-10,0.140224
HD,66181,QMLE-Quote,2016-8-11,0.191548
HD,66181,QMLE-Quote,2016-8-12,0.125108
HD,66181,QMLE-Quote,2016-8-15,0.094166
HD,66181,QMLE-Quote,2016-8-16,0.237581
HD,66181,QMLE-Quote,2016-8-17,0.172594
HD,66181,QMLE-Quote,2016-8-18,0.112363
HD,66181,QMLE-Quote,2016-8-19,0.10388
HD,66181,QMLE-Quote,2016-8-22,0.144036
HD,66181,QMLE-Quote,2016-8-23,0.103529
HD,66181,QMLE-Quote,2016-8-24,0.0951688
HD,66181,QMLE-Quote,2016-8-25,0.137941
HD,66181,QMLE-Quote,2016-8-26,0.162958
HD,66181,QMLE-Quote,2016-8-29,0.112292
HD,66181,QMLE-Quote,2016-8-30,0.103521
HD,66181,QMLE-Quote,2016-8-31,0.12394
HD,66181,QMLE-Quote,2016-9-1,0.113511
HD,66181,QMLE-Quote,2016-9-2,0.111899
HD,66181,QMLE-Quote,2016-9-6,0.125795
HD,66181,QMLE-Quote,2016-9-7,0.115046
HD,66181,QMLE-Quote,2016-9-8,0.150357
HD,66181,QMLE-Quote,2016-9-9,0.151559
HD,66181,QMLE-Quote,2016-9-12,0.18423
HD,66181,QMLE-Quote,2016-9-13,0.162421
HD,66181,QMLE-Quote,2016-9-14,0.163694
HD,66181,QMLE-Quote,2016-9-15,0.15246
HD,66181,QMLE-Quote,2016-9-16,0.137446
HD,66181,QMLE-Quote,2016-9-19,0.121218
HD,66181,QMLE-Quote,2016-9-20,0.126588
HD,66181,QMLE-Quote,2016-9-21,0.166774
HD,66181,QMLE-Quote,2016-9-22,0.103029
HD,66181,QMLE-Quote,2016-9-23,0.137158
HD,66181,QMLE-Quote,2016-9-26,0.106174
HD,66181,QMLE-Quote,2016-9-27,0.135732
HD,66181,QMLE-Quote,2016-9-28,0.150058
HD,66181,QMLE-Quote,2016-9-29,0.258593
HD,66181,QMLE-Quote,2016-9-30,0.119271
HD,66181,QMLE-Quote,2016-10-3,0.127067
HD,66181,QMLE-Quote,2016-10-4,0.179712
HD,66181,QMLE-Quote,2016-10-5,0.142429
HD,66181,QMLE-Quote,2016-10-6,0.179734
HD,66181,QMLE-Quote,2016-10-7,0.168766
HD,66181,QMLE-Quote,2016-10-10,0.0881812
HD,66181,QMLE-Quote,2016-10-11,0.141896
HD,66181,QMLE-Quote,2016-10-12,0.11118
HD,66181,QMLE-Quote,2016-10-13,0.135262
HD,66181,QMLE-Quote,2016-10-14,0.123587
HD,66181,QMLE-Quote,2016-10-17,0.110297
HD,66181,QMLE-Quote,2016-10-18,0.0891233
HD,66181,QMLE-Quote,2016-10-19,0.131068
HD,66181,QMLE-Quote,2016-10-20,0.143339
HD,66181,QMLE-Quote,2016-10-21,0.0964437
HD,66181,QMLE-Quote,2016-10-24,0.109445
HD,66181,QMLE-Quote,2016-10-25,0.164202
HD,66181,QMLE-Quote,2016-10-26,0.141544
HD,66181,QMLE-Quote,2016-10-27,0.147445
HD,66181,QMLE-Quote,2016-10-28,0.150271
HD,66181,QMLE-Quote,2016-10-31,0.128604
HD,66181,QMLE-Quote,2016-11-1,0.124978
HD,66181,QMLE-Quote,2016-11-2,0.153386
HD,66181,QMLE-Quote,2016-11-3,0.0829965
HD,66181,QMLE-Quote,2016-11-4,0.141491
HD,66181,QMLE-Quote,2016-11-7,0.0993497
HD,66181,QMLE-Quote,2016-11-8,0.128883
HD,66181,QMLE-Quote,2016-11-9,0.313309
HD,66181,QMLE-Quote,2016-11-10,0.280118
HD,66181,QMLE-Quote,2016-11-11,0.151909
HD,66181,QMLE-Quote,2016-11-14,0.205135
HD,66181,QMLE-Quote,2016-11-15,0.349925
HD,66181,QMLE-Quote,2016-11-16,0.16964
HD,66181,QMLE-Quote,2016-11-17,0.145463
HD,66181,QMLE-Quote,2016-11-18,0.114551
HD,66181,QMLE-Quote,2016-11-21,0.0972559
HD,66181,QMLE-Quote,2016-11-22,0.128903
HD,66181,QMLE-Quote,2016-11-23,0.115905
HD,66181,QMLE-Quote,2016-11-25,0.130606
HD,66181,QMLE-Quote,2016-11-28,0.110244
HD,66181,QMLE-Quote,2016-11-29,0.106093
HD,66181,QMLE-Quote,2016-11-30,0.161591
HD,66181,QMLE-Quote,2016-12-1,0.140897
HD,66181,QMLE-Quote,2016-12-2,0.125629
HD,66181,QMLE-Quote,2016-12-5,0.0839216
HD,66181,QMLE-Quote,2016-12-6,0.0922972
HD,66181,QMLE-Quote,2016-12-7,0.142196
HD,66181,QMLE-Quote,2016-12-8,0.160419
HD,66181,QMLE-Quote,2016-12-9,0.117465
HD,66181,QMLE-Quote,2016-12-12,0.102055
HD,66181,QMLE-Quote,2016-12-13,0.126765
HD,66181,QMLE-Quote,2016-12-14,0.134813
HD,66181,QMLE-Quote,2016-12-15,0.124737
HD,66181,QMLE-Quote,2016-12-16,0.139083
HD,66181,QMLE-Quote,2016-12-19,0.111652
HD,66181,QMLE-Quote,2016-12-20,0.0941878
HD,66181,QMLE-Quote,2016-12-21,0.0911282
HD,66181,QMLE-Quote,2016-12-22,0.0985335
HD,66181,QMLE-Quote,2016-12-23,0.109112
HD,66181,QMLE-Quote,2016-12-27,0.0847299
HD,66181,QMLE-Quote,2016-12-28,0.0999083
HD,66181,QMLE-Quote,2016-12-29,0.0948978
HD,66181,QMLE-Quote,2016-12-30,0.12006
HD,66181,QMLE-Quote,2017-1-3,0.129384
HD,66181,QMLE-Quote,2017-1-4,0.0980676
HD,66181,QMLE-Quote,2017-1-5,0.113536
HD,66181,QMLE-Quote,2017-1-6,0.120591
HD,66181,QMLE-Quote,2017-1-9,0.11754
HD,66181,QMLE-Quote,2017-1-10,0.129773
HD,66181,QMLE-Quote,2017-1-11,0.123416
HD,66181,QMLE-Quote,2017-1-12,0.112085
HD,66181,QMLE-Quote,2017-1-13,0.102216
HD,66181,QMLE-Quote,2017-1-17,0.116731
HD,66181,QMLE-Quote,2017-1-18,0.0929638
HD,66181,QMLE-Quote,2017-1-19,0.115646
HD,66181,QMLE-Quote,2017-1-20,0.126565
HD,66181,QMLE-Quote,2017-1-23,0.128393
HD,66181,QMLE-Quote,2017-1-24,0.10534
HD,66181,QMLE-Quote,2017-1-25,0.0959081
HD,66181,QMLE-Quote,2017-1-26,0.0956902
HD,66181,QMLE-Quote,2017-1-27,0.098603
HD,66181,QMLE-Quote,2017-1-30,0.095663
HD,66181,QMLE-Quote,2017-1-31,0.110232
HD,66181,QMLE-Quote,2017-2-1,0.108727
HD,66181,QMLE-Quote,2017-2-2,0.0903456
HD,66181,QMLE-Quote,2017-2-3,0.0986951
HD,66181,QMLE-Quote,2017-2-6,0.0815305
HD,66181,QMLE-Quote,2017-2-7,0.0927778
HD,66181,QMLE-Quote,2017-2-8,0.11179
HD,66181,QMLE-Quote,2017-2-9,0.0921212
HD,66181,QMLE-Quote,2017-2-10,0.11734
HD,66181,QMLE-Quote,2017-2-13,0.0896953
HD,66181,QMLE-Quote,2017-2-14,0.118309
HD,66181,QMLE-Quote,2017-2-15,0.114243
HD,66181,QMLE-Quote,2017-2-16,0.136704
HD,66181,QMLE-Quote,2017-2-17,0.119824
HD,66181,QMLE-Quote,2017-2-21,0.198911
HD,66181,QMLE-Quote,2017-2-22,0.128937
HD,66181,QMLE-Quote,2017-2-23,0.116982
HD,66181,QMLE-Quote,2017-2-24,0.108306
HD,66181,QMLE-Quote,2017-2-27,0.0820982
HD,66181,QMLE-Quote,2017-2-28,0.0875997
HD,66181,QMLE-Quote,2017-3-1,0.152661
HD,66181,QMLE-Quote,2017-3-2,0.109443
HD,66181,QMLE-Quote,2017-3-3,0.107227
HD,66181,QMLE-Quote,2017-3-6,0.0900843
HD,66181,QMLE-Quote,2017-3-7,0.126393
HD,66181,QMLE-Quote,2017-3-8,0.105787
HD,66181,QMLE-Quote,2017-3-9,0.0863843
HD,66181,QMLE-Quote,2017-3-10,0.0823802
HD,66181,QMLE-Quote,2017-3-13,0.0826514
HD,66181,QMLE-Quote,2017-3-14,0.0847787
HD,66181,QMLE-Quote,2017-3-15,0.101434
HD,66181,QMLE-Quote,2017-3-16,0.115177
HD,66181,QMLE-Quote,2017-3-17,0.109245
HD,66181,QMLE-Quote,2017-3-20,0.0910886
HD,66181,QMLE-Quote,2017-3-21,0.139911
HD,66181,QMLE-Quote,2017-3-22,0.135017
HD,66181,QMLE-Quote,2017-3-23,0.105594
HD,66181,QMLE-Quote,2017-3-24,0.113642
HD,66181,QMLE-Quote,2017-3-27,0.111281
HD,66181,QMLE-Quote,2017-3-28,0.0944959
HD,66181,QMLE-Quote,2017-3-29,0.107681
HD,66181,QMLE-Quote,2017-3-30,0.104263
HD,66181,QMLE-Quote,2017-3-31,0.0674623
HD,66181,QMLE-Quote,2017-4-3,0.115213
HD,66181,QMLE-Quote,2017-4-4,0.0828205
HD,66181,QMLE-Quote,2017-4-5,0.110672
HD,66181,QMLE-Quote,2017-4-6,0.11044
HD,66181,QMLE-Quote,2017-4-7,0.10284
HD,66181,QMLE-Quote,2017-4-10,0.114486
HD,66181,QMLE-Quote,2017-4-11,0.116458
HD,66181,QMLE-Quote,2017-4-12,0.105904
HD,66181,QMLE-Quote,2017-4-13,0.110308
HD,66181,QMLE-Quote,2017-4-17,0.0819393
HD,66181,QMLE-Quote,2017-4-18,0.110936
HD,66181,QMLE-Quote,2017-4-19,0.0985705
HD,66181,QMLE-Quote,2017-4-20,0.0982266
HD,66181,QMLE-Quote,2017-4-21,0.102398
HD,66181,QMLE-Quote,2017-4-24,0.0818072
HD,66181,QMLE-Quote,2017-4-25,0.136237
HD,66181,QMLE-Quote,2017-4-26,0.122839
HD,66181,QMLE-Quote,2017-4-27,0.126548
HD,66181,QMLE-Quote,2017-4-28,0.109471
HD,66181,QMLE-Quote,2017-5-1,0.111946
HD,66181,QMLE-Quote,2017-5-2,0.121537
HD,66181,QMLE-Quote,2017-5-3,0.0899019
HD,66181,QMLE-Quote,2017-5-4,0.109434
HD,66181,QMLE-Quote,2017-5-5,0.0828592
HD,66181,QMLE-Quote,2017-5-8,0.0966557
HD,66181,QMLE-Quote,2017-5-9,0.107048
HD,66181,QMLE-Quote,2017-5-10,0.0739442
HD,66181,QMLE-Quote,2017-5-11,0.126779
HD,66181,QMLE-Quote,2017-5-12,0.100877
HD,66181,QMLE-Quote,2017-5-15,0.0995649
HD,66181,QMLE-Quote,2017-5-16,0.180849
HD,66181,QMLE-Quote,2017-5-17,0.149965
HD,66181,QMLE-Quote,2017-5-18,0.130243
HD,66181,QMLE-Quote,2017-5-19,0.12168
HD,66181,QMLE-Quote,2017-5-22,0.0679949
HD,66181,QMLE-Quote,2017-5-23,0.0937734
HD,66181,QMLE-Quote,2017-5-24,0.147502
HD,66181,QMLE-Quote,2017-5-25,0.121973
HD,66181,QMLE-Quote,2017-5-26,0.0817734
HD,66181,QMLE-Quote,2017-5-30,0.0878205
HD,66181,QMLE-Quote,2017-5-31,0.125303
HD,66181,QMLE-Quote,2017-6-1,0.103633
HD,66181,QMLE-Quote,2017-6-2,0.0996597
HD,66181,QMLE-Quote,2017-6-5,0.0824668
HD,66181,QMLE-Quote,2017-6-6,0.0881944
HD,66181,QMLE-Quote,2017-6-7,0.0781815
HD,66181,QMLE-Quote,2017-6-8,0.1104
HD,66181,QMLE-Quote,2017-6-9,0.101167
HD,66181,QMLE-Quote,2017-6-12,0.146562
HD,66181,QMLE-Quote,2017-6-13,0.119871
HD,66181,QMLE-Quote,2017-6-14,0.144516
HD,66181,QMLE-Quote,2017-6-15,0.136883
HD,66181,QMLE-Quote,2017-6-16,0.134577
HD,66181,QMLE-Quote,2017-6-19,0.119621
HD,66181,QMLE-Quote,2017-6-20,0.11904
HD,66181,QMLE-Quote,2017-6-21,0.114574
HD,66181,QMLE-Quote,2017-6-22,0.10339
HD,66181,QMLE-Quote,2017-6-23,0.156069
HD,66181,QMLE-Quote,2017-6-26,0.104018
HD,66181,QMLE-Quote,2017-6-27,0.121833
HD,66181,QMLE-Quote,2017-6-28,0.108399
HD,66181,QMLE-Quote,2017-6-29,0.128965
HD,66181,QMLE-Quote,2017-6-30,0.0942978
HD,66181,QMLE-Quote,2017-7-3,0.0973943
HD,66181,QMLE-Quote,2017-7-5,0.134868
HD,66181,QMLE-Quote,2017-7-6,0.112573
HD,66181,QMLE-Quote,2017-7-7,0.0977793
HD,66181,QMLE-Quote,2017-7-10,0.103166
HD,66181,QMLE-Quote,2017-7-11,0.102497
HD,66181,QMLE-Quote,2017-7-12,0.131205
HD,66181,QMLE-Quote,2017-7-13,0.115799
HD,66181,QMLE-Quote,2017-7-14,0.116316
HD,66181,QMLE-Quote,2017-7-17,0.0899982
HD,66181,QMLE-Quote,2017-7-18,0.0975844
HD,66181,QMLE-Quote,2017-7-19,0.0892365
HD,66181,QMLE-Quote,2017-7-20,0.345645
HD,66181,QMLE-Quote,2017-7-21,0.160398
HD,66181,QMLE-Quote,2017-7-24,0.136684
HD,66181,QMLE-Quote,2017-7-25,0.12334
HD,66181,QMLE-Quote,2017-7-26,0.106356
HD,66181,QMLE-Quote,2017-7-27,0.129496
HD,66181,QMLE-Quote,2017-7-28,0.0862674
HD,66181,QMLE-Quote,2017-7-31,0.113004
HD,66181,QMLE-Quote,2017-8-1,0.0978412
HD,66181,QMLE-Quote,2017-8-2,0.105533
HD,66181,QMLE-Quote,2017-8-3,0.111039
HD,66181,QMLE-Quote,2017-8-4,0.117501
HD,66181,QMLE-Quote,2017-8-7,0.104011
HD,66181,QMLE-Quote,2017-8-8,0.0834915
HD,66181,QMLE-Quote,2017-8-9,0.103706
HD,66181,QMLE-Quote,2017-8-10,0.140745
HD,66181,QMLE-Quote,2017-8-11,0.113279
HD,66181,QMLE-Quote,2017-8-14,0.139821
HD,66181,QMLE-Quote,2017-8-15,0.327638
HD,66181,QMLE-Quote,2017-8-16,0.156944
HD,66181,QMLE-Quote,2017-8-17,0.129906
HD,66181,QMLE-Quote,2017-8-18,0.172151
HD,66181,QMLE-Quote,2017-8-21,0.117843
HD,66181,QMLE-Quote,2017-8-22,0.109323
HD,66181,QMLE-Quote,2017-8-23,0.159193
HD,66181,QMLE-Quote,2017-8-24,0.134844
HD,66181,QMLE-Quote,2017-8-25,0.105155
HD,66181,QMLE-Quote,2017-8-28,0.131841
HD,66181,QMLE-Quote,2017-8-29,0.127235
HD,66181,QMLE-Quote,2017-8-30,0.0874657
HD,66181,QMLE-Quote,2017-8-31,0.0801844
HD,66181,QMLE-Quote,2017-9-1,0.0955425
HD,66181,QMLE-Quote,2017-9-5,0.163336
HD,66181,QMLE-Quote,2017-9-6,0.125261
HD,66181,QMLE-Quote,2017-9-7,0.160523
HD,66181,QMLE-Quote,2017-9-8,0.156028
HD,66181,QMLE-Quote,2017-9-11,0.144156
HD,66181,QMLE-Quote,2017-9-12,0.115092
HD,66181,QMLE-Quote,2017-9-13,0.109026
HD,66181,QMLE-Quote,2017-9-14,0.091643
HD,66181,QMLE-Quote,2017-9-15,0.112222
HD,66181,QMLE-Quote,2017-9-18,0.0925167
HD,66181,QMLE-Quote,2017-9-19,0.079051
HD,66181,QMLE-Quote,2017-9-20,0.112801
HD,66181,QMLE-Quote,2017-9-21,0.087107
HD,66181,QMLE-Quote,2017-9-22,0.0958757
HD,66181,QMLE-Quote,2017-9-25,0.100712
HD,66181,QMLE-Quote,2017-9-26,0.0926765
HD,66181,QMLE-Quote,2017-9-27,0.105822
HD,66181,QMLE-Quote,2017-9-28,0.0966457
HD,66181,QMLE-Quote,2017-9-29,0.100563
HD,66181,QMLE-Quote,2017-10-2,0.0877568
HD,66181,QMLE-Quote,2017-10-3,0.091995
HD,66181,QMLE-Quote,2017-10-4,0.0779368
HD,66181,QMLE-Quote,2017-10-5,0.0944769
HD,66181,QMLE-Quote,2017-10-6,0.0708859
HD,66181,QMLE-Quote,2017-10-9,0.0899161
HD,66181,QMLE-Quote,2017-10-10,0.086278
HD,66181,QMLE-Quote,2017-10-11,0.077575
HD,66181,QMLE-Quote,2017-10-12,0.086137
HD,66181,QMLE-Quote,2017-10-13,0.0961919
HD,66181,QMLE-Quote,2017-10-16,0.0826289
HD,66181,QMLE-Quote,2017-10-17,0.167566
HD,66181,QMLE-Quote,2017-10-18,0.0882953
HD,66181,QMLE-Quote,2017-10-19,0.105618
HD,66181,QMLE-Quote,2017-10-20,0.0786826
HD,66181,QMLE-Quote,2017-10-23,0.114678
HD,66181,QMLE-Quote,2017-10-24,0.127454
HD,66181,QMLE-Quote,2017-10-25,0.13072
HD,66181,QMLE-Quote,2017-10-26,0.117584
HD,66181,QMLE-Quote,2017-10-27,0.140103
HD,66181,QMLE-Quote,2017-10-30,0.138963
HD,66181,QMLE-Quote,2017-10-31,0.0844909
HD,66181,QMLE-Quote,2017-11-1,0.0961751
HD,66181,QMLE-Quote,2017-11-2,0.256164
HD,66181,QMLE-Quote,2017-11-3,0.12444
HD,66181,QMLE-Quote,2017-11-6,0.128618
HD,66181,QMLE-Quote,2017-11-7,0.149094
HD,66181,QMLE-Quote,2017-11-8,0.0883764
HD,66181,QMLE-Quote,2017-11-9,0.132393
HD,66181,QMLE-Quote,2017-11-10,0.0979158
HD,66181,QMLE-Quote,2017-11-13,0.139955
HD,66181,QMLE-Quote,2017-11-14,0.290467
HD,66181,QMLE-Quote,2017-11-15,0.15855
HD,66181,QMLE-Quote,2017-11-16,0.105405
HD,66181,QMLE-Quote,2017-11-17,0.129365
HD,66181,QMLE-Quote,2017-11-20,0.158672
HD,66181,QMLE-Quote,2017-11-21,0.129197
HD,66181,QMLE-Quote,2017-11-22,0.132074
HD,66181,QMLE-Quote,2017-11-24,0.075697
HD,66181,QMLE-Quote,2017-11-27,0.146465
HD,66181,QMLE-Quote,2017-11-28,0.19376
HD,66181,QMLE-Quote,2017-11-29,0.184253
HD,66181,QMLE-Quote,2017-11-30,0.1867
HD,66181,QMLE-Quote,2017-12-1,0.277304
HD,66181,QMLE-Quote,2017-12-4,0.257758
HD,66181,QMLE-Quote,2017-12-5,0.162221
HD,66181,QMLE-Quote,2017-12-6,0.24988
HD,66181,QMLE-Quote,2017-12-7,0.146763
HD,66181,QMLE-Quote,2017-12-8,0.133737
HD,66181,QMLE-Quote,2017-12-11,0.122764
HD,66181,QMLE-Quote,2017-12-12,0.124354
HD,66181,QMLE-Quote,2017-12-13,0.0873735
HD,66181,QMLE-Quote,2017-12-14,0.0944362
HD,66181,QMLE-Quote,2017-12-15,0.105113
HD,66181,QMLE-Quote,2017-12-18,0.107914
HD,66181,QMLE-Quote,2017-12-19,0.102049
HD,66181,QMLE-Quote,2017-12-20,0.131523
HD,66181,QMLE-Quote,2017-12-21,0.105369
HD,66181,QMLE-Quote,2017-12-22,0.0907952
HD,66181,QMLE-Quote,2017-12-26,0.0924995
HD,66181,QMLE-Quote,2017-12-27,0.0927982
HD,66181,QMLE-Quote,2017-12-28,0.0721661
HD,66181,QMLE-Quote,2017-12-29,0.075721
HD,66181,QMLE-Quote,2018-1-2,0.0986056
HD,66181,QMLE-Quote,2018-1-3,0.106964
HD,66181,QMLE-Quote,2018-1-4,0.097378
HD,66181,QMLE-Quote,2018-1-5,0.123169
HD,66181,QMLE-Quote,2018-1-8,0.0938015
HD,66181,QMLE-Quote,2018-1-9,0.0848256
HD,66181,QMLE-Quote,2018-1-10,0.0904451
HD,66181,QMLE-Quote,2018-1-11,0.096108
HD,66181,QMLE-Quote,2018-1-12,0.189443
HD,66181,QMLE-Quote,2018-1-16,0.165696
HD,66181,QMLE-Quote,2018-1-17,0.115441
HD,66181,QMLE-Quote,2018-1-18,0.119798
HD,66181,QMLE-Quote,2018-1-19,0.109787
HD,66181,QMLE-Quote,2018-1-22,0.102129
HD,66181,QMLE-Quote,2018-1-23,0.126048
HD,66181,QMLE-Quote,2018-1-24,0.133039
HD,66181,QMLE-Quote,2018-1-25,0.136008
HD,66181,QMLE-Quote,2018-1-26,0.103459
HD,66181,QMLE-Quote,2018-1-29,0.105633
HD,66181,QMLE-Quote,2018-1-30,0.36818
HD,66181,QMLE-Quote,2018-1-31,0.187598
HD,66181,QMLE-Quote,2018-2-1,0.183412
HD,66181,QMLE-Quote,2018-2-2,0.183507
HD,66181,QMLE-Quote,2018-2-5,0.480725
HD,66181,QMLE-Quote,2018-2-6,0.618388
HD,66181,QMLE-Quote,2018-2-7,0.357899
HD,66181,QMLE-Quote,2018-2-8,0.39445
HD,66181,QMLE-Quote,2018-2-9,0.549442
HD,66181,QMLE-Quote,2018-2-12,0.261354
HD,66181,QMLE-Quote,2018-2-13,0.216662
HD,66181,QMLE-Quote,2018-2-14,0.244772
HD,66181,QMLE-Quote,2018-2-15,0.214578
HD,66181,QMLE-Quote,2018-2-16,0.245321
HD,66181,QMLE-Quote,2018-2-20,0.317828
HD,66181,QMLE-Quote,2018-2-21,0.226615
HD,66181,QMLE-Quote,2018-2-22,0.223651
HD,66181,QMLE-Quote,2018-2-23,0.153681
HD,66181,QMLE-Quote,2018-2-26,0.143797
HD,66181,QMLE-Quote,2018-2-27,0.185428
HD,66181,QMLE-Quote,2018-2-28,0.229341
HD,66181,QMLE-Quote,2018-3-1,0.298438
HD,66181,QMLE-Quote,2018-3-2,0.280929
HD,66181,QMLE-Quote,2018-3-5,0.219847
HD,66181,QMLE-Quote,2018-3-6,0.184993
HD,66181,QMLE-Quote,2018-3-7,0.174268
HD,66181,QMLE-Quote,2018-3-8,0.159559
HD,66181,QMLE-Quote,2018-3-9,0.150712
HD,66181,QMLE-Quote,2018-3-12,0.159548
HD,66181,QMLE-Quote,2018-3-13,0.162602
HD,66181,QMLE-Quote,2018-3-14,0.185259
HD,66181,QMLE-Quote,2018-3-15,0.158015
HD,66181,QMLE-Quote,2018-3-16,0.134557
HD,66181,QMLE-Quote,2018-3-19,0.160033
HD,66181,QMLE-Quote,2018-3-20,0.131492
HD,66181,QMLE-Quote,2018-3-21,0.20097
HD,66181,QMLE-Quote,2018-3-22,0.219128
HD,66181,QMLE-Quote,2018-3-23,0.232467
HD,66181,QMLE-Quote,2018-3-26,0.164104
HD,66181,QMLE-Quote,2018-3-27,0.25266
HD,66181,QMLE-Quote,2018-3-28,0.292425
HD,66181,QMLE-Quote,2018-3-29,0.169075
HD,66181,QMLE-Quote,2018-4-2,0.274883
HD,66181,QMLE-Quote,2018-4-3,0.227009
HD,66181,QMLE-Quote,2018-4-4,0.224943
HD,66181,QMLE-Quote,2018-4-5,0.170118
HD,66181,QMLE-Quote,2018-4-6,0.223933
HD,66181,QMLE-Quote,2018-4-9,0.171574
HD,66181,QMLE-Quote,2018-4-10,0.207778
HD,66181,QMLE-Quote,2018-4-11,0.172565
HD,66181,QMLE-Quote,2018-4-12,0.144935
HD,66181,QMLE-Quote,2018-4-13,0.156122
HD,66181,QMLE-Quote,2018-4-16,0.162835
HD,66181,QMLE-Quote,2018-4-17,0.133384
HD,66181,QMLE-Quote,2018-4-18,0.169043
HD,66181,QMLE-Quote,2018-4-19,0.18616
HD,66181,QMLE-Quote,2018-4-20,0.174729
HD,66181,QMLE-Quote,2018-4-23,0.171958
HD,66181,QMLE-Quote,2018-4-24,0.216422
HD,66181,QMLE-Quote,2018-4-25,0.201728
HD,66181,QMLE-Quote,2018-4-26,0.217777
HD,66181,QMLE-Quote,2018-4-27,0.186263
HD,66181,QMLE-Quote,2018-4-30,0.143108
HD,66181,QMLE-Quote,2018-5-1,0.168152
HD,66181,QMLE-Quote,2018-5-2,0.165601
HD,66181,QMLE-Quote,2018-5-3,0.204572
HD,66181,QMLE-Quote,2018-5-4,0.171626
HD,66181,QMLE-Quote,2018-5-7,0.147897
HD,66181,QMLE-Quote,2018-5-8,0.171142
HD,66181,QMLE-Quote,2018-5-9,0.156784
HD,66181,QMLE-Quote,2018-5-10,0.150585
HD,66181,QMLE-Quote,2018-5-11,0.162408
HD,66181,QMLE-Quote,2018-5-14,0.17477
HD,66181,QMLE-Quote,2018-5-15,0.308926
HD,66181,QMLE-Quote,2018-5-16,0.164219
HD,66181,QMLE-Quote,2018-5-17,0.127118
HD,66181,QMLE-Quote,2018-5-18,0.128771
HD,66181,QMLE-Quote,2018-5-21,0.137202
HD,66181,QMLE-Quote,2018-5-22,0.151219
HD,66181,QMLE-Quote,2018-5-23,0.200042
HD,66181,QMLE-Quote,2018-5-24,0.151477
HD,66181,QMLE-Quote,2018-5-25,0.136546
HD,66181,QMLE-Quote,2018-5-29,0.164011
HD,66181,QMLE-Quote,2018-5-30,0.145601
HD,66181,QMLE-Quote,2018-5-31,0.150081
HD,66181,QMLE-Quote,2018-6-1,0.159561
HD,66181,QMLE-Quote,2018-6-4,0.115213
HD,66181,QMLE-Quote,2018-6-5,0.13972
HD,66181,QMLE-Quote,2018-6-6,0.130235
HD,66181,QMLE-Quote,2018-6-7,0.150147
HD,66181,QMLE-Quote,2018-6-8,0.148731
HD,66181,QMLE-Quote,2018-6-11,0.12891
HD,66181,QMLE-Quote,2018-6-12,0.115741
HD,66181,QMLE-Quote,2018-6-13,0.153175
HD,66181,QMLE-Quote,2018-6-14,0.15309
HD,66181,QMLE-Quote,2018-6-15,0.135838
HD,66181,QMLE-Quote,2018-6-18,0.148169
HD,66181,QMLE-Quote,2018-6-19,0.141599
HD,66181,QMLE-Quote,2018-6-20,0.118946
HD,66181,QMLE-Quote,2018-6-21,0.146337
HD,66181,QMLE-Quote,2018-6-22,0.153614
HD,66181,QMLE-Quote,2018-6-25,0.159505
HD,66181,QMLE-Quote,2018-6-26,0.125738
HD,66181,QMLE-Quote,2018-6-27,0.164322
HD,66181,QMLE-Quote,2018-6-28,0.156755
HD,66181,QMLE-Quote,2018-6-29,0.153107
HD,66181,QMLE-Quote,2018-7-2,0.180972
HD,66181,QMLE-Quote,2018-7-3,0.125065
HD,66181,QMLE-Quote,2018-7-5,0.120692
HD,66181,QMLE-Quote,2018-7-6,0.129403
HD,66181,QMLE-Quote,2018-7-9,0.0986499
HD,66181,QMLE-Quote,2018-7-10,0.0985587
HD,66181,QMLE-Quote,2018-7-11,0.122242
HD,66181,QMLE-Quote,2018-7-12,0.117376
HD,66181,QMLE-Quote,2018-7-13,0.136932
HD,66181,QMLE-Quote,2018-7-16,0.107771
HD,66181,QMLE-Quote,2018-7-17,0.100871
HD,66181,QMLE-Quote,2018-7-18,0.119633
HD,66181,QMLE-Quote,2018-7-19,0.125497
HD,66181,QMLE-Quote,2018-7-20,0.09645
HD,66181,QMLE-Quote,2018-7-23,0.0990065
HD,66181,QMLE-Quote,2018-7-24,0.127586
HD,66181,QMLE-Quote,2018-7-25,0.141366
HD,66181,QMLE-Quote,2018-7-26,0.127337
HD,66181,QMLE-Quote,2018-7-27,0.150144
HD,66181,QMLE-Quote,2018-7-30,0.10085
HD,66181,QMLE-Quote,2018-7-31,0.11095
HD,66181,QMLE-Quote,2018-8-1,0.11756
HD,66181,QMLE-Quote,2018-8-2,0.180913
HD,66181,QMLE-Quote,2018-8-3,0.105067
HD,66181,QMLE-Quote,2018-8-6,0.102961
HD,66181,QMLE-Quote,2018-8-7,0.0878832
HD,66181,QMLE-Quote,2018-8-8,0.109354
HD,66181,QMLE-Quote,2018-8-9,0.132063
HD,66181,QMLE-Quote,2018-8-10,0.126811
HD,66181,QMLE-Quote,2018-8-13,0.122385
HD,66181,QMLE-Quote,2018-8-14,0.380958
HD,66181,QMLE-Quote,2018-8-15,0.177344
HD,66181,QMLE-Quote,2018-8-16,0.125398
HD,66181,QMLE-Quote,2018-8-17,0.105771
HD,66181,QMLE-Quote,2018-8-20,0.0846806
HD,66181,QMLE-Quote,2018-8-21,0.105085
HD,66181,QMLE-Quote,2018-8-22,0.199144
HD,66181,QMLE-Quote,2018-8-23,0.138774
HD,66181,QMLE-Quote,2018-8-24,0.115727
HD,66181,QMLE-Quote,2018-8-27,0.11327
HD,66181,QMLE-Quote,2018-8-28,0.103745
HD,66181,QMLE-Quote,2018-8-29,0.0860572
HD,66181,QMLE-Quote,2018-8-30,0.103997
HD,66181,QMLE-Quote,2018-8-31,0.10123
HD,66181,QMLE-Quote,2018-9-4,0.137375
HD,66181,QMLE-Quote,2018-9-5,0.175044
HD,66181,QMLE-Quote,2018-9-6,0.123906
HD,66181,QMLE-Quote,2018-9-7,0.132355
HD,66181,QMLE-Quote,2018-9-10,0.190806
HD,66181,QMLE-Quote,2018-9-11,0.169925
HD,66181,QMLE-Quote,2018-9-12,0.204112
HD,66181,QMLE-Quote,2018-9-13,0.180187
HD,66181,QMLE-Quote,2018-9-14,0.149633
HD,66181,QMLE-Quote,2018-9-17,0.145695
HD,66181,QMLE-Quote,2018-9-18,0.147573
HD,66181,QMLE-Quote,2018-9-19,0.118813
HD,66181,QMLE-Quote,2018-9-20,0.116969
HD,66181,QMLE-Quote,2018-9-21,0.127701
HD,66181,QMLE-Quote,2018-9-24,0.149362
HD,66181,QMLE-Quote,2018-9-25,0.113135
HD,66181,QMLE-Quote,2018-9-26,0.127598
HD,66181,QMLE-Quote,2018-9-27,0.117539
HD,66181,QMLE-Quote,2018-9-28,0.143958
HD,66181,QMLE-Quote,2018-10-1,0.141746
HD,66181,QMLE-Quote,2018-10-2,0.11407
HD,66181,QMLE-Quote,2018-10-3,0.134179
HD,66181,QMLE-Quote,2018-10-4,0.19311
HD,66181,QMLE-Quote,2018-10-5,0.162401
HD,66181,QMLE-Quote,2018-10-8,0.142825
HD,66181,QMLE-Quote,2018-10-9,0.168087
HD,66181,QMLE-Quote,2018-10-10,0.229981
HD,66181,QMLE-Quote,2018-10-11,0.308942
HD,66181,QMLE-Quote,2018-10-12,0.238391
HD,66181,QMLE-Quote,2018-10-15,0.192385
HD,66181,QMLE-Quote,2018-10-16,0.167328
HD,66181,QMLE-Quote,2018-10-17,0.287625
HD,66181,QMLE-Quote,2018-10-18,0.308517
HD,66181,QMLE-Quote,2018-10-19,0.239123
HD,66181,QMLE-Quote,2018-10-22,0.204112
HD,66181,QMLE-Quote,2018-10-23,0.276936
HD,66181,QMLE-Quote,2018-10-24,0.314593
HD,66181,QMLE-Quote,2018-10-25,0.25561
HD,66181,QMLE-Quote,2018-10-26,0.364
HD,66181,QMLE-Quote,2018-10-29,0.303098
HD,66181,QMLE-Quote,2018-10-30,0.32407
HD,66181,QMLE-Quote,2018-10-31,0.225944
HD,66181,QMLE-Quote,2018-11-1,0.220907
HD,66181,QMLE-Quote,2018-11-2,0.272581
HD,66181,QMLE-Quote,2018-11-5,0.188485
HD,66181,QMLE-Quote,2018-11-6,0.160907
HD,66181,QMLE-Quote,2018-11-7,0.20864
HD,66181,QMLE-Quote,2018-11-8,0.24044
HD,66181,QMLE-Quote,2018-11-9,0.198312
HD,66181,QMLE-Quote,2018-11-12,0.246103
HD,66181,QMLE-Quote,2018-11-13,0.523901
HD,66181,QMLE-Quote,2018-11-14,0.260912
HD,66181,QMLE-Quote,2018-11-15,0.324338
HD,66181,QMLE-Quote,2018-11-16,0.236352
HD,66181,QMLE-Quote,2018-11-19,0.262597
HD,66181,QMLE-Quote,2018-11-20,0.370248
HD,66181,QMLE-Quote,2018-11-21,0.212627
HD,66181,QMLE-Quote,2018-11-23,0.147991
HD,66181,QMLE-Quote,2018-11-26,0.198994
HD,66181,QMLE-Quote,2018-11-27,0.206952
HD,66181,QMLE-Quote,2018-11-28,0.240338
HD,66181,QMLE-Quote,2018-11-29,0.177037
HD,66181,QMLE-Quote,2018-11-30,0.160228
HD,66181,QMLE-Quote,2018-12-3,0.203874
HD,66181,QMLE-Quote,2018-12-4,0.265326
HD,66181,QMLE-Quote,2018-12-6,0.332987
HD,66181,QMLE-Quote,2018-12-7,0.334017
HD,66181,QMLE-Quote,2018-12-10,0.328471
HD,66181,QMLE-Quote,2018-12-11,0.286335
HD,66181,QMLE-Quote,2018-12-12,0.308584
HD,66181,QMLE-Quote,2018-12-13,0.270764
HD,66181,QMLE-Quote,2018-12-14,0.239469
HD,66181,QMLE-Quote,2018-12-17,0.288554
HD,66181,QMLE-Quote,2018-12-18,0.248779
HD,66181,QMLE-Quote,2018-12-19,0.397026
HD,66181,QMLE-Quote,2018-12-20,0.413555
HD,66181,QMLE-Quote,2018-12-21,0.395904
HD,66181,QMLE-Quote,2018-12-24,0.313195
HD,66181,QMLE-Quote,2018-12-26,0.327805
HD,66181,QMLE-Quote,2018-12-27,0.369221
HD,66181,QMLE-Quote,2018-12-28,0.318919
HD,66181,QMLE-Quote,2018-12-31,0.228918
HD,66181,QMLE-Quote,2019-1-2,0.232452
HD,66181,QMLE-Quote,2019-1-3,0.299292
HD,66181,QMLE-Quote,2019-1-4,0.241427
HD,66181,QMLE-Quote,2019-1-7,0.22634
HD,66181,QMLE-Quote,2019-1-8,0.237055
HD,66181,QMLE-Quote,2019-1-9,0.215251
HD,66181,QMLE-Quote,2019-1-10,0.186295
HD,66181,QMLE-Quote,2019-1-11,0.17777
HD,66181,QMLE-Quote,2019-1-14,0.168051
HD,66181,QMLE-Quote,2019-1-15,0.204932
HD,66181,QMLE-Quote,2019-1-16,0.168892
HD,66181,QMLE-Quote,2019-1-17,0.208216
HD,66181,QMLE-Quote,2019-1-18,0.192622
HD,66181,QMLE-Quote,2019-1-22,0.219565
HD,66181,QMLE-Quote,2019-1-23,0.18643
HD,66181,QMLE-Quote,2019-1-24,0.184652
HD,66181,QMLE-Quote,2019-1-25,0.16913
HD,66181,QMLE-Quote,2019-1-28,0.185945
HD,66181,QMLE-Quote,2019-1-29,0.14941
HD,66181,QMLE-Quote,2019-1-30,0.189905
HD,66181,QMLE-Quote,2019-1-31,0.168931
HD,66181,QMLE-Quote,2019-2-1,0.179396
HD,66181,QMLE-Quote,2019-2-4,0.125823
HD,66181,QMLE-Quote,2019-2-5,0.136745
HD,66181,QMLE-Quote,2019-2-6,0.152832
HD,66181,QMLE-Quote,2019-2-7,0.180949
HD,66181,QMLE-Quote,2019-2-8,0.145938
HD,66181,QMLE-Quote,2019-2-11,0.144812
HD,66181,QMLE-Quote,2019-2-12,0.14852
HD,66181,QMLE-Quote,2019-2-13,0.145781
HD,66181,QMLE-Quote,2019-2-14,0.16413
HD,66181,QMLE-Quote,2019-2-15,0.140214
HD,66181,QMLE-Quote,2019-2-19,0.108658
HD,66181,QMLE-Quote,2019-2-20,0.145448
HD,66181,QMLE-Quote,2019-2-21,0.140582
HD,66181,QMLE-Quote,2019-2-22,0.114321
HD,66181,QMLE-Quote,2019-2-25,0.14337
HD,66181,QMLE-Quote,2019-2-26,0.31451
HD,66181,QMLE-Quote,2019-2-27,0.230299
HD,66181,QMLE-Quote,2019-2-28,0.16742
HD,66181,QMLE-Quote,2019-3-1,0.158733
HD,66181,QMLE-Quote,2019-3-4,0.151046
HD,66181,QMLE-Quote,2019-3-5,0.129387
HD,66181,QMLE-Quote,2019-3-6,0.120662
HD,66181,QMLE-Quote,2019-3-7,0.134973
HD,66181,QMLE-Quote,2019-3-8,0.181526
HD,66181,QMLE-Quote,2019-3-11,0.128914
HD,66181,QMLE-Quote,2019-3-12,0.146075
HD,66181,QMLE-Quote,2019-3-13,0.12192
HD,66181,QMLE-Quote,2019-3-14,0.121043
HD,66181,QMLE-Quote,2019-3-15,0.147699
HD,66181,QMLE-Quote,2019-3-18,0.0920703
HD,66181,QMLE-Quote,2019-3-19,0.121421
HD,66181,QMLE-Quote,2019-3-20,0.15849
HD,66181,QMLE-Quote,2019-3-21,0.138165
HD,66181,QMLE-Quote,2019-3-22,0.211794
HD,66181,QMLE-Quote,2019-3-25,0.176777
HD,66181,QMLE-Quote,2019-3-26,0.169608
HD,66181,QMLE-Quote,2019-3-27,0.21694
HD,66181,QMLE-Quote,2019-3-28,0.146823
HD,66181,QMLE-Quote,2019-3-29,0.135061
HD,66181,QMLE-Quote,2019-4-1,0.199375
HD,66181,QMLE-Quote,2019-4-2,0.129409
HD,66181,QMLE-Quote,2019-4-3,0.17183
HD,66181,QMLE-Quote,2019-4-4,0.12605
HD,66181,QMLE-Quote,2019-4-5,0.135378
HD,66181,QMLE-Quote,2019-4-8,0.11072
HD,66181,QMLE-Quote,2019-4-9,0.146621
HD,66181,QMLE-Quote,2019-4-10,0.140988
HD,66181,QMLE-Quote,2019-4-11,0.118026
HD,66181,QMLE-Quote,2019-4-12,0.116626
HD,66181,QMLE-Quote,2019-4-15,0.139663
HD,66181,QMLE-Quote,2019-4-16,0.113542
HD,66181,QMLE-Quote,2019-4-17,0.111626
HD,66181,QMLE-Quote,2019-4-18,0.118028
HD,66181,QMLE-Quote,2019-4-22,0.11177
HD,66181,QMLE-Quote,2019-4-23,0.131512
HD,66181,QMLE-Quote,2019-4-24,0.165103
HD,66181,QMLE-Quote,2019-4-25,0.141029
HD,66181,QMLE-Quote,2019-4-26,0.113481
HD,66181,QMLE-Quote,2019-4-29,0.142743
HD,66181,QMLE-Quote,2019-4-30,0.123599
HD,66181,QMLE-Quote,2019-5-1,0.182073
HD,66181,QMLE-Quote,2019-5-2,0.167319
HD,66181,QMLE-Quote,2019-5-3,0.127311
HD,66181,QMLE-Quote,2019-5-6,0.126659
HD,66181,QMLE-Quote,2019-5-7,0.205363
HD,66181,QMLE-Quote,2019-5-8,0.177488
HD,66181,QMLE-Quote,2019-5-9,0.211975
HD,66181,QMLE-Quote,2019-5-10,0.22224
HD,66181,QMLE-Quote,2019-5-13,0.219052
HD,66181,QMLE-Quote,2019-5-14,0.143329
HD,66181,QMLE-Quote,2019-5-15,0.186063
HD,66181,QMLE-Quote,2019-5-16,0.15068
HD,66181,QMLE-Quote,2019-5-17,0.1685
HD,66181,QMLE-Quote,2019-5-20,0.157084
HD,66181,QMLE-Quote,2019-5-21,0.309359
HD,66181,QMLE-Quote,2019-5-22,0.228709
HD,66181,QMLE-Quote,2019-5-23,0.219567
HD,66181,QMLE-Quote,2019-5-24,0.141785
HD,66181,QMLE-Quote,2019-5-28,0.183401
HD,66181,QMLE-Quote,2019-5-29,0.180053
HD,66181,QMLE-Quote,2019-5-30,0.158076
HD,66181,QMLE-Quote,2019-5-31,0.16345
HD,66181,QMLE-Quote,2019-6-3,0.20027
HD,66181,QMLE-Quote,2019-6-4,0.148142
HD,66181,QMLE-Quote,2019-6-5,0.159581
HD,66181,QMLE-Quote,2019-6-6,0.149114
HD,66181,QMLE-Quote,2019-6-7,0.116354
HD,66181,QMLE-Quote,2019-6-10,0.127953
HD,66181,QMLE-Quote,2019-6-11,0.167179
HD,66181,QMLE-Quote,2019-6-12,0.168324
HD,66181,QMLE-Quote,2019-6-13,0.141762
HD,66181,QMLE-Quote,2019-6-14,0.134163
HD,66181,QMLE-Quote,2019-6-17,0.148839
HD,66181,QMLE-Quote,2019-6-18,0.147033
HD,66181,QMLE-Quote,2019-6-19,0.162331
HD,66181,QMLE-Quote,2019-6-20,0.14979
HD,66181,QMLE-Quote,2019-6-21,0.135235
HD,66181,QMLE-Quote,2019-6-24,0.173494
HD,66181,QMLE-Quote,2019-6-25,0.158508
HD,66181,QMLE-Quote,2019-6-26,0.121564
HD,66181,QMLE-Quote,2019-6-27,0.129125
HD,66181,QMLE-Quote,2019-6-28,0.128872
HD,66181,QMLE-Quote,2019-7-1,0.166131
HD,66181,QMLE-Quote,2019-7-2,0.13758
HD,66181,QMLE-Quote,2019-7-3,0.0894363
HD,66181,QMLE-Quote,2019-7-5,0.144605
HD,66181,QMLE-Quote,2019-7-8,0.124004
HD,66181,QMLE-Quote,2019-7-9,0.117368
HD,66181,QMLE-Quote,2019-7-10,0.175117
HD,66181,QMLE-Quote,2019-7-11,0.136203
HD,66181,QMLE-Quote,2019-7-12,0.129678
HD,66181,QMLE-Quote,2019-7-15,0.11628
HD,66181,QMLE-Quote,2019-7-16,0.110146
HD,66181,QMLE-Quote,2019-7-17,0.105903
HD,66181,QMLE-Quote,2019-7-18,0.143715
HD,66181,QMLE-Quote,2019-7-19,0.11641
HD,66181,QMLE-Quote,2019-7-22,0.156562
HD,66181,QMLE-Quote,2019-7-23,0.114244
HD,66181,QMLE-Quote,2019-7-24,0.111082
HD,66181,QMLE-Quote,2019-7-25,0.133468
HD,66181,QMLE-Quote,2019-7-26,0.112496
HD,66181,QMLE-Quote,2019-7-29,0.0983094
HD,66181,QMLE-Quote,2019-7-30,0.114355
HD,66181,QMLE-Quote,2019-7-31,0.214061
HD,66181,QMLE-Quote,2019-8-1,0.267699
HD,66181,QMLE-Quote,2019-8-2,0.220841
HD,66181,QMLE-Quote,2019-8-5,0.240571
HD,66181,QMLE-Quote,2019-8-6,0.191398
HD,66181,QMLE-Quote,2019-8-7,0.245052
HD,66181,QMLE-Quote,2019-8-8,0.152708
HD,66181,QMLE-Quote,2019-8-9,0.192411
HD,66181,QMLE-Quote,2019-8-12,0.173344
HD,66181,QMLE-Quote,2019-8-13,0.276582
HD,66181,QMLE-Quote,2019-8-14,0.275891
HD,66181,QMLE-Quote,2019-8-15,0.237172
HD,66181,QMLE-Quote,2019-8-16,0.174243
HD,66181,QMLE-Quote,2019-8-19,0.248788
HD,66181,QMLE-Quote,2019-8-20,0.288765
HD,66181,QMLE-Quote,2019-8-21,0.19918
HD,66181,QMLE-Quote,2019-8-22,0.168948
HD,66181,QMLE-Quote,2019-8-23,0.252151
HD,66181,QMLE-Quote,2019-8-26,0.16998
HD,66181,QMLE-Quote,2019-8-27,0.143712
HD,66181,QMLE-Quote,2019-8-28,0.126213
HD,66181,QMLE-Quote,2019-8-29,0.146937
HD,66181,QMLE-Quote,2019-8-30,0.148151
HD,66181,QMLE-Quote,2019-9-3,0.166511
HD,66181,QMLE-Quote,2019-9-4,0.128963
HD,66181,QMLE-Quote,2019-9-5,0.119932
HD,66181,QMLE-Quote,2019-9-6,0.115217
HD,66181,QMLE-Quote,2019-9-9,0.154448
HD,66181,QMLE-Quote,2019-9-10,0.136586
HD,66181,QMLE-Quote,2019-9-11,0.134811
HD,66181,QMLE-Quote,2019-9-12,0.178552
HD,66181,QMLE-Quote,2019-9-13,0.130957
HD,66181,QMLE-Quote,2019-9-16,0.13266
HD,66181,QMLE-Quote,2019-9-17,0.183415
HD,66181,QMLE-Quote,2019-9-18,0.146881
HD,66181,QMLE-Quote,2019-9-19,0.107103
HD,66181,QMLE-Quote,2019-9-20,0.185808
HD,66181,QMLE-Quote,2019-9-23,0.143632
HD,66181,QMLE-Quote,2019-9-24,0.195163
HD,66181,QMLE-Quote,2019-9-25,0.146189
HD,66181,QMLE-Quote,2019-9-26,0.171958
HD,66181,QMLE-Quote,2019-9-27,0.162879
HD,66181,QMLE-Quote,2019-9-30,0.113779
HD,66181,QMLE-Quote,2019-10-1,0.159655
HD,66181,QMLE-Quote,2019-10-2,0.175058
HD,66181,QMLE-Quote,2019-10-3,0.21605
HD,66181,QMLE-Quote,2019-10-4,0.138273
HD,66181,QMLE-Quote,2019-10-7,0.124422
HD,66181,QMLE-Quote,2019-10-8,0.188798
HD,66181,QMLE-Quote,2019-10-9,0.156554
HD,66181,QMLE-Quote,2019-10-10,0.150526
HD,66181,QMLE-Quote,2019-10-11,0.177708
HD,66181,QMLE-Quote,2019-10-14,0.100905
HD,66181,QMLE-Quote,2019-10-15,0.109759
HD,66181,QMLE-Quote,2019-10-16,0.106552
HD,66181,QMLE-Quote,2019-10-17,0.122441
HD,66181,QMLE-Quote,2019-10-18,0.0998878
HD,66181,QMLE-Quote,2019-10-21,0.096109
HD,66181,QMLE-Quote,2019-10-22,0.123523
HD,66181,QMLE-Quote,2019-10-23,0.103448
HD,66181,QMLE-Quote,2019-10-24,0.135633
HD,66181,QMLE-Quote,2019-10-25,0.111953
HD,66181,QMLE-Quote,2019-10-28,0.107026
HD,66181,QMLE-Quote,2019-10-29,0.0929308
HD,66181,QMLE-Quote,2019-10-30,0.114068
HD,66181,QMLE-Quote,2019-10-31,0.141414
HD,66181,QMLE-Quote,2019-11-1,0.119653
HD,66181,QMLE-Quote,2019-11-4,0.137767
HD,66181,QMLE-Quote,2019-11-5,0.170611
HD,66181,QMLE-Quote,2019-11-6,0.119901
HD,66181,QMLE-Quote,2019-11-7,0.14267
HD,66181,QMLE-Quote,2019-11-8,0.116216
HD,66181,QMLE-Quote,2019-11-11,0.128367
HD,66181,QMLE-Quote,2019-11-12,0.118344
HD,66181,QMLE-Quote,2019-11-13,0.147014
HD,66181,QMLE-Quote,2019-11-14,0.139714
HD,66181,QMLE-Quote,2019-11-15,0.11789
HD,66181,QMLE-Quote,2019-11-18,0.149724
HD,66181,QMLE-Quote,2019-11-19,0.296981
HD,66181,QMLE-Quote,2019-11-20,0.185167
HD,66181,QMLE-Quote,2019-11-21,0.162784
HD,66181,QMLE-Quote,2019-11-22,0.0774482
HD,66181,QMLE-Quote,2019-11-25,0.108848
HD,66181,QMLE-Quote,2019-11-26,0.102636
HD,66181,QMLE-Quote,2019-11-27,0.114753
HD,66181,QMLE-Quote,2019-11-29,0.0989755
HD,66181,QMLE-Quote,2019-12-2,0.134361
HD,66181,QMLE-Quote,2019-12-3,0.137307
HD,66181,QMLE-Quote,2019-12-4,0.0979733
HD,66181,QMLE-Quote,2019-12-5,0.136921
HD,66181,QMLE-Quote,2019-12-6,0.091727
HD,66181,QMLE-Quote,2019-12-9,0.120026
HD,66181,QMLE-Quote,2019-12-10,0.119967
HD,66181,QMLE-Quote,2019-12-11,0.165666
HD,66181,QMLE-Quote,2019-12-12,0.169628
HD,66181,QMLE-Quote,2019-12-13,0.141483
HD,66181,QMLE-Quote,2019-12-16,0.111111
HD,66181,QMLE-Quote,2019-12-17,0.159163
HD,66181,QMLE-Quote,2019-12-18,0.113727
HD,66181,QMLE-Quote,2019-12-19,0.0933764
HD,66181,QMLE-Quote,2019-12-20,0.112048
HD,66181,QMLE-Quote,2019-12-23,0.109644
HD,66181,QMLE-Quote,2019-12-24,0.068719
HD,66181,QMLE-Quote,2019-12-26,0.0702123
HD,66181,QMLE-Quote,2019-12-27,0.0898961
HD,66181,QMLE-Quote,2019-12-30,0.134975
HD,66181,QMLE-Quote,2019-12-31,0.0886966
HD,66181,QMLE-Quote,2020-1-2,0.116795
HD,66181,QMLE-Quote,2020-1-3,0.148862
HD,66181,QMLE-Quote,2020-1-6,0.135124
HD,66181,QMLE-Quote,2020-1-7,0.138177
HD,66181,QMLE-Quote,2020-1-8,0.147522
HD,66181,QMLE-Quote,2020-1-9,0.135128
HD,66181,QMLE-Quote,2020-1-10,0.151965
HD,66181,QMLE-Quote,2020-1-13,0.127969
HD,66181,QMLE-Quote,2020-1-14,0.148492
HD,66181,QMLE-Quote,2020-1-15,0.121426
HD,66181,QMLE-Quote,2020-1-16,0.117067
HD,66181,QMLE-Quote,2020-1-17,0.142274
HD,66181,QMLE-Quote,2020-1-21,0.137093
HD,66181,QMLE-Quote,2020-1-22,0.130024
HD,66181,QMLE-Quote,2020-1-23,0.141254
HD,66181,QMLE-Quote,2020-1-24,0.180911
HD,66181,QMLE-Quote,2020-1-27,0.17442
HD,66181,QMLE-Quote,2020-1-28,0.14813
HD,66181,QMLE-Quote,2020-1-29,0.128219
HD,66181,QMLE-Quote,2020-1-30,0.167064
HD,66181,QMLE-Quote,2020-1-31,0.178036
HD,66181,QMLE-Quote,2020-2-3,0.168403
HD,66181,QMLE-Quote,2020-2-4,0.111941
HD,66181,QMLE-Quote,2020-2-5,0.132475
HD,66181,QMLE-Quote,2020-2-6,0.107853
HD,66181,QMLE-Quote,2020-2-7,0.143495
HD,66181,QMLE-Quote,2020-2-10,0.112489
HD,66181,QMLE-Quote,2020-2-11,0.108313
HD,66181,QMLE-Quote,2020-2-12,0.145881
HD,66181,QMLE-Quote,2020-2-13,0.120867
HD,66181,QMLE-Quote,2020-2-14,0.115714
HD,66181,QMLE-Quote,2020-2-18,0.111785
HD,66181,QMLE-Quote,2020-2-19,0.098847
HD,66181,QMLE-Quote,2020-2-20,0.15284
HD,66181,QMLE-Quote,2020-2-21,0.153573
HD,66181,QMLE-Quote,2020-2-24,0.24574
HD,66181,QMLE-Quote,2020-2-25,0.35882
HD,66181,QMLE-Quote,2020-2-26,0.379354
HD,66181,QMLE-Quote,2020-2-27,0.393717
HD,66181,QMLE-Quote,2020-2-28,0.582625
HD,66181,QMLE-Quote,2020-3-2,0.390449
HD,66181,QMLE-Quote,2020-3-3,0.631122
HD,66181,QMLE-Quote,2020-3-4,0.323897
HD,66181,QMLE-Quote,2020-3-5,0.369376
HD,66181,QMLE-Quote,2020-3-6,0.413872
HD,66181,QMLE-Quote,2020-3-9,0.587501
HD,66181,QMLE-Quote,2020-3-10,0.58969
HD,66181,QMLE-Quote,2020-3-11,0.523782
HD,66181,QMLE-Quote,2020-3-12,1.1773
HD,66181,QMLE-Quote,2020-3-13,0.829631
HD,66181,QMLE-Quote,2020-3-16,0.893089
HD,66181,QMLE-Quote,2020-3-17,1.15503
HD,66181,QMLE-Quote,2020-3-18,1.11932
HD,66181,QMLE-Quote,2020-3-19,1.25893
HD,66181,QMLE-Quote,2020-3-20,1.05822
HD,66181,QMLE-Quote,2020-3-23,1.1831
HD,66181,QMLE-Quote,2020-3-24,0.819822
HD,66181,QMLE-Quote,2020-3-25,0.813922
HD,66181,QMLE-Quote,2020-3-26,0.751397
HD,66181,QMLE-Quote,2020-3-27,0.616733
HD,66181,QMLE-Quote,2020-3-30,0.578961
HD,66181,QMLE-Quote,2020-3-31,0.436761
HD,66181,QMLE-Quote,2020-4-1,0.562068
HD,66181,QMLE-Quote,2020-4-2,0.58341
HD,66181,QMLE-Quote,2020-4-3,0.432897
HD,66181,QMLE-Quote,2020-4-6,0.406137
HD,66181,QMLE-Quote,2020-4-7,0.603174
HD,66181,QMLE-Quote,2020-4-8,0.434305
HD,66181,QMLE-Quote,2020-4-9,0.458331
HD,66181,QMLE-Quote,2020-4-13,0.41838
HD,66181,QMLE-Quote,2020-4-14,0.367834
HD,66181,QMLE-Quote,2020-4-15,0.333104
HD,66181,QMLE-Quote,2020-4-16,0.333531
HD,66181,QMLE-Quote,2020-4-17,0.295016
HD,66181,QMLE-Quote,2020-4-20,0.307149
HD,66181,QMLE-Quote,2020-4-21,0.360869
HD,66181,QMLE-Quote,2020-4-22,0.268897
HD,66181,QMLE-Quote,2020-4-23,0.316727
HD,66181,QMLE-Quote,2020-4-24,0.207413
HD,66181,QMLE-Quote,2020-4-27,0.241955
HD,66181,QMLE-Quote,2020-4-28,0.272315
HD,66181,QMLE-Quote,2020-4-29,0.22911
HD,66181,QMLE-Quote,2020-4-30,0.272782
HD,66181,QMLE-Quote,2020-5-1,0.266978
HD,66181,QMLE-Quote,2020-5-4,0.233073
HD,66181,QMLE-Quote,2020-5-5,0.253376
HD,66181,QMLE-Quote,2020-5-6,0.248427
HD,66181,QMLE-Quote,2020-5-7,0.205503
HD,66181,QMLE-Quote,2020-5-8,0.189814
HD,66181,QMLE-Quote,2020-5-11,0.19061
HD,66181,QMLE-Quote,2020-5-12,0.216689
HD,66181,QMLE-Quote,2020-5-13,0.299043
HD,66181,QMLE-Quote,2020-5-14,0.280626
HD,66181,QMLE-Quote,2020-5-15,0.312175
HD,66181,QMLE-Quote,2020-5-18,0.25627
HD,66181,QMLE-Quote,2020-5-19,0.305725
HD,66181,QMLE-Quote,2020-5-20,0.270974
HD,66181,QMLE-Quote,2020-5-21,0.247834
HD,66181,QMLE-Quote,2020-5-22,0.194978
HD,66181,QMLE-Quote,2020-5-26,0.213034
HD,66181,QMLE-Quote,2020-5-27,0.24674
HD,66181,QMLE-Quote,2020-5-28,0.272983
HD,66181,QMLE-Quote,2020-5-29,0.262251
HD,66181,QMLE-Quote,2020-6-1,0.196458
HD,66181,QMLE-Quote,2020-6-2,0.209407
HD,66181,QMLE-Quote,2020-6-3,0.177973
HD,66181,QMLE-Quote,2020-6-4,0.229896
HD,66181,QMLE-Quote,2020-6-5,0.245651
HD,66181,QMLE-Quote,2020-6-8,0.180504
HD,66181,QMLE-Quote,2020-6-9,0.201946
HD,66181,QMLE-Quote,2020-6-10,0.250555
HD,66181,QMLE-Quote,2020-6-11,0.363759
HD,66181,QMLE-Quote,2020-6-12,0.355986
HD,66181,QMLE-Quote,2020-6-15,0.329645
HD,66181,QMLE-Quote,2020-6-16,0.343454
HD,66181,QMLE-Quote,2020-6-17,0.239888
HD,66181,QMLE-Quote,2020-6-18,0.185606
HD,66181,QMLE-Quote,2020-6-19,0.290868
HD,66181,QMLE-Quote,2020-6-22,0.211213
HD,66181,QMLE-Quote,2020-6-23,0.219638
HD,66181,QMLE-Quote,2020-6-24,0.273109
HD,66181,QMLE-Quote,2020-6-25,0.264041
HD,66181,QMLE-Quote,2020-6-26,0.244691
HD,66181,QMLE-Quote,2020-6-29,0.21035
HD,66181,QMLE-Quote,2020-6-30,0.192886
HD,66181,QMLE-Quote,2020-7-1,0.219799
HD,66181,QMLE-Quote,2020-7-2,0.183385
HD,66181,QMLE-Quote,2020-7-6,0.180013
HD,66181,QMLE-Quote,2020-7-7,0.183128
HD,66181,QMLE-Quote,2020-7-8,0.169663
HD,66181,QMLE-Quote,2020-7-9,0.200315
HD,66181,QMLE-Quote,2020-7-10,0.168368
HD,66181,QMLE-Quote,2020-7-13,0.201352
HD,66181,QMLE-Quote,2020-7-14,0.290966
HD,66181,QMLE-Quote,2020-7-15,0.256375
HD,66181,QMLE-Quote,2020-7-16,0.19791
HD,66181,QMLE-Quote,2020-7-17,0.172292
HD,66181,QMLE-Quote,2020-7-20,0.159726
HD,66181,QMLE-Quote,2020-7-21,0.166535
HD,66181,QMLE-Quote,2020-7-22,0.162578
HD,66181,QMLE-Quote,2020-7-23,0.201825
HD,66181,QMLE-Quote,2020-7-24,0.186432
HD,66181,QMLE-Quote,2020-7-27,0.171772
HD,66181,QMLE-Quote,2020-7-28,0.156139
HD,66181,QMLE-Quote,2020-7-29,0.15128
HD,66181,QMLE-Quote,2020-7-30,0.200792
HD,66181,QMLE-Quote,2020-7-31,0.194616
HD,66181,QMLE-Quote,2020-8-3,0.147196
HD,66181,QMLE-Quote,2020-8-4,0.14542
HD,66181,QMLE-Quote,2020-8-5,0.140669
HD,66181,QMLE-Quote,2020-8-6,0.143265
HD,66181,QMLE-Quote,2020-8-7,0.192638
HD,66181,QMLE-Quote,2020-8-10,0.148193
HD,66181,QMLE-Quote,2020-8-11,0.195352
HD,66181,QMLE-Quote,2020-8-12,0.15913
HD,66181,QMLE-Quote,2020-8-13,0.157521
HD,66181,QMLE-Quote,2020-8-14,0.139255
HD,66181,QMLE-Quote,2020-8-17,0.184631
HD,66181,QMLE-Quote,2020-8-18,0.27888
HD,66181,QMLE-Quote,2020-8-19,0.223334
HD,66181,QMLE-Quote,2020-8-20,0.167666
HD,66181,QMLE-Quote,2020-8-21,0.143207
HD,66181,QMLE-Quote,2020-8-24,0.16279
HD,66181,QMLE-Quote,2020-8-25,0.172126
HD,66181,QMLE-Quote,2020-8-26,0.157674
HD,66181,QMLE-Quote,2020-8-27,0.193943
HD,66181,QMLE-Quote,2020-8-28,0.154343
HD,66181,QMLE-Quote,2020-8-31,0.175354
HD,66181,QMLE-Quote,2020-9-1,0.138597
HD,66181,QMLE-Quote,2020-9-2,0.147994
HD,66181,QMLE-Quote,2020-9-3,0.305832
HD,66181,QMLE-Quote,2020-9-4,0.365883
HD,66181,QMLE-Quote,2020-9-8,0.333636
HD,66181,QMLE-Quote,2020-9-9,0.218808
HD,66181,QMLE-Quote,2020-9-10,0.289388
HD,66181,QMLE-Quote,2020-9-11,0.226821
HD,66181,QMLE-Quote,2020-9-14,0.185698
HD,66181,QMLE-Quote,2020-9-15,0.173198
HD,66181,QMLE-Quote,2020-9-16,0.21543
HD,66181,QMLE-Quote,2020-9-17,0.220238
HD,66181,QMLE-Quote,2020-9-18,0.271483
HD,66181,QMLE-Quote,2020-9-21,0.266453
HD,66181,QMLE-Quote,2020-9-22,0.185947
HD,66181,QMLE-Quote,2020-9-23,0.229331
HD,66181,QMLE-Quote,2020-9-24,0.266996
HD,66181,QMLE-Quote,2020-9-25,0.226943
HD,66181,QMLE-Quote,2020-9-28,0.158397
HD,66181,QMLE-Quote,2020-9-29,0.155544
HD,66181,QMLE-Quote,2020-9-30,0.209259
HD,66181,QMLE-Quote,2020-10-1,0.236411
HD,66181,QMLE-Quote,2020-10-2,0.213263
HD,66181,QMLE-Quote,2020-10-5,0.166048
HD,66181,QMLE-Quote,2020-10-6,0.227072
HD,66181,QMLE-Quote,2020-10-7,0.165619
HD,66181,QMLE-Quote,2020-10-8,0.160982
HD,66181,QMLE-Quote,2020-10-9,0.133174
HD,66181,QMLE-Quote,2020-10-12,0.145801
HD,66181,QMLE-Quote,2020-10-13,0.170786
HD,66181,QMLE-Quote,2020-10-14,0.162995
HD,66181,QMLE-Quote,2020-10-15,0.169113
HD,66181,QMLE-Quote,2020-10-16,0.195857
HD,66181,QMLE-Quote,2020-10-19,0.190615
HD,66181,QMLE-Quote,2020-10-20,0.211473
HD,66181,QMLE-Quote,2020-10-21,0.195841
HD,66181,QMLE-Quote,2020-10-22,0.190329
HD,66181,QMLE-Quote,2020-10-23,0.16302
HD,66181,QMLE-Quote,2020-10-26,0.207499
HD,66181,QMLE-Quote,2020-10-27,0.183173
HD,66181,QMLE-Quote,2020-10-28,0.284351
HD,66181,QMLE-Quote,2020-10-29,0.246741
HD,66181,QMLE-Quote,2020-10-30,0.306441
HD,66181,QMLE-Quote,2020-11-2,0.254191
HD,66181,QMLE-Quote,2020-11-3,0.218891
HD,66181,QMLE-Quote,2020-11-4,0.291999
HD,66181,QMLE-Quote,2020-11-5,0.208063
HD,66181,QMLE-Quote,2020-11-6,0.168258
HD,66181,QMLE-Quote,2020-11-9,0.475217
HD,66181,QMLE-Quote,2020-11-10,0.333228
HD,66181,QMLE-Quote,2020-11-11,0.206032
HD,66181,QMLE-Quote,2020-11-12,0.276084
HD,66181,QMLE-Quote,2020-11-13,0.175333
HD,66181,QMLE-Quote,2020-11-16,0.184008
HD,66181,QMLE-Quote,2020-11-17,0.242687
HD,66181,QMLE-Quote,2020-11-18,0.261644
HD,66181,QMLE-Quote,2020-11-19,0.210349
HD,66181,QMLE-Quote,2020-11-20,0.149377
HD,66181,QMLE-Quote,2020-11-23,0.192011
HD,66181,QMLE-Quote,2020-11-24,0.179644
HD,66181,QMLE-Quote,2020-11-25,0.148002
HD,66181,QMLE-Quote,2020-11-27,0.128311
HD,66181,QMLE-Quote,2020-11-30,0.183139
HD,66181,QMLE-Quote,2020-12-1,0.159423
HD,66181,QMLE-Quote,2020-12-2,0.179105
HD,66181,QMLE-Quote,2020-12-3,0.133607
HD,66181,QMLE-Quote,2020-12-4,0.157836
HD,66181,QMLE-Quote,2020-12-7,0.124567
HD,66181,QMLE-Quote,2020-12-8,0.151406
HD,66181,QMLE-Quote,2020-12-9,0.186492
HD,66181,QMLE-Quote,2020-12-10,0.155909
HD,66181,QMLE-Quote,2020-12-11,0.136335
HD,66181,QMLE-Quote,2020-12-14,0.138745
HD,66181,QMLE-Quote,2020-12-15,0.123277
HD,66181,QMLE-Quote,2020-12-17,0.102631
HD,66181,QMLE-Quote,2020-12-18,0.189768
HD,66181,QMLE-Quote,2020-12-21,0.175442
HD,66181,QMLE-Quote,2020-12-22,0.136146
HD,66181,QMLE-Quote,2020-12-23,0.12684
HD,66181,QMLE-Quote,2020-12-24,0.0808555
HD,66181,QMLE-Quote,2020-12-28,0.120136
HD,66181,QMLE-Quote,2020-12-29,0.122906
HD,66181,QMLE-Quote,2020-12-30,0.0952271
HD,66181,QMLE-Quote,2020-12-31,0.0967291
HD,66181,QMLE-Quote,2021-1-4,0.196998
HD,66181,QMLE-Quote,2021-1-5,0.161524
HD,66181,QMLE-Quote,2021-1-6,0.209139
HD,66181,QMLE-Quote,2021-1-7,0.137046
HD,66181,QMLE-Quote,2021-1-8,0.156492
HD,66181,QMLE-Quote,2021-1-11,0.158213
HD,66181,QMLE-Quote,2021-1-12,0.152922
HD,66181,QMLE-Quote,2021-1-13,0.145837
HD,66181,QMLE-Quote,2021-1-14,0.148398
HD,66181,QMLE-Quote,2021-1-15,0.191712
HD,66181,QMLE-Quote,2021-1-19,0.183702
HD,66181,QMLE-Quote,2021-1-20,0.168087
HD,66181,QMLE-Quote,2021-1-21,0.177105
HD,66181,QMLE-Quote,2021-1-22,0.16126
HD,66181,QMLE-Quote,2021-1-25,0.222073
HD,66181,QMLE-Quote,2021-1-26,0.178124
HD,66181,QMLE-Quote,2021-1-27,0.278013
HD,66181,QMLE-Quote,2021-1-28,0.23104
HD,66181,QMLE-Quote,2021-1-29,0.245442
HD,66181,QMLE-Quote,2021-2-1,0.216837
HD,66181,QMLE-Quote,2021-2-2,0.211379
HD,66181,QMLE-Quote,2021-2-3,0.176242
HD,66181,QMLE-Quote,2021-2-4,0.140655
HD,66181,QMLE-Quote,2021-2-5,0.158792
HD,66181,QMLE-Quote,2021-2-8,0.177349
HD,66181,QMLE-Quote,2021-2-9,0.122171
HD,66181,QMLE-Quote,2021-2-10,0.156249
HD,66181,QMLE-Quote,2021-2-11,0.169669
HD,66181,QMLE-Quote,2021-2-12,0.15296
HD,66181,QMLE-Quote,2021-2-16,0.154356
HD,66181,QMLE-Quote,2021-2-17,0.182068
HD,66181,QMLE-Quote,2021-2-18,0.182143
HD,66181,QMLE-Quote,2021-2-19,0.166757
HD,66181,QMLE-Quote,2021-2-22,0.229357
HD,66181,QMLE-Quote,2021-2-23,0.436772
HD,66181,QMLE-Quote,2021-2-24,0.376978
HD,66181,QMLE-Quote,2021-2-25,0.248453
HD,66181,QMLE-Quote,2021-2-26,0.274694
HD,66181,QMLE-Quote,2021-3-1,0.198049
HD,66181,QMLE-Quote,2021-3-2,0.177252
HD,66181,QMLE-Quote,2021-3-3,0.203791
HD,66181,QMLE-Quote,2021-3-4,0.314299
HD,66181,QMLE-Quote,2021-3-5,0.289575
HD,66181,QMLE-Quote,2021-3-8,0.262764
HD,66181,QMLE-Quote,2021-3-9,0.247158
HD,66181,QMLE-Quote,2021-3-10,0.212613
HD,66181,QMLE-Quote,2021-3-11,0.176384
HD,66181,QMLE-Quote,2021-3-12,0.197587
HD,66181,QMLE-Quote,2021-3-15,0.169507
HD,66181,QMLE-Quote,2021-3-16,0.177646
HD,66181,QMLE-Quote,2021-3-17,0.209285
HD,66181,QMLE-Quote,2021-3-18,0.216671
HD,66181,QMLE-Quote,2021-3-19,0.219558
HD,66181,QMLE-Quote,2021-3-22,0.182232
HD,66181,QMLE-Quote,2021-3-24,0.204505
HD,66181,QMLE-Quote,2021-3-25,0.221184
HD,66181,QMLE-Quote,2021-3-26,0.234702
HD,66181,QMLE-Quote,2021-3-29,0.202462
HD,66181,QMLE-Quote,2021-3-30,0.186179
HD,66181,QMLE-Quote,2021-3-31,0.170449
HD,66181,QMLE-Quote,2021-4-1,0.14587
HD,66181,QMLE-Quote,2021-4-5,0.155018
HD,66181,QMLE-Quote,2021-4-6,0.158732
HD,66181,QMLE-Quote,2021-4-7,0.128868
HD,66181,QMLE-Quote,2021-4-9,0.146283
HD,66181,QMLE-Quote,2021-4-12,0.140972
HD,66181,QMLE-Quote,2021-4-13,0.136127
HD,66181,QMLE-Quote,2021-4-14,0.163853
HD,66181,QMLE-Quote,2021-4-15,0.16123
HD,66181,QMLE-Quote,2021-4-16,0.14347
HD,66181,QMLE-Quote,2021-4-19,0.167698
HD,66181,QMLE-Quote,2021-4-20,0.2057
HD,66181,QMLE-Quote,2021-4-21,0.141086
HD,66181,QMLE-Quote,2021-4-22,0.206058
HD,66181,QMLE-Quote,2021-4-23,0.13915
HD,66181,QMLE-Quote,2021-4-26,0.129122
HD,66181,QMLE-Quote,2021-4-27,0.124882
HD,66181,QMLE-Quote,2021-4-28,0.114177
HD,66181,QMLE-Quote,2021-4-29,0.14452
HD,66181,QMLE-Quote,2021-4-30,0.148289
HD,66181,QMLE-Quote,2021-5-3,0.130022
HD,66181,QMLE-Quote,2021-5-4,0.174731
HD,66181,QMLE-Quote,2021-5-5,0.153641
HD,66181,QMLE-Quote,2021-5-6,0.129505
HD,66181,QMLE-Quote,2021-5-7,0.127204
HD,66181,QMLE-Quote,2021-5-10,0.158337
HD,66181,QMLE-Quote,2021-5-11,0.276799
HD,66181,QMLE-Quote,2021-5-13,0.209203
HD,66181,QMLE-Quote,2021-5-14,0.191414
HD,66181,QMLE-Quote,2021-5-17,0.225487
HD,66181,QMLE-Quote,2021-5-18,0.293211
HD,66181,QMLE-Quote,2021-5-19,0.270927
HD,66181,QMLE-Quote,2021-5-20,0.196262
HD,66181,QMLE-Quote,2021-5-21,0.148859
HD,66181,QMLE-Quote,2021-5-24,0.143672
HD,66181,QMLE-Quote,2021-5-25,0.145803
HD,66181,QMLE-Quote,2021-5-26,0.158817
HD,66181,QMLE-Quote,2021-5-27,0.145811
HD,66181,QMLE-Quote,2021-5-28,0.132856
HD,66181,QMLE-Quote,2021-6-1,0.132969
HD,66181,QMLE-Quote,2021-6-2,0.144868
HD,66181,QMLE-Quote,2021-6-3,0.143798
HD,66181,QMLE-Quote,2021-6-4,0.118951
HD,66181,QMLE-Quote,2021-6-7,0.119012
HD,66181,QMLE-Quote,2021-6-8,0.124703
HD,66181,QMLE-Quote,2021-6-9,0.103715
HD,66181,QMLE-Quote,2021-6-10,0.13079
HD,66181,QMLE-Quote,2021-6-11,0.127465
HD,66181,QMLE-Quote,2021-6-14,0.0994153
HD,66181,QMLE-Quote,2021-6-15,0.129419
HD,66181,QMLE-Quote,2021-6-16,0.191184
HD,66181,QMLE-Quote,2021-6-17,0.165381
HD,66181,QMLE-Quote,2021-6-18,0.206612
HD,66181,QMLE-Quote,2021-6-21,0.153489
HD,66181,QMLE-Quote,2021-6-22,0.134835
HD,66181,QMLE-Quote,2021-6-23,0.129206
HD,66181,QMLE-Quote,2021-6-24,0.117817
HD,66181,QMLE-Quote,2021-6-25,0.128192
HD,66181,QMLE-Quote,2021-6-28,0.119337
HD,66181,QMLE-Quote,2021-6-29,0.140107
HD,66181,QMLE-Quote,2021-6-30,0.126921
HD,66181,QMLE-Quote,2021-7-1,0.109084
HD,66181,QMLE-Quote,2021-7-2,0.1005
HD,66181,QMLE-Quote,2021-7-6,0.139399
HD,66181,QMLE-Quote,2021-7-7,0.142025
HD,66181,QMLE-Quote,2021-7-8,0.181658
HD,66181,QMLE-Quote,2021-7-9,0.12109
HD,66181,QMLE-Quote,2021-7-12,0.132364
HD,66181,QMLE-Quote,2021-7-13,0.133822
HD,66181,QMLE-Quote,2021-7-14,0.11832
HD,66181,QMLE-Quote,2021-7-15,0.133819
HD,66181,QMLE-Quote,2021-7-16,0.143026
HD,66181,QMLE-Quote,2021-7-19,0.209724
HD,66181,QMLE-Quote,2021-7-20,0.164682
HD,66181,QMLE-Quote,2021-7-21,0.144176
HD,66181,QMLE-Quote,2021-7-22,0.119198
HD,66181,QMLE-Quote,2021-7-23,0.122145
HD,66181,QMLE-Quote,2021-7-26,0.135754
HD,66181,QMLE-Quote,2021-7-27,0.167121
HD,66181,QMLE-Quote,2021-7-28,0.14294
HD,66181,QMLE-Quote,2021-7-29,0.1361
HD,66181,QMLE-Quote,2021-7-30,0.132242
HD,66181,QMLE-Quote,2021-8-2,0.148025
HD,66181,QMLE-Quote,2021-8-3,0.139503
HD,66181,QMLE-Quote,2021-8-4,0.123858
HD,66181,QMLE-Quote,2021-8-5,0.133858
HD,66181,QMLE-Quote,2021-8-6,0.122682
HD,66181,QMLE-Quote,2021-8-9,0.124411
HD,66181,QMLE-Quote,2021-8-10,0.12141
HD,66181,QMLE-Quote,2021-8-11,0.154708
HD,66181,QMLE-Quote,2021-8-12,0.146616
HD,66181,QMLE-Quote,2021-8-13,0.123739
HD,66181,QMLE-Quote,2021-8-16,0.163359
HD,66181,QMLE-Quote,2021-8-17,0.263569
HD,66181,QMLE-Quote,2021-8-18,0.236637
HD,66181,QMLE-Quote,2021-8-19,0.214294
HD,66181,QMLE-Quote,2021-8-20,0.153954
HD,66181,QMLE-Quote,2021-8-23,0.126104
HD,66181,QMLE-Quote,2021-8-24,0.125014
HD,66181,QMLE-Quote,2021-8-25,0.141948
HD,66181,QMLE-Quote,2021-8-26,0.144751
HD,66181,QMLE-Quote,2021-8-27,0.158769
HD,66181,QMLE-Quote,2021-8-30,0.131044
HD,66181,QMLE-Quote,2021-8-31,0.139004
HD,66181,QMLE-Quote,2021-9-1,0.146003
HD,66181,QMLE-Quote,2021-9-2,0.126953
HD,66181,QMLE-Quote,2021-9-3,0.154087
HD,66181,QMLE-Quote,2021-9-7,0.161247
HD,66181,QMLE-Quote,2021-9-8,0.140825
HD,66181,QMLE-Quote,2021-9-9,0.144125
HD,66181,QMLE-Quote,2021-9-10,0.15535
HD,66181,QMLE-Quote,2021-9-13,0.169454
HD,66181,QMLE-Quote,2021-9-14,0.145273
HD,66181,QMLE-Quote,2021-9-15,0.144362
HD,66181,QMLE-Quote,2021-9-16,0.150176
HD,66181,QMLE-Quote,2021-9-17,0.152719
HD,66181,QMLE-Quote,2021-9-20,0.194892
HD,66181,QMLE-Quote,2021-9-21,0.167727
HD,66181,QMLE-Quote,2021-9-22,0.171931
HD,66181,QMLE-Quote,2021-9-23,0.123806
HD,66181,QMLE-Quote,2021-9-24,0.104845
HD,66181,QMLE-Quote,2021-9-27,0.167963
HD,66181,QMLE-Quote,2021-9-28,0.200156
HD,66181,QMLE-Quote,2021-9-29,0.169706
HD,66181,QMLE-Quote,2021-9-30,0.238645
HD,66181,QMLE-Quote,2021-10-1,0.234097
HD,66181,QMLE-Quote,2021-10-4,0.220453
HD,66181,QMLE-Quote,2021-10-5,0.185374
HD,66181,QMLE-Quote,2021-10-6,0.194204
HD,66181,QMLE-Quote,2021-10-7,0.161361
HD,66181,QMLE-Quote,2021-10-8,0.176848
HD,66181,QMLE-Quote,2021-10-11,0.161195
HD,66181,QMLE-Quote,2021-10-12,0.17397
HD,66181,QMLE-Quote,2021-10-13,0.166415
HD,66181,QMLE-Quote,2021-10-14,0.136773
HD,66181,QMLE-Quote,2021-10-15,0.121011
HD,66181,QMLE-Quote,2021-10-18,0.143901
HD,66181,QMLE-Quote,2021-10-19,0.12411
HD,66181,QMLE-Quote,2021-10-20,0.153918
HD,66181,QMLE-Quote,2021-10-21,0.141638
HD,66181,QMLE-Quote,2021-10-22,0.160108
HD,66181,QMLE-Quote,2021-10-25,0.137287
HD,66181,QMLE-Quote,2021-10-26,0.150388
HD,66181,QMLE-Quote,2021-10-27,0.160023
HD,66181,QMLE-Quote,2021-10-28,0.147215
HD,66181,QMLE-Quote,2021-11-1,0.165894
HD,66181,QMLE-Quote,2021-11-2,0.14572
HD,66181,QMLE-Quote,2021-11-3,0.143394
HD,66181,QMLE-Quote,2021-11-4,0.129325
HD,66181,QMLE-Quote,2021-11-5,0.159611
HD,66181,QMLE-Quote,2021-11-8,0.176883
HD,66181,QMLE-Quote,2021-11-9,0.156997
HD,66181,QMLE-Quote,2021-11-10,0.153835
HD,66181,QMLE-Quote,2021-11-11,0.142353
HD,66181,QMLE-Quote,2021-11-12,0.142779
HD,66181,QMLE-Quote,2021-11-15,0.16569
HD,66181,QMLE-Quote,2021-11-16,0.359252
HD,66181,QMLE-Quote,2021-11-17,0.302026
HD,66181,QMLE-Quote,2021-11-18,0.169068
HD,66181,QMLE-Quote,2021-11-19,0.162052
HD,66181,QMLE-Quote,2021-11-22,0.199216
HD,66181,QMLE-Quote,2021-11-23,0.21949
HD,66181,QMLE-Quote,2021-11-24,0.180281
HD,66181,QMLE-Quote,2021-11-26,0.265524
HD,66181,QMLE-Quote,2021-11-29,0.219575
HD,66181,QMLE-Quote,2021-11-30,0.27254
HD,66181,QMLE-Quote,2021-12-1,0.231138
HD,66181,QMLE-Quote,2021-12-2,0.270628
HD,66181,QMLE-Quote,2021-12-3,0.309949
HD,66181,QMLE-Quote,2021-12-6,0.254588
HD,66181,QMLE-Quote,2021-12-7,0.201414
HD,66181,QMLE-Quote,2021-12-8,0.215172
HD,66181,QMLE-Quote,2021-12-9,0.177942
HD,66181,QMLE-Quote,2021-12-10,0.153085
HD,66181,QMLE-Quote,2021-12-13,0.195886
HD,66181,QMLE-Quote,2021-12-14,0.207905
HD,66181,QMLE-Quote,2021-12-15,0.231618
HD,66181,QMLE-Quote,2021-12-16,0.259693
HD,66181,QMLE-Quote,2021-12-17,0.247692
HD,66181,QMLE-Quote,2021-12-20,0.201492
HD,66181,QMLE-Quote,2021-12-21,0.186476
HD,66181,QMLE-Quote,2021-12-22,0.138991
HD,66181,QMLE-Quote,2021-12-23,0.135252
HD,66181,QMLE-Quote,2021-12-28,0.136285
HD,66181,QMLE-Quote,2021-12-29,0.127726
HD,66181,QMLE-Quote,2021-12-30,0.130958
HD,66181,QMLE-Quote,2021-12-31,0.1303
HD,66181,QMLE-Quote,2022-1-3,0.237347
HD,66181,QMLE-Quote,2022-1-4,0.198332
HD,66181,QMLE-Quote,2022-1-5,0.221836
HD,66181,QMLE-Quote,2022-1-6,0.207405
HD,66181,QMLE-Quote,2022-1-7,0.207704
HD,66181,QMLE-Quote,2022-1-10,0.237908
HD,66181,QMLE-Quote,2022-1-11,0.230623
HD,66181,QMLE-Quote,2022-1-12,0.203544
HD,66181,QMLE-Quote,2022-1-13,0.221697
HD,66181,QMLE-Quote,2022-1-14,0.230263
HD,66181,QMLE-Quote,2022-1-18,0.280241
HD,66181,QMLE-Quote,2022-1-19,0.247791
HD,66181,QMLE-Quote,2022-1-20,0.228345
HD,66181,QMLE-Quote,2022-1-21,0.366766
HD,66181,QMLE-Quote,2022-1-24,0.401674
HD,66181,QMLE-Quote,2022-1-25,0.35291
HD,66181,QMLE-Quote,2022-1-26,0.36509
HD,66181,QMLE-Quote,2022-1-27,0.296979
HD,66181,QMLE-Quote,2022-1-28,0.282534
HD,66181,QMLE-Quote,2022-1-31,0.22095
HD,66181,QMLE-Quote,2022-2-1,0.211833
HD,66181,QMLE-Quote,2022-2-2,0.204467
HD,66181,QMLE-Quote,2022-2-3,0.213772
HD,66181,QMLE-Quote,2022-2-4,0.221788
HD,66181,QMLE-Quote,2022-2-7,0.196184
HD,66181,QMLE-Quote,2022-2-8,0.221402
HD,66181,QMLE-Quote,2022-2-9,0.157458
HD,66181,QMLE-Quote,2022-2-10,0.283803
HD,66181,QMLE-Quote,2022-2-11,0.256553
HD,66181,QMLE-Quote,2022-2-14,0.25735
HD,66181,QMLE-Quote,2022-2-15,0.176211
HD,66181,QMLE-Quote,2022-2-16,0.200216
HD,66181,QMLE-Quote,2022-2-17,0.214957
HD,66181,QMLE-Quote,2022-2-18,0.228047
HD,66181,QMLE-Quote,2022-2-22,0.460752
HD,66181,QMLE-Quote,2022-2-23,0.365326
HD,66181,QMLE-Quote,2022-2-24,0.393362
HD,66181,QMLE-Quote,2022-2-25,0.295837
HD,66181,QMLE-Quote,2022-2-28,0.28224
HD,66181,QMLE-Quote,2022-3-1,0.298791
HD,66181,QMLE-Quote,2022-3-2,0.27448
HD,66181,QMLE-Quote,2022-3-3,0.231683
HD,66181,QMLE-Quote,2022-3-4,0.271549
HD,66181,QMLE-Quote,2022-3-7,0.300656
HD,66181,QMLE-Quote,2022-3-8,0.354592
HD,66181,QMLE-Quote,2022-3-9,0.229406
HD,66181,QMLE-Quote,2022-3-10,0.248489
HD,66181,QMLE-Quote,2022-3-11,0.226397
HD,66181,QMLE-Quote,2022-3-14,0.262477
HD,66181,QMLE-Quote,2022-3-15,0.220068
HD,66181,QMLE-Quote,2022-3-16,0.285025
HD,66181,QMLE-Quote,2022-3-17,0.200018
HD,66181,QMLE-Quote,2022-3-18,0.224725
HD,66181,QMLE-Quote,2022-3-21,0.266935
HD,66181,QMLE-Quote,2022-3-22,0.222798
HD,66181,QMLE-Quote,2022-3-23,0.227059
HD,66181,QMLE-Quote,2022-3-24,0.223011
HD,66181,QMLE-Quote,2022-3-25,0.208487
HD,66181,QMLE-Quote,2022-3-28,0.214413
HD,66181,QMLE-Quote,2022-3-29,0.230511
HD,66181,QMLE-Quote,2022-3-30,0.222949
HD,66181,QMLE-Quote,2022-3-31,0.242613
HD,66181,QMLE-Quote,2022-4-1,0.234913
HD,66181,QMLE-Quote,2022-4-4,0.222685
HD,66181,QMLE-Quote,2022-4-5,0.223486
HD,66181,QMLE-Quote,2022-4-6,0.283176
HD,66181,QMLE-Quote,2022-4-7,0.236167
HD,66181,QMLE-Quote,2022-4-8,0.229448
HD,66181,QMLE-Quote,2022-4-11,0.259417
HD,66181,QMLE-Quote,2022-4-12,0.263376
HD,66181,QMLE-Quote,2022-4-13,0.181522
HD,66181,QMLE-Quote,2022-4-14,0.192394
HD,66181,QMLE-Quote,2022-4-18,0.209311
HD,66181,QMLE-Quote,2022-4-19,0.217436
HD,66181,QMLE-Quote,2022-4-20,0.247305
HD,66181,QMLE-Quote,2022-4-21,0.212236
HD,66181,QMLE-Quote,2022-4-22,0.230117
HD,66181,QMLE-Quote,2022-4-25,0.314854
HD,66181,QMLE-Quote,2022-4-26,0.278348
HD,66181,QMLE-Quote,2022-4-27,0.312954
HD,66181,QMLE-Quote,2022-4-28,0.272954
HD,66181,QMLE-Quote,2022-4-29,0.246548
HD,66181,QMLE-Quote,2022-5-2,0.363582
HD,66181,QMLE-Quote,2022-5-3,0.266486
HD,66181,QMLE-Quote,2022-5-4,0.295147
HD,66181,QMLE-Quote,2022-5-5,0.403435
HD,66181,QMLE-Quote,2022-5-6,0.369296
HD,66181,QMLE-Quote,2022-5-9,0.373228
HD,66181,QMLE-Quote,2022-5-10,0.384271
HD,66181,QMLE-Quote,2022-5-11,0.38333
HD,66181,QMLE-Quote,2022-5-12,0.400272
HD,66181,QMLE-Quote,2022-5-13,0.307909
HD,66181,QMLE-Quote,2022-5-16,0.329731
HD,66181,QMLE-Quote,2022-5-18,0.453218
HD,66181,QMLE-Quote,2022-5-19,0.4011
HD,66181,QMLE-Quote,2022-5-20,0.390423
HD,66181,QMLE-Quote,2022-5-23,0.34381
HD,66181,QMLE-Quote,2022-5-24,0.380646
HD,66181,QMLE-Quote,2022-5-25,0.391493
HD,66181,QMLE-Quote,2022-5-26,0.33012
HD,66181,QMLE-Quote,2022-5-27,0.278132
HD,66181,QMLE-Quote,2022-5-31,0.319988
HD,66181,QMLE-Quote,2022-6-1,0.282214
HD,66181,QMLE-Quote,2022-6-2,0.254009
HD,66181,QMLE-Quote,2022-6-3,0.278666
HD,66181,QMLE-Quote,2022-6-6,0.234078
HD,66181,QMLE-Quote,2022-6-7,0.265112
HD,66181,QMLE-Quote,2022-6-8,0.226289
HD,66181,QMLE-Quote,2022-6-9,0.25807
HD,66181,QMLE-Quote,2022-6-10,0.323964
HD,66181,QMLE-Quote,2022-6-13,0.344877
HD,66181,QMLE-Quote,2022-6-14,0.329284
HD,66181,QMLE-Quote,2022-6-15,0.376065
HD,66181,QMLE-Quote,2022-6-16,0.374812
HD,66181,QMLE-Quote,2022-6-17,0.312124
HD,66181,QMLE-Quote,2022-6-21,0.277757
HD,66181,QMLE-Quote,2022-6-22,0.276518
HD,66181,QMLE-Quote,2022-6-23,0.31026
HD,66181,QMLE-Quote,2022-6-24,0.25575
HD,66181,QMLE-Quote,2022-6-27,0.256339
HD,66181,QMLE-Quote,2022-6-28,0.289182
HD,66181,QMLE-Quote,2022-6-29,0.280939
HD,66181,QMLE-Quote,2022-6-30,0.295131
HD,66181,QMLE-Quote,2022-7-1,0.25413
HD,66181,QMLE-Quote,2022-7-5,0.293613
HD,66181,QMLE-Quote,2022-7-6,0.256476
HD,66181,QMLE-Quote,2022-7-7,0.210255
HD,66181,QMLE-Quote,2022-7-8,0.184469
HD,66181,QMLE-Quote,2022-7-11,0.231715
HD,66181,QMLE-Quote,2022-7-12,0.247856
HD,66181,QMLE-Quote,2022-7-13,0.295516
HD,66181,QMLE-Quote,2022-7-14,0.276086
HD,66181,QMLE-Quote,2022-7-15,0.250443
HD,66181,QMLE-Quote,2022-7-18,0.210841
HD,66181,QMLE-Quote,2022-7-19,0.195793
HD,66181,QMLE-Quote,2022-7-20,0.219533
HD,66181,QMLE-Quote,2022-7-21,0.248283
HD,66181,QMLE-Quote,2022-7-22,0.2241
HD,66181,QMLE-Quote,2022-7-25,0.193407
HD,66181,QMLE-Quote,2022-7-26,0.238286
HD,66181,QMLE-Quote,2022-7-27,0.286067
HD,66181,QMLE-Quote,2022-7-28,0.281172
HD,66181,QMLE-Quote,2022-7-29,0.195203
HD,66181,QMLE-Quote,2022-8-1,0.242729
HD,66181,QMLE-Quote,2022-8-2,0.225994
HD,66181,QMLE-Quote,2022-8-3,0.220953
HD,66181,QMLE-Quote,2022-8-4,0.223116
HD,66181,QMLE-Quote,2022-8-5,0.188694
HD,66181,QMLE-Quote,2022-8-8,0.209037
HD,66181,QMLE-Quote,2022-8-9,0.215795
HD,66181,QMLE-Quote,2022-8-10,0.225656
HD,66181,QMLE-Quote,2022-8-11,0.217847
HD,66181,QMLE-Quote,2022-8-12,0.144929
HD,66181,QMLE-Quote,2022-8-15,0.177167
HD,66181,QMLE-Quote,2022-8-16,0.40059
HD,66181,QMLE-Quote,2022-8-17,0.239534
HD,66181,QMLE-Quote,2022-8-18,0.17566
HD,66181,QMLE-Quote,2022-8-19,0.205994
HD,66181,QMLE-Quote,2022-8-22,0.192877
HD,66181,QMLE-Quote,2022-8-23,0.183681
HD,66181,QMLE-Quote,2022-8-24,0.219961
HD,66181,QMLE-Quote,2022-8-25,0.168957
HD,66181,QMLE-Quote,2022-8-26,0.252061
HD,66181,QMLE-Quote,2022-8-29,0.250773
HD,66181,QMLE-Quote,2022-8-30,0.227579
HD,66181,QMLE-Quote,2022-8-31,0.246953
HD,66181,QMLE-Quote,2022-9-1,0.226292
HD,66181,QMLE-Quote,2022-9-2,0.222116
HD,66181,QMLE-Quote,2022-9-6,0.259284
HD,66181,QMLE-Quote,2022-9-8,0.22764
HD,66181,QMLE-Quote,2022-9-9,0.181958
HD,66181,QMLE-Quote,2022-9-12,0.182051
HD,66181,QMLE-Quote,2022-9-13,0.253287
HD,66181,QMLE-Quote,2022-9-14,0.243016
HD,66181,QMLE-Quote,2022-9-15,0.257072
HD,66181,QMLE-Quote,2022-9-16,0.233849
HD,66181,QMLE-Quote,2022-9-19,0.241579
HD,66181,QMLE-Quote,2022-9-20,0.207722
HD,66181,QMLE-Quote,2022-9-21,0.352181
HD,66181,QMLE-Quote,2022-9-22,0.228915
HD,66181,QMLE-Quote,2022-9-23,0.252897
HD,66181,QMLE-Quote,2022-9-26,0.277377
HD,66181,QMLE-Quote,2022-9-27,0.289189
HD,66181,QMLE-Quote,2022-9-28,0.24565
HD,66181,QMLE-Quote,2022-9-29,0.279355
HD,66181,QMLE-Quote,2022-9-30,0.295859
HD,66181,QMLE-Quote,2022-10-4,0.249682
HD,66181,QMLE-Quote,2022-10-5,0.218742
HD,66181,QMLE-Quote,2022-10-6,0.247791
HD,66181,QMLE-Quote,2022-10-7,0.210386
HD,66181,QMLE-Quote,2022-10-10,0.24003
HD,66181,QMLE-Quote,2022-10-11,0.246187
HD,66181,QMLE-Quote,2022-10-12,0.24863
HD,66181,QMLE-Quote,2022-10-13,0.393577
HD,66181,QMLE-Quote,2022-10-14,0.314635
HD,66181,QMLE-Quote,2022-10-17,0.230312
HD,66181,QMLE-Quote,2022-10-18,0.267656
HD,66181,QMLE-Quote,2022-10-19,0.300832
HD,66181,QMLE-Quote,2022-10-20,0.27295
HD,66181,QMLE-Quote,2022-10-21,0.310276
HD,66181,QMLE-Quote,2022-10-24,0.320097
HD,66181,QMLE-Quote,2022-10-25,0.252747
HD,66181,QMLE-Quote,2022-10-26,0.25044
HD,66181,QMLE-Quote,2022-10-27,0.27013
HD,66181,QMLE-Quote,2022-10-28,0.240112
HD,66181,QMLE-Quote,2022-10-31,0.279626
HD,66181,QMLE-Quote,2022-11-1,0.269332
HD,66181,QMLE-Quote,2022-11-2,0.35609
HD,66181,QMLE-Quote,2022-11-3,0.332007
HD,66181,QMLE-Quote,2022-11-4,0.299831
HD,66181,QMLE-Quote,2022-11-7,0.22489
HD,66181,QMLE-Quote,2022-11-8,0.252211
HD,66181,QMLE-Quote,2022-11-9,0.260356
HD,66181,QMLE-Quote,2022-11-10,0.363056
HD,66181,QMLE-Quote,2022-11-11,0.299855
HD,66181,QMLE-Quote,2022-11-14,0.274013
HD,66181,QMLE-Quote,2022-11-15,0.527779
HD,66181,QMLE-Quote,2022-11-16,0.330133
HD,66181,QMLE-Quote,2022-11-17,0.25827
HD,66181,QMLE-Quote,2022-11-18,0.214364
HD,66181,QMLE-Quote,2022-11-21,0.187669
HD,66181,QMLE-Quote,2022-11-22,0.225077
HD,66181,QMLE-Quote,2022-11-23,0.249191
HD,66181,QMLE-Quote,2022-11-25,0.182832
HD,66181,QMLE-Quote,2022-11-28,0.245736
HD,66181,QMLE-Quote,2022-11-29,0.210841
HD,66181,QMLE-Quote,2022-11-30,0.240036
HD,66181,QMLE-Quote,2022-12-1,0.22854
HD,66181,QMLE-Quote,2022-12-2,0.203653
HD,66181,QMLE-Quote,2022-12-6,0.219062
HD,66181,QMLE-Quote,2022-12-7,0.254341
HD,66181,QMLE-Quote,2022-12-8,0.216456
HD,66181,QMLE-Quote,2022-12-9,0.189843
HD,66181,QMLE-Quote,2022-12-12,0.16266
HD,66181,QMLE-Quote,2022-12-13,0.338302
HD,66181,QMLE-Quote,2022-12-14,0.36531
HD,66181,QMLE-Quote,2022-12-15,0.270573
HD,66181,QMLE-Quote,2022-12-16,0.297408
HD,66181,QMLE-Quote,2022-12-19,0.229243
HD,66181,QMLE-Quote,2022-12-20,0.23049
HD,66181,QMLE-Quote,2022-12-21,0.17506
HD,66181,QMLE-Quote,2022-12-22,0.210046
HD,66181,QMLE-Quote,2022-12-23,0.236094
HD,66181,QMLE-Quote,2022-12-27,0.180936
HD,66181,QMLE-Quote,2022-12-29,0.124787
HD,66181,QMLE-Quote,2022-12-30,0.172752
HD,66181,QMLE-Quote,2023-1-3,0.249185
HD,66181,QMLE-Quote,2023-1-4,0.254476
HD,66181,QMLE-Quote,2023-1-5,0.216559
HD,66181,QMLE-Quote,2023-1-6,0.289017
HD,66181,QMLE-Quote,2023-1-9,0.181237
HD,66181,QMLE-Quote,2023-1-10,0.212405
HD,66181,QMLE-Quote,2023-1-11,0.193676
HD,66181,QMLE-Quote,2023-1-12,0.223268
HD,66181,QMLE-Quote,2023-1-17,0.182652
HD,66181,QMLE-Quote,2023-1-18,0.223862
HD,66181,QMLE-Quote,2023-1-19,0.241623
HD,66181,QMLE-Quote,2023-1-20,0.205725
HD,66181,QMLE-Quote,2023-1-23,0.19823
HD,66181,QMLE-Quote,2023-1-24,0.2082
HD,66181,QMLE-Quote,2023-1-25,0.175745
HD,66181,QMLE-Quote,2023-1-26,0.262934
HD,66181,QMLE-Quote,2023-1-27,0.182542
HD,66181,QMLE-Quote,2023-1-30,0.195345
HD,66181,QMLE-Quote,2023-1-31,0.187701
HD,66181,QMLE-Quote,2023-2-1,0.256685
HD,66181,QMLE-Quote,2023-2-2,0.27139
HD,66181,QMLE-Quote,2023-2-3,0.238094
HD,66181,QMLE-Quote,2023-2-6,0.19886
HD,66181,QMLE-Quote,2023-2-7,0.235232
HD,66181,QMLE-Quote,2023-2-8,0.194992
HD,66181,QMLE-Quote,2023-2-9,0.182176
HD,66181,QMLE-Quote,2023-2-10,0.197232
HD,66181,QMLE-Quote,2023-2-13,0.161527
HD,66181,QMLE-Quote,2023-2-14,0.243871
HD,66181,QMLE-Quote,2023-2-15,0.195109
HD,66181,QMLE-Quote,2023-2-16,0.220907
HD,66181,QMLE-Quote,2023-2-17,0.225226
HD,66181,QMLE-Quote,2023-2-21,0.362833
HD,66181,QMLE-Quote,2023-2-22,0.261157
HD,66181,QMLE-Quote,2023-2-23,0.196678
HD,66181,QMLE-Quote,2023-2-24,0.207736
HD,66181,QMLE-Quote,2023-2-27,0.17803
HD,66181,QMLE-Quote,2023-2-28,0.152192
HD,66181,QMLE-Quote,2023-3-1,0.212424
HD,66181,QMLE-Quote,2023-3-2,0.20007
HD,66181,QMLE-Quote,2023-3-3,0.149983
HD,66181,QMLE-Quote,2023-3-6,0.150422
HD,66181,QMLE-Quote,2023-3-7,0.196193
HD,66181,QMLE-Quote,2023-3-8,0.165218
HD,66181,QMLE-Quote,2023-3-9,0.162673
HD,66181,QMLE-Quote,2023-3-10,0.287897
HD,66181,QMLE-Quote,2023-3-13,0.380257
HD,66181,QMLE-Quote,2023-3-14,0.237814
HD,66181,QMLE-Quote,2023-3-15,0.304835
HD,66181,QMLE-Quote,2023-3-16,0.216905
HD,66181,QMLE-Quote,2023-3-17,0.289747
HD,66181,QMLE-Quote,2023-3-20,0.204089
HD,66181,QMLE-Quote,2023-3-21,0.173891
HD,66181,QMLE-Quote,2023-3-22,0.246166
HD,66181,QMLE-Quote,2023-3-23,0.236848
HD,66181,QMLE-Quote,2023-3-24,0.221445
HD,66181,QMLE-Quote,2023-3-27,0.165769
HD,66181,QMLE-Quote,2023-3-28,0.139821
HD,66181,QMLE-Quote,2023-3-29,0.141374
HD,66181,QMLE-Quote,2023-3-30,0.144945
HD,66181,QMLE-Quote,2023-3-31,0.157717
HD,66181,QMLE-Quote,2023-4-3,0.154031
HD,66181,QMLE-Quote,2023-4-4,0.143709
HD,66181,QMLE-Quote,2023-4-5,0.167908
HD,66181,QMLE-Quote,2023-4-6,0.142967
HD,66181,QMLE-Quote,2023-4-10,0.133771
HD,66181,QMLE-Quote,2023-4-11,0.130935
HD,66181,QMLE-Quote,2023-4-12,0.171979
HD,66181,QMLE-Quote,2023-4-13,0.166128
HD,66181,QMLE-Quote,2023-4-14,0.174712
HD,66181,QMLE-Quote,2023-4-17,0.134979
HD,66181,QMLE-Quote,2023-4-18,0.14928
HD,66181,QMLE-Quote,2023-4-19,0.131451
HD,66181,QMLE-Quote,2023-4-20,0.152631
HD,66181,QMLE-Quote,2023-4-21,0.143609
HD,66181,QMLE-Quote,2023-4-24,0.127794
HD,66181,QMLE-Quote,2023-4-25,0.140088
HD,66181,QMLE-Quote,2023-4-26,0.178077
HD,66181,QMLE-Quote,2023-4-27,0.164906
HD,66181,QMLE-Quote,2023-4-28,0.163894
HD,66181,QMLE-Quote,2023-5-1,0.143903
HD,66181,QMLE-Quote,2023-5-2,0.164228
HD,66181,QMLE-Quote,2023-5-3,0.244432
HD,66181,QMLE-Quote,2023-5-4,0.231449
HD,66181,QMLE-Quote,2023-5-5,0.211816
HD,66181,QMLE-Quote,2023-5-8,0.164431
HD,66181,QMLE-Quote,2023-5-9,0.132752
HD,66181,QMLE-Quote,2023-5-10,0.18836
HD,66181,QMLE-Quote,2023-5-11,0.162311
HD,66181,QMLE-Quote,2023-5-12,0.169552
HD,66181,QMLE-Quote,2023-5-15,0.185421
HD,66181,QMLE-Quote,2023-5-16,0.396396
HD,66181,QMLE-Quote,2023-5-17,0.257033
HD,66181,QMLE-Quote,2023-5-18,0.213153
HD,66181,QMLE-Quote,2023-5-19,0.181225
HD,66181,QMLE-Quote,2023-5-22,0.169034
HD,66181,QMLE-Quote,2023-5-23,0.23349
HD,66181,QMLE-Quote,2023-5-24,0.189958
HD,66181,QMLE-Quote,2023-5-25,0.191523
HD,66181,QMLE-Quote,2023-5-26,0.205763
HD,66181,QMLE-Quote,2023-5-30,0.192316
HD,66181,QMLE-Quote,2023-5-31,0.222003
HD,66181,QMLE-Quote,2023-6-1,0.219655
HD,66181,QMLE-Quote,2023-6-2,0.213777
HD,66181,QMLE-Quote,2023-6-5,0.159898
HD,66181,QMLE-Quote,2023-6-6,0.157019
HD,66181,QMLE-Quote,2023-6-7,0.194327
HD,66181,QMLE-Quote,2023-6-8,0.190742
HD,66181,QMLE-Quote,2023-6-9,0.171884
HD,66181,QMLE-Quote,2023-6-12,0.179318
HD,66181,QMLE-Quote,2023-6-13,0.210261
HD,66181,QMLE-Quote,2023-6-14,0.213711
HD,66181,QMLE-Quote,2023-6-15,0.178803
HD,66181,QMLE-Quote,2023-6-16,0.199215
HD,66181,QMLE-Quote,2023-6-22,0.159692
HD,66181,QMLE-Quote,2023-6-23,0.147352
HD,66181,QMLE-Quote,2023-6-26,0.150822
HD,66181,QMLE-Quote,2023-6-27,0.177579
HD,66181,QMLE-Quote,2023-6-28,0.173037
HD,66181,QMLE-Quote,2023-6-29,0.174457
HD,66181,QMLE-Quote,2023-6-30,0.136994
HD,66181,QMLE-Quote,2023-7-3,0.125392
HD,66181,QMLE-Quote,2023-7-5,0.117507
HD,66181,QMLE-Quote,2023-7-6,0.165164
HD,66181,QMLE-Quote,2023-7-7,0.12683
HD,66181,QMLE-Quote,2023-7-10,0.166927
HD,66181,QMLE-Quote,2023-7-11,0.149647
HD,66181,QMLE-Quote,2023-7-12,0.16933
HD,66181,QMLE-Quote,2023-7-13,0.125916
HD,66181,QMLE-Quote,2023-7-14,0.145583
HD,66181,QMLE-Quote,2023-7-17,0.14263
HD,66181,QMLE-Quote,2023-7-18,0.167343
HD,66181,QMLE-Quote,2023-7-19,0.141654
HD,66181,QMLE-Quote,2023-7-20,0.178997
HD,66181,QMLE-Quote,2023-7-21,0.123561
HD,66181,QMLE-Quote,2023-7-24,0.135994
HD,66181,QMLE-Quote,2023-7-25,0.129806
HD,66181,QMLE-Quote,2023-7-26,0.173999
HD,66181,QMLE-Quote,2023-7-27,0.150631
HD,66181,QMLE-Quote,2023-7-28,0.117903
HD,66181,QMLE-Quote,2023-7-31,0.135663
HD,66181,QMLE-Quote,2023-8-1,0.117757
HD,66181,QMLE-Quote,2023-8-2,0.145346
HD,66181,QMLE-Quote,2023-8-3,0.137633
HD,66181,QMLE-Quote,2023-8-4,0.172916
HD,66181,QMLE-Quote,2023-8-7,0.130898
HD,66181,QMLE-Quote,2023-8-8,0.154675
HD,66181,QMLE-Quote,2023-8-9,0.127669
HD,66181,QMLE-Quote,2023-8-10,0.152118
HD,66181,QMLE-Quote,2023-8-11,0.117166
HD,66181,QMLE-Quote,2023-8-14,0.176683
HD,66181,QMLE-Quote,2023-8-15,0.340301
HD,66181,QMLE-Quote,2023-8-17,0.184033
HD,66181,QMLE-Quote,2023-8-18,0.164649
HD,66181,QMLE-Quote,2023-8-21,0.151826
HD,66181,QMLE-Quote,2023-8-22,0.194996
HD,66181,QMLE-Quote,2023-8-23,0.140658
HD,66181,QMLE-Quote,2023-8-24,0.148926
HD,66181,QMLE-Quote,2023-8-25,0.179864
HD,66181,QMLE-Quote,2023-8-28,0.160813
HD,66181,QMLE-Quote,2023-8-29,0.124689
HD,66181,QMLE-Quote,2023-8-30,0.111406
HD,66181,QMLE-Quote,2023-8-31,0.122917
HD,66181,QMLE-Quote,2023-9-1,0.144669
HD,66181,QMLE-Quote,2023-9-5,0.140192
HD,66181,QMLE-Quote,2023-9-6,0.137822
HD,66181,QMLE-Quote,2023-9-7,0.126448
HD,66181,QMLE-Quote,2023-9-8,0.115795
HD,66181,QMLE-Quote,2023-9-11,0.0948572
HD,66181,QMLE-Quote,2023-9-12,0.11958
HD,66181,QMLE-Quote,2023-9-13,0.126931
HD,66181,QMLE-Quote,2023-9-14,0.140997
HD,66181,QMLE-Quote,2023-9-15,0.155762
HD,66181,QMLE-Quote,2023-9-18,0.128348
HD,66181,QMLE-Quote,2023-9-19,0.143061
HD,66181,QMLE-Quote,2023-9-20,0.156736
HD,66181,QMLE-Quote,2023-9-21,0.137129
HD,66181,QMLE-Quote,2023-9-22,0.134537
HD,66181,QMLE-Quote,2023-9-26,0.117775
HD,66181,QMLE-Quote,2023-9-27,0.142534
HD,66181,QMLE-Quote,2023-9-28,0.14654
HD,66181,QMLE-Quote,2023-9-29,0.165624
HD,66181,QMLE-Quote,2023-10-2,0.171067
HD,66181,QMLE-Quote,2023-10-3,0.208621
HD,66181,QMLE-Quote,2023-10-4,0.160318
HD,66181,QMLE-Quote,2023-10-5,0.147899
HD,66181,QMLE-Quote,2023-10-6,0.163858
HD,66181,QMLE-Quote,2023-10-9,0.143449
HD,66181,QMLE-Quote,2023-10-10,0.150509
HD,66181,QMLE-Quote,2023-10-11,0.143247
HD,66181,QMLE-Quote,2023-10-12,0.15665
HD,66181,QMLE-Quote,2023-10-13,0.192775
HD,66181,QMLE-Quote,2023-10-16,0.156209
HD,66181,QMLE-Quote,2023-10-17,0.165973
HD,66181,QMLE-Quote,2023-10-18,0.195079
HD,66181,QMLE-Quote,2023-10-19,0.238232
HD,66181,QMLE-Quote,2023-10-20,0.170454
HD,66181,QMLE-Quote,2023-10-23,0.177383
HD,66181,QMLE-Quote,2023-10-24,0.189483
HD,66181,QMLE-Quote,2023-10-25,0.182831
HD,66181,QMLE-Quote,2023-10-26,0.222483
HD,66181,QMLE-Quote,2023-10-27,0.186582
HD,66181,QMLE-Quote,2023-10-30,0.170124
HD,66181,QMLE-Quote,2023-10-31,0.166107
HD,66181,QMLE-Quote,2023-11-1,0.201875
HD,66181,QMLE-Quote,2023-11-2,0.188053
HD,66181,QMLE-Quote,2023-11-3,0.200012
HD,66181,QMLE-Quote,2023-11-6,0.146724
HD,66181,QMLE-Quote,2023-11-7,0.125791
HD,66181,QMLE-Quote,2023-11-8,0.13277
HD,66181,QMLE-Quote,2023-11-9,0.172888
HD,66181,QMLE-Quote,2023-11-10,0.141408
HD,66181,QMLE-Quote,2023-11-13,0.146113
HD,66181,QMLE-Quote,2023-11-14,0.32001
HD,66181,QMLE-Quote,2023-11-15,0.173214
HD,66181,QMLE-Quote,2023-11-16,0.16048
HD,66181,QMLE-Quote,2023-11-17,0.128271
HD,66181,QMLE-Quote,2023-11-20,0.107815
HD,66181,QMLE-Quote,2023-11-21,0.154462
HD,66181,QMLE-Quote,2023-11-22,0.149447
HD,66181,QMLE-Quote,2023-11-24,0.0863165
HD,66181,QMLE-Quote,2023-11-27,0.120054
HD,66181,QMLE-Quote,2023-11-28,0.135171
HD,66181,QMLE-Quote,2023-11-29,0.140493
HD,66181,QMLE-Quote,2023-11-30,0.158299
HD,66181,QMLE-Quote,2023-12-1,0.140001
HD,66181,QMLE-Quote,2023-12-4,0.152339
HD,66181,QMLE-Quote,2023-12-5,0.147763
HD,66181,QMLE-Quote,2023-12-6,0.134559
HD,66181,QMLE-Quote,2023-12-7,0.109328
HD,66181,QMLE-Quote,2023-12-8,0.132092
HD,66181,QMLE-Quote,2023-12-11,0.130829
HD,66181,QMLE-Quote,2023-12-12,0.104437
HD,66181,QMLE-Quote,2023-12-13,0.174626
HD,66181,QMLE-Quote,2023-12-14,0.189016
HD,66181,QMLE-Quote,2023-12-18,0.14872
HD,66181,QMLE-Quote,2023-12-19,0.115997
HD,66181,QMLE-Quote,2023-12-20,0.141291
HD,66181,QMLE-Quote,2023-12-21,0.139499
HD,66181,QMLE-Quote,2023-12-22,0.124191
HD,66181,QMLE-Quote,2023-12-26,0.0918613
HD,66181,QMLE-Quote,2023-12-27,0.120502
HD,66181,QMLE-Quote,2023-12-28,0.104271
HD,66181,QMLE-Quote,2023-12-29,0.135287
HD,66181,QMLE-Quote,2024-1-2,0.1492
HD,66181,QMLE-Quote,2024-1-3,0.172918
HD,66181,QMLE-Quote,2024-1-4,0.152077
HD,66181,QMLE-Quote,2024-1-5,0.151257
HD,66181,QMLE-Quote,2024-1-8,0.13691
HD,66181,QMLE-Quote,2024-1-9,0.141276
HD,66181,QMLE-Quote,2024-1-10,0.163837
HD,66181,QMLE-Quote,2024-1-11,0.195981
HD,66181,QMLE-Quote,2024-1-12,0.159654
HD,66181,QMLE-Quote,2024-1-16,0.175572
HD,66181,QMLE-Quote,2024-1-17,0.148066
HD,66181,QMLE-Quote,2024-1-18,0.153841
HD,66181,QMLE-Quote,2024-1-19,0.157752
HD,66181,QMLE-Quote,2024-1-22,0.171959
HD,66181,QMLE-Quote,2024-1-23,0.152186
HD,66181,QMLE-Quote,2024-1-24,0.15352
HD,66181,QMLE-Quote,2024-1-25,0.163179
HD,66181,QMLE-Quote,2024-1-26,0.131053
HD,66181,QMLE-Quote,2024-1-29,0.110691
HD,66181,QMLE-Quote,2024-1-30,0.12543
HD,66181,QMLE-Quote,2024-1-31,0.176961
HD,66181,QMLE-Quote,2024-2-1,0.168646
HD,66181,QMLE-Quote,2024-2-2,0.233501
HD,66181,QMLE-Quote,2024-2-5,0.146947
HD,66181,QMLE-Quote,2024-2-6,0.144807
HD,66181,QMLE-Quote,2024-2-7,0.119858
HD,66181,QMLE-Quote,2024-2-8,0.145326
HD,66181,QMLE-Quote,2024-2-9,0.11378
HD,66181,QMLE-Quote,2024-2-12,0.154289
HD,66181,QMLE-Quote,2024-2-13,0.211149
HD,66181,QMLE-Quote,2024-2-14,0.157055
HD,66181,QMLE-Quote,2024-2-15,0.165325
HD,66181,QMLE-Quote,2024-2-16,0.161217
HD,66181,QMLE-Quote,2024-2-20,0.301463
HD,66181,QMLE-Quote,2024-2-21,0.211441
HD,66181,QMLE-Quote,2024-2-22,0.187632
HD,66181,QMLE-Quote,2024-2-23,0.141513
HD,66181,QMLE-Quote,2024-2-26,0.145577
HD,66181,QMLE-Quote,2024-2-27,0.172385
HD,66181,QMLE-Quote,2024-2-28,0.124356
HD,66181,QMLE-Quote,2024-2-29,0.126016
HD,66181,QMLE-Quote,2024-3-1,0.136886
HD,66181,QMLE-Quote,2024-3-4,0.144103
HD,66181,QMLE-Quote,2024-3-5,0.1498
HD,66181,QMLE-Quote,2024-3-6,0.175068
HD,66181,QMLE-Quote,2024-3-7,0.140951
HD,66181,QMLE-Quote,2024-3-8,0.135115
HD,66181,QMLE-Quote,2024-3-11,0.143055
HD,66181,QMLE-Quote,2024-3-12,0.153379
HD,66181,QMLE-Quote,2024-3-13,0.130149
HD,66181,QMLE-Quote,2024-3-15,0.155192
HD,66181,QMLE-Quote,2024-3-18,0.137136
HD,66181,QMLE-Quote,2024-3-19,0.146979
HD,66181,QMLE-Quote,2024-3-20,0.166183
HD,66181,QMLE-Quote,2024-3-21,0.177937
HD,66181,QMLE-Quote,2024-3-22,0.125355
HD,66181,QMLE-Quote,2024-3-25,0.108646
HD,66181,QMLE-Quote,2024-3-26,0.140187
HD,66181,QMLE-Quote,2024-3-27,0.124056
HD,66181,QMLE-Quote,2024-3-28,0.180125
HD,66181,QMLE-Quote,2024-4-1,0.145591
HD,66181,QMLE-Quote,2024-4-2,0.16718
HD,66181,QMLE-Quote,2024-4-3,0.130352
HD,66181,QMLE-Quote,2024-4-4,0.147703
HD,66181,QMLE-Quote,2024-4-5,0.15233
HD,66181,QMLE-Quote,2024-4-9,0.137943
HD,66181,QMLE-Quote,2024-4-10,0.199625
HD,66181,QMLE-Quote,2024-4-11,0.165
HD,66181,QMLE-Quote,2024-4-12,0.140669
HD,66181,QMLE-Quote,2024-4-15,0.160395
HD,66181,QMLE-Quote,2024-4-16,0.20086
HD,66181,QMLE-Quote,2024-4-17,0.173082
HD,66181,QMLE-Quote,2024-4-18,0.167138
HD,66181,QMLE-Quote,2024-4-19,0.155223
HD,66181,QMLE-Quote,2024-4-22,0.138287
HD,66181,QMLE-Quote,2024-4-23,0.142624
HD,66181,QMLE-Quote,2024-4-24,0.167522
HD,66181,QMLE-Quote,2024-4-25,0.160067
HD,66181,QMLE-Quote,2024-4-26,0.12062
HD,66181,QMLE-Quote,2024-4-29,0.125242
HD,66181,QMLE-Quote,2024-4-30,0.172501
HD,66181,QMLE-Quote,2024-5-1,0.190501
HD,66181,QMLE-Quote,2024-5-2,0.165549
HD,66181,QMLE-Quote,2024-5-3,0.206501
HD,66181,QMLE-Quote,2024-5-6,0.149386
HD,66181,QMLE-Quote,2024-5-7,0.120559
HD,66181,QMLE-Quote,2024-5-8,0.129504
HD,66181,QMLE-Quote,2024-5-9,0.123751
HD,66181,QMLE-Quote,2024-5-10,0.12842
HD,66181,QMLE-Quote,2024-5-13,0.173371
HD,66181,QMLE-Quote,2024-5-14,0.364226
HD,66181,QMLE-Quote,2024-5-15,0.210092
HD,66181,QMLE-Quote,2024-5-16,0.137674
HD,66181,QMLE-Quote,2024-5-17,0.117328
HD,66181,QMLE-Quote,2024-5-20,0.136344
HD,66181,QMLE-Quote,2024-5-21,0.180546
HD,66181,QMLE-Quote,2024-5-22,0.145689
HD,66181,QMLE-Quote,2024-5-23,0.160802
HD,66181,QMLE-Quote,2024-5-24,0.142126
HD,66181,QMLE-Quote,2024-5-28,0.154883
HD,66181,QMLE-Quote,2024-5-29,0.124784
HD,66181,QMLE-Quote,2024-5-30,0.161934
HD,66181,QMLE-Quote,2024-5-31,0.15554
HD,66181,QMLE-Quote,2024-6-3,0.193436
HD,66181,QMLE-Quote,2024-6-4,0.157534
HD,66181,QMLE-Quote,2024-6-5,0.126362
HD,66181,QMLE-Quote,2024-6-6,0.163734
HD,66181,QMLE-Quote,2024-6-7,0.175129
HD,66181,QMLE-Quote,2024-6-10,0.140584
HD,66181,QMLE-Quote,2024-6-11,0.186402
HD,66181,QMLE-Quote,2024-6-12,0.263235
HD,66181,QMLE-Quote,2024-6-13,0.172416
HD,66181,QMLE-Quote,2024-6-14,0.156993
HD,66181,QMLE-Quote,2024-6-17,0.136662
HD,66181,QMLE-Quote,2024-6-18,0.172852
HD,66181,QMLE-Quote,2024-6-20,0.164789
HD,66181,QMLE-Quote,2024-6-21,0.157359
HD,66181,QMLE-Quote,2024-6-24,0.161761
HD,66181,QMLE-Quote,2024-6-25,0.236012
HD,66181,QMLE-Quote,2024-6-26,0.200932
HD,66181,QMLE-Quote,2024-6-27,0.136786
HD,66181,QMLE-Quote,2024-6-28,0.195532
HD,66181,QMLE-Quote,2024-7-1,0.162505
HD,66181,QMLE-Quote,2024-7-2,0.161547
HD,66181,QMLE-Quote,2024-7-3,0.198527
HD,66181,QMLE-Quote,2024-7-5,0.155836
HD,66181,QMLE-Quote,2024-7-8,0.163038
HD,66181,QMLE-Quote,2024-7-9,0.128398
HD,66181,QMLE-Quote,2024-7-10,0.161918
HD,66181,QMLE-Quote,2024-7-11,0.276342
HD,66181,QMLE-Quote,2024-7-12,0.206115
HD,66181,QMLE-Quote,2024-7-15,0.251116
HD,66181,QMLE-Quote,2024-7-16,0.176359
HD,66181,QMLE-Quote,2024-7-17,0.218801
HD,66181,QMLE-Quote,2024-7-18,0.185546
HD,66181,QMLE-Quote,2024-7-19,0.195497
HD,66181,QMLE-Quote,2024-7-22,0.20058
HD,66181,QMLE-Quote,2024-7-23,0.148655
HD,66181,QMLE-Quote,2024-7-24,0.196378
HD,66181,QMLE-Quote,2024-7-25,0.204025
HD,66181,QMLE-Quote,2024-7-26,0.207788
HD,66181,QMLE-Quote,2024-7-29,0.158075
HD,66181,QMLE-Quote,2024-7-30,0.171101
HD,66181,QMLE-Quote,2024-7-31,0.190776
HD,66181,QMLE-Quote,2024-8-1,0.21152
HD,66181,QMLE-Quote,2024-8-2,0.264246
HD,66181,QMLE-Quote,2024-8-5,0.332677
HD,66181,QMLE-Quote,2024-8-6,0.219173
HD,66181,QMLE-Quote,2024-8-7,0.240099
HD,66181,QMLE-Quote,2024-8-8,0.196292
HD,66181,QMLE-Quote,2024-8-9,0.167299
HD,66181,QMLE-Quote,2024-8-12,0.248438
HD,66181,QMLE-Quote,2024-8-13,0.404769
HD,66181,QMLE-Quote,2024-8-14,0.225581
HD,66181,QMLE-Quote,2024-8-15,0.177855
HD,66181,QMLE-Quote,2024-8-16,0.164192
HD,66181,QMLE-Quote,2024-8-19,0.103752
HD,66181,QMLE-Quote,2024-8-20,0.157451
HD,66181,QMLE-Quote,2024-8-21,0.204039
HD,66181,QMLE-Quote,2024-8-22,0.179172
HD,66181,QMLE-Quote,2024-8-23,0.200256
HD,66181,QMLE-Quote,2024-8-26,0.146245
HD,66181,QMLE-Quote,2024-8-27,0.143308
HD,66181,QMLE-Quote,2024-8-28,0.169073
HD,66181,QMLE-Quote,2024-8-29,0.179096
HD,66181,QMLE-Quote,2024-8-30,0.156278
HD,66181,QMLE-Quote,2024-9-3,0.19695
HD,66181,QMLE-Quote,2024-9-4,0.187069
HD,66181,QMLE-Quote,2024-9-5,0.251079
HD,66181,QMLE-Quote,2024-9-6,0.204972
HD,66181,QMLE-Quote,2024-9-9,0.152309
HD,66181,QMLE-Quote,2024-9-10,0.191733
HD,66181,QMLE-Quote,2024-9-11,0.223935
HD,66181,QMLE-Quote,2024-9-12,0.176836
HD,66181,QMLE-Quote,2024-9-13,0.180867
HD,66181,QMLE-Quote,2024-9-16,0.180847
HD,66181,QMLE-Quote,2024-9-17,0.19808
HD,66181,QMLE-Quote,2024-9-18,0.334509
HD,66181,QMLE-Quote,2024-9-19,0.221544
HD,66181,QMLE-Quote,2024-9-20,0.162589
HD,66181,QMLE-Quote,2024-9-23,0.194466
HD,66181,QMLE-Quote,2024-9-24,0.183449
HD,66181,QMLE-Quote,2024-9-25,0.202746
HD,66181,QMLE-Quote,2024-9-26,0.181189
HD,66181,QMLE-Quote,2024-9-27,0.153192
HD,66181,QMLE-Quote,2024-9-30,0.163876
HD,66181,QMLE-Quote,2024-10-1,0.216466
HD,66181,QMLE-Quote,2024-10-2,0.18158
HD,66181,QMLE-Quote,2024-10-3,0.195925
HD,66181,QMLE-Quote,2024-10-4,0.246234
HD,66181,QMLE-Quote,2024-10-7,0.233222
HD,66181,QMLE-Quote,2024-10-8,0.14779
HD,66181,QMLE-Quote,2024-10-9,0.201608
HD,66181,QMLE-Quote,2024-10-10,0.171154
HD,66181,QMLE-Quote,2024-10-14,0.117688
HD,66181,QMLE-Quote,2024-10-15,0.168978
HD,66181,QMLE-Quote,2024-10-16,0.132458
HD,66181,QMLE-Quote,2024-10-17,0.132513
HD,66181,QMLE-Quote,2024-10-18,0.125549
HD,66181,QMLE-Quote,2024-10-21,0.160514
HD,66181,QMLE-Quote,2024-10-22,0.210651
HD,66181,QMLE-Quote,2024-10-23,0.187882
HD,66181,QMLE-Quote,2024-10-24,0.155245
HD,66181,QMLE-Quote,2024-10-25,0.173315
HD,66181,QMLE-Quote,2024-10-28,0.139466
HD,66181,QMLE-Quote,2024-10-29,0.219021
HD,66181,QMLE-Quote,2024-10-30,0.153245
HD,66181,QMLE-Quote,2024-10-31,0.142378
HD,66181,QMLE-Quote,2024-11-1,0.180099
HD,66181,QMLE-Quote,2024-11-4,0.168229
HD,66181,QMLE-Quote,2024-11-5,0.146688
HD,66181,QMLE-Quote,2024-11-6,0.303871
HD,66181,QMLE-Quote,2024-11-7,0.205075
HD,66181,QMLE-Quote,2024-11-8,0.153113
HD,66181,QMLE-Quote,2024-11-11,0.189045
HD,66181,QMLE-Quote,2024-11-12,0.265904
HD,66181,QMLE-Quote,2024-11-13,0.192252
HD,66181,QMLE-Quote,2024-11-14,0.182857
HD,66181,QMLE-Quote,2024-11-15,0.170538
HD,66181,QMLE-Quote,2024-11-18,0.163071
HD,66181,QMLE-Quote,2024-11-19,0.207808
HD,66181,QMLE-Quote,2024-11-20,0.1709
HD,66181,QMLE-Quote,2024-11-21,0.162151
HD,66181,QMLE-Quote,2024-11-22,0.197476
HD,66181,QMLE-Quote,2024-11-25,0.212311
HD,66181,QMLE-Quote,2024-11-26,0.174914
HD,66181,QMLE-Quote,2024-11-27,0.14097
HD,66181,QMLE-Quote,2024-11-29,0.101646
HD,66181,QMLE-Quote,2024-12-2,0.153884
HD,66181,QMLE-Quote,2024-12-3,0.1288
HD,66181,QMLE-Quote,2024-12-4,0.119121
HD,66181,QMLE-Quote,2024-12-5,0.128285
HD,66181,QMLE-Quote,2024-12-6,0.168895
HD,66181,QMLE-Quote,2024-12-9,0.200726
HD,66181,QMLE-Quote,2024-12-10,0.150352
HD,66181,QMLE-Quote,2024-12-11,0.139377
HD,66181,QMLE-Quote,2024-12-12,0.174992
HD,66181,QMLE-Quote,2024-12-13,0.144625
HD,66181,QMLE-Quote,2024-12-16,0.146998
HD,66181,QMLE-Quote,2024-12-17,0.164505
HD,66181,QMLE-Quote,2024-12-18,0.247287
HD,66181,QMLE-Quote,2024-12-19,0.20827
HD,66181,QMLE-Quote,2024-12-20,0.207003
HD,66181,QMLE-Quote,2024-12-23,0.16057
HD,66181,QMLE-Quote,2024-12-24,0.111336
HD,66181,QMLE-Quote,2024-12-26,0.108178
HD,66181,QMLE-Quote,2024-12-27,0.135376
HD,66181,QMLE-Quote,2024-12-30,0.16144
HD,66181,QMLE-Quote,2024-12-31,0.139179
HD,66181,QMLE-Quote,2025-1-2,0.18636
HD,66181,QMLE-Quote,2025-1-3,0.13653
HD,66181,QMLE-Quote,2025-1-6,0.166928
HD,66181,QMLE-Quote,2025-1-7,0.174195
HD,66181,QMLE-Quote,2025-1-8,0.164317
HD,66181,QMLE-Quote,2025-1-10,0.319032
HD,66181,QMLE-Quote,2025-1-13,0.227683
HD,66181,QMLE-Quote,2025-1-14,0.181535
HD,66181,QMLE-Quote,2025-1-15,0.221234
HD,66181,QMLE-Quote,2025-1-16,0.127332
HD,66181,QMLE-Quote,2025-1-17,0.143186
HD,66181,QMLE-Quote,2025-1-21,0.187116
HD,66181,QMLE-Quote,2025-1-22,0.160707
HD,66181,QMLE-Quote,2025-1-23,0.155815
HD,66181,QMLE-Quote,2025-1-24,0.119184
HD,66181,QMLE-Quote,2025-1-27,0.186789
HD,66181,QMLE-Quote,2025-1-28,0.161969
HD,66181,QMLE-Quote,2025-1-29,0.190012
HD,66181,QMLE-Quote,2025-1-30,0.1665
HD,66181,QMLE-Quote,2025-1-31,0.165812
HD,66181,QMLE-Quote,2025-2-3,0.241507
HD,66181,QMLE-Quote,2025-2-4,0.163387
HD,66181,QMLE-Quote,2025-2-5,0.14831
HD,66181,QMLE-Quote,2025-2-6,0.120816
HD,66181,QMLE-Quote,2025-2-7,0.17331
HD,66181,QMLE-Quote,2025-2-10,0.142289
HD,66181,QMLE-Quote,2025-2-11,0.112239
HD,66181,QMLE-Quote,2025-2-12,0.239211
HD,66181,QMLE-Quote,2025-2-13,0.149466
HD,66181,QMLE-Quote,2025-2-14,0.173104
HD,66181,QMLE-Quote,2025-2-18,0.149893
HD,66181,QMLE-Quote,2025-2-19,0.153899
HD,66181,QMLE-Quote,2025-2-20,0.158219
HD,66181,QMLE-Quote,2025-2-21,0.193275
HD,66181,QMLE-Quote,2025-2-24,0.23986
HD,66181,QMLE-Quote,2025-2-25,0.391514
HD,66181,QMLE-Quote,2025-2-26,0.276659
HD,66181,QMLE-Quote,2025-2-27,0.19513
HD,66181,QMLE-Quote,2025-2-28,0.192479
HD,66181,QMLE-Quote,2025-3-3,0.198078
HD,66181,QMLE-Quote,2025-3-4,0.263016
HD,66181,QMLE-Quote,2025-3-5,0.202575
HD,66181,QMLE-Quote,2025-3-6,0.227875
HD,66181,QMLE-Quote,2025-3-7,0.264569
HD,66181,QMLE-Quote,2025-3-10,0.273416
HD,66181,QMLE-Quote,2025-3-11,0.270726
HD,66181,QMLE-Quote,2025-3-12,0.287032
HD,66181,QMLE-Quote,2025-3-13,0.267876
HD,66181,QMLE-Quote,2025-3-14,0.2008
HD,66181,QMLE-Quote,2025-3-17,0.184635
HD,66181,QMLE-Quote,2025-3-18,0.188677
HD,66181,QMLE-Quote,2025-3-19,0.192396
HD,66181,QMLE-Quote,2025-3-20,0.210639
HD,66181,QMLE-Quote,2025-3-21,0.237717
HD,66181,QMLE-Quote,2025-3-24,0.190989
HD,66181,QMLE-Quote,2025-3-25,0.201604
HD,66181,QMLE-Quote,2025-3-26,0.180369
HD,66181,QMLE-Quote,2025-3-27,0.170244
HD,66181,QMLE-Quote,2025-3-28,0.186529
HD,66181,QMLE-Quote,2025-3-31,0.255907
HD,66181,QMLE-Quote,2025-4-1,0.216329
HD,66181,QMLE-Quote,2025-4-2,0.18358
HD,66181,QMLE-Quote,2025-4-3,0.316444
HD,66181,QMLE-Quote,2025-4-4,0.496257
HD,66181,QMLE-Quote,2025-4-7,0.768195
HD,66181,QMLE-Quote,2025-4-8,0.406645
HD,66181,QMLE-Quote,2025-4-9,0.709793
HD,66181,QMLE-Quote,2025-4-10,0.490348
HD,66181,QMLE-Quote,2025-4-11,0.403291
HD,66181,QMLE-Quote,2025-4-14,0.2517
HD,66181,QMLE-Quote,2025-4-15,0.227594
HD,66181,QMLE-Quote,2025-4-16,0.211875
HD,66181,QMLE-Quote,2025-4-17,0.257946
HD,66181,QMLE-Quote,2025-4-21,0.229361
HD,66181,QMLE-Quote,2025-4-22,0.217641
HD,66181,QMLE-Quote,2025-4-23,0.268134
HD,66181,QMLE-Quote,2025-4-24,0.198847
HD,66181,QMLE-Quote,2025-4-25,0.191223
HD,66181,QMLE-Quote,2025-4-28,0.175027
HD,66181,QMLE-Quote,2025-4-29,0.18496
HD,66181,QMLE-Quote,2025-4-30,0.216696
HD,66181,QMLE-Quote,2025-5-1,0.196328
HD,66181,QMLE-Quote,2025-5-2,0.18905
HD,66181,QMLE-Quote,2025-5-5,0.139177
HD,66181,QMLE-Quote,2025-5-6,0.14286
HD,66181,QMLE-Quote,2025-5-7,0.199021
HD,66181,QMLE-Quote,2025-5-8,0.187221
HD,66181,QMLE-Quote,2025-5-9,0.162048
HD,66181,QMLE-Quote,2025-5-12,0.192577
HD,66181,QMLE-Quote,2025-5-13,0.179088
HD,66181,QMLE-Quote,2025-5-14,0.14029
HD,66181,QMLE-Quote,2025-5-15,0.150214
HD,66181,QMLE-Quote,2025-5-16,0.113041
HD,66181,QMLE-Quote,2025-5-19,0.172275
HD,66181,QMLE-Quote,2025-5-20,0.383386
HD,66181,QMLE-Quote,2025-5-21,0.205074
HD,66181,QMLE-Quote,2025-5-22,0.173618
HD,66181,QMLE-Quote,2025-5-23,0.14384
HD,66181,QMLE-Quote,2025-5-27,0.138171
HD,66181,QMLE-Quote,2025-5-28,0.124991
HD,66181,QMLE-Quote,2025-5-29,0.143965
HD,66181,QMLE-Quote,2025-5-30,0.149692
HD,66181,QMLE-Quote,2025-6-2,0.163421
HD,66181,QMLE-Quote,2025-6-3,0.143962
HD,66181,QMLE-Quote,2025-6-4,0.139598
HD,66181,QMLE-Quote,2025-6-5,0.161641
HD,66181,QMLE-Quote,2025-6-6,0.149715
HD,66181,QMLE-Quote,2025-6-9,0.138518
HD,66181,QMLE-Quote,2025-6-10,0.146986
HD,66181,QMLE-Quote,2025-6-11,0.186652
HD,66181,QMLE-Quote,2025-6-12,0.144154
HD,66181,QMLE-Quote,2025-6-13,0.170539
HD,66181,QMLE-Quote,2025-6-16,0.183047
HD,66181,QMLE-Quote,2025-6-17,0.163838
HD,66181,QMLE-Quote,2025-6-18,0.185217
HD,66181,QMLE-Quote,2025-6-20,0.166273
HD,66181,QMLE-Quote,2025-6-23,0.176578
HD,66181,QMLE-Quote,2025-6-24,0.170809
HD,66181,QMLE-Quote,2025-6-25,0.14806
HD,66181,QMLE-Quote,2025-6-26,0.146423
HD,66181,QMLE-Quote,2025-6-27,0.162139
HD,66181,QMLE-Quote,2025-6-30,0.173046
HD,66181,QMLE-Quote,2025-7-1,0.213904
HD,66181,QMLE-Quote,2025-7-2,0.184631
HD,66181,QMLE-Quote,2025-7-3,0.148094
HD,66181,QMLE-Quote,2025-7-7,0.169818
HD,66181,QMLE-Quote,2025-7-8,0.183451
HD,66181,QMLE-Quote,2025-7-9,0.17524
HD,66181,QMLE-Quote,2025-7-10,0.180109
HD,66181,QMLE-Quote,2025-7-11,0.184172
HD,66181,QMLE-Quote,2025-7-14,0.171668
HD,66181,QMLE-Quote,2025-7-15,0.175998
HD,66181,QMLE-Quote,2025-7-16,0.178004
HD,66181,QMLE-Quote,2025-7-17,0.163701
HD,66181,QMLE-Quote,2025-7-18,0.166528
HD,66181,QMLE-Quote,2025-7-21,0.169267
HD,66181,QMLE-Quote,2025-7-22,0.210837
HD,66181,QMLE-Quote,2025-7-23,0.145616
HD,66181,QMLE-Quote,2025-7-24,0.165372
HD,66181,QMLE-Quote,2025-7-25,0.116669
HD,66181,QMLE-Quote,2025-7-28,0.155347
HD,66181,QMLE-Quote,2025-7-29,0.17638
HD,66181,QMLE-Quote,2025-7-30,0.165458
HD,66181,QMLE-Quote,2025-7-31,0.190027
HD,66181,QMLE-Quote,2025-8-1,0.225749
HD,66181,QMLE-Quote,2025-8-4,0.177378
HD,66181,QMLE-Quote,2025-8-5,0.148393
HD,66181,QMLE-Quote,2025-8-6,0.124607
HD,66181,QMLE-Quote,2025-8-7,0.14309
HD,66181,QMLE-Quote,2025-8-8,0.142048
HD,66181,QMLE-Quote,2025-8-11,0.135262
HD,66181,QMLE-Quote,2025-8-12,0.136093
HD,66181,QMLE-Quote,2025-8-13,0.188976
HD,66181,QMLE-Quote,2025-8-14,0.165621
HD,66181,QMLE-Quote,2025-8-15,0.154735
HD,66181,QMLE-Quote,2025-8-18,0.257889
HD,66181,QMLE-Quote,2025-8-19,0.341576
HD,66181,QMLE-Quote,2025-8-20,0.256566
HD,66181,QMLE-Quote,2025-8-21,0.184147
HD,66181,QMLE-Quote,2025-8-22,0.207472
HD,66181,QMLE-Quote,2025-8-25,0.119726
HD,66181,QMLE-Quote,2025-8-26,0.112777
HD,66181,QMLE-Quote,2025-8-27,0.102803
HD,66181,QMLE-Quote,2025-8-28,0.11322
HD,66181,QMLE-Quote,2025-8-29,0.108719
HD,66181,QMLE-Quote,2025-9-2,0.148505
HD,66181,QMLE-Quote,2025-9-3,0.128439
HD,66181,QMLE-Quote,2025-9-4,0.148603
HD,66181,QMLE-Quote,2025-9-5,0.263286
HD,66181,QMLE-Quote,2025-9-8,0.129492
HD,66181,QMLE-Quote,2025-9-9,0.143111
HD,66181,QMLE-Quote,2025-9-10,0.17873
HD,66181,QMLE-Quote,2025-9-11,0.193525
HD,66181,QMLE-Quote,2025-9-12,0.185489
HD,66181,QMLE-Quote,2025-9-15,0.157079
HD,66181,QMLE-Quote,2025-9-16,0.153962
HD,66181,QMLE-Quote,2025-9-17,0.262913
HD,66181,QMLE-Quote,2025-9-18,0.209841
HD,66181,QMLE-Quote,2025-9-19,0.138195
HD,66181,QMLE-Quote,2025-9-22,0.156158
HD,66181,QMLE-Quote,2025-9-23,0.146971
HD,66181,QMLE-Quote,2025-9-24,0.175866
HD,66181,QMLE-Quote,2025-9-25,0.170945
HD,66181,QMLE-Quote,2025-9-26,0.143697
HD,66181,QMLE-Quote,2025-9-29,0.154427
HD,66181,QMLE-Quote,2025-9-30,0.136261
HD,66181,QMLE-Quote,2025-10-1,0.16134
HD,66181,QMLE-Quote,2025-10-2,0.168066
HD,66181,QMLE-Quote,2025-10-3,0.130488
HD,66181,QMLE-Quote,2025-10-6,0.199562
HD,66181,QMLE-Quote,2025-10-7,0.138749
HD,66181,QMLE-Quote,2025-10-8,0.112433
HD,66181,QMLE-Quote,2025-10-9,0.15761
HD,66181,QMLE-Quote,2025-10-10,0.190783
HD,66181,QMLE-Quote,2025-10-13,0.170384
HD,66181,QMLE-Quote,2025-10-14,0.161432
HD,66181,QMLE-Quote,2025-10-15,0.170492
HD,66181,QMLE-Quote,2025-10-16,0.189483
HD,66181,QMLE-Quote,2025-10-17,0.170317
HD,66181,QMLE-Quote,2025-10-20,0.133601
HD,66181,QMLE-Quote,2025-10-21,0.121237
HD,66181,QMLE-Quote,2025-10-22,0.158591
HD,66181,QMLE-Quote,2025-10-23,0.170669
HD,66181,QMLE-Quote,2025-10-24,0.169198
HD,66181,QMLE-Quote,2025-10-27,0.151257
HD,66181,QMLE-Quote,2025-10-28,0.160038
HD,66181,QMLE-Quote,2025-10-29,0.207721
HD,66181,QMLE-Quote,2025-10-30,0.179218
HD,66181,QMLE-Quote,2025-11-3,0.195801
HD,66181,QMLE-Quote,2025-11-4,0.177592
HD,66181,QMLE-Quote,2025-11-5,0.281007
HD,66181,QMLE-Quote,2025-11-6,0.218892
HD,66181,QMLE-Quote,2025-11-7,0.185565
HD,66181,QMLE-Quote,2025-11-10,0.199426
HD,66181,QMLE-Quote,2025-11-11,0.159449
HD,66181,QMLE-Quote,2025-11-12,0.185605
HD,66181,QMLE-Quote,2025-11-13,0.199249
HD,66181,QMLE-Quote,2025-11-14,0.238319
HD,66181,QMLE-Quote,2025-11-17,0.212857
HD,66181,QMLE-Quote,2025-11-18,0.445155
HD,66181,QMLE-Quote,2025-11-19,0.279791
HD,66181,QMLE-Quote,2025-11-20,0.246181
HD,66181,QMLE-Quote,2025-11-21,0.263399
HD,66181,QMLE-Quote,2025-11-24,0.194359
HD,66181,QMLE-Quote,2025-11-25,0.194474
HD,66181,QMLE-Quote,2025-11-26,0.16921
HD,66181,QMLE-Quote,2025-11-28,0.111148
HD,66181,QMLE-Quote,2025-12-1,0.155458
HD,66181,QMLE-Quote,2025-12-2,0.152572
HD,66181,QMLE-Quote,2025-12-3,0.16094
HD,66181,QMLE-Quote,2025-12-4,0.158761
HD,66181,QMLE-Quote,2025-12-5,0.144017
HD,66181,QMLE-Quote,2025-12-8,0.232625
HD,66181,QMLE-Quote,2025-12-9,0.267512
HD,66181,QMLE-Quote,2025-12-10,0.215434
HD,66181,QMLE-Quote,2025-12-11,0.198333
HD,66181,QMLE-Quote,2025-12-12,0.175589
HD,66181,QMLE-Quote,2025-12-15,0.190401
HD,66181,QMLE-Quote,2025-12-16,0.18671
HD,66181,QMLE-Quote,2025-12-17,0.19889
HD,66181,QMLE-Quote,2025-12-18,0.237018
HD,66181,QMLE-Quote,2025-12-19,0.213501
HD,66181,QMLE-Quote,2025-12-22,0.177623
HD,66181,QMLE-Quote,2025-12-23,0.169649
HD,66181,QMLE-Quote,2025-12-24,0.101248
HD,66181,QMLE-Quote,2025-12-26,0.0936594
HD,66181,QMLE-Quote,2025-12-29,0.153249
HD,66181,QMLE-Quote,2025-12-30,0.144656
HD,66181,QMLE-Quote,2025-12-31,0.0847796
HD,66181,QMLE-Quote,2026-1-2,0.192215
HD,66181,QMLE-Quote,2026-1-5,0.195775
HD,66181,QMLE-Quote,2026-1-6,0.221287
HD,66181,QMLE-Quote,2026-1-7,0.257776
HD,66181,QMLE-Quote,2026-1-8,0.239298
HD,66181,QMLE-Quote,2026-1-9,0.26422
HD,66181,QMLE-Quote,2026-1-12,0.247936
HD,66181,QMLE-Quote,2026-1-13,0.200938
HD,66181,QMLE-Quote,2026-1-14,0.223107
HD,66181,QMLE-Quote,2026-1-15,0.213182
HD,66181,QMLE-Quote,2026-1-16,0.189203
HD,66181,QMLE-Quote,2026-1-20,0.244632
HD,66181,QMLE-Quote,2026-1-21,0.231421
HD,66181,QMLE-Quote,2026-1-22,0.227015
HD,66181,QMLE-Quote,2026-1-23,0.154701
HD,66181,QMLE-Quote,2026-1-26,0.183587
HD,66181,QMLE-Quote,2026-1-27,0.186618
HD,66181,QMLE-Quote,2026-1-28,0.237895
HD,66181,QMLE-Quote,2026-1-29,0.29619
HD,66181,QMLE-Quote,2026-1-30,0.258824
HD,66181,QMLE-Quote,2026-2-2,0.271125
HD,66181,QMLE-Quote,2026-2-3,0.292215
HD,66181,QMLE-Quote,2026-2-4,0.247572
HD,66181,QMLE-Quote,2026-2-5,0.236378
HD,66181,QMLE-Quote,2026-2-6,0.294529
HD,66181,QMLE-Quote,2026-2-9,0.181175
HD,66181,QMLE-Quote,2026-2-11,0.243693
HD,66181,QMLE-Quote,2026-2-12,0.288461
HD,66181,QMLE-Quote,2026-2-13,0.309346
HD,66181,QMLE-Quote,2026-2-18,0.212642
HD,66181,QMLE-Quote,2026-2-19,0.216596
HD,66181,QMLE-Quote,2026-2-20,0.267493
HD,66181,QMLE-Quote,2026-2-23,0.277216
HD,66181,QMLE-Quote,2026-2-24,0.400551
HD,66181,QMLE-Quote,2026-2-25,0.275234
HD,66181,QMLE-Quote,2026-2-26,0.226115
HD,66181,QMLE-Quote,2026-2-27,0.233128
HD,66181,QMLE-Quote,2026-3-3,0.235616
HD,66181,QMLE-Quote,2026-3-4,0.202746
HD,66181,QMLE-Quote,2026-3-5,0.205022
HD,66181,QMLE-Quote,2026-3-6,0.272768
HD,66181,QMLE-Quote,2026-3-10,0.251011
HD,66181,QMLE-Quote,2026-3-11,0.212888
HD,66181,QMLE-Quote,2026-3-12,0.222667
HD,66181,QMLE-Quote,2026-3-13,0.196267
HD,66181,QMLE-Quote,2026-3-16,0.188365
HD,66181,QMLE-Quote,2026-3-17,0.171306
HD,66181,QMLE-Quote,2026-3-18,0.178217
HD,66181,QMLE-Quote,2026-3-19,0.228585
HD,66181,QMLE-Quote,2026-3-20,0.232171
HD,66181,QMLE-Quote,2026-3-23,0.260181
HD,66181,QMLE-Quote,2026-3-24,0.266833
HD,66181,QMLE-Quote,2026-3-25,0.252827
HD,66181,QMLE-Quote,2026-3-26,0.213691
HD,66181,QMLE-Quote,2026-3-27,0.199567
HD,66181,QMLE-Quote,2026-3-30,0.193023
HD,66181,QMLE-Quote,2026-3-31,0.266273
HD,66181,QMLE-Quote,2026-4-1,0.198892
HD,66181,QMLE-Quote,2026-4-2,0.285754
HD,66181,QMLE-Quote,2026-4-6,0.186595
HD,66181,QMLE-Quote,2026-4-7,0.252052
HD,66181,QMLE-Quote,2026-4-8,0.291021
HD,66181,QMLE-Quote,2026-4-9,0.225211
HD,66181,QMLE-Quote,2026-4-10,0.193064
HD,66181,QMLE-Quote,2026-4-14,0.144438
HD,66181,QMLE-Quote,2026-4-15,0.18997
HD,66181,QMLE-Quote,2026-4-16,0.179776
HD,66181,QMLE-Quote,2026-4-17,0.281898
HD,66181,QMLE-Quote,2026-4-20,0.193201
HD,66181,QMLE-Quote,2026-4-21,0.194006
HD,66181,QMLE-Quote,2026-4-22,0.169089
HD,66181,QMLE-Quote,2026-4-23,0.174394
HD,66181,QMLE-Quote,2026-4-24,0.181461
HD,66181,QMLE-Quote,2026-4-27,0.189983
HD,66181,QMLE-Quote,2026-4-28,0.188146
HD,66181,QMLE-Quote,2026-4-29,0.222804
HD,66181,QMLE-Quote,2026-4-30,0.240309
HD,66181,QMLE-Quote,2026-5-1,0.187436
HD,66181,QMLE-Quote,2026-5-4,0.231039
HD,66181,QMLE-Quote,2026-5-5,0.197812
HD,66181,QMLE-Quote,2026-5-6,0.23273
HD,66181,QMLE-Quote,2026-5-7,0.254172
HD,66181,QMLE-Quote,2026-5-8,0.198458
HD,66181,QMLE-Quote,2026-5-11,0.214691
HD,66181,QMLE-Quote,2026-5-12,0.231756
HD,66181,QMLE-Quote,2026-5-13,0.234109
HD,66181,QMLE-Quote,2026-5-14,0.216484
HD,66181,QMLE-Quote,2026-5-15,0.203333
HD,66181,QMLE-Quote,2026-5-18,0.251887
HD,66181,QMLE-Quote,2026-5-19,0.362478
HD,66181,QMLE-Quote,2026-5-20,0.315489
HD,66181,QMLE-Quote,2026-5-21,0.211599
HD,66181,QMLE-Quote,2026-5-22,0.22387
HD,66181,QMLE-Quote,2026-5-26,0.226482
HD,66181,QMLE-Quote,2026-5-27,0.21052
HD,66181,QMLE-Quote,2026-5-28,0.199517
HD,66181,QMLE-Quote,2026-5-29,0.189681
HD,66181,QMLE-Quote,2026-6-1,0.19645
HD,66181,QMLE-Quote,2026-6-2,0.201365
HD,66181,QMLE-Quote,2026-6-3,0.21037
HD,66181,QMLE-Quote,2026-6-4,0.247635
HD,66181,QMLE-Quote,2026-6-5,0.195074
HD,66181,QMLE-Quote,2026-6-8,0.203347
HD,66181,QMLE-Quote,2026-6-9,0.268853
HD,66181,QMLE-Quote,2026-6-10,0.216693
HD,66181,QMLE-Quote,2026-6-11,0.215695
HD,66181,QMLE-Quote,2026-6-12,0.230768
HD,66181,QMLE-Quote,2026-6-15,0.194482
HD,66181,QMLE-Quote,2026-6-16,0.24079
HD,66181,QMLE-Quote,2026-6-17,0.263361
HD,66181,QMLE-Quote,2026-6-18,0.265708
HD,66181,QMLE-Quote,2026-6-22,0.261491
HD,66181,QMLE-Quote,2026-6-23,0.242013
HD,66181,QMLE-Quote,2026-6-24,0.31727
HD,66181,QMLE-Quote,2026-6-25,0.243777
HD,66181,QMLE-Quote,2026-6-26,0.259413
HD,66181,QMLE-Quote,2026-6-29,0.23154
HD,66181,QMLE-Quote,2026-6-30,0.178758
HD,66181,QMLE-Quote,2026-7-1,0.20549
HD,66181,QMLE-Quote,2026-7-2,0.215549
HD,66181,QMLE-Quote,2026-7-6,0.292796
HD,66181,QMLE-Quote,2026-7-7,0.216879
HD,66181,QMLE-Quote,2026-7-8,0.271127
HD,66181,QMLE-Quote,2026-7-9,0.163756
HD,66181,QMLE-Quote,2026-7-10,0.198432
HD,66181,QMLE-Quote,2026-7-13,0.206821
HD,66181,QMLE-Quote,2026-7-14,0.213723
HD,66181,QMLE-Quote,2026-7-15,0.210035
HD,66181,QMLE-Quote,2026-7-16,0.244331
HD,66181,QMLE-Quote,2026-7-17,0.214532
HD,66181,QMLE-Quote,2026-7-20,0.226613
HD,66181,QMLE-Quote,2026-7-21,0.180019
HD,66181,QMLE-Quote,2026-7-22,0.187749
HD,66181,QMLE-Quote,2026-7-23,0.240561
HD,66181,QMLE-Quote,2026-7-24,0.247166
HD,66181,QMLE-Quote,2026-7-27,0.201264
HD,66181,QMLE-Quote,2026-7-28,0.228984
