Symbol,PN,Type,Date,Volatility
JPM,47896,QMLE-Trade,2/01/1996,0.124112
JPM,47896,QMLE-Trade,3/01/1996,0.137665
JPM,47896,QMLE-Trade,4/01/1996,0.344993
JPM,47896,QMLE-Trade,5/01/1996,0.267841
JPM,47896,QMLE-Trade,8/01/1996,0.0875389
JPM,47896,QMLE-Trade,9/01/1996,0.26998
JPM,47896,QMLE-Trade,10/01/1996,0.488453
JPM,47896,QMLE-Trade,11/01/1996,0.256926
JPM,47896,QMLE-Trade,12/01/1996,0.305901
JPM,47896,QMLE-Trade,15/01/1996,0.129985
JPM,47896,QMLE-Trade,16/01/1996,0.410339
JPM,47896,QMLE-Trade,17/01/1996,0.331314
JPM,47896,QMLE-Trade,18/01/1996,0.152465
JPM,47896,QMLE-Trade,19/01/1996,0.174963
JPM,47896,QMLE-Trade,22/01/1996,0.276442
JPM,47896,QMLE-Trade,23/01/1996,0.141571
JPM,47896,QMLE-Trade,24/01/1996,0.288624
JPM,47896,QMLE-Trade,25/01/1996,0.321346
JPM,47896,QMLE-Trade,26/01/1996,0.246649
JPM,47896,QMLE-Trade,29/01/1996,0.308425
JPM,47896,QMLE-Trade,30/01/1996,0.338521
JPM,47896,QMLE-Trade,31/01/1996,0.144586
JPM,47896,QMLE-Trade,1/02/1996,0.131097
JPM,47896,QMLE-Trade,2/02/1996,0.217363
JPM,47896,QMLE-Trade,5/02/1996,0.151448
JPM,47896,QMLE-Trade,6/02/1996,0.207927
JPM,47896,QMLE-Trade,7/02/1996,0.127065
JPM,47896,QMLE-Trade,8/02/1996,0.16297
JPM,47896,QMLE-Trade,9/02/1996,0.231725
JPM,47896,QMLE-Trade,12/02/1996,0.168242
JPM,47896,QMLE-Trade,13/02/1996,0.104764
JPM,47896,QMLE-Trade,14/02/1996,0.179511
JPM,47896,QMLE-Trade,15/02/1996,0.140498
JPM,47896,QMLE-Trade,16/02/1996,0.172749
JPM,47896,QMLE-Trade,20/02/1996,0.130888
JPM,47896,QMLE-Trade,21/02/1996,0.221058
JPM,47896,QMLE-Trade,22/02/1996,0.238502
JPM,47896,QMLE-Trade,23/02/1996,0.280881
JPM,47896,QMLE-Trade,26/02/1996,0.264268
JPM,47896,QMLE-Trade,27/02/1996,0.134537
JPM,47896,QMLE-Trade,28/02/1996,0.377426
JPM,47896,QMLE-Trade,29/02/1996,0.338493
JPM,47896,QMLE-Trade,1/03/1996,0.264102
JPM,47896,QMLE-Trade,4/03/1996,0.166149
JPM,47896,QMLE-Trade,5/03/1996,0.151089
JPM,47896,QMLE-Trade,6/03/1996,0.149872
JPM,47896,QMLE-Trade,7/03/1996,0.126911
JPM,47896,QMLE-Trade,8/03/1996,0.58382
JPM,47896,QMLE-Trade,11/03/1996,0.318082
JPM,47896,QMLE-Trade,12/03/1996,0.418695
JPM,47896,QMLE-Trade,13/03/1996,0.30694
JPM,47896,QMLE-Trade,14/03/1996,0.252822
JPM,47896,QMLE-Trade,15/03/1996,0.166675
JPM,47896,QMLE-Trade,18/03/1996,0.270828
JPM,47896,QMLE-Trade,19/03/1996,0.152545
JPM,47896,QMLE-Trade,20/03/1996,0.251559
JPM,47896,QMLE-Trade,21/03/1996,0.000294661
JPM,47896,QMLE-Trade,22/03/1996,0.183027
JPM,47896,QMLE-Trade,25/03/1996,0.127204
JPM,47896,QMLE-Trade,26/03/1996,0.227698
JPM,47896,QMLE-Trade,27/03/1996,0.193666
JPM,47896,QMLE-Trade,28/03/1996,0.142201
JPM,47896,QMLE-Trade,29/03/1996,0.244136
JPM,47896,QMLE-Trade,1/04/1996,0.196451
JPM,47896,QMLE-Trade,2/04/1996,0.24673
JPM,47896,QMLE-Trade,3/04/1996,0.196773
JPM,47896,QMLE-Trade,4/04/1996,0.0612818
JPM,47896,QMLE-Trade,8/04/1996,0.391752
JPM,47896,QMLE-Trade,9/04/1996,0.211386
JPM,47896,QMLE-Trade,10/04/1996,0.362833
JPM,47896,QMLE-Trade,11/04/1996,0.595183
JPM,47896,QMLE-Trade,12/04/1996,0.189636
JPM,47896,QMLE-Trade,15/04/1996,0.16137
JPM,47896,QMLE-Trade,16/04/1996,0.367026
JPM,47896,QMLE-Trade,17/04/1996,0.38719
JPM,47896,QMLE-Trade,18/04/1996,0.286639
JPM,47896,QMLE-Trade,19/04/1996,0.253901
JPM,47896,QMLE-Trade,22/04/1996,0.176777
JPM,47896,QMLE-Trade,23/04/1996,0.203613
JPM,47896,QMLE-Trade,24/04/1996,0.131808
JPM,47896,QMLE-Trade,25/04/1996,0.252818
JPM,47896,QMLE-Trade,26/04/1996,0.266687
JPM,47896,QMLE-Trade,29/04/1996,0.120848
JPM,47896,QMLE-Trade,30/04/1996,0.150797
JPM,47896,QMLE-Trade,1/05/1996,0.103052
JPM,47896,QMLE-Trade,2/05/1996,0.294143
JPM,47896,QMLE-Trade,3/05/1996,0.237199
JPM,47896,QMLE-Trade,6/05/1996,0.269869
JPM,47896,QMLE-Trade,7/05/1996,0.31001
JPM,47896,QMLE-Trade,8/05/1996,0.337687
JPM,47896,QMLE-Trade,9/05/1996,0.279599
JPM,47896,QMLE-Trade,10/05/1996,0.25075
JPM,47896,QMLE-Trade,13/05/1996,0.149631
JPM,47896,QMLE-Trade,14/05/1996,0.236134
JPM,47896,QMLE-Trade,15/05/1996,0.177503
JPM,47896,QMLE-Trade,16/05/1996,0.212551
JPM,47896,QMLE-Trade,17/05/1996,0.163748
JPM,47896,QMLE-Trade,20/05/1996,0.153252
JPM,47896,QMLE-Trade,21/05/1996,0.127158
JPM,47896,QMLE-Trade,22/05/1996,0.285411
JPM,47896,QMLE-Trade,23/05/1996,0.274507
JPM,47896,QMLE-Trade,24/05/1996,0.111978
JPM,47896,QMLE-Trade,28/05/1996,0.270626
JPM,47896,QMLE-Trade,29/05/1996,0.21498
JPM,47896,QMLE-Trade,30/05/1996,0.239717
JPM,47896,QMLE-Trade,31/05/1996,0.203743
JPM,47896,QMLE-Trade,3/06/1996,0.0379053
JPM,47896,QMLE-Trade,4/06/1996,0.1567
JPM,47896,QMLE-Trade,5/06/1996,0.225467
JPM,47896,QMLE-Trade,6/06/1996,0.299419
JPM,47896,QMLE-Trade,7/06/1996,0.130895
JPM,47896,QMLE-Trade,10/06/1996,0.0740906
JPM,47896,QMLE-Trade,11/06/1996,0.149801
JPM,47896,QMLE-Trade,12/06/1996,0.196505
JPM,47896,QMLE-Trade,13/06/1996,0.255065
JPM,47896,QMLE-Trade,14/06/1996,0.126461
JPM,47896,QMLE-Trade,17/06/1996,0.128552
JPM,47896,QMLE-Trade,18/06/1996,0.117424
JPM,47896,QMLE-Trade,19/06/1996,0.188599
JPM,47896,QMLE-Trade,20/06/1996,0.287499
JPM,47896,QMLE-Trade,21/06/1996,0.234343
JPM,47896,QMLE-Trade,24/06/1996,0.225133
JPM,47896,QMLE-Trade,25/06/1996,0.205889
JPM,47896,QMLE-Trade,26/06/1996,0.18613
JPM,47896,QMLE-Trade,27/06/1996,0.293822
JPM,47896,QMLE-Trade,28/06/1996,0.0599635
JPM,47896,QMLE-Trade,1/07/1996,0.0774895
JPM,47896,QMLE-Trade,2/07/1996,0.112034
JPM,47896,QMLE-Trade,3/07/1996,0.0894358
JPM,47896,QMLE-Trade,5/07/1996,0.196936
JPM,47896,QMLE-Trade,8/07/1996,0.323486
JPM,47896,QMLE-Trade,9/07/1996,0.156311
JPM,47896,QMLE-Trade,10/07/1996,0.228338
JPM,47896,QMLE-Trade,11/07/1996,0.295221
JPM,47896,QMLE-Trade,12/07/1996,0.271356
JPM,47896,QMLE-Trade,15/07/1996,0.397103
JPM,47896,QMLE-Trade,16/07/1996,0.505037
JPM,47896,QMLE-Trade,17/07/1996,0.368829
JPM,47896,QMLE-Trade,18/07/1996,0.33509
JPM,47896,QMLE-Trade,19/07/1996,0.19215
JPM,47896,QMLE-Trade,22/07/1996,0.212402
JPM,47896,QMLE-Trade,23/07/1996,0.206905
JPM,47896,QMLE-Trade,24/07/1996,0.27555
JPM,47896,QMLE-Trade,25/07/1996,0.179031
JPM,47896,QMLE-Trade,26/07/1996,0.130419
JPM,47896,QMLE-Trade,29/07/1996,0.103496
JPM,47896,QMLE-Trade,30/07/1996,0.0361956
JPM,47896,QMLE-Trade,31/07/1996,0.114794
JPM,47896,QMLE-Trade,1/08/1996,0.334736
JPM,47896,QMLE-Trade,2/08/1996,0.249447
JPM,47896,QMLE-Trade,5/08/1996,0.10574
JPM,47896,QMLE-Trade,6/08/1996,0.217693
JPM,47896,QMLE-Trade,7/08/1996,0.170853
JPM,47896,QMLE-Trade,8/08/1996,0.00272342
JPM,47896,QMLE-Trade,9/08/1996,0.0606107
JPM,47896,QMLE-Trade,12/08/1996,0.122827
JPM,47896,QMLE-Trade,13/08/1996,0.183047
JPM,47896,QMLE-Trade,14/08/1996,0.0750094
JPM,47896,QMLE-Trade,15/08/1996,0.084061
JPM,47896,QMLE-Trade,16/08/1996,0.154208
JPM,47896,QMLE-Trade,19/08/1996,0.143642
JPM,47896,QMLE-Trade,20/08/1996,0.18266
JPM,47896,QMLE-Trade,21/08/1996,0.165916
JPM,47896,QMLE-Trade,22/08/1996,0.133729
JPM,47896,QMLE-Trade,23/08/1996,0.164245
JPM,47896,QMLE-Trade,26/08/1996,0.112634
JPM,47896,QMLE-Trade,27/08/1996,0.076489
JPM,47896,QMLE-Trade,28/08/1996,0.18759
JPM,47896,QMLE-Trade,29/08/1996,0.185739
JPM,47896,QMLE-Trade,30/08/1996,0.269405
JPM,47896,QMLE-Trade,3/09/1996,0.109814
JPM,47896,QMLE-Trade,4/09/1996,0.00801429
JPM,47896,QMLE-Trade,5/09/1996,0.0722056
JPM,47896,QMLE-Trade,6/09/1996,0.18246
JPM,47896,QMLE-Trade,9/09/1996,0.151206
JPM,47896,QMLE-Trade,10/09/1996,0.198043
JPM,47896,QMLE-Trade,11/09/1996,0.229151
JPM,47896,QMLE-Trade,12/09/1996,0.16939
JPM,47896,QMLE-Trade,13/09/1996,0.0717618
JPM,47896,QMLE-Trade,16/09/1996,0.0326391
JPM,47896,QMLE-Trade,17/09/1996,0.250785
JPM,47896,QMLE-Trade,18/09/1996,0.16226
JPM,47896,QMLE-Trade,19/09/1996,0.111153
JPM,47896,QMLE-Trade,20/09/1996,0.16812
JPM,47896,QMLE-Trade,23/09/1996,0.183792
JPM,47896,QMLE-Trade,24/09/1996,0.282796
JPM,47896,QMLE-Trade,25/09/1996,0.0757122
JPM,47896,QMLE-Trade,26/09/1996,0.125278
JPM,47896,QMLE-Trade,27/09/1996,0.0505682
JPM,47896,QMLE-Trade,30/09/1996,0.134379
JPM,47896,QMLE-Trade,1/10/1996,0.16688
JPM,47896,QMLE-Trade,2/10/1996,0.107521
JPM,47896,QMLE-Trade,3/10/1996,0.113338
JPM,47896,QMLE-Trade,4/10/1996,0.100838
JPM,47896,QMLE-Trade,7/10/1996,0.160352
JPM,47896,QMLE-Trade,8/10/1996,0.123032
JPM,47896,QMLE-Trade,9/10/1996,0.165032
JPM,47896,QMLE-Trade,10/10/1996,0.0999727
JPM,47896,QMLE-Trade,11/10/1996,0.0614842
JPM,47896,QMLE-Trade,14/10/1996,0.0852215
JPM,47896,QMLE-Trade,15/10/1996,0.334842
JPM,47896,QMLE-Trade,16/10/1996,0.193727
JPM,47896,QMLE-Trade,17/10/1996,0.066341
JPM,47896,QMLE-Trade,18/10/1996,0.0867254
JPM,47896,QMLE-Trade,21/10/1996,0.159223
JPM,47896,QMLE-Trade,22/10/1996,0.129717
JPM,47896,QMLE-Trade,23/10/1996,0.17889
JPM,47896,QMLE-Trade,24/10/1996,0.159919
JPM,47896,QMLE-Trade,25/10/1996,0.109319
JPM,47896,QMLE-Trade,28/10/1996,0.129105
JPM,47896,QMLE-Trade,29/10/1996,0.169925
JPM,47896,QMLE-Trade,30/10/1996,0.0980072
JPM,47896,QMLE-Trade,31/10/1996,0.129879
JPM,47896,QMLE-Trade,1/11/1996,0.190082
JPM,47896,QMLE-Trade,4/11/1996,0.0994258
JPM,47896,QMLE-Trade,5/11/1996,0.187815
JPM,47896,QMLE-Trade,6/11/1996,0.170033
JPM,47896,QMLE-Trade,7/11/1996,0.203922
JPM,47896,QMLE-Trade,8/11/1996,0.0543207
JPM,47896,QMLE-Trade,11/11/1996,0.0821915
JPM,47896,QMLE-Trade,12/11/1996,0.142955
JPM,47896,QMLE-Trade,13/11/1996,0.203219
JPM,47896,QMLE-Trade,14/11/1996,0.247721
JPM,47896,QMLE-Trade,15/11/1996,0.189445
JPM,47896,QMLE-Trade,18/11/1996,0.211982
JPM,47896,QMLE-Trade,19/11/1996,0.298389
JPM,47896,QMLE-Trade,20/11/1996,0.13583
JPM,47896,QMLE-Trade,21/11/1996,0.198274
JPM,47896,QMLE-Trade,22/11/1996,0.230178
JPM,47896,QMLE-Trade,25/11/1996,0.313948
JPM,47896,QMLE-Trade,26/11/1996,0.408271
JPM,47896,QMLE-Trade,27/11/1996,0.130022
JPM,47896,QMLE-Trade,29/11/1996,0.0337889
JPM,47896,QMLE-Trade,2/12/1996,0.180305
JPM,47896,QMLE-Trade,3/12/1996,0.26711
JPM,47896,QMLE-Trade,4/12/1996,0.328137
JPM,47896,QMLE-Trade,5/12/1996,0.426533
JPM,47896,QMLE-Trade,6/12/1996,0.315299
JPM,47896,QMLE-Trade,9/12/1996,0.115073
JPM,47896,QMLE-Trade,10/12/1996,0.180785
JPM,47896,QMLE-Trade,11/12/1996,0.305393
JPM,47896,QMLE-Trade,12/12/1996,0.386196
JPM,47896,QMLE-Trade,13/12/1996,0.425896
JPM,47896,QMLE-Trade,16/12/1996,0.220149
JPM,47896,QMLE-Trade,17/12/1996,0.237688
JPM,47896,QMLE-Trade,18/12/1996,0.251421
JPM,47896,QMLE-Trade,19/12/1996,0.231598
JPM,47896,QMLE-Trade,20/12/1996,0.161195
JPM,47896,QMLE-Trade,23/12/1996,0.136833
JPM,47896,QMLE-Trade,24/12/1996,0.201995
JPM,47896,QMLE-Trade,26/12/1996,0.138261
JPM,47896,QMLE-Trade,27/12/1996,0.225754
JPM,47896,QMLE-Trade,30/12/1996,0.224521
JPM,47896,QMLE-Trade,31/12/1996,0.243323
JPM,47896,QMLE-Trade,2/01/1997,0.372854
JPM,47896,QMLE-Trade,3/01/1997,0.284074
JPM,47896,QMLE-Trade,6/01/1997,0.218683
JPM,47896,QMLE-Trade,7/01/1997,0.147922
JPM,47896,QMLE-Trade,8/01/1997,0.165332
JPM,47896,QMLE-Trade,9/01/1997,0.152178
JPM,47896,QMLE-Trade,10/01/1997,0.195203
JPM,47896,QMLE-Trade,13/01/1997,0.143921
JPM,47896,QMLE-Trade,14/01/1997,0.239525
JPM,47896,QMLE-Trade,15/01/1997,0.297569
JPM,47896,QMLE-Trade,16/01/1997,0.138966
JPM,47896,QMLE-Trade,17/01/1997,0.170815
JPM,47896,QMLE-Trade,20/01/1997,0.198923
JPM,47896,QMLE-Trade,21/01/1997,0.365506
JPM,47896,QMLE-Trade,22/01/1997,0.235347
JPM,47896,QMLE-Trade,23/01/1997,0.276176
JPM,47896,QMLE-Trade,24/01/1997,0.260098
JPM,47896,QMLE-Trade,27/01/1997,0.193583
JPM,47896,QMLE-Trade,28/01/1997,0.24063
JPM,47896,QMLE-Trade,29/01/1997,0.181336
JPM,47896,QMLE-Trade,30/01/1997,0.202768
JPM,47896,QMLE-Trade,31/01/1997,0.139632
JPM,47896,QMLE-Trade,3/02/1997,0.208959
JPM,47896,QMLE-Trade,4/02/1997,0.213354
JPM,47896,QMLE-Trade,5/02/1997,0.271445
JPM,47896,QMLE-Trade,6/02/1997,0.188712
JPM,47896,QMLE-Trade,7/02/1997,0.26111
JPM,47896,QMLE-Trade,10/02/1997,0.257489
JPM,47896,QMLE-Trade,11/02/1997,0.142243
JPM,47896,QMLE-Trade,12/02/1997,0.24784
JPM,47896,QMLE-Trade,13/02/1997,0.255478
JPM,47896,QMLE-Trade,14/02/1997,0.230462
JPM,47896,QMLE-Trade,18/02/1997,0.166784
JPM,47896,QMLE-Trade,19/02/1997,0.303051
JPM,47896,QMLE-Trade,20/02/1997,0.309102
JPM,47896,QMLE-Trade,21/02/1997,0.1856
JPM,47896,QMLE-Trade,24/02/1997,0.231119
JPM,47896,QMLE-Trade,25/02/1997,0.165958
JPM,47896,QMLE-Trade,26/02/1997,0.412246
JPM,47896,QMLE-Trade,27/02/1997,0.258161
JPM,47896,QMLE-Trade,28/02/1997,0.269143
JPM,47896,QMLE-Trade,3/03/1997,0.295598
JPM,47896,QMLE-Trade,4/03/1997,0.164996
JPM,47896,QMLE-Trade,5/03/1997,0.22389
JPM,47896,QMLE-Trade,6/03/1997,0.15118
JPM,47896,QMLE-Trade,7/03/1997,0.227445
JPM,47896,QMLE-Trade,10/03/1997,0.255935
JPM,47896,QMLE-Trade,11/03/1997,0.326749
JPM,47896,QMLE-Trade,12/03/1997,0.254631
JPM,47896,QMLE-Trade,13/03/1997,0.333959
JPM,47896,QMLE-Trade,14/03/1997,0.348301
JPM,47896,QMLE-Trade,17/03/1997,0.364731
JPM,47896,QMLE-Trade,18/03/1997,0.308629
JPM,47896,QMLE-Trade,19/03/1997,0.381933
JPM,47896,QMLE-Trade,20/03/1997,0.275199
JPM,47896,QMLE-Trade,21/03/1997,0.215928
JPM,47896,QMLE-Trade,24/03/1997,0.238424
JPM,47896,QMLE-Trade,25/03/1997,0.330559
JPM,47896,QMLE-Trade,26/03/1997,0.275947
JPM,47896,QMLE-Trade,27/03/1997,0.352086
JPM,47896,QMLE-Trade,31/03/1997,0.500207
JPM,47896,QMLE-Trade,1/04/1997,0.418723
JPM,47896,QMLE-Trade,2/04/1997,0.395424
JPM,47896,QMLE-Trade,3/04/1997,0.348867
JPM,47896,QMLE-Trade,4/04/1997,0.309959
JPM,47896,QMLE-Trade,7/04/1997,0.194832
JPM,47896,QMLE-Trade,8/04/1997,0.27707
JPM,47896,QMLE-Trade,9/04/1997,0.21756
JPM,47896,QMLE-Trade,10/04/1997,0.228314
JPM,47896,QMLE-Trade,11/04/1997,0.271278
JPM,47896,QMLE-Trade,14/04/1997,0.293103
JPM,47896,QMLE-Trade,15/04/1997,0.320679
JPM,47896,QMLE-Trade,16/04/1997,0.28485
JPM,47896,QMLE-Trade,17/04/1997,0.319372
JPM,47896,QMLE-Trade,18/04/1997,0.229844
JPM,47896,QMLE-Trade,21/04/1997,0.320121
JPM,47896,QMLE-Trade,22/04/1997,0.335909
JPM,47896,QMLE-Trade,23/04/1997,0.255272
JPM,47896,QMLE-Trade,24/04/1997,0.210116
JPM,47896,QMLE-Trade,25/04/1997,0.212195
JPM,47896,QMLE-Trade,28/04/1997,0.284438
JPM,47896,QMLE-Trade,29/04/1997,0.247671
JPM,47896,QMLE-Trade,30/04/1997,0.306234
JPM,47896,QMLE-Trade,1/05/1997,0.305703
JPM,47896,QMLE-Trade,2/05/1997,0.292606
JPM,47896,QMLE-Trade,5/05/1997,0.187787
JPM,47896,QMLE-Trade,6/05/1997,0.215992
JPM,47896,QMLE-Trade,7/05/1997,0.263038
JPM,47896,QMLE-Trade,8/05/1997,0.321882
JPM,47896,QMLE-Trade,9/05/1997,0.285135
JPM,47896,QMLE-Trade,12/05/1997,0.121618
JPM,47896,QMLE-Trade,13/05/1997,0.176454
JPM,47896,QMLE-Trade,14/05/1997,0.195679
JPM,47896,QMLE-Trade,15/05/1997,0.198571
JPM,47896,QMLE-Trade,16/05/1997,0.356989
JPM,47896,QMLE-Trade,19/05/1997,0.257863
JPM,47896,QMLE-Trade,20/05/1997,0.479512
JPM,47896,QMLE-Trade,21/05/1997,0.324749
JPM,47896,QMLE-Trade,22/05/1997,0.24509
JPM,47896,QMLE-Trade,23/05/1997,0.208418
JPM,47896,QMLE-Trade,27/05/1997,0.225988
JPM,47896,QMLE-Trade,28/05/1997,0.253252
JPM,47896,QMLE-Trade,29/05/1997,0.248969
JPM,47896,QMLE-Trade,30/05/1997,0.322865
JPM,47896,QMLE-Trade,2/06/1997,0.252491
JPM,47896,QMLE-Trade,3/06/1997,0.240623
JPM,47896,QMLE-Trade,4/06/1997,0.167384
JPM,47896,QMLE-Trade,5/06/1997,0.157816
JPM,47896,QMLE-Trade,6/06/1997,0.293904
JPM,47896,QMLE-Trade,9/06/1997,0.344014
JPM,47896,QMLE-Trade,10/06/1997,0.156263
JPM,47896,QMLE-Trade,11/06/1997,0.135363
JPM,47896,QMLE-Trade,12/06/1997,0.2483
JPM,47896,QMLE-Trade,13/06/1997,0.290564
JPM,47896,QMLE-Trade,16/06/1997,0.2186
JPM,47896,QMLE-Trade,17/06/1997,0.248632
JPM,47896,QMLE-Trade,18/06/1997,0.2672
JPM,47896,QMLE-Trade,19/06/1997,0.184648
JPM,47896,QMLE-Trade,20/06/1997,0.252475
JPM,47896,QMLE-Trade,23/06/1997,0.175916
JPM,47896,QMLE-Trade,24/06/1997,0.176258
JPM,47896,QMLE-Trade,25/06/1997,0.263734
JPM,47896,QMLE-Trade,26/06/1997,0.210492
JPM,47896,QMLE-Trade,27/06/1997,0.213917
JPM,47896,QMLE-Trade,30/06/1997,0.193927
JPM,47896,QMLE-Trade,1/07/1997,0.317852
JPM,47896,QMLE-Trade,2/07/1997,0.254703
JPM,47896,QMLE-Trade,3/07/1997,0.253332
JPM,47896,QMLE-Trade,7/07/1997,0.142279
JPM,47896,QMLE-Trade,8/07/1997,0.139296
JPM,47896,QMLE-Trade,9/07/1997,0.201301
JPM,47896,QMLE-Trade,10/07/1997,0.226534
JPM,47896,QMLE-Trade,11/07/1997,0.193153
JPM,47896,QMLE-Trade,14/07/1997,0.117702
JPM,47896,QMLE-Trade,15/07/1997,0.205457
JPM,47896,QMLE-Trade,16/07/1997,0.219013
JPM,47896,QMLE-Trade,17/07/1997,0.233472
JPM,47896,QMLE-Trade,18/07/1997,0.224145
JPM,47896,QMLE-Trade,21/07/1997,0.202235
JPM,47896,QMLE-Trade,22/07/1997,0.243019
JPM,47896,QMLE-Trade,23/07/1997,0.218144
JPM,47896,QMLE-Trade,24/07/1997,0.27791
JPM,47896,QMLE-Trade,25/07/1997,0.17324
JPM,47896,QMLE-Trade,28/07/1997,0.132866
JPM,47896,QMLE-Trade,29/07/1997,0.173043
JPM,47896,QMLE-Trade,30/07/1997,0.26733
JPM,47896,QMLE-Trade,31/07/1997,0.230151
JPM,47896,QMLE-Trade,1/08/1997,0.310583
JPM,47896,QMLE-Trade,4/08/1997,0.254082
JPM,47896,QMLE-Trade,5/08/1997,0.138134
JPM,47896,QMLE-Trade,6/08/1997,0.248838
JPM,47896,QMLE-Trade,7/08/1997,0.311766
JPM,47896,QMLE-Trade,8/08/1997,0.312925
JPM,47896,QMLE-Trade,11/08/1997,0.252031
JPM,47896,QMLE-Trade,12/08/1997,0.206873
JPM,47896,QMLE-Trade,13/08/1997,0.25685
JPM,47896,QMLE-Trade,14/08/1997,0.15942
JPM,47896,QMLE-Trade,15/08/1997,0.213997
JPM,47896,QMLE-Trade,18/08/1997,0.227396
JPM,47896,QMLE-Trade,19/08/1997,0.218289
JPM,47896,QMLE-Trade,20/08/1997,0.211089
JPM,47896,QMLE-Trade,21/08/1997,0.254912
JPM,47896,QMLE-Trade,22/08/1997,0.305614
JPM,47896,QMLE-Trade,25/08/1997,0.186438
JPM,47896,QMLE-Trade,26/08/1997,0.164756
JPM,47896,QMLE-Trade,27/08/1997,0.20949
JPM,47896,QMLE-Trade,28/08/1997,0.270049
JPM,47896,QMLE-Trade,29/08/1997,0.17554
JPM,47896,QMLE-Trade,2/09/1997,0.309932
JPM,47896,QMLE-Trade,3/09/1997,0.177522
JPM,47896,QMLE-Trade,4/09/1997,0.158785
JPM,47896,QMLE-Trade,5/09/1997,0.242827
JPM,47896,QMLE-Trade,8/09/1997,0.139931
JPM,47896,QMLE-Trade,9/09/1997,0.144457
JPM,47896,QMLE-Trade,10/09/1997,0.137274
JPM,47896,QMLE-Trade,11/09/1997,0.215153
JPM,47896,QMLE-Trade,12/09/1997,0.260798
JPM,47896,QMLE-Trade,15/09/1997,0.108909
JPM,47896,QMLE-Trade,16/09/1997,0.173406
JPM,47896,QMLE-Trade,17/09/1997,0.216043
JPM,47896,QMLE-Trade,18/09/1997,0.154452
JPM,47896,QMLE-Trade,19/09/1997,0.166286
JPM,47896,QMLE-Trade,22/09/1997,0.167233
JPM,47896,QMLE-Trade,23/09/1997,0.156854
JPM,47896,QMLE-Trade,24/09/1997,0.251766
JPM,47896,QMLE-Trade,25/09/1997,0.221901
JPM,47896,QMLE-Trade,26/09/1997,0.169406
JPM,47896,QMLE-Trade,29/09/1997,0.182262
JPM,47896,QMLE-Trade,30/09/1997,0.216942
JPM,47896,QMLE-Trade,1/10/1997,0.14592
JPM,47896,QMLE-Trade,2/10/1997,0.160674
JPM,47896,QMLE-Trade,3/10/1997,0.236802
JPM,47896,QMLE-Trade,6/10/1997,0.142962
JPM,47896,QMLE-Trade,7/10/1997,0.119969
JPM,47896,QMLE-Trade,8/10/1997,0.179806
JPM,47896,QMLE-Trade,9/10/1997,0.127215
JPM,47896,QMLE-Trade,10/10/1997,0.238787
JPM,47896,QMLE-Trade,13/10/1997,0.121106
JPM,47896,QMLE-Trade,14/10/1997,0.112964
JPM,47896,QMLE-Trade,15/10/1997,0.162373
JPM,47896,QMLE-Trade,16/10/1997,0.18528
JPM,47896,QMLE-Trade,17/10/1997,0.207962
JPM,47896,QMLE-Trade,20/10/1997,0.226384
JPM,47896,QMLE-Trade,21/10/1997,0.141116
JPM,47896,QMLE-Trade,22/10/1997,0.174385
JPM,47896,QMLE-Trade,23/10/1997,0.265328
JPM,47896,QMLE-Trade,24/10/1997,0.249839
JPM,47896,QMLE-Trade,27/10/1997,0.4202
JPM,47896,QMLE-Trade,28/10/1997,0.655018
JPM,47896,QMLE-Trade,29/10/1997,0.345826
JPM,47896,QMLE-Trade,30/10/1997,0.311638
JPM,47896,QMLE-Trade,31/10/1997,0.248696
JPM,47896,QMLE-Trade,3/11/1997,0.233101
JPM,47896,QMLE-Trade,4/11/1997,0.220214
JPM,47896,QMLE-Trade,5/11/1997,0.247423
JPM,47896,QMLE-Trade,6/11/1997,0.274739
JPM,47896,QMLE-Trade,7/11/1997,0.250132
JPM,47896,QMLE-Trade,10/11/1997,0.291074
JPM,47896,QMLE-Trade,11/11/1997,0.275499
JPM,47896,QMLE-Trade,12/11/1997,0.432752
JPM,47896,QMLE-Trade,13/11/1997,0.401917
JPM,47896,QMLE-Trade,14/11/1997,0.439073
JPM,47896,QMLE-Trade,17/11/1997,0.224437
JPM,47896,QMLE-Trade,18/11/1997,0.263321
JPM,47896,QMLE-Trade,19/11/1997,0.352466
JPM,47896,QMLE-Trade,20/11/1997,0.268427
JPM,47896,QMLE-Trade,21/11/1997,0.249622
JPM,47896,QMLE-Trade,24/11/1997,0.204882
JPM,47896,QMLE-Trade,25/11/1997,0.303398
JPM,47896,QMLE-Trade,26/11/1997,0.216889
JPM,47896,QMLE-Trade,28/11/1997,0.181684
JPM,47896,QMLE-Trade,1/12/1997,0.269401
JPM,47896,QMLE-Trade,2/12/1997,0.33626
JPM,47896,QMLE-Trade,3/12/1997,0.286543
JPM,47896,QMLE-Trade,4/12/1997,0.261218
JPM,47896,QMLE-Trade,5/12/1997,0.316301
JPM,47896,QMLE-Trade,8/12/1997,0.245943
JPM,47896,QMLE-Trade,9/12/1997,0.212926
JPM,47896,QMLE-Trade,10/12/1997,0.340835
JPM,47896,QMLE-Trade,11/12/1997,0.437557
JPM,47896,QMLE-Trade,12/12/1997,0.404853
JPM,47896,QMLE-Trade,15/12/1997,0.257133
JPM,47896,QMLE-Trade,16/12/1997,0.240826
JPM,47896,QMLE-Trade,17/12/1997,0.229434
JPM,47896,QMLE-Trade,18/12/1997,0.327998
JPM,47896,QMLE-Trade,19/12/1997,0.425065
JPM,47896,QMLE-Trade,22/12/1997,0.305368
JPM,47896,QMLE-Trade,23/12/1997,0.268081
JPM,47896,QMLE-Trade,24/12/1997,0.202344
JPM,47896,QMLE-Trade,26/12/1997,0.234522
JPM,47896,QMLE-Trade,29/12/1997,0.229943
JPM,47896,QMLE-Trade,30/12/1997,0.234003
JPM,47896,QMLE-Trade,31/12/1997,0.137173
JPM,47896,QMLE-Trade,2/01/1998,0.238503
JPM,47896,QMLE-Trade,5/01/1998,0.189813
JPM,47896,QMLE-Trade,6/01/1998,0.303453
JPM,47896,QMLE-Trade,7/01/1998,0.46584
JPM,47896,QMLE-Trade,8/01/1998,0.387266
JPM,47896,QMLE-Trade,9/01/1998,0.494251
JPM,47896,QMLE-Trade,12/01/1998,0.511788
JPM,47896,QMLE-Trade,13/01/1998,0.202719
JPM,47896,QMLE-Trade,14/01/1998,0.321568
JPM,47896,QMLE-Trade,15/01/1998,0.141907
JPM,47896,QMLE-Trade,16/01/1998,0.213115
JPM,47896,QMLE-Trade,20/01/1998,0.315897
JPM,47896,QMLE-Trade,21/01/1998,0.325418
JPM,47896,QMLE-Trade,22/01/1998,0.237141
JPM,47896,QMLE-Trade,23/01/1998,0.251383
JPM,47896,QMLE-Trade,26/01/1998,0.263432
JPM,47896,QMLE-Trade,27/01/1998,0.21323
JPM,47896,QMLE-Trade,28/01/1998,0.306288
JPM,47896,QMLE-Trade,29/01/1998,0.210602
JPM,47896,QMLE-Trade,30/01/1998,0.148199
JPM,47896,QMLE-Trade,2/02/1998,0.239541
JPM,47896,QMLE-Trade,3/02/1998,0.186199
JPM,47896,QMLE-Trade,4/02/1998,0.205767
JPM,47896,QMLE-Trade,5/02/1998,0.240559
JPM,47896,QMLE-Trade,6/02/1998,0.162073
JPM,47896,QMLE-Trade,9/02/1998,0.273916
JPM,47896,QMLE-Trade,10/02/1998,0.17773
JPM,47896,QMLE-Trade,11/02/1998,0.1385
JPM,47896,QMLE-Trade,12/02/1998,0.2519
JPM,47896,QMLE-Trade,13/02/1998,0.187731
JPM,47896,QMLE-Trade,17/02/1998,0.122959
JPM,47896,QMLE-Trade,18/02/1998,0.18387
JPM,47896,QMLE-Trade,19/02/1998,0.147913
JPM,47896,QMLE-Trade,20/02/1998,0.160546
JPM,47896,QMLE-Trade,23/02/1998,0.118387
JPM,47896,QMLE-Trade,24/02/1998,0.21512
JPM,47896,QMLE-Trade,25/02/1998,0.196076
JPM,47896,QMLE-Trade,26/02/1998,0.21003
JPM,47896,QMLE-Trade,27/02/1998,0.222648
JPM,47896,QMLE-Trade,2/03/1998,0.156751
JPM,47896,QMLE-Trade,3/03/1998,0.220027
JPM,47896,QMLE-Trade,4/03/1998,0.229108
JPM,47896,QMLE-Trade,5/03/1998,0.200735
JPM,47896,QMLE-Trade,6/03/1998,0.235436
JPM,47896,QMLE-Trade,9/03/1998,0.182348
JPM,47896,QMLE-Trade,10/03/1998,0.235609
JPM,47896,QMLE-Trade,11/03/1998,0.220465
JPM,47896,QMLE-Trade,12/03/1998,0.187101
JPM,47896,QMLE-Trade,13/03/1998,0.189588
JPM,47896,QMLE-Trade,16/03/1998,0.161327
JPM,47896,QMLE-Trade,17/03/1998,0.487353
JPM,47896,QMLE-Trade,18/03/1998,0.264741
JPM,47896,QMLE-Trade,19/03/1998,0.332832
JPM,47896,QMLE-Trade,20/03/1998,0.203432
JPM,47896,QMLE-Trade,23/03/1998,0.190528
JPM,47896,QMLE-Trade,24/03/1998,0.188928
JPM,47896,QMLE-Trade,25/03/1998,0.345185
JPM,47896,QMLE-Trade,26/03/1998,0.267469
JPM,47896,QMLE-Trade,27/03/1998,0.245163
JPM,47896,QMLE-Trade,30/03/1998,0.218235
JPM,47896,QMLE-Trade,31/03/1998,0.233474
JPM,47896,QMLE-Trade,1/04/1998,0.125137
JPM,47896,QMLE-Trade,2/04/1998,0.198933
JPM,47896,QMLE-Trade,3/04/1998,0.216126
JPM,47896,QMLE-Trade,6/04/1998,0.324709
JPM,47896,QMLE-Trade,7/04/1998,0.470589
JPM,47896,QMLE-Trade,8/04/1998,0.302146
JPM,47896,QMLE-Trade,9/04/1998,0.269332
JPM,47896,QMLE-Trade,13/04/1998,0.283631
JPM,47896,QMLE-Trade,14/04/1998,0.275898
JPM,47896,QMLE-Trade,15/04/1998,0.207754
JPM,47896,QMLE-Trade,16/04/1998,0.400987
JPM,47896,QMLE-Trade,17/04/1998,0.238571
JPM,47896,QMLE-Trade,20/04/1998,0.269905
JPM,47896,QMLE-Trade,21/04/1998,0.310525
JPM,47896,QMLE-Trade,22/04/1998,0.21626
JPM,47896,QMLE-Trade,23/04/1998,0.176781
JPM,47896,QMLE-Trade,24/04/1998,0.262965
JPM,47896,QMLE-Trade,27/04/1998,0.395225
JPM,47896,QMLE-Trade,28/04/1998,0.278938
JPM,47896,QMLE-Trade,29/04/1998,0.24087
JPM,47896,QMLE-Trade,30/04/1998,0.280586
JPM,47896,QMLE-Trade,1/05/1998,0.256655
JPM,47896,QMLE-Trade,4/05/1998,0.303465
JPM,47896,QMLE-Trade,5/05/1998,0.279653
JPM,47896,QMLE-Trade,6/05/1998,0.274505
JPM,47896,QMLE-Trade,7/05/1998,0.213612
JPM,47896,QMLE-Trade,8/05/1998,0.264139
JPM,47896,QMLE-Trade,11/05/1998,0.230886
JPM,47896,QMLE-Trade,12/05/1998,0.275183
JPM,47896,QMLE-Trade,13/05/1998,0.220608
JPM,47896,QMLE-Trade,14/05/1998,0.240767
JPM,47896,QMLE-Trade,15/05/1998,0.223519
JPM,47896,QMLE-Trade,18/05/1998,0.266571
JPM,47896,QMLE-Trade,19/05/1998,0.230666
JPM,47896,QMLE-Trade,20/05/1998,0.238728
JPM,47896,QMLE-Trade,21/05/1998,0.176873
JPM,47896,QMLE-Trade,22/05/1998,0.175815
JPM,47896,QMLE-Trade,26/05/1998,0.301477
JPM,47896,QMLE-Trade,27/05/1998,0.31111
JPM,47896,QMLE-Trade,28/05/1998,0.192135
JPM,47896,QMLE-Trade,29/05/1998,0.157564
JPM,47896,QMLE-Trade,1/06/1998,0.241799
JPM,47896,QMLE-Trade,2/06/1998,0.183119
JPM,47896,QMLE-Trade,3/06/1998,0.100801
JPM,47896,QMLE-Trade,4/06/1998,0.213984
JPM,47896,QMLE-Trade,5/06/1998,0.235896
JPM,47896,QMLE-Trade,8/06/1998,0.243811
JPM,47896,QMLE-Trade,9/06/1998,0.213531
JPM,47896,QMLE-Trade,10/06/1998,0.217492
JPM,47896,QMLE-Trade,11/06/1998,0.230442
JPM,47896,QMLE-Trade,12/06/1998,0.337052
JPM,47896,QMLE-Trade,15/06/1998,0.434511
JPM,47896,QMLE-Trade,16/06/1998,0.508536
JPM,47896,QMLE-Trade,17/06/1998,0.55369
JPM,47896,QMLE-Trade,18/06/1998,0.23613
JPM,47896,QMLE-Trade,19/06/1998,0.185465
JPM,47896,QMLE-Trade,22/06/1998,0.295651
JPM,47896,QMLE-Trade,23/06/1998,0.171904
JPM,47896,QMLE-Trade,24/06/1998,0.42024
JPM,47896,QMLE-Trade,25/06/1998,0.405311
JPM,47896,QMLE-Trade,26/06/1998,0.255575
JPM,47896,QMLE-Trade,29/06/1998,0.289335
JPM,47896,QMLE-Trade,30/06/1998,0.341603
JPM,47896,QMLE-Trade,1/07/1998,0.283325
JPM,47896,QMLE-Trade,2/07/1998,0.184963
JPM,47896,QMLE-Trade,6/07/1998,0.169448
JPM,47896,QMLE-Trade,7/07/1998,0.212584
JPM,47896,QMLE-Trade,8/07/1998,0.225376
JPM,47896,QMLE-Trade,9/07/1998,0.228716
JPM,47896,QMLE-Trade,10/07/1998,0.228481
JPM,47896,QMLE-Trade,13/07/1998,0.22502
JPM,47896,QMLE-Trade,14/07/1998,0.232244
JPM,47896,QMLE-Trade,15/07/1998,0.258567
JPM,47896,QMLE-Trade,16/07/1998,0.187774
JPM,47896,QMLE-Trade,17/07/1998,0.11297
JPM,47896,QMLE-Trade,20/07/1998,0.32624
JPM,47896,QMLE-Trade,21/07/1998,0.436508
JPM,47896,QMLE-Trade,22/07/1998,0.348888
JPM,47896,QMLE-Trade,23/07/1998,0.277413
JPM,47896,QMLE-Trade,24/07/1998,0.407996
JPM,47896,QMLE-Trade,27/07/1998,0.329484
JPM,47896,QMLE-Trade,28/07/1998,0.227553
JPM,47896,QMLE-Trade,29/07/1998,0.342268
JPM,47896,QMLE-Trade,30/07/1998,0.237397
JPM,47896,QMLE-Trade,31/07/1998,0.428462
JPM,47896,QMLE-Trade,3/08/1998,0.20188
JPM,47896,QMLE-Trade,4/08/1998,0.689404
JPM,47896,QMLE-Trade,5/08/1998,0.659924
JPM,47896,QMLE-Trade,6/08/1998,0.355779
JPM,47896,QMLE-Trade,7/08/1998,0.294295
JPM,47896,QMLE-Trade,10/08/1998,0.304167
JPM,47896,QMLE-Trade,11/08/1998,0.649019
JPM,47896,QMLE-Trade,12/08/1998,0.368463
JPM,47896,QMLE-Trade,13/08/1998,0.398559
JPM,47896,QMLE-Trade,14/08/1998,0.503193
JPM,47896,QMLE-Trade,17/08/1998,0.431732
JPM,47896,QMLE-Trade,18/08/1998,0.2919
JPM,47896,QMLE-Trade,19/08/1998,0.346337
JPM,47896,QMLE-Trade,20/08/1998,0.394473
JPM,47896,QMLE-Trade,21/08/1998,0.704818
JPM,47896,QMLE-Trade,24/08/1998,0.406393
JPM,47896,QMLE-Trade,25/08/1998,0.381392
JPM,47896,QMLE-Trade,26/08/1998,0.567665
JPM,47896,QMLE-Trade,27/08/1998,0.921152
JPM,47896,QMLE-Trade,28/08/1998,0.90956
JPM,47896,QMLE-Trade,31/08/1998,0.85821
JPM,47896,QMLE-Trade,1/09/1998,1.35672
JPM,47896,QMLE-Trade,2/09/1998,0.891061
JPM,47896,QMLE-Trade,3/09/1998,0.83484
JPM,47896,QMLE-Trade,4/09/1998,1.27556
JPM,47896,QMLE-Trade,8/09/1998,0.852464
JPM,47896,QMLE-Trade,9/09/1998,0.655928
JPM,47896,QMLE-Trade,10/09/1998,1.08818
JPM,47896,QMLE-Trade,11/09/1998,1.37607
JPM,47896,QMLE-Trade,14/09/1998,0.625336
JPM,47896,QMLE-Trade,15/09/1998,0.71168
JPM,47896,QMLE-Trade,16/09/1998,0.742136
JPM,47896,QMLE-Trade,17/09/1998,0.655073
JPM,47896,QMLE-Trade,18/09/1998,0.349055
JPM,47896,QMLE-Trade,21/09/1998,0.642343
JPM,47896,QMLE-Trade,22/09/1998,0.58877
JPM,47896,QMLE-Trade,23/09/1998,0.493571
JPM,47896,QMLE-Trade,24/09/1998,0.786806
JPM,47896,QMLE-Trade,25/09/1998,0.7918
JPM,47896,QMLE-Trade,28/09/1998,0.557195
JPM,47896,QMLE-Trade,29/09/1998,0.982158
JPM,47896,QMLE-Trade,30/09/1998,0.97221
JPM,47896,QMLE-Trade,1/10/1998,0.856373
JPM,47896,QMLE-Trade,2/10/1998,0.780332
JPM,47896,QMLE-Trade,5/10/1998,0.845486
JPM,47896,QMLE-Trade,6/10/1998,0.716138
JPM,47896,QMLE-Trade,7/10/1998,0.942114
JPM,47896,QMLE-Trade,8/10/1998,1.45466
JPM,47896,QMLE-Trade,9/10/1998,0.774943
JPM,47896,QMLE-Trade,12/10/1998,0.569487
JPM,47896,QMLE-Trade,13/10/1998,0.511033
JPM,47896,QMLE-Trade,14/10/1998,0.727863
JPM,47896,QMLE-Trade,15/10/1998,1.32629
JPM,47896,QMLE-Trade,16/10/1998,0.66191
JPM,47896,QMLE-Trade,19/10/1998,0.672058
JPM,47896,QMLE-Trade,20/10/1998,0.623485
JPM,47896,QMLE-Trade,21/10/1998,0.519556
JPM,47896,QMLE-Trade,22/10/1998,0.514256
JPM,47896,QMLE-Trade,23/10/1998,0.356689
JPM,47896,QMLE-Trade,26/10/1998,0.375849
JPM,47896,QMLE-Trade,27/10/1998,0.442773
JPM,47896,QMLE-Trade,28/10/1998,0.498518
JPM,47896,QMLE-Trade,29/10/1998,0.480043
JPM,47896,QMLE-Trade,30/10/1998,0.32184
JPM,47896,QMLE-Trade,2/11/1998,0.357839
JPM,47896,QMLE-Trade,3/11/1998,0.333619
JPM,47896,QMLE-Trade,4/11/1998,0.426868
JPM,47896,QMLE-Trade,5/11/1998,0.509834
JPM,47896,QMLE-Trade,6/11/1998,0.362842
JPM,47896,QMLE-Trade,9/11/1998,0.300918
JPM,47896,QMLE-Trade,10/11/1998,0.317591
JPM,47896,QMLE-Trade,11/11/1998,0.326358
JPM,47896,QMLE-Trade,12/11/1998,0.418708
JPM,47896,QMLE-Trade,13/11/1998,0.443457
JPM,47896,QMLE-Trade,16/11/1998,0.257445
JPM,47896,QMLE-Trade,17/11/1998,0.683384
JPM,47896,QMLE-Trade,18/11/1998,0.443144
JPM,47896,QMLE-Trade,19/11/1998,0.332616
JPM,47896,QMLE-Trade,20/11/1998,0.293534
JPM,47896,QMLE-Trade,23/11/1998,0.283222
JPM,47896,QMLE-Trade,24/11/1998,0.440614
JPM,47896,QMLE-Trade,25/11/1998,0.284044
JPM,47896,QMLE-Trade,27/11/1998,0.143194
JPM,47896,QMLE-Trade,30/11/1998,0.284654
JPM,47896,QMLE-Trade,1/12/1998,0.399676
JPM,47896,QMLE-Trade,2/12/1998,0.411317
JPM,47896,QMLE-Trade,3/12/1998,0.48643
JPM,47896,QMLE-Trade,4/12/1998,0.357932
JPM,47896,QMLE-Trade,7/12/1998,0.269738
JPM,47896,QMLE-Trade,8/12/1998,0.27306
JPM,47896,QMLE-Trade,9/12/1998,0.44586
JPM,47896,QMLE-Trade,10/12/1998,0.244167
JPM,47896,QMLE-Trade,11/12/1998,0.390582
JPM,47896,QMLE-Trade,14/12/1998,0.444106
JPM,47896,QMLE-Trade,15/12/1998,0.416328
JPM,47896,QMLE-Trade,16/12/1998,0.409048
JPM,47896,QMLE-Trade,17/12/1998,0.377419
JPM,47896,QMLE-Trade,18/12/1998,0.465707
JPM,47896,QMLE-Trade,21/12/1998,0.284853
JPM,47896,QMLE-Trade,22/12/1998,0.364803
JPM,47896,QMLE-Trade,23/12/1998,0.25408
JPM,47896,QMLE-Trade,24/12/1998,0.183694
JPM,47896,QMLE-Trade,28/12/1998,0.207921
JPM,47896,QMLE-Trade,29/12/1998,0.263904
JPM,47896,QMLE-Trade,30/12/1998,0.268249
JPM,47896,QMLE-Trade,31/12/1998,0.173122
JPM,47896,QMLE-Trade,4/01/1999,0.365665
JPM,47896,QMLE-Trade,5/01/1999,0.415349
JPM,47896,QMLE-Trade,6/01/1999,0.298981
JPM,47896,QMLE-Trade,7/01/1999,0.42766
JPM,47896,QMLE-Trade,8/01/1999,0.395652
JPM,47896,QMLE-Trade,11/01/1999,0.370458
JPM,47896,QMLE-Trade,12/01/1999,0.360523
JPM,47896,QMLE-Trade,13/01/1999,0.563325
JPM,47896,QMLE-Trade,14/01/1999,0.451495
JPM,47896,QMLE-Trade,15/01/1999,0.36843
JPM,47896,QMLE-Trade,19/01/1999,0.321961
JPM,47896,QMLE-Trade,20/01/1999,0.484751
JPM,47896,QMLE-Trade,21/01/1999,0.456485
JPM,47896,QMLE-Trade,22/01/1999,0.491406
JPM,47896,QMLE-Trade,25/01/1999,0.388637
JPM,47896,QMLE-Trade,26/01/1999,0.319638
JPM,47896,QMLE-Trade,27/01/1999,0.443138
JPM,47896,QMLE-Trade,28/01/1999,0.286549
JPM,47896,QMLE-Trade,29/01/1999,0.448098
JPM,47896,QMLE-Trade,1/02/1999,0.349297
JPM,47896,QMLE-Trade,2/02/1999,0.38283
JPM,47896,QMLE-Trade,3/02/1999,0.480816
JPM,47896,QMLE-Trade,4/02/1999,0.437646
JPM,47896,QMLE-Trade,5/02/1999,0.375608
JPM,47896,QMLE-Trade,8/02/1999,0.391023
JPM,47896,QMLE-Trade,9/02/1999,0.505008
JPM,47896,QMLE-Trade,10/02/1999,0.336665
JPM,47896,QMLE-Trade,11/02/1999,0.372997
JPM,47896,QMLE-Trade,12/02/1999,0.615343
JPM,47896,QMLE-Trade,16/02/1999,0.267171
JPM,47896,QMLE-Trade,17/02/1999,0.56579
JPM,47896,QMLE-Trade,18/02/1999,0.346557
JPM,47896,QMLE-Trade,19/02/1999,0.298462
JPM,47896,QMLE-Trade,22/02/1999,0.408172
JPM,47896,QMLE-Trade,23/02/1999,0.451147
JPM,47896,QMLE-Trade,24/02/1999,0.510355
JPM,47896,QMLE-Trade,25/02/1999,0.510908
JPM,47896,QMLE-Trade,26/02/1999,0.380468
JPM,47896,QMLE-Trade,1/03/1999,0.336205
JPM,47896,QMLE-Trade,2/03/1999,0.174405
JPM,47896,QMLE-Trade,3/03/1999,0.211701
JPM,47896,QMLE-Trade,4/03/1999,0.317009
JPM,47896,QMLE-Trade,5/03/1999,0.225904
JPM,47896,QMLE-Trade,8/03/1999,0.260161
JPM,47896,QMLE-Trade,9/03/1999,0.285938
JPM,47896,QMLE-Trade,10/03/1999,0.271497
JPM,47896,QMLE-Trade,11/03/1999,0.322479
JPM,47896,QMLE-Trade,12/03/1999,0.278336
JPM,47896,QMLE-Trade,15/03/1999,0.237222
JPM,47896,QMLE-Trade,16/03/1999,0.310287
JPM,47896,QMLE-Trade,17/03/1999,0.242736
JPM,47896,QMLE-Trade,18/03/1999,0.314019
JPM,47896,QMLE-Trade,19/03/1999,0.364543
JPM,47896,QMLE-Trade,22/03/1999,0.124598
JPM,47896,QMLE-Trade,23/03/1999,0.37643
JPM,47896,QMLE-Trade,24/03/1999,0.308113
JPM,47896,QMLE-Trade,25/03/1999,0.232415
JPM,47896,QMLE-Trade,26/03/1999,0.216137
JPM,47896,QMLE-Trade,29/03/1999,0.216381
JPM,47896,QMLE-Trade,30/03/1999,0.281462
JPM,47896,QMLE-Trade,31/03/1999,0.291349
JPM,47896,QMLE-Trade,1/04/1999,0.263894
JPM,47896,QMLE-Trade,5/04/1999,0.202279
JPM,47896,QMLE-Trade,6/04/1999,0.228356
JPM,47896,QMLE-Trade,7/04/1999,0.52281
JPM,47896,QMLE-Trade,8/04/1999,0.340237
JPM,47896,QMLE-Trade,9/04/1999,0.330983
JPM,47896,QMLE-Trade,12/04/1999,0.224592
JPM,47896,QMLE-Trade,13/04/1999,0.28674
JPM,47896,QMLE-Trade,14/04/1999,0.396596
JPM,47896,QMLE-Trade,15/04/1999,0.441321
JPM,47896,QMLE-Trade,16/04/1999,0.299761
JPM,47896,QMLE-Trade,19/04/1999,0.633652
JPM,47896,QMLE-Trade,20/04/1999,0.658485
JPM,47896,QMLE-Trade,21/04/1999,0.530877
JPM,47896,QMLE-Trade,22/04/1999,0.412187
JPM,47896,QMLE-Trade,23/04/1999,0.304209
JPM,47896,QMLE-Trade,26/04/1999,0.39497
JPM,47896,QMLE-Trade,27/04/1999,0.495566
JPM,47896,QMLE-Trade,28/04/1999,0.382276
JPM,47896,QMLE-Trade,29/04/1999,0.430914
JPM,47896,QMLE-Trade,30/04/1999,0.522565
JPM,47896,QMLE-Trade,3/05/1999,0.289717
JPM,47896,QMLE-Trade,4/05/1999,0.305975
JPM,47896,QMLE-Trade,5/05/1999,0.463645
JPM,47896,QMLE-Trade,6/05/1999,0.338978
JPM,47896,QMLE-Trade,7/05/1999,0.428462
JPM,47896,QMLE-Trade,10/05/1999,0.349908
JPM,47896,QMLE-Trade,11/05/1999,0.327242
JPM,47896,QMLE-Trade,12/05/1999,0.346863
JPM,47896,QMLE-Trade,13/05/1999,0.301545
JPM,47896,QMLE-Trade,14/05/1999,0.405518
JPM,47896,QMLE-Trade,17/05/1999,0.305851
JPM,47896,QMLE-Trade,18/05/1999,0.525811
JPM,47896,QMLE-Trade,19/05/1999,0.209133
JPM,47896,QMLE-Trade,20/05/1999,0.245803
JPM,47896,QMLE-Trade,21/05/1999,0.239313
JPM,47896,QMLE-Trade,24/05/1999,0.466892
JPM,47896,QMLE-Trade,25/05/1999,0.477012
JPM,47896,QMLE-Trade,26/05/1999,0.523754
JPM,47896,QMLE-Trade,27/05/1999,0.394785
JPM,47896,QMLE-Trade,28/05/1999,0.321187
JPM,47896,QMLE-Trade,1/06/1999,0.496578
JPM,47896,QMLE-Trade,2/06/1999,0.302185
JPM,47896,QMLE-Trade,3/06/1999,0.429607
JPM,47896,QMLE-Trade,4/06/1999,0.336334
JPM,47896,QMLE-Trade,7/06/1999,0.221524
JPM,47896,QMLE-Trade,8/06/1999,0.265327
JPM,47896,QMLE-Trade,9/06/1999,0.350702
JPM,47896,QMLE-Trade,10/06/1999,0.297519
JPM,47896,QMLE-Trade,11/06/1999,0.360667
JPM,47896,QMLE-Trade,14/06/1999,0.245401
JPM,47896,QMLE-Trade,15/06/1999,0.289196
JPM,47896,QMLE-Trade,16/06/1999,0.319354
JPM,47896,QMLE-Trade,17/06/1999,0.272984
JPM,47896,QMLE-Trade,18/06/1999,0.170054
JPM,47896,QMLE-Trade,21/06/1999,0.268004
JPM,47896,QMLE-Trade,22/06/1999,0.23044
JPM,47896,QMLE-Trade,23/06/1999,0.18395
JPM,47896,QMLE-Trade,24/06/1999,0.243154
JPM,47896,QMLE-Trade,25/06/1999,0.225872
JPM,47896,QMLE-Trade,28/06/1999,0.235295
JPM,47896,QMLE-Trade,29/06/1999,0.215203
JPM,47896,QMLE-Trade,30/06/1999,0.448304
JPM,47896,QMLE-Trade,1/07/1999,0.302793
JPM,47896,QMLE-Trade,2/07/1999,0.161671
JPM,47896,QMLE-Trade,6/07/1999,0.221371
JPM,47896,QMLE-Trade,7/07/1999,0.165232
JPM,47896,QMLE-Trade,8/07/1999,0.278251
JPM,47896,QMLE-Trade,9/07/1999,0.220203
JPM,47896,QMLE-Trade,12/07/1999,0.187016
JPM,47896,QMLE-Trade,13/07/1999,0.195175
JPM,47896,QMLE-Trade,14/07/1999,0.167554
JPM,47896,QMLE-Trade,15/07/1999,0.209739
JPM,47896,QMLE-Trade,16/07/1999,0.0909455
JPM,47896,QMLE-Trade,19/07/1999,0.28286
JPM,47896,QMLE-Trade,20/07/1999,0.329788
JPM,47896,QMLE-Trade,21/07/1999,0.335774
JPM,47896,QMLE-Trade,22/07/1999,0.502792
JPM,47896,QMLE-Trade,23/07/1999,0.281339
JPM,47896,QMLE-Trade,26/07/1999,0.281567
JPM,47896,QMLE-Trade,27/07/1999,0.21244
JPM,47896,QMLE-Trade,28/07/1999,0.26677
JPM,47896,QMLE-Trade,29/07/1999,0.250119
JPM,47896,QMLE-Trade,30/07/1999,0.263942
JPM,47896,QMLE-Trade,2/08/1999,0.258671
JPM,47896,QMLE-Trade,3/08/1999,0.192986
JPM,47896,QMLE-Trade,4/08/1999,0.286886
JPM,47896,QMLE-Trade,5/08/1999,0.323866
JPM,47896,QMLE-Trade,6/08/1999,0.309231
JPM,47896,QMLE-Trade,9/08/1999,0.282091
JPM,47896,QMLE-Trade,10/08/1999,0.442107
JPM,47896,QMLE-Trade,11/08/1999,0.213325
JPM,47896,QMLE-Trade,12/08/1999,0.125443
JPM,47896,QMLE-Trade,13/08/1999,0.319939
JPM,47896,QMLE-Trade,16/08/1999,0.226724
JPM,47896,QMLE-Trade,17/08/1999,0.166221
JPM,47896,QMLE-Trade,18/08/1999,0.254666
JPM,47896,QMLE-Trade,19/08/1999,0.279568
JPM,47896,QMLE-Trade,20/08/1999,0.255563
JPM,47896,QMLE-Trade,23/08/1999,0.20735
JPM,47896,QMLE-Trade,24/08/1999,0.434569
JPM,47896,QMLE-Trade,25/08/1999,0.310209
JPM,47896,QMLE-Trade,26/08/1999,0.477026
JPM,47896,QMLE-Trade,27/08/1999,0.365488
JPM,47896,QMLE-Trade,30/08/1999,0.329711
JPM,47896,QMLE-Trade,31/08/1999,0.457554
JPM,47896,QMLE-Trade,1/09/1999,0.321007
JPM,47896,QMLE-Trade,2/09/1999,0.311002
JPM,47896,QMLE-Trade,3/09/1999,0.32433
JPM,47896,QMLE-Trade,7/09/1999,0.318103
JPM,47896,QMLE-Trade,8/09/1999,0.364896
JPM,47896,QMLE-Trade,9/09/1999,0.612465
JPM,47896,QMLE-Trade,10/09/1999,0.291975
JPM,47896,QMLE-Trade,13/09/1999,0.230473
JPM,47896,QMLE-Trade,14/09/1999,0.193168
JPM,47896,QMLE-Trade,15/09/1999,0.265104
JPM,47896,QMLE-Trade,16/09/1999,0.315025
JPM,47896,QMLE-Trade,17/09/1999,0.239739
JPM,47896,QMLE-Trade,20/09/1999,0.232519
JPM,47896,QMLE-Trade,21/09/1999,0.27787
JPM,47896,QMLE-Trade,22/09/1999,0.530285
JPM,47896,QMLE-Trade,23/09/1999,0.419822
JPM,47896,QMLE-Trade,24/09/1999,0.34436
JPM,47896,QMLE-Trade,27/09/1999,0.248378
JPM,47896,QMLE-Trade,28/09/1999,0.360321
JPM,47896,QMLE-Trade,29/09/1999,0.213848
JPM,47896,QMLE-Trade,30/09/1999,0.292806
JPM,47896,QMLE-Trade,1/10/1999,0.371771
JPM,47896,QMLE-Trade,4/10/1999,0.273838
JPM,47896,QMLE-Trade,5/10/1999,0.551743
JPM,47896,QMLE-Trade,6/10/1999,0.285695
JPM,47896,QMLE-Trade,7/10/1999,0.241568
JPM,47896,QMLE-Trade,8/10/1999,0.315387
JPM,47896,QMLE-Trade,11/10/1999,0.283857
JPM,47896,QMLE-Trade,12/10/1999,0.218767
JPM,47896,QMLE-Trade,13/10/1999,0.361656
JPM,47896,QMLE-Trade,14/10/1999,0.49887
JPM,47896,QMLE-Trade,15/10/1999,0.387057
JPM,47896,QMLE-Trade,18/10/1999,0.378835
JPM,47896,QMLE-Trade,19/10/1999,0.379748
JPM,47896,QMLE-Trade,20/10/1999,0.330226
JPM,47896,QMLE-Trade,21/10/1999,0.380669
JPM,47896,QMLE-Trade,22/10/1999,0.311846
JPM,47896,QMLE-Trade,25/10/1999,0.319864
JPM,47896,QMLE-Trade,26/10/1999,0.369354
JPM,47896,QMLE-Trade,27/10/1999,0.341699
JPM,47896,QMLE-Trade,28/10/1999,0.419281
JPM,47896,QMLE-Trade,29/10/1999,0.306195
JPM,47896,QMLE-Trade,1/11/1999,0.414806
JPM,47896,QMLE-Trade,2/11/1999,0.310056
JPM,47896,QMLE-Trade,3/11/1999,0.291012
JPM,47896,QMLE-Trade,4/11/1999,0.317796
JPM,47896,QMLE-Trade,5/11/1999,0.344736
JPM,47896,QMLE-Trade,8/11/1999,0.218433
JPM,47896,QMLE-Trade,9/11/1999,0.268952
JPM,47896,QMLE-Trade,10/11/1999,0.307033
JPM,47896,QMLE-Trade,11/11/1999,0.283712
JPM,47896,QMLE-Trade,12/11/1999,0.28111
JPM,47896,QMLE-Trade,15/11/1999,0.266889
JPM,47896,QMLE-Trade,16/11/1999,0.38452
JPM,47896,QMLE-Trade,17/11/1999,0.29376
JPM,47896,QMLE-Trade,18/11/1999,0.305688
JPM,47896,QMLE-Trade,19/11/1999,0.342654
JPM,47896,QMLE-Trade,22/11/1999,0.21496
JPM,47896,QMLE-Trade,23/11/1999,0.317391
JPM,47896,QMLE-Trade,24/11/1999,0.247162
JPM,47896,QMLE-Trade,26/11/1999,0.292183
JPM,47896,QMLE-Trade,29/11/1999,0.337383
JPM,47896,QMLE-Trade,30/11/1999,0.392868
JPM,47896,QMLE-Trade,1/12/1999,0.278136
JPM,47896,QMLE-Trade,2/12/1999,0.353326
JPM,47896,QMLE-Trade,3/12/1999,0.341161
JPM,47896,QMLE-Trade,6/12/1999,0.429016
JPM,47896,QMLE-Trade,7/12/1999,0.359756
JPM,47896,QMLE-Trade,8/12/1999,0.259723
JPM,47896,QMLE-Trade,9/12/1999,0.463884
JPM,47896,QMLE-Trade,10/12/1999,0.271297
JPM,47896,QMLE-Trade,13/12/1999,0.227488
JPM,47896,QMLE-Trade,14/12/1999,0.314605
JPM,47896,QMLE-Trade,15/12/1999,0.456023
JPM,47896,QMLE-Trade,16/12/1999,0.378167
JPM,47896,QMLE-Trade,17/12/1999,0.374423
JPM,47896,QMLE-Trade,20/12/1999,0.205594
JPM,47896,QMLE-Trade,21/12/1999,0.456868
JPM,47896,QMLE-Trade,22/12/1999,0.248271
JPM,47896,QMLE-Trade,23/12/1999,0.190789
JPM,47896,QMLE-Trade,27/12/1999,0.324593
JPM,47896,QMLE-Trade,28/12/1999,0.163547
JPM,47896,QMLE-Trade,29/12/1999,0.191253
JPM,47896,QMLE-Trade,30/12/1999,0.240269
JPM,47896,QMLE-Trade,31/12/1999,0.128854
JPM,47896,QMLE-Trade,3/01/2000,0.340129
JPM,47896,QMLE-Trade,4/01/2000,0.488167
JPM,47896,QMLE-Trade,5/01/2000,0.52543
JPM,47896,QMLE-Trade,6/01/2000,0.512838
JPM,47896,QMLE-Trade,7/01/2000,0.457932
JPM,47896,QMLE-Trade,10/01/2000,0.305939
JPM,47896,QMLE-Trade,11/01/2000,0.336252
JPM,47896,QMLE-Trade,12/01/2000,0.241212
JPM,47896,QMLE-Trade,13/01/2000,0.29312
JPM,47896,QMLE-Trade,14/01/2000,0.429402
JPM,47896,QMLE-Trade,18/01/2000,0.483407
JPM,47896,QMLE-Trade,19/01/2000,0.410263
JPM,47896,QMLE-Trade,20/01/2000,0.434228
JPM,47896,QMLE-Trade,21/01/2000,0.236244
JPM,47896,QMLE-Trade,24/01/2000,0.355005
JPM,47896,QMLE-Trade,25/01/2000,0.418546
JPM,47896,QMLE-Trade,26/01/2000,0.372236
JPM,47896,QMLE-Trade,27/01/2000,0.361246
JPM,47896,QMLE-Trade,28/01/2000,0.397725
JPM,47896,QMLE-Trade,31/01/2000,0.403138
JPM,47896,QMLE-Trade,1/02/2000,0.360396
JPM,47896,QMLE-Trade,2/02/2000,0.469036
JPM,47896,QMLE-Trade,3/02/2000,0.491729
JPM,47896,QMLE-Trade,4/02/2000,0.27803
JPM,47896,QMLE-Trade,7/02/2000,0.192443
JPM,47896,QMLE-Trade,8/02/2000,0.291113
JPM,47896,QMLE-Trade,9/02/2000,0.455251
JPM,47896,QMLE-Trade,10/02/2000,0.30518
JPM,47896,QMLE-Trade,11/02/2000,0.346053
JPM,47896,QMLE-Trade,14/02/2000,0.348643
JPM,47896,QMLE-Trade,15/02/2000,0.41172
JPM,47896,QMLE-Trade,16/02/2000,0.310028
JPM,47896,QMLE-Trade,17/02/2000,0.459857
JPM,47896,QMLE-Trade,18/02/2000,0.308511
JPM,47896,QMLE-Trade,22/02/2000,0.423567
JPM,47896,QMLE-Trade,23/02/2000,0.38527
JPM,47896,QMLE-Trade,24/02/2000,0.417684
JPM,47896,QMLE-Trade,25/02/2000,0.421152
JPM,47896,QMLE-Trade,28/02/2000,0.48995
JPM,47896,QMLE-Trade,29/02/2000,0.36114
JPM,47896,QMLE-Trade,1/03/2000,0.309994
JPM,47896,QMLE-Trade,2/03/2000,0.229827
JPM,47896,QMLE-Trade,3/03/2000,0.470924
JPM,47896,QMLE-Trade,6/03/2000,0.247651
JPM,47896,QMLE-Trade,7/03/2000,0.390165
JPM,47896,QMLE-Trade,8/03/2000,0.452316
JPM,47896,QMLE-Trade,9/03/2000,0.374077
JPM,47896,QMLE-Trade,10/03/2000,0.440959
JPM,47896,QMLE-Trade,13/03/2000,0.461368
JPM,47896,QMLE-Trade,14/03/2000,0.364847
JPM,47896,QMLE-Trade,15/03/2000,0.582621
JPM,47896,QMLE-Trade,16/03/2000,0.472068
JPM,47896,QMLE-Trade,17/03/2000,0.473377
JPM,47896,QMLE-Trade,20/03/2000,0.501619
JPM,47896,QMLE-Trade,21/03/2000,0.467831
JPM,47896,QMLE-Trade,22/03/2000,0.458631
JPM,47896,QMLE-Trade,23/03/2000,0.512984
JPM,47896,QMLE-Trade,24/03/2000,0.56117
JPM,47896,QMLE-Trade,27/03/2000,0.307723
JPM,47896,QMLE-Trade,28/03/2000,0.399071
JPM,47896,QMLE-Trade,29/03/2000,0.407514
JPM,47896,QMLE-Trade,30/03/2000,0.511525
JPM,47896,QMLE-Trade,31/03/2000,0.389566
JPM,47896,QMLE-Trade,3/04/2000,0.497061
JPM,47896,QMLE-Trade,4/04/2000,0.846183
JPM,47896,QMLE-Trade,5/04/2000,0.513937
JPM,47896,QMLE-Trade,6/04/2000,0.336704
JPM,47896,QMLE-Trade,7/04/2000,0.315021
JPM,47896,QMLE-Trade,10/04/2000,0.369239
JPM,47896,QMLE-Trade,11/04/2000,0.369989
JPM,47896,QMLE-Trade,12/04/2000,0.656713
JPM,47896,QMLE-Trade,13/04/2000,0.303408
JPM,47896,QMLE-Trade,14/04/2000,0.63752
JPM,47896,QMLE-Trade,17/04/2000,0.632596
JPM,47896,QMLE-Trade,18/04/2000,0.388945
JPM,47896,QMLE-Trade,19/04/2000,0.582399
JPM,47896,QMLE-Trade,20/04/2000,0.309015
JPM,47896,QMLE-Trade,24/04/2000,0.341064
JPM,47896,QMLE-Trade,25/04/2000,0.376672
JPM,47896,QMLE-Trade,26/04/2000,0.289689
JPM,47896,QMLE-Trade,27/04/2000,0.318797
JPM,47896,QMLE-Trade,28/04/2000,0.335114
JPM,47896,QMLE-Trade,1/05/2000,0.439821
JPM,47896,QMLE-Trade,2/05/2000,0.371947
JPM,47896,QMLE-Trade,3/05/2000,0.377194
JPM,47896,QMLE-Trade,4/05/2000,0.337028
JPM,47896,QMLE-Trade,5/05/2000,0.389621
JPM,47896,QMLE-Trade,8/05/2000,0.311157
JPM,47896,QMLE-Trade,9/05/2000,0.302942
JPM,47896,QMLE-Trade,10/05/2000,0.279171
JPM,47896,QMLE-Trade,11/05/2000,0.31653
JPM,47896,QMLE-Trade,12/05/2000,0.534403
JPM,47896,QMLE-Trade,15/05/2000,0.375155
JPM,47896,QMLE-Trade,16/05/2000,0.489148
JPM,47896,QMLE-Trade,17/05/2000,0.327577
JPM,47896,QMLE-Trade,18/05/2000,0.304305
JPM,47896,QMLE-Trade,19/05/2000,0.34807
JPM,47896,QMLE-Trade,22/05/2000,0.427459
JPM,47896,QMLE-Trade,23/05/2000,0.396696
JPM,47896,QMLE-Trade,24/05/2000,0.424227
JPM,47896,QMLE-Trade,25/05/2000,0.433297
JPM,47896,QMLE-Trade,26/05/2000,0.41169
JPM,47896,QMLE-Trade,30/05/2000,0.260276
JPM,47896,QMLE-Trade,31/05/2000,0.388785
JPM,47896,QMLE-Trade,1/06/2000,0.383698
JPM,47896,QMLE-Trade,2/06/2000,0.282839
JPM,47896,QMLE-Trade,5/06/2000,0.29803
JPM,47896,QMLE-Trade,6/06/2000,0.322413
JPM,47896,QMLE-Trade,7/06/2000,0.347595
JPM,47896,QMLE-Trade,8/06/2000,0.285078
JPM,47896,QMLE-Trade,9/06/2000,0.688822
JPM,47896,QMLE-Trade,12/06/2000,0.387951
JPM,47896,QMLE-Trade,13/06/2000,0.367694
JPM,47896,QMLE-Trade,14/06/2000,0.296202
JPM,47896,QMLE-Trade,15/06/2000,0.504448
JPM,47896,QMLE-Trade,16/06/2000,0.562078
JPM,47896,QMLE-Trade,19/06/2000,0.375155
JPM,47896,QMLE-Trade,20/06/2000,0.369646
JPM,47896,QMLE-Trade,21/06/2000,0.363879
JPM,47896,QMLE-Trade,22/06/2000,0.36174
JPM,47896,QMLE-Trade,23/06/2000,0.364488
JPM,47896,QMLE-Trade,26/06/2000,0.374089
JPM,47896,QMLE-Trade,27/06/2000,0.259125
JPM,47896,QMLE-Trade,28/06/2000,0.378598
JPM,47896,QMLE-Trade,29/06/2000,0.506513
JPM,47896,QMLE-Trade,30/06/2000,0.471893
JPM,47896,QMLE-Trade,3/07/2000,0.444268
JPM,47896,QMLE-Trade,5/07/2000,0.387808
JPM,47896,QMLE-Trade,6/07/2000,0.282616
JPM,47896,QMLE-Trade,7/07/2000,0.404774
JPM,47896,QMLE-Trade,10/07/2000,0.27608
JPM,47896,QMLE-Trade,11/07/2000,0.414548
JPM,47896,QMLE-Trade,12/07/2000,0.352617
JPM,47896,QMLE-Trade,13/07/2000,0.327551
JPM,47896,QMLE-Trade,14/07/2000,0.277838
JPM,47896,QMLE-Trade,17/07/2000,0.373807
JPM,47896,QMLE-Trade,18/07/2000,0.296056
JPM,47896,QMLE-Trade,19/07/2000,0.393437
JPM,47896,QMLE-Trade,20/07/2000,0.438099
JPM,47896,QMLE-Trade,21/07/2000,0.474997
JPM,47896,QMLE-Trade,24/07/2000,0.386452
JPM,47896,QMLE-Trade,25/07/2000,0.193855
JPM,47896,QMLE-Trade,26/07/2000,0.418054
JPM,47896,QMLE-Trade,27/07/2000,0.474137
JPM,47896,QMLE-Trade,28/07/2000,0.381057
JPM,47896,QMLE-Trade,31/07/2000,0.327773
JPM,47896,QMLE-Trade,1/08/2000,0.536136
JPM,47896,QMLE-Trade,2/08/2000,0.375724
JPM,47896,QMLE-Trade,3/08/2000,0.268258
JPM,47896,QMLE-Trade,4/08/2000,0.409529
JPM,47896,QMLE-Trade,7/08/2000,0.346473
JPM,47896,QMLE-Trade,8/08/2000,0.298801
JPM,47896,QMLE-Trade,9/08/2000,0.390472
JPM,47896,QMLE-Trade,10/08/2000,0.31917
JPM,47896,QMLE-Trade,11/08/2000,0.314215
JPM,47896,QMLE-Trade,14/08/2000,0.255267
JPM,47896,QMLE-Trade,15/08/2000,0.341918
JPM,47896,QMLE-Trade,16/08/2000,0.34615
JPM,47896,QMLE-Trade,17/08/2000,0.295048
JPM,47896,QMLE-Trade,18/08/2000,0.270991
JPM,47896,QMLE-Trade,21/08/2000,0.195078
JPM,47896,QMLE-Trade,22/08/2000,0.461395
JPM,47896,QMLE-Trade,23/08/2000,0.352774
JPM,47896,QMLE-Trade,24/08/2000,0.274206
JPM,47896,QMLE-Trade,25/08/2000,0.296644
JPM,47896,QMLE-Trade,28/08/2000,0.21136
JPM,47896,QMLE-Trade,29/08/2000,0.296933
JPM,47896,QMLE-Trade,30/08/2000,0.340686
JPM,47896,QMLE-Trade,31/08/2000,0.352001
JPM,47896,QMLE-Trade,1/09/2000,0.403736
JPM,47896,QMLE-Trade,5/09/2000,0.315108
JPM,47896,QMLE-Trade,6/09/2000,0.411109
JPM,47896,QMLE-Trade,7/09/2000,0.254749
JPM,47896,QMLE-Trade,8/09/2000,0.269083
JPM,47896,QMLE-Trade,11/09/2000,0.275446
JPM,47896,QMLE-Trade,12/09/2000,0.317443
JPM,47896,QMLE-Trade,13/09/2000,0.306422
JPM,47896,QMLE-Trade,14/09/2000,0.291877
JPM,47896,QMLE-Trade,15/09/2000,0.290548
JPM,47896,QMLE-Trade,18/09/2000,0.301649
JPM,47896,QMLE-Trade,19/09/2000,0.350819
JPM,47896,QMLE-Trade,20/09/2000,0.417757
JPM,47896,QMLE-Trade,21/09/2000,0.364871
JPM,47896,QMLE-Trade,22/09/2000,0.38608
JPM,47896,QMLE-Trade,25/09/2000,0.366427
JPM,47896,QMLE-Trade,26/09/2000,0.380647
JPM,47896,QMLE-Trade,27/09/2000,0.36864
JPM,47896,QMLE-Trade,28/09/2000,0.33775
JPM,47896,QMLE-Trade,29/09/2000,0.404348
JPM,47896,QMLE-Trade,2/10/2000,0.304073
JPM,47896,QMLE-Trade,3/10/2000,0.376221
JPM,47896,QMLE-Trade,4/10/2000,0.329874
JPM,47896,QMLE-Trade,5/10/2000,0.405442
JPM,47896,QMLE-Trade,6/10/2000,0.516056
JPM,47896,QMLE-Trade,9/10/2000,0.405146
JPM,47896,QMLE-Trade,10/10/2000,0.487513
JPM,47896,QMLE-Trade,11/10/2000,0.684062
JPM,47896,QMLE-Trade,12/10/2000,0.775693
JPM,47896,QMLE-Trade,13/10/2000,0.487497
JPM,47896,QMLE-Trade,16/10/2000,0.508149
JPM,47896,QMLE-Trade,17/10/2000,0.545942
JPM,47896,QMLE-Trade,18/10/2000,1.08191
JPM,47896,QMLE-Trade,19/10/2000,0.633706
JPM,47896,QMLE-Trade,20/10/2000,0.443909
JPM,47896,QMLE-Trade,23/10/2000,0.354769
JPM,47896,QMLE-Trade,24/10/2000,0.39904
JPM,47896,QMLE-Trade,25/10/2000,0.584112
JPM,47896,QMLE-Trade,26/10/2000,0.545514
JPM,47896,QMLE-Trade,27/10/2000,0.500544
JPM,47896,QMLE-Trade,30/10/2000,0.418079
JPM,47896,QMLE-Trade,31/10/2000,0.375813
JPM,47896,QMLE-Trade,1/11/2000,0.438119
JPM,47896,QMLE-Trade,2/11/2000,0.291235
JPM,47896,QMLE-Trade,3/11/2000,0.368404
JPM,47896,QMLE-Trade,6/11/2000,0.221046
JPM,47896,QMLE-Trade,7/11/2000,0.264758
JPM,47896,QMLE-Trade,8/11/2000,0.331842
JPM,47896,QMLE-Trade,9/11/2000,0.544936
JPM,47896,QMLE-Trade,10/11/2000,0.448201
JPM,47896,QMLE-Trade,13/11/2000,0.490679
JPM,47896,QMLE-Trade,14/11/2000,0.541658
JPM,47896,QMLE-Trade,15/11/2000,0.566457
JPM,47896,QMLE-Trade,16/11/2000,0.426798
JPM,47896,QMLE-Trade,17/11/2000,0.394496
JPM,47896,QMLE-Trade,20/11/2000,0.400067
JPM,47896,QMLE-Trade,21/11/2000,0.370236
JPM,47896,QMLE-Trade,22/11/2000,0.454146
JPM,47896,QMLE-Trade,24/11/2000,0.495746
JPM,47896,QMLE-Trade,27/11/2000,0.250378
JPM,47896,QMLE-Trade,28/11/2000,0.696923
JPM,47896,QMLE-Trade,29/11/2000,0.463393
JPM,47896,QMLE-Trade,30/11/2000,0.724383
JPM,47896,QMLE-Trade,1/12/2000,0.556131
JPM,47896,QMLE-Trade,4/12/2000,0.412255
JPM,47896,QMLE-Trade,5/12/2000,0.547072
JPM,47896,QMLE-Trade,6/12/2000,0.864296
JPM,47896,QMLE-Trade,7/12/2000,0.499904
JPM,47896,QMLE-Trade,8/12/2000,0.430064
JPM,47896,QMLE-Trade,11/12/2000,0.460162
JPM,47896,QMLE-Trade,12/12/2000,0.38846
JPM,47896,QMLE-Trade,13/12/2000,0.388108
JPM,47896,QMLE-Trade,14/12/2000,0.525187
JPM,47896,QMLE-Trade,15/12/2000,0.420294
JPM,47896,QMLE-Trade,18/12/2000,0.424499
JPM,47896,QMLE-Trade,19/12/2000,0.657784
JPM,47896,QMLE-Trade,20/12/2000,0.478208
JPM,47896,QMLE-Trade,21/12/2000,0.435288
JPM,47896,QMLE-Trade,22/12/2000,0.388423
JPM,47896,QMLE-Trade,26/12/2000,0.342097
JPM,47896,QMLE-Trade,27/12/2000,0.30806
JPM,47896,QMLE-Trade,28/12/2000,0.285105
JPM,47896,QMLE-Trade,29/12/2000,0.520889
JPM,47896,QMLE-Trade,1/02/2001,0.320347
JPM,47896,QMLE-Trade,2/02/2001,0.299061
JPM,47896,QMLE-Trade,5/02/2001,0.251371
JPM,47896,QMLE-Trade,6/02/2001,0.310966
JPM,47896,QMLE-Trade,7/02/2001,0.337183
JPM,47896,QMLE-Trade,8/02/2001,0.271975
JPM,47896,QMLE-Trade,9/02/2001,0.240193
JPM,47896,QMLE-Trade,12/02/2001,0.297398
JPM,47896,QMLE-Trade,13/02/2001,0.380942
JPM,47896,QMLE-Trade,14/02/2001,0.244217
JPM,47896,QMLE-Trade,15/02/2001,0.332323
JPM,47896,QMLE-Trade,16/02/2001,0.348702
JPM,47896,QMLE-Trade,20/02/2001,0.361266
JPM,47896,QMLE-Trade,21/02/2001,0.559202
JPM,47896,QMLE-Trade,22/02/2001,0.681589
JPM,47896,QMLE-Trade,23/02/2001,0.659645
JPM,47896,QMLE-Trade,26/02/2001,0.455251
JPM,47896,QMLE-Trade,27/02/2001,0.643249
JPM,47896,QMLE-Trade,28/02/2001,0.695394
JPM,47896,QMLE-Trade,1/03/2001,0.406293
JPM,47896,QMLE-Trade,2/03/2001,0.604973
JPM,47896,QMLE-Trade,5/03/2001,0.394802
JPM,47896,QMLE-Trade,6/03/2001,0.369044
JPM,47896,QMLE-Trade,7/03/2001,0.358392
JPM,47896,QMLE-Trade,8/03/2001,0.329564
JPM,47896,QMLE-Trade,9/03/2001,0.428441
JPM,47896,QMLE-Trade,12/03/2001,0.54499
JPM,47896,QMLE-Trade,13/03/2001,0.49659
JPM,47896,QMLE-Trade,14/03/2001,0.778568
JPM,47896,QMLE-Trade,15/03/2001,0.460547
JPM,47896,QMLE-Trade,16/03/2001,0.427144
JPM,47896,QMLE-Trade,19/03/2001,0.415109
JPM,47896,QMLE-Trade,20/03/2001,0.675294
JPM,47896,QMLE-Trade,21/03/2001,0.736575
JPM,47896,QMLE-Trade,22/03/2001,0.872239
JPM,47896,QMLE-Trade,23/03/2001,0.559703
JPM,47896,QMLE-Trade,26/03/2001,0.367502
JPM,47896,QMLE-Trade,27/03/2001,0.525265
JPM,47896,QMLE-Trade,28/03/2001,0.36465
JPM,47896,QMLE-Trade,29/03/2001,0.447969
JPM,47896,QMLE-Trade,30/03/2001,0.405032
JPM,47896,QMLE-Trade,2/04/2001,0.471591
JPM,47896,QMLE-Trade,3/04/2001,0.52396
JPM,47896,QMLE-Trade,4/04/2001,0.753346
JPM,47896,QMLE-Trade,5/04/2001,0.353064
JPM,47896,QMLE-Trade,6/04/2001,0.693386
JPM,47896,QMLE-Trade,9/04/2001,0.503425
JPM,47896,QMLE-Trade,10/04/2001,0.488219
JPM,47896,QMLE-Trade,11/04/2001,0.563669
JPM,47896,QMLE-Trade,12/04/2001,0.48084
JPM,47896,QMLE-Trade,16/04/2001,0.330528
JPM,47896,QMLE-Trade,17/04/2001,0.397392
JPM,47896,QMLE-Trade,18/04/2001,0.818276
JPM,47896,QMLE-Trade,19/04/2001,0.389273
JPM,47896,QMLE-Trade,20/04/2001,0.423324
JPM,47896,QMLE-Trade,23/04/2001,0.302838
JPM,47896,QMLE-Trade,24/04/2001,0.287039
JPM,47896,QMLE-Trade,25/04/2001,0.408356
JPM,47896,QMLE-Trade,26/04/2001,0.307984
JPM,47896,QMLE-Trade,27/04/2001,0.211541
JPM,47896,QMLE-Trade,30/04/2001,0.407396
JPM,47896,QMLE-Trade,1/05/2001,0.39751
JPM,47896,QMLE-Trade,2/05/2001,0.371477
JPM,47896,QMLE-Trade,3/05/2001,0.222753
JPM,47896,QMLE-Trade,4/05/2001,0.25611
JPM,47896,QMLE-Trade,7/05/2001,0.289593
JPM,47896,QMLE-Trade,8/05/2001,0.211109
JPM,47896,QMLE-Trade,9/05/2001,0.196505
JPM,47896,QMLE-Trade,10/05/2001,0.211662
JPM,47896,QMLE-Trade,11/05/2001,0.270854
JPM,47896,QMLE-Trade,14/05/2001,0.325616
JPM,47896,QMLE-Trade,15/05/2001,0.376272
JPM,47896,QMLE-Trade,16/05/2001,0.31328
JPM,47896,QMLE-Trade,17/05/2001,0.315495
JPM,47896,QMLE-Trade,18/05/2001,0.234183
JPM,47896,QMLE-Trade,21/05/2001,0.272155
JPM,47896,QMLE-Trade,22/05/2001,0.223749
JPM,47896,QMLE-Trade,23/05/2001,0.31014
JPM,47896,QMLE-Trade,24/05/2001,0.345211
JPM,47896,QMLE-Trade,25/05/2001,0.247862
JPM,47896,QMLE-Trade,29/05/2001,0.287195
JPM,47896,QMLE-Trade,30/05/2001,0.298453
JPM,47896,QMLE-Trade,31/05/2001,0.336253
JPM,47896,QMLE-Trade,1/06/2001,0.221241
JPM,47896,QMLE-Trade,4/06/2001,0.178818
JPM,47896,QMLE-Trade,5/06/2001,0.193234
JPM,47896,QMLE-Trade,6/06/2001,0.212735
JPM,47896,QMLE-Trade,7/06/2001,0.331825
JPM,47896,QMLE-Trade,8/06/2001,0.268563
JPM,47896,QMLE-Trade,11/06/2001,0.212431
JPM,47896,QMLE-Trade,12/06/2001,0.326188
JPM,47896,QMLE-Trade,13/06/2001,0.313814
JPM,47896,QMLE-Trade,14/06/2001,0.334283
JPM,47896,QMLE-Trade,15/06/2001,0.341091
JPM,47896,QMLE-Trade,18/06/2001,0.337689
JPM,47896,QMLE-Trade,19/06/2001,0.336217
JPM,47896,QMLE-Trade,20/06/2001,0.35927
JPM,47896,QMLE-Trade,21/06/2001,0.351246
JPM,47896,QMLE-Trade,22/06/2001,0.384342
JPM,47896,QMLE-Trade,25/06/2001,0.29429
JPM,47896,QMLE-Trade,26/06/2001,0.389264
JPM,47896,QMLE-Trade,27/06/2001,0.304699
JPM,47896,QMLE-Trade,28/06/2001,0.302027
JPM,47896,QMLE-Trade,29/06/2001,0.317863
JPM,47896,QMLE-Trade,2/07/2001,0.289964
JPM,47896,QMLE-Trade,3/07/2001,0.220926
JPM,47896,QMLE-Trade,5/07/2001,0.267581
JPM,47896,QMLE-Trade,6/07/2001,0.303807
JPM,47896,QMLE-Trade,9/07/2001,0.224315
JPM,47896,QMLE-Trade,10/07/2001,0.282681
JPM,47896,QMLE-Trade,11/07/2001,0.410965
JPM,47896,QMLE-Trade,12/07/2001,0.284974
JPM,47896,QMLE-Trade,13/07/2001,0.252172
JPM,47896,QMLE-Trade,16/07/2001,0.357589
JPM,47896,QMLE-Trade,17/07/2001,0.349834
JPM,47896,QMLE-Trade,18/07/2001,0.568857
JPM,47896,QMLE-Trade,19/07/2001,0.403611
JPM,47896,QMLE-Trade,20/07/2001,0.235062
JPM,47896,QMLE-Trade,23/07/2001,0.254356
JPM,47896,QMLE-Trade,24/07/2001,0.25117
JPM,47896,QMLE-Trade,25/07/2001,0.314364
JPM,47896,QMLE-Trade,26/07/2001,0.252184
JPM,47896,QMLE-Trade,27/07/2001,0.248049
JPM,47896,QMLE-Trade,30/07/2001,0.177249
JPM,47896,QMLE-Trade,31/07/2001,0.267376
JPM,47896,QMLE-Trade,1/08/2001,0.254576
JPM,47896,QMLE-Trade,2/08/2001,0.2754
JPM,47896,QMLE-Trade,3/08/2001,0.269164
JPM,47896,QMLE-Trade,6/08/2001,0.192208
JPM,47896,QMLE-Trade,7/08/2001,0.249538
JPM,47896,QMLE-Trade,8/08/2001,0.206369
JPM,47896,QMLE-Trade,9/08/2001,0.307033
JPM,47896,QMLE-Trade,10/08/2001,0.317212
JPM,47896,QMLE-Trade,13/08/2001,0.212001
JPM,47896,QMLE-Trade,14/08/2001,0.190821
JPM,47896,QMLE-Trade,15/08/2001,0.176133
JPM,47896,QMLE-Trade,16/08/2001,0.2082
JPM,47896,QMLE-Trade,17/08/2001,0.241009
JPM,47896,QMLE-Trade,20/08/2001,0.214261
JPM,47896,QMLE-Trade,21/08/2001,0.236866
JPM,47896,QMLE-Trade,22/08/2001,0.254297
JPM,47896,QMLE-Trade,23/08/2001,0.164889
JPM,47896,QMLE-Trade,24/08/2001,0.274611
JPM,47896,QMLE-Trade,27/08/2001,0.246963
JPM,47896,QMLE-Trade,28/08/2001,0.227397
JPM,47896,QMLE-Trade,29/08/2001,0.23624
JPM,47896,QMLE-Trade,30/08/2001,0.210362
JPM,47896,QMLE-Trade,31/08/2001,0.249504
JPM,47896,QMLE-Trade,4/09/2001,0.375883
JPM,47896,QMLE-Trade,5/09/2001,0.441352
JPM,47896,QMLE-Trade,6/09/2001,0.458785
JPM,47896,QMLE-Trade,7/09/2001,0.542097
JPM,47896,QMLE-Trade,10/09/2001,0.506096
JPM,47896,QMLE-Trade,17/09/2001,0.613398
JPM,47896,QMLE-Trade,18/09/2001,0.378746
JPM,47896,QMLE-Trade,19/09/2001,0.825547
JPM,47896,QMLE-Trade,20/09/2001,0.666682
JPM,47896,QMLE-Trade,21/09/2001,0.927942
JPM,47896,QMLE-Trade,24/09/2001,0.43267
JPM,47896,QMLE-Trade,25/09/2001,0.453406
JPM,47896,QMLE-Trade,26/09/2001,0.559676
JPM,47896,QMLE-Trade,27/09/2001,0.404191
JPM,47896,QMLE-Trade,28/09/2001,0.442255
JPM,47896,QMLE-Trade,1/10/2001,0.439999
JPM,47896,QMLE-Trade,2/10/2001,0.429616
JPM,47896,QMLE-Trade,3/10/2001,0.458744
JPM,47896,QMLE-Trade,4/10/2001,0.493138
JPM,47896,QMLE-Trade,5/10/2001,0.488138
JPM,47896,QMLE-Trade,8/10/2001,0.458179
JPM,47896,QMLE-Trade,9/10/2001,0.377015
JPM,47896,QMLE-Trade,10/10/2001,0.393746
JPM,47896,QMLE-Trade,11/10/2001,0.435063
JPM,47896,QMLE-Trade,12/10/2001,0.347865
JPM,47896,QMLE-Trade,15/10/2001,0.427002
JPM,47896,QMLE-Trade,16/10/2001,0.389824
JPM,47896,QMLE-Trade,17/10/2001,0.545089
JPM,47896,QMLE-Trade,18/10/2001,0.397455
JPM,47896,QMLE-Trade,19/10/2001,0.441797
JPM,47896,QMLE-Trade,22/10/2001,0.393697
JPM,47896,QMLE-Trade,23/10/2001,0.317463
JPM,47896,QMLE-Trade,24/10/2001,0.3175
JPM,47896,QMLE-Trade,25/10/2001,0.385545
JPM,47896,QMLE-Trade,26/10/2001,0.442876
JPM,47896,QMLE-Trade,29/10/2001,0.310564
JPM,47896,QMLE-Trade,30/10/2001,0.42522
JPM,47896,QMLE-Trade,31/10/2001,0.380689
JPM,47896,QMLE-Trade,1/11/2001,0.432369
JPM,47896,QMLE-Trade,2/11/2001,0.346486
JPM,47896,QMLE-Trade,5/11/2001,0.328297
JPM,47896,QMLE-Trade,6/11/2001,0.456169
JPM,47896,QMLE-Trade,7/11/2001,0.400993
JPM,47896,QMLE-Trade,8/11/2001,0.344345
JPM,47896,QMLE-Trade,9/11/2001,0.358095
JPM,47896,QMLE-Trade,12/11/2001,0.584331
JPM,47896,QMLE-Trade,13/11/2001,0.250339
JPM,47896,QMLE-Trade,14/11/2001,0.298134
JPM,47896,QMLE-Trade,15/11/2001,0.347739
JPM,47896,QMLE-Trade,16/11/2001,0.216844
JPM,47896,QMLE-Trade,19/11/2001,0.228792
JPM,47896,QMLE-Trade,20/11/2001,0.228922
JPM,47896,QMLE-Trade,21/11/2001,0.250145
JPM,47896,QMLE-Trade,23/11/2001,0.186312
JPM,47896,QMLE-Trade,26/11/2001,0.164375
JPM,47896,QMLE-Trade,27/11/2001,0.260639
JPM,47896,QMLE-Trade,28/11/2001,0.444534
JPM,47896,QMLE-Trade,29/11/2001,0.264318
JPM,47896,QMLE-Trade,30/11/2001,0.274681
JPM,47896,QMLE-Trade,3/12/2001,0.28745
JPM,47896,QMLE-Trade,4/12/2001,0.331515
JPM,47896,QMLE-Trade,5/12/2001,0.353457
JPM,47896,QMLE-Trade,6/12/2001,0.33964
JPM,47896,QMLE-Trade,7/12/2001,0.255594
JPM,47896,QMLE-Trade,10/12/2001,0.300416
JPM,47896,QMLE-Trade,11/12/2001,0.371089
JPM,47896,QMLE-Trade,12/12/2001,0.324227
JPM,47896,QMLE-Trade,13/12/2001,0.349637
JPM,47896,QMLE-Trade,14/12/2001,0.378668
JPM,47896,QMLE-Trade,17/12/2001,0.301157
JPM,47896,QMLE-Trade,18/12/2001,0.287756
JPM,47896,QMLE-Trade,19/12/2001,0.404289
JPM,47896,QMLE-Trade,20/12/2001,0.355935
JPM,47896,QMLE-Trade,21/12/2001,0.379185
JPM,47896,QMLE-Trade,24/12/2001,0.131034
JPM,47896,QMLE-Trade,26/12/2001,0.231061
JPM,47896,QMLE-Trade,27/12/2001,0.263692
JPM,47896,QMLE-Trade,28/12/2001,0.227959
JPM,47896,QMLE-Trade,31/12/2001,0.17386
JPM,47896,QMLE-Trade,2/01/2002,0.24278
JPM,47896,QMLE-Trade,3/01/2002,0.23199
JPM,47896,QMLE-Trade,4/01/2002,0.323575
JPM,47896,QMLE-Trade,7/01/2002,0.310132
JPM,47896,QMLE-Trade,8/01/2002,0.276015
JPM,47896,QMLE-Trade,9/01/2002,0.269427
JPM,47896,QMLE-Trade,10/01/2002,0.222039
JPM,47896,QMLE-Trade,11/01/2002,0.318677
JPM,47896,QMLE-Trade,14/01/2002,0.311204
JPM,47896,QMLE-Trade,15/01/2002,0.259443
JPM,47896,QMLE-Trade,16/01/2002,0.538345
JPM,47896,QMLE-Trade,17/01/2002,0.320976
JPM,47896,QMLE-Trade,18/01/2002,0.264537
JPM,47896,QMLE-Trade,22/01/2002,0.265955
JPM,47896,QMLE-Trade,23/01/2002,0.343668
JPM,47896,QMLE-Trade,24/01/2002,0.233163
JPM,47896,QMLE-Trade,25/01/2002,0.307802
JPM,47896,QMLE-Trade,28/01/2002,0.343444
JPM,47896,QMLE-Trade,29/01/2002,0.520515
JPM,47896,QMLE-Trade,30/01/2002,0.695613
JPM,47896,QMLE-Trade,31/01/2002,0.364892
JPM,47896,QMLE-Trade,1/02/2002,0.512339
JPM,47896,QMLE-Trade,4/02/2002,0.472045
JPM,47896,QMLE-Trade,5/02/2002,0.908938
JPM,47896,QMLE-Trade,6/02/2002,0.683586
JPM,47896,QMLE-Trade,7/02/2002,0.516644
JPM,47896,QMLE-Trade,8/02/2002,0.507917
JPM,47896,QMLE-Trade,11/02/2002,0.406532
JPM,47896,QMLE-Trade,12/02/2002,0.284889
JPM,47896,QMLE-Trade,13/02/2002,0.618579
JPM,47896,QMLE-Trade,14/02/2002,0.543127
JPM,47896,QMLE-Trade,15/02/2002,0.390457
JPM,47896,QMLE-Trade,19/02/2002,0.41664
JPM,47896,QMLE-Trade,20/02/2002,0.5217
JPM,47896,QMLE-Trade,21/02/2002,0.410975
JPM,47896,QMLE-Trade,22/02/2002,0.76269
JPM,47896,QMLE-Trade,25/02/2002,0.41157
JPM,47896,QMLE-Trade,26/02/2002,0.51708
JPM,47896,QMLE-Trade,27/02/2002,0.469919
JPM,47896,QMLE-Trade,28/02/2002,0.340889
JPM,47896,QMLE-Trade,1/03/2002,0.359872
JPM,47896,QMLE-Trade,4/03/2002,0.431248
JPM,47896,QMLE-Trade,5/03/2002,0.589598
JPM,47896,QMLE-Trade,6/03/2002,0.377705
JPM,47896,QMLE-Trade,7/03/2002,0.378658
JPM,47896,QMLE-Trade,8/03/2002,0.299238
JPM,47896,QMLE-Trade,11/03/2002,0.310324
JPM,47896,QMLE-Trade,12/03/2002,0.298936
JPM,47896,QMLE-Trade,13/03/2002,0.375366
JPM,47896,QMLE-Trade,14/03/2002,0.331529
JPM,47896,QMLE-Trade,15/03/2002,0.295634
JPM,47896,QMLE-Trade,18/03/2002,0.286028
JPM,47896,QMLE-Trade,19/03/2002,0.245537
JPM,47896,QMLE-Trade,20/03/2002,0.176105
JPM,47896,QMLE-Trade,21/03/2002,0.339793
JPM,47896,QMLE-Trade,22/03/2002,0.316944
JPM,47896,QMLE-Trade,25/03/2002,0.300173
JPM,47896,QMLE-Trade,26/03/2002,0.324526
JPM,47896,QMLE-Trade,27/03/2002,0.325599
JPM,47896,QMLE-Trade,28/03/2002,0.313331
JPM,47896,QMLE-Trade,1/04/2002,0.303117
JPM,47896,QMLE-Trade,2/04/2002,0.307193
JPM,47896,QMLE-Trade,3/04/2002,0.277113
JPM,47896,QMLE-Trade,4/04/2002,0.256977
JPM,47896,QMLE-Trade,5/04/2002,0.2631
JPM,47896,QMLE-Trade,8/04/2002,0.304639
JPM,47896,QMLE-Trade,9/04/2002,0.264455
JPM,47896,QMLE-Trade,10/04/2002,0.288516
JPM,47896,QMLE-Trade,11/04/2002,0.464382
JPM,47896,QMLE-Trade,12/04/2002,0.309114
JPM,47896,QMLE-Trade,15/04/2002,0.392036
JPM,47896,QMLE-Trade,16/04/2002,0.275829
JPM,47896,QMLE-Trade,17/04/2002,0.348758
JPM,47896,QMLE-Trade,18/04/2002,0.353258
JPM,47896,QMLE-Trade,19/04/2002,0.258194
JPM,47896,QMLE-Trade,22/04/2002,0.272974
JPM,47896,QMLE-Trade,23/04/2002,0.327842
JPM,47896,QMLE-Trade,24/04/2002,0.246199
JPM,47896,QMLE-Trade,25/04/2002,0.370437
JPM,47896,QMLE-Trade,26/04/2002,0.27006
JPM,47896,QMLE-Trade,29/04/2002,0.387958
JPM,47896,QMLE-Trade,30/04/2002,0.402593
JPM,47896,QMLE-Trade,1/05/2002,0.470332
JPM,47896,QMLE-Trade,2/05/2002,0.353421
JPM,47896,QMLE-Trade,3/05/2002,0.381568
JPM,47896,QMLE-Trade,6/05/2002,0.298737
JPM,47896,QMLE-Trade,7/05/2002,0.341992
JPM,47896,QMLE-Trade,8/05/2002,0.252601
JPM,47896,QMLE-Trade,9/05/2002,0.316603
JPM,47896,QMLE-Trade,10/05/2002,0.330076
JPM,47896,QMLE-Trade,13/05/2002,0.265447
JPM,47896,QMLE-Trade,14/05/2002,0.311235
JPM,47896,QMLE-Trade,15/05/2002,0.350918
JPM,47896,QMLE-Trade,16/05/2002,0.281915
JPM,47896,QMLE-Trade,17/05/2002,0.262052
JPM,47896,QMLE-Trade,20/05/2002,0.211082
JPM,47896,QMLE-Trade,21/05/2002,0.329332
JPM,47896,QMLE-Trade,22/05/2002,0.315025
JPM,47896,QMLE-Trade,23/05/2002,0.347721
JPM,47896,QMLE-Trade,24/05/2002,0.259002
JPM,47896,QMLE-Trade,28/05/2002,0.273018
JPM,47896,QMLE-Trade,29/05/2002,0.251319
JPM,47896,QMLE-Trade,30/05/2002,0.340327
JPM,47896,QMLE-Trade,31/05/2002,0.340015
JPM,47896,QMLE-Trade,3/06/2002,0.281379
JPM,47896,QMLE-Trade,4/06/2002,0.412861
JPM,47896,QMLE-Trade,5/06/2002,0.317159
JPM,47896,QMLE-Trade,6/06/2002,0.364023
JPM,47896,QMLE-Trade,7/06/2002,0.452131
JPM,47896,QMLE-Trade,10/06/2002,0.363699
JPM,47896,QMLE-Trade,11/06/2002,0.39243
JPM,47896,QMLE-Trade,12/06/2002,0.553847
JPM,47896,QMLE-Trade,13/06/2002,0.42519
JPM,47896,QMLE-Trade,14/06/2002,0.617248
JPM,47896,QMLE-Trade,17/06/2002,0.418593
JPM,47896,QMLE-Trade,18/06/2002,0.411919
JPM,47896,QMLE-Trade,19/06/2002,0.360353
JPM,47896,QMLE-Trade,20/06/2002,0.362548
JPM,47896,QMLE-Trade,21/06/2002,0.459667
JPM,47896,QMLE-Trade,24/06/2002,0.598986
JPM,47896,QMLE-Trade,25/06/2002,0.44723
JPM,47896,QMLE-Trade,26/06/2002,0.801033
JPM,47896,QMLE-Trade,27/06/2002,0.563622
JPM,47896,QMLE-Trade,28/06/2002,0.401285
JPM,47896,QMLE-Trade,1/07/2002,0.440044
JPM,47896,QMLE-Trade,2/07/2002,0.591624
JPM,47896,QMLE-Trade,3/07/2002,0.467564
JPM,47896,QMLE-Trade,5/07/2002,0.544866
JPM,47896,QMLE-Trade,8/07/2002,0.403781
JPM,47896,QMLE-Trade,9/07/2002,0.391192
JPM,47896,QMLE-Trade,10/07/2002,0.572208
JPM,47896,QMLE-Trade,11/07/2002,0.735588
JPM,47896,QMLE-Trade,12/07/2002,0.602362
JPM,47896,QMLE-Trade,15/07/2002,0.550945
JPM,47896,QMLE-Trade,16/07/2002,0.660071
JPM,47896,QMLE-Trade,17/07/2002,0.600822
JPM,47896,QMLE-Trade,18/07/2002,0.473897
JPM,47896,QMLE-Trade,19/07/2002,0.613564
JPM,47896,QMLE-Trade,22/07/2002,0.888679
JPM,47896,QMLE-Trade,23/07/2002,1.28283
JPM,47896,QMLE-Trade,24/07/2002,1.2719
JPM,47896,QMLE-Trade,25/07/2002,1.59549
JPM,47896,QMLE-Trade,26/07/2002,1.00686
JPM,47896,QMLE-Trade,29/07/2002,0.549395
JPM,47896,QMLE-Trade,30/07/2002,0.775123
JPM,47896,QMLE-Trade,31/07/2002,0.590718
JPM,47896,QMLE-Trade,1/08/2002,0.493522
JPM,47896,QMLE-Trade,2/08/2002,0.57507
JPM,47896,QMLE-Trade,5/08/2002,0.598058
JPM,47896,QMLE-Trade,6/08/2002,0.648821
JPM,47896,QMLE-Trade,7/08/2002,0.678817
JPM,47896,QMLE-Trade,8/08/2002,0.495075
JPM,47896,QMLE-Trade,9/08/2002,0.578369
JPM,47896,QMLE-Trade,12/08/2002,0.561222
JPM,47896,QMLE-Trade,13/08/2002,0.545594
JPM,47896,QMLE-Trade,14/08/2002,0.721006
JPM,47896,QMLE-Trade,15/08/2002,0.81667
JPM,47896,QMLE-Trade,16/08/2002,0.389899
JPM,47896,QMLE-Trade,19/08/2002,0.496124
JPM,47896,QMLE-Trade,20/08/2002,0.542055
JPM,47896,QMLE-Trade,21/08/2002,0.533474
JPM,47896,QMLE-Trade,22/08/2002,0.432914
JPM,47896,QMLE-Trade,23/08/2002,0.442142
JPM,47896,QMLE-Trade,26/08/2002,0.476749
JPM,47896,QMLE-Trade,27/08/2002,0.524662
JPM,47896,QMLE-Trade,28/08/2002,0.380631
JPM,47896,QMLE-Trade,29/08/2002,0.480373
JPM,47896,QMLE-Trade,30/08/2002,0.46613
JPM,47896,QMLE-Trade,3/09/2002,0.340933
JPM,47896,QMLE-Trade,4/09/2002,0.545832
JPM,47896,QMLE-Trade,5/09/2002,0.572997
JPM,47896,QMLE-Trade,6/09/2002,0.348152
JPM,47896,QMLE-Trade,9/09/2002,0.570759
JPM,47896,QMLE-Trade,10/09/2002,0.54639
JPM,47896,QMLE-Trade,11/09/2002,0.375691
JPM,47896,QMLE-Trade,12/09/2002,0.35315
JPM,47896,QMLE-Trade,13/09/2002,0.441758
JPM,47896,QMLE-Trade,16/09/2002,0.316528
JPM,47896,QMLE-Trade,17/09/2002,0.492366
JPM,47896,QMLE-Trade,18/09/2002,0.592001
JPM,47896,QMLE-Trade,19/09/2002,0.551763
JPM,47896,QMLE-Trade,20/09/2002,0.489897
JPM,47896,QMLE-Trade,23/09/2002,0.492675
JPM,47896,QMLE-Trade,24/09/2002,0.547529
JPM,47896,QMLE-Trade,25/09/2002,0.568919
JPM,47896,QMLE-Trade,26/09/2002,0.48248
JPM,47896,QMLE-Trade,27/09/2002,0.567081
JPM,47896,QMLE-Trade,30/09/2002,0.665959
JPM,47896,QMLE-Trade,1/10/2002,0.56021
JPM,47896,QMLE-Trade,2/10/2002,0.567869
JPM,47896,QMLE-Trade,3/10/2002,0.538116
JPM,47896,QMLE-Trade,4/10/2002,0.650431
JPM,47896,QMLE-Trade,7/10/2002,0.709342
JPM,47896,QMLE-Trade,8/10/2002,0.797181
JPM,47896,QMLE-Trade,9/10/2002,0.701464
JPM,47896,QMLE-Trade,10/10/2002,0.567659
JPM,47896,QMLE-Trade,11/10/2002,0.661909
JPM,47896,QMLE-Trade,14/10/2002,0.57435
JPM,47896,QMLE-Trade,15/10/2002,0.516113
JPM,47896,QMLE-Trade,16/10/2002,0.407668
JPM,47896,QMLE-Trade,17/10/2002,0.510798
JPM,47896,QMLE-Trade,18/10/2002,0.603745
JPM,47896,QMLE-Trade,21/10/2002,0.57268
JPM,47896,QMLE-Trade,22/10/2002,0.31205
JPM,47896,QMLE-Trade,23/10/2002,0.47145
JPM,47896,QMLE-Trade,24/10/2002,0.498076
JPM,47896,QMLE-Trade,25/10/2002,0.402983
JPM,47896,QMLE-Trade,28/10/2002,0.377962
JPM,47896,QMLE-Trade,29/10/2002,0.523607
JPM,47896,QMLE-Trade,30/10/2002,0.438415
JPM,47896,QMLE-Trade,31/10/2002,0.4737
JPM,47896,QMLE-Trade,1/11/2002,0.427251
JPM,47896,QMLE-Trade,4/11/2002,0.420095
JPM,47896,QMLE-Trade,5/11/2002,0.418068
JPM,47896,QMLE-Trade,6/11/2002,0.733393
JPM,47896,QMLE-Trade,7/11/2002,0.575778
JPM,47896,QMLE-Trade,8/11/2002,0.562543
JPM,47896,QMLE-Trade,11/11/2002,0.428276
JPM,47896,QMLE-Trade,12/11/2002,0.4156
JPM,47896,QMLE-Trade,13/11/2002,0.475556
JPM,47896,QMLE-Trade,14/11/2002,0.351513
JPM,47896,QMLE-Trade,15/11/2002,0.539567
JPM,47896,QMLE-Trade,18/11/2002,0.334487
JPM,47896,QMLE-Trade,19/11/2002,0.316832
JPM,47896,QMLE-Trade,20/11/2002,0.376389
JPM,47896,QMLE-Trade,21/11/2002,0.316872
JPM,47896,QMLE-Trade,22/11/2002,0.359695
JPM,47896,QMLE-Trade,25/11/2002,0.337274
JPM,47896,QMLE-Trade,26/11/2002,0.290353
JPM,47896,QMLE-Trade,27/11/2002,0.333445
JPM,47896,QMLE-Trade,29/11/2002,0.219707
JPM,47896,QMLE-Trade,2/12/2002,0.360162
JPM,47896,QMLE-Trade,3/12/2002,0.304604
JPM,47896,QMLE-Trade,4/12/2002,0.430434
JPM,47896,QMLE-Trade,5/12/2002,0.357034
JPM,47896,QMLE-Trade,6/12/2002,0.429817
JPM,47896,QMLE-Trade,9/12/2002,0.390134
JPM,47896,QMLE-Trade,10/12/2002,0.405077
JPM,47896,QMLE-Trade,11/12/2002,0.369064
JPM,47896,QMLE-Trade,12/12/2002,0.395627
JPM,47896,QMLE-Trade,13/12/2002,0.349508
JPM,47896,QMLE-Trade,16/12/2002,0.296665
JPM,47896,QMLE-Trade,17/12/2002,0.332009
JPM,47896,QMLE-Trade,18/12/2002,0.35044
JPM,47896,QMLE-Trade,19/12/2002,0.39489
JPM,47896,QMLE-Trade,20/12/2002,0.377124
JPM,47896,QMLE-Trade,23/12/2002,0.318047
JPM,47896,QMLE-Trade,24/12/2002,0.253589
JPM,47896,QMLE-Trade,26/12/2002,0.288136
JPM,47896,QMLE-Trade,27/12/2002,0.296197
JPM,47896,QMLE-Trade,30/12/2002,0.268831
JPM,47896,QMLE-Trade,31/12/2002,0.296399
JPM,47896,QMLE-Trade,2/01/2003,0.393382
JPM,47896,QMLE-Trade,3/01/2003,0.345248
JPM,47896,QMLE-Trade,6/01/2003,0.330455
JPM,47896,QMLE-Trade,7/01/2003,0.370104
JPM,47896,QMLE-Trade,8/01/2003,0.331764
JPM,47896,QMLE-Trade,9/01/2003,0.275244
JPM,47896,QMLE-Trade,10/01/2003,0.313802
JPM,47896,QMLE-Trade,13/01/2003,0.26782
JPM,47896,QMLE-Trade,14/01/2003,0.282308
JPM,47896,QMLE-Trade,15/01/2003,0.252706
JPM,47896,QMLE-Trade,16/01/2003,0.281767
JPM,47896,QMLE-Trade,17/01/2003,0.250847
JPM,47896,QMLE-Trade,21/01/2003,0.311979
JPM,47896,QMLE-Trade,22/01/2003,0.363011
JPM,47896,QMLE-Trade,23/01/2003,0.303013
JPM,47896,QMLE-Trade,24/01/2003,0.381171
JPM,47896,QMLE-Trade,27/01/2003,0.462158
JPM,47896,QMLE-Trade,28/01/2003,0.288425
JPM,47896,QMLE-Trade,29/01/2003,0.474971
JPM,47896,QMLE-Trade,30/01/2003,0.439429
JPM,47896,QMLE-Trade,31/01/2003,0.474683
JPM,47896,QMLE-Trade,3/02/2003,0.329495
JPM,47896,QMLE-Trade,4/02/2003,0.401865
JPM,47896,QMLE-Trade,5/02/2003,0.394183
JPM,47896,QMLE-Trade,6/02/2003,0.353816
JPM,47896,QMLE-Trade,7/02/2003,0.314644
JPM,47896,QMLE-Trade,10/02/2003,0.37227
JPM,47896,QMLE-Trade,11/02/2003,0.250407
JPM,47896,QMLE-Trade,12/02/2003,0.275513
JPM,47896,QMLE-Trade,13/02/2003,0.394828
JPM,47896,QMLE-Trade,14/02/2003,0.403524
JPM,47896,QMLE-Trade,18/02/2003,0.297909
JPM,47896,QMLE-Trade,19/02/2003,0.257496
JPM,47896,QMLE-Trade,20/02/2003,0.261324
JPM,47896,QMLE-Trade,21/02/2003,0.336113
JPM,47896,QMLE-Trade,24/02/2003,0.265429
JPM,47896,QMLE-Trade,25/02/2003,0.367557
JPM,47896,QMLE-Trade,26/02/2003,0.343055
JPM,47896,QMLE-Trade,27/02/2003,0.385639
JPM,47896,QMLE-Trade,28/02/2003,0.342001
JPM,47896,QMLE-Trade,3/03/2003,0.279761
JPM,47896,QMLE-Trade,4/03/2003,0.239072
JPM,47896,QMLE-Trade,5/03/2003,0.302335
JPM,47896,QMLE-Trade,6/03/2003,0.26867
JPM,47896,QMLE-Trade,7/03/2003,0.414911
JPM,47896,QMLE-Trade,10/03/2003,0.283602
JPM,47896,QMLE-Trade,11/03/2003,0.327114
JPM,47896,QMLE-Trade,12/03/2003,0.354613
JPM,47896,QMLE-Trade,13/03/2003,0.307894
JPM,47896,QMLE-Trade,14/03/2003,0.405069
JPM,47896,QMLE-Trade,17/03/2003,0.490719
JPM,47896,QMLE-Trade,18/03/2003,0.420886
JPM,47896,QMLE-Trade,19/03/2003,0.26946
JPM,47896,QMLE-Trade,20/03/2003,0.379521
JPM,47896,QMLE-Trade,21/03/2003,0.374527
JPM,47896,QMLE-Trade,24/03/2003,0.320104
JPM,47896,QMLE-Trade,25/03/2003,0.343283
JPM,47896,QMLE-Trade,26/03/2003,0.286131
JPM,47896,QMLE-Trade,27/03/2003,0.305678
JPM,47896,QMLE-Trade,28/03/2003,0.236021
JPM,47896,QMLE-Trade,31/03/2003,0.307274
JPM,47896,QMLE-Trade,1/04/2003,0.373791
JPM,47896,QMLE-Trade,2/04/2003,0.238213
JPM,47896,QMLE-Trade,3/04/2003,0.278829
JPM,47896,QMLE-Trade,4/04/2003,0.273509
JPM,47896,QMLE-Trade,7/04/2003,0.268374
JPM,47896,QMLE-Trade,8/04/2003,0.273214
JPM,47896,QMLE-Trade,9/04/2003,0.322849
JPM,47896,QMLE-Trade,10/04/2003,0.24415
JPM,47896,QMLE-Trade,11/04/2003,0.277488
JPM,47896,QMLE-Trade,14/04/2003,0.2332
JPM,47896,QMLE-Trade,15/04/2003,0.313509
JPM,47896,QMLE-Trade,16/04/2003,0.280643
JPM,47896,QMLE-Trade,17/04/2003,0.272786
JPM,47896,QMLE-Trade,21/04/2003,0.257019
JPM,47896,QMLE-Trade,22/04/2003,0.292085
JPM,47896,QMLE-Trade,23/04/2003,0.25779
JPM,47896,QMLE-Trade,24/04/2003,0.285582
JPM,47896,QMLE-Trade,25/04/2003,0.244792
JPM,47896,QMLE-Trade,28/04/2003,0.223995
JPM,47896,QMLE-Trade,29/04/2003,0.302023
JPM,47896,QMLE-Trade,30/04/2003,0.28258
JPM,47896,QMLE-Trade,1/05/2003,0.285102
JPM,47896,QMLE-Trade,2/05/2003,0.237141
JPM,47896,QMLE-Trade,5/05/2003,0.280025
JPM,47896,QMLE-Trade,6/05/2003,0.248018
JPM,47896,QMLE-Trade,7/05/2003,0.30101
JPM,47896,QMLE-Trade,8/05/2003,0.212973
JPM,47896,QMLE-Trade,9/05/2003,0.215313
JPM,47896,QMLE-Trade,12/05/2003,0.209057
JPM,47896,QMLE-Trade,13/05/2003,0.268142
JPM,47896,QMLE-Trade,14/05/2003,0.233411
JPM,47896,QMLE-Trade,15/05/2003,0.23488
JPM,47896,QMLE-Trade,16/05/2003,0.213476
JPM,47896,QMLE-Trade,19/05/2003,0.202795
JPM,47896,QMLE-Trade,20/05/2003,0.259455
JPM,47896,QMLE-Trade,21/05/2003,0.314764
JPM,47896,QMLE-Trade,22/05/2003,0.206113
JPM,47896,QMLE-Trade,23/05/2003,0.207526
JPM,47896,QMLE-Trade,27/05/2003,0.236839
JPM,47896,QMLE-Trade,28/05/2003,0.237113
JPM,47896,QMLE-Trade,29/05/2003,0.235782
JPM,47896,QMLE-Trade,30/05/2003,0.221655
JPM,47896,QMLE-Trade,2/06/2003,0.262093
JPM,47896,QMLE-Trade,3/06/2003,0.237215
JPM,47896,QMLE-Trade,4/06/2003,0.244648
JPM,47896,QMLE-Trade,5/06/2003,0.307511
JPM,47896,QMLE-Trade,6/06/2003,0.350623
JPM,47896,QMLE-Trade,9/06/2003,0.288285
JPM,47896,QMLE-Trade,10/06/2003,0.242762
JPM,47896,QMLE-Trade,11/06/2003,0.189268
JPM,47896,QMLE-Trade,12/06/2003,0.262614
JPM,47896,QMLE-Trade,13/06/2003,0.224923
JPM,47896,QMLE-Trade,16/06/2003,0.164412
JPM,47896,QMLE-Trade,17/06/2003,0.214107
JPM,47896,QMLE-Trade,18/06/2003,0.251602
JPM,47896,QMLE-Trade,19/06/2003,0.280211
JPM,47896,QMLE-Trade,20/06/2003,0.246627
JPM,47896,QMLE-Trade,23/06/2003,0.213942
JPM,47896,QMLE-Trade,24/06/2003,0.198155
JPM,47896,QMLE-Trade,25/06/2003,0.324576
JPM,47896,QMLE-Trade,26/06/2003,0.227827
JPM,47896,QMLE-Trade,27/06/2003,0.210464
JPM,47896,QMLE-Trade,30/06/2003,0.208032
JPM,47896,QMLE-Trade,1/07/2003,0.285207
JPM,47896,QMLE-Trade,2/07/2003,0.217958
JPM,47896,QMLE-Trade,3/07/2003,0.305362
JPM,47896,QMLE-Trade,7/07/2003,0.191293
JPM,47896,QMLE-Trade,8/07/2003,0.189701
JPM,47896,QMLE-Trade,9/07/2003,0.203546
JPM,47896,QMLE-Trade,10/07/2003,0.248231
JPM,47896,QMLE-Trade,11/07/2003,0.194368
JPM,47896,QMLE-Trade,14/07/2003,0.220602
JPM,47896,QMLE-Trade,15/07/2003,0.26556
JPM,47896,QMLE-Trade,16/07/2003,0.422992
JPM,47896,QMLE-Trade,17/07/2003,0.247512
JPM,47896,QMLE-Trade,18/07/2003,0.161993
JPM,47896,QMLE-Trade,21/07/2003,0.253217
JPM,47896,QMLE-Trade,22/07/2003,0.281847
JPM,47896,QMLE-Trade,23/07/2003,0.180884
JPM,47896,QMLE-Trade,24/07/2003,0.254883
JPM,47896,QMLE-Trade,25/07/2003,0.213884
JPM,47896,QMLE-Trade,28/07/2003,0.281923
JPM,47896,QMLE-Trade,29/07/2003,0.284173
JPM,47896,QMLE-Trade,30/07/2003,0.191775
JPM,47896,QMLE-Trade,31/07/2003,0.299019
JPM,47896,QMLE-Trade,1/08/2003,0.341206
JPM,47896,QMLE-Trade,4/08/2003,0.346464
JPM,47896,QMLE-Trade,5/08/2003,0.296834
JPM,47896,QMLE-Trade,6/08/2003,0.281877
JPM,47896,QMLE-Trade,7/08/2003,0.238737
JPM,47896,QMLE-Trade,8/08/2003,0.210457
JPM,47896,QMLE-Trade,11/08/2003,0.220271
JPM,47896,QMLE-Trade,12/08/2003,0.175966
JPM,47896,QMLE-Trade,13/08/2003,0.202156
JPM,47896,QMLE-Trade,14/08/2003,0.18012
JPM,47896,QMLE-Trade,15/08/2003,0.149682
JPM,47896,QMLE-Trade,18/08/2003,0.145815
JPM,47896,QMLE-Trade,19/08/2003,0.175887
JPM,47896,QMLE-Trade,20/08/2003,0.207327
JPM,47896,QMLE-Trade,21/08/2003,0.24658
JPM,47896,QMLE-Trade,22/08/2003,0.217849
JPM,47896,QMLE-Trade,25/08/2003,0.233492
JPM,47896,QMLE-Trade,26/08/2003,0.224658
JPM,47896,QMLE-Trade,27/08/2003,0.144225
JPM,47896,QMLE-Trade,28/08/2003,0.211588
JPM,47896,QMLE-Trade,29/08/2003,0.173827
JPM,47896,QMLE-Trade,2/09/2003,0.198015
JPM,47896,QMLE-Trade,3/09/2003,0.212736
JPM,47896,QMLE-Trade,4/09/2003,0.145086
JPM,47896,QMLE-Trade,5/09/2003,0.174367
JPM,47896,QMLE-Trade,8/09/2003,0.196933
JPM,47896,QMLE-Trade,9/09/2003,0.150793
JPM,47896,QMLE-Trade,10/09/2003,0.207494
JPM,47896,QMLE-Trade,11/09/2003,0.163293
JPM,47896,QMLE-Trade,12/09/2003,0.171486
JPM,47896,QMLE-Trade,15/09/2003,0.162433
JPM,47896,QMLE-Trade,16/09/2003,0.170904
JPM,47896,QMLE-Trade,17/09/2003,0.112447
JPM,47896,QMLE-Trade,18/09/2003,0.200598
JPM,47896,QMLE-Trade,19/09/2003,0.209763
JPM,47896,QMLE-Trade,22/09/2003,0.224816
JPM,47896,QMLE-Trade,23/09/2003,0.232555
JPM,47896,QMLE-Trade,24/09/2003,0.220699
JPM,47896,QMLE-Trade,25/09/2003,0.228921
JPM,47896,QMLE-Trade,26/09/2003,0.2987
JPM,47896,QMLE-Trade,29/09/2003,0.221142
JPM,47896,QMLE-Trade,30/09/2003,0.285519
JPM,47896,QMLE-Trade,1/10/2003,0.227547
JPM,47896,QMLE-Trade,2/10/2003,0.231285
JPM,47896,QMLE-Trade,3/10/2003,0.245998
JPM,47896,QMLE-Trade,6/10/2003,0.204556
JPM,47896,QMLE-Trade,7/10/2003,0.209974
JPM,47896,QMLE-Trade,8/10/2003,0.180588
JPM,47896,QMLE-Trade,9/10/2003,0.19916
JPM,47896,QMLE-Trade,10/10/2003,0.136345
JPM,47896,QMLE-Trade,13/10/2003,0.174509
JPM,47896,QMLE-Trade,14/10/2003,0.206015
JPM,47896,QMLE-Trade,15/10/2003,0.203521
JPM,47896,QMLE-Trade,16/10/2003,0.200611
JPM,47896,QMLE-Trade,17/10/2003,0.154174
JPM,47896,QMLE-Trade,20/10/2003,0.191005
JPM,47896,QMLE-Trade,21/10/2003,0.188877
JPM,47896,QMLE-Trade,22/10/2003,0.236997
JPM,47896,QMLE-Trade,23/10/2003,0.191224
JPM,47896,QMLE-Trade,24/10/2003,0.207724
JPM,47896,QMLE-Trade,27/10/2003,0.172488
JPM,47896,QMLE-Trade,28/10/2003,0.186534
JPM,47896,QMLE-Trade,29/10/2003,0.18681
JPM,47896,QMLE-Trade,30/10/2003,0.174452
JPM,47896,QMLE-Trade,31/10/2003,0.165021
JPM,47896,QMLE-Trade,3/11/2003,0.126226
JPM,47896,QMLE-Trade,4/11/2003,0.122794
JPM,47896,QMLE-Trade,5/11/2003,0.17939
JPM,47896,QMLE-Trade,6/11/2003,0.109907
JPM,47896,QMLE-Trade,7/11/2003,0.169822
JPM,47896,QMLE-Trade,10/11/2003,0.142168
JPM,47896,QMLE-Trade,11/11/2003,0.105912
JPM,47896,QMLE-Trade,12/11/2003,0.13178
JPM,47896,QMLE-Trade,13/11/2003,0.136941
JPM,47896,QMLE-Trade,14/11/2003,0.188495
JPM,47896,QMLE-Trade,17/11/2003,0.175923
JPM,47896,QMLE-Trade,18/11/2003,0.199921
JPM,47896,QMLE-Trade,19/11/2003,0.151977
JPM,47896,QMLE-Trade,20/11/2003,0.233707
JPM,47896,QMLE-Trade,21/11/2003,0.145583
JPM,47896,QMLE-Trade,24/11/2003,0.118961
JPM,47896,QMLE-Trade,25/11/2003,0.175407
JPM,47896,QMLE-Trade,26/11/2003,0.176066
JPM,47896,QMLE-Trade,28/11/2003,0.12696
JPM,47896,QMLE-Trade,1/12/2003,0.150722
JPM,47896,QMLE-Trade,2/12/2003,0.151551
JPM,47896,QMLE-Trade,3/12/2003,0.167952
JPM,47896,QMLE-Trade,4/12/2003,0.158026
JPM,47896,QMLE-Trade,5/12/2003,0.174734
JPM,47896,QMLE-Trade,8/12/2003,0.147358
JPM,47896,QMLE-Trade,9/12/2003,0.197538
JPM,47896,QMLE-Trade,10/12/2003,0.147806
JPM,47896,QMLE-Trade,11/12/2003,0.158679
JPM,47896,QMLE-Trade,12/12/2003,0.113787
JPM,47896,QMLE-Trade,15/12/2003,0.183268
JPM,47896,QMLE-Trade,16/12/2003,0.117967
JPM,47896,QMLE-Trade,17/12/2003,0.165128
JPM,47896,QMLE-Trade,18/12/2003,0.231249
JPM,47896,QMLE-Trade,19/12/2003,0.195859
JPM,47896,QMLE-Trade,22/12/2003,0.0860732
JPM,47896,QMLE-Trade,23/12/2003,0.101806
JPM,47896,QMLE-Trade,24/12/2003,0.0965389
JPM,47896,QMLE-Trade,26/12/2003,0.0711266
JPM,47896,QMLE-Trade,29/12/2003,0.12346
JPM,47896,QMLE-Trade,30/12/2003,0.0432744
JPM,47896,QMLE-Trade,31/12/2003,0.076391
JPM,47896,QMLE-Trade,2/01/2004,0.161825
JPM,47896,QMLE-Trade,5/01/2004,0.134933
JPM,47896,QMLE-Trade,6/01/2004,0.130521
JPM,47896,QMLE-Trade,7/01/2004,0.138124
JPM,47896,QMLE-Trade,8/01/2004,0.190753
JPM,47896,QMLE-Trade,9/01/2004,0.182695
JPM,47896,QMLE-Trade,12/01/2004,0.156506
JPM,47896,QMLE-Trade,13/01/2004,0.14046
JPM,47896,QMLE-Trade,14/01/2004,0.112245
JPM,47896,QMLE-Trade,15/01/2004,0.280152
JPM,47896,QMLE-Trade,16/01/2004,0.114747
JPM,47896,QMLE-Trade,20/01/2004,0.135225
JPM,47896,QMLE-Trade,21/01/2004,0.181763
JPM,47896,QMLE-Trade,22/01/2004,0.177203
JPM,47896,QMLE-Trade,23/01/2004,0.167245
JPM,47896,QMLE-Trade,26/01/2004,0.145852
JPM,47896,QMLE-Trade,27/01/2004,0.120239
JPM,47896,QMLE-Trade,28/01/2004,0.185361
JPM,47896,QMLE-Trade,29/01/2004,0.26931
JPM,47896,QMLE-Trade,30/01/2004,0.189355
JPM,47896,QMLE-Trade,2/02/2004,0.165943
JPM,47896,QMLE-Trade,3/02/2004,0.200457
JPM,47896,QMLE-Trade,4/02/2004,0.151854
JPM,47896,QMLE-Trade,5/02/2004,0.18679
JPM,47896,QMLE-Trade,6/02/2004,0.157566
JPM,47896,QMLE-Trade,9/02/2004,0.134073
JPM,47896,QMLE-Trade,10/02/2004,0.139986
JPM,47896,QMLE-Trade,11/02/2004,0.157092
JPM,47896,QMLE-Trade,12/02/2004,0.139862
JPM,47896,QMLE-Trade,13/02/2004,0.185941
JPM,47896,QMLE-Trade,17/02/2004,0.114241
JPM,47896,QMLE-Trade,18/02/2004,0.112469
JPM,47896,QMLE-Trade,19/02/2004,0.134592
JPM,47896,QMLE-Trade,20/02/2004,0.175342
JPM,47896,QMLE-Trade,23/02/2004,0.141277
JPM,47896,QMLE-Trade,24/02/2004,0.18601
JPM,47896,QMLE-Trade,25/02/2004,0.11656
JPM,47896,QMLE-Trade,26/02/2004,0.148062
JPM,47896,QMLE-Trade,27/02/2004,0.165723
JPM,47896,QMLE-Trade,1/03/2004,0.115064
JPM,47896,QMLE-Trade,2/03/2004,0.152892
JPM,47896,QMLE-Trade,3/03/2004,0.123831
JPM,47896,QMLE-Trade,4/03/2004,0.110965
JPM,47896,QMLE-Trade,5/03/2004,0.250456
JPM,47896,QMLE-Trade,8/03/2004,0.153304
JPM,47896,QMLE-Trade,9/03/2004,0.192126
JPM,47896,QMLE-Trade,10/03/2004,0.171502
JPM,47896,QMLE-Trade,11/03/2004,0.195984
JPM,47896,QMLE-Trade,12/03/2004,0.189554
JPM,47896,QMLE-Trade,15/03/2004,0.183495
JPM,47896,QMLE-Trade,16/03/2004,0.191124
JPM,47896,QMLE-Trade,17/03/2004,0.127224
JPM,47896,QMLE-Trade,18/03/2004,0.187862
JPM,47896,QMLE-Trade,19/03/2004,0.16716
JPM,47896,QMLE-Trade,22/03/2004,0.247278
JPM,47896,QMLE-Trade,23/03/2004,0.174281
JPM,47896,QMLE-Trade,24/03/2004,0.175059
JPM,47896,QMLE-Trade,25/03/2004,0.158987
JPM,47896,QMLE-Trade,26/03/2004,0.152145
JPM,47896,QMLE-Trade,29/03/2004,0.138699
JPM,47896,QMLE-Trade,30/03/2004,0.139562
JPM,47896,QMLE-Trade,31/03/2004,0.14132
JPM,47896,QMLE-Trade,1/04/2004,0.109866
JPM,47896,QMLE-Trade,2/04/2004,0.247447
JPM,47896,QMLE-Trade,5/04/2004,0.136752
JPM,47896,QMLE-Trade,6/04/2004,0.121635
JPM,47896,QMLE-Trade,7/04/2004,0.118084
JPM,47896,QMLE-Trade,8/04/2004,0.130612
JPM,47896,QMLE-Trade,12/04/2004,0.0979417
JPM,47896,QMLE-Trade,13/04/2004,0.17675
JPM,47896,QMLE-Trade,14/04/2004,0.179786
JPM,47896,QMLE-Trade,15/04/2004,0.283316
JPM,47896,QMLE-Trade,16/04/2004,0.157587
JPM,47896,QMLE-Trade,19/04/2004,0.141303
JPM,47896,QMLE-Trade,20/04/2004,0.176682
JPM,47896,QMLE-Trade,21/04/2004,0.213472
JPM,47896,QMLE-Trade,22/04/2004,0.210505
JPM,47896,QMLE-Trade,23/04/2004,0.175943
JPM,47896,QMLE-Trade,26/04/2004,0.188576
JPM,47896,QMLE-Trade,27/04/2004,0.176568
JPM,47896,QMLE-Trade,28/04/2004,0.18308
JPM,47896,QMLE-Trade,29/04/2004,0.252395
JPM,47896,QMLE-Trade,30/04/2004,0.204338
JPM,47896,QMLE-Trade,3/05/2004,0.176982
JPM,47896,QMLE-Trade,4/05/2004,0.218688
JPM,47896,QMLE-Trade,5/05/2004,0.198887
JPM,47896,QMLE-Trade,6/05/2004,0.197452
JPM,47896,QMLE-Trade,7/05/2004,0.241363
JPM,47896,QMLE-Trade,10/05/2004,0.328395
JPM,47896,QMLE-Trade,11/05/2004,0.209033
JPM,47896,QMLE-Trade,12/05/2004,0.308757
JPM,47896,QMLE-Trade,13/05/2004,0.268551
JPM,47896,QMLE-Trade,14/05/2004,0.295443
JPM,47896,QMLE-Trade,17/05/2004,0.277035
JPM,47896,QMLE-Trade,18/05/2004,0.139934
JPM,47896,QMLE-Trade,19/05/2004,0.175709
JPM,47896,QMLE-Trade,20/05/2004,0.194456
JPM,47896,QMLE-Trade,21/05/2004,0.173081
JPM,47896,QMLE-Trade,24/05/2004,0.144631
JPM,47896,QMLE-Trade,25/05/2004,0.179676
JPM,47896,QMLE-Trade,26/05/2004,0.182553
JPM,47896,QMLE-Trade,27/05/2004,0.167259
JPM,47896,QMLE-Trade,28/05/2004,0.144206
JPM,47896,QMLE-Trade,1/06/2004,0.145773
JPM,47896,QMLE-Trade,2/06/2004,0.143239
JPM,47896,QMLE-Trade,3/06/2004,0.129692
JPM,47896,QMLE-Trade,4/06/2004,0.158691
JPM,47896,QMLE-Trade,7/06/2004,0.119699
JPM,47896,QMLE-Trade,8/06/2004,0.12344
JPM,47896,QMLE-Trade,9/06/2004,0.135855
JPM,47896,QMLE-Trade,10/06/2004,0.124993
JPM,47896,QMLE-Trade,14/06/2004,0.158151
JPM,47896,QMLE-Trade,15/06/2004,0.136647
JPM,47896,QMLE-Trade,16/06/2004,0.129757
JPM,47896,QMLE-Trade,17/06/2004,0.142938
JPM,47896,QMLE-Trade,18/06/2004,0.145706
JPM,47896,QMLE-Trade,21/06/2004,0.116422
JPM,47896,QMLE-Trade,22/06/2004,0.115931
JPM,47896,QMLE-Trade,23/06/2004,0.119215
JPM,47896,QMLE-Trade,24/06/2004,0.128598
JPM,47896,QMLE-Trade,25/06/2004,0.154025
JPM,47896,QMLE-Trade,28/06/2004,0.14863
JPM,47896,QMLE-Trade,29/06/2004,0.151109
JPM,47896,QMLE-Trade,30/06/2004,0.165285
JPM,47896,QMLE-Trade,1/07/2004,0.204951
JPM,47896,QMLE-Trade,2/07/2004,0.165983
JPM,47896,QMLE-Trade,6/07/2004,0.178467
JPM,47896,QMLE-Trade,7/07/2004,0.164286
JPM,47896,QMLE-Trade,8/07/2004,0.193595
JPM,47896,QMLE-Trade,9/07/2004,0.147954
JPM,47896,QMLE-Trade,12/07/2004,0.11327
JPM,47896,QMLE-Trade,13/07/2004,0.122221
JPM,47896,QMLE-Trade,14/07/2004,0.172109
JPM,47896,QMLE-Trade,15/07/2004,0.193834
JPM,47896,QMLE-Trade,16/07/2004,0.156392
JPM,47896,QMLE-Trade,19/07/2004,0.165236
JPM,47896,QMLE-Trade,20/07/2004,0.245776
JPM,47896,QMLE-Trade,21/07/2004,0.316901
JPM,47896,QMLE-Trade,22/07/2004,0.241206
JPM,47896,QMLE-Trade,23/07/2004,0.171967
JPM,47896,QMLE-Trade,26/07/2004,0.21637
JPM,47896,QMLE-Trade,27/07/2004,0.200649
JPM,47896,QMLE-Trade,28/07/2004,0.227508
JPM,47896,QMLE-Trade,29/07/2004,0.183876
JPM,47896,QMLE-Trade,30/07/2004,0.158801
JPM,47896,QMLE-Trade,2/08/2004,0.200969
JPM,47896,QMLE-Trade,3/08/2004,0.176532
JPM,47896,QMLE-Trade,4/08/2004,0.184753
JPM,47896,QMLE-Trade,5/08/2004,0.190401
JPM,47896,QMLE-Trade,6/08/2004,0.249457
JPM,47896,QMLE-Trade,9/08/2004,0.0866864
JPM,47896,QMLE-Trade,10/08/2004,0.18848
JPM,47896,QMLE-Trade,11/08/2004,0.210213
JPM,47896,QMLE-Trade,12/08/2004,0.108032
JPM,47896,QMLE-Trade,13/08/2004,0.147307
JPM,47896,QMLE-Trade,16/08/2004,0.161551
JPM,47896,QMLE-Trade,17/08/2004,0.138753
JPM,47896,QMLE-Trade,18/08/2004,0.176397
JPM,47896,QMLE-Trade,19/08/2004,0.147269
JPM,47896,QMLE-Trade,20/08/2004,0.146234
JPM,47896,QMLE-Trade,23/08/2004,0.114547
JPM,47896,QMLE-Trade,24/08/2004,0.150161
JPM,47896,QMLE-Trade,25/08/2004,0.13539
JPM,47896,QMLE-Trade,26/08/2004,0.129087
JPM,47896,QMLE-Trade,27/08/2004,0.0738101
JPM,47896,QMLE-Trade,30/08/2004,0.122966
JPM,47896,QMLE-Trade,31/08/2004,0.143507
JPM,47896,QMLE-Trade,1/09/2004,0.164301
JPM,47896,QMLE-Trade,2/09/2004,0.143318
JPM,47896,QMLE-Trade,3/09/2004,0.123817
JPM,47896,QMLE-Trade,7/09/2004,0.118702
JPM,47896,QMLE-Trade,8/09/2004,0.136399
JPM,47896,QMLE-Trade,9/09/2004,0.17207
JPM,47896,QMLE-Trade,10/09/2004,0.120775
JPM,47896,QMLE-Trade,13/09/2004,0.100773
JPM,47896,QMLE-Trade,14/09/2004,0.146621
JPM,47896,QMLE-Trade,15/09/2004,0.105831
JPM,47896,QMLE-Trade,16/09/2004,0.186702
JPM,47896,QMLE-Trade,17/09/2004,0.0861731
JPM,47896,QMLE-Trade,20/09/2004,0.151249
JPM,47896,QMLE-Trade,21/09/2004,0.13812
JPM,47896,QMLE-Trade,22/09/2004,0.168721
JPM,47896,QMLE-Trade,23/09/2004,0.159593
JPM,47896,QMLE-Trade,24/09/2004,0.113398
JPM,47896,QMLE-Trade,27/09/2004,0.124457
JPM,47896,QMLE-Trade,28/09/2004,0.128031
JPM,47896,QMLE-Trade,29/09/2004,0.140646
JPM,47896,QMLE-Trade,30/09/2004,0.14828
JPM,47896,QMLE-Trade,1/10/2004,0.11858
JPM,47896,QMLE-Trade,4/10/2004,0.132602
JPM,47896,QMLE-Trade,5/10/2004,0.184154
JPM,47896,QMLE-Trade,6/10/2004,0.10142
JPM,47896,QMLE-Trade,7/10/2004,0.123779
JPM,47896,QMLE-Trade,8/10/2004,0.127945
JPM,47896,QMLE-Trade,11/10/2004,0.106435
JPM,47896,QMLE-Trade,12/10/2004,0.140609
JPM,47896,QMLE-Trade,13/10/2004,0.165162
JPM,47896,QMLE-Trade,14/10/2004,0.19218
JPM,47896,QMLE-Trade,15/10/2004,0.182598
JPM,47896,QMLE-Trade,18/10/2004,0.160057
JPM,47896,QMLE-Trade,19/10/2004,0.344492
JPM,47896,QMLE-Trade,20/10/2004,0.373807
JPM,47896,QMLE-Trade,21/10/2004,0.249981
JPM,47896,QMLE-Trade,22/10/2004,0.12618
JPM,47896,QMLE-Trade,25/10/2004,0.183286
JPM,47896,QMLE-Trade,26/10/2004,0.188571
JPM,47896,QMLE-Trade,27/10/2004,0.213131
JPM,47896,QMLE-Trade,28/10/2004,0.217153
JPM,47896,QMLE-Trade,29/10/2004,0.176772
JPM,47896,QMLE-Trade,1/11/2004,0.141456
JPM,47896,QMLE-Trade,2/11/2004,0.215348
JPM,47896,QMLE-Trade,3/11/2004,0.206739
JPM,47896,QMLE-Trade,4/11/2004,0.195973
JPM,47896,QMLE-Trade,5/11/2004,0.190609
JPM,47896,QMLE-Trade,8/11/2004,0.0989334
JPM,47896,QMLE-Trade,9/11/2004,0.131012
JPM,47896,QMLE-Trade,10/11/2004,0.138825
JPM,47896,QMLE-Trade,11/11/2004,0.160396
JPM,47896,QMLE-Trade,12/11/2004,0.116262
JPM,47896,QMLE-Trade,15/11/2004,0.100284
JPM,47896,QMLE-Trade,16/11/2004,0.113551
JPM,47896,QMLE-Trade,17/11/2004,0.142287
JPM,47896,QMLE-Trade,18/11/2004,0.112678
JPM,47896,QMLE-Trade,19/11/2004,0.165308
JPM,47896,QMLE-Trade,22/11/2004,0.161849
JPM,47896,QMLE-Trade,23/11/2004,0.156278
JPM,47896,QMLE-Trade,24/11/2004,0.0885858
JPM,47896,QMLE-Trade,26/11/2004,0.0931723
JPM,47896,QMLE-Trade,29/11/2004,0.178814
JPM,47896,QMLE-Trade,30/11/2004,0.125333
JPM,47896,QMLE-Trade,1/12/2004,0.125383
JPM,47896,QMLE-Trade,2/12/2004,0.147904
JPM,47896,QMLE-Trade,3/12/2004,0.17591
JPM,47896,QMLE-Trade,6/12/2004,0.139547
JPM,47896,QMLE-Trade,7/12/2004,0.137769
JPM,47896,QMLE-Trade,8/12/2004,0.114938
JPM,47896,QMLE-Trade,9/12/2004,0.171112
JPM,47896,QMLE-Trade,10/12/2004,0.132332
JPM,47896,QMLE-Trade,13/12/2004,0.134701
JPM,47896,QMLE-Trade,14/12/2004,0.122359
JPM,47896,QMLE-Trade,15/12/2004,0.122054
JPM,47896,QMLE-Trade,16/12/2004,0.12325
JPM,47896,QMLE-Trade,17/12/2004,0.241534
JPM,47896,QMLE-Trade,20/12/2004,0.146764
JPM,47896,QMLE-Trade,21/12/2004,0.134112
JPM,47896,QMLE-Trade,22/12/2004,0.14735
JPM,47896,QMLE-Trade,23/12/2004,0.10995
JPM,47896,QMLE-Trade,27/12/2004,0.102822
JPM,47896,QMLE-Trade,28/12/2004,0.122555
JPM,47896,QMLE-Trade,29/12/2004,0.0986145
JPM,47896,QMLE-Trade,30/12/2004,0.0934126
JPM,47896,QMLE-Trade,31/12/2004,0.0727238
JPM,47896,QMLE-Trade,3/01/2005,0.137579
JPM,47896,QMLE-Trade,4/01/2005,0.128688
JPM,47896,QMLE-Trade,5/01/2005,0.170468
JPM,47896,QMLE-Trade,6/01/2005,0.146273
JPM,47896,QMLE-Trade,7/01/2005,0.15128
JPM,47896,QMLE-Trade,10/01/2005,0.146036
JPM,47896,QMLE-Trade,11/01/2005,0.12479
JPM,47896,QMLE-Trade,12/01/2005,0.151922
JPM,47896,QMLE-Trade,13/01/2005,0.169788
JPM,47896,QMLE-Trade,14/01/2005,0.127025
JPM,47896,QMLE-Trade,18/01/2005,0.19778
JPM,47896,QMLE-Trade,19/01/2005,0.199904
JPM,47896,QMLE-Trade,20/01/2005,0.192103
JPM,47896,QMLE-Trade,21/01/2005,0.148574
JPM,47896,QMLE-Trade,24/01/2005,0.11795
JPM,47896,QMLE-Trade,25/01/2005,0.150165
JPM,47896,QMLE-Trade,26/01/2005,0.109788
JPM,47896,QMLE-Trade,27/01/2005,0.114555
JPM,47896,QMLE-Trade,28/01/2005,0.128367
JPM,47896,QMLE-Trade,31/01/2005,0.0866043
JPM,47896,QMLE-Trade,1/02/2005,0.114179
JPM,47896,QMLE-Trade,2/02/2005,0.0557286
JPM,47896,QMLE-Trade,3/02/2005,0.093363
JPM,47896,QMLE-Trade,4/02/2005,0.0965337
JPM,47896,QMLE-Trade,7/02/2005,0.0938061
JPM,47896,QMLE-Trade,8/02/2005,0.0908228
JPM,47896,QMLE-Trade,9/02/2005,0.111475
JPM,47896,QMLE-Trade,10/02/2005,0.0856428
JPM,47896,QMLE-Trade,11/02/2005,0.100971
JPM,47896,QMLE-Trade,14/02/2005,0.0760677
JPM,47896,QMLE-Trade,15/02/2005,0.0766062
JPM,47896,QMLE-Trade,16/02/2005,0.100209
JPM,47896,QMLE-Trade,17/02/2005,0.105089
JPM,47896,QMLE-Trade,18/02/2005,0.125038
JPM,47896,QMLE-Trade,22/02/2005,0.124981
JPM,47896,QMLE-Trade,23/02/2005,0.133464
JPM,47896,QMLE-Trade,24/02/2005,0.109648
JPM,47896,QMLE-Trade,25/02/2005,0.110534
JPM,47896,QMLE-Trade,28/02/2005,0.160098
JPM,47896,QMLE-Trade,1/03/2005,0.131179
JPM,47896,QMLE-Trade,2/03/2005,0.145442
JPM,47896,QMLE-Trade,3/03/2005,0.126608
JPM,47896,QMLE-Trade,4/03/2005,0.147618
JPM,47896,QMLE-Trade,7/03/2005,0.100004
JPM,47896,QMLE-Trade,8/03/2005,0.145643
JPM,47896,QMLE-Trade,9/03/2005,0.104219
JPM,47896,QMLE-Trade,10/03/2005,0.122171
JPM,47896,QMLE-Trade,11/03/2005,0.0812503
JPM,47896,QMLE-Trade,14/03/2005,0.128098
JPM,47896,QMLE-Trade,15/03/2005,0.138171
JPM,47896,QMLE-Trade,16/03/2005,0.148506
JPM,47896,QMLE-Trade,18/03/2005,0.155393
JPM,47896,QMLE-Trade,21/03/2005,0.143665
JPM,47896,QMLE-Trade,22/03/2005,0.184544
JPM,47896,QMLE-Trade,23/03/2005,0.141485
JPM,47896,QMLE-Trade,24/03/2005,0.0968311
JPM,47896,QMLE-Trade,28/03/2005,0.0993569
JPM,47896,QMLE-Trade,29/03/2005,0.199286
JPM,47896,QMLE-Trade,30/03/2005,0.149178
JPM,47896,QMLE-Trade,31/03/2005,0.146618
JPM,47896,QMLE-Trade,1/04/2005,0.243636
JPM,47896,QMLE-Trade,4/04/2005,0.192596
JPM,47896,QMLE-Trade,5/04/2005,0.177174
JPM,47896,QMLE-Trade,6/04/2005,0.108245
JPM,47896,QMLE-Trade,7/04/2005,0.155958
JPM,47896,QMLE-Trade,8/04/2005,0.138571
JPM,47896,QMLE-Trade,11/04/2005,0.0980874
JPM,47896,QMLE-Trade,12/04/2005,0.178777
JPM,47896,QMLE-Trade,13/04/2005,0.169065
JPM,47896,QMLE-Trade,14/04/2005,0.142001
JPM,47896,QMLE-Trade,15/04/2005,0.202646
JPM,47896,QMLE-Trade,18/04/2005,0.199283
JPM,47896,QMLE-Trade,19/04/2005,0.185323
JPM,47896,QMLE-Trade,20/04/2005,0.260573
JPM,47896,QMLE-Trade,21/04/2005,0.221027
JPM,47896,QMLE-Trade,22/04/2005,0.18944
JPM,47896,QMLE-Trade,25/04/2005,0.129876
JPM,47896,QMLE-Trade,26/04/2005,0.168715
JPM,47896,QMLE-Trade,27/04/2005,0.164963
JPM,47896,QMLE-Trade,28/04/2005,0.129835
JPM,47896,QMLE-Trade,29/04/2005,0.139248
JPM,47896,QMLE-Trade,2/05/2005,0.157463
JPM,47896,QMLE-Trade,3/05/2005,0.181318
JPM,47896,QMLE-Trade,4/05/2005,0.134365
JPM,47896,QMLE-Trade,5/05/2005,0.198892
JPM,47896,QMLE-Trade,6/05/2005,0.178382
JPM,47896,QMLE-Trade,9/05/2005,0.132748
JPM,47896,QMLE-Trade,10/05/2005,0.170233
JPM,47896,QMLE-Trade,11/05/2005,0.182752
JPM,47896,QMLE-Trade,12/05/2005,0.184413
JPM,47896,QMLE-Trade,13/05/2005,0.214945
JPM,47896,QMLE-Trade,16/05/2005,0.140323
JPM,47896,QMLE-Trade,17/05/2005,0.135209
JPM,47896,QMLE-Trade,18/05/2005,0.128454
JPM,47896,QMLE-Trade,19/05/2005,0.121681
JPM,47896,QMLE-Trade,20/05/2005,0.101777
JPM,47896,QMLE-Trade,23/05/2005,0.11728
JPM,47896,QMLE-Trade,24/05/2005,0.124755
JPM,47896,QMLE-Trade,25/05/2005,0.111731
JPM,47896,QMLE-Trade,26/05/2005,0.106446
JPM,47896,QMLE-Trade,27/05/2005,0.112568
JPM,47896,QMLE-Trade,31/05/2005,0.107854
JPM,47896,QMLE-Trade,1/06/2005,0.210542
JPM,47896,QMLE-Trade,2/06/2005,0.153552
JPM,47896,QMLE-Trade,3/06/2005,0.141069
JPM,47896,QMLE-Trade,6/06/2005,0.118848
JPM,47896,QMLE-Trade,7/06/2005,0.135949
JPM,47896,QMLE-Trade,8/06/2005,0.112602
JPM,47896,QMLE-Trade,9/06/2005,0.139869
JPM,47896,QMLE-Trade,10/06/2005,0.12388
JPM,47896,QMLE-Trade,13/06/2005,0.16543
JPM,47896,QMLE-Trade,14/06/2005,0.117681
JPM,47896,QMLE-Trade,15/06/2005,0.107894
JPM,47896,QMLE-Trade,16/06/2005,0.11091
JPM,47896,QMLE-Trade,17/06/2005,0.148538
JPM,47896,QMLE-Trade,20/06/2005,0.106965
JPM,47896,QMLE-Trade,21/06/2005,0.11252
JPM,47896,QMLE-Trade,22/06/2005,0.101615
JPM,47896,QMLE-Trade,23/06/2005,0.128623
JPM,47896,QMLE-Trade,24/06/2005,0.230548
JPM,47896,QMLE-Trade,27/06/2005,0.110969
JPM,47896,QMLE-Trade,28/06/2005,0.0799401
JPM,47896,QMLE-Trade,29/06/2005,0.0996795
JPM,47896,QMLE-Trade,30/06/2005,0.143167
JPM,47896,QMLE-Trade,1/07/2005,0.131534
JPM,47896,QMLE-Trade,5/07/2005,0.14184
JPM,47896,QMLE-Trade,6/07/2005,0.13201
JPM,47896,QMLE-Trade,7/07/2005,0.166584
JPM,47896,QMLE-Trade,8/07/2005,0.16344
JPM,47896,QMLE-Trade,11/07/2005,0.132981
JPM,47896,QMLE-Trade,12/07/2005,0.121175
JPM,47896,QMLE-Trade,13/07/2005,0.127054
JPM,47896,QMLE-Trade,14/07/2005,0.107334
JPM,47896,QMLE-Trade,15/07/2005,0.127493
JPM,47896,QMLE-Trade,18/07/2005,0.12716
JPM,47896,QMLE-Trade,19/07/2005,0.150776
JPM,47896,QMLE-Trade,20/07/2005,0.224277
JPM,47896,QMLE-Trade,21/07/2005,0.205839
JPM,47896,QMLE-Trade,22/07/2005,0.102559
JPM,47896,QMLE-Trade,25/07/2005,0.0870129
JPM,47896,QMLE-Trade,26/07/2005,0.125572
JPM,47896,QMLE-Trade,27/07/2005,0.136684
JPM,47896,QMLE-Trade,28/07/2005,0.107915
JPM,47896,QMLE-Trade,29/07/2005,0.102742
JPM,47896,QMLE-Trade,1/08/2005,0.0919746
JPM,47896,QMLE-Trade,2/08/2005,0.0885968
JPM,47896,QMLE-Trade,3/08/2005,0.0763733
JPM,47896,QMLE-Trade,4/08/2005,0.0337687
JPM,47896,QMLE-Trade,5/08/2005,0.113221
JPM,47896,QMLE-Trade,8/08/2005,0.0992708
JPM,47896,QMLE-Trade,9/08/2005,0.137073
JPM,47896,QMLE-Trade,10/08/2005,0.147473
JPM,47896,QMLE-Trade,11/08/2005,0.158624
JPM,47896,QMLE-Trade,12/08/2005,0.129502
JPM,47896,QMLE-Trade,15/08/2005,0.14614
JPM,47896,QMLE-Trade,16/08/2005,0.182902
JPM,47896,QMLE-Trade,17/08/2005,0.146546
JPM,47896,QMLE-Trade,18/08/2005,0.127258
JPM,47896,QMLE-Trade,19/08/2005,0.113596
JPM,47896,QMLE-Trade,22/08/2005,0.105407
JPM,47896,QMLE-Trade,23/08/2005,0.106387
JPM,47896,QMLE-Trade,24/08/2005,0.146781
JPM,47896,QMLE-Trade,25/08/2005,0.115982
JPM,47896,QMLE-Trade,26/08/2005,0.149686
JPM,47896,QMLE-Trade,29/08/2005,0.14008
JPM,47896,QMLE-Trade,30/08/2005,0.165253
JPM,47896,QMLE-Trade,31/08/2005,0.20576
JPM,47896,QMLE-Trade,1/09/2005,0.213959
JPM,47896,QMLE-Trade,2/09/2005,0.150158
JPM,47896,QMLE-Trade,6/09/2005,0.145874
JPM,47896,QMLE-Trade,7/09/2005,0.109168
JPM,47896,QMLE-Trade,8/09/2005,0.152585
JPM,47896,QMLE-Trade,9/09/2005,0.100946
JPM,47896,QMLE-Trade,12/09/2005,0.111123
JPM,47896,QMLE-Trade,13/09/2005,0.0959155
JPM,47896,QMLE-Trade,14/09/2005,0.106491
JPM,47896,QMLE-Trade,15/09/2005,0.120098
JPM,47896,QMLE-Trade,16/09/2005,0.165678
JPM,47896,QMLE-Trade,19/09/2005,0.164863
JPM,47896,QMLE-Trade,20/09/2005,0.142471
JPM,47896,QMLE-Trade,21/09/2005,0.186043
JPM,47896,QMLE-Trade,22/09/2005,0.210583
JPM,47896,QMLE-Trade,23/09/2005,0.188928
JPM,47896,QMLE-Trade,26/09/2005,0.130746
JPM,47896,QMLE-Trade,27/09/2005,0.159563
JPM,47896,QMLE-Trade,28/09/2005,0.160086
JPM,47896,QMLE-Trade,29/09/2005,0.195672
JPM,47896,QMLE-Trade,30/09/2005,0.161612
JPM,47896,QMLE-Trade,3/10/2005,0.174266
JPM,47896,QMLE-Trade,4/10/2005,0.13706
JPM,47896,QMLE-Trade,5/10/2005,0.168615
JPM,47896,QMLE-Trade,6/10/2005,0.204228
JPM,47896,QMLE-Trade,7/10/2005,0.162118
JPM,47896,QMLE-Trade,10/10/2005,0.16952
JPM,47896,QMLE-Trade,11/10/2005,0.209578
JPM,47896,QMLE-Trade,12/10/2005,0.214105
JPM,47896,QMLE-Trade,13/10/2005,0.250652
JPM,47896,QMLE-Trade,14/10/2005,0.169685
JPM,47896,QMLE-Trade,17/10/2005,0.144481
JPM,47896,QMLE-Trade,18/10/2005,0.155754
JPM,47896,QMLE-Trade,19/10/2005,0.194236
JPM,47896,QMLE-Trade,20/10/2005,0.167107
JPM,47896,QMLE-Trade,21/10/2005,0.11886
JPM,47896,QMLE-Trade,24/10/2005,0.146814
JPM,47896,QMLE-Trade,25/10/2005,0.166392
JPM,47896,QMLE-Trade,26/10/2005,0.150138
JPM,47896,QMLE-Trade,27/10/2005,0.132833
JPM,47896,QMLE-Trade,28/10/2005,0.139907
JPM,47896,QMLE-Trade,31/10/2005,0.141721
JPM,47896,QMLE-Trade,1/11/2005,0.148442
JPM,47896,QMLE-Trade,2/11/2005,0.174718
JPM,47896,QMLE-Trade,3/11/2005,0.190646
JPM,47896,QMLE-Trade,4/11/2005,0.117732
JPM,47896,QMLE-Trade,7/11/2005,0.12995
JPM,47896,QMLE-Trade,8/11/2005,0.103491
JPM,47896,QMLE-Trade,9/11/2005,0.13593
JPM,47896,QMLE-Trade,10/11/2005,0.143161
JPM,47896,QMLE-Trade,11/11/2005,0.0956362
JPM,47896,QMLE-Trade,14/11/2005,0.107287
JPM,47896,QMLE-Trade,15/11/2005,0.122997
JPM,47896,QMLE-Trade,16/11/2005,0.178866
JPM,47896,QMLE-Trade,17/11/2005,0.131986
JPM,47896,QMLE-Trade,18/11/2005,0.158095
JPM,47896,QMLE-Trade,21/11/2005,0.100396
JPM,47896,QMLE-Trade,22/11/2005,0.113752
JPM,47896,QMLE-Trade,23/11/2005,0.153673
JPM,47896,QMLE-Trade,25/11/2005,0.0947626
JPM,47896,QMLE-Trade,28/11/2005,0.136573
JPM,47896,QMLE-Trade,29/11/2005,0.135202
JPM,47896,QMLE-Trade,30/11/2005,0.176514
JPM,47896,QMLE-Trade,1/12/2005,0.135198
JPM,47896,QMLE-Trade,2/12/2005,0.133337
JPM,47896,QMLE-Trade,5/12/2005,0.11693
JPM,47896,QMLE-Trade,6/12/2005,0.103209
JPM,47896,QMLE-Trade,7/12/2005,0.138891
JPM,47896,QMLE-Trade,8/12/2005,0.156801
JPM,47896,QMLE-Trade,9/12/2005,0.132596
JPM,47896,QMLE-Trade,12/12/2005,0.134859
JPM,47896,QMLE-Trade,13/12/2005,0.148306
JPM,47896,QMLE-Trade,14/12/2005,0.138302
JPM,47896,QMLE-Trade,15/12/2005,0.120372
JPM,47896,QMLE-Trade,16/12/2005,0.0873615
JPM,47896,QMLE-Trade,19/12/2005,0.116057
JPM,47896,QMLE-Trade,20/12/2005,0.129297
JPM,47896,QMLE-Trade,21/12/2005,0.113585
JPM,47896,QMLE-Trade,22/12/2005,0.0875401
JPM,47896,QMLE-Trade,23/12/2005,0.092363
JPM,47896,QMLE-Trade,27/12/2005,0.108735
JPM,47896,QMLE-Trade,28/12/2005,0.0969717
JPM,47896,QMLE-Trade,29/12/2005,0.0827466
JPM,47896,QMLE-Trade,30/12/2005,0.107405
JPM,47896,QMLE-Trade,3/01/2006,0.186732
JPM,47896,QMLE-Trade,4/01/2006,0.181294
JPM,47896,QMLE-Trade,5/01/2006,0.141737
JPM,47896,QMLE-Trade,6/01/2006,0.168745
JPM,47896,QMLE-Trade,9/01/2006,0.185852
JPM,47896,QMLE-Trade,10/01/2006,0.139325
JPM,47896,QMLE-Trade,11/01/2006,0.0958962
JPM,47896,QMLE-Trade,12/01/2006,0.133743
JPM,47896,QMLE-Trade,13/01/2006,0.134263
JPM,47896,QMLE-Trade,17/01/2006,0.122165
JPM,47896,QMLE-Trade,18/01/2006,0.229763
JPM,47896,QMLE-Trade,19/01/2006,0.173561
JPM,47896,QMLE-Trade,20/01/2006,0.228391
JPM,47896,QMLE-Trade,23/01/2006,0.185876
JPM,47896,QMLE-Trade,24/01/2006,0.144883
JPM,47896,QMLE-Trade,25/01/2006,0.170126
JPM,47896,QMLE-Trade,26/01/2006,0.197015
JPM,47896,QMLE-Trade,27/01/2006,0.223669
JPM,47896,QMLE-Trade,30/01/2006,0.140347
JPM,47896,QMLE-Trade,31/01/2006,0.166188
JPM,47896,QMLE-Trade,1/02/2006,0.196613
JPM,47896,QMLE-Trade,2/02/2006,0.17029
JPM,47896,QMLE-Trade,3/02/2006,0.167052
JPM,47896,QMLE-Trade,6/02/2006,0.123584
JPM,47896,QMLE-Trade,7/02/2006,0.150636
JPM,47896,QMLE-Trade,8/02/2006,0.115272
JPM,47896,QMLE-Trade,9/02/2006,0.156303
JPM,47896,QMLE-Trade,10/02/2006,0.181855
JPM,47896,QMLE-Trade,13/02/2006,0.176822
JPM,47896,QMLE-Trade,14/02/2006,0.136322
JPM,47896,QMLE-Trade,15/02/2006,0.179319
JPM,47896,QMLE-Trade,16/02/2006,0.110234
JPM,47896,QMLE-Trade,17/02/2006,0.130271
JPM,47896,QMLE-Trade,21/02/2006,0.162945
JPM,47896,QMLE-Trade,22/02/2006,0.125555
JPM,47896,QMLE-Trade,23/02/2006,0.160365
JPM,47896,QMLE-Trade,24/02/2006,0.139565
JPM,47896,QMLE-Trade,27/02/2006,0.162237
JPM,47896,QMLE-Trade,28/02/2006,0.152052
JPM,47896,QMLE-Trade,1/03/2006,0.146447
JPM,47896,QMLE-Trade,2/03/2006,0.121783
JPM,47896,QMLE-Trade,3/03/2006,0.169078
JPM,47896,QMLE-Trade,6/03/2006,0.178535
JPM,47896,QMLE-Trade,7/03/2006,0.165219
JPM,47896,QMLE-Trade,8/03/2006,0.158297
JPM,47896,QMLE-Trade,9/03/2006,0.142498
JPM,47896,QMLE-Trade,10/03/2006,0.137832
JPM,47896,QMLE-Trade,13/03/2006,0.136715
JPM,47896,QMLE-Trade,14/03/2006,0.095309
JPM,47896,QMLE-Trade,15/03/2006,0.11637
JPM,47896,QMLE-Trade,16/03/2006,0.138799
JPM,47896,QMLE-Trade,17/03/2006,0.104412
JPM,47896,QMLE-Trade,20/03/2006,0.120698
JPM,47896,QMLE-Trade,21/03/2006,0.178413
JPM,47896,QMLE-Trade,22/03/2006,0.141943
JPM,47896,QMLE-Trade,23/03/2006,0.165614
JPM,47896,QMLE-Trade,24/03/2006,0.153759
JPM,47896,QMLE-Trade,27/03/2006,0.140018
JPM,47896,QMLE-Trade,28/03/2006,0.193755
JPM,47896,QMLE-Trade,29/03/2006,0.176222
JPM,47896,QMLE-Trade,30/03/2006,0.194675
JPM,47896,QMLE-Trade,31/03/2006,0.138282
JPM,47896,QMLE-Trade,3/04/2006,0.136714
JPM,47896,QMLE-Trade,4/04/2006,0.166067
JPM,47896,QMLE-Trade,5/04/2006,0.152001
JPM,47896,QMLE-Trade,6/04/2006,0.143952
JPM,47896,QMLE-Trade,7/04/2006,0.17633
JPM,47896,QMLE-Trade,10/04/2006,0.151769
JPM,47896,QMLE-Trade,11/04/2006,0.174397
JPM,47896,QMLE-Trade,12/04/2006,0.0978334
JPM,47896,QMLE-Trade,13/04/2006,0.147906
JPM,47896,QMLE-Trade,17/04/2006,0.130672
JPM,47896,QMLE-Trade,18/04/2006,0.186445
JPM,47896,QMLE-Trade,19/04/2006,0.193957
JPM,47896,QMLE-Trade,20/04/2006,0.172986
JPM,47896,QMLE-Trade,21/04/2006,0.145206
JPM,47896,QMLE-Trade,24/04/2006,0.143963
JPM,47896,QMLE-Trade,25/04/2006,0.141511
JPM,47896,QMLE-Trade,26/04/2006,0.142292
JPM,47896,QMLE-Trade,27/04/2006,0.185595
JPM,47896,QMLE-Trade,28/04/2006,0.254221
JPM,47896,QMLE-Trade,1/05/2006,0.179292
JPM,47896,QMLE-Trade,2/05/2006,0.163841
JPM,47896,QMLE-Trade,3/05/2006,0.117789
JPM,47896,QMLE-Trade,4/05/2006,0.0982558
JPM,47896,QMLE-Trade,5/05/2006,0.129709
JPM,47896,QMLE-Trade,8/05/2006,0.122272
JPM,47896,QMLE-Trade,9/05/2006,0.101119
JPM,47896,QMLE-Trade,10/05/2006,0.172264
JPM,47896,QMLE-Trade,11/05/2006,0.162142
JPM,47896,QMLE-Trade,12/05/2006,0.180334
JPM,47896,QMLE-Trade,15/05/2006,0.181267
JPM,47896,QMLE-Trade,16/05/2006,0.161087
JPM,47896,QMLE-Trade,17/05/2006,0.220823
JPM,47896,QMLE-Trade,18/05/2006,0.198776
JPM,47896,QMLE-Trade,19/05/2006,0.177073
JPM,47896,QMLE-Trade,22/05/2006,0.233195
JPM,47896,QMLE-Trade,23/05/2006,0.167029
JPM,47896,QMLE-Trade,24/05/2006,0.26493
JPM,47896,QMLE-Trade,25/05/2006,0.144797
JPM,47896,QMLE-Trade,26/05/2006,0.128666
JPM,47896,QMLE-Trade,30/05/2006,0.170539
JPM,47896,QMLE-Trade,31/05/2006,0.187851
JPM,47896,QMLE-Trade,1/06/2006,0.127038
JPM,47896,QMLE-Trade,2/06/2006,0.170455
JPM,47896,QMLE-Trade,5/06/2006,0.153475
JPM,47896,QMLE-Trade,6/06/2006,0.22206
JPM,47896,QMLE-Trade,7/06/2006,0.19083
JPM,47896,QMLE-Trade,8/06/2006,0.270636
JPM,47896,QMLE-Trade,9/06/2006,0.211725
JPM,47896,QMLE-Trade,12/06/2006,0.17541
JPM,47896,QMLE-Trade,13/06/2006,0.287416
JPM,47896,QMLE-Trade,14/06/2006,0.262727
JPM,47896,QMLE-Trade,15/06/2006,0.180159
JPM,47896,QMLE-Trade,16/06/2006,0.166736
JPM,47896,QMLE-Trade,19/06/2006,0.195319
JPM,47896,QMLE-Trade,20/06/2006,0.158152
JPM,47896,QMLE-Trade,21/06/2006,0.215163
JPM,47896,QMLE-Trade,22/06/2006,0.178419
JPM,47896,QMLE-Trade,23/06/2006,0.203209
JPM,47896,QMLE-Trade,26/06/2006,0.169732
JPM,47896,QMLE-Trade,27/06/2006,0.259265
JPM,47896,QMLE-Trade,28/06/2006,0.151906
JPM,47896,QMLE-Trade,29/06/2006,0.216306
JPM,47896,QMLE-Trade,30/06/2006,0.160261
JPM,47896,QMLE-Trade,3/07/2006,0.163043
JPM,47896,QMLE-Trade,5/07/2006,0.174765
JPM,47896,QMLE-Trade,6/07/2006,0.138837
JPM,47896,QMLE-Trade,7/07/2006,0.151154
JPM,47896,QMLE-Trade,10/07/2006,0.0898701
JPM,47896,QMLE-Trade,11/07/2006,0.124595
JPM,47896,QMLE-Trade,12/07/2006,0.178884
JPM,47896,QMLE-Trade,13/07/2006,0.197048
JPM,47896,QMLE-Trade,14/07/2006,0.211611
JPM,47896,QMLE-Trade,17/07/2006,0.150316
JPM,47896,QMLE-Trade,18/07/2006,0.238609
JPM,47896,QMLE-Trade,19/07/2006,0.239203
JPM,47896,QMLE-Trade,20/07/2006,0.201562
JPM,47896,QMLE-Trade,21/07/2006,0.193497
JPM,47896,QMLE-Trade,24/07/2006,0.177278
JPM,47896,QMLE-Trade,25/07/2006,0.183676
JPM,47896,QMLE-Trade,26/07/2006,0.160204
JPM,47896,QMLE-Trade,27/07/2006,0.195554
JPM,47896,QMLE-Trade,28/07/2006,0.167426
JPM,47896,QMLE-Trade,31/07/2006,0.130327
JPM,47896,QMLE-Trade,1/08/2006,0.130215
JPM,47896,QMLE-Trade,2/08/2006,0.133258
JPM,47896,QMLE-Trade,3/08/2006,0.130509
JPM,47896,QMLE-Trade,4/08/2006,0.179373
JPM,47896,QMLE-Trade,7/08/2006,0.116802
JPM,47896,QMLE-Trade,8/08/2006,0.202293
JPM,47896,QMLE-Trade,9/08/2006,0.168856
JPM,47896,QMLE-Trade,10/08/2006,0.153349
JPM,47896,QMLE-Trade,11/08/2006,0.140446
JPM,47896,QMLE-Trade,14/08/2006,0.154817
JPM,47896,QMLE-Trade,15/08/2006,0.171324
JPM,47896,QMLE-Trade,16/08/2006,0.128277
JPM,47896,QMLE-Trade,17/08/2006,0.126909
JPM,47896,QMLE-Trade,18/08/2006,0.134006
JPM,47896,QMLE-Trade,21/08/2006,0.108056
JPM,47896,QMLE-Trade,22/08/2006,0.119699
JPM,47896,QMLE-Trade,23/08/2006,0.1093
JPM,47896,QMLE-Trade,24/08/2006,0.0763115
JPM,47896,QMLE-Trade,25/08/2006,0.129388
JPM,47896,QMLE-Trade,28/08/2006,0.109144
JPM,47896,QMLE-Trade,29/08/2006,0.121734
JPM,47896,QMLE-Trade,30/08/2006,0.0984396
JPM,47896,QMLE-Trade,31/08/2006,0.0897656
JPM,47896,QMLE-Trade,1/09/2006,0.104853
JPM,47896,QMLE-Trade,5/09/2006,0.0972151
JPM,47896,QMLE-Trade,6/09/2006,0.102468
JPM,47896,QMLE-Trade,7/09/2006,0.133557
JPM,47896,QMLE-Trade,8/09/2006,0.134762
JPM,47896,QMLE-Trade,11/09/2006,0.137416
JPM,47896,QMLE-Trade,12/09/2006,0.126014
JPM,47896,QMLE-Trade,13/09/2006,0.157153
JPM,47896,QMLE-Trade,14/09/2006,0.114697
JPM,47896,QMLE-Trade,15/09/2006,0.137736
JPM,47896,QMLE-Trade,18/09/2006,0.142217
JPM,47896,QMLE-Trade,19/09/2006,0.121276
JPM,47896,QMLE-Trade,20/09/2006,0.138954
JPM,47896,QMLE-Trade,21/09/2006,0.137004
JPM,47896,QMLE-Trade,22/09/2006,0.117111
JPM,47896,QMLE-Trade,25/09/2006,0.141486
JPM,47896,QMLE-Trade,26/09/2006,0.130944
JPM,47896,QMLE-Trade,27/09/2006,0.18178
JPM,47896,QMLE-Trade,28/09/2006,0.124615
JPM,47896,QMLE-Trade,29/09/2006,0.115312
JPM,47896,QMLE-Trade,2/10/2006,0.136791
JPM,47896,QMLE-Trade,3/10/2006,0.141544
JPM,47896,QMLE-Trade,4/10/2006,0.155733
JPM,47896,QMLE-Trade,5/10/2006,0.105902
JPM,47896,QMLE-Trade,6/10/2006,0.125348
JPM,47896,QMLE-Trade,9/10/2006,0.100811
JPM,47896,QMLE-Trade,10/10/2006,0.133024
JPM,47896,QMLE-Trade,11/10/2006,0.148066
JPM,47896,QMLE-Trade,12/10/2006,0.110483
JPM,47896,QMLE-Trade,13/10/2006,0.150766
JPM,47896,QMLE-Trade,16/10/2006,0.122665
JPM,47896,QMLE-Trade,17/10/2006,0.25807
JPM,47896,QMLE-Trade,18/10/2006,0.258523
JPM,47896,QMLE-Trade,19/10/2006,0.17376
JPM,47896,QMLE-Trade,20/10/2006,0.135882
JPM,47896,QMLE-Trade,23/10/2006,0.143426
JPM,47896,QMLE-Trade,24/10/2006,0.141864
JPM,47896,QMLE-Trade,25/10/2006,0.145961
JPM,47896,QMLE-Trade,26/10/2006,0.123834
JPM,47896,QMLE-Trade,27/10/2006,0.133024
JPM,47896,QMLE-Trade,30/10/2006,0.138113
JPM,47896,QMLE-Trade,31/10/2006,0.138079
JPM,47896,QMLE-Trade,1/11/2006,0.126288
JPM,47896,QMLE-Trade,2/11/2006,0.122978
JPM,47896,QMLE-Trade,3/11/2006,0.164164
JPM,47896,QMLE-Trade,6/11/2006,0.122071
JPM,47896,QMLE-Trade,7/11/2006,0.140165
JPM,47896,QMLE-Trade,8/11/2006,0.13467
JPM,47896,QMLE-Trade,9/11/2006,0.139595
JPM,47896,QMLE-Trade,10/11/2006,0.0874263
JPM,47896,QMLE-Trade,13/11/2006,0.112613
JPM,47896,QMLE-Trade,14/11/2006,0.134138
JPM,47896,QMLE-Trade,15/11/2006,0.12677
JPM,47896,QMLE-Trade,16/11/2006,0.127862
JPM,47896,QMLE-Trade,17/11/2006,0.0967787
JPM,47896,QMLE-Trade,20/11/2006,0.113343
JPM,47896,QMLE-Trade,21/11/2006,0.122056
JPM,47896,QMLE-Trade,22/11/2006,0.11311
JPM,47896,QMLE-Trade,24/11/2006,0.103341
JPM,47896,QMLE-Trade,27/11/2006,0.146799
JPM,47896,QMLE-Trade,28/11/2006,0.168738
JPM,47896,QMLE-Trade,29/11/2006,0.161663
JPM,47896,QMLE-Trade,30/11/2006,0.166585
JPM,47896,QMLE-Trade,1/12/2006,0.195162
JPM,47896,QMLE-Trade,4/12/2006,0.109783
JPM,47896,QMLE-Trade,5/12/2006,0.143512
JPM,47896,QMLE-Trade,6/12/2006,0.103
JPM,47896,QMLE-Trade,7/12/2006,0.0954182
JPM,47896,QMLE-Trade,8/12/2006,0.151151
JPM,47896,QMLE-Trade,11/12/2006,0.186141
JPM,47896,QMLE-Trade,12/12/2006,0.179517
JPM,47896,QMLE-Trade,13/12/2006,0.150926
JPM,47896,QMLE-Trade,14/12/2006,0.138049
JPM,47896,QMLE-Trade,15/12/2006,0.131636
JPM,47896,QMLE-Trade,18/12/2006,0.16961
JPM,47896,QMLE-Trade,19/12/2006,0.150698
JPM,47896,QMLE-Trade,20/12/2006,0.0929381
JPM,47896,QMLE-Trade,21/12/2006,0.169546
JPM,47896,QMLE-Trade,22/12/2006,0.16185
JPM,47896,QMLE-Trade,26/12/2006,0.0927548
JPM,47896,QMLE-Trade,27/12/2006,0.17074
JPM,47896,QMLE-Trade,28/12/2006,0.109729
JPM,47896,QMLE-Trade,29/12/2006,0.134042
JPM,47896,QMLE-Trade,3/01/2007,0.231743
JPM,47896,QMLE-Trade,4/01/2007,0.153515
JPM,47896,QMLE-Trade,5/01/2007,0.151459
JPM,47896,QMLE-Trade,8/01/2007,0.147039
JPM,47896,QMLE-Trade,9/01/2007,0.146278
JPM,47896,QMLE-Trade,10/01/2007,0.126405
JPM,47896,QMLE-Trade,11/01/2007,0.12211
JPM,47896,QMLE-Trade,12/01/2007,0.117044
JPM,47896,QMLE-Trade,16/01/2007,0.114471
JPM,47896,QMLE-Trade,17/01/2007,0.193449
JPM,47896,QMLE-Trade,18/01/2007,0.179627
JPM,47896,QMLE-Trade,19/01/2007,0.132313
JPM,47896,QMLE-Trade,22/01/2007,0.16357
JPM,47896,QMLE-Trade,23/01/2007,0.160947
JPM,47896,QMLE-Trade,24/01/2007,0.145281
JPM,47896,QMLE-Trade,25/01/2007,0.143842
JPM,47896,QMLE-Trade,26/01/2007,0.14196
JPM,47896,QMLE-Trade,29/01/2007,0.116325
JPM,47896,QMLE-Trade,30/01/2007,0.129387
JPM,47896,QMLE-Trade,31/01/2007,0.153787
JPM,47896,QMLE-Trade,1/02/2007,0.0907461
JPM,47896,QMLE-Trade,2/02/2007,0.101935
JPM,47896,QMLE-Trade,5/02/2007,0.0987946
JPM,47896,QMLE-Trade,6/02/2007,0.103629
JPM,47896,QMLE-Trade,7/02/2007,0.0827926
JPM,47896,QMLE-Trade,8/02/2007,0.108496
JPM,47896,QMLE-Trade,9/02/2007,0.129965
JPM,47896,QMLE-Trade,12/02/2007,0.108827
JPM,47896,QMLE-Trade,13/02/2007,0.0871119
JPM,47896,QMLE-Trade,14/02/2007,0.0863528
JPM,47896,QMLE-Trade,15/02/2007,0.122764
JPM,47896,QMLE-Trade,16/02/2007,0.0937287
JPM,47896,QMLE-Trade,20/02/2007,0.103677
JPM,47896,QMLE-Trade,21/02/2007,0.11261
JPM,47896,QMLE-Trade,22/02/2007,0.105413
JPM,47896,QMLE-Trade,23/02/2007,0.120638
JPM,47896,QMLE-Trade,26/02/2007,0.14724
JPM,47896,QMLE-Trade,27/02/2007,0.346496
JPM,47896,QMLE-Trade,28/02/2007,0.256165
JPM,47896,QMLE-Trade,1/03/2007,0.280513
JPM,47896,QMLE-Trade,2/03/2007,0.188893
JPM,47896,QMLE-Trade,5/03/2007,0.245142
JPM,47896,QMLE-Trade,6/03/2007,0.183046
JPM,47896,QMLE-Trade,7/03/2007,0.16546
JPM,47896,QMLE-Trade,8/03/2007,0.152968
JPM,47896,QMLE-Trade,9/03/2007,0.161559
JPM,47896,QMLE-Trade,12/03/2007,0.118584
JPM,47896,QMLE-Trade,13/03/2007,0.224817
JPM,47896,QMLE-Trade,14/03/2007,0.306673
JPM,47896,QMLE-Trade,15/03/2007,0.212859
JPM,47896,QMLE-Trade,16/03/2007,0.174978
JPM,47896,QMLE-Trade,19/03/2007,0.147642
JPM,47896,QMLE-Trade,20/03/2007,0.162175
JPM,47896,QMLE-Trade,21/03/2007,0.247044
JPM,47896,QMLE-Trade,22/03/2007,0.170983
JPM,47896,QMLE-Trade,23/03/2007,0.142005
JPM,47896,QMLE-Trade,26/03/2007,0.220077
JPM,47896,QMLE-Trade,27/03/2007,0.158035
JPM,47896,QMLE-Trade,28/03/2007,0.196682
JPM,47896,QMLE-Trade,29/03/2007,0.220618
JPM,47896,QMLE-Trade,30/03/2007,0.23173
JPM,47896,QMLE-Trade,2/04/2007,0.160341
JPM,47896,QMLE-Trade,3/04/2007,0.116411
JPM,47896,QMLE-Trade,4/04/2007,0.133969
JPM,47896,QMLE-Trade,5/04/2007,0.118905
JPM,47896,QMLE-Trade,9/04/2007,0.111526
JPM,47896,QMLE-Trade,10/04/2007,0.121503
JPM,47896,QMLE-Trade,11/04/2007,0.130266
JPM,47896,QMLE-Trade,12/04/2007,0.169566
JPM,47896,QMLE-Trade,13/04/2007,0.171513
JPM,47896,QMLE-Trade,16/04/2007,0.143768
JPM,47896,QMLE-Trade,17/04/2007,0.166575
JPM,47896,QMLE-Trade,18/04/2007,0.195452
JPM,47896,QMLE-Trade,19/04/2007,0.14255
JPM,47896,QMLE-Trade,20/04/2007,0.157863
JPM,47896,QMLE-Trade,23/04/2007,0.128963
JPM,47896,QMLE-Trade,24/04/2007,0.126476
JPM,47896,QMLE-Trade,25/04/2007,0.143162
JPM,47896,QMLE-Trade,26/04/2007,0.129051
JPM,47896,QMLE-Trade,27/04/2007,0.149434
JPM,47896,QMLE-Trade,30/04/2007,0.17316
JPM,47896,QMLE-Trade,1/05/2007,0.169
JPM,47896,QMLE-Trade,2/05/2007,0.143318
JPM,47896,QMLE-Trade,3/05/2007,0.140779
JPM,47896,QMLE-Trade,4/05/2007,0.13638
JPM,47896,QMLE-Trade,7/05/2007,0.106063
JPM,47896,QMLE-Trade,8/05/2007,0.118608
JPM,47896,QMLE-Trade,9/05/2007,0.168652
JPM,47896,QMLE-Trade,10/05/2007,0.170785
JPM,47896,QMLE-Trade,11/05/2007,0.152425
JPM,47896,QMLE-Trade,14/05/2007,0.141753
JPM,47896,QMLE-Trade,15/05/2007,0.191819
JPM,47896,QMLE-Trade,16/05/2007,0.137407
JPM,47896,QMLE-Trade,17/05/2007,0.124172
JPM,47896,QMLE-Trade,18/05/2007,0.101065
JPM,47896,QMLE-Trade,21/05/2007,0.115711
JPM,47896,QMLE-Trade,22/05/2007,0.132446
JPM,47896,QMLE-Trade,23/05/2007,0.148704
JPM,47896,QMLE-Trade,24/05/2007,0.173155
JPM,47896,QMLE-Trade,25/05/2007,0.147897
JPM,47896,QMLE-Trade,29/05/2007,0.1252
JPM,47896,QMLE-Trade,30/05/2007,0.140155
JPM,47896,QMLE-Trade,31/05/2007,0.14274
JPM,47896,QMLE-Trade,1/06/2007,0.112719
JPM,47896,QMLE-Trade,4/06/2007,0.102596
JPM,47896,QMLE-Trade,5/06/2007,0.0835542
JPM,47896,QMLE-Trade,6/06/2007,0.165674
JPM,47896,QMLE-Trade,7/06/2007,0.158338
JPM,47896,QMLE-Trade,8/06/2007,0.148707
JPM,47896,QMLE-Trade,11/06/2007,0.126891
JPM,47896,QMLE-Trade,12/06/2007,0.186756
JPM,47896,QMLE-Trade,13/06/2007,0.162341
JPM,47896,QMLE-Trade,14/06/2007,0.139288
JPM,47896,QMLE-Trade,15/06/2007,0.129406
JPM,47896,QMLE-Trade,18/06/2007,0.108529
JPM,47896,QMLE-Trade,19/06/2007,0.125486
JPM,47896,QMLE-Trade,20/06/2007,0.166305
JPM,47896,QMLE-Trade,21/06/2007,0.203789
JPM,47896,QMLE-Trade,22/06/2007,0.191804
JPM,47896,QMLE-Trade,25/06/2007,0.241721
JPM,47896,QMLE-Trade,26/06/2007,0.237654
JPM,47896,QMLE-Trade,27/06/2007,0.214954
JPM,47896,QMLE-Trade,28/06/2007,0.199011
JPM,47896,QMLE-Trade,29/06/2007,0.224303
JPM,47896,QMLE-Trade,2/07/2007,0.122973
JPM,47896,QMLE-Trade,3/07/2007,0.162241
JPM,47896,QMLE-Trade,5/07/2007,0.117897
JPM,47896,QMLE-Trade,6/07/2007,0.121433
JPM,47896,QMLE-Trade,9/07/2007,0.133557
JPM,47896,QMLE-Trade,10/07/2007,0.175379
JPM,47896,QMLE-Trade,11/07/2007,0.189981
JPM,47896,QMLE-Trade,12/07/2007,0.157303
JPM,47896,QMLE-Trade,13/07/2007,0.170429
JPM,47896,QMLE-Trade,16/07/2007,0.163678
JPM,47896,QMLE-Trade,17/07/2007,0.173261
JPM,47896,QMLE-Trade,18/07/2007,0.323019
JPM,47896,QMLE-Trade,19/07/2007,0.284923
JPM,47896,QMLE-Trade,20/07/2007,0.270796
JPM,47896,QMLE-Trade,23/07/2007,0.176724
JPM,47896,QMLE-Trade,24/07/2007,0.2874
JPM,47896,QMLE-Trade,25/07/2007,0.368498
JPM,47896,QMLE-Trade,26/07/2007,0.414631
JPM,47896,QMLE-Trade,27/07/2007,0.383229
JPM,47896,QMLE-Trade,30/07/2007,0.3344
JPM,47896,QMLE-Trade,31/07/2007,0.300708
JPM,47896,QMLE-Trade,1/08/2007,0.407651
JPM,47896,QMLE-Trade,2/08/2007,0.253608
JPM,47896,QMLE-Trade,3/08/2007,0.321366
JPM,47896,QMLE-Trade,6/08/2007,0.365344
JPM,47896,QMLE-Trade,7/08/2007,0.483221
JPM,47896,QMLE-Trade,8/08/2007,0.471901
JPM,47896,QMLE-Trade,9/08/2007,0.525805
JPM,47896,QMLE-Trade,10/08/2007,0.741553
JPM,47896,QMLE-Trade,13/08/2007,0.3717
JPM,47896,QMLE-Trade,14/08/2007,0.360768
JPM,47896,QMLE-Trade,15/08/2007,0.442057
JPM,47896,QMLE-Trade,16/08/2007,0.777678
JPM,47896,QMLE-Trade,17/08/2007,0.6296
JPM,47896,QMLE-Trade,20/08/2007,0.411897
JPM,47896,QMLE-Trade,21/08/2007,0.373835
JPM,47896,QMLE-Trade,22/08/2007,0.306417
JPM,47896,QMLE-Trade,23/08/2007,0.377232
JPM,47896,QMLE-Trade,24/08/2007,0.26184
JPM,47896,QMLE-Trade,27/08/2007,0.21413
JPM,47896,QMLE-Trade,28/08/2007,0.215708
JPM,47896,QMLE-Trade,29/08/2007,0.242236
JPM,47896,QMLE-Trade,30/08/2007,0.321719
JPM,47896,QMLE-Trade,31/08/2007,0.280942
JPM,47896,QMLE-Trade,4/09/2007,0.212586
JPM,47896,QMLE-Trade,5/09/2007,0.225553
JPM,47896,QMLE-Trade,6/09/2007,0.234139
JPM,47896,QMLE-Trade,7/09/2007,0.293474
JPM,47896,QMLE-Trade,10/09/2007,0.241516
JPM,47896,QMLE-Trade,11/09/2007,0.245195
JPM,47896,QMLE-Trade,12/09/2007,0.190717
JPM,47896,QMLE-Trade,13/09/2007,0.204782
JPM,47896,QMLE-Trade,14/09/2007,0.190927
JPM,47896,QMLE-Trade,17/09/2007,0.19053
JPM,47896,QMLE-Trade,18/09/2007,0.293853
JPM,47896,QMLE-Trade,19/09/2007,0.23878
JPM,47896,QMLE-Trade,20/09/2007,0.197631
JPM,47896,QMLE-Trade,21/09/2007,0.216371
JPM,47896,QMLE-Trade,24/09/2007,0.195252
JPM,47896,QMLE-Trade,25/09/2007,0.205131
JPM,47896,QMLE-Trade,26/09/2007,0.242139
JPM,47896,QMLE-Trade,27/09/2007,0.178503
JPM,47896,QMLE-Trade,28/09/2007,0.140168
JPM,47896,QMLE-Trade,1/10/2007,0.234429
JPM,47896,QMLE-Trade,2/10/2007,0.191785
JPM,47896,QMLE-Trade,3/10/2007,0.175165
JPM,47896,QMLE-Trade,4/10/2007,0.14702
JPM,47896,QMLE-Trade,5/10/2007,0.164719
JPM,47896,QMLE-Trade,8/10/2007,0.1213
JPM,47896,QMLE-Trade,9/10/2007,0.16275
JPM,47896,QMLE-Trade,10/10/2007,0.162396
JPM,47896,QMLE-Trade,11/10/2007,0.252699
JPM,47896,QMLE-Trade,12/10/2007,0.177873
JPM,47896,QMLE-Trade,15/10/2007,0.187399
JPM,47896,QMLE-Trade,16/10/2007,0.266962
JPM,47896,QMLE-Trade,17/10/2007,0.409184
JPM,47896,QMLE-Trade,18/10/2007,0.272979
JPM,47896,QMLE-Trade,19/10/2007,0.302031
JPM,47896,QMLE-Trade,22/10/2007,0.340979
JPM,47896,QMLE-Trade,23/10/2007,0.25381
JPM,47896,QMLE-Trade,24/10/2007,0.34794
JPM,47896,QMLE-Trade,25/10/2007,0.353381
JPM,47896,QMLE-Trade,26/10/2007,0.287014
JPM,47896,QMLE-Trade,29/10/2007,0.202116
JPM,47896,QMLE-Trade,30/10/2007,0.232928
JPM,47896,QMLE-Trade,31/10/2007,0.329069
JPM,47896,QMLE-Trade,1/11/2007,0.338627
JPM,47896,QMLE-Trade,2/11/2007,0.495531
JPM,47896,QMLE-Trade,5/11/2007,0.447017
JPM,47896,QMLE-Trade,6/11/2007,0.299229
JPM,47896,QMLE-Trade,7/11/2007,0.442979
JPM,47896,QMLE-Trade,8/11/2007,0.610974
JPM,47896,QMLE-Trade,9/11/2007,0.579882
JPM,47896,QMLE-Trade,12/11/2007,0.434143
JPM,47896,QMLE-Trade,13/11/2007,0.488375
JPM,47896,QMLE-Trade,14/11/2007,0.422923
JPM,47896,QMLE-Trade,15/11/2007,0.415843
JPM,47896,QMLE-Trade,16/11/2007,0.406721
JPM,47896,QMLE-Trade,19/11/2007,0.399847
JPM,47896,QMLE-Trade,20/11/2007,0.580275
JPM,47896,QMLE-Trade,21/11/2007,0.534808
JPM,47896,QMLE-Trade,23/11/2007,0.366211
JPM,47896,QMLE-Trade,26/11/2007,0.362731
JPM,47896,QMLE-Trade,27/11/2007,0.484967
JPM,47896,QMLE-Trade,28/11/2007,0.374322
JPM,47896,QMLE-Trade,29/11/2007,0.403106
JPM,47896,QMLE-Trade,30/11/2007,0.436611
JPM,47896,QMLE-Trade,3/12/2007,0.336371
JPM,47896,QMLE-Trade,4/12/2007,0.381725
JPM,47896,QMLE-Trade,5/12/2007,0.397064
JPM,47896,QMLE-Trade,6/12/2007,0.331284
JPM,47896,QMLE-Trade,7/12/2007,0.358357
JPM,47896,QMLE-Trade,10/12/2007,0.312221
JPM,47896,QMLE-Trade,11/12/2007,0.457758
JPM,47896,QMLE-Trade,12/12/2007,0.49808
JPM,47896,QMLE-Trade,13/12/2007,0.412916
JPM,47896,QMLE-Trade,14/12/2007,0.354201
JPM,47896,QMLE-Trade,17/12/2007,0.377355
JPM,47896,QMLE-Trade,18/12/2007,0.366862
JPM,47896,QMLE-Trade,19/12/2007,0.395319
JPM,47896,QMLE-Trade,20/12/2007,0.324274
JPM,47896,QMLE-Trade,21/12/2007,0.244084
JPM,47896,QMLE-Trade,24/12/2007,0.385687
JPM,47896,QMLE-Trade,26/12/2007,0.234631
JPM,47896,QMLE-Trade,27/12/2007,0.220367
JPM,47896,QMLE-Trade,28/12/2007,0.2532
JPM,47896,QMLE-Trade,31/12/2007,0.268562
JPM,47896,QMLE-Trade,2/01/2008,0.336427
JPM,47896,QMLE-Trade,3/01/2008,0.309252
JPM,47896,QMLE-Trade,4/01/2008,0.363877
JPM,47896,QMLE-Trade,7/01/2008,0.449829
JPM,47896,QMLE-Trade,8/01/2008,0.479685
JPM,47896,QMLE-Trade,9/01/2008,0.58715
JPM,47896,QMLE-Trade,10/01/2008,0.611465
JPM,47896,QMLE-Trade,11/01/2008,0.58047
JPM,47896,QMLE-Trade,14/01/2008,0.350911
JPM,47896,QMLE-Trade,15/01/2008,0.431293
JPM,47896,QMLE-Trade,16/01/2008,0.766105
JPM,47896,QMLE-Trade,17/01/2008,0.611586
JPM,47896,QMLE-Trade,18/01/2008,0.655879
JPM,47896,QMLE-Trade,22/01/2008,0.885441
JPM,47896,QMLE-Trade,23/01/2008,0.858342
JPM,47896,QMLE-Trade,24/01/2008,0.589545
JPM,47896,QMLE-Trade,25/01/2008,0.52659
JPM,47896,QMLE-Trade,28/01/2008,0.432474
JPM,47896,QMLE-Trade,29/01/2008,0.572328
JPM,47896,QMLE-Trade,30/01/2008,0.616741
JPM,47896,QMLE-Trade,31/01/2008,0.627667
JPM,47896,QMLE-Trade,1/02/2008,0.444996
JPM,47896,QMLE-Trade,4/02/2008,0.336781
JPM,47896,QMLE-Trade,5/02/2008,0.444205
JPM,47896,QMLE-Trade,6/02/2008,0.465324
JPM,47896,QMLE-Trade,7/02/2008,0.583201
JPM,47896,QMLE-Trade,8/02/2008,0.428512
JPM,47896,QMLE-Trade,11/02/2008,0.420289
JPM,47896,QMLE-Trade,12/02/2008,0.422155
JPM,47896,QMLE-Trade,13/02/2008,0.389999
JPM,47896,QMLE-Trade,14/02/2008,0.38682
JPM,47896,QMLE-Trade,15/02/2008,0.331322
JPM,47896,QMLE-Trade,19/02/2008,0.402629
JPM,47896,QMLE-Trade,20/02/2008,0.476004
JPM,47896,QMLE-Trade,21/02/2008,0.38392
JPM,47896,QMLE-Trade,22/02/2008,0.36435
JPM,47896,QMLE-Trade,25/02/2008,0.505057
JPM,47896,QMLE-Trade,26/02/2008,0.377394
JPM,47896,QMLE-Trade,27/02/2008,0.388897
JPM,47896,QMLE-Trade,28/02/2008,0.293346
JPM,47896,QMLE-Trade,29/02/2008,0.344187
JPM,47896,QMLE-Trade,3/03/2008,0.419432
JPM,47896,QMLE-Trade,4/03/2008,0.441446
JPM,47896,QMLE-Trade,5/03/2008,0.493174
JPM,47896,QMLE-Trade,6/03/2008,0.409833
JPM,47896,QMLE-Trade,7/03/2008,0.589004
JPM,47896,QMLE-Trade,10/03/2008,0.558449
JPM,47896,QMLE-Trade,11/03/2008,0.544601
JPM,47896,QMLE-Trade,12/03/2008,0.531153
JPM,47896,QMLE-Trade,13/03/2008,0.733559
JPM,47896,QMLE-Trade,14/03/2008,0.912665
JPM,47896,QMLE-Trade,17/03/2008,1.07264
JPM,47896,QMLE-Trade,18/03/2008,0.741957
JPM,47896,QMLE-Trade,19/03/2008,0.589789
JPM,47896,QMLE-Trade,20/03/2008,0.506739
JPM,47896,QMLE-Trade,24/03/2008,0.672442
JPM,47896,QMLE-Trade,25/03/2008,0.528149
JPM,47896,QMLE-Trade,26/03/2008,0.431199
JPM,47896,QMLE-Trade,27/03/2008,0.540565
JPM,47896,QMLE-Trade,28/03/2008,0.460332
JPM,47896,QMLE-Trade,31/03/2008,0.437928
JPM,47896,QMLE-Trade,1/04/2008,0.375841
JPM,47896,QMLE-Trade,2/04/2008,0.461237
JPM,47896,QMLE-Trade,3/04/2008,0.425725
JPM,47896,QMLE-Trade,4/04/2008,0.364455
JPM,47896,QMLE-Trade,7/04/2008,0.336565
JPM,47896,QMLE-Trade,8/04/2008,0.310042
JPM,47896,QMLE-Trade,9/04/2008,0.297669
JPM,47896,QMLE-Trade,10/04/2008,0.347917
JPM,47896,QMLE-Trade,11/04/2008,0.327723
JPM,47896,QMLE-Trade,14/04/2008,0.301908
JPM,47896,QMLE-Trade,15/04/2008,0.367501
JPM,47896,QMLE-Trade,16/04/2008,0.424173
JPM,47896,QMLE-Trade,17/04/2008,0.35847
JPM,47896,QMLE-Trade,18/04/2008,0.329336
JPM,47896,QMLE-Trade,21/04/2008,0.241398
JPM,47896,QMLE-Trade,22/04/2008,0.315119
JPM,47896,QMLE-Trade,23/04/2008,0.359398
JPM,47896,QMLE-Trade,24/04/2008,0.357768
JPM,47896,QMLE-Trade,25/04/2008,0.288258
JPM,47896,QMLE-Trade,28/04/2008,0.323872
JPM,47896,QMLE-Trade,29/04/2008,0.250739
JPM,47896,QMLE-Trade,30/04/2008,0.35083
JPM,47896,QMLE-Trade,1/05/2008,0.355885
JPM,47896,QMLE-Trade,2/05/2008,0.331839
JPM,47896,QMLE-Trade,5/05/2008,0.240328
JPM,47896,QMLE-Trade,6/05/2008,0.26891
JPM,47896,QMLE-Trade,7/05/2008,0.288915
JPM,47896,QMLE-Trade,8/05/2008,0.308616
JPM,47896,QMLE-Trade,9/05/2008,0.295981
JPM,47896,QMLE-Trade,12/05/2008,0.286656
JPM,47896,QMLE-Trade,13/05/2008,0.290224
JPM,47896,QMLE-Trade,14/05/2008,0.311542
JPM,47896,QMLE-Trade,15/05/2008,0.258418
JPM,47896,QMLE-Trade,16/05/2008,0.301587
JPM,47896,QMLE-Trade,19/05/2008,0.269828
JPM,47896,QMLE-Trade,20/05/2008,0.266418
JPM,47896,QMLE-Trade,21/05/2008,0.327448
JPM,47896,QMLE-Trade,22/05/2008,0.346539
JPM,47896,QMLE-Trade,23/05/2008,0.266303
JPM,47896,QMLE-Trade,27/05/2008,0.320616
JPM,47896,QMLE-Trade,28/05/2008,0.346461
JPM,47896,QMLE-Trade,29/05/2008,0.38838
JPM,47896,QMLE-Trade,30/05/2008,0.265272
JPM,47896,QMLE-Trade,2/06/2008,0.293101
JPM,47896,QMLE-Trade,3/06/2008,0.386595
JPM,47896,QMLE-Trade,4/06/2008,0.454851
JPM,47896,QMLE-Trade,5/06/2008,0.278526
JPM,47896,QMLE-Trade,6/06/2008,0.323498
JPM,47896,QMLE-Trade,9/06/2008,0.411471
JPM,47896,QMLE-Trade,10/06/2008,0.481906
JPM,47896,QMLE-Trade,11/06/2008,0.417859
JPM,47896,QMLE-Trade,12/06/2008,0.358416
JPM,47896,QMLE-Trade,13/06/2008,0.442403
JPM,47896,QMLE-Trade,16/06/2008,0.366029
JPM,47896,QMLE-Trade,17/06/2008,0.378354
JPM,47896,QMLE-Trade,18/06/2008,0.429377
JPM,47896,QMLE-Trade,19/06/2008,0.451125
JPM,47896,QMLE-Trade,20/06/2008,0.543739
JPM,47896,QMLE-Trade,23/06/2008,0.426249
JPM,47896,QMLE-Trade,24/06/2008,0.540386
JPM,47896,QMLE-Trade,25/06/2008,0.488522
JPM,47896,QMLE-Trade,26/06/2008,0.444249
JPM,47896,QMLE-Trade,27/06/2008,0.554501
JPM,47896,QMLE-Trade,30/06/2008,0.53161
JPM,47896,QMLE-Trade,1/07/2008,0.658465
JPM,47896,QMLE-Trade,2/07/2008,0.482531
JPM,47896,QMLE-Trade,3/07/2008,0.611874
JPM,47896,QMLE-Trade,7/07/2008,0.567742
JPM,47896,QMLE-Trade,8/07/2008,0.727427
JPM,47896,QMLE-Trade,9/07/2008,0.649364
JPM,47896,QMLE-Trade,10/07/2008,0.872652
JPM,47896,QMLE-Trade,11/07/2008,0.978291
JPM,47896,QMLE-Trade,14/07/2008,0.886364
JPM,47896,QMLE-Trade,15/07/2008,1.1354
JPM,47896,QMLE-Trade,16/07/2008,0.889409
JPM,47896,QMLE-Trade,17/07/2008,0.855756
JPM,47896,QMLE-Trade,18/07/2008,0.683522
JPM,47896,QMLE-Trade,21/07/2008,0.621988
JPM,47896,QMLE-Trade,22/07/2008,0.777427
JPM,47896,QMLE-Trade,23/07/2008,0.920794
JPM,47896,QMLE-Trade,24/07/2008,0.65125
JPM,47896,QMLE-Trade,25/07/2008,0.796971
JPM,47896,QMLE-Trade,28/07/2008,0.685375
JPM,47896,QMLE-Trade,29/07/2008,0.705137
JPM,47896,QMLE-Trade,30/07/2008,0.727148
JPM,47896,QMLE-Trade,31/07/2008,0.608754
JPM,47896,QMLE-Trade,1/08/2008,0.644384
JPM,47896,QMLE-Trade,4/08/2008,0.580131
JPM,47896,QMLE-Trade,5/08/2008,0.509383
JPM,47896,QMLE-Trade,6/08/2008,0.437465
JPM,47896,QMLE-Trade,7/08/2008,0.51184
JPM,47896,QMLE-Trade,8/08/2008,0.561718
JPM,47896,QMLE-Trade,11/08/2008,0.534753
JPM,47896,QMLE-Trade,12/08/2008,0.508977
JPM,47896,QMLE-Trade,13/08/2008,0.538252
JPM,47896,QMLE-Trade,14/08/2008,0.555618
JPM,47896,QMLE-Trade,15/08/2008,0.434191
JPM,47896,QMLE-Trade,18/08/2008,0.396629
JPM,47896,QMLE-Trade,19/08/2008,0.463081
JPM,47896,QMLE-Trade,20/08/2008,0.553097
JPM,47896,QMLE-Trade,21/08/2008,0.428195
JPM,47896,QMLE-Trade,22/08/2008,0.38482
JPM,47896,QMLE-Trade,25/08/2008,0.376311
JPM,47896,QMLE-Trade,26/08/2008,0.355145
JPM,47896,QMLE-Trade,27/08/2008,0.364147
JPM,47896,QMLE-Trade,28/08/2008,0.303945
JPM,47896,QMLE-Trade,29/08/2008,0.366209
JPM,47896,QMLE-Trade,2/09/2008,0.425143
JPM,47896,QMLE-Trade,3/09/2008,0.43104
JPM,47896,QMLE-Trade,4/09/2008,0.419919
JPM,47896,QMLE-Trade,5/09/2008,0.55512
JPM,47896,QMLE-Trade,8/09/2008,0.718555
JPM,47896,QMLE-Trade,9/09/2008,0.636198
JPM,47896,QMLE-Trade,10/09/2008,0.650785
JPM,47896,QMLE-Trade,11/09/2008,0.754233
JPM,47896,QMLE-Trade,12/09/2008,0.67175
JPM,47896,QMLE-Trade,15/09/2008,1.12757
JPM,47896,QMLE-Trade,16/09/2008,1.45328
JPM,47896,QMLE-Trade,17/09/2008,1.35668
JPM,47896,QMLE-Trade,18/09/2008,1.69996
JPM,47896,QMLE-Trade,19/09/2008,1.9447
JPM,47896,QMLE-Trade,22/09/2008,0.92328
JPM,47896,QMLE-Trade,23/09/2008,1.02713
JPM,47896,QMLE-Trade,24/09/2008,0.597161
JPM,47896,QMLE-Trade,25/09/2008,0.907019
JPM,47896,QMLE-Trade,26/09/2008,1.09278
JPM,47896,QMLE-Trade,29/09/2008,1.60613
JPM,47896,QMLE-Trade,30/09/2008,0.846033
JPM,47896,QMLE-Trade,1/10/2008,0.663516
JPM,47896,QMLE-Trade,2/10/2008,0.798209
JPM,47896,QMLE-Trade,3/10/2008,1.06701
JPM,47896,QMLE-Trade,6/10/2008,1.01486
JPM,47896,QMLE-Trade,7/10/2008,1.14704
JPM,47896,QMLE-Trade,8/10/2008,1.57895
JPM,47896,QMLE-Trade,9/10/2008,1.2578
JPM,47896,QMLE-Trade,10/10/2008,2.33436
JPM,47896,QMLE-Trade,13/10/2008,1.07931
JPM,47896,QMLE-Trade,14/10/2008,1.11066
JPM,47896,QMLE-Trade,15/10/2008,1.05552
JPM,47896,QMLE-Trade,16/10/2008,1.43468
JPM,47896,QMLE-Trade,17/10/2008,0.889341
JPM,47896,QMLE-Trade,20/10/2008,0.786174
JPM,47896,QMLE-Trade,21/10/2008,0.697502
JPM,47896,QMLE-Trade,22/10/2008,0.847231
JPM,47896,QMLE-Trade,23/10/2008,1.0913
JPM,47896,QMLE-Trade,24/10/2008,1.32161
JPM,47896,QMLE-Trade,27/10/2008,0.858362
JPM,47896,QMLE-Trade,28/10/2008,0.966076
JPM,47896,QMLE-Trade,29/10/2008,1.12609
JPM,47896,QMLE-Trade,30/10/2008,0.926655
JPM,47896,QMLE-Trade,31/10/2008,0.711525
JPM,47896,QMLE-Trade,3/11/2008,0.496309
JPM,47896,QMLE-Trade,4/11/2008,0.469124
JPM,47896,QMLE-Trade,5/11/2008,0.581066
JPM,47896,QMLE-Trade,6/11/2008,0.789433
JPM,47896,QMLE-Trade,7/11/2008,0.620684
JPM,47896,QMLE-Trade,10/11/2008,0.684281
JPM,47896,QMLE-Trade,11/11/2008,0.890157
JPM,47896,QMLE-Trade,12/11/2008,0.789627
JPM,47896,QMLE-Trade,13/11/2008,1.04444
JPM,47896,QMLE-Trade,14/11/2008,0.845604
JPM,47896,QMLE-Trade,17/11/2008,0.893074
JPM,47896,QMLE-Trade,18/11/2008,0.921371
JPM,47896,QMLE-Trade,19/11/2008,1.05198
JPM,47896,QMLE-Trade,20/11/2008,2.01269
JPM,47896,QMLE-Trade,21/11/2008,2.2557
JPM,47896,QMLE-Trade,24/11/2008,1.56277
JPM,47896,QMLE-Trade,25/11/2008,1.13662
JPM,47896,QMLE-Trade,26/11/2008,0.882342
JPM,47896,QMLE-Trade,28/11/2008,0.789915
JPM,47896,QMLE-Trade,1/12/2008,0.834255
JPM,47896,QMLE-Trade,2/12/2008,1.35992
JPM,47896,QMLE-Trade,3/12/2008,1.18136
JPM,47896,QMLE-Trade,4/12/2008,1.00802
JPM,47896,QMLE-Trade,5/12/2008,0.992496
JPM,47896,QMLE-Trade,8/12/2008,0.704149
JPM,47896,QMLE-Trade,9/12/2008,0.840109
JPM,47896,QMLE-Trade,10/12/2008,0.768703
JPM,47896,QMLE-Trade,11/12/2008,0.684215
JPM,47896,QMLE-Trade,12/12/2008,1.02214
JPM,47896,QMLE-Trade,15/12/2008,0.65999
JPM,47896,QMLE-Trade,16/12/2008,0.822106
JPM,47896,QMLE-Trade,17/12/2008,0.768127
JPM,47896,QMLE-Trade,18/12/2008,0.74372
JPM,47896,QMLE-Trade,19/12/2008,0.682559
JPM,47896,QMLE-Trade,22/12/2008,0.633112
JPM,47896,QMLE-Trade,23/12/2008,0.592445
JPM,47896,QMLE-Trade,24/12/2008,0.459527
JPM,47896,QMLE-Trade,26/12/2008,0.35534
JPM,47896,QMLE-Trade,29/12/2008,0.416463
JPM,47896,QMLE-Trade,30/12/2008,0.335934
JPM,47896,QMLE-Trade,31/12/2008,0.413143
JPM,47896,QMLE-Trade,2/01/2009,0.474028
JPM,47896,QMLE-Trade,5/01/2009,0.546978
JPM,47896,QMLE-Trade,6/01/2009,0.587338
JPM,47896,QMLE-Trade,7/01/2009,0.454827
JPM,47896,QMLE-Trade,8/01/2009,0.520059
JPM,47896,QMLE-Trade,9/01/2009,0.500384
JPM,47896,QMLE-Trade,12/01/2009,0.593005
JPM,47896,QMLE-Trade,13/01/2009,0.763805
JPM,47896,QMLE-Trade,14/01/2009,0.775747
JPM,47896,QMLE-Trade,15/01/2009,1.20775
JPM,47896,QMLE-Trade,16/01/2009,1.34481
JPM,47896,QMLE-Trade,20/01/2009,1.40407
JPM,47896,QMLE-Trade,21/01/2009,1.28694
JPM,47896,QMLE-Trade,22/01/2009,1.40768
JPM,47896,QMLE-Trade,23/01/2009,1.14796
JPM,47896,QMLE-Trade,26/01/2009,1.02032
JPM,47896,QMLE-Trade,27/01/2009,0.757437
JPM,47896,QMLE-Trade,28/01/2009,0.868558
JPM,47896,QMLE-Trade,29/01/2009,0.732974
JPM,47896,QMLE-Trade,30/01/2009,0.975783
JPM,47896,QMLE-Trade,2/02/2009,0.833558
JPM,47896,QMLE-Trade,3/02/2009,0.840849
JPM,47896,QMLE-Trade,4/02/2009,0.909796
JPM,47896,QMLE-Trade,5/02/2009,1.08757
JPM,47896,QMLE-Trade,6/02/2009,0.785467
JPM,47896,QMLE-Trade,9/02/2009,0.732048
JPM,47896,QMLE-Trade,10/02/2009,1.05061
JPM,47896,QMLE-Trade,11/02/2009,0.822813
JPM,47896,QMLE-Trade,12/02/2009,0.827223
JPM,47896,QMLE-Trade,13/02/2009,0.745726
JPM,47896,QMLE-Trade,17/02/2009,0.841697
JPM,47896,QMLE-Trade,18/02/2009,1.00148
JPM,47896,QMLE-Trade,19/02/2009,0.741405
JPM,47896,QMLE-Trade,20/02/2009,1.21948
JPM,47896,QMLE-Trade,23/02/2009,1.13586
JPM,47896,QMLE-Trade,24/02/2009,1.0473
JPM,47896,QMLE-Trade,25/02/2009,1.11679
JPM,47896,QMLE-Trade,26/02/2009,0.828077
JPM,47896,QMLE-Trade,27/02/2009,0.974136
JPM,47896,QMLE-Trade,2/03/2009,0.870173
JPM,47896,QMLE-Trade,3/03/2009,0.885705
JPM,47896,QMLE-Trade,4/03/2009,1.07948
JPM,47896,QMLE-Trade,5/03/2009,1.13134
JPM,47896,QMLE-Trade,6/03/2009,1.42075
JPM,47896,QMLE-Trade,9/03/2009,1.35267
JPM,47896,QMLE-Trade,10/03/2009,1.05144
JPM,47896,QMLE-Trade,11/03/2009,1.14429
JPM,47896,QMLE-Trade,12/03/2009,0.939889
JPM,47896,QMLE-Trade,13/03/2009,0.886777
JPM,47896,QMLE-Trade,16/03/2009,0.826587
JPM,47896,QMLE-Trade,17/03/2009,0.805291
JPM,47896,QMLE-Trade,18/03/2009,0.949218
JPM,47896,QMLE-Trade,19/03/2009,1.04655
JPM,47896,QMLE-Trade,20/03/2009,0.89789
JPM,47896,QMLE-Trade,23/03/2009,0.758984
JPM,47896,QMLE-Trade,24/03/2009,0.861759
JPM,47896,QMLE-Trade,25/03/2009,0.9598
JPM,47896,QMLE-Trade,26/03/2009,0.89108
JPM,47896,QMLE-Trade,27/03/2009,0.763881
JPM,47896,QMLE-Trade,30/03/2009,0.666647
JPM,47896,QMLE-Trade,31/03/2009,0.690618
JPM,47896,QMLE-Trade,1/04/2009,0.786524
JPM,47896,QMLE-Trade,2/04/2009,0.757188
JPM,47896,QMLE-Trade,3/04/2009,0.578125
JPM,47896,QMLE-Trade,6/04/2009,0.627249
JPM,47896,QMLE-Trade,7/04/2009,0.554475
JPM,47896,QMLE-Trade,8/04/2009,0.524947
JPM,47896,QMLE-Trade,9/04/2009,0.725066
JPM,47896,QMLE-Trade,13/04/2009,0.626987
JPM,47896,QMLE-Trade,14/04/2009,0.740953
JPM,47896,QMLE-Trade,15/04/2009,0.771237
JPM,47896,QMLE-Trade,16/04/2009,0.717015
JPM,47896,QMLE-Trade,17/04/2009,0.650483
JPM,47896,QMLE-Trade,20/04/2009,0.613351
JPM,47896,QMLE-Trade,21/04/2009,0.777976
JPM,47896,QMLE-Trade,22/04/2009,0.788073
JPM,47896,QMLE-Trade,23/04/2009,0.724123
JPM,47896,QMLE-Trade,24/04/2009,0.869046
JPM,47896,QMLE-Trade,27/04/2009,0.591971
JPM,47896,QMLE-Trade,28/04/2009,0.521821
JPM,47896,QMLE-Trade,29/04/2009,0.47793
JPM,47896,QMLE-Trade,30/04/2009,0.543093
JPM,47896,QMLE-Trade,1/05/2009,0.52633
JPM,47896,QMLE-Trade,4/05/2009,0.534726
JPM,47896,QMLE-Trade,5/05/2009,0.559878
JPM,47896,QMLE-Trade,6/05/2009,0.638344
JPM,47896,QMLE-Trade,7/05/2009,0.84412
JPM,47896,QMLE-Trade,8/05/2009,0.650825
JPM,47896,QMLE-Trade,11/05/2009,0.513826
JPM,47896,QMLE-Trade,12/05/2009,0.664793
JPM,47896,QMLE-Trade,13/05/2009,0.592684
JPM,47896,QMLE-Trade,14/05/2009,0.567009
JPM,47896,QMLE-Trade,15/05/2009,0.495445
JPM,47896,QMLE-Trade,18/05/2009,0.442395
JPM,47896,QMLE-Trade,19/05/2009,0.450631
JPM,47896,QMLE-Trade,20/05/2009,0.525439
JPM,47896,QMLE-Trade,21/05/2009,0.544668
JPM,47896,QMLE-Trade,22/05/2009,0.415732
JPM,47896,QMLE-Trade,26/05/2009,0.470598
JPM,47896,QMLE-Trade,27/05/2009,0.487208
JPM,47896,QMLE-Trade,28/05/2009,0.49338
JPM,47896,QMLE-Trade,29/05/2009,0.432497
JPM,47896,QMLE-Trade,1/06/2009,0.61159
JPM,47896,QMLE-Trade,2/06/2009,0.387809
JPM,47896,QMLE-Trade,3/06/2009,0.356274
JPM,47896,QMLE-Trade,4/06/2009,0.35752
JPM,47896,QMLE-Trade,5/06/2009,0.36524
JPM,47896,QMLE-Trade,8/06/2009,0.351063
JPM,47896,QMLE-Trade,9/06/2009,0.336396
JPM,47896,QMLE-Trade,10/06/2009,0.325428
JPM,47896,QMLE-Trade,11/06/2009,0.385188
JPM,47896,QMLE-Trade,12/06/2009,0.261774
JPM,47896,QMLE-Trade,15/06/2009,0.280124
JPM,47896,QMLE-Trade,16/06/2009,0.357235
JPM,47896,QMLE-Trade,17/06/2009,0.456253
JPM,47896,QMLE-Trade,18/06/2009,0.35873
JPM,47896,QMLE-Trade,19/06/2009,0.328314
JPM,47896,QMLE-Trade,22/06/2009,0.38549
JPM,47896,QMLE-Trade,23/06/2009,0.407156
JPM,47896,QMLE-Trade,24/06/2009,0.397475
JPM,47896,QMLE-Trade,25/06/2009,0.348759
JPM,47896,QMLE-Trade,26/06/2009,0.298608
JPM,47896,QMLE-Trade,29/06/2009,0.305771
JPM,47896,QMLE-Trade,30/06/2009,0.282402
JPM,47896,QMLE-Trade,1/07/2009,0.263826
JPM,47896,QMLE-Trade,2/07/2009,0.211908
JPM,47896,QMLE-Trade,6/07/2009,0.352443
JPM,47896,QMLE-Trade,7/07/2009,0.336321
JPM,47896,QMLE-Trade,8/07/2009,0.531272
JPM,47896,QMLE-Trade,9/07/2009,0.325493
JPM,47896,QMLE-Trade,10/07/2009,0.310655
JPM,47896,QMLE-Trade,13/07/2009,0.304565
JPM,47896,QMLE-Trade,14/07/2009,0.350162
JPM,47896,QMLE-Trade,15/07/2009,0.329482
JPM,47896,QMLE-Trade,16/07/2009,0.388734
JPM,47896,QMLE-Trade,17/07/2009,0.336412
JPM,47896,QMLE-Trade,20/07/2009,0.28124
JPM,47896,QMLE-Trade,21/07/2009,0.287953
JPM,47896,QMLE-Trade,22/07/2009,0.361811
JPM,47896,QMLE-Trade,23/07/2009,0.313596
JPM,47896,QMLE-Trade,24/07/2009,0.296088
JPM,47896,QMLE-Trade,27/07/2009,0.276468
JPM,47896,QMLE-Trade,28/07/2009,0.222497
JPM,47896,QMLE-Trade,29/07/2009,0.230203
JPM,47896,QMLE-Trade,30/07/2009,0.281034
JPM,47896,QMLE-Trade,31/07/2009,0.24789
JPM,47896,QMLE-Trade,3/08/2009,0.254208
JPM,47896,QMLE-Trade,4/08/2009,0.245768
JPM,47896,QMLE-Trade,5/08/2009,0.332605
JPM,47896,QMLE-Trade,6/08/2009,0.428322
JPM,47896,QMLE-Trade,7/08/2009,0.3478
JPM,47896,QMLE-Trade,10/08/2009,0.301895
JPM,47896,QMLE-Trade,11/08/2009,0.318434
JPM,47896,QMLE-Trade,12/08/2009,0.372368
JPM,47896,QMLE-Trade,13/08/2009,0.288888
JPM,47896,QMLE-Trade,14/08/2009,0.264047
JPM,47896,QMLE-Trade,17/08/2009,0.25121
JPM,47896,QMLE-Trade,18/08/2009,0.20574
JPM,47896,QMLE-Trade,19/08/2009,0.241861
JPM,47896,QMLE-Trade,20/08/2009,0.218369
JPM,47896,QMLE-Trade,21/08/2009,0.247252
JPM,47896,QMLE-Trade,24/08/2009,0.28182
JPM,47896,QMLE-Trade,25/08/2009,0.25743
JPM,47896,QMLE-Trade,26/08/2009,0.253687
JPM,47896,QMLE-Trade,27/08/2009,0.245696
JPM,47896,QMLE-Trade,28/08/2009,0.270437
JPM,47896,QMLE-Trade,31/08/2009,0.243306
JPM,47896,QMLE-Trade,1/09/2009,0.369736
JPM,47896,QMLE-Trade,2/09/2009,0.352068
JPM,47896,QMLE-Trade,3/09/2009,0.276818
JPM,47896,QMLE-Trade,4/09/2009,0.277495
JPM,47896,QMLE-Trade,8/09/2009,0.291011
JPM,47896,QMLE-Trade,9/09/2009,0.272428
JPM,47896,QMLE-Trade,10/09/2009,0.255452
JPM,47896,QMLE-Trade,11/09/2009,0.267094
JPM,47896,QMLE-Trade,14/09/2009,0.248056
JPM,47896,QMLE-Trade,15/09/2009,0.342739
JPM,47896,QMLE-Trade,16/09/2009,0.280887
JPM,47896,QMLE-Trade,17/09/2009,0.293936
JPM,47896,QMLE-Trade,18/09/2009,0.219774
JPM,47896,QMLE-Trade,21/09/2009,0.22405
JPM,47896,QMLE-Trade,22/09/2009,0.227803
JPM,47896,QMLE-Trade,23/09/2009,0.283724
JPM,47896,QMLE-Trade,24/09/2009,0.360997
JPM,47896,QMLE-Trade,25/09/2009,0.284743
JPM,47896,QMLE-Trade,28/09/2009,0.20548
JPM,47896,QMLE-Trade,29/09/2009,0.260344
JPM,47896,QMLE-Trade,30/09/2009,0.289436
JPM,47896,QMLE-Trade,1/10/2009,0.330824
JPM,47896,QMLE-Trade,2/10/2009,0.345555
JPM,47896,QMLE-Trade,5/10/2009,0.245038
JPM,47896,QMLE-Trade,6/10/2009,0.287898
JPM,47896,QMLE-Trade,7/10/2009,0.258615
JPM,47896,QMLE-Trade,8/10/2009,0.266383
JPM,47896,QMLE-Trade,9/10/2009,0.222992
JPM,47896,QMLE-Trade,12/10/2009,0.232655
JPM,47896,QMLE-Trade,13/10/2009,0.279877
JPM,47896,QMLE-Trade,14/10/2009,0.288964
JPM,47896,QMLE-Trade,15/10/2009,0.249233
JPM,47896,QMLE-Trade,16/10/2009,0.206528
JPM,47896,QMLE-Trade,19/10/2009,0.202268
JPM,47896,QMLE-Trade,20/10/2009,0.196499
JPM,47896,QMLE-Trade,21/10/2009,0.237329
JPM,47896,QMLE-Trade,22/10/2009,0.275931
JPM,47896,QMLE-Trade,23/10/2009,0.264786
JPM,47896,QMLE-Trade,26/10/2009,0.319984
JPM,47896,QMLE-Trade,27/10/2009,0.319961
JPM,47896,QMLE-Trade,28/10/2009,0.307932
JPM,47896,QMLE-Trade,29/10/2009,0.259613
JPM,47896,QMLE-Trade,30/10/2009,0.331481
JPM,47896,QMLE-Trade,2/11/2009,0.398841
JPM,47896,QMLE-Trade,3/11/2009,0.353198
JPM,47896,QMLE-Trade,4/11/2009,0.35091
JPM,47896,QMLE-Trade,5/11/2009,0.315859
JPM,47896,QMLE-Trade,6/11/2009,0.289223
JPM,47896,QMLE-Trade,9/11/2009,0.275068
JPM,47896,QMLE-Trade,10/11/2009,0.225011
JPM,47896,QMLE-Trade,11/11/2009,0.250925
JPM,47896,QMLE-Trade,12/11/2009,0.267114
JPM,47896,QMLE-Trade,13/11/2009,0.257641
JPM,47896,QMLE-Trade,16/11/2009,0.26046
JPM,47896,QMLE-Trade,17/11/2009,0.212721
JPM,47896,QMLE-Trade,18/11/2009,0.24554
JPM,47896,QMLE-Trade,19/11/2009,0.234545
JPM,47896,QMLE-Trade,20/11/2009,0.221151
JPM,47896,QMLE-Trade,23/11/2009,0.209205
JPM,47896,QMLE-Trade,24/11/2009,0.192952
JPM,47896,QMLE-Trade,25/11/2009,0.150469
JPM,47896,QMLE-Trade,27/11/2009,0.328997
JPM,47896,QMLE-Trade,30/11/2009,0.242694
JPM,47896,QMLE-Trade,1/12/2009,0.215123
JPM,47896,QMLE-Trade,2/12/2009,0.218862
JPM,47896,QMLE-Trade,3/12/2009,0.275357
JPM,47896,QMLE-Trade,4/12/2009,0.316851
JPM,47896,QMLE-Trade,7/12/2009,0.235993
JPM,47896,QMLE-Trade,8/12/2009,0.27424
JPM,47896,QMLE-Trade,9/12/2009,0.242422
JPM,47896,QMLE-Trade,10/12/2009,0.197119
JPM,47896,QMLE-Trade,11/12/2009,0.178686
JPM,47896,QMLE-Trade,14/12/2009,0.185686
JPM,47896,QMLE-Trade,15/12/2009,0.219494
JPM,47896,QMLE-Trade,16/12/2009,0.240067
JPM,47896,QMLE-Trade,17/12/2009,0.229641
JPM,47896,QMLE-Trade,18/12/2009,0.237167
JPM,47896,QMLE-Trade,21/12/2009,0.206038
JPM,47896,QMLE-Trade,22/12/2009,0.18479
JPM,47896,QMLE-Trade,23/12/2009,0.164531
JPM,47896,QMLE-Trade,24/12/2009,0.144943
JPM,47896,QMLE-Trade,28/12/2009,0.149669
JPM,47896,QMLE-Trade,29/12/2009,0.134235
JPM,47896,QMLE-Trade,30/12/2009,0.154217
JPM,47896,QMLE-Trade,31/12/2009,0.149728
JPM,47896,QMLE-Trade,4/01/2010,0.17929
JPM,47896,QMLE-Trade,5/01/2010,0.207018
JPM,47896,QMLE-Trade,6/01/2010,0.182031
JPM,47896,QMLE-Trade,7/01/2010,0.22044
JPM,47896,QMLE-Trade,8/01/2010,0.20608
JPM,47896,QMLE-Trade,11/01/2010,0.182425
JPM,47896,QMLE-Trade,12/01/2010,0.238716
JPM,47896,QMLE-Trade,13/01/2010,0.255734
JPM,47896,QMLE-Trade,14/01/2010,0.251821
JPM,47896,QMLE-Trade,15/01/2010,0.275985
JPM,47896,QMLE-Trade,19/01/2010,0.240852
JPM,47896,QMLE-Trade,20/01/2010,0.259627
JPM,47896,QMLE-Trade,21/01/2010,0.490678
JPM,47896,QMLE-Trade,22/01/2010,0.447526
JPM,47896,QMLE-Trade,25/01/2010,0.350888
JPM,47896,QMLE-Trade,26/01/2010,0.3413
JPM,47896,QMLE-Trade,27/01/2010,0.45051
JPM,47896,QMLE-Trade,28/01/2010,0.406992
JPM,47896,QMLE-Trade,29/01/2010,0.322699
JPM,47896,QMLE-Trade,1/02/2010,0.274088
JPM,47896,QMLE-Trade,2/02/2010,0.282775
JPM,47896,QMLE-Trade,3/02/2010,0.280841
JPM,47896,QMLE-Trade,4/02/2010,0.338408
JPM,47896,QMLE-Trade,5/02/2010,0.411559
JPM,47896,QMLE-Trade,8/02/2010,0.317493
JPM,47896,QMLE-Trade,9/02/2010,0.37579
JPM,47896,QMLE-Trade,10/02/2010,0.336049
JPM,47896,QMLE-Trade,11/02/2010,0.274375
JPM,47896,QMLE-Trade,12/02/2010,0.252262
JPM,47896,QMLE-Trade,16/02/2010,0.252082
JPM,47896,QMLE-Trade,17/02/2010,0.227644
JPM,47896,QMLE-Trade,18/02/2010,0.230233
JPM,47896,QMLE-Trade,19/02/2010,0.189113
JPM,47896,QMLE-Trade,22/02/2010,0.186291
JPM,47896,QMLE-Trade,23/02/2010,0.244168
JPM,47896,QMLE-Trade,24/02/2010,0.221305
JPM,47896,QMLE-Trade,25/02/2010,0.23276
JPM,47896,QMLE-Trade,26/02/2010,0.227108
JPM,47896,QMLE-Trade,1/03/2010,0.217718
JPM,47896,QMLE-Trade,2/03/2010,0.181648
JPM,47896,QMLE-Trade,3/03/2010,0.205999
JPM,47896,QMLE-Trade,4/03/2010,0.173089
JPM,47896,QMLE-Trade,5/03/2010,0.156506
JPM,47896,QMLE-Trade,8/03/2010,0.161604
JPM,47896,QMLE-Trade,9/03/2010,0.194331
JPM,47896,QMLE-Trade,10/03/2010,0.210635
JPM,47896,QMLE-Trade,11/03/2010,0.160345
JPM,47896,QMLE-Trade,12/03/2010,0.170819
JPM,47896,QMLE-Trade,15/03/2010,0.224609
JPM,47896,QMLE-Trade,16/03/2010,0.20389
JPM,47896,QMLE-Trade,17/03/2010,0.169684
JPM,47896,QMLE-Trade,18/03/2010,0.176392
JPM,47896,QMLE-Trade,19/03/2010,0.182125
JPM,47896,QMLE-Trade,22/03/2010,0.184123
JPM,47896,QMLE-Trade,23/03/2010,0.179829
JPM,47896,QMLE-Trade,24/03/2010,0.225688
JPM,47896,QMLE-Trade,25/03/2010,0.247367
JPM,47896,QMLE-Trade,26/03/2010,0.271208
JPM,47896,QMLE-Trade,29/03/2010,0.220883
JPM,47896,QMLE-Trade,30/03/2010,0.187586
JPM,47896,QMLE-Trade,31/03/2010,0.199332
JPM,47896,QMLE-Trade,1/04/2010,0.174108
JPM,47896,QMLE-Trade,5/04/2010,0.174153
JPM,47896,QMLE-Trade,6/04/2010,0.159351
JPM,47896,QMLE-Trade,7/04/2010,0.213027
JPM,47896,QMLE-Trade,8/04/2010,0.192668
JPM,47896,QMLE-Trade,9/04/2010,0.19208
JPM,47896,QMLE-Trade,12/04/2010,0.173787
JPM,47896,QMLE-Trade,13/04/2010,0.159561
JPM,47896,QMLE-Trade,14/04/2010,0.204021
JPM,47896,QMLE-Trade,15/04/2010,0.173094
JPM,47896,QMLE-Trade,16/04/2010,0.460439
JPM,47896,QMLE-Trade,19/04/2010,0.321896
JPM,47896,QMLE-Trade,20/04/2010,0.242189
JPM,47896,QMLE-Trade,21/04/2010,0.267161
JPM,47896,QMLE-Trade,22/04/2010,0.299766
JPM,47896,QMLE-Trade,23/04/2010,0.247618
JPM,47896,QMLE-Trade,26/04/2010,0.238297
JPM,47896,QMLE-Trade,27/04/2010,0.3778
JPM,47896,QMLE-Trade,28/04/2010,0.33204
JPM,47896,QMLE-Trade,29/04/2010,0.244173
JPM,47896,QMLE-Trade,30/04/2010,0.320412
JPM,47896,QMLE-Trade,3/05/2010,0.247004
JPM,47896,QMLE-Trade,4/05/2010,0.314048
JPM,47896,QMLE-Trade,5/05/2010,0.335964
JPM,47896,QMLE-Trade,6/05/2010,0.729807
JPM,47896,QMLE-Trade,7/05/2010,0.628284
JPM,47896,QMLE-Trade,10/05/2010,0.370307
JPM,47896,QMLE-Trade,11/05/2010,0.313142
JPM,47896,QMLE-Trade,12/05/2010,0.290443
JPM,47896,QMLE-Trade,13/05/2010,0.212173
JPM,47896,QMLE-Trade,14/05/2010,0.332033
JPM,47896,QMLE-Trade,17/05/2010,0.40096
JPM,47896,QMLE-Trade,18/05/2010,0.392951
JPM,47896,QMLE-Trade,19/05/2010,0.437057
JPM,47896,QMLE-Trade,20/05/2010,0.513523
JPM,47896,QMLE-Trade,21/05/2010,0.487748
JPM,47896,QMLE-Trade,24/05/2010,0.346448
JPM,47896,QMLE-Trade,25/05/2010,0.429248
JPM,47896,QMLE-Trade,26/05/2010,0.375215
JPM,47896,QMLE-Trade,27/05/2010,0.258716
JPM,47896,QMLE-Trade,28/05/2010,0.30833
JPM,47896,QMLE-Trade,1/06/2010,0.311934
JPM,47896,QMLE-Trade,2/06/2010,0.259253
JPM,47896,QMLE-Trade,3/06/2010,0.284307
JPM,47896,QMLE-Trade,4/06/2010,0.283499
JPM,47896,QMLE-Trade,7/06/2010,0.317143
JPM,47896,QMLE-Trade,8/06/2010,0.372722
JPM,47896,QMLE-Trade,9/06/2010,0.327755
JPM,47896,QMLE-Trade,10/06/2010,0.274404
JPM,47896,QMLE-Trade,11/06/2010,0.250211
JPM,47896,QMLE-Trade,14/06/2010,0.310284
JPM,47896,QMLE-Trade,15/06/2010,0.237276
JPM,47896,QMLE-Trade,16/06/2010,0.290166
JPM,47896,QMLE-Trade,17/06/2010,0.237866
JPM,47896,QMLE-Trade,18/06/2010,0.21212
JPM,47896,QMLE-Trade,21/06/2010,0.236561
JPM,47896,QMLE-Trade,22/06/2010,0.286181
JPM,47896,QMLE-Trade,23/06/2010,0.355316
JPM,47896,QMLE-Trade,24/06/2010,0.397662
JPM,47896,QMLE-Trade,25/06/2010,0.326467
JPM,47896,QMLE-Trade,28/06/2010,0.275789
JPM,47896,QMLE-Trade,29/06/2010,0.303001
JPM,47896,QMLE-Trade,30/06/2010,0.274329
JPM,47896,QMLE-Trade,1/07/2010,0.430734
JPM,47896,QMLE-Trade,2/07/2010,0.32021
JPM,47896,QMLE-Trade,6/07/2010,0.313848
JPM,47896,QMLE-Trade,7/07/2010,0.292628
JPM,47896,QMLE-Trade,8/07/2010,0.404061
JPM,47896,QMLE-Trade,9/07/2010,0.25364
JPM,47896,QMLE-Trade,12/07/2010,0.245547
JPM,47896,QMLE-Trade,13/07/2010,0.266371
JPM,47896,QMLE-Trade,14/07/2010,0.244524
JPM,47896,QMLE-Trade,15/07/2010,0.426557
JPM,47896,QMLE-Trade,16/07/2010,0.307972
JPM,47896,QMLE-Trade,19/07/2010,0.295194
JPM,47896,QMLE-Trade,20/07/2010,0.272958
JPM,47896,QMLE-Trade,21/07/2010,0.313537
JPM,47896,QMLE-Trade,22/07/2010,0.287934
JPM,47896,QMLE-Trade,23/07/2010,0.31552
JPM,47896,QMLE-Trade,26/07/2010,0.23127
JPM,47896,QMLE-Trade,27/07/2010,0.287195
JPM,47896,QMLE-Trade,28/07/2010,0.25182
JPM,47896,QMLE-Trade,29/07/2010,0.276014
JPM,47896,QMLE-Trade,30/07/2010,0.289673
JPM,47896,QMLE-Trade,2/08/2010,0.180747
JPM,47896,QMLE-Trade,3/08/2010,0.196205
JPM,47896,QMLE-Trade,4/08/2010,0.211153
JPM,47896,QMLE-Trade,5/08/2010,0.181451
JPM,47896,QMLE-Trade,6/08/2010,0.225959
JPM,47896,QMLE-Trade,9/08/2010,0.20366
JPM,47896,QMLE-Trade,10/08/2010,0.259024
JPM,47896,QMLE-Trade,11/08/2010,0.212821
JPM,47896,QMLE-Trade,12/08/2010,0.247146
JPM,47896,QMLE-Trade,13/08/2010,0.209476
JPM,47896,QMLE-Trade,16/08/2010,0.216203
JPM,47896,QMLE-Trade,17/08/2010,0.198495
JPM,47896,QMLE-Trade,18/08/2010,0.219087
JPM,47896,QMLE-Trade,19/08/2010,0.241302
JPM,47896,QMLE-Trade,20/08/2010,0.215482
JPM,47896,QMLE-Trade,23/08/2010,0.195785
JPM,47896,QMLE-Trade,24/08/2010,0.236134
JPM,47896,QMLE-Trade,25/08/2010,0.268428
JPM,47896,QMLE-Trade,26/08/2010,0.21137
JPM,47896,QMLE-Trade,27/08/2010,0.260407
JPM,47896,QMLE-Trade,30/08/2010,0.207837
JPM,47896,QMLE-Trade,31/08/2010,0.305766
JPM,47896,QMLE-Trade,1/09/2010,0.224787
JPM,47896,QMLE-Trade,2/09/2010,0.20503
JPM,47896,QMLE-Trade,3/09/2010,0.243218
JPM,47896,QMLE-Trade,7/09/2010,0.159376
JPM,47896,QMLE-Trade,8/09/2010,0.225303
JPM,47896,QMLE-Trade,9/09/2010,0.208699
JPM,47896,QMLE-Trade,10/09/2010,0.163713
JPM,47896,QMLE-Trade,13/09/2010,0.196164
JPM,47896,QMLE-Trade,14/09/2010,0.227112
JPM,47896,QMLE-Trade,15/09/2010,0.188856
JPM,47896,QMLE-Trade,16/09/2010,0.181037
JPM,47896,QMLE-Trade,17/09/2010,0.1947
JPM,47896,QMLE-Trade,20/09/2010,0.20509
JPM,47896,QMLE-Trade,21/09/2010,0.255092
JPM,47896,QMLE-Trade,22/09/2010,0.271116
JPM,47896,QMLE-Trade,23/09/2010,0.230735
JPM,47896,QMLE-Trade,24/09/2010,0.183939
JPM,47896,QMLE-Trade,27/09/2010,0.184158
JPM,47896,QMLE-Trade,28/09/2010,0.237
JPM,47896,QMLE-Trade,29/09/2010,0.243611
JPM,47896,QMLE-Trade,30/09/2010,0.283526
JPM,47896,QMLE-Trade,1/10/2010,0.24666
JPM,47896,QMLE-Trade,4/10/2010,0.243179
JPM,47896,QMLE-Trade,5/10/2010,0.228316
JPM,47896,QMLE-Trade,6/10/2010,0.214377
JPM,47896,QMLE-Trade,7/10/2010,0.212702
JPM,47896,QMLE-Trade,8/10/2010,0.213167
JPM,47896,QMLE-Trade,11/10/2010,0.191316
JPM,47896,QMLE-Trade,12/10/2010,0.183948
JPM,47896,QMLE-Trade,13/10/2010,0.266097
JPM,47896,QMLE-Trade,14/10/2010,0.289352
JPM,47896,QMLE-Trade,15/10/2010,0.373566
JPM,47896,QMLE-Trade,18/10/2010,0.228241
JPM,47896,QMLE-Trade,19/10/2010,0.364057
JPM,47896,QMLE-Trade,20/10/2010,0.272547
JPM,47896,QMLE-Trade,21/10/2010,0.252654
JPM,47896,QMLE-Trade,22/10/2010,0.185884
JPM,47896,QMLE-Trade,25/10/2010,0.21077
JPM,47896,QMLE-Trade,26/10/2010,0.22239
JPM,47896,QMLE-Trade,27/10/2010,0.225433
JPM,47896,QMLE-Trade,28/10/2010,0.19626
JPM,47896,QMLE-Trade,29/10/2010,0.15892
JPM,47896,QMLE-Trade,1/11/2010,0.23236
JPM,47896,QMLE-Trade,2/11/2010,0.17047
JPM,47896,QMLE-Trade,3/11/2010,0.261733
JPM,47896,QMLE-Trade,4/11/2010,0.266136
JPM,47896,QMLE-Trade,5/11/2010,0.32438
JPM,47896,QMLE-Trade,8/11/2010,0.241238
JPM,47896,QMLE-Trade,9/11/2010,0.248988
JPM,47896,QMLE-Trade,10/11/2010,0.331235
JPM,47896,QMLE-Trade,11/11/2010,0.243485
JPM,47896,QMLE-Trade,12/11/2010,0.292752
JPM,47896,QMLE-Trade,15/11/2010,0.204255
JPM,47896,QMLE-Trade,16/11/2010,0.285198
JPM,47896,QMLE-Trade,17/11/2010,0.274496
JPM,47896,QMLE-Trade,18/11/2010,0.203319
JPM,47896,QMLE-Trade,19/11/2010,0.171251
JPM,47896,QMLE-Trade,22/11/2010,0.189893
JPM,47896,QMLE-Trade,23/11/2010,0.227262
JPM,47896,QMLE-Trade,24/11/2010,0.174793
JPM,47896,QMLE-Trade,26/11/2010,0.200954
JPM,47896,QMLE-Trade,29/11/2010,0.249527
JPM,47896,QMLE-Trade,30/11/2010,0.215742
JPM,47896,QMLE-Trade,1/12/2010,0.204611
JPM,47896,QMLE-Trade,2/12/2010,0.212998
JPM,47896,QMLE-Trade,3/12/2010,0.213529
JPM,47896,QMLE-Trade,6/12/2010,0.196563
JPM,47896,QMLE-Trade,7/12/2010,0.233677
JPM,47896,QMLE-Trade,8/12/2010,0.189097
JPM,47896,QMLE-Trade,9/12/2010,0.197214
JPM,47896,QMLE-Trade,10/12/2010,0.158791
JPM,47896,QMLE-Trade,13/12/2010,0.206935
JPM,47896,QMLE-Trade,14/12/2010,0.223226
JPM,47896,QMLE-Trade,15/12/2010,0.209309
JPM,47896,QMLE-Trade,16/12/2010,0.260304
JPM,47896,QMLE-Trade,17/12/2010,0.187092
JPM,47896,QMLE-Trade,20/12/2010,0.183414
JPM,47896,QMLE-Trade,21/12/2010,0.173743
JPM,47896,QMLE-Trade,22/12/2010,0.211664
JPM,47896,QMLE-Trade,23/12/2010,0.13672
JPM,47896,QMLE-Trade,27/12/2010,0.171247
JPM,47896,QMLE-Trade,28/12/2010,0.169912
JPM,47896,QMLE-Trade,29/12/2010,0.145015
JPM,47896,QMLE-Trade,30/12/2010,0.117578
JPM,47896,QMLE-Trade,31/12/2010,0.097338
JPM,47896,QMLE-Trade,3/01/2011,0.1959
JPM,47896,QMLE-Trade,4/01/2011,0.175891
JPM,47896,QMLE-Trade,5/01/2011,0.222069
JPM,47896,QMLE-Trade,6/01/2011,0.20826
JPM,47896,QMLE-Trade,7/01/2011,0.364881
JPM,47896,QMLE-Trade,10/01/2011,0.251503
JPM,47896,QMLE-Trade,11/01/2011,0.198988
JPM,47896,QMLE-Trade,12/01/2011,0.189442
JPM,47896,QMLE-Trade,13/01/2011,0.179005
JPM,47896,QMLE-Trade,14/01/2011,0.270768
JPM,47896,QMLE-Trade,18/01/2011,0.235398
JPM,47896,QMLE-Trade,19/01/2011,0.246281
JPM,47896,QMLE-Trade,20/01/2011,0.257188
JPM,47896,QMLE-Trade,21/01/2011,0.201252
JPM,47896,QMLE-Trade,24/01/2011,0.180768
JPM,47896,QMLE-Trade,25/01/2011,0.245674
JPM,47896,QMLE-Trade,26/01/2011,0.1898
JPM,47896,QMLE-Trade,27/01/2011,0.195357
JPM,47896,QMLE-Trade,28/01/2011,0.296713
JPM,47896,QMLE-Trade,31/01/2011,0.196767
JPM,47896,QMLE-Trade,1/02/2011,0.165254
JPM,47896,QMLE-Trade,2/02/2011,0.155537
JPM,47896,QMLE-Trade,3/02/2011,0.173218
JPM,47896,QMLE-Trade,4/02/2011,0.197323
JPM,47896,QMLE-Trade,7/02/2011,0.174135
JPM,47896,QMLE-Trade,8/02/2011,0.13983
JPM,47896,QMLE-Trade,9/02/2011,0.14966
JPM,47896,QMLE-Trade,10/02/2011,0.185954
JPM,47896,QMLE-Trade,11/02/2011,0.223051
JPM,47896,QMLE-Trade,14/02/2011,0.156274
JPM,47896,QMLE-Trade,15/02/2011,0.197469
JPM,47896,QMLE-Trade,16/02/2011,0.213792
JPM,47896,QMLE-Trade,17/02/2011,0.153485
JPM,47896,QMLE-Trade,18/02/2011,0.154194
JPM,47896,QMLE-Trade,22/02/2011,0.223664
JPM,47896,QMLE-Trade,23/02/2011,0.26892
JPM,47896,QMLE-Trade,24/02/2011,0.267908
JPM,47896,QMLE-Trade,25/02/2011,0.179765
JPM,47896,QMLE-Trade,28/02/2011,0.180032
JPM,47896,QMLE-Trade,1/03/2011,0.236573
JPM,47896,QMLE-Trade,2/03/2011,0.237027
JPM,47896,QMLE-Trade,3/03/2011,0.194204
JPM,47896,QMLE-Trade,4/03/2011,0.212166
JPM,47896,QMLE-Trade,7/03/2011,0.229615
JPM,47896,QMLE-Trade,8/03/2011,0.193509
JPM,47896,QMLE-Trade,9/03/2011,0.238886
JPM,47896,QMLE-Trade,10/03/2011,0.241592
JPM,47896,QMLE-Trade,11/03/2011,0.214071
JPM,47896,QMLE-Trade,14/03/2011,0.183842
JPM,47896,QMLE-Trade,15/03/2011,0.281425
JPM,47896,QMLE-Trade,16/03/2011,0.294286
JPM,47896,QMLE-Trade,17/03/2011,0.2994
JPM,47896,QMLE-Trade,18/03/2011,0.312451
JPM,47896,QMLE-Trade,21/03/2011,0.219614
JPM,47896,QMLE-Trade,22/03/2011,0.143651
JPM,47896,QMLE-Trade,23/03/2011,0.1637
JPM,47896,QMLE-Trade,24/03/2011,0.16996
JPM,47896,QMLE-Trade,25/03/2011,0.145567
JPM,47896,QMLE-Trade,28/03/2011,0.134749
JPM,47896,QMLE-Trade,29/03/2011,0.152721
JPM,47896,QMLE-Trade,30/03/2011,0.15678
JPM,47896,QMLE-Trade,31/03/2011,0.151422
JPM,47896,QMLE-Trade,1/04/2011,0.150321
JPM,47896,QMLE-Trade,4/04/2011,0.130477
JPM,47896,QMLE-Trade,5/04/2011,0.130755
JPM,47896,QMLE-Trade,6/04/2011,0.166553
JPM,47896,QMLE-Trade,7/04/2011,0.225609
JPM,47896,QMLE-Trade,8/04/2011,0.1751
JPM,47896,QMLE-Trade,11/04/2011,0.148549
JPM,47896,QMLE-Trade,12/04/2011,0.191347
JPM,47896,QMLE-Trade,13/04/2011,0.276203
JPM,47896,QMLE-Trade,14/04/2011,0.183451
JPM,47896,QMLE-Trade,15/04/2011,0.153924
JPM,47896,QMLE-Trade,18/04/2011,0.263263
JPM,47896,QMLE-Trade,19/04/2011,0.17633
JPM,47896,QMLE-Trade,20/04/2011,0.192904
JPM,47896,QMLE-Trade,21/04/2011,0.143873
JPM,47896,QMLE-Trade,25/04/2011,0.127493
JPM,47896,QMLE-Trade,26/04/2011,0.152577
JPM,47896,QMLE-Trade,27/04/2011,0.137602
JPM,47896,QMLE-Trade,28/04/2011,0.137789
JPM,47896,QMLE-Trade,29/04/2011,0.134368
JPM,47896,QMLE-Trade,2/05/2011,0.13547
JPM,47896,QMLE-Trade,3/05/2011,0.191525
JPM,47896,QMLE-Trade,4/05/2011,0.184778
JPM,47896,QMLE-Trade,5/05/2011,0.172837
JPM,47896,QMLE-Trade,6/05/2011,0.187051
JPM,47896,QMLE-Trade,9/05/2011,0.164392
JPM,47896,QMLE-Trade,10/05/2011,0.13014
JPM,47896,QMLE-Trade,11/05/2011,0.163222
JPM,47896,QMLE-Trade,12/05/2011,0.165087
JPM,47896,QMLE-Trade,13/05/2011,0.170903
JPM,47896,QMLE-Trade,16/05/2011,0.169151
JPM,47896,QMLE-Trade,17/05/2011,0.220518
JPM,47896,QMLE-Trade,18/05/2011,0.16217
JPM,47896,QMLE-Trade,19/05/2011,0.144179
JPM,47896,QMLE-Trade,20/05/2011,0.157196
JPM,47896,QMLE-Trade,23/05/2011,0.191719
JPM,47896,QMLE-Trade,24/05/2011,0.183113
JPM,47896,QMLE-Trade,25/05/2011,0.213255
JPM,47896,QMLE-Trade,26/05/2011,0.15748
JPM,47896,QMLE-Trade,27/05/2011,0.151437
JPM,47896,QMLE-Trade,31/05/2011,0.156949
JPM,47896,QMLE-Trade,1/06/2011,0.22873
JPM,47896,QMLE-Trade,2/06/2011,0.345829
JPM,47896,QMLE-Trade,3/06/2011,0.261538
JPM,47896,QMLE-Trade,6/06/2011,0.242737
JPM,47896,QMLE-Trade,7/06/2011,0.184275
JPM,47896,QMLE-Trade,8/06/2011,0.286407
JPM,47896,QMLE-Trade,9/06/2011,0.224476
JPM,47896,QMLE-Trade,10/06/2011,0.299225
JPM,47896,QMLE-Trade,13/06/2011,0.285812
JPM,47896,QMLE-Trade,14/06/2011,0.232649
JPM,47896,QMLE-Trade,15/06/2011,0.315495
JPM,47896,QMLE-Trade,16/06/2011,0.285762
JPM,47896,QMLE-Trade,17/06/2011,0.218617
JPM,47896,QMLE-Trade,20/06/2011,0.209776
JPM,47896,QMLE-Trade,21/06/2011,0.273245
JPM,47896,QMLE-Trade,22/06/2011,0.214573
JPM,47896,QMLE-Trade,23/06/2011,0.277518
JPM,47896,QMLE-Trade,24/06/2011,0.212756
JPM,47896,QMLE-Trade,27/06/2011,0.21985
JPM,47896,QMLE-Trade,28/06/2011,0.187541
JPM,47896,QMLE-Trade,29/06/2011,0.239404
JPM,47896,QMLE-Trade,30/06/2011,0.198456
JPM,47896,QMLE-Trade,1/07/2011,0.182051
JPM,47896,QMLE-Trade,5/07/2011,0.180555
JPM,47896,QMLE-Trade,6/07/2011,0.188088
JPM,47896,QMLE-Trade,7/07/2011,0.183571
JPM,47896,QMLE-Trade,8/07/2011,0.163198
JPM,47896,QMLE-Trade,11/07/2011,0.168963
JPM,47896,QMLE-Trade,12/07/2011,0.235597
JPM,47896,QMLE-Trade,13/07/2011,0.219435
JPM,47896,QMLE-Trade,14/07/2011,0.32179
JPM,47896,QMLE-Trade,15/07/2011,0.26124
JPM,47896,QMLE-Trade,18/07/2011,0.24083
JPM,47896,QMLE-Trade,19/07/2011,0.242922
JPM,47896,QMLE-Trade,20/07/2011,0.216681
JPM,47896,QMLE-Trade,21/07/2011,0.241373
JPM,47896,QMLE-Trade,22/07/2011,0.20166
JPM,47896,QMLE-Trade,25/07/2011,0.182067
JPM,47896,QMLE-Trade,26/07/2011,0.195597
JPM,47896,QMLE-Trade,27/07/2011,0.231982
JPM,47896,QMLE-Trade,28/07/2011,0.220208
JPM,47896,QMLE-Trade,29/07/2011,0.285694
JPM,47896,QMLE-Trade,1/08/2011,0.31673
JPM,47896,QMLE-Trade,2/08/2011,0.252374
JPM,47896,QMLE-Trade,3/08/2011,0.318767
JPM,47896,QMLE-Trade,4/08/2011,0.398111
JPM,47896,QMLE-Trade,5/08/2011,0.541088
JPM,47896,QMLE-Trade,8/08/2011,0.645811
JPM,47896,QMLE-Trade,9/08/2011,0.687253
JPM,47896,QMLE-Trade,10/08/2011,0.71902
JPM,47896,QMLE-Trade,11/08/2011,0.562837
JPM,47896,QMLE-Trade,12/08/2011,0.513474
JPM,47896,QMLE-Trade,15/08/2011,0.343236
JPM,47896,QMLE-Trade,16/08/2011,0.369334
JPM,47896,QMLE-Trade,17/08/2011,0.293009
JPM,47896,QMLE-Trade,18/08/2011,0.457978
JPM,47896,QMLE-Trade,19/08/2011,0.401049
JPM,47896,QMLE-Trade,22/08/2011,0.362549
JPM,47896,QMLE-Trade,23/08/2011,0.471262
JPM,47896,QMLE-Trade,24/08/2011,0.38291
JPM,47896,QMLE-Trade,25/08/2011,0.578869
JPM,47896,QMLE-Trade,26/08/2011,0.521588
JPM,47896,QMLE-Trade,29/08/2011,0.275623
JPM,47896,QMLE-Trade,30/08/2011,0.310947
JPM,47896,QMLE-Trade,31/08/2011,0.294073
JPM,47896,QMLE-Trade,1/09/2011,0.344839
JPM,47896,QMLE-Trade,2/09/2011,0.320506
JPM,47896,QMLE-Trade,6/09/2011,0.335819
JPM,47896,QMLE-Trade,7/09/2011,0.266881
JPM,47896,QMLE-Trade,8/09/2011,0.37389
JPM,47896,QMLE-Trade,9/09/2011,0.390527
JPM,47896,QMLE-Trade,12/09/2011,0.424893
JPM,47896,QMLE-Trade,13/09/2011,0.38297
JPM,47896,QMLE-Trade,14/09/2011,0.351331
JPM,47896,QMLE-Trade,15/09/2011,0.323432
JPM,47896,QMLE-Trade,16/09/2011,0.318682
JPM,47896,QMLE-Trade,19/09/2011,0.273343
JPM,47896,QMLE-Trade,20/09/2011,0.284506
JPM,47896,QMLE-Trade,21/09/2011,0.448969
JPM,47896,QMLE-Trade,22/09/2011,0.547913
JPM,47896,QMLE-Trade,23/09/2011,0.466884
JPM,47896,QMLE-Trade,26/09/2011,0.406504
JPM,47896,QMLE-Trade,27/09/2011,0.422742
JPM,47896,QMLE-Trade,28/09/2011,0.422498
JPM,47896,QMLE-Trade,29/09/2011,0.422347
JPM,47896,QMLE-Trade,30/09/2011,0.415967
JPM,47896,QMLE-Trade,3/10/2011,0.489772
JPM,47896,QMLE-Trade,4/10/2011,0.61674
JPM,47896,QMLE-Trade,5/10/2011,0.541387
JPM,47896,QMLE-Trade,6/10/2011,0.471545
JPM,47896,QMLE-Trade,7/10/2011,0.523453
JPM,47896,QMLE-Trade,10/10/2011,0.348442
JPM,47896,QMLE-Trade,11/10/2011,0.422214
JPM,47896,QMLE-Trade,12/10/2011,0.47426
JPM,47896,QMLE-Trade,13/10/2011,0.578645
JPM,47896,QMLE-Trade,14/10/2011,0.401687
JPM,47896,QMLE-Trade,17/10/2011,0.383994
JPM,47896,QMLE-Trade,18/10/2011,0.481561
JPM,47896,QMLE-Trade,19/10/2011,0.517221
JPM,47896,QMLE-Trade,20/10/2011,0.472021
JPM,47896,QMLE-Trade,21/10/2011,0.405573
JPM,47896,QMLE-Trade,24/10/2011,0.285115
JPM,47896,QMLE-Trade,25/10/2011,0.354714
JPM,47896,QMLE-Trade,26/10/2011,0.344422
JPM,47896,QMLE-Trade,27/10/2011,0.457178
JPM,47896,QMLE-Trade,28/10/2011,0.306108
JPM,47896,QMLE-Trade,31/10/2011,0.274546
JPM,47896,QMLE-Trade,1/11/2011,0.540439
JPM,47896,QMLE-Trade,2/11/2011,0.348793
JPM,47896,QMLE-Trade,3/11/2011,0.380596
JPM,47896,QMLE-Trade,4/11/2011,0.268176
JPM,47896,QMLE-Trade,7/11/2011,0.276346
JPM,47896,QMLE-Trade,8/11/2011,0.287769
JPM,47896,QMLE-Trade,9/11/2011,0.310624
JPM,47896,QMLE-Trade,10/11/2011,0.366445
JPM,47896,QMLE-Trade,11/11/2011,0.234185
JPM,47896,QMLE-Trade,14/11/2011,0.227238
JPM,47896,QMLE-Trade,15/11/2011,0.271095
JPM,47896,QMLE-Trade,16/11/2011,0.245809
JPM,47896,QMLE-Trade,17/11/2011,0.323083
JPM,47896,QMLE-Trade,18/11/2011,0.269886
JPM,47896,QMLE-Trade,21/11/2011,0.283175
JPM,47896,QMLE-Trade,22/11/2011,0.272293
JPM,47896,QMLE-Trade,23/11/2011,0.280372
JPM,47896,QMLE-Trade,25/11/2011,0.329818
JPM,47896,QMLE-Trade,28/11/2011,0.29677
JPM,47896,QMLE-Trade,29/11/2011,0.336338
JPM,47896,QMLE-Trade,30/11/2011,0.351519
JPM,47896,QMLE-Trade,1/12/2011,0.283527
JPM,47896,QMLE-Trade,2/12/2011,0.50139
JPM,47896,QMLE-Trade,5/12/2011,0.381949
JPM,47896,QMLE-Trade,6/12/2011,0.300964
JPM,47896,QMLE-Trade,7/12/2011,0.339119
JPM,47896,QMLE-Trade,8/12/2011,0.379565
JPM,47896,QMLE-Trade,9/12/2011,0.294013
JPM,47896,QMLE-Trade,12/12/2011,0.290659
JPM,47896,QMLE-Trade,13/12/2011,0.392048
JPM,47896,QMLE-Trade,14/12/2011,0.384081
JPM,47896,QMLE-Trade,15/12/2011,0.284971
JPM,47896,QMLE-Trade,16/12/2011,0.255354
JPM,47896,QMLE-Trade,19/12/2011,0.296197
JPM,47896,QMLE-Trade,20/12/2011,0.310925
JPM,47896,QMLE-Trade,21/12/2011,0.278097
JPM,47896,QMLE-Trade,22/12/2011,0.259621
JPM,47896,QMLE-Trade,23/12/2011,0.23324
JPM,47896,QMLE-Trade,27/12/2011,0.194802
JPM,47896,QMLE-Trade,28/12/2011,0.233522
JPM,47896,QMLE-Trade,29/12/2011,0.218438
JPM,47896,QMLE-Trade,30/12/2011,0.205
JPM,47896,QMLE-Trade,3/01/2012,0.240915
JPM,47896,QMLE-Trade,4/01/2012,0.213032
JPM,47896,QMLE-Trade,5/01/2012,0.296383
JPM,47896,QMLE-Trade,6/01/2012,0.279084
JPM,47896,QMLE-Trade,9/01/2012,0.244807
JPM,47896,QMLE-Trade,10/01/2012,0.232056
JPM,47896,QMLE-Trade,11/01/2012,0.20653
JPM,47896,QMLE-Trade,12/01/2012,0.277593
JPM,47896,QMLE-Trade,13/01/2012,0.31377
JPM,47896,QMLE-Trade,17/01/2012,0.350213
JPM,47896,QMLE-Trade,18/01/2012,0.361396
JPM,47896,QMLE-Trade,19/01/2012,0.250531
JPM,47896,QMLE-Trade,20/01/2012,0.191245
JPM,47896,QMLE-Trade,23/01/2012,0.238926
JPM,47896,QMLE-Trade,24/01/2012,0.224409
JPM,47896,QMLE-Trade,25/01/2012,0.258704
JPM,47896,QMLE-Trade,26/01/2012,0.243697
JPM,47896,QMLE-Trade,27/01/2012,0.259146
JPM,47896,QMLE-Trade,30/01/2012,0.235882
JPM,47896,QMLE-Trade,31/01/2012,0.247447
JPM,47896,QMLE-Trade,1/02/2012,0.232399
JPM,47896,QMLE-Trade,2/02/2012,0.208414
JPM,47896,QMLE-Trade,3/02/2012,0.219065
JPM,47896,QMLE-Trade,6/02/2012,0.168805
JPM,47896,QMLE-Trade,7/02/2012,0.157537
JPM,47896,QMLE-Trade,8/02/2012,0.151423
JPM,47896,QMLE-Trade,9/02/2012,0.23196
JPM,47896,QMLE-Trade,10/02/2012,0.188962
JPM,47896,QMLE-Trade,13/02/2012,0.180872
JPM,47896,QMLE-Trade,14/02/2012,0.210396
JPM,47896,QMLE-Trade,15/02/2012,0.243383
JPM,47896,QMLE-Trade,16/02/2012,0.216399
JPM,47896,QMLE-Trade,17/02/2012,0.185389
JPM,47896,QMLE-Trade,21/02/2012,0.185204
JPM,47896,QMLE-Trade,22/02/2012,0.176183
JPM,47896,QMLE-Trade,23/02/2012,0.228489
JPM,47896,QMLE-Trade,24/02/2012,0.183789
JPM,47896,QMLE-Trade,27/02/2012,0.200741
JPM,47896,QMLE-Trade,28/02/2012,0.214927
JPM,47896,QMLE-Trade,29/02/2012,0.260641
JPM,47896,QMLE-Trade,1/03/2012,0.195484
JPM,47896,QMLE-Trade,2/03/2012,0.220741
JPM,47896,QMLE-Trade,5/03/2012,0.207457
JPM,47896,QMLE-Trade,6/03/2012,0.215986
JPM,47896,QMLE-Trade,7/03/2012,0.165216
JPM,47896,QMLE-Trade,8/03/2012,0.201389
JPM,47896,QMLE-Trade,9/03/2012,0.195117
JPM,47896,QMLE-Trade,12/03/2012,0.197225
JPM,47896,QMLE-Trade,13/03/2012,0.365854
JPM,47896,QMLE-Trade,14/03/2012,0.311201
JPM,47896,QMLE-Trade,15/03/2012,0.260036
JPM,47896,QMLE-Trade,16/03/2012,0.217356
JPM,47896,QMLE-Trade,19/03/2012,0.217384
JPM,47896,QMLE-Trade,20/03/2012,0.22921
JPM,47896,QMLE-Trade,21/03/2012,0.206669
JPM,47896,QMLE-Trade,22/03/2012,0.202345
JPM,47896,QMLE-Trade,23/03/2012,0.192472
JPM,47896,QMLE-Trade,26/03/2012,0.15217
JPM,47896,QMLE-Trade,27/03/2012,0.198417
JPM,47896,QMLE-Trade,28/03/2012,0.228144
JPM,47896,QMLE-Trade,29/03/2012,0.225817
JPM,47896,QMLE-Trade,30/03/2012,0.18468
JPM,47896,QMLE-Trade,2/04/2012,0.170306
JPM,47896,QMLE-Trade,3/04/2012,0.228788
JPM,47896,QMLE-Trade,4/04/2012,0.201018
JPM,47896,QMLE-Trade,5/04/2012,0.203759
JPM,47896,QMLE-Trade,9/04/2012,0.18888
JPM,47896,QMLE-Trade,10/04/2012,0.254523
JPM,47896,QMLE-Trade,11/04/2012,0.191599
JPM,47896,QMLE-Trade,12/04/2012,0.189702
JPM,47896,QMLE-Trade,13/04/2012,0.301466
JPM,47896,QMLE-Trade,16/04/2012,0.263179
JPM,47896,QMLE-Trade,17/04/2012,0.200033
JPM,47896,QMLE-Trade,18/04/2012,0.189655
JPM,47896,QMLE-Trade,19/04/2012,0.258364
JPM,47896,QMLE-Trade,20/04/2012,0.210674
JPM,47896,QMLE-Trade,23/04/2012,0.275552
JPM,47896,QMLE-Trade,24/04/2012,0.208542
JPM,47896,QMLE-Trade,25/04/2012,0.213199
JPM,47896,QMLE-Trade,26/04/2012,0.216295
JPM,47896,QMLE-Trade,27/04/2012,0.212114
JPM,47896,QMLE-Trade,30/04/2012,0.19137
JPM,47896,QMLE-Trade,1/05/2012,0.234213
JPM,47896,QMLE-Trade,2/05/2012,0.195034
JPM,47896,QMLE-Trade,3/05/2012,0.200717
JPM,47896,QMLE-Trade,4/05/2012,0.208446
JPM,47896,QMLE-Trade,7/05/2012,0.259061
JPM,47896,QMLE-Trade,8/05/2012,0.257562
JPM,47896,QMLE-Trade,9/05/2012,0.322516
JPM,47896,QMLE-Trade,10/05/2012,0.237568
JPM,47896,QMLE-Trade,11/05/2012,0.380275
JPM,47896,QMLE-Trade,14/05/2012,0.26311
JPM,47896,QMLE-Trade,15/05/2012,0.341471
JPM,47896,QMLE-Trade,16/05/2012,0.318915
JPM,47896,QMLE-Trade,17/05/2012,0.442267
JPM,47896,QMLE-Trade,18/05/2012,0.368219
JPM,47896,QMLE-Trade,21/05/2012,0.493512
JPM,47896,QMLE-Trade,22/05/2012,0.410573
JPM,47896,QMLE-Trade,23/05/2012,0.324882
JPM,47896,QMLE-Trade,24/05/2012,0.295772
JPM,47896,QMLE-Trade,25/05/2012,0.245179
JPM,47896,QMLE-Trade,29/05/2012,0.228736
JPM,47896,QMLE-Trade,30/05/2012,0.197476
JPM,47896,QMLE-Trade,31/05/2012,0.213456
JPM,47896,QMLE-Trade,1/06/2012,0.284221
JPM,47896,QMLE-Trade,4/06/2012,0.291592
JPM,47896,QMLE-Trade,5/06/2012,0.362292
JPM,47896,QMLE-Trade,6/06/2012,0.305692
JPM,47896,QMLE-Trade,7/06/2012,0.298893
JPM,47896,QMLE-Trade,8/06/2012,0.244536
JPM,47896,QMLE-Trade,11/06/2012,0.298627
JPM,47896,QMLE-Trade,12/06/2012,0.299991
JPM,47896,QMLE-Trade,13/06/2012,0.373401
JPM,47896,QMLE-Trade,14/06/2012,0.312777
JPM,47896,QMLE-Trade,15/06/2012,0.223543
JPM,47896,QMLE-Trade,18/06/2012,0.257068
JPM,47896,QMLE-Trade,19/06/2012,0.2299
JPM,47896,QMLE-Trade,20/06/2012,0.366053
JPM,47896,QMLE-Trade,21/06/2012,0.283087
JPM,47896,QMLE-Trade,22/06/2012,0.236202
JPM,47896,QMLE-Trade,25/06/2012,0.272008
JPM,47896,QMLE-Trade,26/06/2012,0.26046
JPM,47896,QMLE-Trade,27/06/2012,0.238211
JPM,47896,QMLE-Trade,28/06/2012,0.336208
JPM,47896,QMLE-Trade,29/06/2012,0.270913
JPM,47896,QMLE-Trade,2/07/2012,0.233656
JPM,47896,QMLE-Trade,3/07/2012,0.310628
JPM,47896,QMLE-Trade,5/07/2012,0.272905
JPM,47896,QMLE-Trade,6/07/2012,0.18489
JPM,47896,QMLE-Trade,9/07/2012,0.203838
JPM,47896,QMLE-Trade,10/07/2012,0.207521
JPM,47896,QMLE-Trade,11/07/2012,0.265477
JPM,47896,QMLE-Trade,12/07/2012,0.241612
JPM,47896,QMLE-Trade,13/07/2012,0.297359
JPM,47896,QMLE-Trade,16/07/2012,0.243236
JPM,47896,QMLE-Trade,17/07/2012,0.26874
JPM,47896,QMLE-Trade,18/07/2012,0.242853
JPM,47896,QMLE-Trade,19/07/2012,0.213504
JPM,47896,QMLE-Trade,20/07/2012,0.156988
JPM,47896,QMLE-Trade,23/07/2012,0.298699
JPM,47896,QMLE-Trade,24/07/2012,0.232975
JPM,47896,QMLE-Trade,25/07/2012,0.198452
JPM,47896,QMLE-Trade,26/07/2012,0.198047
JPM,47896,QMLE-Trade,27/07/2012,0.255201
JPM,47896,QMLE-Trade,30/07/2012,0.221204
JPM,47896,QMLE-Trade,31/07/2012,0.191784
JPM,47896,QMLE-Trade,1/08/2012,0.257959
JPM,47896,QMLE-Trade,2/08/2012,0.236054
JPM,47896,QMLE-Trade,3/08/2012,0.180756
JPM,47896,QMLE-Trade,6/08/2012,0.145116
JPM,47896,QMLE-Trade,7/08/2012,0.209564
JPM,47896,QMLE-Trade,8/08/2012,0.184439
JPM,47896,QMLE-Trade,9/08/2012,0.191753
JPM,47896,QMLE-Trade,10/08/2012,0.198748
JPM,47896,QMLE-Trade,13/08/2012,0.204877
JPM,47896,QMLE-Trade,14/08/2012,0.194051
JPM,47896,QMLE-Trade,15/08/2012,0.167561
JPM,47896,QMLE-Trade,16/08/2012,0.141165
JPM,47896,QMLE-Trade,17/08/2012,0.148607
JPM,47896,QMLE-Trade,20/08/2012,0.159084
JPM,47896,QMLE-Trade,21/08/2012,0.249381
JPM,47896,QMLE-Trade,22/08/2012,0.218564
JPM,47896,QMLE-Trade,23/08/2012,0.159572
JPM,47896,QMLE-Trade,24/08/2012,0.150703
JPM,47896,QMLE-Trade,27/08/2012,0.180724
JPM,47896,QMLE-Trade,28/08/2012,0.184018
JPM,47896,QMLE-Trade,29/08/2012,0.148832
JPM,47896,QMLE-Trade,30/08/2012,0.133504
JPM,47896,QMLE-Trade,31/08/2012,0.201323
JPM,47896,QMLE-Trade,4/09/2012,0.170399
JPM,47896,QMLE-Trade,5/09/2012,0.153237
JPM,47896,QMLE-Trade,6/09/2012,0.224534
JPM,47896,QMLE-Trade,7/09/2012,0.197129
JPM,47896,QMLE-Trade,10/09/2012,0.159857
JPM,47896,QMLE-Trade,11/09/2012,0.189684
JPM,47896,QMLE-Trade,12/09/2012,0.183424
JPM,47896,QMLE-Trade,13/09/2012,0.33204
JPM,47896,QMLE-Trade,14/09/2012,0.269965
JPM,47896,QMLE-Trade,17/09/2012,0.217595
JPM,47896,QMLE-Trade,18/09/2012,0.189661
JPM,47896,QMLE-Trade,19/09/2012,0.207298
JPM,47896,QMLE-Trade,20/09/2012,0.166472
JPM,47896,QMLE-Trade,21/09/2012,0.176937
JPM,47896,QMLE-Trade,24/09/2012,0.153821
JPM,47896,QMLE-Trade,25/09/2012,0.215594
JPM,47896,QMLE-Trade,26/09/2012,0.238378
JPM,47896,QMLE-Trade,27/09/2012,0.181874
JPM,47896,QMLE-Trade,28/09/2012,0.21964
JPM,47896,QMLE-Trade,1/10/2012,0.215139
JPM,47896,QMLE-Trade,2/10/2012,0.214508
JPM,47896,QMLE-Trade,3/10/2012,0.174903
JPM,47896,QMLE-Trade,4/10/2012,0.19471
JPM,47896,QMLE-Trade,5/10/2012,0.209172
JPM,47896,QMLE-Trade,8/10/2012,0.177478
JPM,47896,QMLE-Trade,9/10/2012,0.194071
JPM,47896,QMLE-Trade,10/10/2012,0.215342
JPM,47896,QMLE-Trade,11/10/2012,0.193405
JPM,47896,QMLE-Trade,12/10/2012,0.337864
JPM,47896,QMLE-Trade,15/10/2012,0.22701
JPM,47896,QMLE-Trade,16/10/2012,0.209622
JPM,47896,QMLE-Trade,17/10/2012,0.184076
JPM,47896,QMLE-Trade,18/10/2012,0.197328
JPM,47896,QMLE-Trade,19/10/2012,0.182705
JPM,47896,QMLE-Trade,22/10/2012,0.221745
JPM,47896,QMLE-Trade,23/10/2012,0.245158
JPM,47896,QMLE-Trade,24/10/2012,0.179053
JPM,47896,QMLE-Trade,25/10/2012,0.177765
JPM,47896,QMLE-Trade,26/10/2012,0.205205
JPM,47896,QMLE-Trade,31/10/2012,0.194672
JPM,47896,QMLE-Trade,1/11/2012,0.158505
JPM,47896,QMLE-Trade,2/11/2012,0.218946
JPM,47896,QMLE-Trade,5/11/2012,0.180588
JPM,47896,QMLE-Trade,6/11/2012,0.150589
JPM,47896,QMLE-Trade,7/11/2012,0.312306
JPM,47896,QMLE-Trade,8/11/2012,0.247952
JPM,47896,QMLE-Trade,9/11/2012,0.300318
JPM,47896,QMLE-Trade,12/11/2012,0.177131
JPM,47896,QMLE-Trade,13/11/2012,0.198326
JPM,47896,QMLE-Trade,14/11/2012,0.252307
JPM,47896,QMLE-Trade,15/11/2012,0.268684
JPM,47896,QMLE-Trade,16/11/2012,0.289166
JPM,47896,QMLE-Trade,19/11/2012,0.179907
JPM,47896,QMLE-Trade,20/11/2012,0.195237
JPM,47896,QMLE-Trade,21/11/2012,0.14481
JPM,47896,QMLE-Trade,23/11/2012,0.133582
JPM,47896,QMLE-Trade,26/11/2012,0.173695
JPM,47896,QMLE-Trade,27/11/2012,0.209441
JPM,47896,QMLE-Trade,28/11/2012,0.219471
JPM,47896,QMLE-Trade,29/11/2012,0.204931
JPM,47896,QMLE-Trade,30/11/2012,0.138749
JPM,47896,QMLE-Trade,3/12/2012,0.179164
JPM,47896,QMLE-Trade,4/12/2012,0.199052
JPM,47896,QMLE-Trade,5/12/2012,0.185758
JPM,47896,QMLE-Trade,6/12/2012,0.163689
JPM,47896,QMLE-Trade,7/12/2012,0.192342
JPM,47896,QMLE-Trade,10/12/2012,0.167077
JPM,47896,QMLE-Trade,11/12/2012,0.143891
JPM,47896,QMLE-Trade,12/12/2012,0.168957
JPM,47896,QMLE-Trade,13/12/2012,0.136789
JPM,47896,QMLE-Trade,14/12/2012,0.110229
JPM,47896,QMLE-Trade,17/12/2012,0.155572
JPM,47896,QMLE-Trade,18/12/2012,0.18092
JPM,47896,QMLE-Trade,19/12/2012,0.147375
JPM,47896,QMLE-Trade,20/12/2012,0.206941
JPM,47896,QMLE-Trade,21/12/2012,0.26116
JPM,47896,QMLE-Trade,24/12/2012,0.167233
JPM,47896,QMLE-Trade,26/12/2012,0.149589
JPM,47896,QMLE-Trade,27/12/2012,0.23447
JPM,47896,QMLE-Trade,28/12/2012,0.212929
JPM,47896,QMLE-Trade,31/12/2012,0.246324
JPM,47896,QMLE-Trade,2/01/2013,0.203946
JPM,47896,QMLE-Trade,3/01/2013,0.163858
JPM,47896,QMLE-Trade,4/01/2013,0.120565
JPM,47896,QMLE-Trade,7/01/2013,0.136084
JPM,47896,QMLE-Trade,8/01/2013,0.118849
JPM,47896,QMLE-Trade,9/01/2013,0.16497
JPM,47896,QMLE-Trade,10/01/2013,0.20063
JPM,47896,QMLE-Trade,11/01/2013,0.15665
JPM,47896,QMLE-Trade,14/01/2013,0.172231
JPM,47896,QMLE-Trade,15/01/2013,0.224017
JPM,47896,QMLE-Trade,16/01/2013,0.271764
JPM,47896,QMLE-Trade,17/01/2013,0.199825
JPM,47896,QMLE-Trade,18/01/2013,0.178795
JPM,47896,QMLE-Trade,22/01/2013,0.13924
JPM,47896,QMLE-Trade,23/01/2013,0.133841
JPM,47896,QMLE-Trade,24/01/2013,0.194099
JPM,47896,QMLE-Trade,25/01/2013,0.145408
JPM,47896,QMLE-Trade,28/01/2013,0.158358
JPM,47896,QMLE-Trade,29/01/2013,0.142818
JPM,47896,QMLE-Trade,30/01/2013,0.142443
JPM,47896,QMLE-Trade,31/01/2013,0.142951
JPM,47896,QMLE-Trade,1/02/2013,0.121284
JPM,47896,QMLE-Trade,4/02/2013,0.165209
JPM,47896,QMLE-Trade,5/02/2013,0.148748
JPM,47896,QMLE-Trade,6/02/2013,0.136152
JPM,47896,QMLE-Trade,7/02/2013,0.155988
JPM,47896,QMLE-Trade,8/02/2013,0.102545
JPM,47896,QMLE-Trade,11/02/2013,0.109082
JPM,47896,QMLE-Trade,12/02/2013,0.104771
JPM,47896,QMLE-Trade,13/02/2013,0.131712
JPM,47896,QMLE-Trade,14/02/2013,0.114164
JPM,47896,QMLE-Trade,15/02/2013,0.133433
JPM,47896,QMLE-Trade,19/02/2013,0.14047
JPM,47896,QMLE-Trade,20/02/2013,0.189126
JPM,47896,QMLE-Trade,21/02/2013,0.201437
JPM,47896,QMLE-Trade,22/02/2013,0.158332
JPM,47896,QMLE-Trade,25/02/2013,0.203025
JPM,47896,QMLE-Trade,26/02/2013,0.313717
JPM,47896,QMLE-Trade,27/02/2013,0.214537
JPM,47896,QMLE-Trade,28/02/2013,0.169126
JPM,47896,QMLE-Trade,1/03/2013,0.226593
JPM,47896,QMLE-Trade,4/03/2013,0.186358
JPM,47896,QMLE-Trade,5/03/2013,0.186401
JPM,47896,QMLE-Trade,6/03/2013,0.142276
JPM,47896,QMLE-Trade,7/03/2013,0.17436
JPM,47896,QMLE-Trade,8/03/2013,0.242445
JPM,47896,QMLE-Trade,11/03/2013,0.157879
JPM,47896,QMLE-Trade,12/03/2013,0.170158
JPM,47896,QMLE-Trade,13/03/2013,0.113728
JPM,47896,QMLE-Trade,14/03/2013,0.149256
JPM,47896,QMLE-Trade,15/03/2013,0.218598
JPM,47896,QMLE-Trade,18/03/2013,0.206524
JPM,47896,QMLE-Trade,19/03/2013,0.208187
JPM,47896,QMLE-Trade,20/03/2013,0.156068
JPM,47896,QMLE-Trade,21/03/2013,0.172447
JPM,47896,QMLE-Trade,22/03/2013,0.177324
JPM,47896,QMLE-Trade,25/03/2013,0.19956
JPM,47896,QMLE-Trade,26/03/2013,0.152639
JPM,47896,QMLE-Trade,27/03/2013,0.17073
JPM,47896,QMLE-Trade,28/03/2013,0.133777
JPM,47896,QMLE-Trade,1/04/2013,0.153846
JPM,47896,QMLE-Trade,2/04/2013,0.129429
JPM,47896,QMLE-Trade,3/04/2013,0.193308
JPM,47896,QMLE-Trade,4/04/2013,0.172956
JPM,47896,QMLE-Trade,5/04/2013,0.156762
JPM,47896,QMLE-Trade,8/04/2013,0.178338
JPM,47896,QMLE-Trade,9/04/2013,0.147951
JPM,47896,QMLE-Trade,10/04/2013,0.152482
JPM,47896,QMLE-Trade,11/04/2013,0.192178
JPM,47896,QMLE-Trade,12/04/2013,0.277155
JPM,47896,QMLE-Trade,15/04/2013,0.290884
JPM,47896,QMLE-Trade,16/04/2013,0.203032
JPM,47896,QMLE-Trade,17/04/2013,0.30618
JPM,47896,QMLE-Trade,18/04/2013,0.272304
JPM,47896,QMLE-Trade,19/04/2013,0.176237
JPM,47896,QMLE-Trade,22/04/2013,0.182543
JPM,47896,QMLE-Trade,23/04/2013,0.208263
JPM,47896,QMLE-Trade,24/04/2013,0.149086
JPM,47896,QMLE-Trade,25/04/2013,0.157254
JPM,47896,QMLE-Trade,26/04/2013,0.149014
JPM,47896,QMLE-Trade,29/04/2013,0.138507
JPM,47896,QMLE-Trade,30/04/2013,0.133911
JPM,47896,QMLE-Trade,1/05/2013,0.177181
JPM,47896,QMLE-Trade,2/05/2013,0.151502
JPM,47896,QMLE-Trade,3/05/2013,0.204626
JPM,47896,QMLE-Trade,6/05/2013,0.170729
JPM,47896,QMLE-Trade,7/05/2013,0.168636
JPM,47896,QMLE-Trade,8/05/2013,0.137213
JPM,47896,QMLE-Trade,9/05/2013,0.159848
JPM,47896,QMLE-Trade,10/05/2013,0.12848
JPM,47896,QMLE-Trade,13/05/2013,0.12558
JPM,47896,QMLE-Trade,14/05/2013,0.143034
JPM,47896,QMLE-Trade,15/05/2013,0.169298
JPM,47896,QMLE-Trade,16/05/2013,0.19476
JPM,47896,QMLE-Trade,17/05/2013,0.165286
JPM,47896,QMLE-Trade,20/05/2013,0.177479
JPM,47896,QMLE-Trade,21/05/2013,0.235434
JPM,47896,QMLE-Trade,22/05/2013,0.335418
JPM,47896,QMLE-Trade,23/05/2013,0.260814
JPM,47896,QMLE-Trade,24/05/2013,0.184612
JPM,47896,QMLE-Trade,28/05/2013,0.200678
JPM,47896,QMLE-Trade,29/05/2013,0.211935
JPM,47896,QMLE-Trade,30/05/2013,0.170519
JPM,47896,QMLE-Trade,31/05/2013,0.196054
JPM,47896,QMLE-Trade,3/06/2013,0.336979
JPM,47896,QMLE-Trade,4/06/2013,0.278984
JPM,47896,QMLE-Trade,5/06/2013,0.244724
JPM,47896,QMLE-Trade,6/06/2013,0.257826
JPM,47896,QMLE-Trade,7/06/2013,0.239633
JPM,47896,QMLE-Trade,10/06/2013,0.213515
JPM,47896,QMLE-Trade,11/06/2013,0.217784
JPM,47896,QMLE-Trade,12/06/2013,0.214134
JPM,47896,QMLE-Trade,13/06/2013,0.183356
JPM,47896,QMLE-Trade,14/06/2013,0.177899
JPM,47896,QMLE-Trade,17/06/2013,0.188619
JPM,47896,QMLE-Trade,18/06/2013,0.14478
JPM,47896,QMLE-Trade,19/06/2013,0.295267
JPM,47896,QMLE-Trade,20/06/2013,0.271665
JPM,47896,QMLE-Trade,21/06/2013,0.286601
JPM,47896,QMLE-Trade,24/06/2013,0.325605
JPM,47896,QMLE-Trade,25/06/2013,0.240197
JPM,47896,QMLE-Trade,26/06/2013,0.184804
JPM,47896,QMLE-Trade,27/06/2013,0.172295
JPM,47896,QMLE-Trade,28/06/2013,0.176883
JPM,47896,QMLE-Trade,1/07/2013,0.157851
JPM,47896,QMLE-Trade,2/07/2013,0.216654
JPM,47896,QMLE-Trade,3/07/2013,0.205396
JPM,47896,QMLE-Trade,5/07/2013,0.173381
JPM,47896,QMLE-Trade,8/07/2013,0.192915
JPM,47896,QMLE-Trade,9/07/2013,0.199677
JPM,47896,QMLE-Trade,10/07/2013,0.186575
JPM,47896,QMLE-Trade,11/07/2013,0.203826
JPM,47896,QMLE-Trade,12/07/2013,0.237185
JPM,47896,QMLE-Trade,15/07/2013,0.138364
JPM,47896,QMLE-Trade,16/07/2013,0.145464
JPM,47896,QMLE-Trade,17/07/2013,0.153498
JPM,47896,QMLE-Trade,18/07/2013,0.147481
JPM,47896,QMLE-Trade,19/07/2013,0.158521
JPM,47896,QMLE-Trade,22/07/2013,0.127427
JPM,47896,QMLE-Trade,23/07/2013,0.129787
JPM,47896,QMLE-Trade,24/07/2013,0.13629
JPM,47896,QMLE-Trade,25/07/2013,0.157838
JPM,47896,QMLE-Trade,26/07/2013,0.097468
JPM,47896,QMLE-Trade,29/07/2013,0.119799
JPM,47896,QMLE-Trade,30/07/2013,0.117323
JPM,47896,QMLE-Trade,31/07/2013,0.173139
JPM,47896,QMLE-Trade,1/08/2013,0.130416
JPM,47896,QMLE-Trade,2/08/2013,0.122792
JPM,47896,QMLE-Trade,5/08/2013,0.115082
JPM,47896,QMLE-Trade,6/08/2013,0.134535
JPM,47896,QMLE-Trade,7/08/2013,0.131151
JPM,47896,QMLE-Trade,8/08/2013,0.161405
JPM,47896,QMLE-Trade,9/08/2013,0.142056
JPM,47896,QMLE-Trade,12/08/2013,0.15097
JPM,47896,QMLE-Trade,13/08/2013,0.161282
JPM,47896,QMLE-Trade,14/08/2013,0.177011
JPM,47896,QMLE-Trade,15/08/2013,0.17132
JPM,47896,QMLE-Trade,16/08/2013,0.159406
JPM,47896,QMLE-Trade,19/08/2013,0.151388
JPM,47896,QMLE-Trade,20/08/2013,0.172875
JPM,47896,QMLE-Trade,21/08/2013,0.198175
JPM,47896,QMLE-Trade,22/08/2013,0.177324
JPM,47896,QMLE-Trade,23/08/2013,0.136754
JPM,47896,QMLE-Trade,26/08/2013,0.134182
JPM,47896,QMLE-Trade,27/08/2013,0.193372
JPM,47896,QMLE-Trade,28/08/2013,0.166209
JPM,47896,QMLE-Trade,29/08/2013,0.136405
JPM,47896,QMLE-Trade,30/08/2013,0.143765
JPM,47896,QMLE-Trade,3/09/2013,0.184795
JPM,47896,QMLE-Trade,4/09/2013,0.179229
JPM,47896,QMLE-Trade,5/09/2013,0.136668
JPM,47896,QMLE-Trade,6/09/2013,0.19903
JPM,47896,QMLE-Trade,9/09/2013,0.162979
JPM,47896,QMLE-Trade,10/09/2013,0.15953
JPM,47896,QMLE-Trade,11/09/2013,0.139022
JPM,47896,QMLE-Trade,12/09/2013,0.14614
JPM,47896,QMLE-Trade,13/09/2013,0.1488
JPM,47896,QMLE-Trade,16/09/2013,0.14997
JPM,47896,QMLE-Trade,17/09/2013,0.139771
JPM,47896,QMLE-Trade,18/09/2013,0.212951
JPM,47896,QMLE-Trade,19/09/2013,0.178584
JPM,47896,QMLE-Trade,20/09/2013,0.150226
JPM,47896,QMLE-Trade,23/09/2013,0.168331
JPM,47896,QMLE-Trade,24/09/2013,0.170758
JPM,47896,QMLE-Trade,25/09/2013,0.271411
JPM,47896,QMLE-Trade,26/09/2013,0.193517
JPM,47896,QMLE-Trade,27/09/2013,0.215576
JPM,47896,QMLE-Trade,30/09/2013,0.18131
JPM,47896,QMLE-Trade,1/10/2013,0.168864
JPM,47896,QMLE-Trade,2/10/2013,0.156686
JPM,47896,QMLE-Trade,3/10/2013,0.186844
JPM,47896,QMLE-Trade,4/10/2013,0.136537
JPM,47896,QMLE-Trade,7/10/2013,0.166023
JPM,47896,QMLE-Trade,8/10/2013,0.180238
JPM,47896,QMLE-Trade,9/10/2013,0.231065
JPM,47896,QMLE-Trade,10/10/2013,0.196301
JPM,47896,QMLE-Trade,11/10/2013,0.275279
JPM,47896,QMLE-Trade,14/10/2013,0.174033
JPM,47896,QMLE-Trade,15/10/2013,0.219076
JPM,47896,QMLE-Trade,16/10/2013,0.205462
JPM,47896,QMLE-Trade,17/10/2013,0.154413
JPM,47896,QMLE-Trade,18/10/2013,0.202368
JPM,47896,QMLE-Trade,21/10/2013,0.189899
JPM,47896,QMLE-Trade,22/10/2013,0.158752
JPM,47896,QMLE-Trade,23/10/2013,0.160698
JPM,47896,QMLE-Trade,24/10/2013,0.156597
JPM,47896,QMLE-Trade,25/10/2013,0.154708
JPM,47896,QMLE-Trade,28/10/2013,0.150896
JPM,47896,QMLE-Trade,29/10/2013,0.207583
JPM,47896,QMLE-Trade,30/10/2013,0.186385
JPM,47896,QMLE-Trade,31/10/2013,0.180617
JPM,47896,QMLE-Trade,1/11/2013,0.191992
JPM,47896,QMLE-Trade,4/11/2013,0.147209
JPM,47896,QMLE-Trade,5/11/2013,0.146672
JPM,47896,QMLE-Trade,6/11/2013,0.12568
JPM,47896,QMLE-Trade,7/11/2013,0.175822
JPM,47896,QMLE-Trade,8/11/2013,0.187651
JPM,47896,QMLE-Trade,11/11/2013,0.113395
JPM,47896,QMLE-Trade,12/11/2013,0.115885
JPM,47896,QMLE-Trade,13/11/2013,0.162598
JPM,47896,QMLE-Trade,14/11/2013,0.147823
JPM,47896,QMLE-Trade,15/11/2013,0.149156
JPM,47896,QMLE-Trade,18/11/2013,0.157367
JPM,47896,QMLE-Trade,19/11/2013,0.18413
JPM,47896,QMLE-Trade,20/11/2013,0.180344
JPM,47896,QMLE-Trade,21/11/2013,0.152428
JPM,47896,QMLE-Trade,22/11/2013,0.147627
JPM,47896,QMLE-Trade,25/11/2013,0.139106
JPM,47896,QMLE-Trade,26/11/2013,0.143134
JPM,47896,QMLE-Trade,27/11/2013,0.118288
JPM,47896,QMLE-Trade,29/11/2013,0.162134
JPM,47896,QMLE-Trade,2/12/2013,0.152318
JPM,47896,QMLE-Trade,3/12/2013,0.164782
JPM,47896,QMLE-Trade,4/12/2013,0.170175
JPM,47896,QMLE-Trade,5/12/2013,0.184442
JPM,47896,QMLE-Trade,6/12/2013,0.160879
JPM,47896,QMLE-Trade,9/12/2013,0.122221
JPM,47896,QMLE-Trade,10/12/2013,0.181654
JPM,47896,QMLE-Trade,11/12/2013,0.152825
JPM,47896,QMLE-Trade,12/12/2013,0.14921
JPM,47896,QMLE-Trade,13/12/2013,0.139348
JPM,47896,QMLE-Trade,16/12/2013,0.143699
JPM,47896,QMLE-Trade,17/12/2013,0.123263
JPM,47896,QMLE-Trade,18/12/2013,0.22917
JPM,47896,QMLE-Trade,19/12/2013,0.1744
JPM,47896,QMLE-Trade,20/12/2013,0.130315
JPM,47896,QMLE-Trade,23/12/2013,0.113643
JPM,47896,QMLE-Trade,24/12/2013,0.0904291
JPM,47896,QMLE-Trade,26/12/2013,0.095537
JPM,47896,QMLE-Trade,27/12/2013,0.0801612
JPM,47896,QMLE-Trade,30/12/2013,0.0728405
JPM,47896,QMLE-Trade,31/12/2013,0.0923928
JPM,47896,QMLE-Trade,2/01/2014,0.145287
JPM,47896,QMLE-Trade,3/01/2014,0.120145
JPM,47896,QMLE-Trade,6/01/2014,0.153739
JPM,47896,QMLE-Trade,7/01/2014,0.133089
JPM,47896,QMLE-Trade,8/01/2014,0.161308
JPM,47896,QMLE-Trade,9/01/2014,0.136256
JPM,47896,QMLE-Trade,10/01/2014,0.137727
JPM,47896,QMLE-Trade,13/01/2014,0.140451
JPM,47896,QMLE-Trade,14/01/2014,0.222414
JPM,47896,QMLE-Trade,15/01/2014,0.196762
JPM,47896,QMLE-Trade,16/01/2014,0.166597
JPM,47896,QMLE-Trade,17/01/2014,0.14597
JPM,47896,QMLE-Trade,21/01/2014,0.156216
JPM,47896,QMLE-Trade,22/01/2014,0.146395
JPM,47896,QMLE-Trade,23/01/2014,0.156599
JPM,47896,QMLE-Trade,24/01/2014,0.18643
JPM,47896,QMLE-Trade,27/01/2014,0.215946
JPM,47896,QMLE-Trade,28/01/2014,0.165484
JPM,47896,QMLE-Trade,29/01/2014,0.245056
JPM,47896,QMLE-Trade,30/01/2014,0.167304
JPM,47896,QMLE-Trade,31/01/2014,0.197498
JPM,47896,QMLE-Trade,3/02/2014,0.206693
JPM,47896,QMLE-Trade,4/02/2014,0.180178
JPM,47896,QMLE-Trade,5/02/2014,0.261849
JPM,47896,QMLE-Trade,6/02/2014,0.148695
JPM,47896,QMLE-Trade,7/02/2014,0.144074
JPM,47896,QMLE-Trade,10/02/2014,0.136004
JPM,47896,QMLE-Trade,11/02/2014,0.123919
JPM,47896,QMLE-Trade,12/02/2014,0.133751
JPM,47896,QMLE-Trade,13/02/2014,0.131115
JPM,47896,QMLE-Trade,14/02/2014,0.113536
JPM,47896,QMLE-Trade,18/02/2014,0.121751
JPM,47896,QMLE-Trade,19/02/2014,0.165247
JPM,47896,QMLE-Trade,20/02/2014,0.145225
JPM,47896,QMLE-Trade,21/02/2014,0.116966
JPM,47896,QMLE-Trade,24/02/2014,0.148975
JPM,47896,QMLE-Trade,25/02/2014,0.172199
JPM,47896,QMLE-Trade,26/02/2014,0.183424
JPM,47896,QMLE-Trade,27/02/2014,0.158985
JPM,47896,QMLE-Trade,28/02/2014,0.17651
JPM,47896,QMLE-Trade,3/03/2014,0.188435
JPM,47896,QMLE-Trade,4/03/2014,0.130674
JPM,47896,QMLE-Trade,5/03/2014,0.138033
JPM,47896,QMLE-Trade,6/03/2014,0.11897
JPM,47896,QMLE-Trade,7/03/2014,0.176473
JPM,47896,QMLE-Trade,10/03/2014,0.133766
JPM,47896,QMLE-Trade,11/03/2014,0.142587
JPM,47896,QMLE-Trade,12/03/2014,0.144902
JPM,47896,QMLE-Trade,13/03/2014,0.17826
JPM,47896,QMLE-Trade,14/03/2014,0.181085
JPM,47896,QMLE-Trade,17/03/2014,0.146338
JPM,47896,QMLE-Trade,18/03/2014,0.136736
JPM,47896,QMLE-Trade,19/03/2014,0.202439
JPM,47896,QMLE-Trade,20/03/2014,0.182685
JPM,47896,QMLE-Trade,21/03/2014,0.224702
JPM,47896,QMLE-Trade,24/03/2014,0.185282
JPM,47896,QMLE-Trade,25/03/2014,0.167972
JPM,47896,QMLE-Trade,26/03/2014,0.161712
JPM,47896,QMLE-Trade,27/03/2014,0.209277
JPM,47896,QMLE-Trade,28/03/2014,0.171899
JPM,47896,QMLE-Trade,31/03/2014,0.134713
JPM,47896,QMLE-Trade,1/04/2014,0.157185
JPM,47896,QMLE-Trade,2/04/2014,0.140201
JPM,47896,QMLE-Trade,3/04/2014,0.124595
JPM,47896,QMLE-Trade,4/04/2014,0.158974
JPM,47896,QMLE-Trade,7/04/2014,0.160583
JPM,47896,QMLE-Trade,8/04/2014,0.170036
JPM,47896,QMLE-Trade,9/04/2014,0.174336
JPM,47896,QMLE-Trade,10/04/2014,0.21922
JPM,47896,QMLE-Trade,11/04/2014,0.300793
JPM,47896,QMLE-Trade,14/04/2014,0.228816
JPM,47896,QMLE-Trade,15/04/2014,0.204328
JPM,47896,QMLE-Trade,16/04/2014,0.148279
JPM,47896,QMLE-Trade,17/04/2014,0.131285
JPM,47896,QMLE-Trade,21/04/2014,0.139834
JPM,47896,QMLE-Trade,22/04/2014,0.137773
JPM,47896,QMLE-Trade,23/04/2014,0.138584
JPM,47896,QMLE-Trade,24/04/2014,0.162468
JPM,47896,QMLE-Trade,25/04/2014,0.150731
JPM,47896,QMLE-Trade,28/04/2014,0.218167
JPM,47896,QMLE-Trade,29/04/2014,0.147567
JPM,47896,QMLE-Trade,30/04/2014,0.15554
JPM,47896,QMLE-Trade,1/05/2014,0.140449
JPM,47896,QMLE-Trade,2/05/2014,0.141004
JPM,47896,QMLE-Trade,5/05/2014,0.183824
JPM,47896,QMLE-Trade,6/05/2014,0.126559
JPM,47896,QMLE-Trade,7/05/2014,0.153885
JPM,47896,QMLE-Trade,8/05/2014,0.158233
JPM,47896,QMLE-Trade,9/05/2014,0.12294
JPM,47896,QMLE-Trade,12/05/2014,0.107048
JPM,47896,QMLE-Trade,13/05/2014,0.119073
JPM,47896,QMLE-Trade,14/05/2014,0.0948576
JPM,47896,QMLE-Trade,15/05/2014,0.142283
JPM,47896,QMLE-Trade,16/05/2014,0.113217
JPM,47896,QMLE-Trade,19/05/2014,0.116941
JPM,47896,QMLE-Trade,20/05/2014,0.137398
JPM,47896,QMLE-Trade,21/05/2014,0.127292
JPM,47896,QMLE-Trade,22/05/2014,0.114055
JPM,47896,QMLE-Trade,23/05/2014,0.0978552
JPM,47896,QMLE-Trade,27/05/2014,0.121163
JPM,47896,QMLE-Trade,28/05/2014,0.112356
JPM,47896,QMLE-Trade,29/05/2014,0.0976056
JPM,47896,QMLE-Trade,30/05/2014,0.115421
JPM,47896,QMLE-Trade,2/06/2014,0.131097
JPM,47896,QMLE-Trade,3/06/2014,0.106913
JPM,47896,QMLE-Trade,4/06/2014,0.112945
JPM,47896,QMLE-Trade,5/06/2014,0.123724
JPM,47896,QMLE-Trade,6/06/2014,0.103482
JPM,47896,QMLE-Trade,9/06/2014,0.115583
JPM,47896,QMLE-Trade,10/06/2014,0.109384
JPM,47896,QMLE-Trade,11/06/2014,0.147702
JPM,47896,QMLE-Trade,12/06/2014,0.139795
JPM,47896,QMLE-Trade,13/06/2014,0.141882
JPM,47896,QMLE-Trade,16/06/2014,0.130146
JPM,47896,QMLE-Trade,17/06/2014,0.146834
JPM,47896,QMLE-Trade,18/06/2014,0.165797
JPM,47896,QMLE-Trade,19/06/2014,0.114176
JPM,47896,QMLE-Trade,20/06/2014,0.0976692
JPM,47896,QMLE-Trade,23/06/2014,0.118639
JPM,47896,QMLE-Trade,24/06/2014,0.132525
JPM,47896,QMLE-Trade,25/06/2014,0.149402
JPM,47896,QMLE-Trade,26/06/2014,0.152589
JPM,47896,QMLE-Trade,27/06/2014,0.114431
JPM,47896,QMLE-Trade,30/06/2014,0.114658
JPM,47896,QMLE-Trade,1/07/2014,0.140463
JPM,47896,QMLE-Trade,2/07/2014,0.117681
JPM,47896,QMLE-Trade,3/07/2014,0.156257
JPM,47896,QMLE-Trade,7/07/2014,0.122587
JPM,47896,QMLE-Trade,8/07/2014,0.13697
JPM,47896,QMLE-Trade,9/07/2014,0.135153
JPM,47896,QMLE-Trade,10/07/2014,0.180817
JPM,47896,QMLE-Trade,11/07/2014,0.149542
JPM,47896,QMLE-Trade,14/07/2014,0.126564
JPM,47896,QMLE-Trade,15/07/2014,0.214366
JPM,47896,QMLE-Trade,16/07/2014,0.15962
JPM,47896,QMLE-Trade,17/07/2014,0.146985
JPM,47896,QMLE-Trade,18/07/2014,0.130696
JPM,47896,QMLE-Trade,21/07/2014,0.113398
JPM,47896,QMLE-Trade,22/07/2014,0.0870041
JPM,47896,QMLE-Trade,23/07/2014,0.108726
JPM,47896,QMLE-Trade,24/07/2014,0.0979599
JPM,47896,QMLE-Trade,25/07/2014,0.110721
JPM,47896,QMLE-Trade,28/07/2014,0.127768
JPM,47896,QMLE-Trade,29/07/2014,0.124339
JPM,47896,QMLE-Trade,30/07/2014,0.147064
JPM,47896,QMLE-Trade,31/07/2014,0.162433
JPM,47896,QMLE-Trade,1/08/2014,0.206045
JPM,47896,QMLE-Trade,4/08/2014,0.133784
JPM,47896,QMLE-Trade,5/08/2014,0.188521
JPM,47896,QMLE-Trade,6/08/2014,0.156547
JPM,47896,QMLE-Trade,7/08/2014,0.147575
JPM,47896,QMLE-Trade,8/08/2014,0.138219
JPM,47896,QMLE-Trade,11/08/2014,0.124292
JPM,47896,QMLE-Trade,12/08/2014,0.113404
JPM,47896,QMLE-Trade,13/08/2014,0.0873474
JPM,47896,QMLE-Trade,14/08/2014,0.0797971
JPM,47896,QMLE-Trade,15/08/2014,0.153564
JPM,47896,QMLE-Trade,18/08/2014,0.0938818
JPM,47896,QMLE-Trade,19/08/2014,0.0800812
JPM,47896,QMLE-Trade,20/08/2014,0.0950007
JPM,47896,QMLE-Trade,21/08/2014,0.106144
JPM,47896,QMLE-Trade,22/08/2014,0.137112
JPM,47896,QMLE-Trade,25/08/2014,0.125427
JPM,47896,QMLE-Trade,26/08/2014,0.0944145
JPM,47896,QMLE-Trade,27/08/2014,0.090976
JPM,47896,QMLE-Trade,28/08/2014,0.107219
JPM,47896,QMLE-Trade,29/08/2014,0.0928671
JPM,47896,QMLE-Trade,2/09/2014,0.129393
JPM,47896,QMLE-Trade,3/09/2014,0.132838
JPM,47896,QMLE-Trade,4/09/2014,0.116911
JPM,47896,QMLE-Trade,5/09/2014,0.123633
JPM,47896,QMLE-Trade,8/09/2014,0.125772
JPM,47896,QMLE-Trade,9/09/2014,0.15302
JPM,47896,QMLE-Trade,10/09/2014,0.126825
JPM,47896,QMLE-Trade,11/09/2014,0.124451
JPM,47896,QMLE-Trade,12/09/2014,0.141835
JPM,47896,QMLE-Trade,15/09/2014,0.128191
JPM,47896,QMLE-Trade,16/09/2014,0.0953598
JPM,47896,QMLE-Trade,17/09/2014,0.124119
JPM,47896,QMLE-Trade,18/09/2014,0.109986
JPM,47896,QMLE-Trade,19/09/2014,0.126123
JPM,47896,QMLE-Trade,22/09/2014,0.113376
JPM,47896,QMLE-Trade,23/09/2014,0.117177
JPM,47896,QMLE-Trade,24/09/2014,0.107432
JPM,47896,QMLE-Trade,25/09/2014,0.145631
JPM,47896,QMLE-Trade,26/09/2014,0.129137
JPM,47896,QMLE-Trade,29/09/2014,0.125709
JPM,47896,QMLE-Trade,30/09/2014,0.14358
JPM,47896,QMLE-Trade,1/10/2014,0.145504
JPM,47896,QMLE-Trade,2/10/2014,0.164459
JPM,47896,QMLE-Trade,3/10/2014,0.139035
JPM,47896,QMLE-Trade,6/10/2014,0.146988
JPM,47896,QMLE-Trade,7/10/2014,0.171044
JPM,47896,QMLE-Trade,8/10/2014,0.168217
JPM,47896,QMLE-Trade,9/10/2014,0.214629
JPM,47896,QMLE-Trade,10/10/2014,0.265852
JPM,47896,QMLE-Trade,13/10/2014,0.227835
JPM,47896,QMLE-Trade,14/10/2014,0.349097
JPM,47896,QMLE-Trade,15/10/2014,0.39711
JPM,47896,QMLE-Trade,16/10/2014,0.359671
JPM,47896,QMLE-Trade,17/10/2014,0.245765
JPM,47896,QMLE-Trade,20/10/2014,0.179639
JPM,47896,QMLE-Trade,21/10/2014,0.146615
JPM,47896,QMLE-Trade,22/10/2014,0.158046
JPM,47896,QMLE-Trade,23/10/2014,0.160413
JPM,47896,QMLE-Trade,24/10/2014,0.15671
JPM,47896,QMLE-Trade,27/10/2014,0.136146
JPM,47896,QMLE-Trade,28/10/2014,0.117157
JPM,47896,QMLE-Trade,29/10/2014,0.192966
JPM,47896,QMLE-Trade,30/10/2014,0.165238
JPM,47896,QMLE-Trade,31/10/2014,0.125727
JPM,47896,QMLE-Trade,3/11/2014,0.131849
JPM,47896,QMLE-Trade,4/11/2014,0.155946
JPM,47896,QMLE-Trade,5/11/2014,0.139492
JPM,47896,QMLE-Trade,6/11/2014,0.127649
JPM,47896,QMLE-Trade,7/11/2014,0.115994
JPM,47896,QMLE-Trade,10/11/2014,0.0989336
JPM,47896,QMLE-Trade,11/11/2014,0.102886
JPM,47896,QMLE-Trade,12/11/2014,0.127869
JPM,47896,QMLE-Trade,13/11/2014,0.125011
JPM,47896,QMLE-Trade,14/11/2014,0.0810798
JPM,47896,QMLE-Trade,17/11/2014,0.102909
JPM,47896,QMLE-Trade,18/11/2014,0.0948528
JPM,47896,QMLE-Trade,19/11/2014,0.108861
JPM,47896,QMLE-Trade,20/11/2014,0.0904678
JPM,47896,QMLE-Trade,21/11/2014,0.0941605
JPM,47896,QMLE-Trade,24/11/2014,0.109383
JPM,47896,QMLE-Trade,25/11/2014,0.100842
JPM,47896,QMLE-Trade,26/11/2014,0.0641659
JPM,47896,QMLE-Trade,28/11/2014,0.133157
JPM,47896,QMLE-Trade,1/12/2014,0.171071
JPM,47896,QMLE-Trade,2/12/2014,0.113641
JPM,47896,QMLE-Trade,3/12/2014,0.126859
JPM,47896,QMLE-Trade,4/12/2014,0.156269
JPM,47896,QMLE-Trade,5/12/2014,0.150576
JPM,47896,QMLE-Trade,8/12/2014,0.18631
JPM,47896,QMLE-Trade,9/12/2014,0.220447
JPM,47896,QMLE-Trade,10/12/2014,0.253822
JPM,47896,QMLE-Trade,11/12/2014,0.18733
JPM,47896,QMLE-Trade,12/12/2014,0.207728
JPM,47896,QMLE-Trade,15/12/2014,0.269646
JPM,47896,QMLE-Trade,16/12/2014,0.276807
JPM,47896,QMLE-Trade,17/12/2014,0.242709
JPM,47896,QMLE-Trade,18/12/2014,0.154047
JPM,47896,QMLE-Trade,19/12/2014,0.162975
JPM,47896,QMLE-Trade,22/12/2014,0.121288
JPM,47896,QMLE-Trade,23/12/2014,0.117157
JPM,47896,QMLE-Trade,24/12/2014,0.139288
JPM,47896,QMLE-Trade,26/12/2014,0.0924497
JPM,47896,QMLE-Trade,29/12/2014,0.124987
JPM,47896,QMLE-Trade,30/12/2014,0.098556
JPM,47896,QMLE-Trade,31/12/2014,0.132578
JPM,47896,QMLE-Trade,2/01/2015,0.165355
JPM,47896,QMLE-Trade,5/01/2015,0.199368
JPM,47896,QMLE-Trade,6/01/2015,0.266278
JPM,47896,QMLE-Trade,7/01/2015,0.214711
JPM,47896,QMLE-Trade,8/01/2015,0.163068
JPM,47896,QMLE-Trade,9/01/2015,0.200065
JPM,47896,QMLE-Trade,12/01/2015,0.220417
JPM,47896,QMLE-Trade,13/01/2015,0.240492
JPM,47896,QMLE-Trade,14/01/2015,0.317979
JPM,47896,QMLE-Trade,15/01/2015,0.314805
JPM,47896,QMLE-Trade,16/01/2015,0.253961
JPM,47896,QMLE-Trade,20/01/2015,0.252387
JPM,47896,QMLE-Trade,21/01/2015,0.249669
JPM,47896,QMLE-Trade,22/01/2015,0.237804
JPM,47896,QMLE-Trade,23/01/2015,0.218596
JPM,47896,QMLE-Trade,26/01/2015,0.175819
JPM,47896,QMLE-Trade,27/01/2015,0.223003
JPM,47896,QMLE-Trade,28/01/2015,0.227102
JPM,47896,QMLE-Trade,29/01/2015,0.248125
JPM,47896,QMLE-Trade,30/01/2015,0.231872
JPM,47896,QMLE-Trade,2/02/2015,0.237906
JPM,47896,QMLE-Trade,3/02/2015,0.19602
JPM,47896,QMLE-Trade,4/02/2015,0.172166
JPM,47896,QMLE-Trade,5/02/2015,0.150303
JPM,47896,QMLE-Trade,6/02/2015,0.200023
JPM,47896,QMLE-Trade,9/02/2015,0.170347
JPM,47896,QMLE-Trade,10/02/2015,0.145826
JPM,47896,QMLE-Trade,11/02/2015,0.164942
JPM,47896,QMLE-Trade,12/02/2015,0.155136
JPM,47896,QMLE-Trade,13/02/2015,0.161147
JPM,47896,QMLE-Trade,17/02/2015,0.147108
JPM,47896,QMLE-Trade,18/02/2015,0.153614
JPM,47896,QMLE-Trade,19/02/2015,0.149705
JPM,47896,QMLE-Trade,20/02/2015,0.165622
JPM,47896,QMLE-Trade,23/02/2015,0.131941
JPM,47896,QMLE-Trade,24/02/2015,0.184845
JPM,47896,QMLE-Trade,25/02/2015,0.143414
JPM,47896,QMLE-Trade,26/02/2015,0.133388
JPM,47896,QMLE-Trade,27/02/2015,0.147916
JPM,47896,QMLE-Trade,2/03/2015,0.152036
JPM,47896,QMLE-Trade,3/03/2015,0.14773
JPM,47896,QMLE-Trade,4/03/2015,0.148992
JPM,47896,QMLE-Trade,5/03/2015,0.123751
JPM,47896,QMLE-Trade,6/03/2015,0.209384
JPM,47896,QMLE-Trade,9/03/2015,0.141202
JPM,47896,QMLE-Trade,10/03/2015,0.172473
JPM,47896,QMLE-Trade,11/03/2015,0.135783
JPM,47896,QMLE-Trade,12/03/2015,0.153567
JPM,47896,QMLE-Trade,13/03/2015,0.176935
JPM,47896,QMLE-Trade,16/03/2015,0.1367
JPM,47896,QMLE-Trade,17/03/2015,0.139173
JPM,47896,QMLE-Trade,18/03/2015,0.195148
JPM,47896,QMLE-Trade,19/03/2015,0.152922
JPM,47896,QMLE-Trade,20/03/2015,0.140254
JPM,47896,QMLE-Trade,23/03/2015,0.123148
JPM,47896,QMLE-Trade,24/03/2015,0.14271
JPM,47896,QMLE-Trade,25/03/2015,0.159412
JPM,47896,QMLE-Trade,26/03/2015,0.173683
JPM,47896,QMLE-Trade,27/03/2015,0.149417
JPM,47896,QMLE-Trade,30/03/2015,0.152984
JPM,47896,QMLE-Trade,31/03/2015,0.151786
JPM,47896,QMLE-Trade,1/04/2015,0.189458
JPM,47896,QMLE-Trade,2/04/2015,0.127956
JPM,47896,QMLE-Trade,6/04/2015,0.130318
JPM,47896,QMLE-Trade,7/04/2015,0.122131
JPM,47896,QMLE-Trade,8/04/2015,0.138647
JPM,47896,QMLE-Trade,9/04/2015,0.140825
JPM,47896,QMLE-Trade,10/04/2015,0.0927722
JPM,47896,QMLE-Trade,13/04/2015,0.106836
JPM,47896,QMLE-Trade,14/04/2015,0.194387
JPM,47896,QMLE-Trade,15/04/2015,0.145275
JPM,47896,QMLE-Trade,16/04/2015,0.133113
JPM,47896,QMLE-Trade,17/04/2015,0.157071
JPM,47896,QMLE-Trade,20/04/2015,0.121056
JPM,47896,QMLE-Trade,21/04/2015,0.135159
JPM,47896,QMLE-Trade,22/04/2015,0.159585
JPM,47896,QMLE-Trade,23/04/2015,0.131819
JPM,47896,QMLE-Trade,24/04/2015,0.115842
JPM,47896,QMLE-Trade,27/04/2015,0.131417
JPM,47896,QMLE-Trade,28/04/2015,0.145461
JPM,47896,QMLE-Trade,29/04/2015,0.189229
JPM,47896,QMLE-Trade,30/04/2015,0.197501
JPM,47896,QMLE-Trade,1/05/2015,0.128015
JPM,47896,QMLE-Trade,4/05/2015,0.112622
JPM,47896,QMLE-Trade,5/05/2015,0.161546
JPM,47896,QMLE-Trade,6/05/2015,0.174764
JPM,47896,QMLE-Trade,7/05/2015,0.158345
JPM,47896,QMLE-Trade,8/05/2015,0.134661
JPM,47896,QMLE-Trade,11/05/2015,0.15006
JPM,47896,QMLE-Trade,12/05/2015,0.177382
JPM,47896,QMLE-Trade,13/05/2015,0.13025
JPM,47896,QMLE-Trade,14/05/2015,0.110717
JPM,47896,QMLE-Trade,15/05/2015,0.110489
JPM,47896,QMLE-Trade,18/05/2015,0.11304
JPM,47896,QMLE-Trade,19/05/2015,0.110777
JPM,47896,QMLE-Trade,20/05/2015,0.121581
JPM,47896,QMLE-Trade,21/05/2015,0.108205
JPM,47896,QMLE-Trade,22/05/2015,0.115428
JPM,47896,QMLE-Trade,26/05/2015,0.144203
JPM,47896,QMLE-Trade,27/05/2015,0.111561
JPM,47896,QMLE-Trade,28/05/2015,0.110083
JPM,47896,QMLE-Trade,29/05/2015,0.131558
JPM,47896,QMLE-Trade,1/06/2015,0.143144
JPM,47896,QMLE-Trade,2/06/2015,0.127883
JPM,47896,QMLE-Trade,3/06/2015,0.119435
JPM,47896,QMLE-Trade,4/06/2015,0.165497
JPM,47896,QMLE-Trade,5/06/2015,0.148141
JPM,47896,QMLE-Trade,8/06/2015,0.14119
JPM,47896,QMLE-Trade,9/06/2015,0.134925
JPM,47896,QMLE-Trade,10/06/2015,0.107079
JPM,47896,QMLE-Trade,11/06/2015,0.110775
JPM,47896,QMLE-Trade,12/06/2015,0.120629
JPM,47896,QMLE-Trade,15/06/2015,0.130309
JPM,47896,QMLE-Trade,16/06/2015,0.125012
JPM,47896,QMLE-Trade,17/06/2015,0.151071
JPM,47896,QMLE-Trade,18/06/2015,0.127356
JPM,47896,QMLE-Trade,19/06/2015,0.0967623
JPM,47896,QMLE-Trade,22/06/2015,0.0958384
JPM,47896,QMLE-Trade,23/06/2015,0.0979108
JPM,47896,QMLE-Trade,24/06/2015,0.116272
JPM,47896,QMLE-Trade,25/06/2015,0.127317
JPM,47896,QMLE-Trade,26/06/2015,0.122411
JPM,47896,QMLE-Trade,29/06/2015,0.179969
JPM,47896,QMLE-Trade,30/06/2015,0.181659
JPM,47896,QMLE-Trade,1/07/2015,0.144472
JPM,47896,QMLE-Trade,2/07/2015,0.122293
JPM,47896,QMLE-Trade,6/07/2015,0.153351
JPM,47896,QMLE-Trade,7/07/2015,0.206163
JPM,47896,QMLE-Trade,8/07/2015,0.189476
JPM,47896,QMLE-Trade,9/07/2015,0.155947
JPM,47896,QMLE-Trade,10/07/2015,0.12108
JPM,47896,QMLE-Trade,13/07/2015,0.0989918
JPM,47896,QMLE-Trade,14/07/2015,0.143027
JPM,47896,QMLE-Trade,15/07/2015,0.121813
JPM,47896,QMLE-Trade,16/07/2015,0.0907552
JPM,47896,QMLE-Trade,17/07/2015,0.103164
JPM,47896,QMLE-Trade,20/07/2015,0.101454
JPM,47896,QMLE-Trade,21/07/2015,0.0925577
JPM,47896,QMLE-Trade,22/07/2015,0.102355
JPM,47896,QMLE-Trade,23/07/2015,0.129985
JPM,47896,QMLE-Trade,24/07/2015,0.126293
JPM,47896,QMLE-Trade,27/07/2015,0.145643
JPM,47896,QMLE-Trade,28/07/2015,0.12649
JPM,47896,QMLE-Trade,29/07/2015,0.139843
JPM,47896,QMLE-Trade,30/07/2015,0.157684
JPM,47896,QMLE-Trade,31/07/2015,0.119827
JPM,47896,QMLE-Trade,3/08/2015,0.128352
JPM,47896,QMLE-Trade,4/08/2015,0.126832
JPM,47896,QMLE-Trade,5/08/2015,0.10677
JPM,47896,QMLE-Trade,6/08/2015,0.126518
JPM,47896,QMLE-Trade,7/08/2015,0.152028
JPM,47896,QMLE-Trade,10/08/2015,0.125214
JPM,47896,QMLE-Trade,11/08/2015,0.141148
JPM,47896,QMLE-Trade,12/08/2015,0.184106
JPM,47896,QMLE-Trade,13/08/2015,0.145555
JPM,47896,QMLE-Trade,14/08/2015,0.12398
JPM,47896,QMLE-Trade,17/08/2015,0.118576
JPM,47896,QMLE-Trade,18/08/2015,0.115728
JPM,47896,QMLE-Trade,19/08/2015,0.15787
JPM,47896,QMLE-Trade,20/08/2015,0.188864
JPM,47896,QMLE-Trade,21/08/2015,0.253387
JPM,47896,QMLE-Trade,24/08/2015,2.9185
JPM,47896,QMLE-Trade,25/08/2015,0.32563
JPM,47896,QMLE-Trade,26/08/2015,0.426109
JPM,47896,QMLE-Trade,27/08/2015,0.296059
JPM,47896,QMLE-Trade,28/08/2015,0.229957
JPM,47896,QMLE-Trade,31/08/2015,0.19313
JPM,47896,QMLE-Trade,1/09/2015,0.304273
JPM,47896,QMLE-Trade,2/09/2015,0.237134
JPM,47896,QMLE-Trade,3/09/2015,0.207464
JPM,47896,QMLE-Trade,4/09/2015,0.21689
JPM,47896,QMLE-Trade,8/09/2015,0.169107
JPM,47896,QMLE-Trade,9/09/2015,0.210615
JPM,47896,QMLE-Trade,10/09/2015,0.266352
JPM,47896,QMLE-Trade,11/09/2015,0.184853
JPM,47896,QMLE-Trade,14/09/2015,0.155146
JPM,47896,QMLE-Trade,15/09/2015,0.161057
JPM,47896,QMLE-Trade,16/09/2015,0.154619
JPM,47896,QMLE-Trade,17/09/2015,0.310836
JPM,47896,QMLE-Trade,18/09/2015,0.246434
JPM,47896,QMLE-Trade,21/09/2015,0.205382
JPM,47896,QMLE-Trade,22/09/2015,0.188958
JPM,47896,QMLE-Trade,23/09/2015,0.167009
JPM,47896,QMLE-Trade,24/09/2015,0.217293
JPM,47896,QMLE-Trade,25/09/2015,0.210091
JPM,47896,QMLE-Trade,28/09/2015,0.207277
JPM,47896,QMLE-Trade,29/09/2015,0.25733
JPM,47896,QMLE-Trade,30/09/2015,0.187646
JPM,47896,QMLE-Trade,1/10/2015,0.253418
JPM,47896,QMLE-Trade,2/10/2015,0.260438
JPM,47896,QMLE-Trade,5/10/2015,0.16744
JPM,47896,QMLE-Trade,6/10/2015,0.191056
JPM,47896,QMLE-Trade,7/10/2015,0.189752
JPM,47896,QMLE-Trade,8/10/2015,0.1856
JPM,47896,QMLE-Trade,9/10/2015,0.154654
JPM,47896,QMLE-Trade,12/10/2015,0.146115
JPM,47896,QMLE-Trade,13/10/2015,0.153829
JPM,47896,QMLE-Trade,14/10/2015,0.230549
JPM,47896,QMLE-Trade,15/10/2015,0.198188
JPM,47896,QMLE-Trade,16/10/2015,0.133366
JPM,47896,QMLE-Trade,19/10/2015,0.150509
JPM,47896,QMLE-Trade,20/10/2015,0.130251
JPM,47896,QMLE-Trade,21/10/2015,0.14472
JPM,47896,QMLE-Trade,22/10/2015,0.161404
JPM,47896,QMLE-Trade,23/10/2015,0.144619
JPM,47896,QMLE-Trade,26/10/2015,0.122079
JPM,47896,QMLE-Trade,27/10/2015,0.145484
JPM,47896,QMLE-Trade,28/10/2015,0.18438
JPM,47896,QMLE-Trade,29/10/2015,0.188325
JPM,47896,QMLE-Trade,30/10/2015,0.155024
JPM,47896,QMLE-Trade,2/11/2015,0.138458
JPM,47896,QMLE-Trade,3/11/2015,0.134519
JPM,47896,QMLE-Trade,4/11/2015,0.172027
JPM,47896,QMLE-Trade,5/11/2015,0.144712
JPM,47896,QMLE-Trade,6/11/2015,0.18459
JPM,47896,QMLE-Trade,9/11/2015,0.173788
JPM,47896,QMLE-Trade,10/11/2015,0.157981
JPM,47896,QMLE-Trade,11/11/2015,0.146409
JPM,47896,QMLE-Trade,12/11/2015,0.173558
JPM,47896,QMLE-Trade,13/11/2015,0.204
JPM,47896,QMLE-Trade,16/11/2015,0.152462
JPM,47896,QMLE-Trade,17/11/2015,0.179116
JPM,47896,QMLE-Trade,18/11/2015,0.147935
JPM,47896,QMLE-Trade,19/11/2015,0.128274
JPM,47896,QMLE-Trade,20/11/2015,0.109981
JPM,47896,QMLE-Trade,23/11/2015,0.113624
JPM,47896,QMLE-Trade,24/11/2015,0.142176
JPM,47896,QMLE-Trade,25/11/2015,0.117511
JPM,47896,QMLE-Trade,27/11/2015,0.11896
JPM,47896,QMLE-Trade,30/11/2015,0.114735
JPM,47896,QMLE-Trade,1/12/2015,0.143679
JPM,47896,QMLE-Trade,2/12/2015,0.12357
JPM,47896,QMLE-Trade,3/12/2015,0.187832
JPM,47896,QMLE-Trade,4/12/2015,0.15766
JPM,47896,QMLE-Trade,7/12/2015,0.164353
JPM,47896,QMLE-Trade,8/12/2015,0.187027
JPM,47896,QMLE-Trade,9/12/2015,0.221793
JPM,47896,QMLE-Trade,10/12/2015,0.204267
JPM,47896,QMLE-Trade,11/12/2015,0.213153
JPM,47896,QMLE-Trade,14/12/2015,0.281731
JPM,47896,QMLE-Trade,15/12/2015,0.203134
JPM,47896,QMLE-Trade,16/12/2015,0.291533
JPM,47896,QMLE-Trade,17/12/2015,0.21752
JPM,47896,QMLE-Trade,18/12/2015,0.235417
JPM,47896,QMLE-Trade,21/12/2015,0.193303
JPM,47896,QMLE-Trade,22/12/2015,0.173093
JPM,47896,QMLE-Trade,23/12/2015,0.115455
JPM,47896,QMLE-Trade,24/12/2015,0.149863
JPM,47896,QMLE-Trade,28/12/2015,0.120277
JPM,47896,QMLE-Trade,29/12/2015,0.115046
JPM,47896,QMLE-Trade,30/12/2015,0.120387
JPM,47896,QMLE-Trade,31/12/2015,0.134923
JPM,47896,QMLE-Trade,4/01/2016,0.189485
JPM,47896,QMLE-Trade,5/01/2016,0.17866
JPM,47896,QMLE-Trade,6/01/2016,0.217811
JPM,47896,QMLE-Trade,7/01/2016,0.237898
JPM,47896,QMLE-Trade,8/01/2016,0.280416
JPM,47896,QMLE-Trade,11/01/2016,0.246379
JPM,47896,QMLE-Trade,12/01/2016,0.238839
JPM,47896,QMLE-Trade,13/01/2016,0.280178
JPM,47896,QMLE-Trade,14/01/2016,0.389171
JPM,47896,QMLE-Trade,15/01/2016,0.365047
JPM,47896,QMLE-Trade,19/01/2016,0.293405
JPM,47896,QMLE-Trade,20/01/2016,0.378384
JPM,47896,QMLE-Trade,21/01/2016,0.31085
JPM,47896,QMLE-Trade,22/01/2016,0.221929
JPM,47896,QMLE-Trade,25/01/2016,0.225194
JPM,47896,QMLE-Trade,26/01/2016,0.196213
JPM,47896,QMLE-Trade,27/01/2016,0.328012
JPM,47896,QMLE-Trade,28/01/2016,0.290268
JPM,47896,QMLE-Trade,29/01/2016,0.192035
JPM,47896,QMLE-Trade,1/02/2016,0.213735
JPM,47896,QMLE-Trade,2/02/2016,0.242314
JPM,47896,QMLE-Trade,3/02/2016,0.395014
JPM,47896,QMLE-Trade,4/02/2016,0.33213
JPM,47896,QMLE-Trade,5/02/2016,0.27439
JPM,47896,QMLE-Trade,8/02/2016,0.308926
JPM,47896,QMLE-Trade,9/02/2016,0.357647
JPM,47896,QMLE-Trade,10/02/2016,0.319928
JPM,47896,QMLE-Trade,11/02/2016,0.429234
JPM,47896,QMLE-Trade,12/02/2016,0.312797
JPM,47896,QMLE-Trade,16/02/2016,0.210499
JPM,47896,QMLE-Trade,17/02/2016,0.215772
JPM,47896,QMLE-Trade,18/02/2016,0.210663
JPM,47896,QMLE-Trade,19/02/2016,0.193414
JPM,47896,QMLE-Trade,22/02/2016,0.147685
JPM,47896,QMLE-Trade,23/02/2016,0.243641
JPM,47896,QMLE-Trade,24/02/2016,0.257546
JPM,47896,QMLE-Trade,25/02/2016,0.201106
JPM,47896,QMLE-Trade,26/02/2016,0.207304
JPM,47896,QMLE-Trade,29/02/2016,0.212694
JPM,47896,QMLE-Trade,1/03/2016,0.218879
JPM,47896,QMLE-Trade,2/03/2016,0.225706
JPM,47896,QMLE-Trade,3/03/2016,0.175348
JPM,47896,QMLE-Trade,4/03/2016,0.208781
JPM,47896,QMLE-Trade,7/03/2016,0.187937
JPM,47896,QMLE-Trade,8/03/2016,0.21189
JPM,47896,QMLE-Trade,9/03/2016,0.202396
JPM,47896,QMLE-Trade,10/03/2016,0.281659
JPM,47896,QMLE-Trade,11/03/2016,0.167703
JPM,47896,QMLE-Trade,14/03/2016,0.158186
JPM,47896,QMLE-Trade,15/03/2016,0.142432
JPM,47896,QMLE-Trade,16/03/2016,0.221751
JPM,47896,QMLE-Trade,17/03/2016,0.1925
JPM,47896,QMLE-Trade,18/03/2016,0.174421
JPM,47896,QMLE-Trade,21/03/2016,0.177964
JPM,47896,QMLE-Trade,22/03/2016,0.181645
JPM,47896,QMLE-Trade,23/03/2016,0.167375
JPM,47896,QMLE-Trade,24/03/2016,0.163001
JPM,47896,QMLE-Trade,28/03/2016,0.139457
JPM,47896,QMLE-Trade,29/03/2016,0.164429
JPM,47896,QMLE-Trade,30/03/2016,0.147898
JPM,47896,QMLE-Trade,31/03/2016,0.142467
JPM,47896,QMLE-Trade,1/04/2016,0.178425
JPM,47896,QMLE-Trade,4/04/2016,0.137453
JPM,47896,QMLE-Trade,5/04/2016,0.160632
JPM,47896,QMLE-Trade,6/04/2016,0.157613
JPM,47896,QMLE-Trade,7/04/2016,0.139887
JPM,47896,QMLE-Trade,8/04/2016,0.158564
JPM,47896,QMLE-Trade,11/04/2016,0.163754
JPM,47896,QMLE-Trade,12/04/2016,0.179941
JPM,47896,QMLE-Trade,13/04/2016,0.207433
JPM,47896,QMLE-Trade,14/04/2016,0.192852
JPM,47896,QMLE-Trade,15/04/2016,0.150222
JPM,47896,QMLE-Trade,18/04/2016,0.175731
JPM,47896,QMLE-Trade,19/04/2016,0.172657
JPM,47896,QMLE-Trade,20/04/2016,0.139706
JPM,47896,QMLE-Trade,21/04/2016,0.179688
JPM,47896,QMLE-Trade,22/04/2016,0.158315
JPM,47896,QMLE-Trade,25/04/2016,0.1517
JPM,47896,QMLE-Trade,26/04/2016,0.119604
JPM,47896,QMLE-Trade,27/04/2016,0.166277
JPM,47896,QMLE-Trade,28/04/2016,0.167451
JPM,47896,QMLE-Trade,29/04/2016,0.18444
JPM,47896,QMLE-Trade,2/05/2016,0.173362
JPM,47896,QMLE-Trade,3/05/2016,0.171387
JPM,47896,QMLE-Trade,4/05/2016,0.207253
JPM,47896,QMLE-Trade,5/05/2016,0.21324
JPM,47896,QMLE-Trade,6/05/2016,0.164123
JPM,47896,QMLE-Trade,9/05/2016,0.147474
JPM,47896,QMLE-Trade,10/05/2016,0.136452
JPM,47896,QMLE-Trade,11/05/2016,0.130439
JPM,47896,QMLE-Trade,12/05/2016,0.174456
JPM,47896,QMLE-Trade,13/05/2016,0.195387
JPM,47896,QMLE-Trade,16/05/2016,0.152857
JPM,47896,QMLE-Trade,17/05/2016,0.168334
JPM,47896,QMLE-Trade,18/05/2016,0.240789
JPM,47896,QMLE-Trade,19/05/2016,0.237843
JPM,47896,QMLE-Trade,20/05/2016,0.151592
JPM,47896,QMLE-Trade,23/05/2016,0.154334
JPM,47896,QMLE-Trade,24/05/2016,0.153903
JPM,47896,QMLE-Trade,25/05/2016,0.16021
JPM,47896,QMLE-Trade,26/05/2016,0.151974
JPM,47896,QMLE-Trade,27/05/2016,0.127821
JPM,47896,QMLE-Trade,31/05/2016,0.139347
JPM,47896,QMLE-Trade,1/06/2016,0.158473
JPM,47896,QMLE-Trade,2/06/2016,0.151302
JPM,47896,QMLE-Trade,3/06/2016,0.20159
JPM,47896,QMLE-Trade,6/06/2016,0.154663
JPM,47896,QMLE-Trade,7/06/2016,0.122382
JPM,47896,QMLE-Trade,8/06/2016,0.110063
JPM,47896,QMLE-Trade,9/06/2016,0.132684
JPM,47896,QMLE-Trade,10/06/2016,0.146461
JPM,47896,QMLE-Trade,13/06/2016,0.169718
JPM,47896,QMLE-Trade,14/06/2016,0.205478
JPM,47896,QMLE-Trade,15/06/2016,0.215388
JPM,47896,QMLE-Trade,16/06/2016,0.191566
JPM,47896,QMLE-Trade,17/06/2016,0.159774
JPM,47896,QMLE-Trade,20/06/2016,0.167388
JPM,47896,QMLE-Trade,21/06/2016,0.150993
JPM,47896,QMLE-Trade,22/06/2016,0.145296
JPM,47896,QMLE-Trade,23/06/2016,0.146737
JPM,47896,QMLE-Trade,24/06/2016,0.281167
JPM,47896,QMLE-Trade,27/06/2016,0.260958
JPM,47896,QMLE-Trade,28/06/2016,0.230719
JPM,47896,QMLE-Trade,29/06/2016,0.194829
JPM,47896,QMLE-Trade,30/06/2016,0.199001
JPM,47896,QMLE-Trade,1/07/2016,0.178737
JPM,47896,QMLE-Trade,5/07/2016,0.205453
JPM,47896,QMLE-Trade,6/07/2016,0.209225
JPM,47896,QMLE-Trade,7/07/2016,0.174778
JPM,47896,QMLE-Trade,8/07/2016,0.150684
JPM,47896,QMLE-Trade,11/07/2016,0.146369
JPM,47896,QMLE-Trade,12/07/2016,0.144809
JPM,47896,QMLE-Trade,13/07/2016,0.17452
JPM,47896,QMLE-Trade,14/07/2016,0.195137
JPM,47896,QMLE-Trade,15/07/2016,0.149642
JPM,47896,QMLE-Trade,18/07/2016,0.1071
JPM,47896,QMLE-Trade,19/07/2016,0.118939
JPM,47896,QMLE-Trade,20/07/2016,0.0957325
JPM,47896,QMLE-Trade,21/07/2016,0.113837
JPM,47896,QMLE-Trade,22/07/2016,0.102174
JPM,47896,QMLE-Trade,25/07/2016,0.0970844
JPM,47896,QMLE-Trade,26/07/2016,0.114784
JPM,47896,QMLE-Trade,27/07/2016,0.146902
JPM,47896,QMLE-Trade,28/07/2016,0.10972
JPM,47896,QMLE-Trade,29/07/2016,0.104706
JPM,47896,QMLE-Trade,1/08/2016,0.11591
JPM,47896,QMLE-Trade,2/08/2016,0.157937
JPM,47896,QMLE-Trade,3/08/2016,0.124866
JPM,47896,QMLE-Trade,4/08/2016,0.135233
JPM,47896,QMLE-Trade,5/08/2016,0.103429
JPM,47896,QMLE-Trade,8/08/2016,0.115332
JPM,47896,QMLE-Trade,9/08/2016,0.105758
JPM,47896,QMLE-Trade,10/08/2016,0.11546
JPM,47896,QMLE-Trade,11/08/2016,0.122537
JPM,47896,QMLE-Trade,12/08/2016,0.109384
JPM,47896,QMLE-Trade,15/08/2016,0.076659
JPM,47896,QMLE-Trade,16/08/2016,0.12953
JPM,47896,QMLE-Trade,17/08/2016,0.124948
JPM,47896,QMLE-Trade,18/08/2016,0.11699
JPM,47896,QMLE-Trade,19/08/2016,0.092148
JPM,47896,QMLE-Trade,22/08/2016,0.109569
JPM,47896,QMLE-Trade,23/08/2016,0.0883788
JPM,47896,QMLE-Trade,24/08/2016,0.0978814
JPM,47896,QMLE-Trade,25/08/2016,0.0971645
JPM,47896,QMLE-Trade,26/08/2016,0.164574
JPM,47896,QMLE-Trade,29/08/2016,0.0887609
JPM,47896,QMLE-Trade,30/08/2016,0.0964656
JPM,47896,QMLE-Trade,31/08/2016,0.112095
JPM,47896,QMLE-Trade,1/09/2016,0.146583
JPM,47896,QMLE-Trade,2/09/2016,0.131428
JPM,47896,QMLE-Trade,6/09/2016,0.134352
JPM,47896,QMLE-Trade,7/09/2016,0.124228
JPM,47896,QMLE-Trade,8/09/2016,0.114256
JPM,47896,QMLE-Trade,9/09/2016,0.162239
JPM,47896,QMLE-Trade,12/09/2016,0.192235
JPM,47896,QMLE-Trade,13/09/2016,0.197147
JPM,47896,QMLE-Trade,14/09/2016,0.166793
JPM,47896,QMLE-Trade,15/09/2016,0.139244
JPM,47896,QMLE-Trade,16/09/2016,0.148293
JPM,47896,QMLE-Trade,19/09/2016,0.115595
JPM,47896,QMLE-Trade,20/09/2016,0.113163
JPM,47896,QMLE-Trade,21/09/2016,0.176457
JPM,47896,QMLE-Trade,22/09/2016,0.0956105
JPM,47896,QMLE-Trade,23/09/2016,0.123577
JPM,47896,QMLE-Trade,26/09/2016,0.130819
JPM,47896,QMLE-Trade,27/09/2016,0.158643
JPM,47896,QMLE-Trade,28/09/2016,0.133242
JPM,47896,QMLE-Trade,29/09/2016,0.197831
JPM,47896,QMLE-Trade,30/09/2016,0.153975
JPM,47896,QMLE-Trade,3/10/2016,0.145086
JPM,47896,QMLE-Trade,4/10/2016,0.185661
JPM,47896,QMLE-Trade,5/10/2016,0.134446
JPM,47896,QMLE-Trade,6/10/2016,0.151325
JPM,47896,QMLE-Trade,7/10/2016,0.159407
JPM,47896,QMLE-Trade,10/10/2016,0.105841
JPM,47896,QMLE-Trade,11/10/2016,0.146231
JPM,47896,QMLE-Trade,12/10/2016,0.124014
JPM,47896,QMLE-Trade,13/10/2016,0.163175
JPM,47896,QMLE-Trade,14/10/2016,0.208878
JPM,47896,QMLE-Trade,17/10/2016,0.149184
JPM,47896,QMLE-Trade,18/10/2016,0.12153
JPM,47896,QMLE-Trade,19/10/2016,0.108145
JPM,47896,QMLE-Trade,20/10/2016,0.132842
JPM,47896,QMLE-Trade,21/10/2016,0.112428
JPM,47896,QMLE-Trade,24/10/2016,0.0874008
JPM,47896,QMLE-Trade,25/10/2016,0.111529
JPM,47896,QMLE-Trade,26/10/2016,0.113822
JPM,47896,QMLE-Trade,27/10/2016,0.125434
JPM,47896,QMLE-Trade,28/10/2016,0.172393
JPM,47896,QMLE-Trade,31/10/2016,0.109873
JPM,47896,QMLE-Trade,1/11/2016,0.150233
JPM,47896,QMLE-Trade,2/11/2016,0.157604
JPM,47896,QMLE-Trade,3/11/2016,0.127274
JPM,47896,QMLE-Trade,4/11/2016,0.143174
JPM,47896,QMLE-Trade,7/11/2016,0.110302
JPM,47896,QMLE-Trade,8/11/2016,0.127729
JPM,47896,QMLE-Trade,9/11/2016,0.325348
JPM,47896,QMLE-Trade,10/11/2016,0.34727
JPM,47896,QMLE-Trade,11/11/2016,0.219092
JPM,47896,QMLE-Trade,14/11/2016,0.322792
JPM,47896,QMLE-Trade,15/11/2016,0.204361
JPM,47896,QMLE-Trade,16/11/2016,0.189777
JPM,47896,QMLE-Trade,17/11/2016,0.176204
JPM,47896,QMLE-Trade,18/11/2016,0.1308
JPM,47896,QMLE-Trade,21/11/2016,0.160182
JPM,47896,QMLE-Trade,22/11/2016,0.136748
JPM,47896,QMLE-Trade,23/11/2016,0.155172
JPM,47896,QMLE-Trade,25/11/2016,0.144866
JPM,47896,QMLE-Trade,28/11/2016,0.129617
JPM,47896,QMLE-Trade,29/11/2016,0.125004
JPM,47896,QMLE-Trade,30/11/2016,0.18744
JPM,47896,QMLE-Trade,1/12/2016,0.191086
JPM,47896,QMLE-Trade,2/12/2016,0.180378
JPM,47896,QMLE-Trade,5/12/2016,0.152172
JPM,47896,QMLE-Trade,6/12/2016,0.186068
JPM,47896,QMLE-Trade,7/12/2016,0.163666
JPM,47896,QMLE-Trade,8/12/2016,0.18825
JPM,47896,QMLE-Trade,9/12/2016,0.141493
JPM,47896,QMLE-Trade,12/12/2016,0.156457
JPM,47896,QMLE-Trade,13/12/2016,0.19227
JPM,47896,QMLE-Trade,14/12/2016,0.262803
JPM,47896,QMLE-Trade,15/12/2016,0.193673
JPM,47896,QMLE-Trade,16/12/2016,0.14107
JPM,47896,QMLE-Trade,19/12/2016,0.143106
JPM,47896,QMLE-Trade,20/12/2016,0.119596
JPM,47896,QMLE-Trade,21/12/2016,0.0983372
JPM,47896,QMLE-Trade,22/12/2016,0.118871
JPM,47896,QMLE-Trade,23/12/2016,0.106618
JPM,47896,QMLE-Trade,27/12/2016,0.0813424
JPM,47896,QMLE-Trade,28/12/2016,0.0982207
JPM,47896,QMLE-Trade,29/12/2016,0.124092
JPM,47896,QMLE-Trade,30/12/2016,0.124023
JPM,47896,QMLE-Trade,3/01/2017,0.18226
JPM,47896,QMLE-Trade,4/01/2017,0.121248
JPM,47896,QMLE-Trade,5/01/2017,0.146722
JPM,47896,QMLE-Trade,6/01/2017,0.120985
JPM,47896,QMLE-Trade,9/01/2017,0.11777
JPM,47896,QMLE-Trade,10/01/2017,0.109004
JPM,47896,QMLE-Trade,11/01/2017,0.172846
JPM,47896,QMLE-Trade,12/01/2017,0.165164
JPM,47896,QMLE-Trade,13/01/2017,0.226559
JPM,47896,QMLE-Trade,17/01/2017,0.189985
JPM,47896,QMLE-Trade,18/01/2017,0.181953
JPM,47896,QMLE-Trade,19/01/2017,0.173976
JPM,47896,QMLE-Trade,20/01/2017,0.145805
JPM,47896,QMLE-Trade,23/01/2017,0.127716
JPM,47896,QMLE-Trade,24/01/2017,0.126437
JPM,47896,QMLE-Trade,25/01/2017,0.116178
JPM,47896,QMLE-Trade,26/01/2017,0.13692
JPM,47896,QMLE-Trade,27/01/2017,0.0973138
JPM,47896,QMLE-Trade,30/01/2017,0.132951
JPM,47896,QMLE-Trade,31/01/2017,0.141336
JPM,47896,QMLE-Trade,1/02/2017,0.167291
JPM,47896,QMLE-Trade,2/02/2017,0.149648
JPM,47896,QMLE-Trade,3/02/2017,0.129525
JPM,47896,QMLE-Trade,6/02/2017,0.117511
JPM,47896,QMLE-Trade,7/02/2017,0.115861
JPM,47896,QMLE-Trade,8/02/2017,0.127348
JPM,47896,QMLE-Trade,9/02/2017,0.109501
JPM,47896,QMLE-Trade,10/02/2017,0.123743
JPM,47896,QMLE-Trade,13/02/2017,0.121828
JPM,47896,QMLE-Trade,14/02/2017,0.146554
JPM,47896,QMLE-Trade,15/02/2017,0.137459
JPM,47896,QMLE-Trade,16/02/2017,0.143799
JPM,47896,QMLE-Trade,17/02/2017,0.108471
JPM,47896,QMLE-Trade,21/02/2017,0.0999704
JPM,47896,QMLE-Trade,22/02/2017,0.111434
JPM,47896,QMLE-Trade,23/02/2017,0.111966
JPM,47896,QMLE-Trade,24/02/2017,0.137826
JPM,47896,QMLE-Trade,27/02/2017,0.108865
JPM,47896,QMLE-Trade,28/02/2017,0.129148
JPM,47896,QMLE-Trade,1/03/2017,0.152554
JPM,47896,QMLE-Trade,2/03/2017,0.134464
JPM,47896,QMLE-Trade,3/03/2017,0.128532
JPM,47896,QMLE-Trade,6/03/2017,0.108568
JPM,47896,QMLE-Trade,7/03/2017,0.102782
JPM,47896,QMLE-Trade,8/03/2017,0.139604
JPM,47896,QMLE-Trade,9/03/2017,0.123968
JPM,47896,QMLE-Trade,10/03/2017,0.135596
JPM,47896,QMLE-Trade,13/03/2017,0.108134
JPM,47896,QMLE-Trade,14/03/2017,0.124639
JPM,47896,QMLE-Trade,15/03/2017,0.151538
JPM,47896,QMLE-Trade,16/03/2017,0.122509
JPM,47896,QMLE-Trade,17/03/2017,0.120502
JPM,47896,QMLE-Trade,20/03/2017,0.125387
JPM,47896,QMLE-Trade,21/03/2017,0.20642
JPM,47896,QMLE-Trade,22/03/2017,0.21863
JPM,47896,QMLE-Trade,23/03/2017,0.168976
JPM,47896,QMLE-Trade,24/03/2017,0.161001
JPM,47896,QMLE-Trade,27/03/2017,0.210888
JPM,47896,QMLE-Trade,28/03/2017,0.156225
JPM,47896,QMLE-Trade,29/03/2017,0.132692
JPM,47896,QMLE-Trade,30/03/2017,0.122829
JPM,47896,QMLE-Trade,31/03/2017,0.121469
JPM,47896,QMLE-Trade,3/04/2017,0.158239
JPM,47896,QMLE-Trade,4/04/2017,0.135305
JPM,47896,QMLE-Trade,5/04/2017,0.171525
JPM,47896,QMLE-Trade,6/04/2017,0.202064
JPM,47896,QMLE-Trade,7/04/2017,0.156488
JPM,47896,QMLE-Trade,10/04/2017,0.127541
JPM,47896,QMLE-Trade,11/04/2017,0.177131
JPM,47896,QMLE-Trade,12/04/2017,0.16163
JPM,47896,QMLE-Trade,13/04/2017,0.225123
JPM,47896,QMLE-Trade,17/04/2017,0.144859
JPM,47896,QMLE-Trade,18/04/2017,0.1547
JPM,47896,QMLE-Trade,19/04/2017,0.132489
JPM,47896,QMLE-Trade,20/04/2017,0.134386
JPM,47896,QMLE-Trade,21/04/2017,0.124258
JPM,47896,QMLE-Trade,24/04/2017,0.13061
JPM,47896,QMLE-Trade,25/04/2017,0.134576
JPM,47896,QMLE-Trade,26/04/2017,0.131774
JPM,47896,QMLE-Trade,27/04/2017,0.120829
JPM,47896,QMLE-Trade,28/04/2017,0.110405
JPM,47896,QMLE-Trade,1/05/2017,0.204966
JPM,47896,QMLE-Trade,2/05/2017,0.11816
JPM,47896,QMLE-Trade,3/05/2017,0.121012
JPM,47896,QMLE-Trade,4/05/2017,0.145471
JPM,47896,QMLE-Trade,5/05/2017,0.101929
JPM,47896,QMLE-Trade,8/05/2017,0.101826
JPM,47896,QMLE-Trade,9/05/2017,0.113866
JPM,47896,QMLE-Trade,10/05/2017,0.100041
JPM,47896,QMLE-Trade,11/05/2017,0.124844
JPM,47896,QMLE-Trade,12/05/2017,0.105957
JPM,47896,QMLE-Trade,15/05/2017,0.103506
JPM,47896,QMLE-Trade,16/05/2017,0.109068
JPM,47896,QMLE-Trade,17/05/2017,0.184671
JPM,47896,QMLE-Trade,18/05/2017,0.202722
JPM,47896,QMLE-Trade,19/05/2017,0.132232
JPM,47896,QMLE-Trade,22/05/2017,0.116748
JPM,47896,QMLE-Trade,23/05/2017,0.124466
JPM,47896,QMLE-Trade,24/05/2017,0.122849
JPM,47896,QMLE-Trade,25/05/2017,0.125417
JPM,47896,QMLE-Trade,26/05/2017,0.0939748
JPM,47896,QMLE-Trade,30/05/2017,0.112155
JPM,47896,QMLE-Trade,31/05/2017,0.205808
JPM,47896,QMLE-Trade,1/06/2017,0.150515
JPM,47896,QMLE-Trade,2/06/2017,0.157272
JPM,47896,QMLE-Trade,5/06/2017,0.107972
JPM,47896,QMLE-Trade,6/06/2017,0.129572
JPM,47896,QMLE-Trade,7/06/2017,0.128633
JPM,47896,QMLE-Trade,8/06/2017,0.173801
JPM,47896,QMLE-Trade,9/06/2017,0.180106
JPM,47896,QMLE-Trade,12/06/2017,0.202595
JPM,47896,QMLE-Trade,13/06/2017,0.140705
JPM,47896,QMLE-Trade,14/06/2017,0.195696
JPM,47896,QMLE-Trade,15/06/2017,0.143843
JPM,47896,QMLE-Trade,16/06/2017,0.121673
JPM,47896,QMLE-Trade,19/06/2017,0.107492
JPM,47896,QMLE-Trade,20/06/2017,0.107152
JPM,47896,QMLE-Trade,21/06/2017,0.135722
JPM,47896,QMLE-Trade,22/06/2017,0.139147
JPM,47896,QMLE-Trade,23/06/2017,0.118007
JPM,47896,QMLE-Trade,26/06/2017,0.123508
JPM,47896,QMLE-Trade,27/06/2017,0.138022
JPM,47896,QMLE-Trade,28/06/2017,0.132767
JPM,47896,QMLE-Trade,29/06/2017,0.24252
JPM,47896,QMLE-Trade,30/06/2017,0.151827
JPM,47896,QMLE-Trade,3/07/2017,0.135685
JPM,47896,QMLE-Trade,5/07/2017,0.154695
JPM,47896,QMLE-Trade,6/07/2017,0.147305
JPM,47896,QMLE-Trade,7/07/2017,0.124268
JPM,47896,QMLE-Trade,10/07/2017,0.123971
JPM,47896,QMLE-Trade,11/07/2017,0.139023
JPM,47896,QMLE-Trade,12/07/2017,0.136967
JPM,47896,QMLE-Trade,13/07/2017,0.103685
JPM,47896,QMLE-Trade,14/07/2017,0.184443
JPM,47896,QMLE-Trade,17/07/2017,0.122331
JPM,47896,QMLE-Trade,18/07/2017,0.144854
JPM,47896,QMLE-Trade,19/07/2017,0.107626
JPM,47896,QMLE-Trade,20/07/2017,0.116973
JPM,47896,QMLE-Trade,21/07/2017,0.126877
JPM,47896,QMLE-Trade,24/07/2017,0.0946939
JPM,47896,QMLE-Trade,25/07/2017,0.137846
JPM,47896,QMLE-Trade,26/07/2017,0.124145
JPM,47896,QMLE-Trade,27/07/2017,0.141892
JPM,47896,QMLE-Trade,28/07/2017,0.124173
JPM,47896,QMLE-Trade,31/07/2017,0.0964505
JPM,47896,QMLE-Trade,1/08/2017,0.121932
JPM,47896,QMLE-Trade,2/08/2017,0.111436
JPM,47896,QMLE-Trade,3/08/2017,0.122264
JPM,47896,QMLE-Trade,4/08/2017,0.117052
JPM,47896,QMLE-Trade,7/08/2017,0.0892045
JPM,47896,QMLE-Trade,8/08/2017,0.117441
JPM,47896,QMLE-Trade,9/08/2017,0.142733
JPM,47896,QMLE-Trade,10/08/2017,0.160692
JPM,47896,QMLE-Trade,11/08/2017,0.135918
JPM,47896,QMLE-Trade,14/08/2017,0.107398
JPM,47896,QMLE-Trade,15/08/2017,0.106706
JPM,47896,QMLE-Trade,16/08/2017,0.114556
JPM,47896,QMLE-Trade,17/08/2017,0.160214
JPM,47896,QMLE-Trade,18/08/2017,0.144562
JPM,47896,QMLE-Trade,21/08/2017,0.111073
JPM,47896,QMLE-Trade,22/08/2017,0.0936313
JPM,47896,QMLE-Trade,23/08/2017,0.11047
JPM,47896,QMLE-Trade,24/08/2017,0.1107
JPM,47896,QMLE-Trade,25/08/2017,0.103613
JPM,47896,QMLE-Trade,28/08/2017,0.0865516
JPM,47896,QMLE-Trade,29/08/2017,0.119712
JPM,47896,QMLE-Trade,30/08/2017,0.0983829
JPM,47896,QMLE-Trade,31/08/2017,0.108697
JPM,47896,QMLE-Trade,1/09/2017,0.103243
JPM,47896,QMLE-Trade,5/09/2017,0.15573
JPM,47896,QMLE-Trade,6/09/2017,0.112046
JPM,47896,QMLE-Trade,7/09/2017,0.13183
JPM,47896,QMLE-Trade,8/09/2017,0.12443
JPM,47896,QMLE-Trade,11/09/2017,0.1176
JPM,47896,QMLE-Trade,12/09/2017,0.125813
JPM,47896,QMLE-Trade,13/09/2017,0.111908
JPM,47896,QMLE-Trade,14/09/2017,0.0969758
JPM,47896,QMLE-Trade,15/09/2017,0.109526
JPM,47896,QMLE-Trade,18/09/2017,0.103274
JPM,47896,QMLE-Trade,19/09/2017,0.103807
JPM,47896,QMLE-Trade,20/09/2017,0.137769
JPM,47896,QMLE-Trade,21/09/2017,0.118608
JPM,47896,QMLE-Trade,22/09/2017,0.0943125
JPM,47896,QMLE-Trade,25/09/2017,0.107999
JPM,47896,QMLE-Trade,26/09/2017,0.107551
JPM,47896,QMLE-Trade,27/09/2017,0.119819
JPM,47896,QMLE-Trade,28/09/2017,0.113498
JPM,47896,QMLE-Trade,29/09/2017,0.0877367
JPM,47896,QMLE-Trade,2/10/2017,0.113993
JPM,47896,QMLE-Trade,3/10/2017,0.0997258
JPM,47896,QMLE-Trade,4/10/2017,0.103626
JPM,47896,QMLE-Trade,5/10/2017,0.101349
JPM,47896,QMLE-Trade,6/10/2017,0.1056
JPM,47896,QMLE-Trade,9/10/2017,0.0840578
JPM,47896,QMLE-Trade,10/10/2017,0.0944477
JPM,47896,QMLE-Trade,11/10/2017,0.116254
JPM,47896,QMLE-Trade,12/10/2017,0.174085
JPM,47896,QMLE-Trade,13/10/2017,0.145207
JPM,47896,QMLE-Trade,16/10/2017,0.101158
JPM,47896,QMLE-Trade,17/10/2017,0.115459
JPM,47896,QMLE-Trade,18/10/2017,0.105054
JPM,47896,QMLE-Trade,19/10/2017,0.108923
JPM,47896,QMLE-Trade,20/10/2017,0.124578
JPM,47896,QMLE-Trade,23/10/2017,0.106924
JPM,47896,QMLE-Trade,24/10/2017,0.117148
JPM,47896,QMLE-Trade,25/10/2017,0.159294
JPM,47896,QMLE-Trade,26/10/2017,0.121848
JPM,47896,QMLE-Trade,27/10/2017,0.135109
JPM,47896,QMLE-Trade,30/10/2017,0.122239
JPM,47896,QMLE-Trade,31/10/2017,0.119858
JPM,47896,QMLE-Trade,1/11/2017,0.142757
JPM,47896,QMLE-Trade,2/11/2017,0.142603
JPM,47896,QMLE-Trade,3/11/2017,0.108713
JPM,47896,QMLE-Trade,6/11/2017,0.0989433
JPM,47896,QMLE-Trade,7/11/2017,0.146606
JPM,47896,QMLE-Trade,8/11/2017,0.161541
JPM,47896,QMLE-Trade,9/11/2017,0.188188
JPM,47896,QMLE-Trade,10/11/2017,0.13307
JPM,47896,QMLE-Trade,13/11/2017,0.127118
JPM,47896,QMLE-Trade,14/11/2017,0.14228
JPM,47896,QMLE-Trade,15/11/2017,0.162513
JPM,47896,QMLE-Trade,16/11/2017,0.135932
JPM,47896,QMLE-Trade,17/11/2017,0.144759
JPM,47896,QMLE-Trade,20/11/2017,0.120821
JPM,47896,QMLE-Trade,21/11/2017,0.107063
JPM,47896,QMLE-Trade,22/11/2017,0.100977
JPM,47896,QMLE-Trade,24/11/2017,0.0832668
JPM,47896,QMLE-Trade,27/11/2017,0.112121
JPM,47896,QMLE-Trade,28/11/2017,0.132942
JPM,47896,QMLE-Trade,29/11/2017,0.244045
JPM,47896,QMLE-Trade,30/11/2017,0.220496
JPM,47896,QMLE-Trade,1/12/2017,0.393526
JPM,47896,QMLE-Trade,4/12/2017,0.225929
JPM,47896,QMLE-Trade,5/12/2017,0.267354
JPM,47896,QMLE-Trade,6/12/2017,0.156568
JPM,47896,QMLE-Trade,7/12/2017,0.182209
JPM,47896,QMLE-Trade,8/12/2017,0.120871
JPM,47896,QMLE-Trade,11/12/2017,0.122219
JPM,47896,QMLE-Trade,12/12/2017,0.131485
JPM,47896,QMLE-Trade,13/12/2017,0.163192
JPM,47896,QMLE-Trade,14/12/2017,0.148758
JPM,47896,QMLE-Trade,15/12/2017,0.140085
JPM,47896,QMLE-Trade,18/12/2017,0.129557
JPM,47896,QMLE-Trade,19/12/2017,0.121258
JPM,47896,QMLE-Trade,20/12/2017,0.12879
JPM,47896,QMLE-Trade,21/12/2017,0.105007
JPM,47896,QMLE-Trade,22/12/2017,0.107711
JPM,47896,QMLE-Trade,26/12/2017,0.148542
JPM,47896,QMLE-Trade,27/12/2017,0.103121
JPM,47896,QMLE-Trade,28/12/2017,0.0924672
JPM,47896,QMLE-Trade,29/12/2017,0.107719
JPM,47896,QMLE-Trade,2/01/2018,0.126581
JPM,47896,QMLE-Trade,3/01/2018,0.108256
JPM,47896,QMLE-Trade,4/01/2018,0.144938
JPM,47896,QMLE-Trade,5/01/2018,0.121713
JPM,47896,QMLE-Trade,8/01/2018,0.103083
JPM,47896,QMLE-Trade,9/01/2018,0.12214
JPM,47896,QMLE-Trade,10/01/2018,0.120244
JPM,47896,QMLE-Trade,11/01/2018,0.110763
JPM,47896,QMLE-Trade,12/01/2018,0.194021
JPM,47896,QMLE-Trade,16/01/2018,0.223721
JPM,47896,QMLE-Trade,17/01/2018,0.154145
JPM,47896,QMLE-Trade,18/01/2018,0.162308
JPM,47896,QMLE-Trade,19/01/2018,0.122463
JPM,47896,QMLE-Trade,22/01/2018,0.120858
JPM,47896,QMLE-Trade,23/01/2018,0.136413
JPM,47896,QMLE-Trade,24/01/2018,0.143651
JPM,47896,QMLE-Trade,25/01/2018,0.138732
JPM,47896,QMLE-Trade,26/01/2018,0.0994997
JPM,47896,QMLE-Trade,29/01/2018,0.138433
JPM,47896,QMLE-Trade,30/01/2018,0.189733
JPM,47896,QMLE-Trade,31/01/2018,0.136456
JPM,47896,QMLE-Trade,1/02/2018,0.140626
JPM,47896,QMLE-Trade,2/02/2018,0.180381
JPM,47896,QMLE-Trade,5/02/2018,0.813512
JPM,47896,QMLE-Trade,6/02/2018,0.693643
JPM,47896,QMLE-Trade,7/02/2018,0.316444
JPM,47896,QMLE-Trade,8/02/2018,0.378022
JPM,47896,QMLE-Trade,9/02/2018,0.4962
JPM,47896,QMLE-Trade,12/02/2018,0.245016
JPM,47896,QMLE-Trade,13/02/2018,0.207635
JPM,47896,QMLE-Trade,14/02/2018,0.201763
JPM,47896,QMLE-Trade,15/02/2018,0.180106
JPM,47896,QMLE-Trade,16/02/2018,0.173894
JPM,47896,QMLE-Trade,20/02/2018,0.171957
JPM,47896,QMLE-Trade,21/02/2018,0.187574
JPM,47896,QMLE-Trade,22/02/2018,0.216069
JPM,47896,QMLE-Trade,23/02/2018,0.135343
JPM,47896,QMLE-Trade,26/02/2018,0.150192
JPM,47896,QMLE-Trade,27/02/2018,0.211406
JPM,47896,QMLE-Trade,28/02/2018,0.179164
JPM,47896,QMLE-Trade,1/03/2018,0.31746
JPM,47896,QMLE-Trade,2/03/2018,0.276702
JPM,47896,QMLE-Trade,5/03/2018,0.210488
JPM,47896,QMLE-Trade,6/03/2018,0.20359
JPM,47896,QMLE-Trade,7/03/2018,0.188926
JPM,47896,QMLE-Trade,8/03/2018,0.163121
JPM,47896,QMLE-Trade,9/03/2018,0.148896
JPM,47896,QMLE-Trade,12/03/2018,0.158529
JPM,47896,QMLE-Trade,13/03/2018,0.17841
JPM,47896,QMLE-Trade,14/03/2018,0.197679
JPM,47896,QMLE-Trade,15/03/2018,0.154107
JPM,47896,QMLE-Trade,16/03/2018,0.136585
JPM,47896,QMLE-Trade,19/03/2018,0.189445
JPM,47896,QMLE-Trade,20/03/2018,0.144703
JPM,47896,QMLE-Trade,21/03/2018,0.220101
JPM,47896,QMLE-Trade,22/03/2018,0.266925
JPM,47896,QMLE-Trade,23/03/2018,0.308562
JPM,47896,QMLE-Trade,26/03/2018,0.256813
JPM,47896,QMLE-Trade,27/03/2018,0.303548
JPM,47896,QMLE-Trade,28/03/2018,0.363703
JPM,47896,QMLE-Trade,29/03/2018,0.212822
JPM,47896,QMLE-Trade,2/04/2018,0.288139
JPM,47896,QMLE-Trade,3/04/2018,0.264864
JPM,47896,QMLE-Trade,4/04/2018,0.244075
JPM,47896,QMLE-Trade,5/04/2018,0.208519
JPM,47896,QMLE-Trade,6/04/2018,0.299304
JPM,47896,QMLE-Trade,9/04/2018,0.201673
JPM,47896,QMLE-Trade,10/04/2018,0.239605
JPM,47896,QMLE-Trade,11/04/2018,0.208278
JPM,47896,QMLE-Trade,12/04/2018,0.186167
JPM,47896,QMLE-Trade,13/04/2018,0.311922
JPM,47896,QMLE-Trade,16/04/2018,0.199268
JPM,47896,QMLE-Trade,17/04/2018,0.164787
JPM,47896,QMLE-Trade,18/04/2018,0.152745
JPM,47896,QMLE-Trade,19/04/2018,0.186668
JPM,47896,QMLE-Trade,20/04/2018,0.179319
JPM,47896,QMLE-Trade,23/04/2018,0.152441
JPM,47896,QMLE-Trade,24/04/2018,0.214988
JPM,47896,QMLE-Trade,25/04/2018,0.206752
JPM,47896,QMLE-Trade,26/04/2018,0.156414
JPM,47896,QMLE-Trade,27/04/2018,0.155058
JPM,47896,QMLE-Trade,30/04/2018,0.150202
JPM,47896,QMLE-Trade,1/05/2018,0.167032
JPM,47896,QMLE-Trade,2/05/2018,0.18166
JPM,47896,QMLE-Trade,3/05/2018,0.227957
JPM,47896,QMLE-Trade,4/05/2018,0.170256
JPM,47896,QMLE-Trade,7/05/2018,0.153912
JPM,47896,QMLE-Trade,8/05/2018,0.177127
JPM,47896,QMLE-Trade,9/05/2018,0.145566
JPM,47896,QMLE-Trade,10/05/2018,0.137407
JPM,47896,QMLE-Trade,11/05/2018,0.123135
JPM,47896,QMLE-Trade,14/05/2018,0.101334
JPM,47896,QMLE-Trade,15/05/2018,0.173365
JPM,47896,QMLE-Trade,16/05/2018,0.126043
JPM,47896,QMLE-Trade,17/05/2018,0.134081
JPM,47896,QMLE-Trade,18/05/2018,0.133097
JPM,47896,QMLE-Trade,21/05/2018,0.113826
JPM,47896,QMLE-Trade,22/05/2018,0.117955
JPM,47896,QMLE-Trade,23/05/2018,0.160971
JPM,47896,QMLE-Trade,24/05/2018,0.159041
JPM,47896,QMLE-Trade,25/05/2018,0.14712
JPM,47896,QMLE-Trade,29/05/2018,0.227372
JPM,47896,QMLE-Trade,30/05/2018,0.17933
JPM,47896,QMLE-Trade,31/05/2018,0.197902
JPM,47896,QMLE-Trade,1/06/2018,0.147921
JPM,47896,QMLE-Trade,4/06/2018,0.123619
JPM,47896,QMLE-Trade,5/06/2018,0.127805
JPM,47896,QMLE-Trade,6/06/2018,0.127887
JPM,47896,QMLE-Trade,7/06/2018,0.166544
JPM,47896,QMLE-Trade,8/06/2018,0.140414
JPM,47896,QMLE-Trade,11/06/2018,0.120486
JPM,47896,QMLE-Trade,12/06/2018,0.124545
JPM,47896,QMLE-Trade,13/06/2018,0.166267
JPM,47896,QMLE-Trade,14/06/2018,0.168324
JPM,47896,QMLE-Trade,15/06/2018,0.182523
JPM,47896,QMLE-Trade,18/06/2018,0.127039
JPM,47896,QMLE-Trade,19/06/2018,0.1474
JPM,47896,QMLE-Trade,20/06/2018,0.126862
JPM,47896,QMLE-Trade,21/06/2018,0.159204
JPM,47896,QMLE-Trade,22/06/2018,0.135875
JPM,47896,QMLE-Trade,25/06/2018,0.20683
JPM,47896,QMLE-Trade,26/06/2018,0.194361
JPM,47896,QMLE-Trade,27/06/2018,0.195983
JPM,47896,QMLE-Trade,28/06/2018,0.200556
JPM,47896,QMLE-Trade,29/06/2018,0.193465
JPM,47896,QMLE-Trade,2/07/2018,0.166076
JPM,47896,QMLE-Trade,3/07/2018,0.136846
JPM,47896,QMLE-Trade,5/07/2018,0.171339
JPM,47896,QMLE-Trade,6/07/2018,0.18062
JPM,47896,QMLE-Trade,9/07/2018,0.153663
JPM,47896,QMLE-Trade,10/07/2018,0.163827
JPM,47896,QMLE-Trade,11/07/2018,0.148695
JPM,47896,QMLE-Trade,12/07/2018,0.148526
JPM,47896,QMLE-Trade,13/07/2018,0.334509
JPM,47896,QMLE-Trade,16/07/2018,0.196092
JPM,47896,QMLE-Trade,17/07/2018,0.165322
JPM,47896,QMLE-Trade,18/07/2018,0.160343
JPM,47896,QMLE-Trade,19/07/2018,0.171742
JPM,47896,QMLE-Trade,20/07/2018,0.148958
JPM,47896,QMLE-Trade,23/07/2018,0.148184
JPM,47896,QMLE-Trade,24/07/2018,0.165322
JPM,47896,QMLE-Trade,25/07/2018,0.146179
JPM,47896,QMLE-Trade,26/07/2018,0.141542
JPM,47896,QMLE-Trade,27/07/2018,0.143616
JPM,47896,QMLE-Trade,30/07/2018,0.15314
JPM,47896,QMLE-Trade,31/07/2018,0.160705
JPM,47896,QMLE-Trade,1/08/2018,0.163757
JPM,47896,QMLE-Trade,2/08/2018,0.149395
JPM,47896,QMLE-Trade,3/08/2018,0.119501
JPM,47896,QMLE-Trade,6/08/2018,0.117517
JPM,47896,QMLE-Trade,7/08/2018,0.104732
JPM,47896,QMLE-Trade,8/08/2018,0.105721
JPM,47896,QMLE-Trade,9/08/2018,0.115233
JPM,47896,QMLE-Trade,10/08/2018,0.16151
JPM,47896,QMLE-Trade,13/08/2018,0.143126
JPM,47896,QMLE-Trade,14/08/2018,0.139163
JPM,47896,QMLE-Trade,15/08/2018,0.167886
JPM,47896,QMLE-Trade,16/08/2018,0.13069
JPM,47896,QMLE-Trade,17/08/2018,0.12412
JPM,47896,QMLE-Trade,20/08/2018,0.10562
JPM,47896,QMLE-Trade,21/08/2018,0.121794
JPM,47896,QMLE-Trade,22/08/2018,0.10633
JPM,47896,QMLE-Trade,23/08/2018,0.0990025
JPM,47896,QMLE-Trade,24/08/2018,0.0923376
JPM,47896,QMLE-Trade,27/08/2018,0.108728
JPM,47896,QMLE-Trade,28/08/2018,0.113403
JPM,47896,QMLE-Trade,29/08/2018,0.103037
JPM,47896,QMLE-Trade,30/08/2018,0.120399
JPM,47896,QMLE-Trade,31/08/2018,0.120659
JPM,47896,QMLE-Trade,4/09/2018,0.128891
JPM,47896,QMLE-Trade,5/09/2018,0.120849
JPM,47896,QMLE-Trade,6/09/2018,0.135038
JPM,47896,QMLE-Trade,7/09/2018,0.129264
JPM,47896,QMLE-Trade,10/09/2018,0.0945227
JPM,47896,QMLE-Trade,11/09/2018,0.101075
JPM,47896,QMLE-Trade,12/09/2018,0.124949
JPM,47896,QMLE-Trade,13/09/2018,0.151166
JPM,47896,QMLE-Trade,14/09/2018,0.114344
JPM,47896,QMLE-Trade,17/09/2018,0.111707
JPM,47896,QMLE-Trade,18/09/2018,0.111994
JPM,47896,QMLE-Trade,19/09/2018,0.125717
JPM,47896,QMLE-Trade,20/09/2018,0.132522
JPM,47896,QMLE-Trade,21/09/2018,0.124568
JPM,47896,QMLE-Trade,24/09/2018,0.126494
JPM,47896,QMLE-Trade,25/09/2018,0.116941
JPM,47896,QMLE-Trade,26/09/2018,0.12924
JPM,47896,QMLE-Trade,27/09/2018,0.144845
JPM,47896,QMLE-Trade,28/09/2018,0.128114
JPM,47896,QMLE-Trade,1/10/2018,0.122452
JPM,47896,QMLE-Trade,2/10/2018,0.139862
JPM,47896,QMLE-Trade,3/10/2018,0.14706
JPM,47896,QMLE-Trade,4/10/2018,0.180487
JPM,47896,QMLE-Trade,5/10/2018,0.153909
JPM,47896,QMLE-Trade,8/10/2018,0.173976
JPM,47896,QMLE-Trade,9/10/2018,0.159953
JPM,47896,QMLE-Trade,10/10/2018,0.216085
JPM,47896,QMLE-Trade,11/10/2018,0.376781
JPM,47896,QMLE-Trade,12/10/2018,0.411626
JPM,47896,QMLE-Trade,15/10/2018,0.287868
JPM,47896,QMLE-Trade,16/10/2018,0.215366
JPM,47896,QMLE-Trade,17/10/2018,0.223032
JPM,47896,QMLE-Trade,18/10/2018,0.251699
JPM,47896,QMLE-Trade,19/10/2018,0.20993
JPM,47896,QMLE-Trade,22/10/2018,0.191374
JPM,47896,QMLE-Trade,23/10/2018,0.287744
JPM,47896,QMLE-Trade,24/10/2018,0.25147
JPM,47896,QMLE-Trade,25/10/2018,0.233176
JPM,47896,QMLE-Trade,26/10/2018,0.319308
JPM,47896,QMLE-Trade,29/10/2018,0.274691
JPM,47896,QMLE-Trade,30/10/2018,0.267504
JPM,47896,QMLE-Trade,31/10/2018,0.199204
JPM,47896,QMLE-Trade,1/11/2018,0.199528
JPM,47896,QMLE-Trade,2/11/2018,0.219068
JPM,47896,QMLE-Trade,5/11/2018,0.139954
JPM,47896,QMLE-Trade,6/11/2018,0.163388
JPM,47896,QMLE-Trade,7/11/2018,0.17953
JPM,47896,QMLE-Trade,8/11/2018,0.170454
JPM,47896,QMLE-Trade,9/11/2018,0.172823
JPM,47896,QMLE-Trade,12/11/2018,0.196479
JPM,47896,QMLE-Trade,13/11/2018,0.230714
JPM,47896,QMLE-Trade,14/11/2018,0.246579
JPM,47896,QMLE-Trade,15/11/2018,0.282141
JPM,47896,QMLE-Trade,16/11/2018,0.206245
JPM,47896,QMLE-Trade,19/11/2018,0.217008
JPM,47896,QMLE-Trade,20/11/2018,0.256805
JPM,47896,QMLE-Trade,21/11/2018,0.177664
JPM,47896,QMLE-Trade,23/11/2018,0.16098
JPM,47896,QMLE-Trade,26/11/2018,0.168876
JPM,47896,QMLE-Trade,27/11/2018,0.183037
JPM,47896,QMLE-Trade,28/11/2018,0.184684
JPM,47896,QMLE-Trade,29/11/2018,0.168192
JPM,47896,QMLE-Trade,30/11/2018,0.146487
JPM,47896,QMLE-Trade,3/12/2018,0.183101
JPM,47896,QMLE-Trade,4/12/2018,0.269019
JPM,47896,QMLE-Trade,6/12/2018,0.31745
JPM,47896,QMLE-Trade,7/12/2018,0.311301
JPM,47896,QMLE-Trade,10/12/2018,0.349631
JPM,47896,QMLE-Trade,11/12/2018,0.269015
JPM,47896,QMLE-Trade,12/12/2018,0.260515
JPM,47896,QMLE-Trade,13/12/2018,0.241986
JPM,47896,QMLE-Trade,14/12/2018,0.239178
JPM,47896,QMLE-Trade,17/12/2018,0.271825
JPM,47896,QMLE-Trade,18/12/2018,0.248406
JPM,47896,QMLE-Trade,19/12/2018,0.401582
JPM,47896,QMLE-Trade,20/12/2018,0.359335
JPM,47896,QMLE-Trade,21/12/2018,0.364053
JPM,47896,QMLE-Trade,24/12/2018,0.301962
JPM,47896,QMLE-Trade,26/12/2018,0.307891
JPM,47896,QMLE-Trade,27/12/2018,0.346361
JPM,47896,QMLE-Trade,28/12/2018,0.306129
JPM,47896,QMLE-Trade,31/12/2018,0.244256
JPM,47896,QMLE-Trade,2/01/2019,0.263748
JPM,47896,QMLE-Trade,3/01/2019,0.298335
JPM,47896,QMLE-Trade,4/01/2019,0.229629
JPM,47896,QMLE-Trade,7/01/2019,0.219458
JPM,47896,QMLE-Trade,8/01/2019,0.214216
JPM,47896,QMLE-Trade,9/01/2019,0.193491
JPM,47896,QMLE-Trade,10/01/2019,0.184702
JPM,47896,QMLE-Trade,11/01/2019,0.164746
JPM,47896,QMLE-Trade,14/01/2019,0.178967
JPM,47896,QMLE-Trade,15/01/2019,0.323056
JPM,47896,QMLE-Trade,16/01/2019,0.207315
JPM,47896,QMLE-Trade,17/01/2019,0.187356
JPM,47896,QMLE-Trade,18/01/2019,0.180082
JPM,47896,QMLE-Trade,22/01/2019,0.192755
JPM,47896,QMLE-Trade,23/01/2019,0.174747
JPM,47896,QMLE-Trade,24/01/2019,0.154025
JPM,47896,QMLE-Trade,25/01/2019,0.159562
JPM,47896,QMLE-Trade,28/01/2019,0.161544
JPM,47896,QMLE-Trade,29/01/2019,0.133087
JPM,47896,QMLE-Trade,30/01/2019,0.180253
JPM,47896,QMLE-Trade,31/01/2019,0.168018
JPM,47896,QMLE-Trade,1/02/2019,0.15633
JPM,47896,QMLE-Trade,4/02/2019,0.112793
JPM,47896,QMLE-Trade,5/02/2019,0.11915
JPM,47896,QMLE-Trade,6/02/2019,0.122035
JPM,47896,QMLE-Trade,7/02/2019,0.193763
JPM,47896,QMLE-Trade,8/02/2019,0.153154
JPM,47896,QMLE-Trade,11/02/2019,0.142748
JPM,47896,QMLE-Trade,12/02/2019,0.131894
JPM,47896,QMLE-Trade,13/02/2019,0.119317
JPM,47896,QMLE-Trade,14/02/2019,0.177878
JPM,47896,QMLE-Trade,15/02/2019,0.148041
JPM,47896,QMLE-Trade,19/02/2019,0.137729
JPM,47896,QMLE-Trade,20/02/2019,0.119605
JPM,47896,QMLE-Trade,21/02/2019,0.135866
JPM,47896,QMLE-Trade,22/02/2019,0.132499
JPM,47896,QMLE-Trade,25/02/2019,0.120136
JPM,47896,QMLE-Trade,26/02/2019,0.170133
JPM,47896,QMLE-Trade,27/02/2019,0.133292
JPM,47896,QMLE-Trade,28/02/2019,0.129157
JPM,47896,QMLE-Trade,1/03/2019,0.126226
JPM,47896,QMLE-Trade,4/03/2019,0.167525
JPM,47896,QMLE-Trade,5/03/2019,0.137305
JPM,47896,QMLE-Trade,6/03/2019,0.152317
JPM,47896,QMLE-Trade,7/03/2019,0.176795
JPM,47896,QMLE-Trade,8/03/2019,0.149568
JPM,47896,QMLE-Trade,11/03/2019,0.122885
JPM,47896,QMLE-Trade,12/03/2019,0.110405
JPM,47896,QMLE-Trade,13/03/2019,0.118193
JPM,47896,QMLE-Trade,14/03/2019,0.113007
JPM,47896,QMLE-Trade,15/03/2019,0.152525
JPM,47896,QMLE-Trade,18/03/2019,0.129031
JPM,47896,QMLE-Trade,19/03/2019,0.136845
JPM,47896,QMLE-Trade,20/03/2019,0.168696
JPM,47896,QMLE-Trade,21/03/2019,0.166578
JPM,47896,QMLE-Trade,22/03/2019,0.221035
JPM,47896,QMLE-Trade,25/03/2019,0.202909
JPM,47896,QMLE-Trade,26/03/2019,0.173359
JPM,47896,QMLE-Trade,27/03/2019,0.17078
JPM,47896,QMLE-Trade,28/03/2019,0.151279
JPM,47896,QMLE-Trade,29/03/2019,0.149877
JPM,47896,QMLE-Trade,1/04/2019,0.151349
JPM,47896,QMLE-Trade,2/04/2019,0.149519
JPM,47896,QMLE-Trade,3/04/2019,0.151271
JPM,47896,QMLE-Trade,4/04/2019,0.137902
JPM,47896,QMLE-Trade,5/04/2019,0.130858
JPM,47896,QMLE-Trade,8/04/2019,0.129237
JPM,47896,QMLE-Trade,9/04/2019,0.137993
JPM,47896,QMLE-Trade,10/04/2019,0.138247
JPM,47896,QMLE-Trade,11/04/2019,0.148081
JPM,47896,QMLE-Trade,12/04/2019,0.236574
JPM,47896,QMLE-Trade,15/04/2019,0.197236
JPM,47896,QMLE-Trade,16/04/2019,0.155338
JPM,47896,QMLE-Trade,17/04/2019,0.203377
JPM,47896,QMLE-Trade,18/04/2019,0.178685
JPM,47896,QMLE-Trade,22/04/2019,0.133106
JPM,47896,QMLE-Trade,23/04/2019,0.128512
JPM,47896,QMLE-Trade,24/04/2019,0.150194
JPM,47896,QMLE-Trade,25/04/2019,0.139193
JPM,47896,QMLE-Trade,26/04/2019,0.132504
JPM,47896,QMLE-Trade,29/04/2019,0.164582
JPM,47896,QMLE-Trade,30/04/2019,0.164473
JPM,47896,QMLE-Trade,1/05/2019,0.174959
JPM,47896,QMLE-Trade,2/05/2019,0.170982
JPM,47896,QMLE-Trade,3/05/2019,0.121551
JPM,47896,QMLE-Trade,6/05/2019,0.181318
JPM,47896,QMLE-Trade,7/05/2019,0.214921
JPM,47896,QMLE-Trade,8/05/2019,0.187721
JPM,47896,QMLE-Trade,9/05/2019,0.218139
JPM,47896,QMLE-Trade,10/05/2019,0.218742
JPM,47896,QMLE-Trade,13/05/2019,0.234682
JPM,47896,QMLE-Trade,14/05/2019,0.176964
JPM,47896,QMLE-Trade,15/05/2019,0.180587
JPM,47896,QMLE-Trade,16/05/2019,0.143204
JPM,47896,QMLE-Trade,17/05/2019,0.180922
JPM,47896,QMLE-Trade,20/05/2019,0.145105
JPM,47896,QMLE-Trade,21/05/2019,0.116017
JPM,47896,QMLE-Trade,22/05/2019,0.123381
JPM,47896,QMLE-Trade,23/05/2019,0.186251
JPM,47896,QMLE-Trade,24/05/2019,0.115598
JPM,47896,QMLE-Trade,28/05/2019,0.148776
JPM,47896,QMLE-Trade,29/05/2019,0.168388
JPM,47896,QMLE-Trade,30/05/2019,0.152317
JPM,47896,QMLE-Trade,31/05/2019,0.198128
JPM,47896,QMLE-Trade,3/06/2019,0.206364
JPM,47896,QMLE-Trade,4/06/2019,0.158182
JPM,47896,QMLE-Trade,5/06/2019,0.177512
JPM,47896,QMLE-Trade,6/06/2019,0.155321
JPM,47896,QMLE-Trade,7/06/2019,0.161671
JPM,47896,QMLE-Trade,10/06/2019,0.155457
JPM,47896,QMLE-Trade,11/06/2019,0.140531
JPM,47896,QMLE-Trade,12/06/2019,0.14203
JPM,47896,QMLE-Trade,13/06/2019,0.138473
JPM,47896,QMLE-Trade,14/06/2019,0.124549
JPM,47896,QMLE-Trade,17/06/2019,0.140478
JPM,47896,QMLE-Trade,18/06/2019,0.169339
JPM,47896,QMLE-Trade,19/06/2019,0.18365
JPM,47896,QMLE-Trade,20/06/2019,0.153189
JPM,47896,QMLE-Trade,21/06/2019,0.156165
JPM,47896,QMLE-Trade,24/06/2019,0.146679
JPM,47896,QMLE-Trade,25/06/2019,0.164429
JPM,47896,QMLE-Trade,26/06/2019,0.14487
JPM,47896,QMLE-Trade,27/06/2019,0.142789
JPM,47896,QMLE-Trade,28/06/2019,0.180475
JPM,47896,QMLE-Trade,1/07/2019,0.155249
JPM,47896,QMLE-Trade,2/07/2019,0.147098
JPM,47896,QMLE-Trade,3/07/2019,0.130627
JPM,47896,QMLE-Trade,5/07/2019,0.140792
JPM,47896,QMLE-Trade,8/07/2019,0.113384
JPM,47896,QMLE-Trade,9/07/2019,0.112882
JPM,47896,QMLE-Trade,10/07/2019,0.121618
JPM,47896,QMLE-Trade,11/07/2019,0.130212
JPM,47896,QMLE-Trade,12/07/2019,0.111572
JPM,47896,QMLE-Trade,15/07/2019,0.137866
JPM,47896,QMLE-Trade,16/07/2019,0.224367
JPM,47896,QMLE-Trade,17/07/2019,0.14364
JPM,47896,QMLE-Trade,18/07/2019,0.141089
JPM,47896,QMLE-Trade,19/07/2019,0.121222
JPM,47896,QMLE-Trade,22/07/2019,0.126372
JPM,47896,QMLE-Trade,23/07/2019,0.123955
JPM,47896,QMLE-Trade,24/07/2019,0.109798
JPM,47896,QMLE-Trade,25/07/2019,0.137771
JPM,47896,QMLE-Trade,26/07/2019,0.109976
JPM,47896,QMLE-Trade,29/07/2019,0.115474
JPM,47896,QMLE-Trade,30/07/2019,0.135635
JPM,47896,QMLE-Trade,31/07/2019,0.187429
JPM,47896,QMLE-Trade,1/08/2019,0.240996
JPM,47896,QMLE-Trade,2/08/2019,0.218728
JPM,47896,QMLE-Trade,5/08/2019,0.232888
JPM,47896,QMLE-Trade,6/08/2019,0.20418
JPM,47896,QMLE-Trade,7/08/2019,0.265146
JPM,47896,QMLE-Trade,8/08/2019,0.176401
JPM,47896,QMLE-Trade,9/08/2019,0.177745
JPM,47896,QMLE-Trade,12/08/2019,0.173314
JPM,47896,QMLE-Trade,13/08/2019,0.250474
JPM,47896,QMLE-Trade,14/08/2019,0.25901
JPM,47896,QMLE-Trade,15/08/2019,0.272584
JPM,47896,QMLE-Trade,16/08/2019,0.158004
JPM,47896,QMLE-Trade,19/08/2019,0.151604
JPM,47896,QMLE-Trade,20/08/2019,0.16021
JPM,47896,QMLE-Trade,21/08/2019,0.138837
JPM,47896,QMLE-Trade,22/08/2019,0.168966
JPM,47896,QMLE-Trade,23/08/2019,0.253389
JPM,47896,QMLE-Trade,26/08/2019,0.160064
JPM,47896,QMLE-Trade,27/08/2019,0.165168
JPM,47896,QMLE-Trade,28/08/2019,0.182236
JPM,47896,QMLE-Trade,29/08/2019,0.153587
JPM,47896,QMLE-Trade,30/08/2019,0.14256
JPM,47896,QMLE-Trade,3/09/2019,0.195013
JPM,47896,QMLE-Trade,4/09/2019,0.119758
JPM,47896,QMLE-Trade,5/09/2019,0.154622
JPM,47896,QMLE-Trade,6/09/2019,0.132643
JPM,47896,QMLE-Trade,9/09/2019,0.147971
JPM,47896,QMLE-Trade,10/09/2019,0.192713
JPM,47896,QMLE-Trade,11/09/2019,0.179144
JPM,47896,QMLE-Trade,12/09/2019,0.200995
JPM,47896,QMLE-Trade,13/09/2019,0.140974
JPM,47896,QMLE-Trade,16/09/2019,0.143789
JPM,47896,QMLE-Trade,17/09/2019,0.143802
JPM,47896,QMLE-Trade,18/09/2019,0.168872
JPM,47896,QMLE-Trade,19/09/2019,0.137207
JPM,47896,QMLE-Trade,20/09/2019,0.160415
JPM,47896,QMLE-Trade,23/09/2019,0.121329
JPM,47896,QMLE-Trade,24/09/2019,0.174512
JPM,47896,QMLE-Trade,25/09/2019,0.134674
JPM,47896,QMLE-Trade,26/09/2019,0.13498
JPM,47896,QMLE-Trade,27/09/2019,0.175048
JPM,47896,QMLE-Trade,30/09/2019,0.128394
JPM,47896,QMLE-Trade,1/10/2019,0.170685
JPM,47896,QMLE-Trade,2/10/2019,0.184729
JPM,47896,QMLE-Trade,3/10/2019,0.241008
JPM,47896,QMLE-Trade,4/10/2019,0.137648
JPM,47896,QMLE-Trade,7/10/2019,0.140366
JPM,47896,QMLE-Trade,8/10/2019,0.196918
JPM,47896,QMLE-Trade,9/10/2019,0.14985
JPM,47896,QMLE-Trade,10/10/2019,0.164016
JPM,47896,QMLE-Trade,11/10/2019,0.211154
JPM,47896,QMLE-Trade,14/10/2019,0.115503
JPM,47896,QMLE-Trade,15/10/2019,0.198473
JPM,47896,QMLE-Trade,16/10/2019,0.136753
JPM,47896,QMLE-Trade,17/10/2019,0.130512
JPM,47896,QMLE-Trade,18/10/2019,0.126822
JPM,47896,QMLE-Trade,21/10/2019,0.126074
JPM,47896,QMLE-Trade,22/10/2019,0.129132
JPM,47896,QMLE-Trade,23/10/2019,0.124368
JPM,47896,QMLE-Trade,24/10/2019,0.112254
JPM,47896,QMLE-Trade,25/10/2019,0.103643
JPM,47896,QMLE-Trade,28/10/2019,0.106825
JPM,47896,QMLE-Trade,29/10/2019,0.113934
JPM,47896,QMLE-Trade,30/10/2019,0.137411
JPM,47896,QMLE-Trade,31/10/2019,0.14465
JPM,47896,QMLE-Trade,1/11/2019,0.111736
JPM,47896,QMLE-Trade,4/11/2019,0.118033
JPM,47896,QMLE-Trade,5/11/2019,0.123007
JPM,47896,QMLE-Trade,6/11/2019,0.140322
JPM,47896,QMLE-Trade,7/11/2019,0.137433
JPM,47896,QMLE-Trade,8/11/2019,0.112741
JPM,47896,QMLE-Trade,11/11/2019,0.104418
JPM,47896,QMLE-Trade,12/11/2019,0.120893
JPM,47896,QMLE-Trade,13/11/2019,0.141609
JPM,47896,QMLE-Trade,14/11/2019,0.118108
JPM,47896,QMLE-Trade,15/11/2019,0.107073
JPM,47896,QMLE-Trade,18/11/2019,0.0991103
JPM,47896,QMLE-Trade,19/11/2019,0.118322
JPM,47896,QMLE-Trade,20/11/2019,0.142873
JPM,47896,QMLE-Trade,21/11/2019,0.121798
JPM,47896,QMLE-Trade,22/11/2019,0.10687
JPM,47896,QMLE-Trade,25/11/2019,0.100083
JPM,47896,QMLE-Trade,26/11/2019,0.119902
JPM,47896,QMLE-Trade,27/11/2019,0.0885158
JPM,47896,QMLE-Trade,29/11/2019,0.098814
JPM,47896,QMLE-Trade,2/12/2019,0.143704
JPM,47896,QMLE-Trade,3/12/2019,0.146588
JPM,47896,QMLE-Trade,4/12/2019,0.113213
JPM,47896,QMLE-Trade,5/12/2019,0.118685
JPM,47896,QMLE-Trade,6/12/2019,0.117388
JPM,47896,QMLE-Trade,9/12/2019,0.100647
JPM,47896,QMLE-Trade,10/12/2019,0.1248
JPM,47896,QMLE-Trade,11/12/2019,0.13327
JPM,47896,QMLE-Trade,12/12/2019,0.172518
JPM,47896,QMLE-Trade,13/12/2019,0.180299
JPM,47896,QMLE-Trade,16/12/2019,0.103566
JPM,47896,QMLE-Trade,17/12/2019,0.0985913
JPM,47896,QMLE-Trade,18/12/2019,0.0970021
JPM,47896,QMLE-Trade,19/12/2019,0.0879459
JPM,47896,QMLE-Trade,20/12/2019,0.145394
JPM,47896,QMLE-Trade,23/12/2019,0.101181
JPM,47896,QMLE-Trade,24/12/2019,0.0760219
JPM,47896,QMLE-Trade,26/12/2019,0.0673264
JPM,47896,QMLE-Trade,27/12/2019,0.0875209
JPM,47896,QMLE-Trade,30/12/2019,0.105763
JPM,47896,QMLE-Trade,31/12/2019,0.0811994
JPM,47896,QMLE-Trade,2/01/2020,0.11051
JPM,47896,QMLE-Trade,3/01/2020,0.166228
JPM,47896,QMLE-Trade,6/01/2020,0.113451
JPM,47896,QMLE-Trade,7/01/2020,0.105907
JPM,47896,QMLE-Trade,8/01/2020,0.125375
JPM,47896,QMLE-Trade,9/01/2020,0.115401
JPM,47896,QMLE-Trade,10/01/2020,0.112495
JPM,47896,QMLE-Trade,13/01/2020,0.109143
JPM,47896,QMLE-Trade,14/01/2020,0.203131
JPM,47896,QMLE-Trade,15/01/2020,0.145871
JPM,47896,QMLE-Trade,16/01/2020,0.116758
JPM,47896,QMLE-Trade,17/01/2020,0.0909304
JPM,47896,QMLE-Trade,21/01/2020,0.0927313
JPM,47896,QMLE-Trade,22/01/2020,0.0903712
JPM,47896,QMLE-Trade,23/01/2020,0.129576
JPM,47896,QMLE-Trade,24/01/2020,0.144128
JPM,47896,QMLE-Trade,27/01/2020,0.200729
JPM,47896,QMLE-Trade,28/01/2020,0.124615
JPM,47896,QMLE-Trade,29/01/2020,0.143825
JPM,47896,QMLE-Trade,30/01/2020,0.192058
JPM,47896,QMLE-Trade,31/01/2020,0.191013
JPM,47896,QMLE-Trade,3/02/2020,0.172468
JPM,47896,QMLE-Trade,4/02/2020,0.126125
JPM,47896,QMLE-Trade,5/02/2020,0.159034
JPM,47896,QMLE-Trade,6/02/2020,0.12945
JPM,47896,QMLE-Trade,7/02/2020,0.136262
JPM,47896,QMLE-Trade,10/02/2020,0.104404
JPM,47896,QMLE-Trade,11/02/2020,0.112846
JPM,47896,QMLE-Trade,12/02/2020,0.0972973
JPM,47896,QMLE-Trade,13/02/2020,0.131625
JPM,47896,QMLE-Trade,14/02/2020,0.105612
JPM,47896,QMLE-Trade,18/02/2020,0.132288
JPM,47896,QMLE-Trade,19/02/2020,0.114409
JPM,47896,QMLE-Trade,20/02/2020,0.167761
JPM,47896,QMLE-Trade,21/02/2020,0.165696
JPM,47896,QMLE-Trade,24/02/2020,0.229577
JPM,47896,QMLE-Trade,25/02/2020,0.348824
JPM,47896,QMLE-Trade,26/02/2020,0.309808
JPM,47896,QMLE-Trade,27/02/2020,0.443875
JPM,47896,QMLE-Trade,28/02/2020,0.658141
JPM,47896,QMLE-Trade,2/03/2020,0.459247
JPM,47896,QMLE-Trade,3/03/2020,0.658636
JPM,47896,QMLE-Trade,4/03/2020,0.386613
JPM,47896,QMLE-Trade,5/03/2020,0.365762
JPM,47896,QMLE-Trade,6/03/2020,0.516158
JPM,47896,QMLE-Trade,9/03/2020,0.71087
JPM,47896,QMLE-Trade,10/03/2020,0.558045
JPM,47896,QMLE-Trade,11/03/2020,0.682455
JPM,47896,QMLE-Trade,12/03/2020,1.19375
JPM,47896,QMLE-Trade,13/03/2020,0.983321
JPM,47896,QMLE-Trade,16/03/2020,1.08297
JPM,47896,QMLE-Trade,17/03/2020,1.19989
JPM,47896,QMLE-Trade,18/03/2020,1.16794
JPM,47896,QMLE-Trade,19/03/2020,1.24899
JPM,47896,QMLE-Trade,20/03/2020,1.13257
JPM,47896,QMLE-Trade,23/03/2020,1.1622
JPM,47896,QMLE-Trade,24/03/2020,0.740273
JPM,47896,QMLE-Trade,25/03/2020,0.903992
JPM,47896,QMLE-Trade,26/03/2020,0.74879
JPM,47896,QMLE-Trade,27/03/2020,0.575656
JPM,47896,QMLE-Trade,30/03/2020,0.522021
JPM,47896,QMLE-Trade,31/03/2020,0.438944
JPM,47896,QMLE-Trade,1/04/2020,0.449948
JPM,47896,QMLE-Trade,2/04/2020,0.554128
JPM,47896,QMLE-Trade,3/04/2020,0.479513
JPM,47896,QMLE-Trade,6/04/2020,0.462678
JPM,47896,QMLE-Trade,7/04/2020,0.526346
JPM,47896,QMLE-Trade,8/04/2020,0.397616
JPM,47896,QMLE-Trade,9/04/2020,0.548663
JPM,47896,QMLE-Trade,13/04/2020,0.45211
JPM,47896,QMLE-Trade,14/04/2020,0.552047
JPM,47896,QMLE-Trade,15/04/2020,0.450332
JPM,47896,QMLE-Trade,16/04/2020,0.39914
JPM,47896,QMLE-Trade,17/04/2020,0.3716
JPM,47896,QMLE-Trade,20/04/2020,0.377844
JPM,47896,QMLE-Trade,21/04/2020,0.417786
JPM,47896,QMLE-Trade,22/04/2020,0.283403
JPM,47896,QMLE-Trade,23/04/2020,0.329144
JPM,47896,QMLE-Trade,24/04/2020,0.249441
JPM,47896,QMLE-Trade,27/04/2020,0.279843
JPM,47896,QMLE-Trade,28/04/2020,0.337427
JPM,47896,QMLE-Trade,29/04/2020,0.30831
JPM,47896,QMLE-Trade,30/04/2020,0.348514
JPM,47896,QMLE-Trade,1/05/2020,0.302233
JPM,47896,QMLE-Trade,4/05/2020,0.276176
JPM,47896,QMLE-Trade,5/05/2020,0.254663
JPM,47896,QMLE-Trade,6/05/2020,0.291624
JPM,47896,QMLE-Trade,7/05/2020,0.297449
JPM,47896,QMLE-Trade,8/05/2020,0.242636
JPM,47896,QMLE-Trade,11/05/2020,0.266531
JPM,47896,QMLE-Trade,12/05/2020,0.241707
JPM,47896,QMLE-Trade,13/05/2020,0.360921
JPM,47896,QMLE-Trade,14/05/2020,0.481633
JPM,47896,QMLE-Trade,15/05/2020,0.344863
JPM,47896,QMLE-Trade,18/05/2020,0.290178
JPM,47896,QMLE-Trade,19/05/2020,0.342951
JPM,47896,QMLE-Trade,20/05/2020,0.255396
JPM,47896,QMLE-Trade,21/05/2020,0.245986
JPM,47896,QMLE-Trade,22/05/2020,0.21333
JPM,47896,QMLE-Trade,26/05/2020,0.275682
JPM,47896,QMLE-Trade,27/05/2020,0.384538
JPM,47896,QMLE-Trade,28/05/2020,0.354976
JPM,47896,QMLE-Trade,29/05/2020,0.351461
JPM,47896,QMLE-Trade,1/06/2020,0.247963
JPM,47896,QMLE-Trade,2/06/2020,0.222579
JPM,47896,QMLE-Trade,3/06/2020,0.244881
JPM,47896,QMLE-Trade,4/06/2020,0.294225
JPM,47896,QMLE-Trade,5/06/2020,0.382271
JPM,47896,QMLE-Trade,8/06/2020,0.271876
JPM,47896,QMLE-Trade,9/06/2020,0.305417
JPM,47896,QMLE-Trade,10/06/2020,0.391216
JPM,47896,QMLE-Trade,11/06/2020,0.4338
JPM,47896,QMLE-Trade,12/06/2020,0.484238
JPM,47896,QMLE-Trade,15/06/2020,0.437978
JPM,47896,QMLE-Trade,16/06/2020,0.499817
JPM,47896,QMLE-Trade,17/06/2020,0.319378
JPM,47896,QMLE-Trade,18/06/2020,0.321985
JPM,47896,QMLE-Trade,19/06/2020,0.317055
JPM,47896,QMLE-Trade,22/06/2020,0.246021
JPM,47896,QMLE-Trade,23/06/2020,0.250618
JPM,47896,QMLE-Trade,24/06/2020,0.301814
JPM,47896,QMLE-Trade,25/06/2020,0.354988
JPM,47896,QMLE-Trade,26/06/2020,0.334594
JPM,47896,QMLE-Trade,29/06/2020,0.280244
JPM,47896,QMLE-Trade,30/06/2020,0.27488
JPM,47896,QMLE-Trade,1/07/2020,0.277137
JPM,47896,QMLE-Trade,2/07/2020,0.270879
JPM,47896,QMLE-Trade,6/07/2020,0.232962
JPM,47896,QMLE-Trade,7/07/2020,0.182349
JPM,47896,QMLE-Trade,8/07/2020,0.241276
JPM,47896,QMLE-Trade,9/07/2020,0.274071
JPM,47896,QMLE-Trade,10/07/2020,0.296271
JPM,47896,QMLE-Trade,13/07/2020,0.331857
JPM,47896,QMLE-Trade,14/07/2020,0.474338
JPM,47896,QMLE-Trade,15/07/2020,0.293708
JPM,47896,QMLE-Trade,16/07/2020,0.272929
JPM,47896,QMLE-Trade,17/07/2020,0.190098
JPM,47896,QMLE-Trade,20/07/2020,0.200018
JPM,47896,QMLE-Trade,21/07/2020,0.223096
JPM,47896,QMLE-Trade,22/07/2020,0.224513
JPM,47896,QMLE-Trade,23/07/2020,0.232836
JPM,47896,QMLE-Trade,24/07/2020,0.225818
JPM,47896,QMLE-Trade,27/07/2020,0.199578
JPM,47896,QMLE-Trade,28/07/2020,0.185327
JPM,47896,QMLE-Trade,29/07/2020,0.19672
JPM,47896,QMLE-Trade,30/07/2020,0.236053
JPM,47896,QMLE-Trade,31/07/2020,0.231623
JPM,47896,QMLE-Trade,3/08/2020,0.197251
JPM,47896,QMLE-Trade,4/08/2020,0.169595
JPM,47896,QMLE-Trade,5/08/2020,0.183708
JPM,47896,QMLE-Trade,6/08/2020,0.168073
JPM,47896,QMLE-Trade,7/08/2020,0.199067
JPM,47896,QMLE-Trade,10/08/2020,0.206451
JPM,47896,QMLE-Trade,11/08/2020,0.305231
JPM,47896,QMLE-Trade,12/08/2020,0.245895
JPM,47896,QMLE-Trade,13/08/2020,0.225868
JPM,47896,QMLE-Trade,14/08/2020,0.190352
JPM,47896,QMLE-Trade,17/08/2020,0.189298
JPM,47896,QMLE-Trade,18/08/2020,0.177498
JPM,47896,QMLE-Trade,19/08/2020,0.201972
JPM,47896,QMLE-Trade,20/08/2020,0.190306
JPM,47896,QMLE-Trade,21/08/2020,0.177579
JPM,47896,QMLE-Trade,24/08/2020,0.230492
JPM,47896,QMLE-Trade,25/08/2020,0.218922
JPM,47896,QMLE-Trade,26/08/2020,0.161638
JPM,47896,QMLE-Trade,27/08/2020,0.273298
JPM,47896,QMLE-Trade,28/08/2020,0.225063
JPM,47896,QMLE-Trade,31/08/2020,0.197528
JPM,47896,QMLE-Trade,1/09/2020,0.193991
JPM,47896,QMLE-Trade,2/09/2020,0.218558
JPM,47896,QMLE-Trade,3/09/2020,0.359515
JPM,47896,QMLE-Trade,4/09/2020,0.379981
JPM,47896,QMLE-Trade,8/09/2020,0.32467
JPM,47896,QMLE-Trade,9/09/2020,0.246533
JPM,47896,QMLE-Trade,10/09/2020,0.253464
JPM,47896,QMLE-Trade,11/09/2020,0.226812
JPM,47896,QMLE-Trade,14/09/2020,0.233886
JPM,47896,QMLE-Trade,15/09/2020,0.273299
JPM,47896,QMLE-Trade,16/09/2020,0.261599
JPM,47896,QMLE-Trade,17/09/2020,0.233805
JPM,47896,QMLE-Trade,18/09/2020,0.231732
JPM,47896,QMLE-Trade,21/09/2020,0.3132
JPM,47896,QMLE-Trade,22/09/2020,0.223477
JPM,47896,QMLE-Trade,23/09/2020,0.22795
JPM,47896,QMLE-Trade,24/09/2020,0.301811
JPM,47896,QMLE-Trade,25/09/2020,0.240012
JPM,47896,QMLE-Trade,28/09/2020,0.213551
JPM,47896,QMLE-Trade,29/09/2020,0.210789
JPM,47896,QMLE-Trade,30/09/2020,0.256494
JPM,47896,QMLE-Trade,1/10/2020,0.270326
JPM,47896,QMLE-Trade,2/10/2020,0.246705
JPM,47896,QMLE-Trade,5/10/2020,0.181303
JPM,47896,QMLE-Trade,6/10/2020,0.30462
JPM,47896,QMLE-Trade,7/10/2020,0.208041
JPM,47896,QMLE-Trade,8/10/2020,0.188416
JPM,47896,QMLE-Trade,9/10/2020,0.199468
JPM,47896,QMLE-Trade,12/10/2020,0.167749
JPM,47896,QMLE-Trade,13/10/2020,0.275862
JPM,47896,QMLE-Trade,14/10/2020,0.222015
JPM,47896,QMLE-Trade,15/10/2020,0.234307
JPM,47896,QMLE-Trade,16/10/2020,0.18005
JPM,47896,QMLE-Trade,19/10/2020,0.187975
JPM,47896,QMLE-Trade,20/10/2020,0.212394
JPM,47896,QMLE-Trade,21/10/2020,0.199206
JPM,47896,QMLE-Trade,22/10/2020,0.203049
JPM,47896,QMLE-Trade,23/10/2020,0.216285
JPM,47896,QMLE-Trade,26/10/2020,0.217792
JPM,47896,QMLE-Trade,27/10/2020,0.19171
JPM,47896,QMLE-Trade,28/10/2020,0.290553
JPM,47896,QMLE-Trade,29/10/2020,0.283901
JPM,47896,QMLE-Trade,30/10/2020,0.326276
JPM,47896,QMLE-Trade,2/11/2020,0.272066
JPM,47896,QMLE-Trade,3/11/2020,0.273964
JPM,47896,QMLE-Trade,4/11/2020,0.368031
JPM,47896,QMLE-Trade,5/11/2020,0.26835
JPM,47896,QMLE-Trade,6/11/2020,0.232284
JPM,47896,QMLE-Trade,9/11/2020,0.45341
JPM,47896,QMLE-Trade,10/11/2020,0.290029
JPM,47896,QMLE-Trade,11/11/2020,0.236439
JPM,47896,QMLE-Trade,12/11/2020,0.217825
JPM,47896,QMLE-Trade,13/11/2020,0.193634
JPM,47896,QMLE-Trade,16/11/2020,0.240504
JPM,47896,QMLE-Trade,17/11/2020,0.187161
JPM,47896,QMLE-Trade,18/11/2020,0.216295
JPM,47896,QMLE-Trade,19/11/2020,0.232015
JPM,47896,QMLE-Trade,20/11/2020,0.179068
JPM,47896,QMLE-Trade,23/11/2020,0.182875
JPM,47896,QMLE-Trade,24/11/2020,0.220492
JPM,47896,QMLE-Trade,25/11/2020,0.19862
JPM,47896,QMLE-Trade,27/11/2020,0.151081
JPM,47896,QMLE-Trade,30/11/2020,0.19816
JPM,47896,QMLE-Trade,1/12/2020,0.206985
JPM,47896,QMLE-Trade,2/12/2020,0.176849
JPM,47896,QMLE-Trade,3/12/2020,0.209357
JPM,47896,QMLE-Trade,4/12/2020,0.194526
JPM,47896,QMLE-Trade,7/12/2020,0.185376
JPM,47896,QMLE-Trade,8/12/2020,0.172138
JPM,47896,QMLE-Trade,9/12/2020,0.192349
JPM,47896,QMLE-Trade,10/12/2020,0.196815
JPM,47896,QMLE-Trade,11/12/2020,0.176713
JPM,47896,QMLE-Trade,14/12/2020,0.177575
JPM,47896,QMLE-Trade,15/12/2020,0.182425
JPM,47896,QMLE-Trade,17/12/2020,0.167874
JPM,47896,QMLE-Trade,18/12/2020,0.187429
JPM,47896,QMLE-Trade,21/12/2020,0.309791
JPM,47896,QMLE-Trade,22/12/2020,0.199707
JPM,47896,QMLE-Trade,23/12/2020,0.186042
JPM,47896,QMLE-Trade,24/12/2020,0.152106
JPM,47896,QMLE-Trade,28/12/2020,0.160717
JPM,47896,QMLE-Trade,29/12/2020,0.170156
JPM,47896,QMLE-Trade,30/12/2020,0.145263
JPM,47896,QMLE-Trade,31/12/2020,0.145275
JPM,47896,QMLE-Trade,4/01/2021,0.228913
JPM,47896,QMLE-Trade,5/01/2021,0.207354
JPM,47896,QMLE-Trade,6/01/2021,0.313412
JPM,47896,QMLE-Trade,7/01/2021,0.243734
JPM,47896,QMLE-Trade,8/01/2021,0.230726
JPM,47896,QMLE-Trade,11/01/2021,0.211372
JPM,47896,QMLE-Trade,12/01/2021,0.227815
JPM,47896,QMLE-Trade,13/01/2021,0.232396
JPM,47896,QMLE-Trade,14/01/2021,0.211005
JPM,47896,QMLE-Trade,15/01/2021,0.352197
JPM,47896,QMLE-Trade,19/01/2021,0.271687
JPM,47896,QMLE-Trade,20/01/2021,0.220541
JPM,47896,QMLE-Trade,21/01/2021,0.213378
JPM,47896,QMLE-Trade,22/01/2021,0.208054
JPM,47896,QMLE-Trade,25/01/2021,0.232227
JPM,47896,QMLE-Trade,26/01/2021,0.186573
JPM,47896,QMLE-Trade,27/01/2021,0.305703
JPM,47896,QMLE-Trade,28/01/2021,0.30318
JPM,47896,QMLE-Trade,29/01/2021,0.279111
JPM,47896,QMLE-Trade,1/02/2021,0.237733
JPM,47896,QMLE-Trade,2/02/2021,0.211304
JPM,47896,QMLE-Trade,3/02/2021,0.183547
JPM,47896,QMLE-Trade,4/02/2021,0.208186
JPM,47896,QMLE-Trade,5/02/2021,0.170228
JPM,47896,QMLE-Trade,8/02/2021,0.176172
JPM,47896,QMLE-Trade,9/02/2021,0.17379
JPM,47896,QMLE-Trade,10/02/2021,0.192935
JPM,47896,QMLE-Trade,11/02/2021,0.174669
JPM,47896,QMLE-Trade,12/02/2021,0.165313
JPM,47896,QMLE-Trade,16/02/2021,0.185467
JPM,47896,QMLE-Trade,17/02/2021,0.203434
JPM,47896,QMLE-Trade,18/02/2021,0.19487
JPM,47896,QMLE-Trade,19/02/2021,0.182313
JPM,47896,QMLE-Trade,22/02/2021,0.195994
JPM,47896,QMLE-Trade,23/02/2021,0.256881
JPM,47896,QMLE-Trade,24/02/2021,0.232868
JPM,47896,QMLE-Trade,25/02/2021,0.280124
JPM,47896,QMLE-Trade,26/02/2021,0.301697
JPM,47896,QMLE-Trade,1/03/2021,0.221037
JPM,47896,QMLE-Trade,2/03/2021,0.204988
JPM,47896,QMLE-Trade,3/03/2021,0.226816
JPM,47896,QMLE-Trade,4/03/2021,0.34435
JPM,47896,QMLE-Trade,5/03/2021,0.289687
JPM,47896,QMLE-Trade,8/03/2021,0.269068
JPM,47896,QMLE-Trade,9/03/2021,0.250322
JPM,47896,QMLE-Trade,10/03/2021,0.231568
JPM,47896,QMLE-Trade,11/03/2021,0.200711
JPM,47896,QMLE-Trade,12/03/2021,0.182779
JPM,47896,QMLE-Trade,15/03/2021,0.186426
JPM,47896,QMLE-Trade,16/03/2021,0.185312
JPM,47896,QMLE-Trade,17/03/2021,0.24151
JPM,47896,QMLE-Trade,18/03/2021,0.239102
JPM,47896,QMLE-Trade,19/03/2021,0.347013
JPM,47896,QMLE-Trade,22/03/2021,0.216886
JPM,47896,QMLE-Trade,24/03/2021,0.225181
JPM,47896,QMLE-Trade,25/03/2021,0.247649
JPM,47896,QMLE-Trade,26/03/2021,0.216446
JPM,47896,QMLE-Trade,29/03/2021,0.232497
JPM,47896,QMLE-Trade,30/03/2021,0.192669
JPM,47896,QMLE-Trade,31/03/2021,0.184989
JPM,47896,QMLE-Trade,1/04/2021,0.171353
JPM,47896,QMLE-Trade,5/04/2021,0.171788
JPM,47896,QMLE-Trade,6/04/2021,0.145613
JPM,47896,QMLE-Trade,7/04/2021,0.147177
JPM,47896,QMLE-Trade,9/04/2021,0.146447
JPM,47896,QMLE-Trade,12/04/2021,0.154586
JPM,47896,QMLE-Trade,13/04/2021,0.166395
JPM,47896,QMLE-Trade,14/04/2021,0.23541
JPM,47896,QMLE-Trade,15/04/2021,0.21303
JPM,47896,QMLE-Trade,16/04/2021,0.155368
JPM,47896,QMLE-Trade,19/04/2021,0.168444
JPM,47896,QMLE-Trade,20/04/2021,0.170947
JPM,47896,QMLE-Trade,21/04/2021,0.20194
JPM,47896,QMLE-Trade,22/04/2021,0.192088
JPM,47896,QMLE-Trade,23/04/2021,0.171356
JPM,47896,QMLE-Trade,26/04/2021,0.152279
JPM,47896,QMLE-Trade,27/04/2021,0.154447
JPM,47896,QMLE-Trade,28/04/2021,0.156402
JPM,47896,QMLE-Trade,29/04/2021,0.168595
JPM,47896,QMLE-Trade,30/04/2021,0.156143
JPM,47896,QMLE-Trade,3/05/2021,0.159536
JPM,47896,QMLE-Trade,4/05/2021,0.196849
JPM,47896,QMLE-Trade,5/05/2021,0.162128
JPM,47896,QMLE-Trade,6/05/2021,0.173232
JPM,47896,QMLE-Trade,7/05/2021,0.20252
JPM,47896,QMLE-Trade,10/05/2021,0.173332
JPM,47896,QMLE-Trade,11/05/2021,0.233324
JPM,47896,QMLE-Trade,13/05/2021,0.230563
JPM,47896,QMLE-Trade,14/05/2021,0.172205
JPM,47896,QMLE-Trade,17/05/2021,0.17394
JPM,47896,QMLE-Trade,18/05/2021,0.169554
JPM,47896,QMLE-Trade,19/05/2021,0.225895
JPM,47896,QMLE-Trade,20/05/2021,0.184543
JPM,47896,QMLE-Trade,21/05/2021,0.15948
JPM,47896,QMLE-Trade,24/05/2021,0.147639
JPM,47896,QMLE-Trade,25/05/2021,0.166032
JPM,47896,QMLE-Trade,26/05/2021,0.17457
JPM,47896,QMLE-Trade,27/05/2021,0.163174
JPM,47896,QMLE-Trade,28/05/2021,0.150502
JPM,47896,QMLE-Trade,1/06/2021,0.14058
JPM,47896,QMLE-Trade,2/06/2021,0.151239
JPM,47896,QMLE-Trade,3/06/2021,0.165958
JPM,47896,QMLE-Trade,4/06/2021,0.124605
JPM,47896,QMLE-Trade,7/06/2021,0.129699
JPM,47896,QMLE-Trade,8/06/2021,0.143439
JPM,47896,QMLE-Trade,9/06/2021,0.135423
JPM,47896,QMLE-Trade,10/06/2021,0.150049
JPM,47896,QMLE-Trade,11/06/2021,0.143825
JPM,47896,QMLE-Trade,14/06/2021,0.200269
JPM,47896,QMLE-Trade,15/06/2021,0.197314
JPM,47896,QMLE-Trade,16/06/2021,0.260169
JPM,47896,QMLE-Trade,17/06/2021,0.235598
JPM,47896,QMLE-Trade,18/06/2021,0.265521
JPM,47896,QMLE-Trade,21/06/2021,0.17905
JPM,47896,QMLE-Trade,22/06/2021,0.175306
JPM,47896,QMLE-Trade,23/06/2021,0.149457
JPM,47896,QMLE-Trade,24/06/2021,0.141049
JPM,47896,QMLE-Trade,25/06/2021,0.150877
JPM,47896,QMLE-Trade,28/06/2021,0.15837
JPM,47896,QMLE-Trade,29/06/2021,0.152325
JPM,47896,QMLE-Trade,30/06/2021,0.147409
JPM,47896,QMLE-Trade,1/07/2021,0.136449
JPM,47896,QMLE-Trade,2/07/2021,0.122162
JPM,47896,QMLE-Trade,6/07/2021,0.165108
JPM,47896,QMLE-Trade,7/07/2021,0.183152
JPM,47896,QMLE-Trade,8/07/2021,0.203633
JPM,47896,QMLE-Trade,9/07/2021,0.159267
JPM,47896,QMLE-Trade,12/07/2021,0.1922
JPM,47896,QMLE-Trade,13/07/2021,0.222802
JPM,47896,QMLE-Trade,14/07/2021,0.194092
JPM,47896,QMLE-Trade,15/07/2021,0.190903
JPM,47896,QMLE-Trade,16/07/2021,0.172718
JPM,47896,QMLE-Trade,19/07/2021,0.241016
JPM,47896,QMLE-Trade,20/07/2021,0.218243
JPM,47896,QMLE-Trade,21/07/2021,0.169642
JPM,47896,QMLE-Trade,22/07/2021,0.18657
JPM,47896,QMLE-Trade,23/07/2021,0.169139
JPM,47896,QMLE-Trade,26/07/2021,0.171813
JPM,47896,QMLE-Trade,27/07/2021,0.17709
JPM,47896,QMLE-Trade,28/07/2021,0.169733
JPM,47896,QMLE-Trade,29/07/2021,0.162703
JPM,47896,QMLE-Trade,30/07/2021,0.160918
JPM,47896,QMLE-Trade,2/08/2021,0.179041
JPM,47896,QMLE-Trade,3/08/2021,0.185751
JPM,47896,QMLE-Trade,4/08/2021,0.204478
JPM,47896,QMLE-Trade,5/08/2021,0.159524
JPM,47896,QMLE-Trade,6/08/2021,0.170852
JPM,47896,QMLE-Trade,9/08/2021,0.173696
JPM,47896,QMLE-Trade,10/08/2021,0.171369
JPM,47896,QMLE-Trade,11/08/2021,0.151541
JPM,47896,QMLE-Trade,12/08/2021,0.146158
JPM,47896,QMLE-Trade,13/08/2021,0.142
JPM,47896,QMLE-Trade,16/08/2021,0.185687
JPM,47896,QMLE-Trade,17/08/2021,0.186941
JPM,47896,QMLE-Trade,18/08/2021,0.170845
JPM,47896,QMLE-Trade,19/08/2021,0.227245
JPM,47896,QMLE-Trade,20/08/2021,0.179834
JPM,47896,QMLE-Trade,23/08/2021,0.153214
JPM,47896,QMLE-Trade,24/08/2021,0.149077
JPM,47896,QMLE-Trade,25/08/2021,0.161279
JPM,47896,QMLE-Trade,26/08/2021,0.188018
JPM,47896,QMLE-Trade,27/08/2021,0.147878
JPM,47896,QMLE-Trade,30/08/2021,0.168518
JPM,47896,QMLE-Trade,31/08/2021,0.172067
JPM,47896,QMLE-Trade,1/09/2021,0.183161
JPM,47896,QMLE-Trade,2/09/2021,0.145992
JPM,47896,QMLE-Trade,3/09/2021,0.146848
JPM,47896,QMLE-Trade,7/09/2021,0.15411
JPM,47896,QMLE-Trade,8/09/2021,0.177761
JPM,47896,QMLE-Trade,9/09/2021,0.163094
JPM,47896,QMLE-Trade,10/09/2021,0.174907
JPM,47896,QMLE-Trade,13/09/2021,0.187978
JPM,47896,QMLE-Trade,14/09/2021,0.205223
JPM,47896,QMLE-Trade,15/09/2021,0.18163
JPM,47896,QMLE-Trade,16/09/2021,0.180977
JPM,47896,QMLE-Trade,17/09/2021,0.203951
JPM,47896,QMLE-Trade,20/09/2021,0.25418
JPM,47896,QMLE-Trade,21/09/2021,0.203595
JPM,47896,QMLE-Trade,22/09/2021,0.205784
JPM,47896,QMLE-Trade,23/09/2021,0.151754
JPM,47896,QMLE-Trade,24/09/2021,0.1559
JPM,47896,QMLE-Trade,27/09/2021,0.16945
JPM,47896,QMLE-Trade,28/09/2021,0.221897
JPM,47896,QMLE-Trade,29/09/2021,0.183232
JPM,47896,QMLE-Trade,30/09/2021,0.210059
JPM,47896,QMLE-Trade,1/10/2021,0.201833
JPM,47896,QMLE-Trade,4/10/2021,0.231568
JPM,47896,QMLE-Trade,5/10/2021,0.172504
JPM,47896,QMLE-Trade,6/10/2021,0.224071
JPM,47896,QMLE-Trade,7/10/2021,0.165927
JPM,47896,QMLE-Trade,8/10/2021,0.15192
JPM,47896,QMLE-Trade,11/10/2021,0.1705
JPM,47896,QMLE-Trade,12/10/2021,0.217668
JPM,47896,QMLE-Trade,13/10/2021,0.259295
JPM,47896,QMLE-Trade,14/10/2021,0.220486
JPM,47896,QMLE-Trade,15/10/2021,0.178924
JPM,47896,QMLE-Trade,18/10/2021,0.175934
JPM,47896,QMLE-Trade,19/10/2021,0.142161
JPM,47896,QMLE-Trade,20/10/2021,0.141853
JPM,47896,QMLE-Trade,21/10/2021,0.139045
JPM,47896,QMLE-Trade,22/10/2021,0.140788
JPM,47896,QMLE-Trade,25/10/2021,0.138461
JPM,47896,QMLE-Trade,26/10/2021,0.136622
JPM,47896,QMLE-Trade,27/10/2021,0.169504
JPM,47896,QMLE-Trade,28/10/2021,0.16137
JPM,47896,QMLE-Trade,1/11/2021,0.153089
JPM,47896,QMLE-Trade,2/11/2021,0.130545
JPM,47896,QMLE-Trade,3/11/2021,0.165516
JPM,47896,QMLE-Trade,4/11/2021,0.168289
JPM,47896,QMLE-Trade,5/11/2021,0.160684
JPM,47896,QMLE-Trade,8/11/2021,0.151122
JPM,47896,QMLE-Trade,9/11/2021,0.157878
JPM,47896,QMLE-Trade,10/11/2021,0.16078
JPM,47896,QMLE-Trade,11/11/2021,0.129083
JPM,47896,QMLE-Trade,12/11/2021,0.144749
JPM,47896,QMLE-Trade,15/11/2021,0.132892
JPM,47896,QMLE-Trade,16/11/2021,0.135616
JPM,47896,QMLE-Trade,17/11/2021,0.14783
JPM,47896,QMLE-Trade,18/11/2021,0.14543
JPM,47896,QMLE-Trade,19/11/2021,0.181134
JPM,47896,QMLE-Trade,22/11/2021,0.203607
JPM,47896,QMLE-Trade,23/11/2021,0.207679
JPM,47896,QMLE-Trade,24/11/2021,0.172138
JPM,47896,QMLE-Trade,26/11/2021,0.254459
JPM,47896,QMLE-Trade,29/11/2021,0.222272
JPM,47896,QMLE-Trade,30/11/2021,0.268608
JPM,47896,QMLE-Trade,1/12/2021,0.250152
JPM,47896,QMLE-Trade,2/12/2021,0.251755
JPM,47896,QMLE-Trade,3/12/2021,0.246368
JPM,47896,QMLE-Trade,6/12/2021,0.229064
JPM,47896,QMLE-Trade,7/12/2021,0.185197
JPM,47896,QMLE-Trade,8/12/2021,0.188049
JPM,47896,QMLE-Trade,9/12/2021,0.17343
JPM,47896,QMLE-Trade,10/12/2021,0.17021
JPM,47896,QMLE-Trade,13/12/2021,0.156177
JPM,47896,QMLE-Trade,14/12/2021,0.18408
JPM,47896,QMLE-Trade,15/12/2021,0.223162
JPM,47896,QMLE-Trade,16/12/2021,0.206679
JPM,47896,QMLE-Trade,17/12/2021,0.214149
JPM,47896,QMLE-Trade,20/12/2021,0.213249
JPM,47896,QMLE-Trade,21/12/2021,0.173406
JPM,47896,QMLE-Trade,22/12/2021,0.131353
JPM,47896,QMLE-Trade,23/12/2021,0.130096
JPM,47896,QMLE-Trade,28/12/2021,0.133048
JPM,47896,QMLE-Trade,29/12/2021,0.126317
JPM,47896,QMLE-Trade,30/12/2021,0.13105
JPM,47896,QMLE-Trade,31/12/2021,0.112065
JPM,47896,QMLE-Trade,3/01/2022,0.181196
JPM,47896,QMLE-Trade,4/01/2022,0.197711
JPM,47896,QMLE-Trade,5/01/2022,0.197388
JPM,47896,QMLE-Trade,6/01/2022,0.200185
JPM,47896,QMLE-Trade,7/01/2022,0.164361
JPM,47896,QMLE-Trade,10/01/2022,0.223405
JPM,47896,QMLE-Trade,11/01/2022,0.185267
JPM,47896,QMLE-Trade,12/01/2022,0.186108
JPM,47896,QMLE-Trade,13/01/2022,0.209688
JPM,47896,QMLE-Trade,14/01/2022,0.314629
JPM,47896,QMLE-Trade,18/01/2022,0.250396
JPM,47896,QMLE-Trade,19/01/2022,0.256863
JPM,47896,QMLE-Trade,20/01/2022,0.224075
JPM,47896,QMLE-Trade,21/01/2022,0.282092
JPM,47896,QMLE-Trade,24/01/2022,0.371057
JPM,47896,QMLE-Trade,25/01/2022,0.322695
JPM,47896,QMLE-Trade,26/01/2022,0.36693
JPM,47896,QMLE-Trade,27/01/2022,0.315249
JPM,47896,QMLE-Trade,28/01/2022,0.29939
JPM,47896,QMLE-Trade,31/01/2022,0.209754
JPM,47896,QMLE-Trade,1/02/2022,0.202366
JPM,47896,QMLE-Trade,2/02/2022,0.184988
JPM,47896,QMLE-Trade,3/02/2022,0.197587
JPM,47896,QMLE-Trade,4/02/2022,0.19078
JPM,47896,QMLE-Trade,7/02/2022,0.187168
JPM,47896,QMLE-Trade,8/02/2022,0.225932
JPM,47896,QMLE-Trade,9/02/2022,0.159007
JPM,47896,QMLE-Trade,10/02/2022,0.216516
JPM,47896,QMLE-Trade,11/02/2022,0.268262
JPM,47896,QMLE-Trade,14/02/2022,0.278291
JPM,47896,QMLE-Trade,15/02/2022,0.188749
JPM,47896,QMLE-Trade,16/02/2022,0.207809
JPM,47896,QMLE-Trade,17/02/2022,0.213451
JPM,47896,QMLE-Trade,18/02/2022,0.232153
JPM,47896,QMLE-Trade,22/02/2022,0.272798
JPM,47896,QMLE-Trade,23/02/2022,0.248824
JPM,47896,QMLE-Trade,24/02/2022,0.391042
JPM,47896,QMLE-Trade,25/02/2022,0.274373
JPM,47896,QMLE-Trade,28/02/2022,0.329048
JPM,47896,QMLE-Trade,1/03/2022,0.341809
JPM,47896,QMLE-Trade,2/03/2022,0.308468
JPM,47896,QMLE-Trade,3/03/2022,0.27186
JPM,47896,QMLE-Trade,4/03/2022,0.327336
JPM,47896,QMLE-Trade,7/03/2022,0.378832
JPM,47896,QMLE-Trade,8/03/2022,0.439265
JPM,47896,QMLE-Trade,9/03/2022,0.365498
JPM,47896,QMLE-Trade,10/03/2022,0.352731
JPM,47896,QMLE-Trade,11/03/2022,0.352854
JPM,47896,QMLE-Trade,14/03/2022,0.329464
JPM,47896,QMLE-Trade,15/03/2022,0.29917
JPM,47896,QMLE-Trade,16/03/2022,0.362586
JPM,47896,QMLE-Trade,17/03/2022,0.303617
JPM,47896,QMLE-Trade,18/03/2022,0.264367
JPM,47896,QMLE-Trade,21/03/2022,0.247156
JPM,47896,QMLE-Trade,22/03/2022,0.218557
JPM,47896,QMLE-Trade,23/03/2022,0.185774
JPM,47896,QMLE-Trade,24/03/2022,0.175053
JPM,47896,QMLE-Trade,25/03/2022,0.165475
JPM,47896,QMLE-Trade,28/03/2022,0.209382
JPM,47896,QMLE-Trade,29/03/2022,0.210738
JPM,47896,QMLE-Trade,30/03/2022,0.164343
JPM,47896,QMLE-Trade,31/03/2022,0.180203
JPM,47896,QMLE-Trade,1/04/2022,0.227819
JPM,47896,QMLE-Trade,4/04/2022,0.211185
JPM,47896,QMLE-Trade,5/04/2022,0.209881
JPM,47896,QMLE-Trade,6/04/2022,0.248115
JPM,47896,QMLE-Trade,7/04/2022,0.220486
JPM,47896,QMLE-Trade,8/04/2022,0.184507
JPM,47896,QMLE-Trade,11/04/2022,0.210371
JPM,47896,QMLE-Trade,12/04/2022,0.231577
JPM,47896,QMLE-Trade,13/04/2022,0.366356
JPM,47896,QMLE-Trade,14/04/2022,0.258167
JPM,47896,QMLE-Trade,18/04/2022,0.238763
JPM,47896,QMLE-Trade,19/04/2022,0.199781
JPM,47896,QMLE-Trade,20/04/2022,0.203338
JPM,47896,QMLE-Trade,21/04/2022,0.219785
JPM,47896,QMLE-Trade,22/04/2022,0.237168
JPM,47896,QMLE-Trade,25/04/2022,0.308952
JPM,47896,QMLE-Trade,26/04/2022,0.283683
JPM,47896,QMLE-Trade,27/04/2022,0.314389
JPM,47896,QMLE-Trade,28/04/2022,0.24069
JPM,47896,QMLE-Trade,29/04/2022,0.256002
JPM,47896,QMLE-Trade,2/05/2022,0.323547
JPM,47896,QMLE-Trade,3/05/2022,0.298401
JPM,47896,QMLE-Trade,4/05/2022,0.322909
JPM,47896,QMLE-Trade,5/05/2022,0.350031
JPM,47896,QMLE-Trade,6/05/2022,0.342497
JPM,47896,QMLE-Trade,9/05/2022,0.326659
JPM,47896,QMLE-Trade,10/05/2022,0.353913
JPM,47896,QMLE-Trade,11/05/2022,0.343198
JPM,47896,QMLE-Trade,12/05/2022,0.376847
JPM,47896,QMLE-Trade,13/05/2022,0.258563
JPM,47896,QMLE-Trade,16/05/2022,0.271524
JPM,47896,QMLE-Trade,18/05/2022,0.281373
JPM,47896,QMLE-Trade,19/05/2022,0.346944
JPM,47896,QMLE-Trade,20/05/2022,0.294413
JPM,47896,QMLE-Trade,23/05/2022,0.31316
JPM,47896,QMLE-Trade,24/05/2022,0.326235
JPM,47896,QMLE-Trade,25/05/2022,0.284574
JPM,47896,QMLE-Trade,26/05/2022,0.211102
JPM,47896,QMLE-Trade,27/05/2022,0.185514
JPM,47896,QMLE-Trade,31/05/2022,0.250892
JPM,47896,QMLE-Trade,1/06/2022,0.250553
JPM,47896,QMLE-Trade,2/06/2022,0.226473
JPM,47896,QMLE-Trade,3/06/2022,0.230174
JPM,47896,QMLE-Trade,6/06/2022,0.196633
JPM,47896,QMLE-Trade,7/06/2022,0.181742
JPM,47896,QMLE-Trade,8/06/2022,0.189456
JPM,47896,QMLE-Trade,9/06/2022,0.230762
JPM,47896,QMLE-Trade,10/06/2022,0.271467
JPM,47896,QMLE-Trade,13/06/2022,0.328719
JPM,47896,QMLE-Trade,14/06/2022,0.307025
JPM,47896,QMLE-Trade,15/06/2022,0.376094
JPM,47896,QMLE-Trade,16/06/2022,0.300233
JPM,47896,QMLE-Trade,17/06/2022,0.306897
JPM,47896,QMLE-Trade,21/06/2022,0.238302
JPM,47896,QMLE-Trade,22/06/2022,0.212091
JPM,47896,QMLE-Trade,23/06/2022,0.274671
JPM,47896,QMLE-Trade,24/06/2022,0.249623
JPM,47896,QMLE-Trade,27/06/2022,0.242263
JPM,47896,QMLE-Trade,28/06/2022,0.260796
JPM,47896,QMLE-Trade,29/06/2022,0.255046
JPM,47896,QMLE-Trade,30/06/2022,0.267925
JPM,47896,QMLE-Trade,1/07/2022,0.264247
JPM,47896,QMLE-Trade,5/07/2022,0.2521
JPM,47896,QMLE-Trade,6/07/2022,0.27048
JPM,47896,QMLE-Trade,7/07/2022,0.198053
JPM,47896,QMLE-Trade,8/07/2022,0.210809
JPM,47896,QMLE-Trade,11/07/2022,0.23618
JPM,47896,QMLE-Trade,12/07/2022,0.237516
JPM,47896,QMLE-Trade,13/07/2022,0.308392
JPM,47896,QMLE-Trade,14/07/2022,0.359436
JPM,47896,QMLE-Trade,15/07/2022,0.305579
JPM,47896,QMLE-Trade,18/07/2022,0.282007
JPM,47896,QMLE-Trade,19/07/2022,0.217897
JPM,47896,QMLE-Trade,20/07/2022,0.224058
JPM,47896,QMLE-Trade,21/07/2022,0.242743
JPM,47896,QMLE-Trade,22/07/2022,0.222948
JPM,47896,QMLE-Trade,25/07/2022,0.207689
JPM,47896,QMLE-Trade,26/07/2022,0.219183
JPM,47896,QMLE-Trade,27/07/2022,0.222389
JPM,47896,QMLE-Trade,28/07/2022,0.203574
JPM,47896,QMLE-Trade,29/07/2022,0.204367
JPM,47896,QMLE-Trade,1/08/2022,0.233897
JPM,47896,QMLE-Trade,2/08/2022,0.200948
JPM,47896,QMLE-Trade,3/08/2022,0.197172
JPM,47896,QMLE-Trade,4/08/2022,0.176896
JPM,47896,QMLE-Trade,5/08/2022,0.253707
JPM,47896,QMLE-Trade,8/08/2022,0.191564
JPM,47896,QMLE-Trade,9/08/2022,0.19525
JPM,47896,QMLE-Trade,10/08/2022,0.209321
JPM,47896,QMLE-Trade,11/08/2022,0.197635
JPM,47896,QMLE-Trade,12/08/2022,0.152206
JPM,47896,QMLE-Trade,15/08/2022,0.17075
JPM,47896,QMLE-Trade,16/08/2022,0.173855
JPM,47896,QMLE-Trade,17/08/2022,0.190436
JPM,47896,QMLE-Trade,18/08/2022,0.135459
JPM,47896,QMLE-Trade,19/08/2022,0.174077
JPM,47896,QMLE-Trade,22/08/2022,0.172273
JPM,47896,QMLE-Trade,23/08/2022,0.177231
JPM,47896,QMLE-Trade,24/08/2022,0.145689
JPM,47896,QMLE-Trade,25/08/2022,0.168693
JPM,47896,QMLE-Trade,26/08/2022,0.24322
JPM,47896,QMLE-Trade,29/08/2022,0.213367
JPM,47896,QMLE-Trade,30/08/2022,0.229417
JPM,47896,QMLE-Trade,31/08/2022,0.233024
JPM,47896,QMLE-Trade,1/09/2022,0.257574
JPM,47896,QMLE-Trade,2/09/2022,0.274617
JPM,47896,QMLE-Trade,6/09/2022,0.268591
JPM,47896,QMLE-Trade,8/09/2022,0.266705
JPM,47896,QMLE-Trade,9/09/2022,0.207422
JPM,47896,QMLE-Trade,12/09/2022,0.17444
JPM,47896,QMLE-Trade,13/09/2022,0.245008
JPM,47896,QMLE-Trade,14/09/2022,0.240758
JPM,47896,QMLE-Trade,15/09/2022,0.235045
JPM,47896,QMLE-Trade,16/09/2022,0.274677
JPM,47896,QMLE-Trade,19/09/2022,0.229037
JPM,47896,QMLE-Trade,20/09/2022,0.217796
JPM,47896,QMLE-Trade,21/09/2022,0.362576
JPM,47896,QMLE-Trade,22/09/2022,0.278415
JPM,47896,QMLE-Trade,23/09/2022,0.284104
JPM,47896,QMLE-Trade,26/09/2022,0.314163
JPM,47896,QMLE-Trade,27/09/2022,0.30089
JPM,47896,QMLE-Trade,28/09/2022,0.282134
JPM,47896,QMLE-Trade,29/09/2022,0.281359
JPM,47896,QMLE-Trade,30/09/2022,0.298302
JPM,47896,QMLE-Trade,4/10/2022,0.271224
JPM,47896,QMLE-Trade,5/10/2022,0.285663
JPM,47896,QMLE-Trade,6/10/2022,0.262867
JPM,47896,QMLE-Trade,7/10/2022,0.244163
JPM,47896,QMLE-Trade,10/10/2022,0.256023
JPM,47896,QMLE-Trade,11/10/2022,0.27928
JPM,47896,QMLE-Trade,12/10/2022,0.278543
JPM,47896,QMLE-Trade,13/10/2022,0.416369
JPM,47896,QMLE-Trade,14/10/2022,0.531191
JPM,47896,QMLE-Trade,17/10/2022,0.339872
JPM,47896,QMLE-Trade,18/10/2022,0.356295
JPM,47896,QMLE-Trade,19/10/2022,0.324773
JPM,47896,QMLE-Trade,20/10/2022,0.280028
JPM,47896,QMLE-Trade,21/10/2022,0.342318
JPM,47896,QMLE-Trade,24/10/2022,0.30358
JPM,47896,QMLE-Trade,25/10/2022,0.217152
JPM,47896,QMLE-Trade,26/10/2022,0.236483
JPM,47896,QMLE-Trade,27/10/2022,0.260823
JPM,47896,QMLE-Trade,28/10/2022,0.219261
JPM,47896,QMLE-Trade,31/10/2022,0.258847
JPM,47896,QMLE-Trade,1/11/2022,0.225008
JPM,47896,QMLE-Trade,2/11/2022,0.361976
JPM,47896,QMLE-Trade,3/11/2022,0.269846
JPM,47896,QMLE-Trade,4/11/2022,0.245186
JPM,47896,QMLE-Trade,7/11/2022,0.193698
JPM,47896,QMLE-Trade,8/11/2022,0.188545
JPM,47896,QMLE-Trade,9/11/2022,0.198331
JPM,47896,QMLE-Trade,10/11/2022,0.22967
JPM,47896,QMLE-Trade,11/11/2022,0.225495
JPM,47896,QMLE-Trade,14/11/2022,0.188446
JPM,47896,QMLE-Trade,15/11/2022,0.257564
JPM,47896,QMLE-Trade,16/11/2022,0.188323
JPM,47896,QMLE-Trade,17/11/2022,0.186891
JPM,47896,QMLE-Trade,18/11/2022,0.173836
JPM,47896,QMLE-Trade,21/11/2022,0.149467
JPM,47896,QMLE-Trade,22/11/2022,0.12496
JPM,47896,QMLE-Trade,23/11/2022,0.129817
JPM,47896,QMLE-Trade,25/11/2022,0.0897601
JPM,47896,QMLE-Trade,28/11/2022,0.140952
JPM,47896,QMLE-Trade,29/11/2022,0.163337
JPM,47896,QMLE-Trade,30/11/2022,0.222395
JPM,47896,QMLE-Trade,1/12/2022,0.187192
JPM,47896,QMLE-Trade,2/12/2022,0.170209
JPM,47896,QMLE-Trade,6/12/2022,0.263897
JPM,47896,QMLE-Trade,7/12/2022,0.232251
JPM,47896,QMLE-Trade,8/12/2022,0.176127
JPM,47896,QMLE-Trade,9/12/2022,0.178483
JPM,47896,QMLE-Trade,12/12/2022,0.148994
JPM,47896,QMLE-Trade,13/12/2022,0.231612
JPM,47896,QMLE-Trade,14/12/2022,0.316367
JPM,47896,QMLE-Trade,15/12/2022,0.219443
JPM,47896,QMLE-Trade,16/12/2022,0.205408
JPM,47896,QMLE-Trade,19/12/2022,0.188859
JPM,47896,QMLE-Trade,20/12/2022,0.208363
JPM,47896,QMLE-Trade,21/12/2022,0.154708
JPM,47896,QMLE-Trade,22/12/2022,0.19755
JPM,47896,QMLE-Trade,23/12/2022,0.197541
JPM,47896,QMLE-Trade,27/12/2022,0.149365
JPM,47896,QMLE-Trade,29/12/2022,0.134148
JPM,47896,QMLE-Trade,30/12/2022,0.163362
JPM,47896,QMLE-Trade,3/01/2023,0.201903
JPM,47896,QMLE-Trade,4/01/2023,0.20776
JPM,47896,QMLE-Trade,5/01/2023,0.195184
JPM,47896,QMLE-Trade,6/01/2023,0.196705
JPM,47896,QMLE-Trade,9/01/2023,0.164587
JPM,47896,QMLE-Trade,10/01/2023,0.163268
JPM,47896,QMLE-Trade,11/01/2023,0.13626
JPM,47896,QMLE-Trade,12/01/2023,0.182475
JPM,47896,QMLE-Trade,17/01/2023,0.218515
JPM,47896,QMLE-Trade,18/01/2023,0.18645
JPM,47896,QMLE-Trade,19/01/2023,0.199528
JPM,47896,QMLE-Trade,20/01/2023,0.168729
JPM,47896,QMLE-Trade,23/01/2023,0.165472
JPM,47896,QMLE-Trade,24/01/2023,0.204978
JPM,47896,QMLE-Trade,25/01/2023,0.16164
JPM,47896,QMLE-Trade,26/01/2023,0.158276
JPM,47896,QMLE-Trade,27/01/2023,0.143221
JPM,47896,QMLE-Trade,30/01/2023,0.147052
JPM,47896,QMLE-Trade,31/01/2023,0.144558
JPM,47896,QMLE-Trade,1/02/2023,0.230477
JPM,47896,QMLE-Trade,2/02/2023,0.206464
JPM,47896,QMLE-Trade,3/02/2023,0.198473
JPM,47896,QMLE-Trade,6/02/2023,0.161001
JPM,47896,QMLE-Trade,7/02/2023,0.202117
JPM,47896,QMLE-Trade,8/02/2023,0.167814
JPM,47896,QMLE-Trade,9/02/2023,0.155207
JPM,47896,QMLE-Trade,10/02/2023,0.166367
JPM,47896,QMLE-Trade,13/02/2023,0.135662
JPM,47896,QMLE-Trade,14/02/2023,0.189849
JPM,47896,QMLE-Trade,15/02/2023,0.152788
JPM,47896,QMLE-Trade,16/02/2023,0.174517
JPM,47896,QMLE-Trade,17/02/2023,0.156307
JPM,47896,QMLE-Trade,21/02/2023,0.156246
JPM,47896,QMLE-Trade,22/02/2023,0.171449
JPM,47896,QMLE-Trade,23/02/2023,0.171104
JPM,47896,QMLE-Trade,24/02/2023,0.193592
JPM,47896,QMLE-Trade,27/02/2023,0.167874
JPM,47896,QMLE-Trade,28/02/2023,0.155686
JPM,47896,QMLE-Trade,1/03/2023,0.189201
JPM,47896,QMLE-Trade,2/03/2023,0.185119
JPM,47896,QMLE-Trade,3/03/2023,0.132633
JPM,47896,QMLE-Trade,6/03/2023,0.137647
JPM,47896,QMLE-Trade,7/03/2023,0.210401
JPM,47896,QMLE-Trade,8/03/2023,0.185619
JPM,47896,QMLE-Trade,9/03/2023,0.266968
JPM,47896,QMLE-Trade,10/03/2023,0.465174
JPM,47896,QMLE-Trade,13/03/2023,0.547496
JPM,47896,QMLE-Trade,14/03/2023,0.379876
JPM,47896,QMLE-Trade,15/03/2023,0.424902
JPM,47896,QMLE-Trade,16/03/2023,0.349833
JPM,47896,QMLE-Trade,17/03/2023,0.306728
JPM,47896,QMLE-Trade,20/03/2023,0.271395
JPM,47896,QMLE-Trade,21/03/2023,0.2294
JPM,47896,QMLE-Trade,22/03/2023,0.266882
JPM,47896,QMLE-Trade,23/03/2023,0.267454
JPM,47896,QMLE-Trade,24/03/2023,0.288245
JPM,47896,QMLE-Trade,27/03/2023,0.254321
JPM,47896,QMLE-Trade,28/03/2023,0.181211
JPM,47896,QMLE-Trade,29/03/2023,0.212812
JPM,47896,QMLE-Trade,30/03/2023,0.173519
JPM,47896,QMLE-Trade,31/03/2023,0.134222
JPM,47896,QMLE-Trade,3/04/2023,0.151217
JPM,47896,QMLE-Trade,4/04/2023,0.171186
JPM,47896,QMLE-Trade,5/04/2023,0.183701
JPM,47896,QMLE-Trade,6/04/2023,0.14593
JPM,47896,QMLE-Trade,10/04/2023,0.155446
JPM,47896,QMLE-Trade,11/04/2023,0.143214
JPM,47896,QMLE-Trade,12/04/2023,0.187049
JPM,47896,QMLE-Trade,13/04/2023,0.176308
JPM,47896,QMLE-Trade,14/04/2023,0.353969
JPM,47896,QMLE-Trade,17/04/2023,0.216716
JPM,47896,QMLE-Trade,18/04/2023,0.173323
JPM,47896,QMLE-Trade,19/04/2023,0.142804
JPM,47896,QMLE-Trade,20/04/2023,0.155173
JPM,47896,QMLE-Trade,21/04/2023,0.170839
JPM,47896,QMLE-Trade,24/04/2023,0.131544
JPM,47896,QMLE-Trade,25/04/2023,0.151786
JPM,47896,QMLE-Trade,27/04/2023,0.165835
JPM,47896,QMLE-Trade,28/04/2023,0.186892
JPM,47896,QMLE-Trade,1/05/2023,0.246336
JPM,47896,QMLE-Trade,2/05/2023,0.253464
JPM,47896,QMLE-Trade,3/05/2023,0.283602
JPM,47896,QMLE-Trade,4/05/2023,0.267029
JPM,47896,QMLE-Trade,5/05/2023,0.198119
JPM,47896,QMLE-Trade,8/05/2023,0.167586
JPM,47896,QMLE-Trade,9/05/2023,0.149595
JPM,47896,QMLE-Trade,10/05/2023,0.175954
JPM,47896,QMLE-Trade,11/05/2023,0.193092
JPM,47896,QMLE-Trade,12/05/2023,0.180455
JPM,47896,QMLE-Trade,15/05/2023,0.145903
JPM,47896,QMLE-Trade,16/05/2023,0.155735
JPM,47896,QMLE-Trade,17/05/2023,0.17298
JPM,47896,QMLE-Trade,18/05/2023,0.173234
JPM,47896,QMLE-Trade,19/05/2023,0.203538
JPM,47896,QMLE-Trade,22/05/2023,0.219404
JPM,47896,QMLE-Trade,23/05/2023,0.185103
JPM,47896,QMLE-Trade,24/05/2023,0.182061
JPM,47896,QMLE-Trade,25/05/2023,0.181733
JPM,47896,QMLE-Trade,26/05/2023,0.153927
JPM,47896,QMLE-Trade,30/05/2023,0.183046
JPM,47896,QMLE-Trade,31/05/2023,0.190529
JPM,47896,QMLE-Trade,1/06/2023,0.221042
JPM,47896,QMLE-Trade,2/06/2023,0.199741
JPM,47896,QMLE-Trade,5/06/2023,0.172989
JPM,47896,QMLE-Trade,6/06/2023,0.177344
JPM,47896,QMLE-Trade,7/06/2023,0.188688
JPM,47896,QMLE-Trade,8/06/2023,0.151316
JPM,47896,QMLE-Trade,9/06/2023,0.163255
JPM,47896,QMLE-Trade,12/06/2023,0.148872
JPM,47896,QMLE-Trade,13/06/2023,0.174347
JPM,47896,QMLE-Trade,14/06/2023,0.183943
JPM,47896,QMLE-Trade,15/06/2023,0.177691
JPM,47896,QMLE-Trade,16/06/2023,0.150618
JPM,47896,QMLE-Trade,22/06/2023,0.172509
JPM,47896,QMLE-Trade,23/06/2023,0.157187
JPM,47896,QMLE-Trade,26/06/2023,0.144534
JPM,47896,QMLE-Trade,27/06/2023,0.143793
JPM,47896,QMLE-Trade,28/06/2023,0.132686
JPM,47896,QMLE-Trade,29/06/2023,0.186863
JPM,47896,QMLE-Trade,30/06/2023,0.171952
JPM,47896,QMLE-Trade,3/07/2023,0.157507
JPM,47896,QMLE-Trade,5/07/2023,0.145873
JPM,47896,QMLE-Trade,6/07/2023,0.173107
JPM,47896,QMLE-Trade,7/07/2023,0.147241
JPM,47896,QMLE-Trade,10/07/2023,0.137755
JPM,47896,QMLE-Trade,11/07/2023,0.149071
JPM,47896,QMLE-Trade,12/07/2023,0.15553
JPM,47896,QMLE-Trade,13/07/2023,0.130407
JPM,47896,QMLE-Trade,14/07/2023,0.260574
JPM,47896,QMLE-Trade,17/07/2023,0.168738
JPM,47896,QMLE-Trade,18/07/2023,0.150621
JPM,47896,QMLE-Trade,19/07/2023,0.154182
JPM,47896,QMLE-Trade,20/07/2023,0.125494
JPM,47896,QMLE-Trade,21/07/2023,0.138367
JPM,47896,QMLE-Trade,24/07/2023,0.140188
JPM,47896,QMLE-Trade,25/07/2023,0.117394
JPM,47896,QMLE-Trade,26/07/2023,0.133581
JPM,47896,QMLE-Trade,27/07/2023,0.145385
JPM,47896,QMLE-Trade,28/07/2023,0.103863
JPM,47896,QMLE-Trade,31/07/2023,0.133878
JPM,47896,QMLE-Trade,1/08/2023,0.115122
JPM,47896,QMLE-Trade,2/08/2023,0.138608
JPM,47896,QMLE-Trade,3/08/2023,0.13065
JPM,47896,QMLE-Trade,4/08/2023,0.142479
JPM,47896,QMLE-Trade,7/08/2023,0.115181
JPM,47896,QMLE-Trade,8/08/2023,0.162135
JPM,47896,QMLE-Trade,9/08/2023,0.126834
JPM,47896,QMLE-Trade,10/08/2023,0.156053
JPM,47896,QMLE-Trade,11/08/2023,0.128062
JPM,47896,QMLE-Trade,14/08/2023,0.108145
JPM,47896,QMLE-Trade,15/08/2023,0.152652
JPM,47896,QMLE-Trade,17/08/2023,0.15573
JPM,47896,QMLE-Trade,18/08/2023,0.154256
JPM,47896,QMLE-Trade,21/08/2023,0.143019
JPM,47896,QMLE-Trade,22/08/2023,0.153143
JPM,47896,QMLE-Trade,23/08/2023,0.135471
JPM,47896,QMLE-Trade,24/08/2023,0.148641
JPM,47896,QMLE-Trade,25/08/2023,0.186656
JPM,47896,QMLE-Trade,28/08/2023,0.144653
JPM,47896,QMLE-Trade,29/08/2023,0.134938
JPM,47896,QMLE-Trade,30/08/2023,0.12708
JPM,47896,QMLE-Trade,31/08/2023,0.125424
JPM,47896,QMLE-Trade,1/09/2023,0.152634
JPM,47896,QMLE-Trade,5/09/2023,0.139434
JPM,47896,QMLE-Trade,6/09/2023,0.129962
JPM,47896,QMLE-Trade,7/09/2023,0.135804
JPM,47896,QMLE-Trade,8/09/2023,0.115972
JPM,47896,QMLE-Trade,11/09/2023,0.121609
JPM,47896,QMLE-Trade,12/09/2023,0.12685
JPM,47896,QMLE-Trade,13/09/2023,0.14354
JPM,47896,QMLE-Trade,14/09/2023,0.119435
JPM,47896,QMLE-Trade,15/09/2023,0.137095
JPM,47896,QMLE-Trade,18/09/2023,0.123774
JPM,47896,QMLE-Trade,19/09/2023,0.12197
JPM,47896,QMLE-Trade,20/09/2023,0.14692
JPM,47896,QMLE-Trade,21/09/2023,0.138576
JPM,47896,QMLE-Trade,22/09/2023,0.157867
JPM,47896,QMLE-Trade,26/09/2023,0.145057
JPM,47896,QMLE-Trade,27/09/2023,0.159905
JPM,47896,QMLE-Trade,28/09/2023,0.175364
JPM,47896,QMLE-Trade,29/09/2023,0.177466
JPM,47896,QMLE-Trade,2/10/2023,0.17866
JPM,47896,QMLE-Trade,3/10/2023,0.192119
JPM,47896,QMLE-Trade,4/10/2023,0.175079
JPM,47896,QMLE-Trade,5/10/2023,0.16464
JPM,47896,QMLE-Trade,6/10/2023,0.189964
JPM,47896,QMLE-Trade,9/10/2023,0.133849
JPM,47896,QMLE-Trade,10/10/2023,0.153413
JPM,47896,QMLE-Trade,11/10/2023,0.135149
JPM,47896,QMLE-Trade,12/10/2023,0.168233
JPM,47896,QMLE-Trade,13/10/2023,0.352362
JPM,47896,QMLE-Trade,16/10/2023,0.210236
JPM,47896,QMLE-Trade,17/10/2023,0.196078
JPM,47896,QMLE-Trade,18/10/2023,0.19743
JPM,47896,QMLE-Trade,19/10/2023,0.217749
JPM,47896,QMLE-Trade,20/10/2023,0.194772
JPM,47896,QMLE-Trade,23/10/2023,0.192864
JPM,47896,QMLE-Trade,24/10/2023,0.176795
JPM,47896,QMLE-Trade,25/10/2023,0.179693
JPM,47896,QMLE-Trade,26/10/2023,0.201614
JPM,47896,QMLE-Trade,27/10/2023,0.216062
JPM,47896,QMLE-Trade,30/10/2023,0.174032
JPM,47896,QMLE-Trade,31/10/2023,0.170654
JPM,47896,QMLE-Trade,1/11/2023,0.182286
JPM,47896,QMLE-Trade,2/11/2023,0.158542
JPM,47896,QMLE-Trade,3/11/2023,0.180175
JPM,47896,QMLE-Trade,6/11/2023,0.137057
JPM,47896,QMLE-Trade,7/11/2023,0.120054
JPM,47896,QMLE-Trade,8/11/2023,0.132992
JPM,47896,QMLE-Trade,9/11/2023,0.151599
JPM,47896,QMLE-Trade,10/11/2023,0.127334
JPM,47896,QMLE-Trade,13/11/2023,0.127394
JPM,47896,QMLE-Trade,14/11/2023,0.146803
JPM,47896,QMLE-Trade,15/11/2023,0.14008
JPM,47896,QMLE-Trade,16/11/2023,0.146166
JPM,47896,QMLE-Trade,17/11/2023,0.12285
JPM,47896,QMLE-Trade,20/11/2023,0.110325
JPM,47896,QMLE-Trade,21/11/2023,0.114626
JPM,47896,QMLE-Trade,22/11/2023,0.110248
JPM,47896,QMLE-Trade,24/11/2023,0.0882036
JPM,47896,QMLE-Trade,27/11/2023,0.104773
JPM,47896,QMLE-Trade,28/11/2023,0.110898
JPM,47896,QMLE-Trade,29/11/2023,0.123692
JPM,47896,QMLE-Trade,30/11/2023,0.128589
JPM,47896,QMLE-Trade,1/12/2023,0.134944
JPM,47896,QMLE-Trade,4/12/2023,0.124622
JPM,47896,QMLE-Trade,5/12/2023,0.135977
JPM,47896,QMLE-Trade,6/12/2023,0.136391
JPM,47896,QMLE-Trade,7/12/2023,0.112672
JPM,47896,QMLE-Trade,8/12/2023,0.11529
JPM,47896,QMLE-Trade,11/12/2023,0.0991919
JPM,47896,QMLE-Trade,12/12/2023,0.0991251
JPM,47896,QMLE-Trade,13/12/2023,0.127285
JPM,47896,QMLE-Trade,14/12/2023,0.165954
JPM,47896,QMLE-Trade,18/12/2023,0.126209
JPM,47896,QMLE-Trade,19/12/2023,0.106076
JPM,47896,QMLE-Trade,20/12/2023,0.126909
JPM,47896,QMLE-Trade,21/12/2023,0.14146
JPM,47896,QMLE-Trade,22/12/2023,0.103775
JPM,47896,QMLE-Trade,26/12/2023,0.0792798
JPM,47896,QMLE-Trade,27/12/2023,0.0982402
JPM,47896,QMLE-Trade,28/12/2023,0.0987025
JPM,47896,QMLE-Trade,29/12/2023,0.0888818
JPM,47896,QMLE-Trade,2/01/2024,0.119923
JPM,47896,QMLE-Trade,3/01/2024,0.122957
JPM,47896,QMLE-Trade,4/01/2024,0.122934
JPM,47896,QMLE-Trade,5/01/2024,0.1266
JPM,47896,QMLE-Trade,8/01/2024,0.130933
JPM,47896,QMLE-Trade,9/01/2024,0.121655
JPM,47896,QMLE-Trade,10/01/2024,0.120225
JPM,47896,QMLE-Trade,11/01/2024,0.133277
JPM,47896,QMLE-Trade,12/01/2024,0.254444
JPM,47896,QMLE-Trade,16/01/2024,0.224745
JPM,47896,QMLE-Trade,17/01/2024,0.177894
JPM,47896,QMLE-Trade,18/01/2024,0.14818
JPM,47896,QMLE-Trade,19/01/2024,0.146069
JPM,47896,QMLE-Trade,22/01/2024,0.139949
JPM,47896,QMLE-Trade,23/01/2024,0.108672
JPM,47896,QMLE-Trade,24/01/2024,0.127034
JPM,47896,QMLE-Trade,25/01/2024,0.123787
JPM,47896,QMLE-Trade,26/01/2024,0.116674
JPM,47896,QMLE-Trade,29/01/2024,0.0937541
JPM,47896,QMLE-Trade,30/01/2024,0.121036
JPM,47896,QMLE-Trade,31/01/2024,0.188718
JPM,47896,QMLE-Trade,1/02/2024,0.163137
JPM,47896,QMLE-Trade,2/02/2024,0.150728
JPM,47896,QMLE-Trade,5/02/2024,0.137039
JPM,47896,QMLE-Trade,6/02/2024,0.137953
JPM,47896,QMLE-Trade,7/02/2024,0.130021
JPM,47896,QMLE-Trade,8/02/2024,0.106311
JPM,47896,QMLE-Trade,9/02/2024,0.112367
JPM,47896,QMLE-Trade,12/02/2024,0.12836
JPM,47896,QMLE-Trade,13/02/2024,0.177679
JPM,47896,QMLE-Trade,14/02/2024,0.153298
JPM,47896,QMLE-Trade,15/02/2024,0.154135
JPM,47896,QMLE-Trade,16/02/2024,0.158703
JPM,47896,QMLE-Trade,20/02/2024,0.151839
JPM,47896,QMLE-Trade,21/02/2024,0.14928
JPM,47896,QMLE-Trade,22/02/2024,0.142595
JPM,47896,QMLE-Trade,23/02/2024,0.13241
JPM,47896,QMLE-Trade,26/02/2024,0.125098
JPM,47896,QMLE-Trade,27/02/2024,0.131116
JPM,47896,QMLE-Trade,28/02/2024,0.10428
JPM,47896,QMLE-Trade,29/02/2024,0.125607
JPM,47896,QMLE-Trade,1/03/2024,0.135718
JPM,47896,QMLE-Trade,4/03/2024,0.156689
JPM,47896,QMLE-Trade,5/03/2024,0.143176
JPM,47896,QMLE-Trade,6/03/2024,0.173151
JPM,47896,QMLE-Trade,7/03/2024,0.157558
JPM,47896,QMLE-Trade,8/03/2024,0.152158
JPM,47896,QMLE-Trade,11/03/2024,0.134876
JPM,47896,QMLE-Trade,12/03/2024,0.1421
JPM,47896,QMLE-Trade,13/03/2024,0.133831
JPM,47896,QMLE-Trade,15/03/2024,0.188227
JPM,47896,QMLE-Trade,18/03/2024,0.12145
JPM,47896,QMLE-Trade,19/03/2024,0.128627
JPM,47896,QMLE-Trade,20/03/2024,0.151686
JPM,47896,QMLE-Trade,21/03/2024,0.133861
JPM,47896,QMLE-Trade,22/03/2024,0.139785
JPM,47896,QMLE-Trade,25/03/2024,0.133168
JPM,47896,QMLE-Trade,26/03/2024,0.10876
JPM,47896,QMLE-Trade,27/03/2024,0.121112
JPM,47896,QMLE-Trade,28/03/2024,0.132027
JPM,47896,QMLE-Trade,1/04/2024,0.142826
JPM,47896,QMLE-Trade,2/04/2024,0.157287
JPM,47896,QMLE-Trade,3/04/2024,0.127835
JPM,47896,QMLE-Trade,4/04/2024,0.157513
JPM,47896,QMLE-Trade,5/04/2024,0.14319
JPM,47896,QMLE-Trade,9/04/2024,0.146673
JPM,47896,QMLE-Trade,10/04/2024,0.191826
JPM,47896,QMLE-Trade,11/04/2024,0.174912
JPM,47896,QMLE-Trade,12/04/2024,0.32523
JPM,47896,QMLE-Trade,15/04/2024,0.247788
JPM,47896,QMLE-Trade,16/04/2024,0.238287
JPM,47896,QMLE-Trade,17/04/2024,0.194455
JPM,47896,QMLE-Trade,18/04/2024,0.20562
JPM,47896,QMLE-Trade,19/04/2024,0.196039
JPM,47896,QMLE-Trade,22/04/2024,0.16454
JPM,47896,QMLE-Trade,23/04/2024,0.152456
JPM,47896,QMLE-Trade,24/04/2024,0.150384
JPM,47896,QMLE-Trade,25/04/2024,0.174722
JPM,47896,QMLE-Trade,26/04/2024,0.131454
JPM,47896,QMLE-Trade,29/04/2024,0.128497
JPM,47896,QMLE-Trade,30/04/2024,0.156486
JPM,47896,QMLE-Trade,1/05/2024,0.181791
JPM,47896,QMLE-Trade,2/05/2024,0.163502
JPM,47896,QMLE-Trade,3/05/2024,0.195701
JPM,47896,QMLE-Trade,6/05/2024,0.12434
JPM,47896,QMLE-Trade,7/05/2024,0.118356
JPM,47896,QMLE-Trade,8/05/2024,0.128074
JPM,47896,QMLE-Trade,9/05/2024,0.112046
JPM,47896,QMLE-Trade,10/05/2024,0.108659
JPM,47896,QMLE-Trade,13/05/2024,0.104588
JPM,47896,QMLE-Trade,14/05/2024,0.11919
JPM,47896,QMLE-Trade,15/05/2024,0.128457
JPM,47896,QMLE-Trade,16/05/2024,0.127955
JPM,47896,QMLE-Trade,17/05/2024,0.127967
JPM,47896,QMLE-Trade,20/05/2024,0.244783
JPM,47896,QMLE-Trade,21/05/2024,0.177679
JPM,47896,QMLE-Trade,22/05/2024,0.149882
JPM,47896,QMLE-Trade,23/05/2024,0.14547
JPM,47896,QMLE-Trade,24/05/2024,0.118996
JPM,47896,QMLE-Trade,28/05/2024,0.137893
JPM,47896,QMLE-Trade,29/05/2024,0.125668
JPM,47896,QMLE-Trade,30/05/2024,0.140979
JPM,47896,QMLE-Trade,31/05/2024,0.139585
JPM,47896,QMLE-Trade,3/06/2024,0.1788
JPM,47896,QMLE-Trade,4/06/2024,0.165286
JPM,47896,QMLE-Trade,5/06/2024,0.150901
JPM,47896,QMLE-Trade,6/06/2024,0.133722
JPM,47896,QMLE-Trade,7/06/2024,0.151211
JPM,47896,QMLE-Trade,10/06/2024,0.136699
JPM,47896,QMLE-Trade,11/06/2024,0.209718
JPM,47896,QMLE-Trade,12/06/2024,0.233337
JPM,47896,QMLE-Trade,13/06/2024,0.15056
JPM,47896,QMLE-Trade,14/06/2024,0.143154
JPM,47896,QMLE-Trade,17/06/2024,0.15127
JPM,47896,QMLE-Trade,18/06/2024,0.162631
JPM,47896,QMLE-Trade,20/06/2024,0.160834
JPM,47896,QMLE-Trade,21/06/2024,0.211091
JPM,47896,QMLE-Trade,24/06/2024,0.167838
JPM,47896,QMLE-Trade,25/06/2024,0.154101
JPM,47896,QMLE-Trade,26/06/2024,0.133319
JPM,47896,QMLE-Trade,27/06/2024,0.132112
JPM,47896,QMLE-Trade,28/06/2024,0.162967
JPM,47896,QMLE-Trade,1/07/2024,0.184176
JPM,47896,QMLE-Trade,2/07/2024,0.12942
JPM,47896,QMLE-Trade,3/07/2024,0.147261
JPM,47896,QMLE-Trade,5/07/2024,0.1476
JPM,47896,QMLE-Trade,8/07/2024,0.137147
JPM,47896,QMLE-Trade,9/07/2024,0.138955
JPM,47896,QMLE-Trade,10/07/2024,0.159062
JPM,47896,QMLE-Trade,11/07/2024,0.143343
JPM,47896,QMLE-Trade,12/07/2024,0.265286
JPM,47896,QMLE-Trade,15/07/2024,0.194358
JPM,47896,QMLE-Trade,16/07/2024,0.200495
JPM,47896,QMLE-Trade,17/07/2024,0.197388
JPM,47896,QMLE-Trade,18/07/2024,0.209545
JPM,47896,QMLE-Trade,19/07/2024,0.218725
JPM,47896,QMLE-Trade,22/07/2024,0.17918
JPM,47896,QMLE-Trade,23/07/2024,0.148021
JPM,47896,QMLE-Trade,24/07/2024,0.168071
JPM,47896,QMLE-Trade,25/07/2024,0.179755
JPM,47896,QMLE-Trade,26/07/2024,0.162813
JPM,47896,QMLE-Trade,29/07/2024,0.157504
JPM,47896,QMLE-Trade,30/07/2024,0.182247
JPM,47896,QMLE-Trade,31/07/2024,0.185848
JPM,47896,QMLE-Trade,1/08/2024,0.213764
JPM,47896,QMLE-Trade,2/08/2024,0.306361
JPM,47896,QMLE-Trade,5/08/2024,0.365309
JPM,47896,QMLE-Trade,6/08/2024,0.253726
JPM,47896,QMLE-Trade,7/08/2024,0.227927
JPM,47896,QMLE-Trade,8/08/2024,0.187714
JPM,47896,QMLE-Trade,9/08/2024,0.170111
JPM,47896,QMLE-Trade,12/08/2024,0.17073
JPM,47896,QMLE-Trade,13/08/2024,0.161625
JPM,47896,QMLE-Trade,14/08/2024,0.168461
JPM,47896,QMLE-Trade,15/08/2024,0.159365
JPM,47896,QMLE-Trade,16/08/2024,0.143762
JPM,47896,QMLE-Trade,19/08/2024,0.132088
JPM,47896,QMLE-Trade,20/08/2024,0.145141
JPM,47896,QMLE-Trade,21/08/2024,0.144095
JPM,47896,QMLE-Trade,22/08/2024,0.14707
JPM,47896,QMLE-Trade,23/08/2024,0.182719
JPM,47896,QMLE-Trade,26/08/2024,0.132039
JPM,47896,QMLE-Trade,27/08/2024,0.139748
JPM,47896,QMLE-Trade,28/08/2024,0.150772
JPM,47896,QMLE-Trade,29/08/2024,0.15895
JPM,47896,QMLE-Trade,30/08/2024,0.147126
JPM,47896,QMLE-Trade,3/09/2024,0.206214
JPM,47896,QMLE-Trade,4/09/2024,0.197037
JPM,47896,QMLE-Trade,5/09/2024,0.192691
JPM,47896,QMLE-Trade,6/09/2024,0.24208
JPM,47896,QMLE-Trade,9/09/2024,0.201193
JPM,47896,QMLE-Trade,10/09/2024,0.461748
JPM,47896,QMLE-Trade,11/09/2024,0.240601
JPM,47896,QMLE-Trade,12/09/2024,0.211375
JPM,47896,QMLE-Trade,13/09/2024,0.204916
JPM,47896,QMLE-Trade,16/09/2024,0.162328
JPM,47896,QMLE-Trade,17/09/2024,0.18325
JPM,47896,QMLE-Trade,18/09/2024,0.274379
JPM,47896,QMLE-Trade,19/09/2024,0.203246
JPM,47896,QMLE-Trade,20/09/2024,0.161288
JPM,47896,QMLE-Trade,23/09/2024,0.145912
JPM,47896,QMLE-Trade,24/09/2024,0.150617
JPM,47896,QMLE-Trade,25/09/2024,0.149731
JPM,47896,QMLE-Trade,26/09/2024,0.184871
JPM,47896,QMLE-Trade,27/09/2024,0.164793
JPM,47896,QMLE-Trade,30/09/2024,0.183399
JPM,47896,QMLE-Trade,1/10/2024,0.225914
JPM,47896,QMLE-Trade,2/10/2024,0.166571
JPM,47896,QMLE-Trade,3/10/2024,0.160728
JPM,47896,QMLE-Trade,4/10/2024,0.186652
JPM,47896,QMLE-Trade,7/10/2024,0.181789
JPM,47896,QMLE-Trade,8/10/2024,0.173549
JPM,47896,QMLE-Trade,9/10/2024,0.147269
JPM,47896,QMLE-Trade,10/10/2024,0.170456
JPM,47896,QMLE-Trade,14/10/2024,0.194565
JPM,47896,QMLE-Trade,15/10/2024,0.210848
JPM,47896,QMLE-Trade,16/10/2024,0.175202
JPM,47896,QMLE-Trade,17/10/2024,0.17041
JPM,47896,QMLE-Trade,18/10/2024,0.136191
JPM,47896,QMLE-Trade,21/10/2024,0.143815
JPM,47896,QMLE-Trade,22/10/2024,0.233434
JPM,47896,QMLE-Trade,23/10/2024,0.14848
JPM,47896,QMLE-Trade,24/10/2024,0.142159
JPM,47896,QMLE-Trade,25/10/2024,0.158943
JPM,47896,QMLE-Trade,28/10/2024,0.14146
JPM,47896,QMLE-Trade,29/10/2024,0.163022
JPM,47896,QMLE-Trade,30/10/2024,0.15657
JPM,47896,QMLE-Trade,31/10/2024,0.179545
JPM,47896,QMLE-Trade,1/11/2024,0.152662
JPM,47896,QMLE-Trade,4/11/2024,0.173362
JPM,47896,QMLE-Trade,5/11/2024,0.156448
JPM,47896,QMLE-Trade,6/11/2024,0.415791
JPM,47896,QMLE-Trade,7/11/2024,0.247907
JPM,47896,QMLE-Trade,8/11/2024,0.194075
JPM,47896,QMLE-Trade,11/11/2024,0.170901
JPM,47896,QMLE-Trade,12/11/2024,0.169123
JPM,47896,QMLE-Trade,13/11/2024,0.166525
JPM,47896,QMLE-Trade,14/11/2024,0.175727
JPM,47896,QMLE-Trade,15/11/2024,0.216044
JPM,47896,QMLE-Trade,18/11/2024,0.163956
JPM,47896,QMLE-Trade,19/11/2024,0.159928
JPM,47896,QMLE-Trade,20/11/2024,0.193029
JPM,47896,QMLE-Trade,21/11/2024,0.171849
JPM,47896,QMLE-Trade,22/11/2024,0.16669
JPM,47896,QMLE-Trade,25/11/2024,0.190025
JPM,47896,QMLE-Trade,26/11/2024,0.149117
JPM,47896,QMLE-Trade,27/11/2024,0.125367
JPM,47896,QMLE-Trade,29/11/2024,0.115962
JPM,47896,QMLE-Trade,2/12/2024,0.15687
JPM,47896,QMLE-Trade,3/12/2024,0.134262
JPM,47896,QMLE-Trade,4/12/2024,0.141721
JPM,47896,QMLE-Trade,5/12/2024,0.14472
JPM,47896,QMLE-Trade,6/12/2024,0.135956
JPM,47896,QMLE-Trade,9/12/2024,0.148665
JPM,47896,QMLE-Trade,10/12/2024,0.25922
JPM,47896,QMLE-Trade,11/12/2024,0.141708
JPM,47896,QMLE-Trade,12/12/2024,0.138355
JPM,47896,QMLE-Trade,13/12/2024,0.156245
JPM,47896,QMLE-Trade,16/12/2024,0.150085
JPM,47896,QMLE-Trade,18/12/2024,0.218406
JPM,47896,QMLE-Trade,19/12/2024,0.23888
JPM,47896,QMLE-Trade,20/12/2024,0.236597
JPM,47896,QMLE-Trade,23/12/2024,0.19711
JPM,47896,QMLE-Trade,24/12/2024,0.126024
JPM,47896,QMLE-Trade,26/12/2024,0.128103
JPM,47896,QMLE-Trade,27/12/2024,0.152902
JPM,47896,QMLE-Trade,30/12/2024,0.174047
JPM,47896,QMLE-Trade,31/12/2024,0.157884
JPM,47896,QMLE-Trade,2/01/2025,0.203385
JPM,47896,QMLE-Trade,3/01/2025,0.179047
JPM,47896,QMLE-Trade,6/01/2025,0.19578
JPM,47896,QMLE-Trade,7/01/2025,0.196579
JPM,47896,QMLE-Trade,8/01/2025,0.201344
JPM,47896,QMLE-Trade,10/01/2025,0.222685
JPM,47896,QMLE-Trade,13/01/2025,0.19172
JPM,47896,QMLE-Trade,14/01/2025,0.211067
JPM,47896,QMLE-Trade,15/01/2025,0.352896
JPM,47896,QMLE-Trade,16/01/2025,0.241802
JPM,47896,QMLE-Trade,17/01/2025,0.188196
JPM,47896,QMLE-Trade,21/01/2025,0.163007
JPM,47896,QMLE-Trade,22/01/2025,0.163794
JPM,47896,QMLE-Trade,23/01/2025,0.138964
JPM,47896,QMLE-Trade,24/01/2025,0.138988
JPM,47896,QMLE-Trade,27/01/2025,0.164828
JPM,47896,QMLE-Trade,28/01/2025,0.147323
JPM,47896,QMLE-Trade,29/01/2025,0.17066
JPM,47896,QMLE-Trade,30/01/2025,0.142969
JPM,47896,QMLE-Trade,31/01/2025,0.148811
JPM,47896,QMLE-Trade,3/02/2025,0.206281
JPM,47896,QMLE-Trade,4/02/2025,0.138268
JPM,47896,QMLE-Trade,5/02/2025,0.119473
JPM,47896,QMLE-Trade,6/02/2025,0.119646
JPM,47896,QMLE-Trade,7/02/2025,0.179705
JPM,47896,QMLE-Trade,10/02/2025,0.145643
JPM,47896,QMLE-Trade,11/02/2025,0.138619
JPM,47896,QMLE-Trade,12/02/2025,0.149865
JPM,47896,QMLE-Trade,13/02/2025,0.128112
JPM,47896,QMLE-Trade,14/02/2025,0.110336
JPM,47896,QMLE-Trade,18/02/2025,0.120115
JPM,47896,QMLE-Trade,19/02/2025,0.12524
JPM,47896,QMLE-Trade,20/02/2025,0.228084
JPM,47896,QMLE-Trade,21/02/2025,0.187549
JPM,47896,QMLE-Trade,24/02/2025,0.236603
JPM,47896,QMLE-Trade,25/02/2025,0.234852
JPM,47896,QMLE-Trade,26/02/2025,0.17828
JPM,47896,QMLE-Trade,27/02/2025,0.205832
JPM,47896,QMLE-Trade,28/02/2025,0.229222
JPM,47896,QMLE-Trade,3/03/2025,0.251281
JPM,47896,QMLE-Trade,4/03/2025,0.329686
JPM,47896,QMLE-Trade,5/03/2025,0.310434
JPM,47896,QMLE-Trade,6/03/2025,0.286116
JPM,47896,QMLE-Trade,7/03/2025,0.330169
JPM,47896,QMLE-Trade,10/03/2025,0.339038
JPM,47896,QMLE-Trade,11/03/2025,0.337584
JPM,47896,QMLE-Trade,12/03/2025,0.297133
JPM,47896,QMLE-Trade,13/03/2025,0.274125
JPM,47896,QMLE-Trade,14/03/2025,0.244774
JPM,47896,QMLE-Trade,17/03/2025,0.202484
JPM,47896,QMLE-Trade,18/03/2025,0.215828
JPM,47896,QMLE-Trade,19/03/2025,0.216085
JPM,47896,QMLE-Trade,20/03/2025,0.194269
JPM,47896,QMLE-Trade,21/03/2025,0.197157
JPM,47896,QMLE-Trade,24/03/2025,0.177754
JPM,47896,QMLE-Trade,25/03/2025,0.173802
JPM,47896,QMLE-Trade,26/03/2025,0.186903
JPM,47896,QMLE-Trade,27/03/2025,0.200801
JPM,47896,QMLE-Trade,28/03/2025,0.216766
JPM,47896,QMLE-Trade,31/03/2025,0.228535
JPM,47896,QMLE-Trade,1/04/2025,0.221794
JPM,47896,QMLE-Trade,2/04/2025,0.200763
JPM,47896,QMLE-Trade,3/04/2025,0.343729
JPM,47896,QMLE-Trade,4/04/2025,0.520956
JPM,47896,QMLE-Trade,7/04/2025,0.831589
JPM,47896,QMLE-Trade,8/04/2025,0.537961
JPM,47896,QMLE-Trade,9/04/2025,0.743444
JPM,47896,QMLE-Trade,10/04/2025,0.527305
JPM,47896,QMLE-Trade,11/04/2025,0.499822
JPM,47896,QMLE-Trade,14/04/2025,0.316114
JPM,47896,QMLE-Trade,15/04/2025,0.273357
JPM,47896,QMLE-Trade,16/04/2025,0.275612
JPM,47896,QMLE-Trade,17/04/2025,0.285286
JPM,47896,QMLE-Trade,21/04/2025,0.223795
JPM,47896,QMLE-Trade,22/04/2025,0.228642
JPM,47896,QMLE-Trade,23/04/2025,0.344003
JPM,47896,QMLE-Trade,24/04/2025,0.223549
JPM,47896,QMLE-Trade,25/04/2025,0.191439
JPM,47896,QMLE-Trade,28/04/2025,0.182758
JPM,47896,QMLE-Trade,29/04/2025,0.17482
JPM,47896,QMLE-Trade,30/04/2025,0.22772
JPM,47896,QMLE-Trade,1/05/2025,0.216382
JPM,47896,QMLE-Trade,2/05/2025,0.178536
JPM,47896,QMLE-Trade,5/05/2025,0.174465
JPM,47896,QMLE-Trade,6/05/2025,0.168887
JPM,47896,QMLE-Trade,7/05/2025,0.220352
JPM,47896,QMLE-Trade,8/05/2025,0.192606
JPM,47896,QMLE-Trade,9/05/2025,0.157212
JPM,47896,QMLE-Trade,12/05/2025,0.200395
JPM,47896,QMLE-Trade,13/05/2025,0.160894
JPM,47896,QMLE-Trade,14/05/2025,0.148086
JPM,47896,QMLE-Trade,15/05/2025,0.160658
JPM,47896,QMLE-Trade,16/05/2025,0.138373
JPM,47896,QMLE-Trade,19/05/2025,0.190659
JPM,47896,QMLE-Trade,20/05/2025,0.130106
JPM,47896,QMLE-Trade,21/05/2025,0.172463
JPM,47896,QMLE-Trade,22/05/2025,0.14503
JPM,47896,QMLE-Trade,23/05/2025,0.159249
JPM,47896,QMLE-Trade,27/05/2025,0.113301
JPM,47896,QMLE-Trade,28/05/2025,0.115031
JPM,47896,QMLE-Trade,29/05/2025,0.148354
JPM,47896,QMLE-Trade,30/05/2025,0.152991
JPM,47896,QMLE-Trade,2/06/2025,0.127998
JPM,47896,QMLE-Trade,3/06/2025,0.122261
JPM,47896,QMLE-Trade,4/06/2025,0.125432
JPM,47896,QMLE-Trade,5/06/2025,0.174642
JPM,47896,QMLE-Trade,6/06/2025,0.127914
JPM,47896,QMLE-Trade,9/06/2025,0.132978
JPM,47896,QMLE-Trade,10/06/2025,0.134479
JPM,47896,QMLE-Trade,11/06/2025,0.152413
JPM,47896,QMLE-Trade,12/06/2025,0.128855
JPM,47896,QMLE-Trade,13/06/2025,0.171272
JPM,47896,QMLE-Trade,16/06/2025,0.140726
JPM,47896,QMLE-Trade,17/06/2025,0.138857
JPM,47896,QMLE-Trade,18/06/2025,0.179584
JPM,47896,QMLE-Trade,20/06/2025,0.15217
JPM,47896,QMLE-Trade,23/06/2025,0.166561
JPM,47896,QMLE-Trade,24/06/2025,0.14706
JPM,47896,QMLE-Trade,25/06/2025,0.126379
JPM,47896,QMLE-Trade,26/06/2025,0.130092
JPM,47896,QMLE-Trade,27/06/2025,0.17833
JPM,47896,QMLE-Trade,30/06/2025,0.163739
JPM,47896,QMLE-Trade,1/07/2025,0.157743
JPM,47896,QMLE-Trade,2/07/2025,0.137548
JPM,47896,QMLE-Trade,3/07/2025,0.109199
JPM,47896,QMLE-Trade,7/07/2025,0.155334
JPM,47896,QMLE-Trade,8/07/2025,0.215975
JPM,47896,QMLE-Trade,9/07/2025,0.155253
JPM,47896,QMLE-Trade,10/07/2025,0.129963
JPM,47896,QMLE-Trade,11/07/2025,0.121966
JPM,47896,QMLE-Trade,14/07/2025,0.137539
JPM,47896,QMLE-Trade,15/07/2025,0.250793
JPM,47896,QMLE-Trade,16/07/2025,0.213999
JPM,47896,QMLE-Trade,17/07/2025,0.16247
JPM,47896,QMLE-Trade,18/07/2025,0.15275
JPM,47896,QMLE-Trade,21/07/2025,0.129947
JPM,47896,QMLE-Trade,22/07/2025,0.138839
JPM,47896,QMLE-Trade,23/07/2025,0.130698
JPM,47896,QMLE-Trade,24/07/2025,0.124553
JPM,47896,QMLE-Trade,25/07/2025,0.115889
JPM,47896,QMLE-Trade,28/07/2025,0.105633
JPM,47896,QMLE-Trade,29/07/2025,0.134642
JPM,47896,QMLE-Trade,30/07/2025,0.146731
JPM,47896,QMLE-Trade,31/07/2025,0.152846
JPM,47896,QMLE-Trade,1/08/2025,0.238843
JPM,47896,QMLE-Trade,4/08/2025,0.138476
JPM,47896,QMLE-Trade,5/08/2025,0.168021
JPM,47896,QMLE-Trade,6/08/2025,0.128296
JPM,47896,QMLE-Trade,7/08/2025,0.169995
JPM,47896,QMLE-Trade,8/08/2025,0.18215
JPM,47896,QMLE-Trade,11/08/2025,0.129094
JPM,47896,QMLE-Trade,12/08/2025,0.143274
JPM,47896,QMLE-Trade,13/08/2025,0.152274
JPM,47896,QMLE-Trade,14/08/2025,0.140408
JPM,47896,QMLE-Trade,15/08/2025,0.142188
JPM,47896,QMLE-Trade,18/08/2025,0.114808
JPM,47896,QMLE-Trade,19/08/2025,0.120098
JPM,47896,QMLE-Trade,20/08/2025,0.176876
JPM,47896,QMLE-Trade,21/08/2025,0.120969
JPM,47896,QMLE-Trade,22/08/2025,0.181604
JPM,47896,QMLE-Trade,25/08/2025,0.123594
JPM,47896,QMLE-Trade,26/08/2025,0.105932
JPM,47896,QMLE-Trade,27/08/2025,0.114143
JPM,47896,QMLE-Trade,28/08/2025,0.113204
JPM,47896,QMLE-Trade,29/08/2025,0.119733
JPM,47896,QMLE-Trade,2/09/2025,0.189075
JPM,47896,QMLE-Trade,3/09/2025,0.15322
JPM,47896,QMLE-Trade,4/09/2025,0.131801
JPM,47896,QMLE-Trade,5/09/2025,0.234441
JPM,47896,QMLE-Trade,8/09/2025,0.173404
JPM,47896,QMLE-Trade,9/09/2025,0.243298
JPM,47896,QMLE-Trade,10/09/2025,0.174836
JPM,47896,QMLE-Trade,11/09/2025,0.16556
JPM,47896,QMLE-Trade,12/09/2025,0.137172
JPM,47896,QMLE-Trade,15/09/2025,0.156245
JPM,47896,QMLE-Trade,16/09/2025,0.164987
JPM,47896,QMLE-Trade,17/09/2025,0.246498
JPM,47896,QMLE-Trade,18/09/2025,0.213641
JPM,47896,QMLE-Trade,19/09/2025,0.19347
JPM,47896,QMLE-Trade,22/09/2025,0.158564
JPM,47896,QMLE-Trade,23/09/2025,0.169194
JPM,47896,QMLE-Trade,24/09/2025,0.150565
JPM,47896,QMLE-Trade,25/09/2025,0.185425
JPM,47896,QMLE-Trade,26/09/2025,0.15861
JPM,47896,QMLE-Trade,29/09/2025,0.140876
JPM,47896,QMLE-Trade,30/09/2025,0.177836
JPM,47896,QMLE-Trade,1/10/2025,0.197813
JPM,47896,QMLE-Trade,2/10/2025,0.168763
JPM,47896,QMLE-Trade,3/10/2025,0.147304
JPM,47896,QMLE-Trade,6/10/2025,0.197758
JPM,47896,QMLE-Trade,7/10/2025,0.194797
JPM,47896,QMLE-Trade,8/10/2025,0.164392
JPM,47896,QMLE-Trade,9/10/2025,0.172619
JPM,47896,QMLE-Trade,10/10/2025,0.274108
JPM,47896,QMLE-Trade,13/10/2025,0.21618
JPM,47896,QMLE-Trade,14/10/2025,0.382934
JPM,47896,QMLE-Trade,15/10/2025,0.274948
JPM,47896,QMLE-Trade,16/10/2025,0.289232
JPM,47896,QMLE-Trade,17/10/2025,0.266357
JPM,47896,QMLE-Trade,20/10/2025,0.157603
JPM,47896,QMLE-Trade,21/10/2025,0.159424
JPM,47896,QMLE-Trade,22/10/2025,0.196935
JPM,47896,QMLE-Trade,23/10/2025,0.167122
JPM,47896,QMLE-Trade,24/10/2025,0.148021
JPM,47896,QMLE-Trade,27/10/2025,0.152683
JPM,47896,QMLE-Trade,28/10/2025,0.158563
JPM,47896,QMLE-Trade,29/10/2025,0.22271
JPM,47896,QMLE-Trade,30/10/2025,0.197704
JPM,47896,QMLE-Trade,3/11/2025,0.207144
JPM,47896,QMLE-Trade,4/11/2025,0.193714
JPM,47896,QMLE-Trade,5/11/2025,0.198888
JPM,47896,QMLE-Trade,6/11/2025,0.220365
JPM,47896,QMLE-Trade,7/11/2025,0.234142
JPM,47896,QMLE-Trade,10/11/2025,0.185962
JPM,47896,QMLE-Trade,11/11/2025,0.143633
JPM,47896,QMLE-Trade,12/11/2025,0.188243
JPM,47896,QMLE-Trade,13/11/2025,0.215662
JPM,47896,QMLE-Trade,14/11/2025,0.286277
JPM,47896,QMLE-Trade,17/11/2025,0.210009
JPM,47896,QMLE-Trade,18/11/2025,0.246907
JPM,47896,QMLE-Trade,19/11/2025,0.19745
JPM,47896,QMLE-Trade,20/11/2025,0.282919
JPM,47896,QMLE-Trade,21/11/2025,0.286653
JPM,47896,QMLE-Trade,24/11/2025,0.202925
JPM,47896,QMLE-Trade,25/11/2025,0.201639
JPM,47896,QMLE-Trade,26/11/2025,0.14891
JPM,47896,QMLE-Trade,28/11/2025,0.11115
JPM,47896,QMLE-Trade,1/12/2025,0.141475
JPM,47896,QMLE-Trade,2/12/2025,0.157319
JPM,47896,QMLE-Trade,3/12/2025,0.152724
JPM,47896,QMLE-Trade,4/12/2025,0.166937
JPM,47896,QMLE-Trade,5/12/2025,0.148257
JPM,47896,QMLE-Trade,8/12/2025,0.1448
JPM,47896,QMLE-Trade,9/12/2025,0.368269
JPM,47896,QMLE-Trade,10/12/2025,0.255874
JPM,47896,QMLE-Trade,11/12/2025,0.209219
JPM,47896,QMLE-Trade,12/12/2025,0.184743
JPM,47896,QMLE-Trade,15/12/2025,0.199562
JPM,47896,QMLE-Trade,16/12/2025,0.179696
JPM,47896,QMLE-Trade,17/12/2025,0.179534
JPM,47896,QMLE-Trade,18/12/2025,0.191854
JPM,47896,QMLE-Trade,19/12/2025,0.148912
JPM,47896,QMLE-Trade,22/12/2025,0.147203
JPM,47896,QMLE-Trade,23/12/2025,0.124012
JPM,47896,QMLE-Trade,24/12/2025,0.102723
JPM,47896,QMLE-Trade,26/12/2025,0.126536
JPM,47896,QMLE-Trade,29/12/2025,0.133798
JPM,47896,QMLE-Trade,30/12/2025,0.111278
JPM,47896,QMLE-Trade,31/12/2025,0.108975
JPM,47896,QMLE-Trade,2/01/2026,0.162021
JPM,47896,QMLE-Trade,5/01/2026,0.207108
JPM,47896,QMLE-Trade,6/01/2026,0.176963
JPM,47896,QMLE-Trade,7/01/2026,0.212247
JPM,47896,QMLE-Trade,8/01/2026,0.160002
JPM,47896,QMLE-Trade,9/01/2026,0.160474
JPM,47896,QMLE-Trade,12/01/2026,0.218034
JPM,47896,QMLE-Trade,13/01/2026,0.268722
JPM,47896,QMLE-Trade,14/01/2026,0.242783
JPM,47896,QMLE-Trade,15/01/2026,0.187654
JPM,47896,QMLE-Trade,16/01/2026,0.191465
JPM,47896,QMLE-Trade,20/01/2026,0.227096
JPM,47896,QMLE-Trade,21/01/2026,0.207941
JPM,47896,QMLE-Trade,22/01/2026,0.201603
JPM,47896,QMLE-Trade,23/01/2026,0.166832
JPM,47896,QMLE-Trade,26/01/2026,0.145161
JPM,47896,QMLE-Trade,27/01/2026,0.156642
JPM,47896,QMLE-Trade,28/01/2026,0.182723
JPM,47896,QMLE-Trade,29/01/2026,0.221048
JPM,47896,QMLE-Trade,30/01/2026,0.211487
JPM,47896,QMLE-Trade,2/02/2026,0.191258
JPM,47896,QMLE-Trade,3/02/2026,0.281513
JPM,47896,QMLE-Trade,4/02/2026,0.243623
JPM,47896,QMLE-Trade,5/02/2026,0.283052
JPM,47896,QMLE-Trade,6/02/2026,0.223264
JPM,47896,QMLE-Trade,9/02/2026,0.18596
JPM,47896,QMLE-Trade,10/02/2026,0.225179
JPM,47896,QMLE-Trade,11/02/2026,0.241935
JPM,47896,QMLE-Trade,12/02/2026,0.288339
JPM,47896,QMLE-Trade,13/02/2026,0.291575
JPM,47896,QMLE-Trade,17/02/2026,0.243888
JPM,47896,QMLE-Trade,18/02/2026,0.204016
JPM,47896,QMLE-Trade,19/02/2026,0.247343
JPM,47896,QMLE-Trade,20/02/2026,0.230445
JPM,47896,QMLE-Trade,23/02/2026,0.242588
JPM,47896,QMLE-Trade,24/02/2026,0.259777
JPM,47896,QMLE-Trade,25/02/2026,0.197544
JPM,47896,QMLE-Trade,26/02/2026,0.219785
JPM,47896,QMLE-Trade,27/02/2026,0.29279
JPM,47896,QMLE-Trade,2/03/2026,0.279369
JPM,47896,QMLE-Trade,3/03/2026,0.309903
JPM,47896,QMLE-Trade,4/03/2026,0.242118
JPM,47896,QMLE-Trade,6/03/2026,0.272503
JPM,47896,QMLE-Trade,10/03/2026,0.248696
JPM,47896,QMLE-Trade,11/03/2026,0.247316
JPM,47896,QMLE-Trade,12/03/2026,0.258561
JPM,47896,QMLE-Trade,13/03/2026,0.252881
JPM,47896,QMLE-Trade,16/03/2026,0.208816
JPM,47896,QMLE-Trade,17/03/2026,0.186192
JPM,47896,QMLE-Trade,18/03/2026,0.203976
JPM,47896,QMLE-Trade,19/03/2026,0.235375
JPM,47896,QMLE-Trade,20/03/2026,0.251373
JPM,47896,QMLE-Trade,23/03/2026,0.273328
JPM,47896,QMLE-Trade,24/03/2026,0.231488
JPM,47896,QMLE-Trade,25/03/2026,0.207778
JPM,47896,QMLE-Trade,26/03/2026,0.181405
JPM,47896,QMLE-Trade,27/03/2026,0.232302
JPM,47896,QMLE-Trade,30/03/2026,0.230643
JPM,47896,QMLE-Trade,31/03/2026,0.264677
JPM,47896,QMLE-Trade,1/04/2026,0.250033
JPM,47896,QMLE-Trade,2/04/2026,0.226745
JPM,47896,QMLE-Trade,6/04/2026,0.176263
JPM,47896,QMLE-Trade,7/04/2026,0.193163
JPM,47896,QMLE-Trade,8/04/2026,0.227367
JPM,47896,QMLE-Trade,9/04/2026,0.154334
JPM,47896,QMLE-Trade,10/04/2026,0.138937
JPM,47896,QMLE-Trade,14/04/2026,0.274965
JPM,47896,QMLE-Trade,15/04/2026,0.219052
JPM,47896,QMLE-Trade,16/04/2026,0.166046
JPM,47896,QMLE-Trade,17/04/2026,0.180652
JPM,47896,QMLE-Trade,20/04/2026,0.151499
JPM,47896,QMLE-Trade,21/04/2026,0.174893
JPM,47896,QMLE-Trade,22/04/2026,0.141912
JPM,47896,QMLE-Trade,23/04/2026,0.176067
JPM,47896,QMLE-Trade,24/04/2026,0.139677
JPM,47896,QMLE-Trade,27/04/2026,0.133769
JPM,47896,QMLE-Trade,28/04/2026,0.152413
JPM,47896,QMLE-Trade,29/04/2026,0.1742
JPM,47896,QMLE-Trade,30/04/2026,0.167174
JPM,47896,QMLE-Trade,1/05/2026,0.156332
JPM,47896,QMLE-Trade,4/05/2026,0.177359
JPM,47896,QMLE-Trade,5/05/2026,0.156258
JPM,47896,QMLE-Trade,6/05/2026,0.162954
JPM,47896,QMLE-Trade,7/05/2026,0.18531
JPM,47896,QMLE-Trade,8/05/2026,0.190533
JPM,47896,QMLE-Trade,11/05/2026,0.180576
JPM,47896,QMLE-Trade,12/05/2026,0.20725
JPM,47896,QMLE-Trade,13/05/2026,0.171283
JPM,47896,QMLE-Trade,14/05/2026,0.182097
JPM,47896,QMLE-Trade,15/05/2026,0.184731
JPM,47896,QMLE-Trade,18/05/2026,0.184841
JPM,47896,QMLE-Trade,19/05/2026,0.181641
JPM,47896,QMLE-Trade,20/05/2026,0.194546
JPM,47896,QMLE-Trade,21/05/2026,0.177592
JPM,47896,QMLE-Trade,22/05/2026,0.154851
JPM,47896,QMLE-Trade,26/05/2026,0.16143
JPM,47896,QMLE-Trade,27/05/2026,0.271648
JPM,47896,QMLE-Trade,28/05/2026,0.171194
JPM,47896,QMLE-Trade,29/05/2026,0.153427
JPM,47896,QMLE-Trade,1/06/2026,0.17746
JPM,47896,QMLE-Trade,2/06/2026,0.172748
JPM,47896,QMLE-Trade,3/06/2026,0.186174
JPM,47896,QMLE-Trade,4/06/2026,0.185516
JPM,47896,QMLE-Trade,5/06/2026,0.206504
JPM,47896,QMLE-Trade,8/06/2026,0.201906
JPM,47896,QMLE-Trade,9/06/2026,0.222409
JPM,47896,QMLE-Trade,10/06/2026,0.235442
JPM,47896,QMLE-Trade,16/06/2026,0.196967
JPM,47896,QMLE-Trade,17/06/2026,0.228583
JPM,47896,QMLE-Trade,18/06/2026,0.207827
JPM,47896,QMLE-Trade,22/06/2026,0.214558
JPM,47896,QMLE-Trade,23/06/2026,0.201741
JPM,47896,QMLE-Trade,24/06/2026,0.180565
JPM,47896,QMLE-Trade,25/06/2026,0.189707
JPM,47896,QMLE-Trade,26/06/2026,0.246987
JPM,47896,QMLE-Trade,29/06/2026,0.203707
JPM,47896,QMLE-Trade,30/06/2026,0.1777
JPM,47896,QMLE-Trade,1/07/2026,0.201214
JPM,47896,QMLE-Trade,2/07/2026,0.205086
JPM,47896,QMLE-Trade,6/07/2026,0.186903
JPM,47896,QMLE-Trade,7/07/2026,0.179031
JPM,47896,QMLE-Trade,8/07/2026,0.193024
JPM,47896,QMLE-Trade,9/07/2026,0.160605
JPM,47896,QMLE-Trade,10/07/2026,0.16232
JPM,47896,QMLE-Trade,13/07/2026,0.187193
JPM,47896,QMLE-Trade,14/07/2026,0.365945
JPM,47896,QMLE-Trade,15/07/2026,0.271428
JPM,47896,QMLE-Trade,16/07/2026,0.2517
JPM,47896,QMLE-Trade,17/07/2026,0.235278
JPM,47896,QMLE-Trade,20/07/2026,0.198509
JPM,47896,QMLE-Trade,21/07/2026,0.177385
JPM,47896,QMLE-Trade,22/07/2026,0.169163
JPM,47896,QMLE-Trade,23/07/2026,0.192297
JPM,47896,QMLE-Trade,24/07/2026,0.179068
JPM,47896,QMLE-Trade,27/07/2026,0.178083
JPM,47896,QMLE-Trade,28/07/2026,0.183816
JPM,47896,QMLE-Quote,2/01/1996,0.102908
JPM,47896,QMLE-Quote,3/01/1996,0.134946
JPM,47896,QMLE-Quote,4/01/1996,0.289907
JPM,47896,QMLE-Quote,5/01/1996,0.292507
JPM,47896,QMLE-Quote,8/01/1996,0.10572
JPM,47896,QMLE-Quote,9/01/1996,0.324172
JPM,47896,QMLE-Quote,10/01/1996,0.440715
JPM,47896,QMLE-Quote,11/01/1996,0.246047
JPM,47896,QMLE-Quote,12/01/1996,0.299063
JPM,47896,QMLE-Quote,15/01/1996,0.115832
JPM,47896,QMLE-Quote,16/01/1996,0.36057
JPM,47896,QMLE-Quote,17/01/1996,0.320819
JPM,47896,QMLE-Quote,18/01/1996,0.163894
JPM,47896,QMLE-Quote,19/01/1996,0.176828
JPM,47896,QMLE-Quote,22/01/1996,0.413567
JPM,47896,QMLE-Quote,23/01/1996,0.227718
JPM,47896,QMLE-Quote,24/01/1996,0.231026
JPM,47896,QMLE-Quote,25/01/1996,0.238918
JPM,47896,QMLE-Quote,26/01/1996,0.249549
JPM,47896,QMLE-Quote,29/01/1996,0.306182
JPM,47896,QMLE-Quote,30/01/1996,0.311973
JPM,47896,QMLE-Quote,31/01/1996,0.194442
JPM,47896,QMLE-Quote,1/02/1996,0.115948
JPM,47896,QMLE-Quote,2/02/1996,0.235262
JPM,47896,QMLE-Quote,5/02/1996,0.133016
JPM,47896,QMLE-Quote,6/02/1996,0.226183
JPM,47896,QMLE-Quote,7/02/1996,0.118194
JPM,47896,QMLE-Quote,8/02/1996,0.158529
JPM,47896,QMLE-Quote,9/02/1996,0.226728
JPM,47896,QMLE-Quote,12/02/1996,0.150273
JPM,47896,QMLE-Quote,13/02/1996,0.114084
JPM,47896,QMLE-Quote,14/02/1996,0.187007
JPM,47896,QMLE-Quote,15/02/1996,0.156741
JPM,47896,QMLE-Quote,16/02/1996,0.156433
JPM,47896,QMLE-Quote,20/02/1996,0.137237
JPM,47896,QMLE-Quote,21/02/1996,0.252223
JPM,47896,QMLE-Quote,22/02/1996,0.223232
JPM,47896,QMLE-Quote,23/02/1996,0.285491
JPM,47896,QMLE-Quote,26/02/1996,0.248995
JPM,47896,QMLE-Quote,27/02/1996,0.243385
JPM,47896,QMLE-Quote,28/02/1996,0.29918
JPM,47896,QMLE-Quote,29/02/1996,0.296461
JPM,47896,QMLE-Quote,1/03/1996,0.24428
JPM,47896,QMLE-Quote,4/03/1996,0.162562
JPM,47896,QMLE-Quote,5/03/1996,0.144921
JPM,47896,QMLE-Quote,6/03/1996,0.177555
JPM,47896,QMLE-Quote,7/03/1996,0.16803
JPM,47896,QMLE-Quote,8/03/1996,0.65288
JPM,47896,QMLE-Quote,11/03/1996,0.267754
JPM,47896,QMLE-Quote,12/03/1996,0.428778
JPM,47896,QMLE-Quote,13/03/1996,0.278335
JPM,47896,QMLE-Quote,14/03/1996,0.266023
JPM,47896,QMLE-Quote,15/03/1996,0.20402
JPM,47896,QMLE-Quote,18/03/1996,0.235094
JPM,47896,QMLE-Quote,19/03/1996,0.182997
JPM,47896,QMLE-Quote,20/03/1996,0.227689
JPM,47896,QMLE-Quote,21/03/1996,0.000313091
JPM,47896,QMLE-Quote,22/03/1996,0.175016
JPM,47896,QMLE-Quote,25/03/1996,0.148723
JPM,47896,QMLE-Quote,26/03/1996,0.17358
JPM,47896,QMLE-Quote,27/03/1996,0.182798
JPM,47896,QMLE-Quote,28/03/1996,0.0988251
JPM,47896,QMLE-Quote,29/03/1996,0.248597
JPM,47896,QMLE-Quote,1/04/1996,0.208208
JPM,47896,QMLE-Quote,2/04/1996,0.224224
JPM,47896,QMLE-Quote,3/04/1996,0.199038
JPM,47896,QMLE-Quote,4/04/1996,0.0602198
JPM,47896,QMLE-Quote,8/04/1996,0.437369
JPM,47896,QMLE-Quote,9/04/1996,0.257349
JPM,47896,QMLE-Quote,10/04/1996,0.334309
JPM,47896,QMLE-Quote,11/04/1996,0.558072
JPM,47896,QMLE-Quote,12/04/1996,0.25895
JPM,47896,QMLE-Quote,15/04/1996,0.175679
JPM,47896,QMLE-Quote,16/04/1996,0.347813
JPM,47896,QMLE-Quote,17/04/1996,0.361741
JPM,47896,QMLE-Quote,18/04/1996,0.286271
JPM,47896,QMLE-Quote,19/04/1996,0.27886
JPM,47896,QMLE-Quote,22/04/1996,0.224621
JPM,47896,QMLE-Quote,23/04/1996,0.205212
JPM,47896,QMLE-Quote,24/04/1996,0.14847
JPM,47896,QMLE-Quote,25/04/1996,0.194058
JPM,47896,QMLE-Quote,26/04/1996,0.288096
JPM,47896,QMLE-Quote,29/04/1996,0.123389
JPM,47896,QMLE-Quote,30/04/1996,0.11949
JPM,47896,QMLE-Quote,1/05/1996,0.161861
JPM,47896,QMLE-Quote,2/05/1996,0.302103
JPM,47896,QMLE-Quote,3/05/1996,0.256941
JPM,47896,QMLE-Quote,6/05/1996,0.284476
JPM,47896,QMLE-Quote,7/05/1996,0.282338
JPM,47896,QMLE-Quote,8/05/1996,0.376074
JPM,47896,QMLE-Quote,9/05/1996,0.221149
JPM,47896,QMLE-Quote,10/05/1996,0.22525
JPM,47896,QMLE-Quote,13/05/1996,0.121461
JPM,47896,QMLE-Quote,14/05/1996,0.257642
JPM,47896,QMLE-Quote,15/05/1996,0.204773
JPM,47896,QMLE-Quote,16/05/1996,0.180744
JPM,47896,QMLE-Quote,17/05/1996,0.156827
JPM,47896,QMLE-Quote,20/05/1996,0.245623
JPM,47896,QMLE-Quote,21/05/1996,0.185442
JPM,47896,QMLE-Quote,22/05/1996,0.267146
JPM,47896,QMLE-Quote,23/05/1996,0.207669
JPM,47896,QMLE-Quote,24/05/1996,0.0840067
JPM,47896,QMLE-Quote,28/05/1996,0.210858
JPM,47896,QMLE-Quote,29/05/1996,0.226136
JPM,47896,QMLE-Quote,30/05/1996,0.26658
JPM,47896,QMLE-Quote,31/05/1996,0.256424
JPM,47896,QMLE-Quote,3/06/1996,0.0380497
JPM,47896,QMLE-Quote,4/06/1996,0.167773
JPM,47896,QMLE-Quote,5/06/1996,0.216263
JPM,47896,QMLE-Quote,6/06/1996,0.277861
JPM,47896,QMLE-Quote,7/06/1996,0.224804
JPM,47896,QMLE-Quote,10/06/1996,0.14493
JPM,47896,QMLE-Quote,11/06/1996,0.146791
JPM,47896,QMLE-Quote,12/06/1996,0.21227
JPM,47896,QMLE-Quote,13/06/1996,0.242924
JPM,47896,QMLE-Quote,14/06/1996,0.153996
JPM,47896,QMLE-Quote,17/06/1996,0.106311
JPM,47896,QMLE-Quote,18/06/1996,0.133841
JPM,47896,QMLE-Quote,19/06/1996,0.198051
JPM,47896,QMLE-Quote,20/06/1996,0.276589
JPM,47896,QMLE-Quote,21/06/1996,0.237448
JPM,47896,QMLE-Quote,24/06/1996,0.230589
JPM,47896,QMLE-Quote,25/06/1996,0.187123
JPM,47896,QMLE-Quote,26/06/1996,0.238577
JPM,47896,QMLE-Quote,27/06/1996,0.226973
JPM,47896,QMLE-Quote,28/06/1996,0.0456399
JPM,47896,QMLE-Quote,1/07/1996,0.101614
JPM,47896,QMLE-Quote,2/07/1996,0.00389222
JPM,47896,QMLE-Quote,3/07/1996,0.120678
JPM,47896,QMLE-Quote,5/07/1996,0.193927
JPM,47896,QMLE-Quote,8/07/1996,0.359901
JPM,47896,QMLE-Quote,9/07/1996,0.155935
JPM,47896,QMLE-Quote,10/07/1996,0.20335
JPM,47896,QMLE-Quote,11/07/1996,0.264302
JPM,47896,QMLE-Quote,12/07/1996,0.270914
JPM,47896,QMLE-Quote,15/07/1996,0.321911
JPM,47896,QMLE-Quote,16/07/1996,0.507556
JPM,47896,QMLE-Quote,17/07/1996,0.211623
JPM,47896,QMLE-Quote,18/07/1996,0.31626
JPM,47896,QMLE-Quote,19/07/1996,0.204003
JPM,47896,QMLE-Quote,22/07/1996,0.214955
JPM,47896,QMLE-Quote,23/07/1996,0.212633
JPM,47896,QMLE-Quote,24/07/1996,0.300304
JPM,47896,QMLE-Quote,25/07/1996,0.20044
JPM,47896,QMLE-Quote,26/07/1996,0.112057
JPM,47896,QMLE-Quote,29/07/1996,0.0966045
JPM,47896,QMLE-Quote,30/07/1996,0.0520081
JPM,47896,QMLE-Quote,31/07/1996,0.137752
JPM,47896,QMLE-Quote,1/08/1996,0.350645
JPM,47896,QMLE-Quote,2/08/1996,0.260379
JPM,47896,QMLE-Quote,5/08/1996,0.0777466
JPM,47896,QMLE-Quote,6/08/1996,0.183789
JPM,47896,QMLE-Quote,7/08/1996,0.160649
JPM,47896,QMLE-Quote,8/08/1996,0.00751978
JPM,47896,QMLE-Quote,9/08/1996,0.207859
JPM,47896,QMLE-Quote,12/08/1996,0.168693
JPM,47896,QMLE-Quote,13/08/1996,0.181048
JPM,47896,QMLE-Quote,14/08/1996,0.0752405
JPM,47896,QMLE-Quote,15/08/1996,0.116751
JPM,47896,QMLE-Quote,16/08/1996,0.126074
JPM,47896,QMLE-Quote,19/08/1996,0.121825
JPM,47896,QMLE-Quote,20/08/1996,0.168072
JPM,47896,QMLE-Quote,21/08/1996,0.184709
JPM,47896,QMLE-Quote,22/08/1996,0.132573
JPM,47896,QMLE-Quote,23/08/1996,0.160452
JPM,47896,QMLE-Quote,26/08/1996,0.116766
JPM,47896,QMLE-Quote,27/08/1996,0.0478716
JPM,47896,QMLE-Quote,28/08/1996,0.148204
JPM,47896,QMLE-Quote,29/08/1996,0.0847587
JPM,47896,QMLE-Quote,30/08/1996,0.223883
JPM,47896,QMLE-Quote,3/09/1996,0.0733532
JPM,47896,QMLE-Quote,4/09/1996,0.018995
JPM,47896,QMLE-Quote,5/09/1996,0.00123387
JPM,47896,QMLE-Quote,6/09/1996,0.161542
JPM,47896,QMLE-Quote,9/09/1996,0.142769
JPM,47896,QMLE-Quote,10/09/1996,0.187793
JPM,47896,QMLE-Quote,11/09/1996,0.268758
JPM,47896,QMLE-Quote,12/09/1996,0.148934
JPM,47896,QMLE-Quote,13/09/1996,0.0579568
JPM,47896,QMLE-Quote,16/09/1996,0.0027214
JPM,47896,QMLE-Quote,17/09/1996,0.214309
JPM,47896,QMLE-Quote,18/09/1996,0.162718
JPM,47896,QMLE-Quote,19/09/1996,0.159154
JPM,47896,QMLE-Quote,20/09/1996,0.146005
JPM,47896,QMLE-Quote,23/09/1996,0.17765
JPM,47896,QMLE-Quote,24/09/1996,0.249668
JPM,47896,QMLE-Quote,25/09/1996,0.0798258
JPM,47896,QMLE-Quote,26/09/1996,0.145589
JPM,47896,QMLE-Quote,27/09/1996,0.032516
JPM,47896,QMLE-Quote,30/09/1996,0.170803
JPM,47896,QMLE-Quote,1/10/1996,0.154127
JPM,47896,QMLE-Quote,2/10/1996,0.150295
JPM,47896,QMLE-Quote,3/10/1996,0.186227
JPM,47896,QMLE-Quote,4/10/1996,0.100958
JPM,47896,QMLE-Quote,7/10/1996,0.143413
JPM,47896,QMLE-Quote,8/10/1996,0.0810612
JPM,47896,QMLE-Quote,9/10/1996,0.232556
JPM,47896,QMLE-Quote,10/10/1996,0.137902
JPM,47896,QMLE-Quote,11/10/1996,0.0602987
JPM,47896,QMLE-Quote,14/10/1996,0.0862491
JPM,47896,QMLE-Quote,15/10/1996,0.320051
JPM,47896,QMLE-Quote,16/10/1996,0.222893
JPM,47896,QMLE-Quote,17/10/1996,0.129971
JPM,47896,QMLE-Quote,18/10/1996,0.0847148
JPM,47896,QMLE-Quote,21/10/1996,0.144012
JPM,47896,QMLE-Quote,22/10/1996,0.0922627
JPM,47896,QMLE-Quote,23/10/1996,0.158581
JPM,47896,QMLE-Quote,24/10/1996,0.177814
JPM,47896,QMLE-Quote,25/10/1996,0.0823653
JPM,47896,QMLE-Quote,28/10/1996,0.0803348
JPM,47896,QMLE-Quote,29/10/1996,0.194902
JPM,47896,QMLE-Quote,30/10/1996,0.107284
JPM,47896,QMLE-Quote,31/10/1996,0.167453
JPM,47896,QMLE-Quote,1/11/1996,0.163964
JPM,47896,QMLE-Quote,4/11/1996,0.0942048
JPM,47896,QMLE-Quote,5/11/1996,0.130211
JPM,47896,QMLE-Quote,6/11/1996,0.162548
JPM,47896,QMLE-Quote,7/11/1996,0.18322
JPM,47896,QMLE-Quote,8/11/1996,0.0500521
JPM,47896,QMLE-Quote,11/11/1996,0.0733374
JPM,47896,QMLE-Quote,12/11/1996,0.136126
JPM,47896,QMLE-Quote,13/11/1996,0.230433
JPM,47896,QMLE-Quote,14/11/1996,0.260354
JPM,47896,QMLE-Quote,15/11/1996,0.174647
JPM,47896,QMLE-Quote,18/11/1996,0.181254
JPM,47896,QMLE-Quote,19/11/1996,0.29629
JPM,47896,QMLE-Quote,20/11/1996,0.160421
JPM,47896,QMLE-Quote,21/11/1996,0.192577
JPM,47896,QMLE-Quote,22/11/1996,0.266
JPM,47896,QMLE-Quote,25/11/1996,0.304881
JPM,47896,QMLE-Quote,26/11/1996,0.314373
JPM,47896,QMLE-Quote,27/11/1996,0.15421
JPM,47896,QMLE-Quote,29/11/1996,0.124344
JPM,47896,QMLE-Quote,2/12/1996,0.163303
JPM,47896,QMLE-Quote,3/12/1996,0.301407
JPM,47896,QMLE-Quote,4/12/1996,0.364642
JPM,47896,QMLE-Quote,5/12/1996,0.313773
JPM,47896,QMLE-Quote,6/12/1996,0.321194
JPM,47896,QMLE-Quote,9/12/1996,0.129847
JPM,47896,QMLE-Quote,10/12/1996,0.16859
JPM,47896,QMLE-Quote,11/12/1996,0.29147
JPM,47896,QMLE-Quote,12/12/1996,0.401651
JPM,47896,QMLE-Quote,13/12/1996,0.440333
JPM,47896,QMLE-Quote,16/12/1996,0.21077
JPM,47896,QMLE-Quote,17/12/1996,0.302463
JPM,47896,QMLE-Quote,18/12/1996,0.231714
JPM,47896,QMLE-Quote,19/12/1996,0.22487
JPM,47896,QMLE-Quote,20/12/1996,0.172814
JPM,47896,QMLE-Quote,23/12/1996,0.131517
JPM,47896,QMLE-Quote,24/12/1996,0.166904
JPM,47896,QMLE-Quote,26/12/1996,0.125478
JPM,47896,QMLE-Quote,27/12/1996,0.159974
JPM,47896,QMLE-Quote,30/12/1996,0.15332
JPM,47896,QMLE-Quote,31/12/1996,0.240771
JPM,47896,QMLE-Quote,2/01/1997,0.326481
JPM,47896,QMLE-Quote,3/01/1997,0.289994
JPM,47896,QMLE-Quote,6/01/1997,0.233349
JPM,47896,QMLE-Quote,7/01/1997,0.227757
JPM,47896,QMLE-Quote,8/01/1997,0.209918
JPM,47896,QMLE-Quote,9/01/1997,0.196878
JPM,47896,QMLE-Quote,10/01/1997,0.213615
JPM,47896,QMLE-Quote,13/01/1997,0.239608
JPM,47896,QMLE-Quote,14/01/1997,0.246435
JPM,47896,QMLE-Quote,15/01/1997,0.27765
JPM,47896,QMLE-Quote,16/01/1997,0.121536
JPM,47896,QMLE-Quote,17/01/1997,0.140333
JPM,47896,QMLE-Quote,20/01/1997,0.236232
JPM,47896,QMLE-Quote,21/01/1997,0.257056
JPM,47896,QMLE-Quote,22/01/1997,0.237113
JPM,47896,QMLE-Quote,23/01/1997,0.272771
JPM,47896,QMLE-Quote,24/01/1997,0.253588
JPM,47896,QMLE-Quote,27/01/1997,0.195717
JPM,47896,QMLE-Quote,28/01/1997,0.275209
JPM,47896,QMLE-Quote,29/01/1997,0.180287
JPM,47896,QMLE-Quote,30/01/1997,0.193328
JPM,47896,QMLE-Quote,31/01/1997,0.130099
JPM,47896,QMLE-Quote,3/02/1997,0.202743
JPM,47896,QMLE-Quote,4/02/1997,0.222543
JPM,47896,QMLE-Quote,5/02/1997,0.263509
JPM,47896,QMLE-Quote,6/02/1997,0.211169
JPM,47896,QMLE-Quote,7/02/1997,0.234425
JPM,47896,QMLE-Quote,10/02/1997,0.199218
JPM,47896,QMLE-Quote,11/02/1997,0.176626
JPM,47896,QMLE-Quote,12/02/1997,0.241091
JPM,47896,QMLE-Quote,13/02/1997,0.241425
JPM,47896,QMLE-Quote,14/02/1997,0.218769
JPM,47896,QMLE-Quote,18/02/1997,0.179776
JPM,47896,QMLE-Quote,19/02/1997,0.367907
JPM,47896,QMLE-Quote,20/02/1997,0.255832
JPM,47896,QMLE-Quote,21/02/1997,0.236517
JPM,47896,QMLE-Quote,24/02/1997,0.248411
JPM,47896,QMLE-Quote,25/02/1997,0.206514
JPM,47896,QMLE-Quote,26/02/1997,0.409021
JPM,47896,QMLE-Quote,27/02/1997,0.211374
JPM,47896,QMLE-Quote,28/02/1997,0.246623
JPM,47896,QMLE-Quote,3/03/1997,0.271609
JPM,47896,QMLE-Quote,4/03/1997,0.179075
JPM,47896,QMLE-Quote,5/03/1997,0.204829
JPM,47896,QMLE-Quote,6/03/1997,0.174915
JPM,47896,QMLE-Quote,7/03/1997,0.202063
JPM,47896,QMLE-Quote,10/03/1997,0.265058
JPM,47896,QMLE-Quote,11/03/1997,0.29497
JPM,47896,QMLE-Quote,12/03/1997,0.243031
JPM,47896,QMLE-Quote,13/03/1997,0.338605
JPM,47896,QMLE-Quote,14/03/1997,0.342761
JPM,47896,QMLE-Quote,17/03/1997,0.348052
JPM,47896,QMLE-Quote,18/03/1997,0.304413
JPM,47896,QMLE-Quote,19/03/1997,0.369103
JPM,47896,QMLE-Quote,20/03/1997,0.274321
JPM,47896,QMLE-Quote,21/03/1997,0.195747
JPM,47896,QMLE-Quote,24/03/1997,0.203283
JPM,47896,QMLE-Quote,25/03/1997,0.310723
JPM,47896,QMLE-Quote,26/03/1997,0.248135
JPM,47896,QMLE-Quote,27/03/1997,0.409136
JPM,47896,QMLE-Quote,31/03/1997,0.502444
JPM,47896,QMLE-Quote,1/04/1997,0.413832
JPM,47896,QMLE-Quote,2/04/1997,0.381627
JPM,47896,QMLE-Quote,3/04/1997,0.32513
JPM,47896,QMLE-Quote,4/04/1997,0.318625
JPM,47896,QMLE-Quote,7/04/1997,0.180753
JPM,47896,QMLE-Quote,8/04/1997,0.249697
JPM,47896,QMLE-Quote,9/04/1997,0.196933
JPM,47896,QMLE-Quote,10/04/1997,0.225596
JPM,47896,QMLE-Quote,11/04/1997,0.248657
JPM,47896,QMLE-Quote,14/04/1997,0.267712
JPM,47896,QMLE-Quote,15/04/1997,0.32281
JPM,47896,QMLE-Quote,16/04/1997,0.251012
JPM,47896,QMLE-Quote,17/04/1997,0.316934
JPM,47896,QMLE-Quote,18/04/1997,0.200755
JPM,47896,QMLE-Quote,21/04/1997,0.295236
JPM,47896,QMLE-Quote,22/04/1997,0.304841
JPM,47896,QMLE-Quote,23/04/1997,0.275721
JPM,47896,QMLE-Quote,24/04/1997,0.237804
JPM,47896,QMLE-Quote,25/04/1997,0.19917
JPM,47896,QMLE-Quote,28/04/1997,0.276028
JPM,47896,QMLE-Quote,29/04/1997,0.243772
JPM,47896,QMLE-Quote,30/04/1997,0.278415
JPM,47896,QMLE-Quote,1/05/1997,0.262083
JPM,47896,QMLE-Quote,2/05/1997,0.310106
JPM,47896,QMLE-Quote,5/05/1997,0.220006
JPM,47896,QMLE-Quote,6/05/1997,0.235327
JPM,47896,QMLE-Quote,7/05/1997,0.263327
JPM,47896,QMLE-Quote,8/05/1997,0.383831
JPM,47896,QMLE-Quote,9/05/1997,0.300093
JPM,47896,QMLE-Quote,12/05/1997,0.112612
JPM,47896,QMLE-Quote,13/05/1997,0.202932
JPM,47896,QMLE-Quote,14/05/1997,0.19586
JPM,47896,QMLE-Quote,15/05/1997,0.198471
JPM,47896,QMLE-Quote,16/05/1997,0.342556
JPM,47896,QMLE-Quote,19/05/1997,0.248514
JPM,47896,QMLE-Quote,20/05/1997,0.453389
JPM,47896,QMLE-Quote,21/05/1997,0.353235
JPM,47896,QMLE-Quote,22/05/1997,0.21759
JPM,47896,QMLE-Quote,23/05/1997,0.143351
JPM,47896,QMLE-Quote,27/05/1997,0.271248
JPM,47896,QMLE-Quote,28/05/1997,0.213261
JPM,47896,QMLE-Quote,29/05/1997,0.247139
JPM,47896,QMLE-Quote,30/05/1997,0.32501
JPM,47896,QMLE-Quote,2/06/1997,0.318855
JPM,47896,QMLE-Quote,3/06/1997,0.273453
JPM,47896,QMLE-Quote,4/06/1997,0.198942
JPM,47896,QMLE-Quote,5/06/1997,0.144059
JPM,47896,QMLE-Quote,6/06/1997,0.256279
JPM,47896,QMLE-Quote,9/06/1997,0.356333
JPM,47896,QMLE-Quote,10/06/1997,0.157634
JPM,47896,QMLE-Quote,11/06/1997,0.135918
JPM,47896,QMLE-Quote,12/06/1997,0.293604
JPM,47896,QMLE-Quote,13/06/1997,0.316163
JPM,47896,QMLE-Quote,16/06/1997,0.196718
JPM,47896,QMLE-Quote,17/06/1997,0.243924
JPM,47896,QMLE-Quote,18/06/1997,0.226749
JPM,47896,QMLE-Quote,19/06/1997,0.188669
JPM,47896,QMLE-Quote,20/06/1997,0.195614
JPM,47896,QMLE-Quote,23/06/1997,0.181032
JPM,47896,QMLE-Quote,24/06/1997,0.184571
JPM,47896,QMLE-Quote,25/06/1997,0.252784
JPM,47896,QMLE-Quote,26/06/1997,0.212405
JPM,47896,QMLE-Quote,27/06/1997,0.228616
JPM,47896,QMLE-Quote,30/06/1997,0.19034
JPM,47896,QMLE-Quote,1/07/1997,0.349663
JPM,47896,QMLE-Quote,2/07/1997,0.279009
JPM,47896,QMLE-Quote,3/07/1997,0.254836
JPM,47896,QMLE-Quote,7/07/1997,0.151704
JPM,47896,QMLE-Quote,8/07/1997,0.124164
JPM,47896,QMLE-Quote,9/07/1997,0.256337
JPM,47896,QMLE-Quote,10/07/1997,0.223496
JPM,47896,QMLE-Quote,11/07/1997,0.174825
JPM,47896,QMLE-Quote,14/07/1997,0.123277
JPM,47896,QMLE-Quote,15/07/1997,0.186117
JPM,47896,QMLE-Quote,16/07/1997,0.207966
JPM,47896,QMLE-Quote,17/07/1997,0.194213
JPM,47896,QMLE-Quote,18/07/1997,0.204777
JPM,47896,QMLE-Quote,21/07/1997,0.213773
JPM,47896,QMLE-Quote,22/07/1997,0.227502
JPM,47896,QMLE-Quote,23/07/1997,0.215738
JPM,47896,QMLE-Quote,24/07/1997,0.265179
JPM,47896,QMLE-Quote,25/07/1997,0.177697
JPM,47896,QMLE-Quote,28/07/1997,0.132977
JPM,47896,QMLE-Quote,29/07/1997,0.148043
JPM,47896,QMLE-Quote,30/07/1997,0.268701
JPM,47896,QMLE-Quote,31/07/1997,0.224184
JPM,47896,QMLE-Quote,1/08/1997,0.384434
JPM,47896,QMLE-Quote,4/08/1997,0.187354
JPM,47896,QMLE-Quote,5/08/1997,0.135254
JPM,47896,QMLE-Quote,6/08/1997,0.202092
JPM,47896,QMLE-Quote,7/08/1997,0.325985
JPM,47896,QMLE-Quote,8/08/1997,0.320121
JPM,47896,QMLE-Quote,11/08/1997,0.255934
JPM,47896,QMLE-Quote,12/08/1997,0.174532
JPM,47896,QMLE-Quote,13/08/1997,0.231497
JPM,47896,QMLE-Quote,14/08/1997,0.124197
JPM,47896,QMLE-Quote,15/08/1997,0.188207
JPM,47896,QMLE-Quote,18/08/1997,0.237458
JPM,47896,QMLE-Quote,19/08/1997,0.21831
JPM,47896,QMLE-Quote,20/08/1997,0.20522
JPM,47896,QMLE-Quote,21/08/1997,0.278444
JPM,47896,QMLE-Quote,22/08/1997,0.319593
JPM,47896,QMLE-Quote,25/08/1997,0.16934
JPM,47896,QMLE-Quote,26/08/1997,0.173891
JPM,47896,QMLE-Quote,27/08/1997,0.214693
JPM,47896,QMLE-Quote,28/08/1997,0.278054
JPM,47896,QMLE-Quote,29/08/1997,0.173711
JPM,47896,QMLE-Quote,2/09/1997,0.294805
JPM,47896,QMLE-Quote,3/09/1997,0.151879
JPM,47896,QMLE-Quote,4/09/1997,0.127769
JPM,47896,QMLE-Quote,5/09/1997,0.240044
JPM,47896,QMLE-Quote,8/09/1997,0.0850291
JPM,47896,QMLE-Quote,9/09/1997,0.156758
JPM,47896,QMLE-Quote,10/09/1997,0.145434
JPM,47896,QMLE-Quote,11/09/1997,0.213273
JPM,47896,QMLE-Quote,12/09/1997,0.195096
JPM,47896,QMLE-Quote,15/09/1997,0.106669
JPM,47896,QMLE-Quote,16/09/1997,0.161034
JPM,47896,QMLE-Quote,17/09/1997,0.216066
JPM,47896,QMLE-Quote,18/09/1997,0.114655
JPM,47896,QMLE-Quote,19/09/1997,0.151274
JPM,47896,QMLE-Quote,22/09/1997,0.194554
JPM,47896,QMLE-Quote,23/09/1997,0.18296
JPM,47896,QMLE-Quote,24/09/1997,0.247475
JPM,47896,QMLE-Quote,25/09/1997,0.193264
JPM,47896,QMLE-Quote,26/09/1997,0.171852
JPM,47896,QMLE-Quote,29/09/1997,0.17736
JPM,47896,QMLE-Quote,30/09/1997,0.20694
JPM,47896,QMLE-Quote,1/10/1997,0.140705
JPM,47896,QMLE-Quote,2/10/1997,0.147705
JPM,47896,QMLE-Quote,3/10/1997,0.218096
JPM,47896,QMLE-Quote,6/10/1997,0.135229
JPM,47896,QMLE-Quote,7/10/1997,0.129372
JPM,47896,QMLE-Quote,8/10/1997,0.217599
JPM,47896,QMLE-Quote,9/10/1997,0.152566
JPM,47896,QMLE-Quote,10/10/1997,0.2093
JPM,47896,QMLE-Quote,13/10/1997,0.107545
JPM,47896,QMLE-Quote,14/10/1997,0.11671
JPM,47896,QMLE-Quote,15/10/1997,0.159455
JPM,47896,QMLE-Quote,16/10/1997,0.184452
JPM,47896,QMLE-Quote,17/10/1997,0.20276
JPM,47896,QMLE-Quote,20/10/1997,0.228911
JPM,47896,QMLE-Quote,21/10/1997,0.118573
JPM,47896,QMLE-Quote,22/10/1997,0.166906
JPM,47896,QMLE-Quote,23/10/1997,0.250687
JPM,47896,QMLE-Quote,24/10/1997,0.236039
JPM,47896,QMLE-Quote,27/10/1997,0.457091
JPM,47896,QMLE-Quote,28/10/1997,0.691665
JPM,47896,QMLE-Quote,29/10/1997,0.299757
JPM,47896,QMLE-Quote,30/10/1997,0.313136
JPM,47896,QMLE-Quote,31/10/1997,0.254012
JPM,47896,QMLE-Quote,3/11/1997,0.222353
JPM,47896,QMLE-Quote,4/11/1997,0.171393
JPM,47896,QMLE-Quote,5/11/1997,0.241483
JPM,47896,QMLE-Quote,6/11/1997,0.266052
JPM,47896,QMLE-Quote,7/11/1997,0.270047
JPM,47896,QMLE-Quote,10/11/1997,0.276004
JPM,47896,QMLE-Quote,11/11/1997,0.297551
JPM,47896,QMLE-Quote,12/11/1997,0.411872
JPM,47896,QMLE-Quote,13/11/1997,0.334536
JPM,47896,QMLE-Quote,14/11/1997,0.446137
JPM,47896,QMLE-Quote,17/11/1997,0.237476
JPM,47896,QMLE-Quote,18/11/1997,0.274916
JPM,47896,QMLE-Quote,19/11/1997,0.311203
JPM,47896,QMLE-Quote,20/11/1997,0.241562
JPM,47896,QMLE-Quote,21/11/1997,0.278714
JPM,47896,QMLE-Quote,24/11/1997,0.272037
JPM,47896,QMLE-Quote,25/11/1997,0.335983
JPM,47896,QMLE-Quote,26/11/1997,0.243417
JPM,47896,QMLE-Quote,28/11/1997,0.216243
JPM,47896,QMLE-Quote,1/12/1997,0.268539
JPM,47896,QMLE-Quote,2/12/1997,0.290974
JPM,47896,QMLE-Quote,3/12/1997,0.249292
JPM,47896,QMLE-Quote,4/12/1997,0.258016
JPM,47896,QMLE-Quote,5/12/1997,0.311617
JPM,47896,QMLE-Quote,8/12/1997,0.240489
JPM,47896,QMLE-Quote,9/12/1997,0.2194
JPM,47896,QMLE-Quote,10/12/1997,0.352228
JPM,47896,QMLE-Quote,11/12/1997,0.327127
JPM,47896,QMLE-Quote,12/12/1997,0.352052
JPM,47896,QMLE-Quote,15/12/1997,0.225637
JPM,47896,QMLE-Quote,16/12/1997,0.241802
JPM,47896,QMLE-Quote,17/12/1997,0.235576
JPM,47896,QMLE-Quote,18/12/1997,0.34065
JPM,47896,QMLE-Quote,19/12/1997,0.408928
JPM,47896,QMLE-Quote,22/12/1997,0.310839
JPM,47896,QMLE-Quote,23/12/1997,0.270989
JPM,47896,QMLE-Quote,24/12/1997,0.160218
JPM,47896,QMLE-Quote,26/12/1997,0.270999
JPM,47896,QMLE-Quote,29/12/1997,0.218377
JPM,47896,QMLE-Quote,30/12/1997,0.231899
JPM,47896,QMLE-Quote,31/12/1997,0.146658
JPM,47896,QMLE-Quote,2/01/1998,0.247135
JPM,47896,QMLE-Quote,5/01/1998,0.183517
JPM,47896,QMLE-Quote,6/01/1998,0.279975
JPM,47896,QMLE-Quote,7/01/1998,0.452729
JPM,47896,QMLE-Quote,8/01/1998,0.383352
JPM,47896,QMLE-Quote,9/01/1998,0.422316
JPM,47896,QMLE-Quote,12/01/1998,0.462225
JPM,47896,QMLE-Quote,13/01/1998,0.185361
JPM,47896,QMLE-Quote,14/01/1998,0.303287
JPM,47896,QMLE-Quote,15/01/1998,0.15701
JPM,47896,QMLE-Quote,16/01/1998,0.161682
JPM,47896,QMLE-Quote,20/01/1998,0.31872
JPM,47896,QMLE-Quote,21/01/1998,0.369583
JPM,47896,QMLE-Quote,22/01/1998,0.194037
JPM,47896,QMLE-Quote,23/01/1998,0.29759
JPM,47896,QMLE-Quote,26/01/1998,0.27268
JPM,47896,QMLE-Quote,27/01/1998,0.203119
JPM,47896,QMLE-Quote,28/01/1998,0.270648
JPM,47896,QMLE-Quote,29/01/1998,0.207395
JPM,47896,QMLE-Quote,30/01/1998,0.127354
JPM,47896,QMLE-Quote,2/02/1998,0.222571
JPM,47896,QMLE-Quote,3/02/1998,0.214952
JPM,47896,QMLE-Quote,4/02/1998,0.248204
JPM,47896,QMLE-Quote,5/02/1998,0.241911
JPM,47896,QMLE-Quote,6/02/1998,0.1754
JPM,47896,QMLE-Quote,9/02/1998,0.25056
JPM,47896,QMLE-Quote,10/02/1998,0.162343
JPM,47896,QMLE-Quote,11/02/1998,0.121973
JPM,47896,QMLE-Quote,12/02/1998,0.244509
JPM,47896,QMLE-Quote,13/02/1998,0.159659
JPM,47896,QMLE-Quote,17/02/1998,0.128755
JPM,47896,QMLE-Quote,18/02/1998,0.198057
JPM,47896,QMLE-Quote,19/02/1998,0.204337
JPM,47896,QMLE-Quote,20/02/1998,0.169718
JPM,47896,QMLE-Quote,23/02/1998,0.0947836
JPM,47896,QMLE-Quote,24/02/1998,0.199352
JPM,47896,QMLE-Quote,25/02/1998,0.186643
JPM,47896,QMLE-Quote,26/02/1998,0.237115
JPM,47896,QMLE-Quote,27/02/1998,0.195904
JPM,47896,QMLE-Quote,2/03/1998,0.173687
JPM,47896,QMLE-Quote,3/03/1998,0.195183
JPM,47896,QMLE-Quote,4/03/1998,0.203339
JPM,47896,QMLE-Quote,5/03/1998,0.181598
JPM,47896,QMLE-Quote,6/03/1998,0.184494
JPM,47896,QMLE-Quote,9/03/1998,0.213358
JPM,47896,QMLE-Quote,10/03/1998,0.212779
JPM,47896,QMLE-Quote,11/03/1998,0.20724
JPM,47896,QMLE-Quote,12/03/1998,0.200705
JPM,47896,QMLE-Quote,13/03/1998,0.190472
JPM,47896,QMLE-Quote,16/03/1998,0.193585
JPM,47896,QMLE-Quote,17/03/1998,0.505674
JPM,47896,QMLE-Quote,18/03/1998,0.242297
JPM,47896,QMLE-Quote,19/03/1998,0.309075
JPM,47896,QMLE-Quote,20/03/1998,0.204482
JPM,47896,QMLE-Quote,23/03/1998,0.171764
JPM,47896,QMLE-Quote,24/03/1998,0.184779
JPM,47896,QMLE-Quote,25/03/1998,0.308287
JPM,47896,QMLE-Quote,26/03/1998,0.251941
JPM,47896,QMLE-Quote,27/03/1998,0.269219
JPM,47896,QMLE-Quote,30/03/1998,0.19059
JPM,47896,QMLE-Quote,31/03/1998,0.236605
JPM,47896,QMLE-Quote,1/04/1998,0.116617
JPM,47896,QMLE-Quote,2/04/1998,0.222455
JPM,47896,QMLE-Quote,3/04/1998,0.221905
JPM,47896,QMLE-Quote,6/04/1998,0.272836
JPM,47896,QMLE-Quote,7/04/1998,0.468759
JPM,47896,QMLE-Quote,8/04/1998,0.283451
JPM,47896,QMLE-Quote,9/04/1998,0.307606
JPM,47896,QMLE-Quote,13/04/1998,0.292705
JPM,47896,QMLE-Quote,14/04/1998,0.294877
JPM,47896,QMLE-Quote,15/04/1998,0.24698
JPM,47896,QMLE-Quote,16/04/1998,0.365552
JPM,47896,QMLE-Quote,17/04/1998,0.222814
JPM,47896,QMLE-Quote,20/04/1998,0.266149
JPM,47896,QMLE-Quote,21/04/1998,0.266125
JPM,47896,QMLE-Quote,22/04/1998,0.215624
JPM,47896,QMLE-Quote,23/04/1998,0.188125
JPM,47896,QMLE-Quote,24/04/1998,0.249144
JPM,47896,QMLE-Quote,27/04/1998,0.393445
JPM,47896,QMLE-Quote,28/04/1998,0.250408
JPM,47896,QMLE-Quote,29/04/1998,0.2582
JPM,47896,QMLE-Quote,30/04/1998,0.264569
JPM,47896,QMLE-Quote,1/05/1998,0.228626
JPM,47896,QMLE-Quote,4/05/1998,0.309616
JPM,47896,QMLE-Quote,5/05/1998,0.301309
JPM,47896,QMLE-Quote,6/05/1998,0.273607
JPM,47896,QMLE-Quote,7/05/1998,0.209446
JPM,47896,QMLE-Quote,8/05/1998,0.235681
JPM,47896,QMLE-Quote,11/05/1998,0.235554
JPM,47896,QMLE-Quote,12/05/1998,0.204891
JPM,47896,QMLE-Quote,13/05/1998,0.221748
JPM,47896,QMLE-Quote,14/05/1998,0.216439
JPM,47896,QMLE-Quote,15/05/1998,0.204508
JPM,47896,QMLE-Quote,18/05/1998,0.261881
JPM,47896,QMLE-Quote,19/05/1998,0.24226
JPM,47896,QMLE-Quote,20/05/1998,0.218892
JPM,47896,QMLE-Quote,21/05/1998,0.177006
JPM,47896,QMLE-Quote,22/05/1998,0.161703
JPM,47896,QMLE-Quote,26/05/1998,0.262355
JPM,47896,QMLE-Quote,27/05/1998,0.343915
JPM,47896,QMLE-Quote,28/05/1998,0.213207
JPM,47896,QMLE-Quote,29/05/1998,0.161548
JPM,47896,QMLE-Quote,1/06/1998,0.232923
JPM,47896,QMLE-Quote,2/06/1998,0.157418
JPM,47896,QMLE-Quote,3/06/1998,0.104361
JPM,47896,QMLE-Quote,4/06/1998,0.235324
JPM,47896,QMLE-Quote,5/06/1998,0.248424
JPM,47896,QMLE-Quote,8/06/1998,0.225113
JPM,47896,QMLE-Quote,9/06/1998,0.211998
JPM,47896,QMLE-Quote,10/06/1998,0.252314
JPM,47896,QMLE-Quote,11/06/1998,0.238368
JPM,47896,QMLE-Quote,12/06/1998,0.324807
JPM,47896,QMLE-Quote,15/06/1998,0.451172
JPM,47896,QMLE-Quote,16/06/1998,0.490121
JPM,47896,QMLE-Quote,17/06/1998,0.425241
JPM,47896,QMLE-Quote,18/06/1998,0.258802
JPM,47896,QMLE-Quote,19/06/1998,0.231433
JPM,47896,QMLE-Quote,22/06/1998,0.329272
JPM,47896,QMLE-Quote,23/06/1998,0.190157
JPM,47896,QMLE-Quote,24/06/1998,0.3873
JPM,47896,QMLE-Quote,25/06/1998,0.394006
JPM,47896,QMLE-Quote,26/06/1998,0.226184
JPM,47896,QMLE-Quote,29/06/1998,0.289149
JPM,47896,QMLE-Quote,30/06/1998,0.321892
JPM,47896,QMLE-Quote,1/07/1998,0.287598
JPM,47896,QMLE-Quote,2/07/1998,0.147076
JPM,47896,QMLE-Quote,6/07/1998,0.173768
JPM,47896,QMLE-Quote,7/07/1998,0.234588
JPM,47896,QMLE-Quote,8/07/1998,0.254243
JPM,47896,QMLE-Quote,9/07/1998,0.236858
JPM,47896,QMLE-Quote,10/07/1998,0.228994
JPM,47896,QMLE-Quote,13/07/1998,0.231077
JPM,47896,QMLE-Quote,14/07/1998,0.232631
JPM,47896,QMLE-Quote,15/07/1998,0.261014
JPM,47896,QMLE-Quote,16/07/1998,0.196409
JPM,47896,QMLE-Quote,17/07/1998,0.097181
JPM,47896,QMLE-Quote,20/07/1998,0.345915
JPM,47896,QMLE-Quote,21/07/1998,0.434998
JPM,47896,QMLE-Quote,22/07/1998,0.365819
JPM,47896,QMLE-Quote,23/07/1998,0.235208
JPM,47896,QMLE-Quote,24/07/1998,0.402103
JPM,47896,QMLE-Quote,27/07/1998,0.315883
JPM,47896,QMLE-Quote,28/07/1998,0.235941
JPM,47896,QMLE-Quote,29/07/1998,0.315106
JPM,47896,QMLE-Quote,30/07/1998,0.252308
JPM,47896,QMLE-Quote,31/07/1998,0.398533
JPM,47896,QMLE-Quote,3/08/1998,0.172441
JPM,47896,QMLE-Quote,4/08/1998,0.659917
JPM,47896,QMLE-Quote,5/08/1998,0.563568
JPM,47896,QMLE-Quote,6/08/1998,0.370959
JPM,47896,QMLE-Quote,7/08/1998,0.316409
JPM,47896,QMLE-Quote,10/08/1998,0.321967
JPM,47896,QMLE-Quote,11/08/1998,0.67662
JPM,47896,QMLE-Quote,12/08/1998,0.383582
JPM,47896,QMLE-Quote,13/08/1998,0.394713
JPM,47896,QMLE-Quote,14/08/1998,0.457805
JPM,47896,QMLE-Quote,17/08/1998,0.484626
JPM,47896,QMLE-Quote,18/08/1998,0.278298
JPM,47896,QMLE-Quote,19/08/1998,0.368288
JPM,47896,QMLE-Quote,20/08/1998,0.364535
JPM,47896,QMLE-Quote,21/08/1998,0.723457
JPM,47896,QMLE-Quote,24/08/1998,0.374654
JPM,47896,QMLE-Quote,25/08/1998,0.414254
JPM,47896,QMLE-Quote,26/08/1998,0.571935
JPM,47896,QMLE-Quote,27/08/1998,0.930425
JPM,47896,QMLE-Quote,28/08/1998,0.824119
JPM,47896,QMLE-Quote,31/08/1998,0.840166
JPM,47896,QMLE-Quote,1/09/1998,1.28968
JPM,47896,QMLE-Quote,2/09/1998,0.845868
JPM,47896,QMLE-Quote,3/09/1998,0.996934
JPM,47896,QMLE-Quote,4/09/1998,1.2736
JPM,47896,QMLE-Quote,8/09/1998,0.733594
JPM,47896,QMLE-Quote,9/09/1998,0.695826
JPM,47896,QMLE-Quote,10/09/1998,1.06884
JPM,47896,QMLE-Quote,11/09/1998,1.33511
JPM,47896,QMLE-Quote,14/09/1998,0.708664
JPM,47896,QMLE-Quote,15/09/1998,0.710726
JPM,47896,QMLE-Quote,16/09/1998,0.741937
JPM,47896,QMLE-Quote,17/09/1998,0.663863
JPM,47896,QMLE-Quote,18/09/1998,0.346692
JPM,47896,QMLE-Quote,21/09/1998,0.645013
JPM,47896,QMLE-Quote,22/09/1998,0.568939
JPM,47896,QMLE-Quote,23/09/1998,0.489044
JPM,47896,QMLE-Quote,24/09/1998,0.801359
JPM,47896,QMLE-Quote,25/09/1998,0.72225
JPM,47896,QMLE-Quote,28/09/1998,0.55321
JPM,47896,QMLE-Quote,29/09/1998,0.934822
JPM,47896,QMLE-Quote,30/09/1998,0.942734
JPM,47896,QMLE-Quote,1/10/1998,0.774976
JPM,47896,QMLE-Quote,2/10/1998,0.795033
JPM,47896,QMLE-Quote,5/10/1998,0.755635
JPM,47896,QMLE-Quote,6/10/1998,0.762585
JPM,47896,QMLE-Quote,7/10/1998,0.974007
JPM,47896,QMLE-Quote,8/10/1998,1.45528
JPM,47896,QMLE-Quote,9/10/1998,0.745569
JPM,47896,QMLE-Quote,12/10/1998,0.566866
JPM,47896,QMLE-Quote,13/10/1998,0.616922
JPM,47896,QMLE-Quote,14/10/1998,0.697614
JPM,47896,QMLE-Quote,15/10/1998,1.21632
JPM,47896,QMLE-Quote,16/10/1998,0.651112
JPM,47896,QMLE-Quote,19/10/1998,0.51158
JPM,47896,QMLE-Quote,20/10/1998,0.599095
JPM,47896,QMLE-Quote,21/10/1998,0.487801
JPM,47896,QMLE-Quote,22/10/1998,0.469619
JPM,47896,QMLE-Quote,23/10/1998,0.407627
JPM,47896,QMLE-Quote,26/10/1998,0.313999
JPM,47896,QMLE-Quote,27/10/1998,0.40978
JPM,47896,QMLE-Quote,28/10/1998,0.537659
JPM,47896,QMLE-Quote,29/10/1998,0.433546
JPM,47896,QMLE-Quote,30/10/1998,0.330629
JPM,47896,QMLE-Quote,2/11/1998,0.354425
JPM,47896,QMLE-Quote,3/11/1998,0.290371
JPM,47896,QMLE-Quote,4/11/1998,0.42241
JPM,47896,QMLE-Quote,5/11/1998,0.485229
JPM,47896,QMLE-Quote,6/11/1998,0.384883
JPM,47896,QMLE-Quote,9/11/1998,0.314879
JPM,47896,QMLE-Quote,10/11/1998,0.312474
JPM,47896,QMLE-Quote,11/11/1998,0.310997
JPM,47896,QMLE-Quote,12/11/1998,0.370554
JPM,47896,QMLE-Quote,13/11/1998,0.360999
JPM,47896,QMLE-Quote,16/11/1998,0.230196
JPM,47896,QMLE-Quote,17/11/1998,0.697878
JPM,47896,QMLE-Quote,18/11/1998,0.427732
JPM,47896,QMLE-Quote,19/11/1998,0.319762
JPM,47896,QMLE-Quote,20/11/1998,0.287977
JPM,47896,QMLE-Quote,23/11/1998,0.282636
JPM,47896,QMLE-Quote,24/11/1998,0.431462
JPM,47896,QMLE-Quote,25/11/1998,0.294029
JPM,47896,QMLE-Quote,27/11/1998,0.111425
JPM,47896,QMLE-Quote,30/11/1998,0.281738
JPM,47896,QMLE-Quote,1/12/1998,0.372775
JPM,47896,QMLE-Quote,2/12/1998,0.385811
JPM,47896,QMLE-Quote,3/12/1998,0.601893
JPM,47896,QMLE-Quote,4/12/1998,0.264637
JPM,47896,QMLE-Quote,7/12/1998,0.247448
JPM,47896,QMLE-Quote,8/12/1998,0.280725
JPM,47896,QMLE-Quote,9/12/1998,0.365487
JPM,47896,QMLE-Quote,10/12/1998,0.24818
JPM,47896,QMLE-Quote,11/12/1998,0.399893
JPM,47896,QMLE-Quote,14/12/1998,0.415564
JPM,47896,QMLE-Quote,15/12/1998,0.41082
JPM,47896,QMLE-Quote,16/12/1998,0.451882
JPM,47896,QMLE-Quote,17/12/1998,0.398079
JPM,47896,QMLE-Quote,18/12/1998,0.476428
JPM,47896,QMLE-Quote,21/12/1998,0.233194
JPM,47896,QMLE-Quote,22/12/1998,0.378283
JPM,47896,QMLE-Quote,23/12/1998,0.268721
JPM,47896,QMLE-Quote,24/12/1998,0.171154
JPM,47896,QMLE-Quote,28/12/1998,0.199825
JPM,47896,QMLE-Quote,29/12/1998,0.248007
JPM,47896,QMLE-Quote,30/12/1998,0.260622
JPM,47896,QMLE-Quote,31/12/1998,0.191022
JPM,47896,QMLE-Quote,4/01/1999,0.373036
JPM,47896,QMLE-Quote,5/01/1999,0.415065
JPM,47896,QMLE-Quote,6/01/1999,0.265524
JPM,47896,QMLE-Quote,7/01/1999,0.393876
JPM,47896,QMLE-Quote,8/01/1999,0.414807
JPM,47896,QMLE-Quote,11/01/1999,0.353506
JPM,47896,QMLE-Quote,12/01/1999,0.388334
JPM,47896,QMLE-Quote,13/01/1999,0.515123
JPM,47896,QMLE-Quote,14/01/1999,0.473062
JPM,47896,QMLE-Quote,15/01/1999,0.361412
JPM,47896,QMLE-Quote,19/01/1999,0.315955
JPM,47896,QMLE-Quote,20/01/1999,0.48765
JPM,47896,QMLE-Quote,21/01/1999,0.446113
JPM,47896,QMLE-Quote,22/01/1999,0.433479
JPM,47896,QMLE-Quote,25/01/1999,0.471685
JPM,47896,QMLE-Quote,26/01/1999,0.330292
JPM,47896,QMLE-Quote,27/01/1999,0.365197
JPM,47896,QMLE-Quote,28/01/1999,0.231305
JPM,47896,QMLE-Quote,29/01/1999,0.490204
JPM,47896,QMLE-Quote,1/02/1999,0.385
JPM,47896,QMLE-Quote,2/02/1999,0.326589
JPM,47896,QMLE-Quote,3/02/1999,0.494252
JPM,47896,QMLE-Quote,4/02/1999,0.34052
JPM,47896,QMLE-Quote,5/02/1999,0.358621
JPM,47896,QMLE-Quote,8/02/1999,0.425665
JPM,47896,QMLE-Quote,9/02/1999,0.50417
JPM,47896,QMLE-Quote,10/02/1999,0.333502
JPM,47896,QMLE-Quote,11/02/1999,0.395141
JPM,47896,QMLE-Quote,12/02/1999,0.566935
JPM,47896,QMLE-Quote,16/02/1999,0.285733
JPM,47896,QMLE-Quote,17/02/1999,0.578286
JPM,47896,QMLE-Quote,18/02/1999,0.351721
JPM,47896,QMLE-Quote,19/02/1999,0.263991
JPM,47896,QMLE-Quote,22/02/1999,0.378539
JPM,47896,QMLE-Quote,23/02/1999,0.452295
JPM,47896,QMLE-Quote,24/02/1999,0.494235
JPM,47896,QMLE-Quote,25/02/1999,0.470057
JPM,47896,QMLE-Quote,26/02/1999,0.31247
JPM,47896,QMLE-Quote,1/03/1999,0.342366
JPM,47896,QMLE-Quote,2/03/1999,0.184909
JPM,47896,QMLE-Quote,3/03/1999,0.240367
JPM,47896,QMLE-Quote,4/03/1999,0.32558
JPM,47896,QMLE-Quote,5/03/1999,0.218343
JPM,47896,QMLE-Quote,8/03/1999,0.246988
JPM,47896,QMLE-Quote,9/03/1999,0.33193
JPM,47896,QMLE-Quote,10/03/1999,0.243288
JPM,47896,QMLE-Quote,11/03/1999,0.322447
JPM,47896,QMLE-Quote,12/03/1999,0.285114
JPM,47896,QMLE-Quote,15/03/1999,0.259708
JPM,47896,QMLE-Quote,16/03/1999,0.329404
JPM,47896,QMLE-Quote,17/03/1999,0.24783
JPM,47896,QMLE-Quote,18/03/1999,0.321703
JPM,47896,QMLE-Quote,19/03/1999,0.318587
JPM,47896,QMLE-Quote,22/03/1999,0.133291
JPM,47896,QMLE-Quote,23/03/1999,0.36676
JPM,47896,QMLE-Quote,24/03/1999,0.293268
JPM,47896,QMLE-Quote,25/03/1999,0.232704
JPM,47896,QMLE-Quote,26/03/1999,0.233092
JPM,47896,QMLE-Quote,29/03/1999,0.240117
JPM,47896,QMLE-Quote,30/03/1999,0.278285
JPM,47896,QMLE-Quote,31/03/1999,0.268138
JPM,47896,QMLE-Quote,1/04/1999,0.236332
JPM,47896,QMLE-Quote,5/04/1999,0.24685
JPM,47896,QMLE-Quote,6/04/1999,0.259954
JPM,47896,QMLE-Quote,7/04/1999,0.449055
JPM,47896,QMLE-Quote,8/04/1999,0.351006
JPM,47896,QMLE-Quote,9/04/1999,0.329439
JPM,47896,QMLE-Quote,12/04/1999,0.265585
JPM,47896,QMLE-Quote,13/04/1999,0.289091
JPM,47896,QMLE-Quote,14/04/1999,0.360159
JPM,47896,QMLE-Quote,15/04/1999,0.41268
JPM,47896,QMLE-Quote,16/04/1999,0.289845
JPM,47896,QMLE-Quote,19/04/1999,0.720503
JPM,47896,QMLE-Quote,20/04/1999,0.692862
JPM,47896,QMLE-Quote,21/04/1999,0.598208
JPM,47896,QMLE-Quote,22/04/1999,0.408683
JPM,47896,QMLE-Quote,23/04/1999,0.282049
JPM,47896,QMLE-Quote,26/04/1999,0.375424
JPM,47896,QMLE-Quote,27/04/1999,0.540285
JPM,47896,QMLE-Quote,28/04/1999,0.340567
JPM,47896,QMLE-Quote,29/04/1999,0.406087
JPM,47896,QMLE-Quote,30/04/1999,0.44533
JPM,47896,QMLE-Quote,3/05/1999,0.311036
JPM,47896,QMLE-Quote,4/05/1999,0.28367
JPM,47896,QMLE-Quote,5/05/1999,0.406676
JPM,47896,QMLE-Quote,6/05/1999,0.385911
JPM,47896,QMLE-Quote,7/05/1999,0.385788
JPM,47896,QMLE-Quote,10/05/1999,0.275694
JPM,47896,QMLE-Quote,11/05/1999,0.351219
JPM,47896,QMLE-Quote,12/05/1999,0.337072
JPM,47896,QMLE-Quote,13/05/1999,0.338398
JPM,47896,QMLE-Quote,14/05/1999,0.402429
JPM,47896,QMLE-Quote,17/05/1999,0.31579
JPM,47896,QMLE-Quote,18/05/1999,0.544678
JPM,47896,QMLE-Quote,19/05/1999,0.192025
JPM,47896,QMLE-Quote,20/05/1999,0.267642
JPM,47896,QMLE-Quote,21/05/1999,0.21848
JPM,47896,QMLE-Quote,24/05/1999,0.42976
JPM,47896,QMLE-Quote,25/05/1999,0.458336
JPM,47896,QMLE-Quote,26/05/1999,0.477082
JPM,47896,QMLE-Quote,27/05/1999,0.357133
JPM,47896,QMLE-Quote,28/05/1999,0.331977
JPM,47896,QMLE-Quote,1/06/1999,0.489146
JPM,47896,QMLE-Quote,2/06/1999,0.309342
JPM,47896,QMLE-Quote,3/06/1999,0.435261
JPM,47896,QMLE-Quote,4/06/1999,0.329099
JPM,47896,QMLE-Quote,7/06/1999,0.219445
JPM,47896,QMLE-Quote,8/06/1999,0.243228
JPM,47896,QMLE-Quote,9/06/1999,0.315921
JPM,47896,QMLE-Quote,10/06/1999,0.316737
JPM,47896,QMLE-Quote,11/06/1999,0.329608
JPM,47896,QMLE-Quote,14/06/1999,0.135146
JPM,47896,QMLE-Quote,15/06/1999,0.290136
JPM,47896,QMLE-Quote,16/06/1999,0.378921
JPM,47896,QMLE-Quote,17/06/1999,0.305351
JPM,47896,QMLE-Quote,18/06/1999,0.171238
JPM,47896,QMLE-Quote,21/06/1999,0.341527
JPM,47896,QMLE-Quote,22/06/1999,0.250361
JPM,47896,QMLE-Quote,23/06/1999,0.185676
JPM,47896,QMLE-Quote,24/06/1999,0.260483
JPM,47896,QMLE-Quote,25/06/1999,0.216871
JPM,47896,QMLE-Quote,28/06/1999,0.252653
JPM,47896,QMLE-Quote,29/06/1999,0.188833
JPM,47896,QMLE-Quote,30/06/1999,0.482835
JPM,47896,QMLE-Quote,1/07/1999,0.322729
JPM,47896,QMLE-Quote,2/07/1999,0.177436
JPM,47896,QMLE-Quote,6/07/1999,0.19205
JPM,47896,QMLE-Quote,7/07/1999,0.194806
JPM,47896,QMLE-Quote,8/07/1999,0.23975
JPM,47896,QMLE-Quote,9/07/1999,0.17662
JPM,47896,QMLE-Quote,12/07/1999,0.175303
JPM,47896,QMLE-Quote,13/07/1999,0.122801
JPM,47896,QMLE-Quote,14/07/1999,0.190249
JPM,47896,QMLE-Quote,15/07/1999,0.190881
JPM,47896,QMLE-Quote,16/07/1999,0.0905712
JPM,47896,QMLE-Quote,19/07/1999,0.286053
JPM,47896,QMLE-Quote,20/07/1999,0.326945
JPM,47896,QMLE-Quote,21/07/1999,0.346481
JPM,47896,QMLE-Quote,22/07/1999,0.443846
JPM,47896,QMLE-Quote,23/07/1999,0.263518
JPM,47896,QMLE-Quote,26/07/1999,0.326431
JPM,47896,QMLE-Quote,27/07/1999,0.21858
JPM,47896,QMLE-Quote,28/07/1999,0.237751
JPM,47896,QMLE-Quote,29/07/1999,0.296537
JPM,47896,QMLE-Quote,30/07/1999,0.276244
JPM,47896,QMLE-Quote,2/08/1999,0.256938
JPM,47896,QMLE-Quote,3/08/1999,0.221991
JPM,47896,QMLE-Quote,4/08/1999,0.261844
JPM,47896,QMLE-Quote,5/08/1999,0.335215
JPM,47896,QMLE-Quote,6/08/1999,0.262669
JPM,47896,QMLE-Quote,9/08/1999,0.26929
JPM,47896,QMLE-Quote,10/08/1999,0.450563
JPM,47896,QMLE-Quote,11/08/1999,0.212385
JPM,47896,QMLE-Quote,12/08/1999,0.129673
JPM,47896,QMLE-Quote,13/08/1999,0.272427
JPM,47896,QMLE-Quote,16/08/1999,0.258089
JPM,47896,QMLE-Quote,17/08/1999,0.183949
JPM,47896,QMLE-Quote,18/08/1999,0.245521
JPM,47896,QMLE-Quote,19/08/1999,0.262493
JPM,47896,QMLE-Quote,20/08/1999,0.238298
JPM,47896,QMLE-Quote,23/08/1999,0.18684
JPM,47896,QMLE-Quote,24/08/1999,0.434267
JPM,47896,QMLE-Quote,25/08/1999,0.306892
JPM,47896,QMLE-Quote,26/08/1999,0.495101
JPM,47896,QMLE-Quote,27/08/1999,0.304186
JPM,47896,QMLE-Quote,30/08/1999,0.29748
JPM,47896,QMLE-Quote,31/08/1999,0.453136
JPM,47896,QMLE-Quote,1/09/1999,0.328662
JPM,47896,QMLE-Quote,2/09/1999,0.303302
JPM,47896,QMLE-Quote,3/09/1999,0.327867
JPM,47896,QMLE-Quote,7/09/1999,0.32162
JPM,47896,QMLE-Quote,8/09/1999,0.378615
JPM,47896,QMLE-Quote,9/09/1999,0.550758
JPM,47896,QMLE-Quote,10/09/1999,0.263137
JPM,47896,QMLE-Quote,13/09/1999,0.232398
JPM,47896,QMLE-Quote,14/09/1999,0.213786
JPM,47896,QMLE-Quote,15/09/1999,0.348497
JPM,47896,QMLE-Quote,16/09/1999,0.291929
JPM,47896,QMLE-Quote,17/09/1999,0.254014
JPM,47896,QMLE-Quote,20/09/1999,0.294839
JPM,47896,QMLE-Quote,21/09/1999,0.294895
JPM,47896,QMLE-Quote,22/09/1999,0.436978
JPM,47896,QMLE-Quote,23/09/1999,0.368766
JPM,47896,QMLE-Quote,24/09/1999,0.333114
JPM,47896,QMLE-Quote,27/09/1999,0.257028
JPM,47896,QMLE-Quote,28/09/1999,0.289307
JPM,47896,QMLE-Quote,29/09/1999,0.225501
JPM,47896,QMLE-Quote,30/09/1999,0.282496
JPM,47896,QMLE-Quote,1/10/1999,0.335586
JPM,47896,QMLE-Quote,4/10/1999,0.28475
JPM,47896,QMLE-Quote,5/10/1999,0.528295
JPM,47896,QMLE-Quote,6/10/1999,0.282191
JPM,47896,QMLE-Quote,7/10/1999,0.242135
JPM,47896,QMLE-Quote,8/10/1999,0.327806
JPM,47896,QMLE-Quote,11/10/1999,0.266204
JPM,47896,QMLE-Quote,12/10/1999,0.209126
JPM,47896,QMLE-Quote,13/10/1999,0.317192
JPM,47896,QMLE-Quote,14/10/1999,0.471908
JPM,47896,QMLE-Quote,15/10/1999,0.44615
JPM,47896,QMLE-Quote,18/10/1999,0.365757
JPM,47896,QMLE-Quote,19/10/1999,0.417571
JPM,47896,QMLE-Quote,20/10/1999,0.36164
JPM,47896,QMLE-Quote,21/10/1999,0.384353
JPM,47896,QMLE-Quote,22/10/1999,0.283082
JPM,47896,QMLE-Quote,25/10/1999,0.329891
JPM,47896,QMLE-Quote,26/10/1999,0.366236
JPM,47896,QMLE-Quote,27/10/1999,0.355573
JPM,47896,QMLE-Quote,28/10/1999,0.428045
JPM,47896,QMLE-Quote,29/10/1999,0.331007
JPM,47896,QMLE-Quote,1/11/1999,0.368845
JPM,47896,QMLE-Quote,2/11/1999,0.314668
JPM,47896,QMLE-Quote,3/11/1999,0.276144
JPM,47896,QMLE-Quote,4/11/1999,0.273975
JPM,47896,QMLE-Quote,5/11/1999,0.360642
JPM,47896,QMLE-Quote,8/11/1999,0.233324
JPM,47896,QMLE-Quote,9/11/1999,0.291344
JPM,47896,QMLE-Quote,10/11/1999,0.285953
JPM,47896,QMLE-Quote,11/11/1999,0.289402
JPM,47896,QMLE-Quote,12/11/1999,0.270826
JPM,47896,QMLE-Quote,15/11/1999,0.241291
JPM,47896,QMLE-Quote,16/11/1999,0.42622
JPM,47896,QMLE-Quote,17/11/1999,0.290338
JPM,47896,QMLE-Quote,18/11/1999,0.35208
JPM,47896,QMLE-Quote,19/11/1999,0.331786
JPM,47896,QMLE-Quote,22/11/1999,0.199906
JPM,47896,QMLE-Quote,23/11/1999,0.3186
JPM,47896,QMLE-Quote,24/11/1999,0.260759
JPM,47896,QMLE-Quote,26/11/1999,0.283289
JPM,47896,QMLE-Quote,29/11/1999,0.314106
JPM,47896,QMLE-Quote,30/11/1999,0.368054
JPM,47896,QMLE-Quote,1/12/1999,0.233109
JPM,47896,QMLE-Quote,2/12/1999,0.340785
JPM,47896,QMLE-Quote,3/12/1999,0.278503
JPM,47896,QMLE-Quote,6/12/1999,0.419697
JPM,47896,QMLE-Quote,7/12/1999,0.335262
JPM,47896,QMLE-Quote,8/12/1999,0.283581
JPM,47896,QMLE-Quote,9/12/1999,0.433896
JPM,47896,QMLE-Quote,10/12/1999,0.239871
JPM,47896,QMLE-Quote,13/12/1999,0.195837
JPM,47896,QMLE-Quote,14/12/1999,0.29159
JPM,47896,QMLE-Quote,15/12/1999,0.389908
JPM,47896,QMLE-Quote,16/12/1999,0.362541
JPM,47896,QMLE-Quote,17/12/1999,0.404514
JPM,47896,QMLE-Quote,20/12/1999,0.228553
JPM,47896,QMLE-Quote,21/12/1999,0.443038
JPM,47896,QMLE-Quote,22/12/1999,0.238113
JPM,47896,QMLE-Quote,23/12/1999,0.217598
JPM,47896,QMLE-Quote,27/12/1999,0.336958
JPM,47896,QMLE-Quote,28/12/1999,0.17181
JPM,47896,QMLE-Quote,29/12/1999,0.191925
JPM,47896,QMLE-Quote,30/12/1999,0.266878
JPM,47896,QMLE-Quote,31/12/1999,0.147141
JPM,47896,QMLE-Quote,3/01/2000,0.330503
JPM,47896,QMLE-Quote,4/01/2000,0.496271
JPM,47896,QMLE-Quote,5/01/2000,0.529239
JPM,47896,QMLE-Quote,6/01/2000,0.515188
JPM,47896,QMLE-Quote,7/01/2000,0.467928
JPM,47896,QMLE-Quote,10/01/2000,0.28705
JPM,47896,QMLE-Quote,11/01/2000,0.344569
JPM,47896,QMLE-Quote,12/01/2000,0.253209
JPM,47896,QMLE-Quote,13/01/2000,0.328226
JPM,47896,QMLE-Quote,14/01/2000,0.347577
JPM,47896,QMLE-Quote,18/01/2000,0.510597
JPM,47896,QMLE-Quote,19/01/2000,0.361373
JPM,47896,QMLE-Quote,20/01/2000,0.510684
JPM,47896,QMLE-Quote,21/01/2000,0.217177
JPM,47896,QMLE-Quote,24/01/2000,0.375922
JPM,47896,QMLE-Quote,25/01/2000,0.427328
JPM,47896,QMLE-Quote,26/01/2000,0.403831
JPM,47896,QMLE-Quote,27/01/2000,0.334564
JPM,47896,QMLE-Quote,28/01/2000,0.378367
JPM,47896,QMLE-Quote,31/01/2000,0.447034
JPM,47896,QMLE-Quote,1/02/2000,0.335264
JPM,47896,QMLE-Quote,2/02/2000,0.457964
JPM,47896,QMLE-Quote,3/02/2000,0.483241
JPM,47896,QMLE-Quote,4/02/2000,0.235017
JPM,47896,QMLE-Quote,7/02/2000,0.164777
JPM,47896,QMLE-Quote,8/02/2000,0.276113
JPM,47896,QMLE-Quote,9/02/2000,0.464653
JPM,47896,QMLE-Quote,10/02/2000,0.29961
JPM,47896,QMLE-Quote,11/02/2000,0.334235
JPM,47896,QMLE-Quote,14/02/2000,0.294223
JPM,47896,QMLE-Quote,15/02/2000,0.340944
JPM,47896,QMLE-Quote,16/02/2000,0.294883
JPM,47896,QMLE-Quote,17/02/2000,0.393425
JPM,47896,QMLE-Quote,18/02/2000,0.267711
JPM,47896,QMLE-Quote,22/02/2000,0.392849
JPM,47896,QMLE-Quote,23/02/2000,0.424705
JPM,47896,QMLE-Quote,24/02/2000,0.367718
JPM,47896,QMLE-Quote,25/02/2000,0.43274
JPM,47896,QMLE-Quote,28/02/2000,0.478386
JPM,47896,QMLE-Quote,29/02/2000,0.330966
JPM,47896,QMLE-Quote,1/03/2000,0.303897
JPM,47896,QMLE-Quote,2/03/2000,0.165661
JPM,47896,QMLE-Quote,3/03/2000,0.464128
JPM,47896,QMLE-Quote,6/03/2000,0.260917
JPM,47896,QMLE-Quote,7/03/2000,0.363589
JPM,47896,QMLE-Quote,8/03/2000,0.397112
JPM,47896,QMLE-Quote,9/03/2000,0.355808
JPM,47896,QMLE-Quote,10/03/2000,0.391324
JPM,47896,QMLE-Quote,13/03/2000,0.500331
JPM,47896,QMLE-Quote,14/03/2000,0.381766
JPM,47896,QMLE-Quote,15/03/2000,0.525988
JPM,47896,QMLE-Quote,16/03/2000,0.403628
JPM,47896,QMLE-Quote,17/03/2000,0.484731
JPM,47896,QMLE-Quote,20/03/2000,0.411786
JPM,47896,QMLE-Quote,21/03/2000,0.481933
JPM,47896,QMLE-Quote,22/03/2000,0.455253
JPM,47896,QMLE-Quote,23/03/2000,0.529907
JPM,47896,QMLE-Quote,24/03/2000,0.546947
JPM,47896,QMLE-Quote,27/03/2000,0.336493
JPM,47896,QMLE-Quote,28/03/2000,0.378088
JPM,47896,QMLE-Quote,29/03/2000,0.396266
JPM,47896,QMLE-Quote,30/03/2000,0.432586
JPM,47896,QMLE-Quote,31/03/2000,0.363516
JPM,47896,QMLE-Quote,3/04/2000,0.44437
JPM,47896,QMLE-Quote,4/04/2000,0.805636
JPM,47896,QMLE-Quote,5/04/2000,0.306358
JPM,47896,QMLE-Quote,6/04/2000,0.329009
JPM,47896,QMLE-Quote,7/04/2000,0.336146
JPM,47896,QMLE-Quote,10/04/2000,0.396749
JPM,47896,QMLE-Quote,11/04/2000,0.379326
JPM,47896,QMLE-Quote,12/04/2000,0.580276
JPM,47896,QMLE-Quote,13/04/2000,0.329866
JPM,47896,QMLE-Quote,14/04/2000,0.585
JPM,47896,QMLE-Quote,17/04/2000,0.622915
JPM,47896,QMLE-Quote,18/04/2000,0.416094
JPM,47896,QMLE-Quote,19/04/2000,0.63702
JPM,47896,QMLE-Quote,20/04/2000,0.2875
JPM,47896,QMLE-Quote,24/04/2000,0.35062
JPM,47896,QMLE-Quote,25/04/2000,0.35483
JPM,47896,QMLE-Quote,26/04/2000,0.321721
JPM,47896,QMLE-Quote,27/04/2000,0.327274
JPM,47896,QMLE-Quote,28/04/2000,0.34495
JPM,47896,QMLE-Quote,1/05/2000,0.256933
JPM,47896,QMLE-Quote,2/05/2000,0.282041
JPM,47896,QMLE-Quote,3/05/2000,0.391316
JPM,47896,QMLE-Quote,4/05/2000,0.369023
JPM,47896,QMLE-Quote,5/05/2000,0.372713
JPM,47896,QMLE-Quote,8/05/2000,0.290227
JPM,47896,QMLE-Quote,9/05/2000,0.284286
JPM,47896,QMLE-Quote,10/05/2000,0.305623
JPM,47896,QMLE-Quote,11/05/2000,0.332978
JPM,47896,QMLE-Quote,12/05/2000,0.496894
JPM,47896,QMLE-Quote,15/05/2000,0.376137
JPM,47896,QMLE-Quote,16/05/2000,0.443873
JPM,47896,QMLE-Quote,17/05/2000,0.258412
JPM,47896,QMLE-Quote,18/05/2000,0.268185
JPM,47896,QMLE-Quote,19/05/2000,0.329167
JPM,47896,QMLE-Quote,22/05/2000,0.419388
JPM,47896,QMLE-Quote,23/05/2000,0.400228
JPM,47896,QMLE-Quote,24/05/2000,0.403913
JPM,47896,QMLE-Quote,25/05/2000,0.380354
JPM,47896,QMLE-Quote,26/05/2000,0.363476
JPM,47896,QMLE-Quote,30/05/2000,0.270316
JPM,47896,QMLE-Quote,31/05/2000,0.326194
JPM,47896,QMLE-Quote,1/06/2000,0.360878
JPM,47896,QMLE-Quote,2/06/2000,0.241093
JPM,47896,QMLE-Quote,5/06/2000,0.327474
JPM,47896,QMLE-Quote,6/06/2000,0.291086
JPM,47896,QMLE-Quote,7/06/2000,0.268156
JPM,47896,QMLE-Quote,8/06/2000,0.274981
JPM,47896,QMLE-Quote,9/06/2000,0.638429
JPM,47896,QMLE-Quote,12/06/2000,0.413461
JPM,47896,QMLE-Quote,13/06/2000,0.606568
JPM,47896,QMLE-Quote,14/06/2000,0.38127
JPM,47896,QMLE-Quote,15/06/2000,0.491544
JPM,47896,QMLE-Quote,16/06/2000,0.501753
JPM,47896,QMLE-Quote,19/06/2000,0.640828
JPM,47896,QMLE-Quote,20/06/2000,0.3117
JPM,47896,QMLE-Quote,21/06/2000,0.375022
JPM,47896,QMLE-Quote,22/06/2000,0.394748
JPM,47896,QMLE-Quote,23/06/2000,0.315333
JPM,47896,QMLE-Quote,26/06/2000,0.333217
JPM,47896,QMLE-Quote,27/06/2000,0.220829
JPM,47896,QMLE-Quote,28/06/2000,0.395446
JPM,47896,QMLE-Quote,29/06/2000,0.469111
JPM,47896,QMLE-Quote,30/06/2000,0.472176
JPM,47896,QMLE-Quote,3/07/2000,0.329529
JPM,47896,QMLE-Quote,5/07/2000,0.431157
JPM,47896,QMLE-Quote,6/07/2000,0.32634
JPM,47896,QMLE-Quote,7/07/2000,0.373122
JPM,47896,QMLE-Quote,10/07/2000,0.278781
JPM,47896,QMLE-Quote,11/07/2000,0.384564
JPM,47896,QMLE-Quote,12/07/2000,0.380969
JPM,47896,QMLE-Quote,13/07/2000,0.293358
JPM,47896,QMLE-Quote,14/07/2000,0.277732
JPM,47896,QMLE-Quote,17/07/2000,0.344075
JPM,47896,QMLE-Quote,18/07/2000,0.303467
JPM,47896,QMLE-Quote,19/07/2000,0.345563
JPM,47896,QMLE-Quote,20/07/2000,0.428101
JPM,47896,QMLE-Quote,21/07/2000,0.35052
JPM,47896,QMLE-Quote,24/07/2000,0.420847
JPM,47896,QMLE-Quote,25/07/2000,0.252546
JPM,47896,QMLE-Quote,26/07/2000,0.343455
JPM,47896,QMLE-Quote,27/07/2000,0.421212
JPM,47896,QMLE-Quote,28/07/2000,0.427741
JPM,47896,QMLE-Quote,31/07/2000,0.302274
JPM,47896,QMLE-Quote,1/08/2000,0.511549
JPM,47896,QMLE-Quote,2/08/2000,0.240496
JPM,47896,QMLE-Quote,3/08/2000,0.215522
JPM,47896,QMLE-Quote,4/08/2000,0.292709
JPM,47896,QMLE-Quote,7/08/2000,0.285318
JPM,47896,QMLE-Quote,8/08/2000,0.271402
JPM,47896,QMLE-Quote,9/08/2000,0.375058
JPM,47896,QMLE-Quote,10/08/2000,0.332467
JPM,47896,QMLE-Quote,11/08/2000,0.253612
JPM,47896,QMLE-Quote,14/08/2000,0.256388
JPM,47896,QMLE-Quote,15/08/2000,0.259746
JPM,47896,QMLE-Quote,16/08/2000,0.544291
JPM,47896,QMLE-Quote,17/08/2000,0.31479
JPM,47896,QMLE-Quote,18/08/2000,0.257692
JPM,47896,QMLE-Quote,21/08/2000,0.195989
JPM,47896,QMLE-Quote,22/08/2000,0.475492
JPM,47896,QMLE-Quote,23/08/2000,0.285797
JPM,47896,QMLE-Quote,24/08/2000,0.262078
JPM,47896,QMLE-Quote,25/08/2000,0.289286
JPM,47896,QMLE-Quote,28/08/2000,0.194427
JPM,47896,QMLE-Quote,29/08/2000,0.265193
JPM,47896,QMLE-Quote,30/08/2000,0.299511
JPM,47896,QMLE-Quote,31/08/2000,0.34021
JPM,47896,QMLE-Quote,1/09/2000,0.338761
JPM,47896,QMLE-Quote,5/09/2000,0.301893
JPM,47896,QMLE-Quote,6/09/2000,0.401479
JPM,47896,QMLE-Quote,7/09/2000,0.274068
JPM,47896,QMLE-Quote,8/09/2000,0.262859
JPM,47896,QMLE-Quote,11/09/2000,0.28797
JPM,47896,QMLE-Quote,12/09/2000,0.250396
JPM,47896,QMLE-Quote,13/09/2000,0.136942
JPM,47896,QMLE-Quote,14/09/2000,0.207387
JPM,47896,QMLE-Quote,15/09/2000,0.275412
JPM,47896,QMLE-Quote,18/09/2000,0.302401
JPM,47896,QMLE-Quote,19/09/2000,0.313667
JPM,47896,QMLE-Quote,20/09/2000,0.464652
JPM,47896,QMLE-Quote,21/09/2000,0.333431
JPM,47896,QMLE-Quote,22/09/2000,0.34799
JPM,47896,QMLE-Quote,25/09/2000,0.282977
JPM,47896,QMLE-Quote,26/09/2000,0.379798
JPM,47896,QMLE-Quote,27/09/2000,0.290616
JPM,47896,QMLE-Quote,28/09/2000,0.299431
JPM,47896,QMLE-Quote,29/09/2000,0.391616
JPM,47896,QMLE-Quote,2/10/2000,0.296894
JPM,47896,QMLE-Quote,3/10/2000,0.340986
JPM,47896,QMLE-Quote,4/10/2000,0.315173
JPM,47896,QMLE-Quote,5/10/2000,0.400382
JPM,47896,QMLE-Quote,6/10/2000,0.424876
JPM,47896,QMLE-Quote,9/10/2000,0.441286
JPM,47896,QMLE-Quote,10/10/2000,0.465948
JPM,47896,QMLE-Quote,11/10/2000,0.510356
JPM,47896,QMLE-Quote,12/10/2000,0.787536
JPM,47896,QMLE-Quote,13/10/2000,0.463306
JPM,47896,QMLE-Quote,16/10/2000,0.455435
JPM,47896,QMLE-Quote,17/10/2000,0.519678
JPM,47896,QMLE-Quote,18/10/2000,0.941341
JPM,47896,QMLE-Quote,19/10/2000,0.696297
JPM,47896,QMLE-Quote,20/10/2000,0.467631
JPM,47896,QMLE-Quote,23/10/2000,0.296634
JPM,47896,QMLE-Quote,24/10/2000,0.368539
JPM,47896,QMLE-Quote,25/10/2000,0.546377
JPM,47896,QMLE-Quote,26/10/2000,0.432825
JPM,47896,QMLE-Quote,27/10/2000,0.425163
JPM,47896,QMLE-Quote,30/10/2000,0.368148
JPM,47896,QMLE-Quote,31/10/2000,0.394825
JPM,47896,QMLE-Quote,1/11/2000,0.425776
JPM,47896,QMLE-Quote,2/11/2000,0.29545
JPM,47896,QMLE-Quote,3/11/2000,0.313338
JPM,47896,QMLE-Quote,6/11/2000,0.221072
JPM,47896,QMLE-Quote,7/11/2000,0.23511
JPM,47896,QMLE-Quote,8/11/2000,0.342731
JPM,47896,QMLE-Quote,9/11/2000,0.55245
JPM,47896,QMLE-Quote,10/11/2000,0.381922
JPM,47896,QMLE-Quote,13/11/2000,0.373715
JPM,47896,QMLE-Quote,14/11/2000,0.471189
JPM,47896,QMLE-Quote,15/11/2000,0.562295
JPM,47896,QMLE-Quote,16/11/2000,0.377536
JPM,47896,QMLE-Quote,17/11/2000,0.395069
JPM,47896,QMLE-Quote,20/11/2000,0.387676
JPM,47896,QMLE-Quote,21/11/2000,0.34021
JPM,47896,QMLE-Quote,22/11/2000,0.400454
JPM,47896,QMLE-Quote,24/11/2000,0.423708
JPM,47896,QMLE-Quote,27/11/2000,0.2978
JPM,47896,QMLE-Quote,28/11/2000,0.606151
JPM,47896,QMLE-Quote,29/11/2000,0.418863
JPM,47896,QMLE-Quote,30/11/2000,0.713864
JPM,47896,QMLE-Quote,1/12/2000,0.475519
JPM,47896,QMLE-Quote,4/12/2000,0.37647
JPM,47896,QMLE-Quote,5/12/2000,0.483732
JPM,47896,QMLE-Quote,6/12/2000,0.868056
JPM,47896,QMLE-Quote,7/12/2000,0.46388
JPM,47896,QMLE-Quote,8/12/2000,0.46416
JPM,47896,QMLE-Quote,11/12/2000,0.38612
JPM,47896,QMLE-Quote,12/12/2000,0.329987
JPM,47896,QMLE-Quote,13/12/2000,0.283359
JPM,47896,QMLE-Quote,14/12/2000,0.513184
JPM,47896,QMLE-Quote,15/12/2000,0.333757
JPM,47896,QMLE-Quote,18/12/2000,0.435387
JPM,47896,QMLE-Quote,19/12/2000,0.614302
JPM,47896,QMLE-Quote,20/12/2000,0.43585
JPM,47896,QMLE-Quote,21/12/2000,0.43152
JPM,47896,QMLE-Quote,22/12/2000,0.369113
JPM,47896,QMLE-Quote,26/12/2000,0.295762
JPM,47896,QMLE-Quote,27/12/2000,0.318259
JPM,47896,QMLE-Quote,28/12/2000,0.348699
JPM,47896,QMLE-Quote,29/12/2000,0.486741
JPM,47896,QMLE-Quote,1/02/2001,0.330464
JPM,47896,QMLE-Quote,2/02/2001,0.263056
JPM,47896,QMLE-Quote,5/02/2001,0.26442
JPM,47896,QMLE-Quote,6/02/2001,0.288672
JPM,47896,QMLE-Quote,7/02/2001,0.336933
JPM,47896,QMLE-Quote,8/02/2001,0.299544
JPM,47896,QMLE-Quote,9/02/2001,0.261167
JPM,47896,QMLE-Quote,12/02/2001,0.290407
JPM,47896,QMLE-Quote,13/02/2001,0.392009
JPM,47896,QMLE-Quote,14/02/2001,0.249219
JPM,47896,QMLE-Quote,15/02/2001,0.235952
JPM,47896,QMLE-Quote,16/02/2001,0.289867
JPM,47896,QMLE-Quote,20/02/2001,0.373277
JPM,47896,QMLE-Quote,21/02/2001,0.477598
JPM,47896,QMLE-Quote,22/02/2001,0.752241
JPM,47896,QMLE-Quote,23/02/2001,0.556324
JPM,47896,QMLE-Quote,26/02/2001,0.470693
JPM,47896,QMLE-Quote,27/02/2001,0.642706
JPM,47896,QMLE-Quote,28/02/2001,0.720397
JPM,47896,QMLE-Quote,1/03/2001,0.387825
JPM,47896,QMLE-Quote,2/03/2001,0.555515
JPM,47896,QMLE-Quote,5/03/2001,0.373746
JPM,47896,QMLE-Quote,6/03/2001,0.336778
JPM,47896,QMLE-Quote,7/03/2001,0.349139
JPM,47896,QMLE-Quote,8/03/2001,0.332255
JPM,47896,QMLE-Quote,9/03/2001,0.404134
JPM,47896,QMLE-Quote,12/03/2001,0.452362
JPM,47896,QMLE-Quote,13/03/2001,0.471401
JPM,47896,QMLE-Quote,14/03/2001,0.70161
JPM,47896,QMLE-Quote,15/03/2001,0.396239
JPM,47896,QMLE-Quote,16/03/2001,0.422506
JPM,47896,QMLE-Quote,19/03/2001,0.398403
JPM,47896,QMLE-Quote,20/03/2001,0.636052
JPM,47896,QMLE-Quote,21/03/2001,0.881969
JPM,47896,QMLE-Quote,22/03/2001,0.618231
JPM,47896,QMLE-Quote,23/03/2001,0.512072
JPM,47896,QMLE-Quote,26/03/2001,0.360516
JPM,47896,QMLE-Quote,27/03/2001,0.5574
JPM,47896,QMLE-Quote,28/03/2001,0.355463
JPM,47896,QMLE-Quote,29/03/2001,0.492687
JPM,47896,QMLE-Quote,30/03/2001,0.372277
JPM,47896,QMLE-Quote,2/04/2001,0.128294
JPM,47896,QMLE-Quote,3/04/2001,0.449621
JPM,47896,QMLE-Quote,4/04/2001,0.799059
JPM,47896,QMLE-Quote,5/04/2001,0.344798
JPM,47896,QMLE-Quote,6/04/2001,0.682685
JPM,47896,QMLE-Quote,9/04/2001,0.502871
JPM,47896,QMLE-Quote,10/04/2001,0.334268
JPM,47896,QMLE-Quote,11/04/2001,0.474163
JPM,47896,QMLE-Quote,12/04/2001,0.461262
JPM,47896,QMLE-Quote,16/04/2001,0.339058
JPM,47896,QMLE-Quote,17/04/2001,0.345946
JPM,47896,QMLE-Quote,18/04/2001,0.772016
JPM,47896,QMLE-Quote,19/04/2001,0.367355
JPM,47896,QMLE-Quote,20/04/2001,0.461719
JPM,47896,QMLE-Quote,23/04/2001,0.288321
JPM,47896,QMLE-Quote,24/04/2001,0.314198
JPM,47896,QMLE-Quote,25/04/2001,0.398643
JPM,47896,QMLE-Quote,26/04/2001,0.289154
JPM,47896,QMLE-Quote,27/04/2001,0.218731
JPM,47896,QMLE-Quote,30/04/2001,0.401477
JPM,47896,QMLE-Quote,1/05/2001,0.373848
JPM,47896,QMLE-Quote,2/05/2001,0.365757
JPM,47896,QMLE-Quote,3/05/2001,0.20612
JPM,47896,QMLE-Quote,4/05/2001,0.197553
JPM,47896,QMLE-Quote,7/05/2001,0.241182
JPM,47896,QMLE-Quote,8/05/2001,0.184981
JPM,47896,QMLE-Quote,9/05/2001,0.17837
JPM,47896,QMLE-Quote,10/05/2001,0.212168
JPM,47896,QMLE-Quote,11/05/2001,0.277995
JPM,47896,QMLE-Quote,14/05/2001,0.309397
JPM,47896,QMLE-Quote,15/05/2001,0.374577
JPM,47896,QMLE-Quote,16/05/2001,0.294884
JPM,47896,QMLE-Quote,17/05/2001,0.315312
JPM,47896,QMLE-Quote,18/05/2001,0.263533
JPM,47896,QMLE-Quote,21/05/2001,0.281972
JPM,47896,QMLE-Quote,22/05/2001,0.127009
JPM,47896,QMLE-Quote,23/05/2001,0.286107
JPM,47896,QMLE-Quote,24/05/2001,0.253237
JPM,47896,QMLE-Quote,25/05/2001,0.231925
JPM,47896,QMLE-Quote,29/05/2001,0.289434
JPM,47896,QMLE-Quote,30/05/2001,0.28258
JPM,47896,QMLE-Quote,31/05/2001,0.333712
JPM,47896,QMLE-Quote,1/06/2001,0.225676
JPM,47896,QMLE-Quote,4/06/2001,0.184321
JPM,47896,QMLE-Quote,5/06/2001,0.189086
JPM,47896,QMLE-Quote,6/06/2001,0.238523
JPM,47896,QMLE-Quote,7/06/2001,0.270396
JPM,47896,QMLE-Quote,8/06/2001,0.263875
JPM,47896,QMLE-Quote,11/06/2001,0.219224
JPM,47896,QMLE-Quote,12/06/2001,0.328514
JPM,47896,QMLE-Quote,13/06/2001,0.292225
JPM,47896,QMLE-Quote,14/06/2001,0.324752
JPM,47896,QMLE-Quote,15/06/2001,0.349849
JPM,47896,QMLE-Quote,18/06/2001,0.263184
JPM,47896,QMLE-Quote,19/06/2001,0.312169
JPM,47896,QMLE-Quote,20/06/2001,0.348911
JPM,47896,QMLE-Quote,21/06/2001,0.324806
JPM,47896,QMLE-Quote,22/06/2001,0.384691
JPM,47896,QMLE-Quote,25/06/2001,0.293233
JPM,47896,QMLE-Quote,26/06/2001,0.315769
JPM,47896,QMLE-Quote,27/06/2001,0.289976
JPM,47896,QMLE-Quote,28/06/2001,0.319554
JPM,47896,QMLE-Quote,29/06/2001,0.312438
JPM,47896,QMLE-Quote,2/07/2001,0.269072
JPM,47896,QMLE-Quote,3/07/2001,0.224315
JPM,47896,QMLE-Quote,5/07/2001,0.254595
JPM,47896,QMLE-Quote,6/07/2001,0.299641
JPM,47896,QMLE-Quote,9/07/2001,0.236315
JPM,47896,QMLE-Quote,10/07/2001,0.293028
JPM,47896,QMLE-Quote,11/07/2001,0.480928
JPM,47896,QMLE-Quote,12/07/2001,0.287221
JPM,47896,QMLE-Quote,13/07/2001,0.224217
JPM,47896,QMLE-Quote,16/07/2001,0.323227
JPM,47896,QMLE-Quote,17/07/2001,0.346754
JPM,47896,QMLE-Quote,18/07/2001,0.478507
JPM,47896,QMLE-Quote,19/07/2001,0.375806
JPM,47896,QMLE-Quote,20/07/2001,0.219712
JPM,47896,QMLE-Quote,23/07/2001,0.239723
JPM,47896,QMLE-Quote,24/07/2001,0.364231
JPM,47896,QMLE-Quote,25/07/2001,0.285831
JPM,47896,QMLE-Quote,26/07/2001,0.250705
JPM,47896,QMLE-Quote,27/07/2001,0.201998
JPM,47896,QMLE-Quote,30/07/2001,0.162878
JPM,47896,QMLE-Quote,31/07/2001,0.283601
JPM,47896,QMLE-Quote,1/08/2001,0.269892
JPM,47896,QMLE-Quote,2/08/2001,0.16743
JPM,47896,QMLE-Quote,3/08/2001,0.233598
JPM,47896,QMLE-Quote,6/08/2001,0.199573
JPM,47896,QMLE-Quote,7/08/2001,0.250293
JPM,47896,QMLE-Quote,8/08/2001,0.204474
JPM,47896,QMLE-Quote,9/08/2001,0.303803
JPM,47896,QMLE-Quote,10/08/2001,0.279039
JPM,47896,QMLE-Quote,13/08/2001,0.249655
JPM,47896,QMLE-Quote,14/08/2001,0.174105
JPM,47896,QMLE-Quote,15/08/2001,0.175546
JPM,47896,QMLE-Quote,16/08/2001,0.245403
JPM,47896,QMLE-Quote,17/08/2001,0.223528
JPM,47896,QMLE-Quote,20/08/2001,0.245809
JPM,47896,QMLE-Quote,21/08/2001,0.251432
JPM,47896,QMLE-Quote,22/08/2001,0.288591
JPM,47896,QMLE-Quote,23/08/2001,0.212413
JPM,47896,QMLE-Quote,24/08/2001,0.247946
JPM,47896,QMLE-Quote,27/08/2001,0.285512
JPM,47896,QMLE-Quote,28/08/2001,0.233275
JPM,47896,QMLE-Quote,29/08/2001,0.228104
JPM,47896,QMLE-Quote,30/08/2001,0.239077
JPM,47896,QMLE-Quote,31/08/2001,0.238306
JPM,47896,QMLE-Quote,4/09/2001,0.363188
JPM,47896,QMLE-Quote,5/09/2001,0.444112
JPM,47896,QMLE-Quote,6/09/2001,0.395042
JPM,47896,QMLE-Quote,7/09/2001,0.712617
JPM,47896,QMLE-Quote,10/09/2001,0.392159
JPM,47896,QMLE-Quote,17/09/2001,0.634537
JPM,47896,QMLE-Quote,18/09/2001,0.304042
JPM,47896,QMLE-Quote,19/09/2001,0.638253
JPM,47896,QMLE-Quote,20/09/2001,0.628948
JPM,47896,QMLE-Quote,21/09/2001,0.708933
JPM,47896,QMLE-Quote,24/09/2001,0.504006
JPM,47896,QMLE-Quote,25/09/2001,0.427817
JPM,47896,QMLE-Quote,26/09/2001,0.562655
JPM,47896,QMLE-Quote,27/09/2001,0.387598
JPM,47896,QMLE-Quote,28/09/2001,0.403516
JPM,47896,QMLE-Quote,1/10/2001,0.406238
JPM,47896,QMLE-Quote,2/10/2001,0.36077
JPM,47896,QMLE-Quote,3/10/2001,0.391757
JPM,47896,QMLE-Quote,4/10/2001,0.354128
JPM,47896,QMLE-Quote,5/10/2001,0.455207
JPM,47896,QMLE-Quote,8/10/2001,0.343889
JPM,47896,QMLE-Quote,9/10/2001,0.472453
JPM,47896,QMLE-Quote,10/10/2001,0.33306
JPM,47896,QMLE-Quote,11/10/2001,0.30752
JPM,47896,QMLE-Quote,12/10/2001,0.289565
JPM,47896,QMLE-Quote,15/10/2001,0.31917
JPM,47896,QMLE-Quote,16/10/2001,0.338301
JPM,47896,QMLE-Quote,17/10/2001,0.427547
JPM,47896,QMLE-Quote,18/10/2001,0.365852
JPM,47896,QMLE-Quote,19/10/2001,0.385606
JPM,47896,QMLE-Quote,22/10/2001,0.277854
JPM,47896,QMLE-Quote,23/10/2001,0.293867
JPM,47896,QMLE-Quote,24/10/2001,0.348263
JPM,47896,QMLE-Quote,25/10/2001,0.364833
JPM,47896,QMLE-Quote,26/10/2001,0.408906
JPM,47896,QMLE-Quote,29/10/2001,0.322707
JPM,47896,QMLE-Quote,30/10/2001,0.351528
JPM,47896,QMLE-Quote,31/10/2001,0.382372
JPM,47896,QMLE-Quote,1/11/2001,0.434425
JPM,47896,QMLE-Quote,2/11/2001,0.291714
JPM,47896,QMLE-Quote,5/11/2001,0.290764
JPM,47896,QMLE-Quote,6/11/2001,0.298326
JPM,47896,QMLE-Quote,7/11/2001,0.343473
JPM,47896,QMLE-Quote,8/11/2001,0.310784
JPM,47896,QMLE-Quote,9/11/2001,0.372145
JPM,47896,QMLE-Quote,12/11/2001,0.561531
JPM,47896,QMLE-Quote,13/11/2001,0.157714
JPM,47896,QMLE-Quote,14/11/2001,0.278175
JPM,47896,QMLE-Quote,15/11/2001,0.356066
JPM,47896,QMLE-Quote,16/11/2001,0.210394
JPM,47896,QMLE-Quote,19/11/2001,0.163103
JPM,47896,QMLE-Quote,20/11/2001,0.217891
JPM,47896,QMLE-Quote,21/11/2001,0.192181
JPM,47896,QMLE-Quote,23/11/2001,0.146831
JPM,47896,QMLE-Quote,26/11/2001,0.224384
JPM,47896,QMLE-Quote,27/11/2001,0.273086
JPM,47896,QMLE-Quote,28/11/2001,0.496926
JPM,47896,QMLE-Quote,29/11/2001,0.209003
JPM,47896,QMLE-Quote,30/11/2001,0.209626
JPM,47896,QMLE-Quote,3/12/2001,0.230843
JPM,47896,QMLE-Quote,4/12/2001,0.282211
JPM,47896,QMLE-Quote,5/12/2001,0.276253
JPM,47896,QMLE-Quote,6/12/2001,0.386715
JPM,47896,QMLE-Quote,7/12/2001,0.237244
JPM,47896,QMLE-Quote,10/12/2001,0.279583
JPM,47896,QMLE-Quote,11/12/2001,0.251169
JPM,47896,QMLE-Quote,12/12/2001,0.313796
JPM,47896,QMLE-Quote,13/12/2001,0.297126
JPM,47896,QMLE-Quote,14/12/2001,0.26495
JPM,47896,QMLE-Quote,17/12/2001,0.194369
JPM,47896,QMLE-Quote,18/12/2001,0.233671
JPM,47896,QMLE-Quote,19/12/2001,0.423203
JPM,47896,QMLE-Quote,20/12/2001,0.275873
JPM,47896,QMLE-Quote,21/12/2001,0.263331
JPM,47896,QMLE-Quote,24/12/2001,0.173793
JPM,47896,QMLE-Quote,26/12/2001,0.217022
JPM,47896,QMLE-Quote,27/12/2001,0.272086
JPM,47896,QMLE-Quote,28/12/2001,0.196258
JPM,47896,QMLE-Quote,31/12/2001,0.181184
JPM,47896,QMLE-Quote,2/01/2002,0.23929
JPM,47896,QMLE-Quote,3/01/2002,0.267628
JPM,47896,QMLE-Quote,4/01/2002,0.256095
JPM,47896,QMLE-Quote,7/01/2002,0.218181
JPM,47896,QMLE-Quote,8/01/2002,0.214694
JPM,47896,QMLE-Quote,9/01/2002,0.237446
JPM,47896,QMLE-Quote,10/01/2002,0.222172
JPM,47896,QMLE-Quote,11/01/2002,0.247201
JPM,47896,QMLE-Quote,14/01/2002,0.25784
JPM,47896,QMLE-Quote,15/01/2002,0.233724
JPM,47896,QMLE-Quote,16/01/2002,0.54238
JPM,47896,QMLE-Quote,17/01/2002,0.274163
JPM,47896,QMLE-Quote,18/01/2002,0.278162
JPM,47896,QMLE-Quote,22/01/2002,0.217263
JPM,47896,QMLE-Quote,23/01/2002,0.256792
JPM,47896,QMLE-Quote,24/01/2002,0.17611
JPM,47896,QMLE-Quote,25/01/2002,0.252693
JPM,47896,QMLE-Quote,28/01/2002,0.306261
JPM,47896,QMLE-Quote,29/01/2002,0.42803
JPM,47896,QMLE-Quote,30/01/2002,0.528064
JPM,47896,QMLE-Quote,31/01/2002,0.311183
JPM,47896,QMLE-Quote,1/02/2002,0.452155
JPM,47896,QMLE-Quote,4/02/2002,0.329352
JPM,47896,QMLE-Quote,5/02/2002,0.991691
JPM,47896,QMLE-Quote,6/02/2002,0.620977
JPM,47896,QMLE-Quote,7/02/2002,0.426174
JPM,47896,QMLE-Quote,8/02/2002,0.408101
JPM,47896,QMLE-Quote,11/02/2002,0.364935
JPM,47896,QMLE-Quote,12/02/2002,0.312703
JPM,47896,QMLE-Quote,13/02/2002,0.507314
JPM,47896,QMLE-Quote,14/02/2002,0.356137
JPM,47896,QMLE-Quote,15/02/2002,0.281619
JPM,47896,QMLE-Quote,19/02/2002,0.31488
JPM,47896,QMLE-Quote,20/02/2002,0.354629
JPM,47896,QMLE-Quote,21/02/2002,0.332132
JPM,47896,QMLE-Quote,22/02/2002,0.515271
JPM,47896,QMLE-Quote,25/02/2002,0.36018
JPM,47896,QMLE-Quote,26/02/2002,0.504289
JPM,47896,QMLE-Quote,27/02/2002,0.384085
JPM,47896,QMLE-Quote,28/02/2002,0.338078
JPM,47896,QMLE-Quote,1/03/2002,0.294014
JPM,47896,QMLE-Quote,4/03/2002,0.388829
JPM,47896,QMLE-Quote,5/03/2002,0.420027
JPM,47896,QMLE-Quote,6/03/2002,0.182719
JPM,47896,QMLE-Quote,7/03/2002,0.331861
JPM,47896,QMLE-Quote,8/03/2002,0.270883
JPM,47896,QMLE-Quote,11/03/2002,0.330733
JPM,47896,QMLE-Quote,12/03/2002,0.160122
JPM,47896,QMLE-Quote,13/03/2002,0.326173
JPM,47896,QMLE-Quote,14/03/2002,0.266084
JPM,47896,QMLE-Quote,15/03/2002,0.262362
JPM,47896,QMLE-Quote,18/03/2002,0.245088
JPM,47896,QMLE-Quote,19/03/2002,0.247683
JPM,47896,QMLE-Quote,20/03/2002,0.1548
JPM,47896,QMLE-Quote,21/03/2002,0.245176
JPM,47896,QMLE-Quote,22/03/2002,0.327386
JPM,47896,QMLE-Quote,25/03/2002,0.247259
JPM,47896,QMLE-Quote,26/03/2002,0.259951
JPM,47896,QMLE-Quote,27/03/2002,0.240514
JPM,47896,QMLE-Quote,28/03/2002,0.258158
JPM,47896,QMLE-Quote,1/04/2002,0.284088
JPM,47896,QMLE-Quote,2/04/2002,0.338931
JPM,47896,QMLE-Quote,3/04/2002,0.269511
JPM,47896,QMLE-Quote,4/04/2002,0.27105
JPM,47896,QMLE-Quote,5/04/2002,0.254617
JPM,47896,QMLE-Quote,8/04/2002,0.253296
JPM,47896,QMLE-Quote,9/04/2002,0.208431
JPM,47896,QMLE-Quote,10/04/2002,0.250258
JPM,47896,QMLE-Quote,11/04/2002,0.33479
JPM,47896,QMLE-Quote,12/04/2002,0.305756
JPM,47896,QMLE-Quote,15/04/2002,0.299453
JPM,47896,QMLE-Quote,16/04/2002,1.65165
JPM,47896,QMLE-Quote,17/04/2002,0.274698
JPM,47896,QMLE-Quote,18/04/2002,0.370047
JPM,47896,QMLE-Quote,19/04/2002,0.223696
JPM,47896,QMLE-Quote,22/04/2002,0.257545
JPM,47896,QMLE-Quote,23/04/2002,0.269697
JPM,47896,QMLE-Quote,24/04/2002,0.224331
JPM,47896,QMLE-Quote,25/04/2002,0.319329
JPM,47896,QMLE-Quote,26/04/2002,0.277911
JPM,47896,QMLE-Quote,29/04/2002,0.309966
JPM,47896,QMLE-Quote,30/04/2002,0.333943
JPM,47896,QMLE-Quote,1/05/2002,0.317739
JPM,47896,QMLE-Quote,2/05/2002,0.257478
JPM,47896,QMLE-Quote,3/05/2002,0.370854
JPM,47896,QMLE-Quote,6/05/2002,0.243686
JPM,47896,QMLE-Quote,7/05/2002,0.25755
JPM,47896,QMLE-Quote,8/05/2002,0.218894
JPM,47896,QMLE-Quote,9/05/2002,0.307403
JPM,47896,QMLE-Quote,10/05/2002,0.26475
JPM,47896,QMLE-Quote,13/05/2002,0.209653
JPM,47896,QMLE-Quote,14/05/2002,0.21181
JPM,47896,QMLE-Quote,15/05/2002,0.278749
JPM,47896,QMLE-Quote,16/05/2002,0.253125
JPM,47896,QMLE-Quote,17/05/2002,0.302958
JPM,47896,QMLE-Quote,20/05/2002,0.171764
JPM,47896,QMLE-Quote,21/05/2002,2.40981
JPM,47896,QMLE-Quote,22/05/2002,0.231639
JPM,47896,QMLE-Quote,23/05/2002,0.26384
JPM,47896,QMLE-Quote,24/05/2002,0.247832
JPM,47896,QMLE-Quote,28/05/2002,0.243395
JPM,47896,QMLE-Quote,29/05/2002,0.252207
JPM,47896,QMLE-Quote,30/05/2002,0.372088
JPM,47896,QMLE-Quote,31/05/2002,0.146262
JPM,47896,QMLE-Quote,3/06/2002,0.311516
JPM,47896,QMLE-Quote,4/06/2002,0.358673
JPM,47896,QMLE-Quote,5/06/2002,0.281512
JPM,47896,QMLE-Quote,6/06/2002,0.329984
JPM,47896,QMLE-Quote,7/06/2002,0.0779055
JPM,47896,QMLE-Quote,10/06/2002,0.343197
JPM,47896,QMLE-Quote,11/06/2002,0.299558
JPM,47896,QMLE-Quote,12/06/2002,0.528924
JPM,47896,QMLE-Quote,13/06/2002,0.365928
JPM,47896,QMLE-Quote,14/06/2002,0.627834
JPM,47896,QMLE-Quote,17/06/2002,0.252842
JPM,47896,QMLE-Quote,18/06/2002,0.308997
JPM,47896,QMLE-Quote,19/06/2002,0.351473
JPM,47896,QMLE-Quote,20/06/2002,0.389161
JPM,47896,QMLE-Quote,21/06/2002,0.344969
JPM,47896,QMLE-Quote,24/06/2002,0.653546
JPM,47896,QMLE-Quote,25/06/2002,0.375571
JPM,47896,QMLE-Quote,26/06/2002,0.682125
JPM,47896,QMLE-Quote,27/06/2002,0.678259
JPM,47896,QMLE-Quote,28/06/2002,0.389791
JPM,47896,QMLE-Quote,1/07/2002,0.334826
JPM,47896,QMLE-Quote,2/07/2002,0.562905
JPM,47896,QMLE-Quote,3/07/2002,0.480214
JPM,47896,QMLE-Quote,5/07/2002,0.562684
JPM,47896,QMLE-Quote,8/07/2002,0.368826
JPM,47896,QMLE-Quote,9/07/2002,0.329057
JPM,47896,QMLE-Quote,10/07/2002,0.485834
JPM,47896,QMLE-Quote,11/07/2002,0.731892
JPM,47896,QMLE-Quote,12/07/2002,0.376013
JPM,47896,QMLE-Quote,15/07/2002,0.525223
JPM,47896,QMLE-Quote,16/07/2002,0.513642
JPM,47896,QMLE-Quote,17/07/2002,0.497547
JPM,47896,QMLE-Quote,18/07/2002,0.321375
JPM,47896,QMLE-Quote,19/07/2002,0.671151
JPM,47896,QMLE-Quote,22/07/2002,0.767563
JPM,47896,QMLE-Quote,23/07/2002,1.31597
JPM,47896,QMLE-Quote,24/07/2002,1.19749
JPM,47896,QMLE-Quote,25/07/2002,1.45212
JPM,47896,QMLE-Quote,26/07/2002,0.912772
JPM,47896,QMLE-Quote,29/07/2002,0.202426
JPM,47896,QMLE-Quote,30/07/2002,0.729273
JPM,47896,QMLE-Quote,31/07/2002,0.457927
JPM,47896,QMLE-Quote,1/08/2002,0.492509
JPM,47896,QMLE-Quote,2/08/2002,0.472096
JPM,47896,QMLE-Quote,5/08/2002,0.568135
JPM,47896,QMLE-Quote,6/08/2002,0.456833
JPM,47896,QMLE-Quote,7/08/2002,0.60569
JPM,47896,QMLE-Quote,8/08/2002,0.586114
JPM,47896,QMLE-Quote,9/08/2002,0.480864
JPM,47896,QMLE-Quote,12/08/2002,0.524789
JPM,47896,QMLE-Quote,13/08/2002,0.408181
JPM,47896,QMLE-Quote,14/08/2002,0.618725
JPM,47896,QMLE-Quote,15/08/2002,0.850753
JPM,47896,QMLE-Quote,16/08/2002,0.359562
JPM,47896,QMLE-Quote,19/08/2002,0.459713
JPM,47896,QMLE-Quote,20/08/2002,0.384335
JPM,47896,QMLE-Quote,21/08/2002,0.528664
JPM,47896,QMLE-Quote,22/08/2002,0.452841
JPM,47896,QMLE-Quote,23/08/2002,0.449424
JPM,47896,QMLE-Quote,26/08/2002,0.498574
JPM,47896,QMLE-Quote,27/08/2002,0.508638
JPM,47896,QMLE-Quote,28/08/2002,0.48015
JPM,47896,QMLE-Quote,29/08/2002,0.416198
JPM,47896,QMLE-Quote,30/08/2002,0.479263
JPM,47896,QMLE-Quote,3/09/2002,0.513238
JPM,47896,QMLE-Quote,4/09/2002,0.468776
JPM,47896,QMLE-Quote,5/09/2002,0.552638
JPM,47896,QMLE-Quote,6/09/2002,0.104103
JPM,47896,QMLE-Quote,9/09/2002,0.638533
JPM,47896,QMLE-Quote,10/09/2002,0.47762
JPM,47896,QMLE-Quote,11/09/2002,0.461762
JPM,47896,QMLE-Quote,12/09/2002,0.323435
JPM,47896,QMLE-Quote,13/09/2002,0.424271
JPM,47896,QMLE-Quote,16/09/2002,0.310423
JPM,47896,QMLE-Quote,17/09/2002,0.469215
JPM,47896,QMLE-Quote,18/09/2002,0.444618
JPM,47896,QMLE-Quote,19/09/2002,0.438133
JPM,47896,QMLE-Quote,20/09/2002,0.433102
JPM,47896,QMLE-Quote,23/09/2002,0.433801
JPM,47896,QMLE-Quote,24/09/2002,0.632614
JPM,47896,QMLE-Quote,25/09/2002,0.44004
JPM,47896,QMLE-Quote,26/09/2002,0.441538
JPM,47896,QMLE-Quote,27/09/2002,0.391644
JPM,47896,QMLE-Quote,30/09/2002,0.722578
JPM,47896,QMLE-Quote,1/10/2002,0.538212
JPM,47896,QMLE-Quote,2/10/2002,0.516399
JPM,47896,QMLE-Quote,3/10/2002,0.393463
JPM,47896,QMLE-Quote,4/10/2002,0.503139
JPM,47896,QMLE-Quote,7/10/2002,0.549501
JPM,47896,QMLE-Quote,8/10/2002,0.513011
JPM,47896,QMLE-Quote,9/10/2002,0.494617
JPM,47896,QMLE-Quote,10/10/2002,0.590939
JPM,47896,QMLE-Quote,11/10/2002,0.773227
JPM,47896,QMLE-Quote,14/10/2002,0.594255
JPM,47896,QMLE-Quote,15/10/2002,0.356042
JPM,47896,QMLE-Quote,16/10/2002,0.384141
JPM,47896,QMLE-Quote,17/10/2002,0.51067
JPM,47896,QMLE-Quote,18/10/2002,0.36478
JPM,47896,QMLE-Quote,21/10/2002,0.584101
JPM,47896,QMLE-Quote,22/10/2002,0.274742
JPM,47896,QMLE-Quote,23/10/2002,0.477073
JPM,47896,QMLE-Quote,24/10/2002,0.437326
JPM,47896,QMLE-Quote,25/10/2002,0.364565
JPM,47896,QMLE-Quote,28/10/2002,0.341359
JPM,47896,QMLE-Quote,29/10/2002,0.445052
JPM,47896,QMLE-Quote,30/10/2002,0.388024
JPM,47896,QMLE-Quote,31/10/2002,0.481826
JPM,47896,QMLE-Quote,1/11/2002,0.337417
JPM,47896,QMLE-Quote,4/11/2002,0.484163
JPM,47896,QMLE-Quote,5/11/2002,0.366064
JPM,47896,QMLE-Quote,6/11/2002,0.731751
JPM,47896,QMLE-Quote,7/11/2002,0.58681
JPM,47896,QMLE-Quote,8/11/2002,0.476135
JPM,47896,QMLE-Quote,11/11/2002,0.424608
JPM,47896,QMLE-Quote,12/11/2002,0.365688
JPM,47896,QMLE-Quote,13/11/2002,0.502685
JPM,47896,QMLE-Quote,14/11/2002,0.30568
JPM,47896,QMLE-Quote,15/11/2002,0.517605
JPM,47896,QMLE-Quote,18/11/2002,0.38355
JPM,47896,QMLE-Quote,19/11/2002,0.262967
JPM,47896,QMLE-Quote,20/11/2002,0.300034
JPM,47896,QMLE-Quote,21/11/2002,0.332409
JPM,47896,QMLE-Quote,22/11/2002,0.401433
JPM,47896,QMLE-Quote,25/11/2002,0.320417
JPM,47896,QMLE-Quote,26/11/2002,0.258357
JPM,47896,QMLE-Quote,27/11/2002,0.286067
JPM,47896,QMLE-Quote,29/11/2002,0.145087
JPM,47896,QMLE-Quote,2/12/2002,0.364993
JPM,47896,QMLE-Quote,3/12/2002,0.291152
JPM,47896,QMLE-Quote,4/12/2002,0.445796
JPM,47896,QMLE-Quote,5/12/2002,0.342708
JPM,47896,QMLE-Quote,6/12/2002,0.429855
JPM,47896,QMLE-Quote,9/12/2002,0.393382
JPM,47896,QMLE-Quote,10/12/2002,0.360843
JPM,47896,QMLE-Quote,11/12/2002,0.373288
JPM,47896,QMLE-Quote,12/12/2002,0.303391
JPM,47896,QMLE-Quote,13/12/2002,0.34474
JPM,47896,QMLE-Quote,16/12/2002,0.295965
JPM,47896,QMLE-Quote,17/12/2002,0.303151
JPM,47896,QMLE-Quote,18/12/2002,0.298806
JPM,47896,QMLE-Quote,19/12/2002,0.411146
JPM,47896,QMLE-Quote,20/12/2002,0.309184
JPM,47896,QMLE-Quote,23/12/2002,0.358327
JPM,47896,QMLE-Quote,24/12/2002,0.306232
JPM,47896,QMLE-Quote,26/12/2002,0.269801
JPM,47896,QMLE-Quote,27/12/2002,0.275066
JPM,47896,QMLE-Quote,30/12/2002,0.256026
JPM,47896,QMLE-Quote,31/12/2002,0.300964
JPM,47896,QMLE-Quote,2/01/2003,0.627609
JPM,47896,QMLE-Quote,3/01/2003,0.343775
JPM,47896,QMLE-Quote,6/01/2003,0.34566
JPM,47896,QMLE-Quote,7/01/2003,0.371818
JPM,47896,QMLE-Quote,8/01/2003,0.318658
JPM,47896,QMLE-Quote,9/01/2003,0.231012
JPM,47896,QMLE-Quote,10/01/2003,0.319156
JPM,47896,QMLE-Quote,13/01/2003,0.247335
JPM,47896,QMLE-Quote,14/01/2003,0.246691
JPM,47896,QMLE-Quote,15/01/2003,0.25523
JPM,47896,QMLE-Quote,16/01/2003,0.261311
JPM,47896,QMLE-Quote,17/01/2003,0.26007
JPM,47896,QMLE-Quote,21/01/2003,0.312871
JPM,47896,QMLE-Quote,22/01/2003,0.342061
JPM,47896,QMLE-Quote,23/01/2003,0.322292
JPM,47896,QMLE-Quote,24/01/2003,0.35371
JPM,47896,QMLE-Quote,27/01/2003,0.445896
JPM,47896,QMLE-Quote,28/01/2003,0.305966
JPM,47896,QMLE-Quote,29/01/2003,0.448859
JPM,47896,QMLE-Quote,30/01/2003,0.428067
JPM,47896,QMLE-Quote,31/01/2003,0.495449
JPM,47896,QMLE-Quote,3/02/2003,0.321673
JPM,47896,QMLE-Quote,4/02/2003,0.376533
JPM,47896,QMLE-Quote,5/02/2003,0.427296
JPM,47896,QMLE-Quote,6/02/2003,0.395577
JPM,47896,QMLE-Quote,7/02/2003,0.311744
JPM,47896,QMLE-Quote,10/02/2003,0.371537
JPM,47896,QMLE-Quote,11/02/2003,0.260244
JPM,47896,QMLE-Quote,12/02/2003,0.249316
JPM,47896,QMLE-Quote,13/02/2003,0.380261
JPM,47896,QMLE-Quote,14/02/2003,0.368216
JPM,47896,QMLE-Quote,18/02/2003,0.283835
JPM,47896,QMLE-Quote,19/02/2003,0.226315
JPM,47896,QMLE-Quote,20/02/2003,0.268646
JPM,47896,QMLE-Quote,21/02/2003,0.354021
JPM,47896,QMLE-Quote,24/02/2003,0.216683
JPM,47896,QMLE-Quote,25/02/2003,0.34407
JPM,47896,QMLE-Quote,26/02/2003,0.258378
JPM,47896,QMLE-Quote,27/02/2003,0.354775
JPM,47896,QMLE-Quote,28/02/2003,0.272484
JPM,47896,QMLE-Quote,3/03/2003,0.265488
JPM,47896,QMLE-Quote,4/03/2003,0.255229
JPM,47896,QMLE-Quote,5/03/2003,0.303703
JPM,47896,QMLE-Quote,6/03/2003,0.277456
JPM,47896,QMLE-Quote,7/03/2003,0.369754
JPM,47896,QMLE-Quote,10/03/2003,0.270558
JPM,47896,QMLE-Quote,11/03/2003,0.311971
JPM,47896,QMLE-Quote,12/03/2003,0.338142
JPM,47896,QMLE-Quote,13/03/2003,0.383622
JPM,47896,QMLE-Quote,14/03/2003,0.418914
JPM,47896,QMLE-Quote,17/03/2003,0.522018
JPM,47896,QMLE-Quote,18/03/2003,0.381781
JPM,47896,QMLE-Quote,19/03/2003,0.291353
JPM,47896,QMLE-Quote,20/03/2003,0.394715
JPM,47896,QMLE-Quote,21/03/2003,0.397078
JPM,47896,QMLE-Quote,24/03/2003,0.306826
JPM,47896,QMLE-Quote,25/03/2003,0.362175
JPM,47896,QMLE-Quote,26/03/2003,0.275658
JPM,47896,QMLE-Quote,27/03/2003,0.29602
JPM,47896,QMLE-Quote,28/03/2003,0.229694
JPM,47896,QMLE-Quote,31/03/2003,0.268588
JPM,47896,QMLE-Quote,1/04/2003,0.290493
JPM,47896,QMLE-Quote,2/04/2003,0.252023
JPM,47896,QMLE-Quote,3/04/2003,0.281757
JPM,47896,QMLE-Quote,4/04/2003,0.254815
JPM,47896,QMLE-Quote,7/04/2003,0.229326
JPM,47896,QMLE-Quote,8/04/2003,0.274222
JPM,47896,QMLE-Quote,9/04/2003,0.327267
JPM,47896,QMLE-Quote,10/04/2003,0.140157
JPM,47896,QMLE-Quote,11/04/2003,0.196499
JPM,47896,QMLE-Quote,14/04/2003,0.186244
JPM,47896,QMLE-Quote,15/04/2003,0.292605
JPM,47896,QMLE-Quote,16/04/2003,0.275976
JPM,47896,QMLE-Quote,17/04/2003,0.24365
JPM,47896,QMLE-Quote,21/04/2003,0.276113
JPM,47896,QMLE-Quote,22/04/2003,0.260673
JPM,47896,QMLE-Quote,23/04/2003,0.276858
JPM,47896,QMLE-Quote,24/04/2003,0.371095
JPM,47896,QMLE-Quote,25/04/2003,0.274352
JPM,47896,QMLE-Quote,28/04/2003,0.208522
JPM,47896,QMLE-Quote,29/04/2003,0.297962
JPM,47896,QMLE-Quote,30/04/2003,0.266344
JPM,47896,QMLE-Quote,1/05/2003,0.309874
JPM,47896,QMLE-Quote,2/05/2003,0.235656
JPM,47896,QMLE-Quote,5/05/2003,0.28225
JPM,47896,QMLE-Quote,6/05/2003,0.294535
JPM,47896,QMLE-Quote,7/05/2003,0.328572
JPM,47896,QMLE-Quote,8/05/2003,0.221016
JPM,47896,QMLE-Quote,9/05/2003,0.206475
JPM,47896,QMLE-Quote,12/05/2003,0.0403453
JPM,47896,QMLE-Quote,13/05/2003,0.295305
JPM,47896,QMLE-Quote,14/05/2003,0.222393
JPM,47896,QMLE-Quote,15/05/2003,0.235912
JPM,47896,QMLE-Quote,16/05/2003,0.215005
JPM,47896,QMLE-Quote,19/05/2003,0.197382
JPM,47896,QMLE-Quote,20/05/2003,0.247227
JPM,47896,QMLE-Quote,21/05/2003,0.240362
JPM,47896,QMLE-Quote,22/05/2003,0.20358
JPM,47896,QMLE-Quote,23/05/2003,0.179807
JPM,47896,QMLE-Quote,27/05/2003,0.230568
JPM,47896,QMLE-Quote,28/05/2003,0.23352
JPM,47896,QMLE-Quote,29/05/2003,0.241607
JPM,47896,QMLE-Quote,30/05/2003,0.214929
JPM,47896,QMLE-Quote,2/06/2003,0.231478
JPM,47896,QMLE-Quote,3/06/2003,0.20757
JPM,47896,QMLE-Quote,4/06/2003,0.24356
JPM,47896,QMLE-Quote,5/06/2003,0.285866
JPM,47896,QMLE-Quote,6/06/2003,0.391915
JPM,47896,QMLE-Quote,9/06/2003,0.299643
JPM,47896,QMLE-Quote,10/06/2003,0.224526
JPM,47896,QMLE-Quote,11/06/2003,0.155147
JPM,47896,QMLE-Quote,12/06/2003,0.274049
JPM,47896,QMLE-Quote,13/06/2003,0.212623
JPM,47896,QMLE-Quote,16/06/2003,0.181341
JPM,47896,QMLE-Quote,17/06/2003,0.214771
JPM,47896,QMLE-Quote,18/06/2003,0.272555
JPM,47896,QMLE-Quote,19/06/2003,0.282793
JPM,47896,QMLE-Quote,20/06/2003,0.236915
JPM,47896,QMLE-Quote,23/06/2003,0.222
JPM,47896,QMLE-Quote,24/06/2003,0.215109
JPM,47896,QMLE-Quote,25/06/2003,0.325375
JPM,47896,QMLE-Quote,26/06/2003,0.195165
JPM,47896,QMLE-Quote,27/06/2003,0.21734
JPM,47896,QMLE-Quote,30/06/2003,0.182035
JPM,47896,QMLE-Quote,1/07/2003,0.300452
JPM,47896,QMLE-Quote,2/07/2003,0.151526
JPM,47896,QMLE-Quote,3/07/2003,0.284335
JPM,47896,QMLE-Quote,7/07/2003,0.237488
JPM,47896,QMLE-Quote,8/07/2003,0.182084
JPM,47896,QMLE-Quote,9/07/2003,0.242834
JPM,47896,QMLE-Quote,10/07/2003,0.247745
JPM,47896,QMLE-Quote,11/07/2003,0.209216
JPM,47896,QMLE-Quote,14/07/2003,0.299807
JPM,47896,QMLE-Quote,15/07/2003,0.260314
JPM,47896,QMLE-Quote,16/07/2003,0.428452
JPM,47896,QMLE-Quote,17/07/2003,0.234166
JPM,47896,QMLE-Quote,18/07/2003,0.148372
JPM,47896,QMLE-Quote,21/07/2003,0.253773
JPM,47896,QMLE-Quote,22/07/2003,0.268143
JPM,47896,QMLE-Quote,23/07/2003,0.174798
JPM,47896,QMLE-Quote,24/07/2003,0.224609
JPM,47896,QMLE-Quote,25/07/2003,0.201924
JPM,47896,QMLE-Quote,28/07/2003,0.303508
JPM,47896,QMLE-Quote,29/07/2003,0.273015
JPM,47896,QMLE-Quote,30/07/2003,0.223849
JPM,47896,QMLE-Quote,31/07/2003,0.35927
JPM,47896,QMLE-Quote,1/08/2003,0.330356
JPM,47896,QMLE-Quote,4/08/2003,0.364984
JPM,47896,QMLE-Quote,5/08/2003,0.260195
JPM,47896,QMLE-Quote,6/08/2003,0.261467
JPM,47896,QMLE-Quote,7/08/2003,0.225249
JPM,47896,QMLE-Quote,8/08/2003,0.209946
JPM,47896,QMLE-Quote,11/08/2003,0.234148
JPM,47896,QMLE-Quote,12/08/2003,0.195434
JPM,47896,QMLE-Quote,13/08/2003,0.167722
JPM,47896,QMLE-Quote,14/08/2003,0.14861
JPM,47896,QMLE-Quote,15/08/2003,0.127233
JPM,47896,QMLE-Quote,18/08/2003,0.139721
JPM,47896,QMLE-Quote,19/08/2003,0.174861
JPM,47896,QMLE-Quote,20/08/2003,0.176093
JPM,47896,QMLE-Quote,21/08/2003,0.236306
JPM,47896,QMLE-Quote,22/08/2003,0.207504
JPM,47896,QMLE-Quote,25/08/2003,0.21827
JPM,47896,QMLE-Quote,26/08/2003,0.271583
JPM,47896,QMLE-Quote,27/08/2003,0.206893
JPM,47896,QMLE-Quote,28/08/2003,0.195321
JPM,47896,QMLE-Quote,29/08/2003,0.166887
JPM,47896,QMLE-Quote,2/09/2003,0.237745
JPM,47896,QMLE-Quote,3/09/2003,0.196208
JPM,47896,QMLE-Quote,4/09/2003,0.171008
JPM,47896,QMLE-Quote,5/09/2003,0.150661
JPM,47896,QMLE-Quote,8/09/2003,0.157674
JPM,47896,QMLE-Quote,9/09/2003,0.173937
JPM,47896,QMLE-Quote,10/09/2003,0.198849
JPM,47896,QMLE-Quote,11/09/2003,0.165556
JPM,47896,QMLE-Quote,12/09/2003,0.0937595
JPM,47896,QMLE-Quote,15/09/2003,0.187388
JPM,47896,QMLE-Quote,16/09/2003,0.144487
JPM,47896,QMLE-Quote,17/09/2003,0.0926484
JPM,47896,QMLE-Quote,18/09/2003,0.253578
JPM,47896,QMLE-Quote,19/09/2003,0.219204
JPM,47896,QMLE-Quote,22/09/2003,0.206837
JPM,47896,QMLE-Quote,23/09/2003,0.234771
JPM,47896,QMLE-Quote,24/09/2003,0.241367
JPM,47896,QMLE-Quote,25/09/2003,0.226812
JPM,47896,QMLE-Quote,26/09/2003,0.306186
JPM,47896,QMLE-Quote,29/09/2003,0.193885
JPM,47896,QMLE-Quote,30/09/2003,0.269809
JPM,47896,QMLE-Quote,1/10/2003,0.228555
JPM,47896,QMLE-Quote,2/10/2003,0.186427
JPM,47896,QMLE-Quote,3/10/2003,0.234667
JPM,47896,QMLE-Quote,6/10/2003,0.173118
JPM,47896,QMLE-Quote,7/10/2003,0.204366
JPM,47896,QMLE-Quote,8/10/2003,0.191216
JPM,47896,QMLE-Quote,9/10/2003,0.210368
JPM,47896,QMLE-Quote,10/10/2003,0.14888
JPM,47896,QMLE-Quote,13/10/2003,0.15668
JPM,47896,QMLE-Quote,14/10/2003,0.111443
JPM,47896,QMLE-Quote,15/10/2003,0.198262
JPM,47896,QMLE-Quote,16/10/2003,0.181033
JPM,47896,QMLE-Quote,17/10/2003,0.190741
JPM,47896,QMLE-Quote,20/10/2003,0.175677
JPM,47896,QMLE-Quote,21/10/2003,0.21719
JPM,47896,QMLE-Quote,22/10/2003,0.550615
JPM,47896,QMLE-Quote,23/10/2003,0.216592
JPM,47896,QMLE-Quote,24/10/2003,0.202786
JPM,47896,QMLE-Quote,27/10/2003,0.120802
JPM,47896,QMLE-Quote,28/10/2003,0.177966
JPM,47896,QMLE-Quote,29/10/2003,0.171341
JPM,47896,QMLE-Quote,30/10/2003,0.192886
JPM,47896,QMLE-Quote,31/10/2003,0.172676
JPM,47896,QMLE-Quote,3/11/2003,0.148591
JPM,47896,QMLE-Quote,4/11/2003,0.189608
JPM,47896,QMLE-Quote,5/11/2003,0.167474
JPM,47896,QMLE-Quote,6/11/2003,0.113296
JPM,47896,QMLE-Quote,7/11/2003,0.166305
JPM,47896,QMLE-Quote,10/11/2003,0.150275
JPM,47896,QMLE-Quote,11/11/2003,0.159861
JPM,47896,QMLE-Quote,12/11/2003,0.122518
JPM,47896,QMLE-Quote,13/11/2003,0.137924
JPM,47896,QMLE-Quote,14/11/2003,0.171671
JPM,47896,QMLE-Quote,17/11/2003,0.178174
JPM,47896,QMLE-Quote,18/11/2003,0.192943
JPM,47896,QMLE-Quote,19/11/2003,0.0910325
JPM,47896,QMLE-Quote,20/11/2003,0.202917
JPM,47896,QMLE-Quote,21/11/2003,0.123686
JPM,47896,QMLE-Quote,24/11/2003,0.128754
JPM,47896,QMLE-Quote,25/11/2003,0.101491
JPM,47896,QMLE-Quote,26/11/2003,0.175105
JPM,47896,QMLE-Quote,28/11/2003,0.113573
JPM,47896,QMLE-Quote,1/12/2003,0.144568
JPM,47896,QMLE-Quote,2/12/2003,0.112625
JPM,47896,QMLE-Quote,3/12/2003,0.154747
JPM,47896,QMLE-Quote,4/12/2003,0.136702
JPM,47896,QMLE-Quote,5/12/2003,0.114242
JPM,47896,QMLE-Quote,8/12/2003,0.11031
JPM,47896,QMLE-Quote,9/12/2003,0.176639
JPM,47896,QMLE-Quote,10/12/2003,0.149395
JPM,47896,QMLE-Quote,11/12/2003,0.15698
JPM,47896,QMLE-Quote,12/12/2003,0.16165
JPM,47896,QMLE-Quote,15/12/2003,0.169343
JPM,47896,QMLE-Quote,16/12/2003,0.152002
JPM,47896,QMLE-Quote,17/12/2003,0.153217
JPM,47896,QMLE-Quote,18/12/2003,0.200445
JPM,47896,QMLE-Quote,19/12/2003,0.17536
JPM,47896,QMLE-Quote,22/12/2003,0.0885962
JPM,47896,QMLE-Quote,23/12/2003,0.0960334
JPM,47896,QMLE-Quote,24/12/2003,0.0464008
JPM,47896,QMLE-Quote,26/12/2003,0.0312174
JPM,47896,QMLE-Quote,29/12/2003,0.104364
JPM,47896,QMLE-Quote,30/12/2003,0.0431203
JPM,47896,QMLE-Quote,31/12/2003,0.0739556
JPM,47896,QMLE-Quote,2/01/2004,0.146065
JPM,47896,QMLE-Quote,5/01/2004,0.104632
JPM,47896,QMLE-Quote,6/01/2004,0.127294
JPM,47896,QMLE-Quote,7/01/2004,0.11182
JPM,47896,QMLE-Quote,8/01/2004,0.136708
JPM,47896,QMLE-Quote,9/01/2004,0.186126
JPM,47896,QMLE-Quote,12/01/2004,0.14813
JPM,47896,QMLE-Quote,13/01/2004,0.136567
JPM,47896,QMLE-Quote,14/01/2004,0.109859
JPM,47896,QMLE-Quote,15/01/2004,0.311527
JPM,47896,QMLE-Quote,16/01/2004,0.10323
JPM,47896,QMLE-Quote,20/01/2004,0.136472
JPM,47896,QMLE-Quote,21/01/2004,0.157537
JPM,47896,QMLE-Quote,22/01/2004,0.145815
JPM,47896,QMLE-Quote,23/01/2004,0.113253
JPM,47896,QMLE-Quote,26/01/2004,0.13071
JPM,47896,QMLE-Quote,27/01/2004,0.120765
JPM,47896,QMLE-Quote,28/01/2004,0.173623
JPM,47896,QMLE-Quote,29/01/2004,0.259497
JPM,47896,QMLE-Quote,30/01/2004,0.201935
JPM,47896,QMLE-Quote,2/02/2004,0.167167
JPM,47896,QMLE-Quote,3/02/2004,0.206295
JPM,47896,QMLE-Quote,4/02/2004,0.166756
JPM,47896,QMLE-Quote,5/02/2004,0.175416
JPM,47896,QMLE-Quote,6/02/2004,0.149773
JPM,47896,QMLE-Quote,9/02/2004,0.155243
JPM,47896,QMLE-Quote,10/02/2004,0.137899
JPM,47896,QMLE-Quote,11/02/2004,0.166673
JPM,47896,QMLE-Quote,12/02/2004,0.152427
JPM,47896,QMLE-Quote,13/02/2004,0.199384
JPM,47896,QMLE-Quote,17/02/2004,0.105942
JPM,47896,QMLE-Quote,18/02/2004,0.0949201
JPM,47896,QMLE-Quote,19/02/2004,0.130201
JPM,47896,QMLE-Quote,20/02/2004,0.18082
JPM,47896,QMLE-Quote,23/02/2004,0.150773
JPM,47896,QMLE-Quote,24/02/2004,0.21069
JPM,47896,QMLE-Quote,25/02/2004,0.106835
JPM,47896,QMLE-Quote,26/02/2004,0.118148
JPM,47896,QMLE-Quote,27/02/2004,0.160012
JPM,47896,QMLE-Quote,1/03/2004,0.123003
JPM,47896,QMLE-Quote,2/03/2004,0.159504
JPM,47896,QMLE-Quote,3/03/2004,0.106457
JPM,47896,QMLE-Quote,4/03/2004,0.106285
JPM,47896,QMLE-Quote,5/03/2004,0.312653
JPM,47896,QMLE-Quote,8/03/2004,0.148684
JPM,47896,QMLE-Quote,9/03/2004,0.196798
JPM,47896,QMLE-Quote,10/03/2004,0.184983
JPM,47896,QMLE-Quote,11/03/2004,0.199542
JPM,47896,QMLE-Quote,12/03/2004,0.176945
JPM,47896,QMLE-Quote,15/03/2004,0.184018
JPM,47896,QMLE-Quote,16/03/2004,0.212937
JPM,47896,QMLE-Quote,17/03/2004,0.166283
JPM,47896,QMLE-Quote,18/03/2004,0.1561
JPM,47896,QMLE-Quote,19/03/2004,0.168678
JPM,47896,QMLE-Quote,22/03/2004,0.175855
JPM,47896,QMLE-Quote,23/03/2004,0.18525
JPM,47896,QMLE-Quote,24/03/2004,0.133285
JPM,47896,QMLE-Quote,25/03/2004,0.202687
JPM,47896,QMLE-Quote,26/03/2004,0.169474
JPM,47896,QMLE-Quote,29/03/2004,0.135532
JPM,47896,QMLE-Quote,30/03/2004,0.115199
JPM,47896,QMLE-Quote,31/03/2004,0.135909
JPM,47896,QMLE-Quote,1/04/2004,0.0850905
JPM,47896,QMLE-Quote,2/04/2004,0.240066
JPM,47896,QMLE-Quote,5/04/2004,0.100911
JPM,47896,QMLE-Quote,6/04/2004,0.111536
JPM,47896,QMLE-Quote,7/04/2004,0.103126
JPM,47896,QMLE-Quote,8/04/2004,0.165536
JPM,47896,QMLE-Quote,12/04/2004,0.0898439
JPM,47896,QMLE-Quote,13/04/2004,0.194145
JPM,47896,QMLE-Quote,14/04/2004,0.175991
JPM,47896,QMLE-Quote,15/04/2004,0.186668
JPM,47896,QMLE-Quote,16/04/2004,0.14908
JPM,47896,QMLE-Quote,19/04/2004,0.0781794
JPM,47896,QMLE-Quote,20/04/2004,0.253666
JPM,47896,QMLE-Quote,21/04/2004,0.22644
JPM,47896,QMLE-Quote,22/04/2004,0.113383
JPM,47896,QMLE-Quote,23/04/2004,0.140314
JPM,47896,QMLE-Quote,26/04/2004,0.18545
JPM,47896,QMLE-Quote,27/04/2004,0.159205
JPM,47896,QMLE-Quote,28/04/2004,0.171002
JPM,47896,QMLE-Quote,29/04/2004,0.204493
JPM,47896,QMLE-Quote,30/04/2004,0.226856
JPM,47896,QMLE-Quote,3/05/2004,0.167961
JPM,47896,QMLE-Quote,4/05/2004,0.230172
JPM,47896,QMLE-Quote,5/05/2004,0.179627
JPM,47896,QMLE-Quote,6/05/2004,0.190198
JPM,47896,QMLE-Quote,7/05/2004,0.226827
JPM,47896,QMLE-Quote,10/05/2004,0.320973
JPM,47896,QMLE-Quote,11/05/2004,0.222228
JPM,47896,QMLE-Quote,12/05/2004,0.282579
JPM,47896,QMLE-Quote,13/05/2004,0.260755
JPM,47896,QMLE-Quote,14/05/2004,0.303106
JPM,47896,QMLE-Quote,17/05/2004,0.292634
JPM,47896,QMLE-Quote,18/05/2004,0.125122
JPM,47896,QMLE-Quote,19/05/2004,0.169986
JPM,47896,QMLE-Quote,20/05/2004,0.145561
JPM,47896,QMLE-Quote,21/05/2004,0.154287
JPM,47896,QMLE-Quote,24/05/2004,0.137937
JPM,47896,QMLE-Quote,25/05/2004,0.140973
JPM,47896,QMLE-Quote,26/05/2004,0.163182
JPM,47896,QMLE-Quote,27/05/2004,0.168428
JPM,47896,QMLE-Quote,28/05/2004,0.146698
JPM,47896,QMLE-Quote,1/06/2004,0.150445
JPM,47896,QMLE-Quote,2/06/2004,0.139834
JPM,47896,QMLE-Quote,3/06/2004,0.123862
JPM,47896,QMLE-Quote,4/06/2004,0.172751
JPM,47896,QMLE-Quote,7/06/2004,0.133911
JPM,47896,QMLE-Quote,8/06/2004,0.0993833
JPM,47896,QMLE-Quote,9/06/2004,0.168348
JPM,47896,QMLE-Quote,10/06/2004,0.0900825
JPM,47896,QMLE-Quote,14/06/2004,0.132532
JPM,47896,QMLE-Quote,15/06/2004,0.129785
JPM,47896,QMLE-Quote,16/06/2004,0.092598
JPM,47896,QMLE-Quote,17/06/2004,0.115785
JPM,47896,QMLE-Quote,18/06/2004,0.137059
JPM,47896,QMLE-Quote,21/06/2004,0.10082
JPM,47896,QMLE-Quote,22/06/2004,0.102178
JPM,47896,QMLE-Quote,23/06/2004,0.110118
JPM,47896,QMLE-Quote,24/06/2004,0.106112
JPM,47896,QMLE-Quote,25/06/2004,0.142274
JPM,47896,QMLE-Quote,28/06/2004,0.149802
JPM,47896,QMLE-Quote,29/06/2004,0.121531
JPM,47896,QMLE-Quote,30/06/2004,0.155228
JPM,47896,QMLE-Quote,1/07/2004,0.204416
JPM,47896,QMLE-Quote,2/07/2004,0.149636
JPM,47896,QMLE-Quote,6/07/2004,0.103569
JPM,47896,QMLE-Quote,7/07/2004,0.128011
JPM,47896,QMLE-Quote,8/07/2004,0.191257
JPM,47896,QMLE-Quote,9/07/2004,0.0965766
JPM,47896,QMLE-Quote,12/07/2004,0.110523
JPM,47896,QMLE-Quote,13/07/2004,0.100307
JPM,47896,QMLE-Quote,14/07/2004,0.142759
JPM,47896,QMLE-Quote,15/07/2004,0.179488
JPM,47896,QMLE-Quote,16/07/2004,0.137301
JPM,47896,QMLE-Quote,19/07/2004,0.177452
JPM,47896,QMLE-Quote,20/07/2004,0.229722
JPM,47896,QMLE-Quote,21/07/2004,0.259467
JPM,47896,QMLE-Quote,22/07/2004,0.223775
JPM,47896,QMLE-Quote,23/07/2004,0.171821
JPM,47896,QMLE-Quote,26/07/2004,0.206049
JPM,47896,QMLE-Quote,27/07/2004,0.199245
JPM,47896,QMLE-Quote,28/07/2004,0.224258
JPM,47896,QMLE-Quote,29/07/2004,0.180818
JPM,47896,QMLE-Quote,30/07/2004,0.160257
JPM,47896,QMLE-Quote,2/08/2004,0.156852
JPM,47896,QMLE-Quote,3/08/2004,0.176619
JPM,47896,QMLE-Quote,4/08/2004,0.200784
JPM,47896,QMLE-Quote,5/08/2004,0.196545
JPM,47896,QMLE-Quote,6/08/2004,0.257858
JPM,47896,QMLE-Quote,9/08/2004,0.105096
JPM,47896,QMLE-Quote,10/08/2004,0.202901
JPM,47896,QMLE-Quote,11/08/2004,0.212411
JPM,47896,QMLE-Quote,12/08/2004,0.0926454
JPM,47896,QMLE-Quote,13/08/2004,0.160393
JPM,47896,QMLE-Quote,16/08/2004,0.157205
JPM,47896,QMLE-Quote,17/08/2004,0.14827
JPM,47896,QMLE-Quote,18/08/2004,0.176086
JPM,47896,QMLE-Quote,19/08/2004,0.157883
JPM,47896,QMLE-Quote,20/08/2004,0.151284
JPM,47896,QMLE-Quote,23/08/2004,0.119702
JPM,47896,QMLE-Quote,24/08/2004,0.136483
JPM,47896,QMLE-Quote,25/08/2004,0.135453
JPM,47896,QMLE-Quote,26/08/2004,0.122795
JPM,47896,QMLE-Quote,27/08/2004,0.0692886
JPM,47896,QMLE-Quote,30/08/2004,0.119807
JPM,47896,QMLE-Quote,31/08/2004,0.147861
JPM,47896,QMLE-Quote,1/09/2004,0.188148
JPM,47896,QMLE-Quote,2/09/2004,0.148979
JPM,47896,QMLE-Quote,3/09/2004,0.117888
JPM,47896,QMLE-Quote,7/09/2004,0.124125
JPM,47896,QMLE-Quote,8/09/2004,0.131743
JPM,47896,QMLE-Quote,9/09/2004,0.160852
JPM,47896,QMLE-Quote,10/09/2004,0.123846
JPM,47896,QMLE-Quote,13/09/2004,0.113112
JPM,47896,QMLE-Quote,14/09/2004,0.133927
JPM,47896,QMLE-Quote,15/09/2004,0.107887
JPM,47896,QMLE-Quote,16/09/2004,0.18352
JPM,47896,QMLE-Quote,17/09/2004,0.103227
JPM,47896,QMLE-Quote,20/09/2004,0.101905
JPM,47896,QMLE-Quote,21/09/2004,0.145764
JPM,47896,QMLE-Quote,22/09/2004,0.143169
JPM,47896,QMLE-Quote,23/09/2004,0.141733
JPM,47896,QMLE-Quote,24/09/2004,0.121461
JPM,47896,QMLE-Quote,27/09/2004,0.147504
JPM,47896,QMLE-Quote,28/09/2004,0.118672
JPM,47896,QMLE-Quote,29/09/2004,0.136816
JPM,47896,QMLE-Quote,30/09/2004,0.12716
JPM,47896,QMLE-Quote,1/10/2004,0.123041
JPM,47896,QMLE-Quote,4/10/2004,0.123982
JPM,47896,QMLE-Quote,5/10/2004,0.174663
JPM,47896,QMLE-Quote,6/10/2004,0.0983981
JPM,47896,QMLE-Quote,7/10/2004,0.134971
JPM,47896,QMLE-Quote,8/10/2004,0.128481
JPM,47896,QMLE-Quote,11/10/2004,0.0909529
JPM,47896,QMLE-Quote,12/10/2004,0.134627
JPM,47896,QMLE-Quote,13/10/2004,0.169316
JPM,47896,QMLE-Quote,14/10/2004,0.20197
JPM,47896,QMLE-Quote,15/10/2004,0.172437
JPM,47896,QMLE-Quote,18/10/2004,0.157209
JPM,47896,QMLE-Quote,19/10/2004,0.336374
JPM,47896,QMLE-Quote,20/10/2004,0.368098
JPM,47896,QMLE-Quote,21/10/2004,0.237354
JPM,47896,QMLE-Quote,22/10/2004,0.131262
JPM,47896,QMLE-Quote,25/10/2004,0.181055
JPM,47896,QMLE-Quote,26/10/2004,0.199184
JPM,47896,QMLE-Quote,27/10/2004,0.219277
JPM,47896,QMLE-Quote,28/10/2004,0.182145
JPM,47896,QMLE-Quote,29/10/2004,0.160137
JPM,47896,QMLE-Quote,1/11/2004,0.132557
JPM,47896,QMLE-Quote,2/11/2004,0.206431
JPM,47896,QMLE-Quote,3/11/2004,0.196094
JPM,47896,QMLE-Quote,4/11/2004,0.210853
JPM,47896,QMLE-Quote,5/11/2004,0.190606
JPM,47896,QMLE-Quote,8/11/2004,0.0962466
JPM,47896,QMLE-Quote,9/11/2004,0.114901
JPM,47896,QMLE-Quote,10/11/2004,0.136749
JPM,47896,QMLE-Quote,11/11/2004,0.136075
JPM,47896,QMLE-Quote,12/11/2004,0.120796
JPM,47896,QMLE-Quote,15/11/2004,0.105258
JPM,47896,QMLE-Quote,16/11/2004,0.106835
JPM,47896,QMLE-Quote,17/11/2004,0.134188
JPM,47896,QMLE-Quote,18/11/2004,0.133624
JPM,47896,QMLE-Quote,19/11/2004,0.151615
JPM,47896,QMLE-Quote,22/11/2004,0.17618
JPM,47896,QMLE-Quote,23/11/2004,0.141918
JPM,47896,QMLE-Quote,24/11/2004,0.0853713
JPM,47896,QMLE-Quote,26/11/2004,0.0740057
JPM,47896,QMLE-Quote,29/11/2004,0.16296
JPM,47896,QMLE-Quote,30/11/2004,0.107959
JPM,47896,QMLE-Quote,1/12/2004,0.050175
JPM,47896,QMLE-Quote,2/12/2004,0.0689973
JPM,47896,QMLE-Quote,3/12/2004,0.181892
JPM,47896,QMLE-Quote,6/12/2004,0.138218
JPM,47896,QMLE-Quote,7/12/2004,0.140426
JPM,47896,QMLE-Quote,8/12/2004,0.118445
JPM,47896,QMLE-Quote,9/12/2004,0.122131
JPM,47896,QMLE-Quote,10/12/2004,0.134574
JPM,47896,QMLE-Quote,13/12/2004,0.126075
JPM,47896,QMLE-Quote,14/12/2004,0.1259
JPM,47896,QMLE-Quote,15/12/2004,0.122235
JPM,47896,QMLE-Quote,16/12/2004,0.115539
JPM,47896,QMLE-Quote,17/12/2004,0.252551
JPM,47896,QMLE-Quote,20/12/2004,0.141534
JPM,47896,QMLE-Quote,21/12/2004,0.134994
JPM,47896,QMLE-Quote,22/12/2004,0.140894
JPM,47896,QMLE-Quote,23/12/2004,0.110095
JPM,47896,QMLE-Quote,27/12/2004,0.101383
JPM,47896,QMLE-Quote,28/12/2004,0.11411
JPM,47896,QMLE-Quote,29/12/2004,0.0812352
JPM,47896,QMLE-Quote,30/12/2004,0.0921542
JPM,47896,QMLE-Quote,31/12/2004,0.0787183
JPM,47896,QMLE-Quote,3/01/2005,0.141319
JPM,47896,QMLE-Quote,4/01/2005,0.13359
JPM,47896,QMLE-Quote,5/01/2005,0.188826
JPM,47896,QMLE-Quote,6/01/2005,0.144899
JPM,47896,QMLE-Quote,7/01/2005,0.159533
JPM,47896,QMLE-Quote,10/01/2005,0.155207
JPM,47896,QMLE-Quote,11/01/2005,0.125544
JPM,47896,QMLE-Quote,12/01/2005,0.162668
JPM,47896,QMLE-Quote,13/01/2005,0.16626
JPM,47896,QMLE-Quote,14/01/2005,0.127215
JPM,47896,QMLE-Quote,18/01/2005,0.182537
JPM,47896,QMLE-Quote,19/01/2005,0.186557
JPM,47896,QMLE-Quote,20/01/2005,0.186949
JPM,47896,QMLE-Quote,21/01/2005,0.14167
JPM,47896,QMLE-Quote,24/01/2005,0.114637
JPM,47896,QMLE-Quote,25/01/2005,0.15052
JPM,47896,QMLE-Quote,26/01/2005,0.0863211
JPM,47896,QMLE-Quote,27/01/2005,0.107122
JPM,47896,QMLE-Quote,28/01/2005,0.135746
JPM,47896,QMLE-Quote,31/01/2005,0.0917867
JPM,47896,QMLE-Quote,1/02/2005,0.108858
JPM,47896,QMLE-Quote,2/02/2005,0.0648777
JPM,47896,QMLE-Quote,3/02/2005,0.0545183
JPM,47896,QMLE-Quote,4/02/2005,0.0890442
JPM,47896,QMLE-Quote,7/02/2005,0.108355
JPM,47896,QMLE-Quote,8/02/2005,0.0843359
JPM,47896,QMLE-Quote,9/02/2005,0.106911
JPM,47896,QMLE-Quote,10/02/2005,0.095455
JPM,47896,QMLE-Quote,11/02/2005,0.10752
JPM,47896,QMLE-Quote,14/02/2005,0.0881129
JPM,47896,QMLE-Quote,15/02/2005,0.0758474
JPM,47896,QMLE-Quote,16/02/2005,0.10654
JPM,47896,QMLE-Quote,17/02/2005,0.106885
JPM,47896,QMLE-Quote,18/02/2005,0.120935
JPM,47896,QMLE-Quote,22/02/2005,0.131365
JPM,47896,QMLE-Quote,23/02/2005,0.139025
JPM,47896,QMLE-Quote,24/02/2005,0.115466
JPM,47896,QMLE-Quote,25/02/2005,0.10968
JPM,47896,QMLE-Quote,28/02/2005,0.160621
JPM,47896,QMLE-Quote,1/03/2005,0.13316
JPM,47896,QMLE-Quote,2/03/2005,0.14429
JPM,47896,QMLE-Quote,3/03/2005,0.121645
JPM,47896,QMLE-Quote,4/03/2005,0.146625
JPM,47896,QMLE-Quote,7/03/2005,0.0954489
JPM,47896,QMLE-Quote,8/03/2005,0.135195
JPM,47896,QMLE-Quote,9/03/2005,0.109359
JPM,47896,QMLE-Quote,10/03/2005,0.118178
JPM,47896,QMLE-Quote,11/03/2005,0.0779961
JPM,47896,QMLE-Quote,14/03/2005,0.136864
JPM,47896,QMLE-Quote,15/03/2005,0.123959
JPM,47896,QMLE-Quote,16/03/2005,0.151134
JPM,47896,QMLE-Quote,18/03/2005,0.15402
JPM,47896,QMLE-Quote,21/03/2005,0.139082
JPM,47896,QMLE-Quote,22/03/2005,0.194252
JPM,47896,QMLE-Quote,23/03/2005,0.154716
JPM,47896,QMLE-Quote,24/03/2005,0.0953302
JPM,47896,QMLE-Quote,28/03/2005,0.105162
JPM,47896,QMLE-Quote,29/03/2005,0.194397
JPM,47896,QMLE-Quote,30/03/2005,0.15757
JPM,47896,QMLE-Quote,31/03/2005,0.163402
JPM,47896,QMLE-Quote,1/04/2005,0.233823
JPM,47896,QMLE-Quote,4/04/2005,0.203087
JPM,47896,QMLE-Quote,5/04/2005,0.153037
JPM,47896,QMLE-Quote,6/04/2005,0.121174
JPM,47896,QMLE-Quote,7/04/2005,0.148501
JPM,47896,QMLE-Quote,8/04/2005,0.135826
JPM,47896,QMLE-Quote,11/04/2005,0.106906
JPM,47896,QMLE-Quote,12/04/2005,0.179746
JPM,47896,QMLE-Quote,13/04/2005,0.148643
JPM,47896,QMLE-Quote,14/04/2005,0.147514
JPM,47896,QMLE-Quote,15/04/2005,0.207312
JPM,47896,QMLE-Quote,18/04/2005,0.195249
JPM,47896,QMLE-Quote,19/04/2005,0.168394
JPM,47896,QMLE-Quote,20/04/2005,0.273333
JPM,47896,QMLE-Quote,21/04/2005,0.224876
JPM,47896,QMLE-Quote,22/04/2005,0.203715
JPM,47896,QMLE-Quote,25/04/2005,0.141598
JPM,47896,QMLE-Quote,26/04/2005,0.173446
JPM,47896,QMLE-Quote,27/04/2005,0.160416
JPM,47896,QMLE-Quote,28/04/2005,0.132314
JPM,47896,QMLE-Quote,29/04/2005,0.150874
JPM,47896,QMLE-Quote,2/05/2005,0.156249
JPM,47896,QMLE-Quote,3/05/2005,0.203224
JPM,47896,QMLE-Quote,4/05/2005,0.132524
JPM,47896,QMLE-Quote,5/05/2005,0.204285
JPM,47896,QMLE-Quote,6/05/2005,0.191522
JPM,47896,QMLE-Quote,9/05/2005,0.125207
JPM,47896,QMLE-Quote,10/05/2005,0.17661
JPM,47896,QMLE-Quote,11/05/2005,0.196117
JPM,47896,QMLE-Quote,12/05/2005,0.18442
JPM,47896,QMLE-Quote,13/05/2005,0.230486
JPM,47896,QMLE-Quote,16/05/2005,0.135808
JPM,47896,QMLE-Quote,17/05/2005,0.125648
JPM,47896,QMLE-Quote,18/05/2005,0.111654
JPM,47896,QMLE-Quote,19/05/2005,0.119876
JPM,47896,QMLE-Quote,20/05/2005,0.114518
JPM,47896,QMLE-Quote,23/05/2005,0.112354
JPM,47896,QMLE-Quote,24/05/2005,0.109293
JPM,47896,QMLE-Quote,25/05/2005,0.103026
JPM,47896,QMLE-Quote,26/05/2005,0.100516
JPM,47896,QMLE-Quote,27/05/2005,0.12431
JPM,47896,QMLE-Quote,31/05/2005,0.106171
JPM,47896,QMLE-Quote,1/06/2005,0.212177
JPM,47896,QMLE-Quote,2/06/2005,0.164118
JPM,47896,QMLE-Quote,3/06/2005,0.141156
JPM,47896,QMLE-Quote,6/06/2005,0.117305
JPM,47896,QMLE-Quote,7/06/2005,0.132934
JPM,47896,QMLE-Quote,8/06/2005,0.112904
JPM,47896,QMLE-Quote,9/06/2005,0.131429
JPM,47896,QMLE-Quote,10/06/2005,0.132106
JPM,47896,QMLE-Quote,13/06/2005,0.162477
JPM,47896,QMLE-Quote,14/06/2005,0.110702
JPM,47896,QMLE-Quote,15/06/2005,0.107806
JPM,47896,QMLE-Quote,16/06/2005,0.108872
JPM,47896,QMLE-Quote,17/06/2005,0.166111
JPM,47896,QMLE-Quote,20/06/2005,0.119084
JPM,47896,QMLE-Quote,21/06/2005,0.126656
JPM,47896,QMLE-Quote,22/06/2005,0.105803
JPM,47896,QMLE-Quote,23/06/2005,0.122801
JPM,47896,QMLE-Quote,24/06/2005,0.148978
JPM,47896,QMLE-Quote,27/06/2005,0.114154
JPM,47896,QMLE-Quote,28/06/2005,0.0791195
JPM,47896,QMLE-Quote,29/06/2005,0.0919715
JPM,47896,QMLE-Quote,30/06/2005,0.142983
JPM,47896,QMLE-Quote,1/07/2005,0.149918
JPM,47896,QMLE-Quote,5/07/2005,0.138048
JPM,47896,QMLE-Quote,6/07/2005,0.127291
JPM,47896,QMLE-Quote,7/07/2005,0.172054
JPM,47896,QMLE-Quote,8/07/2005,0.150567
JPM,47896,QMLE-Quote,11/07/2005,0.13307
JPM,47896,QMLE-Quote,12/07/2005,0.115259
JPM,47896,QMLE-Quote,13/07/2005,0.126167
JPM,47896,QMLE-Quote,14/07/2005,0.0956683
JPM,47896,QMLE-Quote,15/07/2005,0.119001
JPM,47896,QMLE-Quote,18/07/2005,0.124074
JPM,47896,QMLE-Quote,19/07/2005,0.144247
JPM,47896,QMLE-Quote,20/07/2005,0.241618
JPM,47896,QMLE-Quote,21/07/2005,0.159559
JPM,47896,QMLE-Quote,22/07/2005,0.10519
JPM,47896,QMLE-Quote,25/07/2005,0.0935445
JPM,47896,QMLE-Quote,26/07/2005,0.131387
JPM,47896,QMLE-Quote,27/07/2005,0.130399
JPM,47896,QMLE-Quote,28/07/2005,0.0926837
JPM,47896,QMLE-Quote,29/07/2005,0.102848
JPM,47896,QMLE-Quote,1/08/2005,0.0854852
JPM,47896,QMLE-Quote,2/08/2005,0.0861162
JPM,47896,QMLE-Quote,3/08/2005,0.0663888
JPM,47896,QMLE-Quote,4/08/2005,0.0222825
JPM,47896,QMLE-Quote,5/08/2005,0.110551
JPM,47896,QMLE-Quote,8/08/2005,0.101721
JPM,47896,QMLE-Quote,9/08/2005,0.126288
JPM,47896,QMLE-Quote,10/08/2005,0.165137
JPM,47896,QMLE-Quote,11/08/2005,0.150954
JPM,47896,QMLE-Quote,12/08/2005,0.132839
JPM,47896,QMLE-Quote,15/08/2005,0.139089
JPM,47896,QMLE-Quote,16/08/2005,0.178439
JPM,47896,QMLE-Quote,17/08/2005,0.144439
JPM,47896,QMLE-Quote,18/08/2005,0.119641
JPM,47896,QMLE-Quote,19/08/2005,0.112401
JPM,47896,QMLE-Quote,22/08/2005,0.110048
JPM,47896,QMLE-Quote,23/08/2005,0.116163
JPM,47896,QMLE-Quote,24/08/2005,0.155007
JPM,47896,QMLE-Quote,25/08/2005,0.119119
JPM,47896,QMLE-Quote,26/08/2005,0.161005
JPM,47896,QMLE-Quote,29/08/2005,0.135612
JPM,47896,QMLE-Quote,30/08/2005,0.166017
JPM,47896,QMLE-Quote,31/08/2005,0.202686
JPM,47896,QMLE-Quote,1/09/2005,0.216849
JPM,47896,QMLE-Quote,2/09/2005,0.145357
JPM,47896,QMLE-Quote,6/09/2005,0.136602
JPM,47896,QMLE-Quote,7/09/2005,0.105295
JPM,47896,QMLE-Quote,8/09/2005,0.138559
JPM,47896,QMLE-Quote,9/09/2005,0.100119
JPM,47896,QMLE-Quote,12/09/2005,0.0974533
JPM,47896,QMLE-Quote,13/09/2005,0.0899516
JPM,47896,QMLE-Quote,14/09/2005,0.0988986
JPM,47896,QMLE-Quote,15/09/2005,0.106553
JPM,47896,QMLE-Quote,16/09/2005,0.16312
JPM,47896,QMLE-Quote,19/09/2005,0.171969
JPM,47896,QMLE-Quote,20/09/2005,0.154934
JPM,47896,QMLE-Quote,21/09/2005,0.184793
JPM,47896,QMLE-Quote,22/09/2005,0.199579
JPM,47896,QMLE-Quote,23/09/2005,0.148354
JPM,47896,QMLE-Quote,26/09/2005,0.117949
JPM,47896,QMLE-Quote,27/09/2005,0.158061
JPM,47896,QMLE-Quote,28/09/2005,0.161725
JPM,47896,QMLE-Quote,29/09/2005,0.218405
JPM,47896,QMLE-Quote,30/09/2005,0.169931
JPM,47896,QMLE-Quote,3/10/2005,0.1609
JPM,47896,QMLE-Quote,4/10/2005,0.123904
JPM,47896,QMLE-Quote,5/10/2005,0.171053
JPM,47896,QMLE-Quote,6/10/2005,0.209118
JPM,47896,QMLE-Quote,7/10/2005,0.153056
JPM,47896,QMLE-Quote,10/10/2005,0.167164
JPM,47896,QMLE-Quote,11/10/2005,0.199866
JPM,47896,QMLE-Quote,12/10/2005,0.210234
JPM,47896,QMLE-Quote,13/10/2005,0.252427
JPM,47896,QMLE-Quote,14/10/2005,0.193295
JPM,47896,QMLE-Quote,17/10/2005,0.151174
JPM,47896,QMLE-Quote,18/10/2005,0.167638
JPM,47896,QMLE-Quote,19/10/2005,0.180103
JPM,47896,QMLE-Quote,20/10/2005,0.16289
JPM,47896,QMLE-Quote,21/10/2005,0.105807
JPM,47896,QMLE-Quote,24/10/2005,0.138052
JPM,47896,QMLE-Quote,25/10/2005,0.161941
JPM,47896,QMLE-Quote,26/10/2005,0.159677
JPM,47896,QMLE-Quote,27/10/2005,0.134835
JPM,47896,QMLE-Quote,28/10/2005,0.135258
JPM,47896,QMLE-Quote,31/10/2005,0.144438
JPM,47896,QMLE-Quote,1/11/2005,0.137838
JPM,47896,QMLE-Quote,2/11/2005,0.175489
JPM,47896,QMLE-Quote,3/11/2005,0.187354
JPM,47896,QMLE-Quote,4/11/2005,0.114002
JPM,47896,QMLE-Quote,7/11/2005,0.132633
JPM,47896,QMLE-Quote,8/11/2005,0.0921681
JPM,47896,QMLE-Quote,9/11/2005,0.126871
JPM,47896,QMLE-Quote,10/11/2005,0.144988
JPM,47896,QMLE-Quote,11/11/2005,0.101931
JPM,47896,QMLE-Quote,14/11/2005,0.116451
JPM,47896,QMLE-Quote,15/11/2005,0.12295
JPM,47896,QMLE-Quote,16/11/2005,0.16962
JPM,47896,QMLE-Quote,17/11/2005,0.125777
JPM,47896,QMLE-Quote,18/11/2005,0.175789
JPM,47896,QMLE-Quote,21/11/2005,0.092703
JPM,47896,QMLE-Quote,22/11/2005,0.114771
JPM,47896,QMLE-Quote,23/11/2005,0.146725
JPM,47896,QMLE-Quote,25/11/2005,0.0978731
JPM,47896,QMLE-Quote,28/11/2005,0.133154
JPM,47896,QMLE-Quote,29/11/2005,0.135748
JPM,47896,QMLE-Quote,30/11/2005,0.181662
JPM,47896,QMLE-Quote,1/12/2005,0.125245
JPM,47896,QMLE-Quote,2/12/2005,0.12934
JPM,47896,QMLE-Quote,5/12/2005,0.122016
JPM,47896,QMLE-Quote,6/12/2005,0.114697
JPM,47896,QMLE-Quote,7/12/2005,0.140208
JPM,47896,QMLE-Quote,8/12/2005,0.150396
JPM,47896,QMLE-Quote,9/12/2005,0.124728
JPM,47896,QMLE-Quote,12/12/2005,0.146718
JPM,47896,QMLE-Quote,13/12/2005,0.153236
JPM,47896,QMLE-Quote,14/12/2005,0.141315
JPM,47896,QMLE-Quote,15/12/2005,0.117994
JPM,47896,QMLE-Quote,16/12/2005,0.0846638
JPM,47896,QMLE-Quote,19/12/2005,0.127159
JPM,47896,QMLE-Quote,20/12/2005,0.142131
JPM,47896,QMLE-Quote,21/12/2005,0.0974494
JPM,47896,QMLE-Quote,22/12/2005,0.0863634
JPM,47896,QMLE-Quote,23/12/2005,0.0819284
JPM,47896,QMLE-Quote,27/12/2005,0.110879
JPM,47896,QMLE-Quote,28/12/2005,0.112327
JPM,47896,QMLE-Quote,29/12/2005,0.0770961
JPM,47896,QMLE-Quote,30/12/2005,0.113291
JPM,47896,QMLE-Quote,3/01/2006,0.194648
JPM,47896,QMLE-Quote,4/01/2006,0.188634
JPM,47896,QMLE-Quote,5/01/2006,0.127535
JPM,47896,QMLE-Quote,6/01/2006,0.163172
JPM,47896,QMLE-Quote,9/01/2006,0.183055
JPM,47896,QMLE-Quote,10/01/2006,0.138148
JPM,47896,QMLE-Quote,11/01/2006,0.0884455
JPM,47896,QMLE-Quote,12/01/2006,0.13311
JPM,47896,QMLE-Quote,13/01/2006,0.128982
JPM,47896,QMLE-Quote,17/01/2006,0.173139
JPM,47896,QMLE-Quote,18/01/2006,0.205992
JPM,47896,QMLE-Quote,19/01/2006,0.193062
JPM,47896,QMLE-Quote,20/01/2006,0.219136
JPM,47896,QMLE-Quote,23/01/2006,0.177655
JPM,47896,QMLE-Quote,24/01/2006,0.159895
JPM,47896,QMLE-Quote,25/01/2006,0.17326
JPM,47896,QMLE-Quote,26/01/2006,0.193688
JPM,47896,QMLE-Quote,27/01/2006,0.224225
JPM,47896,QMLE-Quote,30/01/2006,0.145147
JPM,47896,QMLE-Quote,31/01/2006,0.173195
JPM,47896,QMLE-Quote,1/02/2006,0.190068
JPM,47896,QMLE-Quote,2/02/2006,0.169267
JPM,47896,QMLE-Quote,3/02/2006,0.166673
JPM,47896,QMLE-Quote,6/02/2006,0.133902
JPM,47896,QMLE-Quote,7/02/2006,0.135703
JPM,47896,QMLE-Quote,8/02/2006,0.0970778
JPM,47896,QMLE-Quote,9/02/2006,0.15263
JPM,47896,QMLE-Quote,10/02/2006,0.178477
JPM,47896,QMLE-Quote,13/02/2006,0.172892
JPM,47896,QMLE-Quote,14/02/2006,0.156716
JPM,47896,QMLE-Quote,15/02/2006,0.170673
JPM,47896,QMLE-Quote,16/02/2006,0.120343
JPM,47896,QMLE-Quote,17/02/2006,0.113565
JPM,47896,QMLE-Quote,21/02/2006,0.159376
JPM,47896,QMLE-Quote,22/02/2006,0.126657
JPM,47896,QMLE-Quote,23/02/2006,0.151917
JPM,47896,QMLE-Quote,24/02/2006,0.142305
JPM,47896,QMLE-Quote,27/02/2006,0.166911
JPM,47896,QMLE-Quote,28/02/2006,0.144033
JPM,47896,QMLE-Quote,1/03/2006,0.127519
JPM,47896,QMLE-Quote,2/03/2006,0.122717
JPM,47896,QMLE-Quote,3/03/2006,0.167652
JPM,47896,QMLE-Quote,6/03/2006,0.181788
JPM,47896,QMLE-Quote,7/03/2006,0.168512
JPM,47896,QMLE-Quote,8/03/2006,0.167957
JPM,47896,QMLE-Quote,9/03/2006,0.134636
JPM,47896,QMLE-Quote,10/03/2006,0.139308
JPM,47896,QMLE-Quote,13/03/2006,0.135929
JPM,47896,QMLE-Quote,14/03/2006,0.107771
JPM,47896,QMLE-Quote,15/03/2006,0.117392
JPM,47896,QMLE-Quote,16/03/2006,0.126923
JPM,47896,QMLE-Quote,17/03/2006,0.108394
JPM,47896,QMLE-Quote,20/03/2006,0.115455
JPM,47896,QMLE-Quote,21/03/2006,0.180619
JPM,47896,QMLE-Quote,22/03/2006,0.151691
JPM,47896,QMLE-Quote,23/03/2006,0.162842
JPM,47896,QMLE-Quote,24/03/2006,0.163463
JPM,47896,QMLE-Quote,27/03/2006,0.149683
JPM,47896,QMLE-Quote,28/03/2006,0.197938
JPM,47896,QMLE-Quote,29/03/2006,0.182576
JPM,47896,QMLE-Quote,30/03/2006,0.206712
JPM,47896,QMLE-Quote,31/03/2006,0.137513
JPM,47896,QMLE-Quote,3/04/2006,0.144688
JPM,47896,QMLE-Quote,4/04/2006,0.159491
JPM,47896,QMLE-Quote,5/04/2006,0.15464
JPM,47896,QMLE-Quote,6/04/2006,0.149849
JPM,47896,QMLE-Quote,7/04/2006,0.177792
JPM,47896,QMLE-Quote,10/04/2006,0.147473
JPM,47896,QMLE-Quote,11/04/2006,0.163795
JPM,47896,QMLE-Quote,12/04/2006,0.120445
JPM,47896,QMLE-Quote,13/04/2006,0.152401
JPM,47896,QMLE-Quote,17/04/2006,0.11888
JPM,47896,QMLE-Quote,18/04/2006,0.186748
JPM,47896,QMLE-Quote,19/04/2006,0.184217
JPM,47896,QMLE-Quote,20/04/2006,0.16967
JPM,47896,QMLE-Quote,21/04/2006,0.128269
JPM,47896,QMLE-Quote,24/04/2006,0.155793
JPM,47896,QMLE-Quote,25/04/2006,0.145552
JPM,47896,QMLE-Quote,26/04/2006,0.151127
JPM,47896,QMLE-Quote,27/04/2006,0.18864
JPM,47896,QMLE-Quote,28/04/2006,0.173312
JPM,47896,QMLE-Quote,1/05/2006,0.195488
JPM,47896,QMLE-Quote,2/05/2006,0.164381
JPM,47896,QMLE-Quote,3/05/2006,0.109529
JPM,47896,QMLE-Quote,4/05/2006,0.0886334
JPM,47896,QMLE-Quote,5/05/2006,0.120663
JPM,47896,QMLE-Quote,8/05/2006,0.122219
JPM,47896,QMLE-Quote,9/05/2006,0.102658
JPM,47896,QMLE-Quote,10/05/2006,0.160991
JPM,47896,QMLE-Quote,11/05/2006,0.157947
JPM,47896,QMLE-Quote,12/05/2006,0.182282
JPM,47896,QMLE-Quote,15/05/2006,0.188062
JPM,47896,QMLE-Quote,16/05/2006,0.168345
JPM,47896,QMLE-Quote,17/05/2006,0.205327
JPM,47896,QMLE-Quote,18/05/2006,0.193963
JPM,47896,QMLE-Quote,19/05/2006,0.167692
JPM,47896,QMLE-Quote,22/05/2006,0.239827
JPM,47896,QMLE-Quote,23/05/2006,0.180185
JPM,47896,QMLE-Quote,24/05/2006,0.275541
JPM,47896,QMLE-Quote,25/05/2006,0.157636
JPM,47896,QMLE-Quote,26/05/2006,0.130239
JPM,47896,QMLE-Quote,30/05/2006,0.156789
JPM,47896,QMLE-Quote,31/05/2006,0.188681
JPM,47896,QMLE-Quote,1/06/2006,0.157838
JPM,47896,QMLE-Quote,2/06/2006,0.176844
JPM,47896,QMLE-Quote,5/06/2006,0.159946
JPM,47896,QMLE-Quote,6/06/2006,0.231145
JPM,47896,QMLE-Quote,7/06/2006,0.18917
JPM,47896,QMLE-Quote,8/06/2006,0.263378
JPM,47896,QMLE-Quote,9/06/2006,0.213694
JPM,47896,QMLE-Quote,12/06/2006,0.190283
JPM,47896,QMLE-Quote,13/06/2006,0.302195
JPM,47896,QMLE-Quote,14/06/2006,0.265128
JPM,47896,QMLE-Quote,15/06/2006,0.199064
JPM,47896,QMLE-Quote,16/06/2006,0.182917
JPM,47896,QMLE-Quote,19/06/2006,0.19834
JPM,47896,QMLE-Quote,20/06/2006,0.154778
JPM,47896,QMLE-Quote,21/06/2006,0.227882
JPM,47896,QMLE-Quote,22/06/2006,0.162436
JPM,47896,QMLE-Quote,23/06/2006,0.204536
JPM,47896,QMLE-Quote,26/06/2006,0.172067
JPM,47896,QMLE-Quote,27/06/2006,0.154482
JPM,47896,QMLE-Quote,28/06/2006,0.153888
JPM,47896,QMLE-Quote,29/06/2006,0.219541
JPM,47896,QMLE-Quote,30/06/2006,0.155807
JPM,47896,QMLE-Quote,3/07/2006,0.147271
JPM,47896,QMLE-Quote,5/07/2006,0.151168
JPM,47896,QMLE-Quote,6/07/2006,0.145943
JPM,47896,QMLE-Quote,7/07/2006,0.148987
JPM,47896,QMLE-Quote,10/07/2006,0.0911726
JPM,47896,QMLE-Quote,11/07/2006,0.143929
JPM,47896,QMLE-Quote,12/07/2006,0.174316
JPM,47896,QMLE-Quote,13/07/2006,0.191364
JPM,47896,QMLE-Quote,14/07/2006,0.217153
JPM,47896,QMLE-Quote,17/07/2006,0.165786
JPM,47896,QMLE-Quote,18/07/2006,0.222584
JPM,47896,QMLE-Quote,19/07/2006,0.237704
JPM,47896,QMLE-Quote,20/07/2006,0.209507
JPM,47896,QMLE-Quote,21/07/2006,0.202355
JPM,47896,QMLE-Quote,24/07/2006,0.170401
JPM,47896,QMLE-Quote,25/07/2006,0.175542
JPM,47896,QMLE-Quote,26/07/2006,0.190774
JPM,47896,QMLE-Quote,27/07/2006,0.207265
JPM,47896,QMLE-Quote,28/07/2006,0.170204
JPM,47896,QMLE-Quote,31/07/2006,0.122854
JPM,47896,QMLE-Quote,1/08/2006,0.135352
JPM,47896,QMLE-Quote,2/08/2006,0.154965
JPM,47896,QMLE-Quote,3/08/2006,0.130856
JPM,47896,QMLE-Quote,4/08/2006,0.184691
JPM,47896,QMLE-Quote,7/08/2006,0.118724
JPM,47896,QMLE-Quote,8/08/2006,0.189645
JPM,47896,QMLE-Quote,9/08/2006,0.161946
JPM,47896,QMLE-Quote,10/08/2006,0.159559
JPM,47896,QMLE-Quote,11/08/2006,0.146423
JPM,47896,QMLE-Quote,14/08/2006,0.147134
JPM,47896,QMLE-Quote,15/08/2006,0.127124
JPM,47896,QMLE-Quote,16/08/2006,0.128713
JPM,47896,QMLE-Quote,17/08/2006,0.12061
JPM,47896,QMLE-Quote,18/08/2006,0.130461
JPM,47896,QMLE-Quote,21/08/2006,0.0964548
JPM,47896,QMLE-Quote,22/08/2006,0.119287
JPM,47896,QMLE-Quote,23/08/2006,0.0926941
JPM,47896,QMLE-Quote,24/08/2006,0.0801905
JPM,47896,QMLE-Quote,25/08/2006,0.123333
JPM,47896,QMLE-Quote,28/08/2006,0.101774
JPM,47896,QMLE-Quote,29/08/2006,0.126693
JPM,47896,QMLE-Quote,30/08/2006,0.0969955
JPM,47896,QMLE-Quote,31/08/2006,0.100302
JPM,47896,QMLE-Quote,1/09/2006,0.10438
JPM,47896,QMLE-Quote,5/09/2006,0.105311
JPM,47896,QMLE-Quote,6/09/2006,0.105067
JPM,47896,QMLE-Quote,7/09/2006,0.137935
JPM,47896,QMLE-Quote,8/09/2006,0.119102
JPM,47896,QMLE-Quote,11/09/2006,0.106715
JPM,47896,QMLE-Quote,12/09/2006,0.12213
JPM,47896,QMLE-Quote,13/09/2006,0.156844
JPM,47896,QMLE-Quote,14/09/2006,0.118891
JPM,47896,QMLE-Quote,15/09/2006,0.134046
JPM,47896,QMLE-Quote,18/09/2006,0.136049
JPM,47896,QMLE-Quote,19/09/2006,0.131693
JPM,47896,QMLE-Quote,20/09/2006,0.144295
JPM,47896,QMLE-Quote,21/09/2006,0.145804
JPM,47896,QMLE-Quote,22/09/2006,0.113008
JPM,47896,QMLE-Quote,25/09/2006,0.143091
JPM,47896,QMLE-Quote,26/09/2006,0.142215
JPM,47896,QMLE-Quote,27/09/2006,0.179086
JPM,47896,QMLE-Quote,28/09/2006,0.120469
JPM,47896,QMLE-Quote,29/09/2006,0.109277
JPM,47896,QMLE-Quote,2/10/2006,0.130783
JPM,47896,QMLE-Quote,3/10/2006,0.142918
JPM,47896,QMLE-Quote,4/10/2006,0.149104
JPM,47896,QMLE-Quote,5/10/2006,0.107202
JPM,47896,QMLE-Quote,6/10/2006,0.126268
JPM,47896,QMLE-Quote,9/10/2006,0.100445
JPM,47896,QMLE-Quote,10/10/2006,0.125768
JPM,47896,QMLE-Quote,11/10/2006,0.14178
JPM,47896,QMLE-Quote,12/10/2006,0.118174
JPM,47896,QMLE-Quote,13/10/2006,0.11147
JPM,47896,QMLE-Quote,16/10/2006,0.124995
JPM,47896,QMLE-Quote,17/10/2006,0.128282
JPM,47896,QMLE-Quote,18/10/2006,0.256373
JPM,47896,QMLE-Quote,19/10/2006,0.191467
JPM,47896,QMLE-Quote,20/10/2006,0.13398
JPM,47896,QMLE-Quote,23/10/2006,0.15198
JPM,47896,QMLE-Quote,24/10/2006,0.140089
JPM,47896,QMLE-Quote,25/10/2006,0.152203
JPM,47896,QMLE-Quote,26/10/2006,0.1255
JPM,47896,QMLE-Quote,27/10/2006,0.131001
JPM,47896,QMLE-Quote,30/10/2006,0.137814
JPM,47896,QMLE-Quote,31/10/2006,0.142209
JPM,47896,QMLE-Quote,1/11/2006,0.145043
JPM,47896,QMLE-Quote,2/11/2006,0.119175
JPM,47896,QMLE-Quote,3/11/2006,0.15332
JPM,47896,QMLE-Quote,6/11/2006,0.122828
JPM,47896,QMLE-Quote,7/11/2006,0.140539
JPM,47896,QMLE-Quote,8/11/2006,0.13479
JPM,47896,QMLE-Quote,9/11/2006,0.140425
JPM,47896,QMLE-Quote,10/11/2006,0.0852343
JPM,47896,QMLE-Quote,13/11/2006,0.123443
JPM,47896,QMLE-Quote,14/11/2006,0.131789
JPM,47896,QMLE-Quote,15/11/2006,0.126502
JPM,47896,QMLE-Quote,16/11/2006,0.121801
JPM,47896,QMLE-Quote,17/11/2006,0.0786569
JPM,47896,QMLE-Quote,20/11/2006,0.114649
JPM,47896,QMLE-Quote,21/11/2006,0.109328
JPM,47896,QMLE-Quote,22/11/2006,0.113751
JPM,47896,QMLE-Quote,24/11/2006,0.10245
JPM,47896,QMLE-Quote,27/11/2006,0.143973
JPM,47896,QMLE-Quote,28/11/2006,0.158461
JPM,47896,QMLE-Quote,29/11/2006,0.168491
JPM,47896,QMLE-Quote,30/11/2006,0.162089
JPM,47896,QMLE-Quote,1/12/2006,0.211657
JPM,47896,QMLE-Quote,4/12/2006,0.113982
JPM,47896,QMLE-Quote,5/12/2006,0.141998
JPM,47896,QMLE-Quote,6/12/2006,0.104127
JPM,47896,QMLE-Quote,7/12/2006,0.107005
JPM,47896,QMLE-Quote,8/12/2006,0.147399
JPM,47896,QMLE-Quote,11/12/2006,0.183742
JPM,47896,QMLE-Quote,12/12/2006,0.167337
JPM,47896,QMLE-Quote,13/12/2006,0.143867
JPM,47896,QMLE-Quote,14/12/2006,0.144066
JPM,47896,QMLE-Quote,15/12/2006,0.131479
JPM,47896,QMLE-Quote,18/12/2006,0.162553
JPM,47896,QMLE-Quote,19/12/2006,0.161978
JPM,47896,QMLE-Quote,20/12/2006,0.0853808
JPM,47896,QMLE-Quote,21/12/2006,0.165146
JPM,47896,QMLE-Quote,22/12/2006,0.161509
JPM,47896,QMLE-Quote,26/12/2006,0.100769
JPM,47896,QMLE-Quote,27/12/2006,0.0781134
JPM,47896,QMLE-Quote,28/12/2006,0.0906951
JPM,47896,QMLE-Quote,29/12/2006,0.140318
JPM,47896,QMLE-Quote,3/01/2007,0.224438
JPM,47896,QMLE-Quote,4/01/2007,0.145369
JPM,47896,QMLE-Quote,5/01/2007,0.143072
JPM,47896,QMLE-Quote,8/01/2007,0.141908
JPM,47896,QMLE-Quote,9/01/2007,0.149894
JPM,47896,QMLE-Quote,10/01/2007,0.127853
JPM,47896,QMLE-Quote,11/01/2007,0.112192
JPM,47896,QMLE-Quote,12/01/2007,0.109497
JPM,47896,QMLE-Quote,16/01/2007,0.117569
JPM,47896,QMLE-Quote,17/01/2007,0.188761
JPM,47896,QMLE-Quote,18/01/2007,0.177782
JPM,47896,QMLE-Quote,19/01/2007,0.112473
JPM,47896,QMLE-Quote,22/01/2007,0.165326
JPM,47896,QMLE-Quote,23/01/2007,0.149528
JPM,47896,QMLE-Quote,24/01/2007,0.155309
JPM,47896,QMLE-Quote,25/01/2007,0.122549
JPM,47896,QMLE-Quote,26/01/2007,0.14187
JPM,47896,QMLE-Quote,29/01/2007,0.124927
JPM,47896,QMLE-Quote,30/01/2007,0.135856
JPM,47896,QMLE-Quote,31/01/2007,0.139867
JPM,47896,QMLE-Quote,1/02/2007,0.0954537
JPM,47896,QMLE-Quote,2/02/2007,0.108911
JPM,47896,QMLE-Quote,5/02/2007,0.104313
JPM,47896,QMLE-Quote,6/02/2007,0.103617
JPM,47896,QMLE-Quote,7/02/2007,0.0844648
JPM,47896,QMLE-Quote,8/02/2007,0.114122
JPM,47896,QMLE-Quote,9/02/2007,0.14483
JPM,47896,QMLE-Quote,12/02/2007,0.117083
JPM,47896,QMLE-Quote,13/02/2007,0.0840776
JPM,47896,QMLE-Quote,14/02/2007,0.0883394
JPM,47896,QMLE-Quote,15/02/2007,0.132851
JPM,47896,QMLE-Quote,16/02/2007,0.0938598
JPM,47896,QMLE-Quote,20/02/2007,0.103509
JPM,47896,QMLE-Quote,21/02/2007,0.119182
JPM,47896,QMLE-Quote,22/02/2007,0.110685
JPM,47896,QMLE-Quote,23/02/2007,0.132193
JPM,47896,QMLE-Quote,26/02/2007,0.15102
JPM,47896,QMLE-Quote,27/02/2007,0.372409
JPM,47896,QMLE-Quote,28/02/2007,0.252424
JPM,47896,QMLE-Quote,1/03/2007,0.280773
JPM,47896,QMLE-Quote,2/03/2007,0.181674
JPM,47896,QMLE-Quote,5/03/2007,0.236584
JPM,47896,QMLE-Quote,6/03/2007,0.194412
JPM,47896,QMLE-Quote,7/03/2007,0.162306
JPM,47896,QMLE-Quote,8/03/2007,0.14235
JPM,47896,QMLE-Quote,9/03/2007,0.158432
JPM,47896,QMLE-Quote,12/03/2007,0.112418
JPM,47896,QMLE-Quote,13/03/2007,0.216208
JPM,47896,QMLE-Quote,14/03/2007,0.300552
JPM,47896,QMLE-Quote,15/03/2007,0.19411
JPM,47896,QMLE-Quote,16/03/2007,0.176528
JPM,47896,QMLE-Quote,19/03/2007,0.157387
JPM,47896,QMLE-Quote,20/03/2007,0.157777
JPM,47896,QMLE-Quote,21/03/2007,0.239601
JPM,47896,QMLE-Quote,22/03/2007,0.190788
JPM,47896,QMLE-Quote,23/03/2007,0.146439
JPM,47896,QMLE-Quote,26/03/2007,0.212429
JPM,47896,QMLE-Quote,27/03/2007,0.148289
JPM,47896,QMLE-Quote,28/03/2007,0.205411
JPM,47896,QMLE-Quote,29/03/2007,0.218071
JPM,47896,QMLE-Quote,30/03/2007,0.233098
JPM,47896,QMLE-Quote,2/04/2007,0.152976
JPM,47896,QMLE-Quote,3/04/2007,0.120989
JPM,47896,QMLE-Quote,4/04/2007,0.128925
JPM,47896,QMLE-Quote,5/04/2007,0.116346
JPM,47896,QMLE-Quote,9/04/2007,0.110026
JPM,47896,QMLE-Quote,10/04/2007,0.122526
JPM,47896,QMLE-Quote,11/04/2007,0.135234
JPM,47896,QMLE-Quote,12/04/2007,0.134961
JPM,47896,QMLE-Quote,13/04/2007,0.126527
JPM,47896,QMLE-Quote,16/04/2007,0.140881
JPM,47896,QMLE-Quote,17/04/2007,0.175921
JPM,47896,QMLE-Quote,18/04/2007,0.191198
JPM,47896,QMLE-Quote,19/04/2007,0.128098
JPM,47896,QMLE-Quote,20/04/2007,0.124739
JPM,47896,QMLE-Quote,23/04/2007,0.119874
JPM,47896,QMLE-Quote,24/04/2007,0.133386
JPM,47896,QMLE-Quote,25/04/2007,0.136936
JPM,47896,QMLE-Quote,26/04/2007,0.13215
JPM,47896,QMLE-Quote,27/04/2007,0.151211
JPM,47896,QMLE-Quote,30/04/2007,0.172953
JPM,47896,QMLE-Quote,1/05/2007,0.165754
JPM,47896,QMLE-Quote,2/05/2007,0.126891
JPM,47896,QMLE-Quote,3/05/2007,0.139773
JPM,47896,QMLE-Quote,4/05/2007,0.141087
JPM,47896,QMLE-Quote,7/05/2007,0.0946331
JPM,47896,QMLE-Quote,8/05/2007,0.127258
JPM,47896,QMLE-Quote,9/05/2007,0.158401
JPM,47896,QMLE-Quote,10/05/2007,0.159125
JPM,47896,QMLE-Quote,11/05/2007,0.152342
JPM,47896,QMLE-Quote,14/05/2007,0.155775
JPM,47896,QMLE-Quote,15/05/2007,0.195721
JPM,47896,QMLE-Quote,16/05/2007,0.142343
JPM,47896,QMLE-Quote,17/05/2007,0.113652
JPM,47896,QMLE-Quote,18/05/2007,0.0821704
JPM,47896,QMLE-Quote,21/05/2007,0.115168
JPM,47896,QMLE-Quote,22/05/2007,0.128271
JPM,47896,QMLE-Quote,23/05/2007,0.134634
JPM,47896,QMLE-Quote,24/05/2007,0.166749
JPM,47896,QMLE-Quote,25/05/2007,0.146821
JPM,47896,QMLE-Quote,29/05/2007,0.131696
JPM,47896,QMLE-Quote,30/05/2007,0.130322
JPM,47896,QMLE-Quote,31/05/2007,0.125491
JPM,47896,QMLE-Quote,1/06/2007,0.108822
JPM,47896,QMLE-Quote,4/06/2007,0.0788398
JPM,47896,QMLE-Quote,5/06/2007,0.0872189
JPM,47896,QMLE-Quote,6/06/2007,0.129166
JPM,47896,QMLE-Quote,7/06/2007,0.163084
JPM,47896,QMLE-Quote,8/06/2007,0.135793
JPM,47896,QMLE-Quote,11/06/2007,0.132115
JPM,47896,QMLE-Quote,12/06/2007,0.185308
JPM,47896,QMLE-Quote,13/06/2007,0.154162
JPM,47896,QMLE-Quote,14/06/2007,0.143946
JPM,47896,QMLE-Quote,15/06/2007,0.138091
JPM,47896,QMLE-Quote,18/06/2007,0.103732
JPM,47896,QMLE-Quote,19/06/2007,0.106491
JPM,47896,QMLE-Quote,20/06/2007,0.16377
JPM,47896,QMLE-Quote,21/06/2007,0.206957
JPM,47896,QMLE-Quote,22/06/2007,0.203188
JPM,47896,QMLE-Quote,25/06/2007,0.248019
JPM,47896,QMLE-Quote,26/06/2007,0.217933
JPM,47896,QMLE-Quote,27/06/2007,0.219921
JPM,47896,QMLE-Quote,28/06/2007,0.202885
JPM,47896,QMLE-Quote,29/06/2007,0.237113
JPM,47896,QMLE-Quote,2/07/2007,0.133618
JPM,47896,QMLE-Quote,3/07/2007,0.16539
JPM,47896,QMLE-Quote,5/07/2007,0.111161
JPM,47896,QMLE-Quote,6/07/2007,0.124291
JPM,47896,QMLE-Quote,9/07/2007,0.133694
JPM,47896,QMLE-Quote,10/07/2007,0.193757
JPM,47896,QMLE-Quote,11/07/2007,0.176656
JPM,47896,QMLE-Quote,12/07/2007,0.154325
JPM,47896,QMLE-Quote,13/07/2007,0.180878
JPM,47896,QMLE-Quote,16/07/2007,0.161732
JPM,47896,QMLE-Quote,17/07/2007,0.169031
JPM,47896,QMLE-Quote,18/07/2007,0.30786
JPM,47896,QMLE-Quote,19/07/2007,0.291838
JPM,47896,QMLE-Quote,20/07/2007,0.256487
JPM,47896,QMLE-Quote,23/07/2007,0.180591
JPM,47896,QMLE-Quote,24/07/2007,0.312953
JPM,47896,QMLE-Quote,25/07/2007,0.384263
JPM,47896,QMLE-Quote,26/07/2007,0.435056
JPM,47896,QMLE-Quote,27/07/2007,0.408417
JPM,47896,QMLE-Quote,30/07/2007,0.344984
JPM,47896,QMLE-Quote,31/07/2007,0.303721
JPM,47896,QMLE-Quote,1/08/2007,0.404278
JPM,47896,QMLE-Quote,2/08/2007,0.247172
JPM,47896,QMLE-Quote,3/08/2007,0.32322
JPM,47896,QMLE-Quote,6/08/2007,0.344329
JPM,47896,QMLE-Quote,7/08/2007,0.506157
JPM,47896,QMLE-Quote,8/08/2007,0.49998
JPM,47896,QMLE-Quote,9/08/2007,0.545414
JPM,47896,QMLE-Quote,10/08/2007,0.524003
JPM,47896,QMLE-Quote,13/08/2007,0.368205
JPM,47896,QMLE-Quote,14/08/2007,0.364328
JPM,47896,QMLE-Quote,15/08/2007,0.422539
JPM,47896,QMLE-Quote,16/08/2007,0.7698
JPM,47896,QMLE-Quote,17/08/2007,0.605015
JPM,47896,QMLE-Quote,20/08/2007,0.414732
JPM,47896,QMLE-Quote,21/08/2007,0.34669
JPM,47896,QMLE-Quote,22/08/2007,0.307205
JPM,47896,QMLE-Quote,23/08/2007,0.298368
JPM,47896,QMLE-Quote,24/08/2007,0.262154
JPM,47896,QMLE-Quote,27/08/2007,0.211222
JPM,47896,QMLE-Quote,28/08/2007,0.221286
JPM,47896,QMLE-Quote,29/08/2007,0.24811
JPM,47896,QMLE-Quote,30/08/2007,0.320321
JPM,47896,QMLE-Quote,31/08/2007,0.274877
JPM,47896,QMLE-Quote,4/09/2007,0.213924
JPM,47896,QMLE-Quote,5/09/2007,0.212309
JPM,47896,QMLE-Quote,6/09/2007,0.230726
JPM,47896,QMLE-Quote,7/09/2007,0.297295
JPM,47896,QMLE-Quote,10/09/2007,0.24616
JPM,47896,QMLE-Quote,11/09/2007,0.227906
JPM,47896,QMLE-Quote,12/09/2007,0.19204
JPM,47896,QMLE-Quote,13/09/2007,0.212867
JPM,47896,QMLE-Quote,14/09/2007,0.183722
JPM,47896,QMLE-Quote,17/09/2007,0.183918
JPM,47896,QMLE-Quote,18/09/2007,0.310882
JPM,47896,QMLE-Quote,19/09/2007,0.235004
JPM,47896,QMLE-Quote,20/09/2007,0.210369
JPM,47896,QMLE-Quote,21/09/2007,0.218678
JPM,47896,QMLE-Quote,24/09/2007,0.186437
JPM,47896,QMLE-Quote,25/09/2007,0.197213
JPM,47896,QMLE-Quote,26/09/2007,0.246131
JPM,47896,QMLE-Quote,27/09/2007,0.177487
JPM,47896,QMLE-Quote,28/09/2007,0.120393
JPM,47896,QMLE-Quote,1/10/2007,0.21677
JPM,47896,QMLE-Quote,2/10/2007,0.180504
JPM,47896,QMLE-Quote,3/10/2007,0.168439
JPM,47896,QMLE-Quote,4/10/2007,0.143034
JPM,47896,QMLE-Quote,5/10/2007,0.152824
JPM,47896,QMLE-Quote,8/10/2007,0.11285
JPM,47896,QMLE-Quote,9/10/2007,0.174038
JPM,47896,QMLE-Quote,10/10/2007,0.152367
JPM,47896,QMLE-Quote,11/10/2007,0.238525
JPM,47896,QMLE-Quote,12/10/2007,0.164766
JPM,47896,QMLE-Quote,15/10/2007,0.196699
JPM,47896,QMLE-Quote,16/10/2007,0.249959
JPM,47896,QMLE-Quote,17/10/2007,0.418909
JPM,47896,QMLE-Quote,18/10/2007,0.275454
JPM,47896,QMLE-Quote,19/10/2007,0.313551
JPM,47896,QMLE-Quote,22/10/2007,0.330829
JPM,47896,QMLE-Quote,23/10/2007,0.236137
JPM,47896,QMLE-Quote,24/10/2007,0.348978
JPM,47896,QMLE-Quote,25/10/2007,0.369842
JPM,47896,QMLE-Quote,26/10/2007,0.284528
JPM,47896,QMLE-Quote,29/10/2007,0.205186
JPM,47896,QMLE-Quote,30/10/2007,0.244554
JPM,47896,QMLE-Quote,31/10/2007,0.335604
JPM,47896,QMLE-Quote,1/11/2007,0.353433
JPM,47896,QMLE-Quote,2/11/2007,0.51165
JPM,47896,QMLE-Quote,5/11/2007,0.438607
JPM,47896,QMLE-Quote,6/11/2007,0.297634
JPM,47896,QMLE-Quote,7/11/2007,0.462094
JPM,47896,QMLE-Quote,8/11/2007,0.59546
JPM,47896,QMLE-Quote,9/11/2007,0.604805
JPM,47896,QMLE-Quote,12/11/2007,0.461029
JPM,47896,QMLE-Quote,13/11/2007,0.444352
JPM,47896,QMLE-Quote,14/11/2007,0.420562
JPM,47896,QMLE-Quote,15/11/2007,0.413202
JPM,47896,QMLE-Quote,16/11/2007,0.399989
JPM,47896,QMLE-Quote,19/11/2007,0.410733
JPM,47896,QMLE-Quote,20/11/2007,0.580571
JPM,47896,QMLE-Quote,21/11/2007,0.565297
JPM,47896,QMLE-Quote,23/11/2007,0.367036
JPM,47896,QMLE-Quote,26/11/2007,0.362878
JPM,47896,QMLE-Quote,27/11/2007,0.487556
JPM,47896,QMLE-Quote,28/11/2007,0.380538
JPM,47896,QMLE-Quote,29/11/2007,0.388407
JPM,47896,QMLE-Quote,30/11/2007,0.40144
JPM,47896,QMLE-Quote,3/12/2007,0.344305
JPM,47896,QMLE-Quote,4/12/2007,0.360068
JPM,47896,QMLE-Quote,5/12/2007,0.378102
JPM,47896,QMLE-Quote,6/12/2007,0.322143
JPM,47896,QMLE-Quote,7/12/2007,0.34291
JPM,47896,QMLE-Quote,10/12/2007,0.318485
JPM,47896,QMLE-Quote,11/12/2007,0.516064
JPM,47896,QMLE-Quote,12/12/2007,0.531191
JPM,47896,QMLE-Quote,13/12/2007,0.44896
JPM,47896,QMLE-Quote,14/12/2007,0.342196
JPM,47896,QMLE-Quote,17/12/2007,0.361607
JPM,47896,QMLE-Quote,18/12/2007,0.375469
JPM,47896,QMLE-Quote,19/12/2007,0.38723
JPM,47896,QMLE-Quote,20/12/2007,0.327336
JPM,47896,QMLE-Quote,21/12/2007,0.239672
JPM,47896,QMLE-Quote,24/12/2007,0.406102
JPM,47896,QMLE-Quote,26/12/2007,0.215437
JPM,47896,QMLE-Quote,27/12/2007,0.21382
JPM,47896,QMLE-Quote,28/12/2007,0.243439
JPM,47896,QMLE-Quote,31/12/2007,0.266968
JPM,47896,QMLE-Quote,2/01/2008,0.339401
JPM,47896,QMLE-Quote,3/01/2008,0.313901
JPM,47896,QMLE-Quote,4/01/2008,0.349468
JPM,47896,QMLE-Quote,7/01/2008,0.433353
JPM,47896,QMLE-Quote,8/01/2008,0.478614
JPM,47896,QMLE-Quote,9/01/2008,0.545304
JPM,47896,QMLE-Quote,10/01/2008,0.606002
JPM,47896,QMLE-Quote,11/01/2008,0.564098
JPM,47896,QMLE-Quote,14/01/2008,0.357591
JPM,47896,QMLE-Quote,15/01/2008,0.440201
JPM,47896,QMLE-Quote,16/01/2008,0.76496
JPM,47896,QMLE-Quote,17/01/2008,0.600661
JPM,47896,QMLE-Quote,18/01/2008,0.656979
JPM,47896,QMLE-Quote,22/01/2008,0.89962
JPM,47896,QMLE-Quote,23/01/2008,0.85845
JPM,47896,QMLE-Quote,24/01/2008,0.568056
JPM,47896,QMLE-Quote,25/01/2008,0.544397
JPM,47896,QMLE-Quote,28/01/2008,0.413777
JPM,47896,QMLE-Quote,29/01/2008,0.530838
JPM,47896,QMLE-Quote,30/01/2008,0.636555
JPM,47896,QMLE-Quote,31/01/2008,0.639253
JPM,47896,QMLE-Quote,1/02/2008,0.411019
JPM,47896,QMLE-Quote,4/02/2008,0.336034
JPM,47896,QMLE-Quote,5/02/2008,0.419134
JPM,47896,QMLE-Quote,6/02/2008,0.462451
JPM,47896,QMLE-Quote,7/02/2008,0.583106
JPM,47896,QMLE-Quote,8/02/2008,0.439054
JPM,47896,QMLE-Quote,11/02/2008,0.43046
JPM,47896,QMLE-Quote,12/02/2008,0.432626
JPM,47896,QMLE-Quote,13/02/2008,0.385463
JPM,47896,QMLE-Quote,14/02/2008,0.383101
JPM,47896,QMLE-Quote,15/02/2008,0.343324
JPM,47896,QMLE-Quote,19/02/2008,0.395052
JPM,47896,QMLE-Quote,20/02/2008,0.47572
JPM,47896,QMLE-Quote,21/02/2008,0.377172
JPM,47896,QMLE-Quote,22/02/2008,0.358169
JPM,47896,QMLE-Quote,25/02/2008,0.531931
JPM,47896,QMLE-Quote,26/02/2008,0.383172
JPM,47896,QMLE-Quote,27/02/2008,0.411468
JPM,47896,QMLE-Quote,28/02/2008,0.289741
JPM,47896,QMLE-Quote,29/02/2008,0.331546
JPM,47896,QMLE-Quote,3/03/2008,0.454544
JPM,47896,QMLE-Quote,4/03/2008,0.453852
JPM,47896,QMLE-Quote,5/03/2008,0.502271
JPM,47896,QMLE-Quote,6/03/2008,0.394061
JPM,47896,QMLE-Quote,7/03/2008,0.606853
JPM,47896,QMLE-Quote,10/03/2008,0.552429
JPM,47896,QMLE-Quote,11/03/2008,0.552002
JPM,47896,QMLE-Quote,12/03/2008,0.576527
JPM,47896,QMLE-Quote,13/03/2008,0.781981
JPM,47896,QMLE-Quote,14/03/2008,0.901962
JPM,47896,QMLE-Quote,17/03/2008,1.07217
JPM,47896,QMLE-Quote,18/03/2008,0.723926
JPM,47896,QMLE-Quote,19/03/2008,0.589155
JPM,47896,QMLE-Quote,20/03/2008,0.479831
JPM,47896,QMLE-Quote,24/03/2008,0.652346
JPM,47896,QMLE-Quote,25/03/2008,0.512606
JPM,47896,QMLE-Quote,26/03/2008,0.391959
JPM,47896,QMLE-Quote,27/03/2008,0.524529
JPM,47896,QMLE-Quote,28/03/2008,0.462002
JPM,47896,QMLE-Quote,31/03/2008,0.433017
JPM,47896,QMLE-Quote,1/04/2008,0.372663
JPM,47896,QMLE-Quote,2/04/2008,0.455114
JPM,47896,QMLE-Quote,3/04/2008,0.40836
JPM,47896,QMLE-Quote,4/04/2008,0.376742
JPM,47896,QMLE-Quote,7/04/2008,0.326283
JPM,47896,QMLE-Quote,8/04/2008,0.313473
JPM,47896,QMLE-Quote,9/04/2008,0.280747
JPM,47896,QMLE-Quote,10/04/2008,0.358983
JPM,47896,QMLE-Quote,11/04/2008,0.317656
JPM,47896,QMLE-Quote,14/04/2008,0.295314
JPM,47896,QMLE-Quote,15/04/2008,0.373689
JPM,47896,QMLE-Quote,16/04/2008,0.425094
JPM,47896,QMLE-Quote,17/04/2008,0.362912
JPM,47896,QMLE-Quote,18/04/2008,0.307317
JPM,47896,QMLE-Quote,21/04/2008,0.229415
JPM,47896,QMLE-Quote,22/04/2008,0.330046
JPM,47896,QMLE-Quote,23/04/2008,0.325003
JPM,47896,QMLE-Quote,24/04/2008,0.339958
JPM,47896,QMLE-Quote,25/04/2008,0.307839
JPM,47896,QMLE-Quote,28/04/2008,0.328018
JPM,47896,QMLE-Quote,29/04/2008,0.238919
JPM,47896,QMLE-Quote,30/04/2008,0.342972
JPM,47896,QMLE-Quote,1/05/2008,0.323223
JPM,47896,QMLE-Quote,2/05/2008,0.315432
JPM,47896,QMLE-Quote,5/05/2008,0.252751
JPM,47896,QMLE-Quote,6/05/2008,0.276122
JPM,47896,QMLE-Quote,7/05/2008,0.290026
JPM,47896,QMLE-Quote,8/05/2008,0.308198
JPM,47896,QMLE-Quote,9/05/2008,0.306803
JPM,47896,QMLE-Quote,12/05/2008,0.283667
JPM,47896,QMLE-Quote,13/05/2008,0.277729
JPM,47896,QMLE-Quote,14/05/2008,0.325461
JPM,47896,QMLE-Quote,15/05/2008,0.260334
JPM,47896,QMLE-Quote,16/05/2008,0.264795
JPM,47896,QMLE-Quote,19/05/2008,0.258144
JPM,47896,QMLE-Quote,20/05/2008,0.277168
JPM,47896,QMLE-Quote,21/05/2008,0.337034
JPM,47896,QMLE-Quote,22/05/2008,0.34234
JPM,47896,QMLE-Quote,23/05/2008,0.276245
JPM,47896,QMLE-Quote,27/05/2008,0.30727
JPM,47896,QMLE-Quote,28/05/2008,0.343223
JPM,47896,QMLE-Quote,29/05/2008,0.355797
JPM,47896,QMLE-Quote,30/05/2008,0.270689
JPM,47896,QMLE-Quote,2/06/2008,0.284241
JPM,47896,QMLE-Quote,3/06/2008,0.372234
JPM,47896,QMLE-Quote,4/06/2008,0.426165
JPM,47896,QMLE-Quote,5/06/2008,0.290825
JPM,47896,QMLE-Quote,6/06/2008,0.315633
JPM,47896,QMLE-Quote,9/06/2008,0.425309
JPM,47896,QMLE-Quote,10/06/2008,0.536641
JPM,47896,QMLE-Quote,11/06/2008,0.431078
JPM,47896,QMLE-Quote,12/06/2008,0.39351
JPM,47896,QMLE-Quote,13/06/2008,0.460904
JPM,47896,QMLE-Quote,16/06/2008,0.398589
JPM,47896,QMLE-Quote,17/06/2008,0.388175
JPM,47896,QMLE-Quote,18/06/2008,0.455918
JPM,47896,QMLE-Quote,19/06/2008,0.503935
JPM,47896,QMLE-Quote,20/06/2008,0.544668
JPM,47896,QMLE-Quote,23/06/2008,0.44235
JPM,47896,QMLE-Quote,24/06/2008,0.563393
JPM,47896,QMLE-Quote,25/06/2008,0.496767
JPM,47896,QMLE-Quote,26/06/2008,0.454277
JPM,47896,QMLE-Quote,27/06/2008,0.551919
JPM,47896,QMLE-Quote,30/06/2008,0.553895
JPM,47896,QMLE-Quote,1/07/2008,0.70198
JPM,47896,QMLE-Quote,2/07/2008,0.48353
JPM,47896,QMLE-Quote,3/07/2008,0.612131
JPM,47896,QMLE-Quote,7/07/2008,0.578012
JPM,47896,QMLE-Quote,8/07/2008,0.758943
JPM,47896,QMLE-Quote,9/07/2008,0.671175
JPM,47896,QMLE-Quote,10/07/2008,0.882443
JPM,47896,QMLE-Quote,11/07/2008,0.996077
JPM,47896,QMLE-Quote,14/07/2008,0.837849
JPM,47896,QMLE-Quote,15/07/2008,1.12321
JPM,47896,QMLE-Quote,16/07/2008,0.871289
JPM,47896,QMLE-Quote,17/07/2008,0.882681
JPM,47896,QMLE-Quote,18/07/2008,0.689871
JPM,47896,QMLE-Quote,21/07/2008,0.572179
JPM,47896,QMLE-Quote,22/07/2008,0.774188
JPM,47896,QMLE-Quote,23/07/2008,0.882942
JPM,47896,QMLE-Quote,24/07/2008,0.602281
JPM,47896,QMLE-Quote,25/07/2008,0.788307
JPM,47896,QMLE-Quote,28/07/2008,0.692237
JPM,47896,QMLE-Quote,29/07/2008,0.676062
JPM,47896,QMLE-Quote,30/07/2008,0.735125
JPM,47896,QMLE-Quote,31/07/2008,0.568813
JPM,47896,QMLE-Quote,1/08/2008,0.6001
JPM,47896,QMLE-Quote,4/08/2008,0.555952
JPM,47896,QMLE-Quote,5/08/2008,0.502747
JPM,47896,QMLE-Quote,6/08/2008,0.429942
JPM,47896,QMLE-Quote,7/08/2008,0.489003
JPM,47896,QMLE-Quote,8/08/2008,0.580582
JPM,47896,QMLE-Quote,11/08/2008,0.523906
JPM,47896,QMLE-Quote,12/08/2008,0.555061
JPM,47896,QMLE-Quote,13/08/2008,0.579074
JPM,47896,QMLE-Quote,14/08/2008,0.54008
JPM,47896,QMLE-Quote,15/08/2008,0.419348
JPM,47896,QMLE-Quote,18/08/2008,0.395507
JPM,47896,QMLE-Quote,19/08/2008,0.471987
JPM,47896,QMLE-Quote,20/08/2008,0.535656
JPM,47896,QMLE-Quote,21/08/2008,0.404956
JPM,47896,QMLE-Quote,22/08/2008,0.372296
JPM,47896,QMLE-Quote,25/08/2008,0.329927
JPM,47896,QMLE-Quote,26/08/2008,0.355832
JPM,47896,QMLE-Quote,27/08/2008,0.354885
JPM,47896,QMLE-Quote,28/08/2008,0.283174
JPM,47896,QMLE-Quote,29/08/2008,0.360673
JPM,47896,QMLE-Quote,2/09/2008,0.436038
JPM,47896,QMLE-Quote,3/09/2008,0.432079
JPM,47896,QMLE-Quote,4/09/2008,0.414346
JPM,47896,QMLE-Quote,5/09/2008,0.548064
JPM,47896,QMLE-Quote,8/09/2008,0.712444
JPM,47896,QMLE-Quote,9/09/2008,0.629201
JPM,47896,QMLE-Quote,10/09/2008,0.64345
JPM,47896,QMLE-Quote,11/09/2008,0.746612
JPM,47896,QMLE-Quote,12/09/2008,0.676616
JPM,47896,QMLE-Quote,15/09/2008,1.28797
JPM,47896,QMLE-Quote,16/09/2008,1.52399
JPM,47896,QMLE-Quote,17/09/2008,1.45568
JPM,47896,QMLE-Quote,18/09/2008,1.8088
JPM,47896,QMLE-Quote,19/09/2008,1.82512
JPM,47896,QMLE-Quote,22/09/2008,0.915767
JPM,47896,QMLE-Quote,23/09/2008,1.01072
JPM,47896,QMLE-Quote,24/09/2008,0.553971
JPM,47896,QMLE-Quote,25/09/2008,0.978872
JPM,47896,QMLE-Quote,26/09/2008,1.07425
JPM,47896,QMLE-Quote,29/09/2008,1.69462
JPM,47896,QMLE-Quote,30/09/2008,0.90522
JPM,47896,QMLE-Quote,1/10/2008,0.686864
JPM,47896,QMLE-Quote,2/10/2008,0.862179
JPM,47896,QMLE-Quote,3/10/2008,1.07416
JPM,47896,QMLE-Quote,6/10/2008,1.05966
JPM,47896,QMLE-Quote,7/10/2008,1.15425
JPM,47896,QMLE-Quote,8/10/2008,1.64862
JPM,47896,QMLE-Quote,9/10/2008,1.35625
JPM,47896,QMLE-Quote,10/10/2008,2.53088
JPM,47896,QMLE-Quote,13/10/2008,1.08144
JPM,47896,QMLE-Quote,14/10/2008,1.12943
JPM,47896,QMLE-Quote,15/10/2008,1.09396
JPM,47896,QMLE-Quote,16/10/2008,1.40039
JPM,47896,QMLE-Quote,17/10/2008,0.886056
JPM,47896,QMLE-Quote,20/10/2008,0.765344
JPM,47896,QMLE-Quote,21/10/2008,0.699894
JPM,47896,QMLE-Quote,22/10/2008,0.855758
JPM,47896,QMLE-Quote,23/10/2008,1.06513
JPM,47896,QMLE-Quote,24/10/2008,1.30446
JPM,47896,QMLE-Quote,27/10/2008,0.828477
JPM,47896,QMLE-Quote,28/10/2008,0.998667
JPM,47896,QMLE-Quote,29/10/2008,1.13926
JPM,47896,QMLE-Quote,30/10/2008,0.946282
JPM,47896,QMLE-Quote,31/10/2008,0.720428
JPM,47896,QMLE-Quote,3/11/2008,0.481562
JPM,47896,QMLE-Quote,4/11/2008,0.458043
JPM,47896,QMLE-Quote,5/11/2008,0.59082
JPM,47896,QMLE-Quote,6/11/2008,0.790886
JPM,47896,QMLE-Quote,7/11/2008,0.606625
JPM,47896,QMLE-Quote,10/11/2008,0.682392
JPM,47896,QMLE-Quote,11/11/2008,0.896706
JPM,47896,QMLE-Quote,12/11/2008,0.69962
JPM,47896,QMLE-Quote,13/11/2008,1.0043
JPM,47896,QMLE-Quote,14/11/2008,0.829388
JPM,47896,QMLE-Quote,17/11/2008,0.840757
JPM,47896,QMLE-Quote,18/11/2008,0.928884
JPM,47896,QMLE-Quote,19/11/2008,1.01068
JPM,47896,QMLE-Quote,20/11/2008,2.00537
JPM,47896,QMLE-Quote,21/11/2008,2.2689
JPM,47896,QMLE-Quote,24/11/2008,1.61515
JPM,47896,QMLE-Quote,25/11/2008,1.10801
JPM,47896,QMLE-Quote,26/11/2008,0.82378
JPM,47896,QMLE-Quote,28/11/2008,0.836962
JPM,47896,QMLE-Quote,1/12/2008,0.848082
JPM,47896,QMLE-Quote,2/12/2008,1.27833
JPM,47896,QMLE-Quote,3/12/2008,1.1007
JPM,47896,QMLE-Quote,4/12/2008,1.08446
JPM,47896,QMLE-Quote,5/12/2008,1.01966
JPM,47896,QMLE-Quote,8/12/2008,0.780307
JPM,47896,QMLE-Quote,9/12/2008,0.800226
JPM,47896,QMLE-Quote,10/12/2008,0.783332
JPM,47896,QMLE-Quote,11/12/2008,0.754019
JPM,47896,QMLE-Quote,12/12/2008,1.05741
JPM,47896,QMLE-Quote,15/12/2008,0.637944
JPM,47896,QMLE-Quote,16/12/2008,0.810407
JPM,47896,QMLE-Quote,17/12/2008,0.720498
JPM,47896,QMLE-Quote,18/12/2008,0.757664
JPM,47896,QMLE-Quote,19/12/2008,0.66984
JPM,47896,QMLE-Quote,22/12/2008,0.61989
JPM,47896,QMLE-Quote,23/12/2008,0.554582
JPM,47896,QMLE-Quote,24/12/2008,0.491305
JPM,47896,QMLE-Quote,26/12/2008,0.377807
JPM,47896,QMLE-Quote,29/12/2008,0.369578
JPM,47896,QMLE-Quote,30/12/2008,0.340688
JPM,47896,QMLE-Quote,31/12/2008,0.457902
JPM,47896,QMLE-Quote,2/01/2009,0.480626
JPM,47896,QMLE-Quote,5/01/2009,0.514245
JPM,47896,QMLE-Quote,6/01/2009,0.565499
JPM,47896,QMLE-Quote,7/01/2009,0.391696
JPM,47896,QMLE-Quote,8/01/2009,0.525508
JPM,47896,QMLE-Quote,9/01/2009,0.436866
JPM,47896,QMLE-Quote,12/01/2009,0.574173
JPM,47896,QMLE-Quote,13/01/2009,0.717773
JPM,47896,QMLE-Quote,14/01/2009,0.797206
JPM,47896,QMLE-Quote,15/01/2009,1.31982
JPM,47896,QMLE-Quote,16/01/2009,1.43046
JPM,47896,QMLE-Quote,20/01/2009,1.37886
JPM,47896,QMLE-Quote,21/01/2009,1.31382
JPM,47896,QMLE-Quote,22/01/2009,1.45832
JPM,47896,QMLE-Quote,23/01/2009,1.08285
JPM,47896,QMLE-Quote,26/01/2009,0.984355
JPM,47896,QMLE-Quote,27/01/2009,0.724657
JPM,47896,QMLE-Quote,28/01/2009,0.845852
JPM,47896,QMLE-Quote,29/01/2009,0.721346
JPM,47896,QMLE-Quote,30/01/2009,0.971565
JPM,47896,QMLE-Quote,2/02/2009,0.780752
JPM,47896,QMLE-Quote,3/02/2009,0.774089
JPM,47896,QMLE-Quote,4/02/2009,0.856772
JPM,47896,QMLE-Quote,5/02/2009,1.03455
JPM,47896,QMLE-Quote,6/02/2009,0.754535
JPM,47896,QMLE-Quote,9/02/2009,0.719092
JPM,47896,QMLE-Quote,10/02/2009,0.978633
JPM,47896,QMLE-Quote,11/02/2009,0.768694
JPM,47896,QMLE-Quote,12/02/2009,0.806875
JPM,47896,QMLE-Quote,13/02/2009,0.74709
JPM,47896,QMLE-Quote,17/02/2009,0.821971
JPM,47896,QMLE-Quote,18/02/2009,0.937128
JPM,47896,QMLE-Quote,19/02/2009,0.727693
JPM,47896,QMLE-Quote,20/02/2009,1.34553
JPM,47896,QMLE-Quote,23/02/2009,1.05326
JPM,47896,QMLE-Quote,24/02/2009,1.0075
JPM,47896,QMLE-Quote,25/02/2009,1.17804
JPM,47896,QMLE-Quote,26/02/2009,0.745334
JPM,47896,QMLE-Quote,27/02/2009,0.929105
JPM,47896,QMLE-Quote,2/03/2009,0.813719
JPM,47896,QMLE-Quote,3/03/2009,0.827984
JPM,47896,QMLE-Quote,4/03/2009,1.16045
JPM,47896,QMLE-Quote,5/03/2009,1.19208
JPM,47896,QMLE-Quote,6/03/2009,1.47254
JPM,47896,QMLE-Quote,9/03/2009,1.36651
JPM,47896,QMLE-Quote,10/03/2009,1.05498
JPM,47896,QMLE-Quote,11/03/2009,1.14668
JPM,47896,QMLE-Quote,12/03/2009,0.966586
JPM,47896,QMLE-Quote,13/03/2009,0.904727
JPM,47896,QMLE-Quote,16/03/2009,0.751884
JPM,47896,QMLE-Quote,17/03/2009,0.777317
JPM,47896,QMLE-Quote,18/03/2009,0.973762
JPM,47896,QMLE-Quote,19/03/2009,0.965042
JPM,47896,QMLE-Quote,20/03/2009,0.893043
JPM,47896,QMLE-Quote,23/03/2009,0.741752
JPM,47896,QMLE-Quote,24/03/2009,0.840699
JPM,47896,QMLE-Quote,25/03/2009,0.946561
JPM,47896,QMLE-Quote,26/03/2009,0.887123
JPM,47896,QMLE-Quote,27/03/2009,0.785672
JPM,47896,QMLE-Quote,30/03/2009,0.701467
JPM,47896,QMLE-Quote,31/03/2009,0.678744
JPM,47896,QMLE-Quote,1/04/2009,0.759919
JPM,47896,QMLE-Quote,2/04/2009,0.800694
JPM,47896,QMLE-Quote,3/04/2009,0.573777
JPM,47896,QMLE-Quote,6/04/2009,0.597358
JPM,47896,QMLE-Quote,7/04/2009,0.544047
JPM,47896,QMLE-Quote,8/04/2009,0.529088
JPM,47896,QMLE-Quote,9/04/2009,0.745707
JPM,47896,QMLE-Quote,13/04/2009,0.663647
JPM,47896,QMLE-Quote,14/04/2009,0.747703
JPM,47896,QMLE-Quote,15/04/2009,0.758051
JPM,47896,QMLE-Quote,16/04/2009,0.750149
JPM,47896,QMLE-Quote,17/04/2009,0.626033
JPM,47896,QMLE-Quote,20/04/2009,0.592054
JPM,47896,QMLE-Quote,21/04/2009,0.790298
JPM,47896,QMLE-Quote,22/04/2009,0.831304
JPM,47896,QMLE-Quote,23/04/2009,0.717416
JPM,47896,QMLE-Quote,24/04/2009,0.925186
JPM,47896,QMLE-Quote,27/04/2009,0.588129
JPM,47896,QMLE-Quote,28/04/2009,0.500778
JPM,47896,QMLE-Quote,29/04/2009,0.501759
JPM,47896,QMLE-Quote,30/04/2009,0.552203
JPM,47896,QMLE-Quote,1/05/2009,0.5705
JPM,47896,QMLE-Quote,4/05/2009,0.547421
JPM,47896,QMLE-Quote,5/05/2009,0.574894
JPM,47896,QMLE-Quote,6/05/2009,0.654531
JPM,47896,QMLE-Quote,7/05/2009,0.901275
JPM,47896,QMLE-Quote,8/05/2009,0.634668
JPM,47896,QMLE-Quote,11/05/2009,0.516817
JPM,47896,QMLE-Quote,12/05/2009,0.685789
JPM,47896,QMLE-Quote,13/05/2009,0.588073
JPM,47896,QMLE-Quote,14/05/2009,0.54246
JPM,47896,QMLE-Quote,15/05/2009,0.489798
JPM,47896,QMLE-Quote,18/05/2009,0.40535
JPM,47896,QMLE-Quote,19/05/2009,0.476649
JPM,47896,QMLE-Quote,20/05/2009,0.52418
JPM,47896,QMLE-Quote,21/05/2009,0.487087
JPM,47896,QMLE-Quote,22/05/2009,0.383516
JPM,47896,QMLE-Quote,26/05/2009,0.458127
JPM,47896,QMLE-Quote,27/05/2009,0.487927
JPM,47896,QMLE-Quote,28/05/2009,0.468144
JPM,47896,QMLE-Quote,29/05/2009,0.396583
JPM,47896,QMLE-Quote,1/06/2009,0.628629
JPM,47896,QMLE-Quote,2/06/2009,0.383892
JPM,47896,QMLE-Quote,3/06/2009,0.34576
JPM,47896,QMLE-Quote,4/06/2009,0.348611
JPM,47896,QMLE-Quote,5/06/2009,0.386767
JPM,47896,QMLE-Quote,8/06/2009,0.350279
JPM,47896,QMLE-Quote,9/06/2009,0.315864
JPM,47896,QMLE-Quote,10/06/2009,0.330686
JPM,47896,QMLE-Quote,11/06/2009,0.394125
JPM,47896,QMLE-Quote,12/06/2009,0.259743
JPM,47896,QMLE-Quote,15/06/2009,0.261055
JPM,47896,QMLE-Quote,16/06/2009,0.359781
JPM,47896,QMLE-Quote,17/06/2009,0.468273
JPM,47896,QMLE-Quote,18/06/2009,0.35113
JPM,47896,QMLE-Quote,19/06/2009,0.310441
JPM,47896,QMLE-Quote,22/06/2009,0.372068
JPM,47896,QMLE-Quote,23/06/2009,0.413167
JPM,47896,QMLE-Quote,24/06/2009,0.402841
JPM,47896,QMLE-Quote,25/06/2009,0.353108
JPM,47896,QMLE-Quote,26/06/2009,0.262299
JPM,47896,QMLE-Quote,29/06/2009,0.299242
JPM,47896,QMLE-Quote,30/06/2009,0.291438
JPM,47896,QMLE-Quote,1/07/2009,0.275295
JPM,47896,QMLE-Quote,2/07/2009,0.210569
JPM,47896,QMLE-Quote,6/07/2009,0.360198
JPM,47896,QMLE-Quote,7/07/2009,0.358448
JPM,47896,QMLE-Quote,8/07/2009,0.530137
JPM,47896,QMLE-Quote,9/07/2009,0.27862
JPM,47896,QMLE-Quote,10/07/2009,0.295948
JPM,47896,QMLE-Quote,13/07/2009,0.297837
JPM,47896,QMLE-Quote,14/07/2009,0.302122
JPM,47896,QMLE-Quote,15/07/2009,0.343057
JPM,47896,QMLE-Quote,16/07/2009,0.412863
JPM,47896,QMLE-Quote,17/07/2009,0.327881
JPM,47896,QMLE-Quote,20/07/2009,0.279389
JPM,47896,QMLE-Quote,21/07/2009,0.260507
JPM,47896,QMLE-Quote,22/07/2009,0.338906
JPM,47896,QMLE-Quote,23/07/2009,0.298798
JPM,47896,QMLE-Quote,24/07/2009,0.256006
JPM,47896,QMLE-Quote,27/07/2009,0.26967
JPM,47896,QMLE-Quote,28/07/2009,0.207977
JPM,47896,QMLE-Quote,29/07/2009,0.24164
JPM,47896,QMLE-Quote,30/07/2009,0.271723
JPM,47896,QMLE-Quote,31/07/2009,0.241205
JPM,47896,QMLE-Quote,3/08/2009,0.265556
JPM,47896,QMLE-Quote,4/08/2009,0.244849
JPM,47896,QMLE-Quote,5/08/2009,0.364514
JPM,47896,QMLE-Quote,6/08/2009,0.433129
JPM,47896,QMLE-Quote,7/08/2009,0.337963
JPM,47896,QMLE-Quote,10/08/2009,0.308136
JPM,47896,QMLE-Quote,11/08/2009,0.316835
JPM,47896,QMLE-Quote,12/08/2009,0.357094
JPM,47896,QMLE-Quote,13/08/2009,0.303809
JPM,47896,QMLE-Quote,14/08/2009,0.267478
JPM,47896,QMLE-Quote,17/08/2009,0.258845
JPM,47896,QMLE-Quote,18/08/2009,0.197511
JPM,47896,QMLE-Quote,19/08/2009,0.21481
JPM,47896,QMLE-Quote,20/08/2009,0.22061
JPM,47896,QMLE-Quote,21/08/2009,0.243925
JPM,47896,QMLE-Quote,24/08/2009,0.285624
JPM,47896,QMLE-Quote,25/08/2009,0.259719
JPM,47896,QMLE-Quote,26/08/2009,0.254319
JPM,47896,QMLE-Quote,27/08/2009,0.255545
JPM,47896,QMLE-Quote,28/08/2009,0.271371
JPM,47896,QMLE-Quote,31/08/2009,0.240471
JPM,47896,QMLE-Quote,1/09/2009,0.381223
JPM,47896,QMLE-Quote,2/09/2009,0.350056
JPM,47896,QMLE-Quote,3/09/2009,0.260437
JPM,47896,QMLE-Quote,4/09/2009,0.275506
JPM,47896,QMLE-Quote,8/09/2009,0.282934
JPM,47896,QMLE-Quote,9/09/2009,0.237624
JPM,47896,QMLE-Quote,10/09/2009,0.24996
JPM,47896,QMLE-Quote,11/09/2009,0.254804
JPM,47896,QMLE-Quote,14/09/2009,0.247768
JPM,47896,QMLE-Quote,15/09/2009,0.350076
JPM,47896,QMLE-Quote,16/09/2009,0.281108
JPM,47896,QMLE-Quote,17/09/2009,0.273982
JPM,47896,QMLE-Quote,18/09/2009,0.191112
JPM,47896,QMLE-Quote,21/09/2009,0.239799
JPM,47896,QMLE-Quote,22/09/2009,0.264356
JPM,47896,QMLE-Quote,23/09/2009,0.25593
JPM,47896,QMLE-Quote,24/09/2009,0.344013
JPM,47896,QMLE-Quote,25/09/2009,0.270212
JPM,47896,QMLE-Quote,28/09/2009,0.210866
JPM,47896,QMLE-Quote,29/09/2009,0.264856
JPM,47896,QMLE-Quote,30/09/2009,0.288624
JPM,47896,QMLE-Quote,1/10/2009,0.326618
JPM,47896,QMLE-Quote,2/10/2009,0.337954
JPM,47896,QMLE-Quote,5/10/2009,0.24772
JPM,47896,QMLE-Quote,6/10/2009,0.281928
JPM,47896,QMLE-Quote,7/10/2009,0.236501
JPM,47896,QMLE-Quote,8/10/2009,0.283976
JPM,47896,QMLE-Quote,9/10/2009,0.236884
JPM,47896,QMLE-Quote,12/10/2009,0.261896
JPM,47896,QMLE-Quote,13/10/2009,0.284511
JPM,47896,QMLE-Quote,14/10/2009,0.280486
JPM,47896,QMLE-Quote,15/10/2009,0.248587
JPM,47896,QMLE-Quote,16/10/2009,0.202617
JPM,47896,QMLE-Quote,19/10/2009,0.204781
JPM,47896,QMLE-Quote,20/10/2009,0.209475
JPM,47896,QMLE-Quote,21/10/2009,0.261665
JPM,47896,QMLE-Quote,22/10/2009,0.280031
JPM,47896,QMLE-Quote,23/10/2009,0.26606
JPM,47896,QMLE-Quote,26/10/2009,0.334452
JPM,47896,QMLE-Quote,27/10/2009,0.331417
JPM,47896,QMLE-Quote,28/10/2009,0.3074
JPM,47896,QMLE-Quote,29/10/2009,0.238572
JPM,47896,QMLE-Quote,30/10/2009,0.32535
JPM,47896,QMLE-Quote,2/11/2009,0.391871
JPM,47896,QMLE-Quote,3/11/2009,0.35926
JPM,47896,QMLE-Quote,4/11/2009,0.336896
JPM,47896,QMLE-Quote,5/11/2009,0.302983
JPM,47896,QMLE-Quote,6/11/2009,0.270194
JPM,47896,QMLE-Quote,9/11/2009,0.251563
JPM,47896,QMLE-Quote,10/11/2009,0.227196
JPM,47896,QMLE-Quote,11/11/2009,0.272128
JPM,47896,QMLE-Quote,12/11/2009,0.275003
JPM,47896,QMLE-Quote,13/11/2009,0.261153
JPM,47896,QMLE-Quote,16/11/2009,0.26823
JPM,47896,QMLE-Quote,17/11/2009,0.209861
JPM,47896,QMLE-Quote,18/11/2009,0.226011
JPM,47896,QMLE-Quote,19/11/2009,0.232752
JPM,47896,QMLE-Quote,20/11/2009,0.204723
JPM,47896,QMLE-Quote,23/11/2009,0.194479
JPM,47896,QMLE-Quote,24/11/2009,0.195049
JPM,47896,QMLE-Quote,25/11/2009,0.137993
JPM,47896,QMLE-Quote,27/11/2009,0.331998
JPM,47896,QMLE-Quote,30/11/2009,0.224384
JPM,47896,QMLE-Quote,1/12/2009,0.227033
JPM,47896,QMLE-Quote,2/12/2009,0.223425
JPM,47896,QMLE-Quote,3/12/2009,0.270534
JPM,47896,QMLE-Quote,4/12/2009,0.349382
JPM,47896,QMLE-Quote,7/12/2009,0.235587
JPM,47896,QMLE-Quote,8/12/2009,0.275353
JPM,47896,QMLE-Quote,9/12/2009,0.24579
JPM,47896,QMLE-Quote,10/12/2009,0.214226
JPM,47896,QMLE-Quote,11/12/2009,0.192933
JPM,47896,QMLE-Quote,14/12/2009,0.187853
JPM,47896,QMLE-Quote,15/12/2009,0.213724
JPM,47896,QMLE-Quote,16/12/2009,0.239212
JPM,47896,QMLE-Quote,17/12/2009,0.240565
JPM,47896,QMLE-Quote,18/12/2009,0.22968
JPM,47896,QMLE-Quote,21/12/2009,0.210365
JPM,47896,QMLE-Quote,22/12/2009,0.157208
JPM,47896,QMLE-Quote,23/12/2009,0.149067
JPM,47896,QMLE-Quote,24/12/2009,0.130296
JPM,47896,QMLE-Quote,28/12/2009,0.131813
JPM,47896,QMLE-Quote,29/12/2009,0.128609
JPM,47896,QMLE-Quote,30/12/2009,0.172092
JPM,47896,QMLE-Quote,31/12/2009,0.138612
JPM,47896,QMLE-Quote,4/01/2010,0.159327
JPM,47896,QMLE-Quote,5/01/2010,0.2249
JPM,47896,QMLE-Quote,6/01/2010,0.183722
JPM,47896,QMLE-Quote,7/01/2010,0.19871
JPM,47896,QMLE-Quote,8/01/2010,0.208663
JPM,47896,QMLE-Quote,11/01/2010,0.174251
JPM,47896,QMLE-Quote,12/01/2010,0.238672
JPM,47896,QMLE-Quote,13/01/2010,0.260653
JPM,47896,QMLE-Quote,14/01/2010,0.255706
JPM,47896,QMLE-Quote,15/01/2010,0.259693
JPM,47896,QMLE-Quote,19/01/2010,0.261844
JPM,47896,QMLE-Quote,20/01/2010,0.260046
JPM,47896,QMLE-Quote,21/01/2010,0.514895
JPM,47896,QMLE-Quote,22/01/2010,0.450914
JPM,47896,QMLE-Quote,25/01/2010,0.340938
JPM,47896,QMLE-Quote,26/01/2010,0.340992
JPM,47896,QMLE-Quote,27/01/2010,0.447714
JPM,47896,QMLE-Quote,28/01/2010,0.395666
JPM,47896,QMLE-Quote,29/01/2010,0.320565
JPM,47896,QMLE-Quote,1/02/2010,0.288127
JPM,47896,QMLE-Quote,2/02/2010,0.26909
JPM,47896,QMLE-Quote,3/02/2010,0.283773
JPM,47896,QMLE-Quote,4/02/2010,0.34233
JPM,47896,QMLE-Quote,5/02/2010,0.418158
JPM,47896,QMLE-Quote,8/02/2010,0.324712
JPM,47896,QMLE-Quote,9/02/2010,0.333946
JPM,47896,QMLE-Quote,10/02/2010,0.326723
JPM,47896,QMLE-Quote,11/02/2010,0.272921
JPM,47896,QMLE-Quote,12/02/2010,0.252193
JPM,47896,QMLE-Quote,16/02/2010,0.251525
JPM,47896,QMLE-Quote,17/02/2010,0.22722
JPM,47896,QMLE-Quote,18/02/2010,0.225758
JPM,47896,QMLE-Quote,19/02/2010,0.152156
JPM,47896,QMLE-Quote,22/02/2010,0.213502
JPM,47896,QMLE-Quote,23/02/2010,0.246751
JPM,47896,QMLE-Quote,24/02/2010,0.237315
JPM,47896,QMLE-Quote,25/02/2010,0.242511
JPM,47896,QMLE-Quote,26/02/2010,0.215565
JPM,47896,QMLE-Quote,1/03/2010,0.207427
JPM,47896,QMLE-Quote,2/03/2010,0.180862
JPM,47896,QMLE-Quote,3/03/2010,0.20491
JPM,47896,QMLE-Quote,4/03/2010,0.164739
JPM,47896,QMLE-Quote,5/03/2010,0.151394
JPM,47896,QMLE-Quote,8/03/2010,0.150565
JPM,47896,QMLE-Quote,9/03/2010,0.196731
JPM,47896,QMLE-Quote,10/03/2010,0.196767
JPM,47896,QMLE-Quote,11/03/2010,0.159128
JPM,47896,QMLE-Quote,12/03/2010,0.162119
JPM,47896,QMLE-Quote,15/03/2010,0.211357
JPM,47896,QMLE-Quote,16/03/2010,0.201058
JPM,47896,QMLE-Quote,17/03/2010,0.161141
JPM,47896,QMLE-Quote,18/03/2010,0.159599
JPM,47896,QMLE-Quote,19/03/2010,0.18255
JPM,47896,QMLE-Quote,22/03/2010,0.17607
JPM,47896,QMLE-Quote,23/03/2010,0.172018
JPM,47896,QMLE-Quote,24/03/2010,0.22615
JPM,47896,QMLE-Quote,25/03/2010,0.243507
JPM,47896,QMLE-Quote,26/03/2010,0.273994
JPM,47896,QMLE-Quote,29/03/2010,0.232358
JPM,47896,QMLE-Quote,30/03/2010,0.172664
JPM,47896,QMLE-Quote,31/03/2010,0.205802
JPM,47896,QMLE-Quote,1/04/2010,0.134305
JPM,47896,QMLE-Quote,5/04/2010,0.182803
JPM,47896,QMLE-Quote,6/04/2010,0.154597
JPM,47896,QMLE-Quote,7/04/2010,0.213558
JPM,47896,QMLE-Quote,8/04/2010,0.188177
JPM,47896,QMLE-Quote,9/04/2010,0.190878
JPM,47896,QMLE-Quote,12/04/2010,0.14107
JPM,47896,QMLE-Quote,13/04/2010,0.151587
JPM,47896,QMLE-Quote,14/04/2010,0.217504
JPM,47896,QMLE-Quote,15/04/2010,0.170181
JPM,47896,QMLE-Quote,16/04/2010,0.534745
JPM,47896,QMLE-Quote,19/04/2010,0.342194
JPM,47896,QMLE-Quote,20/04/2010,0.211238
JPM,47896,QMLE-Quote,21/04/2010,0.254382
JPM,47896,QMLE-Quote,22/04/2010,0.326093
JPM,47896,QMLE-Quote,23/04/2010,0.255098
JPM,47896,QMLE-Quote,26/04/2010,0.230722
JPM,47896,QMLE-Quote,27/04/2010,0.377567
JPM,47896,QMLE-Quote,28/04/2010,0.336125
JPM,47896,QMLE-Quote,29/04/2010,0.222752
JPM,47896,QMLE-Quote,30/04/2010,0.330644
JPM,47896,QMLE-Quote,3/05/2010,0.242587
JPM,47896,QMLE-Quote,4/05/2010,0.289467
JPM,47896,QMLE-Quote,5/05/2010,0.349113
JPM,47896,QMLE-Quote,6/05/2010,0.776406
JPM,47896,QMLE-Quote,7/05/2010,0.583413
JPM,47896,QMLE-Quote,10/05/2010,0.392547
JPM,47896,QMLE-Quote,11/05/2010,0.315999
JPM,47896,QMLE-Quote,12/05/2010,0.293598
JPM,47896,QMLE-Quote,13/05/2010,0.191432
JPM,47896,QMLE-Quote,14/05/2010,0.333655
JPM,47896,QMLE-Quote,17/05/2010,0.410068
JPM,47896,QMLE-Quote,18/05/2010,0.397934
JPM,47896,QMLE-Quote,19/05/2010,0.437139
JPM,47896,QMLE-Quote,20/05/2010,0.53455
JPM,47896,QMLE-Quote,21/05/2010,0.534283
JPM,47896,QMLE-Quote,24/05/2010,0.347934
JPM,47896,QMLE-Quote,25/05/2010,0.449364
JPM,47896,QMLE-Quote,26/05/2010,0.392692
JPM,47896,QMLE-Quote,27/05/2010,0.25156
JPM,47896,QMLE-Quote,28/05/2010,0.309212
JPM,47896,QMLE-Quote,1/06/2010,0.314301
JPM,47896,QMLE-Quote,2/06/2010,0.258571
JPM,47896,QMLE-Quote,3/06/2010,0.28618
JPM,47896,QMLE-Quote,4/06/2010,0.286371
JPM,47896,QMLE-Quote,7/06/2010,0.298991
JPM,47896,QMLE-Quote,8/06/2010,0.366089
JPM,47896,QMLE-Quote,9/06/2010,0.332696
JPM,47896,QMLE-Quote,10/06/2010,0.269305
JPM,47896,QMLE-Quote,11/06/2010,0.262234
JPM,47896,QMLE-Quote,14/06/2010,0.310555
JPM,47896,QMLE-Quote,15/06/2010,0.237671
JPM,47896,QMLE-Quote,16/06/2010,0.316245
JPM,47896,QMLE-Quote,17/06/2010,0.240781
JPM,47896,QMLE-Quote,18/06/2010,0.214512
JPM,47896,QMLE-Quote,21/06/2010,0.226011
JPM,47896,QMLE-Quote,22/06/2010,0.288753
JPM,47896,QMLE-Quote,23/06/2010,0.319931
JPM,47896,QMLE-Quote,24/06/2010,0.395444
JPM,47896,QMLE-Quote,25/06/2010,0.326439
JPM,47896,QMLE-Quote,28/06/2010,0.278838
JPM,47896,QMLE-Quote,29/06/2010,0.280239
JPM,47896,QMLE-Quote,30/06/2010,0.261879
JPM,47896,QMLE-Quote,1/07/2010,0.428388
JPM,47896,QMLE-Quote,2/07/2010,0.313432
JPM,47896,QMLE-Quote,6/07/2010,0.30323
JPM,47896,QMLE-Quote,7/07/2010,0.271897
JPM,47896,QMLE-Quote,8/07/2010,0.338949
JPM,47896,QMLE-Quote,9/07/2010,0.235436
JPM,47896,QMLE-Quote,12/07/2010,0.244969
JPM,47896,QMLE-Quote,13/07/2010,0.242662
JPM,47896,QMLE-Quote,14/07/2010,0.217486
JPM,47896,QMLE-Quote,15/07/2010,0.420669
JPM,47896,QMLE-Quote,16/07/2010,0.306457
JPM,47896,QMLE-Quote,19/07/2010,0.299619
JPM,47896,QMLE-Quote,20/07/2010,0.285363
JPM,47896,QMLE-Quote,21/07/2010,0.315358
JPM,47896,QMLE-Quote,22/07/2010,0.311252
JPM,47896,QMLE-Quote,23/07/2010,0.312251
JPM,47896,QMLE-Quote,26/07/2010,0.229848
JPM,47896,QMLE-Quote,27/07/2010,0.291746
JPM,47896,QMLE-Quote,28/07/2010,0.227736
JPM,47896,QMLE-Quote,29/07/2010,0.282711
JPM,47896,QMLE-Quote,30/07/2010,0.243201
JPM,47896,QMLE-Quote,2/08/2010,0.151142
JPM,47896,QMLE-Quote,3/08/2010,0.197357
JPM,47896,QMLE-Quote,4/08/2010,0.177691
JPM,47896,QMLE-Quote,5/08/2010,0.181023
JPM,47896,QMLE-Quote,6/08/2010,0.219155
JPM,47896,QMLE-Quote,9/08/2010,0.197979
JPM,47896,QMLE-Quote,10/08/2010,0.228765
JPM,47896,QMLE-Quote,11/08/2010,0.201574
JPM,47896,QMLE-Quote,12/08/2010,0.249355
JPM,47896,QMLE-Quote,13/08/2010,0.20187
JPM,47896,QMLE-Quote,16/08/2010,0.17707
JPM,47896,QMLE-Quote,17/08/2010,0.191447
JPM,47896,QMLE-Quote,18/08/2010,0.212265
JPM,47896,QMLE-Quote,19/08/2010,0.228642
JPM,47896,QMLE-Quote,20/08/2010,0.210303
JPM,47896,QMLE-Quote,23/08/2010,0.191113
JPM,47896,QMLE-Quote,24/08/2010,0.234282
JPM,47896,QMLE-Quote,25/08/2010,0.24877
JPM,47896,QMLE-Quote,26/08/2010,0.197887
JPM,47896,QMLE-Quote,27/08/2010,0.2529
JPM,47896,QMLE-Quote,30/08/2010,0.195393
JPM,47896,QMLE-Quote,31/08/2010,0.311454
JPM,47896,QMLE-Quote,1/09/2010,0.218241
JPM,47896,QMLE-Quote,2/09/2010,0.19313
JPM,47896,QMLE-Quote,3/09/2010,0.217468
JPM,47896,QMLE-Quote,7/09/2010,0.151863
JPM,47896,QMLE-Quote,8/09/2010,0.207068
JPM,47896,QMLE-Quote,9/09/2010,0.189421
JPM,47896,QMLE-Quote,10/09/2010,0.157799
JPM,47896,QMLE-Quote,13/09/2010,0.190276
JPM,47896,QMLE-Quote,14/09/2010,0.22175
JPM,47896,QMLE-Quote,15/09/2010,0.204855
JPM,47896,QMLE-Quote,16/09/2010,0.158946
JPM,47896,QMLE-Quote,17/09/2010,0.181293
JPM,47896,QMLE-Quote,20/09/2010,0.193761
JPM,47896,QMLE-Quote,21/09/2010,0.236904
JPM,47896,QMLE-Quote,22/09/2010,0.252275
JPM,47896,QMLE-Quote,23/09/2010,0.225388
JPM,47896,QMLE-Quote,24/09/2010,0.209069
JPM,47896,QMLE-Quote,27/09/2010,0.201058
JPM,47896,QMLE-Quote,28/09/2010,0.242893
JPM,47896,QMLE-Quote,29/09/2010,0.236483
JPM,47896,QMLE-Quote,30/09/2010,0.274511
JPM,47896,QMLE-Quote,1/10/2010,0.246809
JPM,47896,QMLE-Quote,4/10/2010,0.2366
JPM,47896,QMLE-Quote,5/10/2010,0.203101
JPM,47896,QMLE-Quote,6/10/2010,0.190997
JPM,47896,QMLE-Quote,7/10/2010,0.201425
JPM,47896,QMLE-Quote,8/10/2010,0.232037
JPM,47896,QMLE-Quote,11/10/2010,0.202248
JPM,47896,QMLE-Quote,12/10/2010,0.178802
JPM,47896,QMLE-Quote,13/10/2010,0.305491
JPM,47896,QMLE-Quote,14/10/2010,0.303084
JPM,47896,QMLE-Quote,15/10/2010,0.431241
JPM,47896,QMLE-Quote,18/10/2010,0.269031
JPM,47896,QMLE-Quote,19/10/2010,0.360986
JPM,47896,QMLE-Quote,20/10/2010,0.251202
JPM,47896,QMLE-Quote,21/10/2010,0.257143
JPM,47896,QMLE-Quote,22/10/2010,0.151008
JPM,47896,QMLE-Quote,25/10/2010,0.213931
JPM,47896,QMLE-Quote,26/10/2010,0.213291
JPM,47896,QMLE-Quote,27/10/2010,0.199655
JPM,47896,QMLE-Quote,28/10/2010,0.196706
JPM,47896,QMLE-Quote,29/10/2010,0.150715
JPM,47896,QMLE-Quote,1/11/2010,0.210662
JPM,47896,QMLE-Quote,2/11/2010,0.173306
JPM,47896,QMLE-Quote,3/11/2010,0.251728
JPM,47896,QMLE-Quote,4/11/2010,0.274051
JPM,47896,QMLE-Quote,5/11/2010,0.348391
JPM,47896,QMLE-Quote,8/11/2010,0.250721
JPM,47896,QMLE-Quote,9/11/2010,0.263599
JPM,47896,QMLE-Quote,10/11/2010,0.319735
JPM,47896,QMLE-Quote,11/11/2010,0.201479
JPM,47896,QMLE-Quote,12/11/2010,0.262594
JPM,47896,QMLE-Quote,15/11/2010,0.201697
JPM,47896,QMLE-Quote,16/11/2010,0.281619
JPM,47896,QMLE-Quote,17/11/2010,0.258658
JPM,47896,QMLE-Quote,18/11/2010,0.207351
JPM,47896,QMLE-Quote,19/11/2010,0.172699
JPM,47896,QMLE-Quote,22/11/2010,0.187213
JPM,47896,QMLE-Quote,23/11/2010,0.193245
JPM,47896,QMLE-Quote,24/11/2010,0.175235
JPM,47896,QMLE-Quote,26/11/2010,0.217542
JPM,47896,QMLE-Quote,29/11/2010,0.247747
JPM,47896,QMLE-Quote,30/11/2010,0.227953
JPM,47896,QMLE-Quote,1/12/2010,0.189783
JPM,47896,QMLE-Quote,2/12/2010,0.214839
JPM,47896,QMLE-Quote,3/12/2010,0.203302
JPM,47896,QMLE-Quote,6/12/2010,0.199476
JPM,47896,QMLE-Quote,7/12/2010,0.224238
JPM,47896,QMLE-Quote,8/12/2010,0.199724
JPM,47896,QMLE-Quote,9/12/2010,0.197607
JPM,47896,QMLE-Quote,10/12/2010,0.162486
JPM,47896,QMLE-Quote,13/12/2010,0.224894
JPM,47896,QMLE-Quote,14/12/2010,0.232916
JPM,47896,QMLE-Quote,15/12/2010,0.214935
JPM,47896,QMLE-Quote,16/12/2010,0.255443
JPM,47896,QMLE-Quote,17/12/2010,0.186229
JPM,47896,QMLE-Quote,20/12/2010,0.167261
JPM,47896,QMLE-Quote,21/12/2010,0.180431
JPM,47896,QMLE-Quote,22/12/2010,0.200356
JPM,47896,QMLE-Quote,23/12/2010,0.127529
JPM,47896,QMLE-Quote,27/12/2010,0.165038
JPM,47896,QMLE-Quote,28/12/2010,0.168544
JPM,47896,QMLE-Quote,29/12/2010,0.119689
JPM,47896,QMLE-Quote,30/12/2010,0.109233
JPM,47896,QMLE-Quote,31/12/2010,0.100171
JPM,47896,QMLE-Quote,3/01/2011,0.226246
JPM,47896,QMLE-Quote,4/01/2011,0.183901
JPM,47896,QMLE-Quote,5/01/2011,0.209886
JPM,47896,QMLE-Quote,6/01/2011,0.216938
JPM,47896,QMLE-Quote,7/01/2011,0.374085
JPM,47896,QMLE-Quote,10/01/2011,0.244743
JPM,47896,QMLE-Quote,11/01/2011,0.190771
JPM,47896,QMLE-Quote,12/01/2011,0.196086
JPM,47896,QMLE-Quote,13/01/2011,0.177657
JPM,47896,QMLE-Quote,14/01/2011,0.289301
JPM,47896,QMLE-Quote,18/01/2011,0.251324
JPM,47896,QMLE-Quote,19/01/2011,0.245285
JPM,47896,QMLE-Quote,20/01/2011,0.254967
JPM,47896,QMLE-Quote,21/01/2011,0.198542
JPM,47896,QMLE-Quote,24/01/2011,0.165843
JPM,47896,QMLE-Quote,25/01/2011,0.213219
JPM,47896,QMLE-Quote,26/01/2011,0.17691
JPM,47896,QMLE-Quote,27/01/2011,0.185772
JPM,47896,QMLE-Quote,28/01/2011,0.293443
JPM,47896,QMLE-Quote,31/01/2011,0.205153
JPM,47896,QMLE-Quote,1/02/2011,0.161709
JPM,47896,QMLE-Quote,2/02/2011,0.173611
JPM,47896,QMLE-Quote,3/02/2011,0.168023
JPM,47896,QMLE-Quote,4/02/2011,0.213202
JPM,47896,QMLE-Quote,7/02/2011,0.181065
JPM,47896,QMLE-Quote,8/02/2011,0.11738
JPM,47896,QMLE-Quote,9/02/2011,0.164331
JPM,47896,QMLE-Quote,10/02/2011,0.180959
JPM,47896,QMLE-Quote,11/02/2011,0.242304
JPM,47896,QMLE-Quote,14/02/2011,0.144019
JPM,47896,QMLE-Quote,15/02/2011,0.230735
JPM,47896,QMLE-Quote,16/02/2011,0.216528
JPM,47896,QMLE-Quote,17/02/2011,0.138411
JPM,47896,QMLE-Quote,18/02/2011,0.144567
JPM,47896,QMLE-Quote,22/02/2011,0.24967
JPM,47896,QMLE-Quote,23/02/2011,0.284196
JPM,47896,QMLE-Quote,24/02/2011,0.253919
JPM,47896,QMLE-Quote,25/02/2011,0.17823
JPM,47896,QMLE-Quote,28/02/2011,0.181313
JPM,47896,QMLE-Quote,1/03/2011,0.235767
JPM,47896,QMLE-Quote,2/03/2011,0.208006
JPM,47896,QMLE-Quote,3/03/2011,0.200318
JPM,47896,QMLE-Quote,4/03/2011,0.212523
JPM,47896,QMLE-Quote,7/03/2011,0.201794
JPM,47896,QMLE-Quote,8/03/2011,0.185086
JPM,47896,QMLE-Quote,9/03/2011,0.242056
JPM,47896,QMLE-Quote,10/03/2011,0.226049
JPM,47896,QMLE-Quote,11/03/2011,0.203809
JPM,47896,QMLE-Quote,14/03/2011,0.19007
JPM,47896,QMLE-Quote,15/03/2011,0.279291
JPM,47896,QMLE-Quote,16/03/2011,0.295817
JPM,47896,QMLE-Quote,17/03/2011,0.337828
JPM,47896,QMLE-Quote,18/03/2011,0.307207
JPM,47896,QMLE-Quote,21/03/2011,0.244208
JPM,47896,QMLE-Quote,22/03/2011,0.136505
JPM,47896,QMLE-Quote,23/03/2011,0.166375
JPM,47896,QMLE-Quote,24/03/2011,0.17507
JPM,47896,QMLE-Quote,25/03/2011,0.127404
JPM,47896,QMLE-Quote,28/03/2011,0.128671
JPM,47896,QMLE-Quote,29/03/2011,0.150615
JPM,47896,QMLE-Quote,30/03/2011,0.151592
JPM,47896,QMLE-Quote,31/03/2011,0.149331
JPM,47896,QMLE-Quote,1/04/2011,0.1556
JPM,47896,QMLE-Quote,4/04/2011,0.12476
JPM,47896,QMLE-Quote,5/04/2011,0.130358
JPM,47896,QMLE-Quote,6/04/2011,0.16468
JPM,47896,QMLE-Quote,7/04/2011,0.223422
JPM,47896,QMLE-Quote,8/04/2011,0.172751
JPM,47896,QMLE-Quote,11/04/2011,0.147547
JPM,47896,QMLE-Quote,12/04/2011,0.206176
JPM,47896,QMLE-Quote,13/04/2011,0.28912
JPM,47896,QMLE-Quote,14/04/2011,0.191575
JPM,47896,QMLE-Quote,15/04/2011,0.152583
JPM,47896,QMLE-Quote,18/04/2011,0.252372
JPM,47896,QMLE-Quote,19/04/2011,0.184614
JPM,47896,QMLE-Quote,20/04/2011,0.203376
JPM,47896,QMLE-Quote,21/04/2011,0.13567
JPM,47896,QMLE-Quote,25/04/2011,0.13445
JPM,47896,QMLE-Quote,26/04/2011,0.156713
JPM,47896,QMLE-Quote,27/04/2011,0.143759
JPM,47896,QMLE-Quote,28/04/2011,0.139336
JPM,47896,QMLE-Quote,29/04/2011,0.144828
JPM,47896,QMLE-Quote,2/05/2011,0.136687
JPM,47896,QMLE-Quote,3/05/2011,0.186477
JPM,47896,QMLE-Quote,4/05/2011,0.181642
JPM,47896,QMLE-Quote,5/05/2011,0.158811
JPM,47896,QMLE-Quote,6/05/2011,0.178622
JPM,47896,QMLE-Quote,9/05/2011,0.168105
JPM,47896,QMLE-Quote,10/05/2011,0.127497
JPM,47896,QMLE-Quote,11/05/2011,0.168092
JPM,47896,QMLE-Quote,12/05/2011,0.16849
JPM,47896,QMLE-Quote,13/05/2011,0.18226
JPM,47896,QMLE-Quote,16/05/2011,0.183833
JPM,47896,QMLE-Quote,17/05/2011,0.23429
JPM,47896,QMLE-Quote,18/05/2011,0.175854
JPM,47896,QMLE-Quote,19/05/2011,0.141526
JPM,47896,QMLE-Quote,20/05/2011,0.176588
JPM,47896,QMLE-Quote,23/05/2011,0.217495
JPM,47896,QMLE-Quote,24/05/2011,0.194801
JPM,47896,QMLE-Quote,25/05/2011,0.220536
JPM,47896,QMLE-Quote,26/05/2011,0.173898
JPM,47896,QMLE-Quote,27/05/2011,0.131281
JPM,47896,QMLE-Quote,31/05/2011,0.151576
JPM,47896,QMLE-Quote,1/06/2011,0.245534
JPM,47896,QMLE-Quote,2/06/2011,0.353002
JPM,47896,QMLE-Quote,3/06/2011,0.25901
JPM,47896,QMLE-Quote,6/06/2011,0.266399
JPM,47896,QMLE-Quote,7/06/2011,0.182795
JPM,47896,QMLE-Quote,8/06/2011,0.263545
JPM,47896,QMLE-Quote,9/06/2011,0.22427
JPM,47896,QMLE-Quote,10/06/2011,0.310297
JPM,47896,QMLE-Quote,13/06/2011,0.270786
JPM,47896,QMLE-Quote,14/06/2011,0.244171
JPM,47896,QMLE-Quote,15/06/2011,0.284097
JPM,47896,QMLE-Quote,16/06/2011,0.283805
JPM,47896,QMLE-Quote,17/06/2011,0.19215
JPM,47896,QMLE-Quote,20/06/2011,0.209424
JPM,47896,QMLE-Quote,21/06/2011,0.264203
JPM,47896,QMLE-Quote,22/06/2011,0.193657
JPM,47896,QMLE-Quote,23/06/2011,0.270047
JPM,47896,QMLE-Quote,24/06/2011,0.199502
JPM,47896,QMLE-Quote,27/06/2011,0.198453
JPM,47896,QMLE-Quote,28/06/2011,0.176896
JPM,47896,QMLE-Quote,29/06/2011,0.245832
JPM,47896,QMLE-Quote,30/06/2011,0.224089
JPM,47896,QMLE-Quote,1/07/2011,0.173004
JPM,47896,QMLE-Quote,5/07/2011,0.187249
JPM,47896,QMLE-Quote,6/07/2011,0.172267
JPM,47896,QMLE-Quote,7/07/2011,0.165371
JPM,47896,QMLE-Quote,8/07/2011,0.149091
JPM,47896,QMLE-Quote,11/07/2011,0.173682
JPM,47896,QMLE-Quote,12/07/2011,0.205514
JPM,47896,QMLE-Quote,13/07/2011,0.21624
JPM,47896,QMLE-Quote,14/07/2011,0.306922
JPM,47896,QMLE-Quote,15/07/2011,0.245004
JPM,47896,QMLE-Quote,18/07/2011,0.299885
JPM,47896,QMLE-Quote,19/07/2011,0.229154
JPM,47896,QMLE-Quote,20/07/2011,0.233549
JPM,47896,QMLE-Quote,21/07/2011,0.221021
JPM,47896,QMLE-Quote,22/07/2011,0.166863
JPM,47896,QMLE-Quote,25/07/2011,0.156025
JPM,47896,QMLE-Quote,26/07/2011,0.183044
JPM,47896,QMLE-Quote,27/07/2011,0.231391
JPM,47896,QMLE-Quote,28/07/2011,0.218152
JPM,47896,QMLE-Quote,29/07/2011,0.276432
JPM,47896,QMLE-Quote,1/08/2011,0.268496
JPM,47896,QMLE-Quote,2/08/2011,0.272078
JPM,47896,QMLE-Quote,3/08/2011,0.301499
JPM,47896,QMLE-Quote,4/08/2011,0.389329
JPM,47896,QMLE-Quote,5/08/2011,0.567556
JPM,47896,QMLE-Quote,8/08/2011,0.708932
JPM,47896,QMLE-Quote,9/08/2011,0.794598
JPM,47896,QMLE-Quote,10/08/2011,0.708667
JPM,47896,QMLE-Quote,11/08/2011,0.565137
JPM,47896,QMLE-Quote,12/08/2011,0.498084
JPM,47896,QMLE-Quote,15/08/2011,0.300024
JPM,47896,QMLE-Quote,16/08/2011,0.341013
JPM,47896,QMLE-Quote,17/08/2011,0.25347
JPM,47896,QMLE-Quote,18/08/2011,0.455718
JPM,47896,QMLE-Quote,19/08/2011,0.447093
JPM,47896,QMLE-Quote,22/08/2011,0.352296
JPM,47896,QMLE-Quote,23/08/2011,0.506422
JPM,47896,QMLE-Quote,24/08/2011,0.394277
JPM,47896,QMLE-Quote,25/08/2011,0.580269
JPM,47896,QMLE-Quote,26/08/2011,0.487709
JPM,47896,QMLE-Quote,29/08/2011,0.258073
JPM,47896,QMLE-Quote,30/08/2011,0.298549
JPM,47896,QMLE-Quote,31/08/2011,0.283169
JPM,47896,QMLE-Quote,1/09/2011,0.331968
JPM,47896,QMLE-Quote,2/09/2011,0.284225
JPM,47896,QMLE-Quote,6/09/2011,0.32474
JPM,47896,QMLE-Quote,7/09/2011,0.296595
JPM,47896,QMLE-Quote,8/09/2011,0.362741
JPM,47896,QMLE-Quote,9/09/2011,0.390769
JPM,47896,QMLE-Quote,12/09/2011,0.411926
JPM,47896,QMLE-Quote,13/09/2011,0.382624
JPM,47896,QMLE-Quote,14/09/2011,0.355674
JPM,47896,QMLE-Quote,15/09/2011,0.310419
JPM,47896,QMLE-Quote,16/09/2011,0.293353
JPM,47896,QMLE-Quote,19/09/2011,0.256346
JPM,47896,QMLE-Quote,20/09/2011,0.246188
JPM,47896,QMLE-Quote,21/09/2011,0.412588
JPM,47896,QMLE-Quote,22/09/2011,0.551631
JPM,47896,QMLE-Quote,23/09/2011,0.46597
JPM,47896,QMLE-Quote,26/09/2011,0.367899
JPM,47896,QMLE-Quote,27/09/2011,0.441744
JPM,47896,QMLE-Quote,28/09/2011,0.358741
JPM,47896,QMLE-Quote,29/09/2011,0.422693
JPM,47896,QMLE-Quote,30/09/2011,0.401642
JPM,47896,QMLE-Quote,3/10/2011,0.478702
JPM,47896,QMLE-Quote,4/10/2011,0.636763
JPM,47896,QMLE-Quote,5/10/2011,0.528261
JPM,47896,QMLE-Quote,6/10/2011,0.474063
JPM,47896,QMLE-Quote,7/10/2011,0.490393
JPM,47896,QMLE-Quote,10/10/2011,0.355054
JPM,47896,QMLE-Quote,11/10/2011,0.432557
JPM,47896,QMLE-Quote,12/10/2011,0.461945
JPM,47896,QMLE-Quote,13/10/2011,0.503214
JPM,47896,QMLE-Quote,14/10/2011,0.420011
JPM,47896,QMLE-Quote,17/10/2011,0.357904
JPM,47896,QMLE-Quote,18/10/2011,0.465403
JPM,47896,QMLE-Quote,19/10/2011,0.499139
JPM,47896,QMLE-Quote,20/10/2011,0.458645
JPM,47896,QMLE-Quote,21/10/2011,0.393434
JPM,47896,QMLE-Quote,24/10/2011,0.283471
JPM,47896,QMLE-Quote,25/10/2011,0.348727
JPM,47896,QMLE-Quote,26/10/2011,0.344036
JPM,47896,QMLE-Quote,27/10/2011,0.458775
JPM,47896,QMLE-Quote,28/10/2011,0.323029
JPM,47896,QMLE-Quote,31/10/2011,0.272754
JPM,47896,QMLE-Quote,1/11/2011,0.55759
JPM,47896,QMLE-Quote,2/11/2011,0.310277
JPM,47896,QMLE-Quote,3/11/2011,0.36777
JPM,47896,QMLE-Quote,4/11/2011,0.250715
JPM,47896,QMLE-Quote,7/11/2011,0.245876
JPM,47896,QMLE-Quote,8/11/2011,0.299123
JPM,47896,QMLE-Quote,9/11/2011,0.301309
JPM,47896,QMLE-Quote,10/11/2011,0.369269
JPM,47896,QMLE-Quote,11/11/2011,0.22404
JPM,47896,QMLE-Quote,14/11/2011,0.217827
JPM,47896,QMLE-Quote,15/11/2011,0.278885
JPM,47896,QMLE-Quote,16/11/2011,0.272245
JPM,47896,QMLE-Quote,17/11/2011,0.334314
JPM,47896,QMLE-Quote,18/11/2011,0.260175
JPM,47896,QMLE-Quote,21/11/2011,0.289547
JPM,47896,QMLE-Quote,22/11/2011,0.26558
JPM,47896,QMLE-Quote,23/11/2011,0.298245
JPM,47896,QMLE-Quote,25/11/2011,0.338472
JPM,47896,QMLE-Quote,28/11/2011,0.350348
JPM,47896,QMLE-Quote,29/11/2011,0.34123
JPM,47896,QMLE-Quote,30/11/2011,0.358442
JPM,47896,QMLE-Quote,1/12/2011,0.332931
JPM,47896,QMLE-Quote,2/12/2011,0.552272
JPM,47896,QMLE-Quote,5/12/2011,0.417952
JPM,47896,QMLE-Quote,6/12/2011,0.309261
JPM,47896,QMLE-Quote,7/12/2011,0.37562
JPM,47896,QMLE-Quote,8/12/2011,0.41801
JPM,47896,QMLE-Quote,9/12/2011,0.30612
JPM,47896,QMLE-Quote,12/12/2011,0.298608
JPM,47896,QMLE-Quote,13/12/2011,0.395171
JPM,47896,QMLE-Quote,14/12/2011,0.391625
JPM,47896,QMLE-Quote,15/12/2011,0.28712
JPM,47896,QMLE-Quote,16/12/2011,0.216884
JPM,47896,QMLE-Quote,19/12/2011,0.333716
JPM,47896,QMLE-Quote,20/12/2011,0.33065
JPM,47896,QMLE-Quote,21/12/2011,0.274087
JPM,47896,QMLE-Quote,22/12/2011,0.262111
JPM,47896,QMLE-Quote,23/12/2011,0.230116
JPM,47896,QMLE-Quote,27/12/2011,0.191614
JPM,47896,QMLE-Quote,28/12/2011,0.232379
JPM,47896,QMLE-Quote,29/12/2011,0.192701
JPM,47896,QMLE-Quote,30/12/2011,0.197742
JPM,47896,QMLE-Quote,3/01/2012,0.212906
JPM,47896,QMLE-Quote,4/01/2012,0.195801
JPM,47896,QMLE-Quote,5/01/2012,0.29046
JPM,47896,QMLE-Quote,6/01/2012,0.227284
JPM,47896,QMLE-Quote,9/01/2012,0.206504
JPM,47896,QMLE-Quote,10/01/2012,0.241907
JPM,47896,QMLE-Quote,11/01/2012,0.198948
JPM,47896,QMLE-Quote,12/01/2012,0.285925
JPM,47896,QMLE-Quote,13/01/2012,0.297851
JPM,47896,QMLE-Quote,17/01/2012,0.347446
JPM,47896,QMLE-Quote,18/01/2012,0.307202
JPM,47896,QMLE-Quote,19/01/2012,0.23269
JPM,47896,QMLE-Quote,20/01/2012,0.180826
JPM,47896,QMLE-Quote,23/01/2012,0.230261
JPM,47896,QMLE-Quote,24/01/2012,0.208862
JPM,47896,QMLE-Quote,25/01/2012,0.239407
JPM,47896,QMLE-Quote,26/01/2012,0.258333
JPM,47896,QMLE-Quote,27/01/2012,0.258849
JPM,47896,QMLE-Quote,30/01/2012,0.220588
JPM,47896,QMLE-Quote,31/01/2012,0.223377
JPM,47896,QMLE-Quote,1/02/2012,0.229404
JPM,47896,QMLE-Quote,2/02/2012,0.205755
JPM,47896,QMLE-Quote,3/02/2012,0.220512
JPM,47896,QMLE-Quote,6/02/2012,0.16
JPM,47896,QMLE-Quote,7/02/2012,0.140805
JPM,47896,QMLE-Quote,8/02/2012,0.131051
JPM,47896,QMLE-Quote,9/02/2012,0.231991
JPM,47896,QMLE-Quote,10/02/2012,0.188236
JPM,47896,QMLE-Quote,13/02/2012,0.165554
JPM,47896,QMLE-Quote,14/02/2012,0.201397
JPM,47896,QMLE-Quote,15/02/2012,0.208378
JPM,47896,QMLE-Quote,16/02/2012,0.208395
JPM,47896,QMLE-Quote,17/02/2012,0.17211
JPM,47896,QMLE-Quote,21/02/2012,0.16972
JPM,47896,QMLE-Quote,22/02/2012,0.133519
JPM,47896,QMLE-Quote,23/02/2012,0.200168
JPM,47896,QMLE-Quote,24/02/2012,0.191791
JPM,47896,QMLE-Quote,27/02/2012,0.194246
JPM,47896,QMLE-Quote,28/02/2012,0.215106
JPM,47896,QMLE-Quote,29/02/2012,0.249026
JPM,47896,QMLE-Quote,1/03/2012,0.19042
JPM,47896,QMLE-Quote,2/03/2012,0.23017
JPM,47896,QMLE-Quote,5/03/2012,0.206468
JPM,47896,QMLE-Quote,6/03/2012,0.214119
JPM,47896,QMLE-Quote,7/03/2012,0.158213
JPM,47896,QMLE-Quote,8/03/2012,0.191925
JPM,47896,QMLE-Quote,9/03/2012,0.207711
JPM,47896,QMLE-Quote,12/03/2012,0.196766
JPM,47896,QMLE-Quote,13/03/2012,0.343733
JPM,47896,QMLE-Quote,14/03/2012,0.381808
JPM,47896,QMLE-Quote,15/03/2012,0.275769
JPM,47896,QMLE-Quote,16/03/2012,0.237466
JPM,47896,QMLE-Quote,19/03/2012,0.227202
JPM,47896,QMLE-Quote,20/03/2012,0.244842
JPM,47896,QMLE-Quote,21/03/2012,0.204094
JPM,47896,QMLE-Quote,22/03/2012,0.208533
JPM,47896,QMLE-Quote,23/03/2012,0.194472
JPM,47896,QMLE-Quote,26/03/2012,0.127643
JPM,47896,QMLE-Quote,27/03/2012,0.204317
JPM,47896,QMLE-Quote,28/03/2012,0.216202
JPM,47896,QMLE-Quote,29/03/2012,0.218838
JPM,47896,QMLE-Quote,30/03/2012,0.183647
JPM,47896,QMLE-Quote,2/04/2012,0.179009
JPM,47896,QMLE-Quote,3/04/2012,0.206077
JPM,47896,QMLE-Quote,4/04/2012,0.209097
JPM,47896,QMLE-Quote,5/04/2012,0.198706
JPM,47896,QMLE-Quote,9/04/2012,0.189044
JPM,47896,QMLE-Quote,10/04/2012,0.264335
JPM,47896,QMLE-Quote,11/04/2012,0.209377
JPM,47896,QMLE-Quote,12/04/2012,0.19482
JPM,47896,QMLE-Quote,13/04/2012,0.267772
JPM,47896,QMLE-Quote,16/04/2012,0.274847
JPM,47896,QMLE-Quote,17/04/2012,0.199026
JPM,47896,QMLE-Quote,18/04/2012,0.21011
JPM,47896,QMLE-Quote,19/04/2012,0.277226
JPM,47896,QMLE-Quote,20/04/2012,0.17997
JPM,47896,QMLE-Quote,23/04/2012,0.270626
JPM,47896,QMLE-Quote,24/04/2012,0.208697
JPM,47896,QMLE-Quote,25/04/2012,0.215085
JPM,47896,QMLE-Quote,26/04/2012,0.221785
JPM,47896,QMLE-Quote,27/04/2012,0.178837
JPM,47896,QMLE-Quote,30/04/2012,0.17647
JPM,47896,QMLE-Quote,1/05/2012,0.222296
JPM,47896,QMLE-Quote,2/05/2012,0.18056
JPM,47896,QMLE-Quote,3/05/2012,0.18918
JPM,47896,QMLE-Quote,4/05/2012,0.21182
JPM,47896,QMLE-Quote,7/05/2012,0.244728
JPM,47896,QMLE-Quote,8/05/2012,0.255791
JPM,47896,QMLE-Quote,9/05/2012,0.308567
JPM,47896,QMLE-Quote,10/05/2012,0.229143
JPM,47896,QMLE-Quote,11/05/2012,0.400595
JPM,47896,QMLE-Quote,14/05/2012,0.322119
JPM,47896,QMLE-Quote,15/05/2012,0.344453
JPM,47896,QMLE-Quote,16/05/2012,0.315216
JPM,47896,QMLE-Quote,17/05/2012,0.452309
JPM,47896,QMLE-Quote,18/05/2012,0.401172
JPM,47896,QMLE-Quote,21/05/2012,0.532314
JPM,47896,QMLE-Quote,22/05/2012,0.423745
JPM,47896,QMLE-Quote,23/05/2012,0.346132
JPM,47896,QMLE-Quote,24/05/2012,0.299912
JPM,47896,QMLE-Quote,25/05/2012,0.22075
JPM,47896,QMLE-Quote,29/05/2012,0.210418
JPM,47896,QMLE-Quote,30/05/2012,0.175349
JPM,47896,QMLE-Quote,31/05/2012,0.213928
JPM,47896,QMLE-Quote,1/06/2012,0.280164
JPM,47896,QMLE-Quote,4/06/2012,0.33374
JPM,47896,QMLE-Quote,5/06/2012,0.303485
JPM,47896,QMLE-Quote,6/06/2012,0.312125
JPM,47896,QMLE-Quote,7/06/2012,0.30667
JPM,47896,QMLE-Quote,8/06/2012,0.24594
JPM,47896,QMLE-Quote,11/06/2012,0.313941
JPM,47896,QMLE-Quote,12/06/2012,0.28266
JPM,47896,QMLE-Quote,13/06/2012,0.416075
JPM,47896,QMLE-Quote,14/06/2012,0.336409
JPM,47896,QMLE-Quote,15/06/2012,0.218031
JPM,47896,QMLE-Quote,18/06/2012,0.235732
JPM,47896,QMLE-Quote,19/06/2012,0.219423
JPM,47896,QMLE-Quote,20/06/2012,0.388531
JPM,47896,QMLE-Quote,21/06/2012,0.278238
JPM,47896,QMLE-Quote,22/06/2012,0.219023
JPM,47896,QMLE-Quote,25/06/2012,0.243175
JPM,47896,QMLE-Quote,26/06/2012,0.251319
JPM,47896,QMLE-Quote,27/06/2012,0.24079
JPM,47896,QMLE-Quote,28/06/2012,0.329595
JPM,47896,QMLE-Quote,29/06/2012,0.275246
JPM,47896,QMLE-Quote,2/07/2012,0.254194
JPM,47896,QMLE-Quote,3/07/2012,0.317076
JPM,47896,QMLE-Quote,5/07/2012,0.278606
JPM,47896,QMLE-Quote,6/07/2012,0.172749
JPM,47896,QMLE-Quote,9/07/2012,0.203655
JPM,47896,QMLE-Quote,10/07/2012,0.185779
JPM,47896,QMLE-Quote,11/07/2012,0.259365
JPM,47896,QMLE-Quote,12/07/2012,0.21925
JPM,47896,QMLE-Quote,13/07/2012,0.300482
JPM,47896,QMLE-Quote,16/07/2012,0.246414
JPM,47896,QMLE-Quote,17/07/2012,0.272408
JPM,47896,QMLE-Quote,18/07/2012,0.263706
JPM,47896,QMLE-Quote,19/07/2012,0.226385
JPM,47896,QMLE-Quote,20/07/2012,0.143686
JPM,47896,QMLE-Quote,23/07/2012,0.313465
JPM,47896,QMLE-Quote,24/07/2012,0.254403
JPM,47896,QMLE-Quote,25/07/2012,0.201129
JPM,47896,QMLE-Quote,26/07/2012,0.208374
JPM,47896,QMLE-Quote,27/07/2012,0.273451
JPM,47896,QMLE-Quote,30/07/2012,0.25229
JPM,47896,QMLE-Quote,31/07/2012,0.182844
JPM,47896,QMLE-Quote,1/08/2012,0.26304
JPM,47896,QMLE-Quote,2/08/2012,0.238138
JPM,47896,QMLE-Quote,3/08/2012,0.178039
JPM,47896,QMLE-Quote,6/08/2012,0.147501
JPM,47896,QMLE-Quote,7/08/2012,0.241258
JPM,47896,QMLE-Quote,8/08/2012,0.196035
JPM,47896,QMLE-Quote,9/08/2012,0.210157
JPM,47896,QMLE-Quote,10/08/2012,0.182659
JPM,47896,QMLE-Quote,13/08/2012,0.162892
JPM,47896,QMLE-Quote,14/08/2012,0.165942
JPM,47896,QMLE-Quote,15/08/2012,0.149741
JPM,47896,QMLE-Quote,16/08/2012,0.167196
JPM,47896,QMLE-Quote,17/08/2012,0.145259
JPM,47896,QMLE-Quote,20/08/2012,0.162416
JPM,47896,QMLE-Quote,21/08/2012,0.295395
JPM,47896,QMLE-Quote,22/08/2012,0.238594
JPM,47896,QMLE-Quote,23/08/2012,0.154715
JPM,47896,QMLE-Quote,24/08/2012,0.159876
JPM,47896,QMLE-Quote,27/08/2012,0.167892
JPM,47896,QMLE-Quote,28/08/2012,0.187179
JPM,47896,QMLE-Quote,29/08/2012,0.154904
JPM,47896,QMLE-Quote,30/08/2012,0.135481
JPM,47896,QMLE-Quote,31/08/2012,0.187651
JPM,47896,QMLE-Quote,4/09/2012,0.173955
JPM,47896,QMLE-Quote,5/09/2012,0.136856
JPM,47896,QMLE-Quote,6/09/2012,0.238348
JPM,47896,QMLE-Quote,7/09/2012,0.221392
JPM,47896,QMLE-Quote,10/09/2012,0.159776
JPM,47896,QMLE-Quote,11/09/2012,0.191314
JPM,47896,QMLE-Quote,12/09/2012,0.180997
JPM,47896,QMLE-Quote,13/09/2012,0.314026
JPM,47896,QMLE-Quote,14/09/2012,0.280525
JPM,47896,QMLE-Quote,17/09/2012,0.221478
JPM,47896,QMLE-Quote,18/09/2012,0.182666
JPM,47896,QMLE-Quote,19/09/2012,0.200701
JPM,47896,QMLE-Quote,20/09/2012,0.16809
JPM,47896,QMLE-Quote,21/09/2012,0.198033
JPM,47896,QMLE-Quote,24/09/2012,0.145108
JPM,47896,QMLE-Quote,25/09/2012,0.206988
JPM,47896,QMLE-Quote,26/09/2012,0.230458
JPM,47896,QMLE-Quote,27/09/2012,0.187942
JPM,47896,QMLE-Quote,28/09/2012,0.169646
JPM,47896,QMLE-Quote,1/10/2012,0.217835
JPM,47896,QMLE-Quote,2/10/2012,0.207533
JPM,47896,QMLE-Quote,3/10/2012,0.182262
JPM,47896,QMLE-Quote,4/10/2012,0.190745
JPM,47896,QMLE-Quote,5/10/2012,0.222238
JPM,47896,QMLE-Quote,8/10/2012,0.177595
JPM,47896,QMLE-Quote,9/10/2012,0.200334
JPM,47896,QMLE-Quote,10/10/2012,0.221731
JPM,47896,QMLE-Quote,11/10/2012,0.210784
JPM,47896,QMLE-Quote,12/10/2012,0.344212
JPM,47896,QMLE-Quote,15/10/2012,0.21987
JPM,47896,QMLE-Quote,16/10/2012,0.19726
JPM,47896,QMLE-Quote,17/10/2012,0.174877
JPM,47896,QMLE-Quote,18/10/2012,0.191241
JPM,47896,QMLE-Quote,19/10/2012,0.204686
JPM,47896,QMLE-Quote,22/10/2012,0.209994
JPM,47896,QMLE-Quote,23/10/2012,0.209557
JPM,47896,QMLE-Quote,24/10/2012,0.168753
JPM,47896,QMLE-Quote,25/10/2012,0.168604
JPM,47896,QMLE-Quote,26/10/2012,0.202193
JPM,47896,QMLE-Quote,31/10/2012,0.190501
JPM,47896,QMLE-Quote,1/11/2012,0.15371
JPM,47896,QMLE-Quote,2/11/2012,0.20389
JPM,47896,QMLE-Quote,5/11/2012,0.162489
JPM,47896,QMLE-Quote,6/11/2012,0.130829
JPM,47896,QMLE-Quote,7/11/2012,0.341525
JPM,47896,QMLE-Quote,8/11/2012,0.240769
JPM,47896,QMLE-Quote,9/11/2012,0.328665
JPM,47896,QMLE-Quote,12/11/2012,0.195819
JPM,47896,QMLE-Quote,13/11/2012,0.182245
JPM,47896,QMLE-Quote,14/11/2012,0.25499
JPM,47896,QMLE-Quote,15/11/2012,0.265863
JPM,47896,QMLE-Quote,16/11/2012,0.288979
JPM,47896,QMLE-Quote,19/11/2012,0.186414
JPM,47896,QMLE-Quote,20/11/2012,0.197974
JPM,47896,QMLE-Quote,21/11/2012,0.126687
JPM,47896,QMLE-Quote,23/11/2012,0.0986341
JPM,47896,QMLE-Quote,26/11/2012,0.183972
JPM,47896,QMLE-Quote,27/11/2012,0.193188
JPM,47896,QMLE-Quote,28/11/2012,0.216987
JPM,47896,QMLE-Quote,29/11/2012,0.20679
JPM,47896,QMLE-Quote,30/11/2012,0.149839
JPM,47896,QMLE-Quote,3/12/2012,0.1672
JPM,47896,QMLE-Quote,4/12/2012,0.199713
JPM,47896,QMLE-Quote,5/12/2012,0.201304
JPM,47896,QMLE-Quote,6/12/2012,0.154286
JPM,47896,QMLE-Quote,7/12/2012,0.182059
JPM,47896,QMLE-Quote,10/12/2012,0.173888
JPM,47896,QMLE-Quote,11/12/2012,0.152538
JPM,47896,QMLE-Quote,12/12/2012,0.158315
JPM,47896,QMLE-Quote,13/12/2012,0.126463
JPM,47896,QMLE-Quote,14/12/2012,0.126753
JPM,47896,QMLE-Quote,17/12/2012,0.156613
JPM,47896,QMLE-Quote,18/12/2012,0.191905
JPM,47896,QMLE-Quote,19/12/2012,0.168453
JPM,47896,QMLE-Quote,20/12/2012,0.196298
JPM,47896,QMLE-Quote,21/12/2012,0.266217
JPM,47896,QMLE-Quote,24/12/2012,0.145072
JPM,47896,QMLE-Quote,26/12/2012,0.127889
JPM,47896,QMLE-Quote,27/12/2012,0.231168
JPM,47896,QMLE-Quote,28/12/2012,0.195488
JPM,47896,QMLE-Quote,31/12/2012,0.233272
JPM,47896,QMLE-Quote,2/01/2013,0.217306
JPM,47896,QMLE-Quote,3/01/2013,0.161845
JPM,47896,QMLE-Quote,4/01/2013,0.120278
JPM,47896,QMLE-Quote,7/01/2013,0.135872
JPM,47896,QMLE-Quote,8/01/2013,0.132817
JPM,47896,QMLE-Quote,9/01/2013,0.172837
JPM,47896,QMLE-Quote,10/01/2013,0.164387
JPM,47896,QMLE-Quote,11/01/2013,0.165244
JPM,47896,QMLE-Quote,14/01/2013,0.167213
JPM,47896,QMLE-Quote,15/01/2013,0.196491
JPM,47896,QMLE-Quote,16/01/2013,0.283652
JPM,47896,QMLE-Quote,17/01/2013,0.17841
JPM,47896,QMLE-Quote,18/01/2013,0.1578
JPM,47896,QMLE-Quote,22/01/2013,0.145007
JPM,47896,QMLE-Quote,23/01/2013,0.131799
JPM,47896,QMLE-Quote,24/01/2013,0.165895
JPM,47896,QMLE-Quote,25/01/2013,0.158316
JPM,47896,QMLE-Quote,28/01/2013,0.148871
JPM,47896,QMLE-Quote,29/01/2013,0.149943
JPM,47896,QMLE-Quote,30/01/2013,0.121233
JPM,47896,QMLE-Quote,31/01/2013,0.131511
JPM,47896,QMLE-Quote,1/02/2013,0.129613
JPM,47896,QMLE-Quote,4/02/2013,0.164221
JPM,47896,QMLE-Quote,5/02/2013,0.139896
JPM,47896,QMLE-Quote,6/02/2013,0.13058
JPM,47896,QMLE-Quote,7/02/2013,0.167789
JPM,47896,QMLE-Quote,8/02/2013,0.100934
JPM,47896,QMLE-Quote,11/02/2013,0.111251
JPM,47896,QMLE-Quote,12/02/2013,0.0946191
JPM,47896,QMLE-Quote,13/02/2013,0.13135
JPM,47896,QMLE-Quote,14/02/2013,0.114511
JPM,47896,QMLE-Quote,15/02/2013,0.133229
JPM,47896,QMLE-Quote,19/02/2013,0.133823
JPM,47896,QMLE-Quote,20/02/2013,0.193475
JPM,47896,QMLE-Quote,21/02/2013,0.239537
JPM,47896,QMLE-Quote,22/02/2013,0.155686
JPM,47896,QMLE-Quote,25/02/2013,0.209859
JPM,47896,QMLE-Quote,26/02/2013,0.321677
JPM,47896,QMLE-Quote,27/02/2013,0.208693
JPM,47896,QMLE-Quote,28/02/2013,0.169647
JPM,47896,QMLE-Quote,1/03/2013,0.229089
JPM,47896,QMLE-Quote,4/03/2013,0.178122
JPM,47896,QMLE-Quote,5/03/2013,0.17188
JPM,47896,QMLE-Quote,6/03/2013,0.138187
JPM,47896,QMLE-Quote,7/03/2013,0.176136
JPM,47896,QMLE-Quote,8/03/2013,0.233108
JPM,47896,QMLE-Quote,11/03/2013,0.141365
JPM,47896,QMLE-Quote,12/03/2013,0.153899
JPM,47896,QMLE-Quote,13/03/2013,0.0972925
JPM,47896,QMLE-Quote,14/03/2013,0.135468
JPM,47896,QMLE-Quote,15/03/2013,0.230876
JPM,47896,QMLE-Quote,18/03/2013,0.190749
JPM,47896,QMLE-Quote,19/03/2013,0.193057
JPM,47896,QMLE-Quote,20/03/2013,0.156275
JPM,47896,QMLE-Quote,21/03/2013,0.158565
JPM,47896,QMLE-Quote,22/03/2013,0.170573
JPM,47896,QMLE-Quote,25/03/2013,0.192461
JPM,47896,QMLE-Quote,26/03/2013,0.165357
JPM,47896,QMLE-Quote,27/03/2013,0.169531
JPM,47896,QMLE-Quote,28/03/2013,0.115004
JPM,47896,QMLE-Quote,1/04/2013,0.14058
JPM,47896,QMLE-Quote,2/04/2013,0.126181
JPM,47896,QMLE-Quote,3/04/2013,0.187379
JPM,47896,QMLE-Quote,4/04/2013,0.177676
JPM,47896,QMLE-Quote,5/04/2013,0.162763
JPM,47896,QMLE-Quote,8/04/2013,0.184433
JPM,47896,QMLE-Quote,9/04/2013,0.134139
JPM,47896,QMLE-Quote,10/04/2013,0.168539
JPM,47896,QMLE-Quote,11/04/2013,0.173409
JPM,47896,QMLE-Quote,12/04/2013,0.266643
JPM,47896,QMLE-Quote,15/04/2013,0.280422
JPM,47896,QMLE-Quote,16/04/2013,0.208265
JPM,47896,QMLE-Quote,17/04/2013,0.277972
JPM,47896,QMLE-Quote,18/04/2013,0.26665
JPM,47896,QMLE-Quote,19/04/2013,0.141093
JPM,47896,QMLE-Quote,22/04/2013,0.162287
JPM,47896,QMLE-Quote,23/04/2013,0.196613
JPM,47896,QMLE-Quote,24/04/2013,0.15562
JPM,47896,QMLE-Quote,25/04/2013,0.147594
JPM,47896,QMLE-Quote,26/04/2013,0.129435
JPM,47896,QMLE-Quote,29/04/2013,0.129165
JPM,47896,QMLE-Quote,30/04/2013,0.134421
JPM,47896,QMLE-Quote,1/05/2013,0.172063
JPM,47896,QMLE-Quote,2/05/2013,0.148641
JPM,47896,QMLE-Quote,3/05/2013,0.221477
JPM,47896,QMLE-Quote,6/05/2013,0.174119
JPM,47896,QMLE-Quote,7/05/2013,0.179011
JPM,47896,QMLE-Quote,8/05/2013,0.141426
JPM,47896,QMLE-Quote,9/05/2013,0.150488
JPM,47896,QMLE-Quote,10/05/2013,0.123334
JPM,47896,QMLE-Quote,13/05/2013,0.139433
JPM,47896,QMLE-Quote,14/05/2013,0.156743
JPM,47896,QMLE-Quote,15/05/2013,0.190762
JPM,47896,QMLE-Quote,16/05/2013,0.218853
JPM,47896,QMLE-Quote,17/05/2013,0.177387
JPM,47896,QMLE-Quote,20/05/2013,0.194104
JPM,47896,QMLE-Quote,21/05/2013,0.24463
JPM,47896,QMLE-Quote,22/05/2013,0.342416
JPM,47896,QMLE-Quote,23/05/2013,0.274083
JPM,47896,QMLE-Quote,24/05/2013,0.190809
JPM,47896,QMLE-Quote,28/05/2013,0.196896
JPM,47896,QMLE-Quote,29/05/2013,0.214248
JPM,47896,QMLE-Quote,30/05/2013,0.180072
JPM,47896,QMLE-Quote,31/05/2013,0.193628
JPM,47896,QMLE-Quote,3/06/2013,0.338556
JPM,47896,QMLE-Quote,4/06/2013,0.297063
JPM,47896,QMLE-Quote,5/06/2013,0.25313
JPM,47896,QMLE-Quote,6/06/2013,0.263741
JPM,47896,QMLE-Quote,7/06/2013,0.245636
JPM,47896,QMLE-Quote,10/06/2013,0.212079
JPM,47896,QMLE-Quote,11/06/2013,0.224155
JPM,47896,QMLE-Quote,12/06/2013,0.221082
JPM,47896,QMLE-Quote,13/06/2013,0.161885
JPM,47896,QMLE-Quote,14/06/2013,0.176849
JPM,47896,QMLE-Quote,17/06/2013,0.176834
JPM,47896,QMLE-Quote,18/06/2013,0.145481
JPM,47896,QMLE-Quote,19/06/2013,0.281361
JPM,47896,QMLE-Quote,20/06/2013,0.259793
JPM,47896,QMLE-Quote,21/06/2013,0.297214
JPM,47896,QMLE-Quote,24/06/2013,0.319012
JPM,47896,QMLE-Quote,25/06/2013,0.224203
JPM,47896,QMLE-Quote,26/06/2013,0.170716
JPM,47896,QMLE-Quote,27/06/2013,0.158054
JPM,47896,QMLE-Quote,28/06/2013,0.173186
JPM,47896,QMLE-Quote,1/07/2013,0.160812
JPM,47896,QMLE-Quote,2/07/2013,0.210095
JPM,47896,QMLE-Quote,3/07/2013,0.208195
JPM,47896,QMLE-Quote,5/07/2013,0.160695
JPM,47896,QMLE-Quote,8/07/2013,0.184192
JPM,47896,QMLE-Quote,9/07/2013,0.191638
JPM,47896,QMLE-Quote,10/07/2013,0.196888
JPM,47896,QMLE-Quote,11/07/2013,0.198505
JPM,47896,QMLE-Quote,12/07/2013,0.228201
JPM,47896,QMLE-Quote,15/07/2013,0.129141
JPM,47896,QMLE-Quote,16/07/2013,0.14611
JPM,47896,QMLE-Quote,17/07/2013,0.144182
JPM,47896,QMLE-Quote,18/07/2013,0.151676
JPM,47896,QMLE-Quote,19/07/2013,0.139529
JPM,47896,QMLE-Quote,22/07/2013,0.13076
JPM,47896,QMLE-Quote,23/07/2013,0.116037
JPM,47896,QMLE-Quote,24/07/2013,0.134932
JPM,47896,QMLE-Quote,25/07/2013,0.155117
JPM,47896,QMLE-Quote,26/07/2013,0.0900078
JPM,47896,QMLE-Quote,29/07/2013,0.117785
JPM,47896,QMLE-Quote,30/07/2013,0.130198
JPM,47896,QMLE-Quote,31/07/2013,0.17678
JPM,47896,QMLE-Quote,1/08/2013,0.139593
JPM,47896,QMLE-Quote,2/08/2013,0.111395
JPM,47896,QMLE-Quote,5/08/2013,0.102199
JPM,47896,QMLE-Quote,6/08/2013,0.127852
JPM,47896,QMLE-Quote,7/08/2013,0.119337
JPM,47896,QMLE-Quote,8/08/2013,0.168202
JPM,47896,QMLE-Quote,9/08/2013,0.131218
JPM,47896,QMLE-Quote,12/08/2013,0.150957
JPM,47896,QMLE-Quote,13/08/2013,0.154397
JPM,47896,QMLE-Quote,14/08/2013,0.175905
JPM,47896,QMLE-Quote,15/08/2013,0.172958
JPM,47896,QMLE-Quote,16/08/2013,0.166893
JPM,47896,QMLE-Quote,19/08/2013,0.155457
JPM,47896,QMLE-Quote,20/08/2013,0.194558
JPM,47896,QMLE-Quote,21/08/2013,0.18908
JPM,47896,QMLE-Quote,22/08/2013,0.167907
JPM,47896,QMLE-Quote,23/08/2013,0.106406
JPM,47896,QMLE-Quote,26/08/2013,0.136356
JPM,47896,QMLE-Quote,27/08/2013,0.200763
JPM,47896,QMLE-Quote,28/08/2013,0.167094
JPM,47896,QMLE-Quote,29/08/2013,0.129315
JPM,47896,QMLE-Quote,30/08/2013,0.152157
JPM,47896,QMLE-Quote,3/09/2013,0.186847
JPM,47896,QMLE-Quote,4/09/2013,0.173271
JPM,47896,QMLE-Quote,5/09/2013,0.134234
JPM,47896,QMLE-Quote,6/09/2013,0.20307
JPM,47896,QMLE-Quote,9/09/2013,0.172126
JPM,47896,QMLE-Quote,10/09/2013,0.151772
JPM,47896,QMLE-Quote,11/09/2013,0.147311
JPM,47896,QMLE-Quote,12/09/2013,0.16021
JPM,47896,QMLE-Quote,13/09/2013,0.127669
JPM,47896,QMLE-Quote,16/09/2013,0.146565
JPM,47896,QMLE-Quote,17/09/2013,0.106959
JPM,47896,QMLE-Quote,18/09/2013,0.250144
JPM,47896,QMLE-Quote,19/09/2013,0.172448
JPM,47896,QMLE-Quote,20/09/2013,0.139829
JPM,47896,QMLE-Quote,23/09/2013,0.168238
JPM,47896,QMLE-Quote,24/09/2013,0.194754
JPM,47896,QMLE-Quote,25/09/2013,0.279526
JPM,47896,QMLE-Quote,26/09/2013,0.186843
JPM,47896,QMLE-Quote,27/09/2013,0.216188
JPM,47896,QMLE-Quote,30/09/2013,0.177675
JPM,47896,QMLE-Quote,1/10/2013,0.177865
JPM,47896,QMLE-Quote,2/10/2013,0.162354
JPM,47896,QMLE-Quote,3/10/2013,0.175748
JPM,47896,QMLE-Quote,4/10/2013,0.127504
JPM,47896,QMLE-Quote,7/10/2013,0.162666
JPM,47896,QMLE-Quote,8/10/2013,0.175167
JPM,47896,QMLE-Quote,9/10/2013,0.219229
JPM,47896,QMLE-Quote,10/10/2013,0.2167
JPM,47896,QMLE-Quote,11/10/2013,0.28524
JPM,47896,QMLE-Quote,14/10/2013,0.164584
JPM,47896,QMLE-Quote,15/10/2013,0.232797
JPM,47896,QMLE-Quote,16/10/2013,0.209006
JPM,47896,QMLE-Quote,17/10/2013,0.141083
JPM,47896,QMLE-Quote,18/10/2013,0.242084
JPM,47896,QMLE-Quote,21/10/2013,0.195089
JPM,47896,QMLE-Quote,22/10/2013,0.16395
JPM,47896,QMLE-Quote,23/10/2013,0.14195
JPM,47896,QMLE-Quote,24/10/2013,0.144702
JPM,47896,QMLE-Quote,25/10/2013,0.128873
JPM,47896,QMLE-Quote,28/10/2013,0.144744
JPM,47896,QMLE-Quote,29/10/2013,0.194419
JPM,47896,QMLE-Quote,30/10/2013,0.177489
JPM,47896,QMLE-Quote,31/10/2013,0.167408
JPM,47896,QMLE-Quote,1/11/2013,0.185198
JPM,47896,QMLE-Quote,4/11/2013,0.142423
JPM,47896,QMLE-Quote,5/11/2013,0.14186
JPM,47896,QMLE-Quote,6/11/2013,0.124075
JPM,47896,QMLE-Quote,7/11/2013,0.175043
JPM,47896,QMLE-Quote,8/11/2013,0.191733
JPM,47896,QMLE-Quote,11/11/2013,0.108401
JPM,47896,QMLE-Quote,12/11/2013,0.109149
JPM,47896,QMLE-Quote,13/11/2013,0.161558
JPM,47896,QMLE-Quote,14/11/2013,0.148326
JPM,47896,QMLE-Quote,15/11/2013,0.152172
JPM,47896,QMLE-Quote,18/11/2013,0.164219
JPM,47896,QMLE-Quote,19/11/2013,0.19972
JPM,47896,QMLE-Quote,20/11/2013,0.164631
JPM,47896,QMLE-Quote,21/11/2013,0.15185
JPM,47896,QMLE-Quote,22/11/2013,0.13817
JPM,47896,QMLE-Quote,25/11/2013,0.125886
JPM,47896,QMLE-Quote,26/11/2013,0.141592
JPM,47896,QMLE-Quote,27/11/2013,0.096774
JPM,47896,QMLE-Quote,29/11/2013,0.138495
JPM,47896,QMLE-Quote,2/12/2013,0.129706
JPM,47896,QMLE-Quote,3/12/2013,0.145124
JPM,47896,QMLE-Quote,4/12/2013,0.156161
JPM,47896,QMLE-Quote,5/12/2013,0.18695
JPM,47896,QMLE-Quote,6/12/2013,0.173711
JPM,47896,QMLE-Quote,9/12/2013,0.117677
JPM,47896,QMLE-Quote,10/12/2013,0.198117
JPM,47896,QMLE-Quote,11/12/2013,0.141955
JPM,47896,QMLE-Quote,12/12/2013,0.137174
JPM,47896,QMLE-Quote,13/12/2013,0.127147
JPM,47896,QMLE-Quote,16/12/2013,0.140996
JPM,47896,QMLE-Quote,17/12/2013,0.122587
JPM,47896,QMLE-Quote,18/12/2013,0.239218
JPM,47896,QMLE-Quote,19/12/2013,0.183039
JPM,47896,QMLE-Quote,20/12/2013,0.128071
JPM,47896,QMLE-Quote,23/12/2013,0.106425
JPM,47896,QMLE-Quote,24/12/2013,0.0778334
JPM,47896,QMLE-Quote,26/12/2013,0.0962116
JPM,47896,QMLE-Quote,27/12/2013,0.0641441
JPM,47896,QMLE-Quote,30/12/2013,0.0718625
JPM,47896,QMLE-Quote,31/12/2013,0.0886454
JPM,47896,QMLE-Quote,2/01/2014,0.143926
JPM,47896,QMLE-Quote,3/01/2014,0.11495
JPM,47896,QMLE-Quote,6/01/2014,0.156765
JPM,47896,QMLE-Quote,7/01/2014,0.134938
JPM,47896,QMLE-Quote,8/01/2014,0.161834
JPM,47896,QMLE-Quote,9/01/2014,0.130496
JPM,47896,QMLE-Quote,10/01/2014,0.131143
JPM,47896,QMLE-Quote,13/01/2014,0.132188
JPM,47896,QMLE-Quote,14/01/2014,0.225399
JPM,47896,QMLE-Quote,15/01/2014,0.203111
JPM,47896,QMLE-Quote,16/01/2014,0.179726
JPM,47896,QMLE-Quote,17/01/2014,0.138727
JPM,47896,QMLE-Quote,21/01/2014,0.151416
JPM,47896,QMLE-Quote,22/01/2014,0.125831
JPM,47896,QMLE-Quote,23/01/2014,0.15249
JPM,47896,QMLE-Quote,24/01/2014,0.169864
JPM,47896,QMLE-Quote,27/01/2014,0.211091
JPM,47896,QMLE-Quote,28/01/2014,0.127309
JPM,47896,QMLE-Quote,29/01/2014,0.244691
JPM,47896,QMLE-Quote,30/01/2014,0.16131
JPM,47896,QMLE-Quote,31/01/2014,0.225043
JPM,47896,QMLE-Quote,3/02/2014,0.222548
JPM,47896,QMLE-Quote,4/02/2014,0.168009
JPM,47896,QMLE-Quote,5/02/2014,0.295967
JPM,47896,QMLE-Quote,6/02/2014,0.14523
JPM,47896,QMLE-Quote,7/02/2014,0.14419
JPM,47896,QMLE-Quote,10/02/2014,0.14043
JPM,47896,QMLE-Quote,11/02/2014,0.111182
JPM,47896,QMLE-Quote,12/02/2014,0.128797
JPM,47896,QMLE-Quote,13/02/2014,0.129616
JPM,47896,QMLE-Quote,14/02/2014,0.105058
JPM,47896,QMLE-Quote,18/02/2014,0.120903
JPM,47896,QMLE-Quote,19/02/2014,0.169443
JPM,47896,QMLE-Quote,20/02/2014,0.140045
JPM,47896,QMLE-Quote,21/02/2014,0.114686
JPM,47896,QMLE-Quote,24/02/2014,0.140116
JPM,47896,QMLE-Quote,25/02/2014,0.149817
JPM,47896,QMLE-Quote,26/02/2014,0.202294
JPM,47896,QMLE-Quote,27/02/2014,0.151217
JPM,47896,QMLE-Quote,28/02/2014,0.177746
JPM,47896,QMLE-Quote,3/03/2014,0.168558
JPM,47896,QMLE-Quote,4/03/2014,0.135644
JPM,47896,QMLE-Quote,5/03/2014,0.133246
JPM,47896,QMLE-Quote,6/03/2014,0.117333
JPM,47896,QMLE-Quote,7/03/2014,0.172207
JPM,47896,QMLE-Quote,10/03/2014,0.130954
JPM,47896,QMLE-Quote,11/03/2014,0.145559
JPM,47896,QMLE-Quote,12/03/2014,0.139366
JPM,47896,QMLE-Quote,13/03/2014,0.160438
JPM,47896,QMLE-Quote,14/03/2014,0.18883
JPM,47896,QMLE-Quote,17/03/2014,0.154895
JPM,47896,QMLE-Quote,18/03/2014,0.12509
JPM,47896,QMLE-Quote,19/03/2014,0.198813
JPM,47896,QMLE-Quote,20/03/2014,0.197941
JPM,47896,QMLE-Quote,21/03/2014,0.245382
JPM,47896,QMLE-Quote,24/03/2014,0.193022
JPM,47896,QMLE-Quote,25/03/2014,0.17022
JPM,47896,QMLE-Quote,26/03/2014,0.157137
JPM,47896,QMLE-Quote,27/03/2014,0.212231
JPM,47896,QMLE-Quote,28/03/2014,0.175417
JPM,47896,QMLE-Quote,31/03/2014,0.128297
JPM,47896,QMLE-Quote,1/04/2014,0.179529
JPM,47896,QMLE-Quote,2/04/2014,0.146409
JPM,47896,QMLE-Quote,3/04/2014,0.121307
JPM,47896,QMLE-Quote,4/04/2014,0.157802
JPM,47896,QMLE-Quote,7/04/2014,0.162448
JPM,47896,QMLE-Quote,8/04/2014,0.198442
JPM,47896,QMLE-Quote,9/04/2014,0.177937
JPM,47896,QMLE-Quote,10/04/2014,0.233393
JPM,47896,QMLE-Quote,11/04/2014,0.306703
JPM,47896,QMLE-Quote,14/04/2014,0.240212
JPM,47896,QMLE-Quote,15/04/2014,0.215536
JPM,47896,QMLE-Quote,16/04/2014,0.171458
JPM,47896,QMLE-Quote,17/04/2014,0.133241
JPM,47896,QMLE-Quote,21/04/2014,0.128958
JPM,47896,QMLE-Quote,22/04/2014,0.125701
JPM,47896,QMLE-Quote,23/04/2014,0.141688
JPM,47896,QMLE-Quote,24/04/2014,0.157108
JPM,47896,QMLE-Quote,25/04/2014,0.135658
JPM,47896,QMLE-Quote,28/04/2014,0.210249
JPM,47896,QMLE-Quote,29/04/2014,0.149001
JPM,47896,QMLE-Quote,30/04/2014,0.156676
JPM,47896,QMLE-Quote,1/05/2014,0.126425
JPM,47896,QMLE-Quote,2/05/2014,0.139275
JPM,47896,QMLE-Quote,5/05/2014,0.187879
JPM,47896,QMLE-Quote,6/05/2014,0.124707
JPM,47896,QMLE-Quote,7/05/2014,0.162283
JPM,47896,QMLE-Quote,8/05/2014,0.14559
JPM,47896,QMLE-Quote,9/05/2014,0.136245
JPM,47896,QMLE-Quote,12/05/2014,0.107235
JPM,47896,QMLE-Quote,13/05/2014,0.11575
JPM,47896,QMLE-Quote,14/05/2014,0.101593
JPM,47896,QMLE-Quote,15/05/2014,0.147254
JPM,47896,QMLE-Quote,16/05/2014,0.101789
JPM,47896,QMLE-Quote,19/05/2014,0.116924
JPM,47896,QMLE-Quote,20/05/2014,0.132133
JPM,47896,QMLE-Quote,21/05/2014,0.135514
JPM,47896,QMLE-Quote,22/05/2014,0.0905343
JPM,47896,QMLE-Quote,23/05/2014,0.080475
JPM,47896,QMLE-Quote,27/05/2014,0.121209
JPM,47896,QMLE-Quote,28/05/2014,0.114841
JPM,47896,QMLE-Quote,29/05/2014,0.100496
JPM,47896,QMLE-Quote,30/05/2014,0.111556
JPM,47896,QMLE-Quote,2/06/2014,0.132635
JPM,47896,QMLE-Quote,3/06/2014,0.102745
JPM,47896,QMLE-Quote,4/06/2014,0.127796
JPM,47896,QMLE-Quote,5/06/2014,0.12389
JPM,47896,QMLE-Quote,6/06/2014,0.112689
JPM,47896,QMLE-Quote,9/06/2014,0.11769
JPM,47896,QMLE-Quote,10/06/2014,0.109533
JPM,47896,QMLE-Quote,11/06/2014,0.142715
JPM,47896,QMLE-Quote,12/06/2014,0.135261
JPM,47896,QMLE-Quote,13/06/2014,0.137332
JPM,47896,QMLE-Quote,16/06/2014,0.144206
JPM,47896,QMLE-Quote,17/06/2014,0.144089
JPM,47896,QMLE-Quote,18/06/2014,0.136169
JPM,47896,QMLE-Quote,19/06/2014,0.103962
JPM,47896,QMLE-Quote,20/06/2014,0.0742112
JPM,47896,QMLE-Quote,23/06/2014,0.124513
JPM,47896,QMLE-Quote,24/06/2014,0.129038
JPM,47896,QMLE-Quote,25/06/2014,0.150633
JPM,47896,QMLE-Quote,26/06/2014,0.127827
JPM,47896,QMLE-Quote,27/06/2014,0.117927
JPM,47896,QMLE-Quote,30/06/2014,0.116189
JPM,47896,QMLE-Quote,1/07/2014,0.139054
JPM,47896,QMLE-Quote,2/07/2014,0.119089
JPM,47896,QMLE-Quote,3/07/2014,0.155501
JPM,47896,QMLE-Quote,7/07/2014,0.108187
JPM,47896,QMLE-Quote,8/07/2014,0.136953
JPM,47896,QMLE-Quote,9/07/2014,0.12132
JPM,47896,QMLE-Quote,10/07/2014,0.154348
JPM,47896,QMLE-Quote,11/07/2014,0.146621
JPM,47896,QMLE-Quote,14/07/2014,0.1307
JPM,47896,QMLE-Quote,15/07/2014,0.189417
JPM,47896,QMLE-Quote,16/07/2014,0.146878
JPM,47896,QMLE-Quote,17/07/2014,0.141705
JPM,47896,QMLE-Quote,18/07/2014,0.12814
JPM,47896,QMLE-Quote,21/07/2014,0.108259
JPM,47896,QMLE-Quote,22/07/2014,0.0663723
JPM,47896,QMLE-Quote,23/07/2014,0.107471
JPM,47896,QMLE-Quote,24/07/2014,0.0840359
JPM,47896,QMLE-Quote,25/07/2014,0.113628
JPM,47896,QMLE-Quote,28/07/2014,0.120523
JPM,47896,QMLE-Quote,29/07/2014,0.134717
JPM,47896,QMLE-Quote,30/07/2014,0.138867
JPM,47896,QMLE-Quote,31/07/2014,0.161788
JPM,47896,QMLE-Quote,1/08/2014,0.198015
JPM,47896,QMLE-Quote,4/08/2014,0.116769
JPM,47896,QMLE-Quote,5/08/2014,0.180185
JPM,47896,QMLE-Quote,6/08/2014,0.177052
JPM,47896,QMLE-Quote,7/08/2014,0.149445
JPM,47896,QMLE-Quote,8/08/2014,0.136194
JPM,47896,QMLE-Quote,11/08/2014,0.10618
JPM,47896,QMLE-Quote,12/08/2014,0.116482
JPM,47896,QMLE-Quote,13/08/2014,0.0964328
JPM,47896,QMLE-Quote,14/08/2014,0.0737404
JPM,47896,QMLE-Quote,15/08/2014,0.154996
JPM,47896,QMLE-Quote,18/08/2014,0.0913442
JPM,47896,QMLE-Quote,19/08/2014,0.0789991
JPM,47896,QMLE-Quote,20/08/2014,0.0967093
JPM,47896,QMLE-Quote,21/08/2014,0.123324
JPM,47896,QMLE-Quote,22/08/2014,0.1373
JPM,47896,QMLE-Quote,25/08/2014,0.131138
JPM,47896,QMLE-Quote,26/08/2014,0.0952382
JPM,47896,QMLE-Quote,27/08/2014,0.0873332
JPM,47896,QMLE-Quote,28/08/2014,0.109634
JPM,47896,QMLE-Quote,29/08/2014,0.0840493
JPM,47896,QMLE-Quote,2/09/2014,0.130676
JPM,47896,QMLE-Quote,3/09/2014,0.127181
JPM,47896,QMLE-Quote,4/09/2014,0.113449
JPM,47896,QMLE-Quote,5/09/2014,0.115117
JPM,47896,QMLE-Quote,8/09/2014,0.103953
JPM,47896,QMLE-Quote,9/09/2014,0.148205
JPM,47896,QMLE-Quote,10/09/2014,0.11931
JPM,47896,QMLE-Quote,11/09/2014,0.129589
JPM,47896,QMLE-Quote,12/09/2014,0.135683
JPM,47896,QMLE-Quote,15/09/2014,0.132175
JPM,47896,QMLE-Quote,16/09/2014,0.101843
JPM,47896,QMLE-Quote,17/09/2014,0.132527
JPM,47896,QMLE-Quote,18/09/2014,0.109753
JPM,47896,QMLE-Quote,19/09/2014,0.131978
JPM,47896,QMLE-Quote,22/09/2014,0.116764
JPM,47896,QMLE-Quote,23/09/2014,0.103837
JPM,47896,QMLE-Quote,24/09/2014,0.103823
JPM,47896,QMLE-Quote,25/09/2014,0.147658
JPM,47896,QMLE-Quote,26/09/2014,0.131979
JPM,47896,QMLE-Quote,29/09/2014,0.131269
JPM,47896,QMLE-Quote,30/09/2014,0.130359
JPM,47896,QMLE-Quote,1/10/2014,0.151535
JPM,47896,QMLE-Quote,2/10/2014,0.156675
JPM,47896,QMLE-Quote,3/10/2014,0.138998
JPM,47896,QMLE-Quote,6/10/2014,0.14429
JPM,47896,QMLE-Quote,7/10/2014,0.180403
JPM,47896,QMLE-Quote,8/10/2014,0.172006
JPM,47896,QMLE-Quote,9/10/2014,0.213029
JPM,47896,QMLE-Quote,10/10/2014,0.263864
JPM,47896,QMLE-Quote,13/10/2014,0.223901
JPM,47896,QMLE-Quote,14/10/2014,0.367489
JPM,47896,QMLE-Quote,15/10/2014,0.428576
JPM,47896,QMLE-Quote,16/10/2014,0.386536
JPM,47896,QMLE-Quote,17/10/2014,0.233705
JPM,47896,QMLE-Quote,20/10/2014,0.185662
JPM,47896,QMLE-Quote,21/10/2014,0.124132
JPM,47896,QMLE-Quote,22/10/2014,0.148346
JPM,47896,QMLE-Quote,23/10/2014,0.144895
JPM,47896,QMLE-Quote,24/10/2014,0.15194
JPM,47896,QMLE-Quote,27/10/2014,0.126258
JPM,47896,QMLE-Quote,28/10/2014,0.108335
JPM,47896,QMLE-Quote,29/10/2014,0.194956
JPM,47896,QMLE-Quote,30/10/2014,0.175137
JPM,47896,QMLE-Quote,31/10/2014,0.120802
JPM,47896,QMLE-Quote,3/11/2014,0.139006
JPM,47896,QMLE-Quote,4/11/2014,0.179182
JPM,47896,QMLE-Quote,5/11/2014,0.144283
JPM,47896,QMLE-Quote,6/11/2014,0.127417
JPM,47896,QMLE-Quote,7/11/2014,0.119772
JPM,47896,QMLE-Quote,10/11/2014,0.10162
JPM,47896,QMLE-Quote,11/11/2014,0.0981467
JPM,47896,QMLE-Quote,12/11/2014,0.131147
JPM,47896,QMLE-Quote,13/11/2014,0.118479
JPM,47896,QMLE-Quote,14/11/2014,0.0790138
JPM,47896,QMLE-Quote,17/11/2014,0.103633
JPM,47896,QMLE-Quote,18/11/2014,0.0818938
JPM,47896,QMLE-Quote,19/11/2014,0.102778
JPM,47896,QMLE-Quote,20/11/2014,0.106089
JPM,47896,QMLE-Quote,21/11/2014,0.0967915
JPM,47896,QMLE-Quote,24/11/2014,0.109049
JPM,47896,QMLE-Quote,25/11/2014,0.109343
JPM,47896,QMLE-Quote,26/11/2014,0.0655427
JPM,47896,QMLE-Quote,28/11/2014,0.152241
JPM,47896,QMLE-Quote,1/12/2014,0.1648
JPM,47896,QMLE-Quote,2/12/2014,0.114907
JPM,47896,QMLE-Quote,3/12/2014,0.13563
JPM,47896,QMLE-Quote,4/12/2014,0.118115
JPM,47896,QMLE-Quote,5/12/2014,0.150775
JPM,47896,QMLE-Quote,8/12/2014,0.181937
JPM,47896,QMLE-Quote,9/12/2014,0.224931
JPM,47896,QMLE-Quote,10/12/2014,0.242425
JPM,47896,QMLE-Quote,11/12/2014,0.184509
JPM,47896,QMLE-Quote,12/12/2014,0.198267
JPM,47896,QMLE-Quote,15/12/2014,0.283272
JPM,47896,QMLE-Quote,16/12/2014,0.244776
JPM,47896,QMLE-Quote,17/12/2014,0.226246
JPM,47896,QMLE-Quote,18/12/2014,0.152638
JPM,47896,QMLE-Quote,19/12/2014,0.156385
JPM,47896,QMLE-Quote,22/12/2014,0.116774
JPM,47896,QMLE-Quote,23/12/2014,0.122188
JPM,47896,QMLE-Quote,24/12/2014,0.135252
JPM,47896,QMLE-Quote,26/12/2014,0.0882657
JPM,47896,QMLE-Quote,29/12/2014,0.107587
JPM,47896,QMLE-Quote,30/12/2014,0.0944827
JPM,47896,QMLE-Quote,31/12/2014,0.141513
JPM,47896,QMLE-Quote,2/01/2015,0.168169
JPM,47896,QMLE-Quote,5/01/2015,0.197603
JPM,47896,QMLE-Quote,6/01/2015,0.26486
JPM,47896,QMLE-Quote,7/01/2015,0.223435
JPM,47896,QMLE-Quote,8/01/2015,0.159619
JPM,47896,QMLE-Quote,9/01/2015,0.200686
JPM,47896,QMLE-Quote,12/01/2015,0.22552
JPM,47896,QMLE-Quote,13/01/2015,0.237125
JPM,47896,QMLE-Quote,14/01/2015,0.316308
JPM,47896,QMLE-Quote,15/01/2015,0.370324
JPM,47896,QMLE-Quote,16/01/2015,0.249592
JPM,47896,QMLE-Quote,20/01/2015,0.251158
JPM,47896,QMLE-Quote,21/01/2015,0.230315
JPM,47896,QMLE-Quote,22/01/2015,0.206269
JPM,47896,QMLE-Quote,23/01/2015,0.208998
JPM,47896,QMLE-Quote,26/01/2015,0.187664
JPM,47896,QMLE-Quote,27/01/2015,0.225466
JPM,47896,QMLE-Quote,28/01/2015,0.233326
JPM,47896,QMLE-Quote,29/01/2015,0.247969
JPM,47896,QMLE-Quote,30/01/2015,0.22167
JPM,47896,QMLE-Quote,2/02/2015,0.224421
JPM,47896,QMLE-Quote,3/02/2015,0.176694
JPM,47896,QMLE-Quote,4/02/2015,0.174408
JPM,47896,QMLE-Quote,5/02/2015,0.149105
JPM,47896,QMLE-Quote,6/02/2015,0.213628
JPM,47896,QMLE-Quote,9/02/2015,0.161489
JPM,47896,QMLE-Quote,10/02/2015,0.113998
JPM,47896,QMLE-Quote,11/02/2015,0.16626
JPM,47896,QMLE-Quote,12/02/2015,0.155594
JPM,47896,QMLE-Quote,13/02/2015,0.158174
JPM,47896,QMLE-Quote,17/02/2015,0.148107
JPM,47896,QMLE-Quote,18/02/2015,0.151467
JPM,47896,QMLE-Quote,19/02/2015,0.139609
JPM,47896,QMLE-Quote,20/02/2015,0.155513
JPM,47896,QMLE-Quote,23/02/2015,0.13641
JPM,47896,QMLE-Quote,24/02/2015,0.197301
JPM,47896,QMLE-Quote,25/02/2015,0.124522
JPM,47896,QMLE-Quote,26/02/2015,0.119094
JPM,47896,QMLE-Quote,27/02/2015,0.147891
JPM,47896,QMLE-Quote,2/03/2015,0.150003
JPM,47896,QMLE-Quote,3/03/2015,0.112632
JPM,47896,QMLE-Quote,4/03/2015,0.141901
JPM,47896,QMLE-Quote,5/03/2015,0.12323
JPM,47896,QMLE-Quote,6/03/2015,0.209582
JPM,47896,QMLE-Quote,9/03/2015,0.141122
JPM,47896,QMLE-Quote,10/03/2015,0.163607
JPM,47896,QMLE-Quote,11/03/2015,0.141071
JPM,47896,QMLE-Quote,12/03/2015,0.142063
JPM,47896,QMLE-Quote,13/03/2015,0.176525
JPM,47896,QMLE-Quote,16/03/2015,0.137395
JPM,47896,QMLE-Quote,17/03/2015,0.140972
JPM,47896,QMLE-Quote,18/03/2015,0.195754
JPM,47896,QMLE-Quote,19/03/2015,0.14213
JPM,47896,QMLE-Quote,20/03/2015,0.144851
JPM,47896,QMLE-Quote,23/03/2015,0.126438
JPM,47896,QMLE-Quote,24/03/2015,0.143786
JPM,47896,QMLE-Quote,25/03/2015,0.152761
JPM,47896,QMLE-Quote,26/03/2015,0.171291
JPM,47896,QMLE-Quote,27/03/2015,0.141323
JPM,47896,QMLE-Quote,30/03/2015,0.159667
JPM,47896,QMLE-Quote,31/03/2015,0.158519
JPM,47896,QMLE-Quote,1/04/2015,0.184139
JPM,47896,QMLE-Quote,2/04/2015,0.128588
JPM,47896,QMLE-Quote,6/04/2015,0.142729
JPM,47896,QMLE-Quote,7/04/2015,0.126311
JPM,47896,QMLE-Quote,8/04/2015,0.134304
JPM,47896,QMLE-Quote,9/04/2015,0.137988
JPM,47896,QMLE-Quote,10/04/2015,0.100659
JPM,47896,QMLE-Quote,13/04/2015,0.0944737
JPM,47896,QMLE-Quote,14/04/2015,0.197583
JPM,47896,QMLE-Quote,15/04/2015,0.155139
JPM,47896,QMLE-Quote,16/04/2015,0.125942
JPM,47896,QMLE-Quote,17/04/2015,0.158669
JPM,47896,QMLE-Quote,20/04/2015,0.116562
JPM,47896,QMLE-Quote,21/04/2015,0.144287
JPM,47896,QMLE-Quote,22/04/2015,0.159227
JPM,47896,QMLE-Quote,23/04/2015,0.137965
JPM,47896,QMLE-Quote,24/04/2015,0.10807
JPM,47896,QMLE-Quote,27/04/2015,0.130658
JPM,47896,QMLE-Quote,28/04/2015,0.149034
JPM,47896,QMLE-Quote,29/04/2015,0.194835
JPM,47896,QMLE-Quote,30/04/2015,0.188925
JPM,47896,QMLE-Quote,1/05/2015,0.125409
JPM,47896,QMLE-Quote,4/05/2015,0.0866555
JPM,47896,QMLE-Quote,5/05/2015,0.165071
JPM,47896,QMLE-Quote,6/05/2015,0.181874
JPM,47896,QMLE-Quote,7/05/2015,0.161142
JPM,47896,QMLE-Quote,8/05/2015,0.130822
JPM,47896,QMLE-Quote,11/05/2015,0.150919
JPM,47896,QMLE-Quote,12/05/2015,0.156682
JPM,47896,QMLE-Quote,13/05/2015,0.122575
JPM,47896,QMLE-Quote,14/05/2015,0.106287
JPM,47896,QMLE-Quote,15/05/2015,0.120813
JPM,47896,QMLE-Quote,18/05/2015,0.0910502
JPM,47896,QMLE-Quote,19/05/2015,0.100596
JPM,47896,QMLE-Quote,20/05/2015,0.119783
JPM,47896,QMLE-Quote,21/05/2015,0.122363
JPM,47896,QMLE-Quote,22/05/2015,0.125653
JPM,47896,QMLE-Quote,26/05/2015,0.142612
JPM,47896,QMLE-Quote,27/05/2015,0.111965
JPM,47896,QMLE-Quote,28/05/2015,0.10481
JPM,47896,QMLE-Quote,29/05/2015,0.137788
JPM,47896,QMLE-Quote,1/06/2015,0.151118
JPM,47896,QMLE-Quote,2/06/2015,0.13094
JPM,47896,QMLE-Quote,3/06/2015,0.12036
JPM,47896,QMLE-Quote,4/06/2015,0.183391
JPM,47896,QMLE-Quote,5/06/2015,0.149827
JPM,47896,QMLE-Quote,8/06/2015,0.136372
JPM,47896,QMLE-Quote,9/06/2015,0.136346
JPM,47896,QMLE-Quote,10/06/2015,0.102403
JPM,47896,QMLE-Quote,11/06/2015,0.0995689
JPM,47896,QMLE-Quote,12/06/2015,0.12315
JPM,47896,QMLE-Quote,15/06/2015,0.128104
JPM,47896,QMLE-Quote,16/06/2015,0.114435
JPM,47896,QMLE-Quote,17/06/2015,0.147339
JPM,47896,QMLE-Quote,18/06/2015,0.128395
JPM,47896,QMLE-Quote,19/06/2015,0.0973356
JPM,47896,QMLE-Quote,22/06/2015,0.0965648
JPM,47896,QMLE-Quote,23/06/2015,0.091461
JPM,47896,QMLE-Quote,24/06/2015,0.119667
JPM,47896,QMLE-Quote,25/06/2015,0.146477
JPM,47896,QMLE-Quote,26/06/2015,0.119633
JPM,47896,QMLE-Quote,29/06/2015,0.179529
JPM,47896,QMLE-Quote,30/06/2015,0.176642
JPM,47896,QMLE-Quote,1/07/2015,0.128009
JPM,47896,QMLE-Quote,2/07/2015,0.117476
JPM,47896,QMLE-Quote,6/07/2015,0.136969
JPM,47896,QMLE-Quote,7/07/2015,0.22212
JPM,47896,QMLE-Quote,8/07/2015,0.19615
JPM,47896,QMLE-Quote,9/07/2015,0.161821
JPM,47896,QMLE-Quote,10/07/2015,0.12111
JPM,47896,QMLE-Quote,13/07/2015,0.0974123
JPM,47896,QMLE-Quote,14/07/2015,0.15391
JPM,47896,QMLE-Quote,15/07/2015,0.132355
JPM,47896,QMLE-Quote,16/07/2015,0.085667
JPM,47896,QMLE-Quote,17/07/2015,0.0986485
JPM,47896,QMLE-Quote,20/07/2015,0.0969839
JPM,47896,QMLE-Quote,21/07/2015,0.0872238
JPM,47896,QMLE-Quote,22/07/2015,0.109376
JPM,47896,QMLE-Quote,23/07/2015,0.130194
JPM,47896,QMLE-Quote,24/07/2015,0.136165
JPM,47896,QMLE-Quote,27/07/2015,0.142665
JPM,47896,QMLE-Quote,28/07/2015,0.124763
JPM,47896,QMLE-Quote,29/07/2015,0.134276
JPM,47896,QMLE-Quote,30/07/2015,0.161595
JPM,47896,QMLE-Quote,31/07/2015,0.112507
JPM,47896,QMLE-Quote,3/08/2015,0.116073
JPM,47896,QMLE-Quote,4/08/2015,0.124252
JPM,47896,QMLE-Quote,5/08/2015,0.106233
JPM,47896,QMLE-Quote,6/08/2015,0.124198
JPM,47896,QMLE-Quote,7/08/2015,0.149656
JPM,47896,QMLE-Quote,10/08/2015,0.112354
JPM,47896,QMLE-Quote,11/08/2015,0.121633
JPM,47896,QMLE-Quote,12/08/2015,0.196931
JPM,47896,QMLE-Quote,13/08/2015,0.144327
JPM,47896,QMLE-Quote,14/08/2015,0.119582
JPM,47896,QMLE-Quote,17/08/2015,0.10458
JPM,47896,QMLE-Quote,18/08/2015,0.121252
JPM,47896,QMLE-Quote,19/08/2015,0.160153
JPM,47896,QMLE-Quote,20/08/2015,0.190762
JPM,47896,QMLE-Quote,21/08/2015,0.259814
JPM,47896,QMLE-Quote,24/08/2015,1.35805
JPM,47896,QMLE-Quote,25/08/2015,0.364807
JPM,47896,QMLE-Quote,26/08/2015,0.420723
JPM,47896,QMLE-Quote,27/08/2015,0.298419
JPM,47896,QMLE-Quote,28/08/2015,0.226378
JPM,47896,QMLE-Quote,31/08/2015,0.189118
JPM,47896,QMLE-Quote,1/09/2015,0.309455
JPM,47896,QMLE-Quote,2/09/2015,0.231643
JPM,47896,QMLE-Quote,3/09/2015,0.219455
JPM,47896,QMLE-Quote,4/09/2015,0.213906
JPM,47896,QMLE-Quote,8/09/2015,0.187333
JPM,47896,QMLE-Quote,9/09/2015,0.211693
JPM,47896,QMLE-Quote,10/09/2015,0.258375
JPM,47896,QMLE-Quote,11/09/2015,0.167828
JPM,47896,QMLE-Quote,14/09/2015,0.132066
JPM,47896,QMLE-Quote,15/09/2015,0.162281
JPM,47896,QMLE-Quote,16/09/2015,0.153287
JPM,47896,QMLE-Quote,17/09/2015,0.307424
JPM,47896,QMLE-Quote,18/09/2015,0.259058
JPM,47896,QMLE-Quote,21/09/2015,0.200717
JPM,47896,QMLE-Quote,22/09/2015,0.188141
JPM,47896,QMLE-Quote,23/09/2015,0.16896
JPM,47896,QMLE-Quote,24/09/2015,0.208219
JPM,47896,QMLE-Quote,25/09/2015,0.20814
JPM,47896,QMLE-Quote,28/09/2015,0.203607
JPM,47896,QMLE-Quote,29/09/2015,0.249588
JPM,47896,QMLE-Quote,30/09/2015,0.187759
JPM,47896,QMLE-Quote,1/10/2015,0.253582
JPM,47896,QMLE-Quote,2/10/2015,0.272226
JPM,47896,QMLE-Quote,5/10/2015,0.163075
JPM,47896,QMLE-Quote,6/10/2015,0.20054
JPM,47896,QMLE-Quote,7/10/2015,0.183464
JPM,47896,QMLE-Quote,8/10/2015,0.165656
JPM,47896,QMLE-Quote,9/10/2015,0.157007
JPM,47896,QMLE-Quote,12/10/2015,0.1407
JPM,47896,QMLE-Quote,13/10/2015,0.152895
JPM,47896,QMLE-Quote,14/10/2015,0.226395
JPM,47896,QMLE-Quote,15/10/2015,0.202378
JPM,47896,QMLE-Quote,16/10/2015,0.121578
JPM,47896,QMLE-Quote,19/10/2015,0.142735
JPM,47896,QMLE-Quote,20/10/2015,0.133907
JPM,47896,QMLE-Quote,21/10/2015,0.147569
JPM,47896,QMLE-Quote,22/10/2015,0.168041
JPM,47896,QMLE-Quote,23/10/2015,0.142871
JPM,47896,QMLE-Quote,26/10/2015,0.128256
JPM,47896,QMLE-Quote,27/10/2015,0.130855
JPM,47896,QMLE-Quote,28/10/2015,0.194726
JPM,47896,QMLE-Quote,29/10/2015,0.199049
JPM,47896,QMLE-Quote,30/10/2015,0.166981
JPM,47896,QMLE-Quote,2/11/2015,0.139802
JPM,47896,QMLE-Quote,3/11/2015,0.127349
JPM,47896,QMLE-Quote,4/11/2015,0.165784
JPM,47896,QMLE-Quote,5/11/2015,0.141568
JPM,47896,QMLE-Quote,6/11/2015,0.187788
JPM,47896,QMLE-Quote,9/11/2015,0.162584
JPM,47896,QMLE-Quote,10/11/2015,0.161302
JPM,47896,QMLE-Quote,11/11/2015,0.133162
JPM,47896,QMLE-Quote,12/11/2015,0.170963
JPM,47896,QMLE-Quote,13/11/2015,0.1924
JPM,47896,QMLE-Quote,16/11/2015,0.165638
JPM,47896,QMLE-Quote,17/11/2015,0.176835
JPM,47896,QMLE-Quote,18/11/2015,0.144285
JPM,47896,QMLE-Quote,19/11/2015,0.114099
JPM,47896,QMLE-Quote,20/11/2015,0.111123
JPM,47896,QMLE-Quote,23/11/2015,0.100446
JPM,47896,QMLE-Quote,24/11/2015,0.141309
JPM,47896,QMLE-Quote,25/11/2015,0.109882
JPM,47896,QMLE-Quote,27/11/2015,0.12185
JPM,47896,QMLE-Quote,30/11/2015,0.119119
JPM,47896,QMLE-Quote,1/12/2015,0.145666
JPM,47896,QMLE-Quote,2/12/2015,0.124784
JPM,47896,QMLE-Quote,3/12/2015,0.204823
JPM,47896,QMLE-Quote,4/12/2015,0.165791
JPM,47896,QMLE-Quote,7/12/2015,0.16874
JPM,47896,QMLE-Quote,8/12/2015,0.180433
JPM,47896,QMLE-Quote,9/12/2015,0.214868
JPM,47896,QMLE-Quote,10/12/2015,0.220062
JPM,47896,QMLE-Quote,11/12/2015,0.223533
JPM,47896,QMLE-Quote,14/12/2015,0.287226
JPM,47896,QMLE-Quote,15/12/2015,0.205217
JPM,47896,QMLE-Quote,16/12/2015,0.325604
JPM,47896,QMLE-Quote,17/12/2015,0.215948
JPM,47896,QMLE-Quote,18/12/2015,0.229632
JPM,47896,QMLE-Quote,21/12/2015,0.179878
JPM,47896,QMLE-Quote,22/12/2015,0.172565
JPM,47896,QMLE-Quote,23/12/2015,0.113661
JPM,47896,QMLE-Quote,24/12/2015,0.148046
JPM,47896,QMLE-Quote,28/12/2015,0.11741
JPM,47896,QMLE-Quote,29/12/2015,0.102586
JPM,47896,QMLE-Quote,30/12/2015,0.120211
JPM,47896,QMLE-Quote,31/12/2015,0.141371
JPM,47896,QMLE-Quote,4/01/2016,0.196107
JPM,47896,QMLE-Quote,5/01/2016,0.174489
JPM,47896,QMLE-Quote,6/01/2016,0.221542
JPM,47896,QMLE-Quote,7/01/2016,0.253017
JPM,47896,QMLE-Quote,8/01/2016,0.288002
JPM,47896,QMLE-Quote,11/01/2016,0.245896
JPM,47896,QMLE-Quote,12/01/2016,0.249145
JPM,47896,QMLE-Quote,13/01/2016,0.27424
JPM,47896,QMLE-Quote,14/01/2016,0.417206
JPM,47896,QMLE-Quote,15/01/2016,0.363502
JPM,47896,QMLE-Quote,19/01/2016,0.299895
JPM,47896,QMLE-Quote,20/01/2016,0.349575
JPM,47896,QMLE-Quote,21/01/2016,0.320098
JPM,47896,QMLE-Quote,22/01/2016,0.220273
JPM,47896,QMLE-Quote,25/01/2016,0.232655
JPM,47896,QMLE-Quote,26/01/2016,0.200029
JPM,47896,QMLE-Quote,27/01/2016,0.323395
JPM,47896,QMLE-Quote,28/01/2016,0.283336
JPM,47896,QMLE-Quote,29/01/2016,0.211229
JPM,47896,QMLE-Quote,1/02/2016,0.201734
JPM,47896,QMLE-Quote,2/02/2016,0.248328
JPM,47896,QMLE-Quote,3/02/2016,0.37322
JPM,47896,QMLE-Quote,4/02/2016,0.327391
JPM,47896,QMLE-Quote,5/02/2016,0.276256
JPM,47896,QMLE-Quote,8/02/2016,0.308117
JPM,47896,QMLE-Quote,9/02/2016,0.371731
JPM,47896,QMLE-Quote,10/02/2016,0.300716
JPM,47896,QMLE-Quote,11/02/2016,0.420499
JPM,47896,QMLE-Quote,12/02/2016,0.297779
JPM,47896,QMLE-Quote,16/02/2016,0.197292
JPM,47896,QMLE-Quote,17/02/2016,0.197787
JPM,47896,QMLE-Quote,18/02/2016,0.214981
JPM,47896,QMLE-Quote,19/02/2016,0.187164
JPM,47896,QMLE-Quote,22/02/2016,0.136395
JPM,47896,QMLE-Quote,23/02/2016,0.239418
JPM,47896,QMLE-Quote,24/02/2016,0.260777
JPM,47896,QMLE-Quote,25/02/2016,0.222845
JPM,47896,QMLE-Quote,26/02/2016,0.205381
JPM,47896,QMLE-Quote,29/02/2016,0.210339
JPM,47896,QMLE-Quote,1/03/2016,0.237791
JPM,47896,QMLE-Quote,2/03/2016,0.235248
JPM,47896,QMLE-Quote,3/03/2016,0.180642
JPM,47896,QMLE-Quote,4/03/2016,0.221064
JPM,47896,QMLE-Quote,7/03/2016,0.18017
JPM,47896,QMLE-Quote,8/03/2016,0.210693
JPM,47896,QMLE-Quote,9/03/2016,0.196101
JPM,47896,QMLE-Quote,10/03/2016,0.274846
JPM,47896,QMLE-Quote,11/03/2016,0.174932
JPM,47896,QMLE-Quote,14/03/2016,0.173613
JPM,47896,QMLE-Quote,15/03/2016,0.143581
JPM,47896,QMLE-Quote,16/03/2016,0.229116
JPM,47896,QMLE-Quote,17/03/2016,0.190193
JPM,47896,QMLE-Quote,18/03/2016,0.182808
JPM,47896,QMLE-Quote,21/03/2016,0.188967
JPM,47896,QMLE-Quote,22/03/2016,0.153984
JPM,47896,QMLE-Quote,23/03/2016,0.172586
JPM,47896,QMLE-Quote,24/03/2016,0.165508
JPM,47896,QMLE-Quote,28/03/2016,0.131749
JPM,47896,QMLE-Quote,29/03/2016,0.171
JPM,47896,QMLE-Quote,30/03/2016,0.1522
JPM,47896,QMLE-Quote,31/03/2016,0.142419
JPM,47896,QMLE-Quote,1/04/2016,0.175722
JPM,47896,QMLE-Quote,4/04/2016,0.1532
JPM,47896,QMLE-Quote,5/04/2016,0.147328
JPM,47896,QMLE-Quote,6/04/2016,0.155463
JPM,47896,QMLE-Quote,7/04/2016,0.149758
JPM,47896,QMLE-Quote,8/04/2016,0.153241
JPM,47896,QMLE-Quote,11/04/2016,0.169951
JPM,47896,QMLE-Quote,12/04/2016,0.17695
JPM,47896,QMLE-Quote,13/04/2016,0.211126
JPM,47896,QMLE-Quote,14/04/2016,0.201259
JPM,47896,QMLE-Quote,15/04/2016,0.155938
JPM,47896,QMLE-Quote,18/04/2016,0.177379
JPM,47896,QMLE-Quote,19/04/2016,0.163528
JPM,47896,QMLE-Quote,20/04/2016,0.138952
JPM,47896,QMLE-Quote,21/04/2016,0.171347
JPM,47896,QMLE-Quote,22/04/2016,0.158162
JPM,47896,QMLE-Quote,25/04/2016,0.143912
JPM,47896,QMLE-Quote,26/04/2016,0.112905
JPM,47896,QMLE-Quote,27/04/2016,0.164751
JPM,47896,QMLE-Quote,28/04/2016,0.162878
JPM,47896,QMLE-Quote,29/04/2016,0.204642
JPM,47896,QMLE-Quote,2/05/2016,0.16211
JPM,47896,QMLE-Quote,3/05/2016,0.175497
JPM,47896,QMLE-Quote,4/05/2016,0.201007
JPM,47896,QMLE-Quote,5/05/2016,0.187592
JPM,47896,QMLE-Quote,6/05/2016,0.165799
JPM,47896,QMLE-Quote,9/05/2016,0.142595
JPM,47896,QMLE-Quote,10/05/2016,0.117902
JPM,47896,QMLE-Quote,11/05/2016,0.138569
JPM,47896,QMLE-Quote,12/05/2016,0.169798
JPM,47896,QMLE-Quote,13/05/2016,0.198153
JPM,47896,QMLE-Quote,16/05/2016,0.155834
JPM,47896,QMLE-Quote,17/05/2016,0.170804
JPM,47896,QMLE-Quote,18/05/2016,0.253478
JPM,47896,QMLE-Quote,19/05/2016,0.243559
JPM,47896,QMLE-Quote,20/05/2016,0.170816
JPM,47896,QMLE-Quote,23/05/2016,0.152811
JPM,47896,QMLE-Quote,24/05/2016,0.151695
JPM,47896,QMLE-Quote,25/05/2016,0.180694
JPM,47896,QMLE-Quote,26/05/2016,0.139445
JPM,47896,QMLE-Quote,27/05/2016,0.128857
JPM,47896,QMLE-Quote,31/05/2016,0.140489
JPM,47896,QMLE-Quote,1/06/2016,0.172964
JPM,47896,QMLE-Quote,2/06/2016,0.152371
JPM,47896,QMLE-Quote,3/06/2016,0.207125
JPM,47896,QMLE-Quote,6/06/2016,0.141628
JPM,47896,QMLE-Quote,7/06/2016,0.123542
JPM,47896,QMLE-Quote,8/06/2016,0.115245
JPM,47896,QMLE-Quote,9/06/2016,0.119122
JPM,47896,QMLE-Quote,10/06/2016,0.11482
JPM,47896,QMLE-Quote,13/06/2016,0.173239
JPM,47896,QMLE-Quote,14/06/2016,0.199927
JPM,47896,QMLE-Quote,15/06/2016,0.216322
JPM,47896,QMLE-Quote,16/06/2016,0.186624
JPM,47896,QMLE-Quote,17/06/2016,0.15791
JPM,47896,QMLE-Quote,20/06/2016,0.16795
JPM,47896,QMLE-Quote,21/06/2016,0.164074
JPM,47896,QMLE-Quote,22/06/2016,0.147223
JPM,47896,QMLE-Quote,23/06/2016,0.136325
JPM,47896,QMLE-Quote,24/06/2016,0.302365
JPM,47896,QMLE-Quote,27/06/2016,0.266227
JPM,47896,QMLE-Quote,28/06/2016,0.216743
JPM,47896,QMLE-Quote,29/06/2016,0.19768
JPM,47896,QMLE-Quote,30/06/2016,0.221833
JPM,47896,QMLE-Quote,1/07/2016,0.167812
JPM,47896,QMLE-Quote,5/07/2016,0.226686
JPM,47896,QMLE-Quote,6/07/2016,0.208994
JPM,47896,QMLE-Quote,7/07/2016,0.172421
JPM,47896,QMLE-Quote,8/07/2016,0.13473
JPM,47896,QMLE-Quote,11/07/2016,0.132761
JPM,47896,QMLE-Quote,12/07/2016,0.143248
JPM,47896,QMLE-Quote,13/07/2016,0.186904
JPM,47896,QMLE-Quote,14/07/2016,0.200508
JPM,47896,QMLE-Quote,15/07/2016,0.156108
JPM,47896,QMLE-Quote,18/07/2016,0.104052
JPM,47896,QMLE-Quote,19/07/2016,0.115704
JPM,47896,QMLE-Quote,20/07/2016,0.093027
JPM,47896,QMLE-Quote,21/07/2016,0.116241
JPM,47896,QMLE-Quote,22/07/2016,0.105697
JPM,47896,QMLE-Quote,25/07/2016,0.0915908
JPM,47896,QMLE-Quote,26/07/2016,0.116543
JPM,47896,QMLE-Quote,27/07/2016,0.151512
JPM,47896,QMLE-Quote,28/07/2016,0.10834
JPM,47896,QMLE-Quote,29/07/2016,0.110909
JPM,47896,QMLE-Quote,1/08/2016,0.118298
JPM,47896,QMLE-Quote,2/08/2016,0.15864
JPM,47896,QMLE-Quote,3/08/2016,0.137151
JPM,47896,QMLE-Quote,4/08/2016,0.130712
JPM,47896,QMLE-Quote,5/08/2016,0.0931196
JPM,47896,QMLE-Quote,8/08/2016,0.110128
JPM,47896,QMLE-Quote,9/08/2016,0.099569
JPM,47896,QMLE-Quote,10/08/2016,0.11211
JPM,47896,QMLE-Quote,11/08/2016,0.12239
JPM,47896,QMLE-Quote,12/08/2016,0.111799
JPM,47896,QMLE-Quote,15/08/2016,0.0682726
JPM,47896,QMLE-Quote,16/08/2016,0.132738
JPM,47896,QMLE-Quote,17/08/2016,0.113533
JPM,47896,QMLE-Quote,18/08/2016,0.105442
JPM,47896,QMLE-Quote,19/08/2016,0.0927568
JPM,47896,QMLE-Quote,22/08/2016,0.120989
JPM,47896,QMLE-Quote,23/08/2016,0.0789464
JPM,47896,QMLE-Quote,24/08/2016,0.101859
JPM,47896,QMLE-Quote,25/08/2016,0.0914173
JPM,47896,QMLE-Quote,26/08/2016,0.164638
JPM,47896,QMLE-Quote,29/08/2016,0.0820561
JPM,47896,QMLE-Quote,30/08/2016,0.0968869
JPM,47896,QMLE-Quote,31/08/2016,0.112085
JPM,47896,QMLE-Quote,1/09/2016,0.15805
JPM,47896,QMLE-Quote,2/09/2016,0.119413
JPM,47896,QMLE-Quote,6/09/2016,0.1325
JPM,47896,QMLE-Quote,7/09/2016,0.118068
JPM,47896,QMLE-Quote,8/09/2016,0.113838
JPM,47896,QMLE-Quote,9/09/2016,0.160454
JPM,47896,QMLE-Quote,12/09/2016,0.197641
JPM,47896,QMLE-Quote,13/09/2016,0.190166
JPM,47896,QMLE-Quote,14/09/2016,0.167223
JPM,47896,QMLE-Quote,15/09/2016,0.141203
JPM,47896,QMLE-Quote,16/09/2016,0.158653
JPM,47896,QMLE-Quote,19/09/2016,0.125826
JPM,47896,QMLE-Quote,20/09/2016,0.118547
JPM,47896,QMLE-Quote,21/09/2016,0.161135
JPM,47896,QMLE-Quote,22/09/2016,0.0925402
JPM,47896,QMLE-Quote,23/09/2016,0.13567
JPM,47896,QMLE-Quote,26/09/2016,0.132041
JPM,47896,QMLE-Quote,27/09/2016,0.154914
JPM,47896,QMLE-Quote,28/09/2016,0.134738
JPM,47896,QMLE-Quote,29/09/2016,0.205141
JPM,47896,QMLE-Quote,30/09/2016,0.153039
JPM,47896,QMLE-Quote,3/10/2016,0.144573
JPM,47896,QMLE-Quote,4/10/2016,0.164666
JPM,47896,QMLE-Quote,5/10/2016,0.125808
JPM,47896,QMLE-Quote,6/10/2016,0.145136
JPM,47896,QMLE-Quote,7/10/2016,0.151271
JPM,47896,QMLE-Quote,10/10/2016,0.0909079
JPM,47896,QMLE-Quote,11/10/2016,0.144858
JPM,47896,QMLE-Quote,12/10/2016,0.128647
JPM,47896,QMLE-Quote,13/10/2016,0.144542
JPM,47896,QMLE-Quote,14/10/2016,0.201431
JPM,47896,QMLE-Quote,17/10/2016,0.148853
JPM,47896,QMLE-Quote,18/10/2016,0.113009
JPM,47896,QMLE-Quote,19/10/2016,0.106902
JPM,47896,QMLE-Quote,20/10/2016,0.138397
JPM,47896,QMLE-Quote,21/10/2016,0.123874
JPM,47896,QMLE-Quote,24/10/2016,0.0836665
JPM,47896,QMLE-Quote,25/10/2016,0.106822
JPM,47896,QMLE-Quote,26/10/2016,0.111095
JPM,47896,QMLE-Quote,27/10/2016,0.124523
JPM,47896,QMLE-Quote,28/10/2016,0.154107
JPM,47896,QMLE-Quote,31/10/2016,0.091372
JPM,47896,QMLE-Quote,1/11/2016,0.147118
JPM,47896,QMLE-Quote,2/11/2016,0.162448
JPM,47896,QMLE-Quote,3/11/2016,0.120161
JPM,47896,QMLE-Quote,4/11/2016,0.131381
JPM,47896,QMLE-Quote,7/11/2016,0.0970285
JPM,47896,QMLE-Quote,8/11/2016,0.121071
JPM,47896,QMLE-Quote,9/11/2016,0.344881
JPM,47896,QMLE-Quote,10/11/2016,0.353465
JPM,47896,QMLE-Quote,11/11/2016,0.208153
JPM,47896,QMLE-Quote,14/11/2016,0.318914
JPM,47896,QMLE-Quote,15/11/2016,0.203148
JPM,47896,QMLE-Quote,16/11/2016,0.20667
JPM,47896,QMLE-Quote,17/11/2016,0.185081
JPM,47896,QMLE-Quote,18/11/2016,0.131557
JPM,47896,QMLE-Quote,21/11/2016,0.151209
JPM,47896,QMLE-Quote,22/11/2016,0.139454
JPM,47896,QMLE-Quote,23/11/2016,0.162426
JPM,47896,QMLE-Quote,25/11/2016,0.145094
JPM,47896,QMLE-Quote,28/11/2016,0.135472
JPM,47896,QMLE-Quote,29/11/2016,0.135784
JPM,47896,QMLE-Quote,30/11/2016,0.189233
JPM,47896,QMLE-Quote,1/12/2016,0.198355
JPM,47896,QMLE-Quote,2/12/2016,0.174397
JPM,47896,QMLE-Quote,5/12/2016,0.153643
JPM,47896,QMLE-Quote,6/12/2016,0.185649
JPM,47896,QMLE-Quote,7/12/2016,0.167602
JPM,47896,QMLE-Quote,8/12/2016,0.186198
JPM,47896,QMLE-Quote,9/12/2016,0.137228
JPM,47896,QMLE-Quote,12/12/2016,0.154427
JPM,47896,QMLE-Quote,13/12/2016,0.189567
JPM,47896,QMLE-Quote,14/12/2016,0.258126
JPM,47896,QMLE-Quote,15/12/2016,0.199299
JPM,47896,QMLE-Quote,16/12/2016,0.142976
JPM,47896,QMLE-Quote,19/12/2016,0.137951
JPM,47896,QMLE-Quote,20/12/2016,0.125776
JPM,47896,QMLE-Quote,21/12/2016,0.103195
JPM,47896,QMLE-Quote,22/12/2016,0.121057
JPM,47896,QMLE-Quote,23/12/2016,0.0983168
JPM,47896,QMLE-Quote,27/12/2016,0.0777662
JPM,47896,QMLE-Quote,28/12/2016,0.0938413
JPM,47896,QMLE-Quote,29/12/2016,0.123858
JPM,47896,QMLE-Quote,30/12/2016,0.125291
JPM,47896,QMLE-Quote,3/01/2017,0.176153
JPM,47896,QMLE-Quote,4/01/2017,0.116895
JPM,47896,QMLE-Quote,5/01/2017,0.145991
JPM,47896,QMLE-Quote,6/01/2017,0.119678
JPM,47896,QMLE-Quote,9/01/2017,0.120708
JPM,47896,QMLE-Quote,10/01/2017,0.109127
JPM,47896,QMLE-Quote,11/01/2017,0.170617
JPM,47896,QMLE-Quote,12/01/2017,0.167676
JPM,47896,QMLE-Quote,13/01/2017,0.223046
JPM,47896,QMLE-Quote,17/01/2017,0.189765
JPM,47896,QMLE-Quote,18/01/2017,0.176991
JPM,47896,QMLE-Quote,19/01/2017,0.19317
JPM,47896,QMLE-Quote,20/01/2017,0.130332
JPM,47896,QMLE-Quote,23/01/2017,0.125065
JPM,47896,QMLE-Quote,24/01/2017,0.117127
JPM,47896,QMLE-Quote,25/01/2017,0.110022
JPM,47896,QMLE-Quote,26/01/2017,0.122944
JPM,47896,QMLE-Quote,27/01/2017,0.0880314
JPM,47896,QMLE-Quote,30/01/2017,0.130024
JPM,47896,QMLE-Quote,31/01/2017,0.144084
JPM,47896,QMLE-Quote,1/02/2017,0.163456
JPM,47896,QMLE-Quote,2/02/2017,0.134025
JPM,47896,QMLE-Quote,3/02/2017,0.137648
JPM,47896,QMLE-Quote,6/02/2017,0.118151
JPM,47896,QMLE-Quote,7/02/2017,0.11741
JPM,47896,QMLE-Quote,8/02/2017,0.121848
JPM,47896,QMLE-Quote,9/02/2017,0.113707
JPM,47896,QMLE-Quote,10/02/2017,0.117187
JPM,47896,QMLE-Quote,13/02/2017,0.128895
JPM,47896,QMLE-Quote,14/02/2017,0.149024
JPM,47896,QMLE-Quote,15/02/2017,0.152636
JPM,47896,QMLE-Quote,16/02/2017,0.162388
JPM,47896,QMLE-Quote,17/02/2017,0.114314
JPM,47896,QMLE-Quote,21/02/2017,0.0979987
JPM,47896,QMLE-Quote,22/02/2017,0.10842
JPM,47896,QMLE-Quote,23/02/2017,0.113034
JPM,47896,QMLE-Quote,24/02/2017,0.140048
JPM,47896,QMLE-Quote,27/02/2017,0.106408
JPM,47896,QMLE-Quote,28/02/2017,0.137482
JPM,47896,QMLE-Quote,1/03/2017,0.160458
JPM,47896,QMLE-Quote,2/03/2017,0.134777
JPM,47896,QMLE-Quote,3/03/2017,0.131791
JPM,47896,QMLE-Quote,6/03/2017,0.110209
JPM,47896,QMLE-Quote,7/03/2017,0.101973
JPM,47896,QMLE-Quote,8/03/2017,0.142028
JPM,47896,QMLE-Quote,9/03/2017,0.120015
JPM,47896,QMLE-Quote,10/03/2017,0.130937
JPM,47896,QMLE-Quote,13/03/2017,0.105378
JPM,47896,QMLE-Quote,14/03/2017,0.111223
JPM,47896,QMLE-Quote,15/03/2017,0.144793
JPM,47896,QMLE-Quote,16/03/2017,0.11842
JPM,47896,QMLE-Quote,17/03/2017,0.1185
JPM,47896,QMLE-Quote,20/03/2017,0.131242
JPM,47896,QMLE-Quote,21/03/2017,0.214827
JPM,47896,QMLE-Quote,22/03/2017,0.235733
JPM,47896,QMLE-Quote,23/03/2017,0.158844
JPM,47896,QMLE-Quote,24/03/2017,0.169399
JPM,47896,QMLE-Quote,27/03/2017,0.201209
JPM,47896,QMLE-Quote,28/03/2017,0.15339
JPM,47896,QMLE-Quote,29/03/2017,0.131667
JPM,47896,QMLE-Quote,30/03/2017,0.124886
JPM,47896,QMLE-Quote,31/03/2017,0.120075
JPM,47896,QMLE-Quote,3/04/2017,0.155512
JPM,47896,QMLE-Quote,4/04/2017,0.135365
JPM,47896,QMLE-Quote,5/04/2017,0.167721
JPM,47896,QMLE-Quote,6/04/2017,0.204187
JPM,47896,QMLE-Quote,7/04/2017,0.139062
JPM,47896,QMLE-Quote,10/04/2017,0.129878
JPM,47896,QMLE-Quote,11/04/2017,0.168125
JPM,47896,QMLE-Quote,12/04/2017,0.160975
JPM,47896,QMLE-Quote,13/04/2017,0.233328
JPM,47896,QMLE-Quote,17/04/2017,0.136498
JPM,47896,QMLE-Quote,18/04/2017,0.155847
JPM,47896,QMLE-Quote,19/04/2017,0.127194
JPM,47896,QMLE-Quote,20/04/2017,0.132622
JPM,47896,QMLE-Quote,21/04/2017,0.129491
JPM,47896,QMLE-Quote,24/04/2017,0.129992
JPM,47896,QMLE-Quote,25/04/2017,0.127298
JPM,47896,QMLE-Quote,26/04/2017,0.125356
JPM,47896,QMLE-Quote,27/04/2017,0.117509
JPM,47896,QMLE-Quote,28/04/2017,0.112119
JPM,47896,QMLE-Quote,1/05/2017,0.199588
JPM,47896,QMLE-Quote,2/05/2017,0.102501
JPM,47896,QMLE-Quote,3/05/2017,0.120439
JPM,47896,QMLE-Quote,4/05/2017,0.142686
JPM,47896,QMLE-Quote,5/05/2017,0.103611
JPM,47896,QMLE-Quote,8/05/2017,0.102096
JPM,47896,QMLE-Quote,9/05/2017,0.113898
JPM,47896,QMLE-Quote,10/05/2017,0.0905811
JPM,47896,QMLE-Quote,11/05/2017,0.122167
JPM,47896,QMLE-Quote,12/05/2017,0.100335
JPM,47896,QMLE-Quote,15/05/2017,0.0845549
JPM,47896,QMLE-Quote,16/05/2017,0.105899
JPM,47896,QMLE-Quote,17/05/2017,0.203578
JPM,47896,QMLE-Quote,18/05/2017,0.202673
JPM,47896,QMLE-Quote,19/05/2017,0.134402
JPM,47896,QMLE-Quote,22/05/2017,0.120392
JPM,47896,QMLE-Quote,23/05/2017,0.127734
JPM,47896,QMLE-Quote,24/05/2017,0.116289
JPM,47896,QMLE-Quote,25/05/2017,0.121798
JPM,47896,QMLE-Quote,26/05/2017,0.0943496
JPM,47896,QMLE-Quote,30/05/2017,0.112875
JPM,47896,QMLE-Quote,31/05/2017,0.211455
JPM,47896,QMLE-Quote,1/06/2017,0.154209
JPM,47896,QMLE-Quote,2/06/2017,0.144601
JPM,47896,QMLE-Quote,5/06/2017,0.108499
JPM,47896,QMLE-Quote,6/06/2017,0.123105
JPM,47896,QMLE-Quote,7/06/2017,0.120685
JPM,47896,QMLE-Quote,8/06/2017,0.17264
JPM,47896,QMLE-Quote,9/06/2017,0.19212
JPM,47896,QMLE-Quote,12/06/2017,0.195545
JPM,47896,QMLE-Quote,13/06/2017,0.14211
JPM,47896,QMLE-Quote,14/06/2017,0.19217
JPM,47896,QMLE-Quote,15/06/2017,0.145067
JPM,47896,QMLE-Quote,16/06/2017,0.107017
JPM,47896,QMLE-Quote,19/06/2017,0.102277
JPM,47896,QMLE-Quote,20/06/2017,0.10564
JPM,47896,QMLE-Quote,21/06/2017,0.134659
JPM,47896,QMLE-Quote,22/06/2017,0.125083
JPM,47896,QMLE-Quote,23/06/2017,0.107212
JPM,47896,QMLE-Quote,26/06/2017,0.126586
JPM,47896,QMLE-Quote,27/06/2017,0.142388
JPM,47896,QMLE-Quote,28/06/2017,0.133193
JPM,47896,QMLE-Quote,29/06/2017,0.244697
JPM,47896,QMLE-Quote,30/06/2017,0.150299
JPM,47896,QMLE-Quote,3/07/2017,0.137005
JPM,47896,QMLE-Quote,5/07/2017,0.146832
JPM,47896,QMLE-Quote,6/07/2017,0.151006
JPM,47896,QMLE-Quote,7/07/2017,0.129246
JPM,47896,QMLE-Quote,10/07/2017,0.122638
JPM,47896,QMLE-Quote,11/07/2017,0.138706
JPM,47896,QMLE-Quote,12/07/2017,0.129149
JPM,47896,QMLE-Quote,13/07/2017,0.106233
JPM,47896,QMLE-Quote,14/07/2017,0.182129
JPM,47896,QMLE-Quote,17/07/2017,0.117735
JPM,47896,QMLE-Quote,18/07/2017,0.144505
JPM,47896,QMLE-Quote,19/07/2017,0.0915335
JPM,47896,QMLE-Quote,20/07/2017,0.1188
JPM,47896,QMLE-Quote,21/07/2017,0.125625
JPM,47896,QMLE-Quote,24/07/2017,0.087938
JPM,47896,QMLE-Quote,25/07/2017,0.132618
JPM,47896,QMLE-Quote,26/07/2017,0.126267
JPM,47896,QMLE-Quote,27/07/2017,0.12922
JPM,47896,QMLE-Quote,28/07/2017,0.108833
JPM,47896,QMLE-Quote,31/07/2017,0.0979802
JPM,47896,QMLE-Quote,1/08/2017,0.0981004
JPM,47896,QMLE-Quote,2/08/2017,0.105596
JPM,47896,QMLE-Quote,3/08/2017,0.120682
JPM,47896,QMLE-Quote,4/08/2017,0.122336
JPM,47896,QMLE-Quote,7/08/2017,0.0800259
JPM,47896,QMLE-Quote,8/08/2017,0.129334
JPM,47896,QMLE-Quote,9/08/2017,0.133938
JPM,47896,QMLE-Quote,10/08/2017,0.157608
JPM,47896,QMLE-Quote,11/08/2017,0.133172
JPM,47896,QMLE-Quote,14/08/2017,0.0915699
JPM,47896,QMLE-Quote,15/08/2017,0.101511
JPM,47896,QMLE-Quote,16/08/2017,0.10412
JPM,47896,QMLE-Quote,17/08/2017,0.148676
JPM,47896,QMLE-Quote,18/08/2017,0.150303
JPM,47896,QMLE-Quote,21/08/2017,0.110937
JPM,47896,QMLE-Quote,22/08/2017,0.0932831
JPM,47896,QMLE-Quote,23/08/2017,0.10887
JPM,47896,QMLE-Quote,24/08/2017,0.105927
JPM,47896,QMLE-Quote,25/08/2017,0.0957708
JPM,47896,QMLE-Quote,28/08/2017,0.0804986
JPM,47896,QMLE-Quote,29/08/2017,0.120507
JPM,47896,QMLE-Quote,30/08/2017,0.0986964
JPM,47896,QMLE-Quote,31/08/2017,0.101098
JPM,47896,QMLE-Quote,1/09/2017,0.0981704
JPM,47896,QMLE-Quote,5/09/2017,0.155714
JPM,47896,QMLE-Quote,6/09/2017,0.110333
JPM,47896,QMLE-Quote,7/09/2017,0.129445
JPM,47896,QMLE-Quote,8/09/2017,0.129998
JPM,47896,QMLE-Quote,11/09/2017,0.120535
JPM,47896,QMLE-Quote,12/09/2017,0.121104
JPM,47896,QMLE-Quote,13/09/2017,0.112746
JPM,47896,QMLE-Quote,14/09/2017,0.0927533
JPM,47896,QMLE-Quote,15/09/2017,0.105592
JPM,47896,QMLE-Quote,18/09/2017,0.106239
JPM,47896,QMLE-Quote,19/09/2017,0.107155
JPM,47896,QMLE-Quote,20/09/2017,0.14445
JPM,47896,QMLE-Quote,21/09/2017,0.131365
JPM,47896,QMLE-Quote,22/09/2017,0.0913611
JPM,47896,QMLE-Quote,25/09/2017,0.118267
JPM,47896,QMLE-Quote,26/09/2017,0.10505
JPM,47896,QMLE-Quote,27/09/2017,0.120077
JPM,47896,QMLE-Quote,28/09/2017,0.11599
JPM,47896,QMLE-Quote,29/09/2017,0.0773374
JPM,47896,QMLE-Quote,2/10/2017,0.110241
JPM,47896,QMLE-Quote,3/10/2017,0.0968639
JPM,47896,QMLE-Quote,4/10/2017,0.0971403
JPM,47896,QMLE-Quote,5/10/2017,0.114796
JPM,47896,QMLE-Quote,6/10/2017,0.116299
JPM,47896,QMLE-Quote,9/10/2017,0.0931007
JPM,47896,QMLE-Quote,10/10/2017,0.0922327
JPM,47896,QMLE-Quote,11/10/2017,0.113771
JPM,47896,QMLE-Quote,12/10/2017,0.175168
JPM,47896,QMLE-Quote,13/10/2017,0.153736
JPM,47896,QMLE-Quote,16/10/2017,0.105264
JPM,47896,QMLE-Quote,17/10/2017,0.122156
JPM,47896,QMLE-Quote,18/10/2017,0.102454
JPM,47896,QMLE-Quote,19/10/2017,0.107965
JPM,47896,QMLE-Quote,20/10/2017,0.118435
JPM,47896,QMLE-Quote,23/10/2017,0.111545
JPM,47896,QMLE-Quote,24/10/2017,0.113746
JPM,47896,QMLE-Quote,25/10/2017,0.164419
JPM,47896,QMLE-Quote,26/10/2017,0.131704
JPM,47896,QMLE-Quote,27/10/2017,0.14097
JPM,47896,QMLE-Quote,30/10/2017,0.117697
JPM,47896,QMLE-Quote,31/10/2017,0.120677
JPM,47896,QMLE-Quote,1/11/2017,0.124729
JPM,47896,QMLE-Quote,2/11/2017,0.14513
JPM,47896,QMLE-Quote,3/11/2017,0.113096
JPM,47896,QMLE-Quote,6/11/2017,0.0977423
JPM,47896,QMLE-Quote,7/11/2017,0.147701
JPM,47896,QMLE-Quote,8/11/2017,0.18481
JPM,47896,QMLE-Quote,9/11/2017,0.187093
JPM,47896,QMLE-Quote,10/11/2017,0.135023
JPM,47896,QMLE-Quote,13/11/2017,0.124607
JPM,47896,QMLE-Quote,14/11/2017,0.125438
JPM,47896,QMLE-Quote,15/11/2017,0.185975
JPM,47896,QMLE-Quote,16/11/2017,0.136018
JPM,47896,QMLE-Quote,17/11/2017,0.141516
JPM,47896,QMLE-Quote,20/11/2017,0.113886
JPM,47896,QMLE-Quote,21/11/2017,0.0849541
JPM,47896,QMLE-Quote,22/11/2017,0.0857212
JPM,47896,QMLE-Quote,24/11/2017,0.0696815
JPM,47896,QMLE-Quote,27/11/2017,0.109585
JPM,47896,QMLE-Quote,28/11/2017,0.13836
JPM,47896,QMLE-Quote,29/11/2017,0.256147
JPM,47896,QMLE-Quote,30/11/2017,0.226513
JPM,47896,QMLE-Quote,1/12/2017,0.395289
JPM,47896,QMLE-Quote,4/12/2017,0.22876
JPM,47896,QMLE-Quote,5/12/2017,0.196238
JPM,47896,QMLE-Quote,6/12/2017,0.170514
JPM,47896,QMLE-Quote,7/12/2017,0.182348
JPM,47896,QMLE-Quote,8/12/2017,0.107392
JPM,47896,QMLE-Quote,11/12/2017,0.119762
JPM,47896,QMLE-Quote,12/12/2017,0.130813
JPM,47896,QMLE-Quote,13/12/2017,0.155835
JPM,47896,QMLE-Quote,14/12/2017,0.14277
JPM,47896,QMLE-Quote,15/12/2017,0.141013
JPM,47896,QMLE-Quote,18/12/2017,0.117134
JPM,47896,QMLE-Quote,19/12/2017,0.123915
JPM,47896,QMLE-Quote,20/12/2017,0.128254
JPM,47896,QMLE-Quote,21/12/2017,0.103053
JPM,47896,QMLE-Quote,22/12/2017,0.10363
JPM,47896,QMLE-Quote,26/12/2017,0.144802
JPM,47896,QMLE-Quote,27/12/2017,0.111842
JPM,47896,QMLE-Quote,28/12/2017,0.0925112
JPM,47896,QMLE-Quote,29/12/2017,0.100603
JPM,47896,QMLE-Quote,2/01/2018,0.123627
JPM,47896,QMLE-Quote,3/01/2018,0.111054
JPM,47896,QMLE-Quote,4/01/2018,0.143439
JPM,47896,QMLE-Quote,5/01/2018,0.126643
JPM,47896,QMLE-Quote,8/01/2018,0.106244
JPM,47896,QMLE-Quote,9/01/2018,0.120044
JPM,47896,QMLE-Quote,10/01/2018,0.119101
JPM,47896,QMLE-Quote,11/01/2018,0.101183
JPM,47896,QMLE-Quote,12/01/2018,0.195035
JPM,47896,QMLE-Quote,16/01/2018,0.227434
JPM,47896,QMLE-Quote,17/01/2018,0.144326
JPM,47896,QMLE-Quote,18/01/2018,0.14256
JPM,47896,QMLE-Quote,19/01/2018,0.11526
JPM,47896,QMLE-Quote,22/01/2018,0.117256
JPM,47896,QMLE-Quote,23/01/2018,0.137783
JPM,47896,QMLE-Quote,24/01/2018,0.145076
JPM,47896,QMLE-Quote,25/01/2018,0.140797
JPM,47896,QMLE-Quote,26/01/2018,0.096746
JPM,47896,QMLE-Quote,29/01/2018,0.134434
JPM,47896,QMLE-Quote,30/01/2018,0.176439
JPM,47896,QMLE-Quote,31/01/2018,0.136802
JPM,47896,QMLE-Quote,1/02/2018,0.138751
JPM,47896,QMLE-Quote,2/02/2018,0.176969
JPM,47896,QMLE-Quote,5/02/2018,0.665671
JPM,47896,QMLE-Quote,6/02/2018,0.716345
JPM,47896,QMLE-Quote,7/02/2018,0.332446
JPM,47896,QMLE-Quote,8/02/2018,0.372876
JPM,47896,QMLE-Quote,9/02/2018,0.495371
JPM,47896,QMLE-Quote,12/02/2018,0.246643
JPM,47896,QMLE-Quote,13/02/2018,0.203575
JPM,47896,QMLE-Quote,14/02/2018,0.206173
JPM,47896,QMLE-Quote,15/02/2018,0.176693
JPM,47896,QMLE-Quote,16/02/2018,0.18055
JPM,47896,QMLE-Quote,20/02/2018,0.178426
JPM,47896,QMLE-Quote,21/02/2018,0.187286
JPM,47896,QMLE-Quote,22/02/2018,0.202572
JPM,47896,QMLE-Quote,23/02/2018,0.147187
JPM,47896,QMLE-Quote,26/02/2018,0.152917
JPM,47896,QMLE-Quote,27/02/2018,0.216717
JPM,47896,QMLE-Quote,28/02/2018,0.18301
JPM,47896,QMLE-Quote,1/03/2018,0.3192
JPM,47896,QMLE-Quote,2/03/2018,0.280219
JPM,47896,QMLE-Quote,5/03/2018,0.204876
JPM,47896,QMLE-Quote,6/03/2018,0.190622
JPM,47896,QMLE-Quote,7/03/2018,0.188771
JPM,47896,QMLE-Quote,8/03/2018,0.161123
JPM,47896,QMLE-Quote,9/03/2018,0.154565
JPM,47896,QMLE-Quote,12/03/2018,0.151257
JPM,47896,QMLE-Quote,13/03/2018,0.171179
JPM,47896,QMLE-Quote,14/03/2018,0.200422
JPM,47896,QMLE-Quote,15/03/2018,0.145245
JPM,47896,QMLE-Quote,16/03/2018,0.140827
JPM,47896,QMLE-Quote,19/03/2018,0.182107
JPM,47896,QMLE-Quote,20/03/2018,0.141142
JPM,47896,QMLE-Quote,21/03/2018,0.220008
JPM,47896,QMLE-Quote,22/03/2018,0.272116
JPM,47896,QMLE-Quote,23/03/2018,0.307579
JPM,47896,QMLE-Quote,26/03/2018,0.257181
JPM,47896,QMLE-Quote,27/03/2018,0.305133
JPM,47896,QMLE-Quote,28/03/2018,0.341894
JPM,47896,QMLE-Quote,29/03/2018,0.211416
JPM,47896,QMLE-Quote,2/04/2018,0.278397
JPM,47896,QMLE-Quote,3/04/2018,0.264183
JPM,47896,QMLE-Quote,4/04/2018,0.243199
JPM,47896,QMLE-Quote,5/04/2018,0.211142
JPM,47896,QMLE-Quote,6/04/2018,0.273238
JPM,47896,QMLE-Quote,9/04/2018,0.19521
JPM,47896,QMLE-Quote,10/04/2018,0.227983
JPM,47896,QMLE-Quote,11/04/2018,0.193444
JPM,47896,QMLE-Quote,12/04/2018,0.192839
JPM,47896,QMLE-Quote,13/04/2018,0.321469
JPM,47896,QMLE-Quote,16/04/2018,0.218791
JPM,47896,QMLE-Quote,17/04/2018,0.165903
JPM,47896,QMLE-Quote,18/04/2018,0.156821
JPM,47896,QMLE-Quote,19/04/2018,0.192159
JPM,47896,QMLE-Quote,20/04/2018,0.177594
JPM,47896,QMLE-Quote,23/04/2018,0.151781
JPM,47896,QMLE-Quote,24/04/2018,0.215583
JPM,47896,QMLE-Quote,25/04/2018,0.20272
JPM,47896,QMLE-Quote,26/04/2018,0.146964
JPM,47896,QMLE-Quote,27/04/2018,0.137
JPM,47896,QMLE-Quote,30/04/2018,0.143713
JPM,47896,QMLE-Quote,1/05/2018,0.172888
JPM,47896,QMLE-Quote,2/05/2018,0.180864
JPM,47896,QMLE-Quote,3/05/2018,0.234451
JPM,47896,QMLE-Quote,4/05/2018,0.171008
JPM,47896,QMLE-Quote,7/05/2018,0.157755
JPM,47896,QMLE-Quote,8/05/2018,0.184992
JPM,47896,QMLE-Quote,9/05/2018,0.154089
JPM,47896,QMLE-Quote,10/05/2018,0.141171
JPM,47896,QMLE-Quote,11/05/2018,0.113401
JPM,47896,QMLE-Quote,14/05/2018,0.110745
JPM,47896,QMLE-Quote,15/05/2018,0.176849
JPM,47896,QMLE-Quote,16/05/2018,0.126438
JPM,47896,QMLE-Quote,17/05/2018,0.134626
JPM,47896,QMLE-Quote,18/05/2018,0.129252
JPM,47896,QMLE-Quote,21/05/2018,0.114528
JPM,47896,QMLE-Quote,22/05/2018,0.116738
JPM,47896,QMLE-Quote,23/05/2018,0.173351
JPM,47896,QMLE-Quote,24/05/2018,0.167007
JPM,47896,QMLE-Quote,25/05/2018,0.124716
JPM,47896,QMLE-Quote,29/05/2018,0.235646
JPM,47896,QMLE-Quote,30/05/2018,0.181989
JPM,47896,QMLE-Quote,31/05/2018,0.193768
JPM,47896,QMLE-Quote,1/06/2018,0.148042
JPM,47896,QMLE-Quote,4/06/2018,0.114683
JPM,47896,QMLE-Quote,5/06/2018,0.136391
JPM,47896,QMLE-Quote,6/06/2018,0.11864
JPM,47896,QMLE-Quote,7/06/2018,0.166852
JPM,47896,QMLE-Quote,8/06/2018,0.133233
JPM,47896,QMLE-Quote,11/06/2018,0.124108
JPM,47896,QMLE-Quote,12/06/2018,0.121481
JPM,47896,QMLE-Quote,13/06/2018,0.161554
JPM,47896,QMLE-Quote,14/06/2018,0.171194
JPM,47896,QMLE-Quote,15/06/2018,0.195484
JPM,47896,QMLE-Quote,18/06/2018,0.133388
JPM,47896,QMLE-Quote,19/06/2018,0.143801
JPM,47896,QMLE-Quote,20/06/2018,0.12418
JPM,47896,QMLE-Quote,21/06/2018,0.163069
JPM,47896,QMLE-Quote,22/06/2018,0.141492
JPM,47896,QMLE-Quote,25/06/2018,0.216712
JPM,47896,QMLE-Quote,26/06/2018,0.213976
JPM,47896,QMLE-Quote,27/06/2018,0.208255
JPM,47896,QMLE-Quote,28/06/2018,0.208197
JPM,47896,QMLE-Quote,29/06/2018,0.196485
JPM,47896,QMLE-Quote,2/07/2018,0.175993
JPM,47896,QMLE-Quote,3/07/2018,0.142669
JPM,47896,QMLE-Quote,5/07/2018,0.168235
JPM,47896,QMLE-Quote,6/07/2018,0.205284
JPM,47896,QMLE-Quote,9/07/2018,0.158295
JPM,47896,QMLE-Quote,10/07/2018,0.170985
JPM,47896,QMLE-Quote,11/07/2018,0.152286
JPM,47896,QMLE-Quote,12/07/2018,0.150686
JPM,47896,QMLE-Quote,13/07/2018,0.27498
JPM,47896,QMLE-Quote,16/07/2018,0.2073
JPM,47896,QMLE-Quote,17/07/2018,0.165875
JPM,47896,QMLE-Quote,18/07/2018,0.158898
JPM,47896,QMLE-Quote,19/07/2018,0.160912
JPM,47896,QMLE-Quote,20/07/2018,0.138112
JPM,47896,QMLE-Quote,23/07/2018,0.151312
JPM,47896,QMLE-Quote,24/07/2018,0.162388
JPM,47896,QMLE-Quote,25/07/2018,0.152231
JPM,47896,QMLE-Quote,26/07/2018,0.146664
JPM,47896,QMLE-Quote,27/07/2018,0.14152
JPM,47896,QMLE-Quote,30/07/2018,0.149861
JPM,47896,QMLE-Quote,31/07/2018,0.149158
JPM,47896,QMLE-Quote,1/08/2018,0.172266
JPM,47896,QMLE-Quote,2/08/2018,0.152297
JPM,47896,QMLE-Quote,3/08/2018,0.107342
JPM,47896,QMLE-Quote,6/08/2018,0.112526
JPM,47896,QMLE-Quote,7/08/2018,0.0982498
JPM,47896,QMLE-Quote,8/08/2018,0.107601
JPM,47896,QMLE-Quote,9/08/2018,0.123554
JPM,47896,QMLE-Quote,10/08/2018,0.164353
JPM,47896,QMLE-Quote,13/08/2018,0.148605
JPM,47896,QMLE-Quote,14/08/2018,0.134425
JPM,47896,QMLE-Quote,15/08/2018,0.165259
JPM,47896,QMLE-Quote,16/08/2018,0.125525
JPM,47896,QMLE-Quote,17/08/2018,0.125728
JPM,47896,QMLE-Quote,20/08/2018,0.0994699
JPM,47896,QMLE-Quote,21/08/2018,0.123232
JPM,47896,QMLE-Quote,22/08/2018,0.096484
JPM,47896,QMLE-Quote,23/08/2018,0.0888956
JPM,47896,QMLE-Quote,24/08/2018,0.0887066
JPM,47896,QMLE-Quote,27/08/2018,0.104234
JPM,47896,QMLE-Quote,28/08/2018,0.12155
JPM,47896,QMLE-Quote,29/08/2018,0.104396
JPM,47896,QMLE-Quote,30/08/2018,0.115593
JPM,47896,QMLE-Quote,31/08/2018,0.122452
JPM,47896,QMLE-Quote,4/09/2018,0.12922
JPM,47896,QMLE-Quote,5/09/2018,0.119596
JPM,47896,QMLE-Quote,6/09/2018,0.116961
JPM,47896,QMLE-Quote,7/09/2018,0.128047
JPM,47896,QMLE-Quote,10/09/2018,0.0948091
JPM,47896,QMLE-Quote,11/09/2018,0.0947803
JPM,47896,QMLE-Quote,12/09/2018,0.140385
JPM,47896,QMLE-Quote,13/09/2018,0.146405
JPM,47896,QMLE-Quote,14/09/2018,0.113271
JPM,47896,QMLE-Quote,17/09/2018,0.109394
JPM,47896,QMLE-Quote,18/09/2018,0.109482
JPM,47896,QMLE-Quote,19/09/2018,0.115436
JPM,47896,QMLE-Quote,20/09/2018,0.129653
JPM,47896,QMLE-Quote,21/09/2018,0.120459
JPM,47896,QMLE-Quote,24/09/2018,0.118833
JPM,47896,QMLE-Quote,25/09/2018,0.120369
JPM,47896,QMLE-Quote,26/09/2018,0.12677
JPM,47896,QMLE-Quote,27/09/2018,0.142263
JPM,47896,QMLE-Quote,28/09/2018,0.137417
JPM,47896,QMLE-Quote,1/10/2018,0.138393
JPM,47896,QMLE-Quote,2/10/2018,0.136701
JPM,47896,QMLE-Quote,3/10/2018,0.147724
JPM,47896,QMLE-Quote,4/10/2018,0.192994
JPM,47896,QMLE-Quote,5/10/2018,0.150381
JPM,47896,QMLE-Quote,8/10/2018,0.179928
JPM,47896,QMLE-Quote,9/10/2018,0.158994
JPM,47896,QMLE-Quote,10/10/2018,0.221999
JPM,47896,QMLE-Quote,11/10/2018,0.35276
JPM,47896,QMLE-Quote,12/10/2018,0.399542
JPM,47896,QMLE-Quote,15/10/2018,0.295399
JPM,47896,QMLE-Quote,16/10/2018,0.19024
JPM,47896,QMLE-Quote,17/10/2018,0.216592
JPM,47896,QMLE-Quote,18/10/2018,0.250942
JPM,47896,QMLE-Quote,19/10/2018,0.199395
JPM,47896,QMLE-Quote,22/10/2018,0.193006
JPM,47896,QMLE-Quote,23/10/2018,0.287594
JPM,47896,QMLE-Quote,24/10/2018,0.256153
JPM,47896,QMLE-Quote,25/10/2018,0.235187
JPM,47896,QMLE-Quote,26/10/2018,0.321499
JPM,47896,QMLE-Quote,29/10/2018,0.280839
JPM,47896,QMLE-Quote,30/10/2018,0.255435
JPM,47896,QMLE-Quote,31/10/2018,0.200917
JPM,47896,QMLE-Quote,1/11/2018,0.180698
JPM,47896,QMLE-Quote,2/11/2018,0.220239
JPM,47896,QMLE-Quote,5/11/2018,0.134135
JPM,47896,QMLE-Quote,6/11/2018,0.169512
JPM,47896,QMLE-Quote,7/11/2018,0.179325
JPM,47896,QMLE-Quote,8/11/2018,0.1649
JPM,47896,QMLE-Quote,9/11/2018,0.178422
JPM,47896,QMLE-Quote,12/11/2018,0.205492
JPM,47896,QMLE-Quote,13/11/2018,0.232346
JPM,47896,QMLE-Quote,14/11/2018,0.246903
JPM,47896,QMLE-Quote,15/11/2018,0.274822
JPM,47896,QMLE-Quote,16/11/2018,0.195907
JPM,47896,QMLE-Quote,19/11/2018,0.21026
JPM,47896,QMLE-Quote,20/11/2018,0.26428
JPM,47896,QMLE-Quote,21/11/2018,0.156114
JPM,47896,QMLE-Quote,23/11/2018,0.148462
JPM,47896,QMLE-Quote,26/11/2018,0.157314
JPM,47896,QMLE-Quote,27/11/2018,0.178596
JPM,47896,QMLE-Quote,28/11/2018,0.183157
JPM,47896,QMLE-Quote,29/11/2018,0.178354
JPM,47896,QMLE-Quote,30/11/2018,0.144479
JPM,47896,QMLE-Quote,3/12/2018,0.182076
JPM,47896,QMLE-Quote,4/12/2018,0.272333
JPM,47896,QMLE-Quote,6/12/2018,0.315657
JPM,47896,QMLE-Quote,7/12/2018,0.316558
JPM,47896,QMLE-Quote,10/12/2018,0.337498
JPM,47896,QMLE-Quote,11/12/2018,0.273759
JPM,47896,QMLE-Quote,12/12/2018,0.25488
JPM,47896,QMLE-Quote,13/12/2018,0.245769
JPM,47896,QMLE-Quote,14/12/2018,0.240643
JPM,47896,QMLE-Quote,17/12/2018,0.271419
JPM,47896,QMLE-Quote,18/12/2018,0.241022
JPM,47896,QMLE-Quote,19/12/2018,0.431988
JPM,47896,QMLE-Quote,20/12/2018,0.365257
JPM,47896,QMLE-Quote,21/12/2018,0.328738
JPM,47896,QMLE-Quote,24/12/2018,0.301741
JPM,47896,QMLE-Quote,26/12/2018,0.290203
JPM,47896,QMLE-Quote,27/12/2018,0.342628
JPM,47896,QMLE-Quote,28/12/2018,0.31008
JPM,47896,QMLE-Quote,31/12/2018,0.245373
JPM,47896,QMLE-Quote,2/01/2019,0.262945
JPM,47896,QMLE-Quote,3/01/2019,0.291696
JPM,47896,QMLE-Quote,4/01/2019,0.23162
JPM,47896,QMLE-Quote,7/01/2019,0.219305
JPM,47896,QMLE-Quote,8/01/2019,0.199085
JPM,47896,QMLE-Quote,9/01/2019,0.198675
JPM,47896,QMLE-Quote,10/01/2019,0.180628
JPM,47896,QMLE-Quote,11/01/2019,0.160159
JPM,47896,QMLE-Quote,14/01/2019,0.184945
JPM,47896,QMLE-Quote,15/01/2019,0.31059
JPM,47896,QMLE-Quote,16/01/2019,0.203548
JPM,47896,QMLE-Quote,17/01/2019,0.178134
JPM,47896,QMLE-Quote,18/01/2019,0.177412
JPM,47896,QMLE-Quote,22/01/2019,0.193222
JPM,47896,QMLE-Quote,23/01/2019,0.185602
JPM,47896,QMLE-Quote,24/01/2019,0.144519
JPM,47896,QMLE-Quote,25/01/2019,0.161723
JPM,47896,QMLE-Quote,28/01/2019,0.173269
JPM,47896,QMLE-Quote,29/01/2019,0.136461
JPM,47896,QMLE-Quote,30/01/2019,0.190284
JPM,47896,QMLE-Quote,31/01/2019,0.171906
JPM,47896,QMLE-Quote,1/02/2019,0.153614
JPM,47896,QMLE-Quote,4/02/2019,0.119665
JPM,47896,QMLE-Quote,5/02/2019,0.121343
JPM,47896,QMLE-Quote,6/02/2019,0.128521
JPM,47896,QMLE-Quote,7/02/2019,0.190616
JPM,47896,QMLE-Quote,8/02/2019,0.159773
JPM,47896,QMLE-Quote,11/02/2019,0.142997
JPM,47896,QMLE-Quote,12/02/2019,0.132413
JPM,47896,QMLE-Quote,13/02/2019,0.11768
JPM,47896,QMLE-Quote,14/02/2019,0.179886
JPM,47896,QMLE-Quote,15/02/2019,0.144249
JPM,47896,QMLE-Quote,19/02/2019,0.134776
JPM,47896,QMLE-Quote,20/02/2019,0.118819
JPM,47896,QMLE-Quote,21/02/2019,0.13273
JPM,47896,QMLE-Quote,22/02/2019,0.12332
JPM,47896,QMLE-Quote,25/02/2019,0.122217
JPM,47896,QMLE-Quote,26/02/2019,0.197196
JPM,47896,QMLE-Quote,27/02/2019,0.130103
JPM,47896,QMLE-Quote,28/02/2019,0.122788
JPM,47896,QMLE-Quote,1/03/2019,0.124296
JPM,47896,QMLE-Quote,4/03/2019,0.160589
JPM,47896,QMLE-Quote,5/03/2019,0.145775
JPM,47896,QMLE-Quote,6/03/2019,0.146692
JPM,47896,QMLE-Quote,7/03/2019,0.176248
JPM,47896,QMLE-Quote,8/03/2019,0.144582
JPM,47896,QMLE-Quote,11/03/2019,0.125102
JPM,47896,QMLE-Quote,12/03/2019,0.116757
JPM,47896,QMLE-Quote,13/03/2019,0.121201
JPM,47896,QMLE-Quote,14/03/2019,0.110877
JPM,47896,QMLE-Quote,15/03/2019,0.157752
JPM,47896,QMLE-Quote,18/03/2019,0.138441
JPM,47896,QMLE-Quote,19/03/2019,0.146314
JPM,47896,QMLE-Quote,20/03/2019,0.173726
JPM,47896,QMLE-Quote,21/03/2019,0.171705
JPM,47896,QMLE-Quote,22/03/2019,0.220632
JPM,47896,QMLE-Quote,25/03/2019,0.212022
JPM,47896,QMLE-Quote,26/03/2019,0.173811
JPM,47896,QMLE-Quote,27/03/2019,0.17182
JPM,47896,QMLE-Quote,28/03/2019,0.151038
JPM,47896,QMLE-Quote,29/03/2019,0.153838
JPM,47896,QMLE-Quote,1/04/2019,0.159826
JPM,47896,QMLE-Quote,2/04/2019,0.15576
JPM,47896,QMLE-Quote,3/04/2019,0.159201
JPM,47896,QMLE-Quote,4/04/2019,0.140337
JPM,47896,QMLE-Quote,5/04/2019,0.141626
JPM,47896,QMLE-Quote,8/04/2019,0.127061
JPM,47896,QMLE-Quote,9/04/2019,0.137666
JPM,47896,QMLE-Quote,10/04/2019,0.138859
JPM,47896,QMLE-Quote,11/04/2019,0.14747
JPM,47896,QMLE-Quote,12/04/2019,0.219411
JPM,47896,QMLE-Quote,15/04/2019,0.199908
JPM,47896,QMLE-Quote,16/04/2019,0.15927
JPM,47896,QMLE-Quote,17/04/2019,0.222841
JPM,47896,QMLE-Quote,18/04/2019,0.185954
JPM,47896,QMLE-Quote,22/04/2019,0.108214
JPM,47896,QMLE-Quote,23/04/2019,0.123581
JPM,47896,QMLE-Quote,24/04/2019,0.150498
JPM,47896,QMLE-Quote,25/04/2019,0.132396
JPM,47896,QMLE-Quote,26/04/2019,0.127358
JPM,47896,QMLE-Quote,29/04/2019,0.184401
JPM,47896,QMLE-Quote,30/04/2019,0.156203
JPM,47896,QMLE-Quote,1/05/2019,0.188313
JPM,47896,QMLE-Quote,2/05/2019,0.170944
JPM,47896,QMLE-Quote,3/05/2019,0.121787
JPM,47896,QMLE-Quote,6/05/2019,0.172991
JPM,47896,QMLE-Quote,7/05/2019,0.211016
JPM,47896,QMLE-Quote,8/05/2019,0.187193
JPM,47896,QMLE-Quote,9/05/2019,0.221114
JPM,47896,QMLE-Quote,10/05/2019,0.219921
JPM,47896,QMLE-Quote,13/05/2019,0.226876
JPM,47896,QMLE-Quote,14/05/2019,0.175684
JPM,47896,QMLE-Quote,15/05/2019,0.189582
JPM,47896,QMLE-Quote,16/05/2019,0.151854
JPM,47896,QMLE-Quote,17/05/2019,0.183264
JPM,47896,QMLE-Quote,20/05/2019,0.137423
JPM,47896,QMLE-Quote,21/05/2019,0.112524
JPM,47896,QMLE-Quote,22/05/2019,0.116769
JPM,47896,QMLE-Quote,23/05/2019,0.182371
JPM,47896,QMLE-Quote,24/05/2019,0.108137
JPM,47896,QMLE-Quote,28/05/2019,0.145674
JPM,47896,QMLE-Quote,29/05/2019,0.168986
JPM,47896,QMLE-Quote,30/05/2019,0.156698
JPM,47896,QMLE-Quote,31/05/2019,0.18841
JPM,47896,QMLE-Quote,3/06/2019,0.205452
JPM,47896,QMLE-Quote,4/06/2019,0.166989
JPM,47896,QMLE-Quote,5/06/2019,0.158746
JPM,47896,QMLE-Quote,6/06/2019,0.142403
JPM,47896,QMLE-Quote,7/06/2019,0.137727
JPM,47896,QMLE-Quote,10/06/2019,0.159488
JPM,47896,QMLE-Quote,11/06/2019,0.135109
JPM,47896,QMLE-Quote,12/06/2019,0.132372
JPM,47896,QMLE-Quote,13/06/2019,0.138589
JPM,47896,QMLE-Quote,14/06/2019,0.124609
JPM,47896,QMLE-Quote,17/06/2019,0.121721
JPM,47896,QMLE-Quote,18/06/2019,0.176299
JPM,47896,QMLE-Quote,19/06/2019,0.161824
JPM,47896,QMLE-Quote,20/06/2019,0.146095
JPM,47896,QMLE-Quote,21/06/2019,0.170106
JPM,47896,QMLE-Quote,24/06/2019,0.152635
JPM,47896,QMLE-Quote,25/06/2019,0.151039
JPM,47896,QMLE-Quote,26/06/2019,0.131143
JPM,47896,QMLE-Quote,27/06/2019,0.140506
JPM,47896,QMLE-Quote,28/06/2019,0.177998
JPM,47896,QMLE-Quote,1/07/2019,0.151751
JPM,47896,QMLE-Quote,2/07/2019,0.139446
JPM,47896,QMLE-Quote,3/07/2019,0.136267
JPM,47896,QMLE-Quote,5/07/2019,0.150385
JPM,47896,QMLE-Quote,8/07/2019,0.102906
JPM,47896,QMLE-Quote,9/07/2019,0.11583
JPM,47896,QMLE-Quote,10/07/2019,0.121957
JPM,47896,QMLE-Quote,11/07/2019,0.130432
JPM,47896,QMLE-Quote,12/07/2019,0.0990155
JPM,47896,QMLE-Quote,15/07/2019,0.145158
JPM,47896,QMLE-Quote,16/07/2019,0.207053
JPM,47896,QMLE-Quote,17/07/2019,0.151414
JPM,47896,QMLE-Quote,18/07/2019,0.135577
JPM,47896,QMLE-Quote,19/07/2019,0.10931
JPM,47896,QMLE-Quote,22/07/2019,0.125235
JPM,47896,QMLE-Quote,23/07/2019,0.122375
JPM,47896,QMLE-Quote,24/07/2019,0.100517
JPM,47896,QMLE-Quote,25/07/2019,0.137806
JPM,47896,QMLE-Quote,26/07/2019,0.101222
JPM,47896,QMLE-Quote,29/07/2019,0.112432
JPM,47896,QMLE-Quote,30/07/2019,0.117685
JPM,47896,QMLE-Quote,31/07/2019,0.16872
JPM,47896,QMLE-Quote,1/08/2019,0.243009
JPM,47896,QMLE-Quote,2/08/2019,0.214949
JPM,47896,QMLE-Quote,5/08/2019,0.233897
JPM,47896,QMLE-Quote,6/08/2019,0.207449
JPM,47896,QMLE-Quote,7/08/2019,0.270265
JPM,47896,QMLE-Quote,8/08/2019,0.183124
JPM,47896,QMLE-Quote,9/08/2019,0.174575
JPM,47896,QMLE-Quote,12/08/2019,0.173967
JPM,47896,QMLE-Quote,13/08/2019,0.250166
JPM,47896,QMLE-Quote,14/08/2019,0.264281
JPM,47896,QMLE-Quote,15/08/2019,0.239982
JPM,47896,QMLE-Quote,16/08/2019,0.149495
JPM,47896,QMLE-Quote,19/08/2019,0.149242
JPM,47896,QMLE-Quote,20/08/2019,0.143479
JPM,47896,QMLE-Quote,21/08/2019,0.130322
JPM,47896,QMLE-Quote,22/08/2019,0.154338
JPM,47896,QMLE-Quote,23/08/2019,0.250135
JPM,47896,QMLE-Quote,26/08/2019,0.151073
JPM,47896,QMLE-Quote,27/08/2019,0.165835
JPM,47896,QMLE-Quote,28/08/2019,0.166285
JPM,47896,QMLE-Quote,29/08/2019,0.160813
JPM,47896,QMLE-Quote,30/08/2019,0.134247
JPM,47896,QMLE-Quote,3/09/2019,0.175243
JPM,47896,QMLE-Quote,4/09/2019,0.102081
JPM,47896,QMLE-Quote,5/09/2019,0.161826
JPM,47896,QMLE-Quote,6/09/2019,0.114592
JPM,47896,QMLE-Quote,9/09/2019,0.148169
JPM,47896,QMLE-Quote,10/09/2019,0.189241
JPM,47896,QMLE-Quote,11/09/2019,0.170895
JPM,47896,QMLE-Quote,12/09/2019,0.186214
JPM,47896,QMLE-Quote,13/09/2019,0.13421
JPM,47896,QMLE-Quote,16/09/2019,0.144317
JPM,47896,QMLE-Quote,17/09/2019,0.141187
JPM,47896,QMLE-Quote,18/09/2019,0.165389
JPM,47896,QMLE-Quote,19/09/2019,0.116141
JPM,47896,QMLE-Quote,20/09/2019,0.167696
JPM,47896,QMLE-Quote,23/09/2019,0.115893
JPM,47896,QMLE-Quote,24/09/2019,0.172499
JPM,47896,QMLE-Quote,25/09/2019,0.136907
JPM,47896,QMLE-Quote,26/09/2019,0.133761
JPM,47896,QMLE-Quote,27/09/2019,0.168228
JPM,47896,QMLE-Quote,30/09/2019,0.1261
JPM,47896,QMLE-Quote,1/10/2019,0.173589
JPM,47896,QMLE-Quote,2/10/2019,0.172074
JPM,47896,QMLE-Quote,3/10/2019,0.249857
JPM,47896,QMLE-Quote,4/10/2019,0.137139
JPM,47896,QMLE-Quote,7/10/2019,0.139238
JPM,47896,QMLE-Quote,8/10/2019,0.192415
JPM,47896,QMLE-Quote,9/10/2019,0.146494
JPM,47896,QMLE-Quote,10/10/2019,0.153342
JPM,47896,QMLE-Quote,11/10/2019,0.213595
JPM,47896,QMLE-Quote,14/10/2019,0.106671
JPM,47896,QMLE-Quote,15/10/2019,0.20254
JPM,47896,QMLE-Quote,16/10/2019,0.136027
JPM,47896,QMLE-Quote,17/10/2019,0.143218
JPM,47896,QMLE-Quote,18/10/2019,0.120534
JPM,47896,QMLE-Quote,21/10/2019,0.131983
JPM,47896,QMLE-Quote,22/10/2019,0.124758
JPM,47896,QMLE-Quote,23/10/2019,0.12013
JPM,47896,QMLE-Quote,24/10/2019,0.115854
JPM,47896,QMLE-Quote,25/10/2019,0.106869
JPM,47896,QMLE-Quote,28/10/2019,0.104995
JPM,47896,QMLE-Quote,29/10/2019,0.112826
JPM,47896,QMLE-Quote,30/10/2019,0.144857
JPM,47896,QMLE-Quote,31/10/2019,0.148258
JPM,47896,QMLE-Quote,1/11/2019,0.0986745
JPM,47896,QMLE-Quote,4/11/2019,0.112312
JPM,47896,QMLE-Quote,5/11/2019,0.127432
JPM,47896,QMLE-Quote,6/11/2019,0.135835
JPM,47896,QMLE-Quote,7/11/2019,0.140383
JPM,47896,QMLE-Quote,8/11/2019,0.107262
JPM,47896,QMLE-Quote,11/11/2019,0.0892182
JPM,47896,QMLE-Quote,12/11/2019,0.119314
JPM,47896,QMLE-Quote,13/11/2019,0.142719
JPM,47896,QMLE-Quote,14/11/2019,0.121806
JPM,47896,QMLE-Quote,15/11/2019,0.107484
JPM,47896,QMLE-Quote,18/11/2019,0.103113
JPM,47896,QMLE-Quote,19/11/2019,0.124358
JPM,47896,QMLE-Quote,20/11/2019,0.130158
JPM,47896,QMLE-Quote,21/11/2019,0.130356
JPM,47896,QMLE-Quote,22/11/2019,0.113157
JPM,47896,QMLE-Quote,25/11/2019,0.087278
JPM,47896,QMLE-Quote,26/11/2019,0.113817
JPM,47896,QMLE-Quote,27/11/2019,0.086551
JPM,47896,QMLE-Quote,29/11/2019,0.0931516
JPM,47896,QMLE-Quote,2/12/2019,0.140701
JPM,47896,QMLE-Quote,3/12/2019,0.146894
JPM,47896,QMLE-Quote,4/12/2019,0.108905
JPM,47896,QMLE-Quote,5/12/2019,0.12194
JPM,47896,QMLE-Quote,6/12/2019,0.109148
JPM,47896,QMLE-Quote,9/12/2019,0.104387
JPM,47896,QMLE-Quote,10/12/2019,0.123668
JPM,47896,QMLE-Quote,11/12/2019,0.115469
JPM,47896,QMLE-Quote,12/12/2019,0.175198
JPM,47896,QMLE-Quote,13/12/2019,0.17187
JPM,47896,QMLE-Quote,16/12/2019,0.110152
JPM,47896,QMLE-Quote,17/12/2019,0.10179
JPM,47896,QMLE-Quote,18/12/2019,0.100465
JPM,47896,QMLE-Quote,19/12/2019,0.0878808
JPM,47896,QMLE-Quote,20/12/2019,0.135268
JPM,47896,QMLE-Quote,23/12/2019,0.101105
JPM,47896,QMLE-Quote,24/12/2019,0.0682843
JPM,47896,QMLE-Quote,26/12/2019,0.0693974
JPM,47896,QMLE-Quote,27/12/2019,0.0889466
JPM,47896,QMLE-Quote,30/12/2019,0.104415
JPM,47896,QMLE-Quote,31/12/2019,0.0867005
JPM,47896,QMLE-Quote,2/01/2020,0.104641
JPM,47896,QMLE-Quote,3/01/2020,0.166138
JPM,47896,QMLE-Quote,6/01/2020,0.104346
JPM,47896,QMLE-Quote,7/01/2020,0.102225
JPM,47896,QMLE-Quote,8/01/2020,0.129034
JPM,47896,QMLE-Quote,9/01/2020,0.116437
JPM,47896,QMLE-Quote,10/01/2020,0.109274
JPM,47896,QMLE-Quote,13/01/2020,0.0963517
JPM,47896,QMLE-Quote,14/01/2020,0.201858
JPM,47896,QMLE-Quote,15/01/2020,0.141606
JPM,47896,QMLE-Quote,16/01/2020,0.11682
JPM,47896,QMLE-Quote,17/01/2020,0.0955111
JPM,47896,QMLE-Quote,21/01/2020,0.0910555
JPM,47896,QMLE-Quote,22/01/2020,0.0917305
JPM,47896,QMLE-Quote,23/01/2020,0.12557
JPM,47896,QMLE-Quote,24/01/2020,0.13568
JPM,47896,QMLE-Quote,27/01/2020,0.194672
JPM,47896,QMLE-Quote,28/01/2020,0.131175
JPM,47896,QMLE-Quote,29/01/2020,0.150269
JPM,47896,QMLE-Quote,30/01/2020,0.204543
JPM,47896,QMLE-Quote,31/01/2020,0.180546
JPM,47896,QMLE-Quote,3/02/2020,0.167528
JPM,47896,QMLE-Quote,4/02/2020,0.138011
JPM,47896,QMLE-Quote,5/02/2020,0.154154
JPM,47896,QMLE-Quote,6/02/2020,0.118671
JPM,47896,QMLE-Quote,7/02/2020,0.134685
JPM,47896,QMLE-Quote,10/02/2020,0.110346
JPM,47896,QMLE-Quote,11/02/2020,0.108232
JPM,47896,QMLE-Quote,12/02/2020,0.0960497
JPM,47896,QMLE-Quote,13/02/2020,0.131402
JPM,47896,QMLE-Quote,14/02/2020,0.106283
JPM,47896,QMLE-Quote,18/02/2020,0.134469
JPM,47896,QMLE-Quote,19/02/2020,0.122902
JPM,47896,QMLE-Quote,20/02/2020,0.168605
JPM,47896,QMLE-Quote,21/02/2020,0.160702
JPM,47896,QMLE-Quote,24/02/2020,0.211377
JPM,47896,QMLE-Quote,25/02/2020,0.372857
JPM,47896,QMLE-Quote,26/02/2020,0.32029
JPM,47896,QMLE-Quote,27/02/2020,0.415341
JPM,47896,QMLE-Quote,28/02/2020,0.668763
JPM,47896,QMLE-Quote,2/03/2020,0.423952
JPM,47896,QMLE-Quote,3/03/2020,0.740939
JPM,47896,QMLE-Quote,4/03/2020,0.38622
JPM,47896,QMLE-Quote,5/03/2020,0.35918
JPM,47896,QMLE-Quote,6/03/2020,0.521911
JPM,47896,QMLE-Quote,9/03/2020,0.802952
JPM,47896,QMLE-Quote,10/03/2020,0.618112
JPM,47896,QMLE-Quote,11/03/2020,0.698996
JPM,47896,QMLE-Quote,12/03/2020,1.38193
JPM,47896,QMLE-Quote,13/03/2020,1.01809
JPM,47896,QMLE-Quote,16/03/2020,1.11687
JPM,47896,QMLE-Quote,17/03/2020,1.34086
JPM,47896,QMLE-Quote,18/03/2020,1.14939
JPM,47896,QMLE-Quote,19/03/2020,1.24006
JPM,47896,QMLE-Quote,20/03/2020,1.01147
JPM,47896,QMLE-Quote,23/03/2020,1.02542
JPM,47896,QMLE-Quote,24/03/2020,0.655991
JPM,47896,QMLE-Quote,25/03/2020,0.912161
JPM,47896,QMLE-Quote,26/03/2020,0.725753
JPM,47896,QMLE-Quote,27/03/2020,0.520378
JPM,47896,QMLE-Quote,30/03/2020,0.477966
JPM,47896,QMLE-Quote,31/03/2020,0.396281
JPM,47896,QMLE-Quote,1/04/2020,0.402272
JPM,47896,QMLE-Quote,2/04/2020,0.554104
JPM,47896,QMLE-Quote,3/04/2020,0.487762
JPM,47896,QMLE-Quote,6/04/2020,0.547195
JPM,47896,QMLE-Quote,7/04/2020,0.526971
JPM,47896,QMLE-Quote,8/04/2020,0.412421
JPM,47896,QMLE-Quote,9/04/2020,0.531518
JPM,47896,QMLE-Quote,13/04/2020,0.528641
JPM,47896,QMLE-Quote,14/04/2020,0.613119
JPM,47896,QMLE-Quote,15/04/2020,0.386375
JPM,47896,QMLE-Quote,16/04/2020,0.417341
JPM,47896,QMLE-Quote,17/04/2020,0.383449
JPM,47896,QMLE-Quote,20/04/2020,0.373176
JPM,47896,QMLE-Quote,21/04/2020,0.403633
JPM,47896,QMLE-Quote,22/04/2020,0.278084
JPM,47896,QMLE-Quote,23/04/2020,0.332479
JPM,47896,QMLE-Quote,24/04/2020,0.251691
JPM,47896,QMLE-Quote,27/04/2020,0.285792
JPM,47896,QMLE-Quote,28/04/2020,0.354093
JPM,47896,QMLE-Quote,29/04/2020,0.335792
JPM,47896,QMLE-Quote,30/04/2020,0.379689
JPM,47896,QMLE-Quote,1/05/2020,0.296659
JPM,47896,QMLE-Quote,4/05/2020,0.290878
JPM,47896,QMLE-Quote,5/05/2020,0.269931
JPM,47896,QMLE-Quote,6/05/2020,0.305609
JPM,47896,QMLE-Quote,7/05/2020,0.307043
JPM,47896,QMLE-Quote,8/05/2020,0.255815
JPM,47896,QMLE-Quote,11/05/2020,0.271504
JPM,47896,QMLE-Quote,12/05/2020,0.246307
JPM,47896,QMLE-Quote,13/05/2020,0.390246
JPM,47896,QMLE-Quote,14/05/2020,0.51189
JPM,47896,QMLE-Quote,15/05/2020,0.35231
JPM,47896,QMLE-Quote,18/05/2020,0.295
JPM,47896,QMLE-Quote,19/05/2020,0.344147
JPM,47896,QMLE-Quote,20/05/2020,0.251799
JPM,47896,QMLE-Quote,21/05/2020,0.240398
JPM,47896,QMLE-Quote,22/05/2020,0.212072
JPM,47896,QMLE-Quote,26/05/2020,0.282301
JPM,47896,QMLE-Quote,27/05/2020,0.406566
JPM,47896,QMLE-Quote,28/05/2020,0.390093
JPM,47896,QMLE-Quote,29/05/2020,0.364662
JPM,47896,QMLE-Quote,1/06/2020,0.235499
JPM,47896,QMLE-Quote,2/06/2020,0.239909
JPM,47896,QMLE-Quote,3/06/2020,0.238072
JPM,47896,QMLE-Quote,4/06/2020,0.305535
JPM,47896,QMLE-Quote,5/06/2020,0.441283
JPM,47896,QMLE-Quote,8/06/2020,0.282225
JPM,47896,QMLE-Quote,9/06/2020,0.337997
JPM,47896,QMLE-Quote,10/06/2020,0.421476
JPM,47896,QMLE-Quote,11/06/2020,0.448958
JPM,47896,QMLE-Quote,12/06/2020,0.471455
JPM,47896,QMLE-Quote,15/06/2020,0.4347
JPM,47896,QMLE-Quote,16/06/2020,0.536718
JPM,47896,QMLE-Quote,17/06/2020,0.322041
JPM,47896,QMLE-Quote,18/06/2020,0.325329
JPM,47896,QMLE-Quote,19/06/2020,0.337689
JPM,47896,QMLE-Quote,22/06/2020,0.217501
JPM,47896,QMLE-Quote,23/06/2020,0.253071
JPM,47896,QMLE-Quote,24/06/2020,0.282111
JPM,47896,QMLE-Quote,25/06/2020,0.351435
JPM,47896,QMLE-Quote,26/06/2020,0.337252
JPM,47896,QMLE-Quote,29/06/2020,0.263749
JPM,47896,QMLE-Quote,30/06/2020,0.266794
JPM,47896,QMLE-Quote,1/07/2020,0.261181
JPM,47896,QMLE-Quote,2/07/2020,0.255038
JPM,47896,QMLE-Quote,6/07/2020,0.224928
JPM,47896,QMLE-Quote,7/07/2020,0.18589
JPM,47896,QMLE-Quote,8/07/2020,0.220499
JPM,47896,QMLE-Quote,9/07/2020,0.265329
JPM,47896,QMLE-Quote,10/07/2020,0.285648
JPM,47896,QMLE-Quote,13/07/2020,0.351172
JPM,47896,QMLE-Quote,14/07/2020,0.499511
JPM,47896,QMLE-Quote,15/07/2020,0.297765
JPM,47896,QMLE-Quote,16/07/2020,0.274833
JPM,47896,QMLE-Quote,17/07/2020,0.171862
JPM,47896,QMLE-Quote,20/07/2020,0.187477
JPM,47896,QMLE-Quote,21/07/2020,0.203161
JPM,47896,QMLE-Quote,22/07/2020,0.220146
JPM,47896,QMLE-Quote,23/07/2020,0.218147
JPM,47896,QMLE-Quote,24/07/2020,0.220226
JPM,47896,QMLE-Quote,27/07/2020,0.205007
JPM,47896,QMLE-Quote,28/07/2020,0.187501
JPM,47896,QMLE-Quote,29/07/2020,0.194393
JPM,47896,QMLE-Quote,30/07/2020,0.22083
JPM,47896,QMLE-Quote,31/07/2020,0.24918
JPM,47896,QMLE-Quote,3/08/2020,0.192323
JPM,47896,QMLE-Quote,4/08/2020,0.168386
JPM,47896,QMLE-Quote,5/08/2020,0.189768
JPM,47896,QMLE-Quote,6/08/2020,0.17839
JPM,47896,QMLE-Quote,7/08/2020,0.193019
JPM,47896,QMLE-Quote,10/08/2020,0.217289
JPM,47896,QMLE-Quote,11/08/2020,0.3174
JPM,47896,QMLE-Quote,12/08/2020,0.251971
JPM,47896,QMLE-Quote,13/08/2020,0.225082
JPM,47896,QMLE-Quote,14/08/2020,0.194873
JPM,47896,QMLE-Quote,17/08/2020,0.191098
JPM,47896,QMLE-Quote,18/08/2020,0.202061
JPM,47896,QMLE-Quote,19/08/2020,0.220589
JPM,47896,QMLE-Quote,20/08/2020,0.22287
JPM,47896,QMLE-Quote,21/08/2020,0.188352
JPM,47896,QMLE-Quote,24/08/2020,0.235886
JPM,47896,QMLE-Quote,25/08/2020,0.241029
JPM,47896,QMLE-Quote,26/08/2020,0.170441
JPM,47896,QMLE-Quote,27/08/2020,0.299551
JPM,47896,QMLE-Quote,28/08/2020,0.227787
JPM,47896,QMLE-Quote,31/08/2020,0.205197
JPM,47896,QMLE-Quote,1/09/2020,0.204796
JPM,47896,QMLE-Quote,2/09/2020,0.242046
JPM,47896,QMLE-Quote,3/09/2020,0.370102
JPM,47896,QMLE-Quote,4/09/2020,0.38134
JPM,47896,QMLE-Quote,8/09/2020,0.313628
JPM,47896,QMLE-Quote,9/09/2020,0.244257
JPM,47896,QMLE-Quote,10/09/2020,0.252932
JPM,47896,QMLE-Quote,11/09/2020,0.215377
JPM,47896,QMLE-Quote,14/09/2020,0.224222
JPM,47896,QMLE-Quote,15/09/2020,0.262267
JPM,47896,QMLE-Quote,16/09/2020,0.260969
JPM,47896,QMLE-Quote,17/09/2020,0.240778
JPM,47896,QMLE-Quote,18/09/2020,0.231917
JPM,47896,QMLE-Quote,21/09/2020,0.338791
JPM,47896,QMLE-Quote,22/09/2020,0.203437
JPM,47896,QMLE-Quote,23/09/2020,0.22352
JPM,47896,QMLE-Quote,24/09/2020,0.287772
JPM,47896,QMLE-Quote,25/09/2020,0.243596
JPM,47896,QMLE-Quote,28/09/2020,0.216949
JPM,47896,QMLE-Quote,29/09/2020,0.216661
JPM,47896,QMLE-Quote,30/09/2020,0.272793
JPM,47896,QMLE-Quote,1/10/2020,0.266504
JPM,47896,QMLE-Quote,2/10/2020,0.244602
JPM,47896,QMLE-Quote,5/10/2020,0.183384
JPM,47896,QMLE-Quote,6/10/2020,0.334486
JPM,47896,QMLE-Quote,7/10/2020,0.213324
JPM,47896,QMLE-Quote,8/10/2020,0.201756
JPM,47896,QMLE-Quote,9/10/2020,0.195922
JPM,47896,QMLE-Quote,12/10/2020,0.171185
JPM,47896,QMLE-Quote,13/10/2020,0.309286
JPM,47896,QMLE-Quote,14/10/2020,0.212225
JPM,47896,QMLE-Quote,15/10/2020,0.224805
JPM,47896,QMLE-Quote,16/10/2020,0.172121
JPM,47896,QMLE-Quote,19/10/2020,0.181929
JPM,47896,QMLE-Quote,20/10/2020,0.21078
JPM,47896,QMLE-Quote,21/10/2020,0.19166
JPM,47896,QMLE-Quote,22/10/2020,0.197309
JPM,47896,QMLE-Quote,23/10/2020,0.214137
JPM,47896,QMLE-Quote,26/10/2020,0.231224
JPM,47896,QMLE-Quote,27/10/2020,0.195429
JPM,47896,QMLE-Quote,28/10/2020,0.29195
JPM,47896,QMLE-Quote,29/10/2020,0.286342
JPM,47896,QMLE-Quote,30/10/2020,0.330579
JPM,47896,QMLE-Quote,2/11/2020,0.269117
JPM,47896,QMLE-Quote,3/11/2020,0.277269
JPM,47896,QMLE-Quote,4/11/2020,0.345705
JPM,47896,QMLE-Quote,5/11/2020,0.262194
JPM,47896,QMLE-Quote,6/11/2020,0.230644
JPM,47896,QMLE-Quote,9/11/2020,0.394676
JPM,47896,QMLE-Quote,10/11/2020,0.299712
JPM,47896,QMLE-Quote,11/11/2020,0.244985
JPM,47896,QMLE-Quote,12/11/2020,0.21468
JPM,47896,QMLE-Quote,13/11/2020,0.185072
JPM,47896,QMLE-Quote,16/11/2020,0.235833
JPM,47896,QMLE-Quote,17/11/2020,0.184792
JPM,47896,QMLE-Quote,18/11/2020,0.224413
JPM,47896,QMLE-Quote,19/11/2020,0.240054
JPM,47896,QMLE-Quote,20/11/2020,0.179729
JPM,47896,QMLE-Quote,23/11/2020,0.176446
JPM,47896,QMLE-Quote,24/11/2020,0.241518
JPM,47896,QMLE-Quote,25/11/2020,0.20193
JPM,47896,QMLE-Quote,27/11/2020,0.155711
JPM,47896,QMLE-Quote,30/11/2020,0.189668
JPM,47896,QMLE-Quote,1/12/2020,0.219994
JPM,47896,QMLE-Quote,2/12/2020,0.175575
JPM,47896,QMLE-Quote,3/12/2020,0.212833
JPM,47896,QMLE-Quote,4/12/2020,0.195061
JPM,47896,QMLE-Quote,7/12/2020,0.19749
JPM,47896,QMLE-Quote,8/12/2020,0.16067
JPM,47896,QMLE-Quote,9/12/2020,0.191622
JPM,47896,QMLE-Quote,10/12/2020,0.218461
JPM,47896,QMLE-Quote,11/12/2020,0.17932
JPM,47896,QMLE-Quote,14/12/2020,0.185241
JPM,47896,QMLE-Quote,15/12/2020,0.175437
JPM,47896,QMLE-Quote,17/12/2020,0.171407
JPM,47896,QMLE-Quote,18/12/2020,0.191234
JPM,47896,QMLE-Quote,21/12/2020,0.324174
JPM,47896,QMLE-Quote,22/12/2020,0.181449
JPM,47896,QMLE-Quote,23/12/2020,0.196724
JPM,47896,QMLE-Quote,24/12/2020,0.147391
JPM,47896,QMLE-Quote,28/12/2020,0.177021
JPM,47896,QMLE-Quote,29/12/2020,0.174081
JPM,47896,QMLE-Quote,30/12/2020,0.15056
JPM,47896,QMLE-Quote,31/12/2020,0.133886
JPM,47896,QMLE-Quote,4/01/2021,0.235625
JPM,47896,QMLE-Quote,5/01/2021,0.217925
JPM,47896,QMLE-Quote,6/01/2021,0.321308
JPM,47896,QMLE-Quote,7/01/2021,0.236948
JPM,47896,QMLE-Quote,8/01/2021,0.219394
JPM,47896,QMLE-Quote,11/01/2021,0.213698
JPM,47896,QMLE-Quote,12/01/2021,0.231466
JPM,47896,QMLE-Quote,13/01/2021,0.194137
JPM,47896,QMLE-Quote,14/01/2021,0.213478
JPM,47896,QMLE-Quote,15/01/2021,0.364132
JPM,47896,QMLE-Quote,19/01/2021,0.297941
JPM,47896,QMLE-Quote,20/01/2021,0.211511
JPM,47896,QMLE-Quote,21/01/2021,0.170544
JPM,47896,QMLE-Quote,22/01/2021,0.199854
JPM,47896,QMLE-Quote,25/01/2021,0.215878
JPM,47896,QMLE-Quote,26/01/2021,0.187493
JPM,47896,QMLE-Quote,27/01/2021,0.317256
JPM,47896,QMLE-Quote,28/01/2021,0.251181
JPM,47896,QMLE-Quote,29/01/2021,0.27855
JPM,47896,QMLE-Quote,1/02/2021,0.235757
JPM,47896,QMLE-Quote,2/02/2021,0.212847
JPM,47896,QMLE-Quote,3/02/2021,0.183883
JPM,47896,QMLE-Quote,4/02/2021,0.192899
JPM,47896,QMLE-Quote,5/02/2021,0.177157
JPM,47896,QMLE-Quote,8/02/2021,0.175478
JPM,47896,QMLE-Quote,9/02/2021,0.154377
JPM,47896,QMLE-Quote,10/02/2021,0.193597
JPM,47896,QMLE-Quote,11/02/2021,0.175578
JPM,47896,QMLE-Quote,12/02/2021,0.164031
JPM,47896,QMLE-Quote,16/02/2021,0.182286
JPM,47896,QMLE-Quote,17/02/2021,0.194196
JPM,47896,QMLE-Quote,18/02/2021,0.193908
JPM,47896,QMLE-Quote,19/02/2021,0.169937
JPM,47896,QMLE-Quote,22/02/2021,0.203057
JPM,47896,QMLE-Quote,23/02/2021,0.259899
JPM,47896,QMLE-Quote,24/02/2021,0.233101
JPM,47896,QMLE-Quote,25/02/2021,0.27513
JPM,47896,QMLE-Quote,26/02/2021,0.302857
JPM,47896,QMLE-Quote,1/03/2021,0.218603
JPM,47896,QMLE-Quote,2/03/2021,0.200694
JPM,47896,QMLE-Quote,3/03/2021,0.234042
JPM,47896,QMLE-Quote,4/03/2021,0.331485
JPM,47896,QMLE-Quote,5/03/2021,0.311045
JPM,47896,QMLE-Quote,8/03/2021,0.274918
JPM,47896,QMLE-Quote,9/03/2021,0.246671
JPM,47896,QMLE-Quote,10/03/2021,0.223845
JPM,47896,QMLE-Quote,11/03/2021,0.200633
JPM,47896,QMLE-Quote,12/03/2021,0.185889
JPM,47896,QMLE-Quote,15/03/2021,0.184001
JPM,47896,QMLE-Quote,16/03/2021,0.162864
JPM,47896,QMLE-Quote,17/03/2021,0.231883
JPM,47896,QMLE-Quote,18/03/2021,0.236838
JPM,47896,QMLE-Quote,19/03/2021,0.395535
JPM,47896,QMLE-Quote,22/03/2021,0.208305
JPM,47896,QMLE-Quote,24/03/2021,0.217141
JPM,47896,QMLE-Quote,25/03/2021,0.254803
JPM,47896,QMLE-Quote,26/03/2021,0.197
JPM,47896,QMLE-Quote,29/03/2021,0.227484
JPM,47896,QMLE-Quote,30/03/2021,0.188226
JPM,47896,QMLE-Quote,31/03/2021,0.184508
JPM,47896,QMLE-Quote,1/04/2021,0.17055
JPM,47896,QMLE-Quote,5/04/2021,0.175194
JPM,47896,QMLE-Quote,6/04/2021,0.133282
JPM,47896,QMLE-Quote,7/04/2021,0.144128
JPM,47896,QMLE-Quote,9/04/2021,0.151024
JPM,47896,QMLE-Quote,12/04/2021,0.140912
JPM,47896,QMLE-Quote,13/04/2021,0.167581
JPM,47896,QMLE-Quote,14/04/2021,0.246379
JPM,47896,QMLE-Quote,15/04/2021,0.221005
JPM,47896,QMLE-Quote,16/04/2021,0.154122
JPM,47896,QMLE-Quote,19/04/2021,0.177905
JPM,47896,QMLE-Quote,20/04/2021,0.174155
JPM,47896,QMLE-Quote,21/04/2021,0.228069
JPM,47896,QMLE-Quote,22/04/2021,0.200198
JPM,47896,QMLE-Quote,23/04/2021,0.179954
JPM,47896,QMLE-Quote,26/04/2021,0.143522
JPM,47896,QMLE-Quote,27/04/2021,0.144039
JPM,47896,QMLE-Quote,28/04/2021,0.139633
JPM,47896,QMLE-Quote,29/04/2021,0.158162
JPM,47896,QMLE-Quote,30/04/2021,0.154663
JPM,47896,QMLE-Quote,3/05/2021,0.150139
JPM,47896,QMLE-Quote,4/05/2021,0.207463
JPM,47896,QMLE-Quote,5/05/2021,0.166081
JPM,47896,QMLE-Quote,6/05/2021,0.177878
JPM,47896,QMLE-Quote,7/05/2021,0.152939
JPM,47896,QMLE-Quote,10/05/2021,0.179849
JPM,47896,QMLE-Quote,11/05/2021,0.239709
JPM,47896,QMLE-Quote,13/05/2021,0.239914
JPM,47896,QMLE-Quote,14/05/2021,0.173673
JPM,47896,QMLE-Quote,17/05/2021,0.186911
JPM,47896,QMLE-Quote,18/05/2021,0.182521
JPM,47896,QMLE-Quote,19/05/2021,0.222656
JPM,47896,QMLE-Quote,20/05/2021,0.173551
JPM,47896,QMLE-Quote,21/05/2021,0.164392
JPM,47896,QMLE-Quote,24/05/2021,0.149394
JPM,47896,QMLE-Quote,25/05/2021,0.162091
JPM,47896,QMLE-Quote,26/05/2021,0.167836
JPM,47896,QMLE-Quote,27/05/2021,0.167787
JPM,47896,QMLE-Quote,28/05/2021,0.145874
JPM,47896,QMLE-Quote,1/06/2021,0.139924
JPM,47896,QMLE-Quote,2/06/2021,0.158744
JPM,47896,QMLE-Quote,3/06/2021,0.16148
JPM,47896,QMLE-Quote,4/06/2021,0.111614
JPM,47896,QMLE-Quote,7/06/2021,0.111511
JPM,47896,QMLE-Quote,8/06/2021,0.138073
JPM,47896,QMLE-Quote,9/06/2021,0.1345
JPM,47896,QMLE-Quote,10/06/2021,0.145093
JPM,47896,QMLE-Quote,11/06/2021,0.140771
JPM,47896,QMLE-Quote,14/06/2021,0.189022
JPM,47896,QMLE-Quote,15/06/2021,0.165827
JPM,47896,QMLE-Quote,16/06/2021,0.265285
JPM,47896,QMLE-Quote,17/06/2021,0.227152
JPM,47896,QMLE-Quote,18/06/2021,0.264068
JPM,47896,QMLE-Quote,21/06/2021,0.180581
JPM,47896,QMLE-Quote,22/06/2021,0.163917
JPM,47896,QMLE-Quote,23/06/2021,0.144292
JPM,47896,QMLE-Quote,24/06/2021,0.141756
JPM,47896,QMLE-Quote,25/06/2021,0.144066
JPM,47896,QMLE-Quote,28/06/2021,0.151505
JPM,47896,QMLE-Quote,29/06/2021,0.158339
JPM,47896,QMLE-Quote,30/06/2021,0.142524
JPM,47896,QMLE-Quote,1/07/2021,0.14392
JPM,47896,QMLE-Quote,2/07/2021,0.111773
JPM,47896,QMLE-Quote,6/07/2021,0.164576
JPM,47896,QMLE-Quote,7/07/2021,0.189563
JPM,47896,QMLE-Quote,8/07/2021,0.199734
JPM,47896,QMLE-Quote,9/07/2021,0.152719
JPM,47896,QMLE-Quote,12/07/2021,0.191685
JPM,47896,QMLE-Quote,13/07/2021,0.214366
JPM,47896,QMLE-Quote,14/07/2021,0.191567
JPM,47896,QMLE-Quote,15/07/2021,0.172646
JPM,47896,QMLE-Quote,16/07/2021,0.16558
JPM,47896,QMLE-Quote,19/07/2021,0.25392
JPM,47896,QMLE-Quote,20/07/2021,0.210063
JPM,47896,QMLE-Quote,21/07/2021,0.176149
JPM,47896,QMLE-Quote,22/07/2021,0.187823
JPM,47896,QMLE-Quote,23/07/2021,0.151245
JPM,47896,QMLE-Quote,26/07/2021,0.166669
JPM,47896,QMLE-Quote,27/07/2021,0.177327
JPM,47896,QMLE-Quote,28/07/2021,0.183847
JPM,47896,QMLE-Quote,29/07/2021,0.167065
JPM,47896,QMLE-Quote,30/07/2021,0.162623
JPM,47896,QMLE-Quote,2/08/2021,0.164902
JPM,47896,QMLE-Quote,3/08/2021,0.189675
JPM,47896,QMLE-Quote,4/08/2021,0.215943
JPM,47896,QMLE-Quote,5/08/2021,0.164483
JPM,47896,QMLE-Quote,6/08/2021,0.173568
JPM,47896,QMLE-Quote,9/08/2021,0.171897
JPM,47896,QMLE-Quote,10/08/2021,0.179674
JPM,47896,QMLE-Quote,11/08/2021,0.152939
JPM,47896,QMLE-Quote,12/08/2021,0.156189
JPM,47896,QMLE-Quote,13/08/2021,0.142763
JPM,47896,QMLE-Quote,16/08/2021,0.17766
JPM,47896,QMLE-Quote,17/08/2021,0.185775
JPM,47896,QMLE-Quote,18/08/2021,0.171104
JPM,47896,QMLE-Quote,19/08/2021,0.211197
JPM,47896,QMLE-Quote,20/08/2021,0.184102
JPM,47896,QMLE-Quote,23/08/2021,0.148963
JPM,47896,QMLE-Quote,24/08/2021,0.141694
JPM,47896,QMLE-Quote,25/08/2021,0.140476
JPM,47896,QMLE-Quote,26/08/2021,0.197534
JPM,47896,QMLE-Quote,27/08/2021,0.147092
JPM,47896,QMLE-Quote,30/08/2021,0.173279
JPM,47896,QMLE-Quote,31/08/2021,0.16466
JPM,47896,QMLE-Quote,1/09/2021,0.162996
JPM,47896,QMLE-Quote,2/09/2021,0.141243
JPM,47896,QMLE-Quote,3/09/2021,0.148666
JPM,47896,QMLE-Quote,7/09/2021,0.152223
JPM,47896,QMLE-Quote,8/09/2021,0.166696
JPM,47896,QMLE-Quote,9/09/2021,0.163043
JPM,47896,QMLE-Quote,10/09/2021,0.169356
JPM,47896,QMLE-Quote,13/09/2021,0.187861
JPM,47896,QMLE-Quote,14/09/2021,0.206495
JPM,47896,QMLE-Quote,15/09/2021,0.196381
JPM,47896,QMLE-Quote,16/09/2021,0.178449
JPM,47896,QMLE-Quote,17/09/2021,0.183447
JPM,47896,QMLE-Quote,20/09/2021,0.242738
JPM,47896,QMLE-Quote,21/09/2021,0.20512
JPM,47896,QMLE-Quote,22/09/2021,0.191474
JPM,47896,QMLE-Quote,23/09/2021,0.140222
JPM,47896,QMLE-Quote,24/09/2021,0.152485
JPM,47896,QMLE-Quote,27/09/2021,0.171928
JPM,47896,QMLE-Quote,28/09/2021,0.248045
JPM,47896,QMLE-Quote,29/09/2021,0.182441
JPM,47896,QMLE-Quote,30/09/2021,0.212308
JPM,47896,QMLE-Quote,1/10/2021,0.196306
JPM,47896,QMLE-Quote,4/10/2021,0.23137
JPM,47896,QMLE-Quote,5/10/2021,0.173691
JPM,47896,QMLE-Quote,6/10/2021,0.228416
JPM,47896,QMLE-Quote,7/10/2021,0.167086
JPM,47896,QMLE-Quote,8/10/2021,0.15058
JPM,47896,QMLE-Quote,11/10/2021,0.169968
JPM,47896,QMLE-Quote,12/10/2021,0.233329
JPM,47896,QMLE-Quote,13/10/2021,0.269728
JPM,47896,QMLE-Quote,14/10/2021,0.204216
JPM,47896,QMLE-Quote,15/10/2021,0.177015
JPM,47896,QMLE-Quote,18/10/2021,0.181873
JPM,47896,QMLE-Quote,19/10/2021,0.151838
JPM,47896,QMLE-Quote,20/10/2021,0.149629
JPM,47896,QMLE-Quote,21/10/2021,0.148974
JPM,47896,QMLE-Quote,22/10/2021,0.13703
JPM,47896,QMLE-Quote,25/10/2021,0.139391
JPM,47896,QMLE-Quote,26/10/2021,0.130853
JPM,47896,QMLE-Quote,27/10/2021,0.175487
JPM,47896,QMLE-Quote,28/10/2021,0.174774
JPM,47896,QMLE-Quote,1/11/2021,0.163848
JPM,47896,QMLE-Quote,2/11/2021,0.135423
JPM,47896,QMLE-Quote,3/11/2021,0.166831
JPM,47896,QMLE-Quote,4/11/2021,0.153837
JPM,47896,QMLE-Quote,5/11/2021,0.162886
JPM,47896,QMLE-Quote,8/11/2021,0.152956
JPM,47896,QMLE-Quote,9/11/2021,0.160411
JPM,47896,QMLE-Quote,10/11/2021,0.178959
JPM,47896,QMLE-Quote,11/11/2021,0.130693
JPM,47896,QMLE-Quote,12/11/2021,0.164761
JPM,47896,QMLE-Quote,15/11/2021,0.146324
JPM,47896,QMLE-Quote,16/11/2021,0.137747
JPM,47896,QMLE-Quote,17/11/2021,0.149728
JPM,47896,QMLE-Quote,18/11/2021,0.145045
JPM,47896,QMLE-Quote,19/11/2021,0.169075
JPM,47896,QMLE-Quote,22/11/2021,0.214172
JPM,47896,QMLE-Quote,23/11/2021,0.202841
JPM,47896,QMLE-Quote,24/11/2021,0.173628
JPM,47896,QMLE-Quote,26/11/2021,0.268348
JPM,47896,QMLE-Quote,29/11/2021,0.230001
JPM,47896,QMLE-Quote,30/11/2021,0.268262
JPM,47896,QMLE-Quote,1/12/2021,0.25833
JPM,47896,QMLE-Quote,2/12/2021,0.247263
JPM,47896,QMLE-Quote,3/12/2021,0.24364
JPM,47896,QMLE-Quote,6/12/2021,0.238062
JPM,47896,QMLE-Quote,7/12/2021,0.193593
JPM,47896,QMLE-Quote,8/12/2021,0.167452
JPM,47896,QMLE-Quote,9/12/2021,0.196616
JPM,47896,QMLE-Quote,10/12/2021,0.152171
JPM,47896,QMLE-Quote,13/12/2021,0.155282
JPM,47896,QMLE-Quote,14/12/2021,0.175857
JPM,47896,QMLE-Quote,15/12/2021,0.197893
JPM,47896,QMLE-Quote,16/12/2021,0.192295
JPM,47896,QMLE-Quote,17/12/2021,0.215704
JPM,47896,QMLE-Quote,20/12/2021,0.217473
JPM,47896,QMLE-Quote,21/12/2021,0.164752
JPM,47896,QMLE-Quote,22/12/2021,0.125329
JPM,47896,QMLE-Quote,23/12/2021,0.123653
JPM,47896,QMLE-Quote,28/12/2021,0.130203
JPM,47896,QMLE-Quote,29/12/2021,0.119411
JPM,47896,QMLE-Quote,30/12/2021,0.114089
JPM,47896,QMLE-Quote,31/12/2021,0.112656
JPM,47896,QMLE-Quote,3/01/2022,0.16997
JPM,47896,QMLE-Quote,4/01/2022,0.198222
JPM,47896,QMLE-Quote,5/01/2022,0.206972
JPM,47896,QMLE-Quote,6/01/2022,0.206198
JPM,47896,QMLE-Quote,7/01/2022,0.174204
JPM,47896,QMLE-Quote,10/01/2022,0.236905
JPM,47896,QMLE-Quote,11/01/2022,0.185495
JPM,47896,QMLE-Quote,12/01/2022,0.178941
JPM,47896,QMLE-Quote,13/01/2022,0.18216
JPM,47896,QMLE-Quote,14/01/2022,0.33098
JPM,47896,QMLE-Quote,18/01/2022,0.259667
JPM,47896,QMLE-Quote,19/01/2022,0.246467
JPM,47896,QMLE-Quote,20/01/2022,0.210593
JPM,47896,QMLE-Quote,21/01/2022,0.281762
JPM,47896,QMLE-Quote,24/01/2022,0.377474
JPM,47896,QMLE-Quote,25/01/2022,0.309709
JPM,47896,QMLE-Quote,26/01/2022,0.374021
JPM,47896,QMLE-Quote,27/01/2022,0.296426
JPM,47896,QMLE-Quote,28/01/2022,0.293152
JPM,47896,QMLE-Quote,31/01/2022,0.221249
JPM,47896,QMLE-Quote,1/02/2022,0.202309
JPM,47896,QMLE-Quote,2/02/2022,0.181661
JPM,47896,QMLE-Quote,3/02/2022,0.201406
JPM,47896,QMLE-Quote,4/02/2022,0.192188
JPM,47896,QMLE-Quote,7/02/2022,0.196435
JPM,47896,QMLE-Quote,8/02/2022,0.211897
JPM,47896,QMLE-Quote,9/02/2022,0.157684
JPM,47896,QMLE-Quote,10/02/2022,0.220612
JPM,47896,QMLE-Quote,11/02/2022,0.267775
JPM,47896,QMLE-Quote,14/02/2022,0.298166
JPM,47896,QMLE-Quote,15/02/2022,0.19095
JPM,47896,QMLE-Quote,16/02/2022,0.220703
JPM,47896,QMLE-Quote,17/02/2022,0.208457
JPM,47896,QMLE-Quote,18/02/2022,0.252281
JPM,47896,QMLE-Quote,22/02/2022,0.285855
JPM,47896,QMLE-Quote,23/02/2022,0.24892
JPM,47896,QMLE-Quote,24/02/2022,0.441867
JPM,47896,QMLE-Quote,25/02/2022,0.285239
JPM,47896,QMLE-Quote,28/02/2022,0.333571
JPM,47896,QMLE-Quote,1/03/2022,0.366604
JPM,47896,QMLE-Quote,2/03/2022,0.336874
JPM,47896,QMLE-Quote,3/03/2022,0.270018
JPM,47896,QMLE-Quote,4/03/2022,0.300842
JPM,47896,QMLE-Quote,7/03/2022,0.359889
JPM,47896,QMLE-Quote,8/03/2022,0.420143
JPM,47896,QMLE-Quote,9/03/2022,0.31893
JPM,47896,QMLE-Quote,10/03/2022,0.350168
JPM,47896,QMLE-Quote,11/03/2022,0.35213
JPM,47896,QMLE-Quote,14/03/2022,0.304698
JPM,47896,QMLE-Quote,15/03/2022,0.308333
JPM,47896,QMLE-Quote,16/03/2022,0.330706
JPM,47896,QMLE-Quote,17/03/2022,0.282436
JPM,47896,QMLE-Quote,18/03/2022,0.232388
JPM,47896,QMLE-Quote,21/03/2022,0.220514
JPM,47896,QMLE-Quote,22/03/2022,0.197659
JPM,47896,QMLE-Quote,23/03/2022,0.162658
JPM,47896,QMLE-Quote,24/03/2022,0.156567
JPM,47896,QMLE-Quote,25/03/2022,0.166449
JPM,47896,QMLE-Quote,28/03/2022,0.199531
JPM,47896,QMLE-Quote,29/03/2022,0.208335
JPM,47896,QMLE-Quote,30/03/2022,0.144954
JPM,47896,QMLE-Quote,31/03/2022,0.164849
JPM,47896,QMLE-Quote,1/04/2022,0.216539
JPM,47896,QMLE-Quote,4/04/2022,0.213456
JPM,47896,QMLE-Quote,5/04/2022,0.195119
JPM,47896,QMLE-Quote,6/04/2022,0.232959
JPM,47896,QMLE-Quote,7/04/2022,0.234036
JPM,47896,QMLE-Quote,8/04/2022,0.201367
JPM,47896,QMLE-Quote,11/04/2022,0.198927
JPM,47896,QMLE-Quote,12/04/2022,0.222876
JPM,47896,QMLE-Quote,13/04/2022,0.367054
JPM,47896,QMLE-Quote,14/04/2022,0.254016
JPM,47896,QMLE-Quote,18/04/2022,0.242709
JPM,47896,QMLE-Quote,19/04/2022,0.208641
JPM,47896,QMLE-Quote,20/04/2022,0.208224
JPM,47896,QMLE-Quote,21/04/2022,0.216193
JPM,47896,QMLE-Quote,22/04/2022,0.239749
JPM,47896,QMLE-Quote,25/04/2022,0.322211
JPM,47896,QMLE-Quote,26/04/2022,0.277428
JPM,47896,QMLE-Quote,27/04/2022,0.32455
JPM,47896,QMLE-Quote,28/04/2022,0.225781
JPM,47896,QMLE-Quote,29/04/2022,0.251071
JPM,47896,QMLE-Quote,2/05/2022,0.318395
JPM,47896,QMLE-Quote,3/05/2022,0.295536
JPM,47896,QMLE-Quote,4/05/2022,0.307475
JPM,47896,QMLE-Quote,5/05/2022,0.342552
JPM,47896,QMLE-Quote,6/05/2022,0.339209
JPM,47896,QMLE-Quote,9/05/2022,0.311735
JPM,47896,QMLE-Quote,10/05/2022,0.364184
JPM,47896,QMLE-Quote,11/05/2022,0.353448
JPM,47896,QMLE-Quote,12/05/2022,0.389822
JPM,47896,QMLE-Quote,13/05/2022,0.260949
JPM,47896,QMLE-Quote,16/05/2022,0.273514
JPM,47896,QMLE-Quote,18/05/2022,0.269905
JPM,47896,QMLE-Quote,19/05/2022,0.33309
JPM,47896,QMLE-Quote,20/05/2022,0.293526
JPM,47896,QMLE-Quote,23/05/2022,0.307506
JPM,47896,QMLE-Quote,24/05/2022,0.364789
JPM,47896,QMLE-Quote,25/05/2022,0.299034
JPM,47896,QMLE-Quote,26/05/2022,0.211695
JPM,47896,QMLE-Quote,27/05/2022,0.214069
JPM,47896,QMLE-Quote,31/05/2022,0.255412
JPM,47896,QMLE-Quote,1/06/2022,0.246733
JPM,47896,QMLE-Quote,2/06/2022,0.235799
JPM,47896,QMLE-Quote,3/06/2022,0.219268
JPM,47896,QMLE-Quote,6/06/2022,0.204411
JPM,47896,QMLE-Quote,7/06/2022,0.181811
JPM,47896,QMLE-Quote,8/06/2022,0.173943
JPM,47896,QMLE-Quote,9/06/2022,0.220649
JPM,47896,QMLE-Quote,10/06/2022,0.285137
JPM,47896,QMLE-Quote,13/06/2022,0.335799
JPM,47896,QMLE-Quote,14/06/2022,0.30698
JPM,47896,QMLE-Quote,15/06/2022,0.381315
JPM,47896,QMLE-Quote,16/06/2022,0.290821
JPM,47896,QMLE-Quote,17/06/2022,0.306767
JPM,47896,QMLE-Quote,21/06/2022,0.240387
JPM,47896,QMLE-Quote,22/06/2022,0.211332
JPM,47896,QMLE-Quote,23/06/2022,0.278923
JPM,47896,QMLE-Quote,24/06/2022,0.250632
JPM,47896,QMLE-Quote,27/06/2022,0.255657
JPM,47896,QMLE-Quote,28/06/2022,0.261176
JPM,47896,QMLE-Quote,29/06/2022,0.257351
JPM,47896,QMLE-Quote,30/06/2022,0.284547
JPM,47896,QMLE-Quote,1/07/2022,0.258901
JPM,47896,QMLE-Quote,5/07/2022,0.242369
JPM,47896,QMLE-Quote,6/07/2022,0.268402
JPM,47896,QMLE-Quote,7/07/2022,0.20017
JPM,47896,QMLE-Quote,8/07/2022,0.211934
JPM,47896,QMLE-Quote,11/07/2022,0.21616
JPM,47896,QMLE-Quote,12/07/2022,0.24879
JPM,47896,QMLE-Quote,13/07/2022,0.336761
JPM,47896,QMLE-Quote,14/07/2022,0.384102
JPM,47896,QMLE-Quote,15/07/2022,0.331651
JPM,47896,QMLE-Quote,18/07/2022,0.297702
JPM,47896,QMLE-Quote,19/07/2022,0.209907
JPM,47896,QMLE-Quote,20/07/2022,0.228398
JPM,47896,QMLE-Quote,21/07/2022,0.2408
JPM,47896,QMLE-Quote,22/07/2022,0.208479
JPM,47896,QMLE-Quote,25/07/2022,0.210123
JPM,47896,QMLE-Quote,26/07/2022,0.211812
JPM,47896,QMLE-Quote,27/07/2022,0.206727
JPM,47896,QMLE-Quote,28/07/2022,0.19988
JPM,47896,QMLE-Quote,29/07/2022,0.185996
JPM,47896,QMLE-Quote,1/08/2022,0.233121
JPM,47896,QMLE-Quote,2/08/2022,0.190194
JPM,47896,QMLE-Quote,3/08/2022,0.208095
JPM,47896,QMLE-Quote,4/08/2022,0.167965
JPM,47896,QMLE-Quote,5/08/2022,0.257608
JPM,47896,QMLE-Quote,8/08/2022,0.203759
JPM,47896,QMLE-Quote,9/08/2022,0.164331
JPM,47896,QMLE-Quote,10/08/2022,0.210293
JPM,47896,QMLE-Quote,11/08/2022,0.204219
JPM,47896,QMLE-Quote,12/08/2022,0.148015
JPM,47896,QMLE-Quote,15/08/2022,0.157107
JPM,47896,QMLE-Quote,16/08/2022,0.166431
JPM,47896,QMLE-Quote,17/08/2022,0.183259
JPM,47896,QMLE-Quote,18/08/2022,0.118785
JPM,47896,QMLE-Quote,19/08/2022,0.164626
JPM,47896,QMLE-Quote,22/08/2022,0.174938
JPM,47896,QMLE-Quote,23/08/2022,0.166451
JPM,47896,QMLE-Quote,24/08/2022,0.152508
JPM,47896,QMLE-Quote,25/08/2022,0.173055
JPM,47896,QMLE-Quote,26/08/2022,0.255826
JPM,47896,QMLE-Quote,29/08/2022,0.204558
JPM,47896,QMLE-Quote,30/08/2022,0.225327
JPM,47896,QMLE-Quote,31/08/2022,0.226488
JPM,47896,QMLE-Quote,1/09/2022,0.252461
JPM,47896,QMLE-Quote,2/09/2022,0.271736
JPM,47896,QMLE-Quote,6/09/2022,0.263606
JPM,47896,QMLE-Quote,8/09/2022,0.271841
JPM,47896,QMLE-Quote,9/09/2022,0.193259
JPM,47896,QMLE-Quote,12/09/2022,0.171907
JPM,47896,QMLE-Quote,13/09/2022,0.243698
JPM,47896,QMLE-Quote,14/09/2022,0.239032
JPM,47896,QMLE-Quote,15/09/2022,0.248298
JPM,47896,QMLE-Quote,16/09/2022,0.27199
JPM,47896,QMLE-Quote,19/09/2022,0.218639
JPM,47896,QMLE-Quote,20/09/2022,0.229126
JPM,47896,QMLE-Quote,21/09/2022,0.36835
JPM,47896,QMLE-Quote,22/09/2022,0.288731
JPM,47896,QMLE-Quote,23/09/2022,0.253237
JPM,47896,QMLE-Quote,26/09/2022,0.31802
JPM,47896,QMLE-Quote,27/09/2022,0.305769
JPM,47896,QMLE-Quote,28/09/2022,0.287908
JPM,47896,QMLE-Quote,29/09/2022,0.27772
JPM,47896,QMLE-Quote,30/09/2022,0.304208
JPM,47896,QMLE-Quote,4/10/2022,0.262991
JPM,47896,QMLE-Quote,5/10/2022,0.282879
JPM,47896,QMLE-Quote,6/10/2022,0.260633
JPM,47896,QMLE-Quote,7/10/2022,0.219535
JPM,47896,QMLE-Quote,10/10/2022,0.263124
JPM,47896,QMLE-Quote,11/10/2022,0.286623
JPM,47896,QMLE-Quote,12/10/2022,0.279608
JPM,47896,QMLE-Quote,13/10/2022,0.432161
JPM,47896,QMLE-Quote,14/10/2022,0.54196
JPM,47896,QMLE-Quote,17/10/2022,0.365873
JPM,47896,QMLE-Quote,18/10/2022,0.364281
JPM,47896,QMLE-Quote,19/10/2022,0.311812
JPM,47896,QMLE-Quote,20/10/2022,0.284059
JPM,47896,QMLE-Quote,21/10/2022,0.319797
JPM,47896,QMLE-Quote,24/10/2022,0.297802
JPM,47896,QMLE-Quote,25/10/2022,0.199671
JPM,47896,QMLE-Quote,26/10/2022,0.263457
JPM,47896,QMLE-Quote,27/10/2022,0.255127
JPM,47896,QMLE-Quote,28/10/2022,0.195894
JPM,47896,QMLE-Quote,31/10/2022,0.203814
JPM,47896,QMLE-Quote,1/11/2022,0.219688
JPM,47896,QMLE-Quote,2/11/2022,0.318531
JPM,47896,QMLE-Quote,3/11/2022,0.289721
JPM,47896,QMLE-Quote,4/11/2022,0.246717
JPM,47896,QMLE-Quote,7/11/2022,0.165484
JPM,47896,QMLE-Quote,8/11/2022,0.194956
JPM,47896,QMLE-Quote,9/11/2022,0.20172
JPM,47896,QMLE-Quote,10/11/2022,0.240924
JPM,47896,QMLE-Quote,11/11/2022,0.20487
JPM,47896,QMLE-Quote,14/11/2022,0.180347
JPM,47896,QMLE-Quote,15/11/2022,0.270871
JPM,47896,QMLE-Quote,16/11/2022,0.192348
JPM,47896,QMLE-Quote,17/11/2022,0.185771
JPM,47896,QMLE-Quote,18/11/2022,0.178617
JPM,47896,QMLE-Quote,21/11/2022,0.147993
JPM,47896,QMLE-Quote,22/11/2022,0.130726
JPM,47896,QMLE-Quote,23/11/2022,0.119241
JPM,47896,QMLE-Quote,25/11/2022,0.0949178
JPM,47896,QMLE-Quote,28/11/2022,0.134573
JPM,47896,QMLE-Quote,29/11/2022,0.143673
JPM,47896,QMLE-Quote,30/11/2022,0.231767
JPM,47896,QMLE-Quote,1/12/2022,0.181348
JPM,47896,QMLE-Quote,2/12/2022,0.151936
JPM,47896,QMLE-Quote,6/12/2022,0.281482
JPM,47896,QMLE-Quote,7/12/2022,0.235721
JPM,47896,QMLE-Quote,8/12/2022,0.176272
JPM,47896,QMLE-Quote,9/12/2022,0.178357
JPM,47896,QMLE-Quote,12/12/2022,0.145154
JPM,47896,QMLE-Quote,13/12/2022,0.234445
JPM,47896,QMLE-Quote,14/12/2022,0.317371
JPM,47896,QMLE-Quote,15/12/2022,0.21285
JPM,47896,QMLE-Quote,16/12/2022,0.196305
JPM,47896,QMLE-Quote,19/12/2022,0.206536
JPM,47896,QMLE-Quote,20/12/2022,0.205049
JPM,47896,QMLE-Quote,21/12/2022,0.147524
JPM,47896,QMLE-Quote,22/12/2022,0.17921
JPM,47896,QMLE-Quote,23/12/2022,0.194549
JPM,47896,QMLE-Quote,27/12/2022,0.141354
JPM,47896,QMLE-Quote,29/12/2022,0.130508
JPM,47896,QMLE-Quote,30/12/2022,0.158541
JPM,47896,QMLE-Quote,3/01/2023,0.209434
JPM,47896,QMLE-Quote,4/01/2023,0.200417
JPM,47896,QMLE-Quote,5/01/2023,0.188909
JPM,47896,QMLE-Quote,6/01/2023,0.173109
JPM,47896,QMLE-Quote,9/01/2023,0.162816
JPM,47896,QMLE-Quote,10/01/2023,0.15449
JPM,47896,QMLE-Quote,11/01/2023,0.130859
JPM,47896,QMLE-Quote,12/01/2023,0.184256
JPM,47896,QMLE-Quote,17/01/2023,0.19614
JPM,47896,QMLE-Quote,18/01/2023,0.191161
JPM,47896,QMLE-Quote,19/01/2023,0.191204
JPM,47896,QMLE-Quote,20/01/2023,0.172698
JPM,47896,QMLE-Quote,23/01/2023,0.160781
JPM,47896,QMLE-Quote,24/01/2023,0.194174
JPM,47896,QMLE-Quote,25/01/2023,0.143782
JPM,47896,QMLE-Quote,26/01/2023,0.158161
JPM,47896,QMLE-Quote,27/01/2023,0.135405
JPM,47896,QMLE-Quote,30/01/2023,0.140847
JPM,47896,QMLE-Quote,31/01/2023,0.143276
JPM,47896,QMLE-Quote,1/02/2023,0.234101
JPM,47896,QMLE-Quote,2/02/2023,0.224115
JPM,47896,QMLE-Quote,3/02/2023,0.211038
JPM,47896,QMLE-Quote,6/02/2023,0.162003
JPM,47896,QMLE-Quote,7/02/2023,0.201019
JPM,47896,QMLE-Quote,8/02/2023,0.169928
JPM,47896,QMLE-Quote,9/02/2023,0.154862
JPM,47896,QMLE-Quote,10/02/2023,0.172108
JPM,47896,QMLE-Quote,13/02/2023,0.138634
JPM,47896,QMLE-Quote,14/02/2023,0.20709
JPM,47896,QMLE-Quote,15/02/2023,0.154883
JPM,47896,QMLE-Quote,16/02/2023,0.166225
JPM,47896,QMLE-Quote,17/02/2023,0.155857
JPM,47896,QMLE-Quote,21/02/2023,0.156767
JPM,47896,QMLE-Quote,22/02/2023,0.171109
JPM,47896,QMLE-Quote,23/02/2023,0.182566
JPM,47896,QMLE-Quote,24/02/2023,0.194957
JPM,47896,QMLE-Quote,27/02/2023,0.159895
JPM,47896,QMLE-Quote,28/02/2023,0.157284
JPM,47896,QMLE-Quote,1/03/2023,0.167046
JPM,47896,QMLE-Quote,2/03/2023,0.176757
JPM,47896,QMLE-Quote,3/03/2023,0.130727
JPM,47896,QMLE-Quote,6/03/2023,0.131583
JPM,47896,QMLE-Quote,7/03/2023,0.207139
JPM,47896,QMLE-Quote,8/03/2023,0.180196
JPM,47896,QMLE-Quote,9/03/2023,0.268576
JPM,47896,QMLE-Quote,10/03/2023,0.50818
JPM,47896,QMLE-Quote,13/03/2023,0.568331
JPM,47896,QMLE-Quote,14/03/2023,0.374444
JPM,47896,QMLE-Quote,15/03/2023,0.415994
JPM,47896,QMLE-Quote,16/03/2023,0.322971
JPM,47896,QMLE-Quote,17/03/2023,0.294215
JPM,47896,QMLE-Quote,20/03/2023,0.261587
JPM,47896,QMLE-Quote,21/03/2023,0.221728
JPM,47896,QMLE-Quote,22/03/2023,0.263818
JPM,47896,QMLE-Quote,23/03/2023,0.27364
JPM,47896,QMLE-Quote,24/03/2023,0.291396
JPM,47896,QMLE-Quote,27/03/2023,0.258907
JPM,47896,QMLE-Quote,28/03/2023,0.17332
JPM,47896,QMLE-Quote,29/03/2023,0.200754
JPM,47896,QMLE-Quote,30/03/2023,0.178813
JPM,47896,QMLE-Quote,31/03/2023,0.126626
JPM,47896,QMLE-Quote,3/04/2023,0.156004
JPM,47896,QMLE-Quote,4/04/2023,0.172589
JPM,47896,QMLE-Quote,5/04/2023,0.189562
JPM,47896,QMLE-Quote,6/04/2023,0.13166
JPM,47896,QMLE-Quote,10/04/2023,0.135869
JPM,47896,QMLE-Quote,11/04/2023,0.135947
JPM,47896,QMLE-Quote,12/04/2023,0.182055
JPM,47896,QMLE-Quote,13/04/2023,0.17286
JPM,47896,QMLE-Quote,14/04/2023,0.34694
JPM,47896,QMLE-Quote,17/04/2023,0.211541
JPM,47896,QMLE-Quote,18/04/2023,0.174237
JPM,47896,QMLE-Quote,19/04/2023,0.130418
JPM,47896,QMLE-Quote,20/04/2023,0.147816
JPM,47896,QMLE-Quote,21/04/2023,0.14379
JPM,47896,QMLE-Quote,24/04/2023,0.128452
JPM,47896,QMLE-Quote,25/04/2023,0.151248
JPM,47896,QMLE-Quote,27/04/2023,0.155097
JPM,47896,QMLE-Quote,28/04/2023,0.180125
JPM,47896,QMLE-Quote,1/05/2023,0.257623
JPM,47896,QMLE-Quote,2/05/2023,0.244391
JPM,47896,QMLE-Quote,3/05/2023,0.256326
JPM,47896,QMLE-Quote,4/05/2023,0.270858
JPM,47896,QMLE-Quote,5/05/2023,0.210703
JPM,47896,QMLE-Quote,8/05/2023,0.170108
JPM,47896,QMLE-Quote,9/05/2023,0.147419
JPM,47896,QMLE-Quote,10/05/2023,0.176546
JPM,47896,QMLE-Quote,11/05/2023,0.184069
JPM,47896,QMLE-Quote,12/05/2023,0.16788
JPM,47896,QMLE-Quote,15/05/2023,0.145143
JPM,47896,QMLE-Quote,16/05/2023,0.155091
JPM,47896,QMLE-Quote,17/05/2023,0.176727
JPM,47896,QMLE-Quote,18/05/2023,0.153395
JPM,47896,QMLE-Quote,19/05/2023,0.180172
JPM,47896,QMLE-Quote,22/05/2023,0.203607
JPM,47896,QMLE-Quote,23/05/2023,0.178905
JPM,47896,QMLE-Quote,24/05/2023,0.176601
JPM,47896,QMLE-Quote,25/05/2023,0.181525
JPM,47896,QMLE-Quote,26/05/2023,0.152922
JPM,47896,QMLE-Quote,30/05/2023,0.188571
JPM,47896,QMLE-Quote,31/05/2023,0.196889
JPM,47896,QMLE-Quote,1/06/2023,0.229048
JPM,47896,QMLE-Quote,2/06/2023,0.201812
JPM,47896,QMLE-Quote,5/06/2023,0.174587
JPM,47896,QMLE-Quote,6/06/2023,0.170224
JPM,47896,QMLE-Quote,7/06/2023,0.185505
JPM,47896,QMLE-Quote,8/06/2023,0.144453
JPM,47896,QMLE-Quote,9/06/2023,0.161785
JPM,47896,QMLE-Quote,12/06/2023,0.142683
JPM,47896,QMLE-Quote,13/06/2023,0.179176
JPM,47896,QMLE-Quote,14/06/2023,0.177444
JPM,47896,QMLE-Quote,15/06/2023,0.167436
JPM,47896,QMLE-Quote,16/06/2023,0.131362
JPM,47896,QMLE-Quote,22/06/2023,0.150872
JPM,47896,QMLE-Quote,23/06/2023,0.144036
JPM,47896,QMLE-Quote,26/06/2023,0.150936
JPM,47896,QMLE-Quote,27/06/2023,0.151065
JPM,47896,QMLE-Quote,28/06/2023,0.129638
JPM,47896,QMLE-Quote,29/06/2023,0.179485
JPM,47896,QMLE-Quote,30/06/2023,0.170038
JPM,47896,QMLE-Quote,3/07/2023,0.169692
JPM,47896,QMLE-Quote,5/07/2023,0.118242
JPM,47896,QMLE-Quote,6/07/2023,0.173351
JPM,47896,QMLE-Quote,7/07/2023,0.15347
JPM,47896,QMLE-Quote,10/07/2023,0.131133
JPM,47896,QMLE-Quote,11/07/2023,0.156526
JPM,47896,QMLE-Quote,12/07/2023,0.153675
JPM,47896,QMLE-Quote,13/07/2023,0.129817
JPM,47896,QMLE-Quote,14/07/2023,0.258619
JPM,47896,QMLE-Quote,17/07/2023,0.176603
JPM,47896,QMLE-Quote,18/07/2023,0.148739
JPM,47896,QMLE-Quote,19/07/2023,0.140803
JPM,47896,QMLE-Quote,20/07/2023,0.120511
JPM,47896,QMLE-Quote,21/07/2023,0.136528
JPM,47896,QMLE-Quote,24/07/2023,0.134308
JPM,47896,QMLE-Quote,25/07/2023,0.118171
JPM,47896,QMLE-Quote,26/07/2023,0.130344
JPM,47896,QMLE-Quote,27/07/2023,0.145283
JPM,47896,QMLE-Quote,28/07/2023,0.103329
JPM,47896,QMLE-Quote,31/07/2023,0.135231
JPM,47896,QMLE-Quote,1/08/2023,0.110017
JPM,47896,QMLE-Quote,2/08/2023,0.14028
JPM,47896,QMLE-Quote,3/08/2023,0.130318
JPM,47896,QMLE-Quote,4/08/2023,0.145651
JPM,47896,QMLE-Quote,7/08/2023,0.115426
JPM,47896,QMLE-Quote,8/08/2023,0.160399
JPM,47896,QMLE-Quote,9/08/2023,0.128185
JPM,47896,QMLE-Quote,10/08/2023,0.150132
JPM,47896,QMLE-Quote,11/08/2023,0.125924
JPM,47896,QMLE-Quote,14/08/2023,0.115085
JPM,47896,QMLE-Quote,15/08/2023,0.152557
JPM,47896,QMLE-Quote,17/08/2023,0.148194
JPM,47896,QMLE-Quote,18/08/2023,0.149769
JPM,47896,QMLE-Quote,21/08/2023,0.132866
JPM,47896,QMLE-Quote,22/08/2023,0.149814
JPM,47896,QMLE-Quote,23/08/2023,0.133846
JPM,47896,QMLE-Quote,24/08/2023,0.160064
JPM,47896,QMLE-Quote,25/08/2023,0.189027
JPM,47896,QMLE-Quote,28/08/2023,0.146593
JPM,47896,QMLE-Quote,29/08/2023,0.129036
JPM,47896,QMLE-Quote,30/08/2023,0.119047
JPM,47896,QMLE-Quote,31/08/2023,0.137047
JPM,47896,QMLE-Quote,1/09/2023,0.164469
JPM,47896,QMLE-Quote,5/09/2023,0.150599
JPM,47896,QMLE-Quote,6/09/2023,0.131173
JPM,47896,QMLE-Quote,7/09/2023,0.139369
JPM,47896,QMLE-Quote,8/09/2023,0.112168
JPM,47896,QMLE-Quote,11/09/2023,0.1287
JPM,47896,QMLE-Quote,12/09/2023,0.131276
JPM,47896,QMLE-Quote,13/09/2023,0.13656
JPM,47896,QMLE-Quote,14/09/2023,0.120666
JPM,47896,QMLE-Quote,15/09/2023,0.139328
JPM,47896,QMLE-Quote,18/09/2023,0.124052
JPM,47896,QMLE-Quote,19/09/2023,0.120563
JPM,47896,QMLE-Quote,20/09/2023,0.135955
JPM,47896,QMLE-Quote,21/09/2023,0.155694
JPM,47896,QMLE-Quote,22/09/2023,0.163048
JPM,47896,QMLE-Quote,26/09/2023,0.14541
JPM,47896,QMLE-Quote,27/09/2023,0.170838
JPM,47896,QMLE-Quote,28/09/2023,0.175619
JPM,47896,QMLE-Quote,29/09/2023,0.17601
JPM,47896,QMLE-Quote,2/10/2023,0.190163
JPM,47896,QMLE-Quote,3/10/2023,0.17704
JPM,47896,QMLE-Quote,4/10/2023,0.174517
JPM,47896,QMLE-Quote,5/10/2023,0.15578
JPM,47896,QMLE-Quote,6/10/2023,0.18953
JPM,47896,QMLE-Quote,9/10/2023,0.142448
JPM,47896,QMLE-Quote,10/10/2023,0.157329
JPM,47896,QMLE-Quote,11/10/2023,0.135434
JPM,47896,QMLE-Quote,12/10/2023,0.158116
JPM,47896,QMLE-Quote,13/10/2023,0.351546
JPM,47896,QMLE-Quote,16/10/2023,0.221002
JPM,47896,QMLE-Quote,17/10/2023,0.193276
JPM,47896,QMLE-Quote,18/10/2023,0.196347
JPM,47896,QMLE-Quote,19/10/2023,0.217793
JPM,47896,QMLE-Quote,20/10/2023,0.194205
JPM,47896,QMLE-Quote,23/10/2023,0.199953
JPM,47896,QMLE-Quote,24/10/2023,0.158299
JPM,47896,QMLE-Quote,25/10/2023,0.164724
JPM,47896,QMLE-Quote,26/10/2023,0.201139
JPM,47896,QMLE-Quote,27/10/2023,0.212322
JPM,47896,QMLE-Quote,30/10/2023,0.181396
JPM,47896,QMLE-Quote,31/10/2023,0.158714
JPM,47896,QMLE-Quote,1/11/2023,0.182318
JPM,47896,QMLE-Quote,2/11/2023,0.160406
JPM,47896,QMLE-Quote,3/11/2023,0.161943
JPM,47896,QMLE-Quote,6/11/2023,0.136415
JPM,47896,QMLE-Quote,7/11/2023,0.118172
JPM,47896,QMLE-Quote,8/11/2023,0.130687
JPM,47896,QMLE-Quote,9/11/2023,0.150031
JPM,47896,QMLE-Quote,10/11/2023,0.131951
JPM,47896,QMLE-Quote,13/11/2023,0.124369
JPM,47896,QMLE-Quote,14/11/2023,0.141826
JPM,47896,QMLE-Quote,15/11/2023,0.14789
JPM,47896,QMLE-Quote,16/11/2023,0.144654
JPM,47896,QMLE-Quote,17/11/2023,0.106937
JPM,47896,QMLE-Quote,20/11/2023,0.109373
JPM,47896,QMLE-Quote,21/11/2023,0.102869
JPM,47896,QMLE-Quote,22/11/2023,0.106982
JPM,47896,QMLE-Quote,24/11/2023,0.0822217
JPM,47896,QMLE-Quote,27/11/2023,0.100165
JPM,47896,QMLE-Quote,28/11/2023,0.115199
JPM,47896,QMLE-Quote,29/11/2023,0.11446
JPM,47896,QMLE-Quote,30/11/2023,0.115689
JPM,47896,QMLE-Quote,1/12/2023,0.131192
JPM,47896,QMLE-Quote,4/12/2023,0.122421
JPM,47896,QMLE-Quote,5/12/2023,0.138062
JPM,47896,QMLE-Quote,6/12/2023,0.138546
JPM,47896,QMLE-Quote,7/12/2023,0.114987
JPM,47896,QMLE-Quote,8/12/2023,0.10627
JPM,47896,QMLE-Quote,11/12/2023,0.0992645
JPM,47896,QMLE-Quote,12/12/2023,0.0957545
JPM,47896,QMLE-Quote,13/12/2023,0.127215
JPM,47896,QMLE-Quote,14/12/2023,0.164968
JPM,47896,QMLE-Quote,18/12/2023,0.126036
JPM,47896,QMLE-Quote,19/12/2023,0.106037
JPM,47896,QMLE-Quote,20/12/2023,0.127739
JPM,47896,QMLE-Quote,21/12/2023,0.144813
JPM,47896,QMLE-Quote,22/12/2023,0.103384
JPM,47896,QMLE-Quote,26/12/2023,0.0809589
JPM,47896,QMLE-Quote,27/12/2023,0.0910458
JPM,47896,QMLE-Quote,28/12/2023,0.0872427
JPM,47896,QMLE-Quote,29/12/2023,0.0884772
JPM,47896,QMLE-Quote,2/01/2024,0.12641
JPM,47896,QMLE-Quote,3/01/2024,0.121892
JPM,47896,QMLE-Quote,4/01/2024,0.132188
JPM,47896,QMLE-Quote,5/01/2024,0.137161
JPM,47896,QMLE-Quote,8/01/2024,0.136199
JPM,47896,QMLE-Quote,9/01/2024,0.125172
JPM,47896,QMLE-Quote,10/01/2024,0.129766
JPM,47896,QMLE-Quote,11/01/2024,0.134462
JPM,47896,QMLE-Quote,12/01/2024,0.274708
JPM,47896,QMLE-Quote,16/01/2024,0.220158
JPM,47896,QMLE-Quote,17/01/2024,0.181985
JPM,47896,QMLE-Quote,18/01/2024,0.136988
JPM,47896,QMLE-Quote,19/01/2024,0.13128
JPM,47896,QMLE-Quote,22/01/2024,0.133132
JPM,47896,QMLE-Quote,23/01/2024,0.105671
JPM,47896,QMLE-Quote,24/01/2024,0.127079
JPM,47896,QMLE-Quote,25/01/2024,0.113429
JPM,47896,QMLE-Quote,26/01/2024,0.140359
JPM,47896,QMLE-Quote,29/01/2024,0.0904453
JPM,47896,QMLE-Quote,30/01/2024,0.123159
JPM,47896,QMLE-Quote,31/01/2024,0.211034
JPM,47896,QMLE-Quote,1/02/2024,0.177172
JPM,47896,QMLE-Quote,2/02/2024,0.156276
JPM,47896,QMLE-Quote,5/02/2024,0.122602
JPM,47896,QMLE-Quote,6/02/2024,0.119281
JPM,47896,QMLE-Quote,7/02/2024,0.116424
JPM,47896,QMLE-Quote,8/02/2024,0.103992
JPM,47896,QMLE-Quote,9/02/2024,0.123309
JPM,47896,QMLE-Quote,12/02/2024,0.127816
JPM,47896,QMLE-Quote,13/02/2024,0.158403
JPM,47896,QMLE-Quote,14/02/2024,0.139171
JPM,47896,QMLE-Quote,15/02/2024,0.147155
JPM,47896,QMLE-Quote,16/02/2024,0.138926
JPM,47896,QMLE-Quote,20/02/2024,0.131684
JPM,47896,QMLE-Quote,21/02/2024,0.141406
JPM,47896,QMLE-Quote,22/02/2024,0.145548
JPM,47896,QMLE-Quote,23/02/2024,0.128417
JPM,47896,QMLE-Quote,26/02/2024,0.121526
JPM,47896,QMLE-Quote,27/02/2024,0.1123
JPM,47896,QMLE-Quote,28/02/2024,0.103112
JPM,47896,QMLE-Quote,29/02/2024,0.123502
JPM,47896,QMLE-Quote,1/03/2024,0.139849
JPM,47896,QMLE-Quote,4/03/2024,0.145804
JPM,47896,QMLE-Quote,5/03/2024,0.128524
JPM,47896,QMLE-Quote,6/03/2024,0.175661
JPM,47896,QMLE-Quote,7/03/2024,0.141094
JPM,47896,QMLE-Quote,8/03/2024,0.135849
JPM,47896,QMLE-Quote,11/03/2024,0.123196
JPM,47896,QMLE-Quote,12/03/2024,0.134873
JPM,47896,QMLE-Quote,13/03/2024,0.117015
JPM,47896,QMLE-Quote,15/03/2024,0.206133
JPM,47896,QMLE-Quote,18/03/2024,0.121931
JPM,47896,QMLE-Quote,19/03/2024,0.122729
JPM,47896,QMLE-Quote,20/03/2024,0.148019
JPM,47896,QMLE-Quote,21/03/2024,0.139945
JPM,47896,QMLE-Quote,22/03/2024,0.139698
JPM,47896,QMLE-Quote,25/03/2024,0.14555
JPM,47896,QMLE-Quote,26/03/2024,0.0930241
JPM,47896,QMLE-Quote,27/03/2024,0.115416
JPM,47896,QMLE-Quote,28/03/2024,0.125813
JPM,47896,QMLE-Quote,1/04/2024,0.133726
JPM,47896,QMLE-Quote,2/04/2024,0.128268
JPM,47896,QMLE-Quote,3/04/2024,0.119872
JPM,47896,QMLE-Quote,4/04/2024,0.165766
JPM,47896,QMLE-Quote,5/04/2024,0.14478
JPM,47896,QMLE-Quote,9/04/2024,0.144778
JPM,47896,QMLE-Quote,10/04/2024,0.186793
JPM,47896,QMLE-Quote,11/04/2024,0.160772
JPM,47896,QMLE-Quote,12/04/2024,0.332417
JPM,47896,QMLE-Quote,15/04/2024,0.263896
JPM,47896,QMLE-Quote,16/04/2024,0.262336
JPM,47896,QMLE-Quote,17/04/2024,0.19352
JPM,47896,QMLE-Quote,18/04/2024,0.212403
JPM,47896,QMLE-Quote,19/04/2024,0.185598
JPM,47896,QMLE-Quote,22/04/2024,0.150888
JPM,47896,QMLE-Quote,23/04/2024,0.144813
JPM,47896,QMLE-Quote,24/04/2024,0.130965
JPM,47896,QMLE-Quote,25/04/2024,0.16679
JPM,47896,QMLE-Quote,26/04/2024,0.117587
JPM,47896,QMLE-Quote,29/04/2024,0.124077
JPM,47896,QMLE-Quote,30/04/2024,0.157391
JPM,47896,QMLE-Quote,1/05/2024,0.177085
JPM,47896,QMLE-Quote,2/05/2024,0.156065
JPM,47896,QMLE-Quote,3/05/2024,0.206045
JPM,47896,QMLE-Quote,6/05/2024,0.126306
JPM,47896,QMLE-Quote,7/05/2024,0.123616
JPM,47896,QMLE-Quote,8/05/2024,0.114505
JPM,47896,QMLE-Quote,9/05/2024,0.0978161
JPM,47896,QMLE-Quote,10/05/2024,0.102613
JPM,47896,QMLE-Quote,13/05/2024,0.102372
JPM,47896,QMLE-Quote,14/05/2024,0.116962
JPM,47896,QMLE-Quote,15/05/2024,0.131458
JPM,47896,QMLE-Quote,16/05/2024,0.131269
JPM,47896,QMLE-Quote,17/05/2024,0.106858
JPM,47896,QMLE-Quote,20/05/2024,0.280932
JPM,47896,QMLE-Quote,21/05/2024,0.185036
JPM,47896,QMLE-Quote,22/05/2024,0.15278
JPM,47896,QMLE-Quote,23/05/2024,0.138294
JPM,47896,QMLE-Quote,24/05/2024,0.120111
JPM,47896,QMLE-Quote,28/05/2024,0.139853
JPM,47896,QMLE-Quote,29/05/2024,0.123936
JPM,47896,QMLE-Quote,30/05/2024,0.132129
JPM,47896,QMLE-Quote,31/05/2024,0.14915
JPM,47896,QMLE-Quote,3/06/2024,0.178758
JPM,47896,QMLE-Quote,4/06/2024,0.164628
JPM,47896,QMLE-Quote,5/06/2024,0.153165
JPM,47896,QMLE-Quote,6/06/2024,0.11618
JPM,47896,QMLE-Quote,7/06/2024,0.138337
JPM,47896,QMLE-Quote,10/06/2024,0.135377
JPM,47896,QMLE-Quote,11/06/2024,0.229511
JPM,47896,QMLE-Quote,12/06/2024,0.226093
JPM,47896,QMLE-Quote,13/06/2024,0.144243
JPM,47896,QMLE-Quote,14/06/2024,0.136283
JPM,47896,QMLE-Quote,17/06/2024,0.143474
JPM,47896,QMLE-Quote,18/06/2024,0.164935
JPM,47896,QMLE-Quote,20/06/2024,0.14455
JPM,47896,QMLE-Quote,21/06/2024,0.198092
JPM,47896,QMLE-Quote,24/06/2024,0.160381
JPM,47896,QMLE-Quote,25/06/2024,0.136786
JPM,47896,QMLE-Quote,26/06/2024,0.126321
JPM,47896,QMLE-Quote,27/06/2024,0.12098
JPM,47896,QMLE-Quote,28/06/2024,0.15611
JPM,47896,QMLE-Quote,1/07/2024,0.161347
JPM,47896,QMLE-Quote,2/07/2024,0.122961
JPM,47896,QMLE-Quote,3/07/2024,0.144516
JPM,47896,QMLE-Quote,5/07/2024,0.140959
JPM,47896,QMLE-Quote,8/07/2024,0.137189
JPM,47896,QMLE-Quote,9/07/2024,0.127082
JPM,47896,QMLE-Quote,10/07/2024,0.142672
JPM,47896,QMLE-Quote,11/07/2024,0.139695
JPM,47896,QMLE-Quote,12/07/2024,0.244825
JPM,47896,QMLE-Quote,15/07/2024,0.199499
JPM,47896,QMLE-Quote,16/07/2024,0.212085
JPM,47896,QMLE-Quote,17/07/2024,0.192279
JPM,47896,QMLE-Quote,18/07/2024,0.209125
JPM,47896,QMLE-Quote,19/07/2024,0.216635
JPM,47896,QMLE-Quote,22/07/2024,0.181724
JPM,47896,QMLE-Quote,23/07/2024,0.146863
JPM,47896,QMLE-Quote,24/07/2024,0.168753
JPM,47896,QMLE-Quote,25/07/2024,0.175282
JPM,47896,QMLE-Quote,26/07/2024,0.168219
JPM,47896,QMLE-Quote,29/07/2024,0.153162
JPM,47896,QMLE-Quote,30/07/2024,0.177215
JPM,47896,QMLE-Quote,31/07/2024,0.187709
JPM,47896,QMLE-Quote,1/08/2024,0.215873
JPM,47896,QMLE-Quote,2/08/2024,0.301485
JPM,47896,QMLE-Quote,5/08/2024,0.352536
JPM,47896,QMLE-Quote,6/08/2024,0.259884
JPM,47896,QMLE-Quote,7/08/2024,0.228436
JPM,47896,QMLE-Quote,8/08/2024,0.197438
JPM,47896,QMLE-Quote,9/08/2024,0.174918
JPM,47896,QMLE-Quote,12/08/2024,0.174711
JPM,47896,QMLE-Quote,13/08/2024,0.157224
JPM,47896,QMLE-Quote,14/08/2024,0.153934
JPM,47896,QMLE-Quote,15/08/2024,0.154887
JPM,47896,QMLE-Quote,16/08/2024,0.155178
JPM,47896,QMLE-Quote,19/08/2024,0.113614
JPM,47896,QMLE-Quote,20/08/2024,0.139153
JPM,47896,QMLE-Quote,21/08/2024,0.141095
JPM,47896,QMLE-Quote,22/08/2024,0.153933
JPM,47896,QMLE-Quote,23/08/2024,0.180569
JPM,47896,QMLE-Quote,26/08/2024,0.130486
JPM,47896,QMLE-Quote,27/08/2024,0.111671
JPM,47896,QMLE-Quote,28/08/2024,0.156492
JPM,47896,QMLE-Quote,29/08/2024,0.163188
JPM,47896,QMLE-Quote,30/08/2024,0.141179
JPM,47896,QMLE-Quote,3/09/2024,0.204656
JPM,47896,QMLE-Quote,4/09/2024,0.17758
JPM,47896,QMLE-Quote,5/09/2024,0.199756
JPM,47896,QMLE-Quote,6/09/2024,0.231146
JPM,47896,QMLE-Quote,9/09/2024,0.180779
JPM,47896,QMLE-Quote,10/09/2024,0.481327
JPM,47896,QMLE-Quote,11/09/2024,0.261532
JPM,47896,QMLE-Quote,12/09/2024,0.245161
JPM,47896,QMLE-Quote,13/09/2024,0.22027
JPM,47896,QMLE-Quote,16/09/2024,0.175159
JPM,47896,QMLE-Quote,17/09/2024,0.172482
JPM,47896,QMLE-Quote,18/09/2024,0.298222
JPM,47896,QMLE-Quote,19/09/2024,0.197404
JPM,47896,QMLE-Quote,20/09/2024,0.169167
JPM,47896,QMLE-Quote,23/09/2024,0.153376
JPM,47896,QMLE-Quote,24/09/2024,0.150184
JPM,47896,QMLE-Quote,25/09/2024,0.151835
JPM,47896,QMLE-Quote,26/09/2024,0.197735
JPM,47896,QMLE-Quote,27/09/2024,0.147527
JPM,47896,QMLE-Quote,30/09/2024,0.193465
JPM,47896,QMLE-Quote,1/10/2024,0.207966
JPM,47896,QMLE-Quote,2/10/2024,0.19495
JPM,47896,QMLE-Quote,3/10/2024,0.17188
JPM,47896,QMLE-Quote,4/10/2024,0.215558
JPM,47896,QMLE-Quote,7/10/2024,0.18635
JPM,47896,QMLE-Quote,8/10/2024,0.187173
JPM,47896,QMLE-Quote,9/10/2024,0.13731
JPM,47896,QMLE-Quote,10/10/2024,0.164279
JPM,47896,QMLE-Quote,14/10/2024,0.19296
JPM,47896,QMLE-Quote,15/10/2024,0.20421
JPM,47896,QMLE-Quote,16/10/2024,0.170228
JPM,47896,QMLE-Quote,17/10/2024,0.153584
JPM,47896,QMLE-Quote,18/10/2024,0.129313
JPM,47896,QMLE-Quote,21/10/2024,0.142146
JPM,47896,QMLE-Quote,22/10/2024,0.288388
JPM,47896,QMLE-Quote,23/10/2024,0.148319
JPM,47896,QMLE-Quote,24/10/2024,0.140984
JPM,47896,QMLE-Quote,25/10/2024,0.163032
JPM,47896,QMLE-Quote,28/10/2024,0.11977
JPM,47896,QMLE-Quote,29/10/2024,0.169993
JPM,47896,QMLE-Quote,30/10/2024,0.160093
JPM,47896,QMLE-Quote,31/10/2024,0.202686
JPM,47896,QMLE-Quote,1/11/2024,0.15435
JPM,47896,QMLE-Quote,4/11/2024,0.161701
JPM,47896,QMLE-Quote,5/11/2024,0.163849
JPM,47896,QMLE-Quote,6/11/2024,0.32494
JPM,47896,QMLE-Quote,7/11/2024,0.247168
JPM,47896,QMLE-Quote,8/11/2024,0.198294
JPM,47896,QMLE-Quote,11/11/2024,0.152244
JPM,47896,QMLE-Quote,12/11/2024,0.128248
JPM,47896,QMLE-Quote,13/11/2024,0.157347
JPM,47896,QMLE-Quote,14/11/2024,0.151569
JPM,47896,QMLE-Quote,15/11/2024,0.199725
JPM,47896,QMLE-Quote,18/11/2024,0.179207
JPM,47896,QMLE-Quote,19/11/2024,0.152281
JPM,47896,QMLE-Quote,20/11/2024,0.196116
JPM,47896,QMLE-Quote,21/11/2024,0.147185
JPM,47896,QMLE-Quote,22/11/2024,0.169005
JPM,47896,QMLE-Quote,25/11/2024,0.156938
JPM,47896,QMLE-Quote,26/11/2024,0.14463
JPM,47896,QMLE-Quote,27/11/2024,0.123591
JPM,47896,QMLE-Quote,29/11/2024,0.123244
JPM,47896,QMLE-Quote,2/12/2024,0.153135
JPM,47896,QMLE-Quote,3/12/2024,0.138203
JPM,47896,QMLE-Quote,4/12/2024,0.13773
JPM,47896,QMLE-Quote,5/12/2024,0.148986
JPM,47896,QMLE-Quote,6/12/2024,0.149788
JPM,47896,QMLE-Quote,9/12/2024,0.144083
JPM,47896,QMLE-Quote,10/12/2024,0.264969
JPM,47896,QMLE-Quote,11/12/2024,0.128592
JPM,47896,QMLE-Quote,12/12/2024,0.135289
JPM,47896,QMLE-Quote,13/12/2024,0.150208
JPM,47896,QMLE-Quote,16/12/2024,0.156972
JPM,47896,QMLE-Quote,18/12/2024,0.218661
JPM,47896,QMLE-Quote,19/12/2024,0.226041
JPM,47896,QMLE-Quote,20/12/2024,0.232069
JPM,47896,QMLE-Quote,23/12/2024,0.16652
JPM,47896,QMLE-Quote,24/12/2024,0.116238
JPM,47896,QMLE-Quote,26/12/2024,0.0985154
JPM,47896,QMLE-Quote,27/12/2024,0.139842
JPM,47896,QMLE-Quote,30/12/2024,0.170071
JPM,47896,QMLE-Quote,31/12/2024,0.147856
JPM,47896,QMLE-Quote,2/01/2025,0.200794
JPM,47896,QMLE-Quote,3/01/2025,0.167013
JPM,47896,QMLE-Quote,6/01/2025,0.208325
JPM,47896,QMLE-Quote,7/01/2025,0.208431
JPM,47896,QMLE-Quote,8/01/2025,0.193098
JPM,47896,QMLE-Quote,10/01/2025,0.204275
JPM,47896,QMLE-Quote,13/01/2025,0.194446
JPM,47896,QMLE-Quote,14/01/2025,0.212472
JPM,47896,QMLE-Quote,15/01/2025,0.428493
JPM,47896,QMLE-Quote,16/01/2025,0.244404
JPM,47896,QMLE-Quote,17/01/2025,0.197355
JPM,47896,QMLE-Quote,21/01/2025,0.159106
JPM,47896,QMLE-Quote,22/01/2025,0.170057
JPM,47896,QMLE-Quote,23/01/2025,0.136482
JPM,47896,QMLE-Quote,24/01/2025,0.151907
JPM,47896,QMLE-Quote,27/01/2025,0.166405
JPM,47896,QMLE-Quote,28/01/2025,0.145439
JPM,47896,QMLE-Quote,29/01/2025,0.170173
JPM,47896,QMLE-Quote,30/01/2025,0.13492
JPM,47896,QMLE-Quote,31/01/2025,0.156894
JPM,47896,QMLE-Quote,3/02/2025,0.214174
JPM,47896,QMLE-Quote,4/02/2025,0.145044
JPM,47896,QMLE-Quote,5/02/2025,0.124677
JPM,47896,QMLE-Quote,6/02/2025,0.129905
JPM,47896,QMLE-Quote,7/02/2025,0.197643
JPM,47896,QMLE-Quote,10/02/2025,0.173756
JPM,47896,QMLE-Quote,11/02/2025,0.144213
JPM,47896,QMLE-Quote,12/02/2025,0.167602
JPM,47896,QMLE-Quote,13/02/2025,0.130691
JPM,47896,QMLE-Quote,14/02/2025,0.120265
JPM,47896,QMLE-Quote,18/02/2025,0.131125
JPM,47896,QMLE-Quote,19/02/2025,0.123082
JPM,47896,QMLE-Quote,20/02/2025,0.239873
JPM,47896,QMLE-Quote,21/02/2025,0.184109
JPM,47896,QMLE-Quote,24/02/2025,0.243851
JPM,47896,QMLE-Quote,25/02/2025,0.256186
JPM,47896,QMLE-Quote,26/02/2025,0.184939
JPM,47896,QMLE-Quote,27/02/2025,0.21973
JPM,47896,QMLE-Quote,28/02/2025,0.248727
JPM,47896,QMLE-Quote,3/03/2025,0.256689
JPM,47896,QMLE-Quote,4/03/2025,0.350848
JPM,47896,QMLE-Quote,5/03/2025,0.330043
JPM,47896,QMLE-Quote,6/03/2025,0.299243
JPM,47896,QMLE-Quote,7/03/2025,0.363501
JPM,47896,QMLE-Quote,10/03/2025,0.357292
JPM,47896,QMLE-Quote,11/03/2025,0.341042
JPM,47896,QMLE-Quote,12/03/2025,0.319244
JPM,47896,QMLE-Quote,13/03/2025,0.274691
JPM,47896,QMLE-Quote,14/03/2025,0.246746
JPM,47896,QMLE-Quote,17/03/2025,0.20441
JPM,47896,QMLE-Quote,18/03/2025,0.210489
JPM,47896,QMLE-Quote,19/03/2025,0.217209
JPM,47896,QMLE-Quote,20/03/2025,0.195143
JPM,47896,QMLE-Quote,21/03/2025,0.209943
JPM,47896,QMLE-Quote,24/03/2025,0.185998
JPM,47896,QMLE-Quote,25/03/2025,0.163818
JPM,47896,QMLE-Quote,26/03/2025,0.193144
JPM,47896,QMLE-Quote,27/03/2025,0.202913
JPM,47896,QMLE-Quote,28/03/2025,0.221251
JPM,47896,QMLE-Quote,31/03/2025,0.247465
JPM,47896,QMLE-Quote,1/04/2025,0.251181
JPM,47896,QMLE-Quote,2/04/2025,0.208294
JPM,47896,QMLE-Quote,3/04/2025,0.371045
JPM,47896,QMLE-Quote,4/04/2025,0.540549
JPM,47896,QMLE-Quote,7/04/2025,0.939819
JPM,47896,QMLE-Quote,8/04/2025,0.55127
JPM,47896,QMLE-Quote,9/04/2025,0.911513
JPM,47896,QMLE-Quote,10/04/2025,0.61016
JPM,47896,QMLE-Quote,11/04/2025,0.598146
JPM,47896,QMLE-Quote,14/04/2025,0.345489
JPM,47896,QMLE-Quote,15/04/2025,0.275355
JPM,47896,QMLE-Quote,16/04/2025,0.266034
JPM,47896,QMLE-Quote,17/04/2025,0.28437
JPM,47896,QMLE-Quote,21/04/2025,0.204326
JPM,47896,QMLE-Quote,22/04/2025,0.215925
JPM,47896,QMLE-Quote,23/04/2025,0.327279
JPM,47896,QMLE-Quote,24/04/2025,0.276368
JPM,47896,QMLE-Quote,25/04/2025,0.19944
JPM,47896,QMLE-Quote,28/04/2025,0.189708
JPM,47896,QMLE-Quote,29/04/2025,0.179356
JPM,47896,QMLE-Quote,30/04/2025,0.251732
JPM,47896,QMLE-Quote,1/05/2025,0.191694
JPM,47896,QMLE-Quote,2/05/2025,0.193266
JPM,47896,QMLE-Quote,5/05/2025,0.160492
JPM,47896,QMLE-Quote,6/05/2025,0.174489
JPM,47896,QMLE-Quote,7/05/2025,0.225023
JPM,47896,QMLE-Quote,8/05/2025,0.186953
JPM,47896,QMLE-Quote,9/05/2025,0.160295
JPM,47896,QMLE-Quote,12/05/2025,0.200499
JPM,47896,QMLE-Quote,13/05/2025,0.13231
JPM,47896,QMLE-Quote,14/05/2025,0.138259
JPM,47896,QMLE-Quote,15/05/2025,0.152879
JPM,47896,QMLE-Quote,16/05/2025,0.130937
JPM,47896,QMLE-Quote,19/05/2025,0.205959
JPM,47896,QMLE-Quote,20/05/2025,0.135461
JPM,47896,QMLE-Quote,21/05/2025,0.165573
JPM,47896,QMLE-Quote,22/05/2025,0.147815
JPM,47896,QMLE-Quote,23/05/2025,0.16019
JPM,47896,QMLE-Quote,27/05/2025,0.110266
JPM,47896,QMLE-Quote,28/05/2025,0.124319
JPM,47896,QMLE-Quote,29/05/2025,0.152413
JPM,47896,QMLE-Quote,30/05/2025,0.147001
JPM,47896,QMLE-Quote,2/06/2025,0.13853
JPM,47896,QMLE-Quote,3/06/2025,0.13322
JPM,47896,QMLE-Quote,4/06/2025,0.131447
JPM,47896,QMLE-Quote,5/06/2025,0.183273
JPM,47896,QMLE-Quote,6/06/2025,0.137643
JPM,47896,QMLE-Quote,9/06/2025,0.142081
JPM,47896,QMLE-Quote,10/06/2025,0.133273
JPM,47896,QMLE-Quote,11/06/2025,0.160341
JPM,47896,QMLE-Quote,12/06/2025,0.138573
JPM,47896,QMLE-Quote,13/06/2025,0.193616
JPM,47896,QMLE-Quote,16/06/2025,0.144136
JPM,47896,QMLE-Quote,17/06/2025,0.145467
JPM,47896,QMLE-Quote,18/06/2025,0.183236
JPM,47896,QMLE-Quote,20/06/2025,0.161876
JPM,47896,QMLE-Quote,23/06/2025,0.168474
JPM,47896,QMLE-Quote,24/06/2025,0.149053
JPM,47896,QMLE-Quote,25/06/2025,0.120591
JPM,47896,QMLE-Quote,26/06/2025,0.132447
JPM,47896,QMLE-Quote,27/06/2025,0.196408
JPM,47896,QMLE-Quote,30/06/2025,0.174864
JPM,47896,QMLE-Quote,1/07/2025,0.148626
JPM,47896,QMLE-Quote,2/07/2025,0.147634
JPM,47896,QMLE-Quote,3/07/2025,0.114245
JPM,47896,QMLE-Quote,7/07/2025,0.152595
JPM,47896,QMLE-Quote,8/07/2025,0.227605
JPM,47896,QMLE-Quote,9/07/2025,0.164387
JPM,47896,QMLE-Quote,10/07/2025,0.115006
JPM,47896,QMLE-Quote,11/07/2025,0.119289
JPM,47896,QMLE-Quote,14/07/2025,0.143818
JPM,47896,QMLE-Quote,15/07/2025,0.29639
JPM,47896,QMLE-Quote,16/07/2025,0.250089
JPM,47896,QMLE-Quote,17/07/2025,0.17611
JPM,47896,QMLE-Quote,18/07/2025,0.153194
JPM,47896,QMLE-Quote,21/07/2025,0.142893
JPM,47896,QMLE-Quote,22/07/2025,0.134717
JPM,47896,QMLE-Quote,23/07/2025,0.12677
JPM,47896,QMLE-Quote,24/07/2025,0.128883
JPM,47896,QMLE-Quote,25/07/2025,0.117868
JPM,47896,QMLE-Quote,28/07/2025,0.101867
JPM,47896,QMLE-Quote,29/07/2025,0.161767
JPM,47896,QMLE-Quote,30/07/2025,0.154669
JPM,47896,QMLE-Quote,31/07/2025,0.176519
JPM,47896,QMLE-Quote,1/08/2025,0.26782
JPM,47896,QMLE-Quote,4/08/2025,0.143676
JPM,47896,QMLE-Quote,5/08/2025,0.183082
JPM,47896,QMLE-Quote,6/08/2025,0.136428
JPM,47896,QMLE-Quote,7/08/2025,0.176991
JPM,47896,QMLE-Quote,8/08/2025,0.191957
JPM,47896,QMLE-Quote,11/08/2025,0.12739
JPM,47896,QMLE-Quote,12/08/2025,0.151966
JPM,47896,QMLE-Quote,13/08/2025,0.154006
JPM,47896,QMLE-Quote,14/08/2025,0.149636
JPM,47896,QMLE-Quote,15/08/2025,0.136224
JPM,47896,QMLE-Quote,18/08/2025,0.125473
JPM,47896,QMLE-Quote,19/08/2025,0.119254
JPM,47896,QMLE-Quote,20/08/2025,0.19254
JPM,47896,QMLE-Quote,21/08/2025,0.12928
JPM,47896,QMLE-Quote,22/08/2025,0.203
JPM,47896,QMLE-Quote,25/08/2025,0.125758
JPM,47896,QMLE-Quote,26/08/2025,0.123248
JPM,47896,QMLE-Quote,27/08/2025,0.119964
JPM,47896,QMLE-Quote,28/08/2025,0.1279
JPM,47896,QMLE-Quote,29/08/2025,0.124918
JPM,47896,QMLE-Quote,2/09/2025,0.224925
JPM,47896,QMLE-Quote,3/09/2025,0.157183
JPM,47896,QMLE-Quote,4/09/2025,0.135163
JPM,47896,QMLE-Quote,5/09/2025,0.263564
JPM,47896,QMLE-Quote,8/09/2025,0.19973
JPM,47896,QMLE-Quote,9/09/2025,0.25169
JPM,47896,QMLE-Quote,10/09/2025,0.173147
JPM,47896,QMLE-Quote,11/09/2025,0.164509
JPM,47896,QMLE-Quote,12/09/2025,0.112635
JPM,47896,QMLE-Quote,15/09/2025,0.179256
JPM,47896,QMLE-Quote,16/09/2025,0.174069
JPM,47896,QMLE-Quote,17/09/2025,0.249684
JPM,47896,QMLE-Quote,18/09/2025,0.216957
JPM,47896,QMLE-Quote,19/09/2025,0.188924
JPM,47896,QMLE-Quote,22/09/2025,0.171931
JPM,47896,QMLE-Quote,23/09/2025,0.171177
JPM,47896,QMLE-Quote,24/09/2025,0.156078
JPM,47896,QMLE-Quote,25/09/2025,0.184501
JPM,47896,QMLE-Quote,26/09/2025,0.147455
JPM,47896,QMLE-Quote,29/09/2025,0.143786
JPM,47896,QMLE-Quote,30/09/2025,0.190337
JPM,47896,QMLE-Quote,1/10/2025,0.236709
JPM,47896,QMLE-Quote,2/10/2025,0.173532
JPM,47896,QMLE-Quote,3/10/2025,0.151036
JPM,47896,QMLE-Quote,6/10/2025,0.205441
JPM,47896,QMLE-Quote,7/10/2025,0.184341
JPM,47896,QMLE-Quote,8/10/2025,0.177109
JPM,47896,QMLE-Quote,9/10/2025,0.17089
JPM,47896,QMLE-Quote,10/10/2025,0.297217
JPM,47896,QMLE-Quote,13/10/2025,0.223992
JPM,47896,QMLE-Quote,14/10/2025,0.414047
JPM,47896,QMLE-Quote,15/10/2025,0.30285
JPM,47896,QMLE-Quote,16/10/2025,0.306821
JPM,47896,QMLE-Quote,17/10/2025,0.279943
JPM,47896,QMLE-Quote,20/10/2025,0.154565
JPM,47896,QMLE-Quote,21/10/2025,0.166173
JPM,47896,QMLE-Quote,22/10/2025,0.215152
JPM,47896,QMLE-Quote,23/10/2025,0.198047
JPM,47896,QMLE-Quote,24/10/2025,0.150974
JPM,47896,QMLE-Quote,27/10/2025,0.151949
JPM,47896,QMLE-Quote,28/10/2025,0.17735
JPM,47896,QMLE-Quote,29/10/2025,0.225134
JPM,47896,QMLE-Quote,30/10/2025,0.188816
JPM,47896,QMLE-Quote,3/11/2025,0.210246
JPM,47896,QMLE-Quote,4/11/2025,0.202709
JPM,47896,QMLE-Quote,5/11/2025,0.20604
JPM,47896,QMLE-Quote,6/11/2025,0.221708
JPM,47896,QMLE-Quote,7/11/2025,0.240086
JPM,47896,QMLE-Quote,10/11/2025,0.188194
JPM,47896,QMLE-Quote,11/11/2025,0.164313
JPM,47896,QMLE-Quote,12/11/2025,0.173493
JPM,47896,QMLE-Quote,13/11/2025,0.198932
JPM,47896,QMLE-Quote,14/11/2025,0.279609
JPM,47896,QMLE-Quote,17/11/2025,0.222325
JPM,47896,QMLE-Quote,18/11/2025,0.243195
JPM,47896,QMLE-Quote,19/11/2025,0.186428
JPM,47896,QMLE-Quote,20/11/2025,0.274221
JPM,47896,QMLE-Quote,21/11/2025,0.30967
JPM,47896,QMLE-Quote,24/11/2025,0.204318
JPM,47896,QMLE-Quote,25/11/2025,0.227221
JPM,47896,QMLE-Quote,26/11/2025,0.146046
JPM,47896,QMLE-Quote,28/11/2025,0.0956411
JPM,47896,QMLE-Quote,1/12/2025,0.136635
JPM,47896,QMLE-Quote,2/12/2025,0.162954
JPM,47896,QMLE-Quote,3/12/2025,0.139026
JPM,47896,QMLE-Quote,4/12/2025,0.172642
JPM,47896,QMLE-Quote,5/12/2025,0.154465
JPM,47896,QMLE-Quote,8/12/2025,0.154674
JPM,47896,QMLE-Quote,9/12/2025,0.37099
JPM,47896,QMLE-Quote,10/12/2025,0.255645
JPM,47896,QMLE-Quote,11/12/2025,0.224662
JPM,47896,QMLE-Quote,12/12/2025,0.192036
JPM,47896,QMLE-Quote,15/12/2025,0.197182
JPM,47896,QMLE-Quote,16/12/2025,0.17823
JPM,47896,QMLE-Quote,17/12/2025,0.17759
JPM,47896,QMLE-Quote,18/12/2025,0.208717
JPM,47896,QMLE-Quote,19/12/2025,0.163955
JPM,47896,QMLE-Quote,22/12/2025,0.169464
JPM,47896,QMLE-Quote,23/12/2025,0.128525
JPM,47896,QMLE-Quote,24/12/2025,0.10956
JPM,47896,QMLE-Quote,26/12/2025,0.112912
JPM,47896,QMLE-Quote,29/12/2025,0.129186
JPM,47896,QMLE-Quote,30/12/2025,0.122994
JPM,47896,QMLE-Quote,31/12/2025,0.106322
JPM,47896,QMLE-Quote,2/01/2026,0.155668
JPM,47896,QMLE-Quote,5/01/2026,0.223268
JPM,47896,QMLE-Quote,6/01/2026,0.1616
JPM,47896,QMLE-Quote,7/01/2026,0.193621
JPM,47896,QMLE-Quote,8/01/2026,0.144418
JPM,47896,QMLE-Quote,9/01/2026,0.182387
JPM,47896,QMLE-Quote,12/01/2026,0.197738
JPM,47896,QMLE-Quote,13/01/2026,0.300176
JPM,47896,QMLE-Quote,14/01/2026,0.260011
JPM,47896,QMLE-Quote,15/01/2026,0.185654
JPM,47896,QMLE-Quote,16/01/2026,0.205939
JPM,47896,QMLE-Quote,20/01/2026,0.223808
JPM,47896,QMLE-Quote,21/01/2026,0.208959
JPM,47896,QMLE-Quote,22/01/2026,0.211339
JPM,47896,QMLE-Quote,23/01/2026,0.199099
JPM,47896,QMLE-Quote,26/01/2026,0.14631
JPM,47896,QMLE-Quote,27/01/2026,0.154492
JPM,47896,QMLE-Quote,28/01/2026,0.183696
JPM,47896,QMLE-Quote,29/01/2026,0.241446
JPM,47896,QMLE-Quote,30/01/2026,0.206139
JPM,47896,QMLE-Quote,2/02/2026,0.231351
JPM,47896,QMLE-Quote,3/02/2026,0.293401
JPM,47896,QMLE-Quote,4/02/2026,0.251444
JPM,47896,QMLE-Quote,5/02/2026,0.295967
JPM,47896,QMLE-Quote,6/02/2026,0.222822
JPM,47896,QMLE-Quote,9/02/2026,0.191768
JPM,47896,QMLE-Quote,10/02/2026,0.248587
JPM,47896,QMLE-Quote,11/02/2026,0.244494
JPM,47896,QMLE-Quote,12/02/2026,0.31395
JPM,47896,QMLE-Quote,13/02/2026,0.317469
JPM,47896,QMLE-Quote,17/02/2026,0.240414
JPM,47896,QMLE-Quote,18/02/2026,0.224105
JPM,47896,QMLE-Quote,19/02/2026,0.215348
JPM,47896,QMLE-Quote,20/02/2026,0.244599
JPM,47896,QMLE-Quote,23/02/2026,0.240944
JPM,47896,QMLE-Quote,24/02/2026,0.266821
JPM,47896,QMLE-Quote,25/02/2026,0.189963
JPM,47896,QMLE-Quote,26/02/2026,0.219044
JPM,47896,QMLE-Quote,27/02/2026,0.286146
JPM,47896,QMLE-Quote,2/03/2026,0.273721
JPM,47896,QMLE-Quote,3/03/2026,0.314685
JPM,47896,QMLE-Quote,4/03/2026,0.23641
JPM,47896,QMLE-Quote,6/03/2026,0.261062
JPM,47896,QMLE-Quote,10/03/2026,0.245825
JPM,47896,QMLE-Quote,11/03/2026,0.249511
JPM,47896,QMLE-Quote,12/03/2026,0.257163
JPM,47896,QMLE-Quote,13/03/2026,0.247519
JPM,47896,QMLE-Quote,16/03/2026,0.201717
JPM,47896,QMLE-Quote,17/03/2026,0.204898
JPM,47896,QMLE-Quote,18/03/2026,0.211595
JPM,47896,QMLE-Quote,19/03/2026,0.259504
JPM,47896,QMLE-Quote,20/03/2026,0.259331
JPM,47896,QMLE-Quote,23/03/2026,0.276921
JPM,47896,QMLE-Quote,24/03/2026,0.260389
JPM,47896,QMLE-Quote,25/03/2026,0.193422
JPM,47896,QMLE-Quote,26/03/2026,0.184628
JPM,47896,QMLE-Quote,27/03/2026,0.233965
JPM,47896,QMLE-Quote,30/03/2026,0.211135
JPM,47896,QMLE-Quote,31/03/2026,0.270374
JPM,47896,QMLE-Quote,1/04/2026,0.248328
JPM,47896,QMLE-Quote,2/04/2026,0.239115
JPM,47896,QMLE-Quote,6/04/2026,0.180441
JPM,47896,QMLE-Quote,7/04/2026,0.199024
JPM,47896,QMLE-Quote,8/04/2026,0.24843
JPM,47896,QMLE-Quote,9/04/2026,0.159178
JPM,47896,QMLE-Quote,10/04/2026,0.145567
JPM,47896,QMLE-Quote,14/04/2026,0.265628
JPM,47896,QMLE-Quote,15/04/2026,0.23735
JPM,47896,QMLE-Quote,16/04/2026,0.169985
JPM,47896,QMLE-Quote,17/04/2026,0.210543
JPM,47896,QMLE-Quote,20/04/2026,0.175774
JPM,47896,QMLE-Quote,21/04/2026,0.172745
JPM,47896,QMLE-Quote,22/04/2026,0.138728
JPM,47896,QMLE-Quote,23/04/2026,0.176304
JPM,47896,QMLE-Quote,24/04/2026,0.147055
JPM,47896,QMLE-Quote,27/04/2026,0.139468
JPM,47896,QMLE-Quote,28/04/2026,0.158413
JPM,47896,QMLE-Quote,29/04/2026,0.178905
JPM,47896,QMLE-Quote,30/04/2026,0.147012
JPM,47896,QMLE-Quote,1/05/2026,0.165555
JPM,47896,QMLE-Quote,4/05/2026,0.185229
JPM,47896,QMLE-Quote,5/05/2026,0.158864
JPM,47896,QMLE-Quote,6/05/2026,0.172529
JPM,47896,QMLE-Quote,7/05/2026,0.193891
JPM,47896,QMLE-Quote,8/05/2026,0.20547
JPM,47896,QMLE-Quote,11/05/2026,0.178589
JPM,47896,QMLE-Quote,12/05/2026,0.205249
JPM,47896,QMLE-Quote,13/05/2026,0.156238
JPM,47896,QMLE-Quote,14/05/2026,0.178767
JPM,47896,QMLE-Quote,15/05/2026,0.156224
JPM,47896,QMLE-Quote,18/05/2026,0.180237
JPM,47896,QMLE-Quote,19/05/2026,0.209206
JPM,47896,QMLE-Quote,20/05/2026,0.207575
JPM,47896,QMLE-Quote,21/05/2026,0.185558
JPM,47896,QMLE-Quote,22/05/2026,0.146508
JPM,47896,QMLE-Quote,26/05/2026,0.174851
JPM,47896,QMLE-Quote,27/05/2026,0.315589
JPM,47896,QMLE-Quote,28/05/2026,0.200802
JPM,47896,QMLE-Quote,29/05/2026,0.173101
JPM,47896,QMLE-Quote,1/06/2026,0.18937
JPM,47896,QMLE-Quote,2/06/2026,0.198659
JPM,47896,QMLE-Quote,3/06/2026,0.190559
JPM,47896,QMLE-Quote,4/06/2026,0.197085
JPM,47896,QMLE-Quote,5/06/2026,0.205597
JPM,47896,QMLE-Quote,8/06/2026,0.220213
JPM,47896,QMLE-Quote,9/06/2026,0.226129
JPM,47896,QMLE-Quote,10/06/2026,0.226236
JPM,47896,QMLE-Quote,16/06/2026,0.186851
JPM,47896,QMLE-Quote,17/06/2026,0.231503
JPM,47896,QMLE-Quote,18/06/2026,0.216973
JPM,47896,QMLE-Quote,22/06/2026,0.201656
JPM,47896,QMLE-Quote,23/06/2026,0.199459
JPM,47896,QMLE-Quote,24/06/2026,0.180292
JPM,47896,QMLE-Quote,25/06/2026,0.185312
JPM,47896,QMLE-Quote,26/06/2026,0.248912
JPM,47896,QMLE-Quote,29/06/2026,0.201855
JPM,47896,QMLE-Quote,30/06/2026,0.188611
JPM,47896,QMLE-Quote,1/07/2026,0.207642
JPM,47896,QMLE-Quote,2/07/2026,0.201633
JPM,47896,QMLE-Quote,6/07/2026,0.203855
JPM,47896,QMLE-Quote,7/07/2026,0.16848
JPM,47896,QMLE-Quote,8/07/2026,0.206929
JPM,47896,QMLE-Quote,9/07/2026,0.154435
JPM,47896,QMLE-Quote,10/07/2026,0.160152
JPM,47896,QMLE-Quote,13/07/2026,0.191337
JPM,47896,QMLE-Quote,14/07/2026,0.37522
JPM,47896,QMLE-Quote,15/07/2026,0.291765
JPM,47896,QMLE-Quote,16/07/2026,0.243322
JPM,47896,QMLE-Quote,17/07/2026,0.233768
JPM,47896,QMLE-Quote,20/07/2026,0.193674
JPM,47896,QMLE-Quote,21/07/2026,0.206408
JPM,47896,QMLE-Quote,22/07/2026,0.175002
JPM,47896,QMLE-Quote,23/07/2026,0.198497
JPM,47896,QMLE-Quote,24/07/2026,0.176036
JPM,47896,QMLE-Quote,27/07/2026,0.184194
JPM,47896,QMLE-Quote,28/07/2026,0.19248
